Device_id,kernel_name,kernel_type,stream_id,task_id,task_time(us),task_start(us),task_stop(us)
0,N/A,PROFILING_ENABLE,48,10,0.020,1790766284338054.260	,1790766284338054.280	
0,N/A,EVENT_RECORD,45,167,0.020,1790766284347238.664	,1790766284347238.684	
0,N/A,EVENT_RECORD,45,168,0.000,1790766284347240.864	,1790766284347240.864	
0,N/A,EVENT_RECORD,45,169,0.020,1790766284347242.964	,1790766284347242.984	
0,N/A,MEMCPY_ASYNC,47,2907,2.420,1790766284350290.205	,1790766284350292.625	
0,N/A,MEMCPY_ASYNC,47,2908,2.500,1790766284350347.466	,1790766284350349.966	
0,N/A,MEMCPY_ASYNC,47,2909,2.380,1790766284350448.368	,1790766284350450.748	
0,N/A,MEMCPY_ASYNC,47,2910,2.260,1790766284350515.449	,1790766284350517.709	
0,N/A,MEMCPY_ASYNC,47,2911,2.480,1790766284350635.452	,1790766284350637.932	
0,N/A,MEMCPY_ASYNC,47,2912,2.500,1790766284351026.280	,1790766284351028.780	
0,N/A,MEMCPY_ASYNC,47,2913,2.340,1790766284351074.361	,1790766284351076.701	
0,Fill_1fbc7ee619b707282bbfd034093621df_high_performance_223000000,AI_VECTOR_CORE,47,2914,1.600,1790766284351340.666	,1790766284351342.266	
0,N/A,MEMCPY_ASYNC,47,2915,2.540,1790766284351385.427	,1790766284351387.967	
0,N/A,MEMCPY_ASYNC,47,2916,2.440,1790766284351688.593	,1790766284351691.033	
0,Fill_1fbc7ee619b707282bbfd034093621df_high_performance_223000000,AI_VECTOR_CORE,47,2917,1.860,1790766284351757.754	,1790766284351759.614	
0,N/A,MEMCPY_ASYNC,47,2918,2.360,1790766284351808.435	,1790766284351810.795	
0,N/A,MEMCPY_ASYNC,47,2919,2.460,1790766284351913.537	,1790766284351915.997	
0,N/A,MEMCPY_ASYNC,47,2920,2.760,1790766284352006.619	,1790766284352009.379	
0,N/A,MEMCPY_ASYNC,47,2921,2.400,1790766284352097.221	,1790766284352099.621	
0,IndexCheck_int64_high_performance_0,AI_VECTOR_CORE,47,2922,10.060,1790766284352255.804	,1790766284352265.864	
0,Index_f34e8f0e5e2c96109aa0460550023804_high_performance__kernel0,AI_VECTOR_CORE,47,2923,8.280,1790766284352265.884	,1790766284352274.165	
0,Cast_e87590d11ccda8b259ab6b1ea7212319_high_performance_210000000,AI_VECTOR_CORE,47,2924,1.140,1790766284352365.506	,1790766284352366.646	
0,Add_41dadce325b0f810d03359af2a38990b_high_performance_210000000,AI_VECTOR_CORE,47,2925,2.340,1790766284352466.328	,1790766284352468.668	
0,N/A,MEMCPY_ASYNC,47,2926,0.520,1790766284352612.551	,1790766284352613.071	
0,Add_9342884c99c006e21fc9d5d9260b8bef_high_performance_210000000,AI_VECTOR_CORE,47,2927,1.420,1790766284352696.833	,1790766284352698.253	
0,N/A,MEMCPY_ASYNC,47,2928,0.600,1790766284352773.915	,1790766284352774.515	
0,Fill_1fbc7ee619b707282bbfd034093621df_high_performance_223000000,AI_VECTOR_CORE,47,2929,1.620,1790766284352829.516	,1790766284352831.136	
0,_compute_slot_mapping_fused_groups_kernel,AI_VECTOR_CORE,47,2930,22.000,1790766284353310.465	,1790766284353332.466	
0,Sub_9342884c99c006e21fc9d5d9260b8bef_high_performance_210000000,AI_VECTOR_CORE,47,2931,1.500,1790766284353482.789	,1790766284353484.289	
0,Cast_e87590d11ccda8b259ab6b1ea7212319_high_performance_210000000,AI_VECTOR_CORE,47,2932,1.300,1790766284354638.532	,1790766284354639.832	
0,FloorDiv_41dadce325b0f810d03359af2a38990b_high_performance_223000000,AI_VECTOR_CORE,47,2933,3.500,1790766284354640.412	,1790766284354643.912	
0,Cast_39a266ce9a8d7d9ead33f6686e936b72_high_performance_210000000,AI_VECTOR_CORE,47,2934,1.260,1790766284354643.932	,1790766284354645.192	
0,N/A,MEMCPY_ASYNC,47,2935,0.500,1790766284354795.775	,1790766284354796.275	
0,Cast_e87590d11ccda8b259ab6b1ea7212319_high_performance_210000000,AI_VECTOR_CORE,47,2936,1.140,1790766284354892.977	,1790766284354894.117	
0,GreaterEqual_1ea4da630f56dc1c2d6e7c9a9dd17b11_high_performance_223000000,AI_VECTOR_CORE,47,2937,2.980,1790766284354894.817	,1790766284354897.797	
0,Add_41dadce325b0f810d03359af2a38990b_high_performance_223000000,AI_VECTOR_CORE,47,2938,3.120,1790766284354938.638	,1790766284354941.758	
0,BroadcastTo_41dadce325b0f810d03359af2a38990b_high_performance_232000000,AI_VECTOR_CORE,47,2939,1.900,1790766284355048.000	,1790766284355049.900	
0,FloorMod_41dadce325b0f810d03359af2a38990b_high_precision_210000000,AI_VECTOR_CORE,47,2940,4.120,1790766284355049.920	,1790766284355054.040	
0,Equal_1ea4da630f56dc1c2d6e7c9a9dd17b11_high_performance_223000000,AI_VECTOR_CORE,47,2941,2.440,1790766284355090.601	,1790766284355093.041	
0,LogicalAnd_91d2a3cdd75d915a368582ec5f440af1_high_performance_210000000,AI_VECTOR_CORE,47,2942,1.700,1790766284355232.544	,1790766284355234.244	
0,ClipByValueV2_3bc53d14ff7dfecd0ed0c69136ab471a_high_performance_220000000,AI_VECTOR_CORE,47,2943,2.800,1790766284355244.244	,1790766284355247.044	
0,Cast_e87590d11ccda8b259ab6b1ea7212319_high_performance_210000000,AI_VECTOR_CORE,47,2944,1.160,1790766284355324.265	,1790766284355325.425	
0,FloorDiv_41dadce325b0f810d03359af2a38990b_high_performance_223000000,AI_VECTOR_CORE,47,2945,3.920,1790766284355326.066	,1790766284355329.986	
0,Cast_39a266ce9a8d7d9ead33f6686e936b72_high_performance_210000000,AI_VECTOR_CORE,47,2946,1.180,1790766284355340.266	,1790766284355341.446	
0,BroadcastTo_c71434db8135ff9089d65053721e3417_high_performance_232000000,AI_VECTOR_CORE,47,2947,1.440,1790766284355358.806	,1790766284355360.246	
0,FloorMod_9342884c99c006e21fc9d5d9260b8bef_high_precision_210000000,AI_VECTOR_CORE,47,2948,3.480,1790766284355360.866	,1790766284355364.346	
0,Mul_9342884c99c006e21fc9d5d9260b8bef_high_performance_223000000,AI_VECTOR_CORE,47,2949,1.480,1790766284355424.967	,1790766284355426.448	
0,Cast_e87590d11ccda8b259ab6b1ea7212319_high_performance_210000000,AI_VECTOR_CORE,47,2950,1.260,1790766284355472.848	,1790766284355474.108	
0,FloorDiv_41dadce325b0f810d03359af2a38990b_high_performance_223000000,AI_VECTOR_CORE,47,2951,3.840,1790766284355484.509	,1790766284355488.349	
0,Cast_39a266ce9a8d7d9ead33f6686e936b72_high_performance_210000000,AI_VECTOR_CORE,47,2952,1.140,1790766284355488.369	,1790766284355489.509	
0,Add_9342884c99c006e21fc9d5d9260b8bef_high_performance_210000000,AI_VECTOR_CORE,47,2953,1.280,1790766284355502.229	,1790766284355503.509	
0,Fill_1fbc7ee619b707282bbfd034093621df_high_performance_223000000,AI_VECTOR_CORE,47,2954,1.320,1790766284355581.531	,1790766284355582.851	
0,SelectV2_9bb0969ab50036eba4428cd9974a5c0b_high_performance_210000000,AI_VECTOR_CORE,47,2955,2.160,1790766284355626.312	,1790766284355628.472	
0,Cast_e87590d11ccda8b259ab6b1ea7212319_high_performance_210000000,AI_VECTOR_CORE,47,2956,1.240,1790766284355657.512	,1790766284355658.752	
0,Cast_e87590d11ccda8b259ab6b1ea7212319_high_performance_210000000,AI_VECTOR_CORE,47,2957,1.220,1790766284355760.874	,1790766284355762.094	
0,FloorDiv_41dadce325b0f810d03359af2a38990b_high_performance_210000000,AI_VECTOR_CORE,47,2958,2.420,1790766284355762.914	,1790766284355765.334	
0,Cast_39a266ce9a8d7d9ead33f6686e936b72_high_performance_210000000,AI_VECTOR_CORE,47,2959,1.420,1790766284355776.715	,1790766284355778.135	
0,N/A,MEMCPY_ASYNC,47,2960,0.560,1790766284355897.357	,1790766284355897.917	
0,N/A,MEMCPY_ASYNC,47,2961,0.620,1790766284355975.818	,1790766284355976.438	
0,Sub_9342884c99c006e21fc9d5d9260b8bef_high_performance_210000000,AI_VECTOR_CORE,47,2962,1.440,1790766284359465.848	,1790766284359467.288	
0,Sub_9342884c99c006e21fc9d5d9260b8bef_high_performance_210000000,AI_VECTOR_CORE,47,2963,1.380,1790766284359467.928	,1790766284359469.308	
0,Cast_e87590d11ccda8b259ab6b1ea7212319_high_performance_210000000,AI_VECTOR_CORE,47,2964,1.260,1790766284359512.129	,1790766284359513.389	
0,Greater_1ea4da630f56dc1c2d6e7c9a9dd17b11_high_performance_210000000,AI_VECTOR_CORE,47,2965,3.200,1790766284359521.149	,1790766284359524.349	
0,Sub_9342884c99c006e21fc9d5d9260b8bef_high_performance_210000000,AI_VECTOR_CORE,47,2966,1.240,1790766284362590.751	,1790766284362591.991	
0,Sub_9342884c99c006e21fc9d5d9260b8bef_high_performance_210000000,AI_VECTOR_CORE,47,2967,1.220,1790766284362593.111	,1790766284362594.331	
0,Cast_e87590d11ccda8b259ab6b1ea7212319_high_performance_210000000,AI_VECTOR_CORE,47,2968,1.100,1790766284362673.472	,1790766284362674.572	
0,Greater_1ea4da630f56dc1c2d6e7c9a9dd17b11_high_performance_210000000,AI_VECTOR_CORE,47,2969,2.300,1790766284362675.792	,1790766284362678.092	
0,Sub_9342884c99c006e21fc9d5d9260b8bef_high_performance_210000000,AI_VECTOR_CORE,47,2970,1.240,1790766284365801.295	,1790766284365802.535	
0,Sub_9342884c99c006e21fc9d5d9260b8bef_high_performance_210000000,AI_VECTOR_CORE,47,2971,1.280,1790766284365869.676	,1790766284365870.956	
0,Cast_e87590d11ccda8b259ab6b1ea7212319_high_performance_210000000,AI_VECTOR_CORE,47,2972,1.320,1790766284365915.557	,1790766284365916.877	
0,Greater_1ea4da630f56dc1c2d6e7c9a9dd17b11_high_performance_210000000,AI_VECTOR_CORE,47,2973,2.620,1790766284365917.757	,1790766284365920.377	
0,N/A,EVENT_RECORD,47,2974,0.020,1790766284366294.985	,1790766284366295.005	
0,Fill_279daeaf6b659300647aba3935d90048_high_performance_210000000,AI_VECTOR_CORE,47,2975,1.520,1790766284366798.795	,1790766284366800.315	
0,Cast_a9b7af94359fc7c19da07ad0790f065c_high_performance_210000000,AI_VECTOR_CORE,47,2976,1.460,1790766284366863.536	,1790766284366864.996	
0,BroadcastTo_c71434db8135ff9089d65053721e3417_high_performance_232000000,AI_VECTOR_CORE,47,2977,1.520,1790766284366865.016	,1790766284366866.536	
0,Cast_9fc020fd54590bb5fe6cf6eabcf7b473_high_performance_210000000,AI_VECTOR_CORE,47,2978,1.400,1790766284366880.836	,1790766284366882.236	
0,Fill_279daeaf6b659300647aba3935d90048_high_performance_210000000,AI_VECTOR_CORE,47,2979,1.220,1790766284366925.177	,1790766284366926.397	
0,Cast_e87590d11ccda8b259ab6b1ea7212319_high_performance_210000000,AI_VECTOR_CORE,47,2980,1.260,1790766284367208.943	,1790766284367210.203	
0,GatherV2_7869a97190b9b4d296d9414a005b954b_high_precision_900015010,AI_VECTOR_CORE,47,2981,10.180,1790766284367299.285	,1790766284367309.465	
0,BroadcastTo_7e5992d3033ef32a3463c5d198e518a1_high_performance_212100002,AI_VECTOR_CORE,47,2982,9.660,1790766284367460.248	,1790766284367469.908	
0,HcPre_6c9f0fa710253eff38b1c0e6be6a67be_0,MIX_AIC,47,2983,64.281,1790766284367718.093	,1790766284367782.374	
0,RmsNorm_normal_all_bf16_high_performance_0,AI_VECTOR_CORE,47,2984,11.680,1790766284367829.635	,1790766284367841.316	
0,MatMulV2_ND_ND_FP16_FP16_false_true_all_16876241,AI_CORE,47,2985,214.404,1790766284368087.040	,1790766284368301.445	
0,Slice_ee29dafe4fe21e12bb8d56ae91626cba_high_performance_524000000,AI_VECTOR_CORE,47,2986,3.200,1790766284368376.826	,1790766284368380.026	
0,MatMulV2_ND_ND_FP16_FP16_false_true_all_98849,AI_CORE,47,2987,11.820,1790766284368380.046	,1790766284368391.867	
0,Slice_ee29dafe4fe21e12bb8d56ae91626cba_high_performance_524000000,AI_VECTOR_CORE,47,2988,2.600,1790766284368586.410	,1790766284368589.010	
0,MatMulV2_ND_ND_FP16_FP16_false_true_all_98849,AI_CORE,47,2989,9.100,1790766284368589.030	,1790766284368598.131	
0,ZerosLike_1c4543fdfe7149b6b0717bd88f061562_high_performance_210010000,AI_VECTOR_CORE,47,2990,9.220,1790766284368826.935	,1790766284368836.155	
0,_copy_conv_state_kernel,AI_VECTOR_CORE,47,2991,8.220,1790766284369253.664	,1790766284369261.884	
0,Slice_ee29dafe4fe21e12bb8d56ae91626cba_high_performance_524000000,AI_VECTOR_CORE,47,2992,6.740,1790766284369782.234	,1790766284369788.974	
0,CausalConv1d_b0123b7fae3057c534dbb03661977c42_22,MIX_AIC,47,2993,51.201,1790766284369828.555	,1790766284369879.756	
0,_copy_conv_state_kernel,AI_VECTOR_CORE,47,2994,7.420,1790766284369993.059	,1790766284370000.479	
0,ZerosLike_1c4543fdfe7149b6b0717bd88f061562_high_performance_210010000,AI_VECTOR_CORE,47,2995,8.080,1790766284370134.261	,1790766284370142.342	
0,_gather_initial_states_kernel,AI_VECTOR_CORE,47,2996,8.640,1790766284370615.531	,1790766284370624.171	
0,Slice_ee29dafe4fe21e12bb8d56ae91626cba_high_performance_524000000,AI_VECTOR_CORE,47,2997,2.800,1790766284370711.013	,1790766284370713.813	
0,Cast_b2717900ea7de2d41ea9c63d23aa269b_high_performance_210000000,AI_VECTOR_CORE,47,2998,2.600,1790766284370713.833	,1790766284370716.433	
0,Sigmoid_5c5e58e043224cccf51a06108010ae13_high_precision_210000000,AI_VECTOR_CORE,47,2999,2.680,1790766284370742.654	,1790766284370745.334	
0,Slice_ee29dafe4fe21e12bb8d56ae91626cba_high_performance_524000000,AI_VECTOR_CORE,47,3000,6.160,1790766284370805.955	,1790766284370812.115	
0,l2norm_fwd_kernel2,AI_VECTOR_CORE,47,3001,11.620,1790766284371090.320	,1790766284371101.941	
0,Slice_ee29dafe4fe21e12bb8d56ae91626cba_high_performance_524000000,AI_VECTOR_CORE,47,3002,5.680,1790766284371204.623	,1790766284371210.303	
0,l2norm_fwd_kernel2,AI_VECTOR_CORE,47,3003,6.840,1790766284371462.628	,1790766284371469.468	
0,Slice_ee29dafe4fe21e12bb8d56ae91626cba_high_performance_524000000,AI_VECTOR_CORE,47,3004,5.240,1790766284371573.710	,1790766284371578.950	
0,Transpose_9a632dc5b6be9e1b4215e3cf2b1aff0d_high_performance_11,AI_VECTOR_CORE,47,3005,11.820,1790766284371840.215	,1790766284371852.036	
0,Transpose_9a632dc5b6be9e1b4215e3cf2b1aff0d_high_performance_13,AI_VECTOR_CORE,47,3006,15.020,1790766284371852.056	,1790766284371867.076	
0,ChunkKdaFwd_5e864108d5688e456abb78f238c67b16_2,MIX_AIC,47,3007,399.948,1790766284371868.296	,1790766284372268.244	
0,Transpose_9a632dc5b6be9e1b4215e3cf2b1aff0d_high_performance_13,AI_VECTOR_CORE,47,3008,14.260,1790766284372269.384	,1790766284372283.644	
0,ScatterNdUpdate_float32_int32_high_precision_11,MIX_AIV,47,3009,53.021,1790766284372284.944	,1790766284372337.965	
0,TensorMove_d2db1a80c523e7e59a032c95969880af_high_performance__kernel0,AI_VECTOR_CORE,47,3010,7.960,1790766284372339.245	,1790766284372347.206	
0,layer_norm_gated_fwd_kernel,AI_VECTOR_CORE,47,3011,17.940,1790766284372657.732	,1790766284372675.672	
0,MatMulV2_ND_ND_FP16_FP16_false_true_all_99025,AI_CORE,47,3012,82.281,1790766284372868.216	,1790766284372950.498	
0,HcPost_d2fe6614722b27afa6f8d964c215447e_0,AI_VECTOR_CORE,47,3013,24.420,1790766284373139.501	,1790766284373163.922	
0,HcPre_6c9f0fa710253eff38b1c0e6be6a67be_0,MIX_AIC,47,3014,63.421,1790766284373304.385	,1790766284373367.806	
0,RmsNorm_normal_all_bf16_high_performance_0,AI_VECTOR_CORE,47,3015,11.400,1790766284373418.067	,1790766284373429.467	
0,MatMulV2_ND_ND_FP16_FP16_false_true_all_16876241,AI_CORE,47,3016,308.446,1790766284373671.332	,1790766284373979.778	
0,Slice_ee29dafe4fe21e12bb8d56ae91626cba_high_performance_524000000,AI_VECTOR_CORE,47,3017,6.800,1790766284373979.798	,1790766284373986.598	
0,ClipByValueV2_e87c9546cf2804355cf0d9445a2db01a_high_performance_220010000,AI_VECTOR_CORE,47,3018,34.860,1790766284373986.638	,1790766284374021.499	
0,Slice_ee29dafe4fe21e12bb8d56ae91626cba_high_performance_524000000,AI_VECTOR_CORE,47,3019,5.800,1790766284374021.519	,1790766284374027.319	
0,ClipByValueV2_e87c9546cf2804355cf0d9445a2db01a_high_performance_220010000,AI_VECTOR_CORE,47,3020,28.120,1790766284374027.339	,1790766284374055.460	
0,Muls_299cf4d7f9ef0f745d89d88c666b45aa_high_performance_210010000,AI_VECTOR_CORE,47,3021,9.200,1790766284374055.480	,1790766284374064.680	
0,Sigmoid_1c4543fdfe7149b6b0717bd88f061562_high_precision_210010000,AI_VECTOR_CORE,47,3022,10.920,1790766284374069.840	,1790766284374080.760	
0,Mul_ce3d1ff8ba23a0bcb292da3577c1625d_high_performance_210020000,AI_VECTOR_CORE,47,3023,12.640,1790766284374112.801	,1790766284374125.441	
0,Add_ce3d1ff8ba23a0bcb292da3577c1625d_high_performance_223010000,AI_VECTOR_CORE,47,3024,10.540,1790766284374175.062	,1790766284374185.602	
0,Mul_ce3d1ff8ba23a0bcb292da3577c1625d_high_performance_210020000,AI_VECTOR_CORE,47,3025,6.260,1790766284374205.263	,1790766284374211.523	
0,MatMulV2_ND_ND_FP16_FP16_false_true_all_99025,AI_CORE,47,3026,116.682,1790766284374373.506	,1790766284374490.188	
0,HcPost_d2fe6614722b27afa6f8d964c215447e_0,AI_VECTOR_CORE,47,3027,23.060,1790766284374608.191	,1790766284374631.251	
0,HcPre_6c9f0fa710253eff38b1c0e6be6a67be_0,MIX_AIC,47,3028,62.341,1790766284374775.134	,1790766284374837.475	
0,RmsNorm_normal_all_bf16_high_performance_0,AI_VECTOR_CORE,47,3029,11.280,1790766284374883.996	,1790766284374895.276	
0,MatMulV2_ND_ND_FP16_FP16_false_true_all_16876241,AI_CORE,47,3030,238.284,1790766284375058.180	,1790766284375296.465	
0,Slice_ee29dafe4fe21e12bb8d56ae91626cba_high_performance_524000000,AI_VECTOR_CORE,47,3031,3.160,1790766284375296.485	,1790766284375299.645	
0,MatMulV2_ND_ND_FP16_FP16_false_true_all_98849,AI_CORE,47,3032,12.080,1790766284375299.665	,1790766284375311.745	
0,Slice_ee29dafe4fe21e12bb8d56ae91626cba_high_performance_524000000,AI_VECTOR_CORE,47,3033,2.680,1790766284375453.488	,1790766284375456.168	
0,MatMulV2_ND_ND_FP16_FP16_false_true_all_98849,AI_CORE,47,3034,9.700,1790766284375456.188	,1790766284375465.888	
0,ZerosLike_1c4543fdfe7149b6b0717bd88f061562_high_performance_210010000,AI_VECTOR_CORE,47,3035,8.980,1790766284375652.252	,1790766284375661.232	
0,_copy_conv_state_kernel,AI_VECTOR_CORE,47,3036,8.420,1790766284375989.398	,1790766284375997.819	
0,Slice_ee29dafe4fe21e12bb8d56ae91626cba_high_performance_524000000,AI_VECTOR_CORE,47,3037,6.840,1790766284376555.830	,1790766284376562.670	
0,CausalConv1d_b0123b7fae3057c534dbb03661977c42_22,MIX_AIC,47,3038,54.921,1790766284376595.330	,1790766284376650.252	
0,_copy_conv_state_kernel,AI_VECTOR_CORE,47,3039,7.360,1790766284376784.934	,1790766284376792.294	
0,ZerosLike_1c4543fdfe7149b6b0717bd88f061562_high_performance_210010000,AI_VECTOR_CORE,47,3040,8.120,1790766284376945.617	,1790766284376953.738	
0,_gather_initial_states_kernel,AI_VECTOR_CORE,47,3041,12.960,1790766284377385.486	,1790766284377398.447	
0,Slice_ee29dafe4fe21e12bb8d56ae91626cba_high_performance_524000000,AI_VECTOR_CORE,47,3042,2.700,1790766284377489.988	,1790766284377492.688	
0,Cast_b2717900ea7de2d41ea9c63d23aa269b_high_performance_210000000,AI_VECTOR_CORE,47,3043,2.720,1790766284377492.708	,1790766284377495.428	
0,Sigmoid_5c5e58e043224cccf51a06108010ae13_high_precision_210000000,AI_VECTOR_CORE,47,3044,2.700,1790766284377520.369	,1790766284377523.069	
0,Slice_ee29dafe4fe21e12bb8d56ae91626cba_high_performance_524000000,AI_VECTOR_CORE,47,3045,5.400,1790766284377581.990	,1790766284377587.390	
0,l2norm_fwd_kernel2,AI_VECTOR_CORE,47,3046,11.740,1790766284377859.196	,1790766284377870.936	
0,Slice_ee29dafe4fe21e12bb8d56ae91626cba_high_performance_524000000,AI_VECTOR_CORE,47,3047,5.480,1790766284377975.318	,1790766284377980.798	
0,l2norm_fwd_kernel2,AI_VECTOR_CORE,47,3048,6.660,1790766284378230.043	,1790766284378236.703	
0,Slice_ee29dafe4fe21e12bb8d56ae91626cba_high_performance_524000000,AI_VECTOR_CORE,47,3049,4.860,1790766284378345.305	,1790766284378350.166	
0,Transpose_9a632dc5b6be9e1b4215e3cf2b1aff0d_high_performance_11,AI_VECTOR_CORE,47,3050,11.080,1790766284378588.070	,1790766284378599.150	
0,Transpose_9a632dc5b6be9e1b4215e3cf2b1aff0d_high_performance_13,AI_VECTOR_CORE,47,3051,14.480,1790766284378599.170	,1790766284378613.651	
0,ChunkKdaFwd_5e864108d5688e456abb78f238c67b16_2,MIX_AIC,47,3052,405.048,1790766284378614.691	,1790766284379019.739	
0,Transpose_9a632dc5b6be9e1b4215e3cf2b1aff0d_high_performance_13,AI_VECTOR_CORE,47,3053,14.280,1790766284379020.679	,1790766284379034.959	
0,ScatterNdUpdate_float32_int32_high_precision_11,MIX_AIV,47,3054,53.541,1790766284379036.219	,1790766284379089.760	
0,TensorMove_d2db1a80c523e7e59a032c95969880af_high_performance__kernel0,AI_VECTOR_CORE,47,3055,7.840,1790766284379090.620	,1790766284379098.460	
0,layer_norm_gated_fwd_kernel,AI_VECTOR_CORE,47,3056,18.200,1790766284379285.884	,1790766284379304.085	
0,MatMulV2_ND_ND_FP16_FP16_false_true_all_99025,AI_CORE,47,3057,79.581,1790766284379537.669	,1790766284379617.251	
0,HcPost_d2fe6614722b27afa6f8d964c215447e_0,AI_VECTOR_CORE,47,3058,23.660,1790766284379764.714	,1790766284379788.374	
0,HcPre_6c9f0fa710253eff38b1c0e6be6a67be_0,MIX_AIC,47,3059,65.041,1790766284379931.237	,1790766284379996.278	
0,RmsNorm_normal_all_bf16_high_performance_0,AI_VECTOR_CORE,47,3060,11.620,1790766284380041.599	,1790766284380053.220	
0,MatMulV2_ND_ND_FP16_FP16_false_true_all_16876241,AI_CORE,47,3061,310.846,1790766284380245.263	,1790766284380556.110	
0,Slice_ee29dafe4fe21e12bb8d56ae91626cba_high_performance_524000000,AI_VECTOR_CORE,47,3062,6.760,1790766284380556.130	,1790766284380562.890	
0,ClipByValueV2_e87c9546cf2804355cf0d9445a2db01a_high_performance_220010000,AI_VECTOR_CORE,47,3063,36.940,1790766284380562.910	,1790766284380599.850	
0,Slice_ee29dafe4fe21e12bb8d56ae91626cba_high_performance_524000000,AI_VECTOR_CORE,47,3064,6.080,1790766284380599.870	,1790766284380605.951	
0,ClipByValueV2_e87c9546cf2804355cf0d9445a2db01a_high_performance_220010000,AI_VECTOR_CORE,47,3065,32.360,1790766284380605.991	,1790766284380638.351	
0,Muls_299cf4d7f9ef0f745d89d88c666b45aa_high_performance_210010000,AI_VECTOR_CORE,47,3066,9.020,1790766284380638.391	,1790766284380647.411	
0,Sigmoid_1c4543fdfe7149b6b0717bd88f061562_high_precision_210010000,AI_VECTOR_CORE,47,3067,11.180,1790766284380647.451	,1790766284380658.632	
0,Mul_ce3d1ff8ba23a0bcb292da3577c1625d_high_performance_210020000,AI_VECTOR_CORE,47,3068,12.560,1790766284380658.652	,1790766284380671.212	
0,Add_ce3d1ff8ba23a0bcb292da3577c1625d_high_performance_223010000,AI_VECTOR_CORE,47,3069,10.620,1790766284380683.792	,1790766284380694.412	
0,Mul_ce3d1ff8ba23a0bcb292da3577c1625d_high_performance_210020000,AI_VECTOR_CORE,47,3070,6.500,1790766284380725.773	,1790766284380732.273	
0,MatMulV2_ND_ND_FP16_FP16_false_true_all_99025,AI_CORE,47,3071,118.862,1790766284380951.738	,1790766284381070.600	
0,HcPost_d2fe6614722b27afa6f8d964c215447e_0,AI_VECTOR_CORE,47,3072,23.160,1790766284381231.783	,1790766284381254.944	
0,HcPre_6c9f0fa710253eff38b1c0e6be6a67be_0,MIX_AIC,47,3073,66.581,1790766284381386.326	,1790766284381452.908	
0,RmsNorm_normal_all_bf16_high_performance_0,AI_VECTOR_CORE,47,3074,11.700,1790766284381495.488	,1790766284381507.189	
0,MatMulV2_ND_ND_FP16_FP16_false_true_all_16876241,AI_CORE,47,3075,236.064,1790766284381668.652	,1790766284381904.717	
0,Slice_ee29dafe4fe21e12bb8d56ae91626cba_high_performance_524000000,AI_VECTOR_CORE,47,3076,3.200,1790766284381904.737	,1790766284381907.937	
0,MatMulV2_ND_ND_FP16_FP16_false_true_all_98849,AI_CORE,47,3077,12.040,1790766284381907.957	,1790766284381919.997	
0,Slice_ee29dafe4fe21e12bb8d56ae91626cba_high_performance_524000000,AI_VECTOR_CORE,47,3078,2.540,1790766284382065.540	,1790766284382068.080	
0,MatMulV2_ND_ND_FP16_FP16_false_true_all_98849,AI_CORE,47,3079,9.300,1790766284382068.120	,1790766284382077.420	
0,ZerosLike_1c4543fdfe7149b6b0717bd88f061562_high_performance_210010000,AI_VECTOR_CORE,47,3080,8.980,1790766284382261.844	,1790766284382270.824	
0,_copy_conv_state_kernel,AI_VECTOR_CORE,47,3081,8.000,1790766284382605.351	,1790766284382613.351	
0,Slice_ee29dafe4fe21e12bb8d56ae91626cba_high_performance_524000000,AI_VECTOR_CORE,47,3082,6.780,1790766284383445.547	,1790766284383452.327	
0,CausalConv1d_b0123b7fae3057c534dbb03661977c42_22,MIX_AIC,47,3083,51.541,1790766284383462.108	,1790766284383513.649	
0,_copy_conv_state_kernel,AI_VECTOR_CORE,47,3084,7.400,1790766284383788.774	,1790766284383796.174	
0,ZerosLike_1c4543fdfe7149b6b0717bd88f061562_high_performance_210010000,AI_VECTOR_CORE,47,3085,8.240,1790766284383957.258	,1790766284383965.498	
0,_gather_initial_states_kernel,AI_VECTOR_CORE,47,3086,8.820,1790766284384454.727	,1790766284384463.548	
0,Slice_ee29dafe4fe21e12bb8d56ae91626cba_high_performance_524000000,AI_VECTOR_CORE,47,3087,2.600,1790766284384586.190	,1790766284384588.790	
0,Cast_b2717900ea7de2d41ea9c63d23aa269b_high_performance_210000000,AI_VECTOR_CORE,47,3088,2.680,1790766284384588.810	,1790766284384591.490	
0,Sigmoid_5c5e58e043224cccf51a06108010ae13_high_precision_210000000,AI_VECTOR_CORE,47,3089,2.700,1790766284384607.771	,1790766284384610.471	
0,Slice_ee29dafe4fe21e12bb8d56ae91626cba_high_performance_524000000,AI_VECTOR_CORE,47,3090,6.200,1790766284384673.732	,1790766284384679.932	
0,l2norm_fwd_kernel2,AI_VECTOR_CORE,47,3091,11.880,1790766284385004.598	,1790766284385016.479	
0,Slice_ee29dafe4fe21e12bb8d56ae91626cba_high_performance_524000000,AI_VECTOR_CORE,47,3092,5.120,1790766284385105.220	,1790766284385110.341	
0,l2norm_fwd_kernel2,AI_VECTOR_CORE,47,3093,6.740,1790766284385384.446	,1790766284385391.186	
0,Slice_ee29dafe4fe21e12bb8d56ae91626cba_high_performance_524000000,AI_VECTOR_CORE,47,3094,5.580,1790766284385487.928	,1790766284385493.508	
0,Transpose_9a632dc5b6be9e1b4215e3cf2b1aff0d_high_performance_11,AI_VECTOR_CORE,47,3095,12.780,1790766284385754.953	,1790766284385767.734	
0,Transpose_9a632dc5b6be9e1b4215e3cf2b1aff0d_high_performance_13,AI_VECTOR_CORE,47,3096,14.380,1790766284385767.754	,1790766284385782.134	
0,ChunkKdaFwd_5e864108d5688e456abb78f238c67b16_2,MIX_AIC,47,3097,399.847,1790766284385783.534	,1790766284386183.382	
0,Transpose_9a632dc5b6be9e1b4215e3cf2b1aff0d_high_performance_13,AI_VECTOR_CORE,47,3098,14.520,1790766284386184.682	,1790766284386199.202	
0,ScatterNdUpdate_float32_int32_high_precision_11,MIX_AIV,47,3099,54.421,1790766284386200.222	,1790766284386254.643	
0,TensorMove_d2db1a80c523e7e59a032c95969880af_high_performance__kernel0,AI_VECTOR_CORE,47,3100,7.880,1790766284386255.743	,1790766284386263.624	
0,layer_norm_gated_fwd_kernel,AI_VECTOR_CORE,47,3101,17.220,1790766284386499.868	,1790766284386517.089	
0,MatMulV2_ND_ND_FP16_FP16_false_true_all_99025,AI_CORE,47,3102,85.261,1790766284386761.334	,1790766284386846.595	
0,HcPost_d2fe6614722b27afa6f8d964c215447e_0,AI_VECTOR_CORE,47,3103,24.000,1790766284387004.078	,1790766284387028.079	
0,HcPre_6c9f0fa710253eff38b1c0e6be6a67be_0,MIX_AIC,47,3104,62.701,1790766284387172.882	,1790766284387235.583	
0,RmsNorm_normal_all_bf16_high_performance_0,AI_VECTOR_CORE,47,3105,11.240,1790766284387290.004	,1790766284387301.244	
0,MatMulV2_ND_ND_FP16_FP16_false_true_all_16876241,AI_CORE,47,3106,307.806,1790766284387504.548	,1790766284387812.355	
0,Slice_ee29dafe4fe21e12bb8d56ae91626cba_high_performance_524000000,AI_VECTOR_CORE,47,3107,6.760,1790766284387812.375	,1790766284387819.135	
0,ClipByValueV2_e87c9546cf2804355cf0d9445a2db01a_high_performance_220010000,AI_VECTOR_CORE,47,3108,30.260,1790766284387819.175	,1790766284387849.435	
0,Slice_ee29dafe4fe21e12bb8d56ae91626cba_high_performance_524000000,AI_VECTOR_CORE,47,3109,5.200,1790766284387849.455	,1790766284387854.655	
0,ClipByValueV2_e87c9546cf2804355cf0d9445a2db01a_high_performance_220010000,AI_VECTOR_CORE,47,3110,31.980,1790766284387854.675	,1790766284387886.656	
0,Muls_299cf4d7f9ef0f745d89d88c666b45aa_high_performance_210010000,AI_VECTOR_CORE,47,3111,9.040,1790766284387886.676	,1790766284387895.716	
0,Sigmoid_1c4543fdfe7149b6b0717bd88f061562_high_precision_210010000,AI_VECTOR_CORE,47,3112,10.960,1790766284387895.736	,1790766284387906.696	
0,Mul_ce3d1ff8ba23a0bcb292da3577c1625d_high_performance_210020000,AI_VECTOR_CORE,47,3113,12.820,1790766284387921.057	,1790766284387933.877	
0,Add_ce3d1ff8ba23a0bcb292da3577c1625d_high_performance_223010000,AI_VECTOR_CORE,47,3114,10.660,1790766284388065.840	,1790766284388076.500	
0,Mul_ce3d1ff8ba23a0bcb292da3577c1625d_high_performance_210020000,AI_VECTOR_CORE,47,3115,6.260,1790766284388123.001	,1790766284388129.261	
0,MatMulV2_ND_ND_FP16_FP16_false_true_all_99025,AI_CORE,47,3116,117.622,1790766284388301.584	,1790766284388419.207	
0,HcPost_d2fe6614722b27afa6f8d964c215447e_0,AI_VECTOR_CORE,47,3117,23.200,1790766284388593.670	,1790766284388616.871	
0,HcPre_6c9f0fa710253eff38b1c0e6be6a67be_0,MIX_AIC,47,3118,61.741,1790766284388761.974	,1790766284388823.715	
0,RmsNorm_normal_all_bf16_high_performance_0,AI_VECTOR_CORE,47,3119,10.840,1790766284388879.556	,1790766284388890.396	
0,MatMulV2_ND_ND_FP16_FP16_false_true_all_99025,AI_CORE,47,3120,22.260,1790766284389286.524	,1790766284389308.784	
0,Slice_ee29dafe4fe21e12bb8d56ae91626cba_high_performance_524000000,AI_VECTOR_CORE,47,3121,2.840,1790766284389577.650	,1790766284389580.490	
0,RmsNorm_normal_all_bf16_high_performance_2,AI_VECTOR_CORE,47,3122,13.000,1790766284389608.850	,1790766284389621.851	
0,Slice_ee29dafe4fe21e12bb8d56ae91626cba_high_performance_524000000,AI_VECTOR_CORE,47,3123,2.020,1790766284389804.074	,1790766284389806.094	
0,RmsNorm_normal_all_bf16_high_performance_2,AI_VECTOR_CORE,47,3124,6.800,1790766284389829.375	,1790766284389836.175	
0,ScatterNdUpdate_bfloat16_int32_high_precision_11,MIX_AIV,47,3125,34.080,1790766284389944.797	,1790766284389978.878	
0,MatMulV2_ND_ND_FP16_FP16_false_true_all_99025,AI_CORE,47,3126,70.841,1790766284390099.080	,1790766284390169.922	
0,TransposeBatchMatMul_ND_ND_ND_ND_ND_BF16_BF16_BF16_INT64_BF16_high_performance_32,AI_CORE,47,3127,33.280,1790766284390279.604	,1790766284390312.885	
0,Cast_b2717900ea7de2d41ea9c63d23aa269b_high_performance_210000000,AI_VECTOR_CORE,47,3128,7.660,1790766284390428.147	,1790766284390435.807	
0,MatMulV2_ND_ND_FP32_FP32_false_true_all_66257,AI_CORE,47,3129,24.020,1790766284390495.388	,1790766284390519.409	
0,Slice_82e6b4faea71b451f217d7ea57c08012_high_performance_524000000,AI_VECTOR_CORE,47,3130,3.180,1790766284390684.332	,1790766284390687.512	
0,LayerNormV3_23ae115d70bd435e4cb966a52be97b55_high_precision_1600400500,AI_VECTOR_CORE,47,3131,17.000,1790766284390687.532	,1790766284390704.532	
0,MatMulV2_ND_ND_FP32_FP32_false_true_all_66257,AI_CORE,47,3132,19.340,1790766284390825.475	,1790766284390844.815	
0,MatMulV2_ND_ND_FP16_FP16_false_true_all_99025,AI_CORE,47,3133,19.660,1790766284390907.256	,1790766284390926.917	
0,Slice_82e6b4faea71b451f217d7ea57c08012_high_performance_524000000,AI_VECTOR_CORE,47,3134,2.400,1790766284391035.139	,1790766284391037.539	
0,Cast_9f288b80370c6545ffe8cef142d37f5c_high_performance_210000000,AI_VECTOR_CORE,47,3135,1.980,1790766284391037.559	,1790766284391039.539	
0,Muls_299cf4d7f9ef0f745d89d88c666b45aa_high_performance_210000000,AI_VECTOR_CORE,47,3136,1.700,1790766284391123.621	,1790766284391125.321	
0,_glm5_next_kpool_tail_compress_kernel,AI_VECTOR_CORE,47,3137,17.060,1790766284391706.632	,1790766284391723.693	
0,_store_kpool_tail_kernel,AI_VECTOR_CORE,47,3138,2.940,1790766284391972.858	,1790766284391975.798	
0,_gather_pool_cache,AI_VECTOR_CORE,47,3139,2.940,1790766284392363.926	,1790766284392366.866	
0,Cast_b2717900ea7de2d41ea9c63d23aa269b_high_performance_210000000,AI_VECTOR_CORE,47,3140,5.880,1790766284392496.008	,1790766284392501.888	
0,Cast_b2717900ea7de2d41ea9c63d23aa269b_high_performance_210000000,AI_VECTOR_CORE,47,3141,1.220,1790766284392558.089	,1790766284392559.309	
0,Mul_ee98c6628030785f610b924ab1557b31_high_performance_212000001,AI_VECTOR_CORE,47,3142,12.900,1790766284392626.611	,1790766284392639.511	
0,ReduceSum_7a09f5b7af4126487a7f726a9aac7548_high_performance_10000000900,MIX_AIV,47,3143,10.760,1790766284392696.072	,1790766284392706.832	
0,_glm5_next_lightning_indexer_score_kernel,AI_VECTOR_CORE,47,3144,17.660,1790766284393067.480	,1790766284393085.140	
0,TopKV2_5c671486fda0d949d7cba9a9754bc2dd_high_performance_2017612701781458944,MIX_AIV,47,3145,20.140,1790766284393165.502	,1790766284393185.642	
0,Cast_e87590d11ccda8b259ab6b1ea7212319_high_performance_210000000,AI_VECTOR_CORE,47,3146,2.700,1790766284393186.842	,1790766284393189.542	
0,Cast_39a266ce9a8d7d9ead33f6686e936b72_high_performance_210000000,AI_VECTOR_CORE,47,3147,3.040,1790766284393220.383	,1790766284393223.423	
0,_expand_pool_indices,AI_VECTOR_CORE,47,3148,163.903,1790766284393508.388	,1790766284393672.292	
0,Slice_b9b91ad79a469f7fcff72949705be0f9_high_performance_521000000,AI_VECTOR_CORE,47,3149,6.560,1790766284394044.419	,1790766284394050.979	
0,SparseFlashAttention_2e25ad8fefac1f04c03bd78f2d2ab366_1158,MIX_AIC,47,3150,64.881,1790766284394083.480	,1790766284394148.361	
0,TransposeBatchMatMul_ND_ND_ND_ND_ND_BF16_BF16_BF16_INT64_BF16_high_performance_32,AI_CORE,47,3151,24.580,1790766284394149.401	,1790766284394173.982	
0,MatMulV2_ND_ND_FP16_FP16_false_true_all_99025,AI_CORE,47,3152,193.443,1790766284394311.164	,1790766284394504.608	
0,TensorMove_d2db1a80c523e7e59a032c95969880af_high_performance__kernel0,AI_VECTOR_CORE,47,3153,7.520,1790766284394504.628	,1790766284394512.148	
0,HcPost_d2fe6614722b27afa6f8d964c215447e_0,AI_VECTOR_CORE,47,3154,24.320,1790766284394626.111	,1790766284394650.431	
0,HcPre_6c9f0fa710253eff38b1c0e6be6a67be_0,MIX_AIC,47,3155,67.241,1790766284394796.574	,1790766284394863.815	
0,RmsNorm_normal_all_bf16_high_performance_0,AI_VECTOR_CORE,47,3156,10.940,1790766284394917.117	,1790766284394928.057	
0,N/A,EVENT_RECORD,47,3157,0.020,1790766284395389.026	,1790766284395389.046	
0,Cast_b2717900ea7de2d41ea9c63d23aa269b_high_performance_210000000,AI_VECTOR_CORE,47,3158,7.620,1790766284395544.909	,1790766284395552.529	
0,MatMulV2_ND_ND_FP32_FP32_false_true_all_65665,AI_CORE,47,3159,7.780,1790766284395614.410	,1790766284395622.191	
0,N/A,EVENT_RECORD,47,3160,0.000,1790766284395790.514	,1790766284395790.514	
0,MoeGatingTopK_81369a2fa0455f39b5d19d432d261f57_1,AI_VECTOR_CORE,47,3161,12.140,1790766284396158.881	,1790766284396171.022	
0,N/A,EVENT_RECORD,47,3162,0.020,1790766284396490.728	,1790766284396490.748	
0,MoeInitRoutingV3_4ca8d2d329b4477b44dd2ee885849b12_2100000,MIX_AIV,47,3163,32.420,1790766284396721.373	,1790766284396753.793	
0,GroupedMatmul_0d2d43751f81d7f29646a862147967c9_68885275,MIX_AIC,47,3164,226.804,1790766284397001.778	,1790766284397228.583	
0,Slice_ee29dafe4fe21e12bb8d56ae91626cba_high_performance_524000000,AI_VECTOR_CORE,47,3165,8.300,1790766284397229.443	,1790766284397237.743	
0,ClipByValueV2_e87c9546cf2804355cf0d9445a2db01a_high_performance_220010000,AI_VECTOR_CORE,47,3166,42.760,1790766284397237.763	,1790766284397280.524	
0,ViewCopy_7778b2d0a2938f9247cc0c9f84559eb2_high_performance__kernel0,AI_VECTOR_CORE,47,3167,11.940,1790766284397280.544	,1790766284397292.484	
0,Slice_ee29dafe4fe21e12bb8d56ae91626cba_high_performance_524000000,AI_VECTOR_CORE,47,3168,8.000,1790766284397292.504	,1790766284397300.504	
0,ClipByValueV2_e87c9546cf2804355cf0d9445a2db01a_high_performance_220010000,AI_VECTOR_CORE,47,3169,38.820,1790766284397300.524	,1790766284397339.345	
0,ViewCopy_7778b2d0a2938f9247cc0c9f84559eb2_high_performance__kernel0,AI_VECTOR_CORE,47,3170,14.280,1790766284397339.365	,1790766284397353.645	
0,SwiGlu_3_high_performance_27,AI_VECTOR_CORE,47,3171,19.520,1790766284397353.685	,1790766284397373.206	
0,N/A,EVENT_RECORD,47,3172,0.020,1790766284397442.927	,1790766284397442.947	
0,GroupedMatmul_0d2d43751f81d7f29646a862147967c9_68885275,MIX_AIC,47,3173,109.242,1790766284397630.731	,1790766284397739.973	
0,N/A,EVENT_RECORD,47,3174,0.020,1790766284397801.954	,1790766284397801.974	
0,Cast_9f288b80370c6545ffe8cef142d37f5c_high_performance_210000000,AI_VECTOR_CORE,47,3175,1.400,1790766284397943.777	,1790766284397945.177	
0,Abs_8098b79498645e9c0da095babdeaf862_high_performance_210000000,AI_VECTOR_CORE,47,3176,1.720,1790766284398004.158	,1790766284398005.878	
0,MoeTokenUnpermute_6dd49246dc9576d3314234df69cb5c22_1,AI_VECTOR_CORE,47,3177,16.080,1790766284398142.741	,1790766284398158.821	
0,MatMulV2_ND_ND_FP16_FP16_false_true_all_99025,AI_CORE,47,3178,43.860,1790766284398442.187	,1790766284398486.048	
0,Slice_ee29dafe4fe21e12bb8d56ae91626cba_high_performance_524000000,AI_VECTOR_CORE,47,3179,3.380,1790766284398583.450	,1790766284398586.830	
0,ClipByValueV2_e87c9546cf2804355cf0d9445a2db01a_high_performance_220000000,AI_VECTOR_CORE,47,3180,10.580,1790766284398586.850	,1790766284398597.430	
0,Slice_ee29dafe4fe21e12bb8d56ae91626cba_high_performance_524000000,AI_VECTOR_CORE,47,3181,3.300,1790766284398659.551	,1790766284398662.851	
0,ClipByValueV2_e87c9546cf2804355cf0d9445a2db01a_high_performance_220000000,AI_VECTOR_CORE,47,3182,8.600,1790766284398662.871	,1790766284398671.472	
0,Muls_299cf4d7f9ef0f745d89d88c666b45aa_high_performance_210000000,AI_VECTOR_CORE,47,3183,7.620,1790766284398725.653	,1790766284398733.273	
0,Sigmoid_1c4543fdfe7149b6b0717bd88f061562_high_precision_210000000,AI_VECTOR_CORE,47,3184,9.040,1790766284398767.753	,1790766284398776.794	
0,Mul_ce3d1ff8ba23a0bcb292da3577c1625d_high_performance_210020000,AI_VECTOR_CORE,47,3185,9.820,1790766284398804.454	,1790766284398814.274	
0,Add_ce3d1ff8ba23a0bcb292da3577c1625d_high_performance_223000000,AI_VECTOR_CORE,47,3186,7.880,1790766284398861.535	,1790766284398869.415	
0,Mul_ce3d1ff8ba23a0bcb292da3577c1625d_high_performance_210020000,AI_VECTOR_CORE,47,3187,3.780,1790766284398897.676	,1790766284398901.456	
0,MatMulV2_ND_ND_FP16_FP16_false_true_all_99025,AI_CORE,47,3188,22.740,1790766284399076.460	,1790766284399099.200	
0,ForeachAddList_c73cb8f503197be65eaf63148ad48de4_high_performance_4,AI_VECTOR_CORE,47,3189,14.980,1790766284399382.986	,1790766284399397.966	
0,HcPost_d2fe6614722b27afa6f8d964c215447e_0,AI_VECTOR_CORE,47,3190,21.040,1790766284399676.672	,1790766284399697.712	
0,ReduceMean_9a2479d4dc5148645cb3f4b9e765c637_high_precision_100900,MIX_AIV,47,3191,16.120,1790766284399766.173	,1790766284399782.294	
0,RmsNorm_normal_all_bf16_high_performance_0,AI_VECTOR_CORE,47,3192,10.580,1790766284399920.256	,1790766284399930.837	
0,IndexCheck_int32_high_performance_1,AI_VECTOR_CORE,47,3193,2.980,1790766284400087.620	,1790766284400090.600	
0,Index_b1b18d29d34a3b544b5bb6b3f56177c3_high_performance__kernel0,AI_VECTOR_CORE,47,3194,8.460,1790766284400090.620	,1790766284400099.080	
0,MatMulV2_ND_ND_FP16_FP16_false_true_all_98499,AI_CORE,47,3195,958.659,1790766284400238.563	,1790766284401197.222	
0,Cast_b2717900ea7de2d41ea9c63d23aa269b_high_performance_210000000,AI_VECTOR_CORE,47,3196,7.460,1790766284401197.242	,1790766284401204.702	
0,LogSoftmaxV2_291664ae3e88b38b8b46c2efbbea27c9_high_precision_400001,AI_VECTOR_CORE,47,3197,43.900,1790766284401204.742	,1790766284401248.643	
0,Cast_b2717900ea7de2d41ea9c63d23aa269b_high_performance_210000000,AI_VECTOR_CORE,47,3198,2.780,1790766284401248.663	,1790766284401251.443	
0,ArgMaxV2_4402011f777d6374ab9f6425cb5984c4_high_performance_3,AI_VECTOR_CORE,47,3199,19.180,1790766284401251.463	,1790766284401270.643	
0,Cast_e87590d11ccda8b259ab6b1ea7212319_high_performance_210000000,AI_VECTOR_CORE,47,3200,1.280,1790766284401270.663	,1790766284401271.944	
0,TopKV2_5c671486fda0d949d7cba9a9754bc2dd_high_performance_2017612907941986305,MIX_AIV,47,3201,18.840,1790766284401273.164	,1790766284401292.004	
0,TopKV2_5c671486fda0d949d7cba9a9754bc2dd_high_performance_2017612701781458944,MIX_AIV,47,3202,3.720,1790766284401295.104	,1790766284401298.824	
0,GatherElements_8b4ec10fbb39c5c0a65192c606400b29_high_performance__kernel0,AI_VECTOR_CORE,47,3203,10.700,1790766284401299.964	,1790766284401310.664	
0,Cast_e87590d11ccda8b259ab6b1ea7212319_high_performance_210000000,AI_VECTOR_CORE,47,3204,1.000,1790766284401310.684	,1790766284401311.684	
0,Cast_39a266ce9a8d7d9ead33f6686e936b72_high_performance_210000000,AI_VECTOR_CORE,47,3205,2.000,1790766284401311.704	,1790766284401313.704	
0,GatherElementsV2_fp32_high_performance_2,AI_VECTOR_CORE,47,3206,3.940,1790766284401313.724	,1790766284401317.664	
0,GreaterEqual_3efaad932f458d7892fdb0715ec85b2b_high_performance_223000000,AI_VECTOR_CORE,47,3207,13.340,1790766284401317.684	,1790766284401331.025	
0,Cast_df2b778f1b80e749bd4242386ec57ab9_high_performance_210000000,AI_VECTOR_CORE,47,3208,6.580,1790766284401346.885	,1790766284401353.465	
0,ReduceSum_7a09f5b7af4126487a7f726a9aac7548_high_performance_110001000400,MIX_AIV,47,3209,23.620,1790766284401373.186	,1790766284401396.806	
0,Cast_c6738f795430c3c6f09cdc8d52a1b43d_high_performance_210000000,AI_VECTOR_CORE,47,3210,1.300,1790766284401397.586	,1790766284401398.886	
0,ConcatD_0d745295987e1c668b2ec8b2844aeada_high_performance_3000001,AI_VECTOR_CORE,47,3211,2.500,1790766284401441.207	,1790766284401443.707	
0,ConcatD_233851a3505389e43928a8bba133a74d_high_performance_3000001,AI_VECTOR_CORE,47,3212,2.020,1790766284401483.488	,1790766284401485.508	
0,Cast_39a266ce9a8d7d9ead33f6686e936b72_high_performance_210000000,AI_VECTOR_CORE,47,3213,1.360,1790766284401537.149	,1790766284401538.509	
0,Cast_39a266ce9a8d7d9ead33f6686e936b72_high_performance_210000000,AI_VECTOR_CORE,47,3214,1.320,1790766284401628.751	,1790766284401630.071	
0,N/A,EVENT_RECORD,47,3215,0.020,1790766284401836.215	,1790766284401836.235	
0,N/A,EVENT_WAIT,39,17,0.020,1790766284402229.983	,1790766284402230.003	
0,N/A,EVENT_RECORD,47,3216,0.020,1790766284402513.368	,1790766284402513.388	
0,N/A,EVENT_WAIT,45,170,0.020,1790766284402625.371	,1790766284402625.391	
0,N/A,MEMCPY_ASYNC,45,171,2.060,1790766284402825.455	,1790766284402827.515	
0,N/A,MEMCPY_ASYNC,45,172,1.880,1790766284402852.395	,1790766284402854.275	
0,N/A,MEMCPY_ASYNC,45,173,1.880,1790766284402898.256	,1790766284402900.136	
0,N/A,MEMCPY_ASYNC,45,174,1.860,1790766284402961.357	,1790766284402963.217	
0,N/A,EVENT_RECORD,45,175,0.020,1790766284403117.140	,1790766284403117.160	
0,N/A,MEMCPY_ASYNC,47,3217,2.240,1790766284404223.422	,1790766284404225.663	
0,N/A,MEMCPY_ASYNC,47,3218,2.180,1790766284404316.144	,1790766284404318.324	
0,N/A,MEMCPY_ASYNC,47,3219,2.240,1790766284404374.205	,1790766284404376.446	
0,N/A,MEMCPY_ASYNC,47,3220,2.260,1790766284404466.627	,1790766284404468.887	
0,N/A,MEMCPY_ASYNC,47,3221,2.500,1790766284404581.610	,1790766284404584.110	
0,N/A,MEMCPY_ASYNC,47,3222,2.200,1790766284404839.975	,1790766284404842.175	
0,N/A,MEMCPY_ASYNC,47,3223,2.240,1790766284405067.299	,1790766284405069.539	
0,N/A,MEMCPY_ASYNC,47,3224,2.220,1790766284405125.060	,1790766284405127.281	
0,Fill_1fbc7ee619b707282bbfd034093621df_high_performance_223000000,AI_VECTOR_CORE,47,3225,1.600,1790766284405292.424	,1790766284405294.024	
0,N/A,MEMCPY_ASYNC,47,3226,0.600,1790766284405492.288	,1790766284405492.888	
0,N/A,MEMCPY_ASYNC,47,3227,2.220,1790766284405730.693	,1790766284405732.913	
0,Fill_1fbc7ee619b707282bbfd034093621df_high_performance_223000000,AI_VECTOR_CORE,47,3228,1.400,1790766284405775.393	,1790766284405776.794	
0,N/A,MEMCPY_ASYNC,47,3229,2.240,1790766284405841.895	,1790766284405844.135	
0,N/A,MEMCPY_ASYNC,47,3230,2.400,1790766284405931.237	,1790766284405933.637	
0,N/A,MEMCPY_ASYNC,47,3231,2.220,1790766284406019.598	,1790766284406021.818	
0,N/A,MEMCPY_ASYNC,47,3232,2.240,1790766284406096.420	,1790766284406098.660	
0,IndexCheck_int64_high_performance_0,AI_VECTOR_CORE,47,3233,2.760,1790766284406220.002	,1790766284406222.762	
0,Index_f34e8f0e5e2c96109aa0460550023804_high_performance__kernel0,AI_VECTOR_CORE,47,3234,8.020,1790766284406222.802	,1790766284406230.823	
0,Cast_e87590d11ccda8b259ab6b1ea7212319_high_performance_210000000,AI_VECTOR_CORE,47,3235,1.260,1790766284406298.604	,1790766284406299.864	
0,Add_41dadce325b0f810d03359af2a38990b_high_performance_210000000,AI_VECTOR_CORE,47,3236,2.540,1790766284406359.485	,1790766284406362.025	
0,N/A,MEMCPY_ASYNC,47,3237,0.600,1790766284406457.247	,1790766284406457.847	
0,Add_9342884c99c006e21fc9d5d9260b8bef_high_performance_210000000,AI_VECTOR_CORE,47,3238,1.460,1790766284406524.908	,1790766284406526.368	
0,N/A,MEMCPY_ASYNC,47,3239,0.600,1790766284406613.870	,1790766284406614.470	
0,Fill_1fbc7ee619b707282bbfd034093621df_high_performance_223000000,AI_VECTOR_CORE,47,3240,1.420,1790766284406671.051	,1790766284406672.471	
0,_compute_slot_mapping_fused_groups_kernel,AI_VECTOR_CORE,47,3241,21.860,1790766284407068.099	,1790766284407089.960	
0,Sub_9342884c99c006e21fc9d5d9260b8bef_high_performance_210000000,AI_VECTOR_CORE,47,3242,1.540,1790766284407214.402	,1790766284407215.942	
0,N/A,MEMCPY_ASYNC,47,3243,2.260,1790766284407639.731	,1790766284407641.991	
0,Cast_e87590d11ccda8b259ab6b1ea7212319_high_performance_210000000,AI_VECTOR_CORE,47,3244,1.240,1790766284408372.145	,1790766284408373.385	
0,FloorDiv_41dadce325b0f810d03359af2a38990b_high_performance_223000000,AI_VECTOR_CORE,47,3245,3.360,1790766284408374.265	,1790766284408377.625	
0,Cast_39a266ce9a8d7d9ead33f6686e936b72_high_performance_210000000,AI_VECTOR_CORE,47,3246,1.440,1790766284408377.645	,1790766284408379.086	
0,N/A,MEMCPY_ASYNC,47,3247,0.560,1790766284408628.710	,1790766284408629.271	
0,Cast_e87590d11ccda8b259ab6b1ea7212319_high_performance_210000000,AI_VECTOR_CORE,47,3248,1.240,1790766284408672.831	,1790766284408674.071	
0,GreaterEqual_1ea4da630f56dc1c2d6e7c9a9dd17b11_high_performance_210000000,AI_VECTOR_CORE,47,3249,2.840,1790766284408699.772	,1790766284408702.612	
0,Add_41dadce325b0f810d03359af2a38990b_high_performance_210000000,AI_VECTOR_CORE,47,3250,2.140,1790766284408728.172	,1790766284408730.313	
0,BroadcastTo_41dadce325b0f810d03359af2a38990b_high_performance_210000000,AI_VECTOR_CORE,47,3251,1.560,1790766284408783.554	,1790766284408785.114	
0,FloorMod_41dadce325b0f810d03359af2a38990b_high_precision_210000000,AI_VECTOR_CORE,47,3252,1.660,1790766284408795.434	,1790766284408797.094	
0,Equal_1ea4da630f56dc1c2d6e7c9a9dd17b11_high_performance_210000000,AI_VECTOR_CORE,47,3253,2.700,1790766284408845.955	,1790766284408848.655	
0,LogicalAnd_91d2a3cdd75d915a368582ec5f440af1_high_performance_210000000,AI_VECTOR_CORE,47,3254,1.560,1790766284408902.576	,1790766284408904.136	
0,ClipByValueV2_3bc53d14ff7dfecd0ed0c69136ab471a_high_performance_210000000,AI_VECTOR_CORE,47,3255,1.600,1790766284408952.077	,1790766284408953.677	
0,Cast_e87590d11ccda8b259ab6b1ea7212319_high_performance_210000000,AI_VECTOR_CORE,47,3256,1.180,1790766284408996.818	,1790766284408997.998	
0,FloorDiv_41dadce325b0f810d03359af2a38990b_high_performance_210000000,AI_VECTOR_CORE,47,3257,2.160,1790766284409009.878	,1790766284409012.038	
0,Cast_39a266ce9a8d7d9ead33f6686e936b72_high_performance_210000000,AI_VECTOR_CORE,47,3258,1.440,1790766284409020.058	,1790766284409021.498	
0,BroadcastTo_c71434db8135ff9089d65053721e3417_high_performance_210000000,AI_VECTOR_CORE,47,3259,1.420,1790766284409061.999	,1790766284409063.419	
0,FloorMod_9342884c99c006e21fc9d5d9260b8bef_high_precision_210000000,AI_VECTOR_CORE,47,3260,3.400,1790766284409063.619	,1790766284409067.019	
0,Mul_9342884c99c006e21fc9d5d9260b8bef_high_performance_210000000,AI_VECTOR_CORE,47,3261,1.620,1790766284409105.360	,1790766284409106.980	
0,Cast_e87590d11ccda8b259ab6b1ea7212319_high_performance_210000000,AI_VECTOR_CORE,47,3262,1.120,1790766284409167.421	,1790766284409168.541	
0,FloorDiv_41dadce325b0f810d03359af2a38990b_high_performance_210000000,AI_VECTOR_CORE,47,3263,1.720,1790766284409169.121	,1790766284409170.841	
0,Cast_39a266ce9a8d7d9ead33f6686e936b72_high_performance_210000000,AI_VECTOR_CORE,47,3264,1.260,1790766284409183.962	,1790766284409185.222	
0,Add_9342884c99c006e21fc9d5d9260b8bef_high_performance_210000000,AI_VECTOR_CORE,47,3265,1.200,1790766284409208.522	,1790766284409209.722	
0,Fill_1fbc7ee619b707282bbfd034093621df_high_performance_210000000,AI_VECTOR_CORE,47,3266,1.460,1790766284409269.783	,1790766284409271.243	
0,SelectV2_9bb0969ab50036eba4428cd9974a5c0b_high_performance_210000000,AI_VECTOR_CORE,47,3267,1.800,1790766284409299.204	,1790766284409301.004	
0,Cast_e87590d11ccda8b259ab6b1ea7212319_high_performance_210000000,AI_VECTOR_CORE,47,3268,1.180,1790766284409340.605	,1790766284409341.785	
0,Cast_e87590d11ccda8b259ab6b1ea7212319_high_performance_210000000,AI_VECTOR_CORE,47,3269,1.200,1790766284409456.087	,1790766284409457.287	
0,FloorDiv_41dadce325b0f810d03359af2a38990b_high_performance_210000000,AI_VECTOR_CORE,47,3270,1.780,1790766284409458.167	,1790766284409459.947	
0,Cast_39a266ce9a8d7d9ead33f6686e936b72_high_performance_210000000,AI_VECTOR_CORE,47,3271,1.060,1790766284409459.967	,1790766284409461.027	
0,N/A,MEMCPY_ASYNC,47,3272,0.600,1790766284409578.749	,1790766284409579.349	
0,N/A,MEMCPY_ASYNC,47,3273,0.620,1790766284409657.591	,1790766284409658.211	
0,N/A,MEMCPY_ASYNC,47,3274,0.620,1790766284410746.073	,1790766284410746.693	
0,N/A,MEMCPY_ASYNC,47,3275,0.620,1790766284410923.276	,1790766284410923.896	
0,N/A,MEMCPY_ASYNC,47,3276,0.660,1790766284411080.599	,1790766284411081.259	
0,Sub_9342884c99c006e21fc9d5d9260b8bef_high_performance_210000000,AI_VECTOR_CORE,47,3277,1.360,1790766284411208.942	,1790766284411210.302	
0,N/A,MEMCPY_ASYNC,47,3278,0.600,1790766284411876.475	,1790766284411877.075	
0,N/A,MEMCPY_ASYNC,47,3279,0.600,1790766284412027.798	,1790766284412028.398	
0,N/A,MEMCPY_ASYNC,47,3280,0.660,1790766284412168.221	,1790766284412168.881	
0,Sub_9342884c99c006e21fc9d5d9260b8bef_high_performance_210000000,AI_VECTOR_CORE,47,3281,1.380,1790766284412288.104	,1790766284412289.484	
0,N/A,MEMCPY_ASYNC,47,3282,0.600,1790766284412995.058	,1790766284412995.658	
0,N/A,MEMCPY_ASYNC,47,3283,0.640,1790766284413154.741	,1790766284413155.381	
0,N/A,MEMCPY_ASYNC,47,3284,0.580,1790766284413302.724	,1790766284413303.304	
0,Sub_9342884c99c006e21fc9d5d9260b8bef_high_performance_210000000,AI_VECTOR_CORE,47,3285,1.460,1790766284413376.685	,1790766284413378.145	
0,N/A,EVENT_RECORD,47,3286,0.020,1790766284413653.571	,1790766284413653.591	
0,Fill_279daeaf6b659300647aba3935d90048_high_performance_210000000,AI_VECTOR_CORE,47,3287,1.640,1790766284414051.999	,1790766284414053.639	
0,N/A,MEMCPY_ASYNC,47,3288,0.640,1790766284414139.981	,1790766284414140.621	
0,Fill_279daeaf6b659300647aba3935d90048_high_performance_210000000,AI_VECTOR_CORE,47,3289,1.420,1790766284414181.001	,1790766284414182.421	
0,N/A,MODEL_EXECUTE,47,3290,3.240,1790766284414689.152	,1790766284414692.392	
0,Cast_e87590d11ccda8b259ab6b1ea7212319_high_performance_210000000,AI_VECTOR_CORE,11,0,1.380,1790766284414692.292	,1790766284414693.672	
0,GatherV2_7869a97190b9b4d296d9414a005b954b_high_precision_900015015,AI_VECTOR_CORE,11,1,8.700,1790766284414693.692	,1790766284414702.392	
0,BroadcastTo_7e5992d3033ef32a3463c5d198e518a1_high_performance_221000002,AI_VECTOR_CORE,11,2,6.060,1790766284414702.432	,1790766284414708.492	
0,N/A,NOTIFY_WAIT,47,3291,3001.319,1790766284414709.552	,1790766284417710.872	
0,HcPre_6c9f0fa710253eff38b1c0e6be6a67be_0,MIX_AIC,11,3,29.520,1790766284414709.632	,1790766284414739.153	
0,RmsNorm_normal_all_bf16_high_performance_0,AI_VECTOR_CORE,11,4,4.360,1790766284414740.113	,1790766284414744.473	
0,MatMulV2_ND_ND_FP16_FP16_false_true_all_98499,AI_CORE,11,5,157.403,1790766284414744.513	,1790766284414901.916	
0,MatMulV2_ND_ND_FP16_FP16_false_true_all_98325,AI_CORE,11,6,8.720,1790766284414901.936	,1790766284414910.656	
0,MatMulV2_ND_ND_FP16_FP16_false_true_all_98325,AI_CORE,11,7,5.380,1790766284414910.696	,1790766284414916.076	
0,ZerosLike_1c4543fdfe7149b6b0717bd88f061562_high_performance_210000000,AI_VECTOR_CORE,11,8,5.000,1790766284414916.096	,1790766284414921.096	
0,_copy_conv_state_kernel,AI_VECTOR_CORE,11,9,8.240,1790766284414921.116	,1790766284414929.356	
0,CausalConv1d_b0123b7fae3057c534dbb03661977c42_1,MIX_AIC,11,10,13.340,1790766284414930.616	,1790766284414943.957	
0,N/A,MEMCPY_ASYNC,11,11,0.660,1790766284414945.237	,1790766284414945.897	
0,_copy_conv_state_kernel,AI_VECTOR_CORE,11,12,7.380,1790766284414945.917	,1790766284414953.297	
0,RecurrentKda_1ac9a791ca2957b2fe0a2e96909b5782_0,AI_VECTOR_CORE,11,13,33.040,1790766284414953.317	,1790766284414986.358	
0,_write_output,AI_VECTOR_CORE,11,14,2.840,1790766284414986.378	,1790766284414989.218	
0,layer_norm_gated_fwd_kernel,AI_VECTOR_CORE,11,15,3.200,1790766284414989.238	,1790766284414992.438	
0,MatMulV2_ND_ND_FP16_FP16_false_true_all_98499,AI_CORE,11,16,53.901,1790766284414992.478	,1790766284415046.379	
0,HcPost_d2fe6614722b27afa6f8d964c215447e_0,AI_VECTOR_CORE,11,17,7.300,1790766284415046.399	,1790766284415053.699	
0,HcPre_6c9f0fa710253eff38b1c0e6be6a67be_0,MIX_AIC,11,18,28.280,1790766284415054.759	,1790766284415083.039	
0,RmsNorm_normal_all_bf16_high_performance_0,AI_VECTOR_CORE,11,19,4.460,1790766284415084.019	,1790766284415088.480	
0,MatMulV2_ND_ND_FP16_FP16_false_true_all_98499,AI_CORE,11,20,157.803,1790766284415088.500	,1790766284415246.303	
0,ClipByValueV2_e87c9546cf2804355cf0d9445a2db01a_high_performance_220000000,AI_VECTOR_CORE,11,21,5.100,1790766284415246.343	,1790766284415251.443	
0,ClipByValueV2_e87c9546cf2804355cf0d9445a2db01a_high_performance_220000000,AI_VECTOR_CORE,11,22,4.380,1790766284415251.483	,1790766284415255.863	
0,Muls_299cf4d7f9ef0f745d89d88c666b45aa_high_performance_210000000,AI_VECTOR_CORE,11,23,3.080,1790766284415255.883	,1790766284415258.963	
0,Sigmoid_1c4543fdfe7149b6b0717bd88f061562_high_precision_210000000,AI_VECTOR_CORE,11,24,3.960,1790766284415258.983	,1790766284415262.943	
0,Mul_ce3d1ff8ba23a0bcb292da3577c1625d_high_performance_210020000,AI_VECTOR_CORE,11,25,3.440,1790766284415262.963	,1790766284415266.403	
0,Add_ce3d1ff8ba23a0bcb292da3577c1625d_high_performance_223000000,AI_VECTOR_CORE,11,26,2.960,1790766284415266.423	,1790766284415269.383	
0,Mul_ce3d1ff8ba23a0bcb292da3577c1625d_high_performance_210020000,AI_VECTOR_CORE,11,27,3.640,1790766284415269.423	,1790766284415273.063	
0,MatMulV2_ND_ND_FP16_FP16_false_true_all_98513,AI_CORE,11,28,105.382,1790766284415273.083	,1790766284415378.465	
0,HcPost_d2fe6614722b27afa6f8d964c215447e_0,AI_VECTOR_CORE,11,29,7.180,1790766284415378.485	,1790766284415385.665	
0,HcPre_6c9f0fa710253eff38b1c0e6be6a67be_0,MIX_AIC,11,30,28.380,1790766284415386.706	,1790766284415415.086	
0,RmsNorm_normal_all_bf16_high_performance_0,AI_VECTOR_CORE,11,31,4.360,1790766284415415.986	,1790766284415420.346	
0,MatMulV2_ND_ND_FP16_FP16_false_true_all_98499,AI_CORE,11,32,157.023,1790766284415420.366	,1790766284415577.389	
0,MatMulV2_ND_ND_FP16_FP16_false_true_all_98325,AI_CORE,11,33,6.420,1790766284415577.409	,1790766284415583.829	
0,MatMulV2_ND_ND_FP16_FP16_false_true_all_98325,AI_CORE,11,34,5.340,1790766284415583.869	,1790766284415589.210	
0,ZerosLike_1c4543fdfe7149b6b0717bd88f061562_high_performance_210000000,AI_VECTOR_CORE,11,35,4.940,1790766284415589.230	,1790766284415594.170	
0,_copy_conv_state_kernel,AI_VECTOR_CORE,11,36,11.700,1790766284415594.190	,1790766284415605.890	
0,CausalConv1d_b0123b7fae3057c534dbb03661977c42_1,MIX_AIC,11,37,13.000,1790766284415607.090	,1790766284415620.090	
0,N/A,MEMCPY_ASYNC,11,38,0.680,1790766284415621.090	,1790766284415621.770	
0,_copy_conv_state_kernel,AI_VECTOR_CORE,11,39,9.900,1790766284415621.790	,1790766284415631.690	
0,RecurrentKda_1ac9a791ca2957b2fe0a2e96909b5782_0,AI_VECTOR_CORE,11,40,37.040,1790766284415631.730	,1790766284415668.771	
0,_write_output,AI_VECTOR_CORE,11,41,2.840,1790766284415668.811	,1790766284415671.651	
0,layer_norm_gated_fwd_kernel,AI_VECTOR_CORE,11,42,3.240,1790766284415671.671	,1790766284415674.911	
0,MatMulV2_ND_ND_FP16_FP16_false_true_all_98499,AI_CORE,11,43,64.441,1790766284415674.951	,1790766284415739.393	
0,HcPost_d2fe6614722b27afa6f8d964c215447e_0,AI_VECTOR_CORE,11,44,7.300,1790766284415739.433	,1790766284415746.733	
0,HcPre_6c9f0fa710253eff38b1c0e6be6a67be_0,MIX_AIC,11,45,29.620,1790766284415747.913	,1790766284415777.533	
0,RmsNorm_normal_all_bf16_high_performance_0,AI_VECTOR_CORE,11,46,4.380,1790766284415778.373	,1790766284415782.753	
0,MatMulV2_ND_ND_FP16_FP16_false_true_all_98499,AI_CORE,11,47,162.723,1790766284415782.793	,1790766284415945.517	
0,ClipByValueV2_e87c9546cf2804355cf0d9445a2db01a_high_performance_220000000,AI_VECTOR_CORE,11,48,5.280,1790766284415945.537	,1790766284415950.817	
0,ClipByValueV2_e87c9546cf2804355cf0d9445a2db01a_high_performance_220000000,AI_VECTOR_CORE,11,49,4.500,1790766284415950.837	,1790766284415955.337	
0,Muls_299cf4d7f9ef0f745d89d88c666b45aa_high_performance_210000000,AI_VECTOR_CORE,11,50,2.860,1790766284415955.377	,1790766284415958.237	
0,Sigmoid_1c4543fdfe7149b6b0717bd88f061562_high_precision_210000000,AI_VECTOR_CORE,11,51,3.820,1790766284415958.257	,1790766284415962.077	
0,Mul_ce3d1ff8ba23a0bcb292da3577c1625d_high_performance_210020000,AI_VECTOR_CORE,11,52,3.220,1790766284415962.097	,1790766284415965.317	
0,Add_ce3d1ff8ba23a0bcb292da3577c1625d_high_performance_223000000,AI_VECTOR_CORE,11,53,3.320,1790766284415965.337	,1790766284415968.657	
0,Mul_ce3d1ff8ba23a0bcb292da3577c1625d_high_performance_210020000,AI_VECTOR_CORE,11,54,3.640,1790766284415968.677	,1790766284415972.317	
0,MatMulV2_ND_ND_FP16_FP16_false_true_all_98513,AI_CORE,11,55,101.022,1790766284415972.337	,1790766284416073.359	
0,HcPost_d2fe6614722b27afa6f8d964c215447e_0,AI_VECTOR_CORE,11,56,7.380,1790766284416073.379	,1790766284416080.759	
0,HcPre_6c9f0fa710253eff38b1c0e6be6a67be_0,MIX_AIC,11,57,26.020,1790766284416082.159	,1790766284416108.180	
0,RmsNorm_normal_all_bf16_high_performance_0,AI_VECTOR_CORE,11,58,4.620,1790766284416108.940	,1790766284416113.560	
0,MatMulV2_ND_ND_FP16_FP16_false_true_all_98499,AI_CORE,11,59,151.523,1790766284416113.580	,1790766284416265.103	
0,MatMulV2_ND_ND_FP16_FP16_false_true_all_98325,AI_CORE,11,60,6.380,1790766284416265.143	,1790766284416271.523	
0,MatMulV2_ND_ND_FP16_FP16_false_true_all_98325,AI_CORE,11,61,5.700,1790766284416271.543	,1790766284416277.243	
0,ZerosLike_1c4543fdfe7149b6b0717bd88f061562_high_performance_210000000,AI_VECTOR_CORE,11,62,5.060,1790766284416277.283	,1790766284416282.343	
0,_copy_conv_state_kernel,AI_VECTOR_CORE,11,63,8.320,1790766284416282.363	,1790766284416290.684	
0,CausalConv1d_b0123b7fae3057c534dbb03661977c42_1,MIX_AIC,11,64,13.360,1790766284416291.764	,1790766284416305.124	
0,N/A,MEMCPY_ASYNC,11,65,0.660,1790766284416306.404	,1790766284416307.064	
0,_copy_conv_state_kernel,AI_VECTOR_CORE,11,66,7.260,1790766284416307.084	,1790766284416314.344	
0,RecurrentKda_1ac9a791ca2957b2fe0a2e96909b5782_0,AI_VECTOR_CORE,11,67,32.380,1790766284416314.364	,1790766284416346.745	
0,_write_output,AI_VECTOR_CORE,11,68,2.680,1790766284416346.765	,1790766284416349.445	
0,layer_norm_gated_fwd_kernel,AI_VECTOR_CORE,11,69,3.260,1790766284416349.465	,1790766284416352.725	
0,MatMulV2_ND_ND_FP16_FP16_false_true_all_98499,AI_CORE,11,70,58.641,1790766284416352.745	,1790766284416411.386	
0,HcPost_d2fe6614722b27afa6f8d964c215447e_0,AI_VECTOR_CORE,11,71,7.200,1790766284416411.406	,1790766284416418.606	
0,HcPre_6c9f0fa710253eff38b1c0e6be6a67be_0,MIX_AIC,11,72,28.960,1790766284416419.906	,1790766284416448.867	
0,RmsNorm_normal_all_bf16_high_performance_0,AI_VECTOR_CORE,11,73,4.440,1790766284416449.787	,1790766284416454.227	
0,MatMulV2_ND_ND_FP16_FP16_false_true_all_98499,AI_CORE,11,74,160.923,1790766284416454.267	,1790766284416615.190	
0,ClipByValueV2_e87c9546cf2804355cf0d9445a2db01a_high_performance_220000000,AI_VECTOR_CORE,11,75,5.240,1790766284416615.210	,1790766284416620.450	
0,ClipByValueV2_e87c9546cf2804355cf0d9445a2db01a_high_performance_220000000,AI_VECTOR_CORE,11,76,4.560,1790766284416620.470	,1790766284416625.030	
0,Muls_299cf4d7f9ef0f745d89d88c666b45aa_high_performance_210000000,AI_VECTOR_CORE,11,77,3.020,1790766284416625.050	,1790766284416628.070	
0,Sigmoid_1c4543fdfe7149b6b0717bd88f061562_high_precision_210000000,AI_VECTOR_CORE,11,78,4.000,1790766284416628.090	,1790766284416632.090	
0,Mul_ce3d1ff8ba23a0bcb292da3577c1625d_high_performance_210020000,AI_VECTOR_CORE,11,79,3.160,1790766284416632.110	,1790766284416635.270	
0,Add_ce3d1ff8ba23a0bcb292da3577c1625d_high_performance_223000000,AI_VECTOR_CORE,11,80,3.160,1790766284416635.290	,1790766284416638.451	
0,Mul_ce3d1ff8ba23a0bcb292da3577c1625d_high_performance_210020000,AI_VECTOR_CORE,11,81,3.640,1790766284416638.491	,1790766284416642.131	
0,MatMulV2_ND_ND_FP16_FP16_false_true_all_98513,AI_CORE,11,82,101.662,1790766284416642.171	,1790766284416743.833	
0,HcPost_d2fe6614722b27afa6f8d964c215447e_0,AI_VECTOR_CORE,11,83,7.400,1790766284416743.853	,1790766284416751.253	
0,HcPre_6c9f0fa710253eff38b1c0e6be6a67be_0,MIX_AIC,11,84,26.940,1790766284416752.533	,1790766284416779.473	
0,RmsNorm_normal_all_bf16_high_performance_0,AI_VECTOR_CORE,11,85,4.400,1790766284416780.593	,1790766284416784.993	
0,MatMulV2_ND_ND_FP16_FP16_false_true_all_98513,AI_CORE,11,86,19.120,1790766284416785.013	,1790766284416804.134	
0,RmsNorm_normal_all_bf16_high_performance_2,AI_VECTOR_CORE,11,87,5.040,1790766284416804.154	,1790766284416809.194	
0,RmsNorm_normal_all_bf16_high_performance_2,AI_VECTOR_CORE,11,88,3.760,1790766284416809.214	,1790766284416812.974	
0,ScatterNdUpdate_bfloat16_int32_high_precision_11,MIX_AIV,11,89,5.480,1790766284416813.974	,1790766284416819.454	
0,MatMulV2_ND_ND_FP16_FP16_false_true_all_98499,AI_CORE,11,90,46.640,1790766284416820.654	,1790766284416867.295	
0,TransposeBatchMatMul_ND_ND_ND_ND_ND_BF16_BF16_BF16_INT64_BF16_high_performance_32,AI_CORE,11,91,23.560,1790766284416867.335	,1790766284416890.896	
0,Cast_b2717900ea7de2d41ea9c63d23aa269b_high_performance_210000000,AI_VECTOR_CORE,11,92,1.980,1790766284416890.916	,1790766284416892.896	
0,MatMulV2_ND_ND_FP32_FP32_false_true_all_65665,AI_CORE,11,93,9.700,1790766284416892.936	,1790766284416902.636	
0,LayerNormV3_23ae115d70bd435e4cb966a52be97b55_high_precision_1600400500,AI_VECTOR_CORE,11,94,5.960,1790766284416902.656	,1790766284416908.616	
0,MatMulV2_ND_ND_FP32_FP32_false_true_all_65665,AI_CORE,11,95,8.880,1790766284416908.636	,1790766284416917.516	
0,MatMulV2_ND_ND_FP16_FP16_false_true_all_98499,AI_CORE,11,96,16.160,1790766284416917.556	,1790766284416933.716	
0,Cast_9f288b80370c6545ffe8cef142d37f5c_high_performance_210000000,AI_VECTOR_CORE,11,97,1.300,1790766284416933.736	,1790766284416935.036	
0,Muls_299cf4d7f9ef0f745d89d88c666b45aa_high_performance_210000000,AI_VECTOR_CORE,11,98,1.420,1790766284416935.056	,1790766284416936.476	
0,_glm5_next_kpool_tail_compress_kernel,AI_VECTOR_CORE,11,99,2.220,1790766284416936.496	,1790766284416938.717	
0,_store_kpool_tail_kernel,AI_VECTOR_CORE,11,100,3.180,1790766284416938.737	,1790766284416941.917	
0,Cast_b2717900ea7de2d41ea9c63d23aa269b_high_performance_210000000,AI_VECTOR_CORE,11,101,1.620,1790766284416941.937	,1790766284416943.557	
0,Cast_b2717900ea7de2d41ea9c63d23aa269b_high_performance_210000000,AI_VECTOR_CORE,11,102,1.160,1790766284416943.597	,1790766284416944.757	
0,Mul_ee98c6628030785f610b924ab1557b31_high_performance_212000002,AI_VECTOR_CORE,11,103,8.160,1790766284416944.777	,1790766284416952.937	
0,ReduceSum_7a09f5b7af4126487a7f726a9aac7548_high_performance_82100900,MIX_AIV,11,104,9.180,1790766284416954.037	,1790766284416963.217	
0,_glm5_next_lightning_indexer_score_kernel,AI_VECTOR_CORE,11,105,7.260,1790766284416964.377	,1790766284416971.637	
0,TopKV2_5c671486fda0d949d7cba9a9754bc2dd_high_performance_2017612701781458944,MIX_AIV,11,106,6.600,1790766284416972.757	,1790766284416979.357	
0,N/A,EVENT_WAIT,39,18,1803.736,1790766284416978.017	,1790766284418781.753	
0,Cast_e87590d11ccda8b259ab6b1ea7212319_high_performance_210000000,AI_VECTOR_CORE,11,107,1.280,1790766284416980.677	,1790766284416981.957	
0,Cast_39a266ce9a8d7d9ead33f6686e936b72_high_performance_210000000,AI_VECTOR_CORE,11,108,1.780,1790766284416981.977	,1790766284416983.757	
0,_expand_pool_indices,AI_VECTOR_CORE,11,109,9.320,1790766284416983.777	,1790766284416993.098	
0,SparseFlashAttention_2e25ad8fefac1f04c03bd78f2d2ab366_1158,MIX_AIC,11,110,27.700,1790766284416994.378	,1790766284417022.078	
0,TransposeBatchMatMul_ND_ND_ND_ND_ND_BF16_BF16_BF16_INT64_BF16_high_performance_32,AI_CORE,11,111,21.660,1790766284417023.018	,1790766284417044.679	
0,MatMulV2_ND_ND_FP16_FP16_false_true_all_98513,AI_CORE,11,112,132.102,1790766284417044.699	,1790766284417176.801	
0,N/A,MEMCPY_ASYNC,11,113,0.580,1790766284417176.821	,1790766284417177.401	
0,HcPost_d2fe6614722b27afa6f8d964c215447e_0,AI_VECTOR_CORE,11,114,7.240,1790766284417177.421	,1790766284417184.661	
0,HcPre_6c9f0fa710253eff38b1c0e6be6a67be_0,MIX_AIC,11,115,28.420,1790766284417185.981	,1790766284417214.402	
0,RmsNorm_normal_all_bf16_high_performance_0,AI_VECTOR_CORE,11,116,4.440,1790766284417215.242	,1790766284417219.682	
0,N/A,EVENT_RECORD,11,117,0.020,1790766284417219.702	,1790766284417219.722	
0,Cast_b2717900ea7de2d41ea9c63d23aa269b_high_performance_210000000,AI_VECTOR_CORE,11,118,1.660,1790766284417219.742	,1790766284417221.402	
0,MatMulV2_ND_ND_FP32_FP32_false_true_all_65665,AI_CORE,11,119,5.860,1790766284417221.442	,1790766284417227.302	
0,N/A,EVENT_RECORD,11,120,0.020,1790766284417227.322	,1790766284417227.342	
0,MoeGatingTopK_81369a2fa0455f39b5d19d432d261f57_1,AI_VECTOR_CORE,11,121,4.540,1790766284417227.362	,1790766284417231.902	
0,N/A,EVENT_RECORD,11,122,0.020,1790766284417231.922	,1790766284417231.942	
0,MoeInitRoutingV3_4ca8d2d329b4477b44dd2ee885849b12_2100000,MIX_AIV,11,123,10.020,1790766284417233.142	,1790766284417243.163	
0,GroupedMatmul_0d2d43751f81d7f29646a862147967c9_68885275,MIX_AIC,11,124,210.324,1790766284417245.923	,1790766284417456.247	
0,N/A,EVENT_WAIT,45,176,1425.548,1790766284417356.265	,1790766284418781.813	
0,Slice_ee29dafe4fe21e12bb8d56ae91626cba_high_performance_524000000,AI_VECTOR_CORE,11,125,2.900,1790766284417457.187	,1790766284417460.087	
0,ClipByValueV2_e87c9546cf2804355cf0d9445a2db01a_high_performance_220000000,AI_VECTOR_CORE,11,126,6.300,1790766284417460.107	,1790766284417466.407	
0,ViewCopy_7778b2d0a2938f9247cc0c9f84559eb2_high_performance__kernel0,AI_VECTOR_CORE,11,127,10.000,1790766284417466.447	,1790766284417476.447	
0,Slice_ee29dafe4fe21e12bb8d56ae91626cba_high_performance_524000000,AI_VECTOR_CORE,11,128,2.220,1790766284417476.467	,1790766284417478.687	
0,ClipByValueV2_e87c9546cf2804355cf0d9445a2db01a_high_performance_220000000,AI_VECTOR_CORE,11,129,4.840,1790766284417478.727	,1790766284417483.567	
0,ViewCopy_7778b2d0a2938f9247cc0c9f84559eb2_high_performance__kernel0,AI_VECTOR_CORE,11,130,9.660,1790766284417483.587	,1790766284417493.248	
0,SwiGlu_3_high_performance_27,AI_VECTOR_CORE,11,131,5.320,1790766284417493.268	,1790766284417498.588	
0,N/A,EVENT_RECORD,11,132,0.020,1790766284417498.608	,1790766284417498.628	
0,GroupedMatmul_0d2d43751f81d7f29646a862147967c9_68885275,MIX_AIC,11,133,97.581,1790766284417500.088	,1790766284417597.670	
0,N/A,EVENT_RECORD,11,134,0.020,1790766284417598.370	,1790766284417598.390	
0,Cast_9f288b80370c6545ffe8cef142d37f5c_high_performance_210000000,AI_VECTOR_CORE,11,135,1.340,1790766284417598.410	,1790766284417599.750	
0,Abs_8098b79498645e9c0da095babdeaf862_high_performance_210000000,AI_VECTOR_CORE,11,136,1.440,1790766284417599.770	,1790766284417601.210	
0,MoeTokenUnpermute_6dd49246dc9576d3314234df69cb5c22_1,AI_VECTOR_CORE,11,137,4.020,1790766284417601.230	,1790766284417605.250	
0,MatMulV2_ND_ND_FP16_FP16_false_true_all_98499,AI_CORE,11,138,29.540,1790766284417605.270	,1790766284417634.810	
0,ClipByValueV2_e87c9546cf2804355cf0d9445a2db01a_high_performance_220000000,AI_VECTOR_CORE,11,139,1.760,1790766284417634.830	,1790766284417636.590	
0,ClipByValueV2_e87c9546cf2804355cf0d9445a2db01a_high_performance_220000000,AI_VECTOR_CORE,11,140,1.760,1790766284417636.610	,1790766284417638.371	
0,Muls_299cf4d7f9ef0f745d89d88c666b45aa_high_performance_210000000,AI_VECTOR_CORE,11,141,1.440,1790766284417638.391	,1790766284417639.831	
0,Sigmoid_1c4543fdfe7149b6b0717bd88f061562_high_precision_210000000,AI_VECTOR_CORE,11,142,1.640,1790766284417639.851	,1790766284417641.491	
0,Mul_ce3d1ff8ba23a0bcb292da3577c1625d_high_performance_210020000,AI_VECTOR_CORE,11,143,1.760,1790766284417641.511	,1790766284417643.271	
0,Add_ce3d1ff8ba23a0bcb292da3577c1625d_high_performance_223000000,AI_VECTOR_CORE,11,144,1.460,1790766284417643.291	,1790766284417644.751	
0,Mul_ce3d1ff8ba23a0bcb292da3577c1625d_high_performance_210020000,AI_VECTOR_CORE,11,145,1.480,1790766284417644.791	,1790766284417646.271	
0,MatMulV2_ND_ND_FP16_FP16_false_true_all_98499,AI_CORE,11,146,18.480,1790766284417646.291	,1790766284417664.771	
0,ForeachAddList_c73cb8f503197be65eaf63148ad48de4_high_performance_4,AI_VECTOR_CORE,11,147,14.380,1790766284417664.791	,1790766284417679.171	
0,HcPost_d2fe6614722b27afa6f8d964c215447e_0,AI_VECTOR_CORE,11,148,6.000,1790766284417679.191	,1790766284417685.191	
0,ReduceMean_9a2479d4dc5148645cb3f4b9e765c637_high_precision_92100900,MIX_AIV,11,149,18.940,1790766284417686.391	,1790766284417705.332	
0,RmsNorm_normal_all_bf16_high_performance_0,AI_VECTOR_CORE,11,150,3.280,1790766284417706.512	,1790766284417709.792	
0,N/A,EVENT_RESET,11,151,0.100,1790766284417709.812	,1790766284417709.912	
0,N/A,EVENT_RESET,11,152,0.100,1790766284417709.932	,1790766284417710.032	
0,N/A,EVENT_RESET,11,153,0.100,1790766284417710.052	,1790766284417710.152	
0,N/A,EVENT_RESET,11,154,0.080,1790766284417710.172	,1790766284417710.252	
0,N/A,EVENT_RESET,11,155,0.080,1790766284417710.292	,1790766284417710.372	
0,N/A,NOTIFY_RECORD,11,156,0.020,1790766284417710.392	,1790766284417710.412	
0,IndexCheck_int32_high_performance_1,AI_VECTOR_CORE,47,3292,3.040,1790766284417710.892	,1790766284417713.932	
0,Index_b1b18d29d34a3b544b5bb6b3f56177c3_high_performance__kernel0,AI_VECTOR_CORE,47,3293,8.200,1790766284417713.952	,1790766284417722.152	
0,MatMulV2_ND_ND_FP16_FP16_false_true_all_98499,AI_CORE,47,3294,892.357,1790766284417722.172	,1790766284418614.530	
0,Cast_b2717900ea7de2d41ea9c63d23aa269b_high_performance_210000000,AI_VECTOR_CORE,47,3295,7.540,1790766284418614.550	,1790766284418622.090	
0,LogSoftmaxV2_291664ae3e88b38b8b46c2efbbea27c9_high_precision_400001,AI_VECTOR_CORE,47,3296,44.080,1790766284418622.110	,1790766284418666.191	
0,Cast_b2717900ea7de2d41ea9c63d23aa269b_high_performance_210000000,AI_VECTOR_CORE,47,3297,2.680,1790766284418666.211	,1790766284418668.891	
0,ArgMaxV2_4402011f777d6374ab9f6425cb5984c4_high_performance_3,AI_VECTOR_CORE,47,3298,19.220,1790766284418668.911	,1790766284418688.131	
0,Cast_e87590d11ccda8b259ab6b1ea7212319_high_performance_210000000,AI_VECTOR_CORE,47,3299,1.320,1790766284418688.151	,1790766284418689.472	
0,TopKV2_5c671486fda0d949d7cba9a9754bc2dd_high_performance_2017612907941986305,MIX_AIV,47,3300,18.680,1790766284418690.372	,1790766284418709.052	
0,TopKV2_5c671486fda0d949d7cba9a9754bc2dd_high_performance_2017612701781458944,MIX_AIV,47,3301,3.460,1790766284418711.732	,1790766284418715.192	
0,GatherElements_8b4ec10fbb39c5c0a65192c606400b29_high_performance__kernel0,AI_VECTOR_CORE,47,3302,10.080,1790766284418715.972	,1790766284418726.052	
0,Cast_e87590d11ccda8b259ab6b1ea7212319_high_performance_210000000,AI_VECTOR_CORE,47,3303,1.040,1790766284418726.092	,1790766284418727.132	
0,Cast_39a266ce9a8d7d9ead33f6686e936b72_high_performance_210000000,AI_VECTOR_CORE,47,3304,1.580,1790766284418727.152	,1790766284418728.732	
0,GatherElementsV2_fp32_high_performance_2,AI_VECTOR_CORE,47,3305,3.700,1790766284418728.752	,1790766284418732.452	
0,GreaterEqual_3efaad932f458d7892fdb0715ec85b2b_high_performance_223000000,AI_VECTOR_CORE,47,3306,8.520,1790766284418732.472	,1790766284418740.993	
0,Cast_df2b778f1b80e749bd4242386ec57ab9_high_performance_210000000,AI_VECTOR_CORE,47,3307,6.740,1790766284418741.033	,1790766284418747.773	
0,ReduceSum_7a09f5b7af4126487a7f726a9aac7548_high_performance_110001000400,MIX_AIV,47,3308,22.960,1790766284418748.733	,1790766284418771.693	
0,Cast_c6738f795430c3c6f09cdc8d52a1b43d_high_performance_210000000,AI_VECTOR_CORE,47,3309,1.340,1790766284418772.513	,1790766284418773.853	
0,ConcatD_0d745295987e1c668b2ec8b2844aeada_high_performance_3000001,AI_VECTOR_CORE,47,3310,2.460,1790766284418773.873	,1790766284418776.333	
0,ConcatD_233851a3505389e43928a8bba133a74d_high_performance_3000001,AI_VECTOR_CORE,47,3311,2.080,1790766284418776.373	,1790766284418778.453	
0,Cast_39a266ce9a8d7d9ead33f6686e936b72_high_performance_210000000,AI_VECTOR_CORE,47,3312,1.460,1790766284418778.473	,1790766284418779.933	
0,Cast_39a266ce9a8d7d9ead33f6686e936b72_high_performance_210000000,AI_VECTOR_CORE,47,3313,1.300,1790766284418779.953	,1790766284418781.253	
0,N/A,EVENT_RECORD,47,3314,0.020,1790766284418781.273	,1790766284418781.293	
0,N/A,EVENT_RECORD,47,3315,0.020,1790766284418781.313	,1790766284418781.333	
0,N/A,MEMCPY_ASYNC,45,177,1.900,1790766284418781.913	,1790766284418783.813	
0,N/A,MEMCPY_ASYNC,45,178,1.880,1790766284418783.973	,1790766284418785.853	
0,N/A,MEMCPY_ASYNC,45,179,2.000,1790766284418785.993	,1790766284418787.993	
0,N/A,MEMCPY_ASYNC,45,180,1.880,1790766284418788.153	,1790766284418790.034	
0,N/A,EVENT_RECORD,45,181,0.020,1790766284418790.194	,1790766284418790.214	
0,N/A,EVENT_RECORD,45,182,0.000,1790766284418790.234	,1790766284418790.234	
0,N/A,MEMCPY_ASYNC,47,3316,2.520,1790766284419592.010	,1790766284419594.530	
0,N/A,MEMCPY_ASYNC,47,3317,2.140,1790766284419652.231	,1790766284419654.371	
0,N/A,MEMCPY_ASYNC,47,3318,2.340,1790766284419752.073	,1790766284419754.413	
0,N/A,MEMCPY_ASYNC,47,3319,2.860,1790766284419813.794	,1790766284419816.654	
0,N/A,MEMCPY_ASYNC,47,3320,2.320,1790766284419894.836	,1790766284419897.156	
0,N/A,MEMCPY_ASYNC,47,3321,2.340,1790766284420161.601	,1790766284420163.941	
0,N/A,MEMCPY_ASYNC,47,3322,2.380,1790766284420400.446	,1790766284420402.826	
0,N/A,MEMCPY_ASYNC,47,3323,2.320,1790766284420491.248	,1790766284420493.568	
0,Fill_1fbc7ee619b707282bbfd034093621df_high_performance_223000000,AI_VECTOR_CORE,47,3324,1.480,1790766284420697.912	,1790766284420699.392	
0,N/A,MEMCPY_ASYNC,47,3325,0.620,1790766284420894.816	,1790766284420895.436	
0,N/A,MEMCPY_ASYNC,47,3326,2.340,1790766284421145.201	,1790766284421147.541	
0,Fill_1fbc7ee619b707282bbfd034093621df_high_performance_223000000,AI_VECTOR_CORE,47,3327,1.420,1790766284421196.502	,1790766284421197.922	
0,N/A,MEMCPY_ASYNC,47,3328,2.180,1790766284421249.823	,1790766284421252.003	
0,N/A,MEMCPY_ASYNC,47,3329,2.480,1790766284421331.084	,1790766284421333.564	
0,N/A,MEMCPY_ASYNC,47,3330,2.320,1790766284421420.606	,1790766284421422.926	
0,N/A,MEMCPY_ASYNC,47,3331,2.260,1790766284421509.208	,1790766284421511.468	
0,IndexCheck_int64_high_performance_0,AI_VECTOR_CORE,47,3332,2.800,1790766284421622.710	,1790766284421625.510	
0,Index_f34e8f0e5e2c96109aa0460550023804_high_performance__kernel0,AI_VECTOR_CORE,47,3333,7.640,1790766284421625.550	,1790766284421633.190	
0,Cast_e87590d11ccda8b259ab6b1ea7212319_high_performance_210000000,AI_VECTOR_CORE,47,3334,1.180,1790766284421697.892	,1790766284421699.072	
0,Add_41dadce325b0f810d03359af2a38990b_high_performance_210000000,AI_VECTOR_CORE,47,3335,2.600,1790766284421773.993	,1790766284421776.593	
0,N/A,MEMCPY_ASYNC,47,3336,0.620,1790766284421876.055	,1790766284421876.675	
0,Add_9342884c99c006e21fc9d5d9260b8bef_high_performance_210000000,AI_VECTOR_CORE,47,3337,1.560,1790766284421943.237	,1790766284421944.797	
0,N/A,MEMCPY_ASYNC,47,3338,0.600,1790766284422030.018	,1790766284422030.618	
0,Fill_1fbc7ee619b707282bbfd034093621df_high_performance_223000000,AI_VECTOR_CORE,47,3339,1.420,1790766284422082.999	,1790766284422084.419	
0,_compute_slot_mapping_fused_groups_kernel,AI_VECTOR_CORE,47,3340,21.920,1790766284422494.168	,1790766284422516.088	
0,Sub_9342884c99c006e21fc9d5d9260b8bef_high_performance_210000000,AI_VECTOR_CORE,47,3341,1.380,1790766284422649.151	,1790766284422650.531	
0,N/A,MEMCPY_ASYNC,47,3342,2.260,1790766284423063.839	,1790766284423066.099	
0,Cast_e87590d11ccda8b259ab6b1ea7212319_high_performance_210000000,AI_VECTOR_CORE,47,3343,1.300,1790766284423784.073	,1790766284423785.373	
0,FloorDiv_41dadce325b0f810d03359af2a38990b_high_performance_223000000,AI_VECTOR_CORE,47,3344,3.400,1790766284423786.053	,1790766284423789.453	
0,Cast_39a266ce9a8d7d9ead33f6686e936b72_high_performance_210000000,AI_VECTOR_CORE,47,3345,1.280,1790766284423789.493	,1790766284423790.773	
0,N/A,MEMCPY_ASYNC,47,3346,0.580,1790766284423940.336	,1790766284423940.916	
0,Cast_e87590d11ccda8b259ab6b1ea7212319_high_performance_210000000,AI_VECTOR_CORE,47,3347,1.240,1790766284424026.678	,1790766284424027.918	
0,GreaterEqual_1ea4da630f56dc1c2d6e7c9a9dd17b11_high_performance_210000000,AI_VECTOR_CORE,47,3348,3.060,1790766284424028.598	,1790766284424031.658	
0,Add_41dadce325b0f810d03359af2a38990b_high_performance_210000000,AI_VECTOR_CORE,47,3349,2.080,1790766284424080.439	,1790766284424082.519	
0,BroadcastTo_41dadce325b0f810d03359af2a38990b_high_performance_210000000,AI_VECTOR_CORE,47,3350,1.480,1790766284424134.340	,1790766284424135.820	
0,FloorMod_41dadce325b0f810d03359af2a38990b_high_precision_210000000,AI_VECTOR_CORE,47,3351,1.960,1790766284424140.880	,1790766284424142.840	
0,Equal_1ea4da630f56dc1c2d6e7c9a9dd17b11_high_performance_210000000,AI_VECTOR_CORE,47,3352,2.740,1790766284424184.921	,1790766284424187.661	
0,LogicalAnd_91d2a3cdd75d915a368582ec5f440af1_high_performance_210000000,AI_VECTOR_CORE,47,3353,1.520,1790766284424227.522	,1790766284424229.042	
0,ClipByValueV2_3bc53d14ff7dfecd0ed0c69136ab471a_high_performance_210000000,AI_VECTOR_CORE,47,3354,1.740,1790766284424279.543	,1790766284424281.283	
0,Cast_e87590d11ccda8b259ab6b1ea7212319_high_performance_210000000,AI_VECTOR_CORE,47,3355,1.120,1790766284424332.064	,1790766284424333.184	
0,FloorDiv_41dadce325b0f810d03359af2a38990b_high_performance_210000000,AI_VECTOR_CORE,47,3356,2.100,1790766284424343.444	,1790766284424345.545	
0,Cast_39a266ce9a8d7d9ead33f6686e936b72_high_performance_210000000,AI_VECTOR_CORE,47,3357,1.280,1790766284424345.565	,1790766284424346.845	
0,BroadcastTo_c71434db8135ff9089d65053721e3417_high_performance_210000000,AI_VECTOR_CORE,47,3358,1.460,1790766284424397.366	,1790766284424398.826	
0,FloorMod_9342884c99c006e21fc9d5d9260b8bef_high_precision_210000000,AI_VECTOR_CORE,47,3359,3.060,1790766284424398.866	,1790766284424401.926	
0,Mul_9342884c99c006e21fc9d5d9260b8bef_high_performance_210000000,AI_VECTOR_CORE,47,3360,1.520,1790766284424456.067	,1790766284424457.587	
0,Cast_e87590d11ccda8b259ab6b1ea7212319_high_performance_210000000,AI_VECTOR_CORE,47,3361,1.180,1790766284424510.688	,1790766284424511.868	
0,FloorDiv_41dadce325b0f810d03359af2a38990b_high_performance_210000000,AI_VECTOR_CORE,47,3362,1.740,1790766284424521.248	,1790766284424522.988	
0,Cast_39a266ce9a8d7d9ead33f6686e936b72_high_performance_210000000,AI_VECTOR_CORE,47,3363,1.300,1790766284424523.008	,1790766284424524.308	
0,Add_9342884c99c006e21fc9d5d9260b8bef_high_performance_210000000,AI_VECTOR_CORE,47,3364,1.200,1790766284424538.868	,1790766284424540.068	
0,Fill_1fbc7ee619b707282bbfd034093621df_high_performance_210000000,AI_VECTOR_CORE,47,3365,1.340,1790766284424612.970	,1790766284424614.310	
0,SelectV2_9bb0969ab50036eba4428cd9974a5c0b_high_performance_210000000,AI_VECTOR_CORE,47,3366,1.820,1790766284424642.890	,1790766284424644.710	
0,Cast_e87590d11ccda8b259ab6b1ea7212319_high_performance_210000000,AI_VECTOR_CORE,47,3367,1.240,1790766284424697.212	,1790766284424698.452	
0,Cast_e87590d11ccda8b259ab6b1ea7212319_high_performance_210000000,AI_VECTOR_CORE,47,3368,1.220,1790766284424787.053	,1790766284424788.273	
0,FloorDiv_41dadce325b0f810d03359af2a38990b_high_performance_210000000,AI_VECTOR_CORE,47,3369,1.980,1790766284424788.833	,1790766284424790.813	
0,Cast_39a266ce9a8d7d9ead33f6686e936b72_high_performance_210000000,AI_VECTOR_CORE,47,3370,1.200,1790766284424800.094	,1790766284424801.294	
0,N/A,MEMCPY_ASYNC,47,3371,0.600,1790766284424927.336	,1790766284424927.936	
0,N/A,MEMCPY_ASYNC,47,3372,0.620,1790766284425029.358	,1790766284425029.978	
0,N/A,MEMCPY_ASYNC,47,3373,0.760,1790766284426089.079	,1790766284426089.839	
0,N/A,MEMCPY_ASYNC,47,3374,0.640,1790766284426257.603	,1790766284426258.243	
0,N/A,MEMCPY_ASYNC,47,3375,0.660,1790766284426405.206	,1790766284426405.866	
0,Sub_9342884c99c006e21fc9d5d9260b8bef_high_performance_210000000,AI_VECTOR_CORE,47,3376,1.340,1790766284426482.907	,1790766284426484.247	
0,N/A,MEMCPY_ASYNC,47,3377,0.600,1790766284427147.821	,1790766284427148.421	
0,N/A,MEMCPY_ASYNC,47,3378,0.600,1790766284427316.004	,1790766284427316.604	
0,N/A,MEMCPY_ASYNC,47,3379,0.640,1790766284427445.366	,1790766284427446.006	
0,Sub_9342884c99c006e21fc9d5d9260b8bef_high_performance_210000000,AI_VECTOR_CORE,47,3380,1.380,1790766284427518.528	,1790766284427519.908	
0,N/A,MEMCPY_ASYNC,47,3381,0.600,1790766284428183.401	,1790766284428184.001	
0,N/A,MEMCPY_ASYNC,47,3382,0.620,1790766284428357.985	,1790766284428358.605	
0,N/A,MEMCPY_ASYNC,47,3383,0.600,1790766284428531.588	,1790766284428532.188	
0,Sub_9342884c99c006e21fc9d5d9260b8bef_high_performance_210000000,AI_VECTOR_CORE,47,3384,1.440,1790766284428614.650	,1790766284428616.090	
0,N/A,EVENT_RECORD,47,3385,0.020,1790766284428923.796	,1790766284428923.816	
0,Fill_279daeaf6b659300647aba3935d90048_high_performance_210000000,AI_VECTOR_CORE,47,3386,1.520,1790766284429338.744	,1790766284429340.264	
0,N/A,MEMCPY_ASYNC,47,3387,0.620,1790766284429429.066	,1790766284429429.686	
0,Fill_279daeaf6b659300647aba3935d90048_high_performance_210000000,AI_VECTOR_CORE,47,3388,1.300,1790766284429479.727	,1790766284429481.027	
0,N/A,MODEL_EXECUTE,47,3389,3.180,1790766284429767.573	,1790766284429770.753	
0,Cast_e87590d11ccda8b259ab6b1ea7212319_high_performance_210000000,AI_VECTOR_CORE,11,0,1.300,1790766284429770.873	,1790766284429772.173	
0,GatherV2_7869a97190b9b4d296d9414a005b954b_high_precision_900015015,AI_VECTOR_CORE,11,1,8.420,1790766284429772.213	,1790766284429780.633	
0,BroadcastTo_7e5992d3033ef32a3463c5d198e518a1_high_performance_221000002,AI_VECTOR_CORE,11,2,6.020,1790766284429780.653	,1790766284429786.673	
0,N/A,NOTIFY_WAIT,47,3390,2997.379,1790766284429785.813	,1790766284432783.193	
0,HcPre_6c9f0fa710253eff38b1c0e6be6a67be_0,MIX_AIC,11,3,29.400,1790766284429787.833	,1790766284429817.234	
0,RmsNorm_normal_all_bf16_high_performance_0,AI_VECTOR_CORE,11,4,4.660,1790766284429818.334	,1790766284429822.994	
0,MatMulV2_ND_ND_FP16_FP16_false_true_all_98499,AI_CORE,11,5,156.583,1790766284429823.014	,1790766284429979.597	
0,MatMulV2_ND_ND_FP16_FP16_false_true_all_98325,AI_CORE,11,6,7.700,1790766284429979.617	,1790766284429987.317	
0,MatMulV2_ND_ND_FP16_FP16_false_true_all_98325,AI_CORE,11,7,5.680,1790766284429987.337	,1790766284429993.017	
0,ZerosLike_1c4543fdfe7149b6b0717bd88f061562_high_performance_210000000,AI_VECTOR_CORE,11,8,5.140,1790766284429993.037	,1790766284429998.177	
0,_copy_conv_state_kernel,AI_VECTOR_CORE,11,9,8.040,1790766284429998.197	,1790766284430006.238	
0,CausalConv1d_b0123b7fae3057c534dbb03661977c42_1,MIX_AIC,11,10,12.900,1790766284430007.698	,1790766284430020.598	
0,N/A,MEMCPY_ASYNC,11,11,0.660,1790766284430021.718	,1790766284430022.378	
0,_copy_conv_state_kernel,AI_VECTOR_CORE,11,12,7.300,1790766284430022.398	,1790766284430029.698	
0,RecurrentKda_1ac9a791ca2957b2fe0a2e96909b5782_0,AI_VECTOR_CORE,11,13,31.520,1790766284430029.718	,1790766284430061.239	
0,_write_output,AI_VECTOR_CORE,11,14,3.000,1790766284430061.259	,1790766284430064.259	
0,layer_norm_gated_fwd_kernel,AI_VECTOR_CORE,11,15,3.180,1790766284430064.279	,1790766284430067.459	
0,MatMulV2_ND_ND_FP16_FP16_false_true_all_98499,AI_CORE,11,16,53.781,1790766284430067.499	,1790766284430121.280	
0,HcPost_d2fe6614722b27afa6f8d964c215447e_0,AI_VECTOR_CORE,11,17,7.200,1790766284430121.300	,1790766284430128.500	
0,HcPre_6c9f0fa710253eff38b1c0e6be6a67be_0,MIX_AIC,11,18,29.460,1790766284430129.500	,1790766284430158.961	
0,RmsNorm_normal_all_bf16_high_performance_0,AI_VECTOR_CORE,11,19,4.480,1790766284430159.961	,1790766284430164.441	
0,MatMulV2_ND_ND_FP16_FP16_false_true_all_98499,AI_CORE,11,20,158.083,1790766284430164.461	,1790766284430322.544	
0,ClipByValueV2_e87c9546cf2804355cf0d9445a2db01a_high_performance_220000000,AI_VECTOR_CORE,11,21,5.200,1790766284430322.564	,1790766284430327.764	
0,ClipByValueV2_e87c9546cf2804355cf0d9445a2db01a_high_performance_220000000,AI_VECTOR_CORE,11,22,4.320,1790766284430327.804	,1790766284430332.124	
0,Muls_299cf4d7f9ef0f745d89d88c666b45aa_high_performance_210000000,AI_VECTOR_CORE,11,23,3.180,1790766284430332.144	,1790766284430335.324	
0,Sigmoid_1c4543fdfe7149b6b0717bd88f061562_high_precision_210000000,AI_VECTOR_CORE,11,24,3.760,1790766284430335.364	,1790766284430339.124	
0,Mul_ce3d1ff8ba23a0bcb292da3577c1625d_high_performance_210020000,AI_VECTOR_CORE,11,25,3.280,1790766284430339.144	,1790766284430342.424	
0,Add_ce3d1ff8ba23a0bcb292da3577c1625d_high_performance_223000000,AI_VECTOR_CORE,11,26,3.240,1790766284430342.444	,1790766284430345.684	
0,Mul_ce3d1ff8ba23a0bcb292da3577c1625d_high_performance_210020000,AI_VECTOR_CORE,11,27,3.700,1790766284430345.704	,1790766284430349.404	
0,MatMulV2_ND_ND_FP16_FP16_false_true_all_98513,AI_CORE,11,28,104.402,1790766284430349.424	,1790766284430453.827	
0,HcPost_d2fe6614722b27afa6f8d964c215447e_0,AI_VECTOR_CORE,11,29,7.520,1790766284430453.847	,1790766284430461.367	
0,HcPre_6c9f0fa710253eff38b1c0e6be6a67be_0,MIX_AIC,11,30,29.040,1790766284430462.487	,1790766284430491.527	
0,RmsNorm_normal_all_bf16_high_performance_0,AI_VECTOR_CORE,11,31,4.340,1790766284430492.387	,1790766284430496.727	
0,MatMulV2_ND_ND_FP16_FP16_false_true_all_98499,AI_CORE,11,32,156.263,1790766284430496.747	,1790766284430653.011	
0,MatMulV2_ND_ND_FP16_FP16_false_true_all_98325,AI_CORE,11,33,6.320,1790766284430653.031	,1790766284430659.351	
0,MatMulV2_ND_ND_FP16_FP16_false_true_all_98325,AI_CORE,11,34,5.240,1790766284430659.371	,1790766284430664.611	
0,ZerosLike_1c4543fdfe7149b6b0717bd88f061562_high_performance_210000000,AI_VECTOR_CORE,11,35,5.120,1790766284430664.631	,1790766284430669.751	
0,_copy_conv_state_kernel,AI_VECTOR_CORE,11,36,11.440,1790766284430669.771	,1790766284430681.211	
0,CausalConv1d_b0123b7fae3057c534dbb03661977c42_1,MIX_AIC,11,37,13.060,1790766284430682.351	,1790766284430695.411	
0,N/A,MEMCPY_ASYNC,11,38,0.660,1790766284430696.371	,1790766284430697.031	
0,_copy_conv_state_kernel,AI_VECTOR_CORE,11,39,9.560,1790766284430697.051	,1790766284430706.612	
0,RecurrentKda_1ac9a791ca2957b2fe0a2e96909b5782_0,AI_VECTOR_CORE,11,40,38.300,1790766284430706.652	,1790766284430744.952	
0,_write_output,AI_VECTOR_CORE,11,41,2.840,1790766284430744.972	,1790766284430747.812	
0,layer_norm_gated_fwd_kernel,AI_VECTOR_CORE,11,42,3.200,1790766284430747.832	,1790766284430751.032	
0,MatMulV2_ND_ND_FP16_FP16_false_true_all_98499,AI_CORE,11,43,64.381,1790766284430751.052	,1790766284430815.434	
0,HcPost_d2fe6614722b27afa6f8d964c215447e_0,AI_VECTOR_CORE,11,44,7.180,1790766284430815.454	,1790766284430822.634	
0,HcPre_6c9f0fa710253eff38b1c0e6be6a67be_0,MIX_AIC,11,45,29.340,1790766284430823.814	,1790766284430853.155	
0,RmsNorm_normal_all_bf16_high_performance_0,AI_VECTOR_CORE,11,46,4.440,1790766284430854.315	,1790766284430858.755	
0,MatMulV2_ND_ND_FP16_FP16_false_true_all_98499,AI_CORE,11,47,164.323,1790766284430858.775	,1790766284431023.098	
0,ClipByValueV2_e87c9546cf2804355cf0d9445a2db01a_high_performance_220000000,AI_VECTOR_CORE,11,48,5.320,1790766284431023.118	,1790766284431028.438	
0,ClipByValueV2_e87c9546cf2804355cf0d9445a2db01a_high_performance_220000000,AI_VECTOR_CORE,11,49,4.620,1790766284431028.458	,1790766284431033.078	
0,Muls_299cf4d7f9ef0f745d89d88c666b45aa_high_performance_210000000,AI_VECTOR_CORE,11,50,3.040,1790766284431033.118	,1790766284431036.158	
0,Sigmoid_1c4543fdfe7149b6b0717bd88f061562_high_precision_210000000,AI_VECTOR_CORE,11,51,3.960,1790766284431036.178	,1790766284431040.138	
0,Mul_ce3d1ff8ba23a0bcb292da3577c1625d_high_performance_210020000,AI_VECTOR_CORE,11,52,3.180,1790766284431040.158	,1790766284431043.338	
0,Add_ce3d1ff8ba23a0bcb292da3577c1625d_high_performance_223000000,AI_VECTOR_CORE,11,53,3.120,1790766284431043.358	,1790766284431046.478	
0,Mul_ce3d1ff8ba23a0bcb292da3577c1625d_high_performance_210020000,AI_VECTOR_CORE,11,54,3.640,1790766284431046.498	,1790766284431050.138	
0,MatMulV2_ND_ND_FP16_FP16_false_true_all_98513,AI_CORE,11,55,100.022,1790766284431050.158	,1790766284431150.180	
0,HcPost_d2fe6614722b27afa6f8d964c215447e_0,AI_VECTOR_CORE,11,56,7.160,1790766284431150.220	,1790766284431157.381	
0,HcPre_6c9f0fa710253eff38b1c0e6be6a67be_0,MIX_AIC,11,57,25.360,1790766284431158.561	,1790766284431183.921	
0,RmsNorm_normal_all_bf16_high_performance_0,AI_VECTOR_CORE,11,58,4.660,1790766284431184.741	,1790766284431189.401	
0,MatMulV2_ND_ND_FP16_FP16_false_true_all_98499,AI_CORE,11,59,149.282,1790766284431189.421	,1790766284431338.704	
0,MatMulV2_ND_ND_FP16_FP16_false_true_all_98325,AI_CORE,11,60,6.660,1790766284431338.724	,1790766284431345.384	
0,MatMulV2_ND_ND_FP16_FP16_false_true_all_98325,AI_CORE,11,61,5.160,1790766284431345.404	,1790766284431350.564	
0,ZerosLike_1c4543fdfe7149b6b0717bd88f061562_high_performance_210000000,AI_VECTOR_CORE,11,62,5.180,1790766284431350.604	,1790766284431355.785	
0,_copy_conv_state_kernel,AI_VECTOR_CORE,11,63,8.260,1790766284431355.805	,1790766284431364.065	
0,CausalConv1d_b0123b7fae3057c534dbb03661977c42_1,MIX_AIC,11,64,12.880,1790766284431365.145	,1790766284431378.025	
0,N/A,MEMCPY_ASYNC,11,65,0.680,1790766284431379.145	,1790766284431379.825	
0,_copy_conv_state_kernel,AI_VECTOR_CORE,11,66,7.420,1790766284431379.845	,1790766284431387.265	
0,RecurrentKda_1ac9a791ca2957b2fe0a2e96909b5782_0,AI_VECTOR_CORE,11,67,31.900,1790766284431387.285	,1790766284431419.186	
0,_write_output,AI_VECTOR_CORE,11,68,2.820,1790766284431419.206	,1790766284431422.026	
0,layer_norm_gated_fwd_kernel,AI_VECTOR_CORE,11,69,3.280,1790766284431422.066	,1790766284431425.346	
0,MatMulV2_ND_ND_FP16_FP16_false_true_all_98499,AI_CORE,11,70,58.941,1790766284431425.366	,1790766284431484.307	
0,HcPost_d2fe6614722b27afa6f8d964c215447e_0,AI_VECTOR_CORE,11,71,7.180,1790766284431484.327	,1790766284431491.507	
0,HcPre_6c9f0fa710253eff38b1c0e6be6a67be_0,MIX_AIC,11,72,29.280,1790766284431492.887	,1790766284431522.168	
0,RmsNorm_normal_all_bf16_high_performance_0,AI_VECTOR_CORE,11,73,4.400,1790766284431523.368	,1790766284431527.768	
0,MatMulV2_ND_ND_FP16_FP16_false_true_all_98499,AI_CORE,11,74,157.943,1790766284431527.788	,1790766284431685.731	
0,ClipByValueV2_e87c9546cf2804355cf0d9445a2db01a_high_performance_220000000,AI_VECTOR_CORE,11,75,5.340,1790766284431685.771	,1790766284431691.111	
0,ClipByValueV2_e87c9546cf2804355cf0d9445a2db01a_high_performance_220000000,AI_VECTOR_CORE,11,76,4.700,1790766284431691.131	,1790766284431695.831	
0,Muls_299cf4d7f9ef0f745d89d88c666b45aa_high_performance_210000000,AI_VECTOR_CORE,11,77,2.960,1790766284431695.851	,1790766284431698.811	
0,Sigmoid_1c4543fdfe7149b6b0717bd88f061562_high_precision_210000000,AI_VECTOR_CORE,11,78,3.620,1790766284431698.851	,1790766284431702.472	
0,Mul_ce3d1ff8ba23a0bcb292da3577c1625d_high_performance_210020000,AI_VECTOR_CORE,11,79,3.240,1790766284431702.512	,1790766284431705.752	
0,Add_ce3d1ff8ba23a0bcb292da3577c1625d_high_performance_223000000,AI_VECTOR_CORE,11,80,3.220,1790766284431705.792	,1790766284431709.012	
0,Mul_ce3d1ff8ba23a0bcb292da3577c1625d_high_performance_210020000,AI_VECTOR_CORE,11,81,3.680,1790766284431709.032	,1790766284431712.712	
0,MatMulV2_ND_ND_FP16_FP16_false_true_all_98513,AI_CORE,11,82,100.802,1790766284431712.732	,1790766284431813.534	
0,HcPost_d2fe6614722b27afa6f8d964c215447e_0,AI_VECTOR_CORE,11,83,7.340,1790766284431813.554	,1790766284431820.894	
0,HcPre_6c9f0fa710253eff38b1c0e6be6a67be_0,MIX_AIC,11,84,27.160,1790766284431821.854	,1790766284431849.014	
0,RmsNorm_normal_all_bf16_high_performance_0,AI_VECTOR_CORE,11,85,4.480,1790766284431849.874	,1790766284431854.355	
0,MatMulV2_ND_ND_FP16_FP16_false_true_all_98513,AI_CORE,11,86,18.700,1790766284431854.375	,1790766284431873.075	
0,RmsNorm_normal_all_bf16_high_performance_2,AI_VECTOR_CORE,11,87,5.260,1790766284431873.095	,1790766284431878.355	
0,RmsNorm_normal_all_bf16_high_performance_2,AI_VECTOR_CORE,11,88,3.780,1790766284431878.375	,1790766284431882.155	
0,ScatterNdUpdate_bfloat16_int32_high_precision_11,MIX_AIV,11,89,4.920,1790766284431883.235	,1790766284431888.155	
0,MatMulV2_ND_ND_FP16_FP16_false_true_all_98499,AI_CORE,11,90,46.000,1790766284431889.315	,1790766284431935.316	
0,TransposeBatchMatMul_ND_ND_ND_ND_ND_BF16_BF16_BF16_INT64_BF16_high_performance_32,AI_CORE,11,91,24.240,1790766284431935.336	,1790766284431959.577	
0,Cast_b2717900ea7de2d41ea9c63d23aa269b_high_performance_210000000,AI_VECTOR_CORE,11,92,1.900,1790766284431959.597	,1790766284431961.497	
0,MatMulV2_ND_ND_FP32_FP32_false_true_all_65665,AI_CORE,11,93,9.800,1790766284431961.517	,1790766284431971.317	
0,N/A,EVENT_WAIT,39,19,1887.777,1790766284431965.037	,1790766284433852.814	
0,LayerNormV3_23ae115d70bd435e4cb966a52be97b55_high_precision_1600400500,AI_VECTOR_CORE,11,94,5.800,1790766284431971.337	,1790766284431977.137	
0,MatMulV2_ND_ND_FP32_FP32_false_true_all_65665,AI_CORE,11,95,8.540,1790766284431977.157	,1790766284431985.697	
0,MatMulV2_ND_ND_FP16_FP16_false_true_all_98499,AI_CORE,11,96,16.420,1790766284431985.737	,1790766284432002.157	
0,Cast_9f288b80370c6545ffe8cef142d37f5c_high_performance_210000000,AI_VECTOR_CORE,11,97,1.240,1790766284432002.197	,1790766284432003.438	
0,Muls_299cf4d7f9ef0f745d89d88c666b45aa_high_performance_210000000,AI_VECTOR_CORE,11,98,1.220,1790766284432003.458	,1790766284432004.678	
0,_glm5_next_kpool_tail_compress_kernel,AI_VECTOR_CORE,11,99,1.820,1790766284432004.698	,1790766284432006.518	
0,_store_kpool_tail_kernel,AI_VECTOR_CORE,11,100,3.060,1790766284432006.558	,1790766284432009.618	
0,Cast_b2717900ea7de2d41ea9c63d23aa269b_high_performance_210000000,AI_VECTOR_CORE,11,101,1.620,1790766284432009.638	,1790766284432011.258	
0,Cast_b2717900ea7de2d41ea9c63d23aa269b_high_performance_210000000,AI_VECTOR_CORE,11,102,1.180,1790766284432011.278	,1790766284432012.458	
0,Mul_ee98c6628030785f610b924ab1557b31_high_performance_212000002,AI_VECTOR_CORE,11,103,8.020,1790766284432012.478	,1790766284432020.498	
0,ReduceSum_7a09f5b7af4126487a7f726a9aac7548_high_performance_82100900,MIX_AIV,11,104,8.520,1790766284432021.478	,1790766284432029.998	
0,_glm5_next_lightning_indexer_score_kernel,AI_VECTOR_CORE,11,105,7.100,1790766284432031.198	,1790766284432038.298	
0,TopKV2_5c671486fda0d949d7cba9a9754bc2dd_high_performance_2017612701781458944,MIX_AIV,11,106,6.380,1790766284432039.578	,1790766284432045.958	
0,Cast_e87590d11ccda8b259ab6b1ea7212319_high_performance_210000000,AI_VECTOR_CORE,11,107,1.520,1790766284432046.878	,1790766284432048.398	
0,Cast_39a266ce9a8d7d9ead33f6686e936b72_high_performance_210000000,AI_VECTOR_CORE,11,108,1.440,1790766284432048.418	,1790766284432049.858	
0,_expand_pool_indices,AI_VECTOR_CORE,11,109,9.000,1790766284432049.898	,1790766284432058.899	
0,SparseFlashAttention_2e25ad8fefac1f04c03bd78f2d2ab366_1158,MIX_AIC,11,110,28.120,1790766284432060.019	,1790766284432088.139	
0,TransposeBatchMatMul_ND_ND_ND_ND_ND_BF16_BF16_BF16_INT64_BF16_high_performance_32,AI_CORE,11,111,21.420,1790766284432089.279	,1790766284432110.700	
0,MatMulV2_ND_ND_FP16_FP16_false_true_all_98513,AI_CORE,11,112,133.642,1790766284432110.740	,1790766284432244.382	
0,N/A,MEMCPY_ASYNC,11,113,0.560,1790766284432244.402	,1790766284432244.962	
0,HcPost_d2fe6614722b27afa6f8d964c215447e_0,AI_VECTOR_CORE,11,114,7.260,1790766284432245.002	,1790766284432252.262	
0,HcPre_6c9f0fa710253eff38b1c0e6be6a67be_0,MIX_AIC,11,115,27.980,1790766284432253.603	,1790766284432281.583	
0,RmsNorm_normal_all_bf16_high_performance_0,AI_VECTOR_CORE,11,116,4.580,1790766284432282.303	,1790766284432286.883	
0,N/A,EVENT_RECORD,11,117,0.020,1790766284432286.903	,1790766284432286.923	
0,Cast_b2717900ea7de2d41ea9c63d23aa269b_high_performance_210000000,AI_VECTOR_CORE,11,118,1.700,1790766284432286.963	,1790766284432288.663	
0,MatMulV2_ND_ND_FP32_FP32_false_true_all_65665,AI_CORE,11,119,5.980,1790766284432288.683	,1790766284432294.663	
0,N/A,EVENT_RECORD,11,120,0.020,1790766284432294.683	,1790766284432294.703	
0,MoeGatingTopK_81369a2fa0455f39b5d19d432d261f57_1,AI_VECTOR_CORE,11,121,4.280,1790766284432294.743	,1790766284432299.023	
0,N/A,EVENT_RECORD,11,122,0.020,1790766284432299.063	,1790766284432299.083	
0,MoeInitRoutingV3_4ca8d2d329b4477b44dd2ee885849b12_2100000,MIX_AIV,11,123,9.860,1790766284432300.163	,1790766284432310.024	
0,GroupedMatmul_0d2d43751f81d7f29646a862147967c9_68885275,MIX_AIC,11,124,207.944,1790766284432312.944	,1790766284432520.888	
0,N/A,EVENT_WAIT,45,183,1489.329,1790766284432363.545	,1790766284433852.874	
0,Slice_ee29dafe4fe21e12bb8d56ae91626cba_high_performance_524000000,AI_VECTOR_CORE,11,125,2.740,1790766284432521.668	,1790766284432524.408	
0,ClipByValueV2_e87c9546cf2804355cf0d9445a2db01a_high_performance_220000000,AI_VECTOR_CORE,11,126,5.700,1790766284432524.428	,1790766284432530.128	
0,ViewCopy_7778b2d0a2938f9247cc0c9f84559eb2_high_performance__kernel0,AI_VECTOR_CORE,11,127,9.700,1790766284432530.168	,1790766284432539.868	
0,Slice_ee29dafe4fe21e12bb8d56ae91626cba_high_performance_524000000,AI_VECTOR_CORE,11,128,2.260,1790766284432539.888	,1790766284432542.148	
0,ClipByValueV2_e87c9546cf2804355cf0d9445a2db01a_high_performance_220000000,AI_VECTOR_CORE,11,129,4.740,1790766284432542.168	,1790766284432546.908	
0,ViewCopy_7778b2d0a2938f9247cc0c9f84559eb2_high_performance__kernel0,AI_VECTOR_CORE,11,130,9.960,1790766284432546.928	,1790766284432556.889	
0,SwiGlu_3_high_performance_27,AI_VECTOR_CORE,11,131,5.300,1790766284432556.929	,1790766284432562.229	
0,N/A,EVENT_RECORD,11,132,0.000,1790766284432562.269	,1790766284432562.269	
0,GroupedMatmul_0d2d43751f81d7f29646a862147967c9_68885275,MIX_AIC,11,133,107.722,1790766284432563.349	,1790766284432671.071	
0,N/A,EVENT_RECORD,11,134,0.020,1790766284432671.951	,1790766284432671.971	
0,Cast_9f288b80370c6545ffe8cef142d37f5c_high_performance_210000000,AI_VECTOR_CORE,11,135,1.260,1790766284432671.991	,1790766284432673.251	
0,Abs_8098b79498645e9c0da095babdeaf862_high_performance_210000000,AI_VECTOR_CORE,11,136,1.540,1790766284432673.271	,1790766284432674.811	
0,MoeTokenUnpermute_6dd49246dc9576d3314234df69cb5c22_1,AI_VECTOR_CORE,11,137,4.260,1790766284432674.831	,1790766284432679.091	
0,MatMulV2_ND_ND_FP16_FP16_false_true_all_98499,AI_CORE,11,138,29.400,1790766284432679.111	,1790766284432708.512	
0,ClipByValueV2_e87c9546cf2804355cf0d9445a2db01a_high_performance_220000000,AI_VECTOR_CORE,11,139,1.720,1790766284432708.532	,1790766284432710.252	
0,ClipByValueV2_e87c9546cf2804355cf0d9445a2db01a_high_performance_220000000,AI_VECTOR_CORE,11,140,1.660,1790766284432710.292	,1790766284432711.952	
0,Muls_299cf4d7f9ef0f745d89d88c666b45aa_high_performance_210000000,AI_VECTOR_CORE,11,141,1.240,1790766284432711.972	,1790766284432713.212	
0,Sigmoid_1c4543fdfe7149b6b0717bd88f061562_high_precision_210000000,AI_VECTOR_CORE,11,142,1.620,1790766284432713.232	,1790766284432714.852	
0,Mul_ce3d1ff8ba23a0bcb292da3577c1625d_high_performance_210020000,AI_VECTOR_CORE,11,143,1.860,1790766284432714.872	,1790766284432716.732	
0,Add_ce3d1ff8ba23a0bcb292da3577c1625d_high_performance_223000000,AI_VECTOR_CORE,11,144,1.460,1790766284432716.752	,1790766284432718.212	
0,Mul_ce3d1ff8ba23a0bcb292da3577c1625d_high_performance_210020000,AI_VECTOR_CORE,11,145,1.420,1790766284432718.232	,1790766284432719.652	
0,MatMulV2_ND_ND_FP16_FP16_false_true_all_98499,AI_CORE,11,146,17.900,1790766284432719.672	,1790766284432737.572	
0,ForeachAddList_c73cb8f503197be65eaf63148ad48de4_high_performance_4,AI_VECTOR_CORE,11,147,14.460,1790766284432737.592	,1790766284432752.052	
0,HcPost_d2fe6614722b27afa6f8d964c215447e_0,AI_VECTOR_CORE,11,148,6.000,1790766284432752.072	,1790766284432758.073	
0,ReduceMean_9a2479d4dc5148645cb3f4b9e765c637_high_precision_92100900,MIX_AIV,11,149,18.540,1790766284432759.493	,1790766284432778.033	
0,RmsNorm_normal_all_bf16_high_performance_0,AI_VECTOR_CORE,11,150,3.100,1790766284432778.993	,1790766284432782.093	
0,N/A,EVENT_RESET,11,151,0.100,1790766284432782.113	,1790766284432782.213	
0,N/A,EVENT_RESET,11,152,0.080,1790766284432782.233	,1790766284432782.313	
0,N/A,EVENT_RESET,11,153,0.080,1790766284432782.353	,1790766284432782.433	
0,N/A,EVENT_RESET,11,154,0.100,1790766284432782.453	,1790766284432782.553	
0,N/A,EVENT_RESET,11,155,0.100,1790766284432782.573	,1790766284432782.673	
0,N/A,NOTIFY_RECORD,11,156,0.020,1790766284432782.693	,1790766284432782.713	
0,IndexCheck_int32_high_performance_1,AI_VECTOR_CORE,47,3391,3.140,1790766284432783.273	,1790766284432786.413	
0,Index_b1b18d29d34a3b544b5bb6b3f56177c3_high_performance__kernel0,AI_VECTOR_CORE,47,3392,8.080,1790766284432786.433	,1790766284432794.513	
0,MatMulV2_ND_ND_FP16_FP16_false_true_all_98499,AI_CORE,47,3393,891.737,1790766284432794.553	,1790766284433686.291	
0,Cast_b2717900ea7de2d41ea9c63d23aa269b_high_performance_210000000,AI_VECTOR_CORE,47,3394,7.520,1790766284433686.311	,1790766284433693.831	
0,LogSoftmaxV2_291664ae3e88b38b8b46c2efbbea27c9_high_precision_400001,AI_VECTOR_CORE,47,3395,44.020,1790766284433693.851	,1790766284433737.872	
0,Cast_b2717900ea7de2d41ea9c63d23aa269b_high_performance_210000000,AI_VECTOR_CORE,47,3396,2.540,1790766284433737.912	,1790766284433740.452	
0,ArgMaxV2_4402011f777d6374ab9f6425cb5984c4_high_performance_3,AI_VECTOR_CORE,47,3397,19.360,1790766284433740.472	,1790766284433759.833	
0,Cast_e87590d11ccda8b259ab6b1ea7212319_high_performance_210000000,AI_VECTOR_CORE,47,3398,1.440,1790766284433759.853	,1790766284433761.293	
0,TopKV2_5c671486fda0d949d7cba9a9754bc2dd_high_performance_2017612907941986305,MIX_AIV,47,3399,18.480,1790766284433762.173	,1790766284433780.653	
0,TopKV2_5c671486fda0d949d7cba9a9754bc2dd_high_performance_2017612701781458944,MIX_AIV,47,3400,3.800,1790766284433783.513	,1790766284433787.313	
0,GatherElements_8b4ec10fbb39c5c0a65192c606400b29_high_performance__kernel0,AI_VECTOR_CORE,47,3401,8.140,1790766284433788.353	,1790766284433796.493	
0,Cast_e87590d11ccda8b259ab6b1ea7212319_high_performance_210000000,AI_VECTOR_CORE,47,3402,1.060,1790766284433796.513	,1790766284433797.573	
0,Cast_39a266ce9a8d7d9ead33f6686e936b72_high_performance_210000000,AI_VECTOR_CORE,47,3403,1.580,1790766284433797.593	,1790766284433799.173	
0,GatherElementsV2_fp32_high_performance_2,AI_VECTOR_CORE,47,3404,3.780,1790766284433799.213	,1790766284433802.993	
0,GreaterEqual_3efaad932f458d7892fdb0715ec85b2b_high_performance_223000000,AI_VECTOR_CORE,47,3405,8.400,1790766284433803.033	,1790766284433811.434	
0,Cast_df2b778f1b80e749bd4242386ec57ab9_high_performance_210000000,AI_VECTOR_CORE,47,3406,6.700,1790766284433811.454	,1790766284433818.154	
0,ReduceSum_7a09f5b7af4126487a7f726a9aac7548_high_performance_110001000400,MIX_AIV,47,3407,22.800,1790766284433819.314	,1790766284433842.114	
0,Cast_c6738f795430c3c6f09cdc8d52a1b43d_high_performance_210000000,AI_VECTOR_CORE,47,3408,1.280,1790766284433843.114	,1790766284433844.394	
0,ConcatD_0d745295987e1c668b2ec8b2844aeada_high_performance_3000001,AI_VECTOR_CORE,47,3409,2.860,1790766284433844.414	,1790766284433847.274	
0,ConcatD_233851a3505389e43928a8bba133a74d_high_performance_3000001,AI_VECTOR_CORE,47,3410,1.900,1790766284433847.294	,1790766284433849.194	
0,Cast_39a266ce9a8d7d9ead33f6686e936b72_high_performance_210000000,AI_VECTOR_CORE,47,3411,1.580,1790766284433849.214	,1790766284433850.794	
0,Cast_39a266ce9a8d7d9ead33f6686e936b72_high_performance_210000000,AI_VECTOR_CORE,47,3412,1.500,1790766284433850.834	,1790766284433852.334	
0,N/A,EVENT_RECORD,47,3413,0.020,1790766284433852.354	,1790766284433852.374	
0,N/A,EVENT_RECORD,47,3414,0.020,1790766284433852.394	,1790766284433852.414	
0,N/A,MEMCPY_ASYNC,45,184,2.140,1790766284433852.894	,1790766284433855.035	
0,N/A,MEMCPY_ASYNC,45,185,2.040,1790766284433855.195	,1790766284433857.235	
0,N/A,MEMCPY_ASYNC,45,186,2.120,1790766284433857.395	,1790766284433859.515	
0,N/A,MEMCPY_ASYNC,45,187,2.000,1790766284433859.675	,1790766284433861.675	
0,N/A,EVENT_RECORD,45,188,0.020,1790766284433861.835	,1790766284433861.855	
0,N/A,EVENT_RECORD,45,189,0.000,1790766284433861.875	,1790766284433861.875	
0,N/A,EVENT_RECORD,45,190,0.020,1790766284433951.176	,1790766284433951.196	
0,N/A,EVENT_RECORD,45,191,0.000,1790766284434383.685	,1790766284434383.685	
0,N/A,EVENT_RECORD,45,192,0.020,1790766284434398.605	,1790766284434398.625	
0,N/A,MEMCPY_ASYNC,47,3415,2.400,1790766284434423.026	,1790766284434425.426	
0,N/A,MEMCPY_ASYNC,47,3416,2.340,1790766284434679.851	,1790766284434682.191	
0,N/A,MEMCPY_ASYNC,47,3417,2.220,1790766284434754.972	,1790766284434757.193	
0,N/A,MEMCPY_ASYNC,47,3418,2.360,1790766284434836.874	,1790766284434839.234	
0,N/A,MEMCPY_ASYNC,47,3419,2.480,1790766284434916.076	,1790766284434918.556	
0,N/A,MEMCPY_ASYNC,47,3420,2.480,1790766284435200.221	,1790766284435202.701	
0,N/A,MEMCPY_ASYNC,47,3421,2.380,1790766284435393.385	,1790766284435395.765	
0,N/A,MEMCPY_ASYNC,47,3422,2.320,1790766284435440.726	,1790766284435443.046	
0,Fill_1fbc7ee619b707282bbfd034093621df_high_performance_223000000,AI_VECTOR_CORE,47,3423,1.460,1790766284435619.030	,1790766284435620.490	
0,N/A,MEMCPY_ASYNC,47,3424,0.580,1790766284435812.134	,1790766284435812.714	
0,N/A,MEMCPY_ASYNC,47,3425,2.460,1790766284436039.198	,1790766284436041.658	
0,Fill_1fbc7ee619b707282bbfd034093621df_high_performance_223000000,AI_VECTOR_CORE,47,3426,1.660,1790766284436092.359	,1790766284436094.019	
0,N/A,MEMCPY_ASYNC,47,3427,2.220,1790766284436170.941	,1790766284436173.161	
0,N/A,MEMCPY_ASYNC,47,3428,2.500,1790766284436241.082	,1790766284436243.582	
0,N/A,MEMCPY_ASYNC,47,3429,2.360,1790766284436333.024	,1790766284436335.384	
0,N/A,MEMCPY_ASYNC,47,3430,2.400,1790766284436411.146	,1790766284436413.546	
0,IndexCheck_int64_high_performance_0,AI_VECTOR_CORE,47,3431,2.860,1790766284436568.909	,1790766284436571.769	
0,Index_f34e8f0e5e2c96109aa0460550023804_high_performance__kernel0,AI_VECTOR_CORE,47,3432,7.520,1790766284436571.809	,1790766284436579.329	
0,Cast_e87590d11ccda8b259ab6b1ea7212319_high_performance_210000000,AI_VECTOR_CORE,47,3433,1.220,1790766284436644.650	,1790766284436645.870	
0,Add_41dadce325b0f810d03359af2a38990b_high_performance_210000000,AI_VECTOR_CORE,47,3434,2.640,1790766284436714.452	,1790766284436717.092	
0,N/A,MEMCPY_ASYNC,47,3435,0.560,1790766284436829.534	,1790766284436830.094	
0,Add_9342884c99c006e21fc9d5d9260b8bef_high_performance_210000000,AI_VECTOR_CORE,47,3436,1.500,1790766284436914.936	,1790766284436916.436	
0,N/A,MEMCPY_ASYNC,47,3437,0.660,1790766284437013.998	,1790766284437014.658	
0,Fill_1fbc7ee619b707282bbfd034093621df_high_performance_223000000,AI_VECTOR_CORE,47,3438,1.340,1790766284437067.419	,1790766284437068.759	
0,_compute_slot_mapping_fused_groups_kernel,AI_VECTOR_CORE,47,3439,21.920,1790766284437464.027	,1790766284437485.947	
0,Sub_9342884c99c006e21fc9d5d9260b8bef_high_performance_210000000,AI_VECTOR_CORE,47,3440,1.520,1790766284437616.130	,1790766284437617.650	
0,N/A,MEMCPY_ASYNC,47,3441,2.500,1790766284438032.718	,1790766284438035.218	
0,Cast_e87590d11ccda8b259ab6b1ea7212319_high_performance_210000000,AI_VECTOR_CORE,47,3442,1.200,1790766284438760.033	,1790766284438761.233	
0,FloorDiv_41dadce325b0f810d03359af2a38990b_high_performance_223000000,AI_VECTOR_CORE,47,3443,3.560,1790766284438762.273	,1790766284438765.833	
0,Cast_39a266ce9a8d7d9ead33f6686e936b72_high_performance_210000000,AI_VECTOR_CORE,47,3444,1.400,1790766284438765.853	,1790766284438767.253	
0,N/A,MEMCPY_ASYNC,47,3445,0.580,1790766284438918.436	,1790766284438919.016	
0,Cast_e87590d11ccda8b259ab6b1ea7212319_high_performance_210000000,AI_VECTOR_CORE,47,3446,1.280,1790766284439002.937	,1790766284439004.217	
0,GreaterEqual_1ea4da630f56dc1c2d6e7c9a9dd17b11_high_performance_210000000,AI_VECTOR_CORE,47,3447,3.020,1790766284439005.117	,1790766284439008.137	
0,Add_41dadce325b0f810d03359af2a38990b_high_performance_210000000,AI_VECTOR_CORE,47,3448,2.080,1790766284439057.618	,1790766284439059.699	
0,BroadcastTo_41dadce325b0f810d03359af2a38990b_high_performance_210000000,AI_VECTOR_CORE,47,3449,1.440,1790766284439119.360	,1790766284439120.800	
0,FloorMod_41dadce325b0f810d03359af2a38990b_high_precision_210000000,AI_VECTOR_CORE,47,3450,1.840,1790766284439121.480	,1790766284439123.320	
0,Equal_1ea4da630f56dc1c2d6e7c9a9dd17b11_high_performance_210000000,AI_VECTOR_CORE,47,3451,2.900,1790766284439162.061	,1790766284439164.961	
0,LogicalAnd_91d2a3cdd75d915a368582ec5f440af1_high_performance_210000000,AI_VECTOR_CORE,47,3452,1.420,1790766284439212.802	,1790766284439214.222	
0,ClipByValueV2_3bc53d14ff7dfecd0ed0c69136ab471a_high_performance_210000000,AI_VECTOR_CORE,47,3453,1.820,1790766284439265.703	,1790766284439267.523	
0,Cast_e87590d11ccda8b259ab6b1ea7212319_high_performance_210000000,AI_VECTOR_CORE,47,3454,1.180,1790766284439326.684	,1790766284439327.864	
0,FloorDiv_41dadce325b0f810d03359af2a38990b_high_performance_210000000,AI_VECTOR_CORE,47,3455,2.500,1790766284439328.764	,1790766284439331.264	
0,Cast_39a266ce9a8d7d9ead33f6686e936b72_high_performance_210000000,AI_VECTOR_CORE,47,3456,1.380,1790766284439353.184	,1790766284439354.564	
0,BroadcastTo_c71434db8135ff9089d65053721e3417_high_performance_210000000,AI_VECTOR_CORE,47,3457,1.440,1790766284439367.165	,1790766284439368.605	
0,FloorMod_9342884c99c006e21fc9d5d9260b8bef_high_precision_210000000,AI_VECTOR_CORE,47,3458,3.100,1790766284439375.085	,1790766284439378.185	
0,Mul_9342884c99c006e21fc9d5d9260b8bef_high_performance_210000000,AI_VECTOR_CORE,47,3459,1.420,1790766284439418.846	,1790766284439420.266	
0,Cast_e87590d11ccda8b259ab6b1ea7212319_high_performance_210000000,AI_VECTOR_CORE,47,3460,1.180,1790766284439470.947	,1790766284439472.127	
0,FloorDiv_41dadce325b0f810d03359af2a38990b_high_performance_210000000,AI_VECTOR_CORE,47,3461,2.040,1790766284439479.227	,1790766284439481.267	
0,Cast_39a266ce9a8d7d9ead33f6686e936b72_high_performance_210000000,AI_VECTOR_CORE,47,3462,1.440,1790766284439490.887	,1790766284439492.327	
0,Add_9342884c99c006e21fc9d5d9260b8bef_high_performance_210000000,AI_VECTOR_CORE,47,3463,1.320,1790766284439507.647	,1790766284439508.967	
0,Fill_1fbc7ee619b707282bbfd034093621df_high_performance_210000000,AI_VECTOR_CORE,47,3464,1.380,1790766284439580.329	,1790766284439581.709	
0,SelectV2_9bb0969ab50036eba4428cd9974a5c0b_high_performance_210000000,AI_VECTOR_CORE,47,3465,2.100,1790766284439610.270	,1790766284439612.370	
0,Cast_e87590d11ccda8b259ab6b1ea7212319_high_performance_210000000,AI_VECTOR_CORE,47,3466,1.160,1790766284439658.830	,1790766284439659.990	
0,Cast_e87590d11ccda8b259ab6b1ea7212319_high_performance_210000000,AI_VECTOR_CORE,47,3467,1.200,1790766284439749.072	,1790766284439750.272	
0,FloorDiv_41dadce325b0f810d03359af2a38990b_high_performance_210000000,AI_VECTOR_CORE,47,3468,1.920,1790766284439750.972	,1790766284439752.892	
0,Cast_39a266ce9a8d7d9ead33f6686e936b72_high_performance_210000000,AI_VECTOR_CORE,47,3469,1.140,1790766284439761.693	,1790766284439762.833	
0,N/A,MEMCPY_ASYNC,47,3470,0.600,1790766284439881.515	,1790766284439882.115	
0,N/A,MEMCPY_ASYNC,47,3471,0.620,1790766284439968.677	,1790766284439969.297	
0,N/A,MEMCPY_ASYNC,47,3472,0.620,1790766284441009.017	,1790766284441009.637	
0,N/A,MEMCPY_ASYNC,47,3473,0.620,1790766284441176.581	,1790766284441177.201	
0,N/A,MEMCPY_ASYNC,47,3474,0.660,1790766284441322.344	,1790766284441323.004	
0,Sub_9342884c99c006e21fc9d5d9260b8bef_high_performance_210000000,AI_VECTOR_CORE,47,3475,1.380,1790766284441406.805	,1790766284441408.185	
0,N/A,MEMCPY_ASYNC,47,3476,0.600,1790766284442133.200	,1790766284442133.800	
0,N/A,MEMCPY_ASYNC,47,3477,0.580,1790766284442309.963	,1790766284442310.543	
0,N/A,MEMCPY_ASYNC,47,3478,0.640,1790766284442454.006	,1790766284442454.646	
0,Sub_9342884c99c006e21fc9d5d9260b8bef_high_performance_210000000,AI_VECTOR_CORE,47,3479,1.420,1790766284442535.648	,1790766284442537.068	
0,N/A,MEMCPY_ASYNC,47,3480,0.620,1790766284443232.782	,1790766284443233.402	
0,N/A,MEMCPY_ASYNC,47,3481,0.620,1790766284443408.305	,1790766284443408.925	
0,N/A,MEMCPY_ASYNC,47,3482,0.600,1790766284443550.828	,1790766284443551.428	
0,Sub_9342884c99c006e21fc9d5d9260b8bef_high_performance_210000000,AI_VECTOR_CORE,47,3483,1.480,1790766284443637.870	,1790766284443639.350	
0,N/A,EVENT_RECORD,47,3484,0.020,1790766284443889.555	,1790766284443889.575	
0,Fill_279daeaf6b659300647aba3935d90048_high_performance_210000000,AI_VECTOR_CORE,47,3485,1.480,1790766284444293.343	,1790766284444294.823	
0,N/A,MEMCPY_ASYNC,47,3486,0.580,1790766284444375.845	,1790766284444376.425	
0,Fill_279daeaf6b659300647aba3935d90048_high_performance_210000000,AI_VECTOR_CORE,47,3487,1.360,1790766284444439.566	,1790766284444440.926	
0,N/A,MODEL_EXECUTE,47,3488,3.080,1790766284444725.492	,1790766284444728.572	
0,Cast_e87590d11ccda8b259ab6b1ea7212319_high_performance_210000000,AI_VECTOR_CORE,11,0,1.360,1790766284444728.472	,1790766284444729.832	
0,GatherV2_7869a97190b9b4d296d9414a005b954b_high_precision_900015015,AI_VECTOR_CORE,11,1,8.680,1790766284444729.852	,1790766284444738.532	
0,BroadcastTo_7e5992d3033ef32a3463c5d198e518a1_high_performance_221000002,AI_VECTOR_CORE,11,2,6.100,1790766284444738.552	,1790766284444744.652	
0,N/A,NOTIFY_WAIT,47,3489,3008.300,1790766284444742.192	,1790766284447750.492	
0,HcPre_6c9f0fa710253eff38b1c0e6be6a67be_0,MIX_AIC,11,3,29.940,1790766284444745.732	,1790766284444775.673	
0,RmsNorm_normal_all_bf16_high_performance_0,AI_VECTOR_CORE,11,4,4.460,1790766284444776.813	,1790766284444781.273	
0,MatMulV2_ND_ND_FP16_FP16_false_true_all_98499,AI_CORE,11,5,157.383,1790766284444781.293	,1790766284444938.676	
0,MatMulV2_ND_ND_FP16_FP16_false_true_all_98325,AI_CORE,11,6,8.720,1790766284444938.716	,1790766284444947.436	
0,MatMulV2_ND_ND_FP16_FP16_false_true_all_98325,AI_CORE,11,7,5.520,1790766284444947.456	,1790766284444952.976	
0,ZerosLike_1c4543fdfe7149b6b0717bd88f061562_high_performance_210000000,AI_VECTOR_CORE,11,8,5.060,1790766284444952.996	,1790766284444958.056	
0,_copy_conv_state_kernel,AI_VECTOR_CORE,11,9,8.080,1790766284444958.076	,1790766284444966.157	
0,CausalConv1d_b0123b7fae3057c534dbb03661977c42_1,MIX_AIC,11,10,12.600,1790766284444967.297	,1790766284444979.897	
0,N/A,MEMCPY_ASYNC,11,11,0.680,1790766284444980.697	,1790766284444981.377	
0,_copy_conv_state_kernel,AI_VECTOR_CORE,11,12,7.220,1790766284444981.397	,1790766284444988.617	
0,RecurrentKda_1ac9a791ca2957b2fe0a2e96909b5782_0,AI_VECTOR_CORE,11,13,31.320,1790766284444988.637	,1790766284445019.958	
0,_write_output,AI_VECTOR_CORE,11,14,2.800,1790766284445019.978	,1790766284445022.778	
0,layer_norm_gated_fwd_kernel,AI_VECTOR_CORE,11,15,3.240,1790766284445022.818	,1790766284445026.058	
0,MatMulV2_ND_ND_FP16_FP16_false_true_all_98499,AI_CORE,11,16,53.761,1790766284445026.078	,1790766284445079.839	
0,HcPost_d2fe6614722b27afa6f8d964c215447e_0,AI_VECTOR_CORE,11,17,7.140,1790766284445079.879	,1790766284445087.019	
0,HcPre_6c9f0fa710253eff38b1c0e6be6a67be_0,MIX_AIC,11,18,29.080,1790766284445088.479	,1790766284445117.560	
0,RmsNorm_normal_all_bf16_high_performance_0,AI_VECTOR_CORE,11,19,4.400,1790766284445118.340	,1790766284445122.740	
0,MatMulV2_ND_ND_FP16_FP16_false_true_all_98499,AI_CORE,11,20,158.063,1790766284445122.780	,1790766284445280.843	
0,ClipByValueV2_e87c9546cf2804355cf0d9445a2db01a_high_performance_220000000,AI_VECTOR_CORE,11,21,5.100,1790766284445280.863	,1790766284445285.963	
0,ClipByValueV2_e87c9546cf2804355cf0d9445a2db01a_high_performance_220000000,AI_VECTOR_CORE,11,22,4.460,1790766284445286.003	,1790766284445290.463	
0,Muls_299cf4d7f9ef0f745d89d88c666b45aa_high_performance_210000000,AI_VECTOR_CORE,11,23,2.980,1790766284445290.503	,1790766284445293.483	
0,Sigmoid_1c4543fdfe7149b6b0717bd88f061562_high_precision_210000000,AI_VECTOR_CORE,11,24,3.860,1790766284445293.503	,1790766284445297.363	
0,Mul_ce3d1ff8ba23a0bcb292da3577c1625d_high_performance_210020000,AI_VECTOR_CORE,11,25,3.460,1790766284445297.383	,1790766284445300.843	
0,Add_ce3d1ff8ba23a0bcb292da3577c1625d_high_performance_223000000,AI_VECTOR_CORE,11,26,3.040,1790766284445300.883	,1790766284445303.923	
0,Mul_ce3d1ff8ba23a0bcb292da3577c1625d_high_performance_210020000,AI_VECTOR_CORE,11,27,3.540,1790766284445303.943	,1790766284445307.483	
0,MatMulV2_ND_ND_FP16_FP16_false_true_all_98513,AI_CORE,11,28,104.542,1790766284445307.503	,1790766284445412.045	
0,HcPost_d2fe6614722b27afa6f8d964c215447e_0,AI_VECTOR_CORE,11,29,7.220,1790766284445412.065	,1790766284445419.286	
0,HcPre_6c9f0fa710253eff38b1c0e6be6a67be_0,MIX_AIC,11,30,28.800,1790766284445420.286	,1790766284445449.086	
0,RmsNorm_normal_all_bf16_high_performance_0,AI_VECTOR_CORE,11,31,4.400,1790766284445450.186	,1790766284445454.586	
0,MatMulV2_ND_ND_FP16_FP16_false_true_all_98499,AI_CORE,11,32,161.223,1790766284445454.606	,1790766284445615.829	
0,MatMulV2_ND_ND_FP16_FP16_false_true_all_98325,AI_CORE,11,33,6.240,1790766284445615.849	,1790766284445622.090	
0,MatMulV2_ND_ND_FP16_FP16_false_true_all_98325,AI_CORE,11,34,5.440,1790766284445622.110	,1790766284445627.550	
0,ZerosLike_1c4543fdfe7149b6b0717bd88f061562_high_performance_210000000,AI_VECTOR_CORE,11,35,5.080,1790766284445627.570	,1790766284445632.650	
0,_copy_conv_state_kernel,AI_VECTOR_CORE,11,36,11.720,1790766284445632.670	,1790766284445644.390	
0,CausalConv1d_b0123b7fae3057c534dbb03661977c42_1,MIX_AIC,11,37,13.100,1790766284445645.490	,1790766284445658.590	
0,N/A,MEMCPY_ASYNC,11,38,0.660,1790766284445659.490	,1790766284445660.150	
0,_copy_conv_state_kernel,AI_VECTOR_CORE,11,39,9.700,1790766284445660.170	,1790766284445669.871	
0,RecurrentKda_1ac9a791ca2957b2fe0a2e96909b5782_0,AI_VECTOR_CORE,11,40,36.680,1790766284445669.891	,1790766284445706.571	
0,_write_output,AI_VECTOR_CORE,11,41,2.760,1790766284445706.611	,1790766284445709.371	
0,layer_norm_gated_fwd_kernel,AI_VECTOR_CORE,11,42,3.260,1790766284445709.411	,1790766284445712.671	
0,MatMulV2_ND_ND_FP16_FP16_false_true_all_98499,AI_CORE,11,43,63.761,1790766284445712.711	,1790766284445776.473	
0,HcPost_d2fe6614722b27afa6f8d964c215447e_0,AI_VECTOR_CORE,11,44,7.180,1790766284445776.513	,1790766284445783.693	
0,HcPre_6c9f0fa710253eff38b1c0e6be6a67be_0,MIX_AIC,11,45,28.800,1790766284445785.013	,1790766284445813.813	
0,RmsNorm_normal_all_bf16_high_performance_0,AI_VECTOR_CORE,11,46,4.500,1790766284445814.913	,1790766284445819.414	
0,MatMulV2_ND_ND_FP16_FP16_false_true_all_98499,AI_CORE,11,47,163.103,1790766284445819.434	,1790766284445982.537	
0,ClipByValueV2_e87c9546cf2804355cf0d9445a2db01a_high_performance_220000000,AI_VECTOR_CORE,11,48,5.340,1790766284445982.557	,1790766284445987.897	
0,ClipByValueV2_e87c9546cf2804355cf0d9445a2db01a_high_performance_220000000,AI_VECTOR_CORE,11,49,4.460,1790766284445987.917	,1790766284445992.377	
0,Muls_299cf4d7f9ef0f745d89d88c666b45aa_high_performance_210000000,AI_VECTOR_CORE,11,50,2.900,1790766284445992.397	,1790766284445995.297	
0,Sigmoid_1c4543fdfe7149b6b0717bd88f061562_high_precision_210000000,AI_VECTOR_CORE,11,51,3.880,1790766284445995.337	,1790766284445999.217	
0,Mul_ce3d1ff8ba23a0bcb292da3577c1625d_high_performance_210020000,AI_VECTOR_CORE,11,52,3.260,1790766284445999.257	,1790766284446002.517	
0,Add_ce3d1ff8ba23a0bcb292da3577c1625d_high_performance_223000000,AI_VECTOR_CORE,11,53,3.140,1790766284446002.537	,1790766284446005.677	
0,Mul_ce3d1ff8ba23a0bcb292da3577c1625d_high_performance_210020000,AI_VECTOR_CORE,11,54,3.620,1790766284446005.697	,1790766284446009.317	
0,MatMulV2_ND_ND_FP16_FP16_false_true_all_98513,AI_CORE,11,55,99.981,1790766284446009.337	,1790766284446109.319	
0,HcPost_d2fe6614722b27afa6f8d964c215447e_0,AI_VECTOR_CORE,11,56,7.400,1790766284446109.339	,1790766284446116.740	
0,HcPre_6c9f0fa710253eff38b1c0e6be6a67be_0,MIX_AIC,11,57,25.320,1790766284446117.800	,1790766284446143.120	
0,RmsNorm_normal_all_bf16_high_performance_0,AI_VECTOR_CORE,11,58,4.220,1790766284446144.380	,1790766284446148.600	
0,MatMulV2_ND_ND_FP16_FP16_false_true_all_98499,AI_CORE,11,59,149.402,1790766284446148.620	,1790766284446298.023	
0,MatMulV2_ND_ND_FP16_FP16_false_true_all_98325,AI_CORE,11,60,6.860,1790766284446298.063	,1790766284446304.923	
0,MatMulV2_ND_ND_FP16_FP16_false_true_all_98325,AI_CORE,11,61,5.480,1790766284446304.943	,1790766284446310.423	
0,ZerosLike_1c4543fdfe7149b6b0717bd88f061562_high_performance_210000000,AI_VECTOR_CORE,11,62,4.980,1790766284446310.443	,1790766284446315.423	
0,_copy_conv_state_kernel,AI_VECTOR_CORE,11,63,8.420,1790766284446315.463	,1790766284446323.884	
0,CausalConv1d_b0123b7fae3057c534dbb03661977c42_1,MIX_AIC,11,64,13.420,1790766284446324.864	,1790766284446338.284	
0,N/A,MEMCPY_ASYNC,11,65,0.660,1790766284446339.484	,1790766284446340.144	
0,_copy_conv_state_kernel,AI_VECTOR_CORE,11,66,7.300,1790766284446340.184	,1790766284446347.484	
0,RecurrentKda_1ac9a791ca2957b2fe0a2e96909b5782_0,AI_VECTOR_CORE,11,67,30.860,1790766284446347.504	,1790766284446378.365	
0,_write_output,AI_VECTOR_CORE,11,68,2.740,1790766284446378.385	,1790766284446381.125	
0,layer_norm_gated_fwd_kernel,AI_VECTOR_CORE,11,69,3.420,1790766284446381.145	,1790766284446384.565	
0,MatMulV2_ND_ND_FP16_FP16_false_true_all_98499,AI_CORE,11,70,59.561,1790766284446384.605	,1790766284446444.166	
0,HcPost_d2fe6614722b27afa6f8d964c215447e_0,AI_VECTOR_CORE,11,71,7.420,1790766284446444.186	,1790766284446451.606	
0,HcPre_6c9f0fa710253eff38b1c0e6be6a67be_0,MIX_AIC,11,72,29.340,1790766284446452.466	,1790766284446481.807	
0,RmsNorm_normal_all_bf16_high_performance_0,AI_VECTOR_CORE,11,73,4.480,1790766284446482.947	,1790766284446487.427	
0,MatMulV2_ND_ND_FP16_FP16_false_true_all_98499,AI_CORE,11,74,158.323,1790766284446487.447	,1790766284446645.770	
0,ClipByValueV2_e87c9546cf2804355cf0d9445a2db01a_high_performance_220000000,AI_VECTOR_CORE,11,75,5.200,1790766284446645.790	,1790766284446650.990	
0,ClipByValueV2_e87c9546cf2804355cf0d9445a2db01a_high_performance_220000000,AI_VECTOR_CORE,11,76,4.640,1790766284446651.010	,1790766284446655.650	
0,Muls_299cf4d7f9ef0f745d89d88c666b45aa_high_performance_210000000,AI_VECTOR_CORE,11,77,3.120,1790766284446655.670	,1790766284446658.790	
0,Sigmoid_1c4543fdfe7149b6b0717bd88f061562_high_precision_210000000,AI_VECTOR_CORE,11,78,3.940,1790766284446658.810	,1790766284446662.750	
0,Mul_ce3d1ff8ba23a0bcb292da3577c1625d_high_performance_210020000,AI_VECTOR_CORE,11,79,3.260,1790766284446662.790	,1790766284446666.050	
0,Add_ce3d1ff8ba23a0bcb292da3577c1625d_high_performance_223000000,AI_VECTOR_CORE,11,80,3.480,1790766284446666.070	,1790766284446669.551	
0,Mul_ce3d1ff8ba23a0bcb292da3577c1625d_high_performance_210020000,AI_VECTOR_CORE,11,81,3.640,1790766284446669.571	,1790766284446673.211	
0,MatMulV2_ND_ND_FP16_FP16_false_true_all_98513,AI_CORE,11,82,101.002,1790766284446673.231	,1790766284446774.233	
0,HcPost_d2fe6614722b27afa6f8d964c215447e_0,AI_VECTOR_CORE,11,83,7.380,1790766284446774.253	,1790766284446781.633	
0,HcPre_6c9f0fa710253eff38b1c0e6be6a67be_0,MIX_AIC,11,84,27.180,1790766284446782.653	,1790766284446809.833	
0,RmsNorm_normal_all_bf16_high_performance_0,AI_VECTOR_CORE,11,85,4.360,1790766284446810.753	,1790766284446815.113	
0,MatMulV2_ND_ND_FP16_FP16_false_true_all_98513,AI_CORE,11,86,18.700,1790766284446815.133	,1790766284446833.834	
0,RmsNorm_normal_all_bf16_high_performance_2,AI_VECTOR_CORE,11,87,5.480,1790766284446833.854	,1790766284446839.334	
0,RmsNorm_normal_all_bf16_high_performance_2,AI_VECTOR_CORE,11,88,3.740,1790766284446839.354	,1790766284446843.094	
0,ScatterNdUpdate_bfloat16_int32_high_precision_11,MIX_AIV,11,89,5.740,1790766284446844.154	,1790766284446849.894	
0,MatMulV2_ND_ND_FP16_FP16_false_true_all_98499,AI_CORE,11,90,45.540,1790766284446850.854	,1790766284446896.395	
0,TransposeBatchMatMul_ND_ND_ND_ND_ND_BF16_BF16_BF16_INT64_BF16_high_performance_32,AI_CORE,11,91,24.280,1790766284446896.415	,1790766284446920.696	
0,Cast_b2717900ea7de2d41ea9c63d23aa269b_high_performance_210000000,AI_VECTOR_CORE,11,92,1.920,1790766284446920.716	,1790766284446922.636	
0,MatMulV2_ND_ND_FP32_FP32_false_true_all_65665,AI_CORE,11,93,9.540,1790766284446922.656	,1790766284446932.196	
0,LayerNormV3_23ae115d70bd435e4cb966a52be97b55_high_precision_1600400500,AI_VECTOR_CORE,11,94,5.580,1790766284446932.216	,1790766284446937.796	
0,MatMulV2_ND_ND_FP32_FP32_false_true_all_65665,AI_CORE,11,95,8.820,1790766284446937.836	,1790766284446946.656	
0,MatMulV2_ND_ND_FP16_FP16_false_true_all_98499,AI_CORE,11,96,15.800,1790766284446946.676	,1790766284446962.476	
0,N/A,EVENT_WAIT,39,20,1861.817,1790766284446961.096	,1790766284448822.914	
0,Cast_9f288b80370c6545ffe8cef142d37f5c_high_performance_210000000,AI_VECTOR_CORE,11,97,1.300,1790766284446962.496	,1790766284446963.796	
0,Muls_299cf4d7f9ef0f745d89d88c666b45aa_high_performance_210000000,AI_VECTOR_CORE,11,98,1.320,1790766284446963.816	,1790766284446965.136	
0,_glm5_next_kpool_tail_compress_kernel,AI_VECTOR_CORE,11,99,1.800,1790766284446965.176	,1790766284446966.976	
0,_store_kpool_tail_kernel,AI_VECTOR_CORE,11,100,3.080,1790766284446966.996	,1790766284446970.077	
0,Cast_b2717900ea7de2d41ea9c63d23aa269b_high_performance_210000000,AI_VECTOR_CORE,11,101,1.700,1790766284446970.117	,1790766284446971.817	
0,Cast_b2717900ea7de2d41ea9c63d23aa269b_high_performance_210000000,AI_VECTOR_CORE,11,102,1.180,1790766284446971.837	,1790766284446973.017	
0,Mul_ee98c6628030785f610b924ab1557b31_high_performance_212000002,AI_VECTOR_CORE,11,103,7.700,1790766284446973.057	,1790766284446980.757	
0,ReduceSum_7a09f5b7af4126487a7f726a9aac7548_high_performance_82100900,MIX_AIV,11,104,8.220,1790766284446981.897	,1790766284446990.117	
0,_glm5_next_lightning_indexer_score_kernel,AI_VECTOR_CORE,11,105,7.020,1790766284446991.017	,1790766284446998.037	
0,TopKV2_5c671486fda0d949d7cba9a9754bc2dd_high_performance_2017612701781458944,MIX_AIV,11,106,6.180,1790766284446999.397	,1790766284447005.577	
0,Cast_e87590d11ccda8b259ab6b1ea7212319_high_performance_210000000,AI_VECTOR_CORE,11,107,1.480,1790766284447006.677	,1790766284447008.157	
0,Cast_39a266ce9a8d7d9ead33f6686e936b72_high_performance_210000000,AI_VECTOR_CORE,11,108,1.440,1790766284447008.177	,1790766284447009.617	
0,_expand_pool_indices,AI_VECTOR_CORE,11,109,9.360,1790766284447009.637	,1790766284447018.998	
0,SparseFlashAttention_2e25ad8fefac1f04c03bd78f2d2ab366_1158,MIX_AIC,11,110,27.520,1790766284447020.418	,1790766284447047.938	
0,TransposeBatchMatMul_ND_ND_ND_ND_ND_BF16_BF16_BF16_INT64_BF16_high_performance_32,AI_CORE,11,111,21.040,1790766284447049.098	,1790766284447070.139	
0,MatMulV2_ND_ND_FP16_FP16_false_true_all_98513,AI_CORE,11,112,131.982,1790766284447070.159	,1790766284447202.141	
0,N/A,MEMCPY_ASYNC,11,113,0.560,1790766284447202.181	,1790766284447202.741	
0,HcPost_d2fe6614722b27afa6f8d964c215447e_0,AI_VECTOR_CORE,11,114,7.280,1790766284447202.761	,1790766284447210.041	
0,HcPre_6c9f0fa710253eff38b1c0e6be6a67be_0,MIX_AIC,11,115,26.940,1790766284447211.101	,1790766284447238.042	
0,RmsNorm_normal_all_bf16_high_performance_0,AI_VECTOR_CORE,11,116,4.600,1790766284447239.162	,1790766284447243.762	
0,N/A,EVENT_RECORD,11,117,0.020,1790766284447243.782	,1790766284447243.802	
0,Cast_b2717900ea7de2d41ea9c63d23aa269b_high_performance_210000000,AI_VECTOR_CORE,11,118,1.580,1790766284447243.822	,1790766284447245.402	
0,MatMulV2_ND_ND_FP32_FP32_false_true_all_65665,AI_CORE,11,119,5.860,1790766284447245.442	,1790766284447251.302	
0,N/A,EVENT_RECORD,11,120,0.020,1790766284447251.322	,1790766284447251.342	
0,MoeGatingTopK_81369a2fa0455f39b5d19d432d261f57_1,AI_VECTOR_CORE,11,121,4.360,1790766284447251.382	,1790766284447255.742	
0,N/A,EVENT_RECORD,11,122,0.020,1790766284447255.762	,1790766284447255.782	
0,MoeInitRoutingV3_4ca8d2d329b4477b44dd2ee885849b12_2100000,MIX_AIV,11,123,10.180,1790766284447257.082	,1790766284447267.262	
0,GroupedMatmul_0d2d43751f81d7f29646a862147967c9_68885275,MIX_AIC,11,124,207.864,1790766284447269.883	,1790766284447477.747	
0,N/A,EVENT_WAIT,45,193,1461.549,1790766284447361.384	,1790766284448822.934	
0,Slice_ee29dafe4fe21e12bb8d56ae91626cba_high_performance_524000000,AI_VECTOR_CORE,11,125,2.560,1790766284447478.647	,1790766284447481.207	
0,ClipByValueV2_e87c9546cf2804355cf0d9445a2db01a_high_performance_220000000,AI_VECTOR_CORE,11,126,5.980,1790766284447481.227	,1790766284447487.207	
0,ViewCopy_7778b2d0a2938f9247cc0c9f84559eb2_high_performance__kernel0,AI_VECTOR_CORE,11,127,9.820,1790766284447487.247	,1790766284447497.067	
0,Slice_ee29dafe4fe21e12bb8d56ae91626cba_high_performance_524000000,AI_VECTOR_CORE,11,128,2.240,1790766284447497.087	,1790766284447499.327	
0,ClipByValueV2_e87c9546cf2804355cf0d9445a2db01a_high_performance_220000000,AI_VECTOR_CORE,11,129,4.840,1790766284447499.367	,1790766284447504.207	
0,ViewCopy_7778b2d0a2938f9247cc0c9f84559eb2_high_performance__kernel0,AI_VECTOR_CORE,11,130,9.740,1790766284447504.227	,1790766284447513.967	
0,SwiGlu_3_high_performance_27,AI_VECTOR_CORE,11,131,5.340,1790766284447514.007	,1790766284447519.348	
0,N/A,EVENT_RECORD,11,132,0.020,1790766284447519.368	,1790766284447519.388	
0,GroupedMatmul_0d2d43751f81d7f29646a862147967c9_68885275,MIX_AIC,11,133,115.262,1790766284447520.348	,1790766284447635.610	
0,N/A,EVENT_RECORD,11,134,0.020,1790766284447636.870	,1790766284447636.890	
0,Cast_9f288b80370c6545ffe8cef142d37f5c_high_performance_210000000,AI_VECTOR_CORE,11,135,1.240,1790766284447636.910	,1790766284447638.150	
0,Abs_8098b79498645e9c0da095babdeaf862_high_performance_210000000,AI_VECTOR_CORE,11,136,1.460,1790766284447638.170	,1790766284447639.630	
0,MoeTokenUnpermute_6dd49246dc9576d3314234df69cb5c22_1,AI_VECTOR_CORE,11,137,4.020,1790766284447639.650	,1790766284447643.670	
0,MatMulV2_ND_ND_FP16_FP16_false_true_all_98499,AI_CORE,11,138,31.320,1790766284447643.690	,1790766284447675.011	
0,ClipByValueV2_e87c9546cf2804355cf0d9445a2db01a_high_performance_220000000,AI_VECTOR_CORE,11,139,1.740,1790766284447675.031	,1790766284447676.771	
0,ClipByValueV2_e87c9546cf2804355cf0d9445a2db01a_high_performance_220000000,AI_VECTOR_CORE,11,140,1.780,1790766284447676.791	,1790766284447678.571	
0,Muls_299cf4d7f9ef0f745d89d88c666b45aa_high_performance_210000000,AI_VECTOR_CORE,11,141,1.260,1790766284447678.591	,1790766284447679.851	
0,Sigmoid_1c4543fdfe7149b6b0717bd88f061562_high_precision_210000000,AI_VECTOR_CORE,11,142,1.640,1790766284447679.871	,1790766284447681.511	
0,Mul_ce3d1ff8ba23a0bcb292da3577c1625d_high_performance_210020000,AI_VECTOR_CORE,11,143,1.920,1790766284447681.551	,1790766284447683.471	
0,Add_ce3d1ff8ba23a0bcb292da3577c1625d_high_performance_223000000,AI_VECTOR_CORE,11,144,1.580,1790766284447683.491	,1790766284447685.071	
0,Mul_ce3d1ff8ba23a0bcb292da3577c1625d_high_performance_210020000,AI_VECTOR_CORE,11,145,1.440,1790766284447685.091	,1790766284447686.531	
0,MatMulV2_ND_ND_FP16_FP16_false_true_all_98499,AI_CORE,11,146,18.320,1790766284447686.551	,1790766284447704.871	
0,ForeachAddList_c73cb8f503197be65eaf63148ad48de4_high_performance_4,AI_VECTOR_CORE,11,147,14.440,1790766284447704.891	,1790766284447719.332	
0,HcPost_d2fe6614722b27afa6f8d964c215447e_0,AI_VECTOR_CORE,11,148,6.060,1790766284447719.352	,1790766284447725.412	
0,ReduceMean_9a2479d4dc5148645cb3f4b9e765c637_high_precision_92100900,MIX_AIV,11,149,18.520,1790766284447726.732	,1790766284447745.252	
0,RmsNorm_normal_all_bf16_high_performance_0,AI_VECTOR_CORE,11,150,3.140,1790766284447746.232	,1790766284447749.372	
0,N/A,EVENT_RESET,11,151,0.100,1790766284447749.392	,1790766284447749.492	
0,N/A,EVENT_RESET,11,152,0.100,1790766284447749.512	,1790766284447749.612	
0,N/A,EVENT_RESET,11,153,0.100,1790766284447749.632	,1790766284447749.732	
0,N/A,EVENT_RESET,11,154,0.100,1790766284447749.752	,1790766284447749.852	
0,N/A,EVENT_RESET,11,155,0.080,1790766284447749.872	,1790766284447749.952	
0,N/A,NOTIFY_RECORD,11,156,0.020,1790766284447749.972	,1790766284447749.992	
0,IndexCheck_int32_high_performance_1,AI_VECTOR_CORE,47,3490,3.120,1790766284447750.512	,1790766284447753.632	
0,Index_b1b18d29d34a3b544b5bb6b3f56177c3_high_performance__kernel0,AI_VECTOR_CORE,47,3491,8.360,1790766284447753.652	,1790766284447762.012	
0,MatMulV2_ND_ND_FP16_FP16_false_true_all_98499,AI_CORE,47,3492,892.217,1790766284447762.052	,1790766284448654.270	
0,Cast_b2717900ea7de2d41ea9c63d23aa269b_high_performance_210000000,AI_VECTOR_CORE,47,3493,7.360,1790766284448654.310	,1790766284448661.670	
0,LogSoftmaxV2_291664ae3e88b38b8b46c2efbbea27c9_high_precision_400001,AI_VECTOR_CORE,47,3494,43.760,1790766284448661.690	,1790766284448705.451	
0,Cast_b2717900ea7de2d41ea9c63d23aa269b_high_performance_210000000,AI_VECTOR_CORE,47,3495,2.900,1790766284448705.471	,1790766284448708.371	
0,ArgMaxV2_4402011f777d6374ab9f6425cb5984c4_high_performance_3,AI_VECTOR_CORE,47,3496,19.260,1790766284448708.391	,1790766284448727.652	
0,Cast_e87590d11ccda8b259ab6b1ea7212319_high_performance_210000000,AI_VECTOR_CORE,47,3497,1.380,1790766284448727.672	,1790766284448729.052	
0,TopKV2_5c671486fda0d949d7cba9a9754bc2dd_high_performance_2017612907941986305,MIX_AIV,47,3498,18.440,1790766284448730.252	,1790766284448748.692	
0,TopKV2_5c671486fda0d949d7cba9a9754bc2dd_high_performance_2017612701781458944,MIX_AIV,47,3499,3.640,1790766284448751.572	,1790766284448755.212	
0,GatherElements_8b4ec10fbb39c5c0a65192c606400b29_high_performance__kernel0,AI_VECTOR_CORE,47,3500,9.780,1790766284448756.432	,1790766284448766.212	
0,Cast_e87590d11ccda8b259ab6b1ea7212319_high_performance_210000000,AI_VECTOR_CORE,47,3501,1.080,1790766284448766.232	,1790766284448767.312	
0,Cast_39a266ce9a8d7d9ead33f6686e936b72_high_performance_210000000,AI_VECTOR_CORE,47,3502,1.520,1790766284448767.332	,1790766284448768.852	
0,GatherElementsV2_fp32_high_performance_2,AI_VECTOR_CORE,47,3503,4.040,1790766284448768.872	,1790766284448772.913	
0,GreaterEqual_3efaad932f458d7892fdb0715ec85b2b_high_performance_223000000,AI_VECTOR_CORE,47,3504,8.560,1790766284448772.933	,1790766284448781.493	
0,Cast_df2b778f1b80e749bd4242386ec57ab9_high_performance_210000000,AI_VECTOR_CORE,47,3505,6.680,1790766284448781.513	,1790766284448788.193	
0,ReduceSum_7a09f5b7af4126487a7f726a9aac7548_high_performance_110001000400,MIX_AIV,47,3506,23.140,1790766284448789.213	,1790766284448812.353	
0,Cast_c6738f795430c3c6f09cdc8d52a1b43d_high_performance_210000000,AI_VECTOR_CORE,47,3507,1.320,1790766284448813.593	,1790766284448814.913	
0,ConcatD_0d745295987e1c668b2ec8b2844aeada_high_performance_3000001,AI_VECTOR_CORE,47,3508,2.680,1790766284448814.933	,1790766284448817.613	
0,ConcatD_233851a3505389e43928a8bba133a74d_high_performance_3000001,AI_VECTOR_CORE,47,3509,1.940,1790766284448817.633	,1790766284448819.574	
0,Cast_39a266ce9a8d7d9ead33f6686e936b72_high_performance_210000000,AI_VECTOR_CORE,47,3510,1.480,1790766284448819.594	,1790766284448821.074	
0,Cast_39a266ce9a8d7d9ead33f6686e936b72_high_performance_210000000,AI_VECTOR_CORE,47,3511,1.320,1790766284448821.094	,1790766284448822.414	
0,N/A,EVENT_RECORD,47,3512,0.000,1790766284448822.454	,1790766284448822.454	
0,N/A,EVENT_RECORD,47,3513,0.000,1790766284448822.494	,1790766284448822.494	
0,N/A,MEMCPY_ASYNC,45,194,2.080,1790766284448822.954	,1790766284448825.034	
0,N/A,MEMCPY_ASYNC,45,195,1.880,1790766284448825.194	,1790766284448827.074	
0,N/A,MEMCPY_ASYNC,45,196,1.880,1790766284448827.234	,1790766284448829.114	
0,N/A,MEMCPY_ASYNC,45,197,2.060,1790766284448829.274	,1790766284448831.334	
0,N/A,EVENT_RECORD,45,198,0.000,1790766284448831.494	,1790766284448831.494	
0,N/A,EVENT_RECORD,45,199,0.000,1790766284448831.534	,1790766284448831.534	
0,N/A,EVENT_RECORD,45,200,0.000,1790766284448924.956	,1790766284448924.956	
0,N/A,EVENT_RECORD,45,201,0.020,1790766284448941.076	,1790766284448941.096	
0,N/A,EVENT_RECORD,45,202,0.020,1790766284449357.864	,1790766284449357.884	
0,N/A,MEMCPY_ASYNC,47,3514,2.460,1790766284449590.589	,1790766284449593.049	
0,N/A,MEMCPY_ASYNC,47,3515,2.200,1790766284449682.831	,1790766284449685.031	
0,N/A,MEMCPY_ASYNC,47,3516,2.220,1790766284449768.992	,1790766284449771.213	
0,N/A,MEMCPY_ASYNC,47,3517,2.220,1790766284449850.894	,1790766284449853.114	
0,N/A,MEMCPY_ASYNC,47,3518,2.160,1790766284449926.376	,1790766284449928.536	
0,N/A,MEMCPY_ASYNC,47,3519,2.360,1790766284450203.181	,1790766284450205.541	
0,N/A,MEMCPY_ASYNC,47,3520,2.240,1790766284450389.445	,1790766284450391.685	
0,N/A,MEMCPY_ASYNC,47,3521,2.200,1790766284450435.886	,1790766284450438.086	
0,Fill_1fbc7ee619b707282bbfd034093621df_high_performance_223000000,AI_VECTOR_CORE,47,3522,1.600,1790766284450618.849	,1790766284450620.449	
0,N/A,MEMCPY_ASYNC,47,3523,0.620,1790766284450805.653	,1790766284450806.273	
0,N/A,MEMCPY_ASYNC,47,3524,2.180,1790766284451037.138	,1790766284451039.318	
0,Fill_1fbc7ee619b707282bbfd034093621df_high_performance_223000000,AI_VECTOR_CORE,47,3525,1.580,1790766284451091.579	,1790766284451093.159	
0,N/A,MEMCPY_ASYNC,47,3526,2.200,1790766284451136.860	,1790766284451139.060	
0,N/A,MEMCPY_ASYNC,47,3527,2.360,1790766284451240.242	,1790766284451242.602	
0,N/A,MEMCPY_ASYNC,47,3528,2.360,1790766284451319.743	,1790766284451322.104	
0,N/A,MEMCPY_ASYNC,47,3529,2.380,1790766284451401.725	,1790766284451404.105	
0,IndexCheck_int64_high_performance_0,AI_VECTOR_CORE,47,3530,3.060,1790766284451519.687	,1790766284451522.748	
0,Index_f34e8f0e5e2c96109aa0460550023804_high_performance__kernel0,AI_VECTOR_CORE,47,3531,7.980,1790766284451522.768	,1790766284451530.748	
0,Cast_e87590d11ccda8b259ab6b1ea7212319_high_performance_210000000,AI_VECTOR_CORE,47,3532,1.140,1790766284451595.509	,1790766284451596.649	
0,Add_41dadce325b0f810d03359af2a38990b_high_performance_210000000,AI_VECTOR_CORE,47,3533,2.600,1790766284451664.670	,1790766284451667.270	
0,N/A,MEMCPY_ASYNC,47,3534,0.600,1790766284451762.472	,1790766284451763.072	
0,Add_9342884c99c006e21fc9d5d9260b8bef_high_performance_210000000,AI_VECTOR_CORE,47,3535,1.620,1790766284451828.474	,1790766284451830.094	
0,N/A,MEMCPY_ASYNC,47,3536,0.580,1790766284451915.315	,1790766284451915.895	
0,Fill_1fbc7ee619b707282bbfd034093621df_high_performance_223000000,AI_VECTOR_CORE,47,3537,1.340,1790766284451977.417	,1790766284451978.757	
0,_compute_slot_mapping_fused_groups_kernel,AI_VECTOR_CORE,47,3538,22.040,1790766284452363.264	,1790766284452385.305	
0,Sub_9342884c99c006e21fc9d5d9260b8bef_high_performance_210000000,AI_VECTOR_CORE,47,3539,1.420,1790766284452555.368	,1790766284452556.788	
0,N/A,MEMCPY_ASYNC,47,3540,2.500,1790766284452984.637	,1790766284452987.137	
0,Cast_e87590d11ccda8b259ab6b1ea7212319_high_performance_210000000,AI_VECTOR_CORE,47,3541,1.160,1790766284453700.371	,1790766284453701.531	
0,FloorDiv_41dadce325b0f810d03359af2a38990b_high_performance_223000000,AI_VECTOR_CORE,47,3542,3.400,1790766284453702.331	,1790766284453705.731	
0,Cast_39a266ce9a8d7d9ead33f6686e936b72_high_performance_210000000,AI_VECTOR_CORE,47,3543,1.440,1790766284453705.771	,1790766284453707.211	
0,N/A,MEMCPY_ASYNC,47,3544,0.580,1790766284453856.014	,1790766284453856.594	
0,Cast_e87590d11ccda8b259ab6b1ea7212319_high_performance_210000000,AI_VECTOR_CORE,47,3545,1.200,1790766284453948.156	,1790766284453949.356	
0,GreaterEqual_1ea4da630f56dc1c2d6e7c9a9dd17b11_high_performance_210000000,AI_VECTOR_CORE,47,3546,3.060,1790766284453950.216	,1790766284453953.276	
0,Add_41dadce325b0f810d03359af2a38990b_high_performance_210000000,AI_VECTOR_CORE,47,3547,2.120,1790766284453990.217	,1790766284453992.337	
0,BroadcastTo_41dadce325b0f810d03359af2a38990b_high_performance_210000000,AI_VECTOR_CORE,47,3548,1.520,1790766284454061.838	,1790766284454063.358	
0,FloorMod_41dadce325b0f810d03359af2a38990b_high_precision_210000000,AI_VECTOR_CORE,47,3549,1.880,1790766284454063.518	,1790766284454065.398	
0,Equal_1ea4da630f56dc1c2d6e7c9a9dd17b11_high_performance_210000000,AI_VECTOR_CORE,47,3550,2.440,1790766284454106.719	,1790766284454109.159	
0,LogicalAnd_91d2a3cdd75d915a368582ec5f440af1_high_performance_210000000,AI_VECTOR_CORE,47,3551,1.600,1790766284454149.100	,1790766284454150.700	
0,ClipByValueV2_3bc53d14ff7dfecd0ed0c69136ab471a_high_performance_210000000,AI_VECTOR_CORE,47,3552,1.620,1790766284454199.161	,1790766284454200.781	
0,Cast_e87590d11ccda8b259ab6b1ea7212319_high_performance_210000000,AI_VECTOR_CORE,47,3553,1.220,1790766284454271.042	,1790766284454272.262	
0,FloorDiv_41dadce325b0f810d03359af2a38990b_high_performance_210000000,AI_VECTOR_CORE,47,3554,2.280,1790766284454272.902	,1790766284454275.183	
0,Cast_39a266ce9a8d7d9ead33f6686e936b72_high_performance_210000000,AI_VECTOR_CORE,47,3555,1.460,1790766284454283.803	,1790766284454285.263	
0,BroadcastTo_c71434db8135ff9089d65053721e3417_high_performance_210000000,AI_VECTOR_CORE,47,3556,1.480,1790766284454338.864	,1790766284454340.344	
0,FloorMod_9342884c99c006e21fc9d5d9260b8bef_high_precision_210000000,AI_VECTOR_CORE,47,3557,3.100,1790766284454340.544	,1790766284454343.644	
0,Mul_9342884c99c006e21fc9d5d9260b8bef_high_performance_210000000,AI_VECTOR_CORE,47,3558,1.480,1790766284454396.965	,1790766284454398.445	
0,Cast_e87590d11ccda8b259ab6b1ea7212319_high_performance_210000000,AI_VECTOR_CORE,47,3559,1.220,1790766284454460.346	,1790766284454461.566	
0,FloorDiv_41dadce325b0f810d03359af2a38990b_high_performance_210000000,AI_VECTOR_CORE,47,3560,1.640,1790766284454462.266	,1790766284454463.906	
0,Cast_39a266ce9a8d7d9ead33f6686e936b72_high_performance_210000000,AI_VECTOR_CORE,47,3561,1.400,1790766284454468.246	,1790766284454469.646	
0,Add_9342884c99c006e21fc9d5d9260b8bef_high_performance_210000000,AI_VECTOR_CORE,47,3562,1.340,1790766284454505.507	,1790766284454506.847	
0,Fill_1fbc7ee619b707282bbfd034093621df_high_performance_210000000,AI_VECTOR_CORE,47,3563,1.500,1790766284454584.609	,1790766284454586.109	
0,SelectV2_9bb0969ab50036eba4428cd9974a5c0b_high_performance_210000000,AI_VECTOR_CORE,47,3564,1.920,1790766284454626.770	,1790766284454628.690	
0,Cast_e87590d11ccda8b259ab6b1ea7212319_high_performance_210000000,AI_VECTOR_CORE,47,3565,1.240,1790766284454672.790	,1790766284454674.030	
0,Cast_e87590d11ccda8b259ab6b1ea7212319_high_performance_210000000,AI_VECTOR_CORE,47,3566,1.260,1790766284454768.212	,1790766284454769.472	
0,FloorDiv_41dadce325b0f810d03359af2a38990b_high_performance_210000000,AI_VECTOR_CORE,47,3567,2.080,1790766284454770.192	,1790766284454772.272	
0,Cast_39a266ce9a8d7d9ead33f6686e936b72_high_performance_210000000,AI_VECTOR_CORE,47,3568,1.180,1790766284454775.573	,1790766284454776.753	
0,N/A,MEMCPY_ASYNC,47,3569,0.660,1790766284454900.315	,1790766284454900.975	
0,N/A,MEMCPY_ASYNC,47,3570,0.620,1790766284454989.177	,1790766284454989.797	
0,N/A,MEMCPY_ASYNC,47,3571,0.620,1790766284456016.397	,1790766284456017.017	
0,N/A,MEMCPY_ASYNC,47,3572,0.640,1790766284456197.161	,1790766284456197.801	
0,N/A,MEMCPY_ASYNC,47,3573,0.660,1790766284456353.084	,1790766284456353.744	
0,Sub_9342884c99c006e21fc9d5d9260b8bef_high_performance_210000000,AI_VECTOR_CORE,47,3574,1.360,1790766284456428.906	,1790766284456430.266	
0,N/A,MEMCPY_ASYNC,47,3575,0.600,1790766284457129.720	,1790766284457130.320	
0,N/A,MEMCPY_ASYNC,47,3576,0.580,1790766284457299.383	,1790766284457299.963	
0,N/A,MEMCPY_ASYNC,47,3577,0.640,1790766284457439.846	,1790766284457440.486	
0,Sub_9342884c99c006e21fc9d5d9260b8bef_high_performance_210000000,AI_VECTOR_CORE,47,3578,1.440,1790766284457515.307	,1790766284457516.747	
0,N/A,MEMCPY_ASYNC,47,3579,0.600,1790766284458185.201	,1790766284458185.801	
0,N/A,MEMCPY_ASYNC,47,3580,0.620,1790766284458386.785	,1790766284458387.405	
0,N/A,MEMCPY_ASYNC,47,3581,0.600,1790766284458556.908	,1790766284458557.508	
0,Sub_9342884c99c006e21fc9d5d9260b8bef_high_performance_210000000,AI_VECTOR_CORE,47,3582,1.300,1790766284458632.930	,1790766284458634.230	
0,N/A,EVENT_RECORD,47,3583,0.020,1790766284458890.795	,1790766284458890.815	
0,Fill_279daeaf6b659300647aba3935d90048_high_performance_210000000,AI_VECTOR_CORE,47,3584,1.240,1790766284459305.963	,1790766284459307.203	
0,N/A,MEMCPY_ASYNC,47,3585,0.580,1790766284459384.565	,1790766284459385.145	
0,Fill_279daeaf6b659300647aba3935d90048_high_performance_210000000,AI_VECTOR_CORE,47,3586,1.280,1790766284459427.725	,1790766284459429.005	
0,N/A,MODEL_EXECUTE,47,3587,3.040,1790766284459722.791	,1790766284459725.831	
0,Cast_e87590d11ccda8b259ab6b1ea7212319_high_performance_210000000,AI_VECTOR_CORE,11,0,1.400,1790766284459725.751	,1790766284459727.151	
0,GatherV2_7869a97190b9b4d296d9414a005b954b_high_precision_900015015,AI_VECTOR_CORE,11,1,8.680,1790766284459727.171	,1790766284459735.852	
0,BroadcastTo_7e5992d3033ef32a3463c5d198e518a1_high_performance_221000002,AI_VECTOR_CORE,11,2,6.180,1790766284459735.872	,1790766284459742.052	
0,N/A,NOTIFY_WAIT,47,3588,2994.959,1790766284459740.412	,1790766284462735.372	
0,HcPre_6c9f0fa710253eff38b1c0e6be6a67be_0,MIX_AIC,11,3,29.660,1790766284459743.032	,1790766284459772.692	
0,RmsNorm_normal_all_bf16_high_performance_0,AI_VECTOR_CORE,11,4,4.380,1790766284459773.532	,1790766284459777.912	
0,MatMulV2_ND_ND_FP16_FP16_false_true_all_98499,AI_CORE,11,5,156.163,1790766284459777.932	,1790766284459934.096	
0,MatMulV2_ND_ND_FP16_FP16_false_true_all_98325,AI_CORE,11,6,8.100,1790766284459934.116	,1790766284459942.216	
0,MatMulV2_ND_ND_FP16_FP16_false_true_all_98325,AI_CORE,11,7,5.620,1790766284459942.256	,1790766284459947.876	
0,ZerosLike_1c4543fdfe7149b6b0717bd88f061562_high_performance_210000000,AI_VECTOR_CORE,11,8,5.080,1790766284459947.896	,1790766284459952.976	
0,_copy_conv_state_kernel,AI_VECTOR_CORE,11,9,8.160,1790766284459952.996	,1790766284459961.156	
0,CausalConv1d_b0123b7fae3057c534dbb03661977c42_1,MIX_AIC,11,10,13.000,1790766284459962.156	,1790766284459975.156	
0,N/A,MEMCPY_ASYNC,11,11,0.680,1790766284459976.156	,1790766284459976.836	
0,_copy_conv_state_kernel,AI_VECTOR_CORE,11,12,7.200,1790766284459976.856	,1790766284459984.057	
0,RecurrentKda_1ac9a791ca2957b2fe0a2e96909b5782_0,AI_VECTOR_CORE,11,13,32.860,1790766284459984.077	,1790766284460016.937	
0,_write_output,AI_VECTOR_CORE,11,14,2.620,1790766284460016.977	,1790766284460019.597	
0,layer_norm_gated_fwd_kernel,AI_VECTOR_CORE,11,15,3.200,1790766284460019.637	,1790766284460022.837	
0,MatMulV2_ND_ND_FP16_FP16_false_true_all_98499,AI_CORE,11,16,54.901,1790766284460022.857	,1790766284460077.758	
0,HcPost_d2fe6614722b27afa6f8d964c215447e_0,AI_VECTOR_CORE,11,17,7.540,1790766284460077.778	,1790766284460085.319	
0,HcPre_6c9f0fa710253eff38b1c0e6be6a67be_0,MIX_AIC,11,18,28.420,1790766284460086.259	,1790766284460114.679	
0,RmsNorm_normal_all_bf16_high_performance_0,AI_VECTOR_CORE,11,19,4.700,1790766284460115.519	,1790766284460120.219	
0,MatMulV2_ND_ND_FP16_FP16_false_true_all_98499,AI_CORE,11,20,159.163,1790766284460120.239	,1790766284460279.402	
0,ClipByValueV2_e87c9546cf2804355cf0d9445a2db01a_high_performance_220000000,AI_VECTOR_CORE,11,21,5.500,1790766284460279.422	,1790766284460284.923	
0,ClipByValueV2_e87c9546cf2804355cf0d9445a2db01a_high_performance_220000000,AI_VECTOR_CORE,11,22,4.440,1790766284460284.943	,1790766284460289.383	
0,Muls_299cf4d7f9ef0f745d89d88c666b45aa_high_performance_210000000,AI_VECTOR_CORE,11,23,2.860,1790766284460289.403	,1790766284460292.263	
0,Sigmoid_1c4543fdfe7149b6b0717bd88f061562_high_precision_210000000,AI_VECTOR_CORE,11,24,3.780,1790766284460292.303	,1790766284460296.083	
0,Mul_ce3d1ff8ba23a0bcb292da3577c1625d_high_performance_210020000,AI_VECTOR_CORE,11,25,3.280,1790766284460296.103	,1790766284460299.383	
0,Add_ce3d1ff8ba23a0bcb292da3577c1625d_high_performance_223000000,AI_VECTOR_CORE,11,26,3.100,1790766284460299.403	,1790766284460302.503	
0,Mul_ce3d1ff8ba23a0bcb292da3577c1625d_high_performance_210020000,AI_VECTOR_CORE,11,27,3.640,1790766284460302.523	,1790766284460306.163	
0,MatMulV2_ND_ND_FP16_FP16_false_true_all_98513,AI_CORE,11,28,104.802,1790766284460306.203	,1790766284460411.005	
0,HcPost_d2fe6614722b27afa6f8d964c215447e_0,AI_VECTOR_CORE,11,29,7.380,1790766284460411.045	,1790766284460418.425	
0,HcPre_6c9f0fa710253eff38b1c0e6be6a67be_0,MIX_AIC,11,30,28.200,1790766284460419.805	,1790766284460448.006	
0,RmsNorm_normal_all_bf16_high_performance_0,AI_VECTOR_CORE,11,31,4.220,1790766284460449.026	,1790766284460453.246	
0,MatMulV2_ND_ND_FP16_FP16_false_true_all_98499,AI_CORE,11,32,156.183,1790766284460453.266	,1790766284460609.449	
0,MatMulV2_ND_ND_FP16_FP16_false_true_all_98325,AI_CORE,11,33,6.180,1790766284460609.489	,1790766284460615.669	
0,MatMulV2_ND_ND_FP16_FP16_false_true_all_98325,AI_CORE,11,34,5.180,1790766284460615.689	,1790766284460620.869	
0,ZerosLike_1c4543fdfe7149b6b0717bd88f061562_high_performance_210000000,AI_VECTOR_CORE,11,35,5.160,1790766284460620.889	,1790766284460626.049	
0,_copy_conv_state_kernel,AI_VECTOR_CORE,11,36,11.440,1790766284460626.069	,1790766284460637.510	
0,CausalConv1d_b0123b7fae3057c534dbb03661977c42_1,MIX_AIC,11,37,12.600,1790766284460638.850	,1790766284460651.450	
0,N/A,MEMCPY_ASYNC,11,38,0.660,1790766284460652.230	,1790766284460652.890	
0,_copy_conv_state_kernel,AI_VECTOR_CORE,11,39,9.740,1790766284460652.910	,1790766284460662.650	
0,RecurrentKda_1ac9a791ca2957b2fe0a2e96909b5782_0,AI_VECTOR_CORE,11,40,37.700,1790766284460662.670	,1790766284460700.371	
0,_write_output,AI_VECTOR_CORE,11,41,2.920,1790766284460700.391	,1790766284460703.311	
0,layer_norm_gated_fwd_kernel,AI_VECTOR_CORE,11,42,3.140,1790766284460703.331	,1790766284460706.471	
0,MatMulV2_ND_ND_FP16_FP16_false_true_all_98499,AI_CORE,11,43,65.341,1790766284460706.491	,1790766284460771.832	
0,HcPost_d2fe6614722b27afa6f8d964c215447e_0,AI_VECTOR_CORE,11,44,7.240,1790766284460771.852	,1790766284460779.092	
0,HcPre_6c9f0fa710253eff38b1c0e6be6a67be_0,MIX_AIC,11,45,28.360,1790766284460780.192	,1790766284460808.553	
0,RmsNorm_normal_all_bf16_high_performance_0,AI_VECTOR_CORE,11,46,4.320,1790766284460809.453	,1790766284460813.773	
0,MatMulV2_ND_ND_FP16_FP16_false_true_all_98499,AI_CORE,11,47,164.363,1790766284460813.793	,1790766284460978.156	
0,ClipByValueV2_e87c9546cf2804355cf0d9445a2db01a_high_performance_220000000,AI_VECTOR_CORE,11,48,5.160,1790766284460978.176	,1790766284460983.337	
0,ClipByValueV2_e87c9546cf2804355cf0d9445a2db01a_high_performance_220000000,AI_VECTOR_CORE,11,49,4.500,1790766284460983.377	,1790766284460987.877	
0,Muls_299cf4d7f9ef0f745d89d88c666b45aa_high_performance_210000000,AI_VECTOR_CORE,11,50,3.120,1790766284460987.897	,1790766284460991.017	
0,Sigmoid_1c4543fdfe7149b6b0717bd88f061562_high_precision_210000000,AI_VECTOR_CORE,11,51,3.720,1790766284460991.037	,1790766284460994.757	
0,Mul_ce3d1ff8ba23a0bcb292da3577c1625d_high_performance_210020000,AI_VECTOR_CORE,11,52,3.320,1790766284460994.777	,1790766284460998.097	
0,Add_ce3d1ff8ba23a0bcb292da3577c1625d_high_performance_223000000,AI_VECTOR_CORE,11,53,3.280,1790766284460998.117	,1790766284461001.397	
0,Mul_ce3d1ff8ba23a0bcb292da3577c1625d_high_performance_210020000,AI_VECTOR_CORE,11,54,3.660,1790766284461001.417	,1790766284461005.077	
0,MatMulV2_ND_ND_FP16_FP16_false_true_all_98513,AI_CORE,11,55,100.022,1790766284461005.097	,1790766284461105.119	
0,HcPost_d2fe6614722b27afa6f8d964c215447e_0,AI_VECTOR_CORE,11,56,7.440,1790766284461105.139	,1790766284461112.579	
0,HcPre_6c9f0fa710253eff38b1c0e6be6a67be_0,MIX_AIC,11,57,25.260,1790766284461114.379	,1790766284461139.640	
0,RmsNorm_normal_all_bf16_high_performance_0,AI_VECTOR_CORE,11,58,4.540,1790766284461140.440	,1790766284461144.980	
0,MatMulV2_ND_ND_FP16_FP16_false_true_all_98499,AI_CORE,11,59,149.202,1790766284461145.000	,1790766284461294.203	
0,MatMulV2_ND_ND_FP16_FP16_false_true_all_98325,AI_CORE,11,60,6.740,1790766284461294.223	,1790766284461300.963	
0,MatMulV2_ND_ND_FP16_FP16_false_true_all_98325,AI_CORE,11,61,5.360,1790766284461300.983	,1790766284461306.343	
0,ZerosLike_1c4543fdfe7149b6b0717bd88f061562_high_performance_210000000,AI_VECTOR_CORE,11,62,5.120,1790766284461306.363	,1790766284461311.483	
0,_copy_conv_state_kernel,AI_VECTOR_CORE,11,63,8.160,1790766284461311.503	,1790766284461319.663	
0,CausalConv1d_b0123b7fae3057c534dbb03661977c42_1,MIX_AIC,11,64,13.120,1790766284461320.643	,1790766284461333.764	
0,N/A,MEMCPY_ASYNC,11,65,0.680,1790766284461334.644	,1790766284461335.324	
0,_copy_conv_state_kernel,AI_VECTOR_CORE,11,66,7.340,1790766284461335.344	,1790766284461342.684	
0,RecurrentKda_1ac9a791ca2957b2fe0a2e96909b5782_0,AI_VECTOR_CORE,11,67,31.400,1790766284461342.724	,1790766284461374.124	
0,_write_output,AI_VECTOR_CORE,11,68,2.800,1790766284461374.144	,1790766284461376.944	
0,layer_norm_gated_fwd_kernel,AI_VECTOR_CORE,11,69,3.360,1790766284461376.964	,1790766284461380.324	
0,MatMulV2_ND_ND_FP16_FP16_false_true_all_98499,AI_CORE,11,70,59.461,1790766284461380.344	,1790766284461439.806	
0,HcPost_d2fe6614722b27afa6f8d964c215447e_0,AI_VECTOR_CORE,11,71,7.340,1790766284461439.826	,1790766284461447.166	
0,HcPre_6c9f0fa710253eff38b1c0e6be6a67be_0,MIX_AIC,11,72,28.900,1790766284461448.226	,1790766284461477.126	
0,RmsNorm_normal_all_bf16_high_performance_0,AI_VECTOR_CORE,11,73,4.680,1790766284461478.146	,1790766284461482.827	
0,MatMulV2_ND_ND_FP16_FP16_false_true_all_98499,AI_CORE,11,74,158.363,1790766284461482.847	,1790766284461641.210	
0,ClipByValueV2_e87c9546cf2804355cf0d9445a2db01a_high_performance_220000000,AI_VECTOR_CORE,11,75,5.280,1790766284461641.230	,1790766284461646.510	
0,ClipByValueV2_e87c9546cf2804355cf0d9445a2db01a_high_performance_220000000,AI_VECTOR_CORE,11,76,4.800,1790766284461646.530	,1790766284461651.330	
0,Muls_299cf4d7f9ef0f745d89d88c666b45aa_high_performance_210000000,AI_VECTOR_CORE,11,77,3.020,1790766284461651.350	,1790766284461654.370	
0,Sigmoid_1c4543fdfe7149b6b0717bd88f061562_high_precision_210000000,AI_VECTOR_CORE,11,78,3.660,1790766284461654.390	,1790766284461658.050	
0,Mul_ce3d1ff8ba23a0bcb292da3577c1625d_high_performance_210020000,AI_VECTOR_CORE,11,79,3.240,1790766284461658.090	,1790766284461661.330	
0,Add_ce3d1ff8ba23a0bcb292da3577c1625d_high_performance_223000000,AI_VECTOR_CORE,11,80,3.180,1790766284461661.370	,1790766284461664.550	
0,Mul_ce3d1ff8ba23a0bcb292da3577c1625d_high_performance_210020000,AI_VECTOR_CORE,11,81,3.680,1790766284461664.570	,1790766284461668.250	
0,MatMulV2_ND_ND_FP16_FP16_false_true_all_98513,AI_CORE,11,82,100.962,1790766284461668.270	,1790766284461769.232	
0,HcPost_d2fe6614722b27afa6f8d964c215447e_0,AI_VECTOR_CORE,11,83,7.280,1790766284461769.272	,1790766284461776.552	
0,HcPre_6c9f0fa710253eff38b1c0e6be6a67be_0,MIX_AIC,11,84,27.040,1790766284461777.772	,1790766284461804.813	
0,RmsNorm_normal_all_bf16_high_performance_0,AI_VECTOR_CORE,11,85,4.540,1790766284461805.833	,1790766284461810.373	
0,MatMulV2_ND_ND_FP16_FP16_false_true_all_98513,AI_CORE,11,86,18.860,1790766284461810.393	,1790766284461829.253	
0,RmsNorm_normal_all_bf16_high_performance_2,AI_VECTOR_CORE,11,87,5.460,1790766284461829.293	,1790766284461834.754	
0,RmsNorm_normal_all_bf16_high_performance_2,AI_VECTOR_CORE,11,88,3.740,1790766284461834.794	,1790766284461838.534	
0,ScatterNdUpdate_bfloat16_int32_high_precision_11,MIX_AIV,11,89,5.760,1790766284461839.774	,1790766284461845.534	
0,MatMulV2_ND_ND_FP16_FP16_false_true_all_98499,AI_CORE,11,90,47.060,1790766284461846.474	,1790766284461893.535	
0,TransposeBatchMatMul_ND_ND_ND_ND_ND_BF16_BF16_BF16_INT64_BF16_high_performance_32,AI_CORE,11,91,24.640,1790766284461893.555	,1790766284461918.195	
0,Cast_b2717900ea7de2d41ea9c63d23aa269b_high_performance_210000000,AI_VECTOR_CORE,11,92,1.920,1790766284461918.215	,1790766284461920.135	
0,MatMulV2_ND_ND_FP32_FP32_false_true_all_65665,AI_CORE,11,93,9.420,1790766284461920.155	,1790766284461929.575	
0,LayerNormV3_23ae115d70bd435e4cb966a52be97b55_high_precision_1600400500,AI_VECTOR_CORE,11,94,5.700,1790766284461929.595	,1790766284461935.296	
0,MatMulV2_ND_ND_FP32_FP32_false_true_all_65665,AI_CORE,11,95,8.800,1790766284461935.316	,1790766284461944.116	
0,MatMulV2_ND_ND_FP16_FP16_false_true_all_98499,AI_CORE,11,96,14.860,1790766284461944.136	,1790766284461958.996	
0,Cast_9f288b80370c6545ffe8cef142d37f5c_high_performance_210000000,AI_VECTOR_CORE,11,97,1.300,1790766284461959.016	,1790766284461960.316	
0,Muls_299cf4d7f9ef0f745d89d88c666b45aa_high_performance_210000000,AI_VECTOR_CORE,11,98,1.280,1790766284461960.336	,1790766284461961.616	
0,_glm5_next_kpool_tail_compress_kernel,AI_VECTOR_CORE,11,99,6.320,1790766284461961.636	,1790766284461967.956	
0,_store_kpool_tail_kernel,AI_VECTOR_CORE,11,100,2.760,1790766284461967.976	,1790766284461970.736	
0,Cast_b2717900ea7de2d41ea9c63d23aa269b_high_performance_210000000,AI_VECTOR_CORE,11,101,1.600,1790766284461970.776	,1790766284461972.376	
0,Cast_b2717900ea7de2d41ea9c63d23aa269b_high_performance_210000000,AI_VECTOR_CORE,11,102,1.180,1790766284461972.396	,1790766284461973.576	
0,Mul_ee98c6628030785f610b924ab1557b31_high_performance_212000002,AI_VECTOR_CORE,11,103,7.600,1790766284461973.616	,1790766284461981.216	
0,N/A,EVENT_WAIT,39,21,1834.216,1790766284461974.416	,1790766284463808.633	
0,ReduceSum_7a09f5b7af4126487a7f726a9aac7548_high_performance_82100900,MIX_AIV,11,104,8.260,1790766284461982.096	,1790766284461990.357	
0,_glm5_next_lightning_indexer_score_kernel,AI_VECTOR_CORE,11,105,7.000,1790766284461991.217	,1790766284461998.217	
0,TopKV2_5c671486fda0d949d7cba9a9754bc2dd_high_performance_2017612701781458944,MIX_AIV,11,106,6.480,1790766284461999.597	,1790766284462006.077	
0,Cast_e87590d11ccda8b259ab6b1ea7212319_high_performance_210000000,AI_VECTOR_CORE,11,107,1.380,1790766284462006.877	,1790766284462008.257	
0,Cast_39a266ce9a8d7d9ead33f6686e936b72_high_performance_210000000,AI_VECTOR_CORE,11,108,1.360,1790766284462008.277	,1790766284462009.637	
0,_expand_pool_indices,AI_VECTOR_CORE,11,109,9.580,1790766284462009.677	,1790766284462019.257	
0,SparseFlashAttention_2e25ad8fefac1f04c03bd78f2d2ab366_1158,MIX_AIC,11,110,27.820,1790766284462020.617	,1790766284462048.438	
0,TransposeBatchMatMul_ND_ND_ND_ND_ND_BF16_BF16_BF16_INT64_BF16_high_performance_32,AI_CORE,11,111,21.960,1790766284462049.278	,1790766284462071.238	
0,MatMulV2_ND_ND_FP16_FP16_false_true_all_98513,AI_CORE,11,112,134.402,1790766284462071.258	,1790766284462205.661	
0,N/A,MEMCPY_ASYNC,11,113,0.580,1790766284462205.681	,1790766284462206.261	
0,HcPost_d2fe6614722b27afa6f8d964c215447e_0,AI_VECTOR_CORE,11,114,7.200,1790766284462206.281	,1790766284462213.481	
0,HcPre_6c9f0fa710253eff38b1c0e6be6a67be_0,MIX_AIC,11,115,27.180,1790766284462214.781	,1790766284462241.962	
0,RmsNorm_normal_all_bf16_high_performance_0,AI_VECTOR_CORE,11,116,4.440,1790766284462242.842	,1790766284462247.282	
0,N/A,EVENT_RECORD,11,117,0.020,1790766284462247.302	,1790766284462247.322	
0,Cast_b2717900ea7de2d41ea9c63d23aa269b_high_performance_210000000,AI_VECTOR_CORE,11,118,1.720,1790766284462247.342	,1790766284462249.062	
0,MatMulV2_ND_ND_FP32_FP32_false_true_all_65665,AI_CORE,11,119,5.940,1790766284462249.082	,1790766284462255.022	
0,N/A,EVENT_RECORD,11,120,0.020,1790766284462255.042	,1790766284462255.062	
0,MoeGatingTopK_81369a2fa0455f39b5d19d432d261f57_1,AI_VECTOR_CORE,11,121,4.300,1790766284462255.102	,1790766284462259.402	
0,N/A,EVENT_RECORD,11,122,0.020,1790766284462259.422	,1790766284462259.442	
0,MoeInitRoutingV3_4ca8d2d329b4477b44dd2ee885849b12_2100000,MIX_AIV,11,123,10.040,1790766284462260.742	,1790766284462270.782	
0,GroupedMatmul_0d2d43751f81d7f29646a862147967c9_68885275,MIX_AIC,11,124,206.744,1790766284462273.522	,1790766284462480.266	
0,N/A,EVENT_WAIT,45,203,1431.648,1790766284462376.984	,1790766284463808.633	
0,Slice_ee29dafe4fe21e12bb8d56ae91626cba_high_performance_524000000,AI_VECTOR_CORE,11,125,2.440,1790766284462481.066	,1790766284462483.507	
0,ClipByValueV2_e87c9546cf2804355cf0d9445a2db01a_high_performance_220000000,AI_VECTOR_CORE,11,126,5.940,1790766284462483.547	,1790766284462489.487	
0,ViewCopy_7778b2d0a2938f9247cc0c9f84559eb2_high_performance__kernel0,AI_VECTOR_CORE,11,127,9.800,1790766284462489.507	,1790766284462499.307	
0,Slice_ee29dafe4fe21e12bb8d56ae91626cba_high_performance_524000000,AI_VECTOR_CORE,11,128,2.380,1790766284462499.347	,1790766284462501.727	
0,ClipByValueV2_e87c9546cf2804355cf0d9445a2db01a_high_performance_220000000,AI_VECTOR_CORE,11,129,4.660,1790766284462501.747	,1790766284462506.407	
0,ViewCopy_7778b2d0a2938f9247cc0c9f84559eb2_high_performance__kernel0,AI_VECTOR_CORE,11,130,9.900,1790766284462506.427	,1790766284462516.327	
0,SwiGlu_3_high_performance_27,AI_VECTOR_CORE,11,131,5.260,1790766284462516.347	,1790766284462521.607	
0,N/A,EVENT_RECORD,11,132,0.000,1790766284462521.647	,1790766284462521.647	
0,GroupedMatmul_0d2d43751f81d7f29646a862147967c9_68885275,MIX_AIC,11,133,98.421,1790766284462522.707	,1790766284462621.129	
0,N/A,EVENT_RECORD,11,134,0.020,1790766284462622.189	,1790766284462622.209	
0,Cast_9f288b80370c6545ffe8cef142d37f5c_high_performance_210000000,AI_VECTOR_CORE,11,135,1.140,1790766284462622.229	,1790766284462623.369	
0,Abs_8098b79498645e9c0da095babdeaf862_high_performance_210000000,AI_VECTOR_CORE,11,136,1.600,1790766284462623.409	,1790766284462625.009	
0,MoeTokenUnpermute_6dd49246dc9576d3314234df69cb5c22_1,AI_VECTOR_CORE,11,137,4.180,1790766284462625.029	,1790766284462629.209	
0,MatMulV2_ND_ND_FP16_FP16_false_true_all_98499,AI_CORE,11,138,30.520,1790766284462629.229	,1790766284462659.750	
0,ClipByValueV2_e87c9546cf2804355cf0d9445a2db01a_high_performance_220000000,AI_VECTOR_CORE,11,139,1.640,1790766284462659.790	,1790766284462661.430	
0,ClipByValueV2_e87c9546cf2804355cf0d9445a2db01a_high_performance_220000000,AI_VECTOR_CORE,11,140,1.660,1790766284462661.450	,1790766284462663.110	
0,Muls_299cf4d7f9ef0f745d89d88c666b45aa_high_performance_210000000,AI_VECTOR_CORE,11,141,1.300,1790766284462663.130	,1790766284462664.430	
0,Sigmoid_1c4543fdfe7149b6b0717bd88f061562_high_precision_210000000,AI_VECTOR_CORE,11,142,1.560,1790766284462664.450	,1790766284462666.010	
0,Mul_ce3d1ff8ba23a0bcb292da3577c1625d_high_performance_210020000,AI_VECTOR_CORE,11,143,1.860,1790766284462666.030	,1790766284462667.890	
0,Add_ce3d1ff8ba23a0bcb292da3577c1625d_high_performance_223000000,AI_VECTOR_CORE,11,144,1.740,1790766284462667.910	,1790766284462669.650	
0,Mul_ce3d1ff8ba23a0bcb292da3577c1625d_high_performance_210020000,AI_VECTOR_CORE,11,145,1.580,1790766284462669.670	,1790766284462671.250	
0,MatMulV2_ND_ND_FP16_FP16_false_true_all_98499,AI_CORE,11,146,18.400,1790766284462671.290	,1790766284462689.691	
0,ForeachAddList_c73cb8f503197be65eaf63148ad48de4_high_performance_4,AI_VECTOR_CORE,11,147,14.220,1790766284462689.731	,1790766284462703.951	
0,HcPost_d2fe6614722b27afa6f8d964c215447e_0,AI_VECTOR_CORE,11,148,6.080,1790766284462703.991	,1790766284462710.071	
0,ReduceMean_9a2479d4dc5148645cb3f4b9e765c637_high_precision_92100900,MIX_AIV,11,149,18.240,1790766284462711.531	,1790766284462729.771	
0,RmsNorm_normal_all_bf16_high_performance_0,AI_VECTOR_CORE,11,150,3.120,1790766284462731.031	,1790766284462734.152	
0,N/A,EVENT_RESET,11,151,0.080,1790766284462734.192	,1790766284462734.272	
0,N/A,EVENT_RESET,11,152,0.100,1790766284462734.292	,1790766284462734.392	
0,N/A,EVENT_RESET,11,153,0.100,1790766284462734.412	,1790766284462734.512	
0,N/A,EVENT_RESET,11,154,0.080,1790766284462734.532	,1790766284462734.612	
0,N/A,EVENT_RESET,11,155,0.080,1790766284462734.652	,1790766284462734.732	
0,N/A,NOTIFY_RECORD,11,156,0.000,1790766284462734.772	,1790766284462734.772	
0,IndexCheck_int32_high_performance_1,AI_VECTOR_CORE,47,3589,3.360,1790766284462735.472	,1790766284462738.832	
0,Index_b1b18d29d34a3b544b5bb6b3f56177c3_high_performance__kernel0,AI_VECTOR_CORE,47,3590,8.180,1790766284462738.852	,1790766284462747.032	
0,MatMulV2_ND_ND_FP16_FP16_false_true_all_98499,AI_CORE,47,3591,893.077,1790766284462747.072	,1790766284463640.150	
0,Cast_b2717900ea7de2d41ea9c63d23aa269b_high_performance_210000000,AI_VECTOR_CORE,47,3592,7.560,1790766284463640.170	,1790766284463647.730	
0,LogSoftmaxV2_291664ae3e88b38b8b46c2efbbea27c9_high_precision_400001,AI_VECTOR_CORE,47,3593,43.800,1790766284463647.750	,1790766284463691.551	
0,Cast_b2717900ea7de2d41ea9c63d23aa269b_high_performance_210000000,AI_VECTOR_CORE,47,3594,2.700,1790766284463691.571	,1790766284463694.271	
0,ArgMaxV2_4402011f777d6374ab9f6425cb5984c4_high_performance_3,AI_VECTOR_CORE,47,3595,19.380,1790766284463694.291	,1790766284463713.671	
0,Cast_e87590d11ccda8b259ab6b1ea7212319_high_performance_210000000,AI_VECTOR_CORE,47,3596,1.640,1790766284463713.711	,1790766284463715.351	
0,TopKV2_5c671486fda0d949d7cba9a9754bc2dd_high_performance_2017612907941986305,MIX_AIV,47,3597,18.660,1790766284463716.731	,1790766284463735.392	
0,TopKV2_5c671486fda0d949d7cba9a9754bc2dd_high_performance_2017612701781458944,MIX_AIV,47,3598,3.640,1790766284463738.072	,1790766284463741.712	
0,GatherElements_8b4ec10fbb39c5c0a65192c606400b29_high_performance__kernel0,AI_VECTOR_CORE,47,3599,9.020,1790766284463742.912	,1790766284463751.932	
0,Cast_e87590d11ccda8b259ab6b1ea7212319_high_performance_210000000,AI_VECTOR_CORE,47,3600,1.120,1790766284463751.952	,1790766284463753.072	
0,Cast_39a266ce9a8d7d9ead33f6686e936b72_high_performance_210000000,AI_VECTOR_CORE,47,3601,1.640,1790766284463753.092	,1790766284463754.732	
0,GatherElementsV2_fp32_high_performance_2,AI_VECTOR_CORE,47,3602,3.720,1790766284463754.752	,1790766284463758.472	
0,GreaterEqual_3efaad932f458d7892fdb0715ec85b2b_high_performance_223000000,AI_VECTOR_CORE,47,3603,8.600,1790766284463758.512	,1790766284463767.112	
0,Cast_df2b778f1b80e749bd4242386ec57ab9_high_performance_210000000,AI_VECTOR_CORE,47,3604,6.780,1790766284463767.132	,1790766284463773.912	
0,ReduceSum_7a09f5b7af4126487a7f726a9aac7548_high_performance_110001000400,MIX_AIV,47,3605,23.300,1790766284463775.092	,1790766284463798.393	
0,Cast_c6738f795430c3c6f09cdc8d52a1b43d_high_performance_210000000,AI_VECTOR_CORE,47,3606,1.260,1790766284463799.473	,1790766284463800.733	
0,ConcatD_0d745295987e1c668b2ec8b2844aeada_high_performance_3000001,AI_VECTOR_CORE,47,3607,2.700,1790766284463800.753	,1790766284463803.453	
0,ConcatD_233851a3505389e43928a8bba133a74d_high_performance_3000001,AI_VECTOR_CORE,47,3608,1.840,1790766284463803.493	,1790766284463805.333	
0,Cast_39a266ce9a8d7d9ead33f6686e936b72_high_performance_210000000,AI_VECTOR_CORE,47,3609,1.360,1790766284463805.353	,1790766284463806.713	
0,Cast_39a266ce9a8d7d9ead33f6686e936b72_high_performance_210000000,AI_VECTOR_CORE,47,3610,1.380,1790766284463806.753	,1790766284463808.133	
0,N/A,EVENT_RECORD,47,3611,0.020,1790766284463808.153	,1790766284463808.173	
0,N/A,EVENT_RECORD,47,3612,0.020,1790766284463808.193	,1790766284463808.213	
0,N/A,MEMCPY_ASYNC,45,204,2.120,1790766284463808.733	,1790766284463810.853	
0,N/A,MEMCPY_ASYNC,45,205,1.920,1790766284463811.013	,1790766284463812.933	
0,N/A,MEMCPY_ASYNC,45,206,2.020,1790766284463813.093	,1790766284463815.113	
0,N/A,MEMCPY_ASYNC,45,207,2.060,1790766284463815.273	,1790766284463817.333	
0,N/A,EVENT_RECORD,45,208,0.020,1790766284463817.473	,1790766284463817.493	
0,N/A,EVENT_RECORD,45,209,0.020,1790766284463817.513	,1790766284463817.533	
0,N/A,EVENT_RECORD,45,210,0.020,1790766284463890.755	,1790766284463890.775	
0,N/A,EVENT_RECORD,45,211,0.000,1790766284463985.257	,1790766284463985.257	
0,N/A,EVENT_RECORD,45,212,0.020,1790766284464343.404	,1790766284464343.424	
0,N/A,MEMCPY_ASYNC,47,3613,2.520,1790766284464390.385	,1790766284464392.905	
0,N/A,MEMCPY_ASYNC,47,3614,2.200,1790766284464642.530	,1790766284464644.730	
0,N/A,MEMCPY_ASYNC,47,3615,2.200,1790766284464713.091	,1790766284464715.291	
0,N/A,MEMCPY_ASYNC,47,3616,2.240,1790766284464784.592	,1790766284464786.833	
0,N/A,MEMCPY_ASYNC,47,3617,2.360,1790766284464886.955	,1790766284464889.315	
0,N/A,MEMCPY_ASYNC,47,3618,2.380,1790766284465153.720	,1790766284465156.100	
0,N/A,MEMCPY_ASYNC,47,3619,2.240,1790766284465322.323	,1790766284465324.563	
0,N/A,MEMCPY_ASYNC,47,3620,2.220,1790766284465383.604	,1790766284465385.824	
0,Fill_1fbc7ee619b707282bbfd034093621df_high_performance_223000000,AI_VECTOR_CORE,47,3621,1.500,1790766284465554.048	,1790766284465555.548	
0,N/A,MEMCPY_ASYNC,47,3622,0.560,1790766284465743.892	,1790766284465744.452	
0,N/A,MEMCPY_ASYNC,47,3623,2.220,1790766284465970.296	,1790766284465972.516	
0,Fill_1fbc7ee619b707282bbfd034093621df_high_performance_223000000,AI_VECTOR_CORE,47,3624,1.480,1790766284466027.237	,1790766284466028.717	
0,N/A,MEMCPY_ASYNC,47,3625,2.520,1790766284466088.279	,1790766284466090.799	
0,N/A,MEMCPY_ASYNC,47,3626,2.400,1790766284466179.520	,1790766284466181.920	
0,N/A,MEMCPY_ASYNC,47,3627,2.240,1790766284466280.742	,1790766284466282.982	
0,N/A,MEMCPY_ASYNC,47,3628,2.240,1790766284466371.844	,1790766284466374.084	
0,IndexCheck_int64_high_performance_0,AI_VECTOR_CORE,47,3629,2.820,1790766284466513.747	,1790766284466516.567	
0,Index_f34e8f0e5e2c96109aa0460550023804_high_performance__kernel0,AI_VECTOR_CORE,47,3630,7.460,1790766284466516.607	,1790766284466524.067	
0,Cast_e87590d11ccda8b259ab6b1ea7212319_high_performance_210000000,AI_VECTOR_CORE,47,3631,1.200,1790766284466599.729	,1790766284466600.929	
0,Add_41dadce325b0f810d03359af2a38990b_high_performance_210000000,AI_VECTOR_CORE,47,3632,2.560,1790766284466668.010	,1790766284466670.570	
0,N/A,MEMCPY_ASYNC,47,3633,0.580,1790766284466773.992	,1790766284466774.572	
0,Add_9342884c99c006e21fc9d5d9260b8bef_high_performance_210000000,AI_VECTOR_CORE,47,3634,1.460,1790766284466829.713	,1790766284466831.173	
0,N/A,MEMCPY_ASYNC,47,3635,0.620,1790766284466928.955	,1790766284466929.575	
0,Fill_1fbc7ee619b707282bbfd034093621df_high_performance_223000000,AI_VECTOR_CORE,47,3636,1.440,1790766284466987.236	,1790766284466988.677	
0,_compute_slot_mapping_fused_groups_kernel,AI_VECTOR_CORE,47,3637,21.700,1790766284467391.505	,1790766284467413.205	
0,Sub_9342884c99c006e21fc9d5d9260b8bef_high_performance_210000000,AI_VECTOR_CORE,47,3638,1.500,1790766284467543.148	,1790766284467544.648	
0,N/A,MEMCPY_ASYNC,47,3639,2.260,1790766284467960.036	,1790766284467962.296	
0,Cast_e87590d11ccda8b259ab6b1ea7212319_high_performance_210000000,AI_VECTOR_CORE,47,3640,1.300,1790766284468724.851	,1790766284468726.151	
0,FloorDiv_41dadce325b0f810d03359af2a38990b_high_performance_223000000,AI_VECTOR_CORE,47,3641,3.360,1790766284468726.171	,1790766284468729.531	
0,Cast_39a266ce9a8d7d9ead33f6686e936b72_high_performance_210000000,AI_VECTOR_CORE,47,3642,1.340,1790766284468745.072	,1790766284468746.412	
0,N/A,MEMCPY_ASYNC,47,3643,0.580,1790766284468902.495	,1790766284468903.075	
0,Cast_e87590d11ccda8b259ab6b1ea7212319_high_performance_210000000,AI_VECTOR_CORE,47,3644,1.160,1790766284468991.357	,1790766284468992.517	
0,GreaterEqual_1ea4da630f56dc1c2d6e7c9a9dd17b11_high_performance_210000000,AI_VECTOR_CORE,47,3645,3.160,1790766284468992.657	,1790766284468995.817	
0,Add_41dadce325b0f810d03359af2a38990b_high_performance_210000000,AI_VECTOR_CORE,47,3646,2.200,1790766284469045.878	,1790766284469048.078	
0,BroadcastTo_41dadce325b0f810d03359af2a38990b_high_performance_210000000,AI_VECTOR_CORE,47,3647,1.560,1790766284469109.779	,1790766284469111.339	
0,FloorMod_41dadce325b0f810d03359af2a38990b_high_precision_210000000,AI_VECTOR_CORE,47,3648,2.000,1790766284469123.759	,1790766284469125.759	
0,Equal_1ea4da630f56dc1c2d6e7c9a9dd17b11_high_performance_210000000,AI_VECTOR_CORE,47,3649,2.520,1790766284469145.420	,1790766284469147.940	
0,LogicalAnd_91d2a3cdd75d915a368582ec5f440af1_high_performance_210000000,AI_VECTOR_CORE,47,3650,1.420,1790766284469186.960	,1790766284469188.380	
0,ClipByValueV2_3bc53d14ff7dfecd0ed0c69136ab471a_high_performance_210000000,AI_VECTOR_CORE,47,3651,1.600,1790766284469243.702	,1790766284469245.302	
0,Cast_e87590d11ccda8b259ab6b1ea7212319_high_performance_210000000,AI_VECTOR_CORE,47,3652,1.180,1790766284469297.583	,1790766284469298.763	
0,FloorDiv_41dadce325b0f810d03359af2a38990b_high_performance_210000000,AI_VECTOR_CORE,47,3653,2.200,1790766284469299.703	,1790766284469301.903	
0,Cast_39a266ce9a8d7d9ead33f6686e936b72_high_performance_210000000,AI_VECTOR_CORE,47,3654,1.380,1790766284469302.643	,1790766284469304.023	
0,BroadcastTo_c71434db8135ff9089d65053721e3417_high_performance_210000000,AI_VECTOR_CORE,47,3655,1.360,1790766284469358.904	,1790766284469360.264	
0,FloorMod_9342884c99c006e21fc9d5d9260b8bef_high_precision_210000000,AI_VECTOR_CORE,47,3656,3.200,1790766284469361.064	,1790766284469364.264	
0,Mul_9342884c99c006e21fc9d5d9260b8bef_high_performance_210000000,AI_VECTOR_CORE,47,3657,1.560,1790766284469411.065	,1790766284469412.625	
0,Cast_e87590d11ccda8b259ab6b1ea7212319_high_performance_210000000,AI_VECTOR_CORE,47,3658,1.200,1790766284469463.626	,1790766284469464.826	
0,FloorDiv_41dadce325b0f810d03359af2a38990b_high_performance_210000000,AI_VECTOR_CORE,47,3659,1.880,1790766284469467.666	,1790766284469469.546	
0,Cast_39a266ce9a8d7d9ead33f6686e936b72_high_performance_210000000,AI_VECTOR_CORE,47,3660,1.460,1790766284469476.326	,1790766284469477.786	
0,Add_9342884c99c006e21fc9d5d9260b8bef_high_performance_210000000,AI_VECTOR_CORE,47,3661,1.360,1790766284469489.066	,1790766284469490.427	
0,Fill_1fbc7ee619b707282bbfd034093621df_high_performance_210000000,AI_VECTOR_CORE,47,3662,1.360,1790766284469569.968	,1790766284469571.328	
0,SelectV2_9bb0969ab50036eba4428cd9974a5c0b_high_performance_210000000,AI_VECTOR_CORE,47,3663,1.800,1790766284469609.029	,1790766284469610.829	
0,Cast_e87590d11ccda8b259ab6b1ea7212319_high_performance_210000000,AI_VECTOR_CORE,47,3664,1.120,1790766284469658.590	,1790766284469659.710	
0,Cast_e87590d11ccda8b259ab6b1ea7212319_high_performance_210000000,AI_VECTOR_CORE,47,3665,1.120,1790766284469755.552	,1790766284469756.672	
0,FloorDiv_41dadce325b0f810d03359af2a38990b_high_performance_210000000,AI_VECTOR_CORE,47,3666,1.860,1790766284469757.512	,1790766284469759.372	
0,Cast_39a266ce9a8d7d9ead33f6686e936b72_high_performance_210000000,AI_VECTOR_CORE,47,3667,1.140,1790766284469768.432	,1790766284469769.572	
0,N/A,MEMCPY_ASYNC,47,3668,0.600,1790766284469884.054	,1790766284469884.654	
0,N/A,MEMCPY_ASYNC,47,3669,0.620,1790766284469977.016	,1790766284469977.636	
0,N/A,MEMCPY_ASYNC,47,3670,0.600,1790766284470972.996	,1790766284470973.596	
0,N/A,MEMCPY_ASYNC,47,3671,0.640,1790766284471159.320	,1790766284471159.960	
0,N/A,MEMCPY_ASYNC,47,3672,0.840,1790766284471364.804	,1790766284471365.644	
0,Sub_9342884c99c006e21fc9d5d9260b8bef_high_performance_210000000,AI_VECTOR_CORE,47,3673,1.380,1790766284471479.666	,1790766284471481.046	
0,N/A,MEMCPY_ASYNC,47,3674,0.600,1790766284472166.420	,1790766284472167.020	
0,N/A,MEMCPY_ASYNC,47,3675,0.580,1790766284472339.363	,1790766284472339.943	
0,N/A,MEMCPY_ASYNC,47,3676,0.640,1790766284472509.767	,1790766284472510.407	
0,Sub_9342884c99c006e21fc9d5d9260b8bef_high_performance_210000000,AI_VECTOR_CORE,47,3677,1.300,1790766284472587.568	,1790766284472588.868	
0,N/A,MEMCPY_ASYNC,47,3678,0.600,1790766284473289.302	,1790766284473289.902	
0,N/A,MEMCPY_ASYNC,47,3679,0.640,1790766284473465.286	,1790766284473465.926	
0,N/A,MEMCPY_ASYNC,47,3680,0.580,1790766284473610.689	,1790766284473611.269	
0,Sub_9342884c99c006e21fc9d5d9260b8bef_high_performance_210000000,AI_VECTOR_CORE,47,3681,1.360,1790766284473686.230	,1790766284473687.590	
0,N/A,EVENT_RECORD,47,3682,0.020,1790766284473947.836	,1790766284473947.856	
0,Fill_279daeaf6b659300647aba3935d90048_high_performance_210000000,AI_VECTOR_CORE,47,3683,1.340,1790766284474357.724	,1790766284474359.064	
0,N/A,MEMCPY_ASYNC,47,3684,0.580,1790766284474445.266	,1790766284474445.846	
0,Fill_279daeaf6b659300647aba3935d90048_high_performance_210000000,AI_VECTOR_CORE,47,3685,1.300,1790766284474497.967	,1790766284474499.267	
0,N/A,MODEL_EXECUTE,47,3686,3.020,1790766284474789.572	,1790766284474792.592	
0,Cast_e87590d11ccda8b259ab6b1ea7212319_high_performance_210000000,AI_VECTOR_CORE,11,0,1.340,1790766284474792.532	,1790766284474793.872	
0,GatherV2_7869a97190b9b4d296d9414a005b954b_high_precision_900015015,AI_VECTOR_CORE,11,1,8.680,1790766284474793.892	,1790766284474802.573	
0,BroadcastTo_7e5992d3033ef32a3463c5d198e518a1_high_performance_221000002,AI_VECTOR_CORE,11,2,6.140,1790766284474802.593	,1790766284474808.733	
0,N/A,NOTIFY_WAIT,47,3687,2992.439,1790766284474807.693	,1790766284477800.133	
0,HcPre_6c9f0fa710253eff38b1c0e6be6a67be_0,MIX_AIC,11,3,29.380,1790766284474810.013	,1790766284474839.393	
0,RmsNorm_normal_all_bf16_high_performance_0,AI_VECTOR_CORE,11,4,4.500,1790766284474840.473	,1790766284474844.973	
0,MatMulV2_ND_ND_FP16_FP16_false_true_all_98499,AI_CORE,11,5,160.523,1790766284474845.013	,1790766284475005.537	
0,MatMulV2_ND_ND_FP16_FP16_false_true_all_98325,AI_CORE,11,6,7.960,1790766284475005.557	,1790766284475013.517	
0,MatMulV2_ND_ND_FP16_FP16_false_true_all_98325,AI_CORE,11,7,5.440,1790766284475013.537	,1790766284475018.977	
0,ZerosLike_1c4543fdfe7149b6b0717bd88f061562_high_performance_210000000,AI_VECTOR_CORE,11,8,5.200,1790766284475018.997	,1790766284475024.197	
0,_copy_conv_state_kernel,AI_VECTOR_CORE,11,9,7.960,1790766284475024.217	,1790766284475032.177	
0,CausalConv1d_b0123b7fae3057c534dbb03661977c42_1,MIX_AIC,11,10,12.940,1790766284475033.457	,1790766284475046.398	
0,N/A,MEMCPY_ASYNC,11,11,0.660,1790766284475047.458	,1790766284475048.118	
0,_copy_conv_state_kernel,AI_VECTOR_CORE,11,12,7.240,1790766284475048.138	,1790766284475055.378	
0,RecurrentKda_1ac9a791ca2957b2fe0a2e96909b5782_0,AI_VECTOR_CORE,11,13,30.720,1790766284475055.398	,1790766284475086.118	
0,_write_output,AI_VECTOR_CORE,11,14,2.860,1790766284475086.138	,1790766284475088.998	
0,layer_norm_gated_fwd_kernel,AI_VECTOR_CORE,11,15,3.200,1790766284475089.018	,1790766284475092.218	
0,MatMulV2_ND_ND_FP16_FP16_false_true_all_98499,AI_CORE,11,16,55.741,1790766284475092.258	,1790766284475148.000	
0,HcPost_d2fe6614722b27afa6f8d964c215447e_0,AI_VECTOR_CORE,11,17,7.340,1790766284475148.020	,1790766284475155.360	
0,HcPre_6c9f0fa710253eff38b1c0e6be6a67be_0,MIX_AIC,11,18,29.020,1790766284475156.480	,1790766284475185.500	
0,RmsNorm_normal_all_bf16_high_performance_0,AI_VECTOR_CORE,11,19,4.440,1790766284475186.360	,1790766284475190.800	
0,MatMulV2_ND_ND_FP16_FP16_false_true_all_98499,AI_CORE,11,20,157.363,1790766284475190.820	,1790766284475348.184	
0,ClipByValueV2_e87c9546cf2804355cf0d9445a2db01a_high_performance_220000000,AI_VECTOR_CORE,11,21,5.300,1790766284475348.204	,1790766284475353.504	
0,ClipByValueV2_e87c9546cf2804355cf0d9445a2db01a_high_performance_220000000,AI_VECTOR_CORE,11,22,4.380,1790766284475353.544	,1790766284475357.924	
0,Muls_299cf4d7f9ef0f745d89d88c666b45aa_high_performance_210000000,AI_VECTOR_CORE,11,23,3.060,1790766284475357.944	,1790766284475361.004	
0,Sigmoid_1c4543fdfe7149b6b0717bd88f061562_high_precision_210000000,AI_VECTOR_CORE,11,24,3.720,1790766284475361.024	,1790766284475364.744	
0,Mul_ce3d1ff8ba23a0bcb292da3577c1625d_high_performance_210020000,AI_VECTOR_CORE,11,25,3.360,1790766284475364.764	,1790766284475368.124	
0,Add_ce3d1ff8ba23a0bcb292da3577c1625d_high_performance_223000000,AI_VECTOR_CORE,11,26,3.040,1790766284475368.144	,1790766284475371.184	
0,Mul_ce3d1ff8ba23a0bcb292da3577c1625d_high_performance_210020000,AI_VECTOR_CORE,11,27,3.720,1790766284475371.204	,1790766284475374.924	
0,MatMulV2_ND_ND_FP16_FP16_false_true_all_98513,AI_CORE,11,28,104.122,1790766284475374.964	,1790766284475479.086	
0,HcPost_d2fe6614722b27afa6f8d964c215447e_0,AI_VECTOR_CORE,11,29,7.420,1790766284475479.106	,1790766284475486.526	
0,HcPre_6c9f0fa710253eff38b1c0e6be6a67be_0,MIX_AIC,11,30,28.320,1790766284475487.746	,1790766284475516.067	
0,RmsNorm_normal_all_bf16_high_performance_0,AI_VECTOR_CORE,11,31,4.620,1790766284475517.007	,1790766284475521.627	
0,MatMulV2_ND_ND_FP16_FP16_false_true_all_98499,AI_CORE,11,32,158.123,1790766284475521.647	,1790766284475679.770	
0,MatMulV2_ND_ND_FP16_FP16_false_true_all_98325,AI_CORE,11,33,6.600,1790766284475679.790	,1790766284475686.390	
0,MatMulV2_ND_ND_FP16_FP16_false_true_all_98325,AI_CORE,11,34,5.400,1790766284475686.410	,1790766284475691.810	
0,ZerosLike_1c4543fdfe7149b6b0717bd88f061562_high_performance_210000000,AI_VECTOR_CORE,11,35,5.080,1790766284475691.830	,1790766284475696.911	
0,_copy_conv_state_kernel,AI_VECTOR_CORE,11,36,12.100,1790766284475696.931	,1790766284475709.031	
0,CausalConv1d_b0123b7fae3057c534dbb03661977c42_1,MIX_AIC,11,37,13.360,1790766284475710.511	,1790766284475723.871	
0,N/A,MEMCPY_ASYNC,11,38,0.660,1790766284475725.111	,1790766284475725.771	
0,_copy_conv_state_kernel,AI_VECTOR_CORE,11,39,9.700,1790766284475725.811	,1790766284475735.511	
0,RecurrentKda_1ac9a791ca2957b2fe0a2e96909b5782_0,AI_VECTOR_CORE,11,40,38.020,1790766284475735.531	,1790766284475773.552	
0,_write_output,AI_VECTOR_CORE,11,41,2.740,1790766284475773.572	,1790766284475776.312	
0,layer_norm_gated_fwd_kernel,AI_VECTOR_CORE,11,42,3.560,1790766284475776.332	,1790766284475779.892	
0,MatMulV2_ND_ND_FP16_FP16_false_true_all_98499,AI_CORE,11,43,63.601,1790766284475779.912	,1790766284475843.513	
0,HcPost_d2fe6614722b27afa6f8d964c215447e_0,AI_VECTOR_CORE,11,44,7.300,1790766284475843.533	,1790766284475850.834	
0,HcPre_6c9f0fa710253eff38b1c0e6be6a67be_0,MIX_AIC,11,45,29.400,1790766284475851.954	,1790766284475881.354	
0,RmsNorm_normal_all_bf16_high_performance_0,AI_VECTOR_CORE,11,46,4.400,1790766284475882.434	,1790766284475886.834	
0,MatMulV2_ND_ND_FP16_FP16_false_true_all_98499,AI_CORE,11,47,163.383,1790766284475886.874	,1790766284476050.258	
0,ClipByValueV2_e87c9546cf2804355cf0d9445a2db01a_high_performance_220000000,AI_VECTOR_CORE,11,48,5.220,1790766284476050.298	,1790766284476055.518	
0,ClipByValueV2_e87c9546cf2804355cf0d9445a2db01a_high_performance_220000000,AI_VECTOR_CORE,11,49,4.520,1790766284476055.558	,1790766284476060.078	
0,Muls_299cf4d7f9ef0f745d89d88c666b45aa_high_performance_210000000,AI_VECTOR_CORE,11,50,2.980,1790766284476060.098	,1790766284476063.078	
0,Sigmoid_1c4543fdfe7149b6b0717bd88f061562_high_precision_210000000,AI_VECTOR_CORE,11,51,3.900,1790766284476063.098	,1790766284476066.998	
0,Mul_ce3d1ff8ba23a0bcb292da3577c1625d_high_performance_210020000,AI_VECTOR_CORE,11,52,3.300,1790766284476067.038	,1790766284476070.338	
0,Add_ce3d1ff8ba23a0bcb292da3577c1625d_high_performance_223000000,AI_VECTOR_CORE,11,53,3.160,1790766284476070.358	,1790766284476073.518	
0,Mul_ce3d1ff8ba23a0bcb292da3577c1625d_high_performance_210020000,AI_VECTOR_CORE,11,54,3.640,1790766284476073.538	,1790766284476077.178	
0,MatMulV2_ND_ND_FP16_FP16_false_true_all_98513,AI_CORE,11,55,99.782,1790766284476077.218	,1790766284476177.000	
0,HcPost_d2fe6614722b27afa6f8d964c215447e_0,AI_VECTOR_CORE,11,56,7.360,1790766284476177.040	,1790766284476184.400	
0,HcPre_6c9f0fa710253eff38b1c0e6be6a67be_0,MIX_AIC,11,57,25.280,1790766284476185.840	,1790766284476211.121	
0,RmsNorm_normal_all_bf16_high_performance_0,AI_VECTOR_CORE,11,58,4.520,1790766284476212.101	,1790766284476216.621	
0,MatMulV2_ND_ND_FP16_FP16_false_true_all_98499,AI_CORE,11,59,149.083,1790766284476216.641	,1790766284476365.724	
0,MatMulV2_ND_ND_FP16_FP16_false_true_all_98325,AI_CORE,11,60,6.300,1790766284476365.744	,1790766284476372.044	
0,MatMulV2_ND_ND_FP16_FP16_false_true_all_98325,AI_CORE,11,61,5.140,1790766284476372.064	,1790766284476377.204	
0,ZerosLike_1c4543fdfe7149b6b0717bd88f061562_high_performance_210000000,AI_VECTOR_CORE,11,62,5.140,1790766284476377.224	,1790766284476382.364	
0,_copy_conv_state_kernel,AI_VECTOR_CORE,11,63,8.280,1790766284476382.384	,1790766284476390.664	
0,CausalConv1d_b0123b7fae3057c534dbb03661977c42_1,MIX_AIC,11,64,13.040,1790766284476391.924	,1790766284476404.965	
0,N/A,MEMCPY_ASYNC,11,65,0.700,1790766284476405.965	,1790766284476406.665	
0,_copy_conv_state_kernel,AI_VECTOR_CORE,11,66,7.400,1790766284476406.685	,1790766284476414.085	
0,RecurrentKda_1ac9a791ca2957b2fe0a2e96909b5782_0,AI_VECTOR_CORE,11,67,30.120,1790766284476414.105	,1790766284476444.225	
0,_write_output,AI_VECTOR_CORE,11,68,2.780,1790766284476444.265	,1790766284476447.046	
0,layer_norm_gated_fwd_kernel,AI_VECTOR_CORE,11,69,3.160,1790766284476447.066	,1790766284476450.226	
0,MatMulV2_ND_ND_FP16_FP16_false_true_all_98499,AI_CORE,11,70,59.721,1790766284476450.246	,1790766284476509.967	
0,HcPost_d2fe6614722b27afa6f8d964c215447e_0,AI_VECTOR_CORE,11,71,7.280,1790766284476509.987	,1790766284476517.267	
0,HcPre_6c9f0fa710253eff38b1c0e6be6a67be_0,MIX_AIC,11,72,29.160,1790766284476518.447	,1790766284476547.608	
0,RmsNorm_normal_all_bf16_high_performance_0,AI_VECTOR_CORE,11,73,4.420,1790766284476548.308	,1790766284476552.728	
0,MatMulV2_ND_ND_FP16_FP16_false_true_all_98499,AI_CORE,11,74,158.683,1790766284476552.748	,1790766284476711.431	
0,ClipByValueV2_e87c9546cf2804355cf0d9445a2db01a_high_performance_220000000,AI_VECTOR_CORE,11,75,5.420,1790766284476711.471	,1790766284476716.891	
0,ClipByValueV2_e87c9546cf2804355cf0d9445a2db01a_high_performance_220000000,AI_VECTOR_CORE,11,76,4.540,1790766284476716.931	,1790766284476721.471	
0,Muls_299cf4d7f9ef0f745d89d88c666b45aa_high_performance_210000000,AI_VECTOR_CORE,11,77,3.100,1790766284476721.491	,1790766284476724.591	
0,Sigmoid_1c4543fdfe7149b6b0717bd88f061562_high_precision_210000000,AI_VECTOR_CORE,11,78,3.660,1790766284476724.611	,1790766284476728.271	
0,Mul_ce3d1ff8ba23a0bcb292da3577c1625d_high_performance_210020000,AI_VECTOR_CORE,11,79,3.440,1790766284476728.291	,1790766284476731.731	
0,Add_ce3d1ff8ba23a0bcb292da3577c1625d_high_performance_223000000,AI_VECTOR_CORE,11,80,3.200,1790766284476731.751	,1790766284476734.951	
0,Mul_ce3d1ff8ba23a0bcb292da3577c1625d_high_performance_210020000,AI_VECTOR_CORE,11,81,3.680,1790766284476734.971	,1790766284476738.651	
0,MatMulV2_ND_ND_FP16_FP16_false_true_all_98513,AI_CORE,11,82,101.262,1790766284476738.671	,1790766284476839.933	
0,HcPost_d2fe6614722b27afa6f8d964c215447e_0,AI_VECTOR_CORE,11,83,7.320,1790766284476839.953	,1790766284476847.273	
0,HcPre_6c9f0fa710253eff38b1c0e6be6a67be_0,MIX_AIC,11,84,27.220,1790766284476848.434	,1790766284476875.654	
0,RmsNorm_normal_all_bf16_high_performance_0,AI_VECTOR_CORE,11,85,4.280,1790766284476876.454	,1790766284476880.734	
0,MatMulV2_ND_ND_FP16_FP16_false_true_all_98513,AI_CORE,11,86,18.540,1790766284476880.754	,1790766284476899.295	
0,RmsNorm_normal_all_bf16_high_performance_2,AI_VECTOR_CORE,11,87,5.360,1790766284476899.315	,1790766284476904.675	
0,RmsNorm_normal_all_bf16_high_performance_2,AI_VECTOR_CORE,11,88,3.740,1790766284476904.695	,1790766284476908.435	
0,ScatterNdUpdate_bfloat16_int32_high_precision_11,MIX_AIV,11,89,5.500,1790766284476909.815	,1790766284476915.315	
0,MatMulV2_ND_ND_FP16_FP16_false_true_all_98499,AI_CORE,11,90,45.780,1790766284476916.495	,1790766284476962.276	
0,TransposeBatchMatMul_ND_ND_ND_ND_ND_BF16_BF16_BF16_INT64_BF16_high_performance_32,AI_CORE,11,91,24.640,1790766284476962.296	,1790766284476986.936	
0,Cast_b2717900ea7de2d41ea9c63d23aa269b_high_performance_210000000,AI_VECTOR_CORE,11,92,2.040,1790766284476986.956	,1790766284476988.996	
0,MatMulV2_ND_ND_FP32_FP32_false_true_all_65665,AI_CORE,11,93,9.380,1790766284476989.036	,1790766284476998.417	
0,LayerNormV3_23ae115d70bd435e4cb966a52be97b55_high_precision_1600400500,AI_VECTOR_CORE,11,94,5.860,1790766284476998.457	,1790766284477004.317	
0,MatMulV2_ND_ND_FP32_FP32_false_true_all_65665,AI_CORE,11,95,8.880,1790766284477004.337	,1790766284477013.217	
0,MatMulV2_ND_ND_FP16_FP16_false_true_all_98499,AI_CORE,11,96,16.300,1790766284477013.257	,1790766284477029.557	
0,Cast_9f288b80370c6545ffe8cef142d37f5c_high_performance_210000000,AI_VECTOR_CORE,11,97,1.320,1790766284477029.597	,1790766284477030.917	
0,Muls_299cf4d7f9ef0f745d89d88c666b45aa_high_performance_210000000,AI_VECTOR_CORE,11,98,1.340,1790766284477030.937	,1790766284477032.277	
0,_glm5_next_kpool_tail_compress_kernel,AI_VECTOR_CORE,11,99,1.900,1790766284477032.297	,1790766284477034.197	
0,_store_kpool_tail_kernel,AI_VECTOR_CORE,11,100,2.940,1790766284477034.217	,1790766284477037.157	
0,Cast_b2717900ea7de2d41ea9c63d23aa269b_high_performance_210000000,AI_VECTOR_CORE,11,101,1.580,1790766284477037.177	,1790766284477038.757	
0,Cast_b2717900ea7de2d41ea9c63d23aa269b_high_performance_210000000,AI_VECTOR_CORE,11,102,1.220,1790766284477038.777	,1790766284477039.997	
0,Mul_ee98c6628030785f610b924ab1557b31_high_performance_212000002,AI_VECTOR_CORE,11,103,7.740,1790766284477040.017	,1790766284477047.758	
0,ReduceSum_7a09f5b7af4126487a7f726a9aac7548_high_performance_82100900,MIX_AIV,11,104,8.120,1790766284477049.038	,1790766284477057.158	
0,_glm5_next_lightning_indexer_score_kernel,AI_VECTOR_CORE,11,105,7.900,1790766284477058.158	,1790766284477066.058	
0,TopKV2_5c671486fda0d949d7cba9a9754bc2dd_high_performance_2017612701781458944,MIX_AIV,11,106,6.240,1790766284477067.158	,1790766284477073.398	
0,Cast_e87590d11ccda8b259ab6b1ea7212319_high_performance_210000000,AI_VECTOR_CORE,11,107,1.500,1790766284477074.438	,1790766284477075.938	
0,Cast_39a266ce9a8d7d9ead33f6686e936b72_high_performance_210000000,AI_VECTOR_CORE,11,108,1.580,1790766284477075.958	,1790766284477077.538	
0,_expand_pool_indices,AI_VECTOR_CORE,11,109,9.660,1790766284477077.578	,1790766284477087.238	
0,SparseFlashAttention_2e25ad8fefac1f04c03bd78f2d2ab366_1158,MIX_AIC,11,110,27.460,1790766284477088.178	,1790766284477115.639	
0,TransposeBatchMatMul_ND_ND_ND_ND_ND_BF16_BF16_BF16_INT64_BF16_high_performance_32,AI_CORE,11,111,21.940,1790766284477116.839	,1790766284477138.779	
0,N/A,EVENT_WAIT,39,22,1740.914,1790766284477127.779	,1790766284478868.694	
0,MatMulV2_ND_ND_FP16_FP16_false_true_all_98513,AI_CORE,11,112,132.122,1790766284477138.799	,1790766284477270.922	
0,N/A,MEMCPY_ASYNC,11,113,0.560,1790766284477270.962	,1790766284477271.522	
0,HcPost_d2fe6614722b27afa6f8d964c215447e_0,AI_VECTOR_CORE,11,114,7.280,1790766284477271.542	,1790766284477278.822	
0,HcPre_6c9f0fa710253eff38b1c0e6be6a67be_0,MIX_AIC,11,115,27.260,1790766284477280.022	,1790766284477307.283	
0,RmsNorm_normal_all_bf16_high_performance_0,AI_VECTOR_CORE,11,116,4.560,1790766284477308.083	,1790766284477312.643	
0,N/A,EVENT_RECORD,11,117,0.000,1790766284477312.683	,1790766284477312.683	
0,Cast_b2717900ea7de2d41ea9c63d23aa269b_high_performance_210000000,AI_VECTOR_CORE,11,118,1.680,1790766284477312.723	,1790766284477314.403	
0,MatMulV2_ND_ND_FP32_FP32_false_true_all_65665,AI_CORE,11,119,6.040,1790766284477314.443	,1790766284477320.483	
0,N/A,EVENT_RECORD,11,120,0.020,1790766284477320.503	,1790766284477320.523	
0,MoeGatingTopK_81369a2fa0455f39b5d19d432d261f57_1,AI_VECTOR_CORE,11,121,4.320,1790766284477320.543	,1790766284477324.863	
0,N/A,EVENT_RECORD,11,122,0.020,1790766284477324.883	,1790766284477324.903	
0,MoeInitRoutingV3_4ca8d2d329b4477b44dd2ee885849b12_2100000,MIX_AIV,11,123,10.500,1790766284477325.983	,1790766284477336.483	
0,GroupedMatmul_0d2d43751f81d7f29646a862147967c9_68885275,MIX_AIC,11,124,206.644,1790766284477339.383	,1790766284477546.027	
0,N/A,EVENT_WAIT,45,213,1366.747,1790766284477502.087	,1790766284478868.834	
0,Slice_ee29dafe4fe21e12bb8d56ae91626cba_high_performance_524000000,AI_VECTOR_CORE,11,125,2.640,1790766284477546.887	,1790766284477549.528	
0,ClipByValueV2_e87c9546cf2804355cf0d9445a2db01a_high_performance_220000000,AI_VECTOR_CORE,11,126,5.940,1790766284477549.548	,1790766284477555.488	
0,ViewCopy_7778b2d0a2938f9247cc0c9f84559eb2_high_performance__kernel0,AI_VECTOR_CORE,11,127,9.940,1790766284477555.508	,1790766284477565.448	
0,Slice_ee29dafe4fe21e12bb8d56ae91626cba_high_performance_524000000,AI_VECTOR_CORE,11,128,2.280,1790766284477565.468	,1790766284477567.748	
0,ClipByValueV2_e87c9546cf2804355cf0d9445a2db01a_high_performance_220000000,AI_VECTOR_CORE,11,129,4.740,1790766284477567.768	,1790766284477572.508	
0,ViewCopy_7778b2d0a2938f9247cc0c9f84559eb2_high_performance__kernel0,AI_VECTOR_CORE,11,130,9.940,1790766284477572.528	,1790766284477582.468	
0,SwiGlu_3_high_performance_27,AI_VECTOR_CORE,11,131,5.060,1790766284477582.488	,1790766284477587.548	
0,N/A,EVENT_RECORD,11,132,0.020,1790766284477587.568	,1790766284477587.588	
0,GroupedMatmul_0d2d43751f81d7f29646a862147967c9_68885275,MIX_AIC,11,133,98.621,1790766284477588.608	,1790766284477687.230	
0,N/A,EVENT_RECORD,11,134,0.020,1790766284477688.090	,1790766284477688.110	
0,Cast_9f288b80370c6545ffe8cef142d37f5c_high_performance_210000000,AI_VECTOR_CORE,11,135,1.280,1790766284477688.130	,1790766284477689.410	
0,Abs_8098b79498645e9c0da095babdeaf862_high_performance_210000000,AI_VECTOR_CORE,11,136,1.600,1790766284477689.430	,1790766284477691.030	
0,MoeTokenUnpermute_6dd49246dc9576d3314234df69cb5c22_1,AI_VECTOR_CORE,11,137,4.260,1790766284477691.050	,1790766284477695.310	
0,MatMulV2_ND_ND_FP16_FP16_false_true_all_98499,AI_CORE,11,138,29.760,1790766284477695.330	,1790766284477725.091	
0,ClipByValueV2_e87c9546cf2804355cf0d9445a2db01a_high_performance_220000000,AI_VECTOR_CORE,11,139,1.660,1790766284477725.131	,1790766284477726.791	
0,ClipByValueV2_e87c9546cf2804355cf0d9445a2db01a_high_performance_220000000,AI_VECTOR_CORE,11,140,1.800,1790766284477726.811	,1790766284477728.611	
0,Muls_299cf4d7f9ef0f745d89d88c666b45aa_high_performance_210000000,AI_VECTOR_CORE,11,141,1.260,1790766284477728.651	,1790766284477729.911	
0,Sigmoid_1c4543fdfe7149b6b0717bd88f061562_high_precision_210000000,AI_VECTOR_CORE,11,142,1.620,1790766284477729.951	,1790766284477731.571	
0,Mul_ce3d1ff8ba23a0bcb292da3577c1625d_high_performance_210020000,AI_VECTOR_CORE,11,143,1.960,1790766284477731.591	,1790766284477733.551	
0,Add_ce3d1ff8ba23a0bcb292da3577c1625d_high_performance_223000000,AI_VECTOR_CORE,11,144,1.580,1790766284477733.571	,1790766284477735.151	
0,Mul_ce3d1ff8ba23a0bcb292da3577c1625d_high_performance_210020000,AI_VECTOR_CORE,11,145,1.380,1790766284477735.191	,1790766284477736.571	
0,MatMulV2_ND_ND_FP16_FP16_false_true_all_98499,AI_CORE,11,146,18.220,1790766284477736.591	,1790766284477754.812	
0,ForeachAddList_c73cb8f503197be65eaf63148ad48de4_high_performance_4,AI_VECTOR_CORE,11,147,14.360,1790766284477754.832	,1790766284477769.192	
0,HcPost_d2fe6614722b27afa6f8d964c215447e_0,AI_VECTOR_CORE,11,148,5.940,1790766284477769.212	,1790766284477775.152	
0,ReduceMean_9a2479d4dc5148645cb3f4b9e765c637_high_precision_92100900,MIX_AIV,11,149,18.440,1790766284477776.252	,1790766284477794.692	
0,RmsNorm_normal_all_bf16_high_performance_0,AI_VECTOR_CORE,11,150,3.220,1790766284477795.752	,1790766284477798.973	
0,N/A,EVENT_RESET,11,151,0.100,1790766284477798.993	,1790766284477799.093	
0,N/A,EVENT_RESET,11,152,0.080,1790766284477799.113	,1790766284477799.193	
0,N/A,EVENT_RESET,11,153,0.080,1790766284477799.233	,1790766284477799.313	
0,N/A,EVENT_RESET,11,154,0.080,1790766284477799.353	,1790766284477799.433	
0,N/A,EVENT_RESET,11,155,0.100,1790766284477799.453	,1790766284477799.553	
0,N/A,NOTIFY_RECORD,11,156,0.020,1790766284477799.573	,1790766284477799.593	
0,IndexCheck_int32_high_performance_1,AI_VECTOR_CORE,47,3688,3.200,1790766284477800.153	,1790766284477803.353	
0,Index_b1b18d29d34a3b544b5bb6b3f56177c3_high_performance__kernel0,AI_VECTOR_CORE,47,3689,8.160,1790766284477803.373	,1790766284477811.533	
0,MatMulV2_ND_ND_FP16_FP16_false_true_all_98499,AI_CORE,47,3690,890.117,1790766284477811.553	,1790766284478701.671	
0,Cast_b2717900ea7de2d41ea9c63d23aa269b_high_performance_210000000,AI_VECTOR_CORE,47,3691,7.420,1790766284478701.691	,1790766284478709.111	
0,LogSoftmaxV2_291664ae3e88b38b8b46c2efbbea27c9_high_precision_400001,AI_VECTOR_CORE,47,3692,43.580,1790766284478709.151	,1790766284478752.732	
0,Cast_b2717900ea7de2d41ea9c63d23aa269b_high_performance_210000000,AI_VECTOR_CORE,47,3693,2.520,1790766284478752.752	,1790766284478755.272	
0,ArgMaxV2_4402011f777d6374ab9f6425cb5984c4_high_performance_3,AI_VECTOR_CORE,47,3694,19.140,1790766284478755.292	,1790766284478774.432	
0,Cast_e87590d11ccda8b259ab6b1ea7212319_high_performance_210000000,AI_VECTOR_CORE,47,3695,1.340,1790766284478774.452	,1790766284478775.792	
0,TopKV2_5c671486fda0d949d7cba9a9754bc2dd_high_performance_2017612907941986305,MIX_AIV,47,3696,18.200,1790766284478777.152	,1790766284478795.352	
0,TopKV2_5c671486fda0d949d7cba9a9754bc2dd_high_performance_2017612701781458944,MIX_AIV,47,3697,3.500,1790766284478798.452	,1790766284478801.953	
0,GatherElements_8b4ec10fbb39c5c0a65192c606400b29_high_performance__kernel0,AI_VECTOR_CORE,47,3698,9.760,1790766284478802.673	,1790766284478812.433	
0,Cast_e87590d11ccda8b259ab6b1ea7212319_high_performance_210000000,AI_VECTOR_CORE,47,3699,1.020,1790766284478812.453	,1790766284478813.473	
0,Cast_39a266ce9a8d7d9ead33f6686e936b72_high_performance_210000000,AI_VECTOR_CORE,47,3700,1.540,1790766284478813.513	,1790766284478815.053	
0,GatherElementsV2_fp32_high_performance_2,AI_VECTOR_CORE,47,3701,3.820,1790766284478815.073	,1790766284478818.893	
0,GreaterEqual_3efaad932f458d7892fdb0715ec85b2b_high_performance_223000000,AI_VECTOR_CORE,47,3702,8.420,1790766284478818.913	,1790766284478827.333	
0,Cast_df2b778f1b80e749bd4242386ec57ab9_high_performance_210000000,AI_VECTOR_CORE,47,3703,6.760,1790766284478827.353	,1790766284478834.113	
0,ReduceSum_7a09f5b7af4126487a7f726a9aac7548_high_performance_110001000400,MIX_AIV,47,3704,22.700,1790766284478835.413	,1790766284478858.114	
0,Cast_c6738f795430c3c6f09cdc8d52a1b43d_high_performance_210000000,AI_VECTOR_CORE,47,3705,1.500,1790766284478859.214	,1790766284478860.714	
0,ConcatD_0d745295987e1c668b2ec8b2844aeada_high_performance_3000001,AI_VECTOR_CORE,47,3706,2.700,1790766284478860.734	,1790766284478863.434	
0,ConcatD_233851a3505389e43928a8bba133a74d_high_performance_3000001,AI_VECTOR_CORE,47,3707,1.980,1790766284478863.454	,1790766284478865.434	
0,Cast_39a266ce9a8d7d9ead33f6686e936b72_high_performance_210000000,AI_VECTOR_CORE,47,3708,1.440,1790766284478865.454	,1790766284478866.894	
0,Cast_39a266ce9a8d7d9ead33f6686e936b72_high_performance_210000000,AI_VECTOR_CORE,47,3709,1.280,1790766284478866.914	,1790766284478868.194	
0,N/A,EVENT_RECORD,47,3710,0.000,1790766284478868.234	,1790766284478868.234	
0,N/A,EVENT_RECORD,47,3711,0.000,1790766284478868.274	,1790766284478868.274	
0,N/A,MEMCPY_ASYNC,45,214,2.040,1790766284478868.854	,1790766284478870.894	
0,N/A,MEMCPY_ASYNC,45,215,2.000,1790766284478871.054	,1790766284478873.054	
0,N/A,MEMCPY_ASYNC,45,216,2.100,1790766284478873.214	,1790766284478875.314	
0,N/A,MEMCPY_ASYNC,45,217,1.980,1790766284478875.474	,1790766284478877.454	
0,N/A,EVENT_RECORD,45,218,0.020,1790766284478877.614	,1790766284478877.634	
0,N/A,EVENT_RECORD,45,219,0.020,1790766284478877.654	,1790766284478877.674	
0,N/A,EVENT_RECORD,45,220,0.020,1790766284479042.137	,1790766284479042.157	
0,N/A,EVENT_RECORD,45,221,0.000,1790766284479056.818	,1790766284479056.818	
0,N/A,EVENT_RECORD,45,222,0.000,1790766284479147.539	,1790766284479147.539	
0,N/A,MEMCPY_ASYNC,47,3712,2.660,1790766284479695.190	,1790766284479697.850	
0,N/A,MEMCPY_ASYNC,47,3713,2.180,1790766284479772.472	,1790766284479774.652	
0,N/A,MEMCPY_ASYNC,47,3714,2.480,1790766284479847.293	,1790766284479849.773	
0,N/A,MEMCPY_ASYNC,47,3715,2.380,1790766284479927.035	,1790766284479929.415	
0,N/A,MEMCPY_ASYNC,47,3716,2.340,1790766284479999.336	,1790766284480001.677	
0,N/A,MEMCPY_ASYNC,47,3717,2.200,1790766284480280.182	,1790766284480282.382	
0,N/A,MEMCPY_ASYNC,47,3718,2.320,1790766284480487.546	,1790766284480489.866	
0,N/A,MEMCPY_ASYNC,47,3719,2.340,1790766284480549.787	,1790766284480552.128	
0,Fill_1fbc7ee619b707282bbfd034093621df_high_performance_223000000,AI_VECTOR_CORE,47,3720,1.440,1790766284480732.991	,1790766284480734.431	
0,N/A,MEMCPY_ASYNC,47,3721,0.600,1790766284480938.655	,1790766284480939.255	
0,N/A,MEMCPY_ASYNC,47,3722,2.340,1790766284481182.780	,1790766284481185.120	
0,Fill_1fbc7ee619b707282bbfd034093621df_high_performance_223000000,AI_VECTOR_CORE,47,3723,1.480,1790766284481232.241	,1790766284481233.721	
0,N/A,MEMCPY_ASYNC,47,3724,2.380,1790766284481290.222	,1790766284481292.602	
0,N/A,MEMCPY_ASYNC,47,3725,2.360,1790766284481382.464	,1790766284481384.824	
0,N/A,MEMCPY_ASYNC,47,3726,2.200,1790766284481465.286	,1790766284481467.486	
0,N/A,MEMCPY_ASYNC,47,3727,2.400,1790766284481548.267	,1790766284481550.667	
0,IndexCheck_int64_high_performance_0,AI_VECTOR_CORE,47,3728,2.780,1790766284481665.810	,1790766284481668.590	
0,Index_f34e8f0e5e2c96109aa0460550023804_high_performance__kernel0,AI_VECTOR_CORE,47,3729,7.660,1790766284481668.610	,1790766284481676.270	
0,Cast_e87590d11ccda8b259ab6b1ea7212319_high_performance_210000000,AI_VECTOR_CORE,47,3730,1.160,1790766284481744.571	,1790766284481745.731	
0,Add_41dadce325b0f810d03359af2a38990b_high_performance_210000000,AI_VECTOR_CORE,47,3731,2.500,1790766284481811.593	,1790766284481814.093	
0,N/A,MEMCPY_ASYNC,47,3732,0.600,1790766284481914.735	,1790766284481915.335	
0,Add_9342884c99c006e21fc9d5d9260b8bef_high_performance_210000000,AI_VECTOR_CORE,47,3733,1.560,1790766284481982.416	,1790766284481983.976	
0,N/A,MEMCPY_ASYNC,47,3734,0.600,1790766284482067.978	,1790766284482068.578	
0,Fill_1fbc7ee619b707282bbfd034093621df_high_performance_223000000,AI_VECTOR_CORE,47,3735,1.640,1790766284482129.239	,1790766284482130.879	
0,_compute_slot_mapping_fused_groups_kernel,AI_VECTOR_CORE,47,3736,21.840,1790766284482504.647	,1790766284482526.487	
0,Sub_9342884c99c006e21fc9d5d9260b8bef_high_performance_210000000,AI_VECTOR_CORE,47,3737,1.540,1790766284482665.290	,1790766284482666.830	
0,N/A,MEMCPY_ASYNC,47,3738,2.260,1790766284483082.198	,1790766284483084.458	
0,Cast_e87590d11ccda8b259ab6b1ea7212319_high_performance_210000000,AI_VECTOR_CORE,47,3739,1.300,1790766284483796.572	,1790766284483797.872	
0,FloorDiv_41dadce325b0f810d03359af2a38990b_high_performance_223000000,AI_VECTOR_CORE,47,3740,3.460,1790766284483798.752	,1790766284483802.212	
0,Cast_39a266ce9a8d7d9ead33f6686e936b72_high_performance_210000000,AI_VECTOR_CORE,47,3741,1.480,1790766284483802.232	,1790766284483803.712	
0,N/A,MEMCPY_ASYNC,47,3742,0.560,1790766284483951.515	,1790766284483952.075	
0,Cast_e87590d11ccda8b259ab6b1ea7212319_high_performance_210000000,AI_VECTOR_CORE,47,3743,1.140,1790766284484048.077	,1790766284484049.217	
0,GreaterEqual_1ea4da630f56dc1c2d6e7c9a9dd17b11_high_performance_210000000,AI_VECTOR_CORE,47,3744,2.920,1790766284484049.717	,1790766284484052.637	
0,Add_41dadce325b0f810d03359af2a38990b_high_performance_210000000,AI_VECTOR_CORE,47,3745,2.120,1790766284484102.658	,1790766284484104.779	
0,BroadcastTo_41dadce325b0f810d03359af2a38990b_high_performance_210000000,AI_VECTOR_CORE,47,3746,1.580,1790766284484168.020	,1790766284484169.600	
0,FloorMod_41dadce325b0f810d03359af2a38990b_high_precision_210000000,AI_VECTOR_CORE,47,3747,1.960,1790766284484188.060	,1790766284484190.020	
0,Equal_1ea4da630f56dc1c2d6e7c9a9dd17b11_high_performance_210000000,AI_VECTOR_CORE,47,3748,2.300,1790766284484216.421	,1790766284484218.721	
0,LogicalAnd_91d2a3cdd75d915a368582ec5f440af1_high_performance_210000000,AI_VECTOR_CORE,47,3749,1.480,1790766284484283.142	,1790766284484284.622	
0,ClipByValueV2_3bc53d14ff7dfecd0ed0c69136ab471a_high_performance_210000000,AI_VECTOR_CORE,47,3750,1.700,1790766284484332.003	,1790766284484333.703	
0,Cast_e87590d11ccda8b259ab6b1ea7212319_high_performance_210000000,AI_VECTOR_CORE,47,3751,1.280,1790766284484432.225	,1790766284484433.505	
0,FloorDiv_41dadce325b0f810d03359af2a38990b_high_performance_210000000,AI_VECTOR_CORE,47,3752,2.420,1790766284484434.245	,1790766284484436.665	
0,Cast_39a266ce9a8d7d9ead33f6686e936b72_high_performance_210000000,AI_VECTOR_CORE,47,3753,1.460,1790766284484436.685	,1790766284484438.145	
0,BroadcastTo_c71434db8135ff9089d65053721e3417_high_performance_210000000,AI_VECTOR_CORE,47,3754,1.520,1790766284484519.867	,1790766284484521.387	
0,FloorMod_9342884c99c006e21fc9d5d9260b8bef_high_precision_210000000,AI_VECTOR_CORE,47,3755,2.940,1790766284484521.407	,1790766284484524.347	
0,Mul_9342884c99c006e21fc9d5d9260b8bef_high_performance_210000000,AI_VECTOR_CORE,47,3756,1.500,1790766284484586.468	,1790766284484587.968	
0,Cast_e87590d11ccda8b259ab6b1ea7212319_high_performance_210000000,AI_VECTOR_CORE,47,3757,1.180,1790766284484646.089	,1790766284484647.269	
0,FloorDiv_41dadce325b0f810d03359af2a38990b_high_performance_210000000,AI_VECTOR_CORE,47,3758,1.620,1790766284484647.909	,1790766284484649.529	
0,Cast_39a266ce9a8d7d9ead33f6686e936b72_high_performance_210000000,AI_VECTOR_CORE,47,3759,1.420,1790766284484662.390	,1790766284484663.810	
0,Add_9342884c99c006e21fc9d5d9260b8bef_high_performance_210000000,AI_VECTOR_CORE,47,3760,1.320,1790766284484676.870	,1790766284484678.190	
0,Fill_1fbc7ee619b707282bbfd034093621df_high_performance_210000000,AI_VECTOR_CORE,47,3761,1.460,1790766284484748.511	,1790766284484749.971	
0,SelectV2_9bb0969ab50036eba4428cd9974a5c0b_high_performance_210000000,AI_VECTOR_CORE,47,3762,1.800,1790766284484790.992	,1790766284484792.792	
0,Cast_e87590d11ccda8b259ab6b1ea7212319_high_performance_210000000,AI_VECTOR_CORE,47,3763,1.200,1790766284484832.353	,1790766284484833.553	
0,Cast_e87590d11ccda8b259ab6b1ea7212319_high_performance_210000000,AI_VECTOR_CORE,47,3764,1.200,1790766284484938.335	,1790766284484939.535	
0,FloorDiv_41dadce325b0f810d03359af2a38990b_high_performance_210000000,AI_VECTOR_CORE,47,3765,1.980,1790766284484939.635	,1790766284484941.615	
0,Cast_39a266ce9a8d7d9ead33f6686e936b72_high_performance_210000000,AI_VECTOR_CORE,47,3766,1.160,1790766284484944.715	,1790766284484945.875	
0,N/A,MEMCPY_ASYNC,47,3767,0.600,1790766284485073.358	,1790766284485073.958	
0,N/A,MEMCPY_ASYNC,47,3768,0.620,1790766284485156.900	,1790766284485157.520	
0,N/A,MEMCPY_ASYNC,47,3769,0.620,1790766284486200.900	,1790766284486201.520	
0,N/A,MEMCPY_ASYNC,47,3770,0.740,1790766284486380.024	,1790766284486380.764	
0,N/A,MEMCPY_ASYNC,47,3771,0.660,1790766284486527.687	,1790766284486528.347	
0,Sub_9342884c99c006e21fc9d5d9260b8bef_high_performance_210000000,AI_VECTOR_CORE,47,3772,1.520,1790766284486610.409	,1790766284486611.929	
0,N/A,MEMCPY_ASYNC,47,3773,0.600,1790766284487268.942	,1790766284487269.542	
0,N/A,MEMCPY_ASYNC,47,3774,0.580,1790766284487436.345	,1790766284487436.925	
0,N/A,MEMCPY_ASYNC,47,3775,0.660,1790766284487579.988	,1790766284487580.648	
0,Sub_9342884c99c006e21fc9d5d9260b8bef_high_performance_210000000,AI_VECTOR_CORE,47,3776,1.460,1790766284487671.390	,1790766284487672.850	
0,N/A,MEMCPY_ASYNC,47,3777,0.620,1790766284488457.345	,1790766284488457.965	
0,N/A,MEMCPY_ASYNC,47,3778,0.640,1790766284488647.809	,1790766284488648.449	
0,N/A,MEMCPY_ASYNC,47,3779,0.600,1790766284488800.552	,1790766284488801.152	
0,Sub_9342884c99c006e21fc9d5d9260b8bef_high_performance_210000000,AI_VECTOR_CORE,47,3780,1.360,1790766284488873.514	,1790766284488874.874	
0,N/A,EVENT_RECORD,47,3781,0.020,1790766284489161.580	,1790766284489161.600	
0,Fill_279daeaf6b659300647aba3935d90048_high_performance_210000000,AI_VECTOR_CORE,47,3782,1.340,1790766284489562.868	,1790766284489564.208	
0,N/A,MEMCPY_ASYNC,47,3783,0.620,1790766284489651.509	,1790766284489652.129	
0,Fill_279daeaf6b659300647aba3935d90048_high_performance_210000000,AI_VECTOR_CORE,47,3784,1.280,1790766284489709.190	,1790766284489710.471	
0,N/A,MODEL_EXECUTE,47,3785,3.020,1790766284489991.556	,1790766284489994.576	
0,Cast_e87590d11ccda8b259ab6b1ea7212319_high_performance_210000000,AI_VECTOR_CORE,11,0,1.300,1790766284489994.496	,1790766284489995.796	
0,GatherV2_7869a97190b9b4d296d9414a005b954b_high_precision_900015015,AI_VECTOR_CORE,11,1,8.580,1790766284489995.836	,1790766284490004.416	
0,BroadcastTo_7e5992d3033ef32a3463c5d198e518a1_high_performance_221000002,AI_VECTOR_CORE,11,2,6.200,1790766284490004.436	,1790766284490010.637	
0,N/A,NOTIFY_WAIT,47,3786,3003.440,1790766284490009.576	,1790766284493013.016	
0,HcPre_6c9f0fa710253eff38b1c0e6be6a67be_0,MIX_AIC,11,3,30.420,1790766284490011.777	,1790766284490042.197	
0,RmsNorm_normal_all_bf16_high_performance_0,AI_VECTOR_CORE,11,4,4.540,1790766284490043.477	,1790766284490048.017	
0,MatMulV2_ND_ND_FP16_FP16_false_true_all_98499,AI_CORE,11,5,157.483,1790766284490048.037	,1790766284490205.520	
0,MatMulV2_ND_ND_FP16_FP16_false_true_all_98325,AI_CORE,11,6,8.000,1790766284490205.540	,1790766284490213.541	
0,MatMulV2_ND_ND_FP16_FP16_false_true_all_98325,AI_CORE,11,7,5.340,1790766284490213.581	,1790766284490218.921	
0,ZerosLike_1c4543fdfe7149b6b0717bd88f061562_high_performance_210000000,AI_VECTOR_CORE,11,8,4.960,1790766284490218.941	,1790766284490223.901	
0,_copy_conv_state_kernel,AI_VECTOR_CORE,11,9,8.140,1790766284490223.921	,1790766284490232.061	
0,CausalConv1d_b0123b7fae3057c534dbb03661977c42_1,MIX_AIC,11,10,13.580,1790766284490233.361	,1790766284490246.941	
0,N/A,MEMCPY_ASYNC,11,11,0.660,1790766284490248.001	,1790766284490248.661	
0,_copy_conv_state_kernel,AI_VECTOR_CORE,11,12,7.440,1790766284490248.681	,1790766284490256.121	
0,RecurrentKda_1ac9a791ca2957b2fe0a2e96909b5782_0,AI_VECTOR_CORE,11,13,29.980,1790766284490256.161	,1790766284490286.142	
0,_write_output,AI_VECTOR_CORE,11,14,3.020,1790766284490286.162	,1790766284490289.182	
0,layer_norm_gated_fwd_kernel,AI_VECTOR_CORE,11,15,3.320,1790766284490289.202	,1790766284490292.522	
0,MatMulV2_ND_ND_FP16_FP16_false_true_all_98499,AI_CORE,11,16,56.781,1790766284490292.542	,1790766284490349.323	
0,HcPost_d2fe6614722b27afa6f8d964c215447e_0,AI_VECTOR_CORE,11,17,7.400,1790766284490349.343	,1790766284490356.743	
0,HcPre_6c9f0fa710253eff38b1c0e6be6a67be_0,MIX_AIC,11,18,28.200,1790766284490358.123	,1790766284490386.324	
0,RmsNorm_normal_all_bf16_high_performance_0,AI_VECTOR_CORE,11,19,4.540,1790766284490387.384	,1790766284490391.924	
0,MatMulV2_ND_ND_FP16_FP16_false_true_all_98499,AI_CORE,11,20,157.763,1790766284490391.944	,1790766284490549.707	
0,ClipByValueV2_e87c9546cf2804355cf0d9445a2db01a_high_performance_220000000,AI_VECTOR_CORE,11,21,5.300,1790766284490549.727	,1790766284490555.027	
0,ClipByValueV2_e87c9546cf2804355cf0d9445a2db01a_high_performance_220000000,AI_VECTOR_CORE,11,22,4.340,1790766284490555.047	,1790766284490559.387	
0,Muls_299cf4d7f9ef0f745d89d88c666b45aa_high_performance_210000000,AI_VECTOR_CORE,11,23,3.000,1790766284490559.407	,1790766284490562.408	
0,Sigmoid_1c4543fdfe7149b6b0717bd88f061562_high_precision_210000000,AI_VECTOR_CORE,11,24,3.880,1790766284490562.448	,1790766284490566.328	
0,Mul_ce3d1ff8ba23a0bcb292da3577c1625d_high_performance_210020000,AI_VECTOR_CORE,11,25,3.200,1790766284490566.348	,1790766284490569.548	
0,Add_ce3d1ff8ba23a0bcb292da3577c1625d_high_performance_223000000,AI_VECTOR_CORE,11,26,3.060,1790766284490569.588	,1790766284490572.648	
0,Mul_ce3d1ff8ba23a0bcb292da3577c1625d_high_performance_210020000,AI_VECTOR_CORE,11,27,3.700,1790766284490572.668	,1790766284490576.368	
0,MatMulV2_ND_ND_FP16_FP16_false_true_all_98513,AI_CORE,11,28,103.342,1790766284490576.408	,1790766284490679.750	
0,HcPost_d2fe6614722b27afa6f8d964c215447e_0,AI_VECTOR_CORE,11,29,7.140,1790766284490679.770	,1790766284490686.910	
0,HcPre_6c9f0fa710253eff38b1c0e6be6a67be_0,MIX_AIC,11,30,28.160,1790766284490688.010	,1790766284490716.171	
0,RmsNorm_normal_all_bf16_high_performance_0,AI_VECTOR_CORE,11,31,4.440,1790766284490717.291	,1790766284490721.731	
0,MatMulV2_ND_ND_FP16_FP16_false_true_all_98499,AI_CORE,11,32,158.063,1790766284490721.771	,1790766284490879.834	
0,MatMulV2_ND_ND_FP16_FP16_false_true_all_98325,AI_CORE,11,33,6.460,1790766284490879.854	,1790766284490886.314	
0,MatMulV2_ND_ND_FP16_FP16_false_true_all_98325,AI_CORE,11,34,5.320,1790766284490886.334	,1790766284490891.654	
0,ZerosLike_1c4543fdfe7149b6b0717bd88f061562_high_performance_210000000,AI_VECTOR_CORE,11,35,5.000,1790766284490891.674	,1790766284490896.674	
0,_copy_conv_state_kernel,AI_VECTOR_CORE,11,36,12.020,1790766284490896.694	,1790766284490908.714	
0,CausalConv1d_b0123b7fae3057c534dbb03661977c42_1,MIX_AIC,11,37,13.480,1790766284490909.674	,1790766284490923.155	
0,N/A,MEMCPY_ASYNC,11,38,0.660,1790766284490924.295	,1790766284490924.955	
0,_copy_conv_state_kernel,AI_VECTOR_CORE,11,39,9.980,1790766284490924.975	,1790766284490934.955	
0,RecurrentKda_1ac9a791ca2957b2fe0a2e96909b5782_0,AI_VECTOR_CORE,11,40,36.480,1790766284490934.975	,1790766284490971.456	
0,_write_output,AI_VECTOR_CORE,11,41,2.820,1790766284490971.476	,1790766284490974.296	
0,layer_norm_gated_fwd_kernel,AI_VECTOR_CORE,11,42,3.320,1790766284490974.316	,1790766284490977.636	
0,MatMulV2_ND_ND_FP16_FP16_false_true_all_98499,AI_CORE,11,43,64.541,1790766284490977.656	,1790766284491042.197	
0,HcPost_d2fe6614722b27afa6f8d964c215447e_0,AI_VECTOR_CORE,11,44,7.180,1790766284491042.217	,1790766284491049.397	
0,HcPre_6c9f0fa710253eff38b1c0e6be6a67be_0,MIX_AIC,11,45,28.620,1790766284491050.517	,1790766284491079.138	
0,RmsNorm_normal_all_bf16_high_performance_0,AI_VECTOR_CORE,11,46,4.280,1790766284491080.358	,1790766284491084.638	
0,MatMulV2_ND_ND_FP16_FP16_false_true_all_98499,AI_CORE,11,47,164.603,1790766284491084.658	,1790766284491249.261	
0,ClipByValueV2_e87c9546cf2804355cf0d9445a2db01a_high_performance_220000000,AI_VECTOR_CORE,11,48,5.260,1790766284491249.281	,1790766284491254.541	
0,ClipByValueV2_e87c9546cf2804355cf0d9445a2db01a_high_performance_220000000,AI_VECTOR_CORE,11,49,4.520,1790766284491254.581	,1790766284491259.101	
0,Muls_299cf4d7f9ef0f745d89d88c666b45aa_high_performance_210000000,AI_VECTOR_CORE,11,50,3.200,1790766284491259.121	,1790766284491262.322	
0,Sigmoid_1c4543fdfe7149b6b0717bd88f061562_high_precision_210000000,AI_VECTOR_CORE,11,51,3.760,1790766284491262.342	,1790766284491266.102	
0,Mul_ce3d1ff8ba23a0bcb292da3577c1625d_high_performance_210020000,AI_VECTOR_CORE,11,52,3.260,1790766284491266.142	,1790766284491269.402	
0,Add_ce3d1ff8ba23a0bcb292da3577c1625d_high_performance_223000000,AI_VECTOR_CORE,11,53,3.060,1790766284491269.422	,1790766284491272.482	
0,Mul_ce3d1ff8ba23a0bcb292da3577c1625d_high_performance_210020000,AI_VECTOR_CORE,11,54,3.620,1790766284491272.502	,1790766284491276.122	
0,MatMulV2_ND_ND_FP16_FP16_false_true_all_98513,AI_CORE,11,55,100.602,1790766284491276.162	,1790766284491376.764	
0,HcPost_d2fe6614722b27afa6f8d964c215447e_0,AI_VECTOR_CORE,11,56,7.260,1790766284491376.784	,1790766284491384.044	
0,HcPre_6c9f0fa710253eff38b1c0e6be6a67be_0,MIX_AIC,11,57,25.320,1790766284491385.044	,1790766284491410.364	
0,RmsNorm_normal_all_bf16_high_performance_0,AI_VECTOR_CORE,11,58,4.740,1790766284491411.244	,1790766284491415.985	
0,MatMulV2_ND_ND_FP16_FP16_false_true_all_98499,AI_CORE,11,59,148.042,1790766284491416.005	,1790766284491564.048	
0,MatMulV2_ND_ND_FP16_FP16_false_true_all_98325,AI_CORE,11,60,6.940,1790766284491564.068	,1790766284491571.008	
0,MatMulV2_ND_ND_FP16_FP16_false_true_all_98325,AI_CORE,11,61,5.220,1790766284491571.048	,1790766284491576.268	
0,ZerosLike_1c4543fdfe7149b6b0717bd88f061562_high_performance_210000000,AI_VECTOR_CORE,11,62,5.140,1790766284491576.288	,1790766284491581.428	
0,_copy_conv_state_kernel,AI_VECTOR_CORE,11,63,8.060,1790766284491581.448	,1790766284491589.508	
0,CausalConv1d_b0123b7fae3057c534dbb03661977c42_1,MIX_AIC,11,64,13.360,1790766284491590.848	,1790766284491604.208	
0,N/A,MEMCPY_ASYNC,11,65,0.660,1790766284491605.468	,1790766284491606.128	
0,_copy_conv_state_kernel,AI_VECTOR_CORE,11,66,7.300,1790766284491606.168	,1790766284491613.469	
0,RecurrentKda_1ac9a791ca2957b2fe0a2e96909b5782_0,AI_VECTOR_CORE,11,67,31.200,1790766284491613.509	,1790766284491644.709	
0,_write_output,AI_VECTOR_CORE,11,68,2.900,1790766284491644.729	,1790766284491647.629	
0,layer_norm_gated_fwd_kernel,AI_VECTOR_CORE,11,69,3.260,1790766284491647.649	,1790766284491650.909	
0,MatMulV2_ND_ND_FP16_FP16_false_true_all_98499,AI_CORE,11,70,58.481,1790766284491650.949	,1790766284491709.430	
0,HcPost_d2fe6614722b27afa6f8d964c215447e_0,AI_VECTOR_CORE,11,71,7.360,1790766284491709.450	,1790766284491716.811	
0,HcPre_6c9f0fa710253eff38b1c0e6be6a67be_0,MIX_AIC,11,72,29.160,1790766284491718.011	,1790766284491747.171	
0,RmsNorm_normal_all_bf16_high_performance_0,AI_VECTOR_CORE,11,73,4.280,1790766284491747.871	,1790766284491752.151	
0,MatMulV2_ND_ND_FP16_FP16_false_true_all_98499,AI_CORE,11,74,158.743,1790766284491752.171	,1790766284491910.914	
0,ClipByValueV2_e87c9546cf2804355cf0d9445a2db01a_high_performance_220000000,AI_VECTOR_CORE,11,75,5.260,1790766284491910.934	,1790766284491916.195	
0,ClipByValueV2_e87c9546cf2804355cf0d9445a2db01a_high_performance_220000000,AI_VECTOR_CORE,11,76,4.580,1790766284491916.215	,1790766284491920.795	
0,Muls_299cf4d7f9ef0f745d89d88c666b45aa_high_performance_210000000,AI_VECTOR_CORE,11,77,2.900,1790766284491920.815	,1790766284491923.715	
0,Sigmoid_1c4543fdfe7149b6b0717bd88f061562_high_precision_210000000,AI_VECTOR_CORE,11,78,3.920,1790766284491923.735	,1790766284491927.655	
0,Mul_ce3d1ff8ba23a0bcb292da3577c1625d_high_performance_210020000,AI_VECTOR_CORE,11,79,3.340,1790766284491927.675	,1790766284491931.015	
0,Add_ce3d1ff8ba23a0bcb292da3577c1625d_high_performance_223000000,AI_VECTOR_CORE,11,80,3.240,1790766284491931.035	,1790766284491934.275	
0,Mul_ce3d1ff8ba23a0bcb292da3577c1625d_high_performance_210020000,AI_VECTOR_CORE,11,81,3.660,1790766284491934.295	,1790766284491937.955	
0,MatMulV2_ND_ND_FP16_FP16_false_true_all_98513,AI_CORE,11,82,100.442,1790766284491937.975	,1790766284492038.417	
0,HcPost_d2fe6614722b27afa6f8d964c215447e_0,AI_VECTOR_CORE,11,83,7.440,1790766284492038.437	,1790766284492045.877	
0,HcPre_6c9f0fa710253eff38b1c0e6be6a67be_0,MIX_AIC,11,84,26.620,1790766284492047.197	,1790766284492073.818	
0,RmsNorm_normal_all_bf16_high_performance_0,AI_VECTOR_CORE,11,85,4.320,1790766284492074.618	,1790766284492078.938	
0,MatMulV2_ND_ND_FP16_FP16_false_true_all_98513,AI_CORE,11,86,19.040,1790766284492078.958	,1790766284492097.998	
0,RmsNorm_normal_all_bf16_high_performance_2,AI_VECTOR_CORE,11,87,5.340,1790766284492098.018	,1790766284492103.358	
0,RmsNorm_normal_all_bf16_high_performance_2,AI_VECTOR_CORE,11,88,3.840,1790766284492103.378	,1790766284492107.218	
0,ScatterNdUpdate_bfloat16_int32_high_precision_11,MIX_AIV,11,89,5.720,1790766284492108.558	,1790766284492114.279	
0,MatMulV2_ND_ND_FP16_FP16_false_true_all_98499,AI_CORE,11,90,45.480,1790766284492115.239	,1790766284492160.719	
0,TransposeBatchMatMul_ND_ND_ND_ND_ND_BF16_BF16_BF16_INT64_BF16_high_performance_32,AI_CORE,11,91,22.880,1790766284492160.739	,1790766284492183.620	
0,Cast_b2717900ea7de2d41ea9c63d23aa269b_high_performance_210000000,AI_VECTOR_CORE,11,92,1.880,1790766284492183.660	,1790766284492185.540	
0,MatMulV2_ND_ND_FP32_FP32_false_true_all_65665,AI_CORE,11,93,9.380,1790766284492185.560	,1790766284492194.940	
0,LayerNormV3_23ae115d70bd435e4cb966a52be97b55_high_precision_1600400500,AI_VECTOR_CORE,11,94,5.700,1790766284492194.960	,1790766284492200.660	
0,MatMulV2_ND_ND_FP32_FP32_false_true_all_65665,AI_CORE,11,95,8.760,1790766284492200.680	,1790766284492209.440	
0,MatMulV2_ND_ND_FP16_FP16_false_true_all_98499,AI_CORE,11,96,16.520,1790766284492209.460	,1790766284492225.981	
0,Cast_9f288b80370c6545ffe8cef142d37f5c_high_performance_210000000,AI_VECTOR_CORE,11,97,1.500,1790766284492226.001	,1790766284492227.501	
0,Muls_299cf4d7f9ef0f745d89d88c666b45aa_high_performance_210000000,AI_VECTOR_CORE,11,98,1.280,1790766284492227.521	,1790766284492228.801	
0,N/A,EVENT_WAIT,39,23,1868.637,1790766284492227.701	,1790766284494096.338	
0,_glm5_next_kpool_tail_compress_kernel,AI_VECTOR_CORE,11,99,1.820,1790766284492228.821	,1790766284492230.641	
0,_store_kpool_tail_kernel,AI_VECTOR_CORE,11,100,2.800,1790766284492230.681	,1790766284492233.481	
0,Cast_b2717900ea7de2d41ea9c63d23aa269b_high_performance_210000000,AI_VECTOR_CORE,11,101,1.760,1790766284492233.501	,1790766284492235.261	
0,Cast_b2717900ea7de2d41ea9c63d23aa269b_high_performance_210000000,AI_VECTOR_CORE,11,102,1.140,1790766284492235.301	,1790766284492236.441	
0,Mul_ee98c6628030785f610b924ab1557b31_high_performance_212000002,AI_VECTOR_CORE,11,103,7.700,1790766284492236.461	,1790766284492244.161	
0,ReduceSum_7a09f5b7af4126487a7f726a9aac7548_high_performance_82100900,MIX_AIV,11,104,8.600,1790766284492245.481	,1790766284492254.081	
0,_glm5_next_lightning_indexer_score_kernel,AI_VECTOR_CORE,11,105,7.420,1790766284492255.201	,1790766284492262.621	
0,TopKV2_5c671486fda0d949d7cba9a9754bc2dd_high_performance_2017612701781458944,MIX_AIV,11,106,6.260,1790766284492263.582	,1790766284492269.842	
0,Cast_e87590d11ccda8b259ab6b1ea7212319_high_performance_210000000,AI_VECTOR_CORE,11,107,1.280,1790766284492270.862	,1790766284492272.142	
0,Cast_39a266ce9a8d7d9ead33f6686e936b72_high_performance_210000000,AI_VECTOR_CORE,11,108,1.360,1790766284492272.162	,1790766284492273.522	
0,_expand_pool_indices,AI_VECTOR_CORE,11,109,9.120,1790766284492273.542	,1790766284492282.662	
0,SparseFlashAttention_2e25ad8fefac1f04c03bd78f2d2ab366_1158,MIX_AIC,11,110,26.720,1790766284492283.982	,1790766284492310.702	
0,TransposeBatchMatMul_ND_ND_ND_ND_ND_BF16_BF16_BF16_INT64_BF16_high_performance_32,AI_CORE,11,111,21.200,1790766284492311.402	,1790766284492332.603	
0,MatMulV2_ND_ND_FP16_FP16_false_true_all_98513,AI_CORE,11,112,136.722,1790766284492332.623	,1790766284492469.346	
0,N/A,MEMCPY_ASYNC,11,113,0.580,1790766284492469.366	,1790766284492469.946	
0,HcPost_d2fe6614722b27afa6f8d964c215447e_0,AI_VECTOR_CORE,11,114,7.240,1790766284492469.966	,1790766284492477.206	
0,HcPre_6c9f0fa710253eff38b1c0e6be6a67be_0,MIX_AIC,11,115,28.300,1790766284492478.606	,1790766284492506.906	
0,RmsNorm_normal_all_bf16_high_performance_0,AI_VECTOR_CORE,11,116,4.360,1790766284492507.866	,1790766284492512.226	
0,N/A,EVENT_RECORD,11,117,0.020,1790766284492512.246	,1790766284492512.266	
0,Cast_b2717900ea7de2d41ea9c63d23aa269b_high_performance_210000000,AI_VECTOR_CORE,11,118,1.700,1790766284492512.286	,1790766284492513.987	
0,MatMulV2_ND_ND_FP32_FP32_false_true_all_65665,AI_CORE,11,119,5.900,1790766284492514.027	,1790766284492519.927	
0,N/A,EVENT_RECORD,11,120,0.020,1790766284492519.947	,1790766284492519.967	
0,MoeGatingTopK_81369a2fa0455f39b5d19d432d261f57_1,AI_VECTOR_CORE,11,121,4.360,1790766284492519.987	,1790766284492524.347	
0,N/A,EVENT_RECORD,11,122,0.020,1790766284492524.367	,1790766284492524.387	
0,MoeInitRoutingV3_4ca8d2d329b4477b44dd2ee885849b12_2100000,MIX_AIV,11,123,11.140,1790766284492525.767	,1790766284492536.907	
0,GroupedMatmul_0d2d43751f81d7f29646a862147967c9_68885275,MIX_AIC,11,124,219.304,1790766284492539.767	,1790766284492759.071	
0,N/A,EVENT_WAIT,45,223,1473.629,1790766284492622.749	,1790766284494096.378	
0,Slice_ee29dafe4fe21e12bb8d56ae91626cba_high_performance_524000000,AI_VECTOR_CORE,11,125,2.620,1790766284492760.071	,1790766284492762.691	
0,ClipByValueV2_e87c9546cf2804355cf0d9445a2db01a_high_performance_220000000,AI_VECTOR_CORE,11,126,5.960,1790766284492762.711	,1790766284492768.672	
0,ViewCopy_7778b2d0a2938f9247cc0c9f84559eb2_high_performance__kernel0,AI_VECTOR_CORE,11,127,9.720,1790766284492768.692	,1790766284492778.412	
0,Slice_ee29dafe4fe21e12bb8d56ae91626cba_high_performance_524000000,AI_VECTOR_CORE,11,128,2.220,1790766284492778.432	,1790766284492780.652	
0,ClipByValueV2_e87c9546cf2804355cf0d9445a2db01a_high_performance_220000000,AI_VECTOR_CORE,11,129,4.640,1790766284492780.672	,1790766284492785.312	
0,ViewCopy_7778b2d0a2938f9247cc0c9f84559eb2_high_performance__kernel0,AI_VECTOR_CORE,11,130,9.560,1790766284492785.352	,1790766284492794.912	
0,SwiGlu_3_high_performance_27,AI_VECTOR_CORE,11,131,5.220,1790766284492794.932	,1790766284492800.152	
0,N/A,EVENT_RECORD,11,132,0.020,1790766284492800.172	,1790766284492800.192	
0,GroupedMatmul_0d2d43751f81d7f29646a862147967c9_68885275,MIX_AIC,11,133,99.501,1790766284492801.152	,1790766284492900.654	
0,N/A,EVENT_RECORD,11,134,0.020,1790766284492901.774	,1790766284492901.794	
0,Cast_9f288b80370c6545ffe8cef142d37f5c_high_performance_210000000,AI_VECTOR_CORE,11,135,1.180,1790766284492901.814	,1790766284492902.994	
0,Abs_8098b79498645e9c0da095babdeaf862_high_performance_210000000,AI_VECTOR_CORE,11,136,1.500,1790766284492903.014	,1790766284492904.514	
0,MoeTokenUnpermute_6dd49246dc9576d3314234df69cb5c22_1,AI_VECTOR_CORE,11,137,4.220,1790766284492904.554	,1790766284492908.774	
0,MatMulV2_ND_ND_FP16_FP16_false_true_all_98499,AI_CORE,11,138,29.700,1790766284492908.794	,1790766284492938.495	
0,ClipByValueV2_e87c9546cf2804355cf0d9445a2db01a_high_performance_220000000,AI_VECTOR_CORE,11,139,1.680,1790766284492938.515	,1790766284492940.195	
0,ClipByValueV2_e87c9546cf2804355cf0d9445a2db01a_high_performance_220000000,AI_VECTOR_CORE,11,140,1.680,1790766284492940.215	,1790766284492941.895	
0,Muls_299cf4d7f9ef0f745d89d88c666b45aa_high_performance_210000000,AI_VECTOR_CORE,11,141,1.320,1790766284492941.915	,1790766284492943.235	
0,Sigmoid_1c4543fdfe7149b6b0717bd88f061562_high_precision_210000000,AI_VECTOR_CORE,11,142,1.560,1790766284492943.275	,1790766284492944.835	
0,Mul_ce3d1ff8ba23a0bcb292da3577c1625d_high_performance_210020000,AI_VECTOR_CORE,11,143,1.860,1790766284492944.875	,1790766284492946.735	
0,Add_ce3d1ff8ba23a0bcb292da3577c1625d_high_performance_223000000,AI_VECTOR_CORE,11,144,1.500,1790766284492946.755	,1790766284492948.255	
0,Mul_ce3d1ff8ba23a0bcb292da3577c1625d_high_performance_210020000,AI_VECTOR_CORE,11,145,1.500,1790766284492948.295	,1790766284492949.795	
0,MatMulV2_ND_ND_FP16_FP16_false_true_all_98499,AI_CORE,11,146,17.460,1790766284492949.835	,1790766284492967.296	
0,ForeachAddList_c73cb8f503197be65eaf63148ad48de4_high_performance_4,AI_VECTOR_CORE,11,147,14.600,1790766284492967.336	,1790766284492981.936	
0,HcPost_d2fe6614722b27afa6f8d964c215447e_0,AI_VECTOR_CORE,11,148,5.980,1790766284492981.956	,1790766284492987.936	
0,ReduceMean_9a2479d4dc5148645cb3f4b9e765c637_high_precision_92100900,MIX_AIV,11,149,18.360,1790766284492989.256	,1790766284493007.616	
0,RmsNorm_normal_all_bf16_high_performance_0,AI_VECTOR_CORE,11,150,3.180,1790766284493008.756	,1790766284493011.936	
0,N/A,EVENT_RESET,11,151,0.080,1790766284493011.956	,1790766284493012.036	
0,N/A,EVENT_RESET,11,152,0.080,1790766284493012.076	,1790766284493012.156	
0,N/A,EVENT_RESET,11,153,0.080,1790766284493012.196	,1790766284493012.276	
0,N/A,EVENT_RESET,11,154,0.100,1790766284493012.296	,1790766284493012.396	
0,N/A,EVENT_RESET,11,155,0.100,1790766284493012.416	,1790766284493012.516	
0,N/A,NOTIFY_RECORD,11,156,0.020,1790766284493012.536	,1790766284493012.556	
0,IndexCheck_int32_high_performance_1,AI_VECTOR_CORE,47,3787,3.040,1790766284493013.116	,1790766284493016.157	
0,Index_b1b18d29d34a3b544b5bb6b3f56177c3_high_performance__kernel0,AI_VECTOR_CORE,47,3788,8.180,1790766284493016.177	,1790766284493024.357	
0,MatMulV2_ND_ND_FP16_FP16_false_true_all_98499,AI_CORE,47,3789,904.578,1790766284493024.397	,1790766284493928.975	
0,Cast_b2717900ea7de2d41ea9c63d23aa269b_high_performance_210000000,AI_VECTOR_CORE,47,3790,7.420,1790766284493928.995	,1790766284493936.415	
0,LogSoftmaxV2_291664ae3e88b38b8b46c2efbbea27c9_high_precision_400001,AI_VECTOR_CORE,47,3791,43.740,1790766284493936.435	,1790766284493980.176	
0,Cast_b2717900ea7de2d41ea9c63d23aa269b_high_performance_210000000,AI_VECTOR_CORE,47,3792,2.420,1790766284493980.196	,1790766284493982.616	
0,ArgMaxV2_4402011f777d6374ab9f6425cb5984c4_high_performance_3,AI_VECTOR_CORE,47,3793,19.200,1790766284493982.636	,1790766284494001.836	
0,Cast_e87590d11ccda8b259ab6b1ea7212319_high_performance_210000000,AI_VECTOR_CORE,47,3794,1.500,1790766284494001.856	,1790766284494003.356	
0,TopKV2_5c671486fda0d949d7cba9a9754bc2dd_high_performance_2017612907941986305,MIX_AIV,47,3795,18.320,1790766284494004.336	,1790766284494022.657	
0,TopKV2_5c671486fda0d949d7cba9a9754bc2dd_high_performance_2017612701781458944,MIX_AIV,47,3796,3.920,1790766284494025.677	,1790766284494029.597	
0,GatherElements_8b4ec10fbb39c5c0a65192c606400b29_high_performance__kernel0,AI_VECTOR_CORE,47,3797,8.340,1790766284494030.537	,1790766284494038.877	
0,Cast_e87590d11ccda8b259ab6b1ea7212319_high_performance_210000000,AI_VECTOR_CORE,47,3798,1.080,1790766284494038.897	,1790766284494039.977	
0,Cast_39a266ce9a8d7d9ead33f6686e936b72_high_performance_210000000,AI_VECTOR_CORE,47,3799,1.720,1790766284494039.997	,1790766284494041.717	
0,GatherElementsV2_fp32_high_performance_2,AI_VECTOR_CORE,47,3800,3.680,1790766284494041.737	,1790766284494045.417	
0,GreaterEqual_3efaad932f458d7892fdb0715ec85b2b_high_performance_223000000,AI_VECTOR_CORE,47,3801,8.440,1790766284494045.437	,1790766284494053.877	
0,Cast_df2b778f1b80e749bd4242386ec57ab9_high_performance_210000000,AI_VECTOR_CORE,47,3802,7.440,1790766284494053.897	,1790766284494061.337	
0,ReduceSum_7a09f5b7af4126487a7f726a9aac7548_high_performance_110001000400,MIX_AIV,47,3803,23.400,1790766284494062.717	,1790766284494086.118	
0,Cast_c6738f795430c3c6f09cdc8d52a1b43d_high_performance_210000000,AI_VECTOR_CORE,47,3804,1.240,1790766284494087.118	,1790766284494088.358	
0,ConcatD_0d745295987e1c668b2ec8b2844aeada_high_performance_3000001,AI_VECTOR_CORE,47,3805,2.480,1790766284494088.378	,1790766284494090.858	
0,ConcatD_233851a3505389e43928a8bba133a74d_high_performance_3000001,AI_VECTOR_CORE,47,3806,1.980,1790766284494090.898	,1790766284494092.878	
0,Cast_39a266ce9a8d7d9ead33f6686e936b72_high_performance_210000000,AI_VECTOR_CORE,47,3807,1.420,1790766284494092.898	,1790766284494094.318	
0,Cast_39a266ce9a8d7d9ead33f6686e936b72_high_performance_210000000,AI_VECTOR_CORE,47,3808,1.480,1790766284494094.358	,1790766284494095.838	
0,N/A,EVENT_RECORD,47,3809,0.000,1790766284494095.878	,1790766284494095.878	
0,N/A,EVENT_RECORD,47,3810,0.000,1790766284494095.918	,1790766284494095.918	
0,N/A,MEMCPY_ASYNC,45,224,1.860,1790766284494096.398	,1790766284494098.258	
0,N/A,MEMCPY_ASYNC,45,225,2.040,1790766284494098.418	,1790766284494100.458	
0,N/A,MEMCPY_ASYNC,45,226,2.040,1790766284494100.598	,1790766284494102.638	
0,N/A,MEMCPY_ASYNC,45,227,1.900,1790766284494102.798	,1790766284494104.698	
0,N/A,EVENT_RECORD,45,228,0.020,1790766284494104.858	,1790766284494104.878	
0,N/A,EVENT_RECORD,45,229,0.020,1790766284494104.898	,1790766284494104.918	
0,N/A,EVENT_RECORD,45,230,0.020,1790766284494189.340	,1790766284494189.360	
0,N/A,EVENT_RECORD,45,231,0.020,1790766284494191.360	,1790766284494191.380	
0,N/A,EVENT_RECORD,45,232,0.000,1790766284494621.729	,1790766284494621.729	
0,N/A,MEMCPY_ASYNC,47,3811,2.260,1790766284494668.450	,1790766284494670.710	
0,N/A,MEMCPY_ASYNC,47,3812,2.320,1790766284494895.294	,1790766284494897.614	
0,N/A,MEMCPY_ASYNC,47,3813,2.520,1790766284494977.396	,1790766284494979.916	
0,N/A,MEMCPY_ASYNC,47,3814,2.500,1790766284495052.077	,1790766284495054.577	
0,N/A,MEMCPY_ASYNC,47,3815,2.180,1790766284495127.719	,1790766284495129.899	
0,N/A,MEMCPY_ASYNC,47,3816,2.160,1790766284495399.144	,1790766284495401.304	
0,N/A,MEMCPY_ASYNC,47,3817,2.220,1790766284495590.468	,1790766284495592.688	
0,N/A,MEMCPY_ASYNC,47,3818,2.340,1790766284495650.409	,1790766284495652.749	
0,Fill_1fbc7ee619b707282bbfd034093621df_high_performance_223000000,AI_VECTOR_CORE,47,3819,1.480,1790766284495823.433	,1790766284495824.913	
0,N/A,MEMCPY_ASYNC,47,3820,0.640,1790766284496008.976	,1790766284496009.616	
0,N/A,MEMCPY_ASYNC,47,3821,2.160,1790766284496267.542	,1790766284496269.702	
0,Fill_1fbc7ee619b707282bbfd034093621df_high_performance_223000000,AI_VECTOR_CORE,47,3822,1.420,1790766284496333.383	,1790766284496334.803	
0,N/A,MEMCPY_ASYNC,47,3823,2.220,1790766284496393.984	,1790766284496396.204	
0,N/A,MEMCPY_ASYNC,47,3824,2.220,1790766284496520.847	,1790766284496523.067	
0,N/A,MEMCPY_ASYNC,47,3825,2.460,1790766284496608.028	,1790766284496610.488	
0,N/A,MEMCPY_ASYNC,47,3826,2.200,1790766284496692.510	,1790766284496694.710	
0,IndexCheck_int64_high_performance_0,AI_VECTOR_CORE,47,3827,2.980,1790766284496815.972	,1790766284496818.953	
0,Index_f34e8f0e5e2c96109aa0460550023804_high_performance__kernel0,AI_VECTOR_CORE,47,3828,7.600,1790766284496818.973	,1790766284496826.573	
0,Cast_e87590d11ccda8b259ab6b1ea7212319_high_performance_210000000,AI_VECTOR_CORE,47,3829,1.180,1790766284496911.014	,1790766284496912.194	
0,Add_41dadce325b0f810d03359af2a38990b_high_performance_210000000,AI_VECTOR_CORE,47,3830,2.500,1790766284496979.236	,1790766284496981.736	
0,N/A,MEMCPY_ASYNC,47,3831,0.580,1790766284497078.538	,1790766284497079.118	
0,Add_9342884c99c006e21fc9d5d9260b8bef_high_performance_210000000,AI_VECTOR_CORE,47,3832,1.500,1790766284497148.419	,1790766284497149.919	
0,N/A,MEMCPY_ASYNC,47,3833,0.620,1790766284497237.441	,1790766284497238.061	
0,Fill_1fbc7ee619b707282bbfd034093621df_high_performance_223000000,AI_VECTOR_CORE,47,3834,1.380,1790766284497300.862	,1790766284497302.242	
0,_compute_slot_mapping_fused_groups_kernel,AI_VECTOR_CORE,47,3835,21.940,1790766284497690.690	,1790766284497712.630	
0,Sub_9342884c99c006e21fc9d5d9260b8bef_high_performance_210000000,AI_VECTOR_CORE,47,3836,1.460,1790766284497845.613	,1790766284497847.073	
0,N/A,MEMCPY_ASYNC,47,3837,2.220,1790766284498254.801	,1790766284498257.021	
0,Cast_e87590d11ccda8b259ab6b1ea7212319_high_performance_210000000,AI_VECTOR_CORE,47,3838,1.240,1790766284498984.216	,1790766284498985.456	
0,FloorDiv_41dadce325b0f810d03359af2a38990b_high_performance_223000000,AI_VECTOR_CORE,47,3839,3.360,1790766284498985.556	,1790766284498988.916	
0,Cast_39a266ce9a8d7d9ead33f6686e936b72_high_performance_210000000,AI_VECTOR_CORE,47,3840,1.360,1790766284499009.496	,1790766284499010.856	
0,N/A,MEMCPY_ASYNC,47,3841,0.580,1790766284499146.119	,1790766284499146.699	
0,Cast_e87590d11ccda8b259ab6b1ea7212319_high_performance_210000000,AI_VECTOR_CORE,47,3842,1.200,1790766284499230.221	,1790766284499231.421	
0,GreaterEqual_1ea4da630f56dc1c2d6e7c9a9dd17b11_high_performance_210000000,AI_VECTOR_CORE,47,3843,2.920,1790766284499232.161	,1790766284499235.081	
0,Add_41dadce325b0f810d03359af2a38990b_high_performance_210000000,AI_VECTOR_CORE,47,3844,2.280,1790766284499291.542	,1790766284499293.822	
0,BroadcastTo_41dadce325b0f810d03359af2a38990b_high_performance_210000000,AI_VECTOR_CORE,47,3845,1.580,1790766284499349.683	,1790766284499351.263	
0,FloorMod_41dadce325b0f810d03359af2a38990b_high_precision_210000000,AI_VECTOR_CORE,47,3846,2.220,1790766284499351.403	,1790766284499353.623	
0,Equal_1ea4da630f56dc1c2d6e7c9a9dd17b11_high_performance_210000000,AI_VECTOR_CORE,47,3847,2.420,1790766284499395.824	,1790766284499398.244	
0,LogicalAnd_91d2a3cdd75d915a368582ec5f440af1_high_performance_210000000,AI_VECTOR_CORE,47,3848,1.380,1790766284499442.665	,1790766284499444.045	
0,ClipByValueV2_3bc53d14ff7dfecd0ed0c69136ab471a_high_performance_210000000,AI_VECTOR_CORE,47,3849,1.520,1790766284499488.066	,1790766284499489.586	
0,Cast_e87590d11ccda8b259ab6b1ea7212319_high_performance_210000000,AI_VECTOR_CORE,47,3850,1.160,1790766284499545.627	,1790766284499546.787	
0,FloorDiv_41dadce325b0f810d03359af2a38990b_high_performance_210000000,AI_VECTOR_CORE,47,3851,2.220,1790766284499547.347	,1790766284499549.567	
0,Cast_39a266ce9a8d7d9ead33f6686e936b72_high_performance_210000000,AI_VECTOR_CORE,47,3852,1.340,1790766284499563.347	,1790766284499564.687	
0,BroadcastTo_c71434db8135ff9089d65053721e3417_high_performance_210000000,AI_VECTOR_CORE,47,3853,1.300,1790766284499593.508	,1790766284499594.808	
0,FloorMod_9342884c99c006e21fc9d5d9260b8bef_high_precision_210000000,AI_VECTOR_CORE,47,3854,3.260,1790766284499604.808	,1790766284499608.068	
0,Mul_9342884c99c006e21fc9d5d9260b8bef_high_performance_210000000,AI_VECTOR_CORE,47,3855,1.480,1790766284499646.929	,1790766284499648.409	
0,Cast_e87590d11ccda8b259ab6b1ea7212319_high_performance_210000000,AI_VECTOR_CORE,47,3856,1.240,1790766284499699.250	,1790766284499700.490	
0,FloorDiv_41dadce325b0f810d03359af2a38990b_high_performance_210000000,AI_VECTOR_CORE,47,3857,1.940,1790766284499710.550	,1790766284499712.490	
0,Cast_39a266ce9a8d7d9ead33f6686e936b72_high_performance_210000000,AI_VECTOR_CORE,47,3858,1.460,1790766284499712.610	,1790766284499714.070	
0,Add_9342884c99c006e21fc9d5d9260b8bef_high_performance_210000000,AI_VECTOR_CORE,47,3859,1.320,1790766284499727.211	,1790766284499728.531	
0,Fill_1fbc7ee619b707282bbfd034093621df_high_performance_210000000,AI_VECTOR_CORE,47,3860,1.300,1790766284499803.932	,1790766284499805.232	
0,SelectV2_9bb0969ab50036eba4428cd9974a5c0b_high_performance_210000000,AI_VECTOR_CORE,47,3861,1.680,1790766284499842.453	,1790766284499844.133	
0,Cast_e87590d11ccda8b259ab6b1ea7212319_high_performance_210000000,AI_VECTOR_CORE,47,3862,1.140,1790766284499887.574	,1790766284499888.714	
0,Cast_e87590d11ccda8b259ab6b1ea7212319_high_performance_210000000,AI_VECTOR_CORE,47,3863,1.100,1790766284499976.916	,1790766284499978.016	
0,FloorDiv_41dadce325b0f810d03359af2a38990b_high_performance_210000000,AI_VECTOR_CORE,47,3864,1.860,1790766284499978.976	,1790766284499980.836	
0,Cast_39a266ce9a8d7d9ead33f6686e936b72_high_performance_210000000,AI_VECTOR_CORE,47,3865,1.120,1790766284499993.076	,1790766284499994.196	
0,N/A,MEMCPY_ASYNC,47,3866,0.720,1790766284500104.678	,1790766284500105.398	
0,N/A,MEMCPY_ASYNC,47,3867,0.620,1790766284500198.280	,1790766284500198.900	
0,N/A,MEMCPY_ASYNC,47,3868,0.620,1790766284501400.724	,1790766284501401.344	
0,N/A,MEMCPY_ASYNC,47,3869,0.640,1790766284501584.708	,1790766284501585.348	
0,N/A,MEMCPY_ASYNC,47,3870,0.720,1790766284501736.091	,1790766284501736.811	
0,Sub_9342884c99c006e21fc9d5d9260b8bef_high_performance_210000000,AI_VECTOR_CORE,47,3871,1.440,1790766284501816.512	,1790766284501817.952	
0,N/A,MEMCPY_ASYNC,47,3872,0.600,1790766284502509.826	,1790766284502510.426	
0,N/A,MEMCPY_ASYNC,47,3873,0.580,1790766284502682.970	,1790766284502683.550	
0,N/A,MEMCPY_ASYNC,47,3874,0.640,1790766284502828.233	,1790766284502828.873	
0,Sub_9342884c99c006e21fc9d5d9260b8bef_high_performance_210000000,AI_VECTOR_CORE,47,3875,1.660,1790766284502915.954	,1790766284502917.614	
0,N/A,MEMCPY_ASYNC,47,3876,0.640,1790766284503592.188	,1790766284503592.828	
0,N/A,MEMCPY_ASYNC,47,3877,0.620,1790766284503754.791	,1790766284503755.411	
0,N/A,MEMCPY_ASYNC,47,3878,0.600,1790766284503896.734	,1790766284503897.334	
0,Sub_9342884c99c006e21fc9d5d9260b8bef_high_performance_210000000,AI_VECTOR_CORE,47,3879,1.380,1790766284503977.896	,1790766284503979.276	
0,N/A,EVENT_RECORD,47,3880,0.020,1790766284504231.401	,1790766284504231.421	
0,Fill_279daeaf6b659300647aba3935d90048_high_performance_210000000,AI_VECTOR_CORE,47,3881,1.360,1790766284504672.049	,1790766284504673.409	
0,N/A,MEMCPY_ASYNC,47,3882,0.580,1790766284504763.751	,1790766284504764.331	
0,Fill_279daeaf6b659300647aba3935d90048_high_performance_210000000,AI_VECTOR_CORE,47,3883,1.280,1790766284504819.452	,1790766284504820.732	
0,N/A,MODEL_EXECUTE,47,3884,3.080,1790766284505122.818	,1790766284505125.899	
0,Cast_e87590d11ccda8b259ab6b1ea7212319_high_performance_210000000,AI_VECTOR_CORE,11,0,1.420,1790766284505125.919	,1790766284505127.339	
0,GatherV2_7869a97190b9b4d296d9414a005b954b_high_precision_900015015,AI_VECTOR_CORE,11,1,8.580,1790766284505127.359	,1790766284505135.939	
0,BroadcastTo_7e5992d3033ef32a3463c5d198e518a1_high_performance_221000002,AI_VECTOR_CORE,11,2,6.200,1790766284505135.959	,1790766284505142.159	
0,N/A,NOTIFY_WAIT,47,3885,3005.260,1790766284505140.699	,1790766284508145.959	
0,HcPre_6c9f0fa710253eff38b1c0e6be6a67be_0,MIX_AIC,11,3,29.740,1790766284505143.179	,1790766284505172.919	
0,RmsNorm_normal_all_bf16_high_performance_0,AI_VECTOR_CORE,11,4,4.540,1790766284505173.679	,1790766284505178.220	
0,MatMulV2_ND_ND_FP16_FP16_false_true_all_98499,AI_CORE,11,5,154.963,1790766284505178.240	,1790766284505333.203	
0,MatMulV2_ND_ND_FP16_FP16_false_true_all_98325,AI_CORE,11,6,7.800,1790766284505333.223	,1790766284505341.023	
0,MatMulV2_ND_ND_FP16_FP16_false_true_all_98325,AI_CORE,11,7,5.720,1790766284505341.043	,1790766284505346.763	
0,ZerosLike_1c4543fdfe7149b6b0717bd88f061562_high_performance_210000000,AI_VECTOR_CORE,11,8,5.120,1790766284505346.783	,1790766284505351.903	
0,_copy_conv_state_kernel,AI_VECTOR_CORE,11,9,8.080,1790766284505351.923	,1790766284505360.003	
0,CausalConv1d_b0123b7fae3057c534dbb03661977c42_1,MIX_AIC,11,10,12.940,1790766284505361.003	,1790766284505373.943	
0,N/A,MEMCPY_ASYNC,11,11,0.660,1790766284505375.003	,1790766284505375.663	
0,_copy_conv_state_kernel,AI_VECTOR_CORE,11,12,7.240,1790766284505375.683	,1790766284505382.924	
0,RecurrentKda_1ac9a791ca2957b2fe0a2e96909b5782_0,AI_VECTOR_CORE,11,13,31.940,1790766284505382.964	,1790766284505414.904	
0,_write_output,AI_VECTOR_CORE,11,14,2.700,1790766284505414.924	,1790766284505417.624	
0,layer_norm_gated_fwd_kernel,AI_VECTOR_CORE,11,15,3.220,1790766284505417.644	,1790766284505420.864	
0,MatMulV2_ND_ND_FP16_FP16_false_true_all_98499,AI_CORE,11,16,54.321,1790766284505420.884	,1790766284505475.205	
0,HcPost_d2fe6614722b27afa6f8d964c215447e_0,AI_VECTOR_CORE,11,17,7.420,1790766284505475.245	,1790766284505482.666	
0,HcPre_6c9f0fa710253eff38b1c0e6be6a67be_0,MIX_AIC,11,18,28.940,1790766284505484.046	,1790766284505512.986	
0,RmsNorm_normal_all_bf16_high_performance_0,AI_VECTOR_CORE,11,19,4.720,1790766284505513.906	,1790766284505518.626	
0,MatMulV2_ND_ND_FP16_FP16_false_true_all_98499,AI_CORE,11,20,158.523,1790766284505518.666	,1790766284505677.190	
0,ClipByValueV2_e87c9546cf2804355cf0d9445a2db01a_high_performance_220000000,AI_VECTOR_CORE,11,21,5.360,1790766284505677.230	,1790766284505682.590	
0,ClipByValueV2_e87c9546cf2804355cf0d9445a2db01a_high_performance_220000000,AI_VECTOR_CORE,11,22,4.580,1790766284505682.630	,1790766284505687.210	
0,Muls_299cf4d7f9ef0f745d89d88c666b45aa_high_performance_210000000,AI_VECTOR_CORE,11,23,2.940,1790766284505687.230	,1790766284505690.170	
0,Sigmoid_1c4543fdfe7149b6b0717bd88f061562_high_precision_210000000,AI_VECTOR_CORE,11,24,4.000,1790766284505690.210	,1790766284505694.210	
0,Mul_ce3d1ff8ba23a0bcb292da3577c1625d_high_performance_210020000,AI_VECTOR_CORE,11,25,3.240,1790766284505694.230	,1790766284505697.470	
0,Add_ce3d1ff8ba23a0bcb292da3577c1625d_high_performance_223000000,AI_VECTOR_CORE,11,26,3.080,1790766284505697.490	,1790766284505700.570	
0,Mul_ce3d1ff8ba23a0bcb292da3577c1625d_high_performance_210020000,AI_VECTOR_CORE,11,27,3.680,1790766284505700.590	,1790766284505704.270	
0,MatMulV2_ND_ND_FP16_FP16_false_true_all_98513,AI_CORE,11,28,104.002,1790766284505704.290	,1790766284505808.292	
0,HcPost_d2fe6614722b27afa6f8d964c215447e_0,AI_VECTOR_CORE,11,29,7.320,1790766284505808.312	,1790766284505815.632	
0,HcPre_6c9f0fa710253eff38b1c0e6be6a67be_0,MIX_AIC,11,30,28.720,1790766284505816.592	,1790766284505845.313	
0,RmsNorm_normal_all_bf16_high_performance_0,AI_VECTOR_CORE,11,31,4.640,1790766284505846.493	,1790766284505851.133	
0,MatMulV2_ND_ND_FP16_FP16_false_true_all_98499,AI_CORE,11,32,159.003,1790766284505851.153	,1790766284506010.156	
0,MatMulV2_ND_ND_FP16_FP16_false_true_all_98325,AI_CORE,11,33,6.220,1790766284506010.176	,1790766284506016.396	
0,MatMulV2_ND_ND_FP16_FP16_false_true_all_98325,AI_CORE,11,34,5.360,1790766284506016.416	,1790766284506021.776	
0,ZerosLike_1c4543fdfe7149b6b0717bd88f061562_high_performance_210000000,AI_VECTOR_CORE,11,35,4.880,1790766284506021.816	,1790766284506026.697	
0,_copy_conv_state_kernel,AI_VECTOR_CORE,11,36,11.860,1790766284506026.717	,1790766284506038.577	
0,CausalConv1d_b0123b7fae3057c534dbb03661977c42_1,MIX_AIC,11,37,12.960,1790766284506039.737	,1790766284506052.697	
0,N/A,MEMCPY_ASYNC,11,38,0.680,1790766284506053.757	,1790766284506054.437	
0,_copy_conv_state_kernel,AI_VECTOR_CORE,11,39,9.840,1790766284506054.457	,1790766284506064.297	
0,RecurrentKda_1ac9a791ca2957b2fe0a2e96909b5782_0,AI_VECTOR_CORE,11,40,37.760,1790766284506064.317	,1790766284506102.078	
0,_write_output,AI_VECTOR_CORE,11,41,2.740,1790766284506102.098	,1790766284506104.838	
0,layer_norm_gated_fwd_kernel,AI_VECTOR_CORE,11,42,3.180,1790766284506104.858	,1790766284506108.038	
0,MatMulV2_ND_ND_FP16_FP16_false_true_all_98499,AI_CORE,11,43,65.121,1790766284506108.078	,1790766284506173.199	
0,HcPost_d2fe6614722b27afa6f8d964c215447e_0,AI_VECTOR_CORE,11,44,7.380,1790766284506173.219	,1790766284506180.600	
0,HcPre_6c9f0fa710253eff38b1c0e6be6a67be_0,MIX_AIC,11,45,29.320,1790766284506181.820	,1790766284506211.140	
0,RmsNorm_normal_all_bf16_high_performance_0,AI_VECTOR_CORE,11,46,4.400,1790766284506212.300	,1790766284506216.700	
0,MatMulV2_ND_ND_FP16_FP16_false_true_all_98499,AI_CORE,11,47,163.143,1790766284506216.740	,1790766284506379.884	
0,ClipByValueV2_e87c9546cf2804355cf0d9445a2db01a_high_performance_220000000,AI_VECTOR_CORE,11,48,5.200,1790766284506379.904	,1790766284506385.104	
0,ClipByValueV2_e87c9546cf2804355cf0d9445a2db01a_high_performance_220000000,AI_VECTOR_CORE,11,49,4.440,1790766284506385.124	,1790766284506389.564	
0,Muls_299cf4d7f9ef0f745d89d88c666b45aa_high_performance_210000000,AI_VECTOR_CORE,11,50,3.080,1790766284506389.584	,1790766284506392.664	
0,Sigmoid_1c4543fdfe7149b6b0717bd88f061562_high_precision_210000000,AI_VECTOR_CORE,11,51,4.000,1790766284506392.684	,1790766284506396.684	
0,Mul_ce3d1ff8ba23a0bcb292da3577c1625d_high_performance_210020000,AI_VECTOR_CORE,11,52,3.260,1790766284506396.704	,1790766284506399.964	
0,Add_ce3d1ff8ba23a0bcb292da3577c1625d_high_performance_223000000,AI_VECTOR_CORE,11,53,3.040,1790766284506399.984	,1790766284506403.024	
0,Mul_ce3d1ff8ba23a0bcb292da3577c1625d_high_performance_210020000,AI_VECTOR_CORE,11,54,3.720,1790766284506403.044	,1790766284506406.764	
0,MatMulV2_ND_ND_FP16_FP16_false_true_all_98513,AI_CORE,11,55,99.042,1790766284506406.804	,1790766284506505.846	
0,HcPost_d2fe6614722b27afa6f8d964c215447e_0,AI_VECTOR_CORE,11,56,7.500,1790766284506505.866	,1790766284506513.366	
0,HcPre_6c9f0fa710253eff38b1c0e6be6a67be_0,MIX_AIC,11,57,25.420,1790766284506514.746	,1790766284506540.167	
0,RmsNorm_normal_all_bf16_high_performance_0,AI_VECTOR_CORE,11,58,4.340,1790766284506540.967	,1790766284506545.307	
0,MatMulV2_ND_ND_FP16_FP16_false_true_all_98499,AI_CORE,11,59,148.222,1790766284506545.327	,1790766284506693.550	
0,MatMulV2_ND_ND_FP16_FP16_false_true_all_98325,AI_CORE,11,60,6.460,1790766284506693.570	,1790766284506700.030	
0,MatMulV2_ND_ND_FP16_FP16_false_true_all_98325,AI_CORE,11,61,5.200,1790766284506700.070	,1790766284506705.270	
0,ZerosLike_1c4543fdfe7149b6b0717bd88f061562_high_performance_210000000,AI_VECTOR_CORE,11,62,5.060,1790766284506705.290	,1790766284506710.350	
0,_copy_conv_state_kernel,AI_VECTOR_CORE,11,63,8.220,1790766284506710.370	,1790766284506718.590	
0,CausalConv1d_b0123b7fae3057c534dbb03661977c42_1,MIX_AIC,11,64,13.000,1790766284506719.870	,1790766284506732.871	
0,N/A,MEMCPY_ASYNC,11,65,0.680,1790766284506733.871	,1790766284506734.551	
0,_copy_conv_state_kernel,AI_VECTOR_CORE,11,66,7.380,1790766284506734.571	,1790766284506741.951	
0,RecurrentKda_1ac9a791ca2957b2fe0a2e96909b5782_0,AI_VECTOR_CORE,11,67,31.920,1790766284506741.971	,1790766284506773.891	
0,_write_output,AI_VECTOR_CORE,11,68,2.640,1790766284506773.911	,1790766284506776.551	
0,layer_norm_gated_fwd_kernel,AI_VECTOR_CORE,11,69,3.160,1790766284506776.591	,1790766284506779.752	
0,MatMulV2_ND_ND_FP16_FP16_false_true_all_98499,AI_CORE,11,70,58.641,1790766284506779.772	,1790766284506838.413	
0,HcPost_d2fe6614722b27afa6f8d964c215447e_0,AI_VECTOR_CORE,11,71,7.200,1790766284506838.433	,1790766284506845.633	
0,HcPre_6c9f0fa710253eff38b1c0e6be6a67be_0,MIX_AIC,11,72,29.900,1790766284506846.993	,1790766284506876.893	
0,RmsNorm_normal_all_bf16_high_performance_0,AI_VECTOR_CORE,11,73,4.380,1790766284506878.074	,1790766284506882.454	
0,MatMulV2_ND_ND_FP16_FP16_false_true_all_98499,AI_CORE,11,74,157.783,1790766284506882.474	,1790766284507040.257	
0,ClipByValueV2_e87c9546cf2804355cf0d9445a2db01a_high_performance_220000000,AI_VECTOR_CORE,11,75,5.380,1790766284507040.277	,1790766284507045.657	
0,ClipByValueV2_e87c9546cf2804355cf0d9445a2db01a_high_performance_220000000,AI_VECTOR_CORE,11,76,4.500,1790766284507045.677	,1790766284507050.177	
0,Muls_299cf4d7f9ef0f745d89d88c666b45aa_high_performance_210000000,AI_VECTOR_CORE,11,77,2.960,1790766284507050.197	,1790766284507053.157	
0,Sigmoid_1c4543fdfe7149b6b0717bd88f061562_high_precision_210000000,AI_VECTOR_CORE,11,78,3.840,1790766284507053.177	,1790766284507057.017	
0,Mul_ce3d1ff8ba23a0bcb292da3577c1625d_high_performance_210020000,AI_VECTOR_CORE,11,79,3.140,1790766284507057.037	,1790766284507060.177	
0,Add_ce3d1ff8ba23a0bcb292da3577c1625d_high_performance_223000000,AI_VECTOR_CORE,11,80,3.140,1790766284507060.197	,1790766284507063.337	
0,Mul_ce3d1ff8ba23a0bcb292da3577c1625d_high_performance_210020000,AI_VECTOR_CORE,11,81,3.680,1790766284507063.377	,1790766284507067.057	
0,MatMulV2_ND_ND_FP16_FP16_false_true_all_98513,AI_CORE,11,82,100.642,1790766284507067.097	,1790766284507167.739	
0,HcPost_d2fe6614722b27afa6f8d964c215447e_0,AI_VECTOR_CORE,11,83,7.460,1790766284507167.759	,1790766284507175.219	
0,HcPre_6c9f0fa710253eff38b1c0e6be6a67be_0,MIX_AIC,11,84,27.160,1790766284507176.379	,1790766284507203.540	
0,RmsNorm_normal_all_bf16_high_performance_0,AI_VECTOR_CORE,11,85,4.660,1790766284507204.420	,1790766284507209.080	
0,MatMulV2_ND_ND_FP16_FP16_false_true_all_98513,AI_CORE,11,86,19.100,1790766284507209.100	,1790766284507228.201	
0,RmsNorm_normal_all_bf16_high_performance_2,AI_VECTOR_CORE,11,87,5.440,1790766284507228.241	,1790766284507233.681	
0,RmsNorm_normal_all_bf16_high_performance_2,AI_VECTOR_CORE,11,88,3.720,1790766284507233.701	,1790766284507237.421	
0,ScatterNdUpdate_bfloat16_int32_high_precision_11,MIX_AIV,11,89,5.540,1790766284507238.441	,1790766284507243.981	
0,MatMulV2_ND_ND_FP16_FP16_false_true_all_98499,AI_CORE,11,90,46.620,1790766284507245.141	,1790766284507291.762	
0,TransposeBatchMatMul_ND_ND_ND_ND_ND_BF16_BF16_BF16_INT64_BF16_high_performance_32,AI_CORE,11,91,24.220,1790766284507291.782	,1790766284507316.002	
0,Cast_b2717900ea7de2d41ea9c63d23aa269b_high_performance_210000000,AI_VECTOR_CORE,11,92,2.000,1790766284507316.022	,1790766284507318.022	
0,MatMulV2_ND_ND_FP32_FP32_false_true_all_65665,AI_CORE,11,93,9.580,1790766284507318.042	,1790766284507327.622	
0,LayerNormV3_23ae115d70bd435e4cb966a52be97b55_high_precision_1600400500,AI_VECTOR_CORE,11,94,5.940,1790766284507327.642	,1790766284507333.583	
0,MatMulV2_ND_ND_FP32_FP32_false_true_all_65665,AI_CORE,11,95,8.660,1790766284507333.603	,1790766284507342.263	
0,MatMulV2_ND_ND_FP16_FP16_false_true_all_98499,AI_CORE,11,96,14.900,1790766284507342.283	,1790766284507357.183	
0,N/A,EVENT_WAIT,39,24,1863.637,1790766284507353.143	,1790766284509216.780	
0,Cast_9f288b80370c6545ffe8cef142d37f5c_high_performance_210000000,AI_VECTOR_CORE,11,97,1.360,1790766284507357.203	,1790766284507358.563	
0,Muls_299cf4d7f9ef0f745d89d88c666b45aa_high_performance_210000000,AI_VECTOR_CORE,11,98,1.380,1790766284507358.583	,1790766284507359.963	
0,_glm5_next_kpool_tail_compress_kernel,AI_VECTOR_CORE,11,99,1.980,1790766284507359.983	,1790766284507361.963	
0,_store_kpool_tail_kernel,AI_VECTOR_CORE,11,100,2.980,1790766284507361.983	,1790766284507364.963	
0,Cast_b2717900ea7de2d41ea9c63d23aa269b_high_performance_210000000,AI_VECTOR_CORE,11,101,1.540,1790766284507364.983	,1790766284507366.523	
0,Cast_b2717900ea7de2d41ea9c63d23aa269b_high_performance_210000000,AI_VECTOR_CORE,11,102,1.140,1790766284507366.563	,1790766284507367.703	
0,Mul_ee98c6628030785f610b924ab1557b31_high_performance_212000002,AI_VECTOR_CORE,11,103,7.720,1790766284507367.723	,1790766284507375.443	
0,ReduceSum_7a09f5b7af4126487a7f726a9aac7548_high_performance_82100900,MIX_AIV,11,104,8.640,1790766284507376.503	,1790766284507385.144	
0,_glm5_next_lightning_indexer_score_kernel,AI_VECTOR_CORE,11,105,7.560,1790766284507386.244	,1790766284507393.804	
0,TopKV2_5c671486fda0d949d7cba9a9754bc2dd_high_performance_2017612701781458944,MIX_AIV,11,106,6.200,1790766284507395.204	,1790766284507401.404	
0,Cast_e87590d11ccda8b259ab6b1ea7212319_high_performance_210000000,AI_VECTOR_CORE,11,107,1.560,1790766284507402.484	,1790766284507404.044	
0,Cast_39a266ce9a8d7d9ead33f6686e936b72_high_performance_210000000,AI_VECTOR_CORE,11,108,1.600,1790766284507404.064	,1790766284507405.664	
0,_expand_pool_indices,AI_VECTOR_CORE,11,109,9.580,1790766284507405.684	,1790766284507415.264	
0,SparseFlashAttention_2e25ad8fefac1f04c03bd78f2d2ab366_1158,MIX_AIC,11,110,27.780,1790766284507416.204	,1790766284507443.985	
0,TransposeBatchMatMul_ND_ND_ND_ND_ND_BF16_BF16_BF16_INT64_BF16_high_performance_32,AI_CORE,11,111,21.640,1790766284507444.845	,1790766284507466.485	
0,MatMulV2_ND_ND_FP16_FP16_false_true_all_98513,AI_CORE,11,112,134.362,1790766284507466.505	,1790766284507600.868	
0,N/A,MEMCPY_ASYNC,11,113,0.560,1790766284507600.888	,1790766284507601.448	
0,HcPost_d2fe6614722b27afa6f8d964c215447e_0,AI_VECTOR_CORE,11,114,7.320,1790766284507601.488	,1790766284507608.808	
0,HcPre_6c9f0fa710253eff38b1c0e6be6a67be_0,MIX_AIC,11,115,28.600,1790766284507610.168	,1790766284507638.769	
0,RmsNorm_normal_all_bf16_high_performance_0,AI_VECTOR_CORE,11,116,4.360,1790766284507640.029	,1790766284507644.389	
0,N/A,EVENT_RECORD,11,117,0.020,1790766284507644.409	,1790766284507644.429	
0,Cast_b2717900ea7de2d41ea9c63d23aa269b_high_performance_210000000,AI_VECTOR_CORE,11,118,1.740,1790766284507644.449	,1790766284507646.189	
0,MatMulV2_ND_ND_FP32_FP32_false_true_all_65665,AI_CORE,11,119,5.780,1790766284507646.209	,1790766284507651.989	
0,N/A,EVENT_RECORD,11,120,0.020,1790766284507652.009	,1790766284507652.029	
0,MoeGatingTopK_81369a2fa0455f39b5d19d432d261f57_1,AI_VECTOR_CORE,11,121,4.300,1790766284507652.049	,1790766284507656.349	
0,N/A,EVENT_RECORD,11,122,0.020,1790766284507656.369	,1790766284507656.389	
0,MoeInitRoutingV3_4ca8d2d329b4477b44dd2ee885849b12_2100000,MIX_AIV,11,123,10.160,1790766284507657.349	,1790766284507667.509	
0,GroupedMatmul_0d2d43751f81d7f29646a862147967c9_68885275,MIX_AIC,11,124,223.244,1790766284507670.149	,1790766284507893.394	
0,N/A,EVENT_WAIT,45,233,1470.349,1790766284507746.551	,1790766284509216.900	
0,Slice_ee29dafe4fe21e12bb8d56ae91626cba_high_performance_524000000,AI_VECTOR_CORE,11,125,2.700,1790766284507894.134	,1790766284507896.834	
0,ClipByValueV2_e87c9546cf2804355cf0d9445a2db01a_high_performance_220000000,AI_VECTOR_CORE,11,126,5.860,1790766284507896.874	,1790766284507902.734	
0,ViewCopy_7778b2d0a2938f9247cc0c9f84559eb2_high_performance__kernel0,AI_VECTOR_CORE,11,127,9.720,1790766284507902.754	,1790766284507912.474	
0,Slice_ee29dafe4fe21e12bb8d56ae91626cba_high_performance_524000000,AI_VECTOR_CORE,11,128,2.180,1790766284507912.494	,1790766284507914.674	
0,ClipByValueV2_e87c9546cf2804355cf0d9445a2db01a_high_performance_220000000,AI_VECTOR_CORE,11,129,4.700,1790766284507914.694	,1790766284507919.394	
0,ViewCopy_7778b2d0a2938f9247cc0c9f84559eb2_high_performance__kernel0,AI_VECTOR_CORE,11,130,9.800,1790766284507919.434	,1790766284507929.235	
0,SwiGlu_3_high_performance_27,AI_VECTOR_CORE,11,131,5.260,1790766284507929.255	,1790766284507934.515	
0,N/A,EVENT_RECORD,11,132,0.020,1790766284507934.535	,1790766284507934.555	
0,GroupedMatmul_0d2d43751f81d7f29646a862147967c9_68885275,MIX_AIC,11,133,97.681,1790766284507935.795	,1790766284508033.477	
0,N/A,EVENT_RECORD,11,134,0.020,1790766284508034.677	,1790766284508034.697	
0,Cast_9f288b80370c6545ffe8cef142d37f5c_high_performance_210000000,AI_VECTOR_CORE,11,135,1.300,1790766284508034.717	,1790766284508036.017	
0,Abs_8098b79498645e9c0da095babdeaf862_high_performance_210000000,AI_VECTOR_CORE,11,136,1.580,1790766284508036.037	,1790766284508037.617	
0,MoeTokenUnpermute_6dd49246dc9576d3314234df69cb5c22_1,AI_VECTOR_CORE,11,137,4.100,1790766284508037.657	,1790766284508041.757	
0,MatMulV2_ND_ND_FP16_FP16_false_true_all_98499,AI_CORE,11,138,29.320,1790766284508041.777	,1790766284508071.097	
0,ClipByValueV2_e87c9546cf2804355cf0d9445a2db01a_high_performance_220000000,AI_VECTOR_CORE,11,139,1.760,1790766284508071.137	,1790766284508072.897	
0,ClipByValueV2_e87c9546cf2804355cf0d9445a2db01a_high_performance_220000000,AI_VECTOR_CORE,11,140,1.740,1790766284508072.917	,1790766284508074.657	
0,Muls_299cf4d7f9ef0f745d89d88c666b45aa_high_performance_210000000,AI_VECTOR_CORE,11,141,1.320,1790766284508074.697	,1790766284508076.017	
0,Sigmoid_1c4543fdfe7149b6b0717bd88f061562_high_precision_210000000,AI_VECTOR_CORE,11,142,1.600,1790766284508076.037	,1790766284508077.637	
0,Mul_ce3d1ff8ba23a0bcb292da3577c1625d_high_performance_210020000,AI_VECTOR_CORE,11,143,1.920,1790766284508077.657	,1790766284508079.578	
0,Add_ce3d1ff8ba23a0bcb292da3577c1625d_high_performance_223000000,AI_VECTOR_CORE,11,144,1.520,1790766284508079.598	,1790766284508081.118	
0,Mul_ce3d1ff8ba23a0bcb292da3577c1625d_high_performance_210020000,AI_VECTOR_CORE,11,145,1.340,1790766284508081.158	,1790766284508082.498	
0,MatMulV2_ND_ND_FP16_FP16_false_true_all_98499,AI_CORE,11,146,18.060,1790766284508082.518	,1790766284508100.578	
0,ForeachAddList_c73cb8f503197be65eaf63148ad48de4_high_performance_4,AI_VECTOR_CORE,11,147,14.320,1790766284508100.598	,1790766284508114.918	
0,HcPost_d2fe6614722b27afa6f8d964c215447e_0,AI_VECTOR_CORE,11,148,5.900,1790766284508114.938	,1790766284508120.838	
0,ReduceMean_9a2479d4dc5148645cb3f4b9e765c637_high_precision_92100900,MIX_AIV,11,149,18.720,1790766284508122.218	,1790766284508140.939	
0,RmsNorm_normal_all_bf16_high_performance_0,AI_VECTOR_CORE,11,150,3.160,1790766284508141.719	,1790766284508144.879	
0,N/A,EVENT_RESET,11,151,0.100,1790766284508144.899	,1790766284508144.999	
0,N/A,EVENT_RESET,11,152,0.080,1790766284508145.019	,1790766284508145.099	
0,N/A,EVENT_RESET,11,153,0.080,1790766284508145.139	,1790766284508145.219	
0,N/A,EVENT_RESET,11,154,0.080,1790766284508145.259	,1790766284508145.339	
0,N/A,EVENT_RESET,11,155,0.100,1790766284508145.359	,1790766284508145.459	
0,N/A,NOTIFY_RECORD,11,156,0.020,1790766284508145.479	,1790766284508145.499	
0,IndexCheck_int32_high_performance_1,AI_VECTOR_CORE,47,3886,2.980,1790766284508145.979	,1790766284508148.959	
0,Index_b1b18d29d34a3b544b5bb6b3f56177c3_high_performance__kernel0,AI_VECTOR_CORE,47,3887,8.220,1790766284508148.979	,1790766284508157.199	
0,MatMulV2_ND_ND_FP16_FP16_false_true_all_98499,AI_CORE,47,3888,890.517,1790766284508157.219	,1790766284509047.737	
0,Cast_b2717900ea7de2d41ea9c63d23aa269b_high_performance_210000000,AI_VECTOR_CORE,47,3889,7.420,1790766284509047.777	,1790766284509055.197	
0,LogSoftmaxV2_291664ae3e88b38b8b46c2efbbea27c9_high_precision_400001,AI_VECTOR_CORE,47,3890,44.020,1790766284509055.217	,1790766284509099.238	
0,Cast_b2717900ea7de2d41ea9c63d23aa269b_high_performance_210000000,AI_VECTOR_CORE,47,3891,2.880,1790766284509099.258	,1790766284509102.138	
0,ArgMaxV2_4402011f777d6374ab9f6425cb5984c4_high_performance_3,AI_VECTOR_CORE,47,3892,19.460,1790766284509102.158	,1790766284509121.618	
0,Cast_e87590d11ccda8b259ab6b1ea7212319_high_performance_210000000,AI_VECTOR_CORE,47,3893,1.380,1790766284509121.638	,1790766284509123.018	
0,TopKV2_5c671486fda0d949d7cba9a9754bc2dd_high_performance_2017612907941986305,MIX_AIV,47,3894,18.200,1790766284509123.938	,1790766284509142.139	
0,TopKV2_5c671486fda0d949d7cba9a9754bc2dd_high_performance_2017612701781458944,MIX_AIV,47,3895,3.500,1790766284509145.279	,1790766284509148.779	
0,GatherElements_8b4ec10fbb39c5c0a65192c606400b29_high_performance__kernel0,AI_VECTOR_CORE,47,3896,8.980,1790766284509149.499	,1790766284509158.479	
0,Cast_e87590d11ccda8b259ab6b1ea7212319_high_performance_210000000,AI_VECTOR_CORE,47,3897,1.040,1790766284509158.499	,1790766284509159.539	
0,Cast_39a266ce9a8d7d9ead33f6686e936b72_high_performance_210000000,AI_VECTOR_CORE,47,3898,1.540,1790766284509159.579	,1790766284509161.119	
0,GatherElementsV2_fp32_high_performance_2,AI_VECTOR_CORE,47,3899,4.080,1790766284509161.159	,1790766284509165.239	
0,GreaterEqual_3efaad932f458d7892fdb0715ec85b2b_high_performance_223000000,AI_VECTOR_CORE,47,3900,8.520,1790766284509165.279	,1790766284509173.799	
0,Cast_df2b778f1b80e749bd4242386ec57ab9_high_performance_210000000,AI_VECTOR_CORE,47,3901,6.520,1790766284509173.819	,1790766284509180.340	
0,ReduceSum_7a09f5b7af4126487a7f726a9aac7548_high_performance_110001000400,MIX_AIV,47,3902,24.320,1790766284509181.680	,1790766284509206.000	
0,Cast_c6738f795430c3c6f09cdc8d52a1b43d_high_performance_210000000,AI_VECTOR_CORE,47,3903,1.320,1790766284509207.260	,1790766284509208.580	
0,ConcatD_0d745295987e1c668b2ec8b2844aeada_high_performance_3000001,AI_VECTOR_CORE,47,3904,2.760,1790766284509208.600	,1790766284509211.360	
0,ConcatD_233851a3505389e43928a8bba133a74d_high_performance_3000001,AI_VECTOR_CORE,47,3905,2.060,1790766284509211.400	,1790766284509213.460	
0,Cast_39a266ce9a8d7d9ead33f6686e936b72_high_performance_210000000,AI_VECTOR_CORE,47,3906,1.320,1790766284509213.480	,1790766284509214.800	
0,Cast_39a266ce9a8d7d9ead33f6686e936b72_high_performance_210000000,AI_VECTOR_CORE,47,3907,1.440,1790766284509214.820	,1790766284509216.260	
0,N/A,EVENT_RECORD,47,3908,0.020,1790766284509216.280	,1790766284509216.300	
0,N/A,EVENT_RECORD,47,3909,0.020,1790766284509216.320	,1790766284509216.340	
0,N/A,MEMCPY_ASYNC,45,234,1.860,1790766284509216.940	,1790766284509218.800	
0,N/A,MEMCPY_ASYNC,45,235,1.800,1790766284509218.960	,1790766284509220.760	
0,N/A,MEMCPY_ASYNC,45,236,1.880,1790766284509220.920	,1790766284509222.800	
0,N/A,MEMCPY_ASYNC,45,237,1.880,1790766284509222.960	,1790766284509224.840	
0,N/A,EVENT_RECORD,45,238,0.020,1790766284509225.000	,1790766284509225.020	
0,N/A,EVENT_RECORD,45,239,0.020,1790766284509225.040	,1790766284509225.060	
0,N/A,EVENT_RECORD,45,240,0.000,1790766284509225.080	,1790766284509225.080	
0,N/A,EVENT_RECORD,45,241,0.000,1790766284509285.602	,1790766284509285.602	
0,N/A,EVENT_RECORD,45,242,0.000,1790766284509777.011	,1790766284509777.011	
0,N/A,EVENT_RECORD,47,3910,0.020,1790766284510059.817	,1790766284510059.837	
0,N/A,EVENT_RECORD,45,243,0.020,1790766284510699.570	,1790766284510699.590	
0,N/A,EVENT_RECORD,45,244,0.000,1790766284510813.732	,1790766284510813.732	
0,N/A,EVENT_RECORD,45,245,0.020,1790766284510815.412	,1790766284510815.432	
0,N/A,EVENT_RECORD,45,246,0.000,1790766284510844.413	,1790766284510844.413	
0,N/A,EVENT_RECORD,47,3911,0.020,1790766284512480.785	,1790766284512480.805	
0,N/A,MEMCPY_ASYNC,47,3912,2.400,1790766284515108.078	,1790766284515110.478	
0,N/A,MEMCPY_ASYNC,47,3913,2.200,1790766284515150.819	,1790766284515153.019	
0,N/A,MEMCPY_ASYNC,47,3914,2.180,1790766284515221.400	,1790766284515223.580	
0,N/A,MEMCPY_ASYNC,47,3915,2.240,1790766284515297.542	,1790766284515299.782	
0,N/A,MEMCPY_ASYNC,47,3916,2.200,1790766284515382.823	,1790766284515385.023	
0,N/A,MEMCPY_ASYNC,47,3917,2.220,1790766284515711.290	,1790766284515713.510	
0,N/A,MEMCPY_ASYNC,47,3918,2.140,1790766284515764.611	,1790766284515766.751	
0,Fill_1fbc7ee619b707282bbfd034093621df_high_performance_223000000,AI_VECTOR_CORE,47,3919,1.620,1790766284515987.096	,1790766284515988.716	
0,N/A,MEMCPY_ASYNC,47,3920,2.200,1790766284516037.157	,1790766284516039.357	
0,N/A,MEMCPY_ASYNC,47,3921,2.460,1790766284516320.202	,1790766284516322.662	
0,Fill_1fbc7ee619b707282bbfd034093621df_high_performance_223000000,AI_VECTOR_CORE,47,3922,1.600,1790766284516339.243	,1790766284516340.843	
0,N/A,MEMCPY_ASYNC,47,3923,2.480,1790766284516414.804	,1790766284516417.284	
0,N/A,MEMCPY_ASYNC,47,3924,2.320,1790766284516548.347	,1790766284516550.667	
0,N/A,MEMCPY_ASYNC,47,3925,2.260,1790766284516648.189	,1790766284516650.449	
0,N/A,MEMCPY_ASYNC,47,3926,2.240,1790766284516714.630	,1790766284516716.870	
0,IndexCheck_int64_high_performance_0,AI_VECTOR_CORE,47,3927,9.620,1790766284516852.633	,1790766284516862.253	
0,Index_f34e8f0e5e2c96109aa0460550023804_high_performance__kernel0,AI_VECTOR_CORE,47,3928,8.900,1790766284516862.273	,1790766284516871.173	
0,Cast_e87590d11ccda8b259ab6b1ea7212319_high_performance_210000000,AI_VECTOR_CORE,47,3929,1.460,1790766284516968.875	,1790766284516970.335	
0,Add_41dadce325b0f810d03359af2a38990b_high_performance_210000000,AI_VECTOR_CORE,47,3930,2.740,1790766284517066.217	,1790766284517068.957	
0,N/A,MEMCPY_ASYNC,47,3931,1.220,1790766284517212.440	,1790766284517213.660	
0,Add_9342884c99c006e21fc9d5d9260b8bef_high_performance_210000000,AI_VECTOR_CORE,47,3932,1.540,1790766284517291.362	,1790766284517292.902	
0,N/A,MEMCPY_ASYNC,47,3933,0.580,1790766284517400.944	,1790766284517401.524	
0,Fill_1fbc7ee619b707282bbfd034093621df_high_performance_223000000,AI_VECTOR_CORE,47,3934,1.440,1790766284517454.385	,1790766284517455.825	
0,_compute_slot_mapping_fused_groups_kernel,AI_VECTOR_CORE,47,3935,22.200,1790766284517870.293	,1790766284517892.494	
0,Sub_9342884c99c006e21fc9d5d9260b8bef_high_performance_210000000,AI_VECTOR_CORE,47,3936,1.500,1790766284518023.956	,1790766284518025.456	
0,Cast_e87590d11ccda8b259ab6b1ea7212319_high_performance_210000000,AI_VECTOR_CORE,47,3937,1.300,1790766284519118.898	,1790766284519120.198	
0,FloorDiv_41dadce325b0f810d03359af2a38990b_high_performance_223000000,AI_VECTOR_CORE,47,3938,3.640,1790766284519120.418	,1790766284519124.058	
0,Cast_39a266ce9a8d7d9ead33f6686e936b72_high_performance_210000000,AI_VECTOR_CORE,47,3939,1.500,1790766284519124.078	,1790766284519125.578	
0,N/A,MEMCPY_ASYNC,47,3940,1.040,1790766284519287.821	,1790766284519288.861	
0,Cast_e87590d11ccda8b259ab6b1ea7212319_high_performance_210000000,AI_VECTOR_CORE,47,3941,1.420,1790766284519414.524	,1790766284519415.944	
0,GreaterEqual_1ea4da630f56dc1c2d6e7c9a9dd17b11_high_performance_223000000,AI_VECTOR_CORE,47,3942,3.220,1790766284519415.964	,1790766284519419.184	
0,Add_41dadce325b0f810d03359af2a38990b_high_performance_223000000,AI_VECTOR_CORE,47,3943,2.900,1790766284519433.464	,1790766284519436.364	
0,BroadcastTo_41dadce325b0f810d03359af2a38990b_high_performance_232000000,AI_VECTOR_CORE,47,3944,2.000,1790766284519464.725	,1790766284519466.725	
0,FloorMod_41dadce325b0f810d03359af2a38990b_high_precision_210000000,AI_VECTOR_CORE,47,3945,4.140,1790766284519466.745	,1790766284519470.885	
0,Equal_1ea4da630f56dc1c2d6e7c9a9dd17b11_high_performance_223000000,AI_VECTOR_CORE,47,3946,2.300,1790766284519520.866	,1790766284519523.166	
0,LogicalAnd_91d2a3cdd75d915a368582ec5f440af1_high_performance_210000000,AI_VECTOR_CORE,47,3947,1.400,1790766284519559.407	,1790766284519560.807	
0,ClipByValueV2_3bc53d14ff7dfecd0ed0c69136ab471a_high_performance_220000000,AI_VECTOR_CORE,47,3948,3.060,1790766284519625.748	,1790766284519628.808	
0,Cast_e87590d11ccda8b259ab6b1ea7212319_high_performance_210000000,AI_VECTOR_CORE,47,3949,1.380,1790766284519665.769	,1790766284519667.149	
0,FloorDiv_41dadce325b0f810d03359af2a38990b_high_performance_223000000,AI_VECTOR_CORE,47,3950,4.080,1790766284519669.749	,1790766284519673.829	
0,Cast_39a266ce9a8d7d9ead33f6686e936b72_high_performance_210000000,AI_VECTOR_CORE,47,3951,1.580,1790766284519677.449	,1790766284519679.029	
0,BroadcastTo_c71434db8135ff9089d65053721e3417_high_performance_232000000,AI_VECTOR_CORE,47,3952,1.720,1790766284519727.990	,1790766284519729.710	
0,FloorMod_9342884c99c006e21fc9d5d9260b8bef_high_precision_210000000,AI_VECTOR_CORE,47,3953,3.680,1790766284519729.750	,1790766284519733.430	
0,Mul_9342884c99c006e21fc9d5d9260b8bef_high_performance_223000000,AI_VECTOR_CORE,47,3954,1.680,1790766284519778.951	,1790766284519780.631	
0,Cast_e87590d11ccda8b259ab6b1ea7212319_high_performance_210000000,AI_VECTOR_CORE,47,3955,1.420,1790766284519848.753	,1790766284519850.173	
0,FloorDiv_41dadce325b0f810d03359af2a38990b_high_performance_223000000,AI_VECTOR_CORE,47,3956,3.960,1790766284519850.373	,1790766284519854.333	
0,Cast_39a266ce9a8d7d9ead33f6686e936b72_high_performance_210000000,AI_VECTOR_CORE,47,3957,1.540,1790766284519861.553	,1790766284519863.093	
0,Add_9342884c99c006e21fc9d5d9260b8bef_high_performance_210000000,AI_VECTOR_CORE,47,3958,1.520,1790766284519877.153	,1790766284519878.673	
0,Fill_1fbc7ee619b707282bbfd034093621df_high_performance_223000000,AI_VECTOR_CORE,47,3959,1.680,1790766284519930.994	,1790766284519932.674	
0,SelectV2_9bb0969ab50036eba4428cd9974a5c0b_high_performance_210000000,AI_VECTOR_CORE,47,3960,2.380,1790766284519982.935	,1790766284519985.315	
0,Cast_e87590d11ccda8b259ab6b1ea7212319_high_performance_210000000,AI_VECTOR_CORE,47,3961,1.680,1790766284520025.736	,1790766284520027.416	
0,Cast_e87590d11ccda8b259ab6b1ea7212319_high_performance_210000000,AI_VECTOR_CORE,47,3962,1.200,1790766284520139.578	,1790766284520140.779	
0,FloorDiv_41dadce325b0f810d03359af2a38990b_high_performance_210000000,AI_VECTOR_CORE,47,3963,2.220,1790766284520141.419	,1790766284520143.639	
0,Cast_39a266ce9a8d7d9ead33f6686e936b72_high_performance_210000000,AI_VECTOR_CORE,47,3964,1.320,1790766284520143.659	,1790766284520144.979	
0,N/A,MEMCPY_ASYNC,47,3965,0.540,1790766284520254.121	,1790766284520254.661	
0,N/A,MEMCPY_ASYNC,47,3966,0.620,1790766284520342.183	,1790766284520342.803	
0,Sub_9342884c99c006e21fc9d5d9260b8bef_high_performance_210000000,AI_VECTOR_CORE,47,3967,1.380,1790766284523785.591	,1790766284523786.971	
0,Sub_9342884c99c006e21fc9d5d9260b8bef_high_performance_210000000,AI_VECTOR_CORE,47,3968,1.320,1790766284523807.772	,1790766284523809.092	
0,Cast_e87590d11ccda8b259ab6b1ea7212319_high_performance_210000000,AI_VECTOR_CORE,47,3969,1.220,1790766284523823.712	,1790766284523824.932	
0,Greater_1ea4da630f56dc1c2d6e7c9a9dd17b11_high_performance_210000000,AI_VECTOR_CORE,47,3970,3.060,1790766284523836.172	,1790766284523839.232	
0,Sub_9342884c99c006e21fc9d5d9260b8bef_high_performance_210000000,AI_VECTOR_CORE,47,3971,1.360,1790766284526729.390	,1790766284526730.750	
0,Sub_9342884c99c006e21fc9d5d9260b8bef_high_performance_210000000,AI_VECTOR_CORE,47,3972,1.280,1790766284526731.250	,1790766284526732.530	
0,Cast_e87590d11ccda8b259ab6b1ea7212319_high_performance_210000000,AI_VECTOR_CORE,47,3973,1.220,1790766284526776.971	,1790766284526778.191	
0,Greater_1ea4da630f56dc1c2d6e7c9a9dd17b11_high_performance_210000000,AI_VECTOR_CORE,47,3974,2.200,1790766284526778.831	,1790766284526781.031	
0,Sub_9342884c99c006e21fc9d5d9260b8bef_high_performance_210000000,AI_VECTOR_CORE,47,3975,1.260,1790766284529566.107	,1790766284529567.367	
0,Sub_9342884c99c006e21fc9d5d9260b8bef_high_performance_210000000,AI_VECTOR_CORE,47,3976,1.260,1790766284529568.047	,1790766284529569.307	
0,Cast_e87590d11ccda8b259ab6b1ea7212319_high_performance_210000000,AI_VECTOR_CORE,47,3977,1.180,1790766284529614.848	,1790766284529616.028	
0,Greater_1ea4da630f56dc1c2d6e7c9a9dd17b11_high_performance_210000000,AI_VECTOR_CORE,47,3978,2.180,1790766284529627.348	,1790766284529629.528	
0,N/A,EVENT_RECORD,47,3979,0.020,1790766284529967.875	,1790766284529967.895	
0,Fill_279daeaf6b659300647aba3935d90048_high_performance_210000000,AI_VECTOR_CORE,47,3980,1.520,1790766284530369.743	,1790766284530371.263	
0,Cast_a9b7af94359fc7c19da07ad0790f065c_high_performance_210000000,AI_VECTOR_CORE,47,3981,1.400,1790766284530406.084	,1790766284530407.484	
0,BroadcastTo_c71434db8135ff9089d65053721e3417_high_performance_232000000,AI_VECTOR_CORE,47,3982,1.680,1790766284530408.064	,1790766284530409.744	
0,Cast_9fc020fd54590bb5fe6cf6eabcf7b473_high_performance_210000000,AI_VECTOR_CORE,47,3983,1.640,1790766284530420.684	,1790766284530422.324	
0,Fill_279daeaf6b659300647aba3935d90048_high_performance_210000000,AI_VECTOR_CORE,47,3984,1.380,1790766284530450.844	,1790766284530452.225	
0,Cast_e87590d11ccda8b259ab6b1ea7212319_high_performance_210000000,AI_VECTOR_CORE,47,3985,1.460,1790766284530670.649	,1790766284530672.109	
0,GatherV2_7869a97190b9b4d296d9414a005b954b_high_precision_900015010,AI_VECTOR_CORE,47,3986,10.160,1790766284530725.150	,1790766284530735.310	
0,BroadcastTo_7e5992d3033ef32a3463c5d198e518a1_high_performance_212100002,AI_VECTOR_CORE,47,3987,9.440,1790766284530861.933	,1790766284530871.373	
0,HcPre_6c9f0fa710253eff38b1c0e6be6a67be_0,MIX_AIC,47,3988,64.361,1790766284531099.577	,1790766284531163.939	
0,RmsNorm_normal_all_bf16_high_performance_0,AI_VECTOR_CORE,47,3989,11.480,1790766284531199.599	,1790766284531211.080	
0,MatMulV2_ND_ND_FP16_FP16_false_true_all_98513,AI_CORE,47,3990,216.464,1790766284531411.484	,1790766284531627.948	
0,Slice_ee29dafe4fe21e12bb8d56ae91626cba_high_performance_524000000,AI_VECTOR_CORE,47,3991,3.180,1790766284531648.268	,1790766284531651.448	
0,MatMulV2_ND_ND_FP16_FP16_false_true_all_98337,AI_CORE,47,3992,12.260,1790766284531660.669	,1790766284531672.929	
0,Slice_ee29dafe4fe21e12bb8d56ae91626cba_high_performance_524000000,AI_VECTOR_CORE,47,3993,2.600,1790766284531831.892	,1790766284531834.492	
0,MatMulV2_ND_ND_FP16_FP16_false_true_all_98337,AI_CORE,47,3994,9.680,1790766284531834.532	,1790766284531844.212	
0,ZerosLike_1c4543fdfe7149b6b0717bd88f061562_high_performance_210010000,AI_VECTOR_CORE,47,3995,8.960,1790766284532044.016	,1790766284532052.977	
0,_copy_conv_state_kernel,AI_VECTOR_CORE,47,3996,8.200,1790766284532438.304	,1790766284532446.504	
0,Slice_ee29dafe4fe21e12bb8d56ae91626cba_high_performance_524000000,AI_VECTOR_CORE,47,3997,6.640,1790766284533388.623	,1790766284533395.263	
0,CausalConv1d_b0123b7fae3057c534dbb03661977c42_22,MIX_AIC,47,3998,51.561,1790766284533421.824	,1790766284533473.385	
0,_copy_conv_state_kernel,AI_VECTOR_CORE,47,3999,7.300,1790766284533659.329	,1790766284533666.629	
0,ZerosLike_1c4543fdfe7149b6b0717bd88f061562_high_performance_210010000,AI_VECTOR_CORE,47,4000,7.740,1790766284533831.852	,1790766284533839.592	
0,_gather_initial_states_kernel,AI_VECTOR_CORE,47,4001,8.440,1790766284534328.302	,1790766284534336.742	
0,Slice_ee29dafe4fe21e12bb8d56ae91626cba_high_performance_524000000,AI_VECTOR_CORE,47,4002,3.040,1790766284534437.224	,1790766284534440.264	
0,Cast_b2717900ea7de2d41ea9c63d23aa269b_high_performance_210000000,AI_VECTOR_CORE,47,4003,2.720,1790766284534440.304	,1790766284534443.024	
0,Sigmoid_5c5e58e043224cccf51a06108010ae13_high_precision_210000000,AI_VECTOR_CORE,47,4004,2.760,1790766284534466.745	,1790766284534469.505	
0,Slice_ee29dafe4fe21e12bb8d56ae91626cba_high_performance_524000000,AI_VECTOR_CORE,47,4005,4.820,1790766284534519.166	,1790766284534523.986	
0,l2norm_fwd_kernel2,AI_VECTOR_CORE,47,4006,11.700,1790766284534851.312	,1790766284534863.013	
0,Slice_ee29dafe4fe21e12bb8d56ae91626cba_high_performance_524000000,AI_VECTOR_CORE,47,4007,4.780,1790766284534947.194	,1790766284534951.974	
0,l2norm_fwd_kernel2,AI_VECTOR_CORE,47,4008,6.760,1790766284535222.240	,1790766284535229.000	
0,Slice_ee29dafe4fe21e12bb8d56ae91626cba_high_performance_524000000,AI_VECTOR_CORE,47,4009,4.760,1790766284535327.922	,1790766284535332.682	
0,Transpose_9a632dc5b6be9e1b4215e3cf2b1aff0d_high_performance_13,AI_VECTOR_CORE,47,4010,12.820,1790766284535598.387	,1790766284535611.208	
0,Transpose_9a632dc5b6be9e1b4215e3cf2b1aff0d_high_performance_13,AI_VECTOR_CORE,47,4011,14.920,1790766284535611.248	,1790766284535626.168	
0,ChunkKdaFwd_5e864108d5688e456abb78f238c67b16_2,MIX_AIC,47,4012,4079.361,1790766284535627.308	,1790766284539706.669	
0,Transpose_9a632dc5b6be9e1b4215e3cf2b1aff0d_high_performance_13,AI_VECTOR_CORE,47,4013,14.020,1790766284539707.889	,1790766284539721.910	
0,ScatterNdUpdate_float32_int32_high_precision_11,MIX_AIV,47,4014,53.081,1790766284539722.790	,1790766284539775.871	
0,TensorMove_d2db1a80c523e7e59a032c95969880af_high_performance__kernel0,AI_VECTOR_CORE,47,4015,7.920,1790766284539777.091	,1790766284539785.011	
0,layer_norm_gated_fwd_kernel,AI_VECTOR_CORE,47,4016,18.460,1790766284539785.031	,1790766284539803.491	
0,MatMulV2_ND_ND_FP16_FP16_false_true_all_98513,AI_CORE,47,4017,78.441,1790766284539803.511	,1790766284539881.953	
0,HcPost_d2fe6614722b27afa6f8d964c215447e_0,AI_VECTOR_CORE,47,4018,24.040,1790766284539881.973	,1790766284539906.013	
0,HcPre_6c9f0fa710253eff38b1c0e6be6a67be_0,MIX_AIC,47,4019,60.901,1790766284539907.373	,1790766284539968.275	
0,RmsNorm_normal_all_bf16_high_performance_0,AI_VECTOR_CORE,47,4020,11.320,1790766284539968.995	,1790766284539980.315	
0,MatMulV2_ND_ND_FP16_FP16_false_true_all_98513,AI_CORE,47,4021,299.826,1790766284539980.335	,1790766284540280.161	
0,Slice_ee29dafe4fe21e12bb8d56ae91626cba_high_performance_524000000,AI_VECTOR_CORE,47,4022,6.760,1790766284540280.181	,1790766284540286.941	
0,ClipByValueV2_e87c9546cf2804355cf0d9445a2db01a_high_performance_220010000,AI_VECTOR_CORE,47,4023,35.600,1790766284540286.961	,1790766284540322.562	
0,Slice_ee29dafe4fe21e12bb8d56ae91626cba_high_performance_524000000,AI_VECTOR_CORE,47,4024,5.380,1790766284540322.582	,1790766284540327.962	
0,ClipByValueV2_e87c9546cf2804355cf0d9445a2db01a_high_performance_220010000,AI_VECTOR_CORE,47,4025,27.160,1790766284540327.982	,1790766284540355.142	
0,Muls_299cf4d7f9ef0f745d89d88c666b45aa_high_performance_210010000,AI_VECTOR_CORE,47,4026,9.200,1790766284540355.182	,1790766284540364.383	
0,Sigmoid_1c4543fdfe7149b6b0717bd88f061562_high_precision_210010000,AI_VECTOR_CORE,47,4027,10.880,1790766284540364.403	,1790766284540375.283	
0,Mul_ce3d1ff8ba23a0bcb292da3577c1625d_high_performance_210020000,AI_VECTOR_CORE,47,4028,12.640,1790766284540375.303	,1790766284540387.943	
0,Add_ce3d1ff8ba23a0bcb292da3577c1625d_high_performance_223010000,AI_VECTOR_CORE,47,4029,10.460,1790766284540387.963	,1790766284540398.423	
0,Mul_ce3d1ff8ba23a0bcb292da3577c1625d_high_performance_210020000,AI_VECTOR_CORE,47,4030,6.260,1790766284540398.443	,1790766284540404.703	
0,MatMulV2_ND_ND_FP16_FP16_false_true_all_98513,AI_CORE,47,4031,113.642,1790766284540404.723	,1790766284540518.366	
0,HcPost_d2fe6614722b27afa6f8d964c215447e_0,AI_VECTOR_CORE,47,4032,23.280,1790766284540518.386	,1790766284540541.666	
0,HcPre_6c9f0fa710253eff38b1c0e6be6a67be_0,MIX_AIC,47,4033,66.021,1790766284540542.806	,1790766284540608.827	
0,RmsNorm_normal_all_bf16_high_performance_0,AI_VECTOR_CORE,47,4034,10.940,1790766284540609.907	,1790766284540620.848	
0,MatMulV2_ND_ND_FP16_FP16_false_true_all_98513,AI_CORE,47,4035,237.184,1790766284540620.868	,1790766284540858.052	
0,Slice_ee29dafe4fe21e12bb8d56ae91626cba_high_performance_524000000,AI_VECTOR_CORE,47,4036,3.100,1790766284540858.072	,1790766284540861.172	
0,MatMulV2_ND_ND_FP16_FP16_false_true_all_98337,AI_CORE,47,4037,11.540,1790766284540861.192	,1790766284540872.733	
0,Slice_ee29dafe4fe21e12bb8d56ae91626cba_high_performance_524000000,AI_VECTOR_CORE,47,4038,2.640,1790766284540872.753	,1790766284540875.393	
0,MatMulV2_ND_ND_FP16_FP16_false_true_all_98337,AI_CORE,47,4039,9.480,1790766284540875.413	,1790766284540884.893	
0,ZerosLike_1c4543fdfe7149b6b0717bd88f061562_high_performance_210010000,AI_VECTOR_CORE,47,4040,8.840,1790766284540884.913	,1790766284540893.753	
0,_copy_conv_state_kernel,AI_VECTOR_CORE,47,4041,8.180,1790766284540893.773	,1790766284540901.953	
0,Slice_ee29dafe4fe21e12bb8d56ae91626cba_high_performance_524000000,AI_VECTOR_CORE,47,4042,7.140,1790766284540901.973	,1790766284540909.113	
0,CausalConv1d_b0123b7fae3057c534dbb03661977c42_22,MIX_AIC,47,4043,50.561,1790766284540910.133	,1790766284540960.694	
0,_copy_conv_state_kernel,AI_VECTOR_CORE,47,4044,7.380,1790766284540961.975	,1790766284540969.355	
0,ZerosLike_1c4543fdfe7149b6b0717bd88f061562_high_performance_210010000,AI_VECTOR_CORE,47,4045,8.360,1790766284540969.395	,1790766284540977.755	
0,_gather_initial_states_kernel,AI_VECTOR_CORE,47,4046,12.980,1790766284541023.256	,1790766284541036.236	
0,Slice_ee29dafe4fe21e12bb8d56ae91626cba_high_performance_524000000,AI_VECTOR_CORE,47,4047,2.680,1790766284541121.218	,1790766284541123.898	
0,Cast_b2717900ea7de2d41ea9c63d23aa269b_high_performance_210000000,AI_VECTOR_CORE,47,4048,2.720,1790766284541123.918	,1790766284541126.638	
0,Sigmoid_5c5e58e043224cccf51a06108010ae13_high_precision_210000000,AI_VECTOR_CORE,47,4049,2.660,1790766284541136.558	,1790766284541139.218	
0,Slice_ee29dafe4fe21e12bb8d56ae91626cba_high_performance_524000000,AI_VECTOR_CORE,47,4050,4.960,1790766284541208.539	,1790766284541213.500	
0,l2norm_fwd_kernel2,AI_VECTOR_CORE,47,4051,11.900,1790766284541490.325	,1790766284541502.225	
0,Slice_ee29dafe4fe21e12bb8d56ae91626cba_high_performance_524000000,AI_VECTOR_CORE,47,4052,4.560,1790766284541607.547	,1790766284541612.107	
0,l2norm_fwd_kernel2,AI_VECTOR_CORE,47,4053,6.640,1790766284541873.453	,1790766284541880.093	
0,Slice_ee29dafe4fe21e12bb8d56ae91626cba_high_performance_524000000,AI_VECTOR_CORE,47,4054,4.920,1790766284541984.835	,1790766284541989.755	
0,Transpose_9a632dc5b6be9e1b4215e3cf2b1aff0d_high_performance_13,AI_VECTOR_CORE,47,4055,11.560,1790766284542217.340	,1790766284542228.900	
0,Transpose_9a632dc5b6be9e1b4215e3cf2b1aff0d_high_performance_13,AI_VECTOR_CORE,47,4056,12.840,1790766284542228.920	,1790766284542241.760	
0,ChunkKdaFwd_5e864108d5688e456abb78f238c67b16_2,MIX_AIC,47,4057,4128.822,1790766284542243.000	,1790766284546371.823	
0,Transpose_9a632dc5b6be9e1b4215e3cf2b1aff0d_high_performance_13,AI_VECTOR_CORE,47,4058,13.960,1790766284546372.703	,1790766284546386.663	
0,ScatterNdUpdate_float32_int32_high_precision_11,MIX_AIV,47,4059,53.481,1790766284546387.663	,1790766284546441.144	
0,TensorMove_d2db1a80c523e7e59a032c95969880af_high_performance__kernel0,AI_VECTOR_CORE,47,4060,7.860,1790766284546441.964	,1790766284546449.824	
0,layer_norm_gated_fwd_kernel,AI_VECTOR_CORE,47,4061,18.400,1790766284546449.844	,1790766284546468.245	
0,MatMulV2_ND_ND_FP16_FP16_false_true_all_98513,AI_CORE,47,4062,78.641,1790766284546468.265	,1790766284546546.906	
0,HcPost_d2fe6614722b27afa6f8d964c215447e_0,AI_VECTOR_CORE,47,4063,24.580,1790766284546546.926	,1790766284546571.507	
0,HcPre_6c9f0fa710253eff38b1c0e6be6a67be_0,MIX_AIC,47,4064,61.041,1790766284546572.747	,1790766284546633.788	
0,RmsNorm_normal_all_bf16_high_performance_0,AI_VECTOR_CORE,47,4065,11.680,1790766284546634.968	,1790766284546646.648	
0,MatMulV2_ND_ND_FP16_FP16_false_true_all_98513,AI_CORE,47,4066,302.246,1790766284546646.668	,1790766284546948.914	
0,Slice_ee29dafe4fe21e12bb8d56ae91626cba_high_performance_524000000,AI_VECTOR_CORE,47,4067,7.020,1790766284546948.934	,1790766284546955.954	
0,ClipByValueV2_e87c9546cf2804355cf0d9445a2db01a_high_performance_220010000,AI_VECTOR_CORE,47,4068,33.460,1790766284546955.974	,1790766284546989.435	
0,Slice_ee29dafe4fe21e12bb8d56ae91626cba_high_performance_524000000,AI_VECTOR_CORE,47,4069,5.460,1790766284546989.455	,1790766284546994.915	
0,ClipByValueV2_e87c9546cf2804355cf0d9445a2db01a_high_performance_220010000,AI_VECTOR_CORE,47,4070,34.940,1790766284546994.955	,1790766284547029.896	
0,Muls_299cf4d7f9ef0f745d89d88c666b45aa_high_performance_210010000,AI_VECTOR_CORE,47,4071,8.980,1790766284547029.916	,1790766284547038.896	
0,Sigmoid_1c4543fdfe7149b6b0717bd88f061562_high_precision_210010000,AI_VECTOR_CORE,47,4072,11.300,1790766284547038.916	,1790766284547050.216	
0,Mul_ce3d1ff8ba23a0bcb292da3577c1625d_high_performance_210020000,AI_VECTOR_CORE,47,4073,12.740,1790766284547050.236	,1790766284547062.976	
0,Add_ce3d1ff8ba23a0bcb292da3577c1625d_high_performance_223010000,AI_VECTOR_CORE,47,4074,10.800,1790766284547062.996	,1790766284547073.797	
0,Mul_ce3d1ff8ba23a0bcb292da3577c1625d_high_performance_210020000,AI_VECTOR_CORE,47,4075,6.700,1790766284547073.817	,1790766284547080.517	
0,MatMulV2_ND_ND_FP16_FP16_false_true_all_98513,AI_CORE,47,4076,121.442,1790766284547080.537	,1790766284547201.979	
0,HcPost_d2fe6614722b27afa6f8d964c215447e_0,AI_VECTOR_CORE,47,4077,23.100,1790766284547201.999	,1790766284547225.100	
0,HcPre_6c9f0fa710253eff38b1c0e6be6a67be_0,MIX_AIC,47,4078,65.161,1790766284547226.020	,1790766284547291.181	
0,RmsNorm_normal_all_bf16_high_performance_0,AI_VECTOR_CORE,47,4079,11.640,1790766284547291.901	,1790766284547303.541	
0,MatMulV2_ND_ND_FP16_FP16_false_true_all_98513,AI_CORE,47,4080,239.084,1790766284547303.561	,1790766284547542.646	
0,Slice_ee29dafe4fe21e12bb8d56ae91626cba_high_performance_524000000,AI_VECTOR_CORE,47,4081,3.080,1790766284547542.666	,1790766284547545.746	
0,MatMulV2_ND_ND_FP16_FP16_false_true_all_98337,AI_CORE,47,4082,12.020,1790766284547545.766	,1790766284547557.786	
0,Slice_ee29dafe4fe21e12bb8d56ae91626cba_high_performance_524000000,AI_VECTOR_CORE,47,4083,2.920,1790766284547557.806	,1790766284547560.726	
0,MatMulV2_ND_ND_FP16_FP16_false_true_all_98337,AI_CORE,47,4084,9.400,1790766284547560.746	,1790766284547570.147	
0,ZerosLike_1c4543fdfe7149b6b0717bd88f061562_high_performance_210010000,AI_VECTOR_CORE,47,4085,8.960,1790766284547570.167	,1790766284547579.127	
0,_copy_conv_state_kernel,AI_VECTOR_CORE,47,4086,8.220,1790766284547579.147	,1790766284547587.367	
0,Slice_ee29dafe4fe21e12bb8d56ae91626cba_high_performance_524000000,AI_VECTOR_CORE,47,4087,6.780,1790766284547587.407	,1790766284547594.187	
0,CausalConv1d_b0123b7fae3057c534dbb03661977c42_22,MIX_AIC,47,4088,50.841,1790766284547595.487	,1790766284547646.328	
0,_copy_conv_state_kernel,AI_VECTOR_CORE,47,4089,7.380,1790766284547647.168	,1790766284547654.548	
0,ZerosLike_1c4543fdfe7149b6b0717bd88f061562_high_performance_210010000,AI_VECTOR_CORE,47,4090,8.060,1790766284547654.568	,1790766284547662.628	
0,_gather_initial_states_kernel,AI_VECTOR_CORE,47,4091,8.920,1790766284547662.668	,1790766284547671.589	
0,Slice_ee29dafe4fe21e12bb8d56ae91626cba_high_performance_524000000,AI_VECTOR_CORE,47,4092,2.760,1790766284547671.609	,1790766284547674.369	
0,Cast_b2717900ea7de2d41ea9c63d23aa269b_high_performance_210000000,AI_VECTOR_CORE,47,4093,2.780,1790766284547674.389	,1790766284547677.169	
0,Sigmoid_5c5e58e043224cccf51a06108010ae13_high_precision_210000000,AI_VECTOR_CORE,47,4094,2.780,1790766284547677.189	,1790766284547679.969	
0,Slice_ee29dafe4fe21e12bb8d56ae91626cba_high_performance_524000000,AI_VECTOR_CORE,47,4095,5.000,1790766284547679.989	,1790766284547684.989	
0,l2norm_fwd_kernel2,AI_VECTOR_CORE,47,4096,11.900,1790766284547956.254	,1790766284547968.154	
0,Slice_ee29dafe4fe21e12bb8d56ae91626cba_high_performance_524000000,AI_VECTOR_CORE,47,4097,4.880,1790766284548058.436	,1790766284548063.316	
0,l2norm_fwd_kernel2,AI_VECTOR_CORE,47,4098,6.880,1790766284548328.922	,1790766284548335.802	
0,Slice_ee29dafe4fe21e12bb8d56ae91626cba_high_performance_524000000,AI_VECTOR_CORE,47,4099,4.940,1790766284548455.844	,1790766284548460.784	
0,Transpose_9a632dc5b6be9e1b4215e3cf2b1aff0d_high_performance_13,AI_VECTOR_CORE,47,4100,11.620,1790766284548727.190	,1790766284548738.810	
0,Transpose_9a632dc5b6be9e1b4215e3cf2b1aff0d_high_performance_13,AI_VECTOR_CORE,47,4101,13.160,1790766284548738.850	,1790766284548752.010	
0,ChunkKdaFwd_5e864108d5688e456abb78f238c67b16_2,MIX_AIC,47,4102,4135.702,1790766284548753.170	,1790766284552888.873	
0,Transpose_9a632dc5b6be9e1b4215e3cf2b1aff0d_high_performance_13,AI_VECTOR_CORE,47,4103,13.720,1790766284552890.173	,1790766284552903.893	
0,ScatterNdUpdate_float32_int32_high_precision_11,MIX_AIV,47,4104,54.341,1790766284552905.113	,1790766284552959.454	
0,TensorMove_d2db1a80c523e7e59a032c95969880af_high_performance__kernel0,AI_VECTOR_CORE,47,4105,7.800,1790766284552960.614	,1790766284552968.414	
0,layer_norm_gated_fwd_kernel,AI_VECTOR_CORE,47,4106,22.280,1790766284552968.434	,1790766284552990.715	
0,MatMulV2_ND_ND_FP16_FP16_false_true_all_98513,AI_CORE,47,4107,78.301,1790766284552990.735	,1790766284553069.036	
0,HcPost_d2fe6614722b27afa6f8d964c215447e_0,AI_VECTOR_CORE,47,4108,23.880,1790766284553069.076	,1790766284553092.957	
0,HcPre_6c9f0fa710253eff38b1c0e6be6a67be_0,MIX_AIC,47,4109,64.081,1790766284553093.897	,1790766284553157.978	
0,RmsNorm_normal_all_bf16_high_performance_0,AI_VECTOR_CORE,47,4110,11.400,1790766284553159.178	,1790766284553170.578	
0,MatMulV2_ND_ND_FP16_FP16_false_true_all_98513,AI_CORE,47,4111,308.366,1790766284553170.598	,1790766284553478.965	
0,Slice_ee29dafe4fe21e12bb8d56ae91626cba_high_performance_524000000,AI_VECTOR_CORE,47,4112,6.840,1790766284553478.985	,1790766284553485.825	
0,ClipByValueV2_e87c9546cf2804355cf0d9445a2db01a_high_performance_220010000,AI_VECTOR_CORE,47,4113,31.300,1790766284553485.845	,1790766284553517.145	
0,Slice_ee29dafe4fe21e12bb8d56ae91626cba_high_performance_524000000,AI_VECTOR_CORE,47,4114,5.740,1790766284553517.165	,1790766284553522.905	
0,ClipByValueV2_e87c9546cf2804355cf0d9445a2db01a_high_performance_220010000,AI_VECTOR_CORE,47,4115,31.840,1790766284553522.945	,1790766284553554.786	
0,Muls_299cf4d7f9ef0f745d89d88c666b45aa_high_performance_210010000,AI_VECTOR_CORE,47,4116,9.020,1790766284553554.826	,1790766284553563.846	
0,Sigmoid_1c4543fdfe7149b6b0717bd88f061562_high_precision_210010000,AI_VECTOR_CORE,47,4117,10.900,1790766284553563.866	,1790766284553574.767	
0,Mul_ce3d1ff8ba23a0bcb292da3577c1625d_high_performance_210020000,AI_VECTOR_CORE,47,4118,12.820,1790766284553574.787	,1790766284553587.607	
0,Add_ce3d1ff8ba23a0bcb292da3577c1625d_high_performance_223010000,AI_VECTOR_CORE,47,4119,10.640,1790766284553587.627	,1790766284553598.267	
0,Mul_ce3d1ff8ba23a0bcb292da3577c1625d_high_performance_210020000,AI_VECTOR_CORE,47,4120,6.200,1790766284553598.287	,1790766284553604.487	
0,MatMulV2_ND_ND_FP16_FP16_false_true_all_98513,AI_CORE,47,4121,115.182,1790766284553604.527	,1790766284553719.709	
0,HcPost_d2fe6614722b27afa6f8d964c215447e_0,AI_VECTOR_CORE,47,4122,23.400,1790766284553719.729	,1790766284553743.130	
0,HcPre_6c9f0fa710253eff38b1c0e6be6a67be_0,MIX_AIC,47,4123,65.241,1790766284553744.350	,1790766284553809.591	
0,RmsNorm_normal_all_bf16_high_performance_0,AI_VECTOR_CORE,47,4124,11.100,1790766284553810.831	,1790766284553821.931	
0,MatMulV2_ND_ND_FP16_FP16_false_true_all_98513,AI_CORE,47,4125,22.760,1790766284553821.951	,1790766284553844.712	
0,Slice_ee29dafe4fe21e12bb8d56ae91626cba_high_performance_524000000,AI_VECTOR_CORE,47,4126,2.840,1790766284553844.732	,1790766284553847.572	
0,RmsNorm_normal_all_bf16_high_performance_2,AI_VECTOR_CORE,47,4127,11.780,1790766284553847.612	,1790766284553859.392	
0,Slice_ee29dafe4fe21e12bb8d56ae91626cba_high_performance_524000000,AI_VECTOR_CORE,47,4128,1.920,1790766284553859.412	,1790766284553861.332	
0,RmsNorm_normal_all_bf16_high_performance_2,AI_VECTOR_CORE,47,4129,6.940,1790766284553861.352	,1790766284553868.292	
0,ScatterNdUpdate_bfloat16_int32_high_precision_11,MIX_AIV,47,4130,34.800,1790766284553869.752	,1790766284553904.553	
0,MatMulV2_ND_ND_FP16_FP16_false_true_all_98513,AI_CORE,47,4131,72.741,1790766284553905.733	,1790766284553978.475	
0,TransposeBatchMatMul_ND_ND_ND_ND_ND_BF16_BF16_BF16_INT64_BF16_high_performance_32,AI_CORE,47,4132,33.400,1790766284553978.495	,1790766284554011.895	
0,Cast_b2717900ea7de2d41ea9c63d23aa269b_high_performance_210000000,AI_VECTOR_CORE,47,4133,7.480,1790766284554011.915	,1790766284554019.395	
0,MatMulV2_ND_ND_FP32_FP32_false_true_all_65745,AI_CORE,47,4134,34.480,1790766284554019.415	,1790766284554053.896	
0,Slice_82e6b4faea71b451f217d7ea57c08012_high_performance_524000000,AI_VECTOR_CORE,47,4135,2.940,1790766284554053.916	,1790766284554056.856	
0,LayerNormV3_23ae115d70bd435e4cb966a52be97b55_high_precision_1600400500,AI_VECTOR_CORE,47,4136,16.560,1790766284554056.876	,1790766284554073.436	
0,MatMulV2_ND_ND_FP32_FP32_false_true_all_65745,AI_CORE,47,4137,29.220,1790766284554073.476	,1790766284554102.697	
0,MatMulV2_ND_ND_FP16_FP16_false_true_all_98513,AI_CORE,47,4138,19.960,1790766284554102.717	,1790766284554122.677	
0,Slice_82e6b4faea71b451f217d7ea57c08012_high_performance_524000000,AI_VECTOR_CORE,47,4139,2.320,1790766284554122.697	,1790766284554125.018	
0,Cast_9f288b80370c6545ffe8cef142d37f5c_high_performance_210000000,AI_VECTOR_CORE,47,4140,2.060,1790766284554125.038	,1790766284554127.098	
0,Muls_299cf4d7f9ef0f745d89d88c666b45aa_high_performance_210000000,AI_VECTOR_CORE,47,4141,1.880,1790766284554127.118	,1790766284554128.998	
0,_glm5_next_kpool_tail_compress_kernel,AI_VECTOR_CORE,47,4142,17.020,1790766284554311.381	,1790766284554328.402	
0,_store_kpool_tail_kernel,AI_VECTOR_CORE,47,4143,3.320,1790766284554581.407	,1790766284554584.727	
0,_gather_pool_cache,AI_VECTOR_CORE,47,4144,2.980,1790766284554984.215	,1790766284554987.195	
0,Cast_b2717900ea7de2d41ea9c63d23aa269b_high_performance_210000000,AI_VECTOR_CORE,47,4145,5.920,1790766284555102.657	,1790766284555108.577	
0,Cast_b2717900ea7de2d41ea9c63d23aa269b_high_performance_210000000,AI_VECTOR_CORE,47,4146,1.280,1790766284555168.698	,1790766284555169.978	
0,Mul_ee98c6628030785f610b924ab1557b31_high_performance_212000001,AI_VECTOR_CORE,47,4147,13.380,1790766284555224.139	,1790766284555237.520	
0,ReduceSum_7a09f5b7af4126487a7f726a9aac7548_high_performance_10000000900,MIX_AIV,47,4148,10.740,1790766284555288.241	,1790766284555298.981	
0,_glm5_next_lightning_indexer_score_kernel,AI_VECTOR_CORE,47,4149,17.440,1790766284555627.268	,1790766284555644.708	
0,TopKV2_5c671486fda0d949d7cba9a9754bc2dd_high_performance_2017612701781458944,MIX_AIV,47,4150,26.900,1790766284555732.090	,1790766284555758.990	
0,Cast_e87590d11ccda8b259ab6b1ea7212319_high_performance_210000000,AI_VECTOR_CORE,47,4151,2.680,1790766284555760.110	,1790766284555762.790	
0,Cast_39a266ce9a8d7d9ead33f6686e936b72_high_performance_210000000,AI_VECTOR_CORE,47,4152,2.960,1790766284555804.231	,1790766284555807.191	
0,_expand_pool_indices,AI_VECTOR_CORE,47,4153,159.303,1790766284556077.237	,1790766284556236.540	
0,Slice_b9b91ad79a469f7fcff72949705be0f9_high_performance_521000000,AI_VECTOR_CORE,47,4154,6.580,1790766284556578.627	,1790766284556585.207	
0,SparseFlashAttention_2e25ad8fefac1f04c03bd78f2d2ab366_1158,MIX_AIC,47,4155,63.961,1790766284556615.847	,1790766284556679.809	
0,TransposeBatchMatMul_ND_ND_ND_ND_ND_BF16_BF16_BF16_INT64_BF16_high_performance_32,AI_CORE,47,4156,23.660,1790766284556681.189	,1790766284556704.849	
0,MatMulV2_ND_ND_FP16_FP16_false_true_all_98513,AI_CORE,47,4157,174.983,1790766284556900.293	,1790766284557075.276	
0,TensorMove_d2db1a80c523e7e59a032c95969880af_high_performance__kernel0,AI_VECTOR_CORE,47,4158,7.440,1790766284557075.316	,1790766284557082.757	
0,HcPost_d2fe6614722b27afa6f8d964c215447e_0,AI_VECTOR_CORE,47,4159,24.520,1790766284557208.979	,1790766284557233.500	
0,HcPre_6c9f0fa710253eff38b1c0e6be6a67be_0,MIX_AIC,47,4160,67.921,1790766284557394.063	,1790766284557461.984	
0,RmsNorm_normal_all_bf16_high_performance_0,AI_VECTOR_CORE,47,4161,10.680,1790766284557500.905	,1790766284557511.585	
0,N/A,EVENT_RECORD,47,4162,0.020,1790766284557931.594	,1790766284557931.614	
0,Cast_b2717900ea7de2d41ea9c63d23aa269b_high_performance_210000000,AI_VECTOR_CORE,47,4163,7.720,1790766284558082.237	,1790766284558089.957	
0,MatMulV2_ND_ND_FP32_FP32_false_true_all_65665,AI_CORE,47,4164,7.900,1790766284558157.598	,1790766284558165.498	
0,N/A,EVENT_RECORD,47,4165,0.020,1790766284558334.702	,1790766284558334.722	
0,MoeGatingTopK_81369a2fa0455f39b5d19d432d261f57_1,AI_VECTOR_CORE,47,4166,11.780,1790766284558671.368	,1790766284558683.149	
0,N/A,EVENT_RECORD,47,4167,0.000,1790766284558996.995	,1790766284558996.995	
0,MoeInitRoutingV3_4ca8d2d329b4477b44dd2ee885849b12_2100000,MIX_AIV,47,4168,31.520,1790766284559219.679	,1790766284559251.200	
0,GroupedMatmul_0d2d43751f81d7f29646a862147967c9_68885275,MIX_AIC,47,4169,222.424,1790766284559449.044	,1790766284559671.468	
0,Slice_ee29dafe4fe21e12bb8d56ae91626cba_high_performance_524000000,AI_VECTOR_CORE,47,4170,8.020,1790766284559672.468	,1790766284559680.489	
0,ClipByValueV2_e87c9546cf2804355cf0d9445a2db01a_high_performance_220010000,AI_VECTOR_CORE,47,4171,42.440,1790766284559680.529	,1790766284559722.969	
0,ViewCopy_7778b2d0a2938f9247cc0c9f84559eb2_high_performance__kernel0,AI_VECTOR_CORE,47,4172,12.820,1790766284559722.989	,1790766284559735.810	
0,Slice_ee29dafe4fe21e12bb8d56ae91626cba_high_performance_524000000,AI_VECTOR_CORE,47,4173,8.080,1790766284559735.830	,1790766284559743.910	
0,ClipByValueV2_e87c9546cf2804355cf0d9445a2db01a_high_performance_220010000,AI_VECTOR_CORE,47,4174,42.200,1790766284559743.950	,1790766284559786.151	
0,ViewCopy_7778b2d0a2938f9247cc0c9f84559eb2_high_performance__kernel0,AI_VECTOR_CORE,47,4175,12.840,1790766284559786.171	,1790766284559799.011	
0,SwiGlu_3_high_performance_27,AI_VECTOR_CORE,47,4176,19.680,1790766284559799.031	,1790766284559818.711	
0,N/A,EVENT_RECORD,47,4177,0.020,1790766284559913.673	,1790766284559913.693	
0,GroupedMatmul_0d2d43751f81d7f29646a862147967c9_68885275,MIX_AIC,47,4178,109.182,1790766284560103.017	,1790766284560212.199	
0,N/A,EVENT_RECORD,47,4179,0.020,1790766284560309.001	,1790766284560309.021	
0,Cast_9f288b80370c6545ffe8cef142d37f5c_high_performance_210000000,AI_VECTOR_CORE,47,4180,1.300,1790766284560465.484	,1790766284560466.784	
0,Abs_8098b79498645e9c0da095babdeaf862_high_performance_210000000,AI_VECTOR_CORE,47,4181,1.600,1790766284560521.325	,1790766284560522.925	
0,MoeTokenUnpermute_6dd49246dc9576d3314234df69cb5c22_1,AI_VECTOR_CORE,47,4182,15.720,1790766284560661.748	,1790766284560677.468	
0,MatMulV2_ND_ND_FP16_FP16_false_true_all_98513,AI_CORE,47,4183,42.980,1790766284560984.895	,1790766284561027.875	
0,Slice_ee29dafe4fe21e12bb8d56ae91626cba_high_performance_524000000,AI_VECTOR_CORE,47,4184,3.100,1790766284561129.997	,1790766284561133.098	
0,ClipByValueV2_e87c9546cf2804355cf0d9445a2db01a_high_performance_220000000,AI_VECTOR_CORE,47,4185,11.540,1790766284561133.118	,1790766284561144.658	
0,Slice_ee29dafe4fe21e12bb8d56ae91626cba_high_performance_524000000,AI_VECTOR_CORE,47,4186,3.180,1790766284561206.219	,1790766284561209.399	
0,ClipByValueV2_e87c9546cf2804355cf0d9445a2db01a_high_performance_220000000,AI_VECTOR_CORE,47,4187,8.620,1790766284561209.419	,1790766284561218.039	
0,Muls_299cf4d7f9ef0f745d89d88c666b45aa_high_performance_210000000,AI_VECTOR_CORE,47,4188,7.700,1790766284561273.880	,1790766284561281.580	
0,Sigmoid_1c4543fdfe7149b6b0717bd88f061562_high_precision_210000000,AI_VECTOR_CORE,47,4189,9.200,1790766284561312.521	,1790766284561321.721	
0,Mul_ce3d1ff8ba23a0bcb292da3577c1625d_high_performance_210020000,AI_VECTOR_CORE,47,4190,9.860,1790766284561345.942	,1790766284561355.802	
0,Add_ce3d1ff8ba23a0bcb292da3577c1625d_high_performance_223000000,AI_VECTOR_CORE,47,4191,7.300,1790766284561407.803	,1790766284561415.103	
0,Mul_ce3d1ff8ba23a0bcb292da3577c1625d_high_performance_210020000,AI_VECTOR_CORE,47,4192,4.100,1790766284561443.884	,1790766284561447.984	
0,MatMulV2_ND_ND_FP16_FP16_false_true_all_98513,AI_CORE,47,4193,22.280,1790766284561617.827	,1790766284561640.108	
0,ForeachAddList_c73cb8f503197be65eaf63148ad48de4_high_performance_4,AI_VECTOR_CORE,47,4194,14.860,1790766284561902.053	,1790766284561916.913	
0,HcPost_d2fe6614722b27afa6f8d964c215447e_0,AI_VECTOR_CORE,47,4195,21.100,1790766284562191.479	,1790766284562212.579	
0,ReduceMean_9a2479d4dc5148645cb3f4b9e765c637_high_precision_100900,MIX_AIV,47,4196,18.040,1790766284562280.460	,1790766284562298.501	
0,RmsNorm_normal_all_bf16_high_performance_0,AI_VECTOR_CORE,47,4197,10.780,1790766284562442.544	,1790766284562453.324	
0,IndexCheck_int32_high_performance_1,AI_VECTOR_CORE,47,4198,3.140,1790766284562627.047	,1790766284562630.187	
0,Index_b1b18d29d34a3b544b5bb6b3f56177c3_high_performance__kernel0,AI_VECTOR_CORE,47,4199,8.360,1790766284562630.207	,1790766284562638.568	
0,MatMulV2_ND_ND_FP16_FP16_false_true_all_98499,AI_CORE,47,4200,966.719,1790766284562806.731	,1790766284563773.450	
0,Cast_b2717900ea7de2d41ea9c63d23aa269b_high_performance_210000000,AI_VECTOR_CORE,47,4201,7.360,1790766284563773.470	,1790766284563780.830	
0,LogSoftmaxV2_291664ae3e88b38b8b46c2efbbea27c9_high_precision_400001,AI_VECTOR_CORE,47,4202,44.040,1790766284563780.870	,1790766284563824.911	
0,Cast_b2717900ea7de2d41ea9c63d23aa269b_high_performance_210000000,AI_VECTOR_CORE,47,4203,2.800,1790766284563824.951	,1790766284563827.751	
0,ArgMaxV2_4402011f777d6374ab9f6425cb5984c4_high_performance_3,AI_VECTOR_CORE,47,4204,19.040,1790766284563827.771	,1790766284563846.812	
0,Cast_e87590d11ccda8b259ab6b1ea7212319_high_performance_210000000,AI_VECTOR_CORE,47,4205,1.340,1790766284563846.852	,1790766284563848.192	
0,TopKV2_5c671486fda0d949d7cba9a9754bc2dd_high_performance_2017612907941986305,MIX_AIV,47,4206,19.080,1790766284563849.152	,1790766284563868.232	
0,TopKV2_5c671486fda0d949d7cba9a9754bc2dd_high_performance_2017612701781458944,MIX_AIV,47,4207,4.080,1790766284563871.092	,1790766284563875.172	
0,GatherElements_8b4ec10fbb39c5c0a65192c606400b29_high_performance__kernel0,AI_VECTOR_CORE,47,4208,8.720,1790766284563875.932	,1790766284563884.653	
0,Cast_e87590d11ccda8b259ab6b1ea7212319_high_performance_210000000,AI_VECTOR_CORE,47,4209,1.020,1790766284563884.673	,1790766284563885.693	
0,Cast_39a266ce9a8d7d9ead33f6686e936b72_high_performance_210000000,AI_VECTOR_CORE,47,4210,1.980,1790766284563885.713	,1790766284563887.693	
0,GatherElementsV2_fp32_high_performance_2,AI_VECTOR_CORE,47,4211,3.860,1790766284563887.713	,1790766284563891.573	
0,GreaterEqual_3efaad932f458d7892fdb0715ec85b2b_high_performance_223000000,AI_VECTOR_CORE,47,4212,8.580,1790766284563891.593	,1790766284563900.173	
0,Cast_df2b778f1b80e749bd4242386ec57ab9_high_performance_210000000,AI_VECTOR_CORE,47,4213,6.680,1790766284563900.193	,1790766284563906.873	
0,ReduceSum_7a09f5b7af4126487a7f726a9aac7548_high_performance_110001000400,MIX_AIV,47,4214,20.040,1790766284563908.073	,1790766284563928.113	
0,Cast_c6738f795430c3c6f09cdc8d52a1b43d_high_performance_210000000,AI_VECTOR_CORE,47,4215,1.320,1790766284563929.433	,1790766284563930.753	
0,ConcatD_0d745295987e1c668b2ec8b2844aeada_high_performance_3000001,AI_VECTOR_CORE,47,4216,2.620,1790766284563930.773	,1790766284563933.393	
0,ConcatD_233851a3505389e43928a8bba133a74d_high_performance_3000001,AI_VECTOR_CORE,47,4217,2.140,1790766284563933.413	,1790766284563935.554	
0,Cast_39a266ce9a8d7d9ead33f6686e936b72_high_performance_210000000,AI_VECTOR_CORE,47,4218,1.560,1790766284563935.574	,1790766284563937.134	
0,Cast_39a266ce9a8d7d9ead33f6686e936b72_high_performance_210000000,AI_VECTOR_CORE,47,4219,1.360,1790766284564008.395	,1790766284564009.755	
0,N/A,EVENT_RECORD,47,4220,0.020,1790766284564220.939	,1790766284564220.959	
0,N/A,EVENT_WAIT,39,25,0.020,1790766284564656.348	,1790766284564656.368	
0,N/A,EVENT_RECORD,47,4221,0.020,1790766284564968.054	,1790766284564968.074	
0,N/A,EVENT_WAIT,45,247,0.020,1790766284565066.556	,1790766284565066.576	
0,N/A,MEMCPY_ASYNC,45,248,1.840,1790766284565239.360	,1790766284565241.200	
0,N/A,MEMCPY_ASYNC,45,249,1.900,1790766284565285.780	,1790766284565287.681	
0,N/A,MEMCPY_ASYNC,45,250,1.880,1790766284565327.361	,1790766284565329.241	
0,N/A,MEMCPY_ASYNC,45,251,1.860,1790766284565367.582	,1790766284565369.442	
0,N/A,EVENT_RECORD,45,252,0.020,1790766284565569.646	,1790766284565569.666	
0,N/A,MEMCPY_ASYNC,47,4222,2.260,1790766284567395.803	,1790766284567398.063	
0,N/A,MEMCPY_ASYNC,47,4223,2.200,1790766284567463.324	,1790766284567465.524	
0,N/A,MEMCPY_ASYNC,47,4224,2.200,1790766284567566.026	,1790766284567568.226	
0,N/A,MEMCPY_ASYNC,47,4225,2.240,1790766284567618.467	,1790766284567620.707	
0,N/A,MEMCPY_ASYNC,47,4226,2.220,1790766284567691.789	,1790766284567694.009	
0,N/A,MEMCPY_ASYNC,47,4227,2.200,1790766284568020.195	,1790766284568022.395	
0,N/A,MEMCPY_ASYNC,47,4228,2.220,1790766284568227.979	,1790766284568230.199	
0,N/A,MEMCPY_ASYNC,47,4229,2.180,1790766284568277.160	,1790766284568279.340	
0,Fill_1fbc7ee619b707282bbfd034093621df_high_performance_223000000,AI_VECTOR_CORE,47,4230,1.440,1790766284568470.644	,1790766284568472.084	
0,N/A,MEMCPY_ASYNC,47,4231,2.260,1790766284568601.787	,1790766284568604.047	
0,N/A,MEMCPY_ASYNC,47,4232,0.600,1790766284568768.070	,1790766284568768.670	
0,N/A,MEMCPY_ASYNC,47,4233,2.760,1790766284569063.576	,1790766284569066.336	
0,Fill_1fbc7ee619b707282bbfd034093621df_high_performance_223000000,AI_VECTOR_CORE,47,4234,1.340,1790766284569086.016	,1790766284569087.356	
0,N/A,MEMCPY_ASYNC,47,4235,2.220,1790766284569141.898	,1790766284569144.118	
0,N/A,MEMCPY_ASYNC,47,4236,2.360,1790766284569235.699	,1790766284569238.059	
0,N/A,MEMCPY_ASYNC,47,4237,2.540,1790766284569321.981	,1790766284569324.521	
0,N/A,MEMCPY_ASYNC,47,4238,2.260,1790766284569406.803	,1790766284569409.063	
0,IndexCheck_int64_high_performance_0,AI_VECTOR_CORE,47,4239,12.320,1790766284569525.845	,1790766284569538.165	
0,Index_f34e8f0e5e2c96109aa0460550023804_high_performance__kernel0,AI_VECTOR_CORE,47,4240,9.680,1790766284569538.205	,1790766284569547.886	
0,Cast_e87590d11ccda8b259ab6b1ea7212319_high_performance_210000000,AI_VECTOR_CORE,47,4241,1.260,1790766284569608.387	,1790766284569609.647	
0,Add_41dadce325b0f810d03359af2a38990b_high_performance_210000000,AI_VECTOR_CORE,47,4242,3.040,1790766284569667.308	,1790766284569670.348	
0,N/A,MEMCPY_ASYNC,47,4243,0.580,1790766284569776.850	,1790766284569777.430	
0,Add_9342884c99c006e21fc9d5d9260b8bef_high_performance_210000000,AI_VECTOR_CORE,47,4244,1.560,1790766284569836.331	,1790766284569837.891	
0,N/A,MEMCPY_ASYNC,47,4245,0.580,1790766284569932.953	,1790766284569933.533	
0,Fill_1fbc7ee619b707282bbfd034093621df_high_performance_210000000,AI_VECTOR_CORE,47,4246,1.700,1790766284569987.034	,1790766284569988.734	
0,_compute_slot_mapping_fused_groups_adaptive_kernel,AI_VECTOR_CORE,47,4247,21.960,1790766284570400.463	,1790766284570422.423	
0,Sub_9342884c99c006e21fc9d5d9260b8bef_high_performance_223000000,AI_VECTOR_CORE,47,4248,1.480,1790766284570543.506	,1790766284570544.986	
0,Cast_e87590d11ccda8b259ab6b1ea7212319_high_performance_210000000,AI_VECTOR_CORE,47,4249,1.220,1790766284571691.148	,1790766284571692.369	
0,FloorDiv_41dadce325b0f810d03359af2a38990b_high_performance_223000000,AI_VECTOR_CORE,47,4250,5.440,1790766284571692.949	,1790766284571698.389	
0,Cast_39a266ce9a8d7d9ead33f6686e936b72_high_performance_210000000,AI_VECTOR_CORE,47,4251,1.400,1790766284571698.409	,1790766284571699.809	
0,N/A,MEMCPY_ASYNC,47,4252,0.600,1790766284571853.052	,1790766284571853.652	
0,Cast_e87590d11ccda8b259ab6b1ea7212319_high_performance_210000000,AI_VECTOR_CORE,47,4253,1.280,1790766284571948.294	,1790766284571949.574	
0,GreaterEqual_1ea4da630f56dc1c2d6e7c9a9dd17b11_high_performance_223000000,AI_VECTOR_CORE,47,4254,3.220,1790766284571950.034	,1790766284571953.254	
0,Add_41dadce325b0f810d03359af2a38990b_high_performance_223000000,AI_VECTOR_CORE,47,4255,3.360,1790766284571990.914	,1790766284571994.275	
0,BroadcastTo_41dadce325b0f810d03359af2a38990b_high_performance_232000000,AI_VECTOR_CORE,47,4256,2.300,1790766284572053.316	,1790766284572055.616	
0,FloorMod_41dadce325b0f810d03359af2a38990b_high_precision_210000000,AI_VECTOR_CORE,47,4257,6.300,1790766284572065.056	,1790766284572071.356	
0,Equal_1ea4da630f56dc1c2d6e7c9a9dd17b11_high_performance_223000000,AI_VECTOR_CORE,47,4258,2.380,1790766284572100.117	,1790766284572102.497	
0,LogicalAnd_91d2a3cdd75d915a368582ec5f440af1_high_performance_210000000,AI_VECTOR_CORE,47,4259,1.460,1790766284572141.977	,1790766284572143.438	
0,ClipByValueV2_3bc53d14ff7dfecd0ed0c69136ab471a_high_performance_220000000,AI_VECTOR_CORE,47,4260,2.620,1790766284572196.819	,1790766284572199.439	
0,Cast_e87590d11ccda8b259ab6b1ea7212319_high_performance_210000000,AI_VECTOR_CORE,47,4261,1.320,1790766284572250.420	,1790766284572251.740	
0,FloorDiv_41dadce325b0f810d03359af2a38990b_high_performance_223000000,AI_VECTOR_CORE,47,4262,5.820,1790766284572261.940	,1790766284572267.760	
0,Cast_39a266ce9a8d7d9ead33f6686e936b72_high_performance_210000000,AI_VECTOR_CORE,47,4263,1.460,1790766284572267.800	,1790766284572269.260	
0,BroadcastTo_c71434db8135ff9089d65053721e3417_high_performance_232000000,AI_VECTOR_CORE,47,4264,1.600,1790766284572315.021	,1790766284572316.621	
0,FloorMod_9342884c99c006e21fc9d5d9260b8bef_high_precision_210000000,AI_VECTOR_CORE,47,4265,3.580,1790766284572317.281	,1790766284572320.861	
0,Mul_9342884c99c006e21fc9d5d9260b8bef_high_performance_223000000,AI_VECTOR_CORE,47,4266,1.500,1790766284572360.442	,1790766284572361.942	
0,Cast_e87590d11ccda8b259ab6b1ea7212319_high_performance_210000000,AI_VECTOR_CORE,47,4267,1.180,1790766284572466.804	,1790766284572467.984	
0,FloorDiv_41dadce325b0f810d03359af2a38990b_high_performance_223000000,AI_VECTOR_CORE,47,4268,5.660,1790766284572469.064	,1790766284572474.724	
0,Cast_39a266ce9a8d7d9ead33f6686e936b72_high_performance_210000000,AI_VECTOR_CORE,47,4269,1.660,1790766284572474.744	,1790766284572476.404	
0,Add_9342884c99c006e21fc9d5d9260b8bef_high_performance_210000000,AI_VECTOR_CORE,47,4270,1.300,1790766284572522.225	,1790766284572523.525	
0,Fill_1fbc7ee619b707282bbfd034093621df_high_performance_223000000,AI_VECTOR_CORE,47,4271,1.460,1790766284572611.547	,1790766284572613.007	
0,SelectV2_9bb0969ab50036eba4428cd9974a5c0b_high_performance_210000000,AI_VECTOR_CORE,47,4272,2.140,1790766284572664.948	,1790766284572667.088	
0,Cast_e87590d11ccda8b259ab6b1ea7212319_high_performance_210000000,AI_VECTOR_CORE,47,4273,1.180,1790766284572705.769	,1790766284572706.949	
0,Cast_e87590d11ccda8b259ab6b1ea7212319_high_performance_210000000,AI_VECTOR_CORE,47,4274,1.200,1790766284572806.751	,1790766284572807.951	
0,FloorDiv_41dadce325b0f810d03359af2a38990b_high_performance_223000000,AI_VECTOR_CORE,47,4275,1.780,1790766284572808.531	,1790766284572810.311	
0,Cast_39a266ce9a8d7d9ead33f6686e936b72_high_performance_210000000,AI_VECTOR_CORE,47,4276,1.320,1790766284572819.191	,1790766284572820.511	
0,N/A,MEMCPY_ASYNC,47,4277,0.540,1790766284572980.034	,1790766284572980.574	
0,N/A,MEMCPY_ASYNC,47,4278,0.620,1790766284573062.696	,1790766284573063.316	
0,Sub_9342884c99c006e21fc9d5d9260b8bef_high_performance_223000000,AI_VECTOR_CORE,47,4279,1.500,1790766284574083.936	,1790766284574085.436	
0,Sub_9342884c99c006e21fc9d5d9260b8bef_high_performance_210000000,AI_VECTOR_CORE,47,4280,1.420,1790766284576590.726	,1790766284576592.146	
0,Sub_9342884c99c006e21fc9d5d9260b8bef_high_performance_210000000,AI_VECTOR_CORE,47,4281,1.280,1790766284576606.647	,1790766284576607.927	
0,Cast_e87590d11ccda8b259ab6b1ea7212319_high_performance_210000000,AI_VECTOR_CORE,47,4282,1.220,1790766284576650.328	,1790766284576651.548	
0,Greater_1ea4da630f56dc1c2d6e7c9a9dd17b11_high_performance_223000000,AI_VECTOR_CORE,47,4283,3.100,1790766284576661.608	,1790766284576664.708	
0,N/A,MEMCPY_ASYNC,47,4284,0.520,1790766284576935.453	,1790766284576935.973	
0,Sub_9342884c99c006e21fc9d5d9260b8bef_high_performance_210000000,AI_VECTOR_CORE,47,4285,1.360,1790766284577001.295	,1790766284577002.655	
0,Sub_9342884c99c006e21fc9d5d9260b8bef_high_performance_223000000,AI_VECTOR_CORE,47,4286,1.680,1790766284577739.749	,1790766284577741.429	
0,Sub_9342884c99c006e21fc9d5d9260b8bef_high_performance_210000000,AI_VECTOR_CORE,47,4287,1.440,1790766284580114.457	,1790766284580115.897	
0,Sub_9342884c99c006e21fc9d5d9260b8bef_high_performance_210000000,AI_VECTOR_CORE,47,4288,1.200,1790766284580133.997	,1790766284580135.197	
0,Cast_e87590d11ccda8b259ab6b1ea7212319_high_performance_210000000,AI_VECTOR_CORE,47,4289,1.260,1790766284580157.838	,1790766284580159.098	
0,Greater_1ea4da630f56dc1c2d6e7c9a9dd17b11_high_performance_223000000,AI_VECTOR_CORE,47,4290,2.400,1790766284580159.558	,1790766284580161.958	
0,N/A,MEMCPY_ASYNC,47,4291,0.520,1790766284580410.183	,1790766284580410.703	
0,Sub_9342884c99c006e21fc9d5d9260b8bef_high_performance_210000000,AI_VECTOR_CORE,47,4292,1.220,1790766284580468.984	,1790766284580470.204	
0,Sub_9342884c99c006e21fc9d5d9260b8bef_high_performance_223000000,AI_VECTOR_CORE,47,4293,1.200,1790766284581223.059	,1790766284581224.259	
0,Sub_9342884c99c006e21fc9d5d9260b8bef_high_performance_210000000,AI_VECTOR_CORE,47,4294,1.280,1790766284583622.007	,1790766284583623.287	
0,Sub_9342884c99c006e21fc9d5d9260b8bef_high_performance_210000000,AI_VECTOR_CORE,47,4295,1.300,1790766284583637.327	,1790766284583638.627	
0,Cast_e87590d11ccda8b259ab6b1ea7212319_high_performance_210000000,AI_VECTOR_CORE,47,4296,1.160,1790766284583681.728	,1790766284583682.888	
0,Greater_1ea4da630f56dc1c2d6e7c9a9dd17b11_high_performance_223000000,AI_VECTOR_CORE,47,4297,2.520,1790766284583683.388	,1790766284583685.908	
0,N/A,MEMCPY_ASYNC,47,4298,0.500,1790766284583932.173	,1790766284583932.673	
0,Sub_9342884c99c006e21fc9d5d9260b8bef_high_performance_210000000,AI_VECTOR_CORE,47,4299,1.460,1790766284583987.774	,1790766284583989.234	
0,N/A,EVENT_RECORD,47,4300,0.020,1790766284584274.340	,1790766284584274.360	
0,Fill_279daeaf6b659300647aba3935d90048_high_performance_210000000,AI_VECTOR_CORE,47,4301,1.420,1790766284584724.129	,1790766284584725.549	
0,Cast_a9b7af94359fc7c19da07ad0790f065c_high_performance_210000000,AI_VECTOR_CORE,47,4302,1.380,1790766284584768.430	,1790766284584769.810	
0,BroadcastTo_c71434db8135ff9089d65053721e3417_high_performance_232000000,AI_VECTOR_CORE,47,4303,1.340,1790766284584769.870	,1790766284584771.210	
0,Cast_9fc020fd54590bb5fe6cf6eabcf7b473_high_performance_210000000,AI_VECTOR_CORE,47,4304,1.640,1790766284584781.730	,1790766284584783.370	
0,Fill_279daeaf6b659300647aba3935d90048_high_performance_210000000,AI_VECTOR_CORE,47,4305,1.300,1790766284584812.751	,1790766284584814.051	
0,Cast_e87590d11ccda8b259ab6b1ea7212319_high_performance_210000000,AI_VECTOR_CORE,47,4306,1.300,1790766284585057.856	,1790766284585059.156	
0,GatherV2_7869a97190b9b4d296d9414a005b954b_high_precision_900015010,AI_VECTOR_CORE,47,4307,8.920,1790766284585117.057	,1790766284585125.977	
0,BroadcastTo_7e5992d3033ef32a3463c5d198e518a1_high_performance_212100002,AI_VECTOR_CORE,47,4308,12.480,1790766284585249.699	,1790766284585262.180	
0,HcPre_6c9f0fa710253eff38b1c0e6be6a67be_0,MIX_AIC,47,4309,90.721,1790766284585493.624	,1790766284585584.346	
0,RmsNorm_normal_all_bf16_high_performance_0,AI_VECTOR_CORE,47,4310,15.540,1790766284585603.706	,1790766284585619.247	
0,MatMulV2_ND_ND_FP16_FP16_false_true_all_98514,AI_CORE,47,4311,412.628,1790766284585810.351	,1790766284586222.979	
0,Slice_ee29dafe4fe21e12bb8d56ae91626cba_high_performance_524000000,AI_VECTOR_CORE,47,4312,3.180,1790766284586222.999	,1790766284586226.179	
0,MatMulV2_ND_ND_FP16_FP16_false_true_all_98337,AI_CORE,47,4313,11.300,1790766284586226.199	,1790766284586237.499	
0,Slice_ee29dafe4fe21e12bb8d56ae91626cba_high_performance_524000000,AI_VECTOR_CORE,47,4314,2.660,1790766284586237.519	,1790766284586240.179	
0,MatMulV2_ND_ND_FP16_FP16_false_true_all_98337,AI_CORE,47,4315,9.060,1790766284586240.219	,1790766284586249.279	
0,ZerosLike_1c4543fdfe7149b6b0717bd88f061562_high_performance_210010000,AI_VECTOR_CORE,47,4316,10.780,1790766284586434.403	,1790766284586445.183	
0,_copy_conv_state_kernel,AI_VECTOR_CORE,47,4317,11.260,1790766284586835.051	,1790766284586846.311	
0,Slice_ee29dafe4fe21e12bb8d56ae91626cba_high_performance_524000000,AI_VECTOR_CORE,47,4318,9.160,1790766284587277.880	,1790766284587287.040	
0,CausalConv1d_b0123b7fae3057c534dbb03661977c42_22,MIX_AIC,47,4319,76.461,1790766284587315.401	,1790766284587391.862	
0,_copy_conv_state_kernel,AI_VECTOR_CORE,47,4320,10.180,1790766284587492.264	,1790766284587502.444	
0,ZerosLike_1c4543fdfe7149b6b0717bd88f061562_high_performance_210010000,AI_VECTOR_CORE,47,4321,8.360,1790766284587634.707	,1790766284587643.067	
0,RecurrentKda_1ac9a791ca2957b2fe0a2e96909b5782_0,AI_VECTOR_CORE,47,4322,38.860,1790766284588023.495	,1790766284588062.356	
0,Range_a32d70ed63082227463347a44bd5a08e_high_performance__kernel0,AI_VECTOR_CORE,47,4323,7.060,1790766284588098.776	,1790766284588105.836	
0,Cast_e87590d11ccda8b259ab6b1ea7212319_high_performance_210000000,AI_VECTOR_CORE,47,4324,1.500,1790766284588164.118	,1790766284588165.618	
0,Less_1ea4da630f56dc1c2d6e7c9a9dd17b11_high_performance_210000000,AI_VECTOR_CORE,47,4325,3.000,1790766284588166.198	,1790766284588169.198	
0,LogicalNot_c5fb21ce50d8471d9b8df5001b9dc9a5_high_performance_210000000,AI_VECTOR_CORE,47,4326,1.540,1790766284588268.080	,1790766284588269.620	
0,N/A,MEMCPY_ASYNC,47,4327,0.620,1790766284588403.442	,1790766284588404.062	
0,MaskedFill_56fa5818fd7054b95187cc25e525baa3_high_performance_220000000,AI_VECTOR_CORE,47,4328,3.900,1790766284588465.324	,1790766284588469.224	
0,_gather_initial_states_kernel,AI_VECTOR_CORE,47,4329,10.380,1790766284588976.534	,1790766284588986.914	
0,Slice_ee29dafe4fe21e12bb8d56ae91626cba_high_performance_524000000,AI_VECTOR_CORE,47,4330,2.680,1790766284589089.436	,1790766284589092.116	
0,Cast_b2717900ea7de2d41ea9c63d23aa269b_high_performance_210000000,AI_VECTOR_CORE,47,4331,4.080,1790766284589092.156	,1790766284589096.236	
0,Sigmoid_5c5e58e043224cccf51a06108010ae13_high_precision_210000000,AI_VECTOR_CORE,47,4332,4.040,1790766284589140.657	,1790766284589144.697	
0,Slice_ee29dafe4fe21e12bb8d56ae91626cba_high_performance_524000000,AI_VECTOR_CORE,47,4333,6.920,1790766284589197.718	,1790766284589204.638	
0,l2norm_fwd_kernel2,AI_VECTOR_CORE,47,4334,15.400,1790766284589497.724	,1790766284589513.125	
0,Slice_ee29dafe4fe21e12bb8d56ae91626cba_high_performance_524000000,AI_VECTOR_CORE,47,4335,6.460,1790766284589618.407	,1790766284589624.867	
0,l2norm_fwd_kernel2,AI_VECTOR_CORE,47,4336,10.380,1790766284589887.372	,1790766284589897.752	
0,Slice_ee29dafe4fe21e12bb8d56ae91626cba_high_performance_524000000,AI_VECTOR_CORE,47,4337,6.700,1790766284590004.954	,1790766284590011.655	
0,Transpose_9a632dc5b6be9e1b4215e3cf2b1aff0d_high_performance_13,AI_VECTOR_CORE,47,4338,13.080,1790766284590252.919	,1790766284590266.000	
0,Transpose_9a632dc5b6be9e1b4215e3cf2b1aff0d_high_performance_13,AI_VECTOR_CORE,47,4339,18.040,1790766284590266.020	,1790766284590284.060	
0,ChunkKdaFwd_5e864108d5688e456abb78f238c67b16_2,MIX_AIC,47,4340,886.217,1790766284590285.360	,1790766284591171.578	
0,Transpose_9a632dc5b6be9e1b4215e3cf2b1aff0d_high_performance_13,AI_VECTOR_CORE,47,4341,16.500,1790766284591172.818	,1790766284591189.318	
0,ScatterNdUpdate_float32_int32_high_precision_11,MIX_AIV,47,4342,101.182,1790766284591190.578	,1790766284591291.760	
0,ConcatD_ac0081dab05f1e5cef852acb8d7e866f_high_performance_4000001,AI_VECTOR_CORE,47,4343,9.440,1790766284591292.520	,1790766284591301.960	
0,TensorMove_d2db1a80c523e7e59a032c95969880af_high_performance__kernel0,AI_VECTOR_CORE,47,4344,8.740,1790766284591301.980	,1790766284591310.720	
0,layer_norm_gated_fwd_kernel,AI_VECTOR_CORE,47,4345,26.860,1790766284591310.760	,1790766284591337.621	
0,MatMulV2_ND_ND_FP16_FP16_false_true_all_98513,AI_CORE,47,4346,186.083,1790766284591337.641	,1790766284591523.725	
0,HcPost_d2fe6614722b27afa6f8d964c215447e_0,AI_VECTOR_CORE,47,4347,42.160,1790766284591550.225	,1790766284591592.386	
0,HcPre_6c9f0fa710253eff38b1c0e6be6a67be_0,MIX_AIC,47,4348,94.221,1790766284591721.069	,1790766284591815.291	
0,RmsNorm_normal_all_bf16_high_performance_0,AI_VECTOR_CORE,47,4349,13.440,1790766284591835.691	,1790766284591849.131	
0,MatMulV2_ND_ND_FP16_FP16_false_true_all_98514,AI_CORE,47,4350,503.190,1790766284592048.175	,1790766284592551.365	
0,Slice_ee29dafe4fe21e12bb8d56ae91626cba_high_performance_524000000,AI_VECTOR_CORE,47,4351,8.300,1790766284592551.385	,1790766284592559.685	
0,ClipByValueV2_e87c9546cf2804355cf0d9445a2db01a_high_performance_220010000,AI_VECTOR_CORE,47,4352,55.661,1790766284592559.725	,1790766284592615.387	
0,Slice_ee29dafe4fe21e12bb8d56ae91626cba_high_performance_524000000,AI_VECTOR_CORE,47,4353,7.080,1790766284592615.427	,1790766284592622.507	
0,ClipByValueV2_e87c9546cf2804355cf0d9445a2db01a_high_performance_220010000,AI_VECTOR_CORE,47,4354,60.941,1790766284592622.527	,1790766284592683.468	
0,Muls_299cf4d7f9ef0f745d89d88c666b45aa_high_performance_210010000,AI_VECTOR_CORE,47,4355,10.600,1790766284592683.488	,1790766284592694.088	
0,Sigmoid_1c4543fdfe7149b6b0717bd88f061562_high_precision_210010000,AI_VECTOR_CORE,47,4356,14.860,1790766284592694.128	,1790766284592708.988	
0,Mul_ce3d1ff8ba23a0bcb292da3577c1625d_high_performance_210020000,AI_VECTOR_CORE,47,4357,17.900,1790766284592709.008	,1790766284592726.909	
0,Add_ce3d1ff8ba23a0bcb292da3577c1625d_high_performance_223010000,AI_VECTOR_CORE,47,4358,13.080,1790766284592726.929	,1790766284592740.009	
0,Mul_ce3d1ff8ba23a0bcb292da3577c1625d_high_performance_210020000,AI_VECTOR_CORE,47,4359,10.300,1790766284592740.049	,1790766284592750.349	
0,MatMulV2_ND_ND_FP16_FP16_false_true_all_98513,AI_CORE,47,4360,249.004,1790766284592750.369	,1790766284592999.374	
0,HcPost_d2fe6614722b27afa6f8d964c215447e_0,AI_VECTOR_CORE,47,4361,34.360,1790766284592999.414	,1790766284593033.775	
0,HcPre_6c9f0fa710253eff38b1c0e6be6a67be_0,MIX_AIC,47,4362,90.421,1790766284593122.657	,1790766284593213.078	
0,RmsNorm_normal_all_bf16_high_performance_0,AI_VECTOR_CORE,47,4363,13.820,1790766284593231.919	,1790766284593245.739	
0,MatMulV2_ND_ND_FP16_FP16_false_true_all_98514,AI_CORE,47,4364,424.368,1790766284593405.302	,1790766284593829.671	
0,Slice_ee29dafe4fe21e12bb8d56ae91626cba_high_performance_524000000,AI_VECTOR_CORE,47,4365,2.860,1790766284593829.691	,1790766284593832.551	
0,MatMulV2_ND_ND_FP16_FP16_false_true_all_98337,AI_CORE,47,4366,12.240,1790766284593832.571	,1790766284593844.811	
0,Slice_ee29dafe4fe21e12bb8d56ae91626cba_high_performance_524000000,AI_VECTOR_CORE,47,4367,2.680,1790766284593844.831	,1790766284593847.511	
0,MatMulV2_ND_ND_FP16_FP16_false_true_all_98337,AI_CORE,47,4368,8.560,1790766284593847.531	,1790766284593856.091	
0,ZerosLike_1c4543fdfe7149b6b0717bd88f061562_high_performance_210010000,AI_VECTOR_CORE,47,4369,12.260,1790766284594004.134	,1790766284594016.395	
0,_copy_conv_state_kernel,AI_VECTOR_CORE,47,4370,11.120,1790766284594351.241	,1790766284594362.361	
0,Slice_ee29dafe4fe21e12bb8d56ae91626cba_high_performance_524000000,AI_VECTOR_CORE,47,4371,9.500,1790766284594744.629	,1790766284594754.129	
0,CausalConv1d_b0123b7fae3057c534dbb03661977c42_22,MIX_AIC,47,4372,76.401,1790766284594786.890	,1790766284594863.291	
0,_copy_conv_state_kernel,AI_VECTOR_CORE,47,4373,10.280,1790766284594993.194	,1790766284595003.474	
0,ZerosLike_1c4543fdfe7149b6b0717bd88f061562_high_performance_210010000,AI_VECTOR_CORE,47,4374,7.200,1790766284595137.497	,1790766284595144.697	
0,RecurrentKda_1ac9a791ca2957b2fe0a2e96909b5782_0,AI_VECTOR_CORE,47,4375,31.580,1790766284595473.264	,1790766284595504.844	
0,Range_a32d70ed63082227463347a44bd5a08e_high_performance__kernel0,AI_VECTOR_CORE,47,4376,6.940,1790766284595547.965	,1790766284595554.905	
0,Cast_e87590d11ccda8b259ab6b1ea7212319_high_performance_210000000,AI_VECTOR_CORE,47,4377,1.460,1790766284595616.887	,1790766284595618.347	
0,Less_1ea4da630f56dc1c2d6e7c9a9dd17b11_high_performance_210000000,AI_VECTOR_CORE,47,4378,2.940,1790766284595618.447	,1790766284595621.387	
0,LogicalNot_c5fb21ce50d8471d9b8df5001b9dc9a5_high_performance_210000000,AI_VECTOR_CORE,47,4379,1.460,1790766284595693.768	,1790766284595695.228	
0,N/A,MEMCPY_ASYNC,47,4380,0.620,1790766284595815.550	,1790766284595816.170	
0,MaskedFill_56fa5818fd7054b95187cc25e525baa3_high_performance_220000000,AI_VECTOR_CORE,47,4381,3.960,1790766284595838.191	,1790766284595842.151	
0,_gather_initial_states_kernel,AI_VECTOR_CORE,47,4382,10.440,1790766284596260.639	,1790766284596271.080	
0,Slice_ee29dafe4fe21e12bb8d56ae91626cba_high_performance_524000000,AI_VECTOR_CORE,47,4383,2.860,1790766284596362.661	,1790766284596365.521	
0,Cast_b2717900ea7de2d41ea9c63d23aa269b_high_performance_210000000,AI_VECTOR_CORE,47,4384,4.020,1790766284596365.541	,1790766284596369.562	
0,Sigmoid_5c5e58e043224cccf51a06108010ae13_high_precision_210000000,AI_VECTOR_CORE,47,4385,4.100,1790766284596404.962	,1790766284596409.062	
0,Slice_ee29dafe4fe21e12bb8d56ae91626cba_high_performance_524000000,AI_VECTOR_CORE,47,4386,7.440,1790766284596499.244	,1790766284596506.684	
0,l2norm_fwd_kernel2,AI_VECTOR_CORE,47,4387,15.260,1790766284596810.790	,1790766284596826.051	
0,Slice_ee29dafe4fe21e12bb8d56ae91626cba_high_performance_524000000,AI_VECTOR_CORE,47,4388,6.500,1790766284596948.693	,1790766284596955.193	
0,l2norm_fwd_kernel2,AI_VECTOR_CORE,47,4389,10.280,1790766284597202.638	,1790766284597212.918	
0,Slice_ee29dafe4fe21e12bb8d56ae91626cba_high_performance_524000000,AI_VECTOR_CORE,47,4390,6.860,1790766284597315.560	,1790766284597322.421	
0,Transpose_9a632dc5b6be9e1b4215e3cf2b1aff0d_high_performance_13,AI_VECTOR_CORE,47,4391,13.020,1790766284597564.105	,1790766284597577.126	
0,Transpose_9a632dc5b6be9e1b4215e3cf2b1aff0d_high_performance_13,AI_VECTOR_CORE,47,4392,15.160,1790766284597577.166	,1790766284597592.326	
0,ChunkKdaFwd_5e864108d5688e456abb78f238c67b16_2,MIX_AIC,47,4393,886.997,1790766284597593.346	,1790766284598480.344	
0,Transpose_9a632dc5b6be9e1b4215e3cf2b1aff0d_high_performance_13,AI_VECTOR_CORE,47,4394,17.080,1790766284598481.684	,1790766284598498.764	
0,ScatterNdUpdate_float32_int32_high_precision_11,MIX_AIV,47,4395,101.982,1790766284598500.064	,1790766284598602.046	
0,ConcatD_ac0081dab05f1e5cef852acb8d7e866f_high_performance_4000001,AI_VECTOR_CORE,47,4396,9.160,1790766284598603.206	,1790766284598612.366	
0,TensorMove_d2db1a80c523e7e59a032c95969880af_high_performance__kernel0,AI_VECTOR_CORE,47,4397,8.780,1790766284598612.386	,1790766284598621.167	
0,layer_norm_gated_fwd_kernel,AI_VECTOR_CORE,47,4398,27.340,1790766284598621.187	,1790766284598648.527	
0,MatMulV2_ND_ND_FP16_FP16_false_true_all_98513,AI_CORE,47,4399,183.283,1790766284598648.547	,1790766284598831.831	
0,HcPost_d2fe6614722b27afa6f8d964c215447e_0,AI_VECTOR_CORE,47,4400,37.180,1790766284598831.871	,1790766284598869.051	
0,HcPre_6c9f0fa710253eff38b1c0e6be6a67be_0,MIX_AIC,47,4401,93.081,1790766284598997.314	,1790766284599090.396	
0,RmsNorm_normal_all_bf16_high_performance_0,AI_VECTOR_CORE,47,4402,15.680,1790766284599110.656	,1790766284599126.337	
0,MatMulV2_ND_ND_FP16_FP16_false_true_all_98514,AI_CORE,47,4403,499.109,1790766284599317.540	,1790766284599816.650	
0,Slice_ee29dafe4fe21e12bb8d56ae91626cba_high_performance_524000000,AI_VECTOR_CORE,47,4404,8.700,1790766284599816.670	,1790766284599825.371	
0,ClipByValueV2_e87c9546cf2804355cf0d9445a2db01a_high_performance_220010000,AI_VECTOR_CORE,47,4405,50.821,1790766284599825.391	,1790766284599876.212	
0,Slice_ee29dafe4fe21e12bb8d56ae91626cba_high_performance_524000000,AI_VECTOR_CORE,47,4406,6.940,1790766284599876.252	,1790766284599883.192	
0,ClipByValueV2_e87c9546cf2804355cf0d9445a2db01a_high_performance_220010000,AI_VECTOR_CORE,47,4407,55.541,1790766284599883.232	,1790766284599938.773	
0,Muls_299cf4d7f9ef0f745d89d88c666b45aa_high_performance_210010000,AI_VECTOR_CORE,47,4408,10.720,1790766284599938.793	,1790766284599949.513	
0,Sigmoid_1c4543fdfe7149b6b0717bd88f061562_high_precision_210010000,AI_VECTOR_CORE,47,4409,14.260,1790766284599949.533	,1790766284599963.793	
0,Mul_ce3d1ff8ba23a0bcb292da3577c1625d_high_performance_210020000,AI_VECTOR_CORE,47,4410,17.980,1790766284599963.813	,1790766284599981.794	
0,Add_ce3d1ff8ba23a0bcb292da3577c1625d_high_performance_223010000,AI_VECTOR_CORE,47,4411,13.220,1790766284599981.814	,1790766284599995.034	
0,Mul_ce3d1ff8ba23a0bcb292da3577c1625d_high_performance_210020000,AI_VECTOR_CORE,47,4412,9.740,1790766284599995.074	,1790766284600004.814	
0,MatMulV2_ND_ND_FP16_FP16_false_true_all_98513,AI_CORE,47,4413,247.324,1790766284600004.834	,1790766284600252.159	
0,HcPost_d2fe6614722b27afa6f8d964c215447e_0,AI_VECTOR_CORE,47,4414,34.200,1790766284600252.179	,1790766284600286.380	
0,HcPre_6c9f0fa710253eff38b1c0e6be6a67be_0,MIX_AIC,47,4415,89.881,1790766284600340.161	,1790766284600430.043	
0,RmsNorm_normal_all_bf16_high_performance_0,AI_VECTOR_CORE,47,4416,16.120,1790766284600505.424	,1790766284600521.545	
0,MatMulV2_ND_ND_FP16_FP16_false_true_all_98514,AI_CORE,47,4417,421.208,1790766284600690.068	,1790766284601111.276	
0,Slice_ee29dafe4fe21e12bb8d56ae91626cba_high_performance_524000000,AI_VECTOR_CORE,47,4418,3.200,1790766284601111.296	,1790766284601114.496	
0,MatMulV2_ND_ND_FP16_FP16_false_true_all_98337,AI_CORE,47,4419,12.400,1790766284601114.516	,1790766284601126.917	
0,Slice_ee29dafe4fe21e12bb8d56ae91626cba_high_performance_524000000,AI_VECTOR_CORE,47,4420,2.580,1790766284601126.937	,1790766284601129.517	
0,MatMulV2_ND_ND_FP16_FP16_false_true_all_98337,AI_CORE,47,4421,8.720,1790766284601129.557	,1790766284601138.277	
0,ZerosLike_1c4543fdfe7149b6b0717bd88f061562_high_performance_210010000,AI_VECTOR_CORE,47,4422,10.900,1790766284601328.281	,1790766284601339.181	
0,_copy_conv_state_kernel,AI_VECTOR_CORE,47,4423,11.160,1790766284601669.927	,1790766284601681.088	
0,Slice_ee29dafe4fe21e12bb8d56ae91626cba_high_performance_524000000,AI_VECTOR_CORE,47,4424,8.820,1790766284602030.335	,1790766284602039.155	
0,CausalConv1d_b0123b7fae3057c534dbb03661977c42_22,MIX_AIC,47,4425,77.001,1790766284602073.436	,1790766284602150.437	
0,_copy_conv_state_kernel,AI_VECTOR_CORE,47,4426,10.220,1790766284602278.940	,1790766284602289.160	
0,ZerosLike_1c4543fdfe7149b6b0717bd88f061562_high_performance_210010000,AI_VECTOR_CORE,47,4427,7.280,1790766284602418.962	,1790766284602426.243	
0,RecurrentKda_1ac9a791ca2957b2fe0a2e96909b5782_0,AI_VECTOR_CORE,47,4428,30.600,1790766284602755.889	,1790766284602786.490	
0,Range_a32d70ed63082227463347a44bd5a08e_high_performance__kernel0,AI_VECTOR_CORE,47,4429,6.620,1790766284602828.131	,1790766284602834.751	
0,Cast_e87590d11ccda8b259ab6b1ea7212319_high_performance_210000000,AI_VECTOR_CORE,47,4430,1.280,1790766284602895.212	,1790766284602896.492	
0,Less_1ea4da630f56dc1c2d6e7c9a9dd17b11_high_performance_210000000,AI_VECTOR_CORE,47,4431,3.020,1790766284602896.532	,1790766284602899.552	
0,LogicalNot_c5fb21ce50d8471d9b8df5001b9dc9a5_high_performance_210000000,AI_VECTOR_CORE,47,4432,1.440,1790766284602969.513	,1790766284602970.953	
0,N/A,MEMCPY_ASYNC,47,4433,0.640,1790766284603094.916	,1790766284603095.556	
0,MaskedFill_56fa5818fd7054b95187cc25e525baa3_high_performance_220000000,AI_VECTOR_CORE,47,4434,3.880,1790766284603119.536	,1790766284603123.416	
0,_gather_initial_states_kernel,AI_VECTOR_CORE,47,4435,10.380,1790766284603558.705	,1790766284603569.085	
0,Slice_ee29dafe4fe21e12bb8d56ae91626cba_high_performance_524000000,AI_VECTOR_CORE,47,4436,2.540,1790766284603654.227	,1790766284603656.767	
0,Cast_b2717900ea7de2d41ea9c63d23aa269b_high_performance_210000000,AI_VECTOR_CORE,47,4437,4.020,1790766284603656.787	,1790766284603660.807	
0,Sigmoid_5c5e58e043224cccf51a06108010ae13_high_precision_210000000,AI_VECTOR_CORE,47,4438,4.020,1790766284603684.548	,1790766284603688.568	
0,Slice_ee29dafe4fe21e12bb8d56ae91626cba_high_performance_524000000,AI_VECTOR_CORE,47,4439,7.120,1790766284603748.869	,1790766284603755.989	
0,l2norm_fwd_kernel2,AI_VECTOR_CORE,47,4440,15.440,1790766284604028.295	,1790766284604043.735	
0,Slice_ee29dafe4fe21e12bb8d56ae91626cba_high_performance_524000000,AI_VECTOR_CORE,47,4441,5.760,1790766284604143.157	,1790766284604148.917	
0,l2norm_fwd_kernel2,AI_VECTOR_CORE,47,4442,10.300,1790766284604410.062	,1790766284604420.362	
0,Slice_ee29dafe4fe21e12bb8d56ae91626cba_high_performance_524000000,AI_VECTOR_CORE,47,4443,6.360,1790766284604547.685	,1790766284604554.045	
0,Transpose_9a632dc5b6be9e1b4215e3cf2b1aff0d_high_performance_13,AI_VECTOR_CORE,47,4444,10.460,1790766284604785.130	,1790766284604795.590	
0,Transpose_9a632dc5b6be9e1b4215e3cf2b1aff0d_high_performance_13,AI_VECTOR_CORE,47,4445,17.340,1790766284604795.610	,1790766284604812.950	
0,ChunkKdaFwd_5e864108d5688e456abb78f238c67b16_2,MIX_AIC,47,4446,892.957,1790766284604814.090	,1790766284605707.048	
0,Transpose_9a632dc5b6be9e1b4215e3cf2b1aff0d_high_performance_13,AI_VECTOR_CORE,47,4447,16.160,1790766284605707.968	,1790766284605724.128	
0,ScatterNdUpdate_float32_int32_high_precision_11,MIX_AIV,47,4448,102.402,1790766284605725.148	,1790766284605827.551	
0,ConcatD_ac0081dab05f1e5cef852acb8d7e866f_high_performance_4000001,AI_VECTOR_CORE,47,4449,9.620,1790766284605828.271	,1790766284605837.891	
0,TensorMove_d2db1a80c523e7e59a032c95969880af_high_performance__kernel0,AI_VECTOR_CORE,47,4450,8.840,1790766284605837.911	,1790766284605846.751	
0,layer_norm_gated_fwd_kernel,AI_VECTOR_CORE,47,4451,25.460,1790766284605846.771	,1790766284605872.231	
0,MatMulV2_ND_ND_FP16_FP16_false_true_all_98513,AI_CORE,47,4452,185.203,1790766284605872.251	,1790766284606057.455	
0,HcPost_d2fe6614722b27afa6f8d964c215447e_0,AI_VECTOR_CORE,47,4453,36.900,1790766284606057.475	,1790766284606094.376	
0,HcPre_6c9f0fa710253eff38b1c0e6be6a67be_0,MIX_AIC,47,4454,95.281,1790766284606227.139	,1790766284606322.420	
0,RmsNorm_normal_all_bf16_high_performance_0,AI_VECTOR_CORE,47,4455,13.840,1790766284606337.081	,1790766284606350.921	
0,MatMulV2_ND_ND_FP16_FP16_false_true_all_98514,AI_CORE,47,4456,503.070,1790766284606546.945	,1790766284607050.015	
0,Slice_ee29dafe4fe21e12bb8d56ae91626cba_high_performance_524000000,AI_VECTOR_CORE,47,4457,8.220,1790766284607050.055	,1790766284607058.275	
0,ClipByValueV2_e87c9546cf2804355cf0d9445a2db01a_high_performance_220010000,AI_VECTOR_CORE,47,4458,62.541,1790766284607058.295	,1790766284607120.836	
0,Slice_ee29dafe4fe21e12bb8d56ae91626cba_high_performance_524000000,AI_VECTOR_CORE,47,4459,7.400,1790766284607120.856	,1790766284607128.257	
0,ClipByValueV2_e87c9546cf2804355cf0d9445a2db01a_high_performance_220010000,AI_VECTOR_CORE,47,4460,53.281,1790766284607128.277	,1790766284607181.558	
0,Muls_299cf4d7f9ef0f745d89d88c666b45aa_high_performance_210010000,AI_VECTOR_CORE,47,4461,10.440,1790766284607181.578	,1790766284607192.018	
0,Sigmoid_1c4543fdfe7149b6b0717bd88f061562_high_precision_210010000,AI_VECTOR_CORE,47,4462,14.520,1790766284607192.038	,1790766284607206.558	
0,Mul_ce3d1ff8ba23a0bcb292da3577c1625d_high_performance_210020000,AI_VECTOR_CORE,47,4463,16.700,1790766284607206.578	,1790766284607223.278	
0,Add_ce3d1ff8ba23a0bcb292da3577c1625d_high_performance_223010000,AI_VECTOR_CORE,47,4464,12.880,1790766284607223.298	,1790766284607236.179	
0,Mul_ce3d1ff8ba23a0bcb292da3577c1625d_high_performance_210020000,AI_VECTOR_CORE,47,4465,9.800,1790766284607236.199	,1790766284607245.999	
0,MatMulV2_ND_ND_FP16_FP16_false_true_all_98513,AI_CORE,47,4466,244.424,1790766284607246.019	,1790766284607490.444	
0,HcPost_d2fe6614722b27afa6f8d964c215447e_0,AI_VECTOR_CORE,47,4467,34.380,1790766284607490.484	,1790766284607524.864	
0,HcPre_6c9f0fa710253eff38b1c0e6be6a67be_0,MIX_AIC,47,4468,88.081,1790766284607591.246	,1790766284607679.328	
0,RmsNorm_normal_all_bf16_high_performance_0,AI_VECTOR_CORE,47,4469,17.980,1790766284607704.288	,1790766284607722.268	
0,MatMulV2_ND_ND_FP16_FP16_false_true_all_98513,AI_CORE,47,4470,45.720,1790766284608077.315	,1790766284608123.036	
0,Slice_ee29dafe4fe21e12bb8d56ae91626cba_high_performance_524000000,AI_VECTOR_CORE,47,4471,4.320,1790766284608390.342	,1790766284608394.662	
0,RmsNorm_normal_all_bf16_high_performance_2,AI_VECTOR_CORE,47,4472,13.160,1790766284608418.142	,1790766284608431.303	
0,Slice_ee29dafe4fe21e12bb8d56ae91626cba_high_performance_524000000,AI_VECTOR_CORE,47,4473,2.300,1790766284608625.626	,1790766284608627.926	
0,RmsNorm_normal_all_bf16_high_performance_2,AI_VECTOR_CORE,47,4474,7.720,1790766284608650.947	,1790766284608658.667	
0,ScatterNdUpdate_bfloat16_int32_high_precision_11,MIX_AIV,47,4475,37.400,1790766284608753.009	,1790766284608790.410	
0,MatMulV2_ND_ND_FP16_FP16_false_true_all_98514,AI_CORE,47,4476,130.982,1790766284608923.012	,1790766284609053.995	
0,TransposeBatchMatMul_ND_ND_ND_ND_ND_BF16_BF16_BF16_INT64_BF16_high_performance_32,AI_CORE,47,4477,45.080,1790766284609099.856	,1790766284609144.937	
0,Cast_b2717900ea7de2d41ea9c63d23aa269b_high_performance_210010000,AI_VECTOR_CORE,47,4478,9.020,1790766284609267.099	,1790766284609276.119	
0,MatMulV2_ND_ND_FP32_FP32_false_true_all_65745,AI_CORE,47,4479,34.860,1790766284609330.021	,1790766284609364.881	
0,Slice_82e6b4faea71b451f217d7ea57c08012_high_performance_524000000,AI_VECTOR_CORE,47,4480,2.920,1790766284609488.864	,1790766284609491.784	
0,LayerNormV3_23ae115d70bd435e4cb966a52be97b55_high_precision_1600400500,AI_VECTOR_CORE,47,4481,17.820,1790766284609491.804	,1790766284609509.624	
0,MatMulV2_ND_ND_FP32_FP32_false_true_all_65745,AI_CORE,47,4482,30.480,1790766284609546.225	,1790766284609576.705	
0,MatMulV2_ND_ND_FP16_FP16_false_true_all_98513,AI_CORE,47,4483,42.980,1790766284609715.768	,1790766284609758.749	
0,Slice_82e6b4faea71b451f217d7ea57c08012_high_performance_524000000,AI_VECTOR_CORE,47,4484,2.360,1790766284609849.451	,1790766284609851.811	
0,Cast_9f288b80370c6545ffe8cef142d37f5c_high_performance_210000000,AI_VECTOR_CORE,47,4485,2.920,1790766284609851.831	,1790766284609854.751	
0,Muls_299cf4d7f9ef0f745d89d88c666b45aa_high_performance_210000000,AI_VECTOR_CORE,47,4486,2.700,1790766284609920.452	,1790766284609923.152	
0,_glm5_next_kpool_tail_compress_kernel,AI_VECTOR_CORE,47,4487,29.540,1790766284610473.643	,1790766284610503.184	
0,_store_kpool_tail_kernel,AI_VECTOR_CORE,47,4488,4.200,1790766284610743.909	,1790766284610748.109	
0,_gather_pool_cache,AI_VECTOR_CORE,47,4489,2.960,1790766284611146.877	,1790766284611149.837	
0,Cast_b2717900ea7de2d41ea9c63d23aa269b_high_performance_210010000,AI_VECTOR_CORE,47,4490,6.200,1790766284611271.459	,1790766284611277.659	
0,Cast_b2717900ea7de2d41ea9c63d23aa269b_high_performance_210000000,AI_VECTOR_CORE,47,4491,2.760,1790766284611326.240	,1790766284611329.000	
0,Mul_ee98c6628030785f610b924ab1557b31_high_performance_212000001,AI_VECTOR_CORE,47,4492,14.640,1790766284611390.982	,1790766284611405.622	
0,ReduceSum_7a09f5b7af4126487a7f726a9aac7548_high_performance_10000000900,MIX_AIV,47,4493,12.180,1790766284611455.763	,1790766284611467.943	
0,_glm5_next_lightning_indexer_score_kernel,AI_VECTOR_CORE,47,4494,29.200,1790766284611809.550	,1790766284611838.751	
0,TopKV2_5c671486fda0d949d7cba9a9754bc2dd_high_performance_2017612701781458944,MIX_AIV,47,4495,26.760,1790766284611903.692	,1790766284611930.452	
0,Cast_e87590d11ccda8b259ab6b1ea7212319_high_performance_210000000,AI_VECTOR_CORE,47,4496,4.140,1790766284611931.152	,1790766284611935.293	
0,Cast_39a266ce9a8d7d9ead33f6686e936b72_high_performance_210000000,AI_VECTOR_CORE,47,4497,4.480,1790766284611967.433	,1790766284611971.913	
0,_expand_pool_indices,AI_VECTOR_CORE,47,4498,318.406,1790766284612252.339	,1790766284612570.745	
0,Slice_b9b91ad79a469f7fcff72949705be0f9_high_performance_521000000,AI_VECTOR_CORE,47,4499,7.960,1790766284612772.549	,1790766284612780.509	
0,SparseFlashAttention_2e25ad8fefac1f04c03bd78f2d2ab366_1158,MIX_AIC,47,4500,97.641,1790766284612805.010	,1790766284612902.652	
0,TransposeBatchMatMul_ND_ND_ND_ND_ND_BF16_BF16_BF16_INT64_BF16_high_performance_32,AI_CORE,47,4501,54.341,1790766284612903.872	,1790766284612958.213	
0,MatMulV2_ND_ND_FP16_FP16_false_true_all_98513,AI_CORE,47,4502,338.086,1790766284613077.795	,1790766284613415.882	
0,TensorMove_d2db1a80c523e7e59a032c95969880af_high_performance__kernel0,AI_VECTOR_CORE,47,4503,7.820,1790766284613415.902	,1790766284613423.722	
0,HcPost_d2fe6614722b27afa6f8d964c215447e_0,AI_VECTOR_CORE,47,4504,35.200,1790766284613423.742	,1790766284613458.943	
0,HcPre_6c9f0fa710253eff38b1c0e6be6a67be_0,MIX_AIC,47,4505,96.301,1790766284613568.105	,1790766284613664.407	
0,RmsNorm_normal_all_bf16_high_performance_0,AI_VECTOR_CORE,47,4506,13.280,1790766284613683.207	,1790766284613696.488	
0,N/A,EVENT_RECORD,47,4507,0.020,1790766284614107.136	,1790766284614107.156	
0,Cast_b2717900ea7de2d41ea9c63d23aa269b_high_performance_210010000,AI_VECTOR_CORE,47,4508,7.820,1790766284614248.239	,1790766284614256.059	
0,MatMulV2_ND_ND_FP32_FP32_false_true_all_65665,AI_CORE,47,4509,9.300,1790766284614317.500	,1790766284614326.800	
0,N/A,EVENT_RECORD,47,4510,0.020,1790766284614492.824	,1790766284614492.844	
0,MoeGatingTopK_81369a2fa0455f39b5d19d432d261f57_1,AI_VECTOR_CORE,47,4511,14.460,1790766284614826.470	,1790766284614840.931	
0,N/A,EVENT_RECORD,47,4512,0.020,1790766284615137.817	,1790766284615137.837	
0,MoeInitRoutingV3_4ca8d2d329b4477b44dd2ee885849b12_2100000,MIX_AIV,47,4513,52.261,1790766284615375.241	,1790766284615427.502	
0,GroupedMatmul_0d2d43751f81d7f29646a862147967c9_68885275,MIX_AIC,47,4514,464.309,1790766284615608.246	,1790766284616072.555	
0,Slice_ee29dafe4fe21e12bb8d56ae91626cba_high_performance_524000000,AI_VECTOR_CORE,47,4515,10.880,1790766284616073.275	,1790766284616084.155	
0,ClipByValueV2_e87c9546cf2804355cf0d9445a2db01a_high_performance_220010000,AI_VECTOR_CORE,47,4516,62.881,1790766284616084.175	,1790766284616147.057	
0,ViewCopy_7778b2d0a2938f9247cc0c9f84559eb2_high_performance__kernel0,AI_VECTOR_CORE,47,4517,13.480,1790766284616147.077	,1790766284616160.557	
0,Slice_ee29dafe4fe21e12bb8d56ae91626cba_high_performance_524000000,AI_VECTOR_CORE,47,4518,10.200,1790766284616160.577	,1790766284616170.777	
0,ClipByValueV2_e87c9546cf2804355cf0d9445a2db01a_high_performance_220010000,AI_VECTOR_CORE,47,4519,71.361,1790766284616170.797	,1790766284616242.159	
0,ViewCopy_7778b2d0a2938f9247cc0c9f84559eb2_high_performance__kernel0,AI_VECTOR_CORE,47,4520,13.540,1790766284616242.179	,1790766284616255.719	
0,SwiGlu_3_high_performance_27,AI_VECTOR_CORE,47,4521,24.940,1790766284616255.739	,1790766284616280.679	
0,N/A,EVENT_RECORD,47,4522,0.020,1790766284616280.699	,1790766284616280.719	
0,GroupedMatmul_0d2d43751f81d7f29646a862147967c9_68885275,MIX_AIC,47,4523,217.824,1790766284616284.279	,1790766284616502.104	
0,N/A,EVENT_RECORD,47,4524,0.020,1790766284616502.804	,1790766284616502.824	
0,Cast_9f288b80370c6545ffe8cef142d37f5c_high_performance_210000000,AI_VECTOR_CORE,47,4525,1.700,1790766284616622.086	,1790766284616623.786	
0,Abs_8098b79498645e9c0da095babdeaf862_high_performance_210000000,AI_VECTOR_CORE,47,4526,2.320,1790766284616669.807	,1790766284616672.127	
0,MoeTokenUnpermute_6dd49246dc9576d3314234df69cb5c22_1,AI_VECTOR_CORE,47,4527,21.000,1790766284616809.030	,1790766284616830.030	
0,MatMulV2_ND_ND_FP16_FP16_false_true_all_98513,AI_CORE,47,4528,89.001,1790766284617122.936	,1790766284617211.938	
0,Slice_ee29dafe4fe21e12bb8d56ae91626cba_high_performance_524000000,AI_VECTOR_CORE,47,4529,4.320,1790766284617266.659	,1790766284617270.979	
0,ClipByValueV2_e87c9546cf2804355cf0d9445a2db01a_high_performance_220010000,AI_VECTOR_CORE,47,4530,18.180,1790766284617270.999	,1790766284617289.180	
0,Slice_ee29dafe4fe21e12bb8d56ae91626cba_high_performance_524000000,AI_VECTOR_CORE,47,4531,3.800,1790766284617341.761	,1790766284617345.561	
0,ClipByValueV2_e87c9546cf2804355cf0d9445a2db01a_high_performance_220010000,AI_VECTOR_CORE,47,4532,13.860,1790766284617345.601	,1790766284617359.461	
0,Muls_299cf4d7f9ef0f745d89d88c666b45aa_high_performance_210000000,AI_VECTOR_CORE,47,4533,7.840,1790766284617409.782	,1790766284617417.622	
0,Sigmoid_1c4543fdfe7149b6b0717bd88f061562_high_precision_210000000,AI_VECTOR_CORE,47,4534,9.700,1790766284617450.223	,1790766284617459.923	
0,Mul_ce3d1ff8ba23a0bcb292da3577c1625d_high_performance_210020000,AI_VECTOR_CORE,47,4535,10.280,1790766284617488.484	,1790766284617498.764	
0,Add_ce3d1ff8ba23a0bcb292da3577c1625d_high_performance_223010000,AI_VECTOR_CORE,47,4536,10.540,1790766284617541.865	,1790766284617552.405	
0,Mul_ce3d1ff8ba23a0bcb292da3577c1625d_high_performance_210020000,AI_VECTOR_CORE,47,4537,3.820,1790766284617582.525	,1790766284617586.345	
0,MatMulV2_ND_ND_FP16_FP16_false_true_all_98514,AI_CORE,47,4538,47.580,1790766284617764.369	,1790766284617811.950	
0,ForeachAddList_c73cb8f503197be65eaf63148ad48de4_high_performance_4,AI_VECTOR_CORE,47,4539,16.800,1790766284618048.835	,1790766284618065.635	
0,HcPost_d2fe6614722b27afa6f8d964c215447e_0,AI_VECTOR_CORE,47,4540,34.600,1790766284618330.300	,1790766284618364.901	
0,ReduceMean_9a2479d4dc5148645cb3f4b9e765c637_high_precision_100900,MIX_AIV,47,4541,20.960,1790766284618426.222	,1790766284618447.183	
0,RmsNorm_normal_all_bf16_high_performance_0,AI_VECTOR_CORE,47,4542,13.860,1790766284618591.866	,1790766284618605.726	
0,IndexCheck_int32_high_performance_1,AI_VECTOR_CORE,47,4543,3.260,1790766284618753.689	,1790766284618756.949	
0,Index_b1b18d29d34a3b544b5bb6b3f56177c3_high_performance__kernel0,AI_VECTOR_CORE,47,4544,8.080,1790766284618767.189	,1790766284618775.269	
0,MatMulV2_ND_ND_FP16_FP16_false_true_all_98499,AI_CORE,47,4545,970.279,1790766284618987.693	,1790766284619957.973	
0,Cast_b2717900ea7de2d41ea9c63d23aa269b_high_performance_210000000,AI_VECTOR_CORE,47,4546,7.640,1790766284619957.993	,1790766284619965.633	
0,LogSoftmaxV2_291664ae3e88b38b8b46c2efbbea27c9_high_precision_400001,AI_VECTOR_CORE,47,4547,44.640,1790766284619965.653	,1790766284620010.294	
0,Cast_b2717900ea7de2d41ea9c63d23aa269b_high_performance_210000000,AI_VECTOR_CORE,47,4548,2.880,1790766284620010.314	,1790766284620013.194	
0,ArgMaxV2_4402011f777d6374ab9f6425cb5984c4_high_performance_3,AI_VECTOR_CORE,47,4549,19.380,1790766284620013.234	,1790766284620032.614	
0,Cast_e87590d11ccda8b259ab6b1ea7212319_high_performance_210000000,AI_VECTOR_CORE,47,4550,1.440,1790766284620032.634	,1790766284620034.074	
0,TopKV2_5c671486fda0d949d7cba9a9754bc2dd_high_performance_2017612907943034881,MIX_AIV,47,4551,30.800,1790766284620035.394	,1790766284620066.195	
0,TopKV2_5c671486fda0d949d7cba9a9754bc2dd_high_performance_2017612701781458944,MIX_AIV,47,4552,4.020,1790766284620068.935	,1790766284620072.955	
0,GatherElements_8b4ec10fbb39c5c0a65192c606400b29_high_performance__kernel0,AI_VECTOR_CORE,47,4553,4.060,1790766284620073.795	,1790766284620077.855	
0,Cast_e87590d11ccda8b259ab6b1ea7212319_high_performance_210000000,AI_VECTOR_CORE,47,4554,1.160,1790766284620077.875	,1790766284620079.035	
0,Cast_39a266ce9a8d7d9ead33f6686e936b72_high_performance_210000000,AI_VECTOR_CORE,47,4555,1.620,1790766284620079.075	,1790766284620080.695	
0,GatherElementsV2_fp32_high_performance_2,AI_VECTOR_CORE,47,4556,4.340,1790766284620080.715	,1790766284620085.055	
0,GreaterEqual_3efaad932f458d7892fdb0715ec85b2b_high_performance_212000002,AI_VECTOR_CORE,47,4557,11.860,1790766284620085.075	,1790766284620096.936	
0,Cast_df2b778f1b80e749bd4242386ec57ab9_high_performance_210000000,AI_VECTOR_CORE,47,4558,7.120,1790766284620096.976	,1790766284620104.096	
0,ReduceSum_7a09f5b7af4126487a7f726a9aac7548_high_performance_110001000400,MIX_AIV,47,4559,22.840,1790766284620105.356	,1790766284620128.196	
0,Cast_c6738f795430c3c6f09cdc8d52a1b43d_high_performance_210000000,AI_VECTOR_CORE,47,4560,1.340,1790766284620129.156	,1790766284620130.496	
0,ConcatD_0d745295987e1c668b2ec8b2844aeada_high_performance_0,AI_VECTOR_CORE,47,4561,3.280,1790766284620130.516	,1790766284620133.796	
0,ConcatD_233851a3505389e43928a8bba133a74d_high_performance_0,AI_VECTOR_CORE,47,4562,2.840,1790766284620133.816	,1790766284620136.656	
0,Cast_39a266ce9a8d7d9ead33f6686e936b72_high_performance_210000000,AI_VECTOR_CORE,47,4563,1.460,1790766284620176.457	,1790766284620177.917	
0,Cast_39a266ce9a8d7d9ead33f6686e936b72_high_performance_210000000,AI_VECTOR_CORE,47,4564,1.320,1790766284620264.919	,1790766284620266.239	
0,N/A,EVENT_RECORD,47,4565,0.020,1790766284620490.023	,1790766284620490.043	
0,N/A,EVENT_WAIT,39,26,0.000,1790766284620926.972	,1790766284620926.972	
0,N/A,EVENT_RECORD,47,4566,0.020,1790766284621223.458	,1790766284621223.478	
0,N/A,EVENT_WAIT,45,253,0.020,1790766284621336.080	,1790766284621336.100	
0,N/A,MEMCPY_ASYNC,45,254,2.040,1790766284621489.063	,1790766284621491.103	
0,N/A,MEMCPY_ASYNC,45,255,2.000,1790766284621541.464	,1790766284621543.465	
0,N/A,MEMCPY_ASYNC,45,256,2.020,1790766284621601.106	,1790766284621603.126	
0,N/A,MEMCPY_ASYNC,45,257,1.920,1790766284621628.226	,1790766284621630.146	
0,N/A,EVENT_RECORD,45,258,0.000,1790766284621802.850	,1790766284621802.850	
0,N/A,EVENT_RECORD,45,259,0.020,1790766284622520.444	,1790766284622520.464	
0,N/A,EVENT_RECORD,45,260,0.020,1790766284623136.616	,1790766284623136.636	
0,N/A,EVENT_RECORD,45,261,0.000,1790766284623227.978	,1790766284623227.978	
0,N/A,EVENT_RECORD,45,262,0.000,1790766284623597.026	,1790766284623597.026	
0,N/A,MEMCPY_ASYNC,47,4567,2.240,1790766284623817.890	,1790766284623820.130	
0,N/A,MEMCPY_ASYNC,47,4568,2.500,1790766284623900.512	,1790766284623903.012	
0,N/A,MEMCPY_ASYNC,47,4569,2.200,1790766284623979.193	,1790766284623981.393	
0,N/A,MEMCPY_ASYNC,47,4570,2.380,1790766284624057.375	,1790766284624059.755	
0,N/A,MEMCPY_ASYNC,47,4571,2.320,1790766284624137.376	,1790766284624139.696	
0,N/A,MEMCPY_ASYNC,47,4572,2.340,1790766284624452.103	,1790766284624454.443	
0,N/A,MEMCPY_ASYNC,47,4573,2.420,1790766284624663.607	,1790766284624666.027	
0,N/A,MEMCPY_ASYNC,47,4574,2.300,1790766284624726.028	,1790766284624728.328	
0,Fill_1fbc7ee619b707282bbfd034093621df_high_performance_223000000,AI_VECTOR_CORE,47,4575,1.620,1790766284624934.832	,1790766284624936.452	
0,N/A,MEMCPY_ASYNC,47,4576,0.620,1790766284625157.677	,1790766284625158.297	
0,N/A,MEMCPY_ASYNC,47,4577,2.300,1790766284625397.442	,1790766284625399.742	
0,Fill_1fbc7ee619b707282bbfd034093621df_high_performance_223000000,AI_VECTOR_CORE,47,4578,1.380,1790766284625452.903	,1790766284625454.283	
0,N/A,MEMCPY_ASYNC,47,4579,2.480,1790766284625500.524	,1790766284625503.004	
0,N/A,MEMCPY_ASYNC,47,4580,2.200,1790766284625599.326	,1790766284625601.526	
0,N/A,MEMCPY_ASYNC,47,4581,2.360,1790766284625686.267	,1790766284625688.627	
0,N/A,MEMCPY_ASYNC,47,4582,2.700,1790766284625770.249	,1790766284625772.949	
0,IndexCheck_int64_high_performance_0,AI_VECTOR_CORE,47,4583,3.160,1790766284625890.971	,1790766284625894.131	
0,Index_f34e8f0e5e2c96109aa0460550023804_high_performance__kernel0,AI_VECTOR_CORE,47,4584,7.600,1790766284625894.151	,1790766284625901.752	
0,Cast_e87590d11ccda8b259ab6b1ea7212319_high_performance_210000000,AI_VECTOR_CORE,47,4585,1.200,1790766284625970.593	,1790766284625971.793	
0,Add_41dadce325b0f810d03359af2a38990b_high_performance_210000000,AI_VECTOR_CORE,47,4586,2.380,1790766284626038.974	,1790766284626041.354	
0,N/A,MEMCPY_ASYNC,47,4587,0.580,1790766284626140.376	,1790766284626140.956	
0,Add_9342884c99c006e21fc9d5d9260b8bef_high_performance_210000000,AI_VECTOR_CORE,47,4588,1.800,1790766284626206.458	,1790766284626208.258	
0,N/A,MEMCPY_ASYNC,47,4589,0.620,1790766284626296.679	,1790766284626297.300	
0,Fill_1fbc7ee619b707282bbfd034093621df_high_performance_210000000,AI_VECTOR_CORE,47,4590,1.640,1790766284626351.141	,1790766284626352.781	
0,_compute_slot_mapping_fused_groups_adaptive_kernel,AI_VECTOR_CORE,47,4591,5.100,1790766284626760.889	,1790766284626765.989	
0,Sub_9342884c99c006e21fc9d5d9260b8bef_high_performance_223000000,AI_VECTOR_CORE,47,4592,1.720,1790766284626905.112	,1790766284626906.832	
0,N/A,MEMCPY_ASYNC,47,4593,2.400,1790766284627255.699	,1790766284627258.099	
0,Fill_1fbc7ee619b707282bbfd034093621df_high_performance_210000000,AI_VECTOR_CORE,47,4594,1.260,1790766284627431.022	,1790766284627432.282	
0,Fill_1fbc7ee619b707282bbfd034093621df_high_performance_223000000,AI_VECTOR_CORE,47,4595,1.580,1790766284627472.523	,1790766284627474.103	
0,Cast_e87590d11ccda8b259ab6b1ea7212319_high_performance_210000000,AI_VECTOR_CORE,47,4596,1.220,1790766284627981.693	,1790766284627982.913	
0,FloorDiv_41dadce325b0f810d03359af2a38990b_high_performance_223000000,AI_VECTOR_CORE,47,4597,6.660,1790766284627983.773	,1790766284627990.433	
0,Cast_39a266ce9a8d7d9ead33f6686e936b72_high_performance_210000000,AI_VECTOR_CORE,47,4598,1.300,1790766284627996.153	,1790766284627997.453	
0,N/A,MEMCPY_ASYNC,47,4599,0.580,1790766284628145.656	,1790766284628146.236	
0,Cast_e87590d11ccda8b259ab6b1ea7212319_high_performance_210000000,AI_VECTOR_CORE,47,4600,1.140,1790766284628235.938	,1790766284628237.078	
0,GreaterEqual_1ea4da630f56dc1c2d6e7c9a9dd17b11_high_performance_223000000,AI_VECTOR_CORE,47,4601,2.880,1790766284628238.098	,1790766284628240.978	
0,Add_41dadce325b0f810d03359af2a38990b_high_performance_223000000,AI_VECTOR_CORE,47,4602,2.900,1790766284628292.439	,1790766284628295.339	
0,BroadcastTo_41dadce325b0f810d03359af2a38990b_high_performance_232000000,AI_VECTOR_CORE,47,4603,1.540,1790766284628355.941	,1790766284628357.481	
0,FloorMod_41dadce325b0f810d03359af2a38990b_high_precision_210000000,AI_VECTOR_CORE,47,4604,1.620,1790766284628358.101	,1790766284628359.721	
0,Equal_1ea4da630f56dc1c2d6e7c9a9dd17b11_high_performance_223000000,AI_VECTOR_CORE,47,4605,2.200,1790766284628398.061	,1790766284628400.262	
0,LogicalAnd_91d2a3cdd75d915a368582ec5f440af1_high_performance_210000000,AI_VECTOR_CORE,47,4606,1.400,1790766284628460.763	,1790766284628462.163	
0,ClipByValueV2_3bc53d14ff7dfecd0ed0c69136ab471a_high_performance_220000000,AI_VECTOR_CORE,47,4607,2.560,1790766284628538.544	,1790766284628541.104	
0,Cast_e87590d11ccda8b259ab6b1ea7212319_high_performance_210000000,AI_VECTOR_CORE,47,4608,1.120,1790766284628609.146	,1790766284628610.266	
0,FloorDiv_41dadce325b0f810d03359af2a38990b_high_performance_223000000,AI_VECTOR_CORE,47,4609,1.700,1790766284628611.406	,1790766284628613.106	
0,Cast_39a266ce9a8d7d9ead33f6686e936b72_high_performance_210000000,AI_VECTOR_CORE,47,4610,1.120,1790766284628624.606	,1790766284628625.726	
0,BroadcastTo_c71434db8135ff9089d65053721e3417_high_performance_232000000,AI_VECTOR_CORE,47,4611,1.420,1790766284628638.926	,1790766284628640.346	
0,FloorMod_9342884c99c006e21fc9d5d9260b8bef_high_precision_210000000,AI_VECTOR_CORE,47,4612,3.640,1790766284628645.546	,1790766284628649.186	
0,Mul_9342884c99c006e21fc9d5d9260b8bef_high_performance_223000000,AI_VECTOR_CORE,47,4613,1.520,1790766284628694.987	,1790766284628696.507	
0,Cast_e87590d11ccda8b259ab6b1ea7212319_high_performance_210000000,AI_VECTOR_CORE,47,4614,1.260,1790766284628759.909	,1790766284628761.169	
0,FloorDiv_41dadce325b0f810d03359af2a38990b_high_performance_223000000,AI_VECTOR_CORE,47,4615,1.720,1790766284628762.029	,1790766284628763.749	
0,Cast_39a266ce9a8d7d9ead33f6686e936b72_high_performance_210000000,AI_VECTOR_CORE,47,4616,1.060,1790766284628774.209	,1790766284628775.269	
0,Add_9342884c99c006e21fc9d5d9260b8bef_high_performance_210000000,AI_VECTOR_CORE,47,4617,1.400,1790766284628788.129	,1790766284628789.529	
0,Fill_1fbc7ee619b707282bbfd034093621df_high_performance_223000000,AI_VECTOR_CORE,47,4618,1.100,1790766284628870.031	,1790766284628871.131	
0,SelectV2_9bb0969ab50036eba4428cd9974a5c0b_high_performance_210000000,AI_VECTOR_CORE,47,4619,2.020,1790766284628912.552	,1790766284628914.572	
0,Cast_e87590d11ccda8b259ab6b1ea7212319_high_performance_210000000,AI_VECTOR_CORE,47,4620,1.240,1790766284628967.473	,1790766284628968.713	
0,Cast_e87590d11ccda8b259ab6b1ea7212319_high_performance_210000000,AI_VECTOR_CORE,47,4621,1.260,1790766284629055.855	,1790766284629057.115	
0,FloorDiv_41dadce325b0f810d03359af2a38990b_high_performance_223000000,AI_VECTOR_CORE,47,4622,1.760,1790766284629057.935	,1790766284629059.695	
0,Cast_39a266ce9a8d7d9ead33f6686e936b72_high_performance_210000000,AI_VECTOR_CORE,47,4623,1.220,1790766284629069.075	,1790766284629070.295	
0,N/A,MEMCPY_ASYNC,47,4624,0.600,1790766284629207.238	,1790766284629207.838	
0,N/A,MEMCPY_ASYNC,47,4625,0.640,1790766284629310.600	,1790766284629311.240	
0,Fill_1fbc7ee619b707282bbfd034093621df_high_performance_210000000,AI_VECTOR_CORE,47,4626,1.260,1790766284629601.746	,1790766284629603.006	
0,Fill_1fbc7ee619b707282bbfd034093621df_high_performance_210000000,AI_VECTOR_CORE,47,4627,1.220,1790766284629645.786	,1790766284629647.006	
0,Fill_1fbc7ee619b707282bbfd034093621df_high_performance_210000000,AI_VECTOR_CORE,47,4628,1.380,1790766284629843.890	,1790766284629845.270	
0,Fill_1fbc7ee619b707282bbfd034093621df_high_performance_210000000,AI_VECTOR_CORE,47,4629,1.400,1790766284629886.791	,1790766284629888.191	
0,N/A,MEMCPY_ASYNC,47,4630,0.540,1790766284630499.903	,1790766284630500.443	
0,Fill_1fbc7ee619b707282bbfd034093621df_high_performance_210000000,AI_VECTOR_CORE,47,4631,1.160,1790766284630558.965	,1790766284630560.125	
0,N/A,MEMCPY_ASYNC,47,4632,0.640,1790766284630689.907	,1790766284630690.547	
0,N/A,MEMCPY_ASYNC,47,4633,0.540,1790766284630809.690	,1790766284630810.230	
0,N/A,MEMCPY_ASYNC,47,4634,0.660,1790766284630945.112	,1790766284630945.772	
0,Sub_9342884c99c006e21fc9d5d9260b8bef_high_performance_210000000,AI_VECTOR_CORE,47,4635,1.460,1790766284631025.334	,1790766284631026.794	
0,Fill_1fbc7ee619b707282bbfd034093621df_high_performance_210000000,AI_VECTOR_CORE,47,4636,1.260,1790766284631221.038	,1790766284631222.298	
0,Fill_1fbc7ee619b707282bbfd034093621df_high_performance_210000000,AI_VECTOR_CORE,47,4637,1.200,1790766284631249.738	,1790766284631250.938	
0,N/A,MEMCPY_ASYNC,47,4638,0.540,1790766284631809.570	,1790766284631810.110	
0,Fill_1fbc7ee619b707282bbfd034093621df_high_performance_210000000,AI_VECTOR_CORE,47,4639,1.300,1790766284631864.551	,1790766284631865.851	
0,N/A,MEMCPY_ASYNC,47,4640,0.580,1790766284631985.913	,1790766284631986.493	
0,N/A,MEMCPY_ASYNC,47,4641,0.500,1790766284632103.396	,1790766284632103.896	
0,N/A,MEMCPY_ASYNC,47,4642,0.660,1790766284632231.258	,1790766284632231.918	
0,Sub_9342884c99c006e21fc9d5d9260b8bef_high_performance_210000000,AI_VECTOR_CORE,47,4643,1.340,1790766284632307.020	,1790766284632308.360	
0,Fill_1fbc7ee619b707282bbfd034093621df_high_performance_210000000,AI_VECTOR_CORE,47,4644,1.340,1790766284632508.464	,1790766284632509.804	
0,Fill_1fbc7ee619b707282bbfd034093621df_high_performance_210000000,AI_VECTOR_CORE,47,4645,1.120,1790766284632555.265	,1790766284632556.385	
0,N/A,MEMCPY_ASYNC,47,4646,0.560,1790766284633208.638	,1790766284633209.198	
0,Fill_1fbc7ee619b707282bbfd034093621df_high_performance_210000000,AI_VECTOR_CORE,47,4647,1.260,1790766284633263.439	,1790766284633264.699	
0,N/A,MEMCPY_ASYNC,47,4648,0.640,1790766284633413.462	,1790766284633414.102	
0,N/A,MEMCPY_ASYNC,47,4649,0.560,1790766284633530.884	,1790766284633531.444	
0,N/A,MEMCPY_ASYNC,47,4650,0.600,1790766284633662.927	,1790766284633663.527	
0,Sub_9342884c99c006e21fc9d5d9260b8bef_high_performance_210000000,AI_VECTOR_CORE,47,4651,1.360,1790766284633743.468	,1790766284633744.828	
0,N/A,EVENT_RECORD,47,4652,0.020,1790766284634009.374	,1790766284634009.394	
0,ZerosLike_1d2fd313763487259859439d7e9b41cf_high_performance_210000000,AI_VECTOR_CORE,47,4653,1.920,1790766284634193.037	,1790766284634194.957	
0,Fill_279daeaf6b659300647aba3935d90048_high_performance_210000000,AI_VECTOR_CORE,47,4654,1.580,1790766284634461.203	,1790766284634462.783	
0,Cast_a9b7af94359fc7c19da07ad0790f065c_high_performance_210000000,AI_VECTOR_CORE,47,4655,1.200,1790766284634517.864	,1790766284634519.064	
0,BroadcastTo_c71434db8135ff9089d65053721e3417_high_performance_232000000,AI_VECTOR_CORE,47,4656,1.300,1790766284634519.924	,1790766284634521.224	
0,Cast_9fc020fd54590bb5fe6cf6eabcf7b473_high_performance_210000000,AI_VECTOR_CORE,47,4657,1.300,1790766284634528.764	,1790766284634530.064	
0,Fill_279daeaf6b659300647aba3935d90048_high_performance_210000000,AI_VECTOR_CORE,47,4658,1.200,1790766284634570.785	,1790766284634571.985	
0,N/A,MEMCPY_ASYNC,47,4659,0.560,1790766284634669.987	,1790766284634670.547	
0,N/A,MODEL_EXECUTE,47,4660,3.140,1790766284635160.417	,1790766284635163.557	
0,Cast_e87590d11ccda8b259ab6b1ea7212319_high_performance_210000000,AI_VECTOR_CORE,13,0,1.280,1790766284635163.477	,1790766284635164.757	
0,GatherV2_7869a97190b9b4d296d9414a005b954b_high_precision_900015010,AI_VECTOR_CORE,13,1,2.780,1790766284635164.777	,1790766284635167.557	
0,BroadcastTo_7e5992d3033ef32a3463c5d198e518a1_high_performance_212100003,AI_VECTOR_CORE,13,2,6.420,1790766284635167.597	,1790766284635174.017	
0,HcPre_6c9f0fa710253eff38b1c0e6be6a67be_0,MIX_AIC,13,3,32.860,1790766284635175.457	,1790766284635208.318	
0,N/A,NOTIFY_WAIT,47,4661,3381.447,1790766284635177.877	,1790766284638559.325	
0,RmsNorm_normal_all_bf16_high_performance_0,AI_VECTOR_CORE,13,4,5.160,1790766284635209.038	,1790766284635214.198	
0,MatMulV2_ND_ND_FP16_FP16_false_true_all_98499,AI_CORE,13,5,165.143,1790766284635214.238	,1790766284635379.381	
0,Slice_ee29dafe4fe21e12bb8d56ae91626cba_high_performance_524000000,AI_VECTOR_CORE,13,6,1.940,1790766284635379.421	,1790766284635381.361	
0,MatMulV2_ND_ND_FP16_FP16_false_true_all_98325,AI_CORE,13,7,9.600,1790766284635381.381	,1790766284635390.981	
0,Slice_ee29dafe4fe21e12bb8d56ae91626cba_high_performance_524000000,AI_VECTOR_CORE,13,8,1.780,1790766284635391.001	,1790766284635392.781	
0,MatMulV2_ND_ND_FP16_FP16_false_true_all_98325,AI_CORE,13,9,8.200,1790766284635392.821	,1790766284635401.021	
0,ZerosLike_1c4543fdfe7149b6b0717bd88f061562_high_performance_210000000,AI_VECTOR_CORE,13,10,7.260,1790766284635401.041	,1790766284635408.302	
0,_copy_conv_state_kernel,AI_VECTOR_CORE,13,11,11.740,1790766284635408.322	,1790766284635420.062	
0,Slice_ee29dafe4fe21e12bb8d56ae91626cba_high_performance_524000000,AI_VECTOR_CORE,13,12,2.180,1790766284635420.102	,1790766284635422.282	
0,CausalConv1d_b0123b7fae3057c534dbb03661977c42_1,MIX_AIC,13,13,18.980,1790766284635423.382	,1790766284635442.362	
0,ViewCopy_7778b2d0a2938f9247cc0c9f84559eb2_high_performance__kernel0,AI_VECTOR_CORE,13,14,10.420,1790766284635443.502	,1790766284635453.922	
0,_copy_conv_state_kernel,AI_VECTOR_CORE,13,15,9.520,1790766284635453.962	,1790766284635463.483	
0,Slice_ee29dafe4fe21e12bb8d56ae91626cba_high_performance_524000000,AI_VECTOR_CORE,13,16,1.760,1790766284635463.523	,1790766284635465.283	
0,RecurrentKda_1ac9a791ca2957b2fe0a2e96909b5782_0,AI_VECTOR_CORE,13,17,52.081,1790766284635465.303	,1790766284635517.384	
0,_write_output,AI_VECTOR_CORE,13,18,3.060,1790766284635517.404	,1790766284635520.464	
0,layer_norm_gated_fwd_kernel,AI_VECTOR_CORE,13,19,4.180,1790766284635520.484	,1790766284635524.664	
0,MatMulV2_ND_ND_FP16_FP16_false_true_all_98499,AI_CORE,13,20,52.741,1790766284635524.684	,1790766284635577.425	
0,HcPost_d2fe6614722b27afa6f8d964c215447e_0,AI_VECTOR_CORE,13,21,8.120,1790766284635577.465	,1790766284635585.585	
0,HcPre_6c9f0fa710253eff38b1c0e6be6a67be_0,MIX_AIC,13,22,30.720,1790766284635586.765	,1790766284635617.486	
0,RmsNorm_normal_all_bf16_high_performance_0,AI_VECTOR_CORE,13,23,5.400,1790766284635618.466	,1790766284635623.866	
0,MatMulV2_ND_ND_FP16_FP16_false_true_all_98499,AI_CORE,13,24,174.203,1790766284635623.886	,1790766284635798.089	
0,Slice_ee29dafe4fe21e12bb8d56ae91626cba_high_performance_524000000,AI_VECTOR_CORE,13,25,2.320,1790766284635798.109	,1790766284635800.429	
0,ClipByValueV2_e87c9546cf2804355cf0d9445a2db01a_high_performance_220000000,AI_VECTOR_CORE,13,26,9.340,1790766284635800.449	,1790766284635809.790	
0,Slice_ee29dafe4fe21e12bb8d56ae91626cba_high_performance_524000000,AI_VECTOR_CORE,13,27,1.760,1790766284635809.830	,1790766284635811.590	
0,ClipByValueV2_e87c9546cf2804355cf0d9445a2db01a_high_performance_220000000,AI_VECTOR_CORE,13,28,6.280,1790766284635811.610	,1790766284635817.890	
0,Muls_299cf4d7f9ef0f745d89d88c666b45aa_high_performance_210000000,AI_VECTOR_CORE,13,29,6.440,1790766284635817.910	,1790766284635824.350	
0,Sigmoid_1c4543fdfe7149b6b0717bd88f061562_high_precision_210000000,AI_VECTOR_CORE,13,30,8.400,1790766284635824.370	,1790766284635832.770	
0,Mul_ce3d1ff8ba23a0bcb292da3577c1625d_high_performance_210020000,AI_VECTOR_CORE,13,31,9.500,1790766284635832.810	,1790766284635842.310	
0,Add_ce3d1ff8ba23a0bcb292da3577c1625d_high_performance_223000000,AI_VECTOR_CORE,13,32,6.840,1790766284635842.330	,1790766284635849.170	
0,Mul_ce3d1ff8ba23a0bcb292da3577c1625d_high_performance_210020000,AI_VECTOR_CORE,13,33,2.540,1790766284635849.190	,1790766284635851.730	
0,MatMulV2_ND_ND_FP16_FP16_false_true_all_98513,AI_CORE,13,34,103.302,1790766284635851.770	,1790766284635955.072	
0,HcPost_d2fe6614722b27afa6f8d964c215447e_0,AI_VECTOR_CORE,13,35,7.960,1790766284635955.092	,1790766284635963.053	
0,HcPre_6c9f0fa710253eff38b1c0e6be6a67be_0,MIX_AIC,13,36,29.160,1790766284635964.353	,1790766284635993.513	
0,RmsNorm_normal_all_bf16_high_performance_0,AI_VECTOR_CORE,13,37,5.140,1790766284635994.233	,1790766284635999.373	
0,MatMulV2_ND_ND_FP16_FP16_false_true_all_98499,AI_CORE,13,38,165.963,1790766284635999.393	,1790766284636165.357	
0,Slice_ee29dafe4fe21e12bb8d56ae91626cba_high_performance_524000000,AI_VECTOR_CORE,13,39,2.440,1790766284636165.377	,1790766284636167.817	
0,MatMulV2_ND_ND_FP16_FP16_false_true_all_98325,AI_CORE,13,40,7.920,1790766284636167.837	,1790766284636175.757	
0,Slice_ee29dafe4fe21e12bb8d56ae91626cba_high_performance_524000000,AI_VECTOR_CORE,13,41,1.880,1790766284636175.777	,1790766284636177.657	
0,MatMulV2_ND_ND_FP16_FP16_false_true_all_98325,AI_CORE,13,42,7.480,1790766284636177.677	,1790766284636185.157	
0,ZerosLike_1c4543fdfe7149b6b0717bd88f061562_high_performance_210000000,AI_VECTOR_CORE,13,43,7.180,1790766284636185.177	,1790766284636192.357	
0,_copy_conv_state_kernel,AI_VECTOR_CORE,13,44,11.480,1790766284636192.377	,1790766284636203.857	
0,Slice_ee29dafe4fe21e12bb8d56ae91626cba_high_performance_524000000,AI_VECTOR_CORE,13,45,2.100,1790766284636203.897	,1790766284636205.997	
0,CausalConv1d_b0123b7fae3057c534dbb03661977c42_1,MIX_AIC,13,46,19.640,1790766284636207.038	,1790766284636226.678	
0,ViewCopy_7778b2d0a2938f9247cc0c9f84559eb2_high_performance__kernel0,AI_VECTOR_CORE,13,47,8.760,1790766284636227.758	,1790766284636236.518	
0,_copy_conv_state_kernel,AI_VECTOR_CORE,13,48,9.740,1790766284636236.538	,1790766284636246.278	
0,Slice_ee29dafe4fe21e12bb8d56ae91626cba_high_performance_524000000,AI_VECTOR_CORE,13,49,1.840,1790766284636246.318	,1790766284636248.158	
0,RecurrentKda_1ac9a791ca2957b2fe0a2e96909b5782_0,AI_VECTOR_CORE,13,50,53.481,1790766284636248.178	,1790766284636301.659	
0,_write_output,AI_VECTOR_CORE,13,51,3.060,1790766284636301.679	,1790766284636304.739	
0,layer_norm_gated_fwd_kernel,AI_VECTOR_CORE,13,52,4.240,1790766284636304.759	,1790766284636309.000	
0,MatMulV2_ND_ND_FP16_FP16_false_true_all_98499,AI_CORE,13,53,63.041,1790766284636309.020	,1790766284636372.061	
0,HcPost_d2fe6614722b27afa6f8d964c215447e_0,AI_VECTOR_CORE,13,54,8.180,1790766284636372.101	,1790766284636380.281	
0,HcPre_6c9f0fa710253eff38b1c0e6be6a67be_0,MIX_AIC,13,55,30.540,1790766284636381.361	,1790766284636411.902	
0,RmsNorm_normal_all_bf16_high_performance_0,AI_VECTOR_CORE,13,56,4.980,1790766284636413.062	,1790766284636418.042	
0,MatMulV2_ND_ND_FP16_FP16_false_true_all_98499,AI_CORE,13,57,177.963,1790766284636418.082	,1790766284636596.045	
0,Slice_ee29dafe4fe21e12bb8d56ae91626cba_high_performance_524000000,AI_VECTOR_CORE,13,58,2.180,1790766284636596.065	,1790766284636598.245	
0,ClipByValueV2_e87c9546cf2804355cf0d9445a2db01a_high_performance_220000000,AI_VECTOR_CORE,13,59,10.060,1790766284636598.265	,1790766284636608.326	
0,Slice_ee29dafe4fe21e12bb8d56ae91626cba_high_performance_524000000,AI_VECTOR_CORE,13,60,1.820,1790766284636608.346	,1790766284636610.166	
0,ClipByValueV2_e87c9546cf2804355cf0d9445a2db01a_high_performance_220000000,AI_VECTOR_CORE,13,61,8.180,1790766284636610.206	,1790766284636618.386	
0,Muls_299cf4d7f9ef0f745d89d88c666b45aa_high_performance_210000000,AI_VECTOR_CORE,13,62,7.280,1790766284636618.406	,1790766284636625.686	
0,Sigmoid_1c4543fdfe7149b6b0717bd88f061562_high_precision_210000000,AI_VECTOR_CORE,13,63,8.240,1790766284636625.726	,1790766284636633.966	
0,Mul_ce3d1ff8ba23a0bcb292da3577c1625d_high_performance_210020000,AI_VECTOR_CORE,13,64,9.600,1790766284636633.986	,1790766284636643.586	
0,Add_ce3d1ff8ba23a0bcb292da3577c1625d_high_performance_223000000,AI_VECTOR_CORE,13,65,7.080,1790766284636643.606	,1790766284636650.686	
0,Mul_ce3d1ff8ba23a0bcb292da3577c1625d_high_performance_210020000,AI_VECTOR_CORE,13,66,2.580,1790766284636650.706	,1790766284636653.286	
0,MatMulV2_ND_ND_FP16_FP16_false_true_all_98513,AI_CORE,13,67,99.821,1790766284636653.326	,1790766284636753.148	
0,HcPost_d2fe6614722b27afa6f8d964c215447e_0,AI_VECTOR_CORE,13,68,8.060,1790766284636753.168	,1790766284636761.229	
0,HcPre_6c9f0fa710253eff38b1c0e6be6a67be_0,MIX_AIC,13,69,28.120,1790766284636762.589	,1790766284636790.709	
0,RmsNorm_normal_all_bf16_high_performance_0,AI_VECTOR_CORE,13,70,4.980,1790766284636791.829	,1790766284636796.809	
0,MatMulV2_ND_ND_FP16_FP16_false_true_all_98499,AI_CORE,13,71,149.663,1790766284636796.829	,1790766284636946.492	
0,Slice_ee29dafe4fe21e12bb8d56ae91626cba_high_performance_524000000,AI_VECTOR_CORE,13,72,2.320,1790766284636946.512	,1790766284636948.832	
0,MatMulV2_ND_ND_FP16_FP16_false_true_all_98325,AI_CORE,13,73,8.240,1790766284636948.852	,1790766284636957.092	
0,Slice_ee29dafe4fe21e12bb8d56ae91626cba_high_performance_524000000,AI_VECTOR_CORE,13,74,1.840,1790766284636957.112	,1790766284636958.953	
0,MatMulV2_ND_ND_FP16_FP16_false_true_all_98325,AI_CORE,13,75,7.760,1790766284636958.973	,1790766284636966.733	
0,ZerosLike_1c4543fdfe7149b6b0717bd88f061562_high_performance_210000000,AI_VECTOR_CORE,13,76,7.340,1790766284636966.753	,1790766284636974.093	
0,_copy_conv_state_kernel,AI_VECTOR_CORE,13,77,11.860,1790766284636974.113	,1790766284636985.973	
0,Slice_ee29dafe4fe21e12bb8d56ae91626cba_high_performance_524000000,AI_VECTOR_CORE,13,78,2.080,1790766284636985.993	,1790766284636988.073	
0,CausalConv1d_b0123b7fae3057c534dbb03661977c42_1,MIX_AIC,13,79,13.920,1790766284636989.533	,1790766284637003.453	
0,ViewCopy_7778b2d0a2938f9247cc0c9f84559eb2_high_performance__kernel0,AI_VECTOR_CORE,13,80,9.620,1790766284637004.733	,1790766284637014.354	
0,_copy_conv_state_kernel,AI_VECTOR_CORE,13,81,9.660,1790766284637014.374	,1790766284637024.034	
0,Slice_ee29dafe4fe21e12bb8d56ae91626cba_high_performance_524000000,AI_VECTOR_CORE,13,82,1.920,1790766284637024.054	,1790766284637025.974	
0,RecurrentKda_1ac9a791ca2957b2fe0a2e96909b5782_0,AI_VECTOR_CORE,13,83,53.241,1790766284637025.994	,1790766284637079.235	
0,_write_output,AI_VECTOR_CORE,13,84,3.220,1790766284637079.255	,1790766284637082.475	
0,layer_norm_gated_fwd_kernel,AI_VECTOR_CORE,13,85,4.200,1790766284637082.515	,1790766284637086.715	
0,MatMulV2_ND_ND_FP16_FP16_false_true_all_98499,AI_CORE,13,86,58.581,1790766284637086.735	,1790766284637145.316	
0,HcPost_d2fe6614722b27afa6f8d964c215447e_0,AI_VECTOR_CORE,13,87,7.880,1790766284637145.336	,1790766284637153.216	
0,HcPre_6c9f0fa710253eff38b1c0e6be6a67be_0,MIX_AIC,13,88,30.740,1790766284637154.156	,1790766284637184.897	
0,RmsNorm_normal_all_bf16_high_performance_0,AI_VECTOR_CORE,13,89,5.140,1790766284637185.857	,1790766284637190.997	
0,MatMulV2_ND_ND_FP16_FP16_false_true_all_98499,AI_CORE,13,90,174.343,1790766284637191.037	,1790766284637365.381	
0,Slice_ee29dafe4fe21e12bb8d56ae91626cba_high_performance_524000000,AI_VECTOR_CORE,13,91,2.200,1790766284637365.421	,1790766284637367.621	
0,ClipByValueV2_e87c9546cf2804355cf0d9445a2db01a_high_performance_220000000,AI_VECTOR_CORE,13,92,9.800,1790766284637367.641	,1790766284637377.441	
0,Slice_ee29dafe4fe21e12bb8d56ae91626cba_high_performance_524000000,AI_VECTOR_CORE,13,93,1.800,1790766284637377.481	,1790766284637379.281	
0,ClipByValueV2_e87c9546cf2804355cf0d9445a2db01a_high_performance_220000000,AI_VECTOR_CORE,13,94,7.600,1790766284637379.301	,1790766284637386.901	
0,Muls_299cf4d7f9ef0f745d89d88c666b45aa_high_performance_210000000,AI_VECTOR_CORE,13,95,7.100,1790766284637386.921	,1790766284637394.021	
0,Sigmoid_1c4543fdfe7149b6b0717bd88f061562_high_precision_210000000,AI_VECTOR_CORE,13,96,8.520,1790766284637394.041	,1790766284637402.561	
0,Mul_ce3d1ff8ba23a0bcb292da3577c1625d_high_performance_210020000,AI_VECTOR_CORE,13,97,9.560,1790766284637402.581	,1790766284637412.142	
0,Add_ce3d1ff8ba23a0bcb292da3577c1625d_high_performance_223000000,AI_VECTOR_CORE,13,98,7.160,1790766284637412.162	,1790766284637419.322	
0,Mul_ce3d1ff8ba23a0bcb292da3577c1625d_high_performance_210020000,AI_VECTOR_CORE,13,99,2.720,1790766284637419.342	,1790766284637422.062	
0,MatMulV2_ND_ND_FP16_FP16_false_true_all_98513,AI_CORE,13,100,100.782,1790766284637422.102	,1790766284637522.884	
0,N/A,EVENT_WAIT,39,27,2164.643,1790766284637495.283	,1790766284639659.926	
0,HcPost_d2fe6614722b27afa6f8d964c215447e_0,AI_VECTOR_CORE,13,101,8.320,1790766284637522.904	,1790766284637531.224	
0,HcPre_6c9f0fa710253eff38b1c0e6be6a67be_0,MIX_AIC,13,102,28.800,1790766284637532.524	,1790766284637561.325	
0,RmsNorm_normal_all_bf16_high_performance_0,AI_VECTOR_CORE,13,103,5.160,1790766284637562.425	,1790766284637567.585	
0,MatMulV2_ND_ND_FP16_FP16_false_true_all_98513,AI_CORE,13,104,18.460,1790766284637567.605	,1790766284637586.065	
0,Slice_ee29dafe4fe21e12bb8d56ae91626cba_high_performance_524000000,AI_VECTOR_CORE,13,105,1.860,1790766284637586.085	,1790766284637587.945	
0,RmsNorm_normal_all_bf16_high_performance_2,AI_VECTOR_CORE,13,106,6.480,1790766284637587.965	,1790766284637594.445	
0,Slice_ee29dafe4fe21e12bb8d56ae91626cba_high_performance_524000000,AI_VECTOR_CORE,13,107,1.900,1790766284637594.465	,1790766284637596.365	
0,RmsNorm_normal_all_bf16_high_performance_2,AI_VECTOR_CORE,13,108,4.620,1790766284637596.385	,1790766284637601.005	
0,ScatterNdUpdate_bfloat16_int32_high_precision_11,MIX_AIV,13,109,6.440,1790766284637602.305	,1790766284637608.746	
0,MatMulV2_ND_ND_FP16_FP16_false_true_all_98499,AI_CORE,13,110,45.680,1790766284637609.606	,1790766284637655.286	
0,TransposeBatchMatMul_ND_ND_ND_ND_ND_BF16_BF16_BF16_INT64_BF16_high_performance_32,AI_CORE,13,111,24.720,1790766284637655.306	,1790766284637680.027	
0,Cast_b2717900ea7de2d41ea9c63d23aa269b_high_performance_210000000,AI_VECTOR_CORE,13,112,3.860,1790766284637680.047	,1790766284637683.907	
0,MatMulV2_ND_ND_FP32_FP32_false_true_all_65665,AI_CORE,13,113,9.580,1790766284637683.927	,1790766284637693.507	
0,Slice_82e6b4faea71b451f217d7ea57c08012_high_performance_524000000,AI_VECTOR_CORE,13,114,2.200,1790766284637693.527	,1790766284637695.727	
0,LayerNormV3_23ae115d70bd435e4cb966a52be97b55_high_precision_1600400500,AI_VECTOR_CORE,13,115,6.300,1790766284637695.747	,1790766284637702.047	
0,MatMulV2_ND_ND_FP32_FP32_false_true_all_65665,AI_CORE,13,116,8.600,1790766284637702.087	,1790766284637710.688	
0,MatMulV2_ND_ND_FP16_FP16_false_true_all_98499,AI_CORE,13,117,17.660,1790766284637710.708	,1790766284637728.368	
0,Slice_82e6b4faea71b451f217d7ea57c08012_high_performance_524000000,AI_VECTOR_CORE,13,118,1.860,1790766284637728.408	,1790766284637730.268	
0,Cast_9f288b80370c6545ffe8cef142d37f5c_high_performance_210000000,AI_VECTOR_CORE,13,119,1.480,1790766284637730.308	,1790766284637731.788	
0,Muls_299cf4d7f9ef0f745d89d88c666b45aa_high_performance_210000000,AI_VECTOR_CORE,13,120,1.360,1790766284637731.808	,1790766284637733.168	
0,_glm5_next_kpool_tail_compress_kernel,AI_VECTOR_CORE,13,121,2.340,1790766284637733.188	,1790766284637735.528	
0,_store_kpool_tail_kernel,AI_VECTOR_CORE,13,122,4.680,1790766284637735.548	,1790766284637740.228	
0,Cast_b2717900ea7de2d41ea9c63d23aa269b_high_performance_210000000,AI_VECTOR_CORE,13,123,2.560,1790766284637740.248	,1790766284637742.808	
0,Cast_b2717900ea7de2d41ea9c63d23aa269b_high_performance_210000000,AI_VECTOR_CORE,13,124,1.180,1790766284637742.828	,1790766284637744.008	
0,Mul_ee98c6628030785f610b924ab1557b31_high_performance_212000001,AI_VECTOR_CORE,13,125,9.180,1790766284637744.028	,1790766284637753.208	
0,ReduceSum_7a09f5b7af4126487a7f726a9aac7548_high_performance_10002100900,MIX_AIV,13,126,12.360,1790766284637754.348	,1790766284637766.709	
0,_glm5_next_lightning_indexer_score_kernel,AI_VECTOR_CORE,13,127,10.240,1790766284637767.749	,1790766284637777.989	
0,TopKV2_5c671486fda0d949d7cba9a9754bc2dd_high_performance_2017612701781458944,MIX_AIV,13,128,10.000,1790766284637779.109	,1790766284637789.109	
0,Cast_e87590d11ccda8b259ab6b1ea7212319_high_performance_210000000,AI_VECTOR_CORE,13,129,1.900,1790766284637790.049	,1790766284637791.949	
0,Cast_39a266ce9a8d7d9ead33f6686e936b72_high_performance_210000000,AI_VECTOR_CORE,13,130,2.020,1790766284637791.969	,1790766284637793.989	
0,_expand_pool_indices,AI_VECTOR_CORE,13,131,16.620,1790766284637794.029	,1790766284637810.650	
0,Slice_b9b91ad79a469f7fcff72949705be0f9_high_performance_521000000,AI_VECTOR_CORE,13,132,2.340,1790766284637810.670	,1790766284637813.010	
0,SparseFlashAttention_2e25ad8fefac1f04c03bd78f2d2ab366_1158,MIX_AIC,13,133,33.940,1790766284637813.890	,1790766284637847.830	
0,TransposeBatchMatMul_ND_ND_ND_ND_ND_BF16_BF16_BF16_INT64_BF16_high_performance_32,AI_CORE,13,134,24.440,1790766284637848.630	,1790766284637873.071	
0,MatMulV2_ND_ND_FP16_FP16_false_true_all_98513,AI_CORE,13,135,133.102,1790766284637873.091	,1790766284638006.193	
0,N/A,EVENT_WAIT,45,263,1760.395,1790766284637899.571	,1790766284639659.966	
0,N/A,MEMCPY_ASYNC,13,136,0.600,1790766284638006.213	,1790766284638006.813	
0,HcPost_d2fe6614722b27afa6f8d964c215447e_0,AI_VECTOR_CORE,13,137,8.040,1790766284638006.833	,1790766284638014.874	
0,HcPre_6c9f0fa710253eff38b1c0e6be6a67be_0,MIX_AIC,13,138,29.440,1790766284638016.254	,1790766284638045.694	
0,RmsNorm_normal_all_bf16_high_performance_0,AI_VECTOR_CORE,13,139,4.920,1790766284638046.754	,1790766284638051.674	
0,N/A,EVENT_RECORD,13,140,0.020,1790766284638051.694	,1790766284638051.714	
0,Cast_b2717900ea7de2d41ea9c63d23aa269b_high_performance_210000000,AI_VECTOR_CORE,13,141,3.620,1790766284638051.734	,1790766284638055.354	
0,MatMulV2_ND_ND_FP32_FP32_false_true_all_65665,AI_CORE,13,142,5.880,1790766284638055.394	,1790766284638061.275	
0,N/A,EVENT_RECORD,13,143,0.020,1790766284638061.295	,1790766284638061.315	
0,MoeGatingTopK_81369a2fa0455f39b5d19d432d261f57_1,AI_VECTOR_CORE,13,144,5.300,1790766284638061.355	,1790766284638066.655	
0,N/A,EVENT_RECORD,13,145,0.020,1790766284638066.675	,1790766284638066.695	
0,MoeInitRoutingV3_4ca8d2d329b4477b44dd2ee885849b12_2100000,MIX_AIV,13,146,14.220,1790766284638067.635	,1790766284638081.855	
0,GroupedMatmul_0d2d43751f81d7f29646a862147967c9_68885275,MIX_AIC,13,147,206.124,1790766284638084.695	,1790766284638290.819	
0,Slice_ee29dafe4fe21e12bb8d56ae91626cba_high_performance_524000000,AI_VECTOR_CORE,13,148,2.640,1790766284638291.599	,1790766284638294.239	
0,ClipByValueV2_e87c9546cf2804355cf0d9445a2db01a_high_performance_220000000,AI_VECTOR_CORE,13,149,10.280,1790766284638294.259	,1790766284638304.539	
0,ViewCopy_7778b2d0a2938f9247cc0c9f84559eb2_high_performance__kernel0,AI_VECTOR_CORE,13,150,9.600,1790766284638304.559	,1790766284638314.160	
0,Slice_ee29dafe4fe21e12bb8d56ae91626cba_high_performance_524000000,AI_VECTOR_CORE,13,151,2.300,1790766284638314.180	,1790766284638316.480	
0,ClipByValueV2_e87c9546cf2804355cf0d9445a2db01a_high_performance_220000000,AI_VECTOR_CORE,13,152,6.240,1790766284638316.500	,1790766284638322.740	
0,ViewCopy_7778b2d0a2938f9247cc0c9f84559eb2_high_performance__kernel0,AI_VECTOR_CORE,13,153,9.000,1790766284638322.760	,1790766284638331.760	
0,SwiGlu_3_high_performance_27,AI_VECTOR_CORE,13,154,6.880,1790766284638331.780	,1790766284638338.660	
0,N/A,EVENT_RECORD,13,155,0.020,1790766284638338.680	,1790766284638338.700	
0,GroupedMatmul_0d2d43751f81d7f29646a862147967c9_68885275,MIX_AIC,13,156,101.162,1790766284638339.820	,1790766284638440.982	
0,N/A,EVENT_RECORD,13,157,0.020,1790766284638441.762	,1790766284638441.782	
0,Cast_9f288b80370c6545ffe8cef142d37f5c_high_performance_210000000,AI_VECTOR_CORE,13,158,1.260,1790766284638441.802	,1790766284638443.062	
0,Abs_8098b79498645e9c0da095babdeaf862_high_performance_210000000,AI_VECTOR_CORE,13,159,1.520,1790766284638443.082	,1790766284638444.602	
0,MoeTokenUnpermute_6dd49246dc9576d3314234df69cb5c22_1,AI_VECTOR_CORE,13,160,4.620,1790766284638444.622	,1790766284638449.242	
0,MatMulV2_ND_ND_FP16_FP16_false_true_all_98499,AI_CORE,13,161,32.020,1790766284638449.282	,1790766284638481.303	
0,Slice_ee29dafe4fe21e12bb8d56ae91626cba_high_performance_524000000,AI_VECTOR_CORE,13,162,1.740,1790766284638481.343	,1790766284638483.083	
0,ClipByValueV2_e87c9546cf2804355cf0d9445a2db01a_high_performance_220000000,AI_VECTOR_CORE,13,163,2.160,1790766284638483.103	,1790766284638485.263	
0,Slice_ee29dafe4fe21e12bb8d56ae91626cba_high_performance_524000000,AI_VECTOR_CORE,13,164,1.380,1790766284638485.283	,1790766284638486.663	
0,ClipByValueV2_e87c9546cf2804355cf0d9445a2db01a_high_performance_220000000,AI_VECTOR_CORE,13,165,2.440,1790766284638486.683	,1790766284638489.123	
0,Muls_299cf4d7f9ef0f745d89d88c666b45aa_high_performance_210000000,AI_VECTOR_CORE,13,166,2.040,1790766284638489.143	,1790766284638491.183	
0,Sigmoid_1c4543fdfe7149b6b0717bd88f061562_high_precision_210000000,AI_VECTOR_CORE,13,167,3.000,1790766284638491.203	,1790766284638494.203	
0,Mul_ce3d1ff8ba23a0bcb292da3577c1625d_high_performance_210020000,AI_VECTOR_CORE,13,168,2.760,1790766284638494.223	,1790766284638496.983	
0,Add_ce3d1ff8ba23a0bcb292da3577c1625d_high_performance_223000000,AI_VECTOR_CORE,13,169,2.620,1790766284638497.003	,1790766284638499.623	
0,Mul_ce3d1ff8ba23a0bcb292da3577c1625d_high_performance_210020000,AI_VECTOR_CORE,13,170,2.680,1790766284638499.643	,1790766284638502.323	
0,MatMulV2_ND_ND_FP16_FP16_false_true_all_98499,AI_CORE,13,171,18.240,1790766284638502.363	,1790766284638520.604	
0,ForeachAddList_c73cb8f503197be65eaf63148ad48de4_high_performance_4,AI_VECTOR_CORE,13,172,14.320,1790766284638520.624	,1790766284638534.944	
0,HcPost_d2fe6614722b27afa6f8d964c215447e_0,AI_VECTOR_CORE,13,173,6.460,1790766284638534.964	,1790766284638541.424	
0,ReduceMean_9a2479d4dc5148645cb3f4b9e765c637_high_precision_2100900,MIX_AIV,13,174,11.060,1790766284638542.384	,1790766284638553.444	
0,RmsNorm_normal_all_bf16_high_performance_0,AI_VECTOR_CORE,13,175,3.700,1790766284638554.544	,1790766284638558.244	
0,N/A,EVENT_RESET,13,176,0.100,1790766284638558.264	,1790766284638558.364	
0,N/A,EVENT_RESET,13,177,0.080,1790766284638558.384	,1790766284638558.464	
0,N/A,EVENT_RESET,13,178,0.100,1790766284638558.484	,1790766284638558.584	
0,N/A,EVENT_RESET,13,179,0.100,1790766284638558.604	,1790766284638558.704	
0,N/A,EVENT_RESET,13,180,0.100,1790766284638558.724	,1790766284638558.824	
0,N/A,NOTIFY_RECORD,13,181,0.020,1790766284638558.844	,1790766284638558.864	
0,IndexCheck_int32_high_performance_1,AI_VECTOR_CORE,47,4662,3.280,1790766284638559.425	,1790766284638562.705	
0,Index_b1b18d29d34a3b544b5bb6b3f56177c3_high_performance__kernel0,AI_VECTOR_CORE,47,4663,8.000,1790766284638562.725	,1790766284638570.725	
0,MatMulV2_ND_ND_FP16_FP16_false_true_all_98499,AI_CORE,47,4664,905.818,1790766284638570.765	,1790766284639476.583	
0,Cast_b2717900ea7de2d41ea9c63d23aa269b_high_performance_210000000,AI_VECTOR_CORE,47,4665,7.700,1790766284639476.603	,1790766284639484.303	
0,LogSoftmaxV2_291664ae3e88b38b8b46c2efbbea27c9_high_precision_400001,AI_VECTOR_CORE,47,4666,44.700,1790766284639484.323	,1790766284639529.024	
0,Cast_b2717900ea7de2d41ea9c63d23aa269b_high_performance_210000000,AI_VECTOR_CORE,47,4667,3.420,1790766284639529.044	,1790766284639532.464	
0,ArgMaxV2_4402011f777d6374ab9f6425cb5984c4_high_performance_3,AI_VECTOR_CORE,47,4668,19.680,1790766284639532.484	,1790766284639552.164	
0,Cast_e87590d11ccda8b259ab6b1ea7212319_high_performance_210000000,AI_VECTOR_CORE,47,4669,1.360,1790766284639552.184	,1790766284639553.544	
0,TopKV2_5c671486fda0d949d7cba9a9754bc2dd_high_performance_2017612907943034881,MIX_AIV,47,4670,31.600,1790766284639554.824	,1790766284639586.425	
0,TopKV2_5c671486fda0d949d7cba9a9754bc2dd_high_performance_2017612701781458944,MIX_AIV,47,4671,4.160,1790766284639588.985	,1790766284639593.145	
0,GatherElements_8b4ec10fbb39c5c0a65192c606400b29_high_performance__kernel0,AI_VECTOR_CORE,47,4672,3.940,1790766284639594.445	,1790766284639598.385	
0,Cast_e87590d11ccda8b259ab6b1ea7212319_high_performance_210000000,AI_VECTOR_CORE,47,4673,1.160,1790766284639598.405	,1790766284639599.565	
0,Cast_39a266ce9a8d7d9ead33f6686e936b72_high_performance_210000000,AI_VECTOR_CORE,47,4674,1.400,1790766284639599.585	,1790766284639600.985	
0,GatherElementsV2_fp32_high_performance_2,AI_VECTOR_CORE,47,4675,4.020,1790766284639601.025	,1790766284639605.045	
0,GreaterEqual_3efaad932f458d7892fdb0715ec85b2b_high_performance_212000002,AI_VECTOR_CORE,47,4676,10.300,1790766284639605.065	,1790766284639615.366	
0,Cast_df2b778f1b80e749bd4242386ec57ab9_high_performance_210000000,AI_VECTOR_CORE,47,4677,7.000,1790766284639615.386	,1790766284639622.386	
0,ReduceSum_7a09f5b7af4126487a7f726a9aac7548_high_performance_110001000400,MIX_AIV,47,4678,24.700,1790766284639623.626	,1790766284639648.326	
0,Cast_c6738f795430c3c6f09cdc8d52a1b43d_high_performance_210000000,AI_VECTOR_CORE,47,4679,1.420,1790766284639649.226	,1790766284639650.646	
0,ConcatD_0d745295987e1c668b2ec8b2844aeada_high_performance_0,AI_VECTOR_CORE,47,4680,3.340,1790766284639650.666	,1790766284639654.006	
0,ConcatD_233851a3505389e43928a8bba133a74d_high_performance_0,AI_VECTOR_CORE,47,4681,2.480,1790766284639654.046	,1790766284639656.526	
0,Cast_39a266ce9a8d7d9ead33f6686e936b72_high_performance_210000000,AI_VECTOR_CORE,47,4682,1.500,1790766284639656.566	,1790766284639658.066	
0,Cast_39a266ce9a8d7d9ead33f6686e936b72_high_performance_210000000,AI_VECTOR_CORE,47,4683,1.340,1790766284639658.086	,1790766284639659.426	
0,N/A,EVENT_RECORD,47,4684,0.020,1790766284639659.446	,1790766284639659.466	
0,N/A,EVENT_RECORD,47,4685,0.020,1790766284639659.486	,1790766284639659.506	
0,N/A,MEMCPY_ASYNC,45,264,2.180,1790766284639659.986	,1790766284639662.167	
0,N/A,MEMCPY_ASYNC,45,265,1.900,1790766284639662.327	,1790766284639664.227	
0,N/A,MEMCPY_ASYNC,45,266,1.900,1790766284639664.367	,1790766284639666.267	
0,N/A,MEMCPY_ASYNC,45,267,1.880,1790766284639666.427	,1790766284639668.307	
0,N/A,EVENT_RECORD,45,268,0.020,1790766284639668.467	,1790766284639668.487	
0,N/A,EVENT_RECORD,45,269,0.020,1790766284639668.507	,1790766284639668.527	
0,N/A,EVENT_RECORD,45,270,0.000,1790766284639728.888	,1790766284639728.888	
0,N/A,EVENT_RECORD,45,271,0.000,1790766284639779.889	,1790766284639779.889	
0,N/A,EVENT_RECORD,45,272,0.000,1790766284640192.537	,1790766284640192.537	
0,N/A,MEMCPY_ASYNC,47,4686,2.480,1790766284640465.223	,1790766284640467.703	
0,N/A,MEMCPY_ASYNC,47,4687,2.400,1790766284640573.165	,1790766284640575.565	
0,N/A,MEMCPY_ASYNC,47,4688,2.360,1790766284640661.327	,1790766284640663.687	
0,N/A,MEMCPY_ASYNC,47,4689,2.240,1790766284640716.248	,1790766284640718.488	
0,N/A,MEMCPY_ASYNC,47,4690,2.340,1790766284640781.569	,1790766284640783.909	
0,N/A,MEMCPY_ASYNC,47,4691,2.400,1790766284641097.415	,1790766284641099.815	
0,N/A,MEMCPY_ASYNC,47,4692,2.240,1790766284641285.499	,1790766284641287.739	
0,N/A,MEMCPY_ASYNC,47,4693,2.180,1790766284641337.780	,1790766284641339.960	
0,Fill_1fbc7ee619b707282bbfd034093621df_high_performance_223000000,AI_VECTOR_CORE,47,4694,1.620,1790766284641511.143	,1790766284641512.764	
0,N/A,MEMCPY_ASYNC,47,4695,0.640,1790766284641720.828	,1790766284641721.468	
0,N/A,MEMCPY_ASYNC,47,4696,2.360,1790766284641957.672	,1790766284641960.032	
0,Fill_1fbc7ee619b707282bbfd034093621df_high_performance_223000000,AI_VECTOR_CORE,47,4697,1.640,1790766284642012.593	,1790766284642014.234	
0,N/A,MEMCPY_ASYNC,47,4698,2.380,1790766284642068.675	,1790766284642071.055	
0,N/A,MEMCPY_ASYNC,47,4699,2.360,1790766284642162.336	,1790766284642164.697	
0,N/A,MEMCPY_ASYNC,47,4700,2.520,1790766284642261.618	,1790766284642264.139	
0,N/A,MEMCPY_ASYNC,47,4701,2.240,1790766284642363.221	,1790766284642365.461	
0,IndexCheck_int64_high_performance_0,AI_VECTOR_CORE,47,4702,3.140,1790766284642482.903	,1790766284642486.043	
0,Index_f34e8f0e5e2c96109aa0460550023804_high_performance__kernel0,AI_VECTOR_CORE,47,4703,7.760,1790766284642486.083	,1790766284642493.843	
0,Cast_e87590d11ccda8b259ab6b1ea7212319_high_performance_210000000,AI_VECTOR_CORE,47,4704,1.220,1790766284642572.225	,1790766284642573.445	
0,Add_41dadce325b0f810d03359af2a38990b_high_performance_210000000,AI_VECTOR_CORE,47,4705,2.620,1790766284642654.866	,1790766284642657.486	
0,N/A,MEMCPY_ASYNC,47,4706,0.600,1790766284642756.288	,1790766284642756.888	
0,Add_9342884c99c006e21fc9d5d9260b8bef_high_performance_210000000,AI_VECTOR_CORE,47,4707,1.560,1790766284642836.250	,1790766284642837.810	
0,N/A,MEMCPY_ASYNC,47,4708,0.580,1790766284642891.591	,1790766284642892.171	
0,Fill_1fbc7ee619b707282bbfd034093621df_high_performance_210000000,AI_VECTOR_CORE,47,4709,1.520,1790766284642964.053	,1790766284642965.573	
0,_compute_slot_mapping_fused_groups_adaptive_kernel,AI_VECTOR_CORE,47,4710,4.620,1790766284643352.420	,1790766284643357.040	
0,Sub_9342884c99c006e21fc9d5d9260b8bef_high_performance_223000000,AI_VECTOR_CORE,47,4711,1.620,1790766284643503.503	,1790766284643505.123	
0,N/A,MEMCPY_ASYNC,47,4712,2.260,1790766284643856.910	,1790766284643859.170	
0,Fill_1fbc7ee619b707282bbfd034093621df_high_performance_210000000,AI_VECTOR_CORE,47,4713,1.360,1790766284644020.154	,1790766284644021.514	
0,Fill_1fbc7ee619b707282bbfd034093621df_high_performance_223000000,AI_VECTOR_CORE,47,4714,1.520,1790766284644063.434	,1790766284644064.955	
0,Cast_e87590d11ccda8b259ab6b1ea7212319_high_performance_210000000,AI_VECTOR_CORE,47,4715,1.220,1790766284644607.505	,1790766284644608.725	
0,FloorDiv_41dadce325b0f810d03359af2a38990b_high_performance_223000000,AI_VECTOR_CORE,47,4716,6.420,1790766284644609.665	,1790766284644616.086	
0,Cast_39a266ce9a8d7d9ead33f6686e936b72_high_performance_210000000,AI_VECTOR_CORE,47,4717,1.520,1790766284644616.106	,1790766284644617.626	
0,N/A,MEMCPY_ASYNC,47,4718,0.580,1790766284644769.689	,1790766284644770.269	
0,Cast_e87590d11ccda8b259ab6b1ea7212319_high_performance_210000000,AI_VECTOR_CORE,47,4719,1.100,1790766284644872.571	,1790766284644873.671	
0,GreaterEqual_1ea4da630f56dc1c2d6e7c9a9dd17b11_high_performance_223000000,AI_VECTOR_CORE,47,4720,3.140,1790766284644874.291	,1790766284644877.431	
0,Add_41dadce325b0f810d03359af2a38990b_high_performance_223000000,AI_VECTOR_CORE,47,4721,2.700,1790766284644950.572	,1790766284644953.272	
0,BroadcastTo_41dadce325b0f810d03359af2a38990b_high_performance_232000000,AI_VECTOR_CORE,47,4722,1.880,1790766284644994.233	,1790766284644996.113	
0,FloorMod_41dadce325b0f810d03359af2a38990b_high_precision_210000000,AI_VECTOR_CORE,47,4723,1.640,1790766284644996.133	,1790766284644997.773	
0,Equal_1ea4da630f56dc1c2d6e7c9a9dd17b11_high_performance_223000000,AI_VECTOR_CORE,47,4724,2.360,1790766284645038.354	,1790766284645040.714	
0,LogicalAnd_91d2a3cdd75d915a368582ec5f440af1_high_performance_210000000,AI_VECTOR_CORE,47,4725,1.640,1790766284645080.995	,1790766284645082.635	
0,ClipByValueV2_3bc53d14ff7dfecd0ed0c69136ab471a_high_performance_220000000,AI_VECTOR_CORE,47,4726,2.920,1790766284645133.736	,1790766284645136.656	
0,Cast_e87590d11ccda8b259ab6b1ea7212319_high_performance_210000000,AI_VECTOR_CORE,47,4727,1.140,1790766284645188.197	,1790766284645189.337	
0,FloorDiv_41dadce325b0f810d03359af2a38990b_high_performance_223000000,AI_VECTOR_CORE,47,4728,1.700,1790766284645189.557	,1790766284645191.257	
0,Cast_39a266ce9a8d7d9ead33f6686e936b72_high_performance_210000000,AI_VECTOR_CORE,47,4729,1.320,1790766284645193.857	,1790766284645195.177	
0,BroadcastTo_c71434db8135ff9089d65053721e3417_high_performance_232000000,AI_VECTOR_CORE,47,4730,1.480,1790766284645244.118	,1790766284645245.598	
0,FloorMod_9342884c99c006e21fc9d5d9260b8bef_high_precision_210000000,AI_VECTOR_CORE,47,4731,3.220,1790766284645245.618	,1790766284645248.838	
0,Mul_9342884c99c006e21fc9d5d9260b8bef_high_performance_223000000,AI_VECTOR_CORE,47,4732,1.460,1790766284645287.939	,1790766284645289.399	
0,Cast_e87590d11ccda8b259ab6b1ea7212319_high_performance_210000000,AI_VECTOR_CORE,47,4733,1.220,1790766284645352.620	,1790766284645353.840	
0,FloorDiv_41dadce325b0f810d03359af2a38990b_high_performance_223000000,AI_VECTOR_CORE,47,4734,1.700,1790766284645353.960	,1790766284645355.660	
0,Cast_39a266ce9a8d7d9ead33f6686e936b72_high_performance_210000000,AI_VECTOR_CORE,47,4735,1.180,1790766284645355.720	,1790766284645356.900	
0,Add_9342884c99c006e21fc9d5d9260b8bef_high_performance_210000000,AI_VECTOR_CORE,47,4736,1.320,1790766284645385.981	,1790766284645387.301	
0,Fill_1fbc7ee619b707282bbfd034093621df_high_performance_223000000,AI_VECTOR_CORE,47,4737,1.200,1790766284645449.202	,1790766284645450.402	
0,SelectV2_9bb0969ab50036eba4428cd9974a5c0b_high_performance_210000000,AI_VECTOR_CORE,47,4738,2.020,1790766284645484.183	,1790766284645486.203	
0,Cast_e87590d11ccda8b259ab6b1ea7212319_high_performance_210000000,AI_VECTOR_CORE,47,4739,1.420,1790766284645536.504	,1790766284645537.924	
0,Cast_e87590d11ccda8b259ab6b1ea7212319_high_performance_210000000,AI_VECTOR_CORE,47,4740,1.220,1790766284645624.046	,1790766284645625.266	
0,FloorDiv_41dadce325b0f810d03359af2a38990b_high_performance_223000000,AI_VECTOR_CORE,47,4741,1.820,1790766284645626.146	,1790766284645627.966	
0,Cast_39a266ce9a8d7d9ead33f6686e936b72_high_performance_210000000,AI_VECTOR_CORE,47,4742,1.180,1790766284645627.986	,1790766284645629.166	
0,N/A,MEMCPY_ASYNC,47,4743,0.600,1790766284645750.728	,1790766284645751.328	
0,N/A,MEMCPY_ASYNC,47,4744,0.620,1790766284645844.550	,1790766284645845.170	
0,Fill_1fbc7ee619b707282bbfd034093621df_high_performance_210000000,AI_VECTOR_CORE,47,4745,1.340,1790766284646074.415	,1790766284646075.755	
0,Fill_1fbc7ee619b707282bbfd034093621df_high_performance_210000000,AI_VECTOR_CORE,47,4746,1.220,1790766284646117.316	,1790766284646118.536	
0,Fill_1fbc7ee619b707282bbfd034093621df_high_performance_210000000,AI_VECTOR_CORE,47,4747,1.320,1790766284646309.419	,1790766284646310.739	
0,Fill_1fbc7ee619b707282bbfd034093621df_high_performance_210000000,AI_VECTOR_CORE,47,4748,1.400,1790766284646350.240	,1790766284646351.640	
0,N/A,MEMCPY_ASYNC,47,4749,0.560,1790766284646952.692	,1790766284646953.252	
0,Fill_1fbc7ee619b707282bbfd034093621df_high_performance_210000000,AI_VECTOR_CORE,47,4750,1.180,1790766284647010.133	,1790766284647011.313	
0,N/A,MEMCPY_ASYNC,47,4751,0.660,1790766284647166.376	,1790766284647167.036	
0,N/A,MEMCPY_ASYNC,47,4752,0.540,1790766284647318.420	,1790766284647318.960	
0,N/A,MEMCPY_ASYNC,47,4753,0.660,1790766284647486.343	,1790766284647487.003	
0,Sub_9342884c99c006e21fc9d5d9260b8bef_high_performance_210000000,AI_VECTOR_CORE,47,4754,1.480,1790766284647559.304	,1790766284647560.784	
0,Fill_1fbc7ee619b707282bbfd034093621df_high_performance_210000000,AI_VECTOR_CORE,47,4755,1.280,1790766284647750.268	,1790766284647751.548	
0,Fill_1fbc7ee619b707282bbfd034093621df_high_performance_210000000,AI_VECTOR_CORE,47,4756,1.220,1790766284647780.649	,1790766284647781.869	
0,N/A,MEMCPY_ASYNC,47,4757,0.560,1790766284648339.560	,1790766284648340.120	
0,Fill_1fbc7ee619b707282bbfd034093621df_high_performance_210000000,AI_VECTOR_CORE,47,4758,1.280,1790766284648397.081	,1790766284648398.361	
0,N/A,MEMCPY_ASYNC,47,4759,0.580,1790766284648551.524	,1790766284648552.104	
0,N/A,MEMCPY_ASYNC,47,4760,0.520,1790766284648671.047	,1790766284648671.567	
0,N/A,MEMCPY_ASYNC,47,4761,0.700,1790766284648803.669	,1790766284648804.369	
0,Sub_9342884c99c006e21fc9d5d9260b8bef_high_performance_210000000,AI_VECTOR_CORE,47,4762,1.340,1790766284648889.311	,1790766284648890.651	
0,Fill_1fbc7ee619b707282bbfd034093621df_high_performance_210000000,AI_VECTOR_CORE,47,4763,1.420,1790766284649067.814	,1790766284649069.234	
0,Fill_1fbc7ee619b707282bbfd034093621df_high_performance_210000000,AI_VECTOR_CORE,47,4764,1.060,1790766284649110.655	,1790766284649111.715	
0,N/A,MEMCPY_ASYNC,47,4765,0.560,1790766284649654.946	,1790766284649655.506	
0,Fill_1fbc7ee619b707282bbfd034093621df_high_performance_210000000,AI_VECTOR_CORE,47,4766,1.300,1790766284649713.447	,1790766284649714.747	
0,N/A,MEMCPY_ASYNC,47,4767,0.640,1790766284649836.470	,1790766284649837.110	
0,N/A,MEMCPY_ASYNC,47,4768,0.580,1790766284649954.792	,1790766284649955.372	
0,N/A,MEMCPY_ASYNC,47,4769,0.580,1790766284650090.675	,1790766284650091.255	
0,Sub_9342884c99c006e21fc9d5d9260b8bef_high_performance_210000000,AI_VECTOR_CORE,47,4770,1.380,1790766284650165.136	,1790766284650166.516	
0,N/A,EVENT_RECORD,47,4771,0.020,1790766284650439.642	,1790766284650439.662	
0,ZerosLike_1d2fd313763487259859439d7e9b41cf_high_performance_210000000,AI_VECTOR_CORE,47,4772,2.180,1790766284650616.225	,1790766284650618.405	
0,Fill_279daeaf6b659300647aba3935d90048_high_performance_210000000,AI_VECTOR_CORE,47,4773,1.620,1790766284650943.092	,1790766284650944.712	
0,Cast_a9b7af94359fc7c19da07ad0790f065c_high_performance_210000000,AI_VECTOR_CORE,47,4774,1.200,1790766284650999.213	,1790766284651000.413	
0,BroadcastTo_c71434db8135ff9089d65053721e3417_high_performance_232000000,AI_VECTOR_CORE,47,4775,1.300,1790766284651004.513	,1790766284651005.813	
0,Cast_9fc020fd54590bb5fe6cf6eabcf7b473_high_performance_210000000,AI_VECTOR_CORE,47,4776,1.460,1790766284651011.273	,1790766284651012.733	
0,Fill_279daeaf6b659300647aba3935d90048_high_performance_210000000,AI_VECTOR_CORE,47,4777,1.260,1790766284651066.274	,1790766284651067.534	
0,N/A,MEMCPY_ASYNC,47,4778,0.560,1790766284651169.216	,1790766284651169.776	
0,N/A,MODEL_EXECUTE,47,4779,3.040,1790766284651421.141	,1790766284651424.182	
0,Cast_e87590d11ccda8b259ab6b1ea7212319_high_performance_210000000,AI_VECTOR_CORE,13,0,1.300,1790766284651424.102	,1790766284651425.402	
0,GatherV2_7869a97190b9b4d296d9414a005b954b_high_precision_900015010,AI_VECTOR_CORE,13,1,2.960,1790766284651425.422	,1790766284651428.382	
0,BroadcastTo_7e5992d3033ef32a3463c5d198e518a1_high_performance_212100003,AI_VECTOR_CORE,13,2,6.280,1790766284651428.402	,1790766284651434.682	
0,N/A,NOTIFY_WAIT,47,4780,3413.248,1790766284651434.822	,1790766284654848.070	
0,HcPre_6c9f0fa710253eff38b1c0e6be6a67be_0,MIX_AIC,13,3,32.140,1790766284651435.762	,1790766284651467.902	
0,RmsNorm_normal_all_bf16_high_performance_0,AI_VECTOR_CORE,13,4,5.460,1790766284651468.682	,1790766284651474.143	
0,MatMulV2_ND_ND_FP16_FP16_false_true_all_98499,AI_CORE,13,5,164.523,1790766284651474.163	,1790766284651638.686	
0,Slice_ee29dafe4fe21e12bb8d56ae91626cba_high_performance_524000000,AI_VECTOR_CORE,13,6,2.040,1790766284651638.726	,1790766284651640.766	
0,MatMulV2_ND_ND_FP16_FP16_false_true_all_98325,AI_CORE,13,7,9.760,1790766284651640.786	,1790766284651650.546	
0,Slice_ee29dafe4fe21e12bb8d56ae91626cba_high_performance_524000000,AI_VECTOR_CORE,13,8,1.700,1790766284651650.566	,1790766284651652.266	
0,MatMulV2_ND_ND_FP16_FP16_false_true_all_98325,AI_CORE,13,9,8.100,1790766284651652.286	,1790766284651660.386	
0,ZerosLike_1c4543fdfe7149b6b0717bd88f061562_high_performance_210000000,AI_VECTOR_CORE,13,10,7.260,1790766284651660.426	,1790766284651667.686	
0,_copy_conv_state_kernel,AI_VECTOR_CORE,13,11,11.740,1790766284651667.706	,1790766284651679.447	
0,Slice_ee29dafe4fe21e12bb8d56ae91626cba_high_performance_524000000,AI_VECTOR_CORE,13,12,2.260,1790766284651679.467	,1790766284651681.727	
0,CausalConv1d_b0123b7fae3057c534dbb03661977c42_1,MIX_AIC,13,13,20.200,1790766284651682.747	,1790766284651702.947	
0,ViewCopy_7778b2d0a2938f9247cc0c9f84559eb2_high_performance__kernel0,AI_VECTOR_CORE,13,14,10.580,1790766284651704.087	,1790766284651714.667	
0,_copy_conv_state_kernel,AI_VECTOR_CORE,13,15,9.700,1790766284651714.687	,1790766284651724.388	
0,Slice_ee29dafe4fe21e12bb8d56ae91626cba_high_performance_524000000,AI_VECTOR_CORE,13,16,1.700,1790766284651724.428	,1790766284651726.128	
0,RecurrentKda_1ac9a791ca2957b2fe0a2e96909b5782_0,AI_VECTOR_CORE,13,17,51.481,1790766284651726.148	,1790766284651777.629	
0,_write_output,AI_VECTOR_CORE,13,18,3.080,1790766284651777.649	,1790766284651780.729	
0,layer_norm_gated_fwd_kernel,AI_VECTOR_CORE,13,19,4.360,1790766284651780.749	,1790766284651785.109	
0,MatMulV2_ND_ND_FP16_FP16_false_true_all_98499,AI_CORE,13,20,52.601,1790766284651785.129	,1790766284651837.730	
0,HcPost_d2fe6614722b27afa6f8d964c215447e_0,AI_VECTOR_CORE,13,21,8.080,1790766284651837.750	,1790766284651845.830	
0,HcPre_6c9f0fa710253eff38b1c0e6be6a67be_0,MIX_AIC,13,22,31.720,1790766284651846.850	,1790766284651878.571	
0,RmsNorm_normal_all_bf16_high_performance_0,AI_VECTOR_CORE,13,23,5.360,1790766284651879.791	,1790766284651885.151	
0,MatMulV2_ND_ND_FP16_FP16_false_true_all_98499,AI_CORE,13,24,173.383,1790766284651885.171	,1790766284652058.554	
0,Slice_ee29dafe4fe21e12bb8d56ae91626cba_high_performance_524000000,AI_VECTOR_CORE,13,25,2.180,1790766284652058.574	,1790766284652060.754	
0,ClipByValueV2_e87c9546cf2804355cf0d9445a2db01a_high_performance_220000000,AI_VECTOR_CORE,13,26,9.100,1790766284652060.774	,1790766284652069.874	
0,Slice_ee29dafe4fe21e12bb8d56ae91626cba_high_performance_524000000,AI_VECTOR_CORE,13,27,1.720,1790766284652069.914	,1790766284652071.634	
0,ClipByValueV2_e87c9546cf2804355cf0d9445a2db01a_high_performance_220000000,AI_VECTOR_CORE,13,28,5.880,1790766284652071.674	,1790766284652077.555	
0,Muls_299cf4d7f9ef0f745d89d88c666b45aa_high_performance_210000000,AI_VECTOR_CORE,13,29,7.280,1790766284652077.595	,1790766284652084.875	
0,Sigmoid_1c4543fdfe7149b6b0717bd88f061562_high_precision_210000000,AI_VECTOR_CORE,13,30,8.440,1790766284652084.915	,1790766284652093.355	
0,Mul_ce3d1ff8ba23a0bcb292da3577c1625d_high_performance_210020000,AI_VECTOR_CORE,13,31,9.580,1790766284652093.375	,1790766284652102.955	
0,Add_ce3d1ff8ba23a0bcb292da3577c1625d_high_performance_223000000,AI_VECTOR_CORE,13,32,6.840,1790766284652102.975	,1790766284652109.815	
0,Mul_ce3d1ff8ba23a0bcb292da3577c1625d_high_performance_210020000,AI_VECTOR_CORE,13,33,2.560,1790766284652109.835	,1790766284652112.395	
0,MatMulV2_ND_ND_FP16_FP16_false_true_all_98513,AI_CORE,13,34,104.422,1790766284652112.415	,1790766284652216.837	
0,HcPost_d2fe6614722b27afa6f8d964c215447e_0,AI_VECTOR_CORE,13,35,8.320,1790766284652216.857	,1790766284652225.178	
0,HcPre_6c9f0fa710253eff38b1c0e6be6a67be_0,MIX_AIC,13,36,29.280,1790766284652226.258	,1790766284652255.538	
0,RmsNorm_normal_all_bf16_high_performance_0,AI_VECTOR_CORE,13,37,5.080,1790766284652256.738	,1790766284652261.818	
0,MatMulV2_ND_ND_FP16_FP16_false_true_all_98499,AI_CORE,13,38,164.623,1790766284652261.858	,1790766284652426.482	
0,Slice_ee29dafe4fe21e12bb8d56ae91626cba_high_performance_524000000,AI_VECTOR_CORE,13,39,2.100,1790766284652426.502	,1790766284652428.602	
0,MatMulV2_ND_ND_FP16_FP16_false_true_all_98325,AI_CORE,13,40,7.580,1790766284652428.622	,1790766284652436.202	
0,Slice_ee29dafe4fe21e12bb8d56ae91626cba_high_performance_524000000,AI_VECTOR_CORE,13,41,1.940,1790766284652436.242	,1790766284652438.182	
0,MatMulV2_ND_ND_FP16_FP16_false_true_all_98325,AI_CORE,13,42,7.400,1790766284652438.222	,1790766284652445.622	
0,ZerosLike_1c4543fdfe7149b6b0717bd88f061562_high_performance_210000000,AI_VECTOR_CORE,13,43,7.320,1790766284652445.662	,1790766284652452.982	
0,_copy_conv_state_kernel,AI_VECTOR_CORE,13,44,12.120,1790766284652453.002	,1790766284652465.122	
0,Slice_ee29dafe4fe21e12bb8d56ae91626cba_high_performance_524000000,AI_VECTOR_CORE,13,45,2.120,1790766284652465.142	,1790766284652467.262	
0,CausalConv1d_b0123b7fae3057c534dbb03661977c42_1,MIX_AIC,13,46,18.680,1790766284652468.682	,1790766284652487.363	
0,ViewCopy_7778b2d0a2938f9247cc0c9f84559eb2_high_performance__kernel0,AI_VECTOR_CORE,13,47,8.640,1790766284652488.183	,1790766284652496.823	
0,_copy_conv_state_kernel,AI_VECTOR_CORE,13,48,9.820,1790766284652496.863	,1790766284652506.683	
0,Slice_ee29dafe4fe21e12bb8d56ae91626cba_high_performance_524000000,AI_VECTOR_CORE,13,49,1.860,1790766284652506.703	,1790766284652508.563	
0,RecurrentKda_1ac9a791ca2957b2fe0a2e96909b5782_0,AI_VECTOR_CORE,13,50,52.501,1790766284652508.583	,1790766284652561.084	
0,_write_output,AI_VECTOR_CORE,13,51,3.280,1790766284652561.104	,1790766284652564.384	
0,layer_norm_gated_fwd_kernel,AI_VECTOR_CORE,13,52,4.140,1790766284652564.404	,1790766284652568.544	
0,MatMulV2_ND_ND_FP16_FP16_false_true_all_98499,AI_CORE,13,53,62.441,1790766284652568.564	,1790766284652631.006	
0,HcPost_d2fe6614722b27afa6f8d964c215447e_0,AI_VECTOR_CORE,13,54,8.200,1790766284652631.026	,1790766284652639.226	
0,HcPre_6c9f0fa710253eff38b1c0e6be6a67be_0,MIX_AIC,13,55,30.260,1790766284652640.566	,1790766284652670.826	
0,RmsNorm_normal_all_bf16_high_performance_0,AI_VECTOR_CORE,13,56,5.260,1790766284652671.646	,1790766284652676.907	
0,MatMulV2_ND_ND_FP16_FP16_false_true_all_98499,AI_CORE,13,57,179.263,1790766284652676.927	,1790766284652856.190	
0,Slice_ee29dafe4fe21e12bb8d56ae91626cba_high_performance_524000000,AI_VECTOR_CORE,13,58,2.200,1790766284652856.210	,1790766284652858.410	
0,ClipByValueV2_e87c9546cf2804355cf0d9445a2db01a_high_performance_220000000,AI_VECTOR_CORE,13,59,9.900,1790766284652858.430	,1790766284652868.330	
0,Slice_ee29dafe4fe21e12bb8d56ae91626cba_high_performance_524000000,AI_VECTOR_CORE,13,60,2.040,1790766284652868.350	,1790766284652870.390	
0,ClipByValueV2_e87c9546cf2804355cf0d9445a2db01a_high_performance_220000000,AI_VECTOR_CORE,13,61,8.060,1790766284652870.410	,1790766284652878.471	
0,Muls_299cf4d7f9ef0f745d89d88c666b45aa_high_performance_210000000,AI_VECTOR_CORE,13,62,7.360,1790766284652878.491	,1790766284652885.851	
0,Sigmoid_1c4543fdfe7149b6b0717bd88f061562_high_precision_210000000,AI_VECTOR_CORE,13,63,8.400,1790766284652885.871	,1790766284652894.271	
0,Mul_ce3d1ff8ba23a0bcb292da3577c1625d_high_performance_210020000,AI_VECTOR_CORE,13,64,9.580,1790766284652894.311	,1790766284652903.891	
0,Add_ce3d1ff8ba23a0bcb292da3577c1625d_high_performance_223000000,AI_VECTOR_CORE,13,65,7.200,1790766284652903.911	,1790766284652911.111	
0,Mul_ce3d1ff8ba23a0bcb292da3577c1625d_high_performance_210020000,AI_VECTOR_CORE,13,66,2.540,1790766284652911.131	,1790766284652913.671	
0,MatMulV2_ND_ND_FP16_FP16_false_true_all_98513,AI_CORE,13,67,100.882,1790766284652913.711	,1790766284653014.593	
0,HcPost_d2fe6614722b27afa6f8d964c215447e_0,AI_VECTOR_CORE,13,68,8.080,1790766284653014.613	,1790766284653022.693	
0,HcPre_6c9f0fa710253eff38b1c0e6be6a67be_0,MIX_AIC,13,69,27.740,1790766284653024.134	,1790766284653051.874	
0,RmsNorm_normal_all_bf16_high_performance_0,AI_VECTOR_CORE,13,70,4.800,1790766284653052.774	,1790766284653057.574	
0,MatMulV2_ND_ND_FP16_FP16_false_true_all_98499,AI_CORE,13,71,155.923,1790766284653057.614	,1790766284653213.537	
0,Slice_ee29dafe4fe21e12bb8d56ae91626cba_high_performance_524000000,AI_VECTOR_CORE,13,72,2.600,1790766284653213.557	,1790766284653216.157	
0,MatMulV2_ND_ND_FP16_FP16_false_true_all_98325,AI_CORE,13,73,8.380,1790766284653216.197	,1790766284653224.578	
0,Slice_ee29dafe4fe21e12bb8d56ae91626cba_high_performance_524000000,AI_VECTOR_CORE,13,74,1.860,1790766284653224.598	,1790766284653226.458	
0,MatMulV2_ND_ND_FP16_FP16_false_true_all_98325,AI_CORE,13,75,8.000,1790766284653226.498	,1790766284653234.498	
0,ZerosLike_1c4543fdfe7149b6b0717bd88f061562_high_performance_210000000,AI_VECTOR_CORE,13,76,7.440,1790766284653234.518	,1790766284653241.958	
0,_copy_conv_state_kernel,AI_VECTOR_CORE,13,77,12.200,1790766284653241.978	,1790766284653254.178	
0,Slice_ee29dafe4fe21e12bb8d56ae91626cba_high_performance_524000000,AI_VECTOR_CORE,13,78,2.040,1790766284653254.198	,1790766284653256.238	
0,CausalConv1d_b0123b7fae3057c534dbb03661977c42_1,MIX_AIC,13,79,13.460,1790766284653257.478	,1790766284653270.938	
0,ViewCopy_7778b2d0a2938f9247cc0c9f84559eb2_high_performance__kernel0,AI_VECTOR_CORE,13,80,9.380,1790766284653272.118	,1790766284653281.499	
0,_copy_conv_state_kernel,AI_VECTOR_CORE,13,81,9.600,1790766284653281.519	,1790766284653291.119	
0,Slice_ee29dafe4fe21e12bb8d56ae91626cba_high_performance_524000000,AI_VECTOR_CORE,13,82,1.860,1790766284653291.139	,1790766284653292.999	
0,RecurrentKda_1ac9a791ca2957b2fe0a2e96909b5782_0,AI_VECTOR_CORE,13,83,55.321,1790766284653293.039	,1790766284653348.360	
0,_write_output,AI_VECTOR_CORE,13,84,3.020,1790766284653348.380	,1790766284653351.400	
0,layer_norm_gated_fwd_kernel,AI_VECTOR_CORE,13,85,4.400,1790766284653351.420	,1790766284653355.820	
0,MatMulV2_ND_ND_FP16_FP16_false_true_all_98499,AI_CORE,13,86,60.041,1790766284653355.840	,1790766284653415.881	
0,HcPost_d2fe6614722b27afa6f8d964c215447e_0,AI_VECTOR_CORE,13,87,8.160,1790766284653415.901	,1790766284653424.062	
0,HcPre_6c9f0fa710253eff38b1c0e6be6a67be_0,MIX_AIC,13,88,31.500,1790766284653425.162	,1790766284653456.662	
0,RmsNorm_normal_all_bf16_high_performance_0,AI_VECTOR_CORE,13,89,5.320,1790766284653457.482	,1790766284653462.802	
0,MatMulV2_ND_ND_FP16_FP16_false_true_all_98499,AI_CORE,13,90,173.603,1790766284653462.822	,1790766284653636.426	
0,Slice_ee29dafe4fe21e12bb8d56ae91626cba_high_performance_524000000,AI_VECTOR_CORE,13,91,2.240,1790766284653636.446	,1790766284653638.686	
0,ClipByValueV2_e87c9546cf2804355cf0d9445a2db01a_high_performance_220000000,AI_VECTOR_CORE,13,92,9.400,1790766284653638.706	,1790766284653648.106	
0,Slice_ee29dafe4fe21e12bb8d56ae91626cba_high_performance_524000000,AI_VECTOR_CORE,13,93,1.880,1790766284653648.126	,1790766284653650.006	
0,ClipByValueV2_e87c9546cf2804355cf0d9445a2db01a_high_performance_220000000,AI_VECTOR_CORE,13,94,7.620,1790766284653650.026	,1790766284653657.646	
0,Muls_299cf4d7f9ef0f745d89d88c666b45aa_high_performance_210000000,AI_VECTOR_CORE,13,95,7.420,1790766284653657.666	,1790766284653665.086	
0,Sigmoid_1c4543fdfe7149b6b0717bd88f061562_high_precision_210000000,AI_VECTOR_CORE,13,96,8.480,1790766284653665.126	,1790766284653673.606	
0,Mul_ce3d1ff8ba23a0bcb292da3577c1625d_high_performance_210020000,AI_VECTOR_CORE,13,97,9.460,1790766284653673.626	,1790766284653683.087	
0,Add_ce3d1ff8ba23a0bcb292da3577c1625d_high_performance_223000000,AI_VECTOR_CORE,13,98,7.040,1790766284653683.107	,1790766284653690.147	
0,Mul_ce3d1ff8ba23a0bcb292da3577c1625d_high_performance_210020000,AI_VECTOR_CORE,13,99,2.680,1790766284653690.167	,1790766284653692.847	
0,MatMulV2_ND_ND_FP16_FP16_false_true_all_98513,AI_CORE,13,100,100.502,1790766284653692.887	,1790766284653793.389	
0,N/A,EVENT_WAIT,39,28,2183.723,1790766284653767.868	,1790766284655951.592	
0,HcPost_d2fe6614722b27afa6f8d964c215447e_0,AI_VECTOR_CORE,13,101,8.260,1790766284653793.429	,1790766284653801.689	
0,HcPre_6c9f0fa710253eff38b1c0e6be6a67be_0,MIX_AIC,13,102,28.620,1790766284653802.789	,1790766284653831.410	
0,RmsNorm_normal_all_bf16_high_performance_0,AI_VECTOR_CORE,13,103,5.500,1790766284653832.690	,1790766284653838.190	
0,MatMulV2_ND_ND_FP16_FP16_false_true_all_98513,AI_CORE,13,104,18.700,1790766284653838.210	,1790766284653856.910	
0,Slice_ee29dafe4fe21e12bb8d56ae91626cba_high_performance_524000000,AI_VECTOR_CORE,13,105,1.860,1790766284653856.930	,1790766284653858.790	
0,RmsNorm_normal_all_bf16_high_performance_2,AI_VECTOR_CORE,13,106,6.260,1790766284653858.830	,1790766284653865.090	
0,Slice_ee29dafe4fe21e12bb8d56ae91626cba_high_performance_524000000,AI_VECTOR_CORE,13,107,1.900,1790766284653865.110	,1790766284653867.010	
0,RmsNorm_normal_all_bf16_high_performance_2,AI_VECTOR_CORE,13,108,4.520,1790766284653867.050	,1790766284653871.570	
0,ScatterNdUpdate_bfloat16_int32_high_precision_11,MIX_AIV,13,109,6.260,1790766284653872.630	,1790766284653878.891	
0,MatMulV2_ND_ND_FP16_FP16_false_true_all_98499,AI_CORE,13,110,45.900,1790766284653879.931	,1790766284653925.832	
0,TransposeBatchMatMul_ND_ND_ND_ND_ND_BF16_BF16_BF16_INT64_BF16_high_performance_32,AI_CORE,13,111,23.940,1790766284653925.852	,1790766284653949.792	
0,Cast_b2717900ea7de2d41ea9c63d23aa269b_high_performance_210000000,AI_VECTOR_CORE,13,112,4.000,1790766284653949.812	,1790766284653953.812	
0,MatMulV2_ND_ND_FP32_FP32_false_true_all_65665,AI_CORE,13,113,9.500,1790766284653953.832	,1790766284653963.332	
0,Slice_82e6b4faea71b451f217d7ea57c08012_high_performance_524000000,AI_VECTOR_CORE,13,114,2.260,1790766284653963.352	,1790766284653965.612	
0,LayerNormV3_23ae115d70bd435e4cb966a52be97b55_high_precision_1600400500,AI_VECTOR_CORE,13,115,6.720,1790766284653965.632	,1790766284653972.352	
0,MatMulV2_ND_ND_FP32_FP32_false_true_all_65665,AI_CORE,13,116,8.880,1790766284653972.372	,1790766284653981.253	
0,MatMulV2_ND_ND_FP16_FP16_false_true_all_98499,AI_CORE,13,117,16.640,1790766284653981.273	,1790766284653997.913	
0,Slice_82e6b4faea71b451f217d7ea57c08012_high_performance_524000000,AI_VECTOR_CORE,13,118,1.820,1790766284653997.933	,1790766284653999.753	
0,Cast_9f288b80370c6545ffe8cef142d37f5c_high_performance_210000000,AI_VECTOR_CORE,13,119,1.420,1790766284653999.773	,1790766284654001.193	
0,Muls_299cf4d7f9ef0f745d89d88c666b45aa_high_performance_210000000,AI_VECTOR_CORE,13,120,1.360,1790766284654001.213	,1790766284654002.573	
0,_glm5_next_kpool_tail_compress_kernel,AI_VECTOR_CORE,13,121,2.540,1790766284654002.593	,1790766284654005.133	
0,_store_kpool_tail_kernel,AI_VECTOR_CORE,13,122,4.600,1790766284654005.173	,1790766284654009.773	
0,Cast_b2717900ea7de2d41ea9c63d23aa269b_high_performance_210000000,AI_VECTOR_CORE,13,123,2.540,1790766284654009.813	,1790766284654012.353	
0,Cast_b2717900ea7de2d41ea9c63d23aa269b_high_performance_210000000,AI_VECTOR_CORE,13,124,1.200,1790766284654012.373	,1790766284654013.573	
0,Mul_ee98c6628030785f610b924ab1557b31_high_performance_212000001,AI_VECTOR_CORE,13,125,9.560,1790766284654013.593	,1790766284654023.153	
0,ReduceSum_7a09f5b7af4126487a7f726a9aac7548_high_performance_10002100900,MIX_AIV,13,126,11.860,1790766284654024.493	,1790766284654036.354	
0,_glm5_next_lightning_indexer_score_kernel,AI_VECTOR_CORE,13,127,10.700,1790766284654037.294	,1790766284654047.994	
0,TopKV2_5c671486fda0d949d7cba9a9754bc2dd_high_performance_2017612701781458944,MIX_AIV,13,128,10.320,1790766284654049.234	,1790766284654059.554	
0,Cast_e87590d11ccda8b259ab6b1ea7212319_high_performance_210000000,AI_VECTOR_CORE,13,129,1.900,1790766284654060.794	,1790766284654062.694	
0,Cast_39a266ce9a8d7d9ead33f6686e936b72_high_performance_210000000,AI_VECTOR_CORE,13,130,2.160,1790766284654062.714	,1790766284654064.874	
0,_expand_pool_indices,AI_VECTOR_CORE,13,131,15.980,1790766284654064.914	,1790766284654080.895	
0,Slice_b9b91ad79a469f7fcff72949705be0f9_high_performance_521000000,AI_VECTOR_CORE,13,132,1.960,1790766284654080.915	,1790766284654082.875	
0,SparseFlashAttention_2e25ad8fefac1f04c03bd78f2d2ab366_1158,MIX_AIC,13,133,33.820,1790766284654084.055	,1790766284654117.875	
0,TransposeBatchMatMul_ND_ND_ND_ND_ND_BF16_BF16_BF16_INT64_BF16_high_performance_32,AI_CORE,13,134,24.220,1790766284654118.815	,1790766284654143.036	
0,MatMulV2_ND_ND_FP16_FP16_false_true_all_98513,AI_CORE,13,135,133.382,1790766284654143.056	,1790766284654276.439	
0,N/A,EVENT_WAIT,45,273,1788.435,1790766284654163.136	,1790766284655951.572	
0,N/A,MEMCPY_ASYNC,13,136,0.600,1790766284654276.459	,1790766284654277.059	
0,HcPost_d2fe6614722b27afa6f8d964c215447e_0,AI_VECTOR_CORE,13,137,8.260,1790766284654277.099	,1790766284654285.359	
0,HcPre_6c9f0fa710253eff38b1c0e6be6a67be_0,MIX_AIC,13,138,29.240,1790766284654286.479	,1790766284654315.719	
0,RmsNorm_normal_all_bf16_high_performance_0,AI_VECTOR_CORE,13,139,5.260,1790766284654316.939	,1790766284654322.199	
0,N/A,EVENT_RECORD,13,140,0.020,1790766284654322.219	,1790766284654322.239	
0,Cast_b2717900ea7de2d41ea9c63d23aa269b_high_performance_210000000,AI_VECTOR_CORE,13,141,3.400,1790766284654322.259	,1790766284654325.660	
0,MatMulV2_ND_ND_FP32_FP32_false_true_all_65665,AI_CORE,13,142,5.540,1790766284654325.680	,1790766284654331.220	
0,N/A,EVENT_RECORD,13,143,0.020,1790766284654331.240	,1790766284654331.260	
0,MoeGatingTopK_81369a2fa0455f39b5d19d432d261f57_1,AI_VECTOR_CORE,13,144,5.220,1790766284654331.280	,1790766284654336.500	
0,N/A,EVENT_RECORD,13,145,0.000,1790766284654336.540	,1790766284654336.540	
0,MoeInitRoutingV3_4ca8d2d329b4477b44dd2ee885849b12_2100000,MIX_AIV,13,146,14.060,1790766284654337.800	,1790766284654351.860	
0,GroupedMatmul_0d2d43751f81d7f29646a862147967c9_68885275,MIX_AIC,13,147,227.064,1790766284654354.840	,1790766284654581.905	
0,Slice_ee29dafe4fe21e12bb8d56ae91626cba_high_performance_524000000,AI_VECTOR_CORE,13,148,2.660,1790766284654583.085	,1790766284654585.745	
0,ClipByValueV2_e87c9546cf2804355cf0d9445a2db01a_high_performance_220000000,AI_VECTOR_CORE,13,149,10.620,1790766284654585.765	,1790766284654596.385	
0,ViewCopy_7778b2d0a2938f9247cc0c9f84559eb2_high_performance__kernel0,AI_VECTOR_CORE,13,150,9.560,1790766284654596.405	,1790766284654605.965	
0,Slice_ee29dafe4fe21e12bb8d56ae91626cba_high_performance_524000000,AI_VECTOR_CORE,13,151,2.400,1790766284654605.985	,1790766284654608.385	
0,ClipByValueV2_e87c9546cf2804355cf0d9445a2db01a_high_performance_220000000,AI_VECTOR_CORE,13,152,6.500,1790766284654608.405	,1790766284654614.905	
0,ViewCopy_7778b2d0a2938f9247cc0c9f84559eb2_high_performance__kernel0,AI_VECTOR_CORE,13,153,9.000,1790766284654614.925	,1790766284654623.925	
0,SwiGlu_3_high_performance_27,AI_VECTOR_CORE,13,154,6.900,1790766284654623.945	,1790766284654630.846	
0,N/A,EVENT_RECORD,13,155,0.020,1790766284654630.866	,1790766284654630.886	
0,GroupedMatmul_0d2d43751f81d7f29646a862147967c9_68885275,MIX_AIC,13,156,98.601,1790766284654631.986	,1790766284654730.588	
0,N/A,EVENT_RECORD,13,157,0.020,1790766284654731.468	,1790766284654731.488	
0,Cast_9f288b80370c6545ffe8cef142d37f5c_high_performance_210000000,AI_VECTOR_CORE,13,158,1.300,1790766284654731.508	,1790766284654732.808	
0,Abs_8098b79498645e9c0da095babdeaf862_high_performance_210000000,AI_VECTOR_CORE,13,159,1.600,1790766284654732.828	,1790766284654734.428	
0,MoeTokenUnpermute_6dd49246dc9576d3314234df69cb5c22_1,AI_VECTOR_CORE,13,160,4.540,1790766284654734.448	,1790766284654738.988	
0,MatMulV2_ND_ND_FP16_FP16_false_true_all_98499,AI_CORE,13,161,30.940,1790766284654739.008	,1790766284654769.948	
0,Slice_ee29dafe4fe21e12bb8d56ae91626cba_high_performance_524000000,AI_VECTOR_CORE,13,162,1.780,1790766284654769.968	,1790766284654771.748	
0,ClipByValueV2_e87c9546cf2804355cf0d9445a2db01a_high_performance_220000000,AI_VECTOR_CORE,13,163,2.120,1790766284654771.768	,1790766284654773.888	
0,Slice_ee29dafe4fe21e12bb8d56ae91626cba_high_performance_524000000,AI_VECTOR_CORE,13,164,1.340,1790766284654773.928	,1790766284654775.268	
0,ClipByValueV2_e87c9546cf2804355cf0d9445a2db01a_high_performance_220000000,AI_VECTOR_CORE,13,165,2.380,1790766284654775.288	,1790766284654777.669	
0,Muls_299cf4d7f9ef0f745d89d88c666b45aa_high_performance_210000000,AI_VECTOR_CORE,13,166,2.000,1790766284654777.709	,1790766284654779.709	
0,Sigmoid_1c4543fdfe7149b6b0717bd88f061562_high_precision_210000000,AI_VECTOR_CORE,13,167,2.980,1790766284654779.729	,1790766284654782.709	
0,Mul_ce3d1ff8ba23a0bcb292da3577c1625d_high_performance_210020000,AI_VECTOR_CORE,13,168,2.560,1790766284654782.729	,1790766284654785.289	
0,Add_ce3d1ff8ba23a0bcb292da3577c1625d_high_performance_223000000,AI_VECTOR_CORE,13,169,2.500,1790766284654785.309	,1790766284654787.809	
0,Mul_ce3d1ff8ba23a0bcb292da3577c1625d_high_performance_210020000,AI_VECTOR_CORE,13,170,2.720,1790766284654787.829	,1790766284654790.549	
0,MatMulV2_ND_ND_FP16_FP16_false_true_all_98499,AI_CORE,13,171,18.360,1790766284654790.569	,1790766284654808.929	
0,ForeachAddList_c73cb8f503197be65eaf63148ad48de4_high_performance_4,AI_VECTOR_CORE,13,172,14.620,1790766284654808.949	,1790766284654823.569	
0,HcPost_d2fe6614722b27afa6f8d964c215447e_0,AI_VECTOR_CORE,13,173,6.600,1790766284654823.589	,1790766284654830.190	
0,ReduceMean_9a2479d4dc5148645cb3f4b9e765c637_high_precision_2100900,MIX_AIV,13,174,10.840,1790766284654831.550	,1790766284654842.390	
0,RmsNorm_normal_all_bf16_high_performance_0,AI_VECTOR_CORE,13,175,3.720,1790766284654843.110	,1790766284654846.830	
0,N/A,EVENT_RESET,13,176,0.080,1790766284654846.850	,1790766284654846.930	
0,N/A,EVENT_RESET,13,177,0.100,1790766284654846.950	,1790766284654847.050	
0,N/A,EVENT_RESET,13,178,0.100,1790766284654847.070	,1790766284654847.170	
0,N/A,EVENT_RESET,13,179,0.100,1790766284654847.190	,1790766284654847.290	
0,N/A,EVENT_RESET,13,180,0.080,1790766284654847.310	,1790766284654847.390	
0,N/A,NOTIFY_RECORD,13,181,0.000,1790766284654847.430	,1790766284654847.430	
0,IndexCheck_int32_high_performance_1,AI_VECTOR_CORE,47,4781,3.540,1790766284654848.150	,1790766284654851.690	
0,Index_b1b18d29d34a3b544b5bb6b3f56177c3_high_performance__kernel0,AI_VECTOR_CORE,47,4782,8.300,1790766284654851.710	,1790766284654860.010	
0,MatMulV2_ND_ND_FP16_FP16_false_true_all_98499,AI_CORE,47,4783,908.958,1790766284654860.030	,1790766284655768.988	
0,Cast_b2717900ea7de2d41ea9c63d23aa269b_high_performance_210000000,AI_VECTOR_CORE,47,4784,7.780,1790766284655769.008	,1790766284655776.789	
0,LogSoftmaxV2_291664ae3e88b38b8b46c2efbbea27c9_high_precision_400001,AI_VECTOR_CORE,47,4785,44.640,1790766284655776.829	,1790766284655821.469	
0,Cast_b2717900ea7de2d41ea9c63d23aa269b_high_performance_210000000,AI_VECTOR_CORE,47,4786,3.200,1790766284655821.509	,1790766284655824.709	
0,ArgMaxV2_4402011f777d6374ab9f6425cb5984c4_high_performance_3,AI_VECTOR_CORE,47,4787,19.620,1790766284655824.749	,1790766284655844.370	
0,Cast_e87590d11ccda8b259ab6b1ea7212319_high_performance_210000000,AI_VECTOR_CORE,47,4788,1.360,1790766284655844.390	,1790766284655845.750	
0,TopKV2_5c671486fda0d949d7cba9a9754bc2dd_high_performance_2017612907943034881,MIX_AIV,47,4789,31.420,1790766284655846.710	,1790766284655878.131	
0,TopKV2_5c671486fda0d949d7cba9a9754bc2dd_high_performance_2017612701781458944,MIX_AIV,47,4790,4.200,1790766284655880.871	,1790766284655885.071	
0,GatherElements_8b4ec10fbb39c5c0a65192c606400b29_high_performance__kernel0,AI_VECTOR_CORE,47,4791,4.040,1790766284655886.311	,1790766284655890.351	
0,Cast_e87590d11ccda8b259ab6b1ea7212319_high_performance_210000000,AI_VECTOR_CORE,47,4792,1.180,1790766284655890.371	,1790766284655891.551	
0,Cast_39a266ce9a8d7d9ead33f6686e936b72_high_performance_210000000,AI_VECTOR_CORE,47,4793,1.460,1790766284655891.571	,1790766284655893.031	
0,GatherElementsV2_fp32_high_performance_2,AI_VECTOR_CORE,47,4794,4.660,1790766284655893.051	,1790766284655897.711	
0,GreaterEqual_3efaad932f458d7892fdb0715ec85b2b_high_performance_212000002,AI_VECTOR_CORE,47,4795,11.460,1790766284655897.731	,1790766284655909.191	
0,Cast_df2b778f1b80e749bd4242386ec57ab9_high_performance_210000000,AI_VECTOR_CORE,47,4796,6.980,1790766284655909.211	,1790766284655916.191	
0,ReduceSum_7a09f5b7af4126487a7f726a9aac7548_high_performance_110001000400,MIX_AIV,47,4797,22.700,1790766284655917.291	,1790766284655939.992	
0,Cast_c6738f795430c3c6f09cdc8d52a1b43d_high_performance_210000000,AI_VECTOR_CORE,47,4798,1.360,1790766284655941.072	,1790766284655942.432	
0,ConcatD_0d745295987e1c668b2ec8b2844aeada_high_performance_0,AI_VECTOR_CORE,47,4799,3.260,1790766284655942.452	,1790766284655945.712	
0,ConcatD_233851a3505389e43928a8bba133a74d_high_performance_0,AI_VECTOR_CORE,47,4800,2.500,1790766284655945.732	,1790766284655948.232	
0,Cast_39a266ce9a8d7d9ead33f6686e936b72_high_performance_210000000,AI_VECTOR_CORE,47,4801,1.480,1790766284655948.252	,1790766284655949.732	
0,Cast_39a266ce9a8d7d9ead33f6686e936b72_high_performance_210000000,AI_VECTOR_CORE,47,4802,1.320,1790766284655949.752	,1790766284655951.072	
0,N/A,EVENT_RECORD,47,4803,0.020,1790766284655951.092	,1790766284655951.112	
0,N/A,EVENT_RECORD,47,4804,0.020,1790766284655951.132	,1790766284655951.152	
0,N/A,MEMCPY_ASYNC,45,274,2.340,1790766284655951.592	,1790766284655953.932	
0,N/A,MEMCPY_ASYNC,45,275,1.900,1790766284655954.092	,1790766284655955.992	
0,N/A,MEMCPY_ASYNC,45,276,1.880,1790766284655956.152	,1790766284655958.032	
0,N/A,MEMCPY_ASYNC,45,277,2.040,1790766284655958.192	,1790766284655960.232	
0,N/A,EVENT_RECORD,45,278,0.020,1790766284655960.372	,1790766284655960.392	
0,N/A,EVENT_RECORD,45,279,0.020,1790766284655960.412	,1790766284655960.432	
0,N/A,EVENT_RECORD,45,280,0.000,1790766284655960.452	,1790766284655960.452	
0,N/A,EVENT_RECORD,45,281,0.020,1790766284655967.212	,1790766284655967.232	
0,N/A,EVENT_RECORD,45,282,0.020,1790766284656328.460	,1790766284656328.480	
0,N/A,MEMCPY_ASYNC,47,4805,2.260,1790766284656354.400	,1790766284656356.660	
0,N/A,MEMCPY_ASYNC,47,4806,2.380,1790766284656696.447	,1790766284656698.827	
0,N/A,MEMCPY_ASYNC,47,4807,2.200,1790766284656763.948	,1790766284656766.148	
0,N/A,MEMCPY_ASYNC,47,4808,2.420,1790766284656842.530	,1790766284656844.950	
0,N/A,MEMCPY_ASYNC,47,4809,2.200,1790766284656937.592	,1790766284656939.792	
0,N/A,MEMCPY_ASYNC,47,4810,2.360,1790766284657231.438	,1790766284657233.798	
0,N/A,MEMCPY_ASYNC,47,4811,2.360,1790766284657431.022	,1790766284657433.382	
0,N/A,MEMCPY_ASYNC,47,4812,2.340,1790766284657476.202	,1790766284657478.543	
0,Fill_1fbc7ee619b707282bbfd034093621df_high_performance_223000000,AI_VECTOR_CORE,47,4813,1.620,1790766284657644.566	,1790766284657646.186	
0,N/A,MEMCPY_ASYNC,47,4814,0.560,1790766284657850.610	,1790766284657851.170	
0,N/A,MEMCPY_ASYNC,47,4815,2.360,1790766284658079.795	,1790766284658082.155	
0,Fill_1fbc7ee619b707282bbfd034093621df_high_performance_223000000,AI_VECTOR_CORE,47,4816,1.440,1790766284658127.535	,1790766284658128.976	
0,N/A,MEMCPY_ASYNC,47,4817,2.380,1790766284658188.297	,1790766284658190.677	
0,N/A,MEMCPY_ASYNC,47,4818,2.380,1790766284658283.419	,1790766284658285.799	
0,N/A,MEMCPY_ASYNC,47,4819,2.400,1790766284658370.240	,1790766284658372.640	
0,N/A,MEMCPY_ASYNC,47,4820,2.420,1790766284658451.962	,1790766284658454.382	
0,IndexCheck_int64_high_performance_0,AI_VECTOR_CORE,47,4821,3.320,1790766284658570.424	,1790766284658573.744	
0,Index_f34e8f0e5e2c96109aa0460550023804_high_performance__kernel0,AI_VECTOR_CORE,47,4822,8.200,1790766284658573.764	,1790766284658581.965	
0,Cast_e87590d11ccda8b259ab6b1ea7212319_high_performance_210000000,AI_VECTOR_CORE,47,4823,1.220,1790766284658653.886	,1790766284658655.106	
0,Add_41dadce325b0f810d03359af2a38990b_high_performance_210000000,AI_VECTOR_CORE,47,4824,2.500,1790766284658739.128	,1790766284658741.628	
0,N/A,MEMCPY_ASYNC,47,4825,0.600,1790766284658860.810	,1790766284658861.410	
0,Add_9342884c99c006e21fc9d5d9260b8bef_high_performance_210000000,AI_VECTOR_CORE,47,4826,1.520,1790766284658951.452	,1790766284658952.972	
0,N/A,MEMCPY_ASYNC,47,4827,0.600,1790766284659061.494	,1790766284659062.094	
0,Fill_1fbc7ee619b707282bbfd034093621df_high_performance_210000000,AI_VECTOR_CORE,47,4828,1.520,1790766284659125.075	,1790766284659126.595	
0,_compute_slot_mapping_fused_groups_adaptive_kernel,AI_VECTOR_CORE,47,4829,4.860,1790766284659513.203	,1790766284659518.063	
0,Sub_9342884c99c006e21fc9d5d9260b8bef_high_performance_223000000,AI_VECTOR_CORE,47,4830,1.560,1790766284659666.626	,1790766284659668.186	
0,N/A,MEMCPY_ASYNC,47,4831,2.260,1790766284660015.313	,1790766284660017.573	
0,Fill_1fbc7ee619b707282bbfd034093621df_high_performance_210000000,AI_VECTOR_CORE,47,4832,1.480,1790766284660183.657	,1790766284660185.137	
0,Fill_1fbc7ee619b707282bbfd034093621df_high_performance_223000000,AI_VECTOR_CORE,47,4833,1.560,1790766284660225.517	,1790766284660227.077	
0,Cast_e87590d11ccda8b259ab6b1ea7212319_high_performance_210000000,AI_VECTOR_CORE,47,4834,1.240,1790766284660775.308	,1790766284660776.548	
0,FloorDiv_41dadce325b0f810d03359af2a38990b_high_performance_223000000,AI_VECTOR_CORE,47,4835,6.320,1790766284660777.468	,1790766284660783.789	
0,Cast_39a266ce9a8d7d9ead33f6686e936b72_high_performance_210000000,AI_VECTOR_CORE,47,4836,1.500,1790766284660783.809	,1790766284660785.309	
0,N/A,MEMCPY_ASYNC,47,4837,0.700,1790766284660950.692	,1790766284660951.392	
0,Cast_e87590d11ccda8b259ab6b1ea7212319_high_performance_210000000,AI_VECTOR_CORE,47,4838,1.060,1790766284661043.334	,1790766284661044.394	
0,GreaterEqual_1ea4da630f56dc1c2d6e7c9a9dd17b11_high_performance_223000000,AI_VECTOR_CORE,47,4839,3.020,1790766284661045.014	,1790766284661048.034	
0,Add_41dadce325b0f810d03359af2a38990b_high_performance_223000000,AI_VECTOR_CORE,47,4840,2.740,1790766284661099.635	,1790766284661102.375	
0,BroadcastTo_41dadce325b0f810d03359af2a38990b_high_performance_232000000,AI_VECTOR_CORE,47,4841,1.760,1790766284661165.436	,1790766284661167.196	
0,FloorMod_41dadce325b0f810d03359af2a38990b_high_precision_210000000,AI_VECTOR_CORE,47,4842,1.640,1790766284661167.236	,1790766284661168.876	
0,Equal_1ea4da630f56dc1c2d6e7c9a9dd17b11_high_performance_223000000,AI_VECTOR_CORE,47,4843,2.260,1790766284661209.537	,1790766284661211.797	
0,LogicalAnd_91d2a3cdd75d915a368582ec5f440af1_high_performance_210000000,AI_VECTOR_CORE,47,4844,1.860,1790766284661267.578	,1790766284661269.438	
0,ClipByValueV2_3bc53d14ff7dfecd0ed0c69136ab471a_high_performance_220000000,AI_VECTOR_CORE,47,4845,3.040,1790766284661311.099	,1790766284661314.139	
0,Cast_e87590d11ccda8b259ab6b1ea7212319_high_performance_210000000,AI_VECTOR_CORE,47,4846,1.180,1790766284661364.420	,1790766284661365.600	
0,FloorDiv_41dadce325b0f810d03359af2a38990b_high_performance_223000000,AI_VECTOR_CORE,47,4847,1.780,1790766284661375.960	,1790766284661377.740	
0,Cast_39a266ce9a8d7d9ead33f6686e936b72_high_performance_210000000,AI_VECTOR_CORE,47,4848,1.300,1790766284661377.760	,1790766284661379.060	
0,BroadcastTo_c71434db8135ff9089d65053721e3417_high_performance_232000000,AI_VECTOR_CORE,47,4849,1.380,1790766284661434.662	,1790766284661436.042	
0,FloorMod_9342884c99c006e21fc9d5d9260b8bef_high_precision_210000000,AI_VECTOR_CORE,47,4850,3.680,1790766284661436.122	,1790766284661439.802	
0,Mul_9342884c99c006e21fc9d5d9260b8bef_high_performance_223000000,AI_VECTOR_CORE,47,4851,1.560,1790766284661487.503	,1790766284661489.063	
0,Cast_e87590d11ccda8b259ab6b1ea7212319_high_performance_210000000,AI_VECTOR_CORE,47,4852,1.200,1790766284661540.604	,1790766284661541.804	
0,FloorDiv_41dadce325b0f810d03359af2a38990b_high_performance_223000000,AI_VECTOR_CORE,47,4853,1.760,1790766284661552.264	,1790766284661554.024	
0,Cast_39a266ce9a8d7d9ead33f6686e936b72_high_performance_210000000,AI_VECTOR_CORE,47,4854,1.040,1790766284661554.044	,1790766284661555.084	
0,Add_9342884c99c006e21fc9d5d9260b8bef_high_performance_210000000,AI_VECTOR_CORE,47,4855,1.320,1790766284661595.865	,1790766284661597.185	
0,Fill_1fbc7ee619b707282bbfd034093621df_high_performance_223000000,AI_VECTOR_CORE,47,4856,1.200,1790766284661671.786	,1790766284661672.986	
0,SelectV2_9bb0969ab50036eba4428cd9974a5c0b_high_performance_210000000,AI_VECTOR_CORE,47,4857,1.960,1790766284661714.007	,1790766284661715.967	
0,Cast_e87590d11ccda8b259ab6b1ea7212319_high_performance_210000000,AI_VECTOR_CORE,47,4858,1.280,1790766284661755.188	,1790766284661756.468	
0,Cast_e87590d11ccda8b259ab6b1ea7212319_high_performance_210000000,AI_VECTOR_CORE,47,4859,1.220,1790766284661854.930	,1790766284661856.150	
0,FloorDiv_41dadce325b0f810d03359af2a38990b_high_performance_223000000,AI_VECTOR_CORE,47,4860,1.780,1790766284661856.690	,1790766284661858.470	
0,Cast_39a266ce9a8d7d9ead33f6686e936b72_high_performance_210000000,AI_VECTOR_CORE,47,4861,1.220,1790766284661858.510	,1790766284661859.730	
0,N/A,MEMCPY_ASYNC,47,4862,0.580,1790766284661983.573	,1790766284661984.153	
0,N/A,MEMCPY_ASYNC,47,4863,0.640,1790766284662075.634	,1790766284662076.274	
0,Fill_1fbc7ee619b707282bbfd034093621df_high_performance_210000000,AI_VECTOR_CORE,47,4864,1.400,1790766284662345.220	,1790766284662346.620	
0,Fill_1fbc7ee619b707282bbfd034093621df_high_performance_210000000,AI_VECTOR_CORE,47,4865,1.200,1790766284662375.240	,1790766284662376.440	
0,Fill_1fbc7ee619b707282bbfd034093621df_high_performance_210000000,AI_VECTOR_CORE,47,4866,1.560,1790766284662579.304	,1790766284662580.864	
0,Fill_1fbc7ee619b707282bbfd034093621df_high_performance_210000000,AI_VECTOR_CORE,47,4867,1.260,1790766284662621.985	,1790766284662623.245	
0,N/A,MEMCPY_ASYNC,47,4868,0.560,1790766284663218.857	,1790766284663219.417	
0,Fill_1fbc7ee619b707282bbfd034093621df_high_performance_210000000,AI_VECTOR_CORE,47,4869,1.180,1790766284663262.958	,1790766284663264.138	
0,N/A,MEMCPY_ASYNC,47,4870,0.640,1790766284663401.381	,1790766284663402.021	
0,N/A,MEMCPY_ASYNC,47,4871,0.540,1790766284663543.764	,1790766284663544.304	
0,N/A,MEMCPY_ASYNC,47,4872,0.660,1790766284663726.087	,1790766284663726.747	
0,Sub_9342884c99c006e21fc9d5d9260b8bef_high_performance_210000000,AI_VECTOR_CORE,47,4873,1.480,1790766284663827.169	,1790766284663828.649	
0,Fill_1fbc7ee619b707282bbfd034093621df_high_performance_210000000,AI_VECTOR_CORE,47,4874,1.240,1790766284664050.454	,1790766284664051.694	
0,Fill_1fbc7ee619b707282bbfd034093621df_high_performance_210000000,AI_VECTOR_CORE,47,4875,1.300,1790766284664083.474	,1790766284664084.775	
0,N/A,MEMCPY_ASYNC,47,4876,0.540,1790766284664664.886	,1790766284664665.426	
0,Fill_1fbc7ee619b707282bbfd034093621df_high_performance_210000000,AI_VECTOR_CORE,47,4877,1.240,1790766284664719.707	,1790766284664720.947	
0,N/A,MEMCPY_ASYNC,47,4878,0.600,1790766284664842.610	,1790766284664843.210	
0,N/A,MEMCPY_ASYNC,47,4879,0.520,1790766284664982.472	,1790766284664982.992	
0,N/A,MEMCPY_ASYNC,47,4880,0.660,1790766284665116.335	,1790766284665116.995	
0,Sub_9342884c99c006e21fc9d5d9260b8bef_high_performance_210000000,AI_VECTOR_CORE,47,4881,1.340,1790766284665201.677	,1790766284665203.017	
0,Fill_1fbc7ee619b707282bbfd034093621df_high_performance_210000000,AI_VECTOR_CORE,47,4882,1.260,1790766284665374.980	,1790766284665376.240	
0,Fill_1fbc7ee619b707282bbfd034093621df_high_performance_210000000,AI_VECTOR_CORE,47,4883,1.120,1790766284665416.441	,1790766284665417.561	
0,N/A,MEMCPY_ASYNC,47,4884,0.540,1790766284665975.592	,1790766284665976.132	
0,Fill_1fbc7ee619b707282bbfd034093621df_high_performance_210000000,AI_VECTOR_CORE,47,4885,1.260,1790766284666024.813	,1790766284666026.073	
0,N/A,MEMCPY_ASYNC,47,4886,0.640,1790766284666157.776	,1790766284666158.416	
0,N/A,MEMCPY_ASYNC,47,4887,0.560,1790766284666270.818	,1790766284666271.378	
0,N/A,MEMCPY_ASYNC,47,4888,0.600,1790766284666393.841	,1790766284666394.441	
0,Sub_9342884c99c006e21fc9d5d9260b8bef_high_performance_210000000,AI_VECTOR_CORE,47,4889,1.380,1790766284666448.122	,1790766284666449.502	
0,N/A,EVENT_RECORD,47,4890,0.020,1790766284666737.888	,1790766284666737.908	
0,ZerosLike_1d2fd313763487259859439d7e9b41cf_high_performance_210000000,AI_VECTOR_CORE,47,4891,1.920,1790766284666903.911	,1790766284666905.831	
0,Fill_279daeaf6b659300647aba3935d90048_high_performance_210000000,AI_VECTOR_CORE,47,4892,1.540,1790766284667193.137	,1790766284667194.677	
0,Cast_a9b7af94359fc7c19da07ad0790f065c_high_performance_210000000,AI_VECTOR_CORE,47,4893,1.180,1790766284667248.078	,1790766284667249.258	
0,BroadcastTo_c71434db8135ff9089d65053721e3417_high_performance_232000000,AI_VECTOR_CORE,47,4894,1.320,1790766284667260.498	,1790766284667261.818	
0,Cast_9fc020fd54590bb5fe6cf6eabcf7b473_high_performance_210000000,AI_VECTOR_CORE,47,4895,1.500,1790766284667274.538	,1790766284667276.038	
0,Fill_279daeaf6b659300647aba3935d90048_high_performance_210000000,AI_VECTOR_CORE,47,4896,1.200,1790766284667320.719	,1790766284667321.919	
0,N/A,MEMCPY_ASYNC,47,4897,0.560,1790766284667436.221	,1790766284667436.781	
0,N/A,MODEL_EXECUTE,47,4898,3.020,1790766284667683.326	,1790766284667686.346	
0,Cast_e87590d11ccda8b259ab6b1ea7212319_high_performance_210000000,AI_VECTOR_CORE,13,0,1.280,1790766284667686.266	,1790766284667687.546	
0,GatherV2_7869a97190b9b4d296d9414a005b954b_high_precision_900015010,AI_VECTOR_CORE,13,1,2.840,1790766284667687.566	,1790766284667690.407	
0,BroadcastTo_7e5992d3033ef32a3463c5d198e518a1_high_performance_212100003,AI_VECTOR_CORE,13,2,6.220,1790766284667690.427	,1790766284667696.647	
0,HcPre_6c9f0fa710253eff38b1c0e6be6a67be_0,MIX_AIC,13,3,33.160,1790766284667697.967	,1790766284667731.127	
0,N/A,NOTIFY_WAIT,47,4899,3399.987,1790766284667698.187	,1790766284671098.175	
0,RmsNorm_normal_all_bf16_high_performance_0,AI_VECTOR_CORE,13,4,5.460,1790766284667732.107	,1790766284667737.567	
0,MatMulV2_ND_ND_FP16_FP16_false_true_all_98499,AI_CORE,13,5,162.063,1790766284667737.587	,1790766284667899.651	
0,Slice_ee29dafe4fe21e12bb8d56ae91626cba_high_performance_524000000,AI_VECTOR_CORE,13,6,2.100,1790766284667899.671	,1790766284667901.771	
0,MatMulV2_ND_ND_FP16_FP16_false_true_all_98325,AI_CORE,13,7,9.720,1790766284667901.791	,1790766284667911.511	
0,Slice_ee29dafe4fe21e12bb8d56ae91626cba_high_performance_524000000,AI_VECTOR_CORE,13,8,1.780,1790766284667911.531	,1790766284667913.311	
0,MatMulV2_ND_ND_FP16_FP16_false_true_all_98325,AI_CORE,13,9,7.900,1790766284667913.331	,1790766284667921.231	
0,ZerosLike_1c4543fdfe7149b6b0717bd88f061562_high_performance_210000000,AI_VECTOR_CORE,13,10,7.220,1790766284667921.251	,1790766284667928.471	
0,_copy_conv_state_kernel,AI_VECTOR_CORE,13,11,12.140,1790766284667928.491	,1790766284667940.632	
0,Slice_ee29dafe4fe21e12bb8d56ae91626cba_high_performance_524000000,AI_VECTOR_CORE,13,12,2.320,1790766284667940.672	,1790766284667942.992	
0,CausalConv1d_b0123b7fae3057c534dbb03661977c42_1,MIX_AIC,13,13,19.860,1790766284667943.872	,1790766284667963.732	
0,ViewCopy_7778b2d0a2938f9247cc0c9f84559eb2_high_performance__kernel0,AI_VECTOR_CORE,13,14,10.660,1790766284667964.572	,1790766284667975.232	
0,_copy_conv_state_kernel,AI_VECTOR_CORE,13,15,9.500,1790766284667975.272	,1790766284667984.772	
0,Slice_ee29dafe4fe21e12bb8d56ae91626cba_high_performance_524000000,AI_VECTOR_CORE,13,16,1.700,1790766284667984.812	,1790766284667986.512	
0,RecurrentKda_1ac9a791ca2957b2fe0a2e96909b5782_0,AI_VECTOR_CORE,13,17,54.541,1790766284667986.532	,1790766284668041.074	
0,_write_output,AI_VECTOR_CORE,13,18,3.060,1790766284668041.094	,1790766284668044.154	
0,layer_norm_gated_fwd_kernel,AI_VECTOR_CORE,13,19,4.160,1790766284668044.174	,1790766284668048.334	
0,MatMulV2_ND_ND_FP16_FP16_false_true_all_98499,AI_CORE,13,20,55.121,1790766284668048.374	,1790766284668103.495	
0,HcPost_d2fe6614722b27afa6f8d964c215447e_0,AI_VECTOR_CORE,13,21,8.180,1790766284668103.515	,1790766284668111.695	
0,HcPre_6c9f0fa710253eff38b1c0e6be6a67be_0,MIX_AIC,13,22,31.280,1790766284668112.835	,1790766284668144.116	
0,RmsNorm_normal_all_bf16_high_performance_0,AI_VECTOR_CORE,13,23,5.280,1790766284668145.156	,1790766284668150.436	
0,MatMulV2_ND_ND_FP16_FP16_false_true_all_98499,AI_CORE,13,24,173.883,1790766284668150.456	,1790766284668324.339	
0,Slice_ee29dafe4fe21e12bb8d56ae91626cba_high_performance_524000000,AI_VECTOR_CORE,13,25,2.160,1790766284668324.359	,1790766284668326.519	
0,ClipByValueV2_e87c9546cf2804355cf0d9445a2db01a_high_performance_220000000,AI_VECTOR_CORE,13,26,9.440,1790766284668326.539	,1790766284668335.979	
0,Slice_ee29dafe4fe21e12bb8d56ae91626cba_high_performance_524000000,AI_VECTOR_CORE,13,27,1.760,1790766284668335.999	,1790766284668337.759	
0,ClipByValueV2_e87c9546cf2804355cf0d9445a2db01a_high_performance_220000000,AI_VECTOR_CORE,13,28,5.880,1790766284668337.779	,1790766284668343.660	
0,Muls_299cf4d7f9ef0f745d89d88c666b45aa_high_performance_210000000,AI_VECTOR_CORE,13,29,7.300,1790766284668343.700	,1790766284668351.000	
0,Sigmoid_1c4543fdfe7149b6b0717bd88f061562_high_precision_210000000,AI_VECTOR_CORE,13,30,8.460,1790766284668351.020	,1790766284668359.480	
0,Mul_ce3d1ff8ba23a0bcb292da3577c1625d_high_performance_210020000,AI_VECTOR_CORE,13,31,9.440,1790766284668359.500	,1790766284668368.940	
0,Add_ce3d1ff8ba23a0bcb292da3577c1625d_high_performance_223000000,AI_VECTOR_CORE,13,32,6.820,1790766284668368.960	,1790766284668375.780	
0,Mul_ce3d1ff8ba23a0bcb292da3577c1625d_high_performance_210020000,AI_VECTOR_CORE,13,33,2.520,1790766284668375.820	,1790766284668378.340	
0,MatMulV2_ND_ND_FP16_FP16_false_true_all_98513,AI_CORE,13,34,103.782,1790766284668378.360	,1790766284668482.142	
0,HcPost_d2fe6614722b27afa6f8d964c215447e_0,AI_VECTOR_CORE,13,35,8.020,1790766284668482.162	,1790766284668490.183	
0,HcPre_6c9f0fa710253eff38b1c0e6be6a67be_0,MIX_AIC,13,36,28.820,1790766284668491.323	,1790766284668520.143	
0,RmsNorm_normal_all_bf16_high_performance_0,AI_VECTOR_CORE,13,37,5.040,1790766284668521.243	,1790766284668526.283	
0,MatMulV2_ND_ND_FP16_FP16_false_true_all_98499,AI_CORE,13,38,165.463,1790766284668526.303	,1790766284668691.767	
0,Slice_ee29dafe4fe21e12bb8d56ae91626cba_high_performance_524000000,AI_VECTOR_CORE,13,39,2.140,1790766284668691.807	,1790766284668693.947	
0,MatMulV2_ND_ND_FP16_FP16_false_true_all_98325,AI_CORE,13,40,7.540,1790766284668693.987	,1790766284668701.527	
0,Slice_ee29dafe4fe21e12bb8d56ae91626cba_high_performance_524000000,AI_VECTOR_CORE,13,41,1.940,1790766284668701.567	,1790766284668703.507	
0,MatMulV2_ND_ND_FP16_FP16_false_true_all_98325,AI_CORE,13,42,7.400,1790766284668703.527	,1790766284668710.927	
0,ZerosLike_1c4543fdfe7149b6b0717bd88f061562_high_performance_210000000,AI_VECTOR_CORE,13,43,7.460,1790766284668710.947	,1790766284668718.407	
0,_copy_conv_state_kernel,AI_VECTOR_CORE,13,44,11.780,1790766284668718.447	,1790766284668730.227	
0,Slice_ee29dafe4fe21e12bb8d56ae91626cba_high_performance_524000000,AI_VECTOR_CORE,13,45,2.020,1790766284668730.247	,1790766284668732.267	
0,CausalConv1d_b0123b7fae3057c534dbb03661977c42_1,MIX_AIC,13,46,18.500,1790766284668733.627	,1790766284668752.128	
0,ViewCopy_7778b2d0a2938f9247cc0c9f84559eb2_high_performance__kernel0,AI_VECTOR_CORE,13,47,8.780,1790766284668753.128	,1790766284668761.908	
0,_copy_conv_state_kernel,AI_VECTOR_CORE,13,48,9.760,1790766284668761.928	,1790766284668771.688	
0,Slice_ee29dafe4fe21e12bb8d56ae91626cba_high_performance_524000000,AI_VECTOR_CORE,13,49,1.900,1790766284668771.708	,1790766284668773.608	
0,RecurrentKda_1ac9a791ca2957b2fe0a2e96909b5782_0,AI_VECTOR_CORE,13,50,53.001,1790766284668773.628	,1790766284668826.629	
0,_write_output,AI_VECTOR_CORE,13,51,3.100,1790766284668826.649	,1790766284668829.749	
0,layer_norm_gated_fwd_kernel,AI_VECTOR_CORE,13,52,4.200,1790766284668829.769	,1790766284668833.969	
0,MatMulV2_ND_ND_FP16_FP16_false_true_all_98499,AI_CORE,13,53,64.521,1790766284668833.989	,1790766284668898.511	
0,HcPost_d2fe6614722b27afa6f8d964c215447e_0,AI_VECTOR_CORE,13,54,8.320,1790766284668898.531	,1790766284668906.851	
0,HcPre_6c9f0fa710253eff38b1c0e6be6a67be_0,MIX_AIC,13,55,29.900,1790766284668907.811	,1790766284668937.711	
0,RmsNorm_normal_all_bf16_high_performance_0,AI_VECTOR_CORE,13,56,5.120,1790766284668938.931	,1790766284668944.052	
0,MatMulV2_ND_ND_FP16_FP16_false_true_all_98499,AI_CORE,13,57,177.203,1790766284668944.072	,1790766284669121.275	
0,Slice_ee29dafe4fe21e12bb8d56ae91626cba_high_performance_524000000,AI_VECTOR_CORE,13,58,2.540,1790766284669121.315	,1790766284669123.855	
0,ClipByValueV2_e87c9546cf2804355cf0d9445a2db01a_high_performance_220000000,AI_VECTOR_CORE,13,59,10.300,1790766284669123.875	,1790766284669134.175	
0,Slice_ee29dafe4fe21e12bb8d56ae91626cba_high_performance_524000000,AI_VECTOR_CORE,13,60,1.840,1790766284669134.195	,1790766284669136.035	
0,ClipByValueV2_e87c9546cf2804355cf0d9445a2db01a_high_performance_220000000,AI_VECTOR_CORE,13,61,8.040,1790766284669136.055	,1790766284669144.096	
0,Muls_299cf4d7f9ef0f745d89d88c666b45aa_high_performance_210000000,AI_VECTOR_CORE,13,62,7.340,1790766284669144.116	,1790766284669151.456	
0,Sigmoid_1c4543fdfe7149b6b0717bd88f061562_high_precision_210000000,AI_VECTOR_CORE,13,63,8.200,1790766284669151.476	,1790766284669159.676	
0,Mul_ce3d1ff8ba23a0bcb292da3577c1625d_high_performance_210020000,AI_VECTOR_CORE,13,64,9.380,1790766284669159.696	,1790766284669169.076	
0,Add_ce3d1ff8ba23a0bcb292da3577c1625d_high_performance_223000000,AI_VECTOR_CORE,13,65,7.120,1790766284669169.096	,1790766284669176.216	
0,Mul_ce3d1ff8ba23a0bcb292da3577c1625d_high_performance_210020000,AI_VECTOR_CORE,13,66,2.560,1790766284669176.236	,1790766284669178.796	
0,MatMulV2_ND_ND_FP16_FP16_false_true_all_98513,AI_CORE,13,67,102.342,1790766284669178.836	,1790766284669281.178	
0,HcPost_d2fe6614722b27afa6f8d964c215447e_0,AI_VECTOR_CORE,13,68,8.140,1790766284669281.198	,1790766284669289.338	
0,HcPre_6c9f0fa710253eff38b1c0e6be6a67be_0,MIX_AIC,13,69,27.740,1790766284669290.379	,1790766284669318.119	
0,RmsNorm_normal_all_bf16_high_performance_0,AI_VECTOR_CORE,13,70,5.140,1790766284669319.019	,1790766284669324.159	
0,MatMulV2_ND_ND_FP16_FP16_false_true_all_98499,AI_CORE,13,71,149.643,1790766284669324.179	,1790766284669473.822	
0,Slice_ee29dafe4fe21e12bb8d56ae91626cba_high_performance_524000000,AI_VECTOR_CORE,13,72,2.160,1790766284669473.842	,1790766284669476.002	
0,MatMulV2_ND_ND_FP16_FP16_false_true_all_98325,AI_CORE,13,73,8.240,1790766284669476.022	,1790766284669484.262	
0,Slice_ee29dafe4fe21e12bb8d56ae91626cba_high_performance_524000000,AI_VECTOR_CORE,13,74,1.860,1790766284669484.282	,1790766284669486.142	
0,MatMulV2_ND_ND_FP16_FP16_false_true_all_98325,AI_CORE,13,75,7.840,1790766284669486.162	,1790766284669494.003	
0,ZerosLike_1c4543fdfe7149b6b0717bd88f061562_high_performance_210000000,AI_VECTOR_CORE,13,76,7.380,1790766284669494.023	,1790766284669501.403	
0,_copy_conv_state_kernel,AI_VECTOR_CORE,13,77,12.180,1790766284669501.443	,1790766284669513.623	
0,Slice_ee29dafe4fe21e12bb8d56ae91626cba_high_performance_524000000,AI_VECTOR_CORE,13,78,2.020,1790766284669513.643	,1790766284669515.663	
0,CausalConv1d_b0123b7fae3057c534dbb03661977c42_1,MIX_AIC,13,79,14.060,1790766284669516.723	,1790766284669530.783	
0,ViewCopy_7778b2d0a2938f9247cc0c9f84559eb2_high_performance__kernel0,AI_VECTOR_CORE,13,80,9.300,1790766284669531.963	,1790766284669541.264	
0,_copy_conv_state_kernel,AI_VECTOR_CORE,13,81,9.720,1790766284669541.284	,1790766284669551.004	
0,Slice_ee29dafe4fe21e12bb8d56ae91626cba_high_performance_524000000,AI_VECTOR_CORE,13,82,1.960,1790766284669551.024	,1790766284669552.984	
0,RecurrentKda_1ac9a791ca2957b2fe0a2e96909b5782_0,AI_VECTOR_CORE,13,83,54.321,1790766284669553.004	,1790766284669607.325	
0,_write_output,AI_VECTOR_CORE,13,84,3.020,1790766284669607.345	,1790766284669610.365	
0,layer_norm_gated_fwd_kernel,AI_VECTOR_CORE,13,85,4.220,1790766284669610.405	,1790766284669614.625	
0,MatMulV2_ND_ND_FP16_FP16_false_true_all_98499,AI_CORE,13,86,57.361,1790766284669614.645	,1790766284669672.006	
0,HcPost_d2fe6614722b27afa6f8d964c215447e_0,AI_VECTOR_CORE,13,87,7.960,1790766284669672.026	,1790766284669679.986	
0,HcPre_6c9f0fa710253eff38b1c0e6be6a67be_0,MIX_AIC,13,88,30.940,1790766284669681.246	,1790766284669712.187	
0,RmsNorm_normal_all_bf16_high_performance_0,AI_VECTOR_CORE,13,89,5.160,1790766284669712.947	,1790766284669718.107	
0,MatMulV2_ND_ND_FP16_FP16_false_true_all_98499,AI_CORE,13,90,172.443,1790766284669718.127	,1790766284669890.571	
0,Slice_ee29dafe4fe21e12bb8d56ae91626cba_high_performance_524000000,AI_VECTOR_CORE,13,91,2.260,1790766284669890.591	,1790766284669892.851	
0,ClipByValueV2_e87c9546cf2804355cf0d9445a2db01a_high_performance_220000000,AI_VECTOR_CORE,13,92,9.480,1790766284669892.891	,1790766284669902.371	
0,Slice_ee29dafe4fe21e12bb8d56ae91626cba_high_performance_524000000,AI_VECTOR_CORE,13,93,1.820,1790766284669902.391	,1790766284669904.211	
0,ClipByValueV2_e87c9546cf2804355cf0d9445a2db01a_high_performance_220000000,AI_VECTOR_CORE,13,94,7.640,1790766284669904.231	,1790766284669911.871	
0,Muls_299cf4d7f9ef0f745d89d88c666b45aa_high_performance_210000000,AI_VECTOR_CORE,13,95,7.400,1790766284669911.911	,1790766284669919.311	
0,Sigmoid_1c4543fdfe7149b6b0717bd88f061562_high_precision_210000000,AI_VECTOR_CORE,13,96,8.380,1790766284669919.331	,1790766284669927.711	
0,Mul_ce3d1ff8ba23a0bcb292da3577c1625d_high_performance_210020000,AI_VECTOR_CORE,13,97,9.740,1790766284669927.731	,1790766284669937.471	
0,Add_ce3d1ff8ba23a0bcb292da3577c1625d_high_performance_223000000,AI_VECTOR_CORE,13,98,7.020,1790766284669937.491	,1790766284669944.512	
0,Mul_ce3d1ff8ba23a0bcb292da3577c1625d_high_performance_210020000,AI_VECTOR_CORE,13,99,2.660,1790766284669944.532	,1790766284669947.192	
0,MatMulV2_ND_ND_FP16_FP16_false_true_all_98513,AI_CORE,13,100,100.302,1790766284669947.212	,1790766284670047.514	
0,N/A,EVENT_WAIT,39,29,2209.184,1790766284669997.393	,1790766284672206.577	
0,HcPost_d2fe6614722b27afa6f8d964c215447e_0,AI_VECTOR_CORE,13,101,8.460,1790766284670047.554	,1790766284670056.014	
0,HcPre_6c9f0fa710253eff38b1c0e6be6a67be_0,MIX_AIC,13,102,28.800,1790766284670056.974	,1790766284670085.774	
0,RmsNorm_normal_all_bf16_high_performance_0,AI_VECTOR_CORE,13,103,5.220,1790766284670086.854	,1790766284670092.075	
0,MatMulV2_ND_ND_FP16_FP16_false_true_all_98513,AI_CORE,13,104,18.640,1790766284670092.095	,1790766284670110.735	
0,Slice_ee29dafe4fe21e12bb8d56ae91626cba_high_performance_524000000,AI_VECTOR_CORE,13,105,1.820,1790766284670110.755	,1790766284670112.575	
0,RmsNorm_normal_all_bf16_high_performance_2,AI_VECTOR_CORE,13,106,6.020,1790766284670112.595	,1790766284670118.615	
0,Slice_ee29dafe4fe21e12bb8d56ae91626cba_high_performance_524000000,AI_VECTOR_CORE,13,107,1.920,1790766284670118.635	,1790766284670120.555	
0,RmsNorm_normal_all_bf16_high_performance_2,AI_VECTOR_CORE,13,108,4.440,1790766284670120.595	,1790766284670125.035	
0,ScatterNdUpdate_bfloat16_int32_high_precision_11,MIX_AIV,13,109,5.760,1790766284670126.155	,1790766284670131.915	
0,MatMulV2_ND_ND_FP16_FP16_false_true_all_98499,AI_CORE,13,110,45.620,1790766284670132.835	,1790766284670178.456	
0,TransposeBatchMatMul_ND_ND_ND_ND_ND_BF16_BF16_BF16_INT64_BF16_high_performance_32,AI_CORE,13,111,23.980,1790766284670178.476	,1790766284670202.457	
0,Cast_b2717900ea7de2d41ea9c63d23aa269b_high_performance_210000000,AI_VECTOR_CORE,13,112,3.960,1790766284670202.477	,1790766284670206.437	
0,MatMulV2_ND_ND_FP32_FP32_false_true_all_65665,AI_CORE,13,113,9.460,1790766284670206.477	,1790766284670215.937	
0,Slice_82e6b4faea71b451f217d7ea57c08012_high_performance_524000000,AI_VECTOR_CORE,13,114,2.120,1790766284670215.957	,1790766284670218.077	
0,LayerNormV3_23ae115d70bd435e4cb966a52be97b55_high_precision_1600400500,AI_VECTOR_CORE,13,115,6.840,1790766284670218.097	,1790766284670224.937	
0,MatMulV2_ND_ND_FP32_FP32_false_true_all_65665,AI_CORE,13,116,8.840,1790766284670224.957	,1790766284670233.797	
0,MatMulV2_ND_ND_FP16_FP16_false_true_all_98499,AI_CORE,13,117,16.060,1790766284670233.817	,1790766284670249.878	
0,Slice_82e6b4faea71b451f217d7ea57c08012_high_performance_524000000,AI_VECTOR_CORE,13,118,1.880,1790766284670249.898	,1790766284670251.778	
0,Cast_9f288b80370c6545ffe8cef142d37f5c_high_performance_210000000,AI_VECTOR_CORE,13,119,1.540,1790766284670251.818	,1790766284670253.358	
0,Muls_299cf4d7f9ef0f745d89d88c666b45aa_high_performance_210000000,AI_VECTOR_CORE,13,120,1.360,1790766284670253.378	,1790766284670254.738	
0,_glm5_next_kpool_tail_compress_kernel,AI_VECTOR_CORE,13,121,6.680,1790766284670254.758	,1790766284670261.438	
0,_store_kpool_tail_kernel,AI_VECTOR_CORE,13,122,4.520,1790766284670261.478	,1790766284670265.998	
0,Cast_b2717900ea7de2d41ea9c63d23aa269b_high_performance_210000000,AI_VECTOR_CORE,13,123,2.620,1790766284670266.018	,1790766284670268.638	
0,Cast_b2717900ea7de2d41ea9c63d23aa269b_high_performance_210000000,AI_VECTOR_CORE,13,124,1.180,1790766284670268.658	,1790766284670269.838	
0,Mul_ee98c6628030785f610b924ab1557b31_high_performance_212000001,AI_VECTOR_CORE,13,125,9.760,1790766284670269.878	,1790766284670279.638	
0,ReduceSum_7a09f5b7af4126487a7f726a9aac7548_high_performance_10002100900,MIX_AIV,13,126,11.480,1790766284670280.578	,1790766284670292.059	
0,_glm5_next_lightning_indexer_score_kernel,AI_VECTOR_CORE,13,127,10.720,1790766284670292.759	,1790766284670303.479	
0,TopKV2_5c671486fda0d949d7cba9a9754bc2dd_high_performance_2017612701781458944,MIX_AIV,13,128,10.400,1790766284670304.699	,1790766284670315.099	
0,Cast_e87590d11ccda8b259ab6b1ea7212319_high_performance_210000000,AI_VECTOR_CORE,13,129,1.940,1790766284670316.259	,1790766284670318.199	
0,Cast_39a266ce9a8d7d9ead33f6686e936b72_high_performance_210000000,AI_VECTOR_CORE,13,130,2.320,1790766284670318.239	,1790766284670320.559	
0,_expand_pool_indices,AI_VECTOR_CORE,13,131,17.360,1790766284670320.579	,1790766284670337.939	
0,Slice_b9b91ad79a469f7fcff72949705be0f9_high_performance_521000000,AI_VECTOR_CORE,13,132,2.140,1790766284670337.979	,1790766284670340.119	
0,SparseFlashAttention_2e25ad8fefac1f04c03bd78f2d2ab366_1158,MIX_AIC,13,133,33.580,1790766284670341.320	,1790766284670374.900	
0,TransposeBatchMatMul_ND_ND_ND_ND_ND_BF16_BF16_BF16_INT64_BF16_high_performance_32,AI_CORE,13,134,24.280,1790766284670376.120	,1790766284670400.401	
0,N/A,EVENT_WAIT,45,283,1821.996,1790766284670384.600	,1790766284672206.597	
0,MatMulV2_ND_ND_FP16_FP16_false_true_all_98513,AI_CORE,13,135,132.002,1790766284670400.421	,1790766284670532.423	
0,N/A,MEMCPY_ASYNC,13,136,0.600,1790766284670532.443	,1790766284670533.043	
0,HcPost_d2fe6614722b27afa6f8d964c215447e_0,AI_VECTOR_CORE,13,137,8.480,1790766284670533.063	,1790766284670541.544	
0,HcPre_6c9f0fa710253eff38b1c0e6be6a67be_0,MIX_AIC,13,138,29.940,1790766284670542.804	,1790766284670572.744	
0,RmsNorm_normal_all_bf16_high_performance_0,AI_VECTOR_CORE,13,139,4.900,1790766284670573.904	,1790766284670578.804	
0,N/A,EVENT_RECORD,13,140,0.020,1790766284670578.824	,1790766284670578.844	
0,Cast_b2717900ea7de2d41ea9c63d23aa269b_high_performance_210000000,AI_VECTOR_CORE,13,141,3.540,1790766284670578.864	,1790766284670582.404	
0,MatMulV2_ND_ND_FP32_FP32_false_true_all_65665,AI_CORE,13,142,5.800,1790766284670582.424	,1790766284670588.224	
0,N/A,EVENT_RECORD,13,143,0.020,1790766284670588.244	,1790766284670588.264	
0,MoeGatingTopK_81369a2fa0455f39b5d19d432d261f57_1,AI_VECTOR_CORE,13,144,5.320,1790766284670588.284	,1790766284670593.605	
0,N/A,EVENT_RECORD,13,145,0.020,1790766284670593.645	,1790766284670593.665	
0,MoeInitRoutingV3_4ca8d2d329b4477b44dd2ee885849b12_2100000,MIX_AIV,13,146,14.000,1790766284670594.765	,1790766284670608.765	
0,GroupedMatmul_0d2d43751f81d7f29646a862147967c9_68885275,MIX_AIC,13,147,220.044,1790766284670611.825	,1790766284670831.869	
0,Slice_ee29dafe4fe21e12bb8d56ae91626cba_high_performance_524000000,AI_VECTOR_CORE,13,148,2.680,1790766284670832.809	,1790766284670835.489	
0,ClipByValueV2_e87c9546cf2804355cf0d9445a2db01a_high_performance_220000000,AI_VECTOR_CORE,13,149,10.160,1790766284670835.509	,1790766284670845.670	
0,ViewCopy_7778b2d0a2938f9247cc0c9f84559eb2_high_performance__kernel0,AI_VECTOR_CORE,13,150,9.580,1790766284670845.690	,1790766284670855.270	
0,Slice_ee29dafe4fe21e12bb8d56ae91626cba_high_performance_524000000,AI_VECTOR_CORE,13,151,2.440,1790766284670855.310	,1790766284670857.750	
0,ClipByValueV2_e87c9546cf2804355cf0d9445a2db01a_high_performance_220000000,AI_VECTOR_CORE,13,152,6.240,1790766284670857.790	,1790766284670864.030	
0,ViewCopy_7778b2d0a2938f9247cc0c9f84559eb2_high_performance__kernel0,AI_VECTOR_CORE,13,153,8.960,1790766284670864.070	,1790766284670873.030	
0,SwiGlu_3_high_performance_27,AI_VECTOR_CORE,13,154,6.700,1790766284670873.070	,1790766284670879.770	
0,N/A,EVENT_RECORD,13,155,0.020,1790766284670879.790	,1790766284670879.810	
0,GroupedMatmul_0d2d43751f81d7f29646a862147967c9_68885275,MIX_AIC,13,156,98.261,1790766284670881.030	,1790766284670979.292	
0,N/A,EVENT_RECORD,13,157,0.020,1790766284670980.532	,1790766284670980.552	
0,Cast_9f288b80370c6545ffe8cef142d37f5c_high_performance_210000000,AI_VECTOR_CORE,13,158,1.280,1790766284670980.572	,1790766284670981.852	
0,Abs_8098b79498645e9c0da095babdeaf862_high_performance_210000000,AI_VECTOR_CORE,13,159,1.540,1790766284670981.872	,1790766284670983.412	
0,MoeTokenUnpermute_6dd49246dc9576d3314234df69cb5c22_1,AI_VECTOR_CORE,13,160,4.480,1790766284670983.452	,1790766284670987.932	
0,MatMulV2_ND_ND_FP16_FP16_false_true_all_98499,AI_CORE,13,161,31.480,1790766284670987.972	,1790766284671019.453	
0,Slice_ee29dafe4fe21e12bb8d56ae91626cba_high_performance_524000000,AI_VECTOR_CORE,13,162,1.820,1790766284671019.493	,1790766284671021.313	
0,ClipByValueV2_e87c9546cf2804355cf0d9445a2db01a_high_performance_220000000,AI_VECTOR_CORE,13,163,2.140,1790766284671021.353	,1790766284671023.493	
0,Slice_ee29dafe4fe21e12bb8d56ae91626cba_high_performance_524000000,AI_VECTOR_CORE,13,164,1.320,1790766284671023.513	,1790766284671024.833	
0,ClipByValueV2_e87c9546cf2804355cf0d9445a2db01a_high_performance_220000000,AI_VECTOR_CORE,13,165,2.460,1790766284671024.853	,1790766284671027.313	
0,Muls_299cf4d7f9ef0f745d89d88c666b45aa_high_performance_210000000,AI_VECTOR_CORE,13,166,2.080,1790766284671027.353	,1790766284671029.433	
0,Sigmoid_1c4543fdfe7149b6b0717bd88f061562_high_precision_210000000,AI_VECTOR_CORE,13,167,3.020,1790766284671029.453	,1790766284671032.473	
0,Mul_ce3d1ff8ba23a0bcb292da3577c1625d_high_performance_210020000,AI_VECTOR_CORE,13,168,2.600,1790766284671032.493	,1790766284671035.093	
0,Add_ce3d1ff8ba23a0bcb292da3577c1625d_high_performance_223000000,AI_VECTOR_CORE,13,169,2.460,1790766284671035.113	,1790766284671037.573	
0,Mul_ce3d1ff8ba23a0bcb292da3577c1625d_high_performance_210020000,AI_VECTOR_CORE,13,170,2.660,1790766284671037.593	,1790766284671040.253	
0,MatMulV2_ND_ND_FP16_FP16_false_true_all_98499,AI_CORE,13,171,18.400,1790766284671040.273	,1790766284671058.674	
0,ForeachAddList_c73cb8f503197be65eaf63148ad48de4_high_performance_4,AI_VECTOR_CORE,13,172,14.640,1790766284671058.694	,1790766284671073.334	
0,HcPost_d2fe6614722b27afa6f8d964c215447e_0,AI_VECTOR_CORE,13,173,6.580,1790766284671073.354	,1790766284671079.934	
0,ReduceMean_9a2479d4dc5148645cb3f4b9e765c637_high_precision_2100900,MIX_AIV,13,174,11.140,1790766284671081.034	,1790766284671092.175	
0,RmsNorm_normal_all_bf16_high_performance_0,AI_VECTOR_CORE,13,175,3.880,1790766284671093.215	,1790766284671097.095	
0,N/A,EVENT_RESET,13,176,0.100,1790766284671097.115	,1790766284671097.215	
0,N/A,EVENT_RESET,13,177,0.080,1790766284671097.235	,1790766284671097.315	
0,N/A,EVENT_RESET,13,178,0.080,1790766284671097.355	,1790766284671097.435	
0,N/A,EVENT_RESET,13,179,0.080,1790766284671097.475	,1790766284671097.555	
0,N/A,EVENT_RESET,13,180,0.100,1790766284671097.575	,1790766284671097.675	
0,N/A,NOTIFY_RECORD,13,181,0.020,1790766284671097.695	,1790766284671097.715	
0,IndexCheck_int32_high_performance_1,AI_VECTOR_CORE,47,4900,3.660,1790766284671098.195	,1790766284671101.855	
0,Index_b1b18d29d34a3b544b5bb6b3f56177c3_high_performance__kernel0,AI_VECTOR_CORE,47,4901,8.200,1790766284671101.875	,1790766284671110.075	
0,MatMulV2_ND_ND_FP16_FP16_false_true_all_98499,AI_CORE,47,4902,913.958,1790766284671110.095	,1790766284672024.053	
0,Cast_b2717900ea7de2d41ea9c63d23aa269b_high_performance_210000000,AI_VECTOR_CORE,47,4903,7.640,1790766284672024.073	,1790766284672031.713	
0,LogSoftmaxV2_291664ae3e88b38b8b46c2efbbea27c9_high_precision_400001,AI_VECTOR_CORE,47,4904,44.700,1790766284672031.733	,1790766284672076.434	
0,Cast_b2717900ea7de2d41ea9c63d23aa269b_high_performance_210000000,AI_VECTOR_CORE,47,4905,2.980,1790766284672076.454	,1790766284672079.434	
0,ArgMaxV2_4402011f777d6374ab9f6425cb5984c4_high_performance_3,AI_VECTOR_CORE,47,4906,19.520,1790766284672079.474	,1790766284672098.995	
0,Cast_e87590d11ccda8b259ab6b1ea7212319_high_performance_210000000,AI_VECTOR_CORE,47,4907,1.320,1790766284672099.035	,1790766284672100.355	
0,TopKV2_5c671486fda0d949d7cba9a9754bc2dd_high_performance_2017612907943034881,MIX_AIV,47,4908,31.840,1790766284672101.535	,1790766284672133.375	
0,TopKV2_5c671486fda0d949d7cba9a9754bc2dd_high_performance_2017612701781458944,MIX_AIV,47,4909,4.600,1790766284672136.295	,1790766284672140.895	
0,GatherElements_8b4ec10fbb39c5c0a65192c606400b29_high_performance__kernel0,AI_VECTOR_CORE,47,4910,3.800,1790766284672141.755	,1790766284672145.556	
0,Cast_e87590d11ccda8b259ab6b1ea7212319_high_performance_210000000,AI_VECTOR_CORE,47,4911,1.160,1790766284672145.576	,1790766284672146.736	
0,Cast_39a266ce9a8d7d9ead33f6686e936b72_high_performance_210000000,AI_VECTOR_CORE,47,4912,1.480,1790766284672146.756	,1790766284672148.236	
0,GatherElementsV2_fp32_high_performance_2,AI_VECTOR_CORE,47,4913,4.120,1790766284672148.256	,1790766284672152.376	
0,GreaterEqual_3efaad932f458d7892fdb0715ec85b2b_high_performance_212000002,AI_VECTOR_CORE,47,4914,11.660,1790766284672152.396	,1790766284672164.056	
0,Cast_df2b778f1b80e749bd4242386ec57ab9_high_performance_210000000,AI_VECTOR_CORE,47,4915,7.040,1790766284672164.076	,1790766284672171.116	
0,ReduceSum_7a09f5b7af4126487a7f726a9aac7548_high_performance_110001000400,MIX_AIV,47,4916,22.740,1790766284672172.176	,1790766284672194.917	
0,Cast_c6738f795430c3c6f09cdc8d52a1b43d_high_performance_210000000,AI_VECTOR_CORE,47,4917,1.400,1790766284672195.957	,1790766284672197.357	
0,ConcatD_0d745295987e1c668b2ec8b2844aeada_high_performance_0,AI_VECTOR_CORE,47,4918,3.220,1790766284672197.377	,1790766284672200.597	
0,ConcatD_233851a3505389e43928a8bba133a74d_high_performance_0,AI_VECTOR_CORE,47,4919,2.600,1790766284672200.637	,1790766284672203.237	
0,Cast_39a266ce9a8d7d9ead33f6686e936b72_high_performance_210000000,AI_VECTOR_CORE,47,4920,1.460,1790766284672203.277	,1790766284672204.737	
0,Cast_39a266ce9a8d7d9ead33f6686e936b72_high_performance_210000000,AI_VECTOR_CORE,47,4921,1.320,1790766284672204.757	,1790766284672206.077	
0,N/A,EVENT_RECORD,47,4922,0.020,1790766284672206.097	,1790766284672206.117	
0,N/A,EVENT_RECORD,47,4923,0.020,1790766284672206.137	,1790766284672206.157	
0,N/A,MEMCPY_ASYNC,45,284,1.880,1790766284672206.617	,1790766284672208.497	
0,N/A,MEMCPY_ASYNC,45,285,2.040,1790766284672208.657	,1790766284672210.697	
0,N/A,MEMCPY_ASYNC,45,286,2.040,1790766284672210.857	,1790766284672212.897	
0,N/A,MEMCPY_ASYNC,45,287,2.060,1790766284672213.057	,1790766284672215.117	
0,N/A,EVENT_RECORD,45,288,0.020,1790766284672215.257	,1790766284672215.277	
0,N/A,EVENT_RECORD,45,289,0.020,1790766284672215.297	,1790766284672215.317	
0,N/A,EVENT_RECORD,45,290,0.000,1790766284672215.337	,1790766284672215.337	
0,N/A,EVENT_RECORD,45,291,0.000,1790766284672215.377	,1790766284672215.377	
0,N/A,EVENT_RECORD,45,292,0.020,1790766284672615.925	,1790766284672615.945	
0,N/A,MEMCPY_ASYNC,47,4924,2.400,1790766284672849.550	,1790766284672851.950	
0,N/A,MEMCPY_ASYNC,47,4925,2.360,1790766284672948.372	,1790766284672950.732	
0,N/A,MEMCPY_ASYNC,47,4926,2.140,1790766284673020.113	,1790766284673022.253	
0,N/A,MEMCPY_ASYNC,47,4927,2.240,1790766284673095.275	,1790766284673097.515	
0,N/A,MEMCPY_ASYNC,47,4928,2.180,1790766284673179.616	,1790766284673181.796	
0,N/A,MEMCPY_ASYNC,47,4929,2.180,1790766284673458.722	,1790766284673460.902	
0,N/A,MEMCPY_ASYNC,47,4930,2.220,1790766284673632.985	,1790766284673635.205	
0,N/A,MEMCPY_ASYNC,47,4931,2.340,1790766284673693.926	,1790766284673696.267	
0,Fill_1fbc7ee619b707282bbfd034093621df_high_performance_223000000,AI_VECTOR_CORE,47,4932,1.540,1790766284673863.630	,1790766284673865.170	
0,N/A,MEMCPY_ASYNC,47,4933,0.580,1790766284674072.914	,1790766284674073.494	
0,N/A,MEMCPY_ASYNC,47,4934,2.340,1790766284674302.879	,1790766284674305.219	
0,Fill_1fbc7ee619b707282bbfd034093621df_high_performance_223000000,AI_VECTOR_CORE,47,4935,1.360,1790766284674356.400	,1790766284674357.760	
0,N/A,MEMCPY_ASYNC,47,4936,2.480,1790766284674415.701	,1790766284674418.181	
0,N/A,MEMCPY_ASYNC,47,4937,2.460,1790766284674510.663	,1790766284674513.123	
0,N/A,MEMCPY_ASYNC,47,4938,2.360,1790766284674595.104	,1790766284674597.465	
0,N/A,MEMCPY_ASYNC,47,4939,2.380,1790766284674678.946	,1790766284674681.326	
0,IndexCheck_int64_high_performance_0,AI_VECTOR_CORE,47,4940,3.160,1790766284674786.428	,1790766284674789.588	
0,Index_f34e8f0e5e2c96109aa0460550023804_high_performance__kernel0,AI_VECTOR_CORE,47,4941,7.640,1790766284674795.929	,1790766284674803.569	
0,Cast_e87590d11ccda8b259ab6b1ea7212319_high_performance_210000000,AI_VECTOR_CORE,47,4942,1.220,1790766284674876.610	,1790766284674877.830	
0,Add_41dadce325b0f810d03359af2a38990b_high_performance_210000000,AI_VECTOR_CORE,47,4943,2.480,1790766284674947.352	,1790766284674949.832	
0,N/A,MEMCPY_ASYNC,47,4944,0.620,1790766284675044.273	,1790766284675044.893	
0,Add_9342884c99c006e21fc9d5d9260b8bef_high_performance_210000000,AI_VECTOR_CORE,47,4945,1.640,1790766284675115.855	,1790766284675117.495	
0,N/A,MEMCPY_ASYNC,47,4946,0.580,1790766284675200.817	,1790766284675201.397	
0,Fill_1fbc7ee619b707282bbfd034093621df_high_performance_210000000,AI_VECTOR_CORE,47,4947,1.480,1790766284675265.598	,1790766284675267.078	
0,_compute_slot_mapping_fused_groups_adaptive_kernel,AI_VECTOR_CORE,47,4948,4.980,1790766284675672.846	,1790766284675677.826	
0,Sub_9342884c99c006e21fc9d5d9260b8bef_high_performance_223000000,AI_VECTOR_CORE,47,4949,1.480,1790766284675825.909	,1790766284675827.389	
0,N/A,MEMCPY_ASYNC,47,4950,2.520,1790766284676167.916	,1790766284676170.436	
0,Fill_1fbc7ee619b707282bbfd034093621df_high_performance_210000000,AI_VECTOR_CORE,47,4951,1.360,1790766284676337.159	,1790766284676338.519	
0,Fill_1fbc7ee619b707282bbfd034093621df_high_performance_223000000,AI_VECTOR_CORE,47,4952,1.460,1790766284676377.700	,1790766284676379.160	
0,Cast_e87590d11ccda8b259ab6b1ea7212319_high_performance_210000000,AI_VECTOR_CORE,47,4953,1.240,1790766284676961.192	,1790766284676962.432	
0,FloorDiv_41dadce325b0f810d03359af2a38990b_high_performance_223000000,AI_VECTOR_CORE,47,4954,6.560,1790766284676963.512	,1790766284676970.072	
0,Cast_39a266ce9a8d7d9ead33f6686e936b72_high_performance_210000000,AI_VECTOR_CORE,47,4955,1.500,1790766284676970.092	,1790766284676971.592	
0,N/A,MEMCPY_ASYNC,47,4956,0.580,1790766284677122.515	,1790766284677123.095	
0,Cast_e87590d11ccda8b259ab6b1ea7212319_high_performance_210000000,AI_VECTOR_CORE,47,4957,1.260,1790766284677215.357	,1790766284677216.617	
0,GreaterEqual_1ea4da630f56dc1c2d6e7c9a9dd17b11_high_performance_223000000,AI_VECTOR_CORE,47,4958,3.220,1790766284677217.577	,1790766284677220.797	
0,Add_41dadce325b0f810d03359af2a38990b_high_performance_223000000,AI_VECTOR_CORE,47,4959,2.760,1790766284677257.498	,1790766284677260.258	
0,BroadcastTo_41dadce325b0f810d03359af2a38990b_high_performance_232000000,AI_VECTOR_CORE,47,4960,1.700,1790766284677328.239	,1790766284677329.939	
0,FloorMod_41dadce325b0f810d03359af2a38990b_high_precision_210000000,AI_VECTOR_CORE,47,4961,1.720,1790766284677329.959	,1790766284677331.679	
0,Equal_1ea4da630f56dc1c2d6e7c9a9dd17b11_high_performance_223000000,AI_VECTOR_CORE,47,4962,2.400,1790766284677371.020	,1790766284677373.420	
0,LogicalAnd_91d2a3cdd75d915a368582ec5f440af1_high_performance_210000000,AI_VECTOR_CORE,47,4963,1.620,1790766284677412.761	,1790766284677414.381	
0,ClipByValueV2_3bc53d14ff7dfecd0ed0c69136ab471a_high_performance_220000000,AI_VECTOR_CORE,47,4964,3.060,1790766284677460.782	,1790766284677463.842	
0,Cast_e87590d11ccda8b259ab6b1ea7212319_high_performance_210000000,AI_VECTOR_CORE,47,4965,1.160,1790766284677512.823	,1790766284677513.983	
0,FloorDiv_41dadce325b0f810d03359af2a38990b_high_performance_223000000,AI_VECTOR_CORE,47,4966,1.660,1790766284677524.103	,1790766284677525.763	
0,Cast_39a266ce9a8d7d9ead33f6686e936b72_high_performance_210000000,AI_VECTOR_CORE,47,4967,1.360,1790766284677525.803	,1790766284677527.163	
0,BroadcastTo_c71434db8135ff9089d65053721e3417_high_performance_232000000,AI_VECTOR_CORE,47,4968,1.380,1790766284677572.764	,1790766284677574.144	
0,FloorMod_9342884c99c006e21fc9d5d9260b8bef_high_precision_210000000,AI_VECTOR_CORE,47,4969,3.420,1790766284677574.164	,1790766284677577.584	
0,Mul_9342884c99c006e21fc9d5d9260b8bef_high_performance_223000000,AI_VECTOR_CORE,47,4970,1.560,1790766284677623.865	,1790766284677625.425	
0,Cast_e87590d11ccda8b259ab6b1ea7212319_high_performance_210000000,AI_VECTOR_CORE,47,4971,1.220,1790766284677676.026	,1790766284677677.246	
0,FloorDiv_41dadce325b0f810d03359af2a38990b_high_performance_223000000,AI_VECTOR_CORE,47,4972,1.740,1790766284677677.726	,1790766284677679.466	
0,Cast_39a266ce9a8d7d9ead33f6686e936b72_high_performance_210000000,AI_VECTOR_CORE,47,4973,1.020,1790766284677689.446	,1790766284677690.466	
0,Add_9342884c99c006e21fc9d5d9260b8bef_high_performance_210000000,AI_VECTOR_CORE,47,4974,1.220,1790766284677715.247	,1790766284677716.467	
0,Fill_1fbc7ee619b707282bbfd034093621df_high_performance_223000000,AI_VECTOR_CORE,47,4975,1.200,1790766284677786.028	,1790766284677787.228	
0,SelectV2_9bb0969ab50036eba4428cd9974a5c0b_high_performance_210000000,AI_VECTOR_CORE,47,4976,2.040,1790766284677826.729	,1790766284677828.769	
0,Cast_e87590d11ccda8b259ab6b1ea7212319_high_performance_210000000,AI_VECTOR_CORE,47,4977,1.180,1790766284677867.050	,1790766284677868.230	
0,Cast_e87590d11ccda8b259ab6b1ea7212319_high_performance_210000000,AI_VECTOR_CORE,47,4978,1.220,1790766284677971.712	,1790766284677972.932	
0,FloorDiv_41dadce325b0f810d03359af2a38990b_high_performance_223000000,AI_VECTOR_CORE,47,4979,1.860,1790766284677973.412	,1790766284677975.272	
0,Cast_39a266ce9a8d7d9ead33f6686e936b72_high_performance_210000000,AI_VECTOR_CORE,47,4980,1.240,1790766284677975.292	,1790766284677976.532	
0,N/A,MEMCPY_ASYNC,47,4981,0.600,1790766284678093.194	,1790766284678093.794	
0,N/A,MEMCPY_ASYNC,47,4982,0.620,1790766284678191.076	,1790766284678191.696	
0,Fill_1fbc7ee619b707282bbfd034093621df_high_performance_210000000,AI_VECTOR_CORE,47,4983,1.380,1790766284678428.081	,1790766284678429.461	
0,Fill_1fbc7ee619b707282bbfd034093621df_high_performance_210000000,AI_VECTOR_CORE,47,4984,1.160,1790766284678470.262	,1790766284678471.422	
0,Fill_1fbc7ee619b707282bbfd034093621df_high_performance_210000000,AI_VECTOR_CORE,47,4985,1.320,1790766284678653.606	,1790766284678654.926	
0,Fill_1fbc7ee619b707282bbfd034093621df_high_performance_210000000,AI_VECTOR_CORE,47,4986,1.300,1790766284678695.106	,1790766284678696.406	
0,N/A,MEMCPY_ASYNC,47,4987,0.600,1790766284679286.178	,1790766284679286.778	
0,Fill_1fbc7ee619b707282bbfd034093621df_high_performance_210000000,AI_VECTOR_CORE,47,4988,1.240,1790766284679342.939	,1790766284679344.179	
0,N/A,MEMCPY_ASYNC,47,4989,0.640,1790766284679472.422	,1790766284679473.062	
0,N/A,MEMCPY_ASYNC,47,4990,0.540,1790766284679588.164	,1790766284679588.704	
0,N/A,MEMCPY_ASYNC,47,4991,0.680,1790766284679724.847	,1790766284679725.527	
0,Sub_9342884c99c006e21fc9d5d9260b8bef_high_performance_210000000,AI_VECTOR_CORE,47,4992,1.540,1790766284679816.389	,1790766284679817.929	
0,Fill_1fbc7ee619b707282bbfd034093621df_high_performance_210000000,AI_VECTOR_CORE,47,4993,1.220,1790766284680001.653	,1790766284680002.873	
0,Fill_1fbc7ee619b707282bbfd034093621df_high_performance_210000000,AI_VECTOR_CORE,47,4994,1.200,1790766284680047.293	,1790766284680048.493	
0,N/A,MEMCPY_ASYNC,47,4995,0.540,1790766284680684.046	,1790766284680684.586	
0,Fill_1fbc7ee619b707282bbfd034093621df_high_performance_210000000,AI_VECTOR_CORE,47,4996,1.200,1790766284680737.847	,1790766284680739.047	
0,N/A,MEMCPY_ASYNC,47,4997,0.600,1790766284680856.070	,1790766284680856.670	
0,N/A,MEMCPY_ASYNC,47,4998,0.520,1790766284680993.752	,1790766284680994.272	
0,N/A,MEMCPY_ASYNC,47,4999,0.660,1790766284681125.915	,1790766284681126.575	
0,Sub_9342884c99c006e21fc9d5d9260b8bef_high_performance_210000000,AI_VECTOR_CORE,47,5000,1.320,1790766284681214.417	,1790766284681215.737	
0,Fill_1fbc7ee619b707282bbfd034093621df_high_performance_210000000,AI_VECTOR_CORE,47,5001,1.220,1790766284681388.560	,1790766284681389.780	
0,Fill_1fbc7ee619b707282bbfd034093621df_high_performance_210000000,AI_VECTOR_CORE,47,5002,1.100,1790766284681429.601	,1790766284681430.701	
0,N/A,MEMCPY_ASYNC,47,5003,0.540,1790766284682014.393	,1790766284682014.933	
0,Fill_1fbc7ee619b707282bbfd034093621df_high_performance_210000000,AI_VECTOR_CORE,47,5004,1.320,1790766284682067.714	,1790766284682069.034	
0,N/A,MEMCPY_ASYNC,47,5005,0.640,1790766284682199.476	,1790766284682200.116	
0,N/A,MEMCPY_ASYNC,47,5006,0.580,1790766284682322.919	,1790766284682323.499	
0,N/A,MEMCPY_ASYNC,47,5007,0.580,1790766284682457.842	,1790766284682458.422	
0,Sub_9342884c99c006e21fc9d5d9260b8bef_high_performance_210000000,AI_VECTOR_CORE,47,5008,1.360,1790766284682528.883	,1790766284682530.243	
0,N/A,EVENT_RECORD,47,5009,0.020,1790766284682804.309	,1790766284682804.329	
0,ZerosLike_1d2fd313763487259859439d7e9b41cf_high_performance_210000000,AI_VECTOR_CORE,47,5010,1.880,1790766284682977.412	,1790766284682979.292	
0,Fill_279daeaf6b659300647aba3935d90048_high_performance_210000000,AI_VECTOR_CORE,47,5011,1.680,1790766284683278.618	,1790766284683280.298	
0,Cast_a9b7af94359fc7c19da07ad0790f065c_high_performance_210000000,AI_VECTOR_CORE,47,5012,1.200,1790766284683322.839	,1790766284683324.039	
0,BroadcastTo_c71434db8135ff9089d65053721e3417_high_performance_232000000,AI_VECTOR_CORE,47,5013,1.320,1790766284683334.679	,1790766284683335.999	
0,Cast_9fc020fd54590bb5fe6cf6eabcf7b473_high_performance_210000000,AI_VECTOR_CORE,47,5014,1.400,1790766284683336.819	,1790766284683338.219	
0,Fill_279daeaf6b659300647aba3935d90048_high_performance_210000000,AI_VECTOR_CORE,47,5015,1.240,1790766284683382.940	,1790766284683384.180	
0,N/A,MEMCPY_ASYNC,47,5016,0.580,1790766284683483.602	,1790766284683484.182	
0,N/A,MODEL_EXECUTE,47,5017,3.120,1790766284683736.787	,1790766284683739.907	
0,Cast_e87590d11ccda8b259ab6b1ea7212319_high_performance_210000000,AI_VECTOR_CORE,13,0,1.280,1790766284683739.807	,1790766284683741.087	
0,GatherV2_7869a97190b9b4d296d9414a005b954b_high_precision_900015010,AI_VECTOR_CORE,13,1,2.740,1790766284683741.107	,1790766284683743.847	
0,BroadcastTo_7e5992d3033ef32a3463c5d198e518a1_high_performance_212100003,AI_VECTOR_CORE,13,2,6.380,1790766284683743.887	,1790766284683750.267	
0,N/A,NOTIFY_WAIT,47,5018,3404.288,1790766284683750.527	,1790766284687154.815	
0,HcPre_6c9f0fa710253eff38b1c0e6be6a67be_0,MIX_AIC,13,3,33.160,1790766284683751.507	,1790766284683784.668	
0,RmsNorm_normal_all_bf16_high_performance_0,AI_VECTOR_CORE,13,4,5.500,1790766284683785.688	,1790766284683791.188	
0,MatMulV2_ND_ND_FP16_FP16_false_true_all_98499,AI_CORE,13,5,162.303,1790766284683791.208	,1790766284683953.511	
0,Slice_ee29dafe4fe21e12bb8d56ae91626cba_high_performance_524000000,AI_VECTOR_CORE,13,6,2.020,1790766284683953.531	,1790766284683955.552	
0,MatMulV2_ND_ND_FP16_FP16_false_true_all_98325,AI_CORE,13,7,10.060,1790766284683955.572	,1790766284683965.632	
0,Slice_ee29dafe4fe21e12bb8d56ae91626cba_high_performance_524000000,AI_VECTOR_CORE,13,8,1.680,1790766284683965.652	,1790766284683967.332	
0,MatMulV2_ND_ND_FP16_FP16_false_true_all_98325,AI_CORE,13,9,8.220,1790766284683967.372	,1790766284683975.592	
0,ZerosLike_1c4543fdfe7149b6b0717bd88f061562_high_performance_210000000,AI_VECTOR_CORE,13,10,7.220,1790766284683975.612	,1790766284683982.832	
0,_copy_conv_state_kernel,AI_VECTOR_CORE,13,11,12.080,1790766284683982.852	,1790766284683994.932	
0,Slice_ee29dafe4fe21e12bb8d56ae91626cba_high_performance_524000000,AI_VECTOR_CORE,13,12,2.200,1790766284683994.952	,1790766284683997.152	
0,CausalConv1d_b0123b7fae3057c534dbb03661977c42_1,MIX_AIC,13,13,19.940,1790766284683998.572	,1790766284684018.513	
0,ViewCopy_7778b2d0a2938f9247cc0c9f84559eb2_high_performance__kernel0,AI_VECTOR_CORE,13,14,10.640,1790766284684019.273	,1790766284684029.913	
0,_copy_conv_state_kernel,AI_VECTOR_CORE,13,15,9.580,1790766284684029.953	,1790766284684039.533	
0,Slice_ee29dafe4fe21e12bb8d56ae91626cba_high_performance_524000000,AI_VECTOR_CORE,13,16,1.800,1790766284684039.553	,1790766284684041.353	
0,RecurrentKda_1ac9a791ca2957b2fe0a2e96909b5782_0,AI_VECTOR_CORE,13,17,51.381,1790766284684041.373	,1790766284684092.754	
0,_write_output,AI_VECTOR_CORE,13,18,3.060,1790766284684092.774	,1790766284684095.834	
0,layer_norm_gated_fwd_kernel,AI_VECTOR_CORE,13,19,4.520,1790766284684095.854	,1790766284684100.374	
0,MatMulV2_ND_ND_FP16_FP16_false_true_all_98499,AI_CORE,13,20,54.521,1790766284684100.414	,1790766284684154.936	
0,HcPost_d2fe6614722b27afa6f8d964c215447e_0,AI_VECTOR_CORE,13,21,7.980,1790766284684154.956	,1790766284684162.936	
0,HcPre_6c9f0fa710253eff38b1c0e6be6a67be_0,MIX_AIC,13,22,31.500,1790766284684164.276	,1790766284684195.776	
0,RmsNorm_normal_all_bf16_high_performance_0,AI_VECTOR_CORE,13,23,5.200,1790766284684196.596	,1790766284684201.796	
0,MatMulV2_ND_ND_FP16_FP16_false_true_all_98499,AI_CORE,13,24,182.163,1790766284684201.816	,1790766284684383.980	
0,Slice_ee29dafe4fe21e12bb8d56ae91626cba_high_performance_524000000,AI_VECTOR_CORE,13,25,2.140,1790766284684384.000	,1790766284684386.140	
0,ClipByValueV2_e87c9546cf2804355cf0d9445a2db01a_high_performance_220000000,AI_VECTOR_CORE,13,26,9.420,1790766284684386.160	,1790766284684395.580	
0,Slice_ee29dafe4fe21e12bb8d56ae91626cba_high_performance_524000000,AI_VECTOR_CORE,13,27,1.820,1790766284684395.600	,1790766284684397.420	
0,ClipByValueV2_e87c9546cf2804355cf0d9445a2db01a_high_performance_220000000,AI_VECTOR_CORE,13,28,5.920,1790766284684397.440	,1790766284684403.360	
0,Muls_299cf4d7f9ef0f745d89d88c666b45aa_high_performance_210000000,AI_VECTOR_CORE,13,29,7.420,1790766284684403.380	,1790766284684410.801	
0,Sigmoid_1c4543fdfe7149b6b0717bd88f061562_high_precision_210000000,AI_VECTOR_CORE,13,30,8.540,1790766284684410.821	,1790766284684419.361	
0,Mul_ce3d1ff8ba23a0bcb292da3577c1625d_high_performance_210020000,AI_VECTOR_CORE,13,31,9.520,1790766284684419.381	,1790766284684428.901	
0,Add_ce3d1ff8ba23a0bcb292da3577c1625d_high_performance_223000000,AI_VECTOR_CORE,13,32,6.860,1790766284684428.921	,1790766284684435.781	
0,Mul_ce3d1ff8ba23a0bcb292da3577c1625d_high_performance_210020000,AI_VECTOR_CORE,13,33,2.540,1790766284684435.801	,1790766284684438.341	
0,MatMulV2_ND_ND_FP16_FP16_false_true_all_98513,AI_CORE,13,34,104.202,1790766284684438.361	,1790766284684542.563	
0,HcPost_d2fe6614722b27afa6f8d964c215447e_0,AI_VECTOR_CORE,13,35,8.060,1790766284684542.583	,1790766284684550.643	
0,HcPre_6c9f0fa710253eff38b1c0e6be6a67be_0,MIX_AIC,13,36,29.360,1790766284684551.843	,1790766284684581.204	
0,RmsNorm_normal_all_bf16_high_performance_0,AI_VECTOR_CORE,13,37,5.040,1790766284684582.304	,1790766284684587.344	
0,MatMulV2_ND_ND_FP16_FP16_false_true_all_98499,AI_CORE,13,38,161.463,1790766284684587.364	,1790766284684748.827	
0,Slice_ee29dafe4fe21e12bb8d56ae91626cba_high_performance_524000000,AI_VECTOR_CORE,13,39,2.580,1790766284684748.847	,1790766284684751.427	
0,MatMulV2_ND_ND_FP16_FP16_false_true_all_98325,AI_CORE,13,40,8.180,1790766284684751.447	,1790766284684759.628	
0,Slice_ee29dafe4fe21e12bb8d56ae91626cba_high_performance_524000000,AI_VECTOR_CORE,13,41,1.860,1790766284684759.648	,1790766284684761.508	
0,MatMulV2_ND_ND_FP16_FP16_false_true_all_98325,AI_CORE,13,42,7.620,1790766284684761.528	,1790766284684769.148	
0,ZerosLike_1c4543fdfe7149b6b0717bd88f061562_high_performance_210000000,AI_VECTOR_CORE,13,43,7.220,1790766284684769.168	,1790766284684776.388	
0,_copy_conv_state_kernel,AI_VECTOR_CORE,13,44,11.580,1790766284684776.408	,1790766284684787.988	
0,Slice_ee29dafe4fe21e12bb8d56ae91626cba_high_performance_524000000,AI_VECTOR_CORE,13,45,2.200,1790766284684788.008	,1790766284684790.208	
0,CausalConv1d_b0123b7fae3057c534dbb03661977c42_1,MIX_AIC,13,46,18.760,1790766284684791.528	,1790766284684810.289	
0,ViewCopy_7778b2d0a2938f9247cc0c9f84559eb2_high_performance__kernel0,AI_VECTOR_CORE,13,47,8.640,1790766284684810.989	,1790766284684819.629	
0,_copy_conv_state_kernel,AI_VECTOR_CORE,13,48,9.740,1790766284684819.649	,1790766284684829.389	
0,Slice_ee29dafe4fe21e12bb8d56ae91626cba_high_performance_524000000,AI_VECTOR_CORE,13,49,1.780,1790766284684829.409	,1790766284684831.189	
0,RecurrentKda_1ac9a791ca2957b2fe0a2e96909b5782_0,AI_VECTOR_CORE,13,50,53.281,1790766284684831.229	,1790766284684884.510	
0,_write_output,AI_VECTOR_CORE,13,51,3.160,1790766284684884.530	,1790766284684887.690	
0,layer_norm_gated_fwd_kernel,AI_VECTOR_CORE,13,52,4.260,1790766284684887.730	,1790766284684891.990	
0,MatMulV2_ND_ND_FP16_FP16_false_true_all_98499,AI_CORE,13,53,65.661,1790766284684892.010	,1790766284684957.672	
0,HcPost_d2fe6614722b27afa6f8d964c215447e_0,AI_VECTOR_CORE,13,54,8.540,1790766284684957.692	,1790766284684966.232	
0,HcPre_6c9f0fa710253eff38b1c0e6be6a67be_0,MIX_AIC,13,55,30.420,1790766284684967.432	,1790766284684997.852	
0,RmsNorm_normal_all_bf16_high_performance_0,AI_VECTOR_CORE,13,56,5.540,1790766284684999.132	,1790766284685004.672	
0,MatMulV2_ND_ND_FP16_FP16_false_true_all_98499,AI_CORE,13,57,178.463,1790766284685004.712	,1790766284685183.176	
0,Slice_ee29dafe4fe21e12bb8d56ae91626cba_high_performance_524000000,AI_VECTOR_CORE,13,58,2.160,1790766284685183.196	,1790766284685185.356	
0,ClipByValueV2_e87c9546cf2804355cf0d9445a2db01a_high_performance_220000000,AI_VECTOR_CORE,13,59,10.040,1790766284685185.376	,1790766284685195.416	
0,Slice_ee29dafe4fe21e12bb8d56ae91626cba_high_performance_524000000,AI_VECTOR_CORE,13,60,1.860,1790766284685195.436	,1790766284685197.296	
0,ClipByValueV2_e87c9546cf2804355cf0d9445a2db01a_high_performance_220000000,AI_VECTOR_CORE,13,61,8.120,1790766284685197.316	,1790766284685205.436	
0,Muls_299cf4d7f9ef0f745d89d88c666b45aa_high_performance_210000000,AI_VECTOR_CORE,13,62,7.320,1790766284685205.456	,1790766284685212.777	
0,Sigmoid_1c4543fdfe7149b6b0717bd88f061562_high_precision_210000000,AI_VECTOR_CORE,13,63,8.480,1790766284685212.797	,1790766284685221.277	
0,Mul_ce3d1ff8ba23a0bcb292da3577c1625d_high_performance_210020000,AI_VECTOR_CORE,13,64,9.600,1790766284685221.297	,1790766284685230.897	
0,Add_ce3d1ff8ba23a0bcb292da3577c1625d_high_performance_223000000,AI_VECTOR_CORE,13,65,7.040,1790766284685230.917	,1790766284685237.957	
0,Mul_ce3d1ff8ba23a0bcb292da3577c1625d_high_performance_210020000,AI_VECTOR_CORE,13,66,2.580,1790766284685237.997	,1790766284685240.577	
0,MatMulV2_ND_ND_FP16_FP16_false_true_all_98513,AI_CORE,13,67,100.362,1790766284685240.597	,1790766284685340.959	
0,HcPost_d2fe6614722b27afa6f8d964c215447e_0,AI_VECTOR_CORE,13,68,8.100,1790766284685340.979	,1790766284685349.079	
0,HcPre_6c9f0fa710253eff38b1c0e6be6a67be_0,MIX_AIC,13,69,28.040,1790766284685350.359	,1790766284685378.400	
0,RmsNorm_normal_all_bf16_high_performance_0,AI_VECTOR_CORE,13,70,5.760,1790766284685379.660	,1790766284685385.420	
0,MatMulV2_ND_ND_FP16_FP16_false_true_all_98499,AI_CORE,13,71,151.403,1790766284685385.440	,1790766284685536.843	
0,Slice_ee29dafe4fe21e12bb8d56ae91626cba_high_performance_524000000,AI_VECTOR_CORE,13,72,2.140,1790766284685536.883	,1790766284685539.023	
0,MatMulV2_ND_ND_FP16_FP16_false_true_all_98325,AI_CORE,13,73,8.120,1790766284685539.043	,1790766284685547.163	
0,Slice_ee29dafe4fe21e12bb8d56ae91626cba_high_performance_524000000,AI_VECTOR_CORE,13,74,2.060,1790766284685547.183	,1790766284685549.243	
0,MatMulV2_ND_ND_FP16_FP16_false_true_all_98325,AI_CORE,13,75,7.780,1790766284685549.263	,1790766284685557.044	
0,ZerosLike_1c4543fdfe7149b6b0717bd88f061562_high_performance_210000000,AI_VECTOR_CORE,13,76,7.340,1790766284685557.064	,1790766284685564.404	
0,_copy_conv_state_kernel,AI_VECTOR_CORE,13,77,11.980,1790766284685564.444	,1790766284685576.424	
0,Slice_ee29dafe4fe21e12bb8d56ae91626cba_high_performance_524000000,AI_VECTOR_CORE,13,78,2.140,1790766284685576.444	,1790766284685578.584	
0,CausalConv1d_b0123b7fae3057c534dbb03661977c42_1,MIX_AIC,13,79,13.960,1790766284685579.744	,1790766284685593.704	
0,ViewCopy_7778b2d0a2938f9247cc0c9f84559eb2_high_performance__kernel0,AI_VECTOR_CORE,13,80,9.420,1790766284685594.964	,1790766284685604.384	
0,_copy_conv_state_kernel,AI_VECTOR_CORE,13,81,9.680,1790766284685604.404	,1790766284685614.085	
0,Slice_ee29dafe4fe21e12bb8d56ae91626cba_high_performance_524000000,AI_VECTOR_CORE,13,82,1.840,1790766284685614.105	,1790766284685615.945	
0,RecurrentKda_1ac9a791ca2957b2fe0a2e96909b5782_0,AI_VECTOR_CORE,13,83,53.401,1790766284685615.965	,1790766284685669.366	
0,_write_output,AI_VECTOR_CORE,13,84,3.080,1790766284685669.386	,1790766284685672.466	
0,layer_norm_gated_fwd_kernel,AI_VECTOR_CORE,13,85,4.380,1790766284685672.486	,1790766284685676.866	
0,MatMulV2_ND_ND_FP16_FP16_false_true_all_98499,AI_CORE,13,86,59.521,1790766284685676.886	,1790766284685736.407	
0,HcPost_d2fe6614722b27afa6f8d964c215447e_0,AI_VECTOR_CORE,13,87,8.040,1790766284685736.427	,1790766284685744.467	
0,HcPre_6c9f0fa710253eff38b1c0e6be6a67be_0,MIX_AIC,13,88,30.840,1790766284685745.507	,1790766284685776.348	
0,RmsNorm_normal_all_bf16_high_performance_0,AI_VECTOR_CORE,13,89,5.040,1790766284685777.208	,1790766284685782.248	
0,MatMulV2_ND_ND_FP16_FP16_false_true_all_98499,AI_CORE,13,90,174.263,1790766284685782.268	,1790766284685956.531	
0,Slice_ee29dafe4fe21e12bb8d56ae91626cba_high_performance_524000000,AI_VECTOR_CORE,13,91,2.600,1790766284685956.551	,1790766284685959.152	
0,ClipByValueV2_e87c9546cf2804355cf0d9445a2db01a_high_performance_220000000,AI_VECTOR_CORE,13,92,9.620,1790766284685959.172	,1790766284685968.792	
0,Slice_ee29dafe4fe21e12bb8d56ae91626cba_high_performance_524000000,AI_VECTOR_CORE,13,93,1.880,1790766284685968.812	,1790766284685970.692	
0,ClipByValueV2_e87c9546cf2804355cf0d9445a2db01a_high_performance_220000000,AI_VECTOR_CORE,13,94,7.540,1790766284685970.712	,1790766284685978.252	
0,Muls_299cf4d7f9ef0f745d89d88c666b45aa_high_performance_210000000,AI_VECTOR_CORE,13,95,7.440,1790766284685978.292	,1790766284685985.732	
0,Sigmoid_1c4543fdfe7149b6b0717bd88f061562_high_precision_210000000,AI_VECTOR_CORE,13,96,8.340,1790766284685985.752	,1790766284685994.092	
0,Mul_ce3d1ff8ba23a0bcb292da3577c1625d_high_performance_210020000,AI_VECTOR_CORE,13,97,9.540,1790766284685994.112	,1790766284686003.652	
0,Add_ce3d1ff8ba23a0bcb292da3577c1625d_high_performance_223000000,AI_VECTOR_CORE,13,98,7.040,1790766284686003.672	,1790766284686010.713	
0,Mul_ce3d1ff8ba23a0bcb292da3577c1625d_high_performance_210020000,AI_VECTOR_CORE,13,99,2.680,1790766284686010.753	,1790766284686013.433	
0,MatMulV2_ND_ND_FP16_FP16_false_true_all_98513,AI_CORE,13,100,99.882,1790766284686013.453	,1790766284686113.335	
0,N/A,EVENT_WAIT,39,30,2174.023,1790766284686083.834	,1790766284688257.857	
0,HcPost_d2fe6614722b27afa6f8d964c215447e_0,AI_VECTOR_CORE,13,101,8.320,1790766284686113.375	,1790766284686121.695	
0,HcPre_6c9f0fa710253eff38b1c0e6be6a67be_0,MIX_AIC,13,102,28.520,1790766284686122.695	,1790766284686151.215	
0,RmsNorm_normal_all_bf16_high_performance_0,AI_VECTOR_CORE,13,103,5.160,1790766284686152.395	,1790766284686157.556	
0,MatMulV2_ND_ND_FP16_FP16_false_true_all_98513,AI_CORE,13,104,18.480,1790766284686157.576	,1790766284686176.056	
0,Slice_ee29dafe4fe21e12bb8d56ae91626cba_high_performance_524000000,AI_VECTOR_CORE,13,105,1.820,1790766284686176.096	,1790766284686177.916	
0,RmsNorm_normal_all_bf16_high_performance_2,AI_VECTOR_CORE,13,106,5.960,1790766284686177.936	,1790766284686183.896	
0,Slice_ee29dafe4fe21e12bb8d56ae91626cba_high_performance_524000000,AI_VECTOR_CORE,13,107,1.860,1790766284686183.916	,1790766284686185.776	
0,RmsNorm_normal_all_bf16_high_performance_2,AI_VECTOR_CORE,13,108,4.400,1790766284686185.796	,1790766284686190.196	
0,ScatterNdUpdate_bfloat16_int32_high_precision_11,MIX_AIV,13,109,6.080,1790766284686191.136	,1790766284686197.216	
0,MatMulV2_ND_ND_FP16_FP16_false_true_all_98499,AI_CORE,13,110,46.560,1790766284686198.416	,1790766284686244.977	
0,TransposeBatchMatMul_ND_ND_ND_ND_ND_BF16_BF16_BF16_INT64_BF16_high_performance_32,AI_CORE,13,111,24.420,1790766284686244.997	,1790766284686269.418	
0,Cast_b2717900ea7de2d41ea9c63d23aa269b_high_performance_210000000,AI_VECTOR_CORE,13,112,3.860,1790766284686269.438	,1790766284686273.298	
0,MatMulV2_ND_ND_FP32_FP32_false_true_all_65665,AI_CORE,13,113,9.360,1790766284686273.338	,1790766284686282.698	
0,Slice_82e6b4faea71b451f217d7ea57c08012_high_performance_524000000,AI_VECTOR_CORE,13,114,2.120,1790766284686282.738	,1790766284686284.858	
0,LayerNormV3_23ae115d70bd435e4cb966a52be97b55_high_precision_1600400500,AI_VECTOR_CORE,13,115,6.940,1790766284686284.898	,1790766284686291.838	
0,MatMulV2_ND_ND_FP32_FP32_false_true_all_65665,AI_CORE,13,116,8.740,1790766284686291.858	,1790766284686300.598	
0,MatMulV2_ND_ND_FP16_FP16_false_true_all_98499,AI_CORE,13,117,16.940,1790766284686300.638	,1790766284686317.579	
0,Slice_82e6b4faea71b451f217d7ea57c08012_high_performance_524000000,AI_VECTOR_CORE,13,118,1.940,1790766284686317.599	,1790766284686319.539	
0,Cast_9f288b80370c6545ffe8cef142d37f5c_high_performance_210000000,AI_VECTOR_CORE,13,119,1.420,1790766284686319.559	,1790766284686320.979	
0,Muls_299cf4d7f9ef0f745d89d88c666b45aa_high_performance_210000000,AI_VECTOR_CORE,13,120,1.340,1790766284686321.019	,1790766284686322.359	
0,_glm5_next_kpool_tail_compress_kernel,AI_VECTOR_CORE,13,121,6.760,1790766284686322.379	,1790766284686329.139	
0,_store_kpool_tail_kernel,AI_VECTOR_CORE,13,122,4.720,1790766284686329.159	,1790766284686333.879	
0,Cast_b2717900ea7de2d41ea9c63d23aa269b_high_performance_210000000,AI_VECTOR_CORE,13,123,2.580,1790766284686333.899	,1790766284686336.479	
0,Cast_b2717900ea7de2d41ea9c63d23aa269b_high_performance_210000000,AI_VECTOR_CORE,13,124,1.180,1790766284686336.499	,1790766284686337.679	
0,Mul_ee98c6628030785f610b924ab1557b31_high_performance_212000001,AI_VECTOR_CORE,13,125,9.340,1790766284686337.719	,1790766284686347.059	
0,ReduceSum_7a09f5b7af4126487a7f726a9aac7548_high_performance_10002100900,MIX_AIV,13,126,12.060,1790766284686348.399	,1790766284686360.460	
0,_glm5_next_lightning_indexer_score_kernel,AI_VECTOR_CORE,13,127,10.400,1790766284686361.180	,1790766284686371.580	
0,TopKV2_5c671486fda0d949d7cba9a9754bc2dd_high_performance_2017612701781458944,MIX_AIV,13,128,10.220,1790766284686372.540	,1790766284686382.760	
0,Cast_e87590d11ccda8b259ab6b1ea7212319_high_performance_210000000,AI_VECTOR_CORE,13,129,1.900,1790766284686383.500	,1790766284686385.400	
0,Cast_39a266ce9a8d7d9ead33f6686e936b72_high_performance_210000000,AI_VECTOR_CORE,13,130,2.200,1790766284686385.420	,1790766284686387.620	
0,_expand_pool_indices,AI_VECTOR_CORE,13,131,15.980,1790766284686387.640	,1790766284686403.620	
0,Slice_b9b91ad79a469f7fcff72949705be0f9_high_performance_521000000,AI_VECTOR_CORE,13,132,2.000,1790766284686403.640	,1790766284686405.640	
0,SparseFlashAttention_2e25ad8fefac1f04c03bd78f2d2ab366_1158,MIX_AIC,13,133,34.340,1790766284686406.740	,1790766284686441.081	
0,TransposeBatchMatMul_ND_ND_ND_ND_ND_BF16_BF16_BF16_INT64_BF16_high_performance_32,AI_CORE,13,134,24.080,1790766284686442.121	,1790766284686466.202	
0,MatMulV2_ND_ND_FP16_FP16_false_true_all_98513,AI_CORE,13,135,137.562,1790766284686466.242	,1790766284686603.804	
0,N/A,EVENT_WAIT,45,293,1785.835,1790766284686471.982	,1790766284688257.817	
0,N/A,MEMCPY_ASYNC,13,136,0.600,1790766284686603.844	,1790766284686604.444	
0,HcPost_d2fe6614722b27afa6f8d964c215447e_0,AI_VECTOR_CORE,13,137,7.780,1790766284686604.464	,1790766284686612.245	
0,HcPre_6c9f0fa710253eff38b1c0e6be6a67be_0,MIX_AIC,13,138,29.400,1790766284686613.505	,1790766284686642.905	
0,RmsNorm_normal_all_bf16_high_performance_0,AI_VECTOR_CORE,13,139,5.000,1790766284686643.985	,1790766284686648.985	
0,N/A,EVENT_RECORD,13,140,0.020,1790766284686649.005	,1790766284686649.025	
0,Cast_b2717900ea7de2d41ea9c63d23aa269b_high_performance_210000000,AI_VECTOR_CORE,13,141,3.460,1790766284686649.045	,1790766284686652.505	
0,MatMulV2_ND_ND_FP32_FP32_false_true_all_65665,AI_CORE,13,142,5.820,1790766284686652.525	,1790766284686658.346	
0,N/A,EVENT_RECORD,13,143,0.020,1790766284686658.366	,1790766284686658.386	
0,MoeGatingTopK_81369a2fa0455f39b5d19d432d261f57_1,AI_VECTOR_CORE,13,144,5.300,1790766284686658.406	,1790766284686663.706	
0,N/A,EVENT_RECORD,13,145,0.020,1790766284686663.726	,1790766284686663.746	
0,MoeInitRoutingV3_4ca8d2d329b4477b44dd2ee885849b12_2100000,MIX_AIV,13,146,14.200,1790766284686664.846	,1790766284686679.046	
0,GroupedMatmul_0d2d43751f81d7f29646a862147967c9_68885275,MIX_AIC,13,147,203.824,1790766284686681.926	,1790766284686885.750	
0,Slice_ee29dafe4fe21e12bb8d56ae91626cba_high_performance_524000000,AI_VECTOR_CORE,13,148,2.840,1790766284686886.970	,1790766284686889.810	
0,ClipByValueV2_e87c9546cf2804355cf0d9445a2db01a_high_performance_220000000,AI_VECTOR_CORE,13,149,10.560,1790766284686889.830	,1790766284686900.390	
0,ViewCopy_7778b2d0a2938f9247cc0c9f84559eb2_high_performance__kernel0,AI_VECTOR_CORE,13,150,9.820,1790766284686900.410	,1790766284686910.231	
0,Slice_ee29dafe4fe21e12bb8d56ae91626cba_high_performance_524000000,AI_VECTOR_CORE,13,151,2.460,1790766284686910.251	,1790766284686912.711	
0,ClipByValueV2_e87c9546cf2804355cf0d9445a2db01a_high_performance_220000000,AI_VECTOR_CORE,13,152,6.440,1790766284686912.731	,1790766284686919.171	
0,ViewCopy_7778b2d0a2938f9247cc0c9f84559eb2_high_performance__kernel0,AI_VECTOR_CORE,13,153,8.980,1790766284686919.191	,1790766284686928.171	
0,SwiGlu_3_high_performance_27,AI_VECTOR_CORE,13,154,6.640,1790766284686928.191	,1790766284686934.831	
0,N/A,EVENT_RECORD,13,155,0.020,1790766284686934.851	,1790766284686934.871	
0,GroupedMatmul_0d2d43751f81d7f29646a862147967c9_68885275,MIX_AIC,13,156,100.202,1790766284686935.771	,1790766284687035.973	
0,N/A,EVENT_RECORD,13,157,0.020,1790766284687037.073	,1790766284687037.093	
0,Cast_9f288b80370c6545ffe8cef142d37f5c_high_performance_210000000,AI_VECTOR_CORE,13,158,1.260,1790766284687037.113	,1790766284687038.373	
0,Abs_8098b79498645e9c0da095babdeaf862_high_performance_210000000,AI_VECTOR_CORE,13,159,1.560,1790766284687038.393	,1790766284687039.953	
0,MoeTokenUnpermute_6dd49246dc9576d3314234df69cb5c22_1,AI_VECTOR_CORE,13,160,4.520,1790766284687039.993	,1790766284687044.513	
0,MatMulV2_ND_ND_FP16_FP16_false_true_all_98499,AI_CORE,13,161,31.700,1790766284687044.533	,1790766284687076.234	
0,Slice_ee29dafe4fe21e12bb8d56ae91626cba_high_performance_524000000,AI_VECTOR_CORE,13,162,1.760,1790766284687076.274	,1790766284687078.034	
0,ClipByValueV2_e87c9546cf2804355cf0d9445a2db01a_high_performance_220000000,AI_VECTOR_CORE,13,163,2.120,1790766284687078.054	,1790766284687080.174	
0,Slice_ee29dafe4fe21e12bb8d56ae91626cba_high_performance_524000000,AI_VECTOR_CORE,13,164,1.320,1790766284687080.194	,1790766284687081.514	
0,ClipByValueV2_e87c9546cf2804355cf0d9445a2db01a_high_performance_220000000,AI_VECTOR_CORE,13,165,2.400,1790766284687081.554	,1790766284687083.954	
0,Muls_299cf4d7f9ef0f745d89d88c666b45aa_high_performance_210000000,AI_VECTOR_CORE,13,166,2.080,1790766284687083.994	,1790766284687086.074	
0,Sigmoid_1c4543fdfe7149b6b0717bd88f061562_high_precision_210000000,AI_VECTOR_CORE,13,167,2.980,1790766284687086.114	,1790766284687089.094	
0,Mul_ce3d1ff8ba23a0bcb292da3577c1625d_high_performance_210020000,AI_VECTOR_CORE,13,168,2.560,1790766284687089.114	,1790766284687091.674	
0,Add_ce3d1ff8ba23a0bcb292da3577c1625d_high_performance_223000000,AI_VECTOR_CORE,13,169,2.500,1790766284687091.694	,1790766284687094.194	
0,Mul_ce3d1ff8ba23a0bcb292da3577c1625d_high_performance_210020000,AI_VECTOR_CORE,13,170,2.720,1790766284687094.214	,1790766284687096.934	
0,MatMulV2_ND_ND_FP16_FP16_false_true_all_98499,AI_CORE,13,171,18.700,1790766284687096.954	,1790766284687115.655	
0,ForeachAddList_c73cb8f503197be65eaf63148ad48de4_high_performance_4,AI_VECTOR_CORE,13,172,14.200,1790766284687115.695	,1790766284687129.895	
0,HcPost_d2fe6614722b27afa6f8d964c215447e_0,AI_VECTOR_CORE,13,173,6.880,1790766284687129.935	,1790766284687136.815	
0,ReduceMean_9a2479d4dc5148645cb3f4b9e765c637_high_precision_2100900,MIX_AIV,13,174,11.400,1790766284687137.675	,1790766284687149.075	
0,RmsNorm_normal_all_bf16_high_performance_0,AI_VECTOR_CORE,13,175,3.840,1790766284687149.875	,1790766284687153.715	
0,N/A,EVENT_RESET,13,176,0.080,1790766284687153.755	,1790766284687153.835	
0,N/A,EVENT_RESET,13,177,0.100,1790766284687153.855	,1790766284687153.955	
0,N/A,EVENT_RESET,13,178,0.100,1790766284687153.975	,1790766284687154.075	
0,N/A,EVENT_RESET,13,179,0.100,1790766284687154.095	,1790766284687154.195	
0,N/A,EVENT_RESET,13,180,0.080,1790766284687154.215	,1790766284687154.295	
0,N/A,NOTIFY_RECORD,13,181,0.020,1790766284687154.315	,1790766284687154.335	
0,IndexCheck_int32_high_performance_1,AI_VECTOR_CORE,47,5019,3.580,1790766284687154.895	,1790766284687158.476	
0,Index_b1b18d29d34a3b544b5bb6b3f56177c3_high_performance__kernel0,AI_VECTOR_CORE,47,5020,8.060,1790766284687158.496	,1790766284687166.556	
0,MatMulV2_ND_ND_FP16_FP16_false_true_all_98499,AI_CORE,47,5021,908.358,1790766284687166.576	,1790766284688074.934	
0,Cast_b2717900ea7de2d41ea9c63d23aa269b_high_performance_210000000,AI_VECTOR_CORE,47,5022,7.720,1790766284688074.954	,1790766284688082.674	
0,LogSoftmaxV2_291664ae3e88b38b8b46c2efbbea27c9_high_precision_400001,AI_VECTOR_CORE,47,5023,44.660,1790766284688082.694	,1790766284688127.355	
0,Cast_b2717900ea7de2d41ea9c63d23aa269b_high_performance_210000000,AI_VECTOR_CORE,47,5024,2.940,1790766284688127.375	,1790766284688130.315	
0,ArgMaxV2_4402011f777d6374ab9f6425cb5984c4_high_performance_3,AI_VECTOR_CORE,47,5025,19.720,1790766284688130.335	,1790766284688150.055	
0,Cast_e87590d11ccda8b259ab6b1ea7212319_high_performance_210000000,AI_VECTOR_CORE,47,5026,1.340,1790766284688150.075	,1790766284688151.415	
0,TopKV2_5c671486fda0d949d7cba9a9754bc2dd_high_performance_2017612907943034881,MIX_AIV,47,5027,31.320,1790766284688152.355	,1790766284688183.676	
0,TopKV2_5c671486fda0d949d7cba9a9754bc2dd_high_performance_2017612701781458944,MIX_AIV,47,5028,4.600,1790766284688186.536	,1790766284688191.136	
0,GatherElements_8b4ec10fbb39c5c0a65192c606400b29_high_performance__kernel0,AI_VECTOR_CORE,47,5029,3.780,1790766284688191.996	,1790766284688195.776	
0,Cast_e87590d11ccda8b259ab6b1ea7212319_high_performance_210000000,AI_VECTOR_CORE,47,5030,1.140,1790766284688195.796	,1790766284688196.936	
0,Cast_39a266ce9a8d7d9ead33f6686e936b72_high_performance_210000000,AI_VECTOR_CORE,47,5031,1.500,1790766284688196.976	,1790766284688198.476	
0,GatherElementsV2_fp32_high_performance_2,AI_VECTOR_CORE,47,5032,4.260,1790766284688198.496	,1790766284688202.756	
0,GreaterEqual_3efaad932f458d7892fdb0715ec85b2b_high_performance_212000002,AI_VECTOR_CORE,47,5033,12.080,1790766284688202.776	,1790766284688214.857	
0,Cast_df2b778f1b80e749bd4242386ec57ab9_high_performance_210000000,AI_VECTOR_CORE,47,5034,6.940,1790766284688214.897	,1790766284688221.837	
0,ReduceSum_7a09f5b7af4126487a7f726a9aac7548_high_performance_110001000400,MIX_AIV,47,5035,22.960,1790766284688222.977	,1790766284688245.937	
0,Cast_c6738f795430c3c6f09cdc8d52a1b43d_high_performance_210000000,AI_VECTOR_CORE,47,5036,1.360,1790766284688246.737	,1790766284688248.097	
0,ConcatD_0d745295987e1c668b2ec8b2844aeada_high_performance_0,AI_VECTOR_CORE,47,5037,3.420,1790766284688248.137	,1790766284688251.557	
0,ConcatD_233851a3505389e43928a8bba133a74d_high_performance_0,AI_VECTOR_CORE,47,5038,2.800,1790766284688251.577	,1790766284688254.377	
0,Cast_39a266ce9a8d7d9ead33f6686e936b72_high_performance_210000000,AI_VECTOR_CORE,47,5039,1.480,1790766284688254.397	,1790766284688255.877	
0,Cast_39a266ce9a8d7d9ead33f6686e936b72_high_performance_210000000,AI_VECTOR_CORE,47,5040,1.380,1790766284688255.897	,1790766284688257.277	
0,N/A,EVENT_RECORD,47,5041,0.020,1790766284688257.297	,1790766284688257.317	
0,N/A,EVENT_RECORD,47,5042,0.020,1790766284688257.337	,1790766284688257.357	
0,N/A,MEMCPY_ASYNC,45,294,1.920,1790766284688257.857	,1790766284688259.778	
0,N/A,MEMCPY_ASYNC,45,295,2.020,1790766284688259.938	,1790766284688261.958	
0,N/A,MEMCPY_ASYNC,45,296,1.880,1790766284688262.118	,1790766284688263.998	
0,N/A,MEMCPY_ASYNC,45,297,1.860,1790766284688264.158	,1790766284688266.018	
0,N/A,EVENT_RECORD,45,298,0.020,1790766284688266.178	,1790766284688266.198	
0,N/A,EVENT_RECORD,45,299,0.000,1790766284688266.218	,1790766284688266.218	
0,N/A,EVENT_RECORD,45,300,0.000,1790766284688266.258	,1790766284688266.258	
0,N/A,EVENT_RECORD,45,301,0.020,1790766284688693.946	,1790766284688693.966	
0,N/A,MEMCPY_ASYNC,47,5043,2.360,1790766284688695.726	,1790766284688698.086	
0,N/A,EVENT_RECORD,45,302,0.000,1790766284688733.407	,1790766284688733.407	
0,N/A,MEMCPY_ASYNC,47,5044,2.240,1790766284688992.532	,1790766284688994.772	
0,N/A,MEMCPY_ASYNC,47,5045,2.340,1790766284689081.554	,1790766284689083.894	
0,N/A,MEMCPY_ASYNC,47,5046,2.200,1790766284689152.715	,1790766284689154.915	
0,N/A,MEMCPY_ASYNC,47,5047,2.340,1790766284689230.857	,1790766284689233.197	
0,N/A,MEMCPY_ASYNC,47,5048,2.220,1790766284689508.242	,1790766284689510.463	
0,N/A,MEMCPY_ASYNC,47,5049,2.500,1790766284689705.566	,1790766284689708.066	
0,N/A,MEMCPY_ASYNC,47,5050,2.180,1790766284689767.968	,1790766284689770.148	
0,Fill_1fbc7ee619b707282bbfd034093621df_high_performance_223000000,AI_VECTOR_CORE,47,5051,1.700,1790766284689934.351	,1790766284689936.051	
0,N/A,MEMCPY_ASYNC,47,5052,0.620,1790766284690143.155	,1790766284690143.775	
0,N/A,MEMCPY_ASYNC,47,5053,2.500,1790766284690411.681	,1790766284690414.181	
0,Fill_1fbc7ee619b707282bbfd034093621df_high_performance_223000000,AI_VECTOR_CORE,47,5054,1.440,1790766284690434.441	,1790766284690435.881	
0,N/A,MEMCPY_ASYNC,47,5055,2.200,1790766284690498.862	,1790766284690501.062	
0,N/A,MEMCPY_ASYNC,47,5056,2.180,1790766284690589.644	,1790766284690591.824	
0,N/A,MEMCPY_ASYNC,47,5057,2.240,1790766284690666.046	,1790766284690668.286	
0,N/A,MEMCPY_ASYNC,47,5058,2.220,1790766284690745.587	,1790766284690747.807	
0,IndexCheck_int64_high_performance_0,AI_VECTOR_CORE,47,5059,3.220,1790766284690865.910	,1790766284690869.130	
0,Index_f34e8f0e5e2c96109aa0460550023804_high_performance__kernel0,AI_VECTOR_CORE,47,5060,7.640,1790766284690869.150	,1790766284690876.790	
0,Cast_e87590d11ccda8b259ab6b1ea7212319_high_performance_210000000,AI_VECTOR_CORE,47,5061,1.220,1790766284690941.511	,1790766284690942.731	
0,Add_41dadce325b0f810d03359af2a38990b_high_performance_210000000,AI_VECTOR_CORE,47,5062,2.460,1790766284691015.213	,1790766284691017.673	
0,N/A,MEMCPY_ASYNC,47,5063,0.600,1790766284691117.475	,1790766284691118.075	
0,Add_9342884c99c006e21fc9d5d9260b8bef_high_performance_210000000,AI_VECTOR_CORE,47,5064,1.540,1790766284691182.316	,1790766284691183.856	
0,N/A,MEMCPY_ASYNC,47,5065,0.620,1790766284691268.238	,1790766284691268.858	
0,Fill_1fbc7ee619b707282bbfd034093621df_high_performance_210000000,AI_VECTOR_CORE,47,5066,1.720,1790766284691321.939	,1790766284691323.659	
0,_compute_slot_mapping_fused_groups_adaptive_kernel,AI_VECTOR_CORE,47,5067,4.840,1790766284691731.867	,1790766284691736.707	
0,Sub_9342884c99c006e21fc9d5d9260b8bef_high_performance_223000000,AI_VECTOR_CORE,47,5068,1.500,1790766284691895.370	,1790766284691896.870	
0,N/A,MEMCPY_ASYNC,47,5069,2.440,1790766284692250.117	,1790766284692252.557	
0,Fill_1fbc7ee619b707282bbfd034093621df_high_performance_210000000,AI_VECTOR_CORE,47,5070,1.340,1790766284692418.381	,1790766284692419.721	
0,Fill_1fbc7ee619b707282bbfd034093621df_high_performance_223000000,AI_VECTOR_CORE,47,5071,1.540,1790766284692508.962	,1790766284692510.502	
0,Cast_e87590d11ccda8b259ab6b1ea7212319_high_performance_210000000,AI_VECTOR_CORE,47,5072,1.220,1790766284693091.794	,1790766284693093.014	
0,FloorDiv_41dadce325b0f810d03359af2a38990b_high_performance_223000000,AI_VECTOR_CORE,47,5073,6.360,1790766284693093.974	,1790766284693100.334	
0,Cast_39a266ce9a8d7d9ead33f6686e936b72_high_performance_210000000,AI_VECTOR_CORE,47,5074,1.480,1790766284693100.354	,1790766284693101.834	
0,N/A,MEMCPY_ASYNC,47,5075,0.580,1790766284693250.877	,1790766284693251.457	
0,Cast_e87590d11ccda8b259ab6b1ea7212319_high_performance_210000000,AI_VECTOR_CORE,47,5076,1.060,1790766284693346.239	,1790766284693347.299	
0,GreaterEqual_1ea4da630f56dc1c2d6e7c9a9dd17b11_high_performance_223000000,AI_VECTOR_CORE,47,5077,3.080,1790766284693348.339	,1790766284693351.419	
0,Add_41dadce325b0f810d03359af2a38990b_high_performance_223000000,AI_VECTOR_CORE,47,5078,2.760,1790766284693387.300	,1790766284693390.060	
0,BroadcastTo_41dadce325b0f810d03359af2a38990b_high_performance_232000000,AI_VECTOR_CORE,47,5079,1.720,1790766284693453.621	,1790766284693455.341	
0,FloorMod_41dadce325b0f810d03359af2a38990b_high_precision_210000000,AI_VECTOR_CORE,47,5080,1.800,1790766284693455.721	,1790766284693457.521	
0,Equal_1ea4da630f56dc1c2d6e7c9a9dd17b11_high_performance_223000000,AI_VECTOR_CORE,47,5081,2.460,1790766284693496.202	,1790766284693498.662	
0,LogicalAnd_91d2a3cdd75d915a368582ec5f440af1_high_performance_210000000,AI_VECTOR_CORE,47,5082,1.640,1790766284693546.923	,1790766284693548.563	
0,ClipByValueV2_3bc53d14ff7dfecd0ed0c69136ab471a_high_performance_220000000,AI_VECTOR_CORE,47,5083,3.020,1790766284693587.724	,1790766284693590.744	
0,Cast_e87590d11ccda8b259ab6b1ea7212319_high_performance_210000000,AI_VECTOR_CORE,47,5084,1.200,1790766284693651.325	,1790766284693652.525	
0,FloorDiv_41dadce325b0f810d03359af2a38990b_high_performance_223000000,AI_VECTOR_CORE,47,5085,1.700,1790766284693653.505	,1790766284693655.205	
0,Cast_39a266ce9a8d7d9ead33f6686e936b72_high_performance_210000000,AI_VECTOR_CORE,47,5086,1.360,1790766284693656.285	,1790766284693657.645	
0,BroadcastTo_c71434db8135ff9089d65053721e3417_high_performance_232000000,AI_VECTOR_CORE,47,5087,1.420,1790766284693709.946	,1790766284693711.366	
0,FloorMod_9342884c99c006e21fc9d5d9260b8bef_high_precision_210000000,AI_VECTOR_CORE,47,5088,3.440,1790766284693711.426	,1790766284693714.867	
0,Mul_9342884c99c006e21fc9d5d9260b8bef_high_performance_223000000,AI_VECTOR_CORE,47,5089,1.500,1790766284693762.187	,1790766284693763.687	
0,Cast_e87590d11ccda8b259ab6b1ea7212319_high_performance_210000000,AI_VECTOR_CORE,47,5090,1.240,1790766284693806.288	,1790766284693807.528	
0,FloorDiv_41dadce325b0f810d03359af2a38990b_high_performance_223000000,AI_VECTOR_CORE,47,5091,1.740,1790766284693814.188	,1790766284693815.929	
0,Cast_39a266ce9a8d7d9ead33f6686e936b72_high_performance_210000000,AI_VECTOR_CORE,47,5092,1.000,1790766284693817.729	,1790766284693818.729	
0,Add_9342884c99c006e21fc9d5d9260b8bef_high_performance_210000000,AI_VECTOR_CORE,47,5093,1.260,1790766284693842.789	,1790766284693844.049	
0,Fill_1fbc7ee619b707282bbfd034093621df_high_performance_223000000,AI_VECTOR_CORE,47,5094,1.160,1790766284693925.151	,1790766284693926.311	
0,SelectV2_9bb0969ab50036eba4428cd9974a5c0b_high_performance_210000000,AI_VECTOR_CORE,47,5095,2.140,1790766284693939.151	,1790766284693941.291	
0,Cast_e87590d11ccda8b259ab6b1ea7212319_high_performance_210000000,AI_VECTOR_CORE,47,5096,1.220,1790766284693982.312	,1790766284693983.532	
0,Cast_e87590d11ccda8b259ab6b1ea7212319_high_performance_210000000,AI_VECTOR_CORE,47,5097,1.220,1790766284694088.294	,1790766284694089.514	
0,FloorDiv_41dadce325b0f810d03359af2a38990b_high_performance_223000000,AI_VECTOR_CORE,47,5098,1.860,1790766284694090.114	,1790766284694091.974	
0,Cast_39a266ce9a8d7d9ead33f6686e936b72_high_performance_210000000,AI_VECTOR_CORE,47,5099,1.220,1790766284694091.994	,1790766284694093.214	
0,N/A,MEMCPY_ASYNC,47,5100,0.600,1790766284694214.436	,1790766284694215.037	
0,N/A,MEMCPY_ASYNC,47,5101,0.620,1790766284694301.298	,1790766284694301.918	
0,Fill_1fbc7ee619b707282bbfd034093621df_high_performance_210000000,AI_VECTOR_CORE,47,5102,1.340,1790766284694552.863	,1790766284694554.203	
0,Fill_1fbc7ee619b707282bbfd034093621df_high_performance_210000000,AI_VECTOR_CORE,47,5103,1.220,1790766284694582.924	,1790766284694584.144	
0,Fill_1fbc7ee619b707282bbfd034093621df_high_performance_210000000,AI_VECTOR_CORE,47,5104,1.280,1790766284694773.988	,1790766284694775.268	
0,Fill_1fbc7ee619b707282bbfd034093621df_high_performance_210000000,AI_VECTOR_CORE,47,5105,1.320,1790766284694815.188	,1790766284694816.509	
0,N/A,MEMCPY_ASYNC,47,5106,0.560,1790766284695423.561	,1790766284695424.121	
0,Fill_1fbc7ee619b707282bbfd034093621df_high_performance_210000000,AI_VECTOR_CORE,47,5107,1.140,1790766284695518.883	,1790766284695520.023	
0,N/A,MEMCPY_ASYNC,47,5108,0.640,1790766284695645.965	,1790766284695646.605	
0,N/A,MEMCPY_ASYNC,47,5109,0.540,1790766284695795.148	,1790766284695795.688	
0,N/A,MEMCPY_ASYNC,47,5110,0.660,1790766284695922.871	,1790766284695923.531	
0,Sub_9342884c99c006e21fc9d5d9260b8bef_high_performance_210000000,AI_VECTOR_CORE,47,5111,1.440,1790766284696006.592	,1790766284696008.032	
0,Fill_1fbc7ee619b707282bbfd034093621df_high_performance_210000000,AI_VECTOR_CORE,47,5112,1.380,1790766284696199.816	,1790766284696201.196	
0,Fill_1fbc7ee619b707282bbfd034093621df_high_performance_210000000,AI_VECTOR_CORE,47,5113,1.220,1790766284696241.897	,1790766284696243.117	
0,N/A,MEMCPY_ASYNC,47,5114,0.540,1790766284696830.069	,1790766284696830.609	
0,Fill_1fbc7ee619b707282bbfd034093621df_high_performance_210000000,AI_VECTOR_CORE,47,5115,1.220,1790766284696889.710	,1790766284696890.930	
0,N/A,MEMCPY_ASYNC,47,5116,0.580,1790766284697014.112	,1790766284697014.692	
0,N/A,MEMCPY_ASYNC,47,5117,0.520,1790766284697134.575	,1790766284697135.095	
0,N/A,MEMCPY_ASYNC,47,5118,0.660,1790766284697264.457	,1790766284697265.117	
0,Sub_9342884c99c006e21fc9d5d9260b8bef_high_performance_210000000,AI_VECTOR_CORE,47,5119,1.320,1790766284697348.119	,1790766284697349.439	
0,Fill_1fbc7ee619b707282bbfd034093621df_high_performance_210000000,AI_VECTOR_CORE,47,5120,1.220,1790766284697539.803	,1790766284697541.023	
0,Fill_1fbc7ee619b707282bbfd034093621df_high_performance_210000000,AI_VECTOR_CORE,47,5121,1.040,1790766284697554.263	,1790766284697555.303	
0,N/A,MEMCPY_ASYNC,47,5122,0.560,1790766284698107.814	,1790766284698108.374	
0,Fill_1fbc7ee619b707282bbfd034093621df_high_performance_210000000,AI_VECTOR_CORE,47,5123,1.280,1790766284698161.695	,1790766284698162.975	
0,N/A,MEMCPY_ASYNC,47,5124,0.640,1790766284698281.398	,1790766284698282.038	
0,N/A,MEMCPY_ASYNC,47,5125,0.680,1790766284698396.860	,1790766284698397.540	
0,N/A,MEMCPY_ASYNC,47,5126,0.580,1790766284698530.763	,1790766284698531.343	
0,Sub_9342884c99c006e21fc9d5d9260b8bef_high_performance_210000000,AI_VECTOR_CORE,47,5127,1.400,1790766284698609.524	,1790766284698610.924	
0,N/A,EVENT_RECORD,47,5128,0.020,1790766284698875.750	,1790766284698875.770	
0,ZerosLike_1d2fd313763487259859439d7e9b41cf_high_performance_210000000,AI_VECTOR_CORE,47,5129,1.940,1790766284699054.813	,1790766284699056.753	
0,Fill_279daeaf6b659300647aba3935d90048_high_performance_210000000,AI_VECTOR_CORE,47,5130,1.640,1790766284699376.720	,1790766284699378.360	
0,Cast_a9b7af94359fc7c19da07ad0790f065c_high_performance_210000000,AI_VECTOR_CORE,47,5131,1.200,1790766284699434.161	,1790766284699435.361	
0,BroadcastTo_c71434db8135ff9089d65053721e3417_high_performance_232000000,AI_VECTOR_CORE,47,5132,1.320,1790766284699435.881	,1790766284699437.201	
0,Cast_9fc020fd54590bb5fe6cf6eabcf7b473_high_performance_210000000,AI_VECTOR_CORE,47,5133,1.280,1790766284699448.801	,1790766284699450.081	
0,Fill_279daeaf6b659300647aba3935d90048_high_performance_210000000,AI_VECTOR_CORE,47,5134,1.220,1790766284699478.782	,1790766284699480.002	
0,N/A,MEMCPY_ASYNC,47,5135,0.540,1790766284699582.864	,1790766284699583.404	
0,N/A,MODEL_EXECUTE,47,5136,3.020,1790766284699830.649	,1790766284699833.669	
0,Cast_e87590d11ccda8b259ab6b1ea7212319_high_performance_210000000,AI_VECTOR_CORE,13,0,1.260,1790766284699833.589	,1790766284699834.849	
0,GatherV2_7869a97190b9b4d296d9414a005b954b_high_precision_900015010,AI_VECTOR_CORE,13,1,2.820,1790766284699834.869	,1790766284699837.689	
0,BroadcastTo_7e5992d3033ef32a3463c5d198e518a1_high_performance_212100003,AI_VECTOR_CORE,13,2,6.400,1790766284699837.709	,1790766284699844.109	
0,HcPre_6c9f0fa710253eff38b1c0e6be6a67be_0,MIX_AIC,13,3,33.660,1790766284699845.149	,1790766284699878.810	
0,N/A,NOTIFY_WAIT,47,5137,3409.568,1790766284699847.309	,1790766284703256.877	
0,RmsNorm_normal_all_bf16_high_performance_0,AI_VECTOR_CORE,13,4,5.400,1790766284699879.890	,1790766284699885.290	
0,MatMulV2_ND_ND_FP16_FP16_false_true_all_98499,AI_CORE,13,5,163.103,1790766284699885.310	,1790766284700048.413	
0,Slice_ee29dafe4fe21e12bb8d56ae91626cba_high_performance_524000000,AI_VECTOR_CORE,13,6,2.080,1790766284700048.433	,1790766284700050.513	
0,MatMulV2_ND_ND_FP16_FP16_false_true_all_98325,AI_CORE,13,7,9.940,1790766284700050.533	,1790766284700060.473	
0,Slice_ee29dafe4fe21e12bb8d56ae91626cba_high_performance_524000000,AI_VECTOR_CORE,13,8,1.780,1790766284700060.493	,1790766284700062.273	
0,MatMulV2_ND_ND_FP16_FP16_false_true_all_98325,AI_CORE,13,9,8.080,1790766284700062.293	,1790766284700070.373	
0,ZerosLike_1c4543fdfe7149b6b0717bd88f061562_high_performance_210000000,AI_VECTOR_CORE,13,10,7.340,1790766284700070.413	,1790766284700077.754	
0,_copy_conv_state_kernel,AI_VECTOR_CORE,13,11,11.740,1790766284700077.774	,1790766284700089.514	
0,Slice_ee29dafe4fe21e12bb8d56ae91626cba_high_performance_524000000,AI_VECTOR_CORE,13,12,2.200,1790766284700089.534	,1790766284700091.734	
0,CausalConv1d_b0123b7fae3057c534dbb03661977c42_1,MIX_AIC,13,13,19.640,1790766284700093.094	,1790766284700112.734	
0,ViewCopy_7778b2d0a2938f9247cc0c9f84559eb2_high_performance__kernel0,AI_VECTOR_CORE,13,14,10.660,1790766284700113.794	,1790766284700124.455	
0,_copy_conv_state_kernel,AI_VECTOR_CORE,13,15,9.600,1790766284700124.475	,1790766284700134.075	
0,Slice_ee29dafe4fe21e12bb8d56ae91626cba_high_performance_524000000,AI_VECTOR_CORE,13,16,1.660,1790766284700134.095	,1790766284700135.755	
0,RecurrentKda_1ac9a791ca2957b2fe0a2e96909b5782_0,AI_VECTOR_CORE,13,17,51.841,1790766284700135.775	,1790766284700187.616	
0,_write_output,AI_VECTOR_CORE,13,18,3.040,1790766284700187.636	,1790766284700190.676	
0,layer_norm_gated_fwd_kernel,AI_VECTOR_CORE,13,19,4.180,1790766284700190.716	,1790766284700194.896	
0,MatMulV2_ND_ND_FP16_FP16_false_true_all_98499,AI_CORE,13,20,53.561,1790766284700194.916	,1790766284700248.477	
0,HcPost_d2fe6614722b27afa6f8d964c215447e_0,AI_VECTOR_CORE,13,21,8.100,1790766284700248.497	,1790766284700256.597	
0,HcPre_6c9f0fa710253eff38b1c0e6be6a67be_0,MIX_AIC,13,22,32.680,1790766284700257.817	,1790766284700290.498	
0,RmsNorm_normal_all_bf16_high_performance_0,AI_VECTOR_CORE,13,23,5.340,1790766284700291.358	,1790766284700296.698	
0,MatMulV2_ND_ND_FP16_FP16_false_true_all_98499,AI_CORE,13,24,174.803,1790766284700296.718	,1790766284700471.522	
0,Slice_ee29dafe4fe21e12bb8d56ae91626cba_high_performance_524000000,AI_VECTOR_CORE,13,25,2.260,1790766284700471.542	,1790766284700473.802	
0,ClipByValueV2_e87c9546cf2804355cf0d9445a2db01a_high_performance_220000000,AI_VECTOR_CORE,13,26,9.220,1790766284700473.842	,1790766284700483.062	
0,Slice_ee29dafe4fe21e12bb8d56ae91626cba_high_performance_524000000,AI_VECTOR_CORE,13,27,1.800,1790766284700483.082	,1790766284700484.882	
0,ClipByValueV2_e87c9546cf2804355cf0d9445a2db01a_high_performance_220000000,AI_VECTOR_CORE,13,28,5.920,1790766284700484.902	,1790766284700490.822	
0,Muls_299cf4d7f9ef0f745d89d88c666b45aa_high_performance_210000000,AI_VECTOR_CORE,13,29,7.480,1790766284700490.842	,1790766284700498.322	
0,Sigmoid_1c4543fdfe7149b6b0717bd88f061562_high_precision_210000000,AI_VECTOR_CORE,13,30,8.560,1790766284700498.362	,1790766284700506.922	
0,Mul_ce3d1ff8ba23a0bcb292da3577c1625d_high_performance_210020000,AI_VECTOR_CORE,13,31,8.840,1790766284700506.942	,1790766284700515.782	
0,Add_ce3d1ff8ba23a0bcb292da3577c1625d_high_performance_223000000,AI_VECTOR_CORE,13,32,6.860,1790766284700515.802	,1790766284700522.663	
0,Mul_ce3d1ff8ba23a0bcb292da3577c1625d_high_performance_210020000,AI_VECTOR_CORE,13,33,2.800,1790766284700522.683	,1790766284700525.483	
0,MatMulV2_ND_ND_FP16_FP16_false_true_all_98513,AI_CORE,13,34,103.642,1790766284700525.503	,1790766284700629.145	
0,HcPost_d2fe6614722b27afa6f8d964c215447e_0,AI_VECTOR_CORE,13,35,8.260,1790766284700629.165	,1790766284700637.425	
0,HcPre_6c9f0fa710253eff38b1c0e6be6a67be_0,MIX_AIC,13,36,28.980,1790766284700638.325	,1790766284700667.305	
0,RmsNorm_normal_all_bf16_high_performance_0,AI_VECTOR_CORE,13,37,5.320,1790766284700668.205	,1790766284700673.526	
0,MatMulV2_ND_ND_FP16_FP16_false_true_all_98499,AI_CORE,13,38,163.503,1790766284700673.546	,1790766284700837.049	
0,Slice_ee29dafe4fe21e12bb8d56ae91626cba_high_performance_524000000,AI_VECTOR_CORE,13,39,2.580,1790766284700837.069	,1790766284700839.649	
0,MatMulV2_ND_ND_FP16_FP16_false_true_all_98325,AI_CORE,13,40,7.800,1790766284700839.669	,1790766284700847.469	
0,Slice_ee29dafe4fe21e12bb8d56ae91626cba_high_performance_524000000,AI_VECTOR_CORE,13,41,1.920,1790766284700847.489	,1790766284700849.409	
0,MatMulV2_ND_ND_FP16_FP16_false_true_all_98325,AI_CORE,13,42,7.380,1790766284700849.449	,1790766284700856.829	
0,ZerosLike_1c4543fdfe7149b6b0717bd88f061562_high_performance_210000000,AI_VECTOR_CORE,13,43,7.220,1790766284700856.849	,1790766284700864.069	
0,_copy_conv_state_kernel,AI_VECTOR_CORE,13,44,11.660,1790766284700864.089	,1790766284700875.750	
0,Slice_ee29dafe4fe21e12bb8d56ae91626cba_high_performance_524000000,AI_VECTOR_CORE,13,45,2.000,1790766284700875.770	,1790766284700877.770	
0,CausalConv1d_b0123b7fae3057c534dbb03661977c42_1,MIX_AIC,13,46,19.120,1790766284700878.930	,1790766284700898.050	
0,ViewCopy_7778b2d0a2938f9247cc0c9f84559eb2_high_performance__kernel0,AI_VECTOR_CORE,13,47,8.820,1790766284700899.030	,1790766284700907.850	
0,_copy_conv_state_kernel,AI_VECTOR_CORE,13,48,9.920,1790766284700907.870	,1790766284700917.790	
0,Slice_ee29dafe4fe21e12bb8d56ae91626cba_high_performance_524000000,AI_VECTOR_CORE,13,49,1.780,1790766284700917.810	,1790766284700919.590	
0,RecurrentKda_1ac9a791ca2957b2fe0a2e96909b5782_0,AI_VECTOR_CORE,13,50,53.001,1790766284700919.630	,1790766284700972.632	
0,_write_output,AI_VECTOR_CORE,13,51,3.160,1790766284700972.652	,1790766284700975.812	
0,layer_norm_gated_fwd_kernel,AI_VECTOR_CORE,13,52,4.120,1790766284700975.832	,1790766284700979.952	
0,MatMulV2_ND_ND_FP16_FP16_false_true_all_98499,AI_CORE,13,53,64.561,1790766284700979.992	,1790766284701044.553	
0,HcPost_d2fe6614722b27afa6f8d964c215447e_0,AI_VECTOR_CORE,13,54,8.160,1790766284701044.593	,1790766284701052.753	
0,HcPre_6c9f0fa710253eff38b1c0e6be6a67be_0,MIX_AIC,13,55,30.440,1790766284701053.633	,1790766284701084.074	
0,RmsNorm_normal_all_bf16_high_performance_0,AI_VECTOR_CORE,13,56,5.020,1790766284701085.334	,1790766284701090.354	
0,MatMulV2_ND_ND_FP16_FP16_false_true_all_98499,AI_CORE,13,57,180.003,1790766284701090.374	,1790766284701270.377	
0,Slice_ee29dafe4fe21e12bb8d56ae91626cba_high_performance_524000000,AI_VECTOR_CORE,13,58,2.640,1790766284701270.397	,1790766284701273.038	
0,ClipByValueV2_e87c9546cf2804355cf0d9445a2db01a_high_performance_220000000,AI_VECTOR_CORE,13,59,9.880,1790766284701273.058	,1790766284701282.938	
0,Slice_ee29dafe4fe21e12bb8d56ae91626cba_high_performance_524000000,AI_VECTOR_CORE,13,60,1.860,1790766284701282.958	,1790766284701284.818	
0,ClipByValueV2_e87c9546cf2804355cf0d9445a2db01a_high_performance_220000000,AI_VECTOR_CORE,13,61,8.060,1790766284701284.838	,1790766284701292.898	
0,Muls_299cf4d7f9ef0f745d89d88c666b45aa_high_performance_210000000,AI_VECTOR_CORE,13,62,7.360,1790766284701292.918	,1790766284701300.278	
0,Sigmoid_1c4543fdfe7149b6b0717bd88f061562_high_precision_210000000,AI_VECTOR_CORE,13,63,8.220,1790766284701300.298	,1790766284701308.518	
0,Mul_ce3d1ff8ba23a0bcb292da3577c1625d_high_performance_210020000,AI_VECTOR_CORE,13,64,9.700,1790766284701308.538	,1790766284701318.238	
0,Add_ce3d1ff8ba23a0bcb292da3577c1625d_high_performance_223000000,AI_VECTOR_CORE,13,65,7.080,1790766284701318.278	,1790766284701325.359	
0,Mul_ce3d1ff8ba23a0bcb292da3577c1625d_high_performance_210020000,AI_VECTOR_CORE,13,66,2.580,1790766284701325.379	,1790766284701327.959	
0,MatMulV2_ND_ND_FP16_FP16_false_true_all_98513,AI_CORE,13,67,100.622,1790766284701327.979	,1790766284701428.601	
0,HcPost_d2fe6614722b27afa6f8d964c215447e_0,AI_VECTOR_CORE,13,68,7.980,1790766284701428.621	,1790766284701436.601	
0,HcPre_6c9f0fa710253eff38b1c0e6be6a67be_0,MIX_AIC,13,69,27.920,1790766284701437.841	,1790766284701465.761	
0,RmsNorm_normal_all_bf16_high_performance_0,AI_VECTOR_CORE,13,70,4.980,1790766284701466.501	,1790766284701471.481	
0,MatMulV2_ND_ND_FP16_FP16_false_true_all_98499,AI_CORE,13,71,152.083,1790766284701471.501	,1790766284701623.585	
0,Slice_ee29dafe4fe21e12bb8d56ae91626cba_high_performance_524000000,AI_VECTOR_CORE,13,72,2.140,1790766284701623.605	,1790766284701625.745	
0,MatMulV2_ND_ND_FP16_FP16_false_true_all_98325,AI_CORE,13,73,8.380,1790766284701625.785	,1790766284701634.165	
0,Slice_ee29dafe4fe21e12bb8d56ae91626cba_high_performance_524000000,AI_VECTOR_CORE,13,74,1.880,1790766284701634.185	,1790766284701636.065	
0,MatMulV2_ND_ND_FP16_FP16_false_true_all_98325,AI_CORE,13,75,7.700,1790766284701636.085	,1790766284701643.785	
0,ZerosLike_1c4543fdfe7149b6b0717bd88f061562_high_performance_210000000,AI_VECTOR_CORE,13,76,7.220,1790766284701643.805	,1790766284701651.025	
0,_copy_conv_state_kernel,AI_VECTOR_CORE,13,77,11.840,1790766284701651.045	,1790766284701662.885	
0,Slice_ee29dafe4fe21e12bb8d56ae91626cba_high_performance_524000000,AI_VECTOR_CORE,13,78,2.020,1790766284701662.905	,1790766284701664.925	
0,CausalConv1d_b0123b7fae3057c534dbb03661977c42_1,MIX_AIC,13,79,13.660,1790766284701666.385	,1790766284701680.046	
0,ViewCopy_7778b2d0a2938f9247cc0c9f84559eb2_high_performance__kernel0,AI_VECTOR_CORE,13,80,9.560,1790766284701681.006	,1790766284701690.566	
0,_copy_conv_state_kernel,AI_VECTOR_CORE,13,81,9.720,1790766284701690.586	,1790766284701700.306	
0,Slice_ee29dafe4fe21e12bb8d56ae91626cba_high_performance_524000000,AI_VECTOR_CORE,13,82,1.900,1790766284701700.326	,1790766284701702.226	
0,RecurrentKda_1ac9a791ca2957b2fe0a2e96909b5782_0,AI_VECTOR_CORE,13,83,53.481,1790766284701702.246	,1790766284701755.727	
0,_write_output,AI_VECTOR_CORE,13,84,3.080,1790766284701755.767	,1790766284701758.847	
0,layer_norm_gated_fwd_kernel,AI_VECTOR_CORE,13,85,4.400,1790766284701758.867	,1790766284701763.267	
0,MatMulV2_ND_ND_FP16_FP16_false_true_all_98499,AI_CORE,13,86,59.701,1790766284701763.287	,1790766284701822.989	
0,HcPost_d2fe6614722b27afa6f8d964c215447e_0,AI_VECTOR_CORE,13,87,8.120,1790766284701823.029	,1790766284701831.149	
0,HcPre_6c9f0fa710253eff38b1c0e6be6a67be_0,MIX_AIC,13,88,32.040,1790766284701832.089	,1790766284701864.129	
0,RmsNorm_normal_all_bf16_high_performance_0,AI_VECTOR_CORE,13,89,4.940,1790766284701865.009	,1790766284701869.949	
0,MatMulV2_ND_ND_FP16_FP16_false_true_all_98499,AI_CORE,13,90,173.823,1790766284701869.989	,1790766284702043.813	
0,Slice_ee29dafe4fe21e12bb8d56ae91626cba_high_performance_524000000,AI_VECTOR_CORE,13,91,2.260,1790766284702043.833	,1790766284702046.093	
0,ClipByValueV2_e87c9546cf2804355cf0d9445a2db01a_high_performance_220000000,AI_VECTOR_CORE,13,92,9.360,1790766284702046.113	,1790766284702055.473	
0,Slice_ee29dafe4fe21e12bb8d56ae91626cba_high_performance_524000000,AI_VECTOR_CORE,13,93,1.800,1790766284702055.493	,1790766284702057.293	
0,ClipByValueV2_e87c9546cf2804355cf0d9445a2db01a_high_performance_220000000,AI_VECTOR_CORE,13,94,7.500,1790766284702057.313	,1790766284702064.813	
0,Muls_299cf4d7f9ef0f745d89d88c666b45aa_high_performance_210000000,AI_VECTOR_CORE,13,95,7.420,1790766284702064.833	,1790766284702072.253	
0,Sigmoid_1c4543fdfe7149b6b0717bd88f061562_high_precision_210000000,AI_VECTOR_CORE,13,96,8.540,1790766284702072.273	,1790766284702080.814	
0,Mul_ce3d1ff8ba23a0bcb292da3577c1625d_high_performance_210020000,AI_VECTOR_CORE,13,97,9.520,1790766284702080.834	,1790766284702090.354	
0,Add_ce3d1ff8ba23a0bcb292da3577c1625d_high_performance_223000000,AI_VECTOR_CORE,13,98,7.020,1790766284702090.374	,1790766284702097.394	
0,Mul_ce3d1ff8ba23a0bcb292da3577c1625d_high_performance_210020000,AI_VECTOR_CORE,13,99,2.660,1790766284702097.434	,1790766284702100.094	
0,MatMulV2_ND_ND_FP16_FP16_false_true_all_98513,AI_CORE,13,100,102.082,1790766284702100.114	,1790766284702202.196	
0,N/A,EVENT_WAIT,39,31,2234.984,1790766284702119.974	,1790766284704354.959	
0,HcPost_d2fe6614722b27afa6f8d964c215447e_0,AI_VECTOR_CORE,13,101,8.220,1790766284702202.216	,1790766284702210.436	
0,HcPre_6c9f0fa710253eff38b1c0e6be6a67be_0,MIX_AIC,13,102,29.080,1790766284702211.536	,1790766284702240.617	
0,RmsNorm_normal_all_bf16_high_performance_0,AI_VECTOR_CORE,13,103,5.300,1790766284702241.457	,1790766284702246.757	
0,MatMulV2_ND_ND_FP16_FP16_false_true_all_98513,AI_CORE,13,104,19.120,1790766284702246.797	,1790766284702265.917	
0,Slice_ee29dafe4fe21e12bb8d56ae91626cba_high_performance_524000000,AI_VECTOR_CORE,13,105,1.960,1790766284702265.937	,1790766284702267.897	
0,RmsNorm_normal_all_bf16_high_performance_2,AI_VECTOR_CORE,13,106,6.180,1790766284702267.917	,1790766284702274.098	
0,Slice_ee29dafe4fe21e12bb8d56ae91626cba_high_performance_524000000,AI_VECTOR_CORE,13,107,1.900,1790766284702274.118	,1790766284702276.018	
0,RmsNorm_normal_all_bf16_high_performance_2,AI_VECTOR_CORE,13,108,4.540,1790766284702276.038	,1790766284702280.578	
0,ScatterNdUpdate_bfloat16_int32_high_precision_11,MIX_AIV,13,109,5.640,1790766284702282.018	,1790766284702287.658	
0,MatMulV2_ND_ND_FP16_FP16_false_true_all_98499,AI_CORE,13,110,46.020,1790766284702288.698	,1790766284702334.719	
0,TransposeBatchMatMul_ND_ND_ND_ND_ND_BF16_BF16_BF16_INT64_BF16_high_performance_32,AI_CORE,13,111,23.860,1790766284702334.739	,1790766284702358.599	
0,Cast_b2717900ea7de2d41ea9c63d23aa269b_high_performance_210000000,AI_VECTOR_CORE,13,112,3.960,1790766284702358.639	,1790766284702362.599	
0,MatMulV2_ND_ND_FP32_FP32_false_true_all_65665,AI_CORE,13,113,9.320,1790766284702362.619	,1790766284702371.939	
0,Slice_82e6b4faea71b451f217d7ea57c08012_high_performance_524000000,AI_VECTOR_CORE,13,114,2.140,1790766284702371.959	,1790766284702374.100	
0,LayerNormV3_23ae115d70bd435e4cb966a52be97b55_high_precision_1600400500,AI_VECTOR_CORE,13,115,6.080,1790766284702374.140	,1790766284702380.220	
0,MatMulV2_ND_ND_FP32_FP32_false_true_all_65665,AI_CORE,13,116,8.920,1790766284702380.240	,1790766284702389.160	
0,MatMulV2_ND_ND_FP16_FP16_false_true_all_98499,AI_CORE,13,117,15.660,1790766284702389.200	,1790766284702404.860	
0,Slice_82e6b4faea71b451f217d7ea57c08012_high_performance_524000000,AI_VECTOR_CORE,13,118,1.920,1790766284702404.880	,1790766284702406.800	
0,Cast_9f288b80370c6545ffe8cef142d37f5c_high_performance_210000000,AI_VECTOR_CORE,13,119,1.400,1790766284702406.840	,1790766284702408.240	
0,Muls_299cf4d7f9ef0f745d89d88c666b45aa_high_performance_210000000,AI_VECTOR_CORE,13,120,1.340,1790766284702408.280	,1790766284702409.620	
0,_glm5_next_kpool_tail_compress_kernel,AI_VECTOR_CORE,13,121,2.380,1790766284702409.640	,1790766284702412.020	
0,_store_kpool_tail_kernel,AI_VECTOR_CORE,13,122,4.680,1790766284702412.060	,1790766284702416.740	
0,Cast_b2717900ea7de2d41ea9c63d23aa269b_high_performance_210000000,AI_VECTOR_CORE,13,123,2.560,1790766284702416.760	,1790766284702419.320	
0,Cast_b2717900ea7de2d41ea9c63d23aa269b_high_performance_210000000,AI_VECTOR_CORE,13,124,1.200,1790766284702419.340	,1790766284702420.540	
0,Mul_ee98c6628030785f610b924ab1557b31_high_performance_212000001,AI_VECTOR_CORE,13,125,9.340,1790766284702420.580	,1790766284702429.921	
0,ReduceSum_7a09f5b7af4126487a7f726a9aac7548_high_performance_10002100900,MIX_AIV,13,126,12.340,1790766284702430.881	,1790766284702443.221	
0,_glm5_next_lightning_indexer_score_kernel,AI_VECTOR_CORE,13,127,10.420,1790766284702444.261	,1790766284702454.681	
0,TopKV2_5c671486fda0d949d7cba9a9754bc2dd_high_performance_2017612701781458944,MIX_AIV,13,128,10.100,1790766284702455.621	,1790766284702465.721	
0,Cast_e87590d11ccda8b259ab6b1ea7212319_high_performance_210000000,AI_VECTOR_CORE,13,129,2.040,1790766284702466.601	,1790766284702468.641	
0,Cast_39a266ce9a8d7d9ead33f6686e936b72_high_performance_210000000,AI_VECTOR_CORE,13,130,2.080,1790766284702468.661	,1790766284702470.741	
0,_expand_pool_indices,AI_VECTOR_CORE,13,131,15.920,1790766284702470.761	,1790766284702486.682	
0,Slice_b9b91ad79a469f7fcff72949705be0f9_high_performance_521000000,AI_VECTOR_CORE,13,132,2.060,1790766284702486.702	,1790766284702488.762	
0,SparseFlashAttention_2e25ad8fefac1f04c03bd78f2d2ab366_1158,MIX_AIC,13,133,33.320,1790766284702489.842	,1790766284702523.163	
0,N/A,EVENT_WAIT,45,303,1849.896,1790766284702505.102	,1790766284704354.999	
0,TransposeBatchMatMul_ND_ND_ND_ND_ND_BF16_BF16_BF16_INT64_BF16_high_performance_32,AI_CORE,13,134,24.280,1790766284702523.983	,1790766284702548.263	
0,MatMulV2_ND_ND_FP16_FP16_false_true_all_98513,AI_CORE,13,135,136.802,1790766284702548.283	,1790766284702685.086	
0,N/A,MEMCPY_ASYNC,13,136,0.600,1790766284702685.106	,1790766284702685.706	
0,HcPost_d2fe6614722b27afa6f8d964c215447e_0,AI_VECTOR_CORE,13,137,8.180,1790766284702685.726	,1790766284702693.906	
0,HcPre_6c9f0fa710253eff38b1c0e6be6a67be_0,MIX_AIC,13,138,29.460,1790766284702695.346	,1790766284702724.807	
0,RmsNorm_normal_all_bf16_high_performance_0,AI_VECTOR_CORE,13,139,5.000,1790766284702725.807	,1790766284702730.807	
0,N/A,EVENT_RECORD,13,140,0.020,1790766284702730.827	,1790766284702730.847	
0,Cast_b2717900ea7de2d41ea9c63d23aa269b_high_performance_210000000,AI_VECTOR_CORE,13,141,3.380,1790766284702730.887	,1790766284702734.267	
0,MatMulV2_ND_ND_FP32_FP32_false_true_all_65665,AI_CORE,13,142,5.860,1790766284702734.287	,1790766284702740.147	
0,N/A,EVENT_RECORD,13,143,0.020,1790766284702740.167	,1790766284702740.187	
0,MoeGatingTopK_81369a2fa0455f39b5d19d432d261f57_1,AI_VECTOR_CORE,13,144,5.340,1790766284702740.207	,1790766284702745.547	
0,N/A,EVENT_RECORD,13,145,0.020,1790766284702745.567	,1790766284702745.587	
0,MoeInitRoutingV3_4ca8d2d329b4477b44dd2ee885849b12_2100000,MIX_AIV,13,146,14.160,1790766284702746.667	,1790766284702760.827	
0,GroupedMatmul_0d2d43751f81d7f29646a862147967c9_68885275,MIX_AIC,13,147,221.704,1790766284702763.707	,1790766284702985.412	
0,Slice_ee29dafe4fe21e12bb8d56ae91626cba_high_performance_524000000,AI_VECTOR_CORE,13,148,2.700,1790766284702986.132	,1790766284702988.832	
0,ClipByValueV2_e87c9546cf2804355cf0d9445a2db01a_high_performance_220000000,AI_VECTOR_CORE,13,149,10.180,1790766284702988.852	,1790766284702999.032	
0,ViewCopy_7778b2d0a2938f9247cc0c9f84559eb2_high_performance__kernel0,AI_VECTOR_CORE,13,150,9.720,1790766284702999.072	,1790766284703008.792	
0,Slice_ee29dafe4fe21e12bb8d56ae91626cba_high_performance_524000000,AI_VECTOR_CORE,13,151,2.440,1790766284703008.812	,1790766284703011.252	
0,ClipByValueV2_e87c9546cf2804355cf0d9445a2db01a_high_performance_220000000,AI_VECTOR_CORE,13,152,6.300,1790766284703011.272	,1790766284703017.572	
0,ViewCopy_7778b2d0a2938f9247cc0c9f84559eb2_high_performance__kernel0,AI_VECTOR_CORE,13,153,9.000,1790766284703017.592	,1790766284703026.593	
0,SwiGlu_3_high_performance_27,AI_VECTOR_CORE,13,154,6.900,1790766284703026.613	,1790766284703033.513	
0,N/A,EVENT_RECORD,13,155,0.020,1790766284703033.533	,1790766284703033.553	
0,GroupedMatmul_0d2d43751f81d7f29646a862147967c9_68885275,MIX_AIC,13,156,101.242,1790766284703034.953	,1790766284703136.195	
0,N/A,EVENT_RECORD,13,157,0.020,1790766284703137.475	,1790766284703137.495	
0,Cast_9f288b80370c6545ffe8cef142d37f5c_high_performance_210000000,AI_VECTOR_CORE,13,158,1.280,1790766284703137.515	,1790766284703138.795	
0,Abs_8098b79498645e9c0da095babdeaf862_high_performance_210000000,AI_VECTOR_CORE,13,159,1.540,1790766284703138.815	,1790766284703140.355	
0,MoeTokenUnpermute_6dd49246dc9576d3314234df69cb5c22_1,AI_VECTOR_CORE,13,160,4.560,1790766284703140.375	,1790766284703144.935	
0,MatMulV2_ND_ND_FP16_FP16_false_true_all_98499,AI_CORE,13,161,32.600,1790766284703144.955	,1790766284703177.556	
0,Slice_ee29dafe4fe21e12bb8d56ae91626cba_high_performance_524000000,AI_VECTOR_CORE,13,162,1.740,1790766284703177.596	,1790766284703179.336	
0,ClipByValueV2_e87c9546cf2804355cf0d9445a2db01a_high_performance_220000000,AI_VECTOR_CORE,13,163,2.100,1790766284703179.356	,1790766284703181.456	
0,Slice_ee29dafe4fe21e12bb8d56ae91626cba_high_performance_524000000,AI_VECTOR_CORE,13,164,1.320,1790766284703181.476	,1790766284703182.796	
0,ClipByValueV2_e87c9546cf2804355cf0d9445a2db01a_high_performance_220000000,AI_VECTOR_CORE,13,165,2.500,1790766284703182.836	,1790766284703185.336	
0,Muls_299cf4d7f9ef0f745d89d88c666b45aa_high_performance_210000000,AI_VECTOR_CORE,13,166,2.040,1790766284703185.356	,1790766284703187.396	
0,Sigmoid_1c4543fdfe7149b6b0717bd88f061562_high_precision_210000000,AI_VECTOR_CORE,13,167,2.980,1790766284703187.416	,1790766284703190.396	
0,Mul_ce3d1ff8ba23a0bcb292da3577c1625d_high_performance_210020000,AI_VECTOR_CORE,13,168,2.560,1790766284703190.416	,1790766284703192.976	
0,Add_ce3d1ff8ba23a0bcb292da3577c1625d_high_performance_223000000,AI_VECTOR_CORE,13,169,2.480,1790766284703192.996	,1790766284703195.476	
0,Mul_ce3d1ff8ba23a0bcb292da3577c1625d_high_performance_210020000,AI_VECTOR_CORE,13,170,2.660,1790766284703195.496	,1790766284703198.156	
0,MatMulV2_ND_ND_FP16_FP16_false_true_all_98499,AI_CORE,13,171,19.360,1790766284703198.176	,1790766284703217.536	
0,ForeachAddList_c73cb8f503197be65eaf63148ad48de4_high_performance_4,AI_VECTOR_CORE,13,172,14.540,1790766284703217.556	,1790766284703232.097	
0,HcPost_d2fe6614722b27afa6f8d964c215447e_0,AI_VECTOR_CORE,13,173,6.600,1790766284703232.117	,1790766284703238.717	
0,ReduceMean_9a2479d4dc5148645cb3f4b9e765c637_high_precision_2100900,MIX_AIV,13,174,10.880,1790766284703239.877	,1790766284703250.757	
0,RmsNorm_normal_all_bf16_high_performance_0,AI_VECTOR_CORE,13,175,3.760,1790766284703252.057	,1790766284703255.817	
0,N/A,EVENT_RESET,13,176,0.080,1790766284703255.837	,1790766284703255.917	
0,N/A,EVENT_RESET,13,177,0.080,1790766284703255.957	,1790766284703256.037	
0,N/A,EVENT_RESET,13,178,0.100,1790766284703256.057	,1790766284703256.157	
0,N/A,EVENT_RESET,13,179,0.100,1790766284703256.177	,1790766284703256.277	
0,N/A,EVENT_RESET,13,180,0.100,1790766284703256.297	,1790766284703256.397	
0,N/A,NOTIFY_RECORD,13,181,0.020,1790766284703256.417	,1790766284703256.437	
0,IndexCheck_int32_high_performance_1,AI_VECTOR_CORE,47,5138,3.400,1790766284703256.897	,1790766284703260.297	
0,Index_b1b18d29d34a3b544b5bb6b3f56177c3_high_performance__kernel0,AI_VECTOR_CORE,47,5139,8.320,1790766284703260.317	,1790766284703268.637	
0,MatMulV2_ND_ND_FP16_FP16_false_true_all_98499,AI_CORE,47,5140,904.578,1790766284703268.657	,1790766284704173.235	
0,Cast_b2717900ea7de2d41ea9c63d23aa269b_high_performance_210000000,AI_VECTOR_CORE,47,5141,7.740,1790766284704173.255	,1790766284704180.996	
0,LogSoftmaxV2_291664ae3e88b38b8b46c2efbbea27c9_high_precision_400001,AI_VECTOR_CORE,47,5142,44.860,1790766284704181.016	,1790766284704225.877	
0,Cast_b2717900ea7de2d41ea9c63d23aa269b_high_performance_210000000,AI_VECTOR_CORE,47,5143,3.200,1790766284704225.897	,1790766284704229.097	
0,ArgMaxV2_4402011f777d6374ab9f6425cb5984c4_high_performance_3,AI_VECTOR_CORE,47,5144,19.680,1790766284704229.117	,1790766284704248.797	
0,Cast_e87590d11ccda8b259ab6b1ea7212319_high_performance_210000000,AI_VECTOR_CORE,47,5145,1.540,1790766284704248.837	,1790766284704250.377	
0,TopKV2_5c671486fda0d949d7cba9a9754bc2dd_high_performance_2017612907943034881,MIX_AIV,47,5146,31.520,1790766284704251.697	,1790766284704283.218	
0,TopKV2_5c671486fda0d949d7cba9a9754bc2dd_high_performance_2017612701781458944,MIX_AIV,47,5147,4.680,1790766284704285.878	,1790766284704290.558	
0,GatherElements_8b4ec10fbb39c5c0a65192c606400b29_high_performance__kernel0,AI_VECTOR_CORE,47,5148,3.840,1790766284704291.338	,1790766284704295.178	
0,Cast_e87590d11ccda8b259ab6b1ea7212319_high_performance_210000000,AI_VECTOR_CORE,47,5149,1.180,1790766284704295.198	,1790766284704296.378	
0,Cast_39a266ce9a8d7d9ead33f6686e936b72_high_performance_210000000,AI_VECTOR_CORE,47,5150,1.480,1790766284704296.398	,1790766284704297.878	
0,GatherElementsV2_fp32_high_performance_2,AI_VECTOR_CORE,47,5151,3.980,1790766284704297.898	,1790766284704301.878	
0,GreaterEqual_3efaad932f458d7892fdb0715ec85b2b_high_performance_212000002,AI_VECTOR_CORE,47,5152,11.020,1790766284704301.898	,1790766284704312.918	
0,Cast_df2b778f1b80e749bd4242386ec57ab9_high_performance_210000000,AI_VECTOR_CORE,47,5153,6.940,1790766284704312.938	,1790766284704319.878	
0,ReduceSum_7a09f5b7af4126487a7f726a9aac7548_high_performance_110001000400,MIX_AIV,47,5154,22.040,1790766284704321.138	,1790766284704343.179	
0,Cast_c6738f795430c3c6f09cdc8d52a1b43d_high_performance_210000000,AI_VECTOR_CORE,47,5155,1.340,1790766284704344.319	,1790766284704345.659	
0,ConcatD_0d745295987e1c668b2ec8b2844aeada_high_performance_0,AI_VECTOR_CORE,47,5156,3.300,1790766284704345.679	,1790766284704348.979	
0,ConcatD_233851a3505389e43928a8bba133a74d_high_performance_0,AI_VECTOR_CORE,47,5157,2.560,1790766284704348.999	,1790766284704351.559	
0,Cast_39a266ce9a8d7d9ead33f6686e936b72_high_performance_210000000,AI_VECTOR_CORE,47,5158,1.480,1790766284704351.579	,1790766284704353.059	
0,Cast_39a266ce9a8d7d9ead33f6686e936b72_high_performance_210000000,AI_VECTOR_CORE,47,5159,1.360,1790766284704353.099	,1790766284704354.459	
0,N/A,EVENT_RECORD,47,5160,0.020,1790766284704354.479	,1790766284704354.499	
0,N/A,EVENT_RECORD,47,5161,0.020,1790766284704354.519	,1790766284704354.539	
0,N/A,MEMCPY_ASYNC,45,304,1.840,1790766284704355.019	,1790766284704356.859	
0,N/A,MEMCPY_ASYNC,45,305,1.860,1790766284704357.019	,1790766284704358.879	
0,N/A,MEMCPY_ASYNC,45,306,1.860,1790766284704359.039	,1790766284704360.899	
0,N/A,MEMCPY_ASYNC,45,307,2.040,1790766284704361.059	,1790766284704363.099	
0,N/A,EVENT_RECORD,45,308,0.000,1790766284704363.259	,1790766284704363.259	
0,N/A,EVENT_RECORD,45,309,0.000,1790766284704363.299	,1790766284704363.299	
0,N/A,EVENT_RECORD,45,310,0.020,1790766284704363.319	,1790766284704363.339	
0,N/A,EVENT_RECORD,45,311,0.000,1790766284704363.359	,1790766284704363.359	
0,N/A,EVENT_RECORD,45,312,0.000,1790766284704694.266	,1790766284704694.266	
0,N/A,MEMCPY_ASYNC,47,5162,2.260,1790766284704946.811	,1790766284704949.071	
0,N/A,MEMCPY_ASYNC,47,5163,2.220,1790766284705026.993	,1790766284705029.213	
0,N/A,MEMCPY_ASYNC,47,5164,2.180,1790766284705105.314	,1790766284705107.494	
0,N/A,MEMCPY_ASYNC,47,5165,2.480,1790766284705183.676	,1790766284705186.156	
0,N/A,MEMCPY_ASYNC,47,5166,2.140,1790766284705255.857	,1790766284705257.997	
0,N/A,MEMCPY_ASYNC,47,5167,2.200,1790766284705530.803	,1790766284705533.003	
0,N/A,MEMCPY_ASYNC,47,5168,2.240,1790766284705722.926	,1790766284705725.166	
0,N/A,MEMCPY_ASYNC,47,5169,2.200,1790766284705770.447	,1790766284705772.647	
0,Fill_1fbc7ee619b707282bbfd034093621df_high_performance_223000000,AI_VECTOR_CORE,47,5170,1.700,1790766284705942.631	,1790766284705944.331	
0,N/A,MEMCPY_ASYNC,47,5171,0.580,1790766284706146.175	,1790766284706146.755	
0,N/A,MEMCPY_ASYNC,47,5172,2.380,1790766284706410.120	,1790766284706412.500	
0,Fill_1fbc7ee619b707282bbfd034093621df_high_performance_223000000,AI_VECTOR_CORE,47,5173,1.320,1790766284706443.161	,1790766284706444.481	
0,N/A,MEMCPY_ASYNC,47,5174,2.360,1790766284706494.022	,1790766284706496.382	
0,N/A,MEMCPY_ASYNC,47,5175,2.500,1790766284706583.924	,1790766284706586.424	
0,N/A,MEMCPY_ASYNC,47,5176,2.340,1790766284706672.325	,1790766284706674.665	
0,N/A,MEMCPY_ASYNC,47,5177,2.380,1790766284706753.287	,1790766284706755.667	
0,IndexCheck_int64_high_performance_0,AI_VECTOR_CORE,47,5178,3.400,1790766284706869.449	,1790766284706872.849	
0,Index_f34e8f0e5e2c96109aa0460550023804_high_performance__kernel0,AI_VECTOR_CORE,47,5179,12.960,1790766284706872.889	,1790766284706885.850	
0,Cast_e87590d11ccda8b259ab6b1ea7212319_high_performance_210000000,AI_VECTOR_CORE,47,5180,1.200,1790766284706950.771	,1790766284706951.971	
0,Add_41dadce325b0f810d03359af2a38990b_high_performance_210000000,AI_VECTOR_CORE,47,5181,2.380,1790766284707022.892	,1790766284707025.272	
0,N/A,MEMCPY_ASYNC,47,5182,0.600,1790766284707137.715	,1790766284707138.315	
0,Add_9342884c99c006e21fc9d5d9260b8bef_high_performance_210000000,AI_VECTOR_CORE,47,5183,1.560,1790766284707210.896	,1790766284707212.456	
0,N/A,MEMCPY_ASYNC,47,5184,0.580,1790766284707334.259	,1790766284707334.839	
0,Fill_1fbc7ee619b707282bbfd034093621df_high_performance_210000000,AI_VECTOR_CORE,47,5185,1.480,1790766284707378.340	,1790766284707379.820	
0,_compute_slot_mapping_fused_groups_adaptive_kernel,AI_VECTOR_CORE,47,5186,4.860,1790766284707803.308	,1790766284707808.168	
0,Sub_9342884c99c006e21fc9d5d9260b8bef_high_performance_223000000,AI_VECTOR_CORE,47,5187,1.520,1790766284707952.071	,1790766284707953.591	
0,N/A,MEMCPY_ASYNC,47,5188,2.420,1790766284708303.798	,1790766284708306.218	
0,Fill_1fbc7ee619b707282bbfd034093621df_high_performance_210000000,AI_VECTOR_CORE,47,5189,1.220,1790766284708512.062	,1790766284708513.282	
0,Fill_1fbc7ee619b707282bbfd034093621df_high_performance_223000000,AI_VECTOR_CORE,47,5190,1.580,1790766284708566.383	,1790766284708567.963	
0,Cast_e87590d11ccda8b259ab6b1ea7212319_high_performance_210000000,AI_VECTOR_CORE,47,5191,1.260,1790766284709084.794	,1790766284709086.054	
0,FloorDiv_41dadce325b0f810d03359af2a38990b_high_performance_223000000,AI_VECTOR_CORE,47,5192,6.340,1790766284709086.674	,1790766284709093.014	
0,Cast_39a266ce9a8d7d9ead33f6686e936b72_high_performance_210000000,AI_VECTOR_CORE,47,5193,1.460,1790766284709093.034	,1790766284709094.494	
0,N/A,MEMCPY_ASYNC,47,5194,0.580,1790766284709244.817	,1790766284709245.397	
0,Cast_e87590d11ccda8b259ab6b1ea7212319_high_performance_210000000,AI_VECTOR_CORE,47,5195,1.120,1790766284709338.639	,1790766284709339.759	
0,GreaterEqual_1ea4da630f56dc1c2d6e7c9a9dd17b11_high_performance_223000000,AI_VECTOR_CORE,47,5196,2.900,1790766284709340.379	,1790766284709343.279	
0,Add_41dadce325b0f810d03359af2a38990b_high_performance_223000000,AI_VECTOR_CORE,47,5197,2.820,1790766284709395.320	,1790766284709398.140	
0,BroadcastTo_41dadce325b0f810d03359af2a38990b_high_performance_232000000,AI_VECTOR_CORE,47,5198,1.700,1790766284709450.761	,1790766284709452.461	
0,FloorMod_41dadce325b0f810d03359af2a38990b_high_precision_210000000,AI_VECTOR_CORE,47,5199,1.640,1790766284709462.461	,1790766284709464.101	
0,Equal_1ea4da630f56dc1c2d6e7c9a9dd17b11_high_performance_223000000,AI_VECTOR_CORE,47,5200,2.240,1790766284709505.962	,1790766284709508.202	
0,LogicalAnd_91d2a3cdd75d915a368582ec5f440af1_high_performance_210000000,AI_VECTOR_CORE,47,5201,1.680,1790766284709549.043	,1790766284709550.723	
0,ClipByValueV2_3bc53d14ff7dfecd0ed0c69136ab471a_high_performance_220000000,AI_VECTOR_CORE,47,5202,3.180,1790766284709591.064	,1790766284709594.244	
0,Cast_e87590d11ccda8b259ab6b1ea7212319_high_performance_210000000,AI_VECTOR_CORE,47,5203,1.160,1790766284709660.025	,1790766284709661.185	
0,FloorDiv_41dadce325b0f810d03359af2a38990b_high_performance_223000000,AI_VECTOR_CORE,47,5204,1.700,1790766284709662.345	,1790766284709664.045	
0,Cast_39a266ce9a8d7d9ead33f6686e936b72_high_performance_210000000,AI_VECTOR_CORE,47,5205,1.320,1790766284709664.065	,1790766284709665.385	
0,BroadcastTo_c71434db8135ff9089d65053721e3417_high_performance_232000000,AI_VECTOR_CORE,47,5206,1.440,1790766284709715.126	,1790766284709716.566	
0,FloorMod_9342884c99c006e21fc9d5d9260b8bef_high_precision_210000000,AI_VECTOR_CORE,47,5207,3.560,1790766284709716.606	,1790766284709720.166	
0,Mul_9342884c99c006e21fc9d5d9260b8bef_high_performance_223000000,AI_VECTOR_CORE,47,5208,1.560,1790766284709769.727	,1790766284709771.287	
0,Cast_e87590d11ccda8b259ab6b1ea7212319_high_performance_210000000,AI_VECTOR_CORE,47,5209,1.240,1790766284709824.508	,1790766284709825.748	
0,FloorDiv_41dadce325b0f810d03359af2a38990b_high_performance_223000000,AI_VECTOR_CORE,47,5210,1.740,1790766284709830.809	,1790766284709832.549	
0,Cast_39a266ce9a8d7d9ead33f6686e936b72_high_performance_210000000,AI_VECTOR_CORE,47,5211,1.000,1790766284709832.749	,1790766284709833.749	
0,Add_9342884c99c006e21fc9d5d9260b8bef_high_performance_210000000,AI_VECTOR_CORE,47,5212,1.220,1790766284709861.609	,1790766284709862.829	
0,Fill_1fbc7ee619b707282bbfd034093621df_high_performance_223000000,AI_VECTOR_CORE,47,5213,1.200,1790766284709936.971	,1790766284709938.171	
0,SelectV2_9bb0969ab50036eba4428cd9974a5c0b_high_performance_210000000,AI_VECTOR_CORE,47,5214,2.080,1790766284709977.491	,1790766284709979.571	
0,Cast_e87590d11ccda8b259ab6b1ea7212319_high_performance_210000000,AI_VECTOR_CORE,47,5215,1.240,1790766284710020.172	,1790766284710021.412	
0,Cast_e87590d11ccda8b259ab6b1ea7212319_high_performance_210000000,AI_VECTOR_CORE,47,5216,1.220,1790766284710116.974	,1790766284710118.194	
0,FloorDiv_41dadce325b0f810d03359af2a38990b_high_performance_223000000,AI_VECTOR_CORE,47,5217,1.780,1790766284710119.174	,1790766284710120.954	
0,Cast_39a266ce9a8d7d9ead33f6686e936b72_high_performance_210000000,AI_VECTOR_CORE,47,5218,1.220,1790766284710121.034	,1790766284710122.254	
0,N/A,MEMCPY_ASYNC,47,5219,0.700,1790766284710240.877	,1790766284710241.577	
0,N/A,MEMCPY_ASYNC,47,5220,0.620,1790766284710335.839	,1790766284710336.459	
0,Fill_1fbc7ee619b707282bbfd034093621df_high_performance_210000000,AI_VECTOR_CORE,47,5221,1.240,1790766284710568.263	,1790766284710569.503	
0,Fill_1fbc7ee619b707282bbfd034093621df_high_performance_210000000,AI_VECTOR_CORE,47,5222,1.240,1790766284710611.844	,1790766284710613.084	
0,Fill_1fbc7ee619b707282bbfd034093621df_high_performance_210000000,AI_VECTOR_CORE,47,5223,1.400,1790766284710803.208	,1790766284710804.608	
0,Fill_1fbc7ee619b707282bbfd034093621df_high_performance_210000000,AI_VECTOR_CORE,47,5224,1.280,1790766284710843.609	,1790766284710844.889	
0,N/A,MEMCPY_ASYNC,47,5225,0.560,1790766284711425.080	,1790766284711425.640	
0,Fill_1fbc7ee619b707282bbfd034093621df_high_performance_210000000,AI_VECTOR_CORE,47,5226,1.120,1790766284711482.162	,1790766284711483.282	
0,N/A,MEMCPY_ASYNC,47,5227,0.680,1790766284711609.604	,1790766284711610.284	
0,N/A,MEMCPY_ASYNC,47,5228,0.540,1790766284711730.806	,1790766284711731.346	
0,N/A,MEMCPY_ASYNC,47,5229,0.680,1790766284711869.449	,1790766284711870.129	
0,Sub_9342884c99c006e21fc9d5d9260b8bef_high_performance_210000000,AI_VECTOR_CORE,47,5230,1.460,1790766284711983.152	,1790766284711984.612	
0,Fill_1fbc7ee619b707282bbfd034093621df_high_performance_210000000,AI_VECTOR_CORE,47,5231,1.280,1790766284712237.437	,1790766284712238.717	
0,Fill_1fbc7ee619b707282bbfd034093621df_high_performance_210000000,AI_VECTOR_CORE,47,5232,1.340,1790766284712278.697	,1790766284712280.037	
0,N/A,MEMCPY_ASYNC,47,5233,0.540,1790766284712905.470	,1790766284712906.010	
0,Fill_1fbc7ee619b707282bbfd034093621df_high_performance_210000000,AI_VECTOR_CORE,47,5234,1.580,1790766284712960.431	,1790766284712962.011	
0,N/A,MEMCPY_ASYNC,47,5235,0.580,1790766284713084.234	,1790766284713084.814	
0,N/A,MEMCPY_ASYNC,47,5236,0.520,1790766284713202.376	,1790766284713202.896	
0,N/A,MEMCPY_ASYNC,47,5237,0.660,1790766284713338.679	,1790766284713339.339	
0,Sub_9342884c99c006e21fc9d5d9260b8bef_high_performance_210000000,AI_VECTOR_CORE,47,5238,1.320,1790766284713423.680	,1790766284713425.000	
0,Fill_1fbc7ee619b707282bbfd034093621df_high_performance_210000000,AI_VECTOR_CORE,47,5239,1.240,1790766284713600.484	,1790766284713601.724	
0,Fill_1fbc7ee619b707282bbfd034093621df_high_performance_210000000,AI_VECTOR_CORE,47,5240,1.140,1790766284713643.025	,1790766284713644.165	
0,N/A,MEMCPY_ASYNC,47,5241,0.560,1790766284714199.716	,1790766284714200.276	
0,Fill_1fbc7ee619b707282bbfd034093621df_high_performance_210000000,AI_VECTOR_CORE,47,5242,1.300,1790766284714255.337	,1790766284714256.637	
0,N/A,MEMCPY_ASYNC,47,5243,0.640,1790766284714377.179	,1790766284714377.819	
0,N/A,MEMCPY_ASYNC,47,5244,0.580,1790766284714490.062	,1790766284714490.642	
0,N/A,MEMCPY_ASYNC,47,5245,0.640,1790766284714617.084	,1790766284714617.724	
0,Sub_9342884c99c006e21fc9d5d9260b8bef_high_performance_210000000,AI_VECTOR_CORE,47,5246,1.380,1790766284714686.726	,1790766284714688.106	
0,N/A,EVENT_RECORD,47,5247,0.020,1790766284714955.571	,1790766284714955.591	
0,ZerosLike_1d2fd313763487259859439d7e9b41cf_high_performance_210000000,AI_VECTOR_CORE,47,5248,1.880,1790766284715140.675	,1790766284715142.555	
0,Fill_279daeaf6b659300647aba3935d90048_high_performance_210000000,AI_VECTOR_CORE,47,5249,1.580,1790766284715419.900	,1790766284715421.480	
0,Cast_a9b7af94359fc7c19da07ad0790f065c_high_performance_210000000,AI_VECTOR_CORE,47,5250,1.200,1790766284715469.081	,1790766284715470.281	
0,BroadcastTo_c71434db8135ff9089d65053721e3417_high_performance_232000000,AI_VECTOR_CORE,47,5251,1.300,1790766284715470.481	,1790766284715471.781	
0,Cast_9fc020fd54590bb5fe6cf6eabcf7b473_high_performance_210000000,AI_VECTOR_CORE,47,5252,1.320,1790766284715472.601	,1790766284715473.921	
0,Fill_279daeaf6b659300647aba3935d90048_high_performance_210000000,AI_VECTOR_CORE,47,5253,1.240,1790766284715516.582	,1790766284715517.822	
0,N/A,MEMCPY_ASYNC,47,5254,0.560,1790766284715618.204	,1790766284715618.764	
0,N/A,MODEL_EXECUTE,47,5255,3.020,1790766284715868.049	,1790766284715871.069	
0,Cast_e87590d11ccda8b259ab6b1ea7212319_high_performance_210000000,AI_VECTOR_CORE,13,0,1.280,1790766284715870.989	,1790766284715872.269	
0,GatherV2_7869a97190b9b4d296d9414a005b954b_high_precision_900015010,AI_VECTOR_CORE,13,1,2.800,1790766284715872.289	,1790766284715875.089	
0,BroadcastTo_7e5992d3033ef32a3463c5d198e518a1_high_performance_212100003,AI_VECTOR_CORE,13,2,6.400,1790766284715875.109	,1790766284715881.509	
0,N/A,NOTIFY_WAIT,47,5256,3385.787,1790766284715882.789	,1790766284719268.577	
0,HcPre_6c9f0fa710253eff38b1c0e6be6a67be_0,MIX_AIC,13,3,32.980,1790766284715882.949	,1790766284715915.930	
0,RmsNorm_normal_all_bf16_high_performance_0,AI_VECTOR_CORE,13,4,5.680,1790766284715917.110	,1790766284715922.790	
0,MatMulV2_ND_ND_FP16_FP16_false_true_all_98499,AI_CORE,13,5,163.723,1790766284715922.810	,1790766284716086.533	
0,Slice_ee29dafe4fe21e12bb8d56ae91626cba_high_performance_524000000,AI_VECTOR_CORE,13,6,2.060,1790766284716086.553	,1790766284716088.614	
0,MatMulV2_ND_ND_FP16_FP16_false_true_all_98325,AI_CORE,13,7,9.280,1790766284716088.634	,1790766284716097.914	
0,Slice_ee29dafe4fe21e12bb8d56ae91626cba_high_performance_524000000,AI_VECTOR_CORE,13,8,1.780,1790766284716097.934	,1790766284716099.714	
0,MatMulV2_ND_ND_FP16_FP16_false_true_all_98325,AI_CORE,13,9,8.120,1790766284716099.734	,1790766284716107.854	
0,ZerosLike_1c4543fdfe7149b6b0717bd88f061562_high_performance_210000000,AI_VECTOR_CORE,13,10,7.220,1790766284716107.874	,1790766284716115.094	
0,_copy_conv_state_kernel,AI_VECTOR_CORE,13,11,12.000,1790766284716115.114	,1790766284716127.114	
0,Slice_ee29dafe4fe21e12bb8d56ae91626cba_high_performance_524000000,AI_VECTOR_CORE,13,12,2.160,1790766284716127.134	,1790766284716129.294	
0,CausalConv1d_b0123b7fae3057c534dbb03661977c42_1,MIX_AIC,13,13,20.240,1790766284716131.594	,1790766284716151.835	
0,ViewCopy_7778b2d0a2938f9247cc0c9f84559eb2_high_performance__kernel0,AI_VECTOR_CORE,13,14,10.680,1790766284716152.915	,1790766284716163.595	
0,_copy_conv_state_kernel,AI_VECTOR_CORE,13,15,9.500,1790766284716163.615	,1790766284716173.115	
0,Slice_ee29dafe4fe21e12bb8d56ae91626cba_high_performance_524000000,AI_VECTOR_CORE,13,16,1.700,1790766284716173.135	,1790766284716174.835	
0,RecurrentKda_1ac9a791ca2957b2fe0a2e96909b5782_0,AI_VECTOR_CORE,13,17,51.881,1790766284716174.855	,1790766284716226.736	
0,_write_output,AI_VECTOR_CORE,13,18,3.120,1790766284716226.756	,1790766284716229.876	
0,layer_norm_gated_fwd_kernel,AI_VECTOR_CORE,13,19,4.180,1790766284716229.896	,1790766284716234.076	
0,MatMulV2_ND_ND_FP16_FP16_false_true_all_98499,AI_CORE,13,20,54.121,1790766284716234.096	,1790766284716288.218	
0,HcPost_d2fe6614722b27afa6f8d964c215447e_0,AI_VECTOR_CORE,13,21,8.160,1790766284716288.238	,1790766284716296.398	
0,HcPre_6c9f0fa710253eff38b1c0e6be6a67be_0,MIX_AIC,13,22,29.280,1790766284716297.538	,1790766284716326.818	
0,RmsNorm_normal_all_bf16_high_performance_0,AI_VECTOR_CORE,13,23,5.480,1790766284716328.058	,1790766284716333.538	
0,MatMulV2_ND_ND_FP16_FP16_false_true_all_98499,AI_CORE,13,24,174.503,1790766284716333.578	,1790766284716508.082	
0,Slice_ee29dafe4fe21e12bb8d56ae91626cba_high_performance_524000000,AI_VECTOR_CORE,13,25,2.220,1790766284716508.102	,1790766284716510.322	
0,ClipByValueV2_e87c9546cf2804355cf0d9445a2db01a_high_performance_220000000,AI_VECTOR_CORE,13,26,9.260,1790766284716510.362	,1790766284716519.622	
0,Slice_ee29dafe4fe21e12bb8d56ae91626cba_high_performance_524000000,AI_VECTOR_CORE,13,27,1.840,1790766284716519.642	,1790766284716521.482	
0,ClipByValueV2_e87c9546cf2804355cf0d9445a2db01a_high_performance_220000000,AI_VECTOR_CORE,13,28,5.920,1790766284716521.502	,1790766284716527.422	
0,Muls_299cf4d7f9ef0f745d89d88c666b45aa_high_performance_210000000,AI_VECTOR_CORE,13,29,7.400,1790766284716527.442	,1790766284716534.842	
0,Sigmoid_1c4543fdfe7149b6b0717bd88f061562_high_precision_210000000,AI_VECTOR_CORE,13,30,8.520,1790766284716534.882	,1790766284716543.403	
0,Mul_ce3d1ff8ba23a0bcb292da3577c1625d_high_performance_210020000,AI_VECTOR_CORE,13,31,9.560,1790766284716543.423	,1790766284716552.983	
0,Add_ce3d1ff8ba23a0bcb292da3577c1625d_high_performance_223000000,AI_VECTOR_CORE,13,32,6.840,1790766284716553.003	,1790766284716559.843	
0,Mul_ce3d1ff8ba23a0bcb292da3577c1625d_high_performance_210020000,AI_VECTOR_CORE,13,33,2.700,1790766284716559.863	,1790766284716562.563	
0,MatMulV2_ND_ND_FP16_FP16_false_true_all_98513,AI_CORE,13,34,105.702,1790766284716562.583	,1790766284716668.285	
0,HcPost_d2fe6614722b27afa6f8d964c215447e_0,AI_VECTOR_CORE,13,35,8.120,1790766284716668.305	,1790766284716676.425	
0,HcPre_6c9f0fa710253eff38b1c0e6be6a67be_0,MIX_AIC,13,36,29.320,1790766284716677.425	,1790766284716706.746	
0,RmsNorm_normal_all_bf16_high_performance_0,AI_VECTOR_CORE,13,37,5.160,1790766284716707.926	,1790766284716713.086	
0,MatMulV2_ND_ND_FP16_FP16_false_true_all_98499,AI_CORE,13,38,160.743,1790766284716713.106	,1790766284716873.849	
0,Slice_ee29dafe4fe21e12bb8d56ae91626cba_high_performance_524000000,AI_VECTOR_CORE,13,39,2.120,1790766284716873.869	,1790766284716875.989	
0,MatMulV2_ND_ND_FP16_FP16_false_true_all_98325,AI_CORE,13,40,7.660,1790766284716876.009	,1790766284716883.669	
0,Slice_ee29dafe4fe21e12bb8d56ae91626cba_high_performance_524000000,AI_VECTOR_CORE,13,41,1.940,1790766284716883.689	,1790766284716885.629	
0,MatMulV2_ND_ND_FP16_FP16_false_true_all_98325,AI_CORE,13,42,7.480,1790766284716885.649	,1790766284716893.130	
0,ZerosLike_1c4543fdfe7149b6b0717bd88f061562_high_performance_210000000,AI_VECTOR_CORE,13,43,7.100,1790766284716893.150	,1790766284716900.250	
0,_copy_conv_state_kernel,AI_VECTOR_CORE,13,44,11.660,1790766284716900.270	,1790766284716911.930	
0,Slice_ee29dafe4fe21e12bb8d56ae91626cba_high_performance_524000000,AI_VECTOR_CORE,13,45,2.100,1790766284716911.950	,1790766284716914.050	
0,CausalConv1d_b0123b7fae3057c534dbb03661977c42_1,MIX_AIC,13,46,18.900,1790766284716915.430	,1790766284716934.330	
0,ViewCopy_7778b2d0a2938f9247cc0c9f84559eb2_high_performance__kernel0,AI_VECTOR_CORE,13,47,8.620,1790766284716935.550	,1790766284716944.171	
0,_copy_conv_state_kernel,AI_VECTOR_CORE,13,48,9.660,1790766284716944.211	,1790766284716953.871	
0,Slice_ee29dafe4fe21e12bb8d56ae91626cba_high_performance_524000000,AI_VECTOR_CORE,13,49,1.800,1790766284716953.891	,1790766284716955.691	
0,RecurrentKda_1ac9a791ca2957b2fe0a2e96909b5782_0,AI_VECTOR_CORE,13,50,52.781,1790766284716955.711	,1790766284717008.492	
0,_write_output,AI_VECTOR_CORE,13,51,3.180,1790766284717008.512	,1790766284717011.692	
0,layer_norm_gated_fwd_kernel,AI_VECTOR_CORE,13,52,4.120,1790766284717011.732	,1790766284717015.852	
0,MatMulV2_ND_ND_FP16_FP16_false_true_all_98499,AI_CORE,13,53,63.941,1790766284717015.872	,1790766284717079.813	
0,HcPost_d2fe6614722b27afa6f8d964c215447e_0,AI_VECTOR_CORE,13,54,8.360,1790766284717079.833	,1790766284717088.194	
0,HcPre_6c9f0fa710253eff38b1c0e6be6a67be_0,MIX_AIC,13,55,30.520,1790766284717089.574	,1790766284717120.094	
0,RmsNorm_normal_all_bf16_high_performance_0,AI_VECTOR_CORE,13,56,5.280,1790766284717121.274	,1790766284717126.554	
0,MatMulV2_ND_ND_FP16_FP16_false_true_all_98499,AI_CORE,13,57,177.443,1790766284717126.574	,1790766284717304.018	
0,Slice_ee29dafe4fe21e12bb8d56ae91626cba_high_performance_524000000,AI_VECTOR_CORE,13,58,2.140,1790766284717304.058	,1790766284717306.198	
0,ClipByValueV2_e87c9546cf2804355cf0d9445a2db01a_high_performance_220000000,AI_VECTOR_CORE,13,59,10.160,1790766284717306.218	,1790766284717316.378	
0,Slice_ee29dafe4fe21e12bb8d56ae91626cba_high_performance_524000000,AI_VECTOR_CORE,13,60,1.840,1790766284717316.398	,1790766284717318.238	
0,ClipByValueV2_e87c9546cf2804355cf0d9445a2db01a_high_performance_220000000,AI_VECTOR_CORE,13,61,8.120,1790766284717318.258	,1790766284717326.378	
0,Muls_299cf4d7f9ef0f745d89d88c666b45aa_high_performance_210000000,AI_VECTOR_CORE,13,62,7.340,1790766284717326.418	,1790766284717333.758	
0,Sigmoid_1c4543fdfe7149b6b0717bd88f061562_high_precision_210000000,AI_VECTOR_CORE,13,63,8.260,1790766284717333.778	,1790766284717342.039	
0,Mul_ce3d1ff8ba23a0bcb292da3577c1625d_high_performance_210020000,AI_VECTOR_CORE,13,64,10.100,1790766284717342.079	,1790766284717352.179	
0,Add_ce3d1ff8ba23a0bcb292da3577c1625d_high_performance_223000000,AI_VECTOR_CORE,13,65,7.040,1790766284717352.219	,1790766284717359.259	
0,Mul_ce3d1ff8ba23a0bcb292da3577c1625d_high_performance_210020000,AI_VECTOR_CORE,13,66,2.580,1790766284717359.279	,1790766284717361.859	
0,MatMulV2_ND_ND_FP16_FP16_false_true_all_98513,AI_CORE,13,67,101.082,1790766284717361.879	,1790766284717462.961	
0,HcPost_d2fe6614722b27afa6f8d964c215447e_0,AI_VECTOR_CORE,13,68,8.360,1790766284717462.981	,1790766284717471.341	
0,HcPre_6c9f0fa710253eff38b1c0e6be6a67be_0,MIX_AIC,13,69,28.240,1790766284717472.661	,1790766284717500.902	
0,RmsNorm_normal_all_bf16_high_performance_0,AI_VECTOR_CORE,13,70,4.900,1790766284717501.942	,1790766284717506.842	
0,MatMulV2_ND_ND_FP16_FP16_false_true_all_98499,AI_CORE,13,71,151.043,1790766284717506.862	,1790766284717657.905	
0,Slice_ee29dafe4fe21e12bb8d56ae91626cba_high_performance_524000000,AI_VECTOR_CORE,13,72,2.160,1790766284717657.925	,1790766284717660.085	
0,MatMulV2_ND_ND_FP16_FP16_false_true_all_98325,AI_CORE,13,73,7.880,1790766284717660.105	,1790766284717667.985	
0,Slice_ee29dafe4fe21e12bb8d56ae91626cba_high_performance_524000000,AI_VECTOR_CORE,13,74,1.840,1790766284717668.005	,1790766284717669.845	
0,MatMulV2_ND_ND_FP16_FP16_false_true_all_98325,AI_CORE,13,75,7.840,1790766284717669.865	,1790766284717677.705	
0,ZerosLike_1c4543fdfe7149b6b0717bd88f061562_high_performance_210000000,AI_VECTOR_CORE,13,76,7.240,1790766284717677.745	,1790766284717684.985	
0,_copy_conv_state_kernel,AI_VECTOR_CORE,13,77,12.020,1790766284717685.025	,1790766284717697.046	
0,Slice_ee29dafe4fe21e12bb8d56ae91626cba_high_performance_524000000,AI_VECTOR_CORE,13,78,2.160,1790766284717697.066	,1790766284717699.226	
0,CausalConv1d_b0123b7fae3057c534dbb03661977c42_1,MIX_AIC,13,79,13.720,1790766284717700.566	,1790766284717714.286	
0,ViewCopy_7778b2d0a2938f9247cc0c9f84559eb2_high_performance__kernel0,AI_VECTOR_CORE,13,80,9.780,1790766284717715.186	,1790766284717724.966	
0,_copy_conv_state_kernel,AI_VECTOR_CORE,13,81,9.820,1790766284717724.986	,1790766284717734.806	
0,Slice_ee29dafe4fe21e12bb8d56ae91626cba_high_performance_524000000,AI_VECTOR_CORE,13,82,1.820,1790766284717734.846	,1790766284717736.666	
0,RecurrentKda_1ac9a791ca2957b2fe0a2e96909b5782_0,AI_VECTOR_CORE,13,83,54.141,1790766284717736.686	,1790766284717790.828	
0,_write_output,AI_VECTOR_CORE,13,84,2.980,1790766284717790.848	,1790766284717793.828	
0,layer_norm_gated_fwd_kernel,AI_VECTOR_CORE,13,85,4.480,1790766284717793.868	,1790766284717798.348	
0,MatMulV2_ND_ND_FP16_FP16_false_true_all_98499,AI_CORE,13,86,56.981,1790766284717798.368	,1790766284717855.349	
0,HcPost_d2fe6614722b27afa6f8d964c215447e_0,AI_VECTOR_CORE,13,87,8.060,1790766284717855.369	,1790766284717863.429	
0,HcPre_6c9f0fa710253eff38b1c0e6be6a67be_0,MIX_AIC,13,88,31.060,1790766284717864.589	,1790766284717895.650	
0,RmsNorm_normal_all_bf16_high_performance_0,AI_VECTOR_CORE,13,89,5.160,1790766284717896.910	,1790766284717902.070	
0,MatMulV2_ND_ND_FP16_FP16_false_true_all_98499,AI_CORE,13,90,174.823,1790766284717902.090	,1790766284718076.913	
0,Slice_ee29dafe4fe21e12bb8d56ae91626cba_high_performance_524000000,AI_VECTOR_CORE,13,91,2.220,1790766284718076.933	,1790766284718079.153	
0,ClipByValueV2_e87c9546cf2804355cf0d9445a2db01a_high_performance_220000000,AI_VECTOR_CORE,13,92,9.480,1790766284718079.173	,1790766284718088.653	
0,Slice_ee29dafe4fe21e12bb8d56ae91626cba_high_performance_524000000,AI_VECTOR_CORE,13,93,1.800,1790766284718088.673	,1790766284718090.474	
0,ClipByValueV2_e87c9546cf2804355cf0d9445a2db01a_high_performance_220000000,AI_VECTOR_CORE,13,94,7.620,1790766284718090.494	,1790766284718098.114	
0,Muls_299cf4d7f9ef0f745d89d88c666b45aa_high_performance_210000000,AI_VECTOR_CORE,13,95,7.400,1790766284718098.134	,1790766284718105.534	
0,Sigmoid_1c4543fdfe7149b6b0717bd88f061562_high_precision_210000000,AI_VECTOR_CORE,13,96,8.460,1790766284718105.574	,1790766284718114.034	
0,Mul_ce3d1ff8ba23a0bcb292da3577c1625d_high_performance_210020000,AI_VECTOR_CORE,13,97,9.560,1790766284718114.074	,1790766284718123.634	
0,Add_ce3d1ff8ba23a0bcb292da3577c1625d_high_performance_223000000,AI_VECTOR_CORE,13,98,7.020,1790766284718123.654	,1790766284718130.674	
0,Mul_ce3d1ff8ba23a0bcb292da3577c1625d_high_performance_210020000,AI_VECTOR_CORE,13,99,2.700,1790766284718130.714	,1790766284718133.414	
0,MatMulV2_ND_ND_FP16_FP16_false_true_all_98513,AI_CORE,13,100,102.222,1790766284718133.434	,1790766284718235.656	
0,N/A,EVENT_WAIT,39,32,2204.344,1790766284718167.535	,1790766284720371.879	
0,HcPost_d2fe6614722b27afa6f8d964c215447e_0,AI_VECTOR_CORE,13,101,8.040,1790766284718235.676	,1790766284718243.717	
0,HcPre_6c9f0fa710253eff38b1c0e6be6a67be_0,MIX_AIC,13,102,28.920,1790766284718245.157	,1790766284718274.077	
0,RmsNorm_normal_all_bf16_high_performance_0,AI_VECTOR_CORE,13,103,5.320,1790766284718274.997	,1790766284718280.317	
0,MatMulV2_ND_ND_FP16_FP16_false_true_all_98513,AI_CORE,13,104,18.520,1790766284718280.337	,1790766284718298.858	
0,Slice_ee29dafe4fe21e12bb8d56ae91626cba_high_performance_524000000,AI_VECTOR_CORE,13,105,1.760,1790766284718298.898	,1790766284718300.658	
0,RmsNorm_normal_all_bf16_high_performance_2,AI_VECTOR_CORE,13,106,6.000,1790766284718300.698	,1790766284718306.698	
0,Slice_ee29dafe4fe21e12bb8d56ae91626cba_high_performance_524000000,AI_VECTOR_CORE,13,107,1.900,1790766284718306.718	,1790766284718308.618	
0,RmsNorm_normal_all_bf16_high_performance_2,AI_VECTOR_CORE,13,108,4.600,1790766284718308.638	,1790766284718313.238	
0,ScatterNdUpdate_bfloat16_int32_high_precision_11,MIX_AIV,13,109,6.360,1790766284718314.338	,1790766284718320.698	
0,MatMulV2_ND_ND_FP16_FP16_false_true_all_98499,AI_CORE,13,110,46.840,1790766284718321.638	,1790766284718368.479	
0,TransposeBatchMatMul_ND_ND_ND_ND_ND_BF16_BF16_BF16_INT64_BF16_high_performance_32,AI_CORE,13,111,24.580,1790766284718368.499	,1790766284718393.080	
0,Cast_b2717900ea7de2d41ea9c63d23aa269b_high_performance_210000000,AI_VECTOR_CORE,13,112,3.880,1790766284718393.100	,1790766284718396.980	
0,MatMulV2_ND_ND_FP32_FP32_false_true_all_65665,AI_CORE,13,113,9.680,1790766284718397.000	,1790766284718406.680	
0,Slice_82e6b4faea71b451f217d7ea57c08012_high_performance_524000000,AI_VECTOR_CORE,13,114,2.120,1790766284718406.700	,1790766284718408.820	
0,LayerNormV3_23ae115d70bd435e4cb966a52be97b55_high_precision_1600400500,AI_VECTOR_CORE,13,115,6.280,1790766284718408.860	,1790766284718415.140	
0,MatMulV2_ND_ND_FP32_FP32_false_true_all_65665,AI_CORE,13,116,8.920,1790766284718415.160	,1790766284718424.080	
0,MatMulV2_ND_ND_FP16_FP16_false_true_all_98499,AI_CORE,13,117,16.520,1790766284718424.100	,1790766284718440.621	
0,Slice_82e6b4faea71b451f217d7ea57c08012_high_performance_524000000,AI_VECTOR_CORE,13,118,1.940,1790766284718440.641	,1790766284718442.581	
0,Cast_9f288b80370c6545ffe8cef142d37f5c_high_performance_210000000,AI_VECTOR_CORE,13,119,1.420,1790766284718442.601	,1790766284718444.021	
0,Muls_299cf4d7f9ef0f745d89d88c666b45aa_high_performance_210000000,AI_VECTOR_CORE,13,120,1.320,1790766284718444.061	,1790766284718445.381	
0,_glm5_next_kpool_tail_compress_kernel,AI_VECTOR_CORE,13,121,2.260,1790766284718445.421	,1790766284718447.681	
0,_store_kpool_tail_kernel,AI_VECTOR_CORE,13,122,4.600,1790766284718447.701	,1790766284718452.301	
0,Cast_b2717900ea7de2d41ea9c63d23aa269b_high_performance_210000000,AI_VECTOR_CORE,13,123,2.560,1790766284718452.341	,1790766284718454.901	
0,Cast_b2717900ea7de2d41ea9c63d23aa269b_high_performance_210000000,AI_VECTOR_CORE,13,124,1.180,1790766284718454.921	,1790766284718456.101	
0,Mul_ee98c6628030785f610b924ab1557b31_high_performance_212000001,AI_VECTOR_CORE,13,125,9.520,1790766284718456.121	,1790766284718465.641	
0,ReduceSum_7a09f5b7af4126487a7f726a9aac7548_high_performance_10002100900,MIX_AIV,13,126,11.920,1790766284718466.701	,1790766284718478.621	
0,_glm5_next_lightning_indexer_score_kernel,AI_VECTOR_CORE,13,127,10.360,1790766284718479.481	,1790766284718489.842	
0,TopKV2_5c671486fda0d949d7cba9a9754bc2dd_high_performance_2017612701781458944,MIX_AIV,13,128,9.900,1790766284718490.842	,1790766284718500.742	
0,Cast_e87590d11ccda8b259ab6b1ea7212319_high_performance_210000000,AI_VECTOR_CORE,13,129,1.900,1790766284718501.802	,1790766284718503.702	
0,Cast_39a266ce9a8d7d9ead33f6686e936b72_high_performance_210000000,AI_VECTOR_CORE,13,130,2.160,1790766284718503.722	,1790766284718505.882	
0,_expand_pool_indices,AI_VECTOR_CORE,13,131,16.240,1790766284718505.922	,1790766284718522.162	
0,Slice_b9b91ad79a469f7fcff72949705be0f9_high_performance_521000000,AI_VECTOR_CORE,13,132,1.980,1790766284718522.182	,1790766284718524.162	
0,SparseFlashAttention_2e25ad8fefac1f04c03bd78f2d2ab366_1158,MIX_AIC,13,133,33.140,1790766284718525.622	,1790766284718558.763	
0,N/A,EVENT_WAIT,45,313,1812.316,1790766284718559.423	,1790766284720371.739	
0,TransposeBatchMatMul_ND_ND_ND_ND_ND_BF16_BF16_BF16_INT64_BF16_high_performance_32,AI_CORE,13,134,24.360,1790766284718559.763	,1790766284718584.123	
0,MatMulV2_ND_ND_FP16_FP16_false_true_all_98513,AI_CORE,13,135,134.962,1790766284718584.143	,1790766284718719.106	
0,N/A,MEMCPY_ASYNC,13,136,0.600,1790766284718719.146	,1790766284718719.746	
0,HcPost_d2fe6614722b27afa6f8d964c215447e_0,AI_VECTOR_CORE,13,137,8.340,1790766284718719.766	,1790766284718728.106	
0,HcPre_6c9f0fa710253eff38b1c0e6be6a67be_0,MIX_AIC,13,138,29.660,1790766284718729.306	,1790766284718758.967	
0,RmsNorm_normal_all_bf16_high_performance_0,AI_VECTOR_CORE,13,139,5.300,1790766284718759.787	,1790766284718765.087	
0,N/A,EVENT_RECORD,13,140,0.020,1790766284718765.107	,1790766284718765.127	
0,Cast_b2717900ea7de2d41ea9c63d23aa269b_high_performance_210000000,AI_VECTOR_CORE,13,141,3.460,1790766284718765.147	,1790766284718768.607	
0,MatMulV2_ND_ND_FP32_FP32_false_true_all_65665,AI_CORE,13,142,5.920,1790766284718768.627	,1790766284718774.547	
0,N/A,EVENT_RECORD,13,143,0.020,1790766284718774.567	,1790766284718774.587	
0,MoeGatingTopK_81369a2fa0455f39b5d19d432d261f57_1,AI_VECTOR_CORE,13,144,5.360,1790766284718774.607	,1790766284718779.967	
0,N/A,EVENT_RECORD,13,145,0.020,1790766284718779.987	,1790766284718780.007	
0,MoeInitRoutingV3_4ca8d2d329b4477b44dd2ee885849b12_2100000,MIX_AIV,13,146,14.000,1790766284718781.267	,1790766284718795.268	
0,GroupedMatmul_0d2d43751f81d7f29646a862147967c9_68885275,MIX_AIC,13,147,203.564,1790766284718798.328	,1790766284719001.892	
0,Slice_ee29dafe4fe21e12bb8d56ae91626cba_high_performance_524000000,AI_VECTOR_CORE,13,148,2.640,1790766284719002.752	,1790766284719005.392	
0,ClipByValueV2_e87c9546cf2804355cf0d9445a2db01a_high_performance_220000000,AI_VECTOR_CORE,13,149,10.560,1790766284719005.412	,1790766284719015.972	
0,ViewCopy_7778b2d0a2938f9247cc0c9f84559eb2_high_performance__kernel0,AI_VECTOR_CORE,13,150,10.060,1790766284719015.992	,1790766284719026.052	
0,Slice_ee29dafe4fe21e12bb8d56ae91626cba_high_performance_524000000,AI_VECTOR_CORE,13,151,2.440,1790766284719026.072	,1790766284719028.512	
0,ClipByValueV2_e87c9546cf2804355cf0d9445a2db01a_high_performance_220000000,AI_VECTOR_CORE,13,152,6.260,1790766284719028.532	,1790766284719034.792	
0,ViewCopy_7778b2d0a2938f9247cc0c9f84559eb2_high_performance__kernel0,AI_VECTOR_CORE,13,153,8.980,1790766284719034.812	,1790766284719043.793	
0,SwiGlu_3_high_performance_27,AI_VECTOR_CORE,13,154,7.320,1790766284719043.813	,1790766284719051.133	
0,N/A,EVENT_RECORD,13,155,0.020,1790766284719051.153	,1790766284719051.173	
0,GroupedMatmul_0d2d43751f81d7f29646a862147967c9_68885275,MIX_AIC,13,156,97.681,1790766284719052.133	,1790766284719149.815	
0,N/A,EVENT_RECORD,13,157,0.020,1790766284719150.955	,1790766284719150.975	
0,Cast_9f288b80370c6545ffe8cef142d37f5c_high_performance_210000000,AI_VECTOR_CORE,13,158,1.280,1790766284719150.995	,1790766284719152.275	
0,Abs_8098b79498645e9c0da095babdeaf862_high_performance_210000000,AI_VECTOR_CORE,13,159,1.520,1790766284719152.315	,1790766284719153.835	
0,MoeTokenUnpermute_6dd49246dc9576d3314234df69cb5c22_1,AI_VECTOR_CORE,13,160,4.620,1790766284719153.875	,1790766284719158.495	
0,MatMulV2_ND_ND_FP16_FP16_false_true_all_98499,AI_CORE,13,161,30.560,1790766284719158.515	,1790766284719189.075	
0,Slice_ee29dafe4fe21e12bb8d56ae91626cba_high_performance_524000000,AI_VECTOR_CORE,13,162,1.800,1790766284719189.095	,1790766284719190.896	
0,ClipByValueV2_e87c9546cf2804355cf0d9445a2db01a_high_performance_220000000,AI_VECTOR_CORE,13,163,2.120,1790766284719190.916	,1790766284719193.036	
0,Slice_ee29dafe4fe21e12bb8d56ae91626cba_high_performance_524000000,AI_VECTOR_CORE,13,164,1.380,1790766284719193.056	,1790766284719194.436	
0,ClipByValueV2_e87c9546cf2804355cf0d9445a2db01a_high_performance_220000000,AI_VECTOR_CORE,13,165,2.560,1790766284719194.456	,1790766284719197.016	
0,Muls_299cf4d7f9ef0f745d89d88c666b45aa_high_performance_210000000,AI_VECTOR_CORE,13,166,2.100,1790766284719197.036	,1790766284719199.136	
0,Sigmoid_1c4543fdfe7149b6b0717bd88f061562_high_precision_210000000,AI_VECTOR_CORE,13,167,3.120,1790766284719199.156	,1790766284719202.276	
0,Mul_ce3d1ff8ba23a0bcb292da3577c1625d_high_performance_210020000,AI_VECTOR_CORE,13,168,2.520,1790766284719202.296	,1790766284719204.816	
0,Add_ce3d1ff8ba23a0bcb292da3577c1625d_high_performance_223000000,AI_VECTOR_CORE,13,169,2.640,1790766284719204.856	,1790766284719207.496	
0,Mul_ce3d1ff8ba23a0bcb292da3577c1625d_high_performance_210020000,AI_VECTOR_CORE,13,170,2.600,1790766284719207.516	,1790766284719210.116	
0,MatMulV2_ND_ND_FP16_FP16_false_true_all_98499,AI_CORE,13,171,19.200,1790766284719210.136	,1790766284719229.336	
0,ForeachAddList_c73cb8f503197be65eaf63148ad48de4_high_performance_4,AI_VECTOR_CORE,13,172,14.600,1790766284719229.356	,1790766284719243.957	
0,HcPost_d2fe6614722b27afa6f8d964c215447e_0,AI_VECTOR_CORE,13,173,6.480,1790766284719243.977	,1790766284719250.457	
0,ReduceMean_9a2479d4dc5148645cb3f4b9e765c637_high_precision_2100900,MIX_AIV,13,174,11.380,1790766284719251.577	,1790766284719262.957	
0,RmsNorm_normal_all_bf16_high_performance_0,AI_VECTOR_CORE,13,175,3.720,1790766284719263.757	,1790766284719267.477	
0,N/A,EVENT_RESET,13,176,0.100,1790766284719267.497	,1790766284719267.597	
0,N/A,EVENT_RESET,13,177,0.100,1790766284719267.617	,1790766284719267.717	
0,N/A,EVENT_RESET,13,178,0.080,1790766284719267.737	,1790766284719267.817	
0,N/A,EVENT_RESET,13,179,0.080,1790766284719267.857	,1790766284719267.937	
0,N/A,EVENT_RESET,13,180,0.100,1790766284719267.977	,1790766284719268.077	
0,N/A,NOTIFY_RECORD,13,181,0.020,1790766284719268.097	,1790766284719268.117	
0,IndexCheck_int32_high_performance_1,AI_VECTOR_CORE,47,5257,3.460,1790766284719268.657	,1790766284719272.117	
0,Index_b1b18d29d34a3b544b5bb6b3f56177c3_high_performance__kernel0,AI_VECTOR_CORE,47,5258,8.380,1790766284719272.137	,1790766284719280.517	
0,MatMulV2_ND_ND_FP16_FP16_false_true_all_98499,AI_CORE,47,5259,908.518,1790766284719280.537	,1790766284720189.055	
0,Cast_b2717900ea7de2d41ea9c63d23aa269b_high_performance_210000000,AI_VECTOR_CORE,47,5260,7.760,1790766284720189.075	,1790766284720196.836	
0,LogSoftmaxV2_291664ae3e88b38b8b46c2efbbea27c9_high_precision_400001,AI_VECTOR_CORE,47,5261,44.660,1790766284720196.856	,1790766284720241.517	
0,Cast_b2717900ea7de2d41ea9c63d23aa269b_high_performance_210000000,AI_VECTOR_CORE,47,5262,3.220,1790766284720241.537	,1790766284720244.757	
0,ArgMaxV2_4402011f777d6374ab9f6425cb5984c4_high_performance_3,AI_VECTOR_CORE,47,5263,19.720,1790766284720244.797	,1790766284720264.517	
0,Cast_e87590d11ccda8b259ab6b1ea7212319_high_performance_210000000,AI_VECTOR_CORE,47,5264,1.320,1790766284720264.557	,1790766284720265.877	
0,TopKV2_5c671486fda0d949d7cba9a9754bc2dd_high_performance_2017612907943034881,MIX_AIV,47,5265,31.880,1790766284720266.757	,1790766284720298.638	
0,TopKV2_5c671486fda0d949d7cba9a9754bc2dd_high_performance_2017612701781458944,MIX_AIV,47,5266,4.220,1790766284720301.538	,1790766284720305.758	
0,GatherElements_8b4ec10fbb39c5c0a65192c606400b29_high_performance__kernel0,AI_VECTOR_CORE,47,5267,4.060,1790766284720306.998	,1790766284720311.058	
0,Cast_e87590d11ccda8b259ab6b1ea7212319_high_performance_210000000,AI_VECTOR_CORE,47,5268,1.180,1790766284720311.078	,1790766284720312.258	
0,Cast_39a266ce9a8d7d9ead33f6686e936b72_high_performance_210000000,AI_VECTOR_CORE,47,5269,1.440,1790766284720312.278	,1790766284720313.718	
0,GatherElementsV2_fp32_high_performance_2,AI_VECTOR_CORE,47,5270,4.300,1790766284720313.738	,1790766284720318.038	
0,GreaterEqual_3efaad932f458d7892fdb0715ec85b2b_high_performance_212000002,AI_VECTOR_CORE,47,5271,10.760,1790766284720318.058	,1790766284720328.818	
0,Cast_df2b778f1b80e749bd4242386ec57ab9_high_performance_210000000,AI_VECTOR_CORE,47,5272,6.900,1790766284720328.858	,1790766284720335.758	
0,ReduceSum_7a09f5b7af4126487a7f726a9aac7548_high_performance_110001000400,MIX_AIV,47,5273,23.560,1790766284720336.778	,1790766284720360.339	
0,Cast_c6738f795430c3c6f09cdc8d52a1b43d_high_performance_210000000,AI_VECTOR_CORE,47,5274,1.360,1790766284720361.139	,1790766284720362.499	
0,ConcatD_0d745295987e1c668b2ec8b2844aeada_high_performance_0,AI_VECTOR_CORE,47,5275,3.200,1790766284720362.519	,1790766284720365.719	
0,ConcatD_233851a3505389e43928a8bba133a74d_high_performance_0,AI_VECTOR_CORE,47,5276,2.480,1790766284720365.739	,1790766284720368.219	
0,Cast_39a266ce9a8d7d9ead33f6686e936b72_high_performance_210000000,AI_VECTOR_CORE,47,5277,1.500,1790766284720368.239	,1790766284720369.739	
0,Cast_39a266ce9a8d7d9ead33f6686e936b72_high_performance_210000000,AI_VECTOR_CORE,47,5278,1.440,1790766284720369.759	,1790766284720371.199	
0,N/A,EVENT_RECORD,47,5279,0.020,1790766284720371.219	,1790766284720371.239	
0,N/A,EVENT_RECORD,47,5280,0.000,1790766284720371.279	,1790766284720371.279	
0,N/A,MEMCPY_ASYNC,45,314,2.080,1790766284720371.759	,1790766284720373.839	
0,N/A,MEMCPY_ASYNC,45,315,2.160,1790766284720373.999	,1790766284720376.159	
0,N/A,MEMCPY_ASYNC,45,316,2.060,1790766284720376.319	,1790766284720378.379	
0,N/A,MEMCPY_ASYNC,45,317,2.180,1790766284720378.539	,1790766284720380.719	
0,N/A,EVENT_RECORD,45,318,0.020,1790766284720380.879	,1790766284720380.899	
0,N/A,EVENT_RECORD,45,319,0.000,1790766284720380.919	,1790766284720380.919	
0,N/A,EVENT_RECORD,45,320,0.020,1790766284720574.443	,1790766284720574.463	
0,N/A,EVENT_RECORD,45,321,0.000,1790766284720889.009	,1790766284720889.009	
0,N/A,EVENT_RECORD,45,322,0.020,1790766284720992.612	,1790766284720992.632	
0,N/A,MEMCPY_ASYNC,47,5281,2.560,1790766284721216.716	,1790766284721219.276	
0,N/A,MEMCPY_ASYNC,47,5282,2.500,1790766284721283.877	,1790766284721286.377	
0,N/A,MEMCPY_ASYNC,47,5283,2.260,1790766284721379.759	,1790766284721382.019	
0,N/A,MEMCPY_ASYNC,47,5284,2.500,1790766284721445.361	,1790766284721447.861	
0,N/A,MEMCPY_ASYNC,47,5285,2.200,1790766284721521.962	,1790766284721524.162	
0,N/A,MEMCPY_ASYNC,47,5286,2.360,1790766284721802.388	,1790766284721804.748	
0,N/A,MEMCPY_ASYNC,47,5287,2.260,1790766284721986.431	,1790766284721988.691	
0,N/A,MEMCPY_ASYNC,47,5288,2.340,1790766284722036.752	,1790766284722039.092	
0,Fill_1fbc7ee619b707282bbfd034093621df_high_performance_223000000,AI_VECTOR_CORE,47,5289,1.480,1790766284722214.156	,1790766284722215.636	
0,N/A,MEMCPY_ASYNC,47,5290,2.400,1790766284722409.760	,1790766284722412.160	
0,N/A,EVENT_RECORD,47,5291,0.000,1790766284722427.860	,1790766284722427.860	
0,N/A,MEMCPY_ASYNC,47,5292,2.240,1790766284722539.502	,1790766284722541.742	
0,N/A,EVENT_RECORD,47,5293,0.020,1790766284722557.743	,1790766284722557.763	
0,IndexCheck_int64_high_performance_0,AI_VECTOR_CORE,47,5294,3.240,1790766284722665.125	,1790766284722668.365	
0,Index_f34e8f0e5e2c96109aa0460550023804_high_performance__kernel0,AI_VECTOR_CORE,47,5295,8.340,1790766284722668.385	,1790766284722676.725	
0,LinearIndex_b3652dcd59e01dda770dd59c2aa36b23_high_performance_2,AI_VECTOR_CORE,47,5296,1.940,1790766284722957.451	,1790766284722959.391	
0,ScatterElementsV2_0de125c91e7c25d3e6b4f766a3ca960a_high_performance_1,MIX_AIV,47,5297,2.200,1790766284723002.112	,1790766284723004.312	
0,N/A,MEMCPY_ASYNC,47,5298,2.360,1790766284723194.236	,1790766284723196.596	
0,Fill_1fbc7ee619b707282bbfd034093621df_high_performance_223000000,AI_VECTOR_CORE,47,5299,1.400,1790766284723237.516	,1790766284723238.916	
0,N/A,MEMCPY_ASYNC,47,5300,2.500,1790766284723306.838	,1790766284723309.338	
0,N/A,MEMCPY_ASYNC,47,5301,2.380,1790766284723395.860	,1790766284723398.240	
0,N/A,MEMCPY_ASYNC,47,5302,2.380,1790766284723481.661	,1790766284723484.041	
0,N/A,MEMCPY_ASYNC,47,5303,2.400,1790766284723568.323	,1790766284723570.723	
0,IndexCheck_int64_high_performance_0,AI_VECTOR_CORE,47,5304,2.420,1790766284723677.505	,1790766284723679.925	
0,Index_f34e8f0e5e2c96109aa0460550023804_high_performance__kernel0,AI_VECTOR_CORE,47,5305,6.080,1790766284723679.945	,1790766284723686.025	
0,Cast_e87590d11ccda8b259ab6b1ea7212319_high_performance_210000000,AI_VECTOR_CORE,47,5306,1.440,1790766284723772.207	,1790766284723773.647	
0,Add_41dadce325b0f810d03359af2a38990b_high_performance_210000000,AI_VECTOR_CORE,47,5307,2.680,1790766284723846.669	,1790766284723849.349	
0,N/A,MEMCPY_ASYNC,47,5308,0.560,1790766284723993.611	,1790766284723994.171	
0,Add_9342884c99c006e21fc9d5d9260b8bef_high_performance_210000000,AI_VECTOR_CORE,47,5309,1.540,1790766284724068.073	,1790766284724069.613	
0,N/A,MEMCPY_ASYNC,47,5310,0.600,1790766284724155.515	,1790766284724156.115	
0,Fill_1fbc7ee619b707282bbfd034093621df_high_performance_223000000,AI_VECTOR_CORE,47,5311,1.540,1790766284724230.476	,1790766284724232.016	
0,_compute_slot_mapping_fused_groups_adaptive_kernel,AI_VECTOR_CORE,47,5312,4.340,1790766284724674.265	,1790766284724678.605	
0,Sub_9342884c99c006e21fc9d5d9260b8bef_high_performance_223000000,AI_VECTOR_CORE,47,5313,1.480,1790766284724829.208	,1790766284724830.688	
0,N/A,MEMCPY_ASYNC,47,5314,2.280,1790766284725198.776	,1790766284725201.056	
0,Cast_e87590d11ccda8b259ab6b1ea7212319_high_performance_210000000,AI_VECTOR_CORE,47,5315,1.320,1790766284725935.290	,1790766284725936.610	
0,FloorDiv_41dadce325b0f810d03359af2a38990b_high_performance_223000000,AI_VECTOR_CORE,47,5316,4.320,1790766284725937.630	,1790766284725941.950	
0,Cast_39a266ce9a8d7d9ead33f6686e936b72_high_performance_210000000,AI_VECTOR_CORE,47,5317,1.440,1790766284725941.990	,1790766284725943.430	
0,N/A,MEMCPY_ASYNC,47,5318,0.580,1790766284726087.613	,1790766284726088.193	
0,Cast_e87590d11ccda8b259ab6b1ea7212319_high_performance_210000000,AI_VECTOR_CORE,47,5319,1.280,1790766284726190.315	,1790766284726191.595	
0,GreaterEqual_1ea4da630f56dc1c2d6e7c9a9dd17b11_high_performance_223000000,AI_VECTOR_CORE,47,5320,2.940,1790766284726192.175	,1790766284726195.115	
0,Add_41dadce325b0f810d03359af2a38990b_high_performance_223000000,AI_VECTOR_CORE,47,5321,2.860,1790766284726242.516	,1790766284726245.376	
0,BroadcastTo_41dadce325b0f810d03359af2a38990b_high_performance_232000000,AI_VECTOR_CORE,47,5322,1.680,1790766284726300.598	,1790766284726302.278	
0,FloorMod_41dadce325b0f810d03359af2a38990b_high_precision_210000000,AI_VECTOR_CORE,47,5323,2.000,1790766284726302.298	,1790766284726304.298	
0,Equal_1ea4da630f56dc1c2d6e7c9a9dd17b11_high_performance_223000000,AI_VECTOR_CORE,47,5324,2.380,1790766284726335.118	,1790766284726337.498	
0,LogicalAnd_91d2a3cdd75d915a368582ec5f440af1_high_performance_210000000,AI_VECTOR_CORE,47,5325,1.460,1790766284726387.259	,1790766284726388.719	
0,ClipByValueV2_3bc53d14ff7dfecd0ed0c69136ab471a_high_performance_220000000,AI_VECTOR_CORE,47,5326,2.940,1790766284726429.220	,1790766284726432.160	
0,Cast_e87590d11ccda8b259ab6b1ea7212319_high_performance_210000000,AI_VECTOR_CORE,47,5327,1.200,1790766284726498.262	,1790766284726499.462	
0,FloorDiv_41dadce325b0f810d03359af2a38990b_high_performance_223000000,AI_VECTOR_CORE,47,5328,1.720,1790766284726499.762	,1790766284726501.482	
0,Cast_39a266ce9a8d7d9ead33f6686e936b72_high_performance_210000000,AI_VECTOR_CORE,47,5329,1.320,1790766284726501.502	,1790766284726502.822	
0,BroadcastTo_c71434db8135ff9089d65053721e3417_high_performance_232000000,AI_VECTOR_CORE,47,5330,1.480,1790766284726544.922	,1790766284726546.402	
0,FloorMod_9342884c99c006e21fc9d5d9260b8bef_high_precision_210000000,AI_VECTOR_CORE,47,5331,3.180,1790766284726550.663	,1790766284726553.843	
0,Mul_9342884c99c006e21fc9d5d9260b8bef_high_performance_223000000,AI_VECTOR_CORE,47,5332,1.500,1790766284726605.044	,1790766284726606.544	
0,Cast_e87590d11ccda8b259ab6b1ea7212319_high_performance_210000000,AI_VECTOR_CORE,47,5333,1.280,1790766284726657.625	,1790766284726658.905	
0,FloorDiv_41dadce325b0f810d03359af2a38990b_high_performance_223000000,AI_VECTOR_CORE,47,5334,1.740,1790766284726658.965	,1790766284726660.705	
0,Cast_39a266ce9a8d7d9ead33f6686e936b72_high_performance_210000000,AI_VECTOR_CORE,47,5335,1.200,1790766284726670.805	,1790766284726672.005	
0,Add_9342884c99c006e21fc9d5d9260b8bef_high_performance_210000000,AI_VECTOR_CORE,47,5336,1.280,1790766284726684.685	,1790766284726685.965	
0,Fill_1fbc7ee619b707282bbfd034093621df_high_performance_223000000,AI_VECTOR_CORE,47,5337,1.180,1790766284726755.767	,1790766284726756.947	
0,SelectV2_9bb0969ab50036eba4428cd9974a5c0b_high_performance_210000000,AI_VECTOR_CORE,47,5338,2.060,1790766284726797.788	,1790766284726799.848	
0,Cast_e87590d11ccda8b259ab6b1ea7212319_high_performance_210000000,AI_VECTOR_CORE,47,5339,1.160,1790766284726840.208	,1790766284726841.368	
0,Cast_e87590d11ccda8b259ab6b1ea7212319_high_performance_210000000,AI_VECTOR_CORE,47,5340,1.240,1790766284726937.530	,1790766284726938.770	
0,FloorDiv_41dadce325b0f810d03359af2a38990b_high_performance_223000000,AI_VECTOR_CORE,47,5341,1.840,1790766284726938.970	,1790766284726940.810	
0,Cast_39a266ce9a8d7d9ead33f6686e936b72_high_performance_210000000,AI_VECTOR_CORE,47,5342,1.320,1790766284726940.830	,1790766284726942.150	
0,N/A,MEMCPY_ASYNC,47,5343,0.600,1790766284727072.853	,1790766284727073.453	
0,N/A,MEMCPY_ASYNC,47,5344,0.620,1790766284727158.815	,1790766284727159.435	
0,N/A,MEMCPY_ASYNC,47,5345,0.800,1790766284728174.455	,1790766284728175.255	
0,N/A,MEMCPY_ASYNC,47,5346,0.640,1790766284728346.998	,1790766284728347.638	
0,N/A,MEMCPY_ASYNC,47,5347,0.820,1790766284728552.823	,1790766284728553.643	
0,Sub_9342884c99c006e21fc9d5d9260b8bef_high_performance_210000000,AI_VECTOR_CORE,47,5348,1.480,1790766284728678.385	,1790766284728679.865	
0,N/A,MEMCPY_ASYNC,47,5349,0.600,1790766284729408.580	,1790766284729409.180	
0,N/A,MEMCPY_ASYNC,47,5350,0.600,1790766284729588.323	,1790766284729588.923	
0,N/A,MEMCPY_ASYNC,47,5351,0.640,1790766284729737.146	,1790766284729737.786	
0,Sub_9342884c99c006e21fc9d5d9260b8bef_high_performance_210000000,AI_VECTOR_CORE,47,5352,1.540,1790766284729816.268	,1790766284729817.808	
0,N/A,MEMCPY_ASYNC,47,5353,0.620,1790766284730489.621	,1790766284730490.241	
0,N/A,MEMCPY_ASYNC,47,5354,0.620,1790766284730663.345	,1790766284730663.965	
0,N/A,MEMCPY_ASYNC,47,5355,0.580,1790766284730814.708	,1790766284730815.288	
0,Sub_9342884c99c006e21fc9d5d9260b8bef_high_performance_210000000,AI_VECTOR_CORE,47,5356,1.600,1790766284730891.789	,1790766284730893.389	
0,N/A,EVENT_RECORD,47,5357,0.020,1790766284731152.115	,1790766284731152.135	
0,Fill_279daeaf6b659300647aba3935d90048_high_performance_210000000,AI_VECTOR_CORE,47,5358,1.600,1790766284731543.762	,1790766284731545.362	
0,Cast_a9b7af94359fc7c19da07ad0790f065c_high_performance_210000000,AI_VECTOR_CORE,47,5359,1.520,1790766284731583.023	,1790766284731584.543	
0,BroadcastTo_c71434db8135ff9089d65053721e3417_high_performance_232000000,AI_VECTOR_CORE,47,5360,1.320,1790766284731585.083	,1790766284731586.403	
0,Cast_9fc020fd54590bb5fe6cf6eabcf7b473_high_performance_210000000,AI_VECTOR_CORE,47,5361,1.380,1790766284731598.643	,1790766284731600.023	
0,Fill_279daeaf6b659300647aba3935d90048_high_performance_210000000,AI_VECTOR_CORE,47,5362,1.240,1790766284731629.404	,1790766284731630.644	
0,N/A,MODEL_EXECUTE,47,5363,85.281,1790766284732163.235	,1790766284732248.516	
0,Cast_e87590d11ccda8b259ab6b1ea7212319_high_performance_210000000,AI_VECTOR_CORE,12,0,1.140,1790766284732248.416	,1790766284732249.556	
0,GatherV2_7869a97190b9b4d296d9414a005b954b_high_precision_900015010,AI_VECTOR_CORE,12,1,2.760,1790766284732249.596	,1790766284732252.356	
0,BroadcastTo_7e5992d3033ef32a3463c5d198e518a1_high_performance_212100003,AI_VECTOR_CORE,12,2,6.320,1790766284732252.376	,1790766284732258.697	
0,HcPre_6c9f0fa710253eff38b1c0e6be6a67be_0,MIX_AIC,12,3,31.600,1790766284732260.157	,1790766284732291.757	
0,N/A,NOTIFY_WAIT,47,5364,3242.964,1790766284732260.697	,1790766284735503.661	
0,RmsNorm_normal_all_bf16_high_performance_0,AI_VECTOR_CORE,12,4,4.620,1790766284732293.057	,1790766284732297.677	
0,MatMulV2_ND_ND_FP16_FP16_false_true_all_98499,AI_CORE,12,5,164.963,1790766284732297.697	,1790766284732462.661	
0,Slice_ee29dafe4fe21e12bb8d56ae91626cba_high_performance_524000000,AI_VECTOR_CORE,12,6,1.800,1790766284732462.701	,1790766284732464.501	
0,MatMulV2_ND_ND_FP16_FP16_false_true_all_98325,AI_CORE,12,7,9.160,1790766284732464.541	,1790766284732473.701	
0,Slice_ee29dafe4fe21e12bb8d56ae91626cba_high_performance_524000000,AI_VECTOR_CORE,12,8,1.520,1790766284732473.721	,1790766284732475.241	
0,MatMulV2_ND_ND_FP16_FP16_false_true_all_98325,AI_CORE,12,9,7.300,1790766284732475.261	,1790766284732482.561	
0,ZerosLike_1c4543fdfe7149b6b0717bd88f061562_high_performance_210000000,AI_VECTOR_CORE,12,10,7.220,1790766284732482.581	,1790766284732489.801	
0,_copy_conv_state_kernel,AI_VECTOR_CORE,12,11,9.280,1790766284732489.821	,1790766284732499.101	
0,Slice_ee29dafe4fe21e12bb8d56ae91626cba_high_performance_524000000,AI_VECTOR_CORE,12,12,1.740,1790766284732499.121	,1790766284732500.861	
0,CausalConv1d_b0123b7fae3057c534dbb03661977c42_1,MIX_AIC,12,13,13.420,1790766284732501.861	,1790766284732515.282	
0,ViewCopy_7778b2d0a2938f9247cc0c9f84559eb2_high_performance__kernel0,AI_VECTOR_CORE,12,14,10.280,1790766284732516.482	,1790766284732526.762	
0,_copy_conv_state_kernel,AI_VECTOR_CORE,12,15,9.540,1790766284732526.782	,1790766284732536.322	
0,Slice_ee29dafe4fe21e12bb8d56ae91626cba_high_performance_524000000,AI_VECTOR_CORE,12,16,1.480,1790766284732536.342	,1790766284732537.822	
0,RecurrentKda_1ac9a791ca2957b2fe0a2e96909b5782_0,AI_VECTOR_CORE,12,17,44.580,1790766284732537.842	,1790766284732582.423	
0,_write_output,AI_VECTOR_CORE,12,18,2.840,1790766284732582.463	,1790766284732585.303	
0,layer_norm_gated_fwd_kernel,AI_VECTOR_CORE,12,19,3.560,1790766284732585.343	,1790766284732588.903	
0,MatMulV2_ND_ND_FP16_FP16_false_true_all_98499,AI_CORE,12,20,53.541,1790766284732588.923	,1790766284732642.464	
0,HcPost_d2fe6614722b27afa6f8d964c215447e_0,AI_VECTOR_CORE,12,21,7.480,1790766284732642.484	,1790766284732649.964	
0,HcPre_6c9f0fa710253eff38b1c0e6be6a67be_0,MIX_AIC,12,22,31.200,1790766284732650.864	,1790766284732682.065	
0,RmsNorm_normal_all_bf16_high_performance_0,AI_VECTOR_CORE,12,23,4.540,1790766284732683.205	,1790766284732687.745	
0,MatMulV2_ND_ND_FP16_FP16_false_true_all_98499,AI_CORE,12,24,166.243,1790766284732687.765	,1790766284732854.009	
0,Slice_ee29dafe4fe21e12bb8d56ae91626cba_high_performance_524000000,AI_VECTOR_CORE,12,25,1.960,1790766284732854.029	,1790766284732855.989	
0,ClipByValueV2_e87c9546cf2804355cf0d9445a2db01a_high_performance_220000000,AI_VECTOR_CORE,12,26,6.960,1790766284732856.029	,1790766284732862.989	
0,Slice_ee29dafe4fe21e12bb8d56ae91626cba_high_performance_524000000,AI_VECTOR_CORE,12,27,1.640,1790766284732863.009	,1790766284732864.649	
0,ClipByValueV2_e87c9546cf2804355cf0d9445a2db01a_high_performance_220000000,AI_VECTOR_CORE,12,28,5.480,1790766284732864.669	,1790766284732870.149	
0,Muls_299cf4d7f9ef0f745d89d88c666b45aa_high_performance_210000000,AI_VECTOR_CORE,12,29,4.680,1790766284732870.169	,1790766284732874.849	
0,Sigmoid_1c4543fdfe7149b6b0717bd88f061562_high_precision_210000000,AI_VECTOR_CORE,12,30,5.580,1790766284732874.869	,1790766284732880.449	
0,Mul_ce3d1ff8ba23a0bcb292da3577c1625d_high_performance_210020000,AI_VECTOR_CORE,12,31,6.180,1790766284732880.469	,1790766284732886.649	
0,Add_ce3d1ff8ba23a0bcb292da3577c1625d_high_performance_223000000,AI_VECTOR_CORE,12,32,4.740,1790766284732886.669	,1790766284732891.409	
0,Mul_ce3d1ff8ba23a0bcb292da3577c1625d_high_performance_210020000,AI_VECTOR_CORE,12,33,2.920,1790766284732891.429	,1790766284732894.349	
0,MatMulV2_ND_ND_FP16_FP16_false_true_all_98513,AI_CORE,12,34,103.062,1790766284732894.369	,1790766284732997.431	
0,HcPost_d2fe6614722b27afa6f8d964c215447e_0,AI_VECTOR_CORE,12,35,7.880,1790766284732997.451	,1790766284733005.332	
0,HcPre_6c9f0fa710253eff38b1c0e6be6a67be_0,MIX_AIC,12,36,30.000,1790766284733006.572	,1790766284733036.572	
0,RmsNorm_normal_all_bf16_high_performance_0,AI_VECTOR_CORE,12,37,4.880,1790766284733037.652	,1790766284733042.532	
0,MatMulV2_ND_ND_FP16_FP16_false_true_all_98499,AI_CORE,12,38,158.823,1790766284733042.552	,1790766284733201.375	
0,Slice_ee29dafe4fe21e12bb8d56ae91626cba_high_performance_524000000,AI_VECTOR_CORE,12,39,2.080,1790766284733201.395	,1790766284733203.475	
0,MatMulV2_ND_ND_FP16_FP16_false_true_all_98325,AI_CORE,12,40,8.480,1790766284733203.495	,1790766284733211.976	
0,Slice_ee29dafe4fe21e12bb8d56ae91626cba_high_performance_524000000,AI_VECTOR_CORE,12,41,1.740,1790766284733211.996	,1790766284733213.736	
0,MatMulV2_ND_ND_FP16_FP16_false_true_all_98325,AI_CORE,12,42,7.780,1790766284733213.756	,1790766284733221.536	
0,ZerosLike_1c4543fdfe7149b6b0717bd88f061562_high_performance_210000000,AI_VECTOR_CORE,12,43,7.220,1790766284733221.556	,1790766284733228.776	
0,_copy_conv_state_kernel,AI_VECTOR_CORE,12,44,9.680,1790766284733228.816	,1790766284733238.496	
0,Slice_ee29dafe4fe21e12bb8d56ae91626cba_high_performance_524000000,AI_VECTOR_CORE,12,45,1.900,1790766284733238.536	,1790766284733240.436	
0,CausalConv1d_b0123b7fae3057c534dbb03661977c42_1,MIX_AIC,12,46,13.500,1790766284733241.396	,1790766284733254.897	
0,ViewCopy_7778b2d0a2938f9247cc0c9f84559eb2_high_performance__kernel0,AI_VECTOR_CORE,12,47,8.980,1790766284733255.997	,1790766284733264.977	
0,_copy_conv_state_kernel,AI_VECTOR_CORE,12,48,9.400,1790766284733264.997	,1790766284733274.397	
0,Slice_ee29dafe4fe21e12bb8d56ae91626cba_high_performance_524000000,AI_VECTOR_CORE,12,49,1.640,1790766284733274.417	,1790766284733276.057	
0,RecurrentKda_1ac9a791ca2957b2fe0a2e96909b5782_0,AI_VECTOR_CORE,12,50,52.941,1790766284733276.077	,1790766284733329.018	
0,_write_output,AI_VECTOR_CORE,12,51,2.780,1790766284733329.038	,1790766284733331.818	
0,layer_norm_gated_fwd_kernel,AI_VECTOR_CORE,12,52,3.500,1790766284733331.838	,1790766284733335.338	
0,MatMulV2_ND_ND_FP16_FP16_false_true_all_98499,AI_CORE,12,53,64.961,1790766284733335.358	,1790766284733400.319	
0,HcPost_d2fe6614722b27afa6f8d964c215447e_0,AI_VECTOR_CORE,12,54,7.680,1790766284733400.339	,1790766284733408.020	
0,HcPre_6c9f0fa710253eff38b1c0e6be6a67be_0,MIX_AIC,12,55,32.520,1790766284733408.960	,1790766284733441.480	
0,RmsNorm_normal_all_bf16_high_performance_0,AI_VECTOR_CORE,12,56,4.700,1790766284733442.520	,1790766284733447.220	
0,MatMulV2_ND_ND_FP16_FP16_false_true_all_98499,AI_CORE,12,57,170.783,1790766284733447.260	,1790766284733618.044	
0,Slice_ee29dafe4fe21e12bb8d56ae91626cba_high_performance_524000000,AI_VECTOR_CORE,12,58,2.340,1790766284733618.064	,1790766284733620.404	
0,ClipByValueV2_e87c9546cf2804355cf0d9445a2db01a_high_performance_220000000,AI_VECTOR_CORE,12,59,7.060,1790766284733620.424	,1790766284733627.484	
0,Slice_ee29dafe4fe21e12bb8d56ae91626cba_high_performance_524000000,AI_VECTOR_CORE,12,60,1.800,1790766284733627.504	,1790766284733629.304	
0,ClipByValueV2_e87c9546cf2804355cf0d9445a2db01a_high_performance_220000000,AI_VECTOR_CORE,12,61,6.060,1790766284733629.324	,1790766284733635.384	
0,Muls_299cf4d7f9ef0f745d89d88c666b45aa_high_performance_210000000,AI_VECTOR_CORE,12,62,4.860,1790766284733635.404	,1790766284733640.264	
0,Sigmoid_1c4543fdfe7149b6b0717bd88f061562_high_precision_210000000,AI_VECTOR_CORE,12,63,5.860,1790766284733640.284	,1790766284733646.144	
0,Mul_ce3d1ff8ba23a0bcb292da3577c1625d_high_performance_210020000,AI_VECTOR_CORE,12,64,5.900,1790766284733646.164	,1790766284733652.064	
0,Add_ce3d1ff8ba23a0bcb292da3577c1625d_high_performance_223000000,AI_VECTOR_CORE,12,65,4.880,1790766284733652.104	,1790766284733656.985	
0,Mul_ce3d1ff8ba23a0bcb292da3577c1625d_high_performance_210020000,AI_VECTOR_CORE,12,66,2.860,1790766284733657.025	,1790766284733659.885	
0,MatMulV2_ND_ND_FP16_FP16_false_true_all_98513,AI_CORE,12,67,100.382,1790766284733659.905	,1790766284733760.287	
0,HcPost_d2fe6614722b27afa6f8d964c215447e_0,AI_VECTOR_CORE,12,68,7.680,1790766284733760.307	,1790766284733767.987	
0,HcPre_6c9f0fa710253eff38b1c0e6be6a67be_0,MIX_AIC,12,69,28.600,1790766284733769.387	,1790766284733797.987	
0,RmsNorm_normal_all_bf16_high_performance_0,AI_VECTOR_CORE,12,70,4.800,1790766284733799.247	,1790766284733804.047	
0,MatMulV2_ND_ND_FP16_FP16_false_true_all_98499,AI_CORE,12,71,148.982,1790766284733804.067	,1790766284733953.050	
0,Slice_ee29dafe4fe21e12bb8d56ae91626cba_high_performance_524000000,AI_VECTOR_CORE,12,72,2.280,1790766284733953.070	,1790766284733955.351	
0,MatMulV2_ND_ND_FP16_FP16_false_true_all_98325,AI_CORE,12,73,8.540,1790766284733955.371	,1790766284733963.911	
0,Slice_ee29dafe4fe21e12bb8d56ae91626cba_high_performance_524000000,AI_VECTOR_CORE,12,74,1.580,1790766284733963.951	,1790766284733965.531	
0,MatMulV2_ND_ND_FP16_FP16_false_true_all_98325,AI_CORE,12,75,8.260,1790766284733965.571	,1790766284733973.831	
0,ZerosLike_1c4543fdfe7149b6b0717bd88f061562_high_performance_210000000,AI_VECTOR_CORE,12,76,7.280,1790766284733973.851	,1790766284733981.131	
0,_copy_conv_state_kernel,AI_VECTOR_CORE,12,77,9.520,1790766284733981.151	,1790766284733990.671	
0,Slice_ee29dafe4fe21e12bb8d56ae91626cba_high_performance_524000000,AI_VECTOR_CORE,12,78,1.700,1790766284733990.711	,1790766284733992.411	
0,CausalConv1d_b0123b7fae3057c534dbb03661977c42_1,MIX_AIC,12,79,12.680,1790766284733993.671	,1790766284734006.352	
0,ViewCopy_7778b2d0a2938f9247cc0c9f84559eb2_high_performance__kernel0,AI_VECTOR_CORE,12,80,8.520,1790766284734007.072	,1790766284734015.592	
0,_copy_conv_state_kernel,AI_VECTOR_CORE,12,81,9.460,1790766284734015.612	,1790766284734025.072	
0,Slice_ee29dafe4fe21e12bb8d56ae91626cba_high_performance_524000000,AI_VECTOR_CORE,12,82,1.600,1790766284734025.092	,1790766284734026.692	
0,RecurrentKda_1ac9a791ca2957b2fe0a2e96909b5782_0,AI_VECTOR_CORE,12,83,45.380,1790766284734026.732	,1790766284734072.113	
0,_write_output,AI_VECTOR_CORE,12,84,2.860,1790766284734072.133	,1790766284734074.993	
0,layer_norm_gated_fwd_kernel,AI_VECTOR_CORE,12,85,3.520,1790766284734075.013	,1790766284734078.533	
0,MatMulV2_ND_ND_FP16_FP16_false_true_all_98499,AI_CORE,12,86,59.321,1790766284734078.553	,1790766284734137.874	
0,HcPost_d2fe6614722b27afa6f8d964c215447e_0,AI_VECTOR_CORE,12,87,7.600,1790766284734137.914	,1790766284734145.514	
0,HcPre_6c9f0fa710253eff38b1c0e6be6a67be_0,MIX_AIC,12,88,32.440,1790766284734146.754	,1790766284734179.195	
0,RmsNorm_normal_all_bf16_high_performance_0,AI_VECTOR_CORE,12,89,4.800,1790766284734180.295	,1790766284734185.095	
0,MatMulV2_ND_ND_FP16_FP16_false_true_all_98499,AI_CORE,12,90,171.443,1790766284734185.115	,1790766284734356.559	
0,Slice_ee29dafe4fe21e12bb8d56ae91626cba_high_performance_524000000,AI_VECTOR_CORE,12,91,1.920,1790766284734356.579	,1790766284734358.499	
0,ClipByValueV2_e87c9546cf2804355cf0d9445a2db01a_high_performance_220000000,AI_VECTOR_CORE,12,92,7.120,1790766284734358.519	,1790766284734365.639	
0,Slice_ee29dafe4fe21e12bb8d56ae91626cba_high_performance_524000000,AI_VECTOR_CORE,12,93,1.680,1790766284734365.659	,1790766284734367.339	
0,ClipByValueV2_e87c9546cf2804355cf0d9445a2db01a_high_performance_220000000,AI_VECTOR_CORE,12,94,6.440,1790766284734367.359	,1790766284734373.799	
0,Muls_299cf4d7f9ef0f745d89d88c666b45aa_high_performance_210000000,AI_VECTOR_CORE,12,95,5.240,1790766284734373.819	,1790766284734379.059	
0,Sigmoid_1c4543fdfe7149b6b0717bd88f061562_high_precision_210000000,AI_VECTOR_CORE,12,96,5.680,1790766284734379.079	,1790766284734384.759	
0,Mul_ce3d1ff8ba23a0bcb292da3577c1625d_high_performance_210020000,AI_VECTOR_CORE,12,97,6.080,1790766284734384.779	,1790766284734390.859	
0,Add_ce3d1ff8ba23a0bcb292da3577c1625d_high_performance_223000000,AI_VECTOR_CORE,12,98,4.820,1790766284734390.879	,1790766284734395.699	
0,Mul_ce3d1ff8ba23a0bcb292da3577c1625d_high_performance_210020000,AI_VECTOR_CORE,12,99,2.900,1790766284734395.739	,1790766284734398.639	
0,MatMulV2_ND_ND_FP16_FP16_false_true_all_98513,AI_CORE,12,100,101.122,1790766284734398.659	,1790766284734499.781	
0,HcPost_d2fe6614722b27afa6f8d964c215447e_0,AI_VECTOR_CORE,12,101,7.780,1790766284734499.801	,1790766284734507.582	
0,HcPre_6c9f0fa710253eff38b1c0e6be6a67be_0,MIX_AIC,12,102,29.160,1790766284734508.642	,1790766284734537.802	
0,RmsNorm_normal_all_bf16_high_performance_0,AI_VECTOR_CORE,12,103,4.540,1790766284734538.542	,1790766284734543.082	
0,MatMulV2_ND_ND_FP16_FP16_false_true_all_98513,AI_CORE,12,104,18.580,1790766284734543.102	,1790766284734561.683	
0,Slice_ee29dafe4fe21e12bb8d56ae91626cba_high_performance_524000000,AI_VECTOR_CORE,12,105,1.640,1790766284734561.703	,1790766284734563.343	
0,RmsNorm_normal_all_bf16_high_performance_2,AI_VECTOR_CORE,12,106,5.680,1790766284734563.363	,1790766284734569.043	
0,Slice_ee29dafe4fe21e12bb8d56ae91626cba_high_performance_524000000,AI_VECTOR_CORE,12,107,1.520,1790766284734569.083	,1790766284734570.603	
0,RmsNorm_normal_all_bf16_high_performance_2,AI_VECTOR_CORE,12,108,4.440,1790766284734570.623	,1790766284734575.063	
0,ScatterNdUpdate_bfloat16_int32_high_precision_11,MIX_AIV,12,109,5.760,1790766284734576.083	,1790766284734581.843	
0,MatMulV2_ND_ND_FP16_FP16_false_true_all_98499,AI_CORE,12,110,45.740,1790766284734582.743	,1790766284734628.484	
0,N/A,EVENT_WAIT,39,33,1987.459,1790766284734598.303	,1790766284736585.763	
0,TransposeBatchMatMul_ND_ND_ND_ND_ND_BF16_BF16_BF16_INT64_BF16_high_performance_32,AI_CORE,12,111,25.140,1790766284734628.504	,1790766284734653.644	
0,Cast_b2717900ea7de2d41ea9c63d23aa269b_high_performance_210000000,AI_VECTOR_CORE,12,112,2.660,1790766284734653.664	,1790766284734656.325	
0,MatMulV2_ND_ND_FP32_FP32_false_true_all_65665,AI_CORE,12,113,9.500,1790766284734656.365	,1790766284734665.865	
0,Slice_82e6b4faea71b451f217d7ea57c08012_high_performance_524000000,AI_VECTOR_CORE,12,114,2.520,1790766284734665.885	,1790766284734668.405	
0,LayerNormV3_23ae115d70bd435e4cb966a52be97b55_high_precision_1600400500,AI_VECTOR_CORE,12,115,6.540,1790766284734668.445	,1790766284734674.985	
0,MatMulV2_ND_ND_FP32_FP32_false_true_all_65665,AI_CORE,12,116,8.740,1790766284734675.005	,1790766284734683.745	
0,MatMulV2_ND_ND_FP16_FP16_false_true_all_98499,AI_CORE,12,117,16.060,1790766284734683.765	,1790766284734699.825	
0,Slice_82e6b4faea71b451f217d7ea57c08012_high_performance_524000000,AI_VECTOR_CORE,12,118,1.500,1790766284734699.845	,1790766284734701.345	
0,Cast_9f288b80370c6545ffe8cef142d37f5c_high_performance_210000000,AI_VECTOR_CORE,12,119,1.220,1790766284734701.385	,1790766284734702.605	
0,Muls_299cf4d7f9ef0f745d89d88c666b45aa_high_performance_210000000,AI_VECTOR_CORE,12,120,1.240,1790766284734702.625	,1790766284734703.865	
0,_glm5_next_kpool_tail_compress_kernel,AI_VECTOR_CORE,12,121,6.460,1790766284734703.905	,1790766284734710.366	
0,_store_kpool_tail_kernel,AI_VECTOR_CORE,12,122,3.620,1790766284734710.386	,1790766284734714.006	
0,Cast_b2717900ea7de2d41ea9c63d23aa269b_high_performance_210000000,AI_VECTOR_CORE,12,123,2.280,1790766284734714.026	,1790766284734716.306	
0,Cast_b2717900ea7de2d41ea9c63d23aa269b_high_performance_210000000,AI_VECTOR_CORE,12,124,1.200,1790766284734716.326	,1790766284734717.526	
0,Mul_ee98c6628030785f610b924ab1557b31_high_performance_212000001,AI_VECTOR_CORE,12,125,9.460,1790766284734717.566	,1790766284734727.026	
0,ReduceSum_7a09f5b7af4126487a7f726a9aac7548_high_performance_10002100900,MIX_AIV,12,126,12.240,1790766284734728.046	,1790766284734740.286	
0,_glm5_next_lightning_indexer_score_kernel,AI_VECTOR_CORE,12,127,9.620,1790766284734741.426	,1790766284734751.046	
0,TopKV2_5c671486fda0d949d7cba9a9754bc2dd_high_performance_2017612701781458944,MIX_AIV,12,128,9.340,1790766284734752.186	,1790766284734761.527	
0,Cast_e87590d11ccda8b259ab6b1ea7212319_high_performance_210000000,AI_VECTOR_CORE,12,129,1.460,1790766284734762.547	,1790766284734764.007	
0,Cast_39a266ce9a8d7d9ead33f6686e936b72_high_performance_210000000,AI_VECTOR_CORE,12,130,1.600,1790766284734764.047	,1790766284734765.647	
0,_expand_pool_indices,AI_VECTOR_CORE,12,131,10.960,1790766284734765.667	,1790766284734776.627	
0,Slice_b9b91ad79a469f7fcff72949705be0f9_high_performance_521000000,AI_VECTOR_CORE,12,132,2.980,1790766284734776.647	,1790766284734779.627	
0,SparseFlashAttention_2e25ad8fefac1f04c03bd78f2d2ab366_1158,MIX_AIC,12,133,29.220,1790766284734780.987	,1790766284734810.208	
0,TransposeBatchMatMul_ND_ND_ND_ND_ND_BF16_BF16_BF16_INT64_BF16_high_performance_32,AI_CORE,12,134,21.440,1790766284734811.488	,1790766284734832.928	
0,MatMulV2_ND_ND_FP16_FP16_false_true_all_98513,AI_CORE,12,135,131.002,1790766284734832.948	,1790766284734963.951	
0,N/A,MEMCPY_ASYNC,12,136,0.580,1790766284734963.991	,1790766284734964.571	
0,HcPost_d2fe6614722b27afa6f8d964c215447e_0,AI_VECTOR_CORE,12,137,7.760,1790766284734964.591	,1790766284734972.351	
0,HcPre_6c9f0fa710253eff38b1c0e6be6a67be_0,MIX_AIC,12,138,34.240,1790766284734973.431	,1790766284735007.672	
0,N/A,EVENT_WAIT,45,323,1595.791,1790766284734990.171	,1790766284736585.963	
0,RmsNorm_normal_all_bf16_high_performance_0,AI_VECTOR_CORE,12,139,4.640,1790766284735008.792	,1790766284735013.432	
0,N/A,EVENT_RECORD,12,140,0.020,1790766284735013.452	,1790766284735013.472	
0,Cast_b2717900ea7de2d41ea9c63d23aa269b_high_performance_210000000,AI_VECTOR_CORE,12,141,2.400,1790766284735013.492	,1790766284735015.892	
0,MatMulV2_ND_ND_FP32_FP32_false_true_all_65665,AI_CORE,12,142,5.800,1790766284735015.912	,1790766284735021.712	
0,N/A,EVENT_RECORD,12,143,0.000,1790766284735021.752	,1790766284735021.752	
0,MoeGatingTopK_81369a2fa0455f39b5d19d432d261f57_1,AI_VECTOR_CORE,12,144,5.100,1790766284735021.792	,1790766284735026.892	
0,N/A,EVENT_RECORD,12,145,0.020,1790766284735026.912	,1790766284735026.932	
0,MoeInitRoutingV3_4ca8d2d329b4477b44dd2ee885849b12_2100000,MIX_AIV,12,146,10.940,1790766284735027.872	,1790766284735038.812	
0,GroupedMatmul_0d2d43751f81d7f29646a862147967c9_68885275,MIX_AIC,12,147,207.204,1790766284735041.872	,1790766284735249.076	
0,Slice_ee29dafe4fe21e12bb8d56ae91626cba_high_performance_524000000,AI_VECTOR_CORE,12,148,2.520,1790766284735249.916	,1790766284735252.436	
0,ClipByValueV2_e87c9546cf2804355cf0d9445a2db01a_high_performance_220000000,AI_VECTOR_CORE,12,149,8.140,1790766284735252.476	,1790766284735260.617	
0,ViewCopy_7778b2d0a2938f9247cc0c9f84559eb2_high_performance__kernel0,AI_VECTOR_CORE,12,150,9.720,1790766284735260.637	,1790766284735270.357	
0,Slice_ee29dafe4fe21e12bb8d56ae91626cba_high_performance_524000000,AI_VECTOR_CORE,12,151,1.620,1790766284735270.377	,1790766284735271.997	
0,ClipByValueV2_e87c9546cf2804355cf0d9445a2db01a_high_performance_220000000,AI_VECTOR_CORE,12,152,5.180,1790766284735272.037	,1790766284735277.217	
0,ViewCopy_7778b2d0a2938f9247cc0c9f84559eb2_high_performance__kernel0,AI_VECTOR_CORE,12,153,9.020,1790766284735277.237	,1790766284735286.257	
0,SwiGlu_3_high_performance_27,AI_VECTOR_CORE,12,154,5.740,1790766284735286.277	,1790766284735292.017	
0,N/A,EVENT_RECORD,12,155,0.020,1790766284735292.037	,1790766284735292.057	
0,GroupedMatmul_0d2d43751f81d7f29646a862147967c9_68885275,MIX_AIC,12,156,98.301,1790766284735293.357	,1790766284735391.659	
0,N/A,EVENT_RECORD,12,157,0.020,1790766284735392.819	,1790766284735392.839	
0,Cast_9f288b80370c6545ffe8cef142d37f5c_high_performance_210000000,AI_VECTOR_CORE,12,158,1.220,1790766284735392.859	,1790766284735394.079	
0,Abs_8098b79498645e9c0da095babdeaf862_high_performance_210000000,AI_VECTOR_CORE,12,159,1.520,1790766284735394.099	,1790766284735395.619	
0,MoeTokenUnpermute_6dd49246dc9576d3314234df69cb5c22_1,AI_VECTOR_CORE,12,160,4.140,1790766284735395.659	,1790766284735399.799	
0,MatMulV2_ND_ND_FP16_FP16_false_true_all_98499,AI_CORE,12,161,30.380,1790766284735399.819	,1790766284735430.200	
0,Slice_ee29dafe4fe21e12bb8d56ae91626cba_high_performance_524000000,AI_VECTOR_CORE,12,162,1.420,1790766284735430.240	,1790766284735431.660	
0,ClipByValueV2_e87c9546cf2804355cf0d9445a2db01a_high_performance_220000000,AI_VECTOR_CORE,12,163,1.840,1790766284735431.680	,1790766284735433.520	
0,Slice_ee29dafe4fe21e12bb8d56ae91626cba_high_performance_524000000,AI_VECTOR_CORE,12,164,1.480,1790766284735433.540	,1790766284735435.020	
0,ClipByValueV2_e87c9546cf2804355cf0d9445a2db01a_high_performance_220000000,AI_VECTOR_CORE,12,165,1.820,1790766284735435.060	,1790766284735436.880	
0,Muls_299cf4d7f9ef0f745d89d88c666b45aa_high_performance_210000000,AI_VECTOR_CORE,12,166,1.580,1790766284735436.900	,1790766284735438.480	
0,Sigmoid_1c4543fdfe7149b6b0717bd88f061562_high_precision_210000000,AI_VECTOR_CORE,12,167,2.020,1790766284735438.500	,1790766284735440.520	
0,Mul_ce3d1ff8ba23a0bcb292da3577c1625d_high_performance_210020000,AI_VECTOR_CORE,12,168,2.040,1790766284735440.540	,1790766284735442.580	
0,Add_ce3d1ff8ba23a0bcb292da3577c1625d_high_performance_223000000,AI_VECTOR_CORE,12,169,1.880,1790766284735442.600	,1790766284735444.480	
0,Mul_ce3d1ff8ba23a0bcb292da3577c1625d_high_performance_210020000,AI_VECTOR_CORE,12,170,1.760,1790766284735444.500	,1790766284735446.260	
0,MatMulV2_ND_ND_FP16_FP16_false_true_all_98499,AI_CORE,12,171,18.800,1790766284735446.280	,1790766284735465.081	
0,ForeachAddList_c73cb8f503197be65eaf63148ad48de4_high_performance_4,AI_VECTOR_CORE,12,172,14.520,1790766284735465.121	,1790766284735479.641	
0,HcPost_d2fe6614722b27afa6f8d964c215447e_0,AI_VECTOR_CORE,12,173,6.280,1790766284735479.661	,1790766284735485.941	
0,ReduceMean_9a2479d4dc5148645cb3f4b9e765c637_high_precision_2100900,MIX_AIV,12,174,11.100,1790766284735486.941	,1790766284735498.041	
0,RmsNorm_normal_all_bf16_high_performance_0,AI_VECTOR_CORE,12,175,3.440,1790766284735499.121	,1790766284735502.561	
0,N/A,EVENT_RESET,12,176,0.100,1790766284735502.581	,1790766284735502.681	
0,N/A,EVENT_RESET,12,177,0.100,1790766284735502.701	,1790766284735502.801	
0,N/A,EVENT_RESET,12,178,0.100,1790766284735502.821	,1790766284735502.921	
0,N/A,EVENT_RESET,12,179,0.080,1790766284735502.941	,1790766284735503.021	
0,N/A,EVENT_RESET,12,180,0.080,1790766284735503.061	,1790766284735503.141	
0,N/A,NOTIFY_RECORD,12,181,0.000,1790766284735503.181	,1790766284735503.181	
0,IndexCheck_int32_high_performance_1,AI_VECTOR_CORE,47,5365,3.360,1790766284735503.761	,1790766284735507.122	
0,Index_b1b18d29d34a3b544b5bb6b3f56177c3_high_performance__kernel0,AI_VECTOR_CORE,47,5366,8.140,1790766284735507.142	,1790766284735515.282	
0,MatMulV2_ND_ND_FP16_FP16_false_true_all_98499,AI_CORE,47,5367,898.337,1790766284735515.302	,1790766284736413.640	
0,Cast_b2717900ea7de2d41ea9c63d23aa269b_high_performance_210000000,AI_VECTOR_CORE,47,5368,7.740,1790766284736413.680	,1790766284736421.420	
0,LogSoftmaxV2_291664ae3e88b38b8b46c2efbbea27c9_high_precision_400001,AI_VECTOR_CORE,47,5369,44.600,1790766284736421.440	,1790766284736466.041	
0,Cast_b2717900ea7de2d41ea9c63d23aa269b_high_performance_210000000,AI_VECTOR_CORE,47,5370,2.760,1790766284736466.061	,1790766284736468.821	
0,ArgMaxV2_4402011f777d6374ab9f6425cb5984c4_high_performance_3,AI_VECTOR_CORE,47,5371,19.660,1790766284736468.861	,1790766284736488.521	
0,Cast_e87590d11ccda8b259ab6b1ea7212319_high_performance_210000000,AI_VECTOR_CORE,47,5372,1.500,1790766284736488.541	,1790766284736490.041	
0,TopKV2_5c671486fda0d949d7cba9a9754bc2dd_high_performance_2017612907943034881,MIX_AIV,47,5373,25.700,1790766284736491.421	,1790766284736517.122	
0,TopKV2_5c671486fda0d949d7cba9a9754bc2dd_high_performance_2017612701781458944,MIX_AIV,47,5374,4.140,1790766284736520.122	,1790766284736524.262	
0,GatherElements_8b4ec10fbb39c5c0a65192c606400b29_high_performance__kernel0,AI_VECTOR_CORE,47,5375,3.880,1790766284736524.962	,1790766284736528.842	
0,Cast_e87590d11ccda8b259ab6b1ea7212319_high_performance_210000000,AI_VECTOR_CORE,47,5376,1.200,1790766284736528.862	,1790766284736530.062	
0,Cast_39a266ce9a8d7d9ead33f6686e936b72_high_performance_210000000,AI_VECTOR_CORE,47,5377,1.760,1790766284736530.082	,1790766284736531.842	
0,GatherElementsV2_fp32_high_performance_2,AI_VECTOR_CORE,47,5378,3.940,1790766284736531.862	,1790766284736535.802	
0,GreaterEqual_3efaad932f458d7892fdb0715ec85b2b_high_performance_212000002,AI_VECTOR_CORE,47,5379,11.400,1790766284736535.822	,1790766284736547.222	
0,Cast_df2b778f1b80e749bd4242386ec57ab9_high_performance_210000000,AI_VECTOR_CORE,47,5380,6.920,1790766284736547.242	,1790766284736554.162	
0,ReduceSum_7a09f5b7af4126487a7f726a9aac7548_high_performance_110001000400,MIX_AIV,47,5381,18.860,1790766284736555.382	,1790766284736574.243	
0,Cast_c6738f795430c3c6f09cdc8d52a1b43d_high_performance_210000000,AI_VECTOR_CORE,47,5382,1.300,1790766284736575.503	,1790766284736576.803	
0,ConcatD_0d745295987e1c668b2ec8b2844aeada_high_performance_0,AI_VECTOR_CORE,47,5383,3.040,1790766284736576.843	,1790766284736579.883	
0,ConcatD_233851a3505389e43928a8bba133a74d_high_performance_0,AI_VECTOR_CORE,47,5384,2.700,1790766284736579.903	,1790766284736582.603	
0,Cast_39a266ce9a8d7d9ead33f6686e936b72_high_performance_210000000,AI_VECTOR_CORE,47,5385,1.220,1790766284736582.623	,1790766284736583.843	
0,Cast_39a266ce9a8d7d9ead33f6686e936b72_high_performance_210000000,AI_VECTOR_CORE,47,5386,1.420,1790766284736583.863	,1790766284736585.283	
0,N/A,EVENT_RECORD,47,5387,0.020,1790766284736585.303	,1790766284736585.323	
0,N/A,EVENT_RECORD,47,5388,0.020,1790766284736585.343	,1790766284736585.363	
0,N/A,MEMCPY_ASYNC,45,324,2.160,1790766284736586.003	,1790766284736588.163	
0,N/A,MEMCPY_ASYNC,45,325,2.040,1790766284736588.323	,1790766284736590.363	
0,N/A,MEMCPY_ASYNC,45,326,2.040,1790766284736590.503	,1790766284736592.543	
0,N/A,MEMCPY_ASYNC,45,327,1.940,1790766284736592.703	,1790766284736594.643	
0,N/A,EVENT_RECORD,45,328,0.020,1790766284736594.803	,1790766284736594.823	
0,N/A,EVENT_RECORD,45,329,0.020,1790766284736594.843	,1790766284736594.863	
0,N/A,EVENT_RECORD,45,330,0.000,1790766284736594.883	,1790766284736594.883	
0,N/A,EVENT_RECORD,45,331,0.000,1790766284736594.923	,1790766284736594.923	
0,N/A,EVENT_RECORD,45,332,0.020,1790766284736635.124	,1790766284736635.144	
0,N/A,EVENT_RECORD,47,5389,0.020,1790766284737490.501	,1790766284737490.521	
0,N/A,EVENT_RECORD,45,333,0.000,1790766284738101.133	,1790766284738101.133	
0,N/A,EVENT_RECORD,45,334,0.020,1790766284738232.136	,1790766284738232.156	
0,N/A,EVENT_RECORD,45,335,0.020,1790766284738233.696	,1790766284738233.716	
0,N/A,EVENT_RECORD,45,336,0.000,1790766284738265.557	,1790766284738265.557	
0,N/A,EVENT_RECORD,47,5390,0.020,1790766284739850.268	,1790766284739850.288	
0,N/A,PROFILING_DISABLE,48,11,0.000,1790766284746236.916	,1790766284746236.916	
