CMake Warning (author) at /mnt/workspace/mhc-validation-20260930/venv/lib/python3.12/site-packages/cmake/data/share/cmake-4.4/Modules/ExternalProject/shared_internal_commands.cmake:1277 (message):
  The DOWNLOAD_EXTRACT_TIMESTAMP option was not given and policy CMP0135 is
  not set.  The policy's OLD behavior will be used.  When using a URL
  download, the timestamps of extracted files should preferably be that of
  the time of extraction, otherwise code that depends on the extracted
  contents might not be rebuilt if the URL changes.  The OLD behavior
  preserves the timestamps from the archive instead, but this is usually not
  what you want.  Update your project to the NEW behavior or specify the
  DOWNLOAD_EXTRACT_TIMESTAMP option with a value of true to avoid this
  robustness issue.
Call Stack (most recent call first):
  /mnt/workspace/mhc-validation-20260930/venv/lib/python3.12/site-packages/cmake/data/share/cmake-4.4/Modules/ExternalProject.cmake:3283 (_ep_add_download_command)
  cmake/third_party/abseil-cpp.cmake:46 (ExternalProject_Add)
  CMakeLists.txt:129 (include)
This warning is for project developers.  Use -Wno-author to suppress it.

CMake Warning (author) at /mnt/workspace/mhc-validation-20260930/venv/lib/python3.12/site-packages/cmake/data/share/cmake-4.4/Modules/ExternalProject/shared_internal_commands.cmake:1277 (message):
  The DOWNLOAD_EXTRACT_TIMESTAMP option was not given and policy CMP0135 is
  not set.  The policy's OLD behavior will be used.  When using a URL
  download, the timestamps of extracted files should preferably be that of
  the time of extraction, otherwise code that depends on the extracted
  contents might not be rebuilt if the URL changes.  The OLD behavior
  preserves the timestamps from the archive instead, but this is usually not
  what you want.  Update your project to the NEW behavior or specify the
  DOWNLOAD_EXTRACT_TIMESTAMP option with a value of true to avoid this
  robustness issue.
Call Stack (most recent call first):
  /mnt/workspace/mhc-validation-20260930/venv/lib/python3.12/site-packages/cmake/data/share/cmake-4.4/Modules/ExternalProject.cmake:3283 (_ep_add_download_command)
  cmake/third_party/ascend_protobuf.cmake:47 (ExternalProject_Add)
  CMakeLists.txt:130 (include)
This warning is for project developers.  Use -Wno-author to suppress it.

CMake Warning (author) at /mnt/workspace/mhc-validation-20260930/venv/lib/python3.12/site-packages/cmake/data/share/cmake-4.4/Modules/FetchContent.cmake:1386 (message):
  The DOWNLOAD_EXTRACT_TIMESTAMP option was not given and policy CMP0135 is
  not set.  The policy's OLD behavior will be used.  When using a URL
  download, the timestamps of extracted files should preferably be that of
  the time of extraction, otherwise code that depends on the extracted
  contents might not be rebuilt if the URL changes.  The OLD behavior
  preserves the timestamps from the archive instead, but this is usually not
  what you want.  Update your project to the NEW behavior or specify the
  DOWNLOAD_EXTRACT_TIMESTAMP option with a value of true to avoid this
  robustness issue.
Call Stack (most recent call first):
  cmake/third_party/makeself-fetch.cmake:20 (FetchContent_Declare)
  CMakeLists.txt:132 (include)
This warning is for project developers.  Use -Wno-author to suppress it.

/mnt/workspace/hc-pre-reduction-20260930/peeled/csrc/cmake/scripts/util/ascendc_impl_build.py:212: SyntaxWarning: invalid escape sequence '\d'
  ascendc_api_version = re.findall(r"#define ASCENDC_API_VERSION (\d+)", ascendc_api_version_file.read())
[2026-09-30 14:03:45] [2026-09-30 14:03:45] Info: use CMake generator Ninja
[2026-09-30 14:03:45] /mnt/workspace/hc-pre-reduction-20260930/peeled/csrc/build/gen_bisheng_dir /mnt/workspace/hc-pre-reduction-20260930/peeled/csrc
[2026-09-30 14:03:45] /mnt/workspace/hc-pre-reduction-20260930/peeled/csrc
[2026-09-30 14:03:45] [2026-09-30 14:03:45] Info: cmake config generator=-G Ninja -DBUILD_OPEN_PROJECT=ON -DVENDOR_NAME=reduction_peeled -DASCEND_OP_NAME=hc_pre -DCANN_3RD_LIB_PATH=/mnt/workspace/hc-pre-reduction-20260930/peeled/csrc/third_party -DCUSTOM_ASCEND_CANN_PACKAGE_PATH=/mnt/workspace/mhc-validation-20260930/Ascend/cann-9.1.0 -DCHECK_COMPATIBLE=true -DENABLE_CCACHE=ON -DCUSTOM_CCACHE=/usr/local/bin/ccache -DASCEND_COMPUTE_UNIT=ascend910b; -DENABLE_BUILT_IN=OFF -DENABLE_OPS_HOST=ON -DENABLE_OPS_KERNEL=ON -DENABLE_BUILD_PKG=ON .
[2026-09-30 14:03:45] -- The C compiler identification is GNU 13.1.0
[2026-09-30 14:03:45] -- The CXX compiler identification is GNU 13.1.0
[2026-09-30 14:03:45] -- Detecting C compiler ABI info
[2026-09-30 14:03:45] -- Detecting C compiler ABI info - done
[2026-09-30 14:03:45] -- Check for working C compiler: /usr/bin/gcc-13 - skipped
[2026-09-30 14:03:45] -- Detecting C compile features
[2026-09-30 14:03:45] -- Detecting C compile features - done
[2026-09-30 14:03:45] -- Detecting CXX compiler ABI info
[2026-09-30 14:03:45] -- Detecting CXX compiler ABI info - done
[2026-09-30 14:03:45] -- Check for working CXX compiler: /usr/bin/g++-13 - skipped
[2026-09-30 14:03:45] -- Detecting CXX compile features
[2026-09-30 14:03:45] -- Detecting CXX compile features - done
[2026-09-30 14:03:45] -- compile project with library
[2026-09-30 14:03:46] -- Found Python3: /mnt/workspace/mhc-validation-20260930/venv/bin/python3.12 (found version "3.12.14") found components: Interpreter
[2026-09-30 14:03:46] -- ASCEND_CANN_PACKAGE_PATH=/mnt/workspace/mhc-validation-20260930/Ascend/cann-9.1.0
[2026-09-30 14:03:46] -- ENABLE_CCACHE=ON, CUSTOM_CCACHE=/usr/local/bin/ccache
[2026-09-30 14:03:46] -- CCACHE_PROGRAM=/usr/local/bin/ccache
[2026-09-30 14:03:46] -- ASCEND_COMPUTE_UNIT=ascend910b;
[2026-09-30 14:03:46] -- ASCEND_OP_NAME=hc_pre
[2026-09-30 14:03:46] -- TILING_KEY=
[2026-09-30 14:03:46] -- TESTS_UT_OPS_TEST=
[2026-09-30 14:03:46] -- TESTS_EXAMPLE_OPS_TEST=
[2026-09-30 14:03:46] -- CMAKE_BUILD_TYPE=Release
[2026-09-30 14:03:46] -- VERSION=
[2026-09-30 14:03:52] -- Could NOT find json (missing: JSON_INCLUDE) 
[2026-09-30 14:03:52] -- Start building custom package.
[2026-09-30 14:03:52] -- Search libs under install path /mnt/workspace/mhc-validation-20260930/Ascend/cann-9.1.0
[2026-09-30 14:03:52] -- CMAKE_MODULE_PATH            :/mnt/workspace/hc-pre-reduction-20260930/peeled/csrc/cmake/modules
[2026-09-30 14:03:52] -- compile option:   -Wall -Wextra -Wshadow -Wformat=2 -fno-common -fPIC -Wformat-signedness -Wno-missing-include-dirs -Wno-write-strings
[2026-09-30 14:03:52] -- Found dlog: /mnt/workspace/mhc-validation-20260930/Ascend/cann-9.1.0/pkg_inc/base
[2026-09-30 14:03:52] -- Transformer Variables in dlog module:
[2026-09-30 14:03:52] -- dlog_TRANSFORMER_INCLUDE_DIR="/mnt/workspace/mhc-validation-20260930/Ascend/cann-9.1.0/pkg_inc/base"
[2026-09-30 14:03:52] -- dlog_SHARED_LIBRARY="/mnt/workspace/mhc-validation-20260930/Ascend/cann-9.1.0/lib64/libascendalog.so"
[2026-09-30 14:03:52] -- 
[2026-09-30 14:03:52]  Properties for TARGET dlog:
[2026-09-30 14:03:52]    dlog.INTERFACE_COMPILE_DEFINITIONS = "LOG_CPP;PROCESS_LOG"
[2026-09-30 14:03:52]    dlog.INTERFACE_LINK_LIBRARIES = "dlog_headers"
[2026-09-30 14:03:52]    dlog.IMPORTED_LOCATION = "/mnt/workspace/mhc-validation-20260930/Ascend/cann-9.1.0/lib64/libascendalog.so"
[2026-09-30 14:03:52] 
[2026-09-30 14:03:52] -- 
[2026-09-30 14:03:52]  Properties for TARGET dlog_headers:
[2026-09-30 14:03:52]    dlog_headers.INTERFACE_INCLUDE_DIRECTORIES = "/mnt/workspace/mhc-validation-20260930/Ascend/cann-9.1.0/pkg_inc/base"
[2026-09-30 14:03:52] 
[2026-09-30 14:03:52] -- Found securec: /mnt/workspace/mhc-validation-20260930/Ascend/cann-9.1.0/include
[2026-09-30 14:03:52] -- Found OPBASE: /mnt/workspace/mhc-validation-20260930/Ascend/cann-9.1.0/include
[2026-09-30 14:03:52] -- Found OPABSE include:/mnt/workspace/mhc-validation-20260930/Ascend/cann-9.1.0/aarch64-linux/include
[2026-09-30 14:03:52] -- Found OPABSE lib:/mnt/workspace/mhc-validation-20260930/Ascend/cann-9.1.0/aarch64-linux/lib64/libops_base.so
[2026-09-30 14:03:52] -- Found platform: /mnt/workspace/mhc-validation-20260930/Ascend/cann-9.1.0/include
[2026-09-30 14:03:52] -- Found platform include:/mnt/workspace/mhc-validation-20260930/Ascend/cann-9.1.0/aarch64-linux/include
[2026-09-30 14:03:52] -- Found register library:/mnt/workspace/mhc-validation-20260930/Ascend/cann-9.1.0/aarch64-linux/lib64/libregister.so
[2026-09-30 14:03:52] -- Found opp_registry library:/mnt/workspace/mhc-validation-20260930/Ascend/cann-9.1.0/aarch64-linux/lib64/libopp_registry.so
[2026-09-30 14:03:52] -- Found exe_graph library:/mnt/workspace/mhc-validation-20260930/Ascend/cann-9.1.0/aarch64-linux/lib64/libexe_graph.so
[2026-09-30 14:03:52] -- Found graph_base library:/mnt/workspace/mhc-validation-20260930/Ascend/cann-9.1.0/aarch64-linux/lib64/libgraph_base.so
[2026-09-30 14:03:52] -- Found error_manager library:/mnt/workspace/mhc-validation-20260930/Ascend/cann-9.1.0/aarch64-linux/lib64/liberror_manager.so
[2026-09-30 14:03:52] -- Found metadef library:/mnt/workspace/mhc-validation-20260930/Ascend/cann-9.1.0/aarch64-linux/lib64/libmetadef.so
[2026-09-30 14:03:52] -- Found rt2_registry library:/mnt/workspace/mhc-validation-20260930/Ascend/cann-9.1.0/aarch64-linux/lib64/librt2_registry.a
[2026-09-30 14:03:52] -- Found metadef: /mnt/workspace/mhc-validation-20260930/Ascend/cann-9.1.0/include
[2026-09-30 14:03:52] -- Found source metadef include dir:  /mnt/workspace/mhc-validation-20260930/Ascend/cann-9.1.0/aarch64-linux/include/;/mnt/workspace/mhc-validation-20260930/Ascend/cann-9.1.0/aarch64-linux/include/exe_graph
[2026-09-30 14:03:52] -- Found graph library:/mnt/workspace/mhc-validation-20260930/Ascend/cann-9.1.0/aarch64-linux/lib64/libgraph.so
[2026-09-30 14:03:52] -- Found source acl include dir:  /mnt/workspace/mhc-validation-20260930/Ascend/cann-9.1.0/aarch64-linux/include
[2026-09-30 14:03:52] -- Found source npuruntime include dir: /mnt/workspace/mhc-validation-20260930/Ascend/cann-9.1.0/aarch64-linux/pkg_inc/runtime
[2026-09-30 14:03:52] -- Found aclnn include dir:  /mnt/workspace/mhc-validation-20260930/Ascend/cann-9.1.0/aarch64-linux/include
[2026-09-30 14:03:52] -- Found opdev include dir:  /mnt/workspace/mhc-validation-20260930/Ascend/cann-9.1.0/aarch64-linux/include/aclnn
[2026-09-30 14:03:52] -- Found tilingapi include:/mnt/workspace/mhc-validation-20260930/Ascend/cann-9.1.0/aarch64-linux/include
[2026-09-30 14:03:52] -- TILINGAPI_INC_DIRS: /mnt/workspace/mhc-validation-20260930/Ascend/cann-9.1.0/aarch64-linux/include;/mnt/workspace/mhc-validation-20260930/Ascend/cann-9.1.0/aarch64-linux/ascendc;/mnt/workspace/mhc-validation-20260930/Ascend/cann-9.1.0/aarch64-linux/ascendc/include;/mnt/workspace/mhc-validation-20260930/Ascend/cann-9.1.0/aarch64-linux/ascendc/include/highlevel_api;/mnt/workspace/mhc-validation-20260930/Ascend/cann-9.1.0/aarch64-linux/ascendc/include/highlevel_api/lib;/mnt/workspace/mhc-validation-20260930/Ascend/cann-9.1.0/aarch64-linux/ascendc/include/highlevel_api/impl;/mnt/workspace/mhc-validation-20260930/Ascend/cann-9.1.0/aarch64-linux/ascendc/include/highlevel_api/tiling
[2026-09-30 14:03:52] -- Found tilingapi lib:/mnt/workspace/mhc-validation-20260930/Ascend/cann-9.1.0/aarch64-linux/lib64/libtiling_api.a
[2026-09-30 14:03:52] -- Using AICPU include dirs: /mnt/workspace/mhc-validation-20260930/Ascend/cann-9.1.0/aarch64-linux/include/aicpu;/mnt/workspace/mhc-validation-20260930/Ascend/cann-9.1.0/aarch64-linux/include/experiment;/mnt/workspace/mhc-validation-20260930/Ascend/cann-9.1.0/aarch64-linux/include/experiment/cce;/mnt/workspace/mhc-validation-20260930/Ascend/cann-9.1.0/aarch64-linux/include/experiment/msprof;/mnt/workspace/mhc-validation-20260930/Ascend/cann-9.1.0/aarch64-linux/pkg_inc;/mnt/workspace/mCMake Warning (author) at /mnt/workspace/mhc-validation-20260930/venv/lib/python3.12/site-packages/cmake/data/share/cmake-4.4/Modules/ExternalProject/shared_internal_commands.cmake:1277 (message):
  The DOWNLOAD_EXTRACT_TIMESTAMP option was not given and policy CMP0135 is
  not set.  The policy's OLD behavior will be used.  When using a URL
  download, the timestamps of extracted files should preferably be that of
  the time of extraction, otherwise code that depends on the extracted
  contents might not be rebuilt if the URL changes.  The OLD behavior
  preserves the timestamps from the archive instead, but this is usually not
  what you want.  Update your project to the NEW behavior or specify the
  DOWNLOAD_EXTRACT_TIMESTAMP option with a value of true to avoid this
  robustness issue.
Call Stack (most recent call first):
  /mnt/workspace/mhc-validation-20260930/venv/lib/python3.12/site-packages/cmake/data/share/cmake-4.4/Modules/ExternalProject.cmake:3283 (_ep_add_download_command)
  cmake/third_party/abseil-cpp.cmake:46 (ExternalProject_Add)
  CMakeLists.txt:129 (include)
This warning is for project developers.  Use -Wno-author to suppress it.

CMake Warning (author) at /mnt/workspace/mhc-validation-20260930/venv/lib/python3.12/site-packages/cmake/data/share/cmake-4.4/Modules/ExternalProject/shared_internal_commands.cmake:1277 (message):
  The DOWNLOAD_EXTRACT_TIMESTAMP option was not given and policy CMP0135 is
  not set.  The policy's OLD behavior will be used.  When using a URL
  download, the timestamps of extracted files should preferably be that of
  the time of extraction, otherwise code that depends on the extracted
  contents might not be rebuilt if the URL changes.  The OLD behavior
  preserves the timestamps from the archive instead, but this is usually not
  what you want.  Update your project to the NEW behavior or specify the
  DOWNLOAD_EXTRACT_TIMESTAMP option with a value of true to avoid this
  robustness issue.
Call Stack (most recent call first):
  /mnt/workspace/mhc-validation-20260930/venv/lib/python3.12/site-packages/cmake/data/share/cmake-4.4/Modules/ExternalProject.cmake:3283 (_ep_add_download_command)
  cmake/third_party/ascend_protobuf.cmake:47 (ExternalProject_Add)
  CMakeLists.txt:130 (include)
This warning is for project developers.  Use -Wno-author to suppress it.

hc-validation-20260930/Ascend/cann-9.1.0/aarch64-linux/pkg_inc/aicpu;/mnt/workspace/mhc-validation-20260930/Ascend/cann-9.1.0/aarch64-linux/pkg_inc/aicpu_common/context;/mnt/workspace/mhc-validation-20260930/Ascend/cann-9.1.0/aarch64-linux/pkg_inc/aicpu_common/context/common;/mnt/workspace/mhc-validation-20260930/Ascend/cann-9.1.0/aarch64-linux/pkg_inc/aicpu_common/context/cpu_proto;/mnt/workspace/mhc-validation-20260930/Ascend/cann-9.1.0/aarch64-linux/pkg_inc/aicpu_common/context/utils;/mnt/workspace/mhc-validation-20260930/Ascend/cann-9.1.0/aarch64-linux/include/aicpu_common/context;/mnt/workspace/mhc-validation-20260930/Ascend/cann-9.1.0/aarch64-linux/include/aicpu_common/context/common;/mnt/workspace/mhc-validation-20260930/Ascend/cann-9.1.0/aarch64-linux/include/aicpu_common/context/cpu_proto;/mnt/workspace/mhc-validation-20260930/Ascend/cann-9.1.0/aarch64-linux/include/experiment/datagw/aicpu/common;/mnt/workspace/mhc-validation-20260930/Ascend/cann-9.1.0/aarch64-linux/include/aicpu_common/context/utils
[2026-09-30 14:03:52] -- Could NOT find abseil-cpp (missing: ABSL_SOURCE_DIR) 
[2026-09-30 14:03:52] -- [ThirdPartyLib][abseil-cpp] https://gitcode.com/cann-src-third-party/abseil-cpp/releases/download/20230802.1/abseil-cpp-20230802.1.tar.gz not found, need download.
[2026-09-30 14:03:52] -- Could NOT find ascend_protobuf_build_transformer (missing: ASCEND_PROTOBUF_SHARED_INCLUDE) 
[2026-09-30 14:03:52] -- [ThirdPartyLib][ascend protobuf] ascend protobuf shared not found, finding binary file.
[2026-09-30 14:03:52] -- [ThirdPartyLib][ascend protobuf] https://gitcode.com/cann-src-third-party/protobuf/releases/download/v25.1/protobuf-25.1.tar.gz not found, need download.
[2026-09-30 14:03:52] -- Found alog: /mnt/workspace/mhc-validation-20260930/Ascend/cann-9.1.0/include
[2026-09-30 14:03:52] -- Variables in alog module:
[2026-09-30 14:03:52] -- alog_a_INCLUDE_DIR="/mnt/workspace/mhc-validation-20260930/Ascend/cann-9.1.0/include"
[2026-09-30 14:03:52] -- slog_a_SHARED_LIBRARY="/mnt/workspace/mhc-validation-20260930/Ascend/cann-9.1.0/lib64/libascendalog.so"
[2026-09-30 14:03:52] -- alog_a_SHARED_LIBRARY="/mnt/workspace/mhc-validation-20260930/Ascend/cann-9.1.0/lib64/libascendalog.so"
[2026-09-30 14:03:52] -- 
[2026-09-30 14:03:52]  Properties for TARGET slog_a:
[2026-09-30 14:03:52]    slog_a.INTERFACE_COMPILE_DEFINITIONS = "LOG_CPP;PROCESS_LOG"
[2026-09-30 14:03:52]    slog_a.INTERFACE_LINK_LIBRARIES = "alog_headers"
[2026-09-30 14:03:52]    slog_a.IMPORTED_LOCATION = "/mnt/workspace/mhc-validation-20260930/Ascend/cann-9.1.0/lib64/libascendalog.so"
[2026-09-30 14:03:52] 
[2026-09-30 14:03:52] -- 
[2026-09-30 14:03:52]  Properties for TARGET alog_a:
[2026-09-30 14:03:52]    alog_a.INTERFACE_COMPILE_DEFINITIONS = "LOG_CPP;PROCESS_LOG"
[2026-09-30 14:03:52]    alog_a.INTERFACE_LINK_LIBRARIES = "alog_headers"
[2026-09-30 14:03:52]    alog_a.IMPORTED_LOCATION = "/mnt/workspace/mhc-validation-20260930/Ascend/cann-9.1.0/lib64/libascendalog.so"
[2026-09-30 14:03:52] 
[2026-09-30 14:03:52] -- 
[2026-09-30 14:03:52]  Properties for TARGET alog_headers:
[2026-09-30 14:03:52]    alog_headers.INTERFACE_INCLUDE_DIRECTORIES = "/mnt/workspace/mhc-validation-20260930/Ascend/cann-9.1.0/include;/mnt/workspace/mhc-validation-20260930/Ascend/cann-9.1.0/include/base"
[2026-09-30 14:03:52] 
[2026-09-30 14:03:52] -- Could NOT find unified_dlog (missing: _INCLUDE_ROOT_DIR) 
[2026-09-30 14:03:53] -- === Debug: BUILD is BUILD_OPEN_PROJECT
[2026-09-30 14:03:53] -- === Debug: BUILD is NOT BUILD_OPS_RTY_KERNEL
[2026-09-30 14:03:53] -- Detected architecture: ARM64
[2026-09-30 14:03:53] -- End building custom package.
[2026-09-30 14:03:53] -- create aclnn master header file: /mnt/workspace/hc-pre-reduction-20260930/peeled/csrc/build/aclnn_ops_transformer_reduction_peeled.h
[2026-09-30 14:03:53] -- no operator info to generate
[2026-09-30 14:03:53] -- Configuring done (7.7s)
[2026-09-30 14:03:53] -- Generating done (0.1s)
[2026-09-30 14:03:53] -- Build files have been written to: /mnt/workspace/hc-pre-reduction-20260930/peeled/csrc/build
[2026-09-30 14:03:53] [1/90] Generating op_host_aclnn_inner_stub.cpp
[2026-09-30 14:03:53] [2/90] Creating directories for 'abseil_build_transformer'
[2026-09-30 14:03:53] [3/90] Creating directories for 'third_party_json'
[2026-09-30 14:03:53] [4/90] Building CXX object CMakeFiles/op_host_aclnnInner.dir/op_host_aclnn_inner_stub.cpp.o
[2026-09-30 14:03:53] [5/90] Linking CXX shared library libop_host_aclnnInner.so
[2026-09-30 14:03:53] [6/90] Creating directories for 'tiling_sink_task'
[2026-09-30 14:03:53] [7/90] No download step for 'tiling_sink_task'
[2026-09-30 14:03:53] [8/90] Generating op_host_aclnn_exc_stub.cpp
[2026-09-30 14:03:53] [9/90] No update step for 'tiling_sink_task'
[2026-09-30 14:03:53] [10/90] Building CXX object CMakeFiles/op_host_aclnnExc.dir/op_host_aclnn_exc_stub.cpp.o
[2026-09-30 14:03:53] [11/90] Performing download step (download and verify) for 'third_party_json'
[2026-09-30 14:03:53] -- Downloading...
[2026-09-30 14:03:53]    dst='/mnt/workspace/hc-pre-reduction-20260930/peeled/csrc/third_party/pkg/include.zip'
[2026-09-30 14:03:53]    timeout='none'
[2026-09-30 14:03:53]    inactivity timeout='none'
[2026-09-30 14:03:53] -- Using src='https://gitcode.com/cann-src-third-party/json/releases/download/v3.11.3/include.zip'
[2026-09-30 14:03:53] -- [download 5% complete]
[2026-09-30 14:03:53] -- [download 11% complete]
[2026-09-30 14:03:53] -- [download 16% complete]
[2026-09-30 14:03:53] -- [download 22% complete]
[2026-09-30 14:03:53] -- [download 27% complete]
[2026-09-30 14:03:53] -- [download 32% complete]
[2026-09-30 14:03:53] -- [download 38% complete]
[2026-09-30 14:03:53] -- [download 43% complete]
[2026-09-30 14:03:53] -- [download 49% complete]
[2026-09-30 14:03:53] -- [download 54% complete]
[2026-09-30 14:03:53] -- [download 60% complete]
[2026-09-30 14:03:53] -- [download 65% complete]
[2026-09-30 14:03:53] -- [download 71% complete]
[2026-09-30 14:03:53] -- [download 76% complete]
[2026-09-30 14:03:53] -- [download 82% complete]
[2026-09-30 14:03:53] -- [download 87% complete]
[2026-09-30 14:03:53] -- [download 93% complete]
[2026-09-30 14:03:53] -- [download 98% complete]
[2026-09-30 14:03:53] -- [download 100% complete]
[2026-09-30 14:03:53] -- Downloading... done
[2026-09-30 14:03:53] [12/90] Generating tbe/graph/ops_proto_transformer.h
[2026-09-30 14:03:53] merged op transformer proto file: /mnt/workspace/hc-pre-reduction-20260930/peeled/csrc/build/tbe/graph/ops_proto_transformer.h
[2026-09-30 14:03:53] [13/90] No update step for 'third_party_json'
[2026-09-30 14:03:53] [14/90] No patch step for 'third_party_json'
[2026-09-30 14:03:53] [15/90] No configure step for 'third_party_json'
[2026-09-30 14:03:53] [16/90] No build step for 'third_party_json'
[2026-09-30 14:03:53] [17/90] Performing install step for 'third_party_json'
[2026-09-30 14:03:53] [18/90] Completed 'third_party_json'
[2026-09-30 14:03:53] [19/90] Performing download step (download, verify and extract) for 'abseil_build_transformer'
[2026-09-30 14:03:53] -- Downloading...
[2026-09-30 14:03:53]    dst='/mnt/workspace/hc-pre-reduction-20260930/peeled/csrc/third_party/pkg/abseil-cpp-20230802.1.tar.gz'
[2026-09-30 14:03:53]    timeout='none'
[2026-09-30 14:03:53]    inactivity timeout='none'
[2026-09-30 14:03:53] -- Using src='https://gitcode.com/cann-src-third-party/abseil-cpp/releases/download/20230802.1/abseil-cpp-20230802.1.tar.gz'
[2026-09-30 14:03:53] -- [download 1% complete]
[2026-09-30 14:03:53] -- [download 2% complete]
[2026-09-30 14:03:53] -- [download 3% complete]
[2026-09-30 14:03:53] -- [download 4% complete]
[2026-09-30 14:03:53] -- [download 5% complete]
[2026-09-30 14:03:53] -- [download 6% complete]
[2026-09-30 14:03:53] -- [download 7% complete]
[2026-09-30 14:03:53] -- [download 8% complete]
[2026-09-30 14:03:53] -- [download 9% complete]
[2026-09-30 14:03:53] -- [download 10% complete]
[2026-09-30 14:03:53] -- [download 11% complete]
[2026-09-30 14:03:53] -- [download 12% complete]
[2026-09-30 14:03:53] -- [download 13% complete]
[2026-09-30 14:03:53] -- [download 14% complete]
[2026-09-30 14:03:53] -- [download 15% complete]
[2026-09-30 14:03:53] -- [download 16% complete]
[2026-09-30 14:03:53] -- [download 17% complete]
[2026-09-30 14:03:53] -- [download 18% complete]
[2026-09-30 14:03:53] -- [download 19% complete]
[2026-09-30 14:03:53] -- [download 20% complete]
[2026-09-30 14:03:53] -- [download 22% complete]
[2026-09-30 14:03:53] -- [download 24% complete]
[2026-09-30 14:03:53] -- [download 27% complete]
[2026-09-30 14:03:53] -- [download 29% complete]
[2026-09-30 14:03:53] -- [download 30% complete]
[2026-09-30 14:03:53] -- [download 33% complete]
[2026-09-30 14:03:53] -- [download 36% complete]
[2026-09-30 14:03:53] -- [download 37% complete]
[2026-09-30 14:03:53] -- [download 39% complete]
[2026-09-30 14:03:53] -- [download 42% complete]
[2026-09-30 14:03:53] -- [download 46% complete]
[2026-09-30 14:03:53] -- [download 49% complete]
[2026-09-30 14:03:53] -- [download 52% complete]
[2026-09-30 14:03:53] -- [download 56% complete]
[2026-09-30 14:03:53] -- [download 57% complete]
[2026-09-30 14:03:53] -- [download 58% complete]
[2026-09-30 14:03:53] -- [download 61% complete]
[2026-09-30 14:03:53] -- [download 64% complete]
[2026-09-30 14:03:53] -- [download 65% complete]
[2026-09-30 14:03:53] -- [download 67% complete]
[2026-09-30 14:03:53] -- [download 70% complete]
[2026-09-30 14:03:53] -- [download 73% complete]
[2026-09-30 14:03:53] -- [download 75% complete]
[2026-09-30 14:03:53] -- [download 78% complete]
[2026-09-30 14:03:53] -- [download 83% complete]
[2026-09-30 14:03:53] -- [download 84% complete]
[2026-09-30 14:03:53] -- [download 85% complete]
[2026-09-30 14:03:53] -- [download 88% complete]
[2026-09-30 14:03:53] -- [download 91% complete]
[2026-09-30 14:03:53] -- [download 92% complete]
[2026-09-30 14:03:53] -- [download 94% complete]
[2026-09-30 14:03:53] -- [download 96% complete]
[2026-09-30 14:03:53] -- [download 100% complete]
[2026-09-30 14:03:53] -- Downloading... done
[2026-09-30 14:03:53] -- extracting...
[2026-09-30 14:03:53]      src='/mnt/workspace/hc-pre-reduction-20260930/peeled/csrc/third_party/pkg/abseil-cpp-20230802.1.tar.gz'
[2026-09-30 14:03:53]      dst='/mnt/workspace/hc-pre-reduction-20260930/peeled/csrc/third_party/abseil-cpp'
[2026-09-30 14:03:53] -- extracting... [tar xf]
[2026-09-30 14:03:53] -- extracting... [analysis]
[2026-09-30 14:03:53] -- extracting... [rename]
[2026-09-30 14:03:53] -- extracting... [clean up]
[2026-09-30 14:03:53] -- extracting... done
[2026-09-30 14:03:54] [20/90] No update step for 'abseil_build_transformer'
[2026-09-30 14:03:54] [21/90] Performing patch step for 'abseil_build_transformer'
[2026-09-30 14:03:54] (Stripping trailing CRs from patch; use --binary to disable.)
[2026-09-30 14:03:54] patching file CMakeLists.txt
[2026-09-30 14:03:54] (Stripping trailing CRs from patch; use --binary to disable.)
[2026-09-30 14:03:54] patching file absl/base/options.h
[2026-09-30 14:03:54] (Stripping trailing CRs from patch; use --binary to disable.)
[2026-09-30 14:03:54] patching file absl/hash/internal/hash.cc
[2026-09-30 14:03:54] (Stripping trailing CRs from patch; use --binary to disable.)
[2026-09-30 14:03:54] patching file absl/hash/internal/hash.h
[2026-09-30 14:03:54] patch unexpectedly ends in middle of line
[2026-09-30 14:03:54] Hunk #1 succeeded at 1159 with fuzz 1.
[2026-09-30 14:03:54] [22/90] No configure step for 'abseil_build_transformer'
[2026-09-30 14:03:54] [23/90] No build step for 'abseil_build_transformer'
[2026-09-30 14:03:54] [24/90] No install step for 'abseil_build_transformer'
[2026-09-30 14:03:54] [25/90] Completed 'abseil_build_transformer'
[2026-09-30 14:03:54] [26/90] Creating directories for 'ascend_protobuf_build_transformer'
[2026-09-30 14:03:54] [27/90] Performing download step (download, verify and extract) for 'ascend_protobuf_build_transformer'
[2026-09-30 14:03:54] -- Downloading...
[2026-09-30 14:03:54]    dst='/mnt/workspace/hc-pre-reduction-20260930/peeled/csrc/third_party/pkg/protobuf-25.1.tar.gz'
[2026-09-30 14:03:54]    timeout='none'
[2026-09-30 14:03:54]    inactivity timeout='none'
[2026-09-30 14:03:54] -- Using src='https://gitcode.com/cann-src-third-party/protobuf/releases/download/v25.1/protobuf-25.1.tar.gz'
[2026-09-30 14:03:54] -- [download 0% complete]
[2026-09-30 14:03:54] -- [download 1% complete]
[2026-09-30 14:03:54] -- [download 2% complete]
[2026-09-30 14:03:54] -- [download 3% complete]
[2026-09-30 14:03:54] -- [download 4% complete]
[2026-09-30 14:03:54] -- [download 5% complete]
[2026-09-30 14:03:54] -- [download 6% complete]
[2026-09-30 14:03:54] -- [download 7% complete]
[2026-09-30 14:03:54] -- [download 8% complete]
[2026-09-30 14:03:54] -- [download 9% complete]
[2026-09-30 14:03:54] -- [download 10% complete]
[2026-09-30 14:03:54] -- [download 11% complete]
[2026-09-30 14:03:54] -- [download 12% complete]
[2026-09-30 14:03:54] -- [download 13% complete]
[2026-09-30 14:03:54] -- [download 14% complete]
[2026-09-30 14:03:54] -- [download 15% complete]
[2026-09-30 14:03:54] -- [download 16% complete]
[2026-09-30 14:03:54] -- [download 17% complete]
[2026-09-30 14:03:54] -- [download 18% complete]
[2026-09-30 14:03:54] -- [download 19% complete]
[2026-09-30 14:03:54] -- [download 20% complete]
[2026-09-30 14:03:54] -- [download 21% complete]
[2026-09-30 14:03:54] -- [download 22% complete]
[2026-09-30 14:03:54] -- [download 23% complete]
[2026-09-30 14:03:54] -- [download 25% complete]
[2026-09-30 14:03:54] -- [download 26% complete]
[2026-09-30 14:03:54] -- [download 27% complete]
[2026-09-30 14:03:54] -- [download 28% complete]
[2026-09-30 14:03:54] -- [download 29% complete]
[2026-09-30 14:03:54] -- [download 30% complete]
[2026-09-30 14:03:54] -- [download 31% complete]
[2026-09-30 14:03:54] -- [download 32% complete]
[2026-09-30 14:03:54] -- [download 33% complete]
[2026-09-30 14:03:54] -- [download 35% complete]
[2026-09-30 14:03:54] -- [download 36% complete]
[2026-09-30 14:03:54] -- [download 37% complete]
[2026-09-30 14:03:54] -- [download 38% complete]
[2026-09-30 14:03:54] -- [download 39% complete]
[2026-09-30 14:03:54] -- [download 40% complete]
[2026-09-30 14:03:54] -- [download 41% complete]
[2026-09-30 14:03:54] -- [download 42% complete]
[2026-09-30 14:03:54] -- [download 43% complete]
[2026-09-30 14:03:54] -- [download 44% complete]
[2026-09-30 14:03:54] -- [download 45% complete]
[2026-09-30 14:03:54] -- [download 46% complete]
[2026-09-30 14:03:54] -- [download 47% complete]
[2026-09-30 14:03:54] -- [download 48% complete]
[2026-09-30 14:03:54] -- [download 49% complete]
[2026-09-30 14:03:54] -- [download 50% complete]
[2026-09-30 14:03:54] -- [download 51% complete]
[2026-09-30 14:03:54] -- [download 52% complete]
[2026-09-30 14:03:54] -- [download 53% complete]
[2026-09-30 14:03:54] -- [download 54% complete]
[2026-09-30 14:03:54] -- [download 55% complete]
[2026-09-30 14:03:54] -- [download 57% complete]
[2026-09-30 14:03:54] -- [download 58% complete]
[2026-09-30 14:03:54] -- [download 59% complete]
[2026-09-30 14:03:54] -- [download 60% complete]
[2026-09-30 14:03:54] -- [download 61% complete]
[2026-09-30 14:03:54] -- [download 62% complete]
[2026-09-30 14:03:54] -- [download 63% complete]
[2026-09-30 14:03:54] -- [download 64% complete]
[2026-09-30 14:03:54] -- [download 66% complete]
[2026-09-30 14:03:54] -- [download 67% complete]
[2026-09-30 14:03:54] -- [download 68% complete]
[2026-09-30 14:03:54] -- [download 69% complete]
[2026-09-30 14:03:54] -- [download 70% complete]
[2026-09-30 14:03:54] -- [download 71% complete]
[2026-09-30 14:03:54] -- [download 72% complete]
[2026-09-30 14:03:54] -- [download 73% complete]
[2026-09-30 14:03:54] -- [download 74% complete]
[2026-09-30 14:03:54] -- [download 76% complete]
[2026-09-30 14:03:54] -- [download 77% complete]
[2026-09-30 14:03:54] -- [download 78% complete]
[2026-09-30 14:03:54] -- [download 79% complete]
[2026-09-30 14:03:54] -- [download 80% complete]
[2026-09-30 14:03:54] -- [download 81% complete]
[2026-09-30 14:03:54] -- [download 82% complete]
[2026-09-30 14:03:54] -- [download 83% complete]
[2026-09-30 14:03:54] -- [download 84% complete]
[2026-09-30 14:03:54] -- [download 85% complete]
[2026-09-30 14:03:54] -- [download 86% complete]
[2026-09-30 14:03:54] -- [download 87% complete]
[2026-09-30 14:03:54] -- [download 88% complete]
[2026-09-30 14:03:54] -- [download 89% complete]
[2026-09-30 14:03:54] -- [download 90% complete]
[2026-09-30 14:03:54] -- [download 91% complete]
[2026-09-30 14:03:54] -- [download 92% complete]
[2026-09-30 14:03:54] -- [download 93% complete]
[2026-09-30 14:03:54] -- [download 94% complete]
[2026-09-30 14:03:54] -- [download 96% complete]
[2026-09-30 14:03:54] -- [download 98% complete]
[2026-09-30 14:03:54] -- [download 99% complete]
[2026-09-30 14:03:54] -- [download 100% complete]
[2026-09-30 14:03:54] -- Downloading... done
[2026-09-30 14:03:54] -- extracting...
[2026-09-30 14:03:54]      src='/mnt/workspace/hc-pre-reduction-20260930/peeled/csrc/third_party/pkg/protobuf-25.1.tar.gz'
[2026-09-30 14:03:54]      dst='/mnt/workspace/hc-pre-reduction-20260930/peeled/csrc/third_party/ascend_protobuf'
[2026-09-30 14:03:54] -- extracting... [tar xf]
[2026-09-30 14:03:54] -- extracting... [analysis]
[2026-09-30 14:03:54] -- extracting... [rename]
[2026-09-30 14:03:54] -- extracting... [clean up]
[2026-09-30 14:03:54] -- extracting... done
[2026-09-30 14:03:54] [28/90] No update step for 'ascend_protobuf_build_transformer'
[2026-09-30 14:03:54] [29/90] Performing patch step for 'ascend_protobuf_build_transformer'
[2026-09-30 14:03:54] (Stripping trailing CRs from patch; use --binary to disable.)
[2026-09-30 14:03:54] patching file CMakeLists.txt
[2026-09-30 14:03:54] (Stripping trailing CRs from patch; use --binary to disable.)
[2026-09-30 14:03:54] patching file src/google/protobuf/arenastring.cc
[2026-09-30 14:03:54] (Stripping trailing CRs from patch; use --binary to disable.)
[2026-09-30 14:03:54] patching file src/google/protobuf/arenastring.h
[2026-09-30 14:03:54] (Stripping trailing CRs from patch; use --binary to disable.)
[2026-09-30 14:03:54] patching file src/google/protobuf/compiler/cpp/field_generators/string_field.cc
[2026-09-30 14:03:54] (Stripping trailing CRs from patch; use --binary to disable.)
[2026-09-30 14:03:54] patching file src/google/protobuf/compiler/cpp/helpers.cc
[2026-09-30 14:03:54] (Stripping trailing CRs from patch; use --binary to disable.)
[2026-09-30 14:03:54] patching file src/google/protobuf/compiler/cpp/helpers.h
[2026-09-30 14:03:54] (Stripping trailing CRs from patch; use --binary to disable.)
[2026-09-30 14:03:54] patching file src/google/protobuf/compiler/csharp/csharp_helpers.cc
[2026-09-30 14:03:54] (Stripping trailing CRs from patch; use --binary to disable.)
[2026-09-30 14:03:54] patching file src/google/protobuf/compiler/java/names.cc
[2026-09-30 14:03:54] (Stripping trailing CRs from patch; use --binary to disable.)
[2026-09-30 14:03:54] patching file src/google/protobuf/extension_set.h
[2026-09-30 14:03:54] (Stripping trailing CRs from patch; use --binary to disable.)
[2026-09-30 14:03:54] patching file src/google/protobuf/message_lite.h
[2026-09-30 14:03:54] (Stripping trailing CRs from patch; use --binary to disable.)
[2026-09-30 14:03:54] patching file src/google/protobuf/port_def.inc
[2026-09-30 14:03:54] patch unexpectedly ends in middle of line
[2026-09-30 14:03:54] Hunk #1 succeeded at 572 with fuzz 1.
[2026-09-30 14:03:56] [30/90] Building CXX object common/stub/op_tiling/CMakeFiles/optiling.dir/op_cache_tiling.cpp.o
[2026-09-30 14:03:56] [31/90] Building CXX object CMakeFiles/op_host_aclnn.dir/moe/hc_pre/op_host/hc_pre_def.cpp.o
[2026-09-30 14:03:56] [32/90] Linking CXX shared library libop_host_aclnn.so
[2026-09-30 14:03:56] [33/90] Building CXX object common/CMakeFiles/common_transformer_obj.dir/src/fallback_comm.cpp.o
[2026-09-30 14:03:56] [34/90] Generating autogen/aclnn_hc_pre.cpp, autogen/aclnn_hc_pre.h
[2026-09-30 14:03:56] [35/90] Performing configure step for 'ascend_protobuf_build_transformer'
[2026-09-30 14:03:56] CMake Warning (deprecated) at CMakeLists.txt:7 (cmake_policy):
[2026-09-30 14:03:56]   The OLD behavior for policy CMP0141 will be removed from a future version
[2026-09-30 14:03:56]   of CMake.
[2026-09-30 14:03:56] 
[2026-09-30 14:03:56]   The cmake-policies(7) manual explains that the OLD behaviors of all
[2026-09-30 14:03:56]   policies are deprecated and that a policy should be set to OLD only under
[2026-09-30 14:03:56]   specific short-term circumstances.  Projects should be ported to the NEW
[2026-09-30 14:03:56]   behavior and not rely on setting a policy to OLD.
[2026-09-30 14:03:56] This warning is for project developers.  Use -Wno-author or -Wno-deprecated
[2026-09-30 14:03:56] to suppress it.
[2026-09-30 14:03:56] 
[2026-09-30 14:03:56] CMake Warning (deprecated) at third_party/utf8_range/CMakeLists.txt:1 (cmake_minimum_required):
[2026-09-30 14:03:56]   Compatibility with CMake < 3.10 will be removed from a future version of
[2026-09-30 14:03:56]   CMake.
[2026-09-30 14:03:56] 
[2026-09-30 14:03:56]   Update the VERSION argument <min> value.  Or, use the <min>...<max> syntax
[2026-09-30 14:03:56]   to tell CMake that the project requires at least <min> but has been updated
[2026-09-30 14:03:56]   to work with policies introduced by <max> or earlier.
[2026-09-30 14:03:56] This warning is for project developers.  Use -Wno-author or -Wno-deprecated
[2026-09-30 14:03:56] to suppress it.
[2026-09-30 14:03:56] 
[2026-09-30 14:03:56] -- Configuring done (1.4s)
[2026-09-30 14:03:56] -- Generating done (0.6s)
[2026-09-30 14:03:56] CMake Warning (unused-cli):
[2026-09-30 14:03:56]   Manually-specified variables were not used by the project:
[2026-09-30 14:03:56] 
[2026-09-30 14:03:56]     CMAKE_CXX_LDFLAGS
[2026-09-30 14:03:56] 
[2026-09-30 14:03:56] 
[2026-09-30 14:03:56] -- Build files have been written to: /mnt/workspace/hc-pre-reduction-20260930/peeled/csrc/build/ascend_protobuf_build_transformer-prefix/src/ascend_protobuf_build_transformer-build
[2026-09-30 14:03:57] [36/90] Building CXX object CMakeFiles/ops_aclnn.dir/autogen/aclnn_hc_pre.cpp.o
[2026-09-30 14:03:57] /mnt/workspace/hc-pre-reduction-20260930/peeled/csrc/build/autogen/aclnn_hc_pre.cpp:174: warning: macro "ACLNN_ERR_PARAM_INVALID" is not used [-Wunused-macros]
[2026-09-30 14:03:57]   174 | #define ACLNN_ERR_PARAM_INVALID 161002
[2026-09-30 14:03:57]       | 
[2026-09-30 14:03:57] [37/90] Linking CXX static library libops_aclnn.a
[2026-09-30 14:03:59] [38/90] Building CXX object common/stub/op_tiling/CMakeFiles/optiling.dir/tbe_tiling_api.cpp.o
[2026-09-30 14:04:00] [39/90] Building CXX object common/CMakeFiles/common_transformer_obj.dir/src/fallback_comm_2stages.cpp.o
[2026-09-30 14:04:00] [40/90] No patch step for 'tiling_sink_task'
[2026-09-30 14:04:01] [41/90] Building CXX object common/stub/op_tiling/CMakeFiles/optiling.dir/runtime_kb_api.cpp.o
[2026-09-30 14:04:01] [42/90] Linking CXX shared library liboptiling.so
[2026-09-30 14:04:02] [43/90] Building CXX object common/CMakeFiles/common_transformer_obj.dir/src/tiling_base/tiling_util.cpp.o
[2026-09-30 14:04:02] [44/90] Generating opapi_stub.cpp
[2026-09-30 14:04:02] [45/90] Linking CXX shared library libop_host_aclnnExc.so
[2026-09-30 14:04:02] [46/90] Generating tbe/graph/ops_proto_transformer.cpp
[2026-09-30 14:04:02] [47/90] Generating binary/ascend910b/src/ascendc/common
[2026-09-30 14:04:02] [48/90] Performing configure step for 'tiling_sink_task'
[2026-09-30 14:04:02] -- The C compiler identification is GNU 7.3.0
[2026-09-30 14:04:02] -- The CXX compiler identification is GNU 7.3.0
[2026-09-30 14:04:02] -- Detecting C compiler ABI info
[2026-09-30 14:04:02] -- Detecting C compiler ABI info - done
[2026-09-30 14:04:02] -- Check for working C compiler: /mnt/workspace/mhc-validation-20260930/Ascend/cann-9.1.0/toolkit/toolchain/hcc/bin/aarch64-target-linux-gnu-gcc - skipped
[2026-09-30 14:04:02] -- Detecting C compile features
[2026-09-30 14:04:02] -- Detecting C compile features - done
[2026-09-30 14:04:02] -- Detecting CXX compiler ABI info
[2026-09-30 14:04:02] -- Detecting CXX compiler ABI info - done
[2026-09-30 14:04:02] -- Check for working CXX compiler: /mnt/workspace/mhc-validation-20260930/Ascend/cann-9.1.0/toolkit/toolchain/hcc/bin/aarch64-target-linux-gnu-g++ - skipped
[2026-09-30 14:04:02] -- Detecting CXX compile features
[2026-09-30 14:04:02] -- Detecting CXX compile features - done
[2026-09-30 14:04:02] CMake Warning at CMakeLists.txt:45 (message):
[2026-09-30 14:04:02]   File not found:
[2026-09-30 14:04:02]   /mnt/workspace/hc-pre-reduction-20260930/peeled/csrc/common/src/tiling_sink/../../../attention/common/op_host/fia_tiling_info.cpp
[2026-09-30 14:04:02] 
[2026-09-30 14:04:02] 
[2026-09-30 14:04:02] -- Configuring done (0.5s)
[2026-09-30 14:04:02] -- Generating done (0.0s)
[2026-09-30 14:04:02] CMake Warning (unused-cli):
[2026-09-30 14:04:02]   Manually-specified variables were not used by the project:
[2026-09-30 14:04:02] 
[2026-09-30 14:04:02]     ENABLE_BUILT_IN
[2026-09-30 14:04:02]     SYS_VERSION
[2026-09-30 14:04:02] 
[2026-09-30 14:04:02] 
[2026-09-30 14:04:02] -- Build files have been written to: /mnt/workspace/hc-pre-reduction-20260930/peeled/csrc/build/common/tiling_sink_task-prefix/src/tiling_sink_task-build
[2026-09-30 14:04:02] [49/90] Building CXX object moe/hc_pre/op_host/CMakeFiles/ophost_transformer_opapi_obj.dir/opapi_stub.cpp.o
[2026-09-30 14:04:03] [50/90] Generating autogen/aic-ascend910b-ops-info.json
[2026-09-30 14:04:03] 
[2026-09-30 14:04:03] 
[2026-09-30 14:04:03] ==============check valid for ops info start==============
[2026-09-30 14:04:03] ==============check valid for ops info end================
[2026-09-30 14:04:03] 
[2026-09-30 14:04:03] 
[2026-09-30 14:04:03] Compile op info cfg successfully.
[2026-09-30 14:04:03] [51/90] Generating binary/ascend910b/src/hc_pre/hc_pre_ascend910b_src_copy.done
[2026-09-30 14:04:03] [52/90] Building CXX object common/stub/op_api/CMakeFiles/opapi_math.dir/opapi_stub.cpp.o
[2026-09-30 14:04:03] [53/90] Generating binary/ascend910b/src/hc_pre/HcPre.py
[2026-09-30 14:04:03] [54/90] Generating binary/ascend910b/bin/hc_pre
[2026-09-30 14:04:03] [55/90] Performing build step for 'tiling_sink_task'
[2026-09-30 14:04:03] ninja: no work to do.
[2026-09-30 14:04:03] [56/90] 
[2026-09-30 14:04:03] [57/90] 
[2026-09-30 14:04:03] [58/90] Linking CXX shared library libopapi_math.so
[2026-09-30 14:04:03] [59/90] Generating cust_opapi_stub.cpp
[2026-09-30 14:04:03] [60/90] Building CXX object CMakeFiles/cust_opapi.dir/cust_opapi_stub.cpp.o
[2026-09-30 14:04:05] [61/90] Building CXX object CMakeFiles/cust_proto.dir/tbe/graph/ops_proto_transformer.cpp.o
[2026-09-30 14:04:05] /mnt/workspace/hc-pre-reduction-20260930/peeled/csrc/build/tbe/graph/ops_proto_transformer.cpp:2: warning: macro "OP_TRANSFORMER_PROTO_H_" is not used [-Wunused-macros]
[2026-09-30 14:04:05]     2 | #define OP_TRANSFORMER_PROTO_H_
[2026-09-30 14:04:05]       | 
[2026-09-30 14:04:05] [62/90] No install step for 'tiling_sink_task'
[2026-09-30 14:04:05] [63/90] Building CXX object moe/hc_pre/op_host/CMakeFiles/ophost_transformer_infer_obj.dir/proto_stub.cpp.o
[2026-09-30 14:04:05] [64/90] Building CXX object CMakeFiles/cust_proto.dir/autogen/hc_pre_proto.cpp.o
[2026-09-30 14:04:05] In file included from /mnt/workspace/hc-pre-reduction-20260930/peeled/csrc/build/autogen/hc_pre_proto.h:4,
[2026-09-30 14:04:05]                  from /mnt/workspace/hc-pre-reduction-20260930/peeled/csrc/build/autogen/hc_pre_proto.cpp:1:
[2026-09-30 14:04:05] /mnt/workspace/hc-pre-reduction-20260930/peeled/csrc/build/autogen/hc_pre_proto.h: In member function ‘ge::Operator::OpFloat ge::op::HcPre::get_attr_hc_eps() const’:
[2026-09-30 14:04:05] /mnt/workspace/hc-pre-reduction-20260930/peeled/csrc/build/autogen/hc_pre_proto.h:21:26: warning: conversion from ‘double’ to ‘ge::Operator::OpFloat’ {aka ‘float’} changes value from ‘9.9999999999999995e-7’ to ‘9.99999997e-7’ [-Wfloat-conversion]
[2026-09-30 14:04:05]    21 |     .ATTR(hc_eps, Float, 1e-06)
[2026-09-30 14:04:05]       |                          ^~~~~
[2026-09-30 14:04:05] /mnt/workspace/hc-pre-reduction-20260930/peeled/csrc/build/autogen/hc_pre_proto.h: In member function ‘ge::Operator::OpFloat ge::op::HcPre::get_attr_norm_eps() const’:
[2026-09-30 14:04:05] /mnt/workspace/hc-pre-reduction-20260930/peeled/csrc/build/autogen/hc_pre_proto.h:22:28: warning: conversion from ‘double’ to ‘ge::Operator::OpFloat’ {aka ‘float’} changes value from ‘9.9999999999999995e-7’ to ‘9.99999997e-7’ [-Wfloat-conversion]
[2026-09-30 14:04:05]    22 |     .ATTR(norm_eps, Float, 1e-06)
[2026-09-30 14:04:05]       |                            ^~~~~
[2026-09-30 14:04:05] [65/90] Linking CXX shared library libcust_opapi.so
[2026-09-30 14:04:05] [66/90] cd /mnt/workspace/hc-pre-reduction-20260930/peeled/csrc/build && /mnt/workspace/mhc-validation-20260930/venv/bin/python3.12 /mnt/workspace/hc-pre-reduction-20260930/peeled/csrc/cmake/scripts/util/ascendc_impl_build.py "" "" "" "" /mnt/workspace/hc-pre-reduction-20260930/peeled/csrc/build/impl /mnt/workspace/hc-pre-reduction-20260930/peeled/csrc/build/autogen --opsinfo-dir /mnt/workspace/hc-pre-reduction-20260930/peeled/csrc/build/autogen /mnt/workspace/hc-pre-reduction-20260930/peeled/csrc/build/autogen/inner /mnt/workspace/hc-pre-reduction-20260930/peeled/csrc/build/autogen/exc
[2026-09-30 14:04:05] /mnt/workspace/hc-pre-reduction-20260930/peeled/csrc/cmake/scripts/util/ascendc_impl_build.py:212: SyntaxWarning: invalid escape sequence '\d'
[2026-09-30 14:04:05]   ascendc_api_version = re.findall(r"#define ASCENDC_API_VERSION (\d+)", ascendc_api_version_file.read())
[2026-09-30 14:04:05] [67/90] Generating scripts/install.sh, scripts/upgrade.sh
[2026-09-30 14:04:05] [68/90] Generating version.info
[2026-09-30 14:04:05] [69/90] Completed 'tiling_sink_task'
[2026-09-30 14:04:05] [70/90] Linking CXX shared library libcust_opsproto_rt2.0.so
[2026-09-30 14:04:06] [71/90] cd /mnt/workspace/hc-pre-reduction-20260930/peeled/csrc/build && /mnt/workspace/mhc-validation-20260930/venv/lib/python3.12/site-packages/cmake/data/bin/cmake -E make_directory /mnt/workspace/hc-pre-reduction-20260930/peeled/csrc/build/binary/ascend910b/gen && /mnt/workspace/mhc-validation-20260930/venv/bin/python3.12 /mnt/workspace/hc-pre-reduction-20260930/peeled/csrc/cmake/scripts/util/ascendc_bin_param_build.py /mnt/workspace/hc-pre-reduction-20260930/peeled/csrc/build/autogen/aic-ascend910b-ops-info.ini /mnt/workspace/hc-pre-reduction-20260930/peeled/csrc/build/binary/ascend910b/gen ascend910b --opc-config-file /mnt/workspace/hc-pre-reduction-20260930/peeled/csrc/build/autogen/custom_opc_options.ini && /mnt/workspace/mhc-validation-20260930/venv/bin/python3.12 /mnt/workspace/hc-pre-reduction-20260930/peeled/csrc/cmake/scripts/util/ascendc_bin_param_build.py /mnt/workspace/hc-pre-reduction-20260930/peeled/csrc/build/autogen/inner/aic-ascend910b-ops-info.ini /mnt/workspace/hc-pre-reduction-20260930/peeled/csrc/build/binary/ascend910b/gen ascend910b --opc-config-file /mnt/workspace/hc-pre-reduction-20260930/peeled/csrc/build/autogen/custom_opc_options.ini && /mnt/workspace/mhc-validation-20260930/venv/bin/python3.12 /mnt/workspace/hc-pre-reduction-20260930/peeled/csrc/cmake/scripts/util/ascendc_bin_param_build.py /mnt/workspace/hc-pre-reduction-20260930/peeled/csrc/build/autogen/exc/aic-ascend910b-ops-info.ini /mnt/workspace/hc-pre-reduction-20260930/peeled/csrc/build/binary/ascend910b/gen ascend910b --opc-config-file /mnt/workspace/hc-pre-reduction-20260930/peeled/csrc/build/autogen/custom_opc_options.ini && bash /mnt/workspace/hc-pre-reduction-20260930/peeled/csrc/cmake/scripts/fix_format.sh /mnt/workspace/hc-pre-reduction-20260930/peeled/csrc/build/binary/ascend910b/gen
[2026-09-30 14:04:06] INFO: /mnt/workspace/hc-pre-reduction-20260930/peeled/csrc/build/autogen/inner/aic-ascend910b-ops-info.ini does not exists in this project, skip generating compile commands.
[2026-09-30 14:04:06] INFO: /mnt/workspace/hc-pre-reduction-20260930/peeled/csrc/build/autogen/exc/aic-ascend910b-ops-info.ini does not exists in this project, skip generating compile commands.
[2026-09-30 14:04:09] [72/90] Building CXX object moe/hc_pre/op_host/CMakeFiles/ophost_transformer_tiling_obj.dir/hc_pre_tiling.cpp.o
[2026-09-30 14:04:09] In file included from /mnt/workspace/hc-pre-reduction-20260930/peeled/csrc/moe/hc_pre/op_host/hc_pre_tiling.cpp:18:
[2026-09-30 14:04:09] /mnt/workspace/hc-pre-reduction-20260930/peeled/csrc/moe/hc_pre/op_host/hc_pre_tiling_arch35.h: In member function ‘ge::graphStatus optiling::HcPreTilingRegbase::HcPreTilingRegbase::CalcRegbaseOpTiling()’:
[2026-09-30 14:04:09] /mnt/workspace/hc-pre-reduction-20260930/peeled/csrc/moe/hc_pre/op_host/hc_pre_tiling_arch35.h:279:27: warning: conversion from ‘double’ to ‘float’ may change value [-Wfloat-conversion]
[2026-09-30 14:04:09]   279 |     tilingData_.set_hcEps(hcEps_);
[2026-09-30 14:04:09]       |                           ^~~~~~
[2026-09-30 14:04:09] /mnt/workspace/hc-pre-reduction-20260930/peeled/csrc/moe/hc_pre/op_host/hc_pre_tiling_arch35.h:280:29: warning: conversion from ‘double’ to ‘float’ may change value [-Wfloat-conversion]
[2026-09-30 14:04:09]   280 |     tilingData_.set_normEps(normEps_);
[2026-09-30 14:04:09]       |                             ^~~~~~~~
[2026-09-30 14:04:09] /mnt/workspace/hc-pre-reduction-20260930/peeled/csrc/moe/hc_pre/op_host/hc_pre_tiling_arch35.h: In member function ‘ge::graphStatus optiling::HcPreTilingRegbase::HcPreTilingRegbase::CalcMKSplitCorePart2Tiling()’:
[2026-09-30 14:04:09] /mnt/workspace/hc-pre-reduction-20260930/peeled/csrc/moe/hc_pre/op_host/hc_pre_tiling_arch35.h:394:27: warning: conversion from ‘double’ to ‘float’ may change value [-Wfloat-conversion]
[2026-09-30 14:04:09]   394 |     tilingData_.set_hcEps(hcEps_);
[2026-09-30 14:04:09]       |                           ^~~~~~
[2026-09-30 14:04:09] /mnt/workspace/hc-pre-reduction-20260930/peeled/csrc/moe/hc_pre/op_host/hc_pre_tiling_arch35.h:395:29: warning: conversion from ‘double’ to ‘float’ may change value [-Wfloat-conversion]
[2026-09-30 14:04:09]   395 |     tilingData_.set_normEps(normEps_);
[2026-09-30 14:04:09]       |                             ^~~~~~~~
[2026-09-30 14:04:09] /mnt/workspace/hc-pre-reduction-20260930/peeled/csrc/moe/hc_pre/op_host/hc_pre_tiling.cpp: In member function ‘ge::graphStatus optiling::HcPreTiling::CalcMKSplitCoreMembasePart2Tiling()’:
[2026-09-30 14:04:09] /mnt/workspace/hc-pre-reduction-20260930/peeled/csrc/moe/hc_pre/op_host/hc_pre_tiling.cpp:274:27: warning: conversion from ‘double’ to ‘float’ may change value [-Wfloat-conversion]
[2026-09-30 14:04:09]   274 |     tilingData_.set_hcEps(hcEps_);
[2026-09-30 14:04:09]       |                           ^~~~~~
[2026-09-30 14:04:09] /mnt/workspace/hc-pre-reduction-20260930/peeled/csrc/moe/hc_pre/op_host/hc_pre_tiling.cpp:275:29: warning: conversion from ‘double’ to ‘float’ may change value [-Wfloat-conversion]
[2026-09-30 14:04:09]   275 |     tilingData_.set_normEps(normEps_);
[2026-09-30 14:04:09]       |                             ^~~~~~~~
[2026-09-30 14:04:09] [73/90] Linking CXX shared library libcust_opmaster_rt2.0.so
[2026-09-30 14:04:09] [74/90] Generating compat/liboptiling.so
[2026-09-30 14:04:30] [75/90] Generating binary/ascend910b/gen/hc_pre_ascend910b_0.done
[2026-09-30 14:04:30] [ascend910b] Generating HcPre_6c9f0fa710253eff38b1c0e6be6a67be ...
[2026-09-30 14:04:30] [INFO] RUNTIME(1050410,python3):2026-09-30-14:04:14.947.105 [task_fail_callback_data_manager.cc:93] 1050410 TaskFailCallBackManager: Constructor.
[2026-09-30 14:04:30] [INFO] RUNTIME(1050410,python3):2026-09-30-14:04:14.947.144 [xpu_task_fail_callback_data_manager.cc:59] 1050410 XpuTaskFailCallBackManager: XpuTaskFailCallBackManager Constructor.
[2026-09-30 14:04:30] Opc tool start working now, please wait for a moment.
[2026-09-30 14:04:30] [INFO] RUNTIME(1050410,python3):2026-09-30-14:04:29.880.519 [xpu_task_fail_callback_data_manager.cc:64] 1050410 ~XpuTaskFailCallBackManager: XpuTaskFailCallBackManager Destructor.
[2026-09-30 14:04:30] [INFO] RUNTIME(1050410,python3):2026-09-30-14:04:29.880.551 [task_fail_callback_data_manager.cc:98] 1050410 ~TaskFailCallBackManager: Destructor.
[2026-09-30 14:04:30] [INFO] ATRACE(1050410,python3):2026-09-30-14:04:30.045.337 [stacktrace_signal.c:199](tid:1050410) unregister all signal handlers, can not capture signal.
[2026-09-30 14:04:30] [ascend910b] Generating HcPre_6c9f0fa710253eff38b1c0e6be6a67be Done
[2026-09-30 14:04:33] [76/90] Generating binary/ascend910b/gen/hc_pre_ascend910b_1.done
[2026-09-30 14:04:33] [ascend910b] Generating HcPre_6c9f0fa710253eff38b1c0e6be6a67be_relocatable ...
[2026-09-30 14:04:33] [INFO] RUNTIME(1050411,python3):2026-09-30-14:04:17.267.421 [task_fail_callback_data_manager.cc:93] 1050411 TaskFailCallBackManager: Constructor.
[2026-09-30 14:04:33] [INFO] RUNTIME(1050411,python3):2026-09-30-14:04:17.267.459 [xpu_task_fail_callback_data_manager.cc:59] 1050411 XpuTaskFailCallBackManager: XpuTaskFailCallBackManager Constructor.
[2026-09-30 14:04:33] Opc tool start working now, please wait for a moment.
[2026-09-30 14:04:33] [INFO] RUNTIME(1050411,python3):2026-09-30-14:04:32.635.614 [xpu_task_fail_callback_data_manager.cc:64] 1050411 ~XpuTaskFailCallBackManager: XpuTaskFailCallBackManager Destructor.
[2026-09-30 14:04:33] [INFO] RUNTIME(1050411,python3):2026-09-30-14:04:32.635.651 [task_fail_callback_data_manager.cc:98] 1050411 ~TaskFailCallBackManager: Destructor.
[2026-09-30 14:04:33] [INFO] ATRACE(1050411,python3):2026-09-30-14:04:32.829.708 [stacktrace_signal.c:199](tid:1050411) unregister all signal handlers, can not capture signal.
[2026-09-30 14:04:33] [ascend910b] Generating HcPre_6c9f0fa710253eff38b1c0e6be6a67be_relocatable Done
[2026-09-30 14:04:33] [77/90] cd /mnt/workspace/hc-pre-reduction-20260930/peeled/csrc/build && /mnt/workspace/mhc-validation-20260930/venv/bin/python3.12 /mnt/workspace/hc-pre-reduction-20260930/peeled/csrc/cmake/scripts/util/ascendc_ops_config.py -p /mnt/workspace/hc-pre-reduction-20260930/peeled/csrc/build/binary/ascend910b/bin -s ascend910b
[2026-09-30 14:11:02] [78/90] Performing build step for 'ascend_protobuf_build_transformer'
[2026-09-30 14:11:02] [  0%] Building CXX object third_party/abseil-cpp/absl/numeric/CMakeFiles/int128.dir/int128.cc.o
[2026-09-30 14:11:02] [  0%] Building CXX object third_party/abseil-cpp/absl/base/CMakeFiles/spinlock_wait.dir/internal/spinlock_wait.cc.o
[2026-09-30 14:11:02] [  1%] Building CXX object third_party/abseil-cpp/absl/base/CMakeFiles/log_severity.dir/log_severity.cc.o
[2026-09-30 14:11:02] [  1%] Building CXX object third_party/abseil-cpp/absl/base/CMakeFiles/strerror.dir/internal/strerror.cc.o
[2026-09-30 14:11:02] [  1%] Linking CXX static library libabsl_spinlock_wait.a
[2026-09-30 14:11:02] [  1%] Built target spinlock_wait
[2026-09-30 14:11:02] [  1%] Building CXX object third_party/abseil-cpp/absl/time/CMakeFiles/time_zone.dir/internal/cctz/src/time_zone_fixed.cc.o
[2026-09-30 14:11:02] [  1%] Linking CXX static library libabsl_strerror.a
[2026-09-30 14:11:02] [  1%] Built target strerror
[2026-09-30 14:11:02] [  1%] Building CXX object third_party/abseil-cpp/absl/profiling/CMakeFiles/exponential_biased.dir/internal/exponential_biased.cc.o
[2026-09-30 14:11:02] [  1%] Linking CXX static library libabsl_log_severity.a
[2026-09-30 14:11:02] [  1%] Built target log_severity
[2026-09-30 14:11:02] [  1%] Building CXX object third_party/abseil-cpp/absl/time/CMakeFiles/civil_time.dir/internal/cctz/src/civil_time_detail.cc.o
[2026-09-30 14:11:02] [  2%] Linking CXX static library libabsl_exponential_biased.a
[2026-09-30 14:11:02] [  2%] Built target exponential_biased
[2026-09-30 14:11:02] [  2%] Building CXX object third_party/abseil-cpp/absl/debugging/CMakeFiles/leak_check.dir/leak_check.cc.o
[2026-09-30 14:11:02] [  2%] Linking CXX static library libabsl_leak_check.a
[2026-09-30 14:11:02] [  2%] Built target leak_check
[2026-09-30 14:11:02] [  2%] Building CXX object third_party/abseil-cpp/absl/flags/CMakeFiles/flags_commandlineflag_internal.dir/internal/commandlineflag.cc.o
[2026-09-30 14:11:02] [  2%] Building CXX object third_party/abseil-cpp/absl/time/CMakeFiles/time_zone.dir/internal/cctz/src/time_zone_format.cc.o
[2026-09-30 14:11:02] [  2%] Linking CXX static library libabsl_flags_commandlineflag_internal.a
[2026-09-30 14:11:02] [  2%] Built target flags_commandlineflag_internal
[2026-09-30 14:11:02] [  3%] Building CXX object third_party/abseil-cpp/absl/log/CMakeFiles/log_internal_nullguard.dir/internal/nullguard.cc.o
[2026-09-30 14:11:02] [  3%] Linking CXX static library libabsl_int128.a
[2026-09-30 14:11:02] [  3%] Built target int128
[2026-09-30 14:11:02] [  3%] Building CXX object third_party/abseil-cpp/absl/profiling/CMakeFiles/periodic_sampler.dir/internal/periodic_sampler.cc.o
[2026-09-30 14:11:02] [  3%] Linking CXX static library libabsl_log_internal_nullguard.a
[2026-09-30 14:11:02] [  3%] Built target log_internal_nullguard
[2026-09-30 14:11:02] [  4%] Building CXX object third_party/abseil-cpp/absl/random/CMakeFiles/random_seed_gen_exception.dir/seed_gen_exception.cc.o
[2026-09-30 14:11:02] [  5%] Linking CXX static library libabsl_periodic_sampler.a
[2026-09-30 14:11:02] [  5%] Built target periodic_sampler
[2026-09-30 14:11:02] [  5%] Building CXX object third_party/abseil-cpp/absl/random/CMakeFiles/random_internal_platform.dir/internal/randen_round_keys.cc.o
[2026-09-30 14:11:02] [  6%] Linking CXX static library libabsl_random_internal_platform.a
[2026-09-30 14:11:02] [  6%] Built target random_internal_platform
[2026-09-30 14:11:02] [  6%] Building C object third_party/utf8_range/CMakeFiles/utf8_range.dir/naive.c.o
[2026-09-30 14:11:02] [  7%] Building C object third_party/utf8_range/CMakeFiles/utf8_range.dir/range2-neon.c.o
[2026-09-30 14:11:02] [  7%] Linking CXX static library libabsl_civil_time.a
[2026-09-30 14:11:02] [  7%] Built target civil_time
[2026-09-30 14:11:02] [  7%] Building C object third_party/utf8_range/CMakeFiles/utf8_range.dir/range2-sse.c.o
[2026-09-30 14:11:02] [  7%] Building CXX object third_party/abseil-cpp/absl/base/CMakeFiles/raw_logging_internal.dir/internal/raw_logging.cc.o
[2026-09-30 14:11:02] [  7%] Linking CXX static library libabsl_random_seed_gen_exception.a
[2026-09-30 14:11:02] [  7%] Built target random_seed_gen_exception
[2026-09-30 14:11:02] [  7%] Building CXX object third_party/abseil-cpp/absl/random/CMakeFiles/random_internal_randen_hwaes_impl.dir/internal/randen_hwaes.cc.o
[2026-09-30 14:11:02] [  7%] Linking C static library libutf8_range.a
[2026-09-30 14:11:02] [  7%] Built target utf8_range
[2026-09-30 14:11:02] [  8%] Building CXX object third_party/abseil-cpp/absl/random/CMakeFiles/random_internal_randen_slow.dir/internal/randen_slow.cc.o
[2026-09-30 14:11:02] [  8%] Linking CXX static library libabsl_raw_logging_internal.a
[2026-09-30 14:11:02] [  8%] Built target raw_logging_internal
[2026-09-30 14:11:02] [  9%] Building CXX object third_party/abseil-cpp/absl/time/CMakeFiles/time_zone.dir/internal/cctz/src/time_zone_if.cc.o
[2026-09-30 14:11:02] [  9%] Linking CXX static library libabsl_random_internal_randen_slow.a
[2026-09-30 14:11:02] [  9%] Built target random_internal_randen_slow
[2026-09-30 14:11:02] [  9%] Building CXX object third_party/abseil-cpp/absl/base/CMakeFiles/base.dir/internal/cycleclock.cc.o
[2026-09-30 14:11:02] [  9%] Building CXX object third_party/abseil-cpp/absl/base/CMakeFiles/throw_delegate.dir/internal/throw_delegate.cc.o
[2026-09-30 14:11:02] [  9%] Linking CXX static library libabsl_random_internal_randen_hwaes_impl.a
[2026-09-30 14:11:02] [  9%] Building CXX object third_party/abseil-cpp/absl/base/CMakeFiles/base.dir/internal/spinlock.cc.o
[2026-09-30 14:11:02] [  9%] Built target random_internal_randen_hwaes_impl
[2026-09-30 14:11:02] [  9%] Building CXX object third_party/abseil-cpp/absl/debugging/CMakeFiles/debugging_internal.dir/internal/address_is_readable.cc.o
[2026-09-30 14:11:02] [  9%] Building CXX object third_party/abseil-cpp/absl/time/CMakeFiles/time_zone.dir/internal/cctz/src/time_zone_impl.cc.o
[2026-09-30 14:11:02] [ 10%] Linking CXX static library libabsl_throw_delegate.a
[2026-09-30 14:11:02] [ 10%] Built target throw_delegate
[2026-09-30 14:11:02] [ 10%] Building CXX object third_party/abseil-cpp/absl/debugging/CMakeFiles/debugging_internal.dir/internal/elf_mem_image.cc.o
[2026-09-30 14:11:02] [ 10%] Building CXX object third_party/abseil-cpp/absl/time/CMakeFiles/time_zone.dir/internal/cctz/src/time_zone_info.cc.o
[2026-09-30 14:11:02] [ 10%] Building CXX object third_party/abseil-cpp/absl/base/CMakeFiles/base.dir/internal/sysinfo.cc.o
[2026-09-30 14:11:02] [ 11%] Building CXX object third_party/abseil-cpp/absl/debugging/CMakeFiles/debugging_internal.dir/internal/vdso_support.cc.o
[2026-09-30 14:11:02] [ 12%] Building CXX object third_party/abseil-cpp/absl/base/CMakeFiles/base.dir/internal/thread_identity.cc.o
[2026-09-30 14:11:02] [ 12%] Building CXX object third_party/abseil-cpp/absl/base/CMakeFiles/base.dir/internal/unscaledcycleclock.cc.o
[2026-09-30 14:11:02] [ 12%] Building CXX object third_party/abseil-cpp/absl/time/CMakeFiles/time_zone.dir/internal/cctz/src/time_zone_libc.cc.o
[2026-09-30 14:11:02] [ 12%] Linking CXX static library libabsl_debugging_internal.a
[2026-09-30 14:11:02] [ 12%] Built target debugging_internal
[2026-09-30 14:11:02] [ 13%] Building CXX object third_party/abseil-cpp/absl/types/CMakeFiles/bad_variant_access.dir/bad_variant_access.cc.o
[2026-09-30 14:11:02] [ 13%] Linking CXX static library libabsl_bad_variant_access.a
[2026-09-30 14:11:02] [ 13%] Linking CXX static library libabsl_base.a
[2026-09-30 14:11:02] [ 13%] Built target bad_variant_access
[2026-09-30 14:11:02] [ 13%] Built target base
[2026-09-30 14:11:02] [ 13%] Building CXX object third_party/abseil-cpp/absl/types/CMakeFiles/bad_optional_access.dir/bad_optional_access.cc.o
[2026-09-30 14:11:02] [ 13%] Building CXX object third_party/abseil-cpp/absl/strings/CMakeFiles/cordz_functions.dir/internal/cordz_functions.cc.o
[2026-09-30 14:11:02] [ 14%] Building CXX object third_party/abseil-cpp/absl/time/CMakeFiles/time_zone.dir/internal/cctz/src/time_zone_lookup.cc.o
[2026-09-30 14:11:02] [ 14%] Linking CXX static library libabsl_bad_optional_access.a
[2026-09-30 14:11:02] [ 14%] Built target bad_optional_access
[2026-09-30 14:11:02] [ 15%] Building CXX object third_party/abseil-cpp/absl/log/CMakeFiles/log_internal_conditions.dir/internal/conditions.cc.o
[2026-09-30 14:11:02] [ 15%] Building CXX object third_party/abseil-cpp/absl/time/CMakeFiles/time_zone.dir/internal/cctz/src/time_zone_posix.cc.o
[2026-09-30 14:11:02] [ 15%] Linking CXX static library libabsl_cordz_functions.a
[2026-09-30 14:11:02] [ 15%] Linking CXX static library libabsl_log_internal_conditions.a
[2026-09-30 14:11:02] [ 15%] Built target cordz_functions
[2026-09-30 14:11:02] [ 15%] Built target log_internal_conditions
[2026-09-30 14:11:02] [ 15%] Building CXX object third_party/abseil-cpp/absl/base/CMakeFiles/scoped_set_env.dir/internal/scoped_set_env.cc.o
[2026-09-30 14:11:02] [ 15%] Building CXX object third_party/abseil-cpp/absl/random/CMakeFiles/random_internal_randen_hwaes.dir/internal/randen_detect.cc.o
[2026-09-30 14:11:02] [ 15%] Linking CXX static library libabsl_random_internal_randen_hwaes.a
[2026-09-30 14:11:02] [ 15%] Built target random_internal_randen_hwaes
[2026-09-30 14:11:02] [ 15%] Building CXX object third_party/abseil-cpp/absl/types/CMakeFiles/bad_any_cast_impl.dir/bad_any_cast.cc.o
[2026-09-30 14:11:02] [ 15%] Building CXX object third_party/abseil-cpp/absl/time/CMakeFiles/time_zone.dir/internal/cctz/src/zone_info_source.cc.o
[2026-09-30 14:11:02] [ 16%] Linking CXX static library libabsl_scoped_set_env.a
[2026-09-30 14:11:02] [ 16%] Built target scoped_set_env
[2026-09-30 14:11:02] [ 16%] Building CXX object third_party/abseil-cpp/absl/strings/CMakeFiles/strings_internal.dir/internal/ostringstream.cc.o
[2026-09-30 14:11:02] [ 17%] Building CXX object third_party/abseil-cpp/absl/strings/CMakeFiles/string_view.dir/string_view.cc.o
[2026-09-30 14:11:02] [ 17%] Linking CXX static library libabsl_bad_any_cast_impl.a
[2026-09-30 14:11:02] [ 17%] Built target bad_any_cast_impl
[2026-09-30 14:11:02] [ 17%] Building CXX object third_party/abseil-cpp/absl/base/CMakeFiles/malloc_internal.dir/internal/low_level_alloc.cc.o
[2026-09-30 14:11:02] [ 17%] Linking CXX static library libabsl_time_zone.a
[2026-09-30 14:11:02] [ 17%] Built target time_zone
[2026-09-30 14:11:02] [ 17%] Building CXX object third_party/abseil-cpp/absl/debugging/CMakeFiles/stacktrace.dir/stacktrace.cc.o
[2026-09-30 14:11:02] [ 18%] Building CXX object third_party/abseil-cpp/absl/strings/CMakeFiles/strings_internal.dir/internal/utf8.cc.o
[2026-09-30 14:11:02] [ 18%] Building CXX object third_party/abseil-cpp/absl/strings/CMakeFiles/strings_internal.dir/internal/escaping.cc.o
[2026-09-30 14:11:02] [ 18%] Linking CXX static library libabsl_string_view.a
[2026-09-30 14:11:02] [ 18%] Built target string_view
[2026-09-30 14:11:02] [ 18%] Building CXX object third_party/abseil-cpp/absl/debugging/CMakeFiles/demangle_internal.dir/internal/demangle.cc.o
[2026-09-30 14:11:02] [ 18%] Linking CXX static library libabsl_stacktrace.a
[2026-09-30 14:11:02] [ 18%] Linking CXX static library libabsl_malloc_internal.a
[2026-09-30 14:11:02] [ 18%] Built target stacktrace
[2026-09-30 14:11:02] [ 18%] Built target malloc_internal
[2026-09-30 14:11:02] [ 18%] Building CXX object third_party/abseil-cpp/absl/hash/CMakeFiles/city.dir/internal/city.cc.o
[2026-09-30 14:11:02] [ 18%] Building CXX object third_party/abseil-cpp/absl/hash/CMakeFiles/low_level_hash.dir/internal/low_level_hash.cc.o
[2026-09-30 14:11:02] [ 18%] Linking CXX static library libabsl_strings_internal.a
[2026-09-30 14:11:02] [ 18%] Built target strings_internal
[2026-09-30 14:11:02] [ 18%] Building CXX object third_party/abseil-cpp/absl/crc/CMakeFiles/crc_cpu_detect.dir/internal/cpu_detect.cc.o
[2026-09-30 14:11:02] [ 19%] Linking CXX static library libabsl_low_level_hash.a
[2026-09-30 14:11:02] [ 19%] Built target low_level_hash
[2026-09-30 14:11:02] [ 20%] Linking CXX static library libabsl_city.a
[2026-09-30 14:11:02] [ 20%] Building CXX object third_party/abseil-cpp/absl/random/CMakeFiles/random_internal_randen.dir/internal/randen.cc.o
[2026-09-30 14:11:02] [ 20%] Built target city
[2026-09-30 14:11:02] [ 20%] Building CXX object third_party/abseil-cpp/absl/strings/CMakeFiles/strings.dir/ascii.cc.o
[2026-09-30 14:11:02] [ 20%] Linking CXX static library libabsl_crc_cpu_detect.a
[2026-09-30 14:11:02] [ 20%] Built target crc_cpu_detect
[2026-09-30 14:11:02] [ 20%] Building CXX object third_party/abseil-cpp/absl/synchronization/CMakeFiles/graphcycles_internal.dir/internal/graphcycles.cc.o
[2026-09-30 14:11:02] [ 20%] Linking CXX static library libabsl_demangle_internal.a
[2026-09-30 14:11:02] [ 20%] Built target demangle_internal
[2026-09-30 14:11:02] [ 21%] Building CXX object third_party/abseil-cpp/absl/crc/CMakeFiles/crc_internal.dir/internal/crc.cc.o
[2026-09-30 14:11:02] [ 22%] Linking CXX static library libabsl_random_internal_randen.a
[2026-09-30 14:11:02] [ 22%] Built target random_internal_randen
[2026-09-30 14:11:02] [ 22%] Building CXX object third_party/abseil-cpp/absl/crc/CMakeFiles/crc_internal.dir/internal/crc_x86_arm_combined.cc.o
[2026-09-30 14:11:02] [ 22%] Building CXX object third_party/abseil-cpp/absl/strings/CMakeFiles/strings.dir/charconv.cc.o
[2026-09-30 14:11:02] [ 23%] Building CXX object third_party/abseil-cpp/absl/strings/CMakeFiles/strings.dir/escaping.cc.o
[2026-09-30 14:11:02] [ 23%] Linking CXX static library libabsl_crc_internal.a
[2026-09-30 14:11:02] [ 23%] Built target crc_internal
[2026-09-30 14:11:02] [ 23%] Building CXX object third_party/abseil-cpp/absl/strings/CMakeFiles/strings.dir/internal/charconv_bigint.cc.o
[2026-09-30 14:11:02] [ 24%] Linking CXX static library libabsl_graphcycles_internal.a
[2026-09-30 14:11:02] [ 24%] Built target graphcycles_internal
[2026-09-30 14:11:02] [ 24%] Building CXX object third_party/abseil-cpp/absl/strings/CMakeFiles/strings.dir/internal/charconv_parse.cc.o
[2026-09-30 14:11:02] [ 24%] Building CXX object third_party/abseil-cpp/absl/strings/CMakeFiles/strings.dir/internal/damerau_levenshtein_distance.cc.o
[2026-09-30 14:11:02] [ 24%] Building CXX object third_party/abseil-cpp/absl/strings/CMakeFiles/strings.dir/internal/memutil.cc.o
[2026-09-30 14:11:02] [ 25%] Building CXX object third_party/abseil-cpp/absl/strings/CMakeFiles/strings.dir/internal/stringify_sink.cc.o
[2026-09-30 14:11:02] [ 25%] Building CXX object third_party/abseil-cpp/absl/strings/CMakeFiles/strings.dir/match.cc.o
[2026-09-30 14:11:02] [ 25%] Building CXX object third_party/abseil-cpp/absl/strings/CMakeFiles/strings.dir/numbers.cc.o
[2026-09-30 14:11:02] [ 25%] Building CXX object third_party/abseil-cpp/absl/strings/CMakeFiles/strings.dir/str_cat.cc.o
[2026-09-30 14:11:02] [ 25%] Building CXX object third_party/abseil-cpp/absl/strings/CMakeFiles/strings.dir/str_replace.cc.o
[2026-09-30 14:11:02] [ 26%] Building CXX object third_party/abseil-cpp/absl/strings/CMakeFiles/strings.dir/str_split.cc.o
[2026-09-30 14:11:02] [ 26%] Building CXX object third_party/abseil-cpp/absl/strings/CMakeFiles/strings.dir/substitute.cc.o
[2026-09-30 14:11:02] [ 26%] Linking CXX static library libabsl_strings.a
[2026-09-30 14:11:02] [ 26%] Built target strings
[2026-09-30 14:11:02] [ 26%] Building CXX object third_party/utf8_range/CMakeFiles/utf8_validity.dir/utf8_validity.cc.o
[2026-09-30 14:11:02] [ 26%] Building CXX object third_party/abseil-cpp/absl/debugging/CMakeFiles/symbolize.dir/symbolize.cc.o
[2026-09-30 14:11:02] [ 26%] Building CXX object third_party/abseil-cpp/absl/hash/CMakeFiles/hash.dir/internal/hash.cc.o
[2026-09-30 14:11:02] [ 26%] Building CXX object third_party/abseil-cpp/absl/time/CMakeFiles/time.dir/civil_time.cc.o
[2026-09-30 14:11:02] [ 27%] Linking CXX static library libutf8_validity.a
[2026-09-30 14:11:02] [ 27%] Built target utf8_validity
[2026-09-30 14:11:02] [ 28%] Building CXX object third_party/abseil-cpp/absl/strings/CMakeFiles/str_format_internal.dir/internal/str_format/arg.cc.o
[2026-09-30 14:11:02] [ 28%] Linking CXX static library libabsl_hash.a
[2026-09-30 14:11:02] [ 28%] Built target hash
[2026-09-30 14:11:02] [ 29%] Building CXX object third_party/abseil-cpp/absl/flags/CMakeFiles/flags_commandlineflag.dir/commandlineflag.cc.o
[2026-09-30 14:11:02] [ 29%] Linking CXX static library libabsl_symbolize.a
[2026-09-30 14:11:02] [ 29%] Built target symbolize
[2026-09-30 14:11:02] [ 29%] Building CXX object third_party/abseil-cpp/absl/strings/CMakeFiles/str_format_internal.dir/internal/str_format/bind.cc.o
[2026-09-30 14:11:02] [ 29%] Building CXX object third_party/abseil-cpp/absl/time/CMakeFiles/time.dir/clock.cc.o
[2026-09-30 14:11:02] [ 29%] Linking CXX static library libabsl_flags_commandlineflag.a
[2026-09-30 14:11:02] [ 29%] Built target flags_commandlineflag
[2026-09-30 14:11:02] [ 29%] Building CXX object third_party/abseil-cpp/absl/log/CMakeFiles/log_internal_proto.dir/internal/proto.cc.o
[2026-09-30 14:11:02] [ 29%] Linking CXX static library libabsl_log_internal_proto.a
[2026-09-30 14:11:02] [ 29%] Building CXX object third_party/abseil-cpp/absl/time/CMakeFiles/time.dir/duration.cc.o
[2026-09-30 14:11:02] [ 29%] Built target log_internal_proto
[2026-09-30 14:11:02] [ 30%] Building CXX object third_party/abseil-cpp/absl/time/CMakeFiles/time.dir/format.cc.o
[2026-09-30 14:11:02] [ 30%] Building CXX object third_party/abseil-cpp/absl/strings/CMakeFiles/str_format_internal.dir/internal/str_format/extension.cc.o
[2026-09-30 14:11:02] [ 30%] Building CXX object third_party/abseil-cpp/absl/strings/CMakeFiles/str_format_internal.dir/internal/str_format/float_conversion.cc.o
[2026-09-30 14:11:02] [ 31%] Building CXX object third_party/abseil-cpp/absl/strings/CMakeFiles/str_format_internal.dir/internal/str_format/output.cc.o
[2026-09-30 14:11:02] [ 31%] Building CXX object third_party/abseil-cpp/absl/time/CMakeFiles/time.dir/time.cc.o
[2026-09-30 14:11:02] [ 31%] Building CXX object third_party/abseil-cpp/absl/strings/CMakeFiles/str_format_internal.dir/internal/str_format/parser.cc.o
[2026-09-30 14:11:02] [ 31%] Building CXX object third_party/abseil-cpp/absl/log/CMakeFiles/log_globals.dir/globals.cc.o
[2026-09-30 14:11:02] [ 31%] Linking CXX static library libabsl_time.a
[2026-09-30 14:11:02] [ 31%] Built target time
[2026-09-30 14:11:02] [ 31%] Building CXX object third_party/abseil-cpp/absl/random/CMakeFiles/random_distributions.dir/discrete_distribution.cc.o
[2026-09-30 14:11:02] [ 31%] Building CXX object third_party/abseil-cpp/absl/random/CMakeFiles/random_distributions.dir/gaussian_distribution.cc.o
[2026-09-30 14:11:02] [ 31%] Linking CXX static library libabsl_str_format_internal.a
[2026-09-30 14:11:02] [ 31%] Built target str_format_internal
[2026-09-30 14:11:02] [ 31%] Building CXX object third_party/abseil-cpp/absl/random/CMakeFiles/random_internal_seed_material.dir/internal/seed_material.cc.o
[2026-09-30 14:11:02] [ 31%] Linking CXX static library libabsl_log_globals.a
[2026-09-30 14:11:02] [ 31%] Built target log_globals
[2026-09-30 14:11:02] [ 31%] Building CXX object third_party/abseil-cpp/absl/random/CMakeFiles/random_internal_distribution_test_util.dir/internal/chi_square.cc.o
[2026-09-30 14:11:02] [ 31%] Building CXX object third_party/abseil-cpp/absl/random/CMakeFiles/random_internal_distribution_test_util.dir/internal/distribution_test_util.cc.o
[2026-09-30 14:11:02] [ 32%] Linking CXX static library libabsl_random_distributions.a
[2026-09-30 14:11:02] [ 32%] Built target random_distributions
[2026-09-30 14:11:02] [ 32%] Building CXX object third_party/abseil-cpp/absl/synchronization/CMakeFiles/kernel_timeout_internal.dir/internal/kernel_timeout.cc.o
[2026-09-30 14:11:02] [ 33%] Building CXX object third_party/abseil-cpp/absl/crc/CMakeFiles/crc32c.dir/crc32c.cc.o
[2026-09-30 14:11:02] [ 33%] Linking CXX static library libabsl_random_internal_seed_material.a
[2026-09-30 14:11:02] [ 33%] Built target random_internal_seed_material
[2026-09-30 14:11:02] [ 33%] Building CXX object third_party/abseil-cpp/absl/debugging/CMakeFiles/examine_stack.dir/internal/examine_stack.cc.o
[2026-09-30 14:11:02] [ 34%] Linking CXX static library libabsl_kernel_timeout_internal.a
[2026-09-30 14:11:02] [ 34%] Built target kernel_timeout_internal
[2026-09-30 14:11:02] [ 34%] Building CXX object third_party/abseil-cpp/absl/flags/CMakeFiles/flags_marshalling.dir/marshalling.cc.o
[2026-09-30 14:11:02] [ 34%] Linking CXX static library libabsl_random_internal_distribution_test_util.a
[2026-09-30 14:11:02] [ 34%] Built target random_internal_distribution_test_util
[2026-09-30 14:11:02] [ 34%] Building CXX object third_party/abseil-cpp/absl/flags/CMakeFiles/flags_private_handle_accessor.dir/internal/private_handle_accessor.cc.o
[2026-09-30 14:11:02] [ 34%] Linking CXX static library libabsl_examine_stack.a
[2026-09-30 14:11:02] [ 34%] Built target examine_stack
[2026-09-30 14:11:02] [ 34%] Building CXX object third_party/abseil-cpp/absl/log/CMakeFiles/log_internal_globals.dir/internal/globals.cc.o
[2026-09-30 14:11:02] [ 34%] Building CXX object third_party/abseil-cpp/absl/crc/CMakeFiles/crc32c.dir/internal/crc_memcpy_fallback.cc.o
[2026-09-30 14:11:02] [ 34%] Linking CXX static library libabsl_flags_private_handle_accessor.a
[2026-09-30 14:11:02] [ 34%] Built target flags_private_handle_accessor
[2026-09-30 14:11:02] [ 34%] Building CXX object third_party/abseil-cpp/absl/log/CMakeFiles/log_entry.dir/log_entry.cc.o
[2026-09-30 14:11:02] [ 35%] Linking CXX static library libabsl_log_internal_globals.a
[2026-09-30 14:11:02] [ 35%] Built target log_internal_globals
[2026-09-30 14:11:02] [ 35%] Building CXX object third_party/abseil-cpp/absl/crc/CMakeFiles/crc32c.dir/internal/crc_memcpy_x86_64.cc.o
[2026-09-30 14:11:02] [ 36%] Linking CXX static library libabsl_log_entry.a
[2026-09-30 14:11:02] [ 36%] Built target log_entry
[2026-09-30 14:11:02] [ 36%] Building CXX object third_party/abseil-cpp/absl/debugging/CMakeFiles/failure_signal_handler.dir/failure_signal_handler.cc.o
[2026-09-30 14:11:02] [ 36%] Building CXX object third_party/abseil-cpp/absl/crc/CMakeFiles/crc32c.dir/internal/crc_non_temporal_memcpy.cc.o
[2026-09-30 14:11:02] [ 37%] Linking CXX static library libabsl_flags_marshalling.a
[2026-09-30 14:11:02] [ 37%] Built target flags_marshalling
[2026-09-30 14:11:02] [ 37%] Building CXX object third_party/abseil-cpp/absl/random/CMakeFiles/random_internal_pool_urbg.dir/internal/pool_urbg.cc.o
[2026-09-30 14:11:02] [ 37%] Linking CXX static library libabsl_failure_signal_handler.a
[2026-09-30 14:11:02] [ 37%] Built target failure_signal_handler
[2026-09-30 14:11:02] [ 38%] Building CXX object third_party/abseil-cpp/absl/synchronization/CMakeFiles/synchronization.dir/barrier.cc.o
[2026-09-30 14:11:02] [ 38%] Building CXX object third_party/abseil-cpp/absl/synchronization/CMakeFiles/synchronization.dir/blocking_counter.cc.o
[2026-09-30 14:11:02] [ 38%] Linking CXX static library libabsl_random_internal_pool_urbg.a
[2026-09-30 14:11:02] [ 38%] Built target random_internal_pool_urbg
[2026-09-30 14:11:02] [ 38%] Building CXX object third_party/abseil-cpp/absl/log/CMakeFiles/log_internal_format.dir/internal/log_format.cc.o
[2026-09-30 14:11:02] [ 38%] Building CXX object third_party/abseil-cpp/absl/synchronization/CMakeFiles/synchronization.dir/internal/create_thread_identity.cc.o
[2026-09-30 14:11:02] [ 38%] Building CXX object third_party/abseil-cpp/absl/synchronization/CMakeFiles/synchronization.dir/internal/futex_waiter.cc.o
[2026-09-30 14:11:02] [ 38%] Linking CXX static library libabsl_crc32c.a
[2026-09-30 14:11:02] [ 38%] Built target crc32c
[2026-09-30 14:11:02] [ 38%] Building CXX object third_party/abseil-cpp/absl/log/CMakeFiles/log_sink.dir/log_sink.cc.o
[2026-09-30 14:11:02] [ 39%] Building CXX object third_party/abseil-cpp/absl/synchronization/CMakeFiles/synchronization.dir/internal/per_thread_sem.cc.o
[2026-09-30 14:11:02] [ 39%] Linking CXX static library libabsl_log_sink.a
[2026-09-30 14:11:02] [ 39%] Built target log_sink
[2026-09-30 14:11:02] [ 40%] Building CXX object third_party/abseil-cpp/absl/log/CMakeFiles/log_initialize.dir/initialize.cc.o
[2026-09-30 14:11:02] [ 40%] Building CXX object third_party/abseil-cpp/absl/synchronization/CMakeFiles/synchronization.dir/internal/pthread_waiter.cc.o
[2026-09-30 14:11:02] [ 40%] Linking CXX static library libabsl_log_internal_format.a
[2026-09-30 14:11:02] [ 40%] Built target log_internal_format
[2026-09-30 14:11:02] [ 40%] Building CXX object third_party/abseil-cpp/absl/random/CMakeFiles/random_seed_sequences.dir/seed_sequences.cc.o
[2026-09-30 14:11:02] [ 40%] Linking CXX static library libabsl_log_initialize.a
[2026-09-30 14:11:02] [ 40%] Built target log_initialize
[2026-09-30 14:11:02] [ 40%] Building CXX object third_party/abseil-cpp/absl/synchronization/CMakeFiles/synchronization.dir/internal/sem_waiter.cc.o
[2026-09-30 14:11:02] [ 40%] Building CXX object third_party/abseil-cpp/absl/synchronization/CMakeFiles/synchronization.dir/internal/stdcpp_waiter.cc.o
[2026-09-30 14:11:02] [ 40%] Building CXX object third_party/abseil-cpp/absl/synchronization/CMakeFiles/synchronization.dir/internal/waiter_base.cc.o
[2026-09-30 14:11:02] [ 40%] Linking CXX static library libabsl_random_seed_sequences.a
[2026-09-30 14:11:02] [ 40%] Built target random_seed_sequences
[2026-09-30 14:11:02] [ 41%] Building CXX object third_party/abseil-cpp/absl/crc/CMakeFiles/crc_cord_state.dir/internal/crc_cord_state.cc.o
[2026-09-30 14:11:02] [ 42%] Building CXX object third_party/abseil-cpp/absl/synchronization/CMakeFiles/synchronization.dir/internal/win32_waiter.cc.o
[2026-09-30 14:11:02] [ 42%] Building CXX object third_party/abseil-cpp/absl/synchronization/CMakeFiles/synchronization.dir/notification.cc.o
[2026-09-30 14:11:02] [ 42%] Building CXX object third_party/abseil-cpp/absl/synchronization/CMakeFiles/synchronization.dir/mutex.cc.o
[2026-09-30 14:11:02] [ 42%] Linking CXX static library libabsl_crc_cord_state.a
[2026-09-30 14:11:02] [ 42%] Built target crc_cord_state
[2026-09-30 14:11:02] [ 42%] Building CXX object third_party/abseil-cpp/absl/strings/CMakeFiles/cord_internal.dir/internal/cord_rep_btree.cc.o
[2026-09-30 14:11:02] [ 42%] Building CXX object third_party/abseil-cpp/absl/strings/CMakeFiles/cord_internal.dir/internal/cord_internal.cc.o
[2026-09-30 14:11:02] [ 43%] Building CXX object third_party/abseil-cpp/absl/strings/CMakeFiles/cord_internal.dir/internal/cord_rep_btree_navigator.cc.o
[2026-09-30 14:11:02] [ 43%] Linking CXX static library libabsl_synchronization.a
[2026-09-30 14:11:02] [ 43%] Built target synchronization
[2026-09-30 14:11:02] [ 43%] Building CXX object third_party/abseil-cpp/absl/strings/CMakeFiles/cord_internal.dir/internal/cord_rep_btree_reader.cc.o
[2026-09-30 14:11:02] [ 43%] Building CXX object third_party/abseil-cpp/absl/strings/CMakeFiles/cord_internal.dir/internal/cord_rep_crc.cc.o
[2026-09-30 14:11:02] [ 43%] Building CXX object third_party/abseil-cpp/absl/strings/CMakeFiles/cord_internal.dir/internal/cord_rep_consume.cc.o
[2026-09-30 14:11:02] [ 43%] Building CXX object third_party/abseil-cpp/absl/strings/CMakeFiles/cord_internal.dir/internal/cord_rep_ring.cc.o
[2026-09-30 14:11:02] [ 43%] Building CXX object third_party/abseil-cpp/absl/container/CMakeFiles/hashtablez_sampler.dir/internal/hashtablez_sampler.cc.o
[2026-09-30 14:11:02] [ 44%] Building CXX object third_party/abseil-cpp/absl/container/CMakeFiles/hashtablez_sampler.dir/internal/hashtablez_sampler_force_weak_definition.cc.o
[2026-09-30 14:11:02] [ 45%] Building CXX object third_party/abseil-cpp/absl/flags/CMakeFiles/flags_program_name.dir/internal/program_name.cc.o
[2026-09-30 14:11:02] [ 45%] Building CXX object third_party/abseil-cpp/absl/strings/CMakeFiles/cordz_handle.dir/internal/cordz_handle.cc.o
[2026-09-30 14:11:02] [ 45%] Linking CXX static library libabsl_hashtablez_sampler.a
[2026-09-30 14:11:02] [ 45%] Built target hashtablez_sampler
[2026-09-30 14:11:02] [ 45%] Building CXX object third_party/abseil-cpp/absl/log/CMakeFiles/log_internal_log_sink_set.dir/internal/log_sink_set.cc.o
[2026-09-30 14:11:02] [ 45%] Linking CXX static library libabsl_flags_program_name.a
[2026-09-30 14:11:02] [ 45%] Built target flags_program_name
[2026-09-30 14:11:02] [ 45%] Building CXX object third_party/abseil-cpp/absl/container/CMakeFiles/raw_hash_set.dir/internal/raw_hash_set.cc.o
[2026-09-30 14:11:02] [ 46%] Linking CXX static library libabsl_cord_internal.a
[2026-09-30 14:11:02] [ 46%] Built target cord_internal
[2026-09-30 14:11:02] [ 47%] Building CXX object third_party/abseil-cpp/absl/flags/CMakeFiles/flags_config.dir/usage_config.cc.o
[2026-09-30 14:11:02] [ 47%] Linking CXX static library libabsl_cordz_handle.a
[2026-09-30 14:11:02] [ 47%] Built target cordz_handle
[2026-09-30 14:11:02] [ 48%] Building CXX object third_party/abseil-cpp/absl/strings/CMakeFiles/cordz_info.dir/internal/cordz_info.cc.o
[2026-09-30 14:11:02] [ 48%] Linking CXX static library libabsl_log_internal_log_sink_set.a
[2026-09-30 14:11:02] [ 48%] Built target log_internal_log_sink_set
[2026-09-30 14:11:02] [ 48%] Building CXX object third_party/abseil-cpp/absl/log/CMakeFiles/log_internal_message.dir/internal/log_message.cc.o
[2026-09-30 14:11:02] [ 48%] Linking CXX static library libabsl_flags_config.a
[2026-09-30 14:11:02] [ 48%] Built target flags_config
[2026-09-30 14:11:02] [ 48%] Building CXX object third_party/abseil-cpp/absl/flags/CMakeFiles/flags_internal.dir/internal/flag.cc.o
[2026-09-30 14:11:02] [ 49%] Linking CXX static library libabsl_raw_hash_set.a
[2026-09-30 14:11:02] [ 49%] Built target raw_hash_set
[2026-09-30 14:11:02] [ 49%] Linking CXX static library libabsl_cordz_info.a
[2026-09-30 14:11:02] [ 49%] Built target cordz_info
[2026-09-30 14:11:02] [ 49%] Linking CXX static library libabsl_log_internal_message.a
[2026-09-30 14:11:02] [ 49%] Building CXX object third_party/abseil-cpp/absl/strings/CMakeFiles/cord.dir/cord.cc.o
[2026-09-30 14:11:02] [ 49%] Building CXX object third_party/abseil-cpp/absl/strings/CMakeFiles/cordz_sample_token.dir/internal/cordz_sample_token.cc.o
[2026-09-30 14:11:02] [ 49%] Built target log_internal_message
[2026-09-30 14:11:02] [ 49%] Building CXX object third_party/abseil-cpp/absl/strings/CMakeFiles/cord.dir/cord_analysis.cc.o
[2026-09-30 14:11:02] [ 49%] Linking CXX static library libabsl_flags_internal.a
[2026-09-30 14:11:02] [ 49%] Built target flags_internal
[2026-09-30 14:11:02] [ 49%] Building CXX object third_party/abseil-cpp/absl/log/CMakeFiles/log_internal_check_op.dir/internal/check_op.cc.o
[2026-09-30 14:11:02] [ 49%] Linking CXX static library libabsl_cordz_sample_token.a
[2026-09-30 14:11:02] [ 49%] Built target cordz_sample_token
[2026-09-30 14:11:02] [ 49%] Building CXX object third_party/abseil-cpp/absl/log/CMakeFiles/die_if_null.dir/die_if_null.cc.o
[2026-09-30 14:11:02] [ 50%] Building CXX object third_party/abseil-cpp/absl/strings/CMakeFiles/cord.dir/cord_buffer.cc.o
[2026-09-30 14:11:02] [ 50%] Linking CXX static library libabsl_log_internal_check_op.a
[2026-09-30 14:11:02] [ 50%] Built target log_internal_check_op
[2026-09-30 14:11:02] [ 51%] Linking CXX static library libabsl_die_if_null.a
[2026-09-30 14:11:02] [ 51%] Built target die_if_null
[2026-09-30 14:11:02] [ 51%] Linking CXX static library libabsl_cord.a
[2026-09-30 14:11:02] [ 51%] Built target cord
[2026-09-30 14:11:02] [ 51%] Building CXX object third_party/abseil-cpp/absl/flags/CMakeFiles/flags_reflection.dir/reflection.cc.o
[2026-09-30 14:11:02] [ 52%] Building CXX object third_party/abseil-cpp/absl/status/CMakeFiles/status.dir/status_payload_printer.cc.o
[2026-09-30 14:11:02] [ 52%] Building CXX object third_party/abseil-cpp/absl/status/CMakeFiles/status.dir/status.cc.o
[2026-09-30 14:11:02] [ 52%] Linking CXX static library libabsl_status.a
[2026-09-30 14:11:02] [ 52%] Built target status
[2026-09-30 14:11:02] [ 52%] Building CXX object third_party/abseil-cpp/absl/status/CMakeFiles/statusor.dir/statusor.cc.o
[2026-09-30 14:11:02] [ 52%] Linking CXX static library libabsl_flags_reflection.a
[2026-09-30 14:11:02] [ 52%] Built target flags_reflection
[2026-09-30 14:11:02] [ 52%] Building CXX object third_party/abseil-cpp/absl/flags/CMakeFiles/flags.dir/flag.cc.o
[2026-09-30 14:11:02] [ 52%] Linking CXX static library libabsl_statusor.a
[2026-09-30 14:11:02] [ 52%] Built target statusor
[2026-09-30 14:11:02] [ 52%] Linking CXX static library libabsl_flags.a
[2026-09-30 14:11:02] [ 52%] Built target flags
[2026-09-30 14:11:02] [ 52%] Building CXX object third_party/abseil-cpp/absl/flags/CMakeFiles/flags_usage_internal.dir/internal/usage.cc.o
[2026-09-30 14:11:02] [ 52%] Building CXX object CMakeFiles/libprotobuf-lite.dir/src/google/protobuf/any_lite.cc.o
[2026-09-30 14:11:02] [ 52%] Building CXX object third_party/abseil-cpp/absl/log/CMakeFiles/log_flags.dir/flags.cc.o
[2026-09-30 14:11:02] [ 52%] Building CXX object CMakeFiles/libprotobuf.dir/src/google/protobuf/any.pb.cc.o
[2026-09-30 14:11:02] [ 52%] Linking CXX static library libabsl_log_flags.a
[2026-09-30 14:11:02] [ 52%] Built target log_flags
[2026-09-30 14:11:02] [ 53%] Building CXX object CMakeFiles/libprotobuf.dir/src/google/protobuf/api.pb.cc.o
[2026-09-30 14:11:02] [ 53%] Building CXX object CMakeFiles/libprotobuf-lite.dir/src/google/protobuf/arena.cc.o
[2026-09-30 14:11:02] [ 53%] Linking CXX static library libabsl_flags_usage_internal.a
[2026-09-30 14:11:02] [ 53%] Built target flags_usage_internal
[2026-09-30 14:11:02] [ 53%] Building CXX object CMakeFiles/libprotobuf.dir/src/google/protobuf/duration.pb.cc.o
[2026-09-30 14:11:02] [ 53%] Building CXX object CMakeFiles/libprotobuf.dir/src/google/protobuf/empty.pb.cc.o
[2026-09-30 14:11:02] [ 54%] Building CXX object CMakeFiles/libprotobuf-lite.dir/src/google/protobuf/arena_align.cc.o
[2026-09-30 14:11:02] [ 54%] Building CXX object CMakeFiles/libprotobuf.dir/src/google/protobuf/field_mask.pb.cc.o
[2026-09-30 14:11:02] [ 54%] Building CXX object CMakeFiles/libprotobuf-lite.dir/src/google/protobuf/arenastring.cc.o
[2026-09-30 14:11:02] [ 54%] Building CXX object CMakeFiles/libprotobuf.dir/src/google/protobuf/source_context.pb.cc.o
[2026-09-30 14:11:02] [ 55%] Building CXX object third_party/abseil-cpp/absl/flags/CMakeFiles/flags_usage.dir/usage.cc.o
[2026-09-30 14:11:02] [ 55%] Linking CXX static library libabsl_flags_usage.a
[2026-09-30 14:11:02] [ 55%] Built target flags_usage
[2026-09-30 14:11:02] [ 56%] Building CXX object CMakeFiles/libprotobuf.dir/src/google/protobuf/struct.pb.cc.o
[2026-09-30 14:11:02] [ 56%] Building CXX object CMakeFiles/libprotobuf-lite.dir/src/google/protobuf/arenaz_sampler.cc.o
[2026-09-30 14:11:02] [ 56%] Building CXX object CMakeFiles/libprotobuf-lite.dir/src/google/protobuf/extension_set.cc.o
[2026-09-30 14:11:02] [ 57%] Building CXX object CMakeFiles/libprotobuf-lite.dir/src/google/protobuf/generated_enum_util.cc.o
[2026-09-30 14:11:02] [ 57%] Building CXX object CMakeFiles/libprotobuf-lite.dir/src/google/protobuf/generated_message_tctable_lite.cc.o
[2026-09-30 14:11:02] [ 57%] Building CXX object CMakeFiles/libprotobuf-lite.dir/src/google/protobuf/generated_message_util.cc.o
[2026-09-30 14:11:02] [ 57%] Building CXX object CMakeFiles/libprotobuf.dir/src/google/protobuf/timestamp.pb.cc.o
[2026-09-30 14:11:02] [ 57%] Building CXX object CMakeFiles/libprotobuf-lite.dir/src/google/protobuf/implicit_weak_message.cc.o
[2026-09-30 14:11:02] [ 57%] Building CXX object CMakeFiles/libprotobuf-lite.dir/src/google/protobuf/inlined_string_field.cc.o
[2026-09-30 14:11:02] [ 57%] Building CXX object CMakeFiles/libprotobuf.dir/src/google/protobuf/type.pb.cc.o
[2026-09-30 14:11:02] [ 58%] Building CXX object CMakeFiles/libprotobuf-lite.dir/src/google/protobuf/io/coded_stream.cc.o
[2026-09-30 14:11:02] [ 58%] Building CXX object CMakeFiles/libprotobuf-lite.dir/src/google/protobuf/io/io_win32.cc.o
[2026-09-30 14:11:02] [ 58%] Building CXX object CMakeFiles/libprotobuf-lite.dir/src/google/protobuf/io/zero_copy_stream.cc.o
[2026-09-30 14:11:02] [ 58%] Building CXX object third_party/abseil-cpp/absl/flags/CMakeFiles/flags_parse.dir/parse.cc.o
[2026-09-30 14:11:02] [ 58%] Building CXX object CMakeFiles/libprotobuf-lite.dir/src/google/protobuf/io/zero_copy_stream_impl.cc.o
[2026-09-30 14:11:02] In file included from /mnt/workspace/hc-pre-reduction-20260930/peeled/csrc/third_party/ascend_protobuf/src/google/protobuf/generated_message_tctable_decl.h:22,
[2026-09-30 14:11:02]                  from /mnt/workspace/hc-pre-reduction-20260930/peeled/csrc/third_party/ascend_protobuf/src/google/protobuf/generated_message_tctable_lite.cc:22:
[2026-09-30 14:11:02] /mnt/workspace/hc-pre-reduction-20260930/peeled/csrc/third_party/ascend_protobuf/src/google/protobuf/parse_context.h:1125:1: warning: ‘always_inline’ function might not be inlinable [-Wattributes]
[2026-09-30 14:11:02]  1125 | ParseContext::ParseLengthDelimitedInlined(const char* ptr, const Func& func) {
[2026-09-30 14:11:02]       | ^~~~~~~~~~~~
[2026-09-30 14:11:02] /mnt/workspace/hc-pre-reduction-20260930/peeled/csrc/third_party/ascend_protobuf/src/google/protobuf/parse_context.h:1125:1: warning: ‘always_inline’ function might not be inlinable [-Wattributes]
[2026-09-30 14:11:02] /mnt/workspace/hc-pre-reduction-20260930/peeled/csrc/third_party/ascend_protobuf/src/google/protobuf/generated_message_tctable_lite.cc:830:36: warning: ‘always_inline’ function might not be inlinable [-Wattributes]
[2026-09-30 14:11:02]   830 | PROTOBUF_ALWAYS_INLINE const char* TcParser::FastVarintS1(
[2026-09-30 14:11:02]       |                                    ^~~~~~~~
[2026-09-30 14:11:02] /mnt/workspace/hc-pre-reduction-20260930/peeled/csrc/third_party/ascend_protobuf/src/google/protobuf/generated_message_tctable_lite.cc:830:36: warning: ‘always_inline’ function might not be inlinable [-Wattributes]
[2026-09-30 14:11:02] /mnt/workspace/hc-pre-reduction-20260930/peeled/csrc/third_party/ascend_protobuf/src/google/protobuf/generated_message_tctable_lite.cc:753:29: warning: ‘always_inline’ function might not be inlinable [-Wattributes]
[2026-09-30 14:11:02]   753 | PROTOBUF_ALWAYS_INLINE bool EnumIsValidAux(int32_t val, uint16_t xform_val,
[2026-09-30 14:11:02]       |                             ^~~~~~~~~~~~~~
[2026-09-30 14:11:02] /mnt/workspace/hc-pre-reduction-20260930/peeled/csrc/third_party/ascend_protobuf/src/google/protobuf/generated_message_tctable_lite.cc:741:29: warning: ‘always_inline’ function might not be inlinable [-Wattributes]
[2026-09-30 14:11:02]   741 | PROTOBUF_ALWAYS_INLINE void PrefetchEnumData(uint16_t xform_val,
[2026-09-30 14:11:02]       |                             ^~~~~~~~~~~~~~~~
[2026-09-30 14:11:02] [ 59%] Building CXX object CMakeFiles/libprotobuf-lite.dir/src/google/protobuf/io/zero_copy_stream_impl_lite.cc.o
[2026-09-30 14:11:02] [ 59%] Building CXX object CMakeFiles/libprotobuf.dir/src/google/protobuf/wrappers.pb.cc.o
[2026-09-30 14:11:02] [ 59%] Building CXX object CMakeFiles/libprotobuf-lite.dir/src/google/protobuf/map.cc.o
[2026-09-30 14:11:02] [ 59%] Building CXX object CMakeFiles/libprotobuf-lite.dir/src/google/protobuf/message_lite.cc.o
[2026-09-30 14:11:02] [ 59%] Linking CXX static library libabsl_flags_parse.a
[2026-09-30 14:11:02] [ 59%] Built target flags_parse
[2026-09-30 14:11:02] [ 59%] Building CXX object CMakeFiles/libprotobuf-lite.dir/src/google/protobuf/parse_context.cc.o
[2026-09-30 14:11:02] [ 59%] Building CXX object CMakeFiles/libprotobuf.dir/src/google/protobuf/any.cc.o
[2026-09-30 14:11:02] [ 59%] Building CXX object CMakeFiles/libprotobuf-lite.dir/src/google/protobuf/port.cc.o
[2026-09-30 14:11:02] [ 60%] Building CXX object CMakeFiles/libprotobuf-lite.dir/src/google/protobuf/raw_ptr.cc.o
[2026-09-30 14:11:02] /mnt/workspace/hc-pre-reduction-20260930/peeled/csrc/third_party/ascend_protobuf/src/google/protobuf/message_lite.cc: In member function ‘int ascend_private::protobuf::MessageLite::GetCachedSize() const’:
[2026-09-30 14:11:02] /mnt/workspace/hc-pre-reduction-20260930/peeled/csrc/third_party/ascend_protobuf/src/google/protobuf/message_lite.cc:69:70: warning: ‘int ascend_private::protobuf::MessageLite::ByteSize() const’ is deprecated: Please use ByteSizeLong() instead [-Wdeprecated-declarations]
[2026-09-30 14:11:02]    69 |   if (PROTOBUF_PREDICT_FALSE(cached_size == nullptr)) return ByteSize();
[2026-09-30 14:11:02]       |                                                              ~~~~~~~~^~
[2026-09-30 14:11:02] In file included from /mnt/workspace/hc-pre-reduction-20260930/peeled/csrc/third_party/ascend_protobuf/src/google/protobuf/message_lite.cc:13:
[2026-09-30 14:11:02] /mnt/workspace/hc-pre-reduction-20260930/peeled/csrc/third_party/ascend_protobuf/src/google/protobuf/message_lite.h:454:59: note: declared here
[2026-09-30 14:11:02]   454 |   [[deprecated("Please use ByteSizeLong() instead")]] int ByteSize() const {
[2026-09-30 14:11:02]       |                                                           ^~~~~~~~
[2026-09-30 14:11:02] [ 60%] Building CXX object CMakeFiles/libprotobuf-lite.dir/src/google/protobuf/repeated_field.cc.o
[2026-09-30 14:11:02] [ 60%] Building CXX object CMakeFiles/libprotobuf-lite.dir/src/google/protobuf/repeated_ptr_field.cc.o
[2026-09-30 14:11:02] [ 60%] Building CXX object CMakeFiles/libprotobuf-lite.dir/src/google/protobuf/stubs/common.cc.o
[2026-09-30 14:11:02] [ 61%] Building CXX object CMakeFiles/libprotobuf-lite.dir/src/google/protobuf/wire_format_lite.cc.o
[2026-09-30 14:11:02] [ 62%] Building CXX object CMakeFiles/libprotobuf.dir/src/google/protobuf/any_lite.cc.o
[2026-09-30 14:11:02] [ 62%] Building CXX object CMakeFiles/libprotobuf.dir/src/google/protobuf/arena.cc.o
[2026-09-30 14:11:02] [ 62%] Building CXX object CMakeFiles/libprotobuf.dir/src/google/protobuf/arena_align.cc.o
[2026-09-30 14:11:02] [ 62%] Building CXX object CMakeFiles/libprotobuf.dir/src/google/protobuf/arenastring.cc.o
[2026-09-30 14:11:02] [ 63%] Building CXX object CMakeFiles/libprotobuf.dir/src/google/protobuf/arenaz_sampler.cc.o
[2026-09-30 14:11:02] [ 63%] Building CXX object CMakeFiles/libprotobuf.dir/src/google/protobuf/compiler/importer.cc.o
[2026-09-30 14:11:02] [ 63%] Building CXX object CMakeFiles/libprotobuf.dir/src/google/protobuf/compiler/parser.cc.o
[2026-09-30 14:11:02] [ 63%] Building CXX object CMakeFiles/libprotobuf.dir/src/google/protobuf/cpp_features.pb.cc.o
[2026-09-30 14:11:02] [ 63%] Linking CXX static library libascend_protobuf-lite.a
[2026-09-30 14:11:02] [ 63%] Built target libprotobuf-lite
[2026-09-30 14:11:02] [ 63%] Building CXX object CMakeFiles/libprotobuf.dir/src/google/protobuf/descriptor.cc.o
[2026-09-30 14:11:02] [ 64%] Building CXX object CMakeFiles/libprotobuf.dir/src/google/protobuf/descriptor.pb.cc.o
[2026-09-30 14:11:02] [ 64%] Building CXX object CMakeFiles/libprotobuf.dir/src/google/protobuf/descriptor_database.cc.o
[2026-09-30 14:11:02] [ 64%] Building CXX object CMakeFiles/libprotobuf.dir/src/google/protobuf/dynamic_message.cc.o
[2026-09-30 14:11:02] [ 64%] Building CXX object CMakeFiles/libprotobuf.dir/src/google/protobuf/extension_set.cc.o
[2026-09-30 14:11:02] [ 65%] Building CXX object CMakeFiles/libprotobuf.dir/src/google/protobuf/extension_set_heavy.cc.o
[2026-09-30 14:11:02] [ 65%] Building CXX object CMakeFiles/libprotobuf.dir/src/google/protobuf/feature_resolver.cc.o
[2026-09-30 14:11:02] [ 65%] Building CXX object CMakeFiles/libprotobuf.dir/src/google/protobuf/generated_enum_util.cc.o
[2026-09-30 14:11:02] [ 65%] Building CXX object CMakeFiles/libprotobuf.dir/src/google/protobuf/generated_message_bases.cc.o
[2026-09-30 14:11:02] [ 65%] Building CXX object CMakeFiles/libprotobuf.dir/src/google/protobuf/generated_message_reflection.cc.o
[2026-09-30 14:11:02] [ 66%] Building CXX object CMakeFiles/libprotobuf.dir/src/google/protobuf/generated_message_tctable_full.cc.o
[2026-09-30 14:11:02] [ 66%] Building CXX object CMakeFiles/libprotobuf.dir/src/google/protobuf/generated_message_tctable_gen.cc.o
[2026-09-30 14:11:02] [ 66%] Building CXX object CMakeFiles/libprotobuf.dir/src/google/protobuf/generated_message_tctable_lite.cc.o
[2026-09-30 14:11:02] In file included from /mnt/workspace/hc-pre-reduction-20260930/peeled/csrc/third_party/ascend_protobuf/src/google/protobuf/generated_message_tctable_decl.h:22,
[2026-09-30 14:11:02]                  from /mnt/workspace/hc-pre-reduction-20260930/peeled/csrc/third_party/ascend_protobuf/src/google/protobuf/generated_message_tctable_lite.cc:22:
[2026-09-30 14:11:02] /mnt/workspace/hc-pre-reduction-20260930/peeled/csrc/third_party/ascend_protobuf/src/google/protobuf/parse_context.h:1125:1: warning: ‘always_inline’ function might not be inlinable [-Wattributes]
[2026-09-30 14:11:02]  1125 | ParseContext::ParseLengthDelimitedInlined(const char* ptr, const Func& func) {
[2026-09-30 14:11:02]       | ^~~~~~~~~~~~
[2026-09-30 14:11:02] /mnt/workspace/hc-pre-reduction-20260930/peeled/csrc/third_party/ascend_protobuf/src/google/protobuf/parse_context.h:1125:1: warning: ‘always_inline’ function might not be inlinable [-Wattributes]
[2026-09-30 14:11:02] /mnt/workspace/hc-pre-reduction-20260930/peeled/csrc/third_party/ascend_protobuf/src/google/protobuf/generated_message_tctable_lite.cc:830:36: warning: ‘always_inline’ function might not be inlinable [-Wattributes]
[2026-09-30 14:11:02]   830 | PROTOBUF_ALWAYS_INLINE const char* TcParser::FastVarintS1(
[2026-09-30 14:11:02]       |                                    ^~~~~~~~
[2026-09-30 14:11:02] /mnt/workspace/hc-pre-reduction-20260930/peeled/csrc/third_party/ascend_protobuf/src/google/protobuf/generated_message_tctable_lite.cc:830:36: warning: ‘always_inline’ function might not be inlinable [-Wattributes]
[2026-09-30 14:11:02] /mnt/workspace/hc-pre-reduction-20260930/peeled/csrc/third_party/ascend_protobuf/src/google/protobuf/generated_message_tctable_lite.cc:753:29: warning: ‘always_inline’ function might not be inlinable [-Wattributes]
[2026-09-30 14:11:02]   753 | PROTOBUF_ALWAYS_INLINE bool EnumIsValidAux(int32_t val, uint16_t xform_val,
[2026-09-30 14:11:02]       |                             ^~~~~~~~~~~~~~
[2026-09-30 14:11:02] /mnt/workspace/hc-pre-reduction-20260930/peeled/csrc/third_party/ascend_protobuf/src/google/protobuf/generated_message_tctable_lite.cc:741:29: warning: ‘always_inline’ function might not be inlinable [-Wattributes]
[2026-09-30 14:11:02]   741 | PROTOBUF_ALWAYS_INLINE void PrefetchEnumData(uint16_t xform_val,
[2026-09-30 14:11:02]       |                             ^~~~~~~~~~~~~~~~
[2026-09-30 14:11:02] [ 66%] Building CXX object CMakeFiles/libprotobuf.dir/src/google/protobuf/generated_message_util.cc.o
[2026-09-30 14:11:02] [ 66%] Building CXX object CMakeFiles/libprotobuf.dir/src/google/protobuf/implicit_weak_message.cc.o
[2026-09-30 14:11:02] [ 67%] Building CXX object CMakeFiles/libprotobuf.dir/src/google/protobuf/inlined_string_field.cc.o
[2026-09-30 14:11:02] [ 67%] Building CXX object CMakeFiles/libprotobuf.dir/src/google/protobuf/internal_message_util.cc.o
[2026-09-30 14:11:02] [ 67%] Building CXX object CMakeFiles/libprotobuf.dir/src/google/protobuf/io/coded_stream.cc.o
[2026-09-30 14:11:02] [ 67%] Building CXX object CMakeFiles/libprotobuf.dir/src/google/protobuf/io/gzip_stream.cc.o
[2026-09-30 14:11:02] [ 68%] Building CXX object CMakeFiles/libprotobuf.dir/src/google/protobuf/io/io_win32.cc.o
[2026-09-30 14:11:02] [ 68%] Building CXX object CMakeFiles/libprotobuf.dir/src/google/protobuf/io/printer.cc.o
[2026-09-30 14:11:02] [ 68%] Building CXX object CMakeFiles/libprotobuf.dir/src/google/protobuf/io/strtod.cc.o
[2026-09-30 14:11:02] [ 68%] Building CXX object CMakeFiles/libprotobuf.dir/src/google/protobuf/io/tokenizer.cc.o
[2026-09-30 14:11:02] [ 68%] Building CXX object CMakeFiles/libprotobuf.dir/src/google/protobuf/io/zero_copy_sink.cc.o
[2026-09-30 14:11:02] [ 69%] Building CXX object CMakeFiles/libprotobuf.dir/src/google/protobuf/io/zero_copy_stream.cc.o
[2026-09-30 14:11:02] [ 69%] Building CXX object CMakeFiles/libprotobuf.dir/src/google/protobuf/io/zero_copy_stream_impl_lite.cc.o
[2026-09-30 14:11:02] [ 69%] Building CXX object CMakeFiles/libprotobuf.dir/src/google/protobuf/io/zero_copy_stream_impl.cc.o
[2026-09-30 14:11:02] [ 69%] Building CXX object CMakeFiles/libprotobuf.dir/src/google/protobuf/json/internal/lexer.cc.o
[2026-09-30 14:11:02] [ 70%] Building CXX object CMakeFiles/libprotobuf.dir/src/google/protobuf/json/internal/message_path.cc.o
[2026-09-30 14:11:02] [ 70%] Building CXX object CMakeFiles/libprotobuf.dir/src/google/protobuf/json/internal/parser.cc.o
[2026-09-30 14:11:02] [ 70%] Building CXX object CMakeFiles/libprotobuf.dir/src/google/protobuf/json/internal/unparser.cc.o
[2026-09-30 14:11:02] [ 70%] Building CXX object CMakeFiles/libprotobuf.dir/src/google/protobuf/json/internal/untyped_message.cc.o
[2026-09-30 14:11:02] [ 70%] Building CXX object CMakeFiles/libprotobuf.dir/src/google/protobuf/json/internal/writer.cc.o
[2026-09-30 14:11:02] [ 71%] Building CXX object CMakeFiles/libprotobuf.dir/src/google/protobuf/json/internal/zero_copy_buffered_stream.cc.o
[2026-09-30 14:11:02] [ 71%] Building CXX object CMakeFiles/libprotobuf.dir/src/google/protobuf/json/json.cc.o
[2026-09-30 14:11:02] [ 71%] Building CXX object CMakeFiles/libprotobuf.dir/src/google/protobuf/map.cc.o
[2026-09-30 14:11:02] [ 71%] Building CXX object CMakeFiles/libprotobuf.dir/src/google/protobuf/map_field.cc.o
[2026-09-30 14:11:02] [ 71%] Building CXX object CMakeFiles/libprotobuf.dir/src/google/protobuf/message.cc.o
[2026-09-30 14:11:02] [ 72%] Building CXX object CMakeFiles/libprotobuf.dir/src/google/protobuf/message_lite.cc.o
[2026-09-30 14:11:02] /mnt/workspace/hc-pre-reduction-20260930/peeled/csrc/third_party/ascend_protobuf/src/google/protobuf/message_lite.cc: In member function ‘int ascend_private::protobuf::MessageLite::GetCachedSize() const’:
[2026-09-30 14:11:02] /mnt/workspace/hc-pre-reduction-20260930/peeled/csrc/third_party/ascend_protobuf/src/google/protobuf/message_lite.cc:69:70: warning: ‘int ascend_private::protobuf::MessageLite::ByteSize() const’ is deprecated: Please use ByteSizeLong() instead [-Wdeprecated-declarations]
[2026-09-30 14:11:02]    69 |   if (PROTOBUF_PREDICT_FALSE(cached_size == nullptr)) return ByteSize();
[2026-09-30 14:11:02]       |                                                              ~~~~~~~~^~
[2026-09-30 14:11:02] In file included from /mnt/workspace/hc-pre-reduction-20260930/peeled/csrc/third_party/ascend_protobuf/src/google/protobuf/message_lite.cc:13:
[2026-09-30 14:11:02] /mnt/workspace/hc-pre-reduction-20260930/peeled/csrc/third_party/ascend_protobuf/src/google/protobuf/message_lite.h:454:59: note: declared here
[2026-09-30 14:11:02]   454 |   [[deprecated("Please use ByteSizeLong() instead")]] int ByteSize() const {
[2026-09-30 14:11:02]       |                                                           ^~~~~~~~
[2026-09-30 14:11:02] [ 72%] Building CXX object CMakeFiles/libprotobuf.dir/src/google/protobuf/parse_context.cc.o
[2026-09-30 14:11:02] [ 72%] Building CXX object CMakeFiles/libprotobuf.dir/src/google/protobuf/port.cc.o
[2026-09-30 14:11:02] [ 72%] Building CXX object CMakeFiles/libprotobuf.dir/src/google/protobuf/raw_ptr.cc.o
[2026-09-30 14:11:02] [ 73%] Building CXX object CMakeFiles/libprotobuf.dir/src/google/protobuf/reflection_mode.cc.o
[2026-09-30 14:11:02] [ 73%] Building CXX object CMakeFiles/libprotobuf.dir/src/google/protobuf/reflection_ops.cc.o
[2026-09-30 14:11:02] [ 73%] Building CXX object CMakeFiles/libprotobuf.dir/src/google/protobuf/repeated_field.cc.o
[2026-09-30 14:11:02] [ 73%] Building CXX object CMakeFiles/libprotobuf.dir/src/google/protobuf/repeated_ptr_field.cc.o
[2026-09-30 14:11:02] [ 73%] Building CXX object CMakeFiles/libprotobuf.dir/src/google/protobuf/service.cc.o
[2026-09-30 14:11:02] [ 74%] Building CXX object CMakeFiles/libprotobuf.dir/src/google/protobuf/stubs/common.cc.o
[2026-09-30 14:11:02] [ 74%] Building CXX object CMakeFiles/libprotobuf.dir/src/google/protobuf/text_format.cc.o
[2026-09-30 14:11:02] [ 74%] Building CXX object CMakeFiles/libprotobuf.dir/src/google/protobuf/unknown_field_set.cc.o
[2026-09-30 14:11:02] [ 74%] Building CXX object CMakeFiles/libprotobuf.dir/src/google/protobuf/util/delimited_message_util.cc.o
[2026-09-30 14:11:02] [ 75%] Building CXX object CMakeFiles/libprotobuf.dir/src/google/protobuf/util/field_comparator.cc.o
[2026-09-30 14:11:02] [ 75%] Building CXX object CMakeFiles/libprotobuf.dir/src/google/protobuf/util/field_mask_util.cc.o
[2026-09-30 14:11:02] [ 75%] Building CXX object CMakeFiles/libprotobuf.dir/src/google/protobuf/util/message_differencer.cc.o
[2026-09-30 14:11:02] [ 75%] Building CXX object CMakeFiles/libprotobuf.dir/src/google/protobuf/util/time_util.cc.o
[2026-09-30 14:11:02] [ 75%] Building CXX object CMakeFiles/libprotobuf.dir/src/google/protobuf/util/type_resolver_util.cc.o
[2026-09-30 14:11:02] [ 76%] Building CXX object CMakeFiles/libprotobuf.dir/src/google/protobuf/wire_format.cc.o
[2026-09-30 14:11:02] [ 76%] Building CXX object CMakeFiles/libprotobuf.dir/src/google/protobuf/wire_format_lite.cc.o
[2026-09-30 14:11:02] [ 76%] Linking CXX static library libascend_protobuf.a
[2026-09-30 14:11:02] [ 76%] Built target libprotobuf
[2026-09-30 14:11:02] [ 76%] Building CXX object CMakeFiles/libprotoc.dir/src/google/protobuf/compiler/allowlists/editions.cc.o
[2026-09-30 14:11:02] [ 76%] Building CXX object CMakeFiles/libprotoc.dir/src/google/protobuf/compiler/allowlists/empty_package.cc.o
[2026-09-30 14:11:02] [ 76%] Building CXX object CMakeFiles/libprotoc.dir/src/google/protobuf/compiler/allowlists/open_enum.cc.o
[2026-09-30 14:11:02] [ 77%] Building CXX object CMakeFiles/libprotoc.dir/src/google/protobuf/compiler/allowlists/unused_imports.cc.o
[2026-09-30 14:11:02] [ 77%] Building CXX object CMakeFiles/libprotoc.dir/src/google/protobuf/compiler/allowlists/weak_imports.cc.o
[2026-09-30 14:11:02] [ 77%] Building CXX object CMakeFiles/libprotoc.dir/src/google/protobuf/compiler/code_generator.cc.o
[2026-09-30 14:11:02] [ 77%] Building CXX object CMakeFiles/libprotoc.dir/src/google/protobuf/compiler/command_line_interface.cc.o
[2026-09-30 14:11:02] [ 77%] Building CXX object CMakeFiles/libprotoc.dir/src/google/protobuf/compiler/cpp/enum.cc.o
[2026-09-30 14:11:02] [ 78%] Building CXX object CMakeFiles/libprotoc.dir/src/google/protobuf/compiler/cpp/extension.cc.o
[2026-09-30 14:11:02] [ 78%] Building CXX object CMakeFiles/libprotoc.dir/src/google/protobuf/compiler/cpp/field.cc.o
[2026-09-30 14:11:02] [ 78%] Building CXX object CMakeFiles/libprotoc.dir/src/google/protobuf/compiler/cpp/field_generators/cord_field.cc.o
[2026-09-30 14:11:02] [ 78%] Building CXX object CMakeFiles/libprotoc.dir/src/google/protobuf/compiler/cpp/field_generators/enum_field.cc.o
[2026-09-30 14:11:02] [ 79%] Building CXX object CMakeFiles/libprotoc.dir/src/google/protobuf/compiler/cpp/field_generators/map_field.cc.o
[2026-09-30 14:11:02] [ 79%] Building CXX object CMakeFiles/libprotoc.dir/src/google/protobuf/compiler/cpp/field_generators/message_field.cc.o
[2026-09-30 14:11:02] [ 79%] Building CXX object CMakeFiles/libprotoc.dir/src/google/protobuf/compiler/cpp/field_generators/primitive_field.cc.o
[2026-09-30 14:11:02] [ 79%] Building CXX object CMakeFiles/libprotoc.dir/src/google/protobuf/compiler/cpp/field_generators/string_field.cc.o
[2026-09-30 14:11:02] [ 79%] Building CXX object CMakeFiles/libprotoc.dir/src/google/protobuf/compiler/cpp/file.cc.o
[2026-09-30 14:11:02] [ 80%] Building CXX object CMakeFiles/libprotoc.dir/src/google/protobuf/compiler/cpp/generator.cc.o
[2026-09-30 14:11:02] [ 80%] Building CXX object CMakeFiles/libprotoc.dir/src/google/protobuf/compiler/cpp/helpers.cc.o
[2026-09-30 14:11:02] [ 80%] Building CXX object CMakeFiles/libprotoc.dir/src/google/protobuf/compiler/cpp/message.cc.o
[2026-09-30 14:11:02] [ 80%] Building CXX object CMakeFiles/libprotoc.dir/src/google/protobuf/compiler/cpp/padding_optimizer.cc.o
[2026-09-30 14:11:02] [ 81%] Building CXX object CMakeFiles/libprotoc.dir/src/google/protobuf/compiler/cpp/parse_function_generator.cc.o
[2026-09-30 14:11:02] [ 81%] Building CXX object CMakeFiles/libprotoc.dir/src/google/protobuf/compiler/cpp/service.cc.o
[2026-09-30 14:11:02] [ 81%] Building CXX object CMakeFiles/libprotoc.dir/src/google/protobuf/compiler/cpp/tracker.cc.o
[2026-09-30 14:11:02] [ 81%] Building CXX object CMakeFiles/libprotoc.dir/src/google/protobuf/compiler/csharp/csharp_doc_comment.cc.o
[2026-09-30 14:11:02] [ 81%] Building CXX object CMakeFiles/libprotoc.dir/src/google/protobuf/compiler/csharp/csharp_enum.cc.o
[2026-09-30 14:11:02] [ 82%] Building CXX object CMakeFiles/libprotoc.dir/src/google/protobuf/compiler/csharp/csharp_enum_field.cc.o
[2026-09-30 14:11:02] [ 82%] Building CXX object CMakeFiles/libprotoc.dir/src/google/protobuf/compiler/csharp/csharp_field_base.cc.o
[2026-09-30 14:11:02] [ 82%] Building CXX object CMakeFiles/libprotoc.dir/src/google/protobuf/compiler/csharp/csharp_generator.cc.o
[2026-09-30 14:11:02] [ 82%] Building CXX object CMakeFiles/libprotoc.dir/src/google/protobuf/compiler/csharp/csharp_helpers.cc.o
[2026-09-30 14:11:02] [ 82%] Building CXX object CMakeFiles/libprotoc.dir/src/google/protobuf/compiler/csharp/csharp_map_field.cc.o
[2026-09-30 14:11:02] [ 83%] Building CXX object CMakeFiles/libprotoc.dir/src/google/protobuf/compiler/csharp/csharp_message.cc.o
[2026-09-30 14:11:02] [ 83%] Building CXX object CMakeFiles/libprotoc.dir/src/google/protobuf/compiler/csharp/csharp_message_field.cc.o
[2026-09-30 14:11:02] [ 83%] Building CXX object CMakeFiles/libprotoc.dir/src/google/protobuf/compiler/csharp/csharp_primitive_field.cc.o
[2026-09-30 14:11:02] [ 83%] Building CXX object CMakeFiles/libprotoc.dir/src/google/protobuf/compiler/csharp/csharp_reflection_class.cc.o
[2026-09-30 14:11:02] [ 84%] Building CXX object CMakeFiles/libprotoc.dir/src/google/protobuf/compiler/csharp/csharp_repeated_enum_field.cc.o
[2026-09-30 14:11:02] [ 84%] Building CXX object CMakeFiles/libprotoc.dir/src/google/protobuf/compiler/csharp/csharp_repeated_message_field.cc.o
[2026-09-30 14:11:02] [ 84%] Building CXX object CMakeFiles/libprotoc.dir/src/google/protobuf/compiler/csharp/csharp_repeated_primitive_field.cc.o
[2026-09-30 14:11:02] [ 84%] Building CXX object CMakeFiles/libprotoc.dir/src/google/protobuf/compiler/csharp/csharp_source_generator_base.cc.o
[2026-09-30 14:11:02] [ 84%] Building CXX object CMakeFiles/libprotoc.dir/src/google/protobuf/compiler/csharp/csharp_wrapper_field.cc.o
[2026-09-30 14:11:02] [ 85%] Building CXX object CMakeFiles/libprotoc.dir/src/google/protobuf/compiler/csharp/names.cc.o
[2026-09-30 14:11:02] [ 85%] Building CXX object CMakeFiles/libprotoc.dir/src/google/protobuf/compiler/java/context.cc.o
[2026-09-30 14:11:02] [ 85%] Building CXX object CMakeFiles/libprotoc.dir/src/google/protobuf/compiler/java/doc_comment.cc.o
[2026-09-30 14:11:02] [ 85%] Building CXX object CMakeFiles/libprotoc.dir/src/google/protobuf/compiler/java/enum.cc.o
[2026-09-30 14:11:02] [ 86%] Building CXX object CMakeFiles/libprotoc.dir/src/google/protobuf/compiler/java/enum_field.cc.o
[2026-09-30 14:11:02] [ 86%] Building CXX object CMakeFiles/libprotoc.dir/src/google/protobuf/compiler/java/enum_field_lite.cc.o
[2026-09-30 14:11:02] [ 86%] Building CXX object CMakeFiles/libprotoc.dir/src/google/protobuf/compiler/java/enum_lite.cc.o
[2026-09-30 14:11:02] [ 86%] Building CXX object CMakeFiles/libprotoc.dir/src/google/protobuf/compiler/java/extension.cc.o
[2026-09-30 14:11:02] [ 86%] Building CXX object CMakeFiles/libprotoc.dir/src/google/protobuf/compiler/java/extension_lite.cc.o
[2026-09-30 14:11:02] [ 87%] Building CXX object CMakeFiles/libprotoc.dir/src/google/protobuf/compiler/java/field.cc.o
[2026-09-30 14:11:02] [ 87%] Building CXX object CMakeFiles/libprotoc.dir/src/google/protobuf/compiler/java/file.cc.o
[2026-09-30 14:11:02] [ 87%] Building CXX object CMakeFiles/libprotoc.dir/src/google/protobuf/compiler/java/generator.cc.o
[2026-09-30 14:11:02] [ 87%] Building CXX object CMakeFiles/libprotoc.dir/src/google/protobuf/compiler/java/generator_factory.cc.o
[2026-09-30 14:11:02] [ 87%] Building CXX object CMakeFiles/libprotoc.dir/src/google/protobuf/compiler/java/helpers.cc.o
[2026-09-30 14:11:02] [ 88%] Building CXX object CMakeFiles/libprotoc.dir/src/google/protobuf/compiler/java/java_features.pb.cc.o
[2026-09-30 14:11:02] [ 88%] Building CXX object CMakeFiles/libprotoc.dir/src/google/protobuf/compiler/java/kotlin_generator.cc.o
[2026-09-30 14:11:02] [ 88%] Building CXX object CMakeFiles/libprotoc.dir/src/google/protobuf/compiler/java/map_field.cc.o
[2026-09-30 14:11:02] [ 88%] Building CXX object CMakeFiles/libprotoc.dir/src/google/protobuf/compiler/java/map_field_lite.cc.o
[2026-09-30 14:11:02] [ 89%] Building CXX object CMakeFiles/libprotoc.dir/src/google/protobuf/compiler/java/message.cc.o
[2026-09-30 14:11:02] [ 89%] Building CXX object CMakeFiles/libprotoc.dir/src/google/protobuf/compiler/java/message_builder.cc.o
[2026-09-30 14:11:02] [ 89%] Building CXX object CMakeFiles/libprotoc.dir/src/google/protobuf/compiler/java/message_builder_lite.cc.o
[2026-09-30 14:11:02] [ 89%] Building CXX object CMakeFiles/libprotoc.dir/src/google/protobuf/compiler/java/message_field.cc.o
[2026-09-30 14:11:02] [ 89%] Building CXX object CMakeFiles/libprotoc.dir/src/google/protobuf/compiler/java/message_field_lite.cc.o
[2026-09-30 14:11:02] [ 90%] Building CXX object CMakeFiles/libprotoc.dir/src/google/protobuf/compiler/java/message_lite.cc.o
[2026-09-30 14:11:02] [ 90%] Building CXX object CMakeFiles/libprotoc.dir/src/google/protobuf/compiler/java/message_serialization.cc.o
[2026-09-30 14:11:02] [ 90%] Building CXX object CMakeFiles/libprotoc.dir/src/google/protobuf/compiler/java/name_resolver.cc.o
[2026-09-30 14:11:02] [ 90%] Building CXX object CMakeFiles/libprotoc.dir/src/google/protobuf/compiler/java/names.cc.o
[2026-09-30 14:11:02] [ 91%] Building CXX object CMakeFiles/libprotoc.dir/src/google/protobuf/compiler/java/primitive_field.cc.o
[2026-09-30 14:11:02] [ 91%] Building CXX object CMakeFiles/libprotoc.dir/src/google/protobuf/compiler/java/primitive_field_lite.cc.o
[2026-09-30 14:11:02] [ 91%] Building CXX object CMakeFiles/libprotoc.dir/src/google/protobuf/compiler/java/service.cc.o
[2026-09-30 14:11:02] [ 91%] Building CXX object CMakeFiles/libprotoc.dir/src/google/protobuf/compiler/java/shared_code_generator.cc.o
[2026-09-30 14:11:02] [ 91%] Building CXX object CMakeFiles/libprotoc.dir/src/google/protobuf/compiler/java/string_field.cc.o
[2026-09-30 14:11:02] [ 92%] Building CXX object CMakeFiles/libprotoc.dir/src/google/protobuf/compiler/java/string_field_lite.cc.o
[2026-09-30 14:11:02] [ 92%] Building CXX object CMakeFiles/libprotoc.dir/src/google/protobuf/compiler/objectivec/enum.cc.o
[2026-09-30 14:11:02] [ 92%] Building CXX object CMakeFiles/libprotoc.dir/src/google/protobuf/compiler/objectivec/enum_field.cc.o
[2026-09-30 14:11:02] [ 92%] Building CXX object CMakeFiles/libprotoc.dir/src/google/protobuf/compiler/objectivec/extension.cc.o
[2026-09-30 14:11:02] [ 93%] Building CXX object CMakeFiles/libprotoc.dir/src/google/protobuf/compiler/objectivec/field.cc.o
[2026-09-30 14:11:02] [ 93%] Building CXX object CMakeFiles/libprotoc.dir/src/google/protobuf/compiler/objectivec/file.cc.o
[2026-09-30 14:11:02] [ 93%] Building CXX object CMakeFiles/libprotoc.dir/src/google/protobuf/compiler/objectivec/generator.cc.o
[2026-09-30 14:11:02] [ 93%] Building CXX object CMakeFiles/libprotoc.dir/src/google/protobuf/compiler/objectivec/helpers.cc.o
[2026-09-30 14:11:02] [ 93%] Building CXX object CMakeFiles/libprotoc.dir/src/google/protobuf/compiler/objectivec/import_writer.cc.o
[2026-09-30 14:11:02] [ 94%] Building CXX object CMakeFiles/libprotoc.dir/src/google/protobuf/compiler/objectivec/line_consumer.cc.o
[2026-09-30 14:11:02] [ 94%] Building CXX object CMakeFiles/libprotoc.dir/src/google/protobuf/compiler/objectivec/map_field.cc.o
[2026-09-30 14:11:02] [ 94%] Building CXX object CMakeFiles/libprotoc.dir/src/google/protobuf/compiler/objectivec/message.cc.o
[2026-09-30 14:11:02] [ 94%] Building CXX object CMakeFiles/libprotoc.dir/src/google/protobuf/compiler/objectivec/message_field.cc.o
[2026-09-30 14:11:02] [ 94%] Building CXX object CMakeFiles/libprotoc.dir/src/google/protobuf/compiler/objectivec/names.cc.o
[2026-09-30 14:11:02] [ 95%] Building CXX object CMakeFiles/libprotoc.dir/src/google/protobuf/compiler/objectivec/oneof.cc.o
[2026-09-30 14:11:02] [ 95%] Building CXX object CMakeFiles/libprotoc.dir/src/google/protobuf/compiler/objectivec/primitive_field.cc.o
[2026-09-30 14:11:02] [ 95%] Building CXX object CMakeFiles/libprotoc.dir/src/google/protobuf/compiler/objectivec/text_format_decode_data.cc.o
[2026-09-30 14:11:02] [ 95%] Building CXX object CMakeFiles/libprotoc.dir/src/google/protobuf/compiler/php/names.cc.o
[2026-09-30 14:11:02] [ 96%] Building CXX object CMakeFiles/libprotoc.dir/src/google/protobuf/compiler/php/php_generator.cc.o
[2026-09-30 14:11:02] [ 96%] Building CXX object CMakeFiles/libprotoc.dir/src/google/protobuf/compiler/plugin.cc.o
[2026-09-30 14:11:02] [ 96%] Building CXX object CMakeFiles/libprotoc.dir/src/google/protobuf/compiler/plugin.pb.cc.o
[2026-09-30 14:11:02] [ 96%] Building CXX object CMakeFiles/libprotoc.dir/src/google/protobuf/compiler/python/generator.cc.o
[2026-09-30 14:11:02] [ 96%] Building CXX object CMakeFiles/libprotoc.dir/src/google/protobuf/compiler/python/helpers.cc.o
[2026-09-30 14:11:02] [ 97%] Building CXX object CMakeFiles/libprotoc.dir/src/google/protobuf/compiler/python/pyi_generator.cc.o
[2026-09-30 14:11:02] [ 97%] Building CXX object CMakeFiles/libprotoc.dir/src/google/protobuf/compiler/retention.cc.o
[2026-09-30 14:11:02] [ 97%] Building CXX object CMakeFiles/libprotoc.dir/src/google/protobuf/compiler/ruby/ruby_generator.cc.o
[2026-09-30 14:11:02] [ 97%] Building CXX object CMakeFiles/libprotoc.dir/src/google/protobuf/compiler/rust/accessors/accessors.cc.o
[2026-09-30 14:11:02] [ 98%] Building CXX object CMakeFiles/libprotoc.dir/src/google/protobuf/compiler/rust/accessors/singular_message.cc.o
[2026-09-30 14:11:02] [ 98%] Building CXX object CMakeFiles/libprotoc.dir/src/google/protobuf/compiler/rust/accessors/singular_scalar.cc.o
[2026-09-30 14:11:02] [ 98%] Building CXX object CMakeFiles/libprotoc.dir/src/google/protobuf/compiler/rust/accessors/singular_string.cc.o
[2026-09-30 14:11:02] [ 98%] Building CXX object CMakeFiles/libprotoc.dir/src/google/protobuf/compiler/rust/accessors/unsupported_field.cc.o
[2026-09-30 14:11:02] [ 98%] Building CXX object CMakeFiles/libprotoc.dir/src/google/protobuf/compiler/rust/context.cc.o
[2026-09-30 14:11:02] [ 99%] Building CXX object CMakeFiles/libprotoc.dir/src/google/protobuf/compiler/rust/generator.cc.o
[2026-09-30 14:11:02] [ 99%] Building CXX object CMakeFiles/libprotoc.dir/src/google/protobuf/compiler/rust/message.cc.o
[2026-09-30 14:11:02] [ 99%] Building CXX object CMakeFiles/libprotoc.dir/src/google/protobuf/compiler/rust/naming.cc.o
[2026-09-30 14:11:02] [ 99%] Building CXX object CMakeFiles/libprotoc.dir/src/google/protobuf/compiler/rust/oneof.cc.o
[2026-09-30 14:11:02] [ 99%] Building CXX object CMakeFiles/libprotoc.dir/src/google/protobuf/compiler/rust/relative_path.cc.o
[2026-09-30 14:11:02] [100%] Building CXX object CMakeFiles/libprotoc.dir/src/google/protobuf/compiler/subprocess.cc.o
[2026-09-30 14:11:02] [100%] Building CXX object CMakeFiles/libprotoc.dir/src/google/protobuf/compiler/zip_writer.cc.o
[2026-09-30 14:11:02] [100%] Linking CXX static library libascend_protoc.a
[2026-09-30 14:11:02] [100%] Built target libprotoc
[2026-09-30 14:11:02] [100%] Building CXX object CMakeFiles/protoc.dir/src/google/protobuf/compiler/main.cc.o
[2026-09-30 14:11:02] [100%] Linking CXX executable protoc
[2026-09-30 14:11:02] [100%] Built target protoc
[2026-09-30 14:11:02] [79/90] No install step for 'ascend_protobuf_build_transformer'
[2026-09-30 14:11:02] [80/90] Completed 'ascend_protobuf_build_transformer'
[2026-09-30 14:11:02] [81/90] Running C++ protocol buffer compiler on /mnt/workspace/mhc-validation-20260930/Ascend/cann-9.1.0/include/proto/ge_onnx.proto
[2026-09-30 14:11:02] generate proto cpp_out onnx by /mnt/workspace/mhc-validation-20260930/Ascend/cann-9.1.0/include/proto/ge_onnx.proto
[2026-09-30 14:11:08] [82/90] Building CXX object common/src/framework/CMakeFiles/op_transformer_onnx_plugin_obj.dir/multi_head_attention_onnx_plugin.cpp.o
[2026-09-30 14:11:08] [83/90] Building CXX object common/src/framework/CMakeFiles/op_transformer_onnx_plugin_obj.dir/embedding_bag_onnx_plugin.cpp.o
[2026-09-30 14:11:08] [84/90] Building CXX object common/src/framework/CMakeFiles/op_transformer_onnx_plugin_obj.dir/fillwindowcache_onnx_plugin.cpp.o
[2026-09-30 14:11:09] [85/90] Building CXX object common/src/framework/CMakeFiles/op_transformer_onnx_plugin_obj.dir/npu_fused_attention_score_fwd_onnx_plugin.cpp.o
[2026-09-30 14:11:14] [86/90] Building CXX object common/src/framework/CMakeFiles/op_transformer_onnx_plugin_obj.dir/npu_scaled_masked_softmax_onnx_plugin.cpp.o
[2026-09-30 14:11:14] [87/90] Building CXX object common/src/framework/CMakeFiles/op_transformer_onnx_plugin_obj.dir/npu_masked_softmax_with_relposbias_onnx_plugin.cpp.o
[2026-09-30 14:11:15] [88/90] Building CXX object common/src/framework/CMakeFiles/op_transformer_onnx_plugin_obj.dir/npu_fused_attention_score_onnx_plugin.cpp.o
[2026-09-30 14:11:16] [89/90] Building CXX object common/src/framework/CMakeFiles/op_transformer_onnx_plugin_obj.dir/tfidf_vectorizer_onnx_plugin.cpp.o
[2026-09-30 14:11:16] [89/90] Run CPack packaging tool...
[2026-09-30 14:11:16] CPack: Create package using External
[2026-09-30 14:11:16] CPack: Install projects
[2026-09-30 14:11:16] CPack: - Install project: cann_ops-transformer []
[2026-09-30 14:11:16] CPack: Create package
[2026-09-30 14:11:16] 
[2026-09-30 14:11:16] About to compress 2012 KB of data...
[2026-09-30 14:11:16] Adding files to archive named "cann-ops-transformer-reduction_peeled_linux-aarch64.run"...
[2026-09-30 14:11:16] ./help.info
[2026-09-30 14:11:16] ./install.sh
[2026-09-30 14:11:16] ./packages/vendors/reduction_peeled_transformer/op_api/include/aclnnop/aclnn_hc_pre.h
[2026-09-30 14:11:16] ./packages/vendors/reduction_peeled_transformer/op_api/include/aclnnop/aclnn_ops_transformer_reduction_peeled.h
[2026-09-30 14:11:16] ./packages/vendors/reduction_peeled_transformer/op_api/lib/libcust_opapi.so
[2026-09-30 14:11:16] ./packages/vendors/reduction_peeled_transformer/op_impl/ai_core/tbe/config/ascend910b/aic-ascend910b-ops-info.json
[2026-09-30 14:11:16] ./packages/vendors/reduction_peeled_transformer/op_impl/ai_core/tbe/kernel/ascend910b/hc_pre/HcPre_6c9f0fa710253eff38b1c0e6be6a67be.json
[2026-09-30 14:11:16] ./packages/vendors/reduction_peeled_transformer/op_impl/ai_core/tbe/kernel/ascend910b/hc_pre/HcPre_6c9f0fa710253eff38b1c0e6be6a67be.o
[2026-09-30 14:11:16] ./packages/vendors/reduction_peeled_transformer/op_impl/ai_core/tbe/kernel/ascend910b/hc_pre/HcPre_6c9f0fa710253eff38b1c0e6be6a67be_relocatable.json
[2026-09-30 14:11:16] ./packages/vendors/reduction_peeled_transformer/op_impl/ai_core/tbe/kernel/ascend910b/hc_pre/HcPre_6c9f0fa710253eff38b1c0e6be6a67be_relocatable.o
[2026-09-30 14:11:16] ./packages/vendors/reduction_peeled_transformer/op_impl/ai_core/tbe/kernel/config/ascend910b/binary_info_config.json
[2026-09-30 14:11:16] ./packages/vendors/reduction_peeled_transformer/op_impl/ai_core/tbe/kernel/config/ascend910b/hc_pre.json
[2026-09-30 14:11:16] ./packages/vendors/reduction_peeled_transformer/op_impl/ai_core/tbe/kernel/config/ascend910b/relocatable_kernel_info_config.json
[2026-09-30 14:11:16] ./packages/vendors/reduction_peeled_transformer/op_impl/ai_core/tbe/op_tiling/lib/linux/aarch64/libcust_opmaster_rt2.0.so
[2026-09-30 14:11:16] ./packages/vendors/reduction_peeled_transformer/op_impl/ai_core/tbe/op_tiling/liboptiling.so
[2026-09-30 14:11:16] ./packages/vendors/reduction_peeled_transformer/op_impl/ai_core/tbe/reduction_peeled_transformer_impl/ascendc/common/common.h
[2026-09-30 14:11:16] ./packages/vendors/reduction_peeled_transformer/op_impl/ai_core/tbe/reduction_peeled_transformer_impl/ascendc/common/common_func.h
[2026-09-30 14:11:16] ./packages/vendors/reduction_peeled_transformer/op_impl/ai_core/tbe/reduction_peeled_transformer_impl/ascendc/common/dropmask.h
[2026-09-30 14:11:16] ./packages/vendors/reduction_peeled_transformer/op_impl/ai_core/tbe/reduction_peeled_transformer_impl/ascendc/common/gm_to_l1_iterator.h
[2026-09-30 14:11:16] ./packages/vendors/reduction_peeled_transformer/op_impl/ai_core/tbe/reduction_peeled_transformer_impl/ascendc/common/gm_to_ub_iterator.h
[2026-09-30 14:11:16] ./packages/vendors/reduction_peeled_transformer/op_impl/ai_core/tbe/reduction_peeled_transformer_impl/ascendc/common/hardware.h
[2026-09-30 14:11:16] ./packages/vendors/reduction_peeled_transformer/op_impl/ai_core/tbe/reduction_peeled_transformer_impl/ascendc/common/iterator.h
[2026-09-30 14:11:16] ./packages/vendors/reduction_peeled_transformer/op_impl/ai_core/tbe/reduction_peeled_transformer_impl/ascendc/common/l0c_to_gm_iterator.h
[2026-09-30 14:11:16] ./packages/vendors/reduction_peeled_transformer/op_impl/ai_core/tbe/reduction_peeled_transformer_impl/ascendc/common/l0c_to_l1_iterator.h
[2026-09-30 14:11:16] ./packages/vendors/reduction_peeled_transformer/op_impl/ai_core/tbe/reduction_peeled_transformer_impl/ascendc/common/l0c_to_ub_iterator.h
[2026-09-30 14:11:16] ./packages/vendors/reduction_peeled_transformer/op_impl/ai_core/tbe/reduction_peeled_transformer_impl/ascendc/common/l1_to_bt_iterator.h
[2026-09-30 14:11:16] ./packages/vendors/reduction_peeled_transformer/op_impl/ai_core/tbe/reduction_peeled_transformer_impl/ascendc/common/l1_to_fb_iterator.h
[2026-09-30 14:11:16] ./packages/vendors/reduction_peeled_transformer/op_impl/ai_core/tbe/reduction_peeled_transformer_impl/ascendc/common/l1_to_l0_iterator.h
[2026-09-30 14:11:16] ./packages/vendors/reduction_peeled_transformer/op_impl/ai_core/tbe/reduction_peeled_transformer_impl/ascendc/common/l1_to_ub_iterator.h
[2026-09-30 14:11:16] ./packages/vendors/reduction_peeled_transformer/op_impl/ai_core/tbe/reduction_peeled_transformer_impl/ascendc/common/layout.h
[2026-09-30 14:11:16] ./packages/vendors/reduction_peeled_transformer/op_impl/ai_core/tbe/reduction_peeled_transformer_impl/ascendc/common/mem.h
[2026-09-30 14:11:16] ./packages/vendors/reduction_peeled_transformer/op_impl/ai_core/tbe/reduction_peeled_transformer_impl/ascendc/common/mma.h
[2026-09-30 14:11:16] ./packages/vendors/reduction_peeled_transformer/op_impl/ai_core/tbe/reduction_peeled_transformer_impl/ascendc/common/pse.h
[2026-09-30 14:11:16] ./packages/vendors/reduction_peeled_transformer/op_impl/ai_core/tbe/reduction_peeled_transformer_impl/ascendc/common/simd.h
[2026-09-30 14:11:16] ./packages/vendors/reduction_peeled_transformer/op_impl/ai_core/tbe/reduction_peeled_transformer_impl/ascendc/common/util.h
[2026-09-30 14:11:16] ./packages/vendors/reduction_peeled_transformer/op_impl/ai_core/tbe/reduction_peeled_transformer_impl/ascendc/hc_pre/hc_pre.cpp
[2026-09-30 14:11:16] ./packages/vendors/reduction_peeled_transformer/op_impl/ai_core/tbe/reduction_peeled_transformer_impl/ascendc/hc_pre/hc_pre_base.h
[2026-09-30 14:11:16] ./packages/vendors/reduction_peeled_transformer/op_impl/ai_core/tbe/reduction_peeled_transformer_impl/ascendc/hc_pre/hc_pre_base_arch35.h
[2026-09-30 14:11:16] ./packages/vendors/reduction_peeled_transformer/op_impl/ai_core/tbe/reduction_peeled_transformer_impl/ascendc/hc_pre/hc_pre_cube_compute.h
[2026-09-30 14:11:16] ./packages/vendors/reduction_peeled_transformer/op_impl/ai_core/tbe/reduction_peeled_transformer_impl/ascendc/hc_pre/hc_pre_cube_compute_arch35.h
[2026-09-30 14:11:16] ./packages/vendors/reduction_peeled_transformer/op_impl/ai_core/tbe/reduction_peeled_transformer_impl/ascendc/hc_pre/hc_pre_m_k_split_core.h
[2026-09-30 14:11:16] ./packages/vendors/reduction_peeled_transformer/op_impl/ai_core/tbe/reduction_peeled_transformer_impl/ascendc/hc_pre/hc_pre_m_k_split_core_arch35.h
[2026-09-30 14:11:16] ./packages/vendors/reduction_peeled_transformer/op_impl/ai_core/tbe/reduction_peeled_transformer_impl/ascendc/hc_pre/hc_pre_m_split_core_arch35.h
[2026-09-30 14:11:16] ./packages/vendors/reduction_peeled_transformer/op_impl/ai_core/tbe/reduction_peeled_transformer_impl/dynamic/hc_pre.py
[2026-09-30 14:11:16] ./packages/vendors/reduction_peeled_transformer/op_proto/inc/hc_pre_proto.h
[2026-09-30 14:11:16] ./packages/vendors/reduction_peeled_transformer/op_proto/lib/linux/aarch64/libcust_opsproto_rt2.0.so
[2026-09-30 14:11:16] ./packages/vendors/reduction_peeled_transformer/version.info
[2026-09-30 14:11:16] ./uninstall.sh
[2026-09-30 14:11:16] ./upgrade.sh
[2026-09-30 14:11:16] CRC: 3155971270
[2026-09-30 14:11:16] SHA256: d7e6687073a2441893afe69faa0ed7b3c912245df56ff0f9d0522fa75fa035e4
[2026-09-30 14:11:16] Skipping md5sum at user request
[2026-09-30 14:11:16] 
[2026-09-30 14:11:16] Self-extractable archive "cann-ops-transformer-reduction_peeled_linux-aarch64.run" successfully created.
[2026-09-30 14:11:16] Copy /mnt/workspace/hc-pre-reduction-20260930/peeled/csrc/build/_CPack_Packages/Linux/External/cann-ops-transformer-reduction_peeled_linux-aarch64.run/cann-ops-transformer-reduction_peeled_linux-aarch64.run to /mnt/workspace/hc-pre-reduction-20260930/peeled/csrc/build/
[2026-09-30 14:11:16] Copy /mnt/workspace/hc-pre-reduction-20260930/peeled/csrc/build/_CPack_Packages/Linux/External/cann-ops-transformer-reduction_peeled_linux-aarch64.run/cann-ops-transformer-reduction_peeled_linux-aarch64.run to /mnt/workspace/hc-pre-reduction-20260930/peeled/csrc/build_out/
[2026-09-30 14:11:16] CPack: - package: /mnt/workspace/hc-pre-reduction-20260930/peeled/csrc/build/cann-ops-transformer-reduction_peeled_linux-aarch64.run.json generated.
[2026-09-30 14:11:16] CPack: - package: /mnt/workspace/hc-pre-reduction-20260930/peeled/csrc/build/cann-ops-transformer-reduction_peeled_linux-aarch64.run generated.
