Cloning into '/mnt/workspace/hc-pre-reduction-20260930/full-plugin-source-v3'...
warning: source repository is shallow, ignoring --local
warning: --local is ignored
Note: switching to '52c8d05cba1b3b40999dbe473030ed3d29045561'.

You are in 'detached HEAD' state. You can look around, make experimental
changes and commit them, and you can discard any commits you make in this
state without impacting any branches by switching back to a branch.

If you want to create a new branch to retain commits you create, you may
do so (now or later) by using -c with the switch command. Example:

  git switch -c <new-branch-name>

Or undo this operation with:

  git switch -

Turn off this advice by setting config variable advice.detachedHead to false

From /mnt/workspace/hc-pre-reduction-20260930/iteration-02/runtime-d50.bundle
 * branch            codex/hc-pre-vector-reduction-20260930 -> FETCH_HEAD
Previous HEAD position was 52c8d05 fix(benchmarks): use HcPre keyword-only scalar arguments
HEAD is now at d50abbe perf(ops): seed aligned HcPre reductions with the first add
COMMAND ["cmake", "-S", "/mnt/workspace/hc-pre-reduction-20260930/full-plugin-source-v3", "-B", "/mnt/workspace/hc-pre-reduction-20260930/iteration-02/full-extension-build-v3", "-DCMAKE_BUILD_TYPE=Release", "-DCMAKE_EXPORT_COMPILE_COMMANDS=1", "-DCMAKE_C_COMPILER=/usr/bin/gcc-13", "-DCMAKE_CXX_COMPILER=/usr/bin/g++-13", "-DASCEND_HOME_PATH=/mnt/workspace/mhc-validation-20260930/Ascend/cann-9.1.0", "-DPYTHON_EXECUTABLE=/mnt/workspace/mhc-validation-20260930/venv/bin/python", "-DPYTHON_INCLUDE_PATH=/home/developer/.local/share/uv/python/cpython-3.12.14-linux-aarch64-gnu/include/python3.12", "-DCMAKE_PREFIX_PATH=/mnt/workspace/mhc-validation-20260930/venv/lib/python3.12/site-packages/pybind11/share/cmake/pybind11", "-DSOC_VERSION=ascend910b1", "-DTORCH_NPU_PATH=/mnt/workspace/mhc-validation-20260930/venv/lib/python3.12/site-packages/torch_npu", "-DCMAKE_INSTALL_PREFIX=/mnt/workspace/hc-pre-reduction-20260930/full-plugin-source-v3/vllm_ascend"]
-- The C compiler identification is GNU 13.1.0
-- The CXX compiler identification is GNU 13.1.0
-- Detecting C compiler ABI info
-- Detecting C compiler ABI info - done
-- Check for working C compiler: /usr/bin/gcc-13 - skipped
-- Detecting C compile features
-- Detecting C compile features - done
-- Detecting CXX compiler ABI info
-- Detecting CXX compiler ABI info - done
-- Check for working CXX compiler: /usr/bin/g++-13 - skipped
-- Detecting CXX compile features
-- Detecting CXX compile features - done
CMake Warning (author) at /mnt/workspace/mhc-validation-20260930/venv/lib/python3.12/site-packages/pybind11/share/cmake/pybind11/FindPythonLibsNew.cmake:101 (message):
  Policy CMP0148 is not set: The FindPythonInterp and FindPythonLibs modules
  are removed.  Run "cmake --help-policy CMP0148" for policy details.  Use
  the cmake_policy command to set the policy and suppress this warning, or
  preferably upgrade to using FindPython, either by calling it explicitly
  before pybind11, or by setting PYBIND11_FINDPYTHON ON before pybind11.
Call Stack (most recent call first):
  /mnt/workspace/mhc-validation-20260930/venv/lib/python3.12/site-packages/pybind11/share/cmake/pybind11/pybind11Tools.cmake:44 (find_package)
  /mnt/workspace/mhc-validation-20260930/venv/lib/python3.12/site-packages/pybind11/share/cmake/pybind11/pybind11Common.cmake:243 (include)
  /mnt/workspace/mhc-validation-20260930/venv/lib/python3.12/site-packages/pybind11/share/cmake/pybind11/pybind11Config.cmake:257 (include)
  CMakeLists.txt:15 (find_package)
This warning is for project developers.  Use -Wno-author to suppress it.

CMake Warning (deprecated) at /mnt/workspace/mhc-validation-20260930/venv/lib/python3.12/site-packages/pybind11/share/cmake/pybind11/FindPythonLibsNew.cmake:110 (cmake_policy):
  The OLD behavior for policy CMP0148 will be removed from a future version
  of CMake.

  The cmake-policies(7) manual explains that the OLD behaviors of all
  policies are deprecated and that a policy should be set to OLD only under
  specific short-term circumstances.  Projects should be ported to the NEW
  behavior and not rely on setting a policy to OLD.
Call Stack (most recent call first):
  /mnt/workspace/mhc-validation-20260930/venv/lib/python3.12/site-packages/pybind11/share/cmake/pybind11/pybind11Tools.cmake:44 (find_package)
  /mnt/workspace/mhc-validation-20260930/venv/lib/python3.12/site-packages/pybind11/share/cmake/pybind11/pybind11Common.cmake:243 (include)
  /mnt/workspace/mhc-validation-20260930/venv/lib/python3.12/site-packages/pybind11/share/cmake/pybind11/pybind11Config.cmake:257 (include)
  CMakeLists.txt:15 (find_package)
This warning is for project developers.  Use -Wno-author or -Wno-deprecated
to suppress it.

-- Found PythonInterp: /mnt/workspace/mhc-validation-20260930/venv/bin/python (found suitable version "3.12.14", minimum required is "3.9")
-- Found PythonLibs: /home/developer/.local/share/uv/python/cpython-3.12.14-linux-aarch64-gnu/lib/libpython3.12.so
-- Performing Test HAS_FLTO_AUTO
-- Performing Test HAS_FLTO_AUTO - Success
-- Found pybind11: /mnt/workspace/mhc-validation-20260930/venv/lib/python3.12/site-packages/pybind11/include (found version "3.1.0")
CMake Warning at /mnt/workspace/mhc-validation-20260930/venv/lib/python3.12/site-packages/torch/share/cmake/Torch/TorchConfig.cmake:22 (message):
  static library kineto_LIBRARY-NOTFOUND not found.
Call Stack (most recent call first):
  /mnt/workspace/mhc-validation-20260930/venv/lib/python3.12/site-packages/torch/share/cmake/Torch/TorchConfig.cmake:125 (append_torchlib_if_found)
  CMakeLists.txt:20 (find_package)


-- Found Torch: /mnt/workspace/mhc-validation-20260930/venv/lib/python3.12/site-packages/torch/lib/libtorch.so
-- Detected SOC version: ascend910b1
TORCH_NPU_PATH is /mnt/workspace/mhc-validation-20260930/venv/lib/python3.12/site-packages/torch_npu
-- Performing Test HAVE_ACLRT_GET_PHY_DEV_ID_BY_USER_DEV_ID
-- Performing Test HAVE_ACLRT_GET_PHY_DEV_ID_BY_USER_DEV_ID - Success
-- Performing Test HAVE_ACLRT_MEMCPY_BATCH_ASYNC
-- Performing Test HAVE_ACLRT_MEMCPY_BATCH_ASYNC - Success
-- aclrtMemcpyBatchAsync: detected in CANN headers, enabling batch memcpy path
-- Configuring done (7.5s)
-- Generating done (0.0s)
-- Build files have been written to: /mnt/workspace/hc-pre-reduction-20260930/iteration-02/full-extension-build-v3
COMMAND ["cmake", "--build", "/mnt/workspace/hc-pre-reduction-20260930/iteration-02/full-extension-build-v3", "--target", "vllm_ascend_C", "--parallel", "2"]
[  2%] Creating directories for 'vllm_ascend_kernels_precompile'
[  4%] No download step for 'vllm_ascend_kernels_precompile'
[  6%] No update step for 'vllm_ascend_kernels_precompile'
[  8%] No patch step for 'vllm_ascend_kernels_precompile'
[ 10%] Performing configure step for 'vllm_ascend_kernels_precompile'
-- The C compiler identification is GNU 9.4.0
-- The CXX compiler identification is GNU 9.4.0
-- Detecting C compiler ABI info
-- Detecting C compiler ABI info - done
-- Check for working C compiler: /usr/bin/cc - skipped
-- Detecting C compile features
-- Detecting C compile features - done
-- Detecting CXX compiler ABI info
-- Detecting CXX compiler ABI info - done
-- Check for working CXX compiler: /usr/bin/c++ - skipped
-- Detecting CXX compile features
-- Detecting CXX compile features - done
-- Configuring done (0.5s)
-- Generating done (0.0s)
CMake Warning (unused-cli):
  Manually-specified variables were not used by the project:

    DYNAMIC_MODE
    INCLUDE_DIR


-- Build files have been written to: /mnt/workspace/hc-pre-reduction-20260930/iteration-02/full-extension-build-v3/vllm_ascend_kernels_precompile-prefix/src/vllm_ascend_kernels_precompile-build
[ 12%] Performing build step for 'vllm_ascend_kernels_precompile'
[ 40%] Building CXX object CMakeFiles/precompile_obj.dir/mnt/workspace/hc-pre-reduction-20260930/full-plugin-source-v3/csrc/kernels/bgmv_shrink.cpp.o
[ 40%] Building CXX object CMakeFiles/precompile_obj.dir/mnt/workspace/hc-pre-reduction-20260930/full-plugin-source-v3/csrc/kernels/bgmv_expand.cpp.o
[ 60%] Building CXX object CMakeFiles/precompile_obj.dir/mnt/workspace/hc-pre-reduction-20260930/full-plugin-source-v3/csrc/kernels/sgmv_expand.cpp.o
[ 80%] Building CXX object CMakeFiles/precompile_obj.dir/mnt/workspace/hc-pre-reduction-20260930/full-plugin-source-v3/csrc/kernels/sgmv_shrink.cpp.o
[100%] Building CXX object CMakeFiles/precompile_obj.dir/mnt/workspace/hc-pre-reduction-20260930/full-plugin-source-v3/csrc/mla_preprocess/op_kernel/mla_preprocess_kernel.cpp.o
In file included from /mnt/workspace/hc-pre-reduction-20260930/full-plugin-source-v3/csrc/mla_preprocess/op_kernel/mla_preprocess_kernel.cpp:16:
In file included from /mnt/workspace/hc-pre-reduction-20260930/full-plugin-source-v3/csrc/mla_preprocess/op_kernel/mla_preprocess_mix_fp16.hpp:14:
In file included from /mnt/workspace/hc-pre-reduction-20260930/full-plugin-source-v3/csrc/mla_preprocess/op_kernel/kernel/iterator.h:15:
In file included from /mnt/workspace/hc-pre-reduction-20260930/full-plugin-source-v3/csrc/mla_preprocess/op_kernel/kernel/common_func.h:23:
/mnt/workspace/mhc-validation-20260930/Ascend/cann-9.1.0/aarch64-linux/asc/impl/basic_api/dav_c220/../kernel_macros.h:16:9: warning: impl/basic_api/kernel_macros.h is an internal header file and must not be used directly. Functions or variables defined in this file may be removed in the future. Please use "#include "basic_api/kernel_tpipe.h"" and use public functions or variables defined in interface headers files. [-W#pragma-messages]
#pragma message("impl/basic_api/kernel_macros.h is an internal header file and must not be used directly. Functions or variables defined in this file may be removed in the future. Please use \"#include \"basic_api/kernel_tpipe.h\"\" and use public functions or variables defined in interface headers files.")
        ^
In file included from /mnt/workspace/hc-pre-reduction-20260930/full-plugin-source-v3/csrc/mla_preprocess/op_kernel/mla_preprocess_kernel.cpp:16:
In file included from /mnt/workspace/hc-pre-reduction-20260930/full-plugin-source-v3/csrc/mla_preprocess/op_kernel/mla_preprocess_mix_fp16.hpp:14:
In file included from /mnt/workspace/hc-pre-reduction-20260930/full-plugin-source-v3/csrc/mla_preprocess/op_kernel/kernel/iterator.h:19:
In file included from /mnt/workspace/hc-pre-reduction-20260930/full-plugin-source-v3/csrc/mla_preprocess/op_kernel/kernel/mem.h:16:
/mnt/workspace/mhc-validation-20260930/Ascend/cann-9.1.0/aarch64-linux/asc/impl/basic_api/kernel_event.h:16:9: warning: impl/basic_api/kernel_event.h is an internal header file and must not be used directly. Functions or variables defined in this file may be removed in the future. Please use "#include "basic_api/kernel_tpipe.h"" and use public functions or variables defined in interface headers files. [-W#pragma-messages]
#pragma message("impl/basic_api/kernel_event.h is an internal header file and must not be used directly. Functions or variables defined in this file may be removed in the future. Please use \"#include \"basic_api/kernel_tpipe.h\"\" and use public functions or variables defined in interface headers files.")
        ^
2 warnings generated.
[100%] Built target precompile_obj
[100%] Built target check_src_template
[ 14%] No install step for 'vllm_ascend_kernels_precompile'
[ 16%] Completed 'vllm_ascend_kernels_precompile'
[ 16%] Built target vllm_ascend_kernels_precompile
[ 18%] Creating directories for 'vllm_ascend_kernels_preprocess'
[ 20%] No download step for 'vllm_ascend_kernels_preprocess'
[ 22%] No update step for 'vllm_ascend_kernels_preprocess'
[ 25%] No patch step for 'vllm_ascend_kernels_preprocess'
[ 27%] Performing configure step for 'vllm_ascend_kernels_preprocess'
-- The C compiler identification is GNU 9.4.0
-- The CXX compiler identification is GNU 9.4.0
-- Detecting C compiler ABI info
-- Detecting C compiler ABI info - done
-- Check for working C compiler: /usr/bin/cc - skipped
-- Detecting C compile features
-- Detecting C compile features - done
-- Detecting CXX compiler ABI info
-- Detecting CXX compiler ABI info - done
-- Check for working CXX compiler: /usr/bin/c++ - skipped
-- Detecting CXX compile features
-- Detecting CXX compile features - done
-- Configuring done (0.5s)
-- Generating done (0.0s)
-- Build files have been written to: /mnt/workspace/hc-pre-reduction-20260930/iteration-02/full-extension-build-v3/vllm_ascend_kernels_preprocess-prefix/src/vllm_ascend_kernels_preprocess-build
[ 29%] Performing build step for 'vllm_ascend_kernels_preprocess'
[ 13%] Building CXX object CMakeFiles/aiv_obj.dir/mnt/workspace/hc-pre-reduction-20260930/full-plugin-source-v3/csrc/kernels/bgmv_expand.cpp.o
[ 13%] Building CXX object CMakeFiles/preprocess_obj.dir/mnt/workspace/hc-pre-reduction-20260930/full-plugin-source-v3/csrc/kernels/bgmv_expand.cpp.o
[ 20%] Building CXX object CMakeFiles/preprocess_obj.dir/mnt/workspace/hc-pre-reduction-20260930/full-plugin-source-v3/csrc/kernels/bgmv_shrink.cpp.o
[ 26%] Building CXX object CMakeFiles/preprocess_obj.dir/mnt/workspace/hc-pre-reduction-20260930/full-plugin-source-v3/csrc/kernels/sgmv_expand.cpp.o
[ 33%] Building CXX object CMakeFiles/preprocess_obj.dir/mnt/workspace/hc-pre-reduction-20260930/full-plugin-source-v3/csrc/kernels/sgmv_shrink.cpp.o
[ 40%] Building CXX object CMakeFiles/preprocess_obj.dir/mnt/workspace/hc-pre-reduction-20260930/full-plugin-source-v3/csrc/mla_preprocess/op_kernel/mla_preprocess_kernel.cpp.o
In file included from /mnt/workspace/hc-pre-reduction-20260930/full-plugin-source-v3/csrc/mla_preprocess/op_kernel/mla_preprocess_kernel.cpp:16:
In file included from /mnt/workspace/hc-pre-reduction-20260930/full-plugin-source-v3/csrc/mla_preprocess/op_kernel/mla_preprocess_mix_fp16.hpp:14:
In file included from /mnt/workspace/hc-pre-reduction-20260930/full-plugin-source-v3/csrc/mla_preprocess/op_kernel/kernel/iterator.h:15:
In file included from /mnt/workspace/hc-pre-reduction-20260930/full-plugin-source-v3/csrc/mla_preprocess/op_kernel/kernel/common_func.h:23:
/mnt/workspace/mhc-validation-20260930/Ascend/cann-9.1.0/aarch64-linux/asc/impl/basic_api/dav_c220/../kernel_macros.h:16:9: warning: impl/basic_api/kernel_macros.h is an internal header file and must not be used directly. Functions or variables defined in this file may be removed in the future. Please use "#include "basic_api/kernel_tpipe.h"" and use public functions or variables defined in interface headers files. [-W#pragma-messages]
#pragma message("impl/basic_api/kernel_macros.h is an internal header file and must not be used directly. Functions or variables defined in this file may be removed in the future. Please use \"#include \"basic_api/kernel_tpipe.h\"\" and use public functions or variables defined in interface headers files.")
        ^
In file included from /mnt/workspace/hc-pre-reduction-20260930/full-plugin-source-v3/csrc/mla_preprocess/op_kernel/mla_preprocess_kernel.cpp:16:
In file included from /mnt/workspace/hc-pre-reduction-20260930/full-plugin-source-v3/csrc/mla_preprocess/op_kernel/mla_preprocess_mix_fp16.hpp:14:
In file included from /mnt/workspace/hc-pre-reduction-20260930/full-plugin-source-v3/csrc/mla_preprocess/op_kernel/kernel/iterator.h:19:
In file included from /mnt/workspace/hc-pre-reduction-20260930/full-plugin-source-v3/csrc/mla_preprocess/op_kernel/kernel/mem.h:16:
/mnt/workspace/mhc-validation-20260930/Ascend/cann-9.1.0/aarch64-linux/asc/impl/basic_api/kernel_event.h:16:9: warning: impl/basic_api/kernel_event.h is an internal header file and must not be used directly. Functions or variables defined in this file may be removed in the future. Please use "#include "basic_api/kernel_tpipe.h"" and use public functions or variables defined in interface headers files. [-W#pragma-messages]
#pragma message("impl/basic_api/kernel_event.h is an internal header file and must not be used directly. Functions or variables defined in this file may be removed in the future. Please use \"#include \"basic_api/kernel_tpipe.h\"\" and use public functions or variables defined in interface headers files.")
        ^
2 warnings generated.
[ 40%] Built target preprocess_obj
[ 46%] Building CXX object CMakeFiles/aic_obj.dir/mnt/workspace/hc-pre-reduction-20260930/full-plugin-source-v3/csrc/kernels/bgmv_expand.cpp.o
[ 53%] Building CXX object CMakeFiles/aiv_obj.dir/mnt/workspace/hc-pre-reduction-20260930/full-plugin-source-v3/csrc/kernels/bgmv_shrink.cpp.o
[ 60%] Building CXX object CMakeFiles/aic_obj.dir/mnt/workspace/hc-pre-reduction-20260930/full-plugin-source-v3/csrc/kernels/bgmv_shrink.cpp.o
/mnt/workspace/hc-pre-reduction-20260930/full-plugin-source-v3/csrc/kernels/bgmv_shrink.cpp:156:9: warning: use of function template name with no prior declaration in function call with explicit template arguments is a C++20 extension [-Wc++20-extensions]
        ReduceSum<float>(wTmpTensor, wTmpTensor, wTmpTensor, numElements);
        ^
1 warning generated.
[ 66%] Building CXX object CMakeFiles/aiv_obj.dir/mnt/workspace/hc-pre-reduction-20260930/full-plugin-source-v3/csrc/kernels/sgmv_expand.cpp.o
/mnt/workspace/hc-pre-reduction-20260930/full-plugin-source-v3/csrc/kernels/bgmv_shrink.cpp:156:9: warning: use of function template name with no prior declaration in function call with explicit template arguments is a C++20 extension [-Wc++20-extensions]
        ReduceSum<float>(wTmpTensor, wTmpTensor, wTmpTensor, numElements);
        ^
1 warning generated.
[ 73%] Building CXX object CMakeFiles/aic_obj.dir/mnt/workspace/hc-pre-reduction-20260930/full-plugin-source-v3/csrc/kernels/sgmv_expand.cpp.o
[ 80%] Building CXX object CMakeFiles/aiv_obj.dir/mnt/workspace/hc-pre-reduction-20260930/full-plugin-source-v3/csrc/kernels/sgmv_shrink.cpp.o
[ 86%] Building CXX object CMakeFiles/aic_obj.dir/mnt/workspace/hc-pre-reduction-20260930/full-plugin-source-v3/csrc/kernels/sgmv_shrink.cpp.o
/mnt/workspace/hc-pre-reduction-20260930/full-plugin-source-v3/csrc/kernels/sgmv_shrink.cpp:168:9: warning: use of function template name with no prior declaration in function call with explicit template arguments is a C++20 extension [-Wc++20-extensions]
        ReduceSum<float>(wTmpTensor, wTmpTensor, wTmpTensor, numElements);
        ^
/mnt/workspace/hc-pre-reduction-20260930/full-plugin-source-v3/csrc/kernels/sgmv_shrink.cpp:168:9: warning: use of function template name with no prior declaration in function call with explicit template arguments is a C++20 extension [-Wc++20-extensions]
        ReduceSum<float>(wTmpTensor, wTmpTensor, wTmpTensor, numElements);
        ^
1 warning generated.
[ 93%] Building CXX object CMakeFiles/aiv_obj.dir/mnt/workspace/hc-pre-reduction-20260930/full-plugin-source-v3/csrc/mla_preprocess/op_kernel/mla_preprocess_kernel.cpp.o
1 warning generated.
[100%] Building CXX object CMakeFiles/aic_obj.dir/mnt/workspace/hc-pre-reduction-20260930/full-plugin-source-v3/csrc/mla_preprocess/op_kernel/mla_preprocess_kernel.cpp.o
In file included from /mnt/workspace/hc-pre-reduction-20260930/full-plugin-source-v3/csrc/mla_preprocess/op_kernel/mla_preprocess_kernel.cpp:16:
In file included from /mnt/workspace/hc-pre-reduction-20260930/full-plugin-source-v3/csrc/mla_preprocess/op_kernel/mla_preprocess_mix_fp16.hpp:14:
In file included from /mnt/workspace/hc-pre-reduction-20260930/full-plugin-source-v3/csrc/mla_preprocess/op_kernel/kernel/iterator.h:15:
In file included from /mnt/workspace/hc-pre-reduction-20260930/full-plugin-source-v3/csrc/mla_preprocess/op_kernel/kernel/common_func.h:23:
/mnt/workspace/mhc-validation-20260930/Ascend/cann-9.1.0/aarch64-linux/asc/impl/basic_api/dav_c220/../kernel_macros.h:16:9: warning: impl/basic_api/kernel_macros.h is an internal header file and must not be used directly. Functions or variables defined in this file may be removed in the future. Please use "#include "basic_api/kernel_tpipe.h"" and use public functions or variables defined in interface headers files. [-W#pragma-messages]
#pragma message("impl/basic_api/kernel_macros.h is an internal header file and must not be used directly. Functions or variables defined in this file may be removed in the future. Please use \"#include \"basic_api/kernel_tpipe.h\"\" and use public functions or variables defined in interface headers files.")
        ^
In file included from /mnt/workspace/hc-pre-reduction-20260930/full-plugin-source-v3/csrc/mla_preprocess/op_kernel/mla_preprocess_kernel.cpp:16:
In file included from /mnt/workspace/hc-pre-reduction-20260930/full-plugin-source-v3/csrc/mla_preprocess/op_kernel/mla_preprocess_mix_fp16.hpp:14:
In file included from /mnt/workspace/hc-pre-reduction-20260930/full-plugin-source-v3/csrc/mla_preprocess/op_kernel/kernel/iterator.h:19:
In file included from /mnt/workspace/hc-pre-reduction-20260930/full-plugin-source-v3/csrc/mla_preprocess/op_kernel/kernel/mem.h:16:
/mnt/workspace/mhc-validation-20260930/Ascend/cann-9.1.0/aarch64-linux/asc/impl/basic_api/kernel_event.h:16:9: warning: impl/basic_api/kernel_event.h is an internal header file and must not be used directly. Functions or variables defined in this file may be removed in the future. Please use "#include "basic_api/kernel_tpipe.h"" and use public functions or variables defined in interface headers files. [-W#pragma-messages]
#pragma message("impl/basic_api/kernel_event.h is an internal header file and must not be used directly. Functions or variables defined in this file may be removed in the future. Please use \"#include \"basic_api/kernel_tpipe.h\"\" and use public functions or variables defined in interface headers files.")
        ^
In file included from /mnt/workspace/hc-pre-reduction-20260930/full-plugin-source-v3/csrc/mla_preprocess/op_kernel/mla_preprocess_kernel.cpp:16:
In file included from /mnt/workspace/hc-pre-reduction-20260930/full-plugin-source-v3/csrc/mla_preprocess/op_kernel/mla_preprocess_mix_fp16.hpp:14:
In file included from /mnt/workspace/hc-pre-reduction-20260930/full-plugin-source-v3/csrc/mla_preprocess/op_kernel/kernel/iterator.h:19:
/mnt/workspace/hc-pre-reduction-20260930/full-plugin-source-v3/csrc/mla_preprocess/op_kernel/kernel/mem.h:47:49: warning: 'InitBuffer' is deprecated: NOTICE: InitBuffer has been deprecated and will be removed in the next version. Please do not use it! [-Wdeprecated-declarations]
        tensor[(uint32_t)BufferType::ASCEND_UB].InitBuffer(0, bufferSize[(uint32_t)BufferType::ASCEND_UB]);
                                                ^
/mnt/workspace/mhc-validation-20260930/Ascend/cann-9.1.0/aarch64-linux/asc/include/basic_api/../../impl/basic_api/kernel_tensor_base.h:174:7: note: 'InitBuffer' has been explicitly marked deprecated here
    [[deprecated("NOTICE: InitBuffer has been deprecated and will be removed in the next version. "
      ^
In file included from /mnt/workspace/hc-pre-reduction-20260930/full-plugin-source-v3/csrc/mla_preprocess/op_kernel/mla_preprocess_kernel.cpp:16:
In file included from /mnt/workspace/hc-pre-reduction-20260930/full-plugin-source-v3/csrc/mla_preprocess/op_kernel/mla_preprocess_mix_fp16.hpp:14:
In file included from /mnt/workspace/hc-pre-reduction-20260930/full-plugin-source-v3/csrc/mla_preprocess/op_kernel/kernel/iterator.h:15:
In file included from /mnt/workspace/hc-pre-reduction-20260930/full-plugin-source-v3/csrc/mla_preprocess/op_kernel/kernel/common_func.h:23:
/mnt/workspace/mhc-validation-20260930/Ascend/cann-9.1.0/aarch64-linux/asc/impl/basic_api/dav_c220/../kernel_macros.h:16:9: warning: impl/basic_api/kernel_macros.h is an internal header file and must not be used directly. Functions or variables defined in this file may be removed in the future. Please use "#include "basic_api/kernel_tpipe.h"" and use public functions or variables defined in interface headers files. [-W#pragma-messages]
#pragma message("impl/basic_api/kernel_macros.h is an internal header file and must not be used directly. Functions or variables defined in this file may be removed in the future. Please use \"#include \"basic_api/kernel_tpipe.h\"\" and use public functions or variables defined in interface headers files.")
        ^
In file included from /mnt/workspace/hc-pre-reduction-20260930/full-plugin-source-v3/csrc/mla_preprocess/op_kernel/mla_preprocess_kernel.cpp:16:
In file included from /mnt/workspace/hc-pre-reduction-20260930/full-plugin-source-v3/csrc/mla_preprocess/op_kernel/mla_preprocess_mix_fp16.hpp:14:
In file included from /mnt/workspace/hc-pre-reduction-20260930/full-plugin-source-v3/csrc/mla_preprocess/op_kernel/kernel/iterator.h:19:
In file included from /mnt/workspace/hc-pre-reduction-20260930/full-plugin-source-v3/csrc/mla_preprocess/op_kernel/kernel/mem.h:16:
/mnt/workspace/mhc-validation-20260930/Ascend/cann-9.1.0/aarch64-linux/asc/impl/basic_api/kernel_event.h:16:9: warning: impl/basic_api/kernel_event.h is an internal header file and must not be used directly. Functions or variables defined in this file may be removed in the future. Please use "#include "basic_api/kernel_tpipe.h"" and use public functions or variables defined in interface headers files. [-W#pragma-messages]
#pragma message("impl/basic_api/kernel_event.h is an internal header file and must not be used directly. Functions or variables defined in this file may be removed in the future. Please use \"#include \"basic_api/kernel_tpipe.h\"\" and use public functions or variables defined in interface headers files.")
        ^
In file included from /mnt/workspace/hc-pre-reduction-20260930/full-plugin-source-v3/csrc/mla_preprocess/op_kernel/mla_preprocess_kernel.cpp:16:
In file included from /mnt/workspace/hc-pre-reduction-20260930/full-plugin-source-v3/csrc/mla_preprocess/op_kernel/mla_preprocess_mix_fp16.hpp:14:
In file included from /mnt/workspace/hc-pre-reduction-20260930/full-plugin-source-v3/csrc/mla_preprocess/op_kernel/kernel/iterator.h:19:
/mnt/workspace/hc-pre-reduction-20260930/full-plugin-source-v3/csrc/mla_preprocess/op_kernel/kernel/mem.h:50:49: warning: 'InitBuffer' is deprecated: NOTICE: InitBuffer has been deprecated and will be removed in the next version. Please do not use it! [-Wdeprecated-declarations]
        tensor[(uint32_t)BufferType::ASCEND_CB].InitBuffer(0, bufferSize[(uint32_t)BufferType::ASCEND_CB]);
                                                ^
/mnt/workspace/mhc-validation-20260930/Ascend/cann-9.1.0/aarch64-linux/asc/include/basic_api/../../impl/basic_api/kernel_tensor_base.h:174:7: note: 'InitBuffer' has been explicitly marked deprecated here
    [[deprecated("NOTICE: InitBuffer has been deprecated and will be removed in the next version. "
      ^
In file included from /mnt/workspace/hc-pre-reduction-20260930/full-plugin-source-v3/csrc/mla_preprocess/op_kernel/mla_preprocess_kernel.cpp:16:
In file included from /mnt/workspace/hc-pre-reduction-20260930/full-plugin-source-v3/csrc/mla_preprocess/op_kernel/mla_preprocess_mix_fp16.hpp:14:
In file included from /mnt/workspace/hc-pre-reduction-20260930/full-plugin-source-v3/csrc/mla_preprocess/op_kernel/kernel/iterator.h:19:
/mnt/workspace/hc-pre-reduction-20260930/full-plugin-source-v3/csrc/mla_preprocess/op_kernel/kernel/mem.h:52:50: warning: 'InitBuffer' is deprecated: NOTICE: InitBuffer has been deprecated and will be removed in the next version. Please do not use it! [-Wdeprecated-declarations]
        tensor[(uint32_t)BufferType::ASCEND_L0A].InitBuffer(0, bufferSize[(uint32_t)BufferType::ASCEND_L0A]);
                                                 ^
/mnt/workspace/mhc-validation-20260930/Ascend/cann-9.1.0/aarch64-linux/asc/include/basic_api/../../impl/basic_api/kernel_tensor_base.h:174:7: note: 'InitBuffer' has been explicitly marked deprecated here
    [[deprecated("NOTICE: InitBuffer has been deprecated and will be removed in the next version. "
      ^
In file included from /mnt/workspace/hc-pre-reduction-20260930/full-plugin-source-v3/csrc/mla_preprocess/op_kernel/mla_preprocess_kernel.cpp:16:
In file included from /mnt/workspace/hc-pre-reduction-20260930/full-plugin-source-v3/csrc/mla_preprocess/op_kernel/mla_preprocess_mix_fp16.hpp:14:
In file included from /mnt/workspace/hc-pre-reduction-20260930/full-plugin-source-v3/csrc/mla_preprocess/op_kernel/kernel/iterator.h:19:
/mnt/workspace/hc-pre-reduction-20260930/full-plugin-source-v3/csrc/mla_preprocess/op_kernel/kernel/mem.h:54:50: warning: 'InitBuffer' is deprecated: NOTICE: InitBuffer has been deprecated and will be removed in the next version. Please do not use it! [-Wdeprecated-declarations]
        tensor[(uint32_t)BufferType::ASCEND_L0B].InitBuffer(0, bufferSize[(uint32_t)BufferType::ASCEND_L0B]);
                                                 ^
/mnt/workspace/mhc-validation-20260930/Ascend/cann-9.1.0/aarch64-linux/asc/include/basic_api/../../impl/basic_api/kernel_tensor_base.h:174:7: note: 'InitBuffer' has been explicitly marked deprecated here
    [[deprecated("NOTICE: InitBuffer has been deprecated and will be removed in the next version. "
      ^
In file included from /mnt/workspace/hc-pre-reduction-20260930/full-plugin-source-v3/csrc/mla_preprocess/op_kernel/mla_preprocess_kernel.cpp:16:
In file included from /mnt/workspace/hc-pre-reduction-20260930/full-plugin-source-v3/csrc/mla_preprocess/op_kernel/mla_preprocess_mix_fp16.hpp:14:
In file included from /mnt/workspace/hc-pre-reduction-20260930/full-plugin-source-v3/csrc/mla_preprocess/op_kernel/kernel/iterator.h:19:
/mnt/workspace/hc-pre-reduction-20260930/full-plugin-source-v3/csrc/mla_preprocess/op_kernel/kernel/mem.h:56:50: warning: 'InitBuffer' is deprecated: NOTICE: InitBuffer has been deprecated and will be removed in the next version. Please do not use it! [-Wdeprecated-declarations]
        tensor[(uint32_t)BufferType::ASCEND_L0C].InitBuffer(0, bufferSize[(uint32_t)BufferType::ASCEND_L0C]);
                                                 ^
/mnt/workspace/mhc-validation-20260930/Ascend/cann-9.1.0/aarch64-linux/asc/include/basic_api/../../impl/basic_api/kernel_tensor_base.h:174:7: note: 'InitBuffer' has been explicitly marked deprecated here
    [[deprecated("NOTICE: InitBuffer has been deprecated and will be removed in the next version. "
      ^
In file included from /mnt/workspace/hc-pre-reduction-20260930/full-plugin-source-v3/csrc/mla_preprocess/op_kernel/mla_preprocess_kernel.cpp:16:
/mnt/workspace/hc-pre-reduction-20260930/full-plugin-source-v3/csrc/mla_preprocess/op_kernel/mla_preprocess_mix_fp16.hpp:1687:14: warning: 'InitBuffer' is deprecated: NOTICE: InitBuffer has been deprecated and will be removed in the next version. Please do not use it! [-Wdeprecated-declarations]
    scale_fb.InitBuffer(0, FB_BUFF_SIZE);
             ^
/mnt/workspace/mhc-validation-20260930/Ascend/cann-9.1.0/aarch64-linux/asc/include/basic_api/../../impl/basic_api/kernel_tensor_base.h:174:7: note: 'InitBuffer' has been explicitly marked deprecated here
    [[deprecated("NOTICE: InitBuffer has been deprecated and will be removed in the next version. "
      ^
In file included from /mnt/workspace/hc-pre-reduction-20260930/full-plugin-source-v3/csrc/mla_preprocess/op_kernel/mla_preprocess_kernel.cpp:16:
In file included from /mnt/workspace/hc-pre-reduction-20260930/full-plugin-source-v3/csrc/mla_preprocess/op_kernel/mla_preprocess_mix_fp16.hpp:14:
In file included from /mnt/workspace/hc-pre-reduction-20260930/full-plugin-source-v3/csrc/mla_preprocess/op_kernel/kernel/iterators/../iterator.h:19:
/mnt/workspace/hc-pre-reduction-20260930/full-plugin-source-v3/csrc/mla_preprocess/op_kernel/kernel/mem.h:47:49: warning: 'InitBuffer' is deprecated: NOTICE: InitBuffer has been deprecated and will be removed in the next version. Please do not use it! [-Wdeprecated-declarations]
        tensor[(uint32_t)BufferType::ASCEND_UB].InitBuffer(0, bufferSize[(uint32_t)BufferType::ASCEND_UB]);
                                                ^
/mnt/workspace/hc-pre-reduction-20260930/full-plugin-source-v3/csrc/mla_preprocess/op_kernel/mla_preprocess_mix_fp16.hpp:2072:23: note: in instantiation of member function 'AsdopsBuffer<ArchType::ASCEND_V220>::AsdopsBuffer' requested here
    __aicore__ inline MLAOperation(const MlaTilingData &mlaParams_, GM_ADDR tilingGm)
                      ^
/mnt/workspace/hc-pre-reduction-20260930/full-plugin-source-v3/csrc/mla_preprocess/op_kernel/mla_preprocess_kernel.cpp:163:106: note: in instantiation of member function 'MLAPO_FP16::MLAOperation<'\x00', DataFormat::NZ, DataFormat::NZ, DataFormat::ND>::MLAOperation' requested here
            MLAPO_FP16::MLAOperation<CACHE_MODE_KVCACHE, DataFormat::NZ, DataFormat::NZ, DataFormat::ND> opFp16Cm0Qm0(
                                                                                                         ^
/mnt/workspace/mhc-validation-20260930/Ascend/cann-9.1.0/aarch64-linux/asc/include/basic_api/../../impl/basic_api/kernel_tensor_base.h:174:7: note: 'InitBuffer' has been explicitly marked deprecated here
    [[deprecated("NOTICE: InitBuffer has been deprecated and will be removed in the next version. "
      ^
In file included from /mnt/workspace/hc-pre-reduction-20260930/full-plugin-source-v3/csrc/mla_preprocess/op_kernel/mla_preprocess_kernel.cpp:16:
In file included from /mnt/workspace/hc-pre-reduction-20260930/full-plugin-source-v3/csrc/mla_preprocess/op_kernel/mla_preprocess_mix_fp16.hpp:14:
In file included from /mnt/workspace/hc-pre-reduction-20260930/full-plugin-source-v3/csrc/mla_preprocess/op_kernel/kernel/iterators/../iterator.h:19:
/mnt/workspace/hc-pre-reduction-20260930/full-plugin-source-v3/csrc/mla_preprocess/op_kernel/kernel/mem.h:50:49: warning: 'InitBuffer' is deprecated: NOTICE: InitBuffer has been deprecated and will be removed in the next version. Please do not use it! [-Wdeprecated-declarations]
        tensor[(uint32_t)BufferType::ASCEND_CB].InitBuffer(0, bufferSize[(uint32_t)BufferType::ASCEND_CB]);
                                                ^
/mnt/workspace/hc-pre-reduction-20260930/full-plugin-source-v3/csrc/mla_preprocess/op_kernel/mla_preprocess_mix_fp16.hpp:2072:23: note: in instantiation of member function 'AsdopsBuffer<ArchType::ASCEND_V220>::AsdopsBuffer' requested here
    __aicore__ inline MLAOperation(const MlaTilingData &mlaParams_, GM_ADDR tilingGm)
                      ^
/mnt/workspace/hc-pre-reduction-20260930/full-plugin-source-v3/csrc/mla_preprocess/op_kernel/mla_preprocess_kernel.cpp:163:106: note: in instantiation of member function 'MLAPO_FP16::MLAOperation<'\x00', DataFormat::NZ, DataFormat::NZ, DataFormat::ND>::MLAOperation' requested here
            MLAPO_FP16::MLAOperation<CACHE_MODE_KVCACHE, DataFormat::NZ, DataFormat::NZ, DataFormat::ND> opFp16Cm0Qm0(
                                                                                                         ^
/mnt/workspace/mhc-validation-20260930/Ascend/cann-9.1.0/aarch64-linux/asc/include/basic_api/../../impl/basic_api/kernel_tensor_base.h:174:7: note: 'InitBuffer' has been explicitly marked deprecated here
    [[deprecated("NOTICE: InitBuffer has been deprecated and will be removed in the next version. "
      ^
In file included from /mnt/workspace/hc-pre-reduction-20260930/full-plugin-source-v3/csrc/mla_preprocess/op_kernel/mla_preprocess_kernel.cpp:16:
In file included from /mnt/workspace/hc-pre-reduction-20260930/full-plugin-source-v3/csrc/mla_preprocess/op_kernel/mla_preprocess_mix_fp16.hpp:14:
In file included from /mnt/workspace/hc-pre-reduction-20260930/full-plugin-source-v3/csrc/mla_preprocess/op_kernel/kernel/iterators/../iterator.h:19:
/mnt/workspace/hc-pre-reduction-20260930/full-plugin-source-v3/csrc/mla_preprocess/op_kernel/kernel/mem.h:52:50: warning: 'InitBuffer' is deprecated: NOTICE: InitBuffer has been deprecated and will be removed in the next version. Please do not use it! [-Wdeprecated-declarations]
        tensor[(uint32_t)BufferType::ASCEND_L0A].InitBuffer(0, bufferSize[(uint32_t)BufferType::ASCEND_L0A]);
                                                 ^
/mnt/workspace/mhc-validation-20260930/Ascend/cann-9.1.0/aarch64-linux/asc/include/basic_api/../../impl/basic_api/kernel_tensor_base.h:174:7: note: 'InitBuffer' has been explicitly marked deprecated here
    [[deprecated("NOTICE: InitBuffer has been deprecated and will be removed in the next version. "
      ^
In file included from /mnt/workspace/hc-pre-reduction-20260930/full-plugin-source-v3/csrc/mla_preprocess/op_kernel/mla_preprocess_kernel.cpp:16:
In file included from /mnt/workspace/hc-pre-reduction-20260930/full-plugin-source-v3/csrc/mla_preprocess/op_kernel/mla_preprocess_mix_fp16.hpp:14:
In file included from /mnt/workspace/hc-pre-reduction-20260930/full-plugin-source-v3/csrc/mla_preprocess/op_kernel/kernel/iterators/../iterator.h:19:
/mnt/workspace/hc-pre-reduction-20260930/full-plugin-source-v3/csrc/mla_preprocess/op_kernel/kernel/mem.h:54:50: warning: 'InitBuffer' is deprecated: NOTICE: InitBuffer has been deprecated and will be removed in the next version. Please do not use it! [-Wdeprecated-declarations]
        tensor[(uint32_t)BufferType::ASCEND_L0B].InitBuffer(0, bufferSize[(uint32_t)BufferType::ASCEND_L0B]);
                                                 ^
/mnt/workspace/mhc-validation-20260930/Ascend/cann-9.1.0/aarch64-linux/asc/include/basic_api/../../impl/basic_api/kernel_tensor_base.h:174:7: note: 'InitBuffer' has been explicitly marked deprecated here
    [[deprecated("NOTICE: InitBuffer has been deprecated and will be removed in the next version. "
      ^
In file included from /mnt/workspace/hc-pre-reduction-20260930/full-plugin-source-v3/csrc/mla_preprocess/op_kernel/mla_preprocess_kernel.cpp:16:
In file included from /mnt/workspace/hc-pre-reduction-20260930/full-plugin-source-v3/csrc/mla_preprocess/op_kernel/mla_preprocess_mix_fp16.hpp:14:
In file included from /mnt/workspace/hc-pre-reduction-20260930/full-plugin-source-v3/csrc/mla_preprocess/op_kernel/kernel/iterators/../iterator.h:19:
/mnt/workspace/hc-pre-reduction-20260930/full-plugin-source-v3/csrc/mla_preprocess/op_kernel/kernel/mem.h:56:50: warning: 'InitBuffer' is deprecated: NOTICE: InitBuffer has been deprecated and will be removed in the next version. Please do not use it! [-Wdeprecated-declarations]
        tensor[(uint32_t)BufferType::ASCEND_L0C].InitBuffer(0, bufferSize[(uint32_t)BufferType::ASCEND_L0C]);
                                                 ^
/mnt/workspace/mhc-validation-20260930/Ascend/cann-9.1.0/aarch64-linux/asc/include/basic_api/../../impl/basic_api/kernel_tensor_base.h:174:7: note: 'InitBuffer' has been explicitly marked deprecated here
    [[deprecated("NOTICE: InitBuffer has been deprecated and will be removed in the next version. "
      ^
In file included from /mnt/workspace/hc-pre-reduction-20260930/full-plugin-source-v3/csrc/mla_preprocess/op_kernel/mla_preprocess_kernel.cpp:16:
/mnt/workspace/hc-pre-reduction-20260930/full-plugin-source-v3/csrc/mla_preprocess/op_kernel/mla_preprocess_mix_fp16.hpp:1687:14: warning: 'InitBuffer' is deprecated: NOTICE: InitBuffer has been deprecated and will be removed in the next version. Please do not use it! [-Wdeprecated-declarations]
    scale_fb.InitBuffer(0, FB_BUFF_SIZE);
             ^
/mnt/workspace/hc-pre-reduction-20260930/full-plugin-source-v3/csrc/mla_preprocess/op_kernel/mla_preprocess_mix_fp16.hpp:1555:5: note: in instantiation of member function 'MLAPO_FP16::PpMatmulW8a8<false, true, true, 0, DataFormat::ND, DataFormat::NZ>::InitBuffer' requested here
    InitBuffer();
    ^
/mnt/workspace/hc-pre-reduction-20260930/full-plugin-source-v3/csrc/mla_preprocess/op_kernel/mla_preprocess_mix_fp16.hpp:2124:19: note: in instantiation of member function 'MLAPO_FP16::PpMatmulW8a8<false, true, true, 0, DataFormat::ND, DataFormat::NZ>::Init' requested here
        mm_w8a8_1.Init(s1GmTensor, wdqkvGmTensor, bias1gmTensor, descale1gmTensor, s3GmTensor, mlaParams, 0);
                  ^
/mnt/workspace/hc-pre-reduction-20260930/full-plugin-source-v3/csrc/mla_preprocess/op_kernel/mla_preprocess_kernel.cpp:165:26: note: in instantiation of member function 'MLAPO_FP16::MLAOperation<'\x00', DataFormat::NZ, DataFormat::NZ, DataFormat::ND>::Init' requested here
            opFp16Cm0Qm0.Init(hiddenState, quantScale1, quantOffset1, wdqkv, bias1, gamma2, beta2,
                         ^
/mnt/workspace/mhc-validation-20260930/Ascend/cann-9.1.0/aarch64-linux/asc/include/basic_api/../../impl/basic_api/kernel_tensor_base.h:174:7: note: 'InitBuffer' has been explicitly marked deprecated here
    [[deprecated("NOTICE: InitBuffer has been deprecated and will be removed in the next version. "
      ^
In file included from /mnt/workspace/hc-pre-reduction-20260930/full-plugin-source-v3/csrc/mla_preprocess/op_kernel/mla_preprocess_kernel.cpp:16:
/mnt/workspace/hc-pre-reduction-20260930/full-plugin-source-v3/csrc/mla_preprocess/op_kernel/mla_preprocess_mix_fp16.hpp:1687:14: warning: 'InitBuffer' is deprecated: NOTICE: InitBuffer has been deprecated and will be removed in the next version. Please do not use it! [-Wdeprecated-declarations]
    scale_fb.InitBuffer(0, FB_BUFF_SIZE);
             ^
/mnt/workspace/hc-pre-reduction-20260930/full-plugin-source-v3/csrc/mla_preprocess/op_kernel/mla_preprocess_mix_fp16.hpp:1555:5: note: in instantiation of member function 'MLAPO_FP16::PpMatmulW8a8<false, true, true, 1, DataFormat::ND, DataFormat::NZ>::InitBuffer' requested here
    InitBuffer();
    ^
/mnt/workspace/hc-pre-reduction-20260930/full-plugin-source-v3/csrc/mla_preprocess/op_kernel/mla_preprocess_mix_fp16.hpp:2153:19: note: in instantiation of member function 'MLAPO_FP16::PpMatmulW8a8<false, true, true, 1, DataFormat::ND, DataFormat::NZ>::Init' requested here
        mm_w8a8_2.Init(s1GmTensor, wuqGmTensor, bias2gmTensor, descale2gmTensor, s2GmTensor, mlaParams, 1);
                  ^
/mnt/workspace/hc-pre-reduction-20260930/full-plugin-source-v3/csrc/mla_preprocess/op_kernel/mla_preprocess_kernel.cpp:165:26: note: in instantiation of member function 'MLAPO_FP16::MLAOperation<'\x00', DataFormat::NZ, DataFormat::NZ, DataFormat::ND>::Init' requested here
            opFp16Cm0Qm0.Init(hiddenState, quantScale1, quantOffset1, wdqkv, bias1, gamma2, beta2,
                         ^
/mnt/workspace/mhc-validation-20260930/Ascend/cann-9.1.0/aarch64-linux/asc/include/basic_api/../../impl/basic_api/kernel_tensor_base.h:174:7: note: 'InitBuffer' has been explicitly marked deprecated here
    [[deprecated("NOTICE: InitBuffer has been deprecated and will be removed in the next version. "
      ^
In file included from /mnt/workspace/hc-pre-reduction-20260930/full-plugin-source-v3/csrc/mla_preprocess/op_kernel/mla_preprocess_kernel.cpp:16:
In file included from /mnt/workspace/hc-pre-reduction-20260930/full-plugin-source-v3/csrc/mla_preprocess/op_kernel/mla_preprocess_mix_fp16.hpp:14:
In file included from /mnt/workspace/hc-pre-reduction-20260930/full-plugin-source-v3/csrc/mla_preprocess/op_kernel/kernel/iterators/../iterator.h:88:
/mnt/workspace/hc-pre-reduction-20260930/full-plugin-source-v3/csrc/mla_preprocess/op_kernel/kernel/iterators/l1_to_bt_iterator.inc:30:19: warning: 'InitBuffer' is deprecated: NOTICE: InitBuffer has been deprecated and will be removed in the next version. Please do not use it! [-Wdeprecated-declarations]
        dstTensor.InitBuffer(dst, nBurst * lenBurst);
                  ^
/mnt/workspace/hc-pre-reduction-20260930/full-plugin-source-v3/csrc/mla_preprocess/op_kernel/mla_preprocess_mix_fp16.hpp:2003:25: note: in instantiation of member function 'l1_to_bt<ArchType::ASCEND_V220, int>::l1_to_bt' requested here
                        l1_to_bt<ArchType::ASCEND_V220, BiasDtype>(
                        ^
/mnt/workspace/hc-pre-reduction-20260930/full-plugin-source-v3/csrc/mla_preprocess/op_kernel/mla_preprocess_mix_fp16.hpp:2472:15: note: in instantiation of member function 'MLAPO_FP16::PpMatmulW8a8<false, true, true, 0, DataFormat::ND, DataFormat::NZ>::Process' requested here
    mm_w8a8_1.Process();
              ^
/mnt/workspace/hc-pre-reduction-20260930/full-plugin-source-v3/csrc/mla_preprocess/op_kernel/mla_preprocess_kernel.cpp:170:30: note: in instantiation of member function 'MLAPO_FP16::MLAOperation<'\x00', DataFormat::NZ, DataFormat::NZ, DataFormat::ND>::ProcessCube' requested here
                opFp16Cm0Qm0.ProcessCube();
                             ^
/mnt/workspace/mhc-validation-20260930/Ascend/cann-9.1.0/aarch64-linux/asc/include/basic_api/../../impl/basic_api/kernel_tensor_base.h:174:7: note: 'InitBuffer' has been explicitly marked deprecated here
    [[deprecated("NOTICE: InitBuffer has been deprecated and will be removed in the next version. "
      ^
In file included from /mnt/workspace/hc-pre-reduction-20260930/full-plugin-source-v3/csrc/mla_preprocess/op_kernel/mla_preprocess_kernel.cpp:16:
In file included from /mnt/workspace/hc-pre-reduction-20260930/full-plugin-source-v3/csrc/mla_preprocess/op_kernel/mla_preprocess_mix_fp16.hpp:16:
/mnt/workspace/hc-pre-reduction-20260930/full-plugin-source-v3/csrc/mla_preprocess/op_kernel/kernel/mma.h:52:20: warning: 'InitBuffer' is deprecated: NOTICE: InitBuffer has been deprecated and will be removed in the next version. Please do not use it! [-Wdeprecated-declarations]
        biasTensor.InitBuffer(biasBt, nTileActual);
                   ^
/mnt/workspace/hc-pre-reduction-20260930/full-plugin-source-v3/csrc/mla_preprocess/op_kernel/mla_preprocess_mix_fp16.hpp:2014:25: note: in instantiation of member function 'mmad<ArchType::ASCEND_V220, signed char, signed char, int, false>::mmad' requested here
                        Mmad(l0c_buf, l0a_buf, l0b_buf, ((uint64_t)bias_bt),
                        ^
/mnt/workspace/hc-pre-reduction-20260930/full-plugin-source-v3/csrc/mla_preprocess/op_kernel/mla_preprocess_mix_fp16.hpp:2472:15: note: in instantiation of member function 'MLAPO_FP16::PpMatmulW8a8<false, true, true, 0, DataFormat::ND, DataFormat::NZ>::Process' requested here
    mm_w8a8_1.Process();
              ^
/mnt/workspace/hc-pre-reduction-20260930/full-plugin-source-v3/csrc/mla_preprocess/op_kernel/mla_preprocess_kernel.cpp:170:30: note: in instantiation of member function 'MLAPO_FP16::MLAOperation<'\x00', DataFormat::NZ, DataFormat::NZ, DataFormat::ND>::ProcessCube' requested here
                opFp16Cm0Qm0.ProcessCube();
                             ^
/mnt/workspace/mhc-validation-20260930/Ascend/cann-9.1.0/aarch64-linux/asc/include/basic_api/../../impl/basic_api/kernel_tensor_base.h:174:7: note: 'InitBuffer' has been explicitly marked deprecated here
    [[deprecated("NOTICE: InitBuffer has been deprecated and will be removed in the next version. "
      ^
4 warnings generated.
[100%] Built target aiv_obj
/mnt/workspace/mhc-validation-20260930/Ascend/cann-9.1.0/aarch64-linux/ccec_compiler/bin/ld.lld -m aicorelinux -Ttext=0 /mnt/workspace/hc-pre-reduction-20260930/iteration-02/full-extension-build-v3/vllm_ascend_kernels_preprocess-prefix/src/vllm_ascend_kernels_preprocess-build/CMakeFiles/aiv_obj.dir/mnt/workspace/hc-pre-reduction-20260930/full-plugin-source-v3/csrc/kernels/bgmv_expand.cpp.o -o /mnt/workspace/hc-pre-reduction-20260930/iteration-02/full-extension-build-v3/vllm_ascend_kernels_preprocess-prefix/src/vllm_ascend_kernels_preprocess-build/CMakeFiles/aiv_obj.dir/mnt/workspace/hc-pre-reduction-20260930/full-plugin-source-v3/csrc/kernels/bgmv_expand.cpp.o/mnt/workspace/mhc-validation-20260930/Ascend/cann-9.1.0/aarch64-linux/ccec_compiler/bin/ld.lld -m aicorelinux -Ttext=0 /mnt/workspace/hc-pre-reduction-20260930/iteration-02/full-extension-build-v3/vllm_ascend_kernels_preprocess-prefix/src/vllm_ascend_kernels_preprocess-build/CMakeFiles/aiv_obj.dir/mnt/workspace/hc-pre-reduction-20260930/full-plugin-source-v3/csrc/kernels/bgmv_shrink.cpp.o -o /mnt/workspace/hc-pre-reduction-20260930/iteration-02/full-extension-build-v3/vllm_ascend_kernels_preprocess-prefix/src/vllm_ascend_kernels_preprocess-build/CMakeFiles/aiv_obj.dir/mnt/workspace/hc-pre-reduction-20260930/full-plugin-source-v3/csrc/kernels/bgmv_shrink.cpp.o/mnt/workspace/mhc-validation-20260930/Ascend/cann-9.1.0/aarch64-linux/ccec_compiler/bin/ld.lld -m aicorelinux -Ttext=0 /mnt/workspace/hc-pre-reduction-20260930/iteration-02/full-extension-build-v3/vllm_ascend_kernels_preprocess-prefix/src/vllm_ascend_kernels_preprocess-build/CMakeFiles/aiv_obj.dir/mnt/workspace/hc-pre-reduction-20260930/full-plugin-source-v3/csrc/kernels/sgmv_expand.cpp.o -o /mnt/workspace/hc-pre-reduction-20260930/iteration-02/full-extension-build-v3/vllm_ascend_kernels_preprocess-prefix/src/vllm_ascend_kernels_preprocess-build/CMakeFiles/aiv_obj.dir/mnt/workspace/hc-pre-reduction-20260930/full-plugin-source-v3/csrc/kernels/sgmv_expand.cpp.o/mnt/workspace/mhc-validation-20260930/Ascend/cann-9.1.0/aarch64-linux/ccec_compiler/bin/ld.lld -m aicorelinux -Ttext=0 /mnt/workspace/hc-pre-reduction-20260930/iteration-02/full-extension-build-v3/vllm_ascend_kernels_preprocess-prefix/src/vllm_ascend_kernels_preprocess-build/CMakeFiles/aiv_obj.dir/mnt/workspace/hc-pre-reduction-20260930/full-plugin-source-v3/csrc/kernels/sgmv_shrink.cpp.o -o /mnt/workspace/hc-pre-reduction-20260930/iteration-02/full-extension-build-v3/vllm_ascend_kernels_preprocess-prefix/src/vllm_ascend_kernels_preprocess-build/CMakeFiles/aiv_obj.dir/mnt/workspace/hc-pre-reduction-20260930/full-plugin-source-v3/csrc/kernels/sgmv_shrink.cpp.o/mnt/workspace/mhc-validation-20260930/Ascend/cann-9.1.0/aarch64-linux/ccec_compiler/bin/ld.lld -m aicorelinux -Ttext=0 /mnt/workspace/hc-pre-reduction-20260930/iteration-02/full-extension-build-v3/vllm_ascend_kernels_preprocess-prefix/src/vllm_ascend_kernels_preprocess-build/CMakeFiles/aiv_obj.dir/mnt/workspace/hc-pre-reduction-20260930/full-plugin-source-v3/csrc/mla_preprocess/op_kernel/mla_preprocess_kernel.cpp.o -o /mnt/workspace/hc-pre-reduction-20260930/iteration-02/full-extension-build-v3/vllm_ascend_kernels_preprocess-prefix/src/vllm_ascend_kernels_preprocess-build/CMakeFiles/aiv_obj.dir/mnt/workspace/hc-pre-reduction-20260930/full-plugin-source-v3/csrc/mla_preprocess/op_kernel/mla_preprocess_kernel.cpp.o[100%] Built target merge_aiv_obj_text
15 warnings generated.
[100%] Built target aic_obj
/mnt/workspace/mhc-validation-20260930/Ascend/cann-9.1.0/aarch64-linux/ccec_compiler/bin/ld.lld -m aicorelinux -Ttext=0 /mnt/workspace/hc-pre-reduction-20260930/iteration-02/full-extension-build-v3/vllm_ascend_kernels_preprocess-prefix/src/vllm_ascend_kernels_preprocess-build/CMakeFiles/aic_obj.dir/mnt/workspace/hc-pre-reduction-20260930/full-plugin-source-v3/csrc/kernels/bgmv_expand.cpp.o -o /mnt/workspace/hc-pre-reduction-20260930/iteration-02/full-extension-build-v3/vllm_ascend_kernels_preprocess-prefix/src/vllm_ascend_kernels_preprocess-build/CMakeFiles/aic_obj.dir/mnt/workspace/hc-pre-reduction-20260930/full-plugin-source-v3/csrc/kernels/bgmv_expand.cpp.o/mnt/workspace/mhc-validation-20260930/Ascend/cann-9.1.0/aarch64-linux/ccec_compiler/bin/ld.lld -m aicorelinux -Ttext=0 /mnt/workspace/hc-pre-reduction-20260930/iteration-02/full-extension-build-v3/vllm_ascend_kernels_preprocess-prefix/src/vllm_ascend_kernels_preprocess-build/CMakeFiles/aic_obj.dir/mnt/workspace/hc-pre-reduction-20260930/full-plugin-source-v3/csrc/kernels/bgmv_shrink.cpp.o -o /mnt/workspace/hc-pre-reduction-20260930/iteration-02/full-extension-build-v3/vllm_ascend_kernels_preprocess-prefix/src/vllm_ascend_kernels_preprocess-build/CMakeFiles/aic_obj.dir/mnt/workspace/hc-pre-reduction-20260930/full-plugin-source-v3/csrc/kernels/bgmv_shrink.cpp.o/mnt/workspace/mhc-validation-20260930/Ascend/cann-9.1.0/aarch64-linux/ccec_compiler/bin/ld.lld -m aicorelinux -Ttext=0 /mnt/workspace/hc-pre-reduction-20260930/iteration-02/full-extension-build-v3/vllm_ascend_kernels_preprocess-prefix/src/vllm_ascend_kernels_preprocess-build/CMakeFiles/aic_obj.dir/mnt/workspace/hc-pre-reduction-20260930/full-plugin-source-v3/csrc/kernels/sgmv_expand.cpp.o -o /mnt/workspace/hc-pre-reduction-20260930/iteration-02/full-extension-build-v3/vllm_ascend_kernels_preprocess-prefix/src/vllm_ascend_kernels_preprocess-build/CMakeFiles/aic_obj.dir/mnt/workspace/hc-pre-reduction-20260930/full-plugin-source-v3/csrc/kernels/sgmv_expand.cpp.o/mnt/workspace/mhc-validation-20260930/Ascend/cann-9.1.0/aarch64-linux/ccec_compiler/bin/ld.lld -m aicorelinux -Ttext=0 /mnt/workspace/hc-pre-reduction-20260930/iteration-02/full-extension-build-v3/vllm_ascend_kernels_preprocess-prefix/src/vllm_ascend_kernels_preprocess-build/CMakeFiles/aic_obj.dir/mnt/workspace/hc-pre-reduction-20260930/full-plugin-source-v3/csrc/kernels/sgmv_shrink.cpp.o -o /mnt/workspace/hc-pre-reduction-20260930/iteration-02/full-extension-build-v3/vllm_ascend_kernels_preprocess-prefix/src/vllm_ascend_kernels_preprocess-build/CMakeFiles/aic_obj.dir/mnt/workspace/hc-pre-reduction-20260930/full-plugin-source-v3/csrc/kernels/sgmv_shrink.cpp.o/mnt/workspace/mhc-validation-20260930/Ascend/cann-9.1.0/aarch64-linux/ccec_compiler/bin/ld.lld -m aicorelinux -Ttext=0 /mnt/workspace/hc-pre-reduction-20260930/iteration-02/full-extension-build-v3/vllm_ascend_kernels_preprocess-prefix/src/vllm_ascend_kernels_preprocess-build/CMakeFiles/aic_obj.dir/mnt/workspace/hc-pre-reduction-20260930/full-plugin-source-v3/csrc/mla_preprocess/op_kernel/mla_preprocess_kernel.cpp.o -o /mnt/workspace/hc-pre-reduction-20260930/iteration-02/full-extension-build-v3/vllm_ascend_kernels_preprocess-prefix/src/vllm_ascend_kernels_preprocess-build/CMakeFiles/aic_obj.dir/mnt/workspace/hc-pre-reduction-20260930/full-plugin-source-v3/csrc/mla_preprocess/op_kernel/mla_preprocess_kernel.cpp.o[100%] Built target merge_aic_obj_text
[WARNING]: Multiple kernel functions are detected. It is recommended to define only one kernel function per file.
[WARNING]: Multiple kernel functions are detected. It is recommended to define only one kernel function per file.
[WARNING]: Multiple kernel functions are detected. It is recommended to define only one kernel function per file.
[WARNING]: Multiple kernel functions are detected. It is recommended to define only one kernel function per file.
[100%] Built target _host_cpp
[ 31%] No install step for 'vllm_ascend_kernels_preprocess'
[ 33%] Completed 'vllm_ascend_kernels_preprocess'
[ 33%] Built target vllm_ascend_kernels_preprocess
[ 35%] Creating directories for 'vllm_ascend_kernels_aiv_device'
[ 37%] Creating directories for 'vllm_ascend_kernels_aic_device'
[ 39%] No download step for 'vllm_ascend_kernels_aiv_device'
[ 41%] No download step for 'vllm_ascend_kernels_aic_device'
[ 43%] No update step for 'vllm_ascend_kernels_aiv_device'
[ 45%] No update step for 'vllm_ascend_kernels_aic_device'
[ 50%] No patch step for 'vllm_ascend_kernels_aic_device'
[ 50%] No patch step for 'vllm_ascend_kernels_aiv_device'
[ 52%] Performing configure step for 'vllm_ascend_kernels_aic_device'
[ 54%] Performing configure step for 'vllm_ascend_kernels_aiv_device'
-- The C compiler identification is GNU 9.4.0
-- The C compiler identification is GNU 9.4.0
-- The CXX compiler identification is GNU 9.4.0
-- The CXX compiler identification is GNU 9.4.0
-- Detecting C compiler ABI info
-- Detecting C compiler ABI info
-- Detecting C compiler ABI info - done
-- Detecting C compiler ABI info - done
-- Check for working C compiler: /usr/bin/cc - skipped
-- Detecting C compile features
-- Check for working C compiler: /usr/bin/cc - skipped
-- Detecting C compile features - done
-- Detecting C compile features
-- Detecting C compile features - done
-- Detecting CXX compiler ABI info
-- Detecting CXX compiler ABI info
-- Detecting CXX compiler ABI info - done
-- Detecting CXX compiler ABI info - done
-- Check for working CXX compiler: /usr/bin/c++ - skipped
-- Detecting CXX compile features
-- Detecting CXX compile features - done
-- Check for working CXX compiler: /usr/bin/c++ - skipped
-- Detecting CXX compile features
-- Detecting CXX compile features - done
-- Configuring done (0.5s)
-- Configuring done (0.5s)
-- Generating done (0.0s)
-- Build files have been written to: /mnt/workspace/hc-pre-reduction-20260930/iteration-02/full-extension-build-v3/vllm_ascend_kernels_aic_device-prefix/src/vllm_ascend_kernels_aic_device-build
-- Generating done (0.0s)
-- Build files have been written to: /mnt/workspace/hc-pre-reduction-20260930/iteration-02/full-extension-build-v3/vllm_ascend_kernels_aiv_device-prefix/src/vllm_ascend_kernels_aiv_device-build
[ 56%] Performing build step for 'vllm_ascend_kernels_aic_device'
[ 58%] Performing build step for 'vllm_ascend_kernels_aiv_device'
[100%] Building CXX object CMakeFiles/device_obj.dir/mnt/workspace/hc-pre-reduction-20260930/iteration-02/full-extension-build-v3/auto_gen/vllm_ascend_kernels/auto_gen_mla_preprocess_kernel.cpp.o
[ 20%] Building CXX object CMakeFiles/device_obj.dir/mnt/workspace/hc-pre-reduction-20260930/iteration-02/full-extension-build-v3/auto_gen/vllm_ascend_kernels/auto_gen_mla_preprocess_kernel.cpp.o
In file included from /mnt/workspace/hc-pre-reduction-20260930/iteration-02/full-extension-build-v3/auto_gen/vllm_ascend_kernels/auto_gen_mla_preprocess_kernel.cpp:7:
In file included from /mnt/workspace/hc-pre-reduction-20260930/full-plugin-source-v3/csrc/mla_preprocess/op_kernel/mla_preprocess_kernel.cpp:16:
In file included from /mnt/workspace/hc-pre-reduction-20260930/full-plugin-source-v3/csrc/mla_preprocess/op_kernel/mla_preprocess_mix_fp16.hpp:14:
In file included from /mnt/workspace/hc-pre-reduction-20260930/full-plugin-source-v3/csrc/mla_preprocess/op_kernel/kernel/iterator.h:15:
In file included from /mnt/workspace/hc-pre-reduction-20260930/full-plugin-source-v3/csrc/mla_preprocess/op_kernel/kernel/common_func.h:23:
/mnt/workspace/mhc-validation-20260930/Ascend/cann-9.1.0/aarch64-linux/asc/impl/basic_api/dav_c220/../kernel_macros.h:16:9: warning: impl/basic_api/kernel_macros.h is an internal header file and must not be used directly. Functions or variables defined in this file may be removed in the future. Please use "#include "basic_api/kernel_tpipe.h"" and use public functions or variables defined in interface headers files. [-W#pragma-messages]
#pragma message("impl/basic_api/kernel_macros.h is an internal header file and must not be used directly. Functions or variables defined in this file may be removed in the future. Please use \"#include \"basic_api/kernel_tpipe.h\"\" and use public functions or variables defined in interface headers files.")
        ^
In file included from /mnt/workspace/hc-pre-reduction-20260930/iteration-02/full-extension-build-v3/auto_gen/vllm_ascend_kernels/auto_gen_mla_preprocess_kernel.cpp:7:
In file included from /mnt/workspace/hc-pre-reduction-20260930/full-plugin-source-v3/csrc/mla_preprocess/op_kernel/mla_preprocess_kernel.cpp:16:
In file included from /mnt/workspace/hc-pre-reduction-20260930/full-plugin-source-v3/csrc/mla_preprocess/op_kernel/mla_preprocess_mix_fp16.hpp:14:
In file included from /mnt/workspace/hc-pre-reduction-20260930/full-plugin-source-v3/csrc/mla_preprocess/op_kernel/kernel/iterator.h:19:
In file included from /mnt/workspace/hc-pre-reduction-20260930/full-plugin-source-v3/csrc/mla_preprocess/op_kernel/kernel/mem.h:16:
/mnt/workspace/mhc-validation-20260930/Ascend/cann-9.1.0/aarch64-linux/asc/impl/basic_api/kernel_event.h:16:9: warning: impl/basic_api/kernel_event.h is an internal header file and must not be used directly. Functions or variables defined in this file may be removed in the future. Please use "#include "basic_api/kernel_tpipe.h"" and use public functions or variables defined in interface headers files. [-W#pragma-messages]
#pragma message("impl/basic_api/kernel_event.h is an internal header file and must not be used directly. Functions or variables defined in this file may be removed in the future. Please use \"#include \"basic_api/kernel_tpipe.h\"\" and use public functions or variables defined in interface headers files.")
        ^
In file included from /mnt/workspace/hc-pre-reduction-20260930/iteration-02/full-extension-build-v3/auto_gen/vllm_ascend_kernels/auto_gen_mla_preprocess_kernel.cpp:7:
In file included from /mnt/workspace/hc-pre-reduction-20260930/full-plugin-source-v3/csrc/mla_preprocess/op_kernel/mla_preprocess_kernel.cpp:16:
In file included from /mnt/workspace/hc-pre-reduction-20260930/full-plugin-source-v3/csrc/mla_preprocess/op_kernel/mla_preprocess_mix_fp16.hpp:14:
In file included from /mnt/workspace/hc-pre-reduction-20260930/full-plugin-source-v3/csrc/mla_preprocess/op_kernel/kernel/iterator.h:19:
/mnt/workspace/hc-pre-reduction-20260930/full-plugin-source-v3/csrc/mla_preprocess/op_kernel/kernel/mem.h:50:49: warning: 'InitBuffer' is deprecated: NOTICE: InitBuffer has been deprecated and will be removed in the next version. Please do not use it! [-Wdeprecated-declarations]
        tensor[(uint32_t)BufferType::ASCEND_CB].InitBuffer(0, bufferSize[(uint32_t)BufferType::ASCEND_CB]);
                                                ^
/mnt/workspace/mhc-validation-20260930/Ascend/cann-9.1.0/aarch64-linux/asc/include/basic_api/../../impl/basic_api/kernel_tensor_base.h:174:7: note: 'InitBuffer' has been explicitly marked deprecated here
    [[deprecated("NOTICE: InitBuffer has been deprecated and will be removed in the next version. "
      ^
In file included from /mnt/workspace/hc-pre-reduction-20260930/iteration-02/full-extension-build-v3/auto_gen/vllm_ascend_kernels/auto_gen_mla_preprocess_kernel.cpp:7:
In file included from /mnt/workspace/hc-pre-reduction-20260930/full-plugin-source-v3/csrc/mla_preprocess/op_kernel/mla_preprocess_kernel.cpp:16:
In file included from /mnt/workspace/hc-pre-reduction-20260930/full-plugin-source-v3/csrc/mla_preprocess/op_kernel/mla_preprocess_mix_fp16.hpp:14:
In file included from /mnt/workspace/hc-pre-reduction-20260930/full-plugin-source-v3/csrc/mla_preprocess/op_kernel/kernel/iterator.h:19:
/mnt/workspace/hc-pre-reduction-20260930/full-plugin-source-v3/csrc/mla_preprocess/op_kernel/kernel/mem.h:52:50: warning: 'InitBuffer' is deprecated: NOTICE: InitBuffer has been deprecated and will be removed in the next version. Please do not use it! [-Wdeprecated-declarations]
        tensor[(uint32_t)BufferType::ASCEND_L0A].InitBuffer(0, bufferSize[(uint32_t)BufferType::ASCEND_L0A]);
                                                 ^
/mnt/workspace/mhc-validation-20260930/Ascend/cann-9.1.0/aarch64-linux/asc/include/basic_api/../../impl/basic_api/kernel_tensor_base.h:174:7: note: 'InitBuffer' has been explicitly marked deprecated here
    [[deprecated("NOTICE: InitBuffer has been deprecated and will be removed in the next version. "
      ^
In file included from /mnt/workspace/hc-pre-reduction-20260930/iteration-02/full-extension-build-v3/auto_gen/vllm_ascend_kernels/auto_gen_mla_preprocess_kernel.cpp:7:
In file included from /mnt/workspace/hc-pre-reduction-20260930/full-plugin-source-v3/csrc/mla_preprocess/op_kernel/mla_preprocess_kernel.cpp:16:
In file included from /mnt/workspace/hc-pre-reduction-20260930/full-plugin-source-v3/csrc/mla_preprocess/op_kernel/mla_preprocess_mix_fp16.hpp:14:
In file included from /mnt/workspace/hc-pre-reduction-20260930/full-plugin-source-v3/csrc/mla_preprocess/op_kernel/kernel/iterator.h:19:
/mnt/workspace/hc-pre-reduction-20260930/full-plugin-source-v3/csrc/mla_preprocess/op_kernel/kernel/mem.h:54:50: warning: 'InitBuffer' is deprecated: NOTICE: InitBuffer has been deprecated and will be removed in the next version. Please do not use it! [-Wdeprecated-declarations]
        tensor[(uint32_t)BufferType::ASCEND_L0B].InitBuffer(0, bufferSize[(uint32_t)BufferType::ASCEND_L0B]);
                                                 ^
/mnt/workspace/mhc-validation-20260930/Ascend/cann-9.1.0/aarch64-linux/asc/include/basic_api/../../impl/basic_api/kernel_tensor_base.h:174:7: note: 'InitBuffer' has been explicitly marked deprecated here
    [[deprecated("NOTICE: InitBuffer has been deprecated and will be removed in the next version. "
      ^
In file included from /mnt/workspace/hc-pre-reduction-20260930/iteration-02/full-extension-build-v3/auto_gen/vllm_ascend_kernels/auto_gen_mla_preprocess_kernel.cpp:7:
In file included from /mnt/workspace/hc-pre-reduction-20260930/full-plugin-source-v3/csrc/mla_preprocess/op_kernel/mla_preprocess_kernel.cpp:16:
In file included from /mnt/workspace/hc-pre-reduction-20260930/full-plugin-source-v3/csrc/mla_preprocess/op_kernel/mla_preprocess_mix_fp16.hpp:14:
In file included from /mnt/workspace/hc-pre-reduction-20260930/full-plugin-source-v3/csrc/mla_preprocess/op_kernel/kernel/iterator.h:19:
/mnt/workspace/hc-pre-reduction-20260930/full-plugin-source-v3/csrc/mla_preprocess/op_kernel/kernel/mem.h:56:50: warning: 'InitBuffer' is deprecated: NOTICE: InitBuffer has been deprecated and will be removed in the next version. Please do not use it! [-Wdeprecated-declarations]
        tensor[(uint32_t)BufferType::ASCEND_L0C].InitBuffer(0, bufferSize[(uint32_t)BufferType::ASCEND_L0C]);
                                                 ^
/mnt/workspace/mhc-validation-20260930/Ascend/cann-9.1.0/aarch64-linux/asc/include/basic_api/../../impl/basic_api/kernel_tensor_base.h:174:7: note: 'InitBuffer' has been explicitly marked deprecated here
    [[deprecated("NOTICE: InitBuffer has been deprecated and will be removed in the next version. "
      ^
In file included from /mnt/workspace/hc-pre-reduction-20260930/iteration-02/full-extension-build-v3/auto_gen/vllm_ascend_kernels/auto_gen_mla_preprocess_kernel.cpp:7:
In file included from /mnt/workspace/hc-pre-reduction-20260930/full-plugin-source-v3/csrc/mla_preprocess/op_kernel/mla_preprocess_kernel.cpp:16:
In file included from /mnt/workspace/hc-pre-reduction-20260930/full-plugin-source-v3/csrc/mla_preprocess/op_kernel/mla_preprocess_mix_fp16.hpp:14:
In file included from /mnt/workspace/hc-pre-reduction-20260930/full-plugin-source-v3/csrc/mla_preprocess/op_kernel/kernel/iterator.h:15:
In file included from /mnt/workspace/hc-pre-reduction-20260930/full-plugin-source-v3/csrc/mla_preprocess/op_kernel/kernel/common_func.h:23:
/mnt/workspace/mhc-validation-20260930/Ascend/cann-9.1.0/aarch64-linux/asc/impl/basic_api/dav_c220/../kernel_macros.h:16:9: warning: impl/basic_api/kernel_macros.h is an internal header file and must not be used directly. Functions or variables defined in this file may be removed in the future. Please use "#include "basic_api/kernel_tpipe.h"" and use public functions or variables defined in interface headers files. [-W#pragma-messages]
#pragma message("impl/basic_api/kernel_macros.h is an internal header file and must not be used directly. Functions or variables defined in this file may be removed in the future. Please use \"#include \"basic_api/kernel_tpipe.h\"\" and use public functions or variables defined in interface headers files.")
        ^
In file included from /mnt/workspace/hc-pre-reduction-20260930/iteration-02/full-extension-build-v3/auto_gen/vllm_ascend_kernels/auto_gen_mla_preprocess_kernel.cpp:7:
In file included from /mnt/workspace/hc-pre-reduction-20260930/full-plugin-source-v3/csrc/mla_preprocess/op_kernel/mla_preprocess_kernel.cpp:16:
In file included from /mnt/workspace/hc-pre-reduction-20260930/full-plugin-source-v3/csrc/mla_preprocess/op_kernel/mla_preprocess_mix_fp16.hpp:14:
In file included from /mnt/workspace/hc-pre-reduction-20260930/full-plugin-source-v3/csrc/mla_preprocess/op_kernel/kernel/iterator.h:19:
In file included from /mnt/workspace/hc-pre-reduction-20260930/full-plugin-source-v3/csrc/mla_preprocess/op_kernel/kernel/mem.h:16:
/mnt/workspace/mhc-validation-20260930/Ascend/cann-9.1.0/aarch64-linux/asc/impl/basic_api/kernel_event.h:16:9: warning: impl/basic_api/kernel_event.h is an internal header file and must not be used directly. Functions or variables defined in this file may be removed in the future. Please use "#include "basic_api/kernel_tpipe.h"" and use public functions or variables defined in interface headers files. [-W#pragma-messages]
#pragma message("impl/basic_api/kernel_event.h is an internal header file and must not be used directly. Functions or variables defined in this file may be removed in the future. Please use \"#include \"basic_api/kernel_tpipe.h\"\" and use public functions or variables defined in interface headers files.")
        ^
In file included from /mnt/workspace/hc-pre-reduction-20260930/iteration-02/full-extension-build-v3/auto_gen/vllm_ascend_kernels/auto_gen_mla_preprocess_kernel.cpp:7:
In file included from /mnt/workspace/hc-pre-reduction-20260930/full-plugin-source-v3/csrc/mla_preprocess/op_kernel/mla_preprocess_kernel.cpp:16:
In file included from /mnt/workspace/hc-pre-reduction-20260930/full-plugin-source-v3/csrc/mla_preprocess/op_kernel/mla_preprocess_mix_fp16.hpp:14:
In file included from /mnt/workspace/hc-pre-reduction-20260930/full-plugin-source-v3/csrc/mla_preprocess/op_kernel/kernel/iterator.h:19:
/mnt/workspace/hc-pre-reduction-20260930/full-plugin-source-v3/csrc/mla_preprocess/op_kernel/kernel/mem.h:47:49: warning: 'InitBuffer' is deprecated: NOTICE: InitBuffer has been deprecated and will be removed in the next version. Please do not use it! [-Wdeprecated-declarations]
        tensor[(uint32_t)BufferType::ASCEND_UB].InitBuffer(0, bufferSize[(uint32_t)BufferType::ASCEND_UB]);
                                                ^
/mnt/workspace/mhc-validation-20260930/Ascend/cann-9.1.0/aarch64-linux/asc/include/basic_api/../../impl/basic_api/kernel_tensor_base.h:174:7: note: 'InitBuffer' has been explicitly marked deprecated here
    [[deprecated("NOTICE: InitBuffer has been deprecated and will be removed in the next version. "
      ^
In file included from /mnt/workspace/hc-pre-reduction-20260930/iteration-02/full-extension-build-v3/auto_gen/vllm_ascend_kernels/auto_gen_mla_preprocess_kernel.cpp:7:
In file included from /mnt/workspace/hc-pre-reduction-20260930/full-plugin-source-v3/csrc/mla_preprocess/op_kernel/mla_preprocess_kernel.cpp:16:
/mnt/workspace/hc-pre-reduction-20260930/full-plugin-source-v3/csrc/mla_preprocess/op_kernel/mla_preprocess_mix_fp16.hpp:1687:14: warning: 'InitBuffer' is deprecated: NOTICE: InitBuffer has been deprecated and will be removed in the next version. Please do not use it! [-Wdeprecated-declarations]
    scale_fb.InitBuffer(0, FB_BUFF_SIZE);
             ^
/mnt/workspace/mhc-validation-20260930/Ascend/cann-9.1.0/aarch64-linux/asc/include/basic_api/../../impl/basic_api/kernel_tensor_base.h:174:7: note: 'InitBuffer' has been explicitly marked deprecated here
    [[deprecated("NOTICE: InitBuffer has been deprecated and will be removed in the next version. "
      ^
In file included from /mnt/workspace/hc-pre-reduction-20260930/iteration-02/full-extension-build-v3/auto_gen/vllm_ascend_kernels/auto_gen_mla_preprocess_kernel.cpp:7:
In file included from /mnt/workspace/hc-pre-reduction-20260930/full-plugin-source-v3/csrc/mla_preprocess/op_kernel/mla_preprocess_kernel.cpp:16:
In file included from /mnt/workspace/hc-pre-reduction-20260930/full-plugin-source-v3/csrc/mla_preprocess/op_kernel/mla_preprocess_mix_fp16.hpp:14:
In file included from /mnt/workspace/hc-pre-reduction-20260930/full-plugin-source-v3/csrc/mla_preprocess/op_kernel/kernel/iterators/../iterator.h:19:
/mnt/workspace/hc-pre-reduction-20260930/full-plugin-source-v3/csrc/mla_preprocess/op_kernel/kernel/mem.h:50:49: warning: 'InitBuffer' is deprecated: NOTICE: InitBuffer has been deprecated and will be removed in the next version. Please do not use it! [-Wdeprecated-declarations]
        tensor[(uint32_t)BufferType::ASCEND_CB].InitBuffer(0, bufferSize[(uint32_t)BufferType::ASCEND_CB]);
                                                ^
/mnt/workspace/hc-pre-reduction-20260930/full-plugin-source-v3/csrc/mla_preprocess/op_kernel/mla_preprocess_mix_fp16.hpp:2072:23: note: in instantiation of member function 'AsdopsBuffer<ArchType::ASCEND_V220>::AsdopsBuffer' requested here
    __aicore__ inline MLAOperation(const MlaTilingData &mlaParams_, GM_ADDR tilingGm)
                      ^
/mnt/workspace/hc-pre-reduction-20260930/full-plugin-source-v3/csrc/mla_preprocess/op_kernel/mla_preprocess_kernel.cpp:163:106: note: in instantiation of member function 'MLAPO_FP16::MLAOperation<'\x00', DataFormat::NZ, DataFormat::NZ, DataFormat::ND>::MLAOperation' requested here
            MLAPO_FP16::MLAOperation<CACHE_MODE_KVCACHE, DataFormat::NZ, DataFormat::NZ, DataFormat::ND> opFp16Cm0Qm0(
                                                                                                         ^
/mnt/workspace/mhc-validation-20260930/Ascend/cann-9.1.0/aarch64-linux/asc/include/basic_api/../../impl/basic_api/kernel_tensor_base.h:174:7: note: 'InitBuffer' has been explicitly marked deprecated here
    [[deprecated("NOTICE: InitBuffer has been deprecated and will be removed in the next version. "
      ^
In file included from /mnt/workspace/hc-pre-reduction-20260930/iteration-02/full-extension-build-v3/auto_gen/vllm_ascend_kernels/auto_gen_mla_preprocess_kernel.cpp:7:
In file included from /mnt/workspace/hc-pre-reduction-20260930/full-plugin-source-v3/csrc/mla_preprocess/op_kernel/mla_preprocess_kernel.cpp:16:
In file included from /mnt/workspace/hc-pre-reduction-20260930/full-plugin-source-v3/csrc/mla_preprocess/op_kernel/mla_preprocess_mix_fp16.hpp:14:
In file included from /mnt/workspace/hc-pre-reduction-20260930/full-plugin-source-v3/csrc/mla_preprocess/op_kernel/kernel/iterators/../iterator.h:19:
/mnt/workspace/hc-pre-reduction-20260930/full-plugin-source-v3/csrc/mla_preprocess/op_kernel/kernel/mem.h:52:50: warning: 'InitBuffer' is deprecated: NOTICE: InitBuffer has been deprecated and will be removed in the next version. Please do not use it! [-Wdeprecated-declarations]
        tensor[(uint32_t)BufferType::ASCEND_L0A].InitBuffer(0, bufferSize[(uint32_t)BufferType::ASCEND_L0A]);
                                                 ^
/mnt/workspace/mhc-validation-20260930/Ascend/cann-9.1.0/aarch64-linux/asc/include/basic_api/../../impl/basic_api/kernel_tensor_base.h:174:7: note: 'InitBuffer' has been explicitly marked deprecated here
    [[deprecated("NOTICE: InitBuffer has been deprecated and will be removed in the next version. "
      ^
In file included from /mnt/workspace/hc-pre-reduction-20260930/iteration-02/full-extension-build-v3/auto_gen/vllm_ascend_kernels/auto_gen_mla_preprocess_kernel.cpp:7:
In file included from /mnt/workspace/hc-pre-reduction-20260930/full-plugin-source-v3/csrc/mla_preprocess/op_kernel/mla_preprocess_kernel.cpp:16:
In file included from /mnt/workspace/hc-pre-reduction-20260930/full-plugin-source-v3/csrc/mla_preprocess/op_kernel/mla_preprocess_mix_fp16.hpp:14:
In file included from /mnt/workspace/hc-pre-reduction-20260930/full-plugin-source-v3/csrc/mla_preprocess/op_kernel/kernel/iterators/../iterator.h:19:
/mnt/workspace/hc-pre-reduction-20260930/full-plugin-source-v3/csrc/mla_preprocess/op_kernel/kernel/mem.h:54:50: warning: 'InitBuffer' is deprecated: NOTICE: InitBuffer has been deprecated and will be removed in the next version. Please do not use it! [-Wdeprecated-declarations]
        tensor[(uint32_t)BufferType::ASCEND_L0B].InitBuffer(0, bufferSize[(uint32_t)BufferType::ASCEND_L0B]);
                                                 ^
/mnt/workspace/mhc-validation-20260930/Ascend/cann-9.1.0/aarch64-linux/asc/include/basic_api/../../impl/basic_api/kernel_tensor_base.h:174:7: note: 'InitBuffer' has been explicitly marked deprecated here
    [[deprecated("NOTICE: InitBuffer has been deprecated and will be removed in the next version. "
      ^
In file included from /mnt/workspace/hc-pre-reduction-20260930/iteration-02/full-extension-build-v3/auto_gen/vllm_ascend_kernels/auto_gen_mla_preprocess_kernel.cpp:7:
In file included from /mnt/workspace/hc-pre-reduction-20260930/full-plugin-source-v3/csrc/mla_preprocess/op_kernel/mla_preprocess_kernel.cpp:16:
In file included from /mnt/workspace/hc-pre-reduction-20260930/full-plugin-source-v3/csrc/mla_preprocess/op_kernel/mla_preprocess_mix_fp16.hpp:14:
In file included from /mnt/workspace/hc-pre-reduction-20260930/full-plugin-source-v3/csrc/mla_preprocess/op_kernel/kernel/iterators/../iterator.h:19:
/mnt/workspace/hc-pre-reduction-20260930/full-plugin-source-v3/csrc/mla_preprocess/op_kernel/kernel/mem.h:56:50: warning: 'InitBuffer' is deprecated: NOTICE: InitBuffer has been deprecated and will be removed in the next version. Please do not use it! [-Wdeprecated-declarations]
        tensor[(uint32_t)BufferType::ASCEND_L0C].InitBuffer(0, bufferSize[(uint32_t)BufferType::ASCEND_L0C]);
                                                 ^
/mnt/workspace/mhc-validation-20260930/Ascend/cann-9.1.0/aarch64-linux/asc/include/basic_api/../../impl/basic_api/kernel_tensor_base.h:174:7: note: 'InitBuffer' has been explicitly marked deprecated here
    [[deprecated("NOTICE: InitBuffer has been deprecated and will be removed in the next version. "
      ^
In file included from /mnt/workspace/hc-pre-reduction-20260930/iteration-02/full-extension-build-v3/auto_gen/vllm_ascend_kernels/auto_gen_mla_preprocess_kernel.cpp:7:
In file included from /mnt/workspace/hc-pre-reduction-20260930/full-plugin-source-v3/csrc/mla_preprocess/op_kernel/mla_preprocess_kernel.cpp:16:
/mnt/workspace/hc-pre-reduction-20260930/full-plugin-source-v3/csrc/mla_preprocess/op_kernel/mla_preprocess_mix_fp16.hpp:1687:14: warning: 'InitBuffer' is deprecated: NOTICE: InitBuffer has been deprecated and will be removed in the next version. Please do not use it! [-Wdeprecated-declarations]
    scale_fb.InitBuffer(0, FB_BUFF_SIZE);
             ^
/mnt/workspace/hc-pre-reduction-20260930/full-plugin-source-v3/csrc/mla_preprocess/op_kernel/mla_preprocess_mix_fp16.hpp:1555:5: note: in instantiation of member function 'MLAPO_FP16::PpMatmulW8a8<false, true, true, 0, DataFormat::ND, DataFormat::NZ>::InitBuffer' requested here
    InitBuffer();
    ^
/mnt/workspace/hc-pre-reduction-20260930/full-plugin-source-v3/csrc/mla_preprocess/op_kernel/mla_preprocess_mix_fp16.hpp:2124:19: note: in instantiation of member function 'MLAPO_FP16::PpMatmulW8a8<false, true, true, 0, DataFormat::ND, DataFormat::NZ>::Init' requested here
        mm_w8a8_1.Init(s1GmTensor, wdqkvGmTensor, bias1gmTensor, descale1gmTensor, s3GmTensor, mlaParams, 0);
                  ^
/mnt/workspace/hc-pre-reduction-20260930/full-plugin-source-v3/csrc/mla_preprocess/op_kernel/mla_preprocess_kernel.cpp:165:26: note: in instantiation of member function 'MLAPO_FP16::MLAOperation<'\x00', DataFormat::NZ, DataFormat::NZ, DataFormat::ND>::Init' requested here
            opFp16Cm0Qm0.Init(hiddenState, quantScale1, quantOffset1, wdqkv, bias1, gamma2, beta2,
                         ^
/mnt/workspace/mhc-validation-20260930/Ascend/cann-9.1.0/aarch64-linux/asc/include/basic_api/../../impl/basic_api/kernel_tensor_base.h:174:7: note: 'InitBuffer' has been explicitly marked deprecated here
    [[deprecated("NOTICE: InitBuffer has been deprecated and will be removed in the next version. "
      ^
In file included from /mnt/workspace/hc-pre-reduction-20260930/iteration-02/full-extension-build-v3/auto_gen/vllm_ascend_kernels/auto_gen_mla_preprocess_kernel.cpp:7:
In file included from /mnt/workspace/hc-pre-reduction-20260930/full-plugin-source-v3/csrc/mla_preprocess/op_kernel/mla_preprocess_kernel.cpp:16:
/mnt/workspace/hc-pre-reduction-20260930/full-plugin-source-v3/csrc/mla_preprocess/op_kernel/mla_preprocess_mix_fp16.hpp:1687:14: warning: 'InitBuffer' is deprecated: NOTICE: InitBuffer has been deprecated and will be removed in the next version. Please do not use it! [-Wdeprecated-declarations]
    scale_fb.InitBuffer(0, FB_BUFF_SIZE);
             ^
/mnt/workspace/hc-pre-reduction-20260930/full-plugin-source-v3/csrc/mla_preprocess/op_kernel/mla_preprocess_mix_fp16.hpp:1555:5: note: in instantiation of member function 'MLAPO_FP16::PpMatmulW8a8<false, true, true, 1, DataFormat::ND, DataFormat::NZ>::InitBuffer' requested here
    InitBuffer();
    ^
/mnt/workspace/hc-pre-reduction-20260930/full-plugin-source-v3/csrc/mla_preprocess/op_kernel/mla_preprocess_mix_fp16.hpp:2153:19: note: in instantiation of member function 'MLAPO_FP16::PpMatmulW8a8<false, true, true, 1, DataFormat::ND, DataFormat::NZ>::Init' requested here
        mm_w8a8_2.Init(s1GmTensor, wuqGmTensor, bias2gmTensor, descale2gmTensor, s2GmTensor, mlaParams, 1);
                  ^
/mnt/workspace/hc-pre-reduction-20260930/full-plugin-source-v3/csrc/mla_preprocess/op_kernel/mla_preprocess_kernel.cpp:165:26: note: in instantiation of member function 'MLAPO_FP16::MLAOperation<'\x00', DataFormat::NZ, DataFormat::NZ, DataFormat::ND>::Init' requested here
            opFp16Cm0Qm0.Init(hiddenState, quantScale1, quantOffset1, wdqkv, bias1, gamma2, beta2,
                         ^
/mnt/workspace/mhc-validation-20260930/Ascend/cann-9.1.0/aarch64-linux/asc/include/basic_api/../../impl/basic_api/kernel_tensor_base.h:174:7: note: 'InitBuffer' has been explicitly marked deprecated here
    [[deprecated("NOTICE: InitBuffer has been deprecated and will be removed in the next version. "
      ^
In file included from /mnt/workspace/hc-pre-reduction-20260930/iteration-02/full-extension-build-v3/auto_gen/vllm_ascend_kernels/auto_gen_mla_preprocess_kernel.cpp:7:
In file included from /mnt/workspace/hc-pre-reduction-20260930/full-plugin-source-v3/csrc/mla_preprocess/op_kernel/mla_preprocess_kernel.cpp:16:
In file included from /mnt/workspace/hc-pre-reduction-20260930/full-plugin-source-v3/csrc/mla_preprocess/op_kernel/mla_preprocess_mix_fp16.hpp:14:
In file included from /mnt/workspace/hc-pre-reduction-20260930/full-plugin-source-v3/csrc/mla_preprocess/op_kernel/kernel/iterators/../iterator.h:19:
/mnt/workspace/hc-pre-reduction-20260930/full-plugin-source-v3/csrc/mla_preprocess/op_kernel/kernel/mem.h:47:49: warning: 'InitBuffer' is deprecated: NOTICE: InitBuffer has been deprecated and will be removed in the next version. Please do not use it! [-Wdeprecated-declarations]
        tensor[(uint32_t)BufferType::ASCEND_UB].InitBuffer(0, bufferSize[(uint32_t)BufferType::ASCEND_UB]);
                                                ^
/mnt/workspace/hc-pre-reduction-20260930/full-plugin-source-v3/csrc/mla_preprocess/op_kernel/mla_preprocess_mix_fp16.hpp:2072:23: note: in instantiation of member function 'AsdopsBuffer<ArchType::ASCEND_V220>::AsdopsBuffer' requested here
    __aicore__ inline MLAOperation(const MlaTilingData &mlaParams_, GM_ADDR tilingGm)
                      ^
/mnt/workspace/hc-pre-reduction-20260930/full-plugin-source-v3/csrc/mla_preprocess/op_kernel/mla_preprocess_kernel.cpp:163:106: note: in instantiation of member function 'MLAPO_FP16::MLAOperation<'\x00', DataFormat::NZ, DataFormat::NZ, DataFormat::ND>::MLAOperation' requested here
            MLAPO_FP16::MLAOperation<CACHE_MODE_KVCACHE, DataFormat::NZ, DataFormat::NZ, DataFormat::ND> opFp16Cm0Qm0(
                                                                                                         ^
/mnt/workspace/mhc-validation-20260930/Ascend/cann-9.1.0/aarch64-linux/asc/include/basic_api/../../impl/basic_api/kernel_tensor_base.h:174:7: note: 'InitBuffer' has been explicitly marked deprecated here
    [[deprecated("NOTICE: InitBuffer has been deprecated and will be removed in the next version. "
      ^
In file included from /mnt/workspace/hc-pre-reduction-20260930/iteration-02/full-extension-build-v3/auto_gen/vllm_ascend_kernels/auto_gen_mla_preprocess_kernel.cpp:7:
In file included from /mnt/workspace/hc-pre-reduction-20260930/full-plugin-source-v3/csrc/mla_preprocess/op_kernel/mla_preprocess_kernel.cpp:16:
In file included from /mnt/workspace/hc-pre-reduction-20260930/full-plugin-source-v3/csrc/mla_preprocess/op_kernel/mla_preprocess_mix_fp16.hpp:14:
In file included from /mnt/workspace/hc-pre-reduction-20260930/full-plugin-source-v3/csrc/mla_preprocess/op_kernel/kernel/iterators/../iterator.h:88:
/mnt/workspace/hc-pre-reduction-20260930/full-plugin-source-v3/csrc/mla_preprocess/op_kernel/kernel/iterators/l1_to_bt_iterator.inc:30:19: warning: 'InitBuffer' is deprecated: NOTICE: InitBuffer has been deprecated and will be removed in the next version. Please do not use it! [-Wdeprecated-declarations]
        dstTensor.InitBuffer(dst, nBurst * lenBurst);
                  ^
/mnt/workspace/hc-pre-reduction-20260930/full-plugin-source-v3/csrc/mla_preprocess/op_kernel/mla_preprocess_mix_fp16.hpp:2003:25: note: in instantiation of member function 'l1_to_bt<ArchType::ASCEND_V220, int>::l1_to_bt' requested here
                        l1_to_bt<ArchType::ASCEND_V220, BiasDtype>(
                        ^
/mnt/workspace/hc-pre-reduction-20260930/full-plugin-source-v3/csrc/mla_preprocess/op_kernel/mla_preprocess_mix_fp16.hpp:2472:15: note: in instantiation of member function 'MLAPO_FP16::PpMatmulW8a8<false, true, true, 0, DataFormat::ND, DataFormat::NZ>::Process' requested here
    mm_w8a8_1.Process();
              ^
/mnt/workspace/hc-pre-reduction-20260930/full-plugin-source-v3/csrc/mla_preprocess/op_kernel/mla_preprocess_kernel.cpp:170:30: note: in instantiation of member function 'MLAPO_FP16::MLAOperation<'\x00', DataFormat::NZ, DataFormat::NZ, DataFormat::ND>::ProcessCube' requested here
                opFp16Cm0Qm0.ProcessCube();
                             ^
/mnt/workspace/mhc-validation-20260930/Ascend/cann-9.1.0/aarch64-linux/asc/include/basic_api/../../impl/basic_api/kernel_tensor_base.h:174:7: note: 'InitBuffer' has been explicitly marked deprecated here
    [[deprecated("NOTICE: InitBuffer has been deprecated and will be removed in the next version. "
      ^
In file included from /mnt/workspace/hc-pre-reduction-20260930/iteration-02/full-extension-build-v3/auto_gen/vllm_ascend_kernels/auto_gen_mla_preprocess_kernel.cpp:7:
In file included from /mnt/workspace/hc-pre-reduction-20260930/full-plugin-source-v3/csrc/mla_preprocess/op_kernel/mla_preprocess_kernel.cpp:16:
In file included from /mnt/workspace/hc-pre-reduction-20260930/full-plugin-source-v3/csrc/mla_preprocess/op_kernel/mla_preprocess_mix_fp16.hpp:16:
/mnt/workspace/hc-pre-reduction-20260930/full-plugin-source-v3/csrc/mla_preprocess/op_kernel/kernel/mma.h:52:20: warning: 'InitBuffer' is deprecated: NOTICE: InitBuffer has been deprecated and will be removed in the next version. Please do not use it! [-Wdeprecated-declarations]
        biasTensor.InitBuffer(biasBt, nTileActual);
                   ^
/mnt/workspace/hc-pre-reduction-20260930/full-plugin-source-v3/csrc/mla_preprocess/op_kernel/mla_preprocess_mix_fp16.hpp:2014:25: note: in instantiation of member function 'mmad<ArchType::ASCEND_V220, signed char, signed char, int, false>::mmad' requested here
                        Mmad(l0c_buf, l0a_buf, l0b_buf, ((uint64_t)bias_bt),
                        ^
/mnt/workspace/hc-pre-reduction-20260930/full-plugin-source-v3/csrc/mla_preprocess/op_kernel/mla_preprocess_mix_fp16.hpp:2472:15: note: in instantiation of member function 'MLAPO_FP16::PpMatmulW8a8<false, true, true, 0, DataFormat::ND, DataFormat::NZ>::Process' requested here
    mm_w8a8_1.Process();
              ^
/mnt/workspace/hc-pre-reduction-20260930/full-plugin-source-v3/csrc/mla_preprocess/op_kernel/mla_preprocess_kernel.cpp:170:30: note: in instantiation of member function 'MLAPO_FP16::MLAOperation<'\x00', DataFormat::NZ, DataFormat::NZ, DataFormat::ND>::ProcessCube' requested here
                opFp16Cm0Qm0.ProcessCube();
                             ^
/mnt/workspace/mhc-validation-20260930/Ascend/cann-9.1.0/aarch64-linux/asc/include/basic_api/../../impl/basic_api/kernel_tensor_base.h:174:7: note: 'InitBuffer' has been explicitly marked deprecated here
    [[deprecated("NOTICE: InitBuffer has been deprecated and will be removed in the next version. "
      ^
4 warnings generated.
[ 20%] Built target device_obj
[ 40%] Building CXX object CMakeFiles/device_aiv_obj.dir/mnt/workspace/hc-pre-reduction-20260930/iteration-02/full-extension-build-v3/auto_gen/vllm_ascend_kernels/auto_gen_bgmv_expand.cpp.o
[ 60%] Building CXX object CMakeFiles/device_aiv_obj.dir/mnt/workspace/hc-pre-reduction-20260930/iteration-02/full-extension-build-v3/auto_gen/vllm_ascend_kernels/auto_gen_bgmv_shrink.cpp.o
In file included from /mnt/workspace/hc-pre-reduction-20260930/iteration-02/full-extension-build-v3/auto_gen/vllm_ascend_kernels/auto_gen_bgmv_shrink.cpp:8:
/mnt/workspace/hc-pre-reduction-20260930/full-plugin-source-v3/csrc/kernels/bgmv_shrink.cpp:156:9: warning: use of function template name with no prior declaration in function call with explicit template arguments is a C++20 extension [-Wc++20-extensions]
        ReduceSum<float>(wTmpTensor, wTmpTensor, wTmpTensor, numElements);
        ^
1 warning generated.
[ 80%] Building CXX object CMakeFiles/device_aiv_obj.dir/mnt/workspace/hc-pre-reduction-20260930/iteration-02/full-extension-build-v3/auto_gen/vllm_ascend_kernels/auto_gen_sgmv_expand.cpp.o
15 warnings generated.
[100%] Built target device_obj
/mnt/workspace/mhc-validation-20260930/Ascend/cann-9.1.0/aarch64-linux/ccec_compiler/bin/ld.lld  -m aicorelinux -r  -Ttext=0 /mnt/workspace/hc-pre-reduction-20260930/iteration-02/full-extension-build-v3/vllm_ascend_kernels_aic_device-prefix/src/vllm_ascend_kernels_aic_device-build/CMakeFiles/device_obj.dir/mnt/workspace/hc-pre-reduction-20260930/iteration-02/full-extension-build-v3/auto_gen/vllm_ascend_kernels/auto_gen_mla_preprocess_kernel.cpp.o -static -o /mnt/workspace/hc-pre-reduction-20260930/iteration-02/full-extension-build-v3/vllm_ascend_kernels_aic_device_dir/device.o
[100%] Built target merge_device_obj
[ 60%] No install step for 'vllm_ascend_kernels_aic_device'
[ 62%] Completed 'vllm_ascend_kernels_aic_device'
[ 62%] Built target vllm_ascend_kernels_aic_device
[ 64%] Creating directories for 'vllm_ascend_kernels_host'
[ 66%] No download step for 'vllm_ascend_kernels_host'
[ 68%] No update step for 'vllm_ascend_kernels_host'
[ 70%] No patch step for 'vllm_ascend_kernels_host'
[ 72%] Performing configure step for 'vllm_ascend_kernels_host'
-- The C compiler identification is GNU 9.4.0
-- The CXX compiler identification is GNU 9.4.0
-- Detecting C compiler ABI info
-- Detecting C compiler ABI info - done
-- Check for working C compiler: /usr/bin/cc - skipped
-- Detecting C compile features
-- Detecting C compile features - done
-- Detecting CXX compiler ABI info
-- Detecting CXX compiler ABI info - done
-- Check for working CXX compiler: /usr/bin/c++ - skipped
-- Detecting CXX compile features
-- Detecting CXX compile features - done
-- Configuring done (0.5s)
-- Generating done (0.0s)
CMake Warning (unused-cli):
  Manually-specified variables were not used by the project:

    ASCEND_PYTHON_EXECUTABLE


-- Build files have been written to: /mnt/workspace/hc-pre-reduction-20260930/iteration-02/full-extension-build-v3/vllm_ascend_kernels_host-prefix/src/vllm_ascend_kernels_host-build
[ 75%] Performing build step for 'vllm_ascend_kernels_host'
[ 20%] Building CXX object CMakeFiles/host_bisheng_obj.dir/mnt/workspace/hc-pre-reduction-20260930/full-plugin-source-v3/csrc/kernels/bgmv_expand.cpp.o
[100%] Building CXX object CMakeFiles/device_aiv_obj.dir/mnt/workspace/hc-pre-reduction-20260930/iteration-02/full-extension-build-v3/auto_gen/vllm_ascend_kernels/auto_gen_sgmv_shrink.cpp.o
[ 40%] Building CXX object CMakeFiles/host_bisheng_obj.dir/mnt/workspace/hc-pre-reduction-20260930/full-plugin-source-v3/csrc/kernels/bgmv_shrink.cpp.o
[ 60%] Building CXX object CMakeFiles/host_bisheng_obj.dir/mnt/workspace/hc-pre-reduction-20260930/full-plugin-source-v3/csrc/kernels/sgmv_expand.cpp.o
In file included from /mnt/workspace/hc-pre-reduction-20260930/iteration-02/full-extension-build-v3/auto_gen/vllm_ascend_kernels/auto_gen_sgmv_shrink.cpp:8:
/mnt/workspace/hc-pre-reduction-20260930/full-plugin-source-v3/csrc/kernels/sgmv_shrink.cpp:168:9: warning: use of function template name with no prior declaration in function call with explicit template arguments is a C++20 extension [-Wc++20-extensions]
        ReduceSum<float>(wTmpTensor, wTmpTensor, wTmpTensor, numElements);
        ^
[ 80%] Building CXX object CMakeFiles/host_bisheng_obj.dir/mnt/workspace/hc-pre-reduction-20260930/full-plugin-source-v3/csrc/kernels/sgmv_shrink.cpp.o
[100%] Building CXX object CMakeFiles/host_bisheng_obj.dir/mnt/workspace/hc-pre-reduction-20260930/full-plugin-source-v3/csrc/mla_preprocess/op_kernel/mla_preprocess_kernel.cpp.o
1 warning generated.
[100%] Built target device_aiv_obj
/mnt/workspace/mhc-validation-20260930/Ascend/cann-9.1.0/aarch64-linux/ccec_compiler/bin/ld.lld  -m aicorelinux -r  -Ttext=0 /mnt/workspace/hc-pre-reduction-20260930/iteration-02/full-extension-build-v3/vllm_ascend_kernels_aiv_device-prefix/src/vllm_ascend_kernels_aiv_device-build/CMakeFiles/device_obj.dir/mnt/workspace/hc-pre-reduction-20260930/iteration-02/full-extension-build-v3/auto_gen/vllm_ascend_kernels/auto_gen_mla_preprocess_kernel.cpp.o -static -o /mnt/workspace/hc-pre-reduction-20260930/iteration-02/full-extension-build-v3/vllm_ascend_kernels_aiv_device_dir/device.o
[100%] Built target merge_device_obj
/mnt/workspace/mhc-validation-20260930/Ascend/cann-9.1.0/aarch64-linux/ccec_compiler/bin/ld.lld  -m aicorelinux -r  -Ttext=0 /mnt/workspace/hc-pre-reduction-20260930/iteration-02/full-extension-build-v3/vllm_ascend_kernels_aiv_device-prefix/src/vllm_ascend_kernels_aiv_device-build/CMakeFiles/device_aiv_obj.dir/mnt/workspace/hc-pre-reduction-20260930/iteration-02/full-extension-build-v3/auto_gen/vllm_ascend_kernels/auto_gen_bgmv_expand.cpp.o /mnt/workspace/hc-pre-reduction-20260930/iteration-02/full-extension-build-v3/vllm_ascend_kernels_aiv_device-prefix/src/vllm_ascend_kernels_aiv_device-build/CMakeFiles/device_aiv_obj.dir/mnt/workspace/hc-pre-reduction-20260930/iteration-02/full-extension-build-v3/auto_gen/vllm_ascend_kernels/auto_gen_bgmv_shrink.cpp.o /mnt/workspace/hc-pre-reduction-20260930/iteration-02/full-extension-build-v3/vllm_ascend_kernels_aiv_device-prefix/src/vllm_ascend_kernels_aiv_device-build/CMakeFiles/device_aiv_obj.dir/mnt/workspace/hc-pre-reduction-20260930/iteration-02/full-extension-build-v3/auto_gen/vllm_ascend_kernels/auto_gen_sgmv_expand.cpp.o /mnt/workspace/hc-pre-reduction-20260930/iteration-02/full-extension-build-v3/vllm_ascend_kernels_aiv_device-prefix/src/vllm_ascend_kernels_aiv_device-build/CMakeFiles/device_aiv_obj.dir/mnt/workspace/hc-pre-reduction-20260930/iteration-02/full-extension-build-v3/auto_gen/vllm_ascend_kernels/auto_gen_sgmv_shrink.cpp.o -static -o /mnt/workspace/hc-pre-reduction-20260930/iteration-02/full-extension-build-v3/vllm_ascend_kernels_aiv_device_dir/device_aiv.o
[100%] Built target merge_aiv_device_obj
[ 77%] No install step for 'vllm_ascend_kernels_aiv_device'
[ 79%] Completed 'vllm_ascend_kernels_aiv_device'
[ 79%] Built target vllm_ascend_kernels_aiv_device
/mnt/workspace/mhc-validation-20260930/Ascend/cann-9.1.0/aarch64-linux/ccec_compiler/bin/ld.lld -x -m aicorelinux   -Ttext=0 /mnt/workspace/hc-pre-reduction-20260930/iteration-02/full-extension-build-v3/vllm_ascend_kernels_aic_device_dir/device.o /mnt/workspace/hc-pre-reduction-20260930/iteration-02/full-extension-build-v3/vllm_ascend_kernels_aiv_device_dir/device.o -static -o /mnt/workspace/hc-pre-reduction-20260930/iteration-02/full-extension-build-v3/vllm_ascend_kernels_merge_obj_dir/device.o
/mnt/workspace/mhc-validation-20260930/Ascend/cann-9.1.0/aarch64-linux/ccec_compiler/bin/ld.lld -x -m aicorelinux   -Ttext=0 /mnt/workspace/hc-pre-reduction-20260930/iteration-02/full-extension-build-v3/vllm_ascend_kernels_aiv_device_dir/device_aiv.o -static -o /mnt/workspace/hc-pre-reduction-20260930/iteration-02/full-extension-build-v3/vllm_ascend_kernels_merge_obj_dir/device_aiv.o
[ 79%] Built target vllm_ascend_kernels_merge_obj
[ 81%] Building CXX object CMakeFiles/vllm_ascend_kernels_host_stub_obj.dir/auto_gen/vllm_ascend_kernels/host_stub.cpp.o
[ 81%] Built target vllm_ascend_kernels_host_stub_obj
In file included from /mnt/workspace/hc-pre-reduction-20260930/full-plugin-source-v3/csrc/mla_preprocess/op_kernel/mla_preprocess_kernel.cpp:16:
In file included from /mnt/workspace/hc-pre-reduction-20260930/full-plugin-source-v3/csrc/mla_preprocess/op_kernel/mla_preprocess_mix_fp16.hpp:14:
In file included from /mnt/workspace/hc-pre-reduction-20260930/full-plugin-source-v3/csrc/mla_preprocess/op_kernel/kernel/iterator.h:15:
In file included from /mnt/workspace/hc-pre-reduction-20260930/full-plugin-source-v3/csrc/mla_preprocess/op_kernel/kernel/common_func.h:23:
/mnt/workspace/mhc-validation-20260930/Ascend/cann-9.1.0/aarch64-linux/asc/include/basic_api/core_mng/roc/../../../../impl/basic_api/kernel_macros.h:16:9: warning: impl/basic_api/kernel_macros.h is an internal header file and must not be used directly. Functions or variables defined in this file may be removed in the future. Please use "#include "basic_api/kernel_tpipe.h"" and use public functions or variables defined in interface headers files. [-W#pragma-messages]
#pragma message("impl/basic_api/kernel_macros.h is an internal header file and must not be used directly. Functions or variables defined in this file may be removed in the future. Please use \"#include \"basic_api/kernel_tpipe.h\"\" and use public functions or variables defined in interface headers files.")
        ^
In file included from /mnt/workspace/hc-pre-reduction-20260930/full-plugin-source-v3/csrc/mla_preprocess/op_kernel/mla_preprocess_kernel.cpp:16:
In file included from /mnt/workspace/hc-pre-reduction-20260930/full-plugin-source-v3/csrc/mla_preprocess/op_kernel/mla_preprocess_mix_fp16.hpp:14:
In file included from /mnt/workspace/hc-pre-reduction-20260930/full-plugin-source-v3/csrc/mla_preprocess/op_kernel/kernel/iterator.h:19:
In file included from /mnt/workspace/hc-pre-reduction-20260930/full-plugin-source-v3/csrc/mla_preprocess/op_kernel/kernel/mem.h:16:
/mnt/workspace/mhc-validation-20260930/Ascend/cann-9.1.0/aarch64-linux/asc/impl/basic_api/kernel_event.h:16:9: warning: impl/basic_api/kernel_event.h is an internal header file and must not be used directly. Functions or variables defined in this file may be removed in the future. Please use "#include "basic_api/kernel_tpipe.h"" and use public functions or variables defined in interface headers files. [-W#pragma-messages]
#pragma message("impl/basic_api/kernel_event.h is an internal header file and must not be used directly. Functions or variables defined in this file may be removed in the future. Please use \"#include \"basic_api/kernel_tpipe.h\"\" and use public functions or variables defined in interface headers files.")
        ^
2 warnings generated.
[100%] Built target host_bisheng_obj
[ 83%] Performing install step for 'vllm_ascend_kernels_host'
[100%] Built target host_bisheng_obj
Install the project...
-- Install configuration: "Release"
-- Installing: /mnt/workspace/hc-pre-reduction-20260930/iteration-02/full-extension-build-v3/vllm_ascend_kernels_host_dir/./objects-Release/host_bisheng_obj/mnt/workspace/hc-pre-reduction-20260930/full-plugin-source-v3/csrc/kernels/bgmv_expand.cpp.o
-- Installing: /mnt/workspace/hc-pre-reduction-20260930/iteration-02/full-extension-build-v3/vllm_ascend_kernels_host_dir/./objects-Release/host_bisheng_obj/mnt/workspace/hc-pre-reduction-20260930/full-plugin-source-v3/csrc/kernels/bgmv_shrink.cpp.o
-- Installing: /mnt/workspace/hc-pre-reduction-20260930/iteration-02/full-extension-build-v3/vllm_ascend_kernels_host_dir/./objects-Release/host_bisheng_obj/mnt/workspace/hc-pre-reduction-20260930/full-plugin-source-v3/csrc/kernels/sgmv_expand.cpp.o
-- Installing: /mnt/workspace/hc-pre-reduction-20260930/iteration-02/full-extension-build-v3/vllm_ascend_kernels_host_dir/./objects-Release/host_bisheng_obj/mnt/workspace/hc-pre-reduction-20260930/full-plugin-source-v3/csrc/kernels/sgmv_shrink.cpp.o
-- Installing: /mnt/workspace/hc-pre-reduction-20260930/iteration-02/full-extension-build-v3/vllm_ascend_kernels_host_dir/./objects-Release/host_bisheng_obj/mnt/workspace/hc-pre-reduction-20260930/full-plugin-source-v3/csrc/mla_preprocess/op_kernel/mla_preprocess_kernel.cpp.o
[ 85%] Completed 'vllm_ascend_kernels_host'
[ 85%] Built target vllm_ascend_kernels_host
[ 87%] Linking CXX shared library lib/libvllm_ascend_kernels.so
/mnt/workspace/mhc-validation-20260930/Ascend/cann-9.1.0/bin/ascendc_pack_kernel /mnt/workspace/hc-pre-reduction-20260930/iteration-02/full-extension-build-v3/CMakeFiles/vllm_ascend_kernels_host_stub_obj.dir/auto_gen/vllm_ascend_kernels/host_stub.cpp.o /mnt/workspace/hc-pre-reduction-20260930/iteration-02/full-extension-build-v3/vllm_ascend_kernels_merge_obj_dir/device.o 0 /mnt/workspace/hc-pre-reduction-20260930/iteration-02/full-extension-build-v3/CMakeFiles/vllm_ascend_kernels_host_stub_obj.dir/auto_gen/vllm_ascend_kernels/host_stub.cpp.o
/mnt/workspace/mhc-validation-20260930/Ascend/cann-9.1.0/bin/ascendc_pack_kernel /mnt/workspace/hc-pre-reduction-20260930/iteration-02/full-extension-build-v3/CMakeFiles/vllm_ascend_kernels_host_stub_obj.dir/auto_gen/vllm_ascend_kernels/host_stub.cpp.o /mnt/workspace/hc-pre-reduction-20260930/iteration-02/full-extension-build-v3/vllm_ascend_kernels_merge_obj_dir/device_aiv.o 1 /mnt/workspace/hc-pre-reduction-20260930/iteration-02/full-extension-build-v3/CMakeFiles/vllm_ascend_kernels_host_stub_obj.dir/auto_gen/vllm_ascend_kernels/host_stub.cpp.o
recompile: /usr/bin/g++-13 -fPIC -O3 -DNDEBUG -shared -Wl,-z,relro -Wl,-z,now -Wl,-z,noexecstack -s -Wl,-soname,libvllm_ascend_kernels.so -o lib/libvllm_ascend_kernels.so CMakeFiles/vllm_ascend_kernels_host_stub_obj.dir/auto_gen/vllm_ascend_kernels/host_stub.cpp.o /mnt/workspace/hc-pre-reduction-20260930/iteration-02/full-extension-build-v3/vllm_ascend_kernels_host_dir/objects-Release/host_bisheng_obj/mnt/workspace/hc-pre-reduction-20260930/full-plugin-source-v3/csrc/kernels/bgmv_expand.cpp.o /mnt/workspace/hc-pre-reduction-20260930/iteration-02/full-extension-build-v3/vllm_ascend_kernels_host_dir/objects-Release/host_bisheng_obj/mnt/workspace/hc-pre-reduction-20260930/full-plugin-source-v3/csrc/kernels/bgmv_shrink.cpp.o /mnt/workspace/hc-pre-reduction-20260930/iteration-02/full-extension-build-v3/vllm_ascend_kernels_host_dir/objects-Release/host_bisheng_obj/mnt/workspace/hc-pre-reduction-20260930/full-plugin-source-v3/csrc/kernels/sgmv_expand.cpp.o /mnt/workspace/hc-pre-reduction-20260930/iteration-02/full-extension-build-v3/vllm_ascend_kernels_host_dir/objects-Release/host_bisheng_obj/mnt/workspace/hc-pre-reduction-20260930/full-plugin-source-v3/csrc/kernels/sgmv_shrink.cpp.o /mnt/workspace/hc-pre-reduction-20260930/iteration-02/full-extension-build-v3/vllm_ascend_kernels_host_dir/objects-Release/host_bisheng_obj/mnt/workspace/hc-pre-reduction-20260930/full-plugin-source-v3/csrc/mla_preprocess/op_kernel/mla_preprocess_kernel.cpp.o    -L/mnt/workspace/mhc-validation-20260930/Ascend/cann-9.1.0/lib64  -L/mnt/workspace/mhc-validation-20260930/Ascend/cann-9.1.0/tools/simulator/ascend910b1/lib  /mnt/workspace/mhc-validation-20260930/Ascend/cann-9.1.0/lib64/libascendc_runtime.a -lascend_dump -lc_sec
[ 87%] Built target vllm_ascend_kernels
[ 91%] Building CXX object CMakeFiles/vllm_ascend_C.dir/csrc/aclnn_torch_adapter/NPUStorageImpl.cpp.o
[ 91%] Building CXX object CMakeFiles/vllm_ascend_C.dir/csrc/aclnn_torch_adapter/NPUBridge.cpp.o
[ 93%] Building CXX object CMakeFiles/vllm_ascend_C.dir/csrc/camem_allocator.cpp.o
[ 95%] Building CXX object CMakeFiles/vllm_ascend_C.dir/csrc/torch_binding.cpp.o
[ 97%] Building CXX object CMakeFiles/vllm_ascend_C.dir/csrc/torch_binding_meta.cpp.o
In file included from /mnt/workspace/hc-pre-reduction-20260930/full-plugin-source-v3/csrc/torch_binding.cpp:32:
/mnt/workspace/hc-pre-reduction-20260930/full-plugin-source-v3/csrc/moe/add_rms_norm_bias/add_rms_norm_bias_torch_adpt.h: In function ‘std::tuple<at::Tensor, at::Tensor, at::Tensor> vllm_ascend::npu_add_rms_norm_bias(const at::Tensor&, const at::Tensor&, const at::Tensor&, const std::optional<at::Tensor>&, double)’:
/mnt/workspace/hc-pre-reduction-20260930/full-plugin-source-v3/csrc/aclnn_torch_adapter/op_api_common.h:743:22: warning: narrowing conversion of ‘workspace_size’ from ‘uint64_t’ {aka ‘long unsigned int’} to ‘long int’ [-Wnarrowing]
  743 |           at::empty({workspace_size}, options.dtype(kByte));                  \
      |                      ^~~~~~~~~~~~~~
/mnt/workspace/hc-pre-reduction-20260930/full-plugin-source-v3/csrc/moe/add_rms_norm_bias/add_rms_norm_bias_torch_adpt.h:49:5: note: in expansion of macro ‘EXEC_NPU_CMD’
   49 |     EXEC_NPU_CMD(aclnnAddRmsNormBias, x1, x2, gamma, beta, epsilon, y, rstd, x);
      |     ^~~~~~~~~~~~
/mnt/workspace/hc-pre-reduction-20260930/full-plugin-source-v3/csrc/aclnn_torch_adapter/op_api_common.h:743:22: warning: narrowing conversion of ‘workspace_size’ from ‘uint64_t’ {aka ‘long unsigned int’} to ‘long int’ [-Wnarrowing]
  743 |           at::empty({workspace_size}, options.dtype(kByte));                  \
      |                      ^~~~~~~~~~~~~~
/mnt/workspace/hc-pre-reduction-20260930/full-plugin-source-v3/csrc/moe/add_rms_norm_bias/add_rms_norm_bias_torch_adpt.h:49:5: note: in expansion of macro ‘EXEC_NPU_CMD’
   49 |     EXEC_NPU_CMD(aclnnAddRmsNormBias, x1, x2, gamma, beta, epsilon, y, rstd, x);
      |     ^~~~~~~~~~~~
/mnt/workspace/hc-pre-reduction-20260930/full-plugin-source-v3/csrc/moe/rms_norm_cast/rms_norm_cast_torch_adpt.h: In function ‘std::tuple<at::Tensor, at::Tensor> vllm_ascend::npu_rms_norm_cast(const at::Tensor&, const at::Tensor&, double)’:
/mnt/workspace/hc-pre-reduction-20260930/full-plugin-source-v3/csrc/aclnn_torch_adapter/op_api_common.h:743:22: warning: narrowing conversion of ‘workspace_size’ from ‘uint64_t’ {aka ‘long unsigned int’} to ‘long int’ [-Wnarrowing]
  743 |           at::empty({workspace_size}, options.dtype(kByte));                  \
      |                      ^~~~~~~~~~~~~~
/mnt/workspace/hc-pre-reduction-20260930/full-plugin-source-v3/csrc/moe/rms_norm_cast/rms_norm_cast_torch_adpt.h:21:5: note: in expansion of macro ‘EXEC_NPU_CMD’
   21 |     EXEC_NPU_CMD(aclnnRmsNormCast, x, gamma, epsilon, y, y_fp32);
      |     ^~~~~~~~~~~~
/mnt/workspace/hc-pre-reduction-20260930/full-plugin-source-v3/csrc/aclnn_torch_adapter/op_api_common.h:743:22: warning: narrowing conversion of ‘workspace_size’ from ‘uint64_t’ {aka ‘long unsigned int’} to ‘long int’ [-Wnarrowing]
  743 |           at::empty({workspace_size}, options.dtype(kByte));                  \
      |                      ^~~~~~~~~~~~~~
/mnt/workspace/hc-pre-reduction-20260930/full-plugin-source-v3/csrc/moe/rms_norm_cast/rms_norm_cast_torch_adpt.h:21:5: note: in expansion of macro ‘EXEC_NPU_CMD’
   21 |     EXEC_NPU_CMD(aclnnRmsNormCast, x, gamma, epsilon, y, y_fp32);
      |     ^~~~~~~~~~~~
/mnt/workspace/hc-pre-reduction-20260930/full-plugin-source-v3/csrc/mc2/dispatch_ffn_combine/dispatch_ffn_combine_torch_adpt.h: In function ‘std::tuple<at::Tensor&, at::Tensor&> vllm_ascend::dispatch_ffn_combine(const at::Tensor&, const at::TensorList&, const at::TensorList&, const at::Tensor&, const at::TensorList&, const at::TensorList&, const at::TensorList&, const at::TensorList&, const at::Tensor&, c10::string_view, int64_t, at::Tensor&, at::Tensor&, const std::optional<at::Tensor>&, double)’:
/mnt/workspace/hc-pre-reduction-20260930/full-plugin-source-v3/csrc/aclnn_torch_adapter/op_api_common.h:743:22: warning: narrowing conversion of ‘workspace_size’ from ‘uint64_t’ {aka ‘long unsigned int’} to ‘long int’ [-Wnarrowing]
  743 |           at::empty({workspace_size}, options.dtype(kByte));                  \
      |                      ^~~~~~~~~~~~~~
/mnt/workspace/hc-pre-reduction-20260930/full-plugin-source-v3/csrc/mc2/dispatch_ffn_combine/dispatch_ffn_combine_torch_adpt.h:41:9: note: in expansion of macro ‘EXEC_NPU_CMD’
   41 |         EXEC_NPU_CMD(aclnnDispatchFFNCombine,
      |         ^~~~~~~~~~~~
/mnt/workspace/hc-pre-reduction-20260930/full-plugin-source-v3/csrc/aclnn_torch_adapter/op_api_common.h:743:22: warning: narrowing conversion of ‘workspace_size’ from ‘uint64_t’ {aka ‘long unsigned int’} to ‘long int’ [-Wnarrowing]
  743 |           at::empty({workspace_size}, options.dtype(kByte));                  \
      |                      ^~~~~~~~~~~~~~
/mnt/workspace/hc-pre-reduction-20260930/full-plugin-source-v3/csrc/mc2/dispatch_ffn_combine/dispatch_ffn_combine_torch_adpt.h:41:9: note: in expansion of macro ‘EXEC_NPU_CMD’
   41 |         EXEC_NPU_CMD(aclnnDispatchFFNCombine,
      |         ^~~~~~~~~~~~
/mnt/workspace/hc-pre-reduction-20260930/full-plugin-source-v3/csrc/aclnn_torch_adapter/op_api_common.h:743:22: warning: narrowing conversion of ‘workspace_size’ from ‘uint64_t’ {aka ‘long unsigned int’} to ‘long int’ [-Wnarrowing]
  743 |           at::empty({workspace_size}, options.dtype(kByte));                  \
      |                      ^~~~~~~~~~~~~~
/mnt/workspace/hc-pre-reduction-20260930/full-plugin-source-v3/csrc/mc2/dispatch_ffn_combine/dispatch_ffn_combine_torch_adpt.h:56:9: note: in expansion of macro ‘EXEC_NPU_CMD’
   56 |         EXEC_NPU_CMD(aclnnDispatchFFNCombineW4A8,
      |         ^~~~~~~~~~~~
/mnt/workspace/hc-pre-reduction-20260930/full-plugin-source-v3/csrc/aclnn_torch_adapter/op_api_common.h:743:22: warning: narrowing conversion of ‘workspace_size’ from ‘uint64_t’ {aka ‘long unsigned int’} to ‘long int’ [-Wnarrowing]
  743 |           at::empty({workspace_size}, options.dtype(kByte));                  \
      |                      ^~~~~~~~~~~~~~
/mnt/workspace/hc-pre-reduction-20260930/full-plugin-source-v3/csrc/mc2/dispatch_ffn_combine/dispatch_ffn_combine_torch_adpt.h:56:9: note: in expansion of macro ‘EXEC_NPU_CMD’
   56 |         EXEC_NPU_CMD(aclnnDispatchFFNCombineW4A8,
      |         ^~~~~~~~~~~~
/mnt/workspace/hc-pre-reduction-20260930/full-plugin-source-v3/csrc/aclnn_torch_adapter/op_api_common.h:743:22: warning: narrowing conversion of ‘workspace_size’ from ‘uint64_t’ {aka ‘long unsigned int’} to ‘long int’ [-Wnarrowing]
  743 |           at::empty({workspace_size}, options.dtype(kByte));                  \
      |                      ^~~~~~~~~~~~~~
/mnt/workspace/hc-pre-reduction-20260930/full-plugin-source-v3/csrc/mc2/dispatch_ffn_combine/dispatch_ffn_combine_torch_adpt.h:73:9: note: in expansion of macro ‘EXEC_NPU_CMD’
   73 |         EXEC_NPU_CMD(aclnnDispatchFFNCombineBF16,
      |         ^~~~~~~~~~~~
/mnt/workspace/hc-pre-reduction-20260930/full-plugin-source-v3/csrc/aclnn_torch_adapter/op_api_common.h:743:22: warning: narrowing conversion of ‘workspace_size’ from ‘uint64_t’ {aka ‘long unsigned int’} to ‘long int’ [-Wnarrowing]
  743 |           at::empty({workspace_size}, options.dtype(kByte));                  \
      |                      ^~~~~~~~~~~~~~
/mnt/workspace/hc-pre-reduction-20260930/full-plugin-source-v3/csrc/mc2/dispatch_ffn_combine/dispatch_ffn_combine_torch_adpt.h:73:9: note: in expansion of macro ‘EXEC_NPU_CMD’
   73 |         EXEC_NPU_CMD(aclnnDispatchFFNCombineBF16,
      |         ^~~~~~~~~~~~
/mnt/workspace/hc-pre-reduction-20260930/full-plugin-source-v3/csrc/gmm/grouped_matmul_swiglu_quant_weight_nz_tensor_list/grouped_matmul_swiglu_quant_torch_adpt.h: In function ‘std::tuple<at::Tensor, at::Tensor, at::Tensor> vllm_ascend::grouped_matmul_swiglu_quant_weight_nz(const at::Tensor&, const at::Tensor&, const at::Tensor&, const at::Tensor&, const at::Tensor&, const std::optional<at::Tensor>&, const std::optional<at::Tensor>&, double)’:
/mnt/workspace/hc-pre-reduction-20260930/full-plugin-source-v3/csrc/aclnn_torch_adapter/op_api_common.h:743:22: warning: narrowing conversion of ‘workspace_size’ from ‘uint64_t’ {aka ‘long unsigned int’} to ‘long int’ [-Wnarrowing]
  743 |           at::empty({workspace_size}, options.dtype(kByte));                  \
      |                      ^~~~~~~~~~~~~~
/mnt/workspace/hc-pre-reduction-20260930/full-plugin-source-v3/csrc/gmm/grouped_matmul_swiglu_quant_weight_nz_tensor_list/grouped_matmul_swiglu_quant_torch_adpt.h:37:5: note: in expansion of macro ‘EXEC_NPU_CMD’
   37 |     EXEC_NPU_CMD(
      |     ^~~~~~~~~~~~
/mnt/workspace/hc-pre-reduction-20260930/full-plugin-source-v3/csrc/aclnn_torch_adapter/op_api_common.h:743:22: warning: narrowing conversion of ‘workspace_size’ from ‘uint64_t’ {aka ‘long unsigned int’} to ‘long int’ [-Wnarrowing]
  743 |           at::empty({workspace_size}, options.dtype(kByte));                  \
      |                      ^~~~~~~~~~~~~~
/mnt/workspace/hc-pre-reduction-20260930/full-plugin-source-v3/csrc/gmm/grouped_matmul_swiglu_quant_weight_nz_tensor_list/grouped_matmul_swiglu_quant_torch_adpt.h:37:5: note: in expansion of macro ‘EXEC_NPU_CMD’
   37 |     EXEC_NPU_CMD(
      |     ^~~~~~~~~~~~
/mnt/workspace/hc-pre-reduction-20260930/full-plugin-source-v3/csrc/gmm/grouped_matmul_swiglu_quant_weight_nz_tensor_list/grouped_matmul_swiglu_quant_torch_adpt.h: In function ‘std::tuple<at::Tensor, at::Tensor, at::Tensor> vllm_ascend::grouped_matmul_swiglu_quant_weight_nz_tensor_list(const at::Tensor&, const at::TensorList&, const at::TensorList&, const at::Tensor&, const at::Tensor&, const std::optional<at::Tensor>&, const std::optional<at::Tensor>&, double)’:
/mnt/workspace/hc-pre-reduction-20260930/full-plugin-source-v3/csrc/aclnn_torch_adapter/op_api_common.h:743:22: warning: narrowing conversion of ‘workspace_size’ from ‘uint64_t’ {aka ‘long unsigned int’} to ‘long int’ [-Wnarrowing]
  743 |           at::empty({workspace_size}, options.dtype(kByte));                  \
      |                      ^~~~~~~~~~~~~~
/mnt/workspace/hc-pre-reduction-20260930/full-plugin-source-v3/csrc/gmm/grouped_matmul_swiglu_quant_weight_nz_tensor_list/grouped_matmul_swiglu_quant_torch_adpt.h:82:5: note: in expansion of macro ‘EXEC_NPU_CMD’
   82 |     EXEC_NPU_CMD(
      |     ^~~~~~~~~~~~
/mnt/workspace/hc-pre-reduction-20260930/full-plugin-source-v3/csrc/aclnn_torch_adapter/op_api_common.h:743:22: warning: narrowing conversion of ‘workspace_size’ from ‘uint64_t’ {aka ‘long unsigned int’} to ‘long int’ [-Wnarrowing]
  743 |           at::empty({workspace_size}, options.dtype(kByte));                  \
      |                      ^~~~~~~~~~~~~~
/mnt/workspace/hc-pre-reduction-20260930/full-plugin-source-v3/csrc/gmm/grouped_matmul_swiglu_quant_weight_nz_tensor_list/grouped_matmul_swiglu_quant_torch_adpt.h:82:5: note: in expansion of macro ‘EXEC_NPU_CMD’
   82 |     EXEC_NPU_CMD(
      |     ^~~~~~~~~~~~
/mnt/workspace/hc-pre-reduction-20260930/full-plugin-source-v3/csrc/gmm/grouped_matmul_swiglu_quant_v2/grouped_matmul_swiglu_quant_v2_torch_adpt.h: In function ‘std::tuple<at::Tensor, at::Tensor> vllm_ascend::grouped_matmul_swiglu_quant_v2(const at::Tensor&, const at::TensorList&, const at::TensorList&, const at::Tensor&, const at::Tensor&, const std::optional<at::Tensor>&, std::optional<c10::ArrayRef<at::Tensor> >, const std::optional<at::Tensor>&, std::optional<long int>, std::optional<long int>, std::optional<long int>, std::optional<long int>, bool, int64_t, at::IntArrayRef, double)’:
/mnt/workspace/hc-pre-reduction-20260930/full-plugin-source-v3/csrc/aclnn_torch_adapter/op_api_common.h:743:22: warning: narrowing conversion of ‘workspace_size’ from ‘uint64_t’ {aka ‘long unsigned int’} to ‘long int’ [-Wnarrowing]
  743 |           at::empty({workspace_size}, options.dtype(kByte));                  \
      |                      ^~~~~~~~~~~~~~
/mnt/workspace/hc-pre-reduction-20260930/full-plugin-source-v3/csrc/gmm/grouped_matmul_swiglu_quant_v2/grouped_matmul_swiglu_quant_v2_torch_adpt.h:53:5: note: in expansion of macro ‘EXEC_NPU_CMD’
   53 |     EXEC_NPU_CMD(
      |     ^~~~~~~~~~~~
/mnt/workspace/hc-pre-reduction-20260930/full-plugin-source-v3/csrc/aclnn_torch_adapter/op_api_common.h:743:22: warning: narrowing conversion of ‘workspace_size’ from ‘uint64_t’ {aka ‘long unsigned int’} to ‘long int’ [-Wnarrowing]
  743 |           at::empty({workspace_size}, options.dtype(kByte));                  \
      |                      ^~~~~~~~~~~~~~
/mnt/workspace/hc-pre-reduction-20260930/full-plugin-source-v3/csrc/gmm/grouped_matmul_swiglu_quant_v2/grouped_matmul_swiglu_quant_v2_torch_adpt.h:53:5: note: in expansion of macro ‘EXEC_NPU_CMD’
   53 |     EXEC_NPU_CMD(
      |     ^~~~~~~~~~~~
In file included from /mnt/workspace/hc-pre-reduction-20260930/full-plugin-source-v3/csrc/torch_binding.cpp:41:
/mnt/workspace/hc-pre-reduction-20260930/full-plugin-source-v3/csrc/moe/moe_gating_top_k/moe_gating_top_k_torch_adpt.h: In function ‘std::tuple<at::Tensor, at::Tensor, at::Tensor> vllm_ascend::moe_gating_top_k(const at::Tensor&, int64_t, int64_t, int64_t, int64_t, int64_t, int64_t, bool, double, double, const std::optional<at::Tensor>&)’:
/mnt/workspace/hc-pre-reduction-20260930/full-plugin-source-v3/csrc/moe/moe_gating_top_k/moe_gating_top_k_torch_adpt.h:42:48: warning: ‘constexpr T c10::value_or_else(const std::optional<_Tp>&, F&&) [with T = at::Tensor; F = vllm_ascend::moe_gating_top_k(const at::Tensor&, int64_t, int64_t, int64_t, int64_t, int64_t, int64_t, bool, double, double, const std::optional<at::Tensor>&)::<lambda()>]’ is deprecated: Please use std::optional::value_or instead of c10::value_or_else [-Wdeprecated-declarations]
   42 |     const at::Tensor &bias = c10::value_or_else(bias_opt, [] { return at::Tensor(); });
      |                              ~~~~~~~~~~~~~~~~~~^~~~~~~~~~~~~~~~~~~~~~~~~~~~~~~~~~~~~~~
In file included from /mnt/workspace/mhc-validation-20260930/venv/lib/python3.12/site-packages/torch/include/c10/core/SymInt.h:9,
                 from /mnt/workspace/mhc-validation-20260930/venv/lib/python3.12/site-packages/torch/include/c10/core/Scalar.h:13,
                 from /mnt/workspace/mhc-validation-20260930/venv/lib/python3.12/site-packages/torch/include/ATen/core/TensorBody.h:17,
                 from /mnt/workspace/mhc-validation-20260930/venv/lib/python3.12/site-packages/torch/include/ATen/core/Tensor.h:4,
                 from /mnt/workspace/mhc-validation-20260930/venv/lib/python3.12/site-packages/torch/include/ATen/Tensor.h:4,
                 from /mnt/workspace/mhc-validation-20260930/venv/lib/python3.12/site-packages/torch/include/torch/csrc/autograd/function_hook.h:4,
                 from /mnt/workspace/mhc-validation-20260930/venv/lib/python3.12/site-packages/torch/include/torch/csrc/autograd/cpp_hook.h:3,
                 from /mnt/workspace/mhc-validation-20260930/venv/lib/python3.12/site-packages/torch/include/torch/csrc/autograd/variable.h:7,
                 from /mnt/workspace/mhc-validation-20260930/venv/lib/python3.12/site-packages/torch/include/torch/csrc/autograd/autograd.h:4,
                 from /mnt/workspace/mhc-validation-20260930/venv/lib/python3.12/site-packages/torch/include/torch/csrc/api/include/torch/autograd.h:4,
                 from /mnt/workspace/mhc-validation-20260930/venv/lib/python3.12/site-packages/torch/include/torch/csrc/api/include/torch/all.h:8,
                 from /mnt/workspace/mhc-validation-20260930/venv/lib/python3.12/site-packages/torch/include/torch/extension.h:6,
                 from /mnt/workspace/hc-pre-reduction-20260930/full-plugin-source-v3/csrc/torch_binding.cpp:18:
/mnt/workspace/mhc-validation-20260930/venv/lib/python3.12/site-packages/torch/include/c10/util/Optional.h:40:1: note: declared here
   40 | value_or_else(const std::optional<T>& v, F&& func) {
      | ^~~~~~~~~~~~~
/mnt/workspace/hc-pre-reduction-20260930/full-plugin-source-v3/csrc/aclnn_torch_adapter/op_api_common.h:743:22: warning: narrowing conversion of ‘workspace_size’ from ‘uint64_t’ {aka ‘long unsigned int’} to ‘long int’ [-Wnarrowing]
  743 |           at::empty({workspace_size}, options.dtype(kByte));                  \
      |                      ^~~~~~~~~~~~~~
/mnt/workspace/hc-pre-reduction-20260930/full-plugin-source-v3/csrc/moe/moe_gating_top_k/moe_gating_top_k_torch_adpt.h:53:5: note: in expansion of macro ‘EXEC_NPU_CMD’
   53 |     EXEC_NPU_CMD(aclnnMoeGatingTopK,
      |     ^~~~~~~~~~~~
/mnt/workspace/hc-pre-reduction-20260930/full-plugin-source-v3/csrc/aclnn_torch_adapter/op_api_common.h:743:22: warning: narrowing conversion of ‘workspace_size’ from ‘uint64_t’ {aka ‘long unsigned int’} to ‘long int’ [-Wnarrowing]
  743 |           at::empty({workspace_size}, options.dtype(kByte));                  \
      |                      ^~~~~~~~~~~~~~
/mnt/workspace/hc-pre-reduction-20260930/full-plugin-source-v3/csrc/moe/moe_gating_top_k/moe_gating_top_k_torch_adpt.h:53:5: note: in expansion of macro ‘EXEC_NPU_CMD’
   53 |     EXEC_NPU_CMD(aclnnMoeGatingTopK,
      |     ^~~~~~~~~~~~
/mnt/workspace/hc-pre-reduction-20260930/full-plugin-source-v3/csrc/attention/sparse_flash_attention/sparse_flash_attention_torch_adpt.h: In function ‘std::tuple<at::Tensor, at::Tensor, at::Tensor> vllm_ascend::npu_sparse_flash_attention(const at::Tensor&, const at::Tensor&, const at::Tensor&, const at::Tensor&, double, const std::optional<at::Tensor>&, const std::optional<at::Tensor>&, const std::optional<at::Tensor>&, const std::optional<at::Tensor>&, const std::optional<at::Tensor>&, int64_t, c10::string_view, c10::string_view, int64_t, int64_t, int64_t, int64_t, bool)’:
/mnt/workspace/hc-pre-reduction-20260930/full-plugin-source-v3/csrc/aclnn_torch_adapter/op_api_common.h:743:22: warning: narrowing conversion of ‘workspace_size’ from ‘uint64_t’ {aka ‘long unsigned int’} to ‘long int’ [-Wnarrowing]
  743 |           at::empty({workspace_size}, options.dtype(kByte));                  \
      |                      ^~~~~~~~~~~~~~
/mnt/workspace/hc-pre-reduction-20260930/full-plugin-source-v3/csrc/attention/sparse_flash_attention/sparse_flash_attention_torch_adpt.h:124:5: note: in expansion of macro ‘EXEC_NPU_CMD’
  124 |     EXEC_NPU_CMD(
      |     ^~~~~~~~~~~~
/mnt/workspace/hc-pre-reduction-20260930/full-plugin-source-v3/csrc/aclnn_torch_adapter/op_api_common.h:743:22: warning: narrowing conversion of ‘workspace_size’ from ‘uint64_t’ {aka ‘long unsigned int’} to ‘long int’ [-Wnarrowing]
  743 |           at::empty({workspace_size}, options.dtype(kByte));                  \
      |                      ^~~~~~~~~~~~~~
/mnt/workspace/hc-pre-reduction-20260930/full-plugin-source-v3/csrc/attention/sparse_flash_attention/sparse_flash_attention_torch_adpt.h:124:5: note: in expansion of macro ‘EXEC_NPU_CMD’
  124 |     EXEC_NPU_CMD(
      |     ^~~~~~~~~~~~
/mnt/workspace/hc-pre-reduction-20260930/full-plugin-source-v3/csrc/torch_binding_meta.cpp: In function ‘std::tuple<at::Tensor, at::Tensor, at::Tensor> vllm_ascend::meta::moe_gating_top_k_meta(const at::Tensor&, int64_t, int64_t, int64_t, int64_t, int64_t, int64_t, bool, double, double, const std::optional<at::Tensor>&)’:
/mnt/workspace/hc-pre-reduction-20260930/full-plugin-source-v3/csrc/torch_binding_meta.cpp:533:48: warning: ‘constexpr T c10::value_or_else(const std::optional<_Tp>&, F&&) [with T = at::Tensor; F = vllm_ascend::meta::moe_gating_top_k_meta(const at::Tensor&, int64_t, int64_t, int64_t, int64_t, int64_t, int64_t, bool, double, double, const std::optional<at::Tensor>&)::<lambda()>]’ is deprecated: Please use std::optional::value_or instead of c10::value_or_else [-Wdeprecated-declarations]
  533 |     const at::Tensor &bias = c10::value_or_else(bias_opt, [] { return at::Tensor(); });
      |                              ~~~~~~~~~~~~~~~~~~^~~~~~~~~~~~~~~~~~~~~~~~~~~~~~~~~~~~~~~
In file included from /mnt/workspace/mhc-validation-20260930/venv/lib/python3.12/site-packages/torch/include/c10/core/SymInt.h:9,
                 from /mnt/workspace/mhc-validation-20260930/venv/lib/python3.12/site-packages/torch/include/c10/core/Scalar.h:13,
                 from /mnt/workspace/mhc-validation-20260930/venv/lib/python3.12/site-packages/torch/include/ATen/core/TensorBody.h:17,
                 from /mnt/workspace/mhc-validation-20260930/venv/lib/python3.12/site-packages/torch/include/ATen/core/Tensor.h:4,
                 from /mnt/workspace/mhc-validation-20260930/venv/lib/python3.12/site-packages/torch/include/ATen/Tensor.h:4,
                 from /mnt/workspace/mhc-validation-20260930/venv/lib/python3.12/site-packages/torch/include/torch/csrc/autograd/function_hook.h:4,
                 from /mnt/workspace/mhc-validation-20260930/venv/lib/python3.12/site-packages/torch/include/torch/csrc/autograd/cpp_hook.h:3,
                 from /mnt/workspace/mhc-validation-20260930/venv/lib/python3.12/site-packages/torch/include/torch/csrc/autograd/variable.h:7,
                 from /mnt/workspace/mhc-validation-20260930/venv/lib/python3.12/site-packages/torch/include/torch/csrc/autograd/autograd.h:4,
                 from /mnt/workspace/mhc-validation-20260930/venv/lib/python3.12/site-packages/torch/include/torch/csrc/api/include/torch/autograd.h:4,
                 from /mnt/workspace/mhc-validation-20260930/venv/lib/python3.12/site-packages/torch/include/torch/csrc/api/include/torch/all.h:8,
                 from /mnt/workspace/mhc-validation-20260930/venv/lib/python3.12/site-packages/torch/include/torch/extension.h:6,
                 from /mnt/workspace/hc-pre-reduction-20260930/full-plugin-source-v3/csrc/torch_binding_meta.cpp:1:
/mnt/workspace/mhc-validation-20260930/venv/lib/python3.12/site-packages/torch/include/c10/util/Optional.h:40:1: note: declared here
   40 | value_or_else(const std::optional<T>& v, F&& func) {
      | ^~~~~~~~~~~~~
/mnt/workspace/hc-pre-reduction-20260930/full-plugin-source-v3/csrc/attention/sparse_flash_mla/sparse_flash_mla_torch_adpt.h: In function ‘at::Tensor vllm_ascend::npu_sparse_flash_mla_metadata(int64_t, int64_t, int64_t, const std::optional<at::Tensor>&, const std::optional<at::Tensor>&, const std::optional<at::Tensor>&, const std::optional<at::Tensor>&, const std::optional<at::Tensor>&, const std::optional<at::Tensor>&, const std::optional<at::Tensor>&, const std::optional<at::Tensor>&, const std::optional<at::Tensor>&, int64_t, int64_t, int64_t, int64_t, int64_t, int64_t, int64_t, int64_t, int64_t, int64_t, int64_t, c10::string_view, c10::string_view, bool, bool)’:
/mnt/workspace/hc-pre-reduction-20260930/full-plugin-source-v3/csrc/aclnn_torch_adapter/op_api_common.h:743:22: warning: narrowing conversion of ‘workspace_size’ from ‘uint64_t’ {aka ‘long unsigned int’} to ‘long int’ [-Wnarrowing]
  743 |           at::empty({workspace_size}, options.dtype(kByte));                  \
      |                      ^~~~~~~~~~~~~~
/mnt/workspace/hc-pre-reduction-20260930/full-plugin-source-v3/csrc/attention/sparse_flash_mla/sparse_flash_mla_torch_adpt.h:83:5: note: in expansion of macro ‘EXEC_NPU_CMD’
   83 |     EXEC_NPU_CMD(aclnnSparseFlashMlaMetadata, cuSeqlensQVal, cuSeqlensOriKvVal, cuSeqlensCmpKvVal, sequsedQVal,
      |     ^~~~~~~~~~~~
/mnt/workspace/hc-pre-reduction-20260930/full-plugin-source-v3/csrc/aclnn_torch_adapter/op_api_common.h:743:22: warning: narrowing conversion of ‘workspace_size’ from ‘uint64_t’ {aka ‘long unsigned int’} to ‘long int’ [-Wnarrowing]
  743 |           at::empty({workspace_size}, options.dtype(kByte));                  \
      |                      ^~~~~~~~~~~~~~
/mnt/workspace/hc-pre-reduction-20260930/full-plugin-source-v3/csrc/attention/sparse_flash_mla/sparse_flash_mla_torch_adpt.h:83:5: note: in expansion of macro ‘EXEC_NPU_CMD’
   83 |     EXEC_NPU_CMD(aclnnSparseFlashMlaMetadata, cuSeqlensQVal, cuSeqlensOriKvVal, cuSeqlensCmpKvVal, sequsedQVal,
      |     ^~~~~~~~~~~~
/mnt/workspace/hc-pre-reduction-20260930/full-plugin-source-v3/csrc/torch_binding_meta.cpp: In function ‘std::tuple<at::Tensor, at::Tensor, at::Tensor> vllm_ascend::meta::chunk_gated_delta_rule_fwd_h_meta(const at::Tensor&, const at::Tensor&, const at::Tensor&, const std::optional<at::Tensor>&, const std::optional<at::Tensor>&, const std::optional<at::Tensor>&, std::optional<bool>, std::optional<long int>, std::optional<bool>, std::optional<c10::ArrayRef<long int> >, std::optional<c10::ArrayRef<long int> >, std::optional<bool>, std::optional<bool>)’:
/mnt/workspace/hc-pre-reduction-20260930/full-plugin-source-v3/csrc/torch_binding_meta.cpp:1677:58: warning: ‘constexpr T c10::value_or_else(const std::optional<_Tp>&, F&&) [with T = at::Tensor; F = vllm_ascend::meta::chunk_gated_delta_rule_fwd_h_meta(const at::Tensor&, const at::Tensor&, const at::Tensor&, const std::optional<at::Tensor>&, const std::optional<at::Tensor>&, const std::optional<at::Tensor>&, std::optional<bool>, std::optional<long int>, std::optional<bool>, std::optional<c10::ArrayRef<long int> >, std::optional<c10::ArrayRef<long int> >, std::optional<bool>, std::optional<bool>)::<lambda()>]’ is deprecated: Please use std::optional::value_or instead of c10::value_or_else [-Wdeprecated-declarations]
 1677 |     const at::Tensor &initial_state_ = c10::value_or_else(initial_state, [] { return at::Tensor(); });
      |                                        ~~~~~~~~~~~~~~~~~~^~~~~~~~~~~~~~~~~~~~~~~~~~~~~~~~~~~~~~~~~~~~
/mnt/workspace/mhc-validation-20260930/venv/lib/python3.12/site-packages/torch/include/c10/util/Optional.h:40:1: note: declared here
   40 | value_or_else(const std::optional<T>& v, F&& func) {
      | ^~~~~~~~~~~~~
/mnt/workspace/hc-pre-reduction-20260930/full-plugin-source-v3/csrc/torch_binding_meta.cpp:1679:46: warning: ‘constexpr T c10::value_or_else(const std::optional<_Tp>&, F&&) [with T = at::Tensor; F = vllm_ascend::meta::chunk_gated_delta_rule_fwd_h_meta(const at::Tensor&, const at::Tensor&, const at::Tensor&, const std::optional<at::Tensor>&, const std::optional<at::Tensor>&, const std::optional<at::Tensor>&, std::optional<bool>, std::optional<long int>, std::optional<bool>, std::optional<c10::ArrayRef<long int> >, std::optional<c10::ArrayRef<long int> >, std::optional<bool>, std::optional<bool>)::<lambda()>]’ is deprecated: Please use std::optional::value_or instead of c10::value_or_else [-Wdeprecated-declarations]
 1679 |     const at::Tensor &g_ = c10::value_or_else(g, [] { return at::Tensor(); });
      |                            ~~~~~~~~~~~~~~~~~~^~~~~~~~~~~~~~~~~~~~~~~~~~~~~~~~
/mnt/workspace/mhc-validation-20260930/venv/lib/python3.12/site-packages/torch/include/c10/util/Optional.h:40:1: note: declared here
   40 | value_or_else(const std::optional<T>& v, F&& func) {
      | ^~~~~~~~~~~~~
/mnt/workspace/hc-pre-reduction-20260930/full-plugin-source-v3/csrc/torch_binding_meta.cpp:1680:47: warning: ‘constexpr T c10::value_or_else(const std::optional<_Tp>&, F&&) [with T = at::Tensor; F = vllm_ascend::meta::chunk_gated_delta_rule_fwd_h_meta(const at::Tensor&, const at::Tensor&, const at::Tensor&, const std::optional<at::Tensor>&, const std::optional<at::Tensor>&, const std::optional<at::Tensor>&, std::optional<bool>, std::optional<long int>, std::optional<bool>, std::optional<c10::ArrayRef<long int> >, std::optional<c10::ArrayRef<long int> >, std::optional<bool>, std::optional<bool>)::<lambda()>]’ is deprecated: Please use std::optional::value_or instead of c10::value_or_else [-Wdeprecated-declarations]
 1680 |     const at::Tensor &gk_ = c10::value_or_else(gk, [] { return at::Tensor(); });
      |                             ~~~~~~~~~~~~~~~~~~^~~~~~~~~~~~~~~~~~~~~~~~~~~~~~~~~
/mnt/workspace/mhc-validation-20260930/venv/lib/python3.12/site-packages/torch/include/c10/util/Optional.h:40:1: note: declared here
   40 | value_or_else(const std::optional<T>& v, F&& func) {
      | ^~~~~~~~~~~~~
/mnt/workspace/hc-pre-reduction-20260930/full-plugin-source-v3/csrc/torch_binding_meta.cpp: In function ‘at::Tensor vllm_ascend::meta::chunk_fwd_o_vllm_meta(const at::Tensor&, const at::Tensor&, const at::Tensor&, const at::Tensor&, double, const std::optional<at::Tensor>&, const std::optional<at::Tensor>&, std::optional<c10::ArrayRef<long int> >, std::optional<c10::ArrayRef<long int> >, std::optional<long int>, std::optional<bool>)’:
/mnt/workspace/hc-pre-reduction-20260930/full-plugin-source-v3/csrc/torch_binding_meta.cpp:1734:46: warning: ‘constexpr T c10::value_or_else(const std::optional<_Tp>&, F&&) [with T = at::Tensor; F = vllm_ascend::meta::chunk_fwd_o_vllm_meta(const at::Tensor&, const at::Tensor&, const at::Tensor&, const at::Tensor&, double, const std::optional<at::Tensor>&, const std::optional<at::Tensor>&, std::optional<c10::ArrayRef<long int> >, std::optional<c10::ArrayRef<long int> >, std::optional<long int>, std::optional<bool>)::<lambda()>]’ is deprecated: Please use std::optional::value_or instead of c10::value_or_else [-Wdeprecated-declarations]
 1734 |     const at::Tensor &g_ = c10::value_or_else(g, [] { return at::Tensor(); });
      |                            ~~~~~~~~~~~~~~~~~~^~~~~~~~~~~~~~~~~~~~~~~~~~~~~~~~
/mnt/workspace/mhc-validation-20260930/venv/lib/python3.12/site-packages/torch/include/c10/util/Optional.h:40:1: note: declared here
   40 | value_or_else(const std::optional<T>& v, F&& func) {
      | ^~~~~~~~~~~~~
/mnt/workspace/hc-pre-reduction-20260930/full-plugin-source-v3/csrc/attention/sparse_flash_mla/sparse_flash_mla_torch_adpt.h: In function ‘std::tuple<at::Tensor, at::Tensor> vllm_ascend::npu_sparse_flash_mla(const at::Tensor&, const std::optional<at::Tensor>&, const std::optional<at::Tensor>&, const std::optional<at::Tensor>&, const std::optional<at::Tensor>&, const std::optional<at::Tensor>&, const std::optional<at::Tensor>&, const std::optional<at::Tensor>&, const std::optional<at::Tensor>&, const std::optional<at::Tensor>&, const std::optional<at::Tensor>&, const std::optional<at::Tensor>&, const std::optional<at::Tensor>&, const std::optional<at::Tensor>&, const std::optional<at::Tensor>&, const std::optional<at::Tensor>&, const std::optional<at::Tensor>&, const std::optional<at::Tensor>&, double, int64_t, int64_t, int64_t, int64_t, int64_t, c10::string_view, c10::string_view, int64_t, bool)’:
/mnt/workspace/hc-pre-reduction-20260930/full-plugin-source-v3/csrc/aclnn_torch_adapter/op_api_common.h:743:22: warning: narrowing conversion of ‘workspace_size’ from ‘uint64_t’ {aka ‘long unsigned int’} to ‘long int’ [-Wnarrowing]
  743 |           at::empty({workspace_size}, options.dtype(kByte));                  \
      |                      ^~~~~~~~~~~~~~
/mnt/workspace/hc-pre-reduction-20260930/full-plugin-source-v3/csrc/attention/sparse_flash_mla/sparse_flash_mla_torch_adpt.h:173:5: note: in expansion of macro ‘EXEC_NPU_CMD’
  173 |     EXEC_NPU_CMD(aclnnSparseFlashMla, q, oriKv, cmpKv, oriSparseIndices, cmpSparseIndices, oriBlockTable, cmpBlockTable,
      |     ^~~~~~~~~~~~
/mnt/workspace/hc-pre-reduction-20260930/full-plugin-source-v3/csrc/aclnn_torch_adapter/op_api_common.h:743:22: warning: narrowing conversion of ‘workspace_size’ from ‘uint64_t’ {aka ‘long unsigned int’} to ‘long int’ [-Wnarrowing]
  743 |           at::empty({workspace_size}, options.dtype(kByte));                  \
      |                      ^~~~~~~~~~~~~~
/mnt/workspace/hc-pre-reduction-20260930/full-plugin-source-v3/csrc/attention/sparse_flash_mla/sparse_flash_mla_torch_adpt.h:173:5: note: in expansion of macro ‘EXEC_NPU_CMD’
  173 |     EXEC_NPU_CMD(aclnnSparseFlashMla, q, oriKv, cmpKv, oriSparseIndices, cmpSparseIndices, oriBlockTable, cmpBlockTable,
      |     ^~~~~~~~~~~~
/mnt/workspace/hc-pre-reduction-20260930/full-plugin-source-v3/csrc/attention/quant_lightning_indexer_v2/quant_lightning_indexer_v2_torch_adpt.h: In function ‘at::Tensor vllm_ascend::qli_v2::QuantLightningIndexerMetadata(int64_t, int64_t, int64_t, int64_t, int64_t, const std::optional<at::Tensor>&, const std::optional<at::Tensor>&, const std::optional<at::Tensor>&, const std::optional<at::Tensor>&, const std::optional<at::Tensor>&, int64_t, int64_t, int64_t, c10::string_view, c10::string_view, int64_t, int64_t)’:
/mnt/workspace/hc-pre-reduction-20260930/full-plugin-source-v3/csrc/aclnn_torch_adapter/op_api_common.h:743:22: warning: narrowing conversion of ‘workspace_size’ from ‘uint64_t’ {aka ‘long unsigned int’} to ‘long int’ [-Wnarrowing]
  743 |           at::empty({workspace_size}, options.dtype(kByte));                  \
      |                      ^~~~~~~~~~~~~~
/mnt/workspace/hc-pre-reduction-20260930/full-plugin-source-v3/csrc/attention/quant_lightning_indexer_v2/quant_lightning_indexer_v2_torch_adpt.h:58:5: note: in expansion of macro ‘EXEC_NPU_CMD’
   58 |     EXEC_NPU_CMD(aclnnQuantLightningIndexerV2Metadata, cuSeqlensQVal, cuSeqlensKVal, sequsedQVal, sequsedKVal,
      |     ^~~~~~~~~~~~
/mnt/workspace/hc-pre-reduction-20260930/full-plugin-source-v3/csrc/aclnn_torch_adapter/op_api_common.h:743:22: warning: narrowing conversion of ‘workspace_size’ from ‘uint64_t’ {aka ‘long unsigned int’} to ‘long int’ [-Wnarrowing]
  743 |           at::empty({workspace_size}, options.dtype(kByte));                  \
      |                      ^~~~~~~~~~~~~~
/mnt/workspace/hc-pre-reduction-20260930/full-plugin-source-v3/csrc/attention/quant_lightning_indexer_v2/quant_lightning_indexer_v2_torch_adpt.h:58:5: note: in expansion of macro ‘EXEC_NPU_CMD’
   58 |     EXEC_NPU_CMD(aclnnQuantLightningIndexerV2Metadata, cuSeqlensQVal, cuSeqlensKVal, sequsedQVal, sequsedKVal,
      |     ^~~~~~~~~~~~
/mnt/workspace/hc-pre-reduction-20260930/full-plugin-source-v3/csrc/attention/quant_lightning_indexer_v2/quant_lightning_indexer_v2_torch_adpt.h: In function ‘std::tuple<at::Tensor, at::Tensor, at::Tensor> vllm_ascend::qli_v2::QuantLightningIndexerCandidate(const at::Tensor&, const at::Tensor&, const at::Tensor&, const at::Tensor&, const at::Tensor&, int64_t, int64_t, const std::optional<at::Tensor>&, const std::optional<at::Tensor>&, const std::optional<at::Tensor>&, const std::optional<at::Tensor>&, const std::optional<at::Tensor>&, const std::optional<at::Tensor>&, const std::optional<at::Tensor>&, const std::optional<at::Tensor>&, const std::optional<at::Tensor>&, int64_t, c10::string_view, c10::string_view, int64_t, int64_t, int64_t, int64_t, int64_t)’:
/mnt/workspace/hc-pre-reduction-20260930/full-plugin-source-v3/csrc/aclnn_torch_adapter/op_api_common.h:743:22: warning: narrowing conversion of ‘workspace_size’ from ‘uint64_t’ {aka ‘long unsigned int’} to ‘long int’ [-Wnarrowing]
  743 |           at::empty({workspace_size}, options.dtype(kByte));                  \
      |                      ^~~~~~~~~~~~~~
/mnt/workspace/hc-pre-reduction-20260930/full-plugin-source-v3/csrc/attention/quant_lightning_indexer_v2/quant_lightning_indexer_v2_torch_adpt.h:150:5: note: in expansion of macro ‘EXEC_NPU_CMD’
  150 |     EXEC_NPU_CMD(aclnnQuantLightningIndexerV2, query, key, weights, queryDequantScale, keyDequantScale,
      |     ^~~~~~~~~~~~
/mnt/workspace/hc-pre-reduction-20260930/full-plugin-source-v3/csrc/aclnn_torch_adapter/op_api_common.h:743:22: warning: narrowing conversion of ‘workspace_size’ from ‘uint64_t’ {aka ‘long unsigned int’} to ‘long int’ [-Wnarrowing]
  743 |           at::empty({workspace_size}, options.dtype(kByte));                  \
      |                      ^~~~~~~~~~~~~~
/mnt/workspace/hc-pre-reduction-20260930/full-plugin-source-v3/csrc/attention/quant_lightning_indexer_v2/quant_lightning_indexer_v2_torch_adpt.h:150:5: note: in expansion of macro ‘EXEC_NPU_CMD’
  150 |     EXEC_NPU_CMD(aclnnQuantLightningIndexerV2, query, key, weights, queryDequantScale, keyDequantScale,
      |     ^~~~~~~~~~~~
/mnt/workspace/hc-pre-reduction-20260930/full-plugin-source-v3/csrc/attention/kv_quant_sparse_flash_attention/kv_quant_sparse_flash_attention_torch_adpt.h: In function ‘std::tuple<at::Tensor, at::Tensor, at::Tensor> vllm_ascend::npu_kv_quant_sparse_flash_attention(const at::Tensor&, const at::Tensor&, const at::Tensor&, const at::Tensor&, double, int64_t, int64_t, const std::optional<at::Tensor>&, const std::optional<at::Tensor>&, const std::optional<at::Tensor>&, const std::optional<at::Tensor>&, const std::optional<at::Tensor>&, int64_t, c10::string_view, c10::string_view, int64_t, int64_t, int64_t, int64_t, int64_t, int64_t, int64_t, bool)’:
/mnt/workspace/hc-pre-reduction-20260930/full-plugin-source-v3/csrc/aclnn_torch_adapter/op_api_common.h:743:22: warning: narrowing conversion of ‘workspace_size’ from ‘uint64_t’ {aka ‘long unsigned int’} to ‘long int’ [-Wnarrowing]
  743 |           at::empty({workspace_size}, options.dtype(kByte));                  \
      |                      ^~~~~~~~~~~~~~
/mnt/workspace/hc-pre-reduction-20260930/full-plugin-source-v3/csrc/attention/kv_quant_sparse_flash_attention/kv_quant_sparse_flash_attention_torch_adpt.h:135:5: note: in expansion of macro ‘EXEC_NPU_CMD’
  135 |     EXEC_NPU_CMD(
      |     ^~~~~~~~~~~~
/mnt/workspace/hc-pre-reduction-20260930/full-plugin-source-v3/csrc/aclnn_torch_adapter/op_api_common.h:743:22: warning: narrowing conversion of ‘workspace_size’ from ‘uint64_t’ {aka ‘long unsigned int’} to ‘long int’ [-Wnarrowing]
  743 |           at::empty({workspace_size}, options.dtype(kByte));                  \
      |                      ^~~~~~~~~~~~~~
/mnt/workspace/hc-pre-reduction-20260930/full-plugin-source-v3/csrc/attention/kv_quant_sparse_flash_attention/kv_quant_sparse_flash_attention_torch_adpt.h:135:5: note: in expansion of macro ‘EXEC_NPU_CMD’
  135 |     EXEC_NPU_CMD(
      |     ^~~~~~~~~~~~
/mnt/workspace/hc-pre-reduction-20260930/full-plugin-source-v3/csrc/attention/fused_sparse_attention_overlap/fused_sparse_attention_overlap_torch_adpt.h: In function ‘at::Tensor vllm_ascend::RunFusedSparseAttentionOverlapSideEffectImpl(const at::Tensor&, const at::Tensor&, const at::Tensor&, const at::Tensor&, const at::Tensor&, const at::Tensor&, const at::Tensor&, const at::Tensor&, const at::Tensor&, const at::Tensor&, const at::Tensor&, const at::Tensor&, const at::Tensor&, double, int64_t, int64_t, const std::string&, const std::string&, int64_t)’:
/mnt/workspace/hc-pre-reduction-20260930/full-plugin-source-v3/csrc/aclnn_torch_adapter/op_api_common.h:743:22: warning: narrowing conversion of ‘workspace_size’ from ‘uint64_t’ {aka ‘long unsigned int’} to ‘long int’ [-Wnarrowing]
  743 |           at::empty({workspace_size}, options.dtype(kByte));                  \
      |                      ^~~~~~~~~~~~~~
/mnt/workspace/hc-pre-reduction-20260930/full-plugin-source-v3/csrc/attention/fused_sparse_attention_overlap/fused_sparse_attention_overlap_torch_adpt.h:140:5: note: in expansion of macro ‘EXEC_NPU_CMD’
  140 |     EXEC_NPU_CMD(aclnnFusedSparseAttentionOverlap,
      |     ^~~~~~~~~~~~
/mnt/workspace/hc-pre-reduction-20260930/full-plugin-source-v3/csrc/aclnn_torch_adapter/op_api_common.h:743:22: warning: narrowing conversion of ‘workspace_size’ from ‘uint64_t’ {aka ‘long unsigned int’} to ‘long int’ [-Wnarrowing]
  743 |           at::empty({workspace_size}, options.dtype(kByte));                  \
      |                      ^~~~~~~~~~~~~~
/mnt/workspace/hc-pre-reduction-20260930/full-plugin-source-v3/csrc/attention/fused_sparse_attention_overlap/fused_sparse_attention_overlap_torch_adpt.h:140:5: note: in expansion of macro ‘EXEC_NPU_CMD’
  140 |     EXEC_NPU_CMD(aclnnFusedSparseAttentionOverlap,
      |     ^~~~~~~~~~~~
/mnt/workspace/hc-pre-reduction-20260930/full-plugin-source-v3/csrc/attention/fused_lightning_indexer_manage/fused_lightning_indexer_manage_torch_adpt.h: In function ‘void vllm_ascend::npu_fused_lightning_indexer_manage(const at::Tensor&, const at::Tensor&, const at::Tensor&, const at::Tensor&, const at::Tensor&, const at::Tensor&, const at::Tensor&, const at::Tensor&, const at::Tensor&, const at::Tensor&, const at::Tensor&, const at::Tensor&, at::Tensor, at::Tensor, at::Tensor, at::Tensor, at::Tensor, at::Tensor, at::Tensor)’:
/mnt/workspace/hc-pre-reduction-20260930/full-plugin-source-v3/csrc/aclnn_torch_adapter/op_api_common.h:743:22: warning: narrowing conversion of ‘workspace_size’ from ‘uint64_t’ {aka ‘long unsigned int’} to ‘long int’ [-Wnarrowing]
  743 |           at::empty({workspace_size}, options.dtype(kByte));                  \
      |                      ^~~~~~~~~~~~~~
/mnt/workspace/hc-pre-reduction-20260930/full-plugin-source-v3/csrc/attention/fused_lightning_indexer_manage/fused_lightning_indexer_manage_torch_adpt.h:104:3: note: in expansion of macro ‘EXEC_NPU_CMD’
  104 |   EXEC_NPU_CMD(
      |   ^~~~~~~~~~~~
/mnt/workspace/hc-pre-reduction-20260930/full-plugin-source-v3/csrc/aclnn_torch_adapter/op_api_common.h:743:22: warning: narrowing conversion of ‘workspace_size’ from ‘uint64_t’ {aka ‘long unsigned int’} to ‘long int’ [-Wnarrowing]
  743 |           at::empty({workspace_size}, options.dtype(kByte));                  \
      |                      ^~~~~~~~~~~~~~
/mnt/workspace/hc-pre-reduction-20260930/full-plugin-source-v3/csrc/attention/fused_lightning_indexer_manage/fused_lightning_indexer_manage_torch_adpt.h:104:3: note: in expansion of macro ‘EXEC_NPU_CMD’
  104 |   EXEC_NPU_CMD(
      |   ^~~~~~~~~~~~
/mnt/workspace/hc-pre-reduction-20260930/full-plugin-source-v3/csrc/attention/fused_scatter_copy_sparse_flash_attention/fused_scatter_copy_sparse_flash_attention_torch_adpt.h: In function ‘void vllm_ascend::npu_fused_scatter_copy_sparse_flash_attention(const at::Tensor&, const at::Tensor&, const at::Tensor&, const at::Tensor&, const at::Tensor&, const at::Tensor&, const at::Tensor&, const at::Tensor&, const at::Tensor&, const at::Tensor&, const at::Tensor&, const at::Tensor&, const at::Tensor&, at::Tensor, at::Tensor, const at::Tensor&, const at::Tensor&, double, at::Tensor)’:
/mnt/workspace/hc-pre-reduction-20260930/full-plugin-source-v3/csrc/aclnn_torch_adapter/op_api_common.h:743:22: warning: narrowing conversion of ‘workspace_size’ from ‘uint64_t’ {aka ‘long unsigned int’} to ‘long int’ [-Wnarrowing]
  743 |           at::empty({workspace_size}, options.dtype(kByte));                  \
      |                      ^~~~~~~~~~~~~~
/mnt/workspace/hc-pre-reduction-20260930/full-plugin-source-v3/csrc/attention/fused_scatter_copy_sparse_flash_attention/fused_scatter_copy_sparse_flash_attention_torch_adpt.h:167:3: note: in expansion of macro ‘EXEC_NPU_CMD’
  167 |   EXEC_NPU_CMD(
      |   ^~~~~~~~~~~~
/mnt/workspace/hc-pre-reduction-20260930/full-plugin-source-v3/csrc/aclnn_torch_adapter/op_api_common.h:743:22: warning: narrowing conversion of ‘workspace_size’ from ‘uint64_t’ {aka ‘long unsigned int’} to ‘long int’ [-Wnarrowing]
  743 |           at::empty({workspace_size}, options.dtype(kByte));                  \
      |                      ^~~~~~~~~~~~~~
/mnt/workspace/hc-pre-reduction-20260930/full-plugin-source-v3/csrc/attention/fused_scatter_copy_sparse_flash_attention/fused_scatter_copy_sparse_flash_attention_torch_adpt.h:167:3: note: in expansion of macro ‘EXEC_NPU_CMD’
  167 |   EXEC_NPU_CMD(
      |   ^~~~~~~~~~~~
/mnt/workspace/hc-pre-reduction-20260930/full-plugin-source-v3/csrc/attention/lightning_indexer_quant/lightning_indexer_quant_torch_adpt.h: In function ‘at::Tensor vllm_ascend::npu_lightning_indexer_quant(const at::Tensor&, const at::Tensor&, const at::Tensor&, const at::Tensor&, const at::Tensor&, const std::optional<at::Tensor>&, const std::optional<at::Tensor>&, const std::optional<at::Tensor>&, int64_t, int64_t, c10::string_view, c10::string_view, int64_t, int64_t)’:
/mnt/workspace/hc-pre-reduction-20260930/full-plugin-source-v3/csrc/aclnn_torch_adapter/op_api_common.h:743:22: warning: narrowing conversion of ‘workspace_size’ from ‘uint64_t’ {aka ‘long unsigned int’} to ‘long int’ [-Wnarrowing]
  743 |           at::empty({workspace_size}, options.dtype(kByte));                  \
      |                      ^~~~~~~~~~~~~~
/mnt/workspace/hc-pre-reduction-20260930/full-plugin-source-v3/csrc/attention/lightning_indexer_quant/lightning_indexer_quant_torch_adpt.h:59:5: note: in expansion of macro ‘EXEC_NPU_CMD’
   59 |     EXEC_NPU_CMD(aclnnLightningIndexerQuant,
      |     ^~~~~~~~~~~~
/mnt/workspace/hc-pre-reduction-20260930/full-plugin-source-v3/csrc/aclnn_torch_adapter/op_api_common.h:743:22: warning: narrowing conversion of ‘workspace_size’ from ‘uint64_t’ {aka ‘long unsigned int’} to ‘long int’ [-Wnarrowing]
  743 |           at::empty({workspace_size}, options.dtype(kByte));                  \
      |                      ^~~~~~~~~~~~~~
/mnt/workspace/hc-pre-reduction-20260930/full-plugin-source-v3/csrc/attention/lightning_indexer_quant/lightning_indexer_quant_torch_adpt.h:59:5: note: in expansion of macro ‘EXEC_NPU_CMD’
   59 |     EXEC_NPU_CMD(aclnnLightningIndexerQuant,
      |     ^~~~~~~~~~~~
/mnt/workspace/hc-pre-reduction-20260930/full-plugin-source-v3/csrc/moe/causal_conv1d_v310/causal_conv1d_310_torch_adpt.h: In function ‘at::Tensor vllm_ascend::npu_causal_conv1d_310(const at::Tensor&, const at::Tensor&, const std::optional<at::Tensor>&, const at::Tensor&, const std::optional<at::Tensor>&, const std::optional<at::Tensor>&, const std::optional<at::Tensor>&, const std::optional<at::Tensor>&, int64_t, int64_t, int64_t)’:
/mnt/workspace/hc-pre-reduction-20260930/full-plugin-source-v3/csrc/aclnn_torch_adapter/op_api_common.h:743:22: warning: narrowing conversion of ‘workspace_size’ from ‘uint64_t’ {aka ‘long unsigned int’} to ‘long int’ [-Wnarrowing]
  743 |           at::empty({workspace_size}, options.dtype(kByte));                  \
      |                      ^~~~~~~~~~~~~~
/mnt/workspace/hc-pre-reduction-20260930/full-plugin-source-v3/csrc/moe/causal_conv1d_v310/causal_conv1d_310_torch_adpt.h:34:5: note: in expansion of macro ‘EXEC_NPU_CMD’
   34 |     EXEC_NPU_CMD(aclnnCausalConv1dV310,
      |     ^~~~~~~~~~~~
/mnt/workspace/hc-pre-reduction-20260930/full-plugin-source-v3/csrc/aclnn_torch_adapter/op_api_common.h:743:22: warning: narrowing conversion of ‘workspace_size’ from ‘uint64_t’ {aka ‘long unsigned int’} to ‘long int’ [-Wnarrowing]
  743 |           at::empty({workspace_size}, options.dtype(kByte));                  \
      |                      ^~~~~~~~~~~~~~
/mnt/workspace/hc-pre-reduction-20260930/full-plugin-source-v3/csrc/moe/causal_conv1d_v310/causal_conv1d_310_torch_adpt.h:34:5: note: in expansion of macro ‘EXEC_NPU_CMD’
   34 |     EXEC_NPU_CMD(aclnnCausalConv1dV310,
      |     ^~~~~~~~~~~~
In file included from /mnt/workspace/hc-pre-reduction-20260930/full-plugin-source-v3/csrc/torch_binding.cpp:51:
/mnt/workspace/hc-pre-reduction-20260930/full-plugin-source-v3/csrc/attention/recurrent_kda/recurrent_kda_torch_adpt.h: In function ‘at::Tensor vllm_ascend::recurrent_kda(const at::Tensor&, const at::Tensor&, const at::Tensor&, const at::Tensor&, const at::Tensor&, at::Tensor&, const at::Tensor&, const at::Tensor&, const at::Tensor&, const at::Tensor&, const std::optional<at::Tensor>&, double, bool, bool, bool, bool, bool, double)’:
/mnt/workspace/hc-pre-reduction-20260930/full-plugin-source-v3/csrc/attention/recurrent_kda/recurrent_kda_torch_adpt.h:119:52: warning: ‘constexpr T c10::value_or_else(const std::optional<_Tp>&, F&&) [with T = at::Tensor; F = vllm_ascend::recurrent_kda(const at::Tensor&, const at::Tensor&, const at::Tensor&, const at::Tensor&, const at::Tensor&, at::Tensor&, const at::Tensor&, const at::Tensor&, const at::Tensor&, const at::Tensor&, const std::optional<at::Tensor>&, double, bool, bool, bool, bool, bool, double)::<lambda()>]’ is deprecated: Please use std::optional::value_or instead of c10::value_or_else [-Wdeprecated-declarations]
  119 |     const at::Tensor& accepted = c10::value_or_else(
      |                                  ~~~~~~~~~~~~~~~~~~^
  120 |         num_accepted_tokens, [] { return at::Tensor(); });
      |         ~~~~~~~~~~~~~~~~~~~~~~~~~~~~~~~~~~~~~~~~~~~~~~~~~
/mnt/workspace/mhc-validation-20260930/venv/lib/python3.12/site-packages/torch/include/c10/util/Optional.h:40:1: note: declared here
   40 | value_or_else(const std::optional<T>& v, F&& func) {
      | ^~~~~~~~~~~~~
/mnt/workspace/hc-pre-reduction-20260930/full-plugin-source-v3/csrc/aclnn_torch_adapter/op_api_common.h:743:22: warning: narrowing conversion of ‘workspace_size’ from ‘uint64_t’ {aka ‘long unsigned int’} to ‘long int’ [-Wnarrowing]
  743 |           at::empty({workspace_size}, options.dtype(kByte));                  \
      |                      ^~~~~~~~~~~~~~
/mnt/workspace/hc-pre-reduction-20260930/full-plugin-source-v3/csrc/attention/recurrent_kda/recurrent_kda_torch_adpt.h:127:5: note: in expansion of macro ‘EXEC_NPU_CMD’
  127 |     EXEC_NPU_CMD(
      |     ^~~~~~~~~~~~
/mnt/workspace/hc-pre-reduction-20260930/full-plugin-source-v3/csrc/aclnn_torch_adapter/op_api_common.h:743:22: warning: narrowing conversion of ‘workspace_size’ from ‘uint64_t’ {aka ‘long unsigned int’} to ‘long int’ [-Wnarrowing]
  743 |           at::empty({workspace_size}, options.dtype(kByte));                  \
      |                      ^~~~~~~~~~~~~~
/mnt/workspace/hc-pre-reduction-20260930/full-plugin-source-v3/csrc/attention/recurrent_kda/recurrent_kda_torch_adpt.h:127:5: note: in expansion of macro ‘EXEC_NPU_CMD’
  127 |     EXEC_NPU_CMD(
      |     ^~~~~~~~~~~~
In file included from /mnt/workspace/hc-pre-reduction-20260930/full-plugin-source-v3/csrc/torch_binding.cpp:52:
/mnt/workspace/hc-pre-reduction-20260930/full-plugin-source-v3/csrc/attention/chunk_kda_fwd/chunk_kda_fwd_torch_adpt.h: In function ‘std::tuple<at::Tensor, std::optional<at::Tensor>, std::optional<at::Tensor>, at::Tensor, at::Tensor, std::optional<at::Tensor>, std::optional<at::Tensor>, std::optional<at::Tensor>, std::optional<at::Tensor>, std::optional<at::Tensor>, std::optional<at::Tensor>, std::optional<at::Tensor> > vllm_ascend::chunk_kda_fwd(const at::Tensor&, const at::Tensor&, const at::Tensor&, const at::Tensor&, const at::Tensor&, double, int64_t, c10::string_view, const std::optional<at::Tensor>&, std::optional<bool>, std::optional<c10::ArrayRef<long int> >, std::optional<c10::ArrayRef<long int> >, std::optional<bool>, std::optional<double>, std::optional<bool>, const std::optional<at::Tensor>&, const std::optional<at::Tensor>&, std::optional<bool>, std::optional<bool>, std::optional<bool>)’:
/mnt/workspace/hc-pre-reduction-20260930/full-plugin-source-v3/csrc/attention/chunk_kda_fwd/chunk_kda_fwd_torch_adpt.h:171:58: warning: ‘constexpr T c10::value_or_else(const std::optional<_Tp>&, F&&) [with T = at::Tensor; F = vllm_ascend::chunk_kda_fwd(const at::Tensor&, const at::Tensor&, const at::Tensor&, const at::Tensor&, const at::Tensor&, double, int64_t, c10::string_view, const std::optional<at::Tensor>&, std::optional<bool>, std::optional<c10::ArrayRef<long int> >, std::optional<c10::ArrayRef<long int> >, std::optional<bool>, std::optional<double>, std::optional<bool>, const std::optional<at::Tensor>&, const std::optional<at::Tensor>&, std::optional<bool>, std::optional<bool>, std::optional<bool>)::<lambda()>]’ is deprecated: Please use std::optional::value_or instead of c10::value_or_else [-Wdeprecated-declarations]
  171 |     const at::Tensor &initial_state_ = c10::value_or_else(initial_state, [] { return at::Tensor(); });
      |                                        ~~~~~~~~~~~~~~~~~~^~~~~~~~~~~~~~~~~~~~~~~~~~~~~~~~~~~~~~~~~~~~
/mnt/workspace/mhc-validation-20260930/venv/lib/python3.12/site-packages/torch/include/c10/util/Optional.h:40:1: note: declared here
   40 | value_or_else(const std::optional<T>& v, F&& func) {
      | ^~~~~~~~~~~~~
/mnt/workspace/hc-pre-reduction-20260930/full-plugin-source-v3/csrc/attention/chunk_kda_fwd/chunk_kda_fwd_torch_adpt.h:172:50: warning: ‘constexpr T c10::value_or_else(const std::optional<_Tp>&, F&&) [with T = at::Tensor; F = vllm_ascend::chunk_kda_fwd(const at::Tensor&, const at::Tensor&, const at::Tensor&, const at::Tensor&, const at::Tensor&, double, int64_t, c10::string_view, const std::optional<at::Tensor>&, std::optional<bool>, std::optional<c10::ArrayRef<long int> >, std::optional<c10::ArrayRef<long int> >, std::optional<bool>, std::optional<double>, std::optional<bool>, const std::optional<at::Tensor>&, const std::optional<at::Tensor>&, std::optional<bool>, std::optional<bool>, std::optional<bool>)::<lambda()>]’ is deprecated: Please use std::optional::value_or instead of c10::value_or_else [-Wdeprecated-declarations]
  172 |     const at::Tensor &A_log_ = c10::value_or_else(A_log, [] { return at::Tensor(); });
      |                                ~~~~~~~~~~~~~~~~~~^~~~~~~~~~~~~~~~~~~~~~~~~~~~~~~~~~~~
/mnt/workspace/mhc-validation-20260930/venv/lib/python3.12/site-packages/torch/include/c10/util/Optional.h:40:1: note: declared here
   40 | value_or_else(const std::optional<T>& v, F&& func) {
      | ^~~~~~~~~~~~~
/mnt/workspace/hc-pre-reduction-20260930/full-plugin-source-v3/csrc/attention/chunk_kda_fwd/chunk_kda_fwd_torch_adpt.h:173:52: warning: ‘constexpr T c10::value_or_else(const std::optional<_Tp>&, F&&) [with T = at::Tensor; F = vllm_ascend::chunk_kda_fwd(const at::Tensor&, const at::Tensor&, const at::Tensor&, const at::Tensor&, const at::Tensor&, double, int64_t, c10::string_view, const std::optional<at::Tensor>&, std::optional<bool>, std::optional<c10::ArrayRef<long int> >, std::optional<c10::ArrayRef<long int> >, std::optional<bool>, std::optional<double>, std::optional<bool>, const std::optional<at::Tensor>&, const std::optional<at::Tensor>&, std::optional<bool>, std::optional<bool>, std::optional<bool>)::<lambda()>]’ is deprecated: Please use std::optional::value_or instead of c10::value_or_else [-Wdeprecated-declarations]
  173 |     const at::Tensor &dt_bias_ = c10::value_or_else(dt_bias, [] { return at::Tensor(); });
      |                                  ~~~~~~~~~~~~~~~~~~^~~~~~~~~~~~~~~~~~~~~~~~~~~~~~~~~~~~~~
/mnt/workspace/mhc-validation-20260930/venv/lib/python3.12/site-packages/torch/include/c10/util/Optional.h:40:1: note: declared here
   40 | value_or_else(const std::optional<T>& v, F&& func) {
      | ^~~~~~~~~~~~~
/mnt/workspace/hc-pre-reduction-20260930/full-plugin-source-v3/csrc/aclnn_torch_adapter/op_api_common.h:743:22: warning: narrowing conversion of ‘workspace_size’ from ‘uint64_t’ {aka ‘long unsigned int’} to ‘long int’ [-Wnarrowing]
  743 |           at::empty({workspace_size}, options.dtype(kByte));                  \
      |                      ^~~~~~~~~~~~~~
/mnt/workspace/hc-pre-reduction-20260930/full-plugin-source-v3/csrc/attention/chunk_kda_fwd/chunk_kda_fwd_torch_adpt.h:175:5: note: in expansion of macro ‘EXEC_NPU_CMD’
  175 |     EXEC_NPU_CMD(
      |     ^~~~~~~~~~~~
/mnt/workspace/hc-pre-reduction-20260930/full-plugin-source-v3/csrc/aclnn_torch_adapter/op_api_common.h:743:22: warning: narrowing conversion of ‘workspace_size’ from ‘uint64_t’ {aka ‘long unsigned int’} to ‘long int’ [-Wnarrowing]
  743 |           at::empty({workspace_size}, options.dtype(kByte));                  \
      |                      ^~~~~~~~~~~~~~
/mnt/workspace/hc-pre-reduction-20260930/full-plugin-source-v3/csrc/attention/chunk_kda_fwd/chunk_kda_fwd_torch_adpt.h:175:5: note: in expansion of macro ‘EXEC_NPU_CMD’
  175 |     EXEC_NPU_CMD(
      |     ^~~~~~~~~~~~
/mnt/workspace/hc-pre-reduction-20260930/full-plugin-source-v3/csrc/attention/kda_gate_cumsum/kda_gate_cumsum_torch_adpt.h: In function ‘at::Tensor vllm_ascend::kda_gate_cumsum(const at::Tensor&, int64_t, const std::optional<at::Tensor>&, const std::optional<at::Tensor>&, std::optional<c10::ArrayRef<long int> >, std::optional<bool>, std::optional<bool>, std::optional<double>, c10::string_view)’:
/mnt/workspace/hc-pre-reduction-20260930/full-plugin-source-v3/csrc/aclnn_torch_adapter/op_api_common.h:743:22: warning: narrowing conversion of ‘workspace_size’ from ‘uint64_t’ {aka ‘long unsigned int’} to ‘long int’ [-Wnarrowing]
  743 |           at::empty({workspace_size}, options.dtype(kByte));                  \
      |                      ^~~~~~~~~~~~~~
/mnt/workspace/hc-pre-reduction-20260930/full-plugin-source-v3/csrc/attention/kda_gate_cumsum/kda_gate_cumsum_torch_adpt.h:64:5: note: in expansion of macro ‘EXEC_NPU_CMD’
   64 |     EXEC_NPU_CMD(
      |     ^~~~~~~~~~~~
/mnt/workspace/hc-pre-reduction-20260930/full-plugin-source-v3/csrc/aclnn_torch_adapter/op_api_common.h:743:22: warning: narrowing conversion of ‘workspace_size’ from ‘uint64_t’ {aka ‘long unsigned int’} to ‘long int’ [-Wnarrowing]
  743 |           at::empty({workspace_size}, options.dtype(kByte));                  \
      |                      ^~~~~~~~~~~~~~
/mnt/workspace/hc-pre-reduction-20260930/full-plugin-source-v3/csrc/attention/kda_gate_cumsum/kda_gate_cumsum_torch_adpt.h:64:5: note: in expansion of macro ‘EXEC_NPU_CMD’
   64 |     EXEC_NPU_CMD(
      |     ^~~~~~~~~~~~
/mnt/workspace/hc-pre-reduction-20260930/full-plugin-source-v3/csrc/attention/kda_layout_swap12/kda_layout_swap12_torch_adpt.h: In function ‘at::Tensor vllm_ascend::kda_layout_swap12(const at::Tensor&, const std::optional<at::Tensor>&)’:
/mnt/workspace/hc-pre-reduction-20260930/full-plugin-source-v3/csrc/aclnn_torch_adapter/op_api_common.h:743:22: warning: narrowing conversion of ‘workspace_size’ from ‘uint64_t’ {aka ‘long unsigned int’} to ‘long int’ [-Wnarrowing]
  743 |           at::empty({workspace_size}, options.dtype(kByte));                  \
      |                      ^~~~~~~~~~~~~~
/mnt/workspace/hc-pre-reduction-20260930/full-plugin-source-v3/csrc/attention/kda_layout_swap12/kda_layout_swap12_torch_adpt.h:37:5: note: in expansion of macro ‘EXEC_NPU_CMD’
   37 |     EXEC_NPU_CMD(aclnnKdaLayoutSwap12, x, dependency_tensor, y);
      |     ^~~~~~~~~~~~
/mnt/workspace/hc-pre-reduction-20260930/full-plugin-source-v3/csrc/aclnn_torch_adapter/op_api_common.h:743:22: warning: narrowing conversion of ‘workspace_size’ from ‘uint64_t’ {aka ‘long unsigned int’} to ‘long int’ [-Wnarrowing]
  743 |           at::empty({workspace_size}, options.dtype(kByte));                  \
      |                      ^~~~~~~~~~~~~~
/mnt/workspace/hc-pre-reduction-20260930/full-plugin-source-v3/csrc/attention/kda_layout_swap12/kda_layout_swap12_torch_adpt.h:37:5: note: in expansion of macro ‘EXEC_NPU_CMD’
   37 |     EXEC_NPU_CMD(aclnnKdaLayoutSwap12, x, dependency_tensor, y);
      |     ^~~~~~~~~~~~
/mnt/workspace/hc-pre-reduction-20260930/full-plugin-source-v3/csrc/attention/recurrent_gated_delta_rule_v310/recurrent_gated_delta_rule_310_torch_adpt.h: In function ‘at::Tensor vllm_ascend::npu_recurrent_gated_delta_rule_310(const at::Tensor&, const at::Tensor&, const at::Tensor&, const at::Tensor&, at::Tensor&, const at::Tensor&, const at::Tensor&, const std::optional<at::Tensor>&, const std::optional<at::Tensor>&, const std::optional<at::Tensor>&, double)’:
/mnt/workspace/hc-pre-reduction-20260930/full-plugin-source-v3/csrc/aclnn_torch_adapter/op_api_common.h:743:22: warning: narrowing conversion of ‘workspace_size’ from ‘uint64_t’ {aka ‘long unsigned int’} to ‘long int’ [-Wnarrowing]
  743 |           at::empty({workspace_size}, options.dtype(kByte));                  \
      |                      ^~~~~~~~~~~~~~
/mnt/workspace/hc-pre-reduction-20260930/full-plugin-source-v3/csrc/attention/recurrent_gated_delta_rule_v310/recurrent_gated_delta_rule_310_torch_adpt.h:35:5: note: in expansion of macro ‘EXEC_NPU_CMD’
   35 |     EXEC_NPU_CMD(aclnnRecurrentGatedDeltaRuleV310,
      |     ^~~~~~~~~~~~
/mnt/workspace/hc-pre-reduction-20260930/full-plugin-source-v3/csrc/aclnn_torch_adapter/op_api_common.h:743:22: warning: narrowing conversion of ‘workspace_size’ from ‘uint64_t’ {aka ‘long unsigned int’} to ‘long int’ [-Wnarrowing]
  743 |           at::empty({workspace_size}, options.dtype(kByte));                  \
      |                      ^~~~~~~~~~~~~~
/mnt/workspace/hc-pre-reduction-20260930/full-plugin-source-v3/csrc/attention/recurrent_gated_delta_rule_v310/recurrent_gated_delta_rule_310_torch_adpt.h:35:5: note: in expansion of macro ‘EXEC_NPU_CMD’
   35 |     EXEC_NPU_CMD(aclnnRecurrentGatedDeltaRuleV310,
      |     ^~~~~~~~~~~~
/mnt/workspace/hc-pre-reduction-20260930/full-plugin-source-v3/csrc/attention/k2q_csr/k2q_csr_torch_adpt.h: In function ‘std::tuple<at::Tensor, at::Tensor, at::Tensor> vllm_ascend::npu_k2q_csr(const at::Tensor&, const at::Tensor&, const at::Tensor&, int64_t, int64_t, int64_t, int64_t, int64_t)’:
/mnt/workspace/hc-pre-reduction-20260930/full-plugin-source-v3/csrc/aclnn_torch_adapter/op_api_common.h:743:22: warning: narrowing conversion of ‘workspace_size’ from ‘uint64_t’ {aka ‘long unsigned int’} to ‘long int’ [-Wnarrowing]
  743 |           at::empty({workspace_size}, options.dtype(kByte));                  \
      |                      ^~~~~~~~~~~~~~
/mnt/workspace/hc-pre-reduction-20260930/full-plugin-source-v3/csrc/attention/k2q_csr/k2q_csr_torch_adpt.h:177:5: note: in expansion of macro ‘EXEC_NPU_CMD’
  177 |     EXEC_NPU_CMD(aclnnK2qCsrMeta, cu_q, cu_b, scratch, order_method, total_rows, max_kv, H, T, topk);
      |     ^~~~~~~~~~~~
/mnt/workspace/hc-pre-reduction-20260930/full-plugin-source-v3/csrc/aclnn_torch_adapter/op_api_common.h:743:22: warning: narrowing conversion of ‘workspace_size’ from ‘uint64_t’ {aka ‘long unsigned int’} to ‘long int’ [-Wnarrowing]
  743 |           at::empty({workspace_size}, options.dtype(kByte));                  \
      |                      ^~~~~~~~~~~~~~
/mnt/workspace/hc-pre-reduction-20260930/full-plugin-source-v3/csrc/attention/k2q_csr/k2q_csr_torch_adpt.h:177:5: note: in expansion of macro ‘EXEC_NPU_CMD’
  177 |     EXEC_NPU_CMD(aclnnK2qCsrMeta, cu_q, cu_b, scratch, order_method, total_rows, max_kv, H, T, topk);
      |     ^~~~~~~~~~~~
/mnt/workspace/hc-pre-reduction-20260930/full-plugin-source-v3/csrc/aclnn_torch_adapter/op_api_common.h:743:22: warning: narrowing conversion of ‘workspace_size’ from ‘uint64_t’ {aka ‘long unsigned int’} to ‘long int’ [-Wnarrowing]
  743 |           at::empty({workspace_size}, options.dtype(kByte));                  \
      |                      ^~~~~~~~~~~~~~
/mnt/workspace/hc-pre-reduction-20260930/full-plugin-source-v3/csrc/attention/k2q_csr/k2q_csr_torch_adpt.h:182:5: note: in expansion of macro ‘EXEC_NPU_CMD’
  182 |     EXEC_NPU_CMD(aclnnK2qCsrHist, q2k_c, scratch, total_rows, max_kv, use_simt_i, B);
      |     ^~~~~~~~~~~~
/mnt/workspace/hc-pre-reduction-20260930/full-plugin-source-v3/csrc/aclnn_torch_adapter/op_api_common.h:743:22: warning: narrowing conversion of ‘workspace_size’ from ‘uint64_t’ {aka ‘long unsigned int’} to ‘long int’ [-Wnarrowing]
  743 |           at::empty({workspace_size}, options.dtype(kByte));                  \
      |                      ^~~~~~~~~~~~~~
/mnt/workspace/hc-pre-reduction-20260930/full-plugin-source-v3/csrc/attention/k2q_csr/k2q_csr_torch_adpt.h:182:5: note: in expansion of macro ‘EXEC_NPU_CMD’
  182 |     EXEC_NPU_CMD(aclnnK2qCsrHist, q2k_c, scratch, total_rows, max_kv, use_simt_i, B);
      |     ^~~~~~~~~~~~
/mnt/workspace/hc-pre-reduction-20260930/full-plugin-source-v3/csrc/aclnn_torch_adapter/op_api_common.h:743:22: warning: narrowing conversion of ‘workspace_size’ from ‘uint64_t’ {aka ‘long unsigned int’} to ‘long int’ [-Wnarrowing]
  743 |           at::empty({workspace_size}, options.dtype(kByte));                  \
      |                      ^~~~~~~~~~~~~~
/mnt/workspace/hc-pre-reduction-20260930/full-plugin-source-v3/csrc/attention/k2q_csr/k2q_csr_torch_adpt.h:184:5: note: in expansion of macro ‘EXEC_NPU_CMD’
  184 |     EXEC_NPU_CMD(aclnnK2qCsrRowPrefix, scratch, total_rows, max_kv, use_simt_i, H, T, topk, B, row_ptr);
      |     ^~~~~~~~~~~~
/mnt/workspace/hc-pre-reduction-20260930/full-plugin-source-v3/csrc/aclnn_torch_adapter/op_api_common.h:743:22: warning: narrowing conversion of ‘workspace_size’ from ‘uint64_t’ {aka ‘long unsigned int’} to ‘long int’ [-Wnarrowing]
  743 |           at::empty({workspace_size}, options.dtype(kByte));                  \
      |                      ^~~~~~~~~~~~~~
/mnt/workspace/hc-pre-reduction-20260930/full-plugin-source-v3/csrc/attention/k2q_csr/k2q_csr_torch_adpt.h:184:5: note: in expansion of macro ‘EXEC_NPU_CMD’
  184 |     EXEC_NPU_CMD(aclnnK2qCsrRowPrefix, scratch, total_rows, max_kv, use_simt_i, H, T, topk, B, row_ptr);
      |     ^~~~~~~~~~~~
/mnt/workspace/hc-pre-reduction-20260930/full-plugin-source-v3/csrc/aclnn_torch_adapter/op_api_common.h:743:22: warning: narrowing conversion of ‘workspace_size’ from ‘uint64_t’ {aka ‘long unsigned int’} to ‘long int’ [-Wnarrowing]
  743 |           at::empty({workspace_size}, options.dtype(kByte));                  \
      |                      ^~~~~~~~~~~~~~
/mnt/workspace/hc-pre-reduction-20260930/full-plugin-source-v3/csrc/attention/k2q_csr/k2q_csr_torch_adpt.h:185:5: note: in expansion of macro ‘EXEC_NPU_CMD’
  185 |     EXEC_NPU_CMD(aclnnK2qCsrTilePrefix, scratch, row_ptr, total_rows, max_kv, use_simt_i, H, T, topk, B);
      |     ^~~~~~~~~~~~
/mnt/workspace/hc-pre-reduction-20260930/full-plugin-source-v3/csrc/aclnn_torch_adapter/op_api_common.h:743:22: warning: narrowing conversion of ‘workspace_size’ from ‘uint64_t’ {aka ‘long unsigned int’} to ‘long int’ [-Wnarrowing]
  743 |           at::empty({workspace_size}, options.dtype(kByte));                  \
      |                      ^~~~~~~~~~~~~~
/mnt/workspace/hc-pre-reduction-20260930/full-plugin-source-v3/csrc/attention/k2q_csr/k2q_csr_torch_adpt.h:185:5: note: in expansion of macro ‘EXEC_NPU_CMD’
  185 |     EXEC_NPU_CMD(aclnnK2qCsrTilePrefix, scratch, row_ptr, total_rows, max_kv, use_simt_i, H, T, topk, B);
      |     ^~~~~~~~~~~~
/mnt/workspace/hc-pre-reduction-20260930/full-plugin-source-v3/csrc/aclnn_torch_adapter/op_api_common.h:743:22: warning: narrowing conversion of ‘workspace_size’ from ‘uint64_t’ {aka ‘long unsigned int’} to ‘long int’ [-Wnarrowing]
  743 |           at::empty({workspace_size}, options.dtype(kByte));                  \
      |                      ^~~~~~~~~~~~~~
/mnt/workspace/hc-pre-reduction-20260930/full-plugin-source-v3/csrc/attention/k2q_csr/k2q_csr_torch_adpt.h:192:5: note: in expansion of macro ‘EXEC_NPU_CMD’
  192 |     EXEC_NPU_CMD(aclnnK2qCsrScatter, q2k_c, cu_q, scratch, total_rows, max_kv, use_simt_i,
      |     ^~~~~~~~~~~~
/mnt/workspace/hc-pre-reduction-20260930/full-plugin-source-v3/csrc/aclnn_torch_adapter/op_api_common.h:743:22: warning: narrowing conversion of ‘workspace_size’ from ‘uint64_t’ {aka ‘long unsigned int’} to ‘long int’ [-Wnarrowing]
  743 |           at::empty({workspace_size}, options.dtype(kByte));                  \
      |                      ^~~~~~~~~~~~~~
/mnt/workspace/hc-pre-reduction-20260930/full-plugin-source-v3/csrc/attention/k2q_csr/k2q_csr_torch_adpt.h:192:5: note: in expansion of macro ‘EXEC_NPU_CMD’
  192 |     EXEC_NPU_CMD(aclnnK2qCsrScatter, q2k_c, cu_q, scratch, total_rows, max_kv, use_simt_i,
      |     ^~~~~~~~~~~~
/mnt/workspace/hc-pre-reduction-20260930/full-plugin-source-v3/csrc/attention/msa_index_score/msa_index_score_torch_adpt.h: In function ‘at::Tensor vllm_ascend::npu_msa_index_score(const at::Tensor&, const at::Tensor&, const at::Tensor&, const at::Tensor&, const std::optional<at::Tensor>&, const std::optional<at::Tensor>&, const std::optional<at::Tensor>&, const std::optional<at::Tensor>&, c10::string_view, int64_t, int64_t, int64_t)’:
/mnt/workspace/hc-pre-reduction-20260930/full-plugin-source-v3/csrc/aclnn_torch_adapter/op_api_common.h:743:22: warning: narrowing conversion of ‘workspace_size’ from ‘uint64_t’ {aka ‘long unsigned int’} to ‘long int’ [-Wnarrowing]
  743 |           at::empty({workspace_size}, options.dtype(kByte));                  \
      |                      ^~~~~~~~~~~~~~
/mnt/workspace/hc-pre-reduction-20260930/full-plugin-source-v3/csrc/attention/msa_index_score/msa_index_score_torch_adpt.h:133:5: note: in expansion of macro ‘EXEC_NPU_CMD’
  133 |     EXEC_NPU_CMD(aclnnMsaIndexScore, query, normalizedKey, blockTable,
      |     ^~~~~~~~~~~~
/mnt/workspace/hc-pre-reduction-20260930/full-plugin-source-v3/csrc/aclnn_torch_adapter/op_api_common.h:743:22: warning: narrowing conversion of ‘workspace_size’ from ‘uint64_t’ {aka ‘long unsigned int’} to ‘long int’ [-Wnarrowing]
  743 |           at::empty({workspace_size}, options.dtype(kByte));                  \
      |                      ^~~~~~~~~~~~~~
/mnt/workspace/hc-pre-reduction-20260930/full-plugin-source-v3/csrc/attention/msa_index_score/msa_index_score_torch_adpt.h:133:5: note: in expansion of macro ‘EXEC_NPU_CMD’
  133 |     EXEC_NPU_CMD(aclnnMsaIndexScore, query, normalizedKey, blockTable,
      |     ^~~~~~~~~~~~
/mnt/workspace/hc-pre-reduction-20260930/full-plugin-source-v3/csrc/attention/sparse_attention_score/sparse_attention_score_torch_adpt.h: In function ‘at::Tensor vllm_ascend::npu_sparse_attention_score(const at::Tensor&, const at::Tensor&, const at::Tensor&, const at::Tensor&, const at::Tensor&, const std::optional<at::Tensor>&, const std::optional<at::Tensor>&, const std::optional<at::Tensor>&, const std::optional<at::Tensor>&, const std::optional<at::Tensor>&, const std::optional<at::Tensor>&, c10::string_view, c10::string_view, int64_t, double, int64_t, int64_t, int64_t, const std::optional<c10::ScalarType>&)’:
/mnt/workspace/hc-pre-reduction-20260930/full-plugin-source-v3/csrc/aclnn_torch_adapter/op_api_common.h:743:22: warning: narrowing conversion of ‘workspace_size’ from ‘uint64_t’ {aka ‘long unsigned int’} to ‘long int’ [-Wnarrowing]
  743 |           at::empty({workspace_size}, options.dtype(kByte));                  \
      |                      ^~~~~~~~~~~~~~
/mnt/workspace/hc-pre-reduction-20260930/full-plugin-source-v3/csrc/attention/sparse_attention_score/sparse_attention_score_torch_adpt.h:159:5: note: in expansion of macro ‘EXEC_NPU_CMD’
  159 |     EXEC_NPU_CMD(aclnnSparseAttentionScore, query, key, value, selectIdx, blockTable,
      |     ^~~~~~~~~~~~
/mnt/workspace/hc-pre-reduction-20260930/full-plugin-source-v3/csrc/aclnn_torch_adapter/op_api_common.h:743:22: warning: narrowing conversion of ‘workspace_size’ from ‘uint64_t’ {aka ‘long unsigned int’} to ‘long int’ [-Wnarrowing]
  743 |           at::empty({workspace_size}, options.dtype(kByte));                  \
      |                      ^~~~~~~~~~~~~~
/mnt/workspace/hc-pre-reduction-20260930/full-plugin-source-v3/csrc/attention/sparse_attention_score/sparse_attention_score_torch_adpt.h:159:5: note: in expansion of macro ‘EXEC_NPU_CMD’
  159 |     EXEC_NPU_CMD(aclnnSparseAttentionScore, query, key, value, selectIdx, blockTable,
      |     ^~~~~~~~~~~~
/mnt/workspace/hc-pre-reduction-20260930/full-plugin-source-v3/csrc/attention/store_kv_block/store_kv_block_torch_adpt.h: In function ‘void vllm_ascend::store_kv_block(const at::Tensor&, const at::Tensor&, const at::Tensor&, const at::Tensor&, const at::Tensor&, int64_t)’:
/mnt/workspace/hc-pre-reduction-20260930/full-plugin-source-v3/csrc/aclnn_torch_adapter/op_api_common.h:743:22: warning: narrowing conversion of ‘workspace_size’ from ‘uint64_t’ {aka ‘long unsigned int’} to ‘long int’ [-Wnarrowing]
  743 |           at::empty({workspace_size}, options.dtype(kByte));                  \
      |                      ^~~~~~~~~~~~~~
/mnt/workspace/hc-pre-reduction-20260930/full-plugin-source-v3/csrc/attention/store_kv_block/store_kv_block_torch_adpt.h:32:5: note: in expansion of macro ‘EXEC_NPU_CMD’
   32 |     EXEC_NPU_CMD(aclnnStoreKVBlock, key_in, key_cache_in,group_len, group_key_idx, group_key_cache_idx, block_size);
      |     ^~~~~~~~~~~~
/mnt/workspace/hc-pre-reduction-20260930/full-plugin-source-v3/csrc/aclnn_torch_adapter/op_api_common.h:743:22: warning: narrowing conversion of ‘workspace_size’ from ‘uint64_t’ {aka ‘long unsigned int’} to ‘long int’ [-Wnarrowing]
  743 |           at::empty({workspace_size}, options.dtype(kByte));                  \
      |                      ^~~~~~~~~~~~~~
/mnt/workspace/hc-pre-reduction-20260930/full-plugin-source-v3/csrc/attention/store_kv_block/store_kv_block_torch_adpt.h:32:5: note: in expansion of macro ‘EXEC_NPU_CMD’
   32 |     EXEC_NPU_CMD(aclnnStoreKVBlock, key_in, key_cache_in,group_len, group_key_idx, group_key_cache_idx, block_size);
      |     ^~~~~~~~~~~~
/mnt/workspace/hc-pre-reduction-20260930/full-plugin-source-v3/csrc/attention/store_kv_block_metadata/store_kv_block_metadata_torch_adpt.cpp: In function ‘void vllm_ascend::store_kv_block_metadata(const at::Tensor&, const at::Tensor&, const at::Tensor&, const at::Tensor&, int64_t)’:
/mnt/workspace/hc-pre-reduction-20260930/full-plugin-source-v3/csrc/aclnn_torch_adapter/op_api_common.h:743:22: warning: narrowing conversion of ‘workspace_size’ from ‘uint64_t’ {aka ‘long unsigned int’} to ‘long int’ [-Wnarrowing]
  743 |           at::empty({workspace_size}, options.dtype(kByte));                  \
      |                      ^~~~~~~~~~~~~~
/mnt/workspace/hc-pre-reduction-20260930/full-plugin-source-v3/csrc/attention/store_kv_block_metadata/store_kv_block_metadata_torch_adpt.cpp:39:5: note: in expansion of macro ‘EXEC_NPU_CMD’
   39 |     EXEC_NPU_CMD(aclnnStoreKvBlockMetadata,
      |     ^~~~~~~~~~~~
/mnt/workspace/hc-pre-reduction-20260930/full-plugin-source-v3/csrc/aclnn_torch_adapter/op_api_common.h:743:22: warning: narrowing conversion of ‘workspace_size’ from ‘uint64_t’ {aka ‘long unsigned int’} to ‘long int’ [-Wnarrowing]
  743 |           at::empty({workspace_size}, options.dtype(kByte));                  \
      |                      ^~~~~~~~~~~~~~
/mnt/workspace/hc-pre-reduction-20260930/full-plugin-source-v3/csrc/attention/store_kv_block_metadata/store_kv_block_metadata_torch_adpt.cpp:39:5: note: in expansion of macro ‘EXEC_NPU_CMD’
   39 |     EXEC_NPU_CMD(aclnnStoreKvBlockMetadata,
      |     ^~~~~~~~~~~~
/mnt/workspace/hc-pre-reduction-20260930/full-plugin-source-v3/csrc/moe/dequant_situ_quant/dequant_situ_quant_torch_adpt.h: In function ‘std::tuple<at::Tensor, at::Tensor> vllm_ascend::dequant_situ_quant(const at::Tensor&, const std::optional<at::Tensor>&, const std::optional<at::Tensor>&, const std::optional<at::Tensor>&, const std::optional<at::Tensor>&, const std::optional<at::Tensor>&, const std::optional<at::Tensor>&, double, double, bool, c10::string_view)’:
/mnt/workspace/hc-pre-reduction-20260930/full-plugin-source-v3/csrc/aclnn_torch_adapter/op_api_common.h:743:22: warning: narrowing conversion of ‘workspace_size’ from ‘uint64_t’ {aka ‘long unsigned int’} to ‘long int’ [-Wnarrowing]
  743 |           at::empty({workspace_size}, options.dtype(kByte));                  \
      |                      ^~~~~~~~~~~~~~
/mnt/workspace/hc-pre-reduction-20260930/full-plugin-source-v3/csrc/moe/dequant_situ_quant/dequant_situ_quant_torch_adpt.h:55:5: note: in expansion of macro ‘EXEC_NPU_CMD’
   55 |     EXEC_NPU_CMD(aclnnDequantSituQuant,
      |     ^~~~~~~~~~~~
/mnt/workspace/hc-pre-reduction-20260930/full-plugin-source-v3/csrc/aclnn_torch_adapter/op_api_common.h:743:22: warning: narrowing conversion of ‘workspace_size’ from ‘uint64_t’ {aka ‘long unsigned int’} to ‘long int’ [-Wnarrowing]
  743 |           at::empty({workspace_size}, options.dtype(kByte));                  \
      |                      ^~~~~~~~~~~~~~
/mnt/workspace/hc-pre-reduction-20260930/full-plugin-source-v3/csrc/moe/dequant_situ_quant/dequant_situ_quant_torch_adpt.h:55:5: note: in expansion of macro ‘EXEC_NPU_CMD’
   55 |     EXEC_NPU_CMD(aclnnDequantSituQuant,
      |     ^~~~~~~~~~~~
/mnt/workspace/hc-pre-reduction-20260930/full-plugin-source-v3/csrc/moe/situ_mx_quant/situ_mx_quant_torch_adpt.h: In function ‘std::tuple<at::Tensor, at::Tensor> vllm_ascend::situ_mx_quant(const at::Tensor&, double, double, bool, int64_t)’:
/mnt/workspace/hc-pre-reduction-20260930/full-plugin-source-v3/csrc/aclnn_torch_adapter/op_api_common.h:743:22: warning: narrowing conversion of ‘workspace_size’ from ‘uint64_t’ {aka ‘long unsigned int’} to ‘long int’ [-Wnarrowing]
  743 |           at::empty({workspace_size}, options.dtype(kByte));                  \
      |                      ^~~~~~~~~~~~~~
/mnt/workspace/hc-pre-reduction-20260930/full-plugin-source-v3/csrc/moe/situ_mx_quant/situ_mx_quant_torch_adpt.h:58:5: note: in expansion of macro ‘EXEC_NPU_CMD’
   58 |     EXEC_NPU_CMD(aclnnSituMxQuant,
      |     ^~~~~~~~~~~~
/mnt/workspace/hc-pre-reduction-20260930/full-plugin-source-v3/csrc/aclnn_torch_adapter/op_api_common.h:743:22: warning: narrowing conversion of ‘workspace_size’ from ‘uint64_t’ {aka ‘long unsigned int’} to ‘long int’ [-Wnarrowing]
  743 |           at::empty({workspace_size}, options.dtype(kByte));                  \
      |                      ^~~~~~~~~~~~~~
/mnt/workspace/hc-pre-reduction-20260930/full-plugin-source-v3/csrc/moe/situ_mx_quant/situ_mx_quant_torch_adpt.h:58:5: note: in expansion of macro ‘EXEC_NPU_CMD’
   58 |     EXEC_NPU_CMD(aclnnSituMxQuant,
      |     ^~~~~~~~~~~~
/mnt/workspace/hc-pre-reduction-20260930/full-plugin-source-v3/csrc/moe/grouped_matmul_situ_quant/grouped_matmul_situ_quant_torch_adpt.h: In function ‘std::tuple<at::Tensor, at::Tensor> ascend_kernel::{anonymous}::RunV2Core(const at::Tensor&, const at::Tensor&, const std::vector<at::Tensor>&, const std::vector<at::Tensor>&, const at::Tensor&, int64_t, int64_t, double, double, int64_t)’:
/mnt/workspace/hc-pre-reduction-20260930/full-plugin-source-v3/csrc/aclnn_torch_adapter/op_api_common.h:743:22: warning: narrowing conversion of ‘workspace_size’ from ‘uint64_t’ {aka ‘long unsigned int’} to ‘long int’ [-Wnarrowing]
  743 |           at::empty({workspace_size}, options.dtype(kByte));                  \
      |                      ^~~~~~~~~~~~~~
/mnt/workspace/hc-pre-reduction-20260930/full-plugin-source-v3/csrc/moe/grouped_matmul_situ_quant/grouped_matmul_situ_quant_torch_adpt.h:181:5: note: in expansion of macro ‘EXEC_NPU_CMD’
  181 |     EXEC_NPU_CMD(aclnnGroupedMatmulSituQuant, x, xScale, weightList,
      |     ^~~~~~~~~~~~
/mnt/workspace/hc-pre-reduction-20260930/full-plugin-source-v3/csrc/aclnn_torch_adapter/op_api_common.h:743:22: warning: narrowing conversion of ‘workspace_size’ from ‘uint64_t’ {aka ‘long unsigned int’} to ‘long int’ [-Wnarrowing]
  743 |           at::empty({workspace_size}, options.dtype(kByte));                  \
      |                      ^~~~~~~~~~~~~~
/mnt/workspace/hc-pre-reduction-20260930/full-plugin-source-v3/csrc/moe/grouped_matmul_situ_quant/grouped_matmul_situ_quant_torch_adpt.h:181:5: note: in expansion of macro ‘EXEC_NPU_CMD’
  181 |     EXEC_NPU_CMD(aclnnGroupedMatmulSituQuant, x, xScale, weightList,
      |     ^~~~~~~~~~~~
/mnt/workspace/hc-pre-reduction-20260930/full-plugin-source-v3/csrc/attention/mla_prolog_v3_k3/mla_prolog_v3_k3_torch_adpt.h: In function ‘std::tuple<at::Tensor, at::Tensor, at::Tensor, at::Tensor, at::Tensor> vllm_ascend::npu_mla_prolog_v3_k3(const at::Tensor&, const at::Tensor&, const at::Tensor&, const at::Tensor&, const at::Tensor&, const at::Tensor&, const at::Tensor&, const at::Tensor&, const at::Tensor&, at::Tensor&, at::Tensor&, const std::optional<at::Tensor>&, const std::optional<at::Tensor>&, const std::optional<at::Tensor>&, const std::optional<at::Tensor>&, const std::optional<at::Tensor>&, const std::optional<at::Tensor>&, const std::optional<at::Tensor>&, const std::optional<at::Tensor>&, const std::optional<at::Tensor>&, const std::optional<at::Tensor>&, double, double, c10::string_view, bool, int64_t, int64_t, int64_t, int64_t, int64_t, int64_t, double, double)’:
/mnt/workspace/hc-pre-reduction-20260930/full-plugin-source-v3/csrc/aclnn_torch_adapter/op_api_common.h:743:22: warning: narrowing conversion of ‘workspace_size’ from ‘uint64_t’ {aka ‘long unsigned int’} to ‘long int’ [-Wnarrowing]
  743 |           at::empty({workspace_size}, options.dtype(kByte));                  \
      |                      ^~~~~~~~~~~~~~
/mnt/workspace/hc-pre-reduction-20260930/full-plugin-source-v3/csrc/attention/mla_prolog_v3_k3/mla_prolog_v3_k3_torch_adpt.h:241:5: note: in expansion of macro ‘EXEC_NPU_CMD’
  241 |     EXEC_NPU_CMD(
      |     ^~~~~~~~~~~~
/mnt/workspace/hc-pre-reduction-20260930/full-plugin-source-v3/csrc/aclnn_torch_adapter/op_api_common.h:743:22: warning: narrowing conversion of ‘workspace_size’ from ‘uint64_t’ {aka ‘long unsigned int’} to ‘long int’ [-Wnarrowing]
  743 |           at::empty({workspace_size}, options.dtype(kByte));                  \
      |                      ^~~~~~~~~~~~~~
/mnt/workspace/hc-pre-reduction-20260930/full-plugin-source-v3/csrc/attention/mla_prolog_v3_k3/mla_prolog_v3_k3_torch_adpt.h:241:5: note: in expansion of macro ‘EXEC_NPU_CMD’
  241 |     EXEC_NPU_CMD(
      |     ^~~~~~~~~~~~
/mnt/workspace/hc-pre-reduction-20260930/full-plugin-source-v3/csrc/torch_binding.cpp: In function ‘at::Tensor vllm_ascend::npu_sign_bits_pack(const at::Tensor&, int64_t)’:
/mnt/workspace/hc-pre-reduction-20260930/full-plugin-source-v3/csrc/aclnn_torch_adapter/op_api_common.h:743:22: warning: narrowing conversion of ‘workspace_size’ from ‘uint64_t’ {aka ‘long unsigned int’} to ‘long int’ [-Wnarrowing]
  743 |           at::empty({workspace_size}, options.dtype(kByte));                  \
      |                      ^~~~~~~~~~~~~~
/mnt/workspace/hc-pre-reduction-20260930/full-plugin-source-v3/csrc/torch_binding.cpp:544:5: note: in expansion of macro ‘EXEC_NPU_CMD’
  544 |     EXEC_NPU_CMD(aclnnSignBitsPack, input, size, out);
      |     ^~~~~~~~~~~~
/mnt/workspace/hc-pre-reduction-20260930/full-plugin-source-v3/csrc/aclnn_torch_adapter/op_api_common.h:743:22: warning: narrowing conversion of ‘workspace_size’ from ‘uint64_t’ {aka ‘long unsigned int’} to ‘long int’ [-Wnarrowing]
  743 |           at::empty({workspace_size}, options.dtype(kByte));                  \
      |                      ^~~~~~~~~~~~~~
/mnt/workspace/hc-pre-reduction-20260930/full-plugin-source-v3/csrc/torch_binding.cpp:544:5: note: in expansion of macro ‘EXEC_NPU_CMD’
  544 |     EXEC_NPU_CMD(aclnnSignBitsPack, input, size, out);
      |     ^~~~~~~~~~~~
/mnt/workspace/hc-pre-reduction-20260930/full-plugin-source-v3/csrc/torch_binding.cpp: In function ‘std::tuple<at::Tensor, at::Tensor> vllm_ascend::npu_gemma_rms_norm(const at::Tensor&, const at::Tensor&, double)’:
/mnt/workspace/hc-pre-reduction-20260930/full-plugin-source-v3/csrc/aclnn_torch_adapter/op_api_common.h:743:22: warning: narrowing conversion of ‘workspace_size’ from ‘uint64_t’ {aka ‘long unsigned int’} to ‘long int’ [-Wnarrowing]
  743 |           at::empty({workspace_size}, options.dtype(kByte));                  \
      |                      ^~~~~~~~~~~~~~
/mnt/workspace/hc-pre-reduction-20260930/full-plugin-source-v3/csrc/torch_binding.cpp:572:5: note: in expansion of macro ‘EXEC_NPU_CMD’
  572 |     EXEC_NPU_CMD(aclnnGemmaRmsNorm, x, gamma, epsilon, y, rstd);
      |     ^~~~~~~~~~~~
/mnt/workspace/hc-pre-reduction-20260930/full-plugin-source-v3/csrc/aclnn_torch_adapter/op_api_common.h:743:22: warning: narrowing conversion of ‘workspace_size’ from ‘uint64_t’ {aka ‘long unsigned int’} to ‘long int’ [-Wnarrowing]
  743 |           at::empty({workspace_size}, options.dtype(kByte));                  \
      |                      ^~~~~~~~~~~~~~
/mnt/workspace/hc-pre-reduction-20260930/full-plugin-source-v3/csrc/torch_binding.cpp:572:5: note: in expansion of macro ‘EXEC_NPU_CMD’
  572 |     EXEC_NPU_CMD(aclnnGemmaRmsNorm, x, gamma, epsilon, y, rstd);
      |     ^~~~~~~~~~~~
/mnt/workspace/hc-pre-reduction-20260930/full-plugin-source-v3/csrc/torch_binding.cpp: In function ‘void vllm_ascend::transpose_kv_cache_by_block(const at::TensorList&, const at::TensorList&, const at::Tensor&, int64_t, int64_t, int64_t, int64_t, int64_t)’:
/mnt/workspace/hc-pre-reduction-20260930/full-plugin-source-v3/csrc/aclnn_torch_adapter/op_api_common.h:743:22: warning: narrowing conversion of ‘workspace_size’ from ‘uint64_t’ {aka ‘long unsigned int’} to ‘long int’ [-Wnarrowing]
  743 |           at::empty({workspace_size}, options.dtype(kByte));                  \
      |                      ^~~~~~~~~~~~~~
/mnt/workspace/hc-pre-reduction-20260930/full-plugin-source-v3/csrc/torch_binding.cpp:587:5: note: in expansion of macro ‘EXEC_NPU_CMD’
  587 |     EXEC_NPU_CMD(aclnnTransposeKvCacheByBlock, kCache, vCache, blockIDs,
      |     ^~~~~~~~~~~~
/mnt/workspace/hc-pre-reduction-20260930/full-plugin-source-v3/csrc/aclnn_torch_adapter/op_api_common.h:743:22: warning: narrowing conversion of ‘workspace_size’ from ‘uint64_t’ {aka ‘long unsigned int’} to ‘long int’ [-Wnarrowing]
  743 |           at::empty({workspace_size}, options.dtype(kByte));                  \
      |                      ^~~~~~~~~~~~~~
/mnt/workspace/hc-pre-reduction-20260930/full-plugin-source-v3/csrc/torch_binding.cpp:587:5: note: in expansion of macro ‘EXEC_NPU_CMD’
  587 |     EXEC_NPU_CMD(aclnnTransposeKvCacheByBlock, kCache, vCache, blockIDs,
      |     ^~~~~~~~~~~~
/mnt/workspace/hc-pre-reduction-20260930/full-plugin-source-v3/csrc/torch_binding.cpp: In function ‘void vllm_ascend::npu_scatter_pa_kv_cache(const at::Tensor&, const at::Tensor&, at::Tensor&, at::Tensor&, const at::Tensor&, c10::string_view, c10::string_view)’:
/mnt/workspace/hc-pre-reduction-20260930/full-plugin-source-v3/csrc/aclnn_torch_adapter/op_api_common.h:743:22: warning: narrowing conversion of ‘workspace_size’ from ‘uint64_t’ {aka ‘long unsigned int’} to ‘long int’ [-Wnarrowing]
  743 |           at::empty({workspace_size}, options.dtype(kByte));                  \
      |                      ^~~~~~~~~~~~~~
/mnt/workspace/hc-pre-reduction-20260930/full-plugin-source-v3/csrc/torch_binding.cpp:612:5: note: in expansion of macro ‘EXEC_NPU_CMD’
  612 |     EXEC_NPU_CMD(aclnnScatterPaKvCache,
      |     ^~~~~~~~~~~~
/mnt/workspace/hc-pre-reduction-20260930/full-plugin-source-v3/csrc/aclnn_torch_adapter/op_api_common.h:743:22: warning: narrowing conversion of ‘workspace_size’ from ‘uint64_t’ {aka ‘long unsigned int’} to ‘long int’ [-Wnarrowing]
  743 |           at::empty({workspace_size}, options.dtype(kByte));                  \
      |                      ^~~~~~~~~~~~~~
/mnt/workspace/hc-pre-reduction-20260930/full-plugin-source-v3/csrc/torch_binding.cpp:612:5: note: in expansion of macro ‘EXEC_NPU_CMD’
  612 |     EXEC_NPU_CMD(aclnnScatterPaKvCache,
      |     ^~~~~~~~~~~~
/mnt/workspace/hc-pre-reduction-20260930/full-plugin-source-v3/csrc/torch_binding.cpp: In function ‘std::tuple<at::Tensor, at::Tensor, at::Tensor, at::Tensor, at::Tensor, at::Tensor> vllm_ascend::npu_copy_and_expand_eagle_inputs(const at::Tensor&, const at::Tensor&, const at::Tensor&, const at::Tensor&, const at::Tensor&, int64_t, int64_t, int64_t, bool, int64_t)’:
/mnt/workspace/hc-pre-reduction-20260930/full-plugin-source-v3/csrc/aclnn_torch_adapter/op_api_common.h:743:22: warning: narrowing conversion of ‘workspace_size’ from ‘uint64_t’ {aka ‘long unsigned int’} to ‘long int’ [-Wnarrowing]
  743 |           at::empty({workspace_size}, options.dtype(kByte));                  \
      |                      ^~~~~~~~~~~~~~
/mnt/workspace/hc-pre-reduction-20260930/full-plugin-source-v3/csrc/torch_binding.cpp:695:5: note: in expansion of macro ‘EXEC_NPU_CMD’
  695 |     EXEC_NPU_CMD(aclnnCopyAndExpandEagleInputs,
      |     ^~~~~~~~~~~~
/mnt/workspace/hc-pre-reduction-20260930/full-plugin-source-v3/csrc/aclnn_torch_adapter/op_api_common.h:743:22: warning: narrowing conversion of ‘workspace_size’ from ‘uint64_t’ {aka ‘long unsigned int’} to ‘long int’ [-Wnarrowing]
  743 |           at::empty({workspace_size}, options.dtype(kByte));                  \
      |                      ^~~~~~~~~~~~~~
/mnt/workspace/hc-pre-reduction-20260930/full-plugin-source-v3/csrc/torch_binding.cpp:695:5: note: in expansion of macro ‘EXEC_NPU_CMD’
  695 |     EXEC_NPU_CMD(aclnnCopyAndExpandEagleInputs,
      |     ^~~~~~~~~~~~
/mnt/workspace/hc-pre-reduction-20260930/full-plugin-source-v3/csrc/torch_binding.cpp: In function ‘std::tuple<at::Tensor, at::Tensor, at::Tensor> vllm_ascend::moe_gating_top_k_hash(const at::Tensor&, int64_t, const std::optional<at::Tensor>&, const std::optional<at::Tensor>&, const std::optional<at::Tensor>&, int64_t, int64_t, double, double, int64_t, int64_t, int64_t, bool, const std::optional<at::Tensor>&, int64_t, int64_t)’:
/mnt/workspace/hc-pre-reduction-20260930/full-plugin-source-v3/csrc/torch_binding.cpp:795:48: warning: ‘constexpr T c10::value_or_else(const std::optional<_Tp>&, F&&) [with T = at::Tensor; F = vllm_ascend::moe_gating_top_k_hash(const at::Tensor&, int64_t, const std::optional<at::Tensor>&, const std::optional<at::Tensor>&, const std::optional<at::Tensor>&, int64_t, int64_t, double, double, int64_t, int64_t, int64_t, bool, const std::optional<at::Tensor>&, int64_t, int64_t)::<lambda()>]’ is deprecated: Please use std::optional::value_or instead of c10::value_or_else [-Wdeprecated-declarations]
  795 |     const at::Tensor& bias = c10::value_or_else(bias_opt, [] { return at::Tensor(); });
      |                              ~~~~~~~~~~~~~~~~~~^~~~~~~~~~~~~~~~~~~~~~~~~~~~~~~~~~~~~~~
/mnt/workspace/mhc-validation-20260930/venv/lib/python3.12/site-packages/torch/include/c10/util/Optional.h:40:1: note: declared here
   40 | value_or_else(const std::optional<T>& v, F&& func) {
      | ^~~~~~~~~~~~~
/mnt/workspace/hc-pre-reduction-20260930/full-plugin-source-v3/csrc/torch_binding.cpp:796:53: warning: ‘constexpr T c10::value_or_else(const std::optional<_Tp>&, F&&) [with T = at::Tensor; F = vllm_ascend::moe_gating_top_k_hash(const at::Tensor&, int64_t, const std::optional<at::Tensor>&, const std::optional<at::Tensor>&, const std::optional<at::Tensor>&, int64_t, int64_t, double, double, int64_t, int64_t, int64_t, bool, const std::optional<at::Tensor>&, int64_t, int64_t)::<lambda()>]’ is deprecated: Please use std::optional::value_or instead of c10::value_or_else [-Wdeprecated-declarations]
  796 |     const at::Tensor& input_ids = c10::value_or_else(input_ids_opt, [] { return at::Tensor(); });
      |                                   ~~~~~~~~~~~~~~~~~~^~~~~~~~~~~~~~~~~~~~~~~~~~~~~~~~~~~~~~~~~~~~
/mnt/workspace/mhc-validation-20260930/venv/lib/python3.12/site-packages/torch/include/c10/util/Optional.h:40:1: note: declared here
   40 | value_or_else(const std::optional<T>& v, F&& func) {
      | ^~~~~~~~~~~~~
/mnt/workspace/hc-pre-reduction-20260930/full-plugin-source-v3/csrc/torch_binding.cpp:797:51: warning: ‘constexpr T c10::value_or_else(const std::optional<_Tp>&, F&&) [with T = at::Tensor; F = vllm_ascend::moe_gating_top_k_hash(const at::Tensor&, int64_t, const std::optional<at::Tensor>&, const std::optional<at::Tensor>&, const std::optional<at::Tensor>&, int64_t, int64_t, double, double, int64_t, int64_t, int64_t, bool, const std::optional<at::Tensor>&, int64_t, int64_t)::<lambda()>]’ is deprecated: Please use std::optional::value_or instead of c10::value_or_else [-Wdeprecated-declarations]
  797 |     const at::Tensor& tid2eid = c10::value_or_else(tid2eid_opt, [] { return at::Tensor(); });
      |                                 ~~~~~~~~~~~~~~~~~~^~~~~~~~~~~~~~~~~~~~~~~~~~~~~~~~~~~~~~~~~~
/mnt/workspace/mhc-validation-20260930/venv/lib/python3.12/site-packages/torch/include/c10/util/Optional.h:40:1: note: declared here
   40 | value_or_else(const std::optional<T>& v, F&& func) {
      | ^~~~~~~~~~~~~
/mnt/workspace/hc-pre-reduction-20260930/full-plugin-source-v3/csrc/torch_binding.cpp:798:51: warning: ‘constexpr T c10::value_or_else(const std::optional<_Tp>&, F&&) [with T = at::Tensor; F = vllm_ascend::moe_gating_top_k_hash(const at::Tensor&, int64_t, const std::optional<at::Tensor>&, const std::optional<at::Tensor>&, const std::optional<at::Tensor>&, int64_t, int64_t, double, double, int64_t, int64_t, int64_t, bool, const std::optional<at::Tensor>&, int64_t, int64_t)::<lambda()>]’ is deprecated: Please use std::optional::value_or instead of c10::value_or_else [-Wdeprecated-declarations]
  798 |     const at::Tensor& bias_vl = c10::value_or_else(bias_vl_opt, [] { return at::Tensor(); });
      |                                 ~~~~~~~~~~~~~~~~~~^~~~~~~~~~~~~~~~~~~~~~~~~~~~~~~~~~~~~~~~~~
/mnt/workspace/mhc-validation-20260930/venv/lib/python3.12/site-packages/torch/include/c10/util/Optional.h:40:1: note: declared here
   40 | value_or_else(const std::optional<T>& v, F&& func) {
      | ^~~~~~~~~~~~~
/mnt/workspace/hc-pre-reduction-20260930/full-plugin-source-v3/csrc/aclnn_torch_adapter/op_api_common.h:743:22: warning: narrowing conversion of ‘workspace_size’ from ‘uint64_t’ {aka ‘long unsigned int’} to ‘long int’ [-Wnarrowing]
  743 |           at::empty({workspace_size}, options.dtype(kByte));                  \
      |                      ^~~~~~~~~~~~~~
/mnt/workspace/hc-pre-reduction-20260930/full-plugin-source-v3/csrc/torch_binding.cpp:804:5: note: in expansion of macro ‘EXEC_NPU_CMD’
  804 |     EXEC_NPU_CMD(aclnnMoeGatingTopKHash,
      |     ^~~~~~~~~~~~
/mnt/workspace/hc-pre-reduction-20260930/full-plugin-source-v3/csrc/aclnn_torch_adapter/op_api_common.h:743:22: warning: narrowing conversion of ‘workspace_size’ from ‘uint64_t’ {aka ‘long unsigned int’} to ‘long int’ [-Wnarrowing]
  743 |           at::empty({workspace_size}, options.dtype(kByte));                  \
      |                      ^~~~~~~~~~~~~~
/mnt/workspace/hc-pre-reduction-20260930/full-plugin-source-v3/csrc/torch_binding.cpp:804:5: note: in expansion of macro ‘EXEC_NPU_CMD’
  804 |     EXEC_NPU_CMD(aclnnMoeGatingTopKHash,
      |     ^~~~~~~~~~~~
/mnt/workspace/hc-pre-reduction-20260930/full-plugin-source-v3/csrc/torch_binding.cpp: In function ‘std::tuple<at::Tensor> vllm_ascend::compressor(const at::Tensor&, const at::Tensor&, const at::Tensor&, at::Tensor&, const at::Tensor&, const at::Tensor&, const at::Tensor&, const at::Tensor&, const std::optional<at::Tensor>&, const std::optional<at::Tensor>&, const std::optional<at::Tensor>&, const std::optional<at::Tensor>&, int64_t, int64_t, int64_t, double, int64_t, int64_t)’:
/mnt/workspace/hc-pre-reduction-20260930/full-plugin-source-v3/csrc/aclnn_torch_adapter/op_api_common.h:743:22: warning: narrowing conversion of ‘workspace_size’ from ‘uint64_t’ {aka ‘long unsigned int’} to ‘long int’ [-Wnarrowing]
  743 |           at::empty({workspace_size}, options.dtype(kByte));                  \
      |                      ^~~~~~~~~~~~~~
/mnt/workspace/hc-pre-reduction-20260930/full-plugin-source-v3/csrc/torch_binding.cpp:912:5: note: in expansion of macro ‘EXEC_NPU_CMD’
  912 |     EXEC_NPU_CMD(aclnnCompressor, x, wkv, wgate, state_cache, ape, norm_weight, rope_sin, rope_cos,
      |     ^~~~~~~~~~~~
/mnt/workspace/hc-pre-reduction-20260930/full-plugin-source-v3/csrc/aclnn_torch_adapter/op_api_common.h:743:22: warning: narrowing conversion of ‘workspace_size’ from ‘uint64_t’ {aka ‘long unsigned int’} to ‘long int’ [-Wnarrowing]
  743 |           at::empty({workspace_size}, options.dtype(kByte));                  \
      |                      ^~~~~~~~~~~~~~
/mnt/workspace/hc-pre-reduction-20260930/full-plugin-source-v3/csrc/torch_binding.cpp:912:5: note: in expansion of macro ‘EXEC_NPU_CMD’
  912 |     EXEC_NPU_CMD(aclnnCompressor, x, wkv, wgate, state_cache, ape, norm_weight, rope_sin, rope_cos,
      |     ^~~~~~~~~~~~
/mnt/workspace/hc-pre-reduction-20260930/full-plugin-source-v3/csrc/torch_binding.cpp: In function ‘std::tuple<at::Tensor, at::Tensor, at::Tensor> vllm_ascend::compressor_metadata(const at::Tensor&, const at::Tensor&, const at::Tensor&, const at::Tensor&, const at::Tensor&, int64_t, int64_t, int64_t, int64_t, int64_t)’:
/mnt/workspace/hc-pre-reduction-20260930/full-plugin-source-v3/csrc/aclnn_torch_adapter/op_api_common.h:743:22: warning: narrowing conversion of ‘workspace_size’ from ‘uint64_t’ {aka ‘long unsigned int’} to ‘long int’ [-Wnarrowing]
  743 |           at::empty({workspace_size}, options.dtype(kByte));                  \
      |                      ^~~~~~~~~~~~~~
/mnt/workspace/hc-pre-reduction-20260930/full-plugin-source-v3/csrc/torch_binding.cpp:1008:5: note: in expansion of macro ‘EXEC_NPU_CMD’
 1008 |     EXEC_NPU_CMD(aclnnCompressorMetadata, rope_cos, rope_sin, cu_seqlens, start_pos, kv_block_table,
      |     ^~~~~~~~~~~~
/mnt/workspace/hc-pre-reduction-20260930/full-plugin-source-v3/csrc/aclnn_torch_adapter/op_api_common.h:743:22: warning: narrowing conversion of ‘workspace_size’ from ‘uint64_t’ {aka ‘long unsigned int’} to ‘long int’ [-Wnarrowing]
  743 |           at::empty({workspace_size}, options.dtype(kByte));                  \
      |                      ^~~~~~~~~~~~~~
/mnt/workspace/hc-pre-reduction-20260930/full-plugin-source-v3/csrc/torch_binding.cpp:1008:5: note: in expansion of macro ‘EXEC_NPU_CMD’
 1008 |     EXEC_NPU_CMD(aclnnCompressorMetadata, rope_cos, rope_sin, cu_seqlens, start_pos, kv_block_table,
      |     ^~~~~~~~~~~~
/mnt/workspace/hc-pre-reduction-20260930/full-plugin-source-v3/csrc/torch_binding.cpp: In function ‘std::tuple<at::Tensor, at::Tensor, at::Tensor> vllm_ascend::compressor_metadata_out(const at::Tensor&, const at::Tensor&, const at::Tensor&, const at::Tensor&, const at::Tensor&, int64_t, int64_t, int64_t, int64_t, at::Tensor&, at::Tensor&, at::Tensor&)’:
/mnt/workspace/hc-pre-reduction-20260930/full-plugin-source-v3/csrc/aclnn_torch_adapter/op_api_common.h:743:22: warning: narrowing conversion of ‘workspace_size’ from ‘uint64_t’ {aka ‘long unsigned int’} to ‘long int’ [-Wnarrowing]
  743 |           at::empty({workspace_size}, options.dtype(kByte));                  \
      |                      ^~~~~~~~~~~~~~
/mnt/workspace/hc-pre-reduction-20260930/full-plugin-source-v3/csrc/torch_binding.cpp:1025:5: note: in expansion of macro ‘EXEC_NPU_CMD’
 1025 |     EXEC_NPU_CMD(aclnnCompressorMetadata, rope_cos, rope_sin, cu_seqlens, start_pos, kv_block_table,
      |     ^~~~~~~~~~~~
/mnt/workspace/hc-pre-reduction-20260930/full-plugin-source-v3/csrc/aclnn_torch_adapter/op_api_common.h:743:22: warning: narrowing conversion of ‘workspace_size’ from ‘uint64_t’ {aka ‘long unsigned int’} to ‘long int’ [-Wnarrowing]
  743 |           at::empty({workspace_size}, options.dtype(kByte));                  \
      |                      ^~~~~~~~~~~~~~
/mnt/workspace/hc-pre-reduction-20260930/full-plugin-source-v3/csrc/torch_binding.cpp:1025:5: note: in expansion of macro ‘EXEC_NPU_CMD’
 1025 |     EXEC_NPU_CMD(aclnnCompressorMetadata, rope_cos, rope_sin, cu_seqlens, start_pos, kv_block_table,
      |     ^~~~~~~~~~~~
/mnt/workspace/hc-pre-reduction-20260930/full-plugin-source-v3/csrc/torch_binding.cpp: In function ‘std::tuple<at::Tensor, at::Tensor> vllm_ascend::npu_quant_lightning_indexer_v2_npu(const at::Tensor&, const at::Tensor&, const at::Tensor&, const at::Tensor&, const at::Tensor&, int64_t, int64_t, const std::optional<at::Tensor>&, const std::optional<at::Tensor>&, const std::optional<at::Tensor>&, const std::optional<at::Tensor>&, const std::optional<at::Tensor>&, const std::optional<at::Tensor>&, const std::optional<at::Tensor>&, const std::optional<at::Tensor>&, int64_t, c10::string_view, c10::string_view, int64_t, int64_t, int64_t)’:
/mnt/workspace/hc-pre-reduction-20260930/full-plugin-source-v3/csrc/aclnn_torch_adapter/op_api_common.h:743:22: warning: narrowing conversion of ‘workspace_size’ from ‘uint64_t’ {aka ‘long unsigned int’} to ‘long int’ [-Wnarrowing]
  743 |           at::empty({workspace_size}, options.dtype(kByte));                  \
      |                      ^~~~~~~~~~~~~~
/mnt/workspace/hc-pre-reduction-20260930/full-plugin-source-v3/csrc/torch_binding.cpp:1102:5: note: in expansion of macro ‘EXEC_NPU_CMD’
 1102 |     EXEC_NPU_CMD(aclnnQuantLightningIndexerV2, query, key, weights, query_dequant_scale, key_dequant_scale,
      |     ^~~~~~~~~~~~
/mnt/workspace/hc-pre-reduction-20260930/full-plugin-source-v3/csrc/aclnn_torch_adapter/op_api_common.h:743:22: warning: narrowing conversion of ‘workspace_size’ from ‘uint64_t’ {aka ‘long unsigned int’} to ‘long int’ [-Wnarrowing]
  743 |           at::empty({workspace_size}, options.dtype(kByte));                  \
      |                      ^~~~~~~~~~~~~~
/mnt/workspace/hc-pre-reduction-20260930/full-plugin-source-v3/csrc/torch_binding.cpp:1102:5: note: in expansion of macro ‘EXEC_NPU_CMD’
 1102 |     EXEC_NPU_CMD(aclnnQuantLightningIndexerV2, query, key, weights, query_dequant_scale, key_dequant_scale,
      |     ^~~~~~~~~~~~
/mnt/workspace/hc-pre-reduction-20260930/full-plugin-source-v3/csrc/torch_binding.cpp: In function ‘std::tuple<at::Tensor, at::Tensor> vllm_ascend::npu_sparse_attn_sharedkv_npu(const at::Tensor&, const std::optional<at::Tensor>&, const std::optional<at::Tensor>&, const std::optional<at::Tensor>&, const std::optional<at::Tensor>&, const std::optional<at::Tensor>&, const std::optional<at::Tensor>&, const std::optional<at::Tensor>&, const std::optional<at::Tensor>&, const std::optional<at::Tensor>&, const std::optional<at::Tensor>&, const std::optional<at::Tensor>&, const std::optional<at::Tensor>&, const std::optional<at::Tensor>&, double, int64_t, int64_t, int64_t, int64_t, int64_t, c10::string_view, c10::string_view, bool)’:
/mnt/workspace/hc-pre-reduction-20260930/full-plugin-source-v3/csrc/aclnn_torch_adapter/op_api_common.h:743:22: warning: narrowing conversion of ‘workspace_size’ from ‘uint64_t’ {aka ‘long unsigned int’} to ‘long int’ [-Wnarrowing]
  743 |           at::empty({workspace_size}, options.dtype(kByte));                  \
      |                      ^~~~~~~~~~~~~~
/mnt/workspace/hc-pre-reduction-20260930/full-plugin-source-v3/csrc/torch_binding.cpp:1185:5: note: in expansion of macro ‘EXEC_NPU_CMD’
 1185 |     EXEC_NPU_CMD(aclnnSparseAttnSharedkv, q, ori_kv, cmp_kv, ori_sparse_indices, cmp_sparse_indices,
      |     ^~~~~~~~~~~~
/mnt/workspace/hc-pre-reduction-20260930/full-plugin-source-v3/csrc/aclnn_torch_adapter/op_api_common.h:743:22: warning: narrowing conversion of ‘workspace_size’ from ‘uint64_t’ {aka ‘long unsigned int’} to ‘long int’ [-Wnarrowing]
  743 |           at::empty({workspace_size}, options.dtype(kByte));                  \
      |                      ^~~~~~~~~~~~~~
/mnt/workspace/hc-pre-reduction-20260930/full-plugin-source-v3/csrc/torch_binding.cpp:1185:5: note: in expansion of macro ‘EXEC_NPU_CMD’
 1185 |     EXEC_NPU_CMD(aclnnSparseAttnSharedkv, q, ori_kv, cmp_kv, ori_sparse_indices, cmp_sparse_indices,
      |     ^~~~~~~~~~~~
/mnt/workspace/hc-pre-reduction-20260930/full-plugin-source-v3/csrc/torch_binding.cpp: In function ‘at::Tensor vllm_ascend::npu_sparse_attn_sharedkv_metadata_npu(int64_t, int64_t, int64_t, const std::optional<at::Tensor>&, const std::optional<at::Tensor>&, const std::optional<at::Tensor>&, const std::optional<at::Tensor>&, const std::optional<at::Tensor>&, int64_t, int64_t, int64_t, int64_t, int64_t, int64_t, int64_t, int64_t, int64_t, int64_t, c10::string_view, c10::string_view, bool, bool, c10::string_view)’:
/mnt/workspace/hc-pre-reduction-20260930/full-plugin-source-v3/csrc/aclnn_torch_adapter/op_api_common.h:743:22: warning: narrowing conversion of ‘workspace_size’ from ‘uint64_t’ {aka ‘long unsigned int’} to ‘long int’ [-Wnarrowing]
  743 |           at::empty({workspace_size}, options.dtype(kByte));                  \
      |                      ^~~~~~~~~~~~~~
/mnt/workspace/hc-pre-reduction-20260930/full-plugin-source-v3/csrc/torch_binding.cpp:1247:5: note: in expansion of macro ‘EXEC_NPU_CMD’
 1247 |     EXEC_NPU_CMD(aclnnSparseAttnSharedkvMetadata, cu_seqlens_q_val, cu_seqlens_ori_kv_val, cu_seqlens_cmp_kv_val, seqused_q_val,
      |     ^~~~~~~~~~~~
/mnt/workspace/hc-pre-reduction-20260930/full-plugin-source-v3/csrc/aclnn_torch_adapter/op_api_common.h:743:22: warning: narrowing conversion of ‘workspace_size’ from ‘uint64_t’ {aka ‘long unsigned int’} to ‘long int’ [-Wnarrowing]
  743 |           at::empty({workspace_size}, options.dtype(kByte));                  \
      |                      ^~~~~~~~~~~~~~
/mnt/workspace/hc-pre-reduction-20260930/full-plugin-source-v3/csrc/torch_binding.cpp:1247:5: note: in expansion of macro ‘EXEC_NPU_CMD’
 1247 |     EXEC_NPU_CMD(aclnnSparseAttnSharedkvMetadata, cu_seqlens_q_val, cu_seqlens_ori_kv_val, cu_seqlens_cmp_kv_val, seqused_q_val,
      |     ^~~~~~~~~~~~
/mnt/workspace/hc-pre-reduction-20260930/full-plugin-source-v3/csrc/torch_binding.cpp: In function ‘at::Tensor vllm_ascend::npu_quant_lightning_indexer_v2_metadata_npu(int64_t, int64_t, int64_t, int64_t, int64_t, const std::optional<at::Tensor>&, const std::optional<at::Tensor>&, const std::optional<at::Tensor>&, const std::optional<at::Tensor>&, const std::optional<at::Tensor>&, int64_t, int64_t, int64_t, c10::string_view, c10::string_view, int64_t, int64_t, c10::string_view)’:
/mnt/workspace/hc-pre-reduction-20260930/full-plugin-source-v3/csrc/aclnn_torch_adapter/op_api_common.h:743:22: warning: narrowing conversion of ‘workspace_size’ from ‘uint64_t’ {aka ‘long unsigned int’} to ‘long int’ [-Wnarrowing]
  743 |           at::empty({workspace_size}, options.dtype(kByte));                  \
      |                      ^~~~~~~~~~~~~~
/mnt/workspace/hc-pre-reduction-20260930/full-plugin-source-v3/csrc/torch_binding.cpp:1288:5: note: in expansion of macro ‘EXEC_NPU_CMD’
 1288 |     EXEC_NPU_CMD(aclnnQuantLightningIndexerV2Metadata, cu_seqlens_q_val, cu_seqlens_k_val, seqused_q_val, seqused_k_val,
      |     ^~~~~~~~~~~~
/mnt/workspace/hc-pre-reduction-20260930/full-plugin-source-v3/csrc/aclnn_torch_adapter/op_api_common.h:743:22: warning: narrowing conversion of ‘workspace_size’ from ‘uint64_t’ {aka ‘long unsigned int’} to ‘long int’ [-Wnarrowing]
  743 |           at::empty({workspace_size}, options.dtype(kByte));                  \
      |                      ^~~~~~~~~~~~~~
/mnt/workspace/hc-pre-reduction-20260930/full-plugin-source-v3/csrc/torch_binding.cpp:1288:5: note: in expansion of macro ‘EXEC_NPU_CMD’
 1288 |     EXEC_NPU_CMD(aclnnQuantLightningIndexerV2Metadata, cu_seqlens_q_val, cu_seqlens_k_val, seqused_q_val, seqused_k_val,
      |     ^~~~~~~~~~~~
/mnt/workspace/hc-pre-reduction-20260930/full-plugin-source-v3/csrc/torch_binding.cpp: In function ‘at::Tensor vllm_ascend::npu_hc_post_npu(const at::Tensor&, const at::Tensor&, const at::Tensor&, const at::Tensor&)’:
/mnt/workspace/hc-pre-reduction-20260930/full-plugin-source-v3/csrc/aclnn_torch_adapter/op_api_common.h:743:22: warning: narrowing conversion of ‘workspace_size’ from ‘uint64_t’ {aka ‘long unsigned int’} to ‘long int’ [-Wnarrowing]
  743 |           at::empty({workspace_size}, options.dtype(kByte));                  \
      |                      ^~~~~~~~~~~~~~
/mnt/workspace/hc-pre-reduction-20260930/full-plugin-source-v3/csrc/torch_binding.cpp:1353:5: note: in expansion of macro ‘EXEC_NPU_CMD’
 1353 |     EXEC_NPU_CMD(aclnnHcPost, x, residual, post, comb, out);
      |     ^~~~~~~~~~~~
/mnt/workspace/hc-pre-reduction-20260930/full-plugin-source-v3/csrc/aclnn_torch_adapter/op_api_common.h:743:22: warning: narrowing conversion of ‘workspace_size’ from ‘uint64_t’ {aka ‘long unsigned int’} to ‘long int’ [-Wnarrowing]
  743 |           at::empty({workspace_size}, options.dtype(kByte));                  \
      |                      ^~~~~~~~~~~~~~
/mnt/workspace/hc-pre-reduction-20260930/full-plugin-source-v3/csrc/torch_binding.cpp:1353:5: note: in expansion of macro ‘EXEC_NPU_CMD’
 1353 |     EXEC_NPU_CMD(aclnnHcPost, x, residual, post, comb, out);
      |     ^~~~~~~~~~~~
/mnt/workspace/hc-pre-reduction-20260930/full-plugin-source-v3/csrc/torch_binding.cpp: In function ‘std::tuple<at::Tensor, at::Tensor, at::Tensor, at::Tensor> vllm_ascend::run_hc_pre_fusion(const at::Tensor&, const at::Tensor&, const at::Tensor&, const at::Tensor&, const std::optional<at::Tensor>&, int64_t, int64_t, double, double)’:
/mnt/workspace/hc-pre-reduction-20260930/full-plugin-source-v3/csrc/aclnn_torch_adapter/op_api_common.h:743:22: warning: narrowing conversion of ‘workspace_size’ from ‘uint64_t’ {aka ‘long unsigned int’} to ‘long int’ [-Wnarrowing]
  743 |           at::empty({workspace_size}, options.dtype(kByte));                  \
      |                      ^~~~~~~~~~~~~~
/mnt/workspace/hc-pre-reduction-20260930/full-plugin-source-v3/csrc/torch_binding.cpp:1456:5: note: in expansion of macro ‘EXEC_NPU_CMD’
 1456 |     EXEC_NPU_CMD(aclnnHcPre, x, hc_fn, hc_scale, hc_base, pre_mix, hc_mult, hc_sinkhorn_iters, hc_eps, norm_eps,
      |     ^~~~~~~~~~~~
/mnt/workspace/hc-pre-reduction-20260930/full-plugin-source-v3/csrc/aclnn_torch_adapter/op_api_common.h:743:22: warning: narrowing conversion of ‘workspace_size’ from ‘uint64_t’ {aka ‘long unsigned int’} to ‘long int’ [-Wnarrowing]
  743 |           at::empty({workspace_size}, options.dtype(kByte));                  \
      |                      ^~~~~~~~~~~~~~
/mnt/workspace/hc-pre-reduction-20260930/full-plugin-source-v3/csrc/torch_binding.cpp:1456:5: note: in expansion of macro ‘EXEC_NPU_CMD’
 1456 |     EXEC_NPU_CMD(aclnnHcPre, x, hc_fn, hc_scale, hc_base, pre_mix, hc_mult, hc_sinkhorn_iters, hc_eps, norm_eps,
      |     ^~~~~~~~~~~~
/mnt/workspace/hc-pre-reduction-20260930/full-plugin-source-v3/csrc/torch_binding.cpp: In function ‘void vllm_ascend::inplace_partial_rotary_mul_npu(at::Tensor&, const at::Tensor&, const at::Tensor&, c10::string_view, at::IntArrayRef, bool)’:
/mnt/workspace/hc-pre-reduction-20260930/full-plugin-source-v3/csrc/aclnn_torch_adapter/op_api_common.h:743:22: warning: narrowing conversion of ‘workspace_size’ from ‘uint64_t’ {aka ‘long unsigned int’} to ‘long int’ [-Wnarrowing]
  743 |           at::empty({workspace_size}, options.dtype(kByte));                  \
      |                      ^~~~~~~~~~~~~~
/mnt/workspace/hc-pre-reduction-20260930/full-plugin-source-v3/csrc/torch_binding.cpp:1499:5: note: in expansion of macro ‘EXEC_NPU_CMD’
 1499 |     EXEC_NPU_CMD(aclnnInplacePartialRotaryMul, x, r1, r2, it->second, partial_slice, negate_sin);
      |     ^~~~~~~~~~~~
/mnt/workspace/hc-pre-reduction-20260930/full-plugin-source-v3/csrc/aclnn_torch_adapter/op_api_common.h:743:22: warning: narrowing conversion of ‘workspace_size’ from ‘uint64_t’ {aka ‘long unsigned int’} to ‘long int’ [-Wnarrowing]
  743 |           at::empty({workspace_size}, options.dtype(kByte));                  \
      |                      ^~~~~~~~~~~~~~
/mnt/workspace/hc-pre-reduction-20260930/full-plugin-source-v3/csrc/torch_binding.cpp:1499:5: note: in expansion of macro ‘EXEC_NPU_CMD’
 1499 |     EXEC_NPU_CMD(aclnnInplacePartialRotaryMul, x, r1, r2, it->second, partial_slice, negate_sin);
      |     ^~~~~~~~~~~~
/mnt/workspace/hc-pre-reduction-20260930/full-plugin-source-v3/csrc/torch_binding.cpp: In function ‘std::tuple<at::Tensor, at::Tensor> vllm_ascend::npu_rms_norm_dynamic_quant_npu(const at::Tensor&, const at::Tensor&, const std::optional<at::Tensor>&, const std::optional<at::Tensor>&, double)’:
/mnt/workspace/hc-pre-reduction-20260930/full-plugin-source-v3/csrc/aclnn_torch_adapter/op_api_common.h:743:22: warning: narrowing conversion of ‘workspace_size’ from ‘uint64_t’ {aka ‘long unsigned int’} to ‘long int’ [-Wnarrowing]
  743 |           at::empty({workspace_size}, options.dtype(kByte));                  \
      |                      ^~~~~~~~~~~~~~
/mnt/workspace/hc-pre-reduction-20260930/full-plugin-source-v3/csrc/torch_binding.cpp:1530:5: note: in expansion of macro ‘EXEC_NPU_CMD’
 1530 |     EXEC_NPU_CMD(aclnnRmsNormDynamicQuant, x, gamma, smooth_scale, smooth_scale2, beta, epsilon, output_mask, dst_type,
      |     ^~~~~~~~~~~~
/mnt/workspace/hc-pre-reduction-20260930/full-plugin-source-v3/csrc/aclnn_torch_adapter/op_api_common.h:743:22: warning: narrowing conversion of ‘workspace_size’ from ‘uint64_t’ {aka ‘long unsigned int’} to ‘long int’ [-Wnarrowing]
  743 |           at::empty({workspace_size}, options.dtype(kByte));                  \
      |                      ^~~~~~~~~~~~~~
/mnt/workspace/hc-pre-reduction-20260930/full-plugin-source-v3/csrc/torch_binding.cpp:1530:5: note: in expansion of macro ‘EXEC_NPU_CMD’
 1530 |     EXEC_NPU_CMD(aclnnRmsNormDynamicQuant, x, gamma, smooth_scale, smooth_scale2, beta, epsilon, output_mask, dst_type,
      |     ^~~~~~~~~~~~
/mnt/workspace/hc-pre-reduction-20260930/full-plugin-source-v3/csrc/torch_binding.cpp: In function ‘void vllm_ascend::kv_compress_epilog_npu(at::Tensor&, const at::Tensor&, const at::Tensor&, int64_t, int64_t, bool, int64_t)’:
/mnt/workspace/hc-pre-reduction-20260930/full-plugin-source-v3/csrc/aclnn_torch_adapter/op_api_common.h:743:22: warning: narrowing conversion of ‘workspace_size’ from ‘uint64_t’ {aka ‘long unsigned int’} to ‘long int’ [-Wnarrowing]
  743 |           at::empty({workspace_size}, options.dtype(kByte));                  \
      |                      ^~~~~~~~~~~~~~
/mnt/workspace/hc-pre-reduction-20260930/full-plugin-source-v3/csrc/torch_binding.cpp:1580:5: note: in expansion of macro ‘EXEC_NPU_CMD’
 1580 |     EXEC_NPU_CMD(aclnnKvCompressEpilog, cache, x, slot_mapping, quant_group_size, quant_mode, round_scale,
      |     ^~~~~~~~~~~~
/mnt/workspace/hc-pre-reduction-20260930/full-plugin-source-v3/csrc/aclnn_torch_adapter/op_api_common.h:743:22: warning: narrowing conversion of ‘workspace_size’ from ‘uint64_t’ {aka ‘long unsigned int’} to ‘long int’ [-Wnarrowing]
  743 |           at::empty({workspace_size}, options.dtype(kByte));                  \
      |                      ^~~~~~~~~~~~~~
/mnt/workspace/hc-pre-reduction-20260930/full-plugin-source-v3/csrc/torch_binding.cpp:1580:5: note: in expansion of macro ‘EXEC_NPU_CMD’
 1580 |     EXEC_NPU_CMD(aclnnKvCompressEpilog, cache, x, slot_mapping, quant_group_size, quant_mode, round_scale,
      |     ^~~~~~~~~~~~
/mnt/workspace/hc-pre-reduction-20260930/full-plugin-source-v3/csrc/torch_binding.cpp: In function ‘std::tuple<at::Tensor, at::Tensor> vllm_ascend::npu_kv_quant_sparse_attn_sharedkv_npu(const at::Tensor&, int64_t, const std::optional<at::Tensor>&, const std::optional<at::Tensor>&, const std::optional<at::Tensor>&, const std::optional<at::Tensor>&, const std::optional<at::Tensor>&, const std::optional<at::Tensor>&, const std::optional<at::Tensor>&, const std::optional<at::Tensor>&, const std::optional<at::Tensor>&, const std::optional<at::Tensor>&, const std::optional<at::Tensor>&, const std::optional<at::Tensor>&, const std::optional<at::Tensor>&, int64_t, int64_t, double, int64_t, int64_t, int64_t, int64_t, int64_t, c10::string_view, c10::string_view, bool)’:
/mnt/workspace/hc-pre-reduction-20260930/full-plugin-source-v3/csrc/aclnn_torch_adapter/op_api_common.h:743:22: warning: narrowing conversion of ‘workspace_size’ from ‘uint64_t’ {aka ‘long unsigned int’} to ‘long int’ [-Wnarrowing]
  743 |           at::empty({workspace_size}, options.dtype(kByte));                  \
      |                      ^~~~~~~~~~~~~~
/mnt/workspace/hc-pre-reduction-20260930/full-plugin-source-v3/csrc/torch_binding.cpp:1629:5: note: in expansion of macro ‘EXEC_NPU_CMD’
 1629 |     EXEC_NPU_CMD(aclnnKvQuantSparseAttnSharedkv, q, ori_kv, cmp_kv, ori_sparse_indices, cmp_sparse_indices,
      |     ^~~~~~~~~~~~
/mnt/workspace/hc-pre-reduction-20260930/full-plugin-source-v3/csrc/aclnn_torch_adapter/op_api_common.h:743:22: warning: narrowing conversion of ‘workspace_size’ from ‘uint64_t’ {aka ‘long unsigned int’} to ‘long int’ [-Wnarrowing]
  743 |           at::empty({workspace_size}, options.dtype(kByte));                  \
      |                      ^~~~~~~~~~~~~~
/mnt/workspace/hc-pre-reduction-20260930/full-plugin-source-v3/csrc/torch_binding.cpp:1629:5: note: in expansion of macro ‘EXEC_NPU_CMD’
 1629 |     EXEC_NPU_CMD(aclnnKvQuantSparseAttnSharedkv, q, ori_kv, cmp_kv, ori_sparse_indices, cmp_sparse_indices,
      |     ^~~~~~~~~~~~
/mnt/workspace/hc-pre-reduction-20260930/full-plugin-source-v3/csrc/torch_binding.cpp: In function ‘at::Tensor vllm_ascend::npu_kv_quant_sparse_attn_sharedkv_metadata_npu(int64_t, int64_t, int64_t, int64_t, const std::optional<at::Tensor>&, const std::optional<at::Tensor>&, const std::optional<at::Tensor>&, const std::optional<at::Tensor>&, const std::optional<at::Tensor>&, int64_t, int64_t, int64_t, int64_t, int64_t, int64_t, int64_t, int64_t, int64_t, int64_t, int64_t, int64_t, c10::string_view, c10::string_view, bool, bool, c10::string_view)’:
/mnt/workspace/hc-pre-reduction-20260930/full-plugin-source-v3/csrc/aclnn_torch_adapter/op_api_common.h:743:22: warning: narrowing conversion of ‘workspace_size’ from ‘uint64_t’ {aka ‘long unsigned int’} to ‘long int’ [-Wnarrowing]
  743 |           at::empty({workspace_size}, options.dtype(kByte));                  \
      |                      ^~~~~~~~~~~~~~
/mnt/workspace/hc-pre-reduction-20260930/full-plugin-source-v3/csrc/torch_binding.cpp:1692:5: note: in expansion of macro ‘EXEC_NPU_CMD’
 1692 |     EXEC_NPU_CMD(aclnnKvQuantSparseAttnSharedkvMetadata, cu_seqlens_q_val, cu_seqlens_ori_kv_val,
      |     ^~~~~~~~~~~~
/mnt/workspace/hc-pre-reduction-20260930/full-plugin-source-v3/csrc/aclnn_torch_adapter/op_api_common.h:743:22: warning: narrowing conversion of ‘workspace_size’ from ‘uint64_t’ {aka ‘long unsigned int’} to ‘long int’ [-Wnarrowing]
  743 |           at::empty({workspace_size}, options.dtype(kByte));                  \
      |                      ^~~~~~~~~~~~~~
/mnt/workspace/hc-pre-reduction-20260930/full-plugin-source-v3/csrc/torch_binding.cpp:1692:5: note: in expansion of macro ‘EXEC_NPU_CMD’
 1692 |     EXEC_NPU_CMD(aclnnKvQuantSparseAttnSharedkvMetadata, cu_seqlens_q_val, cu_seqlens_ori_kv_val,
      |     ^~~~~~~~~~~~
/mnt/workspace/hc-pre-reduction-20260930/full-plugin-source-v3/csrc/torch_binding.cpp: In function ‘std::tuple<at::Tensor, at::Tensor, at::Tensor> vllm_ascend::npu_swiglu_group_quant_npu(const at::Tensor&, const std::optional<at::Tensor>&, const std::optional<at::Tensor>&, c10::ScalarType, int64_t, int64_t, bool, bool, bool, int64_t, double)’:
/mnt/workspace/hc-pre-reduction-20260930/full-plugin-source-v3/csrc/aclnn_torch_adapter/op_api_common.h:743:22: warning: narrowing conversion of ‘workspace_size’ from ‘uint64_t’ {aka ‘long unsigned int’} to ‘long int’ [-Wnarrowing]
  743 |           at::empty({workspace_size}, options.dtype(kByte));                  \
      |                      ^~~~~~~~~~~~~~
/mnt/workspace/hc-pre-reduction-20260930/full-plugin-source-v3/csrc/torch_binding.cpp:1796:5: note: in expansion of macro ‘EXEC_NPU_CMD’
 1796 |     EXEC_NPU_CMD(aclnnSwigluGroupQuant, x, topk_weight, group_index, dst_type_code, quant_mode, group_size,
      |     ^~~~~~~~~~~~
/mnt/workspace/hc-pre-reduction-20260930/full-plugin-source-v3/csrc/aclnn_torch_adapter/op_api_common.h:743:22: warning: narrowing conversion of ‘workspace_size’ from ‘uint64_t’ {aka ‘long unsigned int’} to ‘long int’ [-Wnarrowing]
  743 |           at::empty({workspace_size}, options.dtype(kByte));                  \
      |                      ^~~~~~~~~~~~~~
/mnt/workspace/hc-pre-reduction-20260930/full-plugin-source-v3/csrc/torch_binding.cpp:1796:5: note: in expansion of macro ‘EXEC_NPU_CMD’
 1796 |     EXEC_NPU_CMD(aclnnSwigluGroupQuant, x, topk_weight, group_index, dst_type_code, quant_mode, group_size,
      |     ^~~~~~~~~~~~
/mnt/workspace/hc-pre-reduction-20260930/full-plugin-source-v3/csrc/torch_binding.cpp: In function ‘void vllm_ascend::indexer_compress_epilog_v2_npu(at::Tensor&, const at::Tensor&, const at::Tensor&, int64_t)’:
/mnt/workspace/hc-pre-reduction-20260930/full-plugin-source-v3/csrc/aclnn_torch_adapter/op_api_common.h:743:22: warning: narrowing conversion of ‘workspace_size’ from ‘uint64_t’ {aka ‘long unsigned int’} to ‘long int’ [-Wnarrowing]
  743 |           at::empty({workspace_size}, options.dtype(kByte));                  \
      |                      ^~~~~~~~~~~~~~
/mnt/workspace/hc-pre-reduction-20260930/full-plugin-source-v3/csrc/torch_binding.cpp:1809:5: note: in expansion of macro ‘EXEC_NPU_CMD’
 1809 |     EXEC_NPU_CMD(aclnnIndexerCompressEpilogV2, indexer_compress_cache, x, slot_mapping, layout,
      |     ^~~~~~~~~~~~
/mnt/workspace/hc-pre-reduction-20260930/full-plugin-source-v3/csrc/aclnn_torch_adapter/op_api_common.h:743:22: warning: narrowing conversion of ‘workspace_size’ from ‘uint64_t’ {aka ‘long unsigned int’} to ‘long int’ [-Wnarrowing]
  743 |           at::empty({workspace_size}, options.dtype(kByte));                  \
      |                      ^~~~~~~~~~~~~~
/mnt/workspace/hc-pre-reduction-20260930/full-plugin-source-v3/csrc/torch_binding.cpp:1809:5: note: in expansion of macro ‘EXEC_NPU_CMD’
 1809 |     EXEC_NPU_CMD(aclnnIndexerCompressEpilogV2, indexer_compress_cache, x, slot_mapping, layout,
      |     ^~~~~~~~~~~~
/mnt/workspace/hc-pre-reduction-20260930/full-plugin-source-v3/csrc/torch_binding.cpp: In function ‘std::tuple<at::Tensor, at::Tensor> vllm_ascend::npu_dequant_swiglu_quant(const at::Tensor&, const std::optional<at::Tensor>&, const std::optional<at::Tensor>&, const std::optional<at::Tensor>&, const std::optional<at::Tensor>&, const std::optional<at::Tensor>&, const std::optional<at::Tensor>&, bool, int64_t, int64_t, double, double, double)’:
/mnt/workspace/hc-pre-reduction-20260930/full-plugin-source-v3/csrc/torch_binding.cpp:1850:62: warning: ‘constexpr T c10::value_or_else(const std::optional<_Tp>&, F&&) [with T = at::Tensor; F = vllm_ascend::npu_dequant_swiglu_quant(const at::Tensor&, const std::optional<at::Tensor>&, const std::optional<at::Tensor>&, const std::optional<at::Tensor>&, const std::optional<at::Tensor>&, const std::optional<at::Tensor>&, const std::optional<at::Tensor>&, bool, int64_t, int64_t, double, double, double)::<lambda()>]’ is deprecated: Please use std::optional::value_or instead of c10::value_or_else [-Wdeprecated-declarations]
 1850 |     const at::Tensor& weight_scale_value = c10::value_or_else(weight_scale, [] { return at::Tensor(); });
      |                                            ~~~~~~~~~~~~~~~~~~^~~~~~~~~~~~~~~~~~~~~~~~~~~~~~~~~~~~~~~~~~~
/mnt/workspace/mhc-validation-20260930/venv/lib/python3.12/site-packages/torch/include/c10/util/Optional.h:40:1: note: declared here
   40 | value_or_else(const std::optional<T>& v, F&& func) {
      | ^~~~~~~~~~~~~
/mnt/workspace/hc-pre-reduction-20260930/full-plugin-source-v3/csrc/torch_binding.cpp:1851:64: warning: ‘constexpr T c10::value_or_else(const std::optional<_Tp>&, F&&) [with T = at::Tensor; F = vllm_ascend::npu_dequant_swiglu_quant(const at::Tensor&, const std::optional<at::Tensor>&, const std::optional<at::Tensor>&, const std::optional<at::Tensor>&, const std::optional<at::Tensor>&, const std::optional<at::Tensor>&, const std::optional<at::Tensor>&, bool, int64_t, int64_t, double, double, double)::<lambda()>]’ is deprecated: Please use std::optional::value_or instead of c10::value_or_else [-Wdeprecated-declarations]
 1851 |     const at::Tensor& activation_scale_opt = c10::value_or_else(activation_scale, [] { return at::Tensor(); });
      |                                              ~~~~~~~~~~~~~~~~~~^~~~~~~~~~~~~~~~~~~~~~~~~~~~~~~~~~~~~~~~~~~~~~~
/mnt/workspace/mhc-validation-20260930/venv/lib/python3.12/site-packages/torch/include/c10/util/Optional.h:40:1: note: declared here
   40 | value_or_else(const std::optional<T>& v, F&& func) {
      | ^~~~~~~~~~~~~
/mnt/workspace/hc-pre-reduction-20260930/full-plugin-source-v3/csrc/torch_binding.cpp:1852:52: warning: ‘constexpr T c10::value_or_else(const std::optional<_Tp>&, F&&) [with T = at::Tensor; F = vllm_ascend::npu_dequant_swiglu_quant(const at::Tensor&, const std::optional<at::Tensor>&, const std::optional<at::Tensor>&, const std::optional<at::Tensor>&, const std::optional<at::Tensor>&, const std::optional<at::Tensor>&, const std::optional<at::Tensor>&, bool, int64_t, int64_t, double, double, double)::<lambda()>]’ is deprecated: Please use std::optional::value_or instead of c10::value_or_else [-Wdeprecated-declarations]
 1852 |     const at::Tensor& bias_opt = c10::value_or_else(bias, [] { return at::Tensor(); });
      |                                  ~~~~~~~~~~~~~~~~~~^~~~~~~~~~~~~~~~~~~~~~~~~~~~~~~~~~~
/mnt/workspace/mhc-validation-20260930/venv/lib/python3.12/site-packages/torch/include/c10/util/Optional.h:40:1: note: declared here
   40 | value_or_else(const std::optional<T>& v, F&& func) {
      | ^~~~~~~~~~~~~
/mnt/workspace/hc-pre-reduction-20260930/full-plugin-source-v3/csrc/torch_binding.cpp:1853:59: warning: ‘constexpr T c10::value_or_else(const std::optional<_Tp>&, F&&) [with T = at::Tensor; F = vllm_ascend::npu_dequant_swiglu_quant(const at::Tensor&, const std::optional<at::Tensor>&, const std::optional<at::Tensor>&, const std::optional<at::Tensor>&, const std::optional<at::Tensor>&, const std::optional<at::Tensor>&, const std::optional<at::Tensor>&, bool, int64_t, int64_t, double, double, double)::<lambda()>]’ is deprecated: Please use std::optional::value_or instead of c10::value_or_else [-Wdeprecated-declarations]
 1853 |     const at::Tensor& quant_scale_opt = c10::value_or_else(quant_scale, [] { return at::Tensor(); });
      |                                         ~~~~~~~~~~~~~~~~~~^~~~~~~~~~~~~~~~~~~~~~~~~~~~~~~~~~~~~~~~~~
/mnt/workspace/mhc-validation-20260930/venv/lib/python3.12/site-packages/torch/include/c10/util/Optional.h:40:1: note: declared here
   40 | value_or_else(const std::optional<T>& v, F&& func) {
      | ^~~~~~~~~~~~~
/mnt/workspace/hc-pre-reduction-20260930/full-plugin-source-v3/csrc/torch_binding.cpp:1854:60: warning: ‘constexpr T c10::value_or_else(const std::optional<_Tp>&, F&&) [with T = at::Tensor; F = vllm_ascend::npu_dequant_swiglu_quant(const at::Tensor&, const std::optional<at::Tensor>&, const std::optional<at::Tensor>&, const std::optional<at::Tensor>&, const std::optional<at::Tensor>&, const std::optional<at::Tensor>&, const std::optional<at::Tensor>&, bool, int64_t, int64_t, double, double, double)::<lambda()>]’ is deprecated: Please use std::optional::value_or instead of c10::value_or_else [-Wdeprecated-declarations]
 1854 |     const at::Tensor& quant_offset_opt = c10::value_or_else(quant_offset, [] { return at::Tensor(); });
      |                                          ~~~~~~~~~~~~~~~~~~^~~~~~~~~~~~~~~~~~~~~~~~~~~~~~~~~~~~~~~~~~~
/mnt/workspace/mhc-validation-20260930/venv/lib/python3.12/site-packages/torch/include/c10/util/Optional.h:40:1: note: declared here
   40 | value_or_else(const std::optional<T>& v, F&& func) {
      | ^~~~~~~~~~~~~
/mnt/workspace/hc-pre-reduction-20260930/full-plugin-source-v3/csrc/torch_binding.cpp:1855:59: warning: ‘constexpr T c10::value_or_else(const std::optional<_Tp>&, F&&) [with T = at::Tensor; F = vllm_ascend::npu_dequant_swiglu_quant(const at::Tensor&, const std::optional<at::Tensor>&, const std::optional<at::Tensor>&, const std::optional<at::Tensor>&, const std::optional<at::Tensor>&, const std::optional<at::Tensor>&, const std::optional<at::Tensor>&, bool, int64_t, int64_t, double, double, double)::<lambda()>]’ is deprecated: Please use std::optional::value_or instead of c10::value_or_else [-Wdeprecated-declarations]
 1855 |     const at::Tensor& group_index_opt = c10::value_or_else(group_index, [] { return at::Tensor(); });
      |                                         ~~~~~~~~~~~~~~~~~~^~~~~~~~~~~~~~~~~~~~~~~~~~~~~~~~~~~~~~~~~~
/mnt/workspace/mhc-validation-20260930/venv/lib/python3.12/site-packages/torch/include/c10/util/Optional.h:40:1: note: declared here
   40 | value_or_else(const std::optional<T>& v, F&& func) {
      | ^~~~~~~~~~~~~
/mnt/workspace/hc-pre-reduction-20260930/full-plugin-source-v3/csrc/aclnn_torch_adapter/op_api_common.h:743:22: warning: narrowing conversion of ‘workspace_size’ from ‘uint64_t’ {aka ‘long unsigned int’} to ‘long int’ [-Wnarrowing]
  743 |           at::empty({workspace_size}, options.dtype(kByte));                  \
      |                      ^~~~~~~~~~~~~~
/mnt/workspace/hc-pre-reduction-20260930/full-plugin-source-v3/csrc/torch_binding.cpp:1862:9: note: in expansion of macro ‘EXEC_NPU_CMD’
 1862 |         EXEC_NPU_CMD(aclnnDequantSwigluQuant, x, weight_scale_value, activation_scale_opt, bias_opt, quant_scale_opt,
      |         ^~~~~~~~~~~~
/mnt/workspace/hc-pre-reduction-20260930/full-plugin-source-v3/csrc/aclnn_torch_adapter/op_api_common.h:743:22: warning: narrowing conversion of ‘workspace_size’ from ‘uint64_t’ {aka ‘long unsigned int’} to ‘long int’ [-Wnarrowing]
  743 |           at::empty({workspace_size}, options.dtype(kByte));                  \
      |                      ^~~~~~~~~~~~~~
/mnt/workspace/hc-pre-reduction-20260930/full-plugin-source-v3/csrc/torch_binding.cpp:1862:9: note: in expansion of macro ‘EXEC_NPU_CMD’
 1862 |         EXEC_NPU_CMD(aclnnDequantSwigluQuant, x, weight_scale_value, activation_scale_opt, bias_opt, quant_scale_opt,
      |         ^~~~~~~~~~~~
/mnt/workspace/hc-pre-reduction-20260930/full-plugin-source-v3/csrc/aclnn_torch_adapter/op_api_common.h:743:22: warning: narrowing conversion of ‘workspace_size’ from ‘uint64_t’ {aka ‘long unsigned int’} to ‘long int’ [-Wnarrowing]
  743 |           at::empty({workspace_size}, options.dtype(kByte));                  \
      |                      ^~~~~~~~~~~~~~
/mnt/workspace/hc-pre-reduction-20260930/full-plugin-source-v3/csrc/torch_binding.cpp:1868:9: note: in expansion of macro ‘EXEC_NPU_CMD’
 1868 |         EXEC_NPU_CMD(aclnnDequantSwigluQuantV2, x, weight_scale_value, activation_scale_opt, bias_opt, quant_scale_opt,
      |         ^~~~~~~~~~~~
/mnt/workspace/hc-pre-reduction-20260930/full-plugin-source-v3/csrc/aclnn_torch_adapter/op_api_common.h:743:22: warning: narrowing conversion of ‘workspace_size’ from ‘uint64_t’ {aka ‘long unsigned int’} to ‘long int’ [-Wnarrowing]
  743 |           at::empty({workspace_size}, options.dtype(kByte));                  \
      |                      ^~~~~~~~~~~~~~
/mnt/workspace/hc-pre-reduction-20260930/full-plugin-source-v3/csrc/torch_binding.cpp:1868:9: note: in expansion of macro ‘EXEC_NPU_CMD’
 1868 |         EXEC_NPU_CMD(aclnnDequantSwigluQuantV2, x, weight_scale_value, activation_scale_opt, bias_opt, quant_scale_opt,
      |         ^~~~~~~~~~~~
/mnt/workspace/hc-pre-reduction-20260930/full-plugin-source-v3/csrc/torch_binding.cpp: In function ‘void vllm_ascend::npu_scatter_nd_update_sk(at::Tensor&, const at::Tensor&, const at::Tensor&)’:
/mnt/workspace/hc-pre-reduction-20260930/full-plugin-source-v3/csrc/aclnn_torch_adapter/op_api_common.h:743:22: warning: narrowing conversion of ‘workspace_size’ from ‘uint64_t’ {aka ‘long unsigned int’} to ‘long int’ [-Wnarrowing]
  743 |           at::empty({workspace_size}, options.dtype(kByte));                  \
      |                      ^~~~~~~~~~~~~~
/mnt/workspace/hc-pre-reduction-20260930/full-plugin-source-v3/csrc/torch_binding.cpp:1883:5: note: in expansion of macro ‘EXEC_NPU_CMD’
 1883 |     EXEC_NPU_CMD(aclnnScatterNdUpdateSk, var, indices, update, var_stride);
      |     ^~~~~~~~~~~~
/mnt/workspace/hc-pre-reduction-20260930/full-plugin-source-v3/csrc/aclnn_torch_adapter/op_api_common.h:743:22: warning: narrowing conversion of ‘workspace_size’ from ‘uint64_t’ {aka ‘long unsigned int’} to ‘long int’ [-Wnarrowing]
  743 |           at::empty({workspace_size}, options.dtype(kByte));                  \
      |                      ^~~~~~~~~~~~~~
/mnt/workspace/hc-pre-reduction-20260930/full-plugin-source-v3/csrc/torch_binding.cpp:1883:5: note: in expansion of macro ‘EXEC_NPU_CMD’
 1883 |     EXEC_NPU_CMD(aclnnScatterNdUpdateSk, var, indices, update, var_stride);
      |     ^~~~~~~~~~~~
/mnt/workspace/hc-pre-reduction-20260930/full-plugin-source-v3/csrc/torch_binding.cpp: In function ‘std::tuple<at::Tensor, at::Tensor, at::Tensor> vllm_ascend::chunk_gated_delta_rule_fwd_h(const at::Tensor&, const at::Tensor&, const at::Tensor&, const std::optional<at::Tensor>&, const std::optional<at::Tensor>&, const std::optional<at::Tensor>&, std::optional<bool>, std::optional<long int>, std::optional<bool>, std::optional<c10::ArrayRef<long int> >, std::optional<c10::ArrayRef<long int> >, std::optional<bool>, std::optional<bool>)’:
/mnt/workspace/hc-pre-reduction-20260930/full-plugin-source-v3/csrc/torch_binding.cpp:1903:58: warning: ‘constexpr T c10::value_or_else(const std::optional<_Tp>&, F&&) [with T = at::Tensor; F = vllm_ascend::chunk_gated_delta_rule_fwd_h(const at::Tensor&, const at::Tensor&, const at::Tensor&, const std::optional<at::Tensor>&, const std::optional<at::Tensor>&, const std::optional<at::Tensor>&, std::optional<bool>, std::optional<long int>, std::optional<bool>, std::optional<c10::ArrayRef<long int> >, std::optional<c10::ArrayRef<long int> >, std::optional<bool>, std::optional<bool>)::<lambda()>]’ is deprecated: Please use std::optional::value_or instead of c10::value_or_else [-Wdeprecated-declarations]
 1903 |     const at::Tensor &initial_state_ = c10::value_or_else(initial_state, [] { return at::Tensor(); });
      |                                        ~~~~~~~~~~~~~~~~~~^~~~~~~~~~~~~~~~~~~~~~~~~~~~~~~~~~~~~~~~~~~~
/mnt/workspace/mhc-validation-20260930/venv/lib/python3.12/site-packages/torch/include/c10/util/Optional.h:40:1: note: declared here
   40 | value_or_else(const std::optional<T>& v, F&& func) {
      | ^~~~~~~~~~~~~
/mnt/workspace/hc-pre-reduction-20260930/full-plugin-source-v3/csrc/torch_binding.cpp:1905:46: warning: ‘constexpr T c10::value_or_else(const std::optional<_Tp>&, F&&) [with T = at::Tensor; F = vllm_ascend::chunk_gated_delta_rule_fwd_h(const at::Tensor&, const at::Tensor&, const at::Tensor&, const std::optional<at::Tensor>&, const std::optional<at::Tensor>&, const std::optional<at::Tensor>&, std::optional<bool>, std::optional<long int>, std::optional<bool>, std::optional<c10::ArrayRef<long int> >, std::optional<c10::ArrayRef<long int> >, std::optional<bool>, std::optional<bool>)::<lambda()>]’ is deprecated: Please use std::optional::value_or instead of c10::value_or_else [-Wdeprecated-declarations]
 1905 |     const at::Tensor &g_ = c10::value_or_else(g, [] { return at::Tensor(); });
      |                            ~~~~~~~~~~~~~~~~~~^~~~~~~~~~~~~~~~~~~~~~~~~~~~~~~~
/mnt/workspace/mhc-validation-20260930/venv/lib/python3.12/site-packages/torch/include/c10/util/Optional.h:40:1: note: declared here
   40 | value_or_else(const std::optional<T>& v, F&& func) {
      | ^~~~~~~~~~~~~
/mnt/workspace/hc-pre-reduction-20260930/full-plugin-source-v3/csrc/torch_binding.cpp:1906:47: warning: ‘constexpr T c10::value_or_else(const std::optional<_Tp>&, F&&) [with T = at::Tensor; F = vllm_ascend::chunk_gated_delta_rule_fwd_h(const at::Tensor&, const at::Tensor&, const at::Tensor&, const std::optional<at::Tensor>&, const std::optional<at::Tensor>&, const std::optional<at::Tensor>&, std::optional<bool>, std::optional<long int>, std::optional<bool>, std::optional<c10::ArrayRef<long int> >, std::optional<c10::ArrayRef<long int> >, std::optional<bool>, std::optional<bool>)::<lambda()>]’ is deprecated: Please use std::optional::value_or instead of c10::value_or_else [-Wdeprecated-declarations]
 1906 |     const at::Tensor &gk_ = c10::value_or_else(gk, [] { return at::Tensor(); });
      |                             ~~~~~~~~~~~~~~~~~~^~~~~~~~~~~~~~~~~~~~~~~~~~~~~~~~~
/mnt/workspace/mhc-validation-20260930/venv/lib/python3.12/site-packages/torch/include/c10/util/Optional.h:40:1: note: declared here
   40 | value_or_else(const std::optional<T>& v, F&& func) {
      | ^~~~~~~~~~~~~
/mnt/workspace/hc-pre-reduction-20260930/full-plugin-source-v3/csrc/aclnn_torch_adapter/op_api_common.h:743:22: warning: narrowing conversion of ‘workspace_size’ from ‘uint64_t’ {aka ‘long unsigned int’} to ‘long int’ [-Wnarrowing]
  743 |           at::empty({workspace_size}, options.dtype(kByte));                  \
      |                      ^~~~~~~~~~~~~~
/mnt/workspace/hc-pre-reduction-20260930/full-plugin-source-v3/csrc/torch_binding.cpp:1939:5: note: in expansion of macro ‘EXEC_NPU_CMD’
 1939 |     EXEC_NPU_CMD(
      |     ^~~~~~~~~~~~
/mnt/workspace/hc-pre-reduction-20260930/full-plugin-source-v3/csrc/aclnn_torch_adapter/op_api_common.h:743:22: warning: narrowing conversion of ‘workspace_size’ from ‘uint64_t’ {aka ‘long unsigned int’} to ‘long int’ [-Wnarrowing]
  743 |           at::empty({workspace_size}, options.dtype(kByte));                  \
      |                      ^~~~~~~~~~~~~~
/mnt/workspace/hc-pre-reduction-20260930/full-plugin-source-v3/csrc/torch_binding.cpp:1939:5: note: in expansion of macro ‘EXEC_NPU_CMD’
 1939 |     EXEC_NPU_CMD(
      |     ^~~~~~~~~~~~
/mnt/workspace/hc-pre-reduction-20260930/full-plugin-source-v3/csrc/torch_binding.cpp: In function ‘at::Tensor vllm_ascend::chunk_fwd_o_vllm(const at::Tensor&, const at::Tensor&, const at::Tensor&, const at::Tensor&, double, const std::optional<at::Tensor>&, const std::optional<at::Tensor>&, std::optional<c10::ArrayRef<long int> >, std::optional<c10::ArrayRef<long int> >, std::optional<long int>, std::optional<bool>)’:
/mnt/workspace/hc-pre-reduction-20260930/full-plugin-source-v3/csrc/torch_binding.cpp:1969:46: warning: ‘constexpr T c10::value_or_else(const std::optional<_Tp>&, F&&) [with T = at::Tensor; F = vllm_ascend::chunk_fwd_o_vllm(const at::Tensor&, const at::Tensor&, const at::Tensor&, const at::Tensor&, double, const std::optional<at::Tensor>&, const std::optional<at::Tensor>&, std::optional<c10::ArrayRef<long int> >, std::optional<c10::ArrayRef<long int> >, std::optional<long int>, std::optional<bool>)::<lambda()>]’ is deprecated: Please use std::optional::value_or instead of c10::value_or_else [-Wdeprecated-declarations]
 1969 |     const at::Tensor &g_ = c10::value_or_else(g, [] { return at::Tensor(); });
      |                            ~~~~~~~~~~~~~~~~~~^~~~~~~~~~~~~~~~~~~~~~~~~~~~~~~~
/mnt/workspace/mhc-validation-20260930/venv/lib/python3.12/site-packages/torch/include/c10/util/Optional.h:40:1: note: declared here
   40 | value_or_else(const std::optional<T>& v, F&& func) {
      | ^~~~~~~~~~~~~
/mnt/workspace/hc-pre-reduction-20260930/full-plugin-source-v3/csrc/aclnn_torch_adapter/op_api_common.h:743:22: warning: narrowing conversion of ‘workspace_size’ from ‘uint64_t’ {aka ‘long unsigned int’} to ‘long int’ [-Wnarrowing]
  743 |           at::empty({workspace_size}, options.dtype(kByte));                  \
      |                      ^~~~~~~~~~~~~~
/mnt/workspace/hc-pre-reduction-20260930/full-plugin-source-v3/csrc/torch_binding.cpp:1973:5: note: in expansion of macro ‘EXEC_NPU_CMD’
 1973 |     EXEC_NPU_CMD(
      |     ^~~~~~~~~~~~
/mnt/workspace/hc-pre-reduction-20260930/full-plugin-source-v3/csrc/aclnn_torch_adapter/op_api_common.h:743:22: warning: narrowing conversion of ‘workspace_size’ from ‘uint64_t’ {aka ‘long unsigned int’} to ‘long int’ [-Wnarrowing]
  743 |           at::empty({workspace_size}, options.dtype(kByte));                  \
      |                      ^~~~~~~~~~~~~~
/mnt/workspace/hc-pre-reduction-20260930/full-plugin-source-v3/csrc/torch_binding.cpp:1973:5: note: in expansion of macro ‘EXEC_NPU_CMD’
 1973 |     EXEC_NPU_CMD(
      |     ^~~~~~~~~~~~
/mnt/workspace/hc-pre-reduction-20260930/full-plugin-source-v3/csrc/torch_binding.cpp: In function ‘at::Tensor vllm_ascend::npu_sparse_attention_score_prefill(const at::Tensor&, const at::Tensor&, const at::Tensor&, const at::Tensor&, const at::Tensor&, const at::Tensor&, const at::Tensor&, int64_t, double, int64_t, int64_t, int64_t, const std::optional<at::Tensor>&, const std::optional<at::Tensor>&)’:
/mnt/workspace/hc-pre-reduction-20260930/full-plugin-source-v3/csrc/aclnn_torch_adapter/op_api_common.h:743:22: warning: narrowing conversion of ‘workspace_size’ from ‘uint64_t’ {aka ‘long unsigned int’} to ‘long int’ [-Wnarrowing]
  743 |           at::empty({workspace_size}, options.dtype(kByte));                  \
      |                      ^~~~~~~~~~~~~~
/mnt/workspace/hc-pre-reduction-20260930/full-plugin-source-v3/csrc/torch_binding.cpp:2011:5: note: in expansion of macro ‘EXEC_NPU_CMD’
 2011 |     EXEC_NPU_CMD(
      |     ^~~~~~~~~~~~
/mnt/workspace/hc-pre-reduction-20260930/full-plugin-source-v3/csrc/aclnn_torch_adapter/op_api_common.h:743:22: warning: narrowing conversion of ‘workspace_size’ from ‘uint64_t’ {aka ‘long unsigned int’} to ‘long int’ [-Wnarrowing]
  743 |           at::empty({workspace_size}, options.dtype(kByte));                  \
      |                      ^~~~~~~~~~~~~~
/mnt/workspace/hc-pre-reduction-20260930/full-plugin-source-v3/csrc/torch_binding.cpp:2011:5: note: in expansion of macro ‘EXEC_NPU_CMD’
 2011 |     EXEC_NPU_CMD(
      |     ^~~~~~~~~~~~
[100%] Linking CXX shared module vllm_ascend_C.cpython-312-aarch64-linux-gnu.so
[100%] Built target vllm_ascend_C
COMMAND ["cmake", "--install", "/mnt/workspace/hc-pre-reduction-20260930/iteration-02/full-extension-build-v3"]
-- Install configuration: "Release"
-- Installing: /mnt/workspace/hc-pre-reduction-20260930/full-plugin-source-v3/vllm_ascend/lib/libvllm_ascend_kernels.so
-- Installing: /mnt/workspace/hc-pre-reduction-20260930/full-plugin-source-v3/vllm_ascend/include
-- Installing: /mnt/workspace/hc-pre-reduction-20260930/full-plugin-source-v3/vllm_ascend/include/vllm_ascend_kernels
-- Installing: /mnt/workspace/hc-pre-reduction-20260930/full-plugin-source-v3/vllm_ascend/include/vllm_ascend_kernels/aclrtlaunch_bgmv_expand_bfloat16_t.h
-- Installing: /mnt/workspace/hc-pre-reduction-20260930/full-plugin-source-v3/vllm_ascend/include/vllm_ascend_kernels/aclrtlaunch_sgmv_shrink_half.h
-- Installing: /mnt/workspace/hc-pre-reduction-20260930/full-plugin-source-v3/vllm_ascend/include/vllm_ascend_kernels/aclrtlaunch_sgmv_shrink_bfloat16_t.h
-- Installing: /mnt/workspace/hc-pre-reduction-20260930/full-plugin-source-v3/vllm_ascend/include/vllm_ascend_kernels/aclrtlaunch_bgmv_expand_half.h
-- Installing: /mnt/workspace/hc-pre-reduction-20260930/full-plugin-source-v3/vllm_ascend/include/vllm_ascend_kernels/aclrtlaunch_mla_preprocess.h
-- Installing: /mnt/workspace/hc-pre-reduction-20260930/full-plugin-source-v3/vllm_ascend/include/vllm_ascend_kernels/aclrtlaunch_sgmv_expand_bfloat16_t.h
-- Installing: /mnt/workspace/hc-pre-reduction-20260930/full-plugin-source-v3/vllm_ascend/include/vllm_ascend_kernels/aclrtlaunch_bgmv_shrink_half.h
-- Installing: /mnt/workspace/hc-pre-reduction-20260930/full-plugin-source-v3/vllm_ascend/include/vllm_ascend_kernels/aclrtlaunch_bgmv_shrink_bfloat16_t.h
-- Installing: /mnt/workspace/hc-pre-reduction-20260930/full-plugin-source-v3/vllm_ascend/include/vllm_ascend_kernels/aclrtlaunch_triple_chevrons_func.h
-- Installing: /mnt/workspace/hc-pre-reduction-20260930/full-plugin-source-v3/vllm_ascend/include/vllm_ascend_kernels/aclrtlaunch_sgmv_expand_half.h
-- Installing: /mnt/workspace/hc-pre-reduction-20260930/full-plugin-source-v3/vllm_ascend/vllm_ascend_C.cpython-312-aarch64-linux-gnu.so
-- Installing: /mnt/workspace/hc-pre-reduction-20260930/full-plugin-source-v3/vllm_ascend/libvllm_ascend_kernels.so
FULL_NATIVE_BUILD_PASS {'/mnt/workspace/hc-pre-reduction-20260930/full-plugin-source-v3/vllm_ascend/vllm_ascend_C.cpython-312-aarch64-linux-gnu.so': '50de6a4f00129b30c7121aa14d8d86c80d7ee9a0ce32f8bf027143e158d4a5de', '/mnt/workspace/hc-pre-reduction-20260930/full-plugin-source-v3/vllm_ascend/libvllm_ascend_kernels.so': '14723a803a4c9df04282074347d9b6d701e14484f1e9bc673c473707bc152622'}
