Name,Input Shapes,Call Stack,Host Self Duration(us),Host Total Duration(us),Device Self Duration(us),Device Total Duration(us),Device Self Duration With AICore(us),Device Total Duration With AICore(us)
Event::synchronize,,,153.23,153.23,0,0,0,0
aten::slice,,,19.35,36.59,0,0,0,0
aten::as_strided,,,17.24,17.24,0,0,0,0
aten::slice,,,3.7,6.83,0,0,0,0
aten::as_strided,,,3.13,3.13,0,0,0,0
aten::slice,,,2.78,5.05,0,0,0,0
aten::as_strided,,,2.27,2.27,0,0,0,0
aten::slice,,,7.68,12.3,0,0,0,0
aten::as_strided,,,4.62,4.62,0,0,0,0
aten::slice,,,3.02,8.4,0,0,0,0
aten::as_strided,,,5.38,5.38,0,0,0,0
aten::pin_memory,,,9.91,34.4,0,0,0,0
aten::is_pinned,,,24.49,24.49,0,0,0,0
aten::copy_,,,23.41,46.35,0,2.50003125,0,0
acl_memcpy_host_to_device,,,22.94,22.94,2.50003125,2.50003125,0,0
aten::slice,,,6.03,8.43,0,0,0,0
aten::as_strided,,,2.4,2.4,0,0,0,0
aten::slice,,,2.86,7.05,0,0,0,0
aten::as_strided,,,4.19,4.19,0,0,0,0
aten::pin_memory,,,3.66,11.99,0,0,0,0
aten::is_pinned,,,8.33,8.33,0,0,0,0
aten::copy_,,,15.17,38.69,0,2.5800625,0,0
acl_memcpy_host_to_device,,,23.52,23.52,2.5800625,2.5800625,0,0
aten::slice,,,4.72,7.01,0,0,0,0
aten::as_strided,,,2.29,2.29,0,0,0,0
aten::slice,,,2.71,6.61,0,0,0,0
aten::as_strided,,,3.9,3.9,0,0,0,0
aten::pin_memory,,,3.24,10.38,0,0,0,0
aten::is_pinned,,,7.14,7.14,0,0,0,0
aten::copy_,,,12.99,29.54,0,2.3400625,0,0
acl_memcpy_host_to_device,,,16.55,16.55,2.3400625,2.3400625,0,0
aten::slice,,,4.61,7.23,0,0,0,0
aten::as_strided,,,2.62,2.62,0,0,0,0
aten::slice,,,27.33,32.67,0,0,0,0
aten::as_strided,,,5.34,5.34,0,0,0,0
aten::pin_memory,,,3.33,12.43,0,0,0,0
aten::is_pinned,,,9.1,9.1,0,0,0,0
aten::copy_,,,13.73,30.6,0,2.36003125,0,0
acl_memcpy_host_to_device,,,16.87,16.87,2.36003125,2.36003125,0,0
aten::slice,,,5.23,7.9,0,0,0,0
aten::as_strided,,,2.67,2.67,0,0,0,0
aten::slice,,,2.62,6.32,0,0,0,0
aten::as_strided,,,3.7,3.7,0,0,0,0
aten::pin_memory,,,3.64,16.51,0,0,0,0
aten::is_pinned,,,12.87,12.87,0,0,0,0
aten::copy_,,,13.43,28.92,0,2.32003125,0,0
acl_memcpy_host_to_device,,,15.49,15.49,2.32003125,2.32003125,0,0
aten::lift_fresh,,,6.47,6.47,0,0,0,0
aten::lift_fresh,,,1.28,1.28,0,0,0,0
aten::flatten,,,4.74,14.34,0,0,0,0
aten::view,,,9.6,9.6,0,0,0,0
aten::slice,,,4.75,6.61,0,0,0,0
aten::as_strided,,,1.86,1.86,0,0,0,0
aten::index_select,,,9.7,9.7,0,0,0,0
aten::pin_memory,,,9.22,24.92,0,0,0,0
aten::is_pinned,,,15.7,15.7,0,0,0,0
aten::copy_,,,17.88,40.12,0,2.4800625,0,0
acl_memcpy_host_to_device,,,22.24,22.24,2.4800625,2.4800625,0,0
aten::pin_memory,,,3.92,11.6,0,0,0,0
aten::is_pinned,,,7.68,7.68,0,0,0,0
aten::copy_,,,14.02,27.86,0,2.32003125,0,0
acl_memcpy_host_to_device,,,13.84,13.84,2.32003125,2.32003125,0,0
aten::slice,,,11.93,14.65,0,0,0,0
aten::as_strided,,,2.72,2.72,0,0,0,0
aten::lift_fresh,,,0.97,0.97,0,0,0,0
aten::slice,,,3.71,4.86,0,0,0,0
aten::as_strided,,,1.15,1.15,0,0,0,0
aten::add,,,20.05,20.05,0,0,0,0
aten::slice,,,3.85,5.14,0,0,0,0
aten::as_strided,,,1.29,1.29,0,0,0,0
aten::fill_,,,6.66,6.66,0,0,0,0
aten::slice,,,3.34,12.57,0,0,0,0
aten::as_strided,,,9.23,9.23,0,0,0,0
aten::fill_,,,32.02,62.13,0,1.5200625,0,0
aclnnInplaceFillScalar,,,30.11,30.11,1.5200625,1.5200625,0,0
aten::slice,,,5.32,7.16,0,0,0,0
aten::as_strided,,,1.84,1.84,0,0,0,0
aten::slice,,,3.13,7.91,0,0,0,0
aten::as_strided,,,4.78,4.78,0,0,0,0
aten::pin_memory,,,3.49,15.55,0,0,0,0
aten::is_pinned,,,12.06,12.06,0,0,0,0
aten::copy_,,,15.6,34.46,0,2.4600625,0,0
acl_memcpy_host_to_device,,,18.86,18.86,2.4600625,2.4600625,0,0
aten::slice,,,5.73,7.88,0,0,0,0
aten::as_strided,,,2.15,2.15,0,0,0,0
aten::detach,,,4.04,4.04,0,0,0,0
aten::to,,,3.13,3.13,0,0,0,0
aten::resolve_conj,,,1.1,1.1,0,0,0,0
aten::resolve_neg,,,0.6,0.6,0,0,0,0
aten::slice,,,5.03,7.13,0,0,0,0
aten::as_strided,,,2.1,2.1,0,0,0,0
aten::slice,,,7.38,12.58,0,0,0,0
aten::as_strided,,,5.2,5.2,0,0,0,0
aten::pin_memory,,,3.52,15.01,0,0,0,0
aten::is_pinned,,,11.49,11.49,0,0,0,0
aten::copy_,,,3.67,3.67,0,0,0,0
aten::slice,,,5.8,8.01,0,0,0,0
aten::as_strided,,,2.21,2.21,0,0,0,0
aten::slice,,,2.93,7.09,0,0,0,0
aten::as_strided,,,4.16,4.16,0,0,0,0
aten::pin_memory,,,3.33,15.85,0,0,0,0
aten::is_pinned,,,12.52,12.52,0,0,0,0
aten::copy_,,,15.63,31.56,0,2.16003125,0,0
acl_memcpy_host_to_device,,,15.93,15.93,2.16003125,2.16003125,0,0
aten::fill_,,,18.85,48.3,0,1.66003125,0,0
aclnnInplaceFillScalar,,,29.45,29.45,1.66003125,1.66003125,0,0
aten::slice,,,5.63,9.94,0,0,0,0
aten::as_strided,,,4.31,4.31,0,0,0,0
aten::slice,,,2.86,4.57,0,0,0,0
aten::as_strided,,,1.71,1.71,0,0,0,0
aten::copy_,,,22.29,35.05,0,2.3200625,0,0
acl_memcpy_host_to_device,,,12.76,12.76,2.3200625,2.3200625,0,0
aten::slice,,,5.56,7.65,0,0,0,0
aten::as_strided,,,2.09,2.09,0,0,0,0
aten::slice,,,2.92,7.43,0,0,0,0
aten::as_strided,,,4.51,4.51,0,0,0,0
aten::pin_memory,,,3.46,12.05,0,0,0,0
aten::is_pinned,,,8.59,8.59,0,0,0,0
aten::copy_,,,13.94,31.51,0,2.38003125,0,0
acl_memcpy_host_to_device,,,17.57,17.57,2.38003125,2.38003125,0,0
aten::slice,,,4.84,8.62,0,0,0,0
aten::as_strided,,,3.78,3.78,0,0,0,0
aten::slice,,,3.56,5.17,0,0,0,0
aten::as_strided,,,1.61,1.61,0,0,0,0
aten::slice,,,2.73,5.86,0,0,0,0
aten::as_strided,,,3.13,3.13,0,0,0,0
aten::pin_memory,,,3.29,10.65,0,0,0,0
aten::is_pinned,,,7.36,7.36,0,0,0,0
aten::copy_,,,19.6,31.83,0,2.4200625,0,0
acl_memcpy_host_to_device,,,12.23,12.23,2.4200625,2.4200625,0,0
aten::slice,,,5.22,7.16,0,0,0,0
aten::as_strided,,,1.94,1.94,0,0,0,0
aten::slice,,,2.82,6.59,0,0,0,0
aten::as_strided,,,3.77,3.77,0,0,0,0
aten::pin_memory,,,3.04,10.55,0,0,0,0
aten::is_pinned,,,7.51,7.51,0,0,0,0
aten::copy_,,,12.91,39.2,0,2.1800625,0,0
acl_memcpy_host_to_device,,,26.29,26.29,2.1800625,2.1800625,0,0
aten::slice,,,4.33,7.85,0,0,0,0
aten::as_strided,,,3.52,3.52,0,0,0,0
aten::index,,,41.32,78.3,0,18.280375,0,0
empty_tensor,,,9.76,9.76,0,0,0,0
empty_tensor,,,13.05,13.05,0,0,0,0
aclnnIndex,,,14.17,14.17,18.280375,18.280375,0,0
aten::to,,,7.86,63.22,0,1.32003125,0,0
aten::_to_copy,,,8.33,55.36,0,1.32003125,0,0
aten::empty_strided,,,11.46,16.34,0,0,0,0
empty_tensor,,,4.88,4.88,0,0,0,0
aten::copy_,,,18.45,30.69,0,1.32003125,0,0
aclnnInplaceCopy,,,12.24,12.24,1.32003125,1.32003125,0,0
aten::slice,,,6.34,11.06,0,0,0,0
aten::as_strided,,,4.72,4.72,0,0,0,0
aten::add,,,20.72,36.77,0,2.2400625,0,0
empty_tensor,,,6.65,6.65,0,0,0,0
aclnnAdd,,,9.4,9.4,2.2400625,2.2400625,0,0
aten::slice,,,4.91,9.18,0,0,0,0
aten::as_strided,,,4.27,4.27,0,0,0,0
aten::copy_,,,82.77,88.77,0,0.54,0,0
aclnnInplaceCopy,,,6.0,6.0,0.54,0.54,0,0
aten::slice,,,6.06,10.5,0,0,0,0
aten::as_strided,,,4.44,4.44,0,0,0,0
aten::add,,,17.53,36.23,0,1.54003125,0,0
empty_tensor,,,13.44,13.44,0,0,0,0
aclnnAdd,,,5.26,5.26,1.54003125,1.54003125,0,0
aten::slice,,,4.98,8.94,0,0,0,0
aten::as_strided,,,3.96,3.96,0,0,0,0
aten::copy_,,,43.83,49.59,0,0.6,0,0
aclnnInplaceCopy,,,5.76,5.76,0.6,0.6,0,0
aten::slice,,,5.52,9.02,0,0,0,0
aten::as_strided,,,3.5,3.5,0,0,0,0
aten::fill_,,,17.11,25.26,0,1.52003125,0,0
aclnnInplaceFillScalar,,,8.15,8.15,1.52003125,1.52003125,0,0
aten::slice,,,5.27,8.82,0,0,0,0
aten::as_strided,,,3.55,3.55,0,0,0,0
aten::slice,,,2.87,5.53,0,0,0,0
aten::as_strided,,,2.66,2.66,0,0,0,0
_compute_slot_mapping_fused_groups_kernel,,,26.85,26.85,21.6604375,21.6604375,0,0
aten::slice,,,9.09,16.95,0,0,0,0
aten::as_strided,,,7.86,7.86,0,0,0,0
aten::sub,,,27.97,67.25,0,1.3800625,0,0
empty_tensor,,,10.97,10.97,0,0,0,0
aten::item,,,3.23,12.17,0,0,0,0
aten::_local_scalar_dense,,,8.94,8.94,0,0,0,0
aclnnSubs,,,16.14,16.14,1.3800625,1.3800625,0,0
aten::detach,,,6.63,6.63,0,0,0,0
aten::to,,,2.26,2.26,0,0,0,0
aten::resolve_conj,,,0.98,0.98,0,0,0,0
aten::resolve_neg,,,0.54,0.54,0,0,0,0
aten::slice,,,7.7,14.92,0,0,0,0
aten::as_strided,,,7.22,7.22,0,0,0,0
aten::slice,,,3.63,7.33,0,0,0,0
aten::as_strided,,,3.7,3.7,0,0,0,0
aten::slice,,,9.93,13.05,0,0,0,0
aten::as_strided,,,3.12,3.12,0,0,0,0
aten::fill_,,,19.17,38.81,0,0,0,0
aclnnInplaceFillScalar,,,19.64,19.64,0,0,0,0
aten::slice,,,5.8,10.04,0,0,0,0
aten::as_strided,,,4.24,4.24,0,0,0,0
aten::fill_,,,13.47,28.09,0,0,0,0
aclnnInplaceFillScalar,,,14.62,14.62,0,0,0,0
aten::slice,,,4.86,7.37,0,0,0,0
aten::as_strided,,,2.51,2.51,0,0,0,0
aten::slice,,,8.32,9.5,0,0,0,0
aten::as_strided,,,1.18,1.18,0,0,0,0
aten::lt,,,16.04,16.04,0,0,0,0
aten::lift_fresh,,,0.97,0.97,0,0,0,0
aten::slice,,,1.85,3.02,0,0,0,0
aten::as_strided,,,1.17,1.17,0,0,0,0
aten::fill_,,,2.92,11.65,0,0,0,0
aten::copy_,,,8.73,8.73,0,0,0,0
aten::slice,,,4.0,5.27,0,0,0,0
aten::as_strided,,,1.27,1.27,0,0,0,0
aten::slice,,,2.97,10.75,0,0,0,0
aten::as_strided,,,7.78,7.78,0,0,0,0
aten::slice,,,3.21,4.53,0,0,0,0
aten::as_strided,,,1.32,1.32,0,0,0,0
aten::slice,,,2.6,5.56,0,0,0,0
aten::as_strided,,,2.96,2.96,0,0,0,0
aten::slice,,,2.36,3.36,0,0,0,0
aten::as_strided,,,1.0,1.0,0,0,0,0
aten::slice,,,8.72,9.96,0,0,0,0
aten::as_strided,,,1.24,1.24,0,0,0,0
aten::slice,,,2.91,6.28,0,0,0,0
aten::as_strided,,,3.37,3.37,0,0,0,0
aten::slice,,,2.71,5.09,0,0,0,0
aten::as_strided,,,2.38,2.38,0,0,0,0
aten::slice,,,3.01,7.61,0,0,0,0
aten::as_strided,,,4.6,4.6,0,0,0,0
aten::slice,,,10.33,15.6,0,0,0,0
aten::as_strided,,,5.27,5.27,0,0,0,0
aten::slice,,,2.94,5.71,0,0,0,0
aten::as_strided,,,2.77,2.77,0,0,0,0
aten::slice,,,2.83,5.5,0,0,0,0
aten::as_strided,,,2.67,2.67,0,0,0,0
aten::to,,,3.75,3.75,0,0,0,0
aten::slice,,,3.01,5.89,0,0,0,0
aten::as_strided,,,2.88,2.88,0,0,0,0
aten::slice,,,2.57,5.27,0,0,0,0
aten::as_strided,,,2.7,2.7,0,0,0,0
aten::slice,,,2.55,4.12,0,0,0,0
aten::as_strided,,,1.57,1.57,0,0,0,0
aten::slice,,,5.39,9.39,0,0,0,0
aten::as_strided,,,4.0,4.0,0,0,0,0
aten::slice,,,4.04,5.9,0,0,0,0
aten::as_strided,,,1.86,1.86,0,0,0,0
aten::slice,,,4.63,5.81,0,0,0,0
aten::as_strided,,,1.18,1.18,0,0,0,0
aten::sub,,,11.59,11.59,0,0,0,0
aten::select,,,5.57,6.8,0,0,0,0
aten::as_strided,,,1.23,1.23,0,0,0,0
aten::item,,,2.05,3.7,0,0,0,0
aten::_local_scalar_dense,,,1.65,1.65,0,0,0,0
aten::slice,,,2.18,8.49,0,0,0,0
aten::as_strided,,,6.31,6.31,0,0,0,0
aten::alias,,,5.76,5.76,0,0,0,0
aten::div,,,38.97,63.25,0,6.12009375,0,0
aten::item,,,1.67,2.76,0,0,0,0
aten::_local_scalar_dense,,,1.09,1.09,0,0,0,0
aclnnDivMods,,,21.52,21.52,6.12009375,6.12009375,0,0
aten::slice,,,3.35,8.37,0,0,0,0
aten::as_strided,,,5.02,5.02,0,0,0,0
aten::slice,,,4.52,7.02,0,0,0,0
aten::as_strided,,,2.5,2.5,0,0,0,0
aten::copy_,,,72.74,93.16,0,0.52003125,0,0
aclnnInplaceCopy,,,20.42,20.42,0.52003125,0.52003125,0,0
aten::slice,,,2.86,6.57,0,0,0,0
aten::as_strided,,,3.71,3.71,0,0,0,0
aten::slice,,,4.79,7.65,0,0,0,0
aten::as_strided,,,2.86,2.86,0,0,0,0
aten::ge,,,23.38,80.4,0,4.1800625,0,0
empty_tensor,,,10.58,10.58,0,0,0,0
aclnnGeScalar,,,46.44,46.44,4.1800625,4.1800625,0,0
aten::add,,,21.52,45.88,0,3.02003125,0,0
empty_tensor,,,7.34,7.34,0,0,0,0
aten::item,,,1.91,3.25,0,0,0,0
aten::_local_scalar_dense,,,1.34,1.34,0,0,0,0
aclnnAdds,,,13.77,13.77,3.02003125,3.02003125,0,0
aten::remainder,,,23.13,35.94,0,5.780125,0,0
empty_tensor,,,6.92,6.92,0,0,0,0
aclnnRemainderTensorScalar,,,5.89,5.89,5.780125,5.780125,0,0
aten::eq,,,11.48,19.74,0,2.1000625,0,0
empty_tensor,,,5.77,5.77,0,0,0,0
aclnnEqScalar,,,2.49,2.49,2.1000625,2.1000625,0,0
aten::__and__,,,3.91,31.37,0,1.4600625,0,0
aten::bitwise_and,,,16.89,27.46,0,1.4600625,0,0
empty_tensor,,,5.31,5.31,0,0,0,0
aclnnBitwiseAndTensor,,,5.26,5.26,1.4600625,1.4600625,0,0
aten::clamp_min,,,12.67,21.74,0,2.88003125,0,0
empty_tensor,,,6.51,6.51,0,0,0,0
aclnnClampMin,,,2.56,2.56,2.88003125,2.88003125,0,0
aten::div,,,21.77,48.98,0,6.620125,0,0
empty_tensor,,,6.27,6.27,0,0,0,0
aten::item,,,1.79,2.78,0,0,0,0
aten::_local_scalar_dense,,,0.99,0.99,0,0,0,0
aclnnDivMods,,,18.16,18.16,6.620125,6.620125,0,0
aten::remainder,,,19.07,28.5,0,4.72009375,0,0
empty_tensor,,,6.41,6.41,0,0,0,0
aclnnRemainderTensorScalar,,,3.02,3.02,4.72009375,4.72009375,0,0
aten::mul,,,18.12,36.15,0,1.52003125,0,0
empty_tensor,,,5.94,5.94,0,0,0,0
aten::item,,,1.78,6.88,0,0,0,0
aten::_local_scalar_dense,,,5.1,5.1,0,0,0,0
aclnnMuls,,,5.21,5.21,1.52003125,1.52003125,0,0
aten::div,,,18.9,32.58,0,6.42015625,0,0
empty_tensor,,,6.37,6.37,0,0,0,0
aten::item,,,1.47,2.26,0,0,0,0
aten::_local_scalar_dense,,,0.79,0.79,0,0,0,0
aclnnDivMods,,,5.05,5.05,6.42015625,6.42015625,0,0
aten::add,,,13.78,21.64,0,1.28003125,0,0
empty_tensor,,,5.07,5.07,0,0,0,0
aclnnAdd,,,2.79,2.79,1.28003125,1.28003125,0,0
aten::full_like,,,5.25,56.13,0,1.38003125,0,0
aten::empty_like,,,9.35,21.45,0,0,0,0
aten::empty_strided,,,8.01,12.1,0,0,0,0
empty_tensor,,,4.09,4.09,0,0,0,0
aten::fill_,,,10.13,29.43,0,1.38003125,0,0
aclnnInplaceFillScalar,,,19.3,19.3,1.38003125,1.38003125,0,0
aten::where,,,13.77,23.19,0,2.04003125,0,0
empty_tensor,,,6.06,6.06,0,0,0,0
aclnnSWhere,,,3.36,3.36,2.04003125,2.04003125,0,0
aten::copy_,,,14.32,27.89,0,1.30003125,0,0
aclnnInplaceCopy,,,13.57,13.57,1.30003125,1.30003125,0,0
aten::slice,,,3.61,7.82,0,0,0,0
aten::as_strided,,,4.21,4.21,0,0,0,0
aten::slice,,,12.39,15.81,0,0,0,0
aten::as_strided,,,3.42,3.42,0,0,0,0
aten::div,,,24.53,47.09,0,5.000125000000001,0,0
aten::item,,,1.85,2.92,0,0,0,0
aten::_local_scalar_dense,,,1.07,1.07,0,0,0,0
aclnnDivMods,,,19.64,19.64,5.000125000000001,5.000125000000001,0,0
aten::slice,,,2.79,6.58,0,0,0,0
aten::as_strided,,,3.79,3.79,0,0,0,0
aten::slice,,,6.81,20.54,0,0,0,0
aten::as_strided,,,13.73,13.73,0,0,0,0
aten::slice,,,2.96,5.96,0,0,0,0
aten::as_strided,,,3.0,3.0,0,0,0,0
aten::copy_,,,61.74,82.04,0,0.56,0,0
aclnnInplaceCopy,,,20.3,20.3,0.56,0.56,0,0
aten::slice,,,2.96,6.76,0,0,0,0
aten::as_strided,,,3.8,3.8,0,0,0,0
aten::slice,,,5.03,7.79,0,0,0,0
aten::as_strided,,,2.76,2.76,0,0,0,0
aten::copy_,,,51.38,81.96,0,0.62,0,0
aclnnInplaceCopy,,,30.58,30.58,0.62,0.62,0,0
aten::slice,,,6.09,8.32,0,0,0,0
aten::as_strided,,,2.23,2.23,0,0,0,0
aten::div,,,14.22,34.55,0,0,0,0
aten::to,,,1.65,20.33,0,0,0,0
aten::_to_copy,,,5.63,18.68,0,0,0,0
aten::empty_strided,,,4.4,4.4,0,0,0,0
aten::copy_,,,8.65,8.65,0,0,0,0
aten::slice,,,4.02,8.66,0,0,0,0
aten::as_strided,,,4.64,4.64,0,0,0,0
aten::slice,,,6.5,12.22,0,0,0,0
aten::as_strided,,,5.72,5.72,0,0,0,0
aten::slice,,,13.19,21.15,0,0,0,0
aten::as_strided,,,7.96,7.96,0,0,0,0
aten::slice,,,2.88,5.85,0,0,0,0
aten::as_strided,,,2.97,2.97,0,0,0,0
aten::fill_,,,17.96,35.48,0,0,0,0
aclnnInplaceFillScalar,,,17.52,17.52,0,0,0,0
aten::slice,,,5.37,9.07,0,0,0,0
aten::as_strided,,,3.7,3.7,0,0,0,0
aten::fill_,,,12.07,24.44,0,0,0,0
aclnnInplaceFillScalar,,,12.37,12.37,0,0,0,0
aten::slice,,,5.2,9.58,0,0,0,0
aten::as_strided,,,4.38,4.38,0,0,0,0
aten::slice,,,2.95,6.13,0,0,0,0
aten::as_strided,,,3.18,3.18,0,0,0,0
aten::slice,,,5.31,7.91,0,0,0,0
aten::as_strided,,,2.6,2.6,0,0,0,0
aten::slice,,,3.3,7.23,0,0,0,0
aten::as_strided,,,3.93,3.93,0,0,0,0
aten::slice,,,3.51,7.01,0,0,0,0
aten::as_strided,,,3.5,3.5,0,0,0,0
aten::slice,,,2.61,5.38,0,0,0,0
aten::as_strided,,,2.77,2.77,0,0,0,0
aten::slice,,,2.41,4.89,0,0,0,0
aten::as_strided,,,2.48,2.48,0,0,0,0
aten::fill_,,,14.28,27.96,0,0,0,0
aclnnInplaceFillScalar,,,13.68,13.68,0,0,0,0
aten::slice,,,4.01,7.57,0,0,0,0
aten::as_strided,,,3.56,3.56,0,0,0,0
aten::fill_,,,10.75,22.11,0,0,0,0
aclnnInplaceFillScalar,,,11.36,11.36,0,0,0,0
aten::diff,,,8.43,34.85,0,0,0,0
aten::narrow,,,6.85,11.18,0,0,0,0
aten::slice,,,2.31,4.33,0,0,0,0
aten::as_strided,,,2.02,2.02,0,0,0,0
aten::narrow,,,2.06,4.2,0,0,0,0
aten::slice,,,1.13,2.14,0,0,0,0
aten::as_strided,,,1.01,1.01,0,0,0,0
aten::sub,,,11.04,11.04,0,0,0,0
aten::eq,,,12.8,27.23,0,0,0,0
aten::to,,,1.55,14.43,0,0,0,0
aten::_to_copy,,,4.8,12.88,0,0,0,0
aten::empty_strided,,,2.74,2.74,0,0,0,0
aten::copy_,,,5.34,5.34,0,0,0,0
aten::__and__,,,2.03,7.52,0,0,0,0
aten::bitwise_and,,,5.49,5.49,0,0,0,0
aten::gt,,,9.09,17.68,0,0,0,0
aten::to,,,0.92,8.59,0,0,0,0
aten::_to_copy,,,2.86,7.67,0,0,0,0
aten::empty_strided,,,1.98,1.98,0,0,0,0
aten::copy_,,,2.83,2.83,0,0,0,0
aten::__and__,,,1.22,4.44,0,0,0,0
aten::bitwise_and,,,3.22,3.22,0,0,0,0
aten::any,,,7.73,16.31,0,0,0,0
aten::view_as,,,2.16,4.66,0,0,0,0
aten::view,,,2.5,2.5,0,0,0,0
aten::to,,,0.4,0.4,0,0,0,0
aten::copy_,,,3.52,3.52,0,0,0,0
aten::item,,,1.79,3.58,0,0,0,0
aten::_local_scalar_dense,,,1.79,1.79,0,0,0,0
aten::slice,,,4.9,6.42,0,0,0,0
aten::as_strided,,,1.52,1.52,0,0,0,0
aten::slice,,,2.27,3.09,0,0,0,0
aten::as_strided,,,0.82,0.82,0,0,0,0
aten::sub,,,5.36,5.36,0,0,0,0
aten::select,,,2.97,4.1,0,0,0,0
aten::as_strided,,,1.13,1.13,0,0,0,0
aten::item,,,1.15,2.34,0,0,0,0
aten::_local_scalar_dense,,,1.19,1.19,0,0,0,0
aten::select,,,4.2,9.88,0,0,0,0
aten::as_strided,,,5.68,5.68,0,0,0,0
aten::slice,,,4.43,6.02,0,0,0,0
aten::as_strided,,,1.59,1.59,0,0,0,0
aten::slice,,,2.45,3.35,0,0,0,0
aten::as_strided,,,0.9,0.9,0,0,0,0
aten::sub,,,5.54,5.54,0,0,0,0
aten::add,,,7.06,17.18,0,0,0,0
aten::to,,,1.23,10.12,0,0,0,0
aten::_to_copy,,,3.24,8.89,0,0,0,0
aten::empty_strided,,,2.2,2.2,0,0,0,0
aten::copy_,,,3.45,3.45,0,0,0,0
aten::sub,,,4.54,11.17,0,0,0,0
aten::to,,,0.76,6.63,0,0,0,0
aten::_to_copy,,,2.16,5.87,0,0,0,0
aten::empty_strided,,,1.5,1.5,0,0,0,0
aten::copy_,,,2.21,2.21,0,0,0,0
aten::floor_divide,,,8.09,17.85,0,0,0,0
aten::to,,,0.87,7.29,0,0,0,0
aten::_to_copy,,,2.35,6.42,0,0,0,0
aten::empty_strided,,,1.59,1.59,0,0,0,0
aten::copy_,,,2.48,2.48,0,0,0,0
aten::empty,,,2.47,2.47,0,0,0,0
aten::resolve_conj,,,0.97,0.97,0,0,0,0
aten::resolve_neg,,,0.56,0.56,0,0,0,0
aten::arange,,,5.86,32.65,0,0,0,0
aten::empty,,,1.37,1.37,0,0,0,0
aten::arange,,,21.68,25.42,0,0,0,0
aten::resize_,,,3.74,3.74,0,0,0,0
aten::cat,,,8.65,8.65,0,0,0,0
aten::eq,,,6.95,6.95,0,0,0,0
aten::cumsum,,,8.68,18.06,0,0,0,0
aten::to,,,0.81,9.38,0,0,0,0
aten::_to_copy,,,2.6,8.57,0,0,0,0
aten::empty_strided,,,2.05,2.05,0,0,0,0
aten::copy_,,,3.92,3.92,0,0,0,0
aten::sub,,,4.46,4.46,0,0,0,0
aten::stack,,,4.35,26.74,0,0,0,0
aten::unsqueeze,,,2.78,4.59,0,0,0,0
aten::as_strided,,,1.81,1.81,0,0,0,0
aten::unsqueeze,,,0.84,1.53,0,0,0,0
aten::as_strided,,,0.69,0.69,0,0,0,0
aten::cat,,,9.7,16.27,0,0,0,0
aten::narrow,,,2.48,6.57,0,0,0,0
aten::slice,,,1.73,4.09,0,0,0,0
aten::as_strided,,,2.36,2.36,0,0,0,0
aten::to,,,1.96,10.12,0,0,0,0
aten::_to_copy,,,2.89,8.16,0,0,0,0
aten::empty_strided,,,2.01,2.01,0,0,0,0
aten::copy_,,,3.26,3.26,0,0,0,0
aten::empty,,,2.44,2.44,0,0,0,0
aten::to,,,0.64,0.64,0,0,0,0
aten::lift_fresh,,,0.77,0.77,0,0,0,0
aten::detach_,,,1.07,1.07,0,0,0,0
aten::slice,,,4.45,5.86,0,0,0,0
aten::as_strided,,,1.41,1.41,0,0,0,0
aten::slice,,,2.25,3.03,0,0,0,0
aten::as_strided,,,0.78,0.78,0,0,0,0
aten::sub,,,4.47,4.47,0,0,0,0
aten::add,,,5.55,13.87,0,0,0,0
aten::to,,,0.94,8.32,0,0,0,0
aten::_to_copy,,,2.5,7.38,0,0,0,0
aten::empty_strided,,,1.88,1.88,0,0,0,0
aten::copy_,,,3.0,3.0,0,0,0,0
aten::sub,,,4.32,10.82,0,0,0,0
aten::to,,,0.86,6.5,0,0,0,0
aten::_to_copy,,,2.14,5.64,0,0,0,0
aten::empty_strided,,,1.4,1.4,0,0,0,0
aten::copy_,,,2.1,2.1,0,0,0,0
aten::floor_divide,,,5.55,13.94,0,0,0,0
aten::to,,,0.67,7.0,0,0,0,0
aten::_to_copy,,,2.41,6.33,0,0,0,0
aten::empty_strided,,,1.48,1.48,0,0,0,0
aten::copy_,,,2.44,2.44,0,0,0,0
aten::empty,,,1.39,1.39,0,0,0,0
aten::cat,,,4.22,4.22,0,0,0,0
aten::cumsum,,,5.32,13.51,0,0,0,0
aten::to,,,0.73,8.19,0,0,0,0
aten::_to_copy,,,2.37,7.46,0,0,0,0
aten::empty_strided,,,1.67,1.67,0,0,0,0
aten::copy_,,,3.42,3.42,0,0,0,0
aten::empty,,,2.63,2.63,0,0,0,0
aten::to,,,0.67,0.67,0,0,0,0
aten::lift_fresh,,,0.59,0.59,0,0,0,0
aten::detach_,,,0.37,0.37,0,0,0,0
aten::slice,,,4.22,5.74,0,0,0,0
aten::as_strided,,,1.52,1.52,0,0,0,0
aten::slice,,,2.09,2.88,0,0,0,0
aten::as_strided,,,0.79,0.79,0,0,0,0
aten::sub,,,4.13,4.13,0,0,0,0
aten::add,,,4.54,12.12,0,0,0,0
aten::to,,,0.9,7.58,0,0,0,0
aten::_to_copy,,,2.34,6.68,0,0,0,0
aten::empty_strided,,,1.78,1.78,0,0,0,0
aten::copy_,,,2.56,2.56,0,0,0,0
aten::sub,,,3.94,10.13,0,0,0,0
aten::to,,,0.72,6.19,0,0,0,0
aten::_to_copy,,,2.23,5.47,0,0,0,0
aten::empty_strided,,,1.14,1.14,0,0,0,0
aten::copy_,,,2.1,2.1,0,0,0,0
aten::floor_divide,,,5.63,13.99,0,0,0,0
aten::to,,,0.77,7.15,0,0,0,0
aten::_to_copy,,,2.24,6.38,0,0,0,0
aten::empty_strided,,,1.84,1.84,0,0,0,0
aten::copy_,,,2.3,2.3,0,0,0,0
aten::empty,,,1.21,1.21,0,0,0,0
aten::add,,,3.79,10.0,0,0,0,0
aten::to,,,0.79,6.21,0,0,0,0
aten::_to_copy,,,1.94,5.42,0,0,0,0
aten::empty_strided,,,1.32,1.32,0,0,0,0
aten::copy_,,,2.16,2.16,0,0,0,0
aten::cat,,,3.89,3.89,0,0,0,0
aten::cumsum,,,5.18,12.54,0,0,0,0
aten::to,,,0.85,7.36,0,0,0,0
aten::_to_copy,,,2.27,6.51,0,0,0,0
aten::empty_strided,,,1.41,1.41,0,0,0,0
aten::copy_,,,2.83,2.83,0,0,0,0
aten::slice,,,3.81,5.39,0,0,0,0
aten::as_strided,,,1.58,1.58,0,0,0,0
aten::slice,,,2.42,3.37,0,0,0,0
aten::as_strided,,,0.95,0.95,0,0,0,0
aten::sub,,,4.18,4.18,0,0,0,0
aten::add,,,4.38,11.77,0,0,0,0
aten::to,,,0.94,7.39,0,0,0,0
aten::_to_copy,,,2.24,6.45,0,0,0,0
aten::empty_strided,,,1.68,1.68,0,0,0,0
aten::copy_,,,2.53,2.53,0,0,0,0
aten::sub,,,4.11,9.93,0,0,0,0
aten::to,,,0.93,5.82,0,0,0,0
aten::_to_copy,,,1.7,4.89,0,0,0,0
aten::empty_strided,,,1.26,1.26,0,0,0,0
aten::copy_,,,1.93,1.93,0,0,0,0
aten::floor_divide,,,5.27,13.17,0,0,0,0
aten::to,,,0.69,6.44,0,0,0,0
aten::_to_copy,,,2.03,5.75,0,0,0,0
aten::empty_strided,,,1.45,1.45,0,0,0,0
aten::copy_,,,2.27,2.27,0,0,0,0
aten::empty,,,1.46,1.46,0,0,0,0
aten::add,,,3.99,10.05,0,0,0,0
aten::to,,,0.89,6.06,0,0,0,0
aten::_to_copy,,,1.87,5.17,0,0,0,0
aten::empty_strided,,,1.32,1.32,0,0,0,0
aten::copy_,,,1.98,1.98,0,0,0,0
aten::cumsum,,,4.73,11.53,0,0,0,0
aten::to,,,0.67,6.8,0,0,0,0
aten::_to_copy,,,2.09,6.13,0,0,0,0
aten::empty_strided,,,1.31,1.31,0,0,0,0
aten::copy_,,,2.73,2.73,0,0,0,0
aten::sub,,,3.47,3.47,0,0,0,0
aten::slice,,,3.58,4.84,0,0,0,0
aten::as_strided,,,1.26,1.26,0,0,0,0
aten::slice,,,2.27,3.12,0,0,0,0
aten::as_strided,,,0.85,0.85,0,0,0,0
aten::sub,,,3.61,3.61,0,0,0,0
aten::add,,,4.17,11.48,0,0,0,0
aten::to,,,0.88,7.31,0,0,0,0
aten::_to_copy,,,2.27,6.43,0,0,0,0
aten::empty_strided,,,1.72,1.72,0,0,0,0
aten::copy_,,,2.44,2.44,0,0,0,0
aten::sub,,,3.97,10.12,0,0,0,0
aten::to,,,0.92,6.15,0,0,0,0
aten::_to_copy,,,1.96,5.23,0,0,0,0
aten::empty_strided,,,1.21,1.21,0,0,0,0
aten::copy_,,,2.06,2.06,0,0,0,0
aten::floor_divide,,,4.74,12.38,0,0,0,0
aten::to,,,0.7,6.42,0,0,0,0
aten::_to_copy,,,2.1,5.72,0,0,0,0
aten::empty_strided,,,1.41,1.41,0,0,0,0
aten::copy_,,,2.21,2.21,0,0,0,0
aten::empty,,,1.22,1.22,0,0,0,0
aten::resolve_conj,,,1.14,1.14,0,0,0,0
aten::resolve_neg,,,0.47,0.47,0,0,0,0
aten::arange,,,3.32,12.59,0,0,0,0
aten::empty,,,1.45,1.45,0,0,0,0
aten::arange,,,5.65,7.82,0,0,0,0
aten::resize_,,,2.17,2.17,0,0,0,0
aten::cat,,,4.49,4.49,0,0,0,0
aten::eq,,,6.34,6.34,0,0,0,0
aten::cumsum,,,4.96,12.54,0,0,0,0
aten::to,,,0.83,7.58,0,0,0,0
aten::_to_copy,,,2.34,6.75,0,0,0,0
aten::empty_strided,,,1.43,1.43,0,0,0,0
aten::copy_,,,2.98,2.98,0,0,0,0
aten::sub,,,3.54,3.54,0,0,0,0
aten::stack,,,2.95,20.61,0,0,0,0
aten::unsqueeze,,,1.83,3.47,0,0,0,0
aten::as_strided,,,1.64,1.64,0,0,0,0
aten::unsqueeze,,,1.04,1.7,0,0,0,0
aten::as_strided,,,0.66,0.66,0,0,0,0
aten::cat,,,6.88,12.49,0,0,0,0
aten::narrow,,,2.67,5.61,0,0,0,0
aten::slice,,,1.73,2.94,0,0,0,0
aten::as_strided,,,1.21,1.21,0,0,0,0
aten::to,,,1.29,8.74,0,0,0,0
aten::_to_copy,,,2.63,7.45,0,0,0,0
aten::empty_strided,,,1.97,1.97,0,0,0,0
aten::copy_,,,2.85,2.85,0,0,0,0
aten::slice,,,4.15,5.5,0,0,0,0
aten::as_strided,,,1.35,1.35,0,0,0,0
aten::slice,,,2.06,2.89,0,0,0,0
aten::as_strided,,,0.83,0.83,0,0,0,0
aten::sub,,,4.32,4.32,0,0,0,0
aten::add,,,4.72,12.01,0,0,0,0
aten::to,,,0.82,7.29,0,0,0,0
aten::_to_copy,,,2.37,6.47,0,0,0,0
aten::empty_strided,,,1.62,1.62,0,0,0,0
aten::copy_,,,2.48,2.48,0,0,0,0
aten::sub,,,4.2,10.2,0,0,0,0
aten::to,,,0.7,6.0,0,0,0,0
aten::_to_copy,,,1.96,5.3,0,0,0,0
aten::empty_strided,,,1.31,1.31,0,0,0,0
aten::copy_,,,2.03,2.03,0,0,0,0
aten::floor_divide,,,5.25,13.37,0,0,0,0
aten::to,,,0.79,6.67,0,0,0,0
aten::_to_copy,,,2.31,5.88,0,0,0,0
aten::empty_strided,,,1.43,1.43,0,0,0,0
aten::copy_,,,2.14,2.14,0,0,0,0
aten::empty,,,1.45,1.45,0,0,0,0
aten::resolve_conj,,,0.87,0.87,0,0,0,0
aten::resolve_neg,,,0.42,0.42,0,0,0,0
aten::arange,,,3.21,11.3,0,0,0,0
aten::empty,,,1.63,1.63,0,0,0,0
aten::arange,,,4.86,6.46,0,0,0,0
aten::resize_,,,1.6,1.6,0,0,0,0
aten::cat,,,3.95,3.95,0,0,0,0
aten::eq,,,6.0,6.0,0,0,0,0
aten::cumsum,,,4.98,12.96,0,0,0,0
aten::to,,,0.87,7.98,0,0,0,0
aten::_to_copy,,,2.41,7.11,0,0,0,0
aten::empty_strided,,,1.69,1.69,0,0,0,0
aten::copy_,,,3.01,3.01,0,0,0,0
aten::sub,,,3.47,3.47,0,0,0,0
aten::stack,,,3.11,28.23,0,0,0,0
aten::unsqueeze,,,1.81,10.2,0,0,0,0
aten::as_strided,,,8.39,8.39,0,0,0,0
aten::unsqueeze,,,1.03,1.69,0,0,0,0
aten::as_strided,,,0.66,0.66,0,0,0,0
aten::cat,,,7.48,13.23,0,0,0,0
aten::narrow,,,2.13,5.75,0,0,0,0
aten::slice,,,1.66,3.62,0,0,0,0
aten::as_strided,,,1.96,1.96,0,0,0,0
aten::to,,,1.39,8.96,0,0,0,0
aten::_to_copy,,,2.62,7.57,0,0,0,0
aten::empty_strided,,,1.89,1.89,0,0,0,0
aten::copy_,,,3.06,3.06,0,0,0,0
aten::to,,,4.44,12.94,0,0,0,0
aten::_to_copy,,,2.61,8.5,0,0,0,0
aten::empty_strided,,,1.98,1.98,0,0,0,0
aten::copy_,,,3.91,3.91,0,0,0,0
aten::reshape,,,1.81,4.22,0,0,0,0
aten::view,,,2.41,2.41,0,0,0,0
aten::resolve_conj,,,0.83,0.83,0,0,0,0
aten::resolve_neg,,,0.41,0.41,0,0,0,0
aten::empty,,,2.54,2.54,0,0,0,0
aten::to,,,0.6,0.6,0,0,0,0
aten::lift_fresh,,,3.75,3.75,0,0,0,0
aten::detach_,,,0.53,0.53,0,0,0,0
aten::slice,,,1.83,3.41,0,0,0,0
aten::as_strided,,,1.58,1.58,0,0,0,0
aten::slice,,,1.13,2.13,0,0,0,0
aten::as_strided,,,1.0,1.0,0,0,0,0
aten::sub,,,5.01,5.01,0,0,0,0
aten::gt,,,6.5,6.5,0,0,0,0
aten::all,,,6.82,16.24,0,0,0,0
aten::view_as,,,1.36,2.78,0,0,0,0
aten::view,,,1.42,1.42,0,0,0,0
aten::to,,,3.16,3.16,0,0,0,0
aten::copy_,,,3.48,3.48,0,0,0,0
aten::is_nonzero,,,3.96,6.76,0,0,0,0
aten::item,,,1.45,2.8,0,0,0,0
aten::_local_scalar_dense,,,1.35,1.35,0,0,0,0
aten::to,,,1.26,10.31,0,0,0,0
aten::_to_copy,,,2.97,9.05,0,0,0,0
aten::empty_strided,,,2.53,2.53,0,0,0,0
aten::copy_,,,3.55,3.55,0,0,0,0
aten::reshape,,,1.27,2.8,0,0,0,0
aten::view,,,1.53,1.53,0,0,0,0
aten::resolve_conj,,,3.32,3.32,0,0,0,0
aten::resolve_neg,,,0.39,0.39,0,0,0,0
aten::to,,,2.83,219.5,0,0,0,0
aten::_to_copy,,,7.73,216.67,0,0,0,0
aten::empty_strided,,,11.7,19.24,0,0,0,0
empty_tensor,,,7.54,7.54,0,0,0,0
aten::copy_,,,168.16,189.7,0,0,0,0
acl_memcpy_host_to_device,,,21.54,21.54,0,0,0,0
aten::to,,,3.32,143.34,0,0,0,0
aten::_to_copy,,,6.71,140.02,0,0,0,0
aten::empty_strided,,,15.02,21.77,0,0,0,0
empty_tensor,,,6.75,6.75,0,0,0,0
aten::copy_,,,95.25,111.54,0,0,0,0
acl_memcpy_host_to_device,,,16.29,16.29,0,0,0,0
aten::to,,,3.43,102.77,0,0,0,0
aten::_to_copy,,,5.33,99.34,0,0,0,0
aten::empty_strided,,,8.38,14.45,0,0,0,0
empty_tensor,,,6.07,6.07,0,0,0,0
aten::copy_,,,59.74,79.56,0,0,0,0
acl_memcpy_host_to_device,,,19.82,19.82,0,0,0,0
aten::to,,,2.36,107.71,0,0,0,0
aten::_to_copy,,,5.35,105.35,0,0,0,0
aten::empty_strided,,,16.44,21.57,0,0,0,0
empty_tensor,,,5.13,5.13,0,0,0,0
aten::copy_,,,55.48,78.43,0,0,0,0
acl_memcpy_host_to_device,,,22.95,22.95,0,0,0,0
aten::to,,,2.25,87.76,0,0,0,0
aten::_to_copy,,,5.1,85.51,0,0,0,0
aten::empty_strided,,,10.67,15.0,0,0,0,0
empty_tensor,,,4.33,4.33,0,0,0,0
aten::copy_,,,52.59,65.41,0,0,0,0
acl_memcpy_host_to_device,,,12.82,12.82,0,0,0,0
aten::to,,,2.21,98.47,0,0,0,0
aten::_to_copy,,,4.93,96.26,0,0,0,0
aten::empty_strided,,,9.59,14.38,0,0,0,0
empty_tensor,,,4.79,4.79,0,0,0,0
aten::copy_,,,64.14,76.95,0,0,0,0
acl_memcpy_host_to_device,,,12.81,12.81,0,0,0,0
aten::slice,,,9.69,19.52,0,0,0,0
aten::as_strided,,,9.83,9.83,0,0,0,0
aten::slice,,,2.71,5.43,0,0,0,0
aten::as_strided,,,2.72,2.72,0,0,0,0
aten::sub,,,23.72,50.06,0,1.36003125,0,0
empty_tensor,,,8.79,8.79,0,0,0,0
aclnnSub,,,17.55,17.55,1.36003125,1.36003125,0,0
aten::sub,,,14.29,24.3,0,1.26003125,0,0
empty_tensor,,,6.91,6.91,0,0,0,0
aclnnSub,,,3.1,3.1,1.26003125,1.26003125,0,0
aten::gt,,,16.04,24.73,0,4.5800937500000005,0,0
empty_tensor,,,5.54,5.54,0,0,0,0
aclnnGtScalar,,,3.15,3.15,4.5800937500000005,4.5800937500000005,0,0
aten::slice,,,6.86,12.28,0,0,0,0
aten::as_strided,,,5.42,5.42,0,0,0,0
aten::slice,,,5.86,9.0,0,0,0,0
aten::as_strided,,,3.14,3.14,0,0,0,0
aten::slice,,,2.87,6.58,0,0,0,0
aten::as_strided,,,3.71,3.71,0,0,0,0
aten::slice,,,3.14,6.12,0,0,0,0
aten::as_strided,,,2.98,2.98,0,0,0,0
aten::slice,,,2.44,5.22,0,0,0,0
aten::as_strided,,,2.78,2.78,0,0,0,0
aten::slice,,,2.52,5.25,0,0,0,0
aten::as_strided,,,2.73,2.73,0,0,0,0
aten::fill_,,,16.15,32.84,0,0,0,0
aclnnInplaceFillScalar,,,16.69,16.69,0,0,0,0
aten::slice,,,5.49,9.55,0,0,0,0
aten::as_strided,,,4.06,4.06,0,0,0,0
aten::fill_,,,11.77,39.26,0,0,0,0
aclnnInplaceFillScalar,,,27.49,27.49,0,0,0,0
aten::diff,,,7.19,33.72,0,0,0,0
aten::narrow,,,5.68,10.98,0,0,0,0
aten::slice,,,2.5,5.3,0,0,0,0
aten::as_strided,,,2.8,2.8,0,0,0,0
aten::narrow,,,2.22,4.16,0,0,0,0
aten::slice,,,1.0,1.94,0,0,0,0
aten::as_strided,,,0.94,0.94,0,0,0,0
aten::sub,,,11.39,11.39,0,0,0,0
aten::eq,,,11.4,25.27,0,0,0,0
aten::to,,,1.47,13.87,0,0,0,0
aten::_to_copy,,,4.52,12.4,0,0,0,0
aten::empty_strided,,,2.62,2.62,0,0,0,0
aten::copy_,,,5.26,5.26,0,0,0,0
aten::__and__,,,1.78,5.97,0,0,0,0
aten::bitwise_and,,,4.19,4.19,0,0,0,0
aten::gt,,,7.28,15.66,0,0,0,0
aten::to,,,1.15,8.38,0,0,0,0
aten::_to_copy,,,2.66,7.23,0,0,0,0
aten::empty_strided,,,1.84,1.84,0,0,0,0
aten::copy_,,,2.73,2.73,0,0,0,0
aten::__and__,,,1.43,4.3,0,0,0,0
aten::bitwise_and,,,2.87,2.87,0,0,0,0
aten::any,,,5.84,12.59,0,0,0,0
aten::view_as,,,1.72,3.58,0,0,0,0
aten::view,,,1.86,1.86,0,0,0,0
aten::to,,,0.38,0.38,0,0,0,0
aten::copy_,,,2.79,2.79,0,0,0,0
aten::item,,,1.61,2.8,0,0,0,0
aten::_local_scalar_dense,,,1.19,1.19,0,0,0,0
aten::slice,,,4.76,6.37,0,0,0,0
aten::as_strided,,,1.61,1.61,0,0,0,0
aten::slice,,,2.06,2.9,0,0,0,0
aten::as_strided,,,0.84,0.84,0,0,0,0
aten::sub,,,4.99,4.99,0,0,0,0
aten::select,,,3.15,4.45,0,0,0,0
aten::as_strided,,,1.3,1.3,0,0,0,0
aten::item,,,1.11,2.04,0,0,0,0
aten::_local_scalar_dense,,,0.93,0.93,0,0,0,0
aten::select,,,3.62,9.2,0,0,0,0
aten::as_strided,,,5.58,5.58,0,0,0,0
aten::slice,,,4.1,5.49,0,0,0,0
aten::as_strided,,,1.39,1.39,0,0,0,0
aten::slice,,,2.38,3.22,0,0,0,0
aten::as_strided,,,0.84,0.84,0,0,0,0
aten::sub,,,5.26,5.26,0,0,0,0
aten::add,,,5.76,15.62,0,0,0,0
aten::to,,,1.14,9.86,0,0,0,0
aten::_to_copy,,,3.23,8.72,0,0,0,0
aten::empty_strided,,,2.27,2.27,0,0,0,0
aten::copy_,,,3.22,3.22,0,0,0,0
aten::sub,,,4.26,11.2,0,0,0,0
aten::to,,,0.95,6.94,0,0,0,0
aten::_to_copy,,,2.19,5.99,0,0,0,0
aten::empty_strided,,,1.39,1.39,0,0,0,0
aten::copy_,,,2.41,2.41,0,0,0,0
aten::floor_divide,,,6.81,15.72,0,0,0,0
aten::to,,,0.97,6.93,0,0,0,0
aten::_to_copy,,,2.07,5.96,0,0,0,0
aten::empty_strided,,,1.64,1.64,0,0,0,0
aten::copy_,,,2.25,2.25,0,0,0,0
aten::empty,,,1.98,1.98,0,0,0,0
aten::resolve_conj,,,1.22,1.22,0,0,0,0
aten::resolve_neg,,,0.59,0.59,0,0,0,0
aten::arange,,,3.88,14.06,0,0,0,0
aten::empty,,,1.55,1.55,0,0,0,0
aten::arange,,,6.71,8.63,0,0,0,0
aten::resize_,,,1.92,1.92,0,0,0,0
aten::cat,,,5.5,5.5,0,0,0,0
aten::eq,,,6.34,6.34,0,0,0,0
aten::cumsum,,,6.15,14.72,0,0,0,0
aten::to,,,0.93,8.57,0,0,0,0
aten::_to_copy,,,2.66,7.64,0,0,0,0
aten::empty_strided,,,1.77,1.77,0,0,0,0
aten::copy_,,,3.21,3.21,0,0,0,0
aten::sub,,,3.58,3.58,0,0,0,0
aten::stack,,,3.29,23.04,0,0,0,0
aten::unsqueeze,,,2.12,3.78,0,0,0,0
aten::as_strided,,,1.66,1.66,0,0,0,0
aten::unsqueeze,,,1.01,1.73,0,0,0,0
aten::as_strided,,,0.72,0.72,0,0,0,0
aten::cat,,,8.11,14.24,0,0,0,0
aten::narrow,,,2.34,6.13,0,0,0,0
aten::slice,,,1.88,3.79,0,0,0,0
aten::as_strided,,,1.91,1.91,0,0,0,0
aten::to,,,1.46,9.34,0,0,0,0
aten::_to_copy,,,2.76,7.88,0,0,0,0
aten::empty_strided,,,2.04,2.04,0,0,0,0
aten::copy_,,,3.08,3.08,0,0,0,0
aten::empty,,,2.53,2.53,0,0,0,0
aten::to,,,0.6,0.6,0,0,0,0
aten::lift_fresh,,,0.89,0.89,0,0,0,0
aten::detach_,,,0.54,0.54,0,0,0,0
aten::slice,,,4.39,5.69,0,0,0,0
aten::as_strided,,,1.3,1.3,0,0,0,0
aten::slice,,,2.49,3.51,0,0,0,0
aten::as_strided,,,1.02,1.02,0,0,0,0
aten::sub,,,4.55,4.55,0,0,0,0
aten::add,,,5.31,13.94,0,0,0,0
aten::to,,,1.05,8.63,0,0,0,0
aten::_to_copy,,,2.53,7.58,0,0,0,0
aten::empty_strided,,,2.02,2.02,0,0,0,0
aten::copy_,,,3.03,3.03,0,0,0,0
aten::sub,,,4.49,10.66,0,0,0,0
aten::to,,,0.69,6.17,0,0,0,0
aten::_to_copy,,,1.77,5.48,0,0,0,0
aten::empty_strided,,,1.42,1.42,0,0,0,0
aten::copy_,,,2.29,2.29,0,0,0,0
aten::floor_divide,,,5.82,13.78,0,0,0,0
aten::to,,,0.76,6.51,0,0,0,0
aten::_to_copy,,,2.23,5.75,0,0,0,0
aten::empty_strided,,,1.4,1.4,0,0,0,0
aten::copy_,,,2.12,2.12,0,0,0,0
aten::empty,,,1.45,1.45,0,0,0,0
aten::cat,,,4.27,4.27,0,0,0,0
aten::cumsum,,,5.31,12.44,0,0,0,0
aten::to,,,0.83,7.13,0,0,0,0
aten::_to_copy,,,2.05,6.3,0,0,0,0
aten::empty_strided,,,1.27,1.27,0,0,0,0
aten::copy_,,,2.98,2.98,0,0,0,0
aten::empty,,,19.22,19.22,0,0,0,0
aten::to,,,0.73,0.73,0,0,0,0
aten::lift_fresh,,,0.69,0.69,0,0,0,0
aten::detach_,,,0.43,0.43,0,0,0,0
aten::slice,,,4.42,6.26,0,0,0,0
aten::as_strided,,,1.84,1.84,0,0,0,0
aten::slice,,,2.51,3.52,0,0,0,0
aten::as_strided,,,1.01,1.01,0,0,0,0
aten::sub,,,4.75,4.75,0,0,0,0
aten::add,,,4.84,12.61,0,0,0,0
aten::to,,,0.98,7.77,0,0,0,0
aten::_to_copy,,,2.33,6.79,0,0,0,0
aten::empty_strided,,,1.72,1.72,0,0,0,0
aten::copy_,,,2.74,2.74,0,0,0,0
aten::sub,,,4.5,10.65,0,0,0,0
aten::to,,,0.82,6.15,0,0,0,0
aten::_to_copy,,,1.78,5.33,0,0,0,0
aten::empty_strided,,,1.38,1.38,0,0,0,0
aten::copy_,,,2.17,2.17,0,0,0,0
aten::floor_divide,,,5.61,13.78,0,0,0,0
aten::to,,,0.77,6.82,0,0,0,0
aten::_to_copy,,,2.26,6.05,0,0,0,0
aten::empty_strided,,,1.53,1.53,0,0,0,0
aten::copy_,,,2.26,2.26,0,0,0,0
aten::empty,,,1.35,1.35,0,0,0,0
aten::add,,,3.92,9.93,0,0,0,0
aten::to,,,0.68,6.01,0,0,0,0
aten::_to_copy,,,2.0,5.33,0,0,0,0
aten::empty_strided,,,1.31,1.31,0,0,0,0
aten::copy_,,,2.02,2.02,0,0,0,0
aten::cat,,,4.17,4.17,0,0,0,0
aten::cumsum,,,5.08,12.57,0,0,0,0
aten::to,,,0.92,7.49,0,0,0,0
aten::_to_copy,,,2.05,6.57,0,0,0,0
aten::empty_strided,,,1.66,1.66,0,0,0,0
aten::copy_,,,2.86,2.86,0,0,0,0
aten::slice,,,3.72,5.22,0,0,0,0
aten::as_strided,,,1.5,1.5,0,0,0,0
aten::slice,,,1.96,2.89,0,0,0,0
aten::as_strided,,,0.93,0.93,0,0,0,0
aten::sub,,,4.13,4.13,0,0,0,0
aten::add,,,4.16,11.22,0,0,0,0
aten::to,,,0.77,7.06,0,0,0,0
aten::_to_copy,,,2.16,6.29,0,0,0,0
aten::empty_strided,,,1.63,1.63,0,0,0,0
aten::copy_,,,2.5,2.5,0,0,0,0
aten::sub,,,4.08,10.42,0,0,0,0
aten::to,,,0.75,6.34,0,0,0,0
aten::_to_copy,,,1.98,5.59,0,0,0,0
aten::empty_strided,,,1.41,1.41,0,0,0,0
aten::copy_,,,2.2,2.2,0,0,0,0
aten::floor_divide,,,5.29,13.02,0,0,0,0
aten::to,,,0.77,6.44,0,0,0,0
aten::_to_copy,,,2.11,5.67,0,0,0,0
aten::empty_strided,,,1.43,1.43,0,0,0,0
aten::copy_,,,2.13,2.13,0,0,0,0
aten::empty,,,1.29,1.29,0,0,0,0
aten::add,,,3.9,10.04,0,0,0,0
aten::to,,,0.77,6.14,0,0,0,0
aten::_to_copy,,,1.98,5.37,0,0,0,0
aten::empty_strided,,,1.27,1.27,0,0,0,0
aten::copy_,,,2.12,2.12,0,0,0,0
aten::cumsum,,,4.57,11.01,0,0,0,0
aten::to,,,0.71,6.44,0,0,0,0
aten::_to_copy,,,2.02,5.73,0,0,0,0
aten::empty_strided,,,1.31,1.31,0,0,0,0
aten::copy_,,,2.4,2.4,0,0,0,0
aten::sub,,,3.18,3.18,0,0,0,0
aten::slice,,,3.74,5.17,0,0,0,0
aten::as_strided,,,1.43,1.43,0,0,0,0
aten::slice,,,2.1,2.82,0,0,0,0
aten::as_strided,,,0.72,0.72,0,0,0,0
aten::sub,,,3.41,3.41,0,0,0,0
aten::add,,,4.31,11.8,0,0,0,0
aten::to,,,1.01,7.49,0,0,0,0
aten::_to_copy,,,2.24,6.48,0,0,0,0
aten::empty_strided,,,1.78,1.78,0,0,0,0
aten::copy_,,,2.46,2.46,0,0,0,0
aten::sub,,,4.06,9.75,0,0,0,0
aten::to,,,0.61,5.69,0,0,0,0
aten::_to_copy,,,2.04,5.08,0,0,0,0
aten::empty_strided,,,1.08,1.08,0,0,0,0
aten::copy_,,,1.96,1.96,0,0,0,0
aten::floor_divide,,,4.95,12.62,0,0,0,0
aten::to,,,0.73,6.42,0,0,0,0
aten::_to_copy,,,2.25,5.69,0,0,0,0
aten::empty_strided,,,1.31,1.31,0,0,0,0
aten::copy_,,,2.13,2.13,0,0,0,0
aten::empty,,,1.25,1.25,0,0,0,0
aten::resolve_conj,,,1.1,1.1,0,0,0,0
aten::resolve_neg,,,0.56,0.56,0,0,0,0
aten::arange,,,3.57,11.86,0,0,0,0
aten::empty,,,1.35,1.35,0,0,0,0
aten::arange,,,5.45,6.94,0,0,0,0
aten::resize_,,,1.49,1.49,0,0,0,0
aten::cat,,,4.21,4.21,0,0,0,0
aten::eq,,,7.02,7.02,0,0,0,0
aten::cumsum,,,5.17,13.71,0,0,0,0
aten::to,,,0.85,8.54,0,0,0,0
aten::_to_copy,,,2.57,7.69,0,0,0,0
aten::empty_strided,,,1.86,1.86,0,0,0,0
aten::copy_,,,3.26,3.26,0,0,0,0
aten::sub,,,3.56,3.56,0,0,0,0
aten::stack,,,3.04,19.63,0,0,0,0
aten::unsqueeze,,,1.79,3.55,0,0,0,0
aten::as_strided,,,1.76,1.76,0,0,0,0
aten::unsqueeze,,,0.76,1.5,0,0,0,0
aten::as_strided,,,0.74,0.74,0,0,0,0
aten::cat,,,6.76,11.54,0,0,0,0
aten::narrow,,,2.31,4.78,0,0,0,0
aten::slice,,,1.46,2.47,0,0,0,0
aten::as_strided,,,1.01,1.01,0,0,0,0
aten::to,,,1.35,9.19,0,0,0,0
aten::_to_copy,,,2.41,7.84,0,0,0,0
aten::empty_strided,,,2.19,2.19,0,0,0,0
aten::copy_,,,3.24,3.24,0,0,0,0
aten::slice,,,3.82,5.17,0,0,0,0
aten::as_strided,,,1.35,1.35,0,0,0,0
aten::slice,,,2.09,2.8,0,0,0,0
aten::as_strided,,,0.71,0.71,0,0,0,0
aten::sub,,,4.15,4.15,0,0,0,0
aten::add,,,4.81,12.46,0,0,0,0
aten::to,,,0.84,7.65,0,0,0,0
aten::_to_copy,,,2.38,6.81,0,0,0,0
aten::empty_strided,,,1.64,1.64,0,0,0,0
aten::copy_,,,2.79,2.79,0,0,0,0
aten::sub,,,4.19,10.24,0,0,0,0
aten::to,,,0.7,6.05,0,0,0,0
aten::_to_copy,,,1.93,5.35,0,0,0,0
aten::empty_strided,,,1.45,1.45,0,0,0,0
aten::copy_,,,1.97,1.97,0,0,0,0
aten::floor_divide,,,5.53,14.35,0,0,0,0
aten::to,,,0.78,7.47,0,0,0,0
aten::_to_copy,,,2.41,6.69,0,0,0,0
aten::empty_strided,,,1.93,1.93,0,0,0,0
aten::copy_,,,2.35,2.35,0,0,0,0
aten::empty,,,1.35,1.35,0,0,0,0
aten::resolve_conj,,,0.89,0.89,0,0,0,0
aten::resolve_neg,,,0.37,0.37,0,0,0,0
aten::arange,,,3.17,10.99,0,0,0,0
aten::empty,,,1.32,1.32,0,0,0,0
aten::arange,,,4.88,6.5,0,0,0,0
aten::resize_,,,1.62,1.62,0,0,0,0
aten::cat,,,4.07,4.07,0,0,0,0
aten::eq,,,6.25,6.25,0,0,0,0
aten::cumsum,,,5.16,13.52,0,0,0,0
aten::to,,,0.87,8.36,0,0,0,0
aten::_to_copy,,,2.54,7.49,0,0,0,0
aten::empty_strided,,,1.89,1.89,0,0,0,0
aten::copy_,,,3.06,3.06,0,0,0,0
aten::sub,,,3.25,3.25,0,0,0,0
aten::stack,,,2.96,20.68,0,0,0,0
aten::unsqueeze,,,1.76,3.55,0,0,0,0
aten::as_strided,,,1.79,1.79,0,0,0,0
aten::unsqueeze,,,0.89,1.69,0,0,0,0
aten::as_strided,,,0.8,0.8,0,0,0,0
aten::cat,,,6.96,12.48,0,0,0,0
aten::narrow,,,1.81,5.52,0,0,0,0
aten::slice,,,1.72,3.71,0,0,0,0
aten::as_strided,,,1.99,1.99,0,0,0,0
aten::to,,,1.44,8.92,0,0,0,0
aten::_to_copy,,,2.62,7.48,0,0,0,0
aten::empty_strided,,,2.07,2.07,0,0,0,0
aten::copy_,,,2.79,2.79,0,0,0,0
aten::to,,,1.05,8.66,0,0,0,0
aten::_to_copy,,,2.24,7.61,0,0,0,0
aten::empty_strided,,,2.08,2.08,0,0,0,0
aten::copy_,,,3.29,3.29,0,0,0,0
aten::reshape,,,2.03,4.09,0,0,0,0
aten::view,,,2.06,2.06,0,0,0,0
aten::resolve_conj,,,0.67,0.67,0,0,0,0
aten::resolve_neg,,,0.38,0.38,0,0,0,0
aten::empty,,,2.18,2.18,0,0,0,0
aten::to,,,0.71,0.71,0,0,0,0
aten::lift_fresh,,,0.59,0.59,0,0,0,0
aten::detach_,,,0.48,0.48,0,0,0,0
aten::slice,,,1.71,3.07,0,0,0,0
aten::as_strided,,,1.36,1.36,0,0,0,0
aten::slice,,,1.06,1.91,0,0,0,0
aten::as_strided,,,0.85,0.85,0,0,0,0
aten::sub,,,4.57,4.57,0,0,0,0
aten::gt,,,6.3,6.3,0,0,0,0
aten::all,,,5.18,11.29,0,0,0,0
aten::view_as,,,1.31,2.67,0,0,0,0
aten::view,,,1.36,1.36,0,0,0,0
aten::to,,,0.58,0.58,0,0,0,0
aten::copy_,,,2.86,2.86,0,0,0,0
aten::is_nonzero,,,1.62,4.21,0,0,0,0
aten::item,,,1.63,2.59,0,0,0,0
aten::_local_scalar_dense,,,0.96,0.96,0,0,0,0
aten::to,,,1.47,17.89,0,0,0,0
aten::_to_copy,,,3.07,16.42,0,0,0,0
aten::empty_strided,,,9.78,9.78,0,0,0,0
aten::copy_,,,3.57,3.57,0,0,0,0
aten::reshape,,,1.21,2.58,0,0,0,0
aten::view,,,1.37,1.37,0,0,0,0
aten::resolve_conj,,,0.79,0.79,0,0,0,0
aten::resolve_neg,,,0.43,0.43,0,0,0,0
aten::to,,,2.61,153.67,0,0,0,0
aten::_to_copy,,,6.51,151.06,0,0,0,0
aten::empty_strided,,,12.51,20.38,0,0,0,0
empty_tensor,,,7.87,7.87,0,0,0,0
aten::copy_,,,97.66,124.17,0,0,0,0
acl_memcpy_host_to_device,,,26.51,26.51,0,0,0,0
aten::to,,,3.02,115.87,0,0,0,0
aten::_to_copy,,,5.59,112.85,0,0,0,0
aten::empty_strided,,,9.49,15.25,0,0,0,0
empty_tensor,,,5.76,5.76,0,0,0,0
aten::copy_,,,74.62,92.01,0,0,0,0
acl_memcpy_host_to_device,,,17.39,17.39,0,0,0,0
aten::to,,,4.74,108.93,0,0,0,0
aten::_to_copy,,,5.07,104.19,0,0,0,0
aten::empty_strided,,,8.16,21.83,0,0,0,0
empty_tensor,,,13.67,13.67,0,0,0,0
aten::copy_,,,61.17,77.29,0,0,0,0
acl_memcpy_host_to_device,,,16.12,16.12,0,0,0,0
aten::to,,,2.45,102.24,0,0,0,0
aten::_to_copy,,,4.52,99.79,0,0,0,0
aten::empty_strided,,,10.32,21.06,0,0,0,0
empty_tensor,,,10.74,10.74,0,0,0,0
aten::copy_,,,55.19,74.21,0,0,0,0
acl_memcpy_host_to_device,,,19.02,19.02,0,0,0,0
aten::to,,,2.22,97.0,0,0,0,0
aten::_to_copy,,,4.57,94.78,0,0,0,0
aten::empty_strided,,,8.86,15.72,0,0,0,0
empty_tensor,,,6.86,6.86,0,0,0,0
aten::copy_,,,59.03,74.49,0,0,0,0
acl_memcpy_host_to_device,,,15.46,15.46,0,0,0,0
aten::to,,,2.46,87.6,0,0,0,0
aten::_to_copy,,,4.52,85.14,0,0,0,0
aten::empty_strided,,,7.74,15.2,0,0,0,0
empty_tensor,,,7.46,7.46,0,0,0,0
aten::copy_,,,53.43,65.42,0,0,0,0
acl_memcpy_host_to_device,,,11.99,11.99,0,0,0,0
aten::slice,,,8.98,15.34,0,0,0,0
aten::as_strided,,,6.36,6.36,0,0,0,0
aten::slice,,,2.75,5.93,0,0,0,0
aten::as_strided,,,3.18,3.18,0,0,0,0
aten::sub,,,22.14,49.76,0,1.24,0,0
empty_tensor,,,8.44,8.44,0,0,0,0
aclnnSub,,,19.18,19.18,1.24,1.24,0,0
aten::sub,,,14.6,35.58,0,1.28003125,0,0
empty_tensor,,,7.18,7.18,0,0,0,0
aclnnSub,,,13.8,13.8,1.28003125,1.28003125,0,0
aten::gt,,,17.19,35.82,0,3.540125,0,0
empty_tensor,,,6.39,6.39,0,0,0,0
aclnnGtScalar,,,12.24,12.24,3.540125,3.540125,0,0
aten::slice,,,7.26,12.61,0,0,0,0
aten::as_strided,,,5.35,5.35,0,0,0,0
aten::slice,,,6.25,9.61,0,0,0,0
aten::as_strided,,,3.36,3.36,0,0,0,0
aten::slice,,,3.01,6.76,0,0,0,0
aten::as_strided,,,3.75,3.75,0,0,0,0
aten::slice,,,3.06,6.35,0,0,0,0
aten::as_strided,,,3.29,3.29,0,0,0,0
aten::slice,,,2.68,5.35,0,0,0,0
aten::as_strided,,,2.67,2.67,0,0,0,0
aten::slice,,,2.41,4.71,0,0,0,0
aten::as_strided,,,2.3,2.3,0,0,0,0
aten::fill_,,,16.21,35.39,0,0,0,0
aclnnInplaceFillScalar,,,19.18,19.18,0,0,0,0
aten::slice,,,4.36,7.88,0,0,0,0
aten::as_strided,,,3.52,3.52,0,0,0,0
aten::fill_,,,12.53,36.25,0,0,0,0
aclnnInplaceFillScalar,,,23.72,23.72,0,0,0,0
aten::diff,,,6.79,32.44,0,0,0,0
aten::narrow,,,5.42,10.63,0,0,0,0
aten::slice,,,2.49,5.21,0,0,0,0
aten::as_strided,,,2.72,2.72,0,0,0,0
aten::narrow,,,1.86,3.74,0,0,0,0
aten::slice,,,1.0,1.88,0,0,0,0
aten::as_strided,,,0.88,0.88,0,0,0,0
aten::sub,,,11.28,11.28,0,0,0,0
aten::eq,,,11.28,25.39,0,0,0,0
aten::to,,,1.46,14.11,0,0,0,0
aten::_to_copy,,,4.8,12.65,0,0,0,0
aten::empty_strided,,,2.66,2.66,0,0,0,0
aten::copy_,,,5.19,5.19,0,0,0,0
aten::__and__,,,1.71,6.03,0,0,0,0
aten::bitwise_and,,,4.32,4.32,0,0,0,0
aten::gt,,,7.65,14.97,0,0,0,0
aten::to,,,0.97,7.32,0,0,0,0
aten::_to_copy,,,2.29,6.35,0,0,0,0
aten::empty_strided,,,1.54,1.54,0,0,0,0
aten::copy_,,,2.52,2.52,0,0,0,0
aten::__and__,,,1.38,4.71,0,0,0,0
aten::bitwise_and,,,3.33,3.33,0,0,0,0
aten::any,,,5.46,11.94,0,0,0,0
aten::view_as,,,1.72,3.52,0,0,0,0
aten::view,,,1.8,1.8,0,0,0,0
aten::to,,,0.44,0.44,0,0,0,0
aten::copy_,,,2.52,2.52,0,0,0,0
aten::item,,,1.84,2.9,0,0,0,0
aten::_local_scalar_dense,,,1.06,1.06,0,0,0,0
aten::slice,,,4.65,6.49,0,0,0,0
aten::as_strided,,,1.84,1.84,0,0,0,0
aten::slice,,,2.38,3.31,0,0,0,0
aten::as_strided,,,0.93,0.93,0,0,0,0
aten::sub,,,4.78,4.78,0,0,0,0
aten::select,,,2.86,4.09,0,0,0,0
aten::as_strided,,,1.23,1.23,0,0,0,0
aten::item,,,1.03,2.02,0,0,0,0
aten::_local_scalar_dense,,,0.99,0.99,0,0,0,0
aten::select,,,3.67,8.97,0,0,0,0
aten::as_strided,,,5.3,5.3,0,0,0,0
aten::slice,,,4.36,6.31,0,0,0,0
aten::as_strided,,,1.95,1.95,0,0,0,0
aten::slice,,,2.25,3.09,0,0,0,0
aten::as_strided,,,0.84,0.84,0,0,0,0
aten::sub,,,5.51,5.51,0,0,0,0
aten::add,,,5.89,15.49,0,0,0,0
aten::to,,,1.01,9.6,0,0,0,0
aten::_to_copy,,,3.1,8.59,0,0,0,0
aten::empty_strided,,,2.28,2.28,0,0,0,0
aten::copy_,,,3.21,3.21,0,0,0,0
aten::sub,,,4.39,10.86,0,0,0,0
aten::to,,,0.86,6.47,0,0,0,0
aten::_to_copy,,,2.11,5.61,0,0,0,0
aten::empty_strided,,,1.24,1.24,0,0,0,0
aten::copy_,,,2.26,2.26,0,0,0,0
aten::floor_divide,,,6.58,15.83,0,0,0,0
aten::to,,,1.09,7.35,0,0,0,0
aten::_to_copy,,,2.37,6.26,0,0,0,0
aten::empty_strided,,,1.56,1.56,0,0,0,0
aten::copy_,,,2.33,2.33,0,0,0,0
aten::empty,,,1.9,1.9,0,0,0,0
aten::resolve_conj,,,1.11,1.11,0,0,0,0
aten::resolve_neg,,,0.54,0.54,0,0,0,0
aten::arange,,,4.12,14.2,0,0,0,0
aten::empty,,,1.45,1.45,0,0,0,0
aten::arange,,,6.33,8.63,0,0,0,0
aten::resize_,,,2.3,2.3,0,0,0,0
aten::cat,,,5.57,5.57,0,0,0,0
aten::eq,,,6.69,6.69,0,0,0,0
aten::cumsum,,,5.98,14.66,0,0,0,0
aten::to,,,1.04,8.68,0,0,0,0
aten::_to_copy,,,2.5,7.64,0,0,0,0
aten::empty_strided,,,1.92,1.92,0,0,0,0
aten::copy_,,,3.22,3.22,0,0,0,0
aten::sub,,,3.85,3.85,0,0,0,0
aten::stack,,,3.35,22.73,0,0,0,0
aten::unsqueeze,,,2.13,3.91,0,0,0,0
aten::as_strided,,,1.78,1.78,0,0,0,0
aten::unsqueeze,,,0.89,1.52,0,0,0,0
aten::as_strided,,,0.63,0.63,0,0,0,0
aten::cat,,,8.11,13.95,0,0,0,0
aten::narrow,,,2.35,5.84,0,0,0,0
aten::slice,,,1.71,3.49,0,0,0,0
aten::as_strided,,,1.78,1.78,0,0,0,0
aten::to,,,1.29,9.21,0,0,0,0
aten::_to_copy,,,2.75,7.92,0,0,0,0
aten::empty_strided,,,1.98,1.98,0,0,0,0
aten::copy_,,,3.19,3.19,0,0,0,0
aten::empty,,,2.1,2.1,0,0,0,0
aten::to,,,0.71,0.71,0,0,0,0
aten::lift_fresh,,,0.76,0.76,0,0,0,0
aten::detach_,,,0.57,0.57,0,0,0,0
aten::slice,,,4.23,5.51,0,0,0,0
aten::as_strided,,,1.28,1.28,0,0,0,0
aten::slice,,,2.28,3.03,0,0,0,0
aten::as_strided,,,0.75,0.75,0,0,0,0
aten::sub,,,4.3,4.3,0,0,0,0
aten::add,,,5.06,13.38,0,0,0,0
aten::to,,,0.87,8.32,0,0,0,0
aten::_to_copy,,,2.81,7.45,0,0,0,0
aten::empty_strided,,,1.85,1.85,0,0,0,0
aten::copy_,,,2.79,2.79,0,0,0,0
aten::sub,,,4.16,10.2,0,0,0,0
aten::to,,,0.8,6.04,0,0,0,0
aten::_to_copy,,,1.95,5.24,0,0,0,0
aten::empty_strided,,,1.27,1.27,0,0,0,0
aten::copy_,,,2.02,2.02,0,0,0,0
aten::floor_divide,,,6.05,14.18,0,0,0,0
aten::to,,,0.83,6.88,0,0,0,0
aten::_to_copy,,,2.29,6.05,0,0,0,0
aten::empty_strided,,,1.58,1.58,0,0,0,0
aten::copy_,,,2.18,2.18,0,0,0,0
aten::empty,,,1.25,1.25,0,0,0,0
aten::cat,,,3.93,3.93,0,0,0,0
aten::cumsum,,,5.53,13.62,0,0,0,0
aten::to,,,0.9,8.09,0,0,0,0
aten::_to_copy,,,2.33,7.19,0,0,0,0
aten::empty_strided,,,1.68,1.68,0,0,0,0
aten::copy_,,,3.18,3.18,0,0,0,0
aten::empty,,,2.04,2.04,0,0,0,0
aten::to,,,0.72,0.72,0,0,0,0
aten::lift_fresh,,,0.5,0.5,0,0,0,0
aten::detach_,,,0.41,0.41,0,0,0,0
aten::slice,,,4.09,5.56,0,0,0,0
aten::as_strided,,,1.47,1.47,0,0,0,0
aten::slice,,,2.02,2.76,0,0,0,0
aten::as_strided,,,0.74,0.74,0,0,0,0
aten::sub,,,4.37,4.37,0,0,0,0
aten::add,,,4.79,12.16,0,0,0,0
aten::to,,,0.71,7.37,0,0,0,0
aten::_to_copy,,,2.36,6.66,0,0,0,0
aten::empty_strided,,,1.67,1.67,0,0,0,0
aten::copy_,,,2.63,2.63,0,0,0,0
aten::sub,,,4.44,10.3,0,0,0,0
aten::to,,,0.72,5.86,0,0,0,0
aten::_to_copy,,,2.0,5.14,0,0,0,0
aten::empty_strided,,,1.17,1.17,0,0,0,0
aten::copy_,,,1.97,1.97,0,0,0,0
aten::floor_divide,,,5.31,13.07,0,0,0,0
aten::to,,,0.83,6.6,0,0,0,0
aten::_to_copy,,,2.18,5.77,0,0,0,0
aten::empty_strided,,,1.4,1.4,0,0,0,0
aten::copy_,,,2.19,2.19,0,0,0,0
aten::empty,,,1.16,1.16,0,0,0,0
aten::add,,,4.05,10.06,0,0,0,0
aten::to,,,0.77,6.01,0,0,0,0
aten::_to_copy,,,2.05,5.24,0,0,0,0
aten::empty_strided,,,1.19,1.19,0,0,0,0
aten::copy_,,,2.0,2.0,0,0,0,0
aten::cat,,,3.65,3.65,0,0,0,0
aten::cumsum,,,7.1,18.41,0,0,0,0
aten::to,,,0.91,11.31,0,0,0,0
aten::_to_copy,,,2.94,10.4,0,0,0,0
aten::empty_strided,,,2.45,2.45,0,0,0,0
aten::copy_,,,5.01,5.01,0,0,0,0
aten::slice,,,4.83,6.4,0,0,0,0
aten::as_strided,,,1.57,1.57,0,0,0,0
aten::slice,,,2.16,2.96,0,0,0,0
aten::as_strided,,,0.8,0.8,0,0,0,0
aten::sub,,,4.56,4.56,0,0,0,0
aten::add,,,4.9,12.15,0,0,0,0
aten::to,,,0.83,7.25,0,0,0,0
aten::_to_copy,,,2.12,6.42,0,0,0,0
aten::empty_strided,,,1.88,1.88,0,0,0,0
aten::copy_,,,2.42,2.42,0,0,0,0
aten::sub,,,3.85,9.96,0,0,0,0
aten::to,,,0.81,6.11,0,0,0,0
aten::_to_copy,,,2.01,5.3,0,0,0,0
aten::empty_strided,,,1.33,1.33,0,0,0,0
aten::copy_,,,1.96,1.96,0,0,0,0
aten::floor_divide,,,5.73,14.0,0,0,0,0
aten::to,,,0.86,6.82,0,0,0,0
aten::_to_copy,,,2.08,5.96,0,0,0,0
aten::empty_strided,,,1.74,1.74,0,0,0,0
aten::copy_,,,2.14,2.14,0,0,0,0
aten::empty,,,1.45,1.45,0,0,0,0
aten::add,,,3.83,10.07,0,0,0,0
aten::to,,,0.74,6.24,0,0,0,0
aten::_to_copy,,,2.0,5.5,0,0,0,0
aten::empty_strided,,,1.46,1.46,0,0,0,0
aten::copy_,,,2.04,2.04,0,0,0,0
aten::cumsum,,,4.4,11.09,0,0,0,0
aten::to,,,0.67,6.69,0,0,0,0
aten::_to_copy,,,2.15,6.02,0,0,0,0
aten::empty_strided,,,1.33,1.33,0,0,0,0
aten::copy_,,,2.54,2.54,0,0,0,0
aten::sub,,,3.37,3.37,0,0,0,0
aten::slice,,,3.83,5.2,0,0,0,0
aten::as_strided,,,1.37,1.37,0,0,0,0
aten::slice,,,2.27,3.11,0,0,0,0
aten::as_strided,,,0.84,0.84,0,0,0,0
aten::sub,,,3.38,3.38,0,0,0,0
aten::add,,,4.59,11.32,0,0,0,0
aten::to,,,0.77,6.73,0,0,0,0
aten::_to_copy,,,2.23,5.96,0,0,0,0
aten::empty_strided,,,1.45,1.45,0,0,0,0
aten::copy_,,,2.28,2.28,0,0,0,0
aten::sub,,,4.02,10.07,0,0,0,0
aten::to,,,0.81,6.05,0,0,0,0
aten::_to_copy,,,2.16,5.24,0,0,0,0
aten::empty_strided,,,1.16,1.16,0,0,0,0
aten::copy_,,,1.92,1.92,0,0,0,0
aten::floor_divide,,,4.86,12.63,0,0,0,0
aten::to,,,0.84,6.49,0,0,0,0
aten::_to_copy,,,2.16,5.65,0,0,0,0
aten::empty_strided,,,1.29,1.29,0,0,0,0
aten::copy_,,,2.2,2.2,0,0,0,0
aten::empty,,,1.28,1.28,0,0,0,0
aten::resolve_conj,,,1.09,1.09,0,0,0,0
aten::resolve_neg,,,0.42,0.42,0,0,0,0
aten::arange,,,3.47,12.39,0,0,0,0
aten::empty,,,1.35,1.35,0,0,0,0
aten::arange,,,5.78,7.57,0,0,0,0
aten::resize_,,,1.79,1.79,0,0,0,0
aten::cat,,,5.01,5.01,0,0,0,0
aten::eq,,,7.0,7.0,0,0,0,0
aten::cumsum,,,5.26,12.91,0,0,0,0
aten::to,,,0.81,7.65,0,0,0,0
aten::_to_copy,,,2.37,6.84,0,0,0,0
aten::empty_strided,,,1.56,1.56,0,0,0,0
aten::copy_,,,2.91,2.91,0,0,0,0
aten::sub,,,3.39,3.39,0,0,0,0
aten::stack,,,3.12,20.32,0,0,0,0
aten::unsqueeze,,,2.08,3.74,0,0,0,0
aten::as_strided,,,1.66,1.66,0,0,0,0
aten::unsqueeze,,,0.83,1.59,0,0,0,0
aten::as_strided,,,0.76,0.76,0,0,0,0
aten::cat,,,7.04,11.87,0,0,0,0
aten::narrow,,,2.25,4.83,0,0,0,0
aten::slice,,,1.49,2.58,0,0,0,0
aten::as_strided,,,1.09,1.09,0,0,0,0
aten::to,,,1.23,9.12,0,0,0,0
aten::_to_copy,,,2.85,7.89,0,0,0,0
aten::empty_strided,,,1.95,1.95,0,0,0,0
aten::copy_,,,3.09,3.09,0,0,0,0
aten::slice,,,3.88,5.25,0,0,0,0
aten::as_strided,,,1.37,1.37,0,0,0,0
aten::slice,,,2.26,3.03,0,0,0,0
aten::as_strided,,,0.77,0.77,0,0,0,0
aten::sub,,,4.2,4.2,0,0,0,0
aten::add,,,4.46,11.63,0,0,0,0
aten::to,,,0.79,7.17,0,0,0,0
aten::_to_copy,,,2.22,6.38,0,0,0,0
aten::empty_strided,,,1.76,1.76,0,0,0,0
aten::copy_,,,2.4,2.4,0,0,0,0
aten::sub,,,3.96,9.85,0,0,0,0
aten::to,,,0.69,5.89,0,0,0,0
aten::_to_copy,,,1.95,5.2,0,0,0,0
aten::empty_strided,,,1.22,1.22,0,0,0,0
aten::copy_,,,2.03,2.03,0,0,0,0
aten::floor_divide,,,5.36,13.27,0,0,0,0
aten::to,,,0.77,6.5,0,0,0,0
aten::_to_copy,,,2.32,5.73,0,0,0,0
aten::empty_strided,,,1.35,1.35,0,0,0,0
aten::copy_,,,2.06,2.06,0,0,0,0
aten::empty,,,1.41,1.41,0,0,0,0
aten::resolve_conj,,,0.9,0.9,0,0,0,0
aten::resolve_neg,,,0.48,0.48,0,0,0,0
aten::arange,,,3.39,11.59,0,0,0,0
aten::empty,,,1.41,1.41,0,0,0,0
aten::arange,,,5.15,6.79,0,0,0,0
aten::resize_,,,1.64,1.64,0,0,0,0
aten::cat,,,4.04,4.04,0,0,0,0
aten::eq,,,5.78,5.78,0,0,0,0
aten::cumsum,,,5.24,12.93,0,0,0,0
aten::to,,,0.79,7.69,0,0,0,0
aten::_to_copy,,,2.53,6.9,0,0,0,0
aten::empty_strided,,,1.57,1.57,0,0,0,0
aten::copy_,,,2.8,2.8,0,0,0,0
aten::sub,,,3.19,3.19,0,0,0,0
aten::stack,,,2.75,19.05,0,0,0,0
aten::unsqueeze,,,1.56,3.17,0,0,0,0
aten::as_strided,,,1.61,1.61,0,0,0,0
aten::unsqueeze,,,0.77,1.36,0,0,0,0
aten::as_strided,,,0.59,0.59,0,0,0,0
aten::cat,,,6.95,11.77,0,0,0,0
aten::narrow,,,1.72,4.82,0,0,0,0
aten::slice,,,1.54,3.1,0,0,0,0
aten::as_strided,,,1.56,1.56,0,0,0,0
aten::to,,,1.16,8.78,0,0,0,0
aten::_to_copy,,,2.65,7.62,0,0,0,0
aten::empty_strided,,,2.0,2.0,0,0,0,0
aten::copy_,,,2.97,2.97,0,0,0,0
aten::to,,,0.99,8.7,0,0,0,0
aten::_to_copy,,,2.58,7.71,0,0,0,0
aten::empty_strided,,,1.6,1.6,0,0,0,0
aten::copy_,,,3.53,3.53,0,0,0,0
aten::reshape,,,1.58,3.88,0,0,0,0
aten::view,,,2.3,2.3,0,0,0,0
aten::resolve_conj,,,0.85,0.85,0,0,0,0
aten::resolve_neg,,,0.51,0.51,0,0,0,0
aten::empty,,,2.45,2.45,0,0,0,0
aten::to,,,0.65,0.65,0,0,0,0
aten::lift_fresh,,,0.78,0.78,0,0,0,0
aten::detach_,,,0.47,0.47,0,0,0,0
aten::slice,,,2.04,3.6,0,0,0,0
aten::as_strided,,,1.56,1.56,0,0,0,0
aten::slice,,,1.23,1.9,0,0,0,0
aten::as_strided,,,0.67,0.67,0,0,0,0
aten::sub,,,4.48,4.48,0,0,0,0
aten::gt,,,6.23,6.23,0,0,0,0
aten::all,,,5.44,11.51,0,0,0,0
aten::view_as,,,1.45,2.66,0,0,0,0
aten::view,,,1.21,1.21,0,0,0,0
aten::to,,,0.44,0.44,0,0,0,0
aten::copy_,,,2.97,2.97,0,0,0,0
aten::is_nonzero,,,1.67,4.49,0,0,0,0
aten::item,,,1.56,2.82,0,0,0,0
aten::_local_scalar_dense,,,1.26,1.26,0,0,0,0
aten::to,,,1.29,9.66,0,0,0,0
aten::_to_copy,,,2.7,8.37,0,0,0,0
aten::empty_strided,,,2.42,2.42,0,0,0,0
aten::copy_,,,3.25,3.25,0,0,0,0
aten::reshape,,,1.2,2.52,0,0,0,0
aten::view,,,1.32,1.32,0,0,0,0
aten::resolve_conj,,,0.66,0.66,0,0,0,0
aten::resolve_neg,,,0.43,0.43,0,0,0,0
aten::to,,,2.49,146.86,0,0,0,0
aten::_to_copy,,,5.9,144.37,0,0,0,0
aten::empty_strided,,,11.32,18.91,0,0,0,0
empty_tensor,,,7.59,7.59,0,0,0,0
aten::copy_,,,97.07,119.56,0,0,0,0
acl_memcpy_host_to_device,,,22.49,22.49,0,0,0,0
aten::to,,,5.01,119.95,0,0,0,0
aten::_to_copy,,,5.81,114.94,0,0,0,0
aten::empty_strided,,,18.96,24.65,0,0,0,0
empty_tensor,,,5.69,5.69,0,0,0,0
aten::copy_,,,70.48,84.48,0,0,0,0
acl_memcpy_host_to_device,,,14.0,14.0,0,0,0,0
aten::to,,,2.33,100.15,0,0,0,0
aten::_to_copy,,,5.17,97.82,0,0,0,0
aten::empty_strided,,,15.67,24.37,0,0,0,0
empty_tensor,,,8.7,8.7,0,0,0,0
aten::copy_,,,54.64,68.28,0,0,0,0
acl_memcpy_host_to_device,,,13.64,13.64,0,0,0,0
aten::to,,,2.43,117.59,0,0,0,0
aten::_to_copy,,,4.75,115.16,0,0,0,0
aten::empty_strided,,,8.41,20.58,0,0,0,0
empty_tensor,,,12.17,12.17,0,0,0,0
aten::copy_,,,63.74,89.83,0,0,0,0
acl_memcpy_host_to_device,,,26.09,26.09,0,0,0,0
aten::to,,,2.07,85.13,0,0,0,0
aten::_to_copy,,,4.54,83.06,0,0,0,0
aten::empty_strided,,,8.0,15.18,0,0,0,0
empty_tensor,,,7.18,7.18,0,0,0,0
aten::copy_,,,52.01,63.34,0,0,0,0
acl_memcpy_host_to_device,,,11.33,11.33,0,0,0,0
aten::to,,,2.42,128.05,0,0,0,0
aten::_to_copy,,,4.5,125.63,0,0,0,0
aten::empty_strided,,,7.53,12.97,0,0,0,0
empty_tensor,,,5.44,5.44,0,0,0,0
aten::copy_,,,94.42,108.16,0,0,0,0
acl_memcpy_host_to_device,,,13.74,13.74,0,0,0,0
aten::slice,,,9.47,16.51,0,0,0,0
aten::as_strided,,,7.04,7.04,0,0,0,0
aten::slice,,,2.87,5.49,0,0,0,0
aten::as_strided,,,2.62,2.62,0,0,0,0
aten::sub,,,22.24,45.68,0,1.3000625,0,0
empty_tensor,,,8.66,8.66,0,0,0,0
aclnnSub,,,14.78,14.78,1.3000625,1.3000625,0,0
aten::sub,,,14.09,23.49,0,1.34003125,0,0
empty_tensor,,,6.46,6.46,0,0,0,0
aclnnSub,,,2.94,2.94,1.34003125,1.34003125,0,0
aten::gt,,,16.39,34.63,0,3.44003125,0,0
empty_tensor,,,5.94,5.94,0,0,0,0
aclnnGtScalar,,,12.3,12.3,3.44003125,3.44003125,0,0
aten::slice,,,6.8,12.13,0,0,0,0
aten::as_strided,,,5.33,5.33,0,0,0,0
Event::record,,,192.23,218.26,0,0.02,0,0
record_event,,,26.03,26.03,0.02,0.02,0,0
aten::slice,,,7.63,14.64,0,0,0,0
aten::as_strided,,,7.01,7.01,0,0,0,0
aten::slice,,,3.73,7.22,0,0,0,0
aten::as_strided,,,3.49,3.49,0,0,0,0
aten::slice,,,7.1,13.92,0,0,0,0
aten::as_strided,,,6.82,6.82,0,0,0,0
aten::scalar_tensor,,,10.86,65.11,0,1.4000625,0,0
aten::empty,,,3.18,14.77,0,0,0,0
empty_tensor,,,11.59,11.59,0,0,0,0
aten::fill_,,,17.56,39.48,0,1.4000625,0,0
aclnnInplaceFillScalar,,,21.92,21.92,1.4000625,1.4000625,0,0
aten::view,,,4.9,4.9,0,0,0,0
aten::expand,,,3.62,6.5,0,0,0,0
aten::as_strided,,,2.88,2.88,0,0,0,0
aten::copy_,,,25.51,49.54,0,4.2201249999999995,0,0
aclnnInplaceCopy,,,24.03,24.03,4.2201249999999995,4.2201249999999995,0,0
aten::scalar_tensor,,,4.71,28.26,0,1.2800625,0,0
aten::empty,,,2.31,9.05,0,0,0,0
empty_tensor,,,6.74,6.74,0,0,0,0
aten::fill_,,,11.46,14.5,0,1.2800625,0,0
aclnnInplaceFillScalar,,,3.04,3.04,1.2800625,1.2800625,0,0
aten::slice,,,6.11,10.96,0,0,0,0
aten::as_strided,,,4.85,4.85,0,0,0,0
aten::view,,,2.72,2.72,0,0,0,0
aten::expand,,,1.66,3.62,0,0,0,0
aten::as_strided,,,1.96,1.96,0,0,0,0
aten::copy_,,,2.17,2.17,0,0,0,0
aten::to,,,2.93,63.22,0,1.36003125,0,0
aten::_to_copy,,,6.4,60.29,0,1.36003125,0,0
aten::empty_strided,,,9.93,16.3,0,0,0,0
empty_tensor,,,6.37,6.37,0,0,0,0
aten::copy_,,,20.75,37.59,0,1.36003125,0,0
aclnnInplaceCopy,,,16.84,16.84,1.36003125,1.36003125,0,0
aten::embedding,,,15.45,39.19,0,7.84015625,0,0
empty_tensor,,,10.4,10.4,0,0,0,0
aclnnEmbedding,,,13.34,13.34,7.84015625,7.84015625,0,0
aten::unsqueeze,,,4.8,10.34,0,0,0,0
aten::as_strided,,,5.54,5.54,0,0,0,0
aten::expand,,,2.86,7.09,0,0,0,0
aten::as_strided,,,4.23,4.23,0,0,0,0
aten::contiguous,,,7.36,52.84,0,9.1401875,0,0
aten::clone,,,5.44,45.48,0,9.1401875,0,0
empty_tensor,,,10.52,10.52,0,0,0,0
aten::copy_,,,16.65,29.52,0,9.1401875,0,0
aclnnInplaceCopy,,,12.87,12.87,9.1401875,9.1401875,0,0
_C_ascend::npu_hc_pre_v2,,,75.46,130.66,0,65.7813125,0,0
aten::empty,,,3.21,12.95,0,0,0,0
empty_tensor,,,9.74,9.74,0,0,0,0
aten::empty,,,1.59,6.61,0,0,0,0
empty_tensor,,,5.02,5.02,0,0,0,0
aten::empty,,,1.36,5.42,0,0,0,0
empty_tensor,,,4.06,4.06,0,0,0,0
aten::empty,,,3.39,13.79,0,0,0,0
empty_tensor,,,10.4,10.4,0,0,0,0
aclnnHcPre,,,16.43,16.43,65.7813125,65.7813125,0,0
npu::npu_rms_norm,,,70.3,98.05,0,11.54021875,0,0
empty_tensor,,,8.08,8.08,0,0,0,0
empty_tensor,,,5.15,5.15,0,0,0,0
aclnnRmsNorm,,,14.52,14.52,11.54021875,11.54021875,0,0
aten::unsqueeze,,,3.61,8.55,0,0,0,0
aten::as_strided,,,4.94,4.94,0,0,0,0
aten::linear,,,9.07,89.63,0,213.74428125,0,213.74428125
aten::t,,,6.81,16.84,0,0,0,0
aten::transpose,,,3.69,10.03,0,0,0,0
aten::as_strided,,,6.34,6.34,0,0,0,0
aten::matmul,,,25.1,63.72,0,213.74428125,0,213.74428125
empty_tensor,,,10.66,10.66,0,0,0,0
aclnnMatmul,,,27.96,27.96,213.74428125,213.74428125,213.74428125,213.74428125
aten::split_with_sizes,,,10.76,21.88,0,0,0,0
aten::as_strided,,,5.62,5.62,0,0,0,0
aten::as_strided,,,2.13,2.13,0,0,0,0
aten::as_strided,,,1.73,1.73,0,0,0,0
aten::as_strided,,,1.64,1.64,0,0,0,0
aten::unsqueeze,,,2.73,6.86,0,0,0,0
aten::as_strided,,,4.13,4.13,0,0,0,0
vllm::unquantized_gemm,,,25.63,100.0,0,15.1003125,0,11.82025
aten::linear,,,4.32,74.37,0,15.1003125,0,11.82025
aten::t,,,5.53,14.34,0,0,0,0
aten::transpose,,,3.4,8.81,0,0,0,0
aten::as_strided,,,5.41,5.41,0,0,0,0
aten::matmul,,,25.78,55.71,0,15.1003125,0,11.82025
empty_tensor,,,13.24,13.24,0,0,0,0
aclnnMatmul,,,16.69,16.69,15.1003125,15.1003125,11.82025,11.82025
aten::reshape,,,2.24,8.38,0,0,0,0
aten::view,,,6.14,6.14,0,0,0,0
vllm::unquantized_gemm,,,18.9,84.27,0,11.66025,0,8.9001875
aten::linear,,,3.83,65.37,0,11.66025,0,8.9001875
aten::t,,,4.31,11.61,0,0,0,0
aten::transpose,,,2.4,7.3,0,0,0,0
aten::as_strided,,,4.9,4.9,0,0,0,0
aten::matmul,,,23.44,49.93,0,11.66025,0,8.9001875
empty_tensor,,,10.19,10.19,0,0,0,0
aclnnMatmul,,,16.3,16.3,11.66025,11.66025,8.9001875,8.9001875
aten::reshape,,,1.83,7.32,0,0,0,0
aten::view,,,5.49,5.49,0,0,0,0
aten::empty,,,3.41,14.82,0,0,0,0
empty_tensor,,,11.41,11.41,0,0,0,0
aten::slice,,,4.09,10.19,0,0,0,0
aten::as_strided,,,6.1,6.1,0,0,0,0
aten::alias,,,3.73,3.73,0,0,0,0
aten::alias,,,1.26,1.26,0,0,0,0
aten::zeros_like,,,8.86,63.48,0,8.9801875,0,0
aten::empty_like,,,7.48,22.87,0,0,0,0
aten::empty_strided,,,10.79,15.39,0,0,0,0
empty_tensor,,,4.6,4.6,0,0,0,0
aten::zero_,,,16.15,31.75,0,8.9801875,0,0
aclnnInplaceZero,,,15.6,15.6,8.9801875,8.9801875,0,0
aten::empty,,,3.26,12.55,0,0,0,0
empty_tensor,,,9.29,9.29,0,0,0,0
aten::empty,,,2.3,8.19,0,0,0,0
empty_tensor,,,5.89,5.89,0,0,0,0
_copy_conv_state_kernel,,,25.86,25.86,8.3001875,8.3001875,0,0
fla_npu_stable::npu_causal_conv1d_fn,,,176.85,235.5,0,62.82125,0,0
aten::empty_strided,,,13.62,21.22,0,0,0,0
empty_tensor,,,7.6,7.6,0,0,0,0
aten::empty_strided,,,12.82,20.32,0,0,0,0
empty_tensor,,,7.5,7.5,0,0,0,0
aclnnCausalConv1d,,,17.11,17.11,62.82125,62.82125,0,0
_copy_conv_state_kernel,,,25.99,25.99,7.320125,7.320125,0,0
aten::split,,,6.34,31.91,0,0,0,0
aten::narrow,,,4.48,15.99,0,0,0,0
aten::slice,,,4.14,11.51,0,0,0,0
aten::as_strided,,,7.37,7.37,0,0,0,0
aten::narrow,,,1.33,4.81,0,0,0,0
aten::slice,,,1.33,3.48,0,0,0,0
aten::as_strided,,,2.15,2.15,0,0,0,0
aten::narrow,,,1.36,4.77,0,0,0,0
aten::slice,,,1.08,3.41,0,0,0,0
aten::as_strided,,,2.33,2.33,0,0,0,0
aten::zero_,,,16.91,32.95,0,8.44015625,0,0
aclnnInplaceZero,,,16.04,16.04,8.44015625,8.44015625,0,0
aten::reshape,,,9.99,21.99,0,0,0,0
aten::_reshape_alias,,,5.98,12.0,0,0,0,0
aten::view,,,6.02,6.02,0,0,0,0
aten::reshape,,,2.4,8.69,0,0,0,0
aten::_reshape_alias,,,2.16,6.29,0,0,0,0
aten::view,,,4.13,4.13,0,0,0,0
aten::reshape,,,1.82,7.03,0,0,0,0
aten::_reshape_alias,,,1.81,5.21,0,0,0,0
aten::view,,,3.4,3.4,0,0,0,0
aten::alias,,,2.82,2.82,0,0,0,0
aten::alias,,,1.26,1.26,0,0,0,0
aten::alias,,,0.99,0.99,0,0,0,0
aten::alias,,,1.2,1.2,0,0,0,0
aten::alias,,,1.43,1.43,0,0,0,0
aten::empty,,,3.73,17.74,0,0,0,0
empty_tensor,,,14.01,14.01,0,0,0,0
aten::select,,,8.2,13.29,0,0,0,0
aten::as_strided,,,5.09,5.09,0,0,0,0
_gather_initial_states_kernel,,,25.52,25.52,8.7801875,8.7801875,0,0
aten::to,,,3.63,3.63,0,0,0,0
aten::to,,,1.65,70.6,0,5.260093749999999,0,0
aten::_to_copy,,,7.79,68.95,0,5.260093749999999,0,0
aten::empty_strided,,,10.52,17.62,0,0,0,0
empty_tensor,,,7.1,7.1,0,0,0,0
aten::copy_,,,27.45,43.54,0,5.260093749999999,0,0
aclnnInplaceCopy,,,16.09,16.09,5.260093749999999,5.260093749999999,0,0
aten::sigmoid,,,13.59,23.84,0,2.7200625,0,0
empty_tensor,,,6.86,6.86,0,0,0,0
aclnnSigmoid,,,3.39,3.39,2.7200625,2.7200625,0,0
aten::contiguous,,,3.26,42.72,0,5.900125,0,0
aten::clone,,,3.91,39.46,0,5.900125,0,0
empty_tensor,,,8.8,8.8,0,0,0,0
aten::copy_,,,13.22,26.75,0,5.900125,0,0
aclnnInplaceCopy,,,13.53,13.53,5.900125,5.900125,0,0
aten::view,,,5.22,5.22,0,0,0,0
aten::empty_like,,,4.84,18.45,0,0,0,0
aten::empty_strided,,,10.11,13.61,0,0,0,0
empty_tensor,,,3.5,3.5,0,0,0,0
l2norm_fwd_kernel2,,,22.93,22.93,11.92021875,11.92021875,0,0
aten::view,,,9.95,9.95,0,0,0,0
aten::contiguous,,,3.07,58.82,0,5.64009375,0,0
aten::clone,,,5.21,55.75,0,5.64009375,0,0
empty_tensor,,,10.49,10.49,0,0,0,0
aten::copy_,,,20.2,40.05,0,5.64009375,0,0
aclnnInplaceCopy,,,19.85,19.85,5.64009375,5.64009375,0,0
aten::view,,,4.36,4.36,0,0,0,0
aten::empty_like,,,5.56,20.98,0,0,0,0
aten::empty_strided,,,10.81,15.42,0,0,0,0
empty_tensor,,,4.61,4.61,0,0,0,0
l2norm_fwd_kernel2,,,23.34,23.34,6.960125,6.960125,0,0
aten::view,,,9.99,9.99,0,0,0,0
aten::contiguous,,,3.19,58.62,0,5.26009375,0,0
aten::clone,,,5.2,55.43,0,5.26009375,0,0
empty_tensor,,,10.95,10.95,0,0,0,0
aten::copy_,,,20.16,39.28,0,5.26009375,0,0
aclnnInplaceCopy,,,19.12,19.12,5.26009375,5.26009375,0,0
aten::reshape,,,1.98,13.01,0,0,0,0
aten::view,,,11.03,11.03,0,0,0,0
_C_ascend::chunk_kda_fwd,,,81.87,155.15,0,464.96928125,0,0
aten::empty,,,3.58,15.19,0,0,0,0
empty_tensor,,,11.61,11.61,0,0,0,0
aten::empty,,,1.69,7.66,0,0,0,0
empty_tensor,,,5.97,5.97,0,0,0,0
aten::empty,,,1.3,5.98,0,0,0,0
empty_tensor,,,4.68,4.68,0,0,0,0
aten::empty_like,,,4.44,13.96,0,0,0,0
aten::empty_strided,,,6.86,9.52,0,0,0,0
empty_tensor,,,2.66,2.66,0,0,0,0
aten::empty,,,3.41,12.54,0,0,0,0
empty_tensor,,,9.13,9.13,0,0,0,0
aclnnChunkKdaFwd,,,17.95,17.95,464.96928125,464.96928125,0,0
aten::to,,,2.5,2.5,0,0,0,0
aten::select,,,8.29,14.85,0,0,0,0
aten::as_strided,,,6.56,6.56,0,0,0,0
aten::select,,,1.94,5.44,0,0,0,0
aten::as_strided,,,3.5,3.5,0,0,0,0
aten::view,,,7.5,7.5,0,0,0,0
aten::unsqueeze,,,4.65,8.28,0,0,0,0
aten::as_strided,,,3.63,3.63,0,0,0,0
aten::view,,,3.26,3.26,0,0,0,0
npu::npu_scatter_nd_update_,,,30.77,48.0,0,53.96109375,0,0
aclnnScatterNdUpdate,,,17.23,17.23,53.96109375,53.96109375,0,0
aten::select,,,3.73,7.32,0,0,0,0
aten::as_strided,,,3.59,3.59,0,0,0,0
aten::select,,,2.0,4.67,0,0,0,0
aten::as_strided,,,2.67,2.67,0,0,0,0
aten::copy_,,,17.54,31.88,0,7.74015625,0,0
aclnnInplaceCopy,,,14.34,14.34,7.74015625,7.74015625,0,0
aten::reshape,,,2.69,8.87,0,0,0,0
aten::view,,,6.18,6.18,0,0,0,0
aten::reshape,,,1.24,4.92,0,0,0,0
aten::view,,,3.68,3.68,0,0,0,0
aten::empty_like,,,5.24,20.43,0,0,0,0
aten::empty_strided,,,9.69,15.19,0,0,0,0
empty_tensor,,,5.5,5.5,0,0,0,0
layer_norm_gated_fwd_kernel,,,25.35,25.35,17.02034375,17.02034375,0,0
aten::reshape,,,2.19,11.55,0,0,0,0
aten::view,,,9.36,9.36,0,0,0,0
aten::reshape,,,1.43,5.73,0,0,0,0
aten::view,,,4.3,4.3,0,0,0,0
vllm::unquantized_gemm,,,23.12,95.08,0,80.941625,0,80.941625
aten::linear,,,4.83,71.96,0,80.941625,0,80.941625
aten::t,,,5.79,15.25,0,0,0,0
aten::transpose,,,3.24,9.46,0,0,0,0
aten::as_strided,,,6.22,6.22,0,0,0,0
aten::matmul,,,22.54,51.88,0,80.941625,0,80.941625
empty_tensor,,,10.99,10.99,0,0,0,0
aclnnMatmul,,,18.35,18.35,80.941625,80.941625,80.941625,80.941625
aten::unsqueeze,,,4.72,10.32,0,0,0,0
aten::as_strided,,,5.6,5.6,0,0,0,0
aten::unsqueeze,,,1.98,20.89,0,0,0,0
aten::as_strided,,,18.91,18.91,0,0,0,0
aten::squeeze,,,3.91,7.16,0,0,0,0
aten::as_strided,,,3.25,3.25,0,0,0,0
aten::unsqueeze,,,1.56,3.87,0,0,0,0
aten::as_strided,,,2.31,2.31,0,0,0,0
aten::unsqueeze,,,2.04,5.12,0,0,0,0
aten::as_strided,,,3.08,3.08,0,0,0,0
_C_ascend::npu_hc_post,,,61.72,115.77,0,23.86046875,0,0
aten::empty,,,2.93,16.29,0,0,0,0
empty_tensor,,,13.36,13.36,0,0,0,0
aten::empty,,,2.95,15.14,0,0,0,0
empty_tensor,,,12.19,12.19,0,0,0,0
aclnnHcPost,,,22.62,22.62,23.86046875,23.86046875,0,0
aten::squeeze,,,4.47,9.15,0,0,0,0
aten::as_strided,,,4.68,4.68,0,0,0,0
_C_ascend::npu_hc_pre_v2,,,50.89,104.74,0,65.3813125,0,0
aten::empty,,,2.72,12.07,0,0,0,0
empty_tensor,,,9.35,9.35,0,0,0,0
aten::empty,,,1.6,6.07,0,0,0,0
empty_tensor,,,4.47,4.47,0,0,0,0
aten::empty,,,1.35,5.42,0,0,0,0
empty_tensor,,,4.07,4.07,0,0,0,0
aten::empty,,,2.79,11.06,0,0,0,0
empty_tensor,,,8.27,8.27,0,0,0,0
aclnnHcPre,,,19.23,19.23,65.3813125,65.3813125,0,0
npu::npu_rms_norm,,,65.13,92.75,0,11.30021875,0,0
empty_tensor,,,8.67,8.67,0,0,0,0
empty_tensor,,,4.49,4.49,0,0,0,0
aclnnRmsNorm,,,14.46,14.46,11.30021875,11.30021875,0,0
aten::unsqueeze,,,3.94,8.95,0,0,0,0
aten::as_strided,,,5.01,5.01,0,0,0,0
vllm::unquantized_gemm,,,21.8,89.2,0,305.846125,0,305.846125
aten::linear,,,4.53,67.4,0,305.846125,0,305.846125
aten::t,,,5.06,13.77,0,0,0,0
aten::transpose,,,2.83,8.71,0,0,0,0
aten::as_strided,,,5.88,5.88,0,0,0,0
aten::matmul,,,20.15,49.1,0,305.846125,0,305.846125
empty_tensor,,,11.65,11.65,0,0,0,0
aclnnMatmul,,,17.3,17.3,305.846125,305.846125,305.846125,305.846125
aten::slice,,,4.4,8.96,0,0,0,0
aten::as_strided,,,4.56,4.56,0,0,0,0
aten::clamp,,,26.31,50.96,0,40.94081250000001,0,0
empty_tensor,,,9.6,9.6,0,0,0,0
aclnnClamp,,,15.05,15.05,40.94081250000001,40.94081250000001,0,0
aten::slice,,,2.38,6.24,0,0,0,0
aten::as_strided,,,3.86,3.86,0,0,0,0
aten::clamp,,,19.66,40.49,0,33.9806875,0,0
empty_tensor,,,8.01,8.01,0,0,0,0
aclnnClamp,,,12.82,12.82,33.9806875,33.9806875,0,0
aten::mul,,,22.0,46.4,0,8.70015625,0,0
empty_tensor,,,6.92,6.92,0,0,0,0
aten::item,,,2.32,4.02,0,0,0,0
aten::_local_scalar_dense,,,1.7,1.7,0,0,0,0
aclnnMuls,,,13.46,13.46,8.70015625,8.70015625,0,0
aten::sigmoid,,,11.45,30.29,0,10.58021875,0,0
empty_tensor,,,7.81,7.81,0,0,0,0
aclnnSigmoid,,,11.03,11.03,10.58021875,10.58021875,0,0
aten::mul,,,16.08,33.5,0,12.86025,0,0
empty_tensor,,,6.04,6.04,0,0,0,0
aclnnMul,,,11.38,11.38,12.86025,12.86025,0,0
aten::add,,,19.44,44.07,0,10.56021875,0,0
empty_tensor,,,6.85,6.85,0,0,0,0
aten::item,,,1.84,3.09,0,0,0,0
aten::_local_scalar_dense,,,1.25,1.25,0,0,0,0
aclnnAdds,,,14.69,14.69,10.56021875,10.56021875,0,0
aten::mul,,,12.55,23.85,0,6.240125,0,0
empty_tensor,,,8.64,8.64,0,0,0,0
aclnnMul,,,2.66,2.66,6.240125,6.240125,0,0
vllm::unquantized_gemm,,,22.89,86.7,0,116.10234375,0,116.10234375
aten::linear,,,4.46,63.81,0,116.10234375,0,116.10234375
aten::t,,,5.87,15.16,0,0,0,0
aten::transpose,,,3.26,9.29,0,0,0,0
aten::as_strided,,,6.03,6.03,0,0,0,0
aten::matmul,,,19.16,44.19,0,116.10234375,0,116.10234375
empty_tensor,,,9.53,9.53,0,0,0,0
aclnnMatmul,,,15.5,15.5,116.10234375,116.10234375,116.10234375,116.10234375
aten::unsqueeze,,,4.63,9.97,0,0,0,0
aten::as_strided,,,5.34,5.34,0,0,0,0
aten::unsqueeze,,,1.95,5.02,0,0,0,0
aten::as_strided,,,3.07,3.07,0,0,0,0
aten::squeeze,,,2.57,5.19,0,0,0,0
aten::as_strided,,,2.62,2.62,0,0,0,0
aten::unsqueeze,,,1.66,4.26,0,0,0,0
aten::as_strided,,,2.6,2.6,0,0,0,0
aten::unsqueeze,,,1.72,4.66,0,0,0,0
aten::as_strided,,,2.94,2.94,0,0,0,0
_C_ascend::npu_hc_post,,,48.26,89.94,0,23.20046875,0,0
aten::empty,,,2.83,11.99,0,0,0,0
empty_tensor,,,9.16,9.16,0,0,0,0
aten::empty,,,3.74,13.53,0,0,0,0
empty_tensor,,,9.79,9.79,0,0,0,0
aclnnHcPost,,,16.16,16.16,23.20046875,23.20046875,0,0
aten::squeeze,,,3.79,8.3,0,0,0,0
aten::as_strided,,,4.51,4.51,0,0,0,0
_C_ascend::npu_hc_pre_v2,,,46.03,96.49,0,66.3413125,0,0
aten::empty,,,3.1,12.07,0,0,0,0
empty_tensor,,,8.97,8.97,0,0,0,0
aten::empty,,,1.8,6.7,0,0,0,0
empty_tensor,,,4.9,4.9,0,0,0,0
aten::empty,,,1.48,5.05,0,0,0,0
empty_tensor,,,3.57,3.57,0,0,0,0
aten::empty,,,2.94,11.17,0,0,0,0
empty_tensor,,,8.23,8.23,0,0,0,0
aclnnHcPre,,,15.47,15.47,66.3413125,66.3413125,0,0
npu::npu_rms_norm,,,60.34,87.98,0,11.36021875,0,0
empty_tensor,,,8.01,8.01,0,0,0,0
empty_tensor,,,4.53,4.53,0,0,0,0
aclnnRmsNorm,,,15.1,15.1,11.36021875,11.36021875,0,0
aten::unsqueeze,,,3.67,8.58,0,0,0,0
aten::as_strided,,,4.91,4.91,0,0,0,0
aten::linear,,,5.1,64.21,0,237.16475,0,237.16475
aten::t,,,5.17,13.99,0,0,0,0
aten::transpose,,,3.19,8.82,0,0,0,0
aten::as_strided,,,5.63,5.63,0,0,0,0
aten::matmul,,,19.63,45.12,0,237.16475,0,237.16475
empty_tensor,,,9.87,9.87,0,0,0,0
aclnnMatmul,,,15.62,15.62,237.16475,237.16475,237.16475,237.16475
aten::split_with_sizes,,,6.89,17.35,0,0,0,0
aten::as_strided,,,5.04,5.04,0,0,0,0
aten::as_strided,,,2.13,2.13,0,0,0,0
aten::as_strided,,,1.65,1.65,0,0,0,0
aten::as_strided,,,1.64,1.64,0,0,0,0
aten::unsqueeze,,,2.53,6.7,0,0,0,0
aten::as_strided,,,4.17,4.17,0,0,0,0
vllm::unquantized_gemm,,,21.23,89.6,0,15.3803125,0,12.22025
aten::linear,,,3.95,68.37,0,15.3803125,0,12.22025
aten::t,,,4.67,12.29,0,0,0,0
aten::transpose,,,2.57,7.62,0,0,0,0
aten::as_strided,,,5.05,5.05,0,0,0,0
aten::matmul,,,25.03,52.13,0,15.3803125,0,12.22025
empty_tensor,,,10.83,10.83,0,0,0,0
aclnnMatmul,,,16.27,16.27,15.3803125,15.3803125,12.22025,12.22025
aten::reshape,,,2.34,8.92,0,0,0,0
aten::view,,,6.58,6.58,0,0,0,0
vllm::unquantized_gemm,,,18.53,87.45,0,12.100249999999999,0,9.46021875
aten::linear,,,3.79,68.92,0,12.100249999999999,0,9.46021875
aten::t,,,4.38,11.87,0,0,0,0
aten::transpose,,,2.55,7.49,0,0,0,0
aten::as_strided,,,4.94,4.94,0,0,0,0
aten::matmul,,,23.5,53.26,0,12.100249999999999,0,9.46021875
empty_tensor,,,11.14,11.14,0,0,0,0
aclnnMatmul,,,18.62,18.62,12.100249999999999,12.100249999999999,9.46021875,9.46021875
aten::reshape,,,2.13,7.75,0,0,0,0
aten::view,,,5.62,5.62,0,0,0,0
aten::empty,,,2.84,12.76,0,0,0,0
empty_tensor,,,9.92,9.92,0,0,0,0
aten::slice,,,3.23,8.38,0,0,0,0
aten::as_strided,,,5.15,5.15,0,0,0,0
aten::alias,,,2.8,2.8,0,0,0,0
aten::alias,,,1.06,1.06,0,0,0,0
aten::zeros_like,,,4.98,54.61,0,9.1401875,0,0
aten::empty_like,,,5.7,18.93,0,0,0,0
aten::empty_strided,,,9.41,13.23,0,0,0,0
empty_tensor,,,3.82,3.82,0,0,0,0
aten::zero_,,,14.14,30.7,0,9.1401875,0,0
aclnnInplaceZero,,,16.56,16.56,9.1401875,9.1401875,0,0
aten::empty,,,3.16,11.19,0,0,0,0
empty_tensor,,,8.03,8.03,0,0,0,0
aten::empty,,,2.41,8.68,0,0,0,0
empty_tensor,,,6.27,6.27,0,0,0,0
_copy_conv_state_kernel,,,25.52,25.52,8.28015625,8.28015625,0,0
fla_npu_stable::npu_causal_conv1d_fn,,,151.22,209.89,0,57.9811875,0,0
aten::empty_strided,,,13.72,21.36,0,0,0,0
empty_tensor,,,7.64,7.64,0,0,0,0
aten::empty_strided,,,12.44,19.74,0,0,0,0
empty_tensor,,,7.3,7.3,0,0,0,0
aclnnCausalConv1d,,,17.57,17.57,57.9811875,57.9811875,0,0
_copy_conv_state_kernel,,,25.76,25.76,7.4801875,7.4801875,0,0
aten::split,,,4.95,30.38,0,0,0,0
aten::narrow,,,4.64,16.11,0,0,0,0
aten::slice,,,3.99,11.47,0,0,0,0
aten::as_strided,,,7.48,7.48,0,0,0,0
aten::narrow,,,1.4,5.01,0,0,0,0
aten::slice,,,1.55,3.61,0,0,0,0
aten::as_strided,,,2.06,2.06,0,0,0,0
aten::narrow,,,1.1,4.31,0,0,0,0
aten::slice,,,1.13,3.21,0,0,0,0
aten::as_strided,,,2.08,2.08,0,0,0,0
aten::zero_,,,16.63,33.67,0,8.3801875,0,0
aclnnInplaceZero,,,17.04,17.04,8.3801875,8.3801875,0,0
aten::reshape,,,7.07,16.27,0,0,0,0
aten::_reshape_alias,,,3.13,9.2,0,0,0,0
aten::view,,,6.07,6.07,0,0,0,0
aten::reshape,,,2.22,7.91,0,0,0,0
aten::_reshape_alias,,,1.72,5.69,0,0,0,0
aten::view,,,3.97,3.97,0,0,0,0
aten::reshape,,,1.68,6.33,0,0,0,0
aten::_reshape_alias,,,1.51,4.65,0,0,0,0
aten::view,,,3.14,3.14,0,0,0,0
aten::alias,,,2.57,2.57,0,0,0,0
aten::alias,,,0.99,0.99,0,0,0,0
aten::alias,,,0.79,0.79,0,0,0,0
aten::alias,,,1.23,1.23,0,0,0,0
aten::alias,,,1.08,1.08,0,0,0,0
aten::empty,,,3.49,17.21,0,0,0,0
empty_tensor,,,13.72,13.72,0,0,0,0
aten::select,,,7.75,12.85,0,0,0,0
aten::as_strided,,,5.1,5.1,0,0,0,0
_gather_initial_states_kernel,,,25.36,25.36,12.84025,12.84025,0,0
aten::to,,,3.6,3.6,0,0,0,0
aten::to,,,15.95,92.12,0,5.44009375,0,0
aten::_to_copy,,,8.62,76.17,0,5.44009375,0,0
aten::empty_strided,,,10.97,18.17,0,0,0,0
empty_tensor,,,7.2,7.2,0,0,0,0
aten::copy_,,,28.11,49.38,0,5.44009375,0,0
aclnnInplaceCopy,,,21.27,21.27,5.44009375,5.44009375,0,0
aten::sigmoid,,,13.27,33.2,0,2.6800625,0,0
empty_tensor,,,7.03,7.03,0,0,0,0
aclnnSigmoid,,,12.9,12.9,2.6800625,2.6800625,0,0
aten::contiguous,,,3.65,46.12,0,5.26009375,0,0
aten::clone,,,6.41,42.47,0,5.26009375,0,0
empty_tensor,,,9.54,9.54,0,0,0,0
aten::copy_,,,14.61,26.52,0,5.26009375,0,0
aclnnInplaceCopy,,,11.91,11.91,5.26009375,5.26009375,0,0
aten::view,,,5.81,5.81,0,0,0,0
aten::empty_like,,,4.78,19.54,0,0,0,0
aten::empty_strided,,,10.99,14.76,0,0,0,0
empty_tensor,,,3.77,3.77,0,0,0,0
l2norm_fwd_kernel2,,,23.71,23.71,11.72021875,11.72021875,0,0
aten::view,,,10.16,10.16,0,0,0,0
aten::contiguous,,,3.6,55.56,0,5.340125,0,0
aten::clone,,,4.95,51.96,0,5.340125,0,0
empty_tensor,,,10.63,10.63,0,0,0,0
aten::copy_,,,20.49,36.38,0,5.340125,0,0
aclnnInplaceCopy,,,15.89,15.89,5.340125,5.340125,0,0
aten::view,,,4.54,4.54,0,0,0,0
aten::empty_like,,,4.87,19.15,0,0,0,0
aten::empty_strided,,,9.88,14.28,0,0,0,0
empty_tensor,,,4.4,4.4,0,0,0,0
l2norm_fwd_kernel2,,,23.06,23.06,6.580125,6.580125,0,0
aten::view,,,11.05,11.05,0,0,0,0
aten::contiguous,,,3.0,53.91,0,4.68009375,0,0
aten::clone,,,5.37,50.91,0,4.68009375,0,0
empty_tensor,,,10.49,10.49,0,0,0,0
aten::copy_,,,19.06,35.05,0,4.68009375,0,0
aclnnInplaceCopy,,,15.99,15.99,4.68009375,4.68009375,0,0
aten::reshape,,,2.08,12.14,0,0,0,0
aten::view,,,10.06,10.06,0,0,0,0
_C_ascend::chunk_kda_fwd,,,67.92,159.76,0,451.369,0,0
aten::empty,,,3.28,15.37,0,0,0,0
empty_tensor,,,12.09,12.09,0,0,0,0
aten::empty,,,1.56,7.58,0,0,0,0
empty_tensor,,,6.02,6.02,0,0,0,0
aten::empty,,,1.36,6.61,0,0,0,0
empty_tensor,,,5.25,5.25,0,0,0,0
aten::empty_like,,,4.62,14.05,0,0,0,0
aten::empty_strided,,,6.79,9.43,0,0,0,0
empty_tensor,,,2.64,2.64,0,0,0,0
aten::empty,,,3.26,28.18,0,0,0,0
empty_tensor,,,24.92,24.92,0,0,0,0
aclnnChunkKdaFwd,,,20.05,20.05,451.369,451.369,0,0
aten::to,,,2.36,2.36,0,0,0,0
aten::select,,,7.54,13.96,0,0,0,0
aten::as_strided,,,6.42,6.42,0,0,0,0
aten::select,,,1.98,4.97,0,0,0,0
aten::as_strided,,,2.99,2.99,0,0,0,0
aten::view,,,7.64,7.64,0,0,0,0
aten::unsqueeze,,,4.27,8.06,0,0,0,0
aten::as_strided,,,3.79,3.79,0,0,0,0
aten::view,,,3.43,3.43,0,0,0,0
npu::npu_scatter_nd_update_,,,29.99,47.23,0,53.0010625,0,0
aclnnScatterNdUpdate,,,17.24,17.24,53.0010625,53.0010625,0,0
aten::select,,,3.55,7.69,0,0,0,0
aten::as_strided,,,4.14,4.14,0,0,0,0
aten::select,,,2.07,4.65,0,0,0,0
aten::as_strided,,,2.58,2.58,0,0,0,0
aten::copy_,,,16.5,30.77,0,7.92015625,0,0
aclnnInplaceCopy,,,14.27,14.27,7.92015625,7.92015625,0,0
aten::reshape,,,2.39,7.81,0,0,0,0
aten::view,,,5.42,5.42,0,0,0,0
aten::reshape,,,1.2,4.28,0,0,0,0
aten::view,,,3.08,3.08,0,0,0,0
aten::empty_like,,,5.01,19.77,0,0,0,0
aten::empty_strided,,,9.45,14.76,0,0,0,0
empty_tensor,,,5.31,5.31,0,0,0,0
layer_norm_gated_fwd_kernel,,,24.28,24.28,17.32034375,17.32034375,0,0
aten::reshape,,,2.38,11.83,0,0,0,0
aten::view,,,9.45,9.45,0,0,0,0
aten::reshape,,,1.2,5.32,0,0,0,0
aten::view,,,4.12,4.12,0,0,0,0
vllm::unquantized_gemm,,,20.58,92.52,0,83.3016875,0,83.3016875
aten::linear,,,4.91,71.94,0,83.3016875,0,83.3016875
aten::t,,,5.71,15.66,0,0,0,0
aten::transpose,,,3.49,9.95,0,0,0,0
aten::as_strided,,,6.46,6.46,0,0,0,0
aten::matmul,,,22.38,51.37,0,83.3016875,0,83.3016875
empty_tensor,,,11.93,11.93,0,0,0,0
aclnnMatmul,,,17.06,17.06,83.3016875,83.3016875,83.3016875,83.3016875
aten::unsqueeze,,,4.09,9.49,0,0,0,0
aten::as_strided,,,5.4,5.4,0,0,0,0
aten::unsqueeze,,,1.74,5.38,0,0,0,0
aten::as_strided,,,3.64,3.64,0,0,0,0
aten::squeeze,,,2.32,4.79,0,0,0,0
aten::as_strided,,,2.47,2.47,0,0,0,0
aten::unsqueeze,,,1.43,3.79,0,0,0,0
aten::as_strided,,,2.36,2.36,0,0,0,0
aten::unsqueeze,,,1.45,4.39,0,0,0,0
aten::as_strided,,,2.94,2.94,0,0,0,0
_C_ascend::npu_hc_post,,,48.15,90.03,0,23.84046875,0,0
aten::empty,,,3.11,13.61,0,0,0,0
empty_tensor,,,10.5,10.5,0,0,0,0
aten::empty,,,3.23,12.01,0,0,0,0
empty_tensor,,,8.78,8.78,0,0,0,0
aclnnHcPost,,,16.26,16.26,23.84046875,23.84046875,0,0
aten::squeeze,,,3.9,8.28,0,0,0,0
aten::as_strided,,,4.38,4.38,0,0,0,0
_C_ascend::npu_hc_pre_v2,,,46.08,96.91,0,66.72134375,0,0
aten::empty,,,3.72,12.62,0,0,0,0
empty_tensor,,,8.9,8.9,0,0,0,0
aten::empty,,,1.49,6.43,0,0,0,0
empty_tensor,,,4.94,4.94,0,0,0,0
aten::empty,,,1.26,5.13,0,0,0,0
empty_tensor,,,3.87,3.87,0,0,0,0
aten::empty,,,2.56,11.43,0,0,0,0
empty_tensor,,,8.87,8.87,0,0,0,0
aclnnHcPre,,,15.22,15.22,66.72134375,66.72134375,0,0
npu::npu_rms_norm,,,58.71,87.37,0,11.86025,0,0
empty_tensor,,,8.27,8.27,0,0,0,0
empty_tensor,,,4.78,4.78,0,0,0,0
aclnnRmsNorm,,,15.61,15.61,11.86025,11.86025,0,0
aten::unsqueeze,,,3.5,8.61,0,0,0,0
aten::as_strided,,,5.11,5.11,0,0,0,0
vllm::unquantized_gemm,,,20.78,92.11,0,310.4061875,0,310.4061875
aten::linear,,,5.85,71.33,0,310.4061875,0,310.4061875
aten::t,,,5.37,14.15,0,0,0,0
aten::transpose,,,3.08,8.78,0,0,0,0
aten::as_strided,,,5.7,5.7,0,0,0,0
aten::matmul,,,20.17,51.33,0,310.4061875,0,310.4061875
empty_tensor,,,10.84,10.84,0,0,0,0
aclnnMatmul,,,20.32,20.32,310.4061875,310.4061875,310.4061875,310.4061875
aten::slice,,,3.86,10.36,0,0,0,0
aten::as_strided,,,6.5,6.5,0,0,0,0
aten::clamp,,,23.91,49.07,0,43.680875,0,0
empty_tensor,,,9.91,9.91,0,0,0,0
aclnnClamp,,,15.25,15.25,43.680875,43.680875,0,0
aten::slice,,,3.17,7.16,0,0,0,0
aten::as_strided,,,3.99,3.99,0,0,0,0
aten::clamp,,,19.93,42.13,0,38.26078125,0,0
empty_tensor,,,7.35,7.35,0,0,0,0
aclnnClamp,,,14.85,14.85,38.26078125,38.26078125,0,0
aten::mul,,,19.78,44.53,0,8.66015625,0,0
empty_tensor,,,6.67,6.67,0,0,0,0
aten::item,,,3.09,4.95,0,0,0,0
aten::_local_scalar_dense,,,1.86,1.86,0,0,0,0
aclnnMuls,,,13.13,13.13,8.66015625,8.66015625,0,0
aten::sigmoid,,,11.3,31.08,0,10.78021875,0,0
empty_tensor,,,8.31,8.31,0,0,0,0
aclnnSigmoid,,,11.47,11.47,10.78021875,10.78021875,0,0
aten::mul,,,14.5,30.74,0,12.88025,0,0
empty_tensor,,,6.12,6.12,0,0,0,0
aclnnMul,,,10.12,10.12,12.88025,12.88025,0,0
aten::add,,,17.94,37.07,0,10.66021875,0,0
empty_tensor,,,6.11,6.11,0,0,0,0
aten::item,,,1.87,3.13,0,0,0,0
aten::_local_scalar_dense,,,1.26,1.26,0,0,0,0
aclnnAdds,,,9.89,9.89,10.66021875,10.66021875,0,0
aten::mul,,,13.84,32.23,0,6.56015625,0,0
empty_tensor,,,7.61,7.61,0,0,0,0
aclnnMul,,,10.78,10.78,6.56015625,6.56015625,0,0
vllm::unquantized_gemm,,,21.69,87.21,0,119.42240625,0,119.42240625
aten::linear,,,4.7,65.52,0,119.42240625,0,119.42240625
aten::t,,,5.83,15.41,0,0,0,0
aten::transpose,,,3.49,9.58,0,0,0,0
aten::as_strided,,,6.09,6.09,0,0,0,0
aten::matmul,,,18.37,45.41,0,119.42240625,0,119.42240625
empty_tensor,,,9.79,9.79,0,0,0,0
aclnnMatmul,,,17.25,17.25,119.42240625,119.42240625,119.42240625,119.42240625
aten::unsqueeze,,,4.8,10.16,0,0,0,0
aten::as_strided,,,5.36,5.36,0,0,0,0
aten::unsqueeze,,,2.18,5.43,0,0,0,0
aten::as_strided,,,3.25,3.25,0,0,0,0
aten::squeeze,,,2.55,5.05,0,0,0,0
aten::as_strided,,,2.5,2.5,0,0,0,0
aten::unsqueeze,,,1.61,4.03,0,0,0,0
aten::as_strided,,,2.42,2.42,0,0,0,0
aten::unsqueeze,,,1.88,4.85,0,0,0,0
aten::as_strided,,,2.97,2.97,0,0,0,0
_C_ascend::npu_hc_post,,,48.47,89.68,0,23.56046875,0,0
aten::empty,,,2.82,12.26,0,0,0,0
empty_tensor,,,9.44,9.44,0,0,0,0
aten::empty,,,3.36,12.79,0,0,0,0
empty_tensor,,,9.43,9.43,0,0,0,0
aclnnHcPost,,,16.16,16.16,23.56046875,23.56046875,0,0
aten::squeeze,,,3.84,8.44,0,0,0,0
aten::as_strided,,,4.6,4.6,0,0,0,0
_C_ascend::npu_hc_pre_v2,,,46.58,104.37,0,67.12134375,0,0
aten::empty,,,3.67,12.85,0,0,0,0
empty_tensor,,,9.18,9.18,0,0,0,0
aten::empty,,,1.69,6.16,0,0,0,0
empty_tensor,,,4.47,4.47,0,0,0,0
aten::empty,,,1.34,5.17,0,0,0,0
empty_tensor,,,3.83,3.83,0,0,0,0
aten::empty,,,3.19,13.1,0,0,0,0
empty_tensor,,,9.91,9.91,0,0,0,0
aclnnHcPre,,,20.51,20.51,67.12134375,67.12134375,0,0
npu::npu_rms_norm,,,58.71,77.49,0,11.70025,0,0
empty_tensor,,,9.16,9.16,0,0,0,0
empty_tensor,,,4.61,4.61,0,0,0,0
aclnnRmsNorm,,,5.01,5.01,11.70025,11.70025,0,0
aten::unsqueeze,,,3.88,8.69,0,0,0,0
aten::as_strided,,,4.81,4.81,0,0,0,0
aten::linear,,,23.14,85.78,0,234.5246875,0,234.5246875
aten::t,,,6.44,15.83,0,0,0,0
aten::transpose,,,3.21,9.39,0,0,0,0
aten::as_strided,,,6.18,6.18,0,0,0,0
aten::matmul,,,19.74,46.81,0,234.5246875,0,234.5246875
empty_tensor,,,9.91,9.91,0,0,0,0
aclnnMatmul,,,17.16,17.16,234.5246875,234.5246875,234.5246875,234.5246875
aten::split_with_sizes,,,7.02,16.87,0,0,0,0
aten::as_strided,,,4.7,4.7,0,0,0,0
aten::as_strided,,,1.99,1.99,0,0,0,0
aten::as_strided,,,1.56,1.56,0,0,0,0
aten::as_strided,,,1.6,1.6,0,0,0,0
aten::unsqueeze,,,2.65,7.22,0,0,0,0
aten::as_strided,,,4.57,4.57,0,0,0,0
vllm::unquantized_gemm,,,20.01,88.01,0,15.6603125,0,12.54025
aten::linear,,,4.29,68.0,0,15.6603125,0,12.54025
aten::t,,,4.24,11.51,0,0,0,0
aten::transpose,,,2.51,7.27,0,0,0,0
aten::as_strided,,,4.76,4.76,0,0,0,0
aten::matmul,,,24.74,52.2,0,15.6603125,0,12.54025
empty_tensor,,,11.61,11.61,0,0,0,0
aclnnMatmul,,,15.85,15.85,15.6603125,15.6603125,12.54025,12.54025
aten::reshape,,,2.04,8.55,0,0,0,0
aten::view,,,6.51,6.51,0,0,0,0
vllm::unquantized_gemm,,,18.66,82.4,0,12.500250000000001,0,9.92021875
aten::linear,,,3.67,63.74,0,12.500250000000001,0,9.92021875
aten::t,,,4.02,11.41,0,0,0,0
aten::transpose,,,2.42,7.39,0,0,0,0
aten::as_strided,,,4.97,4.97,0,0,0,0
aten::matmul,,,22.66,48.66,0,12.500250000000001,0,9.92021875
empty_tensor,,,11.27,11.27,0,0,0,0
aclnnMatmul,,,14.73,14.73,12.500250000000001,12.500250000000001,9.92021875,9.92021875
aten::reshape,,,1.9,7.15,0,0,0,0
aten::view,,,5.25,5.25,0,0,0,0
aten::empty,,,3.06,12.89,0,0,0,0
empty_tensor,,,9.83,9.83,0,0,0,0
aten::slice,,,3.25,8.19,0,0,0,0
aten::as_strided,,,4.94,4.94,0,0,0,0
aten::alias,,,2.5,2.5,0,0,0,0
aten::alias,,,1.1,1.1,0,0,0,0
aten::zeros_like,,,4.25,58.07,0,8.9801875,0,0
aten::empty_like,,,6.22,19.92,0,0,0,0
aten::empty_strided,,,9.81,13.7,0,0,0,0
empty_tensor,,,3.89,3.89,0,0,0,0
aten::zero_,,,13.5,33.9,0,8.9801875,0,0
aclnnInplaceZero,,,20.4,20.4,8.9801875,8.9801875,0,0
aten::empty,,,3.33,11.5,0,0,0,0
empty_tensor,,,8.17,8.17,0,0,0,0
aten::empty,,,2.12,8.9,0,0,0,0
empty_tensor,,,6.78,6.78,0,0,0,0
_copy_conv_state_kernel,,,24.81,24.81,8.12015625,8.12015625,0,0
fla_npu_stable::npu_causal_conv1d_fn,,,158.85,217.8,0,63.02128125,0,0
aten::empty_strided,,,14.26,21.92,0,0,0,0
empty_tensor,,,7.66,7.66,0,0,0,0
aten::empty_strided,,,13.24,20.87,0,0,0,0
empty_tensor,,,7.63,7.63,0,0,0,0
aclnnCausalConv1d,,,16.16,16.16,63.02128125,63.02128125,0,0
_copy_conv_state_kernel,,,25.37,25.37,7.34015625,7.34015625,0,0
aten::split,,,5.06,29.38,0,0,0,0
aten::narrow,,,4.27,15.93,0,0,0,0
aten::slice,,,4.07,11.66,0,0,0,0
aten::as_strided,,,7.59,7.59,0,0,0,0
aten::narrow,,,1.25,4.29,0,0,0,0
aten::slice,,,0.98,3.04,0,0,0,0
aten::as_strided,,,2.06,2.06,0,0,0,0
aten::narrow,,,1.18,4.1,0,0,0,0
aten::slice,,,0.94,2.92,0,0,0,0
aten::as_strided,,,1.98,1.98,0,0,0,0
aten::zero_,,,16.31,33.14,0,8.8001875,0,0
aclnnInplaceZero,,,16.83,16.83,8.8001875,8.8001875,0,0
aten::reshape,,,7.87,17.25,0,0,0,0
aten::_reshape_alias,,,3.69,9.38,0,0,0,0
aten::view,,,5.69,5.69,0,0,0,0
aten::reshape,,,2.31,8.5,0,0,0,0
aten::_reshape_alias,,,1.99,6.19,0,0,0,0
aten::view,,,4.2,4.2,0,0,0,0
aten::reshape,,,1.64,6.63,0,0,0,0
aten::_reshape_alias,,,1.75,4.99,0,0,0,0
aten::view,,,3.24,3.24,0,0,0,0
aten::alias,,,2.5,2.5,0,0,0,0
aten::alias,,,1.15,1.15,0,0,0,0
aten::alias,,,1.06,1.06,0,0,0,0
aten::alias,,,1.16,1.16,0,0,0,0
aten::alias,,,1.56,1.56,0,0,0,0
aten::empty,,,3.56,17.4,0,0,0,0
empty_tensor,,,13.84,13.84,0,0,0,0
aten::select,,,7.63,12.77,0,0,0,0
aten::as_strided,,,5.14,5.14,0,0,0,0
_gather_initial_states_kernel,,,25.58,25.58,8.90015625,8.90015625,0,0
aten::to,,,3.81,3.81,0,0,0,0
aten::to,,,1.88,70.92,0,5.600125,0,0
aten::_to_copy,,,8.07,69.04,0,5.600125,0,0
aten::empty_strided,,,10.87,18.06,0,0,0,0
empty_tensor,,,7.19,7.19,0,0,0,0
aten::copy_,,,27.48,42.91,0,5.600125,0,0
aclnnInplaceCopy,,,15.43,15.43,5.600125,5.600125,0,0
aten::sigmoid,,,12.61,31.38,0,2.8200625,0,0
empty_tensor,,,6.81,6.81,0,0,0,0
aclnnSigmoid,,,11.96,11.96,2.8200625,2.8200625,0,0
aten::contiguous,,,3.48,46.82,0,6.080125,0,0
aten::clone,,,4.64,43.34,0,6.080125,0,0
empty_tensor,,,9.16,9.16,0,0,0,0
aten::copy_,,,14.9,29.54,0,6.080125,0,0
aclnnInplaceCopy,,,14.64,14.64,6.080125,6.080125,0,0
aten::view,,,6.21,6.21,0,0,0,0
aten::empty_like,,,4.79,19.1,0,0,0,0
aten::empty_strided,,,10.5,14.31,0,0,0,0
empty_tensor,,,3.81,3.81,0,0,0,0
l2norm_fwd_kernel2,,,22.32,22.32,11.80025,11.80025,0,0
aten::view,,,10.06,10.06,0,0,0,0
aten::contiguous,,,3.19,54.97,0,5.38009375,0,0
aten::clone,,,5.63,51.78,0,5.38009375,0,0
empty_tensor,,,10.93,10.93,0,0,0,0
aten::copy_,,,19.06,35.22,0,5.38009375,0,0
aclnnInplaceCopy,,,16.16,16.16,5.38009375,5.38009375,0,0
aten::view,,,4.46,4.46,0,0,0,0
aten::empty_like,,,4.84,19.57,0,0,0,0
aten::empty_strided,,,10.25,14.73,0,0,0,0
empty_tensor,,,4.48,4.48,0,0,0,0
l2norm_fwd_kernel2,,,23.68,23.68,6.760125,6.760125,0,0
aten::view,,,10.31,10.31,0,0,0,0
aten::contiguous,,,3.4,54.98,0,5.520125,0,0
aten::clone,,,4.94,51.58,0,5.520125,0,0
empty_tensor,,,10.77,10.77,0,0,0,0
aten::copy_,,,19.45,35.87,0,5.520125,0,0
aclnnInplaceCopy,,,16.42,16.42,5.520125,5.520125,0,0
aten::reshape,,,2.23,12.46,0,0,0,0
aten::view,,,10.23,10.23,0,0,0,0
_C_ascend::chunk_kda_fwd,,,68.18,150.91,0,445.86890625,0,0
aten::empty,,,2.95,14.87,0,0,0,0
empty_tensor,,,11.92,11.92,0,0,0,0
aten::empty,,,1.56,6.99,0,0,0,0
empty_tensor,,,5.43,5.43,0,0,0,0
aten::empty,,,1.63,7.5,0,0,0,0
empty_tensor,,,5.87,5.87,0,0,0,0
aten::empty_like,,,4.88,23.46,0,0,0,0
aten::empty_strided,,,15.25,18.58,0,0,0,0
empty_tensor,,,3.33,3.33,0,0,0,0
aten::empty,,,3.13,12.75,0,0,0,0
empty_tensor,,,9.62,9.62,0,0,0,0
aclnnChunkKdaFwd,,,17.16,17.16,445.86890625,445.86890625,0,0
aten::to,,,2.69,2.69,0,0,0,0
aten::select,,,7.98,14.66,0,0,0,0
aten::as_strided,,,6.68,6.68,0,0,0,0
aten::select,,,9.41,13.02,0,0,0,0
aten::as_strided,,,3.61,3.61,0,0,0,0
aten::view,,,7.4,7.4,0,0,0,0
aten::unsqueeze,,,4.42,8.48,0,0,0,0
aten::as_strided,,,4.06,4.06,0,0,0,0
aten::view,,,3.49,3.49,0,0,0,0
npu::npu_scatter_nd_update_,,,32.36,48.0,0,53.54109375,0,0
aclnnScatterNdUpdate,,,15.64,15.64,53.54109375,53.54109375,0,0
aten::select,,,3.28,6.98,0,0,0,0
aten::as_strided,,,3.7,3.7,0,0,0,0
aten::select,,,1.84,4.44,0,0,0,0
aten::as_strided,,,2.6,2.6,0,0,0,0
aten::copy_,,,16.83,29.57,0,7.92015625,0,0
aclnnInplaceCopy,,,12.74,12.74,7.92015625,7.92015625,0,0
aten::reshape,,,2.46,7.92,0,0,0,0
aten::view,,,5.46,5.46,0,0,0,0
aten::reshape,,,0.87,3.74,0,0,0,0
aten::view,,,2.87,2.87,0,0,0,0
aten::empty_like,,,5.33,20.11,0,0,0,0
aten::empty_strided,,,9.69,14.78,0,0,0,0
empty_tensor,,,5.09,5.09,0,0,0,0
layer_norm_gated_fwd_kernel,,,46.8,46.8,17.58034375,17.58034375,0,0
aten::reshape,,,2.84,12.7,0,0,0,0
aten::view,,,9.86,9.86,0,0,0,0
aten::reshape,,,1.34,5.42,0,0,0,0
aten::view,,,4.08,4.08,0,0,0,0
vllm::unquantized_gemm,,,22.8,95.91,0,82.66165625,0,82.66165625
aten::linear,,,4.76,73.11,0,82.66165625,0,82.66165625
aten::t,,,5.63,16.2,0,0,0,0
aten::transpose,,,3.61,10.57,0,0,0,0
aten::as_strided,,,6.96,6.96,0,0,0,0
aten::matmul,,,22.41,52.15,0,82.66165625,0,82.66165625
empty_tensor,,,12.06,12.06,0,0,0,0
aclnnMatmul,,,17.68,17.68,82.66165625,82.66165625,82.66165625,82.66165625
aten::unsqueeze,,,4.26,9.81,0,0,0,0
aten::as_strided,,,5.55,5.55,0,0,0,0
aten::unsqueeze,,,1.85,4.99,0,0,0,0
aten::as_strided,,,3.14,3.14,0,0,0,0
aten::squeeze,,,3.05,5.95,0,0,0,0
aten::as_strided,,,2.9,2.9,0,0,0,0
aten::unsqueeze,,,1.41,3.84,0,0,0,0
aten::as_strided,,,2.43,2.43,0,0,0,0
aten::unsqueeze,,,1.54,4.53,0,0,0,0
aten::as_strided,,,2.99,2.99,0,0,0,0
_C_ascend::npu_hc_post,,,49.54,93.01,0,23.7805,0,0
aten::empty,,,2.95,14.02,0,0,0,0
empty_tensor,,,11.07,11.07,0,0,0,0
aten::empty,,,3.26,12.93,0,0,0,0
empty_tensor,,,9.67,9.67,0,0,0,0
aclnnHcPost,,,16.52,16.52,23.7805,23.7805,0,0
aten::squeeze,,,4.18,9.01,0,0,0,0
aten::as_strided,,,4.83,4.83,0,0,0,0
_C_ascend::npu_hc_pre_v2,,,46.96,98.77,0,67.98134375,0,0
aten::empty,,,3.12,11.93,0,0,0,0
empty_tensor,,,8.81,8.81,0,0,0,0
aten::empty,,,1.63,6.32,0,0,0,0
empty_tensor,,,4.69,4.69,0,0,0,0
aten::empty,,,1.38,4.83,0,0,0,0
empty_tensor,,,3.45,3.45,0,0,0,0
aten::empty,,,2.87,13.17,0,0,0,0
empty_tensor,,,10.3,10.3,0,0,0,0
aclnnHcPre,,,15.56,15.56,67.98134375,67.98134375,0,0
npu::npu_rms_norm,,,61.14,89.57,0,11.06021875,0,0
empty_tensor,,,8.19,8.19,0,0,0,0
empty_tensor,,,4.61,4.61,0,0,0,0
aclnnRmsNorm,,,15.63,15.63,11.06021875,11.06021875,0,0
aten::unsqueeze,,,3.99,9.28,0,0,0,0
aten::as_strided,,,5.29,5.29,0,0,0,0
vllm::unquantized_gemm,,,21.62,87.52,0,307.44615625,0,307.44615625
aten::linear,,,4.59,65.9,0,307.44615625,0,307.44615625
aten::t,,,5.34,13.66,0,0,0,0
aten::transpose,,,2.75,8.32,0,0,0,0
aten::as_strided,,,5.57,5.57,0,0,0,0
aten::matmul,,,19.72,47.65,0,307.44615625,0,307.44615625
empty_tensor,,,11.35,11.35,0,0,0,0
aclnnMatmul,,,16.58,16.58,307.44615625,307.44615625,307.44615625,307.44615625
aten::slice,,,4.47,9.25,0,0,0,0
aten::as_strided,,,4.78,4.78,0,0,0,0
aten::clamp,,,23.31,47.13,0,37.60075,0,0
empty_tensor,,,9.28,9.28,0,0,0,0
aclnnClamp,,,14.54,14.54,37.60075,37.60075,0,0
aten::slice,,,3.08,7.08,0,0,0,0
aten::as_strided,,,4.0,4.0,0,0,0,0
aten::clamp,,,34.79,59.25,0,37.26075,0,0
empty_tensor,,,8.39,8.39,0,0,0,0
aclnnClamp,,,16.07,16.07,37.26075,37.26075,0,0
aten::mul,,,20.01,44.9,0,9.04015625,0,0
empty_tensor,,,7.72,7.72,0,0,0,0
aten::item,,,2.31,4.25,0,0,0,0
aten::_local_scalar_dense,,,1.94,1.94,0,0,0,0
aclnnMuls,,,12.92,12.92,9.04015625,9.04015625,0,0
aten::sigmoid,,,11.32,30.33,0,10.74021875,0,0
empty_tensor,,,7.36,7.36,0,0,0,0
aclnnSigmoid,,,11.65,11.65,10.74021875,10.74021875,0,0
aten::mul,,,13.68,30.2,0,12.62025,0,0
empty_tensor,,,5.78,5.78,0,0,0,0
aclnnMul,,,10.74,10.74,12.62025,12.62025,0,0
aten::add,,,17.13,37.05,0,10.44021875,0,0
empty_tensor,,,6.82,6.82,0,0,0,0
aten::item,,,1.79,2.82,0,0,0,0
aten::_local_scalar_dense,,,1.03,1.03,0,0,0,0
aclnnAdds,,,10.28,10.28,10.44021875,10.44021875,0,0
aten::mul,,,13.22,31.64,0,6.400125,0,0
empty_tensor,,,7.8,7.8,0,0,0,0
aclnnMul,,,10.62,10.62,6.400125,6.400125,0,0
vllm::unquantized_gemm,,,22.35,86.02,0,117.862375,0,117.862375
aten::linear,,,4.54,63.67,0,117.862375,0,117.862375
aten::t,,,5.43,14.95,0,0,0,0
aten::transpose,,,3.36,9.52,0,0,0,0
aten::as_strided,,,6.16,6.16,0,0,0,0
aten::matmul,,,19.36,44.18,0,117.862375,0,117.862375
empty_tensor,,,9.74,9.74,0,0,0,0
aclnnMatmul,,,15.08,15.08,117.862375,117.862375,117.862375,117.862375
aten::unsqueeze,,,5.08,10.82,0,0,0,0
aten::as_strided,,,5.74,5.74,0,0,0,0
aten::unsqueeze,,,1.89,5.31,0,0,0,0
aten::as_strided,,,3.42,3.42,0,0,0,0
aten::squeeze,,,2.66,5.78,0,0,0,0
aten::as_strided,,,3.12,3.12,0,0,0,0
aten::unsqueeze,,,1.74,4.53,0,0,0,0
aten::as_strided,,,2.79,2.79,0,0,0,0
aten::unsqueeze,,,2.01,5.43,0,0,0,0
aten::as_strided,,,3.42,3.42,0,0,0,0
_C_ascend::npu_hc_post,,,48.74,94.34,0,23.6005,0,0
aten::empty,,,2.9,12.14,0,0,0,0
empty_tensor,,,9.24,9.24,0,0,0,0
aten::empty,,,3.44,13.14,0,0,0,0
empty_tensor,,,9.7,9.7,0,0,0,0
aclnnHcPost,,,20.32,20.32,23.6005,23.6005,0,0
aten::squeeze,,,3.95,8.82,0,0,0,0
aten::as_strided,,,4.87,4.87,0,0,0,0
_C_ascend::npu_hc_pre_v2,,,45.07,95.15,0,65.6613125,0,0
aten::empty,,,3.42,12.05,0,0,0,0
empty_tensor,,,8.63,8.63,0,0,0,0
aten::empty,,,1.78,6.91,0,0,0,0
empty_tensor,,,5.13,5.13,0,0,0,0
aten::empty,,,1.51,5.16,0,0,0,0
empty_tensor,,,3.65,3.65,0,0,0,0
aten::empty,,,2.87,11.09,0,0,0,0
empty_tensor,,,8.22,8.22,0,0,0,0
aclnnHcPre,,,14.87,14.87,65.6613125,65.6613125,0,0
npu::npu_rms_norm,,,58.72,84.44,0,11.24021875,0,0
empty_tensor,,,7.44,7.44,0,0,0,0
empty_tensor,,,4.65,4.65,0,0,0,0
aclnnRmsNorm,,,13.63,13.63,11.24021875,11.24021875,0,0
aten::unsqueeze,,,3.8,8.6,0,0,0,0
aten::as_strided,,,4.8,4.8,0,0,0,0
aten::empty,,,3.85,13.55,0,0,0,0
empty_tensor,,,9.7,9.7,0,0,0,0
vllm::mla_forward,,,2961.73,5094.2,0,852.2769375,0,416.80828125
aten::slice,,,4.43,9.25,0,0,0,0
aten::as_strided,,,4.82,4.82,0,0,0,0
aten::slice,,,2.36,7.0,0,0,0,0
aten::as_strided,,,4.64,4.64,0,0,0,0
aten::linear,,,4.89,65.72,0,22.36046875,0,22.36046875
aten::t,,,5.55,12.96,0,0,0,0
aten::transpose,,,2.49,7.41,0,0,0,0
aten::as_strided,,,4.92,4.92,0,0,0,0
aten::matmul,,,20.88,47.87,0,22.36046875,0,22.36046875
empty_tensor,,,9.05,9.05,0,0,0,0
aclnnMatmul,,,17.94,17.94,22.36046875,22.36046875,22.36046875,22.36046875
aten::split_with_sizes,,,4.84,11.66,0,0,0,0
aten::as_strided,,,4.56,4.56,0,0,0,0
aten::as_strided,,,2.26,2.26,0,0,0,0
npu::npu_rms_norm,,,122.07,152.95,0,15.1203125,0,0
empty_tensor,,,9.28,9.28,0,0,0,0
empty_tensor,,,4.81,4.81,0,0,0,0
aclnnRmsNorm,,,16.79,16.79,15.1203125,15.1203125,0,0
aten::reshape,,,7.06,17.34,0,0,0,0
aten::_reshape_alias,,,3.85,10.28,0,0,0,0
aten::view,,,6.43,6.43,0,0,0,0
npu::npu_rms_norm,,,107.8,137.76,0,8.64015625,0,0
empty_tensor,,,8.46,8.46,0,0,0,0
empty_tensor,,,4.34,4.34,0,0,0,0
aclnnRmsNorm,,,17.16,17.16,8.64015625,8.64015625,0,0
aten::view,,,11.6,11.6,0,0,0,0
aten::slice,,,6.65,11.15,0,0,0,0
aten::as_strided,,,4.5,4.5,0,0,0,0
aten::view,,,4.58,4.58,0,0,0,0
aten::to,,,1.6,1.6,0,0,0,0
npu::npu_scatter_nd_update_,,,28.44,45.35,0,34.5406875,0,0
aclnnScatterNdUpdate,,,16.91,16.91,34.5406875,34.5406875,0,0
vllm::unquantized_gemm,,,22.33,85.99,0,70.82140625,0,70.82140625
aten::linear,,,4.46,63.66,0,70.82140625,0,70.82140625
aten::t,,,4.82,14.28,0,0,0,0
aten::transpose,,,3.54,9.46,0,0,0,0
aten::as_strided,,,5.92,5.92,0,0,0,0
aten::matmul,,,18.93,44.92,0,70.82140625,0,70.82140625
empty_tensor,,,10.76,10.76,0,0,0,0
aclnnMatmul,,,15.23,15.23,70.82140625,70.82140625,70.82140625,70.82140625
aten::view,,,5.91,5.91,0,0,0,0
aten::split_with_sizes,,,4.54,10.53,0,0,0,0
aten::as_strided,,,3.98,3.98,0,0,0,0
aten::as_strided,,,2.01,2.01,0,0,0,0
npu::npu_transpose_batchmatmul,,,35.4,68.36,0,35.1806875,0,35.1806875
empty_tensor,,,11.86,11.86,0,0,0,0
aclnnTransposeBatchMatMul,,,21.1,21.1,35.1806875,35.1806875,35.1806875,35.1806875
aten::slice,,,3.66,9.24,0,0,0,0
aten::as_strided,,,5.58,5.58,0,0,0,0
aten::slice,,,1.72,4.67,0,0,0,0
aten::as_strided,,,2.95,2.95,0,0,0,0
aten::to,,,1.82,46.56,0,7.760125,0,0
aten::_to_copy,,,6.21,44.74,0,7.760125,0,0
aten::empty_strided,,,10.72,15.89,0,0,0,0
empty_tensor,,,5.17,5.17,0,0,0,0
aten::copy_,,,18.15,22.64,0,7.760125,0,0
aclnnInplaceCopy,,,4.49,4.49,7.760125,7.760125,0,0
aten::linear,,,4.07,41.53,0,24.28046875,0,24.28046875
aten::t,,,4.66,10.88,0,0,0,0
aten::transpose,,,2.54,6.22,0,0,0,0
aten::as_strided,,,3.68,3.68,0,0,0,0
aten::matmul,,,15.71,26.58,0,24.28046875,0,24.28046875
empty_tensor,,,7.13,7.13,0,0,0,0
aclnnMatmul,,,3.74,3.74,24.28046875,24.28046875,24.28046875,24.28046875
aten::slice,,,2.53,6.36,0,0,0,0
aten::as_strided,,,3.83,3.83,0,0,0,0
aten::layer_norm,,,11.43,79.55,0,20.060375,0,0
aten::native_layer_norm,,,29.52,68.12,0,20.060375,0,0
aten::resize_,,,5.02,5.02,0,0,0,0
aten::resize_,,,1.44,1.44,0,0,0,0
empty_tensor,,,8.06,8.06,0,0,0,0
empty_tensor,,,3.91,3.91,0,0,0,0
empty_tensor,,,4.07,4.07,0,0,0,0
aclnnLayerNorm,,,16.1,16.1,20.060375,20.060375,0,0
aten::linear,,,4.03,38.68,0,19.240375,0,19.240375
aten::t,,,3.87,9.98,0,0,0,0
aten::transpose,,,2.1,6.11,0,0,0,0
aten::as_strided,,,4.01,4.01,0,0,0,0
aten::matmul,,,14.98,24.67,0,19.240375,0,19.240375
empty_tensor,,,6.09,6.09,0,0,0,0
aclnnMatmul,,,3.6,3.6,19.240375,19.240375,19.240375,19.240375
aten::slice,,,2.64,6.41,0,0,0,0
aten::as_strided,,,3.77,3.77,0,0,0,0
vllm::unquantized_gemm,,,21.28,80.87,0,19.500375,0,19.500375
aten::linear,,,3.75,59.59,0,19.500375,0,19.500375
aten::t,,,4.89,12.21,0,0,0,0
aten::transpose,,,2.43,7.32,0,0,0,0
aten::as_strided,,,4.89,4.89,0,0,0,0
aten::matmul,,,16.73,43.63,0,19.500375,0,19.500375
empty_tensor,,,9.3,9.3,0,0,0,0
aclnnMatmul,,,17.6,17.6,19.500375,19.500375,19.500375,19.500375
aten::view,,,5.71,5.71,0,0,0,0
aten::slice,,,2.47,5.66,0,0,0,0
aten::as_strided,,,3.19,3.19,0,0,0,0
aten::to,,,2.0,77.43,0,4.28009375,0,0
aten::_to_copy,,,7.11,75.43,0,4.28009375,0,0
aten::empty_strided,,,8.69,13.35,0,0,0,0
empty_tensor,,,4.66,4.66,0,0,0,0
aten::copy_,,,39.1,54.97,0,4.28009375,0,0
aclnnInplaceCopy,,,15.87,15.87,4.28009375,4.28009375,0,0
aten::mul,,,20.47,43.89,0,1.7200625,0,0
empty_tensor,,,6.61,6.61,0,0,0,0
aten::item,,,2.31,4.1,0,0,0,0
aten::_local_scalar_dense,,,1.79,1.79,0,0,0,0
aclnnMuls,,,12.71,12.71,1.7200625,1.7200625,0,0
aten::slice,,,3.64,8.38,0,0,0,0
aten::as_strided,,,4.74,4.74,0,0,0,0
aten::max,,,12.09,18.82,0,0,0,0
aten::empty,,,4.54,4.54,0,0,0,0
aten::fill_,,,2.19,2.19,0,0,0,0
aten::item,,,1.56,2.44,0,0,0,0
aten::_local_scalar_dense,,,0.88,0.88,0,0,0,0
aten::slice,,,7.34,12.36,0,0,0,0
aten::as_strided,,,5.02,5.02,0,0,0,0
aten::slice,,,1.69,4.94,0,0,0,0
aten::as_strided,,,3.25,3.25,0,0,0,0
_glm5_next_kpool_tail_compress_kernel,,,32.33,32.33,15.94034375,15.94034375,0,0
_store_kpool_tail_kernel,,,26.12,26.12,3.2600625,3.2600625,0,0
aten::to,,,3.75,3.75,0,0,0,0
aten::slice,,,9.51,17.84,0,0,0,0
aten::as_strided,,,8.33,8.33,0,0,0,0
aten::empty,,,4.27,17.48,0,0,0,0
empty_tensor,,,13.21,13.21,0,0,0,0
_gather_pool_cache,,,25.07,25.07,2.9600625,2.9600625,0,0
aten::slice,,,4.79,13.32,0,0,0,0
aten::as_strided,,,8.53,8.53,0,0,0,0
aten::to,,,2.05,67.19,0,5.880125,0,0
aten::_to_copy,,,6.26,65.14,0,5.880125,0,0
aten::empty_strided,,,13.34,19.93,0,0,0,0
empty_tensor,,,6.59,6.59,0,0,0,0
aten::copy_,,,22.38,38.95,0,5.880125,0,0
aclnnInplaceCopy,,,16.57,16.57,5.880125,5.880125,0,0
aten::slice,,,2.85,6.73,0,0,0,0
aten::as_strided,,,3.88,3.88,0,0,0,0
aten::to,,,1.3,48.92,0,1.20003125,0,0
aten::_to_copy,,,4.66,47.62,0,1.20003125,0,0
aten::empty_strided,,,8.06,13.1,0,0,0,0
empty_tensor,,,5.04,5.04,0,0,0,0
aten::copy_,,,16.0,29.86,0,1.20003125,0,0
aclnnInplaceCopy,,,13.86,13.86,1.20003125,1.20003125,0,0
aten::unsqueeze,,,3.49,14.68,0,0,0,0
aten::as_strided,,,11.19,11.19,0,0,0,0
aten::mul,,,17.32,38.3,0,14.46028125,0,0
empty_tensor,,,9.69,9.69,0,0,0,0
aclnnMul,,,11.29,11.29,14.46028125,14.46028125,0,0
aten::sum,,,18.91,36.84,0,10.82021875,0,0
empty_tensor,,,6.49,6.49,0,0,0,0
aclnnReduceSum,,,11.44,11.44,10.82021875,10.82021875,0,0
aten::empty,,,3.16,10.83,0,0,0,0
empty_tensor,,,7.67,7.67,0,0,0,0
_glm5_next_lightning_indexer_score_kernel,,,37.08,37.08,17.04034375,17.04034375,0,0
aten::topk,,,27.82,61.77,0,22.72040625,0,0
empty_tensor,,,12.78,12.78,0,0,0,0
empty_tensor,,,4.51,4.51,0,0,0,0
aclnnTopk,,,16.66,16.66,22.72040625,22.72040625,0,0
aten::to,,,2.74,57.26,0,2.8800625,0,0
aten::_to_copy,,,6.57,54.52,0,2.8800625,0,0
aten::empty_strided,,,8.03,12.74,0,0,0,0
empty_tensor,,,4.71,4.71,0,0,0,0
aten::copy_,,,23.2,35.21,0,2.8800625,0,0
aclnnInplaceCopy,,,12.01,12.01,2.8800625,2.8800625,0,0
_expand_pool_indices,,,23.72,23.72,165.9033125,165.9033125,0,0
aten::slice,,,9.74,17.39,0,0,0,0
aten::as_strided,,,7.65,7.65,0,0,0,0
aten::unsqueeze,,,5.76,20.45,0,0,0,0
aten::as_strided,,,14.69,14.69,0,0,0,0
aten::slice,,,6.59,11.73,0,0,0,0
aten::as_strided,,,5.14,5.14,0,0,0,0
aten::to,,,1.82,1.82,0,0,0,0
aten::to,,,1.66,1.66,0,0,0,0
_C_ascend::npu_sparse_flash_attention,,,154.32,217.51,0,72.5214375,0,0
aten::empty,,,4.5,18.21,0,0,0,0
empty_tensor,,,13.71,13.71,0,0,0,0
aten::empty,,,1.65,4.13,0,0,0,0
empty_tensor,,,2.48,2.48,0,0,0,0
aten::empty,,,1.2,3.19,0,0,0,0
empty_tensor,,,1.99,1.99,0,0,0,0
aten::empty,,,4.79,18.04,0,0,0,0
empty_tensor,,,13.25,13.25,0,0,0,0
aclnnSparseFlashAttention,,,19.62,19.62,72.5214375,72.5214375,0,0
aten::view,,,7.77,7.77,0,0,0,0
npu::npu_transpose_batchmatmul,,,34.25,50.48,0,24.8405,0,24.8405
empty_tensor,,,11.19,11.19,0,0,0,0
aclnnTransposeBatchMatMul,,,5.04,5.04,24.8405,24.8405,24.8405,24.8405
aten::reshape,,,2.16,7.4,0,0,0,0
aten::view,,,5.24,5.24,0,0,0,0
aten::slice,,,3.59,7.31,0,0,0,0
aten::as_strided,,,3.72,3.72,0,0,0,0
vllm::unquantized_gemm,,,22.42,89.58,0,200.584,0,200.584
aten::linear,,,4.58,67.16,0,200.584,0,200.584
aten::t,,,5.78,14.19,0,0,0,0
aten::transpose,,,3.05,8.41,0,0,0,0
aten::as_strided,,,5.36,5.36,0,0,0,0
aten::matmul,,,19.82,48.39,0,200.584,0,200.584
empty_tensor,,,9.65,9.65,0,0,0,0
aclnnMatmul,,,18.92,18.92,200.584,200.584,200.584,200.584
aten::copy_,,,16.18,19.89,0,7.76015625,0,0
aclnnInplaceCopy,,,3.71,3.71,7.76015625,7.76015625,0,0
aten::view,,,4.88,4.88,0,0,0,0
aten::unsqueeze,,,3.47,8.17,0,0,0,0
aten::as_strided,,,4.7,4.7,0,0,0,0
aten::unsqueeze,,,2.43,5.57,0,0,0,0
aten::as_strided,,,3.14,3.14,0,0,0,0
aten::squeeze,,,2.92,5.55,0,0,0,0
aten::as_strided,,,2.63,2.63,0,0,0,0
aten::unsqueeze,,,1.61,4.02,0,0,0,0
aten::as_strided,,,2.41,2.41,0,0,0,0
aten::unsqueeze,,,1.62,5.2,0,0,0,0
aten::as_strided,,,3.58,3.58,0,0,0,0
_C_ascend::npu_hc_post,,,48.06,92.56,0,24.5405,0,0
aten::empty,,,2.76,13.38,0,0,0,0
empty_tensor,,,10.62,10.62,0,0,0,0
aten::empty,,,3.28,12.23,0,0,0,0
empty_tensor,,,8.95,8.95,0,0,0,0
aclnnHcPost,,,18.89,18.89,24.5405,24.5405,0,0
aten::squeeze,,,4.31,8.66,0,0,0,0
aten::as_strided,,,4.35,4.35,0,0,0,0
_C_ascend::npu_hc_pre_v2,,,45.78,95.29,0,68.481375,0,0
aten::empty,,,2.92,11.43,0,0,0,0
empty_tensor,,,8.51,8.51,0,0,0,0
aten::empty,,,1.55,6.08,0,0,0,0
empty_tensor,,,4.53,4.53,0,0,0,0
aten::empty,,,1.27,4.96,0,0,0,0
empty_tensor,,,3.69,3.69,0,0,0,0
aten::empty,,,2.65,12.13,0,0,0,0
empty_tensor,,,9.48,9.48,0,0,0,0
aclnnHcPre,,,14.91,14.91,68.481375,68.481375,0,0
npu::npu_rms_norm,,,57.24,83.57,0,10.7801875,0,0
empty_tensor,,,7.79,7.79,0,0,0,0
empty_tensor,,,4.96,4.96,0,0,0,0
aclnnRmsNorm,,,13.58,13.58,10.7801875,10.7801875,0,0
aten::unsqueeze,,,3.58,8.32,0,0,0,0
aten::as_strided,,,4.74,4.74,0,0,0,0
vllm::moe_forward_shared,,,1972.42,3942.18,0,670.11334375,0,73.0814375
Event::record,,,107.12,129.8,0,0.02,0,0
record_event,,,22.68,22.68,0.02,0.02,0,0
aten::to,,,2.46,60.99,0,7.98015625,0,0
aten::_to_copy,,,7.2,58.53,0,7.98015625,0,0
aten::empty_strided,,,11.64,18.53,0,0,0,0
empty_tensor,,,6.89,6.89,0,0,0,0
aten::copy_,,,17.37,32.8,0,7.98015625,0,0
aclnnInplaceCopy,,,15.43,15.43,7.98015625,7.98015625,0,0
aten::linear,,,4.62,58.12,0,7.520125,0,7.520125
aten::t,,,5.88,13.47,0,0,0,0
aten::transpose,,,3.04,7.59,0,0,0,0
aten::as_strided,,,4.55,4.55,0,0,0,0
aten::matmul,,,19.18,40.03,0,7.520125,0,7.520125
empty_tensor,,,9.12,9.12,0,0,0,0
aclnnMatmul,,,11.73,11.73,7.520125,7.520125,7.520125,7.520125
Event::record,,,96.58,113.56,0,0.02,0,0
record_event,,,16.98,16.98,0.02,0.02,0,0
_C_ascend::moe_gating_top_k,,,61.99,129.5,0,11.94021875,0,0
aten::empty,,,4.22,17.97,0,0,0,0
empty_tensor,,,13.75,13.75,0,0,0,0
aten::empty,,,1.85,6.99,0,0,0,0
empty_tensor,,,5.14,5.14,0,0,0,0
aten::empty,,,1.54,6.41,0,0,0,0
empty_tensor,,,4.87,4.87,0,0,0,0
aten::empty,,,3.4,14.99,0,0,0,0
empty_tensor,,,11.59,11.59,0,0,0,0
aclnnMoeGatingTopK,,,21.15,21.15,11.94021875,11.94021875,0,0
aten::to,,,2.56,2.56,0,0,0,0
Event::record,,,121.52,139.28,0,0.02,0,0
record_event,,,17.76,17.76,0.02,0.02,0,0
npu::npu_moe_init_routing_v2,,,41.29,86.01,0,31.820625,0,0
empty_tensor,,,15.46,15.46,0,0,0,0
empty_tensor,,,5.24,5.24,0,0,0,0
empty_tensor,,,4.27,4.27,0,0,0,0
empty_tensor,,,3.82,3.82,0,0,0,0
aclnnMoeInitRoutingV3,,,15.93,15.93,31.820625,31.820625,0,0
aten::to,,,2.69,2.69,0,0,0,0
npu::npu_grouped_matmul,,,58.04,90.69,0,218.864375,0,0
empty_tensor,,,11.67,11.67,0,0,0,0
npu::get_npu_format,,,5.51,5.51,0,0,0,0
aclnnGroupedMatmulV5,,,15.47,15.47,218.864375,218.864375,0,0
aten::chunk,,,5.9,35.04,0,0,0,0
aten::split,,,5.17,29.14,0,0,0,0
aten::narrow,,,5.13,17.57,0,0,0,0
aten::slice,,,4.51,12.44,0,0,0,0
aten::as_strided,,,7.93,7.93,0,0,0,0
aten::narrow,,,1.43,6.4,0,0,0,0
aten::slice,,,1.25,4.97,0,0,0,0
aten::as_strided,,,3.72,3.72,0,0,0,0
aten::clamp_,,,28.01,32.53,0,62.56125,0,0
aclnnClamp,,,4.52,4.52,62.56125,62.56125,0,0
aten::clamp_,,,16.56,19.28,0,53.1810625,0,0
aclnnClamp,,,2.72,2.72,53.1810625,53.1810625,0,0
npu::npu_swiglu,,,60.61,82.93,0,19.70040625,0,0
empty_tensor,,,8.24,8.24,0,0,0,0
aclnnSwiGlu,,,14.08,14.08,19.70040625,19.70040625,0,0
Event::record,,,97.15,115.16,0,0.02,0,0
record_event,,,18.01,18.01,0.02,0.02,0,0
npu::npu_grouped_matmul,,,38.64,75.82,0,109.3821875,0,0
empty_tensor,,,13.34,13.34,0,0,0,0
npu::get_npu_format,,,2.31,2.31,0,0,0,0
aclnnGroupedMatmulV5,,,21.53,21.53,109.3821875,109.3821875,0,0
Event::record,,,91.1,108.34,0,0.02,0,0
record_event,,,17.24,17.24,0.02,0.02,0,0
aten::to,,,2.34,62.89,0,1.5400625,0,0
aten::_to_copy,,,7.51,60.55,0,1.5400625,0,0
aten::empty_strided,,,11.14,17.66,0,0,0,0
empty_tensor,,,6.52,6.52,0,0,0,0
aten::copy_,,,20.7,35.38,0,1.5400625,0,0
aclnnInplaceCopy,,,14.68,14.68,1.5400625,1.5400625,0,0
aten::abs,,,14.57,33.18,0,1.58003125,0,0
empty_tensor,,,7.82,7.82,0,0,0,0
aclnnAbs,,,10.79,10.79,1.58003125,1.58003125,0,0
npu::npu_moe_token_unpermute,,,89.69,113.08,0,15.9203125,0,0
empty_tensor,,,9.32,9.32,0,0,0,0
aclnnMoeTokenUnpermute,,,14.07,14.07,15.9203125,15.9203125,0,0
vllm::unquantized_gemm,,,25.47,97.08,0,43.240875,0,43.240875
aten::linear,,,5.62,71.61,0,43.240875,0,43.240875
aten::t,,,6.52,18.09,0,0,0,0
aten::transpose,,,3.9,11.57,0,0,0,0
aten::as_strided,,,7.67,7.67,0,0,0,0
aten::matmul,,,21.38,47.9,0,43.240875,0,43.240875
empty_tensor,,,10.75,10.75,0,0,0,0
aclnnMatmul,,,15.77,15.77,43.240875,43.240875,43.240875,43.240875
aten::slice,,,4.75,10.57,0,0,0,0
aten::as_strided,,,5.82,5.82,0,0,0,0
aten::clamp,,,22.68,46.78,0,14.2603125,0,0
empty_tensor,,,9.78,9.78,0,0,0,0
aclnnClamp,,,14.32,14.32,14.2603125,14.2603125,0,0
aten::slice,,,3.16,7.18,0,0,0,0
aten::as_strided,,,4.02,4.02,0,0,0,0
aten::clamp,,,17.82,40.3,0,11.78021875,0,0
empty_tensor,,,6.96,6.96,0,0,0,0
aclnnClamp,,,15.52,15.52,11.78021875,11.78021875,0,0
aten::mul,,,20.28,44.31,0,7.180125,0,0
empty_tensor,,,6.61,6.61,0,0,0,0
aten::item,,,2.84,4.94,0,0,0,0
aten::_local_scalar_dense,,,2.1,2.1,0,0,0,0
aclnnMuls,,,12.48,12.48,7.180125,7.180125,0,0
aten::sigmoid,,,12.97,29.41,0,8.42015625,0,0
empty_tensor,,,6.12,6.12,0,0,0,0
aclnnSigmoid,,,10.32,10.32,8.42015625,8.42015625,0,0
aten::mul,,,13.71,28.66,0,9.7601875,0,0
empty_tensor,,,5.49,5.49,0,0,0,0
aclnnMul,,,9.46,9.46,9.7601875,9.7601875,0,0
aten::add,,,19.21,39.24,0,7.58015625,0,0
empty_tensor,,,6.77,6.77,0,0,0,0
aten::item,,,1.79,2.99,0,0,0,0
aten::_local_scalar_dense,,,1.2,1.2,0,0,0,0
aclnnAdds,,,10.27,10.27,7.58015625,7.58015625,0,0
aten::mul,,,13.13,26.2,0,3.4800625,0,0
empty_tensor,,,5.65,5.65,0,0,0,0
aclnnMul,,,7.42,7.42,3.4800625,3.4800625,0,0
vllm::unquantized_gemm,,,22.97,86.39,0,22.3204375,0,22.3204375
aten::linear,,,4.56,63.42,0,22.3204375,0,22.3204375
aten::t,,,5.49,15.97,0,0,0,0
aten::transpose,,,3.41,10.48,0,0,0,0
aten::as_strided,,,7.07,7.07,0,0,0,0
aten::matmul,,,18.14,42.89,0,22.3204375,0,22.3204375
empty_tensor,,,10.63,10.63,0,0,0,0
aclnnMatmul,,,14.12,14.12,22.3204375,22.3204375,22.3204375,22.3204375
destroy_event,,,10.84,10.84,0,0,0,0
destroy_event,,,5.4,5.4,0,0,0,0
destroy_event,,,2.47,2.47,0,0,0,0
destroy_event,,,1.7,1.7,0,0,0,0
destroy_event,,,1.78,1.78,0,0,0,0
vllm::maybe_all_reduce_shared_expert,,,25.52,25.52,0,0,0,0
aten::_foreach_add,,,51.14,79.77,0,16.2803125,0,0
aten::result_type,,,3.28,3.28,0,0,0,0
empty_tensor,,,11.79,11.79,0,0,0,0
aclnnForeachAddListV2,,,13.56,13.56,16.2803125,16.2803125,0,0
vllm::maybe_all_reduce_tensor_model_parallel,,,30.58,30.58,0,0,0,0
aten::view,,,8.5,8.5,0,0,0,0
aten::unsqueeze,,,4.37,9.61,0,0,0,0
aten::as_strided,,,5.24,5.24,0,0,0,0
aten::unsqueeze,,,2.23,5.49,0,0,0,0
aten::as_strided,,,3.26,3.26,0,0,0,0
aten::squeeze,,,3.08,5.85,0,0,0,0
aten::as_strided,,,2.77,2.77,0,0,0,0
aten::unsqueeze,,,1.66,4.17,0,0,0,0
aten::as_strided,,,2.51,2.51,0,0,0,0
aten::unsqueeze,,,1.84,4.56,0,0,0,0
aten::as_strided,,,2.72,2.72,0,0,0,0
_C_ascend::npu_hc_post,,,50.35,95.36,0,20.82040625,0,0
aten::empty,,,3.38,14.06,0,0,0,0
empty_tensor,,,10.68,10.68,0,0,0,0
aten::empty,,,3.8,13.52,0,0,0,0
empty_tensor,,,9.72,9.72,0,0,0,0
aclnnHcPost,,,17.43,17.43,20.82040625,20.82040625,0,0
aten::squeeze,,,3.96,8.47,0,0,0,0
aten::as_strided,,,4.51,4.51,0,0,0,0
aten::mean,,,25.34,45.77,0,16.70034375,0,0
empty_tensor,,,7.4,7.4,0,0,0,0
aclnnMean,,,13.03,13.03,16.70034375,16.70034375,0,0
npu::npu_rms_norm,,,61.41,92.15,0,10.82021875,0,0
empty_tensor,,,9.06,9.06,0,0,0,0
empty_tensor,,,4.5,4.5,0,0,0,0
aclnnRmsNorm,,,17.18,17.18,10.82021875,10.82021875,0,0
aten::index,,,32.64,57.66,0,11.400218749999999,0,0
empty_tensor,,,5.56,5.56,0,0,0,0
empty_tensor,,,6.08,6.08,0,0,0,0
aclnnIndex,,,13.38,13.38,11.400218749999999,11.400218749999999,0,0
aten::linear,,,5.55,60.6,0,968.499375,0,968.499375
aten::t,,,6.51,16.17,0,0,0,0
aten::transpose,,,3.43,9.66,0,0,0,0
aten::as_strided,,,6.23,6.23,0,0,0,0
aten::matmul,,,17.74,38.88,0,968.499375,0,968.499375
empty_tensor,,,7.87,7.87,0,0,0,0
aclnnMatmul,,,13.27,13.27,968.499375,968.499375,968.499375,968.499375
aten::alias,,,4.18,4.18,0,0,0,0
aten::log_softmax,,,16.64,127.83,0,51.54103125,0,0
aten::to,,,3.97,62.3,0,7.68015625,0,0
aten::_to_copy,,,6.8,58.33,0,7.68015625,0,0
aten::empty_strided,,,10.45,16.92,0,0,0,0
empty_tensor,,,6.47,6.47,0,0,0,0
aten::copy_,,,19.37,34.61,0,7.68015625,0,0
aclnnInplaceCopy,,,15.24,15.24,7.68015625,7.68015625,0,0
aten::_log_softmax,,,30.93,48.89,0,43.860875,0,0
empty_tensor,,,8.0,8.0,0,0,0,0
aclnnLogSoftmax,,,9.96,9.96,43.860875,43.860875,0,0
aten::to,,,2.21,45.0,0,2.84003125,0,0
aten::_to_copy,,,5.27,42.79,0,2.84003125,0,0
aten::empty_strided,,,7.07,12.6,0,0,0,0
empty_tensor,,,5.53,5.53,0,0,0,0
aten::copy_,,,13.72,24.92,0,2.84003125,0,0
aclnnInplaceCopy,,,11.2,11.2,2.84003125,2.84003125,0,0
aten::argmax,,,8.95,62.12,0,20.6204375,0,0
aten::empty,,,2.73,10.06,0,0,0,0
empty_tensor,,,7.33,7.33,0,0,0,0
aten::argmax,,,24.74,43.11,0,20.6204375,0,0
aten::reshape,,,1.98,7.02,0,0,0,0
aten::view,,,5.04,5.04,0,0,0,0
aclnnArgMax,,,11.35,11.35,20.6204375,20.6204375,0,0
aten::view,,,4.25,4.25,0,0,0,0
aten::to,,,1.63,1.63,0,0,0,0
aten::topk,,,21.88,49.67,0,34.62071875,0,0
empty_tensor,,,6.93,6.93,0,0,0,0
empty_tensor,,,3.9,3.9,0,0,0,0
aclnnTopk,,,16.96,16.96,34.62071875,34.62071875,0,0
aten::unsqueeze,,,3.62,8.48,0,0,0,0
aten::as_strided,,,4.86,4.86,0,0,0,0
aten::gather,,,20.0,32.45,0,5.32009375,0,0
empty_tensor,,,8.3,8.3,0,0,0,0
aclnnGather,,,4.15,4.15,5.32009375,5.32009375,0,0
TorchDynamo Cache Lookup,,,45.12,45.12,0,0,0,0
Torch-Compiled Region: 0/0,,,119.98,205.84,0,38.18078125,0,0
aten::_assert_scalar,,,3.2,3.2,0,0,0,0
aten::_assert_scalar,,,1.15,1.15,0,0,0,0
aten::_assert_scalar,,,1.69,1.69,0,0,0,0
aten::ge,,,17.91,43.7,0,7.6401875,0,0
empty_tensor,,,10.52,10.52,0,0,0,0
aclnnGeTensor,,,15.27,15.27,7.6401875,7.6401875,0,0
aten::sum,,,20.01,36.12,0,30.54059375,0,0
empty_tensor,,,6.91,6.91,0,0,0,0
aclnnReduceSum,,,9.2,9.2,30.54059375,30.54059375,0,0
aten::cat,,,20.33,39.0,0,2.4200625,0,0
empty_tensor,,,7.49,7.49,0,0,0,0
aclnnCat,,,11.18,11.18,2.4200625,2.4200625,0,0
aten::cat,,,12.47,29.39,0,1.94003125,0,0
empty_tensor,,,6.54,6.54,0,0,0,0
aclnnCat,,,10.38,10.38,1.94003125,1.94003125,0,0
aten::to,,,2.07,50.78,0,1.46003125,0,0
aten::_to_copy,,,6.16,48.71,0,1.46003125,0,0
aten::empty_strided,,,7.7,12.35,0,0,0,0
empty_tensor,,,4.65,4.65,0,0,0,0
aten::copy_,,,15.85,30.2,0,1.46003125,0,0
aclnnInplaceCopy,,,14.35,14.35,1.46003125,1.46003125,0,0
aten::to,,,1.79,42.89,0,1.30003125,0,0
aten::_to_copy,,,5.02,41.1,0,1.30003125,0,0
aten::empty_strided,,,6.67,10.87,0,0,0,0
empty_tensor,,,4.2,4.2,0,0,0,0
aten::copy_,,,14.01,25.21,0,1.30003125,0,0
aclnnInplaceCopy,,,11.2,11.2,1.30003125,1.30003125,0,0
aten::unsqueeze,,,3.62,9.18,0,0,0,0
aten::as_strided,,,5.56,5.56,0,0,0,0
Event::record,,,165.04,185.45,0,0.02,0,0
record_event,,,20.41,20.41,0.02,0.02,0,0
aten::slice,,,7.94,15.99,0,0,0,0
aten::as_strided,,,8.05,8.05,0,0,0,0
Event::wait,,,77.23,97.5,0,0.02,0,0
wait_event,,,20.27,20.27,0.02,0.02,0,0
Event::record,,,97.77,115.91,0,0.02,0,0
record_event,,,18.14,18.14,0.02,0.02,0,0
Event::wait,,,62.18,77.44,0,0.0,0,0
wait_event,,,15.26,15.26,0.0,0.0,0,0
destroy_event,,,10.76,10.76,0,0,0,0
aten::to,,,3.75,85.39,0,1.90003125,0,0
aten::_to_copy,,,7.34,81.64,0,1.90003125,0,0
aten::empty_strided,,,40.84,40.84,0,0,0,0
aten::copy_,,,21.11,33.46,0,1.90003125,0,0
acl_memcpy_device_to_host,,,12.35,12.35,1.90003125,1.90003125,0,0
aten::to,,,2.11,36.99,0,2.02003125,0,0
aten::_to_copy,,,5.22,34.88,0,2.02003125,0,0
aten::empty_strided,,,4.13,4.13,0,0,0,0
aten::copy_,,,14.12,25.53,0,2.02003125,0,0
acl_memcpy_device_to_host,,,11.41,11.41,2.02003125,2.02003125,0,0
aten::to,,,1.85,31.21,0,2.16003125,0,0
aten::_to_copy,,,4.4,29.36,0,2.16003125,0,0
aten::empty_strided,,,2.75,2.75,0,0,0,0
aten::copy_,,,11.77,22.21,0,2.16003125,0,0
acl_memcpy_device_to_host,,,10.44,10.44,2.16003125,2.16003125,0,0
aten::to,,,2.73,35.14,0,2.00003125,0,0
aten::_to_copy,,,4.04,32.41,0,2.00003125,0,0
aten::empty_strided,,,2.92,2.92,0,0,0,0
aten::copy_,,,11.35,25.45,0,2.00003125,0,0
acl_memcpy_device_to_host,,,14.1,14.1,2.00003125,2.00003125,0,0
Event::record,,,164.71,182.28,0,0.02,0,0
record_event,,,17.57,17.57,0.02,0.02,0,0
Event::synchronize,,,88.92,88.92,0,0,0,0
aten::slice,,,13.83,18.94,0,0,0,0
aten::as_strided,,,5.11,5.11,0,0,0,0
aten::slice,,,3.53,10.79,0,0,0,0
aten::as_strided,,,7.26,7.26,0,0,0,0
aten::pin_memory,,,5.11,20.6,0,0,0,0
aten::is_pinned,,,15.49,15.49,0,0,0,0
aten::copy_,,,20.81,45.16,0,2.24003125,0,0
acl_memcpy_host_to_device,,,24.35,24.35,2.24003125,2.24003125,0,0
aten::slice,,,5.63,7.87,0,0,0,0
aten::as_strided,,,2.24,2.24,0,0,0,0
aten::slice,,,3.06,8.3,0,0,0,0
aten::as_strided,,,5.24,5.24,0,0,0,0
aten::pin_memory,,,3.65,11.8,0,0,0,0
aten::is_pinned,,,8.15,8.15,0,0,0,0
aten::copy_,,,14.26,30.65,0,2.1800625,0,0
acl_memcpy_host_to_device,,,16.39,16.39,2.1800625,2.1800625,0,0
aten::slice,,,4.35,6.06,0,0,0,0
aten::as_strided,,,1.71,1.71,0,0,0,0
aten::slice,,,3.14,7.13,0,0,0,0
aten::as_strided,,,3.99,3.99,0,0,0,0
aten::pin_memory,,,3.14,10.41,0,0,0,0
aten::is_pinned,,,7.27,7.27,0,0,0,0
aten::copy_,,,13.44,28.19,0,2.14003125,0,0
acl_memcpy_host_to_device,,,14.75,14.75,2.14003125,2.14003125,0,0
aten::slice,,,4.69,6.84,0,0,0,0
aten::as_strided,,,2.15,2.15,0,0,0,0
aten::slice,,,2.75,6.45,0,0,0,0
aten::as_strided,,,3.7,3.7,0,0,0,0
aten::pin_memory,,,3.05,9.88,0,0,0,0
aten::is_pinned,,,6.83,6.83,0,0,0,0
aten::copy_,,,12.58,28.96,0,2.20003125,0,0
acl_memcpy_host_to_device,,,16.38,16.38,2.20003125,2.20003125,0,0
aten::slice,,,4.67,6.32,0,0,0,0
aten::as_strided,,,1.65,1.65,0,0,0,0
aten::slice,,,2.42,6.16,0,0,0,0
aten::as_strided,,,3.74,3.74,0,0,0,0
aten::pin_memory,,,3.04,9.92,0,0,0,0
aten::is_pinned,,,6.88,6.88,0,0,0,0
aten::copy_,,,12.1,23.42,0,2.16003125,0,0
acl_memcpy_host_to_device,,,11.32,11.32,2.16003125,2.16003125,0,0
aten::slice,,,9.09,13.16,0,0,0,0
aten::as_strided,,,4.07,4.07,0,0,0,0
aten::slice,,,3.52,9.37,0,0,0,0
aten::as_strided,,,5.85,5.85,0,0,0,0
aten::pin_memory,,,4.28,32.16,0,0,0,0
aten::is_pinned,,,27.88,27.88,0,0,0,0
aten::copy_,,,17.32,39.83,0,2.2000625,0,0
acl_memcpy_host_to_device,,,22.51,22.51,2.2000625,2.2000625,0,0
aten::slice,,,5.2,8.89,0,0,0,0
aten::as_strided,,,3.69,3.69,0,0,0,0
aten::lift_fresh,,,1.41,1.41,0,0,0,0
aten::lift_fresh,,,1.47,1.47,0,0,0,0
aten::flatten,,,4.24,11.3,0,0,0,0
aten::view,,,7.06,7.06,0,0,0,0
aten::slice,,,8.64,10.48,0,0,0,0
aten::as_strided,,,1.84,1.84,0,0,0,0
aten::index_select,,,9.68,9.68,0,0,0,0
aten::pin_memory,,,4.13,16.33,0,0,0,0
aten::is_pinned,,,12.2,12.2,0,0,0,0
aten::copy_,,,16.45,31.22,0,2.20003125,0,0
acl_memcpy_host_to_device,,,14.77,14.77,2.20003125,2.20003125,0,0
aten::pin_memory,,,3.82,11.18,0,0,0,0
aten::is_pinned,,,7.36,7.36,0,0,0,0
aten::copy_,,,14.68,28.09,0,2.3000625,0,0
acl_memcpy_host_to_device,,,13.41,13.41,2.3000625,2.3000625,0,0
aten::slice,,,7.19,9.9,0,0,0,0
aten::as_strided,,,2.71,2.71,0,0,0,0
aten::lift_fresh,,,1.08,1.08,0,0,0,0
aten::slice,,,3.39,4.52,0,0,0,0
aten::as_strided,,,1.13,1.13,0,0,0,0
aten::add,,,19.38,19.38,0,0,0,0
aten::slice,,,3.83,5.08,0,0,0,0
aten::as_strided,,,1.25,1.25,0,0,0,0
aten::fill_,,,6.51,6.51,0,0,0,0
aten::slice,,,3.56,8.59,0,0,0,0
aten::as_strided,,,5.03,5.03,0,0,0,0
aten::fill_,,,21.78,35.41,0,1.64003125,0,0
aclnnInplaceFillScalar,,,13.63,13.63,1.64003125,1.64003125,0,0
aten::slice,,,6.36,12.28,0,0,0,0
aten::as_strided,,,5.92,5.92,0,0,0,0
aten::select,,,5.21,8.37,0,0,0,0
aten::as_strided,,,3.16,3.16,0,0,0,0
aten::copy_,,,74.92,94.32,0,0.6,0,0
aclnnInplaceCopy,,,19.4,19.4,0.6,0.6,0,0
aten::slice,,,7.41,10.03,0,0,0,0
aten::as_strided,,,2.62,2.62,0,0,0,0
aten::detach,,,4.35,4.35,0,0,0,0
aten::to,,,2.16,2.16,0,0,0,0
aten::resolve_conj,,,1.08,1.08,0,0,0,0
aten::resolve_neg,,,0.73,0.73,0,0,0,0
aten::slice,,,5.95,8.74,0,0,0,0
aten::as_strided,,,2.79,2.79,0,0,0,0
aten::slice,,,3.13,8.37,0,0,0,0
aten::as_strided,,,5.24,5.24,0,0,0,0
aten::pin_memory,,,3.85,17.17,0,0,0,0
aten::is_pinned,,,13.32,13.32,0,0,0,0
aten::copy_,,,3.68,3.68,0,0,0,0
aten::slice,,,4.72,6.37,0,0,0,0
aten::as_strided,,,1.65,1.65,0,0,0,0
aten::slice,,,2.73,6.16,0,0,0,0
aten::as_strided,,,3.43,3.43,0,0,0,0
aten::pin_memory,,,3.12,11.54,0,0,0,0
aten::is_pinned,,,8.42,8.42,0,0,0,0
aten::copy_,,,15.65,30.51,0,2.18003125,0,0
acl_memcpy_host_to_device,,,14.86,14.86,2.18003125,2.18003125,0,0
aten::fill_,,,18.6,33.86,0,1.6,0,0
aclnnInplaceFillScalar,,,15.26,15.26,1.6,1.6,0,0
aten::slice,,,6.74,10.86,0,0,0,0
aten::as_strided,,,4.12,4.12,0,0,0,0
aten::slice,,,3.28,4.92,0,0,0,0
aten::as_strided,,,1.64,1.64,0,0,0,0
aten::copy_,,,16.02,31.4,0,2.18003125,0,0
acl_memcpy_host_to_device,,,15.38,15.38,2.18003125,2.18003125,0,0
aten::slice,,,5.12,7.31,0,0,0,0
aten::as_strided,,,2.19,2.19,0,0,0,0
aten::slice,,,2.81,6.56,0,0,0,0
aten::as_strided,,,3.75,3.75,0,0,0,0
aten::pin_memory,,,3.93,11.73,0,0,0,0
aten::is_pinned,,,7.8,7.8,0,0,0,0
aten::copy_,,,13.75,26.45,0,2.2000625,0,0
acl_memcpy_host_to_device,,,12.7,12.7,2.2000625,2.2000625,0,0
aten::slice,,,6.18,10.52,0,0,0,0
aten::as_strided,,,4.34,4.34,0,0,0,0
aten::slice,,,3.53,4.99,0,0,0,0
aten::as_strided,,,1.46,1.46,0,0,0,0
aten::slice,,,2.93,5.4,0,0,0,0
aten::as_strided,,,2.47,2.47,0,0,0,0
aten::pin_memory,,,3.77,10.72,0,0,0,0
aten::is_pinned,,,6.95,6.95,0,0,0,0
aten::copy_,,,12.62,24.14,0,2.16003125,0,0
acl_memcpy_host_to_device,,,11.52,11.52,2.16003125,2.16003125,0,0
aten::slice,,,5.12,7.07,0,0,0,0
aten::as_strided,,,1.95,1.95,0,0,0,0
aten::slice,,,3.2,7.25,0,0,0,0
aten::as_strided,,,4.05,4.05,0,0,0,0
aten::pin_memory,,,3.8,10.7,0,0,0,0
aten::is_pinned,,,6.9,6.9,0,0,0,0
aten::copy_,,,12.5,23.44,0,2.20003125,0,0
acl_memcpy_host_to_device,,,10.94,10.94,2.20003125,2.20003125,0,0
aten::slice,,,5.25,8.8,0,0,0,0
aten::as_strided,,,3.55,3.55,0,0,0,0
aten::index,,,36.23,67.77,0,10.9601875,0,0
empty_tensor,,,8.4,8.4,0,0,0,0
empty_tensor,,,10.01,10.01,0,0,0,0
aclnnIndex,,,13.13,13.13,10.9601875,10.9601875,0,0
aten::to,,,2.8,53.08,0,1.22003125,0,0
aten::_to_copy,,,6.73,50.28,0,1.22003125,0,0
aten::empty_strided,,,10.92,15.47,0,0,0,0
empty_tensor,,,4.55,4.55,0,0,0,0
aten::copy_,,,17.07,28.08,0,1.22003125,0,0
aclnnInplaceCopy,,,11.01,11.01,1.22003125,1.22003125,0,0
aten::slice,,,6.64,11.06,0,0,0,0
aten::as_strided,,,4.42,4.42,0,0,0,0
aten::add,,,20.17,38.09,0,2.42003125,0,0
empty_tensor,,,6.72,6.72,0,0,0,0
aclnnAdd,,,11.2,11.2,2.42003125,2.42003125,0,0
aten::slice,,,5.44,9.45,0,0,0,0
aten::as_strided,,,4.01,4.01,0,0,0,0
aten::copy_,,,53.15,66.01,0,0.60003125,0,0
aclnnInplaceCopy,,,12.86,12.86,0.60003125,0.60003125,0,0
aten::slice,,,6.92,11.16,0,0,0,0
aten::as_strided,,,4.24,4.24,0,0,0,0
aten::add,,,18.53,36.59,0,1.54003125,0,0
empty_tensor,,,8.38,8.38,0,0,0,0
aclnnAdd,,,9.68,9.68,1.54003125,1.54003125,0,0
aten::slice,,,5.26,9.89,0,0,0,0
aten::as_strided,,,4.63,4.63,0,0,0,0
aten::copy_,,,43.15,58.82,0,0.62,0,0
aclnnInplaceCopy,,,15.67,15.67,0.62,0.62,0,0
aten::slice,,,6.68,11.04,0,0,0,0
aten::as_strided,,,4.36,4.36,0,0,0,0
aten::fill_,,,13.51,25.35,0,1.38003125,0,0
aclnnInplaceFillScalar,,,11.84,11.84,1.38003125,1.38003125,0,0
aten::slice,,,5.46,9.21,0,0,0,0
aten::as_strided,,,3.75,3.75,0,0,0,0
aten::slice,,,2.96,6.02,0,0,0,0
aten::as_strided,,,3.06,3.06,0,0,0,0
_compute_slot_mapping_fused_groups_kernel,,,26.52,26.52,21.9404375,21.9404375,0,0
aten::slice,,,10.28,18.5,0,0,0,0
aten::as_strided,,,8.22,8.22,0,0,0,0
aten::sub,,,26.33,58.63,0,1.38,0,0
empty_tensor,,,10.74,10.74,0,0,0,0
aten::item,,,2.97,4.86,0,0,0,0
aten::_local_scalar_dense,,,1.89,1.89,0,0,0,0
aclnnSubs,,,16.7,16.7,1.38,1.38,0,0
aten::pin_memory,,,8.72,25.79,0,0,0,0
aten::is_pinned,,,17.07,17.07,0,0,0,0
aten::copy_,,,20.1,36.26,0,2.24003125,0,0
acl_memcpy_host_to_device,,,16.16,16.16,2.24003125,2.24003125,0,0
aten::detach,,,5.64,5.64,0,0,0,0
aten::to,,,2.32,2.32,0,0,0,0
aten::resolve_conj,,,0.83,0.83,0,0,0,0
aten::resolve_neg,,,0.71,0.71,0,0,0,0
aten::slice,,,9.9,17.26,0,0,0,0
aten::as_strided,,,7.36,7.36,0,0,0,0
aten::slice,,,3.2,6.36,0,0,0,0
aten::as_strided,,,3.16,3.16,0,0,0,0
aten::slice,,,3.45,6.25,0,0,0,0
aten::as_strided,,,2.8,2.8,0,0,0,0
aten::fill_,,,20.08,32.8,0,0,0,0
aclnnInplaceFillScalar,,,12.72,12.72,0,0,0,0
aten::slice,,,4.79,8.28,0,0,0,0
aten::as_strided,,,3.49,3.49,0,0,0,0
aten::fill_,,,11.21,23.98,0,0,0,0
aclnnInplaceFillScalar,,,12.77,12.77,0,0,0,0
aten::slice,,,4.84,8.17,0,0,0,0
aten::as_strided,,,3.33,3.33,0,0,0,0
aten::slice,,,2.84,3.86,0,0,0,0
aten::as_strided,,,1.02,1.02,0,0,0,0
aten::lt,,,18.74,18.74,0,0,0,0
aten::lift_fresh,,,1.33,1.33,0,0,0,0
aten::slice,,,1.9,3.19,0,0,0,0
aten::as_strided,,,1.29,1.29,0,0,0,0
aten::fill_,,,2.79,11.69,0,0,0,0
aten::copy_,,,8.9,8.9,0,0,0,0
aten::slice,,,3.56,5.22,0,0,0,0
aten::as_strided,,,1.66,1.66,0,0,0,0
aten::slice,,,3.19,7.26,0,0,0,0
aten::as_strided,,,4.07,4.07,0,0,0,0
aten::slice,,,2.98,4.52,0,0,0,0
aten::as_strided,,,1.54,1.54,0,0,0,0
aten::slice,,,3.22,5.82,0,0,0,0
aten::as_strided,,,2.6,2.6,0,0,0,0
aten::slice,,,2.17,3.17,0,0,0,0
aten::as_strided,,,1.0,1.0,0,0,0,0
aten::slice,,,2.06,3.09,0,0,0,0
aten::as_strided,,,1.03,1.03,0,0,0,0
aten::slice,,,3.1,5.87,0,0,0,0
aten::as_strided,,,2.77,2.77,0,0,0,0
aten::slice,,,2.65,5.02,0,0,0,0
aten::as_strided,,,2.37,2.37,0,0,0,0
aten::slice,,,2.49,4.91,0,0,0,0
aten::as_strided,,,2.42,2.42,0,0,0,0
aten::slice,,,5.48,11.03,0,0,0,0
aten::as_strided,,,5.55,5.55,0,0,0,0
aten::slice,,,3.21,6.72,0,0,0,0
aten::as_strided,,,3.51,3.51,0,0,0,0
aten::slice,,,3.16,6.15,0,0,0,0
aten::as_strided,,,2.99,2.99,0,0,0,0
aten::to,,,1.85,1.85,0,0,0,0
aten::slice,,,2.82,5.45,0,0,0,0
aten::as_strided,,,2.63,2.63,0,0,0,0
aten::slice,,,2.46,4.53,0,0,0,0
aten::as_strided,,,2.07,2.07,0,0,0,0
aten::slice,,,2.39,3.78,0,0,0,0
aten::as_strided,,,1.39,1.39,0,0,0,0
aten::slice,,,3.09,6.59,0,0,0,0
aten::as_strided,,,3.5,3.5,0,0,0,0
aten::slice,,,2.82,6.22,0,0,0,0
aten::as_strided,,,3.4,3.4,0,0,0,0
aten::alias,,,5.87,5.87,0,0,0,0
aten::div,,,38.64,62.61,0,5.98009375,0,0
aten::item,,,2.33,4.09,0,0,0,0
aten::_local_scalar_dense,,,1.76,1.76,0,0,0,0
aclnnDivMods,,,19.88,19.88,5.98009375,5.98009375,0,0
aten::slice,,,3.84,8.8,0,0,0,0
aten::as_strided,,,4.96,4.96,0,0,0,0
aten::slice,,,4.38,6.93,0,0,0,0
aten::as_strided,,,2.55,2.55,0,0,0,0
aten::copy_,,,67.48,83.6,0,0.58003125,0,0
aclnnInplaceCopy,,,16.12,16.12,0.58003125,0.58003125,0,0
aten::slice,,,3.08,6.92,0,0,0,0
aten::as_strided,,,3.84,3.84,0,0,0,0
aten::slice,,,4.5,7.21,0,0,0,0
aten::as_strided,,,2.71,2.71,0,0,0,0
aten::ge,,,21.73,52.8,0,4.0400937500000005,0,0
empty_tensor,,,11.39,11.39,0,0,0,0
aclnnGeScalar,,,19.68,19.68,4.0400937500000005,4.0400937500000005,0,0
aten::add,,,21.65,44.79,0,2.14003125,0,0
empty_tensor,,,7.11,7.11,0,0,0,0
aten::item,,,2.13,3.52,0,0,0,0
aten::_local_scalar_dense,,,1.39,1.39,0,0,0,0
aclnnAdds,,,12.51,12.51,2.14003125,2.14003125,0,0
aten::remainder,,,23.57,42.64,0,3.4600625000000003,0,0
empty_tensor,,,7.3,7.3,0,0,0,0
aclnnRemainderTensorScalar,,,11.77,11.77,3.4600625000000003,3.4600625000000003,0,0
aten::eq,,,13.61,22.87,0,2.74003125,0,0
empty_tensor,,,5.54,5.54,0,0,0,0
aclnnEqScalar,,,3.72,3.72,2.74003125,2.74003125,0,0
aten::__and__,,,3.13,26.84,0,1.74003125,0,0
aten::bitwise_and,,,15.45,23.71,0,1.74003125,0,0
empty_tensor,,,5.44,5.44,0,0,0,0
aclnnBitwiseAndTensor,,,2.82,2.82,1.74003125,1.74003125,0,0
aten::clamp_min,,,12.54,41.02,0,1.7800625,0,0
empty_tensor,,,5.6,5.6,0,0,0,0
aclnnClampMin,,,22.88,22.88,1.7800625,1.7800625,0,0
aten::div,,,29.45,53.9,0,4.8800625,0,0
empty_tensor,,,6.64,6.64,0,0,0,0
aten::item,,,2.03,3.49,0,0,0,0
aten::_local_scalar_dense,,,1.46,1.46,0,0,0,0
aclnnDivMods,,,14.32,14.32,4.8800625,4.8800625,0,0
aten::remainder,,,17.37,26.12,0,4.82009375,0,0
empty_tensor,,,5.9,5.9,0,0,0,0
aclnnRemainderTensorScalar,,,2.85,2.85,4.82009375,4.82009375,0,0
aten::mul,,,20.62,33.94,0,1.52003125,0,0
empty_tensor,,,6.88,6.88,0,0,0,0
aten::item,,,2.06,4.25,0,0,0,0
aten::_local_scalar_dense,,,2.19,2.19,0,0,0,0
aclnnMuls,,,2.19,2.19,1.52003125,1.52003125,0,0
aten::div,,,17.45,37.02,0,4.36009375,0,0
empty_tensor,,,5.97,5.97,0,0,0,0
aten::item,,,1.34,2.04,0,0,0,0
aten::_local_scalar_dense,,,0.7,0.7,0,0,0,0
aclnnDivMods,,,11.56,11.56,4.36009375,4.36009375,0,0
aten::add,,,17.89,37.36,0,1.26003125,0,0
empty_tensor,,,5.23,5.23,0,0,0,0
aclnnAdd,,,14.24,14.24,1.26003125,1.26003125,0,0
aten::full_like,,,4.79,55.71,0,1.5,0,0
aten::empty_like,,,6.93,26.2,0,0,0,0
aten::empty_strided,,,15.39,19.27,0,0,0,0
empty_tensor,,,3.88,3.88,0,0,0,0
aten::fill_,,,9.81,24.72,0,1.5,0,0
aclnnInplaceFillScalar,,,14.91,14.91,1.5,1.5,0,0
aten::where,,,18.51,34.37,0,1.76003125,0,0
empty_tensor,,,5.68,5.68,0,0,0,0
aclnnSWhere,,,10.18,10.18,1.76003125,1.76003125,0,0
aten::copy_,,,15.28,31.6,0,1.58,0,0
aclnnInplaceCopy,,,16.32,16.32,1.58,1.58,0,0
aten::slice,,,3.61,8.34,0,0,0,0
aten::as_strided,,,4.73,4.73,0,0,0,0
aten::slice,,,10.49,13.76,0,0,0,0
aten::as_strided,,,3.27,3.27,0,0,0,0
aten::div,,,24.89,41.41,0,4.3600625,0,0
aten::item,,,2.04,3.24,0,0,0,0
aten::_local_scalar_dense,,,1.2,1.2,0,0,0,0
aclnnDivMods,,,13.28,13.28,4.3600625,4.3600625,0,0
aten::slice,,,2.56,6.31,0,0,0,0
aten::as_strided,,,3.75,3.75,0,0,0,0
aten::slice,,,5.14,8.15,0,0,0,0
aten::as_strided,,,3.01,3.01,0,0,0,0
aten::slice,,,2.26,4.46,0,0,0,0
aten::as_strided,,,2.2,2.2,0,0,0,0
aten::copy_,,,59.98,74.55,0,0.60003125,0,0
aclnnInplaceCopy,,,14.57,14.57,0.60003125,0.60003125,0,0
aten::slice,,,3.14,6.91,0,0,0,0
aten::as_strided,,,3.77,3.77,0,0,0,0
aten::slice,,,5.39,8.25,0,0,0,0
aten::as_strided,,,2.86,2.86,0,0,0,0
aten::copy_,,,45.93,60.37,0,0.62003125,0,0
aclnnInplaceCopy,,,14.44,14.44,0.62003125,0.62003125,0,0
aten::slice,,,5.64,8.39,0,0,0,0
aten::as_strided,,,2.75,2.75,0,0,0,0
aten::div,,,16.56,38.44,0,0,0,0
aten::to,,,2.31,21.88,0,0,0,0
aten::_to_copy,,,6.53,19.57,0,0,0,0
aten::empty_strided,,,3.61,3.61,0,0,0,0
aten::copy_,,,9.43,9.43,0,0,0,0
aten::slice,,,4.01,8.78,0,0,0,0
aten::as_strided,,,4.77,4.77,0,0,0,0
aten::slice,,,5.33,10.5,0,0,0,0
aten::as_strided,,,5.17,5.17,0,0,0,0
aten::slice,,,2.93,6.65,0,0,0,0
aten::as_strided,,,3.72,3.72,0,0,0,0
aten::slice,,,2.62,5.15,0,0,0,0
aten::as_strided,,,2.53,2.53,0,0,0,0
aten::fill_,,,16.96,32.68,0,0,0,0
aclnnInplaceFillScalar,,,15.72,15.72,0,0,0,0
aten::slice,,,5.32,8.64,0,0,0,0
aten::as_strided,,,3.32,3.32,0,0,0,0
aten::fill_,,,11.95,24.9,0,0,0,0
aclnnInplaceFillScalar,,,12.95,12.95,0,0,0,0
aten::slice,,,5.2,9.46,0,0,0,0
aten::as_strided,,,4.26,4.26,0,0,0,0
aten::slice,,,3.04,5.89,0,0,0,0
aten::as_strided,,,2.85,2.85,0,0,0,0
aten::slice,,,4.82,7.28,0,0,0,0
aten::as_strided,,,2.46,2.46,0,0,0,0
aten::slice,,,2.77,6.91,0,0,0,0
aten::as_strided,,,4.14,4.14,0,0,0,0
aten::slice,,,3.21,6.85,0,0,0,0
aten::as_strided,,,3.64,3.64,0,0,0,0
aten::slice,,,2.72,5.63,0,0,0,0
aten::as_strided,,,2.91,2.91,0,0,0,0
aten::slice,,,2.42,4.93,0,0,0,0
aten::as_strided,,,2.51,2.51,0,0,0,0
aten::fill_,,,15.09,31.3,0,0,0,0
aclnnInplaceFillScalar,,,16.21,16.21,0,0,0,0
aten::slice,,,3.8,7.12,0,0,0,0
aten::as_strided,,,3.32,3.32,0,0,0,0
aten::fill_,,,11.47,22.94,0,0,0,0
aclnnInplaceFillScalar,,,11.47,11.47,0,0,0,0
aten::diff,,,8.77,39.37,0,0,0,0
aten::narrow,,,7.99,12.76,0,0,0,0
aten::slice,,,2.2,4.77,0,0,0,0
aten::as_strided,,,2.57,2.57,0,0,0,0
aten::narrow,,,2.22,4.36,0,0,0,0
aten::slice,,,1.11,2.14,0,0,0,0
aten::as_strided,,,1.03,1.03,0,0,0,0
aten::sub,,,13.48,13.48,0,0,0,0
aten::eq,,,14.3,29.52,0,0,0,0
aten::to,,,1.52,15.22,0,0,0,0
aten::_to_copy,,,4.6,13.7,0,0,0,0
aten::empty_strided,,,2.91,2.91,0,0,0,0
aten::copy_,,,6.19,6.19,0,0,0,0
aten::__and__,,,2.52,8.09,0,0,0,0
aten::bitwise_and,,,5.57,5.57,0,0,0,0
aten::gt,,,9.38,19.1,0,0,0,0
aten::to,,,1.11,9.72,0,0,0,0
aten::_to_copy,,,2.75,8.61,0,0,0,0
aten::empty_strided,,,2.48,2.48,0,0,0,0
aten::copy_,,,3.38,3.38,0,0,0,0
aten::__and__,,,1.46,4.61,0,0,0,0
aten::bitwise_and,,,3.15,3.15,0,0,0,0
aten::any,,,7.81,17.51,0,0,0,0
aten::view_as,,,2.71,5.73,0,0,0,0
aten::view,,,3.02,3.02,0,0,0,0
aten::to,,,0.48,0.48,0,0,0,0
aten::copy_,,,3.49,3.49,0,0,0,0
aten::item,,,1.97,3.39,0,0,0,0
aten::_local_scalar_dense,,,1.42,1.42,0,0,0,0
aten::slice,,,5.14,6.95,0,0,0,0
aten::as_strided,,,1.81,1.81,0,0,0,0
aten::slice,,,2.57,3.57,0,0,0,0
aten::as_strided,,,1.0,1.0,0,0,0,0
aten::sub,,,5.24,5.24,0,0,0,0
aten::select,,,4.26,6.1,0,0,0,0
aten::as_strided,,,1.84,1.84,0,0,0,0
aten::item,,,1.39,2.43,0,0,0,0
aten::_local_scalar_dense,,,1.04,1.04,0,0,0,0
aten::gt,,,7.49,15.79,0,0,0,0
aten::to,,,1.09,8.3,0,0,0,0
aten::_to_copy,,,2.75,7.21,0,0,0,0
aten::empty_strided,,,1.62,1.62,0,0,0,0
aten::copy_,,,2.84,2.84,0,0,0,0
aten::__ior__,,,2.45,13.1,0,0,0,0
aten::bitwise_or_,,,10.65,10.65,0,0,0,0
aten::any,,,5.46,11.83,0,0,0,0
aten::view_as,,,1.73,3.12,0,0,0,0
aten::view,,,1.39,1.39,0,0,0,0
aten::to,,,0.48,0.48,0,0,0,0
aten::copy_,,,2.77,2.77,0,0,0,0
aten::is_nonzero,,,2.2,4.37,0,0,0,0
aten::item,,,1.29,2.17,0,0,0,0
aten::_local_scalar_dense,,,0.88,0.88,0,0,0,0
aten::select,,,5.3,12.07,0,0,0,0
aten::as_strided,,,6.77,6.77,0,0,0,0
aten::slice,,,5.4,9.61,0,0,0,0
aten::as_strided,,,4.21,4.21,0,0,0,0
aten::slice,,,2.85,5.37,0,0,0,0
aten::as_strided,,,2.52,2.52,0,0,0,0
aten::slice,,,2.28,4.64,0,0,0,0
aten::as_strided,,,2.36,2.36,0,0,0,0
aten::copy_,,,61.69,82.08,0,0.62003125,0,0
aclnnInplaceCopy,,,20.39,20.39,0.62003125,0.62003125,0,0
aten::slice,,,6.64,10.65,0,0,0,0
aten::as_strided,,,4.01,4.01,0,0,0,0
aten::fill_,,,14.67,27.65,0,0,0,0
aclnnInplaceFillScalar,,,12.98,12.98,0,0,0,0
aten::slice,,,5.99,10.1,0,0,0,0
aten::as_strided,,,4.11,4.11,0,0,0,0
aten::slice,,,3.58,6.83,0,0,0,0
aten::as_strided,,,3.25,3.25,0,0,0,0
aten::slice,,,2.76,5.35,0,0,0,0
aten::as_strided,,,2.59,2.59,0,0,0,0
aten::copy_,,,50.54,65.24,0,0.64,0,0
aclnnInplaceCopy,,,14.7,14.7,0.64,0.64,0,0
aten::slice,,,5.84,9.56,0,0,0,0
aten::as_strided,,,3.72,3.72,0,0,0,0
aten::slice,,,3.55,6.83,0,0,0,0
aten::as_strided,,,3.28,3.28,0,0,0,0
aten::slice,,,3.33,6.37,0,0,0,0
aten::as_strided,,,3.04,3.04,0,0,0,0
aten::slice,,,2.74,5.16,0,0,0,0
aten::as_strided,,,2.42,2.42,0,0,0,0
aten::slice,,,2.62,5.52,0,0,0,0
aten::as_strided,,,2.9,2.9,0,0,0,0
aten::copy_,,,46.11,60.79,0,0.66,0,0
aclnnInplaceCopy,,,14.68,14.68,0.66,0.66,0,0
aten::slice,,,5.95,9.99,0,0,0,0
aten::as_strided,,,4.04,4.04,0,0,0,0
aten::slice,,,3.03,5.67,0,0,0,0
aten::as_strided,,,2.64,2.64,0,0,0,0
aten::slice,,,2.67,5.12,0,0,0,0
aten::as_strided,,,2.45,2.45,0,0,0,0
aten::sub,,,19.73,32.03,0,1.36003125,0,0
aclnnSub,,,12.3,12.3,1.36003125,1.36003125,0,0
aten::slice,,,9.19,12.15,0,0,0,0
aten::as_strided,,,2.96,2.96,0,0,0,0
aten::slice,,,3.26,7.75,0,0,0,0
aten::as_strided,,,4.49,4.49,0,0,0,0
aten::slice,,,3.42,6.54,0,0,0,0
aten::as_strided,,,3.12,3.12,0,0,0,0
aten::slice,,,2.62,5.25,0,0,0,0
aten::as_strided,,,2.63,2.63,0,0,0,0
aten::slice,,,2.66,4.88,0,0,0,0
aten::as_strided,,,2.22,2.22,0,0,0,0
aten::fill_,,,14.9,28.05,0,0,0,0
aclnnInplaceFillScalar,,,13.15,13.15,0,0,0,0
aten::slice,,,5.16,8.71,0,0,0,0
aten::as_strided,,,3.55,3.55,0,0,0,0
aten::fill_,,,12.87,23.43,0,0,0,0
aclnnInplaceFillScalar,,,10.56,10.56,0,0,0,0
aten::diff,,,6.93,34.57,0,0,0,0
aten::narrow,,,6.15,11.0,0,0,0,0
aten::slice,,,2.54,4.85,0,0,0,0
aten::as_strided,,,2.31,2.31,0,0,0,0
aten::narrow,,,2.13,4.19,0,0,0,0
aten::slice,,,1.22,2.06,0,0,0,0
aten::as_strided,,,0.84,0.84,0,0,0,0
aten::sub,,,12.45,12.45,0,0,0,0
aten::eq,,,12.36,27.61,0,0,0,0
aten::to,,,1.66,15.25,0,0,0,0
aten::_to_copy,,,4.89,13.59,0,0,0,0
aten::empty_strided,,,2.93,2.93,0,0,0,0
aten::copy_,,,5.77,5.77,0,0,0,0
aten::__and__,,,2.41,6.86,0,0,0,0
aten::bitwise_and,,,4.45,4.45,0,0,0,0
aten::gt,,,7.98,17.27,0,0,0,0
aten::to,,,1.11,9.29,0,0,0,0
aten::_to_copy,,,3.12,8.18,0,0,0,0
aten::empty_strided,,,2.35,2.35,0,0,0,0
aten::copy_,,,2.71,2.71,0,0,0,0
aten::__and__,,,1.42,4.37,0,0,0,0
aten::bitwise_and,,,2.95,2.95,0,0,0,0
aten::any,,,5.8,13.78,0,0,0,0
aten::view_as,,,2.05,4.15,0,0,0,0
aten::view,,,2.1,2.1,0,0,0,0
aten::to,,,0.38,0.38,0,0,0,0
aten::copy_,,,3.45,3.45,0,0,0,0
aten::item,,,1.97,3.16,0,0,0,0
aten::_local_scalar_dense,,,1.19,1.19,0,0,0,0
aten::slice,,,4.95,6.53,0,0,0,0
aten::as_strided,,,1.58,1.58,0,0,0,0
aten::slice,,,2.3,3.18,0,0,0,0
aten::as_strided,,,0.88,0.88,0,0,0,0
aten::sub,,,4.91,4.91,0,0,0,0
aten::select,,,2.99,4.26,0,0,0,0
aten::as_strided,,,1.27,1.27,0,0,0,0
aten::item,,,0.94,2.03,0,0,0,0
aten::_local_scalar_dense,,,1.09,1.09,0,0,0,0
aten::gt,,,7.34,16.05,0,0,0,0
aten::to,,,1.12,8.71,0,0,0,0
aten::_to_copy,,,2.64,7.59,0,0,0,0
aten::empty_strided,,,1.93,1.93,0,0,0,0
aten::copy_,,,3.02,3.02,0,0,0,0
aten::__ior__,,,1.7,5.61,0,0,0,0
aten::bitwise_or_,,,3.91,3.91,0,0,0,0
aten::any,,,5.33,11.16,0,0,0,0
aten::view_as,,,1.54,2.78,0,0,0,0
aten::view,,,1.24,1.24,0,0,0,0
aten::to,,,0.39,0.39,0,0,0,0
aten::copy_,,,2.66,2.66,0,0,0,0
aten::is_nonzero,,,1.49,3.51,0,0,0,0
aten::item,,,1.22,2.02,0,0,0,0
aten::_local_scalar_dense,,,0.8,0.8,0,0,0,0
aten::select,,,4.62,10.23,0,0,0,0
aten::as_strided,,,5.61,5.61,0,0,0,0
aten::slice,,,4.59,8.67,0,0,0,0
aten::as_strided,,,4.08,4.08,0,0,0,0
aten::slice,,,2.59,5.02,0,0,0,0
aten::as_strided,,,2.43,2.43,0,0,0,0
aten::slice,,,2.35,4.59,0,0,0,0
aten::as_strided,,,2.24,2.24,0,0,0,0
aten::copy_,,,60.59,80.65,0,0.6,0,0
aclnnInplaceCopy,,,20.06,20.06,0.6,0.6,0,0
aten::slice,,,7.07,11.53,0,0,0,0
aten::as_strided,,,4.46,4.46,0,0,0,0
aten::fill_,,,15.01,28.17,0,0,0,0
aclnnInplaceFillScalar,,,13.16,13.16,0,0,0,0
aten::slice,,,5.99,9.93,0,0,0,0
aten::as_strided,,,3.94,3.94,0,0,0,0
aten::slice,,,3.04,5.64,0,0,0,0
aten::as_strided,,,2.6,2.6,0,0,0,0
aten::slice,,,2.97,5.58,0,0,0,0
aten::as_strided,,,2.61,2.61,0,0,0,0
aten::copy_,,,52.94,66.18,0,0.58003125,0,0
aclnnInplaceCopy,,,13.24,13.24,0.58003125,0.58003125,0,0
aten::slice,,,5.73,9.2,0,0,0,0
aten::as_strided,,,3.47,3.47,0,0,0,0
aten::slice,,,3.38,6.73,0,0,0,0
aten::as_strided,,,3.35,3.35,0,0,0,0
aten::slice,,,3.24,6.29,0,0,0,0
aten::as_strided,,,3.05,3.05,0,0,0,0
aten::slice,,,2.66,4.67,0,0,0,0
aten::as_strided,,,2.01,2.01,0,0,0,0
aten::slice,,,2.47,4.89,0,0,0,0
aten::as_strided,,,2.42,2.42,0,0,0,0
aten::copy_,,,47.23,60.88,0,0.64003125,0,0
aclnnInplaceCopy,,,13.65,13.65,0.64003125,0.64003125,0,0
aten::slice,,,5.57,9.32,0,0,0,0
aten::as_strided,,,3.75,3.75,0,0,0,0
aten::slice,,,2.67,4.94,0,0,0,0
aten::as_strided,,,2.27,2.27,0,0,0,0
aten::slice,,,2.5,4.96,0,0,0,0
aten::as_strided,,,2.46,2.46,0,0,0,0
aten::sub,,,17.47,29.03,0,1.40003125,0,0
aclnnSub,,,11.56,11.56,1.40003125,1.40003125,0,0
aten::slice,,,7.09,9.88,0,0,0,0
aten::as_strided,,,2.79,2.79,0,0,0,0
aten::slice,,,3.04,7.69,0,0,0,0
aten::as_strided,,,4.65,4.65,0,0,0,0
aten::slice,,,3.12,6.25,0,0,0,0
aten::as_strided,,,3.13,3.13,0,0,0,0
aten::slice,,,2.56,5.29,0,0,0,0
aten::as_strided,,,2.73,2.73,0,0,0,0
aten::slice,,,2.49,4.69,0,0,0,0
aten::as_strided,,,2.2,2.2,0,0,0,0
aten::fill_,,,14.77,28.95,0,0,0,0
aclnnInplaceFillScalar,,,14.18,14.18,0,0,0,0
aten::slice,,,5.35,8.83,0,0,0,0
aten::as_strided,,,3.48,3.48,0,0,0,0
aten::fill_,,,11.84,23.37,0,0,0,0
aclnnInplaceFillScalar,,,11.53,11.53,0,0,0,0
aten::diff,,,6.87,32.46,0,0,0,0
aten::narrow,,,5.5,10.37,0,0,0,0
aten::slice,,,2.42,4.87,0,0,0,0
aten::as_strided,,,2.45,2.45,0,0,0,0
aten::narrow,,,1.83,3.95,0,0,0,0
aten::slice,,,1.03,2.12,0,0,0,0
aten::as_strided,,,1.09,1.09,0,0,0,0
aten::sub,,,11.27,11.27,0,0,0,0
aten::eq,,,12.88,27.41,0,0,0,0
aten::to,,,1.53,14.53,0,0,0,0
aten::_to_copy,,,4.87,13.0,0,0,0,0
aten::empty_strided,,,2.9,2.9,0,0,0,0
aten::copy_,,,5.23,5.23,0,0,0,0
aten::__and__,,,2.08,6.3,0,0,0,0
aten::bitwise_and,,,4.22,4.22,0,0,0,0
aten::gt,,,7.51,15.88,0,0,0,0
aten::to,,,0.85,8.37,0,0,0,0
aten::_to_copy,,,2.74,7.52,0,0,0,0
aten::empty_strided,,,1.99,1.99,0,0,0,0
aten::copy_,,,2.79,2.79,0,0,0,0
aten::__and__,,,1.46,4.48,0,0,0,0
aten::bitwise_and,,,3.02,3.02,0,0,0,0
aten::any,,,5.49,12.14,0,0,0,0
aten::view_as,,,1.79,3.46,0,0,0,0
aten::view,,,1.67,1.67,0,0,0,0
aten::to,,,0.39,0.39,0,0,0,0
aten::copy_,,,2.8,2.8,0,0,0,0
aten::item,,,1.91,3.38,0,0,0,0
aten::_local_scalar_dense,,,1.47,1.47,0,0,0,0
aten::slice,,,4.78,6.47,0,0,0,0
aten::as_strided,,,1.69,1.69,0,0,0,0
aten::slice,,,2.34,3.5,0,0,0,0
aten::as_strided,,,1.16,1.16,0,0,0,0
aten::sub,,,5.2,5.2,0,0,0,0
aten::select,,,3.09,4.29,0,0,0,0
aten::as_strided,,,1.2,1.2,0,0,0,0
aten::item,,,1.28,2.46,0,0,0,0
aten::_local_scalar_dense,,,1.18,1.18,0,0,0,0
aten::gt,,,7.36,17.69,0,0,0,0
aten::to,,,1.45,10.33,0,0,0,0
aten::_to_copy,,,3.16,8.88,0,0,0,0
aten::empty_strided,,,2.35,2.35,0,0,0,0
aten::copy_,,,3.37,3.37,0,0,0,0
aten::__ior__,,,2.0,6.12,0,0,0,0
aten::bitwise_or_,,,4.12,4.12,0,0,0,0
aten::any,,,12.63,19.69,0,0,0,0
aten::view_as,,,1.87,3.48,0,0,0,0
aten::view,,,1.61,1.61,0,0,0,0
aten::to,,,0.59,0.59,0,0,0,0
aten::copy_,,,2.99,2.99,0,0,0,0
aten::is_nonzero,,,1.66,3.9,0,0,0,0
aten::item,,,1.37,2.24,0,0,0,0
aten::_local_scalar_dense,,,0.87,0.87,0,0,0,0
aten::select,,,4.44,10.28,0,0,0,0
aten::as_strided,,,5.84,5.84,0,0,0,0
aten::slice,,,8.92,13.28,0,0,0,0
aten::as_strided,,,4.36,4.36,0,0,0,0
aten::slice,,,2.46,5.02,0,0,0,0
aten::as_strided,,,2.56,2.56,0,0,0,0
aten::slice,,,2.37,4.93,0,0,0,0
aten::as_strided,,,2.56,2.56,0,0,0,0
aten::copy_,,,62.91,86.73,0,0.62003125,0,0
aclnnInplaceCopy,,,23.82,23.82,0.62003125,0.62003125,0,0
aten::slice,,,5.97,9.82,0,0,0,0
aten::as_strided,,,3.85,3.85,0,0,0,0
aten::fill_,,,14.38,27.18,0,0,0,0
aclnnInplaceFillScalar,,,12.8,12.8,0,0,0,0
aten::slice,,,5.21,9.05,0,0,0,0
aten::as_strided,,,3.84,3.84,0,0,0,0
aten::slice,,,3.09,22.94,0,0,0,0
aten::as_strided,,,19.85,19.85,0,0,0,0
aten::slice,,,13.22,15.65,0,0,0,0
aten::as_strided,,,2.43,2.43,0,0,0,0
aten::copy_,,,56.06,68.0,0,0.62003125,0,0
aclnnInplaceCopy,,,11.94,11.94,0.62003125,0.62003125,0,0
aten::slice,,,6.03,10.25,0,0,0,0
aten::as_strided,,,4.22,4.22,0,0,0,0
aten::slice,,,3.39,7.13,0,0,0,0
aten::as_strided,,,3.74,3.74,0,0,0,0
aten::slice,,,13.24,16.15,0,0,0,0
aten::as_strided,,,2.91,2.91,0,0,0,0
aten::slice,,,4.12,8.55,0,0,0,0
aten::as_strided,,,4.43,4.43,0,0,0,0
aten::slice,,,2.49,5.64,0,0,0,0
aten::as_strided,,,3.15,3.15,0,0,0,0
aten::copy_,,,54.07,68.2,0,0.58,0,0
aclnnInplaceCopy,,,14.13,14.13,0.58,0.58,0,0
aten::slice,,,6.69,10.47,0,0,0,0
aten::as_strided,,,3.78,3.78,0,0,0,0
aten::slice,,,2.73,5.01,0,0,0,0
aten::as_strided,,,2.28,2.28,0,0,0,0
aten::slice,,,2.12,4.68,0,0,0,0
aten::as_strided,,,2.56,2.56,0,0,0,0
aten::sub,,,18.63,31.17,0,1.46003125,0,0
aclnnSub,,,12.54,12.54,1.46003125,1.46003125,0,0
Event::record,,,181.12,203.95,0,0.02,0,0
record_event,,,22.83,22.83,0.02,0.02,0,0
aten::slice,,,9.2,16.32,0,0,0,0
aten::as_strided,,,7.12,7.12,0,0,0,0
aten::slice,,,3.58,6.67,0,0,0,0
aten::as_strided,,,3.09,3.09,0,0,0,0
aten::slice,,,7.35,14.13,0,0,0,0
aten::as_strided,,,6.78,6.78,0,0,0,0
aten::scalar_tensor,,,7.15,63.18,0,1.54003125,0,0
aten::empty,,,3.39,18.76,0,0,0,0
empty_tensor,,,15.37,15.37,0,0,0,0
aten::fill_,,,17.53,37.27,0,1.54003125,0,0
aclnnInplaceFillScalar,,,19.74,19.74,1.54003125,1.54003125,0,0
aten::view,,,4.96,4.96,0,0,0,0
aten::expand,,,3.25,6.29,0,0,0,0
aten::as_strided,,,3.04,3.04,0,0,0,0
aten::copy_,,,52.43,66.69,0,0.62003125,0,0
aclnnInplaceCopy,,,14.26,14.26,0.62003125,0.62003125,0,0
aten::scalar_tensor,,,5.25,42.16,0,1.54003125,0,0
aten::empty,,,2.29,10.56,0,0,0,0
empty_tensor,,,8.27,8.27,0,0,0,0
aten::fill_,,,11.35,26.35,0,1.54003125,0,0
aclnnInplaceFillScalar,,,15.0,15.0,1.54003125,1.54003125,0,0
aten::slice,,,7.31,12.53,0,0,0,0
aten::as_strided,,,5.22,5.22,0,0,0,0
aten::view,,,2.25,2.25,0,0,0,0
aten::expand,,,1.86,3.45,0,0,0,0
aten::as_strided,,,1.59,1.59,0,0,0,0
aten::copy_,,,2.19,2.19,0,0,0,0
aten::index,,,41.36,80.08,0,11.42021875,0,0
empty_tensor,,,8.22,8.22,0,0,0,0
empty_tensor,,,10.14,10.14,0,0,0,0
aclnnIndex,,,20.36,20.36,11.42021875,11.42021875,0,0
aten::linear,,,6.86,77.55,0,900.098,0,900.098
aten::t,,,7.06,18.48,0,0,0,0
aten::transpose,,,4.39,11.42,0,0,0,0
aten::as_strided,,,7.03,7.03,0,0,0,0
aten::matmul,,,23.58,52.21,0,900.098,0,900.098
empty_tensor,,,9.79,9.79,0,0,0,0
aclnnMatmul,,,18.84,18.84,900.098,900.098,900.098,900.098
aten::alias,,,3.74,3.74,0,0,0,0
aten::log_softmax,,,9.78,122.77,0,51.70103125,0,0
aten::to,,,4.18,73.53,0,7.66015625,0,0
aten::_to_copy,,,8.77,69.35,0,7.66015625,0,0
aten::empty_strided,,,12.72,19.44,0,0,0,0
empty_tensor,,,6.72,6.72,0,0,0,0
aten::copy_,,,20.94,41.14,0,7.66015625,0,0
aclnnInplaceCopy,,,20.2,20.2,7.66015625,7.66015625,0,0
aten::_log_softmax,,,19.32,39.46,0,44.040875,0,0
empty_tensor,,,8.53,8.53,0,0,0,0
aclnnLogSoftmax,,,11.61,11.61,44.040875,44.040875,0,0
aten::to,,,1.96,48.28,0,2.9800625,0,0
aten::_to_copy,,,5.73,46.32,0,2.9800625,0,0
aten::empty_strided,,,7.7,12.37,0,0,0,0
empty_tensor,,,4.67,4.67,0,0,0,0
aten::copy_,,,15.23,28.22,0,2.9800625,0,0
aclnnInplaceCopy,,,12.99,12.99,2.9800625,2.9800625,0,0
aten::argmax,,,8.7,65.21,0,20.66040625,0,0
aten::empty,,,2.93,11.33,0,0,0,0
empty_tensor,,,8.4,8.4,0,0,0,0
aten::argmax,,,25.39,45.18,0,20.66040625,0,0
aten::reshape,,,2.17,7.52,0,0,0,0
aten::view,,,5.35,5.35,0,0,0,0
aclnnArgMax,,,12.27,12.27,20.66040625,20.66040625,0,0
aten::view,,,4.32,4.32,0,0,0,0
aten::to,,,1.79,1.79,0,0,0,0
aten::topk,,,21.11,45.39,0,34.72075,0,0
empty_tensor,,,7.67,7.67,0,0,0,0
empty_tensor,,,4.55,4.55,0,0,0,0
aclnnTopk,,,12.06,12.06,34.72075,34.72075,0,0
aten::unsqueeze,,,4.06,8.7,0,0,0,0
aten::as_strided,,,4.64,4.64,0,0,0,0
aten::gather,,,21.54,37.85,0,5.68009375,0,0
empty_tensor,,,6.72,6.72,0,0,0,0
aclnnGather,,,9.59,9.59,5.68009375,5.68009375,0,0
TorchDynamo Cache Lookup,,,41.72,41.72,0,0,0,0
Torch-Compiled Region: 0/0,,,142.87,241.76,0,37.72078125,0,0
aten::_assert_scalar,,,4.06,4.06,0,0,0,0
aten::_assert_scalar,,,1.37,1.37,0,0,0,0
aten::_assert_scalar,,,1.12,1.12,0,0,0,0
aten::ge,,,20.6,49.68,0,7.56015625,0,0
empty_tensor,,,12.34,12.34,0,0,0,0
aclnnGeTensor,,,16.74,16.74,7.56015625,7.56015625,0,0
aten::sum,,,21.56,42.66,0,30.160625000000003,0,0
empty_tensor,,,8.55,8.55,0,0,0,0
aclnnReduceSum,,,12.55,12.55,30.160625000000003,30.160625000000003,0,0
aten::cat,,,20.2,39.97,0,2.76003125,0,0
empty_tensor,,,7.91,7.91,0,0,0,0
aclnnCat,,,11.86,11.86,2.76003125,2.76003125,0,0
aten::cat,,,13.2,30.84,0,1.98003125,0,0
empty_tensor,,,6.88,6.88,0,0,0,0
aclnnCat,,,10.76,10.76,1.98003125,1.98003125,0,0
aten::to,,,2.35,47.89,0,1.48003125,0,0
aten::_to_copy,,,6.65,45.54,0,1.48003125,0,0
aten::empty_strided,,,8.34,12.72,0,0,0,0
empty_tensor,,,4.38,4.38,0,0,0,0
aten::copy_,,,15.55,26.17,0,1.48003125,0,0
aclnnInplaceCopy,,,10.62,10.62,1.48003125,1.48003125,0,0
aten::to,,,1.83,42.38,0,1.36003125,0,0
aten::_to_copy,,,4.71,40.55,0,1.36003125,0,0
aten::empty_strided,,,6.84,11.55,0,0,0,0
empty_tensor,,,4.71,4.71,0,0,0,0
aten::copy_,,,13.71,24.29,0,1.36003125,0,0
aclnnInplaceCopy,,,10.58,10.58,1.36003125,1.36003125,0,0
aten::unsqueeze,,,3.43,8.12,0,0,0,0
aten::as_strided,,,4.69,4.69,0,0,0,0
Event::record,,,161.24,187.2,0,0.02,0,0
record_event,,,25.96,25.96,0.02,0.02,0,0
aten::slice,,,5.27,13.68,0,0,0,0
aten::as_strided,,,8.41,8.41,0,0,0,0
Event::wait,,,79.36,103.88,0,1912.77821875,0,0
wait_event,,,24.52,24.52,1912.77821875,1912.77821875,0,0
Event::record,,,89.95,109.33,0,0.02,0,0
record_event,,,19.38,19.38,0.02,0.02,0,0
Event::wait,,,62.59,79.11,0,1509.41015625,0,0
wait_event,,,16.52,16.52,1509.41015625,1509.41015625,0,0
destroy_event,,,10.49,10.49,0,0,0,0
aten::to,,,4.25,50.77,0,1.8800625,0,0
aten::_to_copy,,,7.17,46.52,0,1.8800625,0,0
aten::empty_strided,,,7.33,7.33,0,0,0,0
aten::copy_,,,22.96,32.02,0,1.8800625,0,0
acl_memcpy_device_to_host,,,9.06,9.06,1.8800625,1.8800625,0,0
aten::to,,,3.18,40.4,0,1.88003125,0,0
aten::_to_copy,,,5.95,37.22,0,1.88003125,0,0
aten::empty_strided,,,4.83,4.83,0,0,0,0
aten::copy_,,,14.88,26.44,0,1.88003125,0,0
acl_memcpy_device_to_host,,,11.56,11.56,1.88003125,1.88003125,0,0
aten::to,,,1.89,32.72,0,1.88003125,0,0
aten::_to_copy,,,4.09,30.83,0,1.88003125,0,0
aten::empty_strided,,,3.31,3.31,0,0,0,0
aten::copy_,,,12.04,23.43,0,1.88003125,0,0
acl_memcpy_device_to_host,,,11.39,11.39,1.88003125,1.88003125,0,0
aten::to,,,1.86,34.22,0,1.88003125,0,0
aten::_to_copy,,,4.26,32.36,0,1.88003125,0,0
aten::empty_strided,,,2.88,2.88,0,0,0,0
aten::copy_,,,12.03,25.22,0,1.88003125,0,0
acl_memcpy_device_to_host,,,13.19,13.19,1.88003125,1.88003125,0,0
Event::record,,,163.84,180.3,0,0.02,0,0
record_event,,,16.46,16.46,0.02,0.02,0,0
Event::synchronize,,,83.19,83.19,0,0,0,0
aten::resolve_conj,,,2.62,2.62,0,0,0,0
aten::resolve_neg,,,0.84,0.84,0,0,0,0
aten::to,,,3.76,3.76,0,0,0,0
aten::detach,,,4.96,4.96,0,0,0,0
aten::to,,,0.85,0.85,0,0,0,0
aten::resolve_conj,,,0.67,0.67,0,0,0,0
aten::resolve_neg,,,0.38,0.38,0,0,0,0
aten::to,,,1.77,1.77,0,0,0,0
aten::detach,,,1.55,1.55,0,0,0,0
aten::to,,,0.82,0.82,0,0,0,0
aten::resolve_conj,,,0.41,0.41,0,0,0,0
aten::resolve_neg,,,0.45,0.45,0,0,0,0
aten::to,,,1.33,1.33,0,0,0,0
aten::detach,,,1.07,1.07,0,0,0,0
aten::to,,,0.79,0.79,0,0,0,0
aten::resolve_conj,,,0.44,0.44,0,0,0,0
aten::resolve_neg,,,0.56,0.56,0,0,0,0
destroy_event,,,22.91,22.91,0,0,0,0
record_event,,,6.76,6.76,0.0,0.0,0,0
Event::synchronize,,,299.85,299.85,0,0,0,0
aten::slice,,,14.05,18.95,0,0,0,0
aten::as_strided,,,4.9,4.9,0,0,0,0
aten::slice,,,3.77,11.2,0,0,0,0
aten::as_strided,,,7.43,7.43,0,0,0,0
aten::pin_memory,,,5.38,22.61,0,0,0,0
aten::is_pinned,,,17.23,17.23,0,0,0,0
aten::copy_,,,18.71,41.31,0,2.2400625,0,0
acl_memcpy_host_to_device,,,22.6,22.6,2.2400625,2.2400625,0,0
aten::slice,,,6.92,9.71,0,0,0,0
aten::as_strided,,,2.79,2.79,0,0,0,0
aten::slice,,,3.05,7.67,0,0,0,0
aten::as_strided,,,4.62,4.62,0,0,0,0
aten::pin_memory,,,3.81,12.07,0,0,0,0
aten::is_pinned,,,8.26,8.26,0,0,0,0
aten::copy_,,,14.45,29.79,0,2.1800625,0,0
acl_memcpy_host_to_device,,,15.34,15.34,2.1800625,2.1800625,0,0
aten::slice,,,5.8,8.48,0,0,0,0
aten::as_strided,,,2.68,2.68,0,0,0,0
aten::slice,,,2.8,6.86,0,0,0,0
aten::as_strided,,,4.06,4.06,0,0,0,0
aten::pin_memory,,,3.51,10.8,0,0,0,0
aten::is_pinned,,,7.29,7.29,0,0,0,0
aten::copy_,,,12.07,25.78,0,2.16003125,0,0
acl_memcpy_host_to_device,,,13.71,13.71,2.16003125,2.16003125,0,0
aten::slice,,,5.86,8.04,0,0,0,0
aten::as_strided,,,2.18,2.18,0,0,0,0
aten::slice,,,3.04,6.84,0,0,0,0
aten::as_strided,,,3.8,3.8,0,0,0,0
aten::pin_memory,,,3.29,10.11,0,0,0,0
aten::is_pinned,,,6.82,6.82,0,0,0,0
aten::copy_,,,12.99,30.92,0,2.22003125,0,0
acl_memcpy_host_to_device,,,17.93,17.93,2.22003125,2.22003125,0,0
aten::slice,,,5.07,7.06,0,0,0,0
aten::as_strided,,,1.99,1.99,0,0,0,0
aten::slice,,,2.88,6.96,0,0,0,0
aten::as_strided,,,4.08,4.08,0,0,0,0
aten::pin_memory,,,3.16,9.68,0,0,0,0
aten::is_pinned,,,6.52,6.52,0,0,0,0
aten::copy_,,,13.11,25.22,0,2.16003125,0,0
acl_memcpy_host_to_device,,,12.11,12.11,2.16003125,2.16003125,0,0
aten::slice,,,11.31,14.73,0,0,0,0
aten::as_strided,,,3.42,3.42,0,0,0,0
aten::slice,,,4.24,10.7,0,0,0,0
aten::as_strided,,,6.46,6.46,0,0,0,0
aten::pin_memory,,,4.28,16.17,0,0,0,0
aten::is_pinned,,,11.89,11.89,0,0,0,0
aten::copy_,,,16.81,35.8,0,2.18003125,0,0
acl_memcpy_host_to_device,,,18.99,18.99,2.18003125,2.18003125,0,0
aten::slice,,,5.94,10.56,0,0,0,0
aten::as_strided,,,4.62,4.62,0,0,0,0
aten::lift_fresh,,,1.4,1.4,0,0,0,0
aten::lift_fresh,,,0.97,0.97,0,0,0,0
aten::flatten,,,3.99,10.92,0,0,0,0
aten::view,,,6.93,6.93,0,0,0,0
aten::slice,,,4.14,5.85,0,0,0,0
aten::as_strided,,,1.71,1.71,0,0,0,0
aten::index_select,,,8.42,8.42,0,0,0,0
aten::pin_memory,,,4.86,17.02,0,0,0,0
aten::is_pinned,,,12.16,12.16,0,0,0,0
aten::copy_,,,17.1,34.63,0,2.22003125,0,0
acl_memcpy_host_to_device,,,17.53,17.53,2.22003125,2.22003125,0,0
aten::pin_memory,,,4.46,12.5,0,0,0,0
aten::is_pinned,,,8.04,8.04,0,0,0,0
aten::copy_,,,13.3,25.85,0,2.32003125,0,0
acl_memcpy_host_to_device,,,12.55,12.55,2.32003125,2.32003125,0,0
aten::slice,,,6.96,9.31,0,0,0,0
aten::as_strided,,,2.35,2.35,0,0,0,0
aten::lift_fresh,,,0.99,0.99,0,0,0,0
aten::slice,,,3.44,4.68,0,0,0,0
aten::as_strided,,,1.24,1.24,0,0,0,0
aten::add,,,16.12,16.12,0,0,0,0
aten::slice,,,3.52,4.76,0,0,0,0
aten::as_strided,,,1.24,1.24,0,0,0,0
aten::fill_,,,6.03,6.03,0,0,0,0
aten::slice,,,3.53,8.7,0,0,0,0
aten::as_strided,,,5.17,5.17,0,0,0,0
aten::fill_,,,18.9,33.99,0,1.44003125,0,0
aclnnInplaceFillScalar,,,15.09,15.09,1.44003125,1.44003125,0,0
aten::slice,,,6.43,11.94,0,0,0,0
aten::as_strided,,,5.51,5.51,0,0,0,0
aten::select,,,4.31,7.41,0,0,0,0
aten::as_strided,,,3.1,3.1,0,0,0,0
aten::copy_,,,65.88,82.25,0,0.72003125,0,0
aclnnInplaceCopy,,,16.37,16.37,0.72003125,0.72003125,0,0
aten::slice,,,7.88,10.53,0,0,0,0
aten::as_strided,,,2.65,2.65,0,0,0,0
aten::detach,,,3.1,3.1,0,0,0,0
aten::to,,,1.93,1.93,0,0,0,0
aten::resolve_conj,,,1.15,1.15,0,0,0,0
aten::resolve_neg,,,0.65,0.65,0,0,0,0
aten::slice,,,5.06,6.87,0,0,0,0
aten::as_strided,,,1.81,1.81,0,0,0,0
aten::slice,,,3.11,7.87,0,0,0,0
aten::as_strided,,,4.76,4.76,0,0,0,0
aten::pin_memory,,,4.09,16.4,0,0,0,0
aten::is_pinned,,,12.31,12.31,0,0,0,0
aten::copy_,,,3.41,3.41,0,0,0,0
aten::slice,,,5.22,7.01,0,0,0,0
aten::as_strided,,,1.79,1.79,0,0,0,0
aten::slice,,,2.97,6.57,0,0,0,0
aten::as_strided,,,3.6,3.6,0,0,0,0
aten::pin_memory,,,3.35,11.32,0,0,0,0
aten::is_pinned,,,7.97,7.97,0,0,0,0
aten::copy_,,,15.7,30.35,0,2.18003125,0,0
acl_memcpy_host_to_device,,,14.65,14.65,2.18003125,2.18003125,0,0
aten::fill_,,,19.41,36.79,0,1.62,0,0
aclnnInplaceFillScalar,,,17.38,17.38,1.62,1.62,0,0
aten::slice,,,6.4,14.08,0,0,0,0
aten::as_strided,,,7.68,7.68,0,0,0,0
aten::slice,,,3.77,14.49,0,0,0,0
aten::as_strided,,,10.72,10.72,0,0,0,0
aten::copy_,,,18.0,47.12,0,2.20003125,0,0
acl_memcpy_host_to_device,,,29.12,29.12,2.20003125,2.20003125,0,0
aten::slice,,,6.03,8.13,0,0,0,0
aten::as_strided,,,2.1,2.1,0,0,0,0
aten::slice,,,3.02,7.43,0,0,0,0
aten::as_strided,,,4.41,4.41,0,0,0,0
aten::pin_memory,,,3.78,12.63,0,0,0,0
aten::is_pinned,,,8.85,8.85,0,0,0,0
aten::copy_,,,13.97,37.28,0,2.2000625,0,0
acl_memcpy_host_to_device,,,23.31,23.31,2.2000625,2.2000625,0,0
aten::slice,,,4.56,7.98,0,0,0,0
aten::as_strided,,,3.42,3.42,0,0,0,0
aten::slice,,,3.37,6.18,0,0,0,0
aten::as_strided,,,2.81,2.81,0,0,0,0
aten::slice,,,2.43,5.28,0,0,0,0
aten::as_strided,,,2.85,2.85,0,0,0,0
aten::pin_memory,,,3.55,11.13,0,0,0,0
aten::is_pinned,,,7.58,7.58,0,0,0,0
aten::copy_,,,13.86,46.3,0,2.16003125,0,0
acl_memcpy_host_to_device,,,32.44,32.44,2.16003125,2.16003125,0,0
aten::slice,,,5.54,9.88,0,0,0,0
aten::as_strided,,,4.34,4.34,0,0,0,0
aten::slice,,,3.15,6.82,0,0,0,0
aten::as_strided,,,3.67,3.67,0,0,0,0
aten::pin_memory,,,3.45,11.57,0,0,0,0
aten::is_pinned,,,8.12,8.12,0,0,0,0
aten::copy_,,,13.41,33.04,0,2.2200625,0,0
acl_memcpy_host_to_device,,,19.63,19.63,2.2200625,2.2200625,0,0
aten::slice,,,4.65,11.11,0,0,0,0
aten::as_strided,,,6.46,6.46,0,0,0,0
aten::index,,,34.17,66.07,0,10.380218750000001,0,0
empty_tensor,,,7.05,7.05,0,0,0,0
empty_tensor,,,8.85,8.85,0,0,0,0
aclnnIndex,,,16.0,16.0,10.380218750000001,10.380218750000001,0,0
aten::to,,,2.18,55.35,0,1.30003125,0,0
aten::_to_copy,,,6.68,53.17,0,1.30003125,0,0
aten::empty_strided,,,9.04,14.42,0,0,0,0
empty_tensor,,,5.38,5.38,0,0,0,0
aten::copy_,,,16.85,32.07,0,1.30003125,0,0
aclnnInplaceCopy,,,15.22,15.22,1.30003125,1.30003125,0,0
aten::slice,,,7.6,11.5,0,0,0,0
aten::as_strided,,,3.9,3.9,0,0,0,0
aten::add,,,19.76,43.01,0,2.6600625,0,0
empty_tensor,,,6.74,6.74,0,0,0,0
aclnnAdd,,,16.51,16.51,2.6600625,2.6600625,0,0
aten::slice,,,5.79,9.86,0,0,0,0
aten::as_strided,,,4.07,4.07,0,0,0,0
aten::copy_,,,50.31,68.07,0,0.62003125,0,0
aclnnInplaceCopy,,,17.76,17.76,0.62003125,0.62003125,0,0
aten::slice,,,6.46,10.85,0,0,0,0
aten::as_strided,,,4.39,4.39,0,0,0,0
aten::add,,,18.32,38.51,0,1.42,0,0
empty_tensor,,,8.01,8.01,0,0,0,0
aclnnAdd,,,12.18,12.18,1.42,1.42,0,0
aten::slice,,,6.24,10.17,0,0,0,0
aten::as_strided,,,3.93,3.93,0,0,0,0
aten::copy_,,,44.69,57.08,0,0.60003125,0,0
aclnnInplaceCopy,,,12.39,12.39,0.60003125,0.60003125,0,0
aten::slice,,,6.02,10.03,0,0,0,0
aten::as_strided,,,4.01,4.01,0,0,0,0
aten::fill_,,,14.32,26.27,0,1.64003125,0,0
aclnnInplaceFillScalar,,,11.95,11.95,1.64003125,1.64003125,0,0
aten::slice,,,4.51,8.01,0,0,0,0
aten::as_strided,,,3.5,3.5,0,0,0,0
aten::slice,,,2.45,4.97,0,0,0,0
aten::as_strided,,,2.52,2.52,0,0,0,0
_compute_slot_mapping_fused_groups_kernel,,,26.01,26.01,21.7804375,21.7804375,0,0
aten::slice,,,9.34,16.73,0,0,0,0
aten::as_strided,,,7.39,7.39,0,0,0,0
aten::sub,,,25.95,56.57,0,1.5200625,0,0
empty_tensor,,,10.6,10.6,0,0,0,0
aten::item,,,2.45,4.1,0,0,0,0
aten::_local_scalar_dense,,,1.65,1.65,0,0,0,0
aclnnSubs,,,15.92,15.92,1.5200625,1.5200625,0,0
aten::pin_memory,,,6.87,22.64,0,0,0,0
aten::is_pinned,,,15.77,15.77,0,0,0,0
aten::copy_,,,19.24,40.94,0,2.20003125,0,0
acl_memcpy_host_to_device,,,21.7,21.7,2.20003125,2.20003125,0,0
aten::detach,,,4.55,4.55,0,0,0,0
aten::to,,,1.8,1.8,0,0,0,0
aten::resolve_conj,,,0.78,0.78,0,0,0,0
aten::resolve_neg,,,0.58,0.58,0,0,0,0
aten::slice,,,9.09,16.32,0,0,0,0
aten::as_strided,,,7.23,7.23,0,0,0,0
aten::slice,,,3.31,7.32,0,0,0,0
aten::as_strided,,,4.01,4.01,0,0,0,0
aten::slice,,,3.05,5.41,0,0,0,0
aten::as_strided,,,2.36,2.36,0,0,0,0
aten::fill_,,,18.23,38.85,0,0,0,0
aclnnInplaceFillScalar,,,20.62,20.62,0,0,0,0
aten::slice,,,4.49,8.17,0,0,0,0
aten::as_strided,,,3.68,3.68,0,0,0,0
aten::fill_,,,11.78,24.27,0,0,0,0
aclnnInplaceFillScalar,,,12.49,12.49,0,0,0,0
aten::slice,,,4.61,7.03,0,0,0,0
aten::as_strided,,,2.42,2.42,0,0,0,0
aten::slice,,,2.77,3.67,0,0,0,0
aten::as_strided,,,0.9,0.9,0,0,0,0
aten::lt,,,14.54,14.54,0,0,0,0
aten::lift_fresh,,,1.03,1.03,0,0,0,0
aten::slice,,,1.6,3.25,0,0,0,0
aten::as_strided,,,1.65,1.65,0,0,0,0
aten::fill_,,,2.26,9.52,0,0,0,0
aten::copy_,,,7.26,7.26,0,0,0,0
aten::slice,,,3.7,5.3,0,0,0,0
aten::as_strided,,,1.6,1.6,0,0,0,0
aten::slice,,,2.81,6.89,0,0,0,0
aten::as_strided,,,4.08,4.08,0,0,0,0
aten::slice,,,2.82,5.25,0,0,0,0
aten::as_strided,,,2.43,2.43,0,0,0,0
aten::slice,,,2.96,5.55,0,0,0,0
aten::as_strided,,,2.59,2.59,0,0,0,0
aten::slice,,,1.94,3.12,0,0,0,0
aten::as_strided,,,1.18,1.18,0,0,0,0
aten::slice,,,2.04,3.43,0,0,0,0
aten::as_strided,,,1.39,1.39,0,0,0,0
aten::slice,,,2.79,6.15,0,0,0,0
aten::as_strided,,,3.36,3.36,0,0,0,0
aten::slice,,,2.71,5.42,0,0,0,0
aten::as_strided,,,2.71,2.71,0,0,0,0
aten::slice,,,2.59,5.31,0,0,0,0
aten::as_strided,,,2.72,2.72,0,0,0,0
aten::slice,,,8.18,14.07,0,0,0,0
aten::as_strided,,,5.89,5.89,0,0,0,0
aten::slice,,,2.85,5.96,0,0,0,0
aten::as_strided,,,3.11,3.11,0,0,0,0
aten::slice,,,2.99,5.79,0,0,0,0
aten::as_strided,,,2.8,2.8,0,0,0,0
aten::to,,,1.63,1.63,0,0,0,0
aten::slice,,,2.99,5.9,0,0,0,0
aten::as_strided,,,2.91,2.91,0,0,0,0
aten::slice,,,2.63,4.98,0,0,0,0
aten::as_strided,,,2.35,2.35,0,0,0,0
aten::slice,,,2.79,4.31,0,0,0,0
aten::as_strided,,,1.52,1.52,0,0,0,0
aten::slice,,,3.13,6.25,0,0,0,0
aten::as_strided,,,3.12,3.12,0,0,0,0
aten::slice,,,2.24,6.1,0,0,0,0
aten::as_strided,,,3.86,3.86,0,0,0,0
aten::alias,,,5.84,5.84,0,0,0,0
aten::div,,,38.54,59.78,0,6.260125,0,0
aten::item,,,2.05,3.74,0,0,0,0
aten::_local_scalar_dense,,,1.69,1.69,0,0,0,0
aclnnDivMods,,,17.5,17.5,6.260125,6.260125,0,0
aten::slice,,,3.67,8.54,0,0,0,0
aten::as_strided,,,4.87,4.87,0,0,0,0
aten::slice,,,4.55,7.91,0,0,0,0
aten::as_strided,,,3.36,3.36,0,0,0,0
aten::copy_,,,58.6,75.73,0,0.58003125,0,0
aclnnInplaceCopy,,,17.13,17.13,0.58003125,0.58003125,0,0
aten::slice,,,3.07,7.3,0,0,0,0
aten::as_strided,,,4.23,4.23,0,0,0,0
aten::slice,,,4.6,7.93,0,0,0,0
aten::as_strided,,,3.33,3.33,0,0,0,0
aten::ge,,,22.21,47.04,0,4.32009375,0,0
empty_tensor,,,11.2,11.2,0,0,0,0
aclnnGeScalar,,,13.63,13.63,4.32009375,4.32009375,0,0
aten::add,,,19.94,43.23,0,2.06003125,0,0
empty_tensor,,,7.73,7.73,0,0,0,0
aten::item,,,2.62,4.2,0,0,0,0
aten::_local_scalar_dense,,,1.58,1.58,0,0,0,0
aclnnAdds,,,11.36,11.36,2.06003125,2.06003125,0,0
aten::remainder,,,22.1,40.87,0,3.48009375,0,0
empty_tensor,,,7.57,7.57,0,0,0,0
aclnnRemainderTensorScalar,,,11.2,11.2,3.48009375,3.48009375,0,0
aten::eq,,,15.05,57.28,0,2.6000625,0,0
empty_tensor,,,30.09,30.09,0,0,0,0
aclnnEqScalar,,,12.14,12.14,2.6000625,2.6000625,0,0
aten::__and__,,,2.91,39.16,0,1.44003125,0,0
aten::bitwise_and,,,18.44,36.25,0,1.44003125,0,0
empty_tensor,,,6.46,6.46,0,0,0,0
aclnnBitwiseAndTensor,,,11.35,11.35,1.44003125,1.44003125,0,0
aten::clamp_min,,,13.2,28.88,0,1.68003125,0,0
empty_tensor,,,6.17,6.17,0,0,0,0
aclnnClampMin,,,9.51,9.51,1.68003125,1.68003125,0,0
aten::div,,,23.66,42.28,0,5.28009375,0,0
empty_tensor,,,6.42,6.42,0,0,0,0
aten::item,,,2.02,3.52,0,0,0,0
aten::_local_scalar_dense,,,1.5,1.5,0,0,0,0
aclnnDivMods,,,8.68,8.68,5.28009375,5.28009375,0,0
aten::remainder,,,18.74,34.98,0,4.44009375,0,0
empty_tensor,,,5.89,5.89,0,0,0,0
aclnnRemainderTensorScalar,,,10.35,10.35,4.44009375,4.44009375,0,0
aten::mul,,,16.29,35.27,0,1.36003125,0,0
empty_tensor,,,6.31,6.31,0,0,0,0
aten::item,,,1.53,2.46,0,0,0,0
aten::_local_scalar_dense,,,0.93,0.93,0,0,0,0
aclnnMuls,,,10.21,10.21,1.36003125,1.36003125,0,0
aten::div,,,19.83,39.23,0,4.460125,0,0
empty_tensor,,,6.51,6.51,0,0,0,0
aten::item,,,1.77,3.35,0,0,0,0
aten::_local_scalar_dense,,,1.58,1.58,0,0,0,0
aclnnDivMods,,,9.54,9.54,4.460125,4.460125,0,0
aten::add,,,13.76,22.12,0,1.34003125,0,0
empty_tensor,,,6.01,6.01,0,0,0,0
aclnnAdd,,,2.35,2.35,1.34003125,1.34003125,0,0
aten::full_like,,,5.18,48.39,0,1.36003125,0,0
aten::empty_like,,,6.89,18.37,0,0,0,0
aten::empty_strided,,,7.52,11.48,0,0,0,0
empty_tensor,,,3.96,3.96,0,0,0,0
aten::fill_,,,10.56,24.84,0,1.36003125,0,0
aclnnInplaceFillScalar,,,14.28,14.28,1.36003125,1.36003125,0,0
aten::where,,,13.48,29.4,0,1.86003125,0,0
empty_tensor,,,5.69,5.69,0,0,0,0
aclnnSWhere,,,10.23,10.23,1.86003125,1.86003125,0,0
aten::copy_,,,14.41,24.31,0,1.20003125,0,0
aclnnInplaceCopy,,,9.9,9.9,1.20003125,1.20003125,0,0
aten::slice,,,3.51,7.84,0,0,0,0
aten::as_strided,,,4.33,4.33,0,0,0,0
aten::slice,,,5.86,9.12,0,0,0,0
aten::as_strided,,,3.26,3.26,0,0,0,0
aten::div,,,24.03,38.23,0,4.10009375,0,0
aten::item,,,2.12,3.28,0,0,0,0
aten::_local_scalar_dense,,,1.16,1.16,0,0,0,0
aclnnDivMods,,,10.92,10.92,4.10009375,4.10009375,0,0
aten::slice,,,3.16,7.35,0,0,0,0
aten::as_strided,,,4.19,4.19,0,0,0,0
aten::slice,,,4.33,7.45,0,0,0,0
aten::as_strided,,,3.12,3.12,0,0,0,0
aten::slice,,,2.24,4.68,0,0,0,0
aten::as_strided,,,2.44,2.44,0,0,0,0
aten::copy_,,,53.68,67.19,0,0.6,0,0
aclnnInplaceCopy,,,13.51,13.51,0.6,0.6,0,0
aten::slice,,,3.69,7.38,0,0,0,0
aten::as_strided,,,3.69,3.69,0,0,0,0
aten::slice,,,4.43,7.4,0,0,0,0
aten::as_strided,,,2.97,2.97,0,0,0,0
aten::copy_,,,43.34,56.06,0,0.62,0,0
aclnnInplaceCopy,,,12.72,12.72,0.62,0.62,0,0
aten::slice,,,5.69,8.3,0,0,0,0
aten::as_strided,,,2.61,2.61,0,0,0,0
aten::div,,,12.95,32.46,0,0,0,0
aten::to,,,1.86,19.51,0,0,0,0
aten::_to_copy,,,5.26,17.65,0,0,0,0
aten::empty_strided,,,3.83,3.83,0,0,0,0
aten::copy_,,,8.56,8.56,0,0,0,0
aten::slice,,,4.4,9.72,0,0,0,0
aten::as_strided,,,5.32,5.32,0,0,0,0
aten::slice,,,5.8,10.86,0,0,0,0
aten::as_strided,,,5.06,5.06,0,0,0,0
aten::slice,,,3.05,6.09,0,0,0,0
aten::as_strided,,,3.04,3.04,0,0,0,0
aten::slice,,,2.39,4.78,0,0,0,0
aten::as_strided,,,2.39,2.39,0,0,0,0
aten::fill_,,,16.28,31.2,0,0,0,0
aclnnInplaceFillScalar,,,14.92,14.92,0,0,0,0
aten::slice,,,5.45,9.27,0,0,0,0
aten::as_strided,,,3.82,3.82,0,0,0,0
aten::fill_,,,11.85,23.31,0,0,0,0
aclnnInplaceFillScalar,,,11.46,11.46,0,0,0,0
aten::slice,,,5.06,9.21,0,0,0,0
aten::as_strided,,,4.15,4.15,0,0,0,0
aten::slice,,,2.67,5.84,0,0,0,0
aten::as_strided,,,3.17,3.17,0,0,0,0
aten::slice,,,5.92,8.41,0,0,0,0
aten::as_strided,,,2.49,2.49,0,0,0,0
aten::slice,,,3.1,6.75,0,0,0,0
aten::as_strided,,,3.65,3.65,0,0,0,0
aten::slice,,,2.9,5.66,0,0,0,0
aten::as_strided,,,2.76,2.76,0,0,0,0
aten::slice,,,2.57,5.15,0,0,0,0
aten::as_strided,,,2.58,2.58,0,0,0,0
aten::slice,,,2.36,4.72,0,0,0,0
aten::as_strided,,,2.36,2.36,0,0,0,0
aten::fill_,,,14.43,31.51,0,0,0,0
aclnnInplaceFillScalar,,,17.08,17.08,0,0,0,0
aten::slice,,,4.01,7.46,0,0,0,0
aten::as_strided,,,3.45,3.45,0,0,0,0
aten::fill_,,,11.22,22.94,0,0,0,0
aclnnInplaceFillScalar,,,11.72,11.72,0,0,0,0
aten::diff,,,7.75,36.12,0,0,0,0
aten::narrow,,,6.9,11.62,0,0,0,0
aten::slice,,,2.43,4.72,0,0,0,0
aten::as_strided,,,2.29,2.29,0,0,0,0
aten::narrow,,,1.96,4.23,0,0,0,0
aten::slice,,,1.15,2.27,0,0,0,0
aten::as_strided,,,1.12,1.12,0,0,0,0
aten::sub,,,12.52,12.52,0,0,0,0
aten::eq,,,13.88,28.49,0,0,0,0
aten::to,,,1.7,14.61,0,0,0,0
aten::_to_copy,,,4.66,12.91,0,0,0,0
aten::empty_strided,,,2.88,2.88,0,0,0,0
aten::copy_,,,5.37,5.37,0,0,0,0
aten::__and__,,,2.23,7.39,0,0,0,0
aten::bitwise_and,,,5.16,5.16,0,0,0,0
aten::gt,,,8.33,17.16,0,0,0,0
aten::to,,,1.05,8.83,0,0,0,0
aten::_to_copy,,,2.82,7.78,0,0,0,0
aten::empty_strided,,,2.0,2.0,0,0,0,0
aten::copy_,,,2.96,2.96,0,0,0,0
aten::__and__,,,1.4,4.35,0,0,0,0
aten::bitwise_and,,,2.95,2.95,0,0,0,0
aten::any,,,7.26,15.0,0,0,0,0
aten::view_as,,,2.36,4.13,0,0,0,0
aten::view,,,1.77,1.77,0,0,0,0
aten::to,,,0.34,0.34,0,0,0,0
aten::copy_,,,3.27,3.27,0,0,0,0
aten::item,,,1.79,3.38,0,0,0,0
aten::_local_scalar_dense,,,1.59,1.59,0,0,0,0
aten::slice,,,5.28,6.81,0,0,0,0
aten::as_strided,,,1.53,1.53,0,0,0,0
aten::slice,,,2.4,3.27,0,0,0,0
aten::as_strided,,,0.87,0.87,0,0,0,0
aten::sub,,,5.0,5.0,0,0,0,0
aten::select,,,3.09,4.15,0,0,0,0
aten::as_strided,,,1.06,1.06,0,0,0,0
aten::item,,,1.09,2.01,0,0,0,0
aten::_local_scalar_dense,,,0.92,0.92,0,0,0,0
aten::gt,,,7.62,16.31,0,0,0,0
aten::to,,,1.09,8.69,0,0,0,0
aten::_to_copy,,,2.74,7.6,0,0,0,0
aten::empty_strided,,,1.95,1.95,0,0,0,0
aten::copy_,,,2.91,2.91,0,0,0,0
aten::__ior__,,,2.66,8.39,0,0,0,0
aten::bitwise_or_,,,5.73,5.73,0,0,0,0
aten::any,,,5.52,11.78,0,0,0,0
aten::view_as,,,1.5,2.91,0,0,0,0
aten::view,,,1.41,1.41,0,0,0,0
aten::to,,,0.44,0.44,0,0,0,0
aten::copy_,,,2.91,2.91,0,0,0,0
aten::is_nonzero,,,1.78,4.08,0,0,0,0
aten::item,,,1.09,2.3,0,0,0,0
aten::_local_scalar_dense,,,1.21,1.21,0,0,0,0
aten::select,,,4.7,10.65,0,0,0,0
aten::as_strided,,,5.95,5.95,0,0,0,0
aten::slice,,,4.48,8.35,0,0,0,0
aten::as_strided,,,3.87,3.87,0,0,0,0
aten::slice,,,2.72,5.29,0,0,0,0
aten::as_strided,,,2.57,2.57,0,0,0,0
aten::slice,,,2.43,4.74,0,0,0,0
aten::as_strided,,,2.31,2.31,0,0,0,0
aten::copy_,,,61.23,80.37,0,0.62,0,0
aclnnInplaceCopy,,,19.14,19.14,0.62,0.62,0,0
aten::slice,,,6.09,9.76,0,0,0,0
aten::as_strided,,,3.67,3.67,0,0,0,0
aten::fill_,,,14.45,27.4,0,0,0,0
aclnnInplaceFillScalar,,,12.95,12.95,0,0,0,0
aten::slice,,,6.18,10.23,0,0,0,0
aten::as_strided,,,4.05,4.05,0,0,0,0
aten::slice,,,2.99,5.76,0,0,0,0
aten::as_strided,,,2.77,2.77,0,0,0,0
aten::slice,,,2.72,5.0,0,0,0,0
aten::as_strided,,,2.28,2.28,0,0,0,0
aten::copy_,,,50.8,65.15,0,0.64,0,0
aclnnInplaceCopy,,,14.35,14.35,0.64,0.64,0,0
aten::slice,,,5.89,9.76,0,0,0,0
aten::as_strided,,,3.87,3.87,0,0,0,0
aten::slice,,,3.74,7.26,0,0,0,0
aten::as_strided,,,3.52,3.52,0,0,0,0
aten::slice,,,3.23,6.13,0,0,0,0
aten::as_strided,,,2.9,2.9,0,0,0,0
aten::slice,,,17.18,20.06,0,0,0,0
aten::as_strided,,,2.88,2.88,0,0,0,0
aten::slice,,,4.32,9.5,0,0,0,0
aten::as_strided,,,5.18,5.18,0,0,0,0
aten::copy_,,,49.23,69.43,0,0.66,0,0
aclnnInplaceCopy,,,20.2,20.2,0.66,0.66,0,0
aten::slice,,,5.2,9.42,0,0,0,0
aten::as_strided,,,4.22,4.22,0,0,0,0
aten::slice,,,6.13,19.6,0,0,0,0
aten::as_strided,,,13.47,13.47,0,0,0,0
aten::slice,,,2.95,6.24,0,0,0,0
aten::as_strided,,,3.29,3.29,0,0,0,0
aten::sub,,,20.22,30.95,0,1.3400625,0,0
aclnnSub,,,10.73,10.73,1.3400625,1.3400625,0,0
aten::slice,,,7.69,12.15,0,0,0,0
aten::as_strided,,,4.46,4.46,0,0,0,0
aten::slice,,,3.26,8.09,0,0,0,0
aten::as_strided,,,4.83,4.83,0,0,0,0
aten::slice,,,3.21,6.73,0,0,0,0
aten::as_strided,,,3.52,3.52,0,0,0,0
aten::slice,,,2.49,5.01,0,0,0,0
aten::as_strided,,,2.52,2.52,0,0,0,0
aten::slice,,,2.42,5.2,0,0,0,0
aten::as_strided,,,2.78,2.78,0,0,0,0
aten::fill_,,,16.26,32.7,0,0,0,0
aclnnInplaceFillScalar,,,16.44,16.44,0,0,0,0
aten::slice,,,3.73,6.92,0,0,0,0
aten::as_strided,,,3.19,3.19,0,0,0,0
aten::fill_,,,11.97,21.21,0,0,0,0
aclnnInplaceFillScalar,,,9.24,9.24,0,0,0,0
aten::diff,,,6.61,31.34,0,0,0,0
aten::narrow,,,6.31,10.28,0,0,0,0
aten::slice,,,2.06,3.97,0,0,0,0
aten::as_strided,,,1.91,1.91,0,0,0,0
aten::narrow,,,1.68,3.22,0,0,0,0
aten::slice,,,0.91,1.54,0,0,0,0
aten::as_strided,,,0.63,0.63,0,0,0,0
aten::sub,,,11.23,11.23,0,0,0,0
aten::eq,,,12.04,26.98,0,0,0,0
aten::to,,,2.17,14.94,0,0,0,0
aten::_to_copy,,,4.6,12.77,0,0,0,0
aten::empty_strided,,,2.63,2.63,0,0,0,0
aten::copy_,,,5.54,5.54,0,0,0,0
aten::__and__,,,1.87,6.6,0,0,0,0
aten::bitwise_and,,,4.73,4.73,0,0,0,0
aten::gt,,,7.04,15.46,0,0,0,0
aten::to,,,0.91,8.42,0,0,0,0
aten::_to_copy,,,3.1,7.51,0,0,0,0
aten::empty_strided,,,1.9,1.9,0,0,0,0
aten::copy_,,,2.51,2.51,0,0,0,0
aten::__and__,,,1.3,4.21,0,0,0,0
aten::bitwise_and,,,2.91,2.91,0,0,0,0
aten::any,,,6.04,13.17,0,0,0,0
aten::view_as,,,1.88,3.65,0,0,0,0
aten::view,,,1.77,1.77,0,0,0,0
aten::to,,,0.62,0.62,0,0,0,0
aten::copy_,,,2.86,2.86,0,0,0,0
aten::item,,,1.6,2.72,0,0,0,0
aten::_local_scalar_dense,,,1.12,1.12,0,0,0,0
aten::slice,,,5.95,8.0,0,0,0,0
aten::as_strided,,,2.05,2.05,0,0,0,0
aten::slice,,,2.21,2.97,0,0,0,0
aten::as_strided,,,0.76,0.76,0,0,0,0
aten::sub,,,5.29,5.29,0,0,0,0
aten::select,,,2.9,3.9,0,0,0,0
aten::as_strided,,,1.0,1.0,0,0,0,0
aten::item,,,1.01,3.27,0,0,0,0
aten::_local_scalar_dense,,,2.26,2.26,0,0,0,0
aten::gt,,,7.03,15.19,0,0,0,0
aten::to,,,1.12,8.16,0,0,0,0
aten::_to_copy,,,2.47,7.04,0,0,0,0
aten::empty_strided,,,1.83,1.83,0,0,0,0
aten::copy_,,,2.74,2.74,0,0,0,0
aten::__ior__,,,1.92,6.06,0,0,0,0
aten::bitwise_or_,,,4.14,4.14,0,0,0,0
aten::any,,,5.41,11.61,0,0,0,0
aten::view_as,,,1.75,2.94,0,0,0,0
aten::view,,,1.19,1.19,0,0,0,0
aten::to,,,0.51,0.51,0,0,0,0
aten::copy_,,,2.75,2.75,0,0,0,0
aten::is_nonzero,,,1.54,4.55,0,0,0,0
aten::item,,,1.19,3.01,0,0,0,0
aten::_local_scalar_dense,,,1.82,1.82,0,0,0,0
aten::select,,,4.81,10.86,0,0,0,0
aten::as_strided,,,6.05,6.05,0,0,0,0
aten::slice,,,4.92,8.61,0,0,0,0
aten::as_strided,,,3.69,3.69,0,0,0,0
aten::slice,,,2.91,5.44,0,0,0,0
aten::as_strided,,,2.53,2.53,0,0,0,0
aten::slice,,,2.33,4.66,0,0,0,0
aten::as_strided,,,2.33,2.33,0,0,0,0
aten::copy_,,,60.88,78.01,0,0.64003125,0,0
aclnnInplaceCopy,,,17.13,17.13,0.64003125,0.64003125,0,0
aten::slice,,,5.85,10.08,0,0,0,0
aten::as_strided,,,4.23,4.23,0,0,0,0
aten::fill_,,,14.95,27.06,0,0,0,0
aclnnInplaceFillScalar,,,12.11,12.11,0,0,0,0
aten::slice,,,5.93,9.79,0,0,0,0
aten::as_strided,,,3.86,3.86,0,0,0,0
aten::slice,,,2.85,5.49,0,0,0,0
aten::as_strided,,,2.64,2.64,0,0,0,0
aten::slice,,,3.18,5.72,0,0,0,0
aten::as_strided,,,2.54,2.54,0,0,0,0
aten::copy_,,,49.43,62.3,0,0.66003125,0,0
aclnnInplaceCopy,,,12.87,12.87,0.66003125,0.66003125,0,0
aten::slice,,,5.98,9.94,0,0,0,0
aten::as_strided,,,3.96,3.96,0,0,0,0
aten::slice,,,3.59,7.2,0,0,0,0
aten::as_strided,,,3.61,3.61,0,0,0,0
aten::slice,,,3.41,6.51,0,0,0,0
aten::as_strided,,,3.1,3.1,0,0,0,0
aten::slice,,,2.67,5.58,0,0,0,0
aten::as_strided,,,2.91,2.91,0,0,0,0
aten::slice,,,2.6,4.92,0,0,0,0
aten::as_strided,,,2.32,2.32,0,0,0,0
aten::copy_,,,45.08,57.95,0,0.64003125,0,0
aclnnInplaceCopy,,,12.87,12.87,0.64003125,0.64003125,0,0
aten::slice,,,5.88,9.75,0,0,0,0
aten::as_strided,,,3.87,3.87,0,0,0,0
aten::slice,,,2.49,5.2,0,0,0,0
aten::as_strided,,,2.71,2.71,0,0,0,0
aten::slice,,,2.83,5.37,0,0,0,0
aten::as_strided,,,2.54,2.54,0,0,0,0
aten::sub,,,17.63,29.36,0,1.5,0,0
aclnnSub,,,11.73,11.73,1.5,1.5,0,0
aten::slice,,,8.05,11.27,0,0,0,0
aten::as_strided,,,3.22,3.22,0,0,0,0
aten::slice,,,3.62,8.35,0,0,0,0
aten::as_strided,,,4.73,4.73,0,0,0,0
aten::slice,,,3.03,6.02,0,0,0,0
aten::as_strided,,,2.99,2.99,0,0,0,0
aten::slice,,,2.57,5.2,0,0,0,0
aten::as_strided,,,2.63,2.63,0,0,0,0
aten::slice,,,2.58,5.07,0,0,0,0
aten::as_strided,,,2.49,2.49,0,0,0,0
aten::fill_,,,15.74,30.61,0,0,0,0
aclnnInplaceFillScalar,,,14.87,14.87,0,0,0,0
aten::slice,,,5.44,9.39,0,0,0,0
aten::as_strided,,,3.95,3.95,0,0,0,0
aten::fill_,,,11.51,26.63,0,0,0,0
aclnnInplaceFillScalar,,,15.12,15.12,0,0,0,0
aten::diff,,,6.83,33.96,0,0,0,0
aten::narrow,,,5.91,11.22,0,0,0,0
aten::slice,,,2.71,5.31,0,0,0,0
aten::as_strided,,,2.6,2.6,0,0,0,0
aten::narrow,,,1.82,3.92,0,0,0,0
aten::slice,,,1.07,2.1,0,0,0,0
aten::as_strided,,,1.03,1.03,0,0,0,0
aten::sub,,,11.99,11.99,0,0,0,0
aten::eq,,,11.9,26.64,0,0,0,0
aten::to,,,1.5,14.74,0,0,0,0
aten::_to_copy,,,5.0,13.24,0,0,0,0
aten::empty_strided,,,2.66,2.66,0,0,0,0
aten::copy_,,,5.58,5.58,0,0,0,0
aten::__and__,,,2.15,6.34,0,0,0,0
aten::bitwise_and,,,4.19,4.19,0,0,0,0
aten::gt,,,7.68,16.26,0,0,0,0
aten::to,,,1.04,8.58,0,0,0,0
aten::_to_copy,,,2.94,7.54,0,0,0,0
aten::empty_strided,,,1.75,1.75,0,0,0,0
aten::copy_,,,2.85,2.85,0,0,0,0
aten::__and__,,,1.29,4.15,0,0,0,0
aten::bitwise_and,,,2.86,2.86,0,0,0,0
aten::any,,,5.4,12.49,0,0,0,0
aten::view_as,,,1.82,3.59,0,0,0,0
aten::view,,,1.77,1.77,0,0,0,0
aten::to,,,0.55,0.55,0,0,0,0
aten::copy_,,,2.95,2.95,0,0,0,0
aten::item,,,2.05,3.42,0,0,0,0
aten::_local_scalar_dense,,,1.37,1.37,0,0,0,0
aten::slice,,,4.96,6.65,0,0,0,0
aten::as_strided,,,1.69,1.69,0,0,0,0
aten::slice,,,2.32,3.15,0,0,0,0
aten::as_strided,,,0.83,0.83,0,0,0,0
aten::sub,,,5.02,5.02,0,0,0,0
aten::select,,,2.84,4.2,0,0,0,0
aten::as_strided,,,1.36,1.36,0,0,0,0
aten::item,,,1.32,2.21,0,0,0,0
aten::_local_scalar_dense,,,0.89,0.89,0,0,0,0
aten::gt,,,7.22,15.61,0,0,0,0
aten::to,,,1.09,8.39,0,0,0,0
aten::_to_copy,,,2.55,7.3,0,0,0,0
aten::empty_strided,,,1.76,1.76,0,0,0,0
aten::copy_,,,2.99,2.99,0,0,0,0
aten::__ior__,,,2.04,6.15,0,0,0,0
aten::bitwise_or_,,,4.11,4.11,0,0,0,0
aten::any,,,4.91,10.91,0,0,0,0
aten::view_as,,,1.57,2.83,0,0,0,0
aten::view,,,1.26,1.26,0,0,0,0
aten::to,,,0.5,0.5,0,0,0,0
aten::copy_,,,2.67,2.67,0,0,0,0
aten::is_nonzero,,,1.51,3.57,0,0,0,0
aten::item,,,1.24,2.06,0,0,0,0
aten::_local_scalar_dense,,,0.82,0.82,0,0,0,0
aten::select,,,4.51,10.42,0,0,0,0
aten::as_strided,,,5.91,5.91,0,0,0,0
aten::slice,,,5.04,9.21,0,0,0,0
aten::as_strided,,,4.17,4.17,0,0,0,0
aten::slice,,,2.8,5.24,0,0,0,0
aten::as_strided,,,2.44,2.44,0,0,0,0
aten::slice,,,2.17,4.6,0,0,0,0
aten::as_strided,,,2.43,2.43,0,0,0,0
aten::copy_,,,59.34,76.66,0,0.62,0,0
aclnnInplaceCopy,,,17.32,17.32,0.62,0.62,0,0
aten::slice,,,6.54,10.22,0,0,0,0
aten::as_strided,,,3.68,3.68,0,0,0,0
aten::fill_,,,14.61,40.18,0,0,0,0
aclnnInplaceFillScalar,,,25.57,25.57,0,0,0,0
aten::slice,,,5.71,9.87,0,0,0,0
aten::as_strided,,,4.16,4.16,0,0,0,0
aten::slice,,,2.93,5.5,0,0,0,0
aten::as_strided,,,2.57,2.57,0,0,0,0
aten::slice,,,2.58,5.11,0,0,0,0
aten::as_strided,,,2.53,2.53,0,0,0,0
aten::copy_,,,50.37,65.3,0,0.64,0,0
aclnnInplaceCopy,,,14.93,14.93,0.64,0.64,0,0
aten::slice,,,5.83,9.62,0,0,0,0
aten::as_strided,,,3.79,3.79,0,0,0,0
aten::slice,,,3.82,7.17,0,0,0,0
aten::as_strided,,,3.35,3.35,0,0,0,0
aten::slice,,,3.52,6.13,0,0,0,0
aten::as_strided,,,2.61,2.61,0,0,0,0
aten::slice,,,2.55,4.87,0,0,0,0
aten::as_strided,,,2.32,2.32,0,0,0,0
aten::slice,,,2.49,4.71,0,0,0,0
aten::as_strided,,,2.22,2.22,0,0,0,0
aten::copy_,,,45.4,58.5,0,0.60003125,0,0
aclnnInplaceCopy,,,13.1,13.1,0.60003125,0.60003125,0,0
aten::slice,,,5.55,9.34,0,0,0,0
aten::as_strided,,,3.79,3.79,0,0,0,0
aten::slice,,,2.54,5.01,0,0,0,0
aten::as_strided,,,2.47,2.47,0,0,0,0
aten::slice,,,10.73,13.11,0,0,0,0
aten::as_strided,,,2.38,2.38,0,0,0,0
aten::sub,,,18.61,31.3,0,1.52,0,0
aclnnSub,,,12.69,12.69,1.52,1.52,0,0
Event::record,,,166.79,188.61,0,0.02,0,0
record_event,,,21.82,21.82,0.02,0.02,0,0
aten::slice,,,9.1,16.02,0,0,0,0
aten::as_strided,,,6.92,6.92,0,0,0,0
aten::slice,,,3.86,7.02,0,0,0,0
aten::as_strided,,,3.16,3.16,0,0,0,0
aten::slice,,,7.94,14.36,0,0,0,0
aten::as_strided,,,6.42,6.42,0,0,0,0
aten::scalar_tensor,,,7.08,60.3,0,1.5200625,0,0
aten::empty,,,3.13,15.62,0,0,0,0
empty_tensor,,,12.49,12.49,0,0,0,0
aten::fill_,,,16.69,37.6,0,1.5200625,0,0
aclnnInplaceFillScalar,,,20.91,20.91,1.5200625,1.5200625,0,0
aten::view,,,4.71,4.71,0,0,0,0
aten::expand,,,3.3,5.52,0,0,0,0
aten::as_strided,,,2.22,2.22,0,0,0,0
aten::copy_,,,53.26,68.14,0,0.62,0,0
aclnnInplaceCopy,,,14.88,14.88,0.62,0.62,0,0
aten::scalar_tensor,,,5.53,39.44,0,1.3000625,0,0
aten::empty,,,2.63,11.13,0,0,0,0
empty_tensor,,,8.5,8.5,0,0,0,0
aten::fill_,,,11.01,22.78,0,1.3000625,0,0
aclnnInplaceFillScalar,,,11.77,11.77,1.3000625,1.3000625,0,0
aten::slice,,,6.9,12.09,0,0,0,0
aten::as_strided,,,5.19,5.19,0,0,0,0
aten::view,,,2.79,2.79,0,0,0,0
aten::expand,,,2.28,3.98,0,0,0,0
aten::as_strided,,,1.7,1.7,0,0,0,0
aten::copy_,,,2.34,2.34,0,0,0,0
aten::index,,,36.47,69.18,0,11.400218749999999,0,0
empty_tensor,,,7.28,7.28,0,0,0,0
empty_tensor,,,9.15,9.15,0,0,0,0
aclnnIndex,,,16.28,16.28,11.400218749999999,11.400218749999999,0,0
aten::linear,,,6.26,67.62,0,898.79796875,0,898.79796875
aten::t,,,6.56,16.34,0,0,0,0
aten::transpose,,,3.74,9.78,0,0,0,0
aten::as_strided,,,6.04,6.04,0,0,0,0
aten::matmul,,,21.38,45.02,0,898.79796875,0,898.79796875
empty_tensor,,,8.88,8.88,0,0,0,0
aclnnMatmul,,,14.76,14.76,898.79796875,898.79796875,898.79796875,898.79796875
aten::alias,,,3.02,3.02,0,0,0,0
aten::log_softmax,,,8.61,110.22,0,51.38103125,0,0
aten::to,,,3.94,65.1,0,7.58015625,0,0
aten::_to_copy,,,7.59,61.16,0,7.58015625,0,0
aten::empty_strided,,,11.44,17.83,0,0,0,0
empty_tensor,,,6.39,6.39,0,0,0,0
aten::copy_,,,21.38,35.74,0,7.58015625,0,0
aclnnInplaceCopy,,,14.36,14.36,7.58015625,7.58015625,0,0
aten::_log_softmax,,,17.74,36.51,0,43.800875,0,0
empty_tensor,,,7.14,7.14,0,0,0,0
aclnnLogSoftmax,,,11.63,11.63,43.800875,43.800875,0,0
aten::to,,,1.82,39.35,0,2.5000625,0,0
aten::_to_copy,,,5.32,37.53,0,2.5000625,0,0
aten::empty_strided,,,7.34,12.08,0,0,0,0
empty_tensor,,,4.74,4.74,0,0,0,0
aten::copy_,,,14.31,20.13,0,2.5000625,0,0
aclnnInplaceCopy,,,5.82,5.82,2.5000625,2.5000625,0,0
aten::argmax,,,8.7,69.33,0,20.68040625,0,0
aten::empty,,,2.62,10.85,0,0,0,0
empty_tensor,,,8.23,8.23,0,0,0,0
aten::argmax,,,25.65,49.78,0,20.68040625,0,0
aten::reshape,,,1.89,7.59,0,0,0,0
aten::view,,,5.7,5.7,0,0,0,0
aclnnArgMax,,,16.54,16.54,20.68040625,20.68040625,0,0
aten::view,,,4.34,4.34,0,0,0,0
aten::to,,,1.45,1.45,0,0,0,0
aten::topk,,,21.82,46.51,0,32.100625,0,0
empty_tensor,,,7.32,7.32,0,0,0,0
empty_tensor,,,4.77,4.77,0,0,0,0
aclnnTopk,,,12.6,12.6,32.100625,32.100625,0,0
aten::unsqueeze,,,4.15,8.9,0,0,0,0
aten::as_strided,,,4.75,4.75,0,0,0,0
aten::gather,,,19.37,28.68,0,5.56009375,0,0
empty_tensor,,,6.37,6.37,0,0,0,0
aclnnGather,,,2.94,2.94,5.56009375,5.56009375,0,0
TorchDynamo Cache Lookup,,,39.04,39.04,0,0,0,0
Torch-Compiled Region: 0/0,,,113.36,206.74,0,38.64078125,0,0
aten::_assert_scalar,,,3.05,3.05,0,0,0,0
aten::_assert_scalar,,,0.99,0.99,0,0,0,0
aten::_assert_scalar,,,0.77,0.77,0,0,0,0
aten::ge,,,18.43,49.39,0,7.9001875,0,0
empty_tensor,,,10.98,10.98,0,0,0,0
aclnnGeTensor,,,19.98,19.98,7.9001875,7.9001875,0,0
aten::sum,,,21.01,39.18,0,30.740593750000002,0,0
empty_tensor,,,7.73,7.73,0,0,0,0
aclnnReduceSum,,,10.44,10.44,30.740593750000002,30.740593750000002,0,0
aten::cat,,,20.04,40.13,0,2.6400625,0,0
empty_tensor,,,8.14,8.14,0,0,0,0
aclnnCat,,,11.95,11.95,2.6400625,2.6400625,0,0
aten::cat,,,12.14,29.72,0,1.9600625,0,0
empty_tensor,,,6.39,6.39,0,0,0,0
aclnnCat,,,11.19,11.19,1.9600625,1.9600625,0,0
aten::to,,,3.8,75.57,0,1.54,0,0
aten::_to_copy,,,6.76,71.77,0,1.54,0,0
aten::empty_strided,,,9.91,23.29,0,0,0,0
empty_tensor,,,13.38,13.38,0,0,0,0
aten::copy_,,,15.65,41.72,0,1.54,0,0
aclnnInplaceCopy,,,26.07,26.07,1.54,1.54,0,0
aten::to,,,1.91,55.25,0,1.32003125,0,0
aten::_to_copy,,,5.31,53.34,0,1.32003125,0,0
aten::empty_strided,,,6.89,11.24,0,0,0,0
empty_tensor,,,4.35,4.35,0,0,0,0
aten::copy_,,,15.74,36.79,0,1.32003125,0,0
aclnnInplaceCopy,,,21.05,21.05,1.32003125,1.32003125,0,0
aten::unsqueeze,,,3.55,8.3,0,0,0,0
aten::as_strided,,,4.75,4.75,0,0,0,0
Event::record,,,160.69,194.04,0,0.02,0,0
record_event,,,33.35,33.35,0.02,0.02,0,0
aten::slice,,,5.46,12.82,0,0,0,0
aten::as_strided,,,7.36,7.36,0,0,0,0
Event::wait,,,80.02,101.68,0,1971.49940625,0,0
wait_event,,,21.66,21.66,1971.49940625,1971.49940625,0,0
Event::record,,,90.7,110.99,0,0.02,0,0
record_event,,,20.29,20.29,0.02,0.02,0,0
Event::wait,,,63.51,82.68,0,1574.79146875,0,0
wait_event,,,19.17,19.17,1574.79146875,1574.79146875,0,0
destroy_event,,,9.93,9.93,0,0,0,0
aten::to,,,3.65,101.38,0,2.02003125,0,0
aten::_to_copy,,,8.34,97.73,0,2.02003125,0,0
aten::empty_strided,,,57.29,57.29,0,0,0,0
aten::copy_,,,22.7,32.1,0,2.02003125,0,0
acl_memcpy_device_to_host,,,9.4,9.4,2.02003125,2.02003125,0,0
aten::to,,,2.66,41.99,0,1.90003125,0,0
aten::_to_copy,,,5.12,39.33,0,1.90003125,0,0
aten::empty_strided,,,4.1,4.1,0,0,0,0
aten::copy_,,,14.76,30.11,0,1.90003125,0,0
acl_memcpy_device_to_host,,,15.35,15.35,1.90003125,1.90003125,0,0
aten::to,,,2.06,30.76,0,2.0000625,0,0
aten::_to_copy,,,4.52,28.7,0,2.0000625,0,0
aten::empty_strided,,,3.38,3.38,0,0,0,0
aten::copy_,,,10.8,20.8,0,2.0000625,0,0
acl_memcpy_device_to_host,,,10.0,10.0,2.0000625,2.0000625,0,0
aten::to,,,1.42,27.44,0,1.98003125,0,0
aten::_to_copy,,,4.01,26.02,0,1.98003125,0,0
aten::empty_strided,,,3.27,3.27,0,0,0,0
aten::copy_,,,10.04,18.74,0,1.98003125,0,0
acl_memcpy_device_to_host,,,8.7,8.7,1.98003125,1.98003125,0,0
Event::record,,,171.62,188.7,0,0.02,0,0
record_event,,,17.08,17.08,0.02,0.02,0,0
Event::synchronize,,,84.08,84.08,0,0,0,0
aten::resolve_conj,,,1.78,1.78,0,0,0,0
aten::resolve_neg,,,0.86,0.86,0,0,0,0
aten::to,,,3.84,3.84,0,0,0,0
aten::detach,,,3.92,3.92,0,0,0,0
aten::to,,,0.67,0.67,0,0,0,0
aten::resolve_conj,,,0.35,0.35,0,0,0,0
aten::resolve_neg,,,0.31,0.31,0,0,0,0
aten::to,,,1.48,1.48,0,0,0,0
aten::detach,,,1.49,1.49,0,0,0,0
aten::to,,,0.57,0.57,0,0,0,0
aten::resolve_conj,,,0.75,0.75,0,0,0,0
aten::resolve_neg,,,0.22,0.22,0,0,0,0
aten::to,,,1.32,1.32,0,0,0,0
aten::detach,,,1.26,1.26,0,0,0,0
aten::to,,,0.58,0.58,0,0,0,0
aten::resolve_conj,,,0.4,0.4,0,0,0,0
aten::resolve_neg,,,0.3,0.3,0,0,0,0
destroy_event,,,23.44,23.44,0,0,0,0
record_event,,,6.56,6.56,0.0,0.0,0,0
Event::synchronize,,,177.02,177.02,0,0,0,0
aten::slice,,,12.82,17.27,0,0,0,0
aten::as_strided,,,4.45,4.45,0,0,0,0
aten::slice,,,3.64,11.2,0,0,0,0
aten::as_strided,,,7.56,7.56,0,0,0,0
aten::pin_memory,,,5.44,21.26,0,0,0,0
aten::is_pinned,,,15.82,15.82,0,0,0,0
aten::copy_,,,18.04,34.49,0,2.2200625,0,0
acl_memcpy_host_to_device,,,16.45,16.45,2.2200625,2.2200625,0,0
aten::slice,,,5.99,8.16,0,0,0,0
aten::as_strided,,,2.17,2.17,0,0,0,0
aten::slice,,,2.74,8.15,0,0,0,0
aten::as_strided,,,5.41,5.41,0,0,0,0
aten::pin_memory,,,133.19,142.28,0,0,0,0
aten::is_pinned,,,9.09,9.09,0,0,0,0
aten::copy_,,,18.34,36.07,0,2.2800625,0,0
acl_memcpy_host_to_device,,,17.73,17.73,2.2800625,2.2800625,0,0
aten::slice,,,6.29,8.49,0,0,0,0
aten::as_strided,,,2.2,2.2,0,0,0,0
aten::slice,,,3.08,7.5,0,0,0,0
aten::as_strided,,,4.42,4.42,0,0,0,0
aten::pin_memory,,,3.44,12.01,0,0,0,0
aten::is_pinned,,,8.57,8.57,0,0,0,0
aten::copy_,,,14.29,28.98,0,2.28003125,0,0
acl_memcpy_host_to_device,,,14.69,14.69,2.28003125,2.28003125,0,0
aten::slice,,,6.4,9.13,0,0,0,0
aten::as_strided,,,2.73,2.73,0,0,0,0
aten::slice,,,3.09,7.28,0,0,0,0
aten::as_strided,,,4.19,4.19,0,0,0,0
aten::pin_memory,,,3.23,10.48,0,0,0,0
aten::is_pinned,,,7.25,7.25,0,0,0,0
aten::copy_,,,13.38,34.69,0,2.38003125,0,0
acl_memcpy_host_to_device,,,21.31,21.31,2.38003125,2.38003125,0,0
aten::slice,,,5.89,7.99,0,0,0,0
aten::as_strided,,,2.1,2.1,0,0,0,0
aten::slice,,,2.86,7.41,0,0,0,0
aten::as_strided,,,4.55,4.55,0,0,0,0
aten::pin_memory,,,3.44,10.31,0,0,0,0
aten::is_pinned,,,6.87,6.87,0,0,0,0
aten::copy_,,,13.72,30.09,0,2.32003125,0,0
acl_memcpy_host_to_device,,,16.37,16.37,2.32003125,2.32003125,0,0
aten::slice,,,9.14,12.36,0,0,0,0
aten::as_strided,,,3.22,3.22,0,0,0,0
aten::slice,,,8.55,15.44,0,0,0,0
aten::as_strided,,,6.89,6.89,0,0,0,0
aten::pin_memory,,,4.35,17.47,0,0,0,0
aten::is_pinned,,,13.12,13.12,0,0,0,0
aten::copy_,,,17.03,38.02,0,2.1800625,0,0
acl_memcpy_host_to_device,,,20.99,20.99,2.1800625,2.1800625,0,0
aten::slice,,,5.36,9.78,0,0,0,0
aten::as_strided,,,4.42,4.42,0,0,0,0
aten::lift_fresh,,,1.41,1.41,0,0,0,0
aten::lift_fresh,,,1.0,1.0,0,0,0,0
aten::flatten,,,3.73,11.16,0,0,0,0
aten::view,,,7.43,7.43,0,0,0,0
aten::slice,,,3.94,5.62,0,0,0,0
aten::as_strided,,,1.68,1.68,0,0,0,0
aten::index_select,,,7.68,7.68,0,0,0,0
aten::pin_memory,,,4.23,16.34,0,0,0,0
aten::is_pinned,,,12.11,12.11,0,0,0,0
aten::copy_,,,16.07,39.95,0,2.2200625,0,0
acl_memcpy_host_to_device,,,23.88,23.88,2.2200625,2.2200625,0,0
aten::pin_memory,,,4.53,12.28,0,0,0,0
aten::is_pinned,,,7.75,7.75,0,0,0,0
aten::copy_,,,12.77,27.73,0,2.1600625,0,0
acl_memcpy_host_to_device,,,14.96,14.96,2.1600625,2.1600625,0,0
aten::slice,,,6.16,8.86,0,0,0,0
aten::as_strided,,,2.7,2.7,0,0,0,0
aten::lift_fresh,,,1.06,1.06,0,0,0,0
aten::slice,,,3.56,4.7,0,0,0,0
aten::as_strided,,,1.14,1.14,0,0,0,0
aten::add,,,16.29,16.29,0,0,0,0
aten::slice,,,3.92,5.06,0,0,0,0
aten::as_strided,,,1.14,1.14,0,0,0,0
aten::fill_,,,5.63,5.63,0,0,0,0
aten::slice,,,3.68,8.61,0,0,0,0
aten::as_strided,,,4.93,4.93,0,0,0,0
aten::fill_,,,21.59,37.35,0,1.56003125,0,0
aclnnInplaceFillScalar,,,15.76,15.76,1.56003125,1.56003125,0,0
aten::slice,,,6.02,11.89,0,0,0,0
aten::as_strided,,,5.87,5.87,0,0,0,0
aten::select,,,4.64,7.45,0,0,0,0
aten::as_strided,,,2.81,2.81,0,0,0,0
aten::copy_,,,70.06,88.04,0,0.62,0,0
aclnnInplaceCopy,,,17.98,17.98,0.62,0.62,0,0
aten::slice,,,7.52,10.32,0,0,0,0
aten::as_strided,,,2.8,2.8,0,0,0,0
aten::detach,,,3.11,3.11,0,0,0,0
aten::to,,,1.81,1.81,0,0,0,0
aten::resolve_conj,,,1.05,1.05,0,0,0,0
aten::resolve_neg,,,0.62,0.62,0,0,0,0
aten::slice,,,5.4,7.24,0,0,0,0
aten::as_strided,,,1.84,1.84,0,0,0,0
aten::slice,,,3.33,9.22,0,0,0,0
aten::as_strided,,,5.89,5.89,0,0,0,0
aten::pin_memory,,,4.05,17.28,0,0,0,0
aten::is_pinned,,,13.23,13.23,0,0,0,0
aten::copy_,,,4.01,4.01,0,0,0,0
aten::slice,,,5.25,7.06,0,0,0,0
aten::as_strided,,,1.81,1.81,0,0,0,0
aten::slice,,,3.07,6.39,0,0,0,0
aten::as_strided,,,3.32,3.32,0,0,0,0
aten::pin_memory,,,3.56,11.79,0,0,0,0
aten::is_pinned,,,8.23,8.23,0,0,0,0
aten::copy_,,,14.89,32.5,0,2.1800625,0,0
acl_memcpy_host_to_device,,,17.61,17.61,2.1800625,2.1800625,0,0
aten::fill_,,,19.42,34.08,0,1.36,0,0
aclnnInplaceFillScalar,,,14.66,14.66,1.36,1.36,0,0
aten::slice,,,5.55,9.97,0,0,0,0
aten::as_strided,,,4.42,4.42,0,0,0,0
aten::slice,,,3.25,4.67,0,0,0,0
aten::as_strided,,,1.42,1.42,0,0,0,0
aten::copy_,,,15.91,19.21,0,2.20003125,0,0
acl_memcpy_host_to_device,,,3.3,3.3,2.20003125,2.20003125,0,0
aten::slice,,,5.14,7.06,0,0,0,0
aten::as_strided,,,1.92,1.92,0,0,0,0
aten::slice,,,3.16,6.49,0,0,0,0
aten::as_strided,,,3.33,3.33,0,0,0,0
aten::pin_memory,,,3.66,12.0,0,0,0,0
aten::is_pinned,,,8.34,8.34,0,0,0,0
aten::copy_,,,12.84,30.35,0,2.1800625,0,0
acl_memcpy_host_to_device,,,17.51,17.51,2.1800625,2.1800625,0,0
aten::slice,,,4.81,8.92,0,0,0,0
aten::as_strided,,,4.11,4.11,0,0,0,0
aten::slice,,,2.95,4.55,0,0,0,0
aten::as_strided,,,1.6,1.6,0,0,0,0
aten::slice,,,2.94,6.1,0,0,0,0
aten::as_strided,,,3.16,3.16,0,0,0,0
aten::pin_memory,,,3.34,10.74,0,0,0,0
aten::is_pinned,,,7.4,7.4,0,0,0,0
aten::copy_,,,12.5,25.86,0,2.16003125,0,0
acl_memcpy_host_to_device,,,13.36,13.36,2.16003125,2.16003125,0,0
aten::slice,,,5.13,6.97,0,0,0,0
aten::as_strided,,,1.84,1.84,0,0,0,0
aten::slice,,,3.12,7.11,0,0,0,0
aten::as_strided,,,3.99,3.99,0,0,0,0
aten::pin_memory,,,3.42,10.85,0,0,0,0
aten::is_pinned,,,7.43,7.43,0,0,0,0
aten::copy_,,,12.34,24.99,0,2.4800625,0,0
acl_memcpy_host_to_device,,,12.65,12.65,2.4800625,2.4800625,0,0
aten::slice,,,5.36,9.01,0,0,0,0
aten::as_strided,,,3.65,3.65,0,0,0,0
aten::index,,,35.33,67.01,0,10.26021875,0,0
empty_tensor,,,8.02,8.02,0,0,0,0
empty_tensor,,,9.48,9.48,0,0,0,0
aclnnIndex,,,14.18,14.18,10.26021875,10.26021875,0,0
aten::to,,,2.61,112.62,0,1.16,0,0
aten::_to_copy,,,6.4,110.01,0,1.16,0,0
aten::empty_strided,,,64.22,70.97,0,0,0,0
empty_tensor,,,6.75,6.75,0,0,0,0
aten::copy_,,,18.14,32.64,0,1.16,0,0
aclnnInplaceCopy,,,14.5,14.5,1.16,1.16,0,0
aten::slice,,,7.66,12.49,0,0,0,0
aten::as_strided,,,4.83,4.83,0,0,0,0
aten::add,,,20.76,41.26,0,2.5200625,0,0
empty_tensor,,,7.12,7.12,0,0,0,0
aclnnAdd,,,13.38,13.38,2.5200625,2.5200625,0,0
aten::slice,,,5.99,10.56,0,0,0,0
aten::as_strided,,,4.57,4.57,0,0,0,0
aten::copy_,,,51.68,68.09,0,0.58003125,0,0
aclnnInplaceCopy,,,16.41,16.41,0.58003125,0.58003125,0,0
aten::slice,,,7.51,11.74,0,0,0,0
aten::as_strided,,,4.23,4.23,0,0,0,0
aten::add,,,18.87,38.06,0,1.50003125,0,0
empty_tensor,,,8.41,8.41,0,0,0,0
aclnnAdd,,,10.78,10.78,1.50003125,1.50003125,0,0
aten::slice,,,5.79,9.69,0,0,0,0
aten::as_strided,,,3.9,3.9,0,0,0,0
aten::copy_,,,43.5,58.71,0,0.60003125,0,0
aclnnInplaceCopy,,,15.21,15.21,0.60003125,0.60003125,0,0
aten::slice,,,6.17,10.13,0,0,0,0
aten::as_strided,,,3.96,3.96,0,0,0,0
aten::fill_,,,13.2,24.61,0,1.32003125,0,0
aclnnInplaceFillScalar,,,11.41,11.41,1.32003125,1.32003125,0,0
aten::slice,,,5.88,9.81,0,0,0,0
aten::as_strided,,,3.93,3.93,0,0,0,0
aten::slice,,,3.25,6.53,0,0,0,0
aten::as_strided,,,3.28,3.28,0,0,0,0
_compute_slot_mapping_fused_groups_kernel,,,29.75,29.75,22.24046875,22.24046875,0,0
aten::slice,,,10.37,18.2,0,0,0,0
aten::as_strided,,,7.83,7.83,0,0,0,0
aten::sub,,,27.84,59.11,0,1.60003125,0,0
empty_tensor,,,11.22,11.22,0,0,0,0
aten::item,,,2.72,4.45,0,0,0,0
aten::_local_scalar_dense,,,1.73,1.73,0,0,0,0
aclnnSubs,,,15.6,15.6,1.60003125,1.60003125,0,0
aten::pin_memory,,,8.44,24.7,0,0,0,0
aten::is_pinned,,,16.26,16.26,0,0,0,0
aten::copy_,,,20.05,40.98,0,2.24003125,0,0
acl_memcpy_host_to_device,,,20.93,20.93,2.24003125,2.24003125,0,0
aten::detach,,,4.93,4.93,0,0,0,0
aten::to,,,2.23,2.23,0,0,0,0
aten::resolve_conj,,,1.06,1.06,0,0,0,0
aten::resolve_neg,,,0.65,0.65,0,0,0,0
aten::slice,,,8.99,16.81,0,0,0,0
aten::as_strided,,,7.82,7.82,0,0,0,0
aten::slice,,,3.18,6.68,0,0,0,0
aten::as_strided,,,3.5,3.5,0,0,0,0
aten::slice,,,3.3,6.05,0,0,0,0
aten::as_strided,,,2.75,2.75,0,0,0,0
aten::fill_,,,18.86,36.69,0,0,0,0
aclnnInplaceFillScalar,,,17.83,17.83,0,0,0,0
aten::slice,,,4.51,8.3,0,0,0,0
aten::as_strided,,,3.79,3.79,0,0,0,0
aten::fill_,,,12.07,24.1,0,0,0,0
aclnnInplaceFillScalar,,,12.03,12.03,0,0,0,0
aten::slice,,,4.9,7.74,0,0,0,0
aten::as_strided,,,2.84,2.84,0,0,0,0
aten::slice,,,2.98,3.87,0,0,0,0
aten::as_strided,,,0.89,0.89,0,0,0,0
aten::lt,,,14.77,14.77,0,0,0,0
aten::lift_fresh,,,1.19,1.19,0,0,0,0
aten::slice,,,1.83,3.1,0,0,0,0
aten::as_strided,,,1.27,1.27,0,0,0,0
aten::fill_,,,2.87,10.68,0,0,0,0
aten::copy_,,,7.81,7.81,0,0,0,0
aten::slice,,,3.73,5.56,0,0,0,0
aten::as_strided,,,1.83,1.83,0,0,0,0
aten::slice,,,3.2,7.37,0,0,0,0
aten::as_strided,,,4.17,4.17,0,0,0,0
aten::slice,,,2.87,4.49,0,0,0,0
aten::as_strided,,,1.62,1.62,0,0,0,0
aten::slice,,,3.14,5.79,0,0,0,0
aten::as_strided,,,2.65,2.65,0,0,0,0
aten::slice,,,2.27,3.17,0,0,0,0
aten::as_strided,,,0.9,0.9,0,0,0,0
aten::slice,,,2.25,3.74,0,0,0,0
aten::as_strided,,,1.49,1.49,0,0,0,0
aten::slice,,,3.77,6.61,0,0,0,0
aten::as_strided,,,2.84,2.84,0,0,0,0
aten::slice,,,2.71,4.95,0,0,0,0
aten::as_strided,,,2.24,2.24,0,0,0,0
aten::slice,,,2.42,4.5,0,0,0,0
aten::as_strided,,,2.08,2.08,0,0,0,0
aten::slice,,,6.63,13.25,0,0,0,0
aten::as_strided,,,6.62,6.62,0,0,0,0
aten::slice,,,4.21,17.32,0,0,0,0
aten::as_strided,,,13.11,13.11,0,0,0,0
aten::slice,,,5.91,8.97,0,0,0,0
aten::as_strided,,,3.06,3.06,0,0,0,0
aten::to,,,1.6,1.6,0,0,0,0
aten::slice,,,2.98,5.83,0,0,0,0
aten::as_strided,,,2.85,2.85,0,0,0,0
aten::slice,,,2.65,6.6,0,0,0,0
aten::as_strided,,,3.95,3.95,0,0,0,0
aten::slice,,,2.49,4.01,0,0,0,0
aten::as_strided,,,1.52,1.52,0,0,0,0
aten::slice,,,3.26,7.26,0,0,0,0
aten::as_strided,,,4.0,4.0,0,0,0,0
aten::slice,,,2.47,6.64,0,0,0,0
aten::as_strided,,,4.17,4.17,0,0,0,0
aten::alias,,,17.23,17.23,0,0,0,0
aten::div,,,50.39,76.02,0,5.82015625,0,0
aten::item,,,2.2,3.68,0,0,0,0
aten::_local_scalar_dense,,,1.48,1.48,0,0,0,0
aclnnDivMods,,,21.95,21.95,5.82015625,5.82015625,0,0
aten::slice,,,3.74,9.04,0,0,0,0
aten::as_strided,,,5.3,5.3,0,0,0,0
aten::slice,,,4.43,6.72,0,0,0,0
aten::as_strided,,,2.29,2.29,0,0,0,0
aten::copy_,,,70.58,89.39,0,0.58,0,0
aclnnInplaceCopy,,,18.81,18.81,0.58,0.58,0,0
aten::slice,,,3.21,7.07,0,0,0,0
aten::as_strided,,,3.86,3.86,0,0,0,0
aten::slice,,,4.9,7.9,0,0,0,0
aten::as_strided,,,3.0,3.0,0,0,0,0
aten::ge,,,22.04,49.72,0,4.32009375,0,0
empty_tensor,,,12.74,12.74,0,0,0,0
aclnnGeScalar,,,14.94,14.94,4.32009375,4.32009375,0,0
aten::add,,,21.91,46.64,0,2.1200625,0,0
empty_tensor,,,7.66,7.66,0,0,0,0
aten::item,,,2.08,3.37,0,0,0,0
aten::_local_scalar_dense,,,1.29,1.29,0,0,0,0
aclnnAdds,,,13.7,13.7,2.1200625,2.1200625,0,0
aten::remainder,,,25.06,47.74,0,3.4800625,0,0
empty_tensor,,,8.18,8.18,0,0,0,0
aclnnRemainderTensorScalar,,,14.5,14.5,3.4800625,3.4800625,0,0
aten::eq,,,12.36,30.59,0,2.48003125,0,0
empty_tensor,,,6.23,6.23,0,0,0,0
aclnnEqScalar,,,12.0,12.0,2.48003125,2.48003125,0,0
aten::__and__,,,2.82,37.55,0,1.48003125,0,0
aten::bitwise_and,,,16.77,34.73,0,1.48003125,0,0
empty_tensor,,,5.57,5.57,0,0,0,0
aclnnBitwiseAndTensor,,,12.39,12.39,1.48003125,1.48003125,0,0
aten::clamp_min,,,13.2,33.41,0,1.64003125,0,0
empty_tensor,,,6.53,6.53,0,0,0,0
aclnnClampMin,,,13.68,13.68,1.64003125,1.64003125,0,0
aten::div,,,22.48,42.57,0,5.140124999999999,0,0
empty_tensor,,,6.94,6.94,0,0,0,0
aten::item,,,1.91,3.26,0,0,0,0
aten::_local_scalar_dense,,,1.35,1.35,0,0,0,0
aclnnDivMods,,,9.89,9.89,5.140124999999999,5.140124999999999,0,0
aten::remainder,,,18.67,27.84,0,4.52003125,0,0
empty_tensor,,,5.91,5.91,0,0,0,0
aclnnRemainderTensorScalar,,,3.26,3.26,4.52003125,4.52003125,0,0
aten::mul,,,16.84,35.85,0,1.6,0,0
empty_tensor,,,5.15,5.15,0,0,0,0
aten::item,,,1.39,2.21,0,0,0,0
aten::_local_scalar_dense,,,0.82,0.82,0,0,0,0
aclnnMuls,,,11.65,11.65,1.6,1.6,0,0
aten::div,,,20.94,39.52,0,4.46009375,0,0
empty_tensor,,,6.4,6.4,0,0,0,0
aten::item,,,1.35,1.96,0,0,0,0
aten::_local_scalar_dense,,,0.61,0.61,0,0,0,0
aclnnDivMods,,,10.22,10.22,4.46009375,4.46009375,0,0
aten::add,,,14.37,24.84,0,1.26003125,0,0
empty_tensor,,,5.6,5.6,0,0,0,0
aclnnAdd,,,4.87,4.87,1.26003125,1.26003125,0,0
aten::full_like,,,4.97,43.87,0,1.62,0,0
aten::empty_like,,,6.54,17.53,0,0,0,0
aten::empty_strided,,,7.02,10.99,0,0,0,0
empty_tensor,,,3.97,3.97,0,0,0,0
aten::fill_,,,9.86,21.37,0,1.62,0,0
aclnnInplaceFillScalar,,,11.51,11.51,1.62,1.62,0,0
aten::where,,,13.94,29.96,0,1.88003125,0,0
empty_tensor,,,6.25,6.25,0,0,0,0
aclnnSWhere,,,9.77,9.77,1.88003125,1.88003125,0,0
aten::copy_,,,15.21,26.96,0,1.24003125,0,0
aclnnInplaceCopy,,,11.75,11.75,1.24003125,1.24003125,0,0
aten::slice,,,4.19,8.91,0,0,0,0
aten::as_strided,,,4.72,4.72,0,0,0,0
aten::slice,,,6.45,9.73,0,0,0,0
aten::as_strided,,,3.28,3.28,0,0,0,0
aten::div,,,25.75,41.08,0,4.62009375,0,0
aten::item,,,1.92,3.2,0,0,0,0
aten::_local_scalar_dense,,,1.28,1.28,0,0,0,0
aclnnDivMods,,,12.13,12.13,4.62009375,4.62009375,0,0
aten::slice,,,3.11,6.82,0,0,0,0
aten::as_strided,,,3.71,3.71,0,0,0,0
aten::slice,,,4.7,8.23,0,0,0,0
aten::as_strided,,,3.53,3.53,0,0,0,0
aten::slice,,,3.17,5.78,0,0,0,0
aten::as_strided,,,2.61,2.61,0,0,0,0
aten::copy_,,,56.58,74.35,0,0.60003125,0,0
aclnnInplaceCopy,,,17.77,17.77,0.60003125,0.60003125,0,0
aten::slice,,,3.3,7.08,0,0,0,0
aten::as_strided,,,3.78,3.78,0,0,0,0
aten::slice,,,5.08,7.62,0,0,0,0
aten::as_strided,,,2.54,2.54,0,0,0,0
aten::copy_,,,45.78,59.19,0,0.62003125,0,0
aclnnInplaceCopy,,,13.41,13.41,0.62003125,0.62003125,0,0
aten::slice,,,6.1,8.82,0,0,0,0
aten::as_strided,,,2.72,2.72,0,0,0,0
aten::div,,,13.97,33.34,0,0,0,0
aten::to,,,1.96,19.37,0,0,0,0
aten::_to_copy,,,5.44,17.41,0,0,0,0
aten::empty_strided,,,3.47,3.47,0,0,0,0
aten::copy_,,,8.5,8.5,0,0,0,0
aten::slice,,,5.17,10.71,0,0,0,0
aten::as_strided,,,5.54,5.54,0,0,0,0
aten::slice,,,5.53,10.89,0,0,0,0
aten::as_strided,,,5.36,5.36,0,0,0,0
aten::slice,,,3.2,6.99,0,0,0,0
aten::as_strided,,,3.79,3.79,0,0,0,0
aten::slice,,,2.81,5.66,0,0,0,0
aten::as_strided,,,2.85,2.85,0,0,0,0
aten::fill_,,,17.69,38.38,0,0,0,0
aclnnInplaceFillScalar,,,20.69,20.69,0,0,0,0
aten::slice,,,4.71,8.9,0,0,0,0
aten::as_strided,,,4.19,4.19,0,0,0,0
aten::fill_,,,12.74,24.88,0,0,0,0
aclnnInplaceFillScalar,,,12.14,12.14,0,0,0,0
aten::slice,,,5.26,9.81,0,0,0,0
aten::as_strided,,,4.55,4.55,0,0,0,0
aten::slice,,,3.03,5.92,0,0,0,0
aten::as_strided,,,2.89,2.89,0,0,0,0
aten::slice,,,5.32,7.82,0,0,0,0
aten::as_strided,,,2.5,2.5,0,0,0,0
aten::slice,,,3.28,7.42,0,0,0,0
aten::as_strided,,,4.14,4.14,0,0,0,0
aten::slice,,,3.46,6.66,0,0,0,0
aten::as_strided,,,3.2,3.2,0,0,0,0
aten::slice,,,2.68,5.27,0,0,0,0
aten::as_strided,,,2.59,2.59,0,0,0,0
aten::slice,,,2.7,4.97,0,0,0,0
aten::as_strided,,,2.27,2.27,0,0,0,0
aten::fill_,,,15.24,34.07,0,0,0,0
aclnnInplaceFillScalar,,,18.83,18.83,0,0,0,0
aten::slice,,,4.74,8.69,0,0,0,0
aten::as_strided,,,3.95,3.95,0,0,0,0
aten::fill_,,,12.8,28.67,0,0,0,0
aclnnInplaceFillScalar,,,15.87,15.87,0,0,0,0
aten::diff,,,8.6,52.78,0,0,0,0
aten::narrow,,,6.56,11.54,0,0,0,0
aten::slice,,,2.77,4.98,0,0,0,0
aten::as_strided,,,2.21,2.21,0,0,0,0
aten::narrow,,,1.91,4.04,0,0,0,0
aten::slice,,,1.02,2.13,0,0,0,0
aten::as_strided,,,1.11,1.11,0,0,0,0
aten::sub,,,28.6,28.6,0,0,0,0
aten::eq,,,14.24,28.82,0,0,0,0
aten::to,,,1.69,14.58,0,0,0,0
aten::_to_copy,,,4.75,12.89,0,0,0,0
aten::empty_strided,,,2.78,2.78,0,0,0,0
aten::copy_,,,5.36,5.36,0,0,0,0
aten::__and__,,,2.13,7.11,0,0,0,0
aten::bitwise_and,,,4.98,4.98,0,0,0,0
aten::gt,,,8.24,17.94,0,0,0,0
aten::to,,,1.08,9.7,0,0,0,0
aten::_to_copy,,,2.73,8.62,0,0,0,0
aten::empty_strided,,,3.09,3.09,0,0,0,0
aten::copy_,,,2.8,2.8,0,0,0,0
aten::__and__,,,1.41,4.5,0,0,0,0
aten::bitwise_and,,,3.09,3.09,0,0,0,0
aten::any,,,6.99,15.06,0,0,0,0
aten::view_as,,,2.22,4.51,0,0,0,0
aten::view,,,2.29,2.29,0,0,0,0
aten::to,,,0.38,0.38,0,0,0,0
aten::copy_,,,3.18,3.18,0,0,0,0
aten::item,,,1.67,3.22,0,0,0,0
aten::_local_scalar_dense,,,1.55,1.55,0,0,0,0
aten::slice,,,4.85,6.46,0,0,0,0
aten::as_strided,,,1.61,1.61,0,0,0,0
aten::slice,,,2.66,3.41,0,0,0,0
aten::as_strided,,,0.75,0.75,0,0,0,0
aten::sub,,,5.44,5.44,0,0,0,0
aten::select,,,3.55,4.9,0,0,0,0
aten::as_strided,,,1.35,1.35,0,0,0,0
aten::item,,,1.08,2.47,0,0,0,0
aten::_local_scalar_dense,,,1.39,1.39,0,0,0,0
aten::gt,,,7.24,15.71,0,0,0,0
aten::to,,,1.21,8.47,0,0,0,0
aten::_to_copy,,,2.32,7.26,0,0,0,0
aten::empty_strided,,,1.92,1.92,0,0,0,0
aten::copy_,,,3.02,3.02,0,0,0,0
aten::__ior__,,,2.22,7.41,0,0,0,0
aten::bitwise_or_,,,5.19,5.19,0,0,0,0
aten::any,,,5.32,11.82,0,0,0,0
aten::view_as,,,1.58,3.16,0,0,0,0
aten::view,,,1.58,1.58,0,0,0,0
aten::to,,,0.45,0.45,0,0,0,0
aten::copy_,,,2.89,2.89,0,0,0,0
aten::is_nonzero,,,1.82,4.06,0,0,0,0
aten::item,,,1.24,2.24,0,0,0,0
aten::_local_scalar_dense,,,1.0,1.0,0,0,0,0
aten::select,,,5.09,11.64,0,0,0,0
aten::as_strided,,,6.55,6.55,0,0,0,0
aten::slice,,,5.26,9.56,0,0,0,0
aten::as_strided,,,4.3,4.3,0,0,0,0
aten::slice,,,2.57,5.0,0,0,0,0
aten::as_strided,,,2.43,2.43,0,0,0,0
aten::slice,,,2.32,4.78,0,0,0,0
aten::as_strided,,,2.46,2.46,0,0,0,0
aten::copy_,,,62.09,85.27,0,0.6,0,0
aclnnInplaceCopy,,,23.18,23.18,0.6,0.6,0,0
aten::slice,,,5.99,9.84,0,0,0,0
aten::as_strided,,,3.85,3.85,0,0,0,0
aten::fill_,,,14.73,27.65,0,0,0,0
aclnnInplaceFillScalar,,,12.92,12.92,0,0,0,0
aten::slice,,,5.99,9.8,0,0,0,0
aten::as_strided,,,3.81,3.81,0,0,0,0
aten::slice,,,3.3,6.62,0,0,0,0
aten::as_strided,,,3.32,3.32,0,0,0,0
aten::slice,,,3.2,5.73,0,0,0,0
aten::as_strided,,,2.53,2.53,0,0,0,0
aten::copy_,,,52.08,66.17,0,0.64003125,0,0
aclnnInplaceCopy,,,14.09,14.09,0.64003125,0.64003125,0,0
aten::slice,,,5.89,9.82,0,0,0,0
aten::as_strided,,,3.93,3.93,0,0,0,0
aten::slice,,,3.7,7.21,0,0,0,0
aten::as_strided,,,3.51,3.51,0,0,0,0
aten::slice,,,3.74,7.65,0,0,0,0
aten::as_strided,,,3.91,3.91,0,0,0,0
aten::slice,,,2.71,5.12,0,0,0,0
aten::as_strided,,,2.41,2.41,0,0,0,0
aten::slice,,,2.69,5.23,0,0,0,0
aten::as_strided,,,2.54,2.54,0,0,0,0
aten::copy_,,,46.07,61.31,0,0.66,0,0
aclnnInplaceCopy,,,15.24,15.24,0.66,0.66,0,0
aten::slice,,,5.52,9.41,0,0,0,0
aten::as_strided,,,3.89,3.89,0,0,0,0
aten::slice,,,2.85,5.43,0,0,0,0
aten::as_strided,,,2.58,2.58,0,0,0,0
aten::slice,,,2.56,4.8,0,0,0,0
aten::as_strided,,,2.24,2.24,0,0,0,0
aten::sub,,,18.5,30.14,0,1.38003125,0,0
aclnnSub,,,11.64,11.64,1.38003125,1.38003125,0,0
aten::slice,,,7.37,10.54,0,0,0,0
aten::as_strided,,,3.17,3.17,0,0,0,0
aten::slice,,,3.48,7.71,0,0,0,0
aten::as_strided,,,4.23,4.23,0,0,0,0
aten::slice,,,3.44,6.32,0,0,0,0
aten::as_strided,,,2.88,2.88,0,0,0,0
aten::slice,,,2.99,5.6,0,0,0,0
aten::as_strided,,,2.61,2.61,0,0,0,0
aten::slice,,,2.45,4.96,0,0,0,0
aten::as_strided,,,2.51,2.51,0,0,0,0
aten::fill_,,,14.91,29.28,0,0,0,0
aclnnInplaceFillScalar,,,14.37,14.37,0,0,0,0
aten::slice,,,5.52,9.41,0,0,0,0
aten::as_strided,,,3.89,3.89,0,0,0,0
aten::fill_,,,12.0,23.42,0,0,0,0
aclnnInplaceFillScalar,,,11.42,11.42,0,0,0,0
aten::diff,,,6.66,33.4,0,0,0,0
aten::narrow,,,5.7,10.92,0,0,0,0
aten::slice,,,2.61,5.22,0,0,0,0
aten::as_strided,,,2.61,2.61,0,0,0,0
aten::narrow,,,1.91,4.02,0,0,0,0
aten::slice,,,1.24,2.11,0,0,0,0
aten::as_strided,,,0.87,0.87,0,0,0,0
aten::sub,,,11.8,11.8,0,0,0,0
aten::eq,,,12.72,27.53,0,0,0,0
aten::to,,,1.43,14.81,0,0,0,0
aten::_to_copy,,,4.63,13.38,0,0,0,0
aten::empty_strided,,,2.9,2.9,0,0,0,0
aten::copy_,,,5.85,5.85,0,0,0,0
aten::__and__,,,2.31,7.32,0,0,0,0
aten::bitwise_and,,,5.01,5.01,0,0,0,0
aten::gt,,,8.29,18.49,0,0,0,0
aten::to,,,1.01,10.2,0,0,0,0
aten::_to_copy,,,3.49,9.19,0,0,0,0
aten::empty_strided,,,2.44,2.44,0,0,0,0
aten::copy_,,,3.26,3.26,0,0,0,0
aten::__and__,,,1.43,4.6,0,0,0,0
aten::bitwise_and,,,3.17,3.17,0,0,0,0
aten::any,,,5.29,12.72,0,0,0,0
aten::view_as,,,1.83,3.79,0,0,0,0
aten::view,,,1.96,1.96,0,0,0,0
aten::to,,,0.7,0.7,0,0,0,0
aten::copy_,,,2.94,2.94,0,0,0,0
aten::item,,,1.93,3.21,0,0,0,0
aten::_local_scalar_dense,,,1.28,1.28,0,0,0,0
aten::slice,,,5.07,6.97,0,0,0,0
aten::as_strided,,,1.9,1.9,0,0,0,0
aten::slice,,,2.09,2.93,0,0,0,0
aten::as_strided,,,0.84,0.84,0,0,0,0
aten::sub,,,5.05,5.05,0,0,0,0
aten::select,,,3.03,4.46,0,0,0,0
aten::as_strided,,,1.43,1.43,0,0,0,0
aten::item,,,1.27,2.46,0,0,0,0
aten::_local_scalar_dense,,,1.19,1.19,0,0,0,0
aten::gt,,,7.22,16.25,0,0,0,0
aten::to,,,1.15,9.03,0,0,0,0
aten::_to_copy,,,3.09,7.88,0,0,0,0
aten::empty_strided,,,1.92,1.92,0,0,0,0
aten::copy_,,,2.87,2.87,0,0,0,0
aten::__ior__,,,1.92,5.93,0,0,0,0
aten::bitwise_or_,,,4.01,4.01,0,0,0,0
aten::any,,,5.16,11.08,0,0,0,0
aten::view_as,,,1.44,2.86,0,0,0,0
aten::view,,,1.42,1.42,0,0,0,0
aten::to,,,0.42,0.42,0,0,0,0
aten::copy_,,,2.64,2.64,0,0,0,0
aten::is_nonzero,,,1.39,4.04,0,0,0,0
aten::item,,,1.21,2.65,0,0,0,0
aten::_local_scalar_dense,,,1.44,1.44,0,0,0,0
aten::select,,,4.58,10.82,0,0,0,0
aten::as_strided,,,6.24,6.24,0,0,0,0
aten::slice,,,4.91,8.86,0,0,0,0
aten::as_strided,,,3.95,3.95,0,0,0,0
aten::slice,,,2.76,5.24,0,0,0,0
aten::as_strided,,,2.48,2.48,0,0,0,0
aten::slice,,,2.41,4.51,0,0,0,0
aten::as_strided,,,2.1,2.1,0,0,0,0
aten::copy_,,,60.65,83.7,0,0.62,0,0
aclnnInplaceCopy,,,23.05,23.05,0.62,0.62,0,0
aten::slice,,,6.0,9.74,0,0,0,0
aten::as_strided,,,3.74,3.74,0,0,0,0
aten::fill_,,,14.3,37.16,0,0,0,0
aclnnInplaceFillScalar,,,22.86,22.86,0,0,0,0
aten::slice,,,5.47,9.24,0,0,0,0
aten::as_strided,,,3.77,3.77,0,0,0,0
aten::slice,,,2.8,7.96,0,0,0,0
aten::as_strided,,,5.16,5.16,0,0,0,0
aten::slice,,,17.17,19.54,0,0,0,0
aten::as_strided,,,2.37,2.37,0,0,0,0
aten::copy_,,,62.58,71.56,0,0.6,0,0
aclnnInplaceCopy,,,8.98,8.98,0.6,0.6,0,0
aten::slice,,,6.45,10.41,0,0,0,0
aten::as_strided,,,3.96,3.96,0,0,0,0
aten::slice,,,3.83,13.48,0,0,0,0
aten::as_strided,,,9.65,9.65,0,0,0,0
aten::slice,,,13.94,16.72,0,0,0,0
aten::as_strided,,,2.78,2.78,0,0,0,0
aten::slice,,,5.81,8.22,0,0,0,0
aten::as_strided,,,2.41,2.41,0,0,0,0
aten::slice,,,4.41,14.63,0,0,0,0
aten::as_strided,,,10.22,10.22,0,0,0,0
aten::copy_,,,55.59,74.34,0,0.64,0,0
aclnnInplaceCopy,,,18.75,18.75,0.64,0.64,0,0
aten::slice,,,8.14,12.59,0,0,0,0
aten::as_strided,,,4.45,4.45,0,0,0,0
aten::slice,,,2.69,4.95,0,0,0,0
aten::as_strided,,,2.26,2.26,0,0,0,0
aten::slice,,,2.24,4.49,0,0,0,0
aten::as_strided,,,2.25,2.25,0,0,0,0
aten::sub,,,18.45,33.02,0,1.28003125,0,0
aclnnSub,,,14.57,14.57,1.28003125,1.28003125,0,0
aten::slice,,,7.71,10.58,0,0,0,0
aten::as_strided,,,2.87,2.87,0,0,0,0
aten::slice,,,3.15,8.03,0,0,0,0
aten::as_strided,,,4.88,4.88,0,0,0,0
aten::slice,,,3.2,5.89,0,0,0,0
aten::as_strided,,,2.69,2.69,0,0,0,0
aten::slice,,,2.52,5.83,0,0,0,0
aten::as_strided,,,3.31,3.31,0,0,0,0
aten::slice,,,2.38,4.95,0,0,0,0
aten::as_strided,,,2.57,2.57,0,0,0,0
aten::fill_,,,15.91,29.97,0,0,0,0
aclnnInplaceFillScalar,,,14.06,14.06,0,0,0,0
aten::slice,,,5.0,8.7,0,0,0,0
aten::as_strided,,,3.7,3.7,0,0,0,0
aten::fill_,,,11.48,24.57,0,0,0,0
aclnnInplaceFillScalar,,,13.09,13.09,0,0,0,0
aten::diff,,,7.16,33.18,0,0,0,0
aten::narrow,,,5.71,9.96,0,0,0,0
aten::slice,,,1.92,4.25,0,0,0,0
aten::as_strided,,,2.33,2.33,0,0,0,0
aten::narrow,,,1.66,3.36,0,0,0,0
aten::slice,,,0.94,1.7,0,0,0,0
aten::as_strided,,,0.76,0.76,0,0,0,0
aten::sub,,,12.7,12.7,0,0,0,0
aten::eq,,,13.49,27.73,0,0,0,0
aten::to,,,1.53,14.24,0,0,0,0
aten::_to_copy,,,4.45,12.71,0,0,0,0
aten::empty_strided,,,2.95,2.95,0,0,0,0
aten::copy_,,,5.31,5.31,0,0,0,0
aten::__and__,,,2.18,6.22,0,0,0,0
aten::bitwise_and,,,4.04,4.04,0,0,0,0
aten::gt,,,7.76,15.09,0,0,0,0
aten::to,,,0.79,7.33,0,0,0,0
aten::_to_copy,,,2.45,6.54,0,0,0,0
aten::empty_strided,,,1.65,1.65,0,0,0,0
aten::copy_,,,2.44,2.44,0,0,0,0
aten::__and__,,,1.38,4.27,0,0,0,0
aten::bitwise_and,,,2.89,2.89,0,0,0,0
aten::any,,,5.58,12.39,0,0,0,0
aten::view_as,,,2.09,3.89,0,0,0,0
aten::view,,,1.8,1.8,0,0,0,0
aten::to,,,0.33,0.33,0,0,0,0
aten::copy_,,,2.59,2.59,0,0,0,0
aten::item,,,1.94,3.54,0,0,0,0
aten::_local_scalar_dense,,,1.6,1.6,0,0,0,0
aten::slice,,,4.54,6.68,0,0,0,0
aten::as_strided,,,2.14,2.14,0,0,0,0
aten::slice,,,2.36,3.24,0,0,0,0
aten::as_strided,,,0.88,0.88,0,0,0,0
aten::sub,,,5.06,5.06,0,0,0,0
aten::select,,,3.14,4.29,0,0,0,0
aten::as_strided,,,1.15,1.15,0,0,0,0
aten::item,,,1.22,2.29,0,0,0,0
aten::_local_scalar_dense,,,1.07,1.07,0,0,0,0
aten::gt,,,7.26,16.73,0,0,0,0
aten::to,,,1.48,9.47,0,0,0,0
aten::_to_copy,,,2.93,7.99,0,0,0,0
aten::empty_strided,,,2.05,2.05,0,0,0,0
aten::copy_,,,3.01,3.01,0,0,0,0
aten::__ior__,,,1.97,6.1,0,0,0,0
aten::bitwise_or_,,,4.13,4.13,0,0,0,0
aten::any,,,5.02,11.56,0,0,0,0
aten::view_as,,,1.67,3.06,0,0,0,0
aten::view,,,1.39,1.39,0,0,0,0
aten::to,,,0.61,0.61,0,0,0,0
aten::copy_,,,2.87,2.87,0,0,0,0
aten::is_nonzero,,,1.44,3.69,0,0,0,0
aten::item,,,1.03,2.25,0,0,0,0
aten::_local_scalar_dense,,,1.22,1.22,0,0,0,0
aten::select,,,4.85,11.14,0,0,0,0
aten::as_strided,,,6.29,6.29,0,0,0,0
aten::slice,,,4.64,8.66,0,0,0,0
aten::as_strided,,,4.02,4.02,0,0,0,0
aten::slice,,,2.8,5.53,0,0,0,0
aten::as_strided,,,2.73,2.73,0,0,0,0
aten::slice,,,2.58,4.95,0,0,0,0
aten::as_strided,,,2.37,2.37,0,0,0,0
aten::copy_,,,61.23,84.37,0,0.62003125,0,0
aclnnInplaceCopy,,,23.14,23.14,0.62003125,0.62003125,0,0
aten::slice,,,6.53,10.58,0,0,0,0
aten::as_strided,,,4.05,4.05,0,0,0,0
aten::fill_,,,14.52,29.3,0,0,0,0
aclnnInplaceFillScalar,,,14.78,14.78,0,0,0,0
aten::slice,,,5.56,9.48,0,0,0,0
aten::as_strided,,,3.92,3.92,0,0,0,0
aten::slice,,,3.08,6.16,0,0,0,0
aten::as_strided,,,3.08,3.08,0,0,0,0
aten::slice,,,3.19,5.79,0,0,0,0
aten::as_strided,,,2.6,2.6,0,0,0,0
aten::copy_,,,50.75,64.19,0,0.62,0,0
aclnnInplaceCopy,,,13.44,13.44,0.62,0.62,0,0
aten::slice,,,5.97,9.82,0,0,0,0
aten::as_strided,,,3.85,3.85,0,0,0,0
aten::slice,,,3.66,7.24,0,0,0,0
aten::as_strided,,,3.58,3.58,0,0,0,0
aten::slice,,,3.62,6.49,0,0,0,0
aten::as_strided,,,2.87,2.87,0,0,0,0
aten::slice,,,2.55,4.61,0,0,0,0
aten::as_strided,,,2.06,2.06,0,0,0,0
aten::slice,,,2.21,4.5,0,0,0,0
aten::as_strided,,,2.29,2.29,0,0,0,0
aten::copy_,,,45.07,58.98,0,0.6,0,0
aclnnInplaceCopy,,,13.91,13.91,0.6,0.6,0,0
aten::slice,,,4.95,8.39,0,0,0,0
aten::as_strided,,,3.44,3.44,0,0,0,0
aten::slice,,,2.71,5.7,0,0,0,0
aten::as_strided,,,2.99,2.99,0,0,0,0
aten::slice,,,2.53,5.11,0,0,0,0
aten::as_strided,,,2.58,2.58,0,0,0,0
aten::sub,,,17.93,38.36,0,1.44003125,0,0
aclnnSub,,,20.43,20.43,1.44003125,1.44003125,0,0
Event::record,,,169.5,193.54,0,0.02,0,0
record_event,,,24.04,24.04,0.02,0.02,0,0
aten::slice,,,9.38,16.22,0,0,0,0
aten::as_strided,,,6.84,6.84,0,0,0,0
aten::slice,,,3.68,7.08,0,0,0,0
aten::as_strided,,,3.4,3.4,0,0,0,0
aten::slice,,,7.06,13.58,0,0,0,0
aten::as_strided,,,6.52,6.52,0,0,0,0
aten::scalar_tensor,,,6.79,63.07,0,1.24003125,0,0
aten::empty,,,3.5,17.7,0,0,0,0
empty_tensor,,,14.2,14.2,0,0,0,0
aten::fill_,,,17.11,38.58,0,1.24003125,0,0
aclnnInplaceFillScalar,,,21.47,21.47,1.24003125,1.24003125,0,0
aten::view,,,4.73,4.73,0,0,0,0
aten::expand,,,2.8,5.29,0,0,0,0
aten::as_strided,,,2.49,2.49,0,0,0,0
aten::copy_,,,54.24,73.15,0,0.60003125,0,0
aclnnInplaceCopy,,,18.91,18.91,0.60003125,0.60003125,0,0
aten::scalar_tensor,,,5.42,31.84,0,1.4000625,0,0
aten::empty,,,2.7,11.73,0,0,0,0
empty_tensor,,,9.03,9.03,0,0,0,0
aten::fill_,,,11.11,14.69,0,1.4000625,0,0
aclnnInplaceFillScalar,,,3.58,3.58,1.4000625,1.4000625,0,0
aten::slice,,,7.46,12.41,0,0,0,0
aten::as_strided,,,4.95,4.95,0,0,0,0
aten::view,,,2.59,2.59,0,0,0,0
aten::expand,,,1.72,3.42,0,0,0,0
aten::as_strided,,,1.7,1.7,0,0,0,0
aten::copy_,,,2.27,2.27,0,0,0,0
aten::index,,,39.43,80.95,0,11.64025,0,0
empty_tensor,,,7.41,7.41,0,0,0,0
empty_tensor,,,9.78,9.78,0,0,0,0
aclnnIndex,,,24.33,24.33,11.64025,11.64025,0,0
aten::linear,,,6.37,70.35,0,903.37803125,0,903.37803125
aten::t,,,6.59,17.0,0,0,0,0
aten::transpose,,,3.96,10.41,0,0,0,0
aten::as_strided,,,6.45,6.45,0,0,0,0
aten::matmul,,,23.23,46.98,0,903.37803125,0,903.37803125
empty_tensor,,,9.22,9.22,0,0,0,0
aclnnMatmul,,,14.53,14.53,903.37803125,903.37803125,903.37803125,903.37803125
aten::alias,,,3.41,3.41,0,0,0,0
aten::log_softmax,,,8.56,116.7,0,51.60103125,0,0
aten::to,,,3.88,70.59,0,7.78015625,0,0
aten::_to_copy,,,7.96,66.71,0,7.78015625,0,0
aten::empty_strided,,,11.58,18.16,0,0,0,0
empty_tensor,,,6.58,6.58,0,0,0,0
aten::copy_,,,20.16,40.59,0,7.78015625,0,0
aclnnInplaceCopy,,,20.43,20.43,7.78015625,7.78015625,0,0
aten::_log_softmax,,,19.41,37.55,0,43.820875,0,0
empty_tensor,,,7.45,7.45,0,0,0,0
aclnnLogSoftmax,,,10.69,10.69,43.820875,43.820875,0,0
aten::to,,,2.19,47.34,0,2.8400625,0,0
aten::_to_copy,,,5.11,45.15,0,2.8400625,0,0
aten::empty_strided,,,7.7,13.38,0,0,0,0
empty_tensor,,,5.68,5.68,0,0,0,0
aten::copy_,,,14.91,26.66,0,2.8400625,0,0
aclnnInplaceCopy,,,11.75,11.75,2.8400625,2.8400625,0,0
aten::argmax,,,8.19,62.05,0,20.8204375,0,0
aten::empty,,,3.08,10.81,0,0,0,0
empty_tensor,,,7.73,7.73,0,0,0,0
aten::argmax,,,23.3,43.05,0,20.8204375,0,0
aten::reshape,,,2.2,7.73,0,0,0,0
aten::view,,,5.53,5.53,0,0,0,0
aclnnArgMax,,,12.02,12.02,20.8204375,20.8204375,0,0
aten::view,,,4.04,4.04,0,0,0,0
aten::to,,,1.42,1.42,0,0,0,0
aten::topk,,,21.26,50.13,0,33.3406875,0,0
empty_tensor,,,7.42,7.42,0,0,0,0
empty_tensor,,,5.42,5.42,0,0,0,0
aclnnTopk,,,16.03,16.03,33.3406875,33.3406875,0,0
aten::unsqueeze,,,4.66,9.46,0,0,0,0
aten::as_strided,,,4.8,4.8,0,0,0,0
aten::gather,,,20.87,31.6,0,5.240125,0,0
empty_tensor,,,6.22,6.22,0,0,0,0
aclnnGather,,,4.51,4.51,5.240125,5.240125,0,0
TorchDynamo Cache Lookup,,,58.97,58.97,0,0,0,0
Torch-Compiled Region: 0/0,,,113.53,206.23,0,41.9208125,0,0
aten::_assert_scalar,,,3.22,3.22,0,0,0,0
aten::_assert_scalar,,,1.34,1.34,0,0,0,0
aten::_assert_scalar,,,1.08,1.08,0,0,0,0
aten::ge,,,19.84,47.74,0,10.8601875,0,0
empty_tensor,,,11.46,11.46,0,0,0,0
aclnnGeTensor,,,16.44,16.44,10.8601875,10.8601875,0,0
aten::sum,,,18.76,39.32,0,31.060624999999998,0,0
empty_tensor,,,7.82,7.82,0,0,0,0
aclnnReduceSum,,,12.74,12.74,31.060624999999998,31.060624999999998,0,0
aten::cat,,,19.36,40.3,0,2.74003125,0,0
empty_tensor,,,7.71,7.71,0,0,0,0
aclnnCat,,,13.23,13.23,2.74003125,2.74003125,0,0
aten::cat,,,13.58,32.22,0,2.10003125,0,0
empty_tensor,,,6.84,6.84,0,0,0,0
aclnnCat,,,11.8,11.8,2.10003125,2.10003125,0,0
aten::to,,,2.16,48.28,0,1.40003125,0,0
aten::_to_copy,,,6.72,46.12,0,1.40003125,0,0
aten::empty_strided,,,7.88,12.34,0,0,0,0
empty_tensor,,,4.46,4.46,0,0,0,0
aten::copy_,,,15.14,27.06,0,1.40003125,0,0
aclnnInplaceCopy,,,11.92,11.92,1.40003125,1.40003125,0,0
aten::to,,,1.79,43.69,0,1.42,0,0
aten::_to_copy,,,4.77,41.9,0,1.42,0,0
aten::empty_strided,,,6.87,11.42,0,0,0,0
empty_tensor,,,4.55,4.55,0,0,0,0
aten::copy_,,,14.29,25.71,0,1.42,0,0
aclnnInplaceCopy,,,11.42,11.42,1.42,1.42,0,0
aten::unsqueeze,,,3.84,8.88,0,0,0,0
aten::as_strided,,,5.04,5.04,0,0,0,0
Event::record,,,155.01,174.6,0,0.02,0,0
record_event,,,19.59,19.59,0.02,0.02,0,0
aten::slice,,,5.46,13.19,0,0,0,0
aten::as_strided,,,7.73,7.73,0,0,0,0
Event::wait,,,77.72,102.38,0,2005.0000625,0,0
wait_event,,,24.66,24.66,2005.0000625,2005.0000625,0,0
Event::record,,,90.91,110.45,0,0.02,0,0
record_event,,,19.54,19.54,0.02,0.02,0,0
Event::wait,,,60.55,78.74,0,1595.89190625,0,0
wait_event,,,18.19,18.19,1595.89190625,1595.89190625,0,0
destroy_event,,,11.41,11.41,0,0,0,0
aten::to,,,4.01,72.96,0,2.04003125,0,0
aten::_to_copy,,,7.88,68.95,0,2.04003125,0,0
aten::empty_strided,,,26.48,26.48,0,0,0,0
aten::copy_,,,20.34,34.59,0,2.04003125,0,0
acl_memcpy_device_to_host,,,14.25,14.25,2.04003125,2.04003125,0,0
aten::to,,,3.17,41.24,0,1.9000625,0,0
aten::_to_copy,,,5.2,38.07,0,1.9000625,0,0
aten::empty_strided,,,3.74,3.74,0,0,0,0
aten::copy_,,,16.05,29.13,0,1.9000625,0,0
acl_memcpy_device_to_host,,,13.08,13.08,1.9000625,1.9000625,0,0
aten::to,,,1.95,33.26,0,2.16003125,0,0
aten::_to_copy,,,4.01,31.31,0,2.16003125,0,0
aten::empty_strided,,,2.76,2.76,0,0,0,0
aten::copy_,,,11.96,24.54,0,2.16003125,0,0
acl_memcpy_device_to_host,,,12.58,12.58,2.16003125,2.16003125,0,0
aten::to,,,2.02,38.61,0,1.88003125,0,0
aten::_to_copy,,,3.77,36.59,0,1.88003125,0,0
aten::empty_strided,,,2.49,2.49,0,0,0,0
aten::copy_,,,11.64,30.33,0,1.88003125,0,0
acl_memcpy_device_to_host,,,18.69,18.69,1.88003125,1.88003125,0,0
Event::record,,,165.65,187.57,0,0.02,0,0
record_event,,,21.92,21.92,0.02,0.02,0,0
Event::synchronize,,,81.72,81.72,0,0,0,0
aten::resolve_conj,,,1.45,1.45,0,0,0,0
aten::resolve_neg,,,1.36,1.36,0,0,0,0
aten::to,,,3.49,3.49,0,0,0,0
aten::detach,,,4.43,4.43,0,0,0,0
aten::to,,,0.93,0.93,0,0,0,0
aten::resolve_conj,,,0.55,0.55,0,0,0,0
aten::resolve_neg,,,0.44,0.44,0,0,0,0
aten::to,,,1.37,1.37,0,0,0,0
aten::detach,,,1.7,1.7,0,0,0,0
aten::to,,,0.46,0.46,0,0,0,0
aten::resolve_conj,,,0.43,0.43,0,0,0,0
aten::resolve_neg,,,3.9,3.9,0,0,0,0
aten::to,,,1.31,1.31,0,0,0,0
aten::detach,,,1.24,1.24,0,0,0,0
aten::to,,,0.51,0.51,0,0,0,0
aten::resolve_conj,,,0.41,0.41,0,0,0,0
aten::resolve_neg,,,0.29,0.29,0,0,0,0
destroy_event,,,37.57,37.57,0,0,0,0
record_event,,,10.1,10.1,0.02,0.02,0,0
Event::synchronize,,,206.67,206.67,0,0,0,0
aten::slice,,,12.73,17.75,0,0,0,0
aten::as_strided,,,5.02,5.02,0,0,0,0
aten::slice,,,3.69,11.52,0,0,0,0
aten::as_strided,,,7.83,7.83,0,0,0,0
aten::pin_memory,,,5.26,21.73,0,0,0,0
aten::is_pinned,,,16.47,16.47,0,0,0,0
aten::copy_,,,19.65,35.45,0,2.3800625,0,0
acl_memcpy_host_to_device,,,15.8,15.8,2.3800625,2.3800625,0,0
aten::slice,,,6.15,8.54,0,0,0,0
aten::as_strided,,,2.39,2.39,0,0,0,0
aten::slice,,,3.04,8.48,0,0,0,0
aten::as_strided,,,5.44,5.44,0,0,0,0
aten::pin_memory,,,31.58,41.44,0,0,0,0
aten::is_pinned,,,9.86,9.86,0,0,0,0
aten::copy_,,,16.88,32.87,0,2.14003125,0,0
acl_memcpy_host_to_device,,,15.99,15.99,2.14003125,2.14003125,0,0
aten::slice,,,5.85,7.82,0,0,0,0
aten::as_strided,,,1.97,1.97,0,0,0,0
aten::slice,,,3.02,7.2,0,0,0,0
aten::as_strided,,,4.18,4.18,0,0,0,0
aten::pin_memory,,,3.54,11.96,0,0,0,0
aten::is_pinned,,,8.42,8.42,0,0,0,0
aten::copy_,,,14.2,29.07,0,2.14003125,0,0
acl_memcpy_host_to_device,,,14.87,14.87,2.14003125,2.14003125,0,0
aten::slice,,,5.74,8.46,0,0,0,0
aten::as_strided,,,2.72,2.72,0,0,0,0
aten::slice,,,2.68,6.46,0,0,0,0
aten::as_strided,,,3.78,3.78,0,0,0,0
aten::pin_memory,,,3.17,10.52,0,0,0,0
aten::is_pinned,,,7.35,7.35,0,0,0,0
aten::copy_,,,12.92,25.72,0,2.20003125,0,0
acl_memcpy_host_to_device,,,12.8,12.8,2.20003125,2.20003125,0,0
aten::slice,,,5.27,7.08,0,0,0,0
aten::as_strided,,,1.81,1.81,0,0,0,0
aten::slice,,,2.69,6.38,0,0,0,0
aten::as_strided,,,3.69,3.69,0,0,0,0
aten::pin_memory,,,3.26,10.19,0,0,0,0
aten::is_pinned,,,6.93,6.93,0,0,0,0
aten::copy_,,,11.22,24.14,0,2.14003125,0,0
acl_memcpy_host_to_device,,,12.92,12.92,2.14003125,2.14003125,0,0
aten::slice,,,10.06,14.26,0,0,0,0
aten::as_strided,,,4.2,4.2,0,0,0,0
aten::slice,,,3.29,9.02,0,0,0,0
aten::as_strided,,,5.73,5.73,0,0,0,0
aten::pin_memory,,,3.91,17.08,0,0,0,0
aten::is_pinned,,,13.17,13.17,0,0,0,0
aten::copy_,,,16.42,38.26,0,2.1400625,0,0
acl_memcpy_host_to_device,,,21.84,21.84,2.1400625,2.1400625,0,0
aten::slice,,,5.07,8.87,0,0,0,0
aten::as_strided,,,3.8,3.8,0,0,0,0
aten::lift_fresh,,,1.28,1.28,0,0,0,0
aten::lift_fresh,,,1.31,1.31,0,0,0,0
aten::flatten,,,3.76,10.38,0,0,0,0
aten::view,,,6.62,6.62,0,0,0,0
aten::slice,,,3.86,6.16,0,0,0,0
aten::as_strided,,,2.3,2.3,0,0,0,0
aten::index_select,,,7.35,7.35,0,0,0,0
aten::pin_memory,,,4.08,16.09,0,0,0,0
aten::is_pinned,,,12.01,12.01,0,0,0,0
aten::copy_,,,14.78,31.52,0,2.16003125,0,0
acl_memcpy_host_to_device,,,16.74,16.74,2.16003125,2.16003125,0,0
aten::pin_memory,,,3.47,10.76,0,0,0,0
aten::is_pinned,,,7.29,7.29,0,0,0,0
aten::copy_,,,13.5,28.02,0,2.3200625,0,0
acl_memcpy_host_to_device,,,14.52,14.52,2.3200625,2.3200625,0,0
aten::slice,,,5.99,8.86,0,0,0,0
aten::as_strided,,,2.87,2.87,0,0,0,0
aten::lift_fresh,,,0.97,0.97,0,0,0,0
aten::slice,,,3.42,4.3,0,0,0,0
aten::as_strided,,,0.88,0.88,0,0,0,0
aten::add,,,14.6,14.6,0,0,0,0
aten::slice,,,3.69,4.94,0,0,0,0
aten::as_strided,,,1.25,1.25,0,0,0,0
aten::fill_,,,5.04,5.04,0,0,0,0
aten::slice,,,3.68,8.95,0,0,0,0
aten::as_strided,,,5.27,5.27,0,0,0,0
aten::fill_,,,20.04,39.09,0,1.60003125,0,0
aclnnInplaceFillScalar,,,19.05,19.05,1.60003125,1.60003125,0,0
aten::slice,,,6.66,12.66,0,0,0,0
aten::as_strided,,,6.0,6.0,0,0,0,0
aten::select,,,4.3,7.34,0,0,0,0
aten::as_strided,,,3.04,3.04,0,0,0,0
aten::copy_,,,65.11,82.48,0,0.62003125,0,0
aclnnInplaceCopy,,,17.37,17.37,0.62003125,0.62003125,0,0
aten::slice,,,7.58,10.36,0,0,0,0
aten::as_strided,,,2.78,2.78,0,0,0,0
aten::detach,,,3.15,3.15,0,0,0,0
aten::to,,,2.06,2.06,0,0,0,0
aten::resolve_conj,,,1.09,1.09,0,0,0,0
aten::resolve_neg,,,0.62,0.62,0,0,0,0
aten::slice,,,5.32,7.83,0,0,0,0
aten::as_strided,,,2.51,2.51,0,0,0,0
aten::slice,,,3.08,7.92,0,0,0,0
aten::as_strided,,,4.84,4.84,0,0,0,0
aten::pin_memory,,,4.22,18.22,0,0,0,0
aten::is_pinned,,,14.0,14.0,0,0,0,0
aten::copy_,,,3.51,3.51,0,0,0,0
aten::slice,,,5.31,7.12,0,0,0,0
aten::as_strided,,,1.81,1.81,0,0,0,0
aten::slice,,,3.01,6.41,0,0,0,0
aten::as_strided,,,3.4,3.4,0,0,0,0
aten::pin_memory,,,3.37,12.05,0,0,0,0
aten::is_pinned,,,8.68,8.68,0,0,0,0
aten::copy_,,,15.0,31.46,0,2.16003125,0,0
acl_memcpy_host_to_device,,,16.46,16.46,2.16003125,2.16003125,0,0
aten::fill_,,,18.71,34.17,0,1.68003125,0,0
aclnnInplaceFillScalar,,,15.46,15.46,1.68003125,1.68003125,0,0
aten::slice,,,6.97,11.43,0,0,0,0
aten::as_strided,,,4.46,4.46,0,0,0,0
aten::slice,,,3.43,5.42,0,0,0,0
aten::as_strided,,,1.99,1.99,0,0,0,0
aten::copy_,,,16.55,28.96,0,2.18003125,0,0
acl_memcpy_host_to_device,,,12.41,12.41,2.18003125,2.18003125,0,0
aten::slice,,,6.38,8.74,0,0,0,0
aten::as_strided,,,2.36,2.36,0,0,0,0
aten::slice,,,3.1,6.79,0,0,0,0
aten::as_strided,,,3.69,3.69,0,0,0,0
aten::pin_memory,,,3.77,12.5,0,0,0,0
aten::is_pinned,,,8.73,8.73,0,0,0,0
aten::copy_,,,12.77,26.12,0,2.18003125,0,0
acl_memcpy_host_to_device,,,13.35,13.35,2.18003125,2.18003125,0,0
aten::slice,,,4.52,8.58,0,0,0,0
aten::as_strided,,,4.06,4.06,0,0,0,0
aten::slice,,,3.66,5.14,0,0,0,0
aten::as_strided,,,1.48,1.48,0,0,0,0
aten::slice,,,2.56,5.36,0,0,0,0
aten::as_strided,,,2.8,2.8,0,0,0,0
aten::pin_memory,,,3.41,10.4,0,0,0,0
aten::is_pinned,,,6.99,6.99,0,0,0,0
aten::copy_,,,11.91,24.91,0,2.16003125,0,0
acl_memcpy_host_to_device,,,13.0,13.0,2.16003125,2.16003125,0,0
aten::slice,,,4.82,6.89,0,0,0,0
aten::as_strided,,,2.07,2.07,0,0,0,0
aten::slice,,,2.95,7.14,0,0,0,0
aten::as_strided,,,4.19,4.19,0,0,0,0
aten::pin_memory,,,3.36,10.53,0,0,0,0
aten::is_pinned,,,7.17,7.17,0,0,0,0
aten::copy_,,,13.15,25.2,0,2.2200625,0,0
acl_memcpy_host_to_device,,,12.05,12.05,2.2200625,2.2200625,0,0
aten::slice,,,5.13,8.91,0,0,0,0
aten::as_strided,,,3.78,3.78,0,0,0,0
aten::index,,,34.27,68.88,0,11.04021875,0,0
empty_tensor,,,7.13,7.13,0,0,0,0
empty_tensor,,,9.07,9.07,0,0,0,0
aclnnIndex,,,18.41,18.41,11.04021875,11.04021875,0,0
aten::to,,,2.51,53.65,0,1.20003125,0,0
aten::_to_copy,,,6.21,51.14,0,1.20003125,0,0
aten::empty_strided,,,8.73,13.63,0,0,0,0
empty_tensor,,,4.9,4.9,0,0,0,0
aten::copy_,,,17.97,31.3,0,1.20003125,0,0
aclnnInplaceCopy,,,13.33,13.33,1.20003125,1.20003125,0,0
aten::slice,,,7.47,11.64,0,0,0,0
aten::as_strided,,,4.17,4.17,0,0,0,0
aten::add,,,19.27,38.53,0,2.6800625,0,0
empty_tensor,,,7.03,7.03,0,0,0,0
aclnnAdd,,,12.23,12.23,2.6800625,2.6800625,0,0
aten::slice,,,5.49,9.95,0,0,0,0
aten::as_strided,,,4.46,4.46,0,0,0,0
aten::copy_,,,54.89,68.3,0,0.8,0,0
aclnnInplaceCopy,,,13.41,13.41,0.8,0.8,0,0
aten::slice,,,6.68,10.73,0,0,0,0
aten::as_strided,,,4.05,4.05,0,0,0,0
aten::add,,,18.54,39.9,0,1.48003125,0,0
empty_tensor,,,8.09,8.09,0,0,0,0
aclnnAdd,,,13.27,13.27,1.48003125,1.48003125,0,0
aten::slice,,,6.09,10.58,0,0,0,0
aten::as_strided,,,4.49,4.49,0,0,0,0
aten::copy_,,,48.16,61.92,0,0.58,0,0
aclnnInplaceCopy,,,13.76,13.76,0.58,0.58,0,0
aten::slice,,,6.12,10.17,0,0,0,0
aten::as_strided,,,4.05,4.05,0,0,0,0
aten::fill_,,,12.36,25.36,0,1.34,0,0
aclnnInplaceFillScalar,,,13.0,13.0,1.34,1.34,0,0
aten::slice,,,5.79,9.61,0,0,0,0
aten::as_strided,,,3.82,3.82,0,0,0,0
aten::slice,,,2.93,6.41,0,0,0,0
aten::as_strided,,,3.48,3.48,0,0,0,0
_compute_slot_mapping_fused_groups_kernel,,,33.81,33.81,21.8804375,21.8804375,0,0
aten::slice,,,10.4,18.6,0,0,0,0
aten::as_strided,,,8.2,8.2,0,0,0,0
aten::sub,,,27.26,59.69,0,1.60003125,0,0
empty_tensor,,,11.51,11.51,0,0,0,0
aten::item,,,2.7,4.44,0,0,0,0
aten::_local_scalar_dense,,,1.74,1.74,0,0,0,0
aclnnSubs,,,16.48,16.48,1.60003125,1.60003125,0,0
aten::pin_memory,,,8.25,26.01,0,0,0,0
aten::is_pinned,,,17.76,17.76,0,0,0,0
aten::copy_,,,19.58,37.27,0,2.2800625,0,0
acl_memcpy_host_to_device,,,17.69,17.69,2.2800625,2.2800625,0,0
aten::detach,,,4.82,4.82,0,0,0,0
aten::to,,,2.6,2.6,0,0,0,0
aten::resolve_conj,,,1.03,1.03,0,0,0,0
aten::resolve_neg,,,0.67,0.67,0,0,0,0
aten::slice,,,9.3,17.07,0,0,0,0
aten::as_strided,,,7.77,7.77,0,0,0,0
aten::slice,,,3.26,6.58,0,0,0,0
aten::as_strided,,,3.32,3.32,0,0,0,0
aten::slice,,,2.89,5.51,0,0,0,0
aten::as_strided,,,2.62,2.62,0,0,0,0
aten::fill_,,,20.01,37.61,0,0,0,0
aclnnInplaceFillScalar,,,17.6,17.6,0,0,0,0
aten::slice,,,4.63,8.16,0,0,0,0
aten::as_strided,,,3.53,3.53,0,0,0,0
aten::fill_,,,13.65,26.03,0,0,0,0
aclnnInplaceFillScalar,,,12.38,12.38,0,0,0,0
aten::slice,,,4.4,7.02,0,0,0,0
aten::as_strided,,,2.62,2.62,0,0,0,0
aten::slice,,,2.81,3.79,0,0,0,0
aten::as_strided,,,0.98,0.98,0,0,0,0
aten::lt,,,14.55,14.55,0,0,0,0
aten::lift_fresh,,,1.24,1.24,0,0,0,0
aten::slice,,,1.59,2.64,0,0,0,0
aten::as_strided,,,1.05,1.05,0,0,0,0
aten::fill_,,,2.69,9.73,0,0,0,0
aten::copy_,,,7.04,7.04,0,0,0,0
aten::slice,,,3.72,5.62,0,0,0,0
aten::as_strided,,,1.9,1.9,0,0,0,0
aten::slice,,,3.34,7.46,0,0,0,0
aten::as_strided,,,4.12,4.12,0,0,0,0
aten::slice,,,2.83,4.38,0,0,0,0
aten::as_strided,,,1.55,1.55,0,0,0,0
aten::slice,,,3.08,5.96,0,0,0,0
aten::as_strided,,,2.88,2.88,0,0,0,0
aten::slice,,,2.11,3.05,0,0,0,0
aten::as_strided,,,0.94,0.94,0,0,0,0
aten::slice,,,1.93,3.13,0,0,0,0
aten::as_strided,,,1.2,1.2,0,0,0,0
aten::slice,,,2.79,5.6,0,0,0,0
aten::as_strided,,,2.81,2.81,0,0,0,0
aten::slice,,,2.64,4.75,0,0,0,0
aten::as_strided,,,2.11,2.11,0,0,0,0
aten::slice,,,2.6,4.67,0,0,0,0
aten::as_strided,,,2.07,2.07,0,0,0,0
aten::slice,,,5.9,10.89,0,0,0,0
aten::as_strided,,,4.99,4.99,0,0,0,0
aten::slice,,,2.85,6.5,0,0,0,0
aten::as_strided,,,3.65,3.65,0,0,0,0
aten::slice,,,3.16,5.88,0,0,0,0
aten::as_strided,,,2.72,2.72,0,0,0,0
aten::to,,,1.5,1.5,0,0,0,0
aten::slice,,,2.68,5.45,0,0,0,0
aten::as_strided,,,2.77,2.77,0,0,0,0
aten::slice,,,2.48,4.74,0,0,0,0
aten::as_strided,,,2.26,2.26,0,0,0,0
aten::slice,,,2.35,3.77,0,0,0,0
aten::as_strided,,,1.42,1.42,0,0,0,0
aten::slice,,,3.08,6.48,0,0,0,0
aten::as_strided,,,3.4,3.4,0,0,0,0
aten::slice,,,2.66,6.48,0,0,0,0
aten::as_strided,,,3.82,3.82,0,0,0,0
aten::alias,,,5.17,5.17,0,0,0,0
aten::div,,,37.53,64.17,0,6.100125,0,0
aten::item,,,2.2,3.66,0,0,0,0
aten::_local_scalar_dense,,,1.46,1.46,0,0,0,0
aclnnDivMods,,,22.98,22.98,6.100125,6.100125,0,0
aten::slice,,,3.17,8.1,0,0,0,0
aten::as_strided,,,4.93,4.93,0,0,0,0
aten::slice,,,4.99,7.73,0,0,0,0
aten::as_strided,,,2.74,2.74,0,0,0,0
aten::copy_,,,66.43,85.9,0,0.58,0,0
aclnnInplaceCopy,,,19.47,19.47,0.58,0.58,0,0
aten::slice,,,2.93,6.97,0,0,0,0
aten::as_strided,,,4.04,4.04,0,0,0,0
aten::slice,,,4.9,7.81,0,0,0,0
aten::as_strided,,,2.91,2.91,0,0,0,0
aten::ge,,,22.86,48.42,0,4.16009375,0,0
empty_tensor,,,11.18,11.18,0,0,0,0
aclnnGeScalar,,,14.38,14.38,4.16009375,4.16009375,0,0
aten::add,,,21.2,48.2,0,2.18003125,0,0
empty_tensor,,,6.95,6.95,0,0,0,0
aten::item,,,2.28,3.78,0,0,0,0
aten::_local_scalar_dense,,,1.5,1.5,0,0,0,0
aclnnAdds,,,16.27,16.27,2.18003125,2.18003125,0,0
aten::remainder,,,23.07,43.84,0,3.6600937499999997,0,0
empty_tensor,,,7.85,7.85,0,0,0,0
aclnnRemainderTensorScalar,,,12.92,12.92,3.6600937499999997,3.6600937499999997,0,0
aten::eq,,,13.1,30.67,0,2.48003125,0,0
empty_tensor,,,6.69,6.69,0,0,0,0
aclnnEqScalar,,,10.88,10.88,2.48003125,2.48003125,0,0
aten::__and__,,,2.63,36.85,0,1.62003125,0,0
aten::bitwise_and,,,17.96,34.22,0,1.62003125,0,0
empty_tensor,,,5.87,5.87,0,0,0,0
aclnnBitwiseAndTensor,,,10.39,10.39,1.62003125,1.62003125,0,0
aten::clamp_min,,,15.34,34.82,0,1.46003125,0,0
empty_tensor,,,7.31,7.31,0,0,0,0
aclnnClampMin,,,12.17,12.17,1.46003125,1.46003125,0,0
aten::div,,,32.84,52.07,0,4.9600625,0,0
empty_tensor,,,6.5,6.5,0,0,0,0
aten::item,,,2.01,3.39,0,0,0,0
aten::_local_scalar_dense,,,1.38,1.38,0,0,0,0
aclnnDivMods,,,9.34,9.34,4.9600625,4.9600625,0,0
aten::remainder,,,28.77,44.86,0,4.420125,0,0
empty_tensor,,,5.82,5.82,0,0,0,0
aclnnRemainderTensorScalar,,,10.27,10.27,4.420125,4.420125,0,0
aten::mul,,,20.01,46.94,0,1.64003125,0,0
empty_tensor,,,7.13,7.13,0,0,0,0
aten::item,,,2.16,8.02,0,0,0,0
aten::_local_scalar_dense,,,5.86,5.86,0,0,0,0
aclnnMuls,,,11.78,11.78,1.64003125,1.64003125,0,0
aten::div,,,23.77,43.69,0,4.62009375,0,0
empty_tensor,,,8.11,8.11,0,0,0,0
aten::item,,,1.37,2.44,0,0,0,0
aten::_local_scalar_dense,,,1.07,1.07,0,0,0,0
aclnnDivMods,,,9.37,9.37,4.62009375,4.62009375,0,0
aten::add,,,16.84,34.04,0,1.40003125,0,0
empty_tensor,,,5.51,5.51,0,0,0,0
aclnnAdd,,,11.69,11.69,1.40003125,1.40003125,0,0
aten::full_like,,,4.93,57.16,0,1.42003125,0,0
aten::empty_like,,,6.63,27.71,0,0,0,0
aten::empty_strided,,,10.18,21.08,0,0,0,0
empty_tensor,,,10.9,10.9,0,0,0,0
aten::fill_,,,14.96,24.52,0,1.42003125,0,0
aclnnInplaceFillScalar,,,9.56,9.56,1.42003125,1.42003125,0,0
aten::where,,,14.89,33.4,0,1.8,0,0
empty_tensor,,,8.56,8.56,0,0,0,0
aclnnSWhere,,,9.95,9.95,1.8,1.8,0,0
aten::copy_,,,14.18,25.07,0,1.14003125,0,0
aclnnInplaceCopy,,,10.89,10.89,1.14003125,1.14003125,0,0
aten::slice,,,4.48,8.63,0,0,0,0
aten::as_strided,,,4.15,4.15,0,0,0,0
aten::slice,,,6.0,9.04,0,0,0,0
aten::as_strided,,,3.04,3.04,0,0,0,0
aten::div,,,25.72,41.8,0,4.1200937500000006,0,0
aten::item,,,1.89,2.96,0,0,0,0
aten::_local_scalar_dense,,,1.07,1.07,0,0,0,0
aclnnDivMods,,,13.12,13.12,4.1200937500000006,4.1200937500000006,0,0
aten::slice,,,3.21,7.24,0,0,0,0
aten::as_strided,,,4.03,4.03,0,0,0,0
aten::slice,,,4.5,7.55,0,0,0,0
aten::as_strided,,,3.05,3.05,0,0,0,0
aten::slice,,,2.17,4.48,0,0,0,0
aten::as_strided,,,2.31,2.31,0,0,0,0
aten::copy_,,,58.84,73.13,0,0.6,0,0
aclnnInplaceCopy,,,14.29,14.29,0.6,0.6,0,0
aten::slice,,,3.46,7.37,0,0,0,0
aten::as_strided,,,3.91,3.91,0,0,0,0
aten::slice,,,4.77,7.4,0,0,0,0
aten::as_strided,,,2.63,2.63,0,0,0,0
aten::copy_,,,46.03,62.24,0,0.60003125,0,0
aclnnInplaceCopy,,,16.21,16.21,0.60003125,0.60003125,0,0
aten::slice,,,5.55,8.12,0,0,0,0
aten::as_strided,,,2.57,2.57,0,0,0,0
aten::div,,,14.37,32.36,0,0,0,0
aten::to,,,1.73,17.99,0,0,0,0
aten::_to_copy,,,5.05,16.26,0,0,0,0
aten::empty_strided,,,3.02,3.02,0,0,0,0
aten::copy_,,,8.19,8.19,0,0,0,0
aten::slice,,,4.26,9.14,0,0,0,0
aten::as_strided,,,4.88,4.88,0,0,0,0
aten::slice,,,5.87,11.3,0,0,0,0
aten::as_strided,,,5.43,5.43,0,0,0,0
aten::slice,,,3.17,6.58,0,0,0,0
aten::as_strided,,,3.41,3.41,0,0,0,0
aten::slice,,,2.47,4.93,0,0,0,0
aten::as_strided,,,2.46,2.46,0,0,0,0
aten::fill_,,,18.29,35.3,0,0,0,0
aclnnInplaceFillScalar,,,17.01,17.01,0,0,0,0
aten::slice,,,5.21,9.52,0,0,0,0
aten::as_strided,,,4.31,4.31,0,0,0,0
aten::fill_,,,13.34,27.33,0,0,0,0
aclnnInplaceFillScalar,,,13.99,13.99,0,0,0,0
aten::slice,,,5.54,9.97,0,0,0,0
aten::as_strided,,,4.43,4.43,0,0,0,0
aten::slice,,,2.82,5.77,0,0,0,0
aten::as_strided,,,2.95,2.95,0,0,0,0
aten::slice,,,4.7,7.46,0,0,0,0
aten::as_strided,,,2.76,2.76,0,0,0,0
aten::slice,,,2.94,6.53,0,0,0,0
aten::as_strided,,,3.59,3.59,0,0,0,0
aten::slice,,,2.89,6.35,0,0,0,0
aten::as_strided,,,3.46,3.46,0,0,0,0
aten::slice,,,2.58,5.29,0,0,0,0
aten::as_strided,,,2.71,2.71,0,0,0,0
aten::slice,,,2.3,4.88,0,0,0,0
aten::as_strided,,,2.58,2.58,0,0,0,0
aten::fill_,,,14.57,33.88,0,0,0,0
aclnnInplaceFillScalar,,,19.31,19.31,0,0,0,0
aten::slice,,,3.91,7.25,0,0,0,0
aten::as_strided,,,3.34,3.34,0,0,0,0
aten::fill_,,,12.58,24.89,0,0,0,0
aclnnInplaceFillScalar,,,12.31,12.31,0,0,0,0
aten::diff,,,7.93,38.09,0,0,0,0
aten::narrow,,,6.97,11.85,0,0,0,0
aten::slice,,,2.59,4.88,0,0,0,0
aten::as_strided,,,2.29,2.29,0,0,0,0
aten::narrow,,,2.63,5.23,0,0,0,0
aten::slice,,,1.26,2.6,0,0,0,0
aten::as_strided,,,1.34,1.34,0,0,0,0
aten::sub,,,13.08,13.08,0,0,0,0
aten::eq,,,14.21,29.54,0,0,0,0
aten::to,,,1.73,15.33,0,0,0,0
aten::_to_copy,,,4.93,13.6,0,0,0,0
aten::empty_strided,,,2.83,2.83,0,0,0,0
aten::copy_,,,5.84,5.84,0,0,0,0
aten::__and__,,,2.15,7.32,0,0,0,0
aten::bitwise_and,,,5.17,5.17,0,0,0,0
aten::gt,,,8.25,17.24,0,0,0,0
aten::to,,,1.27,8.99,0,0,0,0
aten::_to_copy,,,2.59,7.72,0,0,0,0
aten::empty_strided,,,1.96,1.96,0,0,0,0
aten::copy_,,,3.17,3.17,0,0,0,0
aten::__and__,,,1.41,4.55,0,0,0,0
aten::bitwise_and,,,3.14,3.14,0,0,0,0
aten::any,,,6.94,15.32,0,0,0,0
aten::view_as,,,2.28,4.61,0,0,0,0
aten::view,,,2.33,2.33,0,0,0,0
aten::to,,,0.5,0.5,0,0,0,0
aten::copy_,,,3.27,3.27,0,0,0,0
aten::item,,,1.99,3.42,0,0,0,0
aten::_local_scalar_dense,,,1.43,1.43,0,0,0,0
aten::slice,,,4.94,6.83,0,0,0,0
aten::as_strided,,,1.89,1.89,0,0,0,0
aten::slice,,,2.24,3.2,0,0,0,0
aten::as_strided,,,0.96,0.96,0,0,0,0
aten::sub,,,5.46,5.46,0,0,0,0
aten::select,,,3.73,5.06,0,0,0,0
aten::as_strided,,,1.33,1.33,0,0,0,0
aten::item,,,1.22,2.17,0,0,0,0
aten::_local_scalar_dense,,,0.95,0.95,0,0,0,0
aten::gt,,,7.67,16.29,0,0,0,0
aten::to,,,1.18,8.62,0,0,0,0
aten::_to_copy,,,2.73,7.44,0,0,0,0
aten::empty_strided,,,1.89,1.89,0,0,0,0
aten::copy_,,,2.82,2.82,0,0,0,0
aten::__ior__,,,2.16,7.65,0,0,0,0
aten::bitwise_or_,,,5.49,5.49,0,0,0,0
aten::any,,,5.44,11.45,0,0,0,0
aten::view_as,,,1.5,2.87,0,0,0,0
aten::view,,,1.37,1.37,0,0,0,0
aten::to,,,0.38,0.38,0,0,0,0
aten::copy_,,,2.76,2.76,0,0,0,0
aten::is_nonzero,,,1.77,3.86,0,0,0,0
aten::item,,,1.33,2.09,0,0,0,0
aten::_local_scalar_dense,,,0.76,0.76,0,0,0,0
aten::select,,,4.92,11.06,0,0,0,0
aten::as_strided,,,6.14,6.14,0,0,0,0
aten::slice,,,5.11,9.32,0,0,0,0
aten::as_strided,,,4.21,4.21,0,0,0,0
aten::slice,,,2.8,5.37,0,0,0,0
aten::as_strided,,,2.57,2.57,0,0,0,0
aten::slice,,,2.49,5.04,0,0,0,0
aten::as_strided,,,2.55,2.55,0,0,0,0
aten::copy_,,,63.44,83.91,0,0.66,0,0
aclnnInplaceCopy,,,20.47,20.47,0.66,0.66,0,0
aten::slice,,,6.46,10.78,0,0,0,0
aten::as_strided,,,4.32,4.32,0,0,0,0
aten::fill_,,,13.77,17.66,0,0,0,0
aclnnInplaceFillScalar,,,3.89,3.89,0,0,0,0
aten::slice,,,5.24,8.84,0,0,0,0
aten::as_strided,,,3.6,3.6,0,0,0,0
aten::slice,,,3.0,6.09,0,0,0,0
aten::as_strided,,,3.09,3.09,0,0,0,0
aten::slice,,,2.61,5.31,0,0,0,0
aten::as_strided,,,2.7,2.7,0,0,0,0
aten::copy_,,,51.22,70.0,0,0.72,0,0
aclnnInplaceCopy,,,18.78,18.78,0.72,0.72,0,0
aten::slice,,,5.89,9.42,0,0,0,0
aten::as_strided,,,3.53,3.53,0,0,0,0
aten::slice,,,3.6,7.0,0,0,0,0
aten::as_strided,,,3.4,3.4,0,0,0,0
aten::slice,,,3.47,6.52,0,0,0,0
aten::as_strided,,,3.05,3.05,0,0,0,0
aten::slice,,,2.51,5.11,0,0,0,0
aten::as_strided,,,2.6,2.6,0,0,0,0
aten::slice,,,2.43,4.77,0,0,0,0
aten::as_strided,,,2.34,2.34,0,0,0,0
aten::copy_,,,48.17,67.63,0,0.68003125,0,0
aclnnInplaceCopy,,,19.46,19.46,0.68003125,0.68003125,0,0
aten::slice,,,6.23,10.63,0,0,0,0
aten::as_strided,,,4.4,4.4,0,0,0,0
aten::slice,,,2.69,5.34,0,0,0,0
aten::as_strided,,,2.65,2.65,0,0,0,0
aten::slice,,,2.63,5.18,0,0,0,0
aten::as_strided,,,2.55,2.55,0,0,0,0
aten::sub,,,18.93,32.85,0,1.38003125,0,0
aclnnSub,,,13.92,13.92,1.38003125,1.38003125,0,0
aten::slice,,,6.76,9.61,0,0,0,0
aten::as_strided,,,2.85,2.85,0,0,0,0
aten::slice,,,3.55,7.75,0,0,0,0
aten::as_strided,,,4.2,4.2,0,0,0,0
aten::slice,,,3.21,5.85,0,0,0,0
aten::as_strided,,,2.64,2.64,0,0,0,0
aten::slice,,,2.82,5.62,0,0,0,0
aten::as_strided,,,2.8,2.8,0,0,0,0
aten::slice,,,2.5,4.69,0,0,0,0
aten::as_strided,,,2.19,2.19,0,0,0,0
aten::fill_,,,15.16,30.81,0,0,0,0
aclnnInplaceFillScalar,,,15.65,15.65,0,0,0,0
aten::slice,,,4.3,7.43,0,0,0,0
aten::as_strided,,,3.13,3.13,0,0,0,0
aten::fill_,,,11.09,23.47,0,0,0,0
aclnnInplaceFillScalar,,,12.38,12.38,0,0,0,0
aten::diff,,,7.17,34.22,0,0,0,0
aten::narrow,,,6.2,11.03,0,0,0,0
aten::slice,,,2.41,4.83,0,0,0,0
aten::as_strided,,,2.42,2.42,0,0,0,0
aten::narrow,,,2.15,4.48,0,0,0,0
aten::slice,,,1.11,2.33,0,0,0,0
aten::as_strided,,,1.22,1.22,0,0,0,0
aten::sub,,,11.54,11.54,0,0,0,0
aten::eq,,,11.73,26.79,0,0,0,0
aten::to,,,1.61,15.06,0,0,0,0
aten::_to_copy,,,4.95,13.45,0,0,0,0
aten::empty_strided,,,2.65,2.65,0,0,0,0
aten::copy_,,,5.85,5.85,0,0,0,0
aten::__and__,,,1.88,6.27,0,0,0,0
aten::bitwise_and,,,4.39,4.39,0,0,0,0
aten::gt,,,7.27,15.51,0,0,0,0
aten::to,,,0.93,8.24,0,0,0,0
aten::_to_copy,,,2.9,7.31,0,0,0,0
aten::empty_strided,,,1.55,1.55,0,0,0,0
aten::copy_,,,2.86,2.86,0,0,0,0
aten::__and__,,,1.32,4.49,0,0,0,0
aten::bitwise_and,,,3.17,3.17,0,0,0,0
aten::any,,,5.92,13.04,0,0,0,0
aten::view_as,,,1.92,3.65,0,0,0,0
aten::view,,,1.73,1.73,0,0,0,0
aten::to,,,0.55,0.55,0,0,0,0
aten::copy_,,,2.92,2.92,0,0,0,0
aten::item,,,1.95,3.23,0,0,0,0
aten::_local_scalar_dense,,,1.28,1.28,0,0,0,0
aten::slice,,,5.0,6.62,0,0,0,0
aten::as_strided,,,1.62,1.62,0,0,0,0
aten::slice,,,2.3,3.09,0,0,0,0
aten::as_strided,,,0.79,0.79,0,0,0,0
aten::sub,,,5.62,5.62,0,0,0,0
aten::select,,,2.8,3.75,0,0,0,0
aten::as_strided,,,0.95,0.95,0,0,0,0
aten::item,,,1.33,2.3,0,0,0,0
aten::_local_scalar_dense,,,0.97,0.97,0,0,0,0
aten::gt,,,7.04,15.89,0,0,0,0
aten::to,,,1.12,8.85,0,0,0,0
aten::_to_copy,,,2.8,7.73,0,0,0,0
aten::empty_strided,,,1.86,1.86,0,0,0,0
aten::copy_,,,3.07,3.07,0,0,0,0
aten::__ior__,,,2.11,5.95,0,0,0,0
aten::bitwise_or_,,,3.84,3.84,0,0,0,0
aten::any,,,5.13,10.9,0,0,0,0
aten::view_as,,,1.47,2.73,0,0,0,0
aten::view,,,1.26,1.26,0,0,0,0
aten::to,,,0.32,0.32,0,0,0,0
aten::copy_,,,2.72,2.72,0,0,0,0
aten::is_nonzero,,,1.49,3.42,0,0,0,0
aten::item,,,1.08,1.93,0,0,0,0
aten::_local_scalar_dense,,,0.85,0.85,0,0,0,0
aten::select,,,4.9,10.15,0,0,0,0
aten::as_strided,,,5.25,5.25,0,0,0,0
aten::slice,,,4.81,8.48,0,0,0,0
aten::as_strided,,,3.67,3.67,0,0,0,0
aten::slice,,,3.15,5.78,0,0,0,0
aten::as_strided,,,2.63,2.63,0,0,0,0
aten::slice,,,2.26,4.66,0,0,0,0
aten::as_strided,,,2.4,2.4,0,0,0,0
aten::copy_,,,64.2,97.55,0,0.60003125,0,0
aclnnInplaceCopy,,,33.35,33.35,0.60003125,0.60003125,0,0
aten::slice,,,6.31,10.28,0,0,0,0
aten::as_strided,,,3.97,3.97,0,0,0,0
aten::fill_,,,16.03,29.52,0,0,0,0
aclnnInplaceFillScalar,,,13.49,13.49,0,0,0,0
aten::slice,,,5.55,9.79,0,0,0,0
aten::as_strided,,,4.24,4.24,0,0,0,0
aten::slice,,,3.05,5.71,0,0,0,0
aten::as_strided,,,2.66,2.66,0,0,0,0
aten::slice,,,2.74,5.29,0,0,0,0
aten::as_strided,,,2.55,2.55,0,0,0,0
aten::copy_,,,54.72,69.1,0,0.58003125,0,0
aclnnInplaceCopy,,,14.38,14.38,0.58003125,0.58003125,0,0
aten::slice,,,6.18,9.96,0,0,0,0
aten::as_strided,,,3.78,3.78,0,0,0,0
aten::slice,,,3.38,7.21,0,0,0,0
aten::as_strided,,,3.83,3.83,0,0,0,0
aten::slice,,,3.19,6.09,0,0,0,0
aten::as_strided,,,2.9,2.9,0,0,0,0
aten::slice,,,2.41,4.7,0,0,0,0
aten::as_strided,,,2.29,2.29,0,0,0,0
aten::slice,,,2.42,5.2,0,0,0,0
aten::as_strided,,,2.78,2.78,0,0,0,0
aten::copy_,,,49.81,66.91,0,0.64003125,0,0
aclnnInplaceCopy,,,17.1,17.1,0.64003125,0.64003125,0,0
aten::slice,,,5.91,9.51,0,0,0,0
aten::as_strided,,,3.6,3.6,0,0,0,0
aten::slice,,,2.68,5.14,0,0,0,0
aten::as_strided,,,2.46,2.46,0,0,0,0
aten::slice,,,2.4,5.03,0,0,0,0
aten::as_strided,,,2.63,2.63,0,0,0,0
aten::sub,,,18.12,30.09,0,1.34003125,0,0
aclnnSub,,,11.97,11.97,1.34003125,1.34003125,0,0
aten::slice,,,7.49,10.57,0,0,0,0
aten::as_strided,,,3.08,3.08,0,0,0,0
aten::slice,,,3.2,7.63,0,0,0,0
aten::as_strided,,,4.43,4.43,0,0,0,0
aten::slice,,,2.98,5.77,0,0,0,0
aten::as_strided,,,2.79,2.79,0,0,0,0
aten::slice,,,2.83,5.68,0,0,0,0
aten::as_strided,,,2.85,2.85,0,0,0,0
aten::slice,,,2.48,4.77,0,0,0,0
aten::as_strided,,,2.29,2.29,0,0,0,0
aten::fill_,,,17.01,32.0,0,0,0,0
aclnnInplaceFillScalar,,,14.99,14.99,0,0,0,0
aten::slice,,,5.66,9.29,0,0,0,0
aten::as_strided,,,3.63,3.63,0,0,0,0
aten::fill_,,,12.03,24.6,0,0,0,0
aclnnInplaceFillScalar,,,12.57,12.57,0,0,0,0
aten::diff,,,7.0,32.6,0,0,0,0
aten::narrow,,,5.47,10.0,0,0,0,0
aten::slice,,,2.06,4.53,0,0,0,0
aten::as_strided,,,2.47,2.47,0,0,0,0
aten::narrow,,,1.77,3.63,0,0,0,0
aten::slice,,,1.13,1.86,0,0,0,0
aten::as_strided,,,0.73,0.73,0,0,0,0
aten::sub,,,11.97,11.97,0,0,0,0
aten::eq,,,12.28,27.62,0,0,0,0
aten::to,,,1.85,15.34,0,0,0,0
aten::_to_copy,,,4.91,13.49,0,0,0,0
aten::empty_strided,,,2.74,2.74,0,0,0,0
aten::copy_,,,5.84,5.84,0,0,0,0
aten::__and__,,,2.09,6.31,0,0,0,0
aten::bitwise_and,,,4.22,4.22,0,0,0,0
aten::gt,,,7.52,16.49,0,0,0,0
aten::to,,,0.96,8.97,0,0,0,0
aten::_to_copy,,,3.02,8.01,0,0,0,0
aten::empty_strided,,,2.0,2.0,0,0,0,0
aten::copy_,,,2.99,2.99,0,0,0,0
aten::__and__,,,1.52,4.41,0,0,0,0
aten::bitwise_and,,,2.89,2.89,0,0,0,0
aten::any,,,6.15,13.64,0,0,0,0
aten::view_as,,,2.06,4.09,0,0,0,0
aten::view,,,2.03,2.03,0,0,0,0
aten::to,,,0.56,0.56,0,0,0,0
aten::copy_,,,2.84,2.84,0,0,0,0
aten::item,,,1.83,3.11,0,0,0,0
aten::_local_scalar_dense,,,1.28,1.28,0,0,0,0
aten::slice,,,4.53,6.32,0,0,0,0
aten::as_strided,,,1.79,1.79,0,0,0,0
aten::slice,,,2.3,3.65,0,0,0,0
aten::as_strided,,,1.35,1.35,0,0,0,0
aten::sub,,,5.36,5.36,0,0,0,0
aten::select,,,3.4,4.63,0,0,0,0
aten::as_strided,,,1.23,1.23,0,0,0,0
aten::item,,,1.36,2.31,0,0,0,0
aten::_local_scalar_dense,,,0.95,0.95,0,0,0,0
aten::gt,,,7.47,17.24,0,0,0,0
aten::to,,,1.14,9.77,0,0,0,0
aten::_to_copy,,,3.37,8.63,0,0,0,0
aten::empty_strided,,,1.93,1.93,0,0,0,0
aten::copy_,,,3.33,3.33,0,0,0,0
aten::__ior__,,,2.37,6.51,0,0,0,0
aten::bitwise_or_,,,4.14,4.14,0,0,0,0
aten::any,,,5.53,11.6,0,0,0,0
aten::view_as,,,2.14,3.27,0,0,0,0
aten::view,,,1.13,1.13,0,0,0,0
aten::to,,,0.3,0.3,0,0,0,0
aten::copy_,,,2.5,2.5,0,0,0,0
aten::is_nonzero,,,1.42,6.27,0,0,0,0
aten::item,,,1.28,4.85,0,0,0,0
aten::_local_scalar_dense,,,3.57,3.57,0,0,0,0
aten::select,,,5.02,18.39,0,0,0,0
aten::as_strided,,,13.37,13.37,0,0,0,0
aten::slice,,,5.03,8.45,0,0,0,0
aten::as_strided,,,3.42,3.42,0,0,0,0
aten::slice,,,2.45,4.93,0,0,0,0
aten::as_strided,,,2.48,2.48,0,0,0,0
aten::slice,,,2.5,4.52,0,0,0,0
aten::as_strided,,,2.02,2.02,0,0,0,0
aten::copy_,,,64.58,99.89,0,0.62,0,0
aclnnInplaceCopy,,,35.31,35.31,0.62,0.62,0,0
aten::slice,,,6.01,10.24,0,0,0,0
aten::as_strided,,,4.23,4.23,0,0,0,0
aten::fill_,,,15.92,35.5,0,0,0,0
aclnnInplaceFillScalar,,,19.58,19.58,0,0,0,0
aten::slice,,,5.77,9.59,0,0,0,0
aten::as_strided,,,3.82,3.82,0,0,0,0
aten::slice,,,2.75,5.63,0,0,0,0
aten::as_strided,,,2.88,2.88,0,0,0,0
aten::slice,,,5.23,7.55,0,0,0,0
aten::as_strided,,,2.32,2.32,0,0,0,0
aten::copy_,,,57.48,75.53,0,0.7,0,0
aclnnInplaceCopy,,,18.05,18.05,0.7,0.7,0,0
aten::slice,,,5.87,9.54,0,0,0,0
aten::as_strided,,,3.67,3.67,0,0,0,0
aten::slice,,,3.29,6.97,0,0,0,0
aten::as_strided,,,3.68,3.68,0,0,0,0
aten::slice,,,3.98,6.78,0,0,0,0
aten::as_strided,,,2.8,2.8,0,0,0,0
aten::slice,,,2.59,5.26,0,0,0,0
aten::as_strided,,,2.67,2.67,0,0,0,0
aten::slice,,,2.43,5.12,0,0,0,0
aten::as_strided,,,2.69,2.69,0,0,0,0
aten::copy_,,,49.4,68.07,0,0.76003125,0,0
aclnnInplaceCopy,,,18.67,18.67,0.76003125,0.76003125,0,0
aten::slice,,,5.55,9.3,0,0,0,0
aten::as_strided,,,3.75,3.75,0,0,0,0
aten::slice,,,2.81,5.23,0,0,0,0
aten::as_strided,,,2.42,2.42,0,0,0,0
aten::slice,,,2.38,4.65,0,0,0,0
aten::as_strided,,,2.27,2.27,0,0,0,0
aten::sub,,,17.75,31.19,0,1.32003125,0,0
aclnnSub,,,13.44,13.44,1.32003125,1.32003125,0,0
Event::record,,,171.59,193.48,0,0.02,0,0
record_event,,,21.89,21.89,0.02,0.02,0,0
aten::slice,,,8.93,15.79,0,0,0,0
aten::as_strided,,,6.86,6.86,0,0,0,0
aten::slice,,,3.5,6.43,0,0,0,0
aten::as_strided,,,2.93,2.93,0,0,0,0
aten::slice,,,6.48,12.79,0,0,0,0
aten::as_strided,,,6.31,6.31,0,0,0,0
aten::scalar_tensor,,,6.52,56.83,0,1.38003125,0,0
aten::empty,,,2.86,14.8,0,0,0,0
empty_tensor,,,11.94,11.94,0,0,0,0
aten::fill_,,,17.96,35.51,0,1.38003125,0,0
aclnnInplaceFillScalar,,,17.55,17.55,1.38003125,1.38003125,0,0
aten::view,,,4.38,4.38,0,0,0,0
aten::expand,,,2.91,5.41,0,0,0,0
aten::as_strided,,,2.5,2.5,0,0,0,0
aten::copy_,,,55.7,71.17,0,0.60003125,0,0
aclnnInplaceCopy,,,15.47,15.47,0.60003125,0.60003125,0,0
aten::scalar_tensor,,,4.79,48.87,0,1.5,0,0
aten::empty,,,2.43,10.96,0,0,0,0
empty_tensor,,,8.53,8.53,0,0,0,0
aten::fill_,,,12.1,33.12,0,1.5,0,0
aclnnInplaceFillScalar,,,21.02,21.02,1.5,1.5,0,0
aten::slice,,,7.6,12.58,0,0,0,0
aten::as_strided,,,4.98,4.98,0,0,0,0
aten::view,,,2.39,2.39,0,0,0,0
aten::expand,,,1.77,3.35,0,0,0,0
aten::as_strided,,,1.58,1.58,0,0,0,0
aten::copy_,,,2.18,2.18,0,0,0,0
aten::index,,,39.32,73.42,0,11.180218749999998,0,0
empty_tensor,,,7.36,7.36,0,0,0,0
empty_tensor,,,9.32,9.32,0,0,0,0
aclnnIndex,,,17.42,17.42,11.180218749999998,11.180218749999998,0,0
aten::linear,,,6.0,71.42,0,909.05815625,0,909.05815625
aten::t,,,6.62,17.45,0,0,0,0
aten::transpose,,,3.71,10.83,0,0,0,0
aten::as_strided,,,7.12,7.12,0,0,0,0
aten::matmul,,,22.76,47.97,0,909.05815625,0,909.05815625
empty_tensor,,,8.84,8.84,0,0,0,0
aclnnMatmul,,,16.37,16.37,909.05815625,909.05815625,909.05815625,909.05815625
aten::alias,,,2.77,2.77,0,0,0,0
aten::log_softmax,,,8.96,119.17,0,51.361031249999996,0,0
aten::to,,,3.87,73.16,0,7.70015625,0,0
aten::_to_copy,,,8.42,69.29,0,7.70015625,0,0
aten::empty_strided,,,11.66,18.13,0,0,0,0
empty_tensor,,,6.47,6.47,0,0,0,0
aten::copy_,,,21.6,42.74,0,7.70015625,0,0
aclnnInplaceCopy,,,21.14,21.14,7.70015625,7.70015625,0,0
aten::_log_softmax,,,18.99,37.05,0,43.660875,0,0
empty_tensor,,,7.59,7.59,0,0,0,0
aclnnLogSoftmax,,,10.47,10.47,43.660875,43.660875,0,0
aten::to,,,2.07,46.79,0,2.7400625,0,0
aten::_to_copy,,,5.66,44.72,0,2.7400625,0,0
aten::empty_strided,,,7.61,12.12,0,0,0,0
empty_tensor,,,4.51,4.51,0,0,0,0
aten::copy_,,,15.07,26.94,0,2.7400625,0,0
aclnnInplaceCopy,,,11.87,11.87,2.7400625,2.7400625,0,0
aten::argmax,,,7.9,64.6,0,20.74040625,0,0
aten::empty,,,2.79,11.31,0,0,0,0
empty_tensor,,,8.52,8.52,0,0,0,0
aten::argmax,,,25.36,45.39,0,20.74040625,0,0
aten::reshape,,,2.15,7.55,0,0,0,0
aten::view,,,5.4,5.4,0,0,0,0
aclnnArgMax,,,12.48,12.48,20.74040625,20.74040625,0,0
aten::view,,,4.05,4.05,0,0,0,0
aten::to,,,1.55,1.55,0,0,0,0
aten::topk,,,21.87,46.85,0,33.000625,0,0
empty_tensor,,,7.39,7.39,0,0,0,0
empty_tensor,,,4.7,4.7,0,0,0,0
aclnnTopk,,,12.89,12.89,33.000625,33.000625,0,0
aten::unsqueeze,,,4.15,8.99,0,0,0,0
aten::as_strided,,,4.84,4.84,0,0,0,0
aten::gather,,,19.71,29.39,0,5.240125,0,0
empty_tensor,,,6.55,6.55,0,0,0,0
aclnnGather,,,3.13,3.13,5.240125,5.240125,0,0
TorchDynamo Cache Lookup,,,37.41,37.41,0,0,0,0
Torch-Compiled Region: 0/0,,,112.18,206.64,0,38.680718750000004,0,0
aten::_assert_scalar,,,3.65,3.65,0,0,0,0
aten::_assert_scalar,,,1.43,1.43,0,0,0,0
aten::_assert_scalar,,,1.01,1.01,0,0,0,0
aten::ge,,,18.58,45.81,0,8.08015625,0,0
empty_tensor,,,10.97,10.97,0,0,0,0
aclnnGeTensor,,,16.26,16.26,8.08015625,8.08015625,0,0
aten::sum,,,20.38,42.56,0,30.600562500000002,0,0
empty_tensor,,,7.63,7.63,0,0,0,0
aclnnReduceSum,,,14.55,14.55,30.600562500000002,30.600562500000002,0,0
aten::cat,,,20.73,41.0,0,2.6200625,0,0
empty_tensor,,,7.64,7.64,0,0,0,0
aclnnCat,,,12.63,12.63,2.6200625,2.6200625,0,0
aten::cat,,,12.14,30.35,0,1.90003125,0,0
empty_tensor,,,6.23,6.23,0,0,0,0
aclnnCat,,,11.98,11.98,1.90003125,1.90003125,0,0
aten::to,,,2.57,64.32,0,1.46003125,0,0
aten::_to_copy,,,6.44,61.75,0,1.46003125,0,0
aten::empty_strided,,,8.29,26.31,0,0,0,0
empty_tensor,,,18.02,18.02,0,0,0,0
aten::copy_,,,16.49,29.0,0,1.46003125,0,0
aclnnInplaceCopy,,,12.51,12.51,1.46003125,1.46003125,0,0
aten::to,,,2.3,43.71,0,1.32003125,0,0
aten::_to_copy,,,4.95,41.41,0,1.32003125,0,0
aten::empty_strided,,,6.87,11.29,0,0,0,0
empty_tensor,,,4.42,4.42,0,0,0,0
aten::copy_,,,14.06,25.17,0,1.32003125,0,0
aclnnInplaceCopy,,,11.11,11.11,1.32003125,1.32003125,0,0
aten::unsqueeze,,,4.0,9.09,0,0,0,0
aten::as_strided,,,5.09,5.09,0,0,0,0
Event::record,,,156.11,175.55,0,0.02,0,0
record_event,,,19.44,19.44,0.02,0.02,0,0
aten::slice,,,5.43,13.05,0,0,0,0
aten::as_strided,,,7.62,7.62,0,0,0,0
Event::wait,,,84.21,104.57,0,2044.28084375,0,0
wait_event,,,20.36,20.36,2044.28084375,2044.28084375,0,0
Event::record,,,90.66,110.48,0,0.02,0,0
record_event,,,19.82,19.82,0.02,0.02,0,0
Event::wait,,,60.99,81.81,0,1653.81303125,0,0
wait_event,,,20.82,20.82,1653.81303125,1653.81303125,0,0
destroy_event,,,11.7,11.7,0,0,0,0
aten::to,,,4.03,70.27,0,1.84,0,0
aten::_to_copy,,,7.88,66.24,0,1.84,0,0
aten::empty_strided,,,25.29,25.29,0,0,0,0
aten::copy_,,,20.3,33.07,0,1.84,0,0
acl_memcpy_device_to_host,,,12.77,12.77,1.84,1.84,0,0
aten::to,,,2.59,36.7,0,1.90003125,0,0
aten::_to_copy,,,4.97,34.11,0,1.90003125,0,0
aten::empty_strided,,,3.73,3.73,0,0,0,0
aten::copy_,,,14.37,25.41,0,1.90003125,0,0
acl_memcpy_device_to_host,,,11.04,11.04,1.90003125,1.90003125,0,0
aten::to,,,1.91,31.93,0,2.00003125,0,0
aten::_to_copy,,,4.37,30.02,0,2.00003125,0,0
aten::empty_strided,,,2.82,2.82,0,0,0,0
aten::copy_,,,11.25,22.83,0,2.00003125,0,0
acl_memcpy_device_to_host,,,11.58,11.58,2.00003125,2.00003125,0,0
aten::to,,,1.81,28.65,0,1.88003125,0,0
aten::_to_copy,,,3.82,26.84,0,1.88003125,0,0
aten::empty_strided,,,2.83,2.83,0,0,0,0
aten::copy_,,,10.34,20.19,0,1.88003125,0,0
acl_memcpy_device_to_host,,,9.85,9.85,1.88003125,1.88003125,0,0
Event::record,,,163.38,182.53,0,0.02,0,0
record_event,,,19.15,19.15,0.02,0.02,0,0
Event::synchronize,,,86.77,86.77,0,0,0,0
aten::resolve_conj,,,1.85,1.85,0,0,0,0
aten::resolve_neg,,,0.81,0.81,0,0,0,0
aten::to,,,3.63,3.63,0,0,0,0
aten::detach,,,4.35,4.35,0,0,0,0
aten::to,,,0.86,0.86,0,0,0,0
aten::resolve_conj,,,0.63,0.63,0,0,0,0
aten::resolve_neg,,,0.6,0.6,0,0,0,0
aten::to,,,1.31,1.31,0,0,0,0
aten::detach,,,1.69,1.69,0,0,0,0
aten::to,,,0.58,0.58,0,0,0,0
aten::resolve_conj,,,0.53,0.53,0,0,0,0
aten::resolve_neg,,,0.44,0.44,0,0,0,0
aten::to,,,1.48,1.48,0,0,0,0
aten::detach,,,1.21,1.21,0,0,0,0
aten::to,,,0.75,0.75,0,0,0,0
aten::resolve_conj,,,0.45,0.45,0,0,0,0
aten::resolve_neg,,,0.55,0.55,0,0,0,0
destroy_event,,,19.63,19.63,0,0,0,0
record_event,,,18.21,18.21,0.02,0.02,0,0
Event::synchronize,,,157.14,157.14,0,0,0,0
aten::slice,,,13.26,17.56,0,0,0,0
aten::as_strided,,,4.3,4.3,0,0,0,0
aten::slice,,,3.83,11.49,0,0,0,0
aten::as_strided,,,7.66,7.66,0,0,0,0
aten::pin_memory,,,106.22,124.02,0,0,0,0
aten::is_pinned,,,17.8,17.8,0,0,0,0
aten::copy_,,,21.71,36.69,0,2.3400625,0,0
acl_memcpy_host_to_device,,,14.98,14.98,2.3400625,2.3400625,0,0
aten::slice,,,7.16,9.99,0,0,0,0
aten::as_strided,,,2.83,2.83,0,0,0,0
aten::slice,,,3.49,9.08,0,0,0,0
aten::as_strided,,,5.59,5.59,0,0,0,0
aten::pin_memory,,,3.81,12.88,0,0,0,0
aten::is_pinned,,,9.07,9.07,0,0,0,0
aten::copy_,,,14.01,27.22,0,2.18003125,0,0
acl_memcpy_host_to_device,,,13.21,13.21,2.18003125,2.18003125,0,0
aten::slice,,,4.98,6.97,0,0,0,0
aten::as_strided,,,1.99,1.99,0,0,0,0
aten::slice,,,2.76,6.63,0,0,0,0
aten::as_strided,,,3.87,3.87,0,0,0,0
aten::pin_memory,,,3.43,10.39,0,0,0,0
aten::is_pinned,,,6.96,6.96,0,0,0,0
aten::copy_,,,12.18,24.71,0,2.1600625,0,0
acl_memcpy_host_to_device,,,12.53,12.53,2.1600625,2.1600625,0,0
aten::slice,,,4.83,7.47,0,0,0,0
aten::as_strided,,,2.64,2.64,0,0,0,0
aten::slice,,,2.65,6.24,0,0,0,0
aten::as_strided,,,3.59,3.59,0,0,0,0
aten::pin_memory,,,3.22,10.74,0,0,0,0
aten::is_pinned,,,7.52,7.52,0,0,0,0
aten::copy_,,,12.71,37.12,0,2.20003125,0,0
acl_memcpy_host_to_device,,,24.41,24.41,2.20003125,2.20003125,0,0
aten::slice,,,4.81,6.69,0,0,0,0
aten::as_strided,,,1.88,1.88,0,0,0,0
aten::slice,,,2.76,6.44,0,0,0,0
aten::as_strided,,,3.68,3.68,0,0,0,0
aten::pin_memory,,,3.15,10.41,0,0,0,0
aten::is_pinned,,,7.26,7.26,0,0,0,0
aten::copy_,,,12.04,23.65,0,2.3200625,0,0
acl_memcpy_host_to_device,,,11.61,11.61,2.3200625,2.3200625,0,0
aten::slice,,,9.67,13.4,0,0,0,0
aten::as_strided,,,3.73,3.73,0,0,0,0
aten::slice,,,3.98,9.47,0,0,0,0
aten::as_strided,,,5.49,5.49,0,0,0,0
aten::pin_memory,,,4.07,15.7,0,0,0,0
aten::is_pinned,,,11.63,11.63,0,0,0,0
aten::copy_,,,16.42,32.66,0,2.14003125,0,0
acl_memcpy_host_to_device,,,16.24,16.24,2.14003125,2.14003125,0,0
aten::slice,,,5.4,9.78,0,0,0,0
aten::as_strided,,,4.38,4.38,0,0,0,0
aten::lift_fresh,,,1.29,1.29,0,0,0,0
aten::lift_fresh,,,1.45,1.45,0,0,0,0
aten::flatten,,,3.76,10.22,0,0,0,0
aten::view,,,6.46,6.46,0,0,0,0
aten::slice,,,3.93,5.59,0,0,0,0
aten::as_strided,,,1.66,1.66,0,0,0,0
aten::index_select,,,7.17,7.17,0,0,0,0
aten::pin_memory,,,4.01,15.29,0,0,0,0
aten::is_pinned,,,11.28,11.28,0,0,0,0
aten::copy_,,,15.56,30.02,0,2.16003125,0,0
acl_memcpy_host_to_device,,,14.46,14.46,2.16003125,2.16003125,0,0
aten::pin_memory,,,3.73,10.81,0,0,0,0
aten::is_pinned,,,7.08,7.08,0,0,0,0
aten::copy_,,,13.14,25.0,0,2.16003125,0,0
acl_memcpy_host_to_device,,,11.86,11.86,2.16003125,2.16003125,0,0
aten::slice,,,6.17,8.93,0,0,0,0
aten::as_strided,,,2.76,2.76,0,0,0,0
aten::lift_fresh,,,0.95,0.95,0,0,0,0
aten::slice,,,3.14,4.38,0,0,0,0
aten::as_strided,,,1.24,1.24,0,0,0,0
aten::add,,,15.04,15.04,0,0,0,0
aten::slice,,,4.52,31.03,0,0,0,0
aten::as_strided,,,26.51,26.51,0,0,0,0
aten::fill_,,,6.83,6.83,0,0,0,0
aten::slice,,,3.72,9.42,0,0,0,0
aten::as_strided,,,5.7,5.7,0,0,0,0
aten::fill_,,,20.46,35.58,0,1.68003125,0,0
aclnnInplaceFillScalar,,,15.12,15.12,1.68003125,1.68003125,0,0
aten::slice,,,6.4,12.86,0,0,0,0
aten::as_strided,,,6.46,6.46,0,0,0,0
aten::select,,,3.76,6.84,0,0,0,0
aten::as_strided,,,3.08,3.08,0,0,0,0
aten::copy_,,,64.53,85.09,0,0.60003125,0,0
aclnnInplaceCopy,,,20.56,20.56,0.60003125,0.60003125,0,0
aten::slice,,,8.36,11.05,0,0,0,0
aten::as_strided,,,2.69,2.69,0,0,0,0
aten::detach,,,2.98,2.98,0,0,0,0
aten::to,,,1.97,1.97,0,0,0,0
aten::resolve_conj,,,0.84,0.84,0,0,0,0
aten::resolve_neg,,,0.53,0.53,0,0,0,0
aten::slice,,,5.13,7.7,0,0,0,0
aten::as_strided,,,2.57,2.57,0,0,0,0
aten::slice,,,3.29,8.0,0,0,0,0
aten::as_strided,,,4.71,4.71,0,0,0,0
aten::pin_memory,,,4.0,16.44,0,0,0,0
aten::is_pinned,,,12.44,12.44,0,0,0,0
aten::copy_,,,4.19,4.19,0,0,0,0
aten::slice,,,5.95,7.76,0,0,0,0
aten::as_strided,,,1.81,1.81,0,0,0,0
aten::slice,,,2.92,6.86,0,0,0,0
aten::as_strided,,,3.94,3.94,0,0,0,0
aten::pin_memory,,,3.41,11.68,0,0,0,0
aten::is_pinned,,,8.27,8.27,0,0,0,0
aten::copy_,,,15.1,34.14,0,2.3600625,0,0
acl_memcpy_host_to_device,,,19.04,19.04,2.3600625,2.3600625,0,0
aten::fill_,,,17.6,36.26,0,1.38003125,0,0
aclnnInplaceFillScalar,,,18.66,18.66,1.38003125,1.38003125,0,0
aten::slice,,,6.91,11.23,0,0,0,0
aten::as_strided,,,4.32,4.32,0,0,0,0
aten::slice,,,2.99,4.78,0,0,0,0
aten::as_strided,,,1.79,1.79,0,0,0,0
aten::copy_,,,16.62,30.33,0,2.1400625,0,0
acl_memcpy_host_to_device,,,13.71,13.71,2.1400625,2.1400625,0,0
aten::slice,,,5.59,7.48,0,0,0,0
aten::as_strided,,,1.89,1.89,0,0,0,0
aten::slice,,,2.79,6.41,0,0,0,0
aten::as_strided,,,3.62,3.62,0,0,0,0
aten::pin_memory,,,3.91,12.3,0,0,0,0
aten::is_pinned,,,8.39,8.39,0,0,0,0
aten::copy_,,,12.57,25.46,0,2.1400625,0,0
acl_memcpy_host_to_device,,,12.89,12.89,2.1400625,2.1400625,0,0
aten::slice,,,5.58,9.24,0,0,0,0
aten::as_strided,,,3.66,3.66,0,0,0,0
aten::slice,,,3.16,5.71,0,0,0,0
aten::as_strided,,,2.55,2.55,0,0,0,0
aten::slice,,,2.63,5.32,0,0,0,0
aten::as_strided,,,2.69,2.69,0,0,0,0
aten::pin_memory,,,3.4,10.48,0,0,0,0
aten::is_pinned,,,7.08,7.08,0,0,0,0
aten::copy_,,,12.62,24.06,0,2.1400625,0,0
acl_memcpy_host_to_device,,,11.44,11.44,2.1400625,2.1400625,0,0
aten::slice,,,4.93,7.45,0,0,0,0
aten::as_strided,,,2.52,2.52,0,0,0,0
aten::slice,,,2.71,6.06,0,0,0,0
aten::as_strided,,,3.35,3.35,0,0,0,0
aten::pin_memory,,,3.15,9.99,0,0,0,0
aten::is_pinned,,,6.84,6.84,0,0,0,0
aten::copy_,,,12.69,30.24,0,2.16003125,0,0
acl_memcpy_host_to_device,,,17.55,17.55,2.16003125,2.16003125,0,0
aten::slice,,,4.42,9.33,0,0,0,0
aten::as_strided,,,4.91,4.91,0,0,0,0
aten::index,,,48.49,87.51,0,10.44021875,0,0
empty_tensor,,,6.66,6.66,0,0,0,0
empty_tensor,,,8.59,8.59,0,0,0,0
aclnnIndex,,,23.77,23.77,10.44021875,10.44021875,0,0
aten::to,,,2.24,49.99,0,1.18003125,0,0
aten::_to_copy,,,6.18,47.75,0,1.18003125,0,0
aten::empty_strided,,,8.75,13.35,0,0,0,0
empty_tensor,,,4.6,4.6,0,0,0,0
aten::copy_,,,17.97,28.22,0,1.18003125,0,0
aclnnInplaceCopy,,,10.25,10.25,1.18003125,1.18003125,0,0
aten::slice,,,7.09,11.16,0,0,0,0
aten::as_strided,,,4.07,4.07,0,0,0,0
aten::add,,,21.2,61.65,0,2.56003125,0,0
empty_tensor,,,19.8,19.8,0,0,0,0
aclnnAdd,,,20.65,20.65,2.56003125,2.56003125,0,0
aten::slice,,,6.27,17.34,0,0,0,0
aten::as_strided,,,11.07,11.07,0,0,0,0
aten::copy_,,,62.09,77.12,0,0.58003125,0,0
aclnnInplaceCopy,,,15.03,15.03,0.58003125,0.58003125,0,0
aten::slice,,,6.88,11.24,0,0,0,0
aten::as_strided,,,4.36,4.36,0,0,0,0
aten::add,,,19.41,40.58,0,1.5400625,0,0
empty_tensor,,,8.6,8.6,0,0,0,0
aclnnAdd,,,12.57,12.57,1.5400625,1.5400625,0,0
aten::slice,,,5.97,9.93,0,0,0,0
aten::as_strided,,,3.96,3.96,0,0,0,0
aten::copy_,,,45.97,63.29,0,0.70003125,0,0
aclnnInplaceCopy,,,17.32,17.32,0.70003125,0.70003125,0,0
aten::slice,,,6.09,10.15,0,0,0,0
aten::as_strided,,,4.06,4.06,0,0,0,0
aten::fill_,,,13.34,25.39,0,1.44003125,0,0
aclnnInplaceFillScalar,,,12.05,12.05,1.44003125,1.44003125,0,0
aten::slice,,,6.12,9.71,0,0,0,0
aten::as_strided,,,3.59,3.59,0,0,0,0
aten::slice,,,2.95,6.14,0,0,0,0
aten::as_strided,,,3.19,3.19,0,0,0,0
_compute_slot_mapping_fused_groups_kernel,,,29.95,29.95,21.9604375,21.9604375,0,0
aten::slice,,,9.25,16.92,0,0,0,0
aten::as_strided,,,7.67,7.67,0,0,0,0
aten::sub,,,27.16,63.61,0,1.50003125,0,0
empty_tensor,,,12.46,12.46,0,0,0,0
aten::item,,,2.6,4.2,0,0,0,0
aten::_local_scalar_dense,,,1.6,1.6,0,0,0,0
aclnnSubs,,,19.79,19.79,1.50003125,1.50003125,0,0
aten::pin_memory,,,7.24,24.0,0,0,0,0
aten::is_pinned,,,16.76,16.76,0,0,0,0
aten::copy_,,,19.39,42.85,0,2.18003125,0,0
acl_memcpy_host_to_device,,,23.46,23.46,2.18003125,2.18003125,0,0
aten::detach,,,4.45,4.45,0,0,0,0
aten::to,,,1.93,1.93,0,0,0,0
aten::resolve_conj,,,0.79,0.79,0,0,0,0
aten::resolve_neg,,,0.55,0.55,0,0,0,0
aten::slice,,,8.68,16.0,0,0,0,0
aten::as_strided,,,7.32,7.32,0,0,0,0
aten::slice,,,3.57,8.15,0,0,0,0
aten::as_strided,,,4.58,4.58,0,0,0,0
aten::slice,,,3.13,5.7,0,0,0,0
aten::as_strided,,,2.57,2.57,0,0,0,0
aten::fill_,,,19.28,40.35,0,0,0,0
aclnnInplaceFillScalar,,,21.07,21.07,0,0,0,0
aten::slice,,,4.4,7.92,0,0,0,0
aten::as_strided,,,3.52,3.52,0,0,0,0
aten::fill_,,,14.32,31.85,0,0,0,0
aclnnInplaceFillScalar,,,17.53,17.53,0,0,0,0
aten::slice,,,4.53,7.07,0,0,0,0
aten::as_strided,,,2.54,2.54,0,0,0,0
aten::slice,,,2.58,3.44,0,0,0,0
aten::as_strided,,,0.86,0.86,0,0,0,0
aten::lt,,,13.49,13.49,0,0,0,0
aten::lift_fresh,,,0.93,0.93,0,0,0,0
aten::slice,,,1.6,3.43,0,0,0,0
aten::as_strided,,,1.83,1.83,0,0,0,0
aten::fill_,,,2.51,9.22,0,0,0,0
aten::copy_,,,6.71,6.71,0,0,0,0
aten::slice,,,3.43,5.14,0,0,0,0
aten::as_strided,,,1.71,1.71,0,0,0,0
aten::slice,,,2.92,6.73,0,0,0,0
aten::as_strided,,,3.81,3.81,0,0,0,0
aten::slice,,,2.86,4.68,0,0,0,0
aten::as_strided,,,1.82,1.82,0,0,0,0
aten::slice,,,2.92,5.68,0,0,0,0
aten::as_strided,,,2.76,2.76,0,0,0,0
aten::slice,,,1.97,2.98,0,0,0,0
aten::as_strided,,,1.01,1.01,0,0,0,0
aten::slice,,,1.81,3.82,0,0,0,0
aten::as_strided,,,2.01,2.01,0,0,0,0
aten::slice,,,2.84,5.72,0,0,0,0
aten::as_strided,,,2.88,2.88,0,0,0,0
aten::slice,,,2.42,4.53,0,0,0,0
aten::as_strided,,,2.11,2.11,0,0,0,0
aten::slice,,,2.62,4.94,0,0,0,0
aten::as_strided,,,2.32,2.32,0,0,0,0
aten::slice,,,5.78,11.48,0,0,0,0
aten::as_strided,,,5.7,5.7,0,0,0,0
aten::slice,,,2.9,6.04,0,0,0,0
aten::as_strided,,,3.14,3.14,0,0,0,0
aten::slice,,,3.11,5.69,0,0,0,0
aten::as_strided,,,2.58,2.58,0,0,0,0
aten::to,,,1.67,1.67,0,0,0,0
aten::slice,,,2.83,5.78,0,0,0,0
aten::as_strided,,,2.95,2.95,0,0,0,0
aten::slice,,,2.46,5.06,0,0,0,0
aten::as_strided,,,2.6,2.6,0,0,0,0
aten::slice,,,2.48,4.16,0,0,0,0
aten::as_strided,,,1.68,1.68,0,0,0,0
aten::slice,,,3.45,7.25,0,0,0,0
aten::as_strided,,,3.8,3.8,0,0,0,0
aten::slice,,,2.84,6.78,0,0,0,0
aten::as_strided,,,3.94,3.94,0,0,0,0
aten::alias,,,5.6,5.6,0,0,0,0
aten::div,,,37.24,62.85,0,6.160125,0,0
aten::item,,,2.31,3.77,0,0,0,0
aten::_local_scalar_dense,,,1.46,1.46,0,0,0,0
aclnnDivMods,,,21.84,21.84,6.160125,6.160125,0,0
aten::slice,,,3.89,9.27,0,0,0,0
aten::as_strided,,,5.38,5.38,0,0,0,0
aten::slice,,,4.89,7.98,0,0,0,0
aten::as_strided,,,3.09,3.09,0,0,0,0
aten::copy_,,,62.18,79.65,0,0.58,0,0
aclnnInplaceCopy,,,17.47,17.47,0.58,0.58,0,0
aten::slice,,,3.14,6.89,0,0,0,0
aten::as_strided,,,3.75,3.75,0,0,0,0
aten::slice,,,4.88,8.33,0,0,0,0
aten::as_strided,,,3.45,3.45,0,0,0,0
aten::ge,,,22.96,48.67,0,4.16009375,0,0
empty_tensor,,,10.8,10.8,0,0,0,0
aclnnGeScalar,,,14.91,14.91,4.16009375,4.16009375,0,0
aten::add,,,20.59,45.99,0,2.2000625,0,0
empty_tensor,,,7.62,7.62,0,0,0,0
aten::item,,,2.26,3.77,0,0,0,0
aten::_local_scalar_dense,,,1.51,1.51,0,0,0,0
aclnnAdds,,,14.01,14.01,2.2000625,2.2000625,0,0
aten::remainder,,,21.67,41.56,0,3.5000937500000004,0,0
empty_tensor,,,7.47,7.47,0,0,0,0
aclnnRemainderTensorScalar,,,12.42,12.42,3.5000937500000004,3.5000937500000004,0,0
aten::eq,,,13.05,26.02,0,2.3000625,0,0
empty_tensor,,,5.94,5.94,0,0,0,0
aclnnEqScalar,,,7.03,7.03,2.3000625,2.3000625,0,0
aten::__and__,,,2.51,37.89,0,1.44003125,0,0
aten::bitwise_and,,,17.39,35.38,0,1.44003125,0,0
empty_tensor,,,5.81,5.81,0,0,0,0
aclnnBitwiseAndTensor,,,12.18,12.18,1.44003125,1.44003125,0,0
aten::clamp_min,,,12.66,30.47,0,1.58003125,0,0
empty_tensor,,,6.35,6.35,0,0,0,0
aclnnClampMin,,,11.46,11.46,1.58003125,1.58003125,0,0
aten::div,,,21.9,44.34,0,5.20009375,0,0
empty_tensor,,,6.77,6.77,0,0,0,0
aten::item,,,2.2,3.57,0,0,0,0
aten::_local_scalar_dense,,,1.37,1.37,0,0,0,0
aclnnDivMods,,,12.1,12.1,5.20009375,5.20009375,0,0
aten::remainder,,,18.32,39.93,0,4.64009375,0,0
empty_tensor,,,6.27,6.27,0,0,0,0
aclnnRemainderTensorScalar,,,15.34,15.34,4.64009375,4.64009375,0,0
aten::mul,,,17.94,39.24,0,1.46003125,0,0
empty_tensor,,,6.62,6.62,0,0,0,0
aten::item,,,1.95,2.95,0,0,0,0
aten::_local_scalar_dense,,,1.0,1.0,0,0,0,0
aclnnMuls,,,11.73,11.73,1.46003125,1.46003125,0,0
aten::div,,,20.52,41.61,0,4.4800625,0,0
empty_tensor,,,6.83,6.83,0,0,0,0
aten::item,,,1.71,2.72,0,0,0,0
aten::_local_scalar_dense,,,1.01,1.01,0,0,0,0
aclnnDivMods,,,11.54,11.54,4.4800625,4.4800625,0,0
aten::add,,,16.36,38.4,0,1.2600625,0,0
empty_tensor,,,6.03,6.03,0,0,0,0
aclnnAdd,,,16.01,16.01,1.2600625,1.2600625,0,0
aten::full_like,,,5.18,47.28,0,1.36003125,0,0
aten::empty_like,,,6.29,18.86,0,0,0,0
aten::empty_strided,,,8.59,12.57,0,0,0,0
empty_tensor,,,3.98,3.98,0,0,0,0
aten::fill_,,,10.85,23.24,0,1.36003125,0,0
aclnnInplaceFillScalar,,,12.39,12.39,1.36003125,1.36003125,0,0
aten::where,,,14.01,30.58,0,1.82,0,0
empty_tensor,,,6.04,6.04,0,0,0,0
aclnnSWhere,,,10.53,10.53,1.82,1.82,0,0
aten::copy_,,,15.24,29.29,0,1.14003125,0,0
aclnnInplaceCopy,,,14.05,14.05,1.14003125,1.14003125,0,0
aten::slice,,,4.53,9.21,0,0,0,0
aten::as_strided,,,4.68,4.68,0,0,0,0
aten::slice,,,6.01,9.58,0,0,0,0
aten::as_strided,,,3.57,3.57,0,0,0,0
aten::div,,,26.63,45.86,0,4.5000625,0,0
aten::item,,,2.46,3.71,0,0,0,0
aten::_local_scalar_dense,,,1.25,1.25,0,0,0,0
aclnnDivMods,,,15.52,15.52,4.5000625,4.5000625,0,0
aten::slice,,,2.97,6.77,0,0,0,0
aten::as_strided,,,3.8,3.8,0,0,0,0
aten::slice,,,4.22,7.05,0,0,0,0
aten::as_strided,,,2.83,2.83,0,0,0,0
aten::slice,,,2.56,4.95,0,0,0,0
aten::as_strided,,,2.39,2.39,0,0,0,0
aten::copy_,,,57.38,73.21,0,0.6,0,0
aclnnInplaceCopy,,,15.83,15.83,0.6,0.6,0,0
aten::slice,,,3.14,7.22,0,0,0,0
aten::as_strided,,,4.08,4.08,0,0,0,0
aten::slice,,,4.71,7.52,0,0,0,0
aten::as_strided,,,2.81,2.81,0,0,0,0
aten::copy_,,,51.07,70.31,0,0.62003125,0,0
aclnnInplaceCopy,,,19.24,19.24,0.62003125,0.62003125,0,0
aten::slice,,,5.91,9.03,0,0,0,0
aten::as_strided,,,3.12,3.12,0,0,0,0
aten::div,,,12.9,31.64,0,0,0,0
aten::to,,,2.07,18.74,0,0,0,0
aten::_to_copy,,,5.06,16.67,0,0,0,0
aten::empty_strided,,,4.17,4.17,0,0,0,0
aten::copy_,,,7.44,7.44,0,0,0,0
aten::slice,,,4.3,9.34,0,0,0,0
aten::as_strided,,,5.04,5.04,0,0,0,0
aten::slice,,,5.44,10.54,0,0,0,0
aten::as_strided,,,5.1,5.1,0,0,0,0
aten::slice,,,3.3,6.57,0,0,0,0
aten::as_strided,,,3.27,3.27,0,0,0,0
aten::slice,,,2.22,4.64,0,0,0,0
aten::as_strided,,,2.42,2.42,0,0,0,0
aten::fill_,,,17.63,35.25,0,0,0,0
aclnnInplaceFillScalar,,,17.62,17.62,0,0,0,0
aten::slice,,,5.59,9.43,0,0,0,0
aten::as_strided,,,3.84,3.84,0,0,0,0
aten::fill_,,,11.97,27.87,0,0,0,0
aclnnInplaceFillScalar,,,15.9,15.9,0,0,0,0
aten::slice,,,5.57,9.97,0,0,0,0
aten::as_strided,,,4.4,4.4,0,0,0,0
aten::slice,,,3.06,6.56,0,0,0,0
aten::as_strided,,,3.5,3.5,0,0,0,0
aten::slice,,,4.78,7.76,0,0,0,0
aten::as_strided,,,2.98,2.98,0,0,0,0
aten::slice,,,3.15,6.65,0,0,0,0
aten::as_strided,,,3.5,3.5,0,0,0,0
aten::slice,,,3.02,5.58,0,0,0,0
aten::as_strided,,,2.56,2.56,0,0,0,0
aten::slice,,,2.71,5.68,0,0,0,0
aten::as_strided,,,2.97,2.97,0,0,0,0
aten::slice,,,2.49,5.25,0,0,0,0
aten::as_strided,,,2.76,2.76,0,0,0,0
aten::fill_,,,15.02,29.69,0,0,0,0
aclnnInplaceFillScalar,,,14.67,14.67,0,0,0,0
aten::slice,,,4.11,7.73,0,0,0,0
aten::as_strided,,,3.62,3.62,0,0,0,0
aten::fill_,,,11.09,23.12,0,0,0,0
aclnnInplaceFillScalar,,,12.03,12.03,0,0,0,0
aten::diff,,,8.27,36.76,0,0,0,0
aten::narrow,,,6.43,11.33,0,0,0,0
aten::slice,,,2.48,4.9,0,0,0,0
aten::as_strided,,,2.42,2.42,0,0,0,0
aten::narrow,,,2.09,4.15,0,0,0,0
aten::slice,,,1.2,2.06,0,0,0,0
aten::as_strided,,,0.86,0.86,0,0,0,0
aten::sub,,,13.01,13.01,0,0,0,0
aten::eq,,,12.63,27.16,0,0,0,0
aten::to,,,1.47,14.53,0,0,0,0
aten::_to_copy,,,4.69,13.06,0,0,0,0
aten::empty_strided,,,2.79,2.79,0,0,0,0
aten::copy_,,,5.58,5.58,0,0,0,0
aten::__and__,,,2.19,7.2,0,0,0,0
aten::bitwise_and,,,5.01,5.01,0,0,0,0
aten::gt,,,8.33,16.52,0,0,0,0
aten::to,,,0.92,8.19,0,0,0,0
aten::_to_copy,,,2.52,7.27,0,0,0,0
aten::empty_strided,,,1.98,1.98,0,0,0,0
aten::copy_,,,2.77,2.77,0,0,0,0
aten::__and__,,,1.37,4.37,0,0,0,0
aten::bitwise_and,,,3.0,3.0,0,0,0,0
aten::any,,,6.91,14.6,0,0,0,0
aten::view_as,,,2.12,3.92,0,0,0,0
aten::view,,,1.8,1.8,0,0,0,0
aten::to,,,0.54,0.54,0,0,0,0
aten::copy_,,,3.23,3.23,0,0,0,0
aten::item,,,1.74,3.01,0,0,0,0
aten::_local_scalar_dense,,,1.27,1.27,0,0,0,0
aten::slice,,,4.76,6.44,0,0,0,0
aten::as_strided,,,1.68,1.68,0,0,0,0
aten::slice,,,2.18,3.12,0,0,0,0
aten::as_strided,,,0.94,0.94,0,0,0,0
aten::sub,,,4.99,4.99,0,0,0,0
aten::select,,,3.01,4.21,0,0,0,0
aten::as_strided,,,1.2,1.2,0,0,0,0
aten::item,,,1.12,2.21,0,0,0,0
aten::_local_scalar_dense,,,1.09,1.09,0,0,0,0
aten::gt,,,7.27,16.07,0,0,0,0
aten::to,,,1.11,8.8,0,0,0,0
aten::_to_copy,,,2.44,7.69,0,0,0,0
aten::empty_strided,,,2.15,2.15,0,0,0,0
aten::copy_,,,3.1,3.1,0,0,0,0
aten::__ior__,,,16.95,22.44,0,0,0,0
aten::bitwise_or_,,,5.49,5.49,0,0,0,0
aten::any,,,5.55,12.23,0,0,0,0
aten::view_as,,,1.77,3.3,0,0,0,0
aten::view,,,1.53,1.53,0,0,0,0
aten::to,,,0.37,0.37,0,0,0,0
aten::copy_,,,3.01,3.01,0,0,0,0
aten::is_nonzero,,,1.58,3.74,0,0,0,0
aten::item,,,1.36,2.16,0,0,0,0
aten::_local_scalar_dense,,,0.8,0.8,0,0,0,0
aten::select,,,5.31,10.88,0,0,0,0
aten::as_strided,,,5.57,5.57,0,0,0,0
aten::slice,,,5.51,9.26,0,0,0,0
aten::as_strided,,,3.75,3.75,0,0,0,0
aten::slice,,,2.56,5.05,0,0,0,0
aten::as_strided,,,2.49,2.49,0,0,0,0
aten::slice,,,2.23,4.76,0,0,0,0
aten::as_strided,,,2.53,2.53,0,0,0,0
aten::copy_,,,63.91,82.55,0,0.68003125,0,0
aclnnInplaceCopy,,,18.64,18.64,0.68003125,0.68003125,0,0
aten::slice,,,5.7,9.65,0,0,0,0
aten::as_strided,,,3.95,3.95,0,0,0,0
aten::fill_,,,14.67,28.32,0,0,0,0
aclnnInplaceFillScalar,,,13.65,13.65,0,0,0,0
aten::slice,,,5.4,9.51,0,0,0,0
aten::as_strided,,,4.11,4.11,0,0,0,0
aten::slice,,,2.94,5.4,0,0,0,0
aten::as_strided,,,2.46,2.46,0,0,0,0
aten::slice,,,3.04,5.41,0,0,0,0
aten::as_strided,,,2.37,2.37,0,0,0,0
aten::copy_,,,54.04,70.08,0,0.64,0,0
aclnnInplaceCopy,,,16.04,16.04,0.64,0.64,0,0
aten::slice,,,5.94,9.9,0,0,0,0
aten::as_strided,,,3.96,3.96,0,0,0,0
aten::slice,,,3.87,7.42,0,0,0,0
aten::as_strided,,,3.55,3.55,0,0,0,0
aten::slice,,,3.32,6.67,0,0,0,0
aten::as_strided,,,3.35,3.35,0,0,0,0
aten::slice,,,2.57,4.85,0,0,0,0
aten::as_strided,,,2.28,2.28,0,0,0,0
aten::slice,,,2.87,5.87,0,0,0,0
aten::as_strided,,,3.0,3.0,0,0,0,0
aten::copy_,,,48.53,63.82,0,0.66,0,0
aclnnInplaceCopy,,,15.29,15.29,0.66,0.66,0,0
aten::slice,,,6.33,10.3,0,0,0,0
aten::as_strided,,,3.97,3.97,0,0,0,0
aten::slice,,,2.98,5.85,0,0,0,0
aten::as_strided,,,2.87,2.87,0,0,0,0
aten::slice,,,2.7,5.35,0,0,0,0
aten::as_strided,,,2.65,2.65,0,0,0,0
aten::sub,,,25.81,48.92,0,1.28,0,0
aclnnSub,,,23.11,23.11,1.28,1.28,0,0
aten::slice,,,7.32,10.64,0,0,0,0
aten::as_strided,,,3.32,3.32,0,0,0,0
aten::slice,,,2.86,8.05,0,0,0,0
aten::as_strided,,,5.19,5.19,0,0,0,0
aten::slice,,,3.3,12.43,0,0,0,0
aten::as_strided,,,9.13,9.13,0,0,0,0
aten::slice,,,3.22,5.93,0,0,0,0
aten::as_strided,,,2.71,2.71,0,0,0,0
aten::slice,,,2.37,4.61,0,0,0,0
aten::as_strided,,,2.24,2.24,0,0,0,0
aten::fill_,,,16.59,38.41,0,0,0,0
aclnnInplaceFillScalar,,,21.82,21.82,0,0,0,0
aten::slice,,,4.04,7.75,0,0,0,0
aten::as_strided,,,3.71,3.71,0,0,0,0
aten::fill_,,,12.74,29.12,0,0,0,0
aclnnInplaceFillScalar,,,16.38,16.38,0,0,0,0
aten::diff,,,6.96,33.0,0,0,0,0
aten::narrow,,,5.37,9.68,0,0,0,0
aten::slice,,,2.14,4.31,0,0,0,0
aten::as_strided,,,2.17,2.17,0,0,0,0
aten::narrow,,,1.61,3.59,0,0,0,0
aten::slice,,,0.96,1.98,0,0,0,0
aten::as_strided,,,1.02,1.02,0,0,0,0
aten::sub,,,12.77,12.77,0,0,0,0
aten::eq,,,21.1,36.16,0,0,0,0
aten::to,,,1.62,15.06,0,0,0,0
aten::_to_copy,,,4.77,13.44,0,0,0,0
aten::empty_strided,,,2.96,2.96,0,0,0,0
aten::copy_,,,5.71,5.71,0,0,0,0
aten::__and__,,,1.96,6.29,0,0,0,0
aten::bitwise_and,,,4.33,4.33,0,0,0,0
aten::gt,,,7.68,18.45,0,0,0,0
aten::to,,,2.84,10.77,0,0,0,0
aten::_to_copy,,,2.67,7.93,0,0,0,0
aten::empty_strided,,,2.36,2.36,0,0,0,0
aten::copy_,,,2.9,2.9,0,0,0,0
aten::__and__,,,1.2,4.05,0,0,0,0
aten::bitwise_and,,,2.85,2.85,0,0,0,0
aten::any,,,5.63,14.15,0,0,0,0
aten::view_as,,,1.75,5.33,0,0,0,0
aten::view,,,3.58,3.58,0,0,0,0
aten::to,,,0.33,0.33,0,0,0,0
aten::copy_,,,2.86,2.86,0,0,0,0
aten::item,,,1.87,3.13,0,0,0,0
aten::_local_scalar_dense,,,1.26,1.26,0,0,0,0
aten::slice,,,5.04,6.49,0,0,0,0
aten::as_strided,,,1.45,1.45,0,0,0,0
aten::slice,,,2.33,5.34,0,0,0,0
aten::as_strided,,,3.01,3.01,0,0,0,0
aten::sub,,,5.69,5.69,0,0,0,0
aten::select,,,2.95,4.6,0,0,0,0
aten::as_strided,,,1.65,1.65,0,0,0,0
aten::item,,,1.01,1.97,0,0,0,0
aten::_local_scalar_dense,,,0.96,0.96,0,0,0,0
aten::gt,,,8.27,18.37,0,0,0,0
aten::to,,,1.14,10.1,0,0,0,0
aten::_to_copy,,,4.44,8.96,0,0,0,0
aten::empty_strided,,,1.66,1.66,0,0,0,0
aten::copy_,,,2.86,2.86,0,0,0,0
aten::__ior__,,,1.8,5.72,0,0,0,0
aten::bitwise_or_,,,3.92,3.92,0,0,0,0
aten::any,,,5.32,10.95,0,0,0,0
aten::view_as,,,1.3,2.46,0,0,0,0
aten::view,,,1.16,1.16,0,0,0,0
aten::to,,,0.81,0.81,0,0,0,0
aten::copy_,,,2.36,2.36,0,0,0,0
aten::is_nonzero,,,1.39,3.07,0,0,0,0
aten::item,,,1.04,1.68,0,0,0,0
aten::_local_scalar_dense,,,0.64,0.64,0,0,0,0
aten::select,,,4.47,10.78,0,0,0,0
aten::as_strided,,,6.31,6.31,0,0,0,0
aten::slice,,,4.42,8.47,0,0,0,0
aten::as_strided,,,4.05,4.05,0,0,0,0
aten::slice,,,3.11,5.37,0,0,0,0
aten::as_strided,,,2.26,2.26,0,0,0,0
aten::slice,,,2.28,4.37,0,0,0,0
aten::as_strided,,,2.09,2.09,0,0,0,0
aten::copy_,,,65.23,84.64,0,0.6,0,0
aclnnInplaceCopy,,,19.41,19.41,0.6,0.6,0,0
aten::slice,,,6.07,10.05,0,0,0,0
aten::as_strided,,,3.98,3.98,0,0,0,0
aten::fill_,,,15.01,29.5,0,0,0,0
aclnnInplaceFillScalar,,,14.49,14.49,0,0,0,0
aten::slice,,,5.31,8.88,0,0,0,0
aten::as_strided,,,3.57,3.57,0,0,0,0
aten::slice,,,2.75,6.08,0,0,0,0
aten::as_strided,,,3.33,3.33,0,0,0,0
aten::slice,,,2.74,5.28,0,0,0,0
aten::as_strided,,,2.54,2.54,0,0,0,0
aten::copy_,,,55.18,70.64,0,0.60003125,0,0
aclnnInplaceCopy,,,15.46,15.46,0.60003125,0.60003125,0,0
aten::slice,,,5.75,10.08,0,0,0,0
aten::as_strided,,,4.33,4.33,0,0,0,0
aten::slice,,,3.75,7.22,0,0,0,0
aten::as_strided,,,3.47,3.47,0,0,0,0
aten::slice,,,3.49,6.41,0,0,0,0
aten::as_strided,,,2.92,2.92,0,0,0,0
aten::slice,,,2.94,5.28,0,0,0,0
aten::as_strided,,,2.34,2.34,0,0,0,0
aten::slice,,,2.85,5.87,0,0,0,0
aten::as_strided,,,3.02,3.02,0,0,0,0
aten::copy_,,,48.54,64.15,0,0.64003125,0,0
aclnnInplaceCopy,,,15.61,15.61,0.64003125,0.64003125,0,0
aten::slice,,,5.55,9.59,0,0,0,0
aten::as_strided,,,4.04,4.04,0,0,0,0
aten::slice,,,2.55,5.01,0,0,0,0
aten::as_strided,,,2.46,2.46,0,0,0,0
aten::slice,,,2.34,4.53,0,0,0,0
aten::as_strided,,,2.19,2.19,0,0,0,0
aten::sub,,,18.66,31.9,0,1.3,0,0
aclnnSub,,,13.24,13.24,1.3,1.3,0,0
aten::slice,,,7.02,9.91,0,0,0,0
aten::as_strided,,,2.89,2.89,0,0,0,0
aten::slice,,,3.28,7.45,0,0,0,0
aten::as_strided,,,4.17,4.17,0,0,0,0
aten::slice,,,2.78,5.95,0,0,0,0
aten::as_strided,,,3.17,3.17,0,0,0,0
aten::slice,,,2.87,5.6,0,0,0,0
aten::as_strided,,,2.73,2.73,0,0,0,0
aten::slice,,,2.4,4.62,0,0,0,0
aten::as_strided,,,2.22,2.22,0,0,0,0
aten::fill_,,,15.12,33.42,0,0,0,0
aclnnInplaceFillScalar,,,18.3,18.3,0,0,0,0
aten::slice,,,4.99,8.52,0,0,0,0
aten::as_strided,,,3.53,3.53,0,0,0,0
aten::fill_,,,11.61,23.32,0,0,0,0
aclnnInplaceFillScalar,,,11.71,11.71,0,0,0,0
aten::diff,,,7.32,34.37,0,0,0,0
aten::narrow,,,5.82,10.61,0,0,0,0
aten::slice,,,2.5,4.79,0,0,0,0
aten::as_strided,,,2.29,2.29,0,0,0,0
aten::narrow,,,2.08,4.41,0,0,0,0
aten::slice,,,1.26,2.33,0,0,0,0
aten::as_strided,,,1.07,1.07,0,0,0,0
aten::sub,,,12.03,12.03,0,0,0,0
aten::eq,,,12.15,27.28,0,0,0,0
aten::to,,,1.83,15.13,0,0,0,0
aten::_to_copy,,,4.97,13.3,0,0,0,0
aten::empty_strided,,,2.63,2.63,0,0,0,0
aten::copy_,,,5.7,5.7,0,0,0,0
aten::__and__,,,2.39,6.55,0,0,0,0
aten::bitwise_and,,,4.16,4.16,0,0,0,0
aten::gt,,,6.87,15.84,0,0,0,0
aten::to,,,1.29,8.97,0,0,0,0
aten::_to_copy,,,2.62,7.68,0,0,0,0
aten::empty_strided,,,2.36,2.36,0,0,0,0
aten::copy_,,,2.7,2.7,0,0,0,0
aten::__and__,,,1.46,4.19,0,0,0,0
aten::bitwise_and,,,2.73,2.73,0,0,0,0
aten::any,,,5.49,12.86,0,0,0,0
aten::view_as,,,2.0,4.04,0,0,0,0
aten::view,,,2.04,2.04,0,0,0,0
aten::to,,,0.45,0.45,0,0,0,0
aten::copy_,,,2.88,2.88,0,0,0,0
aten::item,,,1.95,3.19,0,0,0,0
aten::_local_scalar_dense,,,1.24,1.24,0,0,0,0
aten::slice,,,4.91,6.62,0,0,0,0
aten::as_strided,,,1.71,1.71,0,0,0,0
aten::slice,,,2.27,3.23,0,0,0,0
aten::as_strided,,,0.96,0.96,0,0,0,0
aten::sub,,,5.17,5.17,0,0,0,0
aten::select,,,2.97,4.28,0,0,0,0
aten::as_strided,,,1.31,1.31,0,0,0,0
aten::item,,,1.09,2.09,0,0,0,0
aten::_local_scalar_dense,,,1.0,1.0,0,0,0,0
aten::gt,,,7.06,15.36,0,0,0,0
aten::to,,,1.08,8.3,0,0,0,0
aten::_to_copy,,,2.7,7.22,0,0,0,0
aten::empty_strided,,,1.7,1.7,0,0,0,0
aten::copy_,,,2.82,2.82,0,0,0,0
aten::__ior__,,,2.07,6.19,0,0,0,0
aten::bitwise_or_,,,4.12,4.12,0,0,0,0
aten::any,,,5.05,11.16,0,0,0,0
aten::view_as,,,1.63,3.04,0,0,0,0
aten::view,,,1.41,1.41,0,0,0,0
aten::to,,,0.57,0.57,0,0,0,0
aten::copy_,,,2.5,2.5,0,0,0,0
aten::is_nonzero,,,1.45,3.51,0,0,0,0
aten::item,,,1.02,2.06,0,0,0,0
aten::_local_scalar_dense,,,1.04,1.04,0,0,0,0
aten::select,,,4.37,10.06,0,0,0,0
aten::as_strided,,,5.69,5.69,0,0,0,0
aten::slice,,,4.83,9.03,0,0,0,0
aten::as_strided,,,4.2,4.2,0,0,0,0
aten::slice,,,2.57,4.95,0,0,0,0
aten::as_strided,,,2.38,2.38,0,0,0,0
aten::slice,,,2.35,4.65,0,0,0,0
aten::as_strided,,,2.3,2.3,0,0,0,0
aten::copy_,,,63.14,86.01,0,0.62003125,0,0
aclnnInplaceCopy,,,22.87,22.87,0.62003125,0.62003125,0,0
aten::slice,,,6.31,10.64,0,0,0,0
aten::as_strided,,,4.33,4.33,0,0,0,0
aten::fill_,,,15.56,29.57,0,0,0,0
aclnnInplaceFillScalar,,,14.01,14.01,0,0,0,0
aten::slice,,,4.9,8.76,0,0,0,0
aten::as_strided,,,3.86,3.86,0,0,0,0
aten::slice,,,2.61,5.88,0,0,0,0
aten::as_strided,,,3.27,3.27,0,0,0,0
aten::slice,,,2.48,4.92,0,0,0,0
aten::as_strided,,,2.44,2.44,0,0,0,0
aten::copy_,,,53.89,68.06,0,0.62003125,0,0
aclnnInplaceCopy,,,14.17,14.17,0.62003125,0.62003125,0,0
aten::slice,,,6.32,10.08,0,0,0,0
aten::as_strided,,,3.76,3.76,0,0,0,0
aten::slice,,,3.7,6.98,0,0,0,0
aten::as_strided,,,3.28,3.28,0,0,0,0
aten::slice,,,3.69,6.55,0,0,0,0
aten::as_strided,,,2.86,2.86,0,0,0,0
aten::slice,,,2.57,4.68,0,0,0,0
aten::as_strided,,,2.11,2.11,0,0,0,0
aten::slice,,,2.59,5.21,0,0,0,0
aten::as_strided,,,2.62,2.62,0,0,0,0
aten::copy_,,,48.31,65.32,0,0.58003125,0,0
aclnnInplaceCopy,,,17.01,17.01,0.58003125,0.58003125,0,0
aten::slice,,,6.0,9.53,0,0,0,0
aten::as_strided,,,3.53,3.53,0,0,0,0
aten::slice,,,2.61,4.94,0,0,0,0
aten::as_strided,,,2.33,2.33,0,0,0,0
aten::slice,,,2.26,4.68,0,0,0,0
aten::as_strided,,,2.42,2.42,0,0,0,0
aten::sub,,,18.18,31.93,0,1.34003125,0,0
aclnnSub,,,13.75,13.75,1.34003125,1.34003125,0,0
Event::record,,,163.5,190.74,0,0.02,0,0
record_event,,,27.24,27.24,0.02,0.02,0,0
aten::slice,,,8.63,15.93,0,0,0,0
aten::as_strided,,,7.3,7.3,0,0,0,0
aten::slice,,,3.6,6.87,0,0,0,0
aten::as_strided,,,3.27,3.27,0,0,0,0
aten::slice,,,7.02,13.22,0,0,0,0
aten::as_strided,,,6.2,6.2,0,0,0,0
aten::scalar_tensor,,,6.6,61.61,0,1.28003125,0,0
aten::empty,,,3.26,15.12,0,0,0,0
empty_tensor,,,11.86,11.86,0,0,0,0
aten::fill_,,,19.19,39.89,0,1.28003125,0,0
aclnnInplaceFillScalar,,,20.7,20.7,1.28003125,1.28003125,0,0
aten::view,,,4.91,4.91,0,0,0,0
aten::expand,,,3.36,5.66,0,0,0,0
aten::as_strided,,,2.3,2.3,0,0,0,0
aten::copy_,,,57.39,75.45,0,0.58003125,0,0
aclnnInplaceCopy,,,18.06,18.06,0.58003125,0.58003125,0,0
aten::scalar_tensor,,,5.29,43.38,0,1.26003125,0,0
aten::empty,,,2.92,12.1,0,0,0,0
empty_tensor,,,9.18,9.18,0,0,0,0
aten::fill_,,,12.53,25.99,0,1.26003125,0,0
aclnnInplaceFillScalar,,,13.46,13.46,1.26003125,1.26003125,0,0
aten::slice,,,6.56,11.79,0,0,0,0
aten::as_strided,,,5.23,5.23,0,0,0,0
aten::view,,,2.66,2.66,0,0,0,0
aten::expand,,,2.04,3.73,0,0,0,0
aten::as_strided,,,1.69,1.69,0,0,0,0
aten::copy_,,,2.28,2.28,0,0,0,0
aten::index,,,52.16,86.97,0,11.48025,0,0
empty_tensor,,,7.27,7.27,0,0,0,0
empty_tensor,,,10.04,10.04,0,0,0,0
aclnnIndex,,,17.5,17.5,11.48025,11.48025,0,0
aten::linear,,,6.06,69.58,0,900.518,0,900.518
aten::t,,,6.53,16.99,0,0,0,0
aten::transpose,,,3.95,10.46,0,0,0,0
aten::as_strided,,,6.51,6.51,0,0,0,0
aten::matmul,,,21.63,46.53,0,900.518,0,900.518
empty_tensor,,,9.32,9.32,0,0,0,0
aclnnMatmul,,,15.58,15.58,900.518,900.518,900.518,900.518
aten::alias,,,3.23,3.23,0,0,0,0
aten::log_softmax,,,24.23,132.64,0,51.421,0,0
aten::to,,,3.81,67.2,0,7.78015625,0,0
aten::_to_copy,,,7.66,63.39,0,7.78015625,0,0
aten::empty_strided,,,11.08,17.8,0,0,0,0
empty_tensor,,,6.72,6.72,0,0,0,0
aten::copy_,,,21.1,37.93,0,7.78015625,0,0
aclnnInplaceCopy,,,16.83,16.83,7.78015625,7.78015625,0,0
aten::_log_softmax,,,20.41,41.21,0,43.64084375,0,0
empty_tensor,,,7.98,7.98,0,0,0,0
aclnnLogSoftmax,,,12.82,12.82,43.64084375,43.64084375,0,0
aten::to,,,2.21,53.2,0,2.5200625,0,0
aten::_to_copy,,,5.92,50.99,0,2.5200625,0,0
aten::empty_strided,,,7.58,12.75,0,0,0,0
empty_tensor,,,5.17,5.17,0,0,0,0
aten::copy_,,,15.72,32.32,0,2.5200625,0,0
aclnnInplaceCopy,,,16.6,16.6,2.5200625,2.5200625,0,0
aten::argmax,,,7.62,62.94,0,20.7404375,0,0
aten::empty,,,3.08,11.46,0,0,0,0
empty_tensor,,,8.38,8.38,0,0,0,0
aten::argmax,,,24.46,43.86,0,20.7404375,0,0
aten::reshape,,,2.39,8.11,0,0,0,0
aten::view,,,5.72,5.72,0,0,0,0
aclnnArgMax,,,11.29,11.29,20.7404375,20.7404375,0,0
aten::view,,,4.12,4.12,0,0,0,0
aten::to,,,1.53,1.53,0,0,0,0
aten::topk,,,21.59,46.94,0,33.60065625,0,0
empty_tensor,,,8.12,8.12,0,0,0,0
empty_tensor,,,5.16,5.16,0,0,0,0
aclnnTopk,,,12.07,12.07,33.60065625,33.60065625,0,0
aten::unsqueeze,,,3.99,8.84,0,0,0,0
aten::as_strided,,,4.85,4.85,0,0,0,0
aten::gather,,,22.16,39.83,0,5.300125,0,0
empty_tensor,,,6.2,6.2,0,0,0,0
aclnnGather,,,11.47,11.47,5.300125,5.300125,0,0
TorchDynamo Cache Lookup,,,37.55,37.55,0,0,0,0
Torch-Compiled Region: 0/0,,,109.17,201.13,0,37.88075,0,0
aten::_assert_scalar,,,3.18,3.18,0,0,0,0
aten::_assert_scalar,,,1.33,1.33,0,0,0,0
aten::_assert_scalar,,,0.83,0.83,0,0,0,0
aten::ge,,,19.04,47.36,0,7.84015625,0,0
empty_tensor,,,11.89,11.89,0,0,0,0
aclnnGeTensor,,,16.43,16.43,7.84015625,7.84015625,0,0
aten::sum,,,19.36,39.26,0,30.04059375,0,0
empty_tensor,,,7.61,7.61,0,0,0,0
aclnnReduceSum,,,12.29,12.29,30.04059375,30.04059375,0,0
aten::cat,,,18.94,39.34,0,2.5200625,0,0
empty_tensor,,,8.06,8.06,0,0,0,0
aclnnCat,,,12.34,12.34,2.5200625,2.5200625,0,0
aten::cat,,,12.39,30.85,0,2.08003125,0,0
empty_tensor,,,6.66,6.66,0,0,0,0
aclnnCat,,,11.8,11.8,2.08003125,2.08003125,0,0
aten::to,,,2.19,51.6,0,1.56003125,0,0
aten::_to_copy,,,6.21,49.41,0,1.56003125,0,0
aten::empty_strided,,,7.7,11.9,0,0,0,0
empty_tensor,,,4.2,4.2,0,0,0,0
aten::copy_,,,14.79,31.3,0,1.56003125,0,0
aclnnInplaceCopy,,,16.51,16.51,1.56003125,1.56003125,0,0
aten::to,,,1.98,45.26,0,1.44003125,0,0
aten::_to_copy,,,4.67,43.28,0,1.44003125,0,0
aten::empty_strided,,,7.1,11.65,0,0,0,0
empty_tensor,,,4.55,4.55,0,0,0,0
aten::copy_,,,14.85,26.96,0,1.44003125,0,0
aclnnInplaceCopy,,,12.11,12.11,1.44003125,1.44003125,0,0
aten::unsqueeze,,,4.09,9.43,0,0,0,0
aten::as_strided,,,5.34,5.34,0,0,0,0
Event::record,,,156.43,184.04,0,0.02,0,0
record_event,,,27.61,27.61,0.02,0.02,0,0
aten::slice,,,5.45,13.26,0,0,0,0
aten::as_strided,,,7.81,7.81,0,0,0,0
Event::wait,,,76.6,101.22,0,2020.660375,0,0
wait_event,,,24.62,24.62,2020.660375,2020.660375,0,0
Event::record,,,90.48,112.46,0,0.02,0,0
record_event,,,21.98,21.98,0.02,0.02,0,0
Event::wait,,,60.37,77.79,0,1631.49259375,0,0
wait_event,,,17.42,17.42,1631.49259375,1631.49259375,0,0
destroy_event,,,10.77,10.77,0,0,0,0
aten::to,,,4.3,72.76,0,2.7600625,0,0
aten::_to_copy,,,7.52,68.46,0,2.7600625,0,0
aten::empty_strided,,,25.15,25.15,0,0,0,0
aten::copy_,,,19.23,35.79,0,2.7600625,0,0
acl_memcpy_device_to_host,,,16.56,16.56,2.7600625,2.7600625,0,0
aten::to,,,2.9,40.13,0,2.66003125,0,0
aten::_to_copy,,,5.35,37.23,0,2.66003125,0,0
aten::empty_strided,,,3.84,3.84,0,0,0,0
aten::copy_,,,15.12,28.04,0,2.66003125,0,0
acl_memcpy_device_to_host,,,12.92,12.92,2.66003125,2.66003125,0,0
aten::to,,,1.95,31.62,0,2.92003125,0,0
aten::_to_copy,,,3.99,29.67,0,2.92003125,0,0
aten::empty_strided,,,2.9,2.9,0,0,0,0
aten::copy_,,,11.81,22.78,0,2.92003125,0,0
acl_memcpy_device_to_host,,,10.97,10.97,2.92003125,2.92003125,0,0
aten::to,,,1.64,30.79,0,2.06003125,0,0
aten::_to_copy,,,3.8,29.15,0,2.06003125,0,0
aten::empty_strided,,,2.65,2.65,0,0,0,0
aten::copy_,,,11.19,22.7,0,2.06003125,0,0
acl_memcpy_device_to_host,,,11.51,11.51,2.06003125,2.06003125,0,0
Event::record,,,174.43,192.98,0,0.02,0,0
record_event,,,18.55,18.55,0.02,0.02,0,0
Event::synchronize,,,79.74,79.74,0,0,0,0
aten::resolve_conj,,,1.63,1.63,0,0,0,0
aten::resolve_neg,,,0.76,0.76,0,0,0,0
aten::to,,,3.02,3.02,0,0,0,0
aten::detach,,,4.16,4.16,0,0,0,0
aten::to,,,0.67,0.67,0,0,0,0
aten::resolve_conj,,,0.5,0.5,0,0,0,0
aten::resolve_neg,,,0.83,0.83,0,0,0,0
aten::to,,,1.39,1.39,0,0,0,0
aten::detach,,,1.49,1.49,0,0,0,0
aten::to,,,0.69,0.69,0,0,0,0
aten::resolve_conj,,,0.39,0.39,0,0,0,0
aten::resolve_neg,,,0.31,0.31,0,0,0,0
aten::to,,,1.0,1.0,0,0,0,0
aten::detach,,,1.14,1.14,0,0,0,0
aten::to,,,1.03,1.03,0,0,0,0
aten::resolve_conj,,,0.36,0.36,0,0,0,0
aten::resolve_neg,,,0.25,0.25,0,0,0,0
destroy_event,,,23.95,23.95,0,0,0,0
record_event,,,13.59,13.59,0.0,0.0,0,0
Event::synchronize,,,160.19,160.19,0,0,0,0
aten::slice,,,12.28,16.31,0,0,0,0
aten::as_strided,,,4.03,4.03,0,0,0,0
aten::slice,,,4.23,12.02,0,0,0,0
aten::as_strided,,,7.79,7.79,0,0,0,0
aten::pin_memory,,,100.18,115.38,0,0,0,0
aten::is_pinned,,,15.2,15.2,0,0,0,0
aten::copy_,,,21.22,45.02,0,2.24003125,0,0
acl_memcpy_host_to_device,,,23.8,23.8,2.24003125,2.24003125,0,0
aten::slice,,,6.64,9.02,0,0,0,0
aten::as_strided,,,2.38,2.38,0,0,0,0
aten::slice,,,3.14,8.15,0,0,0,0
aten::as_strided,,,5.01,5.01,0,0,0,0
aten::pin_memory,,,3.28,12.3,0,0,0,0
aten::is_pinned,,,9.02,9.02,0,0,0,0
aten::copy_,,,13.4,29.64,0,2.2000625,0,0
acl_memcpy_host_to_device,,,16.24,16.24,2.2000625,2.2000625,0,0
aten::slice,,,4.8,7.46,0,0,0,0
aten::as_strided,,,2.66,2.66,0,0,0,0
aten::slice,,,2.87,6.75,0,0,0,0
aten::as_strided,,,3.88,3.88,0,0,0,0
aten::pin_memory,,,3.37,10.58,0,0,0,0
aten::is_pinned,,,7.21,7.21,0,0,0,0
aten::copy_,,,12.99,25.94,0,2.76003125,0,0
acl_memcpy_host_to_device,,,12.95,12.95,2.76003125,2.76003125,0,0
aten::slice,,,5.65,7.95,0,0,0,0
aten::as_strided,,,2.3,2.3,0,0,0,0
aten::slice,,,2.73,6.64,0,0,0,0
aten::as_strided,,,3.91,3.91,0,0,0,0
aten::pin_memory,,,3.51,10.97,0,0,0,0
aten::is_pinned,,,7.46,7.46,0,0,0,0
aten::copy_,,,12.36,24.03,0,2.2200625,0,0
acl_memcpy_host_to_device,,,11.67,11.67,2.2200625,2.2200625,0,0
aten::slice,,,4.94,7.36,0,0,0,0
aten::as_strided,,,2.42,2.42,0,0,0,0
aten::slice,,,2.85,6.71,0,0,0,0
aten::as_strided,,,3.86,3.86,0,0,0,0
aten::pin_memory,,,3.36,10.14,0,0,0,0
aten::is_pinned,,,6.78,6.78,0,0,0,0
aten::copy_,,,12.03,23.8,0,2.18003125,0,0
acl_memcpy_host_to_device,,,11.77,11.77,2.18003125,2.18003125,0,0
aten::slice,,,9.21,12.7,0,0,0,0
aten::as_strided,,,3.49,3.49,0,0,0,0
aten::slice,,,3.94,9.88,0,0,0,0
aten::as_strided,,,5.94,5.94,0,0,0,0
aten::pin_memory,,,3.77,16.22,0,0,0,0
aten::is_pinned,,,12.45,12.45,0,0,0,0
aten::copy_,,,17.44,43.9,0,2.18003125,0,0
acl_memcpy_host_to_device,,,26.46,26.46,2.18003125,2.18003125,0,0
aten::slice,,,6.99,11.75,0,0,0,0
aten::as_strided,,,4.76,4.76,0,0,0,0
aten::lift_fresh,,,1.34,1.34,0,0,0,0
aten::lift_fresh,,,1.27,1.27,0,0,0,0
aten::flatten,,,3.47,10.1,0,0,0,0
aten::view,,,6.63,6.63,0,0,0,0
aten::slice,,,3.77,5.61,0,0,0,0
aten::as_strided,,,1.84,1.84,0,0,0,0
aten::index_select,,,6.76,6.76,0,0,0,0
aten::pin_memory,,,4.24,16.74,0,0,0,0
aten::is_pinned,,,12.5,12.5,0,0,0,0
aten::copy_,,,16.38,33.13,0,2.2200625,0,0
acl_memcpy_host_to_device,,,16.75,16.75,2.2200625,2.2200625,0,0
aten::pin_memory,,,4.24,13.45,0,0,0,0
aten::is_pinned,,,9.21,9.21,0,0,0,0
aten::copy_,,,13.54,26.56,0,2.3200625,0,0
acl_memcpy_host_to_device,,,13.02,13.02,2.3200625,2.3200625,0,0
aten::slice,,,7.69,10.26,0,0,0,0
aten::as_strided,,,2.57,2.57,0,0,0,0
aten::lift_fresh,,,1.06,1.06,0,0,0,0
aten::slice,,,3.26,4.59,0,0,0,0
aten::as_strided,,,1.33,1.33,0,0,0,0
aten::add,,,14.27,14.27,0,0,0,0
aten::slice,,,3.8,5.04,0,0,0,0
aten::as_strided,,,1.24,1.24,0,0,0,0
aten::fill_,,,4.85,4.85,0,0,0,0
aten::slice,,,3.78,9.18,0,0,0,0
aten::as_strided,,,5.4,5.4,0,0,0,0
aten::fill_,,,18.55,36.84,0,1.54003125,0,0
aclnnInplaceFillScalar,,,18.29,18.29,1.54003125,1.54003125,0,0
aten::slice,,,6.16,11.43,0,0,0,0
aten::as_strided,,,5.27,5.27,0,0,0,0
aten::select,,,3.67,7.32,0,0,0,0
aten::as_strided,,,3.65,3.65,0,0,0,0
aten::copy_,,,62.76,80.02,0,0.6,0,0
aclnnInplaceCopy,,,17.26,17.26,0.6,0.6,0,0
aten::slice,,,7.41,10.31,0,0,0,0
aten::as_strided,,,2.9,2.9,0,0,0,0
aten::detach,,,3.28,3.28,0,0,0,0
aten::to,,,1.85,1.85,0,0,0,0
aten::resolve_conj,,,0.87,0.87,0,0,0,0
aten::resolve_neg,,,0.57,0.57,0,0,0,0
aten::slice,,,5.29,8.0,0,0,0,0
aten::as_strided,,,2.71,2.71,0,0,0,0
aten::slice,,,3.14,7.99,0,0,0,0
aten::as_strided,,,4.85,4.85,0,0,0,0
aten::pin_memory,,,4.17,16.36,0,0,0,0
aten::is_pinned,,,12.19,12.19,0,0,0,0
aten::copy_,,,3.79,3.79,0,0,0,0
aten::slice,,,5.2,7.07,0,0,0,0
aten::as_strided,,,1.87,1.87,0,0,0,0
aten::slice,,,2.73,6.17,0,0,0,0
aten::as_strided,,,3.44,3.44,0,0,0,0
aten::pin_memory,,,3.63,11.27,0,0,0,0
aten::is_pinned,,,7.64,7.64,0,0,0,0
aten::copy_,,,14.93,30.55,0,2.2000625,0,0
acl_memcpy_host_to_device,,,15.62,15.62,2.2000625,2.2000625,0,0
aten::fill_,,,18.07,31.67,0,1.4600625,0,0
aclnnInplaceFillScalar,,,13.6,13.6,1.4600625,1.4600625,0,0
aten::slice,,,6.89,10.72,0,0,0,0
aten::as_strided,,,3.83,3.83,0,0,0,0
aten::slice,,,3.31,5.24,0,0,0,0
aten::as_strided,,,1.93,1.93,0,0,0,0
aten::copy_,,,15.57,26.86,0,2.20003125,0,0
acl_memcpy_host_to_device,,,11.29,11.29,2.20003125,2.20003125,0,0
aten::slice,,,5.33,7.47,0,0,0,0
aten::as_strided,,,2.14,2.14,0,0,0,0
aten::slice,,,2.91,6.77,0,0,0,0
aten::as_strided,,,3.86,3.86,0,0,0,0
aten::pin_memory,,,3.64,11.58,0,0,0,0
aten::is_pinned,,,7.94,7.94,0,0,0,0
aten::copy_,,,12.83,29.13,0,2.18003125,0,0
acl_memcpy_host_to_device,,,16.3,16.3,2.18003125,2.18003125,0,0
aten::slice,,,4.57,9.22,0,0,0,0
aten::as_strided,,,4.65,4.65,0,0,0,0
aten::slice,,,3.5,5.13,0,0,0,0
aten::as_strided,,,1.63,1.63,0,0,0,0
aten::slice,,,2.61,5.28,0,0,0,0
aten::as_strided,,,2.67,2.67,0,0,0,0
aten::pin_memory,,,3.16,10.26,0,0,0,0
aten::is_pinned,,,7.1,7.1,0,0,0,0
aten::copy_,,,12.12,24.26,0,2.1600625,0,0
acl_memcpy_host_to_device,,,12.14,12.14,2.1600625,2.1600625,0,0
aten::slice,,,5.3,7.57,0,0,0,0
aten::as_strided,,,2.27,2.27,0,0,0,0
aten::slice,,,3.02,7.24,0,0,0,0
aten::as_strided,,,4.22,4.22,0,0,0,0
aten::pin_memory,,,3.42,10.33,0,0,0,0
aten::is_pinned,,,6.91,6.91,0,0,0,0
aten::copy_,,,12.26,22.65,0,2.2000625,0,0
acl_memcpy_host_to_device,,,10.39,10.39,2.2000625,2.2000625,0,0
aten::slice,,,5.56,9.16,0,0,0,0
aten::as_strided,,,3.6,3.6,0,0,0,0
aten::index,,,32.8,61.95,0,10.98025,0,0
empty_tensor,,,6.95,6.95,0,0,0,0
empty_tensor,,,9.13,9.13,0,0,0,0
aclnnIndex,,,13.07,13.07,10.98025,10.98025,0,0
aten::to,,,2.62,51.55,0,1.14,0,0
aten::_to_copy,,,6.6,48.93,0,1.14,0,0
aten::empty_strided,,,8.68,13.44,0,0,0,0
empty_tensor,,,4.76,4.76,0,0,0,0
aten::copy_,,,18.12,28.89,0,1.14,0,0
aclnnInplaceCopy,,,10.77,10.77,1.14,1.14,0,0
aten::slice,,,6.2,10.69,0,0,0,0
aten::as_strided,,,4.49,4.49,0,0,0,0
aten::add,,,18.34,35.79,0,2.50003125,0,0
empty_tensor,,,6.67,6.67,0,0,0,0
aclnnAdd,,,10.78,10.78,2.50003125,2.50003125,0,0
aten::slice,,,5.85,10.04,0,0,0,0
aten::as_strided,,,4.19,4.19,0,0,0,0
aten::copy_,,,49.7,62.02,0,0.62003125,0,0
aclnnInplaceCopy,,,12.32,12.32,0.62003125,0.62003125,0,0
aten::slice,,,6.35,10.54,0,0,0,0
aten::as_strided,,,4.19,4.19,0,0,0,0
aten::add,,,18.69,42.36,0,1.64003125,0,0
empty_tensor,,,7.84,7.84,0,0,0,0
aclnnAdd,,,15.83,15.83,1.64003125,1.64003125,0,0
aten::slice,,,6.38,10.62,0,0,0,0
aten::as_strided,,,4.24,4.24,0,0,0,0
aten::copy_,,,43.21,57.78,0,0.6,0,0
aclnnInplaceCopy,,,14.57,14.57,0.6,0.6,0,0
aten::slice,,,6.23,10.05,0,0,0,0
aten::as_strided,,,3.82,3.82,0,0,0,0
aten::fill_,,,13.18,24.25,0,1.44003125,0,0
aclnnInplaceFillScalar,,,11.07,11.07,1.44003125,1.44003125,0,0
aten::slice,,,5.64,9.53,0,0,0,0
aten::as_strided,,,3.89,3.89,0,0,0,0
aten::slice,,,2.99,6.5,0,0,0,0
aten::as_strided,,,3.51,3.51,0,0,0,0
_compute_slot_mapping_fused_groups_kernel,,,26.17,26.17,21.9804375,21.9804375,0,0
aten::slice,,,10.59,18.42,0,0,0,0
aten::as_strided,,,7.83,7.83,0,0,0,0
aten::sub,,,26.34,56.87,0,1.6200625,0,0
empty_tensor,,,11.69,11.69,0,0,0,0
aten::item,,,2.64,4.22,0,0,0,0
aten::_local_scalar_dense,,,1.58,1.58,0,0,0,0
aclnnSubs,,,14.62,14.62,1.6200625,1.6200625,0,0
aten::pin_memory,,,8.38,24.58,0,0,0,0
aten::is_pinned,,,16.2,16.2,0,0,0,0
aten::copy_,,,20.45,41.37,0,2.24003125,0,0
acl_memcpy_host_to_device,,,20.92,20.92,2.24003125,2.24003125,0,0
aten::detach,,,4.34,4.34,0,0,0,0
aten::to,,,2.0,2.0,0,0,0,0
aten::resolve_conj,,,1.01,1.01,0,0,0,0
aten::resolve_neg,,,0.6,0.6,0,0,0,0
aten::slice,,,8.25,15.27,0,0,0,0
aten::as_strided,,,7.02,7.02,0,0,0,0
aten::slice,,,3.32,6.56,0,0,0,0
aten::as_strided,,,3.24,3.24,0,0,0,0
aten::slice,,,2.92,5.49,0,0,0,0
aten::as_strided,,,2.57,2.57,0,0,0,0
aten::fill_,,,19.19,35.46,0,0,0,0
aclnnInplaceFillScalar,,,16.27,16.27,0,0,0,0
aten::slice,,,4.12,7.8,0,0,0,0
aten::as_strided,,,3.68,3.68,0,0,0,0
aten::fill_,,,12.09,24.16,0,0,0,0
aclnnInplaceFillScalar,,,12.07,12.07,0,0,0,0
aten::slice,,,4.7,7.32,0,0,0,0
aten::as_strided,,,2.62,2.62,0,0,0,0
aten::slice,,,3.06,4.06,0,0,0,0
aten::as_strided,,,1.0,1.0,0,0,0,0
aten::lt,,,13.28,13.28,0,0,0,0
aten::lift_fresh,,,1.2,1.2,0,0,0,0
aten::slice,,,1.94,3.21,0,0,0,0
aten::as_strided,,,1.27,1.27,0,0,0,0
aten::fill_,,,2.68,9.7,0,0,0,0
aten::copy_,,,7.02,7.02,0,0,0,0
aten::slice,,,3.66,5.35,0,0,0,0
aten::as_strided,,,1.69,1.69,0,0,0,0
aten::slice,,,2.82,6.86,0,0,0,0
aten::as_strided,,,4.04,4.04,0,0,0,0
aten::slice,,,2.85,4.56,0,0,0,0
aten::as_strided,,,1.71,1.71,0,0,0,0
aten::slice,,,3.1,5.77,0,0,0,0
aten::as_strided,,,2.67,2.67,0,0,0,0
aten::slice,,,2.24,3.16,0,0,0,0
aten::as_strided,,,0.92,0.92,0,0,0,0
aten::slice,,,2.21,3.62,0,0,0,0
aten::as_strided,,,1.41,1.41,0,0,0,0
aten::slice,,,2.97,5.73,0,0,0,0
aten::as_strided,,,2.76,2.76,0,0,0,0
aten::slice,,,2.44,4.9,0,0,0,0
aten::as_strided,,,2.46,2.46,0,0,0,0
aten::slice,,,2.38,4.65,0,0,0,0
aten::as_strided,,,2.27,2.27,0,0,0,0
aten::slice,,,6.0,27.42,0,0,0,0
aten::as_strided,,,21.42,21.42,0,0,0,0
aten::slice,,,3.17,7.15,0,0,0,0
aten::as_strided,,,3.98,3.98,0,0,0,0
aten::slice,,,3.27,5.59,0,0,0,0
aten::as_strided,,,2.32,2.32,0,0,0,0
aten::to,,,1.56,1.56,0,0,0,0
aten::slice,,,2.98,5.7,0,0,0,0
aten::as_strided,,,2.72,2.72,0,0,0,0
aten::slice,,,2.42,5.12,0,0,0,0
aten::as_strided,,,2.7,2.7,0,0,0,0
aten::slice,,,2.6,3.89,0,0,0,0
aten::as_strided,,,1.29,1.29,0,0,0,0
aten::slice,,,2.92,6.13,0,0,0,0
aten::as_strided,,,3.21,3.21,0,0,0,0
aten::slice,,,2.43,6.32,0,0,0,0
aten::as_strided,,,3.89,3.89,0,0,0,0
aten::alias,,,5.1,5.1,0,0,0,0
aten::div,,,36.22,59.21,0,6.100125,0,0
aten::item,,,2.05,3.47,0,0,0,0
aten::_local_scalar_dense,,,1.42,1.42,0,0,0,0
aclnnDivMods,,,19.52,19.52,6.100125,6.100125,0,0
aten::slice,,,3.83,8.8,0,0,0,0
aten::as_strided,,,4.97,4.97,0,0,0,0
aten::slice,,,4.58,7.54,0,0,0,0
aten::as_strided,,,2.96,2.96,0,0,0,0
aten::copy_,,,59.53,77.25,0,0.62,0,0
aclnnInplaceCopy,,,17.72,17.72,0.62,0.62,0,0
aten::slice,,,3.13,6.85,0,0,0,0
aten::as_strided,,,3.72,3.72,0,0,0,0
aten::slice,,,6.65,9.62,0,0,0,0
aten::as_strided,,,2.97,2.97,0,0,0,0
aten::ge,,,21.56,44.44,0,4.16003125,0,0
empty_tensor,,,10.24,10.24,0,0,0,0
aclnnGeScalar,,,12.64,12.64,4.16003125,4.16003125,0,0
aten::add,,,20.91,50.14,0,2.22003125,0,0
empty_tensor,,,7.04,7.04,0,0,0,0
aten::item,,,2.41,12.59,0,0,0,0
aten::_local_scalar_dense,,,10.18,10.18,0,0,0,0
aclnnAdds,,,9.6,9.6,2.22003125,2.22003125,0,0
aten::remainder,,,23.33,40.16,0,3.8000937500000003,0,0
empty_tensor,,,7.03,7.03,0,0,0,0
aclnnRemainderTensorScalar,,,9.8,9.8,3.8000937500000003,3.8000937500000003,0,0
aten::eq,,,11.9,29.59,0,2.4800625,0,0
empty_tensor,,,5.76,5.76,0,0,0,0
aclnnEqScalar,,,11.93,11.93,2.4800625,2.4800625,0,0
aten::__and__,,,3.89,34.78,0,1.50003125,0,0
aten::bitwise_and,,,16.49,30.89,0,1.50003125,0,0
empty_tensor,,,6.0,6.0,0,0,0,0
aclnnBitwiseAndTensor,,,8.4,8.4,1.50003125,1.50003125,0,0
aten::clamp_min,,,12.08,26.58,0,1.50003125,0,0
empty_tensor,,,5.64,5.64,0,0,0,0
aclnnClampMin,,,8.86,8.86,1.50003125,1.50003125,0,0
aten::div,,,21.73,44.26,0,4.74009375,0,0
empty_tensor,,,6.63,6.63,0,0,0,0
aten::item,,,1.92,3.1,0,0,0,0
aten::_local_scalar_dense,,,1.18,1.18,0,0,0,0
aclnnDivMods,,,12.8,12.8,4.74009375,4.74009375,0,0
aten::remainder,,,17.77,34.91,0,4.52009375,0,0
empty_tensor,,,6.14,6.14,0,0,0,0
aclnnRemainderTensorScalar,,,11.0,11.0,4.52009375,4.52009375,0,0
aten::mul,,,16.58,36.41,0,1.5600625,0,0
empty_tensor,,,6.72,6.72,0,0,0,0
aten::item,,,1.58,3.11,0,0,0,0
aten::_local_scalar_dense,,,1.53,1.53,0,0,0,0
aclnnMuls,,,10.0,10.0,1.5600625,1.5600625,0,0
aten::div,,,20.32,44.31,0,4.780125,0,0
empty_tensor,,,11.81,11.81,0,0,0,0
aten::item,,,1.44,2.1,0,0,0,0
aten::_local_scalar_dense,,,0.66,0.66,0,0,0,0
aclnnDivMods,,,10.08,10.08,4.780125,4.780125,0,0
aten::add,,,14.29,21.85,0,1.4000625,0,0
empty_tensor,,,5.46,5.46,0,0,0,0
aclnnAdd,,,2.1,2.1,1.4000625,1.4000625,0,0
aten::full_like,,,4.2,42.77,0,1.22003125,0,0
aten::empty_like,,,5.61,17.32,0,0,0,0
aten::empty_strided,,,7.53,11.71,0,0,0,0
empty_tensor,,,4.18,4.18,0,0,0,0
aten::fill_,,,9.56,21.25,0,1.22003125,0,0
aclnnInplaceFillScalar,,,11.69,11.69,1.22003125,1.22003125,0,0
aten::where,,,12.9,27.1,0,1.9600625,0,0
empty_tensor,,,6.21,6.21,0,0,0,0
aclnnSWhere,,,7.99,7.99,1.9600625,1.9600625,0,0
aten::copy_,,,14.36,25.61,0,1.22003125,0,0
aclnnInplaceCopy,,,11.25,11.25,1.22003125,1.22003125,0,0
aten::slice,,,3.88,8.84,0,0,0,0
aten::as_strided,,,4.96,4.96,0,0,0,0
aten::slice,,,6.01,9.02,0,0,0,0
aten::as_strided,,,3.01,3.01,0,0,0,0
aten::div,,,24.05,37.87,0,4.18009375,0,0
aten::item,,,1.91,2.8,0,0,0,0
aten::_local_scalar_dense,,,0.89,0.89,0,0,0,0
aclnnDivMods,,,11.02,11.02,4.18009375,4.18009375,0,0
aten::slice,,,2.53,6.89,0,0,0,0
aten::as_strided,,,4.36,4.36,0,0,0,0
aten::slice,,,4.32,7.74,0,0,0,0
aten::as_strided,,,3.42,3.42,0,0,0,0
aten::slice,,,2.38,4.51,0,0,0,0
aten::as_strided,,,2.13,2.13,0,0,0,0
aten::copy_,,,53.78,67.2,0,0.62,0,0
aclnnInplaceCopy,,,13.42,13.42,0.62,0.62,0,0
aten::slice,,,3.22,7.07,0,0,0,0
aten::as_strided,,,3.85,3.85,0,0,0,0
aten::slice,,,4.55,6.91,0,0,0,0
aten::as_strided,,,2.36,2.36,0,0,0,0
aten::copy_,,,46.65,59.58,0,0.6,0,0
aclnnInplaceCopy,,,12.93,12.93,0.6,0.6,0,0
aten::slice,,,5.57,8.21,0,0,0,0
aten::as_strided,,,2.64,2.64,0,0,0,0
aten::div,,,12.01,29.42,0,0,0,0
aten::to,,,1.77,17.41,0,0,0,0
aten::_to_copy,,,5.31,15.64,0,0,0,0
aten::empty_strided,,,3.01,3.01,0,0,0,0
aten::copy_,,,7.32,7.32,0,0,0,0
aten::slice,,,4.24,9.32,0,0,0,0
aten::as_strided,,,5.08,5.08,0,0,0,0
aten::slice,,,8.57,13.85,0,0,0,0
aten::as_strided,,,5.28,5.28,0,0,0,0
aten::slice,,,3.46,6.83,0,0,0,0
aten::as_strided,,,3.37,3.37,0,0,0,0
aten::slice,,,2.45,5.09,0,0,0,0
aten::as_strided,,,2.64,2.64,0,0,0,0
aten::fill_,,,17.32,33.44,0,0,0,0
aclnnInplaceFillScalar,,,16.12,16.12,0,0,0,0
aten::slice,,,5.3,9.17,0,0,0,0
aten::as_strided,,,3.87,3.87,0,0,0,0
aten::fill_,,,12.94,25.9,0,0,0,0
aclnnInplaceFillScalar,,,12.96,12.96,0,0,0,0
aten::slice,,,4.99,9.48,0,0,0,0
aten::as_strided,,,4.49,4.49,0,0,0,0
aten::slice,,,2.83,5.58,0,0,0,0
aten::as_strided,,,2.75,2.75,0,0,0,0
aten::slice,,,5.28,8.0,0,0,0,0
aten::as_strided,,,2.72,2.72,0,0,0,0
aten::slice,,,3.06,6.72,0,0,0,0
aten::as_strided,,,3.66,3.66,0,0,0,0
aten::slice,,,3.09,6.28,0,0,0,0
aten::as_strided,,,3.19,3.19,0,0,0,0
aten::slice,,,2.77,5.61,0,0,0,0
aten::as_strided,,,2.84,2.84,0,0,0,0
aten::slice,,,2.39,4.64,0,0,0,0
aten::as_strided,,,2.25,2.25,0,0,0,0
aten::fill_,,,14.16,28.22,0,0,0,0
aclnnInplaceFillScalar,,,14.06,14.06,0,0,0,0
aten::slice,,,4.58,8.36,0,0,0,0
aten::as_strided,,,3.78,3.78,0,0,0,0
aten::fill_,,,12.47,22.87,0,0,0,0
aclnnInplaceFillScalar,,,10.4,10.4,0,0,0,0
aten::diff,,,8.02,34.62,0,0,0,0
aten::narrow,,,6.39,10.77,0,0,0,0
aten::slice,,,2.41,4.38,0,0,0,0
aten::as_strided,,,1.97,1.97,0,0,0,0
aten::narrow,,,1.75,3.87,0,0,0,0
aten::slice,,,1.15,2.12,0,0,0,0
aten::as_strided,,,0.97,0.97,0,0,0,0
aten::sub,,,11.96,11.96,0,0,0,0
aten::eq,,,12.31,27.13,0,0,0,0
aten::to,,,1.77,14.82,0,0,0,0
aten::_to_copy,,,4.62,13.05,0,0,0,0
aten::empty_strided,,,2.67,2.67,0,0,0,0
aten::copy_,,,5.76,5.76,0,0,0,0
aten::__and__,,,2.38,7.59,0,0,0,0
aten::bitwise_and,,,5.21,5.21,0,0,0,0
aten::gt,,,8.21,17.29,0,0,0,0
aten::to,,,1.09,9.08,0,0,0,0
aten::_to_copy,,,2.74,7.99,0,0,0,0
aten::empty_strided,,,2.39,2.39,0,0,0,0
aten::copy_,,,2.86,2.86,0,0,0,0
aten::__and__,,,1.42,4.48,0,0,0,0
aten::bitwise_and,,,3.06,3.06,0,0,0,0
aten::any,,,6.73,14.43,0,0,0,0
aten::view_as,,,2.24,4.37,0,0,0,0
aten::view,,,2.13,2.13,0,0,0,0
aten::to,,,0.44,0.44,0,0,0,0
aten::copy_,,,2.89,2.89,0,0,0,0
aten::item,,,1.95,3.36,0,0,0,0
aten::_local_scalar_dense,,,1.41,1.41,0,0,0,0
aten::slice,,,4.57,6.57,0,0,0,0
aten::as_strided,,,2.0,2.0,0,0,0,0
aten::slice,,,2.17,3.09,0,0,0,0
aten::as_strided,,,0.92,0.92,0,0,0,0
aten::sub,,,4.92,4.92,0,0,0,0
aten::select,,,3.33,4.68,0,0,0,0
aten::as_strided,,,1.35,1.35,0,0,0,0
aten::item,,,1.08,2.1,0,0,0,0
aten::_local_scalar_dense,,,1.02,1.02,0,0,0,0
aten::gt,,,7.27,16.06,0,0,0,0
aten::to,,,1.2,8.79,0,0,0,0
aten::_to_copy,,,2.77,7.59,0,0,0,0
aten::empty_strided,,,1.8,1.8,0,0,0,0
aten::copy_,,,3.02,3.02,0,0,0,0
aten::__ior__,,,2.11,6.92,0,0,0,0
aten::bitwise_or_,,,4.81,4.81,0,0,0,0
aten::any,,,5.98,11.6,0,0,0,0
aten::view_as,,,1.45,2.64,0,0,0,0
aten::view,,,1.19,1.19,0,0,0,0
aten::to,,,0.5,0.5,0,0,0,0
aten::copy_,,,2.48,2.48,0,0,0,0
aten::is_nonzero,,,1.59,3.63,0,0,0,0
aten::item,,,1.22,2.04,0,0,0,0
aten::_local_scalar_dense,,,0.82,0.82,0,0,0,0
aten::select,,,4.57,10.91,0,0,0,0
aten::as_strided,,,6.34,6.34,0,0,0,0
aten::slice,,,4.98,9.13,0,0,0,0
aten::as_strided,,,4.15,4.15,0,0,0,0
aten::slice,,,2.6,5.05,0,0,0,0
aten::as_strided,,,2.45,2.45,0,0,0,0
aten::slice,,,2.74,5.01,0,0,0,0
aten::as_strided,,,2.27,2.27,0,0,0,0
aten::copy_,,,60.33,80.86,0,0.62,0,0
aclnnInplaceCopy,,,20.53,20.53,0.62,0.62,0,0
aten::slice,,,6.33,10.33,0,0,0,0
aten::as_strided,,,4.0,4.0,0,0,0,0
aten::fill_,,,14.41,26.56,0,0,0,0
aclnnInplaceFillScalar,,,12.15,12.15,0,0,0,0
aten::slice,,,5.18,8.9,0,0,0,0
aten::as_strided,,,3.72,3.72,0,0,0,0
aten::slice,,,3.14,5.92,0,0,0,0
aten::as_strided,,,2.78,2.78,0,0,0,0
aten::slice,,,2.77,5.0,0,0,0,0
aten::as_strided,,,2.23,2.23,0,0,0,0
aten::copy_,,,51.13,64.44,0,0.64,0,0
aclnnInplaceCopy,,,13.31,13.31,0.64,0.64,0,0
aten::slice,,,6.63,10.51,0,0,0,0
aten::as_strided,,,3.88,3.88,0,0,0,0
aten::slice,,,4.25,7.98,0,0,0,0
aten::as_strided,,,3.73,3.73,0,0,0,0
aten::slice,,,3.46,6.52,0,0,0,0
aten::as_strided,,,3.06,3.06,0,0,0,0
aten::slice,,,2.7,5.06,0,0,0,0
aten::as_strided,,,2.36,2.36,0,0,0,0
aten::slice,,,2.28,4.48,0,0,0,0
aten::as_strided,,,2.2,2.2,0,0,0,0
aten::copy_,,,45.58,58.39,0,0.74,0,0
aclnnInplaceCopy,,,12.81,12.81,0.74,0.74,0,0
aten::slice,,,5.88,9.47,0,0,0,0
aten::as_strided,,,3.59,3.59,0,0,0,0
aten::slice,,,2.77,5.25,0,0,0,0
aten::as_strided,,,2.48,2.48,0,0,0,0
aten::slice,,,2.36,4.49,0,0,0,0
aten::as_strided,,,2.13,2.13,0,0,0,0
aten::sub,,,18.0,29.15,0,1.52003125,0,0
aclnnSub,,,11.15,11.15,1.52003125,1.52003125,0,0
aten::slice,,,7.84,10.67,0,0,0,0
aten::as_strided,,,2.83,2.83,0,0,0,0
aten::slice,,,3.22,7.46,0,0,0,0
aten::as_strided,,,4.24,4.24,0,0,0,0
aten::slice,,,4.49,22.4,0,0,0,0
aten::as_strided,,,17.91,17.91,0,0,0,0
aten::slice,,,3.39,6.67,0,0,0,0
aten::as_strided,,,3.28,3.28,0,0,0,0
aten::slice,,,2.59,4.82,0,0,0,0
aten::as_strided,,,2.23,2.23,0,0,0,0
aten::fill_,,,16.82,30.94,0,0,0,0
aclnnInplaceFillScalar,,,14.12,14.12,0,0,0,0
aten::slice,,,5.31,8.99,0,0,0,0
aten::as_strided,,,3.68,3.68,0,0,0,0
aten::fill_,,,11.67,22.7,0,0,0,0
aclnnInplaceFillScalar,,,11.03,11.03,0,0,0,0
aten::diff,,,7.03,34.14,0,0,0,0
aten::narrow,,,5.46,10.46,0,0,0,0
aten::slice,,,2.4,5.0,0,0,0,0
aten::as_strided,,,2.6,2.6,0,0,0,0
aten::narrow,,,2.12,4.62,0,0,0,0
aten::slice,,,1.16,2.5,0,0,0,0
aten::as_strided,,,1.34,1.34,0,0,0,0
aten::sub,,,12.03,12.03,0,0,0,0
aten::eq,,,11.66,26.02,0,0,0,0
aten::to,,,1.54,14.36,0,0,0,0
aten::_to_copy,,,4.78,12.82,0,0,0,0
aten::empty_strided,,,2.84,2.84,0,0,0,0
aten::copy_,,,5.2,5.2,0,0,0,0
aten::__and__,,,2.17,6.29,0,0,0,0
aten::bitwise_and,,,4.12,4.12,0,0,0,0
aten::gt,,,7.14,16.09,0,0,0,0
aten::to,,,1.04,8.95,0,0,0,0
aten::_to_copy,,,2.86,7.91,0,0,0,0
aten::empty_strided,,,1.91,1.91,0,0,0,0
aten::copy_,,,3.14,3.14,0,0,0,0
aten::__and__,,,1.35,4.05,0,0,0,0
aten::bitwise_and,,,2.7,2.7,0,0,0,0
aten::any,,,5.92,13.09,0,0,0,0
aten::view_as,,,1.95,3.78,0,0,0,0
aten::view,,,1.83,1.83,0,0,0,0
aten::to,,,0.58,0.58,0,0,0,0
aten::copy_,,,2.81,2.81,0,0,0,0
aten::item,,,1.88,3.16,0,0,0,0
aten::_local_scalar_dense,,,1.28,1.28,0,0,0,0
aten::slice,,,5.03,6.7,0,0,0,0
aten::as_strided,,,1.67,1.67,0,0,0,0
aten::slice,,,2.42,3.31,0,0,0,0
aten::as_strided,,,0.89,0.89,0,0,0,0
aten::sub,,,4.5,4.5,0,0,0,0
aten::select,,,3.14,4.37,0,0,0,0
aten::as_strided,,,1.23,1.23,0,0,0,0
aten::item,,,1.04,2.25,0,0,0,0
aten::_local_scalar_dense,,,1.21,1.21,0,0,0,0
aten::gt,,,7.24,15.89,0,0,0,0
aten::to,,,1.21,8.65,0,0,0,0
aten::_to_copy,,,2.86,7.44,0,0,0,0
aten::empty_strided,,,1.78,1.78,0,0,0,0
aten::copy_,,,2.8,2.8,0,0,0,0
aten::__ior__,,,1.8,6.22,0,0,0,0
aten::bitwise_or_,,,4.42,4.42,0,0,0,0
aten::any,,,5.15,10.86,0,0,0,0
aten::view_as,,,1.39,2.65,0,0,0,0
aten::view,,,1.26,1.26,0,0,0,0
aten::to,,,0.41,0.41,0,0,0,0
aten::copy_,,,2.65,2.65,0,0,0,0
aten::is_nonzero,,,1.48,3.75,0,0,0,0
aten::item,,,1.33,2.27,0,0,0,0
aten::_local_scalar_dense,,,0.94,0.94,0,0,0,0
aten::select,,,4.18,9.53,0,0,0,0
aten::as_strided,,,5.35,5.35,0,0,0,0
aten::slice,,,4.92,8.96,0,0,0,0
aten::as_strided,,,4.04,4.04,0,0,0,0
aten::slice,,,2.49,5.03,0,0,0,0
aten::as_strided,,,2.54,2.54,0,0,0,0
aten::slice,,,2.46,4.85,0,0,0,0
aten::as_strided,,,2.39,2.39,0,0,0,0
aten::copy_,,,60.14,80.81,0,0.6,0,0
aclnnInplaceCopy,,,20.67,20.67,0.6,0.6,0,0
aten::slice,,,6.51,10.43,0,0,0,0
aten::as_strided,,,3.92,3.92,0,0,0,0
aten::fill_,,,14.76,26.83,0,0,0,0
aclnnInplaceFillScalar,,,12.07,12.07,0,0,0,0
aten::slice,,,5.29,9.2,0,0,0,0
aten::as_strided,,,3.91,3.91,0,0,0,0
aten::slice,,,2.76,5.37,0,0,0,0
aten::as_strided,,,2.61,2.61,0,0,0,0
aten::slice,,,2.65,5.18,0,0,0,0
aten::as_strided,,,2.53,2.53,0,0,0,0
aten::copy_,,,51.44,64.94,0,0.60003125,0,0
aclnnInplaceCopy,,,13.5,13.5,0.60003125,0.60003125,0,0
aten::slice,,,5.46,9.15,0,0,0,0
aten::as_strided,,,3.69,3.69,0,0,0,0
aten::slice,,,3.62,7.04,0,0,0,0
aten::as_strided,,,3.42,3.42,0,0,0,0
aten::slice,,,3.31,6.33,0,0,0,0
aten::as_strided,,,3.02,3.02,0,0,0,0
aten::slice,,,2.43,5.03,0,0,0,0
aten::as_strided,,,2.6,2.6,0,0,0,0
aten::slice,,,2.06,4.24,0,0,0,0
aten::as_strided,,,2.18,2.18,0,0,0,0
aten::copy_,,,45.81,58.74,0,0.64003125,0,0
aclnnInplaceCopy,,,12.93,12.93,0.64003125,0.64003125,0,0
aten::slice,,,5.56,9.17,0,0,0,0
aten::as_strided,,,3.61,3.61,0,0,0,0
aten::slice,,,2.79,5.55,0,0,0,0
aten::as_strided,,,2.76,2.76,0,0,0,0
aten::slice,,,2.3,4.55,0,0,0,0
aten::as_strided,,,2.25,2.25,0,0,0,0
aten::sub,,,16.44,27.94,0,1.44003125,0,0
aclnnSub,,,11.5,11.5,1.44003125,1.44003125,0,0
aten::slice,,,6.36,9.04,0,0,0,0
aten::as_strided,,,2.68,2.68,0,0,0,0
aten::slice,,,3.29,8.02,0,0,0,0
aten::as_strided,,,4.73,4.73,0,0,0,0
aten::slice,,,3.13,5.76,0,0,0,0
aten::as_strided,,,2.63,2.63,0,0,0,0
aten::slice,,,2.66,5.48,0,0,0,0
aten::as_strided,,,2.82,2.82,0,0,0,0
aten::slice,,,2.66,4.77,0,0,0,0
aten::as_strided,,,2.11,2.11,0,0,0,0
aten::fill_,,,14.77,29.12,0,0,0,0
aclnnInplaceFillScalar,,,14.35,14.35,0,0,0,0
aten::slice,,,4.38,8.34,0,0,0,0
aten::as_strided,,,3.96,3.96,0,0,0,0
aten::fill_,,,13.38,25.18,0,0,0,0
aclnnInplaceFillScalar,,,11.8,11.8,0,0,0,0
aten::diff,,,7.01,33.43,0,0,0,0
aten::narrow,,,6.11,11.26,0,0,0,0
aten::slice,,,2.42,5.15,0,0,0,0
aten::as_strided,,,2.73,2.73,0,0,0,0
aten::narrow,,,1.78,3.43,0,0,0,0
aten::slice,,,0.95,1.65,0,0,0,0
aten::as_strided,,,0.7,0.7,0,0,0,0
aten::sub,,,11.73,11.73,0,0,0,0
aten::eq,,,23.71,40.75,0,0,0,0
aten::to,,,3.88,17.04,0,0,0,0
aten::_to_copy,,,4.86,13.16,0,0,0,0
aten::empty_strided,,,2.69,2.69,0,0,0,0
aten::copy_,,,5.61,5.61,0,0,0,0
aten::__and__,,,2.07,6.55,0,0,0,0
aten::bitwise_and,,,4.48,4.48,0,0,0,0
aten::gt,,,16.06,25.49,0,0,0,0
aten::to,,,0.99,9.43,0,0,0,0
aten::_to_copy,,,3.46,8.44,0,0,0,0
aten::empty_strided,,,1.93,1.93,0,0,0,0
aten::copy_,,,3.05,3.05,0,0,0,0
aten::__and__,,,1.47,4.86,0,0,0,0
aten::bitwise_and,,,3.39,3.39,0,0,0,0
aten::any,,,5.52,13.06,0,0,0,0
aten::view_as,,,1.83,3.73,0,0,0,0
aten::view,,,1.9,1.9,0,0,0,0
aten::to,,,0.72,0.72,0,0,0,0
aten::copy_,,,3.09,3.09,0,0,0,0
aten::item,,,1.84,3.06,0,0,0,0
aten::_local_scalar_dense,,,1.22,1.22,0,0,0,0
aten::slice,,,5.44,13.06,0,0,0,0
aten::as_strided,,,7.62,7.62,0,0,0,0
aten::slice,,,2.36,3.32,0,0,0,0
aten::as_strided,,,0.96,0.96,0,0,0,0
aten::sub,,,6.76,6.76,0,0,0,0
aten::select,,,2.81,3.97,0,0,0,0
aten::as_strided,,,1.16,1.16,0,0,0,0
aten::item,,,1.36,9.11,0,0,0,0
aten::_local_scalar_dense,,,7.75,7.75,0,0,0,0
aten::gt,,,8.29,18.39,0,0,0,0
aten::to,,,1.21,10.1,0,0,0,0
aten::_to_copy,,,3.17,8.89,0,0,0,0
aten::empty_strided,,,2.36,2.36,0,0,0,0
aten::copy_,,,3.36,3.36,0,0,0,0
aten::__ior__,,,1.98,5.97,0,0,0,0
aten::bitwise_or_,,,3.99,3.99,0,0,0,0
aten::any,,,4.8,12.22,0,0,0,0
aten::view_as,,,1.56,2.8,0,0,0,0
aten::view,,,1.24,1.24,0,0,0,0
aten::to,,,0.32,0.32,0,0,0,0
aten::copy_,,,4.3,4.3,0,0,0,0
aten::is_nonzero,,,1.46,8.51,0,0,0,0
aten::item,,,1.16,7.05,0,0,0,0
aten::_local_scalar_dense,,,5.89,5.89,0,0,0,0
aten::select,,,4.82,10.57,0,0,0,0
aten::as_strided,,,5.75,5.75,0,0,0,0
aten::slice,,,5.12,8.89,0,0,0,0
aten::as_strided,,,3.77,3.77,0,0,0,0
aten::slice,,,8.58,11.55,0,0,0,0
aten::as_strided,,,2.97,2.97,0,0,0,0
aten::slice,,,2.46,4.77,0,0,0,0
aten::as_strided,,,2.31,2.31,0,0,0,0
aten::copy_,,,63.34,82.42,0,0.70003125,0,0
aclnnInplaceCopy,,,19.08,19.08,0.70003125,0.70003125,0,0
aten::slice,,,6.12,10.15,0,0,0,0
aten::as_strided,,,4.03,4.03,0,0,0,0
aten::fill_,,,15.54,31.65,0,0,0,0
aclnnInplaceFillScalar,,,16.11,16.11,0,0,0,0
aten::slice,,,5.69,9.48,0,0,0,0
aten::as_strided,,,3.79,3.79,0,0,0,0
aten::slice,,,2.69,4.91,0,0,0,0
aten::as_strided,,,2.22,2.22,0,0,0,0
aten::slice,,,2.69,5.14,0,0,0,0
aten::as_strided,,,2.45,2.45,0,0,0,0
aten::copy_,,,51.88,64.8,0,0.62,0,0
aclnnInplaceCopy,,,12.92,12.92,0.62,0.62,0,0
aten::slice,,,5.38,8.93,0,0,0,0
aten::as_strided,,,3.55,3.55,0,0,0,0
aten::slice,,,3.41,6.83,0,0,0,0
aten::as_strided,,,3.42,3.42,0,0,0,0
aten::slice,,,3.45,6.2,0,0,0,0
aten::as_strided,,,2.75,2.75,0,0,0,0
aten::slice,,,2.56,4.89,0,0,0,0
aten::as_strided,,,2.33,2.33,0,0,0,0
aten::slice,,,2.34,4.83,0,0,0,0
aten::as_strided,,,2.49,2.49,0,0,0,0
aten::copy_,,,46.34,59.44,0,0.6,0,0
aclnnInplaceCopy,,,13.1,13.1,0.6,0.6,0,0
aten::slice,,,5.72,9.33,0,0,0,0
aten::as_strided,,,3.61,3.61,0,0,0,0
aten::slice,,,3.27,5.5,0,0,0,0
aten::as_strided,,,2.23,2.23,0,0,0,0
aten::slice,,,2.51,4.67,0,0,0,0
aten::as_strided,,,2.16,2.16,0,0,0,0
aten::sub,,,17.88,29.79,0,1.38003125,0,0
aclnnSub,,,11.91,11.91,1.38003125,1.38003125,0,0
Event::record,,,159.26,180.46,0,0.02,0,0
record_event,,,21.2,21.2,0.02,0.02,0,0
aten::slice,,,9.47,16.13,0,0,0,0
aten::as_strided,,,6.66,6.66,0,0,0,0
aten::slice,,,3.62,6.46,0,0,0,0
aten::as_strided,,,2.84,2.84,0,0,0,0
aten::slice,,,7.09,13.18,0,0,0,0
aten::as_strided,,,6.09,6.09,0,0,0,0
aten::scalar_tensor,,,6.39,56.8,0,1.34003125,0,0
aten::empty,,,3.02,15.4,0,0,0,0
empty_tensor,,,12.38,12.38,0,0,0,0
aten::fill_,,,18.39,35.01,0,1.34003125,0,0
aclnnInplaceFillScalar,,,16.62,16.62,1.34003125,1.34003125,0,0
aten::view,,,4.08,4.08,0,0,0,0
aten::expand,,,2.73,4.72,0,0,0,0
aten::as_strided,,,1.99,1.99,0,0,0,0
aten::copy_,,,52.46,67.27,0,0.60003125,0,0
aclnnInplaceCopy,,,14.81,14.81,0.60003125,0.60003125,0,0
aten::scalar_tensor,,,5.46,42.9,0,1.26003125,0,0
aten::empty,,,2.57,11.14,0,0,0,0
empty_tensor,,,8.57,8.57,0,0,0,0
aten::fill_,,,11.53,26.3,0,1.26003125,0,0
aclnnInplaceFillScalar,,,14.77,14.77,1.26003125,1.26003125,0,0
aten::slice,,,7.22,12.65,0,0,0,0
aten::as_strided,,,5.43,5.43,0,0,0,0
aten::view,,,2.58,2.58,0,0,0,0
aten::expand,,,2.33,3.94,0,0,0,0
aten::as_strided,,,1.61,1.61,0,0,0,0
aten::copy_,,,2.08,2.08,0,0,0,0
aten::index,,,36.45,68.33,0,12.08025,0,0
empty_tensor,,,6.86,6.86,0,0,0,0
empty_tensor,,,8.45,8.45,0,0,0,0
aclnnIndex,,,16.57,16.57,12.08025,12.08025,0,0
aten::linear,,,5.45,68.25,0,915.6783125,0,915.6783125
aten::t,,,7.05,17.04,0,0,0,0
aten::transpose,,,3.67,9.99,0,0,0,0
aten::as_strided,,,6.32,6.32,0,0,0,0
aten::matmul,,,21.9,45.76,0,915.6783125,0,915.6783125
empty_tensor,,,9.01,9.01,0,0,0,0
aclnnMatmul,,,14.85,14.85,915.6783125,915.6783125,915.6783125,915.6783125
aten::alias,,,2.99,2.99,0,0,0,0
aten::log_softmax,,,8.14,108.83,0,51.42100000000001,0,0
aten::to,,,3.7,65.47,0,7.540125,0,0
aten::_to_copy,,,7.56,61.77,0,7.540125,0,0
aten::empty_strided,,,11.43,17.9,0,0,0,0
empty_tensor,,,6.47,6.47,0,0,0,0
aten::copy_,,,20.0,36.31,0,7.540125,0,0
aclnnInplaceCopy,,,16.31,16.31,7.540125,7.540125,0,0
aten::_log_softmax,,,18.02,35.22,0,43.880875,0,0
empty_tensor,,,7.94,7.94,0,0,0,0
aclnnLogSoftmax,,,9.26,9.26,43.880875,43.880875,0,0
aten::to,,,2.07,44.07,0,2.4400625,0,0
aten::_to_copy,,,5.57,42.0,0,2.4400625,0,0
aten::empty_strided,,,7.37,12.24,0,0,0,0
empty_tensor,,,4.87,4.87,0,0,0,0
aten::copy_,,,14.18,24.19,0,2.4400625,0,0
aclnnInplaceCopy,,,10.01,10.01,2.4400625,2.4400625,0,0
aten::argmax,,,7.72,59.95,0,20.700437500000003,0,0
aten::empty,,,3.0,10.86,0,0,0,0
empty_tensor,,,7.86,7.86,0,0,0,0
aten::argmax,,,22.46,41.37,0,20.700437500000003,0,0
aten::reshape,,,2.0,7.47,0,0,0,0
aten::view,,,5.47,5.47,0,0,0,0
aclnnArgMax,,,11.44,11.44,20.700437500000003,20.700437500000003,0,0
aten::view,,,4.55,4.55,0,0,0,0
aten::to,,,1.7,1.7,0,0,0,0
aten::topk,,,21.31,45.63,0,32.70065625,0,0
empty_tensor,,,7.68,7.68,0,0,0,0
empty_tensor,,,5.42,5.42,0,0,0,0
aclnnTopk,,,11.22,11.22,32.70065625,32.70065625,0,0
aten::unsqueeze,,,3.65,8.43,0,0,0,0
aten::as_strided,,,4.78,4.78,0,0,0,0
aten::gather,,,20.31,42.96,0,5.800125,0,0
empty_tensor,,,6.38,6.38,0,0,0,0
aclnnGather,,,16.27,16.27,5.800125,5.800125,0,0
TorchDynamo Cache Lookup,,,36.98,36.98,0,0,0,0
Torch-Compiled Region: 0/0,,,111.39,205.58,0,38.60078125,0,0
aten::_assert_scalar,,,3.57,3.57,0,0,0,0
aten::_assert_scalar,,,1.3,1.3,0,0,0,0
aten::_assert_scalar,,,0.82,0.82,0,0,0,0
aten::ge,,,21.48,50.81,0,7.840125,0,0
empty_tensor,,,12.16,12.16,0,0,0,0
aclnnGeTensor,,,17.17,17.17,7.840125,7.840125,0,0
aten::sum,,,19.6,37.69,0,30.76065625,0,0
empty_tensor,,,8.84,8.84,0,0,0,0
aclnnReduceSum,,,9.25,9.25,30.76065625,30.76065625,0,0
aten::cat,,,19.98,40.92,0,2.60003125,0,0
empty_tensor,,,8.67,8.67,0,0,0,0
aclnnCat,,,12.27,12.27,2.60003125,2.60003125,0,0
aten::cat,,,12.92,29.39,0,1.86003125,0,0
empty_tensor,,,6.93,6.93,0,0,0,0
aclnnCat,,,9.54,9.54,1.86003125,1.86003125,0,0
aten::to,,,2.35,47.44,0,1.2800625,0,0
aten::_to_copy,,,6.4,45.09,0,1.2800625,0,0
aten::empty_strided,,,7.86,12.21,0,0,0,0
empty_tensor,,,4.35,4.35,0,0,0,0
aten::copy_,,,15.0,26.48,0,1.2800625,0,0
aclnnInplaceCopy,,,11.48,11.48,1.2800625,1.2800625,0,0
aten::to,,,1.73,41.9,0,1.42,0,0
aten::_to_copy,,,4.64,40.17,0,1.42,0,0
aten::empty_strided,,,6.78,11.37,0,0,0,0
empty_tensor,,,4.59,4.59,0,0,0,0
aten::copy_,,,13.84,24.16,0,1.42,0,0
aclnnInplaceCopy,,,10.32,10.32,1.42,1.42,0,0
aten::unsqueeze,,,3.67,8.63,0,0,0,0
aten::as_strided,,,4.96,4.96,0,0,0,0
Event::record,,,155.48,178.37,0,0.02,0,0
record_event,,,22.89,22.89,0.02,0.02,0,0
aten::slice,,,6.01,13.79,0,0,0,0
aten::as_strided,,,7.78,7.78,0,0,0,0
Event::wait,,,81.85,101.71,0,2065.84125,0,0
wait_event,,,19.86,19.86,2065.84125,2065.84125,0,0
Event::record,,,91.22,110.54,0,0.02,0,0
record_event,,,19.32,19.32,0.02,0.02,0,0
Event::wait,,,61.96,79.59,0,1671.333375,0,0
wait_event,,,17.63,17.63,1671.333375,1671.333375,0,0
destroy_event,,,10.72,10.72,0,0,0,0
aten::to,,,3.77,65.18,0,1.9000625,0,0
aten::_to_copy,,,7.7,61.41,0,1.9000625,0,0
aten::empty_strided,,,23.92,23.92,0,0,0,0
aten::copy_,,,18.51,29.79,0,1.9000625,0,0
acl_memcpy_device_to_host,,,11.28,11.28,1.9000625,1.9000625,0,0
aten::to,,,2.89,35.57,0,1.90003125,0,0
aten::_to_copy,,,5.28,32.68,0,1.90003125,0,0
aten::empty_strided,,,3.77,3.77,0,0,0,0
aten::copy_,,,13.68,23.63,0,1.90003125,0,0
acl_memcpy_device_to_host,,,9.95,9.95,1.90003125,1.90003125,0,0
aten::to,,,1.81,28.03,0,1.86003125,0,0
aten::_to_copy,,,3.99,26.22,0,1.86003125,0,0
aten::empty_strided,,,2.55,2.55,0,0,0,0
aten::copy_,,,10.39,19.68,0,1.86003125,0,0
acl_memcpy_device_to_host,,,9.29,9.29,1.86003125,1.86003125,0,0
aten::to,,,1.85,33.2,0,1.9000625,0,0
aten::_to_copy,,,3.49,31.35,0,1.9000625,0,0
aten::empty_strided,,,2.84,2.84,0,0,0,0
aten::copy_,,,10.51,25.02,0,1.9000625,0,0
acl_memcpy_device_to_host,,,14.51,14.51,1.9000625,1.9000625,0,0
Event::record,,,167.07,183.45,0,0.0,0,0
record_event,,,16.38,16.38,0.0,0.0,0,0
Event::synchronize,,,83.57,83.57,0,0,0,0
aten::resolve_conj,,,2.04,2.04,0,0,0,0
aten::resolve_neg,,,0.86,0.86,0,0,0,0
aten::to,,,3.38,3.38,0,0,0,0
aten::detach,,,3.69,3.69,0,0,0,0
aten::to,,,1.03,1.03,0,0,0,0
aten::resolve_conj,,,0.48,0.48,0,0,0,0
aten::resolve_neg,,,0.52,0.52,0,0,0,0
aten::to,,,1.5,1.5,0,0,0,0
aten::detach,,,1.63,1.63,0,0,0,0
aten::to,,,0.67,0.67,0,0,0,0
aten::resolve_conj,,,0.43,0.43,0,0,0,0
aten::resolve_neg,,,0.33,0.33,0,0,0,0
aten::to,,,1.42,1.42,0,0,0,0
aten::detach,,,1.06,1.06,0,0,0,0
aten::to,,,0.77,0.77,0,0,0,0
aten::resolve_conj,,,0.33,0.33,0,0,0,0
aten::resolve_neg,,,0.42,0.42,0,0,0,0
destroy_event,,,27.87,27.87,0,0,0,0
record_event,,,6.93,6.93,0.0,0.0,0,0
Event::synchronize,,,147.32,147.32,0,0,0,0
aten::slice,,,13.34,17.89,0,0,0,0
aten::as_strided,,,4.55,4.55,0,0,0,0
aten::slice,,,3.7,10.83,0,0,0,0
aten::as_strided,,,7.13,7.13,0,0,0,0
aten::pin_memory,,,5.42,20.18,0,0,0,0
aten::is_pinned,,,14.76,14.76,0,0,0,0
aten::copy_,,,18.95,37.05,0,2.24003125,0,0
acl_memcpy_host_to_device,,,18.1,18.1,2.24003125,2.24003125,0,0
aten::slice,,,6.66,9.92,0,0,0,0
aten::as_strided,,,3.26,3.26,0,0,0,0
aten::slice,,,3.49,9.42,0,0,0,0
aten::as_strided,,,5.93,5.93,0,0,0,0
aten::pin_memory,,,23.8,33.96,0,0,0,0
aten::is_pinned,,,10.16,10.16,0,0,0,0
aten::copy_,,,15.34,30.97,0,2.1800625,0,0
acl_memcpy_host_to_device,,,15.63,15.63,2.1800625,2.1800625,0,0
aten::slice,,,5.75,8.16,0,0,0,0
aten::as_strided,,,2.41,2.41,0,0,0,0
aten::slice,,,2.84,7.23,0,0,0,0
aten::as_strided,,,4.39,4.39,0,0,0,0
aten::pin_memory,,,3.7,11.38,0,0,0,0
aten::is_pinned,,,7.68,7.68,0,0,0,0
aten::copy_,,,13.33,26.61,0,2.16003125,0,0
acl_memcpy_host_to_device,,,13.28,13.28,2.16003125,2.16003125,0,0
aten::slice,,,4.72,7.33,0,0,0,0
aten::as_strided,,,2.61,2.61,0,0,0,0
aten::slice,,,2.86,6.55,0,0,0,0
aten::as_strided,,,3.69,3.69,0,0,0,0
aten::pin_memory,,,3.37,11.17,0,0,0,0
aten::is_pinned,,,7.8,7.8,0,0,0,0
aten::copy_,,,12.03,22.49,0,2.2000625,0,0
acl_memcpy_host_to_device,,,10.46,10.46,2.2000625,2.2000625,0,0
aten::slice,,,4.88,6.83,0,0,0,0
aten::as_strided,,,1.95,1.95,0,0,0,0
aten::slice,,,2.71,6.59,0,0,0,0
aten::as_strided,,,3.88,3.88,0,0,0,0
aten::pin_memory,,,3.59,10.1,0,0,0,0
aten::is_pinned,,,6.51,6.51,0,0,0,0
aten::copy_,,,12.45,19.25,0,2.1600625,0,0
acl_memcpy_host_to_device,,,6.8,6.8,2.1600625,2.1600625,0,0
aten::slice,,,10.56,14.17,0,0,0,0
aten::as_strided,,,3.61,3.61,0,0,0,0
aten::slice,,,3.41,8.92,0,0,0,0
aten::as_strided,,,5.51,5.51,0,0,0,0
aten::pin_memory,,,4.39,15.48,0,0,0,0
aten::is_pinned,,,11.09,11.09,0,0,0,0
aten::copy_,,,38.13,53.7,0,2.1800625,0,0
acl_memcpy_host_to_device,,,15.57,15.57,2.1800625,2.1800625,0,0
aten::slice,,,5.49,9.85,0,0,0,0
aten::as_strided,,,4.36,4.36,0,0,0,0
aten::lift_fresh,,,1.48,1.48,0,0,0,0
aten::lift_fresh,,,1.39,1.39,0,0,0,0
aten::flatten,,,3.36,9.53,0,0,0,0
aten::view,,,6.17,6.17,0,0,0,0
aten::slice,,,3.53,5.22,0,0,0,0
aten::as_strided,,,1.69,1.69,0,0,0,0
aten::index_select,,,6.61,6.61,0,0,0,0
aten::pin_memory,,,3.87,15.55,0,0,0,0
aten::is_pinned,,,11.68,11.68,0,0,0,0
aten::copy_,,,15.63,30.05,0,2.20003125,0,0
acl_memcpy_host_to_device,,,14.42,14.42,2.20003125,2.20003125,0,0
aten::pin_memory,,,4.33,11.92,0,0,0,0
aten::is_pinned,,,7.59,7.59,0,0,0,0
aten::copy_,,,12.48,23.52,0,2.30003125,0,0
acl_memcpy_host_to_device,,,11.04,11.04,2.30003125,2.30003125,0,0
aten::slice,,,6.29,8.92,0,0,0,0
aten::as_strided,,,2.63,2.63,0,0,0,0
aten::lift_fresh,,,0.94,0.94,0,0,0,0
aten::slice,,,3.47,4.37,0,0,0,0
aten::as_strided,,,0.9,0.9,0,0,0,0
aten::add,,,12.92,12.92,0,0,0,0
aten::slice,,,3.82,5.06,0,0,0,0
aten::as_strided,,,1.24,1.24,0,0,0,0
aten::fill_,,,4.94,4.94,0,0,0,0
aten::slice,,,3.45,8.43,0,0,0,0
aten::as_strided,,,4.98,4.98,0,0,0,0
aten::fill_,,,22.62,40.88,0,1.64003125,0,0
aclnnInplaceFillScalar,,,18.26,18.26,1.64003125,1.64003125,0,0
aten::slice,,,6.89,12.81,0,0,0,0
aten::as_strided,,,5.92,5.92,0,0,0,0
aten::select,,,3.66,6.7,0,0,0,0
aten::as_strided,,,3.04,3.04,0,0,0,0
aten::copy_,,,62.87,79.3,0,0.70003125,0,0
aclnnInplaceCopy,,,16.43,16.43,0.70003125,0.70003125,0,0
aten::slice,,,7.32,10.07,0,0,0,0
aten::as_strided,,,2.75,2.75,0,0,0,0
aten::detach,,,3.52,3.52,0,0,0,0
aten::to,,,2.02,2.02,0,0,0,0
aten::resolve_conj,,,0.85,0.85,0,0,0,0
aten::resolve_neg,,,0.75,0.75,0,0,0,0
aten::slice,,,5.57,8.24,0,0,0,0
aten::as_strided,,,2.67,2.67,0,0,0,0
aten::slice,,,3.13,8.32,0,0,0,0
aten::as_strided,,,5.19,5.19,0,0,0,0
aten::pin_memory,,,4.27,16.92,0,0,0,0
aten::is_pinned,,,12.65,12.65,0,0,0,0
aten::copy_,,,3.49,3.49,0,0,0,0
aten::slice,,,5.09,7.02,0,0,0,0
aten::as_strided,,,1.93,1.93,0,0,0,0
aten::slice,,,2.86,6.05,0,0,0,0
aten::as_strided,,,3.19,3.19,0,0,0,0
aten::pin_memory,,,3.4,11.74,0,0,0,0
aten::is_pinned,,,8.34,8.34,0,0,0,0
aten::copy_,,,14.89,33.35,0,2.1600625,0,0
acl_memcpy_host_to_device,,,18.46,18.46,2.1600625,2.1600625,0,0
aten::fill_,,,18.09,31.69,0,1.46003125,0,0
aclnnInplaceFillScalar,,,13.6,13.6,1.46003125,1.46003125,0,0
aten::slice,,,6.89,10.87,0,0,0,0
aten::as_strided,,,3.98,3.98,0,0,0,0
aten::slice,,,3.18,5.25,0,0,0,0
aten::as_strided,,,2.07,2.07,0,0,0,0
aten::copy_,,,15.69,26.11,0,2.3600625,0,0
acl_memcpy_host_to_device,,,10.42,10.42,2.3600625,2.3600625,0,0
aten::slice,,,5.37,7.37,0,0,0,0
aten::as_strided,,,2.0,2.0,0,0,0,0
aten::slice,,,2.75,6.46,0,0,0,0
aten::as_strided,,,3.71,3.71,0,0,0,0
aten::pin_memory,,,3.69,11.73,0,0,0,0
aten::is_pinned,,,8.04,8.04,0,0,0,0
aten::copy_,,,12.74,24.77,0,2.1800625,0,0
acl_memcpy_host_to_device,,,12.03,12.03,2.1800625,2.1800625,0,0
aten::slice,,,4.57,8.88,0,0,0,0
aten::as_strided,,,4.31,4.31,0,0,0,0
aten::slice,,,3.11,4.43,0,0,0,0
aten::as_strided,,,1.32,1.32,0,0,0,0
aten::slice,,,2.42,5.26,0,0,0,0
aten::as_strided,,,2.84,2.84,0,0,0,0
aten::pin_memory,,,3.42,10.84,0,0,0,0
aten::is_pinned,,,7.42,7.42,0,0,0,0
aten::copy_,,,12.77,24.18,0,2.42003125,0,0
acl_memcpy_host_to_device,,,11.41,11.41,2.42003125,2.42003125,0,0
aten::slice,,,6.23,8.29,0,0,0,0
aten::as_strided,,,2.06,2.06,0,0,0,0
aten::slice,,,16.06,20.94,0,0,0,0
aten::as_strided,,,4.88,4.88,0,0,0,0
aten::pin_memory,,,3.58,11.17,0,0,0,0
aten::is_pinned,,,7.59,7.59,0,0,0,0
aten::copy_,,,13.6,28.54,0,2.2000625,0,0
acl_memcpy_host_to_device,,,14.94,14.94,2.2000625,2.2000625,0,0
aten::slice,,,5.76,9.55,0,0,0,0
aten::as_strided,,,3.79,3.79,0,0,0,0
aten::index,,,34.29,65.55,0,10.50021875,0,0
empty_tensor,,,7.36,7.36,0,0,0,0
empty_tensor,,,8.06,8.06,0,0,0,0
aclnnIndex,,,15.84,15.84,10.50021875,10.50021875,0,0
aten::to,,,2.29,52.27,0,1.12003125,0,0
aten::_to_copy,,,6.21,49.98,0,1.12003125,0,0
aten::empty_strided,,,8.98,13.82,0,0,0,0
empty_tensor,,,4.84,4.84,0,0,0,0
aten::copy_,,,17.79,29.95,0,1.12003125,0,0
aclnnInplaceCopy,,,12.16,12.16,1.12003125,1.12003125,0,0
aten::slice,,,6.58,10.57,0,0,0,0
aten::as_strided,,,3.99,3.99,0,0,0,0
aten::add,,,18.47,35.94,0,2.5400625,0,0
empty_tensor,,,6.55,6.55,0,0,0,0
aclnnAdd,,,10.92,10.92,2.5400625,2.5400625,0,0
aten::slice,,,5.65,10.22,0,0,0,0
aten::as_strided,,,4.57,4.57,0,0,0,0
aten::copy_,,,63.04,73.34,0,0.56,0,0
aclnnInplaceCopy,,,10.3,10.3,0.56,0.56,0,0
aten::slice,,,6.51,10.25,0,0,0,0
aten::as_strided,,,3.74,3.74,0,0,0,0
aten::add,,,17.61,37.21,0,1.48003125,0,0
empty_tensor,,,7.99,7.99,0,0,0,0
aclnnAdd,,,11.61,11.61,1.48003125,1.48003125,0,0
aten::slice,,,6.65,11.16,0,0,0,0
aten::as_strided,,,4.51,4.51,0,0,0,0
aten::copy_,,,44.15,56.46,0,0.62,0,0
aclnnInplaceCopy,,,12.31,12.31,0.62,0.62,0,0
aten::slice,,,6.38,11.18,0,0,0,0
aten::as_strided,,,4.8,4.8,0,0,0,0
aten::fill_,,,13.05,30.64,0,1.48003125,0,0
aclnnInplaceFillScalar,,,17.59,17.59,1.48003125,1.48003125,0,0
aten::slice,,,6.65,10.51,0,0,0,0
aten::as_strided,,,3.86,3.86,0,0,0,0
aten::slice,,,2.62,5.04,0,0,0,0
aten::as_strided,,,2.42,2.42,0,0,0,0
_compute_slot_mapping_fused_groups_kernel,,,25.08,25.08,21.9404375,21.9404375,0,0
aten::slice,,,9.72,17.04,0,0,0,0
aten::as_strided,,,7.32,7.32,0,0,0,0
aten::sub,,,25.9,56.99,0,1.44003125,0,0
empty_tensor,,,11.6,11.6,0,0,0,0
aten::item,,,2.71,4.3,0,0,0,0
aten::_local_scalar_dense,,,1.59,1.59,0,0,0,0
aclnnSubs,,,15.19,15.19,1.44003125,1.44003125,0,0
aten::pin_memory,,,7.05,22.52,0,0,0,0
aten::is_pinned,,,15.47,15.47,0,0,0,0
aten::copy_,,,19.94,43.62,0,2.22003125,0,0
acl_memcpy_host_to_device,,,23.68,23.68,2.22003125,2.22003125,0,0
aten::detach,,,5.26,5.26,0,0,0,0
aten::to,,,1.87,1.87,0,0,0,0
aten::resolve_conj,,,0.7,0.7,0,0,0,0
aten::resolve_neg,,,0.52,0.52,0,0,0,0
aten::slice,,,8.51,15.21,0,0,0,0
aten::as_strided,,,6.7,6.7,0,0,0,0
aten::slice,,,3.04,6.42,0,0,0,0
aten::as_strided,,,3.38,3.38,0,0,0,0
aten::slice,,,4.22,7.64,0,0,0,0
aten::as_strided,,,3.42,3.42,0,0,0,0
aten::fill_,,,19.63,36.52,0,0,0,0
aclnnInplaceFillScalar,,,16.89,16.89,0,0,0,0
aten::slice,,,4.26,8.18,0,0,0,0
aten::as_strided,,,3.92,3.92,0,0,0,0
aten::fill_,,,12.94,26.09,0,0,0,0
aclnnInplaceFillScalar,,,13.15,13.15,0,0,0,0
aten::slice,,,5.9,8.47,0,0,0,0
aten::as_strided,,,2.57,2.57,0,0,0,0
aten::slice,,,2.68,3.65,0,0,0,0
aten::as_strided,,,0.97,0.97,0,0,0,0
aten::lt,,,13.41,13.41,0,0,0,0
aten::lift_fresh,,,1.09,1.09,0,0,0,0
aten::slice,,,1.61,2.7,0,0,0,0
aten::as_strided,,,1.09,1.09,0,0,0,0
aten::fill_,,,5.98,12.39,0,0,0,0
aten::copy_,,,6.41,6.41,0,0,0,0
aten::slice,,,3.28,4.97,0,0,0,0
aten::as_strided,,,1.69,1.69,0,0,0,0
aten::slice,,,2.9,7.96,0,0,0,0
aten::as_strided,,,5.06,5.06,0,0,0,0
aten::slice,,,2.59,3.99,0,0,0,0
aten::as_strided,,,1.4,1.4,0,0,0,0
aten::slice,,,3.52,6.09,0,0,0,0
aten::as_strided,,,2.57,2.57,0,0,0,0
aten::slice,,,2.15,3.07,0,0,0,0
aten::as_strided,,,0.92,0.92,0,0,0,0
aten::slice,,,1.93,3.26,0,0,0,0
aten::as_strided,,,1.33,1.33,0,0,0,0
aten::slice,,,2.84,5.58,0,0,0,0
aten::as_strided,,,2.74,2.74,0,0,0,0
aten::slice,,,2.98,5.86,0,0,0,0
aten::as_strided,,,2.88,2.88,0,0,0,0
aten::slice,,,2.44,4.5,0,0,0,0
aten::as_strided,,,2.06,2.06,0,0,0,0
aten::slice,,,5.4,11.01,0,0,0,0
aten::as_strided,,,5.61,5.61,0,0,0,0
aten::slice,,,2.78,6.04,0,0,0,0
aten::as_strided,,,3.26,3.26,0,0,0,0
aten::slice,,,3.34,5.87,0,0,0,0
aten::as_strided,,,2.53,2.53,0,0,0,0
aten::to,,,1.38,1.38,0,0,0,0
aten::slice,,,3.1,5.94,0,0,0,0
aten::as_strided,,,2.84,2.84,0,0,0,0
aten::slice,,,2.39,4.75,0,0,0,0
aten::as_strided,,,2.36,2.36,0,0,0,0
aten::slice,,,2.19,3.94,0,0,0,0
aten::as_strided,,,1.75,1.75,0,0,0,0
aten::slice,,,3.14,6.64,0,0,0,0
aten::as_strided,,,3.5,3.5,0,0,0,0
aten::slice,,,2.55,6.25,0,0,0,0
aten::as_strided,,,3.7,3.7,0,0,0,0
aten::alias,,,5.49,5.49,0,0,0,0
aten::div,,,36.53,60.05,0,6.3400625,0,0
aten::item,,,2.17,3.72,0,0,0,0
aten::_local_scalar_dense,,,1.55,1.55,0,0,0,0
aclnnDivMods,,,19.8,19.8,6.3400625,6.3400625,0,0
aten::slice,,,4.3,9.57,0,0,0,0
aten::as_strided,,,5.27,5.27,0,0,0,0
aten::slice,,,4.82,8.35,0,0,0,0
aten::as_strided,,,3.53,3.53,0,0,0,0
aten::copy_,,,60.0,83.86,0,0.58,0,0
aclnnInplaceCopy,,,23.86,23.86,0.58,0.58,0,0
aten::slice,,,3.57,7.9,0,0,0,0
aten::as_strided,,,4.33,4.33,0,0,0,0
aten::slice,,,4.76,7.23,0,0,0,0
aten::as_strided,,,2.47,2.47,0,0,0,0
aten::ge,,,21.59,47.64,0,4.16009375,0,0
empty_tensor,,,11.57,11.57,0,0,0,0
aclnnGeScalar,,,14.48,14.48,4.16009375,4.16009375,0,0
aten::add,,,20.17,44.03,0,1.92003125,0,0
empty_tensor,,,7.05,7.05,0,0,0,0
aten::item,,,2.42,4.0,0,0,0,0
aten::_local_scalar_dense,,,1.58,1.58,0,0,0,0
aclnnAdds,,,12.81,12.81,1.92003125,1.92003125,0,0
aten::remainder,,,21.21,40.06,0,3.52009375,0,0
empty_tensor,,,7.22,7.22,0,0,0,0
aclnnRemainderTensorScalar,,,11.63,11.63,3.52009375,3.52009375,0,0
aten::eq,,,12.4,27.56,0,2.3200625,0,0
empty_tensor,,,6.12,6.12,0,0,0,0
aclnnEqScalar,,,9.04,9.04,2.3200625,2.3200625,0,0
aten::__and__,,,2.78,33.35,0,1.44003125,0,0
aten::bitwise_and,,,16.76,30.57,0,1.44003125,0,0
empty_tensor,,,5.42,5.42,0,0,0,0
aclnnBitwiseAndTensor,,,8.39,8.39,1.44003125,1.44003125,0,0
aten::clamp_min,,,11.18,25.74,0,1.52003125,0,0
empty_tensor,,,6.66,6.66,0,0,0,0
aclnnClampMin,,,7.9,7.9,1.52003125,1.52003125,0,0
aten::div,,,21.88,41.42,0,5.16009375,0,0
empty_tensor,,,6.16,6.16,0,0,0,0
aten::item,,,1.73,2.83,0,0,0,0
aten::_local_scalar_dense,,,1.1,1.1,0,0,0,0
aclnnDivMods,,,10.55,10.55,5.16009375,5.16009375,0,0
aten::remainder,,,17.86,34.48,0,4.880062499999999,0,0
empty_tensor,,,6.09,6.09,0,0,0,0
aclnnRemainderTensorScalar,,,10.53,10.53,4.880062499999999,4.880062499999999,0,0
aten::mul,,,16.87,37.92,0,1.48,0,0
empty_tensor,,,5.76,5.76,0,0,0,0
aten::item,,,1.53,3.02,0,0,0,0
aten::_local_scalar_dense,,,1.49,1.49,0,0,0,0
aclnnMuls,,,12.27,12.27,1.48,1.48,0,0
aten::div,,,20.18,53.93,0,4.32009375,0,0
empty_tensor,,,7.06,7.06,0,0,0,0
aten::item,,,1.42,2.21,0,0,0,0
aten::_local_scalar_dense,,,0.79,0.79,0,0,0,0
aclnnDivMods,,,24.48,24.48,4.32009375,4.32009375,0,0
aten::add,,,15.11,32.46,0,1.28003125,0,0
empty_tensor,,,5.89,5.89,0,0,0,0
aclnnAdd,,,11.46,11.46,1.28003125,1.28003125,0,0
aten::full_like,,,5.08,42.61,0,1.3800625,0,0
aten::empty_like,,,5.95,18.12,0,0,0,0
aten::empty_strided,,,7.83,12.17,0,0,0,0
empty_tensor,,,4.34,4.34,0,0,0,0
aten::fill_,,,9.96,19.41,0,1.3800625,0,0
aclnnInplaceFillScalar,,,9.45,9.45,1.3800625,1.3800625,0,0
aten::where,,,12.93,27.91,0,1.90003125,0,0
empty_tensor,,,5.86,5.86,0,0,0,0
aclnnSWhere,,,9.12,9.12,1.90003125,1.90003125,0,0
aten::copy_,,,14.35,23.49,0,1.16,0,0
aclnnInplaceCopy,,,9.14,9.14,1.16,1.16,0,0
aten::slice,,,3.9,8.28,0,0,0,0
aten::as_strided,,,4.38,4.38,0,0,0,0
aten::slice,,,6.22,9.04,0,0,0,0
aten::as_strided,,,2.82,2.82,0,0,0,0
aten::div,,,25.11,46.49,0,4.320062500000001,0,0
aten::item,,,2.06,4.09,0,0,0,0
aten::_local_scalar_dense,,,2.03,2.03,0,0,0,0
aclnnDivMods,,,17.29,17.29,4.320062500000001,4.320062500000001,0,0
aten::slice,,,3.49,7.69,0,0,0,0
aten::as_strided,,,4.2,4.2,0,0,0,0
aten::slice,,,4.77,7.54,0,0,0,0
aten::as_strided,,,2.77,2.77,0,0,0,0
aten::slice,,,2.46,4.71,0,0,0,0
aten::as_strided,,,2.25,2.25,0,0,0,0
aten::copy_,,,57.12,71.24,0,0.62003125,0,0
aclnnInplaceCopy,,,14.12,14.12,0.62003125,0.62003125,0,0
aten::slice,,,3.4,7.39,0,0,0,0
aten::as_strided,,,3.99,3.99,0,0,0,0
aten::slice,,,4.95,7.55,0,0,0,0
aten::as_strided,,,2.6,2.6,0,0,0,0
aten::copy_,,,44.65,60.26,0,0.62,0,0
aclnnInplaceCopy,,,15.61,15.61,0.62,0.62,0,0
aten::slice,,,5.85,8.64,0,0,0,0
aten::as_strided,,,2.79,2.79,0,0,0,0
aten::div,,,13.06,31.39,0,0,0,0
aten::to,,,1.65,18.33,0,0,0,0
aten::_to_copy,,,5.29,16.68,0,0,0,0
aten::empty_strided,,,3.61,3.61,0,0,0,0
aten::copy_,,,7.78,7.78,0,0,0,0
aten::slice,,,4.39,9.56,0,0,0,0
aten::as_strided,,,5.17,5.17,0,0,0,0
aten::slice,,,6.15,10.87,0,0,0,0
aten::as_strided,,,4.72,4.72,0,0,0,0
aten::slice,,,3.17,6.47,0,0,0,0
aten::as_strided,,,3.3,3.3,0,0,0,0
aten::slice,,,2.48,5.18,0,0,0,0
aten::as_strided,,,2.7,2.7,0,0,0,0
aten::fill_,,,16.43,34.58,0,0,0,0
aclnnInplaceFillScalar,,,18.15,18.15,0,0,0,0
aten::slice,,,5.23,8.71,0,0,0,0
aten::as_strided,,,3.48,3.48,0,0,0,0
aten::fill_,,,11.79,22.72,0,0,0,0
aclnnInplaceFillScalar,,,10.93,10.93,0,0,0,0
aten::slice,,,5.43,9.97,0,0,0,0
aten::as_strided,,,4.54,4.54,0,0,0,0
aten::slice,,,2.92,6.29,0,0,0,0
aten::as_strided,,,3.37,3.37,0,0,0,0
aten::slice,,,5.57,8.01,0,0,0,0
aten::as_strided,,,2.44,2.44,0,0,0,0
aten::slice,,,3.12,6.64,0,0,0,0
aten::as_strided,,,3.52,3.52,0,0,0,0
aten::slice,,,2.94,5.57,0,0,0,0
aten::as_strided,,,2.63,2.63,0,0,0,0
aten::slice,,,2.52,5.11,0,0,0,0
aten::as_strided,,,2.59,2.59,0,0,0,0
aten::slice,,,2.2,4.54,0,0,0,0
aten::as_strided,,,2.34,2.34,0,0,0,0
aten::fill_,,,13.55,27.68,0,0,0,0
aclnnInplaceFillScalar,,,14.13,14.13,0,0,0,0
aten::slice,,,4.29,7.71,0,0,0,0
aten::as_strided,,,3.42,3.42,0,0,0,0
aten::fill_,,,11.63,25.44,0,0,0,0
aclnnInplaceFillScalar,,,13.81,13.81,0,0,0,0
aten::diff,,,7.41,35.01,0,0,0,0
aten::narrow,,,6.86,11.48,0,0,0,0
aten::slice,,,2.35,4.62,0,0,0,0
aten::as_strided,,,2.27,2.27,0,0,0,0
aten::narrow,,,2.41,4.27,0,0,0,0
aten::slice,,,1.02,1.86,0,0,0,0
aten::as_strided,,,0.84,0.84,0,0,0,0
aten::sub,,,11.85,11.85,0,0,0,0
aten::eq,,,13.96,28.54,0,0,0,0
aten::to,,,1.76,14.58,0,0,0,0
aten::_to_copy,,,4.45,12.82,0,0,0,0
aten::empty_strided,,,2.87,2.87,0,0,0,0
aten::copy_,,,5.5,5.5,0,0,0,0
aten::__and__,,,2.08,7.18,0,0,0,0
aten::bitwise_and,,,5.1,5.1,0,0,0,0
aten::gt,,,7.56,15.61,0,0,0,0
aten::to,,,0.94,8.05,0,0,0,0
aten::_to_copy,,,2.65,7.11,0,0,0,0
aten::empty_strided,,,1.77,1.77,0,0,0,0
aten::copy_,,,2.69,2.69,0,0,0,0
aten::__and__,,,1.75,5.39,0,0,0,0
aten::bitwise_and,,,3.64,3.64,0,0,0,0
aten::any,,,6.98,15.21,0,0,0,0
aten::view_as,,,2.39,4.47,0,0,0,0
aten::view,,,2.08,2.08,0,0,0,0
aten::to,,,0.44,0.44,0,0,0,0
aten::copy_,,,3.32,3.32,0,0,0,0
aten::item,,,1.94,3.31,0,0,0,0
aten::_local_scalar_dense,,,1.37,1.37,0,0,0,0
aten::slice,,,5.33,6.99,0,0,0,0
aten::as_strided,,,1.66,1.66,0,0,0,0
aten::slice,,,2.28,3.23,0,0,0,0
aten::as_strided,,,0.95,0.95,0,0,0,0
aten::sub,,,4.9,4.9,0,0,0,0
aten::select,,,3.29,4.41,0,0,0,0
aten::as_strided,,,1.12,1.12,0,0,0,0
aten::item,,,1.2,2.39,0,0,0,0
aten::_local_scalar_dense,,,1.19,1.19,0,0,0,0
aten::gt,,,7.81,16.35,0,0,0,0
aten::to,,,1.24,8.54,0,0,0,0
aten::_to_copy,,,2.62,7.3,0,0,0,0
aten::empty_strided,,,1.95,1.95,0,0,0,0
aten::copy_,,,2.73,2.73,0,0,0,0
aten::__ior__,,,2.27,6.98,0,0,0,0
aten::bitwise_or_,,,4.71,4.71,0,0,0,0
aten::any,,,5.02,11.15,0,0,0,0
aten::view_as,,,1.49,3.05,0,0,0,0
aten::view,,,1.56,1.56,0,0,0,0
aten::to,,,0.45,0.45,0,0,0,0
aten::copy_,,,2.63,2.63,0,0,0,0
aten::is_nonzero,,,1.6,3.85,0,0,0,0
aten::item,,,1.33,2.25,0,0,0,0
aten::_local_scalar_dense,,,0.92,0.92,0,0,0,0
aten::select,,,4.72,10.31,0,0,0,0
aten::as_strided,,,5.59,5.59,0,0,0,0
aten::slice,,,5.0,8.98,0,0,0,0
aten::as_strided,,,3.98,3.98,0,0,0,0
aten::slice,,,2.94,5.37,0,0,0,0
aten::as_strided,,,2.43,2.43,0,0,0,0
aten::slice,,,2.6,5.01,0,0,0,0
aten::as_strided,,,2.41,2.41,0,0,0,0
aten::copy_,,,61.5,78.76,0,0.60003125,0,0
aclnnInplaceCopy,,,17.26,17.26,0.60003125,0.60003125,0,0
aten::slice,,,6.29,10.42,0,0,0,0
aten::as_strided,,,4.13,4.13,0,0,0,0
aten::fill_,,,14.33,26.79,0,0,0,0
aclnnInplaceFillScalar,,,12.46,12.46,0,0,0,0
aten::slice,,,5.06,8.79,0,0,0,0
aten::as_strided,,,3.73,3.73,0,0,0,0
aten::slice,,,2.86,5.3,0,0,0,0
aten::as_strided,,,2.44,2.44,0,0,0,0
aten::slice,,,2.92,5.62,0,0,0,0
aten::as_strided,,,2.7,2.7,0,0,0,0
aten::copy_,,,50.42,69.64,0,0.62,0,0
aclnnInplaceCopy,,,19.22,19.22,0.62,0.62,0,0
aten::slice,,,6.15,9.76,0,0,0,0
aten::as_strided,,,3.61,3.61,0,0,0,0
aten::slice,,,3.49,6.7,0,0,0,0
aten::as_strided,,,3.21,3.21,0,0,0,0
aten::slice,,,3.38,6.56,0,0,0,0
aten::as_strided,,,3.18,3.18,0,0,0,0
aten::slice,,,2.79,5.28,0,0,0,0
aten::as_strided,,,2.49,2.49,0,0,0,0
aten::slice,,,2.5,4.98,0,0,0,0
aten::as_strided,,,2.48,2.48,0,0,0,0
aten::copy_,,,48.16,63.67,0,0.66003125,0,0
aclnnInplaceCopy,,,15.51,15.51,0.66003125,0.66003125,0,0
aten::slice,,,6.01,9.78,0,0,0,0
aten::as_strided,,,3.77,3.77,0,0,0,0
aten::slice,,,2.93,5.42,0,0,0,0
aten::as_strided,,,2.49,2.49,0,0,0,0
aten::slice,,,2.71,5.55,0,0,0,0
aten::as_strided,,,2.84,2.84,0,0,0,0
aten::sub,,,20.1,32.99,0,1.3800625,0,0
aclnnSub,,,12.89,12.89,1.3800625,1.3800625,0,0
aten::slice,,,7.75,10.7,0,0,0,0
aten::as_strided,,,2.95,2.95,0,0,0,0
aten::slice,,,3.23,7.85,0,0,0,0
aten::as_strided,,,4.62,4.62,0,0,0,0
aten::slice,,,3.26,6.55,0,0,0,0
aten::as_strided,,,3.29,3.29,0,0,0,0
aten::slice,,,2.71,5.39,0,0,0,0
aten::as_strided,,,2.68,2.68,0,0,0,0
aten::slice,,,2.56,4.95,0,0,0,0
aten::as_strided,,,2.39,2.39,0,0,0,0
aten::fill_,,,16.38,33.3,0,0,0,0
aclnnInplaceFillScalar,,,16.92,16.92,0,0,0,0
aten::slice,,,5.24,11.16,0,0,0,0
aten::as_strided,,,5.92,5.92,0,0,0,0
aten::fill_,,,12.05,29.29,0,0,0,0
aclnnInplaceFillScalar,,,17.24,17.24,0,0,0,0
aten::diff,,,6.59,42.52,0,0,0,0
aten::narrow,,,6.03,11.01,0,0,0,0
aten::slice,,,2.59,4.98,0,0,0,0
aten::as_strided,,,2.39,2.39,0,0,0,0
aten::narrow,,,2.28,13.39,0,0,0,0
aten::slice,,,10.12,11.11,0,0,0,0
aten::as_strided,,,0.99,0.99,0,0,0,0
aten::sub,,,11.53,11.53,0,0,0,0
aten::eq,,,11.88,26.14,0,0,0,0
aten::to,,,1.48,14.26,0,0,0,0
aten::_to_copy,,,4.53,12.78,0,0,0,0
aten::empty_strided,,,2.71,2.71,0,0,0,0
aten::copy_,,,5.54,5.54,0,0,0,0
aten::__and__,,,10.59,15.34,0,0,0,0
aten::bitwise_and,,,4.75,4.75,0,0,0,0
aten::gt,,,7.93,23.55,0,0,0,0
aten::to,,,1.14,15.62,0,0,0,0
aten::_to_copy,,,3.05,14.48,0,0,0,0
aten::empty_strided,,,8.34,8.34,0,0,0,0
aten::copy_,,,3.09,3.09,0,0,0,0
aten::__and__,,,1.39,11.34,0,0,0,0
aten::bitwise_and,,,9.95,9.95,0,0,0,0
aten::any,,,6.34,13.89,0,0,0,0
aten::view_as,,,1.93,3.86,0,0,0,0
aten::view,,,1.93,1.93,0,0,0,0
aten::to,,,0.43,0.43,0,0,0,0
aten::copy_,,,3.26,3.26,0,0,0,0
aten::item,,,1.89,3.07,0,0,0,0
aten::_local_scalar_dense,,,1.18,1.18,0,0,0,0
aten::slice,,,7.48,9.3,0,0,0,0
aten::as_strided,,,1.82,1.82,0,0,0,0
aten::slice,,,2.17,2.96,0,0,0,0
aten::as_strided,,,0.79,0.79,0,0,0,0
aten::sub,,,5.38,5.38,0,0,0,0
aten::select,,,3.15,5.93,0,0,0,0
aten::as_strided,,,2.78,2.78,0,0,0,0
aten::item,,,1.11,3.75,0,0,0,0
aten::_local_scalar_dense,,,2.64,2.64,0,0,0,0
aten::gt,,,8.13,17.2,0,0,0,0
aten::to,,,1.09,9.07,0,0,0,0
aten::_to_copy,,,3.21,7.98,0,0,0,0
aten::empty_strided,,,1.88,1.88,0,0,0,0
aten::copy_,,,2.89,2.89,0,0,0,0
aten::__ior__,,,1.84,6.21,0,0,0,0
aten::bitwise_or_,,,4.37,4.37,0,0,0,0
aten::any,,,15.32,21.43,0,0,0,0
aten::view_as,,,1.53,2.88,0,0,0,0
aten::view,,,1.35,1.35,0,0,0,0
aten::to,,,0.32,0.32,0,0,0,0
aten::copy_,,,2.91,2.91,0,0,0,0
aten::is_nonzero,,,1.49,3.25,0,0,0,0
aten::item,,,1.01,1.76,0,0,0,0
aten::_local_scalar_dense,,,0.75,0.75,0,0,0,0
aten::select,,,13.22,23.8,0,0,0,0
aten::as_strided,,,10.58,10.58,0,0,0,0
aten::slice,,,5.17,9.01,0,0,0,0
aten::as_strided,,,3.84,3.84,0,0,0,0
aten::slice,,,2.8,5.16,0,0,0,0
aten::as_strided,,,2.36,2.36,0,0,0,0
aten::slice,,,4.66,6.81,0,0,0,0
aten::as_strided,,,2.15,2.15,0,0,0,0
aten::copy_,,,62.81,78.44,0,0.62,0,0
aclnnInplaceCopy,,,15.63,15.63,0.62,0.62,0,0
aten::slice,,,5.82,9.95,0,0,0,0
aten::as_strided,,,4.13,4.13,0,0,0,0
aten::fill_,,,14.7,26.54,0,0,0,0
aclnnInplaceFillScalar,,,11.84,11.84,0,0,0,0
aten::slice,,,5.9,9.99,0,0,0,0
aten::as_strided,,,4.09,4.09,0,0,0,0
aten::slice,,,3.8,7.04,0,0,0,0
aten::as_strided,,,3.24,3.24,0,0,0,0
aten::slice,,,2.58,5.16,0,0,0,0
aten::as_strided,,,2.58,2.58,0,0,0,0
aten::copy_,,,50.55,67.89,0,0.58,0,0
aclnnInplaceCopy,,,17.34,17.34,0.58,0.58,0,0
aten::slice,,,6.14,10.53,0,0,0,0
aten::as_strided,,,4.39,4.39,0,0,0,0
aten::slice,,,3.97,7.24,0,0,0,0
aten::as_strided,,,3.27,3.27,0,0,0,0
aten::slice,,,3.48,6.04,0,0,0,0
aten::as_strided,,,2.56,2.56,0,0,0,0
aten::slice,,,2.2,4.42,0,0,0,0
aten::as_strided,,,2.22,2.22,0,0,0,0
aten::slice,,,2.16,4.96,0,0,0,0
aten::as_strided,,,2.8,2.8,0,0,0,0
aten::copy_,,,48.3,61.31,0,0.66,0,0
aclnnInplaceCopy,,,13.01,13.01,0.66,0.66,0,0
aten::slice,,,5.79,9.43,0,0,0,0
aten::as_strided,,,3.64,3.64,0,0,0,0
aten::slice,,,2.54,5.34,0,0,0,0
aten::as_strided,,,2.8,2.8,0,0,0,0
aten::slice,,,2.22,4.5,0,0,0,0
aten::as_strided,,,2.28,2.28,0,0,0,0
aten::sub,,,18.29,30.45,0,1.42003125,0,0
aclnnSub,,,12.16,12.16,1.42003125,1.42003125,0,0
aten::slice,,,6.87,9.57,0,0,0,0
aten::as_strided,,,2.7,2.7,0,0,0,0
aten::slice,,,3.08,7.36,0,0,0,0
aten::as_strided,,,4.28,4.28,0,0,0,0
aten::slice,,,2.94,6.47,0,0,0,0
aten::as_strided,,,3.53,3.53,0,0,0,0
aten::slice,,,2.81,5.43,0,0,0,0
aten::as_strided,,,2.62,2.62,0,0,0,0
aten::slice,,,2.24,4.5,0,0,0,0
aten::as_strided,,,2.26,2.26,0,0,0,0
aten::fill_,,,15.57,29.08,0,0,0,0
aclnnInplaceFillScalar,,,13.51,13.51,0,0,0,0
aten::slice,,,5.08,8.56,0,0,0,0
aten::as_strided,,,3.48,3.48,0,0,0,0
aten::fill_,,,12.78,23.79,0,0,0,0
aclnnInplaceFillScalar,,,11.01,11.01,0,0,0,0
aten::diff,,,6.61,33.81,0,0,0,0
aten::narrow,,,6.03,11.09,0,0,0,0
aten::slice,,,2.83,5.06,0,0,0,0
aten::as_strided,,,2.23,2.23,0,0,0,0
aten::narrow,,,2.0,3.95,0,0,0,0
aten::slice,,,1.09,1.95,0,0,0,0
aten::as_strided,,,0.86,0.86,0,0,0,0
aten::sub,,,12.16,12.16,0,0,0,0
aten::eq,,,12.1,26.87,0,0,0,0
aten::to,,,1.65,14.77,0,0,0,0
aten::_to_copy,,,4.71,13.12,0,0,0,0
aten::empty_strided,,,2.81,2.81,0,0,0,0
aten::copy_,,,5.6,5.6,0,0,0,0
aten::__and__,,,2.11,6.54,0,0,0,0
aten::bitwise_and,,,4.43,4.43,0,0,0,0
aten::gt,,,7.9,17.05,0,0,0,0
aten::to,,,1.21,9.15,0,0,0,0
aten::_to_copy,,,2.78,7.94,0,0,0,0
aten::empty_strided,,,2.26,2.26,0,0,0,0
aten::copy_,,,2.9,2.9,0,0,0,0
aten::__and__,,,1.4,4.43,0,0,0,0
aten::bitwise_and,,,3.03,3.03,0,0,0,0
aten::any,,,5.84,13.14,0,0,0,0
aten::view_as,,,2.1,4.06,0,0,0,0
aten::view,,,1.96,1.96,0,0,0,0
aten::to,,,0.46,0.46,0,0,0,0
aten::copy_,,,2.78,2.78,0,0,0,0
aten::item,,,2.21,3.67,0,0,0,0
aten::_local_scalar_dense,,,1.46,1.46,0,0,0,0
aten::slice,,,5.06,7.0,0,0,0,0
aten::as_strided,,,1.94,1.94,0,0,0,0
aten::slice,,,2.23,3.17,0,0,0,0
aten::as_strided,,,0.94,0.94,0,0,0,0
aten::sub,,,5.18,5.18,0,0,0,0
aten::select,,,2.88,4.12,0,0,0,0
aten::as_strided,,,1.24,1.24,0,0,0,0
aten::item,,,1.21,2.42,0,0,0,0
aten::_local_scalar_dense,,,1.21,1.21,0,0,0,0
aten::gt,,,7.46,17.01,0,0,0,0
aten::to,,,1.2,9.55,0,0,0,0
aten::_to_copy,,,2.94,8.35,0,0,0,0
aten::empty_strided,,,2.28,2.28,0,0,0,0
aten::copy_,,,3.13,3.13,0,0,0,0
aten::__ior__,,,1.96,5.91,0,0,0,0
aten::bitwise_or_,,,3.95,3.95,0,0,0,0
aten::any,,,5.19,11.3,0,0,0,0
aten::view_as,,,1.57,2.9,0,0,0,0
aten::view,,,1.33,1.33,0,0,0,0
aten::to,,,0.56,0.56,0,0,0,0
aten::copy_,,,2.65,2.65,0,0,0,0
aten::is_nonzero,,,1.48,4.59,0,0,0,0
aten::item,,,1.32,3.11,0,0,0,0
aten::_local_scalar_dense,,,1.79,1.79,0,0,0,0
aten::select,,,4.76,10.75,0,0,0,0
aten::as_strided,,,5.99,5.99,0,0,0,0
aten::slice,,,4.88,8.8,0,0,0,0
aten::as_strided,,,3.92,3.92,0,0,0,0
aten::slice,,,2.37,4.63,0,0,0,0
aten::as_strided,,,2.26,2.26,0,0,0,0
aten::slice,,,2.32,4.27,0,0,0,0
aten::as_strided,,,1.95,1.95,0,0,0,0
aten::copy_,,,61.35,78.94,0,0.6,0,0
aclnnInplaceCopy,,,17.59,17.59,0.6,0.6,0,0
aten::slice,,,5.98,9.66,0,0,0,0
aten::as_strided,,,3.68,3.68,0,0,0,0
aten::fill_,,,14.12,26.43,0,0,0,0
aclnnInplaceFillScalar,,,12.31,12.31,0,0,0,0
aten::slice,,,5.71,10.03,0,0,0,0
aten::as_strided,,,4.32,4.32,0,0,0,0
aten::slice,,,3.07,6.07,0,0,0,0
aten::as_strided,,,3.0,3.0,0,0,0,0
aten::slice,,,2.7,5.02,0,0,0,0
aten::as_strided,,,2.32,2.32,0,0,0,0
aten::copy_,,,49.32,62.16,0,0.62,0,0
aclnnInplaceCopy,,,12.84,12.84,0.62,0.62,0,0
aten::slice,,,5.78,9.66,0,0,0,0
aten::as_strided,,,3.88,3.88,0,0,0,0
aten::slice,,,3.56,7.19,0,0,0,0
aten::as_strided,,,3.63,3.63,0,0,0,0
aten::slice,,,4.29,7.55,0,0,0,0
aten::as_strided,,,3.26,3.26,0,0,0,0
aten::slice,,,2.64,5.55,0,0,0,0
aten::as_strided,,,2.91,2.91,0,0,0,0
aten::slice,,,2.54,5.24,0,0,0,0
aten::as_strided,,,2.7,2.7,0,0,0,0
aten::copy_,,,46.06,75.27,0,0.58003125,0,0
aclnnInplaceCopy,,,29.21,29.21,0.58003125,0.58003125,0,0
aten::slice,,,5.98,10.12,0,0,0,0
aten::as_strided,,,4.14,4.14,0,0,0,0
aten::slice,,,2.59,5.17,0,0,0,0
aten::as_strided,,,2.58,2.58,0,0,0,0
aten::slice,,,2.54,4.94,0,0,0,0
aten::as_strided,,,2.4,2.4,0,0,0,0
aten::sub,,,18.39,30.87,0,1.48,0,0
aclnnSub,,,12.48,12.48,1.48,1.48,0,0
Event::record,,,162.05,182.09,0,0.02,0,0
record_event,,,20.04,20.04,0.02,0.02,0,0
aten::slice,,,9.16,16.06,0,0,0,0
aten::as_strided,,,6.9,6.9,0,0,0,0
aten::slice,,,4.07,7.08,0,0,0,0
aten::as_strided,,,3.01,3.01,0,0,0,0
aten::slice,,,6.94,13.24,0,0,0,0
aten::as_strided,,,6.3,6.3,0,0,0,0
aten::scalar_tensor,,,6.83,56.64,0,1.5800625,0,0
aten::empty,,,3.31,15.43,0,0,0,0
empty_tensor,,,12.12,12.12,0,0,0,0
aten::fill_,,,17.39,34.38,0,1.5800625,0,0
aclnnInplaceFillScalar,,,16.99,16.99,1.5800625,1.5800625,0,0
aten::view,,,4.37,4.37,0,0,0,0
aten::expand,,,3.51,5.66,0,0,0,0
aten::as_strided,,,2.15,2.15,0,0,0,0
aten::copy_,,,54.38,70.01,0,0.6,0,0
aclnnInplaceCopy,,,15.63,15.63,0.6,0.6,0,0
aten::scalar_tensor,,,5.3,38.91,0,1.36003125,0,0
aten::empty,,,2.27,10.66,0,0,0,0
empty_tensor,,,8.39,8.39,0,0,0,0
aten::fill_,,,11.57,22.95,0,1.36003125,0,0
aclnnInplaceFillScalar,,,11.38,11.38,1.36003125,1.36003125,0,0
aten::slice,,,7.01,12.07,0,0,0,0
aten::as_strided,,,5.06,5.06,0,0,0,0
aten::view,,,2.72,2.72,0,0,0,0
aten::expand,,,1.96,3.9,0,0,0,0
aten::as_strided,,,1.94,1.94,0,0,0,0
aten::copy_,,,2.19,2.19,0,0,0,0
aten::index,,,37.22,70.43,0,11.58025,0,0
empty_tensor,,,7.36,7.36,0,0,0,0
empty_tensor,,,9.36,9.36,0,0,0,0
aclnnIndex,,,16.49,16.49,11.58025,11.58025,0,0
aten::linear,,,6.05,67.97,0,899.85796875,0,899.85796875
aten::t,,,6.65,17.03,0,0,0,0
aten::transpose,,,3.88,10.38,0,0,0,0
aten::as_strided,,,6.5,6.5,0,0,0,0
aten::matmul,,,21.74,44.89,0,899.85796875,0,899.85796875
empty_tensor,,,9.35,9.35,0,0,0,0
aclnnMatmul,,,13.8,13.8,899.85796875,899.85796875,899.85796875,899.85796875
aten::alias,,,2.84,2.84,0,0,0,0
aten::log_softmax,,,9.46,105.11,0,51.66103124999999,0,0
aten::to,,,3.71,68.23,0,7.68015625,0,0
aten::_to_copy,,,7.48,64.52,0,7.68015625,0,0
aten::empty_strided,,,11.14,17.64,0,0,0,0
empty_tensor,,,6.5,6.5,0,0,0,0
aten::copy_,,,21.21,39.4,0,7.68015625,0,0
aclnnInplaceCopy,,,18.19,18.19,7.68015625,7.68015625,0,0
aten::_log_softmax,,,17.74,27.42,0,43.980875,0,0
empty_tensor,,,6.93,6.93,0,0,0,0
aclnnLogSoftmax,,,2.75,2.75,43.980875,43.980875,0,0
aten::to,,,2.0,48.22,0,2.8800625,0,0
aten::_to_copy,,,5.25,46.22,0,2.8800625,0,0
aten::empty_strided,,,6.92,11.02,0,0,0,0
empty_tensor,,,4.1,4.1,0,0,0,0
aten::copy_,,,14.83,29.95,0,2.8800625,0,0
aclnnInplaceCopy,,,15.12,15.12,2.8800625,2.8800625,0,0
aten::argmax,,,7.79,61.86,0,20.56040625,0,0
aten::empty,,,2.95,11.11,0,0,0,0
empty_tensor,,,8.16,8.16,0,0,0,0
aten::argmax,,,23.83,42.96,0,20.56040625,0,0
aten::reshape,,,1.83,7.39,0,0,0,0
aten::view,,,5.56,5.56,0,0,0,0
aclnnArgMax,,,11.74,11.74,20.56040625,20.56040625,0,0
aten::view,,,4.17,4.17,0,0,0,0
aten::to,,,1.79,1.79,0,0,0,0
aten::topk,,,20.04,42.02,0,32.50065625,0,0
empty_tensor,,,7.31,7.31,0,0,0,0
empty_tensor,,,5.25,5.25,0,0,0,0
aclnnTopk,,,9.42,9.42,32.50065625,32.50065625,0,0
aten::unsqueeze,,,4.18,8.87,0,0,0,0
aten::as_strided,,,4.69,4.69,0,0,0,0
aten::gather,,,20.33,36.8,0,5.44009375,0,0
empty_tensor,,,5.96,5.96,0,0,0,0
aclnnGather,,,10.51,10.51,5.44009375,5.44009375,0,0
TorchDynamo Cache Lookup,,,37.57,37.57,0,0,0,0
Torch-Compiled Region: 0/0,,,110.28,202.27,0,38.3208125,0,0
aten::_assert_scalar,,,3.12,3.12,0,0,0,0
aten::_assert_scalar,,,1.31,1.31,0,0,0,0
aten::_assert_scalar,,,0.86,0.86,0,0,0,0
aten::ge,,,18.72,45.18,0,8.0201875,0,0
empty_tensor,,,11.06,11.06,0,0,0,0
aclnnGeTensor,,,15.4,15.4,8.0201875,8.0201875,0,0
aten::sum,,,19.09,41.52,0,30.300625,0,0
empty_tensor,,,7.77,7.77,0,0,0,0
aclnnReduceSum,,,14.66,14.66,30.300625,30.300625,0,0
aten::cat,,,19.69,41.55,0,2.8600625,0,0
empty_tensor,,,7.89,7.89,0,0,0,0
aclnnCat,,,13.97,13.97,2.8600625,2.8600625,0,0
aten::cat,,,12.99,32.38,0,1.90003125,0,0
empty_tensor,,,6.37,6.37,0,0,0,0
aclnnCat,,,13.02,13.02,1.90003125,1.90003125,0,0
aten::to,,,2.43,47.19,0,1.32003125,0,0
aten::_to_copy,,,6.2,44.76,0,1.32003125,0,0
aten::empty_strided,,,7.66,11.95,0,0,0,0
empty_tensor,,,4.29,4.29,0,0,0,0
aten::copy_,,,15.92,26.61,0,1.32003125,0,0
aclnnInplaceCopy,,,10.69,10.69,1.32003125,1.32003125,0,0
aten::to,,,1.81,43.88,0,1.34003125,0,0
aten::_to_copy,,,5.35,42.07,0,1.34003125,0,0
aten::empty_strided,,,6.75,11.27,0,0,0,0
empty_tensor,,,4.52,4.52,0,0,0,0
aten::copy_,,,13.7,25.45,0,1.34003125,0,0
aclnnInplaceCopy,,,11.75,11.75,1.34003125,1.34003125,0,0
aten::unsqueeze,,,3.52,8.35,0,0,0,0
aten::as_strided,,,4.83,4.83,0,0,0,0
Event::record,,,155.37,173.54,0,0.02,0,0
record_event,,,18.17,18.17,0.02,0.02,0,0
aten::slice,,,5.22,13.36,0,0,0,0
aten::as_strided,,,8.14,8.14,0,0,0,0
Event::wait,,,79.88,97.69,0,2075.28146875,0,0
wait_event,,,17.81,17.81,2075.28146875,2075.28146875,0,0
Event::record,,,95.6,113.76,0,0.0,0,0
record_event,,,18.16,18.16,0.0,0.0,0,0
Event::wait,,,62.7,81.99,0,1694.91384375,0,0
wait_event,,,19.29,19.29,1694.91384375,1694.91384375,0,0
destroy_event,,,10.25,10.25,0,0,0,0
aten::to,,,3.54,65.12,0,1.86003125,0,0
aten::_to_copy,,,7.62,61.58,0,1.86003125,0,0
aten::empty_strided,,,24.5,24.5,0,0,0,0
aten::copy_,,,17.85,29.46,0,1.86003125,0,0
acl_memcpy_device_to_host,,,11.61,11.61,1.86003125,1.86003125,0,0
aten::to,,,2.28,36.43,0,1.8600625,0,0
aten::_to_copy,,,5.14,34.15,0,1.8600625,0,0
aten::empty_strided,,,3.76,3.76,0,0,0,0
aten::copy_,,,13.55,25.25,0,1.8600625,0,0
acl_memcpy_device_to_host,,,11.7,11.7,1.8600625,1.8600625,0,0
aten::to,,,1.73,30.27,0,2.04003125,0,0
aten::_to_copy,,,3.71,28.54,0,2.04003125,0,0
aten::empty_strided,,,2.75,2.75,0,0,0,0
aten::copy_,,,11.58,22.08,0,2.04003125,0,0
acl_memcpy_device_to_host,,,10.5,10.5,2.04003125,2.04003125,0,0
aten::to,,,1.88,28.34,0,1.90003125,0,0
aten::_to_copy,,,3.77,26.46,0,1.90003125,0,0
aten::empty_strided,,,3.4,3.4,0,0,0,0
aten::copy_,,,10.35,19.29,0,1.90003125,0,0
acl_memcpy_device_to_host,,,8.94,8.94,1.90003125,1.90003125,0,0
Event::record,,,153.73,171.64,0,0.02,0,0
record_event,,,17.91,17.91,0.02,0.02,0,0
Event::synchronize,,,80.84,80.84,0,0,0,0
aten::resolve_conj,,,1.54,1.54,0,0,0,0
aten::resolve_neg,,,0.93,0.93,0,0,0,0
aten::to,,,3.72,3.72,0,0,0,0
aten::detach,,,3.42,3.42,0,0,0,0
aten::to,,,0.71,0.71,0,0,0,0
aten::resolve_conj,,,0.46,0.46,0,0,0,0
aten::resolve_neg,,,0.29,0.29,0,0,0,0
aten::to,,,1.39,1.39,0,0,0,0
aten::detach,,,1.79,1.79,0,0,0,0
aten::to,,,0.58,0.58,0,0,0,0
aten::resolve_conj,,,0.64,0.64,0,0,0,0
aten::resolve_neg,,,0.25,0.25,0,0,0,0
aten::to,,,1.09,1.09,0,0,0,0
aten::detach,,,0.84,0.84,0,0,0,0
aten::to,,,0.59,0.59,0,0,0,0
aten::resolve_conj,,,0.35,0.35,0,0,0,0
aten::resolve_neg,,,0.32,0.32,0,0,0,0
destroy_event,,,26.49,26.49,0,0,0,0
record_event,,,12.55,12.55,0.02,0.02,0,0
Event::synchronize,,,138.0,138.0,0,0,0,0
aten::slice,,,10.96,18.52,0,0,0,0
aten::as_strided,,,7.56,7.56,0,0,0,0
aten::slice,,,2.97,5.68,0,0,0,0
aten::as_strided,,,2.71,2.71,0,0,0,0
aten::slice,,,2.51,4.39,0,0,0,0
aten::as_strided,,,1.88,1.88,0,0,0,0
Event::record,,,156.89,174.89,0,0.02,0,0
record_event,,,18.0,18.0,0.02,0.02,0,0
Event::synchronize,,,130.41,130.41,0,0,0,0
aten::resolve_conj,,,1.49,1.49,0,0,0,0
aten::resolve_neg,,,0.8,0.8,0,0,0,0
aten::to,,,3.43,3.43,0,0,0,0
aten::detach,,,3.55,3.55,0,0,0,0
aten::to,,,0.69,0.69,0,0,0,0
aten::resolve_conj,,,1.05,1.05,0,0,0,0
aten::resolve_neg,,,0.23,0.23,0,0,0,0
aten::to,,,1.28,1.28,0,0,0,0
aten::detach,,,1.56,1.56,0,0,0,0
aten::to,,,0.55,0.55,0,0,0,0
aten::resolve_conj,,,0.38,0.38,0,0,0,0
aten::resolve_neg,,,0.33,0.33,0,0,0,0
aten::to,,,1.23,1.23,0,0,0,0
aten::detach,,,1.81,1.81,0,0,0,0
aten::to,,,0.79,0.79,0,0,0,0
aten::resolve_conj,,,0.42,0.42,0,0,0,0
aten::resolve_neg,,,0.36,0.36,0,0,0,0
destroy_event,,,18.86,18.86,0,0,0,0
record_event,,,6.69,6.69,0.02,0.02,0,0
Event::synchronize,,,87.9,87.9,0,0,0,0
Event::record,,,145.2,166.52,0,0.02,0,0
record_event,,,21.32,21.32,0.02,0.02,0,0
Event::synchronize,,,308.42,308.42,0,0,0,0
aten::slice,,,14.23,23.53,0,0,0,0
aten::as_strided,,,9.3,9.3,0,0,0,0
aten::slice,,,3.63,6.52,0,0,0,0
aten::as_strided,,,2.89,2.89,0,0,0,0
aten::slice,,,2.71,5.02,0,0,0,0
aten::as_strided,,,2.31,2.31,0,0,0,0
aten::slice,,,8.4,12.83,0,0,0,0
aten::as_strided,,,4.43,4.43,0,0,0,0
aten::slice,,,3.37,9.95,0,0,0,0
aten::as_strided,,,6.58,6.58,0,0,0,0
aten::pin_memory,,,209.8,228.36,0,0,0,0
aten::is_pinned,,,18.56,18.56,0,0,0,0
aten::copy_,,,22.17,37.92,0,2.2200625,0,0
acl_memcpy_host_to_device,,,15.75,15.75,2.2200625,2.2200625,0,0
aten::slice,,,7.38,10.13,0,0,0,0
aten::as_strided,,,2.75,2.75,0,0,0,0
aten::slice,,,2.89,7.27,0,0,0,0
aten::as_strided,,,4.38,4.38,0,0,0,0
aten::pin_memory,,,4.13,14.2,0,0,0,0
aten::is_pinned,,,10.07,10.07,0,0,0,0
aten::copy_,,,13.36,28.23,0,2.1400625,0,0
acl_memcpy_host_to_device,,,14.87,14.87,2.1400625,2.1400625,0,0
aten::slice,,,5.4,8.29,0,0,0,0
aten::as_strided,,,2.89,2.89,0,0,0,0
aten::slice,,,3.16,7.54,0,0,0,0
aten::as_strided,,,4.38,4.38,0,0,0,0
aten::pin_memory,,,3.79,11.99,0,0,0,0
aten::is_pinned,,,8.2,8.2,0,0,0,0
aten::copy_,,,13.6,25.68,0,2.2000625,0,0
acl_memcpy_host_to_device,,,12.08,12.08,2.2000625,2.2000625,0,0
aten::slice,,,5.2,7.14,0,0,0,0
aten::as_strided,,,1.94,1.94,0,0,0,0
aten::slice,,,2.87,6.82,0,0,0,0
aten::as_strided,,,3.95,3.95,0,0,0,0
aten::pin_memory,,,3.88,10.92,0,0,0,0
aten::is_pinned,,,7.04,7.04,0,0,0,0
aten::copy_,,,13.2,29.06,0,2.3800625,0,0
acl_memcpy_host_to_device,,,15.86,15.86,2.3800625,2.3800625,0,0
aten::slice,,,5.98,9.16,0,0,0,0
aten::as_strided,,,3.18,3.18,0,0,0,0
aten::slice,,,3.11,6.74,0,0,0,0
aten::as_strided,,,3.63,3.63,0,0,0,0
aten::pin_memory,,,3.43,10.7,0,0,0,0
aten::is_pinned,,,7.27,7.27,0,0,0,0
aten::copy_,,,12.62,24.78,0,2.18003125,0,0
acl_memcpy_host_to_device,,,12.16,12.16,2.18003125,2.18003125,0,0
aten::lift_fresh,,,2.82,2.82,0,0,0,0
aten::lift_fresh,,,1.19,1.19,0,0,0,0
aten::flatten,,,4.59,13.12,0,0,0,0
aten::view,,,8.53,8.53,0,0,0,0
aten::slice,,,5.2,6.95,0,0,0,0
aten::as_strided,,,1.75,1.75,0,0,0,0
aten::index_select,,,8.62,8.62,0,0,0,0
aten::pin_memory,,,4.35,19.32,0,0,0,0
aten::is_pinned,,,14.97,14.97,0,0,0,0
aten::copy_,,,17.94,42.32,0,2.20003125,0,0
acl_memcpy_host_to_device,,,24.38,24.38,2.20003125,2.20003125,0,0
aten::pin_memory,,,4.2,12.55,0,0,0,0
aten::is_pinned,,,8.35,8.35,0,0,0,0
aten::copy_,,,13.57,29.07,0,2.1400625,0,0
acl_memcpy_host_to_device,,,15.5,15.5,2.1400625,2.1400625,0,0
aten::slice,,,6.83,9.3,0,0,0,0
aten::as_strided,,,2.47,2.47,0,0,0,0
aten::lift_fresh,,,1.88,1.88,0,0,0,0
aten::slice,,,3.45,4.47,0,0,0,0
aten::as_strided,,,1.02,1.02,0,0,0,0
aten::add,,,18.16,18.16,0,0,0,0
aten::slice,,,3.72,4.93,0,0,0,0
aten::as_strided,,,1.21,1.21,0,0,0,0
aten::fill_,,,6.3,6.3,0,0,0,0
aten::slice,,,3.65,8.73,0,0,0,0
aten::as_strided,,,5.08,5.08,0,0,0,0
aten::fill_,,,24.11,42.52,0,1.4800625,0,0
aclnnInplaceFillScalar,,,18.41,18.41,1.4800625,1.4800625,0,0
aten::slice,,,5.6,7.46,0,0,0,0
aten::as_strided,,,1.86,1.86,0,0,0,0
aten::slice,,,3.1,7.4,0,0,0,0
aten::as_strided,,,4.3,4.3,0,0,0,0
aten::pin_memory,,,4.19,15.55,0,0,0,0
aten::is_pinned,,,11.36,11.36,0,0,0,0
aten::copy_,,,15.45,29.38,0,2.20003125,0,0
acl_memcpy_host_to_device,,,13.93,13.93,2.20003125,2.20003125,0,0
aten::slice,,,7.03,9.07,0,0,0,0
aten::as_strided,,,2.04,2.04,0,0,0,0
aten::detach,,,3.15,3.15,0,0,0,0
aten::to,,,1.96,1.96,0,0,0,0
aten::resolve_conj,,,1.0,1.0,0,0,0,0
aten::resolve_neg,,,0.53,0.53,0,0,0,0
aten::slice,,,5.36,7.05,0,0,0,0
aten::as_strided,,,1.69,1.69,0,0,0,0
aten::slice,,,3.35,8.09,0,0,0,0
aten::as_strided,,,4.74,4.74,0,0,0,0
aten::pin_memory,,,3.91,14.25,0,0,0,0
aten::is_pinned,,,10.34,10.34,0,0,0,0
aten::copy_,,,3.21,3.21,0,0,0,0
aten::slice,,,4.7,7.04,0,0,0,0
aten::as_strided,,,2.34,2.34,0,0,0,0
aten::slice,,,2.69,6.19,0,0,0,0
aten::as_strided,,,3.5,3.5,0,0,0,0
aten::pin_memory,,,3.46,11.49,0,0,0,0
aten::is_pinned,,,8.03,8.03,0,0,0,0
aten::copy_,,,14.19,29.49,0,2.20003125,0,0
acl_memcpy_host_to_device,,,15.3,15.3,2.20003125,2.20003125,0,0
aten::fill_,,,19.85,32.96,0,1.62003125,0,0
aclnnInplaceFillScalar,,,13.11,13.11,1.62003125,1.62003125,0,0
aten::slice,,,6.04,10.31,0,0,0,0
aten::as_strided,,,4.27,4.27,0,0,0,0
aten::slice,,,3.67,5.27,0,0,0,0
aten::as_strided,,,1.6,1.6,0,0,0,0
aten::copy_,,,15.98,30.73,0,2.1800625,0,0
acl_memcpy_host_to_device,,,14.75,14.75,2.1800625,2.1800625,0,0
aten::slice,,,5.51,7.43,0,0,0,0
aten::as_strided,,,1.92,1.92,0,0,0,0
aten::slice,,,2.95,6.76,0,0,0,0
aten::as_strided,,,3.81,3.81,0,0,0,0
aten::pin_memory,,,3.73,11.96,0,0,0,0
aten::is_pinned,,,8.23,8.23,0,0,0,0
aten::copy_,,,11.77,24.16,0,2.26003125,0,0
acl_memcpy_host_to_device,,,12.39,12.39,2.26003125,2.26003125,0,0
aten::slice,,,4.62,9.14,0,0,0,0
aten::as_strided,,,4.52,4.52,0,0,0,0
aten::slice,,,3.33,4.76,0,0,0,0
aten::as_strided,,,1.43,1.43,0,0,0,0
aten::slice,,,2.67,5.5,0,0,0,0
aten::as_strided,,,2.83,2.83,0,0,0,0
aten::pin_memory,,,3.31,10.53,0,0,0,0
aten::is_pinned,,,7.22,7.22,0,0,0,0
aten::copy_,,,13.74,44.78,0,2.30003125,0,0
acl_memcpy_host_to_device,,,31.04,31.04,2.30003125,2.30003125,0,0
aten::slice,,,5.9,8.1,0,0,0,0
aten::as_strided,,,2.2,2.2,0,0,0,0
aten::slice,,,2.93,7.81,0,0,0,0
aten::as_strided,,,4.88,4.88,0,0,0,0
aten::pin_memory,,,4.2,12.31,0,0,0,0
aten::is_pinned,,,8.11,8.11,0,0,0,0
aten::copy_,,,12.85,26.9,0,2.3600625,0,0
acl_memcpy_host_to_device,,,14.05,14.05,2.3600625,2.3600625,0,0
aten::slice,,,4.47,8.13,0,0,0,0
aten::as_strided,,,3.66,3.66,0,0,0,0
aten::index,,,38.44,70.42,0,17.340375,0,0
empty_tensor,,,8.47,8.47,0,0,0,0
empty_tensor,,,10.83,10.83,0,0,0,0
aclnnIndex,,,12.68,12.68,17.340375,17.340375,0,0
aten::to,,,2.77,56.72,0,1.40003125,0,0
aten::_to_copy,,,7.53,53.95,0,1.40003125,0,0
aten::empty_strided,,,10.31,15.23,0,0,0,0
empty_tensor,,,4.92,4.92,0,0,0,0
aten::copy_,,,19.25,31.19,0,1.40003125,0,0
aclnnInplaceCopy,,,11.94,11.94,1.40003125,1.40003125,0,0
aten::slice,,,6.67,11.04,0,0,0,0
aten::as_strided,,,4.37,4.37,0,0,0,0
aten::add,,,19.95,38.38,0,2.7800625,0,0
empty_tensor,,,7.26,7.26,0,0,0,0
aclnnAdd,,,11.17,11.17,2.7800625,2.7800625,0,0
aten::slice,,,5.38,9.84,0,0,0,0
aten::as_strided,,,4.46,4.46,0,0,0,0
aten::copy_,,,71.78,87.16,0,1.18003125,0,0
aclnnInplaceCopy,,,15.38,15.38,1.18003125,1.18003125,0,0
aten::slice,,,6.35,11.06,0,0,0,0
aten::as_strided,,,4.71,4.71,0,0,0,0
aten::add,,,19.11,38.92,0,1.56003125,0,0
empty_tensor,,,7.85,7.85,0,0,0,0
aclnnAdd,,,11.96,11.96,1.56003125,1.56003125,0,0
aten::slice,,,6.26,10.73,0,0,0,0
aten::as_strided,,,4.47,4.47,0,0,0,0
aten::copy_,,,48.82,61.35,0,0.58,0,0
aclnnInplaceCopy,,,12.53,12.53,0.58,0.58,0,0
aten::slice,,,5.93,10.24,0,0,0,0
aten::as_strided,,,4.31,4.31,0,0,0,0
aten::fill_,,,13.54,24.51,0,1.46003125,0,0
aclnnInplaceFillScalar,,,10.97,10.97,1.46003125,1.46003125,0,0
aten::slice,,,5.84,9.33,0,0,0,0
aten::as_strided,,,3.49,3.49,0,0,0,0
aten::slice,,,3.31,6.65,0,0,0,0
aten::as_strided,,,3.34,3.34,0,0,0,0
_compute_slot_mapping_fused_groups_kernel,,,25.18,25.18,22.4604375,22.4604375,0,0
aten::slice,,,10.51,18.41,0,0,0,0
aten::as_strided,,,7.9,7.9,0,0,0,0
aten::sub,,,43.35,75.4,0,1.42003125,0,0
empty_tensor,,,12.33,12.33,0,0,0,0
aten::item,,,3.12,5.02,0,0,0,0
aten::_local_scalar_dense,,,1.9,1.9,0,0,0,0
aclnnSubs,,,14.7,14.7,1.42003125,1.42003125,0,0
aten::detach,,,7.05,7.05,0,0,0,0
aten::to,,,2.24,2.24,0,0,0,0
aten::resolve_conj,,,0.87,0.87,0,0,0,0
aten::resolve_neg,,,0.78,0.78,0,0,0,0
aten::slice,,,8.51,16.08,0,0,0,0
aten::as_strided,,,7.57,7.57,0,0,0,0
aten::slice,,,3.32,7.76,0,0,0,0
aten::as_strided,,,4.44,4.44,0,0,0,0
aten::slice,,,3.3,6.14,0,0,0,0
aten::as_strided,,,2.84,2.84,0,0,0,0
aten::fill_,,,21.26,39.74,0,0,0,0
aclnnInplaceFillScalar,,,18.48,18.48,0,0,0,0
aten::slice,,,4.64,8.93,0,0,0,0
aten::as_strided,,,4.29,4.29,0,0,0,0
aten::fill_,,,13.42,26.46,0,0,0,0
aclnnInplaceFillScalar,,,13.04,13.04,0,0,0,0
aten::slice,,,4.37,7.02,0,0,0,0
aten::as_strided,,,2.65,2.65,0,0,0,0
aten::slice,,,2.96,4.11,0,0,0,0
aten::as_strided,,,1.15,1.15,0,0,0,0
aten::lt,,,15.54,15.54,0,0,0,0
aten::lift_fresh,,,1.18,1.18,0,0,0,0
aten::slice,,,1.75,2.85,0,0,0,0
aten::as_strided,,,1.1,1.1,0,0,0,0
aten::fill_,,,2.82,10.63,0,0,0,0
aten::copy_,,,7.81,7.81,0,0,0,0
aten::slice,,,3.74,5.75,0,0,0,0
aten::as_strided,,,2.01,2.01,0,0,0,0
aten::slice,,,3.13,6.84,0,0,0,0
aten::as_strided,,,3.71,3.71,0,0,0,0
aten::slice,,,2.73,4.37,0,0,0,0
aten::as_strided,,,1.64,1.64,0,0,0,0
aten::slice,,,3.18,6.11,0,0,0,0
aten::as_strided,,,2.93,2.93,0,0,0,0
aten::slice,,,2.2,3.51,0,0,0,0
aten::as_strided,,,1.31,1.31,0,0,0,0
aten::slice,,,2.1,3.48,0,0,0,0
aten::as_strided,,,1.38,1.38,0,0,0,0
aten::slice,,,2.77,5.82,0,0,0,0
aten::as_strided,,,3.05,3.05,0,0,0,0
aten::slice,,,2.74,5.09,0,0,0,0
aten::as_strided,,,2.35,2.35,0,0,0,0
aten::slice,,,2.5,4.92,0,0,0,0
aten::as_strided,,,2.42,2.42,0,0,0,0
aten::slice,,,5.9,11.5,0,0,0,0
aten::as_strided,,,5.6,5.6,0,0,0,0
aten::slice,,,2.67,6.17,0,0,0,0
aten::as_strided,,,3.5,3.5,0,0,0,0
aten::slice,,,3.51,6.04,0,0,0,0
aten::as_strided,,,2.53,2.53,0,0,0,0
aten::to,,,1.85,1.85,0,0,0,0
aten::slice,,,3.14,5.95,0,0,0,0
aten::as_strided,,,2.81,2.81,0,0,0,0
aten::slice,,,2.74,5.29,0,0,0,0
aten::as_strided,,,2.55,2.55,0,0,0,0
aten::slice,,,2.54,4.06,0,0,0,0
aten::as_strided,,,1.52,1.52,0,0,0,0
aten::slice,,,2.94,6.6,0,0,0,0
aten::as_strided,,,3.66,3.66,0,0,0,0
aten::slice,,,3.98,5.51,0,0,0,0
aten::as_strided,,,1.53,1.53,0,0,0,0
aten::slice,,,2.26,3.5,0,0,0,0
aten::as_strided,,,1.24,1.24,0,0,0,0
aten::sub,,,11.79,11.79,0,0,0,0
aten::select,,,8.35,9.97,0,0,0,0
aten::as_strided,,,1.62,1.62,0,0,0,0
aten::item,,,1.94,3.24,0,0,0,0
aten::_local_scalar_dense,,,1.3,1.3,0,0,0,0
aten::slice,,,1.93,5.61,0,0,0,0
aten::as_strided,,,3.68,3.68,0,0,0,0
aten::alias,,,5.65,5.65,0,0,0,0
aten::div,,,48.8,73.18,0,5.760125,0,0
aten::item,,,2.35,3.22,0,0,0,0
aten::_local_scalar_dense,,,0.87,0.87,0,0,0,0
aclnnDivMods,,,21.16,21.16,5.760125,5.760125,0,0
aten::slice,,,3.2,8.24,0,0,0,0
aten::as_strided,,,5.04,5.04,0,0,0,0
aten::slice,,,4.3,8.91,0,0,0,0
aten::as_strided,,,4.61,4.61,0,0,0,0
aten::copy_,,,65.87,81.57,0,1.02,0,0
aclnnInplaceCopy,,,15.7,15.7,1.02,1.02,0,0
aten::slice,,,2.88,6.73,0,0,0,0
aten::as_strided,,,3.85,3.85,0,0,0,0
aten::slice,,,4.72,7.57,0,0,0,0
aten::as_strided,,,2.85,2.85,0,0,0,0
aten::ge,,,22.39,46.92,0,4.3000625,0,0
empty_tensor,,,13.25,13.25,0,0,0,0
aclnnGeScalar,,,11.28,11.28,4.3000625,4.3000625,0,0
aten::add,,,21.8,43.64,0,2.90003125,0,0
empty_tensor,,,7.07,7.07,0,0,0,0
aten::item,,,2.0,3.14,0,0,0,0
aten::_local_scalar_dense,,,1.14,1.14,0,0,0,0
aclnnAdds,,,11.63,11.63,2.90003125,2.90003125,0,0
aten::remainder,,,23.33,41.65,0,6.58015625,0,0
empty_tensor,,,8.08,8.08,0,0,0,0
aclnnRemainderTensorScalar,,,10.24,10.24,6.58015625,6.58015625,0,0
aten::eq,,,13.63,29.12,0,2.40003125,0,0
empty_tensor,,,5.87,5.87,0,0,0,0
aclnnEqScalar,,,9.62,9.62,2.40003125,2.40003125,0,0
aten::__and__,,,2.51,35.03,0,1.46003125,0,0
aten::bitwise_and,,,16.16,32.52,0,1.46003125,0,0
empty_tensor,,,5.66,5.66,0,0,0,0
aclnnBitwiseAndTensor,,,10.7,10.7,1.46003125,1.46003125,0,0
aten::clamp_min,,,12.83,30.73,0,3.0400625,0,0
empty_tensor,,,6.11,6.11,0,0,0,0
aclnnClampMin,,,11.79,11.79,3.0400625,3.0400625,0,0
aten::div,,,22.74,44.2,0,6.82015625,0,0
empty_tensor,,,6.9,6.9,0,0,0,0
aten::item,,,1.85,3.06,0,0,0,0
aten::_local_scalar_dense,,,1.21,1.21,0,0,0,0
aclnnDivMods,,,11.5,11.5,6.82015625,6.82015625,0,0
aten::remainder,,,19.25,35.26,0,5.44009375,0,0
empty_tensor,,,6.3,6.3,0,0,0,0
aclnnRemainderTensorScalar,,,9.71,9.71,5.44009375,5.44009375,0,0
aten::mul,,,17.8,30.06,0,1.82,0,0
empty_tensor,,,5.51,5.51,0,0,0,0
aten::item,,,1.59,3.22,0,0,0,0
aten::_local_scalar_dense,,,1.63,1.63,0,0,0,0
aclnnMuls,,,3.53,3.53,1.82,1.82,0,0
aten::div,,,18.6,36.07,0,7.1001562499999995,0,0
empty_tensor,,,12.1,12.1,0,0,0,0
aten::item,,,1.28,2.08,0,0,0,0
aten::_local_scalar_dense,,,0.8,0.8,0,0,0,0
aclnnDivMods,,,3.29,3.29,7.1001562499999995,7.1001562499999995,0,0
aten::add,,,14.15,22.65,0,1.52003125,0,0
empty_tensor,,,4.96,4.96,0,0,0,0
aclnnAdd,,,3.54,3.54,1.52003125,1.52003125,0,0
aten::full_like,,,4.59,46.19,0,1.48003125,0,0
aten::empty_like,,,6.99,19.03,0,0,0,0
aten::empty_strided,,,8.62,12.04,0,0,0,0
empty_tensor,,,3.42,3.42,0,0,0,0
aten::fill_,,,10.14,22.57,0,1.48003125,0,0
aclnnInplaceFillScalar,,,12.43,12.43,1.48003125,1.48003125,0,0
aten::where,,,14.58,31.0,0,2.24003125,0,0
empty_tensor,,,6.72,6.72,0,0,0,0
aclnnSWhere,,,9.7,9.7,2.24003125,2.24003125,0,0
aten::copy_,,,14.4,28.42,0,1.5800625,0,0
aclnnInplaceCopy,,,14.02,14.02,1.5800625,1.5800625,0,0
aten::slice,,,3.87,8.26,0,0,0,0
aten::as_strided,,,4.39,4.39,0,0,0,0
aten::slice,,,5.89,8.71,0,0,0,0
aten::as_strided,,,2.82,2.82,0,0,0,0
aten::div,,,26.22,40.53,0,4.9801874999999995,0,0
aten::item,,,1.89,3.03,0,0,0,0
aten::_local_scalar_dense,,,1.14,1.14,0,0,0,0
aclnnDivMods,,,11.28,11.28,4.9801874999999995,4.9801874999999995,0,0
aten::slice,,,2.46,6.53,0,0,0,0
aten::as_strided,,,4.07,4.07,0,0,0,0
aten::slice,,,4.28,7.44,0,0,0,0
aten::as_strided,,,3.16,3.16,0,0,0,0
aten::slice,,,2.63,4.78,0,0,0,0
aten::as_strided,,,2.15,2.15,0,0,0,0
aten::copy_,,,59.25,71.73,0,0.56003125,0,0
aclnnInplaceCopy,,,12.48,12.48,0.56003125,0.56003125,0,0
aten::slice,,,3.29,8.17,0,0,0,0
aten::as_strided,,,4.88,4.88,0,0,0,0
aten::slice,,,4.85,7.92,0,0,0,0
aten::as_strided,,,3.07,3.07,0,0,0,0
aten::copy_,,,46.26,59.01,0,0.62003125,0,0
aclnnInplaceCopy,,,12.75,12.75,0.62003125,0.62003125,0,0
aten::slice,,,6.08,8.89,0,0,0,0
aten::as_strided,,,2.81,2.81,0,0,0,0
aten::div,,,13.2,33.21,0,0,0,0
aten::to,,,1.96,20.01,0,0,0,0
aten::_to_copy,,,5.84,18.05,0,0,0,0
aten::empty_strided,,,4.01,4.01,0,0,0,0
aten::copy_,,,8.2,8.2,0,0,0,0
aten::slice,,,4.88,9.58,0,0,0,0
aten::as_strided,,,4.7,4.7,0,0,0,0
aten::slice,,,5.69,11.01,0,0,0,0
aten::as_strided,,,5.32,5.32,0,0,0,0
aten::slice,,,3.25,6.87,0,0,0,0
aten::as_strided,,,3.62,3.62,0,0,0,0
aten::slice,,,2.62,5.28,0,0,0,0
aten::as_strided,,,2.66,2.66,0,0,0,0
aten::fill_,,,18.87,33.71,0,0,0,0
aclnnInplaceFillScalar,,,14.84,14.84,0,0,0,0
aten::slice,,,5.71,9.92,0,0,0,0
aten::as_strided,,,4.21,4.21,0,0,0,0
aten::fill_,,,13.07,23.94,0,0,0,0
aclnnInplaceFillScalar,,,10.87,10.87,0,0,0,0
aten::slice,,,5.85,10.29,0,0,0,0
aten::as_strided,,,4.44,4.44,0,0,0,0
aten::slice,,,3.38,6.26,0,0,0,0
aten::as_strided,,,2.88,2.88,0,0,0,0
aten::slice,,,5.65,8.38,0,0,0,0
aten::as_strided,,,2.73,2.73,0,0,0,0
aten::slice,,,3.31,7.0,0,0,0,0
aten::as_strided,,,3.69,3.69,0,0,0,0
aten::slice,,,3.25,6.8,0,0,0,0
aten::as_strided,,,3.55,3.55,0,0,0,0
aten::slice,,,2.99,5.73,0,0,0,0
aten::as_strided,,,2.74,2.74,0,0,0,0
aten::slice,,,2.35,4.81,0,0,0,0
aten::as_strided,,,2.46,2.46,0,0,0,0
aten::fill_,,,15.35,29.08,0,0,0,0
aclnnInplaceFillScalar,,,13.73,13.73,0,0,0,0
aten::slice,,,4.43,7.85,0,0,0,0
aten::as_strided,,,3.42,3.42,0,0,0,0
aten::fill_,,,13.15,27.27,0,0,0,0
aclnnInplaceFillScalar,,,14.12,14.12,0,0,0,0
aten::diff,,,9.05,54.27,0,0,0,0
aten::narrow,,,6.52,11.51,0,0,0,0
aten::slice,,,2.63,4.99,0,0,0,0
aten::as_strided,,,2.36,2.36,0,0,0,0
aten::narrow,,,2.45,4.85,0,0,0,0
aten::slice,,,1.16,2.4,0,0,0,0
aten::as_strided,,,1.24,1.24,0,0,0,0
aten::sub,,,28.86,28.86,0,0,0,0
aten::eq,,,15.19,30.66,0,0,0,0
aten::to,,,1.74,15.47,0,0,0,0
aten::_to_copy,,,4.85,13.73,0,0,0,0
aten::empty_strided,,,3.2,3.2,0,0,0,0
aten::copy_,,,5.68,5.68,0,0,0,0
aten::__and__,,,2.13,7.08,0,0,0,0
aten::bitwise_and,,,4.95,4.95,0,0,0,0
aten::gt,,,8.83,17.95,0,0,0,0
aten::to,,,1.04,9.12,0,0,0,0
aten::_to_copy,,,2.73,8.08,0,0,0,0
aten::empty_strided,,,2.33,2.33,0,0,0,0
aten::copy_,,,3.02,3.02,0,0,0,0
aten::__and__,,,1.35,4.29,0,0,0,0
aten::bitwise_and,,,2.94,2.94,0,0,0,0
aten::any,,,7.52,15.87,0,0,0,0
aten::view_as,,,2.4,4.45,0,0,0,0
aten::view,,,2.05,2.05,0,0,0,0
aten::to,,,0.42,0.42,0,0,0,0
aten::copy_,,,3.48,3.48,0,0,0,0
aten::item,,,1.67,3.01,0,0,0,0
aten::_local_scalar_dense,,,1.34,1.34,0,0,0,0
aten::slice,,,4.95,6.74,0,0,0,0
aten::as_strided,,,1.79,1.79,0,0,0,0
aten::slice,,,2.36,3.28,0,0,0,0
aten::as_strided,,,0.92,0.92,0,0,0,0
aten::sub,,,5.09,5.09,0,0,0,0
aten::select,,,2.97,4.52,0,0,0,0
aten::as_strided,,,1.55,1.55,0,0,0,0
aten::item,,,1.04,2.02,0,0,0,0
aten::_local_scalar_dense,,,0.98,0.98,0,0,0,0
aten::select,,,4.08,9.48,0,0,0,0
aten::as_strided,,,5.4,5.4,0,0,0,0
aten::slice,,,5.15,6.79,0,0,0,0
aten::as_strided,,,1.64,1.64,0,0,0,0
aten::slice,,,2.79,3.61,0,0,0,0
aten::as_strided,,,0.82,0.82,0,0,0,0
aten::sub,,,5.36,5.36,0,0,0,0
aten::add,,,7.2,18.06,0,0,0,0
aten::to,,,1.54,10.86,0,0,0,0
aten::_to_copy,,,3.28,9.32,0,0,0,0
aten::empty_strided,,,2.79,2.79,0,0,0,0
aten::copy_,,,3.25,3.25,0,0,0,0
aten::sub,,,4.68,11.73,0,0,0,0
aten::to,,,0.79,7.05,0,0,0,0
aten::_to_copy,,,2.22,6.26,0,0,0,0
aten::empty_strided,,,1.51,1.51,0,0,0,0
aten::copy_,,,2.53,2.53,0,0,0,0
aten::floor_divide,,,8.37,18.12,0,0,0,0
aten::to,,,0.91,7.64,0,0,0,0
aten::_to_copy,,,2.38,6.73,0,0,0,0
aten::empty_strided,,,1.73,1.73,0,0,0,0
aten::copy_,,,2.62,2.62,0,0,0,0
aten::empty,,,2.11,2.11,0,0,0,0
aten::resolve_conj,,,1.14,1.14,0,0,0,0
aten::resolve_neg,,,0.69,0.69,0,0,0,0
aten::arange,,,5.76,21.0,0,0,0,0
aten::empty,,,1.49,1.49,0,0,0,0
aten::arange,,,10.6,13.75,0,0,0,0
aten::resize_,,,3.15,3.15,0,0,0,0
aten::cat,,,8.52,8.52,0,0,0,0
aten::eq,,,7.31,7.31,0,0,0,0
aten::cumsum,,,8.86,18.9,0,0,0,0
aten::to,,,1.03,10.04,0,0,0,0
aten::_to_copy,,,2.93,9.01,0,0,0,0
aten::empty_strided,,,2.07,2.07,0,0,0,0
aten::copy_,,,4.01,4.01,0,0,0,0
aten::sub,,,3.92,3.92,0,0,0,0
aten::stack,,,4.81,28.05,0,0,0,0
aten::unsqueeze,,,3.05,5.51,0,0,0,0
aten::as_strided,,,2.46,2.46,0,0,0,0
aten::unsqueeze,,,0.95,1.67,0,0,0,0
aten::as_strided,,,0.72,0.72,0,0,0,0
aten::cat,,,9.7,16.06,0,0,0,0
aten::narrow,,,2.63,6.36,0,0,0,0
aten::slice,,,1.62,3.73,0,0,0,0
aten::as_strided,,,2.11,2.11,0,0,0,0
aten::to,,,1.45,10.28,0,0,0,0
aten::_to_copy,,,3.24,8.83,0,0,0,0
aten::empty_strided,,,2.25,2.25,0,0,0,0
aten::copy_,,,3.34,3.34,0,0,0,0
aten::empty,,,2.29,2.29,0,0,0,0
aten::to,,,0.88,0.88,0,0,0,0
aten::lift_fresh,,,0.71,0.71,0,0,0,0
aten::detach_,,,0.79,0.79,0,0,0,0
aten::slice,,,4.72,6.14,0,0,0,0
aten::as_strided,,,1.42,1.42,0,0,0,0
aten::slice,,,2.43,3.29,0,0,0,0
aten::as_strided,,,0.86,0.86,0,0,0,0
aten::sub,,,4.93,4.93,0,0,0,0
aten::add,,,5.22,14.03,0,0,0,0
aten::to,,,0.99,8.81,0,0,0,0
aten::_to_copy,,,2.82,7.82,0,0,0,0
aten::empty_strided,,,1.95,1.95,0,0,0,0
aten::copy_,,,3.05,3.05,0,0,0,0
aten::sub,,,5.0,12.09,0,0,0,0
aten::to,,,0.71,7.09,0,0,0,0
aten::_to_copy,,,2.09,6.38,0,0,0,0
aten::empty_strided,,,1.96,1.96,0,0,0,0
aten::copy_,,,2.33,2.33,0,0,0,0
aten::floor_divide,,,6.53,14.39,0,0,0,0
aten::to,,,0.74,6.6,0,0,0,0
aten::_to_copy,,,2.26,5.86,0,0,0,0
aten::empty_strided,,,1.32,1.32,0,0,0,0
aten::copy_,,,2.28,2.28,0,0,0,0
aten::empty,,,1.26,1.26,0,0,0,0
aten::cat,,,4.4,4.4,0,0,0,0
aten::cumsum,,,5.31,13.02,0,0,0,0
aten::to,,,0.7,7.71,0,0,0,0
aten::_to_copy,,,2.31,7.01,0,0,0,0
aten::empty_strided,,,1.36,1.36,0,0,0,0
aten::copy_,,,3.34,3.34,0,0,0,0
aten::empty,,,2.28,2.28,0,0,0,0
aten::to,,,0.56,0.56,0,0,0,0
aten::lift_fresh,,,0.57,0.57,0,0,0,0
aten::detach_,,,0.5,0.5,0,0,0,0
aten::slice,,,4.12,5.98,0,0,0,0
aten::as_strided,,,1.86,1.86,0,0,0,0
aten::slice,,,2.54,3.47,0,0,0,0
aten::as_strided,,,0.93,0.93,0,0,0,0
aten::sub,,,4.8,4.8,0,0,0,0
aten::add,,,4.69,12.7,0,0,0,0
aten::to,,,0.86,8.01,0,0,0,0
aten::_to_copy,,,2.73,7.15,0,0,0,0
aten::empty_strided,,,1.57,1.57,0,0,0,0
aten::copy_,,,2.85,2.85,0,0,0,0
aten::sub,,,5.44,29.21,0,0,0,0
aten::to,,,0.64,23.77,0,0,0,0
aten::_to_copy,,,2.43,23.13,0,0,0,0
aten::empty_strided,,,1.41,1.41,0,0,0,0
aten::copy_,,,19.29,19.29,0,0,0,0
aten::floor_divide,,,6.73,16.77,0,0,0,0
aten::to,,,1.17,8.63,0,0,0,0
aten::_to_copy,,,2.55,7.46,0,0,0,0
aten::empty_strided,,,1.99,1.99,0,0,0,0
aten::copy_,,,2.92,2.92,0,0,0,0
aten::empty,,,1.41,1.41,0,0,0,0
aten::add,,,4.46,11.3,0,0,0,0
aten::to,,,0.82,6.84,0,0,0,0
aten::_to_copy,,,2.36,6.02,0,0,0,0
aten::empty_strided,,,1.36,1.36,0,0,0,0
aten::copy_,,,2.3,2.3,0,0,0,0
aten::cat,,,4.45,4.45,0,0,0,0
aten::cumsum,,,6.1,13.66,0,0,0,0
aten::to,,,0.73,7.56,0,0,0,0
aten::_to_copy,,,2.21,6.83,0,0,0,0
aten::empty_strided,,,1.52,1.52,0,0,0,0
aten::copy_,,,3.1,3.1,0,0,0,0
aten::slice,,,4.4,5.9,0,0,0,0
aten::as_strided,,,1.5,1.5,0,0,0,0
aten::slice,,,2.32,3.38,0,0,0,0
aten::as_strided,,,1.06,1.06,0,0,0,0
aten::sub,,,4.23,4.23,0,0,0,0
aten::add,,,4.51,11.9,0,0,0,0
aten::to,,,0.85,7.39,0,0,0,0
aten::_to_copy,,,2.38,6.54,0,0,0,0
aten::empty_strided,,,1.64,1.64,0,0,0,0
aten::copy_,,,2.52,2.52,0,0,0,0
aten::sub,,,4.16,10.16,0,0,0,0
aten::to,,,0.82,6.0,0,0,0,0
aten::_to_copy,,,1.95,5.18,0,0,0,0
aten::empty_strided,,,1.27,1.27,0,0,0,0
aten::copy_,,,1.96,1.96,0,0,0,0
aten::floor_divide,,,5.94,14.42,0,0,0,0
aten::to,,,0.88,7.1,0,0,0,0
aten::_to_copy,,,2.39,6.22,0,0,0,0
aten::empty_strided,,,1.51,1.51,0,0,0,0
aten::copy_,,,2.32,2.32,0,0,0,0
aten::empty,,,1.38,1.38,0,0,0,0
aten::add,,,3.81,10.29,0,0,0,0
aten::to,,,0.79,6.48,0,0,0,0
aten::_to_copy,,,2.13,5.69,0,0,0,0
aten::empty_strided,,,1.57,1.57,0,0,0,0
aten::copy_,,,1.99,1.99,0,0,0,0
aten::cumsum,,,4.55,11.03,0,0,0,0
aten::to,,,0.65,6.48,0,0,0,0
aten::_to_copy,,,1.92,5.83,0,0,0,0
aten::empty_strided,,,1.32,1.32,0,0,0,0
aten::copy_,,,2.59,2.59,0,0,0,0
aten::sub,,,9.41,9.41,0,0,0,0
aten::slice,,,4.32,5.77,0,0,0,0
aten::as_strided,,,1.45,1.45,0,0,0,0
aten::slice,,,2.32,3.13,0,0,0,0
aten::as_strided,,,0.81,0.81,0,0,0,0
aten::sub,,,3.76,3.76,0,0,0,0
aten::add,,,4.18,11.7,0,0,0,0
aten::to,,,0.84,7.52,0,0,0,0
aten::_to_copy,,,2.75,6.68,0,0,0,0
aten::empty_strided,,,1.44,1.44,0,0,0,0
aten::copy_,,,2.49,2.49,0,0,0,0
aten::sub,,,4.04,10.4,0,0,0,0
aten::to,,,0.69,6.36,0,0,0,0
aten::_to_copy,,,2.07,5.67,0,0,0,0
aten::empty_strided,,,1.53,1.53,0,0,0,0
aten::copy_,,,2.07,2.07,0,0,0,0
aten::floor_divide,,,5.36,13.65,0,0,0,0
aten::to,,,0.76,6.9,0,0,0,0
aten::_to_copy,,,2.26,6.14,0,0,0,0
aten::empty_strided,,,1.42,1.42,0,0,0,0
aten::copy_,,,2.46,2.46,0,0,0,0
aten::empty,,,1.39,1.39,0,0,0,0
aten::resolve_conj,,,0.92,0.92,0,0,0,0
aten::resolve_neg,,,0.52,0.52,0,0,0,0
aten::arange,,,3.76,14.07,0,0,0,0
aten::empty,,,1.34,1.34,0,0,0,0
aten::arange,,,6.49,8.97,0,0,0,0
aten::resize_,,,2.48,2.48,0,0,0,0
aten::cat,,,4.84,4.84,0,0,0,0
aten::eq,,,22.5,22.5,0,0,0,0
aten::cumsum,,,5.84,15.29,0,0,0,0
aten::to,,,0.9,9.45,0,0,0,0
aten::_to_copy,,,2.87,8.55,0,0,0,0
aten::empty_strided,,,2.05,2.05,0,0,0,0
aten::copy_,,,3.63,3.63,0,0,0,0
aten::sub,,,3.59,3.59,0,0,0,0
aten::stack,,,3.5,23.87,0,0,0,0
aten::unsqueeze,,,2.28,4.0,0,0,0,0
aten::as_strided,,,1.72,1.72,0,0,0,0
aten::unsqueeze,,,0.94,1.95,0,0,0,0
aten::as_strided,,,1.01,1.01,0,0,0,0
aten::cat,,,8.24,14.42,0,0,0,0
aten::narrow,,,2.71,6.18,0,0,0,0
aten::slice,,,2.0,3.47,0,0,0,0
aten::as_strided,,,1.47,1.47,0,0,0,0
aten::to,,,1.49,9.52,0,0,0,0
aten::_to_copy,,,2.93,8.03,0,0,0,0
aten::empty_strided,,,1.81,1.81,0,0,0,0
aten::copy_,,,3.29,3.29,0,0,0,0
aten::slice,,,4.9,6.25,0,0,0,0
aten::as_strided,,,1.35,1.35,0,0,0,0
aten::slice,,,2.71,3.62,0,0,0,0
aten::as_strided,,,0.91,0.91,0,0,0,0
aten::sub,,,4.39,4.39,0,0,0,0
aten::add,,,4.74,12.69,0,0,0,0
aten::to,,,0.93,7.95,0,0,0,0
aten::_to_copy,,,2.38,7.02,0,0,0,0
aten::empty_strided,,,1.84,1.84,0,0,0,0
aten::copy_,,,2.8,2.8,0,0,0,0
aten::sub,,,4.92,11.04,0,0,0,0
aten::to,,,0.77,6.12,0,0,0,0
aten::_to_copy,,,2.02,5.35,0,0,0,0
aten::empty_strided,,,1.29,1.29,0,0,0,0
aten::copy_,,,2.04,2.04,0,0,0,0
aten::floor_divide,,,17.13,26.32,0,0,0,0
aten::to,,,0.91,7.52,0,0,0,0
aten::_to_copy,,,2.52,6.61,0,0,0,0
aten::empty_strided,,,1.76,1.76,0,0,0,0
aten::copy_,,,2.33,2.33,0,0,0,0
aten::empty,,,1.67,1.67,0,0,0,0
aten::resolve_conj,,,1.0,1.0,0,0,0,0
aten::resolve_neg,,,0.6,0.6,0,0,0,0
aten::arange,,,3.42,16.25,0,0,0,0
aten::empty,,,1.41,1.41,0,0,0,0
aten::arange,,,6.06,11.42,0,0,0,0
aten::resize_,,,5.36,5.36,0,0,0,0
aten::cat,,,4.46,4.46,0,0,0,0
aten::eq,,,6.71,6.71,0,0,0,0
aten::cumsum,,,5.61,14.49,0,0,0,0
aten::to,,,0.98,8.88,0,0,0,0
aten::_to_copy,,,2.52,7.9,0,0,0,0
aten::empty_strided,,,1.99,1.99,0,0,0,0
aten::copy_,,,3.39,3.39,0,0,0,0
aten::sub,,,3.89,3.89,0,0,0,0
aten::stack,,,3.09,26.55,0,0,0,0
aten::unsqueeze,,,5.25,7.21,0,0,0,0
aten::as_strided,,,1.96,1.96,0,0,0,0
aten::unsqueeze,,,0.81,1.51,0,0,0,0
aten::as_strided,,,0.7,0.7,0,0,0,0
aten::cat,,,8.6,14.74,0,0,0,0
aten::narrow,,,2.56,6.14,0,0,0,0
aten::slice,,,1.63,3.58,0,0,0,0
aten::as_strided,,,1.95,1.95,0,0,0,0
aten::to,,,1.58,12.09,0,0,0,0
aten::_to_copy,,,2.73,10.51,0,0,0,0
aten::empty_strided,,,2.12,2.12,0,0,0,0
aten::copy_,,,5.66,5.66,0,0,0,0
aten::to,,,1.03,10.0,0,0,0,0
aten::_to_copy,,,2.8,8.97,0,0,0,0
aten::empty_strided,,,2.37,2.37,0,0,0,0
aten::copy_,,,3.8,3.8,0,0,0,0
aten::reshape,,,1.82,4.27,0,0,0,0
aten::view,,,2.45,2.45,0,0,0,0
aten::resolve_conj,,,0.98,0.98,0,0,0,0
aten::resolve_neg,,,0.53,0.53,0,0,0,0
aten::empty,,,2.81,2.81,0,0,0,0
aten::to,,,0.77,0.77,0,0,0,0
aten::lift_fresh,,,3.74,3.74,0,0,0,0
aten::detach_,,,0.52,0.52,0,0,0,0
aten::slice,,,2.07,3.65,0,0,0,0
aten::as_strided,,,1.58,1.58,0,0,0,0
aten::slice,,,1.42,2.27,0,0,0,0
aten::as_strided,,,0.85,0.85,0,0,0,0
aten::sub,,,5.97,5.97,0,0,0,0
aten::gt,,,7.05,7.05,0,0,0,0
aten::all,,,6.62,16.69,0,0,0,0
aten::view_as,,,1.62,5.95,0,0,0,0
aten::view,,,4.33,4.33,0,0,0,0
aten::to,,,0.49,0.49,0,0,0,0
aten::copy_,,,3.63,3.63,0,0,0,0
aten::is_nonzero,,,2.08,4.97,0,0,0,0
aten::item,,,1.62,2.89,0,0,0,0
aten::_local_scalar_dense,,,1.27,1.27,0,0,0,0
aten::to,,,1.31,10.94,0,0,0,0
aten::_to_copy,,,3.32,9.63,0,0,0,0
aten::empty_strided,,,2.74,2.74,0,0,0,0
aten::copy_,,,3.57,3.57,0,0,0,0
aten::reshape,,,1.55,8.89,0,0,0,0
aten::view,,,7.34,7.34,0,0,0,0
aten::resolve_conj,,,1.01,1.01,0,0,0,0
aten::resolve_neg,,,0.57,0.57,0,0,0,0
aten::to,,,2.52,185.41,0,0,0,0
aten::_to_copy,,,19.85,182.89,0,0,0,0
aten::empty_strided,,,12.04,20.6,0,0,0,0
empty_tensor,,,8.56,8.56,0,0,0,0
aten::copy_,,,125.27,142.44,0,0,0,0
acl_memcpy_host_to_device,,,17.17,17.17,0,0,0,0
aten::to,,,4.92,114.76,0,0,0,0
aten::_to_copy,,,5.7,109.84,0,0,0,0
aten::empty_strided,,,10.77,18.68,0,0,0,0
empty_tensor,,,7.91,7.91,0,0,0,0
aten::copy_,,,73.56,85.46,0,0,0,0
acl_memcpy_host_to_device,,,11.9,11.9,0,0,0,0
aten::to,,,2.76,112.64,0,0,0,0
aten::_to_copy,,,5.29,109.88,0,0,0,0
aten::empty_strided,,,9.17,13.85,0,0,0,0
empty_tensor,,,4.68,4.68,0,0,0,0
aten::copy_,,,66.76,90.74,0,0,0,0
acl_memcpy_host_to_device,,,23.98,23.98,0,0,0,0
aten::to,,,2.51,108.96,0,0,0,0
aten::_to_copy,,,5.22,106.45,0,0,0,0
aten::empty_strided,,,8.32,27.22,0,0,0,0
empty_tensor,,,18.9,18.9,0,0,0,0
aten::copy_,,,63.93,74.01,0,0,0,0
acl_memcpy_host_to_device,,,10.08,10.08,0,0,0,0
aten::to,,,2.73,100.44,0,0,0,0
aten::_to_copy,,,5.21,97.71,0,0,0,0
aten::empty_strided,,,8.2,14.98,0,0,0,0
empty_tensor,,,6.78,6.78,0,0,0,0
aten::copy_,,,60.53,77.52,0,0,0,0
acl_memcpy_host_to_device,,,16.99,16.99,0,0,0,0
aten::to,,,2.93,87.43,0,0,0,0
aten::_to_copy,,,5.26,84.5,0,0,0,0
aten::empty_strided,,,7.78,13.54,0,0,0,0
empty_tensor,,,5.76,5.76,0,0,0,0
aten::copy_,,,54.21,65.7,0,0,0,0
acl_memcpy_host_to_device,,,11.49,11.49,0,0,0,0
aten::slice,,,9.16,15.43,0,0,0,0
aten::as_strided,,,6.27,6.27,0,0,0,0
aten::slice,,,3.35,6.19,0,0,0,0
aten::as_strided,,,2.84,2.84,0,0,0,0
aten::sub,,,25.95,50.05,0,1.40003125,0,0
empty_tensor,,,9.25,9.25,0,0,0,0
aclnnSub,,,14.85,14.85,1.40003125,1.40003125,0,0
aten::sub,,,14.75,29.33,0,1.26,0,0
empty_tensor,,,7.54,7.54,0,0,0,0
aclnnSub,,,7.04,7.04,1.26,1.26,0,0
aten::gt,,,18.02,35.44,0,4.06009375,0,0
empty_tensor,,,6.11,6.11,0,0,0,0
aclnnGtScalar,,,11.31,11.31,4.06009375,4.06009375,0,0
aten::slice,,,8.27,14.48,0,0,0,0
aten::as_strided,,,6.21,6.21,0,0,0,0
aten::slice,,,6.46,9.57,0,0,0,0
aten::as_strided,,,3.11,3.11,0,0,0,0
aten::slice,,,2.75,6.8,0,0,0,0
aten::as_strided,,,4.05,4.05,0,0,0,0
aten::slice,,,5.33,8.66,0,0,0,0
aten::as_strided,,,3.33,3.33,0,0,0,0
aten::slice,,,3.27,6.27,0,0,0,0
aten::as_strided,,,3.0,3.0,0,0,0,0
aten::slice,,,2.4,5.38,0,0,0,0
aten::as_strided,,,2.98,2.98,0,0,0,0
aten::fill_,,,17.43,33.56,0,0,0,0
aclnnInplaceFillScalar,,,16.13,16.13,0,0,0,0
aten::slice,,,5.25,9.09,0,0,0,0
aten::as_strided,,,3.84,3.84,0,0,0,0
aten::fill_,,,13.15,25.55,0,0,0,0
aclnnInplaceFillScalar,,,12.4,12.4,0,0,0,0
aten::diff,,,6.53,33.05,0,0,0,0
aten::narrow,,,5.69,11.06,0,0,0,0
aten::slice,,,2.47,5.37,0,0,0,0
aten::as_strided,,,2.9,2.9,0,0,0,0
aten::narrow,,,1.97,3.63,0,0,0,0
aten::slice,,,0.99,1.66,0,0,0,0
aten::as_strided,,,0.67,0.67,0,0,0,0
aten::sub,,,11.83,11.83,0,0,0,0
aten::eq,,,12.29,27.11,0,0,0,0
aten::to,,,1.5,14.82,0,0,0,0
aten::_to_copy,,,4.62,13.32,0,0,0,0
aten::empty_strided,,,3.17,3.17,0,0,0,0
aten::copy_,,,5.53,5.53,0,0,0,0
aten::__and__,,,2.16,6.34,0,0,0,0
aten::bitwise_and,,,4.18,4.18,0,0,0,0
aten::gt,,,7.57,16.79,0,0,0,0
aten::to,,,0.93,9.22,0,0,0,0
aten::_to_copy,,,2.88,8.29,0,0,0,0
aten::empty_strided,,,2.43,2.43,0,0,0,0
aten::copy_,,,2.98,2.98,0,0,0,0
aten::__and__,,,1.51,4.4,0,0,0,0
aten::bitwise_and,,,2.89,2.89,0,0,0,0
aten::any,,,5.75,13.1,0,0,0,0
aten::view_as,,,1.93,3.96,0,0,0,0
aten::view,,,2.03,2.03,0,0,0,0
aten::to,,,0.43,0.43,0,0,0,0
aten::copy_,,,2.96,2.96,0,0,0,0
aten::item,,,2.06,3.42,0,0,0,0
aten::_local_scalar_dense,,,1.36,1.36,0,0,0,0
aten::slice,,,5.19,7.41,0,0,0,0
aten::as_strided,,,2.22,2.22,0,0,0,0
aten::slice,,,2.32,3.45,0,0,0,0
aten::as_strided,,,1.13,1.13,0,0,0,0
aten::sub,,,5.35,5.35,0,0,0,0
aten::select,,,3.06,4.23,0,0,0,0
aten::as_strided,,,1.17,1.17,0,0,0,0
aten::item,,,1.34,2.42,0,0,0,0
aten::_local_scalar_dense,,,1.08,1.08,0,0,0,0
aten::select,,,3.35,8.73,0,0,0,0
aten::as_strided,,,5.38,5.38,0,0,0,0
aten::slice,,,4.34,6.08,0,0,0,0
aten::as_strided,,,1.74,1.74,0,0,0,0
aten::slice,,,2.57,3.54,0,0,0,0
aten::as_strided,,,0.97,0.97,0,0,0,0
aten::sub,,,5.92,5.92,0,0,0,0
aten::add,,,6.2,16.87,0,0,0,0
aten::to,,,1.35,10.67,0,0,0,0
aten::_to_copy,,,3.39,9.32,0,0,0,0
aten::empty_strided,,,2.39,2.39,0,0,0,0
aten::copy_,,,3.54,3.54,0,0,0,0
aten::sub,,,4.6,12.33,0,0,0,0
aten::to,,,0.97,7.73,0,0,0,0
aten::_to_copy,,,2.21,6.76,0,0,0,0
aten::empty_strided,,,2.22,2.22,0,0,0,0
aten::copy_,,,2.33,2.33,0,0,0,0
aten::floor_divide,,,6.82,16.32,0,0,0,0
aten::to,,,1.24,7.78,0,0,0,0
aten::_to_copy,,,2.7,6.54,0,0,0,0
aten::empty_strided,,,1.6,1.6,0,0,0,0
aten::copy_,,,2.24,2.24,0,0,0,0
aten::empty,,,1.72,1.72,0,0,0,0
aten::resolve_conj,,,1.08,1.08,0,0,0,0
aten::resolve_neg,,,0.66,0.66,0,0,0,0
aten::arange,,,4.38,14.8,0,0,0,0
aten::empty,,,1.63,1.63,0,0,0,0
aten::arange,,,6.75,8.79,0,0,0,0
aten::resize_,,,2.04,2.04,0,0,0,0
aten::cat,,,6.34,6.34,0,0,0,0
aten::eq,,,6.87,6.87,0,0,0,0
aten::cumsum,,,6.47,15.04,0,0,0,0
aten::to,,,0.9,8.57,0,0,0,0
aten::_to_copy,,,2.79,7.67,0,0,0,0
aten::empty_strided,,,1.64,1.64,0,0,0,0
aten::copy_,,,3.24,3.24,0,0,0,0
aten::sub,,,3.77,3.77,0,0,0,0
aten::stack,,,3.54,24.24,0,0,0,0
aten::unsqueeze,,,2.18,3.88,0,0,0,0
aten::as_strided,,,1.7,1.7,0,0,0,0
aten::unsqueeze,,,0.93,2.52,0,0,0,0
aten::as_strided,,,1.59,1.59,0,0,0,0
aten::cat,,,8.52,14.3,0,0,0,0
aten::narrow,,,2.45,5.78,0,0,0,0
aten::slice,,,1.61,3.33,0,0,0,0
aten::as_strided,,,1.72,1.72,0,0,0,0
aten::to,,,1.52,9.75,0,0,0,0
aten::_to_copy,,,2.9,8.23,0,0,0,0
aten::empty_strided,,,1.88,1.88,0,0,0,0
aten::copy_,,,3.45,3.45,0,0,0,0
aten::empty,,,2.44,2.44,0,0,0,0
aten::to,,,0.6,0.6,0,0,0,0
aten::lift_fresh,,,0.94,0.94,0,0,0,0
aten::detach_,,,0.53,0.53,0,0,0,0
aten::slice,,,4.74,6.13,0,0,0,0
aten::as_strided,,,1.39,1.39,0,0,0,0
aten::slice,,,2.22,3.04,0,0,0,0
aten::as_strided,,,0.82,0.82,0,0,0,0
aten::sub,,,4.73,4.73,0,0,0,0
aten::add,,,5.9,14.28,0,0,0,0
aten::to,,,1.02,8.38,0,0,0,0
aten::_to_copy,,,2.42,7.36,0,0,0,0
aten::empty_strided,,,2.1,2.1,0,0,0,0
aten::copy_,,,2.84,2.84,0,0,0,0
aten::sub,,,4.39,10.93,0,0,0,0
aten::to,,,0.88,6.54,0,0,0,0
aten::_to_copy,,,2.18,5.66,0,0,0,0
aten::empty_strided,,,1.21,1.21,0,0,0,0
aten::copy_,,,2.27,2.27,0,0,0,0
aten::floor_divide,,,5.97,15.24,0,0,0,0
aten::to,,,0.97,7.82,0,0,0,0
aten::_to_copy,,,2.45,6.85,0,0,0,0
aten::empty_strided,,,2.17,2.17,0,0,0,0
aten::copy_,,,2.23,2.23,0,0,0,0
aten::empty,,,1.45,1.45,0,0,0,0
aten::cat,,,4.56,4.56,0,0,0,0
aten::cumsum,,,5.98,14.26,0,0,0,0
aten::to,,,0.85,8.28,0,0,0,0
aten::_to_copy,,,2.6,7.43,0,0,0,0
aten::empty_strided,,,1.59,1.59,0,0,0,0
aten::copy_,,,3.24,3.24,0,0,0,0
aten::empty,,,2.01,2.01,0,0,0,0
aten::to,,,0.72,0.72,0,0,0,0
aten::lift_fresh,,,0.64,0.64,0,0,0,0
aten::detach_,,,0.61,0.61,0,0,0,0
aten::slice,,,4.11,5.58,0,0,0,0
aten::as_strided,,,1.47,1.47,0,0,0,0
aten::slice,,,2.15,2.95,0,0,0,0
aten::as_strided,,,0.8,0.8,0,0,0,0
aten::sub,,,4.5,4.5,0,0,0,0
aten::add,,,5.1,13.72,0,0,0,0
aten::to,,,0.89,8.62,0,0,0,0
aten::_to_copy,,,2.83,7.73,0,0,0,0
aten::empty_strided,,,1.74,1.74,0,0,0,0
aten::copy_,,,3.16,3.16,0,0,0,0
aten::sub,,,4.12,10.41,0,0,0,0
aten::to,,,0.87,6.29,0,0,0,0
aten::_to_copy,,,2.12,5.42,0,0,0,0
aten::empty_strided,,,1.24,1.24,0,0,0,0
aten::copy_,,,2.06,2.06,0,0,0,0
aten::floor_divide,,,5.1,14.13,0,0,0,0
aten::to,,,0.84,7.74,0,0,0,0
aten::_to_copy,,,2.65,6.9,0,0,0,0
aten::empty_strided,,,1.89,1.89,0,0,0,0
aten::copy_,,,2.36,2.36,0,0,0,0
aten::empty,,,1.29,1.29,0,0,0,0
aten::add,,,4.35,10.84,0,0,0,0
aten::to,,,0.83,6.49,0,0,0,0
aten::_to_copy,,,2.24,5.66,0,0,0,0
aten::empty_strided,,,1.37,1.37,0,0,0,0
aten::copy_,,,2.05,2.05,0,0,0,0
aten::cat,,,4.2,4.2,0,0,0,0
aten::cumsum,,,5.11,12.69,0,0,0,0
aten::to,,,0.84,7.58,0,0,0,0
aten::_to_copy,,,2.11,6.74,0,0,0,0
aten::empty_strided,,,1.71,1.71,0,0,0,0
aten::copy_,,,2.92,2.92,0,0,0,0
aten::slice,,,3.96,5.62,0,0,0,0
aten::as_strided,,,1.66,1.66,0,0,0,0
aten::slice,,,2.3,3.12,0,0,0,0
aten::as_strided,,,0.82,0.82,0,0,0,0
aten::sub,,,4.48,4.48,0,0,0,0
aten::add,,,4.36,12.4,0,0,0,0
aten::to,,,0.88,8.04,0,0,0,0
aten::_to_copy,,,2.38,7.16,0,0,0,0
aten::empty_strided,,,2.12,2.12,0,0,0,0
aten::copy_,,,2.66,2.66,0,0,0,0
aten::sub,,,4.16,10.14,0,0,0,0
aten::to,,,0.78,5.98,0,0,0,0
aten::_to_copy,,,1.86,5.2,0,0,0,0
aten::empty_strided,,,1.35,1.35,0,0,0,0
aten::copy_,,,1.99,1.99,0,0,0,0
aten::floor_divide,,,5.85,14.84,0,0,0,0
aten::to,,,1.13,7.69,0,0,0,0
aten::_to_copy,,,2.33,6.56,0,0,0,0
aten::empty_strided,,,1.76,1.76,0,0,0,0
aten::copy_,,,2.47,2.47,0,0,0,0
aten::empty,,,1.3,1.3,0,0,0,0
aten::add,,,4.24,10.46,0,0,0,0
aten::to,,,0.87,6.22,0,0,0,0
aten::_to_copy,,,2.11,5.35,0,0,0,0
aten::empty_strided,,,1.19,1.19,0,0,0,0
aten::copy_,,,2.05,2.05,0,0,0,0
aten::cumsum,,,4.66,11.45,0,0,0,0
aten::to,,,0.63,6.79,0,0,0,0
aten::_to_copy,,,2.05,6.16,0,0,0,0
aten::empty_strided,,,1.5,1.5,0,0,0,0
aten::copy_,,,2.61,2.61,0,0,0,0
aten::sub,,,3.47,3.47,0,0,0,0
aten::slice,,,3.59,4.99,0,0,0,0
aten::as_strided,,,1.4,1.4,0,0,0,0
aten::slice,,,2.38,3.19,0,0,0,0
aten::as_strided,,,0.81,0.81,0,0,0,0
aten::sub,,,3.64,3.64,0,0,0,0
aten::add,,,4.37,11.78,0,0,0,0
aten::to,,,0.84,7.41,0,0,0,0
aten::_to_copy,,,2.11,6.57,0,0,0,0
aten::empty_strided,,,2.06,2.06,0,0,0,0
aten::copy_,,,2.4,2.4,0,0,0,0
aten::sub,,,4.01,10.03,0,0,0,0
aten::to,,,0.85,6.02,0,0,0,0
aten::_to_copy,,,1.98,5.17,0,0,0,0
aten::empty_strided,,,1.2,1.2,0,0,0,0
aten::copy_,,,1.99,1.99,0,0,0,0
aten::floor_divide,,,5.37,14.04,0,0,0,0
aten::to,,,0.87,7.33,0,0,0,0
aten::_to_copy,,,2.31,6.46,0,0,0,0
aten::empty_strided,,,1.8,1.8,0,0,0,0
aten::copy_,,,2.35,2.35,0,0,0,0
aten::empty,,,1.34,1.34,0,0,0,0
aten::resolve_conj,,,0.91,0.91,0,0,0,0
aten::resolve_neg,,,0.5,0.5,0,0,0,0
aten::arange,,,4.68,15.6,0,0,0,0
aten::empty,,,2.13,2.13,0,0,0,0
aten::arange,,,6.74,8.79,0,0,0,0
aten::resize_,,,2.05,2.05,0,0,0,0
aten::cat,,,5.48,5.48,0,0,0,0
aten::eq,,,7.01,7.01,0,0,0,0
aten::cumsum,,,5.63,14.88,0,0,0,0
aten::to,,,1.04,9.25,0,0,0,0
aten::_to_copy,,,3.09,8.21,0,0,0,0
aten::empty_strided,,,1.94,1.94,0,0,0,0
aten::copy_,,,3.18,3.18,0,0,0,0
aten::sub,,,3.72,3.72,0,0,0,0
aten::stack,,,3.28,21.9,0,0,0,0
aten::unsqueeze,,,2.3,4.35,0,0,0,0
aten::as_strided,,,2.05,2.05,0,0,0,0
aten::unsqueeze,,,0.81,1.41,0,0,0,0
aten::as_strided,,,0.6,0.6,0,0,0,0
aten::cat,,,7.4,12.86,0,0,0,0
aten::narrow,,,2.41,5.46,0,0,0,0
aten::slice,,,1.96,3.05,0,0,0,0
aten::as_strided,,,1.09,1.09,0,0,0,0
aten::to,,,1.35,9.69,0,0,0,0
aten::_to_copy,,,2.85,8.34,0,0,0,0
aten::empty_strided,,,2.1,2.1,0,0,0,0
aten::copy_,,,3.39,3.39,0,0,0,0
aten::slice,,,4.48,5.94,0,0,0,0
aten::as_strided,,,1.46,1.46,0,0,0,0
aten::slice,,,2.27,3.41,0,0,0,0
aten::as_strided,,,1.14,1.14,0,0,0,0
aten::sub,,,4.6,4.6,0,0,0,0
aten::add,,,5.15,13.52,0,0,0,0
aten::to,,,0.92,8.37,0,0,0,0
aten::_to_copy,,,2.51,7.45,0,0,0,0
aten::empty_strided,,,2.26,2.26,0,0,0,0
aten::copy_,,,2.68,2.68,0,0,0,0
aten::sub,,,4.15,10.4,0,0,0,0
aten::to,,,0.69,6.25,0,0,0,0
aten::_to_copy,,,2.04,5.56,0,0,0,0
aten::empty_strided,,,1.31,1.31,0,0,0,0
aten::copy_,,,2.21,2.21,0,0,0,0
aten::floor_divide,,,5.61,13.46,0,0,0,0
aten::to,,,0.72,6.48,0,0,0,0
aten::_to_copy,,,2.13,5.76,0,0,0,0
aten::empty_strided,,,1.5,1.5,0,0,0,0
aten::copy_,,,2.13,2.13,0,0,0,0
aten::empty,,,1.37,1.37,0,0,0,0
aten::resolve_conj,,,0.85,0.85,0,0,0,0
aten::resolve_neg,,,0.52,0.52,0,0,0,0
aten::arange,,,3.22,11.54,0,0,0,0
aten::empty,,,1.47,1.47,0,0,0,0
aten::arange,,,5.08,6.85,0,0,0,0
aten::resize_,,,1.77,1.77,0,0,0,0
aten::cat,,,3.87,3.87,0,0,0,0
aten::eq,,,6.6,6.6,0,0,0,0
aten::cumsum,,,5.26,13.2,0,0,0,0
aten::to,,,0.8,7.94,0,0,0,0
aten::_to_copy,,,2.22,7.14,0,0,0,0
aten::empty_strided,,,1.81,1.81,0,0,0,0
aten::copy_,,,3.11,3.11,0,0,0,0
aten::sub,,,3.7,3.7,0,0,0,0
aten::stack,,,2.89,20.11,0,0,0,0
aten::unsqueeze,,,1.63,3.12,0,0,0,0
aten::as_strided,,,1.49,1.49,0,0,0,0
aten::unsqueeze,,,0.8,1.63,0,0,0,0
aten::as_strided,,,0.83,0.83,0,0,0,0
aten::cat,,,7.44,12.47,0,0,0,0
aten::narrow,,,1.9,5.03,0,0,0,0
aten::slice,,,1.53,3.13,0,0,0,0
aten::as_strided,,,1.6,1.6,0,0,0,0
aten::to,,,1.38,9.77,0,0,0,0
aten::_to_copy,,,3.16,8.39,0,0,0,0
aten::empty_strided,,,2.35,2.35,0,0,0,0
aten::copy_,,,2.88,2.88,0,0,0,0
aten::to,,,1.03,8.75,0,0,0,0
aten::_to_copy,,,2.36,7.72,0,0,0,0
aten::empty_strided,,,1.82,1.82,0,0,0,0
aten::copy_,,,3.54,3.54,0,0,0,0
aten::reshape,,,1.79,3.65,0,0,0,0
aten::view,,,1.86,1.86,0,0,0,0
aten::resolve_conj,,,0.83,0.83,0,0,0,0
aten::resolve_neg,,,0.44,0.44,0,0,0,0
aten::empty,,,2.67,2.67,0,0,0,0
aten::to,,,0.67,0.67,0,0,0,0
aten::lift_fresh,,,0.72,0.72,0,0,0,0
aten::detach_,,,0.6,0.6,0,0,0,0
aten::slice,,,1.9,3.38,0,0,0,0
aten::as_strided,,,1.48,1.48,0,0,0,0
aten::slice,,,1.2,2.13,0,0,0,0
aten::as_strided,,,0.93,0.93,0,0,0,0
aten::sub,,,5.19,5.19,0,0,0,0
aten::gt,,,6.65,6.65,0,0,0,0
aten::all,,,5.66,12.54,0,0,0,0
aten::view_as,,,1.44,3.06,0,0,0,0
aten::view,,,1.62,1.62,0,0,0,0
aten::to,,,0.51,0.51,0,0,0,0
aten::copy_,,,3.31,3.31,0,0,0,0
aten::is_nonzero,,,1.87,4.79,0,0,0,0
aten::item,,,1.77,2.92,0,0,0,0
aten::_local_scalar_dense,,,1.15,1.15,0,0,0,0
aten::to,,,1.39,10.59,0,0,0,0
aten::_to_copy,,,2.93,9.2,0,0,0,0
aten::empty_strided,,,2.86,2.86,0,0,0,0
aten::copy_,,,3.41,3.41,0,0,0,0
aten::reshape,,,1.38,2.7,0,0,0,0
aten::view,,,1.32,1.32,0,0,0,0
aten::resolve_conj,,,1.13,1.13,0,0,0,0
aten::resolve_neg,,,0.43,0.43,0,0,0,0
aten::to,,,5.68,151.43,0,0,0,0
aten::_to_copy,,,7.14,145.75,0,0,0,0
aten::empty_strided,,,12.07,20.96,0,0,0,0
empty_tensor,,,8.89,8.89,0,0,0,0
aten::copy_,,,98.99,117.65,0,0,0,0
acl_memcpy_host_to_device,,,18.66,18.66,0,0,0,0
aten::to,,,2.75,122.69,0,0,0,0
aten::_to_copy,,,6.0,119.94,0,0,0,0
aten::empty_strided,,,17.64,31.24,0,0,0,0
empty_tensor,,,13.6,13.6,0,0,0,0
aten::copy_,,,67.92,82.7,0,0,0,0
acl_memcpy_host_to_device,,,14.78,14.78,0,0,0,0
aten::to,,,2.3,96.66,0,0,0,0
aten::_to_copy,,,5.47,94.36,0,0,0,0
aten::empty_strided,,,8.17,13.05,0,0,0,0
empty_tensor,,,4.88,4.88,0,0,0,0
aten::copy_,,,64.35,75.84,0,0,0,0
acl_memcpy_host_to_device,,,11.49,11.49,0,0,0,0
aten::to,,,2.38,102.11,0,0,0,0
aten::_to_copy,,,5.6,99.73,0,0,0,0
aten::empty_strided,,,13.74,18.46,0,0,0,0
empty_tensor,,,4.72,4.72,0,0,0,0
aten::copy_,,,64.05,75.67,0,0,0,0
acl_memcpy_host_to_device,,,11.62,11.62,0,0,0,0
aten::to,,,2.12,97.46,0,0,0,0
aten::_to_copy,,,4.92,95.34,0,0,0,0
aten::empty_strided,,,8.38,13.7,0,0,0,0
empty_tensor,,,5.32,5.32,0,0,0,0
aten::copy_,,,59.87,76.72,0,0,0,0
acl_memcpy_host_to_device,,,16.85,16.85,0,0,0,0
aten::to,,,2.89,87.7,0,0,0,0
aten::_to_copy,,,5.07,84.81,0,0,0,0
aten::empty_strided,,,8.24,14.72,0,0,0,0
empty_tensor,,,6.48,6.48,0,0,0,0
aten::copy_,,,53.8,65.02,0,0,0,0
acl_memcpy_host_to_device,,,11.22,11.22,0,0,0,0
aten::slice,,,8.94,15.33,0,0,0,0
aten::as_strided,,,6.39,6.39,0,0,0,0
aten::slice,,,2.71,5.17,0,0,0,0
aten::as_strided,,,2.46,2.46,0,0,0,0
aten::sub,,,24.24,48.1,0,1.32003125,0,0
empty_tensor,,,8.8,8.8,0,0,0,0
aclnnSub,,,15.06,15.06,1.32003125,1.32003125,0,0
aten::sub,,,14.48,24.84,0,1.34003125,0,0
empty_tensor,,,7.12,7.12,0,0,0,0
aclnnSub,,,3.24,3.24,1.34003125,1.34003125,0,0
aten::gt,,,17.99,35.24,0,3.6400625,0,0
empty_tensor,,,6.23,6.23,0,0,0,0
aclnnGtScalar,,,11.02,11.02,3.6400625,3.6400625,0,0
aten::slice,,,7.04,13.59,0,0,0,0
aten::as_strided,,,6.55,6.55,0,0,0,0
aten::slice,,,6.37,9.23,0,0,0,0
aten::as_strided,,,2.86,2.86,0,0,0,0
aten::slice,,,2.81,6.83,0,0,0,0
aten::as_strided,,,4.02,4.02,0,0,0,0
aten::slice,,,2.57,5.31,0,0,0,0
aten::as_strided,,,2.74,2.74,0,0,0,0
aten::slice,,,2.38,4.94,0,0,0,0
aten::as_strided,,,2.56,2.56,0,0,0,0
aten::slice,,,2.69,5.41,0,0,0,0
aten::as_strided,,,2.72,2.72,0,0,0,0
aten::fill_,,,17.1,33.3,0,0,0,0
aclnnInplaceFillScalar,,,16.2,16.2,0,0,0,0
aten::slice,,,4.46,8.15,0,0,0,0
aten::as_strided,,,3.69,3.69,0,0,0,0
aten::fill_,,,12.25,23.84,0,0,0,0
aclnnInplaceFillScalar,,,11.59,11.59,0,0,0,0
aten::diff,,,6.44,32.18,0,0,0,0
aten::narrow,,,5.53,10.54,0,0,0,0
aten::slice,,,2.46,5.01,0,0,0,0
aten::as_strided,,,2.55,2.55,0,0,0,0
aten::narrow,,,2.02,3.88,0,0,0,0
aten::slice,,,1.06,1.86,0,0,0,0
aten::as_strided,,,0.8,0.8,0,0,0,0
aten::sub,,,11.32,11.32,0,0,0,0
aten::eq,,,12.1,26.79,0,0,0,0
aten::to,,,1.46,14.69,0,0,0,0
aten::_to_copy,,,4.38,13.23,0,0,0,0
aten::empty_strided,,,3.0,3.0,0,0,0,0
aten::copy_,,,5.85,5.85,0,0,0,0
aten::__and__,,,2.11,6.39,0,0,0,0
aten::bitwise_and,,,4.28,4.28,0,0,0,0
aten::gt,,,7.69,16.01,0,0,0,0
aten::to,,,1.03,8.32,0,0,0,0
aten::_to_copy,,,2.63,7.29,0,0,0,0
aten::empty_strided,,,2.05,2.05,0,0,0,0
aten::copy_,,,2.61,2.61,0,0,0,0
aten::__and__,,,1.46,4.45,0,0,0,0
aten::bitwise_and,,,2.99,2.99,0,0,0,0
aten::any,,,5.84,13.41,0,0,0,0
aten::view_as,,,1.97,4.04,0,0,0,0
aten::view,,,2.07,2.07,0,0,0,0
aten::to,,,0.56,0.56,0,0,0,0
aten::copy_,,,2.97,2.97,0,0,0,0
aten::item,,,2.05,3.49,0,0,0,0
aten::_local_scalar_dense,,,1.44,1.44,0,0,0,0
aten::slice,,,4.88,7.26,0,0,0,0
aten::as_strided,,,2.38,2.38,0,0,0,0
aten::slice,,,2.3,3.29,0,0,0,0
aten::as_strided,,,0.99,0.99,0,0,0,0
aten::sub,,,5.33,5.33,0,0,0,0
aten::select,,,2.95,4.01,0,0,0,0
aten::as_strided,,,1.06,1.06,0,0,0,0
aten::item,,,1.27,2.29,0,0,0,0
aten::_local_scalar_dense,,,1.02,1.02,0,0,0,0
aten::select,,,4.18,9.6,0,0,0,0
aten::as_strided,,,5.42,5.42,0,0,0,0
aten::slice,,,4.3,6.17,0,0,0,0
aten::as_strided,,,1.87,1.87,0,0,0,0
aten::slice,,,2.76,3.81,0,0,0,0
aten::as_strided,,,1.05,1.05,0,0,0,0
aten::sub,,,5.88,5.88,0,0,0,0
aten::add,,,6.83,17.96,0,0,0,0
aten::to,,,1.49,11.13,0,0,0,0
aten::_to_copy,,,3.54,9.64,0,0,0,0
aten::empty_strided,,,2.37,2.37,0,0,0,0
aten::copy_,,,3.73,3.73,0,0,0,0
aten::sub,,,4.67,12.38,0,0,0,0
aten::to,,,0.9,7.71,0,0,0,0
aten::_to_copy,,,2.4,6.81,0,0,0,0
aten::empty_strided,,,1.95,1.95,0,0,0,0
aten::copy_,,,2.46,2.46,0,0,0,0
aten::floor_divide,,,6.69,15.98,0,0,0,0
aten::to,,,0.94,7.6,0,0,0,0
aten::_to_copy,,,2.72,6.66,0,0,0,0
aten::empty_strided,,,1.51,1.51,0,0,0,0
aten::copy_,,,2.43,2.43,0,0,0,0
aten::empty,,,1.69,1.69,0,0,0,0
aten::resolve_conj,,,1.01,1.01,0,0,0,0
aten::resolve_neg,,,0.57,0.57,0,0,0,0
aten::arange,,,4.16,14.24,0,0,0,0
aten::empty,,,1.5,1.5,0,0,0,0
aten::arange,,,6.66,8.58,0,0,0,0
aten::resize_,,,1.92,1.92,0,0,0,0
aten::cat,,,6.1,6.1,0,0,0,0
aten::eq,,,6.8,6.8,0,0,0,0
aten::cumsum,,,6.15,14.54,0,0,0,0
aten::to,,,0.84,8.39,0,0,0,0
aten::_to_copy,,,2.56,7.55,0,0,0,0
aten::empty_strided,,,1.79,1.79,0,0,0,0
aten::copy_,,,3.2,3.2,0,0,0,0
aten::sub,,,3.7,3.7,0,0,0,0
aten::stack,,,3.57,23.65,0,0,0,0
aten::unsqueeze,,,2.27,3.85,0,0,0,0
aten::as_strided,,,1.58,1.58,0,0,0,0
aten::unsqueeze,,,0.96,2.46,0,0,0,0
aten::as_strided,,,1.5,1.5,0,0,0,0
aten::cat,,,7.89,13.77,0,0,0,0
aten::narrow,,,2.8,5.88,0,0,0,0
aten::slice,,,1.51,3.08,0,0,0,0
aten::as_strided,,,1.57,1.57,0,0,0,0
aten::to,,,1.47,9.17,0,0,0,0
aten::_to_copy,,,2.57,7.7,0,0,0,0
aten::empty_strided,,,2.16,2.16,0,0,0,0
aten::copy_,,,2.97,2.97,0,0,0,0
aten::empty,,,2.22,2.22,0,0,0,0
aten::to,,,0.62,0.62,0,0,0,0
aten::lift_fresh,,,1.09,1.09,0,0,0,0
aten::detach_,,,0.54,0.54,0,0,0,0
aten::slice,,,4.46,5.86,0,0,0,0
aten::as_strided,,,1.4,1.4,0,0,0,0
aten::slice,,,2.11,2.93,0,0,0,0
aten::as_strided,,,0.82,0.82,0,0,0,0
aten::sub,,,4.64,4.64,0,0,0,0
aten::add,,,5.31,14.36,0,0,0,0
aten::to,,,0.99,9.05,0,0,0,0
aten::_to_copy,,,2.67,8.06,0,0,0,0
aten::empty_strided,,,2.61,2.61,0,0,0,0
aten::copy_,,,2.78,2.78,0,0,0,0
aten::sub,,,4.49,10.61,0,0,0,0
aten::to,,,0.83,6.12,0,0,0,0
aten::_to_copy,,,2.02,5.29,0,0,0,0
aten::empty_strided,,,1.25,1.25,0,0,0,0
aten::copy_,,,2.02,2.02,0,0,0,0
aten::floor_divide,,,6.43,15.97,0,0,0,0
aten::to,,,0.96,8.08,0,0,0,0
aten::_to_copy,,,2.45,7.12,0,0,0,0
aten::empty_strided,,,2.34,2.34,0,0,0,0
aten::copy_,,,2.33,2.33,0,0,0,0
aten::empty,,,1.46,1.46,0,0,0,0
aten::cat,,,4.33,4.33,0,0,0,0
aten::cumsum,,,5.9,13.6,0,0,0,0
aten::to,,,0.87,7.7,0,0,0,0
aten::_to_copy,,,2.4,6.83,0,0,0,0
aten::empty_strided,,,1.52,1.52,0,0,0,0
aten::copy_,,,2.91,2.91,0,0,0,0
aten::empty,,,2.05,2.05,0,0,0,0
aten::to,,,0.78,0.78,0,0,0,0
aten::lift_fresh,,,0.74,0.74,0,0,0,0
aten::detach_,,,0.67,0.67,0,0,0,0
aten::slice,,,4.16,5.62,0,0,0,0
aten::as_strided,,,1.46,1.46,0,0,0,0
aten::slice,,,2.39,3.28,0,0,0,0
aten::as_strided,,,0.89,0.89,0,0,0,0
aten::sub,,,4.37,4.37,0,0,0,0
aten::add,,,4.9,12.98,0,0,0,0
aten::to,,,0.92,8.08,0,0,0,0
aten::_to_copy,,,2.63,7.16,0,0,0,0
aten::empty_strided,,,1.62,1.62,0,0,0,0
aten::copy_,,,2.91,2.91,0,0,0,0
aten::sub,,,4.21,10.59,0,0,0,0
aten::to,,,0.98,6.38,0,0,0,0
aten::_to_copy,,,1.99,5.4,0,0,0,0
aten::empty_strided,,,1.2,1.2,0,0,0,0
aten::copy_,,,2.21,2.21,0,0,0,0
aten::floor_divide,,,5.55,15.27,0,0,0,0
aten::to,,,1.12,8.32,0,0,0,0
aten::_to_copy,,,2.51,7.2,0,0,0,0
aten::empty_strided,,,2.15,2.15,0,0,0,0
aten::copy_,,,2.54,2.54,0,0,0,0
aten::empty,,,1.4,1.4,0,0,0,0
aten::add,,,4.42,10.67,0,0,0,0
aten::to,,,0.95,6.25,0,0,0,0
aten::_to_copy,,,2.06,5.3,0,0,0,0
aten::empty_strided,,,1.1,1.1,0,0,0,0
aten::copy_,,,2.14,2.14,0,0,0,0
aten::cat,,,3.8,3.8,0,0,0,0
aten::cumsum,,,4.71,12.01,0,0,0,0
aten::to,,,0.86,7.3,0,0,0,0
aten::_to_copy,,,2.17,6.44,0,0,0,0
aten::empty_strided,,,1.33,1.33,0,0,0,0
aten::copy_,,,2.94,2.94,0,0,0,0
aten::slice,,,3.86,5.24,0,0,0,0
aten::as_strided,,,1.38,1.38,0,0,0,0
aten::slice,,,2.24,3.08,0,0,0,0
aten::as_strided,,,0.84,0.84,0,0,0,0
aten::sub,,,3.94,3.94,0,0,0,0
aten::add,,,4.54,11.87,0,0,0,0
aten::to,,,0.86,7.33,0,0,0,0
aten::_to_copy,,,2.28,6.47,0,0,0,0
aten::empty_strided,,,1.89,1.89,0,0,0,0
aten::copy_,,,2.3,2.3,0,0,0,0
aten::sub,,,3.87,9.8,0,0,0,0
aten::to,,,0.88,5.93,0,0,0,0
aten::_to_copy,,,1.88,5.05,0,0,0,0
aten::empty_strided,,,1.19,1.19,0,0,0,0
aten::copy_,,,1.98,1.98,0,0,0,0
aten::floor_divide,,,5.13,13.91,0,0,0,0
aten::to,,,0.9,7.33,0,0,0,0
aten::_to_copy,,,2.36,6.43,0,0,0,0
aten::empty_strided,,,1.84,1.84,0,0,0,0
aten::copy_,,,2.23,2.23,0,0,0,0
aten::empty,,,1.45,1.45,0,0,0,0
aten::add,,,3.98,10.21,0,0,0,0
aten::to,,,0.78,6.23,0,0,0,0
aten::_to_copy,,,2.15,5.45,0,0,0,0
aten::empty_strided,,,1.25,1.25,0,0,0,0
aten::copy_,,,2.05,2.05,0,0,0,0
aten::cumsum,,,4.55,11.55,0,0,0,0
aten::to,,,0.7,7.0,0,0,0,0
aten::_to_copy,,,2.17,6.3,0,0,0,0
aten::empty_strided,,,1.63,1.63,0,0,0,0
aten::copy_,,,2.5,2.5,0,0,0,0
aten::sub,,,3.32,3.32,0,0,0,0
aten::slice,,,3.91,5.46,0,0,0,0
aten::as_strided,,,1.55,1.55,0,0,0,0
aten::slice,,,2.21,3.13,0,0,0,0
aten::as_strided,,,0.92,0.92,0,0,0,0
aten::sub,,,3.73,3.73,0,0,0,0
aten::add,,,4.18,11.46,0,0,0,0
aten::to,,,0.9,7.28,0,0,0,0
aten::_to_copy,,,2.22,6.38,0,0,0,0
aten::empty_strided,,,1.66,1.66,0,0,0,0
aten::copy_,,,2.5,2.5,0,0,0,0
aten::sub,,,4.22,10.03,0,0,0,0
aten::to,,,0.88,5.81,0,0,0,0
aten::_to_copy,,,1.91,4.93,0,0,0,0
aten::empty_strided,,,1.07,1.07,0,0,0,0
aten::copy_,,,1.95,1.95,0,0,0,0
aten::floor_divide,,,5.61,13.89,0,0,0,0
aten::to,,,0.79,6.91,0,0,0,0
aten::_to_copy,,,2.17,6.12,0,0,0,0
aten::empty_strided,,,1.73,1.73,0,0,0,0
aten::copy_,,,2.22,2.22,0,0,0,0
aten::empty,,,1.37,1.37,0,0,0,0
aten::resolve_conj,,,1.06,1.06,0,0,0,0
aten::resolve_neg,,,0.44,0.44,0,0,0,0
aten::arange,,,3.64,13.0,0,0,0,0
aten::empty,,,1.55,1.55,0,0,0,0
aten::arange,,,6.09,7.81,0,0,0,0
aten::resize_,,,1.72,1.72,0,0,0,0
aten::cat,,,4.13,4.13,0,0,0,0
aten::eq,,,6.55,6.55,0,0,0,0
aten::cumsum,,,5.13,12.74,0,0,0,0
aten::to,,,0.84,7.61,0,0,0,0
aten::_to_copy,,,2.48,6.77,0,0,0,0
aten::empty_strided,,,1.55,1.55,0,0,0,0
aten::copy_,,,2.74,2.74,0,0,0,0
aten::sub,,,3.39,3.39,0,0,0,0
aten::stack,,,3.67,21.47,0,0,0,0
aten::unsqueeze,,,1.81,3.58,0,0,0,0
aten::as_strided,,,1.77,1.77,0,0,0,0
aten::unsqueeze,,,0.81,1.58,0,0,0,0
aten::as_strided,,,0.77,0.77,0,0,0,0
aten::cat,,,7.14,12.64,0,0,0,0
aten::narrow,,,2.46,5.5,0,0,0,0
aten::slice,,,1.6,3.04,0,0,0,0
aten::as_strided,,,1.44,1.44,0,0,0,0
aten::to,,,1.34,9.23,0,0,0,0
aten::_to_copy,,,2.81,7.89,0,0,0,0
aten::empty_strided,,,2.06,2.06,0,0,0,0
aten::copy_,,,3.02,3.02,0,0,0,0
aten::slice,,,4.03,5.34,0,0,0,0
aten::as_strided,,,1.31,1.31,0,0,0,0
aten::slice,,,2.12,2.99,0,0,0,0
aten::as_strided,,,0.87,0.87,0,0,0,0
aten::sub,,,4.26,4.26,0,0,0,0
aten::add,,,5.0,12.65,0,0,0,0
aten::to,,,1.05,7.65,0,0,0,0
aten::_to_copy,,,2.56,6.6,0,0,0,0
aten::empty_strided,,,1.52,1.52,0,0,0,0
aten::copy_,,,2.52,2.52,0,0,0,0
aten::sub,,,4.01,9.87,0,0,0,0
aten::to,,,0.91,5.86,0,0,0,0
aten::_to_copy,,,1.85,4.95,0,0,0,0
aten::empty_strided,,,1.21,1.21,0,0,0,0
aten::copy_,,,1.89,1.89,0,0,0,0
aten::floor_divide,,,5.82,14.39,0,0,0,0
aten::to,,,0.82,7.09,0,0,0,0
aten::_to_copy,,,2.3,6.27,0,0,0,0
aten::empty_strided,,,1.71,1.71,0,0,0,0
aten::copy_,,,2.26,2.26,0,0,0,0
aten::empty,,,1.48,1.48,0,0,0,0
aten::resolve_conj,,,0.95,0.95,0,0,0,0
aten::resolve_neg,,,0.55,0.55,0,0,0,0
aten::arange,,,3.31,11.86,0,0,0,0
aten::empty,,,1.36,1.36,0,0,0,0
aten::arange,,,5.34,7.19,0,0,0,0
aten::resize_,,,1.85,1.85,0,0,0,0
aten::cat,,,4.59,4.59,0,0,0,0
aten::eq,,,5.87,5.87,0,0,0,0
aten::cumsum,,,4.94,13.62,0,0,0,0
aten::to,,,0.88,8.68,0,0,0,0
aten::_to_copy,,,2.9,7.8,0,0,0,0
aten::empty_strided,,,1.86,1.86,0,0,0,0
aten::copy_,,,3.04,3.04,0,0,0,0
aten::sub,,,3.44,3.44,0,0,0,0
aten::stack,,,3.03,21.84,0,0,0,0
aten::unsqueeze,,,1.96,3.85,0,0,0,0
aten::as_strided,,,1.89,1.89,0,0,0,0
aten::unsqueeze,,,0.84,1.55,0,0,0,0
aten::as_strided,,,0.71,0.71,0,0,0,0
aten::cat,,,7.59,13.41,0,0,0,0
aten::narrow,,,2.19,5.82,0,0,0,0
aten::slice,,,1.55,3.63,0,0,0,0
aten::as_strided,,,2.08,2.08,0,0,0,0
aten::to,,,1.28,9.24,0,0,0,0
aten::_to_copy,,,2.56,7.96,0,0,0,0
aten::empty_strided,,,2.32,2.32,0,0,0,0
aten::copy_,,,3.08,3.08,0,0,0,0
aten::to,,,1.11,8.91,0,0,0,0
aten::_to_copy,,,2.35,7.8,0,0,0,0
aten::empty_strided,,,1.92,1.92,0,0,0,0
aten::copy_,,,3.53,3.53,0,0,0,0
aten::reshape,,,1.62,3.48,0,0,0,0
aten::view,,,1.86,1.86,0,0,0,0
aten::resolve_conj,,,0.99,0.99,0,0,0,0
aten::resolve_neg,,,0.49,0.49,0,0,0,0
aten::empty,,,2.27,2.27,0,0,0,0
aten::to,,,0.61,0.61,0,0,0,0
aten::lift_fresh,,,0.65,0.65,0,0,0,0
aten::detach_,,,0.76,0.76,0,0,0,0
aten::slice,,,2.18,3.98,0,0,0,0
aten::as_strided,,,1.8,1.8,0,0,0,0
aten::slice,,,0.99,1.54,0,0,0,0
aten::as_strided,,,0.55,0.55,0,0,0,0
aten::sub,,,5.1,5.1,0,0,0,0
aten::gt,,,6.99,6.99,0,0,0,0
aten::all,,,5.84,29.9,0,0,0,0
aten::view_as,,,1.85,19.78,0,0,0,0
aten::view,,,17.93,17.93,0,0,0,0
aten::to,,,0.44,0.44,0,0,0,0
aten::copy_,,,3.84,3.84,0,0,0,0
aten::is_nonzero,,,1.78,5.9,0,0,0,0
aten::item,,,1.63,4.12,0,0,0,0
aten::_local_scalar_dense,,,2.49,2.49,0,0,0,0
aten::to,,,1.22,11.16,0,0,0,0
aten::_to_copy,,,3.38,9.94,0,0,0,0
aten::empty_strided,,,2.82,2.82,0,0,0,0
aten::copy_,,,3.74,3.74,0,0,0,0
aten::reshape,,,1.36,2.63,0,0,0,0
aten::view,,,1.27,1.27,0,0,0,0
aten::resolve_conj,,,0.88,0.88,0,0,0,0
aten::resolve_neg,,,0.92,0.92,0,0,0,0
aten::to,,,2.28,171.03,0,0,0,0
aten::_to_copy,,,7.12,168.75,0,0,0,0
aten::empty_strided,,,19.46,35.29,0,0,0,0
empty_tensor,,,15.83,15.83,0,0,0,0
aten::copy_,,,107.96,126.34,0,0,0,0
acl_memcpy_host_to_device,,,18.38,18.38,0,0,0,0
aten::to,,,2.83,119.18,0,0,0,0
aten::_to_copy,,,7.18,116.35,0,0,0,0
aten::empty_strided,,,10.26,24.81,0,0,0,0
empty_tensor,,,14.55,14.55,0,0,0,0
aten::copy_,,,71.31,84.36,0,0,0,0
acl_memcpy_host_to_device,,,13.05,13.05,0,0,0,0
aten::to,,,2.22,98.75,0,0,0,0
aten::_to_copy,,,4.87,96.53,0,0,0,0
aten::empty_strided,,,7.99,15.33,0,0,0,0
empty_tensor,,,7.34,7.34,0,0,0,0
aten::copy_,,,64.19,76.33,0,0,0,0
acl_memcpy_host_to_device,,,12.14,12.14,0,0,0,0
aten::to,,,2.29,99.36,0,0,0,0
aten::_to_copy,,,5.41,97.07,0,0,0,0
aten::empty_strided,,,7.66,12.89,0,0,0,0
empty_tensor,,,5.23,5.23,0,0,0,0
aten::copy_,,,65.43,78.77,0,0,0,0
acl_memcpy_host_to_device,,,13.34,13.34,0,0,0,0
aten::to,,,2.53,99.96,0,0,0,0
aten::_to_copy,,,5.02,97.43,0,0,0,0
aten::empty_strided,,,7.63,12.94,0,0,0,0
empty_tensor,,,5.31,5.31,0,0,0,0
aten::copy_,,,67.48,79.47,0,0,0,0
acl_memcpy_host_to_device,,,11.99,11.99,0,0,0,0
aten::to,,,2.43,95.08,0,0,0,0
aten::_to_copy,,,5.52,92.65,0,0,0,0
aten::empty_strided,,,7.57,12.23,0,0,0,0
empty_tensor,,,4.66,4.66,0,0,0,0
aten::copy_,,,64.51,74.9,0,0,0,0
acl_memcpy_host_to_device,,,10.39,10.39,0,0,0,0
aten::slice,,,9.55,16.01,0,0,0,0
aten::as_strided,,,6.46,6.46,0,0,0,0
aten::slice,,,2.85,6.04,0,0,0,0
aten::as_strided,,,3.19,3.19,0,0,0,0
aten::sub,,,24.3,48.63,0,1.30003125,0,0
empty_tensor,,,8.88,8.88,0,0,0,0
aclnnSub,,,15.45,15.45,1.30003125,1.30003125,0,0
aten::sub,,,15.2,25.37,0,1.36,0,0
empty_tensor,,,7.12,7.12,0,0,0,0
aclnnSub,,,3.05,3.05,1.36,1.36,0,0
aten::gt,,,17.13,38.12,0,3.9800625,0,0
empty_tensor,,,6.28,6.28,0,0,0,0
aclnnGtScalar,,,14.71,14.71,3.9800625,3.9800625,0,0
aten::slice,,,6.54,11.83,0,0,0,0
aten::as_strided,,,5.29,5.29,0,0,0,0
Event::record,,,163.57,184.45,0,0.02003125,0,0
record_event,,,20.88,20.88,0.02003125,0.02003125,0,0
aten::slice,,,8.09,15.1,0,0,0,0
aten::as_strided,,,7.01,7.01,0,0,0,0
aten::slice,,,3.22,6.31,0,0,0,0
aten::as_strided,,,3.09,3.09,0,0,0,0
aten::slice,,,6.68,13.26,0,0,0,0
aten::as_strided,,,6.58,6.58,0,0,0,0
aten::scalar_tensor,,,6.21,55.84,0,1.42003125,0,0
aten::empty,,,3.0,14.65,0,0,0,0
empty_tensor,,,11.65,11.65,0,0,0,0
aten::fill_,,,18.27,34.98,0,1.42003125,0,0
aclnnInplaceFillScalar,,,16.71,16.71,1.42003125,1.42003125,0,0
aten::view,,,4.97,4.97,0,0,0,0
aten::expand,,,3.2,5.99,0,0,0,0
aten::as_strided,,,2.79,2.79,0,0,0,0
aten::copy_,,,23.52,35.85,0,4.5800625,0,0
aclnnInplaceCopy,,,12.33,12.33,4.5800625,4.5800625,0,0
aten::scalar_tensor,,,4.5,35.05,0,1.3,0,0
aten::empty,,,2.43,8.57,0,0,0,0
empty_tensor,,,6.14,6.14,0,0,0,0
aten::fill_,,,10.75,21.98,0,1.3,0,0
aclnnInplaceFillScalar,,,11.23,11.23,1.3,1.3,0,0
aten::slice,,,5.8,10.82,0,0,0,0
aten::as_strided,,,5.02,5.02,0,0,0,0
aten::view,,,2.49,2.49,0,0,0,0
aten::expand,,,1.81,3.73,0,0,0,0
aten::as_strided,,,1.92,1.92,0,0,0,0
aten::copy_,,,2.08,2.08,0,0,0,0
aten::to,,,3.23,74.3,0,1.50003125,0,0
aten::_to_copy,,,18.64,71.07,0,1.50003125,0,0
aten::empty_strided,,,11.08,17.88,0,0,0,0
empty_tensor,,,6.8,6.8,0,0,0,0
aten::copy_,,,21.22,34.55,0,1.50003125,0,0
aclnnInplaceCopy,,,13.33,13.33,1.50003125,1.50003125,0,0
aten::embedding,,,17.43,38.13,0,7.74015625,0,0
empty_tensor,,,9.5,9.5,0,0,0,0
aclnnEmbedding,,,11.2,11.2,7.74015625,7.74015625,0,0
aten::unsqueeze,,,4.97,11.59,0,0,0,0
aten::as_strided,,,6.62,6.62,0,0,0,0
aten::expand,,,3.03,7.33,0,0,0,0
aten::as_strided,,,4.3,4.3,0,0,0,0
aten::contiguous,,,3.57,52.71,0,9.5001875,0,0
aten::clone,,,5.37,49.14,0,9.5001875,0,0
empty_tensor,,,10.94,10.94,0,0,0,0
aten::copy_,,,16.43,32.83,0,9.5001875,0,0
aclnnInplaceCopy,,,16.4,16.4,9.5001875,9.5001875,0,0
_C_ascend::npu_hc_pre_v2,,,67.65,125.26,0,65.4013125,0,0
aten::empty,,,3.22,12.82,0,0,0,0
empty_tensor,,,9.6,9.6,0,0,0,0
aten::empty,,,1.66,6.75,0,0,0,0
empty_tensor,,,5.09,5.09,0,0,0,0
aten::empty,,,1.54,6.49,0,0,0,0
empty_tensor,,,4.95,4.95,0,0,0,0
aten::empty,,,3.43,16.26,0,0,0,0
empty_tensor,,,12.83,12.83,0,0,0,0
aclnnHcPre,,,15.29,15.29,65.4013125,65.4013125,0,0
npu::npu_rms_norm,,,86.77,114.81,0,11.42021875,0,0
empty_tensor,,,8.8,8.8,0,0,0,0
empty_tensor,,,7.21,7.21,0,0,0,0
aclnnRmsNorm,,,12.03,12.03,11.42021875,11.42021875,0,0
aten::unsqueeze,,,4.28,9.93,0,0,0,0
aten::as_strided,,,5.65,5.65,0,0,0,0
aten::linear,,,6.41,74.19,0,218.544375,0,218.544375
aten::t,,,7.93,18.76,0,0,0,0
aten::transpose,,,4.31,10.83,0,0,0,0
aten::as_strided,,,6.52,6.52,0,0,0,0
aten::matmul,,,24.19,49.02,0,218.544375,0,218.544375
empty_tensor,,,11.53,11.53,0,0,0,0
aclnnMatmul,,,13.3,13.3,218.544375,218.544375,218.544375,218.544375
aten::split_with_sizes,,,7.75,19.32,0,0,0,0
aten::as_strided,,,5.62,5.62,0,0,0,0
aten::as_strided,,,2.17,2.17,0,0,0,0
aten::as_strided,,,1.91,1.91,0,0,0,0
aten::as_strided,,,1.87,1.87,0,0,0,0
aten::unsqueeze,,,2.93,7.61,0,0,0,0
aten::as_strided,,,4.68,4.68,0,0,0,0
vllm::unquantized_gemm,,,25.28,96.12,0,15.4803125,0,12.34025
aten::linear,,,4.32,70.84,0,15.4803125,0,12.34025
aten::t,,,5.57,14.17,0,0,0,0
aten::transpose,,,2.77,8.6,0,0,0,0
aten::as_strided,,,5.83,5.83,0,0,0,0
aten::matmul,,,27.04,52.35,0,15.4803125,0,12.34025
empty_tensor,,,11.89,11.89,0,0,0,0
aclnnMatmul,,,13.42,13.42,15.4803125,15.4803125,12.34025,12.34025
aten::reshape,,,2.23,8.73,0,0,0,0
aten::view,,,6.5,6.5,0,0,0,0
vllm::unquantized_gemm,,,18.94,85.76,0,12.160218749999999,0,9.4801875
aten::linear,,,4.26,66.82,0,12.160218749999999,0,9.4801875
aten::t,,,4.7,13.36,0,0,0,0
aten::transpose,,,2.9,8.66,0,0,0,0
aten::as_strided,,,5.76,5.76,0,0,0,0
aten::matmul,,,24.68,49.2,0,12.160218749999999,0,9.4801875
empty_tensor,,,10.12,10.12,0,0,0,0
aclnnMatmul,,,14.4,14.4,12.160218749999999,12.160218749999999,9.4801875,9.4801875
aten::reshape,,,1.94,7.65,0,0,0,0
aten::view,,,5.71,5.71,0,0,0,0
aten::empty,,,3.31,12.95,0,0,0,0
empty_tensor,,,9.64,9.64,0,0,0,0
aten::slice,,,3.34,8.37,0,0,0,0
aten::as_strided,,,5.03,5.03,0,0,0,0
aten::alias,,,2.85,2.85,0,0,0,0
aten::alias,,,1.33,1.33,0,0,0,0
aten::zeros_like,,,5.96,57.23,0,8.9601875,0,0
aten::empty_like,,,6.14,22.13,0,0,0,0
aten::empty_strided,,,11.6,15.99,0,0,0,0
empty_tensor,,,4.39,4.39,0,0,0,0
aten::zero_,,,15.2,29.14,0,8.9601875,0,0
aclnnInplaceZero,,,13.94,13.94,8.9601875,8.9601875,0,0
aten::empty,,,3.65,12.32,0,0,0,0
empty_tensor,,,8.67,8.67,0,0,0,0
aten::empty,,,2.1,7.64,0,0,0,0
empty_tensor,,,5.54,5.54,0,0,0,0
_copy_conv_state_kernel,,,30.14,30.14,8.2401875,8.2401875,0,0
fla_npu_stable::npu_causal_conv1d_fn,,,191.85,250.17,0,61.96121875,0,0
aten::empty_strided,,,15.58,23.52,0,0,0,0
empty_tensor,,,7.94,7.94,0,0,0,0
aten::empty_strided,,,12.84,20.52,0,0,0,0
empty_tensor,,,7.68,7.68,0,0,0,0
aclnnCausalConv1d,,,14.28,14.28,61.96121875,61.96121875,0,0
_copy_conv_state_kernel,,,25.56,25.56,7.30015625,7.30015625,0,0
aten::split,,,5.33,31.54,0,0,0,0
aten::narrow,,,4.31,16.63,0,0,0,0
aten::slice,,,4.5,12.32,0,0,0,0
aten::as_strided,,,7.82,7.82,0,0,0,0
aten::narrow,,,1.27,4.85,0,0,0,0
aten::slice,,,1.2,3.58,0,0,0,0
aten::as_strided,,,2.38,2.38,0,0,0,0
aten::narrow,,,1.09,4.73,0,0,0,0
aten::slice,,,1.09,3.64,0,0,0,0
aten::as_strided,,,2.55,2.55,0,0,0,0
aten::zero_,,,17.82,32.37,0,7.92015625,0,0
aclnnInplaceZero,,,14.55,14.55,7.92015625,7.92015625,0,0
aten::reshape,,,9.55,19.78,0,0,0,0
aten::_reshape_alias,,,3.95,10.23,0,0,0,0
aten::view,,,6.28,6.28,0,0,0,0
aten::reshape,,,2.52,9.22,0,0,0,0
aten::_reshape_alias,,,2.12,6.7,0,0,0,0
aten::view,,,4.58,4.58,0,0,0,0
aten::reshape,,,2.09,7.22,0,0,0,0
aten::_reshape_alias,,,1.82,5.13,0,0,0,0
aten::view,,,3.31,3.31,0,0,0,0
aten::alias,,,2.55,2.55,0,0,0,0
aten::alias,,,1.3,1.3,0,0,0,0
aten::alias,,,1.14,1.14,0,0,0,0
aten::alias,,,1.36,1.36,0,0,0,0
aten::alias,,,1.17,1.17,0,0,0,0
aten::empty,,,4.35,18.74,0,0,0,0
empty_tensor,,,14.39,14.39,0,0,0,0
aten::select,,,8.3,13.44,0,0,0,0
aten::as_strided,,,5.14,5.14,0,0,0,0
_gather_initial_states_kernel,,,24.28,24.28,8.88015625,8.88015625,0,0
aten::to,,,4.14,4.14,0,0,0,0
aten::to,,,1.87,73.06,0,5.460125,0,0
aten::_to_copy,,,8.05,71.19,0,5.460125,0,0
aten::empty_strided,,,11.74,19.29,0,0,0,0
empty_tensor,,,7.55,7.55,0,0,0,0
aten::copy_,,,30.11,43.85,0,5.460125,0,0
aclnnInplaceCopy,,,13.74,13.74,5.460125,5.460125,0,0
aten::sigmoid,,,14.67,32.76,0,2.56003125,0,0
empty_tensor,,,6.76,6.76,0,0,0,0
aclnnSigmoid,,,11.33,11.33,2.56003125,2.56003125,0,0
aten::contiguous,,,3.7,42.26,0,4.96009375,0,0
aten::clone,,,5.25,38.56,0,4.96009375,0,0
empty_tensor,,,8.92,8.92,0,0,0,0
aten::copy_,,,15.4,24.39,0,4.96009375,0,0
aclnnInplaceCopy,,,8.99,8.99,4.96009375,4.96009375,0,0
aten::view,,,5.88,5.88,0,0,0,0
aten::empty_like,,,5.19,17.77,0,0,0,0
aten::empty_strided,,,8.64,12.58,0,0,0,0
empty_tensor,,,3.94,3.94,0,0,0,0
l2norm_fwd_kernel2,,,25.98,25.98,11.82025,11.82025,0,0
aten::view,,,11.2,11.2,0,0,0,0
aten::contiguous,,,3.54,55.92,0,5.04009375,0,0
aten::clone,,,5.59,52.38,0,5.04009375,0,0
empty_tensor,,,10.58,10.58,0,0,0,0
aten::copy_,,,21.17,36.21,0,5.04009375,0,0
aclnnInplaceCopy,,,15.04,15.04,5.04009375,5.04009375,0,0
aten::view,,,4.99,4.99,0,0,0,0
aten::empty_like,,,5.27,18.85,0,0,0,0
aten::empty_strided,,,8.95,13.58,0,0,0,0
empty_tensor,,,4.63,4.63,0,0,0,0
l2norm_fwd_kernel2,,,22.21,22.21,6.700125,6.700125,0,0
aten::view,,,10.2,10.2,0,0,0,0
aten::contiguous,,,3.84,54.82,0,4.7400625,0,0
aten::clone,,,5.5,50.98,0,4.7400625,0,0
empty_tensor,,,10.42,10.42,0,0,0,0
aten::copy_,,,20.52,35.06,0,4.7400625,0,0
aclnnInplaceCopy,,,14.54,14.54,4.7400625,4.7400625,0,0
aten::reshape,,,2.36,12.68,0,0,0,0
aten::view,,,10.32,10.32,0,0,0,0
_C_ascend::chunk_kda_fwd,,,79.58,171.33,0,4132.5625625,0,0
aten::empty,,,3.72,30.81,0,0,0,0
empty_tensor,,,27.09,27.09,0,0,0,0
aten::empty,,,2.03,10.27,0,0,0,0
empty_tensor,,,8.24,8.24,0,0,0,0
aten::empty,,,1.44,6.99,0,0,0,0
empty_tensor,,,5.55,5.55,0,0,0,0
aten::empty_like,,,4.93,14.8,0,0,0,0
aten::empty_strided,,,7.05,9.87,0,0,0,0
empty_tensor,,,2.82,2.82,0,0,0,0
aten::empty,,,3.47,13.21,0,0,0,0
empty_tensor,,,9.74,9.74,0,0,0,0
aclnnChunkKdaFwd,,,15.67,15.67,4132.5625625,4132.5625625,0,0
aten::to,,,2.59,2.59,0,0,0,0
aten::select,,,8.76,14.84,0,0,0,0
aten::as_strided,,,6.08,6.08,0,0,0,0
aten::select,,,1.94,5.58,0,0,0,0
aten::as_strided,,,3.64,3.64,0,0,0,0
aten::view,,,7.51,7.51,0,0,0,0
aten::unsqueeze,,,4.67,8.06,0,0,0,0
aten::as_strided,,,3.39,3.39,0,0,0,0
aten::view,,,3.13,3.13,0,0,0,0
npu::npu_scatter_nd_update_,,,32.76,47.91,0,54.6410625,0,0
aclnnScatterNdUpdate,,,15.15,15.15,54.6410625,54.6410625,0,0
aten::select,,,3.93,7.33,0,0,0,0
aten::as_strided,,,3.4,3.4,0,0,0,0
aten::select,,,2.15,5.18,0,0,0,0
aten::as_strided,,,3.03,3.03,0,0,0,0
aten::copy_,,,17.37,31.14,0,7.86015625,0,0
aclnnInplaceCopy,,,13.77,13.77,7.86015625,7.86015625,0,0
aten::reshape,,,2.08,8.54,0,0,0,0
aten::view,,,6.46,6.46,0,0,0,0
aten::reshape,,,1.23,4.98,0,0,0,0
aten::view,,,3.75,3.75,0,0,0,0
aten::empty_like,,,5.38,20.3,0,0,0,0
aten::empty_strided,,,9.57,14.92,0,0,0,0
empty_tensor,,,5.35,5.35,0,0,0,0
layer_norm_gated_fwd_kernel,,,28.52,28.52,17.22034375,17.22034375,0,0
aten::reshape,,,2.76,12.34,0,0,0,0
aten::view,,,9.58,9.58,0,0,0,0
aten::reshape,,,1.25,5.97,0,0,0,0
aten::view,,,4.72,4.72,0,0,0,0
vllm::unquantized_gemm,,,26.0,98.11,0,77.9815625,0,77.9815625
aten::linear,,,5.09,72.11,0,77.9815625,0,77.9815625
aten::t,,,6.02,17.07,0,0,0,0
aten::transpose,,,3.28,11.05,0,0,0,0
aten::as_strided,,,7.77,7.77,0,0,0,0
aten::matmul,,,24.17,49.95,0,77.9815625,0,77.9815625
empty_tensor,,,10.92,10.92,0,0,0,0
aclnnMatmul,,,14.86,14.86,77.9815625,77.9815625,77.9815625,77.9815625
aten::unsqueeze,,,5.78,11.4,0,0,0,0
aten::as_strided,,,5.62,5.62,0,0,0,0
aten::unsqueeze,,,1.94,5.02,0,0,0,0
aten::as_strided,,,3.08,3.08,0,0,0,0
aten::squeeze,,,3.47,6.34,0,0,0,0
aten::as_strided,,,2.87,2.87,0,0,0,0
aten::unsqueeze,,,1.69,4.3,0,0,0,0
aten::as_strided,,,2.61,2.61,0,0,0,0
aten::unsqueeze,,,2.55,14.98,0,0,0,0
aten::as_strided,,,12.43,12.43,0,0,0,0
_C_ascend::npu_hc_post,,,52.87,94.61,0,24.40046875,0,0
aten::empty,,,3.37,14.72,0,0,0,0
empty_tensor,,,11.35,11.35,0,0,0,0
aten::empty,,,3.06,13.17,0,0,0,0
empty_tensor,,,10.11,10.11,0,0,0,0
aclnnHcPost,,,13.85,13.85,24.40046875,24.40046875,0,0
aten::squeeze,,,4.85,9.61,0,0,0,0
aten::as_strided,,,4.76,4.76,0,0,0,0
_C_ascend::npu_hc_pre_v2,,,49.27,100.83,0,67.04134375,0,0
aten::empty,,,3.53,12.62,0,0,0,0
empty_tensor,,,9.09,9.09,0,0,0,0
aten::empty,,,1.56,5.92,0,0,0,0
empty_tensor,,,4.36,4.36,0,0,0,0
aten::empty,,,1.4,5.53,0,0,0,0
empty_tensor,,,4.13,4.13,0,0,0,0
aten::empty,,,3.08,12.71,0,0,0,0
empty_tensor,,,9.63,9.63,0,0,0,0
aclnnHcPre,,,14.78,14.78,67.04134375,67.04134375,0,0
npu::npu_rms_norm,,,67.36,92.57,0,11.28021875,0,0
empty_tensor,,,7.76,7.76,0,0,0,0
empty_tensor,,,4.64,4.64,0,0,0,0
aclnnRmsNorm,,,12.81,12.81,11.28021875,11.28021875,0,0
aten::unsqueeze,,,4.05,8.98,0,0,0,0
aten::as_strided,,,4.93,4.93,0,0,0,0
vllm::unquantized_gemm,,,22.33,88.74,0,304.3060625,0,304.3060625
aten::linear,,,5.11,66.41,0,304.3060625,0,304.3060625
aten::t,,,5.6,14.79,0,0,0,0
aten::transpose,,,2.97,9.19,0,0,0,0
aten::as_strided,,,6.22,6.22,0,0,0,0
aten::matmul,,,21.53,46.51,0,304.3060625,0,304.3060625
empty_tensor,,,10.71,10.71,0,0,0,0
aclnnMatmul,,,14.27,14.27,304.3060625,304.3060625,304.3060625,304.3060625
aten::slice,,,4.29,9.62,0,0,0,0
aten::as_strided,,,5.33,5.33,0,0,0,0
aten::clamp,,,28.17,50.86,0,41.980875,0,0
empty_tensor,,,10.06,10.06,0,0,0,0
aclnnClamp,,,12.63,12.63,41.980875,41.980875,0,0
aten::slice,,,2.72,6.91,0,0,0,0
aten::as_strided,,,4.19,4.19,0,0,0,0
aten::clamp,,,20.5,39.62,0,32.160624999999996,0,0
empty_tensor,,,7.6,7.6,0,0,0,0
aclnnClamp,,,11.52,11.52,32.160624999999996,32.160624999999996,0,0
aten::mul,,,19.84,45.47,0,8.6601875,0,0
empty_tensor,,,6.9,6.9,0,0,0,0
aten::item,,,2.38,4.37,0,0,0,0
aten::_local_scalar_dense,,,1.99,1.99,0,0,0,0
aclnnMuls,,,14.36,14.36,8.6601875,8.6601875,0,0
aten::sigmoid,,,11.7,31.32,0,10.5001875,0,0
empty_tensor,,,9.47,9.47,0,0,0,0
aclnnSigmoid,,,10.15,10.15,10.5001875,10.5001875,0,0
aten::mul,,,13.48,29.93,0,12.76025,0,0
empty_tensor,,,5.94,5.94,0,0,0,0
aclnnMul,,,10.51,10.51,12.76025,12.76025,0,0
aten::add,,,20.01,41.49,0,10.46021875,0,0
empty_tensor,,,7.84,7.84,0,0,0,0
aten::item,,,1.98,3.18,0,0,0,0
aten::_local_scalar_dense,,,1.2,1.2,0,0,0,0
aclnnAdds,,,10.46,10.46,10.46021875,10.46021875,0,0
aten::mul,,,13.65,24.84,0,6.42015625,0,0
empty_tensor,,,8.35,8.35,0,0,0,0
aclnnMul,,,2.84,2.84,6.42015625,6.42015625,0,0
vllm::unquantized_gemm,,,21.92,83.49,0,112.88225,0,112.88225
aten::linear,,,5.4,61.57,0,112.88225,0,112.88225
aten::t,,,6.21,15.52,0,0,0,0
aten::transpose,,,3.37,9.31,0,0,0,0
aten::as_strided,,,5.94,5.94,0,0,0,0
aten::matmul,,,18.77,40.65,0,112.88225,0,112.88225
empty_tensor,,,8.98,8.98,0,0,0,0
aclnnMatmul,,,12.9,12.9,112.88225,112.88225,112.88225,112.88225
aten::unsqueeze,,,4.6,10.59,0,0,0,0
aten::as_strided,,,5.99,5.99,0,0,0,0
aten::unsqueeze,,,2.01,5.13,0,0,0,0
aten::as_strided,,,3.12,3.12,0,0,0,0
aten::squeeze,,,2.23,5.03,0,0,0,0
aten::as_strided,,,2.8,2.8,0,0,0,0
aten::unsqueeze,,,1.38,4.06,0,0,0,0
aten::as_strided,,,2.68,2.68,0,0,0,0
aten::unsqueeze,,,1.57,4.83,0,0,0,0
aten::as_strided,,,3.26,3.26,0,0,0,0
_C_ascend::npu_hc_post,,,51.57,90.69,0,22.8404375,0,0
aten::empty,,,3.26,12.45,0,0,0,0
empty_tensor,,,9.19,9.19,0,0,0,0
aten::empty,,,3.97,13.1,0,0,0,0
empty_tensor,,,9.13,9.13,0,0,0,0
aclnnHcPost,,,13.57,13.57,22.8404375,22.8404375,0,0
aten::squeeze,,,4.3,8.99,0,0,0,0
aten::as_strided,,,4.69,4.69,0,0,0,0
_C_ascend::npu_hc_pre_v2,,,49.41,104.14,0,67.64134375,0,0
aten::empty,,,3.62,12.44,0,0,0,0
empty_tensor,,,8.82,8.82,0,0,0,0
aten::empty,,,1.64,6.03,0,0,0,0
empty_tensor,,,4.39,4.39,0,0,0,0
aten::empty,,,1.56,5.31,0,0,0,0
empty_tensor,,,3.75,3.75,0,0,0,0
aten::empty,,,3.38,13.17,0,0,0,0
empty_tensor,,,9.79,9.79,0,0,0,0
aclnnHcPre,,,17.78,17.78,67.64134375,67.64134375,0,0
npu::npu_rms_norm,,,64.44,110.66,0,11.40021875,0,0
empty_tensor,,,23.8,23.8,0,0,0,0
empty_tensor,,,5.51,5.51,0,0,0,0
aclnnRmsNorm,,,16.91,16.91,11.40021875,11.40021875,0,0
aten::unsqueeze,,,4.41,9.52,0,0,0,0
aten::as_strided,,,5.11,5.11,0,0,0,0
aten::linear,,,5.81,66.92,0,237.26475,0,237.26475
aten::t,,,6.05,15.77,0,0,0,0
aten::transpose,,,3.25,9.72,0,0,0,0
aten::as_strided,,,6.47,6.47,0,0,0,0
aten::matmul,,,20.8,45.34,0,237.26475,0,237.26475
empty_tensor,,,10.72,10.72,0,0,0,0
aclnnMatmul,,,13.82,13.82,237.26475,237.26475,237.26475,237.26475
aten::split_with_sizes,,,7.02,17.49,0,0,0,0
aten::as_strided,,,4.86,4.86,0,0,0,0
aten::as_strided,,,2.3,2.3,0,0,0,0
aten::as_strided,,,1.58,1.58,0,0,0,0
aten::as_strided,,,1.73,1.73,0,0,0,0
aten::unsqueeze,,,2.8,7.65,0,0,0,0
aten::as_strided,,,4.85,4.85,0,0,0,0
vllm::unquantized_gemm,,,21.87,90.33,0,15.1403125,0,12.24025
aten::linear,,,4.49,68.46,0,15.1403125,0,12.24025
aten::t,,,4.91,12.82,0,0,0,0
aten::transpose,,,2.51,7.91,0,0,0,0
aten::as_strided,,,5.4,5.4,0,0,0,0
aten::matmul,,,25.76,51.15,0,15.1403125,0,12.24025
empty_tensor,,,10.93,10.93,0,0,0,0
aclnnMatmul,,,14.46,14.46,15.1403125,15.1403125,12.24025,12.24025
aten::reshape,,,2.37,8.99,0,0,0,0
aten::view,,,6.62,6.62,0,0,0,0
vllm::unquantized_gemm,,,19.27,89.68,0,12.02025,0,9.3401875
aten::linear,,,4.68,70.41,0,12.02025,0,9.3401875
aten::t,,,4.23,12.35,0,0,0,0
aten::transpose,,,2.61,8.12,0,0,0,0
aten::as_strided,,,5.51,5.51,0,0,0,0
aten::matmul,,,25.69,53.38,0,12.02025,0,9.3401875
empty_tensor,,,10.26,10.26,0,0,0,0
aclnnMatmul,,,17.43,17.43,12.02025,12.02025,9.3401875,9.3401875
aten::reshape,,,2.2,8.02,0,0,0,0
aten::view,,,5.82,5.82,0,0,0,0
aten::empty,,,3.56,13.61,0,0,0,0
empty_tensor,,,10.05,10.05,0,0,0,0
aten::slice,,,3.79,8.89,0,0,0,0
aten::as_strided,,,5.1,5.1,0,0,0,0
aten::alias,,,2.49,2.49,0,0,0,0
aten::alias,,,1.17,1.17,0,0,0,0
aten::zeros_like,,,4.39,55.38,0,8.96015625,0,0
aten::empty_like,,,5.74,20.9,0,0,0,0
aten::empty_strided,,,11.04,15.16,0,0,0,0
empty_tensor,,,4.12,4.12,0,0,0,0
aten::zero_,,,15.63,30.09,0,8.96015625,0,0
aclnnInplaceZero,,,14.46,14.46,8.96015625,8.96015625,0,0
aten::empty,,,3.47,11.6,0,0,0,0
empty_tensor,,,8.13,8.13,0,0,0,0
aten::empty,,,2.22,7.98,0,0,0,0
empty_tensor,,,5.76,5.76,0,0,0,0
_copy_conv_state_kernel,,,39.9,39.9,8.20015625,8.20015625,0,0
fla_npu_stable::npu_causal_conv1d_fn,,,143.1,205.59,0,61.34121875,0,0
aten::empty_strided,,,15.04,23.28,0,0,0,0
empty_tensor,,,8.24,8.24,0,0,0,0
aten::empty_strided,,,13.72,21.16,0,0,0,0
empty_tensor,,,7.44,7.44,0,0,0,0
aclnnCausalConv1d,,,18.05,18.05,61.34121875,61.34121875,0,0
_copy_conv_state_kernel,,,29.49,29.49,7.32015625,7.32015625,0,0
aten::split,,,5.16,30.28,0,0,0,0
aten::narrow,,,4.41,16.2,0,0,0,0
aten::slice,,,4.32,11.79,0,0,0,0
aten::as_strided,,,7.47,7.47,0,0,0,0
aten::narrow,,,1.27,4.57,0,0,0,0
aten::slice,,,1.1,3.3,0,0,0,0
aten::as_strided,,,2.2,2.2,0,0,0,0
aten::narrow,,,1.03,4.35,0,0,0,0
aten::slice,,,1.11,3.32,0,0,0,0
aten::as_strided,,,2.21,2.21,0,0,0,0
aten::zero_,,,17.95,32.46,0,8.22015625,0,0
aclnnInplaceZero,,,14.51,14.51,8.22015625,8.22015625,0,0
aten::reshape,,,7.09,16.21,0,0,0,0
aten::_reshape_alias,,,3.21,9.12,0,0,0,0
aten::view,,,5.91,5.91,0,0,0,0
aten::reshape,,,2.33,8.02,0,0,0,0
aten::_reshape_alias,,,1.78,5.69,0,0,0,0
aten::view,,,3.91,3.91,0,0,0,0
aten::reshape,,,1.87,6.44,0,0,0,0
aten::_reshape_alias,,,1.53,4.57,0,0,0,0
aten::view,,,3.04,3.04,0,0,0,0
aten::alias,,,2.79,2.79,0,0,0,0
aten::alias,,,1.07,1.07,0,0,0,0
aten::alias,,,0.85,0.85,0,0,0,0
aten::alias,,,1.1,1.1,0,0,0,0
aten::alias,,,1.34,1.34,0,0,0,0
aten::empty,,,4.24,18.99,0,0,0,0
empty_tensor,,,14.75,14.75,0,0,0,0
aten::select,,,8.14,13.08,0,0,0,0
aten::as_strided,,,4.94,4.94,0,0,0,0
_gather_initial_states_kernel,,,24.99,24.99,12.94028125,12.94028125,0,0
aten::to,,,3.88,3.88,0,0,0,0
aten::to,,,1.79,71.76,0,5.50009375,0,0
aten::_to_copy,,,8.01,69.97,0,5.50009375,0,0
aten::empty_strided,,,11.57,19.13,0,0,0,0
empty_tensor,,,7.56,7.56,0,0,0,0
aten::copy_,,,28.43,42.83,0,5.50009375,0,0
aclnnInplaceCopy,,,14.4,14.4,5.50009375,5.50009375,0,0
aten::sigmoid,,,13.45,30.95,0,2.6600625,0,0
empty_tensor,,,6.71,6.71,0,0,0,0
aclnnSigmoid,,,10.79,10.79,2.6600625,2.6600625,0,0
aten::contiguous,,,3.35,41.94,0,4.76009375,0,0
aten::clone,,,4.62,38.59,0,4.76009375,0,0
empty_tensor,,,9.1,9.1,0,0,0,0
aten::copy_,,,14.91,24.87,0,4.76009375,0,0
aclnnInplaceCopy,,,9.96,9.96,4.76009375,4.76009375,0,0
aten::view,,,5.96,5.96,0,0,0,0
aten::empty_like,,,5.13,17.96,0,0,0,0
aten::empty_strided,,,8.83,12.83,0,0,0,0
empty_tensor,,,4.0,4.0,0,0,0,0
l2norm_fwd_kernel2,,,21.64,21.64,11.84021875,11.84021875,0,0
aten::view,,,10.9,10.9,0,0,0,0
aten::contiguous,,,3.5,56.43,0,4.480125,0,0
aten::clone,,,5.52,52.93,0,4.480125,0,0
empty_tensor,,,10.52,10.52,0,0,0,0
aten::copy_,,,21.91,36.89,0,4.480125,0,0
aclnnInplaceCopy,,,14.98,14.98,4.480125,4.480125,0,0
aten::view,,,5.17,5.17,0,0,0,0
aten::empty_like,,,5.32,19.31,0,0,0,0
aten::empty_strided,,,9.64,13.99,0,0,0,0
empty_tensor,,,4.35,4.35,0,0,0,0
l2norm_fwd_kernel2,,,26.06,26.06,6.56015625,6.56015625,0,0
aten::view,,,10.11,10.11,0,0,0,0
aten::contiguous,,,3.41,53.99,0,4.5800625,0,0
aten::clone,,,5.47,50.58,0,4.5800625,0,0
empty_tensor,,,10.44,10.44,0,0,0,0
aten::copy_,,,20.38,34.67,0,4.5800625,0,0
aclnnInplaceCopy,,,14.29,14.29,4.5800625,4.5800625,0,0
aten::reshape,,,2.26,11.97,0,0,0,0
aten::view,,,9.71,9.71,0,0,0,0
_C_ascend::chunk_kda_fwd,,,70.17,144.48,0,4189.4436875,0,0
aten::empty,,,3.73,15.51,0,0,0,0
empty_tensor,,,11.78,11.78,0,0,0,0
aten::empty,,,1.66,8.58,0,0,0,0
empty_tensor,,,6.92,6.92,0,0,0,0
aten::empty,,,1.56,6.59,0,0,0,0
empty_tensor,,,5.03,5.03,0,0,0,0
aten::empty_like,,,4.99,14.87,0,0,0,0
aten::empty_strided,,,7.26,9.88,0,0,0,0
empty_tensor,,,2.62,2.62,0,0,0,0
aten::empty,,,2.81,12.56,0,0,0,0
empty_tensor,,,9.75,9.75,0,0,0,0
aclnnChunkKdaFwd,,,16.2,16.2,4189.4436875,4189.4436875,0,0
aten::to,,,2.57,2.57,0,0,0,0
aten::select,,,7.88,14.43,0,0,0,0
aten::as_strided,,,6.55,6.55,0,0,0,0
aten::select,,,2.19,5.57,0,0,0,0
aten::as_strided,,,3.38,3.38,0,0,0,0
aten::view,,,7.39,7.39,0,0,0,0
aten::unsqueeze,,,4.49,7.88,0,0,0,0
aten::as_strided,,,3.39,3.39,0,0,0,0
aten::view,,,3.18,3.18,0,0,0,0
npu::npu_scatter_nd_update_,,,30.82,46.27,0,54.12109375,0,0
aclnnScatterNdUpdate,,,15.45,15.45,54.12109375,54.12109375,0,0
aten::select,,,3.97,7.65,0,0,0,0
aten::as_strided,,,3.68,3.68,0,0,0,0
aten::select,,,2.05,4.78,0,0,0,0
aten::as_strided,,,2.73,2.73,0,0,0,0
aten::copy_,,,17.98,31.02,0,8.06015625,0,0
aclnnInplaceCopy,,,13.04,13.04,8.06015625,8.06015625,0,0
aten::reshape,,,1.96,8.19,0,0,0,0
aten::view,,,6.23,6.23,0,0,0,0
aten::reshape,,,0.89,4.3,0,0,0,0
aten::view,,,3.41,3.41,0,0,0,0
aten::empty_like,,,5.57,19.46,0,0,0,0
aten::empty_strided,,,8.95,13.89,0,0,0,0
empty_tensor,,,4.94,4.94,0,0,0,0
layer_norm_gated_fwd_kernel,,,28.92,28.92,17.380375,17.380375,0,0
aten::reshape,,,2.37,12.69,0,0,0,0
aten::view,,,10.32,10.32,0,0,0,0
aten::reshape,,,1.49,5.64,0,0,0,0
aten::view,,,4.15,4.15,0,0,0,0
vllm::unquantized_gemm,,,23.88,99.0,0,78.2615625,0,78.2615625
aten::linear,,,4.7,75.12,0,78.2615625,0,78.2615625
aten::t,,,6.43,17.32,0,0,0,0
aten::transpose,,,4.04,10.89,0,0,0,0
aten::as_strided,,,6.85,6.85,0,0,0,0
aten::matmul,,,25.16,53.1,0,78.2615625,0,78.2615625
empty_tensor,,,11.66,11.66,0,0,0,0
aclnnMatmul,,,16.28,16.28,78.2615625,78.2615625,78.2615625,78.2615625
aten::unsqueeze,,,4.35,9.77,0,0,0,0
aten::as_strided,,,5.42,5.42,0,0,0,0
aten::unsqueeze,,,1.79,5.53,0,0,0,0
aten::as_strided,,,3.74,3.74,0,0,0,0
aten::squeeze,,,2.54,5.53,0,0,0,0
aten::as_strided,,,2.99,2.99,0,0,0,0
aten::unsqueeze,,,1.53,4.06,0,0,0,0
aten::as_strided,,,2.53,2.53,0,0,0,0
aten::unsqueeze,,,1.69,4.75,0,0,0,0
aten::as_strided,,,3.06,3.06,0,0,0,0
_C_ascend::npu_hc_post,,,52.34,98.19,0,23.90046875,0,0
aten::empty,,,3.54,15.19,0,0,0,0
empty_tensor,,,11.65,11.65,0,0,0,0
aten::empty,,,3.13,12.26,0,0,0,0
empty_tensor,,,9.13,9.13,0,0,0,0
aclnnHcPost,,,18.4,18.4,23.90046875,23.90046875,0,0
aten::squeeze,,,4.24,8.6,0,0,0,0
aten::as_strided,,,4.36,4.36,0,0,0,0
_C_ascend::npu_hc_pre_v2,,,48.49,98.72,0,65.9413125,0,0
aten::empty,,,3.85,12.67,0,0,0,0
empty_tensor,,,8.82,8.82,0,0,0,0
aten::empty,,,1.38,6.13,0,0,0,0
empty_tensor,,,4.75,4.75,0,0,0,0
aten::empty,,,1.38,5.31,0,0,0,0
empty_tensor,,,3.93,3.93,0,0,0,0
aten::empty,,,2.79,12.18,0,0,0,0
empty_tensor,,,9.39,9.39,0,0,0,0
aclnnHcPre,,,13.94,13.94,65.9413125,65.9413125,0,0
npu::npu_rms_norm,,,65.56,91.11,0,11.66025,0,0
empty_tensor,,,8.04,8.04,0,0,0,0
empty_tensor,,,4.25,4.25,0,0,0,0
aclnnRmsNorm,,,13.26,13.26,11.66025,11.66025,0,0
aten::unsqueeze,,,3.96,8.86,0,0,0,0
aten::as_strided,,,4.9,4.9,0,0,0,0
vllm::unquantized_gemm,,,21.84,103.14,0,301.86603125,0,301.86603125
aten::linear,,,5.64,81.3,0,301.86603125,0,301.86603125
aten::t,,,5.86,14.98,0,0,0,0
aten::transpose,,,2.97,9.12,0,0,0,0
aten::as_strided,,,6.15,6.15,0,0,0,0
aten::matmul,,,22.12,60.68,0,301.86603125,0,301.86603125
empty_tensor,,,10.56,10.56,0,0,0,0
aclnnMatmul,,,28.0,28.0,301.86603125,301.86603125,301.86603125,301.86603125
aten::slice,,,3.89,9.19,0,0,0,0
aten::as_strided,,,5.3,5.3,0,0,0,0
aten::clamp,,,25.78,48.23,0,39.66078125,0,0
empty_tensor,,,10.05,10.05,0,0,0,0
aclnnClamp,,,12.4,12.4,39.66078125,39.66078125,0,0
aten::slice,,,3.2,7.08,0,0,0,0
aten::as_strided,,,3.88,3.88,0,0,0,0
aten::clamp,,,20.67,39.81,0,40.5008125,0,0
empty_tensor,,,7.73,7.73,0,0,0,0
aclnnClamp,,,11.41,11.41,40.5008125,40.5008125,0,0
aten::mul,,,19.28,43.59,0,8.6801875,0,0
empty_tensor,,,7.07,7.07,0,0,0,0
aten::item,,,2.44,4.35,0,0,0,0
aten::_local_scalar_dense,,,1.91,1.91,0,0,0,0
aclnnMuls,,,12.89,12.89,8.6801875,8.6801875,0,0
aten::sigmoid,,,12.28,31.17,0,10.8001875,0,0
empty_tensor,,,8.91,8.91,0,0,0,0
aclnnSigmoid,,,9.98,9.98,10.8001875,10.8001875,0,0
aten::mul,,,14.23,33.35,0,12.88028125,0,0
empty_tensor,,,5.85,5.85,0,0,0,0
aclnnMul,,,13.27,13.27,12.88028125,12.88028125,0,0
aten::add,,,18.71,41.23,0,10.50021875,0,0
empty_tensor,,,6.86,6.86,0,0,0,0
aten::item,,,1.91,3.05,0,0,0,0
aten::_local_scalar_dense,,,1.14,1.14,0,0,0,0
aclnnAdds,,,12.61,12.61,10.50021875,10.50021875,0,0
aten::mul,,,14.4,31.96,0,6.540125,0,0
empty_tensor,,,8.18,8.18,0,0,0,0
aclnnMul,,,9.38,9.38,6.540125,6.540125,0,0
vllm::unquantized_gemm,,,22.61,90.21,0,115.4423125,0,115.4423125
aten::linear,,,4.75,67.6,0,115.4423125,0,115.4423125
aten::t,,,5.73,16.64,0,0,0,0
aten::transpose,,,3.27,10.91,0,0,0,0
aten::as_strided,,,7.64,7.64,0,0,0,0
aten::matmul,,,20.99,46.21,0,115.4423125,0,115.4423125
empty_tensor,,,9.91,9.91,0,0,0,0
aclnnMatmul,,,15.31,15.31,115.4423125,115.4423125,115.4423125,115.4423125
aten::unsqueeze,,,5.56,11.64,0,0,0,0
aten::as_strided,,,6.08,6.08,0,0,0,0
aten::unsqueeze,,,2.15,5.49,0,0,0,0
aten::as_strided,,,3.34,3.34,0,0,0,0
aten::squeeze,,,2.8,5.91,0,0,0,0
aten::as_strided,,,3.11,3.11,0,0,0,0
aten::unsqueeze,,,1.65,4.4,0,0,0,0
aten::as_strided,,,2.75,2.75,0,0,0,0
aten::unsqueeze,,,1.84,5.45,0,0,0,0
aten::as_strided,,,3.61,3.61,0,0,0,0
_C_ascend::npu_hc_post,,,50.59,93.52,0,23.2204375,0,0
aten::empty,,,3.12,12.55,0,0,0,0
empty_tensor,,,9.43,9.43,0,0,0,0
aten::empty,,,3.46,13.67,0,0,0,0
empty_tensor,,,10.21,10.21,0,0,0,0
aclnnHcPost,,,16.71,16.71,23.2204375,23.2204375,0,0
aten::squeeze,,,4.1,8.78,0,0,0,0
aten::as_strided,,,4.68,4.68,0,0,0,0
_C_ascend::npu_hc_pre_v2,,,50.31,102.41,0,72.1614375,0,0
aten::empty,,,2.74,12.69,0,0,0,0
empty_tensor,,,9.95,9.95,0,0,0,0
aten::empty,,,1.68,5.91,0,0,0,0
empty_tensor,,,4.23,4.23,0,0,0,0
aten::empty,,,1.6,5.52,0,0,0,0
empty_tensor,,,3.92,3.92,0,0,0,0
aten::empty,,,3.27,12.63,0,0,0,0
empty_tensor,,,9.36,9.36,0,0,0,0
aclnnHcPre,,,15.35,15.35,72.1614375,72.1614375,0,0
npu::npu_rms_norm,,,63.19,87.84,0,11.76021875,0,0
empty_tensor,,,7.43,7.43,0,0,0,0
empty_tensor,,,4.18,4.18,0,0,0,0
aclnnRmsNorm,,,13.04,13.04,11.76021875,11.76021875,0,0
aten::unsqueeze,,,4.15,9.51,0,0,0,0
aten::as_strided,,,5.36,5.36,0,0,0,0
aten::linear,,,5.47,71.49,0,236.90471875,0,236.90471875
aten::t,,,6.1,14.86,0,0,0,0
aten::transpose,,,3.01,8.76,0,0,0,0
aten::as_strided,,,5.75,5.75,0,0,0,0
aten::matmul,,,21.43,51.16,0,236.90471875,0,236.90471875
empty_tensor,,,10.92,10.92,0,0,0,0
aclnnMatmul,,,18.81,18.81,236.90471875,236.90471875,236.90471875,236.90471875
aten::split_with_sizes,,,6.76,16.83,0,0,0,0
aten::as_strided,,,4.74,4.74,0,0,0,0
aten::as_strided,,,2.13,2.13,0,0,0,0
aten::as_strided,,,1.72,1.72,0,0,0,0
aten::as_strided,,,1.48,1.48,0,0,0,0
aten::unsqueeze,,,2.76,7.38,0,0,0,0
aten::as_strided,,,4.62,4.62,0,0,0,0
vllm::unquantized_gemm,,,21.11,91.92,0,14.58028125,0,11.48021875
aten::linear,,,4.05,70.81,0,14.58028125,0,11.48021875
aten::t,,,4.36,11.95,0,0,0,0
aten::transpose,,,2.51,7.59,0,0,0,0
aten::as_strided,,,5.08,5.08,0,0,0,0
aten::matmul,,,28.11,54.81,0,14.58028125,0,11.48021875
empty_tensor,,,11.72,11.72,0,0,0,0
aclnnMatmul,,,14.98,14.98,14.58028125,14.58028125,11.48021875,11.48021875
aten::reshape,,,2.13,9.45,0,0,0,0
aten::view,,,7.32,7.32,0,0,0,0
vllm::unquantized_gemm,,,19.03,86.37,0,11.320250000000001,0,8.6801875
aten::linear,,,4.31,67.34,0,11.320250000000001,0,8.6801875
aten::t,,,4.25,12.2,0,0,0,0
aten::transpose,,,2.54,7.95,0,0,0,0
aten::as_strided,,,5.41,5.41,0,0,0,0
aten::matmul,,,26.42,50.83,0,11.320250000000001,0,8.6801875
empty_tensor,,,10.59,10.59,0,0,0,0
aclnnMatmul,,,13.82,13.82,11.320250000000001,11.320250000000001,8.6801875,8.6801875
aten::reshape,,,2.16,7.71,0,0,0,0
aten::view,,,5.55,5.55,0,0,0,0
aten::empty,,,3.39,13.28,0,0,0,0
empty_tensor,,,9.89,9.89,0,0,0,0
aten::slice,,,3.84,8.99,0,0,0,0
aten::as_strided,,,5.15,5.15,0,0,0,0
aten::alias,,,2.68,2.68,0,0,0,0
aten::alias,,,1.36,1.36,0,0,0,0
aten::zeros_like,,,4.55,54.31,0,8.98015625,0,0
aten::empty_like,,,5.75,20.27,0,0,0,0
aten::empty_strided,,,10.26,14.52,0,0,0,0
empty_tensor,,,4.26,4.26,0,0,0,0
aten::zero_,,,15.65,29.49,0,8.98015625,0,0
aclnnInplaceZero,,,13.84,13.84,8.98015625,8.98015625,0,0
aten::empty,,,3.37,12.14,0,0,0,0
empty_tensor,,,8.77,8.77,0,0,0,0
aten::empty,,,2.14,7.74,0,0,0,0
empty_tensor,,,5.6,5.6,0,0,0,0
_copy_conv_state_kernel,,,24.06,24.06,8.04015625,8.04015625,0,0
fla_npu_stable::npu_causal_conv1d_fn,,,144.82,203.93,0,56.961156249999995,0,0
aten::empty_strided,,,14.85,22.79,0,0,0,0
empty_tensor,,,7.94,7.94,0,0,0,0
aten::empty_strided,,,14.36,22.32,0,0,0,0
empty_tensor,,,7.96,7.96,0,0,0,0
aclnnCausalConv1d,,,14.0,14.0,56.961156249999995,56.961156249999995,0,0
_copy_conv_state_kernel,,,24.28,24.28,7.40015625,7.40015625,0,0
aten::split,,,4.83,47.32,0,0,0,0
aten::narrow,,,20.56,33.36,0,0,0,0
aten::slice,,,4.92,12.8,0,0,0,0
aten::as_strided,,,7.88,7.88,0,0,0,0
aten::narrow,,,1.53,4.67,0,0,0,0
aten::slice,,,1.09,3.14,0,0,0,0
aten::as_strided,,,2.05,2.05,0,0,0,0
aten::narrow,,,1.01,4.46,0,0,0,0
aten::slice,,,1.15,3.45,0,0,0,0
aten::as_strided,,,2.3,2.3,0,0,0,0
aten::zero_,,,18.31,33.16,0,8.96015625,0,0
aclnnInplaceZero,,,14.85,14.85,8.96015625,8.96015625,0,0
aten::reshape,,,6.53,16.14,0,0,0,0
aten::_reshape_alias,,,3.2,9.61,0,0,0,0
aten::view,,,6.41,6.41,0,0,0,0
aten::reshape,,,2.24,8.4,0,0,0,0
aten::_reshape_alias,,,2.05,6.16,0,0,0,0
aten::view,,,4.11,4.11,0,0,0,0
aten::reshape,,,1.94,7.08,0,0,0,0
aten::_reshape_alias,,,1.73,5.14,0,0,0,0
aten::view,,,3.41,3.41,0,0,0,0
aten::alias,,,2.4,2.4,0,0,0,0
aten::alias,,,1.01,1.01,0,0,0,0
aten::alias,,,1.01,1.01,0,0,0,0
aten::alias,,,0.89,0.89,0,0,0,0
aten::alias,,,1.14,1.14,0,0,0,0
aten::empty,,,4.36,18.63,0,0,0,0
empty_tensor,,,14.27,14.27,0,0,0,0
aten::select,,,7.8,13.35,0,0,0,0
aten::as_strided,,,5.55,5.55,0,0,0,0
_gather_initial_states_kernel,,,28.58,28.58,8.7601875,8.7601875,0,0
aten::to,,,3.79,3.79,0,0,0,0
aten::to,,,1.75,71.48,0,5.380125,0,0
aten::_to_copy,,,7.84,69.73,0,5.380125,0,0
aten::empty_strided,,,11.34,19.23,0,0,0,0
empty_tensor,,,7.89,7.89,0,0,0,0
aten::copy_,,,28.81,42.66,0,5.380125,0,0
aclnnInplaceCopy,,,13.85,13.85,5.380125,5.380125,0,0
aten::sigmoid,,,14.13,32.45,0,2.7600625,0,0
empty_tensor,,,6.83,6.83,0,0,0,0
aclnnSigmoid,,,11.49,11.49,2.7600625,2.7600625,0,0
aten::contiguous,,,3.6,42.71,0,5.10009375,0,0
aten::clone,,,5.15,39.11,0,5.10009375,0,0
empty_tensor,,,8.91,8.91,0,0,0,0
aten::copy_,,,14.46,25.05,0,5.10009375,0,0
aclnnInplaceCopy,,,10.59,10.59,5.10009375,5.10009375,0,0
aten::view,,,6.08,6.08,0,0,0,0
aten::empty_like,,,4.89,17.77,0,0,0,0
aten::empty_strided,,,8.54,12.88,0,0,0,0
empty_tensor,,,4.34,4.34,0,0,0,0
l2norm_fwd_kernel2,,,23.38,23.38,11.70021875,11.70021875,0,0
aten::view,,,10.96,10.96,0,0,0,0
aten::contiguous,,,3.56,55.74,0,4.70009375,0,0
aten::clone,,,5.53,52.18,0,4.70009375,0,0
empty_tensor,,,10.1,10.1,0,0,0,0
aten::copy_,,,20.71,36.55,0,4.70009375,0,0
aclnnInplaceCopy,,,15.84,15.84,4.70009375,4.70009375,0,0
aten::view,,,4.72,4.72,0,0,0,0
aten::empty_like,,,5.2,32.9,0,0,0,0
aten::empty_strided,,,22.69,27.7,0,0,0,0
empty_tensor,,,5.01,5.01,0,0,0,0
l2norm_fwd_kernel2,,,23.58,23.58,6.98015625,6.98015625,0,0
aten::view,,,10.28,10.28,0,0,0,0
aten::contiguous,,,3.78,59.85,0,4.66009375,0,0
aten::clone,,,5.41,56.07,0,4.66009375,0,0
empty_tensor,,,10.42,10.42,0,0,0,0
aten::copy_,,,21.31,40.24,0,4.66009375,0,0
aclnnInplaceCopy,,,18.93,18.93,4.66009375,4.66009375,0,0
aten::reshape,,,2.25,12.31,0,0,0,0
aten::view,,,10.06,10.06,0,0,0,0
_C_ascend::chunk_kda_fwd,,,71.7,146.14,0,4142.58275,0,0
aten::empty,,,3.55,15.91,0,0,0,0
empty_tensor,,,12.36,12.36,0,0,0,0
aten::empty,,,1.61,8.23,0,0,0,0
empty_tensor,,,6.62,6.62,0,0,0,0
aten::empty,,,1.4,6.62,0,0,0,0
empty_tensor,,,5.22,5.22,0,0,0,0
aten::empty_like,,,4.95,15.53,0,0,0,0
aten::empty_strided,,,7.7,10.58,0,0,0,0
empty_tensor,,,2.88,2.88,0,0,0,0
aten::empty,,,2.89,12.24,0,0,0,0
empty_tensor,,,9.35,9.35,0,0,0,0
aclnnChunkKdaFwd,,,15.91,15.91,4142.58275,4142.58275,0,0
aten::to,,,4.48,4.48,0,0,0,0
aten::select,,,8.55,14.95,0,0,0,0
aten::as_strided,,,6.4,6.4,0,0,0,0
aten::select,,,2.01,5.21,0,0,0,0
aten::as_strided,,,3.2,3.2,0,0,0,0
aten::view,,,9.96,9.96,0,0,0,0
aten::unsqueeze,,,4.64,8.76,0,0,0,0
aten::as_strided,,,4.12,4.12,0,0,0,0
aten::view,,,3.89,3.89,0,0,0,0
npu::npu_scatter_nd_update_,,,31.74,46.21,0,53.1410625,0,0
aclnnScatterNdUpdate,,,14.47,14.47,53.1410625,53.1410625,0,0
aten::select,,,3.17,6.99,0,0,0,0
aten::as_strided,,,3.82,3.82,0,0,0,0
aten::select,,,1.81,4.73,0,0,0,0
aten::as_strided,,,2.92,2.92,0,0,0,0
aten::copy_,,,18.23,33.88,0,7.980125,0,0
aclnnInplaceCopy,,,15.65,15.65,7.980125,7.980125,0,0
aten::reshape,,,2.01,7.85,0,0,0,0
aten::view,,,5.84,5.84,0,0,0,0
aten::reshape,,,0.93,4.4,0,0,0,0
aten::view,,,3.47,3.47,0,0,0,0
aten::empty_like,,,5.43,20.15,0,0,0,0
aten::empty_strided,,,9.75,14.72,0,0,0,0
empty_tensor,,,4.97,4.97,0,0,0,0
layer_norm_gated_fwd_kernel,,,26.13,26.13,17.780375,17.780375,0,0
aten::reshape,,,2.4,12.16,0,0,0,0
aten::view,,,9.76,9.76,0,0,0,0
aten::reshape,,,1.26,5.56,0,0,0,0
aten::view,,,4.3,4.3,0,0,0,0
vllm::unquantized_gemm,,,22.33,94.2,0,79.42159375,0,79.42159375
aten::linear,,,4.53,71.87,0,79.42159375,0,79.42159375
aten::t,,,6.37,16.91,0,0,0,0
aten::transpose,,,3.96,10.54,0,0,0,0
aten::as_strided,,,6.58,6.58,0,0,0,0
aten::matmul,,,23.04,50.43,0,79.42159375,0,79.42159375
empty_tensor,,,11.47,11.47,0,0,0,0
aclnnMatmul,,,15.92,15.92,79.42159375,79.42159375,79.42159375,79.42159375
aten::unsqueeze,,,4.27,10.07,0,0,0,0
aten::as_strided,,,5.8,5.8,0,0,0,0
aten::unsqueeze,,,1.96,5.96,0,0,0,0
aten::as_strided,,,4.0,4.0,0,0,0,0
aten::squeeze,,,2.83,5.62,0,0,0,0
aten::as_strided,,,2.79,2.79,0,0,0,0
aten::unsqueeze,,,1.68,4.24,0,0,0,0
aten::as_strided,,,2.56,2.56,0,0,0,0
aten::unsqueeze,,,1.79,4.86,0,0,0,0
aten::as_strided,,,3.07,3.07,0,0,0,0
_C_ascend::npu_hc_post,,,52.27,93.93,0,24.72046875,0,0
aten::empty,,,3.34,14.43,0,0,0,0
empty_tensor,,,11.09,11.09,0,0,0,0
aten::empty,,,3.07,12.35,0,0,0,0
empty_tensor,,,9.28,9.28,0,0,0,0
aclnnHcPost,,,14.88,14.88,24.72046875,24.72046875,0,0
aten::squeeze,,,3.88,8.62,0,0,0,0
aten::as_strided,,,4.74,4.74,0,0,0,0
_C_ascend::npu_hc_pre_v2,,,49.73,105.68,0,66.32134375,0,0
aten::empty,,,3.7,12.64,0,0,0,0
empty_tensor,,,8.94,8.94,0,0,0,0
aten::empty,,,1.52,5.94,0,0,0,0
empty_tensor,,,4.42,4.42,0,0,0,0
aten::empty,,,1.46,5.4,0,0,0,0
empty_tensor,,,3.94,3.94,0,0,0,0
aten::empty,,,2.27,11.29,0,0,0,0
empty_tensor,,,9.02,9.02,0,0,0,0
aclnnHcPre,,,20.68,20.68,66.32134375,66.32134375,0,0
npu::npu_rms_norm,,,68.84,96.08,0,11.34025,0,0
empty_tensor,,,8.95,8.95,0,0,0,0
empty_tensor,,,4.37,4.37,0,0,0,0
aclnnRmsNorm,,,13.92,13.92,11.34025,11.34025,0,0
aten::unsqueeze,,,3.57,8.42,0,0,0,0
aten::as_strided,,,4.85,4.85,0,0,0,0
vllm::unquantized_gemm,,,22.18,90.03,0,304.5260625,0,304.5260625
aten::linear,,,5.3,67.85,0,304.5260625,0,304.5260625
aten::t,,,6.03,15.15,0,0,0,0
aten::transpose,,,3.01,9.12,0,0,0,0
aten::as_strided,,,6.11,6.11,0,0,0,0
aten::matmul,,,22.04,47.4,0,304.5260625,0,304.5260625
empty_tensor,,,10.38,10.38,0,0,0,0
aclnnMatmul,,,14.98,14.98,304.5260625,304.5260625,304.5260625,304.5260625
aten::slice,,,4.02,9.21,0,0,0,0
aten::as_strided,,,5.19,5.19,0,0,0,0
aten::clamp,,,24.44,49.42,0,37.98075,0,0
empty_tensor,,,9.73,9.73,0,0,0,0
aclnnClamp,,,15.25,15.25,37.98075,37.98075,0,0
aten::slice,,,3.54,7.46,0,0,0,0
aten::as_strided,,,3.92,3.92,0,0,0,0
aten::clamp,,,21.08,43.55,0,37.54075,0,0
empty_tensor,,,7.94,7.94,0,0,0,0
aclnnClamp,,,14.53,14.53,37.54075,37.54075,0,0
aten::mul,,,19.17,41.65,0,8.7401875,0,0
empty_tensor,,,7.17,7.17,0,0,0,0
aten::item,,,2.01,3.56,0,0,0,0
aten::_local_scalar_dense,,,1.55,1.55,0,0,0,0
aclnnMuls,,,11.75,11.75,8.7401875,8.7401875,0,0
aten::sigmoid,,,12.67,31.05,0,10.64021875,0,0
empty_tensor,,,8.48,8.48,0,0,0,0
aclnnSigmoid,,,9.9,9.9,10.64021875,10.64021875,0,0
aten::mul,,,13.36,28.94,0,12.92025,0,0
empty_tensor,,,5.53,5.53,0,0,0,0
aclnnMul,,,10.05,10.05,12.92025,12.92025,0,0
aten::add,,,18.33,37.69,0,10.44021875,0,0
empty_tensor,,,6.47,6.47,0,0,0,0
aten::item,,,1.67,2.69,0,0,0,0
aten::_local_scalar_dense,,,1.02,1.02,0,0,0,0
aclnnAdds,,,10.2,10.2,10.44021875,10.44021875,0,0
aten::mul,,,13.45,33.57,0,6.100125,0,0
empty_tensor,,,8.2,8.2,0,0,0,0
aclnnMul,,,11.92,11.92,6.100125,6.100125,0,0
vllm::unquantized_gemm,,,22.73,86.62,0,114.92228125,0,114.92228125
aten::linear,,,4.57,63.89,0,114.92228125,0,114.92228125
aten::t,,,5.48,15.71,0,0,0,0
aten::transpose,,,3.22,10.23,0,0,0,0
aten::as_strided,,,7.01,7.01,0,0,0,0
aten::matmul,,,20.55,43.61,0,114.92228125,0,114.92228125
empty_tensor,,,9.26,9.26,0,0,0,0
aclnnMatmul,,,13.8,13.8,114.92228125,114.92228125,114.92228125,114.92228125
aten::unsqueeze,,,5.91,12.08,0,0,0,0
aten::as_strided,,,6.17,6.17,0,0,0,0
aten::unsqueeze,,,2.17,5.96,0,0,0,0
aten::as_strided,,,3.79,3.79,0,0,0,0
aten::squeeze,,,2.52,5.73,0,0,0,0
aten::as_strided,,,3.21,3.21,0,0,0,0
aten::unsqueeze,,,1.77,4.29,0,0,0,0
aten::as_strided,,,2.52,2.52,0,0,0,0
aten::unsqueeze,,,1.81,5.37,0,0,0,0
aten::as_strided,,,3.56,3.56,0,0,0,0
_C_ascend::npu_hc_post,,,52.19,94.76,0,23.48046875,0,0
aten::empty,,,3.25,13.64,0,0,0,0
empty_tensor,,,10.39,10.39,0,0,0,0
aten::empty,,,3.62,13.38,0,0,0,0
empty_tensor,,,9.76,9.76,0,0,0,0
aclnnHcPost,,,15.55,15.55,23.48046875,23.48046875,0,0
aten::squeeze,,,4.1,8.8,0,0,0,0
aten::as_strided,,,4.7,4.7,0,0,0,0
_C_ascend::npu_hc_pre_v2,,,46.52,95.07,0,66.92134375,0,0
aten::empty,,,3.68,12.06,0,0,0,0
empty_tensor,,,8.38,8.38,0,0,0,0
aten::empty,,,1.77,6.37,0,0,0,0
empty_tensor,,,4.6,4.6,0,0,0,0
aten::empty,,,1.47,5.19,0,0,0,0
empty_tensor,,,3.72,3.72,0,0,0,0
aten::empty,,,2.83,11.14,0,0,0,0
empty_tensor,,,8.31,8.31,0,0,0,0
aclnnHcPre,,,13.79,13.79,66.92134375,66.92134375,0,0
npu::npu_rms_norm,,,61.66,86.83,0,11.22025,0,0
empty_tensor,,,6.99,6.99,0,0,0,0
empty_tensor,,,4.83,4.83,0,0,0,0
aclnnRmsNorm,,,13.35,13.35,11.22025,11.22025,0,0
aten::unsqueeze,,,4.41,9.25,0,0,0,0
aten::as_strided,,,4.84,4.84,0,0,0,0
aten::empty,,,3.94,13.31,0,0,0,0
empty_tensor,,,9.37,9.37,0,0,0,0
vllm::mla_forward,,,2943.03,5071.31,0,869.69734375,0,426.68853125
aten::slice,,,4.4,9.59,0,0,0,0
aten::as_strided,,,5.19,5.19,0,0,0,0
aten::slice,,,2.65,7.57,0,0,0,0
aten::as_strided,,,4.92,4.92,0,0,0,0
aten::linear,,,5.24,68.36,0,22.1804375,0,22.1804375
aten::t,,,5.98,14.27,0,0,0,0
aten::transpose,,,2.52,8.29,0,0,0,0
aten::as_strided,,,5.77,5.77,0,0,0,0
aten::matmul,,,23.61,48.85,0,22.1804375,0,22.1804375
empty_tensor,,,9.23,9.23,0,0,0,0
aclnnMatmul,,,16.01,16.01,22.1804375,22.1804375,22.1804375,22.1804375
aten::split_with_sizes,,,5.39,12.29,0,0,0,0
aten::as_strided,,,4.79,4.79,0,0,0,0
aten::as_strided,,,2.11,2.11,0,0,0,0
npu::npu_rms_norm,,,125.1,154.5,0,14.52028125,0,0
empty_tensor,,,9.84,9.84,0,0,0,0
empty_tensor,,,4.74,4.74,0,0,0,0
aclnnRmsNorm,,,14.82,14.82,14.52028125,14.52028125,0,0
aten::reshape,,,7.53,18.3,0,0,0,0
aten::_reshape_alias,,,3.72,10.77,0,0,0,0
aten::view,,,7.05,7.05,0,0,0,0
npu::npu_rms_norm,,,113.09,144.76,0,8.66015625,0,0
empty_tensor,,,9.27,9.27,0,0,0,0
empty_tensor,,,4.52,4.52,0,0,0,0
aclnnRmsNorm,,,17.88,17.88,8.66015625,8.66015625,0,0
aten::view,,,11.81,11.81,0,0,0,0
aten::slice,,,7.33,11.88,0,0,0,0
aten::as_strided,,,4.55,4.55,0,0,0,0
aten::view,,,5.15,5.15,0,0,0,0
aten::to,,,1.72,1.72,0,0,0,0
npu::npu_scatter_nd_update_,,,28.99,44.99,0,36.34071875,0,0
aclnnScatterNdUpdate,,,16.0,16.0,36.34071875,36.34071875,0,0
vllm::unquantized_gemm,,,22.69,90.86,0,72.78146875,0,72.78146875
aten::linear,,,4.64,68.17,0,72.78146875,0,72.78146875
aten::t,,,5.26,14.99,0,0,0,0
aten::transpose,,,3.47,9.73,0,0,0,0
aten::as_strided,,,6.26,6.26,0,0,0,0
aten::matmul,,,22.68,48.54,0,72.78146875,0,72.78146875
empty_tensor,,,11.13,11.13,0,0,0,0
aclnnMatmul,,,14.73,14.73,72.78146875,72.78146875,72.78146875,72.78146875
aten::view,,,5.94,5.94,0,0,0,0
aten::split_with_sizes,,,4.6,10.72,0,0,0,0
aten::as_strided,,,4.09,4.09,0,0,0,0
aten::as_strided,,,2.03,2.03,0,0,0,0
npu::npu_transpose_batchmatmul,,,34.36,62.18,0,32.580625,0,32.580625
empty_tensor,,,12.09,12.09,0,0,0,0
aclnnTransposeBatchMatMul,,,15.73,15.73,32.580625,32.580625,32.580625,32.580625
aten::slice,,,4.09,9.76,0,0,0,0
aten::as_strided,,,5.67,5.67,0,0,0,0
aten::slice,,,1.77,4.54,0,0,0,0
aten::as_strided,,,2.77,2.77,0,0,0,0
aten::to,,,2.18,58.67,0,7.86015625,0,0
aten::_to_copy,,,6.84,56.49,0,7.86015625,0,0
aten::empty_strided,,,11.07,16.64,0,0,0,0
empty_tensor,,,5.57,5.57,0,0,0,0
aten::copy_,,,19.7,33.01,0,7.86015625,0,0
aclnnInplaceCopy,,,13.31,13.31,7.86015625,7.86015625,0,0
aten::linear,,,4.66,55.12,0,35.20071875,0,35.20071875
aten::t,,,4.8,11.95,0,0,0,0
aten::transpose,,,2.61,7.15,0,0,0,0
aten::as_strided,,,4.54,4.54,0,0,0,0
aten::matmul,,,17.76,38.51,0,35.20071875,0,35.20071875
empty_tensor,,,8.42,8.42,0,0,0,0
aclnnMatmul,,,12.33,12.33,35.20071875,35.20071875,35.20071875,35.20071875
aten::slice,,,3.09,7.01,0,0,0,0
aten::as_strided,,,3.92,3.92,0,0,0,0
aten::layer_norm,,,6.08,73.46,0,20.480406249999998,0,0
aten::native_layer_norm,,,30.02,67.38,0,20.480406249999998,0,0
aten::resize_,,,5.1,5.1,0,0,0,0
aten::resize_,,,1.65,1.65,0,0,0,0
empty_tensor,,,9.32,9.32,0,0,0,0
empty_tensor,,,5.25,5.25,0,0,0,0
empty_tensor,,,4.18,4.18,0,0,0,0
aclnnLayerNorm,,,11.86,11.86,20.480406249999998,20.480406249999998,0,0
aten::linear,,,4.28,48.59,0,29.24059375,0,29.24059375
aten::t,,,4.38,10.74,0,0,0,0
aten::transpose,,,2.34,6.36,0,0,0,0
aten::as_strided,,,4.02,4.02,0,0,0,0
aten::matmul,,,15.2,33.57,0,29.24059375,0,29.24059375
empty_tensor,,,7.09,7.09,0,0,0,0
aclnnMatmul,,,11.28,11.28,29.24059375,29.24059375,29.24059375,29.24059375
aten::slice,,,2.83,7.15,0,0,0,0
aten::as_strided,,,4.32,4.32,0,0,0,0
vllm::unquantized_gemm,,,22.02,83.93,0,20.40040625,0,20.40040625
aten::linear,,,3.98,61.91,0,20.40040625,0,20.40040625
aten::t,,,4.9,12.88,0,0,0,0
aten::transpose,,,2.58,7.98,0,0,0,0
aten::as_strided,,,5.4,5.4,0,0,0,0
aten::matmul,,,19.09,45.05,0,20.40040625,0,20.40040625
empty_tensor,,,9.34,9.34,0,0,0,0
aclnnMatmul,,,16.62,16.62,20.40040625,20.40040625,20.40040625,20.40040625
aten::view,,,6.02,6.02,0,0,0,0
aten::slice,,,3.02,6.16,0,0,0,0
aten::as_strided,,,3.14,3.14,0,0,0,0
aten::to,,,2.11,60.68,0,4.40009375,0,0
aten::_to_copy,,,7.13,58.57,0,4.40009375,0,0
aten::empty_strided,,,8.89,13.81,0,0,0,0
empty_tensor,,,4.92,4.92,0,0,0,0
aten::copy_,,,24.35,37.63,0,4.40009375,0,0
aclnnInplaceCopy,,,13.28,13.28,4.40009375,4.40009375,0,0
aten::mul,,,19.78,42.1,0,1.88003125,0,0
empty_tensor,,,7.21,7.21,0,0,0,0
aten::item,,,2.27,3.9,0,0,0,0
aten::_local_scalar_dense,,,1.63,1.63,0,0,0,0
aclnnMuls,,,11.21,11.21,1.88003125,1.88003125,0,0
aten::slice,,,3.44,8.48,0,0,0,0
aten::as_strided,,,5.04,5.04,0,0,0,0
aten::max,,,11.74,18.6,0,0,0,0
aten::empty,,,4.51,4.51,0,0,0,0
aten::fill_,,,2.35,2.35,0,0,0,0
aten::item,,,2.07,2.85,0,0,0,0
aten::_local_scalar_dense,,,0.78,0.78,0,0,0,0
aten::slice,,,7.0,11.44,0,0,0,0
aten::as_strided,,,4.44,4.44,0,0,0,0
aten::slice,,,1.86,4.61,0,0,0,0
aten::as_strided,,,2.75,2.75,0,0,0,0
_glm5_next_kpool_tail_compress_kernel,,,26.33,26.33,15.5203125,15.5203125,0,0
_store_kpool_tail_kernel,,,23.47,23.47,3.0000625,3.0000625,0,0
aten::to,,,3.85,3.85,0,0,0,0
aten::slice,,,9.93,17.43,0,0,0,0
aten::as_strided,,,7.5,7.5,0,0,0,0
aten::empty,,,4.32,17.57,0,0,0,0
empty_tensor,,,13.25,13.25,0,0,0,0
_gather_pool_cache,,,26.84,26.84,3.0400625,3.0400625,0,0
aten::slice,,,5.05,27.51,0,0,0,0
aten::as_strided,,,22.46,22.46,0,0,0,0
aten::to,,,2.24,63.75,0,6.240125,0,0
aten::_to_copy,,,6.37,61.51,0,6.240125,0,0
aten::empty_strided,,,12.36,19.53,0,0,0,0
empty_tensor,,,7.17,7.17,0,0,0,0
aten::copy_,,,22.96,35.61,0,6.240125,0,0
aclnnInplaceCopy,,,12.65,12.65,6.240125,6.240125,0,0
aten::slice,,,2.62,7.3,0,0,0,0
aten::as_strided,,,4.68,4.68,0,0,0,0
aten::to,,,1.19,48.14,0,1.3,0,0
aten::_to_copy,,,4.56,46.95,0,1.3,0,0
aten::empty_strided,,,8.0,12.71,0,0,0,0
empty_tensor,,,4.71,4.71,0,0,0,0
aten::copy_,,,15.92,29.68,0,1.3,0,0
aclnnInplaceCopy,,,13.76,13.76,1.3,1.3,0,0
aten::unsqueeze,,,3.17,7.48,0,0,0,0
aten::as_strided,,,4.31,4.31,0,0,0,0
aten::mul,,,16.73,34.33,0,13.92025,0,0
empty_tensor,,,8.26,8.26,0,0,0,0
aclnnMul,,,9.34,9.34,13.92025,13.92025,0,0
aten::sum,,,20.23,39.17,0,11.02025,0,0
empty_tensor,,,7.48,7.48,0,0,0,0
aclnnReduceSum,,,11.46,11.46,11.02025,11.02025,0,0
aten::empty,,,3.06,10.5,0,0,0,0
empty_tensor,,,7.44,7.44,0,0,0,0
_glm5_next_lightning_indexer_score_kernel,,,27.32,27.32,16.2203125,16.2203125,0,0
aten::topk,,,29.7,63.82,0,31.70065625,0,0
empty_tensor,,,13.91,13.91,0,0,0,0
empty_tensor,,,5.26,5.26,0,0,0,0
aclnnTopk,,,14.95,14.95,31.70065625,31.70065625,0,0
aten::to,,,2.33,52.78,0,2.8200625,0,0
aten::_to_copy,,,6.79,50.45,0,2.8200625,0,0
aten::empty_strided,,,8.22,13.34,0,0,0,0
empty_tensor,,,5.12,5.12,0,0,0,0
aten::copy_,,,17.6,30.32,0,2.8200625,0,0
aclnnInplaceCopy,,,12.72,12.72,2.8200625,2.8200625,0,0
_expand_pool_indices,,,22.89,22.89,161.26321875,161.26321875,0,0
aten::slice,,,10.08,17.67,0,0,0,0
aten::as_strided,,,7.59,7.59,0,0,0,0
aten::unsqueeze,,,5.0,10.23,0,0,0,0
aten::as_strided,,,5.23,5.23,0,0,0,0
aten::slice,,,5.31,10.51,0,0,0,0
aten::as_strided,,,5.2,5.2,0,0,0,0
aten::to,,,1.61,1.61,0,0,0,0
aten::to,,,1.13,1.13,0,0,0,0
_C_ascend::npu_sparse_flash_attention,,,139.36,204.34,0,75.1815,0,0
aten::empty,,,4.54,18.92,0,0,0,0
empty_tensor,,,14.38,14.38,0,0,0,0
aten::empty,,,1.74,4.27,0,0,0,0
empty_tensor,,,2.53,2.53,0,0,0,0
aten::empty,,,1.16,3.12,0,0,0,0
empty_tensor,,,1.96,1.96,0,0,0,0
aten::empty,,,4.43,18.21,0,0,0,0
empty_tensor,,,13.78,13.78,0,0,0,0
aclnnSparseFlashAttention,,,20.46,20.46,75.1815,75.1815,0,0
aten::view,,,7.98,7.98,0,0,0,0
npu::npu_transpose_batchmatmul,,,33.26,49.48,0,24.5405,0,24.5405
empty_tensor,,,11.14,11.14,0,0,0,0
aclnnTransposeBatchMatMul,,,5.08,5.08,24.5405,24.5405,24.5405,24.5405
aten::reshape,,,1.82,6.26,0,0,0,0
aten::view,,,4.44,4.44,0,0,0,0
aten::slice,,,3.58,7.42,0,0,0,0
aten::as_strided,,,3.84,3.84,0,0,0,0
vllm::unquantized_gemm,,,22.61,91.05,0,189.76378125,0,189.76378125
aten::linear,,,4.97,68.44,0,189.76378125,0,189.76378125
aten::t,,,5.52,14.17,0,0,0,0
aten::transpose,,,2.78,8.65,0,0,0,0
aten::as_strided,,,5.87,5.87,0,0,0,0
aten::matmul,,,21.06,49.3,0,189.76378125,0,189.76378125
empty_tensor,,,9.51,9.51,0,0,0,0
aclnnMatmul,,,18.73,18.73,189.76378125,189.76378125,189.76378125,189.76378125
aten::copy_,,,18.01,30.33,0,7.64015625,0,0
aclnnInplaceCopy,,,12.32,12.32,7.64015625,7.64015625,0,0
aten::view,,,5.56,5.56,0,0,0,0
aten::unsqueeze,,,3.61,8.6,0,0,0,0
aten::as_strided,,,4.99,4.99,0,0,0,0
aten::unsqueeze,,,1.94,5.29,0,0,0,0
aten::as_strided,,,3.35,3.35,0,0,0,0
aten::squeeze,,,2.77,5.93,0,0,0,0
aten::as_strided,,,3.16,3.16,0,0,0,0
aten::unsqueeze,,,1.51,3.91,0,0,0,0
aten::as_strided,,,2.4,2.4,0,0,0,0
aten::unsqueeze,,,1.91,5.02,0,0,0,0
aten::as_strided,,,3.11,3.11,0,0,0,0
_C_ascend::npu_hc_post,,,52.41,94.13,0,24.6405,0,0
aten::empty,,,3.15,14.45,0,0,0,0
empty_tensor,,,11.3,11.3,0,0,0,0
aten::empty,,,3.49,12.63,0,0,0,0
empty_tensor,,,9.14,9.14,0,0,0,0
aclnnHcPost,,,14.64,14.64,24.6405,24.6405,0,0
aten::squeeze,,,3.58,7.81,0,0,0,0
aten::as_strided,,,4.23,4.23,0,0,0,0
_C_ascend::npu_hc_pre_v2,,,47.75,99.15,0,70.36140625,0,0
aten::empty,,,3.67,11.72,0,0,0,0
empty_tensor,,,8.05,8.05,0,0,0,0
aten::empty,,,2.21,6.48,0,0,0,0
empty_tensor,,,4.27,4.27,0,0,0,0
aten::empty,,,1.37,4.8,0,0,0,0
empty_tensor,,,3.43,3.43,0,0,0,0
aten::empty,,,2.74,12.52,0,0,0,0
empty_tensor,,,9.78,9.78,0,0,0,0
aclnnHcPre,,,15.88,15.88,70.36140625,70.36140625,0,0
npu::npu_rms_norm,,,64.46,89.41,0,10.90021875,0,0
empty_tensor,,,8.1,8.1,0,0,0,0
empty_tensor,,,3.85,3.85,0,0,0,0
aclnnRmsNorm,,,13.0,13.0,10.90021875,10.90021875,0,0
aten::unsqueeze,,,4.23,9.44,0,0,0,0
aten::as_strided,,,5.21,5.21,0,0,0,0
vllm::moe_forward_shared,,,1914.71,3875.72,0,684.133625,0,73.38146875
Event::record,,,106.45,126.11,0,0.02,0,0
record_event,,,19.66,19.66,0.02,0.02,0,0
aten::to,,,2.81,67.73,0,7.84015625,0,0
aten::_to_copy,,,7.94,64.92,0,7.84015625,0,0
aten::empty_strided,,,12.15,19.52,0,0,0,0
empty_tensor,,,7.37,7.37,0,0,0,0
aten::copy_,,,19.68,37.46,0,7.84015625,0,0
aclnnInplaceCopy,,,17.78,17.78,7.84015625,7.84015625,0,0
aten::linear,,,5.02,59.6,0,7.70015625,0,7.70015625
aten::t,,,5.64,13.98,0,0,0,0
aten::transpose,,,3.23,8.34,0,0,0,0
aten::as_strided,,,5.11,5.11,0,0,0,0
aten::matmul,,,19.59,40.6,0,7.70015625,0,7.70015625
empty_tensor,,,9.07,9.07,0,0,0,0
aclnnMatmul,,,11.94,11.94,7.70015625,7.70015625,7.70015625,7.70015625
Event::record,,,96.04,113.75,0,0.02,0,0
record_event,,,17.71,17.71,0.02,0.02,0,0
_C_ascend::moe_gating_top_k,,,59.06,122.68,0,11.72021875,0,0
aten::empty,,,4.49,18.49,0,0,0,0
empty_tensor,,,14.0,14.0,0,0,0,0
aten::empty,,,1.92,7.04,0,0,0,0
empty_tensor,,,5.12,5.12,0,0,0,0
aten::empty,,,1.64,6.36,0,0,0,0
empty_tensor,,,4.72,4.72,0,0,0,0
aten::empty,,,3.77,15.13,0,0,0,0
empty_tensor,,,11.36,11.36,0,0,0,0
aclnnMoeGatingTopK,,,16.6,16.6,11.72021875,11.72021875,0,0
aten::to,,,2.6,2.6,0,0,0,0
Event::record,,,97.76,117.59,0,0.0,0,0
record_event,,,19.83,19.83,0.0,0.0,0,0
npu::npu_moe_init_routing_v2,,,41.48,84.07,0,33.020625,0,0
empty_tensor,,,14.89,14.89,0,0,0,0
empty_tensor,,,5.0,5.0,0,0,0,0
empty_tensor,,,4.32,4.32,0,0,0,0
empty_tensor,,,3.52,3.52,0,0,0,0
aclnnMoeInitRoutingV3,,,14.86,14.86,33.020625,33.020625,0,0
aten::to,,,2.28,2.28,0,0,0,0
npu::npu_grouped_matmul,,,64.81,94.62,0,221.8444375,0,0
empty_tensor,,,11.83,11.83,0,0,0,0
npu::get_npu_format,,,2.48,2.48,0,0,0,0
aclnnGroupedMatmulV5,,,15.5,15.5,221.8444375,221.8444375,0,0
aten::chunk,,,5.18,34.11,0,0,0,0
aten::split,,,4.12,28.93,0,0,0,0
aten::narrow,,,5.3,17.9,0,0,0,0
aten::slice,,,4.25,12.6,0,0,0,0
aten::as_strided,,,8.35,8.35,0,0,0,0
aten::narrow,,,1.46,6.91,0,0,0,0
aten::slice,,,1.51,5.45,0,0,0,0
aten::as_strided,,,3.94,3.94,0,0,0,0
aten::clamp_,,,27.71,42.04,0,62.121249999999996,0,0
aclnnClamp,,,14.33,14.33,62.121249999999996,62.121249999999996,0,0
aten::clamp_,,,20.36,27.43,0,62.10125,0,0
aclnnClamp,,,7.07,7.07,62.10125,62.10125,0,0
npu::npu_swiglu,,,58.28,79.55,0,19.640375,0,0
empty_tensor,,,8.69,8.69,0,0,0,0
aclnnSwiGlu,,,12.58,12.58,19.640375,19.640375,0,0
Event::record,,,96.97,113.18,0,0.02,0,0
record_event,,,16.21,16.21,0.02,0.02,0,0
npu::npu_grouped_matmul,,,39.54,71.54,0,109.6421875,0,0
empty_tensor,,,14.59,14.59,0,0,0,0
npu::get_npu_format,,,2.07,2.07,0,0,0,0
aclnnGroupedMatmulV5,,,15.34,15.34,109.6421875,109.6421875,0,0
Event::record,,,91.88,109.91,0,0.02,0,0
record_event,,,18.03,18.03,0.02,0.02,0,0
aten::to,,,2.86,64.1,0,1.44003125,0,0
aten::_to_copy,,,7.38,61.24,0,1.44003125,0,0
aten::empty_strided,,,10.76,18.07,0,0,0,0
empty_tensor,,,7.31,7.31,0,0,0,0
aten::copy_,,,21.01,35.79,0,1.44003125,0,0
aclnnInplaceCopy,,,14.78,14.78,1.44003125,1.44003125,0,0
aten::abs,,,15.36,33.39,0,1.72003125,0,0
empty_tensor,,,7.78,7.78,0,0,0,0
aclnnAbs,,,10.25,10.25,1.72003125,1.72003125,0,0
npu::npu_moe_token_unpermute,,,102.07,125.03,0,16.0603125,0,0
empty_tensor,,,8.28,8.28,0,0,0,0
aclnnMoeTokenUnpermute,,,14.68,14.68,16.0603125,16.0603125,0,0
vllm::unquantized_gemm,,,23.6,97.06,0,43.420875,0,43.420875
aten::linear,,,6.14,73.46,0,43.420875,0,43.420875
aten::t,,,6.12,17.85,0,0,0,0
aten::transpose,,,3.69,11.73,0,0,0,0
aten::as_strided,,,8.04,8.04,0,0,0,0
aten::matmul,,,23.29,49.47,0,43.420875,0,43.420875
empty_tensor,,,11.08,11.08,0,0,0,0
aclnnMatmul,,,15.1,15.1,43.420875,43.420875,43.420875,43.420875
aten::slice,,,4.7,10.18,0,0,0,0
aten::as_strided,,,5.48,5.48,0,0,0,0
aten::clamp,,,25.78,49.76,0,14.1403125,0,0
empty_tensor,,,10.25,10.25,0,0,0,0
aclnnClamp,,,13.73,13.73,14.1403125,14.1403125,0,0
aten::slice,,,3.03,7.25,0,0,0,0
aten::as_strided,,,4.22,4.22,0,0,0,0
aten::clamp,,,20.15,38.76,0,11.96025,0,0
empty_tensor,,,7.4,7.4,0,0,0,0
aclnnClamp,,,11.21,11.21,11.96025,11.96025,0,0
aten::mul,,,19.37,40.81,0,7.320125,0,0
empty_tensor,,,6.75,6.75,0,0,0,0
aten::item,,,2.38,3.93,0,0,0,0
aten::_local_scalar_dense,,,1.55,1.55,0,0,0,0
aclnnMuls,,,10.76,10.76,7.320125,7.320125,0,0
aten::sigmoid,,,11.62,22.55,0,8.5801875,0,0
empty_tensor,,,6.73,6.73,0,0,0,0
aclnnSigmoid,,,4.2,4.2,8.5801875,8.5801875,0,0
aten::mul,,,12.51,20.46,0,10.1001875,0,0
empty_tensor,,,5.45,5.45,0,0,0,0
aclnnMul,,,2.5,2.5,10.1001875,10.1001875,0,0
aten::add,,,16.89,36.16,0,7.320125,0,0
empty_tensor,,,6.36,6.36,0,0,0,0
aten::item,,,1.69,2.65,0,0,0,0
aten::_local_scalar_dense,,,0.96,0.96,0,0,0,0
aclnnAdds,,,10.26,10.26,7.320125,7.320125,0,0
aten::mul,,,13.67,31.93,0,4.10009375,0,0
empty_tensor,,,6.08,6.08,0,0,0,0
aclnnMul,,,12.18,12.18,4.10009375,4.10009375,0,0
vllm::unquantized_gemm,,,22.17,88.83,0,22.2604375,0,22.2604375
aten::linear,,,4.97,66.66,0,22.2604375,0,22.2604375
aten::t,,,6.4,16.26,0,0,0,0
aten::transpose,,,3.16,9.86,0,0,0,0
aten::as_strided,,,6.7,6.7,0,0,0,0
aten::matmul,,,20.46,45.43,0,22.2604375,0,22.2604375
empty_tensor,,,10.67,10.67,0,0,0,0
aclnnMatmul,,,14.3,14.3,22.2604375,22.2604375,22.2604375,22.2604375
destroy_event,,,11.96,11.96,0,0,0,0
destroy_event,,,4.33,4.33,0,0,0,0
destroy_event,,,1.85,1.85,0,0,0,0
destroy_event,,,4.51,4.51,0,0,0,0
destroy_event,,,3.3,3.3,0,0,0,0
vllm::maybe_all_reduce_shared_expert,,,25.15,25.15,0,0,0,0
aten::_foreach_add,,,33.7,64.97,0,14.8203125,0,0
aten::result_type,,,2.02,2.02,0,0,0,0
empty_tensor,,,11.15,11.15,0,0,0,0
aclnnForeachAddListV2,,,18.1,18.1,14.8203125,14.8203125,0,0
vllm::maybe_all_reduce_tensor_model_parallel,,,30.88,30.88,0,0,0,0
aten::view,,,7.05,7.05,0,0,0,0
aten::unsqueeze,,,4.25,9.01,0,0,0,0
aten::as_strided,,,4.76,4.76,0,0,0,0
aten::unsqueeze,,,1.98,5.32,0,0,0,0
aten::as_strided,,,3.34,3.34,0,0,0,0
aten::squeeze,,,2.91,5.44,0,0,0,0
aten::as_strided,,,2.53,2.53,0,0,0,0
aten::unsqueeze,,,1.78,4.44,0,0,0,0
aten::as_strided,,,2.66,2.66,0,0,0,0
aten::unsqueeze,,,1.87,4.53,0,0,0,0
aten::as_strided,,,2.66,2.66,0,0,0,0
_C_ascend::npu_hc_post,,,52.57,95.8,0,21.10040625,0,0
aten::empty,,,3.11,14.29,0,0,0,0
empty_tensor,,,11.18,11.18,0,0,0,0
aten::empty,,,3.53,13.61,0,0,0,0
empty_tensor,,,10.08,10.08,0,0,0,0
aclnnHcPost,,,15.33,15.33,21.10040625,21.10040625,0,0
aten::squeeze,,,4.05,8.46,0,0,0,0
aten::as_strided,,,4.41,4.41,0,0,0,0
aten::mean,,,24.01,43.4,0,15.5203125,0,0
empty_tensor,,,6.89,6.89,0,0,0,0
aclnnMean,,,12.5,12.5,15.5203125,15.5203125,0,0
npu::npu_rms_norm,,,64.76,90.21,0,11.12021875,0,0
empty_tensor,,,8.24,8.24,0,0,0,0
empty_tensor,,,4.31,4.31,0,0,0,0
aclnnRmsNorm,,,12.9,12.9,11.12021875,11.12021875,0,0
aten::index,,,34.46,60.28,0,11.52021875,0,0
empty_tensor,,,5.94,5.94,0,0,0,0
empty_tensor,,,6.9,6.9,0,0,0,0
aclnnIndex,,,12.98,12.98,11.52021875,11.52021875,0,0
aten::linear,,,5.72,62.02,0,968.31934375,0,968.31934375
aten::t,,,6.22,16.43,0,0,0,0
aten::transpose,,,3.79,10.21,0,0,0,0
aten::as_strided,,,6.42,6.42,0,0,0,0
aten::matmul,,,19.21,39.87,0,968.31934375,0,968.31934375
empty_tensor,,,8.14,8.14,0,0,0,0
aclnnMatmul,,,12.52,12.52,968.31934375,968.31934375,968.31934375,968.31934375
aten::alias,,,3.33,3.33,0,0,0,0
aten::log_softmax,,,9.61,111.33,0,51.321031250000004,0,0
aten::to,,,4.09,65.62,0,7.62015625,0,0
aten::_to_copy,,,6.99,61.53,0,7.62015625,0,0
aten::empty_strided,,,11.22,17.96,0,0,0,0
empty_tensor,,,6.74,6.74,0,0,0,0
aten::copy_,,,20.47,36.58,0,7.62015625,0,0
aclnnInplaceCopy,,,16.11,16.11,7.62015625,7.62015625,0,0
aten::_log_softmax,,,21.41,36.1,0,43.700875,0,0
empty_tensor,,,7.26,7.26,0,0,0,0
aclnnLogSoftmax,,,7.43,7.43,43.700875,43.700875,0,0
aten::to,,,1.55,49.09,0,2.9400625,0,0
aten::_to_copy,,,6.39,47.54,0,2.9400625,0,0
aten::empty_strided,,,7.4,11.44,0,0,0,0
empty_tensor,,,4.04,4.04,0,0,0,0
aten::copy_,,,21.13,29.71,0,2.9400625,0,0
aclnnInplaceCopy,,,8.58,8.58,2.9400625,2.9400625,0,0
aten::argmax,,,8.33,59.82,0,20.62040625,0,0
aten::empty,,,2.58,10.02,0,0,0,0
empty_tensor,,,7.44,7.44,0,0,0,0
aten::argmax,,,25.53,41.47,0,20.62040625,0,0
aten::reshape,,,1.7,6.81,0,0,0,0
aten::view,,,5.11,5.11,0,0,0,0
aclnnArgMax,,,9.13,9.13,20.62040625,20.62040625,0,0
aten::view,,,3.45,3.45,0,0,0,0
aten::to,,,1.64,1.64,0,0,0,0
aten::topk,,,30.86,55.59,0,32.84065625,0,0
empty_tensor,,,7.21,7.21,0,0,0,0
empty_tensor,,,5.26,5.26,0,0,0,0
aclnnTopk,,,12.26,12.26,32.84065625,32.84065625,0,0
aten::unsqueeze,,,3.54,8.01,0,0,0,0
aten::as_strided,,,4.47,4.47,0,0,0,0
aten::gather,,,22.79,32.53,0,5.540125,0,0
empty_tensor,,,6.74,6.74,0,0,0,0
aclnnGather,,,3.0,3.0,5.540125,5.540125,0,0
TorchDynamo Cache Lookup,,,39.19,39.19,0,0,0,0
Torch-Compiled Region: 0/0,,,110.75,216.37,0,37.00078125,0,0
aten::_assert_scalar,,,3.02,3.02,0,0,0,0
aten::_assert_scalar,,,1.02,1.02,0,0,0,0
aten::_assert_scalar,,,1.44,1.44,0,0,0,0
aten::ge,,,37.46,62.17,0,7.84015625,0,0
empty_tensor,,,10.73,10.73,0,0,0,0
aclnnGeTensor,,,13.98,13.98,7.84015625,7.84015625,0,0
aten::sum,,,19.77,37.97,0,29.160625000000003,0,0
empty_tensor,,,13.97,13.97,0,0,0,0
aclnnReduceSum,,,4.23,4.23,29.160625000000003,29.160625000000003,0,0
aten::cat,,,19.48,31.26,0,2.60003125,0,0
empty_tensor,,,7.41,7.41,0,0,0,0
aclnnCat,,,4.37,4.37,2.60003125,2.60003125,0,0
aten::cat,,,11.54,24.17,0,1.9200625,0,0
empty_tensor,,,6.48,6.48,0,0,0,0
aclnnCat,,,6.15,6.15,1.9200625,1.9200625,0,0
aten::to,,,2.13,39.17,0,1.34003125,0,0
aten::_to_copy,,,6.09,37.04,0,1.34003125,0,0
aten::empty_strided,,,7.84,12.05,0,0,0,0
empty_tensor,,,4.21,4.21,0,0,0,0
aten::copy_,,,15.62,18.9,0,1.34003125,0,0
aclnnInplaceCopy,,,3.28,3.28,1.34003125,1.34003125,0,0
aten::to,,,1.51,44.57,0,1.30003125,0,0
aten::_to_copy,,,4.31,43.06,0,1.30003125,0,0
aten::empty_strided,,,6.21,11.81,0,0,0,0
empty_tensor,,,5.6,5.6,0,0,0,0
aten::copy_,,,12.51,26.94,0,1.30003125,0,0
aclnnInplaceCopy,,,14.43,14.43,1.30003125,1.30003125,0,0
aten::unsqueeze,,,3.38,8.66,0,0,0,0
aten::as_strided,,,5.28,5.28,0,0,0,0
Event::record,,,153.92,173.19,0,0.0,0,0
record_event,,,19.27,19.27,0.0,0.0,0,0
aten::slice,,,5.21,13.66,0,0,0,0
aten::as_strided,,,8.45,8.45,0,0,0,0
Event::wait,,,76.45,95.04,0,0.02,0,0
wait_event,,,18.59,18.59,0.02,0.02,0,0
Event::record,,,92.66,124.86,0,0.02,0,0
record_event,,,32.2,32.2,0.02,0.02,0,0
Event::wait,,,62.1,76.98,0,0.02,0,0
wait_event,,,14.88,14.88,0.02,0.02,0,0
destroy_event,,,10.28,10.28,0,0,0,0
aten::to,,,4.39,80.23,0,1.90003125,0,0
aten::_to_copy,,,7.48,75.84,0,1.90003125,0,0
aten::empty_strided,,,33.75,33.75,0,0,0,0
aten::copy_,,,20.47,34.61,0,1.90003125,0,0
acl_memcpy_device_to_host,,,14.14,14.14,1.90003125,1.90003125,0,0
aten::to,,,2.01,38.41,0,2.14003125,0,0
aten::_to_copy,,,5.29,36.4,0,2.14003125,0,0
aten::empty_strided,,,4.18,4.18,0,0,0,0
aten::copy_,,,15.39,26.93,0,2.14003125,0,0
acl_memcpy_device_to_host,,,11.54,11.54,2.14003125,2.14003125,0,0
aten::to,,,1.52,24.83,0,1.88003125,0,0
aten::_to_copy,,,3.91,23.31,0,1.88003125,0,0
aten::empty_strided,,,3.11,3.11,0,0,0,0
aten::copy_,,,11.29,16.29,0,1.88003125,0,0
acl_memcpy_device_to_host,,,5.0,5.0,1.88003125,1.88003125,0,0
aten::to,,,1.45,21.45,0,2.0000625,0,0
aten::_to_copy,,,3.93,20.0,0,2.0000625,0,0
aten::empty_strided,,,2.41,2.41,0,0,0,0
aten::copy_,,,9.56,13.66,0,2.0000625,0,0
acl_memcpy_device_to_host,,,4.1,4.1,2.0000625,2.0000625,0,0
Event::record,,,162.14,178.87,0,0.02,0,0
record_event,,,16.73,16.73,0.02,0.02,0,0
Event::synchronize,,,92.71,92.71,0,0,0,0
aten::slice,,,11.61,19.63,0,0,0,0
aten::as_strided,,,8.02,8.02,0,0,0,0
aten::slice,,,3.26,6.09,0,0,0,0
aten::as_strided,,,2.83,2.83,0,0,0,0
aten::slice,,,2.57,4.79,0,0,0,0
aten::as_strided,,,2.22,2.22,0,0,0,0
aten::slice,,,8.01,12.07,0,0,0,0
aten::as_strided,,,4.06,4.06,0,0,0,0
aten::slice,,,3.07,8.86,0,0,0,0
aten::as_strided,,,5.79,5.79,0,0,0,0
aten::pin_memory,,,5.08,23.18,0,0,0,0
aten::is_pinned,,,18.1,18.1,0,0,0,0
aten::copy_,,,18.85,37.61,0,2.26003125,0,0
acl_memcpy_host_to_device,,,18.76,18.76,2.26003125,2.26003125,0,0
aten::slice,,,5.73,8.03,0,0,0,0
aten::as_strided,,,2.3,2.3,0,0,0,0
aten::slice,,,2.92,6.87,0,0,0,0
aten::as_strided,,,3.95,3.95,0,0,0,0
aten::pin_memory,,,3.31,11.76,0,0,0,0
aten::is_pinned,,,8.45,8.45,0,0,0,0
aten::copy_,,,13.65,27.15,0,2.1400625,0,0
acl_memcpy_host_to_device,,,13.5,13.5,2.1400625,2.1400625,0,0
aten::slice,,,11.82,14.44,0,0,0,0
aten::as_strided,,,2.62,2.62,0,0,0,0
aten::slice,,,2.87,6.32,0,0,0,0
aten::as_strided,,,3.45,3.45,0,0,0,0
aten::pin_memory,,,3.42,11.8,0,0,0,0
aten::is_pinned,,,8.38,8.38,0,0,0,0
aten::copy_,,,12.77,21.4,0,2.3400625,0,0
acl_memcpy_host_to_device,,,8.63,8.63,2.3400625,2.3400625,0,0
aten::slice,,,5.54,7.43,0,0,0,0
aten::as_strided,,,1.89,1.89,0,0,0,0
aten::slice,,,3.17,6.87,0,0,0,0
aten::as_strided,,,3.7,3.7,0,0,0,0
aten::pin_memory,,,3.61,10.47,0,0,0,0
aten::is_pinned,,,6.86,6.86,0,0,0,0
aten::copy_,,,12.76,25.29,0,2.4000625,0,0
acl_memcpy_host_to_device,,,12.53,12.53,2.4000625,2.4000625,0,0
aten::slice,,,5.71,8.51,0,0,0,0
aten::as_strided,,,2.8,2.8,0,0,0,0
aten::slice,,,2.87,6.82,0,0,0,0
aten::as_strided,,,3.95,3.95,0,0,0,0
aten::pin_memory,,,3.36,10.88,0,0,0,0
aten::is_pinned,,,7.52,7.52,0,0,0,0
aten::copy_,,,12.14,25.42,0,2.34003125,0,0
acl_memcpy_host_to_device,,,13.28,13.28,2.34003125,2.34003125,0,0
aten::slice,,,11.39,15.07,0,0,0,0
aten::as_strided,,,3.68,3.68,0,0,0,0
aten::slice,,,3.91,10.88,0,0,0,0
aten::as_strided,,,6.97,6.97,0,0,0,0
aten::pin_memory,,,4.8,19.98,0,0,0,0
aten::is_pinned,,,15.18,15.18,0,0,0,0
aten::copy_,,,17.73,36.01,0,2.18003125,0,0
acl_memcpy_host_to_device,,,18.28,18.28,2.18003125,2.18003125,0,0
aten::slice,,,6.57,12.15,0,0,0,0
aten::as_strided,,,5.58,5.58,0,0,0,0
aten::lift_fresh,,,1.63,1.63,0,0,0,0
aten::lift_fresh,,,0.72,0.72,0,0,0,0
aten::flatten,,,3.8,11.07,0,0,0,0
aten::view,,,7.27,7.27,0,0,0,0
aten::slice,,,4.32,6.15,0,0,0,0
aten::as_strided,,,1.83,1.83,0,0,0,0
aten::index_select,,,9.82,9.82,0,0,0,0
aten::pin_memory,,,4.54,17.12,0,0,0,0
aten::is_pinned,,,12.58,12.58,0,0,0,0
aten::copy_,,,16.24,33.79,0,2.2000625,0,0
acl_memcpy_host_to_device,,,17.55,17.55,2.2000625,2.2000625,0,0
aten::pin_memory,,,4.43,12.81,0,0,0,0
aten::is_pinned,,,8.38,8.38,0,0,0,0
aten::copy_,,,13.4,24.47,0,2.3800625,0,0
acl_memcpy_host_to_device,,,11.07,11.07,2.3800625,2.3800625,0,0
aten::slice,,,6.38,8.69,0,0,0,0
aten::as_strided,,,2.31,2.31,0,0,0,0
aten::lift_fresh,,,1.11,1.11,0,0,0,0
aten::slice,,,3.83,4.88,0,0,0,0
aten::as_strided,,,1.05,1.05,0,0,0,0
aten::add,,,17.46,17.46,0,0,0,0
aten::slice,,,3.46,4.75,0,0,0,0
aten::as_strided,,,1.29,1.29,0,0,0,0
aten::fill_,,,3.05,3.05,0,0,0,0
aten::slice,,,3.61,9.1,0,0,0,0
aten::as_strided,,,5.49,5.49,0,0,0,0
aten::fill_,,,20.06,34.08,0,1.48003125,0,0
aclnnInplaceFillScalar,,,14.02,14.02,1.48003125,1.48003125,0,0
aten::slice,,,6.84,8.88,0,0,0,0
aten::as_strided,,,2.04,2.04,0,0,0,0
aten::slice,,,3.86,8.86,0,0,0,0
aten::as_strided,,,5.0,5.0,0,0,0,0
aten::pin_memory,,,3.77,16.89,0,0,0,0
aten::is_pinned,,,13.12,13.12,0,0,0,0
aten::copy_,,,15.37,28.74,0,2.2400625,0,0
acl_memcpy_host_to_device,,,13.37,13.37,2.2400625,2.2400625,0,0
aten::slice,,,5.54,9.37,0,0,0,0
aten::as_strided,,,3.83,3.83,0,0,0,0
aten::select,,,4.22,7.78,0,0,0,0
aten::as_strided,,,3.56,3.56,0,0,0,0
aten::copy_,,,68.39,86.81,0,0.6,0,0
aclnnInplaceCopy,,,18.42,18.42,0.6,0.6,0,0
aten::slice,,,7.95,10.45,0,0,0,0
aten::as_strided,,,2.5,2.5,0,0,0,0
aten::detach,,,4.04,4.04,0,0,0,0
aten::to,,,1.7,1.7,0,0,0,0
aten::resolve_conj,,,1.07,1.07,0,0,0,0
aten::resolve_neg,,,0.61,0.61,0,0,0,0
aten::slice,,,5.34,8.04,0,0,0,0
aten::as_strided,,,2.7,2.7,0,0,0,0
aten::slice,,,3.08,8.05,0,0,0,0
aten::as_strided,,,4.97,4.97,0,0,0,0
aten::pin_memory,,,4.47,17.18,0,0,0,0
aten::is_pinned,,,12.71,12.71,0,0,0,0
aten::copy_,,,3.63,3.63,0,0,0,0
aten::slice,,,5.53,7.46,0,0,0,0
aten::as_strided,,,1.93,1.93,0,0,0,0
aten::slice,,,2.9,6.32,0,0,0,0
aten::as_strided,,,3.42,3.42,0,0,0,0
aten::pin_memory,,,3.15,11.39,0,0,0,0
aten::is_pinned,,,8.24,8.24,0,0,0,0
aten::copy_,,,14.5,31.17,0,2.1800625,0,0
acl_memcpy_host_to_device,,,16.67,16.67,2.1800625,2.1800625,0,0
aten::fill_,,,18.72,31.72,0,1.42003125,0,0
aclnnInplaceFillScalar,,,13.0,13.0,1.42003125,1.42003125,0,0
aten::slice,,,5.93,10.23,0,0,0,0
aten::as_strided,,,4.3,4.3,0,0,0,0
aten::slice,,,3.06,5.05,0,0,0,0
aten::as_strided,,,1.99,1.99,0,0,0,0
aten::copy_,,,16.41,33.35,0,2.18003125,0,0
acl_memcpy_host_to_device,,,16.94,16.94,2.18003125,2.18003125,0,0
aten::slice,,,4.99,7.08,0,0,0,0
aten::as_strided,,,2.09,2.09,0,0,0,0
aten::slice,,,3.12,7.05,0,0,0,0
aten::as_strided,,,3.93,3.93,0,0,0,0
aten::pin_memory,,,4.03,12.45,0,0,0,0
aten::is_pinned,,,8.42,8.42,0,0,0,0
aten::copy_,,,13.33,26.63,0,2.5400625,0,0
acl_memcpy_host_to_device,,,13.3,13.3,2.5400625,2.5400625,0,0
aten::slice,,,4.34,8.11,0,0,0,0
aten::as_strided,,,3.77,3.77,0,0,0,0
aten::slice,,,3.12,4.66,0,0,0,0
aten::as_strided,,,1.54,1.54,0,0,0,0
aten::slice,,,2.61,5.47,0,0,0,0
aten::as_strided,,,2.86,2.86,0,0,0,0
aten::pin_memory,,,3.12,10.97,0,0,0,0
aten::is_pinned,,,7.85,7.85,0,0,0,0
aten::copy_,,,12.53,23.99,0,2.34003125,0,0
acl_memcpy_host_to_device,,,11.46,11.46,2.34003125,2.34003125,0,0
aten::slice,,,5.52,7.79,0,0,0,0
aten::as_strided,,,2.27,2.27,0,0,0,0
aten::slice,,,2.97,6.48,0,0,0,0
aten::as_strided,,,3.51,3.51,0,0,0,0
aten::pin_memory,,,3.53,11.22,0,0,0,0
aten::is_pinned,,,7.69,7.69,0,0,0,0
aten::copy_,,,12.23,24.53,0,2.4400625,0,0
acl_memcpy_host_to_device,,,12.3,12.3,2.4400625,2.4400625,0,0
aten::slice,,,4.57,7.94,0,0,0,0
aten::as_strided,,,3.37,3.37,0,0,0,0
aten::index,,,34.9,66.28,0,21.08040625,0,0
empty_tensor,,,6.53,6.53,0,0,0,0
empty_tensor,,,9.54,9.54,0,0,0,0
aclnnIndex,,,15.31,15.31,21.08040625,21.08040625,0,0
aten::to,,,2.52,44.6,0,1.2200625,0,0
aten::_to_copy,,,6.24,42.08,0,1.2200625,0,0
aten::empty_strided,,,8.86,13.81,0,0,0,0
empty_tensor,,,4.95,4.95,0,0,0,0
aten::copy_,,,17.09,22.03,0,1.2200625,0,0
aclnnInplaceCopy,,,4.94,4.94,1.2200625,1.2200625,0,0
aten::slice,,,6.53,10.73,0,0,0,0
aten::as_strided,,,4.2,4.2,0,0,0,0
aten::add,,,18.85,37.58,0,2.7000625,0,0
empty_tensor,,,7.07,7.07,0,0,0,0
aclnnAdd,,,11.66,11.66,2.7000625,2.7000625,0,0
aten::slice,,,5.69,9.97,0,0,0,0
aten::as_strided,,,4.28,4.28,0,0,0,0
aten::copy_,,,54.44,67.15,0,0.62003125,0,0
aclnnInplaceCopy,,,12.71,12.71,0.62003125,0.62003125,0,0
aten::slice,,,6.55,10.82,0,0,0,0
aten::as_strided,,,4.27,4.27,0,0,0,0
aten::add,,,18.02,36.92,0,1.54,0,0
empty_tensor,,,7.91,7.91,0,0,0,0
aclnnAdd,,,10.99,10.99,1.54,1.54,0,0
aten::slice,,,6.0,10.29,0,0,0,0
aten::as_strided,,,4.29,4.29,0,0,0,0
aten::copy_,,,46.7,51.64,0,0.6,0,0
aclnnInplaceCopy,,,4.94,4.94,0.6,0.6,0,0
aten::slice,,,6.17,10.16,0,0,0,0
aten::as_strided,,,3.99,3.99,0,0,0,0
aten::fill_,,,13.48,25.99,0,1.4600625,0,0
aclnnInplaceFillScalar,,,12.51,12.51,1.4600625,1.4600625,0,0
aten::slice,,,5.7,9.34,0,0,0,0
aten::as_strided,,,3.64,3.64,0,0,0,0
aten::slice,,,2.94,5.8,0,0,0,0
aten::as_strided,,,2.86,2.86,0,0,0,0
compute_slot_mapping_fused_groups_adaptive_kernel,,,28.47,28.47,21.7404375,21.7404375,0,0
aten::slice,,,12.01,20.14,0,0,0,0
aten::as_strided,,,8.13,8.13,0,0,0,0
aten::sub,,,28.23,59.28,0,1.6000625,0,0
empty_tensor,,,13.6,13.6,0,0,0,0
aten::item,,,2.3,3.88,0,0,0,0
aten::_local_scalar_dense,,,1.58,1.58,0,0,0,0
aclnnSubs,,,13.57,13.57,1.6000625,1.6000625,0,0
aten::detach,,,5.31,5.31,0,0,0,0
aten::to,,,1.9,1.9,0,0,0,0
aten::resolve_conj,,,0.9,0.9,0,0,0,0
aten::resolve_neg,,,0.57,0.57,0,0,0,0
aten::slice,,,8.92,16.2,0,0,0,0
aten::as_strided,,,7.28,7.28,0,0,0,0
aten::slice,,,3.34,7.25,0,0,0,0
aten::as_strided,,,3.91,3.91,0,0,0,0
aten::slice,,,2.78,5.35,0,0,0,0
aten::as_strided,,,2.57,2.57,0,0,0,0
aten::fill_,,,20.46,37.23,0,0,0,0
aclnnInplaceFillScalar,,,16.77,16.77,0,0,0,0
aten::slice,,,5.26,9.08,0,0,0,0
aten::as_strided,,,3.82,3.82,0,0,0,0
aten::fill_,,,12.69,24.86,0,0,0,0
aclnnInplaceFillScalar,,,12.17,12.17,0,0,0,0
aten::slice,,,4.53,6.75,0,0,0,0
aten::as_strided,,,2.22,2.22,0,0,0,0
aten::slice,,,2.56,3.61,0,0,0,0
aten::as_strided,,,1.05,1.05,0,0,0,0
aten::lt,,,14.37,14.37,0,0,0,0
aten::lift_fresh,,,0.94,0.94,0,0,0,0
aten::slice,,,1.38,2.29,0,0,0,0
aten::as_strided,,,0.91,0.91,0,0,0,0
aten::fill_,,,2.63,9.97,0,0,0,0
aten::copy_,,,7.34,7.34,0,0,0,0
aten::slice,,,3.31,4.71,0,0,0,0
aten::as_strided,,,1.4,1.4,0,0,0,0
aten::slice,,,3.63,7.88,0,0,0,0
aten::as_strided,,,4.25,4.25,0,0,0,0
aten::slice,,,2.75,4.39,0,0,0,0
aten::as_strided,,,1.64,1.64,0,0,0,0
aten::slice,,,2.67,5.27,0,0,0,0
aten::as_strided,,,2.6,2.6,0,0,0,0
aten::slice,,,2.14,3.08,0,0,0,0
aten::as_strided,,,0.94,0.94,0,0,0,0
aten::slice,,,2.12,3.29,0,0,0,0
aten::as_strided,,,1.17,1.17,0,0,0,0
aten::slice,,,2.76,5.37,0,0,0,0
aten::as_strided,,,2.61,2.61,0,0,0,0
aten::slice,,,2.55,4.62,0,0,0,0
aten::as_strided,,,2.07,2.07,0,0,0,0
aten::slice,,,2.34,4.4,0,0,0,0
aten::as_strided,,,2.06,2.06,0,0,0,0
aten::slice,,,5.98,11.23,0,0,0,0
aten::as_strided,,,5.25,5.25,0,0,0,0
aten::slice,,,2.73,5.79,0,0,0,0
aten::as_strided,,,3.06,3.06,0,0,0,0
aten::slice,,,2.8,5.42,0,0,0,0
aten::as_strided,,,2.62,2.62,0,0,0,0
aten::to,,,1.46,1.46,0,0,0,0
aten::slice,,,2.75,5.79,0,0,0,0
aten::as_strided,,,3.04,3.04,0,0,0,0
aten::slice,,,2.29,4.62,0,0,0,0
aten::as_strided,,,2.33,2.33,0,0,0,0
aten::slice,,,2.32,3.69,0,0,0,0
aten::as_strided,,,1.37,1.37,0,0,0,0
aten::slice,,,2.89,6.34,0,0,0,0
aten::as_strided,,,3.45,3.45,0,0,0,0
aten::slice,,,3.9,6.1,0,0,0,0
aten::as_strided,,,2.2,2.2,0,0,0,0
aten::slice,,,1.95,3.09,0,0,0,0
aten::as_strided,,,1.14,1.14,0,0,0,0
aten::sub,,,11.39,11.39,0,0,0,0
aten::select,,,3.37,5.06,0,0,0,0
aten::as_strided,,,1.69,1.69,0,0,0,0
aten::item,,,2.05,3.33,0,0,0,0
aten::_local_scalar_dense,,,1.28,1.28,0,0,0,0
aten::gt,,,13.59,28.99,0,0,0,0
aten::to,,,1.5,15.4,0,0,0,0
aten::_to_copy,,,5.03,13.9,0,0,0,0
aten::empty_strided,,,2.73,2.73,0,0,0,0
aten::copy_,,,6.14,6.14,0,0,0,0
aten::any,,,11.53,13.67,0,0,0,0
aten::as_strided,,,1.12,1.12,0,0,0,0
aten::fill_,,,1.02,1.02,0,0,0,0
aten::is_nonzero,,,1.89,4.34,0,0,0,0
aten::item,,,1.38,2.45,0,0,0,0
aten::_local_scalar_dense,,,1.07,1.07,0,0,0,0
aten::to,,,1.09,10.31,0,0,0,0
aten::_to_copy,,,2.8,9.22,0,0,0,0
aten::empty_strided,,,2.06,2.06,0,0,0,0
aten::copy_,,,4.36,4.36,0,0,0,0
aten::argmax,,,12.07,13.55,0,0,0,0
aten::as_strided,,,1.48,1.48,0,0,0,0
aten::item,,,1.16,2.19,0,0,0,0
aten::_local_scalar_dense,,,1.03,1.03,0,0,0,0
aten::select,,,4.86,6.56,0,0,0,0
aten::as_strided,,,1.7,1.7,0,0,0,0
aten::item,,,1.0,2.03,0,0,0,0
aten::_local_scalar_dense,,,1.03,1.03,0,0,0,0
aten::slice,,,2.25,8.16,0,0,0,0
aten::as_strided,,,5.91,5.91,0,0,0,0
aten::alias,,,5.07,5.07,0,0,0,0
aten::div,,,37.96,57.47,0,8.1001875,0,0
aten::item,,,1.33,2.19,0,0,0,0
aten::_local_scalar_dense,,,0.86,0.86,0,0,0,0
aclnnDivMods,,,17.32,17.32,8.1001875,8.1001875,0,0
aten::slice,,,3.26,8.58,0,0,0,0
aten::as_strided,,,5.32,5.32,0,0,0,0
aten::slice,,,4.65,7.18,0,0,0,0
aten::as_strided,,,2.53,2.53,0,0,0,0
aten::copy_,,,66.88,84.43,0,0.60003125,0,0
aclnnInplaceCopy,,,17.55,17.55,0.60003125,0.60003125,0,0
aten::slice,,,3.27,7.29,0,0,0,0
aten::as_strided,,,4.02,4.02,0,0,0,0
aten::slice,,,4.53,7.13,0,0,0,0
aten::as_strided,,,2.6,2.6,0,0,0,0
aten::ge,,,21.9,48.33,0,4.180093749999999,0,0
empty_tensor,,,11.36,11.36,0,0,0,0
aclnnGeScalar,,,15.07,15.07,4.180093749999999,4.180093749999999,0,0
aten::add,,,19.18,33.59,0,3.1600625,0,0
empty_tensor,,,7.03,7.03,0,0,0,0
aten::item,,,2.5,3.88,0,0,0,0
aten::_local_scalar_dense,,,1.38,1.38,0,0,0,0
aclnnAdds,,,3.5,3.5,3.1600625,3.1600625,0,0
aten::remainder,,,20.79,31.25,0,8.62015625,0,0
empty_tensor,,,6.64,6.64,0,0,0,0
aclnnRemainderTensorScalar,,,3.82,3.82,8.62015625,8.62015625,0,0
aten::eq,,,12.32,23.93,0,2.5000625,0,0
empty_tensor,,,5.49,5.49,0,0,0,0
aclnnEqScalar,,,6.12,6.12,2.5000625,2.5000625,0,0
aten::__and__,,,2.99,27.23,0,1.68,0,0
aten::bitwise_and,,,14.53,24.24,0,1.68,0,0
empty_tensor,,,5.28,5.28,0,0,0,0
aclnnBitwiseAndTensor,,,4.43,4.43,1.68,1.68,0,0
aten::clamp_min,,,11.06,20.17,0,2.5400625,0,0
empty_tensor,,,5.81,5.81,0,0,0,0
aclnnClampMin,,,3.3,3.3,2.5400625,2.5400625,0,0
aten::div,,,44.67,58.2,0,8.3801875,0,0
empty_tensor,,,6.88,6.88,0,0,0,0
aten::item,,,1.75,3.14,0,0,0,0
aten::_local_scalar_dense,,,1.39,1.39,0,0,0,0
aclnnDivMods,,,3.51,3.51,8.3801875,8.3801875,0,0
aten::remainder,,,18.62,28.33,0,5.38009375,0,0
empty_tensor,,,6.5,6.5,0,0,0,0
aclnnRemainderTensorScalar,,,3.21,3.21,5.38009375,5.38009375,0,0
aten::mul,,,14.98,27.45,0,1.5200625,0,0
empty_tensor,,,5.74,5.74,0,0,0,0
aten::item,,,1.96,2.91,0,0,0,0
aten::_local_scalar_dense,,,0.95,0.95,0,0,0,0
aclnnMuls,,,3.82,3.82,1.5200625,1.5200625,0,0
aten::div,,,17.56,28.51,0,8.66015625,0,0
empty_tensor,,,5.97,5.97,0,0,0,0
aten::item,,,1.46,2.74,0,0,0,0
aten::_local_scalar_dense,,,1.28,1.28,0,0,0,0
aclnnDivMods,,,2.24,2.24,8.66015625,8.66015625,0,0
aten::add,,,13.46,25.1,0,1.36003125,0,0
empty_tensor,,,5.22,5.22,0,0,0,0
aclnnAdd,,,6.42,6.42,1.36003125,1.36003125,0,0
aten::full_like,,,4.59,35.53,0,1.52003125,0,0
aten::empty_like,,,6.53,17.89,0,0,0,0
aten::empty_strided,,,7.69,11.36,0,0,0,0
empty_tensor,,,3.67,3.67,0,0,0,0
aten::fill_,,,9.9,13.05,0,1.52003125,0,0
aclnnInplaceFillScalar,,,3.15,3.15,1.52003125,1.52003125,0,0
aten::where,,,12.28,21.16,0,1.8600625,0,0
empty_tensor,,,5.45,5.45,0,0,0,0
aclnnSWhere,,,3.43,3.43,1.8600625,1.8600625,0,0
aten::copy_,,,13.96,16.77,0,1.12,0,0
aclnnInplaceCopy,,,2.81,2.81,1.12,1.12,0,0
aten::slice,,,4.07,8.44,0,0,0,0
aten::as_strided,,,4.37,4.37,0,0,0,0
aten::slice,,,6.4,9.37,0,0,0,0
aten::as_strided,,,2.97,2.97,0,0,0,0
aten::div,,,22.05,28.48,0,4.30009375,0,0
aten::item,,,1.93,3.15,0,0,0,0
aten::_local_scalar_dense,,,1.22,1.22,0,0,0,0
aclnnDivMods,,,3.28,3.28,4.30009375,4.30009375,0,0
aten::slice,,,2.43,6.18,0,0,0,0
aten::as_strided,,,3.75,3.75,0,0,0,0
aten::slice,,,3.97,7.01,0,0,0,0
aten::as_strided,,,3.04,3.04,0,0,0,0
aten::slice,,,2.52,4.75,0,0,0,0
aten::as_strided,,,2.23,2.23,0,0,0,0
aten::copy_,,,59.12,63.2,0,0.56003125,0,0
aclnnInplaceCopy,,,4.08,4.08,0.56003125,0.56003125,0,0
aten::slice,,,2.97,6.49,0,0,0,0
aten::as_strided,,,3.52,3.52,0,0,0,0
aten::slice,,,4.61,7.27,0,0,0,0
aten::as_strided,,,2.66,2.66,0,0,0,0
aten::copy_,,,42.3,47.34,0,0.62003125,0,0
aclnnInplaceCopy,,,5.04,5.04,0.62003125,0.62003125,0,0
aten::slice,,,5.92,8.53,0,0,0,0
aten::as_strided,,,2.61,2.61,0,0,0,0
aten::div,,,12.26,29.11,0,0,0,0
aten::to,,,1.73,16.85,0,0,0,0
aten::_to_copy,,,4.62,15.12,0,0,0,0
aten::empty_strided,,,3.27,3.27,0,0,0,0
aten::copy_,,,7.23,7.23,0,0,0,0
aten::slice,,,4.25,9.35,0,0,0,0
aten::as_strided,,,5.1,5.1,0,0,0,0
aten::slice,,,5.24,10.11,0,0,0,0
aten::as_strided,,,4.87,4.87,0,0,0,0
aten::slice,,,3.51,6.91,0,0,0,0
aten::as_strided,,,3.4,3.4,0,0,0,0
aten::slice,,,2.5,5.43,0,0,0,0
aten::as_strided,,,2.93,2.93,0,0,0,0
aten::fill_,,,16.84,34.99,0,0,0,0
aclnnInplaceFillScalar,,,18.15,18.15,0,0,0,0
aten::slice,,,4.28,8.03,0,0,0,0
aten::as_strided,,,3.75,3.75,0,0,0,0
aten::fill_,,,13.04,28.29,0,0,0,0
aclnnInplaceFillScalar,,,15.25,15.25,0,0,0,0
aten::slice,,,4.88,8.93,0,0,0,0
aten::as_strided,,,4.05,4.05,0,0,0,0
aten::slice,,,3.1,5.77,0,0,0,0
aten::as_strided,,,2.67,2.67,0,0,0,0
aten::slice,,,5.36,7.52,0,0,0,0
aten::as_strided,,,2.16,2.16,0,0,0,0
aten::slice,,,3.13,6.74,0,0,0,0
aten::as_strided,,,3.61,3.61,0,0,0,0
aten::slice,,,3.13,6.03,0,0,0,0
aten::as_strided,,,2.9,2.9,0,0,0,0
aten::slice,,,2.37,5.17,0,0,0,0
aten::as_strided,,,2.8,2.8,0,0,0,0
aten::slice,,,2.32,4.72,0,0,0,0
aten::as_strided,,,2.4,2.4,0,0,0,0
aten::fill_,,,16.45,30.72,0,0,0,0
aclnnInplaceFillScalar,,,14.27,14.27,0,0,0,0
aten::slice,,,3.92,7.53,0,0,0,0
aten::as_strided,,,3.61,3.61,0,0,0,0
aten::fill_,,,11.09,21.62,0,0,0,0
aclnnInplaceFillScalar,,,10.53,10.53,0,0,0,0
aten::diff,,,7.66,34.21,0,0,0,0
aten::narrow,,,6.15,10.83,0,0,0,0
aten::slice,,,2.33,4.68,0,0,0,0
aten::as_strided,,,2.35,2.35,0,0,0,0
aten::narrow,,,1.9,4.2,0,0,0,0
aten::slice,,,1.08,2.3,0,0,0,0
aten::as_strided,,,1.22,1.22,0,0,0,0
aten::sub,,,11.52,11.52,0,0,0,0
aten::eq,,,24.12,39.19,0,0,0,0
aten::to,,,1.96,15.07,0,0,0,0
aten::_to_copy,,,4.77,13.11,0,0,0,0
aten::empty_strided,,,2.97,2.97,0,0,0,0
aten::copy_,,,5.37,5.37,0,0,0,0
aten::__and__,,,2.32,8.22,0,0,0,0
aten::bitwise_and,,,5.9,5.9,0,0,0,0
aten::gt,,,7.84,15.82,0,0,0,0
aten::to,,,0.87,7.98,0,0,0,0
aten::_to_copy,,,2.59,7.11,0,0,0,0
aten::empty_strided,,,1.93,1.93,0,0,0,0
aten::copy_,,,2.59,2.59,0,0,0,0
aten::__and__,,,1.63,4.89,0,0,0,0
aten::bitwise_and,,,3.26,3.26,0,0,0,0
aten::any,,,9.34,12.16,0,0,0,0
aten::as_strided,,,1.5,1.5,0,0,0,0
aten::fill_,,,1.32,1.32,0,0,0,0
aten::item,,,1.71,2.81,0,0,0,0
aten::_local_scalar_dense,,,1.1,1.1,0,0,0,0
aten::slice,,,5.32,6.98,0,0,0,0
aten::as_strided,,,1.66,1.66,0,0,0,0
aten::slice,,,2.41,3.21,0,0,0,0
aten::as_strided,,,0.8,0.8,0,0,0,0
aten::sub,,,5.25,5.25,0,0,0,0
aten::select,,,3.24,4.4,0,0,0,0
aten::as_strided,,,1.16,1.16,0,0,0,0
aten::item,,,1.03,2.13,0,0,0,0
aten::_local_scalar_dense,,,1.1,1.1,0,0,0,0
aten::gt,,,7.54,16.06,0,0,0,0
aten::to,,,1.29,8.52,0,0,0,0
aten::_to_copy,,,2.69,7.23,0,0,0,0
aten::empty_strided,,,1.67,1.67,0,0,0,0
aten::copy_,,,2.87,2.87,0,0,0,0
aten::__ior__,,,2.49,8.11,0,0,0,0
aten::bitwise_or_,,,5.62,5.62,0,0,0,0
aten::any,,,7.36,9.04,0,0,0,0
aten::as_strided,,,0.94,0.94,0,0,0,0
aten::fill_,,,0.74,0.74,0,0,0,0
aten::is_nonzero,,,1.47,3.36,0,0,0,0
aten::item,,,1.09,1.89,0,0,0,0
aten::_local_scalar_dense,,,0.8,0.8,0,0,0,0
aten::to,,,0.81,8.48,0,0,0,0
aten::_to_copy,,,2.42,7.67,0,0,0,0
aten::empty_strided,,,2.1,2.1,0,0,0,0
aten::copy_,,,3.15,3.15,0,0,0,0
aten::argmax,,,10.06,11.21,0,0,0,0
aten::as_strided,,,1.15,1.15,0,0,0,0
aten::item,,,1.12,1.93,0,0,0,0
aten::_local_scalar_dense,,,0.81,0.81,0,0,0,0
aten::select,,,4.2,5.38,0,0,0,0
aten::as_strided,,,1.18,1.18,0,0,0,0
aten::item,,,1.07,2.34,0,0,0,0
aten::_local_scalar_dense,,,1.27,1.27,0,0,0,0
aten::select,,,3.67,9.77,0,0,0,0
aten::as_strided,,,6.1,6.1,0,0,0,0
aten::slice,,,3.99,6.71,0,0,0,0
aten::as_strided,,,2.72,2.72,0,0,0,0
aten::sub,,,24.91,56.73,0,1.48003125,0,0
empty_tensor,,,12.25,12.25,0,0,0,0
aten::item,,,1.25,1.96,0,0,0,0
aten::_local_scalar_dense,,,0.71,0.71,0,0,0,0
aclnnSubs,,,17.61,17.61,1.48003125,1.48003125,0,0
aten::slice,,,4.77,6.79,0,0,0,0
aten::as_strided,,,2.02,2.02,0,0,0,0
aten::sub,,,8.66,20.17,0,0,0,0
aten::to,,,1.36,11.51,0,0,0,0
aten::_to_copy,,,3.24,10.15,0,0,0,0
aten::empty_strided,,,2.31,2.31,0,0,0,0
aten::copy_,,,4.6,4.6,0,0,0,0
aten::slice,,,3.83,8.08,0,0,0,0
aten::as_strided,,,4.25,4.25,0,0,0,0
aten::slice,,,2.74,4.49,0,0,0,0
aten::as_strided,,,1.75,1.75,0,0,0,0
aten::slice,,,1.58,2.98,0,0,0,0
aten::as_strided,,,1.4,1.4,0,0,0,0
aten::sub,,,5.9,5.9,0,0,0,0
aten::add,,,5.75,15.29,0,0,0,0
aten::to,,,0.91,9.54,0,0,0,0
aten::_to_copy,,,2.86,8.63,0,0,0,0
aten::empty_strided,,,2.29,2.29,0,0,0,0
aten::copy_,,,3.48,3.48,0,0,0,0
aten::sub,,,5.18,11.98,0,0,0,0
aten::to,,,0.85,6.8,0,0,0,0
aten::_to_copy,,,2.14,5.95,0,0,0,0
aten::empty_strided,,,1.5,1.5,0,0,0,0
aten::copy_,,,2.31,2.31,0,0,0,0
aten::floor_divide,,,8.01,18.03,0,0,0,0
aten::to,,,0.93,7.68,0,0,0,0
aten::_to_copy,,,2.41,6.75,0,0,0,0
aten::empty_strided,,,1.8,1.8,0,0,0,0
aten::copy_,,,2.54,2.54,0,0,0,0
aten::empty,,,2.34,2.34,0,0,0,0
aten::resolve_conj,,,1.09,1.09,0,0,0,0
aten::resolve_neg,,,0.64,0.64,0,0,0,0
aten::arange,,,5.8,20.61,0,0,0,0
aten::empty,,,1.46,1.46,0,0,0,0
aten::arange,,,10.0,13.35,0,0,0,0
aten::resize_,,,3.35,3.35,0,0,0,0
aten::arange,,,2.71,8.49,0,0,0,0
aten::empty,,,1.35,1.35,0,0,0,0
aten::arange,,,3.18,4.43,0,0,0,0
aten::resize_,,,1.25,1.25,0,0,0,0
aten::cat,,,9.09,9.09,0,0,0,0
aten::eq,,,7.34,7.34,0,0,0,0
aten::cumsum,,,8.64,18.32,0,0,0,0
aten::to,,,1.07,9.68,0,0,0,0
aten::_to_copy,,,2.56,8.61,0,0,0,0
aten::empty_strided,,,1.97,1.97,0,0,0,0
aten::copy_,,,4.08,4.08,0,0,0,0
aten::sub,,,4.78,4.78,0,0,0,0
aten::stack,,,4.12,28.18,0,0,0,0
aten::unsqueeze,,,3.09,5.15,0,0,0,0
aten::as_strided,,,2.06,2.06,0,0,0,0
aten::unsqueeze,,,0.94,1.68,0,0,0,0
aten::as_strided,,,0.74,0.74,0,0,0,0
aten::cat,,,10.21,17.23,0,0,0,0
aten::narrow,,,2.88,7.02,0,0,0,0
aten::slice,,,1.87,4.14,0,0,0,0
aten::as_strided,,,2.27,2.27,0,0,0,0
aten::to,,,1.91,10.41,0,0,0,0
aten::_to_copy,,,3.1,8.5,0,0,0,0
aten::empty_strided,,,2.1,2.1,0,0,0,0
aten::copy_,,,3.3,3.3,0,0,0,0
aten::empty,,,2.15,2.15,0,0,0,0
aten::to,,,0.58,0.58,0,0,0,0
aten::lift_fresh,,,0.85,0.85,0,0,0,0
aten::detach_,,,0.79,0.79,0,0,0,0
aten::slice,,,2.05,3.26,0,0,0,0
aten::as_strided,,,1.21,1.21,0,0,0,0
aten::slice,,,1.26,2.15,0,0,0,0
aten::as_strided,,,0.89,0.89,0,0,0,0
aten::sub,,,5.33,5.33,0,0,0,0
aten::add,,,6.72,19.17,0,0,0,0
aten::to,,,1.49,12.45,0,0,0,0
aten::_to_copy,,,2.59,10.96,0,0,0,0
aten::empty_strided,,,5.2,5.2,0,0,0,0
aten::copy_,,,3.17,3.17,0,0,0,0
aten::sub,,,20.19,26.91,0,0,0,0
aten::to,,,0.87,6.72,0,0,0,0
aten::_to_copy,,,2.08,5.85,0,0,0,0
aten::empty_strided,,,1.19,1.19,0,0,0,0
aten::copy_,,,2.58,2.58,0,0,0,0
aten::floor_divide,,,7.15,22.35,0,0,0,0
aten::to,,,1.02,8.3,0,0,0,0
aten::_to_copy,,,2.7,7.28,0,0,0,0
aten::empty_strided,,,1.81,1.81,0,0,0,0
aten::copy_,,,2.77,2.77,0,0,0,0
aten::empty,,,6.9,6.9,0,0,0,0
aten::cat,,,5.23,5.23,0,0,0,0
aten::cumsum,,,6.41,15.83,0,0,0,0
aten::to,,,0.76,9.42,0,0,0,0
aten::_to_copy,,,2.44,8.66,0,0,0,0
aten::empty_strided,,,2.35,2.35,0,0,0,0
aten::copy_,,,3.87,3.87,0,0,0,0
aten::empty,,,2.08,2.08,0,0,0,0
aten::to,,,0.82,0.82,0,0,0,0
aten::lift_fresh,,,0.59,0.59,0,0,0,0
aten::detach_,,,0.91,0.91,0,0,0,0
aten::slice,,,2.26,3.67,0,0,0,0
aten::as_strided,,,1.41,1.41,0,0,0,0
aten::slice,,,1.12,1.84,0,0,0,0
aten::as_strided,,,0.72,0.72,0,0,0,0
aten::sub,,,16.04,16.04,0,0,0,0
aten::add,,,6.14,16.82,0,0,0,0
aten::to,,,0.79,10.68,0,0,0,0
aten::_to_copy,,,3.07,9.89,0,0,0,0
aten::empty_strided,,,3.77,3.77,0,0,0,0
aten::copy_,,,3.05,3.05,0,0,0,0
aten::sub,,,6.5,12.48,0,0,0,0
aten::to,,,0.65,5.98,0,0,0,0
aten::_to_copy,,,1.88,5.33,0,0,0,0
aten::empty_strided,,,1.29,1.29,0,0,0,0
aten::copy_,,,2.16,2.16,0,0,0,0
aten::floor_divide,,,6.45,14.61,0,0,0,0
aten::to,,,0.74,6.7,0,0,0,0
aten::_to_copy,,,2.38,5.96,0,0,0,0
aten::empty_strided,,,1.35,1.35,0,0,0,0
aten::copy_,,,2.23,2.23,0,0,0,0
aten::empty,,,1.46,1.46,0,0,0,0
aten::add,,,4.42,17.02,0,0,0,0
aten::to,,,0.69,12.6,0,0,0,0
aten::_to_copy,,,2.83,11.91,0,0,0,0
aten::empty_strided,,,6.7,6.7,0,0,0,0
aten::copy_,,,2.38,2.38,0,0,0,0
aten::cat,,,3.99,3.99,0,0,0,0
aten::cumsum,,,5.61,14.49,0,0,0,0
aten::to,,,0.8,8.88,0,0,0,0
aten::_to_copy,,,2.18,8.08,0,0,0,0
aten::empty_strided,,,1.52,1.52,0,0,0,0
aten::copy_,,,4.38,4.38,0,0,0,0
aten::slice,,,1.93,3.33,0,0,0,0
aten::as_strided,,,1.4,1.4,0,0,0,0
aten::slice,,,1.08,1.79,0,0,0,0
aten::as_strided,,,0.71,0.71,0,0,0,0
aten::sub,,,3.98,3.98,0,0,0,0
aten::add,,,4.67,14.18,0,0,0,0
aten::to,,,0.86,9.51,0,0,0,0
aten::_to_copy,,,3.55,8.65,0,0,0,0
aten::empty_strided,,,2.53,2.53,0,0,0,0
aten::copy_,,,2.57,2.57,0,0,0,0
aten::sub,,,13.55,19.47,0,0,0,0
aten::to,,,0.74,5.92,0,0,0,0
aten::_to_copy,,,2.14,5.18,0,0,0,0
aten::empty_strided,,,1.06,1.06,0,0,0,0
aten::copy_,,,1.98,1.98,0,0,0,0
aten::floor_divide,,,6.63,15.04,0,0,0,0
aten::to,,,0.74,7.05,0,0,0,0
aten::_to_copy,,,2.47,6.31,0,0,0,0
aten::empty_strided,,,1.41,1.41,0,0,0,0
aten::copy_,,,2.43,2.43,0,0,0,0
aten::empty,,,1.36,1.36,0,0,0,0
aten::add,,,4.09,17.61,0,0,0,0
aten::to,,,0.83,13.52,0,0,0,0
aten::_to_copy,,,3.79,12.69,0,0,0,0
aten::empty_strided,,,6.56,6.56,0,0,0,0
aten::copy_,,,2.34,2.34,0,0,0,0
aten::cumsum,,,4.94,11.55,0,0,0,0
aten::to,,,0.7,6.61,0,0,0,0
aten::_to_copy,,,2.08,5.91,0,0,0,0
aten::empty_strided,,,1.31,1.31,0,0,0,0
aten::copy_,,,2.52,2.52,0,0,0,0
aten::sub,,,4.21,4.21,0,0,0,0
aten::slice,,,2.02,3.52,0,0,0,0
aten::as_strided,,,1.5,1.5,0,0,0,0
aten::slice,,,1.22,1.95,0,0,0,0
aten::as_strided,,,0.73,0.73,0,0,0,0
aten::sub,,,3.44,3.44,0,0,0,0
aten::add,,,4.16,18.83,0,0,0,0
aten::to,,,0.86,14.67,0,0,0,0
aten::_to_copy,,,4.39,13.81,0,0,0,0
aten::empty_strided,,,6.52,6.52,0,0,0,0
aten::copy_,,,2.9,2.9,0,0,0,0
aten::sub,,,13.03,18.89,0,0,0,0
aten::to,,,0.65,5.86,0,0,0,0
aten::_to_copy,,,1.97,5.21,0,0,0,0
aten::empty_strided,,,1.23,1.23,0,0,0,0
aten::copy_,,,2.01,2.01,0,0,0,0
aten::floor_divide,,,7.23,16.01,0,0,0,0
aten::to,,,0.73,7.52,0,0,0,0
aten::_to_copy,,,2.61,6.79,0,0,0,0
aten::empty_strided,,,1.63,1.63,0,0,0,0
aten::copy_,,,2.55,2.55,0,0,0,0
aten::empty,,,1.26,1.26,0,0,0,0
aten::resolve_conj,,,0.93,0.93,0,0,0,0
aten::resolve_neg,,,0.45,0.45,0,0,0,0
aten::arange,,,4.27,14.7,0,0,0,0
aten::empty,,,1.29,1.29,0,0,0,0
aten::arange,,,6.58,9.14,0,0,0,0
aten::resize_,,,2.56,2.56,0,0,0,0
aten::arange,,,2.31,7.51,0,0,0,0
aten::empty,,,1.03,1.03,0,0,0,0
aten::arange,,,3.22,4.17,0,0,0,0
aten::resize_,,,0.95,0.95,0,0,0,0
aten::cat,,,5.24,5.24,0,0,0,0
aten::eq,,,6.64,6.64,0,0,0,0
aten::cumsum,,,5.29,12.62,0,0,0,0
aten::to,,,0.7,7.33,0,0,0,0
aten::_to_copy,,,2.29,6.63,0,0,0,0
aten::empty_strided,,,1.39,1.39,0,0,0,0
aten::copy_,,,2.95,2.95,0,0,0,0
aten::sub,,,3.66,3.66,0,0,0,0
aten::stack,,,3.99,25.34,0,0,0,0
aten::unsqueeze,,,2.14,4.0,0,0,0,0
aten::as_strided,,,1.86,1.86,0,0,0,0
aten::unsqueeze,,,0.9,2.18,0,0,0,0
aten::as_strided,,,1.28,1.28,0,0,0,0
aten::cat,,,8.39,15.17,0,0,0,0
aten::narrow,,,2.46,6.78,0,0,0,0
aten::slice,,,1.68,4.32,0,0,0,0
aten::as_strided,,,2.64,2.64,0,0,0,0
aten::to,,,1.48,9.93,0,0,0,0
aten::_to_copy,,,2.99,8.45,0,0,0,0
aten::empty_strided,,,2.26,2.26,0,0,0,0
aten::copy_,,,3.2,3.2,0,0,0,0
aten::slice,,,1.54,2.96,0,0,0,0
aten::as_strided,,,1.42,1.42,0,0,0,0
aten::slice,,,1.09,2.18,0,0,0,0
aten::as_strided,,,1.09,1.09,0,0,0,0
aten::sub,,,4.12,4.12,0,0,0,0
aten::add,,,5.06,12.86,0,0,0,0
aten::to,,,0.83,7.8,0,0,0,0
aten::_to_copy,,,2.19,6.97,0,0,0,0
aten::empty_strided,,,2.27,2.27,0,0,0,0
aten::copy_,,,2.51,2.51,0,0,0,0
aten::sub,,,4.06,10.16,0,0,0,0
aten::to,,,1.04,6.1,0,0,0,0
aten::_to_copy,,,1.8,5.06,0,0,0,0
aten::empty_strided,,,1.26,1.26,0,0,0,0
aten::copy_,,,2.0,2.0,0,0,0,0
aten::floor_divide,,,5.82,14.46,0,0,0,0
aten::to,,,0.71,7.14,0,0,0,0
aten::_to_copy,,,2.29,6.43,0,0,0,0
aten::empty_strided,,,1.54,1.54,0,0,0,0
aten::copy_,,,2.6,2.6,0,0,0,0
aten::empty,,,1.5,1.5,0,0,0,0
aten::resolve_conj,,,0.82,0.82,0,0,0,0
aten::resolve_neg,,,0.41,0.41,0,0,0,0
aten::arange,,,2.94,11.04,0,0,0,0
aten::empty,,,1.23,1.23,0,0,0,0
aten::arange,,,4.99,6.87,0,0,0,0
aten::resize_,,,1.88,1.88,0,0,0,0
aten::arange,,,2.77,7.86,0,0,0,0
aten::empty,,,1.15,1.15,0,0,0,0
aten::arange,,,2.99,3.94,0,0,0,0
aten::resize_,,,0.95,0.95,0,0,0,0
aten::cat,,,13.97,13.97,0,0,0,0
aten::eq,,,6.83,6.83,0,0,0,0
aten::cumsum,,,6.22,14.75,0,0,0,0
aten::to,,,0.78,8.53,0,0,0,0
aten::_to_copy,,,3.03,7.75,0,0,0,0
aten::empty_strided,,,1.8,1.8,0,0,0,0
aten::copy_,,,2.92,2.92,0,0,0,0
aten::sub,,,3.35,3.35,0,0,0,0
aten::stack,,,2.81,21.72,0,0,0,0
aten::unsqueeze,,,2.04,3.57,0,0,0,0
aten::as_strided,,,1.53,1.53,0,0,0,0
aten::unsqueeze,,,0.73,2.09,0,0,0,0
aten::as_strided,,,1.36,1.36,0,0,0,0
aten::cat,,,7.52,13.25,0,0,0,0
aten::narrow,,,2.34,5.73,0,0,0,0
aten::slice,,,1.57,3.39,0,0,0,0
aten::as_strided,,,1.82,1.82,0,0,0,0
aten::to,,,1.11,8.97,0,0,0,0
aten::_to_copy,,,2.47,7.86,0,0,0,0
aten::empty_strided,,,1.79,1.79,0,0,0,0
aten::copy_,,,3.6,3.6,0,0,0,0
aten::to,,,0.84,7.71,0,0,0,0
aten::_to_copy,,,2.16,6.87,0,0,0,0
aten::empty_strided,,,1.86,1.86,0,0,0,0
aten::copy_,,,2.85,2.85,0,0,0,0
aten::reshape,,,1.72,4.21,0,0,0,0
aten::view,,,2.49,2.49,0,0,0,0
aten::resolve_conj,,,0.88,0.88,0,0,0,0
aten::resolve_neg,,,0.78,0.78,0,0,0,0
aten::empty,,,2.52,2.52,0,0,0,0
aten::to,,,0.55,0.55,0,0,0,0
aten::lift_fresh,,,0.79,0.79,0,0,0,0
aten::detach_,,,0.44,0.44,0,0,0,0
aten::slice,,,1.85,3.73,0,0,0,0
aten::as_strided,,,1.88,1.88,0,0,0,0
aten::slice,,,1.13,2.15,0,0,0,0
aten::as_strided,,,1.02,1.02,0,0,0,0
aten::sub,,,5.14,5.14,0,0,0,0
aten::gt,,,6.52,6.52,0,0,0,0
aten::all,,,11.79,13.89,0,0,0,0
aten::as_strided,,,1.17,1.17,0,0,0,0
aten::fill_,,,0.93,0.93,0,0,0,0
aten::is_nonzero,,,1.86,4.91,0,0,0,0
aten::item,,,1.58,3.05,0,0,0,0
aten::_local_scalar_dense,,,1.47,1.47,0,0,0,0
aten::to,,,1.05,10.15,0,0,0,0
aten::_to_copy,,,3.07,9.1,0,0,0,0
aten::empty_strided,,,2.07,2.07,0,0,0,0
aten::copy_,,,3.96,3.96,0,0,0,0
aten::reshape,,,1.45,3.43,0,0,0,0
aten::view,,,1.98,1.98,0,0,0,0
aten::resolve_conj,,,0.78,0.78,0,0,0,0
aten::resolve_neg,,,0.86,0.86,0,0,0,0
aten::to,,,2.47,179.33,0,0,0,0
aten::_to_copy,,,7.44,176.86,0,0,0,0
aten::empty_strided,,,11.75,19.4,0,0,0,0
empty_tensor,,,7.65,7.65,0,0,0,0
aten::copy_,,,131.97,150.02,0,0,0,0
acl_memcpy_host_to_device,,,18.05,18.05,0,0,0,0
aten::to,,,3.24,115.56,0,0,0,0
aten::_to_copy,,,5.98,112.32,0,0,0,0
aten::empty_strided,,,10.03,15.79,0,0,0,0
empty_tensor,,,5.76,5.76,0,0,0,0
aten::copy_,,,76.79,90.55,0,0,0,0
acl_memcpy_host_to_device,,,13.76,13.76,0,0,0,0
aten::to,,,2.57,99.12,0,0,0,0
aten::_to_copy,,,5.23,96.55,0,0,0,0
aten::empty_strided,,,8.32,13.15,0,0,0,0
empty_tensor,,,4.83,4.83,0,0,0,0
aten::copy_,,,65.05,78.17,0,0,0,0
acl_memcpy_host_to_device,,,13.12,13.12,0,0,0,0
aten::to,,,2.8,95.63,0,0,0,0
aten::_to_copy,,,4.49,92.83,0,0,0,0
aten::empty_strided,,,7.64,12.41,0,0,0,0
empty_tensor,,,4.77,4.77,0,0,0,0
aten::copy_,,,60.83,75.93,0,0,0,0
acl_memcpy_host_to_device,,,15.1,15.1,0,0,0,0
aten::to,,,2.7,100.61,0,0,0,0
aten::_to_copy,,,4.97,97.91,0,0,0,0
aten::empty_strided,,,8.9,14.21,0,0,0,0
empty_tensor,,,5.31,5.31,0,0,0,0
aten::copy_,,,62.93,78.73,0,0,0,0
acl_memcpy_host_to_device,,,15.8,15.8,0,0,0,0
aten::to,,,2.66,85.74,0,0,0,0
aten::_to_copy,,,5.13,83.08,0,0,0,0
aten::empty_strided,,,7.76,12.38,0,0,0,0
empty_tensor,,,4.62,4.62,0,0,0,0
aten::copy_,,,55.13,65.57,0,0,0,0
acl_memcpy_host_to_device,,,10.44,10.44,0,0,0,0
aten::slice,,,9.47,15.81,0,0,0,0
aten::as_strided,,,6.34,6.34,0,0,0,0
aten::slice,,,3.13,5.98,0,0,0,0
aten::as_strided,,,2.85,2.85,0,0,0,0
aten::sub,,,23.88,48.32,0,1.74003125,0,0
empty_tensor,,,9.45,9.45,0,0,0,0
aclnnSub,,,14.99,14.99,1.74003125,1.74003125,0,0
aten::sub,,,14.49,28.33,0,1.32003125,0,0
empty_tensor,,,8.11,8.11,0,0,0,0
aclnnSub,,,5.73,5.73,1.32003125,1.32003125,0,0
aten::gt,,,35.88,47.09,0,4.02009375,0,0
empty_tensor,,,5.81,5.81,0,0,0,0
aclnnGtScalar,,,5.4,5.4,4.02009375,4.02009375,0,0
aten::slice,,,3.31,7.94,0,0,0,0
aten::as_strided,,,4.63,4.63,0,0,0,0
aten::slice,,,6.48,11.31,0,0,0,0
aten::as_strided,,,4.83,4.83,0,0,0,0
aten::slice,,,3.39,6.67,0,0,0,0
aten::as_strided,,,3.28,3.28,0,0,0,0
aten::slice,,,3.1,6.11,0,0,0,0
aten::as_strided,,,3.01,3.01,0,0,0,0
aten::empty_like,,,5.16,18.58,0,0,0,0
aten::empty_strided,,,8.5,13.42,0,0,0,0
empty_tensor,,,4.92,4.92,0,0,0,0
aten::slice,,,1.81,4.66,0,0,0,0
aten::as_strided,,,2.85,2.85,0,0,0,0
aten::slice,,,2.8,5.03,0,0,0,0
aten::as_strided,,,2.23,2.23,0,0,0,0
aten::copy_,,,61.92,82.78,0,0.5,0,0
aclnnInplaceCopy,,,20.86,20.86,0.5,0.5,0,0
aten::slice,,,6.14,10.26,0,0,0,0
aten::as_strided,,,4.12,4.12,0,0,0,0
aten::slice,,,2.3,4.75,0,0,0,0
aten::as_strided,,,2.45,2.45,0,0,0,0
aten::slice,,,1.28,3.48,0,0,0,0
aten::as_strided,,,2.2,2.2,0,0,0,0
aten::sub,,,29.23,48.37,0,1.26003125,0,0
aclnnSub,,,19.14,19.14,1.26003125,1.26003125,0,0
aten::slice,,,7.94,11.08,0,0,0,0
aten::as_strided,,,3.14,3.14,0,0,0,0
aten::slice,,,2.98,7.09,0,0,0,0
aten::as_strided,,,4.11,4.11,0,0,0,0
aten::slice,,,3.04,5.81,0,0,0,0
aten::as_strided,,,2.77,2.77,0,0,0,0
aten::slice,,,2.79,5.98,0,0,0,0
aten::as_strided,,,3.19,3.19,0,0,0,0
aten::slice,,,2.66,4.75,0,0,0,0
aten::as_strided,,,2.09,2.09,0,0,0,0
aten::fill_,,,16.3,30.54,0,0,0,0
aclnnInplaceFillScalar,,,14.24,14.24,0,0,0,0
aten::slice,,,4.21,7.69,0,0,0,0
aten::as_strided,,,3.48,3.48,0,0,0,0
aten::fill_,,,12.6,24.67,0,0,0,0
aclnnInplaceFillScalar,,,12.07,12.07,0,0,0,0
aten::diff,,,7.35,33.73,0,0,0,0
aten::narrow,,,5.3,9.81,0,0,0,0
aten::slice,,,2.6,4.51,0,0,0,0
aten::as_strided,,,1.91,1.91,0,0,0,0
aten::narrow,,,2.01,4.24,0,0,0,0
aten::slice,,,1.42,2.23,0,0,0,0
aten::as_strided,,,0.81,0.81,0,0,0,0
aten::sub,,,12.33,12.33,0,0,0,0
aten::eq,,,12.07,27.24,0,0,0,0
aten::to,,,1.83,15.17,0,0,0,0
aten::_to_copy,,,4.57,13.34,0,0,0,0
aten::empty_strided,,,3.15,3.15,0,0,0,0
aten::copy_,,,5.62,5.62,0,0,0,0
aten::__and__,,,2.27,6.66,0,0,0,0
aten::bitwise_and,,,4.39,4.39,0,0,0,0
aten::gt,,,7.77,16.96,0,0,0,0
aten::to,,,0.99,9.19,0,0,0,0
aten::_to_copy,,,2.76,8.2,0,0,0,0
aten::empty_strided,,,2.31,2.31,0,0,0,0
aten::copy_,,,3.13,3.13,0,0,0,0
aten::__and__,,,1.62,4.68,0,0,0,0
aten::bitwise_and,,,3.06,3.06,0,0,0,0
aten::any,,,8.91,11.22,0,0,0,0
aten::as_strided,,,1.23,1.23,0,0,0,0
aten::fill_,,,1.08,1.08,0,0,0,0
aten::item,,,1.92,3.28,0,0,0,0
aten::_local_scalar_dense,,,1.36,1.36,0,0,0,0
aten::slice,,,4.15,6.2,0,0,0,0
aten::as_strided,,,2.05,2.05,0,0,0,0
aten::slice,,,2.22,3.09,0,0,0,0
aten::as_strided,,,0.87,0.87,0,0,0,0
aten::sub,,,4.81,4.81,0,0,0,0
aten::select,,,3.1,4.38,0,0,0,0
aten::as_strided,,,1.28,1.28,0,0,0,0
aten::item,,,0.99,2.09,0,0,0,0
aten::_local_scalar_dense,,,1.1,1.1,0,0,0,0
aten::gt,,,7.36,16.28,0,0,0,0
aten::to,,,1.12,8.92,0,0,0,0
aten::_to_copy,,,2.61,7.8,0,0,0,0
aten::empty_strided,,,1.98,1.98,0,0,0,0
aten::copy_,,,3.21,3.21,0,0,0,0
aten::__ior__,,,1.96,6.06,0,0,0,0
aten::bitwise_or_,,,4.1,4.1,0,0,0,0
aten::any,,,7.41,9.53,0,0,0,0
aten::as_strided,,,1.21,1.21,0,0,0,0
aten::fill_,,,0.91,0.91,0,0,0,0
aten::is_nonzero,,,1.55,3.88,0,0,0,0
aten::item,,,1.26,2.33,0,0,0,0
aten::_local_scalar_dense,,,1.07,1.07,0,0,0,0
aten::to,,,1.01,8.92,0,0,0,0
aten::_to_copy,,,2.66,7.91,0,0,0,0
aten::empty_strided,,,1.97,1.97,0,0,0,0
aten::copy_,,,3.28,3.28,0,0,0,0
aten::argmax,,,9.65,10.73,0,0,0,0
aten::as_strided,,,1.08,1.08,0,0,0,0
aten::item,,,1.21,2.02,0,0,0,0
aten::_local_scalar_dense,,,0.81,0.81,0,0,0,0
aten::select,,,4.83,5.91,0,0,0,0
aten::as_strided,,,1.08,1.08,0,0,0,0
aten::item,,,1.02,1.72,0,0,0,0
aten::_local_scalar_dense,,,0.7,0.7,0,0,0,0
aten::select,,,3.1,8.46,0,0,0,0
aten::as_strided,,,5.36,5.36,0,0,0,0
aten::slice,,,4.16,6.66,0,0,0,0
aten::as_strided,,,2.5,2.5,0,0,0,0
aten::sub,,,24.2,56.68,0,1.44003125,0,0
empty_tensor,,,11.31,11.31,0,0,0,0
aten::item,,,1.13,1.85,0,0,0,0
aten::_local_scalar_dense,,,0.72,0.72,0,0,0,0
aclnnSubs,,,19.32,19.32,1.44003125,1.44003125,0,0
aten::slice,,,5.09,6.7,0,0,0,0
aten::as_strided,,,1.61,1.61,0,0,0,0
aten::sub,,,8.47,20.89,0,0,0,0
aten::to,,,1.28,12.42,0,0,0,0
aten::_to_copy,,,3.77,11.14,0,0,0,0
aten::empty_strided,,,2.52,2.52,0,0,0,0
aten::copy_,,,4.85,4.85,0,0,0,0
aten::slice,,,3.92,8.92,0,0,0,0
aten::as_strided,,,5.0,5.0,0,0,0,0
aten::slice,,,2.37,4.17,0,0,0,0
aten::as_strided,,,1.8,1.8,0,0,0,0
aten::slice,,,1.74,3.48,0,0,0,0
aten::as_strided,,,1.74,1.74,0,0,0,0
aten::sub,,,5.34,5.34,0,0,0,0
aten::add,,,6.02,15.82,0,0,0,0
aten::to,,,1.18,9.8,0,0,0,0
aten::_to_copy,,,3.06,8.62,0,0,0,0
aten::empty_strided,,,2.17,2.17,0,0,0,0
aten::copy_,,,3.39,3.39,0,0,0,0
aten::sub,,,5.78,25.38,0,0,0,0
aten::to,,,0.83,19.6,0,0,0,0
aten::_to_copy,,,2.25,18.77,0,0,0,0
aten::empty_strided,,,1.28,1.28,0,0,0,0
aten::copy_,,,15.24,15.24,0,0,0,0
aten::floor_divide,,,7.18,16.52,0,0,0,0
aten::to,,,0.84,7.58,0,0,0,0
aten::_to_copy,,,2.41,6.74,0,0,0,0
aten::empty_strided,,,1.66,1.66,0,0,0,0
aten::copy_,,,2.67,2.67,0,0,0,0
aten::empty,,,1.76,1.76,0,0,0,0
aten::resolve_conj,,,1.04,1.04,0,0,0,0
aten::resolve_neg,,,0.59,0.59,0,0,0,0
aten::arange,,,3.98,14.5,0,0,0,0
aten::empty,,,1.66,1.66,0,0,0,0
aten::arange,,,6.88,8.86,0,0,0,0
aten::resize_,,,1.98,1.98,0,0,0,0
aten::arange,,,2.49,7.86,0,0,0,0
aten::empty,,,1.24,1.24,0,0,0,0
aten::arange,,,3.06,4.13,0,0,0,0
aten::resize_,,,1.07,1.07,0,0,0,0
aten::cat,,,6.65,6.65,0,0,0,0
aten::eq,,,7.07,7.07,0,0,0,0
aten::cumsum,,,6.58,15.11,0,0,0,0
aten::to,,,0.9,8.53,0,0,0,0
aten::_to_copy,,,2.55,7.63,0,0,0,0
aten::empty_strided,,,2.0,2.0,0,0,0,0
aten::copy_,,,3.08,3.08,0,0,0,0
aten::sub,,,4.11,4.11,0,0,0,0
aten::stack,,,3.66,25.36,0,0,0,0
aten::unsqueeze,,,2.38,4.29,0,0,0,0
aten::as_strided,,,1.91,1.91,0,0,0,0
aten::unsqueeze,,,0.81,1.72,0,0,0,0
aten::as_strided,,,0.91,0.91,0,0,0,0
aten::cat,,,9.16,15.69,0,0,0,0
aten::narrow,,,2.57,6.53,0,0,0,0
aten::slice,,,1.77,3.96,0,0,0,0
aten::as_strided,,,2.19,2.19,0,0,0,0
aten::to,,,1.48,9.85,0,0,0,0
aten::_to_copy,,,2.87,8.37,0,0,0,0
aten::empty_strided,,,2.28,2.28,0,0,0,0
aten::copy_,,,3.22,3.22,0,0,0,0
aten::empty,,,2.27,2.27,0,0,0,0
aten::to,,,0.68,0.68,0,0,0,0
aten::lift_fresh,,,0.95,0.95,0,0,0,0
aten::detach_,,,0.48,0.48,0,0,0,0
aten::slice,,,1.93,3.33,0,0,0,0
aten::as_strided,,,1.4,1.4,0,0,0,0
aten::slice,,,1.09,1.96,0,0,0,0
aten::as_strided,,,0.87,0.87,0,0,0,0
aten::sub,,,4.63,4.63,0,0,0,0
aten::add,,,5.35,14.32,0,0,0,0
aten::to,,,0.98,8.97,0,0,0,0
aten::_to_copy,,,2.72,7.99,0,0,0,0
aten::empty_strided,,,2.47,2.47,0,0,0,0
aten::copy_,,,2.8,2.8,0,0,0,0
aten::sub,,,4.28,10.6,0,0,0,0
aten::to,,,0.76,6.32,0,0,0,0
aten::_to_copy,,,2.09,5.56,0,0,0,0
aten::empty_strided,,,1.27,1.27,0,0,0,0
aten::copy_,,,2.2,2.2,0,0,0,0
aten::floor_divide,,,6.01,14.74,0,0,0,0
aten::to,,,0.91,7.35,0,0,0,0
aten::_to_copy,,,2.5,6.44,0,0,0,0
aten::empty_strided,,,1.44,1.44,0,0,0,0
aten::copy_,,,2.5,2.5,0,0,0,0
aten::empty,,,1.38,1.38,0,0,0,0
aten::cat,,,4.5,4.5,0,0,0,0
aten::cumsum,,,5.73,14.35,0,0,0,0
aten::to,,,0.83,8.62,0,0,0,0
aten::_to_copy,,,2.54,7.79,0,0,0,0
aten::empty_strided,,,1.9,1.9,0,0,0,0
aten::copy_,,,3.35,3.35,0,0,0,0
aten::empty,,,2.35,2.35,0,0,0,0
aten::to,,,0.94,0.94,0,0,0,0
aten::lift_fresh,,,0.75,0.75,0,0,0,0
aten::detach_,,,0.57,0.57,0,0,0,0
aten::slice,,,2.09,3.56,0,0,0,0
aten::as_strided,,,1.47,1.47,0,0,0,0
aten::slice,,,1.21,2.11,0,0,0,0
aten::as_strided,,,0.9,0.9,0,0,0,0
aten::sub,,,4.45,4.45,0,0,0,0
aten::add,,,5.19,14.03,0,0,0,0
aten::to,,,1.11,8.84,0,0,0,0
aten::_to_copy,,,2.44,7.73,0,0,0,0
aten::empty_strided,,,2.33,2.33,0,0,0,0
aten::copy_,,,2.96,2.96,0,0,0,0
aten::sub,,,4.69,11.93,0,0,0,0
aten::to,,,0.88,7.24,0,0,0,0
aten::_to_copy,,,2.62,6.36,0,0,0,0
aten::empty_strided,,,1.45,1.45,0,0,0,0
aten::copy_,,,2.29,2.29,0,0,0,0
aten::floor_divide,,,5.68,22.66,0,0,0,0
aten::to,,,0.89,15.51,0,0,0,0
aten::_to_copy,,,10.47,14.62,0,0,0,0
aten::empty_strided,,,1.71,1.71,0,0,0,0
aten::copy_,,,2.44,2.44,0,0,0,0
aten::empty,,,1.47,1.47,0,0,0,0
aten::add,,,4.67,11.47,0,0,0,0
aten::to,,,0.9,6.8,0,0,0,0
aten::_to_copy,,,2.12,5.9,0,0,0,0
aten::empty_strided,,,1.61,1.61,0,0,0,0
aten::copy_,,,2.17,2.17,0,0,0,0
aten::cat,,,4.14,4.14,0,0,0,0
aten::cumsum,,,5.57,24.11,0,0,0,0
aten::to,,,11.6,18.54,0,0,0,0
aten::_to_copy,,,2.3,6.94,0,0,0,0
aten::empty_strided,,,1.7,1.7,0,0,0,0
aten::copy_,,,2.94,2.94,0,0,0,0
aten::slice,,,2.26,3.65,0,0,0,0
aten::as_strided,,,1.39,1.39,0,0,0,0
aten::slice,,,1.19,2.16,0,0,0,0
aten::as_strided,,,0.97,0.97,0,0,0,0
aten::sub,,,4.1,4.1,0,0,0,0
aten::add,,,4.77,16.31,0,0,0,0
aten::to,,,0.88,11.54,0,0,0,0
aten::_to_copy,,,5.43,10.66,0,0,0,0
aten::empty_strided,,,2.24,2.24,0,0,0,0
aten::copy_,,,2.99,2.99,0,0,0,0
aten::sub,,,4.52,11.39,0,0,0,0
aten::to,,,0.96,6.87,0,0,0,0
aten::_to_copy,,,2.15,5.91,0,0,0,0
aten::empty_strided,,,1.62,1.62,0,0,0,0
aten::copy_,,,2.14,2.14,0,0,0,0
aten::floor_divide,,,5.96,28.83,0,0,0,0
aten::to,,,1.02,21.24,0,0,0,0
aten::_to_copy,,,15.39,20.22,0,0,0,0
aten::empty_strided,,,2.2,2.2,0,0,0,0
aten::copy_,,,2.63,2.63,0,0,0,0
aten::empty,,,1.63,1.63,0,0,0,0
aten::add,,,4.62,11.12,0,0,0,0
aten::to,,,0.85,6.5,0,0,0,0
aten::_to_copy,,,2.0,5.65,0,0,0,0
aten::empty_strided,,,1.42,1.42,0,0,0,0
aten::copy_,,,2.23,2.23,0,0,0,0
aten::cumsum,,,7.08,15.06,0,0,0,0
aten::to,,,0.64,7.98,0,0,0,0
aten::_to_copy,,,2.13,7.34,0,0,0,0
aten::empty_strided,,,2.45,2.45,0,0,0,0
aten::copy_,,,2.76,2.76,0,0,0,0
aten::sub,,,4.9,4.9,0,0,0,0
aten::slice,,,2.51,4.22,0,0,0,0
aten::as_strided,,,1.71,1.71,0,0,0,0
aten::slice,,,1.45,14.7,0,0,0,0
aten::as_strided,,,13.25,13.25,0,0,0,0
aten::sub,,,4.87,4.87,0,0,0,0
aten::add,,,5.53,16.09,0,0,0,0
aten::to,,,0.81,10.56,0,0,0,0
aten::_to_copy,,,2.54,9.75,0,0,0,0
aten::empty_strided,,,4.14,4.14,0,0,0,0
aten::copy_,,,3.07,3.07,0,0,0,0
aten::sub,,,5.53,18.56,0,0,0,0
aten::to,,,0.75,13.03,0,0,0,0
aten::_to_copy,,,2.45,12.28,0,0,0,0
aten::empty_strided,,,7.39,7.39,0,0,0,0
aten::copy_,,,2.44,2.44,0,0,0,0
aten::floor_divide,,,5.98,24.6,0,0,0,0
aten::to,,,1.25,16.66,0,0,0,0
aten::_to_copy,,,2.97,15.41,0,0,0,0
aten::empty_strided,,,9.53,9.53,0,0,0,0
aten::copy_,,,2.91,2.91,0,0,0,0
aten::empty,,,1.96,1.96,0,0,0,0
aten::resolve_conj,,,0.96,0.96,0,0,0,0
aten::resolve_neg,,,0.5,0.5,0,0,0,0
aten::arange,,,3.75,14.07,0,0,0,0
aten::empty,,,1.71,1.71,0,0,0,0
aten::arange,,,6.7,8.61,0,0,0,0
aten::resize_,,,1.91,1.91,0,0,0,0
aten::arange,,,2.27,7.67,0,0,0,0
aten::empty,,,1.23,1.23,0,0,0,0
aten::arange,,,3.09,4.17,0,0,0,0
aten::resize_,,,1.08,1.08,0,0,0,0
aten::cat,,,20.64,20.64,0,0,0,0
aten::eq,,,8.05,8.05,0,0,0,0
aten::cumsum,,,6.55,16.78,0,0,0,0
aten::to,,,0.94,10.23,0,0,0,0
aten::_to_copy,,,3.19,9.29,0,0,0,0
aten::empty_strided,,,2.68,2.68,0,0,0,0
aten::copy_,,,3.42,3.42,0,0,0,0
aten::sub,,,4.41,4.41,0,0,0,0
aten::stack,,,3.34,34.73,0,0,0,0
aten::unsqueeze,,,2.53,4.34,0,0,0,0
aten::as_strided,,,1.81,1.81,0,0,0,0
aten::unsqueeze,,,1.18,10.38,0,0,0,0
aten::as_strided,,,9.2,9.2,0,0,0,0
aten::cat,,,9.89,16.67,0,0,0,0
aten::narrow,,,2.65,6.78,0,0,0,0
aten::slice,,,1.97,4.13,0,0,0,0
aten::as_strided,,,2.16,2.16,0,0,0,0
aten::to,,,1.77,10.81,0,0,0,0
aten::_to_copy,,,3.32,9.04,0,0,0,0
aten::empty_strided,,,2.25,2.25,0,0,0,0
aten::copy_,,,3.47,3.47,0,0,0,0
aten::slice,,,2.06,3.32,0,0,0,0
aten::as_strided,,,1.26,1.26,0,0,0,0
aten::slice,,,1.13,1.87,0,0,0,0
aten::as_strided,,,0.74,0.74,0,0,0,0
aten::sub,,,5.13,5.13,0,0,0,0
aten::add,,,9.69,23.75,0,0,0,0
aten::to,,,0.88,14.06,0,0,0,0
aten::_to_copy,,,2.66,13.18,0,0,0,0
aten::empty_strided,,,7.44,7.44,0,0,0,0
aten::copy_,,,3.08,3.08,0,0,0,0
aten::sub,,,5.05,13.06,0,0,0,0
aten::to,,,0.64,8.01,0,0,0,0
aten::_to_copy,,,3.56,7.37,0,0,0,0
aten::empty_strided,,,1.25,1.25,0,0,0,0
aten::copy_,,,2.56,2.56,0,0,0,0
aten::floor_divide,,,6.27,16.38,0,0,0,0
aten::to,,,0.77,7.71,0,0,0,0
aten::_to_copy,,,2.56,6.94,0,0,0,0
aten::empty_strided,,,1.91,1.91,0,0,0,0
aten::copy_,,,2.47,2.47,0,0,0,0
aten::empty,,,2.4,2.4,0,0,0,0
aten::resolve_conj,,,1.07,1.07,0,0,0,0
aten::resolve_neg,,,0.54,0.54,0,0,0,0
aten::arange,,,3.1,12.46,0,0,0,0
aten::empty,,,1.24,1.24,0,0,0,0
aten::arange,,,5.82,8.12,0,0,0,0
aten::resize_,,,2.3,2.3,0,0,0,0
aten::arange,,,2.22,7.98,0,0,0,0
aten::empty,,,1.73,1.73,0,0,0,0
aten::arange,,,2.98,4.03,0,0,0,0
aten::resize_,,,1.05,1.05,0,0,0,0
aten::cat,,,4.5,4.5,0,0,0,0
aten::eq,,,6.52,6.52,0,0,0,0
aten::cumsum,,,6.57,15.09,0,0,0,0
aten::to,,,0.86,8.52,0,0,0,0
aten::_to_copy,,,2.57,7.66,0,0,0,0
aten::empty_strided,,,2.18,2.18,0,0,0,0
aten::copy_,,,2.91,2.91,0,0,0,0
aten::sub,,,3.44,3.44,0,0,0,0
aten::stack,,,3.3,41.52,0,0,0,0
aten::unsqueeze,,,1.93,3.44,0,0,0,0
aten::as_strided,,,1.51,1.51,0,0,0,0
aten::unsqueeze,,,0.92,4.12,0,0,0,0
aten::as_strided,,,3.2,3.2,0,0,0,0
aten::cat,,,24.07,30.66,0,0,0,0
aten::narrow,,,2.49,6.59,0,0,0,0
aten::slice,,,1.96,4.1,0,0,0,0
aten::as_strided,,,2.14,2.14,0,0,0,0
aten::to,,,1.37,9.79,0,0,0,0
aten::_to_copy,,,2.77,8.42,0,0,0,0
aten::empty_strided,,,2.25,2.25,0,0,0,0
aten::copy_,,,3.4,3.4,0,0,0,0
aten::to,,,1.5,9.1,0,0,0,0
aten::_to_copy,,,2.59,7.6,0,0,0,0
aten::empty_strided,,,1.82,1.82,0,0,0,0
aten::copy_,,,3.19,3.19,0,0,0,0
aten::reshape,,,1.75,3.67,0,0,0,0
aten::view,,,1.92,1.92,0,0,0,0
aten::resolve_conj,,,0.59,0.59,0,0,0,0
aten::resolve_neg,,,0.45,0.45,0,0,0,0
aten::empty,,,2.73,2.73,0,0,0,0
aten::to,,,0.56,0.56,0,0,0,0
aten::lift_fresh,,,0.65,0.65,0,0,0,0
aten::detach_,,,0.44,0.44,0,0,0,0
aten::slice,,,2.0,4.21,0,0,0,0
aten::as_strided,,,2.21,2.21,0,0,0,0
aten::slice,,,1.09,1.73,0,0,0,0
aten::as_strided,,,0.64,0.64,0,0,0,0
aten::sub,,,8.24,8.24,0,0,0,0
aten::gt,,,7.11,7.11,0,0,0,0
aten::all,,,10.7,12.84,0,0,0,0
aten::as_strided,,,1.23,1.23,0,0,0,0
aten::fill_,,,0.91,0.91,0,0,0,0
aten::is_nonzero,,,1.56,4.24,0,0,0,0
aten::item,,,1.57,2.68,0,0,0,0
aten::_local_scalar_dense,,,1.11,1.11,0,0,0,0
aten::to,,,1.64,11.28,0,0,0,0
aten::_to_copy,,,3.17,9.64,0,0,0,0
aten::empty_strided,,,2.57,2.57,0,0,0,0
aten::copy_,,,3.9,3.9,0,0,0,0
aten::reshape,,,1.48,3.15,0,0,0,0
aten::view,,,1.67,1.67,0,0,0,0
aten::resolve_conj,,,0.85,0.85,0,0,0,0
aten::resolve_neg,,,0.4,0.4,0,0,0,0
aten::to,,,2.79,152.17,0,0,0,0
aten::_to_copy,,,7.53,149.38,0,0,0,0
aten::empty_strided,,,11.27,19.27,0,0,0,0
empty_tensor,,,8.0,8.0,0,0,0,0
aten::copy_,,,104.26,122.58,0,0,0,0
acl_memcpy_host_to_device,,,18.32,18.32,0,0,0,0
aten::to,,,2.76,121.68,0,0,0,0
aten::_to_copy,,,5.89,118.92,0,0,0,0
aten::empty_strided,,,11.2,16.85,0,0,0,0
empty_tensor,,,5.65,5.65,0,0,0,0
aten::copy_,,,82.0,96.18,0,0,0,0
acl_memcpy_host_to_device,,,14.18,14.18,0,0,0,0
aten::to,,,2.57,100.71,0,0,0,0
aten::_to_copy,,,5.37,98.14,0,0,0,0
aten::empty_strided,,,7.82,12.49,0,0,0,0
empty_tensor,,,4.67,4.67,0,0,0,0
aten::copy_,,,66.93,80.28,0,0,0,0
acl_memcpy_host_to_device,,,13.35,13.35,0,0,0,0
aten::to,,,2.34,96.76,0,0,0,0
aten::_to_copy,,,5.13,94.42,0,0,0,0
aten::empty_strided,,,8.77,13.99,0,0,0,0
empty_tensor,,,5.22,5.22,0,0,0,0
aten::copy_,,,62.18,75.3,0,0,0,0
acl_memcpy_host_to_device,,,13.12,13.12,0,0,0,0
aten::to,,,2.92,99.6,0,0,0,0
aten::_to_copy,,,4.9,96.68,0,0,0,0
aten::empty_strided,,,7.63,13.14,0,0,0,0
empty_tensor,,,5.51,5.51,0,0,0,0
aten::copy_,,,63.1,78.64,0,0,0,0
acl_memcpy_host_to_device,,,15.54,15.54,0,0,0,0
aten::to,,,2.58,86.02,0,0,0,0
aten::_to_copy,,,4.9,83.44,0,0,0,0
aten::empty_strided,,,8.32,13.09,0,0,0,0
empty_tensor,,,4.77,4.77,0,0,0,0
aten::copy_,,,54.02,65.45,0,0,0,0
acl_memcpy_host_to_device,,,11.43,11.43,0,0,0,0
aten::slice,,,9.24,15.57,0,0,0,0
aten::as_strided,,,6.33,6.33,0,0,0,0
aten::slice,,,2.89,5.54,0,0,0,0
aten::as_strided,,,2.65,2.65,0,0,0,0
aten::sub,,,25.17,49.96,0,1.38003125,0,0
empty_tensor,,,9.23,9.23,0,0,0,0
aclnnSub,,,15.56,15.56,1.38003125,1.38003125,0,0
aten::sub,,,13.47,24.02,0,1.42003125,0,0
empty_tensor,,,7.33,7.33,0,0,0,0
aclnnSub,,,3.22,3.22,1.42003125,1.42003125,0,0
aten::gt,,,15.78,25.45,0,3.7200625,0,0
empty_tensor,,,5.78,5.78,0,0,0,0
aclnnGtScalar,,,3.89,3.89,3.7200625,3.7200625,0,0
aten::slice,,,2.77,7.05,0,0,0,0
aten::as_strided,,,4.28,4.28,0,0,0,0
aten::slice,,,5.38,9.19,0,0,0,0
aten::as_strided,,,3.81,3.81,0,0,0,0
aten::slice,,,3.12,6.54,0,0,0,0
aten::as_strided,,,3.42,3.42,0,0,0,0
aten::slice,,,2.89,6.11,0,0,0,0
aten::as_strided,,,3.22,3.22,0,0,0,0
aten::empty_like,,,4.57,17.54,0,0,0,0
aten::empty_strided,,,8.94,12.97,0,0,0,0
empty_tensor,,,4.03,4.03,0,0,0,0
aten::slice,,,1.54,4.31,0,0,0,0
aten::as_strided,,,2.77,2.77,0,0,0,0
aten::slice,,,2.8,5.41,0,0,0,0
aten::as_strided,,,2.61,2.61,0,0,0,0
aten::copy_,,,62.2,78.36,0,0.5,0,0
aclnnInplaceCopy,,,16.16,16.16,0.5,0.5,0,0
aten::slice,,,6.36,10.34,0,0,0,0
aten::as_strided,,,3.98,3.98,0,0,0,0
aten::slice,,,2.56,4.77,0,0,0,0
aten::as_strided,,,2.21,2.21,0,0,0,0
aten::slice,,,1.19,3.35,0,0,0,0
aten::as_strided,,,2.16,2.16,0,0,0,0
aten::sub,,,18.37,30.88,0,1.28003125,0,0
aclnnSub,,,12.51,12.51,1.28003125,1.28003125,0,0
aten::slice,,,7.12,10.35,0,0,0,0
aten::as_strided,,,3.23,3.23,0,0,0,0
aten::slice,,,3.24,7.46,0,0,0,0
aten::as_strided,,,4.22,4.22,0,0,0,0
aten::slice,,,3.28,6.97,0,0,0,0
aten::as_strided,,,3.69,3.69,0,0,0,0
aten::slice,,,2.87,5.57,0,0,0,0
aten::as_strided,,,2.7,2.7,0,0,0,0
aten::slice,,,2.46,4.83,0,0,0,0
aten::as_strided,,,2.37,2.37,0,0,0,0
aten::fill_,,,16.56,34.28,0,0,0,0
aclnnInplaceFillScalar,,,17.72,17.72,0,0,0,0
aten::slice,,,7.79,182.77,0,0,0,0
aten::as_strided,,,174.98,174.98,0,0,0,0
aten::fill_,,,21.74,37.82,0,0,0,0
aclnnInplaceFillScalar,,,16.08,16.08,0,0,0,0
aten::diff,,,7.55,38.43,0,0,0,0
aten::narrow,,,7.47,14.05,0,0,0,0
aten::slice,,,3.65,6.58,0,0,0,0
aten::as_strided,,,2.93,2.93,0,0,0,0
aten::narrow,,,2.29,4.59,0,0,0,0
aten::slice,,,1.23,2.3,0,0,0,0
aten::as_strided,,,1.07,1.07,0,0,0,0
aten::sub,,,12.24,12.24,0,0,0,0
aten::eq,,,11.98,27.51,0,0,0,0
aten::to,,,2.04,15.53,0,0,0,0
aten::_to_copy,,,4.8,13.49,0,0,0,0
aten::empty_strided,,,2.72,2.72,0,0,0,0
aten::copy_,,,5.97,5.97,0,0,0,0
aten::__and__,,,2.62,6.82,0,0,0,0
aten::bitwise_and,,,4.2,4.2,0,0,0,0
aten::gt,,,7.62,17.3,0,0,0,0
aten::to,,,1.28,9.68,0,0,0,0
aten::_to_copy,,,2.91,8.4,0,0,0,0
aten::empty_strided,,,2.67,2.67,0,0,0,0
aten::copy_,,,2.82,2.82,0,0,0,0
aten::__and__,,,1.24,4.22,0,0,0,0
aten::bitwise_and,,,2.98,2.98,0,0,0,0
aten::any,,,9.46,11.98,0,0,0,0
aten::as_strided,,,1.44,1.44,0,0,0,0
aten::fill_,,,1.08,1.08,0,0,0,0
aten::item,,,1.77,3.04,0,0,0,0
aten::_local_scalar_dense,,,1.27,1.27,0,0,0,0
aten::slice,,,4.9,6.31,0,0,0,0
aten::as_strided,,,1.41,1.41,0,0,0,0
aten::slice,,,2.17,3.17,0,0,0,0
aten::as_strided,,,1.0,1.0,0,0,0,0
aten::sub,,,4.67,4.67,0,0,0,0
aten::select,,,3.19,5.01,0,0,0,0
aten::as_strided,,,1.82,1.82,0,0,0,0
aten::item,,,1.11,2.05,0,0,0,0
aten::_local_scalar_dense,,,0.94,0.94,0,0,0,0
aten::gt,,,7.59,16.78,0,0,0,0
aten::to,,,1.21,9.19,0,0,0,0
aten::_to_copy,,,3.01,7.98,0,0,0,0
aten::empty_strided,,,1.74,1.74,0,0,0,0
aten::copy_,,,3.23,3.23,0,0,0,0
aten::__ior__,,,2.16,6.27,0,0,0,0
aten::bitwise_or_,,,4.11,4.11,0,0,0,0
aten::any,,,7.49,9.41,0,0,0,0
aten::as_strided,,,1.14,1.14,0,0,0,0
aten::fill_,,,0.78,0.78,0,0,0,0
aten::is_nonzero,,,1.46,3.59,0,0,0,0
aten::item,,,1.22,2.13,0,0,0,0
aten::_local_scalar_dense,,,0.91,0.91,0,0,0,0
aten::to,,,0.97,9.51,0,0,0,0
aten::_to_copy,,,2.71,8.54,0,0,0,0
aten::empty_strided,,,2.54,2.54,0,0,0,0
aten::copy_,,,3.29,3.29,0,0,0,0
aten::argmax,,,9.2,10.32,0,0,0,0
aten::as_strided,,,1.12,1.12,0,0,0,0
aten::item,,,1.03,2.16,0,0,0,0
aten::_local_scalar_dense,,,1.13,1.13,0,0,0,0
aten::select,,,3.87,4.96,0,0,0,0
aten::as_strided,,,1.09,1.09,0,0,0,0
aten::item,,,1.01,1.73,0,0,0,0
aten::_local_scalar_dense,,,0.72,0.72,0,0,0,0
aten::select,,,3.3,10.03,0,0,0,0
aten::as_strided,,,6.73,6.73,0,0,0,0
aten::slice,,,4.14,6.94,0,0,0,0
aten::as_strided,,,2.8,2.8,0,0,0,0
aten::sub,,,24.59,55.97,0,1.30003125,0,0
empty_tensor,,,11.8,11.8,0,0,0,0
aten::item,,,1.29,1.97,0,0,0,0
aten::_local_scalar_dense,,,0.68,0.68,0,0,0,0
aclnnSubs,,,17.61,17.61,1.30003125,1.30003125,0,0
aten::slice,,,5.84,7.61,0,0,0,0
aten::as_strided,,,1.77,1.77,0,0,0,0
aten::sub,,,9.94,23.94,0,0,0,0
aten::to,,,1.38,14.0,0,0,0,0
aten::_to_copy,,,4.02,12.62,0,0,0,0
aten::empty_strided,,,3.22,3.22,0,0,0,0
aten::copy_,,,5.38,5.38,0,0,0,0
aten::slice,,,4.02,9.14,0,0,0,0
aten::as_strided,,,5.12,5.12,0,0,0,0
aten::slice,,,2.33,3.81,0,0,0,0
aten::as_strided,,,1.48,1.48,0,0,0,0
aten::slice,,,1.64,2.46,0,0,0,0
aten::as_strided,,,0.82,0.82,0,0,0,0
aten::sub,,,5.75,5.75,0,0,0,0
aten::add,,,6.13,16.86,0,0,0,0
aten::to,,,1.15,10.73,0,0,0,0
aten::_to_copy,,,3.24,9.58,0,0,0,0
aten::empty_strided,,,2.63,2.63,0,0,0,0
aten::copy_,,,3.71,3.71,0,0,0,0
aten::sub,,,4.61,11.2,0,0,0,0
aten::to,,,0.86,6.59,0,0,0,0
aten::_to_copy,,,1.97,5.73,0,0,0,0
aten::empty_strided,,,1.46,1.46,0,0,0,0
aten::copy_,,,2.3,2.3,0,0,0,0
aten::floor_divide,,,6.95,16.56,0,0,0,0
aten::to,,,0.81,7.35,0,0,0,0
aten::_to_copy,,,2.51,6.54,0,0,0,0
aten::empty_strided,,,1.62,1.62,0,0,0,0
aten::copy_,,,2.41,2.41,0,0,0,0
aten::empty,,,2.26,2.26,0,0,0,0
aten::resolve_conj,,,1.3,1.3,0,0,0,0
aten::resolve_neg,,,0.71,0.71,0,0,0,0
aten::arange,,,4.49,15.58,0,0,0,0
aten::empty,,,1.65,1.65,0,0,0,0
aten::arange,,,6.78,9.44,0,0,0,0
aten::resize_,,,2.66,2.66,0,0,0,0
aten::arange,,,2.54,8.62,0,0,0,0
aten::empty,,,1.42,1.42,0,0,0,0
aten::arange,,,3.43,4.66,0,0,0,0
aten::resize_,,,1.23,1.23,0,0,0,0
aten::cat,,,5.99,5.99,0,0,0,0
aten::eq,,,6.99,6.99,0,0,0,0
aten::cumsum,,,6.63,15.09,0,0,0,0
aten::to,,,0.77,8.46,0,0,0,0
aten::_to_copy,,,2.59,7.69,0,0,0,0
aten::empty_strided,,,1.93,1.93,0,0,0,0
aten::copy_,,,3.17,3.17,0,0,0,0
aten::sub,,,3.86,3.86,0,0,0,0
aten::stack,,,3.52,24.16,0,0,0,0
aten::unsqueeze,,,2.25,4.09,0,0,0,0
aten::as_strided,,,1.84,1.84,0,0,0,0
aten::unsqueeze,,,1.05,2.35,0,0,0,0
aten::as_strided,,,1.3,1.3,0,0,0,0
aten::cat,,,8.16,14.2,0,0,0,0
aten::narrow,,,2.45,6.04,0,0,0,0
aten::slice,,,1.81,3.59,0,0,0,0
aten::as_strided,,,1.78,1.78,0,0,0,0
aten::to,,,1.44,9.54,0,0,0,0
aten::_to_copy,,,2.72,8.1,0,0,0,0
aten::empty_strided,,,2.25,2.25,0,0,0,0
aten::copy_,,,3.13,3.13,0,0,0,0
aten::empty,,,2.22,2.22,0,0,0,0
aten::to,,,0.5,0.5,0,0,0,0
aten::lift_fresh,,,0.88,0.88,0,0,0,0
aten::detach_,,,0.51,0.51,0,0,0,0
aten::slice,,,1.9,3.24,0,0,0,0
aten::as_strided,,,1.34,1.34,0,0,0,0
aten::slice,,,1.05,1.99,0,0,0,0
aten::as_strided,,,0.94,0.94,0,0,0,0
aten::sub,,,4.88,4.88,0,0,0,0
aten::add,,,5.41,13.91,0,0,0,0
aten::to,,,0.87,8.5,0,0,0,0
aten::_to_copy,,,2.46,7.63,0,0,0,0
aten::empty_strided,,,2.6,2.6,0,0,0,0
aten::copy_,,,2.57,2.57,0,0,0,0
aten::sub,,,3.99,10.39,0,0,0,0
aten::to,,,0.69,6.4,0,0,0,0
aten::_to_copy,,,1.95,5.71,0,0,0,0
aten::empty_strided,,,1.44,1.44,0,0,0,0
aten::copy_,,,2.32,2.32,0,0,0,0
aten::floor_divide,,,5.99,14.27,0,0,0,0
aten::to,,,0.77,6.89,0,0,0,0
aten::_to_copy,,,2.36,6.12,0,0,0,0
aten::empty_strided,,,1.63,1.63,0,0,0,0
aten::copy_,,,2.13,2.13,0,0,0,0
aten::empty,,,1.39,1.39,0,0,0,0
aten::cat,,,4.22,4.22,0,0,0,0
aten::cumsum,,,20.05,29.33,0,0,0,0
aten::to,,,0.91,9.28,0,0,0,0
aten::_to_copy,,,2.74,8.37,0,0,0,0
aten::empty_strided,,,2.23,2.23,0,0,0,0
aten::copy_,,,3.4,3.4,0,0,0,0
aten::empty,,,2.27,2.27,0,0,0,0
aten::to,,,0.72,0.72,0,0,0,0
aten::lift_fresh,,,0.69,0.69,0,0,0,0
aten::detach_,,,0.48,0.48,0,0,0,0
aten::slice,,,2.06,3.49,0,0,0,0
aten::as_strided,,,1.43,1.43,0,0,0,0
aten::slice,,,1.35,2.04,0,0,0,0
aten::as_strided,,,0.69,0.69,0,0,0,0
aten::sub,,,4.72,4.72,0,0,0,0
aten::add,,,4.91,12.95,0,0,0,0
aten::to,,,0.93,8.04,0,0,0,0
aten::_to_copy,,,2.5,7.11,0,0,0,0
aten::empty_strided,,,1.93,1.93,0,0,0,0
aten::copy_,,,2.68,2.68,0,0,0,0
aten::sub,,,4.28,10.06,0,0,0,0
aten::to,,,0.72,5.78,0,0,0,0
aten::_to_copy,,,1.88,5.06,0,0,0,0
aten::empty_strided,,,1.22,1.22,0,0,0,0
aten::copy_,,,1.96,1.96,0,0,0,0
aten::floor_divide,,,5.42,13.31,0,0,0,0
aten::to,,,0.86,6.65,0,0,0,0
aten::_to_copy,,,2.18,5.79,0,0,0,0
aten::empty_strided,,,1.44,1.44,0,0,0,0
aten::copy_,,,2.17,2.17,0,0,0,0
aten::empty,,,1.24,1.24,0,0,0,0
aten::add,,,3.9,10.6,0,0,0,0
aten::to,,,0.91,6.7,0,0,0,0
aten::_to_copy,,,2.04,5.79,0,0,0,0
aten::empty_strided,,,1.68,1.68,0,0,0,0
aten::copy_,,,2.07,2.07,0,0,0,0
aten::cat,,,3.86,3.86,0,0,0,0
aten::cumsum,,,5.04,12.12,0,0,0,0
aten::to,,,0.74,7.08,0,0,0,0
aten::_to_copy,,,2.17,6.34,0,0,0,0
aten::empty_strided,,,1.46,1.46,0,0,0,0
aten::copy_,,,2.71,2.71,0,0,0,0
aten::slice,,,1.91,3.45,0,0,0,0
aten::as_strided,,,1.54,1.54,0,0,0,0
aten::slice,,,1.11,1.86,0,0,0,0
aten::as_strided,,,0.75,0.75,0,0,0,0
aten::sub,,,3.82,3.82,0,0,0,0
aten::add,,,4.34,11.79,0,0,0,0
aten::to,,,0.83,7.45,0,0,0,0
aten::_to_copy,,,2.24,6.62,0,0,0,0
aten::empty_strided,,,2.0,2.0,0,0,0,0
aten::copy_,,,2.38,2.38,0,0,0,0
aten::sub,,,3.95,9.6,0,0,0,0
aten::to,,,0.69,5.65,0,0,0,0
aten::_to_copy,,,1.83,4.96,0,0,0,0
aten::empty_strided,,,1.15,1.15,0,0,0,0
aten::copy_,,,1.98,1.98,0,0,0,0
aten::floor_divide,,,5.25,13.62,0,0,0,0
aten::to,,,0.89,6.75,0,0,0,0
aten::_to_copy,,,2.34,5.86,0,0,0,0
aten::empty_strided,,,1.38,1.38,0,0,0,0
aten::copy_,,,2.14,2.14,0,0,0,0
aten::empty,,,1.62,1.62,0,0,0,0
aten::add,,,4.0,10.7,0,0,0,0
aten::to,,,0.82,6.7,0,0,0,0
aten::_to_copy,,,2.01,5.88,0,0,0,0
aten::empty_strided,,,1.92,1.92,0,0,0,0
aten::copy_,,,1.95,1.95,0,0,0,0
aten::cumsum,,,4.58,11.01,0,0,0,0
aten::to,,,0.71,6.43,0,0,0,0
aten::_to_copy,,,2.21,5.72,0,0,0,0
aten::empty_strided,,,1.05,1.05,0,0,0,0
aten::copy_,,,2.46,2.46,0,0,0,0
aten::sub,,,3.15,3.15,0,0,0,0
aten::slice,,,1.71,3.37,0,0,0,0
aten::as_strided,,,1.66,1.66,0,0,0,0
aten::slice,,,1.14,2.01,0,0,0,0
aten::as_strided,,,0.87,0.87,0,0,0,0
aten::sub,,,3.57,3.57,0,0,0,0
aten::add,,,4.15,11.25,0,0,0,0
aten::to,,,0.85,7.1,0,0,0,0
aten::_to_copy,,,2.11,6.25,0,0,0,0
aten::empty_strided,,,1.71,1.71,0,0,0,0
aten::copy_,,,2.43,2.43,0,0,0,0
aten::sub,,,4.33,9.95,0,0,0,0
aten::to,,,0.7,5.62,0,0,0,0
aten::_to_copy,,,2.01,4.92,0,0,0,0
aten::empty_strided,,,1.12,1.12,0,0,0,0
aten::copy_,,,1.79,1.79,0,0,0,0
aten::floor_divide,,,5.2,13.98,0,0,0,0
aten::to,,,0.77,7.31,0,0,0,0
aten::_to_copy,,,2.26,6.54,0,0,0,0
aten::empty_strided,,,2.1,2.1,0,0,0,0
aten::copy_,,,2.18,2.18,0,0,0,0
aten::empty,,,1.47,1.47,0,0,0,0
aten::resolve_conj,,,1.28,1.28,0,0,0,0
aten::resolve_neg,,,0.47,0.47,0,0,0,0
aten::arange,,,3.84,12.85,0,0,0,0
aten::empty,,,1.54,1.54,0,0,0,0
aten::arange,,,5.78,7.47,0,0,0,0
aten::resize_,,,1.69,1.69,0,0,0,0
aten::arange,,,2.12,7.52,0,0,0,0
aten::empty,,,1.24,1.24,0,0,0,0
aten::arange,,,3.05,4.16,0,0,0,0
aten::resize_,,,1.11,1.11,0,0,0,0
aten::cat,,,4.53,4.53,0,0,0,0
aten::eq,,,6.56,6.56,0,0,0,0
aten::cumsum,,,5.29,13.8,0,0,0,0
aten::to,,,0.89,8.51,0,0,0,0
aten::_to_copy,,,2.52,7.62,0,0,0,0
aten::empty_strided,,,2.0,2.0,0,0,0,0
aten::copy_,,,3.1,3.1,0,0,0,0
aten::sub,,,3.6,3.6,0,0,0,0
aten::stack,,,3.55,23.12,0,0,0,0
aten::unsqueeze,,,1.85,3.9,0,0,0,0
aten::as_strided,,,2.05,2.05,0,0,0,0
aten::unsqueeze,,,0.83,1.54,0,0,0,0
aten::as_strided,,,0.71,0.71,0,0,0,0
aten::cat,,,8.67,14.13,0,0,0,0
aten::narrow,,,2.32,5.46,0,0,0,0
aten::slice,,,1.51,3.14,0,0,0,0
aten::as_strided,,,1.63,1.63,0,0,0,0
aten::to,,,1.34,9.08,0,0,0,0
aten::_to_copy,,,2.54,7.74,0,0,0,0
aten::empty_strided,,,2.03,2.03,0,0,0,0
aten::copy_,,,3.17,3.17,0,0,0,0
aten::slice,,,1.91,3.16,0,0,0,0
aten::as_strided,,,1.25,1.25,0,0,0,0
aten::slice,,,1.03,1.84,0,0,0,0
aten::as_strided,,,0.81,0.81,0,0,0,0
aten::sub,,,3.98,3.98,0,0,0,0
aten::add,,,4.87,12.43,0,0,0,0
aten::to,,,0.75,7.56,0,0,0,0
aten::_to_copy,,,2.37,6.81,0,0,0,0
aten::empty_strided,,,1.85,1.85,0,0,0,0
aten::copy_,,,2.59,2.59,0,0,0,0
aten::sub,,,4.22,10.08,0,0,0,0
aten::to,,,0.79,5.86,0,0,0,0
aten::_to_copy,,,1.82,5.07,0,0,0,0
aten::empty_strided,,,1.22,1.22,0,0,0,0
aten::copy_,,,2.03,2.03,0,0,0,0
aten::floor_divide,,,5.92,14.01,0,0,0,0
aten::to,,,0.81,6.53,0,0,0,0
aten::_to_copy,,,2.04,5.72,0,0,0,0
aten::empty_strided,,,1.56,1.56,0,0,0,0
aten::copy_,,,2.12,2.12,0,0,0,0
aten::empty,,,1.56,1.56,0,0,0,0
aten::resolve_conj,,,0.9,0.9,0,0,0,0
aten::resolve_neg,,,0.5,0.5,0,0,0,0
aten::arange,,,3.68,19.69,0,0,0,0
aten::empty,,,9.01,9.01,0,0,0,0
aten::arange,,,5.38,7.0,0,0,0,0
aten::resize_,,,1.62,1.62,0,0,0,0
aten::arange,,,2.42,7.86,0,0,0,0
aten::empty,,,1.32,1.32,0,0,0,0
aten::arange,,,2.98,4.12,0,0,0,0
aten::resize_,,,1.14,1.14,0,0,0,0
aten::cat,,,5.38,5.38,0,0,0,0
aten::eq,,,7.3,7.3,0,0,0,0
aten::cumsum,,,9.08,29.78,0,0,0,0
aten::to,,,0.89,20.7,0,0,0,0
aten::_to_copy,,,2.83,19.81,0,0,0,0
aten::empty_strided,,,13.32,13.32,0,0,0,0
aten::copy_,,,3.66,3.66,0,0,0,0
aten::sub,,,4.64,4.64,0,0,0,0
aten::stack,,,3.44,27.59,0,0,0,0
aten::unsqueeze,,,2.06,4.27,0,0,0,0
aten::as_strided,,,2.21,2.21,0,0,0,0
aten::unsqueeze,,,0.76,3.72,0,0,0,0
aten::as_strided,,,2.96,2.96,0,0,0,0
aten::cat,,,10.35,16.16,0,0,0,0
aten::narrow,,,2.1,5.81,0,0,0,0
aten::slice,,,1.93,3.71,0,0,0,0
aten::as_strided,,,1.78,1.78,0,0,0,0
aten::to,,,1.32,10.16,0,0,0,0
aten::_to_copy,,,3.44,8.84,0,0,0,0
aten::empty_strided,,,2.22,2.22,0,0,0,0
aten::copy_,,,3.18,3.18,0,0,0,0
aten::to,,,1.03,8.39,0,0,0,0
aten::_to_copy,,,2.59,7.36,0,0,0,0
aten::empty_strided,,,1.99,1.99,0,0,0,0
aten::copy_,,,2.78,2.78,0,0,0,0
aten::reshape,,,1.91,16.19,0,0,0,0
aten::view,,,14.28,14.28,0,0,0,0
aten::resolve_conj,,,0.86,0.86,0,0,0,0
aten::resolve_neg,,,0.4,0.4,0,0,0,0
aten::empty,,,2.86,2.86,0,0,0,0
aten::to,,,0.63,0.63,0,0,0,0
aten::lift_fresh,,,0.67,0.67,0,0,0,0
aten::detach_,,,0.44,0.44,0,0,0,0
aten::slice,,,2.41,9.43,0,0,0,0
aten::as_strided,,,7.02,7.02,0,0,0,0
aten::slice,,,1.28,2.4,0,0,0,0
aten::as_strided,,,1.12,1.12,0,0,0,0
aten::sub,,,6.36,6.36,0,0,0,0
aten::gt,,,13.12,13.12,0,0,0,0
aten::all,,,11.09,13.85,0,0,0,0
aten::as_strided,,,1.71,1.71,0,0,0,0
aten::fill_,,,1.05,1.05,0,0,0,0
aten::is_nonzero,,,1.99,4.76,0,0,0,0
aten::item,,,1.8,2.77,0,0,0,0
aten::_local_scalar_dense,,,0.97,0.97,0,0,0,0
aten::to,,,1.11,11.25,0,0,0,0
aten::_to_copy,,,3.37,10.14,0,0,0,0
aten::empty_strided,,,2.53,2.53,0,0,0,0
aten::copy_,,,4.24,4.24,0,0,0,0
aten::reshape,,,1.51,3.91,0,0,0,0
aten::view,,,2.4,2.4,0,0,0,0
aten::resolve_conj,,,0.98,0.98,0,0,0,0
aten::resolve_neg,,,0.42,0.42,0,0,0,0
aten::to,,,2.24,164.9,0,0,0,0
aten::_to_copy,,,8.03,162.66,0,0,0,0
aten::empty_strided,,,12.21,28.0,0,0,0,0
empty_tensor,,,15.79,15.79,0,0,0,0
aten::copy_,,,112.36,126.63,0,0,0,0
acl_memcpy_host_to_device,,,14.27,14.27,0,0,0,0
aten::to,,,2.71,136.87,0,0,0,0
aten::_to_copy,,,6.0,134.16,0,0,0,0
aten::empty_strided,,,9.94,39.58,0,0,0,0
empty_tensor,,,29.64,29.64,0,0,0,0
aten::copy_,,,77.69,88.58,0,0,0,0
acl_memcpy_host_to_device,,,10.89,10.89,0,0,0,0
aten::to,,,2.96,103.81,0,0,0,0
aten::_to_copy,,,5.75,100.85,0,0,0,0
aten::empty_strided,,,8.07,14.83,0,0,0,0
empty_tensor,,,6.76,6.76,0,0,0,0
aten::copy_,,,67.95,80.27,0,0,0,0
acl_memcpy_host_to_device,,,12.32,12.32,0,0,0,0
aten::to,,,2.36,97.2,0,0,0,0
aten::_to_copy,,,4.9,94.84,0,0,0,0
aten::empty_strided,,,7.28,12.55,0,0,0,0
empty_tensor,,,5.27,5.27,0,0,0,0
aten::copy_,,,63.72,77.39,0,0,0,0
acl_memcpy_host_to_device,,,13.67,13.67,0,0,0,0
aten::to,,,2.27,96.9,0,0,0,0
aten::_to_copy,,,4.78,94.63,0,0,0,0
aten::empty_strided,,,7.8,12.84,0,0,0,0
empty_tensor,,,5.04,5.04,0,0,0,0
aten::copy_,,,65.01,77.01,0,0,0,0
acl_memcpy_host_to_device,,,12.0,12.0,0,0,0,0
aten::to,,,2.5,90.09,0,0,0,0
aten::_to_copy,,,5.0,87.59,0,0,0,0
aten::empty_strided,,,7.57,12.31,0,0,0,0
empty_tensor,,,4.74,4.74,0,0,0,0
aten::copy_,,,55.74,70.28,0,0,0,0
acl_memcpy_host_to_device,,,14.54,14.54,0,0,0,0
aten::slice,,,8.95,16.09,0,0,0,0
aten::as_strided,,,7.14,7.14,0,0,0,0
aten::slice,,,3.07,6.3,0,0,0,0
aten::as_strided,,,3.23,3.23,0,0,0,0
aten::sub,,,24.2,50.54,0,1.28,0,0
empty_tensor,,,8.86,8.86,0,0,0,0
aclnnSub,,,17.48,17.48,1.28,1.28,0,0
aten::sub,,,14.91,26.16,0,1.28,0,0
empty_tensor,,,6.86,6.86,0,0,0,0
aclnnSub,,,4.39,4.39,1.28,1.28,0,0
aten::gt,,,16.81,27.31,0,3.84009375,0,0
empty_tensor,,,5.69,5.69,0,0,0,0
aclnnGtScalar,,,4.81,4.81,3.84009375,3.84009375,0,0
aten::slice,,,3.13,6.65,0,0,0,0
aten::as_strided,,,3.52,3.52,0,0,0,0
aten::slice,,,5.96,9.9,0,0,0,0
aten::as_strided,,,3.94,3.94,0,0,0,0
aten::slice,,,3.06,6.82,0,0,0,0
aten::as_strided,,,3.76,3.76,0,0,0,0
aten::slice,,,3.45,7.12,0,0,0,0
aten::as_strided,,,3.67,3.67,0,0,0,0
aten::empty_like,,,4.79,16.48,0,0,0,0
aten::empty_strided,,,7.43,11.69,0,0,0,0
empty_tensor,,,4.26,4.26,0,0,0,0
aten::slice,,,1.73,4.21,0,0,0,0
aten::as_strided,,,2.48,2.48,0,0,0,0
aten::slice,,,3.01,5.52,0,0,0,0
aten::as_strided,,,2.51,2.51,0,0,0,0
aten::copy_,,,62.3,79.08,0,0.5,0,0
aclnnInplaceCopy,,,16.78,16.78,0.5,0.5,0,0
aten::slice,,,5.28,9.16,0,0,0,0
aten::as_strided,,,3.88,3.88,0,0,0,0
aten::slice,,,3.14,5.88,0,0,0,0
aten::as_strided,,,2.74,2.74,0,0,0,0
aten::slice,,,1.61,3.66,0,0,0,0
aten::as_strided,,,2.05,2.05,0,0,0,0
aten::sub,,,18.72,31.36,0,1.3,0,0
aclnnSub,,,12.64,12.64,1.3,1.3,0,0
Event::record,,,169.44,190.45,0,0.0,0,0
record_event,,,21.01,21.01,0.0,0.0,0,0
aten::slice,,,8.58,15.12,0,0,0,0
aten::as_strided,,,6.54,6.54,0,0,0,0
aten::slice,,,3.7,6.78,0,0,0,0
aten::as_strided,,,3.08,3.08,0,0,0,0
aten::slice,,,7.27,13.42,0,0,0,0
aten::as_strided,,,6.15,6.15,0,0,0,0
aten::scalar_tensor,,,6.59,60.85,0,1.56003125,0,0
aten::empty,,,3.38,14.93,0,0,0,0
empty_tensor,,,11.55,11.55,0,0,0,0
aten::fill_,,,19.3,39.33,0,1.56003125,0,0
aclnnInplaceFillScalar,,,20.03,20.03,1.56003125,1.56003125,0,0
aten::view,,,4.84,4.84,0,0,0,0
aten::expand,,,20.59,23.95,0,0,0,0
aten::as_strided,,,3.36,3.36,0,0,0,0
aten::copy_,,,27.06,40.35,0,4.6200624999999995,0,0
aclnnInplaceCopy,,,13.29,13.29,4.6200624999999995,4.6200624999999995,0,0
aten::scalar_tensor,,,4.83,29.91,0,1.48,0,0
aten::empty,,,2.68,9.48,0,0,0,0
empty_tensor,,,6.8,6.8,0,0,0,0
aten::fill_,,,11.32,15.6,0,1.48,0,0
aclnnInplaceFillScalar,,,4.28,4.28,1.48,1.48,0,0
aten::slice,,,6.36,11.05,0,0,0,0
aten::as_strided,,,4.69,4.69,0,0,0,0
aten::view,,,2.22,2.22,0,0,0,0
aten::expand,,,1.68,3.33,0,0,0,0
aten::as_strided,,,1.65,1.65,0,0,0,0
aten::copy_,,,2.06,2.06,0,0,0,0
aten::to,,,2.83,61.84,0,1.34003125,0,0
aten::_to_copy,,,6.58,59.01,0,1.34003125,0,0
aten::empty_strided,,,11.18,18.06,0,0,0,0
empty_tensor,,,6.88,6.88,0,0,0,0
aten::copy_,,,19.89,34.37,0,1.34003125,0,0
aclnnInplaceCopy,,,14.48,14.48,1.34003125,1.34003125,0,0
aten::embedding,,,16.13,37.37,0,8.4401875,0,0
empty_tensor,,,9.51,9.51,0,0,0,0
aclnnEmbedding,,,11.73,11.73,8.4401875,8.4401875,0,0
aten::unsqueeze,,,4.92,10.36,0,0,0,0
aten::as_strided,,,5.44,5.44,0,0,0,0
aten::expand,,,3.32,7.63,0,0,0,0
aten::as_strided,,,4.31,4.31,0,0,0,0
aten::contiguous,,,3.13,47.62,0,11.26025,0,0
aten::clone,,,5.24,44.49,0,11.26025,0,0
empty_tensor,,,10.56,10.56,0,0,0,0
aten::copy_,,,16.49,28.69,0,11.26025,0,0
aclnnInplaceCopy,,,12.2,12.2,11.26025,11.26025,0,0
_C_ascend::npu_hc_pre_v2,,,64.07,120.46,0,94.56190625,0,0
aten::empty,,,3.31,15.04,0,0,0,0
empty_tensor,,,11.73,11.73,0,0,0,0
aten::empty,,,1.71,8.15,0,0,0,0
empty_tensor,,,6.44,6.44,0,0,0,0
aten::empty,,,1.63,6.68,0,0,0,0
empty_tensor,,,5.05,5.05,0,0,0,0
aten::empty,,,3.35,12.72,0,0,0,0
empty_tensor,,,9.37,9.37,0,0,0,0
aclnnHcPre,,,13.8,13.8,94.56190625,94.56190625,0,0
npu::npu_rms_norm,,,64.98,92.23,0,15.8203125,0,0
empty_tensor,,,9.47,9.47,0,0,0,0
empty_tensor,,,5.25,5.25,0,0,0,0
aclnnRmsNorm,,,12.53,12.53,15.8203125,15.8203125,0,0
aten::unsqueeze,,,4.26,9.49,0,0,0,0
aten::as_strided,,,5.23,5.23,0,0,0,0
aten::linear,,,5.76,72.84,0,413.54828125,0,413.54828125
aten::t,,,7.04,17.0,0,0,0,0
aten::transpose,,,3.55,9.96,0,0,0,0
aten::as_strided,,,6.41,6.41,0,0,0,0
aten::matmul,,,23.46,50.08,0,413.54828125,0,413.54828125
empty_tensor,,,10.54,10.54,0,0,0,0
aclnnMatmul,,,16.08,16.08,413.54828125,413.54828125,413.54828125,413.54828125
aten::split_with_sizes,,,7.07,18.26,0,0,0,0
aten::as_strided,,,5.41,5.41,0,0,0,0
aten::as_strided,,,2.27,2.27,0,0,0,0
aten::as_strided,,,1.79,1.79,0,0,0,0
aten::as_strided,,,1.72,1.72,0,0,0,0
aten::unsqueeze,,,3.08,7.68,0,0,0,0
aten::as_strided,,,4.6,4.6,0,0,0,0
vllm::unquantized_gemm,,,24.42,114.11,0,15.140281250000001,0,12.00021875
aten::linear,,,4.9,89.69,0,15.140281250000001,0,12.00021875
aten::t,,,5.89,29.92,0,0,0,0
aten::transpose,,,2.79,24.03,0,0,0,0
aten::as_strided,,,21.24,21.24,0,0,0,0
aten::matmul,,,28.37,54.87,0,15.140281250000001,0,12.00021875
empty_tensor,,,12.6,12.6,0,0,0,0
aclnnMatmul,,,13.9,13.9,15.140281250000001,15.140281250000001,12.00021875,12.00021875
aten::reshape,,,2.3,8.64,0,0,0,0
aten::view,,,6.34,6.34,0,0,0,0
vllm::unquantized_gemm,,,19.67,87.88,0,11.58021875,0,8.92015625
aten::linear,,,4.24,68.21,0,11.58021875,0,8.92015625
aten::t,,,4.33,12.4,0,0,0,0
aten::transpose,,,2.77,8.07,0,0,0,0
aten::as_strided,,,5.3,5.3,0,0,0,0
aten::matmul,,,25.47,51.57,0,11.58021875,0,8.92015625
empty_tensor,,,11.55,11.55,0,0,0,0
aclnnMatmul,,,14.55,14.55,11.58021875,11.58021875,8.92015625,8.92015625
aten::reshape,,,1.88,6.91,0,0,0,0
aten::view,,,5.03,5.03,0,0,0,0
aten::empty,,,3.92,15.33,0,0,0,0
empty_tensor,,,11.41,11.41,0,0,0,0
aten::slice,,,4.07,9.62,0,0,0,0
aten::as_strided,,,5.55,5.55,0,0,0,0
aten::alias,,,2.79,2.79,0,0,0,0
aten::alias,,,1.26,1.26,0,0,0,0
aten::zeros_like,,,5.7,60.28,0,10.92025,0,0
aten::empty_like,,,5.69,20.46,0,0,0,0
aten::empty_strided,,,10.38,14.77,0,0,0,0
empty_tensor,,,4.39,4.39,0,0,0,0
aten::zero_,,,15.98,34.12,0,10.92025,0,0
aclnnInplaceZero,,,18.14,18.14,10.92025,10.92025,0,0
aten::empty,,,3.53,12.9,0,0,0,0
empty_tensor,,,9.37,9.37,0,0,0,0
aten::empty,,,2.25,7.8,0,0,0,0
empty_tensor,,,5.55,5.55,0,0,0,0
_copy_conv_state_kernel,,,24.61,24.61,10.76021875,10.76021875,0,0
fla_npu_stable::npu_causal_conv1d_fn,,,163.47,221.67,0,87.50175,0,0
aten::empty_strided,,,14.4,22.36,0,0,0,0
empty_tensor,,,7.96,7.96,0,0,0,0
aten::empty_strided,,,13.76,21.22,0,0,0,0
empty_tensor,,,7.46,7.46,0,0,0,0
aclnnCausalConv1d,,,14.62,14.62,87.50175,87.50175,0,0
_copy_conv_state_kernel,,,23.96,23.96,10.36021875,10.36021875,0,0
aten::split,,,5.6,31.77,0,0,0,0
aten::narrow,,,4.26,16.31,0,0,0,0
aten::slice,,,4.39,12.05,0,0,0,0
aten::as_strided,,,7.66,7.66,0,0,0,0
aten::narrow,,,1.26,4.98,0,0,0,0
aten::slice,,,1.3,3.72,0,0,0,0
aten::as_strided,,,2.42,2.42,0,0,0,0
aten::narrow,,,1.19,4.88,0,0,0,0
aten::slice,,,1.17,3.69,0,0,0,0
aten::as_strided,,,2.52,2.52,0,0,0,0
aten::zero_,,,17.88,32.29,0,9.1001875,0,0
aclnnInplaceZero,,,14.41,14.41,9.1001875,9.1001875,0,0
aten::reshape,,,8.88,18.64,0,0,0,0
aten::_reshape_alias,,,3.87,9.76,0,0,0,0
aten::view,,,5.89,5.89,0,0,0,0
aten::reshape,,,2.14,8.74,0,0,0,0
aten::_reshape_alias,,,2.19,6.6,0,0,0,0
aten::view,,,4.41,4.41,0,0,0,0
aten::reshape,,,1.82,6.94,0,0,0,0
aten::_reshape_alias,,,1.66,5.12,0,0,0,0
aten::view,,,3.46,3.46,0,0,0,0
aten::slice,,,2.78,6.15,0,0,0,0
aten::as_strided,,,3.37,3.37,0,0,0,0
aten::slice,,,1.36,3.75,0,0,0,0
aten::as_strided,,,2.39,2.39,0,0,0,0
aten::slice,,,1.52,3.65,0,0,0,0
aten::as_strided,,,2.13,2.13,0,0,0,0
aten::slice,,,1.3,3.56,0,0,0,0
aten::as_strided,,,2.26,2.26,0,0,0,0
aten::slice,,,1.59,4.22,0,0,0,0
aten::as_strided,,,2.63,2.63,0,0,0,0
aten::slice,,,5.93,8.68,0,0,0,0
aten::as_strided,,,2.75,2.75,0,0,0,0
aten::slice,,,3.66,7.1,0,0,0,0
aten::as_strided,,,3.44,3.44,0,0,0,0
aten::reshape,,,1.78,9.65,0,0,0,0
aten::view,,,7.87,7.87,0,0,0,0
_C_ascend::recurrent_kda,,,78.19,138.36,0,37.66075,0,0
aten::empty_like,,,5.97,24.81,0,0,0,0
aten::empty_strided,,,12.36,18.84,0,0,0,0
empty_tensor,,,6.48,6.48,0,0,0,0
aten::empty,,,3.78,16.16,0,0,0,0
empty_tensor,,,12.38,12.38,0,0,0,0
aclnnRecurrentKda,,,19.2,19.2,37.66075,37.66075,0,0
aten::arange,,,20.3,41.35,0,7.120125,0,0
empty_tensor,,,8.79,8.79,0,0,0,0
aclnnArange,,,12.26,12.26,7.120125,7.120125,0,0
aten::select,,,7.89,13.1,0,0,0,0
aten::as_strided,,,5.21,5.21,0,0,0,0
aten::lt,,,21.81,43.1,0,4.6200937500000006,0,0
empty_tensor,,,7.35,7.35,0,0,0,0
aclnnLtTensor,,,13.94,13.94,4.6200937500000006,4.6200937500000006,0,0
aten::unsqueeze,,,3.45,6.74,0,0,0,0
aten::as_strided,,,3.29,3.29,0,0,0,0
aten::unsqueeze,,,1.83,3.49,0,0,0,0
aten::as_strided,,,1.66,1.66,0,0,0,0
aten::unsqueeze,,,1.34,2.96,0,0,0,0
aten::as_strided,,,1.62,1.62,0,0,0,0
aten::bitwise_not,,,18.23,35.49,0,1.48003125,0,0
empty_tensor,,,6.48,6.48,0,0,0,0
aclnnBitwiseNot,,,10.78,10.78,1.48003125,1.48003125,0,0
aten::masked_fill,,,14.04,124.88,0,4.24009375,0,0
aten::expand,,,3.61,7.57,0,0,0,0
aten::as_strided,,,3.96,3.96,0,0,0,0
aten::expand,,,1.31,4.83,0,0,0,0
aten::as_strided,,,3.52,3.52,0,0,0,0
aten::clone,,,5.11,80.31,0,0.60003125,0,0
empty_tensor,,,7.23,7.23,0,0,0,0
aten::copy_,,,55.24,67.97,0,0.60003125,0,0
aclnnInplaceCopy,,,12.73,12.73,0.60003125,0.60003125,0,0
aten::masked_fill_,,,13.04,18.13,0,3.6400625,0,0
aclnnInplaceMaskedFillScalar,,,5.09,5.09,3.6400625,3.6400625,0,0
aten::slice,,,3.73,8.27,0,0,0,0
aten::as_strided,,,4.54,4.54,0,0,0,0
aten::slice,,,1.51,3.83,0,0,0,0
aten::as_strided,,,2.32,2.32,0,0,0,0
aten::slice,,,1.17,3.31,0,0,0,0
aten::as_strided,,,2.14,2.14,0,0,0,0
aten::slice,,,1.29,3.4,0,0,0,0
aten::as_strided,,,2.11,2.11,0,0,0,0
aten::slice,,,1.52,3.97,0,0,0,0
aten::as_strided,,,2.45,2.45,0,0,0,0
aten::empty,,,3.76,16.49,0,0,0,0
empty_tensor,,,12.73,12.73,0,0,0,0
aten::select,,,7.47,12.52,0,0,0,0
aten::as_strided,,,5.05,5.05,0,0,0,0
_gather_initial_states_kernel,,,25.35,25.35,10.32021875,10.32021875,0,0
aten::to,,,3.53,3.53,0,0,0,0
aten::to,,,1.82,77.71,0,6.960125,0,0
aten::_to_copy,,,8.05,75.89,0,6.960125,0,0
aten::empty_strided,,,11.05,18.48,0,0,0,0
empty_tensor,,,7.43,7.43,0,0,0,0
aten::copy_,,,29.6,49.36,0,6.960125,0,0
aclnnInplaceCopy,,,19.76,19.76,6.960125,6.960125,0,0
aten::sigmoid,,,15.92,33.68,0,4.08009375,0,0
empty_tensor,,,7.2,7.2,0,0,0,0
aclnnSigmoid,,,10.56,10.56,4.08009375,4.08009375,0,0
aten::contiguous,,,3.3,65.1,0,7.020125,0,0
aten::clone,,,4.99,61.8,0,7.020125,0,0
empty_tensor,,,20.68,20.68,0,0,0,0
aten::copy_,,,30.65,36.13,0,7.020125,0,0
aclnnInplaceCopy,,,5.48,5.48,7.020125,7.020125,0,0
aten::view,,,5.73,5.73,0,0,0,0
aten::empty_like,,,5.38,30.8,0,0,0,0
aten::empty_strided,,,12.68,25.42,0,0,0,0
empty_tensor,,,12.74,12.74,0,0,0,0
l2norm_fwd_kernel2,,,23.77,23.77,15.10028125,15.10028125,0,0
aten::view,,,9.95,9.95,0,0,0,0
aten::contiguous,,,3.7,57.67,0,6.480125,0,0
aten::clone,,,5.75,53.97,0,6.480125,0,0
empty_tensor,,,11.81,11.81,0,0,0,0
aten::copy_,,,20.81,36.41,0,6.480125,0,0
aclnnInplaceCopy,,,15.6,15.6,6.480125,6.480125,0,0
aten::view,,,4.59,4.59,0,0,0,0
aten::empty_like,,,5.41,24.8,0,0,0,0
aten::empty_strided,,,10.48,19.39,0,0,0,0
empty_tensor,,,8.91,8.91,0,0,0,0
l2norm_fwd_kernel2,,,20.39,20.39,10.38021875,10.38021875,0,0
aten::view,,,9.88,9.88,0,0,0,0
aten::contiguous,,,3.51,55.73,0,6.340125,0,0
aten::clone,,,5.53,52.22,0,6.340125,0,0
empty_tensor,,,11.3,11.3,0,0,0,0
aten::copy_,,,21.13,35.39,0,6.340125,0,0
aclnnInplaceCopy,,,14.26,14.26,6.340125,6.340125,0,0
aten::reshape,,,1.77,11.66,0,0,0,0
aten::view,,,9.89,9.89,0,0,0,0
_C_ascend::chunk_kda_fwd,,,79.07,158.92,0,945.038875,0,0
aten::empty,,,3.61,16.5,0,0,0,0
empty_tensor,,,12.89,12.89,0,0,0,0
aten::empty,,,1.66,8.06,0,0,0,0
empty_tensor,,,6.4,6.4,0,0,0,0
aten::empty,,,1.42,8.17,0,0,0,0
empty_tensor,,,6.75,6.75,0,0,0,0
aten::empty_like,,,4.54,15.76,0,0,0,0
aten::empty_strided,,,8.3,11.22,0,0,0,0
empty_tensor,,,2.92,2.92,0,0,0,0
aten::empty,,,2.77,12.52,0,0,0,0
empty_tensor,,,9.75,9.75,0,0,0,0
aclnnChunkKdaFwd,,,18.84,18.84,945.038875,945.038875,0,0
aten::to,,,2.18,2.18,0,0,0,0
aten::select,,,8.78,15.56,0,0,0,0
aten::as_strided,,,6.78,6.78,0,0,0,0
aten::select,,,1.87,5.22,0,0,0,0
aten::as_strided,,,3.35,3.35,0,0,0,0
aten::view,,,7.56,7.56,0,0,0,0
aten::unsqueeze,,,4.67,8.82,0,0,0,0
aten::as_strided,,,4.15,4.15,0,0,0,0
aten::view,,,3.22,3.22,0,0,0,0
npu::npu_scatter_nd_update_,,,31.73,45.28,0,102.002,0,0
aclnnScatterNdUpdate,,,13.55,13.55,102.002,102.002,0,0
aten::cat,,,21.06,41.06,0,9.4001875,0,0
empty_tensor,,,8.77,8.77,0,0,0,0
aclnnCat,,,11.23,11.23,9.4001875,9.4001875,0,0
aten::select,,,3.53,7.03,0,0,0,0
aten::as_strided,,,3.5,3.5,0,0,0,0
aten::select,,,2.37,4.94,0,0,0,0
aten::as_strided,,,2.57,2.57,0,0,0,0
aten::copy_,,,15.24,27.67,0,8.90015625,0,0
aclnnInplaceCopy,,,12.43,12.43,8.90015625,8.90015625,0,0
aten::reshape,,,2.09,7.63,0,0,0,0
aten::view,,,5.54,5.54,0,0,0,0
aten::reshape,,,0.89,4.11,0,0,0,0
aten::view,,,3.22,3.22,0,0,0,0
aten::empty_like,,,5.44,20.65,0,0,0,0
aten::empty_strided,,,10.32,15.21,0,0,0,0
empty_tensor,,,4.89,4.89,0,0,0,0
layer_norm_gated_fwd_kernel,,,23.54,23.54,29.08059375,29.08059375,0,0
aten::reshape,,,2.44,11.8,0,0,0,0
aten::view,,,9.36,9.36,0,0,0,0
aten::reshape,,,1.3,5.56,0,0,0,0
aten::view,,,4.26,4.26,0,0,0,0
vllm::unquantized_gemm,,,22.95,95.76,0,185.7036875,0,185.7036875
aten::linear,,,5.52,72.81,0,185.7036875,0,185.7036875
aten::t,,,5.76,15.52,0,0,0,0
aten::transpose,,,3.29,9.76,0,0,0,0
aten::as_strided,,,6.47,6.47,0,0,0,0
aten::matmul,,,23.41,51.77,0,185.7036875,0,185.7036875
empty_tensor,,,12.63,12.63,0,0,0,0
aclnnMatmul,,,15.73,15.73,185.7036875,185.7036875,185.7036875,185.7036875
aten::unsqueeze,,,4.39,10.15,0,0,0,0
aten::as_strided,,,5.76,5.76,0,0,0,0
aten::unsqueeze,,,1.81,4.77,0,0,0,0
aten::as_strided,,,2.96,2.96,0,0,0,0
aten::squeeze,,,2.99,5.85,0,0,0,0
aten::as_strided,,,2.86,2.86,0,0,0,0
aten::unsqueeze,,,1.49,3.93,0,0,0,0
aten::as_strided,,,2.44,2.44,0,0,0,0
aten::unsqueeze,,,1.72,5.29,0,0,0,0
aten::as_strided,,,3.57,3.57,0,0,0,0
_C_ascend::npu_hc_post,,,52.19,94.35,0,42.400875,0,0
aten::empty,,,3.11,14.06,0,0,0,0
empty_tensor,,,10.95,10.95,0,0,0,0
aten::empty,,,3.25,12.26,0,0,0,0
empty_tensor,,,9.01,9.01,0,0,0,0
aclnnHcPost,,,15.84,15.84,42.400875,42.400875,0,0
aten::squeeze,,,3.76,8.15,0,0,0,0
aten::as_strided,,,4.39,4.39,0,0,0,0
_C_ascend::npu_hc_pre_v2,,,50.02,102.89,0,99.322,0,0
aten::empty,,,3.25,13.25,0,0,0,0
empty_tensor,,,10.0,10.0,0,0,0,0
aten::empty,,,1.79,7.24,0,0,0,0
empty_tensor,,,5.45,5.45,0,0,0,0
aten::empty,,,1.48,5.95,0,0,0,0
empty_tensor,,,4.47,4.47,0,0,0,0
aten::empty,,,3.36,12.17,0,0,0,0
empty_tensor,,,8.81,8.81,0,0,0,0
aclnnHcPre,,,14.26,14.26,99.322,99.322,0,0
npu::npu_rms_norm,,,62.37,93.47,0,13.96028125,0,0
empty_tensor,,,8.32,8.32,0,0,0,0
empty_tensor,,,4.99,4.99,0,0,0,0
aclnnRmsNorm,,,17.79,17.79,13.96028125,13.96028125,0,0
aten::unsqueeze,,,4.05,9.09,0,0,0,0
aten::as_strided,,,5.04,5.04,0,0,0,0
vllm::unquantized_gemm,,,22.74,91.81,0,500.45,0,500.45
aten::linear,,,5.37,69.07,0,500.45,0,500.45
aten::t,,,6.05,15.28,0,0,0,0
aten::transpose,,,3.54,9.23,0,0,0,0
aten::as_strided,,,5.69,5.69,0,0,0,0
aten::matmul,,,21.95,48.42,0,500.45,0,500.45
empty_tensor,,,10.96,10.96,0,0,0,0
aclnnMatmul,,,15.51,15.51,500.45,500.45,500.45,500.45
aten::slice,,,4.58,9.65,0,0,0,0
aten::as_strided,,,5.07,5.07,0,0,0,0
aten::clamp,,,26.58,50.18,0,63.9413125,0,0
empty_tensor,,,10.68,10.68,0,0,0,0
aclnnClamp,,,12.92,12.92,63.9413125,63.9413125,0,0
aten::slice,,,3.59,7.86,0,0,0,0
aten::as_strided,,,4.27,4.27,0,0,0,0
aten::clamp,,,21.89,34.58,0,67.76134375,0,0
empty_tensor,,,8.45,8.45,0,0,0,0
aclnnClamp,,,4.24,4.24,67.76134375,67.76134375,0,0
aten::mul,,,19.36,45.41,0,10.44021875,0,0
empty_tensor,,,7.04,7.04,0,0,0,0
aten::item,,,2.74,4.53,0,0,0,0
aten::_local_scalar_dense,,,1.79,1.79,0,0,0,0
aclnnMuls,,,14.48,14.48,10.44021875,10.44021875,0,0
aten::sigmoid,,,10.94,23.22,0,14.00025,0,0
empty_tensor,,,8.78,8.78,0,0,0,0
aclnnSigmoid,,,3.5,3.5,14.00025,14.00025,0,0
aten::mul,,,12.77,21.18,0,18.100375,0,0
empty_tensor,,,5.82,5.82,0,0,0,0
aclnnMul,,,2.59,2.59,18.100375,18.100375,0,0
aten::add,,,18.25,30.25,0,13.10025,0,0
empty_tensor,,,6.1,6.1,0,0,0,0
aten::item,,,1.86,3.04,0,0,0,0
aten::_local_scalar_dense,,,1.18,1.18,0,0,0,0
aclnnAdds,,,2.86,2.86,13.10025,13.10025,0,0
aten::mul,,,12.56,25.63,0,9.98021875,0,0
empty_tensor,,,6.26,6.26,0,0,0,0
aclnnMul,,,6.81,6.81,9.98021875,9.98021875,0,0
vllm::unquantized_gemm,,,23.38,88.2,0,244.044875,0,244.044875
aten::linear,,,4.73,64.82,0,244.044875,0,244.044875
aten::t,,,6.2,16.04,0,0,0,0
aten::transpose,,,3.19,9.84,0,0,0,0
aten::as_strided,,,6.65,6.65,0,0,0,0
aten::matmul,,,19.79,44.05,0,244.044875,0,244.044875
empty_tensor,,,10.15,10.15,0,0,0,0
aclnnMatmul,,,14.11,14.11,244.044875,244.044875,244.044875,244.044875
aten::unsqueeze,,,4.39,10.21,0,0,0,0
aten::as_strided,,,5.82,5.82,0,0,0,0
aten::unsqueeze,,,2.21,5.76,0,0,0,0
aten::as_strided,,,3.55,3.55,0,0,0,0
aten::squeeze,,,2.54,5.58,0,0,0,0
aten::as_strided,,,3.04,3.04,0,0,0,0
aten::unsqueeze,,,1.7,4.47,0,0,0,0
aten::as_strided,,,2.77,2.77,0,0,0,0
aten::unsqueeze,,,1.7,5.12,0,0,0,0
aten::as_strided,,,3.42,3.42,0,0,0,0
_C_ascend::npu_hc_post,,,52.08,91.95,0,34.6606875,0,0
aten::empty,,,3.44,12.72,0,0,0,0
empty_tensor,,,9.28,9.28,0,0,0,0
aten::empty,,,4.14,13.3,0,0,0,0
empty_tensor,,,9.16,9.16,0,0,0,0
aclnnHcPost,,,13.85,13.85,34.6606875,34.6606875,0,0
aten::squeeze,,,4.24,8.82,0,0,0,0
aten::as_strided,,,4.58,4.58,0,0,0,0
_C_ascend::npu_hc_pre_v2,,,47.58,98.52,0,91.4618125,0,0
aten::empty,,,3.16,12.05,0,0,0,0
empty_tensor,,,8.89,8.89,0,0,0,0
aten::empty,,,1.52,7.0,0,0,0,0
empty_tensor,,,5.48,5.48,0,0,0,0
aten::empty,,,1.45,5.34,0,0,0,0
empty_tensor,,,3.89,3.89,0,0,0,0
aten::empty,,,3.4,12.74,0,0,0,0
empty_tensor,,,9.34,9.34,0,0,0,0
aclnnHcPre,,,13.81,13.81,91.4618125,91.4618125,0,0
npu::npu_rms_norm,,,59.48,87.38,0,14.10028125,0,0
empty_tensor,,,9.2,9.2,0,0,0,0
empty_tensor,,,5.68,5.68,0,0,0,0
aclnnRmsNorm,,,13.02,13.02,14.10028125,14.10028125,0,0
aten::unsqueeze,,,4.09,8.64,0,0,0,0
aten::as_strided,,,4.55,4.55,0,0,0,0
aten::linear,,,5.88,85.09,0,422.86846875,0,422.86846875
aten::t,,,6.16,15.22,0,0,0,0
aten::transpose,,,3.08,9.06,0,0,0,0
aten::as_strided,,,5.98,5.98,0,0,0,0
aten::matmul,,,21.29,63.99,0,422.86846875,0,422.86846875
empty_tensor,,,28.96,28.96,0,0,0,0
aclnnMatmul,,,13.74,13.74,422.86846875,422.86846875,422.86846875,422.86846875
aten::split_with_sizes,,,7.26,18.72,0,0,0,0
aten::as_strided,,,6.45,6.45,0,0,0,0
aten::as_strided,,,2.17,2.17,0,0,0,0
aten::as_strided,,,1.51,1.51,0,0,0,0
aten::as_strided,,,1.33,1.33,0,0,0,0
aten::unsqueeze,,,2.79,7.18,0,0,0,0
aten::as_strided,,,4.39,4.39,0,0,0,0
vllm::unquantized_gemm,,,22.39,91.89,0,14.36028125,0,11.18021875
aten::linear,,,4.61,69.5,0,14.36028125,0,11.18021875
aten::t,,,4.72,11.83,0,0,0,0
aten::transpose,,,2.41,7.11,0,0,0,0
aten::as_strided,,,4.7,4.7,0,0,0,0
aten::matmul,,,27.11,53.06,0,14.36028125,0,11.18021875
empty_tensor,,,12.07,12.07,0,0,0,0
aclnnMatmul,,,13.88,13.88,14.36028125,14.36028125,11.18021875,11.18021875
aten::reshape,,,2.23,8.27,0,0,0,0
aten::view,,,6.04,6.04,0,0,0,0
vllm::unquantized_gemm,,,19.57,92.37,0,11.66025,0,9.0001875
aten::linear,,,4.05,72.8,0,11.66025,0,9.0001875
aten::t,,,4.75,13.7,0,0,0,0
aten::transpose,,,2.8,8.95,0,0,0,0
aten::as_strided,,,6.15,6.15,0,0,0,0
aten::matmul,,,24.48,55.05,0,11.66025,0,9.0001875
empty_tensor,,,11.27,11.27,0,0,0,0
aclnnMatmul,,,19.3,19.3,11.66025,11.66025,9.0001875,9.0001875
aten::reshape,,,1.84,7.12,0,0,0,0
aten::view,,,5.28,5.28,0,0,0,0
aten::empty,,,3.84,16.6,0,0,0,0
empty_tensor,,,12.76,12.76,0,0,0,0
aten::slice,,,3.61,8.64,0,0,0,0
aten::as_strided,,,5.03,5.03,0,0,0,0
aten::alias,,,3.29,3.29,0,0,0,0
aten::alias,,,1.19,1.19,0,0,0,0
aten::zeros_like,,,5.55,58.81,0,11.04021875,0,0
aten::empty_like,,,5.74,20.56,0,0,0,0
aten::empty_strided,,,10.76,14.82,0,0,0,0
empty_tensor,,,4.06,4.06,0,0,0,0
aten::zero_,,,14.91,32.7,0,11.04021875,0,0
aclnnInplaceZero,,,17.79,17.79,11.04021875,11.04021875,0,0
aten::empty,,,3.6,12.92,0,0,0,0
empty_tensor,,,9.32,9.32,0,0,0,0
aten::empty,,,2.14,7.26,0,0,0,0
empty_tensor,,,5.12,5.12,0,0,0,0
_copy_conv_state_kernel,,,26.71,26.71,10.98025,10.98025,0,0
fla_npu_stable::npu_causal_conv1d_fn,,,159.25,222.44,0,91.2418125,0,0
aten::empty_strided,,,14.88,22.89,0,0,0,0
empty_tensor,,,8.01,8.01,0,0,0,0
aten::empty_strided,,,14.49,23.02,0,0,0,0
empty_tensor,,,8.53,8.53,0,0,0,0
aclnnCausalConv1d,,,17.28,17.28,91.2418125,91.2418125,0,0
_copy_conv_state_kernel,,,25.62,25.62,10.42021875,10.42021875,0,0
aten::split,,,4.98,31.65,0,0,0,0
aten::narrow,,,4.41,16.71,0,0,0,0
aten::slice,,,4.58,12.3,0,0,0,0
aten::as_strided,,,7.72,7.72,0,0,0,0
aten::narrow,,,1.37,5.22,0,0,0,0
aten::slice,,,1.44,3.85,0,0,0,0
aten::as_strided,,,2.41,2.41,0,0,0,0
aten::narrow,,,1.11,4.74,0,0,0,0
aten::slice,,,1.29,3.63,0,0,0,0
aten::as_strided,,,2.34,2.34,0,0,0,0
aten::zero_,,,17.47,32.06,0,7.54015625,0,0
aclnnInplaceZero,,,14.59,14.59,7.54015625,7.54015625,0,0
aten::reshape,,,7.05,16.77,0,0,0,0
aten::_reshape_alias,,,3.35,9.72,0,0,0,0
aten::view,,,6.37,6.37,0,0,0,0
aten::reshape,,,2.35,9.35,0,0,0,0
aten::_reshape_alias,,,2.04,7.0,0,0,0,0
aten::view,,,4.96,4.96,0,0,0,0
aten::reshape,,,2.08,9.42,0,0,0,0
aten::_reshape_alias,,,1.67,7.34,0,0,0,0
aten::view,,,5.67,5.67,0,0,0,0
aten::slice,,,3.68,7.09,0,0,0,0
aten::as_strided,,,3.41,3.41,0,0,0,0
aten::slice,,,1.28,3.41,0,0,0,0
aten::as_strided,,,2.13,2.13,0,0,0,0
aten::slice,,,1.21,3.13,0,0,0,0
aten::as_strided,,,1.92,1.92,0,0,0,0
aten::slice,,,1.49,14.07,0,0,0,0
aten::as_strided,,,12.58,12.58,0,0,0,0
aten::slice,,,2.74,7.38,0,0,0,0
aten::as_strided,,,4.64,4.64,0,0,0,0
aten::slice,,,6.47,10.36,0,0,0,0
aten::as_strided,,,3.89,3.89,0,0,0,0
aten::slice,,,3.74,13.07,0,0,0,0
aten::as_strided,,,9.33,9.33,0,0,0,0
aten::reshape,,,1.56,10.07,0,0,0,0
aten::view,,,8.51,8.51,0,0,0,0
_C_ascend::recurrent_kda,,,65.12,154.89,0,31.300625,0,0
aten::empty_like,,,6.27,36.25,0,0,0,0
aten::empty_strided,,,13.31,29.98,0,0,0,0
empty_tensor,,,16.67,16.67,0,0,0,0
aten::empty,,,3.26,22.97,0,0,0,0
empty_tensor,,,19.71,19.71,0,0,0,0
aclnnRecurrentKda,,,30.55,30.55,31.300625,31.300625,0,0
aten::arange,,,20.51,43.19,0,7.120125,0,0
empty_tensor,,,10.5,10.5,0,0,0,0
aclnnArange,,,12.18,12.18,7.120125,7.120125,0,0
aten::select,,,7.95,13.36,0,0,0,0
aten::as_strided,,,5.41,5.41,0,0,0,0
aten::lt,,,21.77,55.38,0,4.36009375,0,0
empty_tensor,,,18.58,18.58,0,0,0,0
aclnnLtTensor,,,15.03,15.03,4.36009375,4.36009375,0,0
aten::unsqueeze,,,3.48,6.97,0,0,0,0
aten::as_strided,,,3.49,3.49,0,0,0,0
aten::unsqueeze,,,1.72,3.31,0,0,0,0
aten::as_strided,,,1.59,1.59,0,0,0,0
aten::unsqueeze,,,1.43,2.89,0,0,0,0
aten::as_strided,,,1.46,1.46,0,0,0,0
aten::bitwise_not,,,12.94,30.76,0,1.44003125,0,0
empty_tensor,,,7.04,7.04,0,0,0,0
aclnnBitwiseNot,,,10.78,10.78,1.44003125,1.44003125,0,0
aten::masked_fill,,,10.17,117.23,0,4.2200625,0,0
aten::expand,,,2.49,6.5,0,0,0,0
aten::as_strided,,,4.01,4.01,0,0,0,0
aten::expand,,,1.12,4.75,0,0,0,0
aten::as_strided,,,3.63,3.63,0,0,0,0
aten::clone,,,5.25,80.36,0,0.6,0,0
empty_tensor,,,6.37,6.37,0,0,0,0
aten::copy_,,,56.89,68.74,0,0.6,0,0
aclnnInplaceCopy,,,11.85,11.85,0.6,0.6,0,0
aten::masked_fill_,,,11.88,15.45,0,3.6200625,0,0
aclnnInplaceMaskedFillScalar,,,3.57,3.57,3.6200625,3.6200625,0,0
aten::slice,,,3.65,7.96,0,0,0,0
aten::as_strided,,,4.31,4.31,0,0,0,0
aten::slice,,,1.42,3.63,0,0,0,0
aten::as_strided,,,2.21,2.21,0,0,0,0
aten::slice,,,1.25,4.06,0,0,0,0
aten::as_strided,,,2.81,2.81,0,0,0,0
aten::slice,,,1.13,2.94,0,0,0,0
aten::as_strided,,,1.81,1.81,0,0,0,0
aten::slice,,,1.17,3.24,0,0,0,0
aten::as_strided,,,2.07,2.07,0,0,0,0
aten::empty,,,3.76,15.65,0,0,0,0
empty_tensor,,,11.89,11.89,0,0,0,0
aten::select,,,7.81,13.36,0,0,0,0
aten::as_strided,,,5.55,5.55,0,0,0,0
_gather_initial_states_kernel,,,24.18,24.18,10.46021875,10.46021875,0,0
aten::to,,,3.43,3.43,0,0,0,0
aten::to,,,1.76,70.93,0,6.80009375,0,0
aten::_to_copy,,,7.88,69.17,0,6.80009375,0,0
aten::empty_strided,,,11.37,18.66,0,0,0,0
empty_tensor,,,7.29,7.29,0,0,0,0
aten::copy_,,,28.87,42.63,0,6.80009375,0,0
aclnnInplaceCopy,,,13.76,13.76,6.80009375,6.80009375,0,0
aten::sigmoid,,,12.9,22.3,0,4.10009375,0,0
empty_tensor,,,6.55,6.55,0,0,0,0
aclnnSigmoid,,,2.85,2.85,4.10009375,4.10009375,0,0
aten::contiguous,,,3.29,38.32,0,7.50015625,0,0
aten::clone,,,4.06,35.03,0,7.50015625,0,0
empty_tensor,,,9.75,9.75,0,0,0,0
aten::copy_,,,13.58,21.22,0,7.50015625,0,0
aclnnInplaceCopy,,,7.64,7.64,7.50015625,7.50015625,0,0
aten::view,,,5.52,5.52,0,0,0,0
aten::empty_like,,,4.59,19.1,0,0,0,0
aten::empty_strided,,,10.74,14.51,0,0,0,0
empty_tensor,,,3.77,3.77,0,0,0,0
l2norm_fwd_kernel2,,,22.82,22.82,15.4003125,15.4003125,0,0
aten::view,,,9.84,9.84,0,0,0,0
aten::contiguous,,,3.34,56.42,0,6.240125,0,0
aten::clone,,,5.76,53.08,0,6.240125,0,0
empty_tensor,,,10.88,10.88,0,0,0,0
aten::copy_,,,21.14,36.44,0,6.240125,0,0
aclnnInplaceCopy,,,15.3,15.3,6.240125,6.240125,0,0
aten::view,,,4.57,4.57,0,0,0,0
aten::empty_like,,,5.26,21.36,0,0,0,0
aten::empty_strided,,,11.47,16.1,0,0,0,0
empty_tensor,,,4.63,4.63,0,0,0,0
l2norm_fwd_kernel2,,,21.62,21.62,10.2801875,10.2801875,0,0
aten::view,,,10.48,10.48,0,0,0,0
aten::contiguous,,,3.22,55.32,0,6.68015625,0,0
aten::clone,,,5.25,52.1,0,6.68015625,0,0
empty_tensor,,,11.28,11.28,0,0,0,0
aten::copy_,,,20.67,35.57,0,6.68015625,0,0
aclnnInplaceCopy,,,14.9,14.9,6.68015625,6.68015625,0,0
aten::reshape,,,2.0,12.39,0,0,0,0
aten::view,,,10.39,10.39,0,0,0,0
_C_ascend::chunk_kda_fwd,,,90.54,167.68,0,948.9989375,0,0
aten::empty,,,3.18,15.48,0,0,0,0
empty_tensor,,,12.3,12.3,0,0,0,0
aten::empty,,,1.63,7.9,0,0,0,0
empty_tensor,,,6.27,6.27,0,0,0,0
aten::empty,,,1.33,6.49,0,0,0,0
empty_tensor,,,5.16,5.16,0,0,0,0
aten::empty_like,,,4.81,15.86,0,0,0,0
aten::empty_strided,,,8.14,11.05,0,0,0,0
empty_tensor,,,2.91,2.91,0,0,0,0
aten::empty,,,3.94,15.26,0,0,0,0
empty_tensor,,,11.32,11.32,0,0,0,0
aclnnChunkKdaFwd,,,16.15,16.15,948.9989375,948.9989375,0,0
aten::to,,,2.14,2.14,0,0,0,0
aten::select,,,8.57,15.18,0,0,0,0
aten::as_strided,,,6.61,6.61,0,0,0,0
aten::select,,,2.04,5.43,0,0,0,0
aten::as_strided,,,3.39,3.39,0,0,0,0
aten::view,,,7.78,7.78,0,0,0,0
aten::unsqueeze,,,4.24,8.23,0,0,0,0
aten::as_strided,,,3.99,3.99,0,0,0,0
aten::view,,,3.7,3.7,0,0,0,0
npu::npu_scatter_nd_update_,,,31.22,46.31,0,101.84203125,0,0
aclnnScatterNdUpdate,,,15.09,15.09,101.84203125,101.84203125,0,0
aten::cat,,,28.55,51.47,0,10.4801875,0,0
empty_tensor,,,10.86,10.86,0,0,0,0
aclnnCat,,,12.06,12.06,10.4801875,10.4801875,0,0
aten::select,,,4.59,8.73,0,0,0,0
aten::as_strided,,,4.14,4.14,0,0,0,0
aten::select,,,2.54,5.52,0,0,0,0
aten::as_strided,,,2.98,2.98,0,0,0,0
aten::copy_,,,16.3,32.05,0,8.7601875,0,0
aclnnInplaceCopy,,,15.75,15.75,8.7601875,8.7601875,0,0
aten::reshape,,,2.16,8.68,0,0,0,0
aten::view,,,6.52,6.52,0,0,0,0
aten::reshape,,,1.29,5.17,0,0,0,0
aten::view,,,3.88,3.88,0,0,0,0
aten::empty_like,,,5.62,20.87,0,0,0,0
aten::empty_strided,,,9.8,15.25,0,0,0,0
empty_tensor,,,5.45,5.45,0,0,0,0
layer_norm_gated_fwd_kernel,,,24.19,24.19,24.5405,24.5405,0,0
aten::reshape,,,2.62,11.6,0,0,0,0
aten::view,,,8.98,8.98,0,0,0,0
aten::reshape,,,1.27,5.84,0,0,0,0
aten::view,,,4.57,4.57,0,0,0,0
vllm::unquantized_gemm,,,22.02,95.19,0,183.46365625,0,183.46365625
aten::linear,,,4.57,73.17,0,183.46365625,0,183.46365625
aten::t,,,6.37,16.1,0,0,0,0
aten::transpose,,,3.34,9.73,0,0,0,0
aten::as_strided,,,6.39,6.39,0,0,0,0
aten::matmul,,,23.71,52.5,0,183.46365625,0,183.46365625
empty_tensor,,,13.2,13.2,0,0,0,0
aclnnMatmul,,,15.59,15.59,183.46365625,183.46365625,183.46365625,183.46365625
aten::unsqueeze,,,5.28,25.09,0,0,0,0
aten::as_strided,,,19.81,19.81,0,0,0,0
aten::unsqueeze,,,2.42,6.21,0,0,0,0
aten::as_strided,,,3.79,3.79,0,0,0,0
aten::squeeze,,,2.81,5.97,0,0,0,0
aten::as_strided,,,3.16,3.16,0,0,0,0
aten::unsqueeze,,,1.72,4.33,0,0,0,0
aten::as_strided,,,2.61,2.61,0,0,0,0
aten::unsqueeze,,,1.75,4.96,0,0,0,0
aten::as_strided,,,3.21,3.21,0,0,0,0
_C_ascend::npu_hc_post,,,51.73,93.6,0,36.96071875,0,0
aten::empty,,,2.99,14.37,0,0,0,0
empty_tensor,,,11.38,11.38,0,0,0,0
aten::empty,,,3.07,12.69,0,0,0,0
empty_tensor,,,9.62,9.62,0,0,0,0
aclnnHcPost,,,14.81,14.81,36.96071875,36.96071875,0,0
aten::squeeze,,,3.83,8.42,0,0,0,0
aten::as_strided,,,4.59,4.59,0,0,0,0
_C_ascend::npu_hc_pre_v2,,,48.1,100.14,0,95.38190625,0,0
aten::empty,,,3.32,12.57,0,0,0,0
empty_tensor,,,9.25,9.25,0,0,0,0
aten::empty,,,1.71,7.58,0,0,0,0
empty_tensor,,,5.87,5.87,0,0,0,0
aten::empty,,,1.58,6.28,0,0,0,0
empty_tensor,,,4.7,4.7,0,0,0,0
aten::empty,,,3.0,11.8,0,0,0,0
empty_tensor,,,8.8,8.8,0,0,0,0
aclnnHcPre,,,13.81,13.81,95.38190625,95.38190625,0,0
npu::npu_rms_norm,,,59.22,85.96,0,16.2403125,0,0
empty_tensor,,,9.1,9.1,0,0,0,0
empty_tensor,,,4.94,4.94,0,0,0,0
aclnnRmsNorm,,,12.7,12.7,16.2403125,16.2403125,0,0
aten::unsqueeze,,,3.93,8.84,0,0,0,0
aten::as_strided,,,4.91,4.91,0,0,0,0
vllm::unquantized_gemm,,,22.37,88.71,0,502.41003125,0,502.41003125
aten::linear,,,5.28,66.34,0,502.41003125,0,502.41003125
aten::t,,,5.69,13.99,0,0,0,0
aten::transpose,,,3.06,8.3,0,0,0,0
aten::as_strided,,,5.24,5.24,0,0,0,0
aten::matmul,,,22.29,47.07,0,502.41003125,0,502.41003125
empty_tensor,,,10.69,10.69,0,0,0,0
aclnnMatmul,,,14.09,14.09,502.41003125,502.41003125,502.41003125,502.41003125
aten::slice,,,4.55,9.26,0,0,0,0
aten::as_strided,,,4.71,4.71,0,0,0,0
aten::clamp,,,24.66,48.67,0,59.3011875,0,0
empty_tensor,,,11.65,11.65,0,0,0,0
aclnnClamp,,,12.36,12.36,59.3011875,59.3011875,0,0
aten::slice,,,3.49,7.54,0,0,0,0
aten::as_strided,,,4.05,4.05,0,0,0,0
aten::clamp,,,20.26,44.42,0,62.761250000000004,0,0
empty_tensor,,,7.91,7.91,0,0,0,0
aclnnClamp,,,16.25,16.25,62.761250000000004,62.761250000000004,0,0
aten::mul,,,20.06,34.93,0,10.06021875,0,0
empty_tensor,,,7.52,7.52,0,0,0,0
aten::item,,,2.44,4.36,0,0,0,0
aten::_local_scalar_dense,,,1.92,1.92,0,0,0,0
aclnnMuls,,,2.99,2.99,10.06021875,10.06021875,0,0
aten::sigmoid,,,10.17,20.37,0,14.40028125,0,0
empty_tensor,,,7.07,7.07,0,0,0,0
aclnnSigmoid,,,3.13,3.13,14.40028125,14.40028125,0,0
aten::mul,,,11.83,19.89,0,17.84034375,0,0
empty_tensor,,,5.51,5.51,0,0,0,0
aclnnMul,,,2.55,2.55,17.84034375,17.84034375,0,0
aten::add,,,16.96,29.84,0,12.82025,0,0
empty_tensor,,,6.36,6.36,0,0,0,0
aten::item,,,1.48,2.47,0,0,0,0
aten::_local_scalar_dense,,,0.99,0.99,0,0,0,0
aclnnAdds,,,4.05,4.05,12.82025,12.82025,0,0
aten::mul,,,10.78,20.03,0,9.70021875,0,0
empty_tensor,,,6.78,6.78,0,0,0,0
aclnnMul,,,2.47,2.47,9.70021875,9.70021875,0,0
vllm::unquantized_gemm,,,21.96,83.08,0,244.644875,0,244.644875
aten::linear,,,4.62,61.12,0,244.644875,0,244.644875
aten::t,,,5.62,14.86,0,0,0,0
aten::transpose,,,3.13,9.24,0,0,0,0
aten::as_strided,,,6.11,6.11,0,0,0,0
aten::matmul,,,18.14,41.64,0,244.644875,0,244.644875
empty_tensor,,,9.4,9.4,0,0,0,0
aclnnMatmul,,,14.1,14.1,244.644875,244.644875,244.644875,244.644875
aten::unsqueeze,,,5.66,12.0,0,0,0,0
aten::as_strided,,,6.34,6.34,0,0,0,0
aten::unsqueeze,,,2.38,6.08,0,0,0,0
aten::as_strided,,,3.7,3.7,0,0,0,0
aten::squeeze,,,3.07,6.23,0,0,0,0
aten::as_strided,,,3.16,3.16,0,0,0,0
aten::unsqueeze,,,1.8,4.37,0,0,0,0
aten::as_strided,,,2.57,2.57,0,0,0,0
aten::unsqueeze,,,1.96,5.2,0,0,0,0
aten::as_strided,,,3.24,3.24,0,0,0,0
_C_ascend::npu_hc_post,,,50.77,92.25,0,34.3406875,0,0
aten::empty,,,3.12,12.36,0,0,0,0
empty_tensor,,,9.24,9.24,0,0,0,0
aten::empty,,,3.12,11.88,0,0,0,0
empty_tensor,,,8.76,8.76,0,0,0,0
aclnnHcPost,,,17.24,17.24,34.3406875,34.3406875,0,0
aten::squeeze,,,4.17,8.39,0,0,0,0
aten::as_strided,,,4.22,4.22,0,0,0,0
_C_ascend::npu_hc_pre_v2,,,47.54,98.47,0,97.4019375,0,0
aten::empty,,,3.16,12.44,0,0,0,0
empty_tensor,,,9.28,9.28,0,0,0,0
aten::empty,,,1.81,6.95,0,0,0,0
empty_tensor,,,5.14,5.14,0,0,0,0
aten::empty,,,1.64,6.26,0,0,0,0
empty_tensor,,,4.62,4.62,0,0,0,0
aten::empty,,,2.65,11.3,0,0,0,0
empty_tensor,,,8.65,8.65,0,0,0,0
aclnnHcPre,,,13.98,13.98,97.4019375,97.4019375,0,0
npu::npu_rms_norm,,,59.5,85.33,0,16.20034375,0,0
empty_tensor,,,8.45,8.45,0,0,0,0
empty_tensor,,,4.47,4.47,0,0,0,0
aclnnRmsNorm,,,12.91,12.91,16.20034375,16.20034375,0,0
aten::unsqueeze,,,4.02,8.77,0,0,0,0
aten::as_strided,,,4.75,4.75,0,0,0,0
aten::linear,,,5.36,64.88,0,424.8885,0,424.8885
aten::t,,,6.1,15.02,0,0,0,0
aten::transpose,,,3.16,8.92,0,0,0,0
aten::as_strided,,,5.76,5.76,0,0,0,0
aten::matmul,,,20.36,44.5,0,424.8885,0,424.8885
empty_tensor,,,10.64,10.64,0,0,0,0
aclnnMatmul,,,13.5,13.5,424.8885,424.8885,424.8885,424.8885
aten::split_with_sizes,,,6.39,17.6,0,0,0,0
aten::as_strided,,,6.05,6.05,0,0,0,0
aten::as_strided,,,1.98,1.98,0,0,0,0
aten::as_strided,,,1.68,1.68,0,0,0,0
aten::as_strided,,,1.5,1.5,0,0,0,0
aten::unsqueeze,,,2.75,7.1,0,0,0,0
aten::as_strided,,,4.35,4.35,0,0,0,0
vllm::unquantized_gemm,,,21.66,89.24,0,15.06028125,0,11.84021875
aten::linear,,,4.5,67.58,0,15.06028125,0,11.84021875
aten::t,,,4.74,12.01,0,0,0,0
aten::transpose,,,2.27,7.27,0,0,0,0
aten::as_strided,,,5.0,5.0,0,0,0,0
aten::matmul,,,25.17,51.07,0,15.06028125,0,11.84021875
empty_tensor,,,11.44,11.44,0,0,0,0
aclnnMatmul,,,14.46,14.46,15.06028125,15.06028125,11.84021875,11.84021875
aten::reshape,,,2.32,7.82,0,0,0,0
aten::view,,,5.5,5.5,0,0,0,0
vllm::unquantized_gemm,,,19.9,88.56,0,11.80025,0,9.1001875
aten::linear,,,4.54,68.66,0,11.80025,0,9.1001875
aten::t,,,4.1,11.94,0,0,0,0
aten::transpose,,,2.55,7.84,0,0,0,0
aten::as_strided,,,5.29,5.29,0,0,0,0
aten::matmul,,,26.2,52.18,0,11.80025,0,9.1001875
empty_tensor,,,10.77,10.77,0,0,0,0
aclnnMatmul,,,15.21,15.21,11.80025,11.80025,9.1001875,9.1001875
aten::reshape,,,2.06,7.85,0,0,0,0
aten::view,,,5.79,5.79,0,0,0,0
aten::empty,,,3.56,14.2,0,0,0,0
empty_tensor,,,10.64,10.64,0,0,0,0
aten::slice,,,3.84,9.03,0,0,0,0
aten::as_strided,,,5.19,5.19,0,0,0,0
aten::alias,,,2.59,2.59,0,0,0,0
aten::alias,,,1.29,1.29,0,0,0,0
aten::zeros_like,,,4.66,51.88,0,11.02021875,0,0
aten::empty_like,,,5.72,19.51,0,0,0,0
aten::empty_strided,,,9.49,13.79,0,0,0,0
empty_tensor,,,4.3,4.3,0,0,0,0
aten::zero_,,,14.04,27.71,0,11.02021875,0,0
aclnnInplaceZero,,,13.67,13.67,11.02021875,11.02021875,0,0
aten::empty,,,3.3,12.91,0,0,0,0
empty_tensor,,,9.61,9.61,0,0,0,0
aten::empty,,,2.08,7.09,0,0,0,0
empty_tensor,,,5.01,5.01,0,0,0,0
_copy_conv_state_kernel,,,50.51,50.51,10.98025,10.98025,0,0
fla_npu_stable::npu_causal_conv1d_fn,,,154.85,222.25,0,89.50178125,0,0
aten::empty_strided,,,21.38,30.11,0,0,0,0
empty_tensor,,,8.73,8.73,0,0,0,0
aten::empty_strided,,,13.95,22.22,0,0,0,0
empty_tensor,,,8.27,8.27,0,0,0,0
aclnnCausalConv1d,,,15.07,15.07,89.50178125,89.50178125,0,0
_copy_conv_state_kernel,,,23.67,23.67,10.36021875,10.36021875,0,0
aten::split,,,4.76,29.75,0,0,0,0
aten::narrow,,,4.01,15.78,0,0,0,0
aten::slice,,,4.06,11.77,0,0,0,0
aten::as_strided,,,7.71,7.71,0,0,0,0
aten::narrow,,,1.92,5.04,0,0,0,0
aten::slice,,,1.08,3.12,0,0,0,0
aten::as_strided,,,2.04,2.04,0,0,0,0
aten::narrow,,,0.96,4.17,0,0,0,0
aten::slice,,,0.93,3.21,0,0,0,0
aten::as_strided,,,2.28,2.28,0,0,0,0
aten::zero_,,,18.68,32.91,0,7.600125,0,0
aclnnInplaceZero,,,14.23,14.23,7.600125,7.600125,0,0
aten::reshape,,,7.27,16.51,0,0,0,0
aten::_reshape_alias,,,3.37,9.24,0,0,0,0
aten::view,,,5.87,5.87,0,0,0,0
aten::reshape,,,2.28,7.89,0,0,0,0
aten::_reshape_alias,,,1.64,5.61,0,0,0,0
aten::view,,,3.97,3.97,0,0,0,0
aten::reshape,,,1.76,7.41,0,0,0,0
aten::_reshape_alias,,,1.74,5.65,0,0,0,0
aten::view,,,3.91,3.91,0,0,0,0
aten::slice,,,2.53,5.8,0,0,0,0
aten::as_strided,,,3.27,3.27,0,0,0,0
aten::slice,,,1.21,3.19,0,0,0,0
aten::as_strided,,,1.98,1.98,0,0,0,0
aten::slice,,,1.09,3.08,0,0,0,0
aten::as_strided,,,1.99,1.99,0,0,0,0
aten::slice,,,1.12,3.41,0,0,0,0
aten::as_strided,,,2.29,2.29,0,0,0,0
aten::slice,,,1.11,4.05,0,0,0,0
aten::as_strided,,,2.94,2.94,0,0,0,0
aten::slice,,,6.7,9.69,0,0,0,0
aten::as_strided,,,2.99,2.99,0,0,0,0
aten::slice,,,3.31,6.77,0,0,0,0
aten::as_strided,,,3.46,3.46,0,0,0,0
aten::reshape,,,1.36,9.39,0,0,0,0
aten::view,,,8.03,8.03,0,0,0,0
_C_ascend::recurrent_kda,,,61.33,117.32,0,30.90059375,0,0
aten::empty_like,,,5.67,24.68,0,0,0,0
aten::empty_strided,,,12.56,19.01,0,0,0,0
empty_tensor,,,6.45,6.45,0,0,0,0
aten::empty,,,3.15,14.52,0,0,0,0
empty_tensor,,,11.37,11.37,0,0,0,0
aclnnRecurrentKda,,,16.79,16.79,30.90059375,30.90059375,0,0
aten::arange,,,18.8,39.38,0,7.44015625,0,0
empty_tensor,,,8.51,8.51,0,0,0,0
aclnnArange,,,12.07,12.07,7.44015625,7.44015625,0,0
aten::select,,,8.57,14.61,0,0,0,0
aten::as_strided,,,6.04,6.04,0,0,0,0
aten::lt,,,19.5,37.13,0,4.34009375,0,0
empty_tensor,,,7.23,7.23,0,0,0,0
aclnnLtTensor,,,10.4,10.4,4.34009375,4.34009375,0,0
aten::unsqueeze,,,3.14,6.44,0,0,0,0
aten::as_strided,,,3.3,3.3,0,0,0,0
aten::unsqueeze,,,1.62,3.19,0,0,0,0
aten::as_strided,,,1.57,1.57,0,0,0,0
aten::unsqueeze,,,1.32,2.83,0,0,0,0
aten::as_strided,,,1.51,1.51,0,0,0,0
aten::bitwise_not,,,12.27,39.73,0,1.58003125,0,0
empty_tensor,,,6.53,6.53,0,0,0,0
aclnnBitwiseNot,,,20.93,20.93,1.58003125,1.58003125,0,0
aten::masked_fill,,,10.74,121.18,0,4.3600625,0,0
aten::expand,,,2.76,6.56,0,0,0,0
aten::as_strided,,,3.8,3.8,0,0,0,0
aten::expand,,,1.11,4.61,0,0,0,0
aten::as_strided,,,3.5,3.5,0,0,0,0
aten::clone,,,4.64,84.28,0,0.62,0,0
empty_tensor,,,7.31,7.31,0,0,0,0
aten::copy_,,,56.6,72.33,0,0.62,0,0
aclnnInplaceCopy,,,15.73,15.73,0.62,0.62,0,0
aten::masked_fill_,,,11.78,14.99,0,3.7400625,0,0
aclnnInplaceMaskedFillScalar,,,3.21,3.21,3.7400625,3.7400625,0,0
aten::slice,,,3.34,7.78,0,0,0,0
aten::as_strided,,,4.44,4.44,0,0,0,0
aten::slice,,,1.23,3.71,0,0,0,0
aten::as_strided,,,2.48,2.48,0,0,0,0
aten::slice,,,1.21,3.68,0,0,0,0
aten::as_strided,,,2.47,2.47,0,0,0,0
aten::slice,,,1.08,2.98,0,0,0,0
aten::as_strided,,,1.9,1.9,0,0,0,0
aten::slice,,,1.08,3.05,0,0,0,0
aten::as_strided,,,1.97,1.97,0,0,0,0
aten::empty,,,3.97,16.36,0,0,0,0
empty_tensor,,,12.39,12.39,0,0,0,0
aten::select,,,7.62,12.17,0,0,0,0
aten::as_strided,,,4.55,4.55,0,0,0,0
_gather_initial_states_kernel,,,23.42,23.42,10.46021875,10.46021875,0,0
aten::to,,,3.82,3.82,0,0,0,0
aten::to,,,1.9,71.46,0,6.70015625,0,0
aten::_to_copy,,,8.28,69.56,0,6.70015625,0,0
aten::empty_strided,,,11.05,18.77,0,0,0,0
empty_tensor,,,7.72,7.72,0,0,0,0
aten::copy_,,,28.91,42.51,0,6.70015625,0,0
aclnnInplaceCopy,,,13.6,13.6,6.70015625,6.70015625,0,0
aten::sigmoid,,,13.5,24.43,0,4.26009375,0,0
empty_tensor,,,7.25,7.25,0,0,0,0
aclnnSigmoid,,,3.68,3.68,4.26009375,4.26009375,0,0
aten::contiguous,,,3.37,35.19,0,7.32015625,0,0
aten::clone,,,4.16,31.82,0,7.32015625,0,0
empty_tensor,,,9.08,9.08,0,0,0,0
aten::copy_,,,15.11,18.58,0,7.32015625,0,0
aclnnInplaceCopy,,,3.47,3.47,7.32015625,7.32015625,0,0
aten::view,,,5.49,5.49,0,0,0,0
aten::empty_like,,,5.05,18.31,0,0,0,0
aten::empty_strided,,,9.27,13.26,0,0,0,0
empty_tensor,,,3.99,3.99,0,0,0,0
l2norm_fwd_kernel2,,,21.27,21.27,15.3803125,15.3803125,0,0
aten::view,,,9.98,9.98,0,0,0,0
aten::contiguous,,,3.5,53.65,0,5.76009375,0,0
aten::clone,,,5.09,50.15,0,5.76009375,0,0
empty_tensor,,,10.36,10.36,0,0,0,0
aten::copy_,,,20.18,34.7,0,5.76009375,0,0
aclnnInplaceCopy,,,14.52,14.52,5.76009375,5.76009375,0,0
aten::view,,,4.65,4.65,0,0,0,0
aten::empty_like,,,5.09,19.56,0,0,0,0
aten::empty_strided,,,9.89,14.47,0,0,0,0
empty_tensor,,,4.58,4.58,0,0,0,0
l2norm_fwd_kernel2,,,24.69,24.69,10.42021875,10.42021875,0,0
aten::view,,,9.32,9.32,0,0,0,0
aten::contiguous,,,3.55,54.83,0,6.520125,0,0
aten::clone,,,5.36,51.28,0,6.520125,0,0
empty_tensor,,,11.09,11.09,0,0,0,0
aten::copy_,,,20.46,34.83,0,6.520125,0,0
aclnnInplaceCopy,,,14.37,14.37,6.520125,6.520125,0,0
aten::reshape,,,2.17,11.84,0,0,0,0
aten::view,,,9.67,9.67,0,0,0,0
_C_ascend::chunk_kda_fwd,,,69.12,146.13,0,945.29890625,0,0
aten::empty,,,3.6,15.98,0,0,0,0
empty_tensor,,,12.38,12.38,0,0,0,0
aten::empty,,,1.72,7.7,0,0,0,0
empty_tensor,,,5.98,5.98,0,0,0,0
aten::empty,,,1.5,7.37,0,0,0,0
empty_tensor,,,5.87,5.87,0,0,0,0
aten::empty_like,,,5.0,16.65,0,0,0,0
aten::empty_strided,,,8.87,11.65,0,0,0,0
empty_tensor,,,2.78,2.78,0,0,0,0
aten::empty,,,3.32,13.43,0,0,0,0
empty_tensor,,,10.11,10.11,0,0,0,0
aclnnChunkKdaFwd,,,15.88,15.88,945.29890625,945.29890625,0,0
aten::to,,,2.3,2.3,0,0,0,0
aten::select,,,7.97,14.68,0,0,0,0
aten::as_strided,,,6.71,6.71,0,0,0,0
aten::select,,,2.3,5.72,0,0,0,0
aten::as_strided,,,3.42,3.42,0,0,0,0
aten::view,,,7.39,7.39,0,0,0,0
aten::unsqueeze,,,4.38,7.84,0,0,0,0
aten::as_strided,,,3.46,3.46,0,0,0,0
aten::view,,,3.39,3.39,0,0,0,0
npu::npu_scatter_nd_update_,,,29.99,45.45,0,100.362,0,0
aclnnScatterNdUpdate,,,15.46,15.46,100.362,100.362,0,0
aten::cat,,,19.28,40.56,0,9.4401875,0,0
empty_tensor,,,9.48,9.48,0,0,0,0
aclnnCat,,,11.8,11.8,9.4401875,9.4401875,0,0
aten::select,,,3.98,8.02,0,0,0,0
aten::as_strided,,,4.04,4.04,0,0,0,0
aten::select,,,2.19,4.96,0,0,0,0
aten::as_strided,,,2.77,2.77,0,0,0,0
aten::copy_,,,15.27,26.79,0,8.84015625,0,0
aclnnInplaceCopy,,,11.52,11.52,8.84015625,8.84015625,0,0
aten::reshape,,,2.89,9.1,0,0,0,0
aten::view,,,6.21,6.21,0,0,0,0
aten::reshape,,,1.29,4.85,0,0,0,0
aten::view,,,3.56,3.56,0,0,0,0
aten::empty_like,,,5.74,20.38,0,0,0,0
aten::empty_strided,,,9.81,14.64,0,0,0,0
empty_tensor,,,4.83,4.83,0,0,0,0
layer_norm_gated_fwd_kernel,,,26.79,26.79,26.8805625,26.8805625,0,0
aten::reshape,,,2.6,12.29,0,0,0,0
aten::view,,,9.69,9.69,0,0,0,0
aten::reshape,,,1.6,5.9,0,0,0,0
aten::view,,,4.3,4.3,0,0,0,0
vllm::unquantized_gemm,,,23.73,102.33,0,181.983625,0,181.983625
aten::linear,,,5.01,78.6,0,181.983625,0,181.983625
aten::t,,,6.09,16.07,0,0,0,0
aten::transpose,,,3.37,9.98,0,0,0,0
aten::as_strided,,,6.61,6.61,0,0,0,0
aten::matmul,,,24.55,57.52,0,181.983625,0,181.983625
empty_tensor,,,12.96,12.96,0,0,0,0
aclnnMatmul,,,20.01,20.01,181.983625,181.983625,181.983625,181.983625
aten::unsqueeze,,,10.3,15.91,0,0,0,0
aten::as_strided,,,5.61,5.61,0,0,0,0
aten::unsqueeze,,,1.88,5.32,0,0,0,0
aten::as_strided,,,3.44,3.44,0,0,0,0
aten::squeeze,,,3.31,6.85,0,0,0,0
aten::as_strided,,,3.54,3.54,0,0,0,0
aten::unsqueeze,,,2.03,4.64,0,0,0,0
aten::as_strided,,,2.61,2.61,0,0,0,0
aten::unsqueeze,,,1.92,5.06,0,0,0,0
aten::as_strided,,,3.14,3.14,0,0,0,0
_C_ascend::npu_hc_post,,,51.84,97.28,0,37.28075,0,0
aten::empty,,,3.34,15.32,0,0,0,0
empty_tensor,,,11.98,11.98,0,0,0,0
aten::empty,,,3.19,13.12,0,0,0,0
empty_tensor,,,9.93,9.93,0,0,0,0
aclnnHcPost,,,17.0,17.0,37.28075,37.28075,0,0
aten::squeeze,,,4.06,8.79,0,0,0,0
aten::as_strided,,,4.73,4.73,0,0,0,0
_C_ascend::npu_hc_pre_v2,,,49.01,99.55,0,99.402,0,0
aten::empty,,,2.81,12.82,0,0,0,0
empty_tensor,,,10.01,10.01,0,0,0,0
aten::empty,,,1.51,6.89,0,0,0,0
empty_tensor,,,5.38,5.38,0,0,0,0
aten::empty,,,1.69,5.61,0,0,0,0
empty_tensor,,,3.92,3.92,0,0,0,0
aten::empty,,,2.86,11.5,0,0,0,0
empty_tensor,,,8.64,8.64,0,0,0,0
aclnnHcPre,,,13.72,13.72,99.402,99.402,0,0
npu::npu_rms_norm,,,61.05,88.95,0,13.74028125,0,0
empty_tensor,,,9.12,9.12,0,0,0,0
empty_tensor,,,5.0,5.0,0,0,0,0
aclnnRmsNorm,,,13.78,13.78,13.74028125,13.74028125,0,0
aten::unsqueeze,,,4.11,8.73,0,0,0,0
aten::as_strided,,,4.62,4.62,0,0,0,0
vllm::unquantized_gemm,,,23.03,88.73,0,500.99,0,500.99
aten::linear,,,5.38,65.7,0,500.99,0,500.99
aten::t,,,5.84,15.06,0,0,0,0
aten::transpose,,,3.05,9.22,0,0,0,0
aten::as_strided,,,6.17,6.17,0,0,0,0
aten::matmul,,,21.47,45.26,0,500.99,0,500.99
empty_tensor,,,10.34,10.34,0,0,0,0
aclnnMatmul,,,13.45,13.45,500.99,500.99,500.99,500.99
aten::slice,,,4.45,9.14,0,0,0,0
aten::as_strided,,,4.69,4.69,0,0,0,0
aten::clamp,,,24.79,47.37,0,71.3214375,0,0
empty_tensor,,,9.98,9.98,0,0,0,0
aclnnClamp,,,12.6,12.6,71.3214375,71.3214375,0,0
aten::slice,,,3.74,7.87,0,0,0,0
aten::as_strided,,,4.13,4.13,0,0,0,0
aten::clamp,,,20.59,41.1,0,60.8011875,0,0
empty_tensor,,,8.84,8.84,0,0,0,0
aclnnClamp,,,11.67,11.67,60.8011875,60.8011875,0,0
aten::mul,,,19.7,41.8,0,10.06021875,0,0
empty_tensor,,,6.65,6.65,0,0,0,0
aten::item,,,2.19,3.96,0,0,0,0
aten::_local_scalar_dense,,,1.77,1.77,0,0,0,0
aclnnMuls,,,11.49,11.49,10.06021875,10.06021875,0,0
aten::sigmoid,,,11.55,33.25,0,14.00028125,0,0
empty_tensor,,,7.44,7.44,0,0,0,0
aclnnSigmoid,,,14.26,14.26,14.00028125,14.00028125,0,0
aten::mul,,,13.68,22.65,0,17.54034375,0,0
empty_tensor,,,5.94,5.94,0,0,0,0
aclnnMul,,,3.03,3.03,17.54034375,17.54034375,0,0
aten::add,,,16.32,36.34,0,13.38028125,0,0
empty_tensor,,,6.23,6.23,0,0,0,0
aten::item,,,1.76,3.02,0,0,0,0
aten::_local_scalar_dense,,,1.26,1.26,0,0,0,0
aclnnAdds,,,10.77,10.77,13.38028125,13.38028125,0,0
aten::mul,,,11.6,22.22,0,9.8001875,0,0
empty_tensor,,,7.26,7.26,0,0,0,0
aclnnMul,,,3.36,3.36,9.8001875,9.8001875,0,0
vllm::unquantized_gemm,,,23.37,102.81,0,244.544875,0,244.544875
aten::linear,,,5.35,79.44,0,244.544875,0,244.544875
aten::t,,,6.15,15.41,0,0,0,0
aten::transpose,,,3.43,9.26,0,0,0,0
aten::as_strided,,,5.83,5.83,0,0,0,0
aten::matmul,,,34.79,58.68,0,244.544875,0,244.544875
empty_tensor,,,10.71,10.71,0,0,0,0
aclnnMatmul,,,13.18,13.18,244.544875,244.544875,244.544875,244.544875
aten::unsqueeze,,,4.99,11.01,0,0,0,0
aten::as_strided,,,6.02,6.02,0,0,0,0
aten::unsqueeze,,,2.42,5.72,0,0,0,0
aten::as_strided,,,3.3,3.3,0,0,0,0
aten::squeeze,,,2.67,5.52,0,0,0,0
aten::as_strided,,,2.85,2.85,0,0,0,0
aten::unsqueeze,,,1.96,4.69,0,0,0,0
aten::as_strided,,,2.73,2.73,0,0,0,0
aten::unsqueeze,,,1.9,5.49,0,0,0,0
aten::as_strided,,,3.59,3.59,0,0,0,0
_C_ascend::npu_hc_post,,,53.44,94.88,0,34.96071875,0,0
aten::empty,,,3.17,12.98,0,0,0,0
empty_tensor,,,9.81,9.81,0,0,0,0
aten::empty,,,5.35,14.58,0,0,0,0
empty_tensor,,,9.23,9.23,0,0,0,0
aclnnHcPost,,,13.88,13.88,34.96071875,34.96071875,0,0
aten::squeeze,,,3.77,8.16,0,0,0,0
aten::as_strided,,,4.39,4.39,0,0,0,0
_C_ascend::npu_hc_pre_v2,,,52.23,113.99,0,95.92190625,0,0
aten::empty,,,15.65,25.41,0,0,0,0
empty_tensor,,,9.76,9.76,0,0,0,0
aten::empty,,,1.49,6.73,0,0,0,0
empty_tensor,,,5.24,5.24,0,0,0,0
aten::empty,,,1.37,4.94,0,0,0,0
empty_tensor,,,3.57,3.57,0,0,0,0
aten::empty,,,3.0,11.84,0,0,0,0
empty_tensor,,,8.84,8.84,0,0,0,0
aclnnHcPre,,,12.84,12.84,95.92190625,95.92190625,0,0
npu::npu_rms_norm,,,86.62,123.52,0,18.220375,0,0
empty_tensor,,,9.11,9.11,0,0,0,0
empty_tensor,,,11.34,11.34,0,0,0,0
aclnnRmsNorm,,,16.45,16.45,18.220375,18.220375,0,0
aten::unsqueeze,,,3.83,8.98,0,0,0,0
aten::as_strided,,,5.15,5.15,0,0,0,0
aten::empty,,,3.53,13.74,0,0,0,0
empty_tensor,,,10.21,10.21,0,0,0,0
vllm::mla_forward,,,2873.75,4976.61,0,1405.0880625,0,733.9946874999999
aten::slice,,,4.31,9.86,0,0,0,0
aten::as_strided,,,5.55,5.55,0,0,0,0
aten::slice,,,2.32,7.28,0,0,0,0
aten::as_strided,,,4.96,4.96,0,0,0,0
aten::linear,,,5.3,68.22,0,44.660875,0,44.660875
aten::t,,,5.94,13.99,0,0,0,0
aten::transpose,,,2.41,8.05,0,0,0,0
aten::as_strided,,,5.64,5.64,0,0,0,0
aten::matmul,,,22.43,48.93,0,44.660875,0,44.660875
empty_tensor,,,10.53,10.53,0,0,0,0
aclnnMatmul,,,15.97,15.97,44.660875,44.660875,44.660875,44.660875
aten::split_with_sizes,,,4.98,11.85,0,0,0,0
aten::as_strided,,,4.5,4.5,0,0,0,0
aten::as_strided,,,2.37,2.37,0,0,0,0
npu::npu_rms_norm,,,145.26,174.88,0,17.26034375,0,0
empty_tensor,,,10.88,10.88,0,0,0,0
empty_tensor,,,4.18,4.18,0,0,0,0
aclnnRmsNorm,,,14.56,14.56,17.26034375,17.26034375,0,0
aten::reshape,,,7.03,17.76,0,0,0,0
aten::_reshape_alias,,,4.13,10.73,0,0,0,0
aten::view,,,6.6,6.6,0,0,0,0
npu::npu_rms_norm,,,112.4,141.73,0,9.96021875,0,0
empty_tensor,,,10.08,10.08,0,0,0,0
empty_tensor,,,4.45,4.45,0,0,0,0
aclnnRmsNorm,,,14.8,14.8,9.96021875,9.96021875,0,0
aten::view,,,10.99,10.99,0,0,0,0
aten::slice,,,6.53,11.13,0,0,0,0
aten::as_strided,,,4.6,4.6,0,0,0,0
aten::view,,,5.08,5.08,0,0,0,0
aten::to,,,1.45,1.45,0,0,0,0
npu::npu_scatter_nd_update_,,,29.89,45.1,0,36.94075,0,0
aclnnScatterNdUpdate,,,15.21,15.21,36.94075,36.94075,0,0
vllm::unquantized_gemm,,,21.97,88.62,0,132.042625,0,132.042625
aten::linear,,,4.94,66.65,0,132.042625,0,132.042625
aten::t,,,5.58,14.23,0,0,0,0
aten::transpose,,,3.18,8.65,0,0,0,0
aten::as_strided,,,5.47,5.47,0,0,0,0
aten::matmul,,,21.04,47.48,0,132.042625,0,132.042625
empty_tensor,,,11.17,11.17,0,0,0,0
aclnnMatmul,,,15.27,15.27,132.042625,132.042625,132.042625,132.042625
aten::view,,,5.57,5.57,0,0,0,0
aten::split_with_sizes,,,5.07,11.0,0,0,0,0
aten::as_strided,,,4.19,4.19,0,0,0,0
aten::as_strided,,,1.74,1.74,0,0,0,0
npu::npu_transpose_batchmatmul,,,34.14,61.09,0,46.8009375,0,46.8009375
empty_tensor,,,13.0,13.0,0,0,0,0
aclnnTransposeBatchMatMul,,,13.95,13.95,46.8009375,46.8009375,46.8009375,46.8009375
aten::slice,,,3.65,9.31,0,0,0,0
aten::as_strided,,,5.66,5.66,0,0,0,0
aten::slice,,,1.29,4.28,0,0,0,0
aten::as_strided,,,2.99,2.99,0,0,0,0
aten::to,,,1.94,56.22,0,7.6401875,0,0
aten::_to_copy,,,6.35,54.28,0,7.6401875,0,0
aten::empty_strided,,,10.78,16.15,0,0,0,0
empty_tensor,,,5.37,5.37,0,0,0,0
aten::copy_,,,18.16,31.78,0,7.6401875,0,0
aclnnInplaceCopy,,,13.62,13.62,7.6401875,7.6401875,0,0
aten::linear,,,4.24,56.25,0,34.9406875,0,34.9406875
aten::t,,,5.54,12.01,0,0,0,0
aten::transpose,,,2.29,6.47,0,0,0,0
aten::as_strided,,,4.18,4.18,0,0,0,0
aten::matmul,,,16.71,40.0,0,34.9406875,0,34.9406875
empty_tensor,,,8.88,8.88,0,0,0,0
aclnnMatmul,,,14.41,14.41,34.9406875,34.9406875,34.9406875,34.9406875
aten::slice,,,2.66,6.52,0,0,0,0
aten::as_strided,,,3.86,3.86,0,0,0,0
aten::layer_norm,,,6.11,74.52,0,21.600406250000002,0,0
aten::native_layer_norm,,,30.89,68.41,0,21.600406250000002,0,0
aten::resize_,,,5.11,5.11,0,0,0,0
aten::resize_,,,1.27,1.27,0,0,0,0
empty_tensor,,,9.99,9.99,0,0,0,0
empty_tensor,,,5.44,5.44,0,0,0,0
empty_tensor,,,4.45,4.45,0,0,0,0
aclnnLayerNorm,,,11.26,11.26,21.600406250000002,21.600406250000002,0,0
aten::linear,,,3.79,40.18,0,30.480625,0,30.480625
aten::t,,,4.27,10.78,0,0,0,0
aten::transpose,,,2.45,6.51,0,0,0,0
aten::as_strided,,,4.06,4.06,0,0,0,0
aten::matmul,,,15.18,25.61,0,30.480625,0,30.480625
empty_tensor,,,6.93,6.93,0,0,0,0
aclnnMatmul,,,3.5,3.5,30.480625,30.480625,30.480625,30.480625
aten::slice,,,3.16,7.52,0,0,0,0
aten::as_strided,,,4.36,4.36,0,0,0,0
vllm::unquantized_gemm,,,20.91,80.85,0,42.10084375,0,42.10084375
aten::linear,,,4.35,59.94,0,42.10084375,0,42.10084375
aten::t,,,4.14,12.04,0,0,0,0
aten::transpose,,,2.39,7.9,0,0,0,0
aten::as_strided,,,5.51,5.51,0,0,0,0
aten::matmul,,,18.64,43.55,0,42.10084375,0,42.10084375
empty_tensor,,,11.38,11.38,0,0,0,0
aclnnMatmul,,,13.53,13.53,42.10084375,42.10084375,42.10084375,42.10084375
aten::view,,,5.85,5.85,0,0,0,0
aten::slice,,,3.11,6.58,0,0,0,0
aten::as_strided,,,3.47,3.47,0,0,0,0
aten::to,,,2.36,63.56,0,5.460125,0,0
aten::_to_copy,,,7.09,61.2,0,5.460125,0,0
aten::empty_strided,,,10.04,15.77,0,0,0,0
empty_tensor,,,5.73,5.73,0,0,0,0
aten::copy_,,,25.46,38.34,0,5.460125,0,0
aclnnInplaceCopy,,,12.88,12.88,5.460125,5.460125,0,0
aten::mul,,,20.2,34.46,0,2.66003125,0,0
empty_tensor,,,7.07,7.07,0,0,0,0
aten::item,,,2.04,3.83,0,0,0,0
aten::_local_scalar_dense,,,1.79,1.79,0,0,0,0
aclnnMuls,,,3.36,3.36,2.66003125,2.66003125,0,0
aten::slice,,,3.48,8.36,0,0,0,0
aten::as_strided,,,4.88,4.88,0,0,0,0
aten::max,,,11.36,17.8,0,0,0,0
aten::empty,,,4.31,4.31,0,0,0,0
aten::fill_,,,2.13,2.13,0,0,0,0
aten::item,,,1.57,2.43,0,0,0,0
aten::_local_scalar_dense,,,0.86,0.86,0,0,0,0
aten::slice,,,6.9,11.58,0,0,0,0
aten::as_strided,,,4.68,4.68,0,0,0,0
aten::slice,,,20.22,24.38,0,0,0,0
aten::as_strided,,,4.16,4.16,0,0,0,0
_glm5_next_kpool_tail_compress_kernel,,,28.74,28.74,26.48053125,26.48053125,0,0
_store_kpool_tail_kernel,,,27.42,27.42,4.1000625,4.1000625,0,0
aten::to,,,4.02,4.02,0,0,0,0
aten::slice,,,9.76,17.53,0,0,0,0
aten::as_strided,,,7.77,7.77,0,0,0,0
aten::empty,,,3.95,17.67,0,0,0,0
empty_tensor,,,13.72,13.72,0,0,0,0
_gather_pool_cache,,,22.63,22.63,3.1000625,3.1000625,0,0
aten::slice,,,4.68,12.79,0,0,0,0
aten::as_strided,,,8.11,8.11,0,0,0,0
aten::to,,,2.32,65.57,0,6.260125,0,0
aten::_to_copy,,,6.5,63.25,0,6.260125,0,0
aten::empty_strided,,,12.77,18.91,0,0,0,0
empty_tensor,,,6.14,6.14,0,0,0,0
aten::copy_,,,23.21,37.84,0,6.260125,0,0
aclnnInplaceCopy,,,14.63,14.63,6.260125,6.260125,0,0
aten::slice,,,3.16,6.93,0,0,0,0
aten::as_strided,,,3.77,3.77,0,0,0,0
aten::to,,,1.21,57.58,0,2.7200625,0,0
aten::_to_copy,,,4.52,56.37,0,2.7200625,0,0
aten::empty_strided,,,19.9,24.52,0,0,0,0
empty_tensor,,,4.62,4.62,0,0,0,0
aten::copy_,,,16.59,27.33,0,2.7200625,0,0
aclnnInplaceCopy,,,10.74,10.74,2.7200625,2.7200625,0,0
aten::unsqueeze,,,3.36,7.66,0,0,0,0
aten::as_strided,,,4.3,4.3,0,0,0,0
aten::mul,,,16.32,36.08,0,16.1203125,0,0
empty_tensor,,,10.27,10.27,0,0,0,0
aclnnMul,,,9.49,9.49,16.1203125,16.1203125,0,0
aten::sum,,,18.04,35.04,0,12.26025,0,0
empty_tensor,,,7.24,7.24,0,0,0,0
aclnnReduceSum,,,9.76,9.76,12.26025,12.26025,0,0
aten::empty,,,3.0,10.35,0,0,0,0
empty_tensor,,,7.35,7.35,0,0,0,0
_glm5_next_lightning_indexer_score_kernel,,,25.76,25.76,26.24053125,26.24053125,0,0
aten::topk,,,29.65,61.82,0,29.460562499999998,0,0
empty_tensor,,,13.69,13.69,0,0,0,0
empty_tensor,,,4.73,4.73,0,0,0,0
aclnnTopk,,,13.75,13.75,29.460562499999998,29.460562499999998,0,0
aten::to,,,2.68,45.2,0,4.24009375,0,0
aten::_to_copy,,,6.17,42.52,0,4.24009375,0,0
aten::empty_strided,,,8.2,12.94,0,0,0,0
empty_tensor,,,4.74,4.74,0,0,0,0
aten::copy_,,,16.47,23.41,0,4.24009375,0,0
aclnnInplaceCopy,,,6.94,6.94,4.24009375,4.24009375,0,0
_expand_pool_indices,,,23.67,23.67,320.466375,320.466375,0,0
aten::slice,,,10.59,18.08,0,0,0,0
aten::as_strided,,,7.49,7.49,0,0,0,0
aten::unsqueeze,,,5.19,10.29,0,0,0,0
aten::as_strided,,,5.1,5.1,0,0,0,0
aten::slice,,,5.59,11.1,0,0,0,0
aten::as_strided,,,5.51,5.51,0,0,0,0
aten::to,,,1.93,1.93,0,0,0,0
aten::to,,,2.24,2.24,0,0,0,0
_C_ascend::npu_sparse_flash_attention,,,122.87,182.64,0,110.14221875,0,0
aten::empty,,,4.3,17.47,0,0,0,0
empty_tensor,,,13.17,13.17,0,0,0,0
aten::empty,,,1.85,4.68,0,0,0,0
empty_tensor,,,2.83,2.83,0,0,0,0
aten::empty,,,1.55,3.59,0,0,0,0
empty_tensor,,,2.04,2.04,0,0,0,0
aten::empty,,,4.17,16.98,0,0,0,0
empty_tensor,,,12.81,12.81,0,0,0,0
aclnnSparseFlashAttention,,,17.05,17.05,110.14221875,110.14221875,0,0
aten::view,,,7.32,7.32,0,0,0,0
npu::npu_transpose_batchmatmul,,,32.27,48.25,0,55.321125,0,55.321125
empty_tensor,,,10.37,10.37,0,0,0,0
aclnnTransposeBatchMatMul,,,5.61,5.61,55.321125,55.321125,55.321125,55.321125
aten::reshape,,,1.95,6.54,0,0,0,0
aten::view,,,4.59,4.59,0,0,0,0
aten::slice,,,3.75,7.58,0,0,0,0
aten::as_strided,,,3.83,3.83,0,0,0,0
vllm::unquantized_gemm,,,22.12,88.47,0,347.64696875,0,347.64696875
aten::linear,,,4.65,66.35,0,347.64696875,0,347.64696875
aten::t,,,5.75,14.46,0,0,0,0
aten::transpose,,,3.1,8.71,0,0,0,0
aten::as_strided,,,5.61,5.61,0,0,0,0
aten::matmul,,,20.7,47.24,0,347.64696875,0,347.64696875
empty_tensor,,,11.02,11.02,0,0,0,0
aclnnMatmul,,,15.52,15.52,347.64696875,347.64696875,347.64696875,347.64696875
aten::copy_,,,16.18,29.7,0,7.980125,0,0
aclnnInplaceCopy,,,13.52,13.52,7.980125,7.980125,0,0
aten::view,,,5.22,5.22,0,0,0,0
aten::unsqueeze,,,4.67,10.07,0,0,0,0
aten::as_strided,,,5.4,5.4,0,0,0,0
aten::unsqueeze,,,1.79,5.24,0,0,0,0
aten::as_strided,,,3.45,3.45,0,0,0,0
aten::squeeze,,,2.41,5.35,0,0,0,0
aten::as_strided,,,2.94,2.94,0,0,0,0
aten::unsqueeze,,,1.93,4.43,0,0,0,0
aten::as_strided,,,2.5,2.5,0,0,0,0
aten::unsqueeze,,,1.72,4.8,0,0,0,0
aten::as_strided,,,3.08,3.08,0,0,0,0
_C_ascend::npu_hc_post,,,50.24,91.03,0,35.3206875,0,0
aten::empty,,,3.01,13.78,0,0,0,0
empty_tensor,,,10.77,10.77,0,0,0,0
aten::empty,,,3.64,12.9,0,0,0,0
empty_tensor,,,9.26,9.26,0,0,0,0
aclnnHcPost,,,14.11,14.11,35.3206875,35.3206875,0,0
aten::squeeze,,,3.86,8.2,0,0,0,0
aten::as_strided,,,4.34,4.34,0,0,0,0
_C_ascend::npu_hc_pre_v2,,,48.81,102.64,0,94.801875,0,0
aten::empty,,,3.62,12.75,0,0,0,0
empty_tensor,,,9.13,9.13,0,0,0,0
aten::empty,,,1.57,6.58,0,0,0,0
empty_tensor,,,5.01,5.01,0,0,0,0
aten::empty,,,1.36,5.8,0,0,0,0
empty_tensor,,,4.44,4.44,0,0,0,0
aten::empty,,,2.75,11.67,0,0,0,0
empty_tensor,,,8.92,8.92,0,0,0,0
aclnnHcPre,,,17.03,17.03,94.801875,94.801875,0,0
npu::npu_rms_norm,,,62.48,90.37,0,13.52025,0,0
empty_tensor,,,9.3,9.3,0,0,0,0
empty_tensor,,,4.81,4.81,0,0,0,0
aclnnRmsNorm,,,13.78,13.78,13.52025,13.52025,0,0
aten::unsqueeze,,,4.06,9.08,0,0,0,0
aten::as_strided,,,5.02,5.02,0,0,0,0
vllm::moe_forward_shared,,,1904.7,3873.56,0,1219.76434375,0,146.32290625
Event::record,,,106.24,125.89,0,0.02,0,0
record_event,,,19.65,19.65,0.02,0.02,0,0
aten::to,,,2.59,62.95,0,7.78015625,0,0
aten::_to_copy,,,7.28,60.36,0,7.78015625,0,0
aten::empty_strided,,,12.74,20.26,0,0,0,0
empty_tensor,,,7.52,7.52,0,0,0,0
aten::copy_,,,19.41,32.82,0,7.78015625,0,0
aclnnInplaceCopy,,,13.41,13.41,7.78015625,7.78015625,0,0
aten::linear,,,5.06,58.81,0,9.08015625,0,9.08015625
aten::t,,,5.46,13.41,0,0,0,0
aten::transpose,,,3.04,7.95,0,0,0,0
aten::as_strided,,,4.91,4.91,0,0,0,0
aten::matmul,,,17.38,40.34,0,9.08015625,0,9.08015625
empty_tensor,,,9.69,9.69,0,0,0,0
aclnnMatmul,,,13.27,13.27,9.08015625,9.08015625,9.08015625,9.08015625
Event::record,,,96.16,114.44,0,0.0,0,0
record_event,,,18.28,18.28,0.0,0.0,0,0
_C_ascend::moe_gating_top_k,,,59.04,120.7,0,14.68028125,0,0
aten::empty,,,5.03,19.14,0,0,0,0
empty_tensor,,,14.11,14.11,0,0,0,0
aten::empty,,,1.74,7.07,0,0,0,0
empty_tensor,,,5.33,5.33,0,0,0,0
aten::empty,,,1.51,6.1,0,0,0,0
empty_tensor,,,4.59,4.59,0,0,0,0
aten::empty,,,3.27,13.26,0,0,0,0
empty_tensor,,,9.99,9.99,0,0,0,0
aclnnMoeGatingTopK,,,16.09,16.09,14.68028125,14.68028125,0,0
aten::to,,,2.6,2.6,0,0,0,0
Event::record,,,98.09,123.33,0,0.02,0,0
record_event,,,25.24,25.24,0.02,0.02,0,0
npu::npu_moe_init_routing_v2,,,40.82,83.94,0,54.82109375,0,0
empty_tensor,,,14.68,14.68,0,0,0,0
empty_tensor,,,5.47,5.47,0,0,0,0
empty_tensor,,,3.84,3.84,0,0,0,0
empty_tensor,,,3.64,3.64,0,0,0,0
aclnnMoeInitRoutingV3,,,15.49,15.49,54.82109375,54.82109375,0,0
aten::to,,,2.61,2.61,0,0,0,0
npu::npu_grouped_matmul,,,59.33,87.47,0,463.24928125,0,0
empty_tensor,,,11.43,11.43,0,0,0,0
npu::get_npu_format,,,3.19,3.19,0,0,0,0
aclnnGroupedMatmulV5,,,13.52,13.52,463.24928125,463.24928125,0,0
aten::chunk,,,5.39,33.3,0,0,0,0
aten::split,,,4.11,27.91,0,0,0,0
aten::narrow,,,4.33,16.96,0,0,0,0
aten::slice,,,4.41,12.63,0,0,0,0
aten::as_strided,,,8.22,8.22,0,0,0,0
aten::narrow,,,1.47,6.84,0,0,0,0
aten::slice,,,1.55,5.37,0,0,0,0
aten::as_strided,,,3.82,3.82,0,0,0,0
aten::clamp_,,,28.09,44.98,0,88.86171875000001,0,0
aclnnClamp,,,16.89,16.89,88.86171875000001,88.86171875000001,0,0
aten::clamp_,,,19.93,24.47,0,95.06190624999999,0,0
aclnnClamp,,,4.54,4.54,95.06190624999999,95.06190624999999,0,0
npu::npu_swiglu,,,59.18,91.38,0,24.8805,0,0
empty_tensor,,,8.44,8.44,0,0,0,0
aclnnSwiGlu,,,23.76,23.76,24.8805,24.8805,0,0
Event::record,,,115.69,134.03,0,0.02,0,0
record_event,,,18.34,18.34,0.02,0.02,0,0
npu::npu_grouped_matmul,,,41.34,76.39,0,218.224375,0,0
empty_tensor,,,14.8,14.8,0,0,0,0
npu::get_npu_format,,,2.18,2.18,0,0,0,0
aclnnGroupedMatmulV5,,,18.07,18.07,218.224375,218.224375,0,0
Event::record,,,94.2,116.05,0,0.02,0,0
record_event,,,21.85,21.85,0.02,0.02,0,0
aten::to,,,2.42,65.13,0,1.90003125,0,0
aten::_to_copy,,,7.0,62.71,0,1.90003125,0,0
aten::empty_strided,,,11.05,17.72,0,0,0,0
empty_tensor,,,6.67,6.67,0,0,0,0
aten::copy_,,,22.54,37.99,0,1.90003125,0,0
aclnnInplaceCopy,,,15.45,15.45,1.90003125,1.90003125,0,0
aten::abs,,,13.93,34.27,0,2.20003125,0,0
empty_tensor,,,8.67,8.67,0,0,0,0
aclnnAbs,,,11.67,11.67,2.20003125,2.20003125,0,0
npu::npu_moe_token_unpermute,,,84.13,106.21,0,20.8204375,0,0
empty_tensor,,,9.24,9.24,0,0,0,0
aclnnMoeTokenUnpermute,,,12.84,12.84,20.8204375,20.8204375,0,0
vllm::unquantized_gemm,,,24.34,98.47,0,89.2018125,0,89.2018125
aten::linear,,,5.39,74.13,0,89.2018125,0,89.2018125
aten::t,,,5.68,17.53,0,0,0,0
aten::transpose,,,4.5,11.85,0,0,0,0
aten::as_strided,,,7.35,7.35,0,0,0,0
aten::matmul,,,23.14,51.21,0,89.2018125,0,89.2018125
empty_tensor,,,11.84,11.84,0,0,0,0
aclnnMatmul,,,16.23,16.23,89.2018125,89.2018125,89.2018125,89.2018125
aten::slice,,,4.54,10.12,0,0,0,0
aten::as_strided,,,5.58,5.58,0,0,0,0
aten::clamp,,,24.04,49.06,0,22.26046875,0,0
empty_tensor,,,11.36,11.36,0,0,0,0
aclnnClamp,,,13.66,13.66,22.26046875,22.26046875,0,0
aten::slice,,,2.62,6.33,0,0,0,0
aten::as_strided,,,3.71,3.71,0,0,0,0
aten::clamp,,,18.38,37.76,0,17.660343750000003,0,0
empty_tensor,,,7.26,7.26,0,0,0,0
aclnnClamp,,,12.12,12.12,17.660343750000003,17.660343750000003,0,0
aten::mul,,,18.06,32.78,0,7.74015625,0,0
empty_tensor,,,7.64,7.64,0,0,0,0
aten::item,,,2.07,3.94,0,0,0,0
aten::_local_scalar_dense,,,1.87,1.87,0,0,0,0
aclnnMuls,,,3.14,3.14,7.74015625,7.74015625,0,0
aten::sigmoid,,,10.96,23.9,0,8.92015625,0,0
empty_tensor,,,5.94,5.94,0,0,0,0
aclnnSigmoid,,,7.0,7.0,8.92015625,8.92015625,0,0
aten::mul,,,13.55,22.61,0,9.8801875,0,0
empty_tensor,,,5.83,5.83,0,0,0,0
aclnnMul,,,3.23,3.23,9.8801875,9.8801875,0,0
aten::add,,,17.79,37.87,0,10.58021875,0,0
empty_tensor,,,5.46,5.46,0,0,0,0
aten::item,,,1.49,2.35,0,0,0,0
aten::_local_scalar_dense,,,0.86,0.86,0,0,0,0
aclnnAdds,,,12.27,12.27,10.58021875,10.58021875,0,0
aten::mul,,,11.81,21.49,0,3.84009375,0,0
empty_tensor,,,6.78,6.78,0,0,0,0
aclnnMul,,,2.9,2.9,3.84009375,3.84009375,0,0
vllm::unquantized_gemm,,,23.39,92.11,0,48.0409375,0,48.0409375
aten::linear,,,4.98,68.72,0,48.0409375,0,48.0409375
aten::t,,,6.0,16.44,0,0,0,0
aten::transpose,,,3.39,10.44,0,0,0,0
aten::as_strided,,,7.05,7.05,0,0,0,0
aten::matmul,,,20.68,47.3,0,48.0409375,0,48.0409375
empty_tensor,,,11.18,11.18,0,0,0,0
aclnnMatmul,,,15.44,15.44,48.0409375,48.0409375,48.0409375,48.0409375
destroy_event,,,13.6,13.6,0,0,0,0
destroy_event,,,3.13,3.13,0,0,0,0
destroy_event,,,2.32,2.32,0,0,0,0
destroy_event,,,5.78,5.78,0,0,0,0
destroy_event,,,2.58,2.58,0,0,0,0
vllm::maybe_all_reduce_shared_expert,,,25.68,25.68,0,0,0,0
aten::_foreach_add,,,32.55,61.39,0,17.90034375,0,0
aten::result_type,,,1.94,1.94,0,0,0,0
empty_tensor,,,13.26,13.26,0,0,0,0
aclnnForeachAddListV2,,,13.64,13.64,17.90034375,17.90034375,0,0
vllm::maybe_all_reduce_tensor_model_parallel,,,28.17,28.17,0,0,0,0
aten::view,,,7.46,7.46,0,0,0,0
aten::unsqueeze,,,3.42,8.15,0,0,0,0
aten::as_strided,,,4.73,4.73,0,0,0,0
aten::unsqueeze,,,2.48,5.7,0,0,0,0
aten::as_strided,,,3.22,3.22,0,0,0,0
aten::squeeze,,,2.28,5.07,0,0,0,0
aten::as_strided,,,2.79,2.79,0,0,0,0
aten::unsqueeze,,,1.57,3.84,0,0,0,0
aten::as_strided,,,2.27,2.27,0,0,0,0
aten::unsqueeze,,,1.59,4.2,0,0,0,0
aten::as_strided,,,2.61,2.61,0,0,0,0
_C_ascend::npu_hc_post,,,52.43,97.81,0,34.68071875,0,0
aten::empty,,,3.3,13.86,0,0,0,0
empty_tensor,,,10.56,10.56,0,0,0,0
aten::empty,,,3.66,13.1,0,0,0,0
empty_tensor,,,9.44,9.44,0,0,0,0
aclnnHcPost,,,18.42,18.42,34.68071875,34.68071875,0,0
aten::squeeze,,,3.77,8.4,0,0,0,0
aten::as_strided,,,4.63,4.63,0,0,0,0
aten::mean,,,25.69,45.36,0,21.16040625,0,0
empty_tensor,,,7.75,7.75,0,0,0,0
aclnnMean,,,11.92,11.92,21.16040625,21.16040625,0,0
npu::npu_rms_norm,,,67.17,111.89,0,14.22028125,0,0
empty_tensor,,,9.21,9.21,0,0,0,0
empty_tensor,,,21.55,21.55,0,0,0,0
aclnnRmsNorm,,,13.96,13.96,14.22028125,14.22028125,0,0
aten::index,,,34.82,67.19,0,11.90025,0,0
empty_tensor,,,5.97,5.97,0,0,0,0
empty_tensor,,,6.43,6.43,0,0,0,0
aclnnIndex,,,19.97,19.97,11.90025,11.90025,0,0
aten::linear,,,5.59,96.34,0,981.41959375,0,981.41959375
aten::t,,,5.78,15.63,0,0,0,0
aten::transpose,,,3.32,9.85,0,0,0,0
aten::as_strided,,,6.53,6.53,0,0,0,0
aten::matmul,,,20.59,75.12,0,981.41959375,0,981.41959375
empty_tensor,,,11.29,11.29,0,0,0,0
aclnnMatmul,,,43.24,43.24,981.41959375,981.41959375,981.41959375,981.41959375
aten::alias,,,3.11,3.11,0,0,0,0
aten::log_softmax,,,9.92,121.47,0,52.4610625,0,0
aten::to,,,4.2,77.71,0,7.9601875,0,0
aten::_to_copy,,,7.88,73.51,0,7.9601875,0,0
aten::empty_strided,,,12.27,25.37,0,0,0,0
empty_tensor,,,13.1,13.1,0,0,0,0
aten::copy_,,,21.63,40.26,0,7.9601875,0,0
aclnnInplaceCopy,,,18.63,18.63,7.9601875,7.9601875,0,0
aten::_log_softmax,,,19.62,33.84,0,44.500875,0,0
empty_tensor,,,8.25,8.25,0,0,0,0
aclnnLogSoftmax,,,5.97,5.97,44.500875,44.500875,0,0
aten::to,,,2.04,48.9,0,3.0600625,0,0
aten::_to_copy,,,5.65,46.86,0,3.0600625,0,0
aten::empty_strided,,,8.07,12.35,0,0,0,0
empty_tensor,,,4.28,4.28,0,0,0,0
aten::copy_,,,16.41,28.86,0,3.0600625,0,0
aclnnInplaceCopy,,,12.45,12.45,3.0600625,3.0600625,0,0
aten::argmax,,,8.98,62.99,0,21.2604375,0,0
aten::empty,,,2.98,10.61,0,0,0,0
empty_tensor,,,7.63,7.63,0,0,0,0
aten::argmax,,,23.39,43.4,0,21.2604375,0,0
aten::reshape,,,1.87,8.22,0,0,0,0
aten::view,,,6.35,6.35,0,0,0,0
aclnnArgMax,,,11.79,11.79,21.2604375,21.2604375,0,0
aten::view,,,3.79,3.79,0,0,0,0
aten::to,,,1.93,1.93,0,0,0,0
aten::topk,,,19.48,41.84,0,41.38084375,0,0
empty_tensor,,,7.05,7.05,0,0,0,0
empty_tensor,,,3.99,3.99,0,0,0,0
aclnnTopk,,,11.32,11.32,41.38084375,41.38084375,0,0
aten::unsqueeze,,,3.6,8.39,0,0,0,0
aten::as_strided,,,4.79,4.79,0,0,0,0
aten::gather,,,19.38,29.83,0,5.640125,0,0
empty_tensor,,,6.78,6.78,0,0,0,0
aclnnGather,,,3.67,3.67,5.640125,5.640125,0,0
TorchDynamo Cache Lookup,,,37.64,37.64,0,0,0,0
Torch-Compiled Region: 0/0,,,128.32,215.43,0,40.64078125,0,0
aten::_assert_scalar,,,3.26,3.26,0,0,0,0
aten::_assert_scalar,,,1.18,1.18,0,0,0,0
aten::_assert_scalar,,,0.73,0.73,0,0,0,0
aten::ge,,,20.53,47.6,0,12.00021875,0,0
empty_tensor,,,11.67,11.67,0,0,0,0
aclnnGeTensor,,,15.4,15.4,12.00021875,12.00021875,0,0
aten::sum,,,19.58,34.34,0,28.6405625,0,0
empty_tensor,,,7.1,7.1,0,0,0,0
aclnnReduceSum,,,7.66,7.66,28.6405625,28.6405625,0,0
aten::cat,,,18.38,29.61,0,3.4000625,0,0
empty_tensor,,,7.55,7.55,0,0,0,0
aclnnCat,,,3.68,3.68,3.4000625,3.4000625,0,0
aten::cat,,,12.21,21.32,0,2.7400625,0,0
empty_tensor,,,6.17,6.17,0,0,0,0
aclnnCat,,,2.94,2.94,2.7400625,2.7400625,0,0
aten::to,,,2.23,40.62,0,1.40003125,0,0
aten::_to_copy,,,6.3,38.39,0,1.40003125,0,0
aten::empty_strided,,,7.63,12.22,0,0,0,0
empty_tensor,,,4.59,4.59,0,0,0,0
aten::copy_,,,15.99,19.87,0,1.40003125,0,0
aclnnInplaceCopy,,,3.88,3.88,1.40003125,1.40003125,0,0
aten::to,,,1.71,32.96,0,1.38003125,0,0
aten::_to_copy,,,4.14,31.25,0,1.38003125,0,0
aten::empty_strided,,,6.52,10.43,0,0,0,0
empty_tensor,,,3.91,3.91,0,0,0,0
aten::copy_,,,12.43,16.68,0,1.38003125,0,0
aclnnInplaceCopy,,,4.25,4.25,1.38003125,1.38003125,0,0
aten::unsqueeze,,,3.55,8.07,0,0,0,0
aten::as_strided,,,4.52,4.52,0,0,0,0
Event::record,,,153.15,172.31,0,0.02,0,0
record_event,,,19.16,19.16,0.02,0.02,0,0
aten::slice,,,5.96,14.12,0,0,0,0
aten::as_strided,,,8.16,8.16,0,0,0,0
Event::wait,,,77.21,96.77,0,0.02,0,0
wait_event,,,19.56,19.56,0.02,0.02,0,0
Event::record,,,91.66,113.38,0,0.02,0,0
record_event,,,21.72,21.72,0.02,0.02,0,0
Event::wait,,,61.18,77.49,0,0.0,0,0
wait_event,,,16.31,16.31,0.0,0.0,0,0
destroy_event,,,12.78,12.78,0,0,0,0
aten::to,,,4.01,53.19,0,1.88003125,0,0
aten::_to_copy,,,7.33,49.18,0,1.88003125,0,0
aten::empty_strided,,,7.91,7.91,0,0,0,0
aten::copy_,,,25.1,33.94,0,1.88003125,0,0
acl_memcpy_device_to_host,,,8.84,8.84,1.88003125,1.88003125,0,0
aten::to,,,2.63,40.17,0,2.04003125,0,0
aten::_to_copy,,,5.38,37.54,0,2.04003125,0,0
aten::empty_strided,,,4.88,4.88,0,0,0,0
aten::copy_,,,15.5,27.28,0,2.04003125,0,0
acl_memcpy_device_to_host,,,11.78,11.78,2.04003125,2.04003125,0,0
aten::to,,,1.81,24.37,0,1.88003125,0,0
aten::_to_copy,,,4.49,22.56,0,1.88003125,0,0
aten::empty_strided,,,3.23,3.23,0,0,0,0
aten::copy_,,,10.55,14.84,0,1.88003125,0,0
acl_memcpy_device_to_host,,,4.29,4.29,1.88003125,1.88003125,0,0
aten::to,,,2.0,23.78,0,1.86003125,0,0
aten::_to_copy,,,4.32,21.78,0,1.86003125,0,0
aten::empty_strided,,,2.96,2.96,0,0,0,0
aten::copy_,,,9.93,14.5,0,1.86003125,0,0
acl_memcpy_device_to_host,,,4.57,4.57,1.86003125,1.86003125,0,0
Event::record,,,161.59,178.79,0,0.02,0,0
record_event,,,17.2,17.2,0.02,0.02,0,0
Event::synchronize,,,82.33,82.33,0,0,0,0
aten::resolve_conj,,,1.76,1.76,0,0,0,0
aten::resolve_neg,,,0.84,0.84,0,0,0,0
aten::to,,,3.17,3.17,0,0,0,0
aten::detach,,,4.1,4.1,0,0,0,0
aten::to,,,0.75,0.75,0,0,0,0
aten::resolve_conj,,,0.56,0.56,0,0,0,0
aten::resolve_neg,,,0.34,0.34,0,0,0,0
aten::to,,,7.31,7.31,0,0,0,0
aten::detach,,,1.74,1.74,0,0,0,0
aten::to,,,0.64,0.64,0,0,0,0
aten::resolve_conj,,,0.42,0.42,0,0,0,0
aten::resolve_neg,,,0.31,0.31,0,0,0,0
aten::to,,,1.16,1.16,0,0,0,0
aten::detach,,,1.16,1.16,0,0,0,0
aten::to,,,0.55,0.55,0,0,0,0
aten::resolve_conj,,,0.67,0.67,0,0,0,0
aten::resolve_neg,,,0.54,0.54,0,0,0,0
destroy_event,,,26.11,26.11,0,0,0,0
record_event,,,7.05,7.05,0.0,0.0,0,0
Event::synchronize,,,153.53,153.53,0,0,0,0
aten::slice,,,15.33,21.05,0,0,0,0
aten::as_strided,,,5.72,5.72,0,0,0,0
aten::slice,,,4.15,12.03,0,0,0,0
aten::as_strided,,,7.88,7.88,0,0,0,0
aten::pin_memory,,,6.35,25.82,0,0,0,0
aten::is_pinned,,,19.47,19.47,0,0,0,0
aten::copy_,,,20.35,39.67,0,2.26003125,0,0
acl_memcpy_host_to_device,,,19.32,19.32,2.26003125,2.26003125,0,0
aten::slice,,,5.91,8.57,0,0,0,0
aten::as_strided,,,2.66,2.66,0,0,0,0
aten::slice,,,3.05,7.68,0,0,0,0
aten::as_strided,,,4.63,4.63,0,0,0,0
aten::pin_memory,,,4.23,13.15,0,0,0,0
aten::is_pinned,,,8.92,8.92,0,0,0,0
aten::copy_,,,14.03,31.58,0,2.2000625,0,0
acl_memcpy_host_to_device,,,17.55,17.55,2.2000625,2.2000625,0,0
aten::slice,,,5.54,8.64,0,0,0,0
aten::as_strided,,,3.1,3.1,0,0,0,0
aten::slice,,,2.69,6.86,0,0,0,0
aten::as_strided,,,4.17,4.17,0,0,0,0
aten::pin_memory,,,3.86,11.84,0,0,0,0
aten::is_pinned,,,7.98,7.98,0,0,0,0
aten::copy_,,,11.06,18.52,0,2.3600625,0,0
acl_memcpy_host_to_device,,,7.46,7.46,2.3600625,2.3600625,0,0
aten::slice,,,4.52,6.3,0,0,0,0
aten::as_strided,,,1.78,1.78,0,0,0,0
aten::slice,,,2.77,6.6,0,0,0,0
aten::as_strided,,,3.83,3.83,0,0,0,0
aten::pin_memory,,,3.22,9.74,0,0,0,0
aten::is_pinned,,,6.52,6.52,0,0,0,0
aten::copy_,,,11.16,26.36,0,2.24003125,0,0
acl_memcpy_host_to_device,,,15.2,15.2,2.24003125,2.24003125,0,0
aten::slice,,,4.77,6.65,0,0,0,0
aten::as_strided,,,1.88,1.88,0,0,0,0
aten::slice,,,2.54,6.26,0,0,0,0
aten::as_strided,,,3.72,3.72,0,0,0,0
aten::pin_memory,,,2.75,9.53,0,0,0,0
aten::is_pinned,,,6.78,6.78,0,0,0,0
aten::copy_,,,11.73,26.13,0,2.30003125,0,0
acl_memcpy_host_to_device,,,14.4,14.4,2.30003125,2.30003125,0,0
aten::slice,,,11.2,15.5,0,0,0,0
aten::as_strided,,,4.3,4.3,0,0,0,0
aten::slice,,,3.73,9.97,0,0,0,0
aten::as_strided,,,6.24,6.24,0,0,0,0
aten::pin_memory,,,4.21,17.97,0,0,0,0
aten::is_pinned,,,13.76,13.76,0,0,0,0
aten::copy_,,,20.1,34.91,0,2.32003125,0,0
acl_memcpy_host_to_device,,,14.81,14.81,2.32003125,2.32003125,0,0
aten::slice,,,5.14,9.4,0,0,0,0
aten::as_strided,,,4.26,4.26,0,0,0,0
aten::lift_fresh,,,1.53,1.53,0,0,0,0
aten::lift_fresh,,,9.92,9.92,0,0,0,0
aten::flatten,,,4.38,11.96,0,0,0,0
aten::view,,,7.58,7.58,0,0,0,0
aten::slice,,,3.78,5.36,0,0,0,0
aten::as_strided,,,1.58,1.58,0,0,0,0
aten::index_select,,,8.44,8.44,0,0,0,0
aten::pin_memory,,,3.95,27.69,0,0,0,0
aten::is_pinned,,,23.74,23.74,0,0,0,0
aten::copy_,,,16.78,31.9,0,2.3400625,0,0
acl_memcpy_host_to_device,,,15.12,15.12,2.3400625,2.3400625,0,0
aten::pin_memory,,,3.84,11.98,0,0,0,0
aten::is_pinned,,,8.14,8.14,0,0,0,0
aten::copy_,,,13.63,29.51,0,2.28003125,0,0
acl_memcpy_host_to_device,,,15.88,15.88,2.28003125,2.28003125,0,0
aten::slice,,,8.16,19.85,0,0,0,0
aten::as_strided,,,11.69,11.69,0,0,0,0
aten::lift_fresh,,,1.38,1.38,0,0,0,0
aten::slice,,,23.22,24.8,0,0,0,0
aten::as_strided,,,1.58,1.58,0,0,0,0
aten::add,,,17.88,17.88,0,0,0,0
aten::slice,,,4.07,5.37,0,0,0,0
aten::as_strided,,,1.3,1.3,0,0,0,0
aten::fill_,,,2.76,2.76,0,0,0,0
aten::slice,,,3.28,8.89,0,0,0,0
aten::as_strided,,,5.61,5.61,0,0,0,0
aten::fill_,,,23.52,39.53,0,1.8200625,0,0
aclnnInplaceFillScalar,,,16.01,16.01,1.8200625,1.8200625,0,0
aten::slice,,,6.31,11.91,0,0,0,0
aten::as_strided,,,5.6,5.6,0,0,0,0
aten::select,,,4.47,7.27,0,0,0,0
aten::as_strided,,,2.8,2.8,0,0,0,0
aten::copy_,,,74.71,96.84,0,0.6,0,0
aclnnInplaceCopy,,,22.13,22.13,0.6,0.6,0,0
aten::slice,,,7.98,10.73,0,0,0,0
aten::as_strided,,,2.75,2.75,0,0,0,0
aten::detach,,,3.24,3.24,0,0,0,0
aten::to,,,1.92,1.92,0,0,0,0
aten::resolve_conj,,,0.7,0.7,0,0,0,0
aten::resolve_neg,,,0.64,0.64,0,0,0,0
aten::slice,,,5.17,7.79,0,0,0,0
aten::as_strided,,,2.62,2.62,0,0,0,0
aten::slice,,,3.24,8.29,0,0,0,0
aten::as_strided,,,5.05,5.05,0,0,0,0
aten::pin_memory,,,3.98,17.83,0,0,0,0
aten::is_pinned,,,13.85,13.85,0,0,0,0
aten::copy_,,,3.44,3.44,0,0,0,0
aten::slice,,,5.21,6.94,0,0,0,0
aten::as_strided,,,1.73,1.73,0,0,0,0
aten::slice,,,3.2,8.0,0,0,0,0
aten::as_strided,,,4.8,4.8,0,0,0,0
aten::pin_memory,,,3.4,11.71,0,0,0,0
aten::is_pinned,,,8.31,8.31,0,0,0,0
aten::copy_,,,15.72,34.4,0,2.32003125,0,0
acl_memcpy_host_to_device,,,18.68,18.68,2.32003125,2.32003125,0,0
aten::fill_,,,19.22,31.61,0,1.50003125,0,0
aclnnInplaceFillScalar,,,12.39,12.39,1.50003125,1.50003125,0,0
aten::slice,,,6.6,11.06,0,0,0,0
aten::as_strided,,,4.46,4.46,0,0,0,0
aten::slice,,,3.16,5.19,0,0,0,0
aten::as_strided,,,2.03,2.03,0,0,0,0
aten::copy_,,,16.73,27.36,0,2.32003125,0,0
acl_memcpy_host_to_device,,,10.63,10.63,2.32003125,2.32003125,0,0
aten::slice,,,6.03,8.15,0,0,0,0
aten::as_strided,,,2.12,2.12,0,0,0,0
aten::slice,,,3.15,7.58,0,0,0,0
aten::as_strided,,,4.43,4.43,0,0,0,0
aten::pin_memory,,,3.63,12.34,0,0,0,0
aten::is_pinned,,,8.71,8.71,0,0,0,0
aten::copy_,,,13.14,31.66,0,2.3400625,0,0
acl_memcpy_host_to_device,,,18.52,18.52,2.3400625,2.3400625,0,0
aten::slice,,,4.57,8.73,0,0,0,0
aten::as_strided,,,4.16,4.16,0,0,0,0
aten::slice,,,3.22,5.15,0,0,0,0
aten::as_strided,,,1.93,1.93,0,0,0,0
aten::slice,,,2.6,5.12,0,0,0,0
aten::as_strided,,,2.52,2.52,0,0,0,0
aten::pin_memory,,,3.48,11.04,0,0,0,0
aten::is_pinned,,,7.56,7.56,0,0,0,0
aten::copy_,,,11.89,24.48,0,2.30003125,0,0
acl_memcpy_host_to_device,,,12.59,12.59,2.30003125,2.30003125,0,0
aten::slice,,,4.91,7.44,0,0,0,0
aten::as_strided,,,2.53,2.53,0,0,0,0
aten::slice,,,2.88,6.64,0,0,0,0
aten::as_strided,,,3.76,3.76,0,0,0,0
aten::pin_memory,,,2.96,10.42,0,0,0,0
aten::is_pinned,,,7.46,7.46,0,0,0,0
aten::copy_,,,12.34,24.84,0,2.3600625,0,0
acl_memcpy_host_to_device,,,12.5,12.5,2.3600625,2.3600625,0,0
aten::slice,,,5.04,9.29,0,0,0,0
aten::as_strided,,,4.25,4.25,0,0,0,0
aten::index,,,35.53,64.91,0,10.82021875,0,0
empty_tensor,,,6.64,6.64,0,0,0,0
empty_tensor,,,9.07,9.07,0,0,0,0
aclnnIndex,,,13.67,13.67,10.82021875,10.82021875,0,0
aten::to,,,2.23,53.91,0,1.18003125,0,0
aten::_to_copy,,,6.2,51.68,0,1.18003125,0,0
aten::empty_strided,,,8.94,13.79,0,0,0,0
empty_tensor,,,4.85,4.85,0,0,0,0
aten::copy_,,,18.11,31.69,0,1.18003125,0,0
aclnnInplaceCopy,,,13.58,13.58,1.18003125,1.18003125,0,0
aten::slice,,,6.52,11.13,0,0,0,0
aten::as_strided,,,4.61,4.61,0,0,0,0
aten::add,,,19.92,37.98,0,2.5000625,0,0
empty_tensor,,,6.93,6.93,0,0,0,0
aclnnAdd,,,11.13,11.13,2.5000625,2.5000625,0,0
aten::slice,,,5.76,10.27,0,0,0,0
aten::as_strided,,,4.51,4.51,0,0,0,0
aten::copy_,,,57.35,69.81,0,0.58,0,0
aclnnInplaceCopy,,,12.46,12.46,0.58,0.58,0,0
aten::slice,,,6.62,10.77,0,0,0,0
aten::as_strided,,,4.15,4.15,0,0,0,0
aten::add,,,18.19,37.39,0,1.5400625,0,0
empty_tensor,,,8.28,8.28,0,0,0,0
aclnnAdd,,,10.92,10.92,1.5400625,1.5400625,0,0
aten::slice,,,6.29,10.43,0,0,0,0
aten::as_strided,,,4.14,4.14,0,0,0,0
aten::copy_,,,47.54,59.32,0,0.6,0,0
aclnnInplaceCopy,,,11.78,11.78,0.6,0.6,0,0
aten::slice,,,6.0,9.89,0,0,0,0
aten::as_strided,,,3.89,3.89,0,0,0,0
aten::fill_,,,14.58,26.25,0,1.50003125,0,0
aclnnInplaceFillScalar,,,11.67,11.67,1.50003125,1.50003125,0,0
aten::slice,,,5.75,9.67,0,0,0,0
aten::as_strided,,,3.92,3.92,0,0,0,0
aten::slice,,,3.22,5.96,0,0,0,0
aten::as_strided,,,2.74,2.74,0,0,0,0
compute_slot_mapping_fused_groups_adaptive_kernel,,,24.75,24.75,5.000125,5.000125,0,0
aten::slice,,,10.13,17.72,0,0,0,0
aten::as_strided,,,7.59,7.59,0,0,0,0
aten::sub,,,27.74,58.43,0,1.52003125,0,0
empty_tensor,,,12.07,12.07,0,0,0,0
aten::item,,,2.68,4.33,0,0,0,0
aten::_local_scalar_dense,,,1.65,1.65,0,0,0,0
aclnnSubs,,,14.29,14.29,1.52003125,1.52003125,0,0
aten::pin_memory,,,8.42,26.96,0,0,0,0
aten::is_pinned,,,18.54,18.54,0,0,0,0
aten::copy_,,,19.75,39.1,0,2.2000625,0,0
acl_memcpy_host_to_device,,,19.35,19.35,2.2000625,2.2000625,0,0
aten::detach,,,4.79,4.79,0,0,0,0
aten::to,,,2.15,2.15,0,0,0,0
aten::resolve_conj,,,0.95,0.95,0,0,0,0
aten::resolve_neg,,,0.67,0.67,0,0,0,0
aten::slice,,,8.65,16.08,0,0,0,0
aten::as_strided,,,7.43,7.43,0,0,0,0
aten::slice,,,3.53,6.74,0,0,0,0
aten::as_strided,,,3.21,3.21,0,0,0,0
aten::slice,,,3.17,5.61,0,0,0,0
aten::as_strided,,,2.44,2.44,0,0,0,0
aten::fill_,,,19.84,35.85,0,1.32003125,0,0
aclnnInplaceFillScalar,,,16.01,16.01,1.32003125,1.32003125,0,0
aten::slice,,,4.62,8.64,0,0,0,0
aten::as_strided,,,4.02,4.02,0,0,0,0
aten::fill_,,,14.09,26.7,0,1.86003125,0,0
aclnnInplaceFillScalar,,,12.61,12.61,1.86003125,1.86003125,0,0
aten::slice,,,4.65,7.42,0,0,0,0
aten::as_strided,,,2.77,2.77,0,0,0,0
aten::slice,,,3.32,4.55,0,0,0,0
aten::as_strided,,,1.23,1.23,0,0,0,0
aten::lt,,,14.26,14.26,0,0,0,0
aten::lift_fresh,,,1.27,1.27,0,0,0,0
aten::slice,,,1.77,3.1,0,0,0,0
aten::as_strided,,,1.33,1.33,0,0,0,0
aten::fill_,,,2.81,12.79,0,0,0,0
aten::copy_,,,9.98,9.98,0,0,0,0
aten::slice,,,4.09,5.98,0,0,0,0
aten::as_strided,,,1.89,1.89,0,0,0,0
aten::slice,,,3.04,7.05,0,0,0,0
aten::as_strided,,,4.01,4.01,0,0,0,0
aten::slice,,,2.79,4.53,0,0,0,0
aten::as_strided,,,1.74,1.74,0,0,0,0
aten::slice,,,3.3,6.0,0,0,0,0
aten::as_strided,,,2.7,2.7,0,0,0,0
aten::slice,,,2.1,3.26,0,0,0,0
aten::as_strided,,,1.16,1.16,0,0,0,0
aten::slice,,,1.95,3.12,0,0,0,0
aten::as_strided,,,1.17,1.17,0,0,0,0
aten::slice,,,2.77,5.48,0,0,0,0
aten::as_strided,,,2.71,2.71,0,0,0,0
aten::slice,,,2.79,5.39,0,0,0,0
aten::as_strided,,,2.6,2.6,0,0,0,0
aten::slice,,,2.37,4.6,0,0,0,0
aten::as_strided,,,2.23,2.23,0,0,0,0
aten::slice,,,5.3,10.41,0,0,0,0
aten::as_strided,,,5.11,5.11,0,0,0,0
aten::slice,,,2.86,6.4,0,0,0,0
aten::as_strided,,,3.54,3.54,0,0,0,0
aten::slice,,,3.29,5.73,0,0,0,0
aten::as_strided,,,2.44,2.44,0,0,0,0
aten::to,,,1.39,1.39,0,0,0,0
aten::slice,,,2.69,5.32,0,0,0,0
aten::as_strided,,,2.63,2.63,0,0,0,0
aten::slice,,,2.35,4.71,0,0,0,0
aten::as_strided,,,2.36,2.36,0,0,0,0
aten::slice,,,2.26,3.66,0,0,0,0
aten::as_strided,,,1.4,1.4,0,0,0,0
aten::slice,,,2.93,6.34,0,0,0,0
aten::as_strided,,,3.41,3.41,0,0,0,0
aten::alias,,,3.05,3.05,0,0,0,0
aten::alias,,,3.79,3.79,0,0,0,0
aten::div,,,36.33,57.36,0,8.9001875,0,0
aten::item,,,2.2,3.74,0,0,0,0
aten::_local_scalar_dense,,,1.54,1.54,0,0,0,0
aclnnDivMods,,,17.29,17.29,8.9001875,8.9001875,0,0
aten::slice,,,3.5,8.53,0,0,0,0
aten::as_strided,,,5.03,5.03,0,0,0,0
aten::slice,,,4.85,7.32,0,0,0,0
aten::as_strided,,,2.47,2.47,0,0,0,0
aten::copy_,,,64.1,79.19,0,0.58,0,0
aclnnInplaceCopy,,,15.09,15.09,0.58,0.58,0,0
aten::slice,,,3.5,7.56,0,0,0,0
aten::as_strided,,,4.06,4.06,0,0,0,0
aten::slice,,,4.63,7.58,0,0,0,0
aten::as_strided,,,2.95,2.95,0,0,0,0
aten::ge,,,22.09,45.2,0,4.14009375,0,0
empty_tensor,,,10.78,10.78,0,0,0,0
aclnnGeScalar,,,12.33,12.33,4.14009375,4.14009375,0,0
aten::add,,,21.38,47.04,0,2.86003125,0,0
empty_tensor,,,7.15,7.15,0,0,0,0
aten::item,,,2.45,4.12,0,0,0,0
aten::_local_scalar_dense,,,1.67,1.67,0,0,0,0
aclnnAdds,,,14.39,14.39,2.86003125,2.86003125,0,0
aten::remainder,,,22.03,47.13,0,3.5600625,0,0
empty_tensor,,,7.38,7.38,0,0,0,0
aclnnRemainderTensorScalar,,,17.72,17.72,3.5600625,3.5600625,0,0
aten::eq,,,16.11,45.48,0,2.22003125,0,0
empty_tensor,,,18.41,18.41,0,0,0,0
aclnnEqScalar,,,10.96,10.96,2.22003125,2.22003125,0,0
aten::__and__,,,2.72,27.4,0,1.70003125,0,0
aten::bitwise_and,,,15.78,24.68,0,1.70003125,0,0
empty_tensor,,,5.7,5.7,0,0,0,0
aclnnBitwiseAndTensor,,,3.2,3.2,1.70003125,1.70003125,0,0
aten::clamp_min,,,12.61,22.18,0,3.1000625,0,0
empty_tensor,,,6.08,6.08,0,0,0,0
aclnnClampMin,,,3.49,3.49,3.1000625,3.1000625,0,0
aten::div,,,22.49,34.96,0,4.16009375,0,0
empty_tensor,,,5.68,5.68,0,0,0,0
aten::item,,,2.38,3.83,0,0,0,0
aten::_local_scalar_dense,,,1.45,1.45,0,0,0,0
aclnnDivMods,,,2.96,2.96,4.16009375,4.16009375,0,0
aten::remainder,,,18.13,30.27,0,4.68009375,0,0
empty_tensor,,,5.48,5.48,0,0,0,0
aclnnRemainderTensorScalar,,,6.66,6.66,4.68009375,4.68009375,0,0
aten::mul,,,15.8,26.18,0,1.44003125,0,0
empty_tensor,,,5.19,5.19,0,0,0,0
aten::item,,,1.5,2.53,0,0,0,0
aten::_local_scalar_dense,,,1.03,1.03,0,0,0,0
aclnnMuls,,,2.66,2.66,1.44003125,1.44003125,0,0
aten::div,,,16.67,28.45,0,4.06009375,0,0
empty_tensor,,,5.69,5.69,0,0,0,0
aten::item,,,1.47,2.51,0,0,0,0
aten::_local_scalar_dense,,,1.04,1.04,0,0,0,0
aclnnDivMods,,,3.58,3.58,4.06009375,4.06009375,0,0
aten::add,,,13.0,27.16,0,1.34003125,0,0
empty_tensor,,,4.9,4.9,0,0,0,0
aclnnAdd,,,9.26,9.26,1.34003125,1.34003125,0,0
aten::full_like,,,4.85,37.82,0,1.28,0,0
aten::empty_like,,,6.43,17.49,0,0,0,0
aten::empty_strided,,,7.05,11.06,0,0,0,0
empty_tensor,,,4.01,4.01,0,0,0,0
aten::fill_,,,10.61,15.48,0,1.28,0,0
aclnnInplaceFillScalar,,,4.87,4.87,1.28,1.28,0,0
aten::where,,,13.19,20.72,0,2.02003125,0,0
empty_tensor,,,5.35,5.35,0,0,0,0
aclnnSWhere,,,2.18,2.18,2.02003125,2.02003125,0,0
aten::copy_,,,12.82,16.18,0,1.3,0,0
aclnnInplaceCopy,,,3.36,3.36,1.3,1.3,0,0
aten::slice,,,4.19,8.59,0,0,0,0
aten::as_strided,,,4.4,4.4,0,0,0,0
aten::slice,,,5.94,9.22,0,0,0,0
aten::as_strided,,,3.28,3.28,0,0,0,0
aten::div,,,21.71,28.65,0,4.100125,0,0
aten::item,,,1.78,3.04,0,0,0,0
aten::_local_scalar_dense,,,1.26,1.26,0,0,0,0
aclnnDivMods,,,3.9,3.9,4.100125,4.100125,0,0
aten::slice,,,2.27,5.86,0,0,0,0
aten::as_strided,,,3.59,3.59,0,0,0,0
aten::slice,,,4.02,6.87,0,0,0,0
aten::as_strided,,,2.85,2.85,0,0,0,0
aten::slice,,,2.55,4.72,0,0,0,0
aten::as_strided,,,2.17,2.17,0,0,0,0
aten::copy_,,,56.89,62.2,0,0.6,0,0
aclnnInplaceCopy,,,5.31,5.31,0.6,0.6,0,0
aten::slice,,,2.76,6.16,0,0,0,0
aten::as_strided,,,3.4,3.4,0,0,0,0
aten::slice,,,4.67,7.58,0,0,0,0
aten::as_strided,,,2.91,2.91,0,0,0,0
aten::copy_,,,44.06,61.32,0,0.64,0,0
aclnnInplaceCopy,,,17.26,17.26,0.64,0.64,0,0
aten::slice,,,5.96,9.32,0,0,0,0
aten::as_strided,,,3.36,3.36,0,0,0,0
aten::div,,,13.29,32.59,0,0,0,0
aten::to,,,1.99,19.3,0,0,0,0
aten::_to_copy,,,5.89,17.31,0,0,0,0
aten::empty_strided,,,3.37,3.37,0,0,0,0
aten::copy_,,,8.05,8.05,0,0,0,0
aten::slice,,,4.27,9.75,0,0,0,0
aten::as_strided,,,5.48,5.48,0,0,0,0
aten::slice,,,6.03,11.27,0,0,0,0
aten::as_strided,,,5.24,5.24,0,0,0,0
aten::slice,,,3.5,7.85,0,0,0,0
aten::as_strided,,,4.35,4.35,0,0,0,0
aten::slice,,,2.63,5.37,0,0,0,0
aten::as_strided,,,2.74,2.74,0,0,0,0
aten::fill_,,,18.92,38.34,0,1.20003125,0,0
aclnnInplaceFillScalar,,,19.42,19.42,1.20003125,1.20003125,0,0
aten::slice,,,5.75,9.83,0,0,0,0
aten::as_strided,,,4.08,4.08,0,0,0,0
aten::fill_,,,14.6,24.69,0,1.16003125,0,0
aclnnInplaceFillScalar,,,10.09,10.09,1.16003125,1.16003125,0,0
aten::slice,,,20.49,25.82,0,0,0,0
aten::as_strided,,,5.33,5.33,0,0,0,0
aten::slice,,,3.17,5.77,0,0,0,0
aten::as_strided,,,2.6,2.6,0,0,0,0
aten::slice,,,14.12,16.88,0,0,0,0
aten::as_strided,,,2.76,2.76,0,0,0,0
aten::slice,,,3.6,8.16,0,0,0,0
aten::as_strided,,,4.56,4.56,0,0,0,0
aten::slice,,,3.86,8.02,0,0,0,0
aten::as_strided,,,4.16,4.16,0,0,0,0
aten::slice,,,3.36,18.74,0,0,0,0
aten::as_strided,,,15.38,15.38,0,0,0,0
aten::slice,,,2.71,6.16,0,0,0,0
aten::as_strided,,,3.45,3.45,0,0,0,0
aten::fill_,,,27.0,43.46,0,1.18003125,0,0
aclnnInplaceFillScalar,,,16.46,16.46,1.18003125,1.18003125,0,0
aten::slice,,,5.53,18.83,0,0,0,0
aten::as_strided,,,13.3,13.3,0,0,0,0
aten::fill_,,,19.26,30.63,0,1.32003125,0,0
aclnnInplaceFillScalar,,,11.37,11.37,1.32003125,1.32003125,0,0
aten::slice,,,5.6,20.42,0,0,0,0
aten::as_strided,,,14.82,14.82,0,0,0,0
aten::slice,,,3.53,13.67,0,0,0,0
aten::as_strided,,,10.14,10.14,0,0,0,0
aten::slice,,,4.49,9.47,0,0,0,0
aten::as_strided,,,4.98,4.98,0,0,0,0
aten::slice,,,3.44,6.03,0,0,0,0
aten::as_strided,,,2.59,2.59,0,0,0,0
aten::slice,,,3.15,6.04,0,0,0,0
aten::as_strided,,,2.89,2.89,0,0,0,0
aten::slice,,,2.91,4.63,0,0,0,0
aten::as_strided,,,1.72,1.72,0,0,0,0
aten::slice,,,3.03,4.37,0,0,0,0
aten::as_strided,,,1.34,1.34,0,0,0,0
aten::slice,,,1.46,2.67,0,0,0,0
aten::as_strided,,,1.21,1.21,0,0,0,0
aten::diff,,,8.9,45.86,0,0,0,0
aten::narrow,,,6.9,17.45,0,0,0,0
aten::slice,,,1.98,10.55,0,0,0,0
aten::as_strided,,,8.57,8.57,0,0,0,0
aten::narrow,,,2.98,5.31,0,0,0,0
aten::slice,,,1.14,2.33,0,0,0,0
aten::as_strided,,,1.19,1.19,0,0,0,0
aten::sub,,,14.2,14.2,0,0,0,0
aten::eq,,,14.8,31.16,0,0,0,0
aten::to,,,1.57,16.36,0,0,0,0
aten::_to_copy,,,4.99,14.79,0,0,0,0
aten::empty_strided,,,3.62,3.62,0,0,0,0
aten::copy_,,,6.18,6.18,0,0,0,0
aten::__and__,,,2.23,7.44,0,0,0,0
aten::bitwise_and,,,5.21,5.21,0,0,0,0
aten::gt,,,8.42,16.62,0,0,0,0
aten::to,,,0.99,8.2,0,0,0,0
aten::_to_copy,,,2.87,7.21,0,0,0,0
aten::empty_strided,,,1.76,1.76,0,0,0,0
aten::copy_,,,2.58,2.58,0,0,0,0
aten::__and__,,,1.67,4.85,0,0,0,0
aten::bitwise_and,,,3.18,3.18,0,0,0,0
aten::any,,,11.64,14.44,0,0,0,0
aten::as_strided,,,1.54,1.54,0,0,0,0
aten::fill_,,,1.26,1.26,0,0,0,0
aten::item,,,1.62,2.9,0,0,0,0
aten::_local_scalar_dense,,,1.28,1.28,0,0,0,0
aten::slice,,,4.58,7.26,0,0,0,0
aten::as_strided,,,2.68,2.68,0,0,0,0
aten::slice,,,2.44,3.18,0,0,0,0
aten::as_strided,,,0.74,0.74,0,0,0,0
aten::sub,,,5.32,5.32,0,0,0,0
aten::select,,,3.17,4.08,0,0,0,0
aten::as_strided,,,0.91,0.91,0,0,0,0
aten::item,,,0.95,1.87,0,0,0,0
aten::_local_scalar_dense,,,0.92,0.92,0,0,0,0
aten::gt,,,7.87,16.59,0,0,0,0
aten::to,,,0.94,8.72,0,0,0,0
aten::_to_copy,,,2.74,7.78,0,0,0,0
aten::empty_strided,,,1.8,1.8,0,0,0,0
aten::copy_,,,3.24,3.24,0,0,0,0
aten::__ior__,,,2.1,7.41,0,0,0,0
aten::bitwise_or_,,,5.31,5.31,0,0,0,0
aten::any,,,7.44,9.32,0,0,0,0
aten::as_strided,,,1.29,1.29,0,0,0,0
aten::fill_,,,0.59,0.59,0,0,0,0
aten::is_nonzero,,,1.71,4.24,0,0,0,0
aten::item,,,1.84,2.53,0,0,0,0
aten::_local_scalar_dense,,,0.69,0.69,0,0,0,0
aten::select,,,4.67,10.2,0,0,0,0
aten::as_strided,,,5.53,5.53,0,0,0,0
aten::slice,,,5.29,9.82,0,0,0,0
aten::as_strided,,,4.53,4.53,0,0,0,0
aten::slice,,,2.7,4.98,0,0,0,0
aten::as_strided,,,2.28,2.28,0,0,0,0
aten::slice,,,2.37,4.62,0,0,0,0
aten::as_strided,,,2.25,2.25,0,0,0,0
aten::copy_,,,66.89,85.37,0,0.56,0,0
aclnnInplaceCopy,,,18.48,18.48,0.56,0.56,0,0
aten::slice,,,5.93,10.43,0,0,0,0
aten::as_strided,,,4.5,4.5,0,0,0,0
aten::fill_,,,15.9,21.22,0,1.38003125,0,0
aclnnInplaceFillScalar,,,5.32,5.32,1.38003125,1.38003125,0,0
aten::slice,,,5.17,8.68,0,0,0,0
aten::as_strided,,,3.51,3.51,0,0,0,0
aten::slice,,,2.66,5.24,0,0,0,0
aten::as_strided,,,2.58,2.58,0,0,0,0
aten::slice,,,2.81,5.89,0,0,0,0
aten::as_strided,,,3.08,3.08,0,0,0,0
aten::copy_,,,50.18,65.66,0,0.62,0,0
aclnnInplaceCopy,,,15.48,15.48,0.62,0.62,0,0
aten::slice,,,5.98,9.91,0,0,0,0
aten::as_strided,,,3.93,3.93,0,0,0,0
aten::slice,,,2.78,5.53,0,0,0,0
aten::as_strided,,,2.75,2.75,0,0,0,0
aten::expand_as,,,2.51,11.59,0,0,0,0
aten::expand,,,5.95,9.08,0,0,0,0
aten::as_strided,,,3.13,3.13,0,0,0,0
aten::copy_,,,45.05,59.43,0,0.54003125,0,0
aclnnInplaceCopy,,,14.38,14.38,0.54003125,0.54003125,0,0
aten::slice,,,5.87,10.13,0,0,0,0
aten::as_strided,,,4.26,4.26,0,0,0,0
aten::slice,,,3.33,6.67,0,0,0,0
aten::as_strided,,,3.34,3.34,0,0,0,0
aten::slice,,,2.87,5.12,0,0,0,0
aten::as_strided,,,2.25,2.25,0,0,0,0
aten::slice,,,2.31,4.56,0,0,0,0
aten::as_strided,,,2.25,2.25,0,0,0,0
aten::copy_,,,46.48,64.08,0,0.68003125,0,0
aclnnInplaceCopy,,,17.6,17.6,0.68003125,0.68003125,0,0
aten::slice,,,5.97,9.76,0,0,0,0
aten::as_strided,,,3.79,3.79,0,0,0,0
aten::slice,,,2.83,6.14,0,0,0,0
aten::as_strided,,,3.31,3.31,0,0,0,0
aten::slice,,,2.66,5.34,0,0,0,0
aten::as_strided,,,2.68,2.68,0,0,0,0
aten::sub,,,18.79,30.5,0,1.56003125,0,0
aclnnSub,,,11.71,11.71,1.56003125,1.56003125,0,0
aten::slice,,,7.21,10.38,0,0,0,0
aten::as_strided,,,3.17,3.17,0,0,0,0
aten::slice,,,3.21,7.59,0,0,0,0
aten::as_strided,,,4.38,4.38,0,0,0,0
aten::slice,,,3.3,6.07,0,0,0,0
aten::as_strided,,,2.77,2.77,0,0,0,0
aten::slice,,,2.79,5.26,0,0,0,0
aten::as_strided,,,2.47,2.47,0,0,0,0
aten::slice,,,2.69,5.56,0,0,0,0
aten::as_strided,,,2.87,2.87,0,0,0,0
aten::fill_,,,16.56,31.71,0,1.26,0,0
aclnnInplaceFillScalar,,,15.15,15.15,1.26,1.26,0,0
aten::slice,,,5.38,9.1,0,0,0,0
aten::as_strided,,,3.72,3.72,0,0,0,0
aten::fill_,,,11.43,15.56,0,1.16003125,0,0
aclnnInplaceFillScalar,,,4.13,4.13,1.16003125,1.16003125,0,0
aten::slice,,,4.53,8.62,0,0,0,0
aten::as_strided,,,4.09,4.09,0,0,0,0
aten::slice,,,2.67,4.44,0,0,0,0
aten::as_strided,,,1.77,1.77,0,0,0,0
aten::slice,,,2.63,6.16,0,0,0,0
aten::as_strided,,,3.53,3.53,0,0,0,0
aten::slice,,,2.64,4.18,0,0,0,0
aten::as_strided,,,1.54,1.54,0,0,0,0
aten::slice,,,2.34,4.05,0,0,0,0
aten::as_strided,,,1.71,1.71,0,0,0,0
aten::slice,,,2.62,3.68,0,0,0,0
aten::as_strided,,,1.06,1.06,0,0,0,0
aten::slice,,,2.25,4.02,0,0,0,0
aten::as_strided,,,1.77,1.77,0,0,0,0
aten::slice,,,1.35,2.4,0,0,0,0
aten::as_strided,,,1.05,1.05,0,0,0,0
aten::diff,,,6.92,32.66,0,0,0,0
aten::narrow,,,5.08,8.43,0,0,0,0
aten::slice,,,1.87,3.35,0,0,0,0
aten::as_strided,,,1.48,1.48,0,0,0,0
aten::narrow,,,1.92,4.21,0,0,0,0
aten::slice,,,1.13,2.29,0,0,0,0
aten::as_strided,,,1.16,1.16,0,0,0,0
aten::sub,,,13.1,13.1,0,0,0,0
aten::eq,,,12.19,47.34,0,0,0,0
aten::to,,,1.74,35.15,0,0,0,0
aten::_to_copy,,,23.06,33.41,0,0,0,0
aten::empty_strided,,,3.68,3.68,0,0,0,0
aten::copy_,,,6.67,6.67,0,0,0,0
aten::__and__,,,2.26,6.83,0,0,0,0
aten::bitwise_and,,,4.57,4.57,0,0,0,0
aten::gt,,,7.98,17.26,0,0,0,0
aten::to,,,1.18,9.28,0,0,0,0
aten::_to_copy,,,3.13,8.1,0,0,0,0
aten::empty_strided,,,1.9,1.9,0,0,0,0
aten::copy_,,,3.07,3.07,0,0,0,0
aten::__and__,,,1.29,4.14,0,0,0,0
aten::bitwise_and,,,2.85,2.85,0,0,0,0
aten::any,,,9.23,11.94,0,0,0,0
aten::as_strided,,,1.64,1.64,0,0,0,0
aten::fill_,,,1.07,1.07,0,0,0,0
aten::item,,,1.72,2.95,0,0,0,0
aten::_local_scalar_dense,,,1.23,1.23,0,0,0,0
aten::slice,,,4.7,6.32,0,0,0,0
aten::as_strided,,,1.62,1.62,0,0,0,0
aten::slice,,,2.2,3.11,0,0,0,0
aten::as_strided,,,0.91,0.91,0,0,0,0
aten::sub,,,5.36,5.36,0,0,0,0
aten::select,,,2.96,4.02,0,0,0,0
aten::as_strided,,,1.06,1.06,0,0,0,0
aten::item,,,1.11,2.14,0,0,0,0
aten::_local_scalar_dense,,,1.03,1.03,0,0,0,0
aten::gt,,,7.2,16.46,0,0,0,0
aten::to,,,1.12,9.26,0,0,0,0
aten::_to_copy,,,2.81,8.14,0,0,0,0
aten::empty_strided,,,2.2,2.2,0,0,0,0
aten::copy_,,,3.13,3.13,0,0,0,0
aten::__ior__,,,1.85,5.88,0,0,0,0
aten::bitwise_or_,,,4.03,4.03,0,0,0,0
aten::any,,,7.46,9.4,0,0,0,0
aten::as_strided,,,1.24,1.24,0,0,0,0
aten::fill_,,,0.7,0.7,0,0,0,0
aten::is_nonzero,,,1.58,3.79,0,0,0,0
aten::item,,,1.13,2.21,0,0,0,0
aten::_local_scalar_dense,,,1.08,1.08,0,0,0,0
aten::select,,,4.65,10.63,0,0,0,0
aten::as_strided,,,5.98,5.98,0,0,0,0
aten::slice,,,5.01,8.69,0,0,0,0
aten::as_strided,,,3.68,3.68,0,0,0,0
aten::slice,,,2.51,4.9,0,0,0,0
aten::as_strided,,,2.39,2.39,0,0,0,0
aten::slice,,,2.39,4.97,0,0,0,0
aten::as_strided,,,2.58,2.58,0,0,0,0
aten::copy_,,,66.85,86.64,0,0.56,0,0
aclnnInplaceCopy,,,19.79,19.79,0.56,0.56,0,0
aten::slice,,,6.52,10.25,0,0,0,0
aten::as_strided,,,3.73,3.73,0,0,0,0
aten::fill_,,,14.81,18.76,0,1.14003125,0,0
aclnnInplaceFillScalar,,,3.95,3.95,1.14003125,1.14003125,0,0
aten::slice,,,5.09,8.79,0,0,0,0
aten::as_strided,,,3.7,3.7,0,0,0,0
aten::slice,,,3.05,5.65,0,0,0,0
aten::as_strided,,,2.6,2.6,0,0,0,0
aten::slice,,,3.17,5.73,0,0,0,0
aten::as_strided,,,2.56,2.56,0,0,0,0
aten::copy_,,,52.03,65.58,0,0.60003125,0,0
aclnnInplaceCopy,,,13.55,13.55,0.60003125,0.60003125,0,0
aten::slice,,,6.08,9.93,0,0,0,0
aten::as_strided,,,3.85,3.85,0,0,0,0
aten::slice,,,3.01,5.83,0,0,0,0
aten::as_strided,,,2.82,2.82,0,0,0,0
aten::expand_as,,,1.87,9.37,0,0,0,0
aten::expand,,,3.86,7.5,0,0,0,0
aten::as_strided,,,3.64,3.64,0,0,0,0
aten::copy_,,,45.83,63.85,0,0.52003125,0,0
aclnnInplaceCopy,,,18.02,18.02,0.52003125,0.52003125,0,0
aten::slice,,,6.0,10.3,0,0,0,0
aten::as_strided,,,4.3,4.3,0,0,0,0
aten::slice,,,3.18,6.28,0,0,0,0
aten::as_strided,,,3.1,3.1,0,0,0,0
aten::slice,,,2.57,4.98,0,0,0,0
aten::as_strided,,,2.41,2.41,0,0,0,0
aten::slice,,,2.58,4.71,0,0,0,0
aten::as_strided,,,2.13,2.13,0,0,0,0
aten::copy_,,,45.17,58.2,0,0.64,0,0
aclnnInplaceCopy,,,13.03,13.03,0.64,0.64,0,0
aten::slice,,,5.99,9.76,0,0,0,0
aten::as_strided,,,3.77,3.77,0,0,0,0
aten::slice,,,2.92,5.37,0,0,0,0
aten::as_strided,,,2.45,2.45,0,0,0,0
aten::slice,,,2.49,4.83,0,0,0,0
aten::as_strided,,,2.34,2.34,0,0,0,0
aten::sub,,,16.88,28.38,0,1.66,0,0
aclnnSub,,,11.5,11.5,1.66,1.66,0,0
aten::slice,,,7.23,10.8,0,0,0,0
aten::as_strided,,,3.57,3.57,0,0,0,0
aten::slice,,,3.24,7.76,0,0,0,0
aten::as_strided,,,4.52,4.52,0,0,0,0
aten::slice,,,3.07,5.86,0,0,0,0
aten::as_strided,,,2.79,2.79,0,0,0,0
aten::slice,,,2.67,6.02,0,0,0,0
aten::as_strided,,,3.35,3.35,0,0,0,0
aten::slice,,,2.59,5.11,0,0,0,0
aten::as_strided,,,2.52,2.52,0,0,0,0
aten::fill_,,,16.61,30.76,0,1.30003125,0,0
aclnnInplaceFillScalar,,,14.15,14.15,1.30003125,1.30003125,0,0
aten::slice,,,5.12,8.63,0,0,0,0
aten::as_strided,,,3.51,3.51,0,0,0,0
aten::fill_,,,11.22,15.03,0,1.16003125,0,0
aclnnInplaceFillScalar,,,3.81,3.81,1.16003125,1.16003125,0,0
aten::slice,,,4.53,8.38,0,0,0,0
aten::as_strided,,,3.85,3.85,0,0,0,0
aten::slice,,,2.48,4.58,0,0,0,0
aten::as_strided,,,2.1,2.1,0,0,0,0
aten::slice,,,2.74,5.97,0,0,0,0
aten::as_strided,,,3.23,3.23,0,0,0,0
aten::slice,,,2.97,4.15,0,0,0,0
aten::as_strided,,,1.18,1.18,0,0,0,0
aten::slice,,,2.24,3.47,0,0,0,0
aten::as_strided,,,1.23,1.23,0,0,0,0
aten::slice,,,2.43,3.52,0,0,0,0
aten::as_strided,,,1.09,1.09,0,0,0,0
aten::slice,,,16.27,17.45,0,0,0,0
aten::as_strided,,,1.18,1.18,0,0,0,0
aten::slice,,,1.16,2.24,0,0,0,0
aten::as_strided,,,1.08,1.08,0,0,0,0
aten::diff,,,6.49,30.99,0,0,0,0
aten::narrow,,,4.69,8.1,0,0,0,0
aten::slice,,,1.86,3.41,0,0,0,0
aten::as_strided,,,1.55,1.55,0,0,0,0
aten::narrow,,,1.94,4.33,0,0,0,0
aten::slice,,,1.16,2.39,0,0,0,0
aten::as_strided,,,1.23,1.23,0,0,0,0
aten::sub,,,12.07,12.07,0,0,0,0
aten::eq,,,12.13,27.85,0,0,0,0
aten::to,,,1.65,15.72,0,0,0,0
aten::_to_copy,,,5.16,14.07,0,0,0,0
aten::empty_strided,,,3.32,3.32,0,0,0,0
aten::copy_,,,5.59,5.59,0,0,0,0
aten::__and__,,,2.05,6.49,0,0,0,0
aten::bitwise_and,,,4.44,4.44,0,0,0,0
aten::gt,,,7.49,16.78,0,0,0,0
aten::to,,,1.39,9.29,0,0,0,0
aten::_to_copy,,,2.78,7.9,0,0,0,0
aten::empty_strided,,,1.99,1.99,0,0,0,0
aten::copy_,,,3.13,3.13,0,0,0,0
aten::__and__,,,1.27,4.5,0,0,0,0
aten::bitwise_and,,,3.23,3.23,0,0,0,0
aten::any,,,9.45,12.2,0,0,0,0
aten::as_strided,,,1.66,1.66,0,0,0,0
aten::fill_,,,1.09,1.09,0,0,0,0
aten::item,,,1.79,3.23,0,0,0,0
aten::_local_scalar_dense,,,1.44,1.44,0,0,0,0
aten::slice,,,4.63,6.36,0,0,0,0
aten::as_strided,,,1.73,1.73,0,0,0,0
aten::slice,,,2.56,3.74,0,0,0,0
aten::as_strided,,,1.18,1.18,0,0,0,0
aten::sub,,,5.26,5.26,0,0,0,0
aten::select,,,3.27,4.71,0,0,0,0
aten::as_strided,,,1.44,1.44,0,0,0,0
aten::item,,,1.11,2.05,0,0,0,0
aten::_local_scalar_dense,,,0.94,0.94,0,0,0,0
aten::gt,,,7.63,16.93,0,0,0,0
aten::to,,,1.37,9.3,0,0,0,0
aten::_to_copy,,,2.77,7.93,0,0,0,0
aten::empty_strided,,,2.1,2.1,0,0,0,0
aten::copy_,,,3.06,3.06,0,0,0,0
aten::__ior__,,,1.98,6.18,0,0,0,0
aten::bitwise_or_,,,4.2,4.2,0,0,0,0
aten::any,,,7.58,9.68,0,0,0,0
aten::as_strided,,,1.35,1.35,0,0,0,0
aten::fill_,,,0.75,0.75,0,0,0,0
aten::is_nonzero,,,1.71,3.97,0,0,0,0
aten::item,,,1.33,2.26,0,0,0,0
aten::_local_scalar_dense,,,0.93,0.93,0,0,0,0
aten::select,,,4.35,10.43,0,0,0,0
aten::as_strided,,,6.08,6.08,0,0,0,0
aten::slice,,,5.16,9.06,0,0,0,0
aten::as_strided,,,3.9,3.9,0,0,0,0
aten::slice,,,2.69,5.11,0,0,0,0
aten::as_strided,,,2.42,2.42,0,0,0,0
aten::slice,,,2.32,4.59,0,0,0,0
aten::as_strided,,,2.27,2.27,0,0,0,0
aten::copy_,,,66.42,84.8,0,0.56003125,0,0
aclnnInplaceCopy,,,18.38,18.38,0.56003125,0.56003125,0,0
aten::slice,,,6.0,10.3,0,0,0,0
aten::as_strided,,,4.3,4.3,0,0,0,0
aten::fill_,,,14.26,18.39,0,1.34003125,0,0
aclnnInplaceFillScalar,,,4.13,4.13,1.34003125,1.34003125,0,0
aten::slice,,,4.6,8.56,0,0,0,0
aten::as_strided,,,3.96,3.96,0,0,0,0
aten::slice,,,2.56,5.11,0,0,0,0
aten::as_strided,,,2.55,2.55,0,0,0,0
aten::slice,,,2.84,5.71,0,0,0,0
aten::as_strided,,,2.87,2.87,0,0,0,0
aten::copy_,,,52.08,67.0,0,0.64,0,0
aclnnInplaceCopy,,,14.92,14.92,0.64,0.64,0,0
aten::slice,,,6.04,9.81,0,0,0,0
aten::as_strided,,,3.77,3.77,0,0,0,0
aten::slice,,,2.79,5.6,0,0,0,0
aten::as_strided,,,2.81,2.81,0,0,0,0
aten::expand_as,,,2.0,9.41,0,0,0,0
aten::expand,,,3.82,7.41,0,0,0,0
aten::as_strided,,,3.59,3.59,0,0,0,0
aten::copy_,,,47.42,65.53,0,0.56003125,0,0
aclnnInplaceCopy,,,18.11,18.11,0.56003125,0.56003125,0,0
aten::slice,,,6.43,10.42,0,0,0,0
aten::as_strided,,,3.99,3.99,0,0,0,0
aten::slice,,,3.97,7.13,0,0,0,0
aten::as_strided,,,3.16,3.16,0,0,0,0
aten::slice,,,2.63,5.05,0,0,0,0
aten::as_strided,,,2.42,2.42,0,0,0,0
aten::slice,,,2.43,4.99,0,0,0,0
aten::as_strided,,,2.56,2.56,0,0,0,0
aten::copy_,,,46.46,62.25,0,0.58003125,0,0
aclnnInplaceCopy,,,15.79,15.79,0.58003125,0.58003125,0,0
aten::slice,,,7.5,12.67,0,0,0,0
aten::as_strided,,,5.17,5.17,0,0,0,0
aten::slice,,,3.82,8.92,0,0,0,0
aten::as_strided,,,5.1,5.1,0,0,0,0
aten::slice,,,2.95,5.87,0,0,0,0
aten::as_strided,,,2.92,2.92,0,0,0,0
aten::sub,,,17.76,28.72,0,1.48003125,0,0
aclnnSub,,,10.96,10.96,1.48003125,1.48003125,0,0
Event::record,,,161.18,181.47,0,0.02,0,0
record_event,,,20.29,20.29,0.02,0.02,0,0
aten::slice,,,9.77,17.09,0,0,0,0
aten::as_strided,,,7.32,7.32,0,0,0,0
aten::slice,,,4.28,7.39,0,0,0,0
aten::as_strided,,,3.11,3.11,0,0,0,0
aten::slice,,,2.28,4.2,0,0,0,0
aten::as_strided,,,1.92,1.92,0,0,0,0
aten::zero_,,,19.04,34.75,0,2.2000625,0,0
aclnnInplaceZero,,,15.71,15.71,2.2000625,2.2000625,0,0
aten::slice,,,8.75,15.26,0,0,0,0
aten::as_strided,,,6.51,6.51,0,0,0,0
aten::scalar_tensor,,,7.2,62.04,0,1.38003125,0,0
aten::empty,,,3.15,15.3,0,0,0,0
empty_tensor,,,12.15,12.15,0,0,0,0
aten::fill_,,,23.01,39.54,0,1.38003125,0,0
aclnnInplaceFillScalar,,,16.53,16.53,1.38003125,1.38003125,0,0
aten::slice,,,6.59,12.55,0,0,0,0
aten::as_strided,,,5.96,5.96,0,0,0,0
aten::view,,,3.57,3.57,0,0,0,0
aten::expand,,,2.22,4.27,0,0,0,0
aten::as_strided,,,2.05,2.05,0,0,0,0
aten::copy_,,,24.57,37.73,0,4.0600625,0,0
aclnnInplaceCopy,,,13.16,13.16,4.0600625,4.0600625,0,0
aten::scalar_tensor,,,4.44,27.23,0,1.32003125,0,0
aten::empty,,,2.4,8.56,0,0,0,0
empty_tensor,,,6.16,6.16,0,0,0,0
aten::fill_,,,10.55,14.23,0,1.32003125,0,0
aclnnInplaceFillScalar,,,3.68,3.68,1.32003125,1.32003125,0,0
aten::slice,,,4.81,9.4,0,0,0,0
aten::as_strided,,,4.59,4.59,0,0,0,0
aten::view,,,2.15,2.15,0,0,0,0
aten::expand,,,1.36,2.91,0,0,0,0
aten::as_strided,,,1.55,1.55,0,0,0,0
aten::copy_,,,54.16,65.9,0,0.56,0,0
aclnnInplaceCopy,,,11.74,11.74,0.56,0.56,0,0
aten::index,,,45.1,78.99,0,12.76025,0,0
empty_tensor,,,8.05,8.05,0,0,0,0
empty_tensor,,,9.3,9.3,0,0,0,0
aclnnIndex,,,16.54,16.54,12.76025,12.76025,0,0
aten::linear,,,5.47,70.84,0,908.638125,0,908.638125
aten::t,,,6.55,16.64,0,0,0,0
aten::transpose,,,3.61,10.09,0,0,0,0
aten::as_strided,,,6.48,6.48,0,0,0,0
aten::matmul,,,23.84,48.73,0,908.638125,0,908.638125
empty_tensor,,,9.49,9.49,0,0,0,0
aclnnMatmul,,,15.4,15.4,908.638125,908.638125,908.638125,908.638125
aten::alias,,,3.13,3.13,0,0,0,0
aten::log_softmax,,,8.7,108.23,0,52.5210625,0,0
aten::to,,,3.54,69.87,0,8.0601875,0,0
aten::_to_copy,,,8.16,66.33,0,8.0601875,0,0
aten::empty_strided,,,12.65,20.16,0,0,0,0
empty_tensor,,,7.51,7.51,0,0,0,0
aten::copy_,,,21.61,38.01,0,8.0601875,0,0
aclnnInplaceCopy,,,16.4,16.4,8.0601875,8.0601875,0,0
aten::_log_softmax,,,18.04,29.66,0,44.460875,0,0
empty_tensor,,,8.29,8.29,0,0,0,0
aclnnLogSoftmax,,,3.33,3.33,44.460875,44.460875,0,0
aten::to,,,1.71,48.5,0,3.1200625,0,0
aten::_to_copy,,,5.12,46.79,0,3.1200625,0,0
aten::empty_strided,,,8.29,12.19,0,0,0,0
empty_tensor,,,3.9,3.9,0,0,0,0
aten::copy_,,,15.81,29.48,0,3.1200625,0,0
aclnnInplaceCopy,,,13.67,13.67,3.1200625,3.1200625,0,0
aten::argmax,,,7.82,61.36,0,21.2004375,0,0
aten::empty,,,2.61,10.72,0,0,0,0
empty_tensor,,,8.11,8.11,0,0,0,0
aten::argmax,,,24.77,42.82,0,21.2004375,0,0
aten::reshape,,,2.47,7.43,0,0,0,0
aten::view,,,4.96,4.96,0,0,0,0
aclnnArgMax,,,10.62,10.62,21.2004375,21.2004375,0,0
aten::view,,,4.2,4.2,0,0,0,0
aten::to,,,1.35,1.35,0,0,0,0
aten::topk,,,21.39,43.07,0,41.320875,0,0
empty_tensor,,,7.23,7.23,0,0,0,0
empty_tensor,,,4.59,4.59,0,0,0,0
aclnnTopk,,,9.86,9.86,41.320875,41.320875,0,0
aten::unsqueeze,,,8.27,13.16,0,0,0,0
aten::as_strided,,,4.89,4.89,0,0,0,0
aten::gather,,,19.56,28.94,0,5.780093750000001,0,0
empty_tensor,,,6.32,6.32,0,0,0,0
aclnnGather,,,3.06,3.06,5.780093750000001,5.780093750000001,0,0
TorchDynamo Cache Lookup,,,37.82,37.82,0,0,0,0
Torch-Compiled Region: 0/0,,,112.06,205.24,0,42.90084375,0,0
aten::_assert_scalar,,,3.12,3.12,0,0,0,0
aten::_assert_scalar,,,1.05,1.05,0,0,0,0
aten::_assert_scalar,,,1.09,1.09,0,0,0,0
aten::ge,,,21.98,48.28,0,13.62028125,0,0
empty_tensor,,,10.57,10.57,0,0,0,0
aclnnGeTensor,,,15.73,15.73,13.62028125,13.62028125,0,0
aten::sum,,,20.79,39.64,0,29.2805625,0,0
empty_tensor,,,7.35,7.35,0,0,0,0
aclnnReduceSum,,,11.5,11.5,29.2805625,29.2805625,0,0
aten::cat,,,21.07,32.46,0,3.3200625,0,0
empty_tensor,,,7.9,7.9,0,0,0,0
aclnnCat,,,3.49,3.49,3.3200625,3.3200625,0,0
aten::cat,,,11.78,21.47,0,2.6400625,0,0
empty_tensor,,,6.46,6.46,0,0,0,0
aclnnCat,,,3.23,3.23,2.6400625,2.6400625,0,0
aten::to,,,2.45,49.47,0,1.44003125,0,0
aten::_to_copy,,,6.23,47.02,0,1.44003125,0,0
aten::empty_strided,,,7.72,11.94,0,0,0,0
empty_tensor,,,4.22,4.22,0,0,0,0
aten::copy_,,,16.6,28.85,0,1.44003125,0,0
aclnnInplaceCopy,,,12.25,12.25,1.44003125,1.44003125,0,0
aten::to,,,1.86,45.85,0,1.44003125,0,0
aten::_to_copy,,,4.82,43.99,0,1.44003125,0,0
aten::empty_strided,,,7.56,11.96,0,0,0,0
empty_tensor,,,4.4,4.4,0,0,0,0
aten::copy_,,,14.69,27.21,0,1.44003125,0,0
aclnnInplaceCopy,,,12.52,12.52,1.44003125,1.44003125,0,0
aten::unsqueeze,,,3.87,8.97,0,0,0,0
aten::as_strided,,,5.1,5.1,0,0,0,0
Event::record,,,173.52,191.85,0,0.02,0,0
record_event,,,18.33,18.33,0.02,0.02,0,0
aten::slice,,,6.23,14.7,0,0,0,0
aten::as_strided,,,8.47,8.47,0,0,0,0
Event::wait,,,77.6,97.02,0,2442.08878125,0,0
wait_event,,,19.42,19.42,2442.08878125,2442.08878125,0,0
Event::record,,,91.27,109.08,0,0.02,0,0
record_event,,,17.81,17.81,0.02,0.02,0,0
Event::wait,,,60.04,76.75,0,2059.44115625,0,0
wait_event,,,16.71,16.71,2059.44115625,2059.44115625,0,0
destroy_event,,,10.45,10.45,0,0,0,0
aten::to,,,3.83,69.27,0,1.90003125,0,0
aten::_to_copy,,,7.63,65.44,0,1.90003125,0,0
aten::empty_strided,,,26.75,26.75,0,0,0,0
aten::copy_,,,19.69,31.06,0,1.90003125,0,0
acl_memcpy_device_to_host,,,11.37,11.37,1.90003125,1.90003125,0,0
aten::to,,,3.04,40.17,0,2.06003125,0,0
aten::_to_copy,,,5.46,37.13,0,2.06003125,0,0
aten::empty_strided,,,4.11,4.11,0,0,0,0
aten::copy_,,,15.51,27.56,0,2.06003125,0,0
acl_memcpy_device_to_host,,,12.05,12.05,2.06003125,2.06003125,0,0
aten::to,,,1.91,30.79,0,1.88003125,0,0
aten::_to_copy,,,4.55,28.88,0,1.88003125,0,0
aten::empty_strided,,,3.38,3.38,0,0,0,0
aten::copy_,,,11.26,20.95,0,1.88003125,0,0
acl_memcpy_device_to_host,,,9.69,9.69,1.88003125,1.88003125,0,0
aten::to,,,1.88,29.56,0,1.88003125,0,0
aten::_to_copy,,,4.09,27.68,0,1.88003125,0,0
aten::empty_strided,,,2.69,2.69,0,0,0,0
aten::copy_,,,11.45,20.9,0,1.88003125,0,0
acl_memcpy_device_to_host,,,9.45,9.45,1.88003125,1.88003125,0,0
Event::record,,,161.42,177.88,0,0.02,0,0
record_event,,,16.46,16.46,0.02,0.02,0,0
Event::synchronize,,,82.77,82.77,0,0,0,0
aten::resolve_conj,,,1.65,1.65,0,0,0,0
aten::resolve_neg,,,1.37,1.37,0,0,0,0
aten::to,,,3.33,3.33,0,0,0,0
aten::detach,,,4.33,4.33,0,0,0,0
aten::to,,,0.99,0.99,0,0,0,0
aten::resolve_conj,,,0.72,0.72,0,0,0,0
aten::resolve_neg,,,0.55,0.55,0,0,0,0
aten::to,,,1.57,1.57,0,0,0,0
aten::detach,,,1.72,1.72,0,0,0,0
aten::to,,,0.63,0.63,0,0,0,0
aten::resolve_conj,,,0.55,0.55,0,0,0,0
aten::resolve_neg,,,0.31,0.31,0,0,0,0
aten::to,,,1.46,1.46,0,0,0,0
aten::detach,,,1.1,1.1,0,0,0,0
aten::to,,,0.69,0.69,0,0,0,0
aten::resolve_conj,,,0.35,0.35,0,0,0,0
aten::resolve_neg,,,0.95,0.95,0,0,0,0
destroy_event,,,20.57,20.57,0,0,0,0
record_event,,,7.28,7.28,0.02,0.02,0,0
Event::synchronize,,,139.89,139.89,0,0,0,0
aten::slice,,,13.9,18.79,0,0,0,0
aten::as_strided,,,4.89,4.89,0,0,0,0
aten::slice,,,3.63,10.99,0,0,0,0
aten::as_strided,,,7.36,7.36,0,0,0,0
aten::pin_memory,,,138.46,156.6,0,0,0,0
aten::is_pinned,,,18.14,18.14,0,0,0,0
aten::copy_,,,20.23,35.21,0,2.4200625,0,0
acl_memcpy_host_to_device,,,14.98,14.98,2.4200625,2.4200625,0,0
aten::slice,,,6.52,9.18,0,0,0,0
aten::as_strided,,,2.66,2.66,0,0,0,0
aten::slice,,,3.44,17.46,0,0,0,0
aten::as_strided,,,14.02,14.02,0,0,0,0
aten::pin_memory,,,3.93,13.89,0,0,0,0
aten::is_pinned,,,9.96,9.96,0,0,0,0
aten::copy_,,,14.67,27.23,0,2.44003125,0,0
acl_memcpy_host_to_device,,,12.56,12.56,2.44003125,2.44003125,0,0
aten::slice,,,6.01,8.25,0,0,0,0
aten::as_strided,,,2.24,2.24,0,0,0,0
aten::slice,,,2.84,6.98,0,0,0,0
aten::as_strided,,,4.14,4.14,0,0,0,0
aten::pin_memory,,,3.62,11.13,0,0,0,0
aten::is_pinned,,,7.51,7.51,0,0,0,0
aten::copy_,,,12.51,24.28,0,2.22003125,0,0
acl_memcpy_host_to_device,,,11.77,11.77,2.22003125,2.22003125,0,0
aten::slice,,,5.01,7.1,0,0,0,0
aten::as_strided,,,2.09,2.09,0,0,0,0
aten::slice,,,2.99,7.22,0,0,0,0
aten::as_strided,,,4.23,4.23,0,0,0,0
aten::pin_memory,,,3.47,10.92,0,0,0,0
aten::is_pinned,,,7.45,7.45,0,0,0,0
aten::copy_,,,11.91,22.88,0,2.5200625,0,0
acl_memcpy_host_to_device,,,10.97,10.97,2.5200625,2.5200625,0,0
aten::slice,,,4.83,6.79,0,0,0,0
aten::as_strided,,,1.96,1.96,0,0,0,0
aten::slice,,,3.05,6.63,0,0,0,0
aten::as_strided,,,3.58,3.58,0,0,0,0
aten::pin_memory,,,4.08,11.02,0,0,0,0
aten::is_pinned,,,6.94,6.94,0,0,0,0
aten::copy_,,,12.53,23.06,0,2.4400625,0,0
acl_memcpy_host_to_device,,,10.53,10.53,2.4400625,2.4400625,0,0
aten::slice,,,10.86,14.64,0,0,0,0
aten::as_strided,,,3.78,3.78,0,0,0,0
aten::slice,,,3.52,9.55,0,0,0,0
aten::as_strided,,,6.03,6.03,0,0,0,0
aten::pin_memory,,,4.44,18.06,0,0,0,0
aten::is_pinned,,,13.62,13.62,0,0,0,0
aten::copy_,,,16.85,32.95,0,2.3200625,0,0
acl_memcpy_host_to_device,,,16.1,16.1,2.3200625,2.3200625,0,0
aten::slice,,,5.35,9.66,0,0,0,0
aten::as_strided,,,4.31,4.31,0,0,0,0
aten::lift_fresh,,,1.49,1.49,0,0,0,0
aten::lift_fresh,,,0.92,0.92,0,0,0,0
aten::flatten,,,3.36,10.35,0,0,0,0
aten::view,,,6.99,6.99,0,0,0,0
aten::slice,,,4.01,5.55,0,0,0,0
aten::as_strided,,,1.54,1.54,0,0,0,0
aten::index_select,,,8.23,8.23,0,0,0,0
aten::pin_memory,,,4.28,17.35,0,0,0,0
aten::is_pinned,,,13.07,13.07,0,0,0,0
aten::copy_,,,16.04,31.08,0,2.30003125,0,0
acl_memcpy_host_to_device,,,15.04,15.04,2.30003125,2.30003125,0,0
aten::pin_memory,,,3.95,13.2,0,0,0,0
aten::is_pinned,,,9.25,9.25,0,0,0,0
aten::copy_,,,13.02,27.78,0,2.16003125,0,0
acl_memcpy_host_to_device,,,14.76,14.76,2.16003125,2.16003125,0,0
aten::slice,,,6.54,9.16,0,0,0,0
aten::as_strided,,,2.62,2.62,0,0,0,0
aten::lift_fresh,,,1.3,1.3,0,0,0,0
aten::slice,,,3.51,4.77,0,0,0,0
aten::as_strided,,,1.26,1.26,0,0,0,0
aten::add,,,27.81,27.81,0,0,0,0
aten::slice,,,4.18,5.37,0,0,0,0
aten::as_strided,,,1.19,1.19,0,0,0,0
aten::fill_,,,2.76,2.76,0,0,0,0
aten::slice,,,3.71,10.61,0,0,0,0
aten::as_strided,,,6.9,6.9,0,0,0,0
aten::fill_,,,21.33,36.12,0,1.80003125,0,0
aclnnInplaceFillScalar,,,14.79,14.79,1.80003125,1.80003125,0,0
aten::slice,,,6.24,11.98,0,0,0,0
aten::as_strided,,,5.74,5.74,0,0,0,0
aten::select,,,4.52,7.67,0,0,0,0
aten::as_strided,,,3.15,3.15,0,0,0,0
aten::copy_,,,72.65,87.85,0,0.62003125,0,0
aclnnInplaceCopy,,,15.2,15.2,0.62003125,0.62003125,0,0
aten::slice,,,7.65,10.28,0,0,0,0
aten::as_strided,,,2.63,2.63,0,0,0,0
aten::detach,,,2.88,2.88,0,0,0,0
aten::to,,,2.09,2.09,0,0,0,0
aten::resolve_conj,,,1.04,1.04,0,0,0,0
aten::resolve_neg,,,0.52,0.52,0,0,0,0
aten::slice,,,5.33,8.4,0,0,0,0
aten::as_strided,,,3.07,3.07,0,0,0,0
aten::slice,,,3.37,8.3,0,0,0,0
aten::as_strided,,,4.93,4.93,0,0,0,0
aten::pin_memory,,,4.19,17.95,0,0,0,0
aten::is_pinned,,,13.76,13.76,0,0,0,0
aten::copy_,,,3.77,3.77,0,0,0,0
aten::slice,,,5.67,7.36,0,0,0,0
aten::as_strided,,,1.69,1.69,0,0,0,0
aten::slice,,,2.97,6.52,0,0,0,0
aten::as_strided,,,3.55,3.55,0,0,0,0
aten::pin_memory,,,3.21,11.98,0,0,0,0
aten::is_pinned,,,8.77,8.77,0,0,0,0
aten::copy_,,,15.54,31.6,0,2.32003125,0,0
acl_memcpy_host_to_device,,,16.06,16.06,2.32003125,2.32003125,0,0
aten::fill_,,,19.09,34.54,0,1.48003125,0,0
aclnnInplaceFillScalar,,,15.45,15.45,1.48003125,1.48003125,0,0
aten::slice,,,6.52,10.92,0,0,0,0
aten::as_strided,,,4.4,4.4,0,0,0,0
aten::slice,,,3.68,5.3,0,0,0,0
aten::as_strided,,,1.62,1.62,0,0,0,0
aten::copy_,,,15.45,20.12,0,2.20003125,0,0
acl_memcpy_host_to_device,,,4.67,4.67,2.20003125,2.20003125,0,0
aten::slice,,,5.95,7.91,0,0,0,0
aten::as_strided,,,1.96,1.96,0,0,0,0
aten::slice,,,2.8,6.51,0,0,0,0
aten::as_strided,,,3.71,3.71,0,0,0,0
aten::pin_memory,,,3.96,12.74,0,0,0,0
aten::is_pinned,,,8.78,8.78,0,0,0,0
aten::copy_,,,12.42,15.94,0,2.8400625,0,0
acl_memcpy_host_to_device,,,3.52,3.52,2.8400625,2.8400625,0,0
aten::slice,,,5.25,9.62,0,0,0,0
aten::as_strided,,,4.37,4.37,0,0,0,0
aten::slice,,,3.29,4.89,0,0,0,0
aten::as_strided,,,1.6,1.6,0,0,0,0
aten::slice,,,2.6,5.34,0,0,0,0
aten::as_strided,,,2.74,2.74,0,0,0,0
aten::pin_memory,,,3.54,10.8,0,0,0,0
aten::is_pinned,,,7.26,7.26,0,0,0,0
aten::copy_,,,10.99,14.64,0,2.30003125,0,0
acl_memcpy_host_to_device,,,3.65,3.65,2.30003125,2.30003125,0,0
aten::slice,,,4.61,6.38,0,0,0,0
aten::as_strided,,,1.77,1.77,0,0,0,0
aten::slice,,,2.61,6.43,0,0,0,0
aten::as_strided,,,3.82,3.82,0,0,0,0
aten::pin_memory,,,2.99,9.99,0,0,0,0
aten::is_pinned,,,7.0,7.0,0,0,0,0
aten::copy_,,,10.83,15.6,0,2.34003125,0,0
acl_memcpy_host_to_device,,,4.77,4.77,2.34003125,2.34003125,0,0
aten::slice,,,4.11,7.54,0,0,0,0
aten::as_strided,,,3.43,3.43,0,0,0,0
aten::index,,,38.27,71.32,0,10.940249999999999,0,0
empty_tensor,,,10.39,10.39,0,0,0,0
empty_tensor,,,9.46,9.46,0,0,0,0
aclnnIndex,,,13.2,13.2,10.940249999999999,10.940249999999999,0,0
aten::to,,,2.57,53.01,0,1.08003125,0,0
aten::_to_copy,,,6.56,50.44,0,1.08003125,0,0
aten::empty_strided,,,8.87,14.53,0,0,0,0
empty_tensor,,,5.66,5.66,0,0,0,0
aten::copy_,,,15.99,29.35,0,1.08003125,0,0
aclnnInplaceCopy,,,13.36,13.36,1.08003125,1.08003125,0,0
aten::slice,,,6.58,10.65,0,0,0,0
aten::as_strided,,,4.07,4.07,0,0,0,0
aten::add,,,18.23,35.2,0,2.6800625,0,0
empty_tensor,,,6.24,6.24,0,0,0,0
aclnnAdd,,,10.73,10.73,2.6800625,2.6800625,0,0
aten::slice,,,15.33,19.94,0,0,0,0
aten::as_strided,,,4.61,4.61,0,0,0,0
aten::copy_,,,64.89,78.61,0,0.62003125,0,0
aclnnInplaceCopy,,,13.72,13.72,0.62003125,0.62003125,0,0
aten::slice,,,6.75,11.34,0,0,0,0
aten::as_strided,,,4.59,4.59,0,0,0,0
aten::add,,,18.36,37.76,0,1.46003125,0,0
empty_tensor,,,8.06,8.06,0,0,0,0
aclnnAdd,,,11.34,11.34,1.46003125,1.46003125,0,0
aten::slice,,,6.05,10.4,0,0,0,0
aten::as_strided,,,4.35,4.35,0,0,0,0
aten::copy_,,,47.62,58.81,0,0.6,0,0
aclnnInplaceCopy,,,11.19,11.19,0.6,0.6,0,0
aten::slice,,,6.02,10.05,0,0,0,0
aten::as_strided,,,4.03,4.03,0,0,0,0
aten::fill_,,,13.85,23.6,0,1.62003125,0,0
aclnnInplaceFillScalar,,,9.75,9.75,1.62003125,1.62003125,0,0
aten::slice,,,5.12,8.61,0,0,0,0
aten::as_strided,,,3.49,3.49,0,0,0,0
aten::slice,,,2.87,6.5,0,0,0,0
aten::as_strided,,,3.63,3.63,0,0,0,0
compute_slot_mapping_fused_groups_adaptive_kernel,,,26.72,26.72,4.84009375,4.84009375,0,0
aten::slice,,,9.57,16.99,0,0,0,0
aten::as_strided,,,7.42,7.42,0,0,0,0
aten::sub,,,27.33,57.05,0,1.5200625,0,0
empty_tensor,,,11.3,11.3,0,0,0,0
aten::item,,,2.31,4.19,0,0,0,0
aten::_local_scalar_dense,,,1.88,1.88,0,0,0,0
aclnnSubs,,,14.23,14.23,1.5200625,1.5200625,0,0
aten::pin_memory,,,7.13,24.41,0,0,0,0
aten::is_pinned,,,17.28,17.28,0,0,0,0
aten::copy_,,,19.08,35.18,0,2.3800625,0,0
acl_memcpy_host_to_device,,,16.1,16.1,2.3800625,2.3800625,0,0
aten::detach,,,4.97,4.97,0,0,0,0
aten::to,,,1.86,1.86,0,0,0,0
aten::resolve_conj,,,0.71,0.71,0,0,0,0
aten::resolve_neg,,,0.56,0.56,0,0,0,0
aten::slice,,,8.24,16.04,0,0,0,0
aten::as_strided,,,7.8,7.8,0,0,0,0
aten::slice,,,3.35,7.21,0,0,0,0
aten::as_strided,,,3.86,3.86,0,0,0,0
aten::slice,,,2.9,5.79,0,0,0,0
aten::as_strided,,,2.89,2.89,0,0,0,0
aten::fill_,,,19.14,35.01,0,1.28003125,0,0
aclnnInplaceFillScalar,,,15.87,15.87,1.28003125,1.28003125,0,0
aten::slice,,,4.47,8.01,0,0,0,0
aten::as_strided,,,3.54,3.54,0,0,0,0
aten::fill_,,,12.98,19.04,0,1.54003125,0,0
aclnnInplaceFillScalar,,,6.06,6.06,1.54003125,1.54003125,0,0
aten::slice,,,3.68,6.12,0,0,0,0
aten::as_strided,,,2.44,2.44,0,0,0,0
aten::slice,,,2.74,3.77,0,0,0,0
aten::as_strided,,,1.03,1.03,0,0,0,0
aten::lt,,,13.41,13.41,0,0,0,0
aten::lift_fresh,,,0.98,0.98,0,0,0,0
aten::slice,,,1.38,4.09,0,0,0,0
aten::as_strided,,,2.71,2.71,0,0,0,0
aten::fill_,,,2.55,11.52,0,0,0,0
aten::copy_,,,8.97,8.97,0,0,0,0
aten::slice,,,3.25,5.19,0,0,0,0
aten::as_strided,,,1.94,1.94,0,0,0,0
aten::slice,,,2.71,7.01,0,0,0,0
aten::as_strided,,,4.3,4.3,0,0,0,0
aten::slice,,,2.76,5.95,0,0,0,0
aten::as_strided,,,3.19,3.19,0,0,0,0
aten::slice,,,3.1,5.79,0,0,0,0
aten::as_strided,,,2.69,2.69,0,0,0,0
aten::slice,,,2.19,3.1,0,0,0,0
aten::as_strided,,,0.91,0.91,0,0,0,0
aten::slice,,,2.06,3.41,0,0,0,0
aten::as_strided,,,1.35,1.35,0,0,0,0
aten::slice,,,2.86,7.06,0,0,0,0
aten::as_strided,,,4.2,4.2,0,0,0,0
aten::slice,,,2.35,4.6,0,0,0,0
aten::as_strided,,,2.25,2.25,0,0,0,0
aten::slice,,,2.1,4.13,0,0,0,0
aten::as_strided,,,2.03,2.03,0,0,0,0
aten::slice,,,5.63,10.94,0,0,0,0
aten::as_strided,,,5.31,5.31,0,0,0,0
aten::slice,,,2.89,8.61,0,0,0,0
aten::as_strided,,,5.72,5.72,0,0,0,0
aten::slice,,,3.44,6.14,0,0,0,0
aten::as_strided,,,2.7,2.7,0,0,0,0
aten::to,,,1.31,1.31,0,0,0,0
aten::slice,,,2.77,5.45,0,0,0,0
aten::as_strided,,,2.68,2.68,0,0,0,0
aten::slice,,,2.29,4.58,0,0,0,0
aten::as_strided,,,2.29,2.29,0,0,0,0
aten::slice,,,2.15,3.49,0,0,0,0
aten::as_strided,,,1.34,1.34,0,0,0,0
aten::slice,,,3.23,6.52,0,0,0,0
aten::as_strided,,,3.29,3.29,0,0,0,0
aten::alias,,,3.65,3.65,0,0,0,0
aten::alias,,,4.47,4.47,0,0,0,0
aten::div,,,40.13,60.59,0,9.0401875,0,0
aten::item,,,2.16,3.74,0,0,0,0
aten::_local_scalar_dense,,,1.58,1.58,0,0,0,0
aclnnDivMods,,,16.72,16.72,9.0401875,9.0401875,0,0
aten::slice,,,4.04,9.22,0,0,0,0
aten::as_strided,,,5.18,5.18,0,0,0,0
aten::slice,,,4.2,7.31,0,0,0,0
aten::as_strided,,,3.11,3.11,0,0,0,0
aten::copy_,,,64.86,80.01,0,0.60003125,0,0
aclnnInplaceCopy,,,15.15,15.15,0.60003125,0.60003125,0,0
aten::slice,,,2.85,7.17,0,0,0,0
aten::as_strided,,,4.32,4.32,0,0,0,0
aten::slice,,,4.77,7.65,0,0,0,0
aten::as_strided,,,2.88,2.88,0,0,0,0
aten::ge,,,22.5,46.42,0,4.12009375,0,0
empty_tensor,,,11.81,11.81,0,0,0,0
aclnnGeScalar,,,12.11,12.11,4.12009375,4.12009375,0,0
aten::add,,,19.69,34.13,0,2.7000625,0,0
empty_tensor,,,6.89,6.89,0,0,0,0
aten::item,,,1.97,3.45,0,0,0,0
aten::_local_scalar_dense,,,1.48,1.48,0,0,0,0
aclnnAdds,,,4.1,4.1,2.7000625,2.7000625,0,0
aten::remainder,,,21.77,32.92,0,3.5800625,0,0
empty_tensor,,,7.04,7.04,0,0,0,0
aclnnRemainderTensorScalar,,,4.11,4.11,3.5800625,3.5800625,0,0
aten::eq,,,12.26,21.66,0,2.16003125,0,0
empty_tensor,,,5.72,5.72,0,0,0,0
aclnnEqScalar,,,3.68,3.68,2.16003125,2.16003125,0,0
aten::__and__,,,2.85,27.61,0,1.74003125,0,0
aten::bitwise_and,,,15.96,24.76,0,1.74003125,0,0
empty_tensor,,,5.72,5.72,0,0,0,0
aclnnBitwiseAndTensor,,,3.08,3.08,1.74003125,1.74003125,0,0
aten::clamp_min,,,11.96,21.3,0,3.1600625,0,0
empty_tensor,,,6.01,6.01,0,0,0,0
aclnnClampMin,,,3.33,3.33,3.1600625,3.1600625,0,0
aten::div,,,20.4,32.72,0,4.50003125,0,0
empty_tensor,,,5.8,5.8,0,0,0,0
aten::item,,,1.97,3.53,0,0,0,0
aten::_local_scalar_dense,,,1.56,1.56,0,0,0,0
aclnnDivMods,,,2.99,2.99,4.50003125,4.50003125,0,0
aten::remainder,,,18.35,27.25,0,4.900125,0,0
empty_tensor,,,5.9,5.9,0,0,0,0
aclnnRemainderTensorScalar,,,3.0,3.0,4.900125,4.900125,0,0
aten::mul,,,15.17,26.5,0,1.48,0,0
empty_tensor,,,6.22,6.22,0,0,0,0
aten::item,,,1.48,2.21,0,0,0,0
aten::_local_scalar_dense,,,0.73,0.73,0,0,0,0
aclnnMuls,,,2.9,2.9,1.48,1.48,0,0
aten::div,,,17.42,29.22,0,3.9200625000000002,0,0
empty_tensor,,,5.88,5.88,0,0,0,0
aten::item,,,1.18,2.24,0,0,0,0
aten::_local_scalar_dense,,,1.06,1.06,0,0,0,0
aclnnDivMods,,,3.68,3.68,3.9200625000000002,3.9200625000000002,0,0
aten::add,,,12.22,20.1,0,1.30003125,0,0
empty_tensor,,,5.52,5.52,0,0,0,0
aclnnAdd,,,2.36,2.36,1.30003125,1.30003125,0,0
aten::full_like,,,4.88,40.05,0,1.12003125,0,0
aten::empty_like,,,7.09,18.66,0,0,0,0
aten::empty_strided,,,7.38,11.57,0,0,0,0
empty_tensor,,,4.19,4.19,0,0,0,0
aten::fill_,,,9.89,16.51,0,1.12003125,0,0
aclnnInplaceFillScalar,,,6.62,6.62,1.12003125,1.12003125,0,0
aten::where,,,13.22,22.33,0,2.14003125,0,0
empty_tensor,,,6.17,6.17,0,0,0,0
aclnnSWhere,,,2.94,2.94,2.14003125,2.14003125,0,0
aten::copy_,,,14.1,21.08,0,1.20003125,0,0
aclnnInplaceCopy,,,6.98,6.98,1.20003125,1.20003125,0,0
aten::slice,,,4.08,8.19,0,0,0,0
aten::as_strided,,,4.11,4.11,0,0,0,0
aten::slice,,,5.93,8.65,0,0,0,0
aten::as_strided,,,2.72,2.72,0,0,0,0
aten::div,,,22.99,30.23,0,4.0000625,0,0
aten::item,,,1.76,2.91,0,0,0,0
aten::_local_scalar_dense,,,1.15,1.15,0,0,0,0
aclnnDivMods,,,4.33,4.33,4.0000625,4.0000625,0,0
aten::slice,,,2.42,5.94,0,0,0,0
aten::as_strided,,,3.52,3.52,0,0,0,0
aten::slice,,,4.1,8.55,0,0,0,0
aten::as_strided,,,4.45,4.45,0,0,0,0
aten::slice,,,2.75,5.18,0,0,0,0
aten::as_strided,,,2.43,2.43,0,0,0,0
aten::copy_,,,58.72,63.85,0,0.6,0,0
aclnnInplaceCopy,,,5.13,5.13,0.6,0.6,0,0
aten::slice,,,3.02,6.48,0,0,0,0
aten::as_strided,,,3.46,3.46,0,0,0,0
aten::slice,,,4.46,7.55,0,0,0,0
aten::as_strided,,,3.09,3.09,0,0,0,0
aten::copy_,,,43.08,58.86,0,0.64003125,0,0
aclnnInplaceCopy,,,15.78,15.78,0.64003125,0.64003125,0,0
aten::slice,,,19.7,22.47,0,0,0,0
aten::as_strided,,,2.77,2.77,0,0,0,0
aten::div,,,13.7,31.9,0,0,0,0
aten::to,,,1.68,18.2,0,0,0,0
aten::_to_copy,,,5.71,16.52,0,0,0,0
aten::empty_strided,,,3.15,3.15,0,0,0,0
aten::copy_,,,7.66,7.66,0,0,0,0
aten::slice,,,4.23,9.5,0,0,0,0
aten::as_strided,,,5.27,5.27,0,0,0,0
aten::slice,,,6.28,11.76,0,0,0,0
aten::as_strided,,,5.48,5.48,0,0,0,0
aten::slice,,,3.29,6.61,0,0,0,0
aten::as_strided,,,3.32,3.32,0,0,0,0
aten::slice,,,2.71,5.35,0,0,0,0
aten::as_strided,,,2.64,2.64,0,0,0,0
aten::fill_,,,18.54,34.71,0,1.20003125,0,0
aclnnInplaceFillScalar,,,16.17,16.17,1.20003125,1.20003125,0,0
aten::slice,,,5.23,8.91,0,0,0,0
aten::as_strided,,,3.68,3.68,0,0,0,0
aten::fill_,,,12.15,24.86,0,1.14003125,0,0
aclnnInplaceFillScalar,,,12.71,12.71,1.14003125,1.14003125,0,0
aten::slice,,,5.82,10.29,0,0,0,0
aten::as_strided,,,4.47,4.47,0,0,0,0
aten::slice,,,3.42,6.32,0,0,0,0
aten::as_strided,,,2.9,2.9,0,0,0,0
aten::slice,,,5.24,7.63,0,0,0,0
aten::as_strided,,,2.39,2.39,0,0,0,0
aten::slice,,,3.24,6.95,0,0,0,0
aten::as_strided,,,3.71,3.71,0,0,0,0
aten::slice,,,3.03,5.9,0,0,0,0
aten::as_strided,,,2.87,2.87,0,0,0,0
aten::slice,,,2.76,5.53,0,0,0,0
aten::as_strided,,,2.77,2.77,0,0,0,0
aten::slice,,,2.45,4.79,0,0,0,0
aten::as_strided,,,2.34,2.34,0,0,0,0
aten::fill_,,,15.65,28.43,0,1.24003125,0,0
aclnnInplaceFillScalar,,,12.78,12.78,1.24003125,1.24003125,0,0
aten::slice,,,3.92,7.35,0,0,0,0
aten::as_strided,,,3.43,3.43,0,0,0,0
aten::fill_,,,10.63,14.82,0,1.28003125,0,0
aclnnInplaceFillScalar,,,4.19,4.19,1.28003125,1.28003125,0,0
aten::slice,,,4.84,8.83,0,0,0,0
aten::as_strided,,,3.99,3.99,0,0,0,0
aten::slice,,,2.8,4.96,0,0,0,0
aten::as_strided,,,2.16,2.16,0,0,0,0
aten::slice,,,2.94,6.04,0,0,0,0
aten::as_strided,,,3.1,3.1,0,0,0,0
aten::slice,,,2.81,3.95,0,0,0,0
aten::as_strided,,,1.14,1.14,0,0,0,0
aten::slice,,,2.56,3.54,0,0,0,0
aten::as_strided,,,0.98,0.98,0,0,0,0
aten::slice,,,2.62,3.53,0,0,0,0
aten::as_strided,,,0.91,0.91,0,0,0,0
aten::slice,,,2.24,3.41,0,0,0,0
aten::as_strided,,,1.17,1.17,0,0,0,0
aten::slice,,,1.17,2.4,0,0,0,0
aten::as_strided,,,1.23,1.23,0,0,0,0
aten::diff,,,8.19,33.73,0,0,0,0
aten::narrow,,,5.6,8.91,0,0,0,0
aten::slice,,,1.71,3.31,0,0,0,0
aten::as_strided,,,1.6,1.6,0,0,0,0
aten::narrow,,,2.06,3.83,0,0,0,0
aten::slice,,,0.94,1.77,0,0,0,0
aten::as_strided,,,0.83,0.83,0,0,0,0
aten::sub,,,12.8,12.8,0,0,0,0
aten::eq,,,13.21,28.32,0,0,0,0
aten::to,,,1.56,15.11,0,0,0,0
aten::_to_copy,,,4.62,13.55,0,0,0,0
aten::empty_strided,,,3.29,3.29,0,0,0,0
aten::copy_,,,5.64,5.64,0,0,0,0
aten::__and__,,,1.99,7.98,0,0,0,0
aten::bitwise_and,,,5.99,5.99,0,0,0,0
aten::gt,,,8.37,17.47,0,0,0,0
aten::to,,,1.0,9.1,0,0,0,0
aten::_to_copy,,,2.95,8.1,0,0,0,0
aten::empty_strided,,,2.07,2.07,0,0,0,0
aten::copy_,,,3.08,3.08,0,0,0,0
aten::__and__,,,1.26,4.2,0,0,0,0
aten::bitwise_and,,,2.94,2.94,0,0,0,0
aten::any,,,10.94,13.54,0,0,0,0
aten::as_strided,,,1.54,1.54,0,0,0,0
aten::fill_,,,1.06,1.06,0,0,0,0
aten::item,,,1.91,3.26,0,0,0,0
aten::_local_scalar_dense,,,1.35,1.35,0,0,0,0
aten::slice,,,4.4,5.82,0,0,0,0
aten::as_strided,,,1.42,1.42,0,0,0,0
aten::slice,,,2.23,3.02,0,0,0,0
aten::as_strided,,,0.79,0.79,0,0,0,0
aten::sub,,,5.11,5.11,0,0,0,0
aten::select,,,3.04,4.18,0,0,0,0
aten::as_strided,,,1.14,1.14,0,0,0,0
aten::item,,,1.01,1.87,0,0,0,0
aten::_local_scalar_dense,,,0.86,0.86,0,0,0,0
aten::gt,,,7.72,16.82,0,0,0,0
aten::to,,,1.21,9.1,0,0,0,0
aten::_to_copy,,,3.1,7.89,0,0,0,0
aten::empty_strided,,,1.79,1.79,0,0,0,0
aten::copy_,,,3.0,3.0,0,0,0,0
aten::__ior__,,,2.06,6.69,0,0,0,0
aten::bitwise_or_,,,4.63,4.63,0,0,0,0
aten::any,,,7.61,9.67,0,0,0,0
aten::as_strided,,,1.27,1.27,0,0,0,0
aten::fill_,,,0.79,0.79,0,0,0,0
aten::is_nonzero,,,1.63,3.48,0,0,0,0
aten::item,,,1.03,1.85,0,0,0,0
aten::_local_scalar_dense,,,0.82,0.82,0,0,0,0
aten::select,,,4.86,10.51,0,0,0,0
aten::as_strided,,,5.65,5.65,0,0,0,0
aten::slice,,,4.88,8.7,0,0,0,0
aten::as_strided,,,3.82,3.82,0,0,0,0
aten::slice,,,2.92,5.52,0,0,0,0
aten::as_strided,,,2.6,2.6,0,0,0,0
aten::slice,,,2.48,4.72,0,0,0,0
aten::as_strided,,,2.24,2.24,0,0,0,0
aten::copy_,,,68.09,85.91,0,0.56,0,0
aclnnInplaceCopy,,,17.82,17.82,0.56,0.56,0,0
aten::slice,,,6.33,10.11,0,0,0,0
aten::as_strided,,,3.78,3.78,0,0,0,0
aten::fill_,,,14.37,26.83,0,1.34003125,0,0
aclnnInplaceFillScalar,,,12.46,12.46,1.34003125,1.34003125,0,0
aten::slice,,,4.94,8.95,0,0,0,0
aten::as_strided,,,4.01,4.01,0,0,0,0
aten::slice,,,2.67,5.36,0,0,0,0
aten::as_strided,,,2.69,2.69,0,0,0,0
aten::slice,,,2.81,5.41,0,0,0,0
aten::as_strided,,,2.6,2.6,0,0,0,0
aten::copy_,,,53.0,65.49,0,0.66003125,0,0
aclnnInplaceCopy,,,12.49,12.49,0.66003125,0.66003125,0,0
aten::slice,,,5.61,9.39,0,0,0,0
aten::as_strided,,,3.78,3.78,0,0,0,0
aten::slice,,,3.04,5.5,0,0,0,0
aten::as_strided,,,2.46,2.46,0,0,0,0
aten::expand_as,,,2.53,11.16,0,0,0,0
aten::expand,,,4.91,8.63,0,0,0,0
aten::as_strided,,,3.72,3.72,0,0,0,0
aten::copy_,,,46.11,58.49,0,0.54003125,0,0
aclnnInplaceCopy,,,12.38,12.38,0.54003125,0.54003125,0,0
aten::slice,,,6.03,10.11,0,0,0,0
aten::as_strided,,,4.08,4.08,0,0,0,0
aten::slice,,,3.22,6.43,0,0,0,0
aten::as_strided,,,3.21,3.21,0,0,0,0
aten::slice,,,2.33,4.53,0,0,0,0
aten::as_strided,,,2.2,2.2,0,0,0,0
aten::slice,,,2.36,4.55,0,0,0,0
aten::as_strided,,,2.19,2.19,0,0,0,0
aten::copy_,,,45.69,58.62,0,0.66003125,0,0
aclnnInplaceCopy,,,12.93,12.93,0.66003125,0.66003125,0,0
aten::slice,,,5.61,9.77,0,0,0,0
aten::as_strided,,,4.16,4.16,0,0,0,0
aten::slice,,,2.73,5.24,0,0,0,0
aten::as_strided,,,2.51,2.51,0,0,0,0
aten::slice,,,2.38,4.93,0,0,0,0
aten::as_strided,,,2.55,2.55,0,0,0,0
aten::sub,,,19.01,30.06,0,1.52003125,0,0
aclnnSub,,,11.05,11.05,1.52003125,1.52003125,0,0
aten::slice,,,7.72,10.58,0,0,0,0
aten::as_strided,,,2.86,2.86,0,0,0,0
aten::slice,,,3.41,8.33,0,0,0,0
aten::as_strided,,,4.92,4.92,0,0,0,0
aten::slice,,,3.21,6.72,0,0,0,0
aten::as_strided,,,3.51,3.51,0,0,0,0
aten::slice,,,5.69,9.49,0,0,0,0
aten::as_strided,,,3.8,3.8,0,0,0,0
aten::slice,,,2.68,5.0,0,0,0,0
aten::as_strided,,,2.32,2.32,0,0,0,0
aten::fill_,,,16.52,30.27,0,1.14003125,0,0
aclnnInplaceFillScalar,,,13.75,13.75,1.14003125,1.14003125,0,0
aten::slice,,,5.01,8.43,0,0,0,0
aten::as_strided,,,3.42,3.42,0,0,0,0
aten::fill_,,,11.24,23.8,0,1.20003125,0,0
aclnnInplaceFillScalar,,,12.56,12.56,1.20003125,1.20003125,0,0
aten::slice,,,4.45,8.85,0,0,0,0
aten::as_strided,,,4.4,4.4,0,0,0,0
aten::slice,,,2.69,4.2,0,0,0,0
aten::as_strided,,,1.51,1.51,0,0,0,0
aten::slice,,,3.6,6.44,0,0,0,0
aten::as_strided,,,2.84,2.84,0,0,0,0
aten::slice,,,3.09,6.48,0,0,0,0
aten::as_strided,,,3.39,3.39,0,0,0,0
aten::slice,,,2.76,5.61,0,0,0,0
aten::as_strided,,,2.85,2.85,0,0,0,0
aten::slice,,,2.72,3.66,0,0,0,0
aten::as_strided,,,0.94,0.94,0,0,0,0
aten::slice,,,3.74,20.33,0,0,0,0
aten::as_strided,,,16.59,16.59,0,0,0,0
aten::slice,,,1.7,3.41,0,0,0,0
aten::as_strided,,,1.71,1.71,0,0,0,0
aten::diff,,,7.57,41.23,0,0,0,0
aten::narrow,,,5.26,11.0,0,0,0,0
aten::slice,,,1.81,5.74,0,0,0,0
aten::as_strided,,,3.93,3.93,0,0,0,0
aten::narrow,,,2.0,4.31,0,0,0,0
aten::slice,,,1.08,2.31,0,0,0,0
aten::as_strided,,,1.23,1.23,0,0,0,0
aten::sub,,,18.35,18.35,0,0,0,0
aten::eq,,,20.72,41.56,0,0,0,0
aten::to,,,1.65,20.84,0,0,0,0
aten::_to_copy,,,4.73,19.19,0,0,0,0
aten::empty_strided,,,4.51,4.51,0,0,0,0
aten::copy_,,,9.95,9.95,0,0,0,0
aten::__and__,,,1.87,7.18,0,0,0,0
aten::bitwise_and,,,5.31,5.31,0,0,0,0
aten::gt,,,10.27,18.74,0,0,0,0
aten::to,,,0.91,8.47,0,0,0,0
aten::_to_copy,,,2.56,7.56,0,0,0,0
aten::empty_strided,,,2.2,2.2,0,0,0,0
aten::copy_,,,2.8,2.8,0,0,0,0
aten::__and__,,,1.78,6.32,0,0,0,0
aten::bitwise_and,,,4.54,4.54,0,0,0,0
aten::any,,,10.73,13.41,0,0,0,0
aten::as_strided,,,1.74,1.74,0,0,0,0
aten::fill_,,,0.94,0.94,0,0,0,0
aten::item,,,1.82,3.09,0,0,0,0
aten::_local_scalar_dense,,,1.27,1.27,0,0,0,0
aten::slice,,,5.35,17.31,0,0,0,0
aten::as_strided,,,11.96,11.96,0,0,0,0
aten::slice,,,2.48,4.04,0,0,0,0
aten::as_strided,,,1.56,1.56,0,0,0,0
aten::sub,,,13.48,13.48,0,0,0,0
aten::select,,,3.19,6.29,0,0,0,0
aten::as_strided,,,3.1,3.1,0,0,0,0
aten::item,,,1.28,7.0,0,0,0,0
aten::_local_scalar_dense,,,5.72,5.72,0,0,0,0
aten::gt,,,11.1,22.34,0,0,0,0
aten::to,,,1.3,11.24,0,0,0,0
aten::_to_copy,,,3.43,9.94,0,0,0,0
aten::empty_strided,,,2.88,2.88,0,0,0,0
aten::copy_,,,3.63,3.63,0,0,0,0
aten::__ior__,,,1.83,5.95,0,0,0,0
aten::bitwise_or_,,,4.12,4.12,0,0,0,0
aten::any,,,8.69,11.14,0,0,0,0
aten::as_strided,,,1.69,1.69,0,0,0,0
aten::fill_,,,0.76,0.76,0,0,0,0
aten::is_nonzero,,,1.75,4.43,0,0,0,0
aten::item,,,2.0,2.68,0,0,0,0
aten::_local_scalar_dense,,,0.68,0.68,0,0,0,0
aten::select,,,4.65,11.02,0,0,0,0
aten::as_strided,,,6.37,6.37,0,0,0,0
aten::slice,,,5.22,9.8,0,0,0,0
aten::as_strided,,,4.58,4.58,0,0,0,0
aten::slice,,,2.69,5.08,0,0,0,0
aten::as_strided,,,2.39,2.39,0,0,0,0
aten::slice,,,2.42,4.81,0,0,0,0
aten::as_strided,,,2.39,2.39,0,0,0,0
aten::copy_,,,67.94,84.43,0,0.56003125,0,0
aclnnInplaceCopy,,,16.49,16.49,0.56003125,0.56003125,0,0
aten::slice,,,6.18,11.01,0,0,0,0
aten::as_strided,,,4.83,4.83,0,0,0,0
aten::fill_,,,14.16,18.5,0,1.28003125,0,0
aclnnInplaceFillScalar,,,4.34,4.34,1.28003125,1.28003125,0,0
aten::slice,,,4.92,8.53,0,0,0,0
aten::as_strided,,,3.61,3.61,0,0,0,0
aten::slice,,,3.0,5.41,0,0,0,0
aten::as_strided,,,2.41,2.41,0,0,0,0
aten::slice,,,2.53,5.32,0,0,0,0
aten::as_strided,,,2.79,2.79,0,0,0,0
aten::copy_,,,50.96,65.51,0,0.64,0,0
aclnnInplaceCopy,,,14.55,14.55,0.64,0.64,0,0
aten::slice,,,5.92,10.4,0,0,0,0
aten::as_strided,,,4.48,4.48,0,0,0,0
aten::slice,,,2.88,5.77,0,0,0,0
aten::as_strided,,,2.89,2.89,0,0,0,0
aten::expand_as,,,1.77,9.78,0,0,0,0
aten::expand,,,4.46,8.01,0,0,0,0
aten::as_strided,,,3.55,3.55,0,0,0,0
aten::copy_,,,46.6,59.95,0,0.52,0,0
aclnnInplaceCopy,,,13.35,13.35,0.52,0.52,0,0
aten::slice,,,6.12,10.77,0,0,0,0
aten::as_strided,,,4.65,4.65,0,0,0,0
aten::slice,,,3.53,6.48,0,0,0,0
aten::as_strided,,,2.95,2.95,0,0,0,0
aten::slice,,,2.89,5.22,0,0,0,0
aten::as_strided,,,2.33,2.33,0,0,0,0
aten::slice,,,2.33,4.57,0,0,0,0
aten::as_strided,,,2.24,2.24,0,0,0,0
aten::copy_,,,45.0,59.88,0,0.66003125,0,0
aclnnInplaceCopy,,,14.88,14.88,0.66003125,0.66003125,0,0
aten::slice,,,5.86,10.11,0,0,0,0
aten::as_strided,,,4.25,4.25,0,0,0,0
aten::slice,,,22.42,26.19,0,0,0,0
aten::as_strided,,,3.77,3.77,0,0,0,0
aten::slice,,,3.02,5.61,0,0,0,0
aten::as_strided,,,2.59,2.59,0,0,0,0
aten::sub,,,19.5,33.06,0,1.52003125,0,0
aclnnSub,,,13.56,13.56,1.52003125,1.52003125,0,0
aten::slice,,,5.95,8.93,0,0,0,0
aten::as_strided,,,2.98,2.98,0,0,0,0
aten::slice,,,3.76,7.81,0,0,0,0
aten::as_strided,,,4.05,4.05,0,0,0,0
aten::slice,,,2.91,6.2,0,0,0,0
aten::as_strided,,,3.29,3.29,0,0,0,0
aten::slice,,,2.5,4.95,0,0,0,0
aten::as_strided,,,2.45,2.45,0,0,0,0
aten::slice,,,2.29,4.47,0,0,0,0
aten::as_strided,,,2.18,2.18,0,0,0,0
aten::fill_,,,18.12,31.57,0,1.32003125,0,0
aclnnInplaceFillScalar,,,13.45,13.45,1.32003125,1.32003125,0,0
aten::slice,,,4.89,8.45,0,0,0,0
aten::as_strided,,,3.56,3.56,0,0,0,0
aten::fill_,,,12.45,17.48,0,1.16003125,0,0
aclnnInplaceFillScalar,,,5.03,5.03,1.16003125,1.16003125,0,0
aten::slice,,,4.45,8.43,0,0,0,0
aten::as_strided,,,3.98,3.98,0,0,0,0
aten::slice,,,2.86,4.7,0,0,0,0
aten::as_strided,,,1.84,1.84,0,0,0,0
aten::slice,,,2.43,5.05,0,0,0,0
aten::as_strided,,,2.62,2.62,0,0,0,0
aten::slice,,,2.48,3.89,0,0,0,0
aten::as_strided,,,1.41,1.41,0,0,0,0
aten::slice,,,2.51,4.25,0,0,0,0
aten::as_strided,,,1.74,1.74,0,0,0,0
aten::slice,,,2.79,3.82,0,0,0,0
aten::as_strided,,,1.03,1.03,0,0,0,0
aten::slice,,,2.13,3.09,0,0,0,0
aten::as_strided,,,0.96,0.96,0,0,0,0
aten::slice,,,1.36,2.27,0,0,0,0
aten::as_strided,,,0.91,0.91,0,0,0,0
aten::diff,,,6.56,31.04,0,0,0,0
aten::narrow,,,4.83,8.85,0,0,0,0
aten::slice,,,2.17,4.02,0,0,0,0
aten::as_strided,,,1.85,1.85,0,0,0,0
aten::narrow,,,1.88,3.7,0,0,0,0
aten::slice,,,0.99,1.82,0,0,0,0
aten::as_strided,,,0.83,0.83,0,0,0,0
aten::sub,,,11.93,11.93,0,0,0,0
aten::eq,,,11.77,27.24,0,0,0,0
aten::to,,,1.53,15.47,0,0,0,0
aten::_to_copy,,,4.91,13.94,0,0,0,0
aten::empty_strided,,,3.01,3.01,0,0,0,0
aten::copy_,,,6.02,6.02,0,0,0,0
aten::__and__,,,2.12,6.0,0,0,0,0
aten::bitwise_and,,,3.88,3.88,0,0,0,0
aten::gt,,,7.47,15.87,0,0,0,0
aten::to,,,1.11,8.4,0,0,0,0
aten::_to_copy,,,2.78,7.29,0,0,0,0
aten::empty_strided,,,1.8,1.8,0,0,0,0
aten::copy_,,,2.71,2.71,0,0,0,0
aten::__and__,,,1.4,4.53,0,0,0,0
aten::bitwise_and,,,3.13,3.13,0,0,0,0
aten::any,,,9.21,11.88,0,0,0,0
aten::as_strided,,,1.56,1.56,0,0,0,0
aten::fill_,,,1.11,1.11,0,0,0,0
aten::item,,,2.04,3.44,0,0,0,0
aten::_local_scalar_dense,,,1.4,1.4,0,0,0,0
aten::slice,,,4.88,6.51,0,0,0,0
aten::as_strided,,,1.63,1.63,0,0,0,0
aten::slice,,,2.47,3.33,0,0,0,0
aten::as_strided,,,0.86,0.86,0,0,0,0
aten::sub,,,4.97,4.97,0,0,0,0
aten::select,,,3.19,4.77,0,0,0,0
aten::as_strided,,,1.58,1.58,0,0,0,0
aten::item,,,1.33,3.25,0,0,0,0
aten::_local_scalar_dense,,,1.92,1.92,0,0,0,0
aten::gt,,,7.18,16.88,0,0,0,0
aten::to,,,1.27,9.7,0,0,0,0
aten::_to_copy,,,3.18,8.43,0,0,0,0
aten::empty_strided,,,1.94,1.94,0,0,0,0
aten::copy_,,,3.31,3.31,0,0,0,0
aten::__ior__,,,2.05,6.14,0,0,0,0
aten::bitwise_or_,,,4.09,4.09,0,0,0,0
aten::any,,,7.63,9.7,0,0,0,0
aten::as_strided,,,1.22,1.22,0,0,0,0
aten::fill_,,,0.85,0.85,0,0,0,0
aten::is_nonzero,,,1.46,3.43,0,0,0,0
aten::item,,,1.11,1.97,0,0,0,0
aten::_local_scalar_dense,,,0.86,0.86,0,0,0,0
aten::select,,,4.38,10.02,0,0,0,0
aten::as_strided,,,5.64,5.64,0,0,0,0
aten::slice,,,4.85,8.87,0,0,0,0
aten::as_strided,,,4.02,4.02,0,0,0,0
aten::slice,,,2.66,5.16,0,0,0,0
aten::as_strided,,,2.5,2.5,0,0,0,0
aten::slice,,,2.49,4.77,0,0,0,0
aten::as_strided,,,2.28,2.28,0,0,0,0
aten::copy_,,,65.73,83.18,0,0.56003125,0,0
aclnnInplaceCopy,,,17.45,17.45,0.56003125,0.56003125,0,0
aten::slice,,,6.06,10.2,0,0,0,0
aten::as_strided,,,4.14,4.14,0,0,0,0
aten::fill_,,,14.51,27.18,0,1.2800625,0,0
aclnnInplaceFillScalar,,,12.67,12.67,1.2800625,1.2800625,0,0
aten::slice,,,5.62,9.9,0,0,0,0
aten::as_strided,,,4.28,4.28,0,0,0,0
aten::slice,,,2.93,5.8,0,0,0,0
aten::as_strided,,,2.87,2.87,0,0,0,0
aten::slice,,,2.86,6.0,0,0,0,0
aten::as_strided,,,3.14,3.14,0,0,0,0
aten::copy_,,,53.46,69.37,0,0.64003125,0,0
aclnnInplaceCopy,,,15.91,15.91,0.64003125,0.64003125,0,0
aten::slice,,,5.97,9.86,0,0,0,0
aten::as_strided,,,3.89,3.89,0,0,0,0
aten::slice,,,2.97,5.63,0,0,0,0
aten::as_strided,,,2.66,2.66,0,0,0,0
aten::expand_as,,,2.15,9.47,0,0,0,0
aten::expand,,,3.63,7.32,0,0,0,0
aten::as_strided,,,3.69,3.69,0,0,0,0
aten::copy_,,,47.3,60.37,0,0.56003125,0,0
aclnnInplaceCopy,,,13.07,13.07,0.56003125,0.56003125,0,0
aten::slice,,,6.3,10.81,0,0,0,0
aten::as_strided,,,4.51,4.51,0,0,0,0
aten::slice,,,3.53,6.84,0,0,0,0
aten::as_strided,,,3.31,3.31,0,0,0,0
aten::slice,,,3.06,6.4,0,0,0,0
aten::as_strided,,,3.34,3.34,0,0,0,0
aten::slice,,,2.54,5.39,0,0,0,0
aten::as_strided,,,2.85,2.85,0,0,0,0
aten::copy_,,,49.25,65.51,0,0.58003125,0,0
aclnnInplaceCopy,,,16.26,16.26,0.58003125,0.58003125,0,0
aten::slice,,,5.99,9.82,0,0,0,0
aten::as_strided,,,3.83,3.83,0,0,0,0
aten::slice,,,2.78,5.39,0,0,0,0
aten::as_strided,,,2.61,2.61,0,0,0,0
aten::slice,,,2.57,4.97,0,0,0,0
aten::as_strided,,,2.4,2.4,0,0,0,0
aten::sub,,,18.54,30.17,0,1.44,0,0
aclnnSub,,,11.63,11.63,1.44,1.44,0,0
Event::record,,,168.14,190.14,0,0.02,0,0
record_event,,,22.0,22.0,0.02,0.02,0,0
aten::slice,,,9.59,16.32,0,0,0,0
aten::as_strided,,,6.73,6.73,0,0,0,0
aten::slice,,,3.79,7.13,0,0,0,0
aten::as_strided,,,3.34,3.34,0,0,0,0
aten::slice,,,2.63,4.76,0,0,0,0
aten::as_strided,,,2.13,2.13,0,0,0,0
aten::zero_,,,19.43,34.61,0,1.82003125,0,0
aclnnInplaceZero,,,15.18,15.18,1.82003125,1.82003125,0,0
aten::slice,,,7.68,15.07,0,0,0,0
aten::as_strided,,,7.39,7.39,0,0,0,0
aten::scalar_tensor,,,6.86,54.63,0,1.56003125,0,0
aten::empty,,,3.48,16.15,0,0,0,0
empty_tensor,,,12.67,12.67,0,0,0,0
aten::fill_,,,17.16,31.62,0,1.56003125,0,0
aclnnInplaceFillScalar,,,14.46,14.46,1.56003125,1.56003125,0,0
aten::slice,,,5.15,11.04,0,0,0,0
aten::as_strided,,,5.89,5.89,0,0,0,0
aten::view,,,3.87,3.87,0,0,0,0
aten::expand,,,1.96,4.43,0,0,0,0
aten::as_strided,,,2.47,2.47,0,0,0,0
aten::copy_,,,23.83,34.53,0,4.14009375,0,0
aclnnInplaceCopy,,,10.7,10.7,4.14009375,4.14009375,0,0
aten::scalar_tensor,,,4.43,31.27,0,1.28003125,0,0
aten::empty,,,2.35,8.61,0,0,0,0
empty_tensor,,,6.26,6.26,0,0,0,0
aten::fill_,,,10.58,18.23,0,1.28003125,0,0
aclnnInplaceFillScalar,,,7.65,7.65,1.28003125,1.28003125,0,0
aten::slice,,,5.0,10.1,0,0,0,0
aten::as_strided,,,5.1,5.1,0,0,0,0
aten::view,,,2.35,2.35,0,0,0,0
aten::expand,,,1.53,3.45,0,0,0,0
aten::as_strided,,,1.92,1.92,0,0,0,0
aten::copy_,,,55.28,68.13,0,0.56,0,0
aclnnInplaceCopy,,,12.85,12.85,0.56,0.56,0,0
aten::index,,,41.35,75.42,0,11.86025,0,0
empty_tensor,,,7.27,7.27,0,0,0,0
empty_tensor,,,9.28,9.28,0,0,0,0
aclnnIndex,,,17.52,17.52,11.86025,11.86025,0,0
aten::linear,,,6.14,69.85,0,908.33815625,0,908.33815625
aten::t,,,6.57,17.3,0,0,0,0
aten::transpose,,,4.14,10.73,0,0,0,0
aten::as_strided,,,6.59,6.59,0,0,0,0
aten::matmul,,,23.72,46.41,0,908.33815625,0,908.33815625
empty_tensor,,,9.1,9.1,0,0,0,0
aclnnMatmul,,,13.59,13.59,908.33815625,908.33815625,908.33815625,908.33815625
aten::alias,,,3.56,3.56,0,0,0,0
aten::log_softmax,,,9.03,109.65,0,52.50103125,0,0
aten::to,,,3.79,70.92,0,7.960125,0,0
aten::_to_copy,,,7.51,67.13,0,7.960125,0,0
aten::empty_strided,,,12.94,19.49,0,0,0,0
empty_tensor,,,6.55,6.55,0,0,0,0
aten::copy_,,,22.01,40.13,0,7.960125,0,0
aclnnInplaceCopy,,,18.12,18.12,7.960125,7.960125,0,0
aten::_log_softmax,,,19.05,29.7,0,44.54090625,0,0
empty_tensor,,,7.47,7.47,0,0,0,0
aclnnLogSoftmax,,,3.18,3.18,44.54090625,44.54090625,0,0
aten::to,,,2.01,45.87,0,3.2800625,0,0
aten::_to_copy,,,5.11,43.86,0,3.2800625,0,0
aten::empty_strided,,,7.56,11.88,0,0,0,0
empty_tensor,,,4.32,4.32,0,0,0,0
aten::copy_,,,14.45,26.87,0,3.2800625,0,0
aclnnInplaceCopy,,,12.42,12.42,3.2800625,3.2800625,0,0
aten::argmax,,,7.69,65.66,0,21.4404375,0,0
aten::empty,,,2.88,11.44,0,0,0,0
empty_tensor,,,8.56,8.56,0,0,0,0
aten::argmax,,,25.32,46.53,0,21.4404375,0,0
aten::reshape,,,1.84,7.11,0,0,0,0
aten::view,,,5.27,5.27,0,0,0,0
aclnnArgMax,,,14.1,14.1,21.4404375,21.4404375,0,0
aten::view,,,4.41,4.41,0,0,0,0
aten::to,,,1.92,1.92,0,0,0,0
aten::topk,,,21.72,44.23,0,41.880812500000005,0,0
empty_tensor,,,6.9,6.9,0,0,0,0
empty_tensor,,,4.62,4.62,0,0,0,0
aclnnTopk,,,10.99,10.99,41.880812500000005,41.880812500000005,0,0
aten::unsqueeze,,,3.87,8.78,0,0,0,0
aten::as_strided,,,4.91,4.91,0,0,0,0
aten::gather,,,20.69,31.37,0,5.580125,0,0
empty_tensor,,,6.87,6.87,0,0,0,0
aclnnGather,,,3.81,3.81,5.580125,5.580125,0,0
TorchDynamo Cache Lookup,,,37.64,37.64,0,0,0,0
Torch-Compiled Region: 0/0,,,113.84,204.79,0,43.94084375,0,0
aten::_assert_scalar,,,2.9,2.9,0,0,0,0
aten::_assert_scalar,,,0.95,0.95,0,0,0,0
aten::_assert_scalar,,,0.88,0.88,0,0,0,0
aten::ge,,,20.48,47.13,0,13.44025,0,0
empty_tensor,,,10.72,10.72,0,0,0,0
aclnnGeTensor,,,15.93,15.93,13.44025,13.44025,0,0
aten::sum,,,21.65,39.09,0,30.50059375,0,0
empty_tensor,,,7.81,7.81,0,0,0,0
aclnnReduceSum,,,9.63,9.63,30.50059375,30.50059375,0,0
aten::cat,,,23.55,47.45,0,3.4600625,0,0
empty_tensor,,,7.54,7.54,0,0,0,0
aclnnCat,,,16.36,16.36,3.4600625,3.4600625,0,0
aten::cat,,,13.68,30.04,0,2.6000625,0,0
empty_tensor,,,6.29,6.29,0,0,0,0
aclnnCat,,,10.07,10.07,2.6000625,2.6000625,0,0
aten::to,,,2.37,64.54,0,1.34,0,0
aten::_to_copy,,,6.81,62.17,0,1.34,0,0
aten::empty_strided,,,8.38,25.41,0,0,0,0
empty_tensor,,,17.03,17.03,0,0,0,0
aten::copy_,,,15.74,29.95,0,1.34,0,0
aclnnInplaceCopy,,,14.21,14.21,1.34,1.34,0,0
aten::to,,,1.58,48.06,0,1.38003125,0,0
aten::_to_copy,,,5.24,46.48,0,1.38003125,0,0
aten::empty_strided,,,6.96,11.5,0,0,0,0
empty_tensor,,,4.54,4.54,0,0,0,0
aten::copy_,,,20.28,29.74,0,1.38003125,0,0
aclnnInplaceCopy,,,9.46,9.46,1.38003125,1.38003125,0,0
aten::unsqueeze,,,3.83,8.4,0,0,0,0
aten::as_strided,,,4.57,4.57,0,0,0,0
Event::record,,,156.87,174.89,0,0.02,0,0
record_event,,,18.02,18.02,0.02,0.02,0,0
aten::slice,,,5.36,13.13,0,0,0,0
aten::as_strided,,,7.77,7.77,0,0,0,0
Event::wait,,,75.89,95.18,0,2448.2889375,0,0
wait_event,,,19.29,19.29,2448.2889375,2448.2889375,0,0
Event::record,,,96.66,114.95,0,0.02,0,0
record_event,,,18.29,18.29,0.02,0.02,0,0
Event::wait,,,61.23,78.05,0,2062.12121875,0,0
wait_event,,,16.82,16.82,2062.12121875,2062.12121875,0,0
destroy_event,,,10.58,10.58,0,0,0,0
aten::to,,,3.55,68.08,0,1.86003125,0,0
aten::_to_copy,,,7.55,64.53,0,1.86003125,0,0
aten::empty_strided,,,25.92,25.92,0,0,0,0
aten::copy_,,,19.48,31.06,0,1.86003125,0,0
acl_memcpy_device_to_host,,,11.58,11.58,1.86003125,1.86003125,0,0
aten::to,,,2.49,48.24,0,2.04003125,0,0
aten::_to_copy,,,5.01,45.75,0,2.04003125,0,0
aten::empty_strided,,,3.73,3.73,0,0,0,0
aten::copy_,,,14.77,37.01,0,2.04003125,0,0
acl_memcpy_device_to_host,,,22.24,22.24,2.04003125,2.04003125,0,0
aten::to,,,1.75,31.89,0,1.8000625,0,0
aten::_to_copy,,,4.97,30.14,0,1.8000625,0,0
aten::empty_strided,,,3.05,3.05,0,0,0,0
aten::copy_,,,11.39,22.12,0,1.8000625,0,0
acl_memcpy_device_to_host,,,10.73,10.73,1.8000625,1.8000625,0,0
aten::to,,,1.58,22.6,0,1.90003125,0,0
aten::_to_copy,,,3.93,21.02,0,1.90003125,0,0
aten::empty_strided,,,2.27,2.27,0,0,0,0
aten::copy_,,,9.89,14.82,0,1.90003125,0,0
acl_memcpy_device_to_host,,,4.93,4.93,1.90003125,1.90003125,0,0
Event::record,,,163.49,179.51,0,0.02,0,0
record_event,,,16.02,16.02,0.02,0.02,0,0
Event::synchronize,,,82.88,82.88,0,0,0,0
aten::resolve_conj,,,1.41,1.41,0,0,0,0
aten::resolve_neg,,,0.83,0.83,0,0,0,0
aten::to,,,3.19,3.19,0,0,0,0
aten::detach,,,3.73,3.73,0,0,0,0
aten::to,,,1.16,1.16,0,0,0,0
aten::resolve_conj,,,0.53,0.53,0,0,0,0
aten::resolve_neg,,,0.35,0.35,0,0,0,0
aten::to,,,1.53,1.53,0,0,0,0
aten::detach,,,1.64,1.64,0,0,0,0
aten::to,,,0.54,0.54,0,0,0,0
aten::resolve_conj,,,0.51,0.51,0,0,0,0
aten::resolve_neg,,,0.3,0.3,0,0,0,0
aten::to,,,1.79,1.79,0,0,0,0
aten::detach,,,1.05,1.05,0,0,0,0
aten::to,,,0.51,0.51,0,0,0,0
aten::resolve_conj,,,0.32,0.32,0,0,0,0
aten::resolve_neg,,,0.26,0.26,0,0,0,0
destroy_event,,,19.47,19.47,0,0,0,0
record_event,,,7.9,7.9,0.02,0.02,0,0
Event::synchronize,,,147.83,147.83,0,0,0,0
aten::slice,,,13.2,17.67,0,0,0,0
aten::as_strided,,,4.47,4.47,0,0,0,0
aten::slice,,,3.83,11.12,0,0,0,0
aten::as_strided,,,7.29,7.29,0,0,0,0
aten::pin_memory,,,108.69,125.74,0,0,0,0
aten::is_pinned,,,17.05,17.05,0,0,0,0
aten::copy_,,,20.56,37.29,0,2.26003125,0,0
acl_memcpy_host_to_device,,,16.73,16.73,2.26003125,2.26003125,0,0
aten::slice,,,7.16,9.68,0,0,0,0
aten::as_strided,,,2.52,2.52,0,0,0,0
aten::slice,,,2.98,8.35,0,0,0,0
aten::as_strided,,,5.37,5.37,0,0,0,0
aten::pin_memory,,,3.97,12.98,0,0,0,0
aten::is_pinned,,,9.01,9.01,0,0,0,0
aten::copy_,,,12.4,19.88,0,2.3800625,0,0
acl_memcpy_host_to_device,,,7.48,7.48,2.3800625,2.3800625,0,0
aten::slice,,,4.93,6.86,0,0,0,0
aten::as_strided,,,1.93,1.93,0,0,0,0
aten::slice,,,2.6,6.43,0,0,0,0
aten::as_strided,,,3.83,3.83,0,0,0,0
aten::pin_memory,,,3.1,10.0,0,0,0,0
aten::is_pinned,,,6.9,6.9,0,0,0,0
aten::copy_,,,11.92,25.58,0,2.36003125,0,0
acl_memcpy_host_to_device,,,13.66,13.66,2.36003125,2.36003125,0,0
aten::slice,,,5.15,6.86,0,0,0,0
aten::as_strided,,,1.71,1.71,0,0,0,0
aten::slice,,,2.46,7.05,0,0,0,0
aten::as_strided,,,4.59,4.59,0,0,0,0
aten::pin_memory,,,3.01,9.94,0,0,0,0
aten::is_pinned,,,6.93,6.93,0,0,0,0
aten::copy_,,,10.49,21.94,0,2.3800625,0,0
acl_memcpy_host_to_device,,,11.45,11.45,2.3800625,2.3800625,0,0
aten::slice,,,4.79,6.31,0,0,0,0
aten::as_strided,,,1.52,1.52,0,0,0,0
aten::slice,,,2.43,5.79,0,0,0,0
aten::as_strided,,,3.36,3.36,0,0,0,0
aten::pin_memory,,,3.01,10.4,0,0,0,0
aten::is_pinned,,,7.39,7.39,0,0,0,0
aten::copy_,,,11.19,23.76,0,2.3000625,0,0
acl_memcpy_host_to_device,,,12.57,12.57,2.3000625,2.3000625,0,0
aten::slice,,,10.04,14.27,0,0,0,0
aten::as_strided,,,4.23,4.23,0,0,0,0
aten::slice,,,3.59,9.76,0,0,0,0
aten::as_strided,,,6.17,6.17,0,0,0,0
aten::pin_memory,,,3.77,17.2,0,0,0,0
aten::is_pinned,,,13.43,13.43,0,0,0,0
aten::copy_,,,16.82,36.0,0,2.3400625,0,0
acl_memcpy_host_to_device,,,19.18,19.18,2.3400625,2.3400625,0,0
aten::slice,,,5.43,9.52,0,0,0,0
aten::as_strided,,,4.09,4.09,0,0,0,0
aten::lift_fresh,,,1.21,1.21,0,0,0,0
aten::lift_fresh,,,0.98,0.98,0,0,0,0
aten::flatten,,,3.48,9.83,0,0,0,0
aten::view,,,6.35,6.35,0,0,0,0
aten::slice,,,3.45,5.16,0,0,0,0
aten::as_strided,,,1.71,1.71,0,0,0,0
aten::index_select,,,6.6,6.6,0,0,0,0
aten::pin_memory,,,3.86,17.64,0,0,0,0
aten::is_pinned,,,13.78,13.78,0,0,0,0
aten::copy_,,,15.59,31.4,0,2.36003125,0,0
acl_memcpy_host_to_device,,,15.81,15.81,2.36003125,2.36003125,0,0
aten::pin_memory,,,3.9,16.74,0,0,0,0
aten::is_pinned,,,12.84,12.84,0,0,0,0
aten::copy_,,,13.27,28.43,0,2.2600625,0,0
acl_memcpy_host_to_device,,,15.16,15.16,2.2600625,2.2600625,0,0
aten::slice,,,6.5,8.85,0,0,0,0
aten::as_strided,,,2.35,2.35,0,0,0,0
aten::lift_fresh,,,1.32,1.32,0,0,0,0
aten::slice,,,3.37,4.71,0,0,0,0
aten::as_strided,,,1.34,1.34,0,0,0,0
aten::add,,,13.42,13.42,0,0,0,0
aten::slice,,,4.93,6.54,0,0,0,0
aten::as_strided,,,1.61,1.61,0,0,0,0
aten::fill_,,,2.51,2.51,0,0,0,0
aten::slice,,,3.71,10.08,0,0,0,0
aten::as_strided,,,6.37,6.37,0,0,0,0
aten::fill_,,,20.4,37.2,0,1.50003125,0,0
aclnnInplaceFillScalar,,,16.8,16.8,1.50003125,1.50003125,0,0
aten::slice,,,6.46,12.74,0,0,0,0
aten::as_strided,,,6.28,6.28,0,0,0,0
aten::select,,,3.81,6.86,0,0,0,0
aten::as_strided,,,3.05,3.05,0,0,0,0
aten::copy_,,,67.81,84.87,0,0.58,0,0
aclnnInplaceCopy,,,17.06,17.06,0.58,0.58,0,0
aten::slice,,,7.61,10.31,0,0,0,0
aten::as_strided,,,2.7,2.7,0,0,0,0
aten::detach,,,3.46,3.46,0,0,0,0
aten::to,,,2.09,2.09,0,0,0,0
aten::resolve_conj,,,0.91,0.91,0,0,0,0
aten::resolve_neg,,,0.66,0.66,0,0,0,0
aten::slice,,,5.11,8.02,0,0,0,0
aten::as_strided,,,2.91,2.91,0,0,0,0
aten::slice,,,3.26,8.45,0,0,0,0
aten::as_strided,,,5.19,5.19,0,0,0,0
aten::pin_memory,,,4.23,17.75,0,0,0,0
aten::is_pinned,,,13.52,13.52,0,0,0,0
aten::copy_,,,3.95,3.95,0,0,0,0
aten::slice,,,5.96,7.87,0,0,0,0
aten::as_strided,,,1.91,1.91,0,0,0,0
aten::slice,,,3.13,6.85,0,0,0,0
aten::as_strided,,,3.72,3.72,0,0,0,0
aten::pin_memory,,,3.47,12.43,0,0,0,0
aten::is_pinned,,,8.96,8.96,0,0,0,0
aten::copy_,,,15.89,32.77,0,2.12003125,0,0
acl_memcpy_host_to_device,,,16.88,16.88,2.12003125,2.12003125,0,0
aten::fill_,,,18.9,32.39,0,1.50003125,0,0
aclnnInplaceFillScalar,,,13.49,13.49,1.50003125,1.50003125,0,0
aten::slice,,,6.94,11.16,0,0,0,0
aten::as_strided,,,4.22,4.22,0,0,0,0
aten::slice,,,3.05,4.78,0,0,0,0
aten::as_strided,,,1.73,1.73,0,0,0,0
aten::copy_,,,17.0,31.41,0,2.18003125,0,0
acl_memcpy_host_to_device,,,14.41,14.41,2.18003125,2.18003125,0,0
aten::slice,,,5.59,7.67,0,0,0,0
aten::as_strided,,,2.08,2.08,0,0,0,0
aten::slice,,,3.22,7.0,0,0,0,0
aten::as_strided,,,3.78,3.78,0,0,0,0
aten::pin_memory,,,3.73,11.92,0,0,0,0
aten::is_pinned,,,8.19,8.19,0,0,0,0
aten::copy_,,,12.89,24.17,0,2.20003125,0,0
acl_memcpy_host_to_device,,,11.28,11.28,2.20003125,2.20003125,0,0
aten::slice,,,4.98,10.01,0,0,0,0
aten::as_strided,,,5.03,5.03,0,0,0,0
aten::slice,,,3.12,4.68,0,0,0,0
aten::as_strided,,,1.56,1.56,0,0,0,0
aten::slice,,,2.82,5.71,0,0,0,0
aten::as_strided,,,2.89,2.89,0,0,0,0
aten::pin_memory,,,3.34,10.64,0,0,0,0
aten::is_pinned,,,7.3,7.3,0,0,0,0
aten::copy_,,,12.92,25.27,0,2.24003125,0,0
acl_memcpy_host_to_device,,,12.35,12.35,2.24003125,2.24003125,0,0
aten::slice,,,6.38,8.57,0,0,0,0
aten::as_strided,,,2.19,2.19,0,0,0,0
aten::slice,,,3.12,7.55,0,0,0,0
aten::as_strided,,,4.43,4.43,0,0,0,0
aten::pin_memory,,,3.8,11.42,0,0,0,0
aten::is_pinned,,,7.62,7.62,0,0,0,0
aten::copy_,,,12.09,24.14,0,2.2000625,0,0
acl_memcpy_host_to_device,,,12.05,12.05,2.2000625,2.2000625,0,0
aten::slice,,,5.48,9.17,0,0,0,0
aten::as_strided,,,3.69,3.69,0,0,0,0
aten::index,,,34.44,63.63,0,11.16021875,0,0
empty_tensor,,,6.94,6.94,0,0,0,0
empty_tensor,,,9.26,9.26,0,0,0,0
aclnnIndex,,,12.99,12.99,11.16021875,11.16021875,0,0
aten::to,,,2.15,50.03,0,1.12003125,0,0
aten::_to_copy,,,6.29,47.88,0,1.12003125,0,0
aten::empty_strided,,,8.58,13.12,0,0,0,0
empty_tensor,,,4.54,4.54,0,0,0,0
aten::copy_,,,16.29,28.47,0,1.12003125,0,0
aclnnInplaceCopy,,,12.18,12.18,1.12003125,1.12003125,0,0
aten::slice,,,7.01,11.0,0,0,0,0
aten::as_strided,,,3.99,3.99,0,0,0,0
aten::add,,,19.42,37.14,0,2.4800625,0,0
empty_tensor,,,6.42,6.42,0,0,0,0
aclnnAdd,,,11.3,11.3,2.4800625,2.4800625,0,0
aten::slice,,,6.39,11.51,0,0,0,0
aten::as_strided,,,5.12,5.12,0,0,0,0
aten::copy_,,,56.22,68.97,0,0.58,0,0
aclnnInplaceCopy,,,12.75,12.75,0.58,0.58,0,0
aten::slice,,,6.77,11.29,0,0,0,0
aten::as_strided,,,4.52,4.52,0,0,0,0
aten::add,,,20.32,40.75,0,1.46003125,0,0
empty_tensor,,,8.94,8.94,0,0,0,0
aclnnAdd,,,11.49,11.49,1.46003125,1.46003125,0,0
aten::slice,,,6.54,10.97,0,0,0,0
aten::as_strided,,,4.43,4.43,0,0,0,0
aten::copy_,,,46.95,58.85,0,0.6,0,0
aclnnInplaceCopy,,,11.9,11.9,0.6,0.6,0,0
aten::slice,,,6.27,10.26,0,0,0,0
aten::as_strided,,,3.99,3.99,0,0,0,0
aten::fill_,,,13.71,24.48,0,1.48,0,0
aclnnInplaceFillScalar,,,10.77,10.77,1.48,1.48,0,0
aten::slice,,,5.62,9.17,0,0,0,0
aten::as_strided,,,3.55,3.55,0,0,0,0
aten::slice,,,3.22,6.77,0,0,0,0
aten::as_strided,,,3.55,3.55,0,0,0,0
compute_slot_mapping_fused_groups_adaptive_kernel,,,24.72,24.72,4.84009375,4.84009375,0,0
aten::slice,,,10.52,18.43,0,0,0,0
aten::as_strided,,,7.91,7.91,0,0,0,0
aten::sub,,,27.38,58.97,0,1.56003125,0,0
empty_tensor,,,12.05,12.05,0,0,0,0
aten::item,,,2.39,4.08,0,0,0,0
aten::_local_scalar_dense,,,1.69,1.69,0,0,0,0
aclnnSubs,,,15.46,15.46,1.56003125,1.56003125,0,0
aten::pin_memory,,,8.13,25.68,0,0,0,0
aten::is_pinned,,,17.55,17.55,0,0,0,0
aten::copy_,,,19.23,34.71,0,2.3400625,0,0
acl_memcpy_host_to_device,,,15.48,15.48,2.3400625,2.3400625,0,0
aten::detach,,,4.92,4.92,0,0,0,0
aten::to,,,2.16,2.16,0,0,0,0
aten::resolve_conj,,,1.03,1.03,0,0,0,0
aten::resolve_neg,,,0.84,0.84,0,0,0,0
aten::slice,,,8.55,16.03,0,0,0,0
aten::as_strided,,,7.48,7.48,0,0,0,0
aten::slice,,,3.57,6.64,0,0,0,0
aten::as_strided,,,3.07,3.07,0,0,0,0
aten::slice,,,2.8,5.58,0,0,0,0
aten::as_strided,,,2.78,2.78,0,0,0,0
aten::fill_,,,20.23,37.04,0,1.36,0,0
aclnnInplaceFillScalar,,,16.81,16.81,1.36,1.36,0,0
aten::slice,,,4.27,7.76,0,0,0,0
aten::as_strided,,,3.49,3.49,0,0,0,0
aten::fill_,,,12.46,25.3,0,1.5,0,0
aclnnInplaceFillScalar,,,12.84,12.84,1.5,1.5,0,0
aten::slice,,,4.54,7.25,0,0,0,0
aten::as_strided,,,2.71,2.71,0,0,0,0
aten::slice,,,3.15,4.35,0,0,0,0
aten::as_strided,,,1.2,1.2,0,0,0,0
aten::lt,,,13.62,13.62,0,0,0,0
aten::lift_fresh,,,1.24,1.24,0,0,0,0
aten::slice,,,1.72,2.89,0,0,0,0
aten::as_strided,,,1.17,1.17,0,0,0,0
aten::fill_,,,2.71,10.78,0,0,0,0
aten::copy_,,,8.07,8.07,0,0,0,0
aten::slice,,,3.93,5.81,0,0,0,0
aten::as_strided,,,1.88,1.88,0,0,0,0
aten::slice,,,2.89,7.34,0,0,0,0
aten::as_strided,,,4.45,4.45,0,0,0,0
aten::slice,,,2.87,4.33,0,0,0,0
aten::as_strided,,,1.46,1.46,0,0,0,0
aten::slice,,,2.85,5.74,0,0,0,0
aten::as_strided,,,2.89,2.89,0,0,0,0
aten::slice,,,2.23,3.22,0,0,0,0
aten::as_strided,,,0.99,0.99,0,0,0,0
aten::slice,,,1.88,3.05,0,0,0,0
aten::as_strided,,,1.17,1.17,0,0,0,0
aten::slice,,,2.83,5.45,0,0,0,0
aten::as_strided,,,2.62,2.62,0,0,0,0
aten::slice,,,2.62,4.88,0,0,0,0
aten::as_strided,,,2.26,2.26,0,0,0,0
aten::slice,,,2.81,5.06,0,0,0,0
aten::as_strided,,,2.25,2.25,0,0,0,0
aten::slice,,,5.88,11.05,0,0,0,0
aten::as_strided,,,5.17,5.17,0,0,0,0
aten::slice,,,3.55,23.91,0,0,0,0
aten::as_strided,,,20.36,20.36,0,0,0,0
aten::slice,,,4.19,13.18,0,0,0,0
aten::as_strided,,,8.99,8.99,0,0,0,0
aten::to,,,1.58,1.58,0,0,0,0
aten::slice,,,3.06,5.79,0,0,0,0
aten::as_strided,,,2.73,2.73,0,0,0,0
aten::slice,,,2.44,4.65,0,0,0,0
aten::as_strided,,,2.21,2.21,0,0,0,0
aten::slice,,,2.15,3.56,0,0,0,0
aten::as_strided,,,1.41,1.41,0,0,0,0
aten::slice,,,5.48,14.18,0,0,0,0
aten::as_strided,,,8.7,8.7,0,0,0,0
aten::alias,,,3.34,3.34,0,0,0,0
aten::alias,,,3.55,3.55,0,0,0,0
aten::div,,,46.64,64.21,0,8.8601875,0,0
aten::item,,,2.39,3.83,0,0,0,0
aten::_local_scalar_dense,,,1.44,1.44,0,0,0,0
aclnnDivMods,,,13.74,13.74,8.8601875,8.8601875,0,0
aten::slice,,,4.0,9.09,0,0,0,0
aten::as_strided,,,5.09,5.09,0,0,0,0
aten::slice,,,4.57,6.79,0,0,0,0
aten::as_strided,,,2.22,2.22,0,0,0,0
aten::copy_,,,69.25,85.46,0,0.58003125,0,0
aclnnInplaceCopy,,,16.21,16.21,0.58003125,0.58003125,0,0
aten::slice,,,3.02,7.05,0,0,0,0
aten::as_strided,,,4.03,4.03,0,0,0,0
aten::slice,,,5.06,7.88,0,0,0,0
aten::as_strided,,,2.82,2.82,0,0,0,0
aten::ge,,,22.74,45.61,0,4.06009375,0,0
empty_tensor,,,10.53,10.53,0,0,0,0
aclnnGeScalar,,,12.34,12.34,4.06009375,4.06009375,0,0
aten::add,,,20.01,41.23,0,2.7000625,0,0
empty_tensor,,,6.7,6.7,0,0,0,0
aten::item,,,2.2,3.93,0,0,0,0
aten::_local_scalar_dense,,,1.73,1.73,0,0,0,0
aclnnAdds,,,10.59,10.59,2.7000625,2.7000625,0,0
aten::remainder,,,22.38,41.9,0,3.5600625,0,0
empty_tensor,,,6.08,6.08,0,0,0,0
aclnnRemainderTensorScalar,,,13.44,13.44,3.5600625,3.5600625,0,0
aten::eq,,,12.57,25.16,0,2.3600625,0,0
empty_tensor,,,5.86,5.86,0,0,0,0
aclnnEqScalar,,,6.73,6.73,2.3600625,2.3600625,0,0
aten::__and__,,,2.94,37.41,0,1.8000625,0,0
aten::bitwise_and,,,18.23,34.47,0,1.8000625,0,0
empty_tensor,,,5.5,5.5,0,0,0,0
aclnnBitwiseAndTensor,,,10.74,10.74,1.8000625,1.8000625,0,0
aten::clamp_min,,,12.88,30.65,0,3.0400625,0,0
empty_tensor,,,5.83,5.83,0,0,0,0
aclnnClampMin,,,11.94,11.94,3.0400625,3.0400625,0,0
aten::div,,,21.61,41.89,0,4.4200937499999995,0,0
empty_tensor,,,6.74,6.74,0,0,0,0
aten::item,,,1.98,3.18,0,0,0,0
aten::_local_scalar_dense,,,1.2,1.2,0,0,0,0
aclnnDivMods,,,10.36,10.36,4.4200937499999995,4.4200937499999995,0,0
aten::remainder,,,17.75,37.14,0,5.02009375,0,0
empty_tensor,,,6.06,6.06,0,0,0,0
aclnnRemainderTensorScalar,,,13.33,13.33,5.02009375,5.02009375,0,0
aten::mul,,,17.12,36.89,0,1.46,0,0
empty_tensor,,,6.86,6.86,0,0,0,0
aten::item,,,1.58,2.67,0,0,0,0
aten::_local_scalar_dense,,,1.09,1.09,0,0,0,0
aclnnMuls,,,10.24,10.24,1.46,1.46,0,0
aten::div,,,18.83,38.68,0,3.96009375,0,0
empty_tensor,,,6.67,6.67,0,0,0,0
aten::item,,,1.28,2.03,0,0,0,0
aten::_local_scalar_dense,,,0.75,0.75,0,0,0,0
aclnnDivMods,,,11.15,11.15,3.96009375,3.96009375,0,0
aten::add,,,13.21,22.11,0,1.34003125,0,0
empty_tensor,,,5.7,5.7,0,0,0,0
aclnnAdd,,,3.2,3.2,1.34003125,1.34003125,0,0
aten::full_like,,,4.91,45.11,0,1.20003125,0,0
aten::empty_like,,,6.65,17.46,0,0,0,0
aten::empty_strided,,,6.97,10.81,0,0,0,0
empty_tensor,,,3.84,3.84,0,0,0,0
aten::fill_,,,10.15,22.74,0,1.20003125,0,0
aclnnInplaceFillScalar,,,12.59,12.59,1.20003125,1.20003125,0,0
aten::where,,,14.57,30.22,0,2.08003125,0,0
empty_tensor,,,5.93,5.93,0,0,0,0
aclnnSWhere,,,9.72,9.72,2.08003125,2.08003125,0,0
aten::copy_,,,15.72,28.11,0,1.18003125,0,0
aclnnInplaceCopy,,,12.39,12.39,1.18003125,1.18003125,0,0
aten::slice,,,4.03,8.85,0,0,0,0
aten::as_strided,,,4.82,4.82,0,0,0,0
aten::slice,,,5.96,8.81,0,0,0,0
aten::as_strided,,,2.85,2.85,0,0,0,0
aten::div,,,47.13,62.32,0,4.12003125,0,0
aten::item,,,1.72,2.77,0,0,0,0
aten::_local_scalar_dense,,,1.05,1.05,0,0,0,0
aclnnDivMods,,,12.42,12.42,4.12003125,4.12003125,0,0
aten::slice,,,2.81,7.52,0,0,0,0
aten::as_strided,,,4.71,4.71,0,0,0,0
aten::slice,,,4.54,7.66,0,0,0,0
aten::as_strided,,,3.12,3.12,0,0,0,0
aten::slice,,,2.1,4.47,0,0,0,0
aten::as_strided,,,2.37,2.37,0,0,0,0
aten::copy_,,,60.55,75.92,0,0.6,0,0
aclnnInplaceCopy,,,15.37,15.37,0.6,0.6,0,0
aten::slice,,,2.97,7.22,0,0,0,0
aten::as_strided,,,4.25,4.25,0,0,0,0
aten::slice,,,4.79,7.21,0,0,0,0
aten::as_strided,,,2.42,2.42,0,0,0,0
aten::copy_,,,47.91,61.6,0,0.62,0,0
aclnnInplaceCopy,,,13.69,13.69,0.62,0.62,0,0
aten::slice,,,5.88,8.39,0,0,0,0
aten::as_strided,,,2.51,2.51,0,0,0,0
aten::div,,,27.68,44.6,0,0,0,0
aten::to,,,2.28,16.92,0,0,0,0
aten::_to_copy,,,4.86,14.64,0,0,0,0
aten::empty_strided,,,2.59,2.59,0,0,0,0
aten::copy_,,,7.19,7.19,0,0,0,0
aten::slice,,,4.39,9.78,0,0,0,0
aten::as_strided,,,5.39,5.39,0,0,0,0
aten::slice,,,5.72,11.19,0,0,0,0
aten::as_strided,,,5.47,5.47,0,0,0,0
aten::slice,,,3.63,7.28,0,0,0,0
aten::as_strided,,,3.65,3.65,0,0,0,0
aten::slice,,,2.42,5.03,0,0,0,0
aten::as_strided,,,2.61,2.61,0,0,0,0
aten::fill_,,,19.96,35.83,0,1.18003125,0,0
aclnnInplaceFillScalar,,,15.87,15.87,1.18003125,1.18003125,0,0
aten::slice,,,4.23,7.99,0,0,0,0
aten::as_strided,,,3.76,3.76,0,0,0,0
aten::fill_,,,12.55,19.26,0,1.1,0,0
aclnnInplaceFillScalar,,,6.71,6.71,1.1,1.1,0,0
aten::slice,,,4.6,8.83,0,0,0,0
aten::as_strided,,,4.23,4.23,0,0,0,0
aten::slice,,,3.43,6.01,0,0,0,0
aten::as_strided,,,2.58,2.58,0,0,0,0
aten::slice,,,5.1,7.66,0,0,0,0
aten::as_strided,,,2.56,2.56,0,0,0,0
aten::slice,,,3.15,6.81,0,0,0,0
aten::as_strided,,,3.66,3.66,0,0,0,0
aten::slice,,,3.44,6.95,0,0,0,0
aten::as_strided,,,3.51,3.51,0,0,0,0
aten::slice,,,2.9,5.96,0,0,0,0
aten::as_strided,,,3.06,3.06,0,0,0,0
aten::slice,,,2.37,4.58,0,0,0,0
aten::as_strided,,,2.21,2.21,0,0,0,0
aten::fill_,,,15.8,29.46,0,1.36003125,0,0
aclnnInplaceFillScalar,,,13.66,13.66,1.36003125,1.36003125,0,0
aten::slice,,,4.22,8.17,0,0,0,0
aten::as_strided,,,3.95,3.95,0,0,0,0
aten::fill_,,,11.76,24.46,0,1.30003125,0,0
aclnnInplaceFillScalar,,,12.7,12.7,1.30003125,1.30003125,0,0
aten::slice,,,5.08,9.6,0,0,0,0
aten::as_strided,,,4.52,4.52,0,0,0,0
aten::slice,,,2.8,4.83,0,0,0,0
aten::as_strided,,,2.03,2.03,0,0,0,0
aten::slice,,,2.86,6.34,0,0,0,0
aten::as_strided,,,3.48,3.48,0,0,0,0
aten::slice,,,2.89,4.5,0,0,0,0
aten::as_strided,,,1.61,1.61,0,0,0,0
aten::slice,,,2.55,4.0,0,0,0,0
aten::as_strided,,,1.45,1.45,0,0,0,0
aten::slice,,,2.49,4.21,0,0,0,0
aten::as_strided,,,1.72,1.72,0,0,0,0
aten::slice,,,2.42,3.44,0,0,0,0
aten::as_strided,,,1.02,1.02,0,0,0,0
aten::slice,,,1.32,2.52,0,0,0,0
aten::as_strided,,,1.2,1.2,0,0,0,0
aten::diff,,,8.03,33.22,0,0,0,0
aten::narrow,,,5.54,9.19,0,0,0,0
aten::slice,,,1.79,3.65,0,0,0,0
aten::as_strided,,,1.86,1.86,0,0,0,0
aten::narrow,,,1.95,4.16,0,0,0,0
aten::slice,,,1.26,2.21,0,0,0,0
aten::as_strided,,,0.95,0.95,0,0,0,0
aten::sub,,,11.84,11.84,0,0,0,0
aten::eq,,,12.46,27.47,0,0,0,0
aten::to,,,1.71,15.01,0,0,0,0
aten::_to_copy,,,4.91,13.3,0,0,0,0
aten::empty_strided,,,2.96,2.96,0,0,0,0
aten::copy_,,,5.43,5.43,0,0,0,0
aten::__and__,,,2.42,7.35,0,0,0,0
aten::bitwise_and,,,4.93,4.93,0,0,0,0
aten::gt,,,7.81,15.86,0,0,0,0
aten::to,,,1.07,8.05,0,0,0,0
aten::_to_copy,,,2.34,6.98,0,0,0,0
aten::empty_strided,,,1.73,1.73,0,0,0,0
aten::copy_,,,2.91,2.91,0,0,0,0
aten::__and__,,,1.65,4.83,0,0,0,0
aten::bitwise_and,,,3.18,3.18,0,0,0,0
aten::any,,,10.72,13.01,0,0,0,0
aten::as_strided,,,1.27,1.27,0,0,0,0
aten::fill_,,,1.02,1.02,0,0,0,0
aten::item,,,1.73,2.95,0,0,0,0
aten::_local_scalar_dense,,,1.22,1.22,0,0,0,0
aten::slice,,,4.4,6.33,0,0,0,0
aten::as_strided,,,1.93,1.93,0,0,0,0
aten::slice,,,2.36,3.3,0,0,0,0
aten::as_strided,,,0.94,0.94,0,0,0,0
aten::sub,,,5.17,5.17,0,0,0,0
aten::select,,,3.57,5.23,0,0,0,0
aten::as_strided,,,1.66,1.66,0,0,0,0
aten::item,,,1.22,2.37,0,0,0,0
aten::_local_scalar_dense,,,1.15,1.15,0,0,0,0
aten::gt,,,7.16,16.22,0,0,0,0
aten::to,,,0.94,9.06,0,0,0,0
aten::_to_copy,,,2.78,8.12,0,0,0,0
aten::empty_strided,,,2.12,2.12,0,0,0,0
aten::copy_,,,3.22,3.22,0,0,0,0
aten::__ior__,,,1.96,7.37,0,0,0,0
aten::bitwise_or_,,,5.41,5.41,0,0,0,0
aten::any,,,8.29,26.47,0,0,0,0
aten::as_strided,,,17.12,17.12,0,0,0,0
aten::fill_,,,1.06,1.06,0,0,0,0
aten::is_nonzero,,,2.09,5.44,0,0,0,0
aten::item,,,1.32,3.35,0,0,0,0
aten::_local_scalar_dense,,,2.03,2.03,0,0,0,0
aten::select,,,5.0,10.67,0,0,0,0
aten::as_strided,,,5.67,5.67,0,0,0,0
aten::slice,,,4.95,9.38,0,0,0,0
aten::as_strided,,,4.43,4.43,0,0,0,0
aten::slice,,,2.76,5.5,0,0,0,0
aten::as_strided,,,2.74,2.74,0,0,0,0
aten::slice,,,2.49,5.07,0,0,0,0
aten::as_strided,,,2.58,2.58,0,0,0,0
aten::copy_,,,68.26,87.84,0,0.56,0,0
aclnnInplaceCopy,,,19.58,19.58,0.56,0.56,0,0
aten::slice,,,6.12,10.09,0,0,0,0
aten::as_strided,,,3.97,3.97,0,0,0,0
aten::fill_,,,14.8,19.6,0,1.50003125,0,0
aclnnInplaceFillScalar,,,4.8,4.8,1.50003125,1.50003125,0,0
aten::slice,,,5.61,9.59,0,0,0,0
aten::as_strided,,,3.98,3.98,0,0,0,0
aten::slice,,,3.05,5.61,0,0,0,0
aten::as_strided,,,2.56,2.56,0,0,0,0
aten::slice,,,3.19,5.62,0,0,0,0
aten::as_strided,,,2.43,2.43,0,0,0,0
aten::copy_,,,53.28,69.73,0,0.64003125,0,0
aclnnInplaceCopy,,,16.45,16.45,0.64003125,0.64003125,0,0
aten::slice,,,5.94,9.74,0,0,0,0
aten::as_strided,,,3.8,3.8,0,0,0,0
aten::slice,,,3.13,5.77,0,0,0,0
aten::as_strided,,,2.64,2.64,0,0,0,0
aten::expand_as,,,2.24,9.95,0,0,0,0
aten::expand,,,4.23,7.71,0,0,0,0
aten::as_strided,,,3.48,3.48,0,0,0,0
aten::copy_,,,46.34,61.18,0,0.54,0,0
aclnnInplaceCopy,,,14.84,14.84,0.54,0.54,0,0
aten::slice,,,6.61,10.73,0,0,0,0
aten::as_strided,,,4.12,4.12,0,0,0,0
aten::slice,,,3.8,7.12,0,0,0,0
aten::as_strided,,,3.32,3.32,0,0,0,0
aten::slice,,,2.79,6.13,0,0,0,0
aten::as_strided,,,3.34,3.34,0,0,0,0
aten::slice,,,2.36,4.78,0,0,0,0
aten::as_strided,,,2.42,2.42,0,0,0,0
aten::copy_,,,45.87,60.29,0,0.66003125,0,0
aclnnInplaceCopy,,,14.42,14.42,0.66003125,0.66003125,0,0
aten::slice,,,5.75,9.19,0,0,0,0
aten::as_strided,,,3.44,3.44,0,0,0,0
aten::slice,,,2.3,4.67,0,0,0,0
aten::as_strided,,,2.37,2.37,0,0,0,0
aten::slice,,,2.71,5.32,0,0,0,0
aten::as_strided,,,2.61,2.61,0,0,0,0
aten::sub,,,19.18,30.68,0,1.46,0,0
aclnnSub,,,11.5,11.5,1.46,1.46,0,0
aten::slice,,,7.94,11.15,0,0,0,0
aten::as_strided,,,3.21,3.21,0,0,0,0
aten::slice,,,3.6,8.43,0,0,0,0
aten::as_strided,,,4.83,4.83,0,0,0,0
aten::slice,,,3.31,6.02,0,0,0,0
aten::as_strided,,,2.71,2.71,0,0,0,0
aten::slice,,,2.7,5.35,0,0,0,0
aten::as_strided,,,2.65,2.65,0,0,0,0
aten::slice,,,2.59,4.88,0,0,0,0
aten::as_strided,,,2.29,2.29,0,0,0,0
aten::fill_,,,17.03,32.42,0,1.18003125,0,0
aclnnInplaceFillScalar,,,15.39,15.39,1.18003125,1.18003125,0,0
aten::slice,,,5.25,8.8,0,0,0,0
aten::as_strided,,,3.55,3.55,0,0,0,0
aten::fill_,,,11.55,23.56,0,1.22003125,0,0
aclnnInplaceFillScalar,,,12.01,12.01,1.22003125,1.22003125,0,0
aten::slice,,,5.04,9.8,0,0,0,0
aten::as_strided,,,4.76,4.76,0,0,0,0
aten::slice,,,2.61,4.51,0,0,0,0
aten::as_strided,,,1.9,1.9,0,0,0,0
aten::slice,,,2.71,5.95,0,0,0,0
aten::as_strided,,,3.24,3.24,0,0,0,0
aten::slice,,,3.16,4.71,0,0,0,0
aten::as_strided,,,1.55,1.55,0,0,0,0
aten::slice,,,2.71,3.91,0,0,0,0
aten::as_strided,,,1.2,1.2,0,0,0,0
aten::slice,,,2.46,3.81,0,0,0,0
aten::as_strided,,,1.35,1.35,0,0,0,0
aten::slice,,,2.12,3.26,0,0,0,0
aten::as_strided,,,1.14,1.14,0,0,0,0
aten::slice,,,1.57,2.73,0,0,0,0
aten::as_strided,,,1.16,1.16,0,0,0,0
aten::diff,,,6.68,30.81,0,0,0,0
aten::narrow,,,4.86,8.42,0,0,0,0
aten::slice,,,2.03,3.56,0,0,0,0
aten::as_strided,,,1.53,1.53,0,0,0,0
aten::narrow,,,1.7,3.47,0,0,0,0
aten::slice,,,0.97,1.77,0,0,0,0
aten::as_strided,,,0.8,0.8,0,0,0,0
aten::sub,,,12.24,12.24,0,0,0,0
aten::eq,,,12.3,27.37,0,0,0,0
aten::to,,,1.57,15.07,0,0,0,0
aten::_to_copy,,,4.69,13.5,0,0,0,0
aten::empty_strided,,,2.99,2.99,0,0,0,0
aten::copy_,,,5.82,5.82,0,0,0,0
aten::__and__,,,2.36,6.49,0,0,0,0
aten::bitwise_and,,,4.13,4.13,0,0,0,0
aten::gt,,,7.39,15.59,0,0,0,0
aten::to,,,0.92,8.2,0,0,0,0
aten::_to_copy,,,2.83,7.28,0,0,0,0
aten::empty_strided,,,1.74,1.74,0,0,0,0
aten::copy_,,,2.71,2.71,0,0,0,0
aten::__and__,,,1.33,4.26,0,0,0,0
aten::bitwise_and,,,2.93,2.93,0,0,0,0
aten::any,,,9.26,11.84,0,0,0,0
aten::as_strided,,,1.49,1.49,0,0,0,0
aten::fill_,,,1.09,1.09,0,0,0,0
aten::item,,,1.96,3.27,0,0,0,0
aten::_local_scalar_dense,,,1.31,1.31,0,0,0,0
aten::slice,,,4.35,5.71,0,0,0,0
aten::as_strided,,,1.36,1.36,0,0,0,0
aten::slice,,,2.08,2.85,0,0,0,0
aten::as_strided,,,0.77,0.77,0,0,0,0
aten::sub,,,5.12,5.12,0,0,0,0
aten::select,,,3.0,4.42,0,0,0,0
aten::as_strided,,,1.42,1.42,0,0,0,0
aten::item,,,1.2,2.38,0,0,0,0
aten::_local_scalar_dense,,,1.18,1.18,0,0,0,0
aten::gt,,,7.37,16.38,0,0,0,0
aten::to,,,1.16,9.01,0,0,0,0
aten::_to_copy,,,2.68,7.85,0,0,0,0
aten::empty_strided,,,2.0,2.0,0,0,0,0
aten::copy_,,,3.17,3.17,0,0,0,0
aten::__ior__,,,1.85,6.03,0,0,0,0
aten::bitwise_or_,,,4.18,4.18,0,0,0,0
aten::any,,,7.89,9.64,0,0,0,0
aten::as_strided,,,1.0,1.0,0,0,0,0
aten::fill_,,,0.75,0.75,0,0,0,0
aten::is_nonzero,,,4.49,7.48,0,0,0,0
aten::item,,,1.97,2.99,0,0,0,0
aten::_local_scalar_dense,,,1.02,1.02,0,0,0,0
aten::select,,,4.48,14.43,0,0,0,0
aten::as_strided,,,9.95,9.95,0,0,0,0
aten::slice,,,4.48,8.2,0,0,0,0
aten::as_strided,,,3.72,3.72,0,0,0,0
aten::slice,,,17.51,19.64,0,0,0,0
aten::as_strided,,,2.13,2.13,0,0,0,0
aten::slice,,,4.42,14.65,0,0,0,0
aten::as_strided,,,10.23,10.23,0,0,0,0
aten::copy_,,,67.54,94.99,0,0.54003125,0,0
aclnnInplaceCopy,,,27.45,27.45,0.54003125,0.54003125,0,0
aten::slice,,,18.8,22.64,0,0,0,0
aten::as_strided,,,3.84,3.84,0,0,0,0
aten::fill_,,,15.79,27.24,0,1.26003125,0,0
aclnnInplaceFillScalar,,,11.45,11.45,1.26003125,1.26003125,0,0
aten::slice,,,8.87,12.68,0,0,0,0
aten::as_strided,,,3.81,3.81,0,0,0,0
aten::slice,,,4.16,8.5,0,0,0,0
aten::as_strided,,,4.34,4.34,0,0,0,0
aten::slice,,,3.26,5.71,0,0,0,0
aten::as_strided,,,2.45,2.45,0,0,0,0
aten::copy_,,,54.35,68.87,0,0.58,0,0
aclnnInplaceCopy,,,14.52,14.52,0.58,0.58,0,0
aten::slice,,,18.34,22.02,0,0,0,0
aten::as_strided,,,3.68,3.68,0,0,0,0
aten::slice,,,4.21,7.76,0,0,0,0
aten::as_strided,,,3.55,3.55,0,0,0,0
aten::expand_as,,,1.75,8.98,0,0,0,0
aten::expand,,,3.69,7.23,0,0,0,0
aten::as_strided,,,3.54,3.54,0,0,0,0
aten::copy_,,,52.79,69.54,0,0.5,0,0
aclnnInplaceCopy,,,16.75,16.75,0.5,0.5,0,0
aten::slice,,,6.45,10.54,0,0,0,0
aten::as_strided,,,4.09,4.09,0,0,0,0
aten::slice,,,4.01,7.14,0,0,0,0
aten::as_strided,,,3.13,3.13,0,0,0,0
aten::slice,,,2.47,5.15,0,0,0,0
aten::as_strided,,,2.68,2.68,0,0,0,0
aten::slice,,,2.2,4.78,0,0,0,0
aten::as_strided,,,2.58,2.58,0,0,0,0
aten::copy_,,,47.64,62.67,0,0.64,0,0
aclnnInplaceCopy,,,15.03,15.03,0.64,0.64,0,0
aten::slice,,,6.1,9.99,0,0,0,0
aten::as_strided,,,3.89,3.89,0,0,0,0
aten::slice,,,2.39,5.1,0,0,0,0
aten::as_strided,,,2.71,2.71,0,0,0,0
aten::slice,,,2.05,4.48,0,0,0,0
aten::as_strided,,,2.43,2.43,0,0,0,0
aten::sub,,,18.03,28.94,0,1.48003125,0,0
aclnnSub,,,10.91,10.91,1.48003125,1.48003125,0,0
aten::slice,,,7.03,10.18,0,0,0,0
aten::as_strided,,,3.15,3.15,0,0,0,0
aten::slice,,,2.93,7.38,0,0,0,0
aten::as_strided,,,4.45,4.45,0,0,0,0
aten::slice,,,2.94,6.73,0,0,0,0
aten::as_strided,,,3.79,3.79,0,0,0,0
aten::slice,,,2.61,5.3,0,0,0,0
aten::as_strided,,,2.69,2.69,0,0,0,0
aten::slice,,,3.03,5.25,0,0,0,0
aten::as_strided,,,2.22,2.22,0,0,0,0
aten::fill_,,,16.25,30.82,0,1.20003125,0,0
aclnnInplaceFillScalar,,,14.57,14.57,1.20003125,1.20003125,0,0
aten::slice,,,4.23,7.59,0,0,0,0
aten::as_strided,,,3.36,3.36,0,0,0,0
aten::fill_,,,12.41,16.61,0,1.18003125,0,0
aclnnInplaceFillScalar,,,4.2,4.2,1.18003125,1.18003125,0,0
aten::slice,,,5.17,8.9,0,0,0,0
aten::as_strided,,,3.73,3.73,0,0,0,0
aten::slice,,,2.57,4.0,0,0,0,0
aten::as_strided,,,1.43,1.43,0,0,0,0
aten::slice,,,2.57,5.53,0,0,0,0
aten::as_strided,,,2.96,2.96,0,0,0,0
aten::slice,,,2.88,7.96,0,0,0,0
aten::as_strided,,,5.08,5.08,0,0,0,0
aten::slice,,,2.87,4.11,0,0,0,0
aten::as_strided,,,1.24,1.24,0,0,0,0
aten::slice,,,2.41,3.37,0,0,0,0
aten::as_strided,,,0.96,0.96,0,0,0,0
aten::slice,,,2.41,3.59,0,0,0,0
aten::as_strided,,,1.18,1.18,0,0,0,0
aten::slice,,,1.2,2.17,0,0,0,0
aten::as_strided,,,0.97,0.97,0,0,0,0
aten::diff,,,7.36,30.72,0,0,0,0
aten::narrow,,,4.72,7.95,0,0,0,0
aten::slice,,,1.5,3.23,0,0,0,0
aten::as_strided,,,1.73,1.73,0,0,0,0
aten::narrow,,,1.65,3.5,0,0,0,0
aten::slice,,,0.95,1.85,0,0,0,0
aten::as_strided,,,0.9,0.9,0,0,0,0
aten::sub,,,11.91,11.91,0,0,0,0
aten::eq,,,12.86,27.66,0,0,0,0
aten::to,,,1.61,14.8,0,0,0,0
aten::_to_copy,,,4.56,13.19,0,0,0,0
aten::empty_strided,,,2.96,2.96,0,0,0,0
aten::copy_,,,5.67,5.67,0,0,0,0
aten::__and__,,,1.98,6.36,0,0,0,0
aten::bitwise_and,,,4.38,4.38,0,0,0,0
aten::gt,,,7.83,16.3,0,0,0,0
aten::to,,,1.25,8.47,0,0,0,0
aten::_to_copy,,,2.54,7.22,0,0,0,0
aten::empty_strided,,,1.79,1.79,0,0,0,0
aten::copy_,,,2.89,2.89,0,0,0,0
aten::__and__,,,1.07,4.85,0,0,0,0
aten::bitwise_and,,,3.78,3.78,0,0,0,0
aten::any,,,9.27,12.12,0,0,0,0
aten::as_strided,,,1.41,1.41,0,0,0,0
aten::fill_,,,1.44,1.44,0,0,0,0
aten::item,,,1.58,2.75,0,0,0,0
aten::_local_scalar_dense,,,1.17,1.17,0,0,0,0
aten::slice,,,4.76,6.44,0,0,0,0
aten::as_strided,,,1.68,1.68,0,0,0,0
aten::slice,,,2.47,3.29,0,0,0,0
aten::as_strided,,,0.82,0.82,0,0,0,0
aten::sub,,,5.46,5.46,0,0,0,0
aten::select,,,3.39,5.43,0,0,0,0
aten::as_strided,,,2.04,2.04,0,0,0,0
aten::item,,,1.1,2.17,0,0,0,0
aten::_local_scalar_dense,,,1.07,1.07,0,0,0,0
aten::gt,,,7.71,16.6,0,0,0,0
aten::to,,,1.03,8.89,0,0,0,0
aten::_to_copy,,,2.46,7.86,0,0,0,0
aten::empty_strided,,,1.96,1.96,0,0,0,0
aten::copy_,,,3.44,3.44,0,0,0,0
aten::__ior__,,,1.99,5.64,0,0,0,0
aten::bitwise_or_,,,3.65,3.65,0,0,0,0
aten::any,,,7.67,9.55,0,0,0,0
aten::as_strided,,,1.23,1.23,0,0,0,0
aten::fill_,,,0.65,0.65,0,0,0,0
aten::is_nonzero,,,1.48,3.35,0,0,0,0
aten::item,,,1.06,1.87,0,0,0,0
aten::_local_scalar_dense,,,0.81,0.81,0,0,0,0
aten::select,,,4.55,10.43,0,0,0,0
aten::as_strided,,,5.88,5.88,0,0,0,0
aten::slice,,,5.29,9.27,0,0,0,0
aten::as_strided,,,3.98,3.98,0,0,0,0
aten::slice,,,2.57,4.97,0,0,0,0
aten::as_strided,,,2.4,2.4,0,0,0,0
aten::slice,,,2.74,6.36,0,0,0,0
aten::as_strided,,,3.62,3.62,0,0,0,0
aten::copy_,,,66.01,84.79,0,0.54,0,0
aclnnInplaceCopy,,,18.78,18.78,0.54,0.54,0,0
aten::slice,,,6.62,10.5,0,0,0,0
aten::as_strided,,,3.88,3.88,0,0,0,0
aten::fill_,,,15.41,45.25,0,1.36003125,0,0
aclnnInplaceFillScalar,,,29.84,29.84,1.36003125,1.36003125,0,0
aten::slice,,,6.46,10.9,0,0,0,0
aten::as_strided,,,4.44,4.44,0,0,0,0
aten::slice,,,3.08,6.0,0,0,0,0
aten::as_strided,,,2.92,2.92,0,0,0,0
aten::slice,,,3.28,6.0,0,0,0,0
aten::as_strided,,,2.72,2.72,0,0,0,0
aten::copy_,,,56.8,70.02,0,0.62,0,0
aclnnInplaceCopy,,,13.22,13.22,0.62,0.62,0,0
aten::slice,,,6.18,10.71,0,0,0,0
aten::as_strided,,,4.53,4.53,0,0,0,0
aten::slice,,,2.99,5.6,0,0,0,0
aten::as_strided,,,2.61,2.61,0,0,0,0
aten::expand_as,,,1.97,9.88,0,0,0,0
aten::expand,,,4.08,7.91,0,0,0,0
aten::as_strided,,,3.83,3.83,0,0,0,0
aten::copy_,,,49.45,63.09,0,0.56,0,0
aclnnInplaceCopy,,,13.64,13.64,0.56,0.56,0,0
aten::slice,,,6.71,11.24,0,0,0,0
aten::as_strided,,,4.53,4.53,0,0,0,0
aten::slice,,,3.96,7.35,0,0,0,0
aten::as_strided,,,3.39,3.39,0,0,0,0
aten::slice,,,2.51,5.25,0,0,0,0
aten::as_strided,,,2.74,2.74,0,0,0,0
aten::slice,,,2.56,5.06,0,0,0,0
aten::as_strided,,,2.5,2.5,0,0,0,0
aten::copy_,,,46.11,58.22,0,0.6,0,0
aclnnInplaceCopy,,,12.11,12.11,0.6,0.6,0,0
aten::slice,,,5.48,9.5,0,0,0,0
aten::as_strided,,,4.02,4.02,0,0,0,0
aten::slice,,,2.63,5.2,0,0,0,0
aten::as_strided,,,2.57,2.57,0,0,0,0
aten::slice,,,2.47,5.14,0,0,0,0
aten::as_strided,,,2.67,2.67,0,0,0,0
aten::sub,,,17.31,28.46,0,1.42003125,0,0
aclnnSub,,,11.15,11.15,1.42003125,1.42003125,0,0
Event::record,,,166.99,185.95,0,0.02,0,0
record_event,,,18.96,18.96,0.02,0.02,0,0
aten::slice,,,9.31,16.34,0,0,0,0
aten::as_strided,,,7.03,7.03,0,0,0,0
aten::slice,,,3.93,7.28,0,0,0,0
aten::as_strided,,,3.35,3.35,0,0,0,0
aten::slice,,,2.55,4.65,0,0,0,0
aten::as_strided,,,2.1,2.1,0,0,0,0
aten::zero_,,,18.64,34.05,0,1.8200625,0,0
aclnnInplaceZero,,,15.41,15.41,1.8200625,1.8200625,0,0
aten::slice,,,8.18,15.2,0,0,0,0
aten::as_strided,,,7.02,7.02,0,0,0,0
aten::scalar_tensor,,,6.66,54.05,0,1.64003125,0,0
aten::empty,,,3.17,15.21,0,0,0,0
empty_tensor,,,12.04,12.04,0,0,0,0
aten::fill_,,,17.53,32.18,0,1.64003125,0,0
aclnnInplaceFillScalar,,,14.65,14.65,1.64003125,1.64003125,0,0
aten::slice,,,5.74,11.22,0,0,0,0
aten::as_strided,,,5.48,5.48,0,0,0,0
aten::view,,,4.01,4.01,0,0,0,0
aten::expand,,,2.01,4.37,0,0,0,0
aten::as_strided,,,2.36,2.36,0,0,0,0
aten::copy_,,,25.86,37.06,0,4.2000625,0,0
aclnnInplaceCopy,,,11.2,11.2,4.2000625,4.2000625,0,0
aten::scalar_tensor,,,4.3,27.58,0,1.38003125,0,0
aten::empty,,,2.29,8.81,0,0,0,0
empty_tensor,,,6.52,6.52,0,0,0,0
aten::fill_,,,10.39,14.47,0,1.38003125,0,0
aclnnInplaceFillScalar,,,4.08,4.08,1.38003125,1.38003125,0,0
aten::slice,,,5.14,9.96,0,0,0,0
aten::as_strided,,,4.82,4.82,0,0,0,0
aten::view,,,2.54,2.54,0,0,0,0
aten::expand,,,1.7,3.46,0,0,0,0
aten::as_strided,,,1.76,1.76,0,0,0,0
aten::copy_,,,55.38,72.58,0,0.56,0,0
aclnnInplaceCopy,,,17.2,17.2,0.56,0.56,0,0
aten::index,,,39.12,76.19,0,11.90025,0,0
empty_tensor,,,6.92,6.92,0,0,0,0
empty_tensor,,,9.34,9.34,0,0,0,0
aclnnIndex,,,20.81,20.81,11.90025,11.90025,0,0
aten::linear,,,6.12,73.36,0,908.018125,0,908.018125
aten::t,,,6.91,16.83,0,0,0,0
aten::transpose,,,3.83,9.92,0,0,0,0
aten::as_strided,,,6.09,6.09,0,0,0,0
aten::matmul,,,23.42,50.41,0,908.018125,0,908.018125
empty_tensor,,,9.43,9.43,0,0,0,0
aclnnMatmul,,,17.56,17.56,908.018125,908.018125,908.018125,908.018125
aten::alias,,,3.38,3.38,0,0,0,0
aten::log_softmax,,,9.45,112.55,0,52.321062500000004,0,0
aten::to,,,3.6,65.84,0,7.94015625,0,0
aten::_to_copy,,,7.65,62.24,0,7.94015625,0,0
aten::empty_strided,,,11.9,18.65,0,0,0,0
empty_tensor,,,6.75,6.75,0,0,0,0
aten::copy_,,,21.03,35.94,0,7.94015625,0,0
aclnnInplaceCopy,,,14.91,14.91,7.94015625,7.94015625,0,0
aten::_log_softmax,,,18.19,37.26,0,44.38090625,0,0
empty_tensor,,,8.1,8.1,0,0,0,0
aclnnLogSoftmax,,,10.97,10.97,44.38090625,44.38090625,0,0
aten::to,,,1.87,45.12,0,2.9400625,0,0
aten::_to_copy,,,5.24,43.25,0,2.9400625,0,0
aten::empty_strided,,,7.69,12.24,0,0,0,0
empty_tensor,,,4.55,4.55,0,0,0,0
aten::copy_,,,15.13,25.77,0,2.9400625,0,0
aclnnInplaceCopy,,,10.64,10.64,2.9400625,2.9400625,0,0
aten::argmax,,,7.8,62.09,0,21.34040625,0,0
aten::empty,,,2.98,11.23,0,0,0,0
empty_tensor,,,8.25,8.25,0,0,0,0
aten::argmax,,,25.03,43.06,0,21.34040625,0,0
aten::reshape,,,2.06,7.47,0,0,0,0
aten::view,,,5.41,5.41,0,0,0,0
aclnnArgMax,,,10.56,10.56,21.34040625,21.34040625,0,0
aten::view,,,3.83,3.83,0,0,0,0
aten::to,,,1.44,1.44,0,0,0,0
aten::topk,,,21.68,46.25,0,41.4408125,0,0
empty_tensor,,,7.29,7.29,0,0,0,0
empty_tensor,,,3.85,3.85,0,0,0,0
aclnnTopk,,,13.43,13.43,41.4408125,41.4408125,0,0
aten::unsqueeze,,,3.68,8.45,0,0,0,0
aten::as_strided,,,4.77,4.77,0,0,0,0
aten::gather,,,20.55,30.57,0,5.48009375,0,0
empty_tensor,,,6.25,6.25,0,0,0,0
aclnnGather,,,3.77,3.77,5.48009375,5.48009375,0,0
TorchDynamo Cache Lookup,,,37.57,37.57,0,0,0,0
Torch-Compiled Region: 0/0,,,110.25,198.09,0,42.420874999999995,0,0
aten::_assert_scalar,,,2.94,2.94,0,0,0,0
aten::_assert_scalar,,,1.3,1.3,0,0,0,0
aten::_assert_scalar,,,0.96,0.96,0,0,0,0
aten::ge,,,19.42,45.29,0,13.10028125,0,0
empty_tensor,,,10.73,10.73,0,0,0,0
aclnnGeTensor,,,15.14,15.14,13.10028125,13.10028125,0,0
aten::sum,,,22.55,37.35,0,29.320593749999997,0,0
empty_tensor,,,7.77,7.77,0,0,0,0
aclnnReduceSum,,,7.03,7.03,29.320593749999997,29.320593749999997,0,0
aten::cat,,,19.33,32.15,0,3.2000625,0,0
empty_tensor,,,8.3,8.3,0,0,0,0
aclnnCat,,,4.52,4.52,3.2000625,3.2000625,0,0
aten::cat,,,10.99,20.06,0,2.6200625,0,0
empty_tensor,,,6.44,6.44,0,0,0,0
aclnnCat,,,2.63,2.63,2.6200625,2.6200625,0,0
aten::to,,,2.68,38.73,0,1.38003125,0,0
aten::_to_copy,,,6.63,36.05,0,1.38003125,0,0
aten::empty_strided,,,7.59,11.75,0,0,0,0
empty_tensor,,,4.16,4.16,0,0,0,0
aten::copy_,,,14.08,17.67,0,1.38003125,0,0
aclnnInplaceCopy,,,3.59,3.59,1.38003125,1.38003125,0,0
aten::to,,,1.77,34.26,0,1.36,0,0
aten::_to_copy,,,4.32,32.49,0,1.36,0,0
aten::empty_strided,,,6.38,10.41,0,0,0,0
empty_tensor,,,4.03,4.03,0,0,0,0
aten::copy_,,,14.47,17.76,0,1.36,0,0
aclnnInplaceCopy,,,3.29,3.29,1.36,1.36,0,0
aten::unsqueeze,,,3.25,7.91,0,0,0,0
aten::as_strided,,,4.66,4.66,0,0,0,0
Event::record,,,153.04,174.92,0,0.02,0,0
record_event,,,21.88,21.88,0.02,0.02,0,0
aten::slice,,,8.78,16.83,0,0,0,0
aten::as_strided,,,8.05,8.05,0,0,0,0
Event::wait,,,79.84,126.35,0,2480.8495625,0,0
wait_event,,,46.51,46.51,2480.8495625,2480.8495625,0,0
Event::record,,,89.57,108.98,0,0.02,0,0
record_event,,,19.41,19.41,0.02,0.02,0,0
Event::wait,,,82.19,100.35,0,2091.36178125,0,0
wait_event,,,18.16,18.16,2091.36178125,2091.36178125,0,0
destroy_event,,,11.16,11.16,0,0,0,0
aten::to,,,3.49,67.23,0,2.20003125,0,0
aten::_to_copy,,,7.38,63.74,0,2.20003125,0,0
aten::empty_strided,,,26.06,26.06,0,0,0,0
aten::copy_,,,18.67,30.3,0,2.20003125,0,0
acl_memcpy_device_to_host,,,11.63,11.63,2.20003125,2.20003125,0,0
aten::to,,,2.31,37.0,0,1.8600625,0,0
aten::_to_copy,,,4.89,34.69,0,1.8600625,0,0
aten::empty_strided,,,4.18,4.18,0,0,0,0
aten::copy_,,,14.57,25.62,0,1.8600625,0,0
acl_memcpy_device_to_host,,,11.05,11.05,1.8600625,1.8600625,0,0
aten::to,,,1.73,34.65,0,2.04003125,0,0
aten::_to_copy,,,4.38,32.92,0,2.04003125,0,0
aten::empty_strided,,,2.92,2.92,0,0,0,0
aten::copy_,,,12.69,25.62,0,2.04003125,0,0
acl_memcpy_device_to_host,,,12.93,12.93,2.04003125,2.04003125,0,0
aten::to,,,2.41,30.34,0,2.16003125,0,0
aten::_to_copy,,,3.8,27.93,0,2.16003125,0,0
aten::empty_strided,,,3.04,3.04,0,0,0,0
aten::copy_,,,11.47,21.09,0,2.16003125,0,0
acl_memcpy_device_to_host,,,9.62,9.62,2.16003125,2.16003125,0,0
Event::record,,,163.25,179.92,0,0.02,0,0
record_event,,,16.67,16.67,0.02,0.02,0,0
Event::synchronize,,,83.33,83.33,0,0,0,0
aten::resolve_conj,,,1.73,1.73,0,0,0,0
aten::resolve_neg,,,1.17,1.17,0,0,0,0
aten::to,,,2.89,2.89,0,0,0,0
aten::detach,,,3.46,3.46,0,0,0,0
aten::to,,,0.68,0.68,0,0,0,0
aten::resolve_conj,,,0.52,0.52,0,0,0,0
aten::resolve_neg,,,0.29,0.29,0,0,0,0
aten::to,,,1.27,1.27,0,0,0,0
aten::detach,,,1.68,1.68,0,0,0,0
aten::to,,,0.93,0.93,0,0,0,0
aten::resolve_conj,,,0.33,0.33,0,0,0,0
aten::resolve_neg,,,0.29,0.29,0,0,0,0
aten::to,,,1.19,1.19,0,0,0,0
aten::detach,,,1.02,1.02,0,0,0,0
aten::to,,,0.45,0.45,0,0,0,0
aten::resolve_conj,,,0.3,0.3,0,0,0,0
aten::resolve_neg,,,0.31,0.31,0,0,0,0
destroy_event,,,23.93,23.93,0,0,0,0
record_event,,,6.64,6.64,0.0,0.0,0,0
Event::synchronize,,,151.68,151.68,0,0,0,0
aten::slice,,,12.64,16.9,0,0,0,0
aten::as_strided,,,4.26,4.26,0,0,0,0
aten::slice,,,3.34,10.03,0,0,0,0
aten::as_strided,,,6.69,6.69,0,0,0,0
aten::pin_memory,,,141.01,157.67,0,0,0,0
aten::is_pinned,,,16.66,16.66,0,0,0,0
aten::copy_,,,21.16,36.03,0,2.24003125,0,0
acl_memcpy_host_to_device,,,14.87,14.87,2.24003125,2.24003125,0,0
aten::slice,,,6.36,8.66,0,0,0,0
aten::as_strided,,,2.3,2.3,0,0,0,0
aten::slice,,,3.15,8.91,0,0,0,0
aten::as_strided,,,5.76,5.76,0,0,0,0
aten::pin_memory,,,3.82,22.82,0,0,0,0
aten::is_pinned,,,19.0,19.0,0,0,0,0
aten::copy_,,,14.11,26.71,0,2.18003125,0,0
acl_memcpy_host_to_device,,,12.6,12.6,2.18003125,2.18003125,0,0
aten::slice,,,5.22,7.09,0,0,0,0
aten::as_strided,,,1.87,1.87,0,0,0,0
aten::slice,,,2.81,7.24,0,0,0,0
aten::as_strided,,,4.43,4.43,0,0,0,0
aten::pin_memory,,,3.23,11.61,0,0,0,0
aten::is_pinned,,,8.38,8.38,0,0,0,0
aten::copy_,,,12.69,25.06,0,2.3200625,0,0
acl_memcpy_host_to_device,,,12.37,12.37,2.3200625,2.3200625,0,0
aten::slice,,,5.79,8.33,0,0,0,0
aten::as_strided,,,2.54,2.54,0,0,0,0
aten::slice,,,2.75,6.32,0,0,0,0
aten::as_strided,,,3.57,3.57,0,0,0,0
aten::pin_memory,,,3.29,11.49,0,0,0,0
aten::is_pinned,,,8.2,8.2,0,0,0,0
aten::copy_,,,12.12,23.42,0,2.22003125,0,0
acl_memcpy_host_to_device,,,11.3,11.3,2.22003125,2.22003125,0,0
aten::slice,,,4.61,6.27,0,0,0,0
aten::as_strided,,,1.66,1.66,0,0,0,0
aten::slice,,,2.71,6.16,0,0,0,0
aten::as_strided,,,3.45,3.45,0,0,0,0
aten::pin_memory,,,3.04,10.8,0,0,0,0
aten::is_pinned,,,7.76,7.76,0,0,0,0
aten::copy_,,,12.18,24.39,0,2.32003125,0,0
acl_memcpy_host_to_device,,,12.21,12.21,2.32003125,2.32003125,0,0
aten::slice,,,9.78,14.14,0,0,0,0
aten::as_strided,,,4.36,4.36,0,0,0,0
aten::slice,,,3.48,9.35,0,0,0,0
aten::as_strided,,,5.87,5.87,0,0,0,0
aten::pin_memory,,,4.41,18.24,0,0,0,0
aten::is_pinned,,,13.83,13.83,0,0,0,0
aten::copy_,,,17.1,35.46,0,2.82003125,0,0
acl_memcpy_host_to_device,,,18.36,18.36,2.82003125,2.82003125,0,0
aten::slice,,,5.45,9.79,0,0,0,0
aten::as_strided,,,4.34,4.34,0,0,0,0
aten::lift_fresh,,,1.26,1.26,0,0,0,0
aten::lift_fresh,,,1.21,1.21,0,0,0,0
aten::flatten,,,3.66,11.02,0,0,0,0
aten::view,,,7.36,7.36,0,0,0,0
aten::slice,,,3.67,5.18,0,0,0,0
aten::as_strided,,,1.51,1.51,0,0,0,0
aten::index_select,,,6.78,6.78,0,0,0,0
aten::pin_memory,,,3.98,16.3,0,0,0,0
aten::is_pinned,,,12.32,12.32,0,0,0,0
aten::copy_,,,15.81,31.89,0,2.54003125,0,0
acl_memcpy_host_to_device,,,16.08,16.08,2.54003125,2.54003125,0,0
aten::pin_memory,,,4.31,11.54,0,0,0,0
aten::is_pinned,,,7.23,7.23,0,0,0,0
aten::copy_,,,13.35,25.92,0,2.3200625,0,0
acl_memcpy_host_to_device,,,12.57,12.57,2.3200625,2.3200625,0,0
aten::slice,,,6.29,8.96,0,0,0,0
aten::as_strided,,,2.67,2.67,0,0,0,0
aten::lift_fresh,,,1.04,1.04,0,0,0,0
aten::slice,,,3.16,4.76,0,0,0,0
aten::as_strided,,,1.6,1.6,0,0,0,0
aten::add,,,13.71,13.71,0,0,0,0
aten::slice,,,3.53,4.6,0,0,0,0
aten::as_strided,,,1.07,1.07,0,0,0,0
aten::fill_,,,2.25,2.25,0,0,0,0
aten::slice,,,3.2,8.39,0,0,0,0
aten::as_strided,,,5.19,5.19,0,0,0,0
aten::fill_,,,21.07,35.54,0,1.60003125,0,0
aclnnInplaceFillScalar,,,14.47,14.47,1.60003125,1.60003125,0,0
aten::slice,,,6.52,12.04,0,0,0,0
aten::as_strided,,,5.52,5.52,0,0,0,0
aten::select,,,4.13,7.17,0,0,0,0
aten::as_strided,,,3.04,3.04,0,0,0,0
aten::copy_,,,67.9,85.69,0,0.58003125,0,0
aclnnInplaceCopy,,,17.79,17.79,0.58003125,0.58003125,0,0
aten::slice,,,8.13,10.94,0,0,0,0
aten::as_strided,,,2.81,2.81,0,0,0,0
aten::detach,,,3.57,3.57,0,0,0,0
aten::to,,,1.95,1.95,0,0,0,0
aten::resolve_conj,,,0.9,0.9,0,0,0,0
aten::resolve_neg,,,0.84,0.84,0,0,0,0
aten::slice,,,5.24,8.05,0,0,0,0
aten::as_strided,,,2.81,2.81,0,0,0,0
aten::slice,,,3.13,8.41,0,0,0,0
aten::as_strided,,,5.28,5.28,0,0,0,0
aten::pin_memory,,,4.31,18.86,0,0,0,0
aten::is_pinned,,,14.55,14.55,0,0,0,0
aten::copy_,,,4.23,4.23,0,0,0,0
aten::slice,,,5.81,7.59,0,0,0,0
aten::as_strided,,,1.78,1.78,0,0,0,0
aten::slice,,,3.15,7.11,0,0,0,0
aten::as_strided,,,3.96,3.96,0,0,0,0
aten::pin_memory,,,3.43,12.69,0,0,0,0
aten::is_pinned,,,9.26,9.26,0,0,0,0
aten::copy_,,,15.68,32.04,0,2.32003125,0,0
acl_memcpy_host_to_device,,,16.36,16.36,2.32003125,2.32003125,0,0
aten::fill_,,,19.01,33.35,0,1.48003125,0,0
aclnnInplaceFillScalar,,,14.34,14.34,1.48003125,1.48003125,0,0
aten::slice,,,6.84,11.12,0,0,0,0
aten::as_strided,,,4.28,4.28,0,0,0,0
aten::slice,,,3.45,5.42,0,0,0,0
aten::as_strided,,,1.97,1.97,0,0,0,0
aten::copy_,,,15.83,19.97,0,2.18003125,0,0
acl_memcpy_host_to_device,,,4.14,4.14,2.18003125,2.18003125,0,0
aten::slice,,,5.05,7.23,0,0,0,0
aten::as_strided,,,2.18,2.18,0,0,0,0
aten::slice,,,3.03,7.15,0,0,0,0
aten::as_strided,,,4.12,4.12,0,0,0,0
aten::pin_memory,,,3.94,13.0,0,0,0,0
aten::is_pinned,,,9.06,9.06,0,0,0,0
aten::copy_,,,13.25,26.37,0,2.68003125,0,0
acl_memcpy_host_to_device,,,13.12,13.12,2.68003125,2.68003125,0,0
aten::slice,,,4.77,8.92,0,0,0,0
aten::as_strided,,,4.15,4.15,0,0,0,0
aten::slice,,,3.29,4.96,0,0,0,0
aten::as_strided,,,1.67,1.67,0,0,0,0
aten::slice,,,2.32,5.08,0,0,0,0
aten::as_strided,,,2.76,2.76,0,0,0,0
aten::pin_memory,,,3.15,10.98,0,0,0,0
aten::is_pinned,,,7.83,7.83,0,0,0,0
aten::copy_,,,11.45,22.83,0,2.1600625,0,0
acl_memcpy_host_to_device,,,11.38,11.38,2.1600625,2.1600625,0,0
aten::slice,,,5.05,7.29,0,0,0,0
aten::as_strided,,,2.24,2.24,0,0,0,0
aten::slice,,,2.95,6.85,0,0,0,0
aten::as_strided,,,3.9,3.9,0,0,0,0
aten::pin_memory,,,3.18,10.75,0,0,0,0
aten::is_pinned,,,7.57,7.57,0,0,0,0
aten::copy_,,,13.96,46.1,0,2.3800625,0,0
acl_memcpy_host_to_device,,,32.14,32.14,2.3800625,2.3800625,0,0
aten::slice,,,6.06,10.21,0,0,0,0
aten::as_strided,,,4.15,4.15,0,0,0,0
aten::index,,,35.02,66.04,0,10.90021875,0,0
empty_tensor,,,8.83,8.83,0,0,0,0
empty_tensor,,,8.57,8.57,0,0,0,0
aclnnIndex,,,13.62,13.62,10.90021875,10.90021875,0,0
aten::to,,,2.11,43.61,0,1.06003125,0,0
aten::_to_copy,,,6.45,41.5,0,1.06003125,0,0
aten::empty_strided,,,8.84,13.72,0,0,0,0
empty_tensor,,,4.88,4.88,0,0,0,0
aten::copy_,,,16.57,21.33,0,1.06003125,0,0
aclnnInplaceCopy,,,4.76,4.76,1.06003125,1.06003125,0,0
aten::slice,,,6.33,10.18,0,0,0,0
aten::as_strided,,,3.85,3.85,0,0,0,0
aten::add,,,17.79,36.59,0,2.40003125,0,0
empty_tensor,,,6.45,6.45,0,0,0,0
aclnnAdd,,,12.35,12.35,2.40003125,2.40003125,0,0
aten::slice,,,5.53,9.9,0,0,0,0
aten::as_strided,,,4.37,4.37,0,0,0,0
aten::copy_,,,55.88,68.47,0,0.64,0,0
aclnnInplaceCopy,,,12.59,12.59,0.64,0.64,0,0
aten::slice,,,7.06,11.47,0,0,0,0
aten::as_strided,,,4.41,4.41,0,0,0,0
aten::add,,,19.05,39.32,0,1.48,0,0
empty_tensor,,,7.99,7.99,0,0,0,0
aclnnAdd,,,12.28,12.28,1.48,1.48,0,0
aten::slice,,,5.34,9.45,0,0,0,0
aten::as_strided,,,4.11,4.11,0,0,0,0
aten::copy_,,,50.34,64.18,0,0.58003125,0,0
aclnnInplaceCopy,,,13.84,13.84,0.58003125,0.58003125,0,0
aten::slice,,,6.23,10.55,0,0,0,0
aten::as_strided,,,4.32,4.32,0,0,0,0
aten::fill_,,,14.24,24.79,0,1.50003125,0,0
aclnnInplaceFillScalar,,,10.55,10.55,1.50003125,1.50003125,0,0
aten::slice,,,5.59,9.52,0,0,0,0
aten::as_strided,,,3.93,3.93,0,0,0,0
aten::slice,,,2.81,6.25,0,0,0,0
aten::as_strided,,,3.44,3.44,0,0,0,0
compute_slot_mapping_fused_groups_adaptive_kernel,,,26.52,26.52,4.94009375,4.94009375,0,0
aten::slice,,,10.56,18.74,0,0,0,0
aten::as_strided,,,8.18,8.18,0,0,0,0
aten::sub,,,27.69,58.54,0,1.64003125,0,0
empty_tensor,,,11.69,11.69,0,0,0,0
aten::item,,,2.83,4.51,0,0,0,0
aten::_local_scalar_dense,,,1.68,1.68,0,0,0,0
aclnnSubs,,,14.65,14.65,1.64003125,1.64003125,0,0
aten::pin_memory,,,7.9,26.03,0,0,0,0
aten::is_pinned,,,18.13,18.13,0,0,0,0
aten::copy_,,,19.18,35.69,0,2.5000625,0,0
acl_memcpy_host_to_device,,,16.51,16.51,2.5000625,2.5000625,0,0
aten::detach,,,4.81,4.81,0,0,0,0
aten::to,,,2.04,2.04,0,0,0,0
aten::resolve_conj,,,1.06,1.06,0,0,0,0
aten::resolve_neg,,,0.67,0.67,0,0,0,0
aten::slice,,,9.28,17.03,0,0,0,0
aten::as_strided,,,7.75,7.75,0,0,0,0
aten::slice,,,3.23,6.57,0,0,0,0
aten::as_strided,,,3.34,3.34,0,0,0,0
aten::slice,,,3.01,5.66,0,0,0,0
aten::as_strided,,,2.65,2.65,0,0,0,0
aten::fill_,,,22.39,39.19,0,1.3600625,0,0
aclnnInplaceFillScalar,,,16.8,16.8,1.3600625,1.3600625,0,0
aten::slice,,,4.75,8.73,0,0,0,0
aten::as_strided,,,3.98,3.98,0,0,0,0
aten::fill_,,,12.21,16.66,0,1.52003125,0,0
aclnnInplaceFillScalar,,,4.45,4.45,1.52003125,1.52003125,0,0
aten::slice,,,4.53,6.96,0,0,0,0
aten::as_strided,,,2.43,2.43,0,0,0,0
aten::slice,,,2.83,3.8,0,0,0,0
aten::as_strided,,,0.97,0.97,0,0,0,0
aten::lt,,,13.49,13.49,0,0,0,0
aten::lift_fresh,,,1.15,1.15,0,0,0,0
aten::slice,,,1.95,3.25,0,0,0,0
aten::as_strided,,,1.3,1.3,0,0,0,0
aten::fill_,,,2.79,11.03,0,0,0,0
aten::copy_,,,8.24,8.24,0,0,0,0
aten::slice,,,3.73,5.82,0,0,0,0
aten::as_strided,,,2.09,2.09,0,0,0,0
aten::slice,,,3.03,7.03,0,0,0,0
aten::as_strided,,,4.0,4.0,0,0,0,0
aten::slice,,,2.66,4.43,0,0,0,0
aten::as_strided,,,1.77,1.77,0,0,0,0
aten::slice,,,3.49,6.32,0,0,0,0
aten::as_strided,,,2.83,2.83,0,0,0,0
aten::slice,,,2.16,3.06,0,0,0,0
aten::as_strided,,,0.9,0.9,0,0,0,0
aten::slice,,,2.18,3.41,0,0,0,0
aten::as_strided,,,1.23,1.23,0,0,0,0
aten::slice,,,2.82,5.52,0,0,0,0
aten::as_strided,,,2.7,2.7,0,0,0,0
aten::slice,,,2.81,5.0,0,0,0,0
aten::as_strided,,,2.19,2.19,0,0,0,0
aten::slice,,,2.53,4.83,0,0,0,0
aten::as_strided,,,2.3,2.3,0,0,0,0
aten::slice,,,5.98,11.37,0,0,0,0
aten::as_strided,,,5.39,5.39,0,0,0,0
aten::slice,,,3.28,7.17,0,0,0,0
aten::as_strided,,,3.89,3.89,0,0,0,0
aten::slice,,,3.47,6.06,0,0,0,0
aten::as_strided,,,2.59,2.59,0,0,0,0
aten::to,,,1.71,1.71,0,0,0,0
aten::slice,,,2.76,5.34,0,0,0,0
aten::as_strided,,,2.58,2.58,0,0,0,0
aten::slice,,,2.36,4.9,0,0,0,0
aten::as_strided,,,2.54,2.54,0,0,0,0
aten::slice,,,2.28,3.62,0,0,0,0
aten::as_strided,,,1.34,1.34,0,0,0,0
aten::slice,,,3.42,6.67,0,0,0,0
aten::as_strided,,,3.25,3.25,0,0,0,0
aten::alias,,,3.05,3.05,0,0,0,0
aten::alias,,,3.52,3.52,0,0,0,0
aten::div,,,37.54,58.43,0,9.0401875,0,0
aten::item,,,2.28,3.77,0,0,0,0
aten::_local_scalar_dense,,,1.49,1.49,0,0,0,0
aclnnDivMods,,,17.12,17.12,9.0401875,9.0401875,0,0
aten::slice,,,3.98,9.32,0,0,0,0
aten::as_strided,,,5.34,5.34,0,0,0,0
aten::slice,,,4.14,6.98,0,0,0,0
aten::as_strided,,,2.84,2.84,0,0,0,0
aten::copy_,,,64.18,90.99,0,0.68003125,0,0
aclnnInplaceCopy,,,26.81,26.81,0.68003125,0.68003125,0,0
aten::slice,,,3.1,7.04,0,0,0,0
aten::as_strided,,,3.94,3.94,0,0,0,0
aten::slice,,,4.22,7.23,0,0,0,0
aten::as_strided,,,3.01,3.01,0,0,0,0
aten::ge,,,21.97,44.2,0,4.02009375,0,0
empty_tensor,,,10.72,10.72,0,0,0,0
aclnnGeScalar,,,11.51,11.51,4.02009375,4.02009375,0,0
aten::add,,,22.27,35.33,0,2.74003125,0,0
empty_tensor,,,6.83,6.83,0,0,0,0
aten::item,,,2.01,3.32,0,0,0,0
aten::_local_scalar_dense,,,1.31,1.31,0,0,0,0
aclnnAdds,,,2.91,2.91,2.74003125,2.74003125,0,0
aten::remainder,,,31.35,41.55,0,3.48009375,0,0
empty_tensor,,,6.6,6.6,0,0,0,0
aclnnRemainderTensorScalar,,,3.6,3.6,3.48009375,3.48009375,0,0
aten::eq,,,20.28,38.4,0,2.38003125,0,0
empty_tensor,,,6.18,6.18,0,0,0,0
aclnnEqScalar,,,11.94,11.94,2.38003125,2.38003125,0,0
aten::__and__,,,2.46,36.14,0,1.7200625,0,0
aten::bitwise_and,,,24.44,33.68,0,1.7200625,0,0
empty_tensor,,,6.05,6.05,0,0,0,0
aclnnBitwiseAndTensor,,,3.19,3.19,1.7200625,1.7200625,0,0
aten::clamp_min,,,17.26,36.62,0,3.1000625,0,0
empty_tensor,,,11.14,11.14,0,0,0,0
aclnnClampMin,,,8.22,8.22,3.1000625,3.1000625,0,0
aten::div,,,22.17,34.5,0,4.28009375,0,0
empty_tensor,,,5.89,5.89,0,0,0,0
aten::item,,,1.86,3.05,0,0,0,0
aten::_local_scalar_dense,,,1.19,1.19,0,0,0,0
aclnnDivMods,,,3.39,3.39,4.28009375,4.28009375,0,0
aten::remainder,,,17.67,27.6,0,5.060125,0,0
empty_tensor,,,6.52,6.52,0,0,0,0
aclnnRemainderTensorScalar,,,3.41,3.41,5.060125,5.060125,0,0
aten::mul,,,14.84,24.79,0,1.52,0,0
empty_tensor,,,5.08,5.08,0,0,0,0
aten::item,,,1.26,2.66,0,0,0,0
aten::_local_scalar_dense,,,1.4,1.4,0,0,0,0
aclnnMuls,,,2.21,2.21,1.52,1.52,0,0
aten::div,,,26.73,37.14,0,4.080125,0,0
empty_tensor,,,6.38,6.38,0,0,0,0
aten::item,,,0.97,1.53,0,0,0,0
aten::_local_scalar_dense,,,0.56,0.56,0,0,0,0
aclnnDivMods,,,2.5,2.5,4.080125,4.080125,0,0
aten::add,,,12.78,20.77,0,1.34003125,0,0
empty_tensor,,,5.03,5.03,0,0,0,0
aclnnAdd,,,2.96,2.96,1.34003125,1.34003125,0,0
aten::full_like,,,4.36,37.09,0,1.14,0,0
aten::empty_like,,,6.46,19.34,0,0,0,0
aten::empty_strided,,,8.51,12.88,0,0,0,0
empty_tensor,,,4.37,4.37,0,0,0,0
aten::fill_,,,9.71,13.39,0,1.14,0,0
aclnnInplaceFillScalar,,,3.68,3.68,1.14,1.14,0,0
aten::where,,,11.83,19.15,0,2.2200625,0,0
empty_tensor,,,5.24,5.24,0,0,0,0
aclnnSWhere,,,2.08,2.08,2.2200625,2.2200625,0,0
aten::copy_,,,13.6,17.16,0,1.22,0,0
aclnnInplaceCopy,,,3.56,3.56,1.22,1.22,0,0
aten::slice,,,3.66,7.62,0,0,0,0
aten::as_strided,,,3.96,3.96,0,0,0,0
aten::slice,,,5.65,8.36,0,0,0,0
aten::as_strided,,,2.71,2.71,0,0,0,0
aten::div,,,21.58,31.23,0,4.1800625,0,0
aten::item,,,1.61,2.91,0,0,0,0
aten::_local_scalar_dense,,,1.3,1.3,0,0,0,0
aclnnDivMods,,,6.74,6.74,4.1800625,4.1800625,0,0
aten::slice,,,2.32,5.92,0,0,0,0
aten::as_strided,,,3.6,3.6,0,0,0,0
aten::slice,,,3.8,7.84,0,0,0,0
aten::as_strided,,,4.04,4.04,0,0,0,0
aten::slice,,,2.27,4.47,0,0,0,0
aten::as_strided,,,2.2,2.2,0,0,0,0
aten::copy_,,,59.05,64.71,0,0.60003125,0,0
aclnnInplaceCopy,,,5.66,5.66,0.60003125,0.60003125,0,0
aten::slice,,,2.76,6.39,0,0,0,0
aten::as_strided,,,3.63,3.63,0,0,0,0
aten::slice,,,4.31,6.91,0,0,0,0
aten::as_strided,,,2.6,2.6,0,0,0,0
aten::copy_,,,42.78,58.91,0,0.62,0,0
aclnnInplaceCopy,,,16.13,16.13,0.62,0.62,0,0
aten::slice,,,6.06,8.69,0,0,0,0
aten::as_strided,,,2.63,2.63,0,0,0,0
aten::div,,,12.05,29.14,0,0,0,0
aten::to,,,1.63,17.09,0,0,0,0
aten::_to_copy,,,5.05,15.46,0,0,0,0
aten::empty_strided,,,2.91,2.91,0,0,0,0
aten::copy_,,,7.5,7.5,0,0,0,0
aten::slice,,,3.86,9.1,0,0,0,0
aten::as_strided,,,5.24,5.24,0,0,0,0
aten::slice,,,5.8,10.91,0,0,0,0
aten::as_strided,,,5.11,5.11,0,0,0,0
aten::slice,,,2.9,6.86,0,0,0,0
aten::as_strided,,,3.96,3.96,0,0,0,0
aten::slice,,,2.3,5.08,0,0,0,0
aten::as_strided,,,2.78,2.78,0,0,0,0
aten::fill_,,,19.24,35.2,0,1.18003125,0,0
aclnnInplaceFillScalar,,,15.96,15.96,1.18003125,1.18003125,0,0
aten::slice,,,4.69,8.37,0,0,0,0
aten::as_strided,,,3.68,3.68,0,0,0,0
aten::fill_,,,12.43,23.23,0,1.14,0,0
aclnnInplaceFillScalar,,,10.8,10.8,1.14,1.14,0,0
aten::slice,,,4.52,8.77,0,0,0,0
aten::as_strided,,,4.25,4.25,0,0,0,0
aten::slice,,,3.14,6.92,0,0,0,0
aten::as_strided,,,3.78,3.78,0,0,0,0
aten::slice,,,5.32,7.5,0,0,0,0
aten::as_strided,,,2.18,2.18,0,0,0,0
aten::slice,,,3.0,6.65,0,0,0,0
aten::as_strided,,,3.65,3.65,0,0,0,0
aten::slice,,,2.95,6.78,0,0,0,0
aten::as_strided,,,3.83,3.83,0,0,0,0
aten::slice,,,2.72,6.03,0,0,0,0
aten::as_strided,,,3.31,3.31,0,0,0,0
aten::slice,,,2.28,4.53,0,0,0,0
aten::as_strided,,,2.25,2.25,0,0,0,0
aten::fill_,,,15.42,28.92,0,1.26003125,0,0
aclnnInplaceFillScalar,,,13.5,13.5,1.26003125,1.26003125,0,0
aten::slice,,,4.95,8.76,0,0,0,0
aten::as_strided,,,3.81,3.81,0,0,0,0
aten::fill_,,,12.45,23.82,0,1.28003125,0,0
aclnnInplaceFillScalar,,,11.37,11.37,1.28003125,1.28003125,0,0
aten::slice,,,4.72,9.24,0,0,0,0
aten::as_strided,,,4.52,4.52,0,0,0,0
aten::slice,,,2.8,5.21,0,0,0,0
aten::as_strided,,,2.41,2.41,0,0,0,0
aten::slice,,,2.69,5.41,0,0,0,0
aten::as_strided,,,2.72,2.72,0,0,0,0
aten::slice,,,3.14,4.71,0,0,0,0
aten::as_strided,,,1.57,1.57,0,0,0,0
aten::slice,,,2.47,4.22,0,0,0,0
aten::as_strided,,,1.75,1.75,0,0,0,0
aten::slice,,,2.46,3.57,0,0,0,0
aten::as_strided,,,1.11,1.11,0,0,0,0
aten::slice,,,2.09,3.3,0,0,0,0
aten::as_strided,,,1.21,1.21,0,0,0,0
aten::slice,,,1.52,2.59,0,0,0,0
aten::as_strided,,,1.07,1.07,0,0,0,0
aten::diff,,,7.63,32.67,0,0,0,0
aten::narrow,,,5.67,9.15,0,0,0,0
aten::slice,,,1.54,3.48,0,0,0,0
aten::as_strided,,,1.94,1.94,0,0,0,0
aten::narrow,,,1.84,3.81,0,0,0,0
aten::slice,,,1.08,1.97,0,0,0,0
aten::as_strided,,,0.89,0.89,0,0,0,0
aten::sub,,,12.08,12.08,0,0,0,0
aten::eq,,,12.81,28.15,0,0,0,0
aten::to,,,1.68,15.34,0,0,0,0
aten::_to_copy,,,4.88,13.66,0,0,0,0
aten::empty_strided,,,3.12,3.12,0,0,0,0
aten::copy_,,,5.66,5.66,0,0,0,0
aten::__and__,,,2.08,7.08,0,0,0,0
aten::bitwise_and,,,5.0,5.0,0,0,0,0
aten::gt,,,8.55,16.99,0,0,0,0
aten::to,,,1.05,8.44,0,0,0,0
aten::_to_copy,,,2.93,7.39,0,0,0,0
aten::empty_strided,,,1.7,1.7,0,0,0,0
aten::copy_,,,2.76,2.76,0,0,0,0
aten::__and__,,,1.71,5.08,0,0,0,0
aten::bitwise_and,,,3.37,3.37,0,0,0,0
aten::any,,,11.39,14.14,0,0,0,0
aten::as_strided,,,1.66,1.66,0,0,0,0
aten::fill_,,,1.09,1.09,0,0,0,0
aten::item,,,1.9,3.42,0,0,0,0
aten::_local_scalar_dense,,,1.52,1.52,0,0,0,0
aten::slice,,,5.6,7.71,0,0,0,0
aten::as_strided,,,2.11,2.11,0,0,0,0
aten::slice,,,2.36,3.33,0,0,0,0
aten::as_strided,,,0.97,0.97,0,0,0,0
aten::sub,,,6.16,6.16,0,0,0,0
aten::select,,,3.22,5.1,0,0,0,0
aten::as_strided,,,1.88,1.88,0,0,0,0
aten::item,,,1.32,3.26,0,0,0,0
aten::_local_scalar_dense,,,1.94,1.94,0,0,0,0
aten::gt,,,8.18,18.41,0,0,0,0
aten::to,,,1.32,10.23,0,0,0,0
aten::_to_copy,,,3.22,8.91,0,0,0,0
aten::empty_strided,,,2.26,2.26,0,0,0,0
aten::copy_,,,3.43,3.43,0,0,0,0
aten::__ior__,,,2.19,6.92,0,0,0,0
aten::bitwise_or_,,,4.73,4.73,0,0,0,0
aten::any,,,8.87,11.03,0,0,0,0
aten::as_strided,,,1.29,1.29,0,0,0,0
aten::fill_,,,0.87,0.87,0,0,0,0
aten::is_nonzero,,,1.55,3.47,0,0,0,0
aten::item,,,1.16,1.92,0,0,0,0
aten::_local_scalar_dense,,,0.76,0.76,0,0,0,0
aten::select,,,4.64,10.56,0,0,0,0
aten::as_strided,,,5.92,5.92,0,0,0,0
aten::slice,,,4.93,8.79,0,0,0,0
aten::as_strided,,,3.86,3.86,0,0,0,0
aten::slice,,,2.87,5.45,0,0,0,0
aten::as_strided,,,2.58,2.58,0,0,0,0
aten::slice,,,2.38,5.49,0,0,0,0
aten::as_strided,,,3.11,3.11,0,0,0,0
aten::copy_,,,68.48,86.78,0,0.58,0,0
aclnnInplaceCopy,,,18.3,18.3,0.58,0.58,0,0
aten::slice,,,6.12,10.39,0,0,0,0
aten::as_strided,,,4.27,4.27,0,0,0,0
aten::fill_,,,14.77,19.69,0,1.30003125,0,0
aclnnInplaceFillScalar,,,4.92,4.92,1.30003125,1.30003125,0,0
aten::slice,,,4.67,8.31,0,0,0,0
aten::as_strided,,,3.64,3.64,0,0,0,0
aten::slice,,,2.78,5.26,0,0,0,0
aten::as_strided,,,2.48,2.48,0,0,0,0
aten::slice,,,2.64,5.23,0,0,0,0
aten::as_strided,,,2.59,2.59,0,0,0,0
aten::copy_,,,52.03,66.72,0,0.64003125,0,0
aclnnInplaceCopy,,,14.69,14.69,0.64003125,0.64003125,0,0
aten::slice,,,5.6,9.41,0,0,0,0
aten::as_strided,,,3.81,3.81,0,0,0,0
aten::slice,,,2.69,5.38,0,0,0,0
aten::as_strided,,,2.69,2.69,0,0,0,0
aten::expand_as,,,1.9,10.07,0,0,0,0
aten::expand,,,4.78,8.17,0,0,0,0
aten::as_strided,,,3.39,3.39,0,0,0,0
aten::copy_,,,46.99,60.32,0,0.54,0,0
aclnnInplaceCopy,,,13.33,13.33,0.54,0.54,0,0
aten::slice,,,6.06,10.4,0,0,0,0
aten::as_strided,,,4.34,4.34,0,0,0,0
aten::slice,,,3.62,7.02,0,0,0,0
aten::as_strided,,,3.4,3.4,0,0,0,0
aten::slice,,,2.88,5.32,0,0,0,0
aten::as_strided,,,2.44,2.44,0,0,0,0
aten::slice,,,2.57,5.02,0,0,0,0
aten::as_strided,,,2.45,2.45,0,0,0,0
aten::copy_,,,46.73,59.92,0,0.66,0,0
aclnnInplaceCopy,,,13.19,13.19,0.66,0.66,0,0
aten::slice,,,5.53,9.9,0,0,0,0
aten::as_strided,,,4.37,4.37,0,0,0,0
aten::slice,,,2.84,5.74,0,0,0,0
aten::as_strided,,,2.9,2.9,0,0,0,0
aten::slice,,,2.22,5.47,0,0,0,0
aten::as_strided,,,3.25,3.25,0,0,0,0
aten::sub,,,18.18,29.34,0,1.46,0,0
aclnnSub,,,11.16,11.16,1.46,1.46,0,0
aten::slice,,,8.59,12.43,0,0,0,0
aten::as_strided,,,3.84,3.84,0,0,0,0
aten::slice,,,3.09,7.42,0,0,0,0
aten::as_strided,,,4.33,4.33,0,0,0,0
aten::slice,,,3.24,5.62,0,0,0,0
aten::as_strided,,,2.38,2.38,0,0,0,0
aten::slice,,,2.85,5.59,0,0,0,0
aten::as_strided,,,2.74,2.74,0,0,0,0
aten::slice,,,2.63,4.91,0,0,0,0
aten::as_strided,,,2.28,2.28,0,0,0,0
aten::fill_,,,15.94,29.91,0,1.24003125,0,0
aclnnInplaceFillScalar,,,13.97,13.97,1.24003125,1.24003125,0,0
aten::slice,,,5.36,9.03,0,0,0,0
aten::as_strided,,,3.67,3.67,0,0,0,0
aten::fill_,,,11.63,21.76,0,1.16003125,0,0
aclnnInplaceFillScalar,,,10.13,10.13,1.16003125,1.16003125,0,0
aten::slice,,,5.35,9.87,0,0,0,0
aten::as_strided,,,4.52,4.52,0,0,0,0
aten::slice,,,2.73,4.87,0,0,0,0
aten::as_strided,,,2.14,2.14,0,0,0,0
aten::slice,,,2.98,5.95,0,0,0,0
aten::as_strided,,,2.97,2.97,0,0,0,0
aten::slice,,,2.67,4.05,0,0,0,0
aten::as_strided,,,1.38,1.38,0,0,0,0
aten::slice,,,2.53,3.66,0,0,0,0
aten::as_strided,,,1.13,1.13,0,0,0,0
aten::slice,,,2.63,3.63,0,0,0,0
aten::as_strided,,,1.0,1.0,0,0,0,0
aten::slice,,,2.12,3.18,0,0,0,0
aten::as_strided,,,1.06,1.06,0,0,0,0
aten::slice,,,1.44,2.6,0,0,0,0
aten::as_strided,,,1.16,1.16,0,0,0,0
aten::diff,,,6.34,30.38,0,0,0,0
aten::narrow,,,4.62,7.99,0,0,0,0
aten::slice,,,1.63,3.37,0,0,0,0
aten::as_strided,,,1.74,1.74,0,0,0,0
aten::narrow,,,1.81,3.72,0,0,0,0
aten::slice,,,1.02,1.91,0,0,0,0
aten::as_strided,,,0.89,0.89,0,0,0,0
aten::sub,,,12.33,12.33,0,0,0,0
aten::eq,,,12.89,28.46,0,0,0,0
aten::to,,,1.75,15.57,0,0,0,0
aten::_to_copy,,,5.07,13.82,0,0,0,0
aten::empty_strided,,,2.96,2.96,0,0,0,0
aten::copy_,,,5.79,5.79,0,0,0,0
aten::__and__,,,2.18,6.49,0,0,0,0
aten::bitwise_and,,,4.31,4.31,0,0,0,0
aten::gt,,,8.11,16.55,0,0,0,0
aten::to,,,0.85,8.44,0,0,0,0
aten::_to_copy,,,3.02,7.59,0,0,0,0
aten::empty_strided,,,1.62,1.62,0,0,0,0
aten::copy_,,,2.95,2.95,0,0,0,0
aten::__and__,,,1.37,4.34,0,0,0,0
aten::bitwise_and,,,2.97,2.97,0,0,0,0
aten::any,,,9.35,11.61,0,0,0,0
aten::as_strided,,,1.36,1.36,0,0,0,0
aten::fill_,,,0.9,0.9,0,0,0,0
aten::item,,,2.12,3.66,0,0,0,0
aten::_local_scalar_dense,,,1.54,1.54,0,0,0,0
aten::slice,,,4.49,5.89,0,0,0,0
aten::as_strided,,,1.4,1.4,0,0,0,0
aten::slice,,,2.23,3.07,0,0,0,0
aten::as_strided,,,0.84,0.84,0,0,0,0
aten::sub,,,5.21,5.21,0,0,0,0
aten::select,,,3.01,4.29,0,0,0,0
aten::as_strided,,,1.28,1.28,0,0,0,0
aten::item,,,1.09,2.23,0,0,0,0
aten::_local_scalar_dense,,,1.14,1.14,0,0,0,0
aten::gt,,,7.28,15.71,0,0,0,0
aten::to,,,0.94,8.43,0,0,0,0
aten::_to_copy,,,2.9,7.49,0,0,0,0
aten::empty_strided,,,1.67,1.67,0,0,0,0
aten::copy_,,,2.92,2.92,0,0,0,0
aten::__ior__,,,1.95,6.02,0,0,0,0
aten::bitwise_or_,,,4.07,4.07,0,0,0,0
aten::any,,,7.71,9.65,0,0,0,0
aten::as_strided,,,1.09,1.09,0,0,0,0
aten::fill_,,,0.85,0.85,0,0,0,0
aten::is_nonzero,,,1.49,3.41,0,0,0,0
aten::item,,,1.08,1.92,0,0,0,0
aten::_local_scalar_dense,,,0.84,0.84,0,0,0,0
aten::select,,,4.12,9.78,0,0,0,0
aten::as_strided,,,5.66,5.66,0,0,0,0
aten::slice,,,4.68,8.75,0,0,0,0
aten::as_strided,,,4.07,4.07,0,0,0,0
aten::slice,,,2.61,5.0,0,0,0,0
aten::as_strided,,,2.39,2.39,0,0,0,0
aten::slice,,,2.33,4.63,0,0,0,0
aten::as_strided,,,2.3,2.3,0,0,0,0
aten::copy_,,,68.22,85.12,0,0.56,0,0
aclnnInplaceCopy,,,16.9,16.9,0.56,0.56,0,0
aten::slice,,,6.28,10.37,0,0,0,0
aten::as_strided,,,4.09,4.09,0,0,0,0
aten::fill_,,,17.35,29.99,0,1.16003125,0,0
aclnnInplaceFillScalar,,,12.64,12.64,1.16003125,1.16003125,0,0
aten::slice,,,5.38,9.13,0,0,0,0
aten::as_strided,,,3.75,3.75,0,0,0,0
aten::slice,,,2.83,5.75,0,0,0,0
aten::as_strided,,,2.92,2.92,0,0,0,0
aten::slice,,,2.94,5.8,0,0,0,0
aten::as_strided,,,2.86,2.86,0,0,0,0
aten::copy_,,,54.42,67.1,0,0.58,0,0
aclnnInplaceCopy,,,12.68,12.68,0.58,0.58,0,0
aten::slice,,,5.67,9.47,0,0,0,0
aten::as_strided,,,3.8,3.8,0,0,0,0
aten::slice,,,2.78,5.58,0,0,0,0
aten::as_strided,,,2.8,2.8,0,0,0,0
aten::expand_as,,,2.39,10.72,0,0,0,0
aten::expand,,,4.33,8.33,0,0,0,0
aten::as_strided,,,4.0,4.0,0,0,0,0
aten::copy_,,,47.5,59.77,0,0.5,0,0
aclnnInplaceCopy,,,12.27,12.27,0.5,0.5,0,0
aten::slice,,,6.73,11.07,0,0,0,0
aten::as_strided,,,4.34,4.34,0,0,0,0
aten::slice,,,3.49,7.15,0,0,0,0
aten::as_strided,,,3.66,3.66,0,0,0,0
aten::slice,,,2.58,5.24,0,0,0,0
aten::as_strided,,,2.66,2.66,0,0,0,0
aten::slice,,,2.42,5.03,0,0,0,0
aten::as_strided,,,2.61,2.61,0,0,0,0
aten::copy_,,,45.55,59.75,0,0.66,0,0
aclnnInplaceCopy,,,14.2,14.2,0.66,0.66,0,0
aten::slice,,,6.52,26.73,0,0,0,0
aten::as_strided,,,20.21,20.21,0,0,0,0
aten::slice,,,3.42,13.0,0,0,0,0
aten::as_strided,,,9.58,9.58,0,0,0,0
aten::slice,,,2.62,5.81,0,0,0,0
aten::as_strided,,,3.19,3.19,0,0,0,0
aten::sub,,,19.08,29.75,0,1.48003125,0,0
aclnnSub,,,10.67,10.67,1.48003125,1.48003125,0,0
aten::slice,,,8.41,11.91,0,0,0,0
aten::as_strided,,,3.5,3.5,0,0,0,0
aten::slice,,,3.2,8.21,0,0,0,0
aten::as_strided,,,5.01,5.01,0,0,0,0
aten::slice,,,3.13,8.64,0,0,0,0
aten::as_strided,,,5.51,5.51,0,0,0,0
aten::slice,,,2.68,5.46,0,0,0,0
aten::as_strided,,,2.78,2.78,0,0,0,0
aten::slice,,,2.42,5.31,0,0,0,0
aten::as_strided,,,2.89,2.89,0,0,0,0
aten::fill_,,,17.2,36.98,0,1.22003125,0,0
aclnnInplaceFillScalar,,,19.78,19.78,1.22003125,1.22003125,0,0
aten::slice,,,5.06,9.11,0,0,0,0
aten::as_strided,,,4.05,4.05,0,0,0,0
aten::fill_,,,11.61,38.36,0,1.16003125,0,0
aclnnInplaceFillScalar,,,26.75,26.75,1.16003125,1.16003125,0,0
aten::slice,,,5.44,11.57,0,0,0,0
aten::as_strided,,,6.13,6.13,0,0,0,0
aten::slice,,,2.96,4.98,0,0,0,0
aten::as_strided,,,2.02,2.02,0,0,0,0
aten::slice,,,2.62,5.39,0,0,0,0
aten::as_strided,,,2.77,2.77,0,0,0,0
aten::slice,,,21.56,22.76,0,0,0,0
aten::as_strided,,,1.2,1.2,0,0,0,0
aten::slice,,,3.33,6.85,0,0,0,0
aten::as_strided,,,3.52,3.52,0,0,0,0
aten::slice,,,3.3,19.73,0,0,0,0
aten::as_strided,,,16.43,16.43,0,0,0,0
aten::slice,,,3.03,8.94,0,0,0,0
aten::as_strided,,,5.91,5.91,0,0,0,0
aten::slice,,,1.4,2.9,0,0,0,0
aten::as_strided,,,1.5,1.5,0,0,0,0
aten::diff,,,7.05,32.14,0,0,0,0
aten::narrow,,,5.55,9.31,0,0,0,0
aten::slice,,,1.86,3.76,0,0,0,0
aten::as_strided,,,1.9,1.9,0,0,0,0
aten::narrow,,,1.65,3.54,0,0,0,0
aten::slice,,,0.98,1.89,0,0,0,0
aten::as_strided,,,0.91,0.91,0,0,0,0
aten::sub,,,12.24,12.24,0,0,0,0
aten::eq,,,12.5,27.85,0,0,0,0
aten::to,,,1.99,15.35,0,0,0,0
aten::_to_copy,,,4.8,13.36,0,0,0,0
aten::empty_strided,,,3.07,3.07,0,0,0,0
aten::copy_,,,5.49,5.49,0,0,0,0
aten::__and__,,,2.03,6.2,0,0,0,0
aten::bitwise_and,,,4.17,4.17,0,0,0,0
aten::gt,,,7.41,15.52,0,0,0,0
aten::to,,,0.86,8.11,0,0,0,0
aten::_to_copy,,,2.96,7.25,0,0,0,0
aten::empty_strided,,,1.66,1.66,0,0,0,0
aten::copy_,,,2.63,2.63,0,0,0,0
aten::__and__,,,1.22,4.19,0,0,0,0
aten::bitwise_and,,,2.97,2.97,0,0,0,0
aten::any,,,9.14,11.57,0,0,0,0
aten::as_strided,,,1.52,1.52,0,0,0,0
aten::fill_,,,0.91,0.91,0,0,0,0
aten::item,,,2.16,3.36,0,0,0,0
aten::_local_scalar_dense,,,1.2,1.2,0,0,0,0
aten::slice,,,4.47,6.3,0,0,0,0
aten::as_strided,,,1.83,1.83,0,0,0,0
aten::slice,,,2.37,3.22,0,0,0,0
aten::as_strided,,,0.85,0.85,0,0,0,0
aten::sub,,,4.98,4.98,0,0,0,0
aten::select,,,3.13,5.35,0,0,0,0
aten::as_strided,,,2.22,2.22,0,0,0,0
aten::item,,,1.05,2.24,0,0,0,0
aten::_local_scalar_dense,,,1.19,1.19,0,0,0,0
aten::gt,,,7.41,16.23,0,0,0,0
aten::to,,,1.06,8.82,0,0,0,0
aten::_to_copy,,,2.77,7.76,0,0,0,0
aten::empty_strided,,,1.91,1.91,0,0,0,0
aten::copy_,,,3.08,3.08,0,0,0,0
aten::__ior__,,,2.46,6.44,0,0,0,0
aten::bitwise_or_,,,3.98,3.98,0,0,0,0
aten::any,,,7.34,9.47,0,0,0,0
aten::as_strided,,,0.98,0.98,0,0,0,0
aten::fill_,,,1.15,1.15,0,0,0,0
aten::is_nonzero,,,1.5,3.52,0,0,0,0
aten::item,,,1.15,2.02,0,0,0,0
aten::_local_scalar_dense,,,0.87,0.87,0,0,0,0
aten::select,,,4.74,11.49,0,0,0,0
aten::as_strided,,,6.75,6.75,0,0,0,0
aten::slice,,,4.59,8.75,0,0,0,0
aten::as_strided,,,4.16,4.16,0,0,0,0
aten::slice,,,2.78,5.38,0,0,0,0
aten::as_strided,,,2.6,2.6,0,0,0,0
aten::slice,,,2.39,5.46,0,0,0,0
aten::as_strided,,,3.07,3.07,0,0,0,0
aten::copy_,,,68.31,86.73,0,0.56,0,0
aclnnInplaceCopy,,,18.42,18.42,0.56,0.56,0,0
aten::slice,,,6.01,10.58,0,0,0,0
aten::as_strided,,,4.57,4.57,0,0,0,0
aten::fill_,,,15.08,19.79,0,1.34,0,0
aclnnInplaceFillScalar,,,4.71,4.71,1.34,1.34,0,0
aten::slice,,,5.36,9.49,0,0,0,0
aten::as_strided,,,4.13,4.13,0,0,0,0
aten::slice,,,3.56,6.14,0,0,0,0
aten::as_strided,,,2.58,2.58,0,0,0,0
aten::slice,,,3.03,5.29,0,0,0,0
aten::as_strided,,,2.26,2.26,0,0,0,0
aten::copy_,,,50.66,66.77,0,0.64,0,0
aclnnInplaceCopy,,,16.11,16.11,0.64,0.64,0,0
aten::slice,,,5.69,9.98,0,0,0,0
aten::as_strided,,,4.29,4.29,0,0,0,0
aten::slice,,,3.04,5.76,0,0,0,0
aten::as_strided,,,2.72,2.72,0,0,0,0
aten::expand_as,,,1.88,9.44,0,0,0,0
aten::expand,,,4.01,7.56,0,0,0,0
aten::as_strided,,,3.55,3.55,0,0,0,0
aten::copy_,,,49.95,68.85,0,0.58,0,0
aclnnInplaceCopy,,,18.9,18.9,0.58,0.58,0,0
aten::slice,,,6.32,10.95,0,0,0,0
aten::as_strided,,,4.63,4.63,0,0,0,0
aten::slice,,,3.83,8.17,0,0,0,0
aten::as_strided,,,4.34,4.34,0,0,0,0
aten::slice,,,2.59,4.92,0,0,0,0
aten::as_strided,,,2.33,2.33,0,0,0,0
aten::slice,,,2.49,4.59,0,0,0,0
aten::as_strided,,,2.1,2.1,0,0,0,0
aten::copy_,,,48.33,64.39,0,0.58,0,0
aclnnInplaceCopy,,,16.06,16.06,0.58,0.58,0,0
aten::slice,,,6.03,9.99,0,0,0,0
aten::as_strided,,,3.96,3.96,0,0,0,0
aten::slice,,,2.61,5.15,0,0,0,0
aten::as_strided,,,2.54,2.54,0,0,0,0
aten::slice,,,2.4,5.32,0,0,0,0
aten::as_strided,,,2.92,2.92,0,0,0,0
aten::sub,,,18.03,31.45,0,1.4400625,0,0
aclnnSub,,,13.42,13.42,1.4400625,1.4400625,0,0
Event::record,,,164.54,188.35,0,0.02,0,0
record_event,,,23.81,23.81,0.02,0.02,0,0
aten::slice,,,9.32,16.07,0,0,0,0
aten::as_strided,,,6.75,6.75,0,0,0,0
aten::slice,,,3.55,6.7,0,0,0,0
aten::as_strided,,,3.15,3.15,0,0,0,0
aten::slice,,,2.81,5.03,0,0,0,0
aten::as_strided,,,2.22,2.22,0,0,0,0
aten::zero_,,,19.71,35.95,0,1.8800625,0,0
aclnnInplaceZero,,,16.24,16.24,1.8800625,1.8800625,0,0
aten::slice,,,9.02,16.45,0,0,0,0
aten::as_strided,,,7.43,7.43,0,0,0,0
aten::scalar_tensor,,,7.15,58.14,0,1.58003125,0,0
aten::empty,,,3.35,16.56,0,0,0,0
empty_tensor,,,13.21,13.21,0,0,0,0
aten::fill_,,,18.21,34.43,0,1.58003125,0,0
aclnnInplaceFillScalar,,,16.22,16.22,1.58003125,1.58003125,0,0
aten::slice,,,6.29,12.04,0,0,0,0
aten::as_strided,,,5.75,5.75,0,0,0,0
aten::view,,,3.81,3.81,0,0,0,0
aten::expand,,,1.89,3.96,0,0,0,0
aten::as_strided,,,2.07,2.07,0,0,0,0
aten::copy_,,,24.45,36.42,0,4.1800625,0,0
aclnnInplaceCopy,,,11.97,11.97,4.1800625,4.1800625,0,0
aten::scalar_tensor,,,4.77,29.06,0,1.28,0,0
aten::empty,,,2.46,8.76,0,0,0,0
empty_tensor,,,6.3,6.3,0,0,0,0
aten::fill_,,,11.74,15.53,0,1.28,0,0
aclnnInplaceFillScalar,,,3.79,3.79,1.28,1.28,0,0
aten::slice,,,4.88,9.63,0,0,0,0
aten::as_strided,,,4.75,4.75,0,0,0,0
aten::view,,,2.19,2.19,0,0,0,0
aten::expand,,,1.46,3.14,0,0,0,0
aten::as_strided,,,1.68,1.68,0,0,0,0
aten::copy_,,,65.25,79.19,0,0.56,0,0
aclnnInplaceCopy,,,13.94,13.94,0.56,0.56,0,0
aten::index,,,40.64,72.24,0,11.50025,0,0
empty_tensor,,,7.46,7.46,0,0,0,0
empty_tensor,,,9.44,9.44,0,0,0,0
aclnnIndex,,,14.7,14.7,11.50025,11.50025,0,0
aten::linear,,,6.3,72.26,0,912.43821875,0,912.43821875
aten::t,,,6.45,17.04,0,0,0,0
aten::transpose,,,3.85,10.59,0,0,0,0
aten::as_strided,,,6.74,6.74,0,0,0,0
aten::matmul,,,24.67,48.92,0,912.43821875,0,912.43821875
empty_tensor,,,9.56,9.56,0,0,0,0
aclnnMatmul,,,14.69,14.69,912.43821875,912.43821875,912.43821875,912.43821875
aten::alias,,,3.72,3.72,0,0,0,0
aten::log_softmax,,,9.81,122.54,0,52.5410625,0,0
aten::to,,,3.56,81.89,0,8.12015625,0,0
aten::_to_copy,,,8.47,78.33,0,8.12015625,0,0
aten::empty_strided,,,13.31,33.05,0,0,0,0
empty_tensor,,,19.74,19.74,0,0,0,0
aten::copy_,,,22.47,36.81,0,8.12015625,0,0
aclnnInplaceCopy,,,14.34,14.34,8.12015625,8.12015625,0,0
aten::_log_softmax,,,19.38,30.84,0,44.42090625,0,0
empty_tensor,,,8.04,8.04,0,0,0,0
aclnnLogSoftmax,,,3.42,3.42,44.42090625,44.42090625,0,0
aten::to,,,2.39,47.31,0,2.9400625,0,0
aten::_to_copy,,,5.44,44.92,0,2.9400625,0,0
aten::empty_strided,,,8.3,12.56,0,0,0,0
empty_tensor,,,4.26,4.26,0,0,0,0
aten::copy_,,,15.18,26.92,0,2.9400625,0,0
aclnnInplaceCopy,,,11.74,11.74,2.9400625,2.9400625,0,0
aten::argmax,,,8.51,62.14,0,21.22040625,0,0
aten::empty,,,2.69,11.17,0,0,0,0
empty_tensor,,,8.48,8.48,0,0,0,0
aten::argmax,,,24.42,42.46,0,21.22040625,0,0
aten::reshape,,,1.99,7.35,0,0,0,0
aten::view,,,5.36,5.36,0,0,0,0
aclnnArgMax,,,10.69,10.69,21.22040625,21.22040625,0,0
aten::view,,,4.15,4.15,0,0,0,0
aten::to,,,1.68,1.68,0,0,0,0
aten::topk,,,19.86,42.77,0,41.5408125,0,0
empty_tensor,,,7.23,7.23,0,0,0,0
empty_tensor,,,5.16,5.16,0,0,0,0
aclnnTopk,,,10.52,10.52,41.5408125,41.5408125,0,0
aten::unsqueeze,,,3.94,8.58,0,0,0,0
aten::as_strided,,,4.64,4.64,0,0,0,0
aten::gather,,,21.57,31.59,0,5.820125,0,0
empty_tensor,,,6.81,6.81,0,0,0,0
aclnnGather,,,3.21,3.21,5.820125,5.820125,0,0
TorchDynamo Cache Lookup,,,38.82,38.82,0,0,0,0
Torch-Compiled Region: 0/0,,,109.77,194.23,0,43.0008125,0,0
aten::_assert_scalar,,,3.53,3.53,0,0,0,0
aten::_assert_scalar,,,1.45,1.45,0,0,0,0
aten::_assert_scalar,,,1.49,1.49,0,0,0,0
aten::ge,,,18.68,44.4,0,13.32025,0,0
empty_tensor,,,11.23,11.23,0,0,0,0
aclnnGeTensor,,,14.49,14.49,13.32025,13.32025,0,0
aten::sum,,,19.87,33.59,0,29.6805625,0,0
empty_tensor,,,7.11,7.11,0,0,0,0
aclnnReduceSum,,,6.61,6.61,29.6805625,29.6805625,0,0
aten::cat,,,18.86,29.68,0,3.38009375,0,0
empty_tensor,,,7.75,7.75,0,0,0,0
aclnnCat,,,3.07,3.07,3.38009375,3.38009375,0,0
aten::cat,,,11.0,20.33,0,2.66003125,0,0
empty_tensor,,,6.34,6.34,0,0,0,0
aclnnCat,,,2.99,2.99,2.66003125,2.66003125,0,0
aten::to,,,1.92,36.94,0,1.38003125,0,0
aten::_to_copy,,,6.08,35.02,0,1.38003125,0,0
aten::empty_strided,,,7.77,11.79,0,0,0,0
empty_tensor,,,4.02,4.02,0,0,0,0
aten::copy_,,,13.96,17.15,0,1.38003125,0,0
aclnnInplaceCopy,,,3.19,3.19,1.38003125,1.38003125,0,0
aten::to,,,1.95,45.29,0,1.40003125,0,0
aten::_to_copy,,,4.6,43.34,0,1.40003125,0,0
aten::empty_strided,,,6.73,10.72,0,0,0,0
empty_tensor,,,3.99,3.99,0,0,0,0
aten::copy_,,,13.41,28.02,0,1.40003125,0,0
aclnnInplaceCopy,,,14.61,14.61,1.40003125,1.40003125,0,0
aten::unsqueeze,,,3.74,9.11,0,0,0,0
aten::as_strided,,,5.37,5.37,0,0,0,0
Event::record,,,155.33,174.25,0,0.02,0,0
record_event,,,18.92,18.92,0.02,0.02,0,0
aten::slice,,,5.99,13.55,0,0,0,0
aten::as_strided,,,7.56,7.56,0,0,0,0
Event::wait,,,76.3,96.9,0,2511.21015625,0,0
wait_event,,,20.6,20.6,2511.21015625,2511.21015625,0,0
Event::record,,,89.58,107.21,0,0.02,0,0
record_event,,,17.63,17.63,0.02,0.02,0,0
Event::wait,,,60.57,77.32,0,2146.642875,0,0
wait_event,,,16.75,16.75,2146.642875,2146.642875,0,0
destroy_event,,,10.47,10.47,0,0,0,0
aten::to,,,3.68,66.7,0,1.9000625,0,0
aten::_to_copy,,,7.24,63.02,0,1.9000625,0,0
aten::empty_strided,,,25.99,25.99,0,0,0,0
aten::copy_,,,18.63,29.79,0,1.9000625,0,0
acl_memcpy_device_to_host,,,11.16,11.16,1.9000625,1.9000625,0,0
aten::to,,,2.72,37.3,0,2.06003125,0,0
aten::_to_copy,,,4.93,34.58,0,2.06003125,0,0
aten::empty_strided,,,3.49,3.49,0,0,0,0
aten::copy_,,,14.76,26.16,0,2.06003125,0,0
acl_memcpy_device_to_host,,,11.4,11.4,2.06003125,2.06003125,0,0
aten::to,,,1.85,31.02,0,2.02003125,0,0
aten::_to_copy,,,4.24,29.17,0,2.02003125,0,0
aten::empty_strided,,,3.05,3.05,0,0,0,0
aten::copy_,,,11.72,21.88,0,2.02003125,0,0
acl_memcpy_device_to_host,,,10.16,10.16,2.02003125,2.02003125,0,0
aten::to,,,1.77,24.97,0,2.04003125,0,0
aten::_to_copy,,,3.85,23.2,0,2.04003125,0,0
aten::empty_strided,,,2.6,2.6,0,0,0,0
aten::copy_,,,10.51,16.75,0,2.04003125,0,0
acl_memcpy_device_to_host,,,6.24,6.24,2.04003125,2.04003125,0,0
Event::record,,,157.09,172.79,0,0.02,0,0
record_event,,,15.7,15.7,0.02,0.02,0,0
Event::synchronize,,,85.46,85.46,0,0,0,0
aten::resolve_conj,,,1.39,1.39,0,0,0,0
aten::resolve_neg,,,0.78,0.78,0,0,0,0
aten::to,,,3.23,3.23,0,0,0,0
aten::detach,,,4.56,4.56,0,0,0,0
aten::to,,,0.89,0.89,0,0,0,0
aten::resolve_conj,,,0.7,0.7,0,0,0,0
aten::resolve_neg,,,0.55,0.55,0,0,0,0
aten::to,,,1.58,1.58,0,0,0,0
aten::detach,,,1.64,1.64,0,0,0,0
aten::to,,,0.61,0.61,0,0,0,0
aten::resolve_conj,,,0.49,0.49,0,0,0,0
aten::resolve_neg,,,0.31,0.31,0,0,0,0
aten::to,,,1.41,1.41,0,0,0,0
aten::detach,,,1.09,1.09,0,0,0,0
aten::to,,,0.53,0.53,0,0,0,0
aten::resolve_conj,,,0.59,0.59,0,0,0,0
aten::resolve_neg,,,0.29,0.29,0,0,0,0
destroy_event,,,37.54,37.54,0,0,0,0
record_event,,,8.93,8.93,0.02,0.02,0,0
Event::synchronize,,,146.1,146.1,0,0,0,0
aten::slice,,,12.77,17.29,0,0,0,0
aten::as_strided,,,4.52,4.52,0,0,0,0
aten::slice,,,3.49,10.75,0,0,0,0
aten::as_strided,,,7.26,7.26,0,0,0,0
aten::pin_memory,,,137.85,156.45,0,0,0,0
aten::is_pinned,,,18.6,18.6,0,0,0,0
aten::copy_,,,20.6,34.17,0,2.5400625,0,0
acl_memcpy_host_to_device,,,13.57,13.57,2.5400625,2.5400625,0,0
aten::slice,,,6.41,8.69,0,0,0,0
aten::as_strided,,,2.28,2.28,0,0,0,0
aten::slice,,,2.74,8.62,0,0,0,0
aten::as_strided,,,5.88,5.88,0,0,0,0
aten::pin_memory,,,3.98,14.24,0,0,0,0
aten::is_pinned,,,10.26,10.26,0,0,0,0
aten::copy_,,,12.59,17.55,0,2.1800625,0,0
acl_memcpy_host_to_device,,,4.96,4.96,2.1800625,2.1800625,0,0
aten::slice,,,4.46,6.5,0,0,0,0
aten::as_strided,,,2.04,2.04,0,0,0,0
aten::slice,,,2.97,6.55,0,0,0,0
aten::as_strided,,,3.58,3.58,0,0,0,0
aten::pin_memory,,,3.3,11.13,0,0,0,0
aten::is_pinned,,,7.83,7.83,0,0,0,0
aten::copy_,,,10.47,14.06,0,2.36003125,0,0
acl_memcpy_host_to_device,,,3.59,3.59,2.36003125,2.36003125,0,0
aten::slice,,,4.16,6.41,0,0,0,0
aten::as_strided,,,2.25,2.25,0,0,0,0
aten::slice,,,2.78,6.31,0,0,0,0
aten::as_strided,,,3.53,3.53,0,0,0,0
aten::pin_memory,,,2.89,10.39,0,0,0,0
aten::is_pinned,,,7.5,7.5,0,0,0,0
aten::copy_,,,10.02,13.82,0,2.3400625,0,0
acl_memcpy_host_to_device,,,3.8,3.8,2.3400625,2.3400625,0,0
aten::slice,,,3.98,5.45,0,0,0,0
aten::as_strided,,,1.47,1.47,0,0,0,0
aten::slice,,,2.49,5.75,0,0,0,0
aten::as_strided,,,3.26,3.26,0,0,0,0
aten::pin_memory,,,3.14,10.36,0,0,0,0
aten::is_pinned,,,7.22,7.22,0,0,0,0
aten::copy_,,,10.82,14.36,0,2.3400625,0,0
acl_memcpy_host_to_device,,,3.54,3.54,2.3400625,2.3400625,0,0
aten::slice,,,10.12,14.64,0,0,0,0
aten::as_strided,,,4.52,4.52,0,0,0,0
aten::slice,,,3.32,8.53,0,0,0,0
aten::as_strided,,,5.21,5.21,0,0,0,0
aten::pin_memory,,,4.18,17.98,0,0,0,0
aten::is_pinned,,,13.8,13.8,0,0,0,0
aten::copy_,,,17.06,34.7,0,2.1400625,0,0
acl_memcpy_host_to_device,,,17.64,17.64,2.1400625,2.1400625,0,0
aten::slice,,,4.91,8.55,0,0,0,0
aten::as_strided,,,3.64,3.64,0,0,0,0
aten::lift_fresh,,,1.57,1.57,0,0,0,0
aten::lift_fresh,,,2.02,2.02,0,0,0,0
aten::flatten,,,3.24,9.98,0,0,0,0
aten::view,,,6.74,6.74,0,0,0,0
aten::slice,,,3.89,5.58,0,0,0,0
aten::as_strided,,,1.69,1.69,0,0,0,0
aten::index_select,,,6.6,6.6,0,0,0,0
aten::pin_memory,,,4.09,15.65,0,0,0,0
aten::is_pinned,,,11.56,11.56,0,0,0,0
aten::copy_,,,15.94,30.32,0,2.3600625,0,0
acl_memcpy_host_to_device,,,14.38,14.38,2.3600625,2.3600625,0,0
aten::pin_memory,,,5.37,13.19,0,0,0,0
aten::is_pinned,,,7.82,7.82,0,0,0,0
aten::copy_,,,12.86,25.2,0,2.16003125,0,0
acl_memcpy_host_to_device,,,12.34,12.34,2.16003125,2.16003125,0,0
aten::slice,,,7.24,10.53,0,0,0,0
aten::as_strided,,,3.29,3.29,0,0,0,0
aten::lift_fresh,,,1.15,1.15,0,0,0,0
aten::slice,,,3.53,5.02,0,0,0,0
aten::as_strided,,,1.49,1.49,0,0,0,0
aten::add,,,14.67,14.67,0,0,0,0
aten::slice,,,3.31,4.35,0,0,0,0
aten::as_strided,,,1.04,1.04,0,0,0,0
aten::fill_,,,2.34,2.34,0,0,0,0
aten::slice,,,3.34,8.42,0,0,0,0
aten::as_strided,,,5.08,5.08,0,0,0,0
aten::fill_,,,21.34,35.71,0,1.58003125,0,0
aclnnInplaceFillScalar,,,14.37,14.37,1.58003125,1.58003125,0,0
aten::slice,,,6.42,11.76,0,0,0,0
aten::as_strided,,,5.34,5.34,0,0,0,0
aten::select,,,3.89,7.0,0,0,0,0
aten::as_strided,,,3.11,3.11,0,0,0,0
aten::copy_,,,67.46,83.22,0,0.62,0,0
aclnnInplaceCopy,,,15.76,15.76,0.62,0.62,0,0
aten::slice,,,7.45,12.06,0,0,0,0
aten::as_strided,,,4.61,4.61,0,0,0,0
aten::detach,,,3.68,3.68,0,0,0,0
aten::to,,,1.87,1.87,0,0,0,0
aten::resolve_conj,,,0.72,0.72,0,0,0,0
aten::resolve_neg,,,0.51,0.51,0,0,0,0
aten::slice,,,5.34,8.19,0,0,0,0
aten::as_strided,,,2.85,2.85,0,0,0,0
aten::slice,,,3.19,11.26,0,0,0,0
aten::as_strided,,,8.07,8.07,0,0,0,0
aten::pin_memory,,,3.95,19.1,0,0,0,0
aten::is_pinned,,,15.15,15.15,0,0,0,0
aten::copy_,,,3.54,3.54,0,0,0,0
aten::slice,,,5.45,7.33,0,0,0,0
aten::as_strided,,,1.88,1.88,0,0,0,0
aten::slice,,,2.87,6.32,0,0,0,0
aten::as_strided,,,3.45,3.45,0,0,0,0
aten::pin_memory,,,3.63,13.04,0,0,0,0
aten::is_pinned,,,9.41,9.41,0,0,0,0
aten::copy_,,,15.62,31.62,0,2.34003125,0,0
acl_memcpy_host_to_device,,,16.0,16.0,2.34003125,2.34003125,0,0
aten::fill_,,,20.34,35.15,0,1.42003125,0,0
aclnnInplaceFillScalar,,,14.81,14.81,1.42003125,1.42003125,0,0
aten::slice,,,6.15,10.57,0,0,0,0
aten::as_strided,,,4.42,4.42,0,0,0,0
aten::slice,,,3.42,5.26,0,0,0,0
aten::as_strided,,,1.84,1.84,0,0,0,0
aten::copy_,,,15.3,19.37,0,2.2000625,0,0
acl_memcpy_host_to_device,,,4.07,4.07,2.2000625,2.2000625,0,0
aten::slice,,,4.91,6.91,0,0,0,0
aten::as_strided,,,2.0,2.0,0,0,0,0
aten::slice,,,2.65,5.96,0,0,0,0
aten::as_strided,,,3.31,3.31,0,0,0,0
aten::pin_memory,,,3.82,12.0,0,0,0,0
aten::is_pinned,,,8.18,8.18,0,0,0,0
aten::copy_,,,13.2,28.49,0,2.5600625,0,0
acl_memcpy_host_to_device,,,15.29,15.29,2.5600625,2.5600625,0,0
aten::slice,,,5.79,10.59,0,0,0,0
aten::as_strided,,,4.8,4.8,0,0,0,0
aten::slice,,,3.32,4.89,0,0,0,0
aten::as_strided,,,1.57,1.57,0,0,0,0
aten::slice,,,2.47,5.11,0,0,0,0
aten::as_strided,,,2.64,2.64,0,0,0,0
aten::pin_memory,,,3.79,11.07,0,0,0,0
aten::is_pinned,,,7.28,7.28,0,0,0,0
aten::copy_,,,11.22,15.12,0,2.1800625,0,0
acl_memcpy_host_to_device,,,3.9,3.9,2.1800625,2.1800625,0,0
aten::slice,,,4.84,6.86,0,0,0,0
aten::as_strided,,,2.02,2.02,0,0,0,0
aten::slice,,,2.87,7.35,0,0,0,0
aten::as_strided,,,4.48,4.48,0,0,0,0
aten::pin_memory,,,3.91,11.42,0,0,0,0
aten::is_pinned,,,7.51,7.51,0,0,0,0
aten::copy_,,,12.94,28.42,0,2.36003125,0,0
acl_memcpy_host_to_device,,,15.48,15.48,2.36003125,2.36003125,0,0
aten::slice,,,5.66,9.19,0,0,0,0
aten::as_strided,,,3.53,3.53,0,0,0,0
aten::index,,,33.53,63.64,0,11.06021875,0,0
empty_tensor,,,7.43,7.43,0,0,0,0
empty_tensor,,,8.47,8.47,0,0,0,0
aclnnIndex,,,14.21,14.21,11.06021875,11.06021875,0,0
aten::to,,,2.45,43.14,0,1.10003125,0,0
aten::_to_copy,,,6.51,40.69,0,1.10003125,0,0
aten::empty_strided,,,9.04,14.2,0,0,0,0
empty_tensor,,,5.16,5.16,0,0,0,0
aten::copy_,,,15.77,19.98,0,1.10003125,0,0
aclnnInplaceCopy,,,4.21,4.21,1.10003125,1.10003125,0,0
aten::slice,,,6.45,11.93,0,0,0,0
aten::as_strided,,,5.48,5.48,0,0,0,0
aten::add,,,17.77,37.25,0,2.4800625,0,0
empty_tensor,,,6.95,6.95,0,0,0,0
aclnnAdd,,,12.53,12.53,2.4800625,2.4800625,0,0
aten::slice,,,5.23,9.94,0,0,0,0
aten::as_strided,,,4.71,4.71,0,0,0,0
aten::copy_,,,55.38,69.76,0,0.58003125,0,0
aclnnInplaceCopy,,,14.38,14.38,0.58003125,0.58003125,0,0
aten::slice,,,6.63,10.5,0,0,0,0
aten::as_strided,,,3.87,3.87,0,0,0,0
aten::add,,,17.46,27.9,0,1.4600625,0,0
empty_tensor,,,7.17,7.17,0,0,0,0
aclnnAdd,,,3.27,3.27,1.4600625,1.4600625,0,0
aten::slice,,,5.23,8.68,0,0,0,0
aten::as_strided,,,3.45,3.45,0,0,0,0
aten::copy_,,,45.9,59.06,0,0.6,0,0
aclnnInplaceCopy,,,13.16,13.16,0.6,0.6,0,0
aten::slice,,,5.67,9.55,0,0,0,0
aten::as_strided,,,3.88,3.88,0,0,0,0
aten::fill_,,,13.66,24.31,0,1.52003125,0,0
aclnnInplaceFillScalar,,,10.65,10.65,1.52003125,1.52003125,0,0
aten::slice,,,5.71,9.51,0,0,0,0
aten::as_strided,,,3.8,3.8,0,0,0,0
aten::slice,,,3.07,6.58,0,0,0,0
aten::as_strided,,,3.51,3.51,0,0,0,0
compute_slot_mapping_fused_groups_adaptive_kernel,,,26.49,26.49,4.8200625,4.8200625,0,0
aten::slice,,,10.29,18.12,0,0,0,0
aten::as_strided,,,7.83,7.83,0,0,0,0
aten::sub,,,27.8,59.53,0,1.72,0,0
empty_tensor,,,11.58,11.58,0,0,0,0
aten::item,,,2.67,4.42,0,0,0,0
aten::_local_scalar_dense,,,1.75,1.75,0,0,0,0
aclnnSubs,,,15.73,15.73,1.72,1.72,0,0
aten::pin_memory,,,7.97,25.36,0,0,0,0
aten::is_pinned,,,17.39,17.39,0,0,0,0
aten::copy_,,,20.6,39.58,0,2.24003125,0,0
acl_memcpy_host_to_device,,,18.98,18.98,2.24003125,2.24003125,0,0
aten::detach,,,4.67,4.67,0,0,0,0
aten::to,,,2.3,2.3,0,0,0,0
aten::resolve_conj,,,0.9,0.9,0,0,0,0
aten::resolve_neg,,,0.77,0.77,0,0,0,0
aten::slice,,,8.81,16.97,0,0,0,0
aten::as_strided,,,8.16,8.16,0,0,0,0
aten::slice,,,3.17,6.57,0,0,0,0
aten::as_strided,,,3.4,3.4,0,0,0,0
aten::slice,,,2.95,5.67,0,0,0,0
aten::as_strided,,,2.72,2.72,0,0,0,0
aten::fill_,,,19.65,35.51,0,1.34003125,0,0
aclnnInplaceFillScalar,,,15.86,15.86,1.34003125,1.34003125,0,0
aten::slice,,,4.43,8.31,0,0,0,0
aten::as_strided,,,3.88,3.88,0,0,0,0
aten::fill_,,,13.65,26.73,0,1.48003125,0,0
aclnnInplaceFillScalar,,,13.08,13.08,1.48003125,1.48003125,0,0
aten::slice,,,4.9,7.63,0,0,0,0
aten::as_strided,,,2.73,2.73,0,0,0,0
aten::slice,,,2.93,4.19,0,0,0,0
aten::as_strided,,,1.26,1.26,0,0,0,0
aten::lt,,,13.26,13.26,0,0,0,0
aten::lift_fresh,,,1.24,1.24,0,0,0,0
aten::slice,,,1.46,2.77,0,0,0,0
aten::as_strided,,,1.31,1.31,0,0,0,0
aten::fill_,,,2.74,12.1,0,0,0,0
aten::copy_,,,9.36,9.36,0,0,0,0
aten::slice,,,3.77,5.64,0,0,0,0
aten::as_strided,,,1.87,1.87,0,0,0,0
aten::slice,,,3.04,7.31,0,0,0,0
aten::as_strided,,,4.27,4.27,0,0,0,0
aten::slice,,,2.68,4.23,0,0,0,0
aten::as_strided,,,1.55,1.55,0,0,0,0
aten::slice,,,3.06,5.95,0,0,0,0
aten::as_strided,,,2.89,2.89,0,0,0,0
aten::slice,,,2.27,3.21,0,0,0,0
aten::as_strided,,,0.94,0.94,0,0,0,0
aten::slice,,,1.94,3.2,0,0,0,0
aten::as_strided,,,1.26,1.26,0,0,0,0
aten::slice,,,2.89,5.71,0,0,0,0
aten::as_strided,,,2.82,2.82,0,0,0,0
aten::slice,,,2.7,5.16,0,0,0,0
aten::as_strided,,,2.46,2.46,0,0,0,0
aten::slice,,,2.59,4.66,0,0,0,0
aten::as_strided,,,2.07,2.07,0,0,0,0
aten::slice,,,5.61,11.1,0,0,0,0
aten::as_strided,,,5.49,5.49,0,0,0,0
aten::slice,,,3.03,6.62,0,0,0,0
aten::as_strided,,,3.59,3.59,0,0,0,0
aten::slice,,,3.37,5.72,0,0,0,0
aten::as_strided,,,2.35,2.35,0,0,0,0
aten::to,,,1.62,1.62,0,0,0,0
aten::slice,,,2.88,5.59,0,0,0,0
aten::as_strided,,,2.71,2.71,0,0,0,0
aten::slice,,,2.47,4.75,0,0,0,0
aten::as_strided,,,2.28,2.28,0,0,0,0
aten::slice,,,2.36,3.86,0,0,0,0
aten::as_strided,,,1.5,1.5,0,0,0,0
aten::slice,,,3.01,6.24,0,0,0,0
aten::as_strided,,,3.23,3.23,0,0,0,0
aten::alias,,,3.06,3.06,0,0,0,0
aten::alias,,,3.79,3.79,0,0,0,0
aten::div,,,39.07,59.96,0,9.040218750000001,0,0
aten::item,,,2.48,4.0,0,0,0,0
aten::_local_scalar_dense,,,1.52,1.52,0,0,0,0
aclnnDivMods,,,16.89,16.89,9.040218750000001,9.040218750000001,0,0
aten::slice,,,4.04,9.14,0,0,0,0
aten::as_strided,,,5.1,5.1,0,0,0,0
aten::slice,,,4.49,7.28,0,0,0,0
aten::as_strided,,,2.79,2.79,0,0,0,0
aten::copy_,,,64.36,79.44,0,0.6,0,0
aclnnInplaceCopy,,,15.08,15.08,0.6,0.6,0,0
aten::slice,,,2.86,6.49,0,0,0,0
aten::as_strided,,,3.63,3.63,0,0,0,0
aten::slice,,,4.7,7.57,0,0,0,0
aten::as_strided,,,2.87,2.87,0,0,0,0
aten::ge,,,35.46,59.08,0,4.160125,0,0
empty_tensor,,,11.34,11.34,0,0,0,0
aclnnGeScalar,,,12.28,12.28,4.160125,4.160125,0,0
aten::add,,,19.58,42.36,0,3.0200625,0,0
empty_tensor,,,7.12,7.12,0,0,0,0
aten::item,,,2.35,4.03,0,0,0,0
aten::_local_scalar_dense,,,1.68,1.68,0,0,0,0
aclnnAdds,,,11.63,11.63,3.0200625,3.0200625,0,0
aten::remainder,,,21.5,38.9,0,3.70009375,0,0
empty_tensor,,,7.01,7.01,0,0,0,0
aclnnRemainderTensorScalar,,,10.39,10.39,3.70009375,3.70009375,0,0
aten::eq,,,13.23,29.44,0,2.38003125,0,0
empty_tensor,,,5.99,5.99,0,0,0,0
aclnnEqScalar,,,10.22,10.22,2.38003125,2.38003125,0,0
aten::__and__,,,2.4,32.87,0,1.72003125,0,0
aten::bitwise_and,,,16.37,30.47,0,1.72003125,0,0
empty_tensor,,,5.73,5.73,0,0,0,0
aclnnBitwiseAndTensor,,,8.37,8.37,1.72003125,1.72003125,0,0
aten::clamp_min,,,12.01,27.26,0,3.2200625,0,0
empty_tensor,,,5.81,5.81,0,0,0,0
aclnnClampMin,,,9.44,9.44,3.2200625,3.2200625,0,0
aten::div,,,25.28,44.53,0,4.4200937499999995,0,0
empty_tensor,,,6.25,6.25,0,0,0,0
aten::item,,,2.05,3.4,0,0,0,0
aten::_local_scalar_dense,,,1.35,1.35,0,0,0,0
aclnnDivMods,,,9.6,9.6,4.4200937499999995,4.4200937499999995,0,0
aten::remainder,,,18.4,35.02,0,4.9800625,0,0
empty_tensor,,,6.52,6.52,0,0,0,0
aclnnRemainderTensorScalar,,,10.1,10.1,4.9800625,4.9800625,0,0
aten::mul,,,17.35,35.77,0,1.5000625,0,0
empty_tensor,,,5.68,5.68,0,0,0,0
aten::item,,,1.54,2.7,0,0,0,0
aten::_local_scalar_dense,,,1.16,1.16,0,0,0,0
aclnnMuls,,,10.04,10.04,1.5000625,1.5000625,0,0
aten::div,,,19.23,38.33,0,3.98009375,0,0
empty_tensor,,,6.34,6.34,0,0,0,0
aten::item,,,1.57,2.78,0,0,0,0
aten::_local_scalar_dense,,,1.21,1.21,0,0,0,0
aclnnDivMods,,,9.98,9.98,3.98009375,3.98009375,0,0
aten::add,,,14.28,22.37,0,1.28003125,0,0
empty_tensor,,,5.45,5.45,0,0,0,0
aclnnAdd,,,2.64,2.64,1.28003125,1.28003125,0,0
aten::full_like,,,4.71,41.98,0,1.14003125,0,0
aten::empty_like,,,6.73,17.36,0,0,0,0
aten::empty_strided,,,7.15,10.63,0,0,0,0
empty_tensor,,,3.48,3.48,0,0,0,0
aten::fill_,,,9.24,19.91,0,1.14003125,0,0
aclnnInplaceFillScalar,,,10.67,10.67,1.14003125,1.14003125,0,0
aten::where,,,17.08,44.65,0,1.98003125,0,0
empty_tensor,,,5.86,5.86,0,0,0,0
aclnnSWhere,,,21.71,21.71,1.98003125,1.98003125,0,0
aten::copy_,,,17.63,34.49,0,1.22003125,0,0
aclnnInplaceCopy,,,16.86,16.86,1.22003125,1.22003125,0,0
aten::slice,,,3.82,8.53,0,0,0,0
aten::as_strided,,,4.71,4.71,0,0,0,0
aten::slice,,,6.18,8.69,0,0,0,0
aten::as_strided,,,2.51,2.51,0,0,0,0
aten::div,,,28.49,53.06,0,3.98009375,0,0
aten::item,,,1.92,3.05,0,0,0,0
aten::_local_scalar_dense,,,1.13,1.13,0,0,0,0
aclnnDivMods,,,21.52,21.52,3.98009375,3.98009375,0,0
aten::slice,,,3.07,7.43,0,0,0,0
aten::as_strided,,,4.36,4.36,0,0,0,0
aten::slice,,,5.49,15.19,0,0,0,0
aten::as_strided,,,9.7,9.7,0,0,0,0
aten::slice,,,2.84,5.23,0,0,0,0
aten::as_strided,,,2.39,2.39,0,0,0,0
aten::copy_,,,60.34,89.27,0,0.66,0,0
aclnnInplaceCopy,,,28.93,28.93,0.66,0.66,0,0
aten::slice,,,2.87,7.1,0,0,0,0
aten::as_strided,,,4.23,4.23,0,0,0,0
aten::slice,,,4.57,7.12,0,0,0,0
aten::as_strided,,,2.55,2.55,0,0,0,0
aten::copy_,,,50.87,73.39,0,0.62003125,0,0
aclnnInplaceCopy,,,22.52,22.52,0.62003125,0.62003125,0,0
aten::slice,,,5.39,7.95,0,0,0,0
aten::as_strided,,,2.56,2.56,0,0,0,0
aten::div,,,13.0,31.22,0,0,0,0
aten::to,,,2.55,18.22,0,0,0,0
aten::_to_copy,,,5.46,15.67,0,0,0,0
aten::empty_strided,,,3.05,3.05,0,0,0,0
aten::copy_,,,7.16,7.16,0,0,0,0
aten::slice,,,4.46,9.37,0,0,0,0
aten::as_strided,,,4.91,4.91,0,0,0,0
aten::slice,,,7.09,12.71,0,0,0,0
aten::as_strided,,,5.62,5.62,0,0,0,0
aten::slice,,,3.71,7.16,0,0,0,0
aten::as_strided,,,3.45,3.45,0,0,0,0
aten::slice,,,2.69,5.39,0,0,0,0
aten::as_strided,,,2.7,2.7,0,0,0,0
aten::fill_,,,18.2,33.75,0,1.16003125,0,0
aclnnInplaceFillScalar,,,15.55,15.55,1.16003125,1.16003125,0,0
aten::slice,,,4.11,7.66,0,0,0,0
aten::as_strided,,,3.55,3.55,0,0,0,0
aten::fill_,,,14.01,24.53,0,1.08003125,0,0
aclnnInplaceFillScalar,,,10.52,10.52,1.08003125,1.08003125,0,0
aten::slice,,,5.77,10.1,0,0,0,0
aten::as_strided,,,4.33,4.33,0,0,0,0
aten::slice,,,2.97,5.46,0,0,0,0
aten::as_strided,,,2.49,2.49,0,0,0,0
aten::slice,,,5.9,8.61,0,0,0,0
aten::as_strided,,,2.71,2.71,0,0,0,0
aten::slice,,,3.48,7.22,0,0,0,0
aten::as_strided,,,3.74,3.74,0,0,0,0
aten::slice,,,2.8,6.11,0,0,0,0
aten::as_strided,,,3.31,3.31,0,0,0,0
aten::slice,,,2.63,9.55,0,0,0,0
aten::as_strided,,,6.92,6.92,0,0,0,0
aten::slice,,,2.4,4.77,0,0,0,0
aten::as_strided,,,2.37,2.37,0,0,0,0
aten::fill_,,,15.21,28.13,0,1.26003125,0,0
aclnnInplaceFillScalar,,,12.92,12.92,1.26003125,1.26003125,0,0
aten::slice,,,4.04,8.05,0,0,0,0
aten::as_strided,,,4.01,4.01,0,0,0,0
aten::fill_,,,11.54,22.78,0,1.36,0,0
aclnnInplaceFillScalar,,,11.24,11.24,1.36,1.36,0,0
aten::slice,,,4.62,9.21,0,0,0,0
aten::as_strided,,,4.59,4.59,0,0,0,0
aten::slice,,,3.04,5.02,0,0,0,0
aten::as_strided,,,1.98,1.98,0,0,0,0
aten::slice,,,2.51,5.48,0,0,0,0
aten::as_strided,,,2.97,2.97,0,0,0,0
aten::slice,,,2.54,3.71,0,0,0,0
aten::as_strided,,,1.17,1.17,0,0,0,0
aten::slice,,,2.6,3.98,0,0,0,0
aten::as_strided,,,1.38,1.38,0,0,0,0
aten::slice,,,2.7,3.87,0,0,0,0
aten::as_strided,,,1.17,1.17,0,0,0,0
aten::slice,,,2.17,3.02,0,0,0,0
aten::as_strided,,,0.85,0.85,0,0,0,0
aten::slice,,,1.06,2.27,0,0,0,0
aten::as_strided,,,1.21,1.21,0,0,0,0
aten::diff,,,7.59,36.06,0,0,0,0
aten::narrow,,,5.96,12.21,0,0,0,0
aten::slice,,,2.32,6.25,0,0,0,0
aten::as_strided,,,3.93,3.93,0,0,0,0
aten::narrow,,,2.11,3.84,0,0,0,0
aten::slice,,,0.98,1.73,0,0,0,0
aten::as_strided,,,0.75,0.75,0,0,0,0
aten::sub,,,12.42,12.42,0,0,0,0
aten::eq,,,12.86,28.21,0,0,0,0
aten::to,,,1.53,15.35,0,0,0,0
aten::_to_copy,,,5.09,13.82,0,0,0,0
aten::empty_strided,,,3.1,3.1,0,0,0,0
aten::copy_,,,5.63,5.63,0,0,0,0
aten::__and__,,,2.19,7.35,0,0,0,0
aten::bitwise_and,,,5.16,5.16,0,0,0,0
aten::gt,,,8.12,16.4,0,0,0,0
aten::to,,,0.75,8.28,0,0,0,0
aten::_to_copy,,,2.67,7.53,0,0,0,0
aten::empty_strided,,,2.14,2.14,0,0,0,0
aten::copy_,,,2.72,2.72,0,0,0,0
aten::__and__,,,1.24,4.32,0,0,0,0
aten::bitwise_and,,,3.08,3.08,0,0,0,0
aten::any,,,10.81,13.31,0,0,0,0
aten::as_strided,,,1.32,1.32,0,0,0,0
aten::fill_,,,1.18,1.18,0,0,0,0
aten::item,,,1.86,3.48,0,0,0,0
aten::_local_scalar_dense,,,1.62,1.62,0,0,0,0
aten::slice,,,4.17,5.88,0,0,0,0
aten::as_strided,,,1.71,1.71,0,0,0,0
aten::slice,,,2.47,3.25,0,0,0,0
aten::as_strided,,,0.78,0.78,0,0,0,0
aten::sub,,,5.52,5.52,0,0,0,0
aten::select,,,3.44,5.15,0,0,0,0
aten::as_strided,,,1.71,1.71,0,0,0,0
aten::item,,,1.19,2.34,0,0,0,0
aten::_local_scalar_dense,,,1.15,1.15,0,0,0,0
aten::gt,,,8.83,18.85,0,0,0,0
aten::to,,,1.4,10.02,0,0,0,0
aten::_to_copy,,,3.08,8.62,0,0,0,0
aten::empty_strided,,,2.14,2.14,0,0,0,0
aten::copy_,,,3.4,3.4,0,0,0,0
aten::__ior__,,,2.32,6.95,0,0,0,0
aten::bitwise_or_,,,4.63,4.63,0,0,0,0
aten::any,,,7.9,9.99,0,0,0,0
aten::as_strided,,,1.35,1.35,0,0,0,0
aten::fill_,,,0.74,0.74,0,0,0,0
aten::is_nonzero,,,1.7,4.64,0,0,0,0
aten::item,,,1.28,2.94,0,0,0,0
aten::_local_scalar_dense,,,1.66,1.66,0,0,0,0
aten::select,,,4.75,10.92,0,0,0,0
aten::as_strided,,,6.17,6.17,0,0,0,0
aten::slice,,,5.2,9.44,0,0,0,0
aten::as_strided,,,4.24,4.24,0,0,0,0
aten::slice,,,2.67,5.43,0,0,0,0
aten::as_strided,,,2.76,2.76,0,0,0,0
aten::slice,,,2.67,6.06,0,0,0,0
aten::as_strided,,,3.39,3.39,0,0,0,0
aten::copy_,,,66.78,86.53,0,0.56,0,0
aclnnInplaceCopy,,,19.75,19.75,0.56,0.56,0,0
aten::slice,,,6.17,10.11,0,0,0,0
aten::as_strided,,,3.94,3.94,0,0,0,0
aten::fill_,,,15.08,28.52,0,1.32003125,0,0
aclnnInplaceFillScalar,,,13.44,13.44,1.32003125,1.32003125,0,0
aten::slice,,,5.96,9.96,0,0,0,0
aten::as_strided,,,4.0,4.0,0,0,0,0
aten::slice,,,3.26,6.04,0,0,0,0
aten::as_strided,,,2.78,2.78,0,0,0,0
aten::slice,,,3.22,5.93,0,0,0,0
aten::as_strided,,,2.71,2.71,0,0,0,0
aten::copy_,,,53.06,67.61,0,0.64003125,0,0
aclnnInplaceCopy,,,14.55,14.55,0.64003125,0.64003125,0,0
aten::slice,,,6.08,10.32,0,0,0,0
aten::as_strided,,,4.24,4.24,0,0,0,0
aten::slice,,,3.08,6.09,0,0,0,0
aten::as_strided,,,3.01,3.01,0,0,0,0
aten::expand_as,,,2.29,10.44,0,0,0,0
aten::expand,,,4.58,8.15,0,0,0,0
aten::as_strided,,,3.57,3.57,0,0,0,0
aten::copy_,,,47.91,61.93,0,0.54003125,0,0
aclnnInplaceCopy,,,14.02,14.02,0.54003125,0.54003125,0,0
aten::slice,,,7.26,11.58,0,0,0,0
aten::as_strided,,,4.32,4.32,0,0,0,0
aten::slice,,,3.78,7.95,0,0,0,0
aten::as_strided,,,4.17,4.17,0,0,0,0
aten::slice,,,2.69,4.81,0,0,0,0
aten::as_strided,,,2.12,2.12,0,0,0,0
aten::slice,,,2.71,5.12,0,0,0,0
aten::as_strided,,,2.41,2.41,0,0,0,0
aten::copy_,,,47.48,62.37,0,0.68,0,0
aclnnInplaceCopy,,,14.89,14.89,0.68,0.68,0,0
aten::slice,,,5.81,9.48,0,0,0,0
aten::as_strided,,,3.67,3.67,0,0,0,0
aten::slice,,,2.69,5.52,0,0,0,0
aten::as_strided,,,2.83,2.83,0,0,0,0
aten::slice,,,2.5,5.41,0,0,0,0
aten::as_strided,,,2.91,2.91,0,0,0,0
aten::sub,,,19.37,30.8,0,1.42003125,0,0
aclnnSub,,,11.43,11.43,1.42003125,1.42003125,0,0
aten::slice,,,8.81,11.86,0,0,0,0
aten::as_strided,,,3.05,3.05,0,0,0,0
aten::slice,,,3.45,7.97,0,0,0,0
aten::as_strided,,,4.52,4.52,0,0,0,0
aten::slice,,,3.65,6.59,0,0,0,0
aten::as_strided,,,2.94,2.94,0,0,0,0
aten::slice,,,2.9,5.72,0,0,0,0
aten::as_strided,,,2.82,2.82,0,0,0,0
aten::slice,,,2.72,5.67,0,0,0,0
aten::as_strided,,,2.95,2.95,0,0,0,0
aten::fill_,,,17.67,32.43,0,1.26003125,0,0
aclnnInplaceFillScalar,,,14.76,14.76,1.26003125,1.26003125,0,0
aten::slice,,,5.98,10.05,0,0,0,0
aten::as_strided,,,4.07,4.07,0,0,0,0
aten::fill_,,,13.04,25.82,0,1.16003125,0,0
aclnnInplaceFillScalar,,,12.78,12.78,1.16003125,1.16003125,0,0
aten::slice,,,5.6,10.01,0,0,0,0
aten::as_strided,,,4.41,4.41,0,0,0,0
aten::slice,,,2.89,5.28,0,0,0,0
aten::as_strided,,,2.39,2.39,0,0,0,0
aten::slice,,,2.87,6.33,0,0,0,0
aten::as_strided,,,3.46,3.46,0,0,0,0
aten::slice,,,3.06,4.73,0,0,0,0
aten::as_strided,,,1.67,1.67,0,0,0,0
aten::slice,,,2.5,3.8,0,0,0,0
aten::as_strided,,,1.3,1.3,0,0,0,0
aten::slice,,,2.5,3.78,0,0,0,0
aten::as_strided,,,1.28,1.28,0,0,0,0
aten::slice,,,2.59,4.03,0,0,0,0
aten::as_strided,,,1.44,1.44,0,0,0,0
aten::slice,,,1.37,2.67,0,0,0,0
aten::as_strided,,,1.3,1.3,0,0,0,0
aten::diff,,,6.74,31.23,0,0,0,0
aten::narrow,,,5.01,8.47,0,0,0,0
aten::slice,,,2.05,3.46,0,0,0,0
aten::as_strided,,,1.41,1.41,0,0,0,0
aten::narrow,,,1.82,3.84,0,0,0,0
aten::slice,,,0.98,2.02,0,0,0,0
aten::as_strided,,,1.04,1.04,0,0,0,0
aten::sub,,,12.18,12.18,0,0,0,0
aten::eq,,,12.01,26.69,0,0,0,0
aten::to,,,1.8,14.68,0,0,0,0
aten::_to_copy,,,4.32,12.88,0,0,0,0
aten::empty_strided,,,3.11,3.11,0,0,0,0
aten::copy_,,,5.45,5.45,0,0,0,0
aten::__and__,,,2.21,6.16,0,0,0,0
aten::bitwise_and,,,3.95,3.95,0,0,0,0
aten::gt,,,7.72,16.29,0,0,0,0
aten::to,,,1.07,8.57,0,0,0,0
aten::_to_copy,,,2.81,7.5,0,0,0,0
aten::empty_strided,,,1.9,1.9,0,0,0,0
aten::copy_,,,2.79,2.79,0,0,0,0
aten::__and__,,,1.32,4.49,0,0,0,0
aten::bitwise_and,,,3.17,3.17,0,0,0,0
aten::any,,,9.08,11.64,0,0,0,0
aten::as_strided,,,1.59,1.59,0,0,0,0
aten::fill_,,,0.97,0.97,0,0,0,0
aten::item,,,1.81,3.14,0,0,0,0
aten::_local_scalar_dense,,,1.33,1.33,0,0,0,0
aten::slice,,,4.67,6.14,0,0,0,0
aten::as_strided,,,1.47,1.47,0,0,0,0
aten::slice,,,2.41,3.22,0,0,0,0
aten::as_strided,,,0.81,0.81,0,0,0,0
aten::sub,,,4.99,4.99,0,0,0,0
aten::select,,,2.68,4.22,0,0,0,0
aten::as_strided,,,1.54,1.54,0,0,0,0
aten::item,,,1.19,2.3,0,0,0,0
aten::_local_scalar_dense,,,1.11,1.11,0,0,0,0
aten::gt,,,7.47,16.88,0,0,0,0
aten::to,,,1.38,9.41,0,0,0,0
aten::_to_copy,,,2.78,8.03,0,0,0,0
aten::empty_strided,,,2.15,2.15,0,0,0,0
aten::copy_,,,3.1,3.1,0,0,0,0
aten::__ior__,,,1.97,5.91,0,0,0,0
aten::bitwise_or_,,,3.94,3.94,0,0,0,0
aten::any,,,7.85,9.7,0,0,0,0
aten::as_strided,,,1.13,1.13,0,0,0,0
aten::fill_,,,0.72,0.72,0,0,0,0
aten::is_nonzero,,,1.75,3.89,0,0,0,0
aten::item,,,1.3,2.14,0,0,0,0
aten::_local_scalar_dense,,,0.84,0.84,0,0,0,0
aten::select,,,4.35,9.61,0,0,0,0
aten::as_strided,,,5.26,5.26,0,0,0,0
aten::slice,,,4.77,8.93,0,0,0,0
aten::as_strided,,,4.16,4.16,0,0,0,0
aten::slice,,,2.69,4.99,0,0,0,0
aten::as_strided,,,2.3,2.3,0,0,0,0
aten::slice,,,2.52,5.0,0,0,0,0
aten::as_strided,,,2.48,2.48,0,0,0,0
aten::copy_,,,67.6,85.86,0,0.58,0,0
aclnnInplaceCopy,,,18.26,18.26,0.58,0.58,0,0
aten::slice,,,6.34,10.13,0,0,0,0
aten::as_strided,,,3.79,3.79,0,0,0,0
aten::fill_,,,14.09,27.07,0,1.20003125,0,0
aclnnInplaceFillScalar,,,12.98,12.98,1.20003125,1.20003125,0,0
aten::slice,,,5.7,9.68,0,0,0,0
aten::as_strided,,,3.98,3.98,0,0,0,0
aten::slice,,,2.92,5.12,0,0,0,0
aten::as_strided,,,2.2,2.2,0,0,0,0
aten::slice,,,2.89,5.94,0,0,0,0
aten::as_strided,,,3.05,3.05,0,0,0,0
aten::copy_,,,52.04,65.37,0,0.58,0,0
aclnnInplaceCopy,,,13.33,13.33,0.58,0.58,0,0
aten::slice,,,5.85,9.72,0,0,0,0
aten::as_strided,,,3.87,3.87,0,0,0,0
aten::slice,,,2.95,5.8,0,0,0,0
aten::as_strided,,,2.85,2.85,0,0,0,0
aten::expand_as,,,2.02,8.85,0,0,0,0
aten::expand,,,3.58,6.83,0,0,0,0
aten::as_strided,,,3.25,3.25,0,0,0,0
aten::copy_,,,46.3,62.34,0,0.52,0,0
aclnnInplaceCopy,,,16.04,16.04,0.52,0.52,0,0
aten::slice,,,6.04,10.34,0,0,0,0
aten::as_strided,,,4.3,4.3,0,0,0,0
aten::slice,,,3.7,7.0,0,0,0,0
aten::as_strided,,,3.3,3.3,0,0,0,0
aten::slice,,,2.49,4.76,0,0,0,0
aten::as_strided,,,2.27,2.27,0,0,0,0
aten::slice,,,2.47,4.97,0,0,0,0
aten::as_strided,,,2.5,2.5,0,0,0,0
aten::copy_,,,48.6,63.6,0,0.64003125,0,0
aclnnInplaceCopy,,,15.0,15.0,0.64003125,0.64003125,0,0
aten::slice,,,5.53,9.3,0,0,0,0
aten::as_strided,,,3.77,3.77,0,0,0,0
aten::slice,,,2.41,5.16,0,0,0,0
aten::as_strided,,,2.75,2.75,0,0,0,0
aten::slice,,,2.56,4.91,0,0,0,0
aten::as_strided,,,2.35,2.35,0,0,0,0
aten::sub,,,18.56,29.68,0,1.46003125,0,0
aclnnSub,,,11.12,11.12,1.46003125,1.46003125,0,0
aten::slice,,,8.89,11.95,0,0,0,0
aten::as_strided,,,3.06,3.06,0,0,0,0
aten::slice,,,4.03,8.68,0,0,0,0
aten::as_strided,,,4.65,4.65,0,0,0,0
aten::slice,,,2.99,5.55,0,0,0,0
aten::as_strided,,,2.56,2.56,0,0,0,0
aten::slice,,,2.39,5.14,0,0,0,0
aten::as_strided,,,2.75,2.75,0,0,0,0
aten::slice,,,2.32,4.44,0,0,0,0
aten::as_strided,,,2.12,2.12,0,0,0,0
aten::fill_,,,16.25,30.98,0,1.26003125,0,0
aclnnInplaceFillScalar,,,14.73,14.73,1.26003125,1.26003125,0,0
aten::slice,,,4.15,7.57,0,0,0,0
aten::as_strided,,,3.42,3.42,0,0,0,0
aten::fill_,,,11.31,14.84,0,1.14003125,0,0
aclnnInplaceFillScalar,,,3.53,3.53,1.14003125,1.14003125,0,0
aten::slice,,,6.16,10.33,0,0,0,0
aten::as_strided,,,4.17,4.17,0,0,0,0
aten::slice,,,3.08,6.06,0,0,0,0
aten::as_strided,,,2.98,2.98,0,0,0,0
aten::slice,,,2.81,5.48,0,0,0,0
aten::as_strided,,,2.67,2.67,0,0,0,0
aten::slice,,,2.93,4.04,0,0,0,0
aten::as_strided,,,1.11,1.11,0,0,0,0
aten::slice,,,2.53,3.73,0,0,0,0
aten::as_strided,,,1.2,1.2,0,0,0,0
aten::slice,,,2.72,3.89,0,0,0,0
aten::as_strided,,,1.17,1.17,0,0,0,0
aten::slice,,,2.36,3.97,0,0,0,0
aten::as_strided,,,1.61,1.61,0,0,0,0
aten::slice,,,1.31,2.26,0,0,0,0
aten::as_strided,,,0.95,0.95,0,0,0,0
aten::diff,,,6.44,30.04,0,0,0,0
aten::narrow,,,4.46,7.7,0,0,0,0
aten::slice,,,1.55,3.24,0,0,0,0
aten::as_strided,,,1.69,1.69,0,0,0,0
aten::narrow,,,1.81,4.14,0,0,0,0
aten::slice,,,1.18,2.33,0,0,0,0
aten::as_strided,,,1.15,1.15,0,0,0,0
aten::sub,,,11.76,11.76,0,0,0,0
aten::eq,,,12.25,28.26,0,0,0,0
aten::to,,,1.67,16.01,0,0,0,0
aten::_to_copy,,,4.84,14.34,0,0,0,0
aten::empty_strided,,,3.55,3.55,0,0,0,0
aten::copy_,,,5.95,5.95,0,0,0,0
aten::__and__,,,2.13,6.59,0,0,0,0
aten::bitwise_and,,,4.46,4.46,0,0,0,0
aten::gt,,,22.07,32.35,0,0,0,0
aten::to,,,1.19,10.28,0,0,0,0
aten::_to_copy,,,3.42,9.09,0,0,0,0
aten::empty_strided,,,2.53,2.53,0,0,0,0
aten::copy_,,,3.14,3.14,0,0,0,0
aten::__and__,,,1.64,10.76,0,0,0,0
aten::bitwise_and,,,9.12,9.12,0,0,0,0
aten::any,,,11.89,14.82,0,0,0,0
aten::as_strided,,,2.04,2.04,0,0,0,0
aten::fill_,,,0.89,0.89,0,0,0,0
aten::item,,,3.05,4.29,0,0,0,0
aten::_local_scalar_dense,,,1.24,1.24,0,0,0,0
aten::slice,,,5.65,18.3,0,0,0,0
aten::as_strided,,,12.65,12.65,0,0,0,0
aten::slice,,,2.93,11.69,0,0,0,0
aten::as_strided,,,8.76,8.76,0,0,0,0
aten::sub,,,10.77,10.77,0,0,0,0
aten::select,,,3.34,11.86,0,0,0,0
aten::as_strided,,,8.52,8.52,0,0,0,0
aten::item,,,1.32,2.4,0,0,0,0
aten::_local_scalar_dense,,,1.08,1.08,0,0,0,0
aten::gt,,,11.95,28.28,0,0,0,0
aten::to,,,1.2,16.33,0,0,0,0
aten::_to_copy,,,3.91,15.13,0,0,0,0
aten::empty_strided,,,7.2,7.2,0,0,0,0
aten::copy_,,,4.02,4.02,0,0,0,0
aten::__ior__,,,2.19,6.38,0,0,0,0
aten::bitwise_or_,,,4.19,4.19,0,0,0,0
aten::any,,,17.12,19.66,0,0,0,0
aten::as_strided,,,1.73,1.73,0,0,0,0
aten::fill_,,,0.81,0.81,0,0,0,0
aten::is_nonzero,,,1.68,10.8,0,0,0,0
aten::item,,,8.18,9.12,0,0,0,0
aten::_local_scalar_dense,,,0.94,0.94,0,0,0,0
aten::select,,,5.56,19.05,0,0,0,0
aten::as_strided,,,13.49,13.49,0,0,0,0
aten::slice,,,5.37,17.58,0,0,0,0
aten::as_strided,,,12.21,12.21,0,0,0,0
aten::slice,,,2.68,6.4,0,0,0,0
aten::as_strided,,,3.72,3.72,0,0,0,0
aten::slice,,,2.46,9.99,0,0,0,0
aten::as_strided,,,7.53,7.53,0,0,0,0
aten::copy_,,,79.07,97.6,0,0.62,0,0
aclnnInplaceCopy,,,18.53,18.53,0.62,0.62,0,0
aten::slice,,,6.67,19.98,0,0,0,0
aten::as_strided,,,13.31,13.31,0,0,0,0
aten::fill_,,,14.86,27.79,0,1.30003125,0,0
aclnnInplaceFillScalar,,,12.93,12.93,1.30003125,1.30003125,0,0
aten::slice,,,6.74,29.65,0,0,0,0
aten::as_strided,,,22.91,22.91,0,0,0,0
aten::slice,,,3.72,7.19,0,0,0,0
aten::as_strided,,,3.47,3.47,0,0,0,0
aten::slice,,,3.0,6.11,0,0,0,0
aten::as_strided,,,3.11,3.11,0,0,0,0
aten::copy_,,,57.63,71.48,0,0.8,0,0
aclnnInplaceCopy,,,13.85,13.85,0.8,0.8,0,0
aten::slice,,,5.94,10.83,0,0,0,0
aten::as_strided,,,4.89,4.89,0,0,0,0
aten::slice,,,3.47,6.15,0,0,0,0
aten::as_strided,,,2.68,2.68,0,0,0,0
aten::expand_as,,,1.89,9.75,0,0,0,0
aten::expand,,,3.76,7.86,0,0,0,0
aten::as_strided,,,4.1,4.1,0,0,0,0
aten::copy_,,,52.21,66.33,0,0.58,0,0
aclnnInplaceCopy,,,14.12,14.12,0.58,0.58,0,0
aten::slice,,,6.34,11.39,0,0,0,0
aten::as_strided,,,5.05,5.05,0,0,0,0
aten::slice,,,3.47,6.93,0,0,0,0
aten::as_strided,,,3.46,3.46,0,0,0,0
aten::slice,,,2.68,5.14,0,0,0,0
aten::as_strided,,,2.46,2.46,0,0,0,0
aten::slice,,,2.34,4.78,0,0,0,0
aten::as_strided,,,2.44,2.44,0,0,0,0
aten::copy_,,,47.26,63.17,0,0.60003125,0,0
aclnnInplaceCopy,,,15.91,15.91,0.60003125,0.60003125,0,0
aten::slice,,,5.3,9.24,0,0,0,0
aten::as_strided,,,3.94,3.94,0,0,0,0
aten::slice,,,2.69,5.31,0,0,0,0
aten::as_strided,,,2.62,2.62,0,0,0,0
aten::slice,,,2.36,4.88,0,0,0,0
aten::as_strided,,,2.52,2.52,0,0,0,0
aten::sub,,,17.53,29.43,0,1.50003125,0,0
aclnnSub,,,11.9,11.9,1.50003125,1.50003125,0,0
Event::record,,,161.2,180.64,0,0.02,0,0
record_event,,,19.44,19.44,0.02,0.02,0,0
aten::slice,,,9.18,15.71,0,0,0,0
aten::as_strided,,,6.53,6.53,0,0,0,0
aten::slice,,,3.53,6.54,0,0,0,0
aten::as_strided,,,3.01,3.01,0,0,0,0
aten::slice,,,2.22,4.89,0,0,0,0
aten::as_strided,,,2.67,2.67,0,0,0,0
aten::zero_,,,18.91,33.47,0,1.88003125,0,0
aclnnInplaceZero,,,14.56,14.56,1.88003125,1.88003125,0,0
aten::slice,,,7.8,14.49,0,0,0,0
aten::as_strided,,,6.69,6.69,0,0,0,0
aten::scalar_tensor,,,6.12,57.06,0,1.72003125,0,0
aten::empty,,,2.57,14.59,0,0,0,0
empty_tensor,,,12.02,12.02,0,0,0,0
aten::fill_,,,19.98,36.35,0,1.72003125,0,0
aclnnInplaceFillScalar,,,16.37,16.37,1.72003125,1.72003125,0,0
aten::slice,,,5.37,10.82,0,0,0,0
aten::as_strided,,,5.45,5.45,0,0,0,0
aten::view,,,3.3,3.3,0,0,0,0
aten::expand,,,1.81,3.86,0,0,0,0
aten::as_strided,,,2.05,2.05,0,0,0,0
aten::copy_,,,22.82,34.07,0,4.1400625,0,0
aclnnInplaceCopy,,,11.25,11.25,4.1400625,4.1400625,0,0
aten::scalar_tensor,,,3.88,25.77,0,1.28003125,0,0
aten::empty,,,2.23,9.14,0,0,0,0
empty_tensor,,,6.91,6.91,0,0,0,0
aten::fill_,,,9.49,12.75,0,1.28003125,0,0
aclnnInplaceFillScalar,,,3.26,3.26,1.28003125,1.28003125,0,0
aten::slice,,,4.55,8.97,0,0,0,0
aten::as_strided,,,4.42,4.42,0,0,0,0
aten::view,,,2.5,2.5,0,0,0,0
aten::expand,,,1.52,2.93,0,0,0,0
aten::as_strided,,,1.41,1.41,0,0,0,0
aten::copy_,,,54.79,67.92,0,0.56,0,0
aclnnInplaceCopy,,,13.13,13.13,0.56,0.56,0,0
aten::index,,,37.41,72.55,0,11.70025,0,0
empty_tensor,,,7.87,7.87,0,0,0,0
empty_tensor,,,9.36,9.36,0,0,0,0
aclnnIndex,,,17.91,17.91,11.70025,11.70025,0,0
aten::linear,,,5.5,67.21,0,914.49825,0,914.49825
aten::t,,,6.76,16.86,0,0,0,0
aten::transpose,,,3.54,10.1,0,0,0,0
aten::as_strided,,,6.56,6.56,0,0,0,0
aten::matmul,,,21.72,44.85,0,914.49825,0,914.49825
empty_tensor,,,9.02,9.02,0,0,0,0
aclnnMatmul,,,14.11,14.11,914.49825,914.49825,914.49825,914.49825
aten::alias,,,3.57,3.57,0,0,0,0
aten::log_softmax,,,8.82,116.44,0,52.4610625,0,0
aten::to,,,3.72,70.29,0,7.9801875,0,0
aten::_to_copy,,,7.59,66.57,0,7.9801875,0,0
aten::empty_strided,,,12.7,19.47,0,0,0,0
empty_tensor,,,6.77,6.77,0,0,0,0
aten::copy_,,,22.97,39.51,0,7.9801875,0,0
aclnnInplaceCopy,,,16.54,16.54,7.9801875,7.9801875,0,0
aten::_log_softmax,,,19.77,37.33,0,44.480875,0,0
empty_tensor,,,7.81,7.81,0,0,0,0
aclnnLogSoftmax,,,9.75,9.75,44.480875,44.480875,0,0
aten::to,,,1.83,45.21,0,3.2000625,0,0
aten::_to_copy,,,5.48,43.38,0,3.2000625,0,0
aten::empty_strided,,,7.57,11.83,0,0,0,0
empty_tensor,,,4.26,4.26,0,0,0,0
aten::copy_,,,14.74,26.07,0,3.2000625,0,0
aclnnInplaceCopy,,,11.33,11.33,3.2000625,3.2000625,0,0
aten::argmax,,,7.35,66.53,0,21.5804375,0,0
aten::empty,,,2.92,14.38,0,0,0,0
empty_tensor,,,11.46,11.46,0,0,0,0
aten::argmax,,,26.47,44.8,0,21.5804375,0,0
aten::reshape,,,1.86,7.98,0,0,0,0
aten::view,,,6.12,6.12,0,0,0,0
aclnnArgMax,,,10.35,10.35,21.5804375,21.5804375,0,0
aten::view,,,4.16,4.16,0,0,0,0
aten::to,,,1.49,1.49,0,0,0,0
aten::topk,,,21.08,43.64,0,41.52084375,0,0
empty_tensor,,,8.2,8.2,0,0,0,0
empty_tensor,,,4.89,4.89,0,0,0,0
aclnnTopk,,,9.47,9.47,41.52084375,41.52084375,0,0
aten::unsqueeze,,,4.45,9.19,0,0,0,0
aten::as_strided,,,4.74,4.74,0,0,0,0
aten::gather,,,20.86,31.52,0,5.900125,0,0
empty_tensor,,,7.1,7.1,0,0,0,0
aclnnGather,,,3.56,3.56,5.900125,5.900125,0,0
TorchDynamo Cache Lookup,,,36.99,36.99,0,0,0,0
Torch-Compiled Region: 0/0,,,111.95,201.28,0,43.240843749999996,0,0
aten::_assert_scalar,,,3.02,3.02,0,0,0,0
aten::_assert_scalar,,,1.24,1.24,0,0,0,0
aten::_assert_scalar,,,0.98,0.98,0,0,0,0
aten::ge,,,20.27,45.48,0,13.50025,0,0
empty_tensor,,,11.12,11.12,0,0,0,0
aclnnGeTensor,,,14.09,14.09,13.50025,13.50025,0,0
aten::sum,,,20.32,38.61,0,29.74059375,0,0
empty_tensor,,,7.66,7.66,0,0,0,0
aclnnReduceSum,,,10.63,10.63,29.74059375,29.74059375,0,0
aten::cat,,,18.78,37.84,0,3.2800625,0,0
empty_tensor,,,8.22,8.22,0,0,0,0
aclnnCat,,,10.84,10.84,3.2800625,3.2800625,0,0
aten::cat,,,12.98,23.29,0,2.58003125,0,0
empty_tensor,,,6.94,6.94,0,0,0,0
aclnnCat,,,3.37,3.37,2.58003125,2.58003125,0,0
aten::to,,,2.37,46.1,0,1.4000625,0,0
aten::_to_copy,,,6.08,43.73,0,1.4000625,0,0
aten::empty_strided,,,7.14,12.14,0,0,0,0
empty_tensor,,,5.0,5.0,0,0,0,0
aten::copy_,,,14.36,25.51,0,1.4000625,0,0
aclnnInplaceCopy,,,11.15,11.15,1.4000625,1.4000625,0,0
aten::to,,,1.84,44.62,0,1.4,0,0
aten::_to_copy,,,4.97,42.78,0,1.4,0,0
aten::empty_strided,,,6.93,11.46,0,0,0,0
empty_tensor,,,4.53,4.53,0,0,0,0
aten::copy_,,,15.53,26.35,0,1.4,0,0
aclnnInplaceCopy,,,10.82,10.82,1.4,1.4,0,0
aten::unsqueeze,,,3.59,8.51,0,0,0,0
aten::as_strided,,,4.92,4.92,0,0,0,0
Event::record,,,152.38,169.92,0,0.02,0,0
record_event,,,17.54,17.54,0.02,0.02,0,0
aten::slice,,,5.88,14.25,0,0,0,0
aten::as_strided,,,8.37,8.37,0,0,0,0
Event::wait,,,76.59,96.56,0,2492.6298125,0,0
wait_event,,,19.97,19.97,2492.6298125,2492.6298125,0,0
Event::record,,,87.5,106.03,0,0.0,0,0
record_event,,,18.53,18.53,0.0,0.0,0,0
Event::wait,,,57.07,71.59,0,2125.96246875,0,0
wait_event,,,14.52,14.52,2125.96246875,2125.96246875,0,0
destroy_event,,,9.88,9.88,0,0,0,0
aten::to,,,3.91,64.95,0,2.04003125,0,0
aten::_to_copy,,,7.2,61.04,0,2.04003125,0,0
aten::empty_strided,,,24.72,24.72,0,0,0,0
aten::copy_,,,18.14,29.12,0,2.04003125,0,0
acl_memcpy_device_to_host,,,10.98,10.98,2.04003125,2.04003125,0,0
aten::to,,,2.63,35.98,0,1.8800625,0,0
aten::_to_copy,,,4.75,33.35,0,1.8800625,0,0
aten::empty_strided,,,3.78,3.78,0,0,0,0
aten::copy_,,,14.25,24.82,0,1.8800625,0,0
acl_memcpy_device_to_host,,,10.57,10.57,1.8800625,1.8800625,0,0
aten::to,,,1.88,30.27,0,2.02003125,0,0
aten::_to_copy,,,4.08,28.39,0,2.02003125,0,0
aten::empty_strided,,,2.91,2.91,0,0,0,0
aten::copy_,,,10.59,21.4,0,2.02003125,0,0
acl_memcpy_device_to_host,,,10.81,10.81,2.02003125,2.02003125,0,0
aten::to,,,1.86,27.35,0,1.88003125,0,0
aten::_to_copy,,,3.76,25.49,0,1.88003125,0,0
aten::empty_strided,,,2.74,2.74,0,0,0,0
aten::copy_,,,10.28,18.99,0,1.88003125,0,0
acl_memcpy_device_to_host,,,8.71,8.71,1.88003125,1.88003125,0,0
Event::record,,,161.51,177.33,0,0.02,0,0
record_event,,,15.82,15.82,0.02,0.02,0,0
Event::synchronize,,,81.98,81.98,0,0,0,0
aten::resolve_conj,,,1.63,1.63,0,0,0,0
aten::resolve_neg,,,0.8,0.8,0,0,0,0
aten::to,,,3.63,3.63,0,0,0,0
aten::detach,,,3.52,3.52,0,0,0,0
aten::to,,,0.94,0.94,0,0,0,0
aten::resolve_conj,,,0.67,0.67,0,0,0,0
aten::resolve_neg,,,0.43,0.43,0,0,0,0
aten::to,,,1.58,1.58,0,0,0,0
aten::detach,,,1.34,1.34,0,0,0,0
aten::to,,,0.78,0.78,0,0,0,0
aten::resolve_conj,,,0.44,0.44,0,0,0,0
aten::resolve_neg,,,0.54,0.54,0,0,0,0
aten::to,,,1.25,1.25,0,0,0,0
aten::detach,,,1.33,1.33,0,0,0,0
aten::to,,,0.57,0.57,0,0,0,0
aten::resolve_conj,,,0.47,0.47,0,0,0,0
aten::resolve_neg,,,0.37,0.37,0,0,0,0
destroy_event,,,19.67,19.67,0,0,0,0
record_event,,,6.87,6.87,0.02,0.02,0,0
Event::synchronize,,,155.05,155.05,0,0,0,0
aten::slice,,,12.89,16.95,0,0,0,0
aten::as_strided,,,4.06,4.06,0,0,0,0
aten::slice,,,5.64,13.29,0,0,0,0
aten::as_strided,,,7.65,7.65,0,0,0,0
aten::pin_memory,,,133.67,151.24,0,0,0,0
aten::is_pinned,,,17.57,17.57,0,0,0,0
aten::copy_,,,20.28,34.4,0,2.36003125,0,0
acl_memcpy_host_to_device,,,14.12,14.12,2.36003125,2.36003125,0,0
aten::slice,,,6.11,8.51,0,0,0,0
aten::as_strided,,,2.4,2.4,0,0,0,0
aten::slice,,,3.06,7.9,0,0,0,0
aten::as_strided,,,4.84,4.84,0,0,0,0
aten::pin_memory,,,4.17,13.54,0,0,0,0
aten::is_pinned,,,9.37,9.37,0,0,0,0
aten::copy_,,,14.18,33.39,0,2.1800625,0,0
acl_memcpy_host_to_device,,,19.21,19.21,2.1800625,2.1800625,0,0
aten::slice,,,5.46,7.49,0,0,0,0
aten::as_strided,,,2.03,2.03,0,0,0,0
aten::slice,,,2.86,6.78,0,0,0,0
aten::as_strided,,,3.92,3.92,0,0,0,0
aten::pin_memory,,,3.34,11.49,0,0,0,0
aten::is_pinned,,,8.15,8.15,0,0,0,0
aten::copy_,,,11.82,24.46,0,2.5000625,0,0
acl_memcpy_host_to_device,,,12.64,12.64,2.5000625,2.5000625,0,0
aten::slice,,,4.8,6.89,0,0,0,0
aten::as_strided,,,2.09,2.09,0,0,0,0
aten::slice,,,2.9,6.86,0,0,0,0
aten::as_strided,,,3.96,3.96,0,0,0,0
aten::pin_memory,,,3.91,10.87,0,0,0,0
aten::is_pinned,,,6.96,6.96,0,0,0,0
aten::copy_,,,12.15,22.53,0,2.2400625,0,0
acl_memcpy_host_to_device,,,10.38,10.38,2.2400625,2.2400625,0,0
aten::slice,,,4.79,6.7,0,0,0,0
aten::as_strided,,,1.91,1.91,0,0,0,0
aten::slice,,,2.76,6.1,0,0,0,0
aten::as_strided,,,3.34,3.34,0,0,0,0
aten::pin_memory,,,3.03,9.78,0,0,0,0
aten::is_pinned,,,6.75,6.75,0,0,0,0
aten::copy_,,,10.69,21.06,0,2.3000625,0,0
acl_memcpy_host_to_device,,,10.37,10.37,2.3000625,2.3000625,0,0
aten::slice,,,9.13,12.39,0,0,0,0
aten::as_strided,,,3.26,3.26,0,0,0,0
aten::slice,,,3.25,9.88,0,0,0,0
aten::as_strided,,,6.63,6.63,0,0,0,0
aten::pin_memory,,,4.22,17.69,0,0,0,0
aten::is_pinned,,,13.47,13.47,0,0,0,0
aten::copy_,,,17.38,33.66,0,2.1400625,0,0
acl_memcpy_host_to_device,,,16.28,16.28,2.1400625,2.1400625,0,0
aten::slice,,,5.53,9.93,0,0,0,0
aten::as_strided,,,4.4,4.4,0,0,0,0
aten::lift_fresh,,,1.66,1.66,0,0,0,0
aten::lift_fresh,,,0.98,0.98,0,0,0,0
aten::flatten,,,3.2,9.84,0,0,0,0
aten::view,,,6.64,6.64,0,0,0,0
aten::slice,,,3.88,5.48,0,0,0,0
aten::as_strided,,,1.6,1.6,0,0,0,0
aten::index_select,,,6.56,6.56,0,0,0,0
aten::pin_memory,,,4.16,16.46,0,0,0,0
aten::is_pinned,,,12.3,12.3,0,0,0,0
aten::copy_,,,15.76,29.92,0,2.30003125,0,0
acl_memcpy_host_to_device,,,14.16,14.16,2.30003125,2.30003125,0,0
aten::pin_memory,,,4.4,12.93,0,0,0,0
aten::is_pinned,,,8.53,8.53,0,0,0,0
aten::copy_,,,13.4,25.04,0,2.28003125,0,0
acl_memcpy_host_to_device,,,11.64,11.64,2.28003125,2.28003125,0,0
aten::slice,,,6.53,8.58,0,0,0,0
aten::as_strided,,,2.05,2.05,0,0,0,0
aten::lift_fresh,,,1.18,1.18,0,0,0,0
aten::slice,,,3.32,4.45,0,0,0,0
aten::as_strided,,,1.13,1.13,0,0,0,0
aten::add,,,12.52,12.52,0,0,0,0
aten::slice,,,3.53,4.72,0,0,0,0
aten::as_strided,,,1.19,1.19,0,0,0,0
aten::fill_,,,2.57,2.57,0,0,0,0
aten::slice,,,3.27,8.46,0,0,0,0
aten::as_strided,,,5.19,5.19,0,0,0,0
aten::fill_,,,34.58,47.89,0,1.54003125,0,0
aclnnInplaceFillScalar,,,13.31,13.31,1.54003125,1.54003125,0,0
aten::slice,,,6.71,13.35,0,0,0,0
aten::as_strided,,,6.64,6.64,0,0,0,0
aten::select,,,3.86,7.02,0,0,0,0
aten::as_strided,,,3.16,3.16,0,0,0,0
aten::copy_,,,66.14,80.96,0,0.60003125,0,0
aclnnInplaceCopy,,,14.82,14.82,0.60003125,0.60003125,0,0
aten::slice,,,7.61,10.41,0,0,0,0
aten::as_strided,,,2.8,2.8,0,0,0,0
aten::detach,,,3.01,3.01,0,0,0,0
aten::to,,,2.06,2.06,0,0,0,0
aten::resolve_conj,,,0.98,0.98,0,0,0,0
aten::resolve_neg,,,0.55,0.55,0,0,0,0
aten::slice,,,5.13,7.42,0,0,0,0
aten::as_strided,,,2.29,2.29,0,0,0,0
aten::slice,,,3.23,8.28,0,0,0,0
aten::as_strided,,,5.05,5.05,0,0,0,0
aten::pin_memory,,,3.96,17.7,0,0,0,0
aten::is_pinned,,,13.74,13.74,0,0,0,0
aten::copy_,,,3.79,3.79,0,0,0,0
aten::slice,,,5.38,7.16,0,0,0,0
aten::as_strided,,,1.78,1.78,0,0,0,0
aten::slice,,,2.78,6.34,0,0,0,0
aten::as_strided,,,3.56,3.56,0,0,0,0
aten::pin_memory,,,3.55,12.08,0,0,0,0
aten::is_pinned,,,8.53,8.53,0,0,0,0
aten::copy_,,,15.34,32.55,0,2.4400625,0,0
acl_memcpy_host_to_device,,,17.21,17.21,2.4400625,2.4400625,0,0
aten::fill_,,,18.66,32.35,0,1.80003125,0,0
aclnnInplaceFillScalar,,,13.69,13.69,1.80003125,1.80003125,0,0
aten::slice,,,7.04,11.26,0,0,0,0
aten::as_strided,,,4.22,4.22,0,0,0,0
aten::slice,,,3.16,5.08,0,0,0,0
aten::as_strided,,,1.92,1.92,0,0,0,0
aten::copy_,,,17.26,28.43,0,2.4400625,0,0
acl_memcpy_host_to_device,,,11.17,11.17,2.4400625,2.4400625,0,0
aten::slice,,,5.81,8.05,0,0,0,0
aten::as_strided,,,2.24,2.24,0,0,0,0
aten::slice,,,3.03,6.86,0,0,0,0
aten::as_strided,,,3.83,3.83,0,0,0,0
aten::pin_memory,,,3.91,12.65,0,0,0,0
aten::is_pinned,,,8.74,8.74,0,0,0,0
aten::copy_,,,13.71,25.92,0,2.3400625,0,0
acl_memcpy_host_to_device,,,12.21,12.21,2.3400625,2.3400625,0,0
aten::slice,,,6.26,10.84,0,0,0,0
aten::as_strided,,,4.58,4.58,0,0,0,0
aten::slice,,,2.98,4.48,0,0,0,0
aten::as_strided,,,1.5,1.5,0,0,0,0
aten::slice,,,2.28,4.61,0,0,0,0
aten::as_strided,,,2.33,2.33,0,0,0,0
aten::pin_memory,,,3.43,10.48,0,0,0,0
aten::is_pinned,,,7.05,7.05,0,0,0,0
aten::copy_,,,14.59,25.33,0,2.3000625,0,0
acl_memcpy_host_to_device,,,10.74,10.74,2.3000625,2.3000625,0,0
aten::slice,,,4.81,6.85,0,0,0,0
aten::as_strided,,,2.04,2.04,0,0,0,0
aten::slice,,,3.44,19.59,0,0,0,0
aten::as_strided,,,16.15,16.15,0,0,0,0
aten::pin_memory,,,3.48,12.11,0,0,0,0
aten::is_pinned,,,8.63,8.63,0,0,0,0
aten::copy_,,,13.35,28.74,0,2.36003125,0,0
acl_memcpy_host_to_device,,,15.39,15.39,2.36003125,2.36003125,0,0
aten::slice,,,4.26,7.83,0,0,0,0
aten::as_strided,,,3.57,3.57,0,0,0,0
aten::index,,,33.55,60.74,0,16.40034375,0,0
empty_tensor,,,6.74,6.74,0,0,0,0
empty_tensor,,,8.88,8.88,0,0,0,0
aclnnIndex,,,11.57,11.57,16.40034375,16.40034375,0,0
aten::to,,,10.06,61.96,0,1.18003125,0,0
aten::_to_copy,,,6.49,51.9,0,1.18003125,0,0
aten::empty_strided,,,8.69,14.13,0,0,0,0
empty_tensor,,,5.44,5.44,0,0,0,0
aten::copy_,,,16.71,31.28,0,1.18003125,0,0
aclnnInplaceCopy,,,14.57,14.57,1.18003125,1.18003125,0,0
aten::slice,,,6.5,10.85,0,0,0,0
aten::as_strided,,,4.35,4.35,0,0,0,0
aten::add,,,21.75,38.99,0,2.52003125,0,0
empty_tensor,,,6.8,6.8,0,0,0,0
aclnnAdd,,,10.44,10.44,2.52003125,2.52003125,0,0
aten::slice,,,5.84,10.14,0,0,0,0
aten::as_strided,,,4.3,4.3,0,0,0,0
aten::copy_,,,53.67,65.37,0,0.62003125,0,0
aclnnInplaceCopy,,,11.7,11.7,0.62003125,0.62003125,0,0
aten::slice,,,6.39,10.99,0,0,0,0
aten::as_strided,,,4.6,4.6,0,0,0,0
aten::add,,,18.12,36.18,0,1.58003125,0,0
empty_tensor,,,7.59,7.59,0,0,0,0
aclnnAdd,,,10.47,10.47,1.58003125,1.58003125,0,0
aten::slice,,,6.06,10.25,0,0,0,0
aten::as_strided,,,4.19,4.19,0,0,0,0
aten::copy_,,,45.65,57.3,0,0.6,0,0
aclnnInplaceCopy,,,11.65,11.65,0.6,0.6,0,0
aten::slice,,,6.5,10.37,0,0,0,0
aten::as_strided,,,3.87,3.87,0,0,0,0
aten::fill_,,,13.18,23.82,0,1.42003125,0,0
aclnnInplaceFillScalar,,,10.64,10.64,1.42003125,1.42003125,0,0
aten::slice,,,5.14,8.74,0,0,0,0
aten::as_strided,,,3.6,3.6,0,0,0,0
aten::slice,,,2.44,5.76,0,0,0,0
aten::as_strided,,,3.32,3.32,0,0,0,0
compute_slot_mapping_fused_groups_adaptive_kernel,,,24.98,24.98,5.50009375,5.50009375,0,0
aten::slice,,,9.56,17.12,0,0,0,0
aten::as_strided,,,7.56,7.56,0,0,0,0
aten::sub,,,27.96,58.42,0,1.52003125,0,0
empty_tensor,,,12.03,12.03,0,0,0,0
aten::item,,,2.33,3.89,0,0,0,0
aten::_local_scalar_dense,,,1.56,1.56,0,0,0,0
aclnnSubs,,,14.54,14.54,1.52003125,1.52003125,0,0
aten::pin_memory,,,7.85,25.32,0,0,0,0
aten::is_pinned,,,17.47,17.47,0,0,0,0
aten::copy_,,,19.28,34.75,0,2.24003125,0,0
acl_memcpy_host_to_device,,,15.47,15.47,2.24003125,2.24003125,0,0
aten::detach,,,4.59,4.59,0,0,0,0
aten::to,,,1.85,1.85,0,0,0,0
aten::resolve_conj,,,0.79,0.79,0,0,0,0
aten::resolve_neg,,,0.57,0.57,0,0,0,0
aten::slice,,,9.35,17.1,0,0,0,0
aten::as_strided,,,7.75,7.75,0,0,0,0
aten::slice,,,3.02,6.21,0,0,0,0
aten::as_strided,,,3.19,3.19,0,0,0,0
aten::slice,,,2.7,5.27,0,0,0,0
aten::as_strided,,,2.57,2.57,0,0,0,0
aten::fill_,,,19.65,35.66,0,1.4,0,0
aclnnInplaceFillScalar,,,16.01,16.01,1.4,1.4,0,0
aten::slice,,,5.5,9.22,0,0,0,0
aten::as_strided,,,3.72,3.72,0,0,0,0
aten::fill_,,,12.24,23.76,0,1.5800625,0,0
aclnnInplaceFillScalar,,,11.52,11.52,1.5800625,1.5800625,0,0
aten::slice,,,4.64,7.18,0,0,0,0
aten::as_strided,,,2.54,2.54,0,0,0,0
aten::slice,,,2.74,3.74,0,0,0,0
aten::as_strided,,,1.0,1.0,0,0,0,0
aten::lt,,,13.81,13.81,0,0,0,0
aten::lift_fresh,,,0.98,0.98,0,0,0,0
aten::slice,,,1.56,2.58,0,0,0,0
aten::as_strided,,,1.02,1.02,0,0,0,0
aten::fill_,,,2.49,10.45,0,0,0,0
aten::copy_,,,7.96,7.96,0,0,0,0
aten::slice,,,3.86,6.15,0,0,0,0
aten::as_strided,,,2.29,2.29,0,0,0,0
aten::slice,,,4.24,8.22,0,0,0,0
aten::as_strided,,,3.98,3.98,0,0,0,0
aten::slice,,,2.72,4.48,0,0,0,0
aten::as_strided,,,1.76,1.76,0,0,0,0
aten::slice,,,2.94,5.63,0,0,0,0
aten::as_strided,,,2.69,2.69,0,0,0,0
aten::slice,,,2.13,3.11,0,0,0,0
aten::as_strided,,,0.98,0.98,0,0,0,0
aten::slice,,,3.72,4.72,0,0,0,0
aten::as_strided,,,1.0,1.0,0,0,0,0
aten::slice,,,2.86,5.71,0,0,0,0
aten::as_strided,,,2.85,2.85,0,0,0,0
aten::slice,,,2.61,5.12,0,0,0,0
aten::as_strided,,,2.51,2.51,0,0,0,0
aten::slice,,,2.28,4.51,0,0,0,0
aten::as_strided,,,2.23,2.23,0,0,0,0
aten::slice,,,5.91,11.24,0,0,0,0
aten::as_strided,,,5.33,5.33,0,0,0,0
aten::slice,,,2.47,6.14,0,0,0,0
aten::as_strided,,,3.67,3.67,0,0,0,0
aten::slice,,,3.28,5.7,0,0,0,0
aten::as_strided,,,2.42,2.42,0,0,0,0
aten::to,,,1.35,1.35,0,0,0,0
aten::slice,,,2.8,5.84,0,0,0,0
aten::as_strided,,,3.04,3.04,0,0,0,0
aten::slice,,,2.32,4.52,0,0,0,0
aten::as_strided,,,2.2,2.2,0,0,0,0
aten::slice,,,2.3,3.69,0,0,0,0
aten::as_strided,,,1.39,1.39,0,0,0,0
aten::slice,,,2.93,6.36,0,0,0,0
aten::as_strided,,,3.43,3.43,0,0,0,0
aten::alias,,,3.02,3.02,0,0,0,0
aten::alias,,,4.03,4.03,0,0,0,0
aten::div,,,37.49,76.04,0,9.4001875,0,0
aten::item,,,1.98,3.35,0,0,0,0
aten::_local_scalar_dense,,,1.37,1.37,0,0,0,0
aclnnDivMods,,,35.2,35.2,9.4001875,9.4001875,0,0
aten::slice,,,3.29,8.32,0,0,0,0
aten::as_strided,,,5.03,5.03,0,0,0,0
aten::slice,,,4.21,8.36,0,0,0,0
aten::as_strided,,,4.15,4.15,0,0,0,0
aten::copy_,,,64.49,79.35,0,0.6,0,0
aclnnInplaceCopy,,,14.86,14.86,0.6,0.6,0,0
aten::slice,,,2.91,7.21,0,0,0,0
aten::as_strided,,,4.3,4.3,0,0,0,0
aten::slice,,,4.52,7.27,0,0,0,0
aten::as_strided,,,2.75,2.75,0,0,0,0
aten::ge,,,21.03,44.2,0,4.26009375,0,0
empty_tensor,,,11.13,11.13,0,0,0,0
aclnnGeScalar,,,12.04,12.04,4.26009375,4.26009375,0,0
aten::add,,,20.12,39.81,0,2.8400625,0,0
empty_tensor,,,6.86,6.86,0,0,0,0
aten::item,,,2.31,3.84,0,0,0,0
aten::_local_scalar_dense,,,1.53,1.53,0,0,0,0
aclnnAdds,,,8.99,8.99,2.8400625,2.8400625,0,0
aten::remainder,,,22.0,39.77,0,3.4800625,0,0
empty_tensor,,,7.29,7.29,0,0,0,0
aclnnRemainderTensorScalar,,,10.48,10.48,3.4800625,3.4800625,0,0
aten::eq,,,12.99,29.49,0,2.5400625,0,0
empty_tensor,,,6.27,6.27,0,0,0,0
aclnnEqScalar,,,10.23,10.23,2.5400625,2.5400625,0,0
aten::__and__,,,2.94,36.84,0,1.92003125,0,0
aten::bitwise_and,,,17.13,33.9,0,1.92003125,0,0
empty_tensor,,,6.01,6.01,0,0,0,0
aclnnBitwiseAndTensor,,,10.76,10.76,1.92003125,1.92003125,0,0
aten::clamp_min,,,12.49,27.38,0,3.3600625,0,0
empty_tensor,,,6.45,6.45,0,0,0,0
aclnnClampMin,,,8.44,8.44,3.3600625,3.3600625,0,0
aten::div,,,22.53,41.4,0,4.2600625,0,0
empty_tensor,,,6.49,6.49,0,0,0,0
aten::item,,,2.3,3.7,0,0,0,0
aten::_local_scalar_dense,,,1.4,1.4,0,0,0,0
aclnnDivMods,,,8.68,8.68,4.2600625,4.2600625,0,0
aten::remainder,,,18.31,33.56,0,5.32009375,0,0
empty_tensor,,,6.22,6.22,0,0,0,0
aclnnRemainderTensorScalar,,,9.03,9.03,5.32009375,5.32009375,0,0
aten::mul,,,17.19,36.42,0,1.48003125,0,0
empty_tensor,,,6.07,6.07,0,0,0,0
aten::item,,,1.63,2.74,0,0,0,0
aten::_local_scalar_dense,,,1.11,1.11,0,0,0,0
aclnnMuls,,,10.42,10.42,1.48003125,1.48003125,0,0
aten::div,,,22.29,41.89,0,4.0400937500000005,0,0
empty_tensor,,,6.5,6.5,0,0,0,0
aten::item,,,1.6,3.21,0,0,0,0
aten::_local_scalar_dense,,,1.61,1.61,0,0,0,0
aclnnDivMods,,,9.89,9.89,4.0400937500000005,4.0400937500000005,0,0
aten::add,,,13.81,22.28,0,1.38,0,0
empty_tensor,,,5.38,5.38,0,0,0,0
aclnnAdd,,,3.09,3.09,1.38,1.38,0,0
aten::full_like,,,4.3,42.34,0,1.18003125,0,0
aten::empty_like,,,5.63,16.82,0,0,0,0
aten::empty_strided,,,7.35,11.19,0,0,0,0
empty_tensor,,,3.84,3.84,0,0,0,0
aten::fill_,,,10.21,21.22,0,1.18003125,0,0
aclnnInplaceFillScalar,,,11.01,11.01,1.18003125,1.18003125,0,0
aten::where,,,12.5,27.35,0,2.1600625,0,0
empty_tensor,,,5.64,5.64,0,0,0,0
aclnnSWhere,,,9.21,9.21,2.1600625,2.1600625,0,0
aten::copy_,,,14.67,24.6,0,1.22003125,0,0
aclnnInplaceCopy,,,9.93,9.93,1.22003125,1.22003125,0,0
aten::slice,,,4.17,8.53,0,0,0,0
aten::as_strided,,,4.36,4.36,0,0,0,0
aten::slice,,,6.59,9.71,0,0,0,0
aten::as_strided,,,3.12,3.12,0,0,0,0
aten::div,,,24.75,38.14,0,3.96009375,0,0
aten::item,,,2.07,3.03,0,0,0,0
aten::_local_scalar_dense,,,0.96,0.96,0,0,0,0
aclnnDivMods,,,10.36,10.36,3.96009375,3.96009375,0,0
aten::slice,,,2.63,6.62,0,0,0,0
aten::as_strided,,,3.99,3.99,0,0,0,0
aten::slice,,,4.1,7.16,0,0,0,0
aten::as_strided,,,3.06,3.06,0,0,0,0
aten::slice,,,2.91,6.44,0,0,0,0
aten::as_strided,,,3.53,3.53,0,0,0,0
aten::copy_,,,58.6,71.23,0,0.60003125,0,0
aclnnInplaceCopy,,,12.63,12.63,0.60003125,0.60003125,0,0
aten::slice,,,3.23,6.61,0,0,0,0
aten::as_strided,,,3.38,3.38,0,0,0,0
aten::slice,,,4.7,7.3,0,0,0,0
aten::as_strided,,,2.6,2.6,0,0,0,0
aten::copy_,,,62.51,75.94,0,0.64,0,0
aclnnInplaceCopy,,,13.43,13.43,0.64,0.64,0,0
aten::slice,,,6.47,9.17,0,0,0,0
aten::as_strided,,,2.7,2.7,0,0,0,0
aten::div,,,13.05,30.41,0,0,0,0
aten::to,,,2.08,17.36,0,0,0,0
aten::_to_copy,,,5.22,15.28,0,0,0,0
aten::empty_strided,,,3.05,3.05,0,0,0,0
aten::copy_,,,7.01,7.01,0,0,0,0
aten::slice,,,4.49,9.72,0,0,0,0
aten::as_strided,,,5.23,5.23,0,0,0,0
aten::slice,,,5.51,10.71,0,0,0,0
aten::as_strided,,,5.2,5.2,0,0,0,0
aten::slice,,,3.23,7.46,0,0,0,0
aten::as_strided,,,4.23,4.23,0,0,0,0
aten::slice,,,2.72,5.16,0,0,0,0
aten::as_strided,,,2.44,2.44,0,0,0,0
aten::fill_,,,18.44,33.3,0,1.22,0,0
aclnnInplaceFillScalar,,,14.86,14.86,1.22,1.22,0,0
aten::slice,,,4.95,8.71,0,0,0,0
aten::as_strided,,,3.76,3.76,0,0,0,0
aten::fill_,,,12.1,23.01,0,1.1600625,0,0
aclnnInplaceFillScalar,,,10.91,10.91,1.1600625,1.1600625,0,0
aten::slice,,,4.9,9.28,0,0,0,0
aten::as_strided,,,4.38,4.38,0,0,0,0
aten::slice,,,3.19,5.81,0,0,0,0
aten::as_strided,,,2.62,2.62,0,0,0,0
aten::slice,,,5.08,7.77,0,0,0,0
aten::as_strided,,,2.69,2.69,0,0,0,0
aten::slice,,,3.2,6.88,0,0,0,0
aten::as_strided,,,3.68,3.68,0,0,0,0
aten::slice,,,2.84,5.69,0,0,0,0
aten::as_strided,,,2.85,2.85,0,0,0,0
aten::slice,,,2.7,5.46,0,0,0,0
aten::as_strided,,,2.76,2.76,0,0,0,0
aten::slice,,,2.26,4.67,0,0,0,0
aten::as_strided,,,2.41,2.41,0,0,0,0
aten::fill_,,,15.27,28.26,0,1.28,0,0
aclnnInplaceFillScalar,,,12.99,12.99,1.28,1.28,0,0
aten::slice,,,5.09,8.97,0,0,0,0
aten::as_strided,,,3.88,3.88,0,0,0,0
aten::fill_,,,12.09,23.87,0,1.32003125,0,0
aclnnInplaceFillScalar,,,11.78,11.78,1.32003125,1.32003125,0,0
aten::slice,,,5.1,9.47,0,0,0,0
aten::as_strided,,,4.37,4.37,0,0,0,0
aten::slice,,,2.83,5.04,0,0,0,0
aten::as_strided,,,2.21,2.21,0,0,0,0
aten::slice,,,2.94,6.07,0,0,0,0
aten::as_strided,,,3.13,3.13,0,0,0,0
aten::slice,,,2.85,4.2,0,0,0,0
aten::as_strided,,,1.35,1.35,0,0,0,0
aten::slice,,,2.55,3.77,0,0,0,0
aten::as_strided,,,1.22,1.22,0,0,0,0
aten::slice,,,2.62,3.8,0,0,0,0
aten::as_strided,,,1.18,1.18,0,0,0,0
aten::slice,,,2.36,3.52,0,0,0,0
aten::as_strided,,,1.16,1.16,0,0,0,0
aten::slice,,,1.37,2.36,0,0,0,0
aten::as_strided,,,0.99,0.99,0,0,0,0
aten::diff,,,7.04,32.06,0,0,0,0
aten::narrow,,,4.96,8.25,0,0,0,0
aten::slice,,,1.8,3.29,0,0,0,0
aten::as_strided,,,1.49,1.49,0,0,0,0
aten::narrow,,,1.78,4.01,0,0,0,0
aten::slice,,,1.06,2.23,0,0,0,0
aten::as_strided,,,1.17,1.17,0,0,0,0
aten::sub,,,12.76,12.76,0,0,0,0
aten::eq,,,12.46,27.18,0,0,0,0
aten::to,,,1.58,14.72,0,0,0,0
aten::_to_copy,,,4.56,13.14,0,0,0,0
aten::empty_strided,,,2.87,2.87,0,0,0,0
aten::copy_,,,5.71,5.71,0,0,0,0
aten::__and__,,,1.99,6.81,0,0,0,0
aten::bitwise_and,,,4.82,4.82,0,0,0,0
aten::gt,,,7.68,16.12,0,0,0,0
aten::to,,,1.17,8.44,0,0,0,0
aten::_to_copy,,,2.38,7.27,0,0,0,0
aten::empty_strided,,,2.06,2.06,0,0,0,0
aten::copy_,,,2.83,2.83,0,0,0,0
aten::__and__,,,1.32,4.49,0,0,0,0
aten::bitwise_and,,,3.17,3.17,0,0,0,0
aten::any,,,10.25,12.89,0,0,0,0
aten::as_strided,,,1.5,1.5,0,0,0,0
aten::fill_,,,1.14,1.14,0,0,0,0
aten::item,,,1.79,3.13,0,0,0,0
aten::_local_scalar_dense,,,1.34,1.34,0,0,0,0
aten::slice,,,4.64,6.0,0,0,0,0
aten::as_strided,,,1.36,1.36,0,0,0,0
aten::slice,,,2.42,3.26,0,0,0,0
aten::as_strided,,,0.84,0.84,0,0,0,0
aten::sub,,,5.09,5.09,0,0,0,0
aten::select,,,3.36,4.44,0,0,0,0
aten::as_strided,,,1.08,1.08,0,0,0,0
aten::item,,,1.04,2.25,0,0,0,0
aten::_local_scalar_dense,,,1.21,1.21,0,0,0,0
aten::gt,,,7.03,15.7,0,0,0,0
aten::to,,,1.08,8.67,0,0,0,0
aten::_to_copy,,,2.83,7.59,0,0,0,0
aten::empty_strided,,,1.84,1.84,0,0,0,0
aten::copy_,,,2.92,2.92,0,0,0,0
aten::__ior__,,,1.74,5.91,0,0,0,0
aten::bitwise_or_,,,4.17,4.17,0,0,0,0
aten::any,,,7.85,9.72,0,0,0,0
aten::as_strided,,,1.14,1.14,0,0,0,0
aten::fill_,,,0.73,0.73,0,0,0,0
aten::is_nonzero,,,1.52,3.73,0,0,0,0
aten::item,,,1.24,2.21,0,0,0,0
aten::_local_scalar_dense,,,0.97,0.97,0,0,0,0
aten::select,,,4.93,10.23,0,0,0,0
aten::as_strided,,,5.3,5.3,0,0,0,0
aten::slice,,,4.8,8.68,0,0,0,0
aten::as_strided,,,3.88,3.88,0,0,0,0
aten::slice,,,2.77,5.11,0,0,0,0
aten::as_strided,,,2.34,2.34,0,0,0,0
aten::slice,,,2.44,4.74,0,0,0,0
aten::as_strided,,,2.3,2.3,0,0,0,0
aten::copy_,,,66.91,83.69,0,0.56003125,0,0
aclnnInplaceCopy,,,16.78,16.78,0.56003125,0.56003125,0,0
aten::slice,,,5.99,10.15,0,0,0,0
aten::as_strided,,,4.16,4.16,0,0,0,0
aten::fill_,,,16.68,28.9,0,1.32003125,0,0
aclnnInplaceFillScalar,,,12.22,12.22,1.32003125,1.32003125,0,0
aten::slice,,,5.55,9.47,0,0,0,0
aten::as_strided,,,3.92,3.92,0,0,0,0
aten::slice,,,2.85,5.44,0,0,0,0
aten::as_strided,,,2.59,2.59,0,0,0,0
aten::slice,,,2.7,5.45,0,0,0,0
aten::as_strided,,,2.75,2.75,0,0,0,0
aten::copy_,,,53.92,65.91,0,0.64003125,0,0
aclnnInplaceCopy,,,11.99,11.99,0.64003125,0.64003125,0,0
aten::slice,,,5.81,9.63,0,0,0,0
aten::as_strided,,,3.82,3.82,0,0,0,0
aten::slice,,,3.09,5.81,0,0,0,0
aten::as_strided,,,2.72,2.72,0,0,0,0
aten::expand_as,,,2.03,10.64,0,0,0,0
aten::expand,,,4.34,8.61,0,0,0,0
aten::as_strided,,,4.27,4.27,0,0,0,0
aten::copy_,,,46.53,59.32,0,0.56,0,0
aclnnInplaceCopy,,,12.79,12.79,0.56,0.56,0,0
aten::slice,,,6.39,10.68,0,0,0,0
aten::as_strided,,,4.29,4.29,0,0,0,0
aten::slice,,,3.82,7.47,0,0,0,0
aten::as_strided,,,3.65,3.65,0,0,0,0
aten::slice,,,2.59,5.5,0,0,0,0
aten::as_strided,,,2.91,2.91,0,0,0,0
aten::slice,,,2.45,5.32,0,0,0,0
aten::as_strided,,,2.87,2.87,0,0,0,0
aten::copy_,,,45.95,60.8,0,0.86003125,0,0
aclnnInplaceCopy,,,14.85,14.85,0.86003125,0.86003125,0,0
aten::slice,,,6.95,19.4,0,0,0,0
aten::as_strided,,,12.45,12.45,0,0,0,0
aten::slice,,,3.11,6.4,0,0,0,0
aten::as_strided,,,3.29,3.29,0,0,0,0
aten::slice,,,2.41,5.16,0,0,0,0
aten::as_strided,,,2.75,2.75,0,0,0,0
aten::sub,,,19.67,30.97,0,1.48003125,0,0
aclnnSub,,,11.3,11.3,1.48003125,1.48003125,0,0
aten::slice,,,6.96,9.67,0,0,0,0
aten::as_strided,,,2.71,2.71,0,0,0,0
aten::slice,,,3.18,7.66,0,0,0,0
aten::as_strided,,,4.48,4.48,0,0,0,0
aten::slice,,,3.13,7.91,0,0,0,0
aten::as_strided,,,4.78,4.78,0,0,0,0
aten::slice,,,2.85,6.12,0,0,0,0
aten::as_strided,,,3.27,3.27,0,0,0,0
aten::slice,,,2.49,4.73,0,0,0,0
aten::as_strided,,,2.24,2.24,0,0,0,0
aten::fill_,,,16.26,31.89,0,1.26,0,0
aclnnInplaceFillScalar,,,15.63,15.63,1.26,1.26,0,0
aten::slice,,,3.75,7.2,0,0,0,0
aten::as_strided,,,3.45,3.45,0,0,0,0
aten::fill_,,,10.67,17.85,0,1.20003125,0,0
aclnnInplaceFillScalar,,,7.18,7.18,1.20003125,1.20003125,0,0
aten::slice,,,4.58,8.67,0,0,0,0
aten::as_strided,,,4.09,4.09,0,0,0,0
aten::slice,,,2.38,4.0,0,0,0,0
aten::as_strided,,,1.62,1.62,0,0,0,0
aten::slice,,,2.79,14.98,0,0,0,0
aten::as_strided,,,12.19,12.19,0,0,0,0
aten::slice,,,2.94,4.65,0,0,0,0
aten::as_strided,,,1.71,1.71,0,0,0,0
aten::slice,,,2.22,3.91,0,0,0,0
aten::as_strided,,,1.69,1.69,0,0,0,0
aten::slice,,,2.43,3.33,0,0,0,0
aten::as_strided,,,0.9,0.9,0,0,0,0
aten::slice,,,2.3,3.13,0,0,0,0
aten::as_strided,,,0.83,0.83,0,0,0,0
aten::slice,,,1.3,2.42,0,0,0,0
aten::as_strided,,,1.12,1.12,0,0,0,0
aten::diff,,,6.63,30.68,0,0,0,0
aten::narrow,,,4.74,8.14,0,0,0,0
aten::slice,,,1.73,3.4,0,0,0,0
aten::as_strided,,,1.67,1.67,0,0,0,0
aten::narrow,,,1.85,3.47,0,0,0,0
aten::slice,,,0.97,1.62,0,0,0,0
aten::as_strided,,,0.65,0.65,0,0,0,0
aten::sub,,,12.44,12.44,0,0,0,0
aten::eq,,,12.01,27.0,0,0,0,0
aten::to,,,1.63,14.99,0,0,0,0
aten::_to_copy,,,4.73,13.36,0,0,0,0
aten::empty_strided,,,3.16,3.16,0,0,0,0
aten::copy_,,,5.47,5.47,0,0,0,0
aten::__and__,,,1.91,6.24,0,0,0,0
aten::bitwise_and,,,4.33,4.33,0,0,0,0
aten::gt,,,8.16,15.93,0,0,0,0
aten::to,,,0.93,7.77,0,0,0,0
aten::_to_copy,,,2.46,6.84,0,0,0,0
aten::empty_strided,,,1.8,1.8,0,0,0,0
aten::copy_,,,2.58,2.58,0,0,0,0
aten::__and__,,,1.29,4.32,0,0,0,0
aten::bitwise_and,,,3.03,3.03,0,0,0,0
aten::any,,,9.34,12.19,0,0,0,0
aten::as_strided,,,1.8,1.8,0,0,0,0
aten::fill_,,,1.05,1.05,0,0,0,0
aten::item,,,1.66,3.07,0,0,0,0
aten::_local_scalar_dense,,,1.41,1.41,0,0,0,0
aten::slice,,,4.42,6.17,0,0,0,0
aten::as_strided,,,1.75,1.75,0,0,0,0
aten::slice,,,2.25,3.18,0,0,0,0
aten::as_strided,,,0.93,0.93,0,0,0,0
aten::sub,,,5.66,5.66,0,0,0,0
aten::select,,,3.05,4.88,0,0,0,0
aten::as_strided,,,1.83,1.83,0,0,0,0
aten::item,,,0.93,1.85,0,0,0,0
aten::_local_scalar_dense,,,0.92,0.92,0,0,0,0
aten::gt,,,7.29,16.41,0,0,0,0
aten::to,,,1.03,9.12,0,0,0,0
aten::_to_copy,,,2.59,8.09,0,0,0,0
aten::empty_strided,,,2.28,2.28,0,0,0,0
aten::copy_,,,3.22,3.22,0,0,0,0
aten::__ior__,,,1.88,5.74,0,0,0,0
aten::bitwise_or_,,,3.86,3.86,0,0,0,0
aten::any,,,7.49,9.31,0,0,0,0
aten::as_strided,,,1.1,1.1,0,0,0,0
aten::fill_,,,0.72,0.72,0,0,0,0
aten::is_nonzero,,,1.34,3.83,0,0,0,0
aten::item,,,1.65,2.49,0,0,0,0
aten::_local_scalar_dense,,,0.84,0.84,0,0,0,0
aten::select,,,4.2,9.9,0,0,0,0
aten::as_strided,,,5.7,5.7,0,0,0,0
aten::slice,,,4.75,9.16,0,0,0,0
aten::as_strided,,,4.41,4.41,0,0,0,0
aten::slice,,,2.52,4.99,0,0,0,0
aten::as_strided,,,2.47,2.47,0,0,0,0
aten::slice,,,3.03,6.08,0,0,0,0
aten::as_strided,,,3.05,3.05,0,0,0,0
aten::copy_,,,67.91,84.41,0,0.54003125,0,0
aclnnInplaceCopy,,,16.5,16.5,0.54003125,0.54003125,0,0
aten::slice,,,6.04,10.04,0,0,0,0
aten::as_strided,,,4.0,4.0,0,0,0,0
aten::fill_,,,14.65,27.35,0,1.24003125,0,0
aclnnInplaceFillScalar,,,12.7,12.7,1.24003125,1.24003125,0,0
aten::slice,,,6.32,10.25,0,0,0,0
aten::as_strided,,,3.93,3.93,0,0,0,0
aten::slice,,,2.66,5.44,0,0,0,0
aten::as_strided,,,2.78,2.78,0,0,0,0
aten::slice,,,2.4,5.14,0,0,0,0
aten::as_strided,,,2.74,2.74,0,0,0,0
aten::copy_,,,54.04,66.75,0,0.6,0,0
aclnnInplaceCopy,,,12.71,12.71,0.6,0.6,0,0
aten::slice,,,6.11,9.9,0,0,0,0
aten::as_strided,,,3.79,3.79,0,0,0,0
aten::slice,,,2.73,5.54,0,0,0,0
aten::as_strided,,,2.81,2.81,0,0,0,0
aten::expand_as,,,1.71,8.87,0,0,0,0
aten::expand,,,3.51,7.16,0,0,0,0
aten::as_strided,,,3.65,3.65,0,0,0,0
aten::copy_,,,46.39,59.17,0,0.52,0,0
aclnnInplaceCopy,,,12.78,12.78,0.52,0.52,0,0
aten::slice,,,6.03,10.2,0,0,0,0
aten::as_strided,,,4.17,4.17,0,0,0,0
aten::slice,,,3.71,7.42,0,0,0,0
aten::as_strided,,,3.71,3.71,0,0,0,0
aten::slice,,,2.29,4.75,0,0,0,0
aten::as_strided,,,2.46,2.46,0,0,0,0
aten::slice,,,2.29,5.23,0,0,0,0
aten::as_strided,,,2.94,2.94,0,0,0,0
aten::copy_,,,44.86,56.74,0,0.64003125,0,0
aclnnInplaceCopy,,,11.88,11.88,0.64003125,0.64003125,0,0
aten::slice,,,4.97,8.36,0,0,0,0
aten::as_strided,,,3.39,3.39,0,0,0,0
aten::slice,,,2.35,5.13,0,0,0,0
aten::as_strided,,,2.78,2.78,0,0,0,0
aten::slice,,,2.32,5.06,0,0,0,0
aten::as_strided,,,2.74,2.74,0,0,0,0
aten::sub,,,17.79,43.15,0,1.44003125,0,0
aclnnSub,,,25.36,25.36,1.44003125,1.44003125,0,0
aten::slice,,,8.58,11.74,0,0,0,0
aten::as_strided,,,3.16,3.16,0,0,0,0
aten::slice,,,3.4,8.02,0,0,0,0
aten::as_strided,,,4.62,4.62,0,0,0,0
aten::slice,,,2.96,5.68,0,0,0,0
aten::as_strided,,,2.72,2.72,0,0,0,0
aten::slice,,,2.75,5.68,0,0,0,0
aten::as_strided,,,2.93,2.93,0,0,0,0
aten::slice,,,2.5,4.69,0,0,0,0
aten::as_strided,,,2.19,2.19,0,0,0,0
aten::fill_,,,16.85,31.93,0,1.30003125,0,0
aclnnInplaceFillScalar,,,15.08,15.08,1.30003125,1.30003125,0,0
aten::slice,,,5.46,9.13,0,0,0,0
aten::as_strided,,,3.67,3.67,0,0,0,0
aten::fill_,,,11.93,22.95,0,1.1,0,0
aclnnInplaceFillScalar,,,11.02,11.02,1.1,1.1,0,0
aten::slice,,,5.43,9.87,0,0,0,0
aten::as_strided,,,4.44,4.44,0,0,0,0
aten::slice,,,2.74,4.68,0,0,0,0
aten::as_strided,,,1.94,1.94,0,0,0,0
aten::slice,,,3.15,6.36,0,0,0,0
aten::as_strided,,,3.21,3.21,0,0,0,0
aten::slice,,,3.15,4.36,0,0,0,0
aten::as_strided,,,1.21,1.21,0,0,0,0
aten::slice,,,2.57,3.84,0,0,0,0
aten::as_strided,,,1.27,1.27,0,0,0,0
aten::slice,,,2.65,3.89,0,0,0,0
aten::as_strided,,,1.24,1.24,0,0,0,0
aten::slice,,,2.34,3.72,0,0,0,0
aten::as_strided,,,1.38,1.38,0,0,0,0
aten::slice,,,1.36,2.32,0,0,0,0
aten::as_strided,,,0.96,0.96,0,0,0,0
aten::diff,,,6.11,30.42,0,0,0,0
aten::narrow,,,4.76,8.1,0,0,0,0
aten::slice,,,1.84,3.34,0,0,0,0
aten::as_strided,,,1.5,1.5,0,0,0,0
aten::narrow,,,1.92,4.05,0,0,0,0
aten::slice,,,1.08,2.13,0,0,0,0
aten::as_strided,,,1.05,1.05,0,0,0,0
aten::sub,,,12.16,12.16,0,0,0,0
aten::eq,,,11.98,27.02,0,0,0,0
aten::to,,,1.73,15.04,0,0,0,0
aten::_to_copy,,,4.75,13.31,0,0,0,0
aten::empty_strided,,,2.95,2.95,0,0,0,0
aten::copy_,,,5.61,5.61,0,0,0,0
aten::__and__,,,2.11,6.49,0,0,0,0
aten::bitwise_and,,,4.38,4.38,0,0,0,0
aten::gt,,,7.21,16.67,0,0,0,0
aten::to,,,1.03,9.46,0,0,0,0
aten::_to_copy,,,3.19,8.43,0,0,0,0
aten::empty_strided,,,2.2,2.2,0,0,0,0
aten::copy_,,,3.04,3.04,0,0,0,0
aten::__and__,,,1.58,4.6,0,0,0,0
aten::bitwise_and,,,3.02,3.02,0,0,0,0
aten::any,,,9.05,11.66,0,0,0,0
aten::as_strided,,,1.43,1.43,0,0,0,0
aten::fill_,,,1.18,1.18,0,0,0,0
aten::item,,,1.77,3.02,0,0,0,0
aten::_local_scalar_dense,,,1.25,1.25,0,0,0,0
aten::slice,,,4.3,5.71,0,0,0,0
aten::as_strided,,,1.41,1.41,0,0,0,0
aten::slice,,,2.28,3.07,0,0,0,0
aten::as_strided,,,0.79,0.79,0,0,0,0
aten::sub,,,5.25,5.25,0,0,0,0
aten::select,,,3.1,4.29,0,0,0,0
aten::as_strided,,,1.19,1.19,0,0,0,0
aten::item,,,1.2,2.21,0,0,0,0
aten::_local_scalar_dense,,,1.01,1.01,0,0,0,0
aten::gt,,,7.59,17.73,0,0,0,0
aten::to,,,1.15,10.14,0,0,0,0
aten::_to_copy,,,3.26,8.99,0,0,0,0
aten::empty_strided,,,2.26,2.26,0,0,0,0
aten::copy_,,,3.47,3.47,0,0,0,0
aten::__ior__,,,1.93,6.22,0,0,0,0
aten::bitwise_or_,,,4.29,4.29,0,0,0,0
aten::any,,,8.04,10.0,0,0,0,0
aten::as_strided,,,1.17,1.17,0,0,0,0
aten::fill_,,,0.79,0.79,0,0,0,0
aten::is_nonzero,,,1.55,3.9,0,0,0,0
aten::item,,,1.37,2.35,0,0,0,0
aten::_local_scalar_dense,,,0.98,0.98,0,0,0,0
aten::select,,,4.43,10.26,0,0,0,0
aten::as_strided,,,5.83,5.83,0,0,0,0
aten::slice,,,5.36,9.61,0,0,0,0
aten::as_strided,,,4.25,4.25,0,0,0,0
aten::slice,,,2.79,5.26,0,0,0,0
aten::as_strided,,,2.47,2.47,0,0,0,0
aten::slice,,,2.28,4.73,0,0,0,0
aten::as_strided,,,2.45,2.45,0,0,0,0
aten::copy_,,,66.63,83.18,0,0.56,0,0
aclnnInplaceCopy,,,16.55,16.55,0.56,0.56,0,0
aten::slice,,,5.94,9.81,0,0,0,0
aten::as_strided,,,3.87,3.87,0,0,0,0
aten::fill_,,,15.86,27.79,0,1.28003125,0,0
aclnnInplaceFillScalar,,,11.93,11.93,1.28003125,1.28003125,0,0
aten::slice,,,5.53,9.51,0,0,0,0
aten::as_strided,,,3.98,3.98,0,0,0,0
aten::slice,,,2.89,5.7,0,0,0,0
aten::as_strided,,,2.81,2.81,0,0,0,0
aten::slice,,,2.59,5.09,0,0,0,0
aten::as_strided,,,2.5,2.5,0,0,0,0
aten::copy_,,,52.61,65.4,0,0.64003125,0,0
aclnnInplaceCopy,,,12.79,12.79,0.64003125,0.64003125,0,0
aten::slice,,,5.48,10.15,0,0,0,0
aten::as_strided,,,4.67,4.67,0,0,0,0
aten::slice,,,3.03,5.94,0,0,0,0
aten::as_strided,,,2.91,2.91,0,0,0,0
aten::expand_as,,,2.1,9.49,0,0,0,0
aten::expand,,,3.89,7.39,0,0,0,0
aten::as_strided,,,3.5,3.5,0,0,0,0
aten::copy_,,,46.84,59.32,0,0.56003125,0,0
aclnnInplaceCopy,,,12.48,12.48,0.56003125,0.56003125,0,0
aten::slice,,,6.36,10.84,0,0,0,0
aten::as_strided,,,4.48,4.48,0,0,0,0
aten::slice,,,3.83,7.2,0,0,0,0
aten::as_strided,,,3.37,3.37,0,0,0,0
aten::slice,,,2.63,4.96,0,0,0,0
aten::as_strided,,,2.33,2.33,0,0,0,0
aten::slice,,,2.44,5.06,0,0,0,0
aten::as_strided,,,2.62,2.62,0,0,0,0
aten::copy_,,,64.57,77.92,0,0.6,0,0
aclnnInplaceCopy,,,13.35,13.35,0.6,0.6,0,0
aten::slice,,,6.32,10.19,0,0,0,0
aten::as_strided,,,3.87,3.87,0,0,0,0
aten::slice,,,2.61,5.13,0,0,0,0
aten::as_strided,,,2.52,2.52,0,0,0,0
aten::slice,,,2.81,5.51,0,0,0,0
aten::as_strided,,,2.7,2.7,0,0,0,0
aten::sub,,,17.99,28.88,0,1.44,0,0
aclnnSub,,,10.89,10.89,1.44,1.44,0,0
Event::record,,,162.23,180.95,0,0.02,0,0
record_event,,,18.72,18.72,0.02,0.02,0,0
aten::slice,,,8.78,16.05,0,0,0,0
aten::as_strided,,,7.27,7.27,0,0,0,0
aten::slice,,,3.73,6.81,0,0,0,0
aten::as_strided,,,3.08,3.08,0,0,0,0
aten::slice,,,2.46,4.59,0,0,0,0
aten::as_strided,,,2.13,2.13,0,0,0,0
aten::zero_,,,17.9,31.97,0,1.84003125,0,0
aclnnInplaceZero,,,14.07,14.07,1.84003125,1.84003125,0,0
aten::slice,,,8.04,15.21,0,0,0,0
aten::as_strided,,,7.17,7.17,0,0,0,0
aten::scalar_tensor,,,6.71,54.43,0,1.62003125,0,0
aten::empty,,,2.94,14.42,0,0,0,0
empty_tensor,,,11.48,11.48,0,0,0,0
aten::fill_,,,17.95,33.3,0,1.62003125,0,0
aclnnInplaceFillScalar,,,15.35,15.35,1.62003125,1.62003125,0,0
aten::slice,,,6.52,12.21,0,0,0,0
aten::as_strided,,,5.69,5.69,0,0,0,0
aten::view,,,3.27,3.27,0,0,0,0
aten::expand,,,2.01,4.23,0,0,0,0
aten::as_strided,,,2.22,2.22,0,0,0,0
aten::copy_,,,23.87,35.4,0,4.1000625,0,0
aclnnInplaceCopy,,,11.53,11.53,4.1000625,4.1000625,0,0
aten::scalar_tensor,,,5.02,36.26,0,1.32003125,0,0
aten::empty,,,2.43,9.03,0,0,0,0
empty_tensor,,,6.6,6.6,0,0,0,0
aten::fill_,,,10.96,22.21,0,1.32003125,0,0
aclnnInplaceFillScalar,,,11.25,11.25,1.32003125,1.32003125,0,0
aten::slice,,,4.93,10.48,0,0,0,0
aten::as_strided,,,5.55,5.55,0,0,0,0
aten::view,,,2.16,2.16,0,0,0,0
aten::expand,,,1.67,3.26,0,0,0,0
aten::as_strided,,,1.59,1.59,0,0,0,0
aten::copy_,,,56.17,67.64,0,0.58,0,0
aclnnInplaceCopy,,,11.47,11.47,0.58,0.58,0,0
aten::index,,,40.15,71.85,0,17.38034375,0,0
empty_tensor,,,7.59,7.59,0,0,0,0
empty_tensor,,,9.0,9.0,0,0,0,0
aclnnIndex,,,15.11,15.11,17.38034375,17.38034375,0,0
aten::linear,,,5.87,68.56,0,906.878125,0,906.878125
aten::t,,,6.31,16.38,0,0,0,0
aten::transpose,,,3.67,10.07,0,0,0,0
aten::as_strided,,,6.4,6.4,0,0,0,0
aten::matmul,,,23.99,46.31,0,906.878125,0,906.878125
empty_tensor,,,8.54,8.54,0,0,0,0
aclnnMatmul,,,13.78,13.78,906.878125,906.878125,906.878125,906.878125
aten::alias,,,2.96,2.96,0,0,0,0
aten::log_softmax,,,8.57,110.84,0,52.3810625,0,0
aten::to,,,3.27,67.04,0,7.90015625,0,0
aten::_to_copy,,,7.23,63.77,0,7.90015625,0,0
aten::empty_strided,,,12.52,19.6,0,0,0,0
empty_tensor,,,7.08,7.08,0,0,0,0
aten::copy_,,,22.14,36.94,0,7.90015625,0,0
aclnnInplaceCopy,,,14.8,14.8,7.90015625,7.90015625,0,0
aten::_log_softmax,,,17.92,35.23,0,44.48090625,0,0
empty_tensor,,,7.62,7.62,0,0,0,0
aclnnLogSoftmax,,,9.69,9.69,44.48090625,44.48090625,0,0
aten::to,,,1.92,45.53,0,3.2000625,0,0
aten::_to_copy,,,5.24,43.61,0,3.2000625,0,0
aten::empty_strided,,,8.69,12.82,0,0,0,0
empty_tensor,,,4.13,4.13,0,0,0,0
aten::copy_,,,15.66,25.55,0,3.2000625,0,0
aclnnInplaceCopy,,,9.89,9.89,3.2000625,3.2000625,0,0
aten::argmax,,,7.12,59.59,0,21.240406250000003,0,0
aten::empty,,,2.85,11.12,0,0,0,0
empty_tensor,,,8.27,8.27,0,0,0,0
aten::argmax,,,24.11,41.35,0,21.240406250000003,0,0
aten::reshape,,,2.58,7.73,0,0,0,0
aten::view,,,5.15,5.15,0,0,0,0
aclnnArgMax,,,9.51,9.51,21.240406250000003,21.240406250000003,0,0
aten::view,,,3.92,3.92,0,0,0,0
aten::to,,,1.42,1.42,0,0,0,0
aten::topk,,,20.36,42.83,0,41.7608125,0,0
empty_tensor,,,7.11,7.11,0,0,0,0
empty_tensor,,,5.31,5.31,0,0,0,0
aclnnTopk,,,10.05,10.05,41.7608125,41.7608125,0,0
aten::unsqueeze,,,4.17,8.95,0,0,0,0
aten::as_strided,,,4.78,4.78,0,0,0,0
aten::gather,,,27.92,45.85,0,5.800125,0,0
empty_tensor,,,7.09,7.09,0,0,0,0
aclnnGather,,,10.84,10.84,5.800125,5.800125,0,0
TorchDynamo Cache Lookup,,,36.05,36.05,0,0,0,0
Torch-Compiled Region: 0/0,,,109.57,199.55,0,42.20084375,0,0
aten::_assert_scalar,,,2.71,2.71,0,0,0,0
aten::_assert_scalar,,,1.64,1.64,0,0,0,0
aten::_assert_scalar,,,1.45,1.45,0,0,0,0
aten::ge,,,19.86,45.93,0,13.20025,0,0
empty_tensor,,,11.68,11.68,0,0,0,0
aclnnGeTensor,,,14.39,14.39,13.20025,13.20025,0,0
aten::sum,,,20.33,38.25,0,29.00059375,0,0
empty_tensor,,,7.83,7.83,0,0,0,0
aclnnReduceSum,,,10.09,10.09,29.00059375,29.00059375,0,0
aten::cat,,,19.29,37.76,0,3.2600625,0,0
empty_tensor,,,7.91,7.91,0,0,0,0
aclnnCat,,,10.56,10.56,3.2600625,3.2600625,0,0
aten::cat,,,14.05,29.78,0,2.66003125,0,0
empty_tensor,,,6.19,6.19,0,0,0,0
aclnnCat,,,9.54,9.54,2.66003125,2.66003125,0,0
aten::to,,,1.89,46.85,0,1.3600625,0,0
aten::_to_copy,,,5.99,44.96,0,1.3600625,0,0
aten::empty_strided,,,7.89,12.21,0,0,0,0
empty_tensor,,,4.32,4.32,0,0,0,0
aten::copy_,,,16.22,26.76,0,1.3600625,0,0
aclnnInplaceCopy,,,10.54,10.54,1.3600625,1.3600625,0,0
aten::to,,,1.38,42.19,0,1.48,0,0
aten::_to_copy,,,4.64,40.81,0,1.48,0,0
aten::empty_strided,,,6.67,11.1,0,0,0,0
empty_tensor,,,4.43,4.43,0,0,0,0
aten::copy_,,,14.28,25.07,0,1.48,0,0
aclnnInplaceCopy,,,10.79,10.79,1.48,1.48,0,0
aten::unsqueeze,,,3.86,8.95,0,0,0,0
aten::as_strided,,,5.09,5.09,0,0,0,0
Event::record,,,174.84,194.84,0,0.02,0,0
record_event,,,20.0,20.0,0.02,0.02,0,0
aten::slice,,,5.12,13.24,0,0,0,0
aten::as_strided,,,8.12,8.12,0,0,0,0
Event::wait,,,75.61,95.06,0,2465.10928125,0,0
wait_event,,,19.45,19.45,2465.10928125,2465.10928125,0,0
Event::record,,,92.3,110.87,0,0.02,0,0
record_event,,,18.57,18.57,0.02,0.02,0,0
Event::wait,,,59.87,74.34,0,2097.16190625,0,0
wait_event,,,14.47,14.47,2097.16190625,2097.16190625,0,0
destroy_event,,,10.01,10.01,0,0,0,0
aten::to,,,3.91,65.76,0,2.04003125,0,0
aten::_to_copy,,,7.26,61.85,0,2.04003125,0,0
aten::empty_strided,,,24.99,24.99,0,0,0,0
aten::copy_,,,18.08,29.6,0,2.04003125,0,0
acl_memcpy_device_to_host,,,11.52,11.52,2.04003125,2.04003125,0,0
aten::to,,,2.35,37.52,0,2.0200625,0,0
aten::_to_copy,,,5.15,35.17,0,2.0200625,0,0
aten::empty_strided,,,3.8,3.8,0,0,0,0
aten::copy_,,,14.6,26.22,0,2.0200625,0,0
acl_memcpy_device_to_host,,,11.62,11.62,2.0200625,2.0200625,0,0
aten::to,,,2.0,31.08,0,2.00003125,0,0
aten::_to_copy,,,4.8,29.08,0,2.00003125,0,0
aten::empty_strided,,,3.48,3.48,0,0,0,0
aten::copy_,,,11.3,20.8,0,2.00003125,0,0
acl_memcpy_device_to_host,,,9.5,9.5,2.00003125,2.00003125,0,0
aten::to,,,1.56,30.09,0,2.06003125,0,0
aten::_to_copy,,,3.86,28.53,0,2.06003125,0,0
aten::empty_strided,,,2.76,2.76,0,0,0,0
aten::copy_,,,11.62,21.91,0,2.06003125,0,0
acl_memcpy_device_to_host,,,10.29,10.29,2.06003125,2.06003125,0,0
Event::record,,,179.17,195.08,0,0.02,0,0
record_event,,,15.91,15.91,0.02,0.02,0,0
Event::synchronize,,,80.49,80.49,0,0,0,0
aten::resolve_conj,,,1.3,1.3,0,0,0,0
aten::resolve_neg,,,0.8,0.8,0,0,0,0
aten::to,,,3.04,3.04,0,0,0,0
aten::detach,,,3.49,3.49,0,0,0,0
aten::to,,,0.73,0.73,0,0,0,0
aten::resolve_conj,,,1.18,1.18,0,0,0,0
aten::resolve_neg,,,0.28,0.28,0,0,0,0
aten::to,,,1.32,1.32,0,0,0,0
aten::detach,,,1.65,1.65,0,0,0,0
aten::to,,,0.51,0.51,0,0,0,0
aten::resolve_conj,,,0.38,0.38,0,0,0,0
aten::resolve_neg,,,0.25,0.25,0,0,0,0
aten::to,,,1.36,1.36,0,0,0,0
aten::detach,,,1.38,1.38,0,0,0,0
aten::to,,,0.53,0.53,0,0,0,0
aten::resolve_conj,,,0.34,0.34,0,0,0,0
aten::resolve_neg,,,0.28,0.28,0,0,0,0
destroy_event,,,20.03,20.03,0,0,0,0
record_event,,,6.24,6.24,0.0,0.0,0,0
Event::synchronize,,,144.85,144.85,0,0,0,0
aten::slice,,,12.14,20.32,0,0,0,0
aten::as_strided,,,8.18,8.18,0,0,0,0
aten::slice,,,3.0,5.34,0,0,0,0
aten::as_strided,,,2.34,2.34,0,0,0,0
aten::slice,,,2.27,4.18,0,0,0,0
aten::as_strided,,,1.91,1.91,0,0,0,0
aten::slice,,,8.48,11.85,0,0,0,0
aten::as_strided,,,3.37,3.37,0,0,0,0
aten::slice,,,3.2,10.32,0,0,0,0
aten::as_strided,,,7.12,7.12,0,0,0,0
aten::pin_memory,,,5.07,22.41,0,0,0,0
aten::is_pinned,,,17.34,17.34,0,0,0,0
aten::copy_,,,19.04,37.8,0,2.40003125,0,0
acl_memcpy_host_to_device,,,18.76,18.76,2.40003125,2.40003125,0,0
aten::slice,,,6.45,8.83,0,0,0,0
aten::as_strided,,,2.38,2.38,0,0,0,0
aten::slice,,,3.26,7.88,0,0,0,0
aten::as_strided,,,4.62,4.62,0,0,0,0
aten::pin_memory,,,3.87,12.49,0,0,0,0
aten::is_pinned,,,8.62,8.62,0,0,0,0
aten::copy_,,,13.64,26.92,0,2.14003125,0,0
acl_memcpy_host_to_device,,,13.28,13.28,2.14003125,2.14003125,0,0
aten::slice,,,4.88,7.51,0,0,0,0
aten::as_strided,,,2.63,2.63,0,0,0,0
aten::slice,,,2.77,6.65,0,0,0,0
aten::as_strided,,,3.88,3.88,0,0,0,0
aten::pin_memory,,,3.59,11.12,0,0,0,0
aten::is_pinned,,,7.53,7.53,0,0,0,0
aten::copy_,,,12.86,26.67,0,2.34003125,0,0
acl_memcpy_host_to_device,,,13.81,13.81,2.34003125,2.34003125,0,0
aten::slice,,,4.96,6.9,0,0,0,0
aten::as_strided,,,1.94,1.94,0,0,0,0
aten::slice,,,2.94,6.86,0,0,0,0
aten::as_strided,,,3.92,3.92,0,0,0,0
aten::pin_memory,,,3.71,10.98,0,0,0,0
aten::is_pinned,,,7.27,7.27,0,0,0,0
aten::copy_,,,12.39,24.37,0,2.2000625,0,0
acl_memcpy_host_to_device,,,11.98,11.98,2.2000625,2.2000625,0,0
aten::slice,,,4.49,6.87,0,0,0,0
aten::as_strided,,,2.38,2.38,0,0,0,0
aten::slice,,,2.86,6.76,0,0,0,0
aten::as_strided,,,3.9,3.9,0,0,0,0
aten::pin_memory,,,3.04,10.56,0,0,0,0
aten::is_pinned,,,7.52,7.52,0,0,0,0
aten::copy_,,,12.59,24.2,0,2.14003125,0,0
acl_memcpy_host_to_device,,,11.61,11.61,2.14003125,2.14003125,0,0
aten::slice,,,9.24,12.91,0,0,0,0
aten::as_strided,,,3.67,3.67,0,0,0,0
aten::slice,,,3.85,10.14,0,0,0,0
aten::as_strided,,,6.29,6.29,0,0,0,0
aten::pin_memory,,,4.6,17.89,0,0,0,0
aten::is_pinned,,,13.29,13.29,0,0,0,0
aten::copy_,,,16.87,32.78,0,2.34003125,0,0
acl_memcpy_host_to_device,,,15.91,15.91,2.34003125,2.34003125,0,0
aten::slice,,,6.45,11.5,0,0,0,0
aten::as_strided,,,5.05,5.05,0,0,0,0
aten::lift_fresh,,,1.36,1.36,0,0,0,0
aten::lift_fresh,,,0.9,0.9,0,0,0,0
aten::flatten,,,3.35,9.93,0,0,0,0
aten::view,,,6.58,6.58,0,0,0,0
aten::slice,,,3.78,5.41,0,0,0,0
aten::as_strided,,,1.63,1.63,0,0,0,0
aten::index_select,,,6.4,6.4,0,0,0,0
aten::pin_memory,,,4.02,16.29,0,0,0,0
aten::is_pinned,,,12.27,12.27,0,0,0,0
aten::copy_,,,15.14,30.32,0,2.36003125,0,0
acl_memcpy_host_to_device,,,15.18,15.18,2.36003125,2.36003125,0,0
aten::pin_memory,,,4.1,12.38,0,0,0,0
aten::is_pinned,,,8.28,8.28,0,0,0,0
aten::copy_,,,13.31,24.67,0,2.28003125,0,0
acl_memcpy_host_to_device,,,11.36,11.36,2.28003125,2.28003125,0,0
aten::slice,,,7.71,10.21,0,0,0,0
aten::as_strided,,,2.5,2.5,0,0,0,0
aten::lift_fresh,,,1.1,1.1,0,0,0,0
aten::slice,,,3.62,4.77,0,0,0,0
aten::as_strided,,,1.15,1.15,0,0,0,0
aten::add,,,13.5,13.5,0,0,0,0
aten::slice,,,3.63,4.94,0,0,0,0
aten::as_strided,,,1.31,1.31,0,0,0,0
aten::fill_,,,5.08,5.08,0,0,0,0
aten::slice,,,4.14,10.69,0,0,0,0
aten::as_strided,,,6.55,6.55,0,0,0,0
aten::fill_,,,20.05,35.78,0,1.84003125,0,0
aclnnInplaceFillScalar,,,15.73,15.73,1.84003125,1.84003125,0,0
aten::empty,,,33.45,33.45,0,0,0,0
aten::to,,,1.49,1.49,0,0,0,0
aten::lift_fresh,,,1.03,1.03,0,0,0,0
aten::detach_,,,0.79,0.79,0,0,0,0
aten::to,,,3.02,59.88,0,2.2200625,0,0
aten::_to_copy,,,6.79,56.86,0,2.2200625,0,0
aten::empty_strided,,,11.54,18.44,0,0,0,0
empty_tensor,,,6.9,6.9,0,0,0,0
aten::copy_,,,17.79,31.63,0,2.2200625,0,0
acl_memcpy_host_to_device,,,13.84,13.84,2.2200625,2.2200625,0,0
record_event,,,13.62,13.62,0.02,0.02,0,0
aten::empty,,,15.81,15.81,0,0,0,0
aten::to,,,1.09,1.09,0,0,0,0
aten::lift_fresh,,,0.96,0.96,0,0,0,0
aten::detach_,,,0.8,0.8,0,0,0,0
aten::to,,,2.32,50.42,0,2.36003125,0,0
aten::_to_copy,,,6.02,48.1,0,2.36003125,0,0
aten::empty_strided,,,9.53,15.66,0,0,0,0
empty_tensor,,,6.13,6.13,0,0,0,0
aten::copy_,,,14.78,26.42,0,2.36003125,0,0
acl_memcpy_host_to_device,,,11.64,11.64,2.36003125,2.36003125,0,0
record_event,,,11.97,11.97,0.02,0.02,0,0
aten::select,,,4.86,9.16,0,0,0,0
aten::as_strided,,,4.3,4.3,0,0,0,0
aten::index,,,33.87,55.68,0,11.60021875,0,0
empty_tensor,,,4.43,4.43,0,0,0,0
empty_tensor,,,6.74,6.74,0,0,0,0
aclnnIndex,,,10.64,10.64,11.60021875,11.60021875,0,0
aten::scatter_,,,206.11,222.66,0,4.0600625,0,0
aclnnInplaceScatter,,,16.55,16.55,4.0600625,4.0600625,0,0
aten::slice,,,10.17,13.34,0,0,0,0
aten::as_strided,,,3.17,3.17,0,0,0,0
aten::detach,,,3.57,3.57,0,0,0,0
aten::to,,,1.78,1.78,0,0,0,0
aten::resolve_conj,,,0.7,0.7,0,0,0,0
aten::resolve_neg,,,1.03,1.03,0,0,0,0
aten::slice,,,5.42,7.45,0,0,0,0
aten::as_strided,,,2.03,2.03,0,0,0,0
aten::slice,,,3.15,9.09,0,0,0,0
aten::as_strided,,,5.94,5.94,0,0,0,0
aten::pin_memory,,,4.4,19.49,0,0,0,0
aten::is_pinned,,,15.09,15.09,0,0,0,0
aten::copy_,,,4.13,4.13,0,0,0,0
aten::slice,,,5.89,8.41,0,0,0,0
aten::as_strided,,,2.52,2.52,0,0,0,0
aten::slice,,,2.95,6.74,0,0,0,0
aten::as_strided,,,3.79,3.79,0,0,0,0
aten::pin_memory,,,3.32,11.94,0,0,0,0
aten::is_pinned,,,8.62,8.62,0,0,0,0
aten::copy_,,,15.93,31.42,0,2.1800625,0,0
acl_memcpy_host_to_device,,,15.49,15.49,2.1800625,2.1800625,0,0
aten::fill_,,,19.19,33.19,0,1.34003125,0,0
aclnnInplaceFillScalar,,,14.0,14.0,1.34003125,1.34003125,0,0
aten::slice,,,5.46,10.15,0,0,0,0
aten::as_strided,,,4.69,4.69,0,0,0,0
aten::slice,,,4.03,5.81,0,0,0,0
aten::as_strided,,,1.78,1.78,0,0,0,0
aten::copy_,,,20.29,27.6,0,2.1800625,0,0
acl_memcpy_host_to_device,,,7.31,7.31,2.1800625,2.1800625,0,0
aten::slice,,,6.08,8.18,0,0,0,0
aten::as_strided,,,2.1,2.1,0,0,0,0
aten::slice,,,2.96,7.03,0,0,0,0
aten::as_strided,,,4.07,4.07,0,0,0,0
aten::pin_memory,,,5.65,15.31,0,0,0,0
aten::is_pinned,,,9.66,9.66,0,0,0,0
aten::copy_,,,13.31,30.07,0,2.34003125,0,0
acl_memcpy_host_to_device,,,16.76,16.76,2.34003125,2.34003125,0,0
aten::slice,,,4.76,10.41,0,0,0,0
aten::as_strided,,,5.65,5.65,0,0,0,0
aten::slice,,,3.05,4.49,0,0,0,0
aten::as_strided,,,1.44,1.44,0,0,0,0
aten::slice,,,2.4,5.26,0,0,0,0
aten::as_strided,,,2.86,2.86,0,0,0,0
aten::pin_memory,,,3.21,10.96,0,0,0,0
aten::is_pinned,,,7.75,7.75,0,0,0,0
aten::copy_,,,12.51,24.77,0,2.1400625,0,0
acl_memcpy_host_to_device,,,12.26,12.26,2.1400625,2.1400625,0,0
aten::slice,,,5.62,7.91,0,0,0,0
aten::as_strided,,,2.29,2.29,0,0,0,0
aten::slice,,,2.89,7.43,0,0,0,0
aten::as_strided,,,4.54,4.54,0,0,0,0
aten::pin_memory,,,3.41,11.24,0,0,0,0
aten::is_pinned,,,7.83,7.83,0,0,0,0
aten::copy_,,,13.48,29.71,0,2.20003125,0,0
acl_memcpy_host_to_device,,,16.23,16.23,2.20003125,2.20003125,0,0
aten::slice,,,5.32,8.99,0,0,0,0
aten::as_strided,,,3.67,3.67,0,0,0,0
aten::index,,,32.67,60.39,0,8.4801875,0,0
empty_tensor,,,7.0,7.0,0,0,0,0
empty_tensor,,,8.14,8.14,0,0,0,0
aclnnIndex,,,12.58,12.58,8.4801875,8.4801875,0,0
aten::to,,,2.59,50.02,0,1.24003125,0,0
aten::_to_copy,,,7.11,47.43,0,1.24003125,0,0
aten::empty_strided,,,8.44,13.02,0,0,0,0
empty_tensor,,,4.58,4.58,0,0,0,0
aten::copy_,,,15.79,27.3,0,1.24003125,0,0
aclnnInplaceCopy,,,11.51,11.51,1.24003125,1.24003125,0,0
aten::slice,,,6.34,10.36,0,0,0,0
aten::as_strided,,,4.02,4.02,0,0,0,0
aten::add,,,18.82,36.16,0,2.48003125,0,0
empty_tensor,,,6.97,6.97,0,0,0,0
aclnnAdd,,,10.37,10.37,2.48003125,2.48003125,0,0
aten::slice,,,4.95,8.98,0,0,0,0
aten::as_strided,,,4.03,4.03,0,0,0,0
aten::copy_,,,56.33,74.24,0,0.66,0,0
aclnnInplaceCopy,,,17.91,17.91,0.66,0.66,0,0
aten::slice,,,6.4,10.27,0,0,0,0
aten::as_strided,,,3.87,3.87,0,0,0,0
aten::add,,,18.46,38.13,0,1.56003125,0,0
empty_tensor,,,8.12,8.12,0,0,0,0
aclnnAdd,,,11.55,11.55,1.56003125,1.56003125,0,0
aten::slice,,,4.92,9.08,0,0,0,0
aten::as_strided,,,4.16,4.16,0,0,0,0
aten::copy_,,,48.67,61.34,0,0.60003125,0,0
aclnnInplaceCopy,,,12.67,12.67,0.60003125,0.60003125,0,0
aten::slice,,,5.93,10.0,0,0,0,0
aten::as_strided,,,4.07,4.07,0,0,0,0
aten::fill_,,,13.75,25.28,0,1.42,0,0
aclnnInplaceFillScalar,,,11.53,11.53,1.42,1.42,0,0
aten::slice,,,4.84,8.34,0,0,0,0
aten::as_strided,,,3.5,3.5,0,0,0,0
aten::slice,,,3.0,6.36,0,0,0,0
aten::as_strided,,,3.36,3.36,0,0,0,0
compute_slot_mapping_fused_groups_adaptive_kernel,,,25.54,25.54,4.80009375,4.80009375,0,0
aten::slice,,,8.95,16.32,0,0,0,0
aten::as_strided,,,7.37,7.37,0,0,0,0
aten::sub,,,26.49,56.78,0,1.54003125,0,0
empty_tensor,,,10.95,10.95,0,0,0,0
aten::item,,,2.1,4.01,0,0,0,0
aten::_local_scalar_dense,,,1.91,1.91,0,0,0,0
aclnnSubs,,,15.33,15.33,1.54003125,1.54003125,0,0
aten::pin_memory,,,7.06,25.02,0,0,0,0
aten::is_pinned,,,17.96,17.96,0,0,0,0
aten::copy_,,,18.65,35.92,0,2.4000625,0,0
acl_memcpy_host_to_device,,,17.27,17.27,2.4000625,2.4000625,0,0
aten::detach,,,4.23,4.23,0,0,0,0
aten::to,,,1.99,1.99,0,0,0,0
aten::resolve_conj,,,0.71,0.71,0,0,0,0
aten::resolve_neg,,,0.53,0.53,0,0,0,0
aten::slice,,,8.1,16.53,0,0,0,0
aten::as_strided,,,8.43,8.43,0,0,0,0
aten::slice,,,2.96,6.15,0,0,0,0
aten::as_strided,,,3.19,3.19,0,0,0,0
aten::slice,,,2.67,5.2,0,0,0,0
aten::as_strided,,,2.53,2.53,0,0,0,0
aten::fill_,,,20.35,37.45,0,0,0,0
aclnnInplaceFillScalar,,,17.1,17.1,0,0,0,0
aten::slice,,,4.75,8.81,0,0,0,0
aten::as_strided,,,4.06,4.06,0,0,0,0
aten::fill_,,,13.04,24.59,0,0,0,0
aclnnInplaceFillScalar,,,11.55,11.55,0,0,0,0
aten::slice,,,4.58,7.04,0,0,0,0
aten::as_strided,,,2.46,2.46,0,0,0,0
aten::slice,,,2.74,3.51,0,0,0,0
aten::as_strided,,,0.77,0.77,0,0,0,0
aten::lt,,,13.31,13.31,0,0,0,0
aten::lift_fresh,,,1.38,1.38,0,0,0,0
aten::slice,,,1.36,2.41,0,0,0,0
aten::as_strided,,,1.05,1.05,0,0,0,0
aten::fill_,,,2.42,8.36,0,0,0,0
aten::copy_,,,5.94,5.94,0,0,0,0
aten::slice,,,3.84,5.47,0,0,0,0
aten::as_strided,,,1.63,1.63,0,0,0,0
aten::slice,,,2.87,7.64,0,0,0,0
aten::as_strided,,,4.77,4.77,0,0,0,0
aten::slice,,,2.56,4.19,0,0,0,0
aten::as_strided,,,1.63,1.63,0,0,0,0
aten::slice,,,3.05,5.55,0,0,0,0
aten::as_strided,,,2.5,2.5,0,0,0,0
aten::slice,,,2.06,3.02,0,0,0,0
aten::as_strided,,,0.96,0.96,0,0,0,0
aten::slice,,,1.91,3.53,0,0,0,0
aten::as_strided,,,1.62,1.62,0,0,0,0
aten::slice,,,2.51,5.42,0,0,0,0
aten::as_strided,,,2.91,2.91,0,0,0,0
aten::slice,,,2.55,4.54,0,0,0,0
aten::as_strided,,,1.99,1.99,0,0,0,0
aten::slice,,,2.32,4.5,0,0,0,0
aten::as_strided,,,2.18,2.18,0,0,0,0
aten::slice,,,5.2,10.65,0,0,0,0
aten::as_strided,,,5.45,5.45,0,0,0,0
aten::slice,,,2.77,6.51,0,0,0,0
aten::as_strided,,,3.74,3.74,0,0,0,0
aten::slice,,,3.59,6.21,0,0,0,0
aten::as_strided,,,2.62,2.62,0,0,0,0
aten::to,,,1.63,1.63,0,0,0,0
aten::slice,,,2.99,5.74,0,0,0,0
aten::as_strided,,,2.75,2.75,0,0,0,0
aten::slice,,,2.59,4.66,0,0,0,0
aten::as_strided,,,2.07,2.07,0,0,0,0
aten::slice,,,2.29,3.84,0,0,0,0
aten::as_strided,,,1.55,1.55,0,0,0,0
aten::slice,,,3.16,6.5,0,0,0,0
aten::as_strided,,,3.34,3.34,0,0,0,0
aten::slice,,,2.53,6.38,0,0,0,0
aten::as_strided,,,3.85,3.85,0,0,0,0
aten::alias,,,5.42,5.42,0,0,0,0
aten::div,,,37.13,59.44,0,7.080125,0,0
aten::item,,,2.22,3.73,0,0,0,0
aten::_local_scalar_dense,,,1.51,1.51,0,0,0,0
aclnnDivMods,,,18.58,18.58,7.080125,7.080125,0,0
aten::slice,,,3.38,7.96,0,0,0,0
aten::as_strided,,,4.58,4.58,0,0,0,0
aten::slice,,,4.65,8.14,0,0,0,0
aten::as_strided,,,3.49,3.49,0,0,0,0
aten::copy_,,,64.65,79.96,0,0.58003125,0,0
aclnnInplaceCopy,,,15.31,15.31,0.58003125,0.58003125,0,0
aten::slice,,,2.96,7.04,0,0,0,0
aten::as_strided,,,4.08,4.08,0,0,0,0
aten::slice,,,4.92,8.35,0,0,0,0
aten::as_strided,,,3.43,3.43,0,0,0,0
aten::ge,,,21.8,45.27,0,4.180093749999999,0,0
empty_tensor,,,11.09,11.09,0,0,0,0
aclnnGeScalar,,,12.38,12.38,4.180093749999999,4.180093749999999,0,0
aten::add,,,20.53,42.7,0,2.9600625,0,0
empty_tensor,,,7.27,7.27,0,0,0,0
aten::item,,,2.45,4.03,0,0,0,0
aten::_local_scalar_dense,,,1.58,1.58,0,0,0,0
aclnnAdds,,,10.87,10.87,2.9600625,2.9600625,0,0
aten::remainder,,,22.87,39.35,0,3.9601249999999997,0,0
empty_tensor,,,7.0,7.0,0,0,0,0
aclnnRemainderTensorScalar,,,9.48,9.48,3.9601249999999997,3.9601249999999997,0,0
aten::eq,,,13.79,29.83,0,2.40003125,0,0
empty_tensor,,,6.02,6.02,0,0,0,0
aclnnEqScalar,,,10.02,10.02,2.40003125,2.40003125,0,0
aten::__and__,,,2.47,35.98,0,1.52003125,0,0
aten::bitwise_and,,,16.77,33.51,0,1.52003125,0,0
empty_tensor,,,6.45,6.45,0,0,0,0
aclnnBitwiseAndTensor,,,10.29,10.29,1.52003125,1.52003125,0,0
aten::clamp_min,,,12.2,28.25,0,2.9000625,0,0
empty_tensor,,,6.29,6.29,0,0,0,0
aclnnClampMin,,,9.76,9.76,2.9000625,2.9000625,0,0
aten::div,,,24.36,62.31,0,4.48009375,0,0
empty_tensor,,,22.48,22.48,0,0,0,0
aten::item,,,2.5,4.02,0,0,0,0
aten::_local_scalar_dense,,,1.52,1.52,0,0,0,0
aclnnDivMods,,,11.45,11.45,4.48009375,4.48009375,0,0
aten::remainder,,,20.85,37.34,0,4.88009375,0,0
empty_tensor,,,6.03,6.03,0,0,0,0
aclnnRemainderTensorScalar,,,10.46,10.46,4.88009375,4.88009375,0,0
aten::mul,,,17.12,36.38,0,1.48,0,0
empty_tensor,,,5.76,5.76,0,0,0,0
aten::item,,,1.74,3.37,0,0,0,0
aten::_local_scalar_dense,,,1.63,1.63,0,0,0,0
aclnnMuls,,,10.13,10.13,1.48,1.48,0,0
aten::div,,,21.15,42.17,0,4.16009375,0,0
empty_tensor,,,7.35,7.35,0,0,0,0
aten::item,,,1.77,3.39,0,0,0,0
aten::_local_scalar_dense,,,1.62,1.62,0,0,0,0
aclnnDivMods,,,10.28,10.28,4.16009375,4.16009375,0,0
aten::add,,,14.22,22.83,0,1.26003125,0,0
empty_tensor,,,5.52,5.52,0,0,0,0
aclnnAdd,,,3.09,3.09,1.26003125,1.26003125,0,0
aten::full_like,,,5.27,45.64,0,1.16,0,0
aten::empty_like,,,6.42,18.34,0,0,0,0
aten::empty_strided,,,7.3,11.92,0,0,0,0
empty_tensor,,,4.62,4.62,0,0,0,0
aten::fill_,,,10.28,22.03,0,1.16,0,0
aclnnInplaceFillScalar,,,11.75,11.75,1.16,1.16,0,0
aten::where,,,14.42,30.67,0,2.04003125,0,0
empty_tensor,,,6.34,6.34,0,0,0,0
aclnnSWhere,,,9.91,9.91,2.04003125,2.04003125,0,0
aten::copy_,,,14.77,25.44,0,1.20003125,0,0
aclnnInplaceCopy,,,10.67,10.67,1.20003125,1.20003125,0,0
aten::slice,,,4.38,9.02,0,0,0,0
aten::as_strided,,,4.64,4.64,0,0,0,0
aten::slice,,,6.5,9.47,0,0,0,0
aten::as_strided,,,2.97,2.97,0,0,0,0
aten::div,,,24.15,38.2,0,4.10009375,0,0
aten::item,,,2.02,3.28,0,0,0,0
aten::_local_scalar_dense,,,1.26,1.26,0,0,0,0
aclnnDivMods,,,10.77,10.77,4.10009375,4.10009375,0,0
aten::slice,,,2.87,6.94,0,0,0,0
aten::as_strided,,,4.07,4.07,0,0,0,0
aten::slice,,,4.47,7.42,0,0,0,0
aten::as_strided,,,2.95,2.95,0,0,0,0
aten::slice,,,2.74,5.78,0,0,0,0
aten::as_strided,,,3.04,3.04,0,0,0,0
aten::copy_,,,56.6,69.51,0,0.66003125,0,0
aclnnInplaceCopy,,,12.91,12.91,0.66003125,0.66003125,0,0
aten::slice,,,3.38,7.15,0,0,0,0
aten::as_strided,,,3.77,3.77,0,0,0,0
aten::slice,,,5.06,7.85,0,0,0,0
aten::as_strided,,,2.79,2.79,0,0,0,0
aten::copy_,,,49.92,62.61,0,0.62,0,0
aclnnInplaceCopy,,,12.69,12.69,0.62,0.62,0,0
aten::slice,,,5.97,8.53,0,0,0,0
aten::as_strided,,,2.56,2.56,0,0,0,0
aten::div,,,12.91,30.96,0,0,0,0
aten::to,,,1.93,18.05,0,0,0,0
aten::_to_copy,,,5.54,16.12,0,0,0,0
aten::empty_strided,,,3.02,3.02,0,0,0,0
aten::copy_,,,7.56,7.56,0,0,0,0
aten::slice,,,4.18,9.17,0,0,0,0
aten::as_strided,,,4.99,4.99,0,0,0,0
aten::slice,,,5.61,11.27,0,0,0,0
aten::as_strided,,,5.66,5.66,0,0,0,0
aten::slice,,,2.96,6.88,0,0,0,0
aten::as_strided,,,3.92,3.92,0,0,0,0
aten::slice,,,3.14,5.9,0,0,0,0
aten::as_strided,,,2.76,2.76,0,0,0,0
aten::fill_,,,19.43,37.16,0,0,0,0
aclnnInplaceFillScalar,,,17.73,17.73,0,0,0,0
aten::slice,,,5.28,9.12,0,0,0,0
aten::as_strided,,,3.84,3.84,0,0,0,0
aten::fill_,,,13.76,24.92,0,0,0,0
aclnnInplaceFillScalar,,,11.16,11.16,0,0,0,0
aten::slice,,,4.79,9.31,0,0,0,0
aten::as_strided,,,4.52,4.52,0,0,0,0
aten::slice,,,3.15,5.76,0,0,0,0
aten::as_strided,,,2.61,2.61,0,0,0,0
aten::slice,,,5.37,8.28,0,0,0,0
aten::as_strided,,,2.91,2.91,0,0,0,0
aten::slice,,,2.97,6.81,0,0,0,0
aten::as_strided,,,3.84,3.84,0,0,0,0
aten::slice,,,3.53,7.16,0,0,0,0
aten::as_strided,,,3.63,3.63,0,0,0,0
aten::slice,,,2.73,5.57,0,0,0,0
aten::as_strided,,,2.84,2.84,0,0,0,0
aten::slice,,,2.34,4.67,0,0,0,0
aten::as_strided,,,2.33,2.33,0,0,0,0
aten::fill_,,,27.8,41.36,0,0,0,0
aclnnInplaceFillScalar,,,13.56,13.56,0,0,0,0
aten::slice,,,4.28,7.95,0,0,0,0
aten::as_strided,,,3.67,3.67,0,0,0,0
aten::fill_,,,11.97,22.43,0,0,0,0
aclnnInplaceFillScalar,,,10.46,10.46,0,0,0,0
aten::diff,,,7.53,35.66,0,0,0,0
aten::narrow,,,6.7,11.89,0,0,0,0
aten::slice,,,2.49,5.19,0,0,0,0
aten::as_strided,,,2.7,2.7,0,0,0,0
aten::narrow,,,1.69,3.6,0,0,0,0
aten::slice,,,1.17,1.91,0,0,0,0
aten::as_strided,,,0.74,0.74,0,0,0,0
aten::sub,,,12.64,12.64,0,0,0,0
aten::eq,,,12.69,27.72,0,0,0,0
aten::to,,,1.79,15.03,0,0,0,0
aten::_to_copy,,,4.6,13.24,0,0,0,0
aten::empty_strided,,,2.81,2.81,0,0,0,0
aten::copy_,,,5.83,5.83,0,0,0,0
aten::__and__,,,2.29,7.62,0,0,0,0
aten::bitwise_and,,,5.33,5.33,0,0,0,0
aten::gt,,,7.9,17.23,0,0,0,0
aten::to,,,1.19,9.33,0,0,0,0
aten::_to_copy,,,2.89,8.14,0,0,0,0
aten::empty_strided,,,2.34,2.34,0,0,0,0
aten::copy_,,,2.91,2.91,0,0,0,0
aten::__and__,,,1.41,4.5,0,0,0,0
aten::bitwise_and,,,3.09,3.09,0,0,0,0
aten::any,,,10.72,13.1,0,0,0,0
aten::as_strided,,,1.45,1.45,0,0,0,0
aten::fill_,,,0.93,0.93,0,0,0,0
aten::item,,,2.1,3.53,0,0,0,0
aten::_local_scalar_dense,,,1.43,1.43,0,0,0,0
aten::slice,,,4.53,5.86,0,0,0,0
aten::as_strided,,,1.33,1.33,0,0,0,0
aten::slice,,,2.27,2.91,0,0,0,0
aten::as_strided,,,0.64,0.64,0,0,0,0
aten::sub,,,5.51,5.51,0,0,0,0
aten::select,,,2.78,4.04,0,0,0,0
aten::as_strided,,,1.26,1.26,0,0,0,0
aten::item,,,1.14,2.23,0,0,0,0
aten::_local_scalar_dense,,,1.09,1.09,0,0,0,0
aten::gt,,,7.08,16.04,0,0,0,0
aten::to,,,1.46,8.96,0,0,0,0
aten::_to_copy,,,2.6,7.5,0,0,0,0
aten::empty_strided,,,1.91,1.91,0,0,0,0
aten::copy_,,,2.99,2.99,0,0,0,0
aten::__ior__,,,2.43,7.07,0,0,0,0
aten::bitwise_or_,,,4.64,4.64,0,0,0,0
aten::any,,,7.38,9.23,0,0,0,0
aten::as_strided,,,1.16,1.16,0,0,0,0
aten::fill_,,,0.69,0.69,0,0,0,0
aten::is_nonzero,,,1.8,4.29,0,0,0,0
aten::item,,,1.56,2.49,0,0,0,0
aten::_local_scalar_dense,,,0.93,0.93,0,0,0,0
aten::select,,,4.1,10.14,0,0,0,0
aten::as_strided,,,6.04,6.04,0,0,0,0
aten::slice,,,5.05,9.5,0,0,0,0
aten::as_strided,,,4.45,4.45,0,0,0,0
aten::slice,,,2.8,5.24,0,0,0,0
aten::as_strided,,,2.44,2.44,0,0,0,0
aten::slice,,,2.6,4.99,0,0,0,0
aten::as_strided,,,2.39,2.39,0,0,0,0
aten::copy_,,,67.13,84.48,0,0.7,0,0
aclnnInplaceCopy,,,17.35,17.35,0.7,0.7,0,0
aten::slice,,,6.27,10.48,0,0,0,0
aten::as_strided,,,4.21,4.21,0,0,0,0
aten::fill_,,,15.85,26.98,0,0,0,0
aclnnInplaceFillScalar,,,11.13,11.13,0,0,0,0
aten::slice,,,5.85,9.58,0,0,0,0
aten::as_strided,,,3.73,3.73,0,0,0,0
aten::slice,,,2.88,5.51,0,0,0,0
aten::as_strided,,,2.63,2.63,0,0,0,0
aten::slice,,,2.55,5.15,0,0,0,0
aten::as_strided,,,2.6,2.6,0,0,0,0
aten::copy_,,,51.58,64.66,0,0.64,0,0
aclnnInplaceCopy,,,13.08,13.08,0.64,0.64,0,0
aten::slice,,,6.46,10.61,0,0,0,0
aten::as_strided,,,4.15,4.15,0,0,0,0
aten::slice,,,3.71,9.79,0,0,0,0
aten::as_strided,,,6.08,6.08,0,0,0,0
aten::slice,,,3.21,6.07,0,0,0,0
aten::as_strided,,,2.86,2.86,0,0,0,0
aten::slice,,,2.87,15.95,0,0,0,0
aten::as_strided,,,13.08,13.08,0,0,0,0
aten::slice,,,3.06,5.96,0,0,0,0
aten::as_strided,,,2.9,2.9,0,0,0,0
aten::copy_,,,53.49,77.75,0,0.66,0,0
aclnnInplaceCopy,,,24.26,24.26,0.66,0.66,0,0
aten::slice,,,5.69,19.09,0,0,0,0
aten::as_strided,,,13.4,13.4,0,0,0,0
aten::slice,,,2.65,5.94,0,0,0,0
aten::as_strided,,,3.29,3.29,0,0,0,0
aten::slice,,,2.99,5.83,0,0,0,0
aten::as_strided,,,2.84,2.84,0,0,0,0
aten::sub,,,20.21,32.14,0,1.4600625,0,0
aclnnSub,,,11.93,11.93,1.4600625,1.4600625,0,0
aten::slice,,,8.1,11.38,0,0,0,0
aten::as_strided,,,3.28,3.28,0,0,0,0
aten::slice,,,2.79,7.67,0,0,0,0
aten::as_strided,,,4.88,4.88,0,0,0,0
aten::slice,,,5.11,8.51,0,0,0,0
aten::as_strided,,,3.4,3.4,0,0,0,0
aten::slice,,,2.54,4.76,0,0,0,0
aten::as_strided,,,2.22,2.22,0,0,0,0
aten::slice,,,2.46,4.48,0,0,0,0
aten::as_strided,,,2.02,2.02,0,0,0,0
aten::fill_,,,16.49,29.94,0,0,0,0
aclnnInplaceFillScalar,,,13.45,13.45,0,0,0,0
aten::slice,,,4.76,8.38,0,0,0,0
aten::as_strided,,,3.62,3.62,0,0,0,0
aten::fill_,,,11.53,22.34,0,0,0,0
aclnnInplaceFillScalar,,,10.81,10.81,0,0,0,0
aten::diff,,,6.58,34.11,0,0,0,0
aten::narrow,,,5.13,9.45,0,0,0,0
aten::slice,,,2.56,4.32,0,0,0,0
aten::as_strided,,,1.76,1.76,0,0,0,0
aten::narrow,,,2.37,6.53,0,0,0,0
aten::slice,,,1.14,4.16,0,0,0,0
aten::as_strided,,,3.02,3.02,0,0,0,0
aten::sub,,,11.55,11.55,0,0,0,0
aten::eq,,,12.75,28.17,0,0,0,0
aten::to,,,1.53,15.42,0,0,0,0
aten::_to_copy,,,4.64,13.89,0,0,0,0
aten::empty_strided,,,3.14,3.14,0,0,0,0
aten::copy_,,,6.11,6.11,0,0,0,0
aten::__and__,,,2.04,6.03,0,0,0,0
aten::bitwise_and,,,3.99,3.99,0,0,0,0
aten::gt,,,7.59,16.81,0,0,0,0
aten::to,,,1.12,9.22,0,0,0,0
aten::_to_copy,,,2.87,8.1,0,0,0,0
aten::empty_strided,,,2.48,2.48,0,0,0,0
aten::copy_,,,2.75,2.75,0,0,0,0
aten::__and__,,,1.64,4.83,0,0,0,0
aten::bitwise_and,,,3.19,3.19,0,0,0,0
aten::any,,,9.29,11.75,0,0,0,0
aten::as_strided,,,1.52,1.52,0,0,0,0
aten::fill_,,,0.94,0.94,0,0,0,0
aten::item,,,1.55,2.7,0,0,0,0
aten::_local_scalar_dense,,,1.15,1.15,0,0,0,0
aten::slice,,,4.3,6.28,0,0,0,0
aten::as_strided,,,1.98,1.98,0,0,0,0
aten::slice,,,2.12,3.12,0,0,0,0
aten::as_strided,,,1.0,1.0,0,0,0,0
aten::sub,,,5.09,5.09,0,0,0,0
aten::select,,,2.99,4.77,0,0,0,0
aten::as_strided,,,1.78,1.78,0,0,0,0
aten::item,,,1.17,2.03,0,0,0,0
aten::_local_scalar_dense,,,0.86,0.86,0,0,0,0
aten::gt,,,8.15,17.68,0,0,0,0
aten::to,,,1.12,9.53,0,0,0,0
aten::_to_copy,,,3.05,8.41,0,0,0,0
aten::empty_strided,,,2.28,2.28,0,0,0,0
aten::copy_,,,3.08,3.08,0,0,0,0
aten::__ior__,,,1.7,5.5,0,0,0,0
aten::bitwise_or_,,,3.8,3.8,0,0,0,0
aten::any,,,7.44,9.73,0,0,0,0
aten::as_strided,,,1.69,1.69,0,0,0,0
aten::fill_,,,0.6,0.6,0,0,0,0
aten::is_nonzero,,,1.35,3.36,0,0,0,0
aten::item,,,0.91,2.01,0,0,0,0
aten::_local_scalar_dense,,,1.1,1.1,0,0,0,0
aten::select,,,4.51,10.93,0,0,0,0
aten::as_strided,,,6.42,6.42,0,0,0,0
aten::slice,,,4.73,9.09,0,0,0,0
aten::as_strided,,,4.36,4.36,0,0,0,0
aten::slice,,,2.68,5.03,0,0,0,0
aten::as_strided,,,2.35,2.35,0,0,0,0
aten::slice,,,2.25,4.48,0,0,0,0
aten::as_strided,,,2.23,2.23,0,0,0,0
aten::copy_,,,66.1,84.31,0,0.6,0,0
aclnnInplaceCopy,,,18.21,18.21,0.6,0.6,0,0
aten::slice,,,6.1,10.32,0,0,0,0
aten::as_strided,,,4.22,4.22,0,0,0,0
aten::fill_,,,16.63,28.93,0,0,0,0
aclnnInplaceFillScalar,,,12.3,12.3,0,0,0,0
aten::slice,,,5.41,9.69,0,0,0,0
aten::as_strided,,,4.28,4.28,0,0,0,0
aten::slice,,,2.77,5.3,0,0,0,0
aten::as_strided,,,2.53,2.53,0,0,0,0
aten::slice,,,2.69,5.69,0,0,0,0
aten::as_strided,,,3.0,3.0,0,0,0,0
aten::copy_,,,53.47,66.67,0,0.58,0,0
aclnnInplaceCopy,,,13.2,13.2,0.58,0.58,0,0
aten::slice,,,6.09,10.16,0,0,0,0
aten::as_strided,,,4.07,4.07,0,0,0,0
aten::slice,,,3.58,7.09,0,0,0,0
aten::as_strided,,,3.51,3.51,0,0,0,0
aten::slice,,,3.48,6.91,0,0,0,0
aten::as_strided,,,3.43,3.43,0,0,0,0
aten::slice,,,2.46,4.76,0,0,0,0
aten::as_strided,,,2.3,2.3,0,0,0,0
aten::slice,,,2.22,4.71,0,0,0,0
aten::as_strided,,,2.49,2.49,0,0,0,0
aten::copy_,,,47.4,59.91,0,0.78,0,0
aclnnInplaceCopy,,,12.51,12.51,0.78,0.78,0,0
aten::slice,,,5.2,9.16,0,0,0,0
aten::as_strided,,,3.96,3.96,0,0,0,0
aten::slice,,,2.63,5.14,0,0,0,0
aten::as_strided,,,2.51,2.51,0,0,0,0
aten::slice,,,2.34,4.83,0,0,0,0
aten::as_strided,,,2.49,2.49,0,0,0,0
aten::sub,,,16.83,29.32,0,1.28003125,0,0
aclnnSub,,,12.49,12.49,1.28003125,1.28003125,0,0
aten::slice,,,7.29,10.32,0,0,0,0
aten::as_strided,,,3.03,3.03,0,0,0,0
aten::slice,,,3.26,7.62,0,0,0,0
aten::as_strided,,,4.36,4.36,0,0,0,0
aten::slice,,,3.26,6.91,0,0,0,0
aten::as_strided,,,3.65,3.65,0,0,0,0
aten::slice,,,2.65,5.33,0,0,0,0
aten::as_strided,,,2.68,2.68,0,0,0,0
aten::slice,,,2.53,4.71,0,0,0,0
aten::as_strided,,,2.18,2.18,0,0,0,0
aten::fill_,,,16.42,30.07,0,0,0,0
aclnnInplaceFillScalar,,,13.65,13.65,0,0,0,0
aten::slice,,,5.18,8.66,0,0,0,0
aten::as_strided,,,3.48,3.48,0,0,0,0
aten::fill_,,,11.98,22.91,0,0,0,0
aclnnInplaceFillScalar,,,10.93,10.93,0,0,0,0
aten::diff,,,6.82,34.71,0,0,0,0
aten::narrow,,,5.89,11.3,0,0,0,0
aten::slice,,,2.87,5.41,0,0,0,0
aten::as_strided,,,2.54,2.54,0,0,0,0
aten::narrow,,,2.27,4.94,0,0,0,0
aten::slice,,,1.35,2.67,0,0,0,0
aten::as_strided,,,1.32,1.32,0,0,0,0
aten::sub,,,11.65,11.65,0,0,0,0
aten::eq,,,12.97,27.98,0,0,0,0
aten::to,,,1.62,15.01,0,0,0,0
aten::_to_copy,,,4.76,13.39,0,0,0,0
aten::empty_strided,,,2.89,2.89,0,0,0,0
aten::copy_,,,5.74,5.74,0,0,0,0
aten::__and__,,,2.18,6.19,0,0,0,0
aten::bitwise_and,,,4.01,4.01,0,0,0,0
aten::gt,,,7.69,16.5,0,0,0,0
aten::to,,,1.13,8.81,0,0,0,0
aten::_to_copy,,,2.44,7.68,0,0,0,0
aten::empty_strided,,,2.5,2.5,0,0,0,0
aten::copy_,,,2.74,2.74,0,0,0,0
aten::__and__,,,1.55,4.77,0,0,0,0
aten::bitwise_and,,,3.22,3.22,0,0,0,0
aten::any,,,9.22,11.79,0,0,0,0
aten::as_strided,,,1.52,1.52,0,0,0,0
aten::fill_,,,1.05,1.05,0,0,0,0
aten::item,,,1.94,3.32,0,0,0,0
aten::_local_scalar_dense,,,1.38,1.38,0,0,0,0
aten::slice,,,5.0,6.46,0,0,0,0
aten::as_strided,,,1.46,1.46,0,0,0,0
aten::slice,,,2.51,3.53,0,0,0,0
aten::as_strided,,,1.02,1.02,0,0,0,0
aten::sub,,,5.39,5.39,0,0,0,0
aten::select,,,2.95,4.38,0,0,0,0
aten::as_strided,,,1.43,1.43,0,0,0,0
aten::item,,,1.21,2.22,0,0,0,0
aten::_local_scalar_dense,,,1.01,1.01,0,0,0,0
aten::gt,,,7.45,16.54,0,0,0,0
aten::to,,,1.34,9.09,0,0,0,0
aten::_to_copy,,,2.85,7.75,0,0,0,0
aten::empty_strided,,,1.85,1.85,0,0,0,0
aten::copy_,,,3.05,3.05,0,0,0,0
aten::__ior__,,,1.98,6.09,0,0,0,0
aten::bitwise_or_,,,4.11,4.11,0,0,0,0
aten::any,,,7.67,9.85,0,0,0,0
aten::as_strided,,,1.34,1.34,0,0,0,0
aten::fill_,,,0.84,0.84,0,0,0,0
aten::is_nonzero,,,1.68,4.6,0,0,0,0
aten::item,,,2.12,2.92,0,0,0,0
aten::_local_scalar_dense,,,0.8,0.8,0,0,0,0
aten::select,,,4.53,10.19,0,0,0,0
aten::as_strided,,,5.66,5.66,0,0,0,0
aten::slice,,,5.07,9.09,0,0,0,0
aten::as_strided,,,4.02,4.02,0,0,0,0
aten::slice,,,2.74,5.32,0,0,0,0
aten::as_strided,,,2.58,2.58,0,0,0,0
aten::slice,,,2.39,4.71,0,0,0,0
aten::as_strided,,,2.32,2.32,0,0,0,0
aten::copy_,,,65.76,83.05,0,0.62,0,0
aclnnInplaceCopy,,,17.29,17.29,0.62,0.62,0,0
aten::slice,,,6.23,10.3,0,0,0,0
aten::as_strided,,,4.07,4.07,0,0,0,0
aten::fill_,,,14.16,27.01,0,0,0,0
aclnnInplaceFillScalar,,,12.85,12.85,0,0,0,0
aten::slice,,,6.13,9.73,0,0,0,0
aten::as_strided,,,3.6,3.6,0,0,0,0
aten::slice,,,2.96,5.82,0,0,0,0
aten::as_strided,,,2.86,2.86,0,0,0,0
aten::slice,,,2.64,5.38,0,0,0,0
aten::as_strided,,,2.74,2.74,0,0,0,0
aten::copy_,,,71.04,85.11,0,0.62003125,0,0
aclnnInplaceCopy,,,14.07,14.07,0.62003125,0.62003125,0,0
aten::slice,,,5.84,9.9,0,0,0,0
aten::as_strided,,,4.06,4.06,0,0,0,0
aten::slice,,,3.67,7.41,0,0,0,0
aten::as_strided,,,3.74,3.74,0,0,0,0
aten::slice,,,3.82,7.19,0,0,0,0
aten::as_strided,,,3.37,3.37,0,0,0,0
aten::slice,,,2.46,5.23,0,0,0,0
aten::as_strided,,,2.77,2.77,0,0,0,0
aten::slice,,,2.55,5.27,0,0,0,0
aten::as_strided,,,2.72,2.72,0,0,0,0
aten::copy_,,,52.18,65.81,0,0.60003125,0,0
aclnnInplaceCopy,,,13.63,13.63,0.60003125,0.60003125,0,0
aten::slice,,,6.08,10.12,0,0,0,0
aten::as_strided,,,4.04,4.04,0,0,0,0
aten::slice,,,3.07,6.02,0,0,0,0
aten::as_strided,,,2.95,2.95,0,0,0,0
aten::slice,,,2.45,5.04,0,0,0,0
aten::as_strided,,,2.59,2.59,0,0,0,0
aten::sub,,,18.13,29.64,0,1.4400625,0,0
aclnnSub,,,11.51,11.51,1.4400625,1.4400625,0,0
Event::record,,,163.5,183.14,0,0.02,0,0
record_event,,,19.64,19.64,0.02,0.02,0,0
aten::slice,,,8.52,15.72,0,0,0,0
aten::as_strided,,,7.2,7.2,0,0,0,0
aten::slice,,,3.83,6.81,0,0,0,0
aten::as_strided,,,2.98,2.98,0,0,0,0
aten::slice,,,6.57,12.93,0,0,0,0
aten::as_strided,,,6.36,6.36,0,0,0,0
aten::scalar_tensor,,,6.6,56.48,0,1.66003125,0,0
aten::empty,,,2.92,15.73,0,0,0,0
empty_tensor,,,12.81,12.81,0,0,0,0
aten::fill_,,,18.28,34.15,0,1.66003125,0,0
aclnnInplaceFillScalar,,,15.87,15.87,1.66003125,1.66003125,0,0
aten::view,,,4.23,4.23,0,0,0,0
aten::expand,,,2.68,5.48,0,0,0,0
aten::as_strided,,,2.8,2.8,0,0,0,0
aten::copy_,,,23.26,35.31,0,4.1400625,0,0
aclnnInplaceCopy,,,12.05,12.05,4.1400625,4.1400625,0,0
aten::scalar_tensor,,,4.55,35.34,0,1.3,0,0
aten::empty,,,2.44,9.12,0,0,0,0
empty_tensor,,,6.68,6.68,0,0,0,0
aten::fill_,,,10.89,21.67,0,1.3,0,0
aclnnInplaceFillScalar,,,10.78,10.78,1.3,1.3,0,0
aten::slice,,,5.5,10.41,0,0,0,0
aten::as_strided,,,4.91,4.91,0,0,0,0
aten::view,,,2.16,2.16,0,0,0,0
aten::expand,,,1.95,3.48,0,0,0,0
aten::as_strided,,,1.53,1.53,0,0,0,0
aten::copy_,,,2.14,2.14,0,0,0,0
aten::index,,,40.13,75.25,0,11.46021875,0,0
empty_tensor,,,7.95,7.95,0,0,0,0
empty_tensor,,,8.75,8.75,0,0,0,0
aclnnIndex,,,18.42,18.42,11.46021875,11.46021875,0,0
aten::linear,,,6.44,73.86,0,906.278125,0,906.278125
aten::t,,,7.39,17.8,0,0,0,0
aten::transpose,,,3.68,10.41,0,0,0,0
aten::as_strided,,,6.73,6.73,0,0,0,0
aten::matmul,,,24.61,49.62,0,906.278125,0,906.278125
empty_tensor,,,9.12,9.12,0,0,0,0
aclnnMatmul,,,15.89,15.89,906.278125,906.278125,906.278125,906.278125
aten::alias,,,3.15,3.15,0,0,0,0
aten::log_softmax,,,9.3,108.71,0,51.541,0,0
aten::to,,,4.07,69.71,0,7.700125,0,0
aten::_to_copy,,,7.69,65.64,0,7.700125,0,0
aten::empty_strided,,,12.16,19.66,0,0,0,0
empty_tensor,,,7.5,7.5,0,0,0,0
aten::copy_,,,21.41,38.29,0,7.700125,0,0
aclnnInplaceCopy,,,16.88,16.88,7.700125,7.700125,0,0
aten::_log_softmax,,,18.21,29.7,0,43.840875,0,0
empty_tensor,,,8.06,8.06,0,0,0,0
aclnnLogSoftmax,,,3.43,3.43,43.840875,43.840875,0,0
aten::to,,,1.82,47.92,0,2.8800625,0,0
aten::_to_copy,,,5.31,46.1,0,2.8800625,0,0
aten::empty_strided,,,7.87,11.94,0,0,0,0
empty_tensor,,,4.07,4.07,0,0,0,0
aten::copy_,,,14.78,28.85,0,2.8800625,0,0
aclnnInplaceCopy,,,14.07,14.07,2.8800625,2.8800625,0,0
aten::argmax,,,7.48,54.32,0,21.0004375,0,0
aten::empty,,,3.01,11.22,0,0,0,0
empty_tensor,,,8.21,8.21,0,0,0,0
aten::argmax,,,24.88,35.62,0,21.0004375,0,0
aten::reshape,,,2.2,7.43,0,0,0,0
aten::view,,,5.23,5.23,0,0,0,0
aclnnArgMax,,,3.31,3.31,21.0004375,21.0004375,0,0
aten::view,,,3.79,3.79,0,0,0,0
aten::to,,,1.44,1.44,0,0,0,0
aten::topk,,,20.62,34.76,0,33.58065625,0,0
empty_tensor,,,6.83,6.83,0,0,0,0
empty_tensor,,,4.78,4.78,0,0,0,0
aclnnTopk,,,2.53,2.53,33.58065625,33.58065625,0,0
aten::unsqueeze,,,3.89,8.68,0,0,0,0
aten::as_strided,,,4.79,4.79,0,0,0,0
aten::gather,,,18.2,27.04,0,5.660125,0,0
empty_tensor,,,5.59,5.59,0,0,0,0
aclnnGather,,,3.25,3.25,5.660125,5.660125,0,0
TorchDynamo Cache Lookup,,,37.07,37.07,0,0,0,0
Torch-Compiled Region: 0/0,,,112.98,196.88,0,37.16078125,0,0
aten::_assert_scalar,,,3.13,3.13,0,0,0,0
aten::_assert_scalar,,,1.22,1.22,0,0,0,0
aten::_assert_scalar,,,0.98,0.98,0,0,0,0
aten::ge,,,19.97,47.7,0,11.74025,0,0
empty_tensor,,,10.59,10.59,0,0,0,0
aclnnGeTensor,,,17.14,17.14,11.74025,11.74025,0,0
aten::sum,,,19.63,30.87,0,25.42053125,0,0
empty_tensor,,,7.59,7.59,0,0,0,0
aclnnReduceSum,,,3.65,3.65,25.42053125,25.42053125,0,0
aten::cat,,,22.76,43.5,0,2.84003125,0,0
empty_tensor,,,7.75,7.75,0,0,0,0
aclnnCat,,,12.99,12.99,2.84003125,2.84003125,0,0
aten::cat,,,12.09,31.78,0,2.8400625,0,0
empty_tensor,,,6.64,6.64,0,0,0,0
aclnnCat,,,13.05,13.05,2.8400625,2.8400625,0,0
aten::to,,,2.31,72.34,0,1.12003125,0,0
aten::_to_copy,,,6.95,70.03,0,1.12003125,0,0
aten::empty_strided,,,9.84,29.2,0,0,0,0
empty_tensor,,,19.36,19.36,0,0,0,0
aten::copy_,,,21.8,33.88,0,1.12003125,0,0
aclnnInplaceCopy,,,12.08,12.08,1.12003125,1.12003125,0,0
aten::to,,,1.69,51.63,0,1.40003125,0,0
aten::_to_copy,,,5.38,49.94,0,1.40003125,0,0
aten::empty_strided,,,7.24,11.77,0,0,0,0
empty_tensor,,,4.53,4.53,0,0,0,0
aten::copy_,,,15.2,32.79,0,1.40003125,0,0
aclnnInplaceCopy,,,17.59,17.59,1.40003125,1.40003125,0,0
aten::unsqueeze,,,3.73,8.94,0,0,0,0
aten::as_strided,,,5.21,5.21,0,0,0,0
Event::record,,,160.43,180.72,0,0.02,0,0
record_event,,,20.29,20.29,0.02,0.02,0,0
aten::slice,,,5.38,13.52,0,0,0,0
aten::as_strided,,,8.14,8.14,0,0,0,0
Event::wait,,,77.9,99.26,0,2334.72665625,0,0
wait_event,,,21.36,21.36,2334.72665625,2334.72665625,0,0
Event::record,,,93.88,112.1,0,0.02,0,0
record_event,,,18.22,18.22,0.02,0.02,0,0
Event::wait,,,61.96,79.47,0,1956.79909375,0,0
wait_event,,,17.51,17.51,1956.79909375,1956.79909375,0,0
destroy_event,,,12.24,12.24,0,0,0,0
aten::to,,,3.69,63.38,0,2.04003125,0,0
aten::_to_copy,,,8.15,59.69,0,2.04003125,0,0
aten::empty_strided,,,20.16,20.16,0,0,0,0
aten::copy_,,,19.56,31.38,0,2.04003125,0,0
acl_memcpy_device_to_host,,,11.82,11.82,2.04003125,2.04003125,0,0
aten::to,,,2.73,40.32,0,2.0000625,0,0
aten::_to_copy,,,5.74,37.59,0,2.0000625,0,0
aten::empty_strided,,,4.05,4.05,0,0,0,0
aten::copy_,,,15.36,27.8,0,2.0000625,0,0
acl_memcpy_device_to_host,,,12.44,12.44,2.0000625,2.0000625,0,0
aten::to,,,1.81,32.2,0,2.02003125,0,0
aten::_to_copy,,,3.92,30.39,0,2.02003125,0,0
aten::empty_strided,,,2.97,2.97,0,0,0,0
aten::copy_,,,12.34,23.5,0,2.02003125,0,0
acl_memcpy_device_to_host,,,11.16,11.16,2.02003125,2.02003125,0,0
aten::to,,,1.68,30.95,0,1.9,0,0
aten::_to_copy,,,3.86,29.27,0,1.9,0,0
aten::empty_strided,,,3.15,3.15,0,0,0,0
aten::copy_,,,11.27,22.26,0,1.9,0,0
acl_memcpy_device_to_host,,,10.99,10.99,1.9,1.9,0,0
Event::record,,,171.91,188.11,0,0.02,0,0
record_event,,,16.2,16.2,0.02,0.02,0,0
Event::synchronize,,,91.94,91.94,0,0,0,0
aten::resolve_conj,,,1.64,1.64,0,0,0,0
aten::resolve_neg,,,0.87,0.87,0,0,0,0
aten::to,,,3.78,3.78,0,0,0,0
aten::detach,,,4.49,4.49,0,0,0,0
aten::to,,,0.95,0.95,0,0,0,0
aten::resolve_conj,,,1.14,1.14,0,0,0,0
aten::resolve_neg,,,0.36,0.36,0,0,0,0
aten::to,,,1.29,1.29,0,0,0,0
aten::detach,,,2.09,2.09,0,0,0,0
aten::to,,,0.68,0.68,0,0,0,0
aten::resolve_conj,,,0.4,0.4,0,0,0,0
aten::resolve_neg,,,0.36,0.36,0,0,0,0
aten::to,,,1.63,1.63,0,0,0,0
aten::detach,,,1.77,1.77,0,0,0,0
aten::to,,,0.56,0.56,0,0,0,0
aten::resolve_conj,,,0.39,0.39,0,0,0,0
aten::resolve_neg,,,0.24,0.24,0,0,0,0
destroy_event,,,24.14,24.14,0,0,0,0
record_event,,,7.3,7.3,0.02,0.02,0,0
Event::synchronize,,,149.08,149.08,0,0,0,0
aten::slice,,,10.84,18.71,0,0,0,0
aten::as_strided,,,7.87,7.87,0,0,0,0
aten::slice,,,2.89,5.43,0,0,0,0
aten::as_strided,,,2.54,2.54,0,0,0,0
aten::slice,,,2.42,4.64,0,0,0,0
aten::as_strided,,,2.22,2.22,0,0,0,0
Event::record,,,157.58,177.05,0,0.0,0,0
record_event,,,19.47,19.47,0.0,0.0,0,0
Event::synchronize,,,134.93,134.93,0,0,0,0
aten::resolve_conj,,,1.53,1.53,0,0,0,0
aten::resolve_neg,,,1.28,1.28,0,0,0,0
aten::to,,,3.34,3.34,0,0,0,0
aten::detach,,,3.62,3.62,0,0,0,0
aten::to,,,0.66,0.66,0,0,0,0
aten::resolve_conj,,,0.48,0.48,0,0,0,0
aten::resolve_neg,,,0.29,0.29,0,0,0,0
aten::to,,,1.22,1.22,0,0,0,0
aten::detach,,,1.95,1.95,0,0,0,0
aten::to,,,0.98,0.98,0,0,0,0
aten::resolve_conj,,,0.45,0.45,0,0,0,0
aten::resolve_neg,,,0.32,0.32,0,0,0,0
aten::to,,,1.03,1.03,0,0,0,0
aten::detach,,,1.0,1.0,0,0,0,0
aten::to,,,0.51,0.51,0,0,0,0
aten::resolve_conj,,,0.31,0.31,0,0,0,0
aten::resolve_neg,,,0.25,0.25,0,0,0,0
destroy_event,,,22.83,22.83,0,0,0,0
record_event,,,7.15,7.15,0.02,0.02,0,0
Event::synchronize,,,89.37,89.37,0,0,0,0
Event::record,,,145.7,172.56,0,0.02,0,0
record_event,,,26.86,26.86,0.02,0.02,0,0
