Device_id,kernel_name,kernel_type,stream_id,task_id,task_time(us),task_start(us),task_stop(us)
0,N/A,PROFILING_ENABLE,48,10,0.020,1790773410388186.943	,1790773410388186.963	
0,N/A,EVENT_RECORD,45,167,0.000,1790773410400548.270	,1790773410400548.270	
0,N/A,EVENT_RECORD,45,168,0.020,1790773410400550.710	,1790773410400550.730	
0,N/A,EVENT_RECORD,45,169,0.000,1790773410400552.830	,1790773410400552.830	
0,N/A,MEMCPY_ASYNC,47,2907,2.260,1790773410403331.146	,1790773410403333.406	
0,N/A,MEMCPY_ASYNC,47,2908,2.220,1790773410403359.306	,1790773410403361.526	
0,N/A,MEMCPY_ASYNC,47,2909,2.220,1790773410403452.728	,1790773410403454.948	
0,N/A,MEMCPY_ASYNC,47,2910,2.180,1790773410403505.069	,1790773410403507.249	
0,N/A,MEMCPY_ASYNC,47,2911,2.500,1790773410403633.192	,1790773410403635.692	
0,N/A,MEMCPY_ASYNC,47,2912,2.260,1790773410403948.878	,1790773410403951.138	
0,N/A,MEMCPY_ASYNC,47,2913,2.560,1790773410403998.999	,1790773410404001.559	
0,Fill_1fbc7ee619b707282bbfd034093621df_high_performance_223000000,AI_VECTOR_CORE,47,2914,1.540,1790773410404264.204	,1790773410404265.744	
0,N/A,MEMCPY_ASYNC,47,2915,2.400,1790773410404274.185	,1790773410404276.585	
0,N/A,MEMCPY_ASYNC,47,2916,2.220,1790773410404540.750	,1790773410404542.970	
0,Fill_1fbc7ee619b707282bbfd034093621df_high_performance_223000000,AI_VECTOR_CORE,47,2917,1.460,1790773410404590.351	,1790773410404591.811	
0,N/A,MEMCPY_ASYNC,47,2918,2.340,1790773410404645.592	,1790773410404647.932	
0,N/A,MEMCPY_ASYNC,47,2919,2.300,1790773410404741.314	,1790773410404743.614	
0,N/A,MEMCPY_ASYNC,47,2920,2.260,1790773410404828.316	,1790773410404830.576	
0,N/A,MEMCPY_ASYNC,47,2921,2.640,1790773410404911.697	,1790773410404914.337	
0,IndexCheck_int64_high_performance_0,AI_VECTOR_CORE,47,2922,9.060,1790773410405061.280	,1790773410405070.340	
0,Index_f34e8f0e5e2c96109aa0460550023804_high_performance__kernel0,AI_VECTOR_CORE,47,2923,10.740,1790773410405070.360	,1790773410405081.101	
0,Cast_e87590d11ccda8b259ab6b1ea7212319_high_performance_210000000,AI_VECTOR_CORE,47,2924,1.280,1790773410405139.762	,1790773410405141.042	
0,Add_41dadce325b0f810d03359af2a38990b_high_performance_210000000,AI_VECTOR_CORE,47,2925,2.200,1790773410405217.483	,1790773410405219.683	
0,N/A,MEMCPY_ASYNC,47,2926,0.540,1790773410405349.106	,1790773410405349.646	
0,Add_9342884c99c006e21fc9d5d9260b8bef_high_performance_210000000,AI_VECTOR_CORE,47,2927,1.400,1790773410405432.008	,1790773410405433.408	
0,N/A,MEMCPY_ASYNC,47,2928,0.620,1790773410405511.969	,1790773410405512.589	
0,Fill_1fbc7ee619b707282bbfd034093621df_high_performance_223000000,AI_VECTOR_CORE,47,2929,1.420,1790773410405566.950	,1790773410405568.370	
0,_compute_slot_mapping_fused_groups_kernel,AI_VECTOR_CORE,47,2930,21.580,1790773410405997.959	,1790773410406019.539	
0,Sub_9342884c99c006e21fc9d5d9260b8bef_high_performance_210000000,AI_VECTOR_CORE,47,2931,1.560,1790773410406151.602	,1790773410406153.162	
0,Cast_e87590d11ccda8b259ab6b1ea7212319_high_performance_210000000,AI_VECTOR_CORE,47,2932,1.180,1790773410407252.984	,1790773410407254.164	
0,FloorDiv_41dadce325b0f810d03359af2a38990b_high_performance_223000000,AI_VECTOR_CORE,47,2933,3.480,1790773410407254.864	,1790773410407258.344	
0,Cast_39a266ce9a8d7d9ead33f6686e936b72_high_performance_210000000,AI_VECTOR_CORE,47,2934,1.340,1790773410407258.364	,1790773410407259.704	
0,N/A,MEMCPY_ASYNC,47,2935,0.500,1790773410407394.607	,1790773410407395.107	
0,Cast_e87590d11ccda8b259ab6b1ea7212319_high_performance_210000000,AI_VECTOR_CORE,47,2936,1.360,1790773410407504.029	,1790773410407505.389	
0,GreaterEqual_1ea4da630f56dc1c2d6e7c9a9dd17b11_high_performance_223000000,AI_VECTOR_CORE,47,2937,3.080,1790773410407505.429	,1790773410407508.509	
0,Add_41dadce325b0f810d03359af2a38990b_high_performance_223000000,AI_VECTOR_CORE,47,2938,3.020,1790773410407535.550	,1790773410407538.570	
0,BroadcastTo_41dadce325b0f810d03359af2a38990b_high_performance_232000000,AI_VECTOR_CORE,47,2939,2.000,1790773410407605.811	,1790773410407607.811	
0,FloorMod_41dadce325b0f810d03359af2a38990b_high_precision_210000000,AI_VECTOR_CORE,47,2940,4.140,1790773410407607.831	,1790773410407611.971	
0,Equal_1ea4da630f56dc1c2d6e7c9a9dd17b11_high_performance_223000000,AI_VECTOR_CORE,47,2941,2.160,1790773410407637.132	,1790773410407639.292	
0,LogicalAnd_91d2a3cdd75d915a368582ec5f440af1_high_performance_210000000,AI_VECTOR_CORE,47,2942,1.500,1790773410407700.813	,1790773410407702.313	
0,ClipByValueV2_3bc53d14ff7dfecd0ed0c69136ab471a_high_performance_220000000,AI_VECTOR_CORE,47,2943,2.720,1790773410407744.254	,1790773410407746.974	
0,Cast_e87590d11ccda8b259ab6b1ea7212319_high_performance_210000000,AI_VECTOR_CORE,47,2944,1.220,1790773410407844.096	,1790773410407845.316	
0,FloorDiv_41dadce325b0f810d03359af2a38990b_high_performance_223000000,AI_VECTOR_CORE,47,2945,4.020,1790773410407846.196	,1790773410407850.216	
0,Cast_39a266ce9a8d7d9ead33f6686e936b72_high_performance_210000000,AI_VECTOR_CORE,47,2946,1.240,1790773410407850.236	,1790773410407851.476	
0,BroadcastTo_c71434db8135ff9089d65053721e3417_high_performance_232000000,AI_VECTOR_CORE,47,2947,1.420,1790773410407882.197	,1790773410407883.617	
0,FloorMod_9342884c99c006e21fc9d5d9260b8bef_high_precision_210000000,AI_VECTOR_CORE,47,2948,3.340,1790773410407884.237	,1790773410407887.577	
0,Mul_9342884c99c006e21fc9d5d9260b8bef_high_performance_223000000,AI_VECTOR_CORE,47,2949,1.660,1790773410407936.878	,1790773410407938.538	
0,Cast_e87590d11ccda8b259ab6b1ea7212319_high_performance_210000000,AI_VECTOR_CORE,47,2950,1.260,1790773410407979.419	,1790773410407980.679	
0,FloorDiv_41dadce325b0f810d03359af2a38990b_high_performance_223000000,AI_VECTOR_CORE,47,2951,3.920,1790773410407990.779	,1790773410407994.699	
0,Cast_39a266ce9a8d7d9ead33f6686e936b72_high_performance_210000000,AI_VECTOR_CORE,47,2952,1.360,1790773410407994.719	,1790773410407996.079	
0,Add_9342884c99c006e21fc9d5d9260b8bef_high_performance_210000000,AI_VECTOR_CORE,47,2953,1.300,1790773410408034.720	,1790773410408036.020	
0,Fill_1fbc7ee619b707282bbfd034093621df_high_performance_223000000,AI_VECTOR_CORE,47,2954,1.460,1790773410408102.001	,1790773410408103.461	
0,SelectV2_9bb0969ab50036eba4428cd9974a5c0b_high_performance_210000000,AI_VECTOR_CORE,47,2955,2.140,1790773410408157.842	,1790773410408159.982	
0,Cast_e87590d11ccda8b259ab6b1ea7212319_high_performance_210000000,AI_VECTOR_CORE,47,2956,1.140,1790773410408198.643	,1790773410408199.783	
0,Cast_e87590d11ccda8b259ab6b1ea7212319_high_performance_210000000,AI_VECTOR_CORE,47,2957,1.180,1790773410408301.665	,1790773410408302.845	
0,FloorDiv_41dadce325b0f810d03359af2a38990b_high_performance_210000000,AI_VECTOR_CORE,47,2958,2.660,1790773410408303.585	,1790773410408306.245	
0,Cast_39a266ce9a8d7d9ead33f6686e936b72_high_performance_210000000,AI_VECTOR_CORE,47,2959,1.420,1790773410408316.045	,1790773410408317.465	
0,N/A,MEMCPY_ASYNC,47,2960,0.540,1790773410408426.808	,1790773410408427.348	
0,N/A,MEMCPY_ASYNC,47,2961,0.600,1790773410408526.089	,1790773410408526.689	
0,Sub_9342884c99c006e21fc9d5d9260b8bef_high_performance_210000000,AI_VECTOR_CORE,47,2962,1.360,1790773410411707.273	,1790773410411708.633	
0,Sub_9342884c99c006e21fc9d5d9260b8bef_high_performance_210000000,AI_VECTOR_CORE,47,2963,1.360,1790773410411709.373	,1790773410411710.733	
0,Cast_e87590d11ccda8b259ab6b1ea7212319_high_performance_210000000,AI_VECTOR_CORE,47,2964,1.400,1790773410411756.834	,1790773410411758.234	
0,Greater_1ea4da630f56dc1c2d6e7c9a9dd17b11_high_performance_210000000,AI_VECTOR_CORE,47,2965,3.140,1790773410411770.674	,1790773410411773.814	
0,Sub_9342884c99c006e21fc9d5d9260b8bef_high_performance_210000000,AI_VECTOR_CORE,47,2966,1.520,1790773410414446.648	,1790773410414448.168	
0,Sub_9342884c99c006e21fc9d5d9260b8bef_high_performance_210000000,AI_VECTOR_CORE,47,2967,1.320,1790773410414448.808	,1790773410414450.128	
0,Cast_e87590d11ccda8b259ab6b1ea7212319_high_performance_210000000,AI_VECTOR_CORE,47,2968,1.120,1790773410414484.829	,1790773410414485.949	
0,Greater_1ea4da630f56dc1c2d6e7c9a9dd17b11_high_performance_210000000,AI_VECTOR_CORE,47,2969,2.220,1790773410414496.949	,1790773410414499.169	
0,Sub_9342884c99c006e21fc9d5d9260b8bef_high_performance_210000000,AI_VECTOR_CORE,47,2970,1.420,1790773410417085.301	,1790773410417086.721	
0,Sub_9342884c99c006e21fc9d5d9260b8bef_high_performance_210000000,AI_VECTOR_CORE,47,2971,1.340,1790773410417087.481	,1790773410417088.821	
0,Cast_e87590d11ccda8b259ab6b1ea7212319_high_performance_210000000,AI_VECTOR_CORE,47,2972,1.180,1790773410417147.642	,1790773410417148.822	
0,Greater_1ea4da630f56dc1c2d6e7c9a9dd17b11_high_performance_210000000,AI_VECTOR_CORE,47,2973,2.480,1790773410417149.822	,1790773410417152.302	
0,N/A,EVENT_RECORD,47,2974,0.020,1790773410417474.428	,1790773410417474.448	
0,Fill_279daeaf6b659300647aba3935d90048_high_performance_210000000,AI_VECTOR_CORE,47,2975,1.620,1790773410417871.176	,1790773410417872.796	
0,Cast_a9b7af94359fc7c19da07ad0790f065c_high_performance_210000000,AI_VECTOR_CORE,47,2976,1.220,1790773410417895.997	,1790773410417897.217	
0,BroadcastTo_c71434db8135ff9089d65053721e3417_high_performance_232000000,AI_VECTOR_CORE,47,2977,1.280,1790773410417909.377	,1790773410417910.657	
0,Cast_9fc020fd54590bb5fe6cf6eabcf7b473_high_performance_210000000,AI_VECTOR_CORE,47,2978,1.520,1790773410417920.417	,1790773410417921.937	
0,Fill_279daeaf6b659300647aba3935d90048_high_performance_210000000,AI_VECTOR_CORE,47,2979,1.300,1790773410417934.577	,1790773410417935.877	
0,Cast_e87590d11ccda8b259ab6b1ea7212319_high_performance_210000000,AI_VECTOR_CORE,47,2980,1.380,1790773410418134.741	,1790773410418136.121	
0,GatherV2_7869a97190b9b4d296d9414a005b954b_high_precision_900015010,AI_VECTOR_CORE,47,2981,7.880,1790773410418204.563	,1790773410418212.443	
0,BroadcastTo_7e5992d3033ef32a3463c5d198e518a1_high_performance_212100002,AI_VECTOR_CORE,47,2982,9.780,1790773410418341.886	,1790773410418351.666	
0,HcPre_6c9f0fa710253eff38b1c0e6be6a67be_0,MIX_AIC,47,2983,68.921,1790773410418593.331	,1790773410418662.252	
0,RmsNorm_normal_all_bf16_high_performance_0,AI_VECTOR_CORE,47,2984,11.260,1790773410418707.533	,1790773410418718.793	
0,MatMulV2_ND_ND_FP16_FP16_false_true_all_16876241,AI_CORE,47,2985,216.284,1790773410418922.417	,1790773410419138.702	
0,Slice_ee29dafe4fe21e12bb8d56ae91626cba_high_performance_524000000,AI_VECTOR_CORE,47,2986,2.940,1790773410419153.342	,1790773410419156.282	
0,MatMulV2_ND_ND_FP16_FP16_false_true_all_98849,AI_CORE,47,2987,11.900,1790773410419156.302	,1790773410419168.202	
0,Slice_ee29dafe4fe21e12bb8d56ae91626cba_high_performance_524000000,AI_VECTOR_CORE,47,2988,2.740,1790773410419321.365	,1790773410419324.105	
0,MatMulV2_ND_ND_FP16_FP16_false_true_all_98849,AI_CORE,47,2989,9.360,1790773410419324.145	,1790773410419333.505	
0,ZerosLike_1c4543fdfe7149b6b0717bd88f061562_high_performance_210010000,AI_VECTOR_CORE,47,2990,9.040,1790773410419533.309	,1790773410419542.350	
0,_copy_conv_state_kernel,AI_VECTOR_CORE,47,2991,10.540,1790773410419920.837	,1790773410419931.377	
0,Slice_ee29dafe4fe21e12bb8d56ae91626cba_high_performance_524000000,AI_VECTOR_CORE,47,2992,6.860,1790773410420314.425	,1790773410420321.285	
0,CausalConv1d_b0123b7fae3057c534dbb03661977c42_22,MIX_AIC,47,2993,48.901,1790773410420358.546	,1790773410420407.447	
0,_copy_conv_state_kernel,AI_VECTOR_CORE,47,2994,7.400,1790773410420543.170	,1790773410420550.570	
0,ZerosLike_1c4543fdfe7149b6b0717bd88f061562_high_performance_210010000,AI_VECTOR_CORE,47,2995,8.180,1790773410420682.832	,1790773410420691.013	
0,_gather_initial_states_kernel,AI_VECTOR_CORE,47,2996,8.780,1790773410421132.741	,1790773410421141.522	
0,Slice_ee29dafe4fe21e12bb8d56ae91626cba_high_performance_524000000,AI_VECTOR_CORE,47,2997,2.580,1790773410421224.223	,1790773410421226.803	
0,Cast_b2717900ea7de2d41ea9c63d23aa269b_high_performance_210000000,AI_VECTOR_CORE,47,2998,2.700,1790773410421226.843	,1790773410421229.543	
0,Sigmoid_5c5e58e043224cccf51a06108010ae13_high_precision_210000000,AI_VECTOR_CORE,47,2999,2.720,1790773410421255.764	,1790773410421258.484	
0,Slice_ee29dafe4fe21e12bb8d56ae91626cba_high_performance_524000000,AI_VECTOR_CORE,47,3000,6.080,1790773410421316.625	,1790773410421322.705	
0,l2norm_fwd_kernel2,AI_VECTOR_CORE,47,3001,11.820,1790773410421594.191	,1790773410421606.011	
0,Slice_ee29dafe4fe21e12bb8d56ae91626cba_high_performance_524000000,AI_VECTOR_CORE,47,3002,5.340,1790773410421708.833	,1790773410421714.173	
0,l2norm_fwd_kernel2,AI_VECTOR_CORE,47,3003,6.640,1790773410421999.299	,1790773410422005.939	
0,Slice_ee29dafe4fe21e12bb8d56ae91626cba_high_performance_524000000,AI_VECTOR_CORE,47,3004,5.280,1790773410422106.781	,1790773410422112.061	
0,Transpose_9a632dc5b6be9e1b4215e3cf2b1aff0d_high_performance_11,AI_VECTOR_CORE,47,3005,12.020,1790773410422390.687	,1790773410422402.707	
0,Transpose_9a632dc5b6be9e1b4215e3cf2b1aff0d_high_performance_13,AI_VECTOR_CORE,47,3006,13.180,1790773410422402.747	,1790773410422415.927	
0,ChunkKdaFwd_5e864108d5688e456abb78f238c67b16_2,MIX_AIC,47,3007,408.548,1790773410422416.907	,1790773410422825.455	
0,Transpose_9a632dc5b6be9e1b4215e3cf2b1aff0d_high_performance_13,AI_VECTOR_CORE,47,3008,14.400,1790773410422826.515	,1790773410422840.915	
0,ScatterNdUpdate_float32_int32_high_precision_11,MIX_AIV,47,3009,53.501,1790773410422842.056	,1790773410422895.557	
0,TensorMove_d2db1a80c523e7e59a032c95969880af_high_performance__kernel0,AI_VECTOR_CORE,47,3010,7.960,1790773410422896.357	,1790773410422904.317	
0,layer_norm_gated_fwd_kernel,AI_VECTOR_CORE,47,3011,18.780,1790773410423176.862	,1790773410423195.643	
0,MatMulV2_ND_ND_FP16_FP16_false_true_all_99025,AI_CORE,47,3012,84.721,1790773410423358.586	,1790773410423443.308	
0,HcPost_d2fe6614722b27afa6f8d964c215447e_0,AI_VECTOR_CORE,47,3013,24.160,1790773410423661.712	,1790773410423685.872	
0,HcPre_6c9f0fa710253eff38b1c0e6be6a67be_0,MIX_AIC,47,3014,67.061,1790773410423803.535	,1790773410423870.596	
0,RmsNorm_normal_all_bf16_high_performance_0,AI_VECTOR_CORE,47,3015,11.000,1790773410423908.857	,1790773410423919.857	
0,MatMulV2_ND_ND_FP16_FP16_false_true_all_16876241,AI_CORE,47,3016,306.446,1790773410424112.681	,1790773410424419.127	
0,Slice_ee29dafe4fe21e12bb8d56ae91626cba_high_performance_524000000,AI_VECTOR_CORE,47,3017,6.740,1790773410424419.147	,1790773410424425.887	
0,ClipByValueV2_e87c9546cf2804355cf0d9445a2db01a_high_performance_220010000,AI_VECTOR_CORE,47,3018,33.060,1790773410424425.907	,1790773410424458.968	
0,Slice_ee29dafe4fe21e12bb8d56ae91626cba_high_performance_524000000,AI_VECTOR_CORE,47,3019,5.640,1790773410424458.988	,1790773410424464.628	
0,ClipByValueV2_e87c9546cf2804355cf0d9445a2db01a_high_performance_220010000,AI_VECTOR_CORE,47,3020,34.920,1790773410424464.648	,1790773410424499.569	
0,Muls_299cf4d7f9ef0f745d89d88c666b45aa_high_performance_210010000,AI_VECTOR_CORE,47,3021,9.100,1790773410424499.589	,1790773410424508.689	
0,Sigmoid_1c4543fdfe7149b6b0717bd88f061562_high_precision_210010000,AI_VECTOR_CORE,47,3022,11.080,1790773410424508.709	,1790773410424519.789	
0,Mul_ce3d1ff8ba23a0bcb292da3577c1625d_high_performance_210020000,AI_VECTOR_CORE,47,3023,12.680,1790773410424519.809	,1790773410424532.489	
0,Add_ce3d1ff8ba23a0bcb292da3577c1625d_high_performance_223010000,AI_VECTOR_CORE,47,3024,10.520,1790773410424548.330	,1790773410424558.850	
0,Mul_ce3d1ff8ba23a0bcb292da3577c1625d_high_performance_210020000,AI_VECTOR_CORE,47,3025,6.340,1790773410424578.870	,1790773410424585.210	
0,MatMulV2_ND_ND_FP16_FP16_false_true_all_99025,AI_CORE,47,3026,117.182,1790773410424744.254	,1790773410424861.436	
0,HcPost_d2fe6614722b27afa6f8d964c215447e_0,AI_VECTOR_CORE,47,3027,23.960,1790773410424975.338	,1790773410424999.299	
0,HcPre_6c9f0fa710253eff38b1c0e6be6a67be_0,MIX_AIC,47,3028,62.661,1790773410425137.121	,1790773410425199.783	
0,RmsNorm_normal_all_bf16_high_performance_0,AI_VECTOR_CORE,47,3029,11.720,1790773410425243.664	,1790773410425255.384	
0,MatMulV2_ND_ND_FP16_FP16_false_true_all_16876241,AI_CORE,47,3030,233.484,1790773410425409.447	,1790773410425642.931	
0,Slice_ee29dafe4fe21e12bb8d56ae91626cba_high_performance_524000000,AI_VECTOR_CORE,47,3031,3.060,1790773410425642.951	,1790773410425646.012	
0,MatMulV2_ND_ND_FP16_FP16_false_true_all_98849,AI_CORE,47,3032,11.980,1790773410425646.052	,1790773410425658.032	
0,Slice_ee29dafe4fe21e12bb8d56ae91626cba_high_performance_524000000,AI_VECTOR_CORE,47,3033,2.720,1790773410425791.114	,1790773410425793.834	
0,MatMulV2_ND_ND_FP16_FP16_false_true_all_98849,AI_CORE,47,3034,8.860,1790773410425793.854	,1790773410425802.715	
0,ZerosLike_1c4543fdfe7149b6b0717bd88f061562_high_performance_210010000,AI_VECTOR_CORE,47,3035,9.080,1790773410425972.178	,1790773410425981.258	
0,_copy_conv_state_kernel,AI_VECTOR_CORE,47,3036,8.080,1790773410426318.505	,1790773410426326.585	
0,Slice_ee29dafe4fe21e12bb8d56ae91626cba_high_performance_524000000,AI_VECTOR_CORE,47,3037,6.740,1790773410426665.372	,1790773410426672.112	
0,CausalConv1d_b0123b7fae3057c534dbb03661977c42_22,MIX_AIC,47,3038,49.200,1790773410426698.633	,1790773410426747.834	
0,_copy_conv_state_kernel,AI_VECTOR_CORE,47,3039,7.360,1790773410426879.416	,1790773410426886.776	
0,ZerosLike_1c4543fdfe7149b6b0717bd88f061562_high_performance_210010000,AI_VECTOR_CORE,47,3040,8.160,1790773410427012.219	,1790773410427020.379	
0,_gather_initial_states_kernel,AI_VECTOR_CORE,47,3041,8.600,1790773410427446.648	,1790773410427455.248	
0,Slice_ee29dafe4fe21e12bb8d56ae91626cba_high_performance_524000000,AI_VECTOR_CORE,47,3042,2.660,1790773410427529.949	,1790773410427532.609	
0,Cast_b2717900ea7de2d41ea9c63d23aa269b_high_performance_210000000,AI_VECTOR_CORE,47,3043,2.760,1790773410427532.629	,1790773410427535.389	
0,Sigmoid_5c5e58e043224cccf51a06108010ae13_high_precision_210000000,AI_VECTOR_CORE,47,3044,2.700,1790773410427548.770	,1790773410427551.470	
0,Slice_ee29dafe4fe21e12bb8d56ae91626cba_high_performance_524000000,AI_VECTOR_CORE,47,3045,6.420,1790773410427614.771	,1790773410427621.191	
0,l2norm_fwd_kernel2,AI_VECTOR_CORE,47,3046,11.600,1790773410427891.596	,1790773410427903.197	
0,Slice_ee29dafe4fe21e12bb8d56ae91626cba_high_performance_524000000,AI_VECTOR_CORE,47,3047,5.540,1790773410427997.719	,1790773410428003.259	
0,l2norm_fwd_kernel2,AI_VECTOR_CORE,47,3048,6.940,1790773410428260.364	,1790773410428267.304	
0,Slice_ee29dafe4fe21e12bb8d56ae91626cba_high_performance_524000000,AI_VECTOR_CORE,47,3049,5.560,1790773410428370.946	,1790773410428376.506	
0,Transpose_9a632dc5b6be9e1b4215e3cf2b1aff0d_high_performance_11,AI_VECTOR_CORE,47,3050,13.940,1790773410428639.131	,1790773410428653.072	
0,Transpose_9a632dc5b6be9e1b4215e3cf2b1aff0d_high_performance_13,AI_VECTOR_CORE,47,3051,14.080,1790773410428653.092	,1790773410428667.172	
0,ChunkKdaFwd_5e864108d5688e456abb78f238c67b16_2,MIX_AIC,47,3052,409.348,1790773410428668.512	,1790773410429077.860	
0,Transpose_9a632dc5b6be9e1b4215e3cf2b1aff0d_high_performance_13,AI_VECTOR_CORE,47,3053,14.600,1790773410429078.720	,1790773410429093.320	
0,ScatterNdUpdate_float32_int32_high_precision_11,MIX_AIV,47,3054,53.641,1790773410429094.260	,1790773410429147.902	
0,TensorMove_d2db1a80c523e7e59a032c95969880af_high_performance__kernel0,AI_VECTOR_CORE,47,3055,7.880,1790773410429149.162	,1790773410429157.042	
0,layer_norm_gated_fwd_kernel,AI_VECTOR_CORE,47,3056,19.000,1790773410429347.165	,1790773410429366.166	
0,MatMulV2_ND_ND_FP16_FP16_false_true_all_99025,AI_CORE,47,3057,81.661,1790773410429617.211	,1790773410429698.873	
0,HcPost_d2fe6614722b27afa6f8d964c215447e_0,AI_VECTOR_CORE,47,3058,24.440,1790773410429840.435	,1790773410429864.876	
0,HcPre_6c9f0fa710253eff38b1c0e6be6a67be_0,MIX_AIC,47,3059,68.961,1790773410429999.819	,1790773410430068.780	
0,RmsNorm_normal_all_bf16_high_performance_0,AI_VECTOR_CORE,47,3060,11.740,1790773410430105.401	,1790773410430117.141	
0,MatMulV2_ND_ND_FP16_FP16_false_true_all_16876241,AI_CORE,47,3061,308.446,1790773410430328.425	,1790773410430636.871	
0,Slice_ee29dafe4fe21e12bb8d56ae91626cba_high_performance_524000000,AI_VECTOR_CORE,47,3062,6.940,1790773410430636.911	,1790773410430643.851	
0,ClipByValueV2_e87c9546cf2804355cf0d9445a2db01a_high_performance_220010000,AI_VECTOR_CORE,47,3063,31.720,1790773410430643.871	,1790773410430675.592	
0,Slice_ee29dafe4fe21e12bb8d56ae91626cba_high_performance_524000000,AI_VECTOR_CORE,47,3064,5.800,1790773410430675.612	,1790773410430681.412	
0,ClipByValueV2_e87c9546cf2804355cf0d9445a2db01a_high_performance_220010000,AI_VECTOR_CORE,47,3065,31.920,1790773410430681.432	,1790773410430713.353	
0,Muls_299cf4d7f9ef0f745d89d88c666b45aa_high_performance_210010000,AI_VECTOR_CORE,47,3066,9.020,1790773410430713.393	,1790773410430722.413	
0,Sigmoid_1c4543fdfe7149b6b0717bd88f061562_high_precision_210010000,AI_VECTOR_CORE,47,3067,10.980,1790773410430722.433	,1790773410430733.413	
0,Mul_ce3d1ff8ba23a0bcb292da3577c1625d_high_performance_210020000,AI_VECTOR_CORE,47,3068,12.740,1790773410430733.433	,1790773410430746.173	
0,Add_ce3d1ff8ba23a0bcb292da3577c1625d_high_performance_223010000,AI_VECTOR_CORE,47,3069,10.660,1790773410430746.193	,1790773410430756.854	
0,Mul_ce3d1ff8ba23a0bcb292da3577c1625d_high_performance_210020000,AI_VECTOR_CORE,47,3070,6.020,1790773410430756.894	,1790773410430762.914	
0,MatMulV2_ND_ND_FP16_FP16_false_true_all_99025,AI_CORE,47,3071,119.462,1790773410430906.757	,1790773410431026.219	
0,HcPost_d2fe6614722b27afa6f8d964c215447e_0,AI_VECTOR_CORE,47,3072,23.480,1790773410431158.462	,1790773410431181.942	
0,HcPre_6c9f0fa710253eff38b1c0e6be6a67be_0,MIX_AIC,47,3073,69.781,1790773410431340.325	,1790773410431410.107	
0,RmsNorm_normal_all_bf16_high_performance_0,AI_VECTOR_CORE,47,3074,11.120,1790773410431418.027	,1790773410431429.147	
0,MatMulV2_ND_ND_FP16_FP16_false_true_all_16876241,AI_CORE,47,3075,237.044,1790773410431624.951	,1790773410431861.996	
0,Slice_ee29dafe4fe21e12bb8d56ae91626cba_high_performance_524000000,AI_VECTOR_CORE,47,3076,3.200,1790773410431894.696	,1790773410431897.896	
0,MatMulV2_ND_ND_FP16_FP16_false_true_all_98849,AI_CORE,47,3077,12.080,1790773410431897.916	,1790773410431909.997	
0,Slice_ee29dafe4fe21e12bb8d56ae91626cba_high_performance_524000000,AI_VECTOR_CORE,47,3078,2.640,1790773410431979.358	,1790773410431981.998	
0,MatMulV2_ND_ND_FP16_FP16_false_true_all_98849,AI_CORE,47,3079,9.140,1790773410431982.018	,1790773410431991.158	
0,ZerosLike_1c4543fdfe7149b6b0717bd88f061562_high_performance_210010000,AI_VECTOR_CORE,47,3080,9.040,1790773410432166.062	,1790773410432175.102	
0,_copy_conv_state_kernel,AI_VECTOR_CORE,47,3081,8.040,1790773410432517.489	,1790773410432525.529	
0,Slice_ee29dafe4fe21e12bb8d56ae91626cba_high_performance_524000000,AI_VECTOR_CORE,47,3082,6.680,1790773410432858.596	,1790773410432865.276	
0,CausalConv1d_b0123b7fae3057c534dbb03661977c42_22,MIX_AIC,47,3083,49.201,1790773410432911.657	,1790773410432960.858	
0,_copy_conv_state_kernel,AI_VECTOR_CORE,47,3084,7.360,1790773410433059.060	,1790773410433066.420	
0,ZerosLike_1c4543fdfe7149b6b0717bd88f061562_high_performance_210010000,AI_VECTOR_CORE,47,3085,8.160,1790773410433194.822	,1790773410433202.983	
0,_gather_initial_states_kernel,AI_VECTOR_CORE,47,3086,8.840,1790773410433639.051	,1790773410433647.891	
0,Slice_ee29dafe4fe21e12bb8d56ae91626cba_high_performance_524000000,AI_VECTOR_CORE,47,3087,2.720,1790773410433724.553	,1790773410433727.273	
0,Cast_b2717900ea7de2d41ea9c63d23aa269b_high_performance_210000000,AI_VECTOR_CORE,47,3088,2.700,1790773410433727.293	,1790773410433729.993	
0,Sigmoid_5c5e58e043224cccf51a06108010ae13_high_precision_210000000,AI_VECTOR_CORE,47,3089,2.740,1790773410433754.974	,1790773410433757.714	
0,Slice_ee29dafe4fe21e12bb8d56ae91626cba_high_performance_524000000,AI_VECTOR_CORE,47,3090,5.380,1790773410433795.734	,1790773410433801.114	
0,l2norm_fwd_kernel2,AI_VECTOR_CORE,47,3091,11.860,1790773410434071.560	,1790773410434083.420	
0,Slice_ee29dafe4fe21e12bb8d56ae91626cba_high_performance_524000000,AI_VECTOR_CORE,47,3092,5.540,1790773410434185.142	,1790773410434190.682	
0,l2norm_fwd_kernel2,AI_VECTOR_CORE,47,3093,6.820,1790773410434461.188	,1790773410434468.008	
0,Slice_ee29dafe4fe21e12bb8d56ae91626cba_high_performance_524000000,AI_VECTOR_CORE,47,3094,4.980,1790773410434573.250	,1790773410434578.230	
0,Transpose_9a632dc5b6be9e1b4215e3cf2b1aff0d_high_performance_11,AI_VECTOR_CORE,47,3095,12.240,1790773410434816.255	,1790773410434828.495	
0,Transpose_9a632dc5b6be9e1b4215e3cf2b1aff0d_high_performance_13,AI_VECTOR_CORE,47,3096,14.160,1790773410434828.515	,1790773410434842.675	
0,ChunkKdaFwd_5e864108d5688e456abb78f238c67b16_2,MIX_AIC,47,3097,406.088,1790773410434843.975	,1790773410435250.063	
0,Transpose_9a632dc5b6be9e1b4215e3cf2b1aff0d_high_performance_13,AI_VECTOR_CORE,47,3098,13.680,1790773410435251.023	,1790773410435264.704	
0,ScatterNdUpdate_float32_int32_high_precision_11,MIX_AIV,47,3099,54.101,1790773410435265.964	,1790773410435320.065	
0,TensorMove_d2db1a80c523e7e59a032c95969880af_high_performance__kernel0,AI_VECTOR_CORE,47,3100,7.900,1790773410435320.845	,1790773410435328.745	
0,layer_norm_gated_fwd_kernel,AI_VECTOR_CORE,47,3101,18.460,1790773410435607.891	,1790773410435626.351	
0,MatMulV2_ND_ND_FP16_FP16_false_true_all_99025,AI_CORE,47,3102,82.401,1790773410435838.995	,1790773410435921.397	
0,HcPost_d2fe6614722b27afa6f8d964c215447e_0,AI_VECTOR_CORE,47,3103,24.060,1790773410436059.800	,1790773410436083.860	
0,HcPre_6c9f0fa710253eff38b1c0e6be6a67be_0,MIX_AIC,47,3104,65.421,1790773410436213.743	,1790773410436279.164	
0,RmsNorm_normal_all_bf16_high_performance_0,AI_VECTOR_CORE,47,3105,11.240,1790773410436320.285	,1790773410436331.525	
0,MatMulV2_ND_ND_FP16_FP16_false_true_all_16876241,AI_CORE,47,3106,305.826,1790773410436546.349	,1790773410436852.175	
0,Slice_ee29dafe4fe21e12bb8d56ae91626cba_high_performance_524000000,AI_VECTOR_CORE,47,3107,7.340,1790773410436852.195	,1790773410436859.536	
0,ClipByValueV2_e87c9546cf2804355cf0d9445a2db01a_high_performance_220010000,AI_VECTOR_CORE,47,3108,37.840,1790773410436859.576	,1790773410436897.416	
0,Slice_ee29dafe4fe21e12bb8d56ae91626cba_high_performance_524000000,AI_VECTOR_CORE,47,3109,6.340,1790773410436897.436	,1790773410436903.776	
0,ClipByValueV2_e87c9546cf2804355cf0d9445a2db01a_high_performance_220010000,AI_VECTOR_CORE,47,3110,32.360,1790773410436903.796	,1790773410436936.157	
0,Muls_299cf4d7f9ef0f745d89d88c666b45aa_high_performance_210010000,AI_VECTOR_CORE,47,3111,9.060,1790773410436936.177	,1790773410436945.237	
0,Sigmoid_1c4543fdfe7149b6b0717bd88f061562_high_precision_210010000,AI_VECTOR_CORE,47,3112,11.180,1790773410436945.257	,1790773410436956.438	
0,Mul_ce3d1ff8ba23a0bcb292da3577c1625d_high_performance_210020000,AI_VECTOR_CORE,47,3113,12.640,1790773410436956.458	,1790773410436969.098	
0,Add_ce3d1ff8ba23a0bcb292da3577c1625d_high_performance_223010000,AI_VECTOR_CORE,47,3114,10.480,1790773410436969.138	,1790773410436979.618	
0,Mul_ce3d1ff8ba23a0bcb292da3577c1625d_high_performance_210020000,AI_VECTOR_CORE,47,3115,6.220,1790773410436979.638	,1790773410436985.858	
0,MatMulV2_ND_ND_FP16_FP16_false_true_all_99025,AI_CORE,47,3116,116.142,1790773410437118.761	,1790773410437234.903	
0,HcPost_d2fe6614722b27afa6f8d964c215447e_0,AI_VECTOR_CORE,47,3117,23.360,1790773410437367.426	,1790773410437390.786	
0,HcPre_6c9f0fa710253eff38b1c0e6be6a67be_0,MIX_AIC,47,3118,66.361,1790773410437520.589	,1790773410437586.950	
0,RmsNorm_normal_all_bf16_high_performance_0,AI_VECTOR_CORE,47,3119,11.760,1790773410437622.391	,1790773410437634.151	
0,MatMulV2_ND_ND_FP16_FP16_false_true_all_99025,AI_CORE,47,3120,22.260,1790773410437971.318	,1790773410437993.578	
0,Slice_ee29dafe4fe21e12bb8d56ae91626cba_high_performance_524000000,AI_VECTOR_CORE,47,3121,2.840,1790773410438261.964	,1790773410438264.804	
0,RmsNorm_normal_all_bf16_high_performance_2,AI_VECTOR_CORE,47,3122,11.880,1790773410438290.804	,1790773410438302.684	
0,Slice_ee29dafe4fe21e12bb8d56ae91626cba_high_performance_524000000,AI_VECTOR_CORE,47,3123,2.100,1790773410438480.168	,1790773410438482.268	
0,RmsNorm_normal_all_bf16_high_performance_2,AI_VECTOR_CORE,47,3124,6.380,1790773410438495.168	,1790773410438501.548	
0,ScatterNdUpdate_bfloat16_int32_high_precision_11,MIX_AIV,47,3125,34.940,1790773410438624.711	,1790773410438659.652	
0,MatMulV2_ND_ND_FP16_FP16_false_true_all_99025,AI_CORE,47,3126,70.721,1790773410438766.534	,1790773410438837.255	
0,TransposeBatchMatMul_ND_ND_ND_ND_ND_BF16_BF16_BF16_INT64_BF16_high_performance_32,AI_CORE,47,3127,32.420,1790773410438943.117	,1790773410438975.538	
0,Cast_b2717900ea7de2d41ea9c63d23aa269b_high_performance_210000000,AI_VECTOR_CORE,47,3128,7.640,1790773410439108.521	,1790773410439116.161	
0,MatMulV2_ND_ND_FP32_FP32_false_true_all_66257,AI_CORE,47,3129,24.120,1790773410439137.401	,1790773410439161.522	
0,Slice_82e6b4faea71b451f217d7ea57c08012_high_performance_524000000,AI_VECTOR_CORE,47,3130,3.100,1790773410439276.164	,1790773410439279.264	
0,LayerNormV3_23ae115d70bd435e4cb966a52be97b55_high_precision_1600400500,AI_VECTOR_CORE,47,3131,16.820,1790773410439280.964	,1790773410439297.784	
0,MatMulV2_ND_ND_FP32_FP32_false_true_all_66257,AI_CORE,47,3132,19.260,1790773410439418.727	,1790773410439437.987	
0,MatMulV2_ND_ND_FP16_FP16_false_true_all_99025,AI_CORE,47,3133,19.100,1790773410439475.148	,1790773410439494.248	
0,Slice_82e6b4faea71b451f217d7ea57c08012_high_performance_524000000,AI_VECTOR_CORE,47,3134,2.120,1790773410439603.190	,1790773410439605.310	
0,Cast_9f288b80370c6545ffe8cef142d37f5c_high_performance_210000000,AI_VECTOR_CORE,47,3135,1.840,1790773410439605.350	,1790773410439607.190	
0,Muls_299cf4d7f9ef0f745d89d88c666b45aa_high_performance_210000000,AI_VECTOR_CORE,47,3136,1.800,1790773410439681.412	,1790773410439683.212	
0,_glm5_next_kpool_tail_compress_kernel,AI_VECTOR_CORE,47,3137,17.820,1790773410440168.962	,1790773410440186.782	
0,_store_kpool_tail_kernel,AI_VECTOR_CORE,47,3138,2.920,1790773410440437.707	,1790773410440440.627	
0,_gather_pool_cache,AI_VECTOR_CORE,47,3139,3.060,1790773410440825.095	,1790773410440828.155	
0,Cast_b2717900ea7de2d41ea9c63d23aa269b_high_performance_210000000,AI_VECTOR_CORE,47,3140,5.880,1790773410440945.537	,1790773410440951.417	
0,Cast_b2717900ea7de2d41ea9c63d23aa269b_high_performance_210000000,AI_VECTOR_CORE,47,3141,1.220,1790773410441012.199	,1790773410441013.419	
0,Mul_ee98c6628030785f610b924ab1557b31_high_performance_212000001,AI_VECTOR_CORE,47,3142,12.780,1790773410441074.980	,1790773410441087.760	
0,ReduceSum_7a09f5b7af4126487a7f726a9aac7548_high_performance_10000000900,MIX_AIV,47,3143,10.460,1790773410441146.761	,1790773410441157.221	
0,_glm5_next_lightning_indexer_score_kernel,AI_VECTOR_CORE,47,3144,17.540,1790773410441466.768	,1790773410441484.308	
0,TopKV2_5c671486fda0d949d7cba9a9754bc2dd_high_performance_2017612701781458944,MIX_AIV,47,3145,21.600,1790773410441570.910	,1790773410441592.510	
0,Cast_e87590d11ccda8b259ab6b1ea7212319_high_performance_210000000,AI_VECTOR_CORE,47,3146,2.760,1790773410441593.450	,1790773410441596.210	
0,Cast_39a266ce9a8d7d9ead33f6686e936b72_high_performance_210000000,AI_VECTOR_CORE,47,3147,2.840,1790773410441635.391	,1790773410441638.231	
0,_expand_pool_indices,AI_VECTOR_CORE,47,3148,163.723,1790773410441915.597	,1790773410442079.320	
0,Slice_b9b91ad79a469f7fcff72949705be0f9_high_performance_521000000,AI_VECTOR_CORE,47,3149,6.700,1790773410442479.128	,1790773410442485.828	
0,SparseFlashAttention_2e25ad8fefac1f04c03bd78f2d2ab366_1158,MIX_AIC,47,3150,65.141,1790773410442499.028	,1790773410442564.170	
0,TransposeBatchMatMul_ND_ND_ND_ND_ND_BF16_BF16_BF16_INT64_BF16_high_performance_32,AI_CORE,47,3151,24.340,1790773410442564.930	,1790773410442589.270	
0,MatMulV2_ND_ND_FP16_FP16_false_true_all_99025,AI_CORE,47,3152,193.643,1790773410442726.553	,1790773410442920.197	
0,TensorMove_d2db1a80c523e7e59a032c95969880af_high_performance__kernel0,AI_VECTOR_CORE,47,3153,7.520,1790773410442920.217	,1790773410442927.737	
0,HcPost_d2fe6614722b27afa6f8d964c215447e_0,AI_VECTOR_CORE,47,3154,24.460,1790773410443028.479	,1790773410443052.939	
0,HcPre_6c9f0fa710253eff38b1c0e6be6a67be_0,MIX_AIC,47,3155,65.961,1790773410443193.462	,1790773410443259.423	
0,RmsNorm_normal_all_bf16_high_performance_0,AI_VECTOR_CORE,47,3156,10.480,1790773410443289.724	,1790773410443300.204	
0,N/A,EVENT_RECORD,47,3157,0.020,1790773410443692.992	,1790773410443693.012	
0,Cast_b2717900ea7de2d41ea9c63d23aa269b_high_performance_210000000,AI_VECTOR_CORE,47,3158,7.800,1790773410443830.195	,1790773410443837.995	
0,MatMulV2_ND_ND_FP32_FP32_false_true_all_65665,AI_CORE,47,3159,7.360,1790773410443904.036	,1790773410443911.396	
0,N/A,EVENT_RECORD,47,3160,0.020,1790773410444064.240	,1790773410444064.260	
0,MoeGatingTopK_81369a2fa0455f39b5d19d432d261f57_1,AI_VECTOR_CORE,47,3161,11.780,1790773410444402.506	,1790773410444414.287	
0,N/A,EVENT_RECORD,47,3162,0.020,1790773410444725.633	,1790773410444725.653	
0,MoeInitRoutingV3_4ca8d2d329b4477b44dd2ee885849b12_2100000,MIX_AIV,47,3163,33.620,1790773410444951.697	,1790773410444985.318	
0,GroupedMatmul_0d2d43751f81d7f29646a862147967c9_68885275,MIX_AIC,47,3164,221.784,1790773410445188.142	,1790773410445409.926	
0,Slice_ee29dafe4fe21e12bb8d56ae91626cba_high_performance_524000000,AI_VECTOR_CORE,47,3165,8.320,1790773410445410.866	,1790773410445419.187	
0,ClipByValueV2_e87c9546cf2804355cf0d9445a2db01a_high_performance_220010000,AI_VECTOR_CORE,47,3166,37.380,1790773410445419.207	,1790773410445456.587	
0,ViewCopy_7778b2d0a2938f9247cc0c9f84559eb2_high_performance__kernel0,AI_VECTOR_CORE,47,3167,16.360,1790773410445456.627	,1790773410445472.988	
0,Slice_ee29dafe4fe21e12bb8d56ae91626cba_high_performance_524000000,AI_VECTOR_CORE,47,3168,8.000,1790773410445473.008	,1790773410445481.008	
0,ClipByValueV2_e87c9546cf2804355cf0d9445a2db01a_high_performance_220010000,AI_VECTOR_CORE,47,3169,42.740,1790773410445481.028	,1790773410445523.769	
0,ViewCopy_7778b2d0a2938f9247cc0c9f84559eb2_high_performance__kernel0,AI_VECTOR_CORE,47,3170,11.960,1790773410445523.789	,1790773410445535.749	
0,SwiGlu_3_high_performance_27,AI_VECTOR_CORE,47,3171,19.600,1790773410445535.769	,1790773410445555.369	
0,N/A,EVENT_RECORD,47,3172,0.020,1790773410445609.090	,1790773410445609.110	
0,GroupedMatmul_0d2d43751f81d7f29646a862147967c9_68885275,MIX_AIC,47,3173,110.302,1790773410445793.154	,1790773410445903.456	
0,N/A,EVENT_RECORD,47,3174,0.000,1790773410445952.357	,1790773410445952.357	
0,Cast_9f288b80370c6545ffe8cef142d37f5c_high_performance_210000000,AI_VECTOR_CORE,47,3175,1.380,1790773410446086.680	,1790773410446088.060	
0,Abs_8098b79498645e9c0da095babdeaf862_high_performance_210000000,AI_VECTOR_CORE,47,3176,1.620,1790773410446140.061	,1790773410446141.681	
0,MoeTokenUnpermute_6dd49246dc9576d3314234df69cb5c22_1,AI_VECTOR_CORE,47,3177,15.920,1790773410446297.404	,1790773410446313.324	
0,MatMulV2_ND_ND_FP16_FP16_false_true_all_99025,AI_CORE,47,3178,43.340,1790773410446581.470	,1790773410446624.811	
0,Slice_ee29dafe4fe21e12bb8d56ae91626cba_high_performance_524000000,AI_VECTOR_CORE,47,3179,3.000,1790773410446715.633	,1790773410446718.633	
0,ClipByValueV2_e87c9546cf2804355cf0d9445a2db01a_high_performance_220000000,AI_VECTOR_CORE,47,3180,11.340,1790773410446724.413	,1790773410446735.753	
0,Slice_ee29dafe4fe21e12bb8d56ae91626cba_high_performance_524000000,AI_VECTOR_CORE,47,3181,3.300,1790773410446787.554	,1790773410446790.854	
0,ClipByValueV2_e87c9546cf2804355cf0d9445a2db01a_high_performance_220000000,AI_VECTOR_CORE,47,3182,8.700,1790773410446790.874	,1790773410446799.574	
0,Muls_299cf4d7f9ef0f745d89d88c666b45aa_high_performance_210000000,AI_VECTOR_CORE,47,3183,7.640,1790773410446851.155	,1790773410446858.795	
0,Sigmoid_1c4543fdfe7149b6b0717bd88f061562_high_precision_210000000,AI_VECTOR_CORE,47,3184,8.760,1790773410446890.716	,1790773410446899.476	
0,Mul_ce3d1ff8ba23a0bcb292da3577c1625d_high_performance_210020000,AI_VECTOR_CORE,47,3185,9.920,1790773410446929.497	,1790773410446939.417	
0,Add_ce3d1ff8ba23a0bcb292da3577c1625d_high_performance_223000000,AI_VECTOR_CORE,47,3186,7.340,1790773410446981.378	,1790773410446988.718	
0,Mul_ce3d1ff8ba23a0bcb292da3577c1625d_high_performance_210020000,AI_VECTOR_CORE,47,3187,2.880,1790773410447018.639	,1790773410447021.519	
0,MatMulV2_ND_ND_FP16_FP16_false_true_all_99025,AI_CORE,47,3188,22.220,1790773410447193.142	,1790773410447215.363	
0,ForeachAddList_c73cb8f503197be65eaf63148ad48de4_high_performance_4,AI_VECTOR_CORE,47,3189,15.840,1790773410447467.748	,1790773410447483.588	
0,HcPost_d2fe6614722b27afa6f8d964c215447e_0,AI_VECTOR_CORE,47,3190,21.180,1790773410447739.493	,1790773410447760.673	
0,ReduceMean_9a2479d4dc5148645cb3f4b9e765c637_high_precision_100900,MIX_AIV,47,3191,16.120,1790773410447830.235	,1790773410447846.355	
0,RmsNorm_normal_all_bf16_high_performance_0,AI_VECTOR_CORE,47,3192,10.720,1790773410447977.058	,1790773410447987.778	
0,IndexCheck_int32_high_performance_1,AI_VECTOR_CORE,47,3193,3.080,1790773410448133.081	,1790773410448136.161	
0,Index_b1b18d29d34a3b544b5bb6b3f56177c3_high_performance__kernel0,AI_VECTOR_CORE,47,3194,8.200,1790773410448136.201	,1790773410448144.401	
0,MatMulV2_ND_ND_FP16_FP16_false_true_all_98499,AI_CORE,47,3195,963.839,1790773410448284.984	,1790773410449248.823	
0,Cast_b2717900ea7de2d41ea9c63d23aa269b_high_performance_210000000,AI_VECTOR_CORE,47,3196,7.420,1790773410449248.843	,1790773410449256.263	
0,LogSoftmaxV2_291664ae3e88b38b8b46c2efbbea27c9_high_precision_400001,AI_VECTOR_CORE,47,3197,43.940,1790773410449256.283	,1790773410449300.224	
0,Cast_b2717900ea7de2d41ea9c63d23aa269b_high_performance_210000000,AI_VECTOR_CORE,47,3198,2.520,1790773410449300.244	,1790773410449302.764	
0,ArgMaxV2_4402011f777d6374ab9f6425cb5984c4_high_performance_3,AI_VECTOR_CORE,47,3199,19.200,1790773410449302.804	,1790773410449322.005	
0,Cast_e87590d11ccda8b259ab6b1ea7212319_high_performance_210000000,AI_VECTOR_CORE,47,3200,1.440,1790773410449322.025	,1790773410449323.465	
0,TopKV2_5c671486fda0d949d7cba9a9754bc2dd_high_performance_2017612907941986305,MIX_AIV,47,3201,18.520,1790773410449324.345	,1790773410449342.865	
0,TopKV2_5c671486fda0d949d7cba9a9754bc2dd_high_performance_2017612701781458944,MIX_AIV,47,3202,3.680,1790773410449345.665	,1790773410449349.345	
0,GatherElements_8b4ec10fbb39c5c0a65192c606400b29_high_performance__kernel0,AI_VECTOR_CORE,47,3203,8.560,1790773410449350.525	,1790773410449359.085	
0,Cast_e87590d11ccda8b259ab6b1ea7212319_high_performance_210000000,AI_VECTOR_CORE,47,3204,1.000,1790773410449359.125	,1790773410449360.125	
0,Cast_39a266ce9a8d7d9ead33f6686e936b72_high_performance_210000000,AI_VECTOR_CORE,47,3205,1.700,1790773410449360.165	,1790773410449361.865	
0,GatherElementsV2_fp32_high_performance_2,AI_VECTOR_CORE,47,3206,4.040,1790773410449361.885	,1790773410449365.925	
0,GreaterEqual_3efaad932f458d7892fdb0715ec85b2b_high_performance_223000000,AI_VECTOR_CORE,47,3207,8.640,1790773410449365.945	,1790773410449374.586	
0,Cast_df2b778f1b80e749bd4242386ec57ab9_high_performance_210000000,AI_VECTOR_CORE,47,3208,6.840,1790773410449374.606	,1790773410449381.446	
0,ReduceSum_7a09f5b7af4126487a7f726a9aac7548_high_performance_110001000400,MIX_AIV,47,3209,20.540,1790773410449382.686	,1790773410449403.226	
0,Cast_c6738f795430c3c6f09cdc8d52a1b43d_high_performance_210000000,AI_VECTOR_CORE,47,3210,1.380,1790773410449404.026	,1790773410449405.406	
0,ConcatD_0d745295987e1c668b2ec8b2844aeada_high_performance_3000001,AI_VECTOR_CORE,47,3211,2.500,1790773410449405.426	,1790773410449407.926	
0,ConcatD_233851a3505389e43928a8bba133a74d_high_performance_3000001,AI_VECTOR_CORE,47,3212,2.060,1790773410449407.966	,1790773410449410.026	
0,Cast_39a266ce9a8d7d9ead33f6686e936b72_high_performance_210000000,AI_VECTOR_CORE,47,3213,1.380,1790773410449413.166	,1790773410449414.546	
0,Cast_39a266ce9a8d7d9ead33f6686e936b72_high_performance_210000000,AI_VECTOR_CORE,47,3214,1.320,1790773410449488.488	,1790773410449489.808	
0,N/A,EVENT_RECORD,47,3215,0.020,1790773410449684.552	,1790773410449684.572	
0,N/A,EVENT_WAIT,39,17,0.000,1790773410450063.219	,1790773410450063.219	
0,N/A,EVENT_RECORD,47,3216,0.020,1790773410450352.225	,1790773410450352.245	
0,N/A,EVENT_WAIT,45,170,0.020,1790773410450463.827	,1790773410450463.847	
0,N/A,MEMCPY_ASYNC,45,171,2.180,1790773410450649.431	,1790773410450651.611	
0,N/A,MEMCPY_ASYNC,45,172,2.200,1790773410450676.692	,1790773410450678.892	
0,N/A,MEMCPY_ASYNC,45,173,2.040,1790773410450714.912	,1790773410450716.952	
0,N/A,MEMCPY_ASYNC,45,174,1.900,1790773410450748.713	,1790773410450750.613	
0,N/A,EVENT_RECORD,45,175,0.020,1790773410450911.436	,1790773410450911.456	
0,N/A,MEMCPY_ASYNC,47,3217,2.640,1790773410451976.218	,1790773410451978.858	
0,N/A,MEMCPY_ASYNC,47,3218,2.220,1790773410452049.719	,1790773410452051.939	
0,N/A,MEMCPY_ASYNC,47,3219,2.500,1790773410452130.781	,1790773410452133.281	
0,N/A,MEMCPY_ASYNC,47,3220,2.600,1790773410452170.962	,1790773410452173.562	
0,N/A,MEMCPY_ASYNC,47,3221,2.500,1790773410452236.583	,1790773410452239.083	
0,N/A,MEMCPY_ASYNC,47,3222,2.520,1790773410452540.569	,1790773410452543.089	
0,N/A,MEMCPY_ASYNC,47,3223,2.260,1790773410452734.013	,1790773410452736.273	
0,N/A,MEMCPY_ASYNC,47,3224,2.400,1790773410452774.014	,1790773410452776.414	
0,Fill_1fbc7ee619b707282bbfd034093621df_high_performance_223000000,AI_VECTOR_CORE,47,3225,1.480,1790773410452959.397	,1790773410452960.877	
0,N/A,MEMCPY_ASYNC,47,3226,0.620,1790773410453152.261	,1790773410453152.881	
0,N/A,MEMCPY_ASYNC,47,3227,2.240,1790773410453379.126	,1790773410453381.366	
0,Fill_1fbc7ee619b707282bbfd034093621df_high_performance_223000000,AI_VECTOR_CORE,47,3228,1.400,1790773410453424.167	,1790773410453425.567	
0,N/A,MEMCPY_ASYNC,47,3229,2.700,1790773410453473.788	,1790773410453476.488	
0,N/A,MEMCPY_ASYNC,47,3230,2.520,1790773410453560.189	,1790773410453562.709	
0,N/A,MEMCPY_ASYNC,47,3231,2.260,1790773410453640.851	,1790773410453643.111	
0,N/A,MEMCPY_ASYNC,47,3232,2.260,1790773410453716.192	,1790773410453718.452	
0,IndexCheck_int64_high_performance_0,AI_VECTOR_CORE,47,3233,2.960,1790773410453831.135	,1790773410453834.095	
0,Index_f34e8f0e5e2c96109aa0460550023804_high_performance__kernel0,AI_VECTOR_CORE,47,3234,7.660,1790773410453834.115	,1790773410453841.775	
0,Cast_e87590d11ccda8b259ab6b1ea7212319_high_performance_210000000,AI_VECTOR_CORE,47,3235,1.300,1790773410453911.016	,1790773410453912.316	
0,Add_41dadce325b0f810d03359af2a38990b_high_performance_210000000,AI_VECTOR_CORE,47,3236,2.420,1790773410453976.138	,1790773410453978.558	
0,N/A,MEMCPY_ASYNC,47,3237,0.600,1790773410454074.940	,1790773410454075.540	
0,Add_9342884c99c006e21fc9d5d9260b8bef_high_performance_210000000,AI_VECTOR_CORE,47,3238,1.600,1790773410454129.561	,1790773410454131.161	
0,N/A,MEMCPY_ASYNC,47,3239,0.740,1790773410454235.783	,1790773410454236.523	
0,Fill_1fbc7ee619b707282bbfd034093621df_high_performance_223000000,AI_VECTOR_CORE,47,3240,1.600,1790773410454290.584	,1790773410454292.184	
0,_compute_slot_mapping_fused_groups_kernel,AI_VECTOR_CORE,47,3241,21.680,1790773410454686.992	,1790773410454708.672	
0,Sub_9342884c99c006e21fc9d5d9260b8bef_high_performance_210000000,AI_VECTOR_CORE,47,3242,1.500,1790773410454824.875	,1790773410454826.375	
0,N/A,MEMCPY_ASYNC,47,3243,2.280,1790773410455227.323	,1790773410455229.603	
0,Cast_e87590d11ccda8b259ab6b1ea7212319_high_performance_210000000,AI_VECTOR_CORE,47,3244,1.220,1790773410456004.558	,1790773410456005.778	
0,FloorDiv_41dadce325b0f810d03359af2a38990b_high_performance_223000000,AI_VECTOR_CORE,47,3245,3.320,1790773410456006.698	,1790773410456010.018	
0,Cast_39a266ce9a8d7d9ead33f6686e936b72_high_performance_210000000,AI_VECTOR_CORE,47,3246,1.280,1790773410456010.058	,1790773410456011.338	
0,N/A,MEMCPY_ASYNC,47,3247,0.580,1790773410456158.801	,1790773410456159.381	
0,Cast_e87590d11ccda8b259ab6b1ea7212319_high_performance_210000000,AI_VECTOR_CORE,47,3248,1.280,1790773410456250.523	,1790773410456251.803	
0,GreaterEqual_1ea4da630f56dc1c2d6e7c9a9dd17b11_high_performance_210000000,AI_VECTOR_CORE,47,3249,2.880,1790773410456251.983	,1790773410456254.863	
0,Add_41dadce325b0f810d03359af2a38990b_high_performance_210000000,AI_VECTOR_CORE,47,3250,2.280,1790773410456272.343	,1790773410456274.624	
0,BroadcastTo_41dadce325b0f810d03359af2a38990b_high_performance_210000000,AI_VECTOR_CORE,47,3251,1.720,1790773410456339.025	,1790773410456340.745	
0,FloorMod_41dadce325b0f810d03359af2a38990b_high_precision_210000000,AI_VECTOR_CORE,47,3252,1.720,1790773410456340.765	,1790773410456342.485	
0,Equal_1ea4da630f56dc1c2d6e7c9a9dd17b11_high_performance_210000000,AI_VECTOR_CORE,47,3253,2.960,1790773410456371.345	,1790773410456374.305	
0,LogicalAnd_91d2a3cdd75d915a368582ec5f440af1_high_performance_210000000,AI_VECTOR_CORE,47,3254,1.560,1790773410456409.966	,1790773410456411.526	
0,ClipByValueV2_3bc53d14ff7dfecd0ed0c69136ab471a_high_performance_210000000,AI_VECTOR_CORE,47,3255,1.460,1790773410456498.188	,1790773410456499.648	
0,Cast_e87590d11ccda8b259ab6b1ea7212319_high_performance_210000000,AI_VECTOR_CORE,47,3256,1.140,1790773410456542.889	,1790773410456544.029	
0,FloorDiv_41dadce325b0f810d03359af2a38990b_high_performance_210000000,AI_VECTOR_CORE,47,3257,2.120,1790773410456544.589	,1790773410456546.709	
0,Cast_39a266ce9a8d7d9ead33f6686e936b72_high_performance_210000000,AI_VECTOR_CORE,47,3258,1.380,1790773410456547.349	,1790773410456548.729	
0,BroadcastTo_c71434db8135ff9089d65053721e3417_high_performance_210000000,AI_VECTOR_CORE,47,3259,1.420,1790773410456586.550	,1790773410456587.970	
0,FloorMod_9342884c99c006e21fc9d5d9260b8bef_high_precision_210000000,AI_VECTOR_CORE,47,3260,3.180,1790773410456597.730	,1790773410456600.910	
0,Mul_9342884c99c006e21fc9d5d9260b8bef_high_performance_210000000,AI_VECTOR_CORE,47,3261,1.680,1790773410456650.131	,1790773410456651.811	
0,Cast_e87590d11ccda8b259ab6b1ea7212319_high_performance_210000000,AI_VECTOR_CORE,47,3262,1.200,1790773410456691.292	,1790773410456692.492	
0,FloorDiv_41dadce325b0f810d03359af2a38990b_high_performance_210000000,AI_VECTOR_CORE,47,3263,1.780,1790773410456693.012	,1790773410456694.792	
0,Cast_39a266ce9a8d7d9ead33f6686e936b72_high_performance_210000000,AI_VECTOR_CORE,47,3264,1.340,1790773410456719.012	,1790773410456720.352	
0,Add_9342884c99c006e21fc9d5d9260b8bef_high_performance_210000000,AI_VECTOR_CORE,47,3265,1.280,1790773410456733.013	,1790773410456734.293	
0,Fill_1fbc7ee619b707282bbfd034093621df_high_performance_210000000,AI_VECTOR_CORE,47,3266,1.580,1790773410456786.114	,1790773410456787.694	
0,SelectV2_9bb0969ab50036eba4428cd9974a5c0b_high_performance_210000000,AI_VECTOR_CORE,47,3267,1.940,1790773410456832.955	,1790773410456834.895	
0,Cast_e87590d11ccda8b259ab6b1ea7212319_high_performance_210000000,AI_VECTOR_CORE,47,3268,1.280,1790773410456861.555	,1790773410456862.835	
0,Cast_e87590d11ccda8b259ab6b1ea7212319_high_performance_210000000,AI_VECTOR_CORE,47,3269,1.240,1790773410456981.278	,1790773410456982.518	
0,FloorDiv_41dadce325b0f810d03359af2a38990b_high_performance_210000000,AI_VECTOR_CORE,47,3270,1.740,1790773410456983.138	,1790773410456984.878	
0,Cast_39a266ce9a8d7d9ead33f6686e936b72_high_performance_210000000,AI_VECTOR_CORE,47,3271,1.120,1790773410456984.898	,1790773410456986.018	
0,N/A,MEMCPY_ASYNC,47,3272,0.600,1790773410457092.480	,1790773410457093.080	
0,N/A,MEMCPY_ASYNC,47,3273,0.620,1790773410457178.422	,1790773410457179.042	
0,N/A,MEMCPY_ASYNC,47,3274,0.600,1790773410458187.262	,1790773410458187.862	
0,N/A,MEMCPY_ASYNC,47,3275,0.620,1790773410458363.025	,1790773410458363.645	
0,N/A,MEMCPY_ASYNC,47,3276,0.660,1790773410458506.108	,1790773410458506.768	
0,Sub_9342884c99c006e21fc9d5d9260b8bef_high_performance_210000000,AI_VECTOR_CORE,47,3277,1.360,1790773410458578.950	,1790773410458580.310	
0,N/A,MEMCPY_ASYNC,47,3278,0.600,1790773410459218.322	,1790773410459218.922	
0,N/A,MEMCPY_ASYNC,47,3279,0.740,1790773410459385.626	,1790773410459386.366	
0,N/A,MEMCPY_ASYNC,47,3280,0.640,1790773410459519.568	,1790773410459520.208	
0,Sub_9342884c99c006e21fc9d5d9260b8bef_high_performance_210000000,AI_VECTOR_CORE,47,3281,1.460,1790773410459630.631	,1790773410459632.091	
0,N/A,MEMCPY_ASYNC,47,3282,0.620,1790773410460311.764	,1790773410460312.384	
0,N/A,MEMCPY_ASYNC,47,3283,0.620,1790773410460541.669	,1790773410460542.289	
0,N/A,MEMCPY_ASYNC,47,3284,0.580,1790773410460665.031	,1790773410460665.611	
0,Sub_9342884c99c006e21fc9d5d9260b8bef_high_performance_210000000,AI_VECTOR_CORE,47,3285,1.600,1790773410460745.113	,1790773410460746.713	
0,N/A,EVENT_RECORD,47,3286,0.000,1790773410460984.418	,1790773410460984.418	
0,Fill_279daeaf6b659300647aba3935d90048_high_performance_210000000,AI_VECTOR_CORE,47,3287,1.600,1790773410461374.765	,1790773410461376.365	
0,N/A,MEMCPY_ASYNC,47,3288,0.640,1790773410461447.207	,1790773410461447.847	
0,Fill_279daeaf6b659300647aba3935d90048_high_performance_210000000,AI_VECTOR_CORE,47,3289,1.460,1790773410461494.108	,1790773410461495.568	
0,N/A,MODEL_EXECUTE,47,3290,3.280,1790773410462008.918	,1790773410462012.198	
0,Cast_e87590d11ccda8b259ab6b1ea7212319_high_performance_210000000,AI_VECTOR_CORE,11,0,1.420,1790773410462012.118	,1790773410462013.538	
0,GatherV2_7869a97190b9b4d296d9414a005b954b_high_precision_900015015,AI_VECTOR_CORE,11,1,9.940,1790773410462013.558	,1790773410462023.498	
0,BroadcastTo_7e5992d3033ef32a3463c5d198e518a1_high_performance_221000002,AI_VECTOR_CORE,11,2,6.040,1790773410462023.518	,1790773410462029.558	
0,HcPre_6c9f0fa710253eff38b1c0e6be6a67be_0,MIX_AIC,11,3,30.160,1790773410462030.999	,1790773410462061.159	
0,N/A,NOTIFY_WAIT,47,3291,3016.560,1790773410462039.459	,1790773410465056.019	
0,RmsNorm_normal_all_bf16_high_performance_0,AI_VECTOR_CORE,11,4,4.340,1790773410462062.119	,1790773410462066.459	
0,MatMulV2_ND_ND_FP16_FP16_false_true_all_98499,AI_CORE,11,5,156.503,1790773410462066.479	,1790773410462222.982	
0,MatMulV2_ND_ND_FP16_FP16_false_true_all_98325,AI_CORE,11,6,8.900,1790773410462223.002	,1790773410462231.903	
0,MatMulV2_ND_ND_FP16_FP16_false_true_all_98325,AI_CORE,11,7,5.440,1790773410462231.923	,1790773410462237.363	
0,ZerosLike_1c4543fdfe7149b6b0717bd88f061562_high_performance_210000000,AI_VECTOR_CORE,11,8,5.760,1790773410462237.403	,1790773410462243.163	
0,_copy_conv_state_kernel,AI_VECTOR_CORE,11,9,8.040,1790773410462243.203	,1790773410462251.243	
0,CausalConv1d_b0123b7fae3057c534dbb03661977c42_1,MIX_AIC,11,10,13.120,1790773410462252.663	,1790773410462265.783	
0,N/A,MEMCPY_ASYNC,11,11,0.660,1790773410462266.683	,1790773410462267.343	
0,_copy_conv_state_kernel,AI_VECTOR_CORE,11,12,7.280,1790773410462267.383	,1790773410462274.663	
0,RecurrentKda_1ac9a791ca2957b2fe0a2e96909b5782_0,AI_VECTOR_CORE,11,13,31.400,1790773410462274.683	,1790773410462306.084	
0,_write_output,AI_VECTOR_CORE,11,14,2.620,1790773410462306.104	,1790773410462308.724	
0,layer_norm_gated_fwd_kernel,AI_VECTOR_CORE,11,15,3.140,1790773410462308.744	,1790773410462311.884	
0,MatMulV2_ND_ND_FP16_FP16_false_true_all_98499,AI_CORE,11,16,54.141,1790773410462311.904	,1790773410462366.045	
0,HcPost_d2fe6614722b27afa6f8d964c215447e_0,AI_VECTOR_CORE,11,17,7.280,1790773410462366.065	,1790773410462373.345	
0,HcPre_6c9f0fa710253eff38b1c0e6be6a67be_0,MIX_AIC,11,18,34.300,1790773410462374.485	,1790773410462408.786	
0,RmsNorm_normal_all_bf16_high_performance_0,AI_VECTOR_CORE,11,19,4.560,1790773410462409.886	,1790773410462414.446	
0,MatMulV2_ND_ND_FP16_FP16_false_true_all_98499,AI_CORE,11,20,158.663,1790773410462414.466	,1790773410462573.129	
0,ClipByValueV2_e87c9546cf2804355cf0d9445a2db01a_high_performance_220000000,AI_VECTOR_CORE,11,21,5.180,1790773410462573.169	,1790773410462578.349	
0,ClipByValueV2_e87c9546cf2804355cf0d9445a2db01a_high_performance_220000000,AI_VECTOR_CORE,11,22,4.280,1790773410462578.369	,1790773410462582.650	
0,Muls_299cf4d7f9ef0f745d89d88c666b45aa_high_performance_210000000,AI_VECTOR_CORE,11,23,3.080,1790773410462582.670	,1790773410462585.750	
0,Sigmoid_1c4543fdfe7149b6b0717bd88f061562_high_precision_210000000,AI_VECTOR_CORE,11,24,3.760,1790773410462585.790	,1790773410462589.550	
0,Mul_ce3d1ff8ba23a0bcb292da3577c1625d_high_performance_210020000,AI_VECTOR_CORE,11,25,3.420,1790773410462589.590	,1790773410462593.010	
0,Add_ce3d1ff8ba23a0bcb292da3577c1625d_high_performance_223000000,AI_VECTOR_CORE,11,26,3.100,1790773410462593.030	,1790773410462596.130	
0,Mul_ce3d1ff8ba23a0bcb292da3577c1625d_high_performance_210020000,AI_VECTOR_CORE,11,27,3.580,1790773410462596.150	,1790773410462599.730	
0,MatMulV2_ND_ND_FP16_FP16_false_true_all_98513,AI_CORE,11,28,105.322,1790773410462599.750	,1790773410462705.072	
0,HcPost_d2fe6614722b27afa6f8d964c215447e_0,AI_VECTOR_CORE,11,29,7.240,1790773410462705.092	,1790773410462712.332	
0,HcPre_6c9f0fa710253eff38b1c0e6be6a67be_0,MIX_AIC,11,30,29.620,1790773410462713.492	,1790773410462743.113	
0,RmsNorm_normal_all_bf16_high_performance_0,AI_VECTOR_CORE,11,31,4.400,1790773410462743.993	,1790773410462748.393	
0,MatMulV2_ND_ND_FP16_FP16_false_true_all_98499,AI_CORE,11,32,158.623,1790773410462748.433	,1790773410462907.056	
0,MatMulV2_ND_ND_FP16_FP16_false_true_all_98325,AI_CORE,11,33,6.480,1790773410462907.076	,1790773410462913.556	
0,MatMulV2_ND_ND_FP16_FP16_false_true_all_98325,AI_CORE,11,34,5.340,1790773410462913.576	,1790773410462918.916	
0,ZerosLike_1c4543fdfe7149b6b0717bd88f061562_high_performance_210000000,AI_VECTOR_CORE,11,35,5.200,1790773410462918.956	,1790773410462924.156	
0,_copy_conv_state_kernel,AI_VECTOR_CORE,11,36,8.180,1790773410462924.176	,1790773410462932.357	
0,CausalConv1d_b0123b7fae3057c534dbb03661977c42_1,MIX_AIC,11,37,13.280,1790773410462933.737	,1790773410462947.017	
0,N/A,MEMCPY_ASYNC,11,38,0.680,1790773410462947.737	,1790773410462948.417	
0,_copy_conv_state_kernel,AI_VECTOR_CORE,11,39,7.380,1790773410462948.437	,1790773410462955.817	
0,RecurrentKda_1ac9a791ca2957b2fe0a2e96909b5782_0,AI_VECTOR_CORE,11,40,31.800,1790773410462955.837	,1790773410462987.638	
0,_write_output,AI_VECTOR_CORE,11,41,2.920,1790773410462987.678	,1790773410462990.598	
0,layer_norm_gated_fwd_kernel,AI_VECTOR_CORE,11,42,3.280,1790773410462990.618	,1790773410462993.898	
0,MatMulV2_ND_ND_FP16_FP16_false_true_all_98499,AI_CORE,11,43,65.821,1790773410462993.918	,1790773410463059.739	
0,HcPost_d2fe6614722b27afa6f8d964c215447e_0,AI_VECTOR_CORE,11,44,7.260,1790773410463059.779	,1790773410463067.039	
0,HcPre_6c9f0fa710253eff38b1c0e6be6a67be_0,MIX_AIC,11,45,32.480,1790773410463067.939	,1790773410463100.420	
0,RmsNorm_normal_all_bf16_high_performance_0,AI_VECTOR_CORE,11,46,4.320,1790773410463101.500	,1790773410463105.820	
0,MatMulV2_ND_ND_FP16_FP16_false_true_all_98499,AI_CORE,11,47,163.123,1790773410463105.860	,1790773410463268.983	
0,ClipByValueV2_e87c9546cf2804355cf0d9445a2db01a_high_performance_220000000,AI_VECTOR_CORE,11,48,5.380,1790773410463269.003	,1790773410463274.383	
0,ClipByValueV2_e87c9546cf2804355cf0d9445a2db01a_high_performance_220000000,AI_VECTOR_CORE,11,49,4.600,1790773410463274.403	,1790773410463279.003	
0,Muls_299cf4d7f9ef0f745d89d88c666b45aa_high_performance_210000000,AI_VECTOR_CORE,11,50,3.060,1790773410463279.043	,1790773410463282.104	
0,Sigmoid_1c4543fdfe7149b6b0717bd88f061562_high_precision_210000000,AI_VECTOR_CORE,11,51,3.620,1790773410463282.124	,1790773410463285.744	
0,Mul_ce3d1ff8ba23a0bcb292da3577c1625d_high_performance_210020000,AI_VECTOR_CORE,11,52,3.220,1790773410463285.764	,1790773410463288.984	
0,Add_ce3d1ff8ba23a0bcb292da3577c1625d_high_performance_223000000,AI_VECTOR_CORE,11,53,3.360,1790773410463289.004	,1790773410463292.364	
0,Mul_ce3d1ff8ba23a0bcb292da3577c1625d_high_performance_210020000,AI_VECTOR_CORE,11,54,3.640,1790773410463292.384	,1790773410463296.024	
0,MatMulV2_ND_ND_FP16_FP16_false_true_all_98513,AI_CORE,11,55,101.082,1790773410463296.044	,1790773410463397.126	
0,HcPost_d2fe6614722b27afa6f8d964c215447e_0,AI_VECTOR_CORE,11,56,7.360,1790773410463397.146	,1790773410463404.506	
0,HcPre_6c9f0fa710253eff38b1c0e6be6a67be_0,MIX_AIC,11,57,34.200,1790773410463405.706	,1790773410463439.907	
0,RmsNorm_normal_all_bf16_high_performance_0,AI_VECTOR_CORE,11,58,4.660,1790773410463441.047	,1790773410463445.707	
0,MatMulV2_ND_ND_FP16_FP16_false_true_all_98499,AI_CORE,11,59,155.023,1790773410463445.727	,1790773410463600.750	
0,MatMulV2_ND_ND_FP16_FP16_false_true_all_98325,AI_CORE,11,60,6.780,1790773410463600.770	,1790773410463607.550	
0,MatMulV2_ND_ND_FP16_FP16_false_true_all_98325,AI_CORE,11,61,5.560,1790773410463607.570	,1790773410463613.130	
0,ZerosLike_1c4543fdfe7149b6b0717bd88f061562_high_performance_210000000,AI_VECTOR_CORE,11,62,5.140,1790773410463613.170	,1790773410463618.310	
0,_copy_conv_state_kernel,AI_VECTOR_CORE,11,63,8.260,1790773410463618.330	,1790773410463626.590	
0,CausalConv1d_b0123b7fae3057c534dbb03661977c42_1,MIX_AIC,11,64,14.000,1790773410463627.750	,1790773410463641.751	
0,N/A,MEMCPY_ASYNC,11,65,0.680,1790773410463642.971	,1790773410463643.651	
0,_copy_conv_state_kernel,AI_VECTOR_CORE,11,66,7.380,1790773410463643.671	,1790773410463651.051	
0,RecurrentKda_1ac9a791ca2957b2fe0a2e96909b5782_0,AI_VECTOR_CORE,11,67,32.500,1790773410463651.071	,1790773410463683.572	
0,_write_output,AI_VECTOR_CORE,11,68,2.860,1790773410463683.592	,1790773410463686.452	
0,layer_norm_gated_fwd_kernel,AI_VECTOR_CORE,11,69,3.120,1790773410463686.472	,1790773410463689.592	
0,MatMulV2_ND_ND_FP16_FP16_false_true_all_98499,AI_CORE,11,70,60.581,1790773410463689.612	,1790773410463750.193	
0,HcPost_d2fe6614722b27afa6f8d964c215447e_0,AI_VECTOR_CORE,11,71,7.060,1790773410463750.233	,1790773410463757.293	
0,HcPre_6c9f0fa710253eff38b1c0e6be6a67be_0,MIX_AIC,11,72,30.040,1790773410463758.413	,1790773410463788.454	
0,RmsNorm_normal_all_bf16_high_performance_0,AI_VECTOR_CORE,11,73,4.520,1790773410463789.534	,1790773410463794.054	
0,MatMulV2_ND_ND_FP16_FP16_false_true_all_98499,AI_CORE,11,74,159.223,1790773410463794.074	,1790773410463953.297	
0,ClipByValueV2_e87c9546cf2804355cf0d9445a2db01a_high_performance_220000000,AI_VECTOR_CORE,11,75,5.180,1790773410463953.317	,1790773410463958.497	
0,ClipByValueV2_e87c9546cf2804355cf0d9445a2db01a_high_performance_220000000,AI_VECTOR_CORE,11,76,4.560,1790773410463958.517	,1790773410463963.077	
0,Muls_299cf4d7f9ef0f745d89d88c666b45aa_high_performance_210000000,AI_VECTOR_CORE,11,77,3.080,1790773410463963.097	,1790773410463966.177	
0,Sigmoid_1c4543fdfe7149b6b0717bd88f061562_high_precision_210000000,AI_VECTOR_CORE,11,78,3.700,1790773410463966.217	,1790773410463969.917	
0,Mul_ce3d1ff8ba23a0bcb292da3577c1625d_high_performance_210020000,AI_VECTOR_CORE,11,79,3.260,1790773410463969.957	,1790773410463973.217	
0,Add_ce3d1ff8ba23a0bcb292da3577c1625d_high_performance_223000000,AI_VECTOR_CORE,11,80,3.080,1790773410463973.237	,1790773410463976.317	
0,Mul_ce3d1ff8ba23a0bcb292da3577c1625d_high_performance_210020000,AI_VECTOR_CORE,11,81,3.680,1790773410463976.337	,1790773410463980.017	
0,MatMulV2_ND_ND_FP16_FP16_false_true_all_98513,AI_CORE,11,82,100.442,1790773410463980.037	,1790773410464080.479	
0,HcPost_d2fe6614722b27afa6f8d964c215447e_0,AI_VECTOR_CORE,11,83,7.260,1790773410464080.499	,1790773410464087.760	
0,HcPre_6c9f0fa710253eff38b1c0e6be6a67be_0,MIX_AIC,11,84,27.740,1790773410464089.000	,1790773410464116.740	
0,RmsNorm_normal_all_bf16_high_performance_0,AI_VECTOR_CORE,11,85,4.560,1790773410464117.660	,1790773410464122.220	
0,MatMulV2_ND_ND_FP16_FP16_false_true_all_98513,AI_CORE,11,86,18.600,1790773410464122.260	,1790773410464140.861	
0,N/A,EVENT_WAIT,39,18,1995.679,1790773410464135.061	,1790773410466130.740	
0,RmsNorm_normal_all_bf16_high_performance_2,AI_VECTOR_CORE,11,87,5.420,1790773410464140.881	,1790773410464146.301	
0,RmsNorm_normal_all_bf16_high_performance_2,AI_VECTOR_CORE,11,88,3.740,1790773410464146.321	,1790773410464150.061	
0,ScatterNdUpdate_bfloat16_int32_high_precision_11,MIX_AIV,11,89,5.340,1790773410464151.001	,1790773410464156.341	
0,MatMulV2_ND_ND_FP16_FP16_false_true_all_98499,AI_CORE,11,90,46.080,1790773410464157.101	,1790773410464203.182	
0,TransposeBatchMatMul_ND_ND_ND_ND_ND_BF16_BF16_BF16_INT64_BF16_high_performance_32,AI_CORE,11,91,25.040,1790773410464203.202	,1790773410464228.242	
0,Cast_b2717900ea7de2d41ea9c63d23aa269b_high_performance_210000000,AI_VECTOR_CORE,11,92,1.840,1790773410464228.262	,1790773410464230.102	
0,MatMulV2_ND_ND_FP32_FP32_false_true_all_65665,AI_CORE,11,93,9.440,1790773410464230.122	,1790773410464239.563	
0,LayerNormV3_23ae115d70bd435e4cb966a52be97b55_high_precision_1600400500,AI_VECTOR_CORE,11,94,5.540,1790773410464239.583	,1790773410464245.123	
0,MatMulV2_ND_ND_FP32_FP32_false_true_all_65665,AI_CORE,11,95,8.600,1790773410464245.143	,1790773410464253.743	
0,MatMulV2_ND_ND_FP16_FP16_false_true_all_98499,AI_CORE,11,96,16.600,1790773410464253.763	,1790773410464270.363	
0,Cast_9f288b80370c6545ffe8cef142d37f5c_high_performance_210000000,AI_VECTOR_CORE,11,97,1.260,1790773410464270.383	,1790773410464271.643	
0,Muls_299cf4d7f9ef0f745d89d88c666b45aa_high_performance_210000000,AI_VECTOR_CORE,11,98,1.420,1790773410464271.663	,1790773410464273.083	
0,_glm5_next_kpool_tail_compress_kernel,AI_VECTOR_CORE,11,99,1.860,1790773410464273.103	,1790773410464274.963	
0,_store_kpool_tail_kernel,AI_VECTOR_CORE,11,100,2.880,1790773410464275.003	,1790773410464277.883	
0,Cast_b2717900ea7de2d41ea9c63d23aa269b_high_performance_210000000,AI_VECTOR_CORE,11,101,1.640,1790773410464277.903	,1790773410464279.543	
0,Cast_b2717900ea7de2d41ea9c63d23aa269b_high_performance_210000000,AI_VECTOR_CORE,11,102,1.180,1790773410464279.563	,1790773410464280.743	
0,Mul_ee98c6628030785f610b924ab1557b31_high_performance_212000002,AI_VECTOR_CORE,11,103,8.060,1790773410464280.763	,1790773410464288.824	
0,ReduceSum_7a09f5b7af4126487a7f726a9aac7548_high_performance_82100900,MIX_AIV,11,104,8.020,1790773410464289.704	,1790773410464297.724	
0,_glm5_next_lightning_indexer_score_kernel,AI_VECTOR_CORE,11,105,7.480,1790773410464298.844	,1790773410464306.324	
0,TopKV2_5c671486fda0d949d7cba9a9754bc2dd_high_performance_2017612701781458944,MIX_AIV,11,106,6.680,1790773410464307.224	,1790773410464313.904	
0,Cast_e87590d11ccda8b259ab6b1ea7212319_high_performance_210000000,AI_VECTOR_CORE,11,107,1.360,1790773410464315.124	,1790773410464316.484	
0,Cast_39a266ce9a8d7d9ead33f6686e936b72_high_performance_210000000,AI_VECTOR_CORE,11,108,1.720,1790773410464316.504	,1790773410464318.224	
0,_expand_pool_indices,AI_VECTOR_CORE,11,109,8.960,1790773410464318.244	,1790773410464327.204	
0,SparseFlashAttention_2e25ad8fefac1f04c03bd78f2d2ab366_1158,MIX_AIC,11,110,27.820,1790773410464328.244	,1790773410464356.065	
0,TransposeBatchMatMul_ND_ND_ND_ND_ND_BF16_BF16_BF16_INT64_BF16_high_performance_32,AI_CORE,11,111,21.780,1790773410464356.905	,1790773410464378.685	
0,MatMulV2_ND_ND_FP16_FP16_false_true_all_98513,AI_CORE,11,112,135.982,1790773410464378.705	,1790773410464514.688	
0,N/A,MEMCPY_ASYNC,11,113,0.560,1790773410464514.708	,1790773410464515.268	
0,N/A,EVENT_WAIT,45,176,1615.652,1790773410464515.128	,1790773410466130.780	
0,HcPost_d2fe6614722b27afa6f8d964c215447e_0,AI_VECTOR_CORE,11,114,7.140,1790773410464515.288	,1790773410464522.428	
0,HcPre_6c9f0fa710253eff38b1c0e6be6a67be_0,MIX_AIC,11,115,30.140,1790773410464523.608	,1790773410464553.749	
0,RmsNorm_normal_all_bf16_high_performance_0,AI_VECTOR_CORE,11,116,4.420,1790773410464554.709	,1790773410464559.129	
0,N/A,EVENT_RECORD,11,117,0.000,1790773410464559.169	,1790773410464559.169	
0,Cast_b2717900ea7de2d41ea9c63d23aa269b_high_performance_210000000,AI_VECTOR_CORE,11,118,1.660,1790773410464559.209	,1790773410464560.869	
0,MatMulV2_ND_ND_FP32_FP32_false_true_all_65665,AI_CORE,11,119,5.900,1790773410464560.889	,1790773410464566.789	
0,N/A,EVENT_RECORD,11,120,0.020,1790773410464566.809	,1790773410464566.829	
0,MoeGatingTopK_81369a2fa0455f39b5d19d432d261f57_1,AI_VECTOR_CORE,11,121,4.280,1790773410464566.849	,1790773410464571.129	
0,N/A,EVENT_RECORD,11,122,0.020,1790773410464571.149	,1790773410464571.169	
0,MoeInitRoutingV3_4ca8d2d329b4477b44dd2ee885849b12_2100000,MIX_AIV,11,123,9.700,1790773410464572.589	,1790773410464582.289	
0,GroupedMatmul_0d2d43751f81d7f29646a862147967c9_68885275,MIX_AIC,11,124,205.824,1790773410464585.390	,1790773410464791.214	
0,Slice_ee29dafe4fe21e12bb8d56ae91626cba_high_performance_524000000,AI_VECTOR_CORE,11,125,2.640,1790773410464792.314	,1790773410464794.954	
0,ClipByValueV2_e87c9546cf2804355cf0d9445a2db01a_high_performance_220000000,AI_VECTOR_CORE,11,126,5.920,1790773410464794.974	,1790773410464800.894	
0,ViewCopy_7778b2d0a2938f9247cc0c9f84559eb2_high_performance__kernel0,AI_VECTOR_CORE,11,127,11.660,1790773410464800.914	,1790773410464812.574	
0,Slice_ee29dafe4fe21e12bb8d56ae91626cba_high_performance_524000000,AI_VECTOR_CORE,11,128,2.320,1790773410464812.594	,1790773410464814.914	
0,ClipByValueV2_e87c9546cf2804355cf0d9445a2db01a_high_performance_220000000,AI_VECTOR_CORE,11,129,4.640,1790773410464814.934	,1790773410464819.574	
0,ViewCopy_7778b2d0a2938f9247cc0c9f84559eb2_high_performance__kernel0,AI_VECTOR_CORE,11,130,10.260,1790773410464819.594	,1790773410464829.854	
0,SwiGlu_3_high_performance_27,AI_VECTOR_CORE,11,131,5.240,1790773410464829.874	,1790773410464835.115	
0,N/A,EVENT_RECORD,11,132,0.020,1790773410464835.155	,1790773410464835.175	
0,GroupedMatmul_0d2d43751f81d7f29646a862147967c9_68885275,MIX_AIC,11,133,105.042,1790773410464836.355	,1790773410464941.397	
0,N/A,EVENT_RECORD,11,134,0.020,1790773410464942.537	,1790773410464942.557	
0,Cast_9f288b80370c6545ffe8cef142d37f5c_high_performance_210000000,AI_VECTOR_CORE,11,135,1.260,1790773410464942.577	,1790773410464943.837	
0,Abs_8098b79498645e9c0da095babdeaf862_high_performance_210000000,AI_VECTOR_CORE,11,136,1.540,1790773410464943.877	,1790773410464945.417	
0,MoeTokenUnpermute_6dd49246dc9576d3314234df69cb5c22_1,AI_VECTOR_CORE,11,137,4.160,1790773410464945.437	,1790773410464949.597	
0,MatMulV2_ND_ND_FP16_FP16_false_true_all_98499,AI_CORE,11,138,29.000,1790773410464949.617	,1790773410464978.617	
0,ClipByValueV2_e87c9546cf2804355cf0d9445a2db01a_high_performance_220000000,AI_VECTOR_CORE,11,139,1.660,1790773410464978.657	,1790773410464980.317	
0,ClipByValueV2_e87c9546cf2804355cf0d9445a2db01a_high_performance_220000000,AI_VECTOR_CORE,11,140,1.680,1790773410464980.337	,1790773410464982.017	
0,Muls_299cf4d7f9ef0f745d89d88c666b45aa_high_performance_210000000,AI_VECTOR_CORE,11,141,1.480,1790773410464982.037	,1790773410464983.518	
0,Sigmoid_1c4543fdfe7149b6b0717bd88f061562_high_precision_210000000,AI_VECTOR_CORE,11,142,1.620,1790773410464983.538	,1790773410464985.158	
0,Mul_ce3d1ff8ba23a0bcb292da3577c1625d_high_performance_210020000,AI_VECTOR_CORE,11,143,1.820,1790773410464985.178	,1790773410464986.998	
0,Add_ce3d1ff8ba23a0bcb292da3577c1625d_high_performance_223000000,AI_VECTOR_CORE,11,144,1.520,1790773410464987.018	,1790773410464988.538	
0,Mul_ce3d1ff8ba23a0bcb292da3577c1625d_high_performance_210020000,AI_VECTOR_CORE,11,145,1.540,1790773410464988.558	,1790773410464990.098	
0,MatMulV2_ND_ND_FP16_FP16_false_true_all_98499,AI_CORE,11,146,19.440,1790773410464990.118	,1790773410465009.558	
0,ForeachAddList_c73cb8f503197be65eaf63148ad48de4_high_performance_4,AI_VECTOR_CORE,11,147,15.660,1790773410465009.578	,1790773410465025.238	
0,HcPost_d2fe6614722b27afa6f8d964c215447e_0,AI_VECTOR_CORE,11,148,6.140,1790773410465025.258	,1790773410465031.398	
0,ReduceMean_9a2479d4dc5148645cb3f4b9e765c637_high_precision_92100900,MIX_AIV,11,149,18.260,1790773410465032.278	,1790773410465050.539	
0,RmsNorm_normal_all_bf16_high_performance_0,AI_VECTOR_CORE,11,150,3.160,1790773410465051.759	,1790773410465054.919	
0,N/A,EVENT_RESET,11,151,0.080,1790773410465054.959	,1790773410465055.039	
0,N/A,EVENT_RESET,11,152,0.100,1790773410465055.059	,1790773410465055.159	
0,N/A,EVENT_RESET,11,153,0.100,1790773410465055.179	,1790773410465055.279	
0,N/A,EVENT_RESET,11,154,0.100,1790773410465055.299	,1790773410465055.399	
0,N/A,EVENT_RESET,11,155,0.080,1790773410465055.419	,1790773410465055.499	
0,N/A,NOTIFY_RECORD,11,156,0.000,1790773410465055.539	,1790773410465055.539	
0,IndexCheck_int32_high_performance_1,AI_VECTOR_CORE,47,3292,3.180,1790773410465056.039	,1790773410465059.219	
0,Index_b1b18d29d34a3b544b5bb6b3f56177c3_high_performance__kernel0,AI_VECTOR_CORE,47,3293,8.400,1790773410465059.239	,1790773410465067.639	
0,MatMulV2_ND_ND_FP16_FP16_false_true_all_98499,AI_CORE,47,3294,894.697,1790773410465067.679	,1790773410465962.377	
0,Cast_b2717900ea7de2d41ea9c63d23aa269b_high_performance_210000000,AI_VECTOR_CORE,47,3295,7.420,1790773410465962.397	,1790773410465969.817	
0,LogSoftmaxV2_291664ae3e88b38b8b46c2efbbea27c9_high_precision_400001,AI_VECTOR_CORE,47,3296,43.980,1790773410465969.857	,1790773410466013.838	
0,Cast_b2717900ea7de2d41ea9c63d23aa269b_high_performance_210000000,AI_VECTOR_CORE,47,3297,2.780,1790773410466013.858	,1790773410466016.638	
0,ArgMaxV2_4402011f777d6374ab9f6425cb5984c4_high_performance_3,AI_VECTOR_CORE,47,3298,19.160,1790773410466016.658	,1790773410466035.819	
0,Cast_e87590d11ccda8b259ab6b1ea7212319_high_performance_210000000,AI_VECTOR_CORE,47,3299,1.340,1790773410466035.839	,1790773410466037.179	
0,TopKV2_5c671486fda0d949d7cba9a9754bc2dd_high_performance_2017612907941986305,MIX_AIV,47,3300,18.380,1790773410466038.599	,1790773410466056.979	
0,TopKV2_5c671486fda0d949d7cba9a9754bc2dd_high_performance_2017612701781458944,MIX_AIV,47,3301,3.520,1790773410466059.939	,1790773410466063.459	
0,GatherElements_8b4ec10fbb39c5c0a65192c606400b29_high_performance__kernel0,AI_VECTOR_CORE,47,3302,8.080,1790773410466064.179	,1790773410466072.259	
0,Cast_e87590d11ccda8b259ab6b1ea7212319_high_performance_210000000,AI_VECTOR_CORE,47,3303,1.080,1790773410466072.299	,1790773410466073.379	
0,Cast_39a266ce9a8d7d9ead33f6686e936b72_high_performance_210000000,AI_VECTOR_CORE,47,3304,1.660,1790773410466073.399	,1790773410466075.059	
0,GatherElementsV2_fp32_high_performance_2,AI_VECTOR_CORE,47,3305,3.720,1790773410466075.079	,1790773410466078.799	
0,GreaterEqual_3efaad932f458d7892fdb0715ec85b2b_high_performance_223000000,AI_VECTOR_CORE,47,3306,13.080,1790773410466078.839	,1790773410466091.920	
0,Cast_df2b778f1b80e749bd4242386ec57ab9_high_performance_210000000,AI_VECTOR_CORE,47,3307,6.620,1790773410466091.940	,1790773410466098.560	
0,ReduceSum_7a09f5b7af4126487a7f726a9aac7548_high_performance_110001000400,MIX_AIV,47,3308,20.320,1790773410466099.900	,1790773410466120.220	
0,Cast_c6738f795430c3c6f09cdc8d52a1b43d_high_performance_210000000,AI_VECTOR_CORE,47,3309,1.380,1790773410466121.240	,1790773410466122.620	
0,ConcatD_0d745295987e1c668b2ec8b2844aeada_high_performance_3000001,AI_VECTOR_CORE,47,3310,2.680,1790773410466122.640	,1790773410466125.320	
0,ConcatD_233851a3505389e43928a8bba133a74d_high_performance_3000001,AI_VECTOR_CORE,47,3311,1.920,1790773410466125.340	,1790773410466127.260	
0,Cast_39a266ce9a8d7d9ead33f6686e936b72_high_performance_210000000,AI_VECTOR_CORE,47,3312,1.400,1790773410466127.300	,1790773410466128.700	
0,Cast_39a266ce9a8d7d9ead33f6686e936b72_high_performance_210000000,AI_VECTOR_CORE,47,3313,1.520,1790773410466128.720	,1790773410466130.240	
0,N/A,EVENT_RECORD,47,3314,0.020,1790773410466130.260	,1790773410466130.280	
0,N/A,EVENT_RECORD,47,3315,0.020,1790773410466130.300	,1790773410466130.320	
0,N/A,MEMCPY_ASYNC,45,177,2.100,1790773410466130.880	,1790773410466132.980	
0,N/A,MEMCPY_ASYNC,45,178,2.060,1790773410466133.140	,1790773410466135.201	
0,N/A,MEMCPY_ASYNC,45,179,1.900,1790773410466135.361	,1790773410466137.261	
0,N/A,MEMCPY_ASYNC,45,180,1.900,1790773410466137.421	,1790773410466139.321	
0,N/A,EVENT_RECORD,45,181,0.020,1790773410466139.481	,1790773410466139.501	
0,N/A,EVENT_RECORD,45,182,0.000,1790773410466139.521	,1790773410466139.521	
0,N/A,MEMCPY_ASYNC,47,3316,2.260,1790773410466709.272	,1790773410466711.532	
0,N/A,MEMCPY_ASYNC,47,3317,2.220,1790773410466805.754	,1790773410466807.974	
0,N/A,MEMCPY_ASYNC,47,3318,2.280,1790773410466860.175	,1790773410466862.455	
0,N/A,MEMCPY_ASYNC,47,3319,2.340,1790773410466940.557	,1790773410466942.897	
0,N/A,MEMCPY_ASYNC,47,3320,2.220,1790773410466990.858	,1790773410466993.078	
0,N/A,MEMCPY_ASYNC,47,3321,2.260,1790773410467244.163	,1790773410467246.423	
0,N/A,MEMCPY_ASYNC,47,3322,2.260,1790773410467435.466	,1790773410467437.727	
0,N/A,MEMCPY_ASYNC,47,3323,2.380,1790773410467496.408	,1790773410467498.788	
0,Fill_1fbc7ee619b707282bbfd034093621df_high_performance_223000000,AI_VECTOR_CORE,47,3324,1.440,1790773410467672.571	,1790773410467674.011	
0,N/A,MEMCPY_ASYNC,47,3325,0.620,1790773410467897.556	,1790773410467898.176	
0,N/A,MEMCPY_ASYNC,47,3326,2.240,1790773410468122.380	,1790773410468124.620	
0,Fill_1fbc7ee619b707282bbfd034093621df_high_performance_223000000,AI_VECTOR_CORE,47,3327,1.500,1790773410468169.341	,1790773410468170.841	
0,N/A,MEMCPY_ASYNC,47,3328,2.240,1790773410468236.643	,1790773410468238.883	
0,N/A,MEMCPY_ASYNC,47,3329,2.260,1790773410468307.964	,1790773410468310.224	
0,N/A,MEMCPY_ASYNC,47,3330,2.240,1790773410468431.706	,1790773410468433.946	
0,N/A,MEMCPY_ASYNC,47,3331,2.280,1790773410468509.308	,1790773410468511.588	
0,IndexCheck_int64_high_performance_0,AI_VECTOR_CORE,47,3332,2.900,1790773410468633.630	,1790773410468636.530	
0,Index_f34e8f0e5e2c96109aa0460550023804_high_performance__kernel0,AI_VECTOR_CORE,47,3333,8.240,1790773410468636.550	,1790773410468644.791	
0,Cast_e87590d11ccda8b259ab6b1ea7212319_high_performance_210000000,AI_VECTOR_CORE,47,3334,1.120,1790773410468715.612	,1790773410468716.732	
0,Add_41dadce325b0f810d03359af2a38990b_high_performance_210000000,AI_VECTOR_CORE,47,3335,2.420,1790773410468784.633	,1790773410468787.054	
0,N/A,MEMCPY_ASYNC,47,3336,0.620,1790773410468880.195	,1790773410468880.815	
0,Add_9342884c99c006e21fc9d5d9260b8bef_high_performance_210000000,AI_VECTOR_CORE,47,3337,1.420,1790773410468935.936	,1790773410468937.357	
0,N/A,MEMCPY_ASYNC,47,3338,0.600,1790773410469030.018	,1790773410469030.618	
0,Fill_1fbc7ee619b707282bbfd034093621df_high_performance_223000000,AI_VECTOR_CORE,47,3339,1.460,1790773410469083.619	,1790773410469085.079	
0,_compute_slot_mapping_fused_groups_kernel,AI_VECTOR_CORE,47,3340,21.940,1790773410469439.007	,1790773410469460.947	
0,Sub_9342884c99c006e21fc9d5d9260b8bef_high_performance_210000000,AI_VECTOR_CORE,47,3341,1.460,1790773410469594.250	,1790773410469595.710	
0,N/A,MEMCPY_ASYNC,47,3342,2.400,1790773410470003.998	,1790773410470006.398	
0,Cast_e87590d11ccda8b259ab6b1ea7212319_high_performance_210000000,AI_VECTOR_CORE,47,3343,1.260,1790773410470715.792	,1790773410470717.052	
0,FloorDiv_41dadce325b0f810d03359af2a38990b_high_performance_223000000,AI_VECTOR_CORE,47,3344,3.460,1790773410470717.712	,1790773410470721.172	
0,Cast_39a266ce9a8d7d9ead33f6686e936b72_high_performance_210000000,AI_VECTOR_CORE,47,3345,1.420,1790773410470721.192	,1790773410470722.612	
0,N/A,MEMCPY_ASYNC,47,3346,0.600,1790773410470856.895	,1790773410470857.495	
0,Cast_e87590d11ccda8b259ab6b1ea7212319_high_performance_210000000,AI_VECTOR_CORE,47,3347,1.080,1790773410470939.197	,1790773410470940.277	
0,GreaterEqual_1ea4da630f56dc1c2d6e7c9a9dd17b11_high_performance_210000000,AI_VECTOR_CORE,47,3348,2.980,1790773410470941.017	,1790773410470943.997	
0,Add_41dadce325b0f810d03359af2a38990b_high_performance_210000000,AI_VECTOR_CORE,47,3349,2.020,1790773410470982.657	,1790773410470984.677	
0,BroadcastTo_41dadce325b0f810d03359af2a38990b_high_performance_210000000,AI_VECTOR_CORE,47,3350,1.520,1790773410471052.759	,1790773410471054.279	
0,FloorMod_41dadce325b0f810d03359af2a38990b_high_precision_210000000,AI_VECTOR_CORE,47,3351,2.280,1790773410471054.419	,1790773410471056.699	
0,Equal_1ea4da630f56dc1c2d6e7c9a9dd17b11_high_performance_210000000,AI_VECTOR_CORE,47,3352,2.800,1790773410471092.620	,1790773410471095.420	
0,LogicalAnd_91d2a3cdd75d915a368582ec5f440af1_high_performance_210000000,AI_VECTOR_CORE,47,3353,1.480,1790773410471134.500	,1790773410471135.980	
0,ClipByValueV2_3bc53d14ff7dfecd0ed0c69136ab471a_high_performance_210000000,AI_VECTOR_CORE,47,3354,1.640,1790773410471175.221	,1790773410471176.861	
0,Cast_e87590d11ccda8b259ab6b1ea7212319_high_performance_210000000,AI_VECTOR_CORE,47,3355,1.140,1790773410471230.122	,1790773410471231.262	
0,FloorDiv_41dadce325b0f810d03359af2a38990b_high_performance_210000000,AI_VECTOR_CORE,47,3356,2.200,1790773410471232.202	,1790773410471234.402	
0,Cast_39a266ce9a8d7d9ead33f6686e936b72_high_performance_210000000,AI_VECTOR_CORE,47,3357,1.320,1790773410471234.442	,1790773410471235.762	
0,BroadcastTo_c71434db8135ff9089d65053721e3417_high_performance_210000000,AI_VECTOR_CORE,47,3358,1.340,1790773410471275.543	,1790773410471276.883	
0,FloorMod_9342884c99c006e21fc9d5d9260b8bef_high_precision_210000000,AI_VECTOR_CORE,47,3359,3.160,1790773410471277.063	,1790773410471280.223	
0,Mul_9342884c99c006e21fc9d5d9260b8bef_high_performance_210000000,AI_VECTOR_CORE,47,3360,1.520,1790773410471318.864	,1790773410471320.384	
0,Cast_e87590d11ccda8b259ab6b1ea7212319_high_performance_210000000,AI_VECTOR_CORE,47,3361,1.240,1790773410471376.985	,1790773410471378.225	
0,FloorDiv_41dadce325b0f810d03359af2a38990b_high_performance_210000000,AI_VECTOR_CORE,47,3362,1.940,1790773410471379.025	,1790773410471380.965	
0,Cast_39a266ce9a8d7d9ead33f6686e936b72_high_performance_210000000,AI_VECTOR_CORE,47,3363,1.320,1790773410471380.985	,1790773410471382.305	
0,Add_9342884c99c006e21fc9d5d9260b8bef_high_performance_210000000,AI_VECTOR_CORE,47,3364,1.260,1790773410471400.746	,1790773410471402.006	
0,Fill_1fbc7ee619b707282bbfd034093621df_high_performance_210000000,AI_VECTOR_CORE,47,3365,1.540,1790773410471478.747	,1790773410471480.287	
0,SelectV2_9bb0969ab50036eba4428cd9974a5c0b_high_performance_210000000,AI_VECTOR_CORE,47,3366,1.940,1790773410471511.628	,1790773410471513.568	
0,Cast_e87590d11ccda8b259ab6b1ea7212319_high_performance_210000000,AI_VECTOR_CORE,47,3367,1.220,1790773410471556.749	,1790773410471557.969	
0,Cast_e87590d11ccda8b259ab6b1ea7212319_high_performance_210000000,AI_VECTOR_CORE,47,3368,1.200,1790773410471651.391	,1790773410471652.591	
0,FloorDiv_41dadce325b0f810d03359af2a38990b_high_performance_210000000,AI_VECTOR_CORE,47,3369,1.880,1790773410471653.551	,1790773410471655.431	
0,Cast_39a266ce9a8d7d9ead33f6686e936b72_high_performance_210000000,AI_VECTOR_CORE,47,3370,1.140,1790773410471655.471	,1790773410471656.611	
0,N/A,MEMCPY_ASYNC,47,3371,0.600,1790773410471777.193	,1790773410471777.793	
0,N/A,MEMCPY_ASYNC,47,3372,0.620,1790773410471859.035	,1790773410471859.655	
0,N/A,MEMCPY_ASYNC,47,3373,0.620,1790773410472928.396	,1790773410472929.016	
0,N/A,MEMCPY_ASYNC,47,3374,0.620,1790773410473092.800	,1790773410473093.420	
0,N/A,MEMCPY_ASYNC,47,3375,0.820,1790773410473233.422	,1790773410473234.242	
0,Sub_9342884c99c006e21fc9d5d9260b8bef_high_performance_210000000,AI_VECTOR_CORE,47,3376,1.400,1790773410473310.264	,1790773410473311.664	
0,N/A,MEMCPY_ASYNC,47,3377,0.600,1790773410473963.077	,1790773410473963.677	
0,N/A,MEMCPY_ASYNC,47,3378,0.580,1790773410474127.760	,1790773410474128.340	
0,N/A,MEMCPY_ASYNC,47,3379,0.660,1790773410474281.363	,1790773410474282.023	
0,Sub_9342884c99c006e21fc9d5d9260b8bef_high_performance_210000000,AI_VECTOR_CORE,47,3380,1.460,1790773410474337.204	,1790773410474338.664	
0,N/A,MEMCPY_ASYNC,47,3381,0.600,1790773410474975.537	,1790773410474976.137	
0,N/A,MEMCPY_ASYNC,47,3382,0.620,1790773410475138.360	,1790773410475138.980	
0,N/A,MEMCPY_ASYNC,47,3383,0.580,1790773410475272.183	,1790773410475272.763	
0,Sub_9342884c99c006e21fc9d5d9260b8bef_high_performance_210000000,AI_VECTOR_CORE,47,3384,1.600,1790773410475344.925	,1790773410475346.525	
0,N/A,EVENT_RECORD,47,3385,0.000,1790773410475582.689	,1790773410475582.689	
0,Fill_279daeaf6b659300647aba3935d90048_high_performance_210000000,AI_VECTOR_CORE,47,3386,1.660,1790773410475951.757	,1790773410475953.417	
0,N/A,MEMCPY_ASYNC,47,3387,0.620,1790773410476042.778	,1790773410476043.398	
0,Fill_279daeaf6b659300647aba3935d90048_high_performance_210000000,AI_VECTOR_CORE,47,3388,1.320,1790773410476095.440	,1790773410476096.760	
0,N/A,MODEL_EXECUTE,47,3389,3.020,1790773410476366.865	,1790773410476369.885	
0,Cast_e87590d11ccda8b259ab6b1ea7212319_high_performance_210000000,AI_VECTOR_CORE,11,0,1.220,1790773410476369.805	,1790773410476371.025	
0,GatherV2_7869a97190b9b4d296d9414a005b954b_high_precision_900015015,AI_VECTOR_CORE,11,1,10.020,1790773410476371.045	,1790773410476381.065	
0,BroadcastTo_7e5992d3033ef32a3463c5d198e518a1_high_performance_221000002,AI_VECTOR_CORE,11,2,5.940,1790773410476381.105	,1790773410476387.045	
0,N/A,NOTIFY_WAIT,47,3390,3018.460,1790773410476386.445	,1790773410479404.906	
0,HcPre_6c9f0fa710253eff38b1c0e6be6a67be_0,MIX_AIC,11,3,29.240,1790773410476388.365	,1790773410476417.606	
0,RmsNorm_normal_all_bf16_high_performance_0,AI_VECTOR_CORE,11,4,4.300,1790773410476418.866	,1790773410476423.166	
0,MatMulV2_ND_ND_FP16_FP16_false_true_all_98499,AI_CORE,11,5,155.603,1790773410476423.186	,1790773410476578.789	
0,MatMulV2_ND_ND_FP16_FP16_false_true_all_98325,AI_CORE,11,6,8.660,1790773410476578.829	,1790773410476587.489	
0,MatMulV2_ND_ND_FP16_FP16_false_true_all_98325,AI_CORE,11,7,5.780,1790773410476587.509	,1790773410476593.289	
0,ZerosLike_1c4543fdfe7149b6b0717bd88f061562_high_performance_210000000,AI_VECTOR_CORE,11,8,5.900,1790773410476593.309	,1790773410476599.210	
0,_copy_conv_state_kernel,AI_VECTOR_CORE,11,9,8.180,1790773410476599.250	,1790773410476607.430	
0,CausalConv1d_b0123b7fae3057c534dbb03661977c42_1,MIX_AIC,11,10,13.440,1790773410476608.770	,1790773410476622.210	
0,N/A,MEMCPY_ASYNC,11,11,0.680,1790773410476623.370	,1790773410476624.050	
0,_copy_conv_state_kernel,AI_VECTOR_CORE,11,12,7.340,1790773410476624.090	,1790773410476631.430	
0,RecurrentKda_1ac9a791ca2957b2fe0a2e96909b5782_0,AI_VECTOR_CORE,11,13,31.920,1790773410476631.450	,1790773410476663.371	
0,_write_output,AI_VECTOR_CORE,11,14,2.820,1790773410476663.411	,1790773410476666.231	
0,layer_norm_gated_fwd_kernel,AI_VECTOR_CORE,11,15,3.060,1790773410476666.251	,1790773410476669.311	
0,MatMulV2_ND_ND_FP16_FP16_false_true_all_98499,AI_CORE,11,16,54.861,1790773410476669.351	,1790773410476724.212	
0,HcPost_d2fe6614722b27afa6f8d964c215447e_0,AI_VECTOR_CORE,11,17,7.200,1790773410476724.232	,1790773410476731.432	
0,HcPre_6c9f0fa710253eff38b1c0e6be6a67be_0,MIX_AIC,11,18,33.780,1790773410476732.312	,1790773410476766.093	
0,RmsNorm_normal_all_bf16_high_performance_0,AI_VECTOR_CORE,11,19,4.680,1790773410476767.053	,1790773410476771.733	
0,MatMulV2_ND_ND_FP16_FP16_false_true_all_98499,AI_CORE,11,20,158.203,1790773410476771.753	,1790773410476929.956	
0,ClipByValueV2_e87c9546cf2804355cf0d9445a2db01a_high_performance_220000000,AI_VECTOR_CORE,11,21,5.280,1790773410476929.976	,1790773410476935.256	
0,ClipByValueV2_e87c9546cf2804355cf0d9445a2db01a_high_performance_220000000,AI_VECTOR_CORE,11,22,4.460,1790773410476935.276	,1790773410476939.736	
0,Muls_299cf4d7f9ef0f745d89d88c666b45aa_high_performance_210000000,AI_VECTOR_CORE,11,23,3.040,1790773410476939.756	,1790773410476942.796	
0,Sigmoid_1c4543fdfe7149b6b0717bd88f061562_high_precision_210000000,AI_VECTOR_CORE,11,24,3.860,1790773410476942.816	,1790773410476946.677	
0,Mul_ce3d1ff8ba23a0bcb292da3577c1625d_high_performance_210020000,AI_VECTOR_CORE,11,25,3.200,1790773410476946.717	,1790773410476949.917	
0,Add_ce3d1ff8ba23a0bcb292da3577c1625d_high_performance_223000000,AI_VECTOR_CORE,11,26,3.020,1790773410476949.957	,1790773410476952.977	
0,Mul_ce3d1ff8ba23a0bcb292da3577c1625d_high_performance_210020000,AI_VECTOR_CORE,11,27,3.620,1790773410476952.997	,1790773410476956.617	
0,MatMulV2_ND_ND_FP16_FP16_false_true_all_98513,AI_CORE,11,28,103.942,1790773410476956.637	,1790773410477060.579	
0,HcPost_d2fe6614722b27afa6f8d964c215447e_0,AI_VECTOR_CORE,11,29,7.560,1790773410477060.599	,1790773410477068.159	
0,HcPre_6c9f0fa710253eff38b1c0e6be6a67be_0,MIX_AIC,11,30,30.860,1790773410477069.539	,1790773410477100.400	
0,RmsNorm_normal_all_bf16_high_performance_0,AI_VECTOR_CORE,11,31,4.360,1790773410477101.260	,1790773410477105.620	
0,MatMulV2_ND_ND_FP16_FP16_false_true_all_98499,AI_CORE,11,32,157.523,1790773410477105.640	,1790773410477263.163	
0,MatMulV2_ND_ND_FP16_FP16_false_true_all_98325,AI_CORE,11,33,6.200,1790773410477263.183	,1790773410477269.383	
0,MatMulV2_ND_ND_FP16_FP16_false_true_all_98325,AI_CORE,11,34,5.260,1790773410477269.423	,1790773410477274.683	
0,ZerosLike_1c4543fdfe7149b6b0717bd88f061562_high_performance_210000000,AI_VECTOR_CORE,11,35,5.140,1790773410477274.703	,1790773410477279.843	
0,_copy_conv_state_kernel,AI_VECTOR_CORE,11,36,8.440,1790773410477279.863	,1790773410477288.303	
0,CausalConv1d_b0123b7fae3057c534dbb03661977c42_1,MIX_AIC,11,37,13.260,1790773410477289.783	,1790773410477303.044	
0,N/A,MEMCPY_ASYNC,11,38,0.640,1790773410477303.784	,1790773410477304.424	
0,_copy_conv_state_kernel,AI_VECTOR_CORE,11,39,7.240,1790773410477304.464	,1790773410477311.704	
0,RecurrentKda_1ac9a791ca2957b2fe0a2e96909b5782_0,AI_VECTOR_CORE,11,40,32.660,1790773410477311.724	,1790773410477344.384	
0,_write_output,AI_VECTOR_CORE,11,41,2.780,1790773410477344.404	,1790773410477347.185	
0,layer_norm_gated_fwd_kernel,AI_VECTOR_CORE,11,42,3.080,1790773410477347.225	,1790773410477350.305	
0,MatMulV2_ND_ND_FP16_FP16_false_true_all_98499,AI_CORE,11,43,65.601,1790773410477350.325	,1790773410477415.926	
0,HcPost_d2fe6614722b27afa6f8d964c215447e_0,AI_VECTOR_CORE,11,44,7.240,1790773410477415.946	,1790773410477423.186	
0,HcPre_6c9f0fa710253eff38b1c0e6be6a67be_0,MIX_AIC,11,45,32.420,1790773410477424.066	,1790773410477456.487	
0,RmsNorm_normal_all_bf16_high_performance_0,AI_VECTOR_CORE,11,46,4.460,1790773410477457.627	,1790773410477462.087	
0,MatMulV2_ND_ND_FP16_FP16_false_true_all_98499,AI_CORE,11,47,163.463,1790773410477462.107	,1790773410477625.570	
0,ClipByValueV2_e87c9546cf2804355cf0d9445a2db01a_high_performance_220000000,AI_VECTOR_CORE,11,48,5.340,1790773410477625.590	,1790773410477630.930	
0,ClipByValueV2_e87c9546cf2804355cf0d9445a2db01a_high_performance_220000000,AI_VECTOR_CORE,11,49,4.820,1790773410477630.950	,1790773410477635.770	
0,Muls_299cf4d7f9ef0f745d89d88c666b45aa_high_performance_210000000,AI_VECTOR_CORE,11,50,3.040,1790773410477635.790	,1790773410477638.830	
0,Sigmoid_1c4543fdfe7149b6b0717bd88f061562_high_precision_210000000,AI_VECTOR_CORE,11,51,3.660,1790773410477638.850	,1790773410477642.510	
0,Mul_ce3d1ff8ba23a0bcb292da3577c1625d_high_performance_210020000,AI_VECTOR_CORE,11,52,3.220,1790773410477642.530	,1790773410477645.750	
0,Add_ce3d1ff8ba23a0bcb292da3577c1625d_high_performance_223000000,AI_VECTOR_CORE,11,53,3.360,1790773410477645.770	,1790773410477649.131	
0,Mul_ce3d1ff8ba23a0bcb292da3577c1625d_high_performance_210020000,AI_VECTOR_CORE,11,54,3.600,1790773410477649.171	,1790773410477652.771	
0,MatMulV2_ND_ND_FP16_FP16_false_true_all_98513,AI_CORE,11,55,100.602,1790773410477652.791	,1790773410477753.393	
0,HcPost_d2fe6614722b27afa6f8d964c215447e_0,AI_VECTOR_CORE,11,56,7.320,1790773410477753.413	,1790773410477760.733	
0,HcPre_6c9f0fa710253eff38b1c0e6be6a67be_0,MIX_AIC,11,57,34.660,1790773410477761.733	,1790773410477796.394	
0,RmsNorm_normal_all_bf16_high_performance_0,AI_VECTOR_CORE,11,58,4.360,1790773410477797.094	,1790773410477801.454	
0,MatMulV2_ND_ND_FP16_FP16_false_true_all_98499,AI_CORE,11,59,150.143,1790773410477801.474	,1790773410477951.617	
0,MatMulV2_ND_ND_FP16_FP16_false_true_all_98325,AI_CORE,11,60,7.140,1790773410477951.637	,1790773410477958.777	
0,MatMulV2_ND_ND_FP16_FP16_false_true_all_98325,AI_CORE,11,61,5.420,1790773410477958.797	,1790773410477964.217	
0,ZerosLike_1c4543fdfe7149b6b0717bd88f061562_high_performance_210000000,AI_VECTOR_CORE,11,62,5.140,1790773410477964.237	,1790773410477969.377	
0,_copy_conv_state_kernel,AI_VECTOR_CORE,11,63,8.260,1790773410477969.397	,1790773410477977.657	
0,CausalConv1d_b0123b7fae3057c534dbb03661977c42_1,MIX_AIC,11,64,13.620,1790773410477978.757	,1790773410477992.377	
0,N/A,MEMCPY_ASYNC,11,65,0.660,1790773410477993.377	,1790773410477994.037	
0,_copy_conv_state_kernel,AI_VECTOR_CORE,11,66,7.380,1790773410477994.057	,1790773410478001.438	
0,RecurrentKda_1ac9a791ca2957b2fe0a2e96909b5782_0,AI_VECTOR_CORE,11,67,32.160,1790773410478001.478	,1790773410478033.638	
0,_write_output,AI_VECTOR_CORE,11,68,3.040,1790773410478033.678	,1790773410478036.718	
0,layer_norm_gated_fwd_kernel,AI_VECTOR_CORE,11,69,3.320,1790773410478036.738	,1790773410478040.058	
0,MatMulV2_ND_ND_FP16_FP16_false_true_all_98499,AI_CORE,11,70,60.101,1790773410478040.078	,1790773410478100.180	
0,HcPost_d2fe6614722b27afa6f8d964c215447e_0,AI_VECTOR_CORE,11,71,7.260,1790773410478100.200	,1790773410478107.460	
0,HcPre_6c9f0fa710253eff38b1c0e6be6a67be_0,MIX_AIC,11,72,29.320,1790773410478108.740	,1790773410478138.060	
0,RmsNorm_normal_all_bf16_high_performance_0,AI_VECTOR_CORE,11,73,4.400,1790773410478139.220	,1790773410478143.620	
0,MatMulV2_ND_ND_FP16_FP16_false_true_all_98499,AI_CORE,11,74,157.723,1790773410478143.640	,1790773410478301.364	
0,ClipByValueV2_e87c9546cf2804355cf0d9445a2db01a_high_performance_220000000,AI_VECTOR_CORE,11,75,5.300,1790773410478301.404	,1790773410478306.704	
0,ClipByValueV2_e87c9546cf2804355cf0d9445a2db01a_high_performance_220000000,AI_VECTOR_CORE,11,76,4.720,1790773410478306.724	,1790773410478311.444	
0,Muls_299cf4d7f9ef0f745d89d88c666b45aa_high_performance_210000000,AI_VECTOR_CORE,11,77,3.020,1790773410478311.464	,1790773410478314.484	
0,Sigmoid_1c4543fdfe7149b6b0717bd88f061562_high_precision_210000000,AI_VECTOR_CORE,11,78,3.800,1790773410478314.504	,1790773410478318.304	
0,Mul_ce3d1ff8ba23a0bcb292da3577c1625d_high_performance_210020000,AI_VECTOR_CORE,11,79,3.280,1790773410478318.324	,1790773410478321.604	
0,Add_ce3d1ff8ba23a0bcb292da3577c1625d_high_performance_223000000,AI_VECTOR_CORE,11,80,3.100,1790773410478321.624	,1790773410478324.724	
0,Mul_ce3d1ff8ba23a0bcb292da3577c1625d_high_performance_210020000,AI_VECTOR_CORE,11,81,3.660,1790773410478324.764	,1790773410478328.424	
0,MatMulV2_ND_ND_FP16_FP16_false_true_all_98513,AI_CORE,11,82,102.742,1790773410478328.444	,1790773410478431.186	
0,N/A,EVENT_WAIT,39,19,2060.681,1790773410478431.166	,1790773410480491.847	
0,HcPost_d2fe6614722b27afa6f8d964c215447e_0,AI_VECTOR_CORE,11,83,7.460,1790773410478431.206	,1790773410478438.666	
0,HcPre_6c9f0fa710253eff38b1c0e6be6a67be_0,MIX_AIC,11,84,27.380,1790773410478439.866	,1790773410478467.247	
0,RmsNorm_normal_all_bf16_high_performance_0,AI_VECTOR_CORE,11,85,4.620,1790773410478468.527	,1790773410478473.147	
0,MatMulV2_ND_ND_FP16_FP16_false_true_all_98513,AI_CORE,11,86,19.480,1790773410478473.167	,1790773410478492.647	
0,RmsNorm_normal_all_bf16_high_performance_2,AI_VECTOR_CORE,11,87,5.120,1790773410478492.667	,1790773410478497.788	
0,RmsNorm_normal_all_bf16_high_performance_2,AI_VECTOR_CORE,11,88,3.840,1790773410478497.808	,1790773410478501.648	
0,ScatterNdUpdate_bfloat16_int32_high_precision_11,MIX_AIV,11,89,5.340,1790773410478503.048	,1790773410478508.388	
0,MatMulV2_ND_ND_FP16_FP16_false_true_all_98499,AI_CORE,11,90,46.340,1790773410478509.108	,1790773410478555.449	
0,TransposeBatchMatMul_ND_ND_ND_ND_ND_BF16_BF16_BF16_INT64_BF16_high_performance_32,AI_CORE,11,91,24.560,1790773410478555.489	,1790773410478580.049	
0,Cast_b2717900ea7de2d41ea9c63d23aa269b_high_performance_210000000,AI_VECTOR_CORE,11,92,1.980,1790773410478580.069	,1790773410478582.049	
0,MatMulV2_ND_ND_FP32_FP32_false_true_all_65665,AI_CORE,11,93,9.960,1790773410478582.069	,1790773410478592.029	
0,LayerNormV3_23ae115d70bd435e4cb966a52be97b55_high_precision_1600400500,AI_VECTOR_CORE,11,94,5.680,1790773410478592.069	,1790773410478597.750	
0,MatMulV2_ND_ND_FP32_FP32_false_true_all_65665,AI_CORE,11,95,8.500,1790773410478597.770	,1790773410478606.270	
0,MatMulV2_ND_ND_FP16_FP16_false_true_all_98499,AI_CORE,11,96,16.540,1790773410478606.290	,1790773410478622.830	
0,Cast_9f288b80370c6545ffe8cef142d37f5c_high_performance_210000000,AI_VECTOR_CORE,11,97,1.280,1790773410478622.850	,1790773410478624.130	
0,Muls_299cf4d7f9ef0f745d89d88c666b45aa_high_performance_210000000,AI_VECTOR_CORE,11,98,1.280,1790773410478624.150	,1790773410478625.430	
0,_glm5_next_kpool_tail_compress_kernel,AI_VECTOR_CORE,11,99,1.820,1790773410478625.450	,1790773410478627.270	
0,_store_kpool_tail_kernel,AI_VECTOR_CORE,11,100,3.180,1790773410478627.290	,1790773410478630.470	
0,Cast_b2717900ea7de2d41ea9c63d23aa269b_high_performance_210000000,AI_VECTOR_CORE,11,101,1.760,1790773410478630.490	,1790773410478632.250	
0,Cast_b2717900ea7de2d41ea9c63d23aa269b_high_performance_210000000,AI_VECTOR_CORE,11,102,1.220,1790773410478632.270	,1790773410478633.490	
0,Mul_ee98c6628030785f610b924ab1557b31_high_performance_212000002,AI_VECTOR_CORE,11,103,8.060,1790773410478633.530	,1790773410478641.590	
0,ReduceSum_7a09f5b7af4126487a7f726a9aac7548_high_performance_82100900,MIX_AIV,11,104,8.740,1790773410478642.530	,1790773410478651.271	
0,_glm5_next_lightning_indexer_score_kernel,AI_VECTOR_CORE,11,105,8.980,1790773410478652.271	,1790773410478661.251	
0,TopKV2_5c671486fda0d949d7cba9a9754bc2dd_high_performance_2017612701781458944,MIX_AIV,11,106,6.320,1790773410478662.471	,1790773410478668.791	
0,Cast_e87590d11ccda8b259ab6b1ea7212319_high_performance_210000000,AI_VECTOR_CORE,11,107,1.480,1790773410478669.771	,1790773410478671.251	
0,Cast_39a266ce9a8d7d9ead33f6686e936b72_high_performance_210000000,AI_VECTOR_CORE,11,108,1.480,1790773410478671.271	,1790773410478672.751	
0,_expand_pool_indices,AI_VECTOR_CORE,11,109,9.160,1790773410478672.771	,1790773410478681.931	
0,SparseFlashAttention_2e25ad8fefac1f04c03bd78f2d2ab366_1158,MIX_AIC,11,110,27.940,1790773410478682.931	,1790773410478710.872	
0,TransposeBatchMatMul_ND_ND_ND_ND_ND_BF16_BF16_BF16_INT64_BF16_high_performance_32,AI_CORE,11,111,21.900,1790773410478712.172	,1790773410478734.072	
0,MatMulV2_ND_ND_FP16_FP16_false_true_all_98513,AI_CORE,11,112,133.522,1790773410478734.112	,1790773410478867.635	
0,N/A,EVENT_WAIT,45,183,1709.754,1790773410478782.133	,1790773410480491.887	
0,N/A,MEMCPY_ASYNC,11,113,0.560,1790773410478867.655	,1790773410478868.215	
0,HcPost_d2fe6614722b27afa6f8d964c215447e_0,AI_VECTOR_CORE,11,114,7.380,1790773410478868.235	,1790773410478875.615	
0,HcPre_6c9f0fa710253eff38b1c0e6be6a67be_0,MIX_AIC,11,115,29.280,1790773410478876.535	,1790773410478905.816	
0,RmsNorm_normal_all_bf16_high_performance_0,AI_VECTOR_CORE,11,116,4.480,1790773410478907.036	,1790773410478911.516	
0,N/A,EVENT_RECORD,11,117,0.000,1790773410478911.556	,1790773410478911.556	
0,Cast_b2717900ea7de2d41ea9c63d23aa269b_high_performance_210000000,AI_VECTOR_CORE,11,118,1.660,1790773410478911.596	,1790773410478913.256	
0,MatMulV2_ND_ND_FP32_FP32_false_true_all_65665,AI_CORE,11,119,5.820,1790773410478913.276	,1790773410478919.096	
0,N/A,EVENT_RECORD,11,120,0.020,1790773410478919.136	,1790773410478919.156	
0,MoeGatingTopK_81369a2fa0455f39b5d19d432d261f57_1,AI_VECTOR_CORE,11,121,4.240,1790773410478919.176	,1790773410478923.416	
0,N/A,EVENT_RECORD,11,122,0.020,1790773410478923.456	,1790773410478923.476	
0,MoeInitRoutingV3_4ca8d2d329b4477b44dd2ee885849b12_2100000,MIX_AIV,11,123,9.900,1790773410478924.356	,1790773410478934.256	
0,GroupedMatmul_0d2d43751f81d7f29646a862147967c9_68885275,MIX_AIC,11,124,210.884,1790773410478937.156	,1790773410479148.041	
0,Slice_ee29dafe4fe21e12bb8d56ae91626cba_high_performance_524000000,AI_VECTOR_CORE,11,125,2.580,1790773410479148.921	,1790773410479151.501	
0,ClipByValueV2_e87c9546cf2804355cf0d9445a2db01a_high_performance_220000000,AI_VECTOR_CORE,11,126,6.060,1790773410479151.521	,1790773410479157.581	
0,ViewCopy_7778b2d0a2938f9247cc0c9f84559eb2_high_performance__kernel0,AI_VECTOR_CORE,11,127,11.520,1790773410479157.601	,1790773410479169.121	
0,Slice_ee29dafe4fe21e12bb8d56ae91626cba_high_performance_524000000,AI_VECTOR_CORE,11,128,2.220,1790773410479169.141	,1790773410479171.361	
0,ClipByValueV2_e87c9546cf2804355cf0d9445a2db01a_high_performance_220000000,AI_VECTOR_CORE,11,129,4.940,1790773410479171.381	,1790773410479176.321	
0,ViewCopy_7778b2d0a2938f9247cc0c9f84559eb2_high_performance__kernel0,AI_VECTOR_CORE,11,130,10.360,1790773410479176.341	,1790773410479186.701	
0,SwiGlu_3_high_performance_27,AI_VECTOR_CORE,11,131,5.140,1790773410479186.721	,1790773410479191.861	
0,N/A,EVENT_RECORD,11,132,0.020,1790773410479191.881	,1790773410479191.901	
0,GroupedMatmul_0d2d43751f81d7f29646a862147967c9_68885275,MIX_AIC,11,133,98.402,1790773410479192.941	,1790773410479291.343	
0,N/A,EVENT_RECORD,11,134,0.020,1790773410479292.423	,1790773410479292.443	
0,Cast_9f288b80370c6545ffe8cef142d37f5c_high_performance_210000000,AI_VECTOR_CORE,11,135,1.240,1790773410479292.463	,1790773410479293.703	
0,Abs_8098b79498645e9c0da095babdeaf862_high_performance_210000000,AI_VECTOR_CORE,11,136,1.440,1790773410479293.723	,1790773410479295.163	
0,MoeTokenUnpermute_6dd49246dc9576d3314234df69cb5c22_1,AI_VECTOR_CORE,11,137,4.100,1790773410479295.183	,1790773410479299.284	
0,MatMulV2_ND_ND_FP16_FP16_false_true_all_98499,AI_CORE,11,138,29.060,1790773410479299.304	,1790773410479328.364	
0,ClipByValueV2_e87c9546cf2804355cf0d9445a2db01a_high_performance_220000000,AI_VECTOR_CORE,11,139,1.680,1790773410479328.404	,1790773410479330.084	
0,ClipByValueV2_e87c9546cf2804355cf0d9445a2db01a_high_performance_220000000,AI_VECTOR_CORE,11,140,1.660,1790773410479330.124	,1790773410479331.784	
0,Muls_299cf4d7f9ef0f745d89d88c666b45aa_high_performance_210000000,AI_VECTOR_CORE,11,141,1.260,1790773410479331.804	,1790773410479333.064	
0,Sigmoid_1c4543fdfe7149b6b0717bd88f061562_high_precision_210000000,AI_VECTOR_CORE,11,142,1.660,1790773410479333.084	,1790773410479334.744	
0,Mul_ce3d1ff8ba23a0bcb292da3577c1625d_high_performance_210020000,AI_VECTOR_CORE,11,143,1.820,1790773410479334.764	,1790773410479336.584	
0,Add_ce3d1ff8ba23a0bcb292da3577c1625d_high_performance_223000000,AI_VECTOR_CORE,11,144,1.500,1790773410479336.604	,1790773410479338.104	
0,Mul_ce3d1ff8ba23a0bcb292da3577c1625d_high_performance_210020000,AI_VECTOR_CORE,11,145,1.420,1790773410479338.144	,1790773410479339.564	
0,MatMulV2_ND_ND_FP16_FP16_false_true_all_98499,AI_CORE,11,146,18.280,1790773410479339.604	,1790773410479357.885	
0,ForeachAddList_c73cb8f503197be65eaf63148ad48de4_high_performance_4,AI_VECTOR_CORE,11,147,16.280,1790773410479357.905	,1790773410479374.185	
0,HcPost_d2fe6614722b27afa6f8d964c215447e_0,AI_VECTOR_CORE,11,148,6.020,1790773410479374.225	,1790773410479380.245	
0,ReduceMean_9a2479d4dc5148645cb3f4b9e765c637_high_precision_92100900,MIX_AIV,11,149,18.320,1790773410479381.165	,1790773410479399.486	
0,RmsNorm_normal_all_bf16_high_performance_0,AI_VECTOR_CORE,11,150,3.120,1790773410479400.686	,1790773410479403.806	
0,N/A,EVENT_RESET,11,151,0.100,1790773410479403.826	,1790773410479403.926	
0,N/A,EVENT_RESET,11,152,0.100,1790773410479403.946	,1790773410479404.046	
0,N/A,EVENT_RESET,11,153,0.080,1790773410479404.066	,1790773410479404.146	
0,N/A,EVENT_RESET,11,154,0.080,1790773410479404.186	,1790773410479404.266	
0,N/A,EVENT_RESET,11,155,0.080,1790773410479404.306	,1790773410479404.386	
0,N/A,NOTIFY_RECORD,11,156,0.020,1790773410479404.406	,1790773410479404.426	
0,IndexCheck_int32_high_performance_1,AI_VECTOR_CORE,47,3391,3.300,1790773410479405.006	,1790773410479408.306	
0,Index_b1b18d29d34a3b544b5bb6b3f56177c3_high_performance__kernel0,AI_VECTOR_CORE,47,3392,8.340,1790773410479408.326	,1790773410479416.666	
0,MatMulV2_ND_ND_FP16_FP16_false_true_all_98499,AI_CORE,47,3393,904.778,1790773410479416.686	,1790773410480321.464	
0,Cast_b2717900ea7de2d41ea9c63d23aa269b_high_performance_210000000,AI_VECTOR_CORE,47,3394,7.520,1790773410480321.484	,1790773410480329.004	
0,LogSoftmaxV2_291664ae3e88b38b8b46c2efbbea27c9_high_precision_400001,AI_VECTOR_CORE,47,3395,43.740,1790773410480329.024	,1790773410480372.765	
0,Cast_b2717900ea7de2d41ea9c63d23aa269b_high_performance_210000000,AI_VECTOR_CORE,47,3396,2.880,1790773410480372.805	,1790773410480375.685	
0,ArgMaxV2_4402011f777d6374ab9f6425cb5984c4_high_performance_3,AI_VECTOR_CORE,47,3397,19.300,1790773410480375.705	,1790773410480395.005	
0,Cast_e87590d11ccda8b259ab6b1ea7212319_high_performance_210000000,AI_VECTOR_CORE,47,3398,1.380,1790773410480395.025	,1790773410480396.405	
0,TopKV2_5c671486fda0d949d7cba9a9754bc2dd_high_performance_2017612907941986305,MIX_AIV,47,3399,18.500,1790773410480397.385	,1790773410480415.886	
0,TopKV2_5c671486fda0d949d7cba9a9754bc2dd_high_performance_2017612701781458944,MIX_AIV,47,3400,3.500,1790773410480418.726	,1790773410480422.226	
0,GatherElements_8b4ec10fbb39c5c0a65192c606400b29_high_performance__kernel0,AI_VECTOR_CORE,47,3401,10.280,1790773410480422.966	,1790773410480433.246	
0,Cast_e87590d11ccda8b259ab6b1ea7212319_high_performance_210000000,AI_VECTOR_CORE,47,3402,1.040,1790773410480433.266	,1790773410480434.306	
0,Cast_39a266ce9a8d7d9ead33f6686e936b72_high_performance_210000000,AI_VECTOR_CORE,47,3403,1.900,1790773410480434.326	,1790773410480436.226	
0,GatherElementsV2_fp32_high_performance_2,AI_VECTOR_CORE,47,3404,3.880,1790773410480436.246	,1790773410480440.126	
0,GreaterEqual_3efaad932f458d7892fdb0715ec85b2b_high_performance_223000000,AI_VECTOR_CORE,47,3405,13.260,1790773410480440.146	,1790773410480453.407	
0,Cast_df2b778f1b80e749bd4242386ec57ab9_high_performance_210000000,AI_VECTOR_CORE,47,3406,6.720,1790773410480453.427	,1790773410480460.147	
0,ReduceSum_7a09f5b7af4126487a7f726a9aac7548_high_performance_110001000400,MIX_AIV,47,3407,20.480,1790773410480461.127	,1790773410480481.607	
0,Cast_c6738f795430c3c6f09cdc8d52a1b43d_high_performance_210000000,AI_VECTOR_CORE,47,3408,1.400,1790773410480482.467	,1790773410480483.867	
0,ConcatD_0d745295987e1c668b2ec8b2844aeada_high_performance_3000001,AI_VECTOR_CORE,47,3409,2.760,1790773410480483.887	,1790773410480486.647	
0,ConcatD_233851a3505389e43928a8bba133a74d_high_performance_3000001,AI_VECTOR_CORE,47,3410,1.920,1790773410480486.667	,1790773410480488.587	
0,Cast_39a266ce9a8d7d9ead33f6686e936b72_high_performance_210000000,AI_VECTOR_CORE,47,3411,1.360,1790773410480488.607	,1790773410480489.967	
0,Cast_39a266ce9a8d7d9ead33f6686e936b72_high_performance_210000000,AI_VECTOR_CORE,47,3412,1.360,1790773410480489.987	,1790773410480491.347	
0,N/A,EVENT_RECORD,47,3413,0.020,1790773410480491.367	,1790773410480491.387	
0,N/A,EVENT_RECORD,47,3414,0.020,1790773410480491.407	,1790773410480491.427	
0,N/A,MEMCPY_ASYNC,45,184,2.060,1790773410480491.927	,1790773410480493.987	
0,N/A,MEMCPY_ASYNC,45,185,1.940,1790773410480494.147	,1790773410480496.087	
0,N/A,MEMCPY_ASYNC,45,186,1.900,1790773410480496.227	,1790773410480498.127	
0,N/A,MEMCPY_ASYNC,45,187,1.920,1790773410480498.287	,1790773410480500.208	
0,N/A,EVENT_RECORD,45,188,0.000,1790773410480500.368	,1790773410480500.368	
0,N/A,EVENT_RECORD,45,189,0.000,1790773410480500.408	,1790773410480500.408	
0,N/A,EVENT_RECORD,45,190,0.020,1790773410480500.428	,1790773410480500.448	
0,N/A,EVENT_RECORD,45,191,0.000,1790773410480500.468	,1790773410480500.468	
0,N/A,EVENT_RECORD,45,192,0.020,1790773410480677.451	,1790773410480677.471	
0,N/A,MEMCPY_ASYNC,47,3415,2.400,1790773410480844.954	,1790773410480847.354	
0,N/A,MEMCPY_ASYNC,47,3416,2.220,1790773410480909.396	,1790773410480911.616	
0,N/A,MEMCPY_ASYNC,47,3417,2.240,1790773410480991.837	,1790773410480994.077	
0,N/A,MEMCPY_ASYNC,47,3418,2.200,1790773410481073.939	,1790773410481076.139	
0,N/A,MEMCPY_ASYNC,47,3419,2.240,1790773410481135.800	,1790773410481138.040	
0,N/A,MEMCPY_ASYNC,47,3420,2.260,1790773410481411.566	,1790773410481413.826	
0,N/A,MEMCPY_ASYNC,47,3421,2.280,1790773410481581.309	,1790773410481583.589	
0,N/A,MEMCPY_ASYNC,47,3422,2.220,1790773410481643.430	,1790773410481645.650	
0,Fill_1fbc7ee619b707282bbfd034093621df_high_performance_223000000,AI_VECTOR_CORE,47,3423,1.540,1790773410481800.834	,1790773410481802.374	
0,N/A,MEMCPY_ASYNC,47,3424,0.600,1790773410481975.997	,1790773410481976.597	
0,N/A,MEMCPY_ASYNC,47,3425,2.220,1790773410482194.401	,1790773410482196.621	
0,Fill_1fbc7ee619b707282bbfd034093621df_high_performance_223000000,AI_VECTOR_CORE,47,3426,1.380,1790773410482277.063	,1790773410482278.443	
0,N/A,MEMCPY_ASYNC,47,3427,2.260,1790773410482328.364	,1790773410482330.624	
0,N/A,MEMCPY_ASYNC,47,3428,2.260,1790773410482408.146	,1790773410482410.406	
0,N/A,MEMCPY_ASYNC,47,3429,2.260,1790773410482489.587	,1790773410482491.847	
0,N/A,MEMCPY_ASYNC,47,3430,2.280,1790773410482572.129	,1790773410482574.409	
0,IndexCheck_int64_high_performance_0,AI_VECTOR_CORE,47,3431,2.820,1790773410482681.331	,1790773410482684.151	
0,Index_f34e8f0e5e2c96109aa0460550023804_high_performance__kernel0,AI_VECTOR_CORE,47,3432,8.420,1790773410482684.191	,1790773410482692.611	
0,Cast_e87590d11ccda8b259ab6b1ea7212319_high_performance_210000000,AI_VECTOR_CORE,47,3433,1.180,1790773410482757.253	,1790773410482758.433	
0,Add_41dadce325b0f810d03359af2a38990b_high_performance_210000000,AI_VECTOR_CORE,47,3434,2.360,1790773410482824.954	,1790773410482827.314	
0,N/A,MEMCPY_ASYNC,47,3435,0.560,1790773410482919.256	,1790773410482919.816	
0,Add_9342884c99c006e21fc9d5d9260b8bef_high_performance_210000000,AI_VECTOR_CORE,47,3436,1.580,1790773410482986.377	,1790773410482987.957	
0,N/A,MEMCPY_ASYNC,47,3437,0.620,1790773410483069.779	,1790773410483070.399	
0,Fill_1fbc7ee619b707282bbfd034093621df_high_performance_223000000,AI_VECTOR_CORE,47,3438,1.460,1790773410483131.120	,1790773410483132.580	
0,_compute_slot_mapping_fused_groups_kernel,AI_VECTOR_CORE,47,3439,21.960,1790773410483525.008	,1790773410483546.968	
0,Sub_9342884c99c006e21fc9d5d9260b8bef_high_performance_210000000,AI_VECTOR_CORE,47,3440,1.440,1790773410483672.331	,1790773410483673.771	
0,N/A,MEMCPY_ASYNC,47,3441,2.280,1790773410484035.478	,1790773410484037.758	
0,Cast_e87590d11ccda8b259ab6b1ea7212319_high_performance_210000000,AI_VECTOR_CORE,47,3442,1.160,1790773410484762.593	,1790773410484763.753	
0,FloorDiv_41dadce325b0f810d03359af2a38990b_high_performance_223000000,AI_VECTOR_CORE,47,3443,3.380,1790773410484764.773	,1790773410484768.153	
0,Cast_39a266ce9a8d7d9ead33f6686e936b72_high_performance_210000000,AI_VECTOR_CORE,47,3444,1.340,1790773410484768.173	,1790773410484769.513	
0,N/A,MEMCPY_ASYNC,47,3445,0.580,1790773410484909.276	,1790773410484909.856	
0,Cast_e87590d11ccda8b259ab6b1ea7212319_high_performance_210000000,AI_VECTOR_CORE,47,3446,1.240,1790773410485001.517	,1790773410485002.757	
0,GreaterEqual_1ea4da630f56dc1c2d6e7c9a9dd17b11_high_performance_210000000,AI_VECTOR_CORE,47,3447,3.120,1790773410485003.698	,1790773410485006.818	
0,Add_41dadce325b0f810d03359af2a38990b_high_performance_210000000,AI_VECTOR_CORE,47,3448,2.300,1790773410485057.199	,1790773410485059.499	
0,BroadcastTo_41dadce325b0f810d03359af2a38990b_high_performance_210000000,AI_VECTOR_CORE,47,3449,1.480,1790773410485111.580	,1790773410485113.060	
0,FloorMod_41dadce325b0f810d03359af2a38990b_high_precision_210000000,AI_VECTOR_CORE,47,3450,1.980,1790773410485113.640	,1790773410485115.620	
0,Equal_1ea4da630f56dc1c2d6e7c9a9dd17b11_high_performance_210000000,AI_VECTOR_CORE,47,3451,2.420,1790773410485154.521	,1790773410485156.941	
0,LogicalAnd_91d2a3cdd75d915a368582ec5f440af1_high_performance_210000000,AI_VECTOR_CORE,47,3452,1.480,1790773410485207.562	,1790773410485209.042	
0,ClipByValueV2_3bc53d14ff7dfecd0ed0c69136ab471a_high_performance_210000000,AI_VECTOR_CORE,47,3453,1.720,1790773410485250.002	,1790773410485251.722	
0,Cast_e87590d11ccda8b259ab6b1ea7212319_high_performance_210000000,AI_VECTOR_CORE,47,3454,1.280,1790773410485312.404	,1790773410485313.684	
0,FloorDiv_41dadce325b0f810d03359af2a38990b_high_performance_210000000,AI_VECTOR_CORE,47,3455,2.340,1790773410485314.324	,1790773410485316.664	
0,Cast_39a266ce9a8d7d9ead33f6686e936b72_high_performance_210000000,AI_VECTOR_CORE,47,3456,1.340,1790773410485329.084	,1790773410485330.424	
0,BroadcastTo_c71434db8135ff9089d65053721e3417_high_performance_210000000,AI_VECTOR_CORE,47,3457,1.360,1790773410485353.164	,1790773410485354.525	
0,FloorMod_9342884c99c006e21fc9d5d9260b8bef_high_precision_210000000,AI_VECTOR_CORE,47,3458,3.040,1790773410485358.685	,1790773410485361.725	
0,Mul_9342884c99c006e21fc9d5d9260b8bef_high_performance_210000000,AI_VECTOR_CORE,47,3459,1.380,1790773410485397.325	,1790773410485398.705	
0,Cast_e87590d11ccda8b259ab6b1ea7212319_high_performance_210000000,AI_VECTOR_CORE,47,3460,1.180,1790773410485459.767	,1790773410485460.947	
0,FloorDiv_41dadce325b0f810d03359af2a38990b_high_performance_210000000,AI_VECTOR_CORE,47,3461,1.860,1790773410485461.067	,1790773410485462.927	
0,Cast_39a266ce9a8d7d9ead33f6686e936b72_high_performance_210000000,AI_VECTOR_CORE,47,3462,1.400,1790773410485462.947	,1790773410485464.347	
0,Add_9342884c99c006e21fc9d5d9260b8bef_high_performance_210000000,AI_VECTOR_CORE,47,3463,1.240,1790773410485487.887	,1790773410485489.127	
0,Fill_1fbc7ee619b707282bbfd034093621df_high_performance_210000000,AI_VECTOR_CORE,47,3464,1.400,1790773410485550.288	,1790773410485551.688	
0,SelectV2_9bb0969ab50036eba4428cd9974a5c0b_high_performance_210000000,AI_VECTOR_CORE,47,3465,1.920,1790773410485589.989	,1790773410485591.909	
0,Cast_e87590d11ccda8b259ab6b1ea7212319_high_performance_210000000,AI_VECTOR_CORE,47,3466,1.260,1790773410485629.170	,1790773410485630.430	
0,Cast_e87590d11ccda8b259ab6b1ea7212319_high_performance_210000000,AI_VECTOR_CORE,47,3467,1.280,1790773410485723.632	,1790773410485724.912	
0,FloorDiv_41dadce325b0f810d03359af2a38990b_high_performance_210000000,AI_VECTOR_CORE,47,3468,1.720,1790773410485725.512	,1790773410485727.232	
0,Cast_39a266ce9a8d7d9ead33f6686e936b72_high_performance_210000000,AI_VECTOR_CORE,47,3469,1.060,1790773410485727.252	,1790773410485728.312	
0,N/A,MEMCPY_ASYNC,47,3470,0.600,1790773410485841.954	,1790773410485842.554	
0,N/A,MEMCPY_ASYNC,47,3471,0.600,1790773410485933.536	,1790773410485934.136	
0,N/A,MEMCPY_ASYNC,47,3472,0.620,1790773410486918.536	,1790773410486919.156	
0,N/A,MEMCPY_ASYNC,47,3473,0.760,1790773410487109.780	,1790773410487110.540	
0,N/A,MEMCPY_ASYNC,47,3474,0.660,1790773410487296.123	,1790773410487296.783	
0,Sub_9342884c99c006e21fc9d5d9260b8bef_high_performance_210000000,AI_VECTOR_CORE,47,3475,1.340,1790773410487379.965	,1790773410487381.305	
0,N/A,MEMCPY_ASYNC,47,3476,0.600,1790773410488021.398	,1790773410488021.998	
0,N/A,MEMCPY_ASYNC,47,3477,0.580,1790773410488186.041	,1790773410488186.621	
0,N/A,MEMCPY_ASYNC,47,3478,0.640,1790773410488320.884	,1790773410488321.524	
0,Sub_9342884c99c006e21fc9d5d9260b8bef_high_performance_210000000,AI_VECTOR_CORE,47,3479,1.300,1790773410488398.085	,1790773410488399.385	
0,N/A,MEMCPY_ASYNC,47,3480,0.620,1790773410489075.439	,1790773410489076.059	
0,N/A,MEMCPY_ASYNC,47,3481,0.620,1790773410489235.822	,1790773410489236.442	
0,N/A,MEMCPY_ASYNC,47,3482,0.580,1790773410489380.825	,1790773410489381.405	
0,Sub_9342884c99c006e21fc9d5d9260b8bef_high_performance_210000000,AI_VECTOR_CORE,47,3483,1.340,1790773410489453.026	,1790773410489454.366	
0,N/A,EVENT_RECORD,47,3484,0.020,1790773410489695.391	,1790773410489695.411	
0,Fill_279daeaf6b659300647aba3935d90048_high_performance_210000000,AI_VECTOR_CORE,47,3485,1.400,1790773410490051.218	,1790773410490052.618	
0,N/A,MEMCPY_ASYNC,47,3486,0.580,1790773410490135.900	,1790773410490136.480	
0,Fill_279daeaf6b659300647aba3935d90048_high_performance_210000000,AI_VECTOR_CORE,47,3487,1.440,1790773410490187.601	,1790773410490189.041	
0,N/A,MODEL_EXECUTE,47,3488,3.020,1790773410490465.867	,1790773410490468.887	
0,Cast_e87590d11ccda8b259ab6b1ea7212319_high_performance_210000000,AI_VECTOR_CORE,11,0,1.440,1790773410490468.807	,1790773410490470.247	
0,GatherV2_7869a97190b9b4d296d9414a005b954b_high_precision_900015015,AI_VECTOR_CORE,11,1,9.880,1790773410490470.267	,1790773410490480.147	
0,BroadcastTo_7e5992d3033ef32a3463c5d198e518a1_high_performance_221000002,AI_VECTOR_CORE,11,2,6.140,1790773410490480.167	,1790773410490486.307	
0,N/A,NOTIFY_WAIT,47,3489,3017.520,1790773410490482.827	,1790773410493500.347	
0,HcPre_6c9f0fa710253eff38b1c0e6be6a67be_0,MIX_AIC,11,3,29.800,1790773410490487.607	,1790773410490517.408	
0,RmsNorm_normal_all_bf16_high_performance_0,AI_VECTOR_CORE,11,4,4.740,1790773410490518.708	,1790773410490523.448	
0,MatMulV2_ND_ND_FP16_FP16_false_true_all_98499,AI_CORE,11,5,155.643,1790773410490523.468	,1790773410490679.111	
0,MatMulV2_ND_ND_FP16_FP16_false_true_all_98325,AI_CORE,11,6,8.100,1790773410490679.131	,1790773410490687.231	
0,MatMulV2_ND_ND_FP16_FP16_false_true_all_98325,AI_CORE,11,7,5.600,1790773410490687.251	,1790773410490692.851	
0,ZerosLike_1c4543fdfe7149b6b0717bd88f061562_high_performance_210000000,AI_VECTOR_CORE,11,8,5.800,1790773410490692.871	,1790773410490698.671	
0,_copy_conv_state_kernel,AI_VECTOR_CORE,11,9,8.140,1790773410490698.691	,1790773410490706.831	
0,CausalConv1d_b0123b7fae3057c534dbb03661977c42_1,MIX_AIC,11,10,13.160,1790773410490707.951	,1790773410490721.112	
0,N/A,MEMCPY_ASYNC,11,11,0.680,1790773410490721.952	,1790773410490722.632	
0,_copy_conv_state_kernel,AI_VECTOR_CORE,11,12,7.420,1790773410490722.652	,1790773410490730.072	
0,RecurrentKda_1ac9a791ca2957b2fe0a2e96909b5782_0,AI_VECTOR_CORE,11,13,30.740,1790773410490730.112	,1790773410490760.853	
0,_write_output,AI_VECTOR_CORE,11,14,2.720,1790773410490760.873	,1790773410490763.593	
0,layer_norm_gated_fwd_kernel,AI_VECTOR_CORE,11,15,3.260,1790773410490763.613	,1790773410490766.873	
0,MatMulV2_ND_ND_FP16_FP16_false_true_all_98499,AI_CORE,11,16,53.721,1790773410490766.913	,1790773410490820.634	
0,HcPost_d2fe6614722b27afa6f8d964c215447e_0,AI_VECTOR_CORE,11,17,7.240,1790773410490820.674	,1790773410490827.914	
0,HcPre_6c9f0fa710253eff38b1c0e6be6a67be_0,MIX_AIC,11,18,34.000,1790773410490829.074	,1790773410490863.075	
0,RmsNorm_normal_all_bf16_high_performance_0,AI_VECTOR_CORE,11,19,4.440,1790773410490863.815	,1790773410490868.255	
0,MatMulV2_ND_ND_FP16_FP16_false_true_all_98499,AI_CORE,11,20,159.563,1790773410490868.275	,1790773410491027.838	
0,ClipByValueV2_e87c9546cf2804355cf0d9445a2db01a_high_performance_220000000,AI_VECTOR_CORE,11,21,5.400,1790773410491027.858	,1790773410491033.258	
0,ClipByValueV2_e87c9546cf2804355cf0d9445a2db01a_high_performance_220000000,AI_VECTOR_CORE,11,22,4.300,1790773410491033.278	,1790773410491037.578	
0,Muls_299cf4d7f9ef0f745d89d88c666b45aa_high_performance_210000000,AI_VECTOR_CORE,11,23,2.900,1790773410491037.598	,1790773410491040.498	
0,Sigmoid_1c4543fdfe7149b6b0717bd88f061562_high_precision_210000000,AI_VECTOR_CORE,11,24,3.880,1790773410491040.518	,1790773410491044.398	
0,Mul_ce3d1ff8ba23a0bcb292da3577c1625d_high_performance_210020000,AI_VECTOR_CORE,11,25,3.160,1790773410491044.438	,1790773410491047.598	
0,Add_ce3d1ff8ba23a0bcb292da3577c1625d_high_performance_223000000,AI_VECTOR_CORE,11,26,3.060,1790773410491047.618	,1790773410491050.678	
0,Mul_ce3d1ff8ba23a0bcb292da3577c1625d_high_performance_210020000,AI_VECTOR_CORE,11,27,3.620,1790773410491050.698	,1790773410491054.318	
0,MatMulV2_ND_ND_FP16_FP16_false_true_all_98513,AI_CORE,11,28,103.602,1790773410491054.358	,1790773410491157.960	
0,HcPost_d2fe6614722b27afa6f8d964c215447e_0,AI_VECTOR_CORE,11,29,7.400,1790773410491157.980	,1790773410491165.381	
0,HcPre_6c9f0fa710253eff38b1c0e6be6a67be_0,MIX_AIC,11,30,30.020,1790773410491166.821	,1790773410491196.841	
0,RmsNorm_normal_all_bf16_high_performance_0,AI_VECTOR_CORE,11,31,4.240,1790773410491197.861	,1790773410491202.101	
0,MatMulV2_ND_ND_FP16_FP16_false_true_all_98499,AI_CORE,11,32,161.363,1790773410491202.121	,1790773410491363.485	
0,MatMulV2_ND_ND_FP16_FP16_false_true_all_98325,AI_CORE,11,33,6.300,1790773410491363.525	,1790773410491369.825	
0,MatMulV2_ND_ND_FP16_FP16_false_true_all_98325,AI_CORE,11,34,5.420,1790773410491369.845	,1790773410491375.265	
0,ZerosLike_1c4543fdfe7149b6b0717bd88f061562_high_performance_210000000,AI_VECTOR_CORE,11,35,5.120,1790773410491375.285	,1790773410491380.405	
0,_copy_conv_state_kernel,AI_VECTOR_CORE,11,36,8.020,1790773410491380.425	,1790773410491388.445	
0,CausalConv1d_b0123b7fae3057c534dbb03661977c42_1,MIX_AIC,11,37,13.220,1790773410491389.685	,1790773410491402.905	
0,N/A,MEMCPY_ASYNC,11,38,0.660,1790773410491403.685	,1790773410491404.345	
0,_copy_conv_state_kernel,AI_VECTOR_CORE,11,39,7.420,1790773410491404.365	,1790773410491411.786	
0,RecurrentKda_1ac9a791ca2957b2fe0a2e96909b5782_0,AI_VECTOR_CORE,11,40,31.220,1790773410491411.806	,1790773410491443.026	
0,_write_output,AI_VECTOR_CORE,11,41,2.920,1790773410491443.066	,1790773410491445.986	
0,layer_norm_gated_fwd_kernel,AI_VECTOR_CORE,11,42,3.120,1790773410491446.026	,1790773410491449.146	
0,MatMulV2_ND_ND_FP16_FP16_false_true_all_98499,AI_CORE,11,43,64.981,1790773410491449.166	,1790773410491514.148	
0,HcPost_d2fe6614722b27afa6f8d964c215447e_0,AI_VECTOR_CORE,11,44,7.340,1790773410491514.168	,1790773410491521.508	
0,HcPre_6c9f0fa710253eff38b1c0e6be6a67be_0,MIX_AIC,11,45,32.440,1790773410491522.748	,1790773410491555.188	
0,RmsNorm_normal_all_bf16_high_performance_0,AI_VECTOR_CORE,11,46,4.520,1790773410491556.288	,1790773410491560.809	
0,MatMulV2_ND_ND_FP16_FP16_false_true_all_98499,AI_CORE,11,47,164.483,1790773410491560.829	,1790773410491725.312	
0,ClipByValueV2_e87c9546cf2804355cf0d9445a2db01a_high_performance_220000000,AI_VECTOR_CORE,11,48,5.560,1790773410491725.352	,1790773410491730.912	
0,ClipByValueV2_e87c9546cf2804355cf0d9445a2db01a_high_performance_220000000,AI_VECTOR_CORE,11,49,4.680,1790773410491730.932	,1790773410491735.612	
0,Muls_299cf4d7f9ef0f745d89d88c666b45aa_high_performance_210000000,AI_VECTOR_CORE,11,50,3.020,1790773410491735.652	,1790773410491738.672	
0,Sigmoid_1c4543fdfe7149b6b0717bd88f061562_high_precision_210000000,AI_VECTOR_CORE,11,51,3.740,1790773410491738.712	,1790773410491742.452	
0,Mul_ce3d1ff8ba23a0bcb292da3577c1625d_high_performance_210020000,AI_VECTOR_CORE,11,52,3.240,1790773410491742.472	,1790773410491745.712	
0,Add_ce3d1ff8ba23a0bcb292da3577c1625d_high_performance_223000000,AI_VECTOR_CORE,11,53,3.220,1790773410491745.732	,1790773410491748.952	
0,Mul_ce3d1ff8ba23a0bcb292da3577c1625d_high_performance_210020000,AI_VECTOR_CORE,11,54,3.620,1790773410491748.972	,1790773410491752.592	
0,MatMulV2_ND_ND_FP16_FP16_false_true_all_98513,AI_CORE,11,55,100.682,1790773410491752.612	,1790773410491853.294	
0,HcPost_d2fe6614722b27afa6f8d964c215447e_0,AI_VECTOR_CORE,11,56,7.140,1790773410491853.314	,1790773410491860.455	
0,HcPre_6c9f0fa710253eff38b1c0e6be6a67be_0,MIX_AIC,11,57,35.340,1790773410491861.715	,1790773410491897.055	
0,RmsNorm_normal_all_bf16_high_performance_0,AI_VECTOR_CORE,11,58,4.280,1790773410491898.295	,1790773410491902.575	
0,MatMulV2_ND_ND_FP16_FP16_false_true_all_98499,AI_CORE,11,59,148.423,1790773410491902.595	,1790773410492051.018	
0,MatMulV2_ND_ND_FP16_FP16_false_true_all_98325,AI_CORE,11,60,6.540,1790773410492051.058	,1790773410492057.598	
0,MatMulV2_ND_ND_FP16_FP16_false_true_all_98325,AI_CORE,11,61,5.380,1790773410492057.618	,1790773410492062.999	
0,ZerosLike_1c4543fdfe7149b6b0717bd88f061562_high_performance_210000000,AI_VECTOR_CORE,11,62,5.100,1790773410492063.019	,1790773410492068.119	
0,_copy_conv_state_kernel,AI_VECTOR_CORE,11,63,8.360,1790773410492068.139	,1790773410492076.499	
0,CausalConv1d_b0123b7fae3057c534dbb03661977c42_1,MIX_AIC,11,64,13.580,1790773410492077.879	,1790773410492091.459	
0,N/A,MEMCPY_ASYNC,11,65,0.660,1790773410492092.499	,1790773410492093.159	
0,_copy_conv_state_kernel,AI_VECTOR_CORE,11,66,7.200,1790773410492093.179	,1790773410492100.379	
0,RecurrentKda_1ac9a791ca2957b2fe0a2e96909b5782_0,AI_VECTOR_CORE,11,67,30.980,1790773410492100.399	,1790773410492131.380	
0,_write_output,AI_VECTOR_CORE,11,68,2.620,1790773410492131.420	,1790773410492134.040	
0,layer_norm_gated_fwd_kernel,AI_VECTOR_CORE,11,69,3.320,1790773410492134.060	,1790773410492137.380	
0,MatMulV2_ND_ND_FP16_FP16_false_true_all_98499,AI_CORE,11,70,58.901,1790773410492137.400	,1790773410492196.301	
0,HcPost_d2fe6614722b27afa6f8d964c215447e_0,AI_VECTOR_CORE,11,71,7.280,1790773410492196.321	,1790773410492203.601	
0,HcPre_6c9f0fa710253eff38b1c0e6be6a67be_0,MIX_AIC,11,72,29.400,1790773410492204.801	,1790773410492234.202	
0,RmsNorm_normal_all_bf16_high_performance_0,AI_VECTOR_CORE,11,73,4.420,1790773410492235.302	,1790773410492239.722	
0,MatMulV2_ND_ND_FP16_FP16_false_true_all_98499,AI_CORE,11,74,157.283,1790773410492239.742	,1790773410492397.025	
0,ClipByValueV2_e87c9546cf2804355cf0d9445a2db01a_high_performance_220000000,AI_VECTOR_CORE,11,75,5.220,1790773410492397.045	,1790773410492402.265	
0,ClipByValueV2_e87c9546cf2804355cf0d9445a2db01a_high_performance_220000000,AI_VECTOR_CORE,11,76,4.580,1790773410492402.285	,1790773410492406.865	
0,Muls_299cf4d7f9ef0f745d89d88c666b45aa_high_performance_210000000,AI_VECTOR_CORE,11,77,3.060,1790773410492406.885	,1790773410492409.945	
0,Sigmoid_1c4543fdfe7149b6b0717bd88f061562_high_precision_210000000,AI_VECTOR_CORE,11,78,3.880,1790773410492409.965	,1790773410492413.846	
0,Mul_ce3d1ff8ba23a0bcb292da3577c1625d_high_performance_210020000,AI_VECTOR_CORE,11,79,3.260,1790773410492413.866	,1790773410492417.126	
0,Add_ce3d1ff8ba23a0bcb292da3577c1625d_high_performance_223000000,AI_VECTOR_CORE,11,80,3.120,1790773410492417.166	,1790773410492420.286	
0,Mul_ce3d1ff8ba23a0bcb292da3577c1625d_high_performance_210020000,AI_VECTOR_CORE,11,81,3.600,1790773410492420.326	,1790773410492423.926	
0,MatMulV2_ND_ND_FP16_FP16_false_true_all_98513,AI_CORE,11,82,102.522,1790773410492423.946	,1790773410492526.468	
0,HcPost_d2fe6614722b27afa6f8d964c215447e_0,AI_VECTOR_CORE,11,83,7.580,1790773410492526.488	,1790773410492534.068	
0,N/A,EVENT_WAIT,39,20,2052.581,1790773410492531.968	,1790773410494584.549	
0,HcPre_6c9f0fa710253eff38b1c0e6be6a67be_0,MIX_AIC,11,84,27.840,1790773410492535.348	,1790773410492563.189	
0,RmsNorm_normal_all_bf16_high_performance_0,AI_VECTOR_CORE,11,85,4.780,1790773410492564.009	,1790773410492568.789	
0,MatMulV2_ND_ND_FP16_FP16_false_true_all_98513,AI_CORE,11,86,19.320,1790773410492568.809	,1790773410492588.129	
0,RmsNorm_normal_all_bf16_high_performance_2,AI_VECTOR_CORE,11,87,5.380,1790773410492588.149	,1790773410492593.529	
0,RmsNorm_normal_all_bf16_high_performance_2,AI_VECTOR_CORE,11,88,3.840,1790773410492593.549	,1790773410492597.389	
0,ScatterNdUpdate_bfloat16_int32_high_precision_11,MIX_AIV,11,89,5.660,1790773410492598.549	,1790773410492604.209	
0,MatMulV2_ND_ND_FP16_FP16_false_true_all_98499,AI_CORE,11,90,45.900,1790773410492605.249	,1790773410492651.150	
0,TransposeBatchMatMul_ND_ND_ND_ND_ND_BF16_BF16_BF16_INT64_BF16_high_performance_32,AI_CORE,11,91,24.100,1790773410492651.190	,1790773410492675.291	
0,Cast_b2717900ea7de2d41ea9c63d23aa269b_high_performance_210000000,AI_VECTOR_CORE,11,92,1.860,1790773410492675.311	,1790773410492677.171	
0,MatMulV2_ND_ND_FP32_FP32_false_true_all_65665,AI_CORE,11,93,9.440,1790773410492677.191	,1790773410492686.631	
0,LayerNormV3_23ae115d70bd435e4cb966a52be97b55_high_precision_1600400500,AI_VECTOR_CORE,11,94,5.600,1790773410492686.651	,1790773410492692.251	
0,MatMulV2_ND_ND_FP32_FP32_false_true_all_65665,AI_CORE,11,95,8.720,1790773410492692.271	,1790773410492700.991	
0,MatMulV2_ND_ND_FP16_FP16_false_true_all_98499,AI_CORE,11,96,16.040,1790773410492701.031	,1790773410492717.072	
0,Cast_9f288b80370c6545ffe8cef142d37f5c_high_performance_210000000,AI_VECTOR_CORE,11,97,1.260,1790773410492717.092	,1790773410492718.352	
0,Muls_299cf4d7f9ef0f745d89d88c666b45aa_high_performance_210000000,AI_VECTOR_CORE,11,98,1.260,1790773410492718.372	,1790773410492719.632	
0,_glm5_next_kpool_tail_compress_kernel,AI_VECTOR_CORE,11,99,2.100,1790773410492719.652	,1790773410492721.752	
0,_store_kpool_tail_kernel,AI_VECTOR_CORE,11,100,3.100,1790773410492721.772	,1790773410492724.872	
0,Cast_b2717900ea7de2d41ea9c63d23aa269b_high_performance_210000000,AI_VECTOR_CORE,11,101,1.700,1790773410492724.892	,1790773410492726.592	
0,Cast_b2717900ea7de2d41ea9c63d23aa269b_high_performance_210000000,AI_VECTOR_CORE,11,102,1.180,1790773410492726.612	,1790773410492727.792	
0,Mul_ee98c6628030785f610b924ab1557b31_high_performance_212000002,AI_VECTOR_CORE,11,103,7.920,1790773410492727.812	,1790773410492735.732	
0,ReduceSum_7a09f5b7af4126487a7f726a9aac7548_high_performance_82100900,MIX_AIV,11,104,8.440,1790773410492736.832	,1790773410492745.272	
0,_glm5_next_lightning_indexer_score_kernel,AI_VECTOR_CORE,11,105,8.860,1790773410492746.572	,1790773410492755.432	
0,TopKV2_5c671486fda0d949d7cba9a9754bc2dd_high_performance_2017612701781458944,MIX_AIV,11,106,6.220,1790773410492756.732	,1790773410492762.953	
0,Cast_e87590d11ccda8b259ab6b1ea7212319_high_performance_210000000,AI_VECTOR_CORE,11,107,1.400,1790773410492764.033	,1790773410492765.433	
0,Cast_39a266ce9a8d7d9ead33f6686e936b72_high_performance_210000000,AI_VECTOR_CORE,11,108,1.420,1790773410492765.453	,1790773410492766.873	
0,_expand_pool_indices,AI_VECTOR_CORE,11,109,9.020,1790773410492766.893	,1790773410492775.913	
0,SparseFlashAttention_2e25ad8fefac1f04c03bd78f2d2ab366_1158,MIX_AIC,11,110,27.860,1790773410492777.153	,1790773410492805.013	
0,TransposeBatchMatMul_ND_ND_ND_ND_ND_BF16_BF16_BF16_INT64_BF16_high_performance_32,AI_CORE,11,111,21.800,1790773410492805.813	,1790773410492827.614	
0,MatMulV2_ND_ND_FP16_FP16_false_true_all_98513,AI_CORE,11,112,132.182,1790773410492827.654	,1790773410492959.836	
0,N/A,EVENT_WAIT,45,193,1692.893,1790773410492891.675	,1790773410494584.569	
0,N/A,MEMCPY_ASYNC,11,113,0.580,1790773410492959.856	,1790773410492960.436	
0,HcPost_d2fe6614722b27afa6f8d964c215447e_0,AI_VECTOR_CORE,11,114,7.260,1790773410492960.456	,1790773410492967.717	
0,HcPre_6c9f0fa710253eff38b1c0e6be6a67be_0,MIX_AIC,11,115,30.040,1790773410492968.937	,1790773410492998.977	
0,RmsNorm_normal_all_bf16_high_performance_0,AI_VECTOR_CORE,11,116,4.480,1790773410493000.017	,1790773410493004.497	
0,N/A,EVENT_RECORD,11,117,0.020,1790773410493004.517	,1790773410493004.537	
0,Cast_b2717900ea7de2d41ea9c63d23aa269b_high_performance_210000000,AI_VECTOR_CORE,11,118,1.720,1790773410493004.557	,1790773410493006.277	
0,MatMulV2_ND_ND_FP32_FP32_false_true_all_65665,AI_CORE,11,119,5.700,1790773410493006.317	,1790773410493012.018	
0,N/A,EVENT_RECORD,11,120,0.020,1790773410493012.038	,1790773410493012.058	
0,MoeGatingTopK_81369a2fa0455f39b5d19d432d261f57_1,AI_VECTOR_CORE,11,121,4.340,1790773410493012.078	,1790773410493016.418	
0,N/A,EVENT_RECORD,11,122,0.020,1790773410493016.438	,1790773410493016.458	
0,MoeInitRoutingV3_4ca8d2d329b4477b44dd2ee885849b12_2100000,MIX_AIV,11,123,10.320,1790773410493017.898	,1790773410493028.218	
0,GroupedMatmul_0d2d43751f81d7f29646a862147967c9_68885275,MIX_AIC,11,124,211.264,1790773410493031.298	,1790773410493242.562	
0,Slice_ee29dafe4fe21e12bb8d56ae91626cba_high_performance_524000000,AI_VECTOR_CORE,11,125,2.620,1790773410493243.762	,1790773410493246.382	
0,ClipByValueV2_e87c9546cf2804355cf0d9445a2db01a_high_performance_220000000,AI_VECTOR_CORE,11,126,6.080,1790773410493246.402	,1790773410493252.482	
0,ViewCopy_7778b2d0a2938f9247cc0c9f84559eb2_high_performance__kernel0,AI_VECTOR_CORE,11,127,11.800,1790773410493252.502	,1790773410493264.303	
0,Slice_ee29dafe4fe21e12bb8d56ae91626cba_high_performance_524000000,AI_VECTOR_CORE,11,128,2.380,1790773410493264.343	,1790773410493266.723	
0,ClipByValueV2_e87c9546cf2804355cf0d9445a2db01a_high_performance_220000000,AI_VECTOR_CORE,11,129,4.680,1790773410493266.743	,1790773410493271.423	
0,ViewCopy_7778b2d0a2938f9247cc0c9f84559eb2_high_performance__kernel0,AI_VECTOR_CORE,11,130,10.100,1790773410493271.443	,1790773410493281.543	
0,SwiGlu_3_high_performance_27,AI_VECTOR_CORE,11,131,5.140,1790773410493281.583	,1790773410493286.723	
0,N/A,EVENT_RECORD,11,132,0.020,1790773410493286.743	,1790773410493286.763	
0,GroupedMatmul_0d2d43751f81d7f29646a862147967c9_68885275,MIX_AIC,11,133,99.542,1790773410493287.763	,1790773410493387.305	
0,N/A,EVENT_RECORD,11,134,0.020,1790773410493388.465	,1790773410493388.485	
0,Cast_9f288b80370c6545ffe8cef142d37f5c_high_performance_210000000,AI_VECTOR_CORE,11,135,1.160,1790773410493388.505	,1790773410493389.665	
0,Abs_8098b79498645e9c0da095babdeaf862_high_performance_210000000,AI_VECTOR_CORE,11,136,1.520,1790773410493389.685	,1790773410493391.205	
0,MoeTokenUnpermute_6dd49246dc9576d3314234df69cb5c22_1,AI_VECTOR_CORE,11,137,4.120,1790773410493391.225	,1790773410493395.345	
0,MatMulV2_ND_ND_FP16_FP16_false_true_all_98499,AI_CORE,11,138,28.640,1790773410493395.385	,1790773410493424.026	
0,ClipByValueV2_e87c9546cf2804355cf0d9445a2db01a_high_performance_220000000,AI_VECTOR_CORE,11,139,1.700,1790773410493424.046	,1790773410493425.746	
0,ClipByValueV2_e87c9546cf2804355cf0d9445a2db01a_high_performance_220000000,AI_VECTOR_CORE,11,140,1.700,1790773410493425.766	,1790773410493427.466	
0,Muls_299cf4d7f9ef0f745d89d88c666b45aa_high_performance_210000000,AI_VECTOR_CORE,11,141,1.260,1790773410493427.486	,1790773410493428.746	
0,Sigmoid_1c4543fdfe7149b6b0717bd88f061562_high_precision_210000000,AI_VECTOR_CORE,11,142,1.660,1790773410493428.766	,1790773410493430.426	
0,Mul_ce3d1ff8ba23a0bcb292da3577c1625d_high_performance_210020000,AI_VECTOR_CORE,11,143,1.960,1790773410493430.446	,1790773410493432.406	
0,Add_ce3d1ff8ba23a0bcb292da3577c1625d_high_performance_223000000,AI_VECTOR_CORE,11,144,1.580,1790773410493432.426	,1790773410493434.006	
0,Mul_ce3d1ff8ba23a0bcb292da3577c1625d_high_performance_210020000,AI_VECTOR_CORE,11,145,1.520,1790773410493434.026	,1790773410493435.546	
0,MatMulV2_ND_ND_FP16_FP16_false_true_all_98499,AI_CORE,11,146,17.440,1790773410493435.566	,1790773410493453.006	
0,ForeachAddList_c73cb8f503197be65eaf63148ad48de4_high_performance_4,AI_VECTOR_CORE,11,147,16.160,1790773410493453.046	,1790773410493469.207	
0,HcPost_d2fe6614722b27afa6f8d964c215447e_0,AI_VECTOR_CORE,11,148,6.340,1790773410493469.227	,1790773410493475.567	
0,ReduceMean_9a2479d4dc5148645cb3f4b9e765c637_high_precision_92100900,MIX_AIV,11,149,18.460,1790773410493476.527	,1790773410493494.987	
0,RmsNorm_normal_all_bf16_high_performance_0,AI_VECTOR_CORE,11,150,3.180,1790773410493496.047	,1790773410493499.227	
0,N/A,EVENT_RESET,11,151,0.080,1790773410493499.267	,1790773410493499.347	
0,N/A,EVENT_RESET,11,152,0.100,1790773410493499.367	,1790773410493499.467	
0,N/A,EVENT_RESET,11,153,0.100,1790773410493499.487	,1790773410493499.587	
0,N/A,EVENT_RESET,11,154,0.100,1790773410493499.607	,1790773410493499.707	
0,N/A,EVENT_RESET,11,155,0.100,1790773410493499.727	,1790773410493499.827	
0,N/A,NOTIFY_RECORD,11,156,0.020,1790773410493499.847	,1790773410493499.867	
0,IndexCheck_int32_high_performance_1,AI_VECTOR_CORE,47,3490,3.280,1790773410493500.367	,1790773410493503.647	
0,Index_b1b18d29d34a3b544b5bb6b3f56177c3_high_performance__kernel0,AI_VECTOR_CORE,47,3491,8.200,1790773410493503.667	,1790773410493511.868	
0,MatMulV2_ND_ND_FP16_FP16_false_true_all_98499,AI_CORE,47,3492,903.498,1790773410493511.888	,1790773410494415.386	
0,Cast_b2717900ea7de2d41ea9c63d23aa269b_high_performance_210000000,AI_VECTOR_CORE,47,3493,7.520,1790773410494415.406	,1790773410494422.926	
0,LogSoftmaxV2_291664ae3e88b38b8b46c2efbbea27c9_high_precision_400001,AI_VECTOR_CORE,47,3494,44.120,1790773410494422.946	,1790773410494467.067	
0,Cast_b2717900ea7de2d41ea9c63d23aa269b_high_performance_210000000,AI_VECTOR_CORE,47,3495,2.520,1790773410494467.107	,1790773410494469.627	
0,ArgMaxV2_4402011f777d6374ab9f6425cb5984c4_high_performance_3,AI_VECTOR_CORE,47,3496,19.220,1790773410494469.647	,1790773410494488.867	
0,Cast_e87590d11ccda8b259ab6b1ea7212319_high_performance_210000000,AI_VECTOR_CORE,47,3497,1.300,1790773410494488.887	,1790773410494490.187	
0,TopKV2_5c671486fda0d949d7cba9a9754bc2dd_high_performance_2017612907941986305,MIX_AIV,47,3498,18.160,1790773410494491.467	,1790773410494509.627	
0,TopKV2_5c671486fda0d949d7cba9a9754bc2dd_high_performance_2017612701781458944,MIX_AIV,47,3499,3.520,1790773410494512.187	,1790773410494515.708	
0,GatherElements_8b4ec10fbb39c5c0a65192c606400b29_high_performance__kernel0,AI_VECTOR_CORE,47,3500,13.860,1790773410494516.428	,1790773410494530.288	
0,Cast_e87590d11ccda8b259ab6b1ea7212319_high_performance_210000000,AI_VECTOR_CORE,47,3501,1.000,1790773410494530.308	,1790773410494531.308	
0,Cast_39a266ce9a8d7d9ead33f6686e936b72_high_performance_210000000,AI_VECTOR_CORE,47,3502,1.620,1790773410494531.328	,1790773410494532.948	
0,GatherElementsV2_fp32_high_performance_2,AI_VECTOR_CORE,47,3503,3.800,1790773410494532.968	,1790773410494536.768	
0,GreaterEqual_3efaad932f458d7892fdb0715ec85b2b_high_performance_223000000,AI_VECTOR_CORE,47,3504,8.860,1790773410494536.788	,1790773410494545.648	
0,Cast_df2b778f1b80e749bd4242386ec57ab9_high_performance_210000000,AI_VECTOR_CORE,47,3505,6.640,1790773410494545.668	,1790773410494552.308	
0,ReduceSum_7a09f5b7af4126487a7f726a9aac7548_high_performance_110001000400,MIX_AIV,47,3506,20.080,1790773410494553.328	,1790773410494573.409	
0,Cast_c6738f795430c3c6f09cdc8d52a1b43d_high_performance_210000000,AI_VECTOR_CORE,47,3507,1.400,1790773410494574.649	,1790773410494576.049	
0,ConcatD_0d745295987e1c668b2ec8b2844aeada_high_performance_3000001,AI_VECTOR_CORE,47,3508,2.800,1790773410494576.069	,1790773410494578.869	
0,ConcatD_233851a3505389e43928a8bba133a74d_high_performance_3000001,AI_VECTOR_CORE,47,3509,2.200,1790773410494578.889	,1790773410494581.089	
0,Cast_39a266ce9a8d7d9ead33f6686e936b72_high_performance_210000000,AI_VECTOR_CORE,47,3510,1.440,1790773410494581.109	,1790773410494582.549	
0,Cast_39a266ce9a8d7d9ead33f6686e936b72_high_performance_210000000,AI_VECTOR_CORE,47,3511,1.480,1790773410494582.569	,1790773410494584.049	
0,N/A,EVENT_RECORD,47,3512,0.020,1790773410494584.069	,1790773410494584.089	
0,N/A,EVENT_RECORD,47,3513,0.020,1790773410494584.109	,1790773410494584.129	
0,N/A,MEMCPY_ASYNC,45,194,1.940,1790773410494584.669	,1790773410494586.609	
0,N/A,MEMCPY_ASYNC,45,195,1.960,1790773410494586.769	,1790773410494588.729	
0,N/A,MEMCPY_ASYNC,45,196,1.920,1790773410494588.889	,1790773410494590.809	
0,N/A,MEMCPY_ASYNC,45,197,2.100,1790773410494590.969	,1790773410494593.069	
0,N/A,EVENT_RECORD,45,198,0.020,1790773410494593.229	,1790773410494593.249	
0,N/A,EVENT_RECORD,45,199,0.000,1790773410494593.269	,1790773410494593.269	
0,N/A,EVENT_RECORD,45,200,0.000,1790773410494593.309	,1790773410494593.309	
0,N/A,EVENT_RECORD,45,201,0.020,1790773410494593.329	,1790773410494593.349	
0,N/A,EVENT_RECORD,45,202,0.020,1790773410494788.373	,1790773410494788.393	
0,N/A,MEMCPY_ASYNC,47,3514,2.420,1790773410494804.173	,1790773410494806.593	
0,N/A,MEMCPY_ASYNC,47,3515,2.220,1790773410495100.279	,1790773410495102.499	
0,N/A,MEMCPY_ASYNC,47,3516,2.260,1790773410495165.141	,1790773410495167.401	
0,N/A,MEMCPY_ASYNC,47,3517,2.200,1790773410495240.722	,1790773410495242.922	
0,N/A,MEMCPY_ASYNC,47,3518,2.400,1790773410495381.025	,1790773410495383.425	
0,N/A,MEMCPY_ASYNC,47,3519,2.400,1790773410495605.029	,1790773410495607.429	
0,N/A,MEMCPY_ASYNC,47,3520,2.240,1790773410495771.753	,1790773410495773.993	
0,N/A,MEMCPY_ASYNC,47,3521,2.220,1790773410495819.334	,1790773410495821.554	
0,Fill_1fbc7ee619b707282bbfd034093621df_high_performance_223000000,AI_VECTOR_CORE,47,3522,1.620,1790773410496006.337	,1790773410496007.957	
0,N/A,MEMCPY_ASYNC,47,3523,0.640,1790773410496170.181	,1790773410496170.821	
0,N/A,MEMCPY_ASYNC,47,3524,2.220,1790773410496384.025	,1790773410496386.245	
0,Fill_1fbc7ee619b707282bbfd034093621df_high_performance_223000000,AI_VECTOR_CORE,47,3525,1.600,1790773410496451.606	,1790773410496453.206	
0,N/A,MEMCPY_ASYNC,47,3526,2.220,1790773410496513.047	,1790773410496515.268	
0,N/A,MEMCPY_ASYNC,47,3527,2.260,1790773410496630.910	,1790773410496633.170	
0,N/A,MEMCPY_ASYNC,47,3528,2.260,1790773410496689.291	,1790773410496691.551	
0,N/A,MEMCPY_ASYNC,47,3529,2.260,1790773410496767.673	,1790773410496769.933	
0,IndexCheck_int64_high_performance_0,AI_VECTOR_CORE,47,3530,2.960,1790773410496894.315	,1790773410496897.275	
0,Index_f34e8f0e5e2c96109aa0460550023804_high_performance__kernel0,AI_VECTOR_CORE,47,3531,7.320,1790773410496897.295	,1790773410496904.615	
0,Cast_e87590d11ccda8b259ab6b1ea7212319_high_performance_210000000,AI_VECTOR_CORE,47,3532,1.040,1790773410496947.996	,1790773410496949.036	
0,Add_41dadce325b0f810d03359af2a38990b_high_performance_210000000,AI_VECTOR_CORE,47,3533,2.380,1790773410497016.658	,1790773410497019.038	
0,N/A,MEMCPY_ASYNC,47,3534,0.620,1790773410497122.000	,1790773410497122.620	
0,Add_9342884c99c006e21fc9d5d9260b8bef_high_performance_210000000,AI_VECTOR_CORE,47,3535,1.420,1790773410497173.981	,1790773410497175.401	
0,N/A,MEMCPY_ASYNC,47,3536,0.600,1790773410497258.802	,1790773410497259.402	
0,Fill_1fbc7ee619b707282bbfd034093621df_high_performance_223000000,AI_VECTOR_CORE,47,3537,1.360,1790773410497311.983	,1790773410497313.343	
0,_compute_slot_mapping_fused_groups_kernel,AI_VECTOR_CORE,47,3538,22.000,1790773410497718.972	,1790773410497740.972	
0,Sub_9342884c99c006e21fc9d5d9260b8bef_high_performance_210000000,AI_VECTOR_CORE,47,3539,1.380,1790773410497876.675	,1790773410497878.055	
0,N/A,MEMCPY_ASYNC,47,3540,2.460,1790773410498301.543	,1790773410498304.003	
0,Cast_e87590d11ccda8b259ab6b1ea7212319_high_performance_210000000,AI_VECTOR_CORE,47,3541,1.220,1790773410498985.617	,1790773410498986.837	
0,FloorDiv_41dadce325b0f810d03359af2a38990b_high_performance_223000000,AI_VECTOR_CORE,47,3542,3.420,1790773410498987.717	,1790773410498991.137	
0,Cast_39a266ce9a8d7d9ead33f6686e936b72_high_performance_210000000,AI_VECTOR_CORE,47,3543,1.320,1790773410498991.157	,1790773410498992.477	
0,N/A,MEMCPY_ASYNC,47,3544,0.600,1790773410499127.800	,1790773410499128.400	
0,Cast_e87590d11ccda8b259ab6b1ea7212319_high_performance_210000000,AI_VECTOR_CORE,47,3545,1.220,1790773410499210.641	,1790773410499211.861	
0,GreaterEqual_1ea4da630f56dc1c2d6e7c9a9dd17b11_high_performance_210000000,AI_VECTOR_CORE,47,3546,3.060,1790773410499212.461	,1790773410499215.521	
0,Add_41dadce325b0f810d03359af2a38990b_high_performance_210000000,AI_VECTOR_CORE,47,3547,2.220,1790773410499265.422	,1790773410499267.643	
0,BroadcastTo_41dadce325b0f810d03359af2a38990b_high_performance_210000000,AI_VECTOR_CORE,47,3548,1.640,1790773410499317.464	,1790773410499319.104	
0,FloorMod_41dadce325b0f810d03359af2a38990b_high_precision_210000000,AI_VECTOR_CORE,47,3549,2.100,1790773410499328.564	,1790773410499330.664	
0,Equal_1ea4da630f56dc1c2d6e7c9a9dd17b11_high_performance_210000000,AI_VECTOR_CORE,47,3550,2.400,1790773410499367.184	,1790773410499369.585	
0,LogicalAnd_91d2a3cdd75d915a368582ec5f440af1_high_performance_210000000,AI_VECTOR_CORE,47,3551,1.500,1790773410499408.845	,1790773410499410.345	
0,ClipByValueV2_3bc53d14ff7dfecd0ed0c69136ab471a_high_performance_210000000,AI_VECTOR_CORE,47,3552,1.500,1790773410499448.626	,1790773410499450.126	
0,Cast_e87590d11ccda8b259ab6b1ea7212319_high_performance_210000000,AI_VECTOR_CORE,47,3553,1.200,1790773410499512.527	,1790773410499513.727	
0,FloorDiv_41dadce325b0f810d03359af2a38990b_high_performance_210000000,AI_VECTOR_CORE,47,3554,2.260,1790773410499514.227	,1790773410499516.487	
0,Cast_39a266ce9a8d7d9ead33f6686e936b72_high_performance_210000000,AI_VECTOR_CORE,47,3555,1.440,1790773410499525.608	,1790773410499527.048	
0,BroadcastTo_c71434db8135ff9089d65053721e3417_high_performance_210000000,AI_VECTOR_CORE,47,3556,1.360,1790773410499554.208	,1790773410499555.568	
0,FloorMod_9342884c99c006e21fc9d5d9260b8bef_high_precision_210000000,AI_VECTOR_CORE,47,3557,3.240,1790773410499556.388	,1790773410499559.628	
0,Mul_9342884c99c006e21fc9d5d9260b8bef_high_performance_210000000,AI_VECTOR_CORE,47,3558,1.640,1790773410499609.029	,1790773410499610.669	
0,Cast_e87590d11ccda8b259ab6b1ea7212319_high_performance_210000000,AI_VECTOR_CORE,47,3559,1.480,1790773410499660.450	,1790773410499661.930	
0,FloorDiv_41dadce325b0f810d03359af2a38990b_high_performance_210000000,AI_VECTOR_CORE,47,3560,2.000,1790773410499662.110	,1790773410499664.110	
0,Cast_39a266ce9a8d7d9ead33f6686e936b72_high_performance_210000000,AI_VECTOR_CORE,47,3561,1.420,1790773410499673.951	,1790773410499675.371	
0,Add_9342884c99c006e21fc9d5d9260b8bef_high_performance_210000000,AI_VECTOR_CORE,47,3562,1.220,1790773410499688.011	,1790773410499689.231	
0,Fill_1fbc7ee619b707282bbfd034093621df_high_performance_210000000,AI_VECTOR_CORE,47,3563,1.540,1790773410499756.172	,1790773410499757.712	
0,SelectV2_9bb0969ab50036eba4428cd9974a5c0b_high_performance_210000000,AI_VECTOR_CORE,47,3564,1.900,1790773410499796.273	,1790773410499798.173	
0,Cast_e87590d11ccda8b259ab6b1ea7212319_high_performance_210000000,AI_VECTOR_CORE,47,3565,1.160,1790773410499836.414	,1790773410499837.574	
0,Cast_e87590d11ccda8b259ab6b1ea7212319_high_performance_210000000,AI_VECTOR_CORE,47,3566,1.160,1790773410499924.776	,1790773410499925.936	
0,FloorDiv_41dadce325b0f810d03359af2a38990b_high_performance_210000000,AI_VECTOR_CORE,47,3567,1.840,1790773410499926.536	,1790773410499928.376	
0,Cast_39a266ce9a8d7d9ead33f6686e936b72_high_performance_210000000,AI_VECTOR_CORE,47,3568,1.140,1790773410499937.956	,1790773410499939.096	
0,N/A,MEMCPY_ASYNC,47,3569,0.600,1790773410500044.718	,1790773410500045.318	
0,N/A,MEMCPY_ASYNC,47,3570,0.620,1790773410500132.600	,1790773410500133.220	
0,N/A,MEMCPY_ASYNC,47,3571,0.620,1790773410501129.620	,1790773410501130.240	
0,N/A,MEMCPY_ASYNC,47,3572,0.640,1790773410501287.203	,1790773410501287.843	
0,N/A,MEMCPY_ASYNC,47,3573,0.660,1790773410501462.606	,1790773410501463.266	
0,Sub_9342884c99c006e21fc9d5d9260b8bef_high_performance_210000000,AI_VECTOR_CORE,47,3574,1.400,1790773410501556.188	,1790773410501557.588	
0,N/A,MEMCPY_ASYNC,47,3575,0.600,1790773410502257.402	,1790773410502258.002	
0,N/A,MEMCPY_ASYNC,47,3576,0.580,1790773410502424.826	,1790773410502425.406	
0,N/A,MEMCPY_ASYNC,47,3577,0.640,1790773410502564.308	,1790773410502564.948	
0,Sub_9342884c99c006e21fc9d5d9260b8bef_high_performance_210000000,AI_VECTOR_CORE,47,3578,1.340,1790773410502642.130	,1790773410502643.470	
0,N/A,MEMCPY_ASYNC,47,3579,0.600,1790773410503276.543	,1790773410503277.143	
0,N/A,MEMCPY_ASYNC,47,3580,0.620,1790773410503445.446	,1790773410503446.066	
0,N/A,MEMCPY_ASYNC,47,3581,0.600,1790773410503582.889	,1790773410503583.489	
0,Sub_9342884c99c006e21fc9d5d9260b8bef_high_performance_210000000,AI_VECTOR_CORE,47,3582,1.340,1790773410503654.370	,1790773410503655.710	
0,N/A,EVENT_RECORD,47,3583,0.000,1790773410503890.295	,1790773410503890.295	
0,Fill_279daeaf6b659300647aba3935d90048_high_performance_210000000,AI_VECTOR_CORE,47,3584,1.460,1790773410504251.522	,1790773410504252.982	
0,N/A,MEMCPY_ASYNC,47,3585,0.600,1790773410504326.604	,1790773410504327.204	
0,Fill_279daeaf6b659300647aba3935d90048_high_performance_210000000,AI_VECTOR_CORE,47,3586,1.180,1790773410504377.445	,1790773410504378.625	
0,N/A,MODEL_EXECUTE,47,3587,3.020,1790773410504651.690	,1790773410504654.710	
0,Cast_e87590d11ccda8b259ab6b1ea7212319_high_performance_210000000,AI_VECTOR_CORE,11,0,1.200,1790773410504654.630	,1790773410504655.830	
0,GatherV2_7869a97190b9b4d296d9414a005b954b_high_precision_900015015,AI_VECTOR_CORE,11,1,10.080,1790773410504655.850	,1790773410504665.930	
0,BroadcastTo_7e5992d3033ef32a3463c5d198e518a1_high_performance_221000002,AI_VECTOR_CORE,11,2,6.460,1790773410504665.970	,1790773410504672.430	
0,N/A,NOTIFY_WAIT,47,3588,3038.260,1790773410504671.170	,1790773410507709.431	
0,HcPre_6c9f0fa710253eff38b1c0e6be6a67be_0,MIX_AIC,11,3,29.260,1790773410504673.631	,1790773410504702.891	
0,RmsNorm_normal_all_bf16_high_performance_0,AI_VECTOR_CORE,11,4,4.440,1790773410504704.131	,1790773410504708.571	
0,MatMulV2_ND_ND_FP16_FP16_false_true_all_98499,AI_CORE,11,5,155.563,1790773410504708.591	,1790773410504864.154	
0,MatMulV2_ND_ND_FP16_FP16_false_true_all_98325,AI_CORE,11,6,7.780,1790773410504864.194	,1790773410504871.974	
0,MatMulV2_ND_ND_FP16_FP16_false_true_all_98325,AI_CORE,11,7,5.600,1790773410504871.994	,1790773410504877.595	
0,ZerosLike_1c4543fdfe7149b6b0717bd88f061562_high_performance_210000000,AI_VECTOR_CORE,11,8,5.760,1790773410504877.615	,1790773410504883.375	
0,_copy_conv_state_kernel,AI_VECTOR_CORE,11,9,8.280,1790773410504883.395	,1790773410504891.675	
0,CausalConv1d_b0123b7fae3057c534dbb03661977c42_1,MIX_AIC,11,10,12.960,1790773410504892.795	,1790773410504905.755	
0,N/A,MEMCPY_ASYNC,11,11,0.640,1790773410504906.815	,1790773410504907.455	
0,_copy_conv_state_kernel,AI_VECTOR_CORE,11,12,7.260,1790773410504907.495	,1790773410504914.755	
0,RecurrentKda_1ac9a791ca2957b2fe0a2e96909b5782_0,AI_VECTOR_CORE,11,13,30.620,1790773410504914.775	,1790773410504945.396	
0,_write_output,AI_VECTOR_CORE,11,14,2.800,1790773410504945.416	,1790773410504948.216	
0,layer_norm_gated_fwd_kernel,AI_VECTOR_CORE,11,15,3.180,1790773410504948.236	,1790773410504951.416	
0,MatMulV2_ND_ND_FP16_FP16_false_true_all_98499,AI_CORE,11,16,54.101,1790773410504951.436	,1790773410505005.537	
0,HcPost_d2fe6614722b27afa6f8d964c215447e_0,AI_VECTOR_CORE,11,17,7.280,1790773410505005.557	,1790773410505012.837	
0,HcPre_6c9f0fa710253eff38b1c0e6be6a67be_0,MIX_AIC,11,18,33.760,1790773410505013.997	,1790773410505047.758	
0,RmsNorm_normal_all_bf16_high_performance_0,AI_VECTOR_CORE,11,19,4.240,1790773410505048.818	,1790773410505053.058	
0,MatMulV2_ND_ND_FP16_FP16_false_true_all_98499,AI_CORE,11,20,158.663,1790773410505053.078	,1790773410505211.741	
0,ClipByValueV2_e87c9546cf2804355cf0d9445a2db01a_high_performance_220000000,AI_VECTOR_CORE,11,21,5.280,1790773410505211.761	,1790773410505217.041	
0,ClipByValueV2_e87c9546cf2804355cf0d9445a2db01a_high_performance_220000000,AI_VECTOR_CORE,11,22,4.460,1790773410505217.061	,1790773410505221.521	
0,Muls_299cf4d7f9ef0f745d89d88c666b45aa_high_performance_210000000,AI_VECTOR_CORE,11,23,2.940,1790773410505221.541	,1790773410505224.482	
0,Sigmoid_1c4543fdfe7149b6b0717bd88f061562_high_precision_210000000,AI_VECTOR_CORE,11,24,3.800,1790773410505224.502	,1790773410505228.302	
0,Mul_ce3d1ff8ba23a0bcb292da3577c1625d_high_performance_210020000,AI_VECTOR_CORE,11,25,3.260,1790773410505228.322	,1790773410505231.582	
0,Add_ce3d1ff8ba23a0bcb292da3577c1625d_high_performance_223000000,AI_VECTOR_CORE,11,26,3.080,1790773410505231.602	,1790773410505234.682	
0,Mul_ce3d1ff8ba23a0bcb292da3577c1625d_high_performance_210020000,AI_VECTOR_CORE,11,27,3.700,1790773410505234.722	,1790773410505238.422	
0,MatMulV2_ND_ND_FP16_FP16_false_true_all_98513,AI_CORE,11,28,105.822,1790773410505238.442	,1790773410505344.264	
0,HcPost_d2fe6614722b27afa6f8d964c215447e_0,AI_VECTOR_CORE,11,29,7.340,1790773410505344.284	,1790773410505351.624	
0,HcPre_6c9f0fa710253eff38b1c0e6be6a67be_0,MIX_AIC,11,30,29.660,1790773410505353.004	,1790773410505382.665	
0,RmsNorm_normal_all_bf16_high_performance_0,AI_VECTOR_CORE,11,31,4.500,1790773410505383.505	,1790773410505388.005	
0,MatMulV2_ND_ND_FP16_FP16_false_true_all_98499,AI_CORE,11,32,158.523,1790773410505388.025	,1790773410505546.548	
0,MatMulV2_ND_ND_FP16_FP16_false_true_all_98325,AI_CORE,11,33,6.500,1790773410505546.568	,1790773410505553.068	
0,MatMulV2_ND_ND_FP16_FP16_false_true_all_98325,AI_CORE,11,34,5.440,1790773410505553.108	,1790773410505558.548	
0,ZerosLike_1c4543fdfe7149b6b0717bd88f061562_high_performance_210000000,AI_VECTOR_CORE,11,35,5.000,1790773410505558.568	,1790773410505563.568	
0,_copy_conv_state_kernel,AI_VECTOR_CORE,11,36,8.220,1790773410505563.588	,1790773410505571.808	
0,CausalConv1d_b0123b7fae3057c534dbb03661977c42_1,MIX_AIC,11,37,13.060,1790773410505573.248	,1790773410505586.309	
0,N/A,MEMCPY_ASYNC,11,38,0.660,1790773410505587.229	,1790773410505587.889	
0,_copy_conv_state_kernel,AI_VECTOR_CORE,11,39,7.360,1790773410505587.909	,1790773410505595.269	
0,RecurrentKda_1ac9a791ca2957b2fe0a2e96909b5782_0,AI_VECTOR_CORE,11,40,33.460,1790773410505595.289	,1790773410505628.750	
0,_write_output,AI_VECTOR_CORE,11,41,2.900,1790773410505628.770	,1790773410505631.670	
0,layer_norm_gated_fwd_kernel,AI_VECTOR_CORE,11,42,3.240,1790773410505631.710	,1790773410505634.950	
0,MatMulV2_ND_ND_FP16_FP16_false_true_all_98499,AI_CORE,11,43,65.961,1790773410505634.990	,1790773410505700.951	
0,HcPost_d2fe6614722b27afa6f8d964c215447e_0,AI_VECTOR_CORE,11,44,7.360,1790773410505700.971	,1790773410505708.331	
0,HcPre_6c9f0fa710253eff38b1c0e6be6a67be_0,MIX_AIC,11,45,31.980,1790773410505709.291	,1790773410505741.272	
0,RmsNorm_normal_all_bf16_high_performance_0,AI_VECTOR_CORE,11,46,4.480,1790773410505742.232	,1790773410505746.712	
0,MatMulV2_ND_ND_FP16_FP16_false_true_all_98499,AI_CORE,11,47,164.483,1790773410505746.732	,1790773410505911.215	
0,ClipByValueV2_e87c9546cf2804355cf0d9445a2db01a_high_performance_220000000,AI_VECTOR_CORE,11,48,5.380,1790773410505911.235	,1790773410505916.615	
0,ClipByValueV2_e87c9546cf2804355cf0d9445a2db01a_high_performance_220000000,AI_VECTOR_CORE,11,49,4.540,1790773410505916.635	,1790773410505921.175	
0,Muls_299cf4d7f9ef0f745d89d88c666b45aa_high_performance_210000000,AI_VECTOR_CORE,11,50,2.940,1790773410505921.195	,1790773410505924.136	
0,Sigmoid_1c4543fdfe7149b6b0717bd88f061562_high_precision_210000000,AI_VECTOR_CORE,11,51,3.880,1790773410505924.156	,1790773410505928.036	
0,Mul_ce3d1ff8ba23a0bcb292da3577c1625d_high_performance_210020000,AI_VECTOR_CORE,11,52,3.180,1790773410505928.056	,1790773410505931.236	
0,Add_ce3d1ff8ba23a0bcb292da3577c1625d_high_performance_223000000,AI_VECTOR_CORE,11,53,3.060,1790773410505931.256	,1790773410505934.316	
0,Mul_ce3d1ff8ba23a0bcb292da3577c1625d_high_performance_210020000,AI_VECTOR_CORE,11,54,3.620,1790773410505934.356	,1790773410505937.976	
0,MatMulV2_ND_ND_FP16_FP16_false_true_all_98513,AI_CORE,11,55,100.142,1790773410505937.996	,1790773410506038.138	
0,HcPost_d2fe6614722b27afa6f8d964c215447e_0,AI_VECTOR_CORE,11,56,7.760,1790773410506038.158	,1790773410506045.918	
0,HcPre_6c9f0fa710253eff38b1c0e6be6a67be_0,MIX_AIC,11,57,33.540,1790773410506047.118	,1790773410506080.659	
0,RmsNorm_normal_all_bf16_high_performance_0,AI_VECTOR_CORE,11,58,4.680,1790773410506081.879	,1790773410506086.559	
0,MatMulV2_ND_ND_FP16_FP16_false_true_all_98499,AI_CORE,11,59,149.363,1790773410506086.599	,1790773410506235.962	
0,MatMulV2_ND_ND_FP16_FP16_false_true_all_98325,AI_CORE,11,60,6.240,1790773410506235.982	,1790773410506242.222	
0,MatMulV2_ND_ND_FP16_FP16_false_true_all_98325,AI_CORE,11,61,5.600,1790773410506242.242	,1790773410506247.842	
0,ZerosLike_1c4543fdfe7149b6b0717bd88f061562_high_performance_210000000,AI_VECTOR_CORE,11,62,5.060,1790773410506247.862	,1790773410506252.922	
0,_copy_conv_state_kernel,AI_VECTOR_CORE,11,63,8.120,1790773410506252.962	,1790773410506261.082	
0,CausalConv1d_b0123b7fae3057c534dbb03661977c42_1,MIX_AIC,11,64,13.720,1790773410506262.282	,1790773410506276.003	
0,N/A,MEMCPY_ASYNC,11,65,0.680,1790773410506276.903	,1790773410506277.583	
0,_copy_conv_state_kernel,AI_VECTOR_CORE,11,66,7.280,1790773410506277.603	,1790773410506284.883	
0,RecurrentKda_1ac9a791ca2957b2fe0a2e96909b5782_0,AI_VECTOR_CORE,11,67,30.880,1790773410506284.903	,1790773410506315.783	
0,_write_output,AI_VECTOR_CORE,11,68,2.820,1790773410506315.803	,1790773410506318.623	
0,layer_norm_gated_fwd_kernel,AI_VECTOR_CORE,11,69,3.300,1790773410506318.643	,1790773410506321.943	
0,MatMulV2_ND_ND_FP16_FP16_false_true_all_98499,AI_CORE,11,70,59.681,1790773410506321.983	,1790773410506381.665	
0,HcPost_d2fe6614722b27afa6f8d964c215447e_0,AI_VECTOR_CORE,11,71,7.380,1790773410506381.685	,1790773410506389.065	
0,HcPre_6c9f0fa710253eff38b1c0e6be6a67be_0,MIX_AIC,11,72,28.440,1790773410506390.465	,1790773410506418.905	
0,RmsNorm_normal_all_bf16_high_performance_0,AI_VECTOR_CORE,11,73,4.320,1790773410506419.765	,1790773410506424.085	
0,MatMulV2_ND_ND_FP16_FP16_false_true_all_98499,AI_CORE,11,74,156.603,1790773410506424.105	,1790773410506580.709	
0,ClipByValueV2_e87c9546cf2804355cf0d9445a2db01a_high_performance_220000000,AI_VECTOR_CORE,11,75,5.560,1790773410506580.729	,1790773410506586.289	
0,ClipByValueV2_e87c9546cf2804355cf0d9445a2db01a_high_performance_220000000,AI_VECTOR_CORE,11,76,4.780,1790773410506586.329	,1790773410506591.109	
0,Muls_299cf4d7f9ef0f745d89d88c666b45aa_high_performance_210000000,AI_VECTOR_CORE,11,77,3.080,1790773410506591.129	,1790773410506594.209	
0,Sigmoid_1c4543fdfe7149b6b0717bd88f061562_high_precision_210000000,AI_VECTOR_CORE,11,78,3.860,1790773410506594.229	,1790773410506598.089	
0,Mul_ce3d1ff8ba23a0bcb292da3577c1625d_high_performance_210020000,AI_VECTOR_CORE,11,79,3.440,1790773410506598.109	,1790773410506601.549	
0,Add_ce3d1ff8ba23a0bcb292da3577c1625d_high_performance_223000000,AI_VECTOR_CORE,11,80,3.200,1790773410506601.569	,1790773410506604.769	
0,Mul_ce3d1ff8ba23a0bcb292da3577c1625d_high_performance_210020000,AI_VECTOR_CORE,11,81,3.700,1790773410506604.789	,1790773410506608.489	
0,MatMulV2_ND_ND_FP16_FP16_false_true_all_98513,AI_CORE,11,82,100.122,1790773410506608.529	,1790773410506708.651	
0,HcPost_d2fe6614722b27afa6f8d964c215447e_0,AI_VECTOR_CORE,11,83,7.340,1790773410506708.691	,1790773410506716.031	
0,HcPre_6c9f0fa710253eff38b1c0e6be6a67be_0,MIX_AIC,11,84,27.920,1790773410506717.331	,1790773410506745.252	
0,RmsNorm_normal_all_bf16_high_performance_0,AI_VECTOR_CORE,11,85,4.420,1790773410506745.972	,1790773410506750.392	
0,MatMulV2_ND_ND_FP16_FP16_false_true_all_98513,AI_CORE,11,86,19.160,1790773410506750.432	,1790773410506769.592	
0,N/A,EVENT_WAIT,39,21,2013.400,1790773410506768.172	,1790773410508781.573	
0,RmsNorm_normal_all_bf16_high_performance_2,AI_VECTOR_CORE,11,87,5.460,1790773410506769.612	,1790773410506775.073	
0,RmsNorm_normal_all_bf16_high_performance_2,AI_VECTOR_CORE,11,88,3.840,1790773410506775.093	,1790773410506778.933	
0,ScatterNdUpdate_bfloat16_int32_high_precision_11,MIX_AIV,11,89,5.340,1790773410506779.893	,1790773410506785.233	
0,MatMulV2_ND_ND_FP16_FP16_false_true_all_98499,AI_CORE,11,90,46.740,1790773410506785.973	,1790773410506832.714	
0,TransposeBatchMatMul_ND_ND_ND_ND_ND_BF16_BF16_BF16_INT64_BF16_high_performance_32,AI_CORE,11,91,24.400,1790773410506832.754	,1790773410506857.154	
0,Cast_b2717900ea7de2d41ea9c63d23aa269b_high_performance_210000000,AI_VECTOR_CORE,11,92,2.060,1790773410506857.174	,1790773410506859.234	
0,MatMulV2_ND_ND_FP32_FP32_false_true_all_65665,AI_CORE,11,93,9.260,1790773410506859.254	,1790773410506868.514	
0,LayerNormV3_23ae115d70bd435e4cb966a52be97b55_high_precision_1600400500,AI_VECTOR_CORE,11,94,6.000,1790773410506868.534	,1790773410506874.534	
0,MatMulV2_ND_ND_FP32_FP32_false_true_all_65665,AI_CORE,11,95,8.560,1790773410506874.554	,1790773410506883.115	
0,MatMulV2_ND_ND_FP16_FP16_false_true_all_98499,AI_CORE,11,96,16.020,1790773410506883.135	,1790773410506899.155	
0,Cast_9f288b80370c6545ffe8cef142d37f5c_high_performance_210000000,AI_VECTOR_CORE,11,97,1.780,1790773410506899.175	,1790773410506900.955	
0,Muls_299cf4d7f9ef0f745d89d88c666b45aa_high_performance_210000000,AI_VECTOR_CORE,11,98,1.240,1790773410506900.975	,1790773410506902.215	
0,_glm5_next_kpool_tail_compress_kernel,AI_VECTOR_CORE,11,99,6.320,1790773410506902.235	,1790773410506908.555	
0,_store_kpool_tail_kernel,AI_VECTOR_CORE,11,100,2.940,1790773410506908.575	,1790773410506911.515	
0,Cast_b2717900ea7de2d41ea9c63d23aa269b_high_performance_210000000,AI_VECTOR_CORE,11,101,1.760,1790773410506911.535	,1790773410506913.295	
0,Cast_b2717900ea7de2d41ea9c63d23aa269b_high_performance_210000000,AI_VECTOR_CORE,11,102,1.240,1790773410506913.315	,1790773410506914.555	
0,Mul_ee98c6628030785f610b924ab1557b31_high_performance_212000002,AI_VECTOR_CORE,11,103,8.280,1790773410506914.595	,1790773410506922.875	
0,ReduceSum_7a09f5b7af4126487a7f726a9aac7548_high_performance_82100900,MIX_AIV,11,104,8.300,1790773410506923.995	,1790773410506932.296	
0,_glm5_next_lightning_indexer_score_kernel,AI_VECTOR_CORE,11,105,7.900,1790773410506933.116	,1790773410506941.016	
0,TopKV2_5c671486fda0d949d7cba9a9754bc2dd_high_performance_2017612701781458944,MIX_AIV,11,106,6.280,1790773410506942.076	,1790773410506948.356	
0,Cast_e87590d11ccda8b259ab6b1ea7212319_high_performance_210000000,AI_VECTOR_CORE,11,107,1.700,1790773410506949.376	,1790773410506951.076	
0,Cast_39a266ce9a8d7d9ead33f6686e936b72_high_performance_210000000,AI_VECTOR_CORE,11,108,1.500,1790773410506951.096	,1790773410506952.596	
0,_expand_pool_indices,AI_VECTOR_CORE,11,109,9.260,1790773410506952.616	,1790773410506961.876	
0,SparseFlashAttention_2e25ad8fefac1f04c03bd78f2d2ab366_1158,MIX_AIC,11,110,27.280,1790773410506963.096	,1790773410506990.377	
0,TransposeBatchMatMul_ND_ND_ND_ND_ND_BF16_BF16_BF16_INT64_BF16_high_performance_32,AI_CORE,11,111,21.860,1790773410506991.157	,1790773410507013.017	
0,MatMulV2_ND_ND_FP16_FP16_false_true_all_98513,AI_CORE,11,112,136.282,1790773410507013.037	,1790773410507149.320	
0,N/A,EVENT_WAIT,45,203,1687.813,1790773410507093.699	,1790773410508781.513	
0,N/A,MEMCPY_ASYNC,11,113,0.560,1790773410507149.340	,1790773410507149.900	
0,HcPost_d2fe6614722b27afa6f8d964c215447e_0,AI_VECTOR_CORE,11,114,7.480,1790773410507149.920	,1790773410507157.400	
0,HcPre_6c9f0fa710253eff38b1c0e6be6a67be_0,MIX_AIC,11,115,29.400,1790773410507158.440	,1790773410507187.841	
0,RmsNorm_normal_all_bf16_high_performance_0,AI_VECTOR_CORE,11,116,4.600,1790773410507188.941	,1790773410507193.541	
0,N/A,EVENT_RECORD,11,117,0.020,1790773410507193.561	,1790773410507193.581	
0,Cast_b2717900ea7de2d41ea9c63d23aa269b_high_performance_210000000,AI_VECTOR_CORE,11,118,1.580,1790773410507193.621	,1790773410507195.201	
0,MatMulV2_ND_ND_FP32_FP32_false_true_all_65665,AI_CORE,11,119,5.980,1790773410507195.221	,1790773410507201.201	
0,N/A,EVENT_RECORD,11,120,0.020,1790773410507201.221	,1790773410507201.241	
0,MoeGatingTopK_81369a2fa0455f39b5d19d432d261f57_1,AI_VECTOR_CORE,11,121,4.140,1790773410507201.261	,1790773410507205.401	
0,N/A,EVENT_RECORD,11,122,0.020,1790773410507205.421	,1790773410507205.441	
0,MoeInitRoutingV3_4ca8d2d329b4477b44dd2ee885849b12_2100000,MIX_AIV,11,123,10.160,1790773410507206.861	,1790773410507217.021	
0,GroupedMatmul_0d2d43751f81d7f29646a862147967c9_68885275,MIX_AIC,11,124,232.944,1790773410507219.621	,1790773410507452.566	
0,Slice_ee29dafe4fe21e12bb8d56ae91626cba_high_performance_524000000,AI_VECTOR_CORE,11,125,2.600,1790773410507453.386	,1790773410507455.986	
0,ClipByValueV2_e87c9546cf2804355cf0d9445a2db01a_high_performance_220000000,AI_VECTOR_CORE,11,126,5.860,1790773410507456.006	,1790773410507461.866	
0,ViewCopy_7778b2d0a2938f9247cc0c9f84559eb2_high_performance__kernel0,AI_VECTOR_CORE,11,127,11.640,1790773410507461.886	,1790773410507473.526	
0,Slice_ee29dafe4fe21e12bb8d56ae91626cba_high_performance_524000000,AI_VECTOR_CORE,11,128,2.140,1790773410507473.546	,1790773410507475.687	
0,ClipByValueV2_e87c9546cf2804355cf0d9445a2db01a_high_performance_220000000,AI_VECTOR_CORE,11,129,4.760,1790773410507475.707	,1790773410507480.467	
0,ViewCopy_7778b2d0a2938f9247cc0c9f84559eb2_high_performance__kernel0,AI_VECTOR_CORE,11,130,10.220,1790773410507480.487	,1790773410507490.707	
0,SwiGlu_3_high_performance_27,AI_VECTOR_CORE,11,131,5.280,1790773410507490.727	,1790773410507496.007	
0,N/A,EVENT_RECORD,11,132,0.020,1790773410507496.027	,1790773410507496.047	
0,GroupedMatmul_0d2d43751f81d7f29646a862147967c9_68885275,MIX_AIC,11,133,98.561,1790773410507497.427	,1790773410507595.989	
0,N/A,EVENT_RECORD,11,134,0.020,1790773410507596.949	,1790773410507596.969	
0,Cast_9f288b80370c6545ffe8cef142d37f5c_high_performance_210000000,AI_VECTOR_CORE,11,135,1.160,1790773410507596.989	,1790773410507598.149	
0,Abs_8098b79498645e9c0da095babdeaf862_high_performance_210000000,AI_VECTOR_CORE,11,136,1.500,1790773410507598.189	,1790773410507599.689	
0,MoeTokenUnpermute_6dd49246dc9576d3314234df69cb5c22_1,AI_VECTOR_CORE,11,137,4.060,1790773410507599.709	,1790773410507603.769	
0,MatMulV2_ND_ND_FP16_FP16_false_true_all_98499,AI_CORE,11,138,29.320,1790773410507603.789	,1790773410507633.110	
0,ClipByValueV2_e87c9546cf2804355cf0d9445a2db01a_high_performance_220000000,AI_VECTOR_CORE,11,139,1.660,1790773410507633.130	,1790773410507634.790	
0,ClipByValueV2_e87c9546cf2804355cf0d9445a2db01a_high_performance_220000000,AI_VECTOR_CORE,11,140,1.640,1790773410507634.810	,1790773410507636.450	
0,Muls_299cf4d7f9ef0f745d89d88c666b45aa_high_performance_210000000,AI_VECTOR_CORE,11,141,1.340,1790773410507636.490	,1790773410507637.830	
0,Sigmoid_1c4543fdfe7149b6b0717bd88f061562_high_precision_210000000,AI_VECTOR_CORE,11,142,1.620,1790773410507637.850	,1790773410507639.470	
0,Mul_ce3d1ff8ba23a0bcb292da3577c1625d_high_performance_210020000,AI_VECTOR_CORE,11,143,1.960,1790773410507639.510	,1790773410507641.470	
0,Add_ce3d1ff8ba23a0bcb292da3577c1625d_high_performance_223000000,AI_VECTOR_CORE,11,144,1.460,1790773410507641.510	,1790773410507642.970	
0,Mul_ce3d1ff8ba23a0bcb292da3577c1625d_high_performance_210020000,AI_VECTOR_CORE,11,145,1.400,1790773410507642.990	,1790773410507644.390	
0,MatMulV2_ND_ND_FP16_FP16_false_true_all_98499,AI_CORE,11,146,17.920,1790773410507644.410	,1790773410507662.330	
0,ForeachAddList_c73cb8f503197be65eaf63148ad48de4_high_performance_4,AI_VECTOR_CORE,11,147,16.060,1790773410507662.370	,1790773410507678.431	
0,HcPost_d2fe6614722b27afa6f8d964c215447e_0,AI_VECTOR_CORE,11,148,6.000,1790773410507678.451	,1790773410507684.451	
0,ReduceMean_9a2479d4dc5148645cb3f4b9e765c637_high_precision_92100900,MIX_AIV,11,149,18.620,1790773410507685.671	,1790773410507704.291	
0,RmsNorm_normal_all_bf16_high_performance_0,AI_VECTOR_CORE,11,150,3.180,1790773410507705.171	,1790773410507708.351	
0,N/A,EVENT_RESET,11,151,0.080,1790773410507708.391	,1790773410507708.471	
0,N/A,EVENT_RESET,11,152,0.100,1790773410507708.491	,1790773410507708.591	
0,N/A,EVENT_RESET,11,153,0.100,1790773410507708.611	,1790773410507708.711	
0,N/A,EVENT_RESET,11,154,0.100,1790773410507708.731	,1790773410507708.831	
0,N/A,EVENT_RESET,11,155,0.100,1790773410507708.851	,1790773410507708.951	
0,N/A,NOTIFY_RECORD,11,156,0.000,1790773410507708.971	,1790773410507708.971	
0,IndexCheck_int32_high_performance_1,AI_VECTOR_CORE,47,3589,3.520,1790773410507709.531	,1790773410507713.051	
0,Index_b1b18d29d34a3b544b5bb6b3f56177c3_high_performance__kernel0,AI_VECTOR_CORE,47,3590,8.180,1790773410507713.091	,1790773410507721.271	
0,MatMulV2_ND_ND_FP16_FP16_false_true_all_98499,AI_CORE,47,3591,895.197,1790773410507721.291	,1790773410508616.489	
0,Cast_b2717900ea7de2d41ea9c63d23aa269b_high_performance_210000000,AI_VECTOR_CORE,47,3592,7.360,1790773410508616.509	,1790773410508623.869	
0,LogSoftmaxV2_291664ae3e88b38b8b46c2efbbea27c9_high_precision_400001,AI_VECTOR_CORE,47,3593,43.580,1790773410508623.909	,1790773410508667.490	
0,Cast_b2717900ea7de2d41ea9c63d23aa269b_high_performance_210000000,AI_VECTOR_CORE,47,3594,2.680,1790773410508667.510	,1790773410508670.190	
0,ArgMaxV2_4402011f777d6374ab9f6425cb5984c4_high_performance_3,AI_VECTOR_CORE,47,3595,19.160,1790773410508670.230	,1790773410508689.391	
0,Cast_e87590d11ccda8b259ab6b1ea7212319_high_performance_210000000,AI_VECTOR_CORE,47,3596,1.460,1790773410508689.431	,1790773410508690.891	
0,TopKV2_5c671486fda0d949d7cba9a9754bc2dd_high_performance_2017612907941986305,MIX_AIV,47,3597,18.460,1790773410508691.811	,1790773410508710.271	
0,TopKV2_5c671486fda0d949d7cba9a9754bc2dd_high_performance_2017612701781458944,MIX_AIV,47,3598,3.480,1790773410508713.131	,1790773410508716.611	
0,GatherElements_8b4ec10fbb39c5c0a65192c606400b29_high_performance__kernel0,AI_VECTOR_CORE,47,3599,9.320,1790773410508717.371	,1790773410508726.691	
0,Cast_e87590d11ccda8b259ab6b1ea7212319_high_performance_210000000,AI_VECTOR_CORE,47,3600,1.060,1790773410508726.731	,1790773410508727.792	
0,Cast_39a266ce9a8d7d9ead33f6686e936b72_high_performance_210000000,AI_VECTOR_CORE,47,3601,1.840,1790773410508727.832	,1790773410508729.672	
0,GatherElementsV2_fp32_high_performance_2,AI_VECTOR_CORE,47,3602,3.940,1790773410508729.712	,1790773410508733.652	
0,GreaterEqual_3efaad932f458d7892fdb0715ec85b2b_high_performance_223000000,AI_VECTOR_CORE,47,3603,8.760,1790773410508733.672	,1790773410508742.432	
0,Cast_df2b778f1b80e749bd4242386ec57ab9_high_performance_210000000,AI_VECTOR_CORE,47,3604,6.700,1790773410508742.452	,1790773410508749.152	
0,ReduceSum_7a09f5b7af4126487a7f726a9aac7548_high_performance_110001000400,MIX_AIV,47,3605,20.960,1790773410508750.132	,1790773410508771.092	
0,Cast_c6738f795430c3c6f09cdc8d52a1b43d_high_performance_210000000,AI_VECTOR_CORE,47,3606,1.360,1790773410508772.072	,1790773410508773.432	
0,ConcatD_0d745295987e1c668b2ec8b2844aeada_high_performance_3000001,AI_VECTOR_CORE,47,3607,2.800,1790773410508773.452	,1790773410508776.252	
0,ConcatD_233851a3505389e43928a8bba133a74d_high_performance_3000001,AI_VECTOR_CORE,47,3608,2.040,1790773410508776.292	,1790773410508778.333	
0,Cast_39a266ce9a8d7d9ead33f6686e936b72_high_performance_210000000,AI_VECTOR_CORE,47,3609,1.280,1790773410508778.353	,1790773410508779.633	
0,Cast_39a266ce9a8d7d9ead33f6686e936b72_high_performance_210000000,AI_VECTOR_CORE,47,3610,1.340,1790773410508779.653	,1790773410508780.993	
0,N/A,EVENT_RECORD,47,3611,0.020,1790773410508781.013	,1790773410508781.033	
0,N/A,EVENT_RECORD,47,3612,0.020,1790773410508781.053	,1790773410508781.073	
0,N/A,MEMCPY_ASYNC,45,204,1.900,1790773410508781.533	,1790773410508783.433	
0,N/A,MEMCPY_ASYNC,45,205,1.920,1790773410508783.593	,1790773410508785.513	
0,N/A,MEMCPY_ASYNC,45,206,1.900,1790773410508785.673	,1790773410508787.573	
0,N/A,MEMCPY_ASYNC,45,207,1.920,1790773410508787.733	,1790773410508789.653	
0,N/A,EVENT_RECORD,45,208,0.020,1790773410508789.813	,1790773410508789.833	
0,N/A,EVENT_RECORD,45,209,0.020,1790773410508789.853	,1790773410508789.873	
0,N/A,EVENT_RECORD,45,210,0.000,1790773410508789.893	,1790773410508789.893	
0,N/A,EVENT_RECORD,45,211,0.020,1790773410508789.913	,1790773410508789.933	
0,N/A,EVENT_RECORD,45,212,0.000,1790773410508965.696	,1790773410508965.696	
0,N/A,MEMCPY_ASYNC,47,3613,2.260,1790773410508989.797	,1790773410508992.057	
0,N/A,MEMCPY_ASYNC,47,3614,2.220,1790773410509251.002	,1790773410509253.222	
0,N/A,MEMCPY_ASYNC,47,3615,2.220,1790773410509278.383	,1790773410509280.603	
0,N/A,MEMCPY_ASYNC,47,3616,2.200,1790773410509358.804	,1790773410509361.004	
0,N/A,MEMCPY_ASYNC,47,3617,2.260,1790773410509419.685	,1790773410509421.945	
0,N/A,MEMCPY_ASYNC,47,3618,2.260,1790773410509671.690	,1790773410509673.950	
0,N/A,MEMCPY_ASYNC,47,3619,2.280,1790773410509856.734	,1790773410509859.014	
0,N/A,MEMCPY_ASYNC,47,3620,2.240,1790773410509915.875	,1790773410509918.115	
0,Fill_1fbc7ee619b707282bbfd034093621df_high_performance_223000000,AI_VECTOR_CORE,47,3621,1.480,1790773410510106.039	,1790773410510107.519	
0,N/A,MEMCPY_ASYNC,47,3622,0.720,1790773410510313.663	,1790773410510314.383	
0,N/A,MEMCPY_ASYNC,47,3623,2.260,1790773410510496.047	,1790773410510498.307	
0,Fill_1fbc7ee619b707282bbfd034093621df_high_performance_223000000,AI_VECTOR_CORE,47,3624,1.520,1790773410510550.768	,1790773410510552.288	
0,N/A,MEMCPY_ASYNC,47,3625,2.240,1790773410510597.949	,1790773410510600.189	
0,N/A,MEMCPY_ASYNC,47,3626,2.240,1790773410510690.411	,1790773410510692.651	
0,N/A,MEMCPY_ASYNC,47,3627,2.260,1790773410510778.672	,1790773410510780.933	
0,N/A,MEMCPY_ASYNC,47,3628,2.260,1790773410510855.474	,1790773410510857.734	
0,IndexCheck_int64_high_performance_0,AI_VECTOR_CORE,47,3629,2.980,1790773410510971.176	,1790773410510974.156	
0,Index_f34e8f0e5e2c96109aa0460550023804_high_performance__kernel0,AI_VECTOR_CORE,47,3630,12.480,1790773410510974.176	,1790773410510986.657	
0,Cast_e87590d11ccda8b259ab6b1ea7212319_high_performance_210000000,AI_VECTOR_CORE,47,3631,1.220,1790773410511047.318	,1790773410511048.538	
0,Add_41dadce325b0f810d03359af2a38990b_high_performance_210000000,AI_VECTOR_CORE,47,3632,2.660,1790773410511112.539	,1790773410511115.199	
0,N/A,MEMCPY_ASYNC,47,3633,0.560,1790773410511207.441	,1790773410511208.001	
0,Add_9342884c99c006e21fc9d5d9260b8bef_high_performance_210000000,AI_VECTOR_CORE,47,3634,1.520,1790773410511278.082	,1790773410511279.603	
0,N/A,MEMCPY_ASYNC,47,3635,0.620,1790773410511357.024	,1790773410511357.644	
0,Fill_1fbc7ee619b707282bbfd034093621df_high_performance_223000000,AI_VECTOR_CORE,47,3636,1.380,1790773410511411.685	,1790773410511413.065	
0,_compute_slot_mapping_fused_groups_kernel,AI_VECTOR_CORE,47,3637,21.900,1790773410511761.452	,1790773410511783.353	
0,Sub_9342884c99c006e21fc9d5d9260b8bef_high_performance_210000000,AI_VECTOR_CORE,47,3638,1.540,1790773410511930.035	,1790773410511931.576	
0,N/A,MEMCPY_ASYNC,47,3639,2.540,1790773410512321.503	,1790773410512324.043	
0,Cast_e87590d11ccda8b259ab6b1ea7212319_high_performance_210000000,AI_VECTOR_CORE,47,3640,1.320,1790773410513023.277	,1790773410513024.597	
0,FloorDiv_41dadce325b0f810d03359af2a38990b_high_performance_223000000,AI_VECTOR_CORE,47,3641,3.360,1790773410513024.617	,1790773410513027.977	
0,Cast_39a266ce9a8d7d9ead33f6686e936b72_high_performance_210000000,AI_VECTOR_CORE,47,3642,1.460,1790773410513030.757	,1790773410513032.218	
0,N/A,MEMCPY_ASYNC,47,3643,0.740,1790773410513161.700	,1790773410513162.440	
0,Cast_e87590d11ccda8b259ab6b1ea7212319_high_performance_210000000,AI_VECTOR_CORE,47,3644,1.180,1790773410513225.781	,1790773410513226.961	
0,GreaterEqual_1ea4da630f56dc1c2d6e7c9a9dd17b11_high_performance_210000000,AI_VECTOR_CORE,47,3645,3.080,1790773410513236.922	,1790773410513240.002	
0,Add_41dadce325b0f810d03359af2a38990b_high_performance_210000000,AI_VECTOR_CORE,47,3646,2.200,1790773410513327.483	,1790773410513329.683	
0,BroadcastTo_41dadce325b0f810d03359af2a38990b_high_performance_210000000,AI_VECTOR_CORE,47,3647,1.520,1790773410513373.784	,1790773410513375.304	
0,FloorMod_41dadce325b0f810d03359af2a38990b_high_precision_210000000,AI_VECTOR_CORE,47,3648,1.960,1790773410513388.485	,1790773410513390.445	
0,Equal_1ea4da630f56dc1c2d6e7c9a9dd17b11_high_performance_210000000,AI_VECTOR_CORE,47,3649,2.340,1790773410513422.465	,1790773410513424.805	
0,LogicalAnd_91d2a3cdd75d915a368582ec5f440af1_high_performance_210000000,AI_VECTOR_CORE,47,3650,1.540,1790773410513476.246	,1790773410513477.786	
0,ClipByValueV2_3bc53d14ff7dfecd0ed0c69136ab471a_high_performance_210000000,AI_VECTOR_CORE,47,3651,1.820,1790773410513518.967	,1790773410513520.787	
0,Cast_e87590d11ccda8b259ab6b1ea7212319_high_performance_210000000,AI_VECTOR_CORE,47,3652,1.320,1790773410513594.529	,1790773410513595.849	
0,FloorDiv_41dadce325b0f810d03359af2a38990b_high_performance_210000000,AI_VECTOR_CORE,47,3653,2.360,1790773410513596.669	,1790773410513599.029	
0,Cast_39a266ce9a8d7d9ead33f6686e936b72_high_performance_210000000,AI_VECTOR_CORE,47,3654,1.380,1790773410513599.049	,1790773410513600.429	
0,BroadcastTo_c71434db8135ff9089d65053721e3417_high_performance_210000000,AI_VECTOR_CORE,47,3655,1.420,1790773410513651.810	,1790773410513653.230	
0,FloorMod_9342884c99c006e21fc9d5d9260b8bef_high_precision_210000000,AI_VECTOR_CORE,47,3656,2.980,1790773410513657.350	,1790773410513660.330	
0,Mul_9342884c99c006e21fc9d5d9260b8bef_high_performance_210000000,AI_VECTOR_CORE,47,3657,1.540,1790773410513715.471	,1790773410513717.011	
0,Cast_e87590d11ccda8b259ab6b1ea7212319_high_performance_210000000,AI_VECTOR_CORE,47,3658,1.180,1790773410513778.552	,1790773410513779.732	
0,FloorDiv_41dadce325b0f810d03359af2a38990b_high_performance_210000000,AI_VECTOR_CORE,47,3659,1.740,1790773410513780.612	,1790773410513782.353	
0,Cast_39a266ce9a8d7d9ead33f6686e936b72_high_performance_210000000,AI_VECTOR_CORE,47,3660,1.380,1790773410513782.373	,1790773410513783.753	
0,Add_9342884c99c006e21fc9d5d9260b8bef_high_performance_210000000,AI_VECTOR_CORE,47,3661,1.260,1790773410513801.013	,1790773410513802.273	
0,Fill_1fbc7ee619b707282bbfd034093621df_high_performance_210000000,AI_VECTOR_CORE,47,3662,1.520,1790773410513868.674	,1790773410513870.194	
0,SelectV2_9bb0969ab50036eba4428cd9974a5c0b_high_performance_210000000,AI_VECTOR_CORE,47,3663,1.980,1790773410513910.835	,1790773410513912.815	
0,Cast_e87590d11ccda8b259ab6b1ea7212319_high_performance_210000000,AI_VECTOR_CORE,47,3664,1.180,1790773410513953.096	,1790773410513954.276	
0,Cast_e87590d11ccda8b259ab6b1ea7212319_high_performance_210000000,AI_VECTOR_CORE,47,3665,1.240,1790773410514049.358	,1790773410514050.598	
0,FloorDiv_41dadce325b0f810d03359af2a38990b_high_performance_210000000,AI_VECTOR_CORE,47,3666,1.760,1790773410514051.538	,1790773410514053.298	
0,Cast_39a266ce9a8d7d9ead33f6686e936b72_high_performance_210000000,AI_VECTOR_CORE,47,3667,1.000,1790773410514053.338	,1790773410514054.338	
0,N/A,MEMCPY_ASYNC,47,3668,0.600,1790773410514174.680	,1790773410514175.280	
0,N/A,MEMCPY_ASYNC,47,3669,0.600,1790773410514277.222	,1790773410514277.822	
0,N/A,MEMCPY_ASYNC,47,3670,0.620,1790773410515257.942	,1790773410515258.562	
0,N/A,MEMCPY_ASYNC,47,3671,0.620,1790773410515410.425	,1790773410515411.045	
0,N/A,MEMCPY_ASYNC,47,3672,0.660,1790773410515552.488	,1790773410515553.148	
0,Sub_9342884c99c006e21fc9d5d9260b8bef_high_performance_210000000,AI_VECTOR_CORE,47,3673,1.320,1790773410515627.629	,1790773410515628.949	
0,N/A,MEMCPY_ASYNC,47,3674,0.580,1790773410516266.422	,1790773410516267.002	
0,N/A,MEMCPY_ASYNC,47,3675,0.580,1790773410516504.287	,1790773410516504.867	
0,N/A,MEMCPY_ASYNC,47,3676,0.660,1790773410516628.689	,1790773410516629.349	
0,Sub_9342884c99c006e21fc9d5d9260b8bef_high_performance_210000000,AI_VECTOR_CORE,47,3677,1.240,1790773410516711.611	,1790773410516712.851	
0,N/A,MEMCPY_ASYNC,47,3678,0.800,1790773410517418.965	,1790773410517419.765	
0,N/A,MEMCPY_ASYNC,47,3679,0.620,1790773410517611.849	,1790773410517612.469	
0,N/A,MEMCPY_ASYNC,47,3680,0.580,1790773410517766.752	,1790773410517767.332	
0,Sub_9342884c99c006e21fc9d5d9260b8bef_high_performance_210000000,AI_VECTOR_CORE,47,3681,1.320,1790773410517843.474	,1790773410517844.794	
0,N/A,EVENT_RECORD,47,3682,0.020,1790773410518071.158	,1790773410518071.178	
0,Fill_279daeaf6b659300647aba3935d90048_high_performance_210000000,AI_VECTOR_CORE,47,3683,1.320,1790773410518458.206	,1790773410518459.526	
0,N/A,MEMCPY_ASYNC,47,3684,0.580,1790773410518547.928	,1790773410518548.508	
0,Fill_279daeaf6b659300647aba3935d90048_high_performance_210000000,AI_VECTOR_CORE,47,3685,1.320,1790773410518598.029	,1790773410518599.349	
0,N/A,MODEL_EXECUTE,47,3686,3.200,1790773410518856.014	,1790773410518859.214	
0,Cast_e87590d11ccda8b259ab6b1ea7212319_high_performance_210000000,AI_VECTOR_CORE,11,0,1.300,1790773410518859.114	,1790773410518860.414	
0,GatherV2_7869a97190b9b4d296d9414a005b954b_high_precision_900015015,AI_VECTOR_CORE,11,1,10.100,1790773410518860.454	,1790773410518870.554	
0,BroadcastTo_7e5992d3033ef32a3463c5d198e518a1_high_performance_221000002,AI_VECTOR_CORE,11,2,6.160,1790773410518870.594	,1790773410518876.754	
0,N/A,NOTIFY_WAIT,47,3687,3014.020,1790773410518877.394	,1790773410521891.415	
0,HcPre_6c9f0fa710253eff38b1c0e6be6a67be_0,MIX_AIC,11,3,30.140,1790773410518877.974	,1790773410518908.115	
0,RmsNorm_normal_all_bf16_high_performance_0,AI_VECTOR_CORE,11,4,4.420,1790773410518909.075	,1790773410518913.495	
0,MatMulV2_ND_ND_FP16_FP16_false_true_all_98499,AI_CORE,11,5,159.323,1790773410518913.515	,1790773410519072.838	
0,MatMulV2_ND_ND_FP16_FP16_false_true_all_98325,AI_CORE,11,6,8.440,1790773410519072.878	,1790773410519081.318	
0,MatMulV2_ND_ND_FP16_FP16_false_true_all_98325,AI_CORE,11,7,5.760,1790773410519081.338	,1790773410519087.098	
0,ZerosLike_1c4543fdfe7149b6b0717bd88f061562_high_performance_210000000,AI_VECTOR_CORE,11,8,5.780,1790773410519087.118	,1790773410519092.899	
0,_copy_conv_state_kernel,AI_VECTOR_CORE,11,9,8.300,1790773410519092.919	,1790773410519101.219	
0,CausalConv1d_b0123b7fae3057c534dbb03661977c42_1,MIX_AIC,11,10,13.120,1790773410519102.399	,1790773410519115.519	
0,N/A,MEMCPY_ASYNC,11,11,0.660,1790773410519116.399	,1790773410519117.059	
0,_copy_conv_state_kernel,AI_VECTOR_CORE,11,12,7.300,1790773410519117.099	,1790773410519124.399	
0,RecurrentKda_1ac9a791ca2957b2fe0a2e96909b5782_0,AI_VECTOR_CORE,11,13,30.640,1790773410519124.419	,1790773410519155.060	
0,_write_output,AI_VECTOR_CORE,11,14,2.900,1790773410519155.100	,1790773410519158.000	
0,layer_norm_gated_fwd_kernel,AI_VECTOR_CORE,11,15,3.440,1790773410519158.020	,1790773410519161.460	
0,MatMulV2_ND_ND_FP16_FP16_false_true_all_98499,AI_CORE,11,16,54.321,1790773410519161.480	,1790773410519215.801	
0,HcPost_d2fe6614722b27afa6f8d964c215447e_0,AI_VECTOR_CORE,11,17,7.140,1790773410519215.821	,1790773410519222.961	
0,HcPre_6c9f0fa710253eff38b1c0e6be6a67be_0,MIX_AIC,11,18,33.520,1790773410519224.201	,1790773410519257.722	
0,RmsNorm_normal_all_bf16_high_performance_0,AI_VECTOR_CORE,11,19,4.460,1790773410519258.962	,1790773410519263.422	
0,MatMulV2_ND_ND_FP16_FP16_false_true_all_98499,AI_CORE,11,20,159.443,1790773410519263.442	,1790773410519422.885	
0,ClipByValueV2_e87c9546cf2804355cf0d9445a2db01a_high_performance_220000000,AI_VECTOR_CORE,11,21,5.340,1790773410519422.905	,1790773410519428.245	
0,ClipByValueV2_e87c9546cf2804355cf0d9445a2db01a_high_performance_220000000,AI_VECTOR_CORE,11,22,4.440,1790773410519428.265	,1790773410519432.705	
0,Muls_299cf4d7f9ef0f745d89d88c666b45aa_high_performance_210000000,AI_VECTOR_CORE,11,23,3.000,1790773410519432.745	,1790773410519435.745	
0,Sigmoid_1c4543fdfe7149b6b0717bd88f061562_high_precision_210000000,AI_VECTOR_CORE,11,24,3.740,1790773410519435.785	,1790773410519439.526	
0,Mul_ce3d1ff8ba23a0bcb292da3577c1625d_high_performance_210020000,AI_VECTOR_CORE,11,25,3.200,1790773410519439.546	,1790773410519442.746	
0,Add_ce3d1ff8ba23a0bcb292da3577c1625d_high_performance_223000000,AI_VECTOR_CORE,11,26,3.100,1790773410519442.766	,1790773410519445.866	
0,Mul_ce3d1ff8ba23a0bcb292da3577c1625d_high_performance_210020000,AI_VECTOR_CORE,11,27,3.720,1790773410519445.886	,1790773410519449.606	
0,MatMulV2_ND_ND_FP16_FP16_false_true_all_98513,AI_CORE,11,28,104.682,1790773410519449.626	,1790773410519554.308	
0,HcPost_d2fe6614722b27afa6f8d964c215447e_0,AI_VECTOR_CORE,11,29,7.200,1790773410519554.328	,1790773410519561.528	
0,HcPre_6c9f0fa710253eff38b1c0e6be6a67be_0,MIX_AIC,11,30,30.660,1790773410519562.688	,1790773410519593.349	
0,RmsNorm_normal_all_bf16_high_performance_0,AI_VECTOR_CORE,11,31,4.600,1790773410519594.389	,1790773410519598.989	
0,MatMulV2_ND_ND_FP16_FP16_false_true_all_98499,AI_CORE,11,32,158.343,1790773410519599.029	,1790773410519757.372	
0,MatMulV2_ND_ND_FP16_FP16_false_true_all_98325,AI_CORE,11,33,6.040,1790773410519757.392	,1790773410519763.432	
0,MatMulV2_ND_ND_FP16_FP16_false_true_all_98325,AI_CORE,11,34,5.360,1790773410519763.472	,1790773410519768.832	
0,ZerosLike_1c4543fdfe7149b6b0717bd88f061562_high_performance_210000000,AI_VECTOR_CORE,11,35,5.020,1790773410519768.852	,1790773410519773.872	
0,_copy_conv_state_kernel,AI_VECTOR_CORE,11,36,8.200,1790773410519773.892	,1790773410519782.092	
0,CausalConv1d_b0123b7fae3057c534dbb03661977c42_1,MIX_AIC,11,37,13.500,1790773410519783.452	,1790773410519796.953	
0,N/A,MEMCPY_ASYNC,11,38,0.660,1790773410519798.073	,1790773410519798.733	
0,_copy_conv_state_kernel,AI_VECTOR_CORE,11,39,7.260,1790773410519798.753	,1790773410519806.013	
0,RecurrentKda_1ac9a791ca2957b2fe0a2e96909b5782_0,AI_VECTOR_CORE,11,40,31.040,1790773410519806.033	,1790773410519837.073	
0,_write_output,AI_VECTOR_CORE,11,41,2.680,1790773410519837.093	,1790773410519839.774	
0,layer_norm_gated_fwd_kernel,AI_VECTOR_CORE,11,42,3.180,1790773410519839.814	,1790773410519842.994	
0,MatMulV2_ND_ND_FP16_FP16_false_true_all_98499,AI_CORE,11,43,66.301,1790773410519843.014	,1790773410519909.315	
0,HcPost_d2fe6614722b27afa6f8d964c215447e_0,AI_VECTOR_CORE,11,44,7.260,1790773410519909.335	,1790773410519916.595	
0,HcPre_6c9f0fa710253eff38b1c0e6be6a67be_0,MIX_AIC,11,45,31.800,1790773410519917.675	,1790773410519949.476	
0,RmsNorm_normal_all_bf16_high_performance_0,AI_VECTOR_CORE,11,46,4.600,1790773410519950.576	,1790773410519955.176	
0,MatMulV2_ND_ND_FP16_FP16_false_true_all_98499,AI_CORE,11,47,164.663,1790773410519955.196	,1790773410520119.859	
0,ClipByValueV2_e87c9546cf2804355cf0d9445a2db01a_high_performance_220000000,AI_VECTOR_CORE,11,48,5.400,1790773410520119.879	,1790773410520125.279	
0,ClipByValueV2_e87c9546cf2804355cf0d9445a2db01a_high_performance_220000000,AI_VECTOR_CORE,11,49,4.680,1790773410520125.299	,1790773410520129.979	
0,Muls_299cf4d7f9ef0f745d89d88c666b45aa_high_performance_210000000,AI_VECTOR_CORE,11,50,2.900,1790773410520129.999	,1790773410520132.899	
0,Sigmoid_1c4543fdfe7149b6b0717bd88f061562_high_precision_210000000,AI_VECTOR_CORE,11,51,3.860,1790773410520132.919	,1790773410520136.779	
0,Mul_ce3d1ff8ba23a0bcb292da3577c1625d_high_performance_210020000,AI_VECTOR_CORE,11,52,3.320,1790773410520136.799	,1790773410520140.120	
0,Add_ce3d1ff8ba23a0bcb292da3577c1625d_high_performance_223000000,AI_VECTOR_CORE,11,53,3.120,1790773410520140.140	,1790773410520143.260	
0,Mul_ce3d1ff8ba23a0bcb292da3577c1625d_high_performance_210020000,AI_VECTOR_CORE,11,54,3.620,1790773410520143.280	,1790773410520146.900	
0,MatMulV2_ND_ND_FP16_FP16_false_true_all_98513,AI_CORE,11,55,100.662,1790773410520146.940	,1790773410520247.602	
0,HcPost_d2fe6614722b27afa6f8d964c215447e_0,AI_VECTOR_CORE,11,56,7.160,1790773410520247.622	,1790773410520254.782	
0,HcPre_6c9f0fa710253eff38b1c0e6be6a67be_0,MIX_AIC,11,57,34.540,1790773410520255.962	,1790773410520290.503	
0,RmsNorm_normal_all_bf16_high_performance_0,AI_VECTOR_CORE,11,58,4.440,1790773410520291.343	,1790773410520295.783	
0,MatMulV2_ND_ND_FP16_FP16_false_true_all_98499,AI_CORE,11,59,149.383,1790773410520295.803	,1790773410520445.186	
0,MatMulV2_ND_ND_FP16_FP16_false_true_all_98325,AI_CORE,11,60,6.340,1790773410520445.206	,1790773410520451.546	
0,MatMulV2_ND_ND_FP16_FP16_false_true_all_98325,AI_CORE,11,61,5.320,1790773410520451.566	,1790773410520456.886	
0,ZerosLike_1c4543fdfe7149b6b0717bd88f061562_high_performance_210000000,AI_VECTOR_CORE,11,62,5.160,1790773410520456.906	,1790773410520462.066	
0,_copy_conv_state_kernel,AI_VECTOR_CORE,11,63,8.100,1790773410520462.086	,1790773410520470.186	
0,CausalConv1d_b0123b7fae3057c534dbb03661977c42_1,MIX_AIC,11,64,14.040,1790773410520471.546	,1790773410520485.586	
0,N/A,MEMCPY_ASYNC,11,65,0.660,1790773410520486.766	,1790773410520487.426	
0,_copy_conv_state_kernel,AI_VECTOR_CORE,11,66,7.340,1790773410520487.446	,1790773410520494.787	
0,RecurrentKda_1ac9a791ca2957b2fe0a2e96909b5782_0,AI_VECTOR_CORE,11,67,32.380,1790773410520494.807	,1790773410520527.187	
0,_write_output,AI_VECTOR_CORE,11,68,2.940,1790773410520527.227	,1790773410520530.167	
0,layer_norm_gated_fwd_kernel,AI_VECTOR_CORE,11,69,3.120,1790773410520530.187	,1790773410520533.307	
0,MatMulV2_ND_ND_FP16_FP16_false_true_all_98499,AI_CORE,11,70,57.821,1790773410520533.327	,1790773410520591.149	
0,HcPost_d2fe6614722b27afa6f8d964c215447e_0,AI_VECTOR_CORE,11,71,7.240,1790773410520591.169	,1790773410520598.409	
0,HcPre_6c9f0fa710253eff38b1c0e6be6a67be_0,MIX_AIC,11,72,29.880,1790773410520599.329	,1790773410520629.209	
0,RmsNorm_normal_all_bf16_high_performance_0,AI_VECTOR_CORE,11,73,4.480,1790773410520630.429	,1790773410520634.909	
0,MatMulV2_ND_ND_FP16_FP16_false_true_all_98499,AI_CORE,11,74,158.103,1790773410520634.929	,1790773410520793.033	
0,ClipByValueV2_e87c9546cf2804355cf0d9445a2db01a_high_performance_220000000,AI_VECTOR_CORE,11,75,5.440,1790773410520793.073	,1790773410520798.513	
0,ClipByValueV2_e87c9546cf2804355cf0d9445a2db01a_high_performance_220000000,AI_VECTOR_CORE,11,76,4.560,1790773410520798.533	,1790773410520803.093	
0,Muls_299cf4d7f9ef0f745d89d88c666b45aa_high_performance_210000000,AI_VECTOR_CORE,11,77,3.020,1790773410520803.113	,1790773410520806.133	
0,Sigmoid_1c4543fdfe7149b6b0717bd88f061562_high_precision_210000000,AI_VECTOR_CORE,11,78,3.700,1790773410520806.153	,1790773410520809.853	
0,Mul_ce3d1ff8ba23a0bcb292da3577c1625d_high_performance_210020000,AI_VECTOR_CORE,11,79,3.180,1790773410520809.873	,1790773410520813.053	
0,Add_ce3d1ff8ba23a0bcb292da3577c1625d_high_performance_223000000,AI_VECTOR_CORE,11,80,3.040,1790773410520813.073	,1790773410520816.113	
0,Mul_ce3d1ff8ba23a0bcb292da3577c1625d_high_performance_210020000,AI_VECTOR_CORE,11,81,3.680,1790773410520816.153	,1790773410520819.833	
0,MatMulV2_ND_ND_FP16_FP16_false_true_all_98513,AI_CORE,11,82,100.842,1790773410520819.853	,1790773410520920.695	
0,N/A,EVENT_WAIT,39,22,2064.761,1790773410520901.455	,1790773410522966.216	
0,HcPost_d2fe6614722b27afa6f8d964c215447e_0,AI_VECTOR_CORE,11,83,7.740,1790773410520920.715	,1790773410520928.455	
0,HcPre_6c9f0fa710253eff38b1c0e6be6a67be_0,MIX_AIC,11,84,28.180,1790773410520929.835	,1790773410520958.016	
0,RmsNorm_normal_all_bf16_high_performance_0,AI_VECTOR_CORE,11,85,4.420,1790773410520959.136	,1790773410520963.556	
0,MatMulV2_ND_ND_FP16_FP16_false_true_all_98513,AI_CORE,11,86,19.500,1790773410520963.596	,1790773410520983.096	
0,RmsNorm_normal_all_bf16_high_performance_2,AI_VECTOR_CORE,11,87,5.380,1790773410520983.116	,1790773410520988.496	
0,RmsNorm_normal_all_bf16_high_performance_2,AI_VECTOR_CORE,11,88,3.980,1790773410520988.536	,1790773410520992.517	
0,ScatterNdUpdate_bfloat16_int32_high_precision_11,MIX_AIV,11,89,5.040,1790773410520993.697	,1790773410520998.737	
0,MatMulV2_ND_ND_FP16_FP16_false_true_all_98499,AI_CORE,11,90,46.400,1790773410520999.757	,1790773410521046.158	
0,TransposeBatchMatMul_ND_ND_ND_ND_ND_BF16_BF16_BF16_INT64_BF16_high_performance_32,AI_CORE,11,91,25.580,1790773410521046.178	,1790773410521071.758	
0,Cast_b2717900ea7de2d41ea9c63d23aa269b_high_performance_210000000,AI_VECTOR_CORE,11,92,1.880,1790773410521071.778	,1790773410521073.658	
0,MatMulV2_ND_ND_FP32_FP32_false_true_all_65665,AI_CORE,11,93,9.680,1790773410521073.678	,1790773410521083.358	
0,LayerNormV3_23ae115d70bd435e4cb966a52be97b55_high_precision_1600400500,AI_VECTOR_CORE,11,94,5.780,1790773410521083.378	,1790773410521089.158	
0,MatMulV2_ND_ND_FP32_FP32_false_true_all_65665,AI_CORE,11,95,8.560,1790773410521089.178	,1790773410521097.739	
0,MatMulV2_ND_ND_FP16_FP16_false_true_all_98499,AI_CORE,11,96,16.320,1790773410521097.779	,1790773410521114.099	
0,Cast_9f288b80370c6545ffe8cef142d37f5c_high_performance_210000000,AI_VECTOR_CORE,11,97,1.300,1790773410521114.139	,1790773410521115.439	
0,Muls_299cf4d7f9ef0f745d89d88c666b45aa_high_performance_210000000,AI_VECTOR_CORE,11,98,1.340,1790773410521115.459	,1790773410521116.799	
0,_glm5_next_kpool_tail_compress_kernel,AI_VECTOR_CORE,11,99,1.920,1790773410521116.839	,1790773410521118.759	
0,_store_kpool_tail_kernel,AI_VECTOR_CORE,11,100,3.300,1790773410521118.779	,1790773410521122.079	
0,Cast_b2717900ea7de2d41ea9c63d23aa269b_high_performance_210000000,AI_VECTOR_CORE,11,101,1.640,1790773410521122.099	,1790773410521123.739	
0,Cast_b2717900ea7de2d41ea9c63d23aa269b_high_performance_210000000,AI_VECTOR_CORE,11,102,1.180,1790773410521123.759	,1790773410521124.939	
0,Mul_ee98c6628030785f610b924ab1557b31_high_performance_212000002,AI_VECTOR_CORE,11,103,7.580,1790773410521124.959	,1790773410521132.539	
0,ReduceSum_7a09f5b7af4126487a7f726a9aac7548_high_performance_82100900,MIX_AIV,11,104,8.920,1790773410521133.579	,1790773410521142.500	
0,_glm5_next_lightning_indexer_score_kernel,AI_VECTOR_CORE,11,105,8.320,1790773410521143.300	,1790773410521151.620	
0,TopKV2_5c671486fda0d949d7cba9a9754bc2dd_high_performance_2017612701781458944,MIX_AIV,11,106,6.300,1790773410521152.880	,1790773410521159.180	
0,Cast_e87590d11ccda8b259ab6b1ea7212319_high_performance_210000000,AI_VECTOR_CORE,11,107,1.340,1790773410521160.180	,1790773410521161.520	
0,Cast_39a266ce9a8d7d9ead33f6686e936b72_high_performance_210000000,AI_VECTOR_CORE,11,108,1.420,1790773410521161.560	,1790773410521162.980	
0,_expand_pool_indices,AI_VECTOR_CORE,11,109,9.260,1790773410521163.000	,1790773410521172.260	
0,SparseFlashAttention_2e25ad8fefac1f04c03bd78f2d2ab366_1158,MIX_AIC,11,110,27.040,1790773410521173.300	,1790773410521200.341	
0,TransposeBatchMatMul_ND_ND_ND_ND_ND_BF16_BF16_BF16_INT64_BF16_high_performance_32,AI_CORE,11,111,21.760,1790773410521201.341	,1790773410521223.101	
0,MatMulV2_ND_ND_FP16_FP16_false_true_all_98513,AI_CORE,11,112,134.602,1790773410521223.121	,1790773410521357.724	
0,N/A,EVENT_WAIT,45,213,1704.114,1790773410521262.122	,1790773410522966.236	
0,N/A,MEMCPY_ASYNC,11,113,0.580,1790773410521357.744	,1790773410521358.324	
0,HcPost_d2fe6614722b27afa6f8d964c215447e_0,AI_VECTOR_CORE,11,114,7.140,1790773410521358.344	,1790773410521365.484	
0,HcPre_6c9f0fa710253eff38b1c0e6be6a67be_0,MIX_AIC,11,115,29.500,1790773410521366.644	,1790773410521396.145	
0,RmsNorm_normal_all_bf16_high_performance_0,AI_VECTOR_CORE,11,116,4.660,1790773410521397.105	,1790773410521401.765	
0,N/A,EVENT_RECORD,11,117,0.020,1790773410521401.785	,1790773410521401.805	
0,Cast_b2717900ea7de2d41ea9c63d23aa269b_high_performance_210000000,AI_VECTOR_CORE,11,118,1.740,1790773410521401.825	,1790773410521403.565	
0,MatMulV2_ND_ND_FP32_FP32_false_true_all_65665,AI_CORE,11,119,5.940,1790773410521403.585	,1790773410521409.525	
0,N/A,EVENT_RECORD,11,120,0.020,1790773410521409.545	,1790773410521409.565	
0,MoeGatingTopK_81369a2fa0455f39b5d19d432d261f57_1,AI_VECTOR_CORE,11,121,4.380,1790773410521409.585	,1790773410521413.965	
0,N/A,EVENT_RECORD,11,122,0.020,1790773410521413.985	,1790773410521414.005	
0,MoeInitRoutingV3_4ca8d2d329b4477b44dd2ee885849b12_2100000,MIX_AIV,11,123,10.920,1790773410521415.025	,1790773410521425.945	
0,GroupedMatmul_0d2d43751f81d7f29646a862147967c9_68885275,MIX_AIC,11,124,206.404,1790773410521429.045	,1790773410521635.449	
0,Slice_ee29dafe4fe21e12bb8d56ae91626cba_high_performance_524000000,AI_VECTOR_CORE,11,125,2.700,1790773410521636.549	,1790773410521639.249	
0,ClipByValueV2_e87c9546cf2804355cf0d9445a2db01a_high_performance_220000000,AI_VECTOR_CORE,11,126,5.840,1790773410521639.269	,1790773410521645.110	
0,ViewCopy_7778b2d0a2938f9247cc0c9f84559eb2_high_performance__kernel0,AI_VECTOR_CORE,11,127,11.540,1790773410521645.130	,1790773410521656.670	
0,Slice_ee29dafe4fe21e12bb8d56ae91626cba_high_performance_524000000,AI_VECTOR_CORE,11,128,2.260,1790773410521656.710	,1790773410521658.970	
0,ClipByValueV2_e87c9546cf2804355cf0d9445a2db01a_high_performance_220000000,AI_VECTOR_CORE,11,129,4.560,1790773410521659.010	,1790773410521663.570	
0,ViewCopy_7778b2d0a2938f9247cc0c9f84559eb2_high_performance__kernel0,AI_VECTOR_CORE,11,130,10.480,1790773410521663.610	,1790773410521674.090	
0,SwiGlu_3_high_performance_27,AI_VECTOR_CORE,11,131,5.200,1790773410521674.130	,1790773410521679.330	
0,N/A,EVENT_RECORD,11,132,0.020,1790773410521679.350	,1790773410521679.370	
0,GroupedMatmul_0d2d43751f81d7f29646a862147967c9_68885275,MIX_AIC,11,133,96.961,1790773410521680.570	,1790773410521777.532	
0,N/A,EVENT_RECORD,11,134,0.020,1790773410521778.812	,1790773410521778.832	
0,Cast_9f288b80370c6545ffe8cef142d37f5c_high_performance_210000000,AI_VECTOR_CORE,11,135,1.200,1790773410521778.852	,1790773410521780.052	
0,Abs_8098b79498645e9c0da095babdeaf862_high_performance_210000000,AI_VECTOR_CORE,11,136,1.540,1790773410521780.072	,1790773410521781.612	
0,MoeTokenUnpermute_6dd49246dc9576d3314234df69cb5c22_1,AI_VECTOR_CORE,11,137,4.140,1790773410521781.632	,1790773410521785.772	
0,MatMulV2_ND_ND_FP16_FP16_false_true_all_98499,AI_CORE,11,138,29.080,1790773410521785.812	,1790773410521814.893	
0,ClipByValueV2_e87c9546cf2804355cf0d9445a2db01a_high_performance_220000000,AI_VECTOR_CORE,11,139,1.700,1790773410521814.913	,1790773410521816.613	
0,ClipByValueV2_e87c9546cf2804355cf0d9445a2db01a_high_performance_220000000,AI_VECTOR_CORE,11,140,1.780,1790773410521816.633	,1790773410521818.413	
0,Muls_299cf4d7f9ef0f745d89d88c666b45aa_high_performance_210000000,AI_VECTOR_CORE,11,141,1.280,1790773410521818.433	,1790773410521819.713	
0,Sigmoid_1c4543fdfe7149b6b0717bd88f061562_high_precision_210000000,AI_VECTOR_CORE,11,142,1.860,1790773410521819.733	,1790773410521821.593	
0,Mul_ce3d1ff8ba23a0bcb292da3577c1625d_high_performance_210020000,AI_VECTOR_CORE,11,143,1.980,1790773410521821.613	,1790773410521823.593	
0,Add_ce3d1ff8ba23a0bcb292da3577c1625d_high_performance_223000000,AI_VECTOR_CORE,11,144,1.520,1790773410521823.613	,1790773410521825.133	
0,Mul_ce3d1ff8ba23a0bcb292da3577c1625d_high_performance_210020000,AI_VECTOR_CORE,11,145,1.480,1790773410521825.173	,1790773410521826.653	
0,MatMulV2_ND_ND_FP16_FP16_false_true_all_98499,AI_CORE,11,146,17.480,1790773410521826.673	,1790773410521844.154	
0,ForeachAddList_c73cb8f503197be65eaf63148ad48de4_high_performance_4,AI_VECTOR_CORE,11,147,15.820,1790773410521844.174	,1790773410521859.994	
0,HcPost_d2fe6614722b27afa6f8d964c215447e_0,AI_VECTOR_CORE,11,148,6.060,1790773410521860.014	,1790773410521866.074	
0,ReduceMean_9a2479d4dc5148645cb3f4b9e765c637_high_precision_92100900,MIX_AIV,11,149,18.280,1790773410521867.534	,1790773410521885.814	
0,RmsNorm_normal_all_bf16_high_performance_0,AI_VECTOR_CORE,11,150,3.300,1790773410521887.054	,1790773410521890.355	
0,N/A,EVENT_RESET,11,151,0.100,1790773410521890.375	,1790773410521890.475	
0,N/A,EVENT_RESET,11,152,0.100,1790773410521890.495	,1790773410521890.595	
0,N/A,EVENT_RESET,11,153,0.080,1790773410521890.615	,1790773410521890.695	
0,N/A,EVENT_RESET,11,154,0.080,1790773410521890.735	,1790773410521890.815	
0,N/A,EVENT_RESET,11,155,0.100,1790773410521890.835	,1790773410521890.935	
0,N/A,NOTIFY_RECORD,11,156,0.020,1790773410521890.955	,1790773410521890.975	
0,IndexCheck_int32_high_performance_1,AI_VECTOR_CORE,47,3688,3.460,1790773410521891.435	,1790773410521894.895	
0,Index_b1b18d29d34a3b544b5bb6b3f56177c3_high_performance__kernel0,AI_VECTOR_CORE,47,3689,8.200,1790773410521894.935	,1790773410521903.135	
0,MatMulV2_ND_ND_FP16_FP16_false_true_all_98499,AI_CORE,47,3690,901.118,1790773410521903.155	,1790773410522804.273	
0,Cast_b2717900ea7de2d41ea9c63d23aa269b_high_performance_210000000,AI_VECTOR_CORE,47,3691,7.560,1790773410522804.293	,1790773410522811.853	
0,LogSoftmaxV2_291664ae3e88b38b8b46c2efbbea27c9_high_precision_400001,AI_VECTOR_CORE,47,3692,43.840,1790773410522811.893	,1790773410522855.734	
0,Cast_b2717900ea7de2d41ea9c63d23aa269b_high_performance_210000000,AI_VECTOR_CORE,47,3693,2.780,1790773410522855.754	,1790773410522858.534	
0,ArgMaxV2_4402011f777d6374ab9f6425cb5984c4_high_performance_3,AI_VECTOR_CORE,47,3694,19.340,1790773410522858.554	,1790773410522877.894	
0,Cast_e87590d11ccda8b259ab6b1ea7212319_high_performance_210000000,AI_VECTOR_CORE,47,3695,1.260,1790773410522877.914	,1790773410522879.174	
0,TopKV2_5c671486fda0d949d7cba9a9754bc2dd_high_performance_2017612907941986305,MIX_AIV,47,3696,18.200,1790773410522880.054	,1790773410522898.255	
0,TopKV2_5c671486fda0d949d7cba9a9754bc2dd_high_performance_2017612701781458944,MIX_AIV,47,3697,3.440,1790773410522900.815	,1790773410522904.255	
0,GatherElements_8b4ec10fbb39c5c0a65192c606400b29_high_performance__kernel0,AI_VECTOR_CORE,47,3698,8.420,1790773410522905.055	,1790773410522913.475	
0,Cast_e87590d11ccda8b259ab6b1ea7212319_high_performance_210000000,AI_VECTOR_CORE,47,3699,0.940,1790773410522913.495	,1790773410522914.435	
0,Cast_39a266ce9a8d7d9ead33f6686e936b72_high_performance_210000000,AI_VECTOR_CORE,47,3700,1.480,1790773410522914.455	,1790773410522915.935	
0,GatherElementsV2_fp32_high_performance_2,AI_VECTOR_CORE,47,3701,3.660,1790773410522915.955	,1790773410522919.615	
0,GreaterEqual_3efaad932f458d7892fdb0715ec85b2b_high_performance_223000000,AI_VECTOR_CORE,47,3702,8.600,1790773410522919.635	,1790773410522928.235	
0,Cast_df2b778f1b80e749bd4242386ec57ab9_high_performance_210000000,AI_VECTOR_CORE,47,3703,6.720,1790773410522928.275	,1790773410522934.995	
0,ReduceSum_7a09f5b7af4126487a7f726a9aac7548_high_performance_110001000400,MIX_AIV,47,3704,20.000,1790773410522936.035	,1790773410522956.036	
0,Cast_c6738f795430c3c6f09cdc8d52a1b43d_high_performance_210000000,AI_VECTOR_CORE,47,3705,1.280,1790773410522956.776	,1790773410522958.056	
0,ConcatD_0d745295987e1c668b2ec8b2844aeada_high_performance_3000001,AI_VECTOR_CORE,47,3706,2.780,1790773410522958.076	,1790773410522960.856	
0,ConcatD_233851a3505389e43928a8bba133a74d_high_performance_3000001,AI_VECTOR_CORE,47,3707,1.980,1790773410522960.876	,1790773410522962.856	
0,Cast_39a266ce9a8d7d9ead33f6686e936b72_high_performance_210000000,AI_VECTOR_CORE,47,3708,1.420,1790773410522962.876	,1790773410522964.296	
0,Cast_39a266ce9a8d7d9ead33f6686e936b72_high_performance_210000000,AI_VECTOR_CORE,47,3709,1.400,1790773410522964.316	,1790773410522965.716	
0,N/A,EVENT_RECORD,47,3710,0.020,1790773410522965.736	,1790773410522965.756	
0,N/A,EVENT_RECORD,47,3711,0.020,1790773410522965.776	,1790773410522965.796	
0,N/A,MEMCPY_ASYNC,45,214,2.060,1790773410522966.276	,1790773410522968.336	
0,N/A,MEMCPY_ASYNC,45,215,2.060,1790773410522968.496	,1790773410522970.556	
0,N/A,MEMCPY_ASYNC,45,216,2.080,1790773410522970.716	,1790773410522972.796	
0,N/A,MEMCPY_ASYNC,45,217,1.920,1790773410522972.956	,1790773410522974.876	
0,N/A,EVENT_RECORD,45,218,0.020,1790773410522975.036	,1790773410522975.056	
0,N/A,EVENT_RECORD,45,219,0.000,1790773410522975.076	,1790773410522975.076	
0,N/A,EVENT_RECORD,45,220,0.000,1790773410522975.116	,1790773410522975.116	
0,N/A,EVENT_RECORD,45,221,0.020,1790773410522975.136	,1790773410522975.156	
0,N/A,EVENT_RECORD,45,222,0.020,1790773410523088.838	,1790773410523088.858	
0,N/A,MEMCPY_ASYNC,47,3712,2.440,1790773410523115.239	,1790773410523117.679	
0,N/A,MEMCPY_ASYNC,47,3713,2.380,1790773410523340.063	,1790773410523342.444	
0,N/A,MEMCPY_ASYNC,47,3714,2.220,1790773410523419.305	,1790773410523421.525	
0,N/A,MEMCPY_ASYNC,47,3715,2.200,1790773410523491.346	,1790773410523493.547	
0,N/A,MEMCPY_ASYNC,47,3716,2.380,1790773410523551.268	,1790773410523553.648	
0,N/A,MEMCPY_ASYNC,47,3717,2.240,1790773410523810.173	,1790773410523812.413	
0,N/A,MEMCPY_ASYNC,47,3718,2.260,1790773410523989.476	,1790773410523991.736	
0,N/A,MEMCPY_ASYNC,47,3719,2.380,1790773410524047.418	,1790773410524049.798	
0,Fill_1fbc7ee619b707282bbfd034093621df_high_performance_223000000,AI_VECTOR_CORE,47,3720,1.440,1790773410524210.581	,1790773410524212.021	
0,N/A,MEMCPY_ASYNC,47,3721,0.580,1790773410524437.885	,1790773410524438.465	
0,N/A,MEMCPY_ASYNC,47,3722,2.360,1790773410524697.171	,1790773410524699.531	
0,Fill_1fbc7ee619b707282bbfd034093621df_high_performance_223000000,AI_VECTOR_CORE,47,3723,1.360,1790773410524753.852	,1790773410524755.212	
0,N/A,MEMCPY_ASYNC,47,3724,2.240,1790773410524801.853	,1790773410524804.093	
0,N/A,MEMCPY_ASYNC,47,3725,2.220,1790773410524883.114	,1790773410524885.334	
0,N/A,MEMCPY_ASYNC,47,3726,2.380,1790773410524964.076	,1790773410524966.456	
0,N/A,MEMCPY_ASYNC,47,3727,2.280,1790773410525073.598	,1790773410525075.878	
0,IndexCheck_int64_high_performance_0,AI_VECTOR_CORE,47,3728,2.780,1790773410525152.520	,1790773410525155.300	
0,Index_f34e8f0e5e2c96109aa0460550023804_high_performance__kernel0,AI_VECTOR_CORE,47,3729,8.080,1790773410525155.340	,1790773410525163.420	
0,Cast_e87590d11ccda8b259ab6b1ea7212319_high_performance_210000000,AI_VECTOR_CORE,47,3730,1.220,1790773410525229.061	,1790773410525230.281	
0,Add_41dadce325b0f810d03359af2a38990b_high_performance_210000000,AI_VECTOR_CORE,47,3731,2.560,1790773410525297.363	,1790773410525299.923	
0,N/A,MEMCPY_ASYNC,47,3732,0.600,1790773410525392.044	,1790773410525392.644	
0,Add_9342884c99c006e21fc9d5d9260b8bef_high_performance_210000000,AI_VECTOR_CORE,47,3733,1.600,1790773410525459.906	,1790773410525461.506	
0,N/A,MEMCPY_ASYNC,47,3734,0.600,1790773410525542.427	,1790773410525543.027	
0,Fill_1fbc7ee619b707282bbfd034093621df_high_performance_223000000,AI_VECTOR_CORE,47,3735,1.460,1790773410525596.449	,1790773410525597.909	
0,_compute_slot_mapping_fused_groups_kernel,AI_VECTOR_CORE,47,3736,22.020,1790773410525955.416	,1790773410525977.436	
0,Sub_9342884c99c006e21fc9d5d9260b8bef_high_performance_210000000,AI_VECTOR_CORE,47,3737,1.500,1790773410526103.619	,1790773410526105.119	
0,N/A,MEMCPY_ASYNC,47,3738,2.560,1790773410526501.687	,1790773410526504.247	
0,Cast_e87590d11ccda8b259ab6b1ea7212319_high_performance_210000000,AI_VECTOR_CORE,47,3739,1.260,1790773410527174.000	,1790773410527175.260	
0,FloorDiv_41dadce325b0f810d03359af2a38990b_high_performance_223000000,AI_VECTOR_CORE,47,3740,3.520,1790773410527175.940	,1790773410527179.460	
0,Cast_39a266ce9a8d7d9ead33f6686e936b72_high_performance_210000000,AI_VECTOR_CORE,47,3741,1.440,1790773410527182.940	,1790773410527184.380	
0,N/A,MEMCPY_ASYNC,47,3742,0.580,1790773410527320.183	,1790773410527320.763	
0,Cast_e87590d11ccda8b259ab6b1ea7212319_high_performance_210000000,AI_VECTOR_CORE,47,3743,1.260,1790773410527408.745	,1790773410527410.005	
0,GreaterEqual_1ea4da630f56dc1c2d6e7c9a9dd17b11_high_performance_210000000,AI_VECTOR_CORE,47,3744,2.960,1790773410527410.125	,1790773410527413.085	
0,Add_41dadce325b0f810d03359af2a38990b_high_performance_210000000,AI_VECTOR_CORE,47,3745,2.240,1790773410527462.106	,1790773410527464.346	
0,BroadcastTo_41dadce325b0f810d03359af2a38990b_high_performance_210000000,AI_VECTOR_CORE,47,3746,1.640,1790773410527514.407	,1790773410527516.047	
0,FloorMod_41dadce325b0f810d03359af2a38990b_high_precision_210000000,AI_VECTOR_CORE,47,3747,1.760,1790773410527517.827	,1790773410527519.587	
0,Equal_1ea4da630f56dc1c2d6e7c9a9dd17b11_high_performance_210000000,AI_VECTOR_CORE,47,3748,2.260,1790773410527562.908	,1790773410527565.168	
0,LogicalAnd_91d2a3cdd75d915a368582ec5f440af1_high_performance_210000000,AI_VECTOR_CORE,47,3749,1.400,1790773410527604.309	,1790773410527605.709	
0,ClipByValueV2_3bc53d14ff7dfecd0ed0c69136ab471a_high_performance_210000000,AI_VECTOR_CORE,47,3750,1.520,1790773410527643.869	,1790773410527645.389	
0,Cast_e87590d11ccda8b259ab6b1ea7212319_high_performance_210000000,AI_VECTOR_CORE,47,3751,1.140,1790773410527704.571	,1790773410527705.711	
0,FloorDiv_41dadce325b0f810d03359af2a38990b_high_performance_210000000,AI_VECTOR_CORE,47,3752,2.300,1790773410527706.371	,1790773410527708.671	
0,Cast_39a266ce9a8d7d9ead33f6686e936b72_high_performance_210000000,AI_VECTOR_CORE,47,3753,1.520,1790773410527712.051	,1790773410527713.571	
0,BroadcastTo_c71434db8135ff9089d65053721e3417_high_performance_210000000,AI_VECTOR_CORE,47,3754,1.340,1790773410527751.312	,1790773410527752.652	
0,FloorMod_9342884c99c006e21fc9d5d9260b8bef_high_precision_210000000,AI_VECTOR_CORE,47,3755,2.940,1790773410527753.172	,1790773410527756.112	
0,Mul_9342884c99c006e21fc9d5d9260b8bef_high_performance_210000000,AI_VECTOR_CORE,47,3756,1.780,1790773410527803.453	,1790773410527805.233	
0,Cast_e87590d11ccda8b259ab6b1ea7212319_high_performance_210000000,AI_VECTOR_CORE,47,3757,1.220,1790773410527852.314	,1790773410527853.534	
0,FloorDiv_41dadce325b0f810d03359af2a38990b_high_performance_210000000,AI_VECTOR_CORE,47,3758,1.800,1790773410527863.794	,1790773410527865.594	
0,Cast_39a266ce9a8d7d9ead33f6686e936b72_high_performance_210000000,AI_VECTOR_CORE,47,3759,1.360,1790773410527865.634	,1790773410527866.994	
0,Add_9342884c99c006e21fc9d5d9260b8bef_high_performance_210000000,AI_VECTOR_CORE,47,3760,1.240,1790773410527902.415	,1790773410527903.655	
0,Fill_1fbc7ee619b707282bbfd034093621df_high_performance_210000000,AI_VECTOR_CORE,47,3761,1.300,1790773410527954.676	,1790773410527955.976	
0,SelectV2_9bb0969ab50036eba4428cd9974a5c0b_high_performance_210000000,AI_VECTOR_CORE,47,3762,1.740,1790773410528005.577	,1790773410528007.317	
0,Cast_e87590d11ccda8b259ab6b1ea7212319_high_performance_210000000,AI_VECTOR_CORE,47,3763,1.180,1790773410528034.797	,1790773410528035.977	
0,Cast_e87590d11ccda8b259ab6b1ea7212319_high_performance_210000000,AI_VECTOR_CORE,47,3764,1.180,1790773410528133.319	,1790773410528134.499	
0,FloorDiv_41dadce325b0f810d03359af2a38990b_high_performance_210000000,AI_VECTOR_CORE,47,3765,1.960,1790773410528134.619	,1790773410528136.579	
0,Cast_39a266ce9a8d7d9ead33f6686e936b72_high_performance_210000000,AI_VECTOR_CORE,47,3766,1.140,1790773410528136.599	,1790773410528137.739	
0,N/A,MEMCPY_ASYNC,47,3767,0.600,1790773410528253.002	,1790773410528253.602	
0,N/A,MEMCPY_ASYNC,47,3768,0.620,1790773410528338.563	,1790773410528339.183	
0,N/A,MEMCPY_ASYNC,47,3769,0.600,1790773410529396.744	,1790773410529397.344	
0,N/A,MEMCPY_ASYNC,47,3770,0.640,1790773410529611.409	,1790773410529612.049	
0,N/A,MEMCPY_ASYNC,47,3771,0.660,1790773410529755.912	,1790773410529756.572	
0,Sub_9342884c99c006e21fc9d5d9260b8bef_high_performance_210000000,AI_VECTOR_CORE,47,3772,1.520,1790773410529826.093	,1790773410529827.613	
0,N/A,MEMCPY_ASYNC,47,3773,0.600,1790773410530519.507	,1790773410530520.107	
0,N/A,MEMCPY_ASYNC,47,3774,0.600,1790773410530676.550	,1790773410530677.150	
0,N/A,MEMCPY_ASYNC,47,3775,0.640,1790773410530813.853	,1790773410530814.493	
0,Sub_9342884c99c006e21fc9d5d9260b8bef_high_performance_210000000,AI_VECTOR_CORE,47,3776,1.440,1790773410530899.575	,1790773410530901.015	
0,N/A,MEMCPY_ASYNC,47,3777,0.620,1790773410531530.007	,1790773410531530.627	
0,N/A,MEMCPY_ASYNC,47,3778,0.620,1790773410531682.350	,1790773410531682.970	
0,N/A,MEMCPY_ASYNC,47,3779,0.580,1790773410531826.033	,1790773410531826.613	
0,Sub_9342884c99c006e21fc9d5d9260b8bef_high_performance_210000000,AI_VECTOR_CORE,47,3780,1.380,1790773410531893.354	,1790773410531894.734	
0,N/A,EVENT_RECORD,47,3781,0.020,1790773410532121.539	,1790773410532121.559	
0,Fill_279daeaf6b659300647aba3935d90048_high_performance_210000000,AI_VECTOR_CORE,47,3782,1.360,1790773410532485.486	,1790773410532486.846	
0,N/A,MEMCPY_ASYNC,47,3783,0.600,1790773410532574.048	,1790773410532574.648	
0,Fill_279daeaf6b659300647aba3935d90048_high_performance_210000000,AI_VECTOR_CORE,47,3784,1.300,1790773410532625.709	,1790773410532627.009	
0,N/A,MODEL_EXECUTE,47,3785,3.180,1790773410532876.814	,1790773410532879.994	
0,Cast_e87590d11ccda8b259ab6b1ea7212319_high_performance_210000000,AI_VECTOR_CORE,11,0,1.340,1790773410532879.894	,1790773410532881.234	
0,GatherV2_7869a97190b9b4d296d9414a005b954b_high_precision_900015015,AI_VECTOR_CORE,11,1,10.340,1790773410532881.254	,1790773410532891.594	
0,BroadcastTo_7e5992d3033ef32a3463c5d198e518a1_high_performance_221000002,AI_VECTOR_CORE,11,2,6.240,1790773410532891.614	,1790773410532897.854	
0,N/A,NOTIFY_WAIT,47,3786,3028.760,1790773410532895.254	,1790773410535924.015	
0,HcPre_6c9f0fa710253eff38b1c0e6be6a67be_0,MIX_AIC,11,3,29.480,1790773410532899.234	,1790773410532928.715	
0,RmsNorm_normal_all_bf16_high_performance_0,AI_VECTOR_CORE,11,4,4.620,1790773410532929.735	,1790773410532934.355	
0,MatMulV2_ND_ND_FP16_FP16_false_true_all_98499,AI_CORE,11,5,154.963,1790773410532934.395	,1790773410533089.358	
0,MatMulV2_ND_ND_FP16_FP16_false_true_all_98325,AI_CORE,11,6,7.500,1790773410533089.378	,1790773410533096.878	
0,MatMulV2_ND_ND_FP16_FP16_false_true_all_98325,AI_CORE,11,7,5.540,1790773410533096.898	,1790773410533102.439	
0,ZerosLike_1c4543fdfe7149b6b0717bd88f061562_high_performance_210000000,AI_VECTOR_CORE,11,8,5.840,1790773410533102.459	,1790773410533108.299	
0,_copy_conv_state_kernel,AI_VECTOR_CORE,11,9,8.480,1790773410533108.319	,1790773410533116.799	
0,CausalConv1d_b0123b7fae3057c534dbb03661977c42_1,MIX_AIC,11,10,13.500,1790773410533117.819	,1790773410533131.319	
0,N/A,MEMCPY_ASYNC,11,11,0.660,1790773410533132.439	,1790773410533133.099	
0,_copy_conv_state_kernel,AI_VECTOR_CORE,11,12,7.300,1790773410533133.119	,1790773410533140.419	
0,RecurrentKda_1ac9a791ca2957b2fe0a2e96909b5782_0,AI_VECTOR_CORE,11,13,30.360,1790773410533140.459	,1790773410533170.820	
0,_write_output,AI_VECTOR_CORE,11,14,2.660,1790773410533170.840	,1790773410533173.500	
0,layer_norm_gated_fwd_kernel,AI_VECTOR_CORE,11,15,3.200,1790773410533173.520	,1790773410533176.720	
0,MatMulV2_ND_ND_FP16_FP16_false_true_all_98499,AI_CORE,11,16,54.281,1790773410533176.760	,1790773410533231.041	
0,HcPost_d2fe6614722b27afa6f8d964c215447e_0,AI_VECTOR_CORE,11,17,7.180,1790773410533231.081	,1790773410533238.261	
0,HcPre_6c9f0fa710253eff38b1c0e6be6a67be_0,MIX_AIC,11,18,33.600,1790773410533239.621	,1790773410533273.222	
0,RmsNorm_normal_all_bf16_high_performance_0,AI_VECTOR_CORE,11,19,4.480,1790773410533274.402	,1790773410533278.882	
0,MatMulV2_ND_ND_FP16_FP16_false_true_all_98499,AI_CORE,11,20,159.863,1790773410533278.902	,1790773410533438.765	
0,ClipByValueV2_e87c9546cf2804355cf0d9445a2db01a_high_performance_220000000,AI_VECTOR_CORE,11,21,5.500,1790773410533438.785	,1790773410533444.285	
0,ClipByValueV2_e87c9546cf2804355cf0d9445a2db01a_high_performance_220000000,AI_VECTOR_CORE,11,22,4.460,1790773410533444.305	,1790773410533448.765	
0,Muls_299cf4d7f9ef0f745d89d88c666b45aa_high_performance_210000000,AI_VECTOR_CORE,11,23,2.980,1790773410533448.805	,1790773410533451.786	
0,Sigmoid_1c4543fdfe7149b6b0717bd88f061562_high_precision_210000000,AI_VECTOR_CORE,11,24,3.800,1790773410533451.826	,1790773410533455.626	
0,Mul_ce3d1ff8ba23a0bcb292da3577c1625d_high_performance_210020000,AI_VECTOR_CORE,11,25,3.260,1790773410533455.646	,1790773410533458.906	
0,Add_ce3d1ff8ba23a0bcb292da3577c1625d_high_performance_223000000,AI_VECTOR_CORE,11,26,3.040,1790773410533458.926	,1790773410533461.966	
0,Mul_ce3d1ff8ba23a0bcb292da3577c1625d_high_performance_210020000,AI_VECTOR_CORE,11,27,3.680,1790773410533461.986	,1790773410533465.666	
0,MatMulV2_ND_ND_FP16_FP16_false_true_all_98513,AI_CORE,11,28,105.942,1790773410533465.686	,1790773410533571.628	
0,HcPost_d2fe6614722b27afa6f8d964c215447e_0,AI_VECTOR_CORE,11,29,7.100,1790773410533571.648	,1790773410533578.748	
0,HcPre_6c9f0fa710253eff38b1c0e6be6a67be_0,MIX_AIC,11,30,29.820,1790773410533580.028	,1790773410533609.849	
0,RmsNorm_normal_all_bf16_high_performance_0,AI_VECTOR_CORE,11,31,4.320,1790773410533611.109	,1790773410533615.429	
0,MatMulV2_ND_ND_FP16_FP16_false_true_all_98499,AI_CORE,11,32,155.403,1790773410533615.449	,1790773410533770.852	
0,MatMulV2_ND_ND_FP16_FP16_false_true_all_98325,AI_CORE,11,33,6.340,1790773410533770.872	,1790773410533777.212	
0,MatMulV2_ND_ND_FP16_FP16_false_true_all_98325,AI_CORE,11,34,5.380,1790773410533777.232	,1790773410533782.612	
0,ZerosLike_1c4543fdfe7149b6b0717bd88f061562_high_performance_210000000,AI_VECTOR_CORE,11,35,4.920,1790773410533782.652	,1790773410533787.572	
0,_copy_conv_state_kernel,AI_VECTOR_CORE,11,36,8.260,1790773410533787.612	,1790773410533795.872	
0,CausalConv1d_b0123b7fae3057c534dbb03661977c42_1,MIX_AIC,11,37,13.020,1790773410533797.292	,1790773410533810.313	
0,N/A,MEMCPY_ASYNC,11,38,0.660,1790773410533811.313	,1790773410533811.973	
0,_copy_conv_state_kernel,AI_VECTOR_CORE,11,39,7.340,1790773410533811.993	,1790773410533819.333	
0,RecurrentKda_1ac9a791ca2957b2fe0a2e96909b5782_0,AI_VECTOR_CORE,11,40,31.080,1790773410533819.373	,1790773410533850.453	
0,_write_output,AI_VECTOR_CORE,11,41,2.920,1790773410533850.473	,1790773410533853.394	
0,layer_norm_gated_fwd_kernel,AI_VECTOR_CORE,11,42,3.020,1790773410533853.414	,1790773410533856.434	
0,MatMulV2_ND_ND_FP16_FP16_false_true_all_98499,AI_CORE,11,43,66.621,1790773410533856.454	,1790773410533923.075	
0,HcPost_d2fe6614722b27afa6f8d964c215447e_0,AI_VECTOR_CORE,11,44,7.380,1790773410533923.095	,1790773410533930.475	
0,HcPre_6c9f0fa710253eff38b1c0e6be6a67be_0,MIX_AIC,11,45,32.460,1790773410533931.515	,1790773410533963.976	
0,RmsNorm_normal_all_bf16_high_performance_0,AI_VECTOR_CORE,11,46,4.540,1790773410533965.076	,1790773410533969.616	
0,MatMulV2_ND_ND_FP16_FP16_false_true_all_98499,AI_CORE,11,47,163.723,1790773410533969.636	,1790773410534133.359	
0,ClipByValueV2_e87c9546cf2804355cf0d9445a2db01a_high_performance_220000000,AI_VECTOR_CORE,11,48,5.320,1790773410534133.379	,1790773410534138.699	
0,ClipByValueV2_e87c9546cf2804355cf0d9445a2db01a_high_performance_220000000,AI_VECTOR_CORE,11,49,4.660,1790773410534138.719	,1790773410534143.379	
0,Muls_299cf4d7f9ef0f745d89d88c666b45aa_high_performance_210000000,AI_VECTOR_CORE,11,50,2.960,1790773410534143.399	,1790773410534146.359	
0,Sigmoid_1c4543fdfe7149b6b0717bd88f061562_high_precision_210000000,AI_VECTOR_CORE,11,51,3.840,1790773410534146.379	,1790773410534150.219	
0,Mul_ce3d1ff8ba23a0bcb292da3577c1625d_high_performance_210020000,AI_VECTOR_CORE,11,52,3.320,1790773410534150.239	,1790773410534153.560	
0,Add_ce3d1ff8ba23a0bcb292da3577c1625d_high_performance_223000000,AI_VECTOR_CORE,11,53,3.180,1790773410534153.580	,1790773410534156.760	
0,Mul_ce3d1ff8ba23a0bcb292da3577c1625d_high_performance_210020000,AI_VECTOR_CORE,11,54,3.740,1790773410534156.780	,1790773410534160.520	
0,MatMulV2_ND_ND_FP16_FP16_false_true_all_98513,AI_CORE,11,55,101.222,1790773410534160.540	,1790773410534261.762	
0,HcPost_d2fe6614722b27afa6f8d964c215447e_0,AI_VECTOR_CORE,11,56,7.200,1790773410534261.782	,1790773410534268.982	
0,HcPre_6c9f0fa710253eff38b1c0e6be6a67be_0,MIX_AIC,11,57,34.360,1790773410534270.382	,1790773410534304.743	
0,RmsNorm_normal_all_bf16_high_performance_0,AI_VECTOR_CORE,11,58,4.540,1790773410534305.763	,1790773410534310.303	
0,MatMulV2_ND_ND_FP16_FP16_false_true_all_98499,AI_CORE,11,59,149.823,1790773410534310.323	,1790773410534460.146	
0,MatMulV2_ND_ND_FP16_FP16_false_true_all_98325,AI_CORE,11,60,6.720,1790773410534460.166	,1790773410534466.886	
0,MatMulV2_ND_ND_FP16_FP16_false_true_all_98325,AI_CORE,11,61,5.500,1790773410534466.906	,1790773410534472.406	
0,ZerosLike_1c4543fdfe7149b6b0717bd88f061562_high_performance_210000000,AI_VECTOR_CORE,11,62,5.000,1790773410534472.426	,1790773410534477.426	
0,_copy_conv_state_kernel,AI_VECTOR_CORE,11,63,8.240,1790773410534477.446	,1790773410534485.686	
0,CausalConv1d_b0123b7fae3057c534dbb03661977c42_1,MIX_AIC,11,64,14.200,1790773410534486.586	,1790773410534500.786	
0,N/A,MEMCPY_ASYNC,11,65,0.680,1790773410534501.826	,1790773410534502.506	
0,_copy_conv_state_kernel,AI_VECTOR_CORE,11,66,7.340,1790773410534502.526	,1790773410534509.867	
0,RecurrentKda_1ac9a791ca2957b2fe0a2e96909b5782_0,AI_VECTOR_CORE,11,67,31.400,1790773410534509.887	,1790773410534541.287	
0,_write_output,AI_VECTOR_CORE,11,68,2.840,1790773410534541.307	,1790773410534544.147	
0,layer_norm_gated_fwd_kernel,AI_VECTOR_CORE,11,69,3.140,1790773410534544.167	,1790773410534547.307	
0,MatMulV2_ND_ND_FP16_FP16_false_true_all_98499,AI_CORE,11,70,59.621,1790773410534547.327	,1790773410534606.949	
0,HcPost_d2fe6614722b27afa6f8d964c215447e_0,AI_VECTOR_CORE,11,71,7.180,1790773410534606.969	,1790773410534614.149	
0,HcPre_6c9f0fa710253eff38b1c0e6be6a67be_0,MIX_AIC,11,72,28.280,1790773410534615.529	,1790773410534643.809	
0,RmsNorm_normal_all_bf16_high_performance_0,AI_VECTOR_CORE,11,73,4.380,1790773410534644.789	,1790773410534649.169	
0,MatMulV2_ND_ND_FP16_FP16_false_true_all_98499,AI_CORE,11,74,158.423,1790773410534649.189	,1790773410534807.613	
0,ClipByValueV2_e87c9546cf2804355cf0d9445a2db01a_high_performance_220000000,AI_VECTOR_CORE,11,75,5.340,1790773410534807.633	,1790773410534812.973	
0,ClipByValueV2_e87c9546cf2804355cf0d9445a2db01a_high_performance_220000000,AI_VECTOR_CORE,11,76,4.460,1790773410534812.993	,1790773410534817.453	
0,Muls_299cf4d7f9ef0f745d89d88c666b45aa_high_performance_210000000,AI_VECTOR_CORE,11,77,2.960,1790773410534817.473	,1790773410534820.433	
0,Sigmoid_1c4543fdfe7149b6b0717bd88f061562_high_precision_210000000,AI_VECTOR_CORE,11,78,3.680,1790773410534820.453	,1790773410534824.133	
0,Mul_ce3d1ff8ba23a0bcb292da3577c1625d_high_performance_210020000,AI_VECTOR_CORE,11,79,3.240,1790773410534824.153	,1790773410534827.393	
0,Add_ce3d1ff8ba23a0bcb292da3577c1625d_high_performance_223000000,AI_VECTOR_CORE,11,80,3.220,1790773410534827.413	,1790773410534830.633	
0,Mul_ce3d1ff8ba23a0bcb292da3577c1625d_high_performance_210020000,AI_VECTOR_CORE,11,81,3.680,1790773410534830.673	,1790773410534834.353	
0,MatMulV2_ND_ND_FP16_FP16_false_true_all_98513,AI_CORE,11,82,100.942,1790773410534834.373	,1790773410534935.315	
0,N/A,EVENT_WAIT,39,23,2083.441,1790773410534926.255	,1790773410537009.697	
0,HcPost_d2fe6614722b27afa6f8d964c215447e_0,AI_VECTOR_CORE,11,83,7.260,1790773410534935.335	,1790773410534942.595	
0,HcPre_6c9f0fa710253eff38b1c0e6be6a67be_0,MIX_AIC,11,84,27.520,1790773410534943.855	,1790773410534971.376	
0,RmsNorm_normal_all_bf16_high_performance_0,AI_VECTOR_CORE,11,85,4.420,1790773410534972.516	,1790773410534976.936	
0,MatMulV2_ND_ND_FP16_FP16_false_true_all_98513,AI_CORE,11,86,19.660,1790773410534976.976	,1790773410534996.636	
0,RmsNorm_normal_all_bf16_high_performance_2,AI_VECTOR_CORE,11,87,5.460,1790773410534996.676	,1790773410535002.136	
0,RmsNorm_normal_all_bf16_high_performance_2,AI_VECTOR_CORE,11,88,3.820,1790773410535002.156	,1790773410535005.977	
0,ScatterNdUpdate_bfloat16_int32_high_precision_11,MIX_AIV,11,89,5.580,1790773410535007.097	,1790773410535012.677	
0,MatMulV2_ND_ND_FP16_FP16_false_true_all_98499,AI_CORE,11,90,46.660,1790773410535013.777	,1790773410535060.438	
0,TransposeBatchMatMul_ND_ND_ND_ND_ND_BF16_BF16_BF16_INT64_BF16_high_performance_32,AI_CORE,11,91,25.620,1790773410535060.458	,1790773410535086.078	
0,Cast_b2717900ea7de2d41ea9c63d23aa269b_high_performance_210000000,AI_VECTOR_CORE,11,92,2.000,1790773410535086.098	,1790773410535088.098	
0,MatMulV2_ND_ND_FP32_FP32_false_true_all_65665,AI_CORE,11,93,9.640,1790773410535088.118	,1790773410535097.758	
0,LayerNormV3_23ae115d70bd435e4cb966a52be97b55_high_precision_1600400500,AI_VECTOR_CORE,11,94,5.860,1790773410535097.778	,1790773410535103.639	
0,MatMulV2_ND_ND_FP32_FP32_false_true_all_65665,AI_CORE,11,95,8.740,1790773410535103.659	,1790773410535112.399	
0,MatMulV2_ND_ND_FP16_FP16_false_true_all_98499,AI_CORE,11,96,15.900,1790773410535112.439	,1790773410535128.339	
0,Cast_9f288b80370c6545ffe8cef142d37f5c_high_performance_210000000,AI_VECTOR_CORE,11,97,1.380,1790773410535128.359	,1790773410535129.739	
0,Muls_299cf4d7f9ef0f745d89d88c666b45aa_high_performance_210000000,AI_VECTOR_CORE,11,98,1.200,1790773410535129.759	,1790773410535130.959	
0,_glm5_next_kpool_tail_compress_kernel,AI_VECTOR_CORE,11,99,1.740,1790773410535130.999	,1790773410535132.739	
0,_store_kpool_tail_kernel,AI_VECTOR_CORE,11,100,3.060,1790773410535132.779	,1790773410535135.839	
0,Cast_b2717900ea7de2d41ea9c63d23aa269b_high_performance_210000000,AI_VECTOR_CORE,11,101,1.640,1790773410535135.879	,1790773410535137.519	
0,Cast_b2717900ea7de2d41ea9c63d23aa269b_high_performance_210000000,AI_VECTOR_CORE,11,102,1.160,1790773410535137.539	,1790773410535138.699	
0,Mul_ee98c6628030785f610b924ab1557b31_high_performance_212000002,AI_VECTOR_CORE,11,103,7.720,1790773410535138.719	,1790773410535146.439	
0,ReduceSum_7a09f5b7af4126487a7f726a9aac7548_high_performance_82100900,MIX_AIV,11,104,8.000,1790773410535147.819	,1790773410535155.820	
0,_glm5_next_lightning_indexer_score_kernel,AI_VECTOR_CORE,11,105,7.840,1790773410535156.940	,1790773410535164.780	
0,TopKV2_5c671486fda0d949d7cba9a9754bc2dd_high_performance_2017612701781458944,MIX_AIV,11,106,6.500,1790773410535165.900	,1790773410535172.400	
0,Cast_e87590d11ccda8b259ab6b1ea7212319_high_performance_210000000,AI_VECTOR_CORE,11,107,1.440,1790773410535173.200	,1790773410535174.640	
0,Cast_39a266ce9a8d7d9ead33f6686e936b72_high_performance_210000000,AI_VECTOR_CORE,11,108,1.500,1790773410535174.660	,1790773410535176.160	
0,_expand_pool_indices,AI_VECTOR_CORE,11,109,9.240,1790773410535176.180	,1790773410535185.420	
0,SparseFlashAttention_2e25ad8fefac1f04c03bd78f2d2ab366_1158,MIX_AIC,11,110,28.040,1790773410535186.340	,1790773410535214.381	
0,TransposeBatchMatMul_ND_ND_ND_ND_ND_BF16_BF16_BF16_INT64_BF16_high_performance_32,AI_CORE,11,111,21.860,1790773410535215.601	,1790773410535237.461	
0,MatMulV2_ND_ND_FP16_FP16_false_true_all_98513,AI_CORE,11,112,133.502,1790773410535237.481	,1790773410535370.984	
0,N/A,EVENT_WAIT,45,223,1715.514,1790773410535294.202	,1790773410537009.717	
0,N/A,MEMCPY_ASYNC,11,113,0.580,1790773410535371.004	,1790773410535371.584	
0,HcPost_d2fe6614722b27afa6f8d964c215447e_0,AI_VECTOR_CORE,11,114,7.160,1790773410535371.604	,1790773410535378.764	
0,HcPre_6c9f0fa710253eff38b1c0e6be6a67be_0,MIX_AIC,11,115,30.180,1790773410535379.844	,1790773410535410.025	
0,RmsNorm_normal_all_bf16_high_performance_0,AI_VECTOR_CORE,11,116,4.320,1790773410535410.945	,1790773410535415.265	
0,N/A,EVENT_RECORD,11,117,0.020,1790773410535415.285	,1790773410535415.305	
0,Cast_b2717900ea7de2d41ea9c63d23aa269b_high_performance_210000000,AI_VECTOR_CORE,11,118,1.740,1790773410535415.325	,1790773410535417.065	
0,MatMulV2_ND_ND_FP32_FP32_false_true_all_65665,AI_CORE,11,119,5.660,1790773410535417.085	,1790773410535422.745	
0,N/A,EVENT_RECORD,11,120,0.020,1790773410535422.765	,1790773410535422.785	
0,MoeGatingTopK_81369a2fa0455f39b5d19d432d261f57_1,AI_VECTOR_CORE,11,121,4.600,1790773410535422.805	,1790773410535427.405	
0,N/A,EVENT_RECORD,11,122,0.020,1790773410535427.425	,1790773410535427.445	
0,MoeInitRoutingV3_4ca8d2d329b4477b44dd2ee885849b12_2100000,MIX_AIV,11,123,10.720,1790773410535428.845	,1790773410535439.565	
0,GroupedMatmul_0d2d43751f81d7f29646a862147967c9_68885275,MIX_AIC,11,124,226.324,1790773410535442.225	,1790773410535668.550	
0,Slice_ee29dafe4fe21e12bb8d56ae91626cba_high_performance_524000000,AI_VECTOR_CORE,11,125,2.560,1790773410535669.310	,1790773410535671.870	
0,ClipByValueV2_e87c9546cf2804355cf0d9445a2db01a_high_performance_220000000,AI_VECTOR_CORE,11,126,5.680,1790773410535671.890	,1790773410535677.570	
0,ViewCopy_7778b2d0a2938f9247cc0c9f84559eb2_high_performance__kernel0,AI_VECTOR_CORE,11,127,11.420,1790773410535677.590	,1790773410535689.010	
0,Slice_ee29dafe4fe21e12bb8d56ae91626cba_high_performance_524000000,AI_VECTOR_CORE,11,128,2.180,1790773410535689.030	,1790773410535691.210	
0,ClipByValueV2_e87c9546cf2804355cf0d9445a2db01a_high_performance_220000000,AI_VECTOR_CORE,11,129,4.700,1790773410535691.230	,1790773410535695.930	
0,ViewCopy_7778b2d0a2938f9247cc0c9f84559eb2_high_performance__kernel0,AI_VECTOR_CORE,11,130,10.040,1790773410535695.950	,1790773410535705.991	
0,SwiGlu_3_high_performance_27,AI_VECTOR_CORE,11,131,5.460,1790773410535706.011	,1790773410535711.471	
0,N/A,EVENT_RECORD,11,132,0.020,1790773410535711.511	,1790773410535711.531	
0,GroupedMatmul_0d2d43751f81d7f29646a862147967c9_68885275,MIX_AIC,11,133,95.761,1790773410535712.771	,1790773410535808.533	
0,N/A,EVENT_RECORD,11,134,0.020,1790773410535809.793	,1790773410535809.813	
0,Cast_9f288b80370c6545ffe8cef142d37f5c_high_performance_210000000,AI_VECTOR_CORE,11,135,1.140,1790773410535809.833	,1790773410535810.973	
0,Abs_8098b79498645e9c0da095babdeaf862_high_performance_210000000,AI_VECTOR_CORE,11,136,1.440,1790773410535810.993	,1790773410535812.433	
0,MoeTokenUnpermute_6dd49246dc9576d3314234df69cb5c22_1,AI_VECTOR_CORE,11,137,3.960,1790773410535812.453	,1790773410535816.413	
0,MatMulV2_ND_ND_FP16_FP16_false_true_all_98499,AI_CORE,11,138,29.940,1790773410535816.433	,1790773410535846.373	
0,ClipByValueV2_e87c9546cf2804355cf0d9445a2db01a_high_performance_220000000,AI_VECTOR_CORE,11,139,1.740,1790773410535846.393	,1790773410535848.133	
0,ClipByValueV2_e87c9546cf2804355cf0d9445a2db01a_high_performance_220000000,AI_VECTOR_CORE,11,140,1.720,1790773410535848.153	,1790773410535849.873	
0,Muls_299cf4d7f9ef0f745d89d88c666b45aa_high_performance_210000000,AI_VECTOR_CORE,11,141,1.320,1790773410535849.893	,1790773410535851.213	
0,Sigmoid_1c4543fdfe7149b6b0717bd88f061562_high_precision_210000000,AI_VECTOR_CORE,11,142,1.640,1790773410535851.233	,1790773410535852.873	
0,Mul_ce3d1ff8ba23a0bcb292da3577c1625d_high_performance_210020000,AI_VECTOR_CORE,11,143,1.880,1790773410535852.893	,1790773410535854.774	
0,Add_ce3d1ff8ba23a0bcb292da3577c1625d_high_performance_223000000,AI_VECTOR_CORE,11,144,1.420,1790773410535854.814	,1790773410535856.234	
0,Mul_ce3d1ff8ba23a0bcb292da3577c1625d_high_performance_210020000,AI_VECTOR_CORE,11,145,1.380,1790773410535856.274	,1790773410535857.654	
0,MatMulV2_ND_ND_FP16_FP16_false_true_all_98499,AI_CORE,11,146,18.620,1790773410535857.674	,1790773410535876.294	
0,ForeachAddList_c73cb8f503197be65eaf63148ad48de4_high_performance_4,AI_VECTOR_CORE,11,147,15.980,1790773410535876.314	,1790773410535892.294	
0,HcPost_d2fe6614722b27afa6f8d964c215447e_0,AI_VECTOR_CORE,11,148,5.980,1790773410535892.314	,1790773410535898.294	
0,ReduceMean_9a2479d4dc5148645cb3f4b9e765c637_high_precision_92100900,MIX_AIV,11,149,18.880,1790773410535899.754	,1790773410535918.635	
0,RmsNorm_normal_all_bf16_high_performance_0,AI_VECTOR_CORE,11,150,3.120,1790773410535919.835	,1790773410535922.955	
0,N/A,EVENT_RESET,11,151,0.100,1790773410535922.975	,1790773410535923.075	
0,N/A,EVENT_RESET,11,152,0.080,1790773410535923.095	,1790773410535923.175	
0,N/A,EVENT_RESET,11,153,0.100,1790773410535923.195	,1790773410535923.295	
0,N/A,EVENT_RESET,11,154,0.100,1790773410535923.315	,1790773410535923.415	
0,N/A,EVENT_RESET,11,155,0.100,1790773410535923.435	,1790773410535923.535	
0,N/A,NOTIFY_RECORD,11,156,0.020,1790773410535923.555	,1790773410535923.575	
0,IndexCheck_int32_high_performance_1,AI_VECTOR_CORE,47,3787,3.060,1790773410535924.095	,1790773410535927.155	
0,Index_b1b18d29d34a3b544b5bb6b3f56177c3_high_performance__kernel0,AI_VECTOR_CORE,47,3788,8.500,1790773410535927.175	,1790773410535935.675	
0,MatMulV2_ND_ND_FP16_FP16_false_true_all_98499,AI_CORE,47,3789,908.998,1790773410535935.695	,1790773410536844.693	
0,Cast_b2717900ea7de2d41ea9c63d23aa269b_high_performance_210000000,AI_VECTOR_CORE,47,3790,7.500,1790773410536844.713	,1790773410536852.213	
0,LogSoftmaxV2_291664ae3e88b38b8b46c2efbbea27c9_high_precision_400001,AI_VECTOR_CORE,47,3791,44.100,1790773410536852.233	,1790773410536896.334	
0,Cast_b2717900ea7de2d41ea9c63d23aa269b_high_performance_210000000,AI_VECTOR_CORE,47,3792,2.920,1790773410536896.354	,1790773410536899.274	
0,ArgMaxV2_4402011f777d6374ab9f6425cb5984c4_high_performance_3,AI_VECTOR_CORE,47,3793,19.160,1790773410536899.294	,1790773410536918.455	
0,Cast_e87590d11ccda8b259ab6b1ea7212319_high_performance_210000000,AI_VECTOR_CORE,47,3794,1.420,1790773410536918.475	,1790773410536919.895	
0,TopKV2_5c671486fda0d949d7cba9a9754bc2dd_high_performance_2017612907941986305,MIX_AIV,47,3795,18.360,1790773410536920.855	,1790773410536939.215	
0,TopKV2_5c671486fda0d949d7cba9a9754bc2dd_high_performance_2017612701781458944,MIX_AIV,47,3796,3.860,1790773410536942.195	,1790773410536946.055	
0,GatherElements_8b4ec10fbb39c5c0a65192c606400b29_high_performance__kernel0,AI_VECTOR_CORE,47,3797,10.200,1790773410536947.035	,1790773410536957.236	
0,Cast_e87590d11ccda8b259ab6b1ea7212319_high_performance_210000000,AI_VECTOR_CORE,47,3798,1.060,1790773410536957.256	,1790773410536958.316	
0,Cast_39a266ce9a8d7d9ead33f6686e936b72_high_performance_210000000,AI_VECTOR_CORE,47,3799,1.460,1790773410536958.356	,1790773410536959.816	
0,GatherElementsV2_fp32_high_performance_2,AI_VECTOR_CORE,47,3800,3.780,1790773410536959.836	,1790773410536963.616	
0,GreaterEqual_3efaad932f458d7892fdb0715ec85b2b_high_performance_223000000,AI_VECTOR_CORE,47,3801,8.440,1790773410536963.636	,1790773410536972.076	
0,Cast_df2b778f1b80e749bd4242386ec57ab9_high_performance_210000000,AI_VECTOR_CORE,47,3802,6.680,1790773410536972.096	,1790773410536978.776	
0,ReduceSum_7a09f5b7af4126487a7f726a9aac7548_high_performance_110001000400,MIX_AIV,47,3803,19.980,1790773410536979.836	,1790773410536999.816	
0,Cast_c6738f795430c3c6f09cdc8d52a1b43d_high_performance_210000000,AI_VECTOR_CORE,47,3804,1.280,1790773410537000.536	,1790773410537001.816	
0,ConcatD_0d745295987e1c668b2ec8b2844aeada_high_performance_3000001,AI_VECTOR_CORE,47,3805,2.540,1790773410537001.836	,1790773410537004.376	
0,ConcatD_233851a3505389e43928a8bba133a74d_high_performance_3000001,AI_VECTOR_CORE,47,3806,1.880,1790773410537004.416	,1790773410537006.297	
0,Cast_39a266ce9a8d7d9ead33f6686e936b72_high_performance_210000000,AI_VECTOR_CORE,47,3807,1.400,1790773410537006.317	,1790773410537007.717	
0,Cast_39a266ce9a8d7d9ead33f6686e936b72_high_performance_210000000,AI_VECTOR_CORE,47,3808,1.460,1790773410537007.737	,1790773410537009.197	
0,N/A,EVENT_RECORD,47,3809,0.020,1790773410537009.217	,1790773410537009.237	
0,N/A,EVENT_RECORD,47,3810,0.020,1790773410537009.257	,1790773410537009.277	
0,N/A,MEMCPY_ASYNC,45,224,2.100,1790773410537009.757	,1790773410537011.857	
0,N/A,MEMCPY_ASYNC,45,225,2.060,1790773410537012.017	,1790773410537014.077	
0,N/A,MEMCPY_ASYNC,45,226,2.080,1790773410537014.237	,1790773410537016.317	
0,N/A,MEMCPY_ASYNC,45,227,2.220,1790773410537016.477	,1790773410537018.697	
0,N/A,EVENT_RECORD,45,228,0.020,1790773410537018.857	,1790773410537018.877	
0,N/A,EVENT_RECORD,45,229,0.000,1790773410537018.897	,1790773410537018.897	
0,N/A,EVENT_RECORD,45,230,0.020,1790773410537018.917	,1790773410537018.937	
0,N/A,EVENT_RECORD,45,231,0.020,1790773410537018.957	,1790773410537018.977	
0,N/A,EVENT_RECORD,45,232,0.000,1790773410537018.997	,1790773410537018.997	
0,N/A,MEMCPY_ASYNC,47,3811,2.420,1790773410537231.521	,1790773410537233.941	
0,N/A,MEMCPY_ASYNC,47,3812,2.360,1790773410537290.742	,1790773410537293.102	
0,N/A,MEMCPY_ASYNC,47,3813,2.240,1790773410537351.223	,1790773410537353.463	
0,N/A,MEMCPY_ASYNC,47,3814,2.480,1790773410537430.645	,1790773410537433.125	
0,N/A,MEMCPY_ASYNC,47,3815,2.380,1790773410537481.546	,1790773410537483.926	
0,N/A,MEMCPY_ASYNC,47,3816,2.520,1790773410537727.451	,1790773410537729.971	
0,N/A,MEMCPY_ASYNC,47,3817,2.420,1790773410537900.374	,1790773410537902.794	
0,N/A,MEMCPY_ASYNC,47,3818,2.220,1790773410537950.195	,1790773410537952.415	
0,Fill_1fbc7ee619b707282bbfd034093621df_high_performance_223000000,AI_VECTOR_CORE,47,3819,1.480,1790773410538107.139	,1790773410538108.619	
0,N/A,MEMCPY_ASYNC,47,3820,0.640,1790773410538301.162	,1790773410538301.802	
0,N/A,MEMCPY_ASYNC,47,3821,2.280,1790773410538519.187	,1790773410538521.467	
0,Fill_1fbc7ee619b707282bbfd034093621df_high_performance_223000000,AI_VECTOR_CORE,47,3822,1.560,1790773410538571.048	,1790773410538572.608	
0,N/A,MEMCPY_ASYNC,47,3823,2.380,1790773410538617.289	,1790773410538619.669	
0,N/A,MEMCPY_ASYNC,47,3824,2.260,1790773410538705.430	,1790773410538707.691	
0,N/A,MEMCPY_ASYNC,47,3825,2.240,1790773410538785.812	,1790773410538788.052	
0,N/A,MEMCPY_ASYNC,47,3826,2.420,1790773410538857.774	,1790773410538860.194	
0,IndexCheck_int64_high_performance_0,AI_VECTOR_CORE,47,3827,2.880,1790773410538966.396	,1790773410538969.276	
0,Index_f34e8f0e5e2c96109aa0460550023804_high_performance__kernel0,AI_VECTOR_CORE,47,3828,8.300,1790773410538969.296	,1790773410538977.596	
0,Cast_e87590d11ccda8b259ab6b1ea7212319_high_performance_210000000,AI_VECTOR_CORE,47,3829,1.180,1790773410539042.497	,1790773410539043.677	
0,Add_41dadce325b0f810d03359af2a38990b_high_performance_210000000,AI_VECTOR_CORE,47,3830,2.880,1790773410539104.218	,1790773410539107.098	
0,N/A,MEMCPY_ASYNC,47,3831,0.560,1790773410539199.840	,1790773410539200.400	
0,Add_9342884c99c006e21fc9d5d9260b8bef_high_performance_210000000,AI_VECTOR_CORE,47,3832,1.540,1790773410539268.542	,1790773410539270.082	
0,N/A,MEMCPY_ASYNC,47,3833,0.600,1790773410539350.623	,1790773410539351.223	
0,Fill_1fbc7ee619b707282bbfd034093621df_high_performance_223000000,AI_VECTOR_CORE,47,3834,1.500,1790773410539402.944	,1790773410539404.444	
0,_compute_slot_mapping_fused_groups_kernel,AI_VECTOR_CORE,47,3835,21.660,1790773410539748.531	,1790773410539770.192	
0,Sub_9342884c99c006e21fc9d5d9260b8bef_high_performance_210000000,AI_VECTOR_CORE,47,3836,1.500,1790773410539912.155	,1790773410539913.655	
0,N/A,MEMCPY_ASYNC,47,3837,2.280,1790773410540304.702	,1790773410540306.982	
0,Cast_e87590d11ccda8b259ab6b1ea7212319_high_performance_210000000,AI_VECTOR_CORE,47,3838,1.320,1790773410541003.456	,1790773410541004.776	
0,FloorDiv_41dadce325b0f810d03359af2a38990b_high_performance_223000000,AI_VECTOR_CORE,47,3839,3.360,1790773410541004.796	,1790773410541008.156	
0,Cast_39a266ce9a8d7d9ead33f6686e936b72_high_performance_210000000,AI_VECTOR_CORE,47,3840,1.260,1790773410541019.157	,1790773410541020.417	
0,N/A,MEMCPY_ASYNC,47,3841,0.580,1790773410541157.639	,1790773410541158.219	
0,Cast_e87590d11ccda8b259ab6b1ea7212319_high_performance_210000000,AI_VECTOR_CORE,47,3842,1.160,1790773410541244.001	,1790773410541245.161	
0,GreaterEqual_1ea4da630f56dc1c2d6e7c9a9dd17b11_high_performance_210000000,AI_VECTOR_CORE,47,3843,3.240,1790773410541245.781	,1790773410541249.021	
0,Add_41dadce325b0f810d03359af2a38990b_high_performance_210000000,AI_VECTOR_CORE,47,3844,2.260,1790773410541294.882	,1790773410541297.142	
0,BroadcastTo_41dadce325b0f810d03359af2a38990b_high_performance_210000000,AI_VECTOR_CORE,47,3845,1.480,1790773410541349.983	,1790773410541351.463	
0,FloorMod_41dadce325b0f810d03359af2a38990b_high_precision_210000000,AI_VECTOR_CORE,47,3846,1.880,1790773410541351.963	,1790773410541353.843	
0,Equal_1ea4da630f56dc1c2d6e7c9a9dd17b11_high_performance_210000000,AI_VECTOR_CORE,47,3847,2.420,1790773410541389.244	,1790773410541391.664	
0,LogicalAnd_91d2a3cdd75d915a368582ec5f440af1_high_performance_210000000,AI_VECTOR_CORE,47,3848,1.440,1790773410541433.805	,1790773410541435.245	
0,ClipByValueV2_3bc53d14ff7dfecd0ed0c69136ab471a_high_performance_210000000,AI_VECTOR_CORE,47,3849,1.660,1790773410541470.926	,1790773410541472.586	
0,Cast_e87590d11ccda8b259ab6b1ea7212319_high_performance_210000000,AI_VECTOR_CORE,47,3850,1.280,1790773410541536.347	,1790773410541537.627	
0,FloorDiv_41dadce325b0f810d03359af2a38990b_high_performance_210000000,AI_VECTOR_CORE,47,3851,2.400,1790773410541537.827	,1790773410541540.227	
0,Cast_39a266ce9a8d7d9ead33f6686e936b72_high_performance_210000000,AI_VECTOR_CORE,47,3852,1.360,1790773410541551.767	,1790773410541553.127	
0,BroadcastTo_c71434db8135ff9089d65053721e3417_high_performance_210000000,AI_VECTOR_CORE,47,3853,1.300,1790773410541581.448	,1790773410541582.748	
0,FloorMod_9342884c99c006e21fc9d5d9260b8bef_high_precision_210000000,AI_VECTOR_CORE,47,3854,3.220,1790773410541583.268	,1790773410541586.488	
0,Mul_9342884c99c006e21fc9d5d9260b8bef_high_performance_210000000,AI_VECTOR_CORE,47,3855,1.460,1790773410541626.849	,1790773410541628.309	
0,Cast_e87590d11ccda8b259ab6b1ea7212319_high_performance_210000000,AI_VECTOR_CORE,47,3856,1.160,1790773410541684.150	,1790773410541685.310	
0,FloorDiv_41dadce325b0f810d03359af2a38990b_high_performance_210000000,AI_VECTOR_CORE,47,3857,1.740,1790773410541686.130	,1790773410541687.870	
0,Cast_39a266ce9a8d7d9ead33f6686e936b72_high_performance_210000000,AI_VECTOR_CORE,47,3858,1.440,1790773410541697.110	,1790773410541698.550	
0,Add_9342884c99c006e21fc9d5d9260b8bef_high_performance_210000000,AI_VECTOR_CORE,47,3859,1.320,1790773410541708.090	,1790773410541709.410	
0,Fill_1fbc7ee619b707282bbfd034093621df_high_performance_210000000,AI_VECTOR_CORE,47,3860,1.580,1790773410541771.392	,1790773410541772.972	
0,SelectV2_9bb0969ab50036eba4428cd9974a5c0b_high_performance_210000000,AI_VECTOR_CORE,47,3861,1.800,1790773410541807.612	,1790773410541809.412	
0,Cast_e87590d11ccda8b259ab6b1ea7212319_high_performance_210000000,AI_VECTOR_CORE,47,3862,1.160,1790773410541855.333	,1790773410541856.493	
0,Cast_e87590d11ccda8b259ab6b1ea7212319_high_performance_210000000,AI_VECTOR_CORE,47,3863,1.160,1790773410541943.175	,1790773410541944.335	
0,FloorDiv_41dadce325b0f810d03359af2a38990b_high_performance_210000000,AI_VECTOR_CORE,47,3864,1.960,1790773410541945.335	,1790773410541947.295	
0,Cast_39a266ce9a8d7d9ead33f6686e936b72_high_performance_210000000,AI_VECTOR_CORE,47,3865,1.180,1790773410541956.235	,1790773410541957.415	
0,N/A,MEMCPY_ASYNC,47,3866,0.600,1790773410542064.298	,1790773410542064.898	
0,N/A,MEMCPY_ASYNC,47,3867,0.620,1790773410542153.819	,1790773410542154.439	
0,N/A,MEMCPY_ASYNC,47,3868,0.620,1790773410543117.259	,1790773410543117.879	
0,N/A,MEMCPY_ASYNC,47,3869,0.640,1790773410543282.142	,1790773410543282.782	
0,N/A,MEMCPY_ASYNC,47,3870,0.660,1790773410543422.705	,1790773410543423.365	
0,Sub_9342884c99c006e21fc9d5d9260b8bef_high_performance_210000000,AI_VECTOR_CORE,47,3871,1.420,1790773410543492.646	,1790773410543494.066	
0,N/A,MEMCPY_ASYNC,47,3872,0.800,1790773410544308.482	,1790773410544309.282	
0,N/A,MEMCPY_ASYNC,47,3873,0.580,1790773410544485.626	,1790773410544486.206	
0,N/A,MEMCPY_ASYNC,47,3874,0.660,1790773410544642.729	,1790773410544643.389	
0,Sub_9342884c99c006e21fc9d5d9260b8bef_high_performance_210000000,AI_VECTOR_CORE,47,3875,1.500,1790773410544704.790	,1790773410544706.290	
0,N/A,MEMCPY_ASYNC,47,3876,0.620,1790773410545374.464	,1790773410545375.084	
0,N/A,MEMCPY_ASYNC,47,3877,0.620,1790773410545528.067	,1790773410545528.687	
0,N/A,MEMCPY_ASYNC,47,3878,0.580,1790773410545670.770	,1790773410545671.350	
0,Sub_9342884c99c006e21fc9d5d9260b8bef_high_performance_210000000,AI_VECTOR_CORE,47,3879,1.440,1790773410545741.271	,1790773410545742.711	
0,N/A,EVENT_RECORD,47,3880,0.020,1790773410545976.296	,1790773410545976.316	
0,Fill_279daeaf6b659300647aba3935d90048_high_performance_210000000,AI_VECTOR_CORE,47,3881,1.420,1790773410546372.244	,1790773410546373.664	
0,N/A,MEMCPY_ASYNC,47,3882,0.580,1790773410546445.525	,1790773410546446.105	
0,Fill_279daeaf6b659300647aba3935d90048_high_performance_210000000,AI_VECTOR_CORE,47,3883,1.360,1790773410546495.646	,1790773410546497.006	
0,N/A,MODEL_EXECUTE,47,3884,3.040,1790773410546754.231	,1790773410546757.271	
0,Cast_e87590d11ccda8b259ab6b1ea7212319_high_performance_210000000,AI_VECTOR_CORE,11,0,1.280,1790773410546757.191	,1790773410546758.471	
0,GatherV2_7869a97190b9b4d296d9414a005b954b_high_precision_900015015,AI_VECTOR_CORE,11,1,10.260,1790773410546758.491	,1790773410546768.752	
0,BroadcastTo_7e5992d3033ef32a3463c5d198e518a1_high_performance_221000002,AI_VECTOR_CORE,11,2,6.180,1790773410546768.772	,1790773410546774.952	
0,N/A,NOTIFY_WAIT,47,3885,3004.380,1790773410546772.552	,1790773410549776.932	
0,HcPre_6c9f0fa710253eff38b1c0e6be6a67be_0,MIX_AIC,11,3,29.660,1790773410546776.092	,1790773410546805.752	
0,RmsNorm_normal_all_bf16_high_performance_0,AI_VECTOR_CORE,11,4,4.580,1790773410546806.572	,1790773410546811.152	
0,MatMulV2_ND_ND_FP16_FP16_false_true_all_98499,AI_CORE,11,5,153.243,1790773410546811.172	,1790773410546964.415	
0,MatMulV2_ND_ND_FP16_FP16_false_true_all_98325,AI_CORE,11,6,8.040,1790773410546964.435	,1790773410546972.476	
0,MatMulV2_ND_ND_FP16_FP16_false_true_all_98325,AI_CORE,11,7,5.520,1790773410546972.516	,1790773410546978.036	
0,ZerosLike_1c4543fdfe7149b6b0717bd88f061562_high_performance_210000000,AI_VECTOR_CORE,11,8,5.860,1790773410546978.056	,1790773410546983.916	
0,_copy_conv_state_kernel,AI_VECTOR_CORE,11,9,8.140,1790773410546983.936	,1790773410546992.076	
0,CausalConv1d_b0123b7fae3057c534dbb03661977c42_1,MIX_AIC,11,10,13.440,1790773410546993.396	,1790773410547006.836	
0,N/A,MEMCPY_ASYNC,11,11,0.660,1790773410547008.036	,1790773410547008.696	
0,_copy_conv_state_kernel,AI_VECTOR_CORE,11,12,7.380,1790773410547008.716	,1790773410547016.097	
0,RecurrentKda_1ac9a791ca2957b2fe0a2e96909b5782_0,AI_VECTOR_CORE,11,13,30.640,1790773410547016.117	,1790773410547046.757	
0,_write_output,AI_VECTOR_CORE,11,14,2.740,1790773410547046.797	,1790773410547049.537	
0,layer_norm_gated_fwd_kernel,AI_VECTOR_CORE,11,15,3.300,1790773410547049.557	,1790773410547052.857	
0,MatMulV2_ND_ND_FP16_FP16_false_true_all_98499,AI_CORE,11,16,54.641,1790773410547052.877	,1790773410547107.518	
0,HcPost_d2fe6614722b27afa6f8d964c215447e_0,AI_VECTOR_CORE,11,17,7.160,1790773410547107.538	,1790773410547114.698	
0,HcPre_6c9f0fa710253eff38b1c0e6be6a67be_0,MIX_AIC,11,18,33.540,1790773410547115.679	,1790773410547149.219	
0,RmsNorm_normal_all_bf16_high_performance_0,AI_VECTOR_CORE,11,19,4.460,1790773410547150.459	,1790773410547154.919	
0,MatMulV2_ND_ND_FP16_FP16_false_true_all_98499,AI_CORE,11,20,158.923,1790773410547154.939	,1790773410547313.862	
0,ClipByValueV2_e87c9546cf2804355cf0d9445a2db01a_high_performance_220000000,AI_VECTOR_CORE,11,21,5.300,1790773410547313.882	,1790773410547319.183	
0,ClipByValueV2_e87c9546cf2804355cf0d9445a2db01a_high_performance_220000000,AI_VECTOR_CORE,11,22,4.480,1790773410547319.203	,1790773410547323.683	
0,Muls_299cf4d7f9ef0f745d89d88c666b45aa_high_performance_210000000,AI_VECTOR_CORE,11,23,3.040,1790773410547323.703	,1790773410547326.743	
0,Sigmoid_1c4543fdfe7149b6b0717bd88f061562_high_precision_210000000,AI_VECTOR_CORE,11,24,3.780,1790773410547326.783	,1790773410547330.563	
0,Mul_ce3d1ff8ba23a0bcb292da3577c1625d_high_performance_210020000,AI_VECTOR_CORE,11,25,3.240,1790773410547330.583	,1790773410547333.823	
0,Add_ce3d1ff8ba23a0bcb292da3577c1625d_high_performance_223000000,AI_VECTOR_CORE,11,26,3.080,1790773410547333.843	,1790773410547336.923	
0,Mul_ce3d1ff8ba23a0bcb292da3577c1625d_high_performance_210020000,AI_VECTOR_CORE,11,27,3.620,1790773410547336.963	,1790773410547340.583	
0,MatMulV2_ND_ND_FP16_FP16_false_true_all_98513,AI_CORE,11,28,105.582,1790773410547340.603	,1790773410547446.185	
0,HcPost_d2fe6614722b27afa6f8d964c215447e_0,AI_VECTOR_CORE,11,29,7.300,1790773410547446.205	,1790773410547453.505	
0,HcPre_6c9f0fa710253eff38b1c0e6be6a67be_0,MIX_AIC,11,30,29.520,1790773410547454.665	,1790773410547484.186	
0,RmsNorm_normal_all_bf16_high_performance_0,AI_VECTOR_CORE,11,31,4.620,1790773410547485.146	,1790773410547489.766	
0,MatMulV2_ND_ND_FP16_FP16_false_true_all_98499,AI_CORE,11,32,156.403,1790773410547489.806	,1790773410547646.209	
0,MatMulV2_ND_ND_FP16_FP16_false_true_all_98325,AI_CORE,11,33,6.520,1790773410547646.229	,1790773410547652.749	
0,MatMulV2_ND_ND_FP16_FP16_false_true_all_98325,AI_CORE,11,34,5.420,1790773410547652.769	,1790773410547658.189	
0,ZerosLike_1c4543fdfe7149b6b0717bd88f061562_high_performance_210000000,AI_VECTOR_CORE,11,35,5.100,1790773410547658.209	,1790773410547663.309	
0,_copy_conv_state_kernel,AI_VECTOR_CORE,11,36,8.240,1790773410547663.329	,1790773410547671.570	
0,CausalConv1d_b0123b7fae3057c534dbb03661977c42_1,MIX_AIC,11,37,13.620,1790773410547672.510	,1790773410547686.130	
0,N/A,MEMCPY_ASYNC,11,38,0.680,1790773410547687.130	,1790773410547687.810	
0,_copy_conv_state_kernel,AI_VECTOR_CORE,11,39,7.440,1790773410547687.830	,1790773410547695.270	
0,RecurrentKda_1ac9a791ca2957b2fe0a2e96909b5782_0,AI_VECTOR_CORE,11,40,31.640,1790773410547695.310	,1790773410547726.951	
0,_write_output,AI_VECTOR_CORE,11,41,2.680,1790773410547726.971	,1790773410547729.651	
0,layer_norm_gated_fwd_kernel,AI_VECTOR_CORE,11,42,3.320,1790773410547729.671	,1790773410547732.991	
0,MatMulV2_ND_ND_FP16_FP16_false_true_all_98499,AI_CORE,11,43,64.521,1790773410547733.011	,1790773410547797.532	
0,HcPost_d2fe6614722b27afa6f8d964c215447e_0,AI_VECTOR_CORE,11,44,7.020,1790773410547797.572	,1790773410547804.592	
0,HcPre_6c9f0fa710253eff38b1c0e6be6a67be_0,MIX_AIC,11,45,31.660,1790773410547805.612	,1790773410547837.273	
0,RmsNorm_normal_all_bf16_high_performance_0,AI_VECTOR_CORE,11,46,4.480,1790773410547838.553	,1790773410547843.033	
0,MatMulV2_ND_ND_FP16_FP16_false_true_all_98499,AI_CORE,11,47,163.543,1790773410547843.053	,1790773410548006.596	
0,ClipByValueV2_e87c9546cf2804355cf0d9445a2db01a_high_performance_220000000,AI_VECTOR_CORE,11,48,5.160,1790773410548006.616	,1790773410548011.776	
0,ClipByValueV2_e87c9546cf2804355cf0d9445a2db01a_high_performance_220000000,AI_VECTOR_CORE,11,49,4.720,1790773410548011.796	,1790773410548016.517	
0,Muls_299cf4d7f9ef0f745d89d88c666b45aa_high_performance_210000000,AI_VECTOR_CORE,11,50,3.040,1790773410548016.537	,1790773410548019.577	
0,Sigmoid_1c4543fdfe7149b6b0717bd88f061562_high_precision_210000000,AI_VECTOR_CORE,11,51,3.840,1790773410548019.597	,1790773410548023.437	
0,Mul_ce3d1ff8ba23a0bcb292da3577c1625d_high_performance_210020000,AI_VECTOR_CORE,11,52,3.340,1790773410548023.477	,1790773410548026.817	
0,Add_ce3d1ff8ba23a0bcb292da3577c1625d_high_performance_223000000,AI_VECTOR_CORE,11,53,3.040,1790773410548026.837	,1790773410548029.877	
0,Mul_ce3d1ff8ba23a0bcb292da3577c1625d_high_performance_210020000,AI_VECTOR_CORE,11,54,3.600,1790773410548029.897	,1790773410548033.497	
0,MatMulV2_ND_ND_FP16_FP16_false_true_all_98513,AI_CORE,11,55,101.922,1790773410548033.517	,1790773410548135.439	
0,HcPost_d2fe6614722b27afa6f8d964c215447e_0,AI_VECTOR_CORE,11,56,7.460,1790773410548135.459	,1790773410548142.919	
0,HcPre_6c9f0fa710253eff38b1c0e6be6a67be_0,MIX_AIC,11,57,33.420,1790773410548144.179	,1790773410548177.600	
0,RmsNorm_normal_all_bf16_high_performance_0,AI_VECTOR_CORE,11,58,4.360,1790773410548178.360	,1790773410548182.720	
0,MatMulV2_ND_ND_FP16_FP16_false_true_all_98499,AI_CORE,11,59,148.962,1790773410548182.740	,1790773410548331.703	
0,MatMulV2_ND_ND_FP16_FP16_false_true_all_98325,AI_CORE,11,60,6.400,1790773410548331.723	,1790773410548338.123	
0,MatMulV2_ND_ND_FP16_FP16_false_true_all_98325,AI_CORE,11,61,5.460,1790773410548338.143	,1790773410548343.603	
0,ZerosLike_1c4543fdfe7149b6b0717bd88f061562_high_performance_210000000,AI_VECTOR_CORE,11,62,5.060,1790773410548343.643	,1790773410548348.703	
0,_copy_conv_state_kernel,AI_VECTOR_CORE,11,63,7.940,1790773410548348.723	,1790773410548356.663	
0,CausalConv1d_b0123b7fae3057c534dbb03661977c42_1,MIX_AIC,11,64,13.540,1790773410548357.543	,1790773410548371.084	
0,N/A,MEMCPY_ASYNC,11,65,0.660,1790773410548372.144	,1790773410548372.804	
0,_copy_conv_state_kernel,AI_VECTOR_CORE,11,66,7.360,1790773410548372.824	,1790773410548380.184	
0,RecurrentKda_1ac9a791ca2957b2fe0a2e96909b5782_0,AI_VECTOR_CORE,11,67,31.520,1790773410548380.224	,1790773410548411.744	
0,_write_output,AI_VECTOR_CORE,11,68,2.920,1790773410548411.764	,1790773410548414.684	
0,layer_norm_gated_fwd_kernel,AI_VECTOR_CORE,11,69,3.200,1790773410548414.704	,1790773410548417.905	
0,MatMulV2_ND_ND_FP16_FP16_false_true_all_98499,AI_CORE,11,70,59.161,1790773410548417.925	,1790773410548477.086	
0,HcPost_d2fe6614722b27afa6f8d964c215447e_0,AI_VECTOR_CORE,11,71,7.220,1790773410548477.106	,1790773410548484.326	
0,HcPre_6c9f0fa710253eff38b1c0e6be6a67be_0,MIX_AIC,11,72,28.560,1790773410548485.326	,1790773410548513.886	
0,RmsNorm_normal_all_bf16_high_performance_0,AI_VECTOR_CORE,11,73,4.340,1790773410548514.606	,1790773410548518.947	
0,MatMulV2_ND_ND_FP16_FP16_false_true_all_98499,AI_CORE,11,74,159.263,1790773410548518.967	,1790773410548678.230	
0,ClipByValueV2_e87c9546cf2804355cf0d9445a2db01a_high_performance_220000000,AI_VECTOR_CORE,11,75,5.420,1790773410548678.250	,1790773410548683.670	
0,ClipByValueV2_e87c9546cf2804355cf0d9445a2db01a_high_performance_220000000,AI_VECTOR_CORE,11,76,4.500,1790773410548683.690	,1790773410548688.190	
0,Muls_299cf4d7f9ef0f745d89d88c666b45aa_high_performance_210000000,AI_VECTOR_CORE,11,77,2.920,1790773410548688.210	,1790773410548691.130	
0,Sigmoid_1c4543fdfe7149b6b0717bd88f061562_high_precision_210000000,AI_VECTOR_CORE,11,78,3.700,1790773410548691.170	,1790773410548694.870	
0,Mul_ce3d1ff8ba23a0bcb292da3577c1625d_high_performance_210020000,AI_VECTOR_CORE,11,79,3.240,1790773410548694.890	,1790773410548698.130	
0,Add_ce3d1ff8ba23a0bcb292da3577c1625d_high_performance_223000000,AI_VECTOR_CORE,11,80,3.240,1790773410548698.150	,1790773410548701.390	
0,Mul_ce3d1ff8ba23a0bcb292da3577c1625d_high_performance_210020000,AI_VECTOR_CORE,11,81,3.720,1790773410548701.410	,1790773410548705.130	
0,MatMulV2_ND_ND_FP16_FP16_false_true_all_98513,AI_CORE,11,82,100.882,1790773410548705.150	,1790773410548806.032	
0,HcPost_d2fe6614722b27afa6f8d964c215447e_0,AI_VECTOR_CORE,11,83,7.420,1790773410548806.052	,1790773410548813.472	
0,N/A,EVENT_WAIT,39,24,2044.720,1790773410548813.152	,1790773410550857.873	
0,HcPre_6c9f0fa710253eff38b1c0e6be6a67be_0,MIX_AIC,11,84,27.860,1790773410548814.872	,1790773410548842.733	
0,RmsNorm_normal_all_bf16_high_performance_0,AI_VECTOR_CORE,11,85,4.520,1790773410548843.533	,1790773410548848.053	
0,MatMulV2_ND_ND_FP16_FP16_false_true_all_98513,AI_CORE,11,86,18.900,1790773410548848.073	,1790773410548866.973	
0,RmsNorm_normal_all_bf16_high_performance_2,AI_VECTOR_CORE,11,87,5.500,1790773410548866.993	,1790773410548872.494	
0,RmsNorm_normal_all_bf16_high_performance_2,AI_VECTOR_CORE,11,88,3.840,1790773410548872.514	,1790773410548876.354	
0,ScatterNdUpdate_bfloat16_int32_high_precision_11,MIX_AIV,11,89,5.120,1790773410548877.494	,1790773410548882.614	
0,MatMulV2_ND_ND_FP16_FP16_false_true_all_98499,AI_CORE,11,90,46.860,1790773410548883.574	,1790773410548930.435	
0,TransposeBatchMatMul_ND_ND_ND_ND_ND_BF16_BF16_BF16_INT64_BF16_high_performance_32,AI_CORE,11,91,25.060,1790773410548930.455	,1790773410548955.515	
0,Cast_b2717900ea7de2d41ea9c63d23aa269b_high_performance_210000000,AI_VECTOR_CORE,11,92,1.980,1790773410548955.555	,1790773410548957.535	
0,MatMulV2_ND_ND_FP32_FP32_false_true_all_65665,AI_CORE,11,93,9.240,1790773410548957.555	,1790773410548966.795	
0,LayerNormV3_23ae115d70bd435e4cb966a52be97b55_high_precision_1600400500,AI_VECTOR_CORE,11,94,5.540,1790773410548966.815	,1790773410548972.356	
0,MatMulV2_ND_ND_FP32_FP32_false_true_all_65665,AI_CORE,11,95,8.720,1790773410548972.376	,1790773410548981.096	
0,MatMulV2_ND_ND_FP16_FP16_false_true_all_98499,AI_CORE,11,96,15.940,1790773410548981.116	,1790773410548997.056	
0,Cast_9f288b80370c6545ffe8cef142d37f5c_high_performance_210000000,AI_VECTOR_CORE,11,97,1.360,1790773410548997.076	,1790773410548998.436	
0,Muls_299cf4d7f9ef0f745d89d88c666b45aa_high_performance_210000000,AI_VECTOR_CORE,11,98,1.340,1790773410548998.456	,1790773410548999.796	
0,_glm5_next_kpool_tail_compress_kernel,AI_VECTOR_CORE,11,99,1.920,1790773410548999.816	,1790773410549001.736	
0,_store_kpool_tail_kernel,AI_VECTOR_CORE,11,100,3.060,1790773410549001.756	,1790773410549004.816	
0,Cast_b2717900ea7de2d41ea9c63d23aa269b_high_performance_210000000,AI_VECTOR_CORE,11,101,1.820,1790773410549004.836	,1790773410549006.656	
0,Cast_b2717900ea7de2d41ea9c63d23aa269b_high_performance_210000000,AI_VECTOR_CORE,11,102,1.160,1790773410549006.696	,1790773410549007.856	
0,Mul_ee98c6628030785f610b924ab1557b31_high_performance_212000002,AI_VECTOR_CORE,11,103,8.180,1790773410549007.876	,1790773410549016.056	
0,ReduceSum_7a09f5b7af4126487a7f726a9aac7548_high_performance_82100900,MIX_AIV,11,104,8.040,1790773410549017.417	,1790773410549025.457	
0,_glm5_next_lightning_indexer_score_kernel,AI_VECTOR_CORE,11,105,8.480,1790773410549026.557	,1790773410549035.037	
0,TopKV2_5c671486fda0d949d7cba9a9754bc2dd_high_performance_2017612701781458944,MIX_AIV,11,106,6.120,1790773410549036.117	,1790773410549042.237	
0,Cast_e87590d11ccda8b259ab6b1ea7212319_high_performance_210000000,AI_VECTOR_CORE,11,107,1.400,1790773410549043.497	,1790773410549044.897	
0,Cast_39a266ce9a8d7d9ead33f6686e936b72_high_performance_210000000,AI_VECTOR_CORE,11,108,1.480,1790773410549044.917	,1790773410549046.397	
0,_expand_pool_indices,AI_VECTOR_CORE,11,109,9.320,1790773410549046.417	,1790773410549055.737	
0,SparseFlashAttention_2e25ad8fefac1f04c03bd78f2d2ab366_1158,MIX_AIC,11,110,27.900,1790773410549056.637	,1790773410549084.538	
0,TransposeBatchMatMul_ND_ND_ND_ND_ND_BF16_BF16_BF16_INT64_BF16_high_performance_32,AI_CORE,11,111,21.620,1790773410549085.258	,1790773410549106.878	
0,MatMulV2_ND_ND_FP16_FP16_false_true_all_98513,AI_CORE,11,112,132.582,1790773410549106.898	,1790773410549239.481	
0,N/A,EVENT_WAIT,45,233,1661.873,1790773410549196.020	,1790773410550857.893	
0,N/A,MEMCPY_ASYNC,11,113,0.580,1790773410549239.501	,1790773410549240.081	
0,HcPost_d2fe6614722b27afa6f8d964c215447e_0,AI_VECTOR_CORE,11,114,7.380,1790773410549240.101	,1790773410549247.481	
0,HcPre_6c9f0fa710253eff38b1c0e6be6a67be_0,MIX_AIC,11,115,29.980,1790773410549248.481	,1790773410549278.462	
0,RmsNorm_normal_all_bf16_high_performance_0,AI_VECTOR_CORE,11,116,4.360,1790773410549279.582	,1790773410549283.942	
0,N/A,EVENT_RECORD,11,117,0.000,1790773410549283.982	,1790773410549283.982	
0,Cast_b2717900ea7de2d41ea9c63d23aa269b_high_performance_210000000,AI_VECTOR_CORE,11,118,1.720,1790773410549284.022	,1790773410549285.742	
0,MatMulV2_ND_ND_FP32_FP32_false_true_all_65665,AI_CORE,11,119,5.700,1790773410549285.762	,1790773410549291.462	
0,N/A,EVENT_RECORD,11,120,0.020,1790773410549291.482	,1790773410549291.502	
0,MoeGatingTopK_81369a2fa0455f39b5d19d432d261f57_1,AI_VECTOR_CORE,11,121,4.240,1790773410549291.522	,1790773410549295.762	
0,N/A,EVENT_RECORD,11,122,0.020,1790773410549295.782	,1790773410549295.802	
0,MoeInitRoutingV3_4ca8d2d329b4477b44dd2ee885849b12_2100000,MIX_AIV,11,123,10.480,1790773410549296.902	,1790773410549307.382	
0,GroupedMatmul_0d2d43751f81d7f29646a862147967c9_68885275,MIX_AIC,11,124,209.764,1790773410549310.322	,1790773410549520.087	
0,Slice_ee29dafe4fe21e12bb8d56ae91626cba_high_performance_524000000,AI_VECTOR_CORE,11,125,2.780,1790773410549520.907	,1790773410549523.687	
0,ClipByValueV2_e87c9546cf2804355cf0d9445a2db01a_high_performance_220000000,AI_VECTOR_CORE,11,126,5.920,1790773410549523.707	,1790773410549529.627	
0,ViewCopy_7778b2d0a2938f9247cc0c9f84559eb2_high_performance__kernel0,AI_VECTOR_CORE,11,127,11.480,1790773410549529.667	,1790773410549541.147	
0,Slice_ee29dafe4fe21e12bb8d56ae91626cba_high_performance_524000000,AI_VECTOR_CORE,11,128,2.260,1790773410549541.167	,1790773410549543.427	
0,ClipByValueV2_e87c9546cf2804355cf0d9445a2db01a_high_performance_220000000,AI_VECTOR_CORE,11,129,5.000,1790773410549543.447	,1790773410549548.447	
0,ViewCopy_7778b2d0a2938f9247cc0c9f84559eb2_high_performance__kernel0,AI_VECTOR_CORE,11,130,10.080,1790773410549548.467	,1790773410549558.547	
0,SwiGlu_3_high_performance_27,AI_VECTOR_CORE,11,131,5.140,1790773410549558.587	,1790773410549563.727	
0,N/A,EVENT_RECORD,11,132,0.020,1790773410549563.747	,1790773410549563.767	
0,GroupedMatmul_0d2d43751f81d7f29646a862147967c9_68885275,MIX_AIC,11,133,97.961,1790773410549564.967	,1790773410549662.929	
0,N/A,EVENT_RECORD,11,134,0.020,1790773410549663.869	,1790773410549663.889	
0,Cast_9f288b80370c6545ffe8cef142d37f5c_high_performance_210000000,AI_VECTOR_CORE,11,135,1.220,1790773410549663.909	,1790773410549665.129	
0,Abs_8098b79498645e9c0da095babdeaf862_high_performance_210000000,AI_VECTOR_CORE,11,136,1.520,1790773410549665.149	,1790773410549666.669	
0,MoeTokenUnpermute_6dd49246dc9576d3314234df69cb5c22_1,AI_VECTOR_CORE,11,137,4.080,1790773410549666.689	,1790773410549670.770	
0,MatMulV2_ND_ND_FP16_FP16_false_true_all_98499,AI_CORE,11,138,30.080,1790773410549670.810	,1790773410549700.890	
0,ClipByValueV2_e87c9546cf2804355cf0d9445a2db01a_high_performance_220000000,AI_VECTOR_CORE,11,139,1.760,1790773410549700.910	,1790773410549702.670	
0,ClipByValueV2_e87c9546cf2804355cf0d9445a2db01a_high_performance_220000000,AI_VECTOR_CORE,11,140,1.740,1790773410549702.690	,1790773410549704.430	
0,Muls_299cf4d7f9ef0f745d89d88c666b45aa_high_performance_210000000,AI_VECTOR_CORE,11,141,1.240,1790773410549704.450	,1790773410549705.690	
0,Sigmoid_1c4543fdfe7149b6b0717bd88f061562_high_precision_210000000,AI_VECTOR_CORE,11,142,1.540,1790773410549705.710	,1790773410549707.250	
0,Mul_ce3d1ff8ba23a0bcb292da3577c1625d_high_performance_210020000,AI_VECTOR_CORE,11,143,1.800,1790773410549707.270	,1790773410549709.070	
0,Add_ce3d1ff8ba23a0bcb292da3577c1625d_high_performance_223000000,AI_VECTOR_CORE,11,144,1.520,1790773410549709.090	,1790773410549710.610	
0,Mul_ce3d1ff8ba23a0bcb292da3577c1625d_high_performance_210020000,AI_VECTOR_CORE,11,145,1.400,1790773410549710.630	,1790773410549712.030	
0,MatMulV2_ND_ND_FP16_FP16_false_true_all_98499,AI_CORE,11,146,18.080,1790773410549712.050	,1790773410549730.131	
0,ForeachAddList_c73cb8f503197be65eaf63148ad48de4_high_performance_4,AI_VECTOR_CORE,11,147,16.280,1790773410549730.151	,1790773410549746.431	
0,HcPost_d2fe6614722b27afa6f8d964c215447e_0,AI_VECTOR_CORE,11,148,5.980,1790773410549746.451	,1790773410549752.431	
0,ReduceMean_9a2479d4dc5148645cb3f4b9e765c637_high_precision_92100900,MIX_AIV,11,149,18.180,1790773410549753.791	,1790773410549771.972	
0,RmsNorm_normal_all_bf16_high_performance_0,AI_VECTOR_CORE,11,150,3.140,1790773410549772.692	,1790773410549775.832	
0,N/A,EVENT_RESET,11,151,0.080,1790773410549775.872	,1790773410549775.952	
0,N/A,EVENT_RESET,11,152,0.100,1790773410549775.972	,1790773410549776.072	
0,N/A,EVENT_RESET,11,153,0.100,1790773410549776.092	,1790773410549776.192	
0,N/A,EVENT_RESET,11,154,0.100,1790773410549776.212	,1790773410549776.312	
0,N/A,EVENT_RESET,11,155,0.080,1790773410549776.332	,1790773410549776.412	
0,N/A,NOTIFY_RECORD,11,156,0.000,1790773410549776.452	,1790773410549776.452	
0,IndexCheck_int32_high_performance_1,AI_VECTOR_CORE,47,3886,3.200,1790773410549776.952	,1790773410549780.152	
0,Index_b1b18d29d34a3b544b5bb6b3f56177c3_high_performance__kernel0,AI_VECTOR_CORE,47,3887,8.600,1790773410549780.192	,1790773410549788.792	
0,MatMulV2_ND_ND_FP16_FP16_false_true_all_98499,AI_CORE,47,3888,904.218,1790773410549788.812	,1790773410550693.030	
0,Cast_b2717900ea7de2d41ea9c63d23aa269b_high_performance_210000000,AI_VECTOR_CORE,47,3889,7.560,1790773410550693.070	,1790773410550700.630	
0,LogSoftmaxV2_291664ae3e88b38b8b46c2efbbea27c9_high_precision_400001,AI_VECTOR_CORE,47,3890,44.120,1790773410550700.670	,1790773410550744.791	
0,Cast_b2717900ea7de2d41ea9c63d23aa269b_high_performance_210000000,AI_VECTOR_CORE,47,3891,2.480,1790773410550744.811	,1790773410550747.291	
0,ArgMaxV2_4402011f777d6374ab9f6425cb5984c4_high_performance_3,AI_VECTOR_CORE,47,3892,19.280,1790773410550747.311	,1790773410550766.591	
0,Cast_e87590d11ccda8b259ab6b1ea7212319_high_performance_210000000,AI_VECTOR_CORE,47,3893,1.400,1790773410550766.631	,1790773410550768.031	
0,TopKV2_5c671486fda0d949d7cba9a9754bc2dd_high_performance_2017612907941986305,MIX_AIV,47,3894,18.420,1790773410550768.952	,1790773410550787.372	
0,TopKV2_5c671486fda0d949d7cba9a9754bc2dd_high_performance_2017612701781458944,MIX_AIV,47,3895,3.740,1790773410550790.312	,1790773410550794.052	
0,GatherElements_8b4ec10fbb39c5c0a65192c606400b29_high_performance__kernel0,AI_VECTOR_CORE,47,3896,9.240,1790773410550795.172	,1790773410550804.412	
0,Cast_e87590d11ccda8b259ab6b1ea7212319_high_performance_210000000,AI_VECTOR_CORE,47,3897,1.080,1790773410550804.432	,1790773410550805.512	
0,Cast_39a266ce9a8d7d9ead33f6686e936b72_high_performance_210000000,AI_VECTOR_CORE,47,3898,1.820,1790773410550805.532	,1790773410550807.352	
0,GatherElementsV2_fp32_high_performance_2,AI_VECTOR_CORE,47,3899,4.040,1790773410550807.372	,1790773410550811.412	
0,GreaterEqual_3efaad932f458d7892fdb0715ec85b2b_high_performance_223000000,AI_VECTOR_CORE,47,3900,8.500,1790773410550811.432	,1790773410550819.933	
0,Cast_df2b778f1b80e749bd4242386ec57ab9_high_performance_210000000,AI_VECTOR_CORE,47,3901,6.560,1790773410550819.953	,1790773410550826.513	
0,ReduceSum_7a09f5b7af4126487a7f726a9aac7548_high_performance_110001000400,MIX_AIV,47,3902,19.800,1790773410550827.933	,1790773410550847.733	
0,Cast_c6738f795430c3c6f09cdc8d52a1b43d_high_performance_210000000,AI_VECTOR_CORE,47,3903,1.280,1790773410550848.653	,1790773410550849.933	
0,ConcatD_0d745295987e1c668b2ec8b2844aeada_high_performance_3000001,AI_VECTOR_CORE,47,3904,2.660,1790773410550849.953	,1790773410550852.613	
0,ConcatD_233851a3505389e43928a8bba133a74d_high_performance_3000001,AI_VECTOR_CORE,47,3905,1.900,1790773410550852.653	,1790773410550854.553	
0,Cast_39a266ce9a8d7d9ead33f6686e936b72_high_performance_210000000,AI_VECTOR_CORE,47,3906,1.360,1790773410550854.593	,1790773410550855.953	
0,Cast_39a266ce9a8d7d9ead33f6686e936b72_high_performance_210000000,AI_VECTOR_CORE,47,3907,1.400,1790773410550855.973	,1790773410550857.373	
0,N/A,EVENT_RECORD,47,3908,0.020,1790773410550857.393	,1790773410550857.413	
0,N/A,EVENT_RECORD,47,3909,0.020,1790773410550857.433	,1790773410550857.453	
0,N/A,MEMCPY_ASYNC,45,234,2.060,1790773410550857.913	,1790773410550859.973	
0,N/A,MEMCPY_ASYNC,45,235,1.920,1790773410550860.133	,1790773410550862.053	
0,N/A,MEMCPY_ASYNC,45,236,1.920,1790773410550862.193	,1790773410550864.113	
0,N/A,MEMCPY_ASYNC,45,237,2.040,1790773410550864.273	,1790773410550866.313	
0,N/A,EVENT_RECORD,45,238,0.020,1790773410550866.453	,1790773410550866.473	
0,N/A,EVENT_RECORD,45,239,0.020,1790773410550866.493	,1790773410550866.513	
0,N/A,EVENT_RECORD,45,240,0.000,1790773410550866.533	,1790773410550866.533	
0,N/A,EVENT_RECORD,45,241,0.000,1790773410550866.573	,1790773410550866.573	
0,N/A,EVENT_RECORD,45,242,0.020,1790773410550866.593	,1790773410550866.613	
0,N/A,EVENT_RECORD,47,3910,0.020,1790773410551199.660	,1790773410551199.680	
0,N/A,EVENT_RECORD,45,243,0.000,1790773410551722.311	,1790773410551722.311	
0,N/A,EVENT_RECORD,45,244,0.020,1790773410551841.653	,1790773410551841.673	
0,N/A,EVENT_RECORD,45,245,0.000,1790773410551843.353	,1790773410551843.353	
0,N/A,EVENT_RECORD,45,246,0.020,1790773410551856.633	,1790773410551856.653	
0,N/A,EVENT_RECORD,47,3911,0.020,1790773410553449.405	,1790773410553449.425	
0,N/A,MEMCPY_ASYNC,47,3912,2.400,1790773410555864.513	,1790773410555866.913	
0,N/A,MEMCPY_ASYNC,47,3913,2.240,1790773410555919.334	,1790773410555921.574	
0,N/A,MEMCPY_ASYNC,47,3914,2.240,1790773410555998.876	,1790773410556001.116	
0,N/A,MEMCPY_ASYNC,47,3915,2.440,1790773410556059.097	,1790773410556061.537	
0,N/A,MEMCPY_ASYNC,47,3916,2.240,1790773410556136.159	,1790773410556138.399	
0,N/A,MEMCPY_ASYNC,47,3917,2.420,1790773410556448.845	,1790773410556451.265	
0,N/A,MEMCPY_ASYNC,47,3918,2.600,1790773410556517.766	,1790773410556520.366	
0,Fill_1fbc7ee619b707282bbfd034093621df_high_performance_223000000,AI_VECTOR_CORE,47,3919,1.440,1790773410556689.330	,1790773410556690.770	
0,N/A,MEMCPY_ASYNC,47,3920,2.280,1790773410556761.791	,1790773410556764.071	
0,N/A,MEMCPY_ASYNC,47,3921,2.240,1790773410556993.396	,1790773410556995.636	
0,Fill_1fbc7ee619b707282bbfd034093621df_high_performance_223000000,AI_VECTOR_CORE,47,3922,1.480,1790773410557035.477	,1790773410557036.957	
0,N/A,MEMCPY_ASYNC,47,3923,2.240,1790773410557082.858	,1790773410557085.098	
0,N/A,MEMCPY_ASYNC,47,3924,2.580,1790773410557161.519	,1790773410557164.099	
0,N/A,MEMCPY_ASYNC,47,3925,2.360,1790773410557239.281	,1790773410557241.641	
0,N/A,MEMCPY_ASYNC,47,3926,2.260,1790773410557321.242	,1790773410557323.502	
0,IndexCheck_int64_high_performance_0,AI_VECTOR_CORE,47,3927,9.160,1790773410557426.005	,1790773410557435.165	
0,Index_f34e8f0e5e2c96109aa0460550023804_high_performance__kernel0,AI_VECTOR_CORE,47,3928,7.520,1790773410557435.185	,1790773410557442.705	
0,Cast_e87590d11ccda8b259ab6b1ea7212319_high_performance_210000000,AI_VECTOR_CORE,47,3929,1.480,1790773410557503.806	,1790773410557505.286	
0,Add_41dadce325b0f810d03359af2a38990b_high_performance_210000000,AI_VECTOR_CORE,47,3930,2.960,1790773410557574.147	,1790773410557577.108	
0,N/A,MEMCPY_ASYNC,47,3931,1.360,1790773410557686.190	,1790773410557687.550	
0,Add_9342884c99c006e21fc9d5d9260b8bef_high_performance_210000000,AI_VECTOR_CORE,47,3932,1.800,1790773410557755.151	,1790773410557756.951	
0,N/A,MEMCPY_ASYNC,47,3933,0.600,1790773410557835.693	,1790773410557836.293	
0,Fill_1fbc7ee619b707282bbfd034093621df_high_performance_223000000,AI_VECTOR_CORE,47,3934,1.380,1790773410557896.654	,1790773410557898.034	
0,_compute_slot_mapping_fused_groups_kernel,AI_VECTOR_CORE,47,3935,22.400,1790773410558251.601	,1790773410558274.001	
0,Sub_9342884c99c006e21fc9d5d9260b8bef_high_performance_210000000,AI_VECTOR_CORE,47,3936,1.440,1790773410558416.904	,1790773410558418.344	
0,Cast_e87590d11ccda8b259ab6b1ea7212319_high_performance_210000000,AI_VECTOR_CORE,47,3937,1.240,1790773410559491.546	,1790773410559492.786	
0,FloorDiv_41dadce325b0f810d03359af2a38990b_high_performance_223000000,AI_VECTOR_CORE,47,3938,3.380,1790773410559492.966	,1790773410559496.346	
0,Cast_39a266ce9a8d7d9ead33f6686e936b72_high_performance_210000000,AI_VECTOR_CORE,47,3939,1.360,1790773410559496.366	,1790773410559497.726	
0,N/A,MEMCPY_ASYNC,47,3940,1.120,1790773410559633.489	,1790773410559634.609	
0,Cast_e87590d11ccda8b259ab6b1ea7212319_high_performance_210000000,AI_VECTOR_CORE,47,3941,1.360,1790773410559726.070	,1790773410559727.430	
0,GreaterEqual_1ea4da630f56dc1c2d6e7c9a9dd17b11_high_performance_223000000,AI_VECTOR_CORE,47,3942,3.220,1790773410559727.510	,1790773410559730.731	
0,Add_41dadce325b0f810d03359af2a38990b_high_performance_223000000,AI_VECTOR_CORE,47,3943,2.880,1790773410559765.931	,1790773410559768.811	
0,BroadcastTo_41dadce325b0f810d03359af2a38990b_high_performance_232000000,AI_VECTOR_CORE,47,3944,2.200,1790773410559835.673	,1790773410559837.873	
0,FloorMod_41dadce325b0f810d03359af2a38990b_high_precision_210000000,AI_VECTOR_CORE,47,3945,4.200,1790773410559837.913	,1790773410559842.113	
0,Equal_1ea4da630f56dc1c2d6e7c9a9dd17b11_high_performance_223000000,AI_VECTOR_CORE,47,3946,2.300,1790773410559861.493	,1790773410559863.793	
0,LogicalAnd_91d2a3cdd75d915a368582ec5f440af1_high_performance_210000000,AI_VECTOR_CORE,47,3947,1.580,1790773410559899.274	,1790773410559900.854	
0,ClipByValueV2_3bc53d14ff7dfecd0ed0c69136ab471a_high_performance_220000000,AI_VECTOR_CORE,47,3948,2.780,1790773410559951.155	,1790773410559953.935	
0,Cast_e87590d11ccda8b259ab6b1ea7212319_high_performance_210000000,AI_VECTOR_CORE,47,3949,1.320,1790773410560001.336	,1790773410560002.656	
0,FloorDiv_41dadce325b0f810d03359af2a38990b_high_performance_223000000,AI_VECTOR_CORE,47,3950,4.160,1790773410560012.316	,1790773410560016.476	
0,Cast_39a266ce9a8d7d9ead33f6686e936b72_high_performance_210000000,AI_VECTOR_CORE,47,3951,1.560,1790773410560025.076	,1790773410560026.636	
0,BroadcastTo_c71434db8135ff9089d65053721e3417_high_performance_232000000,AI_VECTOR_CORE,47,3952,1.660,1790773410560055.217	,1790773410560056.877	
0,FloorMod_9342884c99c006e21fc9d5d9260b8bef_high_precision_210000000,AI_VECTOR_CORE,47,3953,3.620,1790773410560056.897	,1790773410560060.517	
0,Mul_9342884c99c006e21fc9d5d9260b8bef_high_performance_223000000,AI_VECTOR_CORE,47,3954,1.680,1790773410560108.178	,1790773410560109.858	
0,Cast_e87590d11ccda8b259ab6b1ea7212319_high_performance_210000000,AI_VECTOR_CORE,47,3955,1.560,1790773410560158.479	,1790773410560160.039	
0,FloorDiv_41dadce325b0f810d03359af2a38990b_high_performance_223000000,AI_VECTOR_CORE,47,3956,4.040,1790773410560160.519	,1790773410560164.559	
0,Cast_39a266ce9a8d7d9ead33f6686e936b72_high_performance_210000000,AI_VECTOR_CORE,47,3957,1.620,1790773410560164.579	,1790773410560166.199	
0,Add_9342884c99c006e21fc9d5d9260b8bef_high_performance_210000000,AI_VECTOR_CORE,47,3958,1.540,1790773410560185.400	,1790773410560186.940	
0,Fill_1fbc7ee619b707282bbfd034093621df_high_performance_223000000,AI_VECTOR_CORE,47,3959,1.560,1790773410560251.201	,1790773410560252.761	
0,SelectV2_9bb0969ab50036eba4428cd9974a5c0b_high_performance_210000000,AI_VECTOR_CORE,47,3960,2.300,1790773410560292.982	,1790773410560295.282	
0,Cast_e87590d11ccda8b259ab6b1ea7212319_high_performance_210000000,AI_VECTOR_CORE,47,3961,1.600,1790773410560333.523	,1790773410560335.123	
0,Cast_e87590d11ccda8b259ab6b1ea7212319_high_performance_210000000,AI_VECTOR_CORE,47,3962,1.220,1790773410560453.225	,1790773410560454.445	
0,FloorDiv_41dadce325b0f810d03359af2a38990b_high_performance_210000000,AI_VECTOR_CORE,47,3963,2.380,1790773410560455.105	,1790773410560457.485	
0,Cast_39a266ce9a8d7d9ead33f6686e936b72_high_performance_210000000,AI_VECTOR_CORE,47,3964,1.320,1790773410560466.805	,1790773410560468.125	
0,N/A,MEMCPY_ASYNC,47,3965,0.540,1790773410560570.267	,1790773410560570.807	
0,N/A,MEMCPY_ASYNC,47,3966,0.640,1790773410560660.949	,1790773410560661.589	
0,Sub_9342884c99c006e21fc9d5d9260b8bef_high_performance_210000000,AI_VECTOR_CORE,47,3967,1.440,1790773410564052.237	,1790773410564053.677	
0,Sub_9342884c99c006e21fc9d5d9260b8bef_high_performance_210000000,AI_VECTOR_CORE,47,3968,1.300,1790773410564072.577	,1790773410564073.877	
0,Cast_e87590d11ccda8b259ab6b1ea7212319_high_performance_210000000,AI_VECTOR_CORE,47,3969,1.180,1790773410564116.038	,1790773410564117.218	
0,Greater_1ea4da630f56dc1c2d6e7c9a9dd17b11_high_performance_210000000,AI_VECTOR_CORE,47,3970,2.800,1790773410564127.318	,1790773410564130.118	
0,Sub_9342884c99c006e21fc9d5d9260b8bef_high_performance_210000000,AI_VECTOR_CORE,47,3971,1.340,1790773410567300.542	,1790773410567301.882	
0,Sub_9342884c99c006e21fc9d5d9260b8bef_high_performance_210000000,AI_VECTOR_CORE,47,3972,1.360,1790773410567302.402	,1790773410567303.762	
0,Cast_e87590d11ccda8b259ab6b1ea7212319_high_performance_210000000,AI_VECTOR_CORE,47,3973,1.240,1790773410567362.463	,1790773410567363.703	
0,Greater_1ea4da630f56dc1c2d6e7c9a9dd17b11_high_performance_210000000,AI_VECTOR_CORE,47,3974,2.320,1790773410567364.303	,1790773410567366.623	
0,Sub_9342884c99c006e21fc9d5d9260b8bef_high_performance_210000000,AI_VECTOR_CORE,47,3975,1.340,1790773410570420.064	,1790773410570421.404	
0,Sub_9342884c99c006e21fc9d5d9260b8bef_high_performance_210000000,AI_VECTOR_CORE,47,3976,1.180,1790773410570421.984	,1790773410570423.164	
0,Cast_e87590d11ccda8b259ab6b1ea7212319_high_performance_210000000,AI_VECTOR_CORE,47,3977,1.100,1790773410570482.205	,1790773410570483.305	
0,Greater_1ea4da630f56dc1c2d6e7c9a9dd17b11_high_performance_210000000,AI_VECTOR_CORE,47,3978,2.560,1790773410570484.005	,1790773410570486.565	
0,N/A,EVENT_RECORD,47,3979,0.020,1790773410570818.492	,1790773410570818.512	
0,Fill_279daeaf6b659300647aba3935d90048_high_performance_210000000,AI_VECTOR_CORE,47,3980,1.400,1790773410571217.340	,1790773410571218.740	
0,Cast_a9b7af94359fc7c19da07ad0790f065c_high_performance_210000000,AI_VECTOR_CORE,47,3981,1.440,1790773410571274.561	,1790773410571276.001	
0,BroadcastTo_c71434db8135ff9089d65053721e3417_high_performance_232000000,AI_VECTOR_CORE,47,3982,1.600,1790773410571276.641	,1790773410571278.241	
0,Cast_9fc020fd54590bb5fe6cf6eabcf7b473_high_performance_210000000,AI_VECTOR_CORE,47,3983,1.520,1790773410571290.082	,1790773410571291.602	
0,Fill_279daeaf6b659300647aba3935d90048_high_performance_210000000,AI_VECTOR_CORE,47,3984,1.260,1790773410571329.042	,1790773410571330.302	
0,Cast_e87590d11ccda8b259ab6b1ea7212319_high_performance_210000000,AI_VECTOR_CORE,47,3985,1.580,1790773410571552.107	,1790773410571553.687	
0,GatherV2_7869a97190b9b4d296d9414a005b954b_high_precision_900015010,AI_VECTOR_CORE,47,3986,7.680,1790773410571622.228	,1790773410571629.908	
0,BroadcastTo_7e5992d3033ef32a3463c5d198e518a1_high_performance_212100002,AI_VECTOR_CORE,47,3987,9.360,1790773410571758.531	,1790773410571767.891	
0,HcPre_6c9f0fa710253eff38b1c0e6be6a67be_0,MIX_AIC,47,3988,66.221,1790773410571996.036	,1790773410572062.257	
0,RmsNorm_normal_all_bf16_high_performance_0,AI_VECTOR_CORE,47,3989,11.540,1790773410572120.638	,1790773410572132.178	
0,MatMulV2_ND_ND_FP16_FP16_false_true_all_98513,AI_CORE,47,3990,219.644,1790773410572341.643	,1790773410572561.287	
0,Slice_ee29dafe4fe21e12bb8d56ae91626cba_high_performance_524000000,AI_VECTOR_CORE,47,3991,3.120,1790773410572639.008	,1790773410572642.129	
0,MatMulV2_ND_ND_FP16_FP16_false_true_all_98337,AI_CORE,47,3992,12.220,1790773410572654.189	,1790773410572666.409	
0,Slice_ee29dafe4fe21e12bb8d56ae91626cba_high_performance_524000000,AI_VECTOR_CORE,47,3993,2.760,1790773410572839.712	,1790773410572842.473	
0,MatMulV2_ND_ND_FP16_FP16_false_true_all_98337,AI_CORE,47,3994,9.360,1790773410572842.493	,1790773410572851.853	
0,ZerosLike_1c4543fdfe7149b6b0717bd88f061562_high_performance_210010000,AI_VECTOR_CORE,47,3995,8.880,1790773410573057.137	,1790773410573066.017	
0,_copy_conv_state_kernel,AI_VECTOR_CORE,47,3996,8.260,1790773410573449.165	,1790773410573457.425	
0,Slice_ee29dafe4fe21e12bb8d56ae91626cba_high_performance_524000000,AI_VECTOR_CORE,47,3997,6.740,1790773410573897.934	,1790773410573904.674	
0,CausalConv1d_b0123b7fae3057c534dbb03661977c42_22,MIX_AIC,47,3998,49.181,1790773410573932.494	,1790773410573981.675	
0,_copy_conv_state_kernel,AI_VECTOR_CORE,47,3999,7.400,1790773410574119.158	,1790773410574126.558	
0,ZerosLike_1c4543fdfe7149b6b0717bd88f061562_high_performance_210010000,AI_VECTOR_CORE,47,4000,7.760,1790773410574300.402	,1790773410574308.162	
0,_gather_initial_states_kernel,AI_VECTOR_CORE,47,4001,8.700,1790773410574794.292	,1790773410574802.992	
0,Slice_ee29dafe4fe21e12bb8d56ae91626cba_high_performance_524000000,AI_VECTOR_CORE,47,4002,2.720,1790773410574915.094	,1790773410574917.814	
0,Cast_b2717900ea7de2d41ea9c63d23aa269b_high_performance_210000000,AI_VECTOR_CORE,47,4003,2.640,1790773410574917.834	,1790773410574920.474	
0,Sigmoid_5c5e58e043224cccf51a06108010ae13_high_precision_210000000,AI_VECTOR_CORE,47,4004,2.680,1790773410574965.655	,1790773410574968.335	
0,Slice_ee29dafe4fe21e12bb8d56ae91626cba_high_performance_524000000,AI_VECTOR_CORE,47,4005,4.760,1790773410575017.596	,1790773410575022.356	
0,l2norm_fwd_kernel2,AI_VECTOR_CORE,47,4006,11.780,1790773410575340.942	,1790773410575352.723	
0,Slice_ee29dafe4fe21e12bb8d56ae91626cba_high_performance_524000000,AI_VECTOR_CORE,47,4007,4.540,1790773410575476.405	,1790773410575480.945	
0,l2norm_fwd_kernel2,AI_VECTOR_CORE,47,4008,6.860,1790773410575770.311	,1790773410575777.171	
0,Slice_ee29dafe4fe21e12bb8d56ae91626cba_high_performance_524000000,AI_VECTOR_CORE,47,4009,4.920,1790773410575904.194	,1790773410575909.114	
0,Transpose_9a632dc5b6be9e1b4215e3cf2b1aff0d_high_performance_13,AI_VECTOR_CORE,47,4010,11.180,1790773410576178.839	,1790773410576190.019	
0,Transpose_9a632dc5b6be9e1b4215e3cf2b1aff0d_high_performance_13,AI_VECTOR_CORE,47,4011,12.700,1790773410576190.039	,1790773410576202.740	
0,ChunkKdaFwd_5e864108d5688e456abb78f238c67b16_2,MIX_AIC,47,4012,4084.521,1790773410576204.200	,1790773410580288.721	
0,Transpose_9a632dc5b6be9e1b4215e3cf2b1aff0d_high_performance_13,AI_VECTOR_CORE,47,4013,13.960,1790773410580289.821	,1790773410580303.782	
0,ScatterNdUpdate_float32_int32_high_precision_11,MIX_AIV,47,4014,54.361,1790773410580304.762	,1790773410580359.123	
0,TensorMove_d2db1a80c523e7e59a032c95969880af_high_performance__kernel0,AI_VECTOR_CORE,47,4015,7.800,1790773410580360.283	,1790773410580368.083	
0,layer_norm_gated_fwd_kernel,AI_VECTOR_CORE,47,4016,18.940,1790773410580368.103	,1790773410580387.043	
0,MatMulV2_ND_ND_FP16_FP16_false_true_all_98513,AI_CORE,47,4017,77.001,1790773410580387.063	,1790773410580464.065	
0,HcPost_d2fe6614722b27afa6f8d964c215447e_0,AI_VECTOR_CORE,47,4018,24.100,1790773410580464.085	,1790773410580488.185	
0,HcPre_6c9f0fa710253eff38b1c0e6be6a67be_0,MIX_AIC,47,4019,65.141,1790773410580489.485	,1790773410580554.627	
0,RmsNorm_normal_all_bf16_high_performance_0,AI_VECTOR_CORE,47,4020,11.160,1790773410580555.367	,1790773410580566.527	
0,MatMulV2_ND_ND_FP16_FP16_false_true_all_98513,AI_CORE,47,4021,307.486,1790773410580566.547	,1790773410580874.033	
0,Slice_ee29dafe4fe21e12bb8d56ae91626cba_high_performance_524000000,AI_VECTOR_CORE,47,4022,6.720,1790773410580874.053	,1790773410580880.773	
0,ClipByValueV2_e87c9546cf2804355cf0d9445a2db01a_high_performance_220010000,AI_VECTOR_CORE,47,4023,33.020,1790773410580880.793	,1790773410580913.814	
0,Slice_ee29dafe4fe21e12bb8d56ae91626cba_high_performance_524000000,AI_VECTOR_CORE,47,4024,6.420,1790773410580913.834	,1790773410580920.254	
0,ClipByValueV2_e87c9546cf2804355cf0d9445a2db01a_high_performance_220010000,AI_VECTOR_CORE,47,4025,36.920,1790773410580920.294	,1790773410580957.215	
0,Muls_299cf4d7f9ef0f745d89d88c666b45aa_high_performance_210010000,AI_VECTOR_CORE,47,4026,9.200,1790773410580957.235	,1790773410580966.435	
0,Sigmoid_1c4543fdfe7149b6b0717bd88f061562_high_precision_210010000,AI_VECTOR_CORE,47,4027,10.900,1790773410580966.455	,1790773410580977.355	
0,Mul_ce3d1ff8ba23a0bcb292da3577c1625d_high_performance_210020000,AI_VECTOR_CORE,47,4028,12.700,1790773410580977.395	,1790773410580990.095	
0,Add_ce3d1ff8ba23a0bcb292da3577c1625d_high_performance_223010000,AI_VECTOR_CORE,47,4029,10.920,1790773410580990.115	,1790773410581001.036	
0,Mul_ce3d1ff8ba23a0bcb292da3577c1625d_high_performance_210020000,AI_VECTOR_CORE,47,4030,6.420,1790773410581001.076	,1790773410581007.496	
0,MatMulV2_ND_ND_FP16_FP16_false_true_all_98513,AI_CORE,47,4031,114.602,1790773410581007.516	,1790773410581122.118	
0,HcPost_d2fe6614722b27afa6f8d964c215447e_0,AI_VECTOR_CORE,47,4032,23.340,1790773410581122.158	,1790773410581145.498	
0,HcPre_6c9f0fa710253eff38b1c0e6be6a67be_0,MIX_AIC,47,4033,73.041,1790773410581146.538	,1790773410581219.580	
0,RmsNorm_normal_all_bf16_high_performance_0,AI_VECTOR_CORE,47,4034,14.700,1790773410581220.360	,1790773410581235.060	
0,MatMulV2_ND_ND_FP16_FP16_false_true_all_98513,AI_CORE,47,4035,235.024,1790773410581235.080	,1790773410581470.105	
0,Slice_ee29dafe4fe21e12bb8d56ae91626cba_high_performance_524000000,AI_VECTOR_CORE,47,4036,3.220,1790773410581470.125	,1790773410581473.345	
0,MatMulV2_ND_ND_FP16_FP16_false_true_all_98337,AI_CORE,47,4037,11.820,1790773410581473.365	,1790773410581485.185	
0,Slice_ee29dafe4fe21e12bb8d56ae91626cba_high_performance_524000000,AI_VECTOR_CORE,47,4038,2.620,1790773410581485.225	,1790773410581487.845	
0,MatMulV2_ND_ND_FP16_FP16_false_true_all_98337,AI_CORE,47,4039,9.080,1790773410581487.865	,1790773410581496.945	
0,ZerosLike_1c4543fdfe7149b6b0717bd88f061562_high_performance_210010000,AI_VECTOR_CORE,47,4040,8.700,1790773410581496.965	,1790773410581505.666	
0,_copy_conv_state_kernel,AI_VECTOR_CORE,47,4041,8.180,1790773410581505.686	,1790773410581513.866	
0,Slice_ee29dafe4fe21e12bb8d56ae91626cba_high_performance_524000000,AI_VECTOR_CORE,47,4042,6.660,1790773410581513.886	,1790773410581520.546	
0,CausalConv1d_b0123b7fae3057c534dbb03661977c42_22,MIX_AIC,47,4043,48.700,1790773410581521.866	,1790773410581570.567	
0,_copy_conv_state_kernel,AI_VECTOR_CORE,47,4044,7.420,1790773410581571.867	,1790773410581579.287	
0,ZerosLike_1c4543fdfe7149b6b0717bd88f061562_high_performance_210010000,AI_VECTOR_CORE,47,4045,8.740,1790773410581579.327	,1790773410581588.067	
0,_gather_initial_states_kernel,AI_VECTOR_CORE,47,4046,8.600,1790773410581837.512	,1790773410581846.112	
0,Slice_ee29dafe4fe21e12bb8d56ae91626cba_high_performance_524000000,AI_VECTOR_CORE,47,4047,2.620,1790773410581939.374	,1790773410581941.994	
0,Cast_b2717900ea7de2d41ea9c63d23aa269b_high_performance_210000000,AI_VECTOR_CORE,47,4048,2.660,1790773410581942.014	,1790773410581944.674	
0,Sigmoid_5c5e58e043224cccf51a06108010ae13_high_precision_210000000,AI_VECTOR_CORE,47,4049,2.620,1790773410581979.735	,1790773410581982.355	
0,Slice_ee29dafe4fe21e12bb8d56ae91626cba_high_performance_524000000,AI_VECTOR_CORE,47,4050,4.960,1790773410582046.436	,1790773410582051.397	
0,l2norm_fwd_kernel2,AI_VECTOR_CORE,47,4051,11.740,1790773410582383.283	,1790773410582395.023	
0,Slice_ee29dafe4fe21e12bb8d56ae91626cba_high_performance_524000000,AI_VECTOR_CORE,47,4052,4.820,1790773410582512.586	,1790773410582517.406	
0,l2norm_fwd_kernel2,AI_VECTOR_CORE,47,4053,6.920,1790773410582798.051	,1790773410582804.972	
0,Slice_ee29dafe4fe21e12bb8d56ae91626cba_high_performance_524000000,AI_VECTOR_CORE,47,4054,4.620,1790773410582931.274	,1790773410582935.894	
0,Transpose_9a632dc5b6be9e1b4215e3cf2b1aff0d_high_performance_13,AI_VECTOR_CORE,47,4055,12.100,1790773410583189.939	,1790773410583202.040	
0,Transpose_9a632dc5b6be9e1b4215e3cf2b1aff0d_high_performance_13,AI_VECTOR_CORE,47,4056,14.540,1790773410583202.080	,1790773410583216.620	
0,ChunkKdaFwd_5e864108d5688e456abb78f238c67b16_2,MIX_AIC,47,4057,4126.562,1790773410583218.000	,1790773410587344.562	
0,Transpose_9a632dc5b6be9e1b4215e3cf2b1aff0d_high_performance_13,AI_VECTOR_CORE,47,4058,13.560,1790773410587345.782	,1790773410587359.343	
0,ScatterNdUpdate_float32_int32_high_precision_11,MIX_AIV,47,4059,53.981,1790773410587360.683	,1790773410587414.664	
0,TensorMove_d2db1a80c523e7e59a032c95969880af_high_performance__kernel0,AI_VECTOR_CORE,47,4060,7.700,1790773410587415.604	,1790773410587423.304	
0,layer_norm_gated_fwd_kernel,AI_VECTOR_CORE,47,4061,18.920,1790773410587423.324	,1790773410587442.244	
0,MatMulV2_ND_ND_FP16_FP16_false_true_all_98513,AI_CORE,47,4062,77.561,1790773410587442.264	,1790773410587519.826	
0,HcPost_d2fe6614722b27afa6f8d964c215447e_0,AI_VECTOR_CORE,47,4063,23.880,1790773410587519.846	,1790773410587543.726	
0,HcPre_6c9f0fa710253eff38b1c0e6be6a67be_0,MIX_AIC,47,4064,67.561,1790773410587544.786	,1790773410587612.348	
0,RmsNorm_normal_all_bf16_high_performance_0,AI_VECTOR_CORE,47,4065,11.580,1790773410587613.108	,1790773410587624.688	
0,MatMulV2_ND_ND_FP16_FP16_false_true_all_98513,AI_CORE,47,4066,301.206,1790773410587624.728	,1790773410587925.934	
0,Slice_ee29dafe4fe21e12bb8d56ae91626cba_high_performance_524000000,AI_VECTOR_CORE,47,4067,6.860,1790773410587925.954	,1790773410587932.814	
0,ClipByValueV2_e87c9546cf2804355cf0d9445a2db01a_high_performance_220010000,AI_VECTOR_CORE,47,4068,34.080,1790773410587932.834	,1790773410587966.915	
0,Slice_ee29dafe4fe21e12bb8d56ae91626cba_high_performance_524000000,AI_VECTOR_CORE,47,4069,5.920,1790773410587966.935	,1790773410587972.855	
0,ClipByValueV2_e87c9546cf2804355cf0d9445a2db01a_high_performance_220010000,AI_VECTOR_CORE,47,4070,27.980,1790773410587972.875	,1790773410588000.855	
0,Muls_299cf4d7f9ef0f745d89d88c666b45aa_high_performance_210010000,AI_VECTOR_CORE,47,4071,9.020,1790773410588000.875	,1790773410588009.896	
0,Sigmoid_1c4543fdfe7149b6b0717bd88f061562_high_precision_210010000,AI_VECTOR_CORE,47,4072,10.920,1790773410588009.916	,1790773410588020.836	
0,Mul_ce3d1ff8ba23a0bcb292da3577c1625d_high_performance_210020000,AI_VECTOR_CORE,47,4073,12.640,1790773410588020.856	,1790773410588033.496	
0,Add_ce3d1ff8ba23a0bcb292da3577c1625d_high_performance_223010000,AI_VECTOR_CORE,47,4074,10.480,1790773410588033.516	,1790773410588043.996	
0,Mul_ce3d1ff8ba23a0bcb292da3577c1625d_high_performance_210020000,AI_VECTOR_CORE,47,4075,6.100,1790773410588044.016	,1790773410588050.116	
0,MatMulV2_ND_ND_FP16_FP16_false_true_all_98513,AI_CORE,47,4076,118.462,1790773410588050.136	,1790773410588168.599	
0,HcPost_d2fe6614722b27afa6f8d964c215447e_0,AI_VECTOR_CORE,47,4077,23.240,1790773410588168.619	,1790773410588191.859	
0,HcPre_6c9f0fa710253eff38b1c0e6be6a67be_0,MIX_AIC,47,4078,63.761,1790773410588193.119	,1790773410588256.881	
0,RmsNorm_normal_all_bf16_high_performance_0,AI_VECTOR_CORE,47,4079,11.340,1790773410588257.781	,1790773410588269.121	
0,MatMulV2_ND_ND_FP16_FP16_false_true_all_98513,AI_CORE,47,4080,237.964,1790773410588269.141	,1790773410588507.106	
0,Slice_ee29dafe4fe21e12bb8d56ae91626cba_high_performance_524000000,AI_VECTOR_CORE,47,4081,3.140,1790773410588507.146	,1790773410588510.286	
0,MatMulV2_ND_ND_FP16_FP16_false_true_all_98337,AI_CORE,47,4082,13.340,1790773410588510.326	,1790773410588523.666	
0,Slice_ee29dafe4fe21e12bb8d56ae91626cba_high_performance_524000000,AI_VECTOR_CORE,47,4083,2.640,1790773410588523.706	,1790773410588526.346	
0,MatMulV2_ND_ND_FP16_FP16_false_true_all_98337,AI_CORE,47,4084,9.320,1790773410588526.366	,1790773410588535.686	
0,ZerosLike_1c4543fdfe7149b6b0717bd88f061562_high_performance_210010000,AI_VECTOR_CORE,47,4085,8.780,1790773410588535.706	,1790773410588544.486	
0,_copy_conv_state_kernel,AI_VECTOR_CORE,47,4086,7.920,1790773410588544.506	,1790773410588552.426	
0,Slice_ee29dafe4fe21e12bb8d56ae91626cba_high_performance_524000000,AI_VECTOR_CORE,47,4087,6.740,1790773410588552.466	,1790773410588559.207	
0,CausalConv1d_b0123b7fae3057c534dbb03661977c42_22,MIX_AIC,47,4088,51.701,1790773410588560.187	,1790773410588611.888	
0,_copy_conv_state_kernel,AI_VECTOR_CORE,47,4089,7.460,1790773410588612.988	,1790773410588620.448	
0,ZerosLike_1c4543fdfe7149b6b0717bd88f061562_high_performance_210010000,AI_VECTOR_CORE,47,4090,8.440,1790773410588620.468	,1790773410588628.908	
0,_gather_initial_states_kernel,AI_VECTOR_CORE,47,4091,8.860,1790773410588795.131	,1790773410588803.991	
0,Slice_ee29dafe4fe21e12bb8d56ae91626cba_high_performance_524000000,AI_VECTOR_CORE,47,4092,2.720,1790773410588914.954	,1790773410588917.674	
0,Cast_b2717900ea7de2d41ea9c63d23aa269b_high_performance_210000000,AI_VECTOR_CORE,47,4093,2.660,1790773410588917.694	,1790773410588920.354	
0,Sigmoid_5c5e58e043224cccf51a06108010ae13_high_precision_210000000,AI_VECTOR_CORE,47,4094,2.720,1790773410588957.675	,1790773410588960.395	
0,Slice_ee29dafe4fe21e12bb8d56ae91626cba_high_performance_524000000,AI_VECTOR_CORE,47,4095,4.960,1790773410589010.816	,1790773410589015.776	
0,l2norm_fwd_kernel2,AI_VECTOR_CORE,47,4096,11.680,1790773410589333.802	,1790773410589345.482	
0,Slice_ee29dafe4fe21e12bb8d56ae91626cba_high_performance_524000000,AI_VECTOR_CORE,47,4097,4.820,1790773410589458.285	,1790773410589463.105	
0,l2norm_fwd_kernel2,AI_VECTOR_CORE,47,4098,6.700,1790773410589751.730	,1790773410589758.431	
0,Slice_ee29dafe4fe21e12bb8d56ae91626cba_high_performance_524000000,AI_VECTOR_CORE,47,4099,4.700,1790773410589885.733	,1790773410589890.433	
0,Transpose_9a632dc5b6be9e1b4215e3cf2b1aff0d_high_performance_13,AI_VECTOR_CORE,47,4100,11.760,1790773410590138.798	,1790773410590150.558	
0,Transpose_9a632dc5b6be9e1b4215e3cf2b1aff0d_high_performance_13,AI_VECTOR_CORE,47,4101,14.060,1790773410590150.578	,1790773410590164.639	
0,ChunkKdaFwd_5e864108d5688e456abb78f238c67b16_2,MIX_AIC,47,4102,4087.581,1790773410590166.039	,1790773410594253.620	
0,Transpose_9a632dc5b6be9e1b4215e3cf2b1aff0d_high_performance_13,AI_VECTOR_CORE,47,4103,14.000,1790773410594254.360	,1790773410594268.361	
0,ScatterNdUpdate_float32_int32_high_precision_11,MIX_AIV,47,4104,53.561,1790773410594269.301	,1790773410594322.862	
0,TensorMove_d2db1a80c523e7e59a032c95969880af_high_performance__kernel0,AI_VECTOR_CORE,47,4105,8.120,1790773410594323.642	,1790773410594331.762	
0,layer_norm_gated_fwd_kernel,AI_VECTOR_CORE,47,4106,18.440,1790773410594331.802	,1790773410594350.242	
0,MatMulV2_ND_ND_FP16_FP16_false_true_all_98513,AI_CORE,47,4107,79.281,1790773410594350.262	,1790773410594429.544	
0,HcPost_d2fe6614722b27afa6f8d964c215447e_0,AI_VECTOR_CORE,47,4108,24.320,1790773410594429.564	,1790773410594453.884	
0,HcPre_6c9f0fa710253eff38b1c0e6be6a67be_0,MIX_AIC,47,4109,61.741,1790773410594455.184	,1790773410594516.926	
0,RmsNorm_normal_all_bf16_high_performance_0,AI_VECTOR_CORE,47,4110,10.920,1790773410594518.026	,1790773410594528.946	
0,MatMulV2_ND_ND_FP16_FP16_false_true_all_98513,AI_CORE,47,4111,303.686,1790773410594528.966	,1790773410594832.652	
0,Slice_ee29dafe4fe21e12bb8d56ae91626cba_high_performance_524000000,AI_VECTOR_CORE,47,4112,6.940,1790773410594832.672	,1790773410594839.612	
0,ClipByValueV2_e87c9546cf2804355cf0d9445a2db01a_high_performance_220010000,AI_VECTOR_CORE,47,4113,37.740,1790773410594839.652	,1790773410594877.393	
0,Slice_ee29dafe4fe21e12bb8d56ae91626cba_high_performance_524000000,AI_VECTOR_CORE,47,4114,5.740,1790773410594877.413	,1790773410594883.153	
0,ClipByValueV2_e87c9546cf2804355cf0d9445a2db01a_high_performance_220010000,AI_VECTOR_CORE,47,4115,32.220,1790773410594883.173	,1790773410594915.394	
0,Muls_299cf4d7f9ef0f745d89d88c666b45aa_high_performance_210010000,AI_VECTOR_CORE,47,4116,9.020,1790773410594915.414	,1790773410594924.434	
0,Sigmoid_1c4543fdfe7149b6b0717bd88f061562_high_precision_210010000,AI_VECTOR_CORE,47,4117,10.880,1790773410594924.474	,1790773410594935.354	
0,Mul_ce3d1ff8ba23a0bcb292da3577c1625d_high_performance_210020000,AI_VECTOR_CORE,47,4118,12.620,1790773410594935.394	,1790773410594948.014	
0,Add_ce3d1ff8ba23a0bcb292da3577c1625d_high_performance_223010000,AI_VECTOR_CORE,47,4119,10.560,1790773410594948.034	,1790773410594958.594	
0,Mul_ce3d1ff8ba23a0bcb292da3577c1625d_high_performance_210020000,AI_VECTOR_CORE,47,4120,6.580,1790773410594958.634	,1790773410594965.215	
0,MatMulV2_ND_ND_FP16_FP16_false_true_all_98513,AI_CORE,47,4121,116.282,1790773410594965.235	,1790773410595081.517	
0,HcPost_d2fe6614722b27afa6f8d964c215447e_0,AI_VECTOR_CORE,47,4122,23.420,1790773410595081.537	,1790773410595104.957	
0,HcPre_6c9f0fa710253eff38b1c0e6be6a67be_0,MIX_AIC,47,4123,62.641,1790773410595106.397	,1790773410595169.039	
0,RmsNorm_normal_all_bf16_high_performance_0,AI_VECTOR_CORE,47,4124,11.580,1790773410595169.879	,1790773410595181.459	
0,MatMulV2_ND_ND_FP16_FP16_false_true_all_98513,AI_CORE,47,4125,22.480,1790773410595181.499	,1790773410595203.979	
0,Slice_ee29dafe4fe21e12bb8d56ae91626cba_high_performance_524000000,AI_VECTOR_CORE,47,4126,2.840,1790773410595203.999	,1790773410595206.839	
0,RmsNorm_normal_all_bf16_high_performance_2,AI_VECTOR_CORE,47,4127,11.440,1790773410595206.879	,1790773410595218.320	
0,Slice_ee29dafe4fe21e12bb8d56ae91626cba_high_performance_524000000,AI_VECTOR_CORE,47,4128,1.980,1790773410595218.340	,1790773410595220.320	
0,RmsNorm_normal_all_bf16_high_performance_2,AI_VECTOR_CORE,47,4129,7.240,1790773410595220.340	,1790773410595227.580	
0,ScatterNdUpdate_bfloat16_int32_high_precision_11,MIX_AIV,47,4130,35.280,1790773410595228.820	,1790773410595264.101	
0,MatMulV2_ND_ND_FP16_FP16_false_true_all_98513,AI_CORE,47,4131,72.881,1790773410595265.401	,1790773410595338.282	
0,TransposeBatchMatMul_ND_ND_ND_ND_ND_BF16_BF16_BF16_INT64_BF16_high_performance_32,AI_CORE,47,4132,32.220,1790773410595338.302	,1790773410595370.523	
0,Cast_b2717900ea7de2d41ea9c63d23aa269b_high_performance_210000000,AI_VECTOR_CORE,47,4133,7.520,1790773410595370.563	,1790773410595378.083	
0,MatMulV2_ND_ND_FP32_FP32_false_true_all_65745,AI_CORE,47,4134,35.180,1790773410595378.103	,1790773410595413.283	
0,Slice_82e6b4faea71b451f217d7ea57c08012_high_performance_524000000,AI_VECTOR_CORE,47,4135,3.020,1790773410595413.303	,1790773410595416.324	
0,LayerNormV3_23ae115d70bd435e4cb966a52be97b55_high_precision_1600400500,AI_VECTOR_CORE,47,4136,16.780,1790773410595416.344	,1790773410595433.124	
0,MatMulV2_ND_ND_FP32_FP32_false_true_all_65745,AI_CORE,47,4137,29.140,1790773410595433.144	,1790773410595462.284	
0,MatMulV2_ND_ND_FP16_FP16_false_true_all_98513,AI_CORE,47,4138,20.900,1790773410595462.324	,1790773410595483.225	
0,Slice_82e6b4faea71b451f217d7ea57c08012_high_performance_524000000,AI_VECTOR_CORE,47,4139,2.060,1790773410595506.065	,1790773410595508.125	
0,Cast_9f288b80370c6545ffe8cef142d37f5c_high_performance_210000000,AI_VECTOR_CORE,47,4140,2.060,1790773410595508.145	,1790773410595510.205	
0,Muls_299cf4d7f9ef0f745d89d88c666b45aa_high_performance_210000000,AI_VECTOR_CORE,47,4141,1.920,1790773410595582.487	,1790773410595584.407	
0,_glm5_next_kpool_tail_compress_kernel,AI_VECTOR_CORE,47,4142,17.060,1790773410596124.918	,1790773410596141.978	
0,_store_kpool_tail_kernel,AI_VECTOR_CORE,47,4143,2.880,1790773410596406.243	,1790773410596409.123	
0,_gather_pool_cache,AI_VECTOR_CORE,47,4144,2.960,1790773410596874.813	,1790773410596877.773	
0,Cast_b2717900ea7de2d41ea9c63d23aa269b_high_performance_210000000,AI_VECTOR_CORE,47,4145,5.980,1790773410597002.295	,1790773410597008.275	
0,Cast_b2717900ea7de2d41ea9c63d23aa269b_high_performance_210000000,AI_VECTOR_CORE,47,4146,1.400,1790773410597064.636	,1790773410597066.037	
0,Mul_ee98c6628030785f610b924ab1557b31_high_performance_212000001,AI_VECTOR_CORE,47,4147,13.000,1790773410597133.978	,1790773410597146.978	
0,ReduceSum_7a09f5b7af4126487a7f726a9aac7548_high_performance_10000000900,MIX_AIV,47,4148,10.560,1790773410597198.319	,1790773410597208.879	
0,_glm5_next_lightning_indexer_score_kernel,AI_VECTOR_CORE,47,4149,17.120,1790773410597567.247	,1790773410597584.367	
0,TopKV2_5c671486fda0d949d7cba9a9754bc2dd_high_performance_2017612701781458944,MIX_AIV,47,4150,27.600,1790773410597681.369	,1790773410597708.969	
0,Cast_e87590d11ccda8b259ab6b1ea7212319_high_performance_210000000,AI_VECTOR_CORE,47,4151,2.900,1790773410597710.029	,1790773410597712.929	
0,Cast_39a266ce9a8d7d9ead33f6686e936b72_high_performance_210000000,AI_VECTOR_CORE,47,4152,3.040,1790773410597756.150	,1790773410597759.190	
0,_expand_pool_indices,AI_VECTOR_CORE,47,4153,159.703,1790773410598061.776	,1790773410598221.480	
0,Slice_b9b91ad79a469f7fcff72949705be0f9_high_performance_521000000,AI_VECTOR_CORE,47,4154,6.560,1790773410598612.167	,1790773410598618.728	
0,SparseFlashAttention_2e25ad8fefac1f04c03bd78f2d2ab366_1158,MIX_AIC,47,4155,64.041,1790773410598655.208	,1790773410598719.250	
0,TransposeBatchMatMul_ND_ND_ND_ND_ND_BF16_BF16_BF16_INT64_BF16_high_performance_32,AI_CORE,47,4156,24.560,1790773410598720.490	,1790773410598745.050	
0,MatMulV2_ND_ND_FP16_FP16_false_true_all_98513,AI_CORE,47,4157,175.743,1790773410598937.354	,1790773410599113.097	
0,TensorMove_d2db1a80c523e7e59a032c95969880af_high_performance__kernel0,AI_VECTOR_CORE,47,4158,7.520,1790773410599113.137	,1790773410599120.658	
0,HcPost_d2fe6614722b27afa6f8d964c215447e_0,AI_VECTOR_CORE,47,4159,29.460,1790773410599283.461	,1790773410599312.921	
0,HcPre_6c9f0fa710253eff38b1c0e6be6a67be_0,MIX_AIC,47,4160,72.661,1790773410599462.484	,1790773410599535.146	
0,RmsNorm_normal_all_bf16_high_performance_0,AI_VECTOR_CORE,47,4161,10.840,1790773410599581.247	,1790773410599592.087	
0,N/A,EVENT_RECORD,47,4162,0.000,1790773410600007.775	,1790773410600007.775	
0,Cast_b2717900ea7de2d41ea9c63d23aa269b_high_performance_210000000,AI_VECTOR_CORE,47,4163,7.740,1790773410600163.558	,1790773410600171.299	
0,MatMulV2_ND_ND_FP32_FP32_false_true_all_65665,AI_CORE,47,4164,7.360,1790773410600248.680	,1790773410600256.040	
0,N/A,EVENT_RECORD,47,4165,0.000,1790773410600458.364	,1790773410600458.364	
0,MoeGatingTopK_81369a2fa0455f39b5d19d432d261f57_1,AI_VECTOR_CORE,47,4166,11.880,1790773410600829.032	,1790773410600840.912	
0,N/A,EVENT_RECORD,47,4167,0.020,1790773410601168.378	,1790773410601168.398	
0,MoeInitRoutingV3_4ca8d2d329b4477b44dd2ee885849b12_2100000,MIX_AIV,47,4168,32.680,1790773410601396.763	,1790773410601429.444	
0,GroupedMatmul_0d2d43751f81d7f29646a862147967c9_68885275,MIX_AIC,47,4169,220.864,1790773410601638.108	,1790773410601858.972	
0,Slice_ee29dafe4fe21e12bb8d56ae91626cba_high_performance_524000000,AI_VECTOR_CORE,47,4170,8.700,1790773410601860.132	,1790773410601868.832	
0,ClipByValueV2_e87c9546cf2804355cf0d9445a2db01a_high_performance_220010000,AI_VECTOR_CORE,47,4171,38.500,1790773410601868.872	,1790773410601907.373	
0,ViewCopy_7778b2d0a2938f9247cc0c9f84559eb2_high_performance__kernel0,AI_VECTOR_CORE,47,4172,12.360,1790773410601907.413	,1790773410601919.773	
0,Slice_ee29dafe4fe21e12bb8d56ae91626cba_high_performance_524000000,AI_VECTOR_CORE,47,4173,8.100,1790773410601919.793	,1790773410601927.894	
0,ClipByValueV2_e87c9546cf2804355cf0d9445a2db01a_high_performance_220010000,AI_VECTOR_CORE,47,4174,36.340,1790773410601927.934	,1790773410601964.274	
0,ViewCopy_7778b2d0a2938f9247cc0c9f84559eb2_high_performance__kernel0,AI_VECTOR_CORE,47,4175,13.560,1790773410601964.294	,1790773410601977.855	
0,SwiGlu_3_high_performance_27,AI_VECTOR_CORE,47,4176,20.220,1790773410601977.875	,1790773410601998.095	
0,N/A,EVENT_RECORD,47,4177,0.020,1790773410602139.138	,1790773410602139.158	
0,GroupedMatmul_0d2d43751f81d7f29646a862147967c9_68885275,MIX_AIC,47,4178,112.042,1790773410602363.182	,1790773410602475.225	
0,N/A,EVENT_RECORD,47,4179,0.020,1790773410602548.646	,1790773410602548.666	
0,Cast_9f288b80370c6545ffe8cef142d37f5c_high_performance_210000000,AI_VECTOR_CORE,47,4180,1.440,1790773410602703.769	,1790773410602705.209	
0,Abs_8098b79498645e9c0da095babdeaf862_high_performance_210000000,AI_VECTOR_CORE,47,4181,1.680,1790773410602764.410	,1790773410602766.090	
0,MoeTokenUnpermute_6dd49246dc9576d3314234df69cb5c22_1,AI_VECTOR_CORE,47,4182,15.640,1790773410602908.413	,1790773410602924.054	
0,MatMulV2_ND_ND_FP16_FP16_false_true_all_98513,AI_CORE,47,4183,43.160,1790773410603234.000	,1790773410603277.161	
0,Slice_ee29dafe4fe21e12bb8d56ae91626cba_high_performance_524000000,AI_VECTOR_CORE,47,4184,3.160,1790773410603395.063	,1790773410603398.223	
0,ClipByValueV2_e87c9546cf2804355cf0d9445a2db01a_high_performance_220000000,AI_VECTOR_CORE,47,4185,11.520,1790773410603398.243	,1790773410603409.763	
0,Slice_ee29dafe4fe21e12bb8d56ae91626cba_high_performance_524000000,AI_VECTOR_CORE,47,4186,3.100,1790773410603479.625	,1790773410603482.725	
0,ClipByValueV2_e87c9546cf2804355cf0d9445a2db01a_high_performance_220000000,AI_VECTOR_CORE,47,4187,8.720,1790773410603482.745	,1790773410603491.465	
0,Muls_299cf4d7f9ef0f745d89d88c666b45aa_high_performance_210000000,AI_VECTOR_CORE,47,4188,7.600,1790773410603552.406	,1790773410603560.006	
0,Sigmoid_1c4543fdfe7149b6b0717bd88f061562_high_precision_210000000,AI_VECTOR_CORE,47,4189,9.000,1790773410603598.427	,1790773410603607.427	
0,Mul_ce3d1ff8ba23a0bcb292da3577c1625d_high_performance_210020000,AI_VECTOR_CORE,47,4190,9.680,1790773410603640.768	,1790773410603650.448	
0,Add_ce3d1ff8ba23a0bcb292da3577c1625d_high_performance_223000000,AI_VECTOR_CORE,47,4191,7.560,1790773410603695.769	,1790773410603703.329	
0,Mul_ce3d1ff8ba23a0bcb292da3577c1625d_high_performance_210020000,AI_VECTOR_CORE,47,4192,4.040,1790773410603733.750	,1790773410603737.790	
0,MatMulV2_ND_ND_FP16_FP16_false_true_all_98513,AI_CORE,47,4193,22.480,1790773410603928.814	,1790773410603951.294	
0,ForeachAddList_c73cb8f503197be65eaf63148ad48de4_high_performance_4,AI_VECTOR_CORE,47,4194,14.780,1790773410604225.880	,1790773410604240.660	
0,HcPost_d2fe6614722b27afa6f8d964c215447e_0,AI_VECTOR_CORE,47,4195,21.120,1790773410604560.806	,1790773410604581.927	
0,ReduceMean_9a2479d4dc5148645cb3f4b9e765c637_high_precision_100900,MIX_AIV,47,4196,15.540,1790773410604654.988	,1790773410604670.528	
0,RmsNorm_normal_all_bf16_high_performance_0,AI_VECTOR_CORE,47,4197,11.080,1790773410604830.452	,1790773410604841.532	
0,IndexCheck_int32_high_performance_1,AI_VECTOR_CORE,47,4198,3.140,1790773410604998.855	,1790773410605001.995	
0,Index_b1b18d29d34a3b544b5bb6b3f56177c3_high_performance__kernel0,AI_VECTOR_CORE,47,4199,8.980,1790773410605002.015	,1790773410605010.995	
0,MatMulV2_ND_ND_FP16_FP16_false_true_all_98499,AI_CORE,47,4200,964.699,1790773410605167.058	,1790773410606131.758	
0,Cast_b2717900ea7de2d41ea9c63d23aa269b_high_performance_210000000,AI_VECTOR_CORE,47,4201,7.400,1790773410606131.778	,1790773410606139.178	
0,LogSoftmaxV2_291664ae3e88b38b8b46c2efbbea27c9_high_precision_400001,AI_VECTOR_CORE,47,4202,43.940,1790773410606139.198	,1790773410606183.139	
0,Cast_b2717900ea7de2d41ea9c63d23aa269b_high_performance_210000000,AI_VECTOR_CORE,47,4203,2.560,1790773410606183.179	,1790773410606185.739	
0,ArgMaxV2_4402011f777d6374ab9f6425cb5984c4_high_performance_3,AI_VECTOR_CORE,47,4204,19.060,1790773410606185.779	,1790773410606204.839	
0,Cast_e87590d11ccda8b259ab6b1ea7212319_high_performance_210000000,AI_VECTOR_CORE,47,4205,1.440,1790773410606204.879	,1790773410606206.319	
0,TopKV2_5c671486fda0d949d7cba9a9754bc2dd_high_performance_2017612907941986305,MIX_AIV,47,4206,19.380,1790773410606207.379	,1790773410606226.760	
0,TopKV2_5c671486fda0d949d7cba9a9754bc2dd_high_performance_2017612701781458944,MIX_AIV,47,4207,3.400,1790773410606229.320	,1790773410606232.720	
0,GatherElements_8b4ec10fbb39c5c0a65192c606400b29_high_performance__kernel0,AI_VECTOR_CORE,47,4208,10.620,1790773410606233.560	,1790773410606244.180	
0,Cast_e87590d11ccda8b259ab6b1ea7212319_high_performance_210000000,AI_VECTOR_CORE,47,4209,1.020,1790773410606244.200	,1790773410606245.220	
0,Cast_39a266ce9a8d7d9ead33f6686e936b72_high_performance_210000000,AI_VECTOR_CORE,47,4210,1.940,1790773410606245.240	,1790773410606247.180	
0,GatherElementsV2_fp32_high_performance_2,AI_VECTOR_CORE,47,4211,3.860,1790773410606247.200	,1790773410606251.060	
0,GreaterEqual_3efaad932f458d7892fdb0715ec85b2b_high_performance_223000000,AI_VECTOR_CORE,47,4212,13.320,1790773410606251.080	,1790773410606264.400	
0,Cast_df2b778f1b80e749bd4242386ec57ab9_high_performance_210000000,AI_VECTOR_CORE,47,4213,6.620,1790773410606264.420	,1790773410606271.040	
0,ReduceSum_7a09f5b7af4126487a7f726a9aac7548_high_performance_110001000400,MIX_AIV,47,4214,20.660,1790773410606272.280	,1790773410606292.941	
0,Cast_c6738f795430c3c6f09cdc8d52a1b43d_high_performance_210000000,AI_VECTOR_CORE,47,4215,1.300,1790773410606294.221	,1790773410606295.521	
0,ConcatD_0d745295987e1c668b2ec8b2844aeada_high_performance_3000001,AI_VECTOR_CORE,47,4216,2.440,1790773410606295.541	,1790773410606297.981	
0,ConcatD_233851a3505389e43928a8bba133a74d_high_performance_3000001,AI_VECTOR_CORE,47,4217,1.980,1790773410606319.661	,1790773410606321.641	
0,Cast_39a266ce9a8d7d9ead33f6686e936b72_high_performance_210000000,AI_VECTOR_CORE,47,4218,1.460,1790773410606386.343	,1790773410606387.803	
0,Cast_39a266ce9a8d7d9ead33f6686e936b72_high_performance_210000000,AI_VECTOR_CORE,47,4219,1.520,1790773410606519.885	,1790773410606521.405	
0,N/A,EVENT_RECORD,47,4220,0.020,1790773410606704.049	,1790773410606704.069	
0,N/A,EVENT_WAIT,39,25,0.020,1790773410607091.377	,1790773410607091.397	
0,N/A,EVENT_RECORD,47,4221,0.020,1790773410607355.682	,1790773410607355.702	
0,N/A,EVENT_WAIT,45,247,0.020,1790773410607457.704	,1790773410607457.724	
0,N/A,MEMCPY_ASYNC,45,248,1.940,1790773410607650.588	,1790773410607652.528	
0,N/A,MEMCPY_ASYNC,45,249,2.560,1790773410607708.149	,1790773410607710.709	
0,N/A,MEMCPY_ASYNC,45,250,2.200,1790773410607718.129	,1790773410607720.329	
0,N/A,MEMCPY_ASYNC,45,251,2.060,1790773410607772.850	,1790773410607774.910	
0,N/A,EVENT_RECORD,45,252,0.000,1790773410607944.354	,1790773410607944.354	
0,N/A,MEMCPY_ASYNC,47,4222,2.300,1790773410609801.771	,1790773410609804.071	
0,N/A,MEMCPY_ASYNC,47,4223,2.240,1790773410609885.713	,1790773410609887.953	
0,N/A,MEMCPY_ASYNC,47,4224,2.380,1790773410609984.815	,1790773410609987.195	
0,N/A,MEMCPY_ASYNC,47,4225,2.360,1790773410610033.996	,1790773410610036.356	
0,N/A,MEMCPY_ASYNC,47,4226,2.240,1790773410610106.517	,1790773410610108.757	
0,N/A,MEMCPY_ASYNC,47,4227,2.260,1790773410610470.224	,1790773410610472.484	
0,N/A,MEMCPY_ASYNC,47,4228,2.260,1790773410610690.409	,1790773410610692.669	
0,N/A,MEMCPY_ASYNC,47,4229,2.240,1790773410610740.830	,1790773410610743.070	
0,Fill_1fbc7ee619b707282bbfd034093621df_high_performance_223000000,AI_VECTOR_CORE,47,4230,1.620,1790773410610917.493	,1790773410610919.113	
0,N/A,MEMCPY_ASYNC,47,4231,2.300,1790773410611050.836	,1790773410611053.136	
0,N/A,MEMCPY_ASYNC,47,4232,0.600,1790773410611252.600	,1790773410611253.200	
0,N/A,MEMCPY_ASYNC,47,4233,2.240,1790773410611553.906	,1790773410611556.146	
0,Fill_1fbc7ee619b707282bbfd034093621df_high_performance_223000000,AI_VECTOR_CORE,47,4234,1.480,1790773410611610.107	,1790773410611611.587	
0,N/A,MEMCPY_ASYNC,47,4235,2.240,1790773410611643.048	,1790773410611645.288	
0,N/A,MEMCPY_ASYNC,47,4236,2.520,1790773410611666.028	,1790773410611668.548	
0,N/A,MEMCPY_ASYNC,47,4237,2.380,1790773410611737.010	,1790773410611739.390	
0,N/A,MEMCPY_ASYNC,47,4238,2.260,1790773410611817.051	,1790773410611819.311	
0,IndexCheck_int64_high_performance_0,AI_VECTOR_CORE,47,4239,11.480,1790773410611966.714	,1790773410611978.194	
0,Index_f34e8f0e5e2c96109aa0460550023804_high_performance__kernel0,AI_VECTOR_CORE,47,4240,7.980,1790773410611978.214	,1790773410611986.195	
0,Cast_e87590d11ccda8b259ab6b1ea7212319_high_performance_210000000,AI_VECTOR_CORE,47,4241,1.140,1790773410612043.496	,1790773410612044.636	
0,Add_41dadce325b0f810d03359af2a38990b_high_performance_210000000,AI_VECTOR_CORE,47,4242,2.580,1790773410612118.677	,1790773410612121.257	
0,N/A,MEMCPY_ASYNC,47,4243,0.580,1790773410612240.500	,1790773410612241.080	
0,Add_9342884c99c006e21fc9d5d9260b8bef_high_performance_210000000,AI_VECTOR_CORE,47,4244,1.480,1790773410612317.641	,1790773410612319.121	
0,N/A,MEMCPY_ASYNC,47,4245,0.600,1790773410612425.823	,1790773410612426.423	
0,Fill_1fbc7ee619b707282bbfd034093621df_high_performance_210000000,AI_VECTOR_CORE,47,4246,1.800,1790773410612505.245	,1790773410612507.045	
0,_compute_slot_mapping_fused_groups_adaptive_kernel,AI_VECTOR_CORE,47,4247,22.120,1790773410612909.893	,1790773410612932.014	
0,Sub_9342884c99c006e21fc9d5d9260b8bef_high_performance_223000000,AI_VECTOR_CORE,47,4248,1.540,1790773410613074.276	,1790773410613075.816	
0,Cast_e87590d11ccda8b259ab6b1ea7212319_high_performance_210000000,AI_VECTOR_CORE,47,4249,1.200,1790773410614260.680	,1790773410614261.880	
0,FloorDiv_41dadce325b0f810d03359af2a38990b_high_performance_223000000,AI_VECTOR_CORE,47,4250,5.540,1790773410614263.040	,1790773410614268.580	
0,Cast_39a266ce9a8d7d9ead33f6686e936b72_high_performance_210000000,AI_VECTOR_CORE,47,4251,1.500,1790773410614268.600	,1790773410614270.100	
0,N/A,MEMCPY_ASYNC,47,4252,0.620,1790773410614454.584	,1790773410614455.204	
0,Cast_e87590d11ccda8b259ab6b1ea7212319_high_performance_210000000,AI_VECTOR_CORE,47,4253,1.220,1790773410614556.266	,1790773410614557.486	
0,GreaterEqual_1ea4da630f56dc1c2d6e7c9a9dd17b11_high_performance_223000000,AI_VECTOR_CORE,47,4254,3.160,1790773410614557.786	,1790773410614560.946	
0,Add_41dadce325b0f810d03359af2a38990b_high_performance_223000000,AI_VECTOR_CORE,47,4255,3.220,1790773410614613.987	,1790773410614617.207	
0,BroadcastTo_41dadce325b0f810d03359af2a38990b_high_performance_232000000,AI_VECTOR_CORE,47,4256,1.960,1790773410614688.329	,1790773410614690.289	
0,FloorMod_41dadce325b0f810d03359af2a38990b_high_precision_210000000,AI_VECTOR_CORE,47,4257,6.380,1790773410614690.309	,1790773410614696.689	
0,Equal_1ea4da630f56dc1c2d6e7c9a9dd17b11_high_performance_223000000,AI_VECTOR_CORE,47,4258,2.360,1790773410614719.069	,1790773410614721.429	
0,LogicalAnd_91d2a3cdd75d915a368582ec5f440af1_high_performance_210000000,AI_VECTOR_CORE,47,4259,1.660,1790773410614797.251	,1790773410614798.911	
0,ClipByValueV2_3bc53d14ff7dfecd0ed0c69136ab471a_high_performance_220000000,AI_VECTOR_CORE,47,4260,2.680,1790773410614837.792	,1790773410614840.472	
0,Cast_e87590d11ccda8b259ab6b1ea7212319_high_performance_210000000,AI_VECTOR_CORE,47,4261,1.220,1790773410614909.053	,1790773410614910.273	
0,FloorDiv_41dadce325b0f810d03359af2a38990b_high_performance_223000000,AI_VECTOR_CORE,47,4262,5.980,1790773410614911.033	,1790773410614917.013	
0,Cast_39a266ce9a8d7d9ead33f6686e936b72_high_performance_210000000,AI_VECTOR_CORE,47,4263,1.540,1790773410614917.053	,1790773410614918.593	
0,BroadcastTo_c71434db8135ff9089d65053721e3417_high_performance_232000000,AI_VECTOR_CORE,47,4264,1.480,1790773410614961.174	,1790773410614962.654	
0,FloorMod_9342884c99c006e21fc9d5d9260b8bef_high_precision_210000000,AI_VECTOR_CORE,47,4265,3.760,1790773410614963.294	,1790773410614967.054	
0,Mul_9342884c99c006e21fc9d5d9260b8bef_high_performance_223000000,AI_VECTOR_CORE,47,4266,1.560,1790773410615018.455	,1790773410615020.015	
0,Cast_e87590d11ccda8b259ab6b1ea7212319_high_performance_210000000,AI_VECTOR_CORE,47,4267,1.240,1790773410615082.676	,1790773410615083.917	
0,FloorDiv_41dadce325b0f810d03359af2a38990b_high_performance_223000000,AI_VECTOR_CORE,47,4268,5.780,1790773410615084.777	,1790773410615090.557	
0,Cast_39a266ce9a8d7d9ead33f6686e936b72_high_performance_210000000,AI_VECTOR_CORE,47,4269,1.420,1790773410615100.277	,1790773410615101.697	
0,Add_9342884c99c006e21fc9d5d9260b8bef_high_performance_210000000,AI_VECTOR_CORE,47,4270,1.300,1790773410615112.917	,1790773410615114.217	
0,Fill_1fbc7ee619b707282bbfd034093621df_high_performance_223000000,AI_VECTOR_CORE,47,4271,1.520,1790773410615205.299	,1790773410615206.819	
0,SelectV2_9bb0969ab50036eba4428cd9974a5c0b_high_performance_210000000,AI_VECTOR_CORE,47,4272,2.180,1790773410615222.439	,1790773410615224.619	
0,Cast_e87590d11ccda8b259ab6b1ea7212319_high_performance_210000000,AI_VECTOR_CORE,47,4273,1.280,1790773410615265.540	,1790773410615266.820	
0,Cast_e87590d11ccda8b259ab6b1ea7212319_high_performance_210000000,AI_VECTOR_CORE,47,4274,1.260,1790773410615378.562	,1790773410615379.822	
0,FloorDiv_41dadce325b0f810d03359af2a38990b_high_performance_223000000,AI_VECTOR_CORE,47,4275,1.960,1790773410615380.022	,1790773410615381.982	
0,Cast_39a266ce9a8d7d9ead33f6686e936b72_high_performance_210000000,AI_VECTOR_CORE,47,4276,1.320,1790773410615382.002	,1790773410615383.322	
0,N/A,MEMCPY_ASYNC,47,4277,0.540,1790773410615533.786	,1790773410615534.326	
0,N/A,MEMCPY_ASYNC,47,4278,0.620,1790773410615625.207	,1790773410615625.827	
0,Sub_9342884c99c006e21fc9d5d9260b8bef_high_performance_223000000,AI_VECTOR_CORE,47,4279,1.380,1790773410616733.429	,1790773410616734.809	
0,Sub_9342884c99c006e21fc9d5d9260b8bef_high_performance_210000000,AI_VECTOR_CORE,47,4280,1.380,1790773410619328.001	,1790773410619329.381	
0,Sub_9342884c99c006e21fc9d5d9260b8bef_high_performance_210000000,AI_VECTOR_CORE,47,4281,1.300,1790773410619351.662	,1790773410619352.962	
0,Cast_e87590d11ccda8b259ab6b1ea7212319_high_performance_210000000,AI_VECTOR_CORE,47,4282,1.140,1790773410619385.302	,1790773410619386.442	
0,Greater_1ea4da630f56dc1c2d6e7c9a9dd17b11_high_performance_223000000,AI_VECTOR_CORE,47,4283,3.000,1790773410619403.343	,1790773410619406.343	
0,N/A,MEMCPY_ASYNC,47,4284,0.520,1790773410619673.988	,1790773410619674.508	
0,Sub_9342884c99c006e21fc9d5d9260b8bef_high_performance_210000000,AI_VECTOR_CORE,47,4285,1.240,1790773410619750.350	,1790773410619751.590	
0,Sub_9342884c99c006e21fc9d5d9260b8bef_high_performance_223000000,AI_VECTOR_CORE,47,4286,1.380,1790773410620489.965	,1790773410620491.345	
0,Sub_9342884c99c006e21fc9d5d9260b8bef_high_performance_210000000,AI_VECTOR_CORE,47,4287,1.320,1790773410623020.975	,1790773410623022.295	
0,Sub_9342884c99c006e21fc9d5d9260b8bef_high_performance_210000000,AI_VECTOR_CORE,47,4288,1.360,1790773410623058.936	,1790773410623060.296	
0,Cast_e87590d11ccda8b259ab6b1ea7212319_high_performance_210000000,AI_VECTOR_CORE,47,4289,1.240,1790773410623076.716	,1790773410623077.956	
0,Greater_1ea4da630f56dc1c2d6e7c9a9dd17b11_high_performance_223000000,AI_VECTOR_CORE,47,4290,2.480,1790773410623078.656	,1790773410623081.136	
0,N/A,MEMCPY_ASYNC,47,4291,0.500,1790773410623345.162	,1790773410623345.662	
0,Sub_9342884c99c006e21fc9d5d9260b8bef_high_performance_210000000,AI_VECTOR_CORE,47,4292,1.160,1790773410623414.603	,1790773410623415.763	
0,Sub_9342884c99c006e21fc9d5d9260b8bef_high_performance_223000000,AI_VECTOR_CORE,47,4293,1.180,1790773410624138.017	,1790773410624139.197	
0,Sub_9342884c99c006e21fc9d5d9260b8bef_high_performance_210000000,AI_VECTOR_CORE,47,4294,1.260,1790773410626663.888	,1790773410626665.148	
0,Sub_9342884c99c006e21fc9d5d9260b8bef_high_performance_210000000,AI_VECTOR_CORE,47,4295,1.260,1790773410626685.008	,1790773410626686.268	
0,Cast_e87590d11ccda8b259ab6b1ea7212319_high_performance_210000000,AI_VECTOR_CORE,47,4296,1.160,1790773410626718.969	,1790773410626720.129	
0,Greater_1ea4da630f56dc1c2d6e7c9a9dd17b11_high_performance_223000000,AI_VECTOR_CORE,47,4297,2.340,1790773410626739.269	,1790773410626741.609	
0,N/A,MEMCPY_ASYNC,47,4298,0.480,1790773410627003.495	,1790773410627003.975	
0,Sub_9342884c99c006e21fc9d5d9260b8bef_high_performance_210000000,AI_VECTOR_CORE,47,4299,1.280,1790773410627068.276	,1790773410627069.556	
0,N/A,EVENT_RECORD,47,4300,0.020,1790773410627328.081	,1790773410627328.101	
0,Fill_279daeaf6b659300647aba3935d90048_high_performance_210000000,AI_VECTOR_CORE,47,4301,1.360,1790773410627738.549	,1790773410627739.909	
0,Cast_a9b7af94359fc7c19da07ad0790f065c_high_performance_210000000,AI_VECTOR_CORE,47,4302,1.240,1790773410627785.270	,1790773410627786.510	
0,BroadcastTo_c71434db8135ff9089d65053721e3417_high_performance_232000000,AI_VECTOR_CORE,47,4303,1.380,1790773410627787.130	,1790773410627788.510	
0,Cast_9fc020fd54590bb5fe6cf6eabcf7b473_high_performance_210000000,AI_VECTOR_CORE,47,4304,1.600,1790773410627802.471	,1790773410627804.071	
0,Fill_279daeaf6b659300647aba3935d90048_high_performance_210000000,AI_VECTOR_CORE,47,4305,1.280,1790773410627832.331	,1790773410627833.611	
0,Cast_e87590d11ccda8b259ab6b1ea7212319_high_performance_210000000,AI_VECTOR_CORE,47,4306,1.340,1790773410628059.656	,1790773410628060.996	
0,GatherV2_7869a97190b9b4d296d9414a005b954b_high_precision_900015010,AI_VECTOR_CORE,47,4307,8.720,1790773410628121.597	,1790773410628130.317	
0,BroadcastTo_7e5992d3033ef32a3463c5d198e518a1_high_performance_212100002,AI_VECTOR_CORE,47,4308,15.620,1790773410628258.780	,1790773410628274.400	
0,HcPre_6c9f0fa710253eff38b1c0e6be6a67be_0,MIX_AIC,47,4309,95.741,1790773410628520.285	,1790773410628616.027	
0,RmsNorm_normal_all_bf16_high_performance_0,AI_VECTOR_CORE,47,4310,13.780,1790773410628647.088	,1790773410628660.868	
0,MatMulV2_ND_ND_FP16_FP16_false_true_all_98514,AI_CORE,47,4311,412.288,1790773410628883.752	,1790773410629296.040	
0,Slice_ee29dafe4fe21e12bb8d56ae91626cba_high_performance_524000000,AI_VECTOR_CORE,47,4312,3.100,1790773410629296.060	,1790773410629299.161	
0,MatMulV2_ND_ND_FP16_FP16_false_true_all_98337,AI_CORE,47,4313,11.020,1790773410629299.181	,1790773410629310.201	
0,Slice_ee29dafe4fe21e12bb8d56ae91626cba_high_performance_524000000,AI_VECTOR_CORE,47,4314,2.720,1790773410629325.041	,1790773410629327.761	
0,MatMulV2_ND_ND_FP16_FP16_false_true_all_98337,AI_CORE,47,4315,8.340,1790773410629327.801	,1790773410629336.141	
0,ZerosLike_1c4543fdfe7149b6b0717bd88f061562_high_performance_210010000,AI_VECTOR_CORE,47,4316,10.780,1790773410629551.806	,1790773410629562.586	
0,_copy_conv_state_kernel,AI_VECTOR_CORE,47,4317,11.440,1790773410629935.913	,1790773410629947.353	
0,Slice_ee29dafe4fe21e12bb8d56ae91626cba_high_performance_524000000,AI_VECTOR_CORE,47,4318,8.760,1790773410630351.942	,1790773410630360.702	
0,CausalConv1d_b0123b7fae3057c534dbb03661977c42_22,MIX_AIC,47,4319,72.961,1790773410630391.802	,1790773410630464.764	
0,_copy_conv_state_kernel,AI_VECTOR_CORE,47,4320,10.380,1790773410630605.567	,1790773410630615.947	
0,ZerosLike_1c4543fdfe7149b6b0717bd88f061562_high_performance_210010000,AI_VECTOR_CORE,47,4321,8.340,1790773410630781.610	,1790773410630789.950	
0,RecurrentKda_1ac9a791ca2957b2fe0a2e96909b5782_0,AI_VECTOR_CORE,47,4322,31.240,1790773410631152.158	,1790773410631183.398	
0,Range_a32d70ed63082227463347a44bd5a08e_high_performance__kernel0,AI_VECTOR_CORE,47,4323,10.300,1790773410631232.859	,1790773410631243.159	
0,Cast_e87590d11ccda8b259ab6b1ea7212319_high_performance_210000000,AI_VECTOR_CORE,47,4324,1.420,1790773410631306.921	,1790773410631308.341	
0,Less_1ea4da630f56dc1c2d6e7c9a9dd17b11_high_performance_210000000,AI_VECTOR_CORE,47,4325,2.980,1790773410631309.041	,1790773410631312.021	
0,LogicalNot_c5fb21ce50d8471d9b8df5001b9dc9a5_high_performance_210000000,AI_VECTOR_CORE,47,4326,1.560,1790773410631394.222	,1790773410631395.782	
0,N/A,MEMCPY_ASYNC,47,4327,0.620,1790773410631536.625	,1790773410631537.245	
0,MaskedFill_56fa5818fd7054b95187cc25e525baa3_high_performance_220000000,AI_VECTOR_CORE,47,4328,4.060,1790773410631564.426	,1790773410631568.486	
0,_gather_initial_states_kernel,AI_VECTOR_CORE,47,4329,10.520,1790773410632103.537	,1790773410632114.057	
0,Slice_ee29dafe4fe21e12bb8d56ae91626cba_high_performance_524000000,AI_VECTOR_CORE,47,4330,2.580,1790773410632154.138	,1790773410632156.718	
0,Cast_b2717900ea7de2d41ea9c63d23aa269b_high_performance_210000000,AI_VECTOR_CORE,47,4331,3.980,1790773410632177.178	,1790773410632181.158	
0,Sigmoid_5c5e58e043224cccf51a06108010ae13_high_precision_210000000,AI_VECTOR_CORE,47,4332,4.060,1790773410632193.378	,1790773410632197.438	
0,Slice_ee29dafe4fe21e12bb8d56ae91626cba_high_performance_524000000,AI_VECTOR_CORE,47,4333,7.700,1790773410632243.439	,1790773410632251.140	
0,l2norm_fwd_kernel2,AI_VECTOR_CORE,47,4334,15.360,1790773410632635.427	,1790773410632650.787	
0,Slice_ee29dafe4fe21e12bb8d56ae91626cba_high_performance_524000000,AI_VECTOR_CORE,47,4335,6.520,1790773410632775.930	,1790773410632782.450	
0,l2norm_fwd_kernel2,AI_VECTOR_CORE,47,4336,10.320,1790773410633066.776	,1790773410633077.096	
0,Slice_ee29dafe4fe21e12bb8d56ae91626cba_high_performance_524000000,AI_VECTOR_CORE,47,4337,6.380,1790773410633197.718	,1790773410633204.099	
0,Transpose_9a632dc5b6be9e1b4215e3cf2b1aff0d_high_performance_13,AI_VECTOR_CORE,47,4338,10.480,1790773410633474.624	,1790773410633485.104	
0,Transpose_9a632dc5b6be9e1b4215e3cf2b1aff0d_high_performance_13,AI_VECTOR_CORE,47,4339,15.940,1790773410633485.124	,1790773410633501.064	
0,ChunkKdaFwd_5e864108d5688e456abb78f238c67b16_2,MIX_AIC,47,4340,885.057,1790773410633502.285	,1790773410634387.342	
0,Transpose_9a632dc5b6be9e1b4215e3cf2b1aff0d_high_performance_13,AI_VECTOR_CORE,47,4341,16.540,1790773410634388.662	,1790773410634405.203	
0,ScatterNdUpdate_float32_int32_high_precision_11,MIX_AIV,47,4342,102.882,1790773410634406.463	,1790773410634509.345	
0,ConcatD_ac0081dab05f1e5cef852acb8d7e866f_high_performance_4000001,AI_VECTOR_CORE,47,4343,11.000,1790773410634510.225	,1790773410634521.225	
0,TensorMove_d2db1a80c523e7e59a032c95969880af_high_performance__kernel0,AI_VECTOR_CORE,47,4344,8.780,1790773410634521.245	,1790773410634530.025	
0,layer_norm_gated_fwd_kernel,AI_VECTOR_CORE,47,4345,29.240,1790773410634530.045	,1790773410634559.286	
0,MatMulV2_ND_ND_FP16_FP16_false_true_all_98513,AI_CORE,47,4346,182.043,1790773410634626.867	,1790773410634808.911	
0,HcPost_d2fe6614722b27afa6f8d964c215447e_0,AI_VECTOR_CORE,47,4347,36.980,1790773410634880.072	,1790773410634917.053	
0,HcPre_6c9f0fa710253eff38b1c0e6be6a67be_0,MIX_AIC,47,4348,96.421,1790773410635062.336	,1790773410635158.758	
0,RmsNorm_normal_all_bf16_high_performance_0,AI_VECTOR_CORE,47,4349,13.680,1790773410635181.638	,1790773410635195.318	
0,MatMulV2_ND_ND_FP16_FP16_false_true_all_98514,AI_CORE,47,4350,503.510,1790773410635411.983	,1790773410635915.493	
0,Slice_ee29dafe4fe21e12bb8d56ae91626cba_high_performance_524000000,AI_VECTOR_CORE,47,4351,8.320,1790773410635915.513	,1790773410635923.833	
0,ClipByValueV2_e87c9546cf2804355cf0d9445a2db01a_high_performance_220010000,AI_VECTOR_CORE,47,4352,58.641,1790773410635923.853	,1790773410635982.494	
0,Slice_ee29dafe4fe21e12bb8d56ae91626cba_high_performance_524000000,AI_VECTOR_CORE,47,4353,7.120,1790773410635982.534	,1790773410635989.654	
0,ClipByValueV2_e87c9546cf2804355cf0d9445a2db01a_high_performance_220010000,AI_VECTOR_CORE,47,4354,48.820,1790773410635989.674	,1790773410636038.495	
0,Muls_299cf4d7f9ef0f745d89d88c666b45aa_high_performance_210010000,AI_VECTOR_CORE,47,4355,10.560,1790773410636038.515	,1790773410636049.075	
0,Sigmoid_1c4543fdfe7149b6b0717bd88f061562_high_precision_210010000,AI_VECTOR_CORE,47,4356,14.300,1790773410636049.095	,1790773410636063.396	
0,Mul_ce3d1ff8ba23a0bcb292da3577c1625d_high_performance_210020000,AI_VECTOR_CORE,47,4357,17.920,1790773410636063.416	,1790773410636081.336	
0,Add_ce3d1ff8ba23a0bcb292da3577c1625d_high_performance_223010000,AI_VECTOR_CORE,47,4358,13.280,1790773410636081.356	,1790773410636094.636	
0,Mul_ce3d1ff8ba23a0bcb292da3577c1625d_high_performance_210020000,AI_VECTOR_CORE,47,4359,9.760,1790773410636094.656	,1790773410636104.417	
0,MatMulV2_ND_ND_FP16_FP16_false_true_all_98513,AI_CORE,47,4360,246.804,1790773410636104.457	,1790773410636351.261	
0,HcPost_d2fe6614722b27afa6f8d964c215447e_0,AI_VECTOR_CORE,47,4361,34.360,1790773410636351.281	,1790773410636385.642	
0,HcPre_6c9f0fa710253eff38b1c0e6be6a67be_0,MIX_AIC,47,4362,98.641,1790773410636619.867	,1790773410636718.509	
0,RmsNorm_normal_all_bf16_high_performance_0,AI_VECTOR_CORE,47,4363,15.740,1790773410636719.389	,1790773410636735.129	
0,MatMulV2_ND_ND_FP16_FP16_false_true_all_98514,AI_CORE,47,4364,425.048,1790773410636842.971	,1790773410637268.020	
0,Slice_ee29dafe4fe21e12bb8d56ae91626cba_high_performance_524000000,AI_VECTOR_CORE,47,4365,3.000,1790773410637268.040	,1790773410637271.040	
0,MatMulV2_ND_ND_FP16_FP16_false_true_all_98337,AI_CORE,47,4366,11.460,1790773410637271.080	,1790773410637282.540	
0,Slice_ee29dafe4fe21e12bb8d56ae91626cba_high_performance_524000000,AI_VECTOR_CORE,47,4367,2.560,1790773410637282.580	,1790773410637285.140	
0,MatMulV2_ND_ND_FP16_FP16_false_true_all_98337,AI_CORE,47,4368,9.260,1790773410637285.160	,1790773410637294.420	
0,ZerosLike_1c4543fdfe7149b6b0717bd88f061562_high_performance_210010000,AI_VECTOR_CORE,47,4369,10.920,1790773410637492.824	,1790773410637503.744	
0,_copy_conv_state_kernel,AI_VECTOR_CORE,47,4370,10.940,1790773410637851.231	,1790773410637862.172	
0,Slice_ee29dafe4fe21e12bb8d56ae91626cba_high_performance_524000000,AI_VECTOR_CORE,47,4371,9.220,1790773410638225.239	,1790773410638234.459	
0,CausalConv1d_b0123b7fae3057c534dbb03661977c42_22,MIX_AIC,47,4372,74.441,1790773410638268.320	,1790773410638342.761	
0,_copy_conv_state_kernel,AI_VECTOR_CORE,47,4373,10.060,1790773410638491.804	,1790773410638501.864	
0,ZerosLike_1c4543fdfe7149b6b0717bd88f061562_high_performance_210010000,AI_VECTOR_CORE,47,4374,7.600,1790773410638647.987	,1790773410638655.587	
0,RecurrentKda_1ac9a791ca2957b2fe0a2e96909b5782_0,AI_VECTOR_CORE,47,4375,30.540,1790773410639001.694	,1790773410639032.235	
0,Range_a32d70ed63082227463347a44bd5a08e_high_performance__kernel0,AI_VECTOR_CORE,47,4376,6.840,1790773410639084.576	,1790773410639091.416	
0,Cast_e87590d11ccda8b259ab6b1ea7212319_high_performance_210000000,AI_VECTOR_CORE,47,4377,1.380,1790773410639157.538	,1790773410639158.918	
0,Less_1ea4da630f56dc1c2d6e7c9a9dd17b11_high_performance_210000000,AI_VECTOR_CORE,47,4378,3.160,1790773410639159.258	,1790773410639162.418	
0,LogicalNot_c5fb21ce50d8471d9b8df5001b9dc9a5_high_performance_210000000,AI_VECTOR_CORE,47,4379,1.460,1790773410639331.581	,1790773410639333.041	
0,N/A,MEMCPY_ASYNC,47,4380,0.620,1790773410639422.843	,1790773410639423.463	
0,MaskedFill_56fa5818fd7054b95187cc25e525baa3_high_performance_220000000,AI_VECTOR_CORE,47,4381,4.080,1790773410639459.504	,1790773410639463.584	
0,_gather_initial_states_kernel,AI_VECTOR_CORE,47,4382,10.340,1790773410639958.794	,1790773410639969.134	
0,Slice_ee29dafe4fe21e12bb8d56ae91626cba_high_performance_524000000,AI_VECTOR_CORE,47,4383,2.680,1790773410640067.096	,1790773410640069.776	
0,Cast_b2717900ea7de2d41ea9c63d23aa269b_high_performance_210000000,AI_VECTOR_CORE,47,4384,4.080,1790773410640069.796	,1790773410640073.876	
0,Sigmoid_5c5e58e043224cccf51a06108010ae13_high_precision_210000000,AI_VECTOR_CORE,47,4385,3.960,1790773410640097.816	,1790773410640101.776	
0,Slice_ee29dafe4fe21e12bb8d56ae91626cba_high_performance_524000000,AI_VECTOR_CORE,47,4386,10.860,1790773410640158.718	,1790773410640169.578	
0,l2norm_fwd_kernel2,AI_VECTOR_CORE,47,4387,15.340,1790773410640487.124	,1790773410640502.464	
0,Slice_ee29dafe4fe21e12bb8d56ae91626cba_high_performance_524000000,AI_VECTOR_CORE,47,4388,6.600,1790773410640624.427	,1790773410640631.027	
0,l2norm_fwd_kernel2,AI_VECTOR_CORE,47,4389,10.420,1790773410640931.413	,1790773410640941.833	
0,Slice_ee29dafe4fe21e12bb8d56ae91626cba_high_performance_524000000,AI_VECTOR_CORE,47,4390,5.840,1790773410641058.415	,1790773410641064.256	
0,Transpose_9a632dc5b6be9e1b4215e3cf2b1aff0d_high_performance_13,AI_VECTOR_CORE,47,4391,10.880,1790773410641331.161	,1790773410641342.041	
0,Transpose_9a632dc5b6be9e1b4215e3cf2b1aff0d_high_performance_13,AI_VECTOR_CORE,47,4392,15.180,1790773410641342.061	,1790773410641357.241	
0,ChunkKdaFwd_5e864108d5688e456abb78f238c67b16_2,MIX_AIC,47,4393,890.157,1790773410641358.361	,1790773410642248.519	
0,Transpose_9a632dc5b6be9e1b4215e3cf2b1aff0d_high_performance_13,AI_VECTOR_CORE,47,4394,16.220,1790773410642249.679	,1790773410642265.900	
0,ScatterNdUpdate_float32_int32_high_precision_11,MIX_AIV,47,4395,100.302,1790773410642266.880	,1790773410642367.182	
0,ConcatD_ac0081dab05f1e5cef852acb8d7e866f_high_performance_4000001,AI_VECTOR_CORE,47,4396,9.100,1790773410642368.162	,1790773410642377.262	
0,TensorMove_d2db1a80c523e7e59a032c95969880af_high_performance__kernel0,AI_VECTOR_CORE,47,4397,9.020,1790773410642377.282	,1790773410642386.302	
0,layer_norm_gated_fwd_kernel,AI_VECTOR_CORE,47,4398,29.800,1790773410642386.322	,1790773410642416.123	
0,MatMulV2_ND_ND_FP16_FP16_false_true_all_98513,AI_CORE,47,4399,181.583,1790773410642434.763	,1790773410642616.347	
0,HcPost_d2fe6614722b27afa6f8d964c215447e_0,AI_VECTOR_CORE,47,4400,37.300,1790773410642690.268	,1790773410642727.569	
0,HcPre_6c9f0fa710253eff38b1c0e6be6a67be_0,MIX_AIC,47,4401,98.562,1790773410642856.371	,1790773410642954.933	
0,RmsNorm_normal_all_bf16_high_performance_0,AI_VECTOR_CORE,47,4402,15.440,1790773410642967.634	,1790773410642983.074	
0,MatMulV2_ND_ND_FP16_FP16_false_true_all_98514,AI_CORE,47,4403,499.950,1790773410643195.378	,1790773410643695.328	
0,Slice_ee29dafe4fe21e12bb8d56ae91626cba_high_performance_524000000,AI_VECTOR_CORE,47,4404,8.660,1790773410643695.348	,1790773410643704.008	
0,ClipByValueV2_e87c9546cf2804355cf0d9445a2db01a_high_performance_220010000,AI_VECTOR_CORE,47,4405,65.741,1790773410643704.028	,1790773410643769.770	
0,Slice_ee29dafe4fe21e12bb8d56ae91626cba_high_performance_524000000,AI_VECTOR_CORE,47,4406,7.060,1790773410643769.790	,1790773410643776.850	
0,ClipByValueV2_e87c9546cf2804355cf0d9445a2db01a_high_performance_220010000,AI_VECTOR_CORE,47,4407,56.141,1790773410643776.890	,1790773410643833.031	
0,Muls_299cf4d7f9ef0f745d89d88c666b45aa_high_performance_210010000,AI_VECTOR_CORE,47,4408,10.800,1790773410643833.051	,1790773410643843.851	
0,Sigmoid_1c4543fdfe7149b6b0717bd88f061562_high_precision_210010000,AI_VECTOR_CORE,47,4409,14.600,1790773410643843.891	,1790773410643858.491	
0,Mul_ce3d1ff8ba23a0bcb292da3577c1625d_high_performance_210020000,AI_VECTOR_CORE,47,4410,17.800,1790773410643858.511	,1790773410643876.312	
0,Add_ce3d1ff8ba23a0bcb292da3577c1625d_high_performance_223010000,AI_VECTOR_CORE,47,4411,13.160,1790773410643876.332	,1790773410643889.492	
0,Mul_ce3d1ff8ba23a0bcb292da3577c1625d_high_performance_210020000,AI_VECTOR_CORE,47,4412,10.180,1790773410643889.532	,1790773410643899.712	
0,MatMulV2_ND_ND_FP16_FP16_false_true_all_98513,AI_CORE,47,4413,246.004,1790773410643899.732	,1790773410644145.737	
0,HcPost_d2fe6614722b27afa6f8d964c215447e_0,AI_VECTOR_CORE,47,4414,34.220,1790773410644145.757	,1790773410644179.978	
0,HcPre_6c9f0fa710253eff38b1c0e6be6a67be_0,MIX_AIC,47,4415,91.621,1790773410644283.380	,1790773410644375.002	
0,RmsNorm_normal_all_bf16_high_performance_0,AI_VECTOR_CORE,47,4416,13.680,1790773410644412.583	,1790773410644426.263	
0,MatMulV2_ND_ND_FP16_FP16_false_true_all_98514,AI_CORE,47,4417,422.488,1790773410644616.227	,1790773410645038.715	
0,Slice_ee29dafe4fe21e12bb8d56ae91626cba_high_performance_524000000,AI_VECTOR_CORE,47,4418,3.060,1790773410645038.735	,1790773410645041.795	
0,MatMulV2_ND_ND_FP16_FP16_false_true_all_98337,AI_CORE,47,4419,11.060,1790773410645041.815	,1790773410645052.875	
0,Slice_ee29dafe4fe21e12bb8d56ae91626cba_high_performance_524000000,AI_VECTOR_CORE,47,4420,2.800,1790773410645052.895	,1790773410645055.695	
0,MatMulV2_ND_ND_FP16_FP16_false_true_all_98337,AI_CORE,47,4421,9.440,1790773410645055.715	,1790773410645065.156	
0,ZerosLike_1c4543fdfe7149b6b0717bd88f061562_high_performance_210010000,AI_VECTOR_CORE,47,4422,10.840,1790773410645241.579	,1790773410645252.419	
0,_copy_conv_state_kernel,AI_VECTOR_CORE,47,4423,11.000,1790773410645596.106	,1790773410645607.106	
0,Slice_ee29dafe4fe21e12bb8d56ae91626cba_high_performance_524000000,AI_VECTOR_CORE,47,4424,9.240,1790773410645976.514	,1790773410645985.754	
0,CausalConv1d_b0123b7fae3057c534dbb03661977c42_22,MIX_AIC,47,4425,73.541,1790773410646032.035	,1790773410646105.576	
0,_copy_conv_state_kernel,AI_VECTOR_CORE,47,4426,10.340,1790773410646202.298	,1790773410646212.638	
0,ZerosLike_1c4543fdfe7149b6b0717bd88f061562_high_performance_210010000,AI_VECTOR_CORE,47,4427,7.660,1790773410646396.382	,1790773410646404.042	
0,RecurrentKda_1ac9a791ca2957b2fe0a2e96909b5782_0,AI_VECTOR_CORE,47,4428,30.400,1790773410646829.031	,1790773410646859.431	
0,Range_a32d70ed63082227463347a44bd5a08e_high_performance__kernel0,AI_VECTOR_CORE,47,4429,6.860,1790773410646906.772	,1790773410646913.632	
0,Cast_e87590d11ccda8b259ab6b1ea7212319_high_performance_210000000,AI_VECTOR_CORE,47,4430,1.320,1790773410646979.174	,1790773410646980.494	
0,Less_1ea4da630f56dc1c2d6e7c9a9dd17b11_high_performance_210000000,AI_VECTOR_CORE,47,4431,2.900,1790773410646980.714	,1790773410646983.614	
0,LogicalNot_c5fb21ce50d8471d9b8df5001b9dc9a5_high_performance_210000000,AI_VECTOR_CORE,47,4432,1.480,1790773410647053.235	,1790773410647054.715	
0,N/A,MEMCPY_ASYNC,47,4433,0.620,1790773410647190.238	,1790773410647190.858	
0,MaskedFill_56fa5818fd7054b95187cc25e525baa3_high_performance_220000000,AI_VECTOR_CORE,47,4434,4.020,1790773410647216.559	,1790773410647220.579	
0,_gather_initial_states_kernel,AI_VECTOR_CORE,47,4435,10.400,1790773410647665.067	,1790773410647675.468	
0,Slice_ee29dafe4fe21e12bb8d56ae91626cba_high_performance_524000000,AI_VECTOR_CORE,47,4436,2.920,1790773410647777.730	,1790773410647780.650	
0,Cast_b2717900ea7de2d41ea9c63d23aa269b_high_performance_210000000,AI_VECTOR_CORE,47,4437,4.120,1790773410647780.670	,1790773410647784.790	
0,Sigmoid_5c5e58e043224cccf51a06108010ae13_high_precision_210000000,AI_VECTOR_CORE,47,4438,3.960,1790773410647804.590	,1790773410647808.550	
0,Slice_ee29dafe4fe21e12bb8d56ae91626cba_high_performance_524000000,AI_VECTOR_CORE,47,4439,7.220,1790773410647870.672	,1790773410647877.892	
0,l2norm_fwd_kernel2,AI_VECTOR_CORE,47,4440,15.680,1790773410648171.398	,1790773410648187.078	
0,Slice_ee29dafe4fe21e12bb8d56ae91626cba_high_performance_524000000,AI_VECTOR_CORE,47,4441,7.080,1790773410648305.260	,1790773410648312.340	
0,l2norm_fwd_kernel2,AI_VECTOR_CORE,47,4442,10.400,1790773410648620.267	,1790773410648630.667	
0,Slice_ee29dafe4fe21e12bb8d56ae91626cba_high_performance_524000000,AI_VECTOR_CORE,47,4443,6.500,1790773410648753.749	,1790773410648760.249	
0,Transpose_9a632dc5b6be9e1b4215e3cf2b1aff0d_high_performance_13,AI_VECTOR_CORE,47,4444,12.880,1790773410649007.394	,1790773410649020.275	
0,Transpose_9a632dc5b6be9e1b4215e3cf2b1aff0d_high_performance_13,AI_VECTOR_CORE,47,4445,16.820,1790773410649020.315	,1790773410649037.135	
0,ChunkKdaFwd_5e864108d5688e456abb78f238c67b16_2,MIX_AIC,47,4446,894.497,1790773410649038.455	,1790773410649932.953	
0,Transpose_9a632dc5b6be9e1b4215e3cf2b1aff0d_high_performance_13,AI_VECTOR_CORE,47,4447,16.320,1790773410649934.173	,1790773410649950.493	
0,ScatterNdUpdate_float32_int32_high_precision_11,MIX_AIV,47,4448,102.862,1790773410649951.933	,1790773410650054.795	
0,ConcatD_ac0081dab05f1e5cef852acb8d7e866f_high_performance_4000001,AI_VECTOR_CORE,47,4449,9.060,1790773410650055.915	,1790773410650064.975	
0,TensorMove_d2db1a80c523e7e59a032c95969880af_high_performance__kernel0,AI_VECTOR_CORE,47,4450,8.700,1790773410650064.995	,1790773410650073.696	
0,layer_norm_gated_fwd_kernel,AI_VECTOR_CORE,47,4451,27.880,1790773410650073.716	,1790773410650101.596	
0,MatMulV2_ND_ND_FP16_FP16_false_true_all_98513,AI_CORE,47,4452,183.863,1790773410650116.036	,1790773410650299.900	
0,HcPost_d2fe6614722b27afa6f8d964c215447e_0,AI_VECTOR_CORE,47,4453,36.920,1790773410650420.783	,1790773410650457.703	
0,HcPre_6c9f0fa710253eff38b1c0e6be6a67be_0,MIX_AIC,47,4454,96.921,1790773410650595.566	,1790773410650692.488	
0,RmsNorm_normal_all_bf16_high_performance_0,AI_VECTOR_CORE,47,4455,14.260,1790773410650722.129	,1790773410650736.389	
0,MatMulV2_ND_ND_FP16_FP16_false_true_all_98514,AI_CORE,47,4456,501.570,1790773410650948.633	,1790773410651450.203	
0,Slice_ee29dafe4fe21e12bb8d56ae91626cba_high_performance_524000000,AI_VECTOR_CORE,47,4457,8.480,1790773410651450.243	,1790773410651458.723	
0,ClipByValueV2_e87c9546cf2804355cf0d9445a2db01a_high_performance_220010000,AI_VECTOR_CORE,47,4458,51.741,1790773410651458.743	,1790773410651510.484	
0,Slice_ee29dafe4fe21e12bb8d56ae91626cba_high_performance_524000000,AI_VECTOR_CORE,47,4459,6.680,1790773410651510.504	,1790773410651517.184	
0,ClipByValueV2_e87c9546cf2804355cf0d9445a2db01a_high_performance_220010000,AI_VECTOR_CORE,47,4460,56.921,1790773410651517.204	,1790773410651574.126	
0,Muls_299cf4d7f9ef0f745d89d88c666b45aa_high_performance_210010000,AI_VECTOR_CORE,47,4461,10.740,1790773410651574.146	,1790773410651584.886	
0,Sigmoid_1c4543fdfe7149b6b0717bd88f061562_high_precision_210010000,AI_VECTOR_CORE,47,4462,14.680,1790773410651584.926	,1790773410651599.606	
0,Mul_ce3d1ff8ba23a0bcb292da3577c1625d_high_performance_210020000,AI_VECTOR_CORE,47,4463,17.860,1790773410651599.626	,1790773410651617.486	
0,Add_ce3d1ff8ba23a0bcb292da3577c1625d_high_performance_223010000,AI_VECTOR_CORE,47,4464,13.060,1790773410651617.506	,1790773410651630.567	
0,Mul_ce3d1ff8ba23a0bcb292da3577c1625d_high_performance_210020000,AI_VECTOR_CORE,47,4465,10.040,1790773410651630.587	,1790773410651640.627	
0,MatMulV2_ND_ND_FP16_FP16_false_true_all_98513,AI_CORE,47,4466,248.204,1790773410651640.647	,1790773410651888.852	
0,HcPost_d2fe6614722b27afa6f8d964c215447e_0,AI_VECTOR_CORE,47,4467,34.620,1790773410651888.872	,1790773410651923.493	
0,HcPre_6c9f0fa710253eff38b1c0e6be6a67be_0,MIX_AIC,47,4468,92.501,1790773410652031.715	,1790773410652124.217	
0,RmsNorm_normal_all_bf16_high_performance_0,AI_VECTOR_CORE,47,4469,15.700,1790773410652138.357	,1790773410652154.057	
0,MatMulV2_ND_ND_FP16_FP16_false_true_all_98513,AI_CORE,47,4470,45.100,1790773410652545.405	,1790773410652590.506	
0,Slice_ee29dafe4fe21e12bb8d56ae91626cba_high_performance_524000000,AI_VECTOR_CORE,47,4471,3.320,1790773410652883.392	,1790773410652886.712	
0,RmsNorm_normal_all_bf16_high_performance_2,AI_VECTOR_CORE,47,4472,13.660,1790773410652910.892	,1790773410652924.553	
0,Slice_ee29dafe4fe21e12bb8d56ae91626cba_high_performance_524000000,AI_VECTOR_CORE,47,4473,2.560,1790773410653098.516	,1790773410653101.076	
0,RmsNorm_normal_all_bf16_high_performance_2,AI_VECTOR_CORE,47,4474,7.980,1790773410653124.497	,1790773410653132.477	
0,ScatterNdUpdate_bfloat16_int32_high_precision_11,MIX_AIV,47,4475,36.020,1790773410653249.299	,1790773410653285.320	
0,MatMulV2_ND_ND_FP16_FP16_false_true_all_98514,AI_CORE,47,4476,133.122,1790773410653436.523	,1790773410653569.645	
0,TransposeBatchMatMul_ND_ND_ND_ND_ND_BF16_BF16_BF16_INT64_BF16_high_performance_32,AI_CORE,47,4477,46.600,1790773410653648.107	,1790773410653694.708	
0,Cast_b2717900ea7de2d41ea9c63d23aa269b_high_performance_210010000,AI_VECTOR_CORE,47,4478,7.620,1790773410653831.171	,1790773410653838.791	
0,MatMulV2_ND_ND_FP32_FP32_false_true_all_65745,AI_CORE,47,4479,34.360,1790773410653908.452	,1790773410653942.813	
0,Slice_82e6b4faea71b451f217d7ea57c08012_high_performance_524000000,AI_VECTOR_CORE,47,4480,3.040,1790773410654081.936	,1790773410654084.976	
0,LayerNormV3_23ae115d70bd435e4cb966a52be97b55_high_precision_1600400500,AI_VECTOR_CORE,47,4481,19.760,1790773410654084.996	,1790773410654104.756	
0,MatMulV2_ND_ND_FP32_FP32_false_true_all_65745,AI_CORE,47,4482,30.420,1790773410654134.177	,1790773410654164.597	
0,MatMulV2_ND_ND_FP16_FP16_false_true_all_98513,AI_CORE,47,4483,42.640,1790773410654344.041	,1790773410654386.682	
0,Slice_82e6b4faea71b451f217d7ea57c08012_high_performance_524000000,AI_VECTOR_CORE,47,4484,2.640,1790773410654495.644	,1790773410654498.284	
0,Cast_9f288b80370c6545ffe8cef142d37f5c_high_performance_210000000,AI_VECTOR_CORE,47,4485,3.140,1790773410654498.304	,1790773410654501.444	
0,Muls_299cf4d7f9ef0f745d89d88c666b45aa_high_performance_210000000,AI_VECTOR_CORE,47,4486,2.480,1790773410654572.185	,1790773410654574.666	
0,_glm5_next_kpool_tail_compress_kernel,AI_VECTOR_CORE,47,4487,31.720,1790773410655137.317	,1790773410655169.037	
0,_store_kpool_tail_kernel,AI_VECTOR_CORE,47,4488,4.360,1790773410655415.002	,1790773410655419.362	
0,_gather_pool_cache,AI_VECTOR_CORE,47,4489,2.920,1790773410655857.951	,1790773410655860.871	
0,Cast_b2717900ea7de2d41ea9c63d23aa269b_high_performance_210010000,AI_VECTOR_CORE,47,4490,6.180,1790773410656019.274	,1790773410656025.455	
0,Cast_b2717900ea7de2d41ea9c63d23aa269b_high_performance_210000000,AI_VECTOR_CORE,47,4491,2.820,1790773410656037.175	,1790773410656039.995	
0,Mul_ee98c6628030785f610b924ab1557b31_high_performance_212000001,AI_VECTOR_CORE,47,4492,14.600,1790773410656097.856	,1790773410656112.456	
0,ReduceSum_7a09f5b7af4126487a7f726a9aac7548_high_performance_10000000900,MIX_AIV,47,4493,11.920,1790773410656165.177	,1790773410656177.098	
0,_glm5_next_lightning_indexer_score_kernel,AI_VECTOR_CORE,47,4494,30.260,1790773410656560.985	,1790773410656591.246	
0,TopKV2_5c671486fda0d949d7cba9a9754bc2dd_high_performance_2017612701781458944,MIX_AIV,47,4495,26.500,1790773410656667.887	,1790773410656694.388	
0,Cast_e87590d11ccda8b259ab6b1ea7212319_high_performance_210000000,AI_VECTOR_CORE,47,4496,4.180,1790773410656695.348	,1790773410656699.528	
0,Cast_39a266ce9a8d7d9ead33f6686e936b72_high_performance_210000000,AI_VECTOR_CORE,47,4497,4.640,1790773410656737.529	,1790773410656742.169	
0,_expand_pool_indices,AI_VECTOR_CORE,47,4498,318.206,1790773410657050.955	,1790773410657369.161	
0,Slice_b9b91ad79a469f7fcff72949705be0f9_high_performance_521000000,AI_VECTOR_CORE,47,4499,7.880,1790773410657570.945	,1790773410657578.826	
0,SparseFlashAttention_2e25ad8fefac1f04c03bd78f2d2ab366_1158,MIX_AIC,47,4500,96.981,1790773410657612.586	,1790773410657709.568	
0,TransposeBatchMatMul_ND_ND_ND_ND_ND_BF16_BF16_BF16_INT64_BF16_high_performance_32,AI_CORE,47,4501,54.961,1790773410657710.268	,1790773410657765.229	
0,MatMulV2_ND_ND_FP16_FP16_false_true_all_98513,AI_CORE,47,4502,344.446,1790773410657876.072	,1790773410658220.518	
0,TensorMove_d2db1a80c523e7e59a032c95969880af_high_performance__kernel0,AI_VECTOR_CORE,47,4503,7.900,1790773410658220.538	,1790773410658228.439	
0,HcPost_d2fe6614722b27afa6f8d964c215447e_0,AI_VECTOR_CORE,47,4504,35.380,1790773410658228.459	,1790773410658263.839	
0,HcPre_6c9f0fa710253eff38b1c0e6be6a67be_0,MIX_AIC,47,4505,92.041,1790773410658399.142	,1790773410658491.184	
0,RmsNorm_normal_all_bf16_high_performance_0,AI_VECTOR_CORE,47,4506,13.220,1790773410658534.325	,1790773410658547.545	
0,N/A,EVENT_RECORD,47,4507,0.020,1790773410658950.153	,1790773410658950.173	
0,Cast_b2717900ea7de2d41ea9c63d23aa269b_high_performance_210010000,AI_VECTOR_CORE,47,4508,9.400,1790773410659099.056	,1790773410659108.456	
0,MatMulV2_ND_ND_FP32_FP32_false_true_all_65665,AI_CORE,47,4509,9.040,1790773410659183.838	,1790773410659192.878	
0,N/A,EVENT_RECORD,47,4510,0.020,1790773410659367.941	,1790773410659367.961	
0,MoeGatingTopK_81369a2fa0455f39b5d19d432d261f57_1,AI_VECTOR_CORE,47,4511,14.620,1790773410659714.028	,1790773410659728.649	
0,N/A,EVENT_RECORD,47,4512,0.020,1790773410660047.795	,1790773410660047.815	
0,MoeInitRoutingV3_4ca8d2d329b4477b44dd2ee885849b12_2100000,MIX_AIV,47,4513,55.021,1790773410660288.800	,1790773410660343.821	
0,GroupedMatmul_0d2d43751f81d7f29646a862147967c9_68885275,MIX_AIC,47,4514,459.349,1790773410660542.505	,1790773410661001.854	
0,Slice_ee29dafe4fe21e12bb8d56ae91626cba_high_performance_524000000,AI_VECTOR_CORE,47,4515,10.860,1790773410661002.734	,1790773410661013.594	
0,ClipByValueV2_e87c9546cf2804355cf0d9445a2db01a_high_performance_220010000,AI_VECTOR_CORE,47,4516,82.021,1790773410661013.614	,1790773410661095.636	
0,ViewCopy_7778b2d0a2938f9247cc0c9f84559eb2_high_performance__kernel0,AI_VECTOR_CORE,47,4517,13.620,1790773410661095.656	,1790773410661109.276	
0,Slice_ee29dafe4fe21e12bb8d56ae91626cba_high_performance_524000000,AI_VECTOR_CORE,47,4518,9.900,1790773410661109.296	,1790773410661119.196	
0,ClipByValueV2_e87c9546cf2804355cf0d9445a2db01a_high_performance_220010000,AI_VECTOR_CORE,47,4519,72.101,1790773410661119.216	,1790773410661191.318	
0,ViewCopy_7778b2d0a2938f9247cc0c9f84559eb2_high_performance__kernel0,AI_VECTOR_CORE,47,4520,13.640,1790773410661191.338	,1790773410661204.978	
0,SwiGlu_3_high_performance_27,AI_VECTOR_CORE,47,4521,25.760,1790773410661204.998	,1790773410661230.759	
0,N/A,EVENT_RECORD,47,4522,0.020,1790773410661230.779	,1790773410661230.799	
0,GroupedMatmul_0d2d43751f81d7f29646a862147967c9_68885275,MIX_AIC,47,4523,219.544,1790773410661253.679	,1790773410661473.223	
0,N/A,EVENT_RECORD,47,4524,0.020,1790773410661473.983	,1790773410661474.003	
0,Cast_9f288b80370c6545ffe8cef142d37f5c_high_performance_210000000,AI_VECTOR_CORE,47,4525,1.940,1790773410661595.206	,1790773410661597.146	
0,Abs_8098b79498645e9c0da095babdeaf862_high_performance_210000000,AI_VECTOR_CORE,47,4526,2.100,1790773410661645.707	,1790773410661647.807	
0,MoeTokenUnpermute_6dd49246dc9576d3314234df69cb5c22_1,AI_VECTOR_CORE,47,4527,20.820,1790773410661811.550	,1790773410661832.371	
0,MatMulV2_ND_ND_FP16_FP16_false_true_all_98513,AI_CORE,47,4528,89.401,1790773410662132.277	,1790773410662221.678	
0,Slice_ee29dafe4fe21e12bb8d56ae91626cba_high_performance_524000000,AI_VECTOR_CORE,47,4529,4.080,1790773410662318.840	,1790773410662322.920	
0,ClipByValueV2_e87c9546cf2804355cf0d9445a2db01a_high_performance_220010000,AI_VECTOR_CORE,47,4530,16.640,1790773410662322.940	,1790773410662339.581	
0,Slice_ee29dafe4fe21e12bb8d56ae91626cba_high_performance_524000000,AI_VECTOR_CORE,47,4531,4.340,1790773410662410.462	,1790773410662414.802	
0,ClipByValueV2_e87c9546cf2804355cf0d9445a2db01a_high_performance_220010000,AI_VECTOR_CORE,47,4532,14.720,1790773410662414.822	,1790773410662429.542	
0,Muls_299cf4d7f9ef0f745d89d88c666b45aa_high_performance_210000000,AI_VECTOR_CORE,47,4533,7.900,1790773410662492.844	,1790773410662500.744	
0,Sigmoid_1c4543fdfe7149b6b0717bd88f061562_high_precision_210000000,AI_VECTOR_CORE,47,4534,9.560,1790773410662509.484	,1790773410662519.044	
0,Mul_ce3d1ff8ba23a0bcb292da3577c1625d_high_performance_210020000,AI_VECTOR_CORE,47,4535,9.880,1790773410662560.405	,1790773410662570.285	
0,Add_ce3d1ff8ba23a0bcb292da3577c1625d_high_performance_223010000,AI_VECTOR_CORE,47,4536,10.260,1790773410662641.267	,1790773410662651.527	
0,Mul_ce3d1ff8ba23a0bcb292da3577c1625d_high_performance_210020000,AI_VECTOR_CORE,47,4537,3.760,1790773410662655.827	,1790773410662659.587	
0,MatMulV2_ND_ND_FP16_FP16_false_true_all_98514,AI_CORE,47,4538,46.640,1790773410662920.572	,1790773410662967.213	
0,ForeachAddList_c73cb8f503197be65eaf63148ad48de4_high_performance_4,AI_VECTOR_CORE,47,4539,17.560,1790773410663256.719	,1790773410663274.279	
0,HcPost_d2fe6614722b27afa6f8d964c215447e_0,AI_VECTOR_CORE,47,4540,35.020,1790773410663608.826	,1790773410663643.847	
0,ReduceMean_9a2479d4dc5148645cb3f4b9e765c637_high_precision_100900,MIX_AIV,47,4541,20.660,1790773410663770.129	,1790773410663790.790	
0,RmsNorm_normal_all_bf16_high_performance_0,AI_VECTOR_CORE,47,4542,13.740,1790773410663924.572	,1790773410663938.313	
0,IndexCheck_int32_high_performance_1,AI_VECTOR_CORE,47,4543,3.320,1790773410664090.776	,1790773410664094.096	
0,Index_b1b18d29d34a3b544b5bb6b3f56177c3_high_performance__kernel0,AI_VECTOR_CORE,47,4544,8.180,1790773410664112.916	,1790773410664121.096	
0,MatMulV2_ND_ND_FP16_FP16_false_true_all_98499,AI_CORE,47,4545,973.479,1790773410664272.459	,1790773410665245.939	
0,Cast_b2717900ea7de2d41ea9c63d23aa269b_high_performance_210000000,AI_VECTOR_CORE,47,4546,7.740,1790773410665245.959	,1790773410665253.699	
0,LogSoftmaxV2_291664ae3e88b38b8b46c2efbbea27c9_high_precision_400001,AI_VECTOR_CORE,47,4547,44.940,1790773410665253.719	,1790773410665298.660	
0,Cast_b2717900ea7de2d41ea9c63d23aa269b_high_performance_210000000,AI_VECTOR_CORE,47,4548,3.180,1790773410665298.680	,1790773410665301.860	
0,ArgMaxV2_4402011f777d6374ab9f6425cb5984c4_high_performance_3,AI_VECTOR_CORE,47,4549,19.680,1790773410665301.880	,1790773410665321.560	
0,Cast_e87590d11ccda8b259ab6b1ea7212319_high_performance_210000000,AI_VECTOR_CORE,47,4550,1.340,1790773410665321.600	,1790773410665322.940	
0,TopKV2_5c671486fda0d949d7cba9a9754bc2dd_high_performance_2017612907943034881,MIX_AIV,47,4551,30.900,1790773410665324.320	,1790773410665355.221	
0,TopKV2_5c671486fda0d949d7cba9a9754bc2dd_high_performance_2017612701781458944,MIX_AIV,47,4552,4.540,1790773410665357.861	,1790773410665362.401	
0,GatherElements_8b4ec10fbb39c5c0a65192c606400b29_high_performance__kernel0,AI_VECTOR_CORE,47,4553,4.060,1790773410665363.301	,1790773410665367.361	
0,Cast_e87590d11ccda8b259ab6b1ea7212319_high_performance_210000000,AI_VECTOR_CORE,47,4554,1.300,1790773410665367.381	,1790773410665368.681	
0,Cast_39a266ce9a8d7d9ead33f6686e936b72_high_performance_210000000,AI_VECTOR_CORE,47,4555,1.460,1790773410665368.701	,1790773410665370.161	
0,GatherElementsV2_fp32_high_performance_2,AI_VECTOR_CORE,47,4556,4.620,1790773410665370.181	,1790773410665374.801	
0,GreaterEqual_3efaad932f458d7892fdb0715ec85b2b_high_performance_212000002,AI_VECTOR_CORE,47,4557,10.680,1790773410665374.821	,1790773410665385.502	
0,Cast_df2b778f1b80e749bd4242386ec57ab9_high_performance_210000000,AI_VECTOR_CORE,47,4558,6.900,1790773410665385.542	,1790773410665392.442	
0,ReduceSum_7a09f5b7af4126487a7f726a9aac7548_high_performance_110001000400,MIX_AIV,47,4559,21.000,1790773410665393.702	,1790773410665414.702	
0,Cast_c6738f795430c3c6f09cdc8d52a1b43d_high_performance_210000000,AI_VECTOR_CORE,47,4560,1.340,1790773410665415.662	,1790773410665417.002	
0,ConcatD_0d745295987e1c668b2ec8b2844aeada_high_performance_0,AI_VECTOR_CORE,47,4561,3.280,1790773410665429.302	,1790773410665432.582	
0,ConcatD_233851a3505389e43928a8bba133a74d_high_performance_0,AI_VECTOR_CORE,47,4562,2.960,1790773410665470.843	,1790773410665473.803	
0,Cast_39a266ce9a8d7d9ead33f6686e936b72_high_performance_210000000,AI_VECTOR_CORE,47,4563,1.440,1790773410665541.605	,1790773410665543.045	
0,Cast_39a266ce9a8d7d9ead33f6686e936b72_high_performance_210000000,AI_VECTOR_CORE,47,4564,1.360,1790773410665624.626	,1790773410665625.986	
0,N/A,EVENT_RECORD,47,4565,0.020,1790773410665866.171	,1790773410665866.191	
0,N/A,EVENT_WAIT,39,26,0.000,1790773410666294.720	,1790773410666294.720	
0,N/A,EVENT_RECORD,47,4566,0.000,1790773410666557.765	,1790773410666557.765	
0,N/A,EVENT_WAIT,45,253,0.020,1790773410666663.587	,1790773410666663.607	
0,N/A,MEMCPY_ASYNC,45,254,2.100,1790773410666831.850	,1790773410666833.950	
0,N/A,MEMCPY_ASYNC,45,255,2.080,1790773410666897.192	,1790773410666899.272	
0,N/A,MEMCPY_ASYNC,45,256,2.080,1790773410666927.292	,1790773410666929.372	
0,N/A,MEMCPY_ASYNC,45,257,2.100,1790773410666954.133	,1790773410666956.233	
0,N/A,EVENT_RECORD,45,258,0.020,1790773410667131.056	,1790773410667131.076	
0,N/A,EVENT_RECORD,45,259,0.000,1790773410667885.491	,1790773410667885.491	
0,N/A,EVENT_RECORD,45,260,0.020,1790773410668569.825	,1790773410668569.845	
0,N/A,EVENT_RECORD,45,261,0.020,1790773410668615.546	,1790773410668615.566	
0,N/A,EVENT_RECORD,45,262,0.020,1790773410668990.434	,1790773410668990.454	
0,N/A,MEMCPY_ASYNC,47,4567,2.580,1790773410669010.954	,1790773410669013.534	
0,N/A,MEMCPY_ASYNC,47,4568,2.240,1790773410669258.779	,1790773410669261.019	
0,N/A,MEMCPY_ASYNC,47,4569,2.240,1790773410669330.720	,1790773410669332.960	
0,N/A,MEMCPY_ASYNC,47,4570,2.260,1790773410669405.362	,1790773410669407.622	
0,N/A,MEMCPY_ASYNC,47,4571,2.240,1790773410669478.903	,1790773410669481.143	
0,N/A,MEMCPY_ASYNC,47,4572,2.400,1790773410669771.629	,1790773410669774.029	
0,N/A,MEMCPY_ASYNC,47,4573,2.420,1790773410669949.193	,1790773410669951.613	
0,N/A,MEMCPY_ASYNC,47,4574,2.380,1790773410670001.394	,1790773410670003.774	
0,Fill_1fbc7ee619b707282bbfd034093621df_high_performance_223000000,AI_VECTOR_CORE,47,4575,1.660,1790773410670187.837	,1790773410670189.498	
0,N/A,MEMCPY_ASYNC,47,4576,0.600,1790773410670425.342	,1790773410670425.942	
0,N/A,MEMCPY_ASYNC,47,4577,2.400,1790773410670660.847	,1790773410670663.247	
0,Fill_1fbc7ee619b707282bbfd034093621df_high_performance_223000000,AI_VECTOR_CORE,47,4578,1.400,1790773410670713.268	,1790773410670714.668	
0,N/A,MEMCPY_ASYNC,47,4579,2.240,1790773410670778.989	,1790773410670781.229	
0,N/A,MEMCPY_ASYNC,47,4580,2.520,1790773410670863.771	,1790773410670866.291	
0,N/A,MEMCPY_ASYNC,47,4581,2.400,1790773410670948.233	,1790773410670950.633	
0,N/A,MEMCPY_ASYNC,47,4582,2.280,1790773410671029.594	,1790773410671031.874	
0,IndexCheck_int64_high_performance_0,AI_VECTOR_CORE,47,4583,3.500,1790773410671158.877	,1790773410671162.377	
0,Index_f34e8f0e5e2c96109aa0460550023804_high_performance__kernel0,AI_VECTOR_CORE,47,4584,8.440,1790773410671162.417	,1790773410671170.857	
0,Cast_e87590d11ccda8b259ab6b1ea7212319_high_performance_210000000,AI_VECTOR_CORE,47,4585,1.220,1790773410671255.019	,1790773410671256.239	
0,Add_41dadce325b0f810d03359af2a38990b_high_performance_210000000,AI_VECTOR_CORE,47,4586,2.440,1790773410671332.000	,1790773410671334.440	
0,N/A,MEMCPY_ASYNC,47,4587,0.580,1790773410671463.083	,1790773410671463.663	
0,Add_9342884c99c006e21fc9d5d9260b8bef_high_performance_210000000,AI_VECTOR_CORE,47,4588,1.740,1790773410671559.345	,1790773410671561.085	
0,N/A,MEMCPY_ASYNC,47,4589,0.620,1790773410671671.307	,1790773410671671.927	
0,Fill_1fbc7ee619b707282bbfd034093621df_high_performance_210000000,AI_VECTOR_CORE,47,4590,1.500,1790773410671748.129	,1790773410671749.629	
0,_compute_slot_mapping_fused_groups_adaptive_kernel,AI_VECTOR_CORE,47,4591,5.080,1790773410672180.657	,1790773410672185.737	
0,Sub_9342884c99c006e21fc9d5d9260b8bef_high_performance_223000000,AI_VECTOR_CORE,47,4592,1.540,1790773410672347.441	,1790773410672348.981	
0,N/A,MEMCPY_ASYNC,47,4593,2.420,1790773410672764.749	,1790773410672767.169	
0,Fill_1fbc7ee619b707282bbfd034093621df_high_performance_210000000,AI_VECTOR_CORE,47,4594,1.240,1790773410672933.792	,1790773410672935.032	
0,Fill_1fbc7ee619b707282bbfd034093621df_high_performance_223000000,AI_VECTOR_CORE,47,4595,1.660,1790773410672976.033	,1790773410672977.693	
0,Cast_e87590d11ccda8b259ab6b1ea7212319_high_performance_210000000,AI_VECTOR_CORE,47,4596,1.200,1790773410673504.644	,1790773410673505.844	
0,FloorDiv_41dadce325b0f810d03359af2a38990b_high_performance_223000000,AI_VECTOR_CORE,47,4597,6.600,1790773410673506.724	,1790773410673513.324	
0,Cast_39a266ce9a8d7d9ead33f6686e936b72_high_performance_210000000,AI_VECTOR_CORE,47,4598,1.300,1790773410673513.344	,1790773410673514.644	
0,N/A,MEMCPY_ASYNC,47,4599,0.600,1790773410673671.767	,1790773410673672.367	
0,Cast_e87590d11ccda8b259ab6b1ea7212319_high_performance_210000000,AI_VECTOR_CORE,47,4600,1.100,1790773410673763.349	,1790773410673764.449	
0,GreaterEqual_1ea4da630f56dc1c2d6e7c9a9dd17b11_high_performance_223000000,AI_VECTOR_CORE,47,4601,2.880,1790773410673765.529	,1790773410673768.409	
0,Add_41dadce325b0f810d03359af2a38990b_high_performance_223000000,AI_VECTOR_CORE,47,4602,2.840,1790773410673828.430	,1790773410673831.270	
0,BroadcastTo_41dadce325b0f810d03359af2a38990b_high_performance_232000000,AI_VECTOR_CORE,47,4603,1.560,1790773410673881.751	,1790773410673883.311	
0,FloorMod_41dadce325b0f810d03359af2a38990b_high_precision_210000000,AI_VECTOR_CORE,47,4604,1.640,1790773410673894.852	,1790773410673896.492	
0,Equal_1ea4da630f56dc1c2d6e7c9a9dd17b11_high_performance_223000000,AI_VECTOR_CORE,47,4605,2.200,1790773410673940.112	,1790773410673942.313	
0,LogicalAnd_91d2a3cdd75d915a368582ec5f440af1_high_performance_210000000,AI_VECTOR_CORE,47,4606,1.460,1790773410673980.953	,1790773410673982.413	
0,ClipByValueV2_3bc53d14ff7dfecd0ed0c69136ab471a_high_performance_220000000,AI_VECTOR_CORE,47,4607,2.540,1790773410674021.594	,1790773410674024.134	
0,Cast_e87590d11ccda8b259ab6b1ea7212319_high_performance_210000000,AI_VECTOR_CORE,47,4608,1.120,1790773410674107.976	,1790773410674109.096	
0,FloorDiv_41dadce325b0f810d03359af2a38990b_high_performance_223000000,AI_VECTOR_CORE,47,4609,1.740,1790773410674110.136	,1790773410674111.876	
0,Cast_39a266ce9a8d7d9ead33f6686e936b72_high_performance_210000000,AI_VECTOR_CORE,47,4610,1.120,1790773410674112.016	,1790773410674113.136	
0,BroadcastTo_c71434db8135ff9089d65053721e3417_high_performance_232000000,AI_VECTOR_CORE,47,4611,1.400,1790773410674141.036	,1790773410674142.437	
0,FloorMod_9342884c99c006e21fc9d5d9260b8bef_high_precision_210000000,AI_VECTOR_CORE,47,4612,3.240,1790773410674143.157	,1790773410674146.397	
0,Mul_9342884c99c006e21fc9d5d9260b8bef_high_performance_223000000,AI_VECTOR_CORE,47,4613,1.520,1790773410674181.917	,1790773410674183.437	
0,Cast_e87590d11ccda8b259ab6b1ea7212319_high_performance_210000000,AI_VECTOR_CORE,47,4614,1.260,1790773410674258.339	,1790773410674259.599	
0,FloorDiv_41dadce325b0f810d03359af2a38990b_high_performance_223000000,AI_VECTOR_CORE,47,4615,1.720,1790773410674260.679	,1790773410674262.399	
0,Cast_39a266ce9a8d7d9ead33f6686e936b72_high_performance_210000000,AI_VECTOR_CORE,47,4616,1.060,1790773410674262.419	,1790773410674263.479	
0,Add_9342884c99c006e21fc9d5d9260b8bef_high_performance_210000000,AI_VECTOR_CORE,47,4617,1.260,1790773410674303.420	,1790773410674304.680	
0,Fill_1fbc7ee619b707282bbfd034093621df_high_performance_223000000,AI_VECTOR_CORE,47,4618,1.120,1790773410674384.181	,1790773410674385.301	
0,SelectV2_9bb0969ab50036eba4428cd9974a5c0b_high_performance_210000000,AI_VECTOR_CORE,47,4619,1.920,1790773410674421.902	,1790773410674423.822	
0,Cast_e87590d11ccda8b259ab6b1ea7212319_high_performance_210000000,AI_VECTOR_CORE,47,4620,1.220,1790773410674467.383	,1790773410674468.603	
0,Cast_e87590d11ccda8b259ab6b1ea7212319_high_performance_210000000,AI_VECTOR_CORE,47,4621,1.240,1790773410674563.345	,1790773410674564.585	
0,FloorDiv_41dadce325b0f810d03359af2a38990b_high_performance_223000000,AI_VECTOR_CORE,47,4622,1.860,1790773410674565.445	,1790773410674567.305	
0,Cast_39a266ce9a8d7d9ead33f6686e936b72_high_performance_210000000,AI_VECTOR_CORE,47,4623,1.220,1790773410674567.325	,1790773410674568.545	
0,N/A,MEMCPY_ASYNC,47,4624,0.580,1790773410674687.667	,1790773410674688.247	
0,N/A,MEMCPY_ASYNC,47,4625,0.620,1790773410674786.109	,1790773410674786.729	
0,Fill_1fbc7ee619b707282bbfd034093621df_high_performance_210000000,AI_VECTOR_CORE,47,4626,1.260,1790773410675044.135	,1790773410675045.395	
0,Fill_1fbc7ee619b707282bbfd034093621df_high_performance_210000000,AI_VECTOR_CORE,47,4627,1.200,1790773410675095.236	,1790773410675096.436	
0,Fill_1fbc7ee619b707282bbfd034093621df_high_performance_210000000,AI_VECTOR_CORE,47,4628,1.380,1790773410675275.139	,1790773410675276.519	
0,Fill_1fbc7ee619b707282bbfd034093621df_high_performance_210000000,AI_VECTOR_CORE,47,4629,1.380,1790773410675317.480	,1790773410675318.860	
0,N/A,MEMCPY_ASYNC,47,4630,0.560,1790773410675915.292	,1790773410675915.852	
0,Fill_1fbc7ee619b707282bbfd034093621df_high_performance_210000000,AI_VECTOR_CORE,47,4631,1.160,1790773410675963.033	,1790773410675964.193	
0,N/A,MEMCPY_ASYNC,47,4632,0.640,1790773410676097.076	,1790773410676097.716	
0,N/A,MEMCPY_ASYNC,47,4633,0.560,1790773410676226.718	,1790773410676227.278	
0,N/A,MEMCPY_ASYNC,47,4634,0.760,1790773410676431.442	,1790773410676432.202	
0,Sub_9342884c99c006e21fc9d5d9260b8bef_high_performance_210000000,AI_VECTOR_CORE,47,4635,1.460,1790773410676512.404	,1790773410676513.864	
0,Fill_1fbc7ee619b707282bbfd034093621df_high_performance_210000000,AI_VECTOR_CORE,47,4636,1.420,1790773410676737.328	,1790773410676738.748	
0,Fill_1fbc7ee619b707282bbfd034093621df_high_performance_210000000,AI_VECTOR_CORE,47,4637,1.160,1790773410676768.289	,1790773410676769.449	
0,N/A,MEMCPY_ASYNC,47,4638,0.540,1790773410677332.280	,1790773410677332.820	
0,Fill_1fbc7ee619b707282bbfd034093621df_high_performance_210000000,AI_VECTOR_CORE,47,4639,1.300,1790773410677387.261	,1790773410677388.561	
0,N/A,MEMCPY_ASYNC,47,4640,0.580,1790773410677508.244	,1790773410677508.824	
0,N/A,MEMCPY_ASYNC,47,4641,0.520,1790773410677621.626	,1790773410677622.146	
0,N/A,MEMCPY_ASYNC,47,4642,0.640,1790773410677750.249	,1790773410677750.889	
0,Sub_9342884c99c006e21fc9d5d9260b8bef_high_performance_210000000,AI_VECTOR_CORE,47,4643,1.500,1790773410677823.210	,1790773410677824.710	
0,Fill_1fbc7ee619b707282bbfd034093621df_high_performance_210000000,AI_VECTOR_CORE,47,4644,1.340,1790773410678014.794	,1790773410678016.134	
0,Fill_1fbc7ee619b707282bbfd034093621df_high_performance_210000000,AI_VECTOR_CORE,47,4645,1.140,1790773410678043.434	,1790773410678044.574	
0,N/A,MEMCPY_ASYNC,47,4646,0.580,1790773410678612.406	,1790773410678612.986	
0,Fill_1fbc7ee619b707282bbfd034093621df_high_performance_210000000,AI_VECTOR_CORE,47,4647,1.220,1790773410678667.627	,1790773410678668.847	
0,N/A,MEMCPY_ASYNC,47,4648,0.640,1790773410678790.509	,1790773410678791.149	
0,N/A,MEMCPY_ASYNC,47,4649,0.580,1790773410678898.472	,1790773410678899.052	
0,N/A,MEMCPY_ASYNC,47,4650,0.580,1790773410679033.414	,1790773410679033.994	
0,Sub_9342884c99c006e21fc9d5d9260b8bef_high_performance_210000000,AI_VECTOR_CORE,47,4651,1.340,1790773410679087.415	,1790773410679088.755	
0,N/A,EVENT_RECORD,47,4652,0.000,1790773410679371.441	,1790773410679371.441	
0,ZerosLike_1d2fd313763487259859439d7e9b41cf_high_performance_210000000,AI_VECTOR_CORE,47,4653,1.920,1790773410679540.644	,1790773410679542.564	
0,Fill_279daeaf6b659300647aba3935d90048_high_performance_210000000,AI_VECTOR_CORE,47,4654,1.400,1790773410679824.430	,1790773410679825.830	
0,Cast_a9b7af94359fc7c19da07ad0790f065c_high_performance_210000000,AI_VECTOR_CORE,47,4655,1.300,1790773410679867.111	,1790773410679868.411	
0,BroadcastTo_c71434db8135ff9089d65053721e3417_high_performance_232000000,AI_VECTOR_CORE,47,4656,1.300,1790773410679868.551	,1790773410679869.851	
0,Cast_9fc020fd54590bb5fe6cf6eabcf7b473_high_performance_210000000,AI_VECTOR_CORE,47,4657,1.500,1790773410679882.051	,1790773410679883.551	
0,Fill_279daeaf6b659300647aba3935d90048_high_performance_210000000,AI_VECTOR_CORE,47,4658,1.200,1790773410679912.272	,1790773410679913.472	
0,N/A,MEMCPY_ASYNC,47,4659,0.560,1790773410680013.194	,1790773410680013.754	
0,N/A,MODEL_EXECUTE,47,4660,3.020,1790773410680555.625	,1790773410680558.645	
0,Cast_e87590d11ccda8b259ab6b1ea7212319_high_performance_210000000,AI_VECTOR_CORE,13,0,1.240,1790773410680558.585	,1790773410680559.825	
0,GatherV2_7869a97190b9b4d296d9414a005b954b_high_precision_900015010,AI_VECTOR_CORE,13,1,2.920,1790773410680559.845	,1790773410680562.765	
0,BroadcastTo_7e5992d3033ef32a3463c5d198e518a1_high_performance_212100003,AI_VECTOR_CORE,13,2,6.520,1790773410680562.785	,1790773410680569.305	
0,HcPre_6c9f0fa710253eff38b1c0e6be6a67be_0,MIX_AIC,13,3,33.280,1790773410680570.505	,1790773410680603.786	
0,N/A,NOTIFY_WAIT,47,4661,3387.787,1790773410680583.485	,1790773410683971.273	
0,RmsNorm_normal_all_bf16_high_performance_0,AI_VECTOR_CORE,13,4,5.200,1790773410680604.646	,1790773410680609.846	
0,MatMulV2_ND_ND_FP16_FP16_false_true_all_98499,AI_CORE,13,5,161.923,1790773410680609.866	,1790773410680771.789	
0,Slice_ee29dafe4fe21e12bb8d56ae91626cba_high_performance_524000000,AI_VECTOR_CORE,13,6,1.940,1790773410680771.809	,1790773410680773.749	
0,MatMulV2_ND_ND_FP16_FP16_false_true_all_98325,AI_CORE,13,7,9.960,1790773410680773.769	,1790773410680783.729	
0,Slice_ee29dafe4fe21e12bb8d56ae91626cba_high_performance_524000000,AI_VECTOR_CORE,13,8,1.620,1790773410680783.769	,1790773410680785.389	
0,MatMulV2_ND_ND_FP16_FP16_false_true_all_98325,AI_CORE,13,9,8.240,1790773410680785.409	,1790773410680793.649	
0,ZerosLike_1c4543fdfe7149b6b0717bd88f061562_high_performance_210000000,AI_VECTOR_CORE,13,10,7.400,1790773410680793.669	,1790773410680801.070	
0,_copy_conv_state_kernel,AI_VECTOR_CORE,13,11,12.000,1790773410680801.090	,1790773410680813.090	
0,Slice_ee29dafe4fe21e12bb8d56ae91626cba_high_performance_524000000,AI_VECTOR_CORE,13,12,2.180,1790773410680813.110	,1790773410680815.290	
0,CausalConv1d_b0123b7fae3057c534dbb03661977c42_1,MIX_AIC,13,13,13.880,1790773410680816.550	,1790773410680830.430	
0,ViewCopy_7778b2d0a2938f9247cc0c9f84559eb2_high_performance__kernel0,AI_VECTOR_CORE,13,14,10.540,1790773410680831.150	,1790773410680841.690	
0,_copy_conv_state_kernel,AI_VECTOR_CORE,13,15,9.900,1790773410680841.710	,1790773410680851.611	
0,Slice_ee29dafe4fe21e12bb8d56ae91626cba_high_performance_524000000,AI_VECTOR_CORE,13,16,1.980,1790773410680851.631	,1790773410680853.611	
0,RecurrentKda_1ac9a791ca2957b2fe0a2e96909b5782_0,AI_VECTOR_CORE,13,17,55.401,1790773410680853.631	,1790773410680909.032	
0,_write_output,AI_VECTOR_CORE,13,18,3.160,1790773410680909.052	,1790773410680912.212	
0,layer_norm_gated_fwd_kernel,AI_VECTOR_CORE,13,19,4.220,1790773410680912.232	,1790773410680916.452	
0,MatMulV2_ND_ND_FP16_FP16_false_true_all_98499,AI_CORE,13,20,55.401,1790773410680916.472	,1790773410680971.873	
0,HcPost_d2fe6614722b27afa6f8d964c215447e_0,AI_VECTOR_CORE,13,21,8.300,1790773410680971.893	,1790773410680980.193	
0,HcPre_6c9f0fa710253eff38b1c0e6be6a67be_0,MIX_AIC,13,22,30.860,1790773410680981.653	,1790773410681012.514	
0,RmsNorm_normal_all_bf16_high_performance_0,AI_VECTOR_CORE,13,23,5.000,1790773410681013.374	,1790773410681018.374	
0,MatMulV2_ND_ND_FP16_FP16_false_true_all_98499,AI_CORE,13,24,174.483,1790773410681018.414	,1790773410681192.897	
0,Slice_ee29dafe4fe21e12bb8d56ae91626cba_high_performance_524000000,AI_VECTOR_CORE,13,25,2.140,1790773410681192.917	,1790773410681195.057	
0,ClipByValueV2_e87c9546cf2804355cf0d9445a2db01a_high_performance_220000000,AI_VECTOR_CORE,13,26,9.260,1790773410681195.077	,1790773410681204.338	
0,Slice_ee29dafe4fe21e12bb8d56ae91626cba_high_performance_524000000,AI_VECTOR_CORE,13,27,1.820,1790773410681204.378	,1790773410681206.198	
0,ClipByValueV2_e87c9546cf2804355cf0d9445a2db01a_high_performance_220000000,AI_VECTOR_CORE,13,28,7.660,1790773410681206.218	,1790773410681213.878	
0,Muls_299cf4d7f9ef0f745d89d88c666b45aa_high_performance_210000000,AI_VECTOR_CORE,13,29,6.460,1790773410681213.918	,1790773410681220.378	
0,Sigmoid_1c4543fdfe7149b6b0717bd88f061562_high_precision_210000000,AI_VECTOR_CORE,13,30,8.360,1790773410681220.398	,1790773410681228.758	
0,Mul_ce3d1ff8ba23a0bcb292da3577c1625d_high_performance_210020000,AI_VECTOR_CORE,13,31,9.480,1790773410681228.798	,1790773410681238.278	
0,Add_ce3d1ff8ba23a0bcb292da3577c1625d_high_performance_223000000,AI_VECTOR_CORE,13,32,6.880,1790773410681238.298	,1790773410681245.178	
0,Mul_ce3d1ff8ba23a0bcb292da3577c1625d_high_performance_210020000,AI_VECTOR_CORE,13,33,2.820,1790773410681245.218	,1790773410681248.038	
0,MatMulV2_ND_ND_FP16_FP16_false_true_all_98513,AI_CORE,13,34,105.622,1790773410681248.058	,1790773410681353.681	
0,HcPost_d2fe6614722b27afa6f8d964c215447e_0,AI_VECTOR_CORE,13,35,8.460,1790773410681353.701	,1790773410681362.161	
0,HcPre_6c9f0fa710253eff38b1c0e6be6a67be_0,MIX_AIC,13,36,32.700,1790773410681363.461	,1790773410681396.161	
0,RmsNorm_normal_all_bf16_high_performance_0,AI_VECTOR_CORE,13,37,5.240,1790773410681396.981	,1790773410681402.222	
0,MatMulV2_ND_ND_FP16_FP16_false_true_all_98499,AI_CORE,13,38,162.743,1790773410681402.262	,1790773410681565.005	
0,Slice_ee29dafe4fe21e12bb8d56ae91626cba_high_performance_524000000,AI_VECTOR_CORE,13,39,2.140,1790773410681565.045	,1790773410681567.185	
0,MatMulV2_ND_ND_FP16_FP16_false_true_all_98325,AI_CORE,13,40,7.780,1790773410681567.225	,1790773410681575.005	
0,Slice_ee29dafe4fe21e12bb8d56ae91626cba_high_performance_524000000,AI_VECTOR_CORE,13,41,1.920,1790773410681575.025	,1790773410681576.945	
0,MatMulV2_ND_ND_FP16_FP16_false_true_all_98325,AI_CORE,13,42,7.260,1790773410681576.965	,1790773410681584.225	
0,ZerosLike_1c4543fdfe7149b6b0717bd88f061562_high_performance_210000000,AI_VECTOR_CORE,13,43,7.340,1790773410681584.245	,1790773410681591.585	
0,_copy_conv_state_kernel,AI_VECTOR_CORE,13,44,11.500,1790773410681591.605	,1790773410681603.106	
0,Slice_ee29dafe4fe21e12bb8d56ae91626cba_high_performance_524000000,AI_VECTOR_CORE,13,45,2.020,1790773410681603.126	,1790773410681605.146	
0,CausalConv1d_b0123b7fae3057c534dbb03661977c42_1,MIX_AIC,13,46,13.980,1790773410681606.546	,1790773410681620.526	
0,ViewCopy_7778b2d0a2938f9247cc0c9f84559eb2_high_performance__kernel0,AI_VECTOR_CORE,13,47,8.580,1790773410681621.766	,1790773410681630.346	
0,_copy_conv_state_kernel,AI_VECTOR_CORE,13,48,9.740,1790773410681630.366	,1790773410681640.106	
0,Slice_ee29dafe4fe21e12bb8d56ae91626cba_high_performance_524000000,AI_VECTOR_CORE,13,49,1.820,1790773410681640.126	,1790773410681641.946	
0,RecurrentKda_1ac9a791ca2957b2fe0a2e96909b5782_0,AI_VECTOR_CORE,13,50,54.101,1790773410681641.966	,1790773410681696.067	
0,_write_output,AI_VECTOR_CORE,13,51,3.240,1790773410681696.087	,1790773410681699.327	
0,layer_norm_gated_fwd_kernel,AI_VECTOR_CORE,13,52,4.420,1790773410681699.347	,1790773410681703.768	
0,MatMulV2_ND_ND_FP16_FP16_false_true_all_98499,AI_CORE,13,53,63.801,1790773410681703.788	,1790773410681767.589	
0,HcPost_d2fe6614722b27afa6f8d964c215447e_0,AI_VECTOR_CORE,13,54,8.080,1790773410681767.609	,1790773410681775.689	
0,HcPre_6c9f0fa710253eff38b1c0e6be6a67be_0,MIX_AIC,13,55,32.620,1790773410681776.929	,1790773410681809.550	
0,RmsNorm_normal_all_bf16_high_performance_0,AI_VECTOR_CORE,13,56,5.220,1790773410681810.490	,1790773410681815.710	
0,MatMulV2_ND_ND_FP16_FP16_false_true_all_98499,AI_CORE,13,57,177.923,1790773410681815.730	,1790773410681993.653	
0,Slice_ee29dafe4fe21e12bb8d56ae91626cba_high_performance_524000000,AI_VECTOR_CORE,13,58,2.160,1790773410681993.693	,1790773410681995.853	
0,ClipByValueV2_e87c9546cf2804355cf0d9445a2db01a_high_performance_220000000,AI_VECTOR_CORE,13,59,10.020,1790773410681995.873	,1790773410682005.894	
0,Slice_ee29dafe4fe21e12bb8d56ae91626cba_high_performance_524000000,AI_VECTOR_CORE,13,60,1.880,1790773410682005.914	,1790773410682007.794	
0,ClipByValueV2_e87c9546cf2804355cf0d9445a2db01a_high_performance_220000000,AI_VECTOR_CORE,13,61,8.360,1790773410682007.814	,1790773410682016.174	
0,Muls_299cf4d7f9ef0f745d89d88c666b45aa_high_performance_210000000,AI_VECTOR_CORE,13,62,6.860,1790773410682016.214	,1790773410682023.074	
0,Sigmoid_1c4543fdfe7149b6b0717bd88f061562_high_precision_210000000,AI_VECTOR_CORE,13,63,8.200,1790773410682023.094	,1790773410682031.294	
0,Mul_ce3d1ff8ba23a0bcb292da3577c1625d_high_performance_210020000,AI_VECTOR_CORE,13,64,8.800,1790773410682031.314	,1790773410682040.114	
0,Add_ce3d1ff8ba23a0bcb292da3577c1625d_high_performance_223000000,AI_VECTOR_CORE,13,65,7.080,1790773410682040.154	,1790773410682047.234	
0,Mul_ce3d1ff8ba23a0bcb292da3577c1625d_high_performance_210020000,AI_VECTOR_CORE,13,66,3.000,1790773410682047.274	,1790773410682050.275	
0,MatMulV2_ND_ND_FP16_FP16_false_true_all_98513,AI_CORE,13,67,100.602,1790773410682050.295	,1790773410682150.897	
0,HcPost_d2fe6614722b27afa6f8d964c215447e_0,AI_VECTOR_CORE,13,68,8.140,1790773410682150.917	,1790773410682159.057	
0,HcPre_6c9f0fa710253eff38b1c0e6be6a67be_0,MIX_AIC,13,69,31.160,1790773410682159.977	,1790773410682191.137	
0,RmsNorm_normal_all_bf16_high_performance_0,AI_VECTOR_CORE,13,70,4.980,1790773410682192.297	,1790773410682197.277	
0,MatMulV2_ND_ND_FP16_FP16_false_true_all_98499,AI_CORE,13,71,151.263,1790773410682197.297	,1790773410682348.560	
0,Slice_ee29dafe4fe21e12bb8d56ae91626cba_high_performance_524000000,AI_VECTOR_CORE,13,72,2.120,1790773410682348.580	,1790773410682350.701	
0,MatMulV2_ND_ND_FP16_FP16_false_true_all_98325,AI_CORE,13,73,8.800,1790773410682350.721	,1790773410682359.521	
0,Slice_ee29dafe4fe21e12bb8d56ae91626cba_high_performance_524000000,AI_VECTOR_CORE,13,74,1.920,1790773410682359.541	,1790773410682361.461	
0,MatMulV2_ND_ND_FP16_FP16_false_true_all_98325,AI_CORE,13,75,8.320,1790773410682361.481	,1790773410682369.801	
0,ZerosLike_1c4543fdfe7149b6b0717bd88f061562_high_performance_210000000,AI_VECTOR_CORE,13,76,7.320,1790773410682369.821	,1790773410682377.141	
0,_copy_conv_state_kernel,AI_VECTOR_CORE,13,77,12.180,1790773410682377.161	,1790773410682389.341	
0,Slice_ee29dafe4fe21e12bb8d56ae91626cba_high_performance_524000000,AI_VECTOR_CORE,13,78,2.280,1790773410682389.361	,1790773410682391.641	
0,CausalConv1d_b0123b7fae3057c534dbb03661977c42_1,MIX_AIC,13,79,13.800,1790773410682393.021	,1790773410682406.822	
0,ViewCopy_7778b2d0a2938f9247cc0c9f84559eb2_high_performance__kernel0,AI_VECTOR_CORE,13,80,9.460,1790773410682407.662	,1790773410682417.122	
0,_copy_conv_state_kernel,AI_VECTOR_CORE,13,81,9.720,1790773410682417.142	,1790773410682426.862	
0,Slice_ee29dafe4fe21e12bb8d56ae91626cba_high_performance_524000000,AI_VECTOR_CORE,13,82,2.000,1790773410682426.882	,1790773410682428.882	
0,RecurrentKda_1ac9a791ca2957b2fe0a2e96909b5782_0,AI_VECTOR_CORE,13,83,52.681,1790773410682428.902	,1790773410682481.583	
0,_write_output,AI_VECTOR_CORE,13,84,3.240,1790773410682481.603	,1790773410682484.843	
0,layer_norm_gated_fwd_kernel,AI_VECTOR_CORE,13,85,4.220,1790773410682484.883	,1790773410682489.103	
0,MatMulV2_ND_ND_FP16_FP16_false_true_all_98499,AI_CORE,13,86,59.641,1790773410682489.143	,1790773410682548.784	
0,HcPost_d2fe6614722b27afa6f8d964c215447e_0,AI_VECTOR_CORE,13,87,8.080,1790773410682548.804	,1790773410682556.885	
0,HcPre_6c9f0fa710253eff38b1c0e6be6a67be_0,MIX_AIC,13,88,30.100,1790773410682558.225	,1790773410682588.325	
0,RmsNorm_normal_all_bf16_high_performance_0,AI_VECTOR_CORE,13,89,5.200,1790773410682589.325	,1790773410682594.525	
0,MatMulV2_ND_ND_FP16_FP16_false_true_all_98499,AI_CORE,13,90,172.463,1790773410682594.545	,1790773410682767.009	
0,Slice_ee29dafe4fe21e12bb8d56ae91626cba_high_performance_524000000,AI_VECTOR_CORE,13,91,2.240,1790773410682767.029	,1790773410682769.269	
0,ClipByValueV2_e87c9546cf2804355cf0d9445a2db01a_high_performance_220000000,AI_VECTOR_CORE,13,92,10.500,1790773410682769.289	,1790773410682779.789	
0,Slice_ee29dafe4fe21e12bb8d56ae91626cba_high_performance_524000000,AI_VECTOR_CORE,13,93,1.920,1790773410682779.829	,1790773410682781.749	
0,ClipByValueV2_e87c9546cf2804355cf0d9445a2db01a_high_performance_220000000,AI_VECTOR_CORE,13,94,9.340,1790773410682781.769	,1790773410682791.109	
0,Muls_299cf4d7f9ef0f745d89d88c666b45aa_high_performance_210000000,AI_VECTOR_CORE,13,95,7.120,1790773410682791.129	,1790773410682798.249	
0,Sigmoid_1c4543fdfe7149b6b0717bd88f061562_high_precision_210000000,AI_VECTOR_CORE,13,96,8.340,1790773410682798.269	,1790773410682806.610	
0,Mul_ce3d1ff8ba23a0bcb292da3577c1625d_high_performance_210020000,AI_VECTOR_CORE,13,97,9.480,1790773410682806.630	,1790773410682816.110	
0,N/A,EVENT_WAIT,39,27,2252.285,1790773410682815.990	,1790773410685068.275	
0,Add_ce3d1ff8ba23a0bcb292da3577c1625d_high_performance_223000000,AI_VECTOR_CORE,13,98,7.060,1790773410682816.130	,1790773410682823.190	
0,Mul_ce3d1ff8ba23a0bcb292da3577c1625d_high_performance_210020000,AI_VECTOR_CORE,13,99,2.740,1790773410682823.230	,1790773410682825.970	
0,MatMulV2_ND_ND_FP16_FP16_false_true_all_98513,AI_CORE,13,100,100.862,1790773410682825.990	,1790773410682926.852	
0,HcPost_d2fe6614722b27afa6f8d964c215447e_0,AI_VECTOR_CORE,13,101,7.920,1790773410682926.872	,1790773410682934.792	
0,HcPre_6c9f0fa710253eff38b1c0e6be6a67be_0,MIX_AIC,13,102,30.720,1790773410682935.972	,1790773410682966.693	
0,RmsNorm_normal_all_bf16_high_performance_0,AI_VECTOR_CORE,13,103,5.160,1790773410682967.693	,1790773410682972.853	
0,MatMulV2_ND_ND_FP16_FP16_false_true_all_98513,AI_CORE,13,104,20.080,1790773410682972.893	,1790773410682992.973	
0,Slice_ee29dafe4fe21e12bb8d56ae91626cba_high_performance_524000000,AI_VECTOR_CORE,13,105,1.820,1790773410682992.993	,1790773410682994.813	
0,RmsNorm_normal_all_bf16_high_performance_2,AI_VECTOR_CORE,13,106,6.180,1790773410682994.833	,1790773410683001.013	
0,Slice_ee29dafe4fe21e12bb8d56ae91626cba_high_performance_524000000,AI_VECTOR_CORE,13,107,1.920,1790773410683001.033	,1790773410683002.954	
0,RmsNorm_normal_all_bf16_high_performance_2,AI_VECTOR_CORE,13,108,4.460,1790773410683002.974	,1790773410683007.434	
0,ScatterNdUpdate_bfloat16_int32_high_precision_11,MIX_AIV,13,109,6.220,1790773410683008.794	,1790773410683015.014	
0,MatMulV2_ND_ND_FP16_FP16_false_true_all_98499,AI_CORE,13,110,46.360,1790773410683016.074	,1790773410683062.435	
0,TransposeBatchMatMul_ND_ND_ND_ND_ND_BF16_BF16_BF16_INT64_BF16_high_performance_32,AI_CORE,13,111,25.200,1790773410683062.475	,1790773410683087.675	
0,Cast_b2717900ea7de2d41ea9c63d23aa269b_high_performance_210000000,AI_VECTOR_CORE,13,112,4.040,1790773410683087.695	,1790773410683091.735	
0,MatMulV2_ND_ND_FP32_FP32_false_true_all_65665,AI_CORE,13,113,9.340,1790773410683091.755	,1790773410683101.095	
0,Slice_82e6b4faea71b451f217d7ea57c08012_high_performance_524000000,AI_VECTOR_CORE,13,114,2.260,1790773410683101.115	,1790773410683103.376	
0,LayerNormV3_23ae115d70bd435e4cb966a52be97b55_high_precision_1600400500,AI_VECTOR_CORE,13,115,6.400,1790773410683103.416	,1790773410683109.816	
0,MatMulV2_ND_ND_FP32_FP32_false_true_all_65665,AI_CORE,13,116,8.960,1790773410683109.836	,1790773410683118.796	
0,MatMulV2_ND_ND_FP16_FP16_false_true_all_98499,AI_CORE,13,117,16.980,1790773410683118.816	,1790773410683135.796	
0,Slice_82e6b4faea71b451f217d7ea57c08012_high_performance_524000000,AI_VECTOR_CORE,13,118,1.980,1790773410683135.816	,1790773410683137.796	
0,Cast_9f288b80370c6545ffe8cef142d37f5c_high_performance_210000000,AI_VECTOR_CORE,13,119,1.440,1790773410683137.816	,1790773410683139.256	
0,Muls_299cf4d7f9ef0f745d89d88c666b45aa_high_performance_210000000,AI_VECTOR_CORE,13,120,1.340,1790773410683139.296	,1790773410683140.636	
0,_glm5_next_kpool_tail_compress_kernel,AI_VECTOR_CORE,13,121,2.320,1790773410683140.676	,1790773410683142.996	
0,_store_kpool_tail_kernel,AI_VECTOR_CORE,13,122,4.980,1790773410683143.016	,1790773410683147.996	
0,Cast_b2717900ea7de2d41ea9c63d23aa269b_high_performance_210000000,AI_VECTOR_CORE,13,123,2.560,1790773410683148.016	,1790773410683150.576	
0,Cast_b2717900ea7de2d41ea9c63d23aa269b_high_performance_210000000,AI_VECTOR_CORE,13,124,1.160,1790773410683150.596	,1790773410683151.757	
0,Mul_ee98c6628030785f610b924ab1557b31_high_performance_212000001,AI_VECTOR_CORE,13,125,9.320,1790773410683151.777	,1790773410683161.097	
0,ReduceSum_7a09f5b7af4126487a7f726a9aac7548_high_performance_10002100900,MIX_AIV,13,126,11.320,1790773410683162.337	,1790773410683173.657	
0,N/A,EVENT_WAIT,45,263,1898.037,1790773410683170.237	,1790773410685068.275	
0,_glm5_next_lightning_indexer_score_kernel,AI_VECTOR_CORE,13,127,10.560,1790773410683174.517	,1790773410683185.077	
0,TopKV2_5c671486fda0d949d7cba9a9754bc2dd_high_performance_2017612701781458944,MIX_AIV,13,128,10.120,1790773410683186.457	,1790773410683196.577	
0,Cast_e87590d11ccda8b259ab6b1ea7212319_high_performance_210000000,AI_VECTOR_CORE,13,129,1.900,1790773410683197.417	,1790773410683199.317	
0,Cast_39a266ce9a8d7d9ead33f6686e936b72_high_performance_210000000,AI_VECTOR_CORE,13,130,2.020,1790773410683199.337	,1790773410683201.358	
0,_expand_pool_indices,AI_VECTOR_CORE,13,131,13.320,1790773410683201.398	,1790773410683214.718	
0,Slice_b9b91ad79a469f7fcff72949705be0f9_high_performance_521000000,AI_VECTOR_CORE,13,132,2.100,1790773410683214.738	,1790773410683216.838	
0,SparseFlashAttention_2e25ad8fefac1f04c03bd78f2d2ab366_1158,MIX_AIC,13,133,29.960,1790773410683217.698	,1790773410683247.658	
0,TransposeBatchMatMul_ND_ND_ND_ND_ND_BF16_BF16_BF16_INT64_BF16_high_performance_32,AI_CORE,13,134,22.440,1790773410683248.798	,1790773410683271.239	
0,MatMulV2_ND_ND_FP16_FP16_false_true_all_98513,AI_CORE,13,135,133.262,1790773410683271.259	,1790773410683404.522	
0,N/A,MEMCPY_ASYNC,13,136,0.600,1790773410683404.562	,1790773410683405.162	
0,HcPost_d2fe6614722b27afa6f8d964c215447e_0,AI_VECTOR_CORE,13,137,8.240,1790773410683405.182	,1790773410683413.422	
0,HcPre_6c9f0fa710253eff38b1c0e6be6a67be_0,MIX_AIC,13,138,29.860,1790773410683414.702	,1790773410683444.562	
0,RmsNorm_normal_all_bf16_high_performance_0,AI_VECTOR_CORE,13,139,5.240,1790773410683445.802	,1790773410683451.042	
0,N/A,EVENT_RECORD,13,140,0.020,1790773410683451.062	,1790773410683451.082	
0,Cast_b2717900ea7de2d41ea9c63d23aa269b_high_performance_210000000,AI_VECTOR_CORE,13,141,3.540,1790773410683451.122	,1790773410683454.663	
0,MatMulV2_ND_ND_FP32_FP32_false_true_all_65665,AI_CORE,13,142,5.680,1790773410683454.683	,1790773410683460.363	
0,N/A,EVENT_RECORD,13,143,0.020,1790773410683460.383	,1790773410683460.403	
0,MoeGatingTopK_81369a2fa0455f39b5d19d432d261f57_1,AI_VECTOR_CORE,13,144,5.160,1790773410683460.423	,1790773410683465.583	
0,N/A,EVENT_RECORD,13,145,0.020,1790773410683465.603	,1790773410683465.623	
0,MoeInitRoutingV3_4ca8d2d329b4477b44dd2ee885849b12_2100000,MIX_AIV,13,146,13.840,1790773410683466.703	,1790773410683480.543	
0,GroupedMatmul_0d2d43751f81d7f29646a862147967c9_68885275,MIX_AIC,13,147,214.324,1790773410683483.123	,1790773410683697.447	
0,Slice_ee29dafe4fe21e12bb8d56ae91626cba_high_performance_524000000,AI_VECTOR_CORE,13,148,2.600,1790773410683698.567	,1790773410683701.167	
0,ClipByValueV2_e87c9546cf2804355cf0d9445a2db01a_high_performance_220000000,AI_VECTOR_CORE,13,149,10.420,1790773410683701.187	,1790773410683711.608	
0,ViewCopy_7778b2d0a2938f9247cc0c9f84559eb2_high_performance__kernel0,AI_VECTOR_CORE,13,150,12.480,1790773410683711.648	,1790773410683724.128	
0,Slice_ee29dafe4fe21e12bb8d56ae91626cba_high_performance_524000000,AI_VECTOR_CORE,13,151,2.340,1790773410683724.148	,1790773410683726.488	
0,ClipByValueV2_e87c9546cf2804355cf0d9445a2db01a_high_performance_220000000,AI_VECTOR_CORE,13,152,7.580,1790773410683726.508	,1790773410683734.088	
0,ViewCopy_7778b2d0a2938f9247cc0c9f84559eb2_high_performance__kernel0,AI_VECTOR_CORE,13,153,10.900,1790773410683734.108	,1790773410683745.008	
0,SwiGlu_3_high_performance_27,AI_VECTOR_CORE,13,154,7.120,1790773410683745.028	,1790773410683752.149	
0,N/A,EVENT_RECORD,13,155,0.020,1790773410683752.169	,1790773410683752.189	
0,GroupedMatmul_0d2d43751f81d7f29646a862147967c9_68885275,MIX_AIC,13,156,97.841,1790773410683753.309	,1790773410683851.150	
0,N/A,EVENT_RECORD,13,157,0.020,1790773410683852.231	,1790773410683852.251	
0,Cast_9f288b80370c6545ffe8cef142d37f5c_high_performance_210000000,AI_VECTOR_CORE,13,158,1.260,1790773410683852.271	,1790773410683853.531	
0,Abs_8098b79498645e9c0da095babdeaf862_high_performance_210000000,AI_VECTOR_CORE,13,159,1.540,1790773410683853.551	,1790773410683855.091	
0,MoeTokenUnpermute_6dd49246dc9576d3314234df69cb5c22_1,AI_VECTOR_CORE,13,160,4.700,1790773410683855.111	,1790773410683859.811	
0,MatMulV2_ND_ND_FP16_FP16_false_true_all_98499,AI_CORE,13,161,32.160,1790773410683859.831	,1790773410683891.991	
0,Slice_ee29dafe4fe21e12bb8d56ae91626cba_high_performance_524000000,AI_VECTOR_CORE,13,162,1.720,1790773410683892.011	,1790773410683893.731	
0,ClipByValueV2_e87c9546cf2804355cf0d9445a2db01a_high_performance_220000000,AI_VECTOR_CORE,13,163,2.400,1790773410683893.751	,1790773410683896.151	
0,Slice_ee29dafe4fe21e12bb8d56ae91626cba_high_performance_524000000,AI_VECTOR_CORE,13,164,1.460,1790773410683896.171	,1790773410683897.631	
0,ClipByValueV2_e87c9546cf2804355cf0d9445a2db01a_high_performance_220000000,AI_VECTOR_CORE,13,165,2.700,1790773410683897.651	,1790773410683900.351	
0,Muls_299cf4d7f9ef0f745d89d88c666b45aa_high_performance_210000000,AI_VECTOR_CORE,13,166,2.040,1790773410683900.371	,1790773410683902.412	
0,Sigmoid_1c4543fdfe7149b6b0717bd88f061562_high_precision_210000000,AI_VECTOR_CORE,13,167,2.960,1790773410683902.432	,1790773410683905.392	
0,Mul_ce3d1ff8ba23a0bcb292da3577c1625d_high_performance_210020000,AI_VECTOR_CORE,13,168,2.680,1790773410683905.412	,1790773410683908.092	
0,Add_ce3d1ff8ba23a0bcb292da3577c1625d_high_performance_223000000,AI_VECTOR_CORE,13,169,2.440,1790773410683908.112	,1790773410683910.552	
0,Mul_ce3d1ff8ba23a0bcb292da3577c1625d_high_performance_210020000,AI_VECTOR_CORE,13,170,2.640,1790773410683910.592	,1790773410683913.232	
0,MatMulV2_ND_ND_FP16_FP16_false_true_all_98499,AI_CORE,13,171,18.560,1790773410683913.272	,1790773410683931.832	
0,ForeachAddList_c73cb8f503197be65eaf63148ad48de4_high_performance_4,AI_VECTOR_CORE,13,172,14.340,1790773410683931.852	,1790773410683946.192	
0,HcPost_d2fe6614722b27afa6f8d964c215447e_0,AI_VECTOR_CORE,13,173,6.500,1790773410683946.212	,1790773410683952.713	
0,ReduceMean_9a2479d4dc5148645cb3f4b9e765c637_high_precision_2100900,MIX_AIV,13,174,10.860,1790773410683954.113	,1790773410683964.973	
0,RmsNorm_normal_all_bf16_high_performance_0,AI_VECTOR_CORE,13,175,3.920,1790773410683966.293	,1790773410683970.213	
0,N/A,EVENT_RESET,13,176,0.080,1790773410683970.233	,1790773410683970.313	
0,N/A,EVENT_RESET,13,177,0.080,1790773410683970.353	,1790773410683970.433	
0,N/A,EVENT_RESET,13,178,0.080,1790773410683970.473	,1790773410683970.553	
0,N/A,EVENT_RESET,13,179,0.100,1790773410683970.573	,1790773410683970.673	
0,N/A,EVENT_RESET,13,180,0.100,1790773410683970.693	,1790773410683970.793	
0,N/A,NOTIFY_RECORD,13,181,0.020,1790773410683970.813	,1790773410683970.833	
0,IndexCheck_int32_high_performance_1,AI_VECTOR_CORE,47,4662,3.360,1790773410683971.293	,1790773410683974.653	
0,Index_b1b18d29d34a3b544b5bb6b3f56177c3_high_performance__kernel0,AI_VECTOR_CORE,47,4663,8.580,1790773410683974.673	,1790773410683983.253	
0,MatMulV2_ND_ND_FP16_FP16_false_true_all_98499,AI_CORE,47,4664,903.438,1790773410683983.273	,1790773410684886.711	
0,Cast_b2717900ea7de2d41ea9c63d23aa269b_high_performance_210000000,AI_VECTOR_CORE,47,4665,7.780,1790773410684886.731	,1790773410684894.511	
0,LogSoftmaxV2_291664ae3e88b38b8b46c2efbbea27c9_high_precision_400001,AI_VECTOR_CORE,47,4666,44.860,1790773410684894.531	,1790773410684939.392	
0,Cast_b2717900ea7de2d41ea9c63d23aa269b_high_performance_210000000,AI_VECTOR_CORE,47,4667,3.140,1790773410684939.412	,1790773410684942.552	
0,ArgMaxV2_4402011f777d6374ab9f6425cb5984c4_high_performance_3,AI_VECTOR_CORE,47,4668,19.620,1790773410684942.572	,1790773410684962.193	
0,Cast_e87590d11ccda8b259ab6b1ea7212319_high_performance_210000000,AI_VECTOR_CORE,47,4669,1.400,1790773410684962.233	,1790773410684963.633	
0,TopKV2_5c671486fda0d949d7cba9a9754bc2dd_high_performance_2017612907943034881,MIX_AIV,47,4670,31.360,1790773410684964.573	,1790773410684995.933	
0,TopKV2_5c671486fda0d949d7cba9a9754bc2dd_high_performance_2017612701781458944,MIX_AIV,47,4671,4.260,1790773410684998.713	,1790773410685002.973	
0,GatherElements_8b4ec10fbb39c5c0a65192c606400b29_high_performance__kernel0,AI_VECTOR_CORE,47,4672,3.900,1790773410685004.174	,1790773410685008.074	
0,Cast_e87590d11ccda8b259ab6b1ea7212319_high_performance_210000000,AI_VECTOR_CORE,47,4673,1.160,1790773410685008.094	,1790773410685009.254	
0,Cast_39a266ce9a8d7d9ead33f6686e936b72_high_performance_210000000,AI_VECTOR_CORE,47,4674,1.420,1790773410685009.274	,1790773410685010.694	
0,GatherElementsV2_fp32_high_performance_2,AI_VECTOR_CORE,47,4675,4.420,1790773410685010.714	,1790773410685015.134	
0,GreaterEqual_3efaad932f458d7892fdb0715ec85b2b_high_performance_212000002,AI_VECTOR_CORE,47,4676,11.300,1790773410685015.154	,1790773410685026.454	
0,Cast_df2b778f1b80e749bd4242386ec57ab9_high_performance_210000000,AI_VECTOR_CORE,47,4677,6.920,1790773410685026.474	,1790773410685033.394	
0,ReduceSum_7a09f5b7af4126487a7f726a9aac7548_high_performance_110001000400,MIX_AIV,47,4678,20.160,1790773410685035.674	,1790773410685055.835	
0,Cast_c6738f795430c3c6f09cdc8d52a1b43d_high_performance_210000000,AI_VECTOR_CORE,47,4679,1.400,1790773410685057.015	,1790773410685058.415	
0,ConcatD_0d745295987e1c668b2ec8b2844aeada_high_performance_0,AI_VECTOR_CORE,47,4680,3.360,1790773410685058.435	,1790773410685061.795	
0,ConcatD_233851a3505389e43928a8bba133a74d_high_performance_0,AI_VECTOR_CORE,47,4681,2.940,1790773410685061.835	,1790773410685064.775	
0,Cast_39a266ce9a8d7d9ead33f6686e936b72_high_performance_210000000,AI_VECTOR_CORE,47,4682,1.500,1790773410685064.795	,1790773410685066.295	
0,Cast_39a266ce9a8d7d9ead33f6686e936b72_high_performance_210000000,AI_VECTOR_CORE,47,4683,1.420,1790773410685066.315	,1790773410685067.735	
0,N/A,EVENT_RECORD,47,4684,0.020,1790773410685067.755	,1790773410685067.775	
0,N/A,EVENT_RECORD,47,4685,0.020,1790773410685067.795	,1790773410685067.815	
0,N/A,MEMCPY_ASYNC,45,264,1.920,1790773410685068.295	,1790773410685070.215	
0,N/A,MEMCPY_ASYNC,45,265,1.940,1790773410685070.375	,1790773410685072.315	
0,N/A,MEMCPY_ASYNC,45,266,1.920,1790773410685072.455	,1790773410685074.375	
0,N/A,MEMCPY_ASYNC,45,267,1.940,1790773410685074.535	,1790773410685076.475	
0,N/A,EVENT_RECORD,45,268,0.000,1790773410685076.635	,1790773410685076.635	
0,N/A,EVENT_RECORD,45,269,0.000,1790773410685076.675	,1790773410685076.675	
0,N/A,EVENT_RECORD,45,270,0.020,1790773410685076.695	,1790773410685076.715	
0,N/A,EVENT_RECORD,45,271,0.000,1790773410685076.735	,1790773410685076.735	
0,N/A,EVENT_RECORD,45,272,0.020,1790773410685076.755	,1790773410685076.775	
0,N/A,MEMCPY_ASYNC,47,4686,2.500,1790773410685625.546	,1790773410685628.046	
0,N/A,MEMCPY_ASYNC,47,4687,2.500,1790773410685689.687	,1790773410685692.187	
0,N/A,MEMCPY_ASYNC,47,4688,2.580,1790773410685750.408	,1790773410685752.988	
0,N/A,MEMCPY_ASYNC,47,4689,2.400,1790773410685830.650	,1790773410685833.050	
0,N/A,MEMCPY_ASYNC,47,4690,2.400,1790773410685891.171	,1790773410685893.571	
0,N/A,MEMCPY_ASYNC,47,4691,2.400,1790773410686158.797	,1790773410686161.197	
0,N/A,MEMCPY_ASYNC,47,4692,2.480,1790773410686374.701	,1790773410686377.181	
0,N/A,MEMCPY_ASYNC,47,4693,2.400,1790773410686425.782	,1790773410686428.182	
0,Fill_1fbc7ee619b707282bbfd034093621df_high_performance_223000000,AI_VECTOR_CORE,47,4694,1.480,1790773410686606.246	,1790773410686607.726	
0,N/A,MEMCPY_ASYNC,47,4695,0.640,1790773410686820.910	,1790773410686821.550	
0,N/A,MEMCPY_ASYNC,47,4696,2.240,1790773410687064.255	,1790773410687066.495	
0,Fill_1fbc7ee619b707282bbfd034093621df_high_performance_223000000,AI_VECTOR_CORE,47,4697,1.420,1790773410687107.176	,1790773410687108.596	
0,N/A,MEMCPY_ASYNC,47,4698,2.180,1790773410687157.497	,1790773410687159.677	
0,N/A,MEMCPY_ASYNC,47,4699,2.260,1790773410687247.158	,1790773410687249.418	
0,N/A,MEMCPY_ASYNC,47,4700,2.400,1790773410687324.660	,1790773410687327.060	
0,N/A,MEMCPY_ASYNC,47,4701,2.420,1790773410687396.701	,1790773410687399.121	
0,IndexCheck_int64_high_performance_0,AI_VECTOR_CORE,47,4702,3.160,1790773410687519.004	,1790773410687522.164	
0,Index_f34e8f0e5e2c96109aa0460550023804_high_performance__kernel0,AI_VECTOR_CORE,47,4703,7.640,1790773410687522.184	,1790773410687529.824	
0,Cast_e87590d11ccda8b259ab6b1ea7212319_high_performance_210000000,AI_VECTOR_CORE,47,4704,1.240,1790773410687602.365	,1790773410687603.605	
0,Add_41dadce325b0f810d03359af2a38990b_high_performance_210000000,AI_VECTOR_CORE,47,4705,2.440,1790773410687671.067	,1790773410687673.507	
0,N/A,MEMCPY_ASYNC,47,4706,0.620,1790773410687764.469	,1790773410687765.089	
0,Add_9342884c99c006e21fc9d5d9260b8bef_high_performance_210000000,AI_VECTOR_CORE,47,4707,1.560,1790773410687834.990	,1790773410687836.550	
0,N/A,MEMCPY_ASYNC,47,4708,0.580,1790773410687921.812	,1790773410687922.392	
0,Fill_1fbc7ee619b707282bbfd034093621df_high_performance_210000000,AI_VECTOR_CORE,47,4709,1.920,1790773410687971.673	,1790773410687973.593	
0,_compute_slot_mapping_fused_groups_adaptive_kernel,AI_VECTOR_CORE,47,4710,4.600,1790773410688397.981	,1790773410688402.581	
0,Sub_9342884c99c006e21fc9d5d9260b8bef_high_performance_223000000,AI_VECTOR_CORE,47,4711,1.440,1790773410688611.266	,1790773410688612.706	
0,N/A,MEMCPY_ASYNC,47,4712,2.420,1790773410688946.552	,1790773410688948.972	
0,Fill_1fbc7ee619b707282bbfd034093621df_high_performance_210000000,AI_VECTOR_CORE,47,4713,1.420,1790773410689104.095	,1790773410689105.515	
0,Fill_1fbc7ee619b707282bbfd034093621df_high_performance_223000000,AI_VECTOR_CORE,47,4714,1.440,1790773410689152.676	,1790773410689154.116	
0,Cast_e87590d11ccda8b259ab6b1ea7212319_high_performance_210000000,AI_VECTOR_CORE,47,4715,1.220,1790773410689632.946	,1790773410689634.166	
0,FloorDiv_41dadce325b0f810d03359af2a38990b_high_performance_223000000,AI_VECTOR_CORE,47,4716,6.420,1790773410689634.786	,1790773410689641.206	
0,Cast_39a266ce9a8d7d9ead33f6686e936b72_high_performance_210000000,AI_VECTOR_CORE,47,4717,1.480,1790773410689641.226	,1790773410689642.706	
0,N/A,MEMCPY_ASYNC,47,4718,0.600,1790773410689797.069	,1790773410689797.669	
0,Cast_e87590d11ccda8b259ab6b1ea7212319_high_performance_210000000,AI_VECTOR_CORE,47,4719,1.080,1790773410689888.831	,1790773410689889.911	
0,GreaterEqual_1ea4da630f56dc1c2d6e7c9a9dd17b11_high_performance_223000000,AI_VECTOR_CORE,47,4720,3.220,1790773410689890.411	,1790773410689893.631	
0,Add_41dadce325b0f810d03359af2a38990b_high_performance_223000000,AI_VECTOR_CORE,47,4721,2.940,1790773410689945.752	,1790773410689948.692	
0,BroadcastTo_41dadce325b0f810d03359af2a38990b_high_performance_232000000,AI_VECTOR_CORE,47,4722,1.640,1790773410689997.813	,1790773410689999.453	
0,FloorMod_41dadce325b0f810d03359af2a38990b_high_precision_210000000,AI_VECTOR_CORE,47,4723,1.660,1790773410689999.473	,1790773410690001.133	
0,Equal_1ea4da630f56dc1c2d6e7c9a9dd17b11_high_performance_223000000,AI_VECTOR_CORE,47,4724,2.320,1790773410690036.714	,1790773410690039.034	
0,LogicalAnd_91d2a3cdd75d915a368582ec5f440af1_high_performance_210000000,AI_VECTOR_CORE,47,4725,1.700,1790773410690091.115	,1790773410690092.815	
0,ClipByValueV2_3bc53d14ff7dfecd0ed0c69136ab471a_high_performance_220000000,AI_VECTOR_CORE,47,4726,3.240,1790773410690130.156	,1790773410690133.396	
0,Cast_e87590d11ccda8b259ab6b1ea7212319_high_performance_210000000,AI_VECTOR_CORE,47,4727,1.140,1790773410690199.557	,1790773410690200.697	
0,FloorDiv_41dadce325b0f810d03359af2a38990b_high_performance_223000000,AI_VECTOR_CORE,47,4728,1.760,1790773410690200.917	,1790773410690202.677	
0,Cast_39a266ce9a8d7d9ead33f6686e936b72_high_performance_210000000,AI_VECTOR_CORE,47,4729,1.420,1790773410690202.717	,1790773410690204.137	
0,BroadcastTo_c71434db8135ff9089d65053721e3417_high_performance_232000000,AI_VECTOR_CORE,47,4730,1.480,1790773410690265.079	,1790773410690266.559	
0,FloorMod_9342884c99c006e21fc9d5d9260b8bef_high_precision_210000000,AI_VECTOR_CORE,47,4731,3.180,1790773410690276.579	,1790773410690279.759	
0,Mul_9342884c99c006e21fc9d5d9260b8bef_high_performance_223000000,AI_VECTOR_CORE,47,4732,1.680,1790773410690333.680	,1790773410690335.360	
0,Cast_e87590d11ccda8b259ab6b1ea7212319_high_performance_210000000,AI_VECTOR_CORE,47,4733,1.320,1790773410690376.361	,1790773410690377.681	
0,FloorDiv_41dadce325b0f810d03359af2a38990b_high_performance_223000000,AI_VECTOR_CORE,47,4734,1.900,1790773410690387.841	,1790773410690389.741	
0,Cast_39a266ce9a8d7d9ead33f6686e936b72_high_performance_210000000,AI_VECTOR_CORE,47,4735,1.060,1790773410690389.781	,1790773410690390.841	
0,Add_9342884c99c006e21fc9d5d9260b8bef_high_performance_210000000,AI_VECTOR_CORE,47,4736,1.300,1790773410690439.322	,1790773410690440.622	
0,Fill_1fbc7ee619b707282bbfd034093621df_high_performance_223000000,AI_VECTOR_CORE,47,4737,1.180,1790773410690503.463	,1790773410690504.643	
0,SelectV2_9bb0969ab50036eba4428cd9974a5c0b_high_performance_210000000,AI_VECTOR_CORE,47,4738,2.020,1790773410690539.904	,1790773410690541.924	
0,Cast_e87590d11ccda8b259ab6b1ea7212319_high_performance_210000000,AI_VECTOR_CORE,47,4739,1.200,1790773410690588.585	,1790773410690589.785	
0,Cast_e87590d11ccda8b259ab6b1ea7212319_high_performance_210000000,AI_VECTOR_CORE,47,4740,1.200,1790773410690687.967	,1790773410690689.167	
0,FloorDiv_41dadce325b0f810d03359af2a38990b_high_performance_223000000,AI_VECTOR_CORE,47,4741,1.880,1790773410690689.987	,1790773410690691.867	
0,Cast_39a266ce9a8d7d9ead33f6686e936b72_high_performance_210000000,AI_VECTOR_CORE,47,4742,1.180,1790773410690691.927	,1790773410690693.107	
0,N/A,MEMCPY_ASYNC,47,4743,0.580,1790773410690835.370	,1790773410690835.950	
0,N/A,MEMCPY_ASYNC,47,4744,0.620,1790773410690931.752	,1790773410690932.372	
0,Fill_1fbc7ee619b707282bbfd034093621df_high_performance_210000000,AI_VECTOR_CORE,47,4745,1.500,1790773410691209.958	,1790773410691211.458	
0,Fill_1fbc7ee619b707282bbfd034093621df_high_performance_210000000,AI_VECTOR_CORE,47,4746,1.180,1790773410691248.118	,1790773410691249.298	
0,Fill_1fbc7ee619b707282bbfd034093621df_high_performance_210000000,AI_VECTOR_CORE,47,4747,1.260,1790773410691451.942	,1790773410691453.202	
0,Fill_1fbc7ee619b707282bbfd034093621df_high_performance_210000000,AI_VECTOR_CORE,47,4748,1.360,1790773410691482.623	,1790773410691483.983	
0,N/A,MEMCPY_ASYNC,47,4749,0.560,1790773410692141.676	,1790773410692142.236	
0,Fill_1fbc7ee619b707282bbfd034093621df_high_performance_210000000,AI_VECTOR_CORE,47,4750,1.220,1790773410692195.877	,1790773410692197.097	
0,N/A,MEMCPY_ASYNC,47,4751,0.660,1790773410692301.299	,1790773410692301.959	
0,N/A,MEMCPY_ASYNC,47,4752,0.560,1790773410692436.842	,1790773410692437.402	
0,N/A,MEMCPY_ASYNC,47,4753,0.640,1790773410692590.425	,1790773410692591.065	
0,Sub_9342884c99c006e21fc9d5d9260b8bef_high_performance_210000000,AI_VECTOR_CORE,47,4754,1.460,1790773410692657.466	,1790773410692658.926	
0,Fill_1fbc7ee619b707282bbfd034093621df_high_performance_210000000,AI_VECTOR_CORE,47,4755,1.240,1790773410692858.250	,1790773410692859.490	
0,Fill_1fbc7ee619b707282bbfd034093621df_high_performance_210000000,AI_VECTOR_CORE,47,4756,1.180,1790773410692875.791	,1790773410692876.971	
0,N/A,MEMCPY_ASYNC,47,4757,0.540,1790773410693593.825	,1790773410693594.365	
0,Fill_1fbc7ee619b707282bbfd034093621df_high_performance_210000000,AI_VECTOR_CORE,47,4758,1.300,1790773410693669.407	,1790773410693670.707	
0,N/A,MEMCPY_ASYNC,47,4759,0.580,1790773410693794.209	,1790773410693794.789	
0,N/A,MEMCPY_ASYNC,47,4760,0.680,1790773410693903.651	,1790773410693904.331	
0,N/A,MEMCPY_ASYNC,47,4761,0.640,1790773410694041.354	,1790773410694041.994	
0,Sub_9342884c99c006e21fc9d5d9260b8bef_high_performance_210000000,AI_VECTOR_CORE,47,4762,1.420,1790773410694116.416	,1790773410694117.836	
0,Fill_1fbc7ee619b707282bbfd034093621df_high_performance_210000000,AI_VECTOR_CORE,47,4763,1.300,1790773410694338.120	,1790773410694339.420	
0,Fill_1fbc7ee619b707282bbfd034093621df_high_performance_210000000,AI_VECTOR_CORE,47,4764,1.080,1790773410694374.061	,1790773410694375.141	
0,N/A,MEMCPY_ASYNC,47,4765,0.560,1790773410694942.212	,1790773410694942.772	
0,Fill_1fbc7ee619b707282bbfd034093621df_high_performance_210000000,AI_VECTOR_CORE,47,4766,1.260,1790773410694997.673	,1790773410694998.933	
0,N/A,MEMCPY_ASYNC,47,4767,0.700,1790773410695118.096	,1790773410695118.796	
0,N/A,MEMCPY_ASYNC,47,4768,0.580,1790773410695234.698	,1790773410695235.278	
0,N/A,MEMCPY_ASYNC,47,4769,0.600,1790773410695367.301	,1790773410695367.901	
0,Sub_9342884c99c006e21fc9d5d9260b8bef_high_performance_210000000,AI_VECTOR_CORE,47,4770,1.360,1790773410695441.162	,1790773410695442.522	
0,N/A,EVENT_RECORD,47,4771,0.000,1790773410695729.308	,1790773410695729.308	
0,ZerosLike_1d2fd313763487259859439d7e9b41cf_high_performance_210000000,AI_VECTOR_CORE,47,4772,2.060,1790773410695901.191	,1790773410695903.251	
0,Fill_279daeaf6b659300647aba3935d90048_high_performance_210000000,AI_VECTOR_CORE,47,4773,1.720,1790773410696170.017	,1790773410696171.737	
0,Cast_a9b7af94359fc7c19da07ad0790f065c_high_performance_210000000,AI_VECTOR_CORE,47,4774,1.200,1790773410696222.978	,1790773410696224.178	
0,BroadcastTo_c71434db8135ff9089d65053721e3417_high_performance_232000000,AI_VECTOR_CORE,47,4775,1.320,1790773410696224.378	,1790773410696225.698	
0,Cast_9fc020fd54590bb5fe6cf6eabcf7b473_high_performance_210000000,AI_VECTOR_CORE,47,4776,1.360,1790773410696241.838	,1790773410696243.198	
0,Fill_279daeaf6b659300647aba3935d90048_high_performance_210000000,AI_VECTOR_CORE,47,4777,1.440,1790773410696277.619	,1790773410696279.059	
0,N/A,MEMCPY_ASYNC,47,4778,0.560,1790773410696376.021	,1790773410696376.581	
0,N/A,MODEL_EXECUTE,47,4779,3.020,1790773410696623.066	,1790773410696626.086	
0,Cast_e87590d11ccda8b259ab6b1ea7212319_high_performance_210000000,AI_VECTOR_CORE,13,0,1.260,1790773410696626.006	,1790773410696627.266	
0,GatherV2_7869a97190b9b4d296d9414a005b954b_high_precision_900015010,AI_VECTOR_CORE,13,1,2.820,1790773410696627.306	,1790773410696630.126	
0,BroadcastTo_7e5992d3033ef32a3463c5d198e518a1_high_performance_212100003,AI_VECTOR_CORE,13,2,7.060,1790773410696630.146	,1790773410696637.206	
0,N/A,NOTIFY_WAIT,47,4780,3405.608,1790773410696637.686	,1790773410700043.294	
0,HcPre_6c9f0fa710253eff38b1c0e6be6a67be_0,MIX_AIC,13,3,33.000,1790773410696638.186	,1790773410696671.187	
0,RmsNorm_normal_all_bf16_high_performance_0,AI_VECTOR_CORE,13,4,5.000,1790773410696672.327	,1790773410696677.327	
0,MatMulV2_ND_ND_FP16_FP16_false_true_all_98499,AI_CORE,13,5,163.583,1790773410696677.347	,1790773410696840.930	
0,Slice_ee29dafe4fe21e12bb8d56ae91626cba_high_performance_524000000,AI_VECTOR_CORE,13,6,2.040,1790773410696840.950	,1790773410696842.990	
0,MatMulV2_ND_ND_FP16_FP16_false_true_all_98325,AI_CORE,13,7,9.420,1790773410696843.010	,1790773410696852.430	
0,Slice_ee29dafe4fe21e12bb8d56ae91626cba_high_performance_524000000,AI_VECTOR_CORE,13,8,1.920,1790773410696852.450	,1790773410696854.370	
0,MatMulV2_ND_ND_FP16_FP16_false_true_all_98325,AI_CORE,13,9,8.200,1790773410696854.390	,1790773410696862.590	
0,ZerosLike_1c4543fdfe7149b6b0717bd88f061562_high_performance_210000000,AI_VECTOR_CORE,13,10,7.200,1790773410696862.610	,1790773410696869.811	
0,_copy_conv_state_kernel,AI_VECTOR_CORE,13,11,12.040,1790773410696869.851	,1790773410696881.891	
0,Slice_ee29dafe4fe21e12bb8d56ae91626cba_high_performance_524000000,AI_VECTOR_CORE,13,12,2.200,1790773410696881.911	,1790773410696884.111	
0,CausalConv1d_b0123b7fae3057c534dbb03661977c42_1,MIX_AIC,13,13,13.800,1790773410696885.251	,1790773410696899.051	
0,ViewCopy_7778b2d0a2938f9247cc0c9f84559eb2_high_performance__kernel0,AI_VECTOR_CORE,13,14,10.480,1790773410696899.871	,1790773410696910.351	
0,_copy_conv_state_kernel,AI_VECTOR_CORE,13,15,9.880,1790773410696910.371	,1790773410696920.252	
0,Slice_ee29dafe4fe21e12bb8d56ae91626cba_high_performance_524000000,AI_VECTOR_CORE,13,16,1.640,1790773410696920.292	,1790773410696921.932	
0,RecurrentKda_1ac9a791ca2957b2fe0a2e96909b5782_0,AI_VECTOR_CORE,13,17,52.721,1790773410696921.952	,1790773410696974.673	
0,_write_output,AI_VECTOR_CORE,13,18,3.100,1790773410696974.693	,1790773410696977.793	
0,layer_norm_gated_fwd_kernel,AI_VECTOR_CORE,13,19,4.240,1790773410696977.813	,1790773410696982.053	
0,MatMulV2_ND_ND_FP16_FP16_false_true_all_98499,AI_CORE,13,20,55.661,1790773410696982.093	,1790773410697037.754	
0,HcPost_d2fe6614722b27afa6f8d964c215447e_0,AI_VECTOR_CORE,13,21,8.120,1790773410697037.774	,1790773410697045.894	
0,HcPre_6c9f0fa710253eff38b1c0e6be6a67be_0,MIX_AIC,13,22,32.480,1790773410697047.314	,1790773410697079.795	
0,RmsNorm_normal_all_bf16_high_performance_0,AI_VECTOR_CORE,13,23,5.260,1790773410697080.855	,1790773410697086.115	
0,MatMulV2_ND_ND_FP16_FP16_false_true_all_98499,AI_CORE,13,24,174.923,1790773410697086.135	,1790773410697261.058	
0,Slice_ee29dafe4fe21e12bb8d56ae91626cba_high_performance_524000000,AI_VECTOR_CORE,13,25,2.120,1790773410697261.078	,1790773410697263.198	
0,ClipByValueV2_e87c9546cf2804355cf0d9445a2db01a_high_performance_220000000,AI_VECTOR_CORE,13,26,9.300,1790773410697263.238	,1790773410697272.539	
0,Slice_ee29dafe4fe21e12bb8d56ae91626cba_high_performance_524000000,AI_VECTOR_CORE,13,27,1.800,1790773410697272.559	,1790773410697274.359	
0,ClipByValueV2_e87c9546cf2804355cf0d9445a2db01a_high_performance_220000000,AI_VECTOR_CORE,13,28,7.660,1790773410697274.399	,1790773410697282.059	
0,Muls_299cf4d7f9ef0f745d89d88c666b45aa_high_performance_210000000,AI_VECTOR_CORE,13,29,7.540,1790773410697282.079	,1790773410697289.619	
0,Sigmoid_1c4543fdfe7149b6b0717bd88f061562_high_precision_210000000,AI_VECTOR_CORE,13,30,8.440,1790773410697289.659	,1790773410697298.099	
0,Mul_ce3d1ff8ba23a0bcb292da3577c1625d_high_performance_210020000,AI_VECTOR_CORE,13,31,9.440,1790773410697298.119	,1790773410697307.559	
0,Add_ce3d1ff8ba23a0bcb292da3577c1625d_high_performance_223000000,AI_VECTOR_CORE,13,32,6.860,1790773410697307.579	,1790773410697314.439	
0,Mul_ce3d1ff8ba23a0bcb292da3577c1625d_high_performance_210020000,AI_VECTOR_CORE,13,33,2.860,1790773410697314.459	,1790773410697317.320	
0,MatMulV2_ND_ND_FP16_FP16_false_true_all_98513,AI_CORE,13,34,103.862,1790773410697317.340	,1790773410697421.202	
0,HcPost_d2fe6614722b27afa6f8d964c215447e_0,AI_VECTOR_CORE,13,35,8.140,1790773410697421.222	,1790773410697429.362	
0,HcPre_6c9f0fa710253eff38b1c0e6be6a67be_0,MIX_AIC,13,36,32.960,1790773410697430.302	,1790773410697463.262	
0,RmsNorm_normal_all_bf16_high_performance_0,AI_VECTOR_CORE,13,37,5.020,1790773410697464.442	,1790773410697469.463	
0,MatMulV2_ND_ND_FP16_FP16_false_true_all_98499,AI_CORE,13,38,163.403,1790773410697469.483	,1790773410697632.886	
0,Slice_ee29dafe4fe21e12bb8d56ae91626cba_high_performance_524000000,AI_VECTOR_CORE,13,39,2.120,1790773410697632.926	,1790773410697635.046	
0,MatMulV2_ND_ND_FP16_FP16_false_true_all_98325,AI_CORE,13,40,8.080,1790773410697635.086	,1790773410697643.166	
0,Slice_ee29dafe4fe21e12bb8d56ae91626cba_high_performance_524000000,AI_VECTOR_CORE,13,41,1.920,1790773410697643.186	,1790773410697645.106	
0,MatMulV2_ND_ND_FP16_FP16_false_true_all_98325,AI_CORE,13,42,7.460,1790773410697645.126	,1790773410697652.586	
0,ZerosLike_1c4543fdfe7149b6b0717bd88f061562_high_performance_210000000,AI_VECTOR_CORE,13,43,7.160,1790773410697652.626	,1790773410697659.786	
0,_copy_conv_state_kernel,AI_VECTOR_CORE,13,44,11.780,1790773410697659.806	,1790773410697671.587	
0,Slice_ee29dafe4fe21e12bb8d56ae91626cba_high_performance_524000000,AI_VECTOR_CORE,13,45,2.040,1790773410697671.607	,1790773410697673.647	
0,CausalConv1d_b0123b7fae3057c534dbb03661977c42_1,MIX_AIC,13,46,13.900,1790773410697674.867	,1790773410697688.767	
0,ViewCopy_7778b2d0a2938f9247cc0c9f84559eb2_high_performance__kernel0,AI_VECTOR_CORE,13,47,8.780,1790773410697689.467	,1790773410697698.247	
0,_copy_conv_state_kernel,AI_VECTOR_CORE,13,48,9.800,1790773410697698.267	,1790773410697708.067	
0,Slice_ee29dafe4fe21e12bb8d56ae91626cba_high_performance_524000000,AI_VECTOR_CORE,13,49,1.880,1790773410697708.087	,1790773410697709.967	
0,RecurrentKda_1ac9a791ca2957b2fe0a2e96909b5782_0,AI_VECTOR_CORE,13,50,52.881,1790773410697709.987	,1790773410697762.868	
0,_write_output,AI_VECTOR_CORE,13,51,3.060,1790773410697762.908	,1790773410697765.969	
0,layer_norm_gated_fwd_kernel,AI_VECTOR_CORE,13,52,4.300,1790773410697766.009	,1790773410697770.309	
0,MatMulV2_ND_ND_FP16_FP16_false_true_all_98499,AI_CORE,13,53,62.621,1790773410697770.329	,1790773410697832.950	
0,HcPost_d2fe6614722b27afa6f8d964c215447e_0,AI_VECTOR_CORE,13,54,8.120,1790773410697832.970	,1790773410697841.090	
0,HcPre_6c9f0fa710253eff38b1c0e6be6a67be_0,MIX_AIC,13,55,31.720,1790773410697841.970	,1790773410697873.691	
0,RmsNorm_normal_all_bf16_high_performance_0,AI_VECTOR_CORE,13,56,5.220,1790773410697874.891	,1790773410697880.111	
0,MatMulV2_ND_ND_FP16_FP16_false_true_all_98499,AI_CORE,13,57,177.323,1790773410697880.151	,1790773410698057.474	
0,Slice_ee29dafe4fe21e12bb8d56ae91626cba_high_performance_524000000,AI_VECTOR_CORE,13,58,2.360,1790773410698057.514	,1790773410698059.874	
0,ClipByValueV2_e87c9546cf2804355cf0d9445a2db01a_high_performance_220000000,AI_VECTOR_CORE,13,59,10.060,1790773410698059.894	,1790773410698069.955	
0,Slice_ee29dafe4fe21e12bb8d56ae91626cba_high_performance_524000000,AI_VECTOR_CORE,13,60,1.860,1790773410698069.975	,1790773410698071.835	
0,ClipByValueV2_e87c9546cf2804355cf0d9445a2db01a_high_performance_220000000,AI_VECTOR_CORE,13,61,8.400,1790773410698071.855	,1790773410698080.255	
0,Muls_299cf4d7f9ef0f745d89d88c666b45aa_high_performance_210000000,AI_VECTOR_CORE,13,62,7.340,1790773410698080.275	,1790773410698087.615	
0,Sigmoid_1c4543fdfe7149b6b0717bd88f061562_high_precision_210000000,AI_VECTOR_CORE,13,63,8.120,1790773410698087.655	,1790773410698095.775	
0,Mul_ce3d1ff8ba23a0bcb292da3577c1625d_high_performance_210020000,AI_VECTOR_CORE,13,64,8.640,1790773410698095.795	,1790773410698104.435	
0,Add_ce3d1ff8ba23a0bcb292da3577c1625d_high_performance_223000000,AI_VECTOR_CORE,13,65,6.920,1790773410698104.475	,1790773410698111.395	
0,Mul_ce3d1ff8ba23a0bcb292da3577c1625d_high_performance_210020000,AI_VECTOR_CORE,13,66,3.240,1790773410698111.415	,1790773410698114.655	
0,MatMulV2_ND_ND_FP16_FP16_false_true_all_98513,AI_CORE,13,67,99.302,1790773410698114.695	,1790773410698213.997	
0,HcPost_d2fe6614722b27afa6f8d964c215447e_0,AI_VECTOR_CORE,13,68,8.520,1790773410698214.017	,1790773410698222.538	
0,HcPre_6c9f0fa710253eff38b1c0e6be6a67be_0,MIX_AIC,13,69,31.180,1790773410698223.778	,1790773410698254.958	
0,RmsNorm_normal_all_bf16_high_performance_0,AI_VECTOR_CORE,13,70,5.080,1790773410698256.118	,1790773410698261.198	
0,MatMulV2_ND_ND_FP16_FP16_false_true_all_98499,AI_CORE,13,71,155.823,1790773410698261.218	,1790773410698417.042	
0,Slice_ee29dafe4fe21e12bb8d56ae91626cba_high_performance_524000000,AI_VECTOR_CORE,13,72,2.160,1790773410698417.062	,1790773410698419.222	
0,MatMulV2_ND_ND_FP16_FP16_false_true_all_98325,AI_CORE,13,73,8.040,1790773410698419.242	,1790773410698427.282	
0,Slice_ee29dafe4fe21e12bb8d56ae91626cba_high_performance_524000000,AI_VECTOR_CORE,13,74,1.940,1790773410698427.322	,1790773410698429.262	
0,MatMulV2_ND_ND_FP16_FP16_false_true_all_98325,AI_CORE,13,75,8.040,1790773410698429.302	,1790773410698437.342	
0,ZerosLike_1c4543fdfe7149b6b0717bd88f061562_high_performance_210000000,AI_VECTOR_CORE,13,76,7.300,1790773410698437.362	,1790773410698444.662	
0,_copy_conv_state_kernel,AI_VECTOR_CORE,13,77,12.520,1790773410698444.702	,1790773410698457.222	
0,Slice_ee29dafe4fe21e12bb8d56ae91626cba_high_performance_524000000,AI_VECTOR_CORE,13,78,2.160,1790773410698457.242	,1790773410698459.402	
0,CausalConv1d_b0123b7fae3057c534dbb03661977c42_1,MIX_AIC,13,79,13.600,1790773410698460.802	,1790773410698474.403	
0,ViewCopy_7778b2d0a2938f9247cc0c9f84559eb2_high_performance__kernel0,AI_VECTOR_CORE,13,80,9.140,1790773410698475.403	,1790773410698484.543	
0,_copy_conv_state_kernel,AI_VECTOR_CORE,13,81,9.600,1790773410698484.583	,1790773410698494.183	
0,Slice_ee29dafe4fe21e12bb8d56ae91626cba_high_performance_524000000,AI_VECTOR_CORE,13,82,1.900,1790773410698494.203	,1790773410698496.103	
0,RecurrentKda_1ac9a791ca2957b2fe0a2e96909b5782_0,AI_VECTOR_CORE,13,83,52.701,1790773410698496.123	,1790773410698548.824	
0,_write_output,AI_VECTOR_CORE,13,84,3.080,1790773410698548.864	,1790773410698551.944	
0,layer_norm_gated_fwd_kernel,AI_VECTOR_CORE,13,85,4.340,1790773410698551.964	,1790773410698556.304	
0,MatMulV2_ND_ND_FP16_FP16_false_true_all_98499,AI_CORE,13,86,59.501,1790773410698556.324	,1790773410698615.825	
0,HcPost_d2fe6614722b27afa6f8d964c215447e_0,AI_VECTOR_CORE,13,87,8.280,1790773410698615.865	,1790773410698624.146	
0,HcPre_6c9f0fa710253eff38b1c0e6be6a67be_0,MIX_AIC,13,88,31.280,1790773410698625.486	,1790773410698656.766	
0,RmsNorm_normal_all_bf16_high_performance_0,AI_VECTOR_CORE,13,89,5.200,1790773410698657.806	,1790773410698663.006	
0,MatMulV2_ND_ND_FP16_FP16_false_true_all_98499,AI_CORE,13,90,175.303,1790773410698663.026	,1790773410698838.330	
0,N/A,EVENT_WAIT,39,28,2310.166,1790773410698833.710	,1790773410701143.876	
0,Slice_ee29dafe4fe21e12bb8d56ae91626cba_high_performance_524000000,AI_VECTOR_CORE,13,91,2.200,1790773410698838.350	,1790773410698840.550	
0,ClipByValueV2_e87c9546cf2804355cf0d9445a2db01a_high_performance_220000000,AI_VECTOR_CORE,13,92,10.520,1790773410698840.570	,1790773410698851.090	
0,Slice_ee29dafe4fe21e12bb8d56ae91626cba_high_performance_524000000,AI_VECTOR_CORE,13,93,1.920,1790773410698851.130	,1790773410698853.050	
0,ClipByValueV2_e87c9546cf2804355cf0d9445a2db01a_high_performance_220000000,AI_VECTOR_CORE,13,94,9.360,1790773410698853.070	,1790773410698862.430	
0,Muls_299cf4d7f9ef0f745d89d88c666b45aa_high_performance_210000000,AI_VECTOR_CORE,13,95,7.500,1790773410698862.450	,1790773410698869.951	
0,Sigmoid_1c4543fdfe7149b6b0717bd88f061562_high_precision_210000000,AI_VECTOR_CORE,13,96,8.520,1790773410698869.971	,1790773410698878.491	
0,Mul_ce3d1ff8ba23a0bcb292da3577c1625d_high_performance_210020000,AI_VECTOR_CORE,13,97,9.380,1790773410698878.511	,1790773410698887.891	
0,Add_ce3d1ff8ba23a0bcb292da3577c1625d_high_performance_223000000,AI_VECTOR_CORE,13,98,7.060,1790773410698887.911	,1790773410698894.971	
0,Mul_ce3d1ff8ba23a0bcb292da3577c1625d_high_performance_210020000,AI_VECTOR_CORE,13,99,2.720,1790773410698894.991	,1790773410698897.711	
0,MatMulV2_ND_ND_FP16_FP16_false_true_all_98513,AI_CORE,13,100,101.322,1790773410698897.731	,1790773410698999.053	
0,HcPost_d2fe6614722b27afa6f8d964c215447e_0,AI_VECTOR_CORE,13,101,8.100,1790773410698999.073	,1790773410699007.173	
0,HcPre_6c9f0fa710253eff38b1c0e6be6a67be_0,MIX_AIC,13,102,30.920,1790773410699008.453	,1790773410699039.374	
0,RmsNorm_normal_all_bf16_high_performance_0,AI_VECTOR_CORE,13,103,5.300,1790773410699040.174	,1790773410699045.474	
0,MatMulV2_ND_ND_FP16_FP16_false_true_all_98513,AI_CORE,13,104,18.780,1790773410699045.514	,1790773410699064.294	
0,Slice_ee29dafe4fe21e12bb8d56ae91626cba_high_performance_524000000,AI_VECTOR_CORE,13,105,1.900,1790773410699064.334	,1790773410699066.234	
0,RmsNorm_normal_all_bf16_high_performance_2,AI_VECTOR_CORE,13,106,6.420,1790773410699066.254	,1790773410699072.675	
0,Slice_ee29dafe4fe21e12bb8d56ae91626cba_high_performance_524000000,AI_VECTOR_CORE,13,107,1.920,1790773410699072.715	,1790773410699074.635	
0,RmsNorm_normal_all_bf16_high_performance_2,AI_VECTOR_CORE,13,108,4.420,1790773410699074.655	,1790773410699079.075	
0,ScatterNdUpdate_bfloat16_int32_high_precision_11,MIX_AIV,13,109,5.980,1790773410699080.035	,1790773410699086.015	
0,MatMulV2_ND_ND_FP16_FP16_false_true_all_98499,AI_CORE,13,110,46.220,1790773410699087.335	,1790773410699133.556	
0,TransposeBatchMatMul_ND_ND_ND_ND_ND_BF16_BF16_BF16_INT64_BF16_high_performance_32,AI_CORE,13,111,23.680,1790773410699133.596	,1790773410699157.276	
0,Cast_b2717900ea7de2d41ea9c63d23aa269b_high_performance_210000000,AI_VECTOR_CORE,13,112,3.980,1790773410699157.296	,1790773410699161.276	
0,MatMulV2_ND_ND_FP32_FP32_false_true_all_65665,AI_CORE,13,113,9.280,1790773410699161.316	,1790773410699170.597	
0,Slice_82e6b4faea71b451f217d7ea57c08012_high_performance_524000000,AI_VECTOR_CORE,13,114,2.100,1790773410699170.637	,1790773410699172.737	
0,LayerNormV3_23ae115d70bd435e4cb966a52be97b55_high_precision_1600400500,AI_VECTOR_CORE,13,115,6.260,1790773410699172.757	,1790773410699179.017	
0,MatMulV2_ND_ND_FP32_FP32_false_true_all_65665,AI_CORE,13,116,9.220,1790773410699179.037	,1790773410699188.257	
0,MatMulV2_ND_ND_FP16_FP16_false_true_all_98499,AI_CORE,13,117,16.840,1790773410699188.277	,1790773410699205.117	
0,Slice_82e6b4faea71b451f217d7ea57c08012_high_performance_524000000,AI_VECTOR_CORE,13,118,1.840,1790773410699205.137	,1790773410699206.977	
0,Cast_9f288b80370c6545ffe8cef142d37f5c_high_performance_210000000,AI_VECTOR_CORE,13,119,1.440,1790773410699206.997	,1790773410699208.437	
0,Muls_299cf4d7f9ef0f745d89d88c666b45aa_high_performance_210000000,AI_VECTOR_CORE,13,120,1.360,1790773410699208.457	,1790773410699209.817	
0,_glm5_next_kpool_tail_compress_kernel,AI_VECTOR_CORE,13,121,2.480,1790773410699209.837	,1790773410699212.317	
0,_store_kpool_tail_kernel,AI_VECTOR_CORE,13,122,4.600,1790773410699212.337	,1790773410699216.937	
0,Cast_b2717900ea7de2d41ea9c63d23aa269b_high_performance_210000000,AI_VECTOR_CORE,13,123,2.640,1790773410699216.977	,1790773410699219.618	
0,Cast_b2717900ea7de2d41ea9c63d23aa269b_high_performance_210000000,AI_VECTOR_CORE,13,124,1.160,1790773410699219.638	,1790773410699220.798	
0,Mul_ee98c6628030785f610b924ab1557b31_high_performance_212000001,AI_VECTOR_CORE,13,125,9.760,1790773410699220.838	,1790773410699230.598	
0,ReduceSum_7a09f5b7af4126487a7f726a9aac7548_high_performance_10002100900,MIX_AIV,13,126,12.440,1790773410699231.998	,1790773410699244.438	
0,N/A,EVENT_WAIT,45,273,1910.658,1790773410699233.238	,1790773410701143.896	
0,_glm5_next_lightning_indexer_score_kernel,AI_VECTOR_CORE,13,127,10.740,1790773410699245.398	,1790773410699256.138	
0,TopKV2_5c671486fda0d949d7cba9a9754bc2dd_high_performance_2017612701781458944,MIX_AIV,13,128,9.980,1790773410699257.378	,1790773410699267.358	
0,Cast_e87590d11ccda8b259ab6b1ea7212319_high_performance_210000000,AI_VECTOR_CORE,13,129,1.980,1790773410699268.339	,1790773410699270.319	
0,Cast_39a266ce9a8d7d9ead33f6686e936b72_high_performance_210000000,AI_VECTOR_CORE,13,130,2.080,1790773410699270.359	,1790773410699272.439	
0,_expand_pool_indices,AI_VECTOR_CORE,13,131,13.220,1790773410699272.459	,1790773410699285.679	
0,Slice_b9b91ad79a469f7fcff72949705be0f9_high_performance_521000000,AI_VECTOR_CORE,13,132,1.960,1790773410699285.699	,1790773410699287.659	
0,SparseFlashAttention_2e25ad8fefac1f04c03bd78f2d2ab366_1158,MIX_AIC,13,133,29.660,1790773410699288.619	,1790773410699318.280	
0,TransposeBatchMatMul_ND_ND_ND_ND_ND_BF16_BF16_BF16_INT64_BF16_high_performance_32,AI_CORE,13,134,21.600,1790773410699319.100	,1790773410699340.700	
0,MatMulV2_ND_ND_FP16_FP16_false_true_all_98513,AI_CORE,13,135,135.142,1790773410699340.720	,1790773410699475.863	
0,N/A,MEMCPY_ASYNC,13,136,0.600,1790773410699475.883	,1790773410699476.483	
0,HcPost_d2fe6614722b27afa6f8d964c215447e_0,AI_VECTOR_CORE,13,137,8.200,1790773410699476.503	,1790773410699484.703	
0,HcPre_6c9f0fa710253eff38b1c0e6be6a67be_0,MIX_AIC,13,138,29.860,1790773410699485.763	,1790773410699515.623	
0,RmsNorm_normal_all_bf16_high_performance_0,AI_VECTOR_CORE,13,139,4.920,1790773410699516.843	,1790773410699521.764	
0,N/A,EVENT_RECORD,13,140,0.020,1790773410699521.784	,1790773410699521.804	
0,Cast_b2717900ea7de2d41ea9c63d23aa269b_high_performance_210000000,AI_VECTOR_CORE,13,141,3.400,1790773410699521.824	,1790773410699525.224	
0,MatMulV2_ND_ND_FP32_FP32_false_true_all_65665,AI_CORE,13,142,5.840,1790773410699525.244	,1790773410699531.084	
0,N/A,EVENT_RECORD,13,143,0.020,1790773410699531.104	,1790773410699531.124	
0,MoeGatingTopK_81369a2fa0455f39b5d19d432d261f57_1,AI_VECTOR_CORE,13,144,5.520,1790773410699531.144	,1790773410699536.664	
0,N/A,EVENT_RECORD,13,145,0.020,1790773410699536.684	,1790773410699536.704	
0,MoeInitRoutingV3_4ca8d2d329b4477b44dd2ee885849b12_2100000,MIX_AIV,13,146,14.120,1790773410699537.724	,1790773410699551.844	
0,GroupedMatmul_0d2d43751f81d7f29646a862147967c9_68885275,MIX_AIC,13,147,217.564,1790773410699554.784	,1790773410699772.349	
0,Slice_ee29dafe4fe21e12bb8d56ae91626cba_high_performance_524000000,AI_VECTOR_CORE,13,148,2.940,1790773410699773.289	,1790773410699776.229	
0,ClipByValueV2_e87c9546cf2804355cf0d9445a2db01a_high_performance_220000000,AI_VECTOR_CORE,13,149,10.920,1790773410699776.249	,1790773410699787.169	
0,ViewCopy_7778b2d0a2938f9247cc0c9f84559eb2_high_performance__kernel0,AI_VECTOR_CORE,13,150,12.220,1790773410699787.189	,1790773410699799.409	
0,Slice_ee29dafe4fe21e12bb8d56ae91626cba_high_performance_524000000,AI_VECTOR_CORE,13,151,2.460,1790773410699799.449	,1790773410699801.909	
0,ClipByValueV2_e87c9546cf2804355cf0d9445a2db01a_high_performance_220000000,AI_VECTOR_CORE,13,152,7.480,1790773410699801.949	,1790773410699809.429	
0,ViewCopy_7778b2d0a2938f9247cc0c9f84559eb2_high_performance__kernel0,AI_VECTOR_CORE,13,153,10.920,1790773410699809.469	,1790773410699820.390	
0,SwiGlu_3_high_performance_27,AI_VECTOR_CORE,13,154,6.960,1790773410699820.410	,1790773410699827.370	
0,N/A,EVENT_RECORD,13,155,0.020,1790773410699827.390	,1790773410699827.410	
0,GroupedMatmul_0d2d43751f81d7f29646a862147967c9_68885275,MIX_AIC,13,156,97.401,1790773410699828.650	,1790773410699926.052	
0,N/A,EVENT_RECORD,13,157,0.000,1790773410699926.892	,1790773410699926.892	
0,Cast_9f288b80370c6545ffe8cef142d37f5c_high_performance_210000000,AI_VECTOR_CORE,13,158,1.280,1790773410699926.932	,1790773410699928.212	
0,Abs_8098b79498645e9c0da095babdeaf862_high_performance_210000000,AI_VECTOR_CORE,13,159,1.520,1790773410699928.232	,1790773410699929.752	
0,MoeTokenUnpermute_6dd49246dc9576d3314234df69cb5c22_1,AI_VECTOR_CORE,13,160,4.600,1790773410699929.772	,1790773410699934.372	
0,MatMulV2_ND_ND_FP16_FP16_false_true_all_98499,AI_CORE,13,161,30.500,1790773410699934.392	,1790773410699964.892	
0,Slice_ee29dafe4fe21e12bb8d56ae91626cba_high_performance_524000000,AI_VECTOR_CORE,13,162,1.820,1790773410699964.912	,1790773410699966.732	
0,ClipByValueV2_e87c9546cf2804355cf0d9445a2db01a_high_performance_220000000,AI_VECTOR_CORE,13,163,2.380,1790773410699966.752	,1790773410699969.133	
0,Slice_ee29dafe4fe21e12bb8d56ae91626cba_high_performance_524000000,AI_VECTOR_CORE,13,164,1.400,1790773410699969.153	,1790773410699970.553	
0,ClipByValueV2_e87c9546cf2804355cf0d9445a2db01a_high_performance_220000000,AI_VECTOR_CORE,13,165,2.620,1790773410699970.573	,1790773410699973.193	
0,Muls_299cf4d7f9ef0f745d89d88c666b45aa_high_performance_210000000,AI_VECTOR_CORE,13,166,2.040,1790773410699973.213	,1790773410699975.253	
0,Sigmoid_1c4543fdfe7149b6b0717bd88f061562_high_precision_210000000,AI_VECTOR_CORE,13,167,2.960,1790773410699975.273	,1790773410699978.233	
0,Mul_ce3d1ff8ba23a0bcb292da3577c1625d_high_performance_210020000,AI_VECTOR_CORE,13,168,2.600,1790773410699978.253	,1790773410699980.853	
0,Add_ce3d1ff8ba23a0bcb292da3577c1625d_high_performance_223000000,AI_VECTOR_CORE,13,169,2.500,1790773410699980.873	,1790773410699983.373	
0,Mul_ce3d1ff8ba23a0bcb292da3577c1625d_high_performance_210020000,AI_VECTOR_CORE,13,170,2.660,1790773410699983.413	,1790773410699986.073	
0,MatMulV2_ND_ND_FP16_FP16_false_true_all_98499,AI_CORE,13,171,18.480,1790773410699986.093	,1790773410700004.573	
0,ForeachAddList_c73cb8f503197be65eaf63148ad48de4_high_performance_4,AI_VECTOR_CORE,13,172,14.400,1790773410700004.593	,1790773410700018.994	
0,HcPost_d2fe6614722b27afa6f8d964c215447e_0,AI_VECTOR_CORE,13,173,6.720,1790773410700019.014	,1790773410700025.734	
0,ReduceMean_9a2479d4dc5148645cb3f4b9e765c637_high_precision_2100900,MIX_AIV,13,174,10.820,1790773410700026.714	,1790773410700037.534	
0,RmsNorm_normal_all_bf16_high_performance_0,AI_VECTOR_CORE,13,175,3.800,1790773410700038.434	,1790773410700042.234	
0,N/A,EVENT_RESET,13,176,0.100,1790773410700042.254	,1790773410700042.354	
0,N/A,EVENT_RESET,13,177,0.100,1790773410700042.374	,1790773410700042.474	
0,N/A,EVENT_RESET,13,178,0.100,1790773410700042.494	,1790773410700042.594	
0,N/A,EVENT_RESET,13,179,0.100,1790773410700042.614	,1790773410700042.714	
0,N/A,EVENT_RESET,13,180,0.100,1790773410700042.734	,1790773410700042.834	
0,N/A,NOTIFY_RECORD,13,181,0.000,1790773410700042.854	,1790773410700042.854	
0,IndexCheck_int32_high_performance_1,AI_VECTOR_CORE,47,4781,3.300,1790773410700043.394	,1790773410700046.694	
0,Index_b1b18d29d34a3b544b5bb6b3f56177c3_high_performance__kernel0,AI_VECTOR_CORE,47,4782,8.720,1790773410700046.734	,1790773410700055.454	
0,MatMulV2_ND_ND_FP16_FP16_false_true_all_98499,AI_CORE,47,4783,907.098,1790773410700055.474	,1790773410700962.572	
0,Cast_b2717900ea7de2d41ea9c63d23aa269b_high_performance_210000000,AI_VECTOR_CORE,47,4784,7.820,1790773410700962.592	,1790773410700970.413	
0,LogSoftmaxV2_291664ae3e88b38b8b46c2efbbea27c9_high_precision_400001,AI_VECTOR_CORE,47,4785,44.620,1790773410700970.433	,1790773410701015.053	
0,Cast_b2717900ea7de2d41ea9c63d23aa269b_high_performance_210000000,AI_VECTOR_CORE,47,4786,2.820,1790773410701015.073	,1790773410701017.893	
0,ArgMaxV2_4402011f777d6374ab9f6425cb5984c4_high_performance_3,AI_VECTOR_CORE,47,4787,20.000,1790773410701017.933	,1790773410701037.934	
0,Cast_e87590d11ccda8b259ab6b1ea7212319_high_performance_210000000,AI_VECTOR_CORE,47,4788,1.360,1790773410701037.954	,1790773410701039.314	
0,TopKV2_5c671486fda0d949d7cba9a9754bc2dd_high_performance_2017612907943034881,MIX_AIV,47,4789,31.580,1790773410701040.194	,1790773410701071.775	
0,TopKV2_5c671486fda0d949d7cba9a9754bc2dd_high_performance_2017612701781458944,MIX_AIV,47,4790,4.300,1790773410701074.335	,1790773410701078.635	
0,GatherElements_8b4ec10fbb39c5c0a65192c606400b29_high_performance__kernel0,AI_VECTOR_CORE,47,4791,3.980,1790773410701079.775	,1790773410701083.755	
0,Cast_e87590d11ccda8b259ab6b1ea7212319_high_performance_210000000,AI_VECTOR_CORE,47,4792,1.180,1790773410701083.775	,1790773410701084.955	
0,Cast_39a266ce9a8d7d9ead33f6686e936b72_high_performance_210000000,AI_VECTOR_CORE,47,4793,1.420,1790773410701084.995	,1790773410701086.415	
0,GatherElementsV2_fp32_high_performance_2,AI_VECTOR_CORE,47,4794,4.100,1790773410701086.435	,1790773410701090.535	
0,GreaterEqual_3efaad932f458d7892fdb0715ec85b2b_high_performance_212000002,AI_VECTOR_CORE,47,4795,11.520,1790773410701090.555	,1790773410701102.075	
0,Cast_df2b778f1b80e749bd4242386ec57ab9_high_performance_210000000,AI_VECTOR_CORE,47,4796,7.960,1790773410701102.095	,1790773410701110.055	
0,ReduceSum_7a09f5b7af4126487a7f726a9aac7548_high_performance_110001000400,MIX_AIV,47,4797,21.160,1790773410701111.335	,1790773410701132.496	
0,Cast_c6738f795430c3c6f09cdc8d52a1b43d_high_performance_210000000,AI_VECTOR_CORE,47,4798,1.360,1790773410701133.316	,1790773410701134.676	
0,ConcatD_0d745295987e1c668b2ec8b2844aeada_high_performance_0,AI_VECTOR_CORE,47,4799,3.300,1790773410701134.696	,1790773410701137.996	
0,ConcatD_233851a3505389e43928a8bba133a74d_high_performance_0,AI_VECTOR_CORE,47,4800,2.480,1790773410701138.036	,1790773410701140.516	
0,Cast_39a266ce9a8d7d9ead33f6686e936b72_high_performance_210000000,AI_VECTOR_CORE,47,4801,1.480,1790773410701140.556	,1790773410701142.036	
0,Cast_39a266ce9a8d7d9ead33f6686e936b72_high_performance_210000000,AI_VECTOR_CORE,47,4802,1.320,1790773410701142.056	,1790773410701143.376	
0,N/A,EVENT_RECORD,47,4803,0.020,1790773410701143.396	,1790773410701143.416	
0,N/A,EVENT_RECORD,47,4804,0.020,1790773410701143.436	,1790773410701143.456	
0,N/A,MEMCPY_ASYNC,45,274,2.020,1790773410701143.916	,1790773410701145.936	
0,N/A,MEMCPY_ASYNC,45,275,1.860,1790773410701146.096	,1790773410701147.956	
0,N/A,MEMCPY_ASYNC,45,276,2.060,1790773410701148.116	,1790773410701150.176	
0,N/A,MEMCPY_ASYNC,45,277,2.240,1790773410701150.336	,1790773410701152.576	
0,N/A,EVENT_RECORD,45,278,0.020,1790773410701152.736	,1790773410701152.756	
0,N/A,EVENT_RECORD,45,279,0.000,1790773410701152.776	,1790773410701152.776	
0,N/A,EVENT_RECORD,45,280,0.000,1790773410701152.816	,1790773410701152.816	
0,N/A,EVENT_RECORD,45,281,0.020,1790773410701152.836	,1790773410701152.856	
0,N/A,EVENT_RECORD,45,282,0.000,1790773410701152.876	,1790773410701152.876	
0,N/A,MEMCPY_ASYNC,47,4805,2.300,1790773410701614.305	,1790773410701616.605	
0,N/A,MEMCPY_ASYNC,47,4806,2.260,1790773410701705.747	,1790773410701708.007	
0,N/A,MEMCPY_ASYNC,47,4807,2.240,1790773410701780.849	,1790773410701783.089	
0,N/A,MEMCPY_ASYNC,47,4808,2.400,1790773410701863.430	,1790773410701865.830	
0,N/A,MEMCPY_ASYNC,47,4809,2.240,1790773410701927.012	,1790773410701929.252	
0,N/A,MEMCPY_ASYNC,47,4810,2.260,1790773410702244.938	,1790773410702247.198	
0,N/A,MEMCPY_ASYNC,47,4811,2.260,1790773410702429.642	,1790773410702431.902	
0,N/A,MEMCPY_ASYNC,47,4812,2.240,1790773410702482.303	,1790773410702484.543	
0,Fill_1fbc7ee619b707282bbfd034093621df_high_performance_223000000,AI_VECTOR_CORE,47,4813,1.600,1790773410702648.566	,1790773410702650.166	
0,N/A,MEMCPY_ASYNC,47,4814,0.560,1790773410702868.950	,1790773410702869.510	
0,N/A,MEMCPY_ASYNC,47,4815,2.240,1790773410703124.096	,1790773410703126.336	
0,Fill_1fbc7ee619b707282bbfd034093621df_high_performance_223000000,AI_VECTOR_CORE,47,4816,1.440,1790773410703165.796	,1790773410703167.236	
0,N/A,MEMCPY_ASYNC,47,4817,2.220,1790773410703217.957	,1790773410703220.177	
0,N/A,MEMCPY_ASYNC,47,4818,2.240,1790773410703321.980	,1790773410703324.220	
0,N/A,MEMCPY_ASYNC,47,4819,2.360,1790773410703396.621	,1790773410703398.981	
0,N/A,MEMCPY_ASYNC,47,4820,2.400,1790773410703475.623	,1790773410703478.023	
0,IndexCheck_int64_high_performance_0,AI_VECTOR_CORE,47,4821,3.380,1790773410703599.805	,1790773410703603.185	
0,Index_f34e8f0e5e2c96109aa0460550023804_high_performance__kernel0,AI_VECTOR_CORE,47,4822,7.640,1790773410703603.205	,1790773410703610.845	
0,Cast_e87590d11ccda8b259ab6b1ea7212319_high_performance_210000000,AI_VECTOR_CORE,47,4823,1.220,1790773410703692.027	,1790773410703693.247	
0,Add_41dadce325b0f810d03359af2a38990b_high_performance_210000000,AI_VECTOR_CORE,47,4824,2.460,1790773410703760.268	,1790773410703762.728	
0,N/A,MEMCPY_ASYNC,47,4825,0.580,1790773410703916.491	,1790773410703917.071	
0,Add_9342884c99c006e21fc9d5d9260b8bef_high_performance_210000000,AI_VECTOR_CORE,47,4826,1.540,1790773410703956.132	,1790773410703957.672	
0,N/A,MEMCPY_ASYNC,47,4827,0.620,1790773410703986.873	,1790773410703987.493	
0,Fill_1fbc7ee619b707282bbfd034093621df_high_performance_210000000,AI_VECTOR_CORE,47,4828,1.580,1790773410704042.354	,1790773410704043.934	
0,_compute_slot_mapping_fused_groups_adaptive_kernel,AI_VECTOR_CORE,47,4829,5.080,1790773410704403.381	,1790773410704408.461	
0,Sub_9342884c99c006e21fc9d5d9260b8bef_high_performance_223000000,AI_VECTOR_CORE,47,4830,1.560,1790773410704651.426	,1790773410704652.986	
0,N/A,MEMCPY_ASYNC,47,4831,2.280,1790773410704938.252	,1790773410704940.532	
0,Fill_1fbc7ee619b707282bbfd034093621df_high_performance_210000000,AI_VECTOR_CORE,47,4832,1.340,1790773410705132.396	,1790773410705133.736	
0,Fill_1fbc7ee619b707282bbfd034093621df_high_performance_223000000,AI_VECTOR_CORE,47,4833,1.640,1790773410705153.096	,1790773410705154.736	
0,Cast_e87590d11ccda8b259ab6b1ea7212319_high_performance_210000000,AI_VECTOR_CORE,47,4834,1.240,1790773410705596.965	,1790773410705598.205	
0,FloorDiv_41dadce325b0f810d03359af2a38990b_high_performance_223000000,AI_VECTOR_CORE,47,4835,6.320,1790773410705598.365	,1790773410705604.685	
0,Cast_39a266ce9a8d7d9ead33f6686e936b72_high_performance_210000000,AI_VECTOR_CORE,47,4836,1.500,1790773410705604.705	,1790773410705606.205	
0,N/A,MEMCPY_ASYNC,47,4837,0.580,1790773410705776.809	,1790773410705777.389	
0,Cast_e87590d11ccda8b259ab6b1ea7212319_high_performance_210000000,AI_VECTOR_CORE,47,4838,1.060,1790773410705834.010	,1790773410705835.070	
0,GreaterEqual_1ea4da630f56dc1c2d6e7c9a9dd17b11_high_performance_223000000,AI_VECTOR_CORE,47,4839,2.960,1790773410705846.950	,1790773410705849.910	
0,Add_41dadce325b0f810d03359af2a38990b_high_performance_223000000,AI_VECTOR_CORE,47,4840,2.760,1790773410705902.711	,1790773410705905.471	
0,BroadcastTo_41dadce325b0f810d03359af2a38990b_high_performance_232000000,AI_VECTOR_CORE,47,4841,1.740,1790773410705946.472	,1790773410705948.212	
0,FloorMod_41dadce325b0f810d03359af2a38990b_high_precision_210000000,AI_VECTOR_CORE,47,4842,1.660,1790773410705958.032	,1790773410705959.692	
0,Equal_1ea4da630f56dc1c2d6e7c9a9dd17b11_high_performance_223000000,AI_VECTOR_CORE,47,4843,2.300,1790773410706008.613	,1790773410706010.913	
0,LogicalAnd_91d2a3cdd75d915a368582ec5f440af1_high_performance_210000000,AI_VECTOR_CORE,47,4844,1.700,1790773410706048.154	,1790773410706049.854	
0,ClipByValueV2_3bc53d14ff7dfecd0ed0c69136ab471a_high_performance_220000000,AI_VECTOR_CORE,47,4845,2.980,1790773410706088.575	,1790773410706091.555	
0,Cast_e87590d11ccda8b259ab6b1ea7212319_high_performance_210000000,AI_VECTOR_CORE,47,4846,1.200,1790773410706141.556	,1790773410706142.756	
0,FloorDiv_41dadce325b0f810d03359af2a38990b_high_performance_223000000,AI_VECTOR_CORE,47,4847,1.760,1790773410706152.776	,1790773410706154.536	
0,Cast_39a266ce9a8d7d9ead33f6686e936b72_high_performance_210000000,AI_VECTOR_CORE,47,4848,1.320,1790773410706155.096	,1790773410706156.416	
0,BroadcastTo_c71434db8135ff9089d65053721e3417_high_performance_232000000,AI_VECTOR_CORE,47,4849,1.400,1790773410706240.038	,1790773410706241.438	
0,FloorMod_9342884c99c006e21fc9d5d9260b8bef_high_precision_210000000,AI_VECTOR_CORE,47,4850,3.460,1790773410706241.458	,1790773410706244.918	
0,Mul_9342884c99c006e21fc9d5d9260b8bef_high_performance_223000000,AI_VECTOR_CORE,47,4851,1.540,1790773410706315.339	,1790773410706316.879	
0,Cast_e87590d11ccda8b259ab6b1ea7212319_high_performance_210000000,AI_VECTOR_CORE,47,4852,1.200,1790773410706384.481	,1790773410706385.681	
0,FloorDiv_41dadce325b0f810d03359af2a38990b_high_performance_223000000,AI_VECTOR_CORE,47,4853,1.760,1790773410706385.761	,1790773410706387.521	
0,Cast_39a266ce9a8d7d9ead33f6686e936b72_high_performance_210000000,AI_VECTOR_CORE,47,4854,1.040,1790773410706398.681	,1790773410706399.721	
0,Add_9342884c99c006e21fc9d5d9260b8bef_high_performance_210000000,AI_VECTOR_CORE,47,4855,1.260,1790773410706429.022	,1790773410706430.282	
0,Fill_1fbc7ee619b707282bbfd034093621df_high_performance_223000000,AI_VECTOR_CORE,47,4856,1.180,1790773410706516.103	,1790773410706517.283	
0,SelectV2_9bb0969ab50036eba4428cd9974a5c0b_high_performance_210000000,AI_VECTOR_CORE,47,4857,2.120,1790773410706556.684	,1790773410706558.804	
0,Cast_e87590d11ccda8b259ab6b1ea7212319_high_performance_210000000,AI_VECTOR_CORE,47,4858,1.220,1790773410706620.485	,1790773410706621.705	
0,Cast_e87590d11ccda8b259ab6b1ea7212319_high_performance_210000000,AI_VECTOR_CORE,47,4859,1.220,1790773410706717.667	,1790773410706718.887	
0,FloorDiv_41dadce325b0f810d03359af2a38990b_high_performance_223000000,AI_VECTOR_CORE,47,4860,1.800,1790773410706719.067	,1790773410706720.867	
0,Cast_39a266ce9a8d7d9ead33f6686e936b72_high_performance_210000000,AI_VECTOR_CORE,47,4861,1.180,1790773410706732.108	,1790773410706733.288	
0,N/A,MEMCPY_ASYNC,47,4862,0.600,1790773410706903.211	,1790773410706903.811	
0,N/A,MEMCPY_ASYNC,47,4863,0.620,1790773410706993.413	,1790773410706994.033	
0,Fill_1fbc7ee619b707282bbfd034093621df_high_performance_210000000,AI_VECTOR_CORE,47,4864,1.460,1790773410707261.358	,1790773410707262.818	
0,Fill_1fbc7ee619b707282bbfd034093621df_high_performance_210000000,AI_VECTOR_CORE,47,4865,1.200,1790773410707296.399	,1790773410707297.599	
0,Fill_1fbc7ee619b707282bbfd034093621df_high_performance_210000000,AI_VECTOR_CORE,47,4866,1.360,1790773410707490.043	,1790773410707491.403	
0,Fill_1fbc7ee619b707282bbfd034093621df_high_performance_210000000,AI_VECTOR_CORE,47,4867,1.240,1790773410707533.704	,1790773410707534.944	
0,N/A,MEMCPY_ASYNC,47,4868,0.560,1790773410708110.455	,1790773410708111.015	
0,Fill_1fbc7ee619b707282bbfd034093621df_high_performance_210000000,AI_VECTOR_CORE,47,4869,1.160,1790773410708162.776	,1790773410708163.936	
0,N/A,MEMCPY_ASYNC,47,4870,0.700,1790773410708283.279	,1790773410708283.979	
0,N/A,MEMCPY_ASYNC,47,4871,0.560,1790773410708397.101	,1790773410708397.661	
0,N/A,MEMCPY_ASYNC,47,4872,0.660,1790773410708561.164	,1790773410708561.824	
0,Sub_9342884c99c006e21fc9d5d9260b8bef_high_performance_210000000,AI_VECTOR_CORE,47,4873,1.460,1790773410708640.986	,1790773410708642.446	
0,Fill_1fbc7ee619b707282bbfd034093621df_high_performance_210000000,AI_VECTOR_CORE,47,4874,1.260,1790773410708811.109	,1790773410708812.369	
0,Fill_1fbc7ee619b707282bbfd034093621df_high_performance_210000000,AI_VECTOR_CORE,47,4875,1.280,1790773410708850.450	,1790773410708851.730	
0,N/A,MEMCPY_ASYNC,47,4876,0.560,1790773410709374.600	,1790773410709375.160	
0,Fill_1fbc7ee619b707282bbfd034093621df_high_performance_210000000,AI_VECTOR_CORE,47,4877,1.240,1790773410709428.182	,1790773410709429.422	
0,N/A,MEMCPY_ASYNC,47,4878,0.600,1790773410709544.644	,1790773410709545.244	
0,N/A,MEMCPY_ASYNC,47,4879,0.600,1790773410709656.186	,1790773410709656.786	
0,N/A,MEMCPY_ASYNC,47,4880,0.640,1790773410709786.329	,1790773410709786.969	
0,Sub_9342884c99c006e21fc9d5d9260b8bef_high_performance_210000000,AI_VECTOR_CORE,47,4881,1.320,1790773410709862.130	,1790773410709863.450	
0,Fill_1fbc7ee619b707282bbfd034093621df_high_performance_210000000,AI_VECTOR_CORE,47,4882,1.260,1790773410710036.634	,1790773410710037.894	
0,Fill_1fbc7ee619b707282bbfd034093621df_high_performance_210000000,AI_VECTOR_CORE,47,4883,1.140,1790773410710124.035	,1790773410710125.175	
0,N/A,MEMCPY_ASYNC,47,4884,0.560,1790773410710777.368	,1790773410710777.928	
0,Fill_1fbc7ee619b707282bbfd034093621df_high_performance_210000000,AI_VECTOR_CORE,47,4885,1.260,1790773410710845.050	,1790773410710846.310	
0,N/A,MEMCPY_ASYNC,47,4886,0.640,1790773410710959.712	,1790773410710960.352	
0,N/A,MEMCPY_ASYNC,47,4887,0.600,1790773410711081.315	,1790773410711081.915	
0,N/A,MEMCPY_ASYNC,47,4888,0.600,1790773410711216.737	,1790773410711217.337	
0,Sub_9342884c99c006e21fc9d5d9260b8bef_high_performance_210000000,AI_VECTOR_CORE,47,4889,1.340,1790773410711275.658	,1790773410711276.998	
0,N/A,EVENT_RECORD,47,4890,0.000,1790773410711559.284	,1790773410711559.284	
0,ZerosLike_1d2fd313763487259859439d7e9b41cf_high_performance_210000000,AI_VECTOR_CORE,47,4891,2.020,1790773410711705.367	,1790773410711707.387	
0,Fill_279daeaf6b659300647aba3935d90048_high_performance_210000000,AI_VECTOR_CORE,47,4892,1.560,1790773410711980.273	,1790773410711981.833	
0,Cast_a9b7af94359fc7c19da07ad0790f065c_high_performance_210000000,AI_VECTOR_CORE,47,4893,1.200,1790773410712022.713	,1790773410712023.913	
0,BroadcastTo_c71434db8135ff9089d65053721e3417_high_performance_232000000,AI_VECTOR_CORE,47,4894,1.340,1790773410712029.333	,1790773410712030.674	
0,Cast_9fc020fd54590bb5fe6cf6eabcf7b473_high_performance_210000000,AI_VECTOR_CORE,47,4895,1.300,1790773410712034.034	,1790773410712035.334	
0,Fill_279daeaf6b659300647aba3935d90048_high_performance_210000000,AI_VECTOR_CORE,47,4896,1.300,1790773410712076.034	,1790773410712077.334	
0,N/A,MEMCPY_ASYNC,47,4897,0.560,1790773410712173.916	,1790773410712174.476	
0,N/A,MODEL_EXECUTE,47,4898,3.020,1790773410712406.261	,1790773410712409.281	
0,Cast_e87590d11ccda8b259ab6b1ea7212319_high_performance_210000000,AI_VECTOR_CORE,13,0,1.260,1790773410712409.201	,1790773410712410.461	
0,GatherV2_7869a97190b9b4d296d9414a005b954b_high_precision_900015010,AI_VECTOR_CORE,13,1,2.760,1790773410712410.481	,1790773410712413.241	
0,BroadcastTo_7e5992d3033ef32a3463c5d198e518a1_high_performance_212100003,AI_VECTOR_CORE,13,2,6.840,1790773410712413.261	,1790773410712420.101	
0,N/A,NOTIFY_WAIT,47,4899,3417.908,1790773410712421.241	,1790773410715839.150	
0,HcPre_6c9f0fa710253eff38b1c0e6be6a67be_0,MIX_AIC,13,3,33.080,1790773410712421.401	,1790773410712454.482	
0,RmsNorm_normal_all_bf16_high_performance_0,AI_VECTOR_CORE,13,4,5.040,1790773410712455.562	,1790773410712460.602	
0,MatMulV2_ND_ND_FP16_FP16_false_true_all_98499,AI_CORE,13,5,164.743,1790773410712460.642	,1790773410712625.385	
0,Slice_ee29dafe4fe21e12bb8d56ae91626cba_high_performance_524000000,AI_VECTOR_CORE,13,6,2.160,1790773410712625.425	,1790773410712627.585	
0,MatMulV2_ND_ND_FP16_FP16_false_true_all_98325,AI_CORE,13,7,10.200,1790773410712627.605	,1790773410712637.806	
0,Slice_ee29dafe4fe21e12bb8d56ae91626cba_high_performance_524000000,AI_VECTOR_CORE,13,8,1.820,1790773410712637.826	,1790773410712639.646	
0,MatMulV2_ND_ND_FP16_FP16_false_true_all_98325,AI_CORE,13,9,7.980,1790773410712639.666	,1790773410712647.646	
0,ZerosLike_1c4543fdfe7149b6b0717bd88f061562_high_performance_210000000,AI_VECTOR_CORE,13,10,7.300,1790773410712647.666	,1790773410712654.966	
0,_copy_conv_state_kernel,AI_VECTOR_CORE,13,11,12.360,1790773410712654.986	,1790773410712667.346	
0,Slice_ee29dafe4fe21e12bb8d56ae91626cba_high_performance_524000000,AI_VECTOR_CORE,13,12,2.260,1790773410712667.386	,1790773410712669.646	
0,CausalConv1d_b0123b7fae3057c534dbb03661977c42_1,MIX_AIC,13,13,13.500,1790773410712670.526	,1790773410712684.027	
0,ViewCopy_7778b2d0a2938f9247cc0c9f84559eb2_high_performance__kernel0,AI_VECTOR_CORE,13,14,10.400,1790773410712685.167	,1790773410712695.567	
0,_copy_conv_state_kernel,AI_VECTOR_CORE,13,15,9.880,1790773410712695.607	,1790773410712705.487	
0,Slice_ee29dafe4fe21e12bb8d56ae91626cba_high_performance_524000000,AI_VECTOR_CORE,13,16,1.740,1790773410712705.507	,1790773410712707.247	
0,RecurrentKda_1ac9a791ca2957b2fe0a2e96909b5782_0,AI_VECTOR_CORE,13,17,52.341,1790773410712707.267	,1790773410712759.608	
0,_write_output,AI_VECTOR_CORE,13,18,3.080,1790773410712759.628	,1790773410712762.708	
0,layer_norm_gated_fwd_kernel,AI_VECTOR_CORE,13,19,4.480,1790773410712762.728	,1790773410712767.208	
0,MatMulV2_ND_ND_FP16_FP16_false_true_all_98499,AI_CORE,13,20,53.621,1790773410712767.228	,1790773410712820.849	
0,HcPost_d2fe6614722b27afa6f8d964c215447e_0,AI_VECTOR_CORE,13,21,7.940,1790773410712820.889	,1790773410712828.829	
0,HcPre_6c9f0fa710253eff38b1c0e6be6a67be_0,MIX_AIC,13,22,33.560,1790773410712829.849	,1790773410712863.410	
0,RmsNorm_normal_all_bf16_high_performance_0,AI_VECTOR_CORE,13,23,5.360,1790773410712864.610	,1790773410712869.970	
0,MatMulV2_ND_ND_FP16_FP16_false_true_all_98499,AI_CORE,13,24,174.123,1790773410712869.990	,1790773410713044.114	
0,Slice_ee29dafe4fe21e12bb8d56ae91626cba_high_performance_524000000,AI_VECTOR_CORE,13,25,2.160,1790773410713044.134	,1790773410713046.294	
0,ClipByValueV2_e87c9546cf2804355cf0d9445a2db01a_high_performance_220000000,AI_VECTOR_CORE,13,26,9.240,1790773410713046.314	,1790773410713055.554	
0,Slice_ee29dafe4fe21e12bb8d56ae91626cba_high_performance_524000000,AI_VECTOR_CORE,13,27,1.780,1790773410713055.574	,1790773410713057.354	
0,ClipByValueV2_e87c9546cf2804355cf0d9445a2db01a_high_performance_220000000,AI_VECTOR_CORE,13,28,7.640,1790773410713057.394	,1790773410713065.034	
0,Muls_299cf4d7f9ef0f745d89d88c666b45aa_high_performance_210000000,AI_VECTOR_CORE,13,29,7.360,1790773410713065.054	,1790773410713072.414	
0,Sigmoid_1c4543fdfe7149b6b0717bd88f061562_high_precision_210000000,AI_VECTOR_CORE,13,30,8.440,1790773410713072.434	,1790773410713080.874	
0,Mul_ce3d1ff8ba23a0bcb292da3577c1625d_high_performance_210020000,AI_VECTOR_CORE,13,31,9.600,1790773410713080.914	,1790773410713090.515	
0,Add_ce3d1ff8ba23a0bcb292da3577c1625d_high_performance_223000000,AI_VECTOR_CORE,13,32,6.840,1790773410713090.535	,1790773410713097.375	
0,Mul_ce3d1ff8ba23a0bcb292da3577c1625d_high_performance_210020000,AI_VECTOR_CORE,13,33,2.820,1790773410713097.395	,1790773410713100.215	
0,MatMulV2_ND_ND_FP16_FP16_false_true_all_98513,AI_CORE,13,34,104.662,1790773410713100.235	,1790773410713204.897	
0,HcPost_d2fe6614722b27afa6f8d964c215447e_0,AI_VECTOR_CORE,13,35,7.940,1790773410713204.917	,1790773410713212.857	
0,HcPre_6c9f0fa710253eff38b1c0e6be6a67be_0,MIX_AIC,13,36,32.700,1790773410713213.937	,1790773410713246.638	
0,RmsNorm_normal_all_bf16_high_performance_0,AI_VECTOR_CORE,13,37,4.960,1790773410713247.458	,1790773410713252.418	
0,MatMulV2_ND_ND_FP16_FP16_false_true_all_98499,AI_CORE,13,38,162.543,1790773410713252.438	,1790773410713414.981	
0,Slice_ee29dafe4fe21e12bb8d56ae91626cba_high_performance_524000000,AI_VECTOR_CORE,13,39,2.320,1790773410713415.001	,1790773410713417.321	
0,MatMulV2_ND_ND_FP16_FP16_false_true_all_98325,AI_CORE,13,40,7.940,1790773410713417.341	,1790773410713425.281	
0,Slice_ee29dafe4fe21e12bb8d56ae91626cba_high_performance_524000000,AI_VECTOR_CORE,13,41,1.980,1790773410713425.301	,1790773410713427.281	
0,MatMulV2_ND_ND_FP16_FP16_false_true_all_98325,AI_CORE,13,42,7.600,1790773410713427.301	,1790773410713434.902	
0,ZerosLike_1c4543fdfe7149b6b0717bd88f061562_high_performance_210000000,AI_VECTOR_CORE,13,43,7.240,1790773410713434.922	,1790773410713442.162	
0,_copy_conv_state_kernel,AI_VECTOR_CORE,13,44,11.600,1790773410713442.182	,1790773410713453.782	
0,Slice_ee29dafe4fe21e12bb8d56ae91626cba_high_performance_524000000,AI_VECTOR_CORE,13,45,2.020,1790773410713453.822	,1790773410713455.842	
0,CausalConv1d_b0123b7fae3057c534dbb03661977c42_1,MIX_AIC,13,46,13.920,1790773410713457.102	,1790773410713471.022	
0,ViewCopy_7778b2d0a2938f9247cc0c9f84559eb2_high_performance__kernel0,AI_VECTOR_CORE,13,47,8.660,1790773410713471.722	,1790773410713480.382	
0,_copy_conv_state_kernel,AI_VECTOR_CORE,13,48,9.800,1790773410713480.402	,1790773410713490.203	
0,Slice_ee29dafe4fe21e12bb8d56ae91626cba_high_performance_524000000,AI_VECTOR_CORE,13,49,1.880,1790773410713490.223	,1790773410713492.103	
0,RecurrentKda_1ac9a791ca2957b2fe0a2e96909b5782_0,AI_VECTOR_CORE,13,50,54.561,1790773410713492.123	,1790773410713546.684	
0,_write_output,AI_VECTOR_CORE,13,51,3.100,1790773410713546.704	,1790773410713549.804	
0,layer_norm_gated_fwd_kernel,AI_VECTOR_CORE,13,52,4.380,1790773410713549.824	,1790773410713554.204	
0,MatMulV2_ND_ND_FP16_FP16_false_true_all_98499,AI_CORE,13,53,64.001,1790773410713554.224	,1790773410713618.225	
0,HcPost_d2fe6614722b27afa6f8d964c215447e_0,AI_VECTOR_CORE,13,54,8.260,1790773410713618.245	,1790773410713626.505	
0,HcPre_6c9f0fa710253eff38b1c0e6be6a67be_0,MIX_AIC,13,55,32.920,1790773410713627.505	,1790773410713660.426	
0,RmsNorm_normal_all_bf16_high_performance_0,AI_VECTOR_CORE,13,56,5.460,1790773410713661.666	,1790773410713667.126	
0,MatMulV2_ND_ND_FP16_FP16_false_true_all_98499,AI_CORE,13,57,179.523,1790773410713667.146	,1790773410713846.670	
0,Slice_ee29dafe4fe21e12bb8d56ae91626cba_high_performance_524000000,AI_VECTOR_CORE,13,58,2.220,1790773410713846.690	,1790773410713848.910	
0,ClipByValueV2_e87c9546cf2804355cf0d9445a2db01a_high_performance_220000000,AI_VECTOR_CORE,13,59,10.040,1790773410713848.930	,1790773410713858.970	
0,Slice_ee29dafe4fe21e12bb8d56ae91626cba_high_performance_524000000,AI_VECTOR_CORE,13,60,1.880,1790773410713858.990	,1790773410713860.870	
0,ClipByValueV2_e87c9546cf2804355cf0d9445a2db01a_high_performance_220000000,AI_VECTOR_CORE,13,61,8.380,1790773410713860.890	,1790773410713869.270	
0,Muls_299cf4d7f9ef0f745d89d88c666b45aa_high_performance_210000000,AI_VECTOR_CORE,13,62,7.360,1790773410713869.310	,1790773410713876.670	
0,Sigmoid_1c4543fdfe7149b6b0717bd88f061562_high_precision_210000000,AI_VECTOR_CORE,13,63,8.180,1790773410713876.690	,1790773410713884.871	
0,Mul_ce3d1ff8ba23a0bcb292da3577c1625d_high_performance_210020000,AI_VECTOR_CORE,13,64,8.960,1790773410713884.891	,1790773410713893.851	
0,Add_ce3d1ff8ba23a0bcb292da3577c1625d_high_performance_223000000,AI_VECTOR_CORE,13,65,6.980,1790773410713893.871	,1790773410713900.851	
0,Mul_ce3d1ff8ba23a0bcb292da3577c1625d_high_performance_210020000,AI_VECTOR_CORE,13,66,3.000,1790773410713900.871	,1790773410713903.871	
0,MatMulV2_ND_ND_FP16_FP16_false_true_all_98513,AI_CORE,13,67,100.982,1790773410713903.911	,1790773410714004.893	
0,HcPost_d2fe6614722b27afa6f8d964c215447e_0,AI_VECTOR_CORE,13,68,8.260,1790773410714004.913	,1790773410714013.173	
0,HcPre_6c9f0fa710253eff38b1c0e6be6a67be_0,MIX_AIC,13,69,30.340,1790773410714014.173	,1790773410714044.514	
0,RmsNorm_normal_all_bf16_high_performance_0,AI_VECTOR_CORE,13,70,4.860,1790773410714045.294	,1790773410714050.154	
0,MatMulV2_ND_ND_FP16_FP16_false_true_all_98499,AI_CORE,13,71,150.343,1790773410714050.174	,1790773410714200.517	
0,Slice_ee29dafe4fe21e12bb8d56ae91626cba_high_performance_524000000,AI_VECTOR_CORE,13,72,2.140,1790773410714200.537	,1790773410714202.677	
0,MatMulV2_ND_ND_FP16_FP16_false_true_all_98325,AI_CORE,13,73,8.040,1790773410714202.717	,1790773410714210.757	
0,Slice_ee29dafe4fe21e12bb8d56ae91626cba_high_performance_524000000,AI_VECTOR_CORE,13,74,1.920,1790773410714210.777	,1790773410714212.697	
0,MatMulV2_ND_ND_FP16_FP16_false_true_all_98325,AI_CORE,13,75,7.800,1790773410714212.717	,1790773410714220.517	
0,ZerosLike_1c4543fdfe7149b6b0717bd88f061562_high_performance_210000000,AI_VECTOR_CORE,13,76,7.360,1790773410714220.537	,1790773410714227.897	
0,_copy_conv_state_kernel,AI_VECTOR_CORE,13,77,12.220,1790773410714227.937	,1790773410714240.158	
0,Slice_ee29dafe4fe21e12bb8d56ae91626cba_high_performance_524000000,AI_VECTOR_CORE,13,78,2.020,1790773410714240.178	,1790773410714242.198	
0,CausalConv1d_b0123b7fae3057c534dbb03661977c42_1,MIX_AIC,13,79,13.840,1790773410714243.318	,1790773410714257.158	
0,ViewCopy_7778b2d0a2938f9247cc0c9f84559eb2_high_performance__kernel0,AI_VECTOR_CORE,13,80,9.260,1790773410714257.938	,1790773410714267.198	
0,_copy_conv_state_kernel,AI_VECTOR_CORE,13,81,9.580,1790773410714267.218	,1790773410714276.798	
0,Slice_ee29dafe4fe21e12bb8d56ae91626cba_high_performance_524000000,AI_VECTOR_CORE,13,82,1.860,1790773410714276.818	,1790773410714278.678	
0,RecurrentKda_1ac9a791ca2957b2fe0a2e96909b5782_0,AI_VECTOR_CORE,13,83,51.681,1790773410714278.698	,1790773410714330.379	
0,_write_output,AI_VECTOR_CORE,13,84,3.000,1790773410714330.399	,1790773410714333.400	
0,layer_norm_gated_fwd_kernel,AI_VECTOR_CORE,13,85,4.380,1790773410714333.440	,1790773410714337.820	
0,MatMulV2_ND_ND_FP16_FP16_false_true_all_98499,AI_CORE,13,86,58.601,1790773410714337.860	,1790773410714396.461	
0,HcPost_d2fe6614722b27afa6f8d964c215447e_0,AI_VECTOR_CORE,13,87,7.940,1790773410714396.481	,1790773410714404.421	
0,HcPre_6c9f0fa710253eff38b1c0e6be6a67be_0,MIX_AIC,13,88,31.980,1790773410714405.501	,1790773410714437.482	
0,RmsNorm_normal_all_bf16_high_performance_0,AI_VECTOR_CORE,13,89,5.220,1790773410714438.422	,1790773410714443.642	
0,MatMulV2_ND_ND_FP16_FP16_false_true_all_98499,AI_CORE,13,90,174.063,1790773410714443.662	,1790773410714617.725	
0,N/A,EVENT_WAIT,39,29,2377.487,1790773410714563.044	,1790773410716940.532	
0,Slice_ee29dafe4fe21e12bb8d56ae91626cba_high_performance_524000000,AI_VECTOR_CORE,13,91,2.180,1790773410714617.745	,1790773410714619.925	
0,ClipByValueV2_e87c9546cf2804355cf0d9445a2db01a_high_performance_220000000,AI_VECTOR_CORE,13,92,10.600,1790773410714619.945	,1790773410714630.545	
0,Slice_ee29dafe4fe21e12bb8d56ae91626cba_high_performance_524000000,AI_VECTOR_CORE,13,93,1.860,1790773410714630.565	,1790773410714632.425	
0,ClipByValueV2_e87c9546cf2804355cf0d9445a2db01a_high_performance_220000000,AI_VECTOR_CORE,13,94,9.360,1790773410714632.445	,1790773410714641.806	
0,Muls_299cf4d7f9ef0f745d89d88c666b45aa_high_performance_210000000,AI_VECTOR_CORE,13,95,7.440,1790773410714641.826	,1790773410714649.266	
0,Sigmoid_1c4543fdfe7149b6b0717bd88f061562_high_precision_210000000,AI_VECTOR_CORE,13,96,8.400,1790773410714649.286	,1790773410714657.686	
0,Mul_ce3d1ff8ba23a0bcb292da3577c1625d_high_performance_210020000,AI_VECTOR_CORE,13,97,9.520,1790773410714657.706	,1790773410714667.226	
0,Add_ce3d1ff8ba23a0bcb292da3577c1625d_high_performance_223000000,AI_VECTOR_CORE,13,98,7.060,1790773410714667.246	,1790773410714674.306	
0,Mul_ce3d1ff8ba23a0bcb292da3577c1625d_high_performance_210020000,AI_VECTOR_CORE,13,99,2.720,1790773410714674.346	,1790773410714677.066	
0,MatMulV2_ND_ND_FP16_FP16_false_true_all_98513,AI_CORE,13,100,100.202,1790773410714677.086	,1790773410714777.288	
0,HcPost_d2fe6614722b27afa6f8d964c215447e_0,AI_VECTOR_CORE,13,101,8.060,1790773410714777.308	,1790773410714785.369	
0,HcPre_6c9f0fa710253eff38b1c0e6be6a67be_0,MIX_AIC,13,102,30.540,1790773410714786.289	,1790773410714816.829	
0,RmsNorm_normal_all_bf16_high_performance_0,AI_VECTOR_CORE,13,103,5.240,1790773410714817.989	,1790773410714823.229	
0,MatMulV2_ND_ND_FP16_FP16_false_true_all_98513,AI_CORE,13,104,19.380,1790773410714823.269	,1790773410714842.650	
0,Slice_ee29dafe4fe21e12bb8d56ae91626cba_high_performance_524000000,AI_VECTOR_CORE,13,105,1.780,1790773410714842.670	,1790773410714844.450	
0,RmsNorm_normal_all_bf16_high_performance_2,AI_VECTOR_CORE,13,106,6.020,1790773410714844.470	,1790773410714850.490	
0,Slice_ee29dafe4fe21e12bb8d56ae91626cba_high_performance_524000000,AI_VECTOR_CORE,13,107,1.900,1790773410714850.530	,1790773410714852.430	
0,RmsNorm_normal_all_bf16_high_performance_2,AI_VECTOR_CORE,13,108,4.680,1790773410714852.450	,1790773410714857.130	
0,ScatterNdUpdate_bfloat16_int32_high_precision_11,MIX_AIV,13,109,6.180,1790773410714858.470	,1790773410714864.650	
0,MatMulV2_ND_ND_FP16_FP16_false_true_all_98499,AI_CORE,13,110,47.140,1790773410714865.750	,1790773410714912.891	
0,N/A,EVENT_WAIT,45,283,2030.600,1790773410714909.951	,1790773410716940.552	
0,TransposeBatchMatMul_ND_ND_ND_ND_ND_BF16_BF16_BF16_INT64_BF16_high_performance_32,AI_CORE,13,111,26.500,1790773410714912.911	,1790773410714939.412	
0,Cast_b2717900ea7de2d41ea9c63d23aa269b_high_performance_210000000,AI_VECTOR_CORE,13,112,3.840,1790773410714939.452	,1790773410714943.292	
0,MatMulV2_ND_ND_FP32_FP32_false_true_all_65665,AI_CORE,13,113,9.320,1790773410714943.332	,1790773410714952.652	
0,Slice_82e6b4faea71b451f217d7ea57c08012_high_performance_524000000,AI_VECTOR_CORE,13,114,2.300,1790773410714952.692	,1790773410714954.992	
0,LayerNormV3_23ae115d70bd435e4cb966a52be97b55_high_precision_1600400500,AI_VECTOR_CORE,13,115,6.660,1790773410714955.012	,1790773410714961.672	
0,MatMulV2_ND_ND_FP32_FP32_false_true_all_65665,AI_CORE,13,116,8.680,1790773410714961.692	,1790773410714970.372	
0,MatMulV2_ND_ND_FP16_FP16_false_true_all_98499,AI_CORE,13,117,16.400,1790773410714970.412	,1790773410714986.813	
0,Slice_82e6b4faea71b451f217d7ea57c08012_high_performance_524000000,AI_VECTOR_CORE,13,118,1.840,1790773410714986.833	,1790773410714988.673	
0,Cast_9f288b80370c6545ffe8cef142d37f5c_high_performance_210000000,AI_VECTOR_CORE,13,119,1.420,1790773410714988.693	,1790773410714990.113	
0,Muls_299cf4d7f9ef0f745d89d88c666b45aa_high_performance_210000000,AI_VECTOR_CORE,13,120,1.340,1790773410714990.153	,1790773410714991.493	
0,_glm5_next_kpool_tail_compress_kernel,AI_VECTOR_CORE,13,121,6.780,1790773410714991.513	,1790773410714998.293	
0,_store_kpool_tail_kernel,AI_VECTOR_CORE,13,122,4.380,1790773410714998.333	,1790773410715002.713	
0,Cast_b2717900ea7de2d41ea9c63d23aa269b_high_performance_210000000,AI_VECTOR_CORE,13,123,2.540,1790773410715002.733	,1790773410715005.273	
0,Cast_b2717900ea7de2d41ea9c63d23aa269b_high_performance_210000000,AI_VECTOR_CORE,13,124,1.160,1790773410715005.313	,1790773410715006.473	
0,Mul_ee98c6628030785f610b924ab1557b31_high_performance_212000001,AI_VECTOR_CORE,13,125,9.600,1790773410715006.493	,1790773410715016.093	
0,ReduceSum_7a09f5b7af4126487a7f726a9aac7548_high_performance_10002100900,MIX_AIV,13,126,12.000,1790773410715017.493	,1790773410715029.493	
0,_glm5_next_lightning_indexer_score_kernel,AI_VECTOR_CORE,13,127,10.360,1790773410715030.613	,1790773410715040.974	
0,TopKV2_5c671486fda0d949d7cba9a9754bc2dd_high_performance_2017612701781458944,MIX_AIV,13,128,10.000,1790773410715042.394	,1790773410715052.394	
0,Cast_e87590d11ccda8b259ab6b1ea7212319_high_performance_210000000,AI_VECTOR_CORE,13,129,1.920,1790773410715053.354	,1790773410715055.274	
0,Cast_39a266ce9a8d7d9ead33f6686e936b72_high_performance_210000000,AI_VECTOR_CORE,13,130,2.140,1790773410715055.294	,1790773410715057.434	
0,_expand_pool_indices,AI_VECTOR_CORE,13,131,13.540,1790773410715057.454	,1790773410715070.994	
0,Slice_b9b91ad79a469f7fcff72949705be0f9_high_performance_521000000,AI_VECTOR_CORE,13,132,2.000,1790773410715071.014	,1790773410715073.014	
0,SparseFlashAttention_2e25ad8fefac1f04c03bd78f2d2ab366_1158,MIX_AIC,13,133,29.580,1790773410715074.214	,1790773410715103.795	
0,TransposeBatchMatMul_ND_ND_ND_ND_ND_BF16_BF16_BF16_INT64_BF16_high_performance_32,AI_CORE,13,134,21.800,1790773410715104.715	,1790773410715126.515	
0,MatMulV2_ND_ND_FP16_FP16_false_true_all_98513,AI_CORE,13,135,134.022,1790773410715126.535	,1790773410715260.558	
0,N/A,MEMCPY_ASYNC,13,136,0.600,1790773410715260.578	,1790773410715261.178	
0,HcPost_d2fe6614722b27afa6f8d964c215447e_0,AI_VECTOR_CORE,13,137,8.220,1790773410715261.218	,1790773410715269.438	
0,HcPre_6c9f0fa710253eff38b1c0e6be6a67be_0,MIX_AIC,13,138,29.840,1790773410715270.698	,1790773410715300.539	
0,RmsNorm_normal_all_bf16_high_performance_0,AI_VECTOR_CORE,13,139,5.540,1790773410715301.799	,1790773410715307.339	
0,N/A,EVENT_RECORD,13,140,0.020,1790773410715307.359	,1790773410715307.379	
0,Cast_b2717900ea7de2d41ea9c63d23aa269b_high_performance_210000000,AI_VECTOR_CORE,13,141,3.460,1790773410715307.399	,1790773410715310.859	
0,MatMulV2_ND_ND_FP32_FP32_false_true_all_65665,AI_CORE,13,142,5.960,1790773410715310.879	,1790773410715316.839	
0,N/A,EVENT_RECORD,13,143,0.020,1790773410715316.859	,1790773410715316.879	
0,MoeGatingTopK_81369a2fa0455f39b5d19d432d261f57_1,AI_VECTOR_CORE,13,144,5.200,1790773410715316.899	,1790773410715322.099	
0,N/A,EVENT_RECORD,13,145,0.020,1790773410715322.119	,1790773410715322.139	
0,MoeInitRoutingV3_4ca8d2d329b4477b44dd2ee885849b12_2100000,MIX_AIV,13,146,13.920,1790773410715323.259	,1790773410715337.180	
0,GroupedMatmul_0d2d43751f81d7f29646a862147967c9_68885275,MIX_AIC,13,147,223.044,1790773410715340.300	,1790773410715563.344	
0,Slice_ee29dafe4fe21e12bb8d56ae91626cba_high_performance_524000000,AI_VECTOR_CORE,13,148,2.620,1790773410715564.284	,1790773410715566.904	
0,ClipByValueV2_e87c9546cf2804355cf0d9445a2db01a_high_performance_220000000,AI_VECTOR_CORE,13,149,10.980,1790773410715566.924	,1790773410715577.904	
0,ViewCopy_7778b2d0a2938f9247cc0c9f84559eb2_high_performance__kernel0,AI_VECTOR_CORE,13,150,12.480,1790773410715577.924	,1790773410715590.405	
0,Slice_ee29dafe4fe21e12bb8d56ae91626cba_high_performance_524000000,AI_VECTOR_CORE,13,151,2.480,1790773410715590.425	,1790773410715592.905	
0,ClipByValueV2_e87c9546cf2804355cf0d9445a2db01a_high_performance_220000000,AI_VECTOR_CORE,13,152,7.480,1790773410715592.925	,1790773410715600.405	
0,ViewCopy_7778b2d0a2938f9247cc0c9f84559eb2_high_performance__kernel0,AI_VECTOR_CORE,13,153,10.940,1790773410715600.445	,1790773410715611.385	
0,SwiGlu_3_high_performance_27,AI_VECTOR_CORE,13,154,6.680,1790773410715611.405	,1790773410715618.085	
0,N/A,EVENT_RECORD,13,155,0.020,1790773410715618.105	,1790773410715618.125	
0,GroupedMatmul_0d2d43751f81d7f29646a862147967c9_68885275,MIX_AIC,13,156,101.062,1790773410715619.085	,1790773410715720.147	
0,N/A,EVENT_RECORD,13,157,0.020,1790773410715720.987	,1790773410715721.007	
0,Cast_9f288b80370c6545ffe8cef142d37f5c_high_performance_210000000,AI_VECTOR_CORE,13,158,1.260,1790773410715721.027	,1790773410715722.287	
0,Abs_8098b79498645e9c0da095babdeaf862_high_performance_210000000,AI_VECTOR_CORE,13,159,1.540,1790773410715722.307	,1790773410715723.847	
0,MoeTokenUnpermute_6dd49246dc9576d3314234df69cb5c22_1,AI_VECTOR_CORE,13,160,4.620,1790773410715723.867	,1790773410715728.487	
0,MatMulV2_ND_ND_FP16_FP16_false_true_all_98499,AI_CORE,13,161,31.800,1790773410715728.507	,1790773410715760.308	
0,Slice_ee29dafe4fe21e12bb8d56ae91626cba_high_performance_524000000,AI_VECTOR_CORE,13,162,1.880,1790773410715760.328	,1790773410715762.208	
0,ClipByValueV2_e87c9546cf2804355cf0d9445a2db01a_high_performance_220000000,AI_VECTOR_CORE,13,163,2.380,1790773410715762.228	,1790773410715764.608	
0,Slice_ee29dafe4fe21e12bb8d56ae91626cba_high_performance_524000000,AI_VECTOR_CORE,13,164,1.580,1790773410715764.648	,1790773410715766.228	
0,ClipByValueV2_e87c9546cf2804355cf0d9445a2db01a_high_performance_220000000,AI_VECTOR_CORE,13,165,2.560,1790773410715766.268	,1790773410715768.828	
0,Muls_299cf4d7f9ef0f745d89d88c666b45aa_high_performance_210000000,AI_VECTOR_CORE,13,166,2.020,1790773410715768.848	,1790773410715770.868	
0,Sigmoid_1c4543fdfe7149b6b0717bd88f061562_high_precision_210000000,AI_VECTOR_CORE,13,167,2.940,1790773410715770.888	,1790773410715773.828	
0,Mul_ce3d1ff8ba23a0bcb292da3577c1625d_high_performance_210020000,AI_VECTOR_CORE,13,168,2.680,1790773410715773.848	,1790773410715776.528	
0,Add_ce3d1ff8ba23a0bcb292da3577c1625d_high_performance_223000000,AI_VECTOR_CORE,13,169,2.540,1790773410715776.568	,1790773410715779.108	
0,Mul_ce3d1ff8ba23a0bcb292da3577c1625d_high_performance_210020000,AI_VECTOR_CORE,13,170,2.620,1790773410715779.128	,1790773410715781.748	
0,MatMulV2_ND_ND_FP16_FP16_false_true_all_98499,AI_CORE,13,171,18.460,1790773410715781.768	,1790773410715800.229	
0,ForeachAddList_c73cb8f503197be65eaf63148ad48de4_high_performance_4,AI_VECTOR_CORE,13,172,14.280,1790773410715800.249	,1790773410715814.529	
0,HcPost_d2fe6614722b27afa6f8d964c215447e_0,AI_VECTOR_CORE,13,173,6.620,1790773410715814.549	,1790773410715821.169	
0,ReduceMean_9a2479d4dc5148645cb3f4b9e765c637_high_precision_2100900,MIX_AIV,13,174,10.840,1790773410715822.229	,1790773410715833.069	
0,RmsNorm_normal_all_bf16_high_performance_0,AI_VECTOR_CORE,13,175,3.700,1790773410715834.370	,1790773410715838.070	
0,N/A,EVENT_RESET,13,176,0.100,1790773410715838.090	,1790773410715838.190	
0,N/A,EVENT_RESET,13,177,0.100,1790773410715838.210	,1790773410715838.310	
0,N/A,EVENT_RESET,13,178,0.100,1790773410715838.330	,1790773410715838.430	
0,N/A,EVENT_RESET,13,179,0.100,1790773410715838.450	,1790773410715838.550	
0,N/A,EVENT_RESET,13,180,0.080,1790773410715838.570	,1790773410715838.650	
0,N/A,NOTIFY_RECORD,13,181,0.000,1790773410715838.690	,1790773410715838.690	
0,IndexCheck_int32_high_performance_1,AI_VECTOR_CORE,47,4900,3.520,1790773410715839.170	,1790773410715842.690	
0,Index_b1b18d29d34a3b544b5bb6b3f56177c3_high_performance__kernel0,AI_VECTOR_CORE,47,4901,8.080,1790773410715842.710	,1790773410715850.790	
0,MatMulV2_ND_ND_FP16_FP16_false_true_all_98499,AI_CORE,47,4902,906.478,1790773410715850.810	,1790773410716757.288	
0,Cast_b2717900ea7de2d41ea9c63d23aa269b_high_performance_210000000,AI_VECTOR_CORE,47,4903,9.580,1790773410716757.308	,1790773410716766.888	
0,LogSoftmaxV2_291664ae3e88b38b8b46c2efbbea27c9_high_precision_400001,AI_VECTOR_CORE,47,4904,44.700,1790773410716766.908	,1790773410716811.609	
0,Cast_b2717900ea7de2d41ea9c63d23aa269b_high_performance_210000000,AI_VECTOR_CORE,47,4905,3.040,1790773410716811.629	,1790773410716814.669	
0,ArgMaxV2_4402011f777d6374ab9f6425cb5984c4_high_performance_3,AI_VECTOR_CORE,47,4906,19.760,1790773410716814.689	,1790773410716834.449	
0,Cast_e87590d11ccda8b259ab6b1ea7212319_high_performance_210000000,AI_VECTOR_CORE,47,4907,1.400,1790773410716834.489	,1790773410716835.890	
0,TopKV2_5c671486fda0d949d7cba9a9754bc2dd_high_performance_2017612907943034881,MIX_AIV,47,4908,30.880,1790773410716837.130	,1790773410716868.010	
0,TopKV2_5c671486fda0d949d7cba9a9754bc2dd_high_performance_2017612701781458944,MIX_AIV,47,4909,4.760,1790773410716870.670	,1790773410716875.430	
0,GatherElements_8b4ec10fbb39c5c0a65192c606400b29_high_performance__kernel0,AI_VECTOR_CORE,47,4910,3.780,1790773410716876.130	,1790773410716879.910	
0,Cast_e87590d11ccda8b259ab6b1ea7212319_high_performance_210000000,AI_VECTOR_CORE,47,4911,1.160,1790773410716879.930	,1790773410716881.090	
0,Cast_39a266ce9a8d7d9ead33f6686e936b72_high_performance_210000000,AI_VECTOR_CORE,47,4912,1.440,1790773410716881.110	,1790773410716882.550	
0,GatherElementsV2_fp32_high_performance_2,AI_VECTOR_CORE,47,4913,4.220,1790773410716882.570	,1790773410716886.791	
0,GreaterEqual_3efaad932f458d7892fdb0715ec85b2b_high_performance_212000002,AI_VECTOR_CORE,47,4914,11.780,1790773410716886.811	,1790773410716898.591	
0,Cast_df2b778f1b80e749bd4242386ec57ab9_high_performance_210000000,AI_VECTOR_CORE,47,4915,6.920,1790773410716898.631	,1790773410716905.551	
0,ReduceSum_7a09f5b7af4126487a7f726a9aac7548_high_performance_110001000400,MIX_AIV,47,4916,21.840,1790773410716906.551	,1790773410716928.391	
0,Cast_c6738f795430c3c6f09cdc8d52a1b43d_high_performance_210000000,AI_VECTOR_CORE,47,4917,1.520,1790773410716929.691	,1790773410716931.211	
0,ConcatD_0d745295987e1c668b2ec8b2844aeada_high_performance_0,AI_VECTOR_CORE,47,4918,3.400,1790773410716931.231	,1790773410716934.631	
0,ConcatD_233851a3505389e43928a8bba133a74d_high_performance_0,AI_VECTOR_CORE,47,4919,2.540,1790773410716934.671	,1790773410716937.212	
0,Cast_39a266ce9a8d7d9ead33f6686e936b72_high_performance_210000000,AI_VECTOR_CORE,47,4920,1.460,1790773410716937.232	,1790773410716938.692	
0,Cast_39a266ce9a8d7d9ead33f6686e936b72_high_performance_210000000,AI_VECTOR_CORE,47,4921,1.320,1790773410716938.712	,1790773410716940.032	
0,N/A,EVENT_RECORD,47,4922,0.020,1790773410716940.052	,1790773410716940.072	
0,N/A,EVENT_RECORD,47,4923,0.020,1790773410716940.092	,1790773410716940.112	
0,N/A,MEMCPY_ASYNC,45,284,1.920,1790773410716940.572	,1790773410716942.492	
0,N/A,MEMCPY_ASYNC,45,285,1.920,1790773410716942.632	,1790773410716944.552	
0,N/A,MEMCPY_ASYNC,45,286,1.920,1790773410716944.712	,1790773410716946.632	
0,N/A,MEMCPY_ASYNC,45,287,2.080,1790773410716946.792	,1790773410716948.872	
0,N/A,EVENT_RECORD,45,288,0.000,1790773410716949.032	,1790773410716949.032	
0,N/A,EVENT_RECORD,45,289,0.000,1790773410716949.072	,1790773410716949.072	
0,N/A,EVENT_RECORD,45,290,0.020,1790773410716949.092	,1790773410716949.112	
0,N/A,EVENT_RECORD,45,291,0.020,1790773410716963.432	,1790773410716963.452	
0,N/A,MEMCPY_ASYNC,47,4924,2.440,1790773410716994.493	,1790773410716996.933	
0,N/A,EVENT_RECORD,45,292,0.000,1790773410717150.796	,1790773410717150.796	
0,N/A,MEMCPY_ASYNC,47,4925,2.360,1790773410717203.537	,1790773410717205.897	
0,N/A,MEMCPY_ASYNC,47,4926,2.260,1790773410717384.240	,1790773410717386.501	
0,N/A,MEMCPY_ASYNC,47,4927,2.320,1790773410717422.041	,1790773410717424.361	
0,N/A,MEMCPY_ASYNC,47,4928,2.220,1790773410717499.563	,1790773410717501.783	
0,N/A,MEMCPY_ASYNC,47,4929,2.400,1790773410717755.048	,1790773410717757.448	
0,N/A,MEMCPY_ASYNC,47,4930,2.260,1790773410717921.711	,1790773410717923.971	
0,N/A,MEMCPY_ASYNC,47,4931,2.360,1790773410718057.694	,1790773410718060.054	
0,Fill_1fbc7ee619b707282bbfd034093621df_high_performance_223000000,AI_VECTOR_CORE,47,4932,1.680,1790773410718148.896	,1790773410718150.576	
0,N/A,MEMCPY_ASYNC,47,4933,0.580,1790773410718361.540	,1790773410718362.120	
0,N/A,MEMCPY_ASYNC,47,4934,2.220,1790773410718609.845	,1790773410718612.065	
0,Fill_1fbc7ee619b707282bbfd034093621df_high_performance_223000000,AI_VECTOR_CORE,47,4935,1.340,1790773410718732.207	,1790773410718733.547	
0,N/A,MEMCPY_ASYNC,47,4936,2.500,1790773410718772.988	,1790773410718775.488	
0,N/A,MEMCPY_ASYNC,47,4937,2.360,1790773410718810.349	,1790773410718812.709	
0,N/A,MEMCPY_ASYNC,47,4938,2.360,1790773410718905.911	,1790773410718908.271	
0,N/A,MEMCPY_ASYNC,47,4939,2.240,1790773410718984.452	,1790773410718986.692	
0,IndexCheck_int64_high_performance_0,AI_VECTOR_CORE,47,4940,3.260,1790773410719120.455	,1790773410719123.715	
0,Index_f34e8f0e5e2c96109aa0460550023804_high_performance__kernel0,AI_VECTOR_CORE,47,4941,7.620,1790773410719123.735	,1790773410719131.355	
0,Cast_e87590d11ccda8b259ab6b1ea7212319_high_performance_210000000,AI_VECTOR_CORE,47,4942,1.200,1790773410719177.656	,1790773410719178.856	
0,Add_41dadce325b0f810d03359af2a38990b_high_performance_210000000,AI_VECTOR_CORE,47,4943,2.640,1790773410719257.398	,1790773410719260.038	
0,N/A,MEMCPY_ASYNC,47,4944,0.620,1790773410719357.060	,1790773410719357.680	
0,Add_9342884c99c006e21fc9d5d9260b8bef_high_performance_210000000,AI_VECTOR_CORE,47,4945,1.600,1790773410719422.521	,1790773410719424.121	
0,N/A,MEMCPY_ASYNC,47,4946,0.680,1790773410719526.943	,1790773410719527.623	
0,Fill_1fbc7ee619b707282bbfd034093621df_high_performance_210000000,AI_VECTOR_CORE,47,4947,1.540,1790773410719569.884	,1790773410719571.424	
0,_compute_slot_mapping_fused_groups_adaptive_kernel,AI_VECTOR_CORE,47,4948,5.040,1790773410719937.271	,1790773410719942.312	
0,Sub_9342884c99c006e21fc9d5d9260b8bef_high_performance_223000000,AI_VECTOR_CORE,47,4949,1.480,1790773410720091.455	,1790773410720092.935	
0,N/A,MEMCPY_ASYNC,47,4950,2.440,1790773410720439.082	,1790773410720441.522	
0,Fill_1fbc7ee619b707282bbfd034093621df_high_performance_210000000,AI_VECTOR_CORE,47,4951,1.440,1790773410720604.125	,1790773410720605.565	
0,Fill_1fbc7ee619b707282bbfd034093621df_high_performance_223000000,AI_VECTOR_CORE,47,4952,1.500,1790773410720635.205	,1790773410720636.705	
0,Cast_e87590d11ccda8b259ab6b1ea7212319_high_performance_210000000,AI_VECTOR_CORE,47,4953,1.260,1790773410721138.315	,1790773410721139.576	
0,FloorDiv_41dadce325b0f810d03359af2a38990b_high_performance_223000000,AI_VECTOR_CORE,47,4954,6.560,1790773410721140.276	,1790773410721146.836	
0,Cast_39a266ce9a8d7d9ead33f6686e936b72_high_performance_210000000,AI_VECTOR_CORE,47,4955,1.500,1790773410721154.676	,1790773410721156.176	
0,N/A,MEMCPY_ASYNC,47,4956,0.600,1790773410721299.839	,1790773410721300.439	
0,Cast_e87590d11ccda8b259ab6b1ea7212319_high_performance_210000000,AI_VECTOR_CORE,47,4957,1.080,1790773410721380.800	,1790773410721381.880	
0,GreaterEqual_1ea4da630f56dc1c2d6e7c9a9dd17b11_high_performance_223000000,AI_VECTOR_CORE,47,4958,3.120,1790773410721382.920	,1790773410721386.040	
0,Add_41dadce325b0f810d03359af2a38990b_high_performance_223000000,AI_VECTOR_CORE,47,4959,2.720,1790773410721426.241	,1790773410721428.961	
0,BroadcastTo_41dadce325b0f810d03359af2a38990b_high_performance_232000000,AI_VECTOR_CORE,47,4960,1.640,1790773410721492.803	,1790773410721494.443	
0,FloorMod_41dadce325b0f810d03359af2a38990b_high_precision_210000000,AI_VECTOR_CORE,47,4961,1.640,1790773410721494.463	,1790773410721496.103	
0,Equal_1ea4da630f56dc1c2d6e7c9a9dd17b11_high_performance_223000000,AI_VECTOR_CORE,47,4962,2.360,1790773410721539.143	,1790773410721541.504	
0,LogicalAnd_91d2a3cdd75d915a368582ec5f440af1_high_performance_210000000,AI_VECTOR_CORE,47,4963,1.620,1790773410721581.764	,1790773410721583.384	
0,ClipByValueV2_3bc53d14ff7dfecd0ed0c69136ab471a_high_performance_220000000,AI_VECTOR_CORE,47,4964,2.960,1790773410721624.205	,1790773410721627.165	
0,Cast_e87590d11ccda8b259ab6b1ea7212319_high_performance_210000000,AI_VECTOR_CORE,47,4965,1.160,1790773410721692.987	,1790773410721694.147	
0,FloorDiv_41dadce325b0f810d03359af2a38990b_high_performance_223000000,AI_VECTOR_CORE,47,4966,1.680,1790773410721694.727	,1790773410721696.407	
0,Cast_39a266ce9a8d7d9ead33f6686e936b72_high_performance_210000000,AI_VECTOR_CORE,47,4967,1.360,1790773410721696.427	,1790773410721697.787	
0,BroadcastTo_c71434db8135ff9089d65053721e3417_high_performance_232000000,AI_VECTOR_CORE,47,4968,1.400,1790773410721739.467	,1790773410721740.868	
0,FloorMod_9342884c99c006e21fc9d5d9260b8bef_high_precision_210000000,AI_VECTOR_CORE,47,4969,3.440,1790773410721740.888	,1790773410721744.328	
0,Mul_9342884c99c006e21fc9d5d9260b8bef_high_performance_223000000,AI_VECTOR_CORE,47,4970,1.560,1790773410721784.308	,1790773410721785.868	
0,Cast_e87590d11ccda8b259ab6b1ea7212319_high_performance_210000000,AI_VECTOR_CORE,47,4971,1.220,1790773410721843.610	,1790773410721844.830	
0,FloorDiv_41dadce325b0f810d03359af2a38990b_high_performance_223000000,AI_VECTOR_CORE,47,4972,1.740,1790773410721844.990	,1790773410721846.730	
0,Cast_39a266ce9a8d7d9ead33f6686e936b72_high_performance_210000000,AI_VECTOR_CORE,47,4973,1.020,1790773410721846.770	,1790773410721847.790	
0,Add_9342884c99c006e21fc9d5d9260b8bef_high_performance_210000000,AI_VECTOR_CORE,47,4974,1.240,1790773410721876.170	,1790773410721877.410	
0,Fill_1fbc7ee619b707282bbfd034093621df_high_performance_223000000,AI_VECTOR_CORE,47,4975,1.200,1790773410721947.392	,1790773410721948.592	
0,SelectV2_9bb0969ab50036eba4428cd9974a5c0b_high_performance_210000000,AI_VECTOR_CORE,47,4976,1.980,1790773410721977.412	,1790773410721979.392	
0,Cast_e87590d11ccda8b259ab6b1ea7212319_high_performance_210000000,AI_VECTOR_CORE,47,4977,1.180,1790773410722018.493	,1790773410722019.673	
0,Cast_e87590d11ccda8b259ab6b1ea7212319_high_performance_210000000,AI_VECTOR_CORE,47,4978,1.220,1790773410722117.435	,1790773410722118.655	
0,FloorDiv_41dadce325b0f810d03359af2a38990b_high_performance_223000000,AI_VECTOR_CORE,47,4979,1.960,1790773410722119.135	,1790773410722121.095	
0,Cast_39a266ce9a8d7d9ead33f6686e936b72_high_performance_210000000,AI_VECTOR_CORE,47,4980,1.300,1790773410722121.115	,1790773410722122.415	
0,N/A,MEMCPY_ASYNC,47,4981,0.580,1790773410722279.358	,1790773410722279.938	
0,N/A,MEMCPY_ASYNC,47,4982,0.620,1790773410722366.440	,1790773410722367.060	
0,Fill_1fbc7ee619b707282bbfd034093621df_high_performance_210000000,AI_VECTOR_CORE,47,4983,1.400,1790773410722594.645	,1790773410722596.045	
0,Fill_1fbc7ee619b707282bbfd034093621df_high_performance_210000000,AI_VECTOR_CORE,47,4984,1.180,1790773410722639.305	,1790773410722640.485	
0,Fill_1fbc7ee619b707282bbfd034093621df_high_performance_210000000,AI_VECTOR_CORE,47,4985,1.380,1790773410722818.569	,1790773410722819.949	
0,Fill_1fbc7ee619b707282bbfd034093621df_high_performance_210000000,AI_VECTOR_CORE,47,4986,1.300,1790773410722850.910	,1790773410722852.210	
0,N/A,MEMCPY_ASYNC,47,4987,0.560,1790773410723442.862	,1790773410723443.422	
0,Fill_1fbc7ee619b707282bbfd034093621df_high_performance_210000000,AI_VECTOR_CORE,47,4988,1.220,1790773410723532.963	,1790773410723534.183	
0,N/A,MEMCPY_ASYNC,47,4989,0.640,1790773410723661.006	,1790773410723661.646	
0,N/A,MEMCPY_ASYNC,47,4990,0.560,1790773410723799.289	,1790773410723799.849	
0,N/A,MEMCPY_ASYNC,47,4991,0.660,1790773410723972.032	,1790773410723972.692	
0,Sub_9342884c99c006e21fc9d5d9260b8bef_high_performance_210000000,AI_VECTOR_CORE,47,4992,1.440,1790773410724055.814	,1790773410724057.254	
0,Fill_1fbc7ee619b707282bbfd034093621df_high_performance_210000000,AI_VECTOR_CORE,47,4993,1.220,1790773410724228.257	,1790773410724229.477	
0,Fill_1fbc7ee619b707282bbfd034093621df_high_performance_210000000,AI_VECTOR_CORE,47,4994,1.240,1790773410724249.398	,1790773410724250.638	
0,N/A,MEMCPY_ASYNC,47,4995,0.560,1790773410724862.310	,1790773410724862.870	
0,Fill_1fbc7ee619b707282bbfd034093621df_high_performance_210000000,AI_VECTOR_CORE,47,4996,1.360,1790773410724894.531	,1790773410724895.891	
0,N/A,MEMCPY_ASYNC,47,4997,0.580,1790773410725021.573	,1790773410725022.153	
0,N/A,MEMCPY_ASYNC,47,4998,0.520,1790773410725166.196	,1790773410725166.716	
0,N/A,MEMCPY_ASYNC,47,4999,0.640,1790773410725269.738	,1790773410725270.378	
0,Sub_9342884c99c006e21fc9d5d9260b8bef_high_performance_210000000,AI_VECTOR_CORE,47,5000,1.320,1790773410725347.480	,1790773410725348.800	
0,Fill_1fbc7ee619b707282bbfd034093621df_high_performance_210000000,AI_VECTOR_CORE,47,5001,1.500,1790773410725517.643	,1790773410725519.143	
0,Fill_1fbc7ee619b707282bbfd034093621df_high_performance_210000000,AI_VECTOR_CORE,47,5002,1.140,1790773410725548.644	,1790773410725549.784	
0,N/A,MEMCPY_ASYNC,47,5003,0.560,1790773410726095.995	,1790773410726096.555	
0,Fill_1fbc7ee619b707282bbfd034093621df_high_performance_210000000,AI_VECTOR_CORE,47,5004,1.280,1790773410726130.775	,1790773410726132.055	
0,N/A,MEMCPY_ASYNC,47,5005,0.620,1790773410726268.458	,1790773410726269.078	
0,N/A,MEMCPY_ASYNC,47,5006,0.580,1790773410726382.540	,1790773410726383.120	
0,N/A,MEMCPY_ASYNC,47,5007,0.580,1790773410726515.343	,1790773410726515.923	
0,Sub_9342884c99c006e21fc9d5d9260b8bef_high_performance_210000000,AI_VECTOR_CORE,47,5008,1.340,1790773410726597.385	,1790773410726598.725	
0,N/A,EVENT_RECORD,47,5009,0.000,1790773410726857.810	,1790773410726857.810	
0,ZerosLike_1d2fd313763487259859439d7e9b41cf_high_performance_210000000,AI_VECTOR_CORE,47,5010,1.940,1790773410727036.653	,1790773410727038.593	
0,Fill_279daeaf6b659300647aba3935d90048_high_performance_210000000,AI_VECTOR_CORE,47,5011,1.680,1790773410727298.259	,1790773410727299.939	
0,Cast_a9b7af94359fc7c19da07ad0790f065c_high_performance_210000000,AI_VECTOR_CORE,47,5012,1.220,1790773410727355.440	,1790773410727356.660	
0,BroadcastTo_c71434db8135ff9089d65053721e3417_high_performance_232000000,AI_VECTOR_CORE,47,5013,1.280,1790773410727366.920	,1790773410727368.200	
0,Cast_9fc020fd54590bb5fe6cf6eabcf7b473_high_performance_210000000,AI_VECTOR_CORE,47,5014,1.320,1790773410727369.140	,1790773410727370.460	
0,Fill_279daeaf6b659300647aba3935d90048_high_performance_210000000,AI_VECTOR_CORE,47,5015,1.240,1790773410727420.261	,1790773410727421.501	
0,N/A,MEMCPY_ASYNC,47,5016,0.580,1790773410727521.103	,1790773410727521.683	
0,N/A,MODEL_EXECUTE,47,5017,3.020,1790773410727742.407	,1790773410727745.427	
0,Cast_e87590d11ccda8b259ab6b1ea7212319_high_performance_210000000,AI_VECTOR_CORE,13,0,1.260,1790773410727745.347	,1790773410727746.608	
0,GatherV2_7869a97190b9b4d296d9414a005b954b_high_precision_900015010,AI_VECTOR_CORE,13,1,2.780,1790773410727746.648	,1790773410727749.428	
0,BroadcastTo_7e5992d3033ef32a3463c5d198e518a1_high_performance_212100003,AI_VECTOR_CORE,13,2,6.740,1790773410727749.448	,1790773410727756.188	
0,N/A,NOTIFY_WAIT,47,5018,3421.608,1790773410727755.948	,1790773410731177.556	
0,HcPre_6c9f0fa710253eff38b1c0e6be6a67be_0,MIX_AIC,13,3,32.840,1790773410727757.448	,1790773410727790.288	
0,RmsNorm_normal_all_bf16_high_performance_0,AI_VECTOR_CORE,13,4,4.920,1790773410727791.568	,1790773410727796.489	
0,MatMulV2_ND_ND_FP16_FP16_false_true_all_98499,AI_CORE,13,5,162.723,1790773410727796.529	,1790773410727959.252	
0,Slice_ee29dafe4fe21e12bb8d56ae91626cba_high_performance_524000000,AI_VECTOR_CORE,13,6,2.100,1790773410727959.272	,1790773410727961.372	
0,MatMulV2_ND_ND_FP16_FP16_false_true_all_98325,AI_CORE,13,7,10.060,1790773410727961.392	,1790773410727971.452	
0,Slice_ee29dafe4fe21e12bb8d56ae91626cba_high_performance_524000000,AI_VECTOR_CORE,13,8,1.720,1790773410727971.492	,1790773410727973.212	
0,MatMulV2_ND_ND_FP16_FP16_false_true_all_98325,AI_CORE,13,9,7.980,1790773410727973.232	,1790773410727981.212	
0,ZerosLike_1c4543fdfe7149b6b0717bd88f061562_high_performance_210000000,AI_VECTOR_CORE,13,10,7.300,1790773410727981.252	,1790773410727988.552	
0,_copy_conv_state_kernel,AI_VECTOR_CORE,13,11,11.820,1790773410727988.572	,1790773410728000.393	
0,Slice_ee29dafe4fe21e12bb8d56ae91626cba_high_performance_524000000,AI_VECTOR_CORE,13,12,2.180,1790773410728000.413	,1790773410728002.593	
0,CausalConv1d_b0123b7fae3057c534dbb03661977c42_1,MIX_AIC,13,13,13.900,1790773410728003.873	,1790773410728017.773	
0,ViewCopy_7778b2d0a2938f9247cc0c9f84559eb2_high_performance__kernel0,AI_VECTOR_CORE,13,14,10.420,1790773410728018.493	,1790773410728028.913	
0,_copy_conv_state_kernel,AI_VECTOR_CORE,13,15,9.860,1790773410728028.933	,1790773410728038.793	
0,Slice_ee29dafe4fe21e12bb8d56ae91626cba_high_performance_524000000,AI_VECTOR_CORE,13,16,1.620,1790773410728038.833	,1790773410728040.453	
0,RecurrentKda_1ac9a791ca2957b2fe0a2e96909b5782_0,AI_VECTOR_CORE,13,17,51.541,1790773410728040.493	,1790773410728092.034	
0,_write_output,AI_VECTOR_CORE,13,18,3.260,1790773410728092.054	,1790773410728095.314	
0,layer_norm_gated_fwd_kernel,AI_VECTOR_CORE,13,19,4.200,1790773410728095.354	,1790773410728099.555	
0,MatMulV2_ND_ND_FP16_FP16_false_true_all_98499,AI_CORE,13,20,54.461,1790773410728099.595	,1790773410728154.056	
0,HcPost_d2fe6614722b27afa6f8d964c215447e_0,AI_VECTOR_CORE,13,21,8.280,1790773410728154.076	,1790773410728162.356	
0,HcPre_6c9f0fa710253eff38b1c0e6be6a67be_0,MIX_AIC,13,22,33.160,1790773410728163.696	,1790773410728196.857	
0,RmsNorm_normal_all_bf16_high_performance_0,AI_VECTOR_CORE,13,23,5.180,1790773410728197.857	,1790773410728203.037	
0,MatMulV2_ND_ND_FP16_FP16_false_true_all_98499,AI_CORE,13,24,180.063,1790773410728203.077	,1790773410728383.140	
0,Slice_ee29dafe4fe21e12bb8d56ae91626cba_high_performance_524000000,AI_VECTOR_CORE,13,25,2.100,1790773410728383.160	,1790773410728385.260	
0,ClipByValueV2_e87c9546cf2804355cf0d9445a2db01a_high_performance_220000000,AI_VECTOR_CORE,13,26,9.300,1790773410728385.280	,1790773410728394.580	
0,Slice_ee29dafe4fe21e12bb8d56ae91626cba_high_performance_524000000,AI_VECTOR_CORE,13,27,1.840,1790773410728394.600	,1790773410728396.440	
0,ClipByValueV2_e87c9546cf2804355cf0d9445a2db01a_high_performance_220000000,AI_VECTOR_CORE,13,28,7.680,1790773410728396.460	,1790773410728404.141	
0,Muls_299cf4d7f9ef0f745d89d88c666b45aa_high_performance_210000000,AI_VECTOR_CORE,13,29,7.420,1790773410728404.161	,1790773410728411.581	
0,Sigmoid_1c4543fdfe7149b6b0717bd88f061562_high_precision_210000000,AI_VECTOR_CORE,13,30,8.340,1790773410728411.601	,1790773410728419.941	
0,Mul_ce3d1ff8ba23a0bcb292da3577c1625d_high_performance_210020000,AI_VECTOR_CORE,13,31,9.520,1790773410728419.981	,1790773410728429.501	
0,Add_ce3d1ff8ba23a0bcb292da3577c1625d_high_performance_223000000,AI_VECTOR_CORE,13,32,6.860,1790773410728429.521	,1790773410728436.381	
0,Mul_ce3d1ff8ba23a0bcb292da3577c1625d_high_performance_210020000,AI_VECTOR_CORE,13,33,2.840,1790773410728436.401	,1790773410728439.241	
0,MatMulV2_ND_ND_FP16_FP16_false_true_all_98513,AI_CORE,13,34,103.802,1790773410728439.261	,1790773410728543.063	
0,HcPost_d2fe6614722b27afa6f8d964c215447e_0,AI_VECTOR_CORE,13,35,7.920,1790773410728543.103	,1790773410728551.024	
0,HcPre_6c9f0fa710253eff38b1c0e6be6a67be_0,MIX_AIC,13,36,33.300,1790773410728552.344	,1790773410728585.644	
0,RmsNorm_normal_all_bf16_high_performance_0,AI_VECTOR_CORE,13,37,5.000,1790773410728586.504	,1790773410728591.504	
0,MatMulV2_ND_ND_FP16_FP16_false_true_all_98499,AI_CORE,13,38,163.443,1790773410728591.524	,1790773410728754.968	
0,Slice_ee29dafe4fe21e12bb8d56ae91626cba_high_performance_524000000,AI_VECTOR_CORE,13,39,2.400,1790773410728755.008	,1790773410728757.408	
0,MatMulV2_ND_ND_FP16_FP16_false_true_all_98325,AI_CORE,13,40,7.560,1790773410728757.428	,1790773410728764.988	
0,Slice_ee29dafe4fe21e12bb8d56ae91626cba_high_performance_524000000,AI_VECTOR_CORE,13,41,1.920,1790773410728765.008	,1790773410728766.928	
0,MatMulV2_ND_ND_FP16_FP16_false_true_all_98325,AI_CORE,13,42,7.360,1790773410728766.968	,1790773410728774.328	
0,ZerosLike_1c4543fdfe7149b6b0717bd88f061562_high_performance_210000000,AI_VECTOR_CORE,13,43,7.200,1790773410728774.348	,1790773410728781.548	
0,_copy_conv_state_kernel,AI_VECTOR_CORE,13,44,11.800,1790773410728781.568	,1790773410728793.368	
0,Slice_ee29dafe4fe21e12bb8d56ae91626cba_high_performance_524000000,AI_VECTOR_CORE,13,45,2.140,1790773410728793.408	,1790773410728795.548	
0,CausalConv1d_b0123b7fae3057c534dbb03661977c42_1,MIX_AIC,13,46,13.880,1790773410728797.009	,1790773410728810.889	
0,ViewCopy_7778b2d0a2938f9247cc0c9f84559eb2_high_performance__kernel0,AI_VECTOR_CORE,13,47,8.740,1790773410728811.629	,1790773410728820.369	
0,_copy_conv_state_kernel,AI_VECTOR_CORE,13,48,9.780,1790773410728820.409	,1790773410728830.189	
0,Slice_ee29dafe4fe21e12bb8d56ae91626cba_high_performance_524000000,AI_VECTOR_CORE,13,49,1.960,1790773410728830.209	,1790773410728832.169	
0,RecurrentKda_1ac9a791ca2957b2fe0a2e96909b5782_0,AI_VECTOR_CORE,13,50,54.321,1790773410728832.189	,1790773410728886.510	
0,_write_output,AI_VECTOR_CORE,13,51,3.180,1790773410728886.530	,1790773410728889.710	
0,layer_norm_gated_fwd_kernel,AI_VECTOR_CORE,13,52,4.280,1790773410728889.730	,1790773410728894.010	
0,MatMulV2_ND_ND_FP16_FP16_false_true_all_98499,AI_CORE,13,53,63.501,1790773410728894.030	,1790773410728957.532	
0,HcPost_d2fe6614722b27afa6f8d964c215447e_0,AI_VECTOR_CORE,13,54,8.540,1790773410728957.552	,1790773410728966.092	
0,HcPre_6c9f0fa710253eff38b1c0e6be6a67be_0,MIX_AIC,13,55,33.480,1790773410728967.492	,1790773410729000.973	
0,RmsNorm_normal_all_bf16_high_performance_0,AI_VECTOR_CORE,13,56,4.840,1790773410729001.673	,1790773410729006.513	
0,MatMulV2_ND_ND_FP16_FP16_false_true_all_98499,AI_CORE,13,57,181.883,1790773410729006.553	,1790773410729188.436	
0,Slice_ee29dafe4fe21e12bb8d56ae91626cba_high_performance_524000000,AI_VECTOR_CORE,13,58,2.220,1790773410729188.456	,1790773410729190.676	
0,ClipByValueV2_e87c9546cf2804355cf0d9445a2db01a_high_performance_220000000,AI_VECTOR_CORE,13,59,9.840,1790773410729190.696	,1790773410729200.537	
0,Slice_ee29dafe4fe21e12bb8d56ae91626cba_high_performance_524000000,AI_VECTOR_CORE,13,60,2.080,1790773410729200.557	,1790773410729202.637	
0,ClipByValueV2_e87c9546cf2804355cf0d9445a2db01a_high_performance_220000000,AI_VECTOR_CORE,13,61,8.380,1790773410729202.657	,1790773410729211.037	
0,Muls_299cf4d7f9ef0f745d89d88c666b45aa_high_performance_210000000,AI_VECTOR_CORE,13,62,7.340,1790773410729211.057	,1790773410729218.397	
0,Sigmoid_1c4543fdfe7149b6b0717bd88f061562_high_precision_210000000,AI_VECTOR_CORE,13,63,8.200,1790773410729218.417	,1790773410729226.617	
0,Mul_ce3d1ff8ba23a0bcb292da3577c1625d_high_performance_210020000,AI_VECTOR_CORE,13,64,8.440,1790773410729226.637	,1790773410729235.077	
0,Add_ce3d1ff8ba23a0bcb292da3577c1625d_high_performance_223000000,AI_VECTOR_CORE,13,65,7.040,1790773410729235.097	,1790773410729242.137	
0,Mul_ce3d1ff8ba23a0bcb292da3577c1625d_high_performance_210020000,AI_VECTOR_CORE,13,66,3.000,1790773410729242.157	,1790773410729245.157	
0,MatMulV2_ND_ND_FP16_FP16_false_true_all_98513,AI_CORE,13,67,98.561,1790773410729245.177	,1790773410729343.739	
0,HcPost_d2fe6614722b27afa6f8d964c215447e_0,AI_VECTOR_CORE,13,68,8.440,1790773410729343.759	,1790773410729352.200	
0,HcPre_6c9f0fa710253eff38b1c0e6be6a67be_0,MIX_AIC,13,69,30.540,1790773410729353.540	,1790773410729384.080	
0,RmsNorm_normal_all_bf16_high_performance_0,AI_VECTOR_CORE,13,70,5.380,1790773410729385.240	,1790773410729390.620	
0,MatMulV2_ND_ND_FP16_FP16_false_true_all_98499,AI_CORE,13,71,151.083,1790773410729390.640	,1790773410729541.723	
0,Slice_ee29dafe4fe21e12bb8d56ae91626cba_high_performance_524000000,AI_VECTOR_CORE,13,72,2.380,1790773410729541.743	,1790773410729544.123	
0,MatMulV2_ND_ND_FP16_FP16_false_true_all_98325,AI_CORE,13,73,8.280,1790773410729544.143	,1790773410729552.424	
0,Slice_ee29dafe4fe21e12bb8d56ae91626cba_high_performance_524000000,AI_VECTOR_CORE,13,74,1.900,1790773410729552.444	,1790773410729554.344	
0,MatMulV2_ND_ND_FP16_FP16_false_true_all_98325,AI_CORE,13,75,7.940,1790773410729554.364	,1790773410729562.304	
0,ZerosLike_1c4543fdfe7149b6b0717bd88f061562_high_performance_210000000,AI_VECTOR_CORE,13,76,7.140,1790773410729562.344	,1790773410729569.484	
0,_copy_conv_state_kernel,AI_VECTOR_CORE,13,77,11.840,1790773410729569.504	,1790773410729581.344	
0,Slice_ee29dafe4fe21e12bb8d56ae91626cba_high_performance_524000000,AI_VECTOR_CORE,13,78,2.040,1790773410729581.364	,1790773410729583.404	
0,CausalConv1d_b0123b7fae3057c534dbb03661977c42_1,MIX_AIC,13,79,14.020,1790773410729584.344	,1790773410729598.365	
0,ViewCopy_7778b2d0a2938f9247cc0c9f84559eb2_high_performance__kernel0,AI_VECTOR_CORE,13,80,9.360,1790773410729599.585	,1790773410729608.945	
0,_copy_conv_state_kernel,AI_VECTOR_CORE,13,81,9.580,1790773410729608.965	,1790773410729618.545	
0,Slice_ee29dafe4fe21e12bb8d56ae91626cba_high_performance_524000000,AI_VECTOR_CORE,13,82,1.860,1790773410729618.565	,1790773410729620.425	
0,RecurrentKda_1ac9a791ca2957b2fe0a2e96909b5782_0,AI_VECTOR_CORE,13,83,52.081,1790773410729620.445	,1790773410729672.526	
0,_write_output,AI_VECTOR_CORE,13,84,3.240,1790773410729672.546	,1790773410729675.786	
0,layer_norm_gated_fwd_kernel,AI_VECTOR_CORE,13,85,4.280,1790773410729675.806	,1790773410729680.086	
0,MatMulV2_ND_ND_FP16_FP16_false_true_all_98499,AI_CORE,13,86,60.381,1790773410729680.126	,1790773410729740.507	
0,HcPost_d2fe6614722b27afa6f8d964c215447e_0,AI_VECTOR_CORE,13,87,8.060,1790773410729740.527	,1790773410729748.588	
0,HcPre_6c9f0fa710253eff38b1c0e6be6a67be_0,MIX_AIC,13,88,32.340,1790773410729749.548	,1790773410729781.888	
0,RmsNorm_normal_all_bf16_high_performance_0,AI_VECTOR_CORE,13,89,5.180,1790773410729783.108	,1790773410729788.288	
0,MatMulV2_ND_ND_FP16_FP16_false_true_all_98499,AI_CORE,13,90,173.623,1790773410729788.328	,1790773410729961.952	
0,N/A,EVENT_WAIT,39,30,2378.087,1790773410729904.651	,1790773410732282.738	
0,Slice_ee29dafe4fe21e12bb8d56ae91626cba_high_performance_524000000,AI_VECTOR_CORE,13,91,2.480,1790773410729961.972	,1790773410729964.452	
0,ClipByValueV2_e87c9546cf2804355cf0d9445a2db01a_high_performance_220000000,AI_VECTOR_CORE,13,92,10.580,1790773410729964.472	,1790773410729975.052	
0,Slice_ee29dafe4fe21e12bb8d56ae91626cba_high_performance_524000000,AI_VECTOR_CORE,13,93,1.880,1790773410729975.092	,1790773410729976.972	
0,ClipByValueV2_e87c9546cf2804355cf0d9445a2db01a_high_performance_220000000,AI_VECTOR_CORE,13,94,9.700,1790773410729977.012	,1790773410729986.712	
0,Muls_299cf4d7f9ef0f745d89d88c666b45aa_high_performance_210000000,AI_VECTOR_CORE,13,95,7.420,1790773410729986.732	,1790773410729994.152	
0,Sigmoid_1c4543fdfe7149b6b0717bd88f061562_high_precision_210000000,AI_VECTOR_CORE,13,96,8.360,1790773410729994.172	,1790773410730002.533	
0,Mul_ce3d1ff8ba23a0bcb292da3577c1625d_high_performance_210020000,AI_VECTOR_CORE,13,97,9.440,1790773410730002.553	,1790773410730011.993	
0,Add_ce3d1ff8ba23a0bcb292da3577c1625d_high_performance_223000000,AI_VECTOR_CORE,13,98,7.340,1790773410730012.013	,1790773410730019.353	
0,Mul_ce3d1ff8ba23a0bcb292da3577c1625d_high_performance_210020000,AI_VECTOR_CORE,13,99,2.760,1790773410730019.373	,1790773410730022.133	
0,MatMulV2_ND_ND_FP16_FP16_false_true_all_98513,AI_CORE,13,100,101.502,1790773410730022.153	,1790773410730123.655	
0,HcPost_d2fe6614722b27afa6f8d964c215447e_0,AI_VECTOR_CORE,13,101,8.180,1790773410730123.675	,1790773410730131.855	
0,HcPre_6c9f0fa710253eff38b1c0e6be6a67be_0,MIX_AIC,13,102,30.800,1790773410730132.995	,1790773410730163.796	
0,RmsNorm_normal_all_bf16_high_performance_0,AI_VECTOR_CORE,13,103,5.280,1790773410730164.696	,1790773410730169.976	
0,MatMulV2_ND_ND_FP16_FP16_false_true_all_98513,AI_CORE,13,104,19.500,1790773410730169.996	,1790773410730189.496	
0,Slice_ee29dafe4fe21e12bb8d56ae91626cba_high_performance_524000000,AI_VECTOR_CORE,13,105,1.840,1790773410730189.516	,1790773410730191.356	
0,RmsNorm_normal_all_bf16_high_performance_2,AI_VECTOR_CORE,13,106,6.020,1790773410730191.396	,1790773410730197.416	
0,Slice_ee29dafe4fe21e12bb8d56ae91626cba_high_performance_524000000,AI_VECTOR_CORE,13,107,2.080,1790773410730197.436	,1790773410730199.517	
0,RmsNorm_normal_all_bf16_high_performance_2,AI_VECTOR_CORE,13,108,4.460,1790773410730199.537	,1790773410730203.997	
0,ScatterNdUpdate_bfloat16_int32_high_precision_11,MIX_AIV,13,109,5.660,1790773410730205.177	,1790773410730210.837	
0,MatMulV2_ND_ND_FP16_FP16_false_true_all_98499,AI_CORE,13,110,46.340,1790773410730211.857	,1790773410730258.198	
0,TransposeBatchMatMul_ND_ND_ND_ND_ND_BF16_BF16_BF16_INT64_BF16_high_performance_32,AI_CORE,13,111,24.160,1790773410730258.218	,1790773410730282.378	
0,N/A,EVENT_WAIT,45,293,2002.000,1790773410730280.898	,1790773410732282.898	
0,Cast_b2717900ea7de2d41ea9c63d23aa269b_high_performance_210000000,AI_VECTOR_CORE,13,112,3.880,1790773410730282.398	,1790773410730286.278	
0,MatMulV2_ND_ND_FP32_FP32_false_true_all_65665,AI_CORE,13,113,9.440,1790773410730286.318	,1790773410730295.758	
0,Slice_82e6b4faea71b451f217d7ea57c08012_high_performance_524000000,AI_VECTOR_CORE,13,114,2.180,1790773410730295.778	,1790773410730297.958	
0,LayerNormV3_23ae115d70bd435e4cb966a52be97b55_high_precision_1600400500,AI_VECTOR_CORE,13,115,6.140,1790773410730297.978	,1790773410730304.119	
0,MatMulV2_ND_ND_FP32_FP32_false_true_all_65665,AI_CORE,13,116,9.000,1790773410730304.139	,1790773410730313.139	
0,MatMulV2_ND_ND_FP16_FP16_false_true_all_98499,AI_CORE,13,117,16.460,1790773410730313.179	,1790773410730329.639	
0,Slice_82e6b4faea71b451f217d7ea57c08012_high_performance_524000000,AI_VECTOR_CORE,13,118,1.980,1790773410730329.659	,1790773410730331.639	
0,Cast_9f288b80370c6545ffe8cef142d37f5c_high_performance_210000000,AI_VECTOR_CORE,13,119,1.440,1790773410730331.659	,1790773410730333.099	
0,Muls_299cf4d7f9ef0f745d89d88c666b45aa_high_performance_210000000,AI_VECTOR_CORE,13,120,1.360,1790773410730333.119	,1790773410730334.479	
0,_glm5_next_kpool_tail_compress_kernel,AI_VECTOR_CORE,13,121,7.120,1790773410730334.499	,1790773410730341.619	
0,_store_kpool_tail_kernel,AI_VECTOR_CORE,13,122,4.820,1790773410730341.639	,1790773410730346.459	
0,Cast_b2717900ea7de2d41ea9c63d23aa269b_high_performance_210000000,AI_VECTOR_CORE,13,123,2.660,1790773410730346.479	,1790773410730349.140	
0,Cast_b2717900ea7de2d41ea9c63d23aa269b_high_performance_210000000,AI_VECTOR_CORE,13,124,1.160,1790773410730349.160	,1790773410730350.320	
0,Mul_ee98c6628030785f610b924ab1557b31_high_performance_212000001,AI_VECTOR_CORE,13,125,9.380,1790773410730350.340	,1790773410730359.720	
0,ReduceSum_7a09f5b7af4126487a7f726a9aac7548_high_performance_10002100900,MIX_AIV,13,126,12.140,1790773410730360.660	,1790773410730372.800	
0,_glm5_next_lightning_indexer_score_kernel,AI_VECTOR_CORE,13,127,10.520,1790773410730374.060	,1790773410730384.580	
0,TopKV2_5c671486fda0d949d7cba9a9754bc2dd_high_performance_2017612701781458944,MIX_AIV,13,128,10.280,1790773410730386.020	,1790773410730396.300	
0,Cast_e87590d11ccda8b259ab6b1ea7212319_high_performance_210000000,AI_VECTOR_CORE,13,129,1.900,1790773410730397.580	,1790773410730399.481	
0,Cast_39a266ce9a8d7d9ead33f6686e936b72_high_performance_210000000,AI_VECTOR_CORE,13,130,2.240,1790773410730399.521	,1790773410730401.761	
0,_expand_pool_indices,AI_VECTOR_CORE,13,131,13.260,1790773410730401.781	,1790773410730415.041	
0,Slice_b9b91ad79a469f7fcff72949705be0f9_high_performance_521000000,AI_VECTOR_CORE,13,132,2.040,1790773410730415.081	,1790773410730417.121	
0,SparseFlashAttention_2e25ad8fefac1f04c03bd78f2d2ab366_1158,MIX_AIC,13,133,30.580,1790773410730418.441	,1790773410730449.022	
0,TransposeBatchMatMul_ND_ND_ND_ND_ND_BF16_BF16_BF16_INT64_BF16_high_performance_32,AI_CORE,13,134,22.060,1790773410730450.142	,1790773410730472.202	
0,MatMulV2_ND_ND_FP16_FP16_false_true_all_98513,AI_CORE,13,135,135.482,1790773410730472.222	,1790773410730607.705	
0,N/A,MEMCPY_ASYNC,13,136,0.600,1790773410730607.725	,1790773410730608.325	
0,HcPost_d2fe6614722b27afa6f8d964c215447e_0,AI_VECTOR_CORE,13,137,8.320,1790773410730608.345	,1790773410730616.665	
0,HcPre_6c9f0fa710253eff38b1c0e6be6a67be_0,MIX_AIC,13,138,29.740,1790773410730617.545	,1790773410730647.285	
0,RmsNorm_normal_all_bf16_high_performance_0,AI_VECTOR_CORE,13,139,5.140,1790773410730648.025	,1790773410730653.166	
0,N/A,EVENT_RECORD,13,140,0.020,1790773410730653.186	,1790773410730653.206	
0,Cast_b2717900ea7de2d41ea9c63d23aa269b_high_performance_210000000,AI_VECTOR_CORE,13,141,3.380,1790773410730653.226	,1790773410730656.606	
0,MatMulV2_ND_ND_FP32_FP32_false_true_all_65665,AI_CORE,13,142,5.680,1790773410730656.626	,1790773410730662.306	
0,N/A,EVENT_RECORD,13,143,0.020,1790773410730662.326	,1790773410730662.346	
0,MoeGatingTopK_81369a2fa0455f39b5d19d432d261f57_1,AI_VECTOR_CORE,13,144,5.240,1790773410730662.366	,1790773410730667.606	
0,N/A,EVENT_RECORD,13,145,0.020,1790773410730667.626	,1790773410730667.646	
0,MoeInitRoutingV3_4ca8d2d329b4477b44dd2ee885849b12_2100000,MIX_AIV,13,146,13.680,1790773410730668.926	,1790773410730682.606	
0,GroupedMatmul_0d2d43751f81d7f29646a862147967c9_68885275,MIX_AIC,13,147,218.004,1790773410730685.386	,1790773410730903.391	
0,Slice_ee29dafe4fe21e12bb8d56ae91626cba_high_performance_524000000,AI_VECTOR_CORE,13,148,2.640,1790773410730904.511	,1790773410730907.151	
0,ClipByValueV2_e87c9546cf2804355cf0d9445a2db01a_high_performance_220000000,AI_VECTOR_CORE,13,149,10.620,1790773410730907.171	,1790773410730917.791	
0,ViewCopy_7778b2d0a2938f9247cc0c9f84559eb2_high_performance__kernel0,AI_VECTOR_CORE,13,150,12.240,1790773410730917.811	,1790773410730930.051	
0,Slice_ee29dafe4fe21e12bb8d56ae91626cba_high_performance_524000000,AI_VECTOR_CORE,13,151,2.520,1790773410730930.071	,1790773410730932.591	
0,ClipByValueV2_e87c9546cf2804355cf0d9445a2db01a_high_performance_220000000,AI_VECTOR_CORE,13,152,7.500,1790773410730932.631	,1790773410730940.131	
0,ViewCopy_7778b2d0a2938f9247cc0c9f84559eb2_high_performance__kernel0,AI_VECTOR_CORE,13,153,10.900,1790773410730940.151	,1790773410730951.052	
0,SwiGlu_3_high_performance_27,AI_VECTOR_CORE,13,154,6.800,1790773410730951.072	,1790773410730957.872	
0,N/A,EVENT_RECORD,13,155,0.020,1790773410730957.892	,1790773410730957.912	
0,GroupedMatmul_0d2d43751f81d7f29646a862147967c9_68885275,MIX_AIC,13,156,100.202,1790773410730959.232	,1790773410731059.434	
0,N/A,EVENT_RECORD,13,157,0.020,1790773410731060.494	,1790773410731060.514	
0,Cast_9f288b80370c6545ffe8cef142d37f5c_high_performance_210000000,AI_VECTOR_CORE,13,158,1.240,1790773410731060.534	,1790773410731061.774	
0,Abs_8098b79498645e9c0da095babdeaf862_high_performance_210000000,AI_VECTOR_CORE,13,159,1.520,1790773410731061.814	,1790773410731063.334	
0,MoeTokenUnpermute_6dd49246dc9576d3314234df69cb5c22_1,AI_VECTOR_CORE,13,160,4.640,1790773410731063.354	,1790773410731067.994	
0,MatMulV2_ND_ND_FP16_FP16_false_true_all_98499,AI_CORE,13,161,31.120,1790773410731068.034	,1790773410731099.154	
0,Slice_ee29dafe4fe21e12bb8d56ae91626cba_high_performance_524000000,AI_VECTOR_CORE,13,162,1.760,1790773410731099.194	,1790773410731100.955	
0,ClipByValueV2_e87c9546cf2804355cf0d9445a2db01a_high_performance_220000000,AI_VECTOR_CORE,13,163,2.340,1790773410731100.975	,1790773410731103.315	
0,Slice_ee29dafe4fe21e12bb8d56ae91626cba_high_performance_524000000,AI_VECTOR_CORE,13,164,1.420,1790773410731103.335	,1790773410731104.755	
0,ClipByValueV2_e87c9546cf2804355cf0d9445a2db01a_high_performance_220000000,AI_VECTOR_CORE,13,165,2.720,1790773410731104.775	,1790773410731107.495	
0,Muls_299cf4d7f9ef0f745d89d88c666b45aa_high_performance_210000000,AI_VECTOR_CORE,13,166,2.040,1790773410731107.515	,1790773410731109.555	
0,Sigmoid_1c4543fdfe7149b6b0717bd88f061562_high_precision_210000000,AI_VECTOR_CORE,13,167,2.940,1790773410731109.575	,1790773410731112.515	
0,Mul_ce3d1ff8ba23a0bcb292da3577c1625d_high_performance_210020000,AI_VECTOR_CORE,13,168,2.540,1790773410731112.535	,1790773410731115.075	
0,Add_ce3d1ff8ba23a0bcb292da3577c1625d_high_performance_223000000,AI_VECTOR_CORE,13,169,2.600,1790773410731115.095	,1790773410731117.695	
0,Mul_ce3d1ff8ba23a0bcb292da3577c1625d_high_performance_210020000,AI_VECTOR_CORE,13,170,2.680,1790773410731117.715	,1790773410731120.395	
0,MatMulV2_ND_ND_FP16_FP16_false_true_all_98499,AI_CORE,13,171,18.200,1790773410731120.435	,1790773410731138.635	
0,ForeachAddList_c73cb8f503197be65eaf63148ad48de4_high_performance_4,AI_VECTOR_CORE,13,172,14.180,1790773410731138.655	,1790773410731152.836	
0,HcPost_d2fe6614722b27afa6f8d964c215447e_0,AI_VECTOR_CORE,13,173,6.480,1790773410731152.876	,1790773410731159.356	
0,ReduceMean_9a2479d4dc5148645cb3f4b9e765c637_high_precision_2100900,MIX_AIV,13,174,10.960,1790773410731160.576	,1790773410731171.536	
0,RmsNorm_normal_all_bf16_high_performance_0,AI_VECTOR_CORE,13,175,3.720,1790773410731172.756	,1790773410731176.476	
0,N/A,EVENT_RESET,13,176,0.100,1790773410731176.496	,1790773410731176.596	
0,N/A,EVENT_RESET,13,177,0.100,1790773410731176.616	,1790773410731176.716	
0,N/A,EVENT_RESET,13,178,0.100,1790773410731176.736	,1790773410731176.836	
0,N/A,EVENT_RESET,13,179,0.100,1790773410731176.856	,1790773410731176.956	
0,N/A,EVENT_RESET,13,180,0.080,1790773410731176.976	,1790773410731177.056	
0,N/A,NOTIFY_RECORD,13,181,0.000,1790773410731177.096	,1790773410731177.096	
0,IndexCheck_int32_high_performance_1,AI_VECTOR_CORE,47,5019,3.500,1790773410731177.636	,1790773410731181.136	
0,Index_b1b18d29d34a3b544b5bb6b3f56177c3_high_performance__kernel0,AI_VECTOR_CORE,47,5020,8.580,1790773410731181.156	,1790773410731189.736	
0,MatMulV2_ND_ND_FP16_FP16_false_true_all_98499,AI_CORE,47,5021,912.638,1790773410731189.756	,1790773410732102.395	
0,Cast_b2717900ea7de2d41ea9c63d23aa269b_high_performance_210000000,AI_VECTOR_CORE,47,5022,7.660,1790773410732102.435	,1790773410732110.095	
0,LogSoftmaxV2_291664ae3e88b38b8b46c2efbbea27c9_high_precision_400001,AI_VECTOR_CORE,47,5023,44.640,1790773410732110.115	,1790773410732154.756	
0,Cast_b2717900ea7de2d41ea9c63d23aa269b_high_performance_210000000,AI_VECTOR_CORE,47,5024,3.120,1790773410732154.776	,1790773410732157.896	
0,ArgMaxV2_4402011f777d6374ab9f6425cb5984c4_high_performance_3,AI_VECTOR_CORE,47,5025,19.680,1790773410732157.936	,1790773410732177.616	
0,Cast_e87590d11ccda8b259ab6b1ea7212319_high_performance_210000000,AI_VECTOR_CORE,47,5026,1.360,1790773410732177.636	,1790773410732178.996	
0,TopKV2_5c671486fda0d949d7cba9a9754bc2dd_high_performance_2017612907943034881,MIX_AIV,47,5027,31.540,1790773410732180.236	,1790773410732211.777	
0,TopKV2_5c671486fda0d949d7cba9a9754bc2dd_high_performance_2017612701781458944,MIX_AIV,47,5028,4.260,1790773410732214.417	,1790773410732218.677	
0,GatherElements_8b4ec10fbb39c5c0a65192c606400b29_high_performance__kernel0,AI_VECTOR_CORE,47,5029,4.200,1790773410732219.877	,1790773410732224.077	
0,Cast_e87590d11ccda8b259ab6b1ea7212319_high_performance_210000000,AI_VECTOR_CORE,47,5030,1.160,1790773410732224.117	,1790773410732225.277	
0,Cast_39a266ce9a8d7d9ead33f6686e936b72_high_performance_210000000,AI_VECTOR_CORE,47,5031,1.440,1790773410732225.297	,1790773410732226.737	
0,GatherElementsV2_fp32_high_performance_2,AI_VECTOR_CORE,47,5032,4.340,1790773410732226.757	,1790773410732231.097	
0,GreaterEqual_3efaad932f458d7892fdb0715ec85b2b_high_performance_212000002,AI_VECTOR_CORE,47,5033,11.200,1790773410732231.117	,1790773410732242.317	
0,Cast_df2b778f1b80e749bd4242386ec57ab9_high_performance_210000000,AI_VECTOR_CORE,47,5034,6.960,1790773410732242.357	,1790773410732249.317	
0,ReduceSum_7a09f5b7af4126487a7f726a9aac7548_high_performance_110001000400,MIX_AIV,47,5035,21.100,1790773410732250.257	,1790773410732271.358	
0,Cast_c6738f795430c3c6f09cdc8d52a1b43d_high_performance_210000000,AI_VECTOR_CORE,47,5036,1.420,1790773410732272.198	,1790773410732273.618	
0,ConcatD_0d745295987e1c668b2ec8b2844aeada_high_performance_0,AI_VECTOR_CORE,47,5037,3.240,1790773410732273.638	,1790773410732276.878	
0,ConcatD_233851a3505389e43928a8bba133a74d_high_performance_0,AI_VECTOR_CORE,47,5038,2.480,1790773410732276.898	,1790773410732279.378	
0,Cast_39a266ce9a8d7d9ead33f6686e936b72_high_performance_210000000,AI_VECTOR_CORE,47,5039,1.480,1790773410732279.418	,1790773410732280.898	
0,Cast_39a266ce9a8d7d9ead33f6686e936b72_high_performance_210000000,AI_VECTOR_CORE,47,5040,1.300,1790773410732280.918	,1790773410732282.218	
0,N/A,EVENT_RECORD,47,5041,0.020,1790773410732282.238	,1790773410732282.258	
0,N/A,EVENT_RECORD,47,5042,0.020,1790773410732282.278	,1790773410732282.298	
0,N/A,MEMCPY_ASYNC,45,294,1.960,1790773410732282.918	,1790773410732284.878	
0,N/A,MEMCPY_ASYNC,45,295,1.920,1790773410732285.038	,1790773410732286.958	
0,N/A,MEMCPY_ASYNC,45,296,1.920,1790773410732287.118	,1790773410732289.038	
0,N/A,MEMCPY_ASYNC,45,297,1.940,1790773410732289.178	,1790773410732291.118	
0,N/A,EVENT_RECORD,45,298,0.000,1790773410732291.278	,1790773410732291.278	
0,N/A,EVENT_RECORD,45,299,0.000,1790773410732291.318	,1790773410732291.318	
0,N/A,EVENT_RECORD,45,300,0.020,1790773410732291.338	,1790773410732291.358	
0,N/A,EVENT_RECORD,45,301,0.000,1790773410732291.378	,1790773410732291.378	
0,N/A,EVENT_RECORD,45,302,0.020,1790773410732291.398	,1790773410732291.418	
0,N/A,MEMCPY_ASYNC,47,5043,2.400,1790773410732508.823	,1790773410732511.223	
0,N/A,MEMCPY_ASYNC,47,5044,2.480,1790773410732576.944	,1790773410732579.424	
0,N/A,MEMCPY_ASYNC,47,5045,2.360,1790773410732654.706	,1790773410732657.066	
0,N/A,MEMCPY_ASYNC,47,5046,2.780,1790773410732728.887	,1790773410732731.667	
0,N/A,MEMCPY_ASYNC,47,5047,2.540,1790773410732790.888	,1790773410732793.428	
0,N/A,MEMCPY_ASYNC,47,5048,2.360,1790773410733066.174	,1790773410733068.534	
0,N/A,MEMCPY_ASYNC,47,5049,2.220,1790773410733258.958	,1790773410733261.178	
0,N/A,MEMCPY_ASYNC,47,5050,2.500,1790773410733299.618	,1790773410733302.119	
0,Fill_1fbc7ee619b707282bbfd034093621df_high_performance_223000000,AI_VECTOR_CORE,47,5051,1.540,1790773410733480.862	,1790773410733482.402	
0,N/A,MEMCPY_ASYNC,47,5052,0.640,1790773410733675.206	,1790773410733675.846	
0,N/A,MEMCPY_ASYNC,47,5053,2.380,1790773410734082.994	,1790773410734085.374	
0,Fill_1fbc7ee619b707282bbfd034093621df_high_performance_223000000,AI_VECTOR_CORE,47,5054,1.440,1790773410734102.935	,1790773410734104.375	
0,N/A,MEMCPY_ASYNC,47,5055,2.380,1790773410734126.395	,1790773410734128.775	
0,N/A,MEMCPY_ASYNC,47,5056,2.380,1790773410734163.416	,1790773410734165.796	
0,N/A,MEMCPY_ASYNC,47,5057,2.220,1790773410734171.056	,1790773410734173.276	
0,N/A,MEMCPY_ASYNC,47,5058,2.240,1790773410734251.637	,1790773410734253.878	
0,IndexCheck_int64_high_performance_0,AI_VECTOR_CORE,47,5059,3.100,1790773410734431.961	,1790773410734435.061	
0,Index_f34e8f0e5e2c96109aa0460550023804_high_performance__kernel0,AI_VECTOR_CORE,47,5060,8.400,1790773410734435.081	,1790773410734443.481	
0,Cast_e87590d11ccda8b259ab6b1ea7212319_high_performance_210000000,AI_VECTOR_CORE,47,5061,1.260,1790773410734475.942	,1790773410734477.202	
0,Add_41dadce325b0f810d03359af2a38990b_high_performance_210000000,AI_VECTOR_CORE,47,5062,2.280,1790773410734566.844	,1790773410734569.124	
0,N/A,MEMCPY_ASYNC,47,5063,0.580,1790773410734688.626	,1790773410734689.206	
0,Add_9342884c99c006e21fc9d5d9260b8bef_high_performance_210000000,AI_VECTOR_CORE,47,5064,1.560,1790773410734743.307	,1790773410734744.867	
0,N/A,MEMCPY_ASYNC,47,5065,0.620,1790773410734843.729	,1790773410734844.349	
0,Fill_1fbc7ee619b707282bbfd034093621df_high_performance_210000000,AI_VECTOR_CORE,47,5066,1.460,1790773410734885.210	,1790773410734886.670	
0,_compute_slot_mapping_fused_groups_adaptive_kernel,AI_VECTOR_CORE,47,5067,4.880,1790773410735267.678	,1790773410735272.558	
0,Sub_9342884c99c006e21fc9d5d9260b8bef_high_performance_223000000,AI_VECTOR_CORE,47,5068,1.480,1790773410735609.085	,1790773410735610.565	
0,N/A,MEMCPY_ASYNC,47,5069,2.400,1790773410735766.988	,1790773410735769.388	
0,Fill_1fbc7ee619b707282bbfd034093621df_high_performance_210000000,AI_VECTOR_CORE,47,5070,1.320,1790773410735932.631	,1790773410735933.951	
0,Fill_1fbc7ee619b707282bbfd034093621df_high_performance_223000000,AI_VECTOR_CORE,47,5071,1.520,1790773410735951.831	,1790773410735953.351	
0,Cast_e87590d11ccda8b259ab6b1ea7212319_high_performance_210000000,AI_VECTOR_CORE,47,5072,1.220,1790773410736480.982	,1790773410736482.202	
0,FloorDiv_41dadce325b0f810d03359af2a38990b_high_performance_223000000,AI_VECTOR_CORE,47,5073,6.580,1790773410736483.242	,1790773410736489.822	
0,Cast_39a266ce9a8d7d9ead33f6686e936b72_high_performance_210000000,AI_VECTOR_CORE,47,5074,1.480,1790773410736489.842	,1790773410736491.322	
0,N/A,MEMCPY_ASYNC,47,5075,0.600,1790773410736623.585	,1790773410736624.185	
0,Cast_e87590d11ccda8b259ab6b1ea7212319_high_performance_210000000,AI_VECTOR_CORE,47,5076,1.080,1790773410736706.747	,1790773410736707.827	
0,GreaterEqual_1ea4da630f56dc1c2d6e7c9a9dd17b11_high_performance_223000000,AI_VECTOR_CORE,47,5077,2.880,1790773410736708.847	,1790773410736711.727	
0,Add_41dadce325b0f810d03359af2a38990b_high_performance_223000000,AI_VECTOR_CORE,47,5078,2.760,1790773410736750.027	,1790773410736752.787	
0,BroadcastTo_41dadce325b0f810d03359af2a38990b_high_performance_232000000,AI_VECTOR_CORE,47,5079,1.640,1790773410736840.749	,1790773410736842.389	
0,FloorMod_41dadce325b0f810d03359af2a38990b_high_precision_210000000,AI_VECTOR_CORE,47,5080,1.720,1790773410736842.989	,1790773410736844.709	
0,Equal_1ea4da630f56dc1c2d6e7c9a9dd17b11_high_performance_223000000,AI_VECTOR_CORE,47,5081,2.280,1790773410736872.010	,1790773410736874.290	
0,LogicalAnd_91d2a3cdd75d915a368582ec5f440af1_high_performance_210000000,AI_VECTOR_CORE,47,5082,1.660,1790773410736895.570	,1790773410736897.230	
0,ClipByValueV2_3bc53d14ff7dfecd0ed0c69136ab471a_high_performance_220000000,AI_VECTOR_CORE,47,5083,3.100,1790773410736929.211	,1790773410736932.311	
0,Cast_e87590d11ccda8b259ab6b1ea7212319_high_performance_210000000,AI_VECTOR_CORE,47,5084,1.180,1790773410736994.912	,1790773410736996.092	
0,FloorDiv_41dadce325b0f810d03359af2a38990b_high_performance_223000000,AI_VECTOR_CORE,47,5085,1.700,1790773410736997.092	,1790773410736998.792	
0,Cast_39a266ce9a8d7d9ead33f6686e936b72_high_performance_210000000,AI_VECTOR_CORE,47,5086,1.340,1790773410736999.252	,1790773410737000.592	
0,BroadcastTo_c71434db8135ff9089d65053721e3417_high_performance_232000000,AI_VECTOR_CORE,47,5087,1.380,1790773410737038.973	,1790773410737040.353	
0,FloorMod_9342884c99c006e21fc9d5d9260b8bef_high_precision_210000000,AI_VECTOR_CORE,47,5088,3.440,1790773410737048.513	,1790773410737051.953	
0,Mul_9342884c99c006e21fc9d5d9260b8bef_high_performance_223000000,AI_VECTOR_CORE,47,5089,1.480,1790773410737097.454	,1790773410737098.934	
0,Cast_e87590d11ccda8b259ab6b1ea7212319_high_performance_210000000,AI_VECTOR_CORE,47,5090,1.260,1790773410737139.255	,1790773410737140.515	
0,FloorDiv_41dadce325b0f810d03359af2a38990b_high_performance_223000000,AI_VECTOR_CORE,47,5091,1.780,1790773410737150.435	,1790773410737152.215	
0,Cast_39a266ce9a8d7d9ead33f6686e936b72_high_performance_210000000,AI_VECTOR_CORE,47,5092,1.000,1790773410737152.235	,1790773410737153.235	
0,Add_9342884c99c006e21fc9d5d9260b8bef_high_performance_210000000,AI_VECTOR_CORE,47,5093,1.320,1790773410737170.976	,1790773410737172.296	
0,Fill_1fbc7ee619b707282bbfd034093621df_high_performance_223000000,AI_VECTOR_CORE,47,5094,1.160,1790773410737242.237	,1790773410737243.397	
0,SelectV2_9bb0969ab50036eba4428cd9974a5c0b_high_performance_210000000,AI_VECTOR_CORE,47,5095,2.100,1790773410737271.978	,1790773410737274.078	
0,Cast_e87590d11ccda8b259ab6b1ea7212319_high_performance_210000000,AI_VECTOR_CORE,47,5096,1.200,1790773410737324.859	,1790773410737326.059	
0,Cast_e87590d11ccda8b259ab6b1ea7212319_high_performance_210000000,AI_VECTOR_CORE,47,5097,1.220,1790773410737416.801	,1790773410737418.021	
0,FloorDiv_41dadce325b0f810d03359af2a38990b_high_performance_223000000,AI_VECTOR_CORE,47,5098,1.980,1790773410737418.201	,1790773410737420.181	
0,Cast_39a266ce9a8d7d9ead33f6686e936b72_high_performance_210000000,AI_VECTOR_CORE,47,5099,1.240,1790773410737420.201	,1790773410737421.441	
0,N/A,MEMCPY_ASYNC,47,5100,0.600,1790773410737577.564	,1790773410737578.164	
0,N/A,MEMCPY_ASYNC,47,5101,0.620,1790773410737664.046	,1790773410737664.666	
0,Fill_1fbc7ee619b707282bbfd034093621df_high_performance_210000000,AI_VECTOR_CORE,47,5102,1.440,1790773410737905.150	,1790773410737906.591	
0,Fill_1fbc7ee619b707282bbfd034093621df_high_performance_210000000,AI_VECTOR_CORE,47,5103,1.200,1790773410737950.331	,1790773410737951.531	
0,Fill_1fbc7ee619b707282bbfd034093621df_high_performance_210000000,AI_VECTOR_CORE,47,5104,1.280,1790773410738133.455	,1790773410738134.735	
0,Fill_1fbc7ee619b707282bbfd034093621df_high_performance_210000000,AI_VECTOR_CORE,47,5105,1.300,1790773410738162.956	,1790773410738164.256	
0,N/A,MEMCPY_ASYNC,47,5106,0.580,1790773410738797.128	,1790773410738797.708	
0,Fill_1fbc7ee619b707282bbfd034093621df_high_performance_210000000,AI_VECTOR_CORE,47,5107,1.100,1790773410738843.069	,1790773410738844.169	
0,N/A,MEMCPY_ASYNC,47,5108,0.640,1790773410738975.052	,1790773410738975.692	
0,N/A,MEMCPY_ASYNC,47,5109,0.560,1790773410739107.695	,1790773410739108.255	
0,N/A,MEMCPY_ASYNC,47,5110,0.660,1790773410739272.678	,1790773410739273.338	
0,Sub_9342884c99c006e21fc9d5d9260b8bef_high_performance_210000000,AI_VECTOR_CORE,47,5111,1.660,1790773410739385.920	,1790773410739387.580	
0,Fill_1fbc7ee619b707282bbfd034093621df_high_performance_210000000,AI_VECTOR_CORE,47,5112,1.360,1790773410739598.084	,1790773410739599.444	
0,Fill_1fbc7ee619b707282bbfd034093621df_high_performance_210000000,AI_VECTOR_CORE,47,5113,1.340,1790773410739627.985	,1790773410739629.325	
0,N/A,MEMCPY_ASYNC,47,5114,0.540,1790773410740200.696	,1790773410740201.236	
0,Fill_1fbc7ee619b707282bbfd034093621df_high_performance_210000000,AI_VECTOR_CORE,47,5115,1.360,1790773410740230.097	,1790773410740231.457	
0,N/A,MEMCPY_ASYNC,47,5116,0.580,1790773410740340.839	,1790773410740341.419	
0,N/A,MEMCPY_ASYNC,47,5117,0.520,1790773410740493.042	,1790773410740493.562	
0,N/A,MEMCPY_ASYNC,47,5118,0.660,1790773410740610.865	,1790773410740611.525	
0,Sub_9342884c99c006e21fc9d5d9260b8bef_high_performance_210000000,AI_VECTOR_CORE,47,5119,1.300,1790773410740688.166	,1790773410740689.466	
0,Fill_1fbc7ee619b707282bbfd034093621df_high_performance_210000000,AI_VECTOR_CORE,47,5120,1.240,1790773410740881.990	,1790773410740883.230	
0,Fill_1fbc7ee619b707282bbfd034093621df_high_performance_210000000,AI_VECTOR_CORE,47,5121,1.040,1790773410740897.030	,1790773410740898.070	
0,N/A,MEMCPY_ASYNC,47,5122,0.580,1790773410741425.581	,1790773410741426.161	
0,Fill_1fbc7ee619b707282bbfd034093621df_high_performance_210000000,AI_VECTOR_CORE,47,5123,1.300,1790773410741471.422	,1790773410741472.722	
0,N/A,MEMCPY_ASYNC,47,5124,0.620,1790773410741585.764	,1790773410741586.384	
0,N/A,MEMCPY_ASYNC,47,5125,0.580,1790773410741693.146	,1790773410741693.726	
0,N/A,MEMCPY_ASYNC,47,5126,0.600,1790773410741817.389	,1790773410741817.989	
0,Sub_9342884c99c006e21fc9d5d9260b8bef_high_performance_210000000,AI_VECTOR_CORE,47,5127,1.380,1790773410741910.431	,1790773410741911.811	
0,N/A,EVENT_RECORD,47,5128,0.020,1790773410742155.875	,1790773410742155.895	
0,ZerosLike_1d2fd313763487259859439d7e9b41cf_high_performance_210000000,AI_VECTOR_CORE,47,5129,1.900,1790773410742338.639	,1790773410742340.539	
0,Fill_279daeaf6b659300647aba3935d90048_high_performance_210000000,AI_VECTOR_CORE,47,5130,1.720,1790773410742584.864	,1790773410742586.584	
0,Cast_a9b7af94359fc7c19da07ad0790f065c_high_performance_210000000,AI_VECTOR_CORE,47,5131,1.220,1790773410742645.245	,1790773410742646.465	
0,BroadcastTo_c71434db8135ff9089d65053721e3417_high_performance_232000000,AI_VECTOR_CORE,47,5132,1.300,1790773410742647.245	,1790773410742648.545	
0,Cast_9fc020fd54590bb5fe6cf6eabcf7b473_high_performance_210000000,AI_VECTOR_CORE,47,5133,1.300,1790773410742650.625	,1790773410742651.925	
0,Fill_279daeaf6b659300647aba3935d90048_high_performance_210000000,AI_VECTOR_CORE,47,5134,1.220,1790773410742699.206	,1790773410742700.426	
0,N/A,MEMCPY_ASYNC,47,5135,0.560,1790773410742793.708	,1790773410742794.268	
0,N/A,MODEL_EXECUTE,47,5136,3.020,1790773410743017.173	,1790773410743020.193	
0,Cast_e87590d11ccda8b259ab6b1ea7212319_high_performance_210000000,AI_VECTOR_CORE,13,0,1.240,1790773410743020.113	,1790773410743021.353	
0,GatherV2_7869a97190b9b4d296d9414a005b954b_high_precision_900015010,AI_VECTOR_CORE,13,1,2.840,1790773410743021.393	,1790773410743024.233	
0,BroadcastTo_7e5992d3033ef32a3463c5d198e518a1_high_performance_212100003,AI_VECTOR_CORE,13,2,6.660,1790773410743024.253	,1790773410743030.913	
0,HcPre_6c9f0fa710253eff38b1c0e6be6a67be_0,MIX_AIC,13,3,33.120,1790773410743031.993	,1790773410743065.114	
0,N/A,NOTIFY_WAIT,47,5137,3428.368,1790773410743032.253	,1790773410746460.621	
0,RmsNorm_normal_all_bf16_high_performance_0,AI_VECTOR_CORE,13,4,5.280,1790773410743066.134	,1790773410743071.414	
0,MatMulV2_ND_ND_FP16_FP16_false_true_all_98499,AI_CORE,13,5,165.643,1790773410743071.434	,1790773410743237.077	
0,Slice_ee29dafe4fe21e12bb8d56ae91626cba_high_performance_524000000,AI_VECTOR_CORE,13,6,2.360,1790773410743237.097	,1790773410743239.457	
0,MatMulV2_ND_ND_FP16_FP16_false_true_all_98325,AI_CORE,13,7,10.080,1790773410743239.497	,1790773410743249.577	
0,Slice_ee29dafe4fe21e12bb8d56ae91626cba_high_performance_524000000,AI_VECTOR_CORE,13,8,1.780,1790773410743249.617	,1790773410743251.397	
0,MatMulV2_ND_ND_FP16_FP16_false_true_all_98325,AI_CORE,13,9,7.940,1790773410743251.417	,1790773410743259.357	
0,ZerosLike_1c4543fdfe7149b6b0717bd88f061562_high_performance_210000000,AI_VECTOR_CORE,13,10,7.280,1790773410743259.377	,1790773410743266.658	
0,_copy_conv_state_kernel,AI_VECTOR_CORE,13,11,12.360,1790773410743266.698	,1790773410743279.058	
0,Slice_ee29dafe4fe21e12bb8d56ae91626cba_high_performance_524000000,AI_VECTOR_CORE,13,12,2.260,1790773410743279.098	,1790773410743281.358	
0,CausalConv1d_b0123b7fae3057c534dbb03661977c42_1,MIX_AIC,13,13,13.980,1790773410743282.558	,1790773410743296.538	
0,ViewCopy_7778b2d0a2938f9247cc0c9f84559eb2_high_performance__kernel0,AI_VECTOR_CORE,13,14,10.480,1790773410743297.758	,1790773410743308.238	
0,_copy_conv_state_kernel,AI_VECTOR_CORE,13,15,9.920,1790773410743308.258	,1790773410743318.179	
0,Slice_ee29dafe4fe21e12bb8d56ae91626cba_high_performance_524000000,AI_VECTOR_CORE,13,16,1.640,1790773410743318.219	,1790773410743319.859	
0,RecurrentKda_1ac9a791ca2957b2fe0a2e96909b5782_0,AI_VECTOR_CORE,13,17,52.861,1790773410743319.899	,1790773410743372.760	
0,_write_output,AI_VECTOR_CORE,13,18,3.120,1790773410743372.780	,1790773410743375.900	
0,layer_norm_gated_fwd_kernel,AI_VECTOR_CORE,13,19,4.240,1790773410743375.920	,1790773410743380.160	
0,MatMulV2_ND_ND_FP16_FP16_false_true_all_98499,AI_CORE,13,20,56.941,1790773410743380.180	,1790773410743437.121	
0,HcPost_d2fe6614722b27afa6f8d964c215447e_0,AI_VECTOR_CORE,13,21,8.100,1790773410743437.161	,1790773410743445.261	
0,HcPre_6c9f0fa710253eff38b1c0e6be6a67be_0,MIX_AIC,13,22,31.060,1790773410743446.461	,1790773410743477.522	
0,RmsNorm_normal_all_bf16_high_performance_0,AI_VECTOR_CORE,13,23,5.740,1790773410743478.742	,1790773410743484.482	
0,MatMulV2_ND_ND_FP16_FP16_false_true_all_98499,AI_CORE,13,24,176.803,1790773410743484.502	,1790773410743661.305	
0,Slice_ee29dafe4fe21e12bb8d56ae91626cba_high_performance_524000000,AI_VECTOR_CORE,13,25,2.140,1790773410743661.325	,1790773410743663.466	
0,ClipByValueV2_e87c9546cf2804355cf0d9445a2db01a_high_performance_220000000,AI_VECTOR_CORE,13,26,9.400,1790773410743663.486	,1790773410743672.886	
0,Slice_ee29dafe4fe21e12bb8d56ae91626cba_high_performance_524000000,AI_VECTOR_CORE,13,27,1.780,1790773410743672.906	,1790773410743674.686	
0,ClipByValueV2_e87c9546cf2804355cf0d9445a2db01a_high_performance_220000000,AI_VECTOR_CORE,13,28,7.600,1790773410743674.726	,1790773410743682.326	
0,Muls_299cf4d7f9ef0f745d89d88c666b45aa_high_performance_210000000,AI_VECTOR_CORE,13,29,7.380,1790773410743682.366	,1790773410743689.746	
0,Sigmoid_1c4543fdfe7149b6b0717bd88f061562_high_precision_210000000,AI_VECTOR_CORE,13,30,8.340,1790773410743689.766	,1790773410743698.106	
0,Mul_ce3d1ff8ba23a0bcb292da3577c1625d_high_performance_210020000,AI_VECTOR_CORE,13,31,9.440,1790773410743698.126	,1790773410743707.566	
0,Add_ce3d1ff8ba23a0bcb292da3577c1625d_high_performance_223000000,AI_VECTOR_CORE,13,32,6.860,1790773410743707.586	,1790773410743714.447	
0,Mul_ce3d1ff8ba23a0bcb292da3577c1625d_high_performance_210020000,AI_VECTOR_CORE,13,33,2.840,1790773410743714.487	,1790773410743717.327	
0,MatMulV2_ND_ND_FP16_FP16_false_true_all_98513,AI_CORE,13,34,104.082,1790773410743717.347	,1790773410743821.429	
0,HcPost_d2fe6614722b27afa6f8d964c215447e_0,AI_VECTOR_CORE,13,35,8.020,1790773410743821.449	,1790773410743829.469	
0,HcPre_6c9f0fa710253eff38b1c0e6be6a67be_0,MIX_AIC,13,36,32.920,1790773410743830.629	,1790773410743863.550	
0,RmsNorm_normal_all_bf16_high_performance_0,AI_VECTOR_CORE,13,37,4.880,1790773410743864.810	,1790773410743869.690	
0,MatMulV2_ND_ND_FP16_FP16_false_true_all_98499,AI_CORE,13,38,163.223,1790773410743869.710	,1790773410744032.933	
0,Slice_ee29dafe4fe21e12bb8d56ae91626cba_high_performance_524000000,AI_VECTOR_CORE,13,39,2.140,1790773410744032.953	,1790773410744035.093	
0,MatMulV2_ND_ND_FP16_FP16_false_true_all_98325,AI_CORE,13,40,7.580,1790773410744035.133	,1790773410744042.713	
0,Slice_ee29dafe4fe21e12bb8d56ae91626cba_high_performance_524000000,AI_VECTOR_CORE,13,41,1.940,1790773410744042.733	,1790773410744044.673	
0,MatMulV2_ND_ND_FP16_FP16_false_true_all_98325,AI_CORE,13,42,7.340,1790773410744044.693	,1790773410744052.033	
0,ZerosLike_1c4543fdfe7149b6b0717bd88f061562_high_performance_210000000,AI_VECTOR_CORE,13,43,7.320,1790773410744052.053	,1790773410744059.373	
0,_copy_conv_state_kernel,AI_VECTOR_CORE,13,44,11.800,1790773410744059.393	,1790773410744071.194	
0,Slice_ee29dafe4fe21e12bb8d56ae91626cba_high_performance_524000000,AI_VECTOR_CORE,13,45,2.100,1790773410744071.214	,1790773410744073.314	
0,CausalConv1d_b0123b7fae3057c534dbb03661977c42_1,MIX_AIC,13,46,13.920,1790773410744074.194	,1790773410744088.114	
0,ViewCopy_7778b2d0a2938f9247cc0c9f84559eb2_high_performance__kernel0,AI_VECTOR_CORE,13,47,8.700,1790773410744089.414	,1790773410744098.114	
0,_copy_conv_state_kernel,AI_VECTOR_CORE,13,48,9.700,1790773410744098.134	,1790773410744107.834	
0,Slice_ee29dafe4fe21e12bb8d56ae91626cba_high_performance_524000000,AI_VECTOR_CORE,13,49,1.880,1790773410744107.874	,1790773410744109.754	
0,RecurrentKda_1ac9a791ca2957b2fe0a2e96909b5782_0,AI_VECTOR_CORE,13,50,53.521,1790773410744109.774	,1790773410744163.296	
0,_write_output,AI_VECTOR_CORE,13,51,3.080,1790773410744163.336	,1790773410744166.416	
0,layer_norm_gated_fwd_kernel,AI_VECTOR_CORE,13,52,4.260,1790773410744166.436	,1790773410744170.696	
0,MatMulV2_ND_ND_FP16_FP16_false_true_all_98499,AI_CORE,13,53,63.481,1790773410744170.716	,1790773410744234.197	
0,HcPost_d2fe6614722b27afa6f8d964c215447e_0,AI_VECTOR_CORE,13,54,8.500,1790773410744234.217	,1790773410744242.717	
0,HcPre_6c9f0fa710253eff38b1c0e6be6a67be_0,MIX_AIC,13,55,32.780,1790773410744243.617	,1790773410744276.398	
0,RmsNorm_normal_all_bf16_high_performance_0,AI_VECTOR_CORE,13,56,5.320,1790773410744277.158	,1790773410744282.478	
0,MatMulV2_ND_ND_FP16_FP16_false_true_all_98499,AI_CORE,13,57,177.683,1790773410744282.518	,1790773410744460.201	
0,Slice_ee29dafe4fe21e12bb8d56ae91626cba_high_performance_524000000,AI_VECTOR_CORE,13,58,2.200,1790773410744460.241	,1790773410744462.441	
0,ClipByValueV2_e87c9546cf2804355cf0d9445a2db01a_high_performance_220000000,AI_VECTOR_CORE,13,59,9.860,1790773410744462.461	,1790773410744472.322	
0,Slice_ee29dafe4fe21e12bb8d56ae91626cba_high_performance_524000000,AI_VECTOR_CORE,13,60,1.860,1790773410744472.342	,1790773410744474.202	
0,ClipByValueV2_e87c9546cf2804355cf0d9445a2db01a_high_performance_220000000,AI_VECTOR_CORE,13,61,8.400,1790773410744474.222	,1790773410744482.622	
0,Muls_299cf4d7f9ef0f745d89d88c666b45aa_high_performance_210000000,AI_VECTOR_CORE,13,62,7.340,1790773410744482.642	,1790773410744489.982	
0,Sigmoid_1c4543fdfe7149b6b0717bd88f061562_high_precision_210000000,AI_VECTOR_CORE,13,63,8.260,1790773410744490.022	,1790773410744498.282	
0,Mul_ce3d1ff8ba23a0bcb292da3577c1625d_high_performance_210020000,AI_VECTOR_CORE,13,64,8.560,1790773410744498.302	,1790773410744506.862	
0,Add_ce3d1ff8ba23a0bcb292da3577c1625d_high_performance_223000000,AI_VECTOR_CORE,13,65,7.100,1790773410744506.882	,1790773410744513.983	
0,Mul_ce3d1ff8ba23a0bcb292da3577c1625d_high_performance_210020000,AI_VECTOR_CORE,13,66,3.000,1790773410744514.003	,1790773410744517.003	
0,MatMulV2_ND_ND_FP16_FP16_false_true_all_98513,AI_CORE,13,67,100.382,1790773410744517.023	,1790773410744617.405	
0,HcPost_d2fe6614722b27afa6f8d964c215447e_0,AI_VECTOR_CORE,13,68,8.100,1790773410744617.425	,1790773410744625.525	
0,HcPre_6c9f0fa710253eff38b1c0e6be6a67be_0,MIX_AIC,13,69,31.340,1790773410744626.785	,1790773410744658.125	
0,RmsNorm_normal_all_bf16_high_performance_0,AI_VECTOR_CORE,13,70,5.160,1790773410744659.125	,1790773410744664.286	
0,MatMulV2_ND_ND_FP16_FP16_false_true_all_98499,AI_CORE,13,71,150.743,1790773410744664.306	,1790773410744815.049	
0,Slice_ee29dafe4fe21e12bb8d56ae91626cba_high_performance_524000000,AI_VECTOR_CORE,13,72,2.140,1790773410744815.089	,1790773410744817.229	
0,MatMulV2_ND_ND_FP16_FP16_false_true_all_98325,AI_CORE,13,73,8.400,1790773410744817.249	,1790773410744825.649	
0,Slice_ee29dafe4fe21e12bb8d56ae91626cba_high_performance_524000000,AI_VECTOR_CORE,13,74,1.880,1790773410744825.689	,1790773410744827.569	
0,MatMulV2_ND_ND_FP16_FP16_false_true_all_98325,AI_CORE,13,75,8.100,1790773410744827.589	,1790773410744835.689	
0,ZerosLike_1c4543fdfe7149b6b0717bd88f061562_high_performance_210000000,AI_VECTOR_CORE,13,76,7.180,1790773410744835.729	,1790773410744842.909	
0,_copy_conv_state_kernel,AI_VECTOR_CORE,13,77,11.960,1790773410744842.929	,1790773410744854.889	
0,Slice_ee29dafe4fe21e12bb8d56ae91626cba_high_performance_524000000,AI_VECTOR_CORE,13,78,2.180,1790773410744854.909	,1790773410744857.089	
0,CausalConv1d_b0123b7fae3057c534dbb03661977c42_1,MIX_AIC,13,79,14.200,1790773410744858.029	,1790773410744872.230	
0,ViewCopy_7778b2d0a2938f9247cc0c9f84559eb2_high_performance__kernel0,AI_VECTOR_CORE,13,80,9.340,1790773410744873.270	,1790773410744882.610	
0,_copy_conv_state_kernel,AI_VECTOR_CORE,13,81,9.880,1790773410744882.650	,1790773410744892.530	
0,Slice_ee29dafe4fe21e12bb8d56ae91626cba_high_performance_524000000,AI_VECTOR_CORE,13,82,1.820,1790773410744892.570	,1790773410744894.390	
0,RecurrentKda_1ac9a791ca2957b2fe0a2e96909b5782_0,AI_VECTOR_CORE,13,83,52.501,1790773410744894.410	,1790773410744946.911	
0,_write_output,AI_VECTOR_CORE,13,84,3.200,1790773410744946.931	,1790773410744950.131	
0,layer_norm_gated_fwd_kernel,AI_VECTOR_CORE,13,85,4.260,1790773410744950.151	,1790773410744954.411	
0,MatMulV2_ND_ND_FP16_FP16_false_true_all_98499,AI_CORE,13,86,59.321,1790773410744954.431	,1790773410745013.753	
0,HcPost_d2fe6614722b27afa6f8d964c215447e_0,AI_VECTOR_CORE,13,87,8.120,1790773410745013.773	,1790773410745021.893	
0,HcPre_6c9f0fa710253eff38b1c0e6be6a67be_0,MIX_AIC,13,88,32.440,1790773410745023.173	,1790773410745055.613	
0,RmsNorm_normal_all_bf16_high_performance_0,AI_VECTOR_CORE,13,89,5.120,1790773410745056.613	,1790773410745061.733	
0,MatMulV2_ND_ND_FP16_FP16_false_true_all_98499,AI_CORE,13,90,172.503,1790773410745061.753	,1790773410745234.257	
0,N/A,EVENT_WAIT,39,31,2354.047,1790773410745204.716	,1790773410747558.763	
0,Slice_ee29dafe4fe21e12bb8d56ae91626cba_high_performance_524000000,AI_VECTOR_CORE,13,91,2.240,1790773410745234.277	,1790773410745236.517	
0,ClipByValueV2_e87c9546cf2804355cf0d9445a2db01a_high_performance_220000000,AI_VECTOR_CORE,13,92,10.660,1790773410745236.537	,1790773410745247.197	
0,Slice_ee29dafe4fe21e12bb8d56ae91626cba_high_performance_524000000,AI_VECTOR_CORE,13,93,2.160,1790773410745247.217	,1790773410745249.377	
0,ClipByValueV2_e87c9546cf2804355cf0d9445a2db01a_high_performance_220000000,AI_VECTOR_CORE,13,94,9.340,1790773410745249.397	,1790773410745258.737	
0,Muls_299cf4d7f9ef0f745d89d88c666b45aa_high_performance_210000000,AI_VECTOR_CORE,13,95,7.500,1790773410745258.757	,1790773410745266.258	
0,Sigmoid_1c4543fdfe7149b6b0717bd88f061562_high_precision_210000000,AI_VECTOR_CORE,13,96,8.360,1790773410745266.298	,1790773410745274.658	
0,Mul_ce3d1ff8ba23a0bcb292da3577c1625d_high_performance_210020000,AI_VECTOR_CORE,13,97,9.520,1790773410745274.698	,1790773410745284.218	
0,Add_ce3d1ff8ba23a0bcb292da3577c1625d_high_performance_223000000,AI_VECTOR_CORE,13,98,7.200,1790773410745284.238	,1790773410745291.438	
0,Mul_ce3d1ff8ba23a0bcb292da3577c1625d_high_performance_210020000,AI_VECTOR_CORE,13,99,2.760,1790773410745291.458	,1790773410745294.218	
0,MatMulV2_ND_ND_FP16_FP16_false_true_all_98513,AI_CORE,13,100,101.462,1790773410745294.258	,1790773410745395.720	
0,HcPost_d2fe6614722b27afa6f8d964c215447e_0,AI_VECTOR_CORE,13,101,8.260,1790773410745395.740	,1790773410745404.000	
0,HcPre_6c9f0fa710253eff38b1c0e6be6a67be_0,MIX_AIC,13,102,30.400,1790773410745405.400	,1790773410745435.801	
0,RmsNorm_normal_all_bf16_high_performance_0,AI_VECTOR_CORE,13,103,5.000,1790773410745436.501	,1790773410745441.501	
0,MatMulV2_ND_ND_FP16_FP16_false_true_all_98513,AI_CORE,13,104,18.900,1790773410745441.521	,1790773410745460.421	
0,Slice_ee29dafe4fe21e12bb8d56ae91626cba_high_performance_524000000,AI_VECTOR_CORE,13,105,1.840,1790773410745460.441	,1790773410745462.281	
0,RmsNorm_normal_all_bf16_high_performance_2,AI_VECTOR_CORE,13,106,6.080,1790773410745462.301	,1790773410745468.382	
0,Slice_ee29dafe4fe21e12bb8d56ae91626cba_high_performance_524000000,AI_VECTOR_CORE,13,107,1.880,1790773410745468.402	,1790773410745470.282	
0,RmsNorm_normal_all_bf16_high_performance_2,AI_VECTOR_CORE,13,108,4.520,1790773410745470.302	,1790773410745474.822	
0,ScatterNdUpdate_bfloat16_int32_high_precision_11,MIX_AIV,13,109,5.960,1790773410745475.782	,1790773410745481.742	
0,MatMulV2_ND_ND_FP16_FP16_false_true_all_98499,AI_CORE,13,110,45.880,1790773410745482.482	,1790773410745528.363	
0,TransposeBatchMatMul_ND_ND_ND_ND_ND_BF16_BF16_BF16_INT64_BF16_high_performance_32,AI_CORE,13,111,24.060,1790773410745528.383	,1790773410745552.443	
0,N/A,EVENT_WAIT,45,303,2023.380,1790773410745535.423	,1790773410747558.803	
0,Cast_b2717900ea7de2d41ea9c63d23aa269b_high_performance_210000000,AI_VECTOR_CORE,13,112,3.980,1790773410745552.463	,1790773410745556.443	
0,MatMulV2_ND_ND_FP32_FP32_false_true_all_65665,AI_CORE,13,113,9.480,1790773410745556.483	,1790773410745565.964	
0,Slice_82e6b4faea71b451f217d7ea57c08012_high_performance_524000000,AI_VECTOR_CORE,13,114,2.180,1790773410745565.984	,1790773410745568.164	
0,LayerNormV3_23ae115d70bd435e4cb966a52be97b55_high_precision_1600400500,AI_VECTOR_CORE,13,115,7.000,1790773410745568.184	,1790773410745575.184	
0,MatMulV2_ND_ND_FP32_FP32_false_true_all_65665,AI_CORE,13,116,8.920,1790773410745575.204	,1790773410745584.124	
0,MatMulV2_ND_ND_FP16_FP16_false_true_all_98499,AI_CORE,13,117,16.840,1790773410745584.164	,1790773410745601.004	
0,Slice_82e6b4faea71b451f217d7ea57c08012_high_performance_524000000,AI_VECTOR_CORE,13,118,1.940,1790773410745601.024	,1790773410745602.964	
0,Cast_9f288b80370c6545ffe8cef142d37f5c_high_performance_210000000,AI_VECTOR_CORE,13,119,1.520,1790773410745602.984	,1790773410745604.504	
0,Muls_299cf4d7f9ef0f745d89d88c666b45aa_high_performance_210000000,AI_VECTOR_CORE,13,120,1.340,1790773410745604.544	,1790773410745605.884	
0,_glm5_next_kpool_tail_compress_kernel,AI_VECTOR_CORE,13,121,2.340,1790773410745605.904	,1790773410745608.244	
0,_store_kpool_tail_kernel,AI_VECTOR_CORE,13,122,4.740,1790773410745608.264	,1790773410745613.004	
0,Cast_b2717900ea7de2d41ea9c63d23aa269b_high_performance_210000000,AI_VECTOR_CORE,13,123,2.640,1790773410745613.044	,1790773410745615.685	
0,Cast_b2717900ea7de2d41ea9c63d23aa269b_high_performance_210000000,AI_VECTOR_CORE,13,124,1.160,1790773410745615.705	,1790773410745616.865	
0,Mul_ee98c6628030785f610b924ab1557b31_high_performance_212000001,AI_VECTOR_CORE,13,125,9.580,1790773410745616.885	,1790773410745626.465	
0,ReduceSum_7a09f5b7af4126487a7f726a9aac7548_high_performance_10002100900,MIX_AIV,13,126,12.160,1790773410745627.745	,1790773410745639.905	
0,_glm5_next_lightning_indexer_score_kernel,AI_VECTOR_CORE,13,127,10.620,1790773410745641.145	,1790773410745651.765	
0,TopKV2_5c671486fda0d949d7cba9a9754bc2dd_high_performance_2017612701781458944,MIX_AIV,13,128,10.280,1790773410745653.065	,1790773410745663.345	
0,Cast_e87590d11ccda8b259ab6b1ea7212319_high_performance_210000000,AI_VECTOR_CORE,13,129,1.900,1790773410745664.626	,1790773410745666.526	
0,Cast_39a266ce9a8d7d9ead33f6686e936b72_high_performance_210000000,AI_VECTOR_CORE,13,130,2.400,1790773410745666.546	,1790773410745668.946	
0,_expand_pool_indices,AI_VECTOR_CORE,13,131,13.740,1790773410745668.966	,1790773410745682.706	
0,Slice_b9b91ad79a469f7fcff72949705be0f9_high_performance_521000000,AI_VECTOR_CORE,13,132,1.960,1790773410745682.726	,1790773410745684.686	
0,SparseFlashAttention_2e25ad8fefac1f04c03bd78f2d2ab366_1158,MIX_AIC,13,133,30.080,1790773410745686.106	,1790773410745716.187	
0,TransposeBatchMatMul_ND_ND_ND_ND_ND_BF16_BF16_BF16_INT64_BF16_high_performance_32,AI_CORE,13,134,22.080,1790773410745717.207	,1790773410745739.287	
0,MatMulV2_ND_ND_FP16_FP16_false_true_all_98513,AI_CORE,13,135,132.742,1790773410745739.327	,1790773410745872.070	
0,N/A,MEMCPY_ASYNC,13,136,0.600,1790773410745872.090	,1790773410745872.690	
0,HcPost_d2fe6614722b27afa6f8d964c215447e_0,AI_VECTOR_CORE,13,137,8.460,1790773410745872.710	,1790773410745881.170	
0,HcPre_6c9f0fa710253eff38b1c0e6be6a67be_0,MIX_AIC,13,138,29.840,1790773410745882.110	,1790773410745911.950	
0,RmsNorm_normal_all_bf16_high_performance_0,AI_VECTOR_CORE,13,139,5.300,1790773410745913.190	,1790773410745918.491	
0,N/A,EVENT_RECORD,13,140,0.020,1790773410745918.511	,1790773410745918.531	
0,Cast_b2717900ea7de2d41ea9c63d23aa269b_high_performance_210000000,AI_VECTOR_CORE,13,141,3.360,1790773410745918.571	,1790773410745921.931	
0,MatMulV2_ND_ND_FP32_FP32_false_true_all_65665,AI_CORE,13,142,5.920,1790773410745921.951	,1790773410745927.871	
0,N/A,EVENT_RECORD,13,143,0.020,1790773410745927.891	,1790773410745927.911	
0,MoeGatingTopK_81369a2fa0455f39b5d19d432d261f57_1,AI_VECTOR_CORE,13,144,5.300,1790773410745927.931	,1790773410745933.231	
0,N/A,EVENT_RECORD,13,145,0.020,1790773410745933.251	,1790773410745933.271	
0,MoeInitRoutingV3_4ca8d2d329b4477b44dd2ee885849b12_2100000,MIX_AIV,13,146,13.740,1790773410745934.651	,1790773410745948.391	
0,GroupedMatmul_0d2d43751f81d7f29646a862147967c9_68885275,MIX_AIC,13,147,234.164,1790773410745951.411	,1790773410746185.576	
0,Slice_ee29dafe4fe21e12bb8d56ae91626cba_high_performance_524000000,AI_VECTOR_CORE,13,148,2.720,1790773410746186.756	,1790773410746189.476	
0,ClipByValueV2_e87c9546cf2804355cf0d9445a2db01a_high_performance_220000000,AI_VECTOR_CORE,13,149,10.460,1790773410746189.496	,1790773410746199.956	
0,ViewCopy_7778b2d0a2938f9247cc0c9f84559eb2_high_performance__kernel0,AI_VECTOR_CORE,13,150,12.340,1790773410746199.976	,1790773410746212.316	
0,Slice_ee29dafe4fe21e12bb8d56ae91626cba_high_performance_524000000,AI_VECTOR_CORE,13,151,2.460,1790773410746212.336	,1790773410746214.797	
0,ClipByValueV2_e87c9546cf2804355cf0d9445a2db01a_high_performance_220000000,AI_VECTOR_CORE,13,152,7.460,1790773410746214.817	,1790773410746222.277	
0,ViewCopy_7778b2d0a2938f9247cc0c9f84559eb2_high_performance__kernel0,AI_VECTOR_CORE,13,153,10.940,1790773410746222.317	,1790773410746233.257	
0,SwiGlu_3_high_performance_27,AI_VECTOR_CORE,13,154,6.900,1790773410746233.277	,1790773410746240.177	
0,N/A,EVENT_RECORD,13,155,0.020,1790773410746240.197	,1790773410746240.217	
0,GroupedMatmul_0d2d43751f81d7f29646a862147967c9_68885275,MIX_AIC,13,156,99.621,1790773410746241.557	,1790773410746341.179	
0,N/A,EVENT_RECORD,13,157,0.020,1790773410746342.239	,1790773410746342.259	
0,Cast_9f288b80370c6545ffe8cef142d37f5c_high_performance_210000000,AI_VECTOR_CORE,13,158,1.280,1790773410746342.279	,1790773410746343.559	
0,Abs_8098b79498645e9c0da095babdeaf862_high_performance_210000000,AI_VECTOR_CORE,13,159,1.520,1790773410746343.579	,1790773410746345.099	
0,MoeTokenUnpermute_6dd49246dc9576d3314234df69cb5c22_1,AI_VECTOR_CORE,13,160,4.540,1790773410746345.139	,1790773410746349.679	
0,MatMulV2_ND_ND_FP16_FP16_false_true_all_98499,AI_CORE,13,161,31.200,1790773410746349.699	,1790773410746380.900	
0,Slice_ee29dafe4fe21e12bb8d56ae91626cba_high_performance_524000000,AI_VECTOR_CORE,13,162,1.780,1790773410746380.920	,1790773410746382.700	
0,ClipByValueV2_e87c9546cf2804355cf0d9445a2db01a_high_performance_220000000,AI_VECTOR_CORE,13,163,2.320,1790773410746382.720	,1790773410746385.040	
0,Slice_ee29dafe4fe21e12bb8d56ae91626cba_high_performance_524000000,AI_VECTOR_CORE,13,164,1.400,1790773410746385.080	,1790773410746386.480	
0,ClipByValueV2_e87c9546cf2804355cf0d9445a2db01a_high_performance_220000000,AI_VECTOR_CORE,13,165,2.560,1790773410746386.500	,1790773410746389.060	
0,Muls_299cf4d7f9ef0f745d89d88c666b45aa_high_performance_210000000,AI_VECTOR_CORE,13,166,2.020,1790773410746389.100	,1790773410746391.120	
0,Sigmoid_1c4543fdfe7149b6b0717bd88f061562_high_precision_210000000,AI_VECTOR_CORE,13,167,2.960,1790773410746391.160	,1790773410746394.120	
0,Mul_ce3d1ff8ba23a0bcb292da3577c1625d_high_performance_210020000,AI_VECTOR_CORE,13,168,2.720,1790773410746394.140	,1790773410746396.860	
0,Add_ce3d1ff8ba23a0bcb292da3577c1625d_high_performance_223000000,AI_VECTOR_CORE,13,169,2.500,1790773410746396.900	,1790773410746399.400	
0,Mul_ce3d1ff8ba23a0bcb292da3577c1625d_high_performance_210020000,AI_VECTOR_CORE,13,170,2.660,1790773410746399.420	,1790773410746402.080	
0,MatMulV2_ND_ND_FP16_FP16_false_true_all_98499,AI_CORE,13,171,19.340,1790773410746402.100	,1790773410746421.441	
0,ForeachAddList_c73cb8f503197be65eaf63148ad48de4_high_performance_4,AI_VECTOR_CORE,13,172,14.140,1790773410746421.481	,1790773410746435.621	
0,HcPost_d2fe6614722b27afa6f8d964c215447e_0,AI_VECTOR_CORE,13,173,6.700,1790773410746435.641	,1790773410746442.341	
0,ReduceMean_9a2479d4dc5148645cb3f4b9e765c637_high_precision_2100900,MIX_AIV,13,174,11.420,1790773410746443.561	,1790773410746454.981	
0,RmsNorm_normal_all_bf16_high_performance_0,AI_VECTOR_CORE,13,175,3.780,1790773410746455.741	,1790773410746459.521	
0,N/A,EVENT_RESET,13,176,0.080,1790773410746459.561	,1790773410746459.641	
0,N/A,EVENT_RESET,13,177,0.100,1790773410746459.661	,1790773410746459.761	
0,N/A,EVENT_RESET,13,178,0.100,1790773410746459.781	,1790773410746459.881	
0,N/A,EVENT_RESET,13,179,0.100,1790773410746459.901	,1790773410746460.001	
0,N/A,EVENT_RESET,13,180,0.080,1790773410746460.021	,1790773410746460.101	
0,N/A,NOTIFY_RECORD,13,181,0.000,1790773410746460.141	,1790773410746460.141	
0,IndexCheck_int32_high_performance_1,AI_VECTOR_CORE,47,5138,3.480,1790773410746460.721	,1790773410746464.201	
0,Index_b1b18d29d34a3b544b5bb6b3f56177c3_high_performance__kernel0,AI_VECTOR_CORE,47,5139,8.480,1790773410746464.221	,1790773410746472.702	
0,MatMulV2_ND_ND_FP16_FP16_false_true_all_98499,AI_CORE,47,5140,907.798,1790773410746472.742	,1790773410747380.540	
0,Cast_b2717900ea7de2d41ea9c63d23aa269b_high_performance_210000000,AI_VECTOR_CORE,47,5141,7.700,1790773410747380.560	,1790773410747388.260	
0,LogSoftmaxV2_291664ae3e88b38b8b46c2efbbea27c9_high_precision_400001,AI_VECTOR_CORE,47,5142,44.800,1790773410747388.280	,1790773410747433.081	
0,Cast_b2717900ea7de2d41ea9c63d23aa269b_high_performance_210000000,AI_VECTOR_CORE,47,5143,2.880,1790773410747433.101	,1790773410747435.981	
0,ArgMaxV2_4402011f777d6374ab9f6425cb5984c4_high_performance_3,AI_VECTOR_CORE,47,5144,19.700,1790773410747436.001	,1790773410747455.701	
0,Cast_e87590d11ccda8b259ab6b1ea7212319_high_performance_210000000,AI_VECTOR_CORE,47,5145,1.380,1790773410747455.721	,1790773410747457.101	
0,TopKV2_5c671486fda0d949d7cba9a9754bc2dd_high_performance_2017612907943034881,MIX_AIV,47,5146,30.500,1790773410747458.021	,1790773410747488.522	
0,TopKV2_5c671486fda0d949d7cba9a9754bc2dd_high_performance_2017612701781458944,MIX_AIV,47,5147,4.960,1790773410747491.562	,1790773410747496.522	
0,GatherElements_8b4ec10fbb39c5c0a65192c606400b29_high_performance__kernel0,AI_VECTOR_CORE,47,5148,3.780,1790773410747497.622	,1790773410747501.402	
0,Cast_e87590d11ccda8b259ab6b1ea7212319_high_performance_210000000,AI_VECTOR_CORE,47,5149,1.180,1790773410747501.422	,1790773410747502.602	
0,Cast_39a266ce9a8d7d9ead33f6686e936b72_high_performance_210000000,AI_VECTOR_CORE,47,5150,1.460,1790773410747502.622	,1790773410747504.082	
0,GatherElementsV2_fp32_high_performance_2,AI_VECTOR_CORE,47,5151,4.060,1790773410747504.102	,1790773410747508.162	
0,GreaterEqual_3efaad932f458d7892fdb0715ec85b2b_high_performance_212000002,AI_VECTOR_CORE,47,5152,11.080,1790773410747508.202	,1790773410747519.283	
0,Cast_df2b778f1b80e749bd4242386ec57ab9_high_performance_210000000,AI_VECTOR_CORE,47,5153,7.100,1790773410747519.303	,1790773410747526.403	
0,ReduceSum_7a09f5b7af4126487a7f726a9aac7548_high_performance_110001000400,MIX_AIV,47,5154,19.640,1790773410747527.383	,1790773410747547.023	
0,Cast_c6738f795430c3c6f09cdc8d52a1b43d_high_performance_210000000,AI_VECTOR_CORE,47,5155,1.360,1790773410747548.123	,1790773410747549.483	
0,ConcatD_0d745295987e1c668b2ec8b2844aeada_high_performance_0,AI_VECTOR_CORE,47,5156,3.280,1790773410747549.523	,1790773410747552.803	
0,ConcatD_233851a3505389e43928a8bba133a74d_high_performance_0,AI_VECTOR_CORE,47,5157,2.500,1790773410747552.823	,1790773410747555.323	
0,Cast_39a266ce9a8d7d9ead33f6686e936b72_high_performance_210000000,AI_VECTOR_CORE,47,5158,1.520,1790773410747555.343	,1790773410747556.863	
0,Cast_39a266ce9a8d7d9ead33f6686e936b72_high_performance_210000000,AI_VECTOR_CORE,47,5159,1.380,1790773410747556.883	,1790773410747558.263	
0,N/A,EVENT_RECORD,47,5160,0.020,1790773410747558.283	,1790773410747558.303	
0,N/A,EVENT_RECORD,47,5161,0.020,1790773410747558.323	,1790773410747558.343	
0,N/A,MEMCPY_ASYNC,45,304,2.040,1790773410747558.823	,1790773410747560.863	
0,N/A,MEMCPY_ASYNC,45,305,2.020,1790773410747561.023	,1790773410747563.043	
0,N/A,MEMCPY_ASYNC,45,306,2.060,1790773410747563.203	,1790773410747565.263	
0,N/A,MEMCPY_ASYNC,45,307,1.900,1790773410747565.423	,1790773410747567.324	
0,N/A,EVENT_RECORD,45,308,0.020,1790773410747567.484	,1790773410747567.504	
0,N/A,EVENT_RECORD,45,309,0.020,1790773410747567.524	,1790773410747567.544	
0,N/A,EVENT_RECORD,45,310,0.000,1790773410747567.564	,1790773410747567.564	
0,N/A,EVENT_RECORD,45,311,0.020,1790773410747567.584	,1790773410747567.604	
0,N/A,EVENT_RECORD,45,312,0.000,1790773410747655.465	,1790773410747655.465	
0,N/A,MEMCPY_ASYNC,47,5162,2.480,1790773410747891.930	,1790773410747894.410	
0,N/A,MEMCPY_ASYNC,47,5163,2.580,1790773410747952.391	,1790773410747954.971	
0,N/A,MEMCPY_ASYNC,47,5164,2.360,1790773410748033.273	,1790773410748035.633	
0,N/A,MEMCPY_ASYNC,47,5165,2.440,1790773410748090.554	,1790773410748092.994	
0,N/A,MEMCPY_ASYNC,47,5166,2.380,1790773410748154.175	,1790773410748156.555	
0,N/A,MEMCPY_ASYNC,47,5167,2.420,1790773410748438.501	,1790773410748440.921	
0,N/A,MEMCPY_ASYNC,47,5168,2.420,1790773410748672.446	,1790773410748674.866	
0,N/A,MEMCPY_ASYNC,47,5169,2.360,1790773410748702.946	,1790773410748705.306	
0,Fill_1fbc7ee619b707282bbfd034093621df_high_performance_223000000,AI_VECTOR_CORE,47,5170,1.520,1790773410748872.970	,1790773410748874.490	
0,N/A,MEMCPY_ASYNC,47,5171,0.580,1790773410749052.793	,1790773410749053.373	
0,N/A,MEMCPY_ASYNC,47,5172,2.500,1790773410749280.678	,1790773410749283.178	
0,Fill_1fbc7ee619b707282bbfd034093621df_high_performance_223000000,AI_VECTOR_CORE,47,5173,1.360,1790773410749334.019	,1790773410749335.379	
0,N/A,MEMCPY_ASYNC,47,5174,2.380,1790773410749381.700	,1790773410749384.080	
0,N/A,MEMCPY_ASYNC,47,5175,2.220,1790773410749473.902	,1790773410749476.122	
0,N/A,MEMCPY_ASYNC,47,5176,2.400,1790773410749546.503	,1790773410749548.903	
0,N/A,MEMCPY_ASYNC,47,5177,2.400,1790773410749624.285	,1790773410749626.685	
0,IndexCheck_int64_high_performance_0,AI_VECTOR_CORE,47,5178,3.400,1790773410749772.968	,1790773410749776.368	
0,Index_f34e8f0e5e2c96109aa0460550023804_high_performance__kernel0,AI_VECTOR_CORE,47,5179,7.600,1790773410749804.128	,1790773410749811.728	
0,Cast_e87590d11ccda8b259ab6b1ea7212319_high_performance_210000000,AI_VECTOR_CORE,47,5180,1.220,1790773410749845.049	,1790773410749846.269	
0,Add_41dadce325b0f810d03359af2a38990b_high_performance_210000000,AI_VECTOR_CORE,47,5181,2.440,1790773410749887.090	,1790773410749889.530	
0,N/A,MEMCPY_ASYNC,47,5182,0.620,1790773410749980.812	,1790773410749981.432	
0,Add_9342884c99c006e21fc9d5d9260b8bef_high_performance_210000000,AI_VECTOR_CORE,47,5183,1.660,1790773410750060.313	,1790773410750061.973	
0,N/A,MEMCPY_ASYNC,47,5184,0.600,1790773410750156.795	,1790773410750157.395	
0,Fill_1fbc7ee619b707282bbfd034093621df_high_performance_210000000,AI_VECTOR_CORE,47,5185,1.500,1790773410750193.516	,1790773410750195.016	
0,_compute_slot_mapping_fused_groups_adaptive_kernel,AI_VECTOR_CORE,47,5186,4.800,1790773410750598.064	,1790773410750602.864	
0,Sub_9342884c99c006e21fc9d5d9260b8bef_high_performance_223000000,AI_VECTOR_CORE,47,5187,1.500,1790773410750780.948	,1790773410750782.448	
0,N/A,MEMCPY_ASYNC,47,5188,2.420,1790773410751088.434	,1790773410751090.854	
0,Fill_1fbc7ee619b707282bbfd034093621df_high_performance_210000000,AI_VECTOR_CORE,47,5189,1.280,1790773410751254.977	,1790773410751256.257	
0,Fill_1fbc7ee619b707282bbfd034093621df_high_performance_223000000,AI_VECTOR_CORE,47,5190,1.620,1790773410751301.498	,1790773410751303.118	
0,Cast_e87590d11ccda8b259ab6b1ea7212319_high_performance_210000000,AI_VECTOR_CORE,47,5191,1.260,1790773410751775.988	,1790773410751777.248	
0,FloorDiv_41dadce325b0f810d03359af2a38990b_high_performance_223000000,AI_VECTOR_CORE,47,5192,6.480,1790773410751792.428	,1790773410751798.908	
0,Cast_39a266ce9a8d7d9ead33f6686e936b72_high_performance_210000000,AI_VECTOR_CORE,47,5193,1.480,1790773410751820.669	,1790773410751822.149	
0,N/A,MEMCPY_ASYNC,47,5194,0.600,1790773410751925.971	,1790773410751926.571	
0,Cast_e87590d11ccda8b259ab6b1ea7212319_high_performance_210000000,AI_VECTOR_CORE,47,5195,1.200,1790773410752013.832	,1790773410752015.032	
0,GreaterEqual_1ea4da630f56dc1c2d6e7c9a9dd17b11_high_performance_223000000,AI_VECTOR_CORE,47,5196,3.060,1790773410752027.553	,1790773410752030.613	
0,Add_41dadce325b0f810d03359af2a38990b_high_performance_223000000,AI_VECTOR_CORE,47,5197,2.760,1790773410752069.473	,1790773410752072.234	
0,BroadcastTo_41dadce325b0f810d03359af2a38990b_high_performance_232000000,AI_VECTOR_CORE,47,5198,1.640,1790773410752120.775	,1790773410752122.415	
0,FloorMod_41dadce325b0f810d03359af2a38990b_high_precision_210000000,AI_VECTOR_CORE,47,5199,1.600,1790773410752158.615	,1790773410752160.215	
0,Equal_1ea4da630f56dc1c2d6e7c9a9dd17b11_high_performance_223000000,AI_VECTOR_CORE,47,5200,2.260,1790773410752191.436	,1790773410752193.696	
0,LogicalAnd_91d2a3cdd75d915a368582ec5f440af1_high_performance_210000000,AI_VECTOR_CORE,47,5201,1.640,1790773410752220.056	,1790773410752221.697	
0,ClipByValueV2_3bc53d14ff7dfecd0ed0c69136ab471a_high_performance_220000000,AI_VECTOR_CORE,47,5202,2.940,1790773410752247.177	,1790773410752250.117	
0,Cast_e87590d11ccda8b259ab6b1ea7212319_high_performance_210000000,AI_VECTOR_CORE,47,5203,1.140,1790773410752294.518	,1790773410752295.658	
0,FloorDiv_41dadce325b0f810d03359af2a38990b_high_performance_223000000,AI_VECTOR_CORE,47,5204,1.700,1790773410752308.298	,1790773410752309.998	
0,Cast_39a266ce9a8d7d9ead33f6686e936b72_high_performance_210000000,AI_VECTOR_CORE,47,5205,1.320,1790773410752323.659	,1790773410752324.979	
0,BroadcastTo_c71434db8135ff9089d65053721e3417_high_performance_232000000,AI_VECTOR_CORE,47,5206,1.580,1790773410752369.099	,1790773410752370.680	
0,FloorMod_9342884c99c006e21fc9d5d9260b8bef_high_precision_210000000,AI_VECTOR_CORE,47,5207,3.480,1790773410752382.420	,1790773410752385.900	
0,Mul_9342884c99c006e21fc9d5d9260b8bef_high_performance_223000000,AI_VECTOR_CORE,47,5208,1.520,1790773410752417.020	,1790773410752418.540	
0,Cast_e87590d11ccda8b259ab6b1ea7212319_high_performance_210000000,AI_VECTOR_CORE,47,5209,1.340,1790773410752473.002	,1790773410752474.342	
0,FloorDiv_41dadce325b0f810d03359af2a38990b_high_performance_223000000,AI_VECTOR_CORE,47,5210,1.740,1790773410752488.642	,1790773410752490.382	
0,Cast_39a266ce9a8d7d9ead33f6686e936b72_high_performance_210000000,AI_VECTOR_CORE,47,5211,1.000,1790773410752502.642	,1790773410752503.642	
0,Add_9342884c99c006e21fc9d5d9260b8bef_high_performance_210000000,AI_VECTOR_CORE,47,5212,1.220,1790773410752529.443	,1790773410752530.663	
0,Fill_1fbc7ee619b707282bbfd034093621df_high_performance_223000000,AI_VECTOR_CORE,47,5213,1.120,1790773410752554.323	,1790773410752555.443	
0,SelectV2_9bb0969ab50036eba4428cd9974a5c0b_high_performance_210000000,AI_VECTOR_CORE,47,5214,1.980,1790773410752579.104	,1790773410752581.084	
0,Cast_e87590d11ccda8b259ab6b1ea7212319_high_performance_210000000,AI_VECTOR_CORE,47,5215,1.200,1790773410752602.304	,1790773410752603.504	
0,Cast_e87590d11ccda8b259ab6b1ea7212319_high_performance_210000000,AI_VECTOR_CORE,47,5216,1.200,1790773410752640.105	,1790773410752641.305	
0,FloorDiv_41dadce325b0f810d03359af2a38990b_high_performance_223000000,AI_VECTOR_CORE,47,5217,1.860,1790773410752653.585	,1790773410752655.445	
0,Cast_39a266ce9a8d7d9ead33f6686e936b72_high_performance_210000000,AI_VECTOR_CORE,47,5218,1.220,1790773410752672.306	,1790773410752673.526	
0,N/A,MEMCPY_ASYNC,47,5219,0.600,1790773410752737.107	,1790773410752737.707	
0,N/A,MEMCPY_ASYNC,47,5220,0.600,1790773410752822.589	,1790773410752823.189	
0,Fill_1fbc7ee619b707282bbfd034093621df_high_performance_210000000,AI_VECTOR_CORE,47,5221,1.240,1790773410753051.113	,1790773410753052.353	
0,Fill_1fbc7ee619b707282bbfd034093621df_high_performance_210000000,AI_VECTOR_CORE,47,5222,1.280,1790773410753089.354	,1790773410753090.634	
0,Fill_1fbc7ee619b707282bbfd034093621df_high_performance_210000000,AI_VECTOR_CORE,47,5223,1.520,1790773410753270.637	,1790773410753272.158	
0,Fill_1fbc7ee619b707282bbfd034093621df_high_performance_210000000,AI_VECTOR_CORE,47,5224,1.300,1790773410753298.758	,1790773410753300.058	
0,N/A,MEMCPY_ASYNC,47,5225,0.560,1790773410753873.370	,1790773410753873.930	
0,Fill_1fbc7ee619b707282bbfd034093621df_high_performance_210000000,AI_VECTOR_CORE,47,5226,1.160,1790773410753946.011	,1790773410753947.171	
0,N/A,MEMCPY_ASYNC,47,5227,0.640,1790773410754083.134	,1790773410754083.774	
0,N/A,MEMCPY_ASYNC,47,5228,0.560,1790773410754235.137	,1790773410754235.697	
0,N/A,MEMCPY_ASYNC,47,5229,0.660,1790773410754408.460	,1790773410754409.120	
0,Sub_9342884c99c006e21fc9d5d9260b8bef_high_performance_210000000,AI_VECTOR_CORE,47,5230,1.540,1790773410754586.164	,1790773410754587.704	
0,Fill_1fbc7ee619b707282bbfd034093621df_high_performance_210000000,AI_VECTOR_CORE,47,5231,1.240,1790773410754696.446	,1790773410754697.686	
0,Fill_1fbc7ee619b707282bbfd034093621df_high_performance_210000000,AI_VECTOR_CORE,47,5232,1.360,1790773410754717.226	,1790773410754718.586	
0,N/A,MEMCPY_ASYNC,47,5233,0.560,1790773410755284.698	,1790773410755285.258	
0,Fill_1fbc7ee619b707282bbfd034093621df_high_performance_210000000,AI_VECTOR_CORE,47,5234,1.300,1790773410755305.178	,1790773410755306.478	
0,N/A,MEMCPY_ASYNC,47,5235,0.580,1790773410755410.300	,1790773410755410.880	
0,N/A,MEMCPY_ASYNC,47,5236,0.520,1790773410755529.223	,1790773410755529.743	
0,N/A,MEMCPY_ASYNC,47,5237,0.640,1790773410755651.685	,1790773410755652.325	
0,Sub_9342884c99c006e21fc9d5d9260b8bef_high_performance_210000000,AI_VECTOR_CORE,47,5238,1.300,1790773410755737.247	,1790773410755738.547	
0,Fill_1fbc7ee619b707282bbfd034093621df_high_performance_210000000,AI_VECTOR_CORE,47,5239,1.220,1790773410755917.970	,1790773410755919.190	
0,Fill_1fbc7ee619b707282bbfd034093621df_high_performance_210000000,AI_VECTOR_CORE,47,5240,1.120,1790773410755946.591	,1790773410755947.711	
0,N/A,MEMCPY_ASYNC,47,5241,0.720,1790773410756486.002	,1790773410756486.722	
0,Fill_1fbc7ee619b707282bbfd034093621df_high_performance_210000000,AI_VECTOR_CORE,47,5242,1.220,1790773410756549.323	,1790773410756550.543	
0,N/A,MEMCPY_ASYNC,47,5243,0.640,1790773410756661.945	,1790773410756662.585	
0,N/A,MEMCPY_ASYNC,47,5244,0.580,1790773410756773.967	,1790773410756774.547	
0,N/A,MEMCPY_ASYNC,47,5245,0.600,1790773410756904.230	,1790773410756904.830	
0,Sub_9342884c99c006e21fc9d5d9260b8bef_high_performance_210000000,AI_VECTOR_CORE,47,5246,1.360,1790773410756978.892	,1790773410756980.252	
0,N/A,EVENT_RECORD,47,5247,0.020,1790773410757233.817	,1790773410757233.837	
0,ZerosLike_1d2fd313763487259859439d7e9b41cf_high_performance_210000000,AI_VECTOR_CORE,47,5248,1.900,1790773410757409.660	,1790773410757411.560	
0,Fill_279daeaf6b659300647aba3935d90048_high_performance_210000000,AI_VECTOR_CORE,47,5249,1.560,1790773410757663.525	,1790773410757665.085	
0,Cast_a9b7af94359fc7c19da07ad0790f065c_high_performance_210000000,AI_VECTOR_CORE,47,5250,1.180,1790773410757726.947	,1790773410757728.127	
0,BroadcastTo_c71434db8135ff9089d65053721e3417_high_performance_232000000,AI_VECTOR_CORE,47,5251,1.320,1790773410757728.327	,1790773410757729.647	
0,Cast_9fc020fd54590bb5fe6cf6eabcf7b473_high_performance_210000000,AI_VECTOR_CORE,47,5252,1.300,1790773410757742.987	,1790773410757744.287	
0,Fill_279daeaf6b659300647aba3935d90048_high_performance_210000000,AI_VECTOR_CORE,47,5253,1.260,1790773410757781.048	,1790773410757782.308	
0,N/A,MEMCPY_ASYNC,47,5254,0.560,1790773410757902.410	,1790773410757902.970	
0,N/A,MODEL_EXECUTE,47,5255,3.100,1790773410758112.234	,1790773410758115.334	
0,Cast_e87590d11ccda8b259ab6b1ea7212319_high_performance_210000000,AI_VECTOR_CORE,13,0,1.260,1790773410758115.254	,1790773410758116.514	
0,GatherV2_7869a97190b9b4d296d9414a005b954b_high_precision_900015010,AI_VECTOR_CORE,13,1,2.940,1790773410758116.554	,1790773410758119.494	
0,BroadcastTo_7e5992d3033ef32a3463c5d198e518a1_high_performance_212100003,AI_VECTOR_CORE,13,2,6.760,1790773410758119.514	,1790773410758126.275	
0,HcPre_6c9f0fa710253eff38b1c0e6be6a67be_0,MIX_AIC,13,3,32.180,1790773410758127.375	,1790773410758159.555	
0,N/A,NOTIFY_WAIT,47,5256,3404.488,1790773410758128.095	,1790773410761532.583	
0,RmsNorm_normal_all_bf16_high_performance_0,AI_VECTOR_CORE,13,4,5.020,1790773410758160.295	,1790773410758165.315	
0,MatMulV2_ND_ND_FP16_FP16_false_true_all_98499,AI_CORE,13,5,164.263,1790773410758165.335	,1790773410758329.599	
0,Slice_ee29dafe4fe21e12bb8d56ae91626cba_high_performance_524000000,AI_VECTOR_CORE,13,6,2.060,1790773410758329.619	,1790773410758331.679	
0,MatMulV2_ND_ND_FP16_FP16_false_true_all_98325,AI_CORE,13,7,9.980,1790773410758331.699	,1790773410758341.679	
0,Slice_ee29dafe4fe21e12bb8d56ae91626cba_high_performance_524000000,AI_VECTOR_CORE,13,8,1.740,1790773410758341.699	,1790773410758343.439	
0,MatMulV2_ND_ND_FP16_FP16_false_true_all_98325,AI_CORE,13,9,8.060,1790773410758343.479	,1790773410758351.539	
0,ZerosLike_1c4543fdfe7149b6b0717bd88f061562_high_performance_210000000,AI_VECTOR_CORE,13,10,7.220,1790773410758351.559	,1790773410758358.779	
0,_copy_conv_state_kernel,AI_VECTOR_CORE,13,11,11.780,1790773410758358.819	,1790773410758370.599	
0,Slice_ee29dafe4fe21e12bb8d56ae91626cba_high_performance_524000000,AI_VECTOR_CORE,13,12,2.200,1790773410758370.639	,1790773410758372.839	
0,CausalConv1d_b0123b7fae3057c534dbb03661977c42_1,MIX_AIC,13,13,13.940,1790773410758373.899	,1790773410758387.840	
0,ViewCopy_7778b2d0a2938f9247cc0c9f84559eb2_high_performance__kernel0,AI_VECTOR_CORE,13,14,10.380,1790773410758389.120	,1790773410758399.500	
0,_copy_conv_state_kernel,AI_VECTOR_CORE,13,15,10.000,1790773410758399.520	,1790773410758409.520	
0,Slice_ee29dafe4fe21e12bb8d56ae91626cba_high_performance_524000000,AI_VECTOR_CORE,13,16,1.720,1790773410758409.560	,1790773410758411.280	
0,RecurrentKda_1ac9a791ca2957b2fe0a2e96909b5782_0,AI_VECTOR_CORE,13,17,52.121,1790773410758411.300	,1790773410758463.421	
0,_write_output,AI_VECTOR_CORE,13,18,3.080,1790773410758463.461	,1790773410758466.541	
0,layer_norm_gated_fwd_kernel,AI_VECTOR_CORE,13,19,4.160,1790773410758466.561	,1790773410758470.721	
0,MatMulV2_ND_ND_FP16_FP16_false_true_all_98499,AI_CORE,13,20,55.001,1790773410758470.741	,1790773410758525.742	
0,HcPost_d2fe6614722b27afa6f8d964c215447e_0,AI_VECTOR_CORE,13,21,8.200,1790773410758525.762	,1790773410758533.963	
0,HcPre_6c9f0fa710253eff38b1c0e6be6a67be_0,MIX_AIC,13,22,32.300,1790773410758534.983	,1790773410758567.283	
0,RmsNorm_normal_all_bf16_high_performance_0,AI_VECTOR_CORE,13,23,5.140,1790773410758568.543	,1790773410758573.683	
0,MatMulV2_ND_ND_FP16_FP16_false_true_all_98499,AI_CORE,13,24,175.343,1790773410758573.703	,1790773410758749.047	
0,Slice_ee29dafe4fe21e12bb8d56ae91626cba_high_performance_524000000,AI_VECTOR_CORE,13,25,2.100,1790773410758749.087	,1790773410758751.187	
0,ClipByValueV2_e87c9546cf2804355cf0d9445a2db01a_high_performance_220000000,AI_VECTOR_CORE,13,26,9.240,1790773410758751.227	,1790773410758760.467	
0,Slice_ee29dafe4fe21e12bb8d56ae91626cba_high_performance_524000000,AI_VECTOR_CORE,13,27,1.820,1790773410758760.507	,1790773410758762.327	
0,ClipByValueV2_e87c9546cf2804355cf0d9445a2db01a_high_performance_220000000,AI_VECTOR_CORE,13,28,7.660,1790773410758762.367	,1790773410758770.027	
0,Muls_299cf4d7f9ef0f745d89d88c666b45aa_high_performance_210000000,AI_VECTOR_CORE,13,29,7.440,1790773410758770.047	,1790773410758777.488	
0,Sigmoid_1c4543fdfe7149b6b0717bd88f061562_high_precision_210000000,AI_VECTOR_CORE,13,30,8.420,1790773410758777.508	,1790773410758785.928	
0,Mul_ce3d1ff8ba23a0bcb292da3577c1625d_high_performance_210020000,AI_VECTOR_CORE,13,31,9.520,1790773410758785.948	,1790773410758795.468	
0,Add_ce3d1ff8ba23a0bcb292da3577c1625d_high_performance_223000000,AI_VECTOR_CORE,13,32,6.840,1790773410758795.508	,1790773410758802.348	
0,Mul_ce3d1ff8ba23a0bcb292da3577c1625d_high_performance_210020000,AI_VECTOR_CORE,13,33,2.840,1790773410758802.368	,1790773410758805.208	
0,MatMulV2_ND_ND_FP16_FP16_false_true_all_98513,AI_CORE,13,34,104.362,1790773410758805.228	,1790773410758909.590	
0,HcPost_d2fe6614722b27afa6f8d964c215447e_0,AI_VECTOR_CORE,13,35,8.040,1790773410758909.610	,1790773410758917.650	
0,HcPre_6c9f0fa710253eff38b1c0e6be6a67be_0,MIX_AIC,13,36,33.060,1790773410758918.810	,1790773410758951.871	
0,RmsNorm_normal_all_bf16_high_performance_0,AI_VECTOR_CORE,13,37,4.960,1790773410758952.951	,1790773410758957.911	
0,MatMulV2_ND_ND_FP16_FP16_false_true_all_98499,AI_CORE,13,38,163.243,1790773410758957.931	,1790773410759121.174	
0,Slice_ee29dafe4fe21e12bb8d56ae91626cba_high_performance_524000000,AI_VECTOR_CORE,13,39,2.160,1790773410759121.194	,1790773410759123.354	
0,MatMulV2_ND_ND_FP16_FP16_false_true_all_98325,AI_CORE,13,40,7.640,1790773410759123.374	,1790773410759131.015	
0,Slice_ee29dafe4fe21e12bb8d56ae91626cba_high_performance_524000000,AI_VECTOR_CORE,13,41,1.920,1790773410759131.055	,1790773410759132.975	
0,MatMulV2_ND_ND_FP16_FP16_false_true_all_98325,AI_CORE,13,42,7.340,1790773410759132.995	,1790773410759140.335	
0,ZerosLike_1c4543fdfe7149b6b0717bd88f061562_high_performance_210000000,AI_VECTOR_CORE,13,43,7.260,1790773410759140.355	,1790773410759147.615	
0,_copy_conv_state_kernel,AI_VECTOR_CORE,13,44,11.700,1790773410759147.635	,1790773410759159.335	
0,Slice_ee29dafe4fe21e12bb8d56ae91626cba_high_performance_524000000,AI_VECTOR_CORE,13,45,2.060,1790773410759159.355	,1790773410759161.415	
0,CausalConv1d_b0123b7fae3057c534dbb03661977c42_1,MIX_AIC,13,46,13.760,1790773410759162.275	,1790773410759176.035	
0,ViewCopy_7778b2d0a2938f9247cc0c9f84559eb2_high_performance__kernel0,AI_VECTOR_CORE,13,47,8.700,1790773410759176.895	,1790773410759185.596	
0,_copy_conv_state_kernel,AI_VECTOR_CORE,13,48,9.740,1790773410759185.616	,1790773410759195.356	
0,Slice_ee29dafe4fe21e12bb8d56ae91626cba_high_performance_524000000,AI_VECTOR_CORE,13,49,1.940,1790773410759195.376	,1790773410759197.316	
0,RecurrentKda_1ac9a791ca2957b2fe0a2e96909b5782_0,AI_VECTOR_CORE,13,50,56.221,1790773410759197.336	,1790773410759253.557	
0,_write_output,AI_VECTOR_CORE,13,51,3.300,1790773410759253.577	,1790773410759256.877	
0,layer_norm_gated_fwd_kernel,AI_VECTOR_CORE,13,52,4.200,1790773410759256.897	,1790773410759261.097	
0,MatMulV2_ND_ND_FP16_FP16_false_true_all_98499,AI_CORE,13,53,64.141,1790773410759261.117	,1790773410759325.258	
0,HcPost_d2fe6614722b27afa6f8d964c215447e_0,AI_VECTOR_CORE,13,54,8.040,1790773410759325.278	,1790773410759333.319	
0,HcPre_6c9f0fa710253eff38b1c0e6be6a67be_0,MIX_AIC,13,55,32.600,1790773410759334.459	,1790773410759367.059	
0,RmsNorm_normal_all_bf16_high_performance_0,AI_VECTOR_CORE,13,56,5.300,1790773410759367.999	,1790773410759373.299	
0,MatMulV2_ND_ND_FP16_FP16_false_true_all_98499,AI_CORE,13,57,178.823,1790773410759373.319	,1790773410759552.143	
0,Slice_ee29dafe4fe21e12bb8d56ae91626cba_high_performance_524000000,AI_VECTOR_CORE,13,58,2.180,1790773410759552.163	,1790773410759554.343	
0,ClipByValueV2_e87c9546cf2804355cf0d9445a2db01a_high_performance_220000000,AI_VECTOR_CORE,13,59,9.980,1790773410759554.363	,1790773410759564.343	
0,Slice_ee29dafe4fe21e12bb8d56ae91626cba_high_performance_524000000,AI_VECTOR_CORE,13,60,1.840,1790773410759564.383	,1790773410759566.223	
0,ClipByValueV2_e87c9546cf2804355cf0d9445a2db01a_high_performance_220000000,AI_VECTOR_CORE,13,61,8.380,1790773410759566.243	,1790773410759574.623	
0,Muls_299cf4d7f9ef0f745d89d88c666b45aa_high_performance_210000000,AI_VECTOR_CORE,13,62,7.340,1790773410759574.643	,1790773410759581.984	
0,Sigmoid_1c4543fdfe7149b6b0717bd88f061562_high_precision_210000000,AI_VECTOR_CORE,13,63,8.360,1790773410759582.004	,1790773410759590.364	
0,Mul_ce3d1ff8ba23a0bcb292da3577c1625d_high_performance_210020000,AI_VECTOR_CORE,13,64,8.420,1790773410759590.384	,1790773410759598.804	
0,Add_ce3d1ff8ba23a0bcb292da3577c1625d_high_performance_223000000,AI_VECTOR_CORE,13,65,7.040,1790773410759598.824	,1790773410759605.864	
0,Mul_ce3d1ff8ba23a0bcb292da3577c1625d_high_performance_210020000,AI_VECTOR_CORE,13,66,3.000,1790773410759605.884	,1790773410759608.884	
0,MatMulV2_ND_ND_FP16_FP16_false_true_all_98513,AI_CORE,13,67,99.662,1790773410759608.924	,1790773410759708.586	
0,HcPost_d2fe6614722b27afa6f8d964c215447e_0,AI_VECTOR_CORE,13,68,8.180,1790773410759708.606	,1790773410759716.786	
0,HcPre_6c9f0fa710253eff38b1c0e6be6a67be_0,MIX_AIC,13,69,30.960,1790773410759718.186	,1790773410759749.147	
0,RmsNorm_normal_all_bf16_high_performance_0,AI_VECTOR_CORE,13,70,5.300,1790773410759749.927	,1790773410759755.227	
0,MatMulV2_ND_ND_FP16_FP16_false_true_all_98499,AI_CORE,13,71,150.263,1790773410759755.247	,1790773410759905.510	
0,Slice_ee29dafe4fe21e12bb8d56ae91626cba_high_performance_524000000,AI_VECTOR_CORE,13,72,2.400,1790773410759905.530	,1790773410759907.930	
0,MatMulV2_ND_ND_FP16_FP16_false_true_all_98325,AI_CORE,13,73,8.360,1790773410759907.950	,1790773410759916.310	
0,Slice_ee29dafe4fe21e12bb8d56ae91626cba_high_performance_524000000,AI_VECTOR_CORE,13,74,2.340,1790773410759916.330	,1790773410759918.670	
0,MatMulV2_ND_ND_FP16_FP16_false_true_all_98325,AI_CORE,13,75,8.140,1790773410759918.690	,1790773410759926.830	
0,ZerosLike_1c4543fdfe7149b6b0717bd88f061562_high_performance_210000000,AI_VECTOR_CORE,13,76,7.180,1790773410759926.850	,1790773410759934.031	
0,_copy_conv_state_kernel,AI_VECTOR_CORE,13,77,11.820,1790773410759934.051	,1790773410759945.871	
0,Slice_ee29dafe4fe21e12bb8d56ae91626cba_high_performance_524000000,AI_VECTOR_CORE,13,78,2.140,1790773410759945.891	,1790773410759948.031	
0,CausalConv1d_b0123b7fae3057c534dbb03661977c42_1,MIX_AIC,13,79,14.480,1790773410759949.431	,1790773410759963.911	
0,ViewCopy_7778b2d0a2938f9247cc0c9f84559eb2_high_performance__kernel0,AI_VECTOR_CORE,13,80,9.240,1790773410759964.651	,1790773410759973.891	
0,_copy_conv_state_kernel,AI_VECTOR_CORE,13,81,9.560,1790773410759973.911	,1790773410759983.472	
0,Slice_ee29dafe4fe21e12bb8d56ae91626cba_high_performance_524000000,AI_VECTOR_CORE,13,82,1.860,1790773410759983.512	,1790773410759985.372	
0,RecurrentKda_1ac9a791ca2957b2fe0a2e96909b5782_0,AI_VECTOR_CORE,13,83,52.941,1790773410759985.392	,1790773410760038.333	
0,_write_output,AI_VECTOR_CORE,13,84,3.000,1790773410760038.353	,1790773410760041.353	
0,layer_norm_gated_fwd_kernel,AI_VECTOR_CORE,13,85,4.380,1790773410760041.373	,1790773410760045.753	
0,MatMulV2_ND_ND_FP16_FP16_false_true_all_98499,AI_CORE,13,86,59.061,1790773410760045.773	,1790773410760104.834	
0,HcPost_d2fe6614722b27afa6f8d964c215447e_0,AI_VECTOR_CORE,13,87,8.440,1790773410760104.854	,1790773410760113.294	
0,HcPre_6c9f0fa710253eff38b1c0e6be6a67be_0,MIX_AIC,13,88,32.540,1790773410760114.174	,1790773410760146.715	
0,RmsNorm_normal_all_bf16_high_performance_0,AI_VECTOR_CORE,13,89,5.160,1790773410760147.715	,1790773410760152.875	
0,MatMulV2_ND_ND_FP16_FP16_false_true_all_98499,AI_CORE,13,90,175.203,1790773410760152.895	,1790773410760328.098	
0,N/A,EVENT_WAIT,39,32,2368.607,1790773410760263.537	,1790773410762632.145	
0,Slice_ee29dafe4fe21e12bb8d56ae91626cba_high_performance_524000000,AI_VECTOR_CORE,13,91,2.420,1790773410760328.138	,1790773410760330.559	
0,ClipByValueV2_e87c9546cf2804355cf0d9445a2db01a_high_performance_220000000,AI_VECTOR_CORE,13,92,10.800,1790773410760330.579	,1790773410760341.379	
0,Slice_ee29dafe4fe21e12bb8d56ae91626cba_high_performance_524000000,AI_VECTOR_CORE,13,93,1.880,1790773410760341.399	,1790773410760343.279	
0,ClipByValueV2_e87c9546cf2804355cf0d9445a2db01a_high_performance_220000000,AI_VECTOR_CORE,13,94,9.340,1790773410760343.299	,1790773410760352.639	
0,Muls_299cf4d7f9ef0f745d89d88c666b45aa_high_performance_210000000,AI_VECTOR_CORE,13,95,7.420,1790773410760352.659	,1790773410760360.079	
0,Sigmoid_1c4543fdfe7149b6b0717bd88f061562_high_precision_210000000,AI_VECTOR_CORE,13,96,8.420,1790773410760360.099	,1790773410760368.519	
0,Mul_ce3d1ff8ba23a0bcb292da3577c1625d_high_performance_210020000,AI_VECTOR_CORE,13,97,9.440,1790773410760368.539	,1790773410760377.979	
0,Add_ce3d1ff8ba23a0bcb292da3577c1625d_high_performance_223000000,AI_VECTOR_CORE,13,98,7.340,1790773410760377.999	,1790773410760385.340	
0,Mul_ce3d1ff8ba23a0bcb292da3577c1625d_high_performance_210020000,AI_VECTOR_CORE,13,99,2.800,1790773410760385.360	,1790773410760388.160	
0,MatMulV2_ND_ND_FP16_FP16_false_true_all_98513,AI_CORE,13,100,100.722,1790773410760388.180	,1790773410760488.902	
0,HcPost_d2fe6614722b27afa6f8d964c215447e_0,AI_VECTOR_CORE,13,101,8.060,1790773410760488.922	,1790773410760496.982	
0,HcPre_6c9f0fa710253eff38b1c0e6be6a67be_0,MIX_AIC,13,102,30.720,1790773410760498.422	,1790773410760529.143	
0,RmsNorm_normal_all_bf16_high_performance_0,AI_VECTOR_CORE,13,103,5.160,1790773410760530.163	,1790773410760535.323	
0,MatMulV2_ND_ND_FP16_FP16_false_true_all_98513,AI_CORE,13,104,18.560,1790773410760535.363	,1790773410760553.923	
0,Slice_ee29dafe4fe21e12bb8d56ae91626cba_high_performance_524000000,AI_VECTOR_CORE,13,105,1.800,1790773410760553.963	,1790773410760555.763	
0,RmsNorm_normal_all_bf16_high_performance_2,AI_VECTOR_CORE,13,106,6.200,1790773410760555.783	,1790773410760561.983	
0,Slice_ee29dafe4fe21e12bb8d56ae91626cba_high_performance_524000000,AI_VECTOR_CORE,13,107,1.880,1790773410760562.003	,1790773410760563.883	
0,RmsNorm_normal_all_bf16_high_performance_2,AI_VECTOR_CORE,13,108,4.400,1790773410760563.903	,1790773410760568.303	
0,ScatterNdUpdate_bfloat16_int32_high_precision_11,MIX_AIV,13,109,6.120,1790773410760569.423	,1790773410760575.543	
0,MatMulV2_ND_ND_FP16_FP16_false_true_all_98499,AI_CORE,13,110,46.460,1790773410760576.723	,1790773410760623.184	
0,TransposeBatchMatMul_ND_ND_ND_ND_ND_BF16_BF16_BF16_INT64_BF16_high_performance_32,AI_CORE,13,111,24.780,1790773410760623.204	,1790773410760647.985	
0,N/A,EVENT_WAIT,45,313,2001.880,1790773410760630.305	,1790773410762632.185	
0,Cast_b2717900ea7de2d41ea9c63d23aa269b_high_performance_210000000,AI_VECTOR_CORE,13,112,3.860,1790773410760648.005	,1790773410760651.865	
0,MatMulV2_ND_ND_FP32_FP32_false_true_all_65665,AI_CORE,13,113,9.380,1790773410760651.885	,1790773410760661.265	
0,Slice_82e6b4faea71b451f217d7ea57c08012_high_performance_524000000,AI_VECTOR_CORE,13,114,2.200,1790773410760661.285	,1790773410760663.485	
0,LayerNormV3_23ae115d70bd435e4cb966a52be97b55_high_precision_1600400500,AI_VECTOR_CORE,13,115,6.300,1790773410760663.505	,1790773410760669.805	
0,MatMulV2_ND_ND_FP32_FP32_false_true_all_65665,AI_CORE,13,116,8.900,1790773410760669.825	,1790773410760678.725	
0,MatMulV2_ND_ND_FP16_FP16_false_true_all_98499,AI_CORE,13,117,17.420,1790773410760678.745	,1790773410760696.166	
0,Slice_82e6b4faea71b451f217d7ea57c08012_high_performance_524000000,AI_VECTOR_CORE,13,118,1.840,1790773410760696.186	,1790773410760698.026	
0,Cast_9f288b80370c6545ffe8cef142d37f5c_high_performance_210000000,AI_VECTOR_CORE,13,119,1.440,1790773410760698.046	,1790773410760699.486	
0,Muls_299cf4d7f9ef0f745d89d88c666b45aa_high_performance_210000000,AI_VECTOR_CORE,13,120,1.360,1790773410760699.506	,1790773410760700.866	
0,_glm5_next_kpool_tail_compress_kernel,AI_VECTOR_CORE,13,121,2.520,1790773410760700.886	,1790773410760703.406	
0,_store_kpool_tail_kernel,AI_VECTOR_CORE,13,122,4.540,1790773410760703.426	,1790773410760707.966	
0,Cast_b2717900ea7de2d41ea9c63d23aa269b_high_performance_210000000,AI_VECTOR_CORE,13,123,2.540,1790773410760707.986	,1790773410760710.526	
0,Cast_b2717900ea7de2d41ea9c63d23aa269b_high_performance_210000000,AI_VECTOR_CORE,13,124,1.140,1790773410760710.566	,1790773410760711.706	
0,Mul_ee98c6628030785f610b924ab1557b31_high_performance_212000001,AI_VECTOR_CORE,13,125,9.280,1790773410760711.726	,1790773410760721.006	
0,ReduceSum_7a09f5b7af4126487a7f726a9aac7548_high_performance_10002100900,MIX_AIV,13,126,12.540,1790773410760722.366	,1790773410760734.907	
0,_glm5_next_lightning_indexer_score_kernel,AI_VECTOR_CORE,13,127,10.680,1790773410760735.787	,1790773410760746.467	
0,TopKV2_5c671486fda0d949d7cba9a9754bc2dd_high_performance_2017612701781458944,MIX_AIV,13,128,9.960,1790773410760747.747	,1790773410760757.707	
0,Cast_e87590d11ccda8b259ab6b1ea7212319_high_performance_210000000,AI_VECTOR_CORE,13,129,2.000,1790773410760758.707	,1790773410760760.707	
0,Cast_39a266ce9a8d7d9ead33f6686e936b72_high_performance_210000000,AI_VECTOR_CORE,13,130,2.140,1790773410760760.727	,1790773410760762.867	
0,_expand_pool_indices,AI_VECTOR_CORE,13,131,13.640,1790773410760762.887	,1790773410760776.527	
0,Slice_b9b91ad79a469f7fcff72949705be0f9_high_performance_521000000,AI_VECTOR_CORE,13,132,1.980,1790773410760776.547	,1790773410760778.527	
0,SparseFlashAttention_2e25ad8fefac1f04c03bd78f2d2ab366_1158,MIX_AIC,13,133,29.820,1790773410760779.588	,1790773410760809.408	
0,TransposeBatchMatMul_ND_ND_ND_ND_ND_BF16_BF16_BF16_INT64_BF16_high_performance_32,AI_CORE,13,134,22.260,1790773410760810.708	,1790773410760832.969	
0,MatMulV2_ND_ND_FP16_FP16_false_true_all_98513,AI_CORE,13,135,132.642,1790773410760832.989	,1790773410760965.631	
0,N/A,MEMCPY_ASYNC,13,136,0.600,1790773410760965.651	,1790773410760966.251	
0,HcPost_d2fe6614722b27afa6f8d964c215447e_0,AI_VECTOR_CORE,13,137,8.100,1790773410760966.291	,1790773410760974.391	
0,HcPre_6c9f0fa710253eff38b1c0e6be6a67be_0,MIX_AIC,13,138,30.100,1790773410760975.591	,1790773410761005.692	
0,RmsNorm_normal_all_bf16_high_performance_0,AI_VECTOR_CORE,13,139,5.240,1790773410761006.692	,1790773410761011.932	
0,N/A,EVENT_RECORD,13,140,0.020,1790773410761011.952	,1790773410761011.972	
0,Cast_b2717900ea7de2d41ea9c63d23aa269b_high_performance_210000000,AI_VECTOR_CORE,13,141,3.400,1790773410761011.992	,1790773410761015.392	
0,MatMulV2_ND_ND_FP32_FP32_false_true_all_65665,AI_CORE,13,142,5.760,1790773410761015.432	,1790773410761021.192	
0,N/A,EVENT_RECORD,13,143,0.020,1790773410761021.212	,1790773410761021.232	
0,MoeGatingTopK_81369a2fa0455f39b5d19d432d261f57_1,AI_VECTOR_CORE,13,144,4.940,1790773410761021.252	,1790773410761026.192	
0,N/A,EVENT_RECORD,13,145,0.020,1790773410761026.212	,1790773410761026.232	
0,MoeInitRoutingV3_4ca8d2d329b4477b44dd2ee885849b12_2100000,MIX_AIV,13,146,14.060,1790773410761027.552	,1790773410761041.613	
0,GroupedMatmul_0d2d43751f81d7f29646a862147967c9_68885275,MIX_AIC,13,147,215.144,1790773410761044.613	,1790773410761259.757	
0,Slice_ee29dafe4fe21e12bb8d56ae91626cba_high_performance_524000000,AI_VECTOR_CORE,13,148,2.640,1790773410761260.677	,1790773410761263.317	
0,ClipByValueV2_e87c9546cf2804355cf0d9445a2db01a_high_performance_220000000,AI_VECTOR_CORE,13,149,10.560,1790773410761263.337	,1790773410761273.897	
0,ViewCopy_7778b2d0a2938f9247cc0c9f84559eb2_high_performance__kernel0,AI_VECTOR_CORE,13,150,12.300,1790773410761273.937	,1790773410761286.238	
0,Slice_ee29dafe4fe21e12bb8d56ae91626cba_high_performance_524000000,AI_VECTOR_CORE,13,151,2.440,1790773410761286.258	,1790773410761288.698	
0,ClipByValueV2_e87c9546cf2804355cf0d9445a2db01a_high_performance_220000000,AI_VECTOR_CORE,13,152,7.460,1790773410761288.738	,1790773410761296.198	
0,ViewCopy_7778b2d0a2938f9247cc0c9f84559eb2_high_performance__kernel0,AI_VECTOR_CORE,13,153,10.920,1790773410761296.218	,1790773410761307.138	
0,SwiGlu_3_high_performance_27,AI_VECTOR_CORE,13,154,6.740,1790773410761307.158	,1790773410761313.898	
0,N/A,EVENT_RECORD,13,155,0.020,1790773410761313.918	,1790773410761313.938	
0,GroupedMatmul_0d2d43751f81d7f29646a862147967c9_68885275,MIX_AIC,13,156,96.941,1790773410761314.878	,1790773410761411.820	
0,N/A,EVENT_RECORD,13,157,0.020,1790773410761412.540	,1790773410761412.560	
0,Cast_9f288b80370c6545ffe8cef142d37f5c_high_performance_210000000,AI_VECTOR_CORE,13,158,1.280,1790773410761412.580	,1790773410761413.860	
0,Abs_8098b79498645e9c0da095babdeaf862_high_performance_210000000,AI_VECTOR_CORE,13,159,1.680,1790773410761413.880	,1790773410761415.560	
0,MoeTokenUnpermute_6dd49246dc9576d3314234df69cb5c22_1,AI_VECTOR_CORE,13,160,4.600,1790773410761415.580	,1790773410761420.180	
0,MatMulV2_ND_ND_FP16_FP16_false_true_all_98499,AI_CORE,13,161,31.760,1790773410761420.200	,1790773410761451.961	
0,Slice_ee29dafe4fe21e12bb8d56ae91626cba_high_performance_524000000,AI_VECTOR_CORE,13,162,1.880,1790773410761451.981	,1790773410761453.861	
0,ClipByValueV2_e87c9546cf2804355cf0d9445a2db01a_high_performance_220000000,AI_VECTOR_CORE,13,163,2.320,1790773410761453.901	,1790773410761456.221	
0,Slice_ee29dafe4fe21e12bb8d56ae91626cba_high_performance_524000000,AI_VECTOR_CORE,13,164,1.400,1790773410761456.261	,1790773410761457.661	
0,ClipByValueV2_e87c9546cf2804355cf0d9445a2db01a_high_performance_220000000,AI_VECTOR_CORE,13,165,2.680,1790773410761457.681	,1790773410761460.361	
0,Muls_299cf4d7f9ef0f745d89d88c666b45aa_high_performance_210000000,AI_VECTOR_CORE,13,166,2.020,1790773410761460.381	,1790773410761462.401	
0,Sigmoid_1c4543fdfe7149b6b0717bd88f061562_high_precision_210000000,AI_VECTOR_CORE,13,167,3.040,1790773410761462.421	,1790773410761465.461	
0,Mul_ce3d1ff8ba23a0bcb292da3577c1625d_high_performance_210020000,AI_VECTOR_CORE,13,168,2.580,1790773410761465.481	,1790773410761468.061	
0,Add_ce3d1ff8ba23a0bcb292da3577c1625d_high_performance_223000000,AI_VECTOR_CORE,13,169,2.440,1790773410761468.081	,1790773410761470.521	
0,Mul_ce3d1ff8ba23a0bcb292da3577c1625d_high_performance_210020000,AI_VECTOR_CORE,13,170,2.600,1790773410761470.541	,1790773410761473.141	
0,MatMulV2_ND_ND_FP16_FP16_false_true_all_98499,AI_CORE,13,171,19.280,1790773410761473.181	,1790773410761492.462	
0,ForeachAddList_c73cb8f503197be65eaf63148ad48de4_high_performance_4,AI_VECTOR_CORE,13,172,14.380,1790773410761492.482	,1790773410761506.862	
0,HcPost_d2fe6614722b27afa6f8d964c215447e_0,AI_VECTOR_CORE,13,173,6.640,1790773410761506.882	,1790773410761513.522	
0,ReduceMean_9a2479d4dc5148645cb3f4b9e765c637_high_precision_2100900,MIX_AIV,13,174,11.740,1790773410761514.942	,1790773410761526.682	
0,RmsNorm_normal_all_bf16_high_performance_0,AI_VECTOR_CORE,13,175,3.780,1790773410761527.722	,1790773410761531.503	
0,N/A,EVENT_RESET,13,176,0.080,1790773410761531.543	,1790773410761531.623	
0,N/A,EVENT_RESET,13,177,0.100,1790773410761531.643	,1790773410761531.743	
0,N/A,EVENT_RESET,13,178,0.100,1790773410761531.763	,1790773410761531.863	
0,N/A,EVENT_RESET,13,179,0.100,1790773410761531.883	,1790773410761531.983	
0,N/A,EVENT_RESET,13,180,0.100,1790773410761532.003	,1790773410761532.103	
0,N/A,NOTIFY_RECORD,13,181,0.020,1790773410761532.123	,1790773410761532.143	
0,IndexCheck_int32_high_performance_1,AI_VECTOR_CORE,47,5257,3.380,1790773410761532.683	,1790773410761536.063	
0,Index_b1b18d29d34a3b544b5bb6b3f56177c3_high_performance__kernel0,AI_VECTOR_CORE,47,5258,8.660,1790773410761536.083	,1790773410761544.743	
0,MatMulV2_ND_ND_FP16_FP16_false_true_all_98499,AI_CORE,47,5259,905.858,1790773410761544.783	,1790773410762450.641	
0,Cast_b2717900ea7de2d41ea9c63d23aa269b_high_performance_210000000,AI_VECTOR_CORE,47,5260,7.720,1790773410762450.661	,1790773410762458.381	
0,LogSoftmaxV2_291664ae3e88b38b8b46c2efbbea27c9_high_precision_400001,AI_VECTOR_CORE,47,5261,44.660,1790773410762458.421	,1790773410762503.082	
0,Cast_b2717900ea7de2d41ea9c63d23aa269b_high_performance_210000000,AI_VECTOR_CORE,47,5262,2.840,1790773410762503.102	,1790773410762505.942	
0,ArgMaxV2_4402011f777d6374ab9f6425cb5984c4_high_performance_3,AI_VECTOR_CORE,47,5263,19.740,1790773410762505.962	,1790773410762525.702	
0,Cast_e87590d11ccda8b259ab6b1ea7212319_high_performance_210000000,AI_VECTOR_CORE,47,5264,1.320,1790773410762525.742	,1790773410762527.062	
0,TopKV2_5c671486fda0d949d7cba9a9754bc2dd_high_performance_2017612907943034881,MIX_AIV,47,5265,31.720,1790773410762528.362	,1790773410762560.083	
0,TopKV2_5c671486fda0d949d7cba9a9754bc2dd_high_performance_2017612701781458944,MIX_AIV,47,5266,4.360,1790773410762563.163	,1790773410762567.523	
0,GatherElements_8b4ec10fbb39c5c0a65192c606400b29_high_performance__kernel0,AI_VECTOR_CORE,47,5267,4.160,1790773410762568.623	,1790773410762572.783	
0,Cast_e87590d11ccda8b259ab6b1ea7212319_high_performance_210000000,AI_VECTOR_CORE,47,5268,1.160,1790773410762572.823	,1790773410762573.983	
0,Cast_39a266ce9a8d7d9ead33f6686e936b72_high_performance_210000000,AI_VECTOR_CORE,47,5269,1.440,1790773410762574.003	,1790773410762575.443	
0,GatherElementsV2_fp32_high_performance_2,AI_VECTOR_CORE,47,5270,4.360,1790773410762575.463	,1790773410762579.823	
0,GreaterEqual_3efaad932f458d7892fdb0715ec85b2b_high_performance_212000002,AI_VECTOR_CORE,47,5271,11.300,1790773410762579.863	,1790773410762591.164	
0,Cast_df2b778f1b80e749bd4242386ec57ab9_high_performance_210000000,AI_VECTOR_CORE,47,5272,7.020,1790773410762591.184	,1790773410762598.204	
0,ReduceSum_7a09f5b7af4126487a7f726a9aac7548_high_performance_110001000400,MIX_AIV,47,5273,20.740,1790773410762599.584	,1790773410762620.324	
0,Cast_c6738f795430c3c6f09cdc8d52a1b43d_high_performance_210000000,AI_VECTOR_CORE,47,5274,1.340,1790773410762621.504	,1790773410762622.844	
0,ConcatD_0d745295987e1c668b2ec8b2844aeada_high_performance_0,AI_VECTOR_CORE,47,5275,3.440,1790773410762622.884	,1790773410762626.324	
0,ConcatD_233851a3505389e43928a8bba133a74d_high_performance_0,AI_VECTOR_CORE,47,5276,2.460,1790773410762626.344	,1790773410762628.804	
0,Cast_39a266ce9a8d7d9ead33f6686e936b72_high_performance_210000000,AI_VECTOR_CORE,47,5277,1.520,1790773410762628.824	,1790773410762630.344	
0,Cast_39a266ce9a8d7d9ead33f6686e936b72_high_performance_210000000,AI_VECTOR_CORE,47,5278,1.300,1790773410762630.364	,1790773410762631.665	
0,N/A,EVENT_RECORD,47,5279,0.020,1790773410762631.685	,1790773410762631.705	
0,N/A,EVENT_RECORD,47,5280,0.020,1790773410762631.725	,1790773410762631.745	
0,N/A,MEMCPY_ASYNC,45,314,1.980,1790773410762632.205	,1790773410762634.185	
0,N/A,MEMCPY_ASYNC,45,315,2.040,1790773410762634.345	,1790773410762636.385	
0,N/A,MEMCPY_ASYNC,45,316,2.060,1790773410762636.545	,1790773410762638.605	
0,N/A,MEMCPY_ASYNC,45,317,2.180,1790773410762638.765	,1790773410762640.945	
0,N/A,EVENT_RECORD,45,318,0.020,1790773410762641.105	,1790773410762641.125	
0,N/A,EVENT_RECORD,45,319,0.020,1790773410762641.145	,1790773410762641.165	
0,N/A,EVENT_RECORD,45,320,0.000,1790773410762641.185	,1790773410762641.185	
0,N/A,EVENT_RECORD,45,321,0.020,1790773410762641.205	,1790773410762641.225	
0,N/A,EVENT_RECORD,45,322,0.000,1790773410762641.245	,1790773410762641.245	
0,N/A,MEMCPY_ASYNC,47,5281,2.460,1790773410763158.435	,1790773410763160.895	
0,N/A,MEMCPY_ASYNC,47,5282,2.400,1790773410763188.736	,1790773410763191.136	
0,N/A,MEMCPY_ASYNC,47,5283,2.220,1790773410763300.778	,1790773410763302.998	
0,N/A,MEMCPY_ASYNC,47,5284,2.420,1790773410763334.659	,1790773410763337.079	
0,N/A,MEMCPY_ASYNC,47,5285,2.360,1790773410763414.420	,1790773410763416.780	
0,N/A,MEMCPY_ASYNC,47,5286,2.380,1790773410763673.745	,1790773410763676.125	
0,N/A,MEMCPY_ASYNC,47,5287,2.380,1790773410763843.249	,1790773410763845.629	
0,N/A,MEMCPY_ASYNC,47,5288,2.200,1790773410763900.050	,1790773410763902.250	
0,Fill_1fbc7ee619b707282bbfd034093621df_high_performance_223000000,AI_VECTOR_CORE,47,5289,1.540,1790773410764085.674	,1790773410764087.214	
0,N/A,MEMCPY_ASYNC,47,5290,2.260,1790773410764259.817	,1790773410764262.077	
0,N/A,EVENT_RECORD,47,5291,0.020,1790773410764280.057	,1790773410764280.077	
0,N/A,MEMCPY_ASYNC,47,5292,2.380,1790773410764383.560	,1790773410764385.940	
0,N/A,EVENT_RECORD,47,5293,0.020,1790773410764402.220	,1790773410764402.240	
0,IndexCheck_int64_high_performance_0,AI_VECTOR_CORE,47,5294,2.980,1790773410764535.783	,1790773410764538.763	
0,Index_f34e8f0e5e2c96109aa0460550023804_high_performance__kernel0,AI_VECTOR_CORE,47,5295,7.840,1790773410764538.783	,1790773410764546.623	
0,LinearIndex_b3652dcd59e01dda770dd59c2aa36b23_high_performance_2,AI_VECTOR_CORE,47,5296,2.380,1790773410764828.068	,1790773410764830.448	
0,ScatterElementsV2_0de125c91e7c25d3e6b4f766a3ca960a_high_performance_1,MIX_AIV,47,5297,2.200,1790773410764880.249	,1790773410764882.449	
0,N/A,MEMCPY_ASYNC,47,5298,2.680,1790773410765040.913	,1790773410765043.593	
0,Fill_1fbc7ee619b707282bbfd034093621df_high_performance_223000000,AI_VECTOR_CORE,47,5299,1.420,1790773410765084.414	,1790773410765085.834	
0,N/A,MEMCPY_ASYNC,47,5300,2.400,1790773410765134.075	,1790773410765136.475	
0,N/A,MEMCPY_ASYNC,47,5301,2.240,1790773410765231.156	,1790773410765233.397	
0,N/A,MEMCPY_ASYNC,47,5302,2.500,1790773410765304.778	,1790773410765307.278	
0,N/A,MEMCPY_ASYNC,47,5303,2.380,1790773410765387.960	,1790773410765390.340	
0,IndexCheck_int64_high_performance_0,AI_VECTOR_CORE,47,5304,2.340,1790773410765497.482	,1790773410765499.822	
0,Index_f34e8f0e5e2c96109aa0460550023804_high_performance__kernel0,AI_VECTOR_CORE,47,5305,7.260,1790773410765499.842	,1790773410765507.102	
0,Cast_e87590d11ccda8b259ab6b1ea7212319_high_performance_210000000,AI_VECTOR_CORE,47,5306,1.280,1790773410765572.403	,1790773410765573.683	
0,Add_41dadce325b0f810d03359af2a38990b_high_performance_210000000,AI_VECTOR_CORE,47,5307,2.920,1790773410765636.385	,1790773410765639.305	
0,N/A,MEMCPY_ASYNC,47,5308,0.560,1790773410765788.108	,1790773410765788.668	
0,Add_9342884c99c006e21fc9d5d9260b8bef_high_performance_210000000,AI_VECTOR_CORE,47,5309,1.700,1790773410765841.489	,1790773410765843.189	
0,N/A,MEMCPY_ASYNC,47,5310,0.640,1790773410765964.911	,1790773410765965.551	
0,Fill_1fbc7ee619b707282bbfd034093621df_high_performance_223000000,AI_VECTOR_CORE,47,5311,1.360,1790773410766018.332	,1790773410766019.692	
0,_compute_slot_mapping_fused_groups_adaptive_kernel,AI_VECTOR_CORE,47,5312,4.240,1790773410766439.721	,1790773410766443.961	
0,Sub_9342884c99c006e21fc9d5d9260b8bef_high_performance_223000000,AI_VECTOR_CORE,47,5313,1.460,1790773410766597.224	,1790773410766598.684	
0,N/A,MEMCPY_ASYNC,47,5314,2.220,1790773410766914.850	,1790773410766917.070	
0,Cast_e87590d11ccda8b259ab6b1ea7212319_high_performance_210000000,AI_VECTOR_CORE,47,5315,1.300,1790773410767607.304	,1790773410767608.604	
0,FloorDiv_41dadce325b0f810d03359af2a38990b_high_performance_223000000,AI_VECTOR_CORE,47,5316,4.400,1790773410767608.824	,1790773410767613.224	
0,Cast_39a266ce9a8d7d9ead33f6686e936b72_high_performance_210000000,AI_VECTOR_CORE,47,5317,1.460,1790773410767613.244	,1790773410767614.704	
0,N/A,MEMCPY_ASYNC,47,5318,0.580,1790773410767751.747	,1790773410767752.327	
0,Cast_e87590d11ccda8b259ab6b1ea7212319_high_performance_210000000,AI_VECTOR_CORE,47,5319,1.260,1790773410767829.368	,1790773410767830.628	
0,GreaterEqual_1ea4da630f56dc1c2d6e7c9a9dd17b11_high_performance_223000000,AI_VECTOR_CORE,47,5320,2.940,1790773410767831.328	,1790773410767834.268	
0,Add_41dadce325b0f810d03359af2a38990b_high_performance_223000000,AI_VECTOR_CORE,47,5321,2.860,1790773410767873.409	,1790773410767876.269	
0,BroadcastTo_41dadce325b0f810d03359af2a38990b_high_performance_232000000,AI_VECTOR_CORE,47,5322,1.700,1790773410767942.211	,1790773410767943.911	
0,FloorMod_41dadce325b0f810d03359af2a38990b_high_precision_210000000,AI_VECTOR_CORE,47,5323,1.920,1790773410767943.931	,1790773410767945.851	
0,Equal_1ea4da630f56dc1c2d6e7c9a9dd17b11_high_performance_223000000,AI_VECTOR_CORE,47,5324,2.560,1790773410767986.892	,1790773410767989.452	
0,LogicalAnd_91d2a3cdd75d915a368582ec5f440af1_high_performance_210000000,AI_VECTOR_CORE,47,5325,1.580,1790773410768019.112	,1790773410768020.692	
0,ClipByValueV2_3bc53d14ff7dfecd0ed0c69136ab471a_high_performance_220000000,AI_VECTOR_CORE,47,5326,2.900,1790773410768071.413	,1790773410768074.313	
0,Cast_e87590d11ccda8b259ab6b1ea7212319_high_performance_210000000,AI_VECTOR_CORE,47,5327,1.220,1790773410768124.394	,1790773410768125.614	
0,FloorDiv_41dadce325b0f810d03359af2a38990b_high_performance_223000000,AI_VECTOR_CORE,47,5328,1.760,1790773410768135.754	,1790773410768137.515	
0,Cast_39a266ce9a8d7d9ead33f6686e936b72_high_performance_210000000,AI_VECTOR_CORE,47,5329,1.340,1790773410768137.555	,1790773410768138.895	
0,BroadcastTo_c71434db8135ff9089d65053721e3417_high_performance_232000000,AI_VECTOR_CORE,47,5330,1.640,1790773410768177.315	,1790773410768178.955	
0,FloorMod_9342884c99c006e21fc9d5d9260b8bef_high_precision_210000000,AI_VECTOR_CORE,47,5331,3.040,1790773410768188.316	,1790773410768191.356	
0,Mul_9342884c99c006e21fc9d5d9260b8bef_high_performance_223000000,AI_VECTOR_CORE,47,5332,1.500,1790773410768238.997	,1790773410768240.497	
0,Cast_e87590d11ccda8b259ab6b1ea7212319_high_performance_210000000,AI_VECTOR_CORE,47,5333,1.260,1790773410768280.577	,1790773410768281.837	
0,FloorDiv_41dadce325b0f810d03359af2a38990b_high_performance_223000000,AI_VECTOR_CORE,47,5334,1.800,1790773410768292.258	,1790773410768294.058	
0,Cast_39a266ce9a8d7d9ead33f6686e936b72_high_performance_210000000,AI_VECTOR_CORE,47,5335,1.400,1790773410768294.078	,1790773410768295.478	
0,Add_9342884c99c006e21fc9d5d9260b8bef_high_performance_210000000,AI_VECTOR_CORE,47,5336,1.300,1790773410768321.458	,1790773410768322.758	
0,Fill_1fbc7ee619b707282bbfd034093621df_high_performance_223000000,AI_VECTOR_CORE,47,5337,1.180,1790773410768407.480	,1790773410768408.660	
0,SelectV2_9bb0969ab50036eba4428cd9974a5c0b_high_performance_210000000,AI_VECTOR_CORE,47,5338,2.080,1790773410768430.780	,1790773410768432.860	
0,Cast_e87590d11ccda8b259ab6b1ea7212319_high_performance_210000000,AI_VECTOR_CORE,47,5339,1.160,1790773410768486.341	,1790773410768487.502	
0,Cast_e87590d11ccda8b259ab6b1ea7212319_high_performance_210000000,AI_VECTOR_CORE,47,5340,1.200,1790773410768712.666	,1790773410768713.866	
0,FloorDiv_41dadce325b0f810d03359af2a38990b_high_performance_223000000,AI_VECTOR_CORE,47,5341,1.780,1790773410768713.906	,1790773410768715.686	
0,Cast_39a266ce9a8d7d9ead33f6686e936b72_high_performance_210000000,AI_VECTOR_CORE,47,5342,1.320,1790773410768715.706	,1790773410768717.026	
0,N/A,MEMCPY_ASYNC,47,5343,0.600,1790773410768841.909	,1790773410768842.509	
0,N/A,MEMCPY_ASYNC,47,5344,0.600,1790773410768935.510	,1790773410768936.110	
0,N/A,MEMCPY_ASYNC,47,5345,0.620,1790773410769952.711	,1790773410769953.331	
0,N/A,MEMCPY_ASYNC,47,5346,0.640,1790773410770113.274	,1790773410770113.914	
0,N/A,MEMCPY_ASYNC,47,5347,0.660,1790773410770282.297	,1790773410770282.957	
0,Sub_9342884c99c006e21fc9d5d9260b8bef_high_performance_210000000,AI_VECTOR_CORE,47,5348,1.460,1790773410770365.319	,1790773410770366.779	
0,N/A,MEMCPY_ASYNC,47,5349,0.600,1790773410771130.494	,1790773410771131.094	
0,N/A,MEMCPY_ASYNC,47,5350,0.580,1790773410771342.399	,1790773410771342.979	
0,N/A,MEMCPY_ASYNC,47,5351,0.640,1790773410771491.402	,1790773410771492.042	
0,Sub_9342884c99c006e21fc9d5d9260b8bef_high_performance_210000000,AI_VECTOR_CORE,47,5352,1.520,1790773410771565.943	,1790773410771567.463	
0,N/A,MEMCPY_ASYNC,47,5353,0.720,1790773410772237.856	,1790773410772238.576	
0,N/A,MEMCPY_ASYNC,47,5354,0.620,1790773410772405.380	,1790773410772406.000	
0,N/A,MEMCPY_ASYNC,47,5355,0.580,1790773410772581.043	,1790773410772581.623	
0,Sub_9342884c99c006e21fc9d5d9260b8bef_high_performance_210000000,AI_VECTOR_CORE,47,5356,1.460,1790773410772639.724	,1790773410772641.185	
0,N/A,EVENT_RECORD,47,5357,0.020,1790773410772900.910	,1790773410772900.930	
0,Fill_279daeaf6b659300647aba3935d90048_high_performance_210000000,AI_VECTOR_CORE,47,5358,1.700,1790773410773280.377	,1790773410773282.077	
0,Cast_a9b7af94359fc7c19da07ad0790f065c_high_performance_210000000,AI_VECTOR_CORE,47,5359,1.520,1790773410773312.978	,1790773410773314.498	
0,BroadcastTo_c71434db8135ff9089d65053721e3417_high_performance_232000000,AI_VECTOR_CORE,47,5360,1.360,1790773410773316.518	,1790773410773317.878	
0,Cast_9fc020fd54590bb5fe6cf6eabcf7b473_high_performance_210000000,AI_VECTOR_CORE,47,5361,1.300,1790773410773325.538	,1790773410773326.838	
0,Fill_279daeaf6b659300647aba3935d90048_high_performance_210000000,AI_VECTOR_CORE,47,5362,1.260,1790773410773344.339	,1790773410773345.599	
0,N/A,MODEL_EXECUTE,47,5363,89.221,1790773410773867.689	,1790773410773956.911	
0,Cast_e87590d11ccda8b259ab6b1ea7212319_high_performance_210000000,AI_VECTOR_CORE,12,0,1.180,1790773410773956.811	,1790773410773957.991	
0,GatherV2_7869a97190b9b4d296d9414a005b954b_high_precision_900015010,AI_VECTOR_CORE,12,1,2.940,1790773410773958.011	,1790773410773960.951	
0,BroadcastTo_7e5992d3033ef32a3463c5d198e518a1_high_performance_212100003,AI_VECTOR_CORE,12,2,6.460,1790773410773960.971	,1790773410773967.431	
0,N/A,NOTIFY_WAIT,47,5364,3286.025,1790773410773968.131	,1790773410777254.157	
0,HcPre_6c9f0fa710253eff38b1c0e6be6a67be_0,MIX_AIC,12,3,34.980,1790773410773968.791	,1790773410774003.772	
0,RmsNorm_normal_all_bf16_high_performance_0,AI_VECTOR_CORE,12,4,4.860,1790773410774004.772	,1790773410774009.632	
0,MatMulV2_ND_ND_FP16_FP16_false_true_all_98499,AI_CORE,12,5,165.243,1790773410774009.652	,1790773410774174.895	
0,Slice_ee29dafe4fe21e12bb8d56ae91626cba_high_performance_524000000,AI_VECTOR_CORE,12,6,1.820,1790773410774174.935	,1790773410774176.755	
0,MatMulV2_ND_ND_FP16_FP16_false_true_all_98325,AI_CORE,12,7,9.140,1790773410774176.775	,1790773410774185.915	
0,Slice_ee29dafe4fe21e12bb8d56ae91626cba_high_performance_524000000,AI_VECTOR_CORE,12,8,1.500,1790773410774185.955	,1790773410774187.455	
0,MatMulV2_ND_ND_FP16_FP16_false_true_all_98325,AI_CORE,12,9,7.320,1790773410774187.475	,1790773410774194.796	
0,ZerosLike_1c4543fdfe7149b6b0717bd88f061562_high_performance_210000000,AI_VECTOR_CORE,12,10,7.220,1790773410774194.816	,1790773410774202.036	
0,_copy_conv_state_kernel,AI_VECTOR_CORE,12,11,9.480,1790773410774202.056	,1790773410774211.536	
0,Slice_ee29dafe4fe21e12bb8d56ae91626cba_high_performance_524000000,AI_VECTOR_CORE,12,12,1.760,1790773410774211.556	,1790773410774213.316	
0,CausalConv1d_b0123b7fae3057c534dbb03661977c42_1,MIX_AIC,12,13,12.860,1790773410774214.676	,1790773410774227.536	
0,ViewCopy_7778b2d0a2938f9247cc0c9f84559eb2_high_performance__kernel0,AI_VECTOR_CORE,12,14,11.340,1790773410774228.716	,1790773410774240.056	
0,_copy_conv_state_kernel,AI_VECTOR_CORE,12,15,9.480,1790773410774240.076	,1790773410774249.557	
0,Slice_ee29dafe4fe21e12bb8d56ae91626cba_high_performance_524000000,AI_VECTOR_CORE,12,16,1.740,1790773410774249.577	,1790773410774251.317	
0,RecurrentKda_1ac9a791ca2957b2fe0a2e96909b5782_0,AI_VECTOR_CORE,12,17,44.340,1790773410774251.337	,1790773410774295.678	
0,_write_output,AI_VECTOR_CORE,12,18,2.880,1790773410774295.698	,1790773410774298.578	
0,layer_norm_gated_fwd_kernel,AI_VECTOR_CORE,12,19,3.660,1790773410774298.598	,1790773410774302.258	
0,MatMulV2_ND_ND_FP16_FP16_false_true_all_98499,AI_CORE,12,20,57.441,1790773410774302.278	,1790773410774359.719	
0,HcPost_d2fe6614722b27afa6f8d964c215447e_0,AI_VECTOR_CORE,12,21,7.480,1790773410774359.739	,1790773410774367.219	
0,HcPre_6c9f0fa710253eff38b1c0e6be6a67be_0,MIX_AIC,12,22,34.020,1790773410774368.659	,1790773410774402.680	
0,RmsNorm_normal_all_bf16_high_performance_0,AI_VECTOR_CORE,12,23,4.780,1790773410774403.420	,1790773410774408.200	
0,MatMulV2_ND_ND_FP16_FP16_false_true_all_98499,AI_CORE,12,24,166.963,1790773410774408.220	,1790773410774575.183	
0,Slice_ee29dafe4fe21e12bb8d56ae91626cba_high_performance_524000000,AI_VECTOR_CORE,12,25,1.980,1790773410774575.203	,1790773410774577.183	
0,ClipByValueV2_e87c9546cf2804355cf0d9445a2db01a_high_performance_220000000,AI_VECTOR_CORE,12,26,6.960,1790773410774577.203	,1790773410774584.163	
0,Slice_ee29dafe4fe21e12bb8d56ae91626cba_high_performance_524000000,AI_VECTOR_CORE,12,27,1.660,1790773410774584.183	,1790773410774585.843	
0,ClipByValueV2_e87c9546cf2804355cf0d9445a2db01a_high_performance_220000000,AI_VECTOR_CORE,12,28,5.480,1790773410774585.863	,1790773410774591.343	
0,Muls_299cf4d7f9ef0f745d89d88c666b45aa_high_performance_210000000,AI_VECTOR_CORE,12,29,4.760,1790773410774591.363	,1790773410774596.124	
0,Sigmoid_1c4543fdfe7149b6b0717bd88f061562_high_precision_210000000,AI_VECTOR_CORE,12,30,5.580,1790773410774596.144	,1790773410774601.724	
0,Mul_ce3d1ff8ba23a0bcb292da3577c1625d_high_performance_210020000,AI_VECTOR_CORE,12,31,5.880,1790773410774601.744	,1790773410774607.624	
0,Add_ce3d1ff8ba23a0bcb292da3577c1625d_high_performance_223000000,AI_VECTOR_CORE,12,32,4.760,1790773410774607.644	,1790773410774612.404	
0,Mul_ce3d1ff8ba23a0bcb292da3577c1625d_high_performance_210020000,AI_VECTOR_CORE,12,33,2.860,1790773410774612.444	,1790773410774615.304	
0,MatMulV2_ND_ND_FP16_FP16_false_true_all_98513,AI_CORE,12,34,104.482,1790773410774615.324	,1790773410774719.806	
0,HcPost_d2fe6614722b27afa6f8d964c215447e_0,AI_VECTOR_CORE,12,35,7.640,1790773410774719.826	,1790773410774727.466	
0,HcPre_6c9f0fa710253eff38b1c0e6be6a67be_0,MIX_AIC,12,36,29.820,1790773410774728.446	,1790773410774758.267	
0,RmsNorm_normal_all_bf16_high_performance_0,AI_VECTOR_CORE,12,37,4.640,1790773410774759.567	,1790773410774764.207	
0,MatMulV2_ND_ND_FP16_FP16_false_true_all_98499,AI_CORE,12,38,159.103,1790773410774764.227	,1790773410774923.330	
0,Slice_ee29dafe4fe21e12bb8d56ae91626cba_high_performance_524000000,AI_VECTOR_CORE,12,39,2.060,1790773410774923.350	,1790773410774925.410	
0,MatMulV2_ND_ND_FP16_FP16_false_true_all_98325,AI_CORE,12,40,7.880,1790773410774925.450	,1790773410774933.330	
0,Slice_ee29dafe4fe21e12bb8d56ae91626cba_high_performance_524000000,AI_VECTOR_CORE,12,41,1.700,1790773410774933.350	,1790773410774935.050	
0,MatMulV2_ND_ND_FP16_FP16_false_true_all_98325,AI_CORE,12,42,7.740,1790773410774935.090	,1790773410774942.830	
0,ZerosLike_1c4543fdfe7149b6b0717bd88f061562_high_performance_210000000,AI_VECTOR_CORE,12,43,7.120,1790773410774942.850	,1790773410774949.971	
0,_copy_conv_state_kernel,AI_VECTOR_CORE,12,44,9.540,1790773410774949.991	,1790773410774959.531	
0,Slice_ee29dafe4fe21e12bb8d56ae91626cba_high_performance_524000000,AI_VECTOR_CORE,12,45,1.920,1790773410774959.551	,1790773410774961.471	
0,CausalConv1d_b0123b7fae3057c534dbb03661977c42_1,MIX_AIC,12,46,13.260,1790773410774962.911	,1790773410774976.171	
0,ViewCopy_7778b2d0a2938f9247cc0c9f84559eb2_high_performance__kernel0,AI_VECTOR_CORE,12,47,8.900,1790773410774976.911	,1790773410774985.811	
0,_copy_conv_state_kernel,AI_VECTOR_CORE,12,48,9.280,1790773410774985.831	,1790773410774995.112	
0,Slice_ee29dafe4fe21e12bb8d56ae91626cba_high_performance_524000000,AI_VECTOR_CORE,12,49,1.680,1790773410774995.132	,1790773410774996.812	
0,RecurrentKda_1ac9a791ca2957b2fe0a2e96909b5782_0,AI_VECTOR_CORE,12,50,47.140,1790773410774996.852	,1790773410775043.993	
0,_write_output,AI_VECTOR_CORE,12,51,2.800,1790773410775044.013	,1790773410775046.813	
0,layer_norm_gated_fwd_kernel,AI_VECTOR_CORE,12,52,3.440,1790773410775046.833	,1790773410775050.273	
0,MatMulV2_ND_ND_FP16_FP16_false_true_all_98499,AI_CORE,12,53,64.701,1790773410775050.293	,1790773410775114.994	
0,HcPost_d2fe6614722b27afa6f8d964c215447e_0,AI_VECTOR_CORE,12,54,7.640,1790773410775115.014	,1790773410775122.654	
0,HcPre_6c9f0fa710253eff38b1c0e6be6a67be_0,MIX_AIC,12,55,34.260,1790773410775123.854	,1790773410775158.115	
0,RmsNorm_normal_all_bf16_high_performance_0,AI_VECTOR_CORE,12,56,5.000,1790773410775159.195	,1790773410775164.195	
0,MatMulV2_ND_ND_FP16_FP16_false_true_all_98499,AI_CORE,12,57,170.743,1790773410775164.235	,1790773410775334.978	
0,Slice_ee29dafe4fe21e12bb8d56ae91626cba_high_performance_524000000,AI_VECTOR_CORE,12,58,2.600,1790773410775335.018	,1790773410775337.618	
0,ClipByValueV2_e87c9546cf2804355cf0d9445a2db01a_high_performance_220000000,AI_VECTOR_CORE,12,59,7.140,1790773410775337.658	,1790773410775344.799	
0,Slice_ee29dafe4fe21e12bb8d56ae91626cba_high_performance_524000000,AI_VECTOR_CORE,12,60,1.800,1790773410775344.839	,1790773410775346.639	
0,ClipByValueV2_e87c9546cf2804355cf0d9445a2db01a_high_performance_220000000,AI_VECTOR_CORE,12,61,7.060,1790773410775346.659	,1790773410775353.719	
0,Muls_299cf4d7f9ef0f745d89d88c666b45aa_high_performance_210000000,AI_VECTOR_CORE,12,62,4.860,1790773410775353.739	,1790773410775358.599	
0,Sigmoid_1c4543fdfe7149b6b0717bd88f061562_high_precision_210000000,AI_VECTOR_CORE,12,63,5.720,1790773410775358.619	,1790773410775364.339	
0,Mul_ce3d1ff8ba23a0bcb292da3577c1625d_high_performance_210020000,AI_VECTOR_CORE,12,64,6.060,1790773410775364.359	,1790773410775370.419	
0,Add_ce3d1ff8ba23a0bcb292da3577c1625d_high_performance_223000000,AI_VECTOR_CORE,12,65,4.840,1790773410775370.439	,1790773410775375.279	
0,Mul_ce3d1ff8ba23a0bcb292da3577c1625d_high_performance_210020000,AI_VECTOR_CORE,12,66,2.840,1790773410775375.299	,1790773410775378.139	
0,MatMulV2_ND_ND_FP16_FP16_false_true_all_98513,AI_CORE,12,67,99.681,1790773410775378.179	,1790773410775477.861	
0,HcPost_d2fe6614722b27afa6f8d964c215447e_0,AI_VECTOR_CORE,12,68,8.000,1790773410775477.881	,1790773410775485.881	
0,HcPre_6c9f0fa710253eff38b1c0e6be6a67be_0,MIX_AIC,12,69,30.600,1790773410775486.841	,1790773410775517.442	
0,RmsNorm_normal_all_bf16_high_performance_0,AI_VECTOR_CORE,12,70,4.640,1790773410775518.562	,1790773410775523.202	
0,MatMulV2_ND_ND_FP16_FP16_false_true_all_98499,AI_CORE,12,71,149.983,1790773410775523.222	,1790773410775673.205	
0,Slice_ee29dafe4fe21e12bb8d56ae91626cba_high_performance_524000000,AI_VECTOR_CORE,12,72,2.060,1790773410775673.225	,1790773410775675.285	
0,MatMulV2_ND_ND_FP16_FP16_false_true_all_98325,AI_CORE,12,73,9.120,1790773410775675.305	,1790773410775684.425	
0,Slice_ee29dafe4fe21e12bb8d56ae91626cba_high_performance_524000000,AI_VECTOR_CORE,12,74,1.760,1790773410775684.445	,1790773410775686.205	
0,MatMulV2_ND_ND_FP16_FP16_false_true_all_98325,AI_CORE,12,75,8.360,1790773410775686.225	,1790773410775694.586	
0,ZerosLike_1c4543fdfe7149b6b0717bd88f061562_high_performance_210000000,AI_VECTOR_CORE,12,76,7.140,1790773410775694.606	,1790773410775701.746	
0,_copy_conv_state_kernel,AI_VECTOR_CORE,12,77,9.640,1790773410775701.766	,1790773410775711.406	
0,Slice_ee29dafe4fe21e12bb8d56ae91626cba_high_performance_524000000,AI_VECTOR_CORE,12,78,1.700,1790773410775711.426	,1790773410775713.126	
0,CausalConv1d_b0123b7fae3057c534dbb03661977c42_1,MIX_AIC,12,79,17.400,1790773410775714.386	,1790773410775731.786	
0,ViewCopy_7778b2d0a2938f9247cc0c9f84559eb2_high_performance__kernel0,AI_VECTOR_CORE,12,80,8.460,1790773410775732.666	,1790773410775741.126	
0,_copy_conv_state_kernel,AI_VECTOR_CORE,12,81,9.240,1790773410775741.146	,1790773410775750.387	
0,Slice_ee29dafe4fe21e12bb8d56ae91626cba_high_performance_524000000,AI_VECTOR_CORE,12,82,1.680,1790773410775750.407	,1790773410775752.087	
0,RecurrentKda_1ac9a791ca2957b2fe0a2e96909b5782_0,AI_VECTOR_CORE,12,83,45.120,1790773410775752.107	,1790773410775797.228	
0,_write_output,AI_VECTOR_CORE,12,84,2.860,1790773410775797.248	,1790773410775800.108	
0,layer_norm_gated_fwd_kernel,AI_VECTOR_CORE,12,85,3.400,1790773410775800.128	,1790773410775803.528	
0,MatMulV2_ND_ND_FP16_FP16_false_true_all_98499,AI_CORE,12,86,59.421,1790773410775803.568	,1790773410775862.989	
0,HcPost_d2fe6614722b27afa6f8d964c215447e_0,AI_VECTOR_CORE,12,87,7.500,1790773410775863.009	,1790773410775870.509	
0,HcPre_6c9f0fa710253eff38b1c0e6be6a67be_0,MIX_AIC,12,88,34.820,1790773410775871.909	,1790773410775906.730	
0,RmsNorm_normal_all_bf16_high_performance_0,AI_VECTOR_CORE,12,89,4.840,1790773410775907.870	,1790773410775912.710	
0,MatMulV2_ND_ND_FP16_FP16_false_true_all_98499,AI_CORE,12,90,171.243,1790773410775912.730	,1790773410776083.973	
0,N/A,EVENT_WAIT,39,33,2346.366,1790773410775994.071	,1790773410778340.438	
0,Slice_ee29dafe4fe21e12bb8d56ae91626cba_high_performance_524000000,AI_VECTOR_CORE,12,91,1.960,1790773410776084.013	,1790773410776085.973	
0,ClipByValueV2_e87c9546cf2804355cf0d9445a2db01a_high_performance_220000000,AI_VECTOR_CORE,12,92,7.180,1790773410776085.993	,1790773410776093.173	
0,Slice_ee29dafe4fe21e12bb8d56ae91626cba_high_performance_524000000,AI_VECTOR_CORE,12,93,1.720,1790773410776093.193	,1790773410776094.914	
0,ClipByValueV2_e87c9546cf2804355cf0d9445a2db01a_high_performance_220000000,AI_VECTOR_CORE,12,94,6.820,1790773410776094.954	,1790773410776101.774	
0,Muls_299cf4d7f9ef0f745d89d88c666b45aa_high_performance_210000000,AI_VECTOR_CORE,12,95,4.820,1790773410776101.794	,1790773410776106.614	
0,Sigmoid_1c4543fdfe7149b6b0717bd88f061562_high_precision_210000000,AI_VECTOR_CORE,12,96,5.740,1790773410776106.634	,1790773410776112.374	
0,Mul_ce3d1ff8ba23a0bcb292da3577c1625d_high_performance_210020000,AI_VECTOR_CORE,12,97,6.140,1790773410776112.394	,1790773410776118.534	
0,Add_ce3d1ff8ba23a0bcb292da3577c1625d_high_performance_223000000,AI_VECTOR_CORE,12,98,5.260,1790773410776118.554	,1790773410776123.814	
0,Mul_ce3d1ff8ba23a0bcb292da3577c1625d_high_performance_210020000,AI_VECTOR_CORE,12,99,2.920,1790773410776123.834	,1790773410776126.754	
0,MatMulV2_ND_ND_FP16_FP16_false_true_all_98513,AI_CORE,12,100,100.842,1790773410776126.774	,1790773410776227.616	
0,HcPost_d2fe6614722b27afa6f8d964c215447e_0,AI_VECTOR_CORE,12,101,7.700,1790773410776227.656	,1790773410776235.356	
0,HcPre_6c9f0fa710253eff38b1c0e6be6a67be_0,MIX_AIC,12,102,29.500,1790773410776236.756	,1790773410776266.257	
0,RmsNorm_normal_all_bf16_high_performance_0,AI_VECTOR_CORE,12,103,4.840,1790773410776267.197	,1790773410776272.037	
0,MatMulV2_ND_ND_FP16_FP16_false_true_all_98513,AI_CORE,12,104,19.160,1790773410776272.057	,1790773410776291.217	
0,Slice_ee29dafe4fe21e12bb8d56ae91626cba_high_performance_524000000,AI_VECTOR_CORE,12,105,1.620,1790773410776291.237	,1790773410776292.857	
0,RmsNorm_normal_all_bf16_high_performance_2,AI_VECTOR_CORE,12,106,5.460,1790773410776292.897	,1790773410776298.358	
0,Slice_ee29dafe4fe21e12bb8d56ae91626cba_high_performance_524000000,AI_VECTOR_CORE,12,107,1.560,1790773410776298.378	,1790773410776299.938	
0,RmsNorm_normal_all_bf16_high_performance_2,AI_VECTOR_CORE,12,108,4.180,1790773410776299.958	,1790773410776304.138	
0,ScatterNdUpdate_bfloat16_int32_high_precision_11,MIX_AIV,12,109,6.620,1790773410776305.318	,1790773410776311.938	
0,MatMulV2_ND_ND_FP16_FP16_false_true_all_98499,AI_CORE,12,110,46.980,1790773410776313.218	,1790773410776360.199	
0,TransposeBatchMatMul_ND_ND_ND_ND_ND_BF16_BF16_BF16_INT64_BF16_high_performance_32,AI_CORE,12,111,24.500,1790773410776360.239	,1790773410776384.739	
0,Cast_b2717900ea7de2d41ea9c63d23aa269b_high_performance_210000000,AI_VECTOR_CORE,12,112,2.680,1790773410776384.759	,1790773410776387.439	
0,N/A,EVENT_WAIT,45,323,1953.539,1790773410776386.939	,1790773410778340.478	
0,MatMulV2_ND_ND_FP32_FP32_false_true_all_65665,AI_CORE,12,113,9.560,1790773410776387.459	,1790773410776397.020	
0,Slice_82e6b4faea71b451f217d7ea57c08012_high_performance_524000000,AI_VECTOR_CORE,12,114,2.460,1790773410776397.040	,1790773410776399.500	
0,LayerNormV3_23ae115d70bd435e4cb966a52be97b55_high_precision_1600400500,AI_VECTOR_CORE,12,115,6.080,1790773410776399.520	,1790773410776405.600	
0,MatMulV2_ND_ND_FP32_FP32_false_true_all_65665,AI_CORE,12,116,8.600,1790773410776405.620	,1790773410776414.220	
0,MatMulV2_ND_ND_FP16_FP16_false_true_all_98499,AI_CORE,12,117,17.220,1790773410776414.240	,1790773410776431.460	
0,Slice_82e6b4faea71b451f217d7ea57c08012_high_performance_524000000,AI_VECTOR_CORE,12,118,1.720,1790773410776431.480	,1790773410776433.200	
0,Cast_9f288b80370c6545ffe8cef142d37f5c_high_performance_210000000,AI_VECTOR_CORE,12,119,1.420,1790773410776433.220	,1790773410776434.640	
0,Muls_299cf4d7f9ef0f745d89d88c666b45aa_high_performance_210000000,AI_VECTOR_CORE,12,120,1.260,1790773410776434.660	,1790773410776435.920	
0,_glm5_next_kpool_tail_compress_kernel,AI_VECTOR_CORE,12,121,6.540,1790773410776435.940	,1790773410776442.480	
0,_store_kpool_tail_kernel,AI_VECTOR_CORE,12,122,3.640,1790773410776442.500	,1790773410776446.141	
0,Cast_b2717900ea7de2d41ea9c63d23aa269b_high_performance_210000000,AI_VECTOR_CORE,12,123,2.260,1790773410776446.161	,1790773410776448.421	
0,Cast_b2717900ea7de2d41ea9c63d23aa269b_high_performance_210000000,AI_VECTOR_CORE,12,124,1.180,1790773410776448.441	,1790773410776449.621	
0,Mul_ee98c6628030785f610b924ab1557b31_high_performance_212000001,AI_VECTOR_CORE,12,125,9.440,1790773410776449.661	,1790773410776459.101	
0,ReduceSum_7a09f5b7af4126487a7f726a9aac7548_high_performance_10002100900,MIX_AIV,12,126,11.200,1790773410776460.301	,1790773410776471.501	
0,_glm5_next_lightning_indexer_score_kernel,AI_VECTOR_CORE,12,127,9.780,1790773410776472.481	,1790773410776482.261	
0,TopKV2_5c671486fda0d949d7cba9a9754bc2dd_high_performance_2017612701781458944,MIX_AIV,12,128,9.380,1790773410776483.241	,1790773410776492.621	
0,Cast_e87590d11ccda8b259ab6b1ea7212319_high_performance_210000000,AI_VECTOR_CORE,12,129,1.460,1790773410776493.561	,1790773410776495.022	
0,Cast_39a266ce9a8d7d9ead33f6686e936b72_high_performance_210000000,AI_VECTOR_CORE,12,130,1.740,1790773410776495.042	,1790773410776496.782	
0,_expand_pool_indices,AI_VECTOR_CORE,12,131,10.600,1790773410776496.802	,1790773410776507.402	
0,Slice_b9b91ad79a469f7fcff72949705be0f9_high_performance_521000000,AI_VECTOR_CORE,12,132,2.580,1790773410776507.422	,1790773410776510.002	
0,SparseFlashAttention_2e25ad8fefac1f04c03bd78f2d2ab366_1158,MIX_AIC,12,133,28.260,1790773410776511.462	,1790773410776539.722	
0,TransposeBatchMatMul_ND_ND_ND_ND_ND_BF16_BF16_BF16_INT64_BF16_high_performance_32,AI_CORE,12,134,21.960,1790773410776540.742	,1790773410776562.703	
0,MatMulV2_ND_ND_FP16_FP16_false_true_all_98513,AI_CORE,12,135,134.282,1790773410776562.723	,1790773410776697.006	
0,N/A,MEMCPY_ASYNC,12,136,0.560,1790773410776697.026	,1790773410776697.586	
0,HcPost_d2fe6614722b27afa6f8d964c215447e_0,AI_VECTOR_CORE,12,137,7.760,1790773410776697.606	,1790773410776705.366	
0,HcPre_6c9f0fa710253eff38b1c0e6be6a67be_0,MIX_AIC,12,138,34.720,1790773410776706.246	,1790773410776740.966	
0,RmsNorm_normal_all_bf16_high_performance_0,AI_VECTOR_CORE,12,139,4.660,1790773410776742.246	,1790773410776746.907	
0,N/A,EVENT_RECORD,12,140,0.020,1790773410776746.927	,1790773410776746.947	
0,Cast_b2717900ea7de2d41ea9c63d23aa269b_high_performance_210000000,AI_VECTOR_CORE,12,141,2.360,1790773410776746.967	,1790773410776749.327	
0,MatMulV2_ND_ND_FP32_FP32_false_true_all_65665,AI_CORE,12,142,5.820,1790773410776749.347	,1790773410776755.167	
0,N/A,EVENT_RECORD,12,143,0.020,1790773410776755.187	,1790773410776755.207	
0,MoeGatingTopK_81369a2fa0455f39b5d19d432d261f57_1,AI_VECTOR_CORE,12,144,4.700,1790773410776755.227	,1790773410776759.927	
0,N/A,EVENT_RECORD,12,145,0.020,1790773410776759.947	,1790773410776759.967	
0,MoeInitRoutingV3_4ca8d2d329b4477b44dd2ee885849b12_2100000,MIX_AIV,12,146,11.060,1790773410776761.307	,1790773410776772.367	
0,GroupedMatmul_0d2d43751f81d7f29646a862147967c9_68885275,MIX_AIC,12,147,217.464,1790773410776775.327	,1790773410776992.791	
0,Slice_ee29dafe4fe21e12bb8d56ae91626cba_high_performance_524000000,AI_VECTOR_CORE,12,148,2.500,1790773410776993.851	,1790773410776996.352	
0,ClipByValueV2_e87c9546cf2804355cf0d9445a2db01a_high_performance_220000000,AI_VECTOR_CORE,12,149,8.220,1790773410776996.372	,1790773410777004.592	
0,ViewCopy_7778b2d0a2938f9247cc0c9f84559eb2_high_performance__kernel0,AI_VECTOR_CORE,12,150,12.120,1790773410777004.632	,1790773410777016.752	
0,Slice_ee29dafe4fe21e12bb8d56ae91626cba_high_performance_524000000,AI_VECTOR_CORE,12,151,1.780,1790773410777016.772	,1790773410777018.552	
0,ClipByValueV2_e87c9546cf2804355cf0d9445a2db01a_high_performance_220000000,AI_VECTOR_CORE,12,152,6.140,1790773410777018.572	,1790773410777024.712	
0,ViewCopy_7778b2d0a2938f9247cc0c9f84559eb2_high_performance__kernel0,AI_VECTOR_CORE,12,153,10.880,1790773410777024.752	,1790773410777035.632	
0,SwiGlu_3_high_performance_27,AI_VECTOR_CORE,12,154,5.600,1790773410777035.652	,1790773410777041.252	
0,N/A,EVENT_RECORD,12,155,0.020,1790773410777041.272	,1790773410777041.292	
0,GroupedMatmul_0d2d43751f81d7f29646a862147967c9_68885275,MIX_AIC,12,156,98.941,1790773410777042.692	,1790773410777141.634	
0,N/A,EVENT_RECORD,12,157,0.020,1790773410777142.774	,1790773410777142.794	
0,Cast_9f288b80370c6545ffe8cef142d37f5c_high_performance_210000000,AI_VECTOR_CORE,12,158,1.180,1790773410777142.814	,1790773410777143.994	
0,Abs_8098b79498645e9c0da095babdeaf862_high_performance_210000000,AI_VECTOR_CORE,12,159,1.660,1790773410777144.034	,1790773410777145.695	
0,MoeTokenUnpermute_6dd49246dc9576d3314234df69cb5c22_1,AI_VECTOR_CORE,12,160,4.300,1790773410777145.715	,1790773410777150.015	
0,MatMulV2_ND_ND_FP16_FP16_false_true_all_98499,AI_CORE,12,161,29.940,1790773410777150.035	,1790773410777179.975	
0,Slice_ee29dafe4fe21e12bb8d56ae91626cba_high_performance_524000000,AI_VECTOR_CORE,12,162,1.460,1790773410777180.015	,1790773410777181.475	
0,ClipByValueV2_e87c9546cf2804355cf0d9445a2db01a_high_performance_220000000,AI_VECTOR_CORE,12,163,1.860,1790773410777181.515	,1790773410777183.375	
0,Slice_ee29dafe4fe21e12bb8d56ae91626cba_high_performance_524000000,AI_VECTOR_CORE,12,164,1.440,1790773410777183.415	,1790773410777184.855	
0,ClipByValueV2_e87c9546cf2804355cf0d9445a2db01a_high_performance_220000000,AI_VECTOR_CORE,12,165,1.800,1790773410777184.875	,1790773410777186.675	
0,Muls_299cf4d7f9ef0f745d89d88c666b45aa_high_performance_210000000,AI_VECTOR_CORE,12,166,1.560,1790773410777186.715	,1790773410777188.275	
0,Sigmoid_1c4543fdfe7149b6b0717bd88f061562_high_precision_210000000,AI_VECTOR_CORE,12,167,2.020,1790773410777188.295	,1790773410777190.315	
0,Mul_ce3d1ff8ba23a0bcb292da3577c1625d_high_performance_210020000,AI_VECTOR_CORE,12,168,2.160,1790773410777190.335	,1790773410777192.495	
0,Add_ce3d1ff8ba23a0bcb292da3577c1625d_high_performance_223000000,AI_VECTOR_CORE,12,169,2.020,1790773410777192.515	,1790773410777194.535	
0,Mul_ce3d1ff8ba23a0bcb292da3577c1625d_high_performance_210020000,AI_VECTOR_CORE,12,170,1.760,1790773410777194.555	,1790773410777196.316	
0,MatMulV2_ND_ND_FP16_FP16_false_true_all_98499,AI_CORE,12,171,19.120,1790773410777196.356	,1790773410777215.476	
0,ForeachAddList_c73cb8f503197be65eaf63148ad48de4_high_performance_4,AI_VECTOR_CORE,12,172,14.340,1790773410777215.496	,1790773410777229.836	
0,HcPost_d2fe6614722b27afa6f8d964c215447e_0,AI_VECTOR_CORE,12,173,6.180,1790773410777229.876	,1790773410777236.056	
0,ReduceMean_9a2479d4dc5148645cb3f4b9e765c637_high_precision_2100900,MIX_AIV,12,174,11.400,1790773410777237.396	,1790773410777248.797	
0,RmsNorm_normal_all_bf16_high_performance_0,AI_VECTOR_CORE,12,175,3.400,1790773410777249.597	,1790773410777252.997	
0,N/A,EVENT_RESET,12,176,0.080,1790773410777253.037	,1790773410777253.117	
0,N/A,EVENT_RESET,12,177,0.100,1790773410777253.137	,1790773410777253.237	
0,N/A,EVENT_RESET,12,178,0.100,1790773410777253.257	,1790773410777253.357	
0,N/A,EVENT_RESET,12,179,0.100,1790773410777253.377	,1790773410777253.477	
0,N/A,EVENT_RESET,12,180,0.080,1790773410777253.497	,1790773410777253.577	
0,N/A,NOTIFY_RECORD,12,181,0.000,1790773410777253.617	,1790773410777253.617	
0,IndexCheck_int32_high_performance_1,AI_VECTOR_CORE,47,5365,3.740,1790773410777254.257	,1790773410777257.997	
0,Index_b1b18d29d34a3b544b5bb6b3f56177c3_high_performance__kernel0,AI_VECTOR_CORE,47,5366,8.160,1790773410777258.037	,1790773410777266.197	
0,MatMulV2_ND_ND_FP16_FP16_false_true_all_98499,AI_CORE,47,5367,907.078,1790773410777266.217	,1790773410778173.295	
0,Cast_b2717900ea7de2d41ea9c63d23aa269b_high_performance_210000000,AI_VECTOR_CORE,47,5368,7.520,1790773410778173.315	,1790773410778180.835	
0,LogSoftmaxV2_291664ae3e88b38b8b46c2efbbea27c9_high_precision_400001,AI_VECTOR_CORE,47,5369,44.580,1790773410778180.855	,1790773410778225.436	
0,Cast_b2717900ea7de2d41ea9c63d23aa269b_high_performance_210000000,AI_VECTOR_CORE,47,5370,2.780,1790773410778225.456	,1790773410778228.236	
0,ArgMaxV2_4402011f777d6374ab9f6425cb5984c4_high_performance_3,AI_VECTOR_CORE,47,5371,19.720,1790773410778228.256	,1790773410778247.977	
0,Cast_e87590d11ccda8b259ab6b1ea7212319_high_performance_210000000,AI_VECTOR_CORE,47,5372,1.380,1790773410778247.997	,1790773410778249.377	
0,TopKV2_5c671486fda0d949d7cba9a9754bc2dd_high_performance_2017612907943034881,MIX_AIV,47,5373,24.400,1790773410778250.577	,1790773410778274.977	
0,TopKV2_5c671486fda0d949d7cba9a9754bc2dd_high_performance_2017612701781458944,MIX_AIV,47,5374,3.840,1790773410778278.017	,1790773410778281.857	
0,GatherElements_8b4ec10fbb39c5c0a65192c606400b29_high_performance__kernel0,AI_VECTOR_CORE,47,5375,3.780,1790773410778282.857	,1790773410778286.637	
0,Cast_e87590d11ccda8b259ab6b1ea7212319_high_performance_210000000,AI_VECTOR_CORE,47,5376,1.160,1790773410778286.657	,1790773410778287.817	
0,Cast_39a266ce9a8d7d9ead33f6686e936b72_high_performance_210000000,AI_VECTOR_CORE,47,5377,1.580,1790773410778287.837	,1790773410778289.417	
0,GatherElementsV2_fp32_high_performance_2,AI_VECTOR_CORE,47,5378,3.920,1790773410778289.457	,1790773410778293.377	
0,GreaterEqual_3efaad932f458d7892fdb0715ec85b2b_high_performance_212000002,AI_VECTOR_CORE,47,5379,11.100,1790773410778293.397	,1790773410778304.498	
0,Cast_df2b778f1b80e749bd4242386ec57ab9_high_performance_210000000,AI_VECTOR_CORE,47,5380,6.940,1790773410778304.518	,1790773410778311.458	
0,ReduceSum_7a09f5b7af4126487a7f726a9aac7548_high_performance_110001000400,MIX_AIV,47,5381,15.860,1790773410778312.638	,1790773410778328.498	
0,Cast_c6738f795430c3c6f09cdc8d52a1b43d_high_performance_210000000,AI_VECTOR_CORE,47,5382,1.320,1790773410778329.698	,1790773410778331.018	
0,ConcatD_0d745295987e1c668b2ec8b2844aeada_high_performance_0,AI_VECTOR_CORE,47,5383,3.480,1790773410778331.058	,1790773410778334.538	
0,ConcatD_233851a3505389e43928a8bba133a74d_high_performance_0,AI_VECTOR_CORE,47,5384,2.720,1790773410778334.558	,1790773410778337.278	
0,Cast_39a266ce9a8d7d9ead33f6686e936b72_high_performance_210000000,AI_VECTOR_CORE,47,5385,1.200,1790773410778337.298	,1790773410778338.498	
0,Cast_39a266ce9a8d7d9ead33f6686e936b72_high_performance_210000000,AI_VECTOR_CORE,47,5386,1.420,1790773410778338.538	,1790773410778339.958	
0,N/A,EVENT_RECORD,47,5387,0.020,1790773410778339.978	,1790773410778339.998	
0,N/A,EVENT_RECORD,47,5388,0.020,1790773410778340.018	,1790773410778340.038	
0,N/A,MEMCPY_ASYNC,45,324,2.180,1790773410778340.498	,1790773410778342.678	
0,N/A,MEMCPY_ASYNC,45,325,1.840,1790773410778342.838	,1790773410778344.678	
0,N/A,MEMCPY_ASYNC,45,326,1.900,1790773410778344.838	,1790773410778346.739	
0,N/A,MEMCPY_ASYNC,45,327,2.180,1790773410778346.899	,1790773410778349.079	
0,N/A,EVENT_RECORD,45,328,0.020,1790773410778349.219	,1790773410778349.239	
0,N/A,EVENT_RECORD,45,329,0.020,1790773410778349.259	,1790773410778349.279	
0,N/A,EVENT_RECORD,45,330,0.000,1790773410778349.299	,1790773410778349.299	
0,N/A,EVENT_RECORD,45,331,0.000,1790773410778349.339	,1790773410778349.339	
0,N/A,EVENT_RECORD,45,332,0.020,1790773410778349.359	,1790773410778349.379	
0,N/A,EVENT_RECORD,47,5389,0.000,1790773410778872.269	,1790773410778872.269	
0,N/A,EVENT_RECORD,45,333,0.020,1790773410779540.942	,1790773410779540.962	
0,N/A,EVENT_RECORD,45,334,0.000,1790773410779587.083	,1790773410779587.083	
0,N/A,EVENT_RECORD,45,335,0.020,1790773410779611.244	,1790773410779611.264	
0,N/A,EVENT_RECORD,45,336,0.020,1790773410779617.764	,1790773410779617.784	
0,N/A,EVENT_RECORD,47,5390,0.020,1790773410781303.358	,1790773410781303.378	
0,N/A,PROFILING_DISABLE,48,11,0.000,1790773410788984.991	,1790773410788984.991	
