Name,Input Shapes,Call Stack,Host Self Duration(us),Host Total Duration(us),Device Self Duration(us),Device Total Duration(us),Device Self Duration With AICore(us),Device Total Duration With AICore(us)
Event::synchronize,,,163.59,163.59,0,0,0,0
aten::slice,,,20.5,53.77,0,0,0,0
aten::as_strided,,,33.27,33.27,0,0,0,0
aten::slice,,,4.15,7.75,0,0,0,0
aten::as_strided,,,3.6,3.6,0,0,0,0
aten::slice,,,2.82,5.16,0,0,0,0
aten::as_strided,,,2.34,2.34,0,0,0,0
aten::slice,,,8.88,14.01,0,0,0,0
aten::as_strided,,,5.13,5.13,0,0,0,0
aten::slice,,,9.75,16.29,0,0,0,0
aten::as_strided,,,6.54,6.54,0,0,0,0
aten::pin_memory,,,8.27,30.95,0,0,0,0
aten::is_pinned,,,22.68,22.68,0,0,0,0
aten::copy_,,,24.79,43.94,0,2.36003125,0,0
acl_memcpy_host_to_device,,,19.15,19.15,2.36003125,2.36003125,0,0
aten::slice,,,6.48,8.87,0,0,0,0
aten::as_strided,,,2.39,2.39,0,0,0,0
aten::slice,,,2.86,7.09,0,0,0,0
aten::as_strided,,,4.23,4.23,0,0,0,0
aten::pin_memory,,,3.78,18.29,0,0,0,0
aten::is_pinned,,,14.51,14.51,0,0,0,0
aten::copy_,,,14.6,29.23,0,2.3200625,0,0
acl_memcpy_host_to_device,,,14.63,14.63,2.3200625,2.3200625,0,0
aten::slice,,,4.71,6.91,0,0,0,0
aten::as_strided,,,2.2,2.2,0,0,0,0
aten::slice,,,3.0,7.34,0,0,0,0
aten::as_strided,,,4.34,4.34,0,0,0,0
aten::pin_memory,,,3.33,11.73,0,0,0,0
aten::is_pinned,,,8.4,8.4,0,0,0,0
aten::copy_,,,14.35,38.25,0,2.4600625,0,0
acl_memcpy_host_to_device,,,23.9,23.9,2.4600625,2.4600625,0,0
aten::slice,,,5.47,7.86,0,0,0,0
aten::as_strided,,,2.39,2.39,0,0,0,0
aten::slice,,,2.77,6.43,0,0,0,0
aten::as_strided,,,3.66,3.66,0,0,0,0
aten::pin_memory,,,3.28,11.14,0,0,0,0
aten::is_pinned,,,7.86,7.86,0,0,0,0
aten::copy_,,,12.71,27.15,0,2.3600625,0,0
acl_memcpy_host_to_device,,,14.44,14.44,2.3600625,2.3600625,0,0
aten::slice,,,5.97,8.17,0,0,0,0
aten::as_strided,,,2.2,2.2,0,0,0,0
aten::slice,,,7.77,11.77,0,0,0,0
aten::as_strided,,,4.0,4.0,0,0,0,0
aten::pin_memory,,,3.21,11.25,0,0,0,0
aten::is_pinned,,,8.04,8.04,0,0,0,0
aten::copy_,,,13.73,27.26,0,2.18003125,0,0
acl_memcpy_host_to_device,,,13.53,13.53,2.18003125,2.18003125,0,0
aten::lift_fresh,,,4.76,4.76,0,0,0,0
aten::lift_fresh,,,0.93,0.93,0,0,0,0
aten::flatten,,,5.67,18.82,0,0,0,0
aten::view,,,13.15,13.15,0,0,0,0
aten::slice,,,5.54,7.41,0,0,0,0
aten::as_strided,,,1.87,1.87,0,0,0,0
aten::index_select,,,10.74,10.74,0,0,0,0
aten::pin_memory,,,4.08,20.63,0,0,0,0
aten::is_pinned,,,16.55,16.55,0,0,0,0
aten::copy_,,,18.68,40.76,0,2.22003125,0,0
acl_memcpy_host_to_device,,,22.08,22.08,2.22003125,2.22003125,0,0
aten::pin_memory,,,4.02,12.49,0,0,0,0
aten::is_pinned,,,8.47,8.47,0,0,0,0
aten::copy_,,,20.34,34.94,0,2.3200625,0,0
acl_memcpy_host_to_device,,,14.6,14.6,2.3200625,2.3200625,0,0
aten::slice,,,7.38,9.98,0,0,0,0
aten::as_strided,,,2.6,2.6,0,0,0,0
aten::lift_fresh,,,1.02,1.02,0,0,0,0
aten::slice,,,3.59,4.85,0,0,0,0
aten::as_strided,,,1.26,1.26,0,0,0,0
aten::add,,,19.12,19.12,0,0,0,0
aten::slice,,,8.87,10.12,0,0,0,0
aten::as_strided,,,1.25,1.25,0,0,0,0
aten::fill_,,,6.5,6.5,0,0,0,0
aten::slice,,,3.22,8.56,0,0,0,0
aten::as_strided,,,5.34,5.34,0,0,0,0
aten::fill_,,,29.0,46.4,0,1.54003125,0,0
aclnnInplaceFillScalar,,,17.4,17.4,1.54003125,1.54003125,0,0
aten::slice,,,4.91,6.77,0,0,0,0
aten::as_strided,,,1.86,1.86,0,0,0,0
aten::slice,,,3.13,12.21,0,0,0,0
aten::as_strided,,,9.08,9.08,0,0,0,0
aten::pin_memory,,,3.81,16.68,0,0,0,0
aten::is_pinned,,,12.87,12.87,0,0,0,0
aten::copy_,,,15.91,30.72,0,2.24003125,0,0
acl_memcpy_host_to_device,,,14.81,14.81,2.24003125,2.24003125,0,0
aten::slice,,,7.08,9.15,0,0,0,0
aten::as_strided,,,2.07,2.07,0,0,0,0
aten::detach,,,4.24,4.24,0,0,0,0
aten::to,,,3.4,3.4,0,0,0,0
aten::resolve_conj,,,5.06,5.06,0,0,0,0
aten::resolve_neg,,,0.68,0.68,0,0,0,0
aten::slice,,,5.5,7.49,0,0,0,0
aten::as_strided,,,1.99,1.99,0,0,0,0
aten::slice,,,3.2,8.65,0,0,0,0
aten::as_strided,,,5.45,5.45,0,0,0,0
aten::pin_memory,,,3.37,16.53,0,0,0,0
aten::is_pinned,,,13.16,13.16,0,0,0,0
aten::copy_,,,3.35,3.35,0,0,0,0
aten::slice,,,4.94,11.34,0,0,0,0
aten::as_strided,,,6.4,6.4,0,0,0,0
aten::slice,,,3.08,6.87,0,0,0,0
aten::as_strided,,,3.79,3.79,0,0,0,0
aten::pin_memory,,,3.45,12.31,0,0,0,0
aten::is_pinned,,,8.86,8.86,0,0,0,0
aten::copy_,,,15.63,32.81,0,2.3000625,0,0
acl_memcpy_host_to_device,,,17.18,17.18,2.3000625,2.3000625,0,0
aten::fill_,,,22.48,37.14,0,1.48,0,0
aclnnInplaceFillScalar,,,14.66,14.66,1.48,1.48,0,0
aten::slice,,,6.26,10.75,0,0,0,0
aten::as_strided,,,4.49,4.49,0,0,0,0
aten::slice,,,3.1,4.9,0,0,0,0
aten::as_strided,,,1.8,1.8,0,0,0,0
aten::copy_,,,17.63,30.15,0,2.1800625,0,0
acl_memcpy_host_to_device,,,12.52,12.52,2.1800625,2.1800625,0,0
aten::slice,,,5.03,7.42,0,0,0,0
aten::as_strided,,,2.39,2.39,0,0,0,0
aten::slice,,,2.95,11.39,0,0,0,0
aten::as_strided,,,8.44,8.44,0,0,0,0
aten::pin_memory,,,3.56,13.14,0,0,0,0
aten::is_pinned,,,9.58,9.58,0,0,0,0
aten::copy_,,,14.09,27.19,0,2.40003125,0,0
acl_memcpy_host_to_device,,,13.1,13.1,2.40003125,2.40003125,0,0
aten::slice,,,5.54,9.18,0,0,0,0
aten::as_strided,,,3.64,3.64,0,0,0,0
aten::slice,,,3.39,5.09,0,0,0,0
aten::as_strided,,,1.7,1.7,0,0,0,0
aten::slice,,,7.71,11.37,0,0,0,0
aten::as_strided,,,3.66,3.66,0,0,0,0
aten::pin_memory,,,3.32,12.06,0,0,0,0
aten::is_pinned,,,8.74,8.74,0,0,0,0
aten::copy_,,,13.2,26.16,0,2.3000625,0,0
acl_memcpy_host_to_device,,,12.96,12.96,2.3000625,2.3000625,0,0
aten::slice,,,5.85,7.95,0,0,0,0
aten::as_strided,,,2.1,2.1,0,0,0,0
aten::slice,,,2.92,6.75,0,0,0,0
aten::as_strided,,,3.83,3.83,0,0,0,0
aten::pin_memory,,,7.63,16.94,0,0,0,0
aten::is_pinned,,,9.31,9.31,0,0,0,0
aten::copy_,,,12.83,26.56,0,2.3600625,0,0
acl_memcpy_host_to_device,,,13.73,13.73,2.3600625,2.3600625,0,0
aten::slice,,,4.51,8.06,0,0,0,0
aten::as_strided,,,3.55,3.55,0,0,0,0
aten::index,,,42.39,88.48,0,21.22040625,0,0
empty_tensor,,,10.51,10.51,0,0,0,0
empty_tensor,,,20.38,20.38,0,0,0,0
aclnnIndex,,,15.2,15.2,21.22040625,21.22040625,0,0
aten::to,,,3.23,61.96,0,1.3200625,0,0
aten::_to_copy,,,7.73,58.73,0,1.3200625,0,0
aten::empty_strided,,,10.99,15.57,0,0,0,0
empty_tensor,,,4.58,4.58,0,0,0,0
aten::copy_,,,18.68,35.43,0,1.3200625,0,0
aclnnInplaceCopy,,,16.75,16.75,1.3200625,1.3200625,0,0
aten::slice,,,10.87,15.67,0,0,0,0
aten::as_strided,,,4.8,4.8,0,0,0,0
aten::add,,,22.52,42.98,0,2.16003125,0,0
empty_tensor,,,7.3,7.3,0,0,0,0
aclnnAdd,,,13.16,13.16,2.16003125,2.16003125,0,0
aten::slice,,,5.36,10.12,0,0,0,0
aten::as_strided,,,4.76,4.76,0,0,0,0
aten::copy_,,,86.93,105.95,0,0.52,0,0
aclnnInplaceCopy,,,19.02,19.02,0.52,0.52,0,0
aten::slice,,,6.77,11.28,0,0,0,0
aten::as_strided,,,4.51,4.51,0,0,0,0
aten::add,,,18.66,40.5,0,1.44003125,0,0
empty_tensor,,,8.98,8.98,0,0,0,0
aclnnAdd,,,12.86,12.86,1.44003125,1.44003125,0,0
aten::slice,,,5.12,9.56,0,0,0,0
aten::as_strided,,,4.44,4.44,0,0,0,0
aten::copy_,,,50.08,68.37,0,0.62,0,0
aclnnInplaceCopy,,,18.29,18.29,0.62,0.62,0,0
aten::slice,,,6.23,10.39,0,0,0,0
aten::as_strided,,,4.16,4.16,0,0,0,0
aten::fill_,,,12.89,25.48,0,1.30003125,0,0
aclnnInplaceFillScalar,,,12.59,12.59,1.30003125,1.30003125,0,0
aten::slice,,,4.7,8.3,0,0,0,0
aten::as_strided,,,3.6,3.6,0,0,0,0
aten::slice,,,2.89,5.31,0,0,0,0
aten::as_strided,,,2.42,2.42,0,0,0,0
_compute_slot_mapping_fused_groups_kernel,,,26.69,26.69,21.5804375,21.5804375,0,0
aten::slice,,,8.89,16.4,0,0,0,0
aten::as_strided,,,7.51,7.51,0,0,0,0
aten::sub,,,33.3,68.23,0,1.50003125,0,0
empty_tensor,,,11.24,11.24,0,0,0,0
aten::item,,,3.03,7.34,0,0,0,0
aten::_local_scalar_dense,,,4.31,4.31,0,0,0,0
aclnnSubs,,,16.35,16.35,1.50003125,1.50003125,0,0
aten::detach,,,6.1,6.1,0,0,0,0
aten::to,,,2.59,2.59,0,0,0,0
aten::resolve_conj,,,1.1,1.1,0,0,0,0
aten::resolve_neg,,,0.53,0.53,0,0,0,0
aten::slice,,,8.12,21.83,0,0,0,0
aten::as_strided,,,13.71,13.71,0,0,0,0
aten::slice,,,3.35,7.35,0,0,0,0
aten::as_strided,,,4.0,4.0,0,0,0,0
aten::slice,,,3.53,5.89,0,0,0,0
aten::as_strided,,,2.36,2.36,0,0,0,0
aten::fill_,,,18.94,37.88,0,0,0,0
aclnnInplaceFillScalar,,,18.94,18.94,0,0,0,0
aten::slice,,,4.67,8.23,0,0,0,0
aten::as_strided,,,3.56,3.56,0,0,0,0
aten::fill_,,,13.15,31.3,0,0,0,0
aclnnInplaceFillScalar,,,18.15,18.15,0,0,0,0
aten::slice,,,4.89,7.4,0,0,0,0
aten::as_strided,,,2.51,2.51,0,0,0,0
aten::slice,,,3.01,4.14,0,0,0,0
aten::as_strided,,,1.13,1.13,0,0,0,0
aten::lt,,,16.97,16.97,0,0,0,0
aten::lift_fresh,,,1.59,1.59,0,0,0,0
aten::slice,,,1.8,3.05,0,0,0,0
aten::as_strided,,,1.25,1.25,0,0,0,0
aten::fill_,,,2.89,16.07,0,0,0,0
aten::copy_,,,13.18,13.18,0,0,0,0
aten::slice,,,3.7,4.92,0,0,0,0
aten::as_strided,,,1.22,1.22,0,0,0,0
aten::slice,,,2.99,7.23,0,0,0,0
aten::as_strided,,,4.24,4.24,0,0,0,0
aten::slice,,,3.19,4.4,0,0,0,0
aten::as_strided,,,1.21,1.21,0,0,0,0
aten::slice,,,2.65,8.08,0,0,0,0
aten::as_strided,,,5.43,5.43,0,0,0,0
aten::slice,,,2.32,3.42,0,0,0,0
aten::as_strided,,,1.1,1.1,0,0,0,0
aten::slice,,,2.1,3.09,0,0,0,0
aten::as_strided,,,0.99,0.99,0,0,0,0
aten::slice,,,3.03,8.87,0,0,0,0
aten::as_strided,,,5.84,5.84,0,0,0,0
aten::slice,,,2.91,5.26,0,0,0,0
aten::as_strided,,,2.35,2.35,0,0,0,0
aten::slice,,,2.71,4.98,0,0,0,0
aten::as_strided,,,2.27,2.27,0,0,0,0
aten::slice,,,5.61,10.97,0,0,0,0
aten::as_strided,,,5.36,5.36,0,0,0,0
aten::slice,,,3.19,10.3,0,0,0,0
aten::as_strided,,,7.11,7.11,0,0,0,0
aten::slice,,,2.89,5.64,0,0,0,0
aten::as_strided,,,2.75,2.75,0,0,0,0
aten::to,,,1.79,1.79,0,0,0,0
aten::slice,,,2.68,5.23,0,0,0,0
aten::as_strided,,,2.55,2.55,0,0,0,0
aten::slice,,,2.4,8.14,0,0,0,0
aten::as_strided,,,5.74,5.74,0,0,0,0
aten::slice,,,2.32,3.96,0,0,0,0
aten::as_strided,,,1.64,1.64,0,0,0,0
aten::slice,,,3.06,6.66,0,0,0,0
aten::as_strided,,,3.6,3.6,0,0,0,0
aten::slice,,,4.06,5.7,0,0,0,0
aten::as_strided,,,1.64,1.64,0,0,0,0
aten::slice,,,2.52,3.63,0,0,0,0
aten::as_strided,,,1.11,1.11,0,0,0,0
aten::sub,,,11.88,11.88,0,0,0,0
aten::select,,,9.37,10.88,0,0,0,0
aten::as_strided,,,1.51,1.51,0,0,0,0
aten::item,,,1.6,2.96,0,0,0,0
aten::_local_scalar_dense,,,1.36,1.36,0,0,0,0
aten::slice,,,2.15,6.11,0,0,0,0
aten::as_strided,,,3.96,3.96,0,0,0,0
aten::alias,,,5.89,5.89,0,0,0,0
aten::div,,,35.96,65.06,0,6.480125,0,0
aten::item,,,1.49,2.57,0,0,0,0
aten::_local_scalar_dense,,,1.08,1.08,0,0,0,0
aclnnDivMods,,,26.53,26.53,6.480125,6.480125,0,0
aten::slice,,,3.41,8.38,0,0,0,0
aten::as_strided,,,4.97,4.97,0,0,0,0
aten::slice,,,4.58,7.37,0,0,0,0
aten::as_strided,,,2.79,2.79,0,0,0,0
aten::copy_,,,64.58,86.29,0,0.52,0,0
aclnnInplaceCopy,,,21.71,21.71,0.52,0.52,0,0
aten::slice,,,3.49,23.39,0,0,0,0
aten::as_strided,,,19.9,19.9,0,0,0,0
aten::slice,,,4.99,7.87,0,0,0,0
aten::as_strided,,,2.88,2.88,0,0,0,0
aten::ge,,,23.37,52.95,0,4.50009375,0,0
empty_tensor,,,11.17,11.17,0,0,0,0
aclnnGeScalar,,,18.41,18.41,4.50009375,4.50009375,0,0
aten::add,,,22.48,51.44,0,2.9800625,0,0
empty_tensor,,,7.12,7.12,0,0,0,0
aten::item,,,2.17,8.39,0,0,0,0
aten::_local_scalar_dense,,,6.22,6.22,0,0,0,0
aclnnAdds,,,13.45,13.45,2.9800625,2.9800625,0,0
aten::remainder,,,24.55,46.1,0,5.800125,0,0
empty_tensor,,,7.72,7.72,0,0,0,0
aclnnRemainderTensorScalar,,,13.83,13.83,5.800125,5.800125,0,0
aten::eq,,,13.75,27.87,0,2.5000625,0,0
empty_tensor,,,6.42,6.42,0,0,0,0
aclnnEqScalar,,,7.7,7.7,2.5000625,2.5000625,0,0
aten::__and__,,,2.92,40.64,0,1.54003125,0,0
aten::bitwise_and,,,19.68,37.72,0,1.54003125,0,0
empty_tensor,,,5.83,5.83,0,0,0,0
aclnnBitwiseAndTensor,,,12.21,12.21,1.54003125,1.54003125,0,0
aten::clamp_min,,,12.63,30.0,0,2.7600625,0,0
empty_tensor,,,6.06,6.06,0,0,0,0
aclnnClampMin,,,11.31,11.31,2.7600625,2.7600625,0,0
aten::div,,,23.77,49.02,0,6.580125,0,0
empty_tensor,,,10.7,10.7,0,0,0,0
aten::item,,,1.66,2.8,0,0,0,0
aten::_local_scalar_dense,,,1.14,1.14,0,0,0,0
aclnnDivMods,,,11.75,11.75,6.580125,6.580125,0,0
aten::remainder,,,19.11,41.08,0,5.00009375,0,0
empty_tensor,,,6.61,6.61,0,0,0,0
aclnnRemainderTensorScalar,,,15.36,15.36,5.00009375,5.00009375,0,0
aten::mul,,,18.17,39.09,0,1.5000625,0,0
empty_tensor,,,6.47,6.47,0,0,0,0
aten::item,,,2.03,3.14,0,0,0,0
aten::_local_scalar_dense,,,1.11,1.11,0,0,0,0
aclnnMuls,,,11.31,11.31,1.5000625,1.5000625,0,0
aten::div,,,20.75,46.36,0,6.520156249999999,0,0
empty_tensor,,,7.11,7.11,0,0,0,0
aten::item,,,5.93,7.08,0,0,0,0
aten::_local_scalar_dense,,,1.15,1.15,0,0,0,0
aclnnDivMods,,,11.42,11.42,6.520156249999999,6.520156249999999,0,0
aten::add,,,14.42,23.01,0,1.26,0,0
empty_tensor,,,5.41,5.41,0,0,0,0
aclnnAdd,,,3.18,3.18,1.26,1.26,0,0
aten::full_like,,,5.28,51.86,0,1.40003125,0,0
aten::empty_like,,,10.81,21.94,0,0,0,0
aten::empty_strided,,,7.04,11.13,0,0,0,0
empty_tensor,,,4.09,4.09,0,0,0,0
aten::fill_,,,10.71,24.64,0,1.40003125,0,0
aclnnInplaceFillScalar,,,13.93,13.93,1.40003125,1.40003125,0,0
aten::where,,,14.9,30.0,0,2.02003125,0,0
empty_tensor,,,5.87,5.87,0,0,0,0
aclnnSWhere,,,9.23,9.23,2.02003125,2.02003125,0,0
aten::copy_,,,15.47,27.61,0,1.22003125,0,0
aclnnInplaceCopy,,,12.14,12.14,1.22003125,1.22003125,0,0
aten::slice,,,3.54,8.21,0,0,0,0
aten::as_strided,,,4.67,4.67,0,0,0,0
aten::slice,,,18.84,23.06,0,0,0,0
aten::as_strided,,,4.22,4.22,0,0,0,0
aten::div,,,37.31,57.27,0,5.02009375,0,0
aten::item,,,1.8,2.97,0,0,0,0
aten::_local_scalar_dense,,,1.17,1.17,0,0,0,0
aclnnDivMods,,,16.99,16.99,5.02009375,5.02009375,0,0
aten::slice,,,2.84,7.12,0,0,0,0
aten::as_strided,,,4.28,4.28,0,0,0,0
aten::slice,,,4.23,7.04,0,0,0,0
aten::as_strided,,,2.81,2.81,0,0,0,0
aten::slice,,,2.47,6.52,0,0,0,0
aten::as_strided,,,4.05,4.05,0,0,0,0
aten::copy_,,,61.62,78.46,0,0.54003125,0,0
aclnnInplaceCopy,,,16.84,16.84,0.54003125,0.54003125,0,0
aten::slice,,,3.22,13.41,0,0,0,0
aten::as_strided,,,10.19,10.19,0,0,0,0
aten::slice,,,5.8,9.18,0,0,0,0
aten::as_strided,,,3.38,3.38,0,0,0,0
aten::copy_,,,53.37,77.68,0,0.60003125,0,0
aclnnInplaceCopy,,,24.31,24.31,0.60003125,0.60003125,0,0
aten::slice,,,6.0,8.47,0,0,0,0
aten::as_strided,,,2.47,2.47,0,0,0,0
aten::div,,,14.16,34.4,0,0,0,0
aten::to,,,1.86,20.24,0,0,0,0
aten::_to_copy,,,6.14,18.38,0,0,0,0
aten::empty_strided,,,4.07,4.07,0,0,0,0
aten::copy_,,,8.17,8.17,0,0,0,0
aten::slice,,,4.26,9.15,0,0,0,0
aten::as_strided,,,4.89,4.89,0,0,0,0
aten::slice,,,5.68,10.76,0,0,0,0
aten::as_strided,,,5.08,5.08,0,0,0,0
aten::slice,,,3.31,6.75,0,0,0,0
aten::as_strided,,,3.44,3.44,0,0,0,0
aten::slice,,,2.63,5.23,0,0,0,0
aten::as_strided,,,2.6,2.6,0,0,0,0
aten::fill_,,,16.89,37.97,0,0,0,0
aclnnInplaceFillScalar,,,21.08,21.08,0,0,0,0
aten::slice,,,19.79,23.37,0,0,0,0
aten::as_strided,,,3.58,3.58,0,0,0,0
aten::fill_,,,14.2,29.38,0,0,0,0
aclnnInplaceFillScalar,,,15.18,15.18,0,0,0,0
aten::slice,,,5.52,10.47,0,0,0,0
aten::as_strided,,,4.95,4.95,0,0,0,0
aten::slice,,,2.95,5.98,0,0,0,0
aten::as_strided,,,3.03,3.03,0,0,0,0
aten::slice,,,5.78,8.08,0,0,0,0
aten::as_strided,,,2.3,2.3,0,0,0,0
aten::slice,,,2.71,6.3,0,0,0,0
aten::as_strided,,,3.59,3.59,0,0,0,0
aten::slice,,,3.15,6.16,0,0,0,0
aten::as_strided,,,3.01,3.01,0,0,0,0
aten::slice,,,2.81,5.39,0,0,0,0
aten::as_strided,,,2.58,2.58,0,0,0,0
aten::slice,,,2.37,4.57,0,0,0,0
aten::as_strided,,,2.2,2.2,0,0,0,0
aten::fill_,,,14.76,30.11,0,0,0,0
aclnnInplaceFillScalar,,,15.35,15.35,0,0,0,0
aten::slice,,,4.09,7.7,0,0,0,0
aten::as_strided,,,3.61,3.61,0,0,0,0
aten::fill_,,,12.03,23.89,0,0,0,0
aclnnInplaceFillScalar,,,11.86,11.86,0,0,0,0
aten::diff,,,8.87,36.22,0,0,0,0
aten::narrow,,,6.64,11.34,0,0,0,0
aten::slice,,,2.22,4.7,0,0,0,0
aten::as_strided,,,2.48,2.48,0,0,0,0
aten::narrow,,,2.17,4.32,0,0,0,0
aten::slice,,,1.04,2.15,0,0,0,0
aten::as_strided,,,1.11,1.11,0,0,0,0
aten::sub,,,11.69,11.69,0,0,0,0
aten::eq,,,13.71,27.8,0,0,0,0
aten::to,,,1.61,14.09,0,0,0,0
aten::_to_copy,,,4.49,12.48,0,0,0,0
aten::empty_strided,,,2.66,2.66,0,0,0,0
aten::copy_,,,5.33,5.33,0,0,0,0
aten::__and__,,,1.73,7.66,0,0,0,0
aten::bitwise_and,,,5.93,5.93,0,0,0,0
aten::gt,,,9.11,17.65,0,0,0,0
aten::to,,,1.01,8.54,0,0,0,0
aten::_to_copy,,,2.52,7.53,0,0,0,0
aten::empty_strided,,,1.79,1.79,0,0,0,0
aten::copy_,,,3.22,3.22,0,0,0,0
aten::__and__,,,1.52,4.76,0,0,0,0
aten::bitwise_and,,,3.24,3.24,0,0,0,0
aten::any,,,7.38,16.45,0,0,0,0
aten::view_as,,,2.65,5.37,0,0,0,0
aten::view,,,2.72,2.72,0,0,0,0
aten::to,,,0.47,0.47,0,0,0,0
aten::copy_,,,3.23,3.23,0,0,0,0
aten::item,,,1.59,3.0,0,0,0,0
aten::_local_scalar_dense,,,1.41,1.41,0,0,0,0
aten::slice,,,4.58,6.32,0,0,0,0
aten::as_strided,,,1.74,1.74,0,0,0,0
aten::slice,,,2.32,3.37,0,0,0,0
aten::as_strided,,,1.05,1.05,0,0,0,0
aten::sub,,,5.22,5.22,0,0,0,0
aten::select,,,3.14,4.2,0,0,0,0
aten::as_strided,,,1.06,1.06,0,0,0,0
aten::item,,,1.23,2.22,0,0,0,0
aten::_local_scalar_dense,,,0.99,0.99,0,0,0,0
aten::select,,,4.47,9.66,0,0,0,0
aten::as_strided,,,5.19,5.19,0,0,0,0
aten::slice,,,4.34,5.96,0,0,0,0
aten::as_strided,,,1.62,1.62,0,0,0,0
aten::slice,,,2.24,3.13,0,0,0,0
aten::as_strided,,,0.89,0.89,0,0,0,0
aten::sub,,,5.64,5.64,0,0,0,0
aten::add,,,7.1,17.61,0,0,0,0
aten::to,,,1.39,10.51,0,0,0,0
aten::_to_copy,,,3.52,9.12,0,0,0,0
aten::empty_strided,,,2.09,2.09,0,0,0,0
aten::copy_,,,3.51,3.51,0,0,0,0
aten::sub,,,5.07,12.45,0,0,0,0
aten::to,,,1.02,7.38,0,0,0,0
aten::_to_copy,,,2.26,6.36,0,0,0,0
aten::empty_strided,,,1.76,1.76,0,0,0,0
aten::copy_,,,2.34,2.34,0,0,0,0
aten::floor_divide,,,9.13,19.48,0,0,0,0
aten::to,,,1.05,8.01,0,0,0,0
aten::_to_copy,,,2.73,6.96,0,0,0,0
aten::empty_strided,,,1.79,1.79,0,0,0,0
aten::copy_,,,2.44,2.44,0,0,0,0
aten::empty,,,2.34,2.34,0,0,0,0
aten::resolve_conj,,,1.16,1.16,0,0,0,0
aten::resolve_neg,,,0.52,0.52,0,0,0,0
aten::arange,,,5.62,22.48,0,0,0,0
aten::empty,,,1.8,1.8,0,0,0,0
aten::arange,,,10.78,15.06,0,0,0,0
aten::resize_,,,4.28,4.28,0,0,0,0
aten::cat,,,8.8,8.8,0,0,0,0
aten::eq,,,7.1,7.1,0,0,0,0
aten::cumsum,,,9.12,19.57,0,0,0,0
aten::to,,,1.12,10.45,0,0,0,0
aten::_to_copy,,,2.59,9.33,0,0,0,0
aten::empty_strided,,,2.46,2.46,0,0,0,0
aten::copy_,,,4.28,4.28,0,0,0,0
aten::sub,,,4.41,4.41,0,0,0,0
aten::stack,,,4.42,27.76,0,0,0,0
aten::unsqueeze,,,3.04,4.93,0,0,0,0
aten::as_strided,,,1.89,1.89,0,0,0,0
aten::unsqueeze,,,0.85,1.62,0,0,0,0
aten::as_strided,,,0.77,0.77,0,0,0,0
aten::cat,,,10.41,16.79,0,0,0,0
aten::narrow,,,2.55,6.38,0,0,0,0
aten::slice,,,1.7,3.83,0,0,0,0
aten::as_strided,,,2.13,2.13,0,0,0,0
aten::to,,,2.0,10.29,0,0,0,0
aten::_to_copy,,,2.87,8.29,0,0,0,0
aten::empty_strided,,,2.09,2.09,0,0,0,0
aten::copy_,,,3.33,3.33,0,0,0,0
aten::empty,,,2.36,2.36,0,0,0,0
aten::to,,,0.59,0.59,0,0,0,0
aten::lift_fresh,,,0.98,0.98,0,0,0,0
aten::detach_,,,0.81,0.81,0,0,0,0
aten::slice,,,4.53,6.27,0,0,0,0
aten::as_strided,,,1.74,1.74,0,0,0,0
aten::slice,,,2.45,3.26,0,0,0,0
aten::as_strided,,,0.81,0.81,0,0,0,0
aten::sub,,,5.02,5.02,0,0,0,0
aten::add,,,5.64,14.23,0,0,0,0
aten::to,,,0.94,8.59,0,0,0,0
aten::_to_copy,,,2.63,7.65,0,0,0,0
aten::empty_strided,,,1.85,1.85,0,0,0,0
aten::copy_,,,3.17,3.17,0,0,0,0
aten::sub,,,4.69,11.46,0,0,0,0
aten::to,,,0.68,6.77,0,0,0,0
aten::_to_copy,,,2.17,6.09,0,0,0,0
aten::empty_strided,,,1.39,1.39,0,0,0,0
aten::copy_,,,2.53,2.53,0,0,0,0
aten::floor_divide,,,6.06,15.23,0,0,0,0
aten::to,,,1.04,7.62,0,0,0,0
aten::_to_copy,,,2.5,6.58,0,0,0,0
aten::empty_strided,,,1.76,1.76,0,0,0,0
aten::copy_,,,2.32,2.32,0,0,0,0
aten::empty,,,1.55,1.55,0,0,0,0
aten::cat,,,4.62,4.62,0,0,0,0
aten::cumsum,,,5.28,13.69,0,0,0,0
aten::to,,,0.91,8.41,0,0,0,0
aten::_to_copy,,,2.43,7.5,0,0,0,0
aten::empty_strided,,,1.67,1.67,0,0,0,0
aten::copy_,,,3.4,3.4,0,0,0,0
aten::empty,,,2.26,2.26,0,0,0,0
aten::to,,,0.72,0.72,0,0,0,0
aten::lift_fresh,,,0.66,0.66,0,0,0,0
aten::detach_,,,0.34,0.34,0,0,0,0
aten::slice,,,4.09,5.58,0,0,0,0
aten::as_strided,,,1.49,1.49,0,0,0,0
aten::slice,,,2.18,3.2,0,0,0,0
aten::as_strided,,,1.02,1.02,0,0,0,0
aten::sub,,,4.46,4.46,0,0,0,0
aten::add,,,5.09,12.68,0,0,0,0
aten::to,,,0.85,7.59,0,0,0,0
aten::_to_copy,,,2.56,6.74,0,0,0,0
aten::empty_strided,,,1.53,1.53,0,0,0,0
aten::copy_,,,2.65,2.65,0,0,0,0
aten::sub,,,4.12,11.48,0,0,0,0
aten::to,,,1.2,7.36,0,0,0,0
aten::_to_copy,,,2.27,6.16,0,0,0,0
aten::empty_strided,,,1.43,1.43,0,0,0,0
aten::copy_,,,2.46,2.46,0,0,0,0
aten::floor_divide,,,5.4,13.8,0,0,0,0
aten::to,,,0.84,7.04,0,0,0,0
aten::_to_copy,,,2.47,6.2,0,0,0,0
aten::empty_strided,,,1.52,1.52,0,0,0,0
aten::copy_,,,2.21,2.21,0,0,0,0
aten::empty,,,1.36,1.36,0,0,0,0
aten::add,,,4.29,10.83,0,0,0,0
aten::to,,,0.81,6.54,0,0,0,0
aten::_to_copy,,,2.17,5.73,0,0,0,0
aten::empty_strided,,,1.43,1.43,0,0,0,0
aten::copy_,,,2.13,2.13,0,0,0,0
aten::cat,,,4.19,4.19,0,0,0,0
aten::cumsum,,,4.99,12.27,0,0,0,0
aten::to,,,0.75,7.28,0,0,0,0
aten::_to_copy,,,2.06,6.53,0,0,0,0
aten::empty_strided,,,1.48,1.48,0,0,0,0
aten::copy_,,,2.99,2.99,0,0,0,0
aten::slice,,,3.55,4.76,0,0,0,0
aten::as_strided,,,1.21,1.21,0,0,0,0
aten::slice,,,1.98,2.96,0,0,0,0
aten::as_strided,,,0.98,0.98,0,0,0,0
aten::sub,,,3.71,3.71,0,0,0,0
aten::add,,,4.32,11.56,0,0,0,0
aten::to,,,0.94,7.24,0,0,0,0
aten::_to_copy,,,2.32,6.3,0,0,0,0
aten::empty_strided,,,1.64,1.64,0,0,0,0
aten::copy_,,,2.34,2.34,0,0,0,0
aten::sub,,,4.23,10.64,0,0,0,0
aten::to,,,0.8,6.41,0,0,0,0
aten::_to_copy,,,2.11,5.61,0,0,0,0
aten::empty_strided,,,1.49,1.49,0,0,0,0
aten::copy_,,,2.01,2.01,0,0,0,0
aten::floor_divide,,,5.08,13.15,0,0,0,0
aten::to,,,0.92,6.78,0,0,0,0
aten::_to_copy,,,2.24,5.86,0,0,0,0
aten::empty_strided,,,1.41,1.41,0,0,0,0
aten::copy_,,,2.21,2.21,0,0,0,0
aten::empty,,,1.29,1.29,0,0,0,0
aten::add,,,3.98,10.61,0,0,0,0
aten::to,,,0.88,6.63,0,0,0,0
aten::_to_copy,,,2.17,5.75,0,0,0,0
aten::empty_strided,,,1.47,1.47,0,0,0,0
aten::copy_,,,2.11,2.11,0,0,0,0
aten::cumsum,,,4.94,11.6,0,0,0,0
aten::to,,,0.7,6.66,0,0,0,0
aten::_to_copy,,,1.93,5.96,0,0,0,0
aten::empty_strided,,,1.42,1.42,0,0,0,0
aten::copy_,,,2.61,2.61,0,0,0,0
aten::sub,,,3.24,3.24,0,0,0,0
aten::slice,,,3.42,4.72,0,0,0,0
aten::as_strided,,,1.3,1.3,0,0,0,0
aten::slice,,,1.97,2.78,0,0,0,0
aten::as_strided,,,0.81,0.81,0,0,0,0
aten::sub,,,3.51,3.51,0,0,0,0
aten::add,,,4.63,11.77,0,0,0,0
aten::to,,,0.9,7.14,0,0,0,0
aten::_to_copy,,,2.22,6.24,0,0,0,0
aten::empty_strided,,,1.62,1.62,0,0,0,0
aten::copy_,,,2.4,2.4,0,0,0,0
aten::sub,,,4.37,10.92,0,0,0,0
aten::to,,,0.78,6.55,0,0,0,0
aten::_to_copy,,,2.25,5.77,0,0,0,0
aten::empty_strided,,,1.46,1.46,0,0,0,0
aten::copy_,,,2.06,2.06,0,0,0,0
aten::floor_divide,,,5.16,13.69,0,0,0,0
aten::to,,,0.92,7.3,0,0,0,0
aten::_to_copy,,,2.37,6.38,0,0,0,0
aten::empty_strided,,,1.8,1.8,0,0,0,0
aten::copy_,,,2.21,2.21,0,0,0,0
aten::empty,,,1.23,1.23,0,0,0,0
aten::resolve_conj,,,1.02,1.02,0,0,0,0
aten::resolve_neg,,,0.51,0.51,0,0,0,0
aten::arange,,,3.69,12.88,0,0,0,0
aten::empty,,,1.38,1.38,0,0,0,0
aten::arange,,,5.96,7.81,0,0,0,0
aten::resize_,,,1.85,1.85,0,0,0,0
aten::cat,,,4.1,4.1,0,0,0,0
aten::eq,,,6.19,6.19,0,0,0,0
aten::cumsum,,,5.78,13.93,0,0,0,0
aten::to,,,0.92,8.15,0,0,0,0
aten::_to_copy,,,2.43,7.23,0,0,0,0
aten::empty_strided,,,1.71,1.71,0,0,0,0
aten::copy_,,,3.09,3.09,0,0,0,0
aten::sub,,,3.68,3.68,0,0,0,0
aten::stack,,,3.18,20.17,0,0,0,0
aten::unsqueeze,,,1.83,3.19,0,0,0,0
aten::as_strided,,,1.36,1.36,0,0,0,0
aten::unsqueeze,,,0.87,1.62,0,0,0,0
aten::as_strided,,,0.75,0.75,0,0,0,0
aten::cat,,,7.18,12.18,0,0,0,0
aten::narrow,,,2.38,5.0,0,0,0,0
aten::slice,,,1.58,2.62,0,0,0,0
aten::as_strided,,,1.04,1.04,0,0,0,0
aten::to,,,1.22,8.9,0,0,0,0
aten::_to_copy,,,2.78,7.68,0,0,0,0
aten::empty_strided,,,1.94,1.94,0,0,0,0
aten::copy_,,,2.96,2.96,0,0,0,0
aten::slice,,,3.9,5.12,0,0,0,0
aten::as_strided,,,1.22,1.22,0,0,0,0
aten::slice,,,1.85,2.6,0,0,0,0
aten::as_strided,,,0.75,0.75,0,0,0,0
aten::sub,,,4.32,4.32,0,0,0,0
aten::add,,,5.62,20.81,0,0,0,0
aten::to,,,1.12,15.19,0,0,0,0
aten::_to_copy,,,2.64,14.07,0,0,0,0
aten::empty_strided,,,1.96,1.96,0,0,0,0
aten::copy_,,,9.47,9.47,0,0,0,0
aten::sub,,,4.48,11.88,0,0,0,0
aten::to,,,0.85,7.4,0,0,0,0
aten::_to_copy,,,2.39,6.55,0,0,0,0
aten::empty_strided,,,1.81,1.81,0,0,0,0
aten::copy_,,,2.35,2.35,0,0,0,0
aten::floor_divide,,,5.47,18.54,0,0,0,0
aten::to,,,1.01,11.52,0,0,0,0
aten::_to_copy,,,2.75,10.51,0,0,0,0
aten::empty_strided,,,2.07,2.07,0,0,0,0
aten::copy_,,,5.69,5.69,0,0,0,0
aten::empty,,,1.55,1.55,0,0,0,0
aten::resolve_conj,,,1.02,1.02,0,0,0,0
aten::resolve_neg,,,0.54,0.54,0,0,0,0
aten::arange,,,3.43,12.12,0,0,0,0
aten::empty,,,1.44,1.44,0,0,0,0
aten::arange,,,5.68,7.25,0,0,0,0
aten::resize_,,,1.57,1.57,0,0,0,0
aten::cat,,,4.33,4.33,0,0,0,0
aten::eq,,,6.25,6.25,0,0,0,0
aten::cumsum,,,5.55,17.19,0,0,0,0
aten::to,,,4.08,11.64,0,0,0,0
aten::_to_copy,,,2.55,7.56,0,0,0,0
aten::empty_strided,,,1.87,1.87,0,0,0,0
aten::copy_,,,3.14,3.14,0,0,0,0
aten::sub,,,3.88,3.88,0,0,0,0
aten::stack,,,3.18,25.16,0,0,0,0
aten::unsqueeze,,,1.81,3.57,0,0,0,0
aten::as_strided,,,1.76,1.76,0,0,0,0
aten::unsqueeze,,,0.88,1.79,0,0,0,0
aten::as_strided,,,0.91,0.91,0,0,0,0
aten::cat,,,7.53,16.62,0,0,0,0
aten::narrow,,,5.29,9.09,0,0,0,0
aten::slice,,,1.95,3.8,0,0,0,0
aten::as_strided,,,1.85,1.85,0,0,0,0
aten::to,,,1.37,9.42,0,0,0,0
aten::_to_copy,,,2.89,8.05,0,0,0,0
aten::empty_strided,,,1.96,1.96,0,0,0,0
aten::copy_,,,3.2,3.2,0,0,0,0
aten::to,,,1.55,12.98,0,0,0,0
aten::_to_copy,,,2.77,11.43,0,0,0,0
aten::empty_strided,,,1.99,1.99,0,0,0,0
aten::copy_,,,6.67,6.67,0,0,0,0
aten::reshape,,,1.95,4.02,0,0,0,0
aten::view,,,2.07,2.07,0,0,0,0
aten::resolve_conj,,,0.81,0.81,0,0,0,0
aten::resolve_neg,,,0.54,0.54,0,0,0,0
aten::empty,,,2.74,2.74,0,0,0,0
aten::to,,,0.88,0.88,0,0,0,0
aten::lift_fresh,,,0.75,0.75,0,0,0,0
aten::detach_,,,0.53,0.53,0,0,0,0
aten::slice,,,1.9,3.55,0,0,0,0
aten::as_strided,,,1.65,1.65,0,0,0,0
aten::slice,,,4.47,5.39,0,0,0,0
aten::as_strided,,,0.92,0.92,0,0,0,0
aten::sub,,,5.27,5.27,0,0,0,0
aten::gt,,,6.59,6.59,0,0,0,0
aten::all,,,6.55,13.47,0,0,0,0
aten::view_as,,,1.54,3.07,0,0,0,0
aten::view,,,1.53,1.53,0,0,0,0
aten::to,,,0.58,0.58,0,0,0,0
aten::copy_,,,3.27,3.27,0,0,0,0
aten::is_nonzero,,,4.17,11.14,0,0,0,0
aten::item,,,1.54,6.97,0,0,0,0
aten::_local_scalar_dense,,,5.43,5.43,0,0,0,0
aten::to,,,1.36,11.0,0,0,0,0
aten::_to_copy,,,3.11,9.64,0,0,0,0
aten::empty_strided,,,2.75,2.75,0,0,0,0
aten::copy_,,,3.78,3.78,0,0,0,0
aten::reshape,,,1.23,2.66,0,0,0,0
aten::view,,,1.43,1.43,0,0,0,0
aten::resolve_conj,,,0.77,0.77,0,0,0,0
aten::resolve_neg,,,0.44,0.44,0,0,0,0
aten::to,,,2.54,192.8,0,0,0,0
aten::_to_copy,,,10.71,190.26,0,0,0,0
aten::empty_strided,,,11.52,19.59,0,0,0,0
empty_tensor,,,8.07,8.07,0,0,0,0
aten::copy_,,,141.78,159.96,0,0,0,0
acl_memcpy_host_to_device,,,18.18,18.18,0,0,0,0
aten::to,,,3.67,125.2,0,0,0,0
aten::_to_copy,,,5.54,121.53,0,0,0,0
aten::empty_strided,,,10.34,18.78,0,0,0,0
empty_tensor,,,8.44,8.44,0,0,0,0
aten::copy_,,,70.31,97.21,0,0,0,0
acl_memcpy_host_to_device,,,26.9,26.9,0,0,0,0
aten::to,,,2.85,103.55,0,0,0,0
aten::_to_copy,,,5.12,100.7,0,0,0,0
aten::empty_strided,,,8.38,13.35,0,0,0,0
empty_tensor,,,4.97,4.97,0,0,0,0
aten::copy_,,,63.18,82.23,0,0,0,0
acl_memcpy_host_to_device,,,19.05,19.05,0,0,0,0
aten::to,,,2.88,88.68,0,0,0,0
aten::_to_copy,,,4.46,85.8,0,0,0,0
aten::empty_strided,,,8.18,12.98,0,0,0,0
empty_tensor,,,4.8,4.8,0,0,0,0
aten::copy_,,,55.78,68.36,0,0,0,0
acl_memcpy_host_to_device,,,12.58,12.58,0,0,0,0
aten::to,,,2.59,87.39,0,0,0,0
aten::_to_copy,,,4.71,84.8,0,0,0,0
aten::empty_strided,,,11.64,16.37,0,0,0,0
empty_tensor,,,4.73,4.73,0,0,0,0
aten::copy_,,,51.61,63.72,0,0,0,0
acl_memcpy_host_to_device,,,12.11,12.11,0,0,0,0
aten::to,,,2.97,84.05,0,0,0,0
aten::_to_copy,,,4.4,81.08,0,0,0,0
aten::empty_strided,,,7.45,12.41,0,0,0,0
empty_tensor,,,4.96,4.96,0,0,0,0
aten::copy_,,,52.12,64.27,0,0,0,0
acl_memcpy_host_to_device,,,12.15,12.15,0,0,0,0
aten::slice,,,8.39,15.08,0,0,0,0
aten::as_strided,,,6.69,6.69,0,0,0,0
aten::slice,,,3.18,6.0,0,0,0,0
aten::as_strided,,,2.82,2.82,0,0,0,0
aten::sub,,,23.64,47.59,0,1.44003125,0,0
empty_tensor,,,8.37,8.37,0,0,0,0
aclnnSub,,,15.58,15.58,1.44003125,1.44003125,0,0
aten::sub,,,14.85,25.51,0,1.54,0,0
empty_tensor,,,7.46,7.46,0,0,0,0
aclnnSub,,,3.2,3.2,1.54,1.54,0,0
aten::gt,,,16.82,26.09,0,4.22009375,0,0
empty_tensor,,,5.76,5.76,0,0,0,0
aclnnGtScalar,,,3.51,3.51,4.22009375,4.22009375,0,0
aten::slice,,,6.66,12.15,0,0,0,0
aten::as_strided,,,5.49,5.49,0,0,0,0
aten::slice,,,6.37,8.78,0,0,0,0
aten::as_strided,,,2.41,2.41,0,0,0,0
aten::slice,,,2.64,6.21,0,0,0,0
aten::as_strided,,,3.57,3.57,0,0,0,0
aten::slice,,,3.16,6.48,0,0,0,0
aten::as_strided,,,3.32,3.32,0,0,0,0
aten::slice,,,2.73,6.25,0,0,0,0
aten::as_strided,,,3.52,3.52,0,0,0,0
aten::slice,,,2.75,4.86,0,0,0,0
aten::as_strided,,,2.11,2.11,0,0,0,0
aten::fill_,,,15.43,35.6,0,0,0,0
aclnnInplaceFillScalar,,,20.17,20.17,0,0,0,0
aten::slice,,,4.57,8.22,0,0,0,0
aten::as_strided,,,3.65,3.65,0,0,0,0
aten::fill_,,,11.52,24.34,0,0,0,0
aclnnInplaceFillScalar,,,12.82,12.82,0,0,0,0
aten::diff,,,6.8,31.64,0,0,0,0
aten::narrow,,,5.13,9.72,0,0,0,0
aten::slice,,,2.38,4.59,0,0,0,0
aten::as_strided,,,2.21,2.21,0,0,0,0
aten::narrow,,,2.06,3.93,0,0,0,0
aten::slice,,,0.94,1.87,0,0,0,0
aten::as_strided,,,0.93,0.93,0,0,0,0
aten::sub,,,11.19,11.19,0,0,0,0
aten::eq,,,11.45,25.09,0,0,0,0
aten::to,,,1.58,13.64,0,0,0,0
aten::_to_copy,,,4.18,12.06,0,0,0,0
aten::empty_strided,,,2.53,2.53,0,0,0,0
aten::copy_,,,5.35,5.35,0,0,0,0
aten::__and__,,,1.87,6.26,0,0,0,0
aten::bitwise_and,,,4.39,4.39,0,0,0,0
aten::gt,,,7.17,15.57,0,0,0,0
aten::to,,,0.99,8.4,0,0,0,0
aten::_to_copy,,,2.86,7.41,0,0,0,0
aten::empty_strided,,,1.8,1.8,0,0,0,0
aten::copy_,,,2.75,2.75,0,0,0,0
aten::__and__,,,1.07,3.99,0,0,0,0
aten::bitwise_and,,,2.92,2.92,0,0,0,0
aten::any,,,5.53,12.45,0,0,0,0
aten::view_as,,,1.96,3.63,0,0,0,0
aten::view,,,1.67,1.67,0,0,0,0
aten::to,,,0.41,0.41,0,0,0,0
aten::copy_,,,2.88,2.88,0,0,0,0
aten::item,,,1.79,2.87,0,0,0,0
aten::_local_scalar_dense,,,1.08,1.08,0,0,0,0
aten::slice,,,4.65,6.44,0,0,0,0
aten::as_strided,,,1.79,1.79,0,0,0,0
aten::slice,,,2.2,3.03,0,0,0,0
aten::as_strided,,,0.83,0.83,0,0,0,0
aten::sub,,,5.04,5.04,0,0,0,0
aten::select,,,2.94,4.17,0,0,0,0
aten::as_strided,,,1.23,1.23,0,0,0,0
aten::item,,,1.21,2.19,0,0,0,0
aten::_local_scalar_dense,,,0.98,0.98,0,0,0,0
aten::select,,,3.71,8.94,0,0,0,0
aten::as_strided,,,5.23,5.23,0,0,0,0
aten::slice,,,23.75,25.86,0,0,0,0
aten::as_strided,,,2.11,2.11,0,0,0,0
aten::slice,,,2.62,3.52,0,0,0,0
aten::as_strided,,,0.9,0.9,0,0,0,0
aten::sub,,,6.01,6.01,0,0,0,0
aten::add,,,21.53,34.11,0,0,0,0
aten::to,,,1.64,12.58,0,0,0,0
aten::_to_copy,,,3.86,10.94,0,0,0,0
aten::empty_strided,,,2.86,2.86,0,0,0,0
aten::copy_,,,4.22,4.22,0,0,0,0
aten::sub,,,5.31,12.85,0,0,0,0
aten::to,,,1.2,7.54,0,0,0,0
aten::_to_copy,,,2.27,6.34,0,0,0,0
aten::empty_strided,,,1.49,1.49,0,0,0,0
aten::copy_,,,2.58,2.58,0,0,0,0
aten::floor_divide,,,6.56,15.47,0,0,0,0
aten::to,,,0.83,7.48,0,0,0,0
aten::_to_copy,,,2.45,6.65,0,0,0,0
aten::empty_strided,,,1.73,1.73,0,0,0,0
aten::copy_,,,2.47,2.47,0,0,0,0
aten::empty,,,1.43,1.43,0,0,0,0
aten::resolve_conj,,,1.21,1.21,0,0,0,0
aten::resolve_neg,,,0.59,0.59,0,0,0,0
aten::arange,,,3.82,14.31,0,0,0,0
aten::empty,,,1.55,1.55,0,0,0,0
aten::arange,,,6.68,8.94,0,0,0,0
aten::resize_,,,2.26,2.26,0,0,0,0
aten::cat,,,5.53,5.53,0,0,0,0
aten::eq,,,6.59,6.59,0,0,0,0
aten::cumsum,,,6.32,14.92,0,0,0,0
aten::to,,,0.96,8.6,0,0,0,0
aten::_to_copy,,,2.49,7.64,0,0,0,0
aten::empty_strided,,,1.79,1.79,0,0,0,0
aten::copy_,,,3.36,3.36,0,0,0,0
aten::sub,,,3.86,3.86,0,0,0,0
aten::stack,,,3.45,23.09,0,0,0,0
aten::unsqueeze,,,2.2,3.74,0,0,0,0
aten::as_strided,,,1.54,1.54,0,0,0,0
aten::unsqueeze,,,1.08,1.72,0,0,0,0
aten::as_strided,,,0.64,0.64,0,0,0,0
aten::cat,,,8.21,14.18,0,0,0,0
aten::narrow,,,2.68,5.97,0,0,0,0
aten::slice,,,1.58,3.29,0,0,0,0
aten::as_strided,,,1.71,1.71,0,0,0,0
aten::to,,,1.34,9.11,0,0,0,0
aten::_to_copy,,,2.61,7.77,0,0,0,0
aten::empty_strided,,,1.79,1.79,0,0,0,0
aten::copy_,,,3.37,3.37,0,0,0,0
aten::empty,,,2.45,2.45,0,0,0,0
aten::to,,,0.72,0.72,0,0,0,0
aten::lift_fresh,,,0.78,0.78,0,0,0,0
aten::detach_,,,0.5,0.5,0,0,0,0
aten::slice,,,4.23,5.74,0,0,0,0
aten::as_strided,,,1.51,1.51,0,0,0,0
aten::slice,,,2.37,3.37,0,0,0,0
aten::as_strided,,,1.0,1.0,0,0,0,0
aten::sub,,,5.17,5.17,0,0,0,0
aten::add,,,5.21,13.94,0,0,0,0
aten::to,,,0.94,8.73,0,0,0,0
aten::_to_copy,,,2.58,7.79,0,0,0,0
aten::empty_strided,,,2.08,2.08,0,0,0,0
aten::copy_,,,3.13,3.13,0,0,0,0
aten::sub,,,4.39,11.16,0,0,0,0
aten::to,,,0.95,6.77,0,0,0,0
aten::_to_copy,,,2.34,5.82,0,0,0,0
aten::empty_strided,,,1.37,1.37,0,0,0,0
aten::copy_,,,2.11,2.11,0,0,0,0
aten::floor_divide,,,5.52,14.12,0,0,0,0
aten::to,,,1.1,7.3,0,0,0,0
aten::_to_copy,,,2.51,6.2,0,0,0,0
aten::empty_strided,,,1.47,1.47,0,0,0,0
aten::copy_,,,2.22,2.22,0,0,0,0
aten::empty,,,1.3,1.3,0,0,0,0
aten::cat,,,4.11,4.11,0,0,0,0
aten::cumsum,,,5.88,13.72,0,0,0,0
aten::to,,,0.83,7.84,0,0,0,0
aten::_to_copy,,,2.46,7.01,0,0,0,0
aten::empty_strided,,,1.51,1.51,0,0,0,0
aten::copy_,,,3.04,3.04,0,0,0,0
aten::empty,,,1.98,1.98,0,0,0,0
aten::to,,,0.64,0.64,0,0,0,0
aten::lift_fresh,,,0.6,0.6,0,0,0,0
aten::detach_,,,0.33,0.33,0,0,0,0
aten::slice,,,3.75,5.12,0,0,0,0
aten::as_strided,,,1.37,1.37,0,0,0,0
aten::slice,,,2.17,2.96,0,0,0,0
aten::as_strided,,,0.79,0.79,0,0,0,0
aten::sub,,,4.36,4.36,0,0,0,0
aten::add,,,4.59,12.56,0,0,0,0
aten::to,,,1.01,7.97,0,0,0,0
aten::_to_copy,,,2.52,6.96,0,0,0,0
aten::empty_strided,,,1.67,1.67,0,0,0,0
aten::copy_,,,2.77,2.77,0,0,0,0
aten::sub,,,4.17,10.41,0,0,0,0
aten::to,,,0.81,6.24,0,0,0,0
aten::_to_copy,,,2.13,5.43,0,0,0,0
aten::empty_strided,,,1.26,1.26,0,0,0,0
aten::copy_,,,2.04,2.04,0,0,0,0
aten::floor_divide,,,4.85,12.87,0,0,0,0
aten::to,,,0.88,6.76,0,0,0,0
aten::_to_copy,,,2.29,5.88,0,0,0,0
aten::empty_strided,,,1.41,1.41,0,0,0,0
aten::copy_,,,2.18,2.18,0,0,0,0
aten::empty,,,1.26,1.26,0,0,0,0
aten::add,,,4.22,10.66,0,0,0,0
aten::to,,,0.91,6.44,0,0,0,0
aten::_to_copy,,,2.22,5.53,0,0,0,0
aten::empty_strided,,,1.34,1.34,0,0,0,0
aten::copy_,,,1.97,1.97,0,0,0,0
aten::cat,,,46.44,46.44,0,0,0,0
aten::cumsum,,,7.51,18.55,0,0,0,0
aten::to,,,1.37,11.04,0,0,0,0
aten::_to_copy,,,3.17,9.67,0,0,0,0
aten::empty_strided,,,2.32,2.32,0,0,0,0
aten::copy_,,,4.18,4.18,0,0,0,0
aten::slice,,,4.87,6.57,0,0,0,0
aten::as_strided,,,1.7,1.7,0,0,0,0
aten::slice,,,2.39,3.3,0,0,0,0
aten::as_strided,,,0.91,0.91,0,0,0,0
aten::sub,,,4.5,4.5,0,0,0,0
aten::add,,,4.98,12.99,0,0,0,0
aten::to,,,1.08,8.01,0,0,0,0
aten::_to_copy,,,2.51,6.93,0,0,0,0
aten::empty_strided,,,1.79,1.79,0,0,0,0
aten::copy_,,,2.63,2.63,0,0,0,0
aten::sub,,,4.24,10.41,0,0,0,0
aten::to,,,0.82,6.17,0,0,0,0
aten::_to_copy,,,1.98,5.35,0,0,0,0
aten::empty_strided,,,1.32,1.32,0,0,0,0
aten::copy_,,,2.05,2.05,0,0,0,0
aten::floor_divide,,,5.36,14.26,0,0,0,0
aten::to,,,0.77,7.42,0,0,0,0
aten::_to_copy,,,2.64,6.65,0,0,0,0
aten::empty_strided,,,1.5,1.5,0,0,0,0
aten::copy_,,,2.51,2.51,0,0,0,0
aten::empty,,,1.48,1.48,0,0,0,0
aten::add,,,3.86,9.94,0,0,0,0
aten::to,,,0.81,6.08,0,0,0,0
aten::_to_copy,,,1.94,5.27,0,0,0,0
aten::empty_strided,,,1.37,1.37,0,0,0,0
aten::copy_,,,1.96,1.96,0,0,0,0
aten::cumsum,,,4.69,11.39,0,0,0,0
aten::to,,,0.73,6.7,0,0,0,0
aten::_to_copy,,,2.18,5.97,0,0,0,0
aten::empty_strided,,,1.31,1.31,0,0,0,0
aten::copy_,,,2.48,2.48,0,0,0,0
aten::sub,,,3.26,3.26,0,0,0,0
aten::slice,,,3.49,4.76,0,0,0,0
aten::as_strided,,,1.27,1.27,0,0,0,0
aten::slice,,,2.3,3.09,0,0,0,0
aten::as_strided,,,0.79,0.79,0,0,0,0
aten::sub,,,3.6,3.6,0,0,0,0
aten::add,,,4.27,11.47,0,0,0,0
aten::to,,,0.95,7.2,0,0,0,0
aten::_to_copy,,,2.29,6.25,0,0,0,0
aten::empty_strided,,,1.53,1.53,0,0,0,0
aten::copy_,,,2.43,2.43,0,0,0,0
aten::sub,,,3.88,10.48,0,0,0,0
aten::to,,,0.99,6.6,0,0,0,0
aten::_to_copy,,,2.14,5.61,0,0,0,0
aten::empty_strided,,,1.41,1.41,0,0,0,0
aten::copy_,,,2.06,2.06,0,0,0,0
aten::floor_divide,,,4.48,12.37,0,0,0,0
aten::to,,,0.76,6.56,0,0,0,0
aten::_to_copy,,,2.14,5.8,0,0,0,0
aten::empty_strided,,,1.5,1.5,0,0,0,0
aten::copy_,,,2.16,2.16,0,0,0,0
aten::empty,,,1.33,1.33,0,0,0,0
aten::resolve_conj,,,1.22,1.22,0,0,0,0
aten::resolve_neg,,,0.52,0.52,0,0,0,0
aten::arange,,,3.38,11.82,0,0,0,0
aten::empty,,,1.39,1.39,0,0,0,0
aten::arange,,,5.44,7.05,0,0,0,0
aten::resize_,,,1.61,1.61,0,0,0,0
aten::cat,,,4.27,4.27,0,0,0,0
aten::eq,,,6.28,6.28,0,0,0,0
aten::cumsum,,,5.67,13.78,0,0,0,0
aten::to,,,0.95,8.11,0,0,0,0
aten::_to_copy,,,2.3,7.16,0,0,0,0
aten::empty_strided,,,1.89,1.89,0,0,0,0
aten::copy_,,,2.97,2.97,0,0,0,0
aten::sub,,,3.74,3.74,0,0,0,0
aten::stack,,,3.21,20.86,0,0,0,0
aten::unsqueeze,,,2.04,3.69,0,0,0,0
aten::as_strided,,,1.65,1.65,0,0,0,0
aten::unsqueeze,,,0.72,1.35,0,0,0,0
aten::as_strided,,,0.63,0.63,0,0,0,0
aten::cat,,,7.35,12.61,0,0,0,0
aten::narrow,,,2.67,5.26,0,0,0,0
aten::slice,,,1.53,2.59,0,0,0,0
aten::as_strided,,,1.06,1.06,0,0,0,0
aten::to,,,1.32,9.02,0,0,0,0
aten::_to_copy,,,2.63,7.7,0,0,0,0
aten::empty_strided,,,2.01,2.01,0,0,0,0
aten::copy_,,,3.06,3.06,0,0,0,0
aten::slice,,,3.97,5.09,0,0,0,0
aten::as_strided,,,1.12,1.12,0,0,0,0
aten::slice,,,1.96,2.69,0,0,0,0
aten::as_strided,,,0.73,0.73,0,0,0,0
aten::sub,,,4.24,4.24,0,0,0,0
aten::add,,,4.87,12.57,0,0,0,0
aten::to,,,1.0,7.7,0,0,0,0
aten::_to_copy,,,2.36,6.7,0,0,0,0
aten::empty_strided,,,1.64,1.64,0,0,0,0
aten::copy_,,,2.7,2.7,0,0,0,0
aten::sub,,,3.9,10.39,0,0,0,0
aten::to,,,0.82,6.49,0,0,0,0
aten::_to_copy,,,2.04,5.67,0,0,0,0
aten::empty_strided,,,1.45,1.45,0,0,0,0
aten::copy_,,,2.18,2.18,0,0,0,0
aten::floor_divide,,,5.2,13.86,0,0,0,0
aten::to,,,0.87,7.31,0,0,0,0
aten::_to_copy,,,2.29,6.44,0,0,0,0
aten::empty_strided,,,1.88,1.88,0,0,0,0
aten::copy_,,,2.27,2.27,0,0,0,0
aten::empty,,,1.35,1.35,0,0,0,0
aten::resolve_conj,,,0.97,0.97,0,0,0,0
aten::resolve_neg,,,0.47,0.47,0,0,0,0
aten::arange,,,2.87,10.65,0,0,0,0
aten::empty,,,1.31,1.31,0,0,0,0
aten::arange,,,5.05,6.47,0,0,0,0
aten::resize_,,,1.42,1.42,0,0,0,0
aten::cat,,,3.94,3.94,0,0,0,0
aten::eq,,,6.16,6.16,0,0,0,0
aten::cumsum,,,5.66,14.15,0,0,0,0
aten::to,,,1.04,8.49,0,0,0,0
aten::_to_copy,,,2.74,7.45,0,0,0,0
aten::empty_strided,,,1.64,1.64,0,0,0,0
aten::copy_,,,3.07,3.07,0,0,0,0
aten::sub,,,3.46,3.46,0,0,0,0
aten::stack,,,2.92,20.64,0,0,0,0
aten::unsqueeze,,,2.02,3.6,0,0,0,0
aten::as_strided,,,1.58,1.58,0,0,0,0
aten::unsqueeze,,,0.74,1.49,0,0,0,0
aten::as_strided,,,0.75,0.75,0,0,0,0
aten::cat,,,7.27,12.63,0,0,0,0
aten::narrow,,,2.05,5.36,0,0,0,0
aten::slice,,,1.63,3.31,0,0,0,0
aten::as_strided,,,1.68,1.68,0,0,0,0
aten::to,,,1.24,8.87,0,0,0,0
aten::_to_copy,,,2.85,7.63,0,0,0,0
aten::empty_strided,,,1.83,1.83,0,0,0,0
aten::copy_,,,2.95,2.95,0,0,0,0
aten::to,,,1.46,9.25,0,0,0,0
aten::_to_copy,,,2.3,7.79,0,0,0,0
aten::empty_strided,,,1.9,1.9,0,0,0,0
aten::copy_,,,3.59,3.59,0,0,0,0
aten::reshape,,,1.54,3.5,0,0,0,0
aten::view,,,1.96,1.96,0,0,0,0
aten::resolve_conj,,,0.79,0.79,0,0,0,0
aten::resolve_neg,,,0.36,0.36,0,0,0,0
aten::empty,,,2.35,2.35,0,0,0,0
aten::to,,,0.52,0.52,0,0,0,0
aten::lift_fresh,,,0.65,0.65,0,0,0,0
aten::detach_,,,0.56,0.56,0,0,0,0
aten::slice,,,1.79,3.23,0,0,0,0
aten::as_strided,,,1.44,1.44,0,0,0,0
aten::slice,,,1.09,1.86,0,0,0,0
aten::as_strided,,,0.77,0.77,0,0,0,0
aten::sub,,,5.05,5.05,0,0,0,0
aten::gt,,,9.81,9.81,0,0,0,0
aten::all,,,5.87,12.74,0,0,0,0
aten::view_as,,,1.47,3.26,0,0,0,0
aten::view,,,1.79,1.79,0,0,0,0
aten::to,,,0.39,0.39,0,0,0,0
aten::copy_,,,3.22,3.22,0,0,0,0
aten::is_nonzero,,,1.59,4.41,0,0,0,0
aten::item,,,1.39,2.82,0,0,0,0
aten::_local_scalar_dense,,,1.43,1.43,0,0,0,0
aten::to,,,1.84,10.38,0,0,0,0
aten::_to_copy,,,2.73,8.54,0,0,0,0
aten::empty_strided,,,2.59,2.59,0,0,0,0
aten::copy_,,,3.22,3.22,0,0,0,0
aten::reshape,,,1.21,2.48,0,0,0,0
aten::view,,,1.27,1.27,0,0,0,0
aten::resolve_conj,,,0.76,0.76,0,0,0,0
aten::resolve_neg,,,0.92,0.92,0,0,0,0
aten::to,,,2.52,158.82,0,0,0,0
aten::_to_copy,,,6.77,156.3,0,0,0,0
aten::empty_strided,,,11.85,19.48,0,0,0,0
empty_tensor,,,7.63,7.63,0,0,0,0
aten::copy_,,,105.99,130.05,0,0,0,0
acl_memcpy_host_to_device,,,24.06,24.06,0,0,0,0
aten::to,,,2.81,122.02,0,0,0,0
aten::_to_copy,,,16.05,119.21,0,0,0,0
aten::empty_strided,,,10.03,15.84,0,0,0,0
empty_tensor,,,5.81,5.81,0,0,0,0
aten::copy_,,,66.1,87.32,0,0,0,0
acl_memcpy_host_to_device,,,21.22,21.22,0,0,0,0
aten::to,,,2.37,102.11,0,0,0,0
aten::_to_copy,,,4.78,99.74,0,0,0,0
aten::empty_strided,,,7.88,16.65,0,0,0,0
empty_tensor,,,8.77,8.77,0,0,0,0
aten::copy_,,,62.69,78.31,0,0,0,0
acl_memcpy_host_to_device,,,15.62,15.62,0,0,0,0
aten::to,,,3.03,100.35,0,0,0,0
aten::_to_copy,,,4.64,97.32,0,0,0,0
aten::empty_strided,,,8.26,13.28,0,0,0,0
empty_tensor,,,5.02,5.02,0,0,0,0
aten::copy_,,,63.69,79.4,0,0,0,0
acl_memcpy_host_to_device,,,15.71,15.71,0,0,0,0
aten::to,,,2.78,87.12,0,0,0,0
aten::_to_copy,,,4.89,84.34,0,0,0,0
aten::empty_strided,,,8.62,14.48,0,0,0,0
empty_tensor,,,5.86,5.86,0,0,0,0
aten::copy_,,,53.12,64.97,0,0,0,0
acl_memcpy_host_to_device,,,11.85,11.85,0,0,0,0
aten::to,,,2.76,81.29,0,0,0,0
aten::_to_copy,,,4.73,78.53,0,0,0,0
aten::empty_strided,,,7.6,12.73,0,0,0,0
empty_tensor,,,5.13,5.13,0,0,0,0
aten::copy_,,,49.13,61.07,0,0,0,0
acl_memcpy_host_to_device,,,11.94,11.94,0,0,0,0
aten::slice,,,8.7,15.5,0,0,0,0
aten::as_strided,,,6.8,6.8,0,0,0,0
aten::slice,,,2.9,5.82,0,0,0,0
aten::as_strided,,,2.92,2.92,0,0,0,0
aten::sub,,,22.61,50.21,0,1.66003125,0,0
empty_tensor,,,9.02,9.02,0,0,0,0
aclnnSub,,,18.58,18.58,1.66003125,1.66003125,0,0
aten::sub,,,15.46,30.08,0,1.38003125,0,0
empty_tensor,,,7.22,7.22,0,0,0,0
aclnnSub,,,7.4,7.4,1.38003125,1.38003125,0,0
aten::gt,,,16.62,34.68,0,3.4800625,0,0
empty_tensor,,,5.69,5.69,0,0,0,0
aclnnGtScalar,,,12.37,12.37,3.4800625,3.4800625,0,0
aten::slice,,,6.94,13.81,0,0,0,0
aten::as_strided,,,6.87,6.87,0,0,0,0
aten::slice,,,6.5,8.93,0,0,0,0
aten::as_strided,,,2.43,2.43,0,0,0,0
aten::slice,,,2.26,5.91,0,0,0,0
aten::as_strided,,,3.65,3.65,0,0,0,0
aten::slice,,,2.87,6.28,0,0,0,0
aten::as_strided,,,3.41,3.41,0,0,0,0
aten::slice,,,2.53,5.3,0,0,0,0
aten::as_strided,,,2.77,2.77,0,0,0,0
aten::slice,,,2.6,5.33,0,0,0,0
aten::as_strided,,,2.73,2.73,0,0,0,0
aten::fill_,,,16.19,36.39,0,0,0,0
aclnnInplaceFillScalar,,,20.2,20.2,0,0,0,0
aten::slice,,,4.27,8.18,0,0,0,0
aten::as_strided,,,3.91,3.91,0,0,0,0
aten::fill_,,,12.32,27.76,0,0,0,0
aclnnInplaceFillScalar,,,15.44,15.44,0,0,0,0
aten::diff,,,6.49,33.28,0,0,0,0
aten::narrow,,,5.59,10.51,0,0,0,0
aten::slice,,,2.68,4.92,0,0,0,0
aten::as_strided,,,2.24,2.24,0,0,0,0
aten::narrow,,,2.25,4.33,0,0,0,0
aten::slice,,,1.05,2.08,0,0,0,0
aten::as_strided,,,1.03,1.03,0,0,0,0
aten::sub,,,11.95,11.95,0,0,0,0
aten::eq,,,11.74,26.08,0,0,0,0
aten::to,,,1.73,14.34,0,0,0,0
aten::_to_copy,,,4.14,12.61,0,0,0,0
aten::empty_strided,,,2.83,2.83,0,0,0,0
aten::copy_,,,5.64,5.64,0,0,0,0
aten::__and__,,,2.12,6.51,0,0,0,0
aten::bitwise_and,,,4.39,4.39,0,0,0,0
aten::gt,,,7.24,15.62,0,0,0,0
aten::to,,,1.09,8.38,0,0,0,0
aten::_to_copy,,,2.74,7.29,0,0,0,0
aten::empty_strided,,,1.91,1.91,0,0,0,0
aten::copy_,,,2.64,2.64,0,0,0,0
aten::__and__,,,1.41,4.47,0,0,0,0
aten::bitwise_and,,,3.06,3.06,0,0,0,0
aten::any,,,5.37,12.37,0,0,0,0
aten::view_as,,,1.95,3.72,0,0,0,0
aten::view,,,1.77,1.77,0,0,0,0
aten::to,,,0.46,0.46,0,0,0,0
aten::copy_,,,2.82,2.82,0,0,0,0
aten::item,,,1.8,2.96,0,0,0,0
aten::_local_scalar_dense,,,1.16,1.16,0,0,0,0
aten::slice,,,4.41,5.91,0,0,0,0
aten::as_strided,,,1.5,1.5,0,0,0,0
aten::slice,,,2.83,4.05,0,0,0,0
aten::as_strided,,,1.22,1.22,0,0,0,0
aten::sub,,,5.11,5.11,0,0,0,0
aten::select,,,2.9,4.02,0,0,0,0
aten::as_strided,,,1.12,1.12,0,0,0,0
aten::item,,,1.35,2.38,0,0,0,0
aten::_local_scalar_dense,,,1.03,1.03,0,0,0,0
aten::select,,,3.53,8.7,0,0,0,0
aten::as_strided,,,5.17,5.17,0,0,0,0
aten::slice,,,4.68,6.4,0,0,0,0
aten::as_strided,,,1.72,1.72,0,0,0,0
aten::slice,,,2.45,3.33,0,0,0,0
aten::as_strided,,,0.88,0.88,0,0,0,0
aten::sub,,,5.4,5.4,0,0,0,0
aten::add,,,6.49,17.08,0,0,0,0
aten::to,,,1.32,10.59,0,0,0,0
aten::_to_copy,,,3.41,9.27,0,0,0,0
aten::empty_strided,,,2.49,2.49,0,0,0,0
aten::copy_,,,3.37,3.37,0,0,0,0
aten::sub,,,4.78,11.64,0,0,0,0
aten::to,,,0.96,6.86,0,0,0,0
aten::_to_copy,,,2.19,5.9,0,0,0,0
aten::empty_strided,,,1.53,1.53,0,0,0,0
aten::copy_,,,2.18,2.18,0,0,0,0
aten::floor_divide,,,6.29,14.9,0,0,0,0
aten::to,,,1.08,7.2,0,0,0,0
aten::_to_copy,,,2.23,6.12,0,0,0,0
aten::empty_strided,,,1.51,1.51,0,0,0,0
aten::copy_,,,2.38,2.38,0,0,0,0
aten::empty,,,1.41,1.41,0,0,0,0
aten::resolve_conj,,,1.08,1.08,0,0,0,0
aten::resolve_neg,,,0.76,0.76,0,0,0,0
aten::arange,,,3.77,14.05,0,0,0,0
aten::empty,,,1.49,1.49,0,0,0,0
aten::arange,,,6.7,8.79,0,0,0,0
aten::resize_,,,2.09,2.09,0,0,0,0
aten::cat,,,5.35,5.35,0,0,0,0
aten::eq,,,6.45,6.45,0,0,0,0
aten::cumsum,,,6.39,14.98,0,0,0,0
aten::to,,,1.18,8.59,0,0,0,0
aten::_to_copy,,,2.42,7.41,0,0,0,0
aten::empty_strided,,,1.8,1.8,0,0,0,0
aten::copy_,,,3.19,3.19,0,0,0,0
aten::sub,,,3.9,3.9,0,0,0,0
aten::stack,,,3.54,23.17,0,0,0,0
aten::unsqueeze,,,2.22,4.02,0,0,0,0
aten::as_strided,,,1.8,1.8,0,0,0,0
aten::unsqueeze,,,0.9,1.75,0,0,0,0
aten::as_strided,,,0.85,0.85,0,0,0,0
aten::cat,,,7.93,13.86,0,0,0,0
aten::narrow,,,2.54,5.93,0,0,0,0
aten::slice,,,1.65,3.39,0,0,0,0
aten::as_strided,,,1.74,1.74,0,0,0,0
aten::to,,,1.22,9.25,0,0,0,0
aten::_to_copy,,,2.64,8.03,0,0,0,0
aten::empty_strided,,,2.12,2.12,0,0,0,0
aten::copy_,,,3.27,3.27,0,0,0,0
aten::empty,,,2.19,2.19,0,0,0,0
aten::to,,,0.66,0.66,0,0,0,0
aten::lift_fresh,,,0.78,0.78,0,0,0,0
aten::detach_,,,0.62,0.62,0,0,0,0
aten::slice,,,4.2,5.73,0,0,0,0
aten::as_strided,,,1.53,1.53,0,0,0,0
aten::slice,,,2.18,3.12,0,0,0,0
aten::as_strided,,,0.94,0.94,0,0,0,0
aten::sub,,,5.2,5.2,0,0,0,0
aten::add,,,5.57,13.54,0,0,0,0
aten::to,,,1.06,7.97,0,0,0,0
aten::_to_copy,,,2.53,6.91,0,0,0,0
aten::empty_strided,,,1.64,1.64,0,0,0,0
aten::copy_,,,2.74,2.74,0,0,0,0
aten::sub,,,4.6,11.62,0,0,0,0
aten::to,,,0.76,7.02,0,0,0,0
aten::_to_copy,,,2.13,6.26,0,0,0,0
aten::empty_strided,,,1.71,1.71,0,0,0,0
aten::copy_,,,2.42,2.42,0,0,0,0
aten::floor_divide,,,5.74,14.37,0,0,0,0
aten::to,,,0.94,7.16,0,0,0,0
aten::_to_copy,,,2.51,6.22,0,0,0,0
aten::empty_strided,,,1.55,1.55,0,0,0,0
aten::copy_,,,2.16,2.16,0,0,0,0
aten::empty,,,1.47,1.47,0,0,0,0
aten::cat,,,4.31,4.31,0,0,0,0
aten::cumsum,,,5.35,13.56,0,0,0,0
aten::to,,,1.2,8.21,0,0,0,0
aten::_to_copy,,,2.33,7.01,0,0,0,0
aten::empty_strided,,,1.59,1.59,0,0,0,0
aten::copy_,,,3.09,3.09,0,0,0,0
aten::empty,,,1.96,1.96,0,0,0,0
aten::to,,,0.69,0.69,0,0,0,0
aten::lift_fresh,,,0.58,0.58,0,0,0,0
aten::detach_,,,0.33,0.33,0,0,0,0
aten::slice,,,3.62,4.86,0,0,0,0
aten::as_strided,,,1.24,1.24,0,0,0,0
aten::slice,,,2.09,3.04,0,0,0,0
aten::as_strided,,,0.95,0.95,0,0,0,0
aten::sub,,,4.56,4.56,0,0,0,0
aten::add,,,4.94,12.7,0,0,0,0
aten::to,,,0.95,7.76,0,0,0,0
aten::_to_copy,,,2.35,6.81,0,0,0,0
aten::empty_strided,,,1.68,1.68,0,0,0,0
aten::copy_,,,2.78,2.78,0,0,0,0
aten::sub,,,4.19,10.84,0,0,0,0
aten::to,,,0.83,6.65,0,0,0,0
aten::_to_copy,,,2.12,5.82,0,0,0,0
aten::empty_strided,,,1.37,1.37,0,0,0,0
aten::copy_,,,2.33,2.33,0,0,0,0
aten::floor_divide,,,5.34,13.48,0,0,0,0
aten::to,,,0.74,6.83,0,0,0,0
aten::_to_copy,,,2.46,6.09,0,0,0,0
aten::empty_strided,,,1.47,1.47,0,0,0,0
aten::copy_,,,2.16,2.16,0,0,0,0
aten::empty,,,1.31,1.31,0,0,0,0
aten::add,,,4.29,10.67,0,0,0,0
aten::to,,,0.86,6.38,0,0,0,0
aten::_to_copy,,,2.26,5.52,0,0,0,0
aten::empty_strided,,,1.24,1.24,0,0,0,0
aten::copy_,,,2.02,2.02,0,0,0,0
aten::cat,,,3.75,3.75,0,0,0,0
aten::cumsum,,,5.05,12.45,0,0,0,0
aten::to,,,0.96,7.4,0,0,0,0
aten::_to_copy,,,2.06,6.44,0,0,0,0
aten::empty_strided,,,1.54,1.54,0,0,0,0
aten::copy_,,,2.84,2.84,0,0,0,0
aten::slice,,,3.85,5.24,0,0,0,0
aten::as_strided,,,1.39,1.39,0,0,0,0
aten::slice,,,2.18,2.96,0,0,0,0
aten::as_strided,,,0.78,0.78,0,0,0,0
aten::sub,,,3.87,3.87,0,0,0,0
aten::add,,,4.7,11.91,0,0,0,0
aten::to,,,0.78,7.21,0,0,0,0
aten::_to_copy,,,2.25,6.43,0,0,0,0
aten::empty_strided,,,1.51,1.51,0,0,0,0
aten::copy_,,,2.67,2.67,0,0,0,0
aten::sub,,,4.19,10.85,0,0,0,0
aten::to,,,1.03,6.66,0,0,0,0
aten::_to_copy,,,2.1,5.63,0,0,0,0
aten::empty_strided,,,1.34,1.34,0,0,0,0
aten::copy_,,,2.19,2.19,0,0,0,0
aten::floor_divide,,,4.94,13.26,0,0,0,0
aten::to,,,1.06,7.15,0,0,0,0
aten::_to_copy,,,2.42,6.09,0,0,0,0
aten::empty_strided,,,1.47,1.47,0,0,0,0
aten::copy_,,,2.2,2.2,0,0,0,0
aten::empty,,,1.17,1.17,0,0,0,0
aten::add,,,4.01,10.24,0,0,0,0
aten::to,,,0.97,6.23,0,0,0,0
aten::_to_copy,,,2.14,5.26,0,0,0,0
aten::empty_strided,,,1.17,1.17,0,0,0,0
aten::copy_,,,1.95,1.95,0,0,0,0
aten::cumsum,,,4.65,11.81,0,0,0,0
aten::to,,,0.89,7.16,0,0,0,0
aten::_to_copy,,,2.42,6.27,0,0,0,0
aten::empty_strided,,,1.36,1.36,0,0,0,0
aten::copy_,,,2.49,2.49,0,0,0,0
aten::sub,,,3.25,3.25,0,0,0,0
aten::slice,,,5.28,6.79,0,0,0,0
aten::as_strided,,,1.51,1.51,0,0,0,0
aten::slice,,,2.47,3.39,0,0,0,0
aten::as_strided,,,0.92,0.92,0,0,0,0
aten::sub,,,5.26,5.26,0,0,0,0
aten::add,,,5.12,13.93,0,0,0,0
aten::to,,,1.02,8.81,0,0,0,0
aten::_to_copy,,,2.89,7.79,0,0,0,0
aten::empty_strided,,,2.06,2.06,0,0,0,0
aten::copy_,,,2.84,2.84,0,0,0,0
aten::sub,,,4.11,10.54,0,0,0,0
aten::to,,,0.93,6.43,0,0,0,0
aten::_to_copy,,,1.89,5.5,0,0,0,0
aten::empty_strided,,,1.41,1.41,0,0,0,0
aten::copy_,,,2.2,2.2,0,0,0,0
aten::floor_divide,,,5.83,13.75,0,0,0,0
aten::to,,,0.87,6.66,0,0,0,0
aten::_to_copy,,,2.14,5.79,0,0,0,0
aten::empty_strided,,,1.49,1.49,0,0,0,0
aten::copy_,,,2.16,2.16,0,0,0,0
aten::empty,,,1.26,1.26,0,0,0,0
aten::resolve_conj,,,1.08,1.08,0,0,0,0
aten::resolve_neg,,,0.47,0.47,0,0,0,0
aten::arange,,,3.3,12.02,0,0,0,0
aten::empty,,,1.33,1.33,0,0,0,0
aten::arange,,,5.69,7.39,0,0,0,0
aten::resize_,,,1.7,1.7,0,0,0,0
aten::cat,,,4.67,4.67,0,0,0,0
aten::eq,,,6.49,6.49,0,0,0,0
aten::cumsum,,,5.55,14.41,0,0,0,0
aten::to,,,1.24,8.86,0,0,0,0
aten::_to_copy,,,2.58,7.62,0,0,0,0
aten::empty_strided,,,1.89,1.89,0,0,0,0
aten::copy_,,,3.15,3.15,0,0,0,0
aten::sub,,,3.58,3.58,0,0,0,0
aten::stack,,,3.49,22.24,0,0,0,0
aten::unsqueeze,,,2.06,3.91,0,0,0,0
aten::as_strided,,,1.85,1.85,0,0,0,0
aten::unsqueeze,,,1.13,2.13,0,0,0,0
aten::as_strided,,,1.0,1.0,0,0,0,0
aten::cat,,,7.41,12.71,0,0,0,0
aten::narrow,,,2.56,5.3,0,0,0,0
aten::slice,,,1.63,2.74,0,0,0,0
aten::as_strided,,,1.11,1.11,0,0,0,0
aten::to,,,1.33,8.91,0,0,0,0
aten::_to_copy,,,2.57,7.58,0,0,0,0
aten::empty_strided,,,1.89,1.89,0,0,0,0
aten::copy_,,,3.12,3.12,0,0,0,0
aten::slice,,,4.08,5.42,0,0,0,0
aten::as_strided,,,1.34,1.34,0,0,0,0
aten::slice,,,2.21,3.03,0,0,0,0
aten::as_strided,,,0.82,0.82,0,0,0,0
aten::sub,,,4.19,4.19,0,0,0,0
aten::add,,,5.0,13.11,0,0,0,0
aten::to,,,1.12,8.11,0,0,0,0
aten::_to_copy,,,2.63,6.99,0,0,0,0
aten::empty_strided,,,1.76,1.76,0,0,0,0
aten::copy_,,,2.6,2.6,0,0,0,0
aten::sub,,,4.35,10.73,0,0,0,0
aten::to,,,0.81,6.38,0,0,0,0
aten::_to_copy,,,2.03,5.57,0,0,0,0
aten::empty_strided,,,1.49,1.49,0,0,0,0
aten::copy_,,,2.05,2.05,0,0,0,0
aten::floor_divide,,,5.22,13.84,0,0,0,0
aten::to,,,0.89,7.21,0,0,0,0
aten::_to_copy,,,2.15,6.32,0,0,0,0
aten::empty_strided,,,2.12,2.12,0,0,0,0
aten::copy_,,,2.05,2.05,0,0,0,0
aten::empty,,,1.41,1.41,0,0,0,0
aten::resolve_conj,,,0.82,0.82,0,0,0,0
aten::resolve_neg,,,0.41,0.41,0,0,0,0
aten::arange,,,3.01,10.83,0,0,0,0
aten::empty,,,1.3,1.3,0,0,0,0
aten::arange,,,4.89,6.52,0,0,0,0
aten::resize_,,,1.63,1.63,0,0,0,0
aten::cat,,,4.06,4.06,0,0,0,0
aten::eq,,,6.18,6.18,0,0,0,0
aten::cumsum,,,5.32,13.89,0,0,0,0
aten::to,,,1.16,8.57,0,0,0,0
aten::_to_copy,,,2.59,7.41,0,0,0,0
aten::empty_strided,,,1.83,1.83,0,0,0,0
aten::copy_,,,2.99,2.99,0,0,0,0
aten::sub,,,3.65,3.65,0,0,0,0
aten::stack,,,3.4,30.54,0,0,0,0
aten::unsqueeze,,,1.81,3.89,0,0,0,0
aten::as_strided,,,2.08,2.08,0,0,0,0
aten::unsqueeze,,,1.37,2.24,0,0,0,0
aten::as_strided,,,0.87,0.87,0,0,0,0
aten::cat,,,11.26,21.01,0,0,0,0
aten::narrow,,,2.68,9.75,0,0,0,0
aten::slice,,,1.87,7.07,0,0,0,0
aten::as_strided,,,5.2,5.2,0,0,0,0
aten::to,,,1.39,9.48,0,0,0,0
aten::_to_copy,,,2.81,8.09,0,0,0,0
aten::empty_strided,,,2.12,2.12,0,0,0,0
aten::copy_,,,3.16,3.16,0,0,0,0
aten::to,,,1.43,27.95,0,0,0,0
aten::_to_copy,,,5.61,26.52,0,0,0,0
aten::empty_strided,,,1.73,1.73,0,0,0,0
aten::copy_,,,19.18,19.18,0,0,0,0
aten::reshape,,,1.54,3.36,0,0,0,0
aten::view,,,1.82,1.82,0,0,0,0
aten::resolve_conj,,,0.75,0.75,0,0,0,0
aten::resolve_neg,,,0.35,0.35,0,0,0,0
aten::empty,,,2.51,2.51,0,0,0,0
aten::to,,,9.64,9.64,0,0,0,0
aten::lift_fresh,,,0.55,0.55,0,0,0,0
aten::detach_,,,0.46,0.46,0,0,0,0
aten::slice,,,2.3,8.93,0,0,0,0
aten::as_strided,,,6.63,6.63,0,0,0,0
aten::slice,,,1.57,2.89,0,0,0,0
aten::as_strided,,,1.32,1.32,0,0,0,0
aten::sub,,,6.45,6.45,0,0,0,0
aten::gt,,,9.6,9.6,0,0,0,0
aten::all,,,6.21,14.15,0,0,0,0
aten::view_as,,,1.56,3.32,0,0,0,0
aten::view,,,1.76,1.76,0,0,0,0
aten::to,,,1.24,1.24,0,0,0,0
aten::copy_,,,3.38,3.38,0,0,0,0
aten::is_nonzero,,,1.62,4.67,0,0,0,0
aten::item,,,2.15,3.05,0,0,0,0
aten::_local_scalar_dense,,,0.9,0.9,0,0,0,0
aten::to,,,3.08,14.97,0,0,0,0
aten::_to_copy,,,3.84,11.89,0,0,0,0
aten::empty_strided,,,3.36,3.36,0,0,0,0
aten::copy_,,,4.69,4.69,0,0,0,0
aten::reshape,,,1.96,3.63,0,0,0,0
aten::view,,,1.67,1.67,0,0,0,0
aten::resolve_conj,,,1.91,1.91,0,0,0,0
aten::resolve_neg,,,0.77,0.77,0,0,0,0
aten::to,,,3.19,194.34,0,0,0,0
aten::_to_copy,,,6.87,191.15,0,0,0,0
aten::empty_strided,,,11.3,19.51,0,0,0,0
empty_tensor,,,8.21,8.21,0,0,0,0
aten::copy_,,,144.71,164.77,0,0,0,0
acl_memcpy_host_to_device,,,20.06,20.06,0,0,0,0
aten::to,,,2.82,121.6,0,0,0,0
aten::_to_copy,,,9.8,118.78,0,0,0,0
aten::empty_strided,,,11.48,17.17,0,0,0,0
empty_tensor,,,5.69,5.69,0,0,0,0
aten::copy_,,,72.88,91.81,0,0,0,0
acl_memcpy_host_to_device,,,18.93,18.93,0,0,0,0
aten::to,,,2.4,120.75,0,0,0,0
aten::_to_copy,,,5.5,118.35,0,0,0,0
aten::empty_strided,,,7.9,13.54,0,0,0,0
empty_tensor,,,5.64,5.64,0,0,0,0
aten::copy_,,,67.65,99.31,0,0,0,0
acl_memcpy_host_to_device,,,31.66,31.66,0,0,0,0
aten::to,,,2.38,102.07,0,0,0,0
aten::_to_copy,,,5.67,99.69,0,0,0,0
aten::empty_strided,,,7.93,12.93,0,0,0,0
empty_tensor,,,5.0,5.0,0,0,0,0
aten::copy_,,,63.22,81.09,0,0,0,0
acl_memcpy_host_to_device,,,17.87,17.87,0,0,0,0
aten::to,,,2.62,97.34,0,0,0,0
aten::_to_copy,,,5.19,94.72,0,0,0,0
aten::empty_strided,,,8.69,13.89,0,0,0,0
empty_tensor,,,5.2,5.2,0,0,0,0
aten::copy_,,,60.48,75.64,0,0,0,0
acl_memcpy_host_to_device,,,15.16,15.16,0,0,0,0
aten::to,,,3.15,89.94,0,0,0,0
aten::_to_copy,,,4.67,86.79,0,0,0,0
aten::empty_strided,,,7.92,12.7,0,0,0,0
empty_tensor,,,4.78,4.78,0,0,0,0
aten::copy_,,,56.03,69.42,0,0,0,0
acl_memcpy_host_to_device,,,13.39,13.39,0,0,0,0
aten::slice,,,8.37,15.24,0,0,0,0
aten::as_strided,,,6.87,6.87,0,0,0,0
aten::slice,,,2.97,6.25,0,0,0,0
aten::as_strided,,,3.28,3.28,0,0,0,0
aten::sub,,,23.05,51.89,0,1.26003125,0,0
empty_tensor,,,8.9,8.9,0,0,0,0
aclnnSub,,,19.94,19.94,1.26003125,1.26003125,0,0
aten::sub,,,16.37,26.93,0,1.42,0,0
empty_tensor,,,7.39,7.39,0,0,0,0
aclnnSub,,,3.17,3.17,1.42,1.42,0,0
aten::gt,,,16.88,35.22,0,3.7200937499999998,0,0
empty_tensor,,,6.11,6.11,0,0,0,0
aclnnGtScalar,,,12.23,12.23,3.7200937499999998,3.7200937499999998,0,0
aten::slice,,,7.94,13.82,0,0,0,0
aten::as_strided,,,5.88,5.88,0,0,0,0
Event::record,,,222.48,243.86,0,0.02,0,0
record_event,,,21.38,21.38,0.02,0.02,0,0
aten::slice,,,8.1,15.08,0,0,0,0
aten::as_strided,,,6.98,6.98,0,0,0,0
aten::slice,,,3.67,7.15,0,0,0,0
aten::as_strided,,,3.48,3.48,0,0,0,0
aten::slice,,,6.95,13.46,0,0,0,0
aten::as_strided,,,6.51,6.51,0,0,0,0
aten::scalar_tensor,,,11.11,64.51,0,1.56003125,0,0
aten::empty,,,3.3,13.83,0,0,0,0
empty_tensor,,,10.53,10.53,0,0,0,0
aten::fill_,,,17.34,39.57,0,1.56003125,0,0
aclnnInplaceFillScalar,,,22.23,22.23,1.56003125,1.56003125,0,0
aten::view,,,5.0,5.0,0,0,0,0
aten::expand,,,3.49,6.29,0,0,0,0
aten::as_strided,,,2.8,2.8,0,0,0,0
aten::copy_,,,23.65,36.39,0,4.4400625,0,0
aclnnInplaceCopy,,,12.74,12.74,4.4400625,4.4400625,0,0
aten::scalar_tensor,,,4.8,27.16,0,1.3200625,0,0
aten::empty,,,2.21,8.98,0,0,0,0
empty_tensor,,,6.77,6.77,0,0,0,0
aten::fill_,,,10.33,13.38,0,1.3200625,0,0
aclnnInplaceFillScalar,,,3.05,3.05,1.3200625,1.3200625,0,0
aten::slice,,,6.37,11.13,0,0,0,0
aten::as_strided,,,4.76,4.76,0,0,0,0
aten::view,,,2.66,2.66,0,0,0,0
aten::expand,,,1.83,3.54,0,0,0,0
aten::as_strided,,,1.71,1.71,0,0,0,0
aten::copy_,,,2.11,2.11,0,0,0,0
aten::to,,,3.05,63.34,0,1.24003125,0,0
aten::_to_copy,,,6.6,60.29,0,1.24003125,0,0
aten::empty_strided,,,9.67,16.65,0,0,0,0
empty_tensor,,,6.98,6.98,0,0,0,0
aten::copy_,,,20.17,37.04,0,1.24003125,0,0
aclnnInplaceCopy,,,16.87,16.87,1.24003125,1.24003125,0,0
aten::embedding,,,15.48,39.42,0,7.880125,0,0
empty_tensor,,,11.02,11.02,0,0,0,0
aclnnEmbedding,,,12.92,12.92,7.880125,7.880125,0,0
aten::unsqueeze,,,4.69,10.53,0,0,0,0
aten::as_strided,,,5.84,5.84,0,0,0,0
aten::expand,,,2.98,7.33,0,0,0,0
aten::as_strided,,,4.35,4.35,0,0,0,0
aten::contiguous,,,7.82,54.61,0,9.8001875,0,0
aten::clone,,,5.22,46.79,0,9.8001875,0,0
empty_tensor,,,10.31,10.31,0,0,0,0
aten::copy_,,,16.33,31.26,0,9.8001875,0,0
aclnnInplaceCopy,,,14.93,14.93,9.8001875,9.8001875,0,0
_C_ascend::npu_hc_pre_v2,,,80.27,142.0,0,62.64125,0,0
aten::empty,,,3.23,13.65,0,0,0,0
empty_tensor,,,10.42,10.42,0,0,0,0
aten::empty,,,1.59,6.29,0,0,0,0
empty_tensor,,,4.7,4.7,0,0,0,0
aten::empty,,,1.74,5.78,0,0,0,0
empty_tensor,,,4.04,4.04,0,0,0,0
aten::empty,,,1.4,5.4,0,0,0,0
empty_tensor,,,4.0,4.0,0,0,0,0
aten::empty,,,3.24,13.82,0,0,0,0
empty_tensor,,,10.58,10.58,0,0,0,0
aclnnHcPre,,,16.79,16.79,62.64125,62.64125,0,0
npu::npu_rms_norm,,,79.14,109.3,0,11.50021875,0,0
empty_tensor,,,9.35,9.35,0,0,0,0
empty_tensor,,,4.33,4.33,0,0,0,0
aclnnRmsNorm,,,16.48,16.48,11.50021875,11.50021875,0,0
aten::unsqueeze,,,4.04,9.2,0,0,0,0
aten::as_strided,,,5.16,5.16,0,0,0,0
aten::linear,,,9.48,81.13,0,214.62428125,0,214.62428125
aten::t,,,8.37,18.31,0,0,0,0
aten::transpose,,,3.64,9.94,0,0,0,0
aten::as_strided,,,6.3,6.3,0,0,0,0
aten::matmul,,,24.48,53.34,0,214.62428125,0,214.62428125
empty_tensor,,,11.4,11.4,0,0,0,0
aclnnMatmul,,,17.46,17.46,214.62428125,214.62428125,214.62428125,214.62428125
aten::split_with_sizes,,,10.26,21.15,0,0,0,0
aten::as_strided,,,5.86,5.86,0,0,0,0
aten::as_strided,,,1.97,1.97,0,0,0,0
aten::as_strided,,,1.55,1.55,0,0,0,0
aten::as_strided,,,1.51,1.51,0,0,0,0
aten::unsqueeze,,,2.44,6.8,0,0,0,0
aten::as_strided,,,4.36,4.36,0,0,0,0
vllm::unquantized_gemm,,,26.31,100.99,0,15.8803125,0,12.62025
aten::linear,,,3.88,74.68,0,15.8803125,0,12.62025
aten::t,,,4.34,12.44,0,0,0,0
aten::transpose,,,2.83,8.1,0,0,0,0
aten::as_strided,,,5.27,5.27,0,0,0,0
aten::matmul,,,26.16,58.36,0,15.8803125,0,12.62025
empty_tensor,,,14.5,14.5,0,0,0,0
aclnnMatmul,,,17.7,17.7,15.8803125,15.8803125,12.62025,12.62025
aten::reshape,,,2.71,9.44,0,0,0,0
aten::view,,,6.73,6.73,0,0,0,0
vllm::unquantized_gemm,,,18.95,85.28,0,12.12025,0,9.4601875
aten::linear,,,3.7,66.33,0,12.12025,0,9.4601875
aten::t,,,3.79,11.22,0,0,0,0
aten::transpose,,,2.51,7.43,0,0,0,0
aten::as_strided,,,4.92,4.92,0,0,0,0
aten::matmul,,,24.24,51.41,0,12.12025,0,9.4601875
empty_tensor,,,10.83,10.83,0,0,0,0
aclnnMatmul,,,16.34,16.34,12.12025,12.12025,9.4601875,9.4601875
aten::reshape,,,2.01,7.24,0,0,0,0
aten::view,,,5.23,5.23,0,0,0,0
aten::empty,,,3.32,14.56,0,0,0,0
empty_tensor,,,11.24,11.24,0,0,0,0
aten::slice,,,3.74,8.33,0,0,0,0
aten::as_strided,,,4.59,4.59,0,0,0,0
aten::alias,,,3.62,3.62,0,0,0,0
aten::alias,,,1.25,1.25,0,0,0,0
aten::zeros_like,,,9.7,63.48,0,8.88015625,0,0
aten::empty_like,,,6.86,21.93,0,0,0,0
aten::empty_strided,,,10.22,15.07,0,0,0,0
empty_tensor,,,4.85,4.85,0,0,0,0
aten::zero_,,,15.58,31.85,0,8.88015625,0,0
aclnnInplaceZero,,,16.27,16.27,8.88015625,8.88015625,0,0
aten::empty,,,2.97,11.74,0,0,0,0
empty_tensor,,,8.77,8.77,0,0,0,0
aten::empty,,,1.95,7.84,0,0,0,0
empty_tensor,,,5.89,5.89,0,0,0,0
_copy_conv_state_kernel,,,39.25,39.25,11.10021875,11.10021875,0,0
fla_npu_stable::npu_causal_conv1d_fn,,,193.44,255.21,0,60.14121874999999,0,0
aten::empty_strided,,,14.28,22.29,0,0,0,0
empty_tensor,,,8.01,8.01,0,0,0,0
aten::empty_strided,,,13.4,21.34,0,0,0,0
empty_tensor,,,7.94,7.94,0,0,0,0
aclnnCausalConv1d,,,18.14,18.14,60.14121874999999,60.14121874999999,0,0
_copy_conv_state_kernel,,,32.42,32.42,7.440125,7.440125,0,0
aten::split,,,5.81,30.95,0,0,0,0
aten::narrow,,,5.0,16.78,0,0,0,0
aten::slice,,,4.16,11.78,0,0,0,0
aten::as_strided,,,7.62,7.62,0,0,0,0
aten::narrow,,,1.26,4.42,0,0,0,0
aten::slice,,,1.16,3.16,0,0,0,0
aten::as_strided,,,2.0,2.0,0,0,0,0
aten::narrow,,,1.1,3.94,0,0,0,0
aten::slice,,,0.97,2.84,0,0,0,0
aten::as_strided,,,1.87,1.87,0,0,0,0
aten::zero_,,,17.13,36.59,0,7.9601875,0,0
aclnnInplaceZero,,,19.46,19.46,7.9601875,7.9601875,0,0
aten::reshape,,,9.65,25.32,0,0,0,0
aten::_reshape_alias,,,8.8,15.67,0,0,0,0
aten::view,,,6.87,6.87,0,0,0,0
aten::reshape,,,2.52,8.75,0,0,0,0
aten::_reshape_alias,,,2.22,6.23,0,0,0,0
aten::view,,,4.01,4.01,0,0,0,0
aten::reshape,,,2.03,7.3,0,0,0,0
aten::_reshape_alias,,,2.01,5.27,0,0,0,0
aten::view,,,3.26,3.26,0,0,0,0
aten::alias,,,2.94,2.94,0,0,0,0
aten::alias,,,1.09,1.09,0,0,0,0
aten::alias,,,1.0,1.0,0,0,0,0
aten::alias,,,1.03,1.03,0,0,0,0
aten::alias,,,1.17,1.17,0,0,0,0
aten::to,,,2.18,63.32,0,1.42003125,0,0
aten::_to_copy,,,6.33,61.14,0,1.42003125,0,0
aten::empty_strided,,,10.2,16.84,0,0,0,0
empty_tensor,,,6.64,6.64,0,0,0,0
aten::copy_,,,21.27,37.97,0,1.42003125,0,0
aclnnInplaceCopy,,,16.7,16.7,1.42003125,1.42003125,0,0
aten::to,,,2.11,49.05,0,1.54003125,0,0
aten::_to_copy,,,4.84,46.94,0,1.54003125,0,0
aten::empty_strided,,,7.16,11.88,0,0,0,0
empty_tensor,,,4.72,4.72,0,0,0,0
aten::copy_,,,14.8,30.22,0,1.54003125,0,0
aclnnInplaceCopy,,,15.42,15.42,1.54003125,1.54003125,0,0
aten::mul,,,17.63,36.05,0,2.0200625,0,0
empty_tensor,,,6.78,6.78,0,0,0,0
aclnnMul,,,11.64,11.64,2.0200625,2.0200625,0,0
aten::index_select,,,22.31,45.76,0,813.15625,0,0
empty_tensor,,,9.91,9.91,0,0,0,0
aclnnIndexSelect,,,13.54,13.54,813.15625,813.15625,0,0
aten::view,,,6.11,6.11,0,0,0,0
aten::to,,,2.12,49.41,0,1.34003125,0,0
aten::_to_copy,,,4.99,47.29,0,1.34003125,0,0
aten::empty_strided,,,7.32,12.04,0,0,0,0
empty_tensor,,,4.72,4.72,0,0,0,0
aten::copy_,,,15.26,30.26,0,1.34003125,0,0
aclnnInplaceCopy,,,15.0,15.0,1.34003125,1.34003125,0,0
aten::mul,,,15.84,36.04,0,8.42015625,0,0
empty_tensor,,,8.75,8.75,0,0,0,0
aclnnMul,,,11.45,11.45,8.42015625,8.42015625,0,0
aten::to,,,1.64,1.64,0,0,0,0
aten::to,,,1.53,48.36,0,5.820125,0,0
aten::_to_copy,,,5.01,46.83,0,5.820125,0,0
aten::empty_strided,,,6.5,10.44,0,0,0,0
empty_tensor,,,3.94,3.94,0,0,0,0
aten::copy_,,,19.23,31.38,0,5.820125,0,0
aclnnInplaceCopy,,,12.15,12.15,5.820125,5.820125,0,0
aten::sigmoid,,,13.36,33.44,0,2.62003125,0,0
empty_tensor,,,6.33,6.33,0,0,0,0
aclnnSigmoid,,,13.75,13.75,2.62003125,2.62003125,0,0
aten::contiguous,,,3.16,43.49,0,6.64015625,0,0
aten::clone,,,4.26,40.33,0,6.64015625,0,0
empty_tensor,,,8.63,8.63,0,0,0,0
aten::copy_,,,13.32,27.44,0,6.64015625,0,0
aclnnInplaceCopy,,,14.12,14.12,6.64015625,6.64015625,0,0
aten::view,,,5.01,5.01,0,0,0,0
aten::empty_like,,,4.89,17.93,0,0,0,0
aten::empty_strided,,,9.09,13.04,0,0,0,0
empty_tensor,,,3.95,3.95,0,0,0,0
l2norm_fwd_kernel2,,,24.15,24.15,11.68021875,11.68021875,0,0
aten::view,,,9.68,9.68,0,0,0,0
aten::contiguous,,,3.09,56.72,0,6.920125,0,0
aten::clone,,,5.42,53.63,0,6.920125,0,0
empty_tensor,,,10.35,10.35,0,0,0,0
aten::copy_,,,20.21,37.86,0,6.920125,0,0
aclnnInplaceCopy,,,17.65,17.65,6.920125,6.920125,0,0
aten::view,,,4.47,4.47,0,0,0,0
aten::empty_like,,,4.7,19.12,0,0,0,0
aten::empty_strided,,,10.23,14.42,0,0,0,0
empty_tensor,,,4.19,4.19,0,0,0,0
l2norm_fwd_kernel2,,,26.02,26.02,6.660125,6.660125,0,0
aten::view,,,9.73,9.73,0,0,0,0
aten::contiguous,,,3.43,54.42,0,6.200125,0,0
aten::clone,,,5.24,50.99,0,6.200125,0,0
empty_tensor,,,10.2,10.2,0,0,0,0
aten::copy_,,,19.49,35.55,0,6.200125,0,0
aclnnInplaceCopy,,,16.06,16.06,6.200125,6.200125,0,0
aten::reshape,,,1.92,11.87,0,0,0,0
aten::view,,,9.95,9.95,0,0,0,0
_C_ascend::chunk_kda_fwd,,,84.52,160.35,0,465.66934375,0,0
aten::empty,,,3.51,15.42,0,0,0,0
empty_tensor,,,11.91,11.91,0,0,0,0
aten::empty,,,1.72,8.1,0,0,0,0
empty_tensor,,,6.38,6.38,0,0,0,0
aten::empty,,,1.39,5.81,0,0,0,0
empty_tensor,,,4.42,4.42,0,0,0,0
aten::empty_like,,,4.76,14.31,0,0,0,0
aten::empty_strided,,,6.9,9.55,0,0,0,0
empty_tensor,,,2.65,2.65,0,0,0,0
aten::empty,,,2.77,14.04,0,0,0,0
empty_tensor,,,11.27,11.27,0,0,0,0
aclnnChunkKdaFwd,,,18.15,18.15,465.66934375,465.66934375,0,0
aten::to,,,2.49,2.49,0,0,0,0
aten::to,,,2.03,55.74,0,1.36003125,0,0
aten::_to_copy,,,5.92,53.71,0,1.36003125,0,0
aten::empty_strided,,,7.28,12.19,0,0,0,0
empty_tensor,,,4.91,4.91,0,0,0,0
aten::copy_,,,19.38,35.6,0,1.36003125,0,0
aclnnInplaceCopy,,,16.22,16.22,1.36003125,1.36003125,0,0
aten::index_copy_,,,29.04,42.71,0,1761.81515625,0,0
aclnnInplaceIndexCopy,,,13.67,13.67,1761.81515625,1761.81515625,0,0
aten::select,,,5.65,10.23,0,0,0,0
aten::as_strided,,,4.58,4.58,0,0,0,0
aten::select,,,1.96,4.9,0,0,0,0
aten::as_strided,,,2.94,2.94,0,0,0,0
aten::copy_,,,15.48,28.73,0,9.8201875,0,0
aclnnInplaceCopy,,,13.25,13.25,9.8201875,9.8201875,0,0
aten::reshape,,,2.86,8.98,0,0,0,0
aten::view,,,6.12,6.12,0,0,0,0
aten::reshape,,,1.08,4.74,0,0,0,0
aten::view,,,3.66,3.66,0,0,0,0
aten::empty_like,,,5.14,20.29,0,0,0,0
aten::empty_strided,,,9.81,15.15,0,0,0,0
empty_tensor,,,5.34,5.34,0,0,0,0
aten::empty,,,9.83,17.25,0,0,0,0
empty_tensor,,,7.42,7.42,0,0,0,0
layer_norm_gated_fwd_kernel,,,31.55,31.55,18.300375,18.300375,0,0
aten::reshape,,,2.48,12.57,0,0,0,0
aten::view,,,10.09,10.09,0,0,0,0
aten::reshape,,,1.21,5.88,0,0,0,0
aten::view,,,4.67,4.67,0,0,0,0
vllm::unquantized_gemm,,,24.54,100.48,0,101.44203125,0,101.44203125
aten::linear,,,4.91,75.94,0,101.44203125,0,101.44203125
aten::t,,,5.11,15.92,0,0,0,0
aten::transpose,,,3.88,10.81,0,0,0,0
aten::as_strided,,,6.93,6.93,0,0,0,0
aten::matmul,,,22.53,55.11,0,101.44203125,0,101.44203125
empty_tensor,,,11.51,11.51,0,0,0,0
aclnnMatmul,,,21.07,21.07,101.44203125,101.44203125,101.44203125,101.44203125
aten::unsqueeze,,,4.08,9.25,0,0,0,0
aten::as_strided,,,5.17,5.17,0,0,0,0
aten::unsqueeze,,,1.86,5.51,0,0,0,0
aten::as_strided,,,3.65,3.65,0,0,0,0
aten::squeeze,,,3.36,6.75,0,0,0,0
aten::as_strided,,,3.39,3.39,0,0,0,0
aten::unsqueeze,,,1.65,4.37,0,0,0,0
aten::as_strided,,,2.72,2.72,0,0,0,0
aten::unsqueeze,,,1.52,4.52,0,0,0,0
aten::as_strided,,,3.0,3.0,0,0,0,0
_C_ascend::npu_hc_post,,,63.23,113.88,0,24.7005,0,0
aten::empty,,,3.39,15.31,0,0,0,0
empty_tensor,,,11.92,11.92,0,0,0,0
aten::empty,,,2.8,14.16,0,0,0,0
empty_tensor,,,11.36,11.36,0,0,0,0
aclnnHcPost,,,21.18,21.18,24.7005,24.7005,0,0
aten::squeeze,,,3.72,8.17,0,0,0,0
aten::as_strided,,,4.45,4.45,0,0,0,0
_C_ascend::npu_hc_pre_v2,,,54.07,118.01,0,64.60128125,0,0
aten::empty,,,3.09,11.81,0,0,0,0
empty_tensor,,,8.72,8.72,0,0,0,0
aten::empty,,,1.5,6.03,0,0,0,0
empty_tensor,,,4.53,4.53,0,0,0,0
aten::empty,,,1.28,9.88,0,0,0,0
empty_tensor,,,8.6,8.6,0,0,0,0
aten::empty,,,1.59,5.9,0,0,0,0
empty_tensor,,,4.31,4.31,0,0,0,0
aten::empty,,,3.46,13.11,0,0,0,0
empty_tensor,,,9.65,9.65,0,0,0,0
aclnnHcPre,,,17.21,17.21,64.60128125,64.60128125,0,0
npu::npu_rms_norm,,,81.93,110.88,0,11.70021875,0,0
empty_tensor,,,8.95,8.95,0,0,0,0
empty_tensor,,,4.33,4.33,0,0,0,0
aclnnRmsNorm,,,15.67,15.67,11.70021875,11.70021875,0,0
aten::unsqueeze,,,4.24,9.74,0,0,0,0
aten::as_strided,,,5.5,5.5,0,0,0,0
vllm::unquantized_gemm,,,23.78,98.02,0,291.68584375,0,291.68584375
aten::linear,,,5.37,74.24,0,291.68584375,0,291.68584375
aten::t,,,5.2,13.83,0,0,0,0
aten::transpose,,,3.22,8.63,0,0,0,0
aten::as_strided,,,5.41,5.41,0,0,0,0
aten::matmul,,,21.79,55.04,0,291.68584375,0,291.68584375
empty_tensor,,,11.53,11.53,0,0,0,0
aclnnMatmul,,,21.72,21.72,291.68584375,291.68584375,291.68584375,291.68584375
aten::slice,,,4.46,10.02,0,0,0,0
aten::as_strided,,,5.56,5.56,0,0,0,0
aten::clamp,,,26.13,52.69,0,45.160906250000004,0,0
empty_tensor,,,10.39,10.39,0,0,0,0
aclnnClamp,,,16.17,16.17,45.160906250000004,45.160906250000004,0,0
aten::slice,,,3.01,7.15,0,0,0,0
aten::as_strided,,,4.14,4.14,0,0,0,0
aten::clamp,,,21.48,44.15,0,33.50065625,0,0
empty_tensor,,,8.22,8.22,0,0,0,0
aclnnClamp,,,14.45,14.45,33.50065625,33.50065625,0,0
aten::mul,,,21.43,46.67,0,9.0201875,0,0
empty_tensor,,,7.61,7.61,0,0,0,0
aten::item,,,2.48,4.87,0,0,0,0
aten::_local_scalar_dense,,,2.39,2.39,0,0,0,0
aclnnMuls,,,12.76,12.76,9.0201875,9.0201875,0,0
aten::sigmoid,,,12.33,46.73,0,11.12021875,0,0
empty_tensor,,,21.83,21.83,0,0,0,0
aclnnSigmoid,,,12.57,12.57,11.12021875,11.12021875,0,0
aten::mul,,,15.89,34.35,0,12.96028125,0,0
empty_tensor,,,6.5,6.5,0,0,0,0
aclnnMul,,,11.96,11.96,12.96028125,12.96028125,0,0
aten::add,,,21.06,43.29,0,10.5001875,0,0
empty_tensor,,,6.69,6.69,0,0,0,0
aten::item,,,2.0,3.36,0,0,0,0
aten::_local_scalar_dense,,,1.36,1.36,0,0,0,0
aclnnAdds,,,12.18,12.18,10.5001875,10.5001875,0,0
aten::mul,,,14.18,33.39,0,6.160125,0,0
empty_tensor,,,8.27,8.27,0,0,0,0
aclnnMul,,,10.94,10.94,6.160125,6.160125,0,0
vllm::unquantized_gemm,,,22.63,85.49,0,120.44240625,0,120.44240625
aten::linear,,,4.74,62.86,0,120.44240625,0,120.44240625
aten::t,,,5.19,15.04,0,0,0,0
aten::transpose,,,3.07,9.85,0,0,0,0
aten::as_strided,,,6.78,6.78,0,0,0,0
aten::matmul,,,18.76,43.08,0,120.44240625,0,120.44240625
empty_tensor,,,9.34,9.34,0,0,0,0
aclnnMatmul,,,14.98,14.98,120.44240625,120.44240625,120.44240625,120.44240625
aten::unsqueeze,,,4.66,10.38,0,0,0,0
aten::as_strided,,,5.72,5.72,0,0,0,0
aten::unsqueeze,,,2.17,5.75,0,0,0,0
aten::as_strided,,,3.58,3.58,0,0,0,0
aten::squeeze,,,2.72,5.51,0,0,0,0
aten::as_strided,,,2.79,2.79,0,0,0,0
aten::unsqueeze,,,1.91,4.39,0,0,0,0
aten::as_strided,,,2.48,2.48,0,0,0,0
aten::unsqueeze,,,2.04,5.18,0,0,0,0
aten::as_strided,,,3.14,3.14,0,0,0,0
_C_ascend::npu_hc_post,,,51.1,95.56,0,23.76046875,0,0
aten::empty,,,3.05,12.58,0,0,0,0
empty_tensor,,,9.53,9.53,0,0,0,0
aten::empty,,,3.14,14.02,0,0,0,0
empty_tensor,,,10.88,10.88,0,0,0,0
aclnnHcPost,,,17.86,17.86,23.76046875,23.76046875,0,0
aten::squeeze,,,4.16,8.43,0,0,0,0
aten::as_strided,,,4.27,4.27,0,0,0,0
_C_ascend::npu_hc_pre_v2,,,52.64,112.73,0,65.18128125,0,0
aten::empty,,,3.66,12.95,0,0,0,0
empty_tensor,,,9.29,9.29,0,0,0,0
aten::empty,,,1.71,6.5,0,0,0,0
empty_tensor,,,4.79,4.79,0,0,0,0
aten::empty,,,1.45,5.03,0,0,0,0
empty_tensor,,,3.58,3.58,0,0,0,0
aten::empty,,,1.52,5.34,0,0,0,0
empty_tensor,,,3.82,3.82,0,0,0,0
aten::empty,,,2.97,12.28,0,0,0,0
empty_tensor,,,9.31,9.31,0,0,0,0
aclnnHcPre,,,17.99,17.99,65.18128125,65.18128125,0,0
npu::npu_rms_norm,,,63.05,91.64,0,11.94021875,0,0
empty_tensor,,,8.33,8.33,0,0,0,0
empty_tensor,,,4.36,4.36,0,0,0,0
aclnnRmsNorm,,,15.9,15.9,11.94021875,11.94021875,0,0
aten::unsqueeze,,,3.78,8.65,0,0,0,0
aten::as_strided,,,4.87,4.87,0,0,0,0
aten::linear,,,5.07,64.78,0,238.20475,0,238.20475
aten::t,,,5.24,14.26,0,0,0,0
aten::transpose,,,2.89,9.02,0,0,0,0
aten::as_strided,,,6.13,6.13,0,0,0,0
aten::matmul,,,18.92,45.45,0,238.20475,0,238.20475
empty_tensor,,,10.05,10.05,0,0,0,0
aclnnMatmul,,,16.48,16.48,238.20475,238.20475,238.20475,238.20475
aten::split_with_sizes,,,6.94,17.15,0,0,0,0
aten::as_strided,,,5.13,5.13,0,0,0,0
aten::as_strided,,,1.95,1.95,0,0,0,0
aten::as_strided,,,1.72,1.72,0,0,0,0
aten::as_strided,,,1.41,1.41,0,0,0,0
aten::unsqueeze,,,2.54,6.72,0,0,0,0
aten::as_strided,,,4.18,4.18,0,0,0,0
vllm::unquantized_gemm,,,20.87,90.28,0,15.2403125,0,12.22025
aten::linear,,,3.97,69.41,0,15.2403125,0,12.22025
aten::t,,,4.46,11.91,0,0,0,0
aten::transpose,,,2.81,7.45,0,0,0,0
aten::as_strided,,,4.64,4.64,0,0,0,0
aten::matmul,,,24.06,53.53,0,15.2403125,0,12.22025
empty_tensor,,,11.0,11.0,0,0,0,0
aclnnMatmul,,,18.47,18.47,15.2403125,15.2403125,12.22025,12.22025
aten::reshape,,,2.52,9.08,0,0,0,0
aten::view,,,6.56,6.56,0,0,0,0
vllm::unquantized_gemm,,,19.3,83.87,0,11.82025,0,9.2001875
aten::linear,,,3.95,64.57,0,11.82025,0,9.2001875
aten::t,,,3.63,11.37,0,0,0,0
aten::transpose,,,2.42,7.74,0,0,0,0
aten::as_strided,,,5.32,5.32,0,0,0,0
aten::matmul,,,23.14,49.25,0,11.82025,0,9.2001875
empty_tensor,,,10.47,10.47,0,0,0,0
aclnnMatmul,,,15.64,15.64,11.82025,11.82025,9.2001875,9.2001875
aten::reshape,,,2.26,7.62,0,0,0,0
aten::view,,,5.36,5.36,0,0,0,0
aten::empty,,,3.34,13.56,0,0,0,0
empty_tensor,,,10.22,10.22,0,0,0,0
aten::slice,,,3.7,8.48,0,0,0,0
aten::as_strided,,,4.78,4.78,0,0,0,0
aten::alias,,,2.52,2.52,0,0,0,0
aten::alias,,,1.52,1.52,0,0,0,0
aten::zeros_like,,,5.63,60.11,0,9.0201875,0,0
aten::empty_like,,,5.88,21.68,0,0,0,0
aten::empty_strided,,,11.4,15.8,0,0,0,0
empty_tensor,,,4.4,4.4,0,0,0,0
aten::zero_,,,13.37,32.8,0,9.0201875,0,0
aclnnInplaceZero,,,19.43,19.43,9.0201875,9.0201875,0,0
aten::empty,,,3.29,12.8,0,0,0,0
empty_tensor,,,9.51,9.51,0,0,0,0
aten::empty,,,2.18,7.87,0,0,0,0
empty_tensor,,,5.69,5.69,0,0,0,0
_copy_conv_state_kernel,,,28.99,28.99,10.1801875,10.1801875,0,0
fla_npu_stable::npu_causal_conv1d_fn,,,161.05,223.91,0,59.4811875,0,0
aten::empty_strided,,,14.12,22.28,0,0,0,0
empty_tensor,,,8.16,8.16,0,0,0,0
aten::empty_strided,,,13.03,21.08,0,0,0,0
empty_tensor,,,8.05,8.05,0,0,0,0
aclnnCausalConv1d,,,19.5,19.5,59.4811875,59.4811875,0,0
_copy_conv_state_kernel,,,27.5,27.5,7.64015625,7.64015625,0,0
aten::split,,,4.93,30.76,0,0,0,0
aten::narrow,,,4.59,16.24,0,0,0,0
aten::slice,,,3.81,11.65,0,0,0,0
aten::as_strided,,,7.84,7.84,0,0,0,0
aten::narrow,,,1.44,4.83,0,0,0,0
aten::slice,,,1.36,3.39,0,0,0,0
aten::as_strided,,,2.03,2.03,0,0,0,0
aten::narrow,,,1.21,4.76,0,0,0,0
aten::slice,,,1.22,3.55,0,0,0,0
aten::as_strided,,,2.33,2.33,0,0,0,0
aten::zero_,,,16.43,33.88,0,8.08015625,0,0
aclnnInplaceZero,,,17.45,17.45,8.08015625,8.08015625,0,0
aten::reshape,,,7.34,16.94,0,0,0,0
aten::_reshape_alias,,,3.36,9.6,0,0,0,0
aten::view,,,6.24,6.24,0,0,0,0
aten::reshape,,,2.61,9.01,0,0,0,0
aten::_reshape_alias,,,2.1,6.4,0,0,0,0
aten::view,,,4.3,4.3,0,0,0,0
aten::reshape,,,2.11,7.39,0,0,0,0
aten::_reshape_alias,,,2.06,5.28,0,0,0,0
aten::view,,,3.22,3.22,0,0,0,0
aten::alias,,,2.39,2.39,0,0,0,0
aten::alias,,,1.16,1.16,0,0,0,0
aten::alias,,,1.09,1.09,0,0,0,0
aten::alias,,,1.16,1.16,0,0,0,0
aten::alias,,,1.27,1.27,0,0,0,0
aten::to,,,2.59,61.45,0,1.3,0,0
aten::_to_copy,,,6.14,58.86,0,1.3,0,0
aten::empty_strided,,,10.22,16.33,0,0,0,0
empty_tensor,,,6.11,6.11,0,0,0,0
aten::copy_,,,20.49,36.39,0,1.3,0,0
aclnnInplaceCopy,,,15.9,15.9,1.3,1.3,0,0
aten::to,,,1.88,46.67,0,1.34,0,0
aten::_to_copy,,,4.3,44.79,0,1.34,0,0
aten::empty_strided,,,7.73,12.56,0,0,0,0
empty_tensor,,,4.83,4.83,0,0,0,0
aten::copy_,,,14.25,27.93,0,1.34,0,0
aclnnInplaceCopy,,,13.68,13.68,1.34,1.34,0,0
aten::mul,,,15.44,33.58,0,2.3200625,0,0
empty_tensor,,,6.56,6.56,0,0,0,0
aclnnMul,,,11.58,11.58,2.3200625,2.3200625,0,0
aten::index_select,,,20.9,42.32,0,790.7958125,0,0
empty_tensor,,,10.21,10.21,0,0,0,0
aclnnIndexSelect,,,11.21,11.21,790.7958125,790.7958125,0,0
aten::view,,,6.55,6.55,0,0,0,0
aten::to,,,2.13,44.95,0,1.64003125,0,0
aten::_to_copy,,,4.96,42.82,0,1.64003125,0,0
aten::empty_strided,,,7.43,12.24,0,0,0,0
empty_tensor,,,4.81,4.81,0,0,0,0
aten::copy_,,,14.06,25.62,0,1.64003125,0,0
aclnnInplaceCopy,,,11.56,11.56,1.64003125,1.64003125,0,0
aten::mul,,,16.27,34.12,0,10.26021875,0,0
empty_tensor,,,8.54,8.54,0,0,0,0
aclnnMul,,,9.31,9.31,10.26021875,10.26021875,0,0
aten::to,,,2.06,2.06,0,0,0,0
aten::to,,,1.44,47.35,0,6.08009375,0,0
aten::_to_copy,,,5.49,45.91,0,6.08009375,0,0
aten::empty_strided,,,6.5,10.6,0,0,0,0
empty_tensor,,,4.1,4.1,0,0,0,0
aten::copy_,,,17.85,29.82,0,6.08009375,0,0
aclnnInplaceCopy,,,11.97,11.97,6.08009375,6.08009375,0,0
aten::sigmoid,,,10.55,25.54,0,2.7000625,0,0
empty_tensor,,,5.89,5.89,0,0,0,0
aclnnSigmoid,,,9.1,9.1,2.7000625,2.7000625,0,0
aten::contiguous,,,3.13,39.71,0,6.88015625,0,0
aten::clone,,,4.18,36.58,0,6.88015625,0,0
empty_tensor,,,8.33,8.33,0,0,0,0
aten::copy_,,,13.33,24.07,0,6.88015625,0,0
aclnnInplaceCopy,,,10.74,10.74,6.88015625,6.88015625,0,0
aten::view,,,5.23,5.23,0,0,0,0
aten::empty_like,,,4.92,16.95,0,0,0,0
aten::empty_strided,,,8.53,12.03,0,0,0,0
empty_tensor,,,3.5,3.5,0,0,0,0
l2norm_fwd_kernel2,,,30.83,30.83,11.76021875,11.76021875,0,0
aten::view,,,11.08,11.08,0,0,0,0
aten::contiguous,,,3.16,60.01,0,6.98015625,0,0
aten::clone,,,5.23,56.85,0,6.98015625,0,0
empty_tensor,,,10.6,10.6,0,0,0,0
aten::copy_,,,19.78,41.02,0,6.98015625,0,0
aclnnInplaceCopy,,,21.24,21.24,6.98015625,6.98015625,0,0
aten::view,,,5.28,5.28,0,0,0,0
aten::empty_like,,,18.92,35.64,0,0,0,0
aten::empty_strided,,,11.21,16.72,0,0,0,0
empty_tensor,,,5.51,5.51,0,0,0,0
l2norm_fwd_kernel2,,,29.46,29.46,6.840125,6.840125,0,0
aten::view,,,20.49,20.49,0,0,0,0
aten::contiguous,,,3.59,61.61,0,5.980125,0,0
aten::clone,,,5.6,58.02,0,5.980125,0,0
empty_tensor,,,10.83,10.83,0,0,0,0
aten::copy_,,,19.66,41.59,0,5.980125,0,0
aclnnInplaceCopy,,,21.93,21.93,5.980125,5.980125,0,0
aten::reshape,,,2.0,12.5,0,0,0,0
aten::view,,,10.5,10.5,0,0,0,0
_C_ascend::chunk_kda_fwd,,,80.86,188.8,0,466.04934375,0,0
aten::empty,,,3.54,28.13,0,0,0,0
empty_tensor,,,24.59,24.59,0,0,0,0
aten::empty,,,1.78,11.01,0,0,0,0
empty_tensor,,,9.23,9.23,0,0,0,0
aten::empty,,,1.48,12.57,0,0,0,0
empty_tensor,,,11.09,11.09,0,0,0,0
aten::empty_like,,,8.73,24.66,0,0,0,0
aten::empty_strided,,,11.58,15.93,0,0,0,0
empty_tensor,,,4.35,4.35,0,0,0,0
aten::empty,,,2.72,13.4,0,0,0,0
empty_tensor,,,10.68,10.68,0,0,0,0
aclnnChunkKdaFwd,,,18.17,18.17,466.04934375,466.04934375,0,0
aten::to,,,2.09,2.09,0,0,0,0
aten::to,,,1.79,57.23,0,1.42003125,0,0
aten::_to_copy,,,5.79,55.44,0,1.42003125,0,0
aten::empty_strided,,,7.64,12.75,0,0,0,0
empty_tensor,,,5.11,5.11,0,0,0,0
aten::copy_,,,21.91,36.9,0,1.42003125,0,0
aclnnInplaceCopy,,,14.99,14.99,1.42003125,1.42003125,0,0
aten::index_copy_,,,23.46,33.62,0,1728.2345312500001,0,0
aclnnInplaceIndexCopy,,,10.16,10.16,1728.2345312500001,1728.2345312500001,0,0
aten::select,,,4.88,9.27,0,0,0,0
aten::as_strided,,,4.39,4.39,0,0,0,0
aten::select,,,1.8,4.8,0,0,0,0
aten::as_strided,,,3.0,3.0,0,0,0,0
aten::copy_,,,15.33,27.5,0,10.28021875,0,0
aclnnInplaceCopy,,,12.17,12.17,10.28021875,10.28021875,0,0
aten::reshape,,,2.05,7.99,0,0,0,0
aten::view,,,5.94,5.94,0,0,0,0
aten::reshape,,,0.97,4.39,0,0,0,0
aten::view,,,3.42,3.42,0,0,0,0
aten::empty_like,,,4.92,19.46,0,0,0,0
aten::empty_strided,,,9.4,14.54,0,0,0,0
empty_tensor,,,5.14,5.14,0,0,0,0
aten::empty,,,3.18,9.49,0,0,0,0
empty_tensor,,,6.31,6.31,0,0,0,0
layer_norm_gated_fwd_kernel,,,31.97,31.97,18.44034375,18.44034375,0,0
aten::reshape,,,2.54,12.22,0,0,0,0
aten::view,,,9.68,9.68,0,0,0,0
aten::reshape,,,1.47,5.75,0,0,0,0
aten::view,,,4.28,4.28,0,0,0,0
vllm::unquantized_gemm,,,24.14,99.67,0,102.2420625,0,102.2420625
aten::linear,,,5.01,75.53,0,102.2420625,0,102.2420625
aten::t,,,5.32,14.49,0,0,0,0
aten::transpose,,,2.97,9.17,0,0,0,0
aten::as_strided,,,6.2,6.2,0,0,0,0
aten::matmul,,,22.2,56.03,0,102.2420625,0,102.2420625
empty_tensor,,,12.18,12.18,0,0,0,0
aclnnMatmul,,,21.65,21.65,102.2420625,102.2420625,102.2420625,102.2420625
aten::unsqueeze,,,3.93,9.26,0,0,0,0
aten::as_strided,,,5.33,5.33,0,0,0,0
aten::unsqueeze,,,2.01,5.56,0,0,0,0
aten::as_strided,,,3.55,3.55,0,0,0,0
aten::squeeze,,,2.84,5.41,0,0,0,0
aten::as_strided,,,2.57,2.57,0,0,0,0
aten::unsqueeze,,,1.61,4.19,0,0,0,0
aten::as_strided,,,2.58,2.58,0,0,0,0
aten::unsqueeze,,,1.5,5.04,0,0,0,0
aten::as_strided,,,3.54,3.54,0,0,0,0
_C_ascend::npu_hc_post,,,52.22,97.06,0,25.2805,0,0
aten::empty,,,2.99,13.97,0,0,0,0
empty_tensor,,,10.98,10.98,0,0,0,0
aten::empty,,,3.15,13.22,0,0,0,0
empty_tensor,,,10.07,10.07,0,0,0,0
aclnnHcPost,,,17.65,17.65,25.2805,25.2805,0,0
aten::squeeze,,,4.17,9.16,0,0,0,0
aten::as_strided,,,4.99,4.99,0,0,0,0
_C_ascend::npu_hc_pre_v2,,,54.6,115.12,0,64.52128125,0,0
aten::empty,,,3.15,12.39,0,0,0,0
empty_tensor,,,9.24,9.24,0,0,0,0
aten::empty,,,1.97,7.41,0,0,0,0
empty_tensor,,,5.44,5.44,0,0,0,0
aten::empty,,,1.43,5.62,0,0,0,0
empty_tensor,,,4.19,4.19,0,0,0,0
aten::empty,,,1.54,5.95,0,0,0,0
empty_tensor,,,4.41,4.41,0,0,0,0
aten::empty,,,2.67,12.3,0,0,0,0
empty_tensor,,,9.63,9.63,0,0,0,0
aclnnHcPre,,,16.85,16.85,64.52128125,64.52128125,0,0
npu::npu_rms_norm,,,63.27,92.86,0,11.1001875,0,0
empty_tensor,,,8.94,8.94,0,0,0,0
empty_tensor,,,4.47,4.47,0,0,0,0
aclnnRmsNorm,,,16.18,16.18,11.1001875,11.1001875,0,0
aten::unsqueeze,,,3.79,8.63,0,0,0,0
aten::as_strided,,,4.84,4.84,0,0,0,0
vllm::unquantized_gemm,,,23.18,90.19,0,289.2858125,0,289.2858125
aten::linear,,,4.56,67.01,0,289.2858125,0,289.2858125
aten::t,,,5.42,14.62,0,0,0,0
aten::transpose,,,2.93,9.2,0,0,0,0
aten::as_strided,,,6.27,6.27,0,0,0,0
aten::matmul,,,20.54,47.83,0,289.2858125,0,289.2858125
empty_tensor,,,10.71,10.71,0,0,0,0
aclnnMatmul,,,16.58,16.58,289.2858125,289.2858125,289.2858125,289.2858125
aten::slice,,,4.61,9.71,0,0,0,0
aten::as_strided,,,5.1,5.1,0,0,0,0
aten::clamp,,,24.7,50.39,0,40.880812500000005,0,0
empty_tensor,,,10.04,10.04,0,0,0,0
aclnnClamp,,,15.65,15.65,40.880812500000005,40.880812500000005,0,0
aten::slice,,,3.37,7.43,0,0,0,0
aten::as_strided,,,4.06,4.06,0,0,0,0
aten::clamp,,,20.54,42.52,0,43.02084375,0,0
empty_tensor,,,8.54,8.54,0,0,0,0
aclnnClamp,,,13.44,13.44,43.02084375,43.02084375,0,0
aten::mul,,,18.87,43.88,0,9.2001875,0,0
empty_tensor,,,7.54,7.54,0,0,0,0
aten::item,,,2.34,4.29,0,0,0,0
aten::_local_scalar_dense,,,1.95,1.95,0,0,0,0
aclnnMuls,,,13.18,13.18,9.2001875,9.2001875,0,0
aten::sigmoid,,,11.16,31.74,0,10.92021875,0,0
empty_tensor,,,9.09,9.09,0,0,0,0
aclnnSigmoid,,,11.49,11.49,10.92021875,10.92021875,0,0
aten::mul,,,14.16,34.75,0,12.40025,0,0
empty_tensor,,,6.18,6.18,0,0,0,0
aclnnMul,,,14.41,14.41,12.40025,12.40025,0,0
aten::add,,,19.19,43.78,0,10.48021875,0,0
empty_tensor,,,7.14,7.14,0,0,0,0
aten::item,,,1.85,3.25,0,0,0,0
aten::_local_scalar_dense,,,1.4,1.4,0,0,0,0
aclnnAdds,,,14.2,14.2,10.48021875,10.48021875,0,0
aten::mul,,,14.91,34.49,0,6.400125,0,0
empty_tensor,,,8.21,8.21,0,0,0,0
aclnnMul,,,11.37,11.37,6.400125,6.400125,0,0
vllm::unquantized_gemm,,,22.69,87.36,0,117.90234375,0,117.90234375
aten::linear,,,4.87,64.67,0,117.90234375,0,117.90234375
aten::t,,,4.99,15.31,0,0,0,0
aten::transpose,,,3.88,10.32,0,0,0,0
aten::as_strided,,,6.44,6.44,0,0,0,0
aten::matmul,,,19.32,44.49,0,117.90234375,0,117.90234375
empty_tensor,,,9.97,9.97,0,0,0,0
aclnnMatmul,,,15.2,15.2,117.90234375,117.90234375,117.90234375,117.90234375
aten::unsqueeze,,,4.6,9.99,0,0,0,0
aten::as_strided,,,5.39,5.39,0,0,0,0
aten::unsqueeze,,,2.03,5.7,0,0,0,0
aten::as_strided,,,3.67,3.67,0,0,0,0
aten::squeeze,,,2.6,5.36,0,0,0,0
aten::as_strided,,,2.76,2.76,0,0,0,0
aten::unsqueeze,,,1.86,4.2,0,0,0,0
aten::as_strided,,,2.34,2.34,0,0,0,0
aten::unsqueeze,,,1.63,4.75,0,0,0,0
aten::as_strided,,,3.12,3.12,0,0,0,0
_C_ascend::npu_hc_post,,,51.66,93.52,0,23.7405,0,0
aten::empty,,,3.06,12.0,0,0,0,0
empty_tensor,,,8.94,8.94,0,0,0,0
aten::empty,,,3.4,13.27,0,0,0,0
empty_tensor,,,9.87,9.87,0,0,0,0
aclnnHcPost,,,16.59,16.59,23.7405,23.7405,0,0
aten::squeeze,,,4.16,8.59,0,0,0,0
aten::as_strided,,,4.43,4.43,0,0,0,0
_C_ascend::npu_hc_pre_v2,,,52.99,111.53,0,65.9213125,0,0
aten::empty,,,3.34,13.13,0,0,0,0
empty_tensor,,,9.79,9.79,0,0,0,0
aten::empty,,,1.5,6.31,0,0,0,0
empty_tensor,,,4.81,4.81,0,0,0,0
aten::empty,,,1.5,5.37,0,0,0,0
empty_tensor,,,3.87,3.87,0,0,0,0
aten::empty,,,1.4,5.04,0,0,0,0
empty_tensor,,,3.64,3.64,0,0,0,0
aten::empty,,,2.95,12.63,0,0,0,0
empty_tensor,,,9.68,9.68,0,0,0,0
aclnnHcPre,,,16.06,16.06,65.9213125,65.9213125,0,0
npu::npu_rms_norm,,,62.64,105.66,0,11.32021875,0,0
empty_tensor,,,8.15,8.15,0,0,0,0
empty_tensor,,,4.39,4.39,0,0,0,0
aclnnRmsNorm,,,30.48,30.48,11.32021875,11.32021875,0,0
aten::unsqueeze,,,3.96,8.91,0,0,0,0
aten::as_strided,,,4.95,4.95,0,0,0,0
aten::linear,,,5.2,65.95,0,234.6046875,0,234.6046875
aten::t,,,5.49,14.29,0,0,0,0
aten::transpose,,,2.79,8.8,0,0,0,0
aten::as_strided,,,6.01,6.01,0,0,0,0
aten::matmul,,,20.04,46.46,0,234.6046875,0,234.6046875
empty_tensor,,,10.16,10.16,0,0,0,0
aclnnMatmul,,,16.26,16.26,234.6046875,234.6046875,234.6046875,234.6046875
aten::split_with_sizes,,,6.61,16.85,0,0,0,0
aten::as_strided,,,5.21,5.21,0,0,0,0
aten::as_strided,,,1.98,1.98,0,0,0,0
aten::as_strided,,,1.68,1.68,0,0,0,0
aten::as_strided,,,1.37,1.37,0,0,0,0
aten::unsqueeze,,,2.89,7.26,0,0,0,0
aten::as_strided,,,4.37,4.37,0,0,0,0
vllm::unquantized_gemm,,,21.73,91.85,0,15.560312499999998,0,12.34025
aten::linear,,,3.69,70.12,0,15.560312499999998,0,12.34025
aten::t,,,4.88,12.81,0,0,0,0
aten::transpose,,,2.48,7.93,0,0,0,0
aten::as_strided,,,5.45,5.45,0,0,0,0
aten::matmul,,,25.36,53.62,0,15.560312499999998,0,12.34025
empty_tensor,,,11.75,11.75,0,0,0,0
aclnnMatmul,,,16.51,16.51,15.560312499999998,15.560312499999998,12.34025,12.34025
aten::reshape,,,2.18,8.96,0,0,0,0
aten::view,,,6.78,6.78,0,0,0,0
vllm::unquantized_gemm,,,21.19,100.77,0,12.88028125,0,9.54021875
aten::linear,,,4.01,79.58,0,12.88028125,0,9.54021875
aten::t,,,3.78,11.1,0,0,0,0
aten::transpose,,,2.34,7.32,0,0,0,0
aten::as_strided,,,4.98,4.98,0,0,0,0
aten::matmul,,,23.98,64.47,0,12.88028125,0,9.54021875
empty_tensor,,,11.44,11.44,0,0,0,0
aclnnMatmul,,,29.05,29.05,12.88028125,12.88028125,9.54021875,9.54021875
aten::reshape,,,2.18,7.62,0,0,0,0
aten::view,,,5.44,5.44,0,0,0,0
aten::empty,,,3.5,14.64,0,0,0,0
empty_tensor,,,11.14,11.14,0,0,0,0
aten::slice,,,3.42,8.53,0,0,0,0
aten::as_strided,,,5.11,5.11,0,0,0,0
aten::alias,,,2.37,2.37,0,0,0,0
aten::alias,,,1.23,1.23,0,0,0,0
aten::zeros_like,,,5.15,54.31,0,9.0801875,0,0
aten::empty_like,,,5.83,19.63,0,0,0,0
aten::empty_strided,,,9.4,13.8,0,0,0,0
empty_tensor,,,4.4,4.4,0,0,0,0
aten::zero_,,,13.22,29.53,0,9.0801875,0,0
aclnnInplaceZero,,,16.31,16.31,9.0801875,9.0801875,0,0
aten::empty,,,2.81,11.39,0,0,0,0
empty_tensor,,,8.58,8.58,0,0,0,0
aten::empty,,,2.0,8.48,0,0,0,0
empty_tensor,,,6.48,6.48,0,0,0,0
_copy_conv_state_kernel,,,25.51,25.51,11.08021875,11.08021875,0,0
fla_npu_stable::npu_causal_conv1d_fn,,,154.97,216.29,0,57.96115625,0,0
aten::empty_strided,,,14.24,22.2,0,0,0,0
empty_tensor,,,7.96,7.96,0,0,0,0
aten::empty_strided,,,13.89,21.92,0,0,0,0
empty_tensor,,,8.03,8.03,0,0,0,0
aclnnCausalConv1d,,,17.2,17.2,57.96115625,57.96115625,0,0
_copy_conv_state_kernel,,,26.65,26.65,7.54015625,7.54015625,0,0
aten::split,,,4.65,28.69,0,0,0,0
aten::narrow,,,4.1,15.41,0,0,0,0
aten::slice,,,3.73,11.31,0,0,0,0
aten::as_strided,,,7.58,7.58,0,0,0,0
aten::narrow,,,1.42,4.61,0,0,0,0
aten::slice,,,1.13,3.19,0,0,0,0
aten::as_strided,,,2.06,2.06,0,0,0,0
aten::narrow,,,1.15,4.02,0,0,0,0
aten::slice,,,1.06,2.87,0,0,0,0
aten::as_strided,,,1.81,1.81,0,0,0,0
aten::zero_,,,15.98,32.57,0,8.46015625,0,0
aclnnInplaceZero,,,16.59,16.59,8.46015625,8.46015625,0,0
aten::reshape,,,6.95,16.57,0,0,0,0
aten::_reshape_alias,,,3.11,9.62,0,0,0,0
aten::view,,,6.51,6.51,0,0,0,0
aten::reshape,,,2.56,8.81,0,0,0,0
aten::_reshape_alias,,,1.99,6.25,0,0,0,0
aten::view,,,4.26,4.26,0,0,0,0
aten::reshape,,,2.07,7.03,0,0,0,0
aten::_reshape_alias,,,1.67,4.96,0,0,0,0
aten::view,,,3.29,3.29,0,0,0,0
aten::alias,,,2.66,2.66,0,0,0,0
aten::alias,,,1.26,1.26,0,0,0,0
aten::alias,,,0.98,0.98,0,0,0,0
aten::alias,,,1.18,1.18,0,0,0,0
aten::alias,,,1.23,1.23,0,0,0,0
aten::to,,,2.39,62.31,0,1.24003125,0,0
aten::_to_copy,,,6.36,59.92,0,1.24003125,0,0
aten::empty_strided,,,10.38,16.93,0,0,0,0
empty_tensor,,,6.55,6.55,0,0,0,0
aten::copy_,,,20.79,36.63,0,1.24003125,0,0
aclnnInplaceCopy,,,15.84,15.84,1.24003125,1.24003125,0,0
aten::to,,,2.08,46.52,0,1.3,0,0
aten::_to_copy,,,4.55,44.44,0,1.3,0,0
aten::empty_strided,,,7.75,12.53,0,0,0,0
empty_tensor,,,4.78,4.78,0,0,0,0
aten::copy_,,,14.45,27.36,0,1.3,0,0
aclnnInplaceCopy,,,12.91,12.91,1.3,1.3,0,0
aten::mul,,,16.53,34.75,0,2.38003125,0,0
empty_tensor,,,6.6,6.6,0,0,0,0
aclnnMul,,,11.62,11.62,2.38003125,2.38003125,0,0
aten::index_select,,,20.84,42.19,0,780.955625,0,0
empty_tensor,,,10.39,10.39,0,0,0,0
aclnnIndexSelect,,,10.96,10.96,780.955625,780.955625,0,0
aten::view,,,6.0,6.0,0,0,0,0
aten::to,,,1.83,45.05,0,1.52,0,0
aten::_to_copy,,,4.97,43.22,0,1.52,0,0
aten::empty_strided,,,7.32,11.91,0,0,0,0
empty_tensor,,,4.59,4.59,0,0,0,0
aten::copy_,,,14.8,26.34,0,1.52,0,0
aclnnInplaceCopy,,,11.54,11.54,1.52,1.52,0,0
aten::mul,,,13.61,24.31,0,8.5601875,0,0
empty_tensor,,,8.07,8.07,0,0,0,0
aclnnMul,,,2.63,2.63,8.5601875,8.5601875,0,0
aten::to,,,1.72,1.72,0,0,0,0
aten::to,,,1.58,57.52,0,5.820125,0,0
aten::_to_copy,,,13.42,55.94,0,5.820125,0,0
aten::empty_strided,,,6.85,11.1,0,0,0,0
empty_tensor,,,4.25,4.25,0,0,0,0
aten::copy_,,,18.7,31.42,0,5.820125,0,0
aclnnInplaceCopy,,,12.72,12.72,5.820125,5.820125,0,0
aten::sigmoid,,,11.5,27.6,0,2.6600625,0,0
empty_tensor,,,5.69,5.69,0,0,0,0
aclnnSigmoid,,,10.41,10.41,2.6600625,2.6600625,0,0
aten::contiguous,,,3.33,47.73,0,6.360125,0,0
aten::clone,,,4.75,44.4,0,6.360125,0,0
empty_tensor,,,8.95,8.95,0,0,0,0
aten::copy_,,,19.27,30.7,0,6.360125,0,0
aclnnInplaceCopy,,,11.43,11.43,6.360125,6.360125,0,0
aten::view,,,5.86,5.86,0,0,0,0
aten::empty_like,,,4.83,17.27,0,0,0,0
aten::empty_strided,,,8.56,12.44,0,0,0,0
empty_tensor,,,3.88,3.88,0,0,0,0
l2norm_fwd_kernel2,,,25.62,25.62,11.52021875,11.52021875,0,0
aten::view,,,20.98,20.98,0,0,0,0
aten::contiguous,,,3.07,56.45,0,6.560125,0,0
aten::clone,,,5.26,53.38,0,6.560125,0,0
empty_tensor,,,10.64,10.64,0,0,0,0
aten::copy_,,,20.0,37.48,0,6.560125,0,0
aclnnInplaceCopy,,,17.48,17.48,6.560125,6.560125,0,0
aten::view,,,4.5,4.5,0,0,0,0
aten::empty_like,,,5.71,32.43,0,0,0,0
aten::empty_strided,,,22.39,26.72,0,0,0,0
empty_tensor,,,4.33,4.33,0,0,0,0
l2norm_fwd_kernel2,,,28.95,28.95,6.560125,6.560125,0,0
aten::view,,,9.58,9.58,0,0,0,0
aten::contiguous,,,2.95,53.95,0,6.260125,0,0
aten::clone,,,5.14,51.0,0,6.260125,0,0
empty_tensor,,,10.45,10.45,0,0,0,0
aten::copy_,,,19.63,35.41,0,6.260125,0,0
aclnnInplaceCopy,,,15.78,15.78,6.260125,6.260125,0,0
aten::reshape,,,1.9,12.35,0,0,0,0
aten::view,,,10.45,10.45,0,0,0,0
_C_ascend::chunk_kda_fwd,,,69.63,146.28,0,465.9493125,0,0
aten::empty,,,3.41,16.17,0,0,0,0
empty_tensor,,,12.76,12.76,0,0,0,0
aten::empty,,,1.82,8.08,0,0,0,0
empty_tensor,,,6.26,6.26,0,0,0,0
aten::empty,,,1.45,7.27,0,0,0,0
empty_tensor,,,5.82,5.82,0,0,0,0
aten::empty_like,,,4.71,14.6,0,0,0,0
aten::empty_strided,,,6.8,9.89,0,0,0,0
empty_tensor,,,3.09,3.09,0,0,0,0
aten::empty,,,2.44,12.77,0,0,0,0
empty_tensor,,,10.33,10.33,0,0,0,0
aclnnChunkKdaFwd,,,17.76,17.76,465.9493125,465.9493125,0,0
aten::to,,,2.04,2.04,0,0,0,0
aten::to,,,1.68,55.94,0,1.2800625,0,0
aten::_to_copy,,,6.36,54.26,0,1.2800625,0,0
aten::empty_strided,,,7.95,12.84,0,0,0,0
empty_tensor,,,4.89,4.89,0,0,0,0
aten::copy_,,,19.89,35.06,0,1.2800625,0,0
aclnnInplaceCopy,,,15.17,15.17,1.2800625,1.2800625,0,0
aten::index_copy_,,,22.7,40.24,0,1769.1353125,0,0
aclnnInplaceIndexCopy,,,17.54,17.54,1769.1353125,1769.1353125,0,0
aten::select,,,4.93,9.44,0,0,0,0
aten::as_strided,,,4.51,4.51,0,0,0,0
aten::select,,,2.35,5.42,0,0,0,0
aten::as_strided,,,3.07,3.07,0,0,0,0
aten::copy_,,,16.03,29.13,0,10.06021875,0,0
aclnnInplaceCopy,,,13.1,13.1,10.06021875,10.06021875,0,0
aten::reshape,,,2.29,8.55,0,0,0,0
aten::view,,,6.26,6.26,0,0,0,0
aten::reshape,,,0.9,4.43,0,0,0,0
aten::view,,,3.53,3.53,0,0,0,0
aten::empty_like,,,5.1,19.88,0,0,0,0
aten::empty_strided,,,9.62,14.78,0,0,0,0
empty_tensor,,,5.16,5.16,0,0,0,0
aten::empty,,,2.46,9.04,0,0,0,0
empty_tensor,,,6.58,6.58,0,0,0,0
layer_norm_gated_fwd_kernel,,,27.12,27.12,18.680375,18.680375,0,0
aten::reshape,,,2.95,12.65,0,0,0,0
aten::view,,,9.7,9.7,0,0,0,0
aten::reshape,,,1.63,6.56,0,0,0,0
aten::view,,,4.93,4.93,0,0,0,0
vllm::unquantized_gemm,,,23.35,100.77,0,98.74196875,0,98.74196875
aten::linear,,,4.7,77.42,0,98.74196875,0,98.74196875
aten::t,,,5.15,14.82,0,0,0,0
aten::transpose,,,3.28,9.67,0,0,0,0
aten::as_strided,,,6.39,6.39,0,0,0,0
aten::matmul,,,22.23,57.9,0,98.74196875,0,98.74196875
empty_tensor,,,12.54,12.54,0,0,0,0
aclnnMatmul,,,23.13,23.13,98.74196875,98.74196875,98.74196875,98.74196875
aten::unsqueeze,,,5.22,10.88,0,0,0,0
aten::as_strided,,,5.66,5.66,0,0,0,0
aten::unsqueeze,,,2.05,5.5,0,0,0,0
aten::as_strided,,,3.45,3.45,0,0,0,0
aten::squeeze,,,2.5,5.5,0,0,0,0
aten::as_strided,,,3.0,3.0,0,0,0,0
aten::unsqueeze,,,1.7,4.46,0,0,0,0
aten::as_strided,,,2.76,2.76,0,0,0,0
aten::unsqueeze,,,1.78,5.0,0,0,0,0
aten::as_strided,,,3.22,3.22,0,0,0,0
_C_ascend::npu_hc_post,,,69.09,117.66,0,24.6605,0,0
aten::empty,,,3.51,14.52,0,0,0,0
empty_tensor,,,11.01,11.01,0,0,0,0
aten::empty,,,4.04,15.41,0,0,0,0
empty_tensor,,,11.37,11.37,0,0,0,0
aclnnHcPost,,,18.64,18.64,24.6605,24.6605,0,0
aten::squeeze,,,4.31,9.49,0,0,0,0
aten::as_strided,,,5.18,5.18,0,0,0,0
_C_ascend::npu_hc_pre_v2,,,54.08,118.08,0,65.52128125,0,0
aten::empty,,,3.54,13.59,0,0,0,0
empty_tensor,,,10.05,10.05,0,0,0,0
aten::empty,,,1.56,6.18,0,0,0,0
empty_tensor,,,4.62,4.62,0,0,0,0
aten::empty,,,1.67,5.39,0,0,0,0
empty_tensor,,,3.72,3.72,0,0,0,0
aten::empty,,,1.51,5.22,0,0,0,0
empty_tensor,,,3.71,3.71,0,0,0,0
aten::empty,,,3.06,12.94,0,0,0,0
empty_tensor,,,9.88,9.88,0,0,0,0
aclnnHcPre,,,20.68,20.68,65.52128125,65.52128125,0,0
npu::npu_rms_norm,,,62.09,92.06,0,12.00025,0,0
empty_tensor,,,8.86,8.86,0,0,0,0
empty_tensor,,,4.69,4.69,0,0,0,0
aclnnRmsNorm,,,16.42,16.42,12.00025,12.00025,0,0
aten::unsqueeze,,,4.17,9.29,0,0,0,0
aten::as_strided,,,5.12,5.12,0,0,0,0
vllm::unquantized_gemm,,,23.53,93.02,0,291.98584375,0,291.98584375
aten::linear,,,4.88,69.49,0,291.98584375,0,291.98584375
aten::t,,,4.93,13.64,0,0,0,0
aten::transpose,,,3.15,8.71,0,0,0,0
aten::as_strided,,,5.56,5.56,0,0,0,0
aten::matmul,,,19.99,50.97,0,291.98584375,0,291.98584375
empty_tensor,,,11.5,11.5,0,0,0,0
aclnnMatmul,,,19.48,19.48,291.98584375,291.98584375,291.98584375,291.98584375
aten::slice,,,4.44,9.36,0,0,0,0
aten::as_strided,,,4.92,4.92,0,0,0,0
aten::clamp,,,24.27,51.3,0,44.200874999999996,0,0
empty_tensor,,,10.17,10.17,0,0,0,0
aclnnClamp,,,16.86,16.86,44.200874999999996,44.200874999999996,0,0
aten::slice,,,3.12,7.11,0,0,0,0
aten::as_strided,,,3.99,3.99,0,0,0,0
aten::clamp,,,19.97,41.73,0,38.60075,0,0
empty_tensor,,,8.37,8.37,0,0,0,0
aclnnClamp,,,13.39,13.39,38.60075,38.60075,0,0
aten::mul,,,19.21,44.57,0,9.0401875,0,0
empty_tensor,,,7.85,7.85,0,0,0,0
aten::item,,,2.51,4.47,0,0,0,0
aten::_local_scalar_dense,,,1.96,1.96,0,0,0,0
aclnnMuls,,,13.04,13.04,9.0401875,9.0401875,0,0
aten::sigmoid,,,11.79,33.86,0,12.18025,0,0
empty_tensor,,,8.28,8.28,0,0,0,0
aclnnSigmoid,,,13.79,13.79,12.18025,12.18025,0,0
aten::mul,,,14.71,33.07,0,12.36025,0,0
empty_tensor,,,6.66,6.66,0,0,0,0
aclnnMul,,,11.7,11.7,12.36025,12.36025,0,0
aten::add,,,20.51,42.68,0,10.32021875,0,0
empty_tensor,,,7.03,7.03,0,0,0,0
aten::item,,,1.86,3.2,0,0,0,0
aten::_local_scalar_dense,,,1.34,1.34,0,0,0,0
aclnnAdds,,,11.94,11.94,10.32021875,10.32021875,0,0
aten::mul,,,13.69,33.08,0,6.120125,0,0
empty_tensor,,,7.53,7.53,0,0,0,0
aclnnMul,,,11.86,11.86,6.120125,6.120125,0,0
vllm::unquantized_gemm,,,23.63,92.17,0,116.6023125,0,116.6023125
aten::linear,,,4.71,68.54,0,116.6023125,0,116.6023125
aten::t,,,6.04,15.82,0,0,0,0
aten::transpose,,,3.27,9.78,0,0,0,0
aten::as_strided,,,6.51,6.51,0,0,0,0
aten::matmul,,,19.54,48.01,0,116.6023125,0,116.6023125
empty_tensor,,,11.88,11.88,0,0,0,0
aclnnMatmul,,,16.59,16.59,116.6023125,116.6023125,116.6023125,116.6023125
aten::unsqueeze,,,4.97,10.77,0,0,0,0
aten::as_strided,,,5.8,5.8,0,0,0,0
aten::unsqueeze,,,2.16,5.68,0,0,0,0
aten::as_strided,,,3.52,3.52,0,0,0,0
aten::squeeze,,,2.65,5.57,0,0,0,0
aten::as_strided,,,2.92,2.92,0,0,0,0
aten::unsqueeze,,,1.74,4.3,0,0,0,0
aten::as_strided,,,2.56,2.56,0,0,0,0
aten::unsqueeze,,,1.8,4.87,0,0,0,0
aten::as_strided,,,3.07,3.07,0,0,0,0
_C_ascend::npu_hc_post,,,52.29,95.0,0,23.78046875,0,0
aten::empty,,,2.95,12.75,0,0,0,0
empty_tensor,,,9.8,9.8,0,0,0,0
aten::empty,,,3.22,13.03,0,0,0,0
empty_tensor,,,9.81,9.81,0,0,0,0
aclnnHcPost,,,16.93,16.93,23.78046875,23.78046875,0,0
aten::squeeze,,,4.07,8.39,0,0,0,0
aten::as_strided,,,4.32,4.32,0,0,0,0
_C_ascend::npu_hc_pre_v2,,,51.33,108.15,0,63.74128125,0,0
aten::empty,,,3.68,12.44,0,0,0,0
empty_tensor,,,8.76,8.76,0,0,0,0
aten::empty,,,1.52,6.29,0,0,0,0
empty_tensor,,,4.77,4.77,0,0,0,0
aten::empty,,,1.25,4.64,0,0,0,0
empty_tensor,,,3.39,3.39,0,0,0,0
aten::empty,,,1.43,5.17,0,0,0,0
empty_tensor,,,3.74,3.74,0,0,0,0
aten::empty,,,2.67,12.33,0,0,0,0
empty_tensor,,,9.66,9.66,0,0,0,0
aclnnHcPre,,,15.95,15.95,63.74128125,63.74128125,0,0
npu::npu_rms_norm,,,62.74,92.25,0,11.70025,0,0
empty_tensor,,,8.52,8.52,0,0,0,0
empty_tensor,,,4.37,4.37,0,0,0,0
aclnnRmsNorm,,,16.62,16.62,11.70025,11.70025,0,0
aten::unsqueeze,,,4.04,9.16,0,0,0,0
aten::as_strided,,,5.12,5.12,0,0,0,0
aten::empty,,,3.89,14.07,0,0,0,0
empty_tensor,,,10.18,10.18,0,0,0,0
vllm::mla_forward,,,3310.8,7362.86,0,1564.41134375,0,419.76840625
aten::slice,,,4.48,9.32,0,0,0,0
aten::as_strided,,,4.84,4.84,0,0,0,0
aten::slice,,,2.37,6.65,0,0,0,0
aten::as_strided,,,4.28,4.28,0,0,0,0
aten::linear,,,4.85,69.1,0,22.4604375,0,22.4604375
aten::t,,,5.57,13.18,0,0,0,0
aten::transpose,,,2.45,7.61,0,0,0,0
aten::as_strided,,,5.16,5.16,0,0,0,0
aten::matmul,,,21.18,51.07,0,22.4604375,0,22.4604375
empty_tensor,,,9.22,9.22,0,0,0,0
aclnnMatmul,,,20.67,20.67,22.4604375,22.4604375,22.4604375,22.4604375
aten::split_with_sizes,,,5.19,12.2,0,0,0,0
aten::as_strided,,,4.98,4.98,0,0,0,0
aten::as_strided,,,2.03,2.03,0,0,0,0
npu::npu_rms_norm,,,127.72,160.57,0,15.0603125,0,0
empty_tensor,,,9.69,9.69,0,0,0,0
empty_tensor,,,4.55,4.55,0,0,0,0
aclnnRmsNorm,,,18.61,18.61,15.0603125,15.0603125,0,0
aten::reshape,,,8.28,19.63,0,0,0,0
aten::_reshape_alias,,,4.12,11.35,0,0,0,0
aten::view,,,7.23,7.23,0,0,0,0
npu::npu_rms_norm,,,113.98,146.03,0,8.48015625,0,0
empty_tensor,,,9.63,9.63,0,0,0,0
empty_tensor,,,4.1,4.1,0,0,0,0
aclnnRmsNorm,,,18.32,18.32,8.48015625,8.48015625,0,0
aten::view,,,11.58,11.58,0,0,0,0
aten::slice,,,7.03,11.73,0,0,0,0
aten::as_strided,,,4.7,4.7,0,0,0,0
aten::view,,,5.38,5.38,0,0,0,0
aten::to,,,1.88,1.88,0,0,0,0
npu::npu_scatter_nd_update_,,,28.63,46.4,0,34.5206875,0,0
aclnnScatterNdUpdate,,,17.77,17.77,34.5206875,34.5206875,0,0
vllm::unquantized_gemm,,,22.13,78.64,0,71.0014375,0,71.0014375
aten::linear,,,4.47,56.51,0,71.0014375,0,71.0014375
aten::t,,,5.02,14.64,0,0,0,0
aten::transpose,,,3.16,9.62,0,0,0,0
aten::as_strided,,,6.46,6.46,0,0,0,0
aten::matmul,,,21.35,37.4,0,71.0014375,0,71.0014375
empty_tensor,,,11.48,11.48,0,0,0,0
aclnnMatmul,,,4.57,4.57,71.0014375,71.0014375,71.0014375,71.0014375
aten::view,,,5.45,5.45,0,0,0,0
aten::split_with_sizes,,,4.62,10.76,0,0,0,0
aten::as_strided,,,4.24,4.24,0,0,0,0
aten::as_strided,,,1.9,1.9,0,0,0,0
npu::npu_transpose_batchmatmul,,,34.28,64.26,0,33.58065625,0,33.58065625
empty_tensor,,,11.46,11.46,0,0,0,0
aclnnTransposeBatchMatMul,,,18.52,18.52,33.58065625,33.58065625,33.58065625,33.58065625
aten::slice,,,3.82,9.36,0,0,0,0
aten::as_strided,,,5.54,5.54,0,0,0,0
aten::slice,,,1.32,4.03,0,0,0,0
aten::as_strided,,,2.71,2.71,0,0,0,0
aten::to,,,2.77,62.33,0,7.68015625,0,0
aten::_to_copy,,,6.93,59.56,0,7.68015625,0,0
aten::empty_strided,,,10.55,15.81,0,0,0,0
empty_tensor,,,5.26,5.26,0,0,0,0
aten::copy_,,,19.85,36.82,0,7.68015625,0,0
aclnnInplaceCopy,,,16.97,16.97,7.68015625,7.68015625,0,0
aten::linear,,,3.97,52.9,0,23.26046875,0,23.26046875
aten::t,,,4.72,11.19,0,0,0,0
aten::transpose,,,2.34,6.47,0,0,0,0
aten::as_strided,,,4.13,4.13,0,0,0,0
aten::matmul,,,17.07,37.74,0,23.26046875,0,23.26046875
empty_tensor,,,7.85,7.85,0,0,0,0
aclnnMatmul,,,12.82,12.82,23.26046875,23.26046875,23.26046875,23.26046875
aten::slice,,,2.64,6.51,0,0,0,0
aten::as_strided,,,3.87,3.87,0,0,0,0
aten::layer_norm,,,17.57,88.0,0,19.640375000000002,0,0
aten::native_layer_norm,,,30.87,70.43,0,19.640375000000002,0,0
aten::resize_,,,5.45,5.45,0,0,0,0
aten::resize_,,,1.39,1.39,0,0,0,0
empty_tensor,,,9.03,9.03,0,0,0,0
empty_tensor,,,4.39,4.39,0,0,0,0
empty_tensor,,,4.56,4.56,0,0,0,0
aclnnLayerNorm,,,14.74,14.74,19.640375000000002,19.640375000000002,0,0
aten::linear,,,4.22,41.69,0,19.78040625,0,19.78040625
aten::t,,,4.07,11.32,0,0,0,0
aten::transpose,,,2.6,7.25,0,0,0,0
aten::as_strided,,,4.65,4.65,0,0,0,0
aten::matmul,,,15.78,26.15,0,19.78040625,0,19.78040625
empty_tensor,,,7.24,7.24,0,0,0,0
aclnnMatmul,,,3.13,3.13,19.78040625,19.78040625,19.78040625,19.78040625
aten::slice,,,2.8,6.72,0,0,0,0
aten::as_strided,,,3.92,3.92,0,0,0,0
vllm::unquantized_gemm,,,22.62,85.2,0,19.52040625,0,19.52040625
aten::linear,,,3.85,62.58,0,19.52040625,0,19.52040625
aten::t,,,5.05,13.26,0,0,0,0
aten::transpose,,,2.72,8.21,0,0,0,0
aten::as_strided,,,5.49,5.49,0,0,0,0
aten::matmul,,,18.73,45.47,0,19.52040625,0,19.52040625
empty_tensor,,,9.89,9.89,0,0,0,0
aclnnMatmul,,,16.85,16.85,19.52040625,19.52040625,19.52040625,19.52040625
aten::view,,,6.2,6.2,0,0,0,0
aten::slice,,,2.6,6.05,0,0,0,0
aten::as_strided,,,3.45,3.45,0,0,0,0
aten::to,,,2.35,60.53,0,4.0400624999999994,0,0
aten::_to_copy,,,6.81,58.18,0,4.0400624999999994,0,0
aten::empty_strided,,,8.16,12.92,0,0,0,0
empty_tensor,,,4.76,4.76,0,0,0,0
aten::copy_,,,22.83,38.45,0,4.0400624999999994,0,0
aclnnInplaceCopy,,,15.62,15.62,4.0400624999999994,4.0400624999999994,0,0
aten::mul,,,20.11,45.08,0,1.78003125,0,0
empty_tensor,,,6.95,6.95,0,0,0,0
aten::item,,,2.15,4.05,0,0,0,0
aten::_local_scalar_dense,,,1.9,1.9,0,0,0,0
aclnnMuls,,,13.97,13.97,1.78003125,1.78003125,0,0
aten::slice,,,3.51,8.68,0,0,0,0
aten::as_strided,,,5.17,5.17,0,0,0,0
aten::max,,,13.27,20.71,0,0,0,0
aten::empty,,,4.54,4.54,0,0,0,0
aten::fill_,,,2.9,2.9,0,0,0,0
aten::item,,,1.6,2.92,0,0,0,0
aten::_local_scalar_dense,,,1.32,1.32,0,0,0,0
aten::slice,,,7.66,37.24,0,0,0,0
aten::as_strided,,,29.58,29.58,0,0,0,0
aten::slice,,,1.95,19.66,0,0,0,0
aten::as_strided,,,17.71,17.71,0,0,0,0
_glm5_next_kpool_tail_compress_kernel,,,39.28,39.28,21.1204375,21.1204375,0,0
_store_kpool_tail_kernel,,,26.55,26.55,2.9200625,2.9200625,0,0
aten::to,,,3.64,3.64,0,0,0,0
aten::empty,,,4.24,18.59,0,0,0,0
empty_tensor,,,14.35,14.35,0,0,0,0
aten::arange,,,22.64,46.93,0,7.32015625,0,0
empty_tensor,,,7.65,7.65,0,0,0,0
aclnnArange,,,16.64,16.64,7.32015625,7.32015625,0,0
aten::arange,,,12.94,26.08,0,4.66009375,0,0
empty_tensor,,,7.28,7.28,0,0,0,0
aclnnArange,,,5.86,5.86,4.66009375,4.66009375,0,0
aten::slice,,,4.06,10.94,0,0,0,0
aten::as_strided,,,6.88,6.88,0,0,0,0
aten::to,,,2.08,54.29,0,6.120125,0,0
aten::_to_copy,,,5.52,52.21,0,6.120125,0,0
aten::empty_strided,,,11.2,16.39,0,0,0,0
empty_tensor,,,5.19,5.19,0,0,0,0
aten::copy_,,,16.47,30.3,0,6.120125,0,0
aclnnInplaceCopy,,,13.83,13.83,6.120125,6.120125,0,0
aten::slice,,,2.27,6.07,0,0,0,0
aten::as_strided,,,3.8,3.8,0,0,0,0
aten::to,,,1.42,42.6,0,1.28,0,0
aten::_to_copy,,,4.01,41.18,0,1.28,0,0
aten::empty_strided,,,7.06,11.18,0,0,0,0
empty_tensor,,,4.12,4.12,0,0,0,0
aten::copy_,,,13.69,25.99,0,1.28,0,0
aclnnInplaceCopy,,,12.3,12.3,1.28,1.28,0,0
aten::unsqueeze,,,2.97,6.79,0,0,0,0
aten::as_strided,,,3.82,3.82,0,0,0,0
aten::mul,,,16.77,38.01,0,14.0803125,0,0
empty_tensor,,,9.74,9.74,0,0,0,0
aclnnMul,,,11.5,11.5,14.0803125,14.0803125,0,0
aten::sum,,,17.77,35.81,0,10.5401875,0,0
empty_tensor,,,5.95,5.95,0,0,0,0
aclnnReduceSum,,,12.09,12.09,10.5401875,10.5401875,0,0
aten::full,,,5.63,37.8,0,1.98003125,0,0
empty_tensor,,,7.26,7.26,0,0,0,0
aten::fill_,,,13.41,24.91,0,1.98003125,0,0
aclnnInplaceFillScalar,,,11.5,11.5,1.98003125,1.98003125,0,0
_glm5_next_lightning_indexer_score_kernel,,,26.05,26.05,16.84034375,16.84034375,0,0
aten::nan_to_num_,,,25.07,39.88,0,2.10003125,0,0
aclnnInplaceNanToNum,,,14.81,14.81,2.10003125,2.10003125,0,0
aten::topk,,,23.45,44.04,0,23.6005,0,0
empty_tensor,,,12.19,12.19,0,0,0,0
empty_tensor,,,4.86,4.86,0,0,0,0
aclnnTopk,,,3.54,3.54,23.6005,23.6005,0,0
aten::le,,,13.56,23.33,0,2.48003125,0,0
empty_tensor,,,7.24,7.24,0,0,0,0
aclnnLeScalar,,,2.53,2.53,2.48003125,2.48003125,0,0
aten::full_like,,,5.05,34.94,0,3.3600625,0,0
aten::empty_like,,,5.9,17.35,0,0,0,0
aten::empty_strided,,,7.68,11.45,0,0,0,0
empty_tensor,,,3.77,3.77,0,0,0,0
aten::fill_,,,9.11,12.54,0,3.3600625,0,0
aclnnInplaceFillScalar,,,3.43,3.43,3.3600625,3.3600625,0,0
aten::where,,,13.91,24.2,0,3.6000625,0,0
empty_tensor,,,6.97,6.97,0,0,0,0
aclnnSWhere,,,3.32,3.32,3.6000625,3.6000625,0,0
aten::unsqueeze,,,3.2,9.67,0,0,0,0
aten::as_strided,,,6.47,6.47,0,0,0,0
aten::mul,,,15.7,28.73,0,6.040125,0,0
empty_tensor,,,6.37,6.37,0,0,0,0
aten::item,,,2.29,4.0,0,0,0,0
aten::_local_scalar_dense,,,1.71,1.71,0,0,0,0
aclnnMuls,,,2.66,2.66,6.040125,6.040125,0,0
aten::add,,,16.84,25.75,0,18.280375,0,0
empty_tensor,,,5.9,5.9,0,0,0,0
aclnnAdd,,,3.01,3.01,18.280375,18.280375,0,0
aten::unsqueeze,,,2.95,6.73,0,0,0,0
aten::as_strided,,,3.78,3.78,0,0,0,0
aten::ge,,,10.99,31.92,0,4.06009375,0,0
empty_tensor,,,6.12,6.12,0,0,0,0
aclnnGeScalar,,,14.81,14.81,4.06009375,4.06009375,0,0
aten::full_like,,,3.87,45.6,0,7.24015625,0,0
aten::empty_like,,,5.1,17.73,0,0,0,0
aten::empty_strided,,,8.24,12.63,0,0,0,0
empty_tensor,,,4.39,4.39,0,0,0,0
aten::fill_,,,10.41,24.0,0,7.24015625,0,0
aclnnInplaceFillScalar,,,13.59,13.59,7.24015625,7.24015625,0,0
aten::where,,,13.68,32.3,0,14.78028125,0,0
empty_tensor,,,7.05,7.05,0,0,0,0
aclnnSWhere,,,11.57,11.57,14.78028125,14.78028125,0,0
aten::reshape,,,2.61,8.4,0,0,0,0
aten::view,,,5.79,5.79,0,0,0,0
aten::pad,,,4.79,147.06,0,594.271875,0,0
aten::constant_pad_nd,,,114.26,142.27,0,594.271875,0,0
empty_tensor,,,10.82,10.82,0,0,0,0
aclnnConstantPadNd,,,17.19,17.19,594.271875,594.271875,0,0
aten::slice,,,4.29,9.72,0,0,0,0
aten::as_strided,,,5.43,5.43,0,0,0,0
aten::add,,,22.38,48.71,0,3.1400625,0,0
empty_tensor,,,8.17,8.17,0,0,0,0
aten::item,,,2.1,3.76,0,0,0,0
aten::_local_scalar_dense,,,1.66,1.66,0,0,0,0
aclnnAdds,,,14.4,14.4,3.1400625,3.1400625,0,0
aten::floor_divide,,,18.06,41.9,0,4.32009375,0,0
empty_tensor,,,7.29,7.29,0,0,0,0
aten::item,,,1.69,2.66,0,0,0,0
aten::_local_scalar_dense,,,0.97,0.97,0,0,0,0
aclnnFloorDivides,,,13.89,13.89,4.32009375,4.32009375,0,0
aten::mul,,,17.32,38.36,0,2.3800625,0,0
empty_tensor,,,6.58,6.58,0,0,0,0
aten::item,,,1.37,2.37,0,0,0,0
aten::_local_scalar_dense,,,1.0,1.0,0,0,0,0
aclnnMuls,,,12.09,12.09,2.3800625,2.3800625,0,0
aten::add,,,17.3,37.8,0,2.60003125,0,0
empty_tensor,,,6.03,6.03,0,0,0,0
aten::item,,,1.53,2.6,0,0,0,0
aten::_local_scalar_dense,,,1.07,1.07,0,0,0,0
aclnnAdds,,,11.87,11.87,2.60003125,2.60003125,0,0
aten::sub,,,16.51,34.29,0,2.3800625,0,0
empty_tensor,,,6.35,6.35,0,0,0,0
aclnnSub,,,11.43,11.43,2.3800625,2.3800625,0,0
aten::unsqueeze,,,3.62,7.49,0,0,0,0
aten::as_strided,,,3.87,3.87,0,0,0,0
aten::unsqueeze,,,2.07,3.99,0,0,0,0
aten::as_strided,,,1.92,1.92,0,0,0,0
aten::lt,,,14.3,33.65,0,20.36040625,0,0
empty_tensor,,,7.11,7.11,0,0,0,0
aclnnLtTensor,,,12.24,12.24,20.36040625,20.36040625,0,0
aten::unsqueeze,,,2.9,5.92,0,0,0,0
aten::as_strided,,,3.02,3.02,0,0,0,0
aten::unsqueeze,,,2.21,3.96,0,0,0,0
aten::as_strided,,,1.75,1.75,0,0,0,0
aten::add,,,16.96,36.92,0,12.68025,0,0
empty_tensor,,,8.03,8.03,0,0,0,0
aclnnAdd,,,11.93,11.93,12.68025,12.68025,0,0
aten::where,,,8.88,72.54,0,4.30009375,0,0
aten::scalar_tensor,,,5.89,37.71,0,1.42003125,0,0
aten::empty,,,3.09,9.9,0,0,0,0
empty_tensor,,,6.81,6.81,0,0,0,0
aten::fill_,,,10.67,21.92,0,1.42003125,0,0
aclnnInplaceFillScalar,,,11.25,11.25,1.42003125,1.42003125,0,0
aten::to,,,0.71,0.71,0,0,0,0
aten::where,,,13.21,25.24,0,2.8800625,0,0
empty_tensor,,,6.79,6.79,0,0,0,0
aclnnSWhere,,,5.24,5.24,2.8800625,2.8800625,0,0
aten::cat,,,18.7,39.62,0,11.18021875,0,0
empty_tensor,,,9.36,9.36,0,0,0,0
aclnnCat,,,11.56,11.56,11.18021875,11.18021875,0,0
aten::to,,,1.99,47.98,0,8.1801875,0,0
aten::_to_copy,,,6.03,45.99,0,8.1801875,0,0
aten::empty_strided,,,9.16,13.19,0,0,0,0
empty_tensor,,,4.03,4.03,0,0,0,0
aten::copy_,,,14.17,26.77,0,8.1801875,0,0
aclnnInplaceCopy,,,12.6,12.6,8.1801875,8.1801875,0,0
aten::select,,,5.88,9.73,0,0,0,0
aten::as_strided,,,3.85,3.85,0,0,0,0
aten::copy_,,,11.3,21.95,0,7.48015625,0,0
aclnnInplaceCopy,,,10.65,10.65,7.48015625,7.48015625,0,0
aten::select,,,2.87,6.51,0,0,0,0
aten::as_strided,,,3.64,3.64,0,0,0,0
aten::to,,,1.93,1.93,0,0,0,0
aten::add,,,18.95,43.71,0,2.54003125,0,0
empty_tensor,,,7.67,7.67,0,0,0,0
aten::item,,,1.96,3.48,0,0,0,0
aten::_local_scalar_dense,,,1.52,1.52,0,0,0,0
aclnnAdds,,,13.61,13.61,2.54003125,2.54003125,0,0
aten::div,,,17.38,38.06,0,4.12009375,0,0
empty_tensor,,,6.55,6.55,0,0,0,0
aten::item,,,1.55,2.61,0,0,0,0
aten::_local_scalar_dense,,,1.06,1.06,0,0,0,0
aclnnDivMods,,,11.52,11.52,4.12009375,4.12009375,0,0
aten::mul,,,16.47,36.32,0,2.3200625,0,0
empty_tensor,,,5.84,5.84,0,0,0,0
aten::item,,,1.29,2.27,0,0,0,0
aten::_local_scalar_dense,,,0.98,0.98,0,0,0,0
aclnnMuls,,,11.74,11.74,2.3200625,2.3200625,0,0
aten::arange,,,14.03,32.25,0,6.500125,0,0
empty_tensor,,,6.36,6.36,0,0,0,0
aclnnArange,,,11.86,11.86,6.500125,6.500125,0,0
aten::unsqueeze,,,3.4,8.11,0,0,0,0
aten::as_strided,,,4.71,4.71,0,0,0,0
aten::add,,,16.12,33.62,0,8.18015625,0,0
empty_tensor,,,6.08,6.08,0,0,0,0
aclnnAdd,,,11.42,11.42,8.18015625,8.18015625,0,0
aten::add,,,15.76,35.47,0,2.52003125,0,0
empty_tensor,,,5.78,5.78,0,0,0,0
aten::item,,,1.31,2.63,0,0,0,0
aten::_local_scalar_dense,,,1.32,1.32,0,0,0,0
aclnnAdds,,,11.3,11.3,2.52003125,2.52003125,0,0
aten::sub,,,13.19,29.08,0,1.88003125,0,0
empty_tensor,,,5.63,5.63,0,0,0,0
aclnnSub,,,10.26,10.26,1.88003125,1.88003125,0,0
aten::unsqueeze,,,2.88,6.71,0,0,0,0
aten::as_strided,,,3.83,3.83,0,0,0,0
aten::lt,,,11.97,28.59,0,13.14025,0,0
empty_tensor,,,5.68,5.68,0,0,0,0
aclnnLtTensor,,,10.94,10.94,13.14025,13.14025,0,0
aten::where,,,7.73,64.26,0,3.76009375,0,0
aten::scalar_tensor,,,5.28,35.09,0,1.34003125,0,0
aten::empty,,,2.42,9.09,0,0,0,0
empty_tensor,,,6.67,6.67,0,0,0,0
aten::fill_,,,10.32,20.72,0,1.34003125,0,0
aclnnInplaceFillScalar,,,10.4,10.4,1.34003125,1.34003125,0,0
aten::to,,,1.01,1.01,0,0,0,0
aten::where,,,10.61,20.43,0,2.4200625,0,0
empty_tensor,,,7.0,7.0,0,0,0,0
aclnnSWhere,,,2.82,2.82,2.4200625,2.4200625,0,0
aten::to,,,2.28,46.4,0,1.16003125,0,0
aten::_to_copy,,,5.44,44.12,0,1.16003125,0,0
aten::empty_strided,,,7.22,11.35,0,0,0,0
empty_tensor,,,4.13,4.13,0,0,0,0
aten::copy_,,,14.66,27.33,0,1.16003125,0,0
aclnnInplaceCopy,,,12.67,12.67,1.16003125,1.16003125,0,0
aten::scalar_tensor,,,4.25,33.78,0,1.44003125,0,0
aten::empty,,,2.11,7.81,0,0,0,0
empty_tensor,,,5.7,5.7,0,0,0,0
aten::fill_,,,10.09,21.72,0,1.44003125,0,0
aclnnInplaceFillScalar,,,11.63,11.63,1.44003125,1.44003125,0,0
aten::slice,,,3.76,8.17,0,0,0,0
aten::as_strided,,,4.41,4.41,0,0,0,0
aten::view,,,2.77,2.77,0,0,0,0
aten::expand,,,2.73,4.61,0,0,0,0
aten::as_strided,,,1.88,1.88,0,0,0,0
aten::copy_,,,16.72,28.23,0,11.1601875,0,0
aclnnInplaceCopy,,,11.51,11.51,11.1601875,11.1601875,0,0
aten::clamp,,,13.79,32.11,0,4.660125,0,0
empty_tensor,,,6.91,6.91,0,0,0,0
aclnnClamp,,,11.41,11.41,4.660125,4.660125,0,0
aten::unsqueeze,,,2.97,7.34,0,0,0,0
aten::as_strided,,,4.37,4.37,0,0,0,0
aten::add,,,16.53,34.32,0,12.18025,0,0
empty_tensor,,,6.27,6.27,0,0,0,0
aclnnAdd,,,11.52,11.52,12.18025,12.18025,0,0
aten::scatter_,,,196.4,227.72,0,12.36025,0,0
aclnnInplaceScatter,,,31.32,31.32,12.36025,12.36025,0,0
aten::arange,,,16.73,29.36,0,6.900125,0,0
empty_tensor,,,9.35,9.35,0,0,0,0
aclnnArange,,,3.28,3.28,6.900125,6.900125,0,0
aten::select,,,4.47,10.13,0,0,0,0
aten::as_strided,,,5.66,5.66,0,0,0,0
aten::lt,,,16.8,25.94,0,3.6400625,0,0
empty_tensor,,,6.41,6.41,0,0,0,0
aclnnLtTensor,,,2.73,2.73,3.6400625,3.6400625,0,0
aten::unsqueeze,,,3.08,6.21,0,0,0,0
aten::as_strided,,,3.13,3.13,0,0,0,0
aten::unsqueeze,,,1.49,3.04,0,0,0,0
aten::as_strided,,,1.55,1.55,0,0,0,0
aten::bitwise_not,,,18.33,40.7,0,1.32003125,0,0
empty_tensor,,,6.52,6.52,0,0,0,0
aclnnBitwiseNot,,,15.85,15.85,1.32003125,1.32003125,0,0
aten::masked_fill_,,,15.61,29.17,0,13.58028125,0,0
aclnnInplaceMaskedFillScalar,,,13.56,13.56,13.58028125,13.58028125,0,0
aten::slice,,,9.67,15.25,0,0,0,0
aten::as_strided,,,5.58,5.58,0,0,0,0
aten::fill_,,,14.86,28.62,0,9.94021875,0,0
aclnnInplaceFillScalar,,,13.76,13.76,9.94021875,9.94021875,0,0
aten::slice,,,5.15,9.23,0,0,0,0
aten::as_strided,,,4.08,4.08,0,0,0,0
aten::select,,,3.64,6.5,0,0,0,0
aten::as_strided,,,2.86,2.86,0,0,0,0
aten::copy_,,,15.46,28.52,0,10.56021875,0,0
aclnnInplaceCopy,,,13.06,13.06,10.56021875,10.56021875,0,0
aten::slice,,,6.68,11.97,0,0,0,0
aten::as_strided,,,5.29,5.29,0,0,0,0
aten::to,,,2.09,2.09,0,0,0,0
aten::to,,,1.64,1.64,0,0,0,0
_C_ascend::npu_sparse_flash_attention,,,81.49,148.93,0,65.3613125,0,0
aten::empty,,,3.69,16.93,0,0,0,0
empty_tensor,,,13.24,13.24,0,0,0,0
aten::empty,,,8.31,12.05,0,0,0,0
empty_tensor,,,3.74,3.74,0,0,0,0
aten::empty,,,1.66,3.97,0,0,0,0
empty_tensor,,,2.31,2.31,0,0,0,0
aten::empty,,,3.29,14.21,0,0,0,0
empty_tensor,,,10.92,10.92,0,0,0,0
aclnnSparseFlashAttention,,,20.28,20.28,65.3613125,65.3613125,0,0
aten::view,,,7.67,7.67,0,0,0,0
npu::npu_transpose_batchmatmul,,,35.77,64.29,0,25.1805,0,25.1805
empty_tensor,,,11.17,11.17,0,0,0,0
aclnnTransposeBatchMatMul,,,17.35,17.35,25.1805,25.1805,25.1805,25.1805
aten::reshape,,,4.65,10.14,0,0,0,0
aten::view,,,5.49,5.49,0,0,0,0
aten::slice,,,3.78,7.44,0,0,0,0
aten::as_strided,,,3.66,3.66,0,0,0,0
vllm::unquantized_gemm,,,25.65,94.46,0,204.98409375,0,204.98409375
aten::linear,,,4.98,68.81,0,204.98409375,0,204.98409375
aten::t,,,6.19,16.31,0,0,0,0
aten::transpose,,,3.03,10.12,0,0,0,0
aten::as_strided,,,7.09,7.09,0,0,0,0
aten::matmul,,,21.08,47.52,0,204.98409375,0,204.98409375
empty_tensor,,,10.59,10.59,0,0,0,0
aclnnMatmul,,,15.85,15.85,204.98409375,204.98409375,204.98409375,204.98409375
aten::copy_,,,20.3,40.79,0,8.5401875,0,0
aclnnInplaceCopy,,,20.49,20.49,8.5401875,8.5401875,0,0
aten::view,,,6.16,6.16,0,0,0,0
aten::unsqueeze,,,3.82,9.54,0,0,0,0
aten::as_strided,,,5.72,5.72,0,0,0,0
aten::unsqueeze,,,1.81,4.86,0,0,0,0
aten::as_strided,,,3.05,3.05,0,0,0,0
aten::squeeze,,,3.24,6.11,0,0,0,0
aten::as_strided,,,2.87,2.87,0,0,0,0
aten::unsqueeze,,,1.51,4.04,0,0,0,0
aten::as_strided,,,2.53,2.53,0,0,0,0
aten::unsqueeze,,,1.44,4.96,0,0,0,0
aten::as_strided,,,3.52,3.52,0,0,0,0
_C_ascend::npu_hc_post,,,53.88,106.86,0,24.58046875,0,0
aten::empty,,,3.17,14.42,0,0,0,0
empty_tensor,,,11.25,11.25,0,0,0,0
aten::empty,,,3.55,13.67,0,0,0,0
empty_tensor,,,10.12,10.12,0,0,0,0
aclnnHcPost,,,24.89,24.89,24.58046875,24.58046875,0,0
aten::squeeze,,,3.96,9.14,0,0,0,0
aten::as_strided,,,5.18,5.18,0,0,0,0
_C_ascend::npu_hc_pre_v2,,,55.6,118.66,0,66.0413125,0,0
aten::empty,,,3.32,13.08,0,0,0,0
empty_tensor,,,9.76,9.76,0,0,0,0
aten::empty,,,1.53,9.87,0,0,0,0
empty_tensor,,,8.34,8.34,0,0,0,0
aten::empty,,,1.42,5.21,0,0,0,0
empty_tensor,,,3.79,3.79,0,0,0,0
aten::empty,,,1.34,5.4,0,0,0,0
empty_tensor,,,4.06,4.06,0,0,0,0
aten::empty,,,3.21,13.16,0,0,0,0
empty_tensor,,,9.95,9.95,0,0,0,0
aclnnHcPre,,,16.34,16.34,66.0413125,66.0413125,0,0
npu::npu_rms_norm,,,63.69,92.64,0,10.9601875,0,0
empty_tensor,,,8.32,8.32,0,0,0,0
empty_tensor,,,4.73,4.73,0,0,0,0
aclnnRmsNorm,,,15.9,15.9,10.9601875,10.9601875,0,0
aten::unsqueeze,,,3.84,9.07,0,0,0,0
aten::as_strided,,,5.23,5.23,0,0,0,0
vllm::moe_forward_shared,,,1948.32,3969.52,0,709.994125,0,76.40153125
Event::record,,,112.11,135.71,0,0.02,0,0
record_event,,,23.6,23.6,0.02,0.02,0,0
aten::to,,,2.94,64.3,0,7.90015625,0,0
aten::_to_copy,,,7.09,61.36,0,7.90015625,0,0
aten::empty_strided,,,11.9,19.43,0,0,0,0
empty_tensor,,,7.53,7.53,0,0,0,0
aten::copy_,,,17.3,34.84,0,7.90015625,0,0
aclnnInplaceCopy,,,17.54,17.54,7.90015625,7.90015625,0,0
aten::linear,,,5.02,59.88,0,7.60015625,0,7.60015625
aten::t,,,5.32,13.66,0,0,0,0
aten::transpose,,,3.0,8.34,0,0,0,0
aten::as_strided,,,5.34,5.34,0,0,0,0
aten::matmul,,,18.43,41.2,0,7.60015625,0,7.60015625
empty_tensor,,,9.1,9.1,0,0,0,0
aclnnMatmul,,,13.67,13.67,7.60015625,7.60015625,7.60015625,7.60015625
Event::record,,,97.29,115.52,0,0.02,0,0
record_event,,,18.23,18.23,0.02,0.02,0,0
_C_ascend::moe_gating_top_k,,,64.86,131.26,0,11.54021875,0,0
aten::empty,,,4.49,18.23,0,0,0,0
empty_tensor,,,13.74,13.74,0,0,0,0
aten::empty,,,2.01,7.27,0,0,0,0
empty_tensor,,,5.26,5.26,0,0,0,0
aten::empty,,,1.62,5.91,0,0,0,0
empty_tensor,,,4.29,4.29,0,0,0,0
aten::empty,,,3.52,16.27,0,0,0,0
empty_tensor,,,12.75,12.75,0,0,0,0
aclnnMoeGatingTopK,,,18.72,18.72,11.54021875,11.54021875,0,0
aten::to,,,2.33,2.33,0,0,0,0
Event::record,,,99.13,121.45,0,0.02,0,0
record_event,,,22.32,22.32,0.02,0.02,0,0
npu::npu_moe_init_routing_v2,,,40.63,87.2,0,31.60065625,0,0
empty_tensor,,,15.33,15.33,0,0,0,0
empty_tensor,,,5.23,5.23,0,0,0,0
empty_tensor,,,4.97,4.97,0,0,0,0
empty_tensor,,,3.81,3.81,0,0,0,0
aclnnMoeInitRoutingV3,,,17.23,17.23,31.60065625,31.60065625,0,0
aten::to,,,2.77,2.77,0,0,0,0
npu::npu_grouped_matmul,,,56.64,90.28,0,236.20471875,0,0
empty_tensor,,,13.37,13.37,0,0,0,0
npu::get_npu_format,,,4.4,4.4,0,0,0,0
aclnnGroupedMatmulV5,,,15.87,15.87,236.20471875,236.20471875,0,0
aten::chunk,,,6.4,34.13,0,0,0,0
aten::split,,,4.28,27.73,0,0,0,0
aten::narrow,,,4.57,16.94,0,0,0,0
aten::slice,,,3.73,12.37,0,0,0,0
aten::as_strided,,,8.64,8.64,0,0,0,0
aten::narrow,,,1.56,6.51,0,0,0,0
aten::slice,,,1.37,4.95,0,0,0,0
aten::as_strided,,,3.58,3.58,0,0,0,0
aten::clamp_,,,27.16,31.45,0,63.60128125,0,0
aclnnClamp,,,4.29,4.29,63.60128125,63.60128125,0,0
aten::clamp_,,,18.68,24.81,0,57.361124999999994,0,0
aclnnClamp,,,6.13,6.13,57.361124999999994,57.361124999999994,0,0
npu::npu_swiglu,,,64.76,89.74,0,19.84040625,0,0
empty_tensor,,,7.76,7.76,0,0,0,0
aclnnSwiGlu,,,17.22,17.22,19.84040625,19.84040625,0,0
Event::record,,,99.7,119.68,0,0.02,0,0
record_event,,,19.98,19.98,0.02,0.02,0,0
npu::npu_grouped_matmul,,,39.02,72.08,0,121.22240625,0,0
empty_tensor,,,14.53,14.53,0,0,0,0
npu::get_npu_format,,,2.26,2.26,0,0,0,0
aclnnGroupedMatmulV5,,,16.27,16.27,121.22240625,121.22240625,0,0
Event::record,,,93.62,112.81,0,0.02,0,0
record_event,,,19.19,19.19,0.02,0.02,0,0
aten::to,,,3.09,65.54,0,1.38003125,0,0
aten::_to_copy,,,6.79,62.45,0,1.38003125,0,0
aten::empty_strided,,,10.68,17.8,0,0,0,0
empty_tensor,,,7.12,7.12,0,0,0,0
aten::copy_,,,20.74,37.86,0,1.38003125,0,0
aclnnInplaceCopy,,,17.12,17.12,1.38003125,1.38003125,0,0
aten::abs,,,13.51,34.34,0,1.6000625,0,0
empty_tensor,,,8.31,8.31,0,0,0,0
aclnnAbs,,,12.52,12.52,1.6000625,1.6000625,0,0
npu::npu_moe_token_unpermute,,,97.49,121.22,0,16.5203125,0,0
empty_tensor,,,9.0,9.0,0,0,0,0
aclnnMoeTokenUnpermute,,,14.73,14.73,16.5203125,16.5203125,0,0
vllm::unquantized_gemm,,,25.01,100.23,0,45.6809375,0,45.6809375
aten::linear,,,5.22,75.22,0,45.6809375,0,45.6809375
aten::t,,,6.43,17.42,0,0,0,0
aten::transpose,,,3.45,10.99,0,0,0,0
aten::as_strided,,,7.54,7.54,0,0,0,0
aten::matmul,,,22.03,52.58,0,45.6809375,0,45.6809375
empty_tensor,,,12.01,12.01,0,0,0,0
aclnnMatmul,,,18.54,18.54,45.6809375,45.6809375,45.6809375,45.6809375
aten::slice,,,4.66,10.25,0,0,0,0
aten::as_strided,,,5.59,5.59,0,0,0,0
aten::clamp,,,23.15,49.36,0,13.560281250000001,0,0
empty_tensor,,,10.23,10.23,0,0,0,0
aclnnClamp,,,15.98,15.98,13.560281250000001,13.560281250000001,0,0
aten::slice,,,3.11,6.97,0,0,0,0
aten::as_strided,,,3.86,3.86,0,0,0,0
aten::clamp,,,18.43,39.7,0,11.76021875,0,0
empty_tensor,,,7.71,7.71,0,0,0,0
aclnnClamp,,,13.56,13.56,11.76021875,11.76021875,0,0
aten::mul,,,19.79,44.53,0,7.620125,0,0
empty_tensor,,,6.78,6.78,0,0,0,0
aten::item,,,2.63,4.8,0,0,0,0
aten::_local_scalar_dense,,,2.17,2.17,0,0,0,0
aclnnMuls,,,13.16,13.16,7.620125,7.620125,0,0
aten::sigmoid,,,14.23,32.99,0,9.5001875,0,0
empty_tensor,,,6.68,6.68,0,0,0,0
aclnnSigmoid,,,12.08,12.08,9.5001875,9.5001875,0,0
aten::mul,,,13.86,30.07,0,9.9001875,0,0
empty_tensor,,,5.43,5.43,0,0,0,0
aclnnMul,,,10.78,10.78,9.9001875,9.9001875,0,0
aten::add,,,18.93,40.64,0,7.660125,0,0
empty_tensor,,,6.29,6.29,0,0,0,0
aten::item,,,1.67,2.75,0,0,0,0
aten::_local_scalar_dense,,,1.08,1.08,0,0,0,0
aclnnAdds,,,12.67,12.67,7.660125,7.660125,0,0
aten::mul,,,12.65,29.47,0,4.72009375,0,0
empty_tensor,,,5.7,5.7,0,0,0,0
aclnnMul,,,11.12,11.12,4.72009375,4.72009375,0,0
vllm::unquantized_gemm,,,22.94,88.67,0,23.1204375,0,23.1204375
aten::linear,,,4.9,65.73,0,23.1204375,0,23.1204375
aten::t,,,5.02,15.47,0,0,0,0
aten::transpose,,,3.21,10.45,0,0,0,0
aten::as_strided,,,7.24,7.24,0,0,0,0
aten::matmul,,,19.62,45.36,0,23.1204375,0,23.1204375
empty_tensor,,,10.57,10.57,0,0,0,0
aclnnMatmul,,,15.17,15.17,23.1204375,23.1204375,23.1204375,23.1204375
destroy_event,,,14.42,14.42,0,0,0,0
destroy_event,,,3.92,3.92,0,0,0,0
destroy_event,,,1.61,1.61,0,0,0,0
destroy_event,,,5.86,5.86,0,0,0,0
destroy_event,,,6.01,6.01,0,0,0,0
vllm::maybe_all_reduce_shared_expert,,,23.99,23.99,0,0,0,0
aten::_foreach_add,,,34.83,65.59,0,15.0603125,0,0
aten::result_type,,,2.44,2.44,0,0,0,0
empty_tensor,,,12.73,12.73,0,0,0,0
aclnnForeachAddListV2,,,15.59,15.59,15.0603125,15.0603125,0,0
vllm::maybe_all_reduce_tensor_model_parallel,,,30.31,30.31,0,0,0,0
aten::view,,,8.02,8.02,0,0,0,0
aten::unsqueeze,,,3.89,8.71,0,0,0,0
aten::as_strided,,,4.82,4.82,0,0,0,0
aten::unsqueeze,,,1.95,4.92,0,0,0,0
aten::as_strided,,,2.97,2.97,0,0,0,0
aten::squeeze,,,2.77,5.61,0,0,0,0
aten::as_strided,,,2.84,2.84,0,0,0,0
aten::unsqueeze,,,1.78,4.52,0,0,0,0
aten::as_strided,,,2.74,2.74,0,0,0,0
aten::unsqueeze,,,1.48,4.16,0,0,0,0
aten::as_strided,,,2.68,2.68,0,0,0,0
_C_ascend::npu_hc_post,,,53.06,101.62,0,22.3604375,0,0
aten::empty,,,3.42,14.14,0,0,0,0
empty_tensor,,,10.72,10.72,0,0,0,0
aten::empty,,,3.27,13.84,0,0,0,0
empty_tensor,,,10.57,10.57,0,0,0,0
aclnnHcPost,,,20.58,20.58,22.3604375,22.3604375,0,0
aten::squeeze,,,3.87,8.63,0,0,0,0
aten::as_strided,,,4.76,4.76,0,0,0,0
aten::mean,,,24.99,48.55,0,16.56034375,0,0
empty_tensor,,,8.57,8.57,0,0,0,0
aclnnMean,,,14.99,14.99,16.56034375,16.56034375,0,0
npu::npu_rms_norm,,,68.43,99.61,0,13.28025,0,0
empty_tensor,,,9.84,9.84,0,0,0,0
empty_tensor,,,4.85,4.85,0,0,0,0
aclnnRmsNorm,,,16.49,16.49,13.28025,13.28025,0,0
aten::index,,,34.5,63.91,0,10.820218749999999,0,0
empty_tensor,,,5.95,5.95,0,0,0,0
empty_tensor,,,6.08,6.08,0,0,0,0
aclnnIndex,,,17.38,17.38,10.820218749999999,10.820218749999999,0,0
aten::linear,,,6.09,67.62,0,963.57925,0,963.57925
aten::t,,,5.75,15.46,0,0,0,0
aten::transpose,,,3.24,9.71,0,0,0,0
aten::as_strided,,,6.47,6.47,0,0,0,0
aten::matmul,,,19.27,46.07,0,963.57925,0,963.57925
empty_tensor,,,8.31,8.31,0,0,0,0
aclnnMatmul,,,18.49,18.49,963.57925,963.57925,963.57925,963.57925
aten::alias,,,3.99,3.99,0,0,0,0
aten::log_softmax,,,15.0,122.39,0,51.16103124999999,0,0
aten::to,,,4.29,68.47,0,7.32015625,0,0
aten::_to_copy,,,7.55,64.18,0,7.32015625,0,0
aten::empty_strided,,,10.84,18.0,0,0,0,0
empty_tensor,,,7.16,7.16,0,0,0,0
aten::copy_,,,21.54,38.63,0,7.32015625,0,0
aclnnInplaceCopy,,,17.09,17.09,7.32015625,7.32015625,0,0
aten::_log_softmax,,,17.87,38.92,0,43.840875,0,0
empty_tensor,,,7.63,7.63,0,0,0,0
aclnnLogSoftmax,,,13.42,13.42,43.840875,43.840875,0,0
aten::to,,,2.14,47.92,0,2.8600625,0,0
aten::_to_copy,,,5.48,45.78,0,2.8600625,0,0
aten::empty_strided,,,6.97,12.01,0,0,0,0
empty_tensor,,,5.04,5.04,0,0,0,0
aten::copy_,,,15.73,28.29,0,2.8600625,0,0
aclnnInplaceCopy,,,12.56,12.56,2.8600625,2.8600625,0,0
aten::argmax,,,8.66,64.3,0,20.64040625,0,0
aten::empty,,,2.78,9.92,0,0,0,0
empty_tensor,,,7.14,7.14,0,0,0,0
aten::argmax,,,25.84,45.72,0,20.64040625,0,0
aten::reshape,,,1.89,7.7,0,0,0,0
aten::view,,,5.81,5.81,0,0,0,0
aclnnArgMax,,,12.18,12.18,20.64040625,20.64040625,0,0
aten::view,,,4.37,4.37,0,0,0,0
aten::to,,,1.71,1.71,0,0,0,0
aten::topk,,,21.19,61.99,0,36.420750000000005,0,0
empty_tensor,,,23.04,23.04,0,0,0,0
empty_tensor,,,4.73,4.73,0,0,0,0
aclnnTopk,,,13.03,13.03,36.420750000000005,36.420750000000005,0,0
aten::unsqueeze,,,3.29,8.31,0,0,0,0
aten::as_strided,,,5.02,5.02,0,0,0,0
aten::gather,,,22.56,32.8,0,6.0000937500000004,0,0
empty_tensor,,,6.47,6.47,0,0,0,0
aclnnGather,,,3.77,3.77,6.0000937500000004,6.0000937500000004,0,0
TorchDynamo Cache Lookup,,,44.11,44.11,0,0,0,0
Torch-Compiled Region: 0/0,,,119.3,211.85,0,36.76078125,0,0
aten::_assert_scalar,,,3.36,3.36,0,0,0,0
aten::_assert_scalar,,,1.37,1.37,0,0,0,0
aten::_assert_scalar,,,0.99,0.99,0,0,0,0
aten::ge,,,19.21,46.69,0,7.7801875,0,0
empty_tensor,,,9.97,9.97,0,0,0,0
aclnnGeTensor,,,17.51,17.51,7.7801875,7.7801875,0,0
aten::sum,,,20.38,40.14,0,28.98059375,0,0
empty_tensor,,,7.13,7.13,0,0,0,0
aclnnReduceSum,,,12.63,12.63,28.98059375,28.98059375,0,0
aten::cat,,,19.86,40.66,0,2.56003125,0,0
empty_tensor,,,7.67,7.67,0,0,0,0
aclnnCat,,,13.13,13.13,2.56003125,2.56003125,0,0
aten::cat,,,13.16,31.2,0,1.94003125,0,0
empty_tensor,,,6.52,6.52,0,0,0,0
aclnnCat,,,11.52,11.52,1.94003125,1.94003125,0,0
aten::to,,,2.82,54.17,0,1.36003125,0,0
aten::_to_copy,,,6.13,51.35,0,1.36003125,0,0
aten::empty_strided,,,8.67,14.66,0,0,0,0
empty_tensor,,,5.99,5.99,0,0,0,0
aten::copy_,,,16.48,30.56,0,1.36003125,0,0
aclnnInplaceCopy,,,14.08,14.08,1.36003125,1.36003125,0,0
aten::to,,,1.92,44.95,0,1.38003125,0,0
aten::_to_copy,,,4.62,43.03,0,1.38003125,0,0
aten::empty_strided,,,6.74,10.89,0,0,0,0
empty_tensor,,,4.15,4.15,0,0,0,0
aten::copy_,,,14.86,27.52,0,1.38003125,0,0
aclnnInplaceCopy,,,12.66,12.66,1.38003125,1.38003125,0,0
aten::unsqueeze,,,3.38,8.26,0,0,0,0
aten::as_strided,,,4.88,4.88,0,0,0,0
Event::record,,,158.15,179.01,0,0.02,0,0
record_event,,,20.86,20.86,0.02,0.02,0,0
aten::slice,,,5.02,13.11,0,0,0,0
aten::as_strided,,,8.09,8.09,0,0,0,0
Event::wait,,,75.95,99.91,0,0.02,0,0
wait_event,,,23.96,23.96,0.02,0.02,0,0
Event::record,,,120.89,143.06,0,0.02,0,0
record_event,,,22.17,22.17,0.02,0.02,0,0
Event::wait,,,67.71,99.35,0,0.02,0,0
wait_event,,,31.64,31.64,0.02,0.02,0,0
destroy_event,,,16.46,16.46,0,0,0,0
aten::to,,,4.06,89.04,0,2.04003125,0,0
aten::_to_copy,,,7.47,84.98,0,2.04003125,0,0
aten::empty_strided,,,42.17,42.17,0,0,0,0
aten::copy_,,,22.73,35.34,0,2.04003125,0,0
acl_memcpy_device_to_host,,,12.61,12.61,2.04003125,2.04003125,0,0
aten::to,,,2.91,40.83,0,1.90003125,0,0
aten::_to_copy,,,4.78,37.92,0,1.90003125,0,0
aten::empty_strided,,,3.75,3.75,0,0,0,0
aten::copy_,,,16.2,29.39,0,1.90003125,0,0
acl_memcpy_device_to_host,,,13.19,13.19,1.90003125,1.90003125,0,0
aten::to,,,2.51,35.75,0,1.84003125,0,0
aten::_to_copy,,,4.81,33.24,0,1.84003125,0,0
aten::empty_strided,,,3.44,3.44,0,0,0,0
aten::copy_,,,13.12,24.99,0,1.84003125,0,0
acl_memcpy_device_to_host,,,11.87,11.87,1.84003125,1.84003125,0,0
aten::to,,,2.23,37.72,0,1.8200625,0,0
aten::_to_copy,,,4.24,35.49,0,1.8200625,0,0
aten::empty_strided,,,3.35,3.35,0,0,0,0
aten::copy_,,,12.47,27.9,0,1.8200625,0,0
acl_memcpy_device_to_host,,,15.43,15.43,1.8200625,1.8200625,0,0
Event::record,,,169.18,189.01,0,0.02,0,0
record_event,,,19.83,19.83,0.02,0.02,0,0
Event::synchronize,,,90.9,90.9,0,0,0,0
aten::slice,,,13.0,18.23,0,0,0,0
aten::as_strided,,,5.23,5.23,0,0,0,0
aten::slice,,,3.82,11.41,0,0,0,0
aten::as_strided,,,7.59,7.59,0,0,0,0
aten::pin_memory,,,5.49,23.5,0,0,0,0
aten::is_pinned,,,18.01,18.01,0,0,0,0
aten::copy_,,,20.83,45.02,0,2.18003125,0,0
acl_memcpy_host_to_device,,,24.19,24.19,2.18003125,2.18003125,0,0
aten::slice,,,7.05,9.56,0,0,0,0
aten::as_strided,,,2.51,2.51,0,0,0,0
aten::slice,,,2.92,7.95,0,0,0,0
aten::as_strided,,,5.03,5.03,0,0,0,0
aten::pin_memory,,,3.47,12.34,0,0,0,0
aten::is_pinned,,,8.87,8.87,0,0,0,0
aten::copy_,,,16.07,39.04,0,2.1800625,0,0
acl_memcpy_host_to_device,,,22.97,22.97,2.1800625,2.1800625,0,0
aten::slice,,,6.21,8.21,0,0,0,0
aten::as_strided,,,2.0,2.0,0,0,0,0
aten::slice,,,2.96,7.07,0,0,0,0
aten::as_strided,,,4.11,4.11,0,0,0,0
aten::pin_memory,,,3.38,11.5,0,0,0,0
aten::is_pinned,,,8.12,8.12,0,0,0,0
aten::copy_,,,13.96,32.68,0,2.1800625,0,0
acl_memcpy_host_to_device,,,18.72,18.72,2.1800625,2.1800625,0,0
aten::slice,,,4.92,13.06,0,0,0,0
aten::as_strided,,,8.14,8.14,0,0,0,0
aten::slice,,,2.92,7.31,0,0,0,0
aten::as_strided,,,4.39,4.39,0,0,0,0
aten::pin_memory,,,3.15,11.34,0,0,0,0
aten::is_pinned,,,8.19,8.19,0,0,0,0
aten::copy_,,,13.37,30.55,0,2.16003125,0,0
acl_memcpy_host_to_device,,,17.18,17.18,2.16003125,2.16003125,0,0
aten::slice,,,5.15,7.34,0,0,0,0
aten::as_strided,,,2.19,2.19,0,0,0,0
aten::slice,,,2.91,6.8,0,0,0,0
aten::as_strided,,,3.89,3.89,0,0,0,0
aten::pin_memory,,,3.12,11.47,0,0,0,0
aten::is_pinned,,,8.35,8.35,0,0,0,0
aten::copy_,,,13.5,31.91,0,2.4400625,0,0
acl_memcpy_host_to_device,,,18.41,18.41,2.4400625,2.4400625,0,0
aten::slice,,,10.08,13.33,0,0,0,0
aten::as_strided,,,3.25,3.25,0,0,0,0
aten::slice,,,3.59,10.18,0,0,0,0
aten::as_strided,,,6.59,6.59,0,0,0,0
aten::pin_memory,,,4.06,18.28,0,0,0,0
aten::is_pinned,,,14.22,14.22,0,0,0,0
aten::copy_,,,17.82,42.69,0,2.2000625,0,0
acl_memcpy_host_to_device,,,24.87,24.87,2.2000625,2.2000625,0,0
aten::slice,,,6.0,10.59,0,0,0,0
aten::as_strided,,,4.59,4.59,0,0,0,0
aten::lift_fresh,,,1.66,1.66,0,0,0,0
aten::lift_fresh,,,1.36,1.36,0,0,0,0
aten::flatten,,,4.89,12.44,0,0,0,0
aten::view,,,7.55,7.55,0,0,0,0
aten::slice,,,4.09,5.9,0,0,0,0
aten::as_strided,,,1.81,1.81,0,0,0,0
aten::index_select,,,9.19,9.19,0,0,0,0
aten::pin_memory,,,3.95,17.84,0,0,0,0
aten::is_pinned,,,13.89,13.89,0,0,0,0
aten::copy_,,,17.6,38.36,0,2.20003125,0,0
acl_memcpy_host_to_device,,,20.76,20.76,2.20003125,2.20003125,0,0
aten::pin_memory,,,3.87,11.6,0,0,0,0
aten::is_pinned,,,7.73,7.73,0,0,0,0
aten::copy_,,,14.22,29.41,0,2.2600625,0,0
acl_memcpy_host_to_device,,,15.19,15.19,2.2600625,2.2600625,0,0
aten::slice,,,7.46,10.12,0,0,0,0
aten::as_strided,,,2.66,2.66,0,0,0,0
aten::lift_fresh,,,0.98,0.98,0,0,0,0
aten::slice,,,3.8,5.04,0,0,0,0
aten::as_strided,,,1.24,1.24,0,0,0,0
aten::add,,,18.63,18.63,0,0,0,0
aten::slice,,,3.96,5.92,0,0,0,0
aten::as_strided,,,1.96,1.96,0,0,0,0
aten::fill_,,,6.19,6.19,0,0,0,0
aten::slice,,,3.57,9.18,0,0,0,0
aten::as_strided,,,5.61,5.61,0,0,0,0
aten::fill_,,,19.88,37.47,0,1.48003125,0,0
aclnnInplaceFillScalar,,,17.59,17.59,1.48003125,1.48003125,0,0
aten::slice,,,6.32,12.47,0,0,0,0
aten::as_strided,,,6.15,6.15,0,0,0,0
aten::select,,,4.32,6.9,0,0,0,0
aten::as_strided,,,2.58,2.58,0,0,0,0
aten::copy_,,,76.17,106.8,0,0.6,0,0
aclnnInplaceCopy,,,30.63,30.63,0.6,0.6,0,0
aten::slice,,,7.95,10.83,0,0,0,0
aten::as_strided,,,2.88,2.88,0,0,0,0
aten::detach,,,4.21,4.21,0,0,0,0
aten::to,,,2.1,2.1,0,0,0,0
aten::resolve_conj,,,1.54,1.54,0,0,0,0
aten::resolve_neg,,,0.69,0.69,0,0,0,0
aten::slice,,,5.69,8.67,0,0,0,0
aten::as_strided,,,2.98,2.98,0,0,0,0
aten::slice,,,3.45,8.64,0,0,0,0
aten::as_strided,,,5.19,5.19,0,0,0,0
aten::pin_memory,,,4.23,19.21,0,0,0,0
aten::is_pinned,,,14.98,14.98,0,0,0,0
aten::copy_,,,3.78,3.78,0,0,0,0
aten::slice,,,5.46,7.49,0,0,0,0
aten::as_strided,,,2.03,2.03,0,0,0,0
aten::slice,,,2.76,6.82,0,0,0,0
aten::as_strided,,,4.06,4.06,0,0,0,0
aten::pin_memory,,,3.2,12.73,0,0,0,0
aten::is_pinned,,,9.53,9.53,0,0,0,0
aten::copy_,,,16.22,35.7,0,2.1000625,0,0
acl_memcpy_host_to_device,,,19.48,19.48,2.1000625,2.1000625,0,0
aten::fill_,,,18.45,34.29,0,1.44003125,0,0
aclnnInplaceFillScalar,,,15.84,15.84,1.44003125,1.44003125,0,0
aten::slice,,,6.33,11.06,0,0,0,0
aten::as_strided,,,4.73,4.73,0,0,0,0
aten::slice,,,3.1,4.94,0,0,0,0
aten::as_strided,,,1.84,1.84,0,0,0,0
aten::copy_,,,18.46,31.36,0,2.14003125,0,0
acl_memcpy_host_to_device,,,12.9,12.9,2.14003125,2.14003125,0,0
aten::slice,,,5.47,7.55,0,0,0,0
aten::as_strided,,,2.08,2.08,0,0,0,0
aten::slice,,,3.23,9.57,0,0,0,0
aten::as_strided,,,6.34,6.34,0,0,0,0
aten::pin_memory,,,3.88,14.05,0,0,0,0
aten::is_pinned,,,10.17,10.17,0,0,0,0
aten::copy_,,,14.08,27.67,0,2.1400625,0,0
acl_memcpy_host_to_device,,,13.59,13.59,2.1400625,2.1400625,0,0
aten::slice,,,5.79,10.18,0,0,0,0
aten::as_strided,,,4.39,4.39,0,0,0,0
aten::slice,,,3.21,5.05,0,0,0,0
aten::as_strided,,,1.84,1.84,0,0,0,0
aten::slice,,,2.63,5.34,0,0,0,0
aten::as_strided,,,2.71,2.71,0,0,0,0
aten::pin_memory,,,3.69,11.96,0,0,0,0
aten::is_pinned,,,8.27,8.27,0,0,0,0
aten::copy_,,,12.7,25.47,0,2.1600625,0,0
acl_memcpy_host_to_device,,,12.77,12.77,2.1600625,2.1600625,0,0
aten::slice,,,5.35,7.31,0,0,0,0
aten::as_strided,,,1.96,1.96,0,0,0,0
aten::slice,,,3.2,7.32,0,0,0,0
aten::as_strided,,,4.12,4.12,0,0,0,0
aten::pin_memory,,,3.28,11.24,0,0,0,0
aten::is_pinned,,,7.96,7.96,0,0,0,0
aten::copy_,,,12.73,25.86,0,2.32003125,0,0
acl_memcpy_host_to_device,,,13.13,13.13,2.32003125,2.32003125,0,0
aten::slice,,,4.73,8.19,0,0,0,0
aten::as_strided,,,3.46,3.46,0,0,0,0
aten::index,,,35.21,65.95,0,11.42025,0,0
empty_tensor,,,7.61,7.61,0,0,0,0
empty_tensor,,,8.27,8.27,0,0,0,0
aclnnIndex,,,14.86,14.86,11.42025,11.42025,0,0
aten::to,,,2.59,53.06,0,1.3000625,0,0
aten::_to_copy,,,6.28,50.47,0,1.3000625,0,0
aten::empty_strided,,,8.74,13.01,0,0,0,0
empty_tensor,,,4.27,4.27,0,0,0,0
aten::copy_,,,17.03,31.18,0,1.3000625,0,0
aclnnInplaceCopy,,,14.15,14.15,1.3000625,1.3000625,0,0
aten::slice,,,6.05,10.79,0,0,0,0
aten::as_strided,,,4.74,4.74,0,0,0,0
aten::add,,,20.34,39.88,0,2.48003125,0,0
empty_tensor,,,6.99,6.99,0,0,0,0
aclnnAdd,,,12.55,12.55,2.48003125,2.48003125,0,0
aten::slice,,,5.58,10.23,0,0,0,0
aten::as_strided,,,4.65,4.65,0,0,0,0
aten::copy_,,,56.42,70.83,0,0.6,0,0
aclnnInplaceCopy,,,14.41,14.41,0.6,0.6,0,0
aten::slice,,,6.65,10.78,0,0,0,0
aten::as_strided,,,4.13,4.13,0,0,0,0
aten::add,,,19.09,40.68,0,1.56003125,0,0
empty_tensor,,,8.01,8.01,0,0,0,0
aclnnAdd,,,13.58,13.58,1.56003125,1.56003125,0,0
aten::slice,,,6.38,10.67,0,0,0,0
aten::as_strided,,,4.29,4.29,0,0,0,0
aten::copy_,,,49.51,63.49,0,0.62,0,0
aclnnInplaceCopy,,,13.98,13.98,0.62,0.62,0,0
aten::slice,,,6.27,10.33,0,0,0,0
aten::as_strided,,,4.06,4.06,0,0,0,0
aten::fill_,,,13.85,26.92,0,1.48003125,0,0
aclnnInplaceFillScalar,,,13.07,13.07,1.48003125,1.48003125,0,0
aten::slice,,,4.81,8.74,0,0,0,0
aten::as_strided,,,3.93,3.93,0,0,0,0
aten::slice,,,2.78,5.45,0,0,0,0
aten::as_strided,,,2.67,2.67,0,0,0,0
_compute_slot_mapping_fused_groups_kernel,,,27.67,27.67,22.28046875,22.28046875,0,0
aten::slice,,,9.36,17.24,0,0,0,0
aten::as_strided,,,7.88,7.88,0,0,0,0
aten::sub,,,26.38,58.15,0,1.54003125,0,0
empty_tensor,,,10.29,10.29,0,0,0,0
aten::item,,,2.39,4.41,0,0,0,0
aten::_local_scalar_dense,,,2.02,2.02,0,0,0,0
aclnnSubs,,,17.07,17.07,1.54003125,1.54003125,0,0
aten::pin_memory,,,8.55,26.96,0,0,0,0
aten::is_pinned,,,18.41,18.41,0,0,0,0
aten::copy_,,,20.83,43.25,0,2.3600625,0,0
acl_memcpy_host_to_device,,,22.42,22.42,2.3600625,2.3600625,0,0
aten::detach,,,4.91,4.91,0,0,0,0
aten::to,,,2.1,2.1,0,0,0,0
aten::resolve_conj,,,1.15,1.15,0,0,0,0
aten::resolve_neg,,,0.65,0.65,0,0,0,0
aten::slice,,,8.23,15.22,0,0,0,0
aten::as_strided,,,6.99,6.99,0,0,0,0
aten::slice,,,3.3,6.6,0,0,0,0
aten::as_strided,,,3.3,3.3,0,0,0,0
aten::slice,,,3.31,5.47,0,0,0,0
aten::as_strided,,,2.16,2.16,0,0,0,0
aten::fill_,,,18.58,40.74,0,0,0,0
aclnnInplaceFillScalar,,,22.16,22.16,0,0,0,0
aten::slice,,,4.96,8.83,0,0,0,0
aten::as_strided,,,3.87,3.87,0,0,0,0
aten::fill_,,,12.88,26.34,0,0,0,0
aclnnInplaceFillScalar,,,13.46,13.46,0,0,0,0
aten::slice,,,5.4,7.75,0,0,0,0
aten::as_strided,,,2.35,2.35,0,0,0,0
aten::slice,,,2.84,4.05,0,0,0,0
aten::as_strided,,,1.21,1.21,0,0,0,0
aten::lt,,,14.3,14.3,0,0,0,0
aten::lift_fresh,,,1.2,1.2,0,0,0,0
aten::slice,,,1.74,3.11,0,0,0,0
aten::as_strided,,,1.37,1.37,0,0,0,0
aten::fill_,,,2.58,10.05,0,0,0,0
aten::copy_,,,7.47,7.47,0,0,0,0
aten::slice,,,3.82,5.45,0,0,0,0
aten::as_strided,,,1.63,1.63,0,0,0,0
aten::slice,,,3.0,7.01,0,0,0,0
aten::as_strided,,,4.01,4.01,0,0,0,0
aten::slice,,,2.52,4.15,0,0,0,0
aten::as_strided,,,1.63,1.63,0,0,0,0
aten::slice,,,3.08,6.07,0,0,0,0
aten::as_strided,,,2.99,2.99,0,0,0,0
aten::slice,,,2.21,3.19,0,0,0,0
aten::as_strided,,,0.98,0.98,0,0,0,0
aten::slice,,,2.16,3.39,0,0,0,0
aten::as_strided,,,1.23,1.23,0,0,0,0
aten::slice,,,2.45,5.07,0,0,0,0
aten::as_strided,,,2.62,2.62,0,0,0,0
aten::slice,,,2.41,4.77,0,0,0,0
aten::as_strided,,,2.36,2.36,0,0,0,0
aten::slice,,,2.64,4.64,0,0,0,0
aten::as_strided,,,2.0,2.0,0,0,0,0
aten::slice,,,5.33,11.23,0,0,0,0
aten::as_strided,,,5.9,5.9,0,0,0,0
aten::slice,,,3.08,6.77,0,0,0,0
aten::as_strided,,,3.69,3.69,0,0,0,0
aten::slice,,,2.94,5.41,0,0,0,0
aten::as_strided,,,2.47,2.47,0,0,0,0
aten::to,,,4.53,4.53,0,0,0,0
aten::slice,,,13.19,16.67,0,0,0,0
aten::as_strided,,,3.48,3.48,0,0,0,0
aten::slice,,,2.58,5.49,0,0,0,0
aten::as_strided,,,2.91,2.91,0,0,0,0
aten::slice,,,3.91,6.82,0,0,0,0
aten::as_strided,,,2.91,2.91,0,0,0,0
aten::slice,,,12.86,16.5,0,0,0,0
aten::as_strided,,,3.64,3.64,0,0,0,0
aten::slice,,,2.58,7.12,0,0,0,0
aten::as_strided,,,4.54,4.54,0,0,0,0
aten::alias,,,14.27,14.27,0,0,0,0
aten::div,,,47.35,68.32,0,5.860125,0,0
aten::item,,,2.17,3.69,0,0,0,0
aten::_local_scalar_dense,,,1.52,1.52,0,0,0,0
aclnnDivMods,,,17.28,17.28,5.860125,5.860125,0,0
aten::slice,,,3.51,9.17,0,0,0,0
aten::as_strided,,,5.66,5.66,0,0,0,0
aten::slice,,,4.6,9.59,0,0,0,0
aten::as_strided,,,4.99,4.99,0,0,0,0
aten::copy_,,,66.23,90.07,0,0.58,0,0
aclnnInplaceCopy,,,23.84,23.84,0.58,0.58,0,0
aten::slice,,,3.19,7.85,0,0,0,0
aten::as_strided,,,4.66,4.66,0,0,0,0
aten::slice,,,4.82,11.63,0,0,0,0
aten::as_strided,,,6.81,6.81,0,0,0,0
aten::ge,,,22.11,51.27,0,4.02003125,0,0
empty_tensor,,,11.52,11.52,0,0,0,0
aclnnGeScalar,,,17.64,17.64,4.02003125,4.02003125,0,0
aten::add,,,21.14,46.88,0,2.44003125,0,0
empty_tensor,,,7.93,7.93,0,0,0,0
aten::item,,,2.34,3.93,0,0,0,0
aten::_local_scalar_dense,,,1.59,1.59,0,0,0,0
aclnnAdds,,,13.88,13.88,2.44003125,2.44003125,0,0
aten::remainder,,,23.54,45.81,0,3.4200625000000002,0,0
empty_tensor,,,6.72,6.72,0,0,0,0
aclnnRemainderTensorScalar,,,15.55,15.55,3.4200625000000002,3.4200625000000002,0,0
aten::eq,,,12.85,24.1,0,2.7000625,0,0
empty_tensor,,,6.02,6.02,0,0,0,0
aclnnEqScalar,,,5.23,5.23,2.7000625,2.7000625,0,0
aten::__and__,,,3.12,37.71,0,1.4,0,0
aten::bitwise_and,,,17.09,34.59,0,1.4,0,0
empty_tensor,,,5.11,5.11,0,0,0,0
aclnnBitwiseAndTensor,,,12.39,12.39,1.4,1.4,0,0
aten::clamp_min,,,13.82,45.32,0,1.52003125,0,0
empty_tensor,,,19.69,19.69,0,0,0,0
aclnnClampMin,,,11.81,11.81,1.52003125,1.52003125,0,0
aten::div,,,23.18,45.18,0,4.960125,0,0
empty_tensor,,,6.02,6.02,0,0,0,0
aten::item,,,1.81,3.48,0,0,0,0
aten::_local_scalar_dense,,,1.67,1.67,0,0,0,0
aclnnDivMods,,,12.5,12.5,4.960125,4.960125,0,0
aten::remainder,,,19.95,37.6,0,4.700093750000001,0,0
empty_tensor,,,6.05,6.05,0,0,0,0
aclnnRemainderTensorScalar,,,11.6,11.6,4.700093750000001,4.700093750000001,0,0
aten::mul,,,17.77,39.84,0,1.42,0,0
empty_tensor,,,7.23,7.23,0,0,0,0
aten::item,,,1.68,2.98,0,0,0,0
aten::_local_scalar_dense,,,1.3,1.3,0,0,0,0
aclnnMuls,,,11.86,11.86,1.42,1.42,0,0
aten::div,,,19.83,40.0,0,4.48009375,0,0
empty_tensor,,,6.81,6.81,0,0,0,0
aten::item,,,1.32,2.96,0,0,0,0
aten::_local_scalar_dense,,,1.64,1.64,0,0,0,0
aclnnDivMods,,,10.4,10.4,4.48009375,4.48009375,0,0
aten::add,,,15.24,23.75,0,1.38,0,0
empty_tensor,,,5.89,5.89,0,0,0,0
aclnnAdd,,,2.62,2.62,1.38,1.38,0,0
aten::full_like,,,5.23,46.24,0,1.48003125,0,0
aten::empty_like,,,6.35,18.33,0,0,0,0
aten::empty_strided,,,7.64,11.98,0,0,0,0
empty_tensor,,,4.34,4.34,0,0,0,0
aten::fill_,,,10.3,22.68,0,1.48003125,0,0
aclnnInplaceFillScalar,,,12.38,12.38,1.48003125,1.48003125,0,0
aten::where,,,13.63,29.8,0,2.04003125,0,0
empty_tensor,,,6.47,6.47,0,0,0,0
aclnnSWhere,,,9.7,9.7,2.04003125,2.04003125,0,0
aten::copy_,,,14.64,24.1,0,1.4600625,0,0
aclnnInplaceCopy,,,9.46,9.46,1.4600625,1.4600625,0,0
aten::slice,,,4.4,8.69,0,0,0,0
aten::as_strided,,,4.29,4.29,0,0,0,0
aten::slice,,,6.11,9.22,0,0,0,0
aten::as_strided,,,3.11,3.11,0,0,0,0
aten::div,,,23.59,43.83,0,4.320125,0,0
aten::item,,,1.95,3.4,0,0,0,0
aten::_local_scalar_dense,,,1.45,1.45,0,0,0,0
aclnnDivMods,,,16.84,16.84,4.320125,4.320125,0,0
aten::slice,,,2.95,7.57,0,0,0,0
aten::as_strided,,,4.62,4.62,0,0,0,0
aten::slice,,,5.36,23.43,0,0,0,0
aten::as_strided,,,18.07,18.07,0,0,0,0
aten::slice,,,3.44,6.09,0,0,0,0
aten::as_strided,,,2.65,2.65,0,0,0,0
aten::copy_,,,63.43,80.26,0,0.6,0,0
aclnnInplaceCopy,,,16.83,16.83,0.6,0.6,0,0
aten::slice,,,3.03,7.41,0,0,0,0
aten::as_strided,,,4.38,4.38,0,0,0,0
aten::slice,,,4.61,7.01,0,0,0,0
aten::as_strided,,,2.4,2.4,0,0,0,0
aten::copy_,,,52.54,68.67,0,0.6,0,0
aclnnInplaceCopy,,,16.13,16.13,0.6,0.6,0,0
aten::slice,,,5.71,8.75,0,0,0,0
aten::as_strided,,,3.04,3.04,0,0,0,0
aten::div,,,13.96,32.89,0,0,0,0
aten::to,,,1.97,18.93,0,0,0,0
aten::_to_copy,,,5.52,16.96,0,0,0,0
aten::empty_strided,,,3.16,3.16,0,0,0,0
aten::copy_,,,8.28,8.28,0,0,0,0
aten::slice,,,4.05,9.66,0,0,0,0
aten::as_strided,,,5.61,5.61,0,0,0,0
aten::slice,,,5.67,11.01,0,0,0,0
aten::as_strided,,,5.34,5.34,0,0,0,0
aten::slice,,,3.46,6.94,0,0,0,0
aten::as_strided,,,3.48,3.48,0,0,0,0
aten::slice,,,2.84,5.16,0,0,0,0
aten::as_strided,,,2.32,2.32,0,0,0,0
aten::fill_,,,17.75,39.48,0,0,0,0
aclnnInplaceFillScalar,,,21.73,21.73,0,0,0,0
aten::slice,,,5.54,9.51,0,0,0,0
aten::as_strided,,,3.97,3.97,0,0,0,0
aten::fill_,,,12.75,26.91,0,0,0,0
aclnnInplaceFillScalar,,,14.16,14.16,0,0,0,0
aten::slice,,,5.27,9.27,0,0,0,0
aten::as_strided,,,4.0,4.0,0,0,0,0
aten::slice,,,3.38,5.88,0,0,0,0
aten::as_strided,,,2.5,2.5,0,0,0,0
aten::slice,,,5.86,7.85,0,0,0,0
aten::as_strided,,,1.99,1.99,0,0,0,0
aten::slice,,,3.01,6.48,0,0,0,0
aten::as_strided,,,3.47,3.47,0,0,0,0
aten::slice,,,2.96,6.37,0,0,0,0
aten::as_strided,,,3.41,3.41,0,0,0,0
aten::slice,,,2.79,5.09,0,0,0,0
aten::as_strided,,,2.3,2.3,0,0,0,0
aten::slice,,,2.64,4.93,0,0,0,0
aten::as_strided,,,2.29,2.29,0,0,0,0
aten::fill_,,,14.74,34.08,0,0,0,0
aclnnInplaceFillScalar,,,19.34,19.34,0,0,0,0
aten::slice,,,4.46,8.3,0,0,0,0
aten::as_strided,,,3.84,3.84,0,0,0,0
aten::fill_,,,12.24,24.6,0,0,0,0
aclnnInplaceFillScalar,,,12.36,12.36,0,0,0,0
aten::diff,,,8.15,37.98,0,0,0,0
aten::narrow,,,6.77,11.43,0,0,0,0
aten::slice,,,2.49,4.66,0,0,0,0
aten::as_strided,,,2.17,2.17,0,0,0,0
aten::narrow,,,2.5,5.11,0,0,0,0
aten::slice,,,1.16,2.61,0,0,0,0
aten::as_strided,,,1.45,1.45,0,0,0,0
aten::sub,,,13.29,13.29,0,0,0,0
aten::eq,,,13.49,28.08,0,0,0,0
aten::to,,,1.99,14.59,0,0,0,0
aten::_to_copy,,,4.31,12.6,0,0,0,0
aten::empty_strided,,,2.77,2.77,0,0,0,0
aten::copy_,,,5.52,5.52,0,0,0,0
aten::__and__,,,2.22,7.52,0,0,0,0
aten::bitwise_and,,,5.3,5.3,0,0,0,0
aten::gt,,,8.56,17.3,0,0,0,0
aten::to,,,1.05,8.74,0,0,0,0
aten::_to_copy,,,2.67,7.69,0,0,0,0
aten::empty_strided,,,2.26,2.26,0,0,0,0
aten::copy_,,,2.76,2.76,0,0,0,0
aten::__and__,,,1.31,4.48,0,0,0,0
aten::bitwise_and,,,3.17,3.17,0,0,0,0
aten::any,,,7.19,15.2,0,0,0,0
aten::view_as,,,2.43,4.25,0,0,0,0
aten::view,,,1.82,1.82,0,0,0,0
aten::to,,,0.58,0.58,0,0,0,0
aten::copy_,,,3.18,3.18,0,0,0,0
aten::item,,,1.84,3.51,0,0,0,0
aten::_local_scalar_dense,,,1.67,1.67,0,0,0,0
aten::slice,,,5.0,6.39,0,0,0,0
aten::as_strided,,,1.39,1.39,0,0,0,0
aten::slice,,,2.41,3.17,0,0,0,0
aten::as_strided,,,0.76,0.76,0,0,0,0
aten::sub,,,4.98,4.98,0,0,0,0
aten::select,,,3.56,4.85,0,0,0,0
aten::as_strided,,,1.29,1.29,0,0,0,0
aten::item,,,1.23,2.55,0,0,0,0
aten::_local_scalar_dense,,,1.32,1.32,0,0,0,0
aten::gt,,,7.36,16.14,0,0,0,0
aten::to,,,1.18,8.78,0,0,0,0
aten::_to_copy,,,2.81,7.6,0,0,0,0
aten::empty_strided,,,1.85,1.85,0,0,0,0
aten::copy_,,,2.94,2.94,0,0,0,0
aten::__ior__,,,2.54,12.3,0,0,0,0
aten::bitwise_or_,,,9.76,9.76,0,0,0,0
aten::any,,,5.51,12.32,0,0,0,0
aten::view_as,,,1.78,3.44,0,0,0,0
aten::view,,,1.66,1.66,0,0,0,0
aten::to,,,0.4,0.4,0,0,0,0
aten::copy_,,,2.97,2.97,0,0,0,0
aten::is_nonzero,,,1.73,4.4,0,0,0,0
aten::item,,,1.16,2.67,0,0,0,0
aten::_local_scalar_dense,,,1.51,1.51,0,0,0,0
aten::select,,,4.78,10.61,0,0,0,0
aten::as_strided,,,5.83,5.83,0,0,0,0
aten::slice,,,5.27,9.52,0,0,0,0
aten::as_strided,,,4.25,4.25,0,0,0,0
aten::slice,,,2.75,5.35,0,0,0,0
aten::as_strided,,,2.6,2.6,0,0,0,0
aten::slice,,,2.56,5.04,0,0,0,0
aten::as_strided,,,2.48,2.48,0,0,0,0
aten::copy_,,,68.63,92.2,0,0.6,0,0
aclnnInplaceCopy,,,23.57,23.57,0.6,0.6,0,0
aten::slice,,,6.37,10.24,0,0,0,0
aten::as_strided,,,3.87,3.87,0,0,0,0
aten::fill_,,,14.82,28.95,0,0,0,0
aclnnInplaceFillScalar,,,14.13,14.13,0,0,0,0
aten::slice,,,4.85,8.91,0,0,0,0
aten::as_strided,,,4.06,4.06,0,0,0,0
aten::slice,,,2.79,5.34,0,0,0,0
aten::as_strided,,,2.55,2.55,0,0,0,0
aten::slice,,,2.75,5.08,0,0,0,0
aten::as_strided,,,2.33,2.33,0,0,0,0
aten::copy_,,,54.85,70.02,0,0.62,0,0
aclnnInplaceCopy,,,15.17,15.17,0.62,0.62,0,0
aten::slice,,,5.81,9.76,0,0,0,0
aten::as_strided,,,3.95,3.95,0,0,0,0
aten::slice,,,3.94,7.64,0,0,0,0
aten::as_strided,,,3.7,3.7,0,0,0,0
aten::slice,,,3.01,5.81,0,0,0,0
aten::as_strided,,,2.8,2.8,0,0,0,0
aten::slice,,,2.4,4.4,0,0,0,0
aten::as_strided,,,2.0,2.0,0,0,0,0
aten::slice,,,2.28,4.48,0,0,0,0
aten::as_strided,,,2.2,2.2,0,0,0,0
aten::copy_,,,50.98,67.1,0,0.66,0,0
aclnnInplaceCopy,,,16.12,16.12,0.66,0.66,0,0
aten::slice,,,5.47,9.0,0,0,0,0
aten::as_strided,,,3.53,3.53,0,0,0,0
aten::slice,,,2.59,5.23,0,0,0,0
aten::as_strided,,,2.64,2.64,0,0,0,0
aten::slice,,,2.48,5.09,0,0,0,0
aten::as_strided,,,2.61,2.61,0,0,0,0
aten::sub,,,19.36,32.83,0,1.26003125,0,0
aclnnSub,,,13.47,13.47,1.26003125,1.26003125,0,0
aten::slice,,,7.61,10.56,0,0,0,0
aten::as_strided,,,2.95,2.95,0,0,0,0
aten::slice,,,2.76,6.87,0,0,0,0
aten::as_strided,,,4.11,4.11,0,0,0,0
aten::slice,,,3.06,5.88,0,0,0,0
aten::as_strided,,,2.82,2.82,0,0,0,0
aten::slice,,,2.29,4.95,0,0,0,0
aten::as_strided,,,2.66,2.66,0,0,0,0
aten::slice,,,2.42,4.68,0,0,0,0
aten::as_strided,,,2.26,2.26,0,0,0,0
aten::fill_,,,15.49,29.53,0,0,0,0
aclnnInplaceFillScalar,,,14.04,14.04,0,0,0,0
aten::slice,,,5.34,9.2,0,0,0,0
aten::as_strided,,,3.86,3.86,0,0,0,0
aten::fill_,,,12.32,24.57,0,0,0,0
aclnnInplaceFillScalar,,,12.25,12.25,0,0,0,0
aten::diff,,,6.53,32.44,0,0,0,0
aten::narrow,,,5.1,9.86,0,0,0,0
aten::slice,,,2.31,4.76,0,0,0,0
aten::as_strided,,,2.45,2.45,0,0,0,0
aten::narrow,,,2.22,4.15,0,0,0,0
aten::slice,,,1.09,1.93,0,0,0,0
aten::as_strided,,,0.84,0.84,0,0,0,0
aten::sub,,,11.9,11.9,0,0,0,0
aten::eq,,,12.08,26.79,0,0,0,0
aten::to,,,1.83,14.71,0,0,0,0
aten::_to_copy,,,4.33,12.88,0,0,0,0
aten::empty_strided,,,2.84,2.84,0,0,0,0
aten::copy_,,,5.71,5.71,0,0,0,0
aten::__and__,,,1.87,6.38,0,0,0,0
aten::bitwise_and,,,4.51,4.51,0,0,0,0
aten::gt,,,7.37,15.36,0,0,0,0
aten::to,,,1.02,7.99,0,0,0,0
aten::_to_copy,,,2.59,6.97,0,0,0,0
aten::empty_strided,,,1.82,1.82,0,0,0,0
aten::copy_,,,2.56,2.56,0,0,0,0
aten::__and__,,,1.44,4.27,0,0,0,0
aten::bitwise_and,,,2.83,2.83,0,0,0,0
aten::any,,,5.69,12.46,0,0,0,0
aten::view_as,,,1.86,3.5,0,0,0,0
aten::view,,,1.64,1.64,0,0,0,0
aten::to,,,0.52,0.52,0,0,0,0
aten::copy_,,,2.75,2.75,0,0,0,0
aten::item,,,1.96,3.26,0,0,0,0
aten::_local_scalar_dense,,,1.3,1.3,0,0,0,0
aten::slice,,,4.37,5.84,0,0,0,0
aten::as_strided,,,1.47,1.47,0,0,0,0
aten::slice,,,2.12,2.97,0,0,0,0
aten::as_strided,,,0.85,0.85,0,0,0,0
aten::sub,,,5.21,5.21,0,0,0,0
aten::select,,,3.3,4.51,0,0,0,0
aten::as_strided,,,1.21,1.21,0,0,0,0
aten::item,,,1.2,2.68,0,0,0,0
aten::_local_scalar_dense,,,1.48,1.48,0,0,0,0
aten::gt,,,7.41,16.77,0,0,0,0
aten::to,,,1.37,9.36,0,0,0,0
aten::_to_copy,,,2.96,7.99,0,0,0,0
aten::empty_strided,,,1.99,1.99,0,0,0,0
aten::copy_,,,3.04,3.04,0,0,0,0
aten::__ior__,,,1.65,5.36,0,0,0,0
aten::bitwise_or_,,,3.71,3.71,0,0,0,0
aten::any,,,4.65,10.6,0,0,0,0
aten::view_as,,,1.4,2.86,0,0,0,0
aten::view,,,1.46,1.46,0,0,0,0
aten::to,,,0.45,0.45,0,0,0,0
aten::copy_,,,2.64,2.64,0,0,0,0
aten::is_nonzero,,,1.31,3.11,0,0,0,0
aten::item,,,0.98,1.8,0,0,0,0
aten::_local_scalar_dense,,,0.82,0.82,0,0,0,0
aten::select,,,4.16,9.84,0,0,0,0
aten::as_strided,,,5.68,5.68,0,0,0,0
aten::slice,,,4.22,8.18,0,0,0,0
aten::as_strided,,,3.96,3.96,0,0,0,0
aten::slice,,,2.78,5.12,0,0,0,0
aten::as_strided,,,2.34,2.34,0,0,0,0
aten::slice,,,2.33,4.82,0,0,0,0
aten::as_strided,,,2.49,2.49,0,0,0,0
aten::copy_,,,66.45,86.59,0,0.6,0,0
aclnnInplaceCopy,,,20.14,20.14,0.6,0.6,0,0
aten::slice,,,6.69,10.72,0,0,0,0
aten::as_strided,,,4.03,4.03,0,0,0,0
aten::fill_,,,15.61,29.49,0,0,0,0
aclnnInplaceFillScalar,,,13.88,13.88,0,0,0,0
aten::slice,,,9.72,13.82,0,0,0,0
aten::as_strided,,,4.1,4.1,0,0,0,0
aten::slice,,,15.63,19.08,0,0,0,0
aten::as_strided,,,3.45,3.45,0,0,0,0
aten::slice,,,5.37,8.75,0,0,0,0
aten::as_strided,,,3.38,3.38,0,0,0,0
aten::copy_,,,65.76,94.21,0,0.58,0,0
aclnnInplaceCopy,,,28.45,28.45,0.58,0.58,0,0
aten::slice,,,12.41,17.24,0,0,0,0
aten::as_strided,,,4.83,4.83,0,0,0,0
aten::slice,,,11.81,15.59,0,0,0,0
aten::as_strided,,,3.78,3.78,0,0,0,0
aten::slice,,,4.45,7.99,0,0,0,0
aten::as_strided,,,3.54,3.54,0,0,0,0
aten::slice,,,3.5,6.37,0,0,0,0
aten::as_strided,,,2.87,2.87,0,0,0,0
aten::slice,,,3.78,14.58,0,0,0,0
aten::as_strided,,,10.8,10.8,0,0,0,0
aten::copy_,,,56.74,83.54,0,0.64003125,0,0
aclnnInplaceCopy,,,26.8,26.8,0.64003125,0.64003125,0,0
aten::slice,,,7.66,19.91,0,0,0,0
aten::as_strided,,,12.25,12.25,0,0,0,0
aten::slice,,,3.51,8.89,0,0,0,0
aten::as_strided,,,5.38,5.38,0,0,0,0
aten::slice,,,7.82,10.97,0,0,0,0
aten::as_strided,,,3.15,3.15,0,0,0,0
aten::sub,,,18.97,45.88,0,1.40003125,0,0
aclnnSub,,,26.91,26.91,1.40003125,1.40003125,0,0
aten::slice,,,6.37,9.1,0,0,0,0
aten::as_strided,,,2.73,2.73,0,0,0,0
aten::slice,,,2.71,6.64,0,0,0,0
aten::as_strided,,,3.93,3.93,0,0,0,0
aten::slice,,,3.32,6.38,0,0,0,0
aten::as_strided,,,3.06,3.06,0,0,0,0
aten::slice,,,2.34,4.76,0,0,0,0
aten::as_strided,,,2.42,2.42,0,0,0,0
aten::slice,,,2.14,4.18,0,0,0,0
aten::as_strided,,,2.04,2.04,0,0,0,0
aten::fill_,,,16.46,35.87,0,0,0,0
aclnnInplaceFillScalar,,,19.41,19.41,0,0,0,0
aten::slice,,,5.33,9.6,0,0,0,0
aten::as_strided,,,4.27,4.27,0,0,0,0
aten::fill_,,,12.44,28.72,0,0,0,0
aclnnInplaceFillScalar,,,16.28,16.28,0,0,0,0
aten::diff,,,5.92,32.08,0,0,0,0
aten::narrow,,,5.49,10.22,0,0,0,0
aten::slice,,,2.19,4.73,0,0,0,0
aten::as_strided,,,2.54,2.54,0,0,0,0
aten::narrow,,,2.61,4.44,0,0,0,0
aten::slice,,,1.04,1.83,0,0,0,0
aten::as_strided,,,0.79,0.79,0,0,0,0
aten::sub,,,11.5,11.5,0,0,0,0
aten::eq,,,12.23,26.66,0,0,0,0
aten::to,,,1.62,14.43,0,0,0,0
aten::_to_copy,,,4.19,12.81,0,0,0,0
aten::empty_strided,,,2.64,2.64,0,0,0,0
aten::copy_,,,5.98,5.98,0,0,0,0
aten::__and__,,,1.75,5.85,0,0,0,0
aten::bitwise_and,,,4.1,4.1,0,0,0,0
aten::gt,,,7.91,17.24,0,0,0,0
aten::to,,,1.03,9.33,0,0,0,0
aten::_to_copy,,,2.75,8.3,0,0,0,0
aten::empty_strided,,,2.9,2.9,0,0,0,0
aten::copy_,,,2.65,2.65,0,0,0,0
aten::__and__,,,1.59,4.42,0,0,0,0
aten::bitwise_and,,,2.83,2.83,0,0,0,0
aten::any,,,5.44,12.59,0,0,0,0
aten::view_as,,,1.86,4.01,0,0,0,0
aten::view,,,2.15,2.15,0,0,0,0
aten::to,,,0.44,0.44,0,0,0,0
aten::copy_,,,2.7,2.7,0,0,0,0
aten::item,,,1.77,3.45,0,0,0,0
aten::_local_scalar_dense,,,1.68,1.68,0,0,0,0
aten::slice,,,4.12,5.59,0,0,0,0
aten::as_strided,,,1.47,1.47,0,0,0,0
aten::slice,,,2.47,3.1,0,0,0,0
aten::as_strided,,,0.63,0.63,0,0,0,0
aten::sub,,,5.13,5.13,0,0,0,0
aten::select,,,2.88,4.34,0,0,0,0
aten::as_strided,,,1.46,1.46,0,0,0,0
aten::item,,,1.44,2.44,0,0,0,0
aten::_local_scalar_dense,,,1.0,1.0,0,0,0,0
aten::gt,,,8.05,16.87,0,0,0,0
aten::to,,,1.26,8.82,0,0,0,0
aten::_to_copy,,,2.65,7.56,0,0,0,0
aten::empty_strided,,,1.75,1.75,0,0,0,0
aten::copy_,,,3.16,3.16,0,0,0,0
aten::__ior__,,,1.88,5.71,0,0,0,0
aten::bitwise_or_,,,3.83,3.83,0,0,0,0
aten::any,,,4.84,10.96,0,0,0,0
aten::view_as,,,1.35,2.77,0,0,0,0
aten::view,,,1.42,1.42,0,0,0,0
aten::to,,,0.54,0.54,0,0,0,0
aten::copy_,,,2.81,2.81,0,0,0,0
aten::is_nonzero,,,1.82,4.03,0,0,0,0
aten::item,,,1.09,2.21,0,0,0,0
aten::_local_scalar_dense,,,1.12,1.12,0,0,0,0
aten::select,,,4.34,10.38,0,0,0,0
aten::as_strided,,,6.04,6.04,0,0,0,0
aten::slice,,,5.26,9.38,0,0,0,0
aten::as_strided,,,4.12,4.12,0,0,0,0
aten::slice,,,2.7,5.08,0,0,0,0
aten::as_strided,,,2.38,2.38,0,0,0,0
aten::slice,,,2.4,4.9,0,0,0,0
aten::as_strided,,,2.5,2.5,0,0,0,0
aten::copy_,,,66.86,86.85,0,0.62,0,0
aclnnInplaceCopy,,,19.99,19.99,0.62,0.62,0,0
aten::slice,,,6.64,10.5,0,0,0,0
aten::as_strided,,,3.86,3.86,0,0,0,0
aten::fill_,,,15.35,29.25,0,0,0,0
aclnnInplaceFillScalar,,,13.9,13.9,0,0,0,0
aten::slice,,,6.47,10.43,0,0,0,0
aten::as_strided,,,3.96,3.96,0,0,0,0
aten::slice,,,2.97,6.07,0,0,0,0
aten::as_strided,,,3.1,3.1,0,0,0,0
aten::slice,,,2.89,5.67,0,0,0,0
aten::as_strided,,,2.78,2.78,0,0,0,0
aten::copy_,,,55.51,72.18,0,0.62003125,0,0
aclnnInplaceCopy,,,16.67,16.67,0.62003125,0.62003125,0,0
aten::slice,,,6.36,10.08,0,0,0,0
aten::as_strided,,,3.72,3.72,0,0,0,0
aten::slice,,,3.89,7.44,0,0,0,0
aten::as_strided,,,3.55,3.55,0,0,0,0
aten::slice,,,3.5,6.47,0,0,0,0
aten::as_strided,,,2.97,2.97,0,0,0,0
aten::slice,,,2.54,4.87,0,0,0,0
aten::as_strided,,,2.33,2.33,0,0,0,0
aten::slice,,,2.65,5.47,0,0,0,0
aten::as_strided,,,2.82,2.82,0,0,0,0
aten::copy_,,,50.92,66.93,0,0.60003125,0,0
aclnnInplaceCopy,,,16.01,16.01,0.60003125,0.60003125,0,0
aten::slice,,,5.88,10.01,0,0,0,0
aten::as_strided,,,4.13,4.13,0,0,0,0
aten::slice,,,3.73,6.91,0,0,0,0
aten::as_strided,,,3.18,3.18,0,0,0,0
aten::slice,,,3.21,6.09,0,0,0,0
aten::as_strided,,,2.88,2.88,0,0,0,0
aten::sub,,,17.8,31.2,0,1.38,0,0
aclnnSub,,,13.4,13.4,1.38,1.38,0,0
Event::record,,,165.64,189.98,0,0.02,0,0
record_event,,,24.34,24.34,0.02,0.02,0,0
aten::slice,,,9.37,16.84,0,0,0,0
aten::as_strided,,,7.47,7.47,0,0,0,0
aten::slice,,,3.48,6.6,0,0,0,0
aten::as_strided,,,3.12,3.12,0,0,0,0
aten::slice,,,6.8,13.66,0,0,0,0
aten::as_strided,,,6.86,6.86,0,0,0,0
aten::scalar_tensor,,,6.74,59.56,0,1.80003125,0,0
aten::empty,,,3.21,14.88,0,0,0,0
empty_tensor,,,11.67,11.67,0,0,0,0
aten::fill_,,,17.94,37.94,0,1.80003125,0,0
aclnnInplaceFillScalar,,,20.0,20.0,1.80003125,1.80003125,0,0
aten::view,,,4.64,4.64,0,0,0,0
aten::expand,,,3.24,5.74,0,0,0,0
aten::as_strided,,,2.5,2.5,0,0,0,0
aten::copy_,,,58.55,79.18,0,0.62003125,0,0
aclnnInplaceCopy,,,20.63,20.63,0.62003125,0.62003125,0,0
aten::scalar_tensor,,,5.24,42.1,0,1.24003125,0,0
aten::empty,,,2.61,12.17,0,0,0,0
empty_tensor,,,9.56,9.56,0,0,0,0
aten::fill_,,,11.72,24.69,0,1.24003125,0,0
aclnnInplaceFillScalar,,,12.97,12.97,1.24003125,1.24003125,0,0
aten::slice,,,6.92,12.56,0,0,0,0
aten::as_strided,,,5.64,5.64,0,0,0,0
aten::view,,,2.6,2.6,0,0,0,0
aten::expand,,,2.26,4.14,0,0,0,0
aten::as_strided,,,1.88,1.88,0,0,0,0
aten::copy_,,,2.57,2.57,0,0,0,0
aten::index,,,37.93,74.78,0,10.42021875,0,0
empty_tensor,,,8.11,8.11,0,0,0,0
empty_tensor,,,9.38,9.38,0,0,0,0
aclnnIndex,,,19.36,19.36,10.42021875,10.42021875,0,0
aten::linear,,,6.62,74.04,0,899.65796875,0,899.65796875
aten::t,,,6.78,17.29,0,0,0,0
aten::transpose,,,3.83,10.51,0,0,0,0
aten::as_strided,,,6.68,6.68,0,0,0,0
aten::matmul,,,22.57,50.13,0,899.65796875,0,899.65796875
empty_tensor,,,9.94,9.94,0,0,0,0
aclnnMatmul,,,17.62,17.62,899.65796875,899.65796875,899.65796875,899.65796875
aten::alias,,,3.05,3.05,0,0,0,0
aten::log_softmax,,,8.91,118.23,0,51.021,0,0
aten::to,,,3.97,70.1,0,7.280125,0,0
aten::_to_copy,,,7.84,66.13,0,7.280125,0,0
aten::empty_strided,,,11.72,18.45,0,0,0,0
empty_tensor,,,6.73,6.73,0,0,0,0
aten::copy_,,,21.25,39.84,0,7.280125,0,0
aclnnInplaceCopy,,,18.59,18.59,7.280125,7.280125,0,0
aten::_log_softmax,,,19.15,39.22,0,43.740875,0,0
empty_tensor,,,7.78,7.78,0,0,0,0
aclnnLogSoftmax,,,12.29,12.29,43.740875,43.740875,0,0
aten::to,,,2.2,45.6,0,2.4400625,0,0
aten::_to_copy,,,5.06,43.4,0,2.4400625,0,0
aten::empty_strided,,,6.99,11.72,0,0,0,0
empty_tensor,,,4.73,4.73,0,0,0,0
aten::copy_,,,14.46,26.62,0,2.4400625,0,0
aclnnInplaceCopy,,,12.16,12.16,2.4400625,2.4400625,0,0
aten::argmax,,,8.39,64.04,0,20.500406249999997,0,0
aten::empty,,,3.09,11.36,0,0,0,0
empty_tensor,,,8.27,8.27,0,0,0,0
aten::argmax,,,24.04,44.29,0,20.500406249999997,0,0
aten::reshape,,,1.91,7.45,0,0,0,0
aten::view,,,5.54,5.54,0,0,0,0
aclnnArgMax,,,12.8,12.8,20.500406249999997,20.500406249999997,0,0
aten::view,,,4.44,4.44,0,0,0,0
aten::to,,,1.98,1.98,0,0,0,0
aten::topk,,,22.28,45.79,0,33.66065625,0,0
empty_tensor,,,7.7,7.7,0,0,0,0
empty_tensor,,,4.16,4.16,0,0,0,0
aclnnTopk,,,11.65,11.65,33.66065625,33.66065625,0,0
aten::unsqueeze,,,4.09,8.93,0,0,0,0
aten::as_strided,,,4.84,4.84,0,0,0,0
aten::gather,,,22.36,41.57,0,5.30009375,0,0
empty_tensor,,,6.92,6.92,0,0,0,0
aclnnGather,,,12.29,12.29,5.30009375,5.30009375,0,0
TorchDynamo Cache Lookup,,,41.05,41.05,0,0,0,0
Torch-Compiled Region: 0/0,,,114.93,211.45,0,41.14084375,0,0
aten::_assert_scalar,,,3.48,3.48,0,0,0,0
aten::_assert_scalar,,,1.3,1.3,0,0,0,0
aten::_assert_scalar,,,0.88,0.88,0,0,0,0
aten::ge,,,20.18,50.26,0,10.74021875,0,0
empty_tensor,,,11.35,11.35,0,0,0,0
aclnnGeTensor,,,18.73,18.73,10.74021875,10.74021875,0,0
aten::sum,,,20.1,40.6,0,30.400625,0,0
empty_tensor,,,7.69,7.69,0,0,0,0
aclnnReduceSum,,,12.81,12.81,30.400625,30.400625,0,0
aten::cat,,,19.35,39.55,0,2.7800625,0,0
empty_tensor,,,8.08,8.08,0,0,0,0
aclnnCat,,,12.12,12.12,2.7800625,2.7800625,0,0
aten::cat,,,12.67,31.79,0,1.98003125,0,0
empty_tensor,,,7.29,7.29,0,0,0,0
aclnnCat,,,11.83,11.83,1.98003125,1.98003125,0,0
aten::to,,,2.26,48.99,0,1.46003125,0,0
aten::_to_copy,,,6.05,46.73,0,1.46003125,0,0
aten::empty_strided,,,8.42,12.89,0,0,0,0
empty_tensor,,,4.47,4.47,0,0,0,0
aten::copy_,,,15.7,27.79,0,1.46003125,0,0
aclnnInplaceCopy,,,12.09,12.09,1.46003125,1.46003125,0,0
aten::to,,,1.98,46.0,0,1.52003125,0,0
aten::_to_copy,,,4.38,44.02,0,1.52003125,0,0
aten::empty_strided,,,7.2,12.07,0,0,0,0
empty_tensor,,,4.87,4.87,0,0,0,0
aten::copy_,,,14.46,27.57,0,1.52003125,0,0
aclnnInplaceCopy,,,13.11,13.11,1.52003125,1.52003125,0,0
aten::unsqueeze,,,3.38,8.33,0,0,0,0
aten::as_strided,,,4.95,4.95,0,0,0,0
Event::record,,,161.35,181.65,0,0.02,0,0
record_event,,,20.3,20.3,0.02,0.02,0,0
aten::slice,,,5.73,14.22,0,0,0,0
aten::as_strided,,,8.49,8.49,0,0,0,0
Event::wait,,,76.86,113.16,0,2074.4014375,0,0
wait_event,,,36.3,36.3,2074.4014375,2074.4014375,0,0
Event::record,,,94.61,115.93,0,0.02,0,0
record_event,,,21.32,21.32,0.02,0.02,0,0
Event::wait,,,63.29,84.04,0,1689.13375,0,0
wait_event,,,20.75,20.75,1689.13375,1689.13375,0,0
destroy_event,,,11.44,11.44,0,0,0,0
aten::to,,,4.34,70.08,0,1.9000625,0,0
aten::_to_copy,,,7.21,65.74,0,1.9000625,0,0
aten::empty_strided,,,7.9,7.9,0,0,0,0
aten::copy_,,,39.7,50.63,0,1.9000625,0,0
acl_memcpy_device_to_host,,,10.93,10.93,1.9000625,1.9000625,0,0
aten::to,,,3.02,45.9,0,1.98003125,0,0
aten::_to_copy,,,5.58,42.88,0,1.98003125,0,0
aten::empty_strided,,,5.05,5.05,0,0,0,0
aten::copy_,,,18.23,32.25,0,1.98003125,0,0
acl_memcpy_device_to_host,,,14.02,14.02,1.98003125,1.98003125,0,0
aten::to,,,2.71,36.32,0,2.02003125,0,0
aten::_to_copy,,,4.19,33.61,0,2.02003125,0,0
aten::empty_strided,,,3.72,3.72,0,0,0,0
aten::copy_,,,13.37,25.7,0,2.02003125,0,0
acl_memcpy_device_to_host,,,12.33,12.33,2.02003125,2.02003125,0,0
aten::to,,,2.07,32.44,0,2.0200625,0,0
aten::_to_copy,,,3.74,30.37,0,2.0200625,0,0
aten::empty_strided,,,3.07,3.07,0,0,0,0
aten::copy_,,,11.87,23.56,0,2.0200625,0,0
acl_memcpy_device_to_host,,,11.69,11.69,2.0200625,2.0200625,0,0
Event::record,,,164.2,183.1,0,0.02,0,0
record_event,,,18.9,18.9,0.02,0.02,0,0
Event::synchronize,,,86.02,86.02,0,0,0,0
aten::resolve_conj,,,2.26,2.26,0,0,0,0
aten::resolve_neg,,,1.01,1.01,0,0,0,0
aten::to,,,3.4,3.4,0,0,0,0
aten::detach,,,4.69,4.69,0,0,0,0
aten::to,,,0.71,0.71,0,0,0,0
aten::resolve_conj,,,0.53,0.53,0,0,0,0
aten::resolve_neg,,,0.5,0.5,0,0,0,0
aten::to,,,1.59,1.59,0,0,0,0
aten::detach,,,1.62,1.62,0,0,0,0
aten::to,,,0.6,0.6,0,0,0,0
aten::resolve_conj,,,0.49,0.49,0,0,0,0
aten::resolve_neg,,,0.66,0.66,0,0,0,0
aten::to,,,1.25,1.25,0,0,0,0
aten::detach,,,1.1,1.1,0,0,0,0
aten::to,,,0.56,0.56,0,0,0,0
aten::resolve_conj,,,0.4,0.4,0,0,0,0
aten::resolve_neg,,,0.57,0.57,0,0,0,0
destroy_event,,,26.09,26.09,0,0,0,0
record_event,,,8.1,8.1,0.02,0.02,0,0
Event::synchronize,,,273.19,273.19,0,0,0,0
aten::slice,,,14.34,19.08,0,0,0,0
aten::as_strided,,,4.74,4.74,0,0,0,0
aten::slice,,,3.32,10.64,0,0,0,0
aten::as_strided,,,7.32,7.32,0,0,0,0
aten::pin_memory,,,4.95,22.94,0,0,0,0
aten::is_pinned,,,17.99,17.99,0,0,0,0
aten::copy_,,,20.78,50.25,0,2.3800625,0,0
acl_memcpy_host_to_device,,,29.47,29.47,2.3800625,2.3800625,0,0
aten::slice,,,7.76,10.24,0,0,0,0
aten::as_strided,,,2.48,2.48,0,0,0,0
aten::slice,,,2.97,8.32,0,0,0,0
aten::as_strided,,,5.35,5.35,0,0,0,0
aten::pin_memory,,,3.51,13.13,0,0,0,0
aten::is_pinned,,,9.62,9.62,0,0,0,0
aten::copy_,,,14.51,33.6,0,2.6200625,0,0
acl_memcpy_host_to_device,,,19.09,19.09,2.6200625,2.6200625,0,0
aten::slice,,,6.63,8.5,0,0,0,0
aten::as_strided,,,1.87,1.87,0,0,0,0
aten::slice,,,2.77,6.36,0,0,0,0
aten::as_strided,,,3.59,3.59,0,0,0,0
aten::pin_memory,,,3.56,11.46,0,0,0,0
aten::is_pinned,,,7.9,7.9,0,0,0,0
aten::copy_,,,12.84,29.6,0,2.3400625,0,0
acl_memcpy_host_to_device,,,16.76,16.76,2.3400625,2.3400625,0,0
aten::slice,,,6.21,8.49,0,0,0,0
aten::as_strided,,,2.28,2.28,0,0,0,0
aten::slice,,,2.51,6.24,0,0,0,0
aten::as_strided,,,3.73,3.73,0,0,0,0
aten::pin_memory,,,3.16,11.23,0,0,0,0
aten::is_pinned,,,8.07,8.07,0,0,0,0
aten::copy_,,,12.2,28.57,0,2.72003125,0,0
acl_memcpy_host_to_device,,,16.37,16.37,2.72003125,2.72003125,0,0
aten::slice,,,5.35,7.07,0,0,0,0
aten::as_strided,,,1.72,1.72,0,0,0,0
aten::slice,,,2.78,6.61,0,0,0,0
aten::as_strided,,,3.83,3.83,0,0,0,0
aten::pin_memory,,,3.5,11.51,0,0,0,0
aten::is_pinned,,,8.01,8.01,0,0,0,0
aten::copy_,,,12.72,26.86,0,2.30003125,0,0
acl_memcpy_host_to_device,,,14.14,14.14,2.30003125,2.30003125,0,0
aten::slice,,,11.38,15.09,0,0,0,0
aten::as_strided,,,3.71,3.71,0,0,0,0
aten::slice,,,3.1,9.34,0,0,0,0
aten::as_strided,,,6.24,6.24,0,0,0,0
aten::pin_memory,,,4.4,18.81,0,0,0,0
aten::is_pinned,,,14.41,14.41,0,0,0,0
aten::copy_,,,16.23,38.06,0,2.46003125,0,0
acl_memcpy_host_to_device,,,21.83,21.83,2.46003125,2.46003125,0,0
aten::slice,,,5.52,9.86,0,0,0,0
aten::as_strided,,,4.34,4.34,0,0,0,0
aten::lift_fresh,,,1.25,1.25,0,0,0,0
aten::lift_fresh,,,1.37,1.37,0,0,0,0
aten::flatten,,,3.76,10.41,0,0,0,0
aten::view,,,6.65,6.65,0,0,0,0
aten::slice,,,3.81,5.36,0,0,0,0
aten::as_strided,,,1.55,1.55,0,0,0,0
aten::index_select,,,8.83,8.83,0,0,0,0
aten::pin_memory,,,3.38,16.23,0,0,0,0
aten::is_pinned,,,12.85,12.85,0,0,0,0
aten::copy_,,,16.51,41.57,0,2.2200625,0,0
acl_memcpy_host_to_device,,,25.06,25.06,2.2200625,2.2200625,0,0
aten::pin_memory,,,3.85,12.29,0,0,0,0
aten::is_pinned,,,8.44,8.44,0,0,0,0
aten::copy_,,,14.53,29.13,0,2.16003125,0,0
acl_memcpy_host_to_device,,,14.6,14.6,2.16003125,2.16003125,0,0
aten::slice,,,6.53,9.31,0,0,0,0
aten::as_strided,,,2.78,2.78,0,0,0,0
aten::lift_fresh,,,1.04,1.04,0,0,0,0
aten::slice,,,3.43,4.55,0,0,0,0
aten::as_strided,,,1.12,1.12,0,0,0,0
aten::add,,,17.65,17.65,0,0,0,0
aten::slice,,,3.77,5.18,0,0,0,0
aten::as_strided,,,1.41,1.41,0,0,0,0
aten::fill_,,,6.48,6.48,0,0,0,0
aten::slice,,,3.31,8.74,0,0,0,0
aten::as_strided,,,5.43,5.43,0,0,0,0
aten::fill_,,,20.08,37.46,0,1.64003125,0,0
aclnnInplaceFillScalar,,,17.38,17.38,1.64003125,1.64003125,0,0
aten::slice,,,6.36,12.12,0,0,0,0
aten::as_strided,,,5.76,5.76,0,0,0,0
aten::select,,,4.73,7.63,0,0,0,0
aten::as_strided,,,2.9,2.9,0,0,0,0
aten::copy_,,,76.27,95.49,0,0.62003125,0,0
aclnnInplaceCopy,,,19.22,19.22,0.62003125,0.62003125,0,0
aten::slice,,,7.5,10.27,0,0,0,0
aten::as_strided,,,2.77,2.77,0,0,0,0
aten::detach,,,3.41,3.41,0,0,0,0
aten::to,,,2.01,2.01,0,0,0,0
aten::resolve_conj,,,0.91,0.91,0,0,0,0
aten::resolve_neg,,,0.76,0.76,0,0,0,0
aten::slice,,,5.56,8.22,0,0,0,0
aten::as_strided,,,2.66,2.66,0,0,0,0
aten::slice,,,3.22,8.32,0,0,0,0
aten::as_strided,,,5.1,5.1,0,0,0,0
aten::pin_memory,,,4.34,19.64,0,0,0,0
aten::is_pinned,,,15.3,15.3,0,0,0,0
aten::copy_,,,3.94,3.94,0,0,0,0
aten::slice,,,5.44,7.17,0,0,0,0
aten::as_strided,,,1.73,1.73,0,0,0,0
aten::slice,,,2.86,6.44,0,0,0,0
aten::as_strided,,,3.58,3.58,0,0,0,0
aten::pin_memory,,,3.25,12.34,0,0,0,0
aten::is_pinned,,,9.09,9.09,0,0,0,0
aten::copy_,,,16.72,51.16,0,2.4200625,0,0
acl_memcpy_host_to_device,,,34.44,34.44,2.4200625,2.4200625,0,0
aten::fill_,,,18.82,35.07,0,1.38003125,0,0
aclnnInplaceFillScalar,,,16.25,16.25,1.38003125,1.38003125,0,0
aten::slice,,,7.17,11.57,0,0,0,0
aten::as_strided,,,4.4,4.4,0,0,0,0
aten::slice,,,3.11,4.76,0,0,0,0
aten::as_strided,,,1.65,1.65,0,0,0,0
aten::copy_,,,18.35,31.5,0,2.18003125,0,0
acl_memcpy_host_to_device,,,13.15,13.15,2.18003125,2.18003125,0,0
aten::slice,,,5.12,7.12,0,0,0,0
aten::as_strided,,,2.0,2.0,0,0,0,0
aten::slice,,,2.99,6.67,0,0,0,0
aten::as_strided,,,3.68,3.68,0,0,0,0
aten::pin_memory,,,3.83,13.87,0,0,0,0
aten::is_pinned,,,10.04,10.04,0,0,0,0
aten::copy_,,,13.15,26.72,0,2.6200625,0,0
acl_memcpy_host_to_device,,,13.57,13.57,2.6200625,2.6200625,0,0
aten::slice,,,4.96,9.22,0,0,0,0
aten::as_strided,,,4.26,4.26,0,0,0,0
aten::slice,,,3.17,4.7,0,0,0,0
aten::as_strided,,,1.53,1.53,0,0,0,0
aten::slice,,,2.82,5.42,0,0,0,0
aten::as_strided,,,2.6,2.6,0,0,0,0
aten::pin_memory,,,3.07,11.39,0,0,0,0
aten::is_pinned,,,8.32,8.32,0,0,0,0
aten::copy_,,,13.85,26.96,0,2.1800625,0,0
acl_memcpy_host_to_device,,,13.11,13.11,2.1800625,2.1800625,0,0
aten::slice,,,6.83,8.9,0,0,0,0
aten::as_strided,,,2.07,2.07,0,0,0,0
aten::slice,,,3.25,8.32,0,0,0,0
aten::as_strided,,,5.07,5.07,0,0,0,0
aten::pin_memory,,,3.69,12.09,0,0,0,0
aten::is_pinned,,,8.4,8.4,0,0,0,0
aten::copy_,,,13.9,27.13,0,2.30003125,0,0
acl_memcpy_host_to_device,,,13.23,13.23,2.30003125,2.30003125,0,0
aten::slice,,,5.7,9.24,0,0,0,0
aten::as_strided,,,3.54,3.54,0,0,0,0
aten::index,,,35.33,66.3,0,9.9801875,0,0
empty_tensor,,,6.93,6.93,0,0,0,0
empty_tensor,,,8.96,8.96,0,0,0,0
aclnnIndex,,,15.08,15.08,9.9801875,9.9801875,0,0
aten::to,,,3.11,78.22,0,1.08003125,0,0
aten::_to_copy,,,6.61,75.11,0,1.08003125,0,0
aten::empty_strided,,,29.0,33.93,0,0,0,0
empty_tensor,,,4.93,4.93,0,0,0,0
aten::copy_,,,18.98,34.57,0,1.08003125,0,0
aclnnInplaceCopy,,,15.59,15.59,1.08003125,1.08003125,0,0
aten::slice,,,6.85,11.24,0,0,0,0
aten::as_strided,,,4.39,4.39,0,0,0,0
aten::add,,,20.15,39.32,0,2.40003125,0,0
empty_tensor,,,7.12,7.12,0,0,0,0
aclnnAdd,,,12.05,12.05,2.40003125,2.40003125,0,0
aten::slice,,,5.54,9.95,0,0,0,0
aten::as_strided,,,4.41,4.41,0,0,0,0
aten::copy_,,,58.51,71.8,0,0.64003125,0,0
aclnnInplaceCopy,,,13.29,13.29,0.64003125,0.64003125,0,0
aten::slice,,,7.0,11.65,0,0,0,0
aten::as_strided,,,4.65,4.65,0,0,0,0
aten::add,,,18.3,39.18,0,1.66003125,0,0
empty_tensor,,,8.78,8.78,0,0,0,0
aclnnAdd,,,12.1,12.1,1.66003125,1.66003125,0,0
aten::slice,,,6.26,10.53,0,0,0,0
aten::as_strided,,,4.27,4.27,0,0,0,0
aten::copy_,,,50.4,65.97,0,0.62,0,0
aclnnInplaceCopy,,,15.57,15.57,0.62,0.62,0,0
aten::slice,,,6.62,10.38,0,0,0,0
aten::as_strided,,,3.76,3.76,0,0,0,0
aten::fill_,,,14.08,27.01,0,1.34003125,0,0
aclnnInplaceFillScalar,,,12.93,12.93,1.34003125,1.34003125,0,0
aten::slice,,,5.97,9.6,0,0,0,0
aten::as_strided,,,3.63,3.63,0,0,0,0
aten::slice,,,3.0,5.69,0,0,0,0
aten::as_strided,,,2.69,2.69,0,0,0,0
_compute_slot_mapping_fused_groups_kernel,,,28.85,28.85,22.0204375,22.0204375,0,0
aten::slice,,,10.11,17.95,0,0,0,0
aten::as_strided,,,7.84,7.84,0,0,0,0
aten::sub,,,26.05,59.49,0,1.48003125,0,0
empty_tensor,,,10.77,10.77,0,0,0,0
aten::item,,,2.68,4.69,0,0,0,0
aten::_local_scalar_dense,,,2.01,2.01,0,0,0,0
aclnnSubs,,,17.98,17.98,1.48003125,1.48003125,0,0
aten::pin_memory,,,7.73,26.76,0,0,0,0
aten::is_pinned,,,19.03,19.03,0,0,0,0
aten::copy_,,,20.76,44.62,0,2.3800625,0,0
acl_memcpy_host_to_device,,,23.86,23.86,2.3800625,2.3800625,0,0
aten::detach,,,4.73,4.73,0,0,0,0
aten::to,,,2.17,2.17,0,0,0,0
aten::resolve_conj,,,0.89,0.89,0,0,0,0
aten::resolve_neg,,,0.62,0.62,0,0,0,0
aten::slice,,,8.08,15.05,0,0,0,0
aten::as_strided,,,6.97,6.97,0,0,0,0
aten::slice,,,3.24,6.48,0,0,0,0
aten::as_strided,,,3.24,3.24,0,0,0,0
aten::slice,,,3.22,5.82,0,0,0,0
aten::as_strided,,,2.6,2.6,0,0,0,0
aten::fill_,,,18.69,37.45,0,0,0,0
aclnnInplaceFillScalar,,,18.76,18.76,0,0,0,0
aten::slice,,,4.63,8.55,0,0,0,0
aten::as_strided,,,3.92,3.92,0,0,0,0
aten::fill_,,,12.6,26.18,0,0,0,0
aclnnInplaceFillScalar,,,13.58,13.58,0,0,0,0
aten::slice,,,4.84,7.26,0,0,0,0
aten::as_strided,,,2.42,2.42,0,0,0,0
aten::slice,,,3.03,3.93,0,0,0,0
aten::as_strided,,,0.9,0.9,0,0,0,0
aten::lt,,,14.09,14.09,0,0,0,0
aten::lift_fresh,,,1.2,1.2,0,0,0,0
aten::slice,,,1.94,3.15,0,0,0,0
aten::as_strided,,,1.21,1.21,0,0,0,0
aten::fill_,,,2.37,9.75,0,0,0,0
aten::copy_,,,7.38,7.38,0,0,0,0
aten::slice,,,5.71,7.84,0,0,0,0
aten::as_strided,,,2.13,2.13,0,0,0,0
aten::slice,,,3.1,8.25,0,0,0,0
aten::as_strided,,,5.15,5.15,0,0,0,0
aten::slice,,,2.78,4.12,0,0,0,0
aten::as_strided,,,1.34,1.34,0,0,0,0
aten::slice,,,2.92,5.63,0,0,0,0
aten::as_strided,,,2.71,2.71,0,0,0,0
aten::slice,,,2.41,3.26,0,0,0,0
aten::as_strided,,,0.85,0.85,0,0,0,0
aten::slice,,,2.01,2.93,0,0,0,0
aten::as_strided,,,0.92,0.92,0,0,0,0
aten::slice,,,2.8,5.63,0,0,0,0
aten::as_strided,,,2.83,2.83,0,0,0,0
aten::slice,,,2.41,4.45,0,0,0,0
aten::as_strided,,,2.04,2.04,0,0,0,0
aten::slice,,,2.44,4.27,0,0,0,0
aten::as_strided,,,1.83,1.83,0,0,0,0
aten::slice,,,5.45,10.62,0,0,0,0
aten::as_strided,,,5.17,5.17,0,0,0,0
aten::slice,,,2.99,6.21,0,0,0,0
aten::as_strided,,,3.22,3.22,0,0,0,0
aten::slice,,,2.88,5.4,0,0,0,0
aten::as_strided,,,2.52,2.52,0,0,0,0
aten::to,,,1.71,1.71,0,0,0,0
aten::slice,,,2.74,5.32,0,0,0,0
aten::as_strided,,,2.58,2.58,0,0,0,0
aten::slice,,,2.54,4.77,0,0,0,0
aten::as_strided,,,2.23,2.23,0,0,0,0
aten::slice,,,2.3,3.65,0,0,0,0
aten::as_strided,,,1.35,1.35,0,0,0,0
aten::slice,,,3.25,6.32,0,0,0,0
aten::as_strided,,,3.07,3.07,0,0,0,0
aten::slice,,,2.31,6.0,0,0,0,0
aten::as_strided,,,3.69,3.69,0,0,0,0
aten::alias,,,6.22,6.22,0,0,0,0
aten::div,,,37.58,72.53,0,6.14009375,0,0
aten::item,,,2.22,3.94,0,0,0,0
aten::_local_scalar_dense,,,1.72,1.72,0,0,0,0
aclnnDivMods,,,31.01,31.01,6.14009375,6.14009375,0,0
aten::slice,,,3.59,8.91,0,0,0,0
aten::as_strided,,,5.32,5.32,0,0,0,0
aten::slice,,,4.39,7.13,0,0,0,0
aten::as_strided,,,2.74,2.74,0,0,0,0
aten::copy_,,,65.95,88.24,0,0.58,0,0
aclnnInplaceCopy,,,22.29,22.29,0.58,0.58,0,0
aten::slice,,,3.32,7.02,0,0,0,0
aten::as_strided,,,3.7,3.7,0,0,0,0
aten::slice,,,4.95,7.49,0,0,0,0
aten::as_strided,,,2.54,2.54,0,0,0,0
aten::ge,,,23.51,53.5,0,4.28009375,0,0
empty_tensor,,,10.91,10.91,0,0,0,0
aclnnGeScalar,,,19.08,19.08,4.28009375,4.28009375,0,0
aten::add,,,21.79,47.61,0,2.06003125,0,0
empty_tensor,,,7.94,7.94,0,0,0,0
aten::item,,,2.11,3.76,0,0,0,0
aten::_local_scalar_dense,,,1.65,1.65,0,0,0,0
aclnnAdds,,,14.12,14.12,2.06003125,2.06003125,0,0
aten::remainder,,,22.63,47.04,0,4.0000625,0,0
empty_tensor,,,8.61,8.61,0,0,0,0
aclnnRemainderTensorScalar,,,15.8,15.8,4.0000625,4.0000625,0,0
aten::eq,,,12.98,31.59,0,2.62003125,0,0
empty_tensor,,,6.21,6.21,0,0,0,0
aclnnEqScalar,,,12.4,12.4,2.62003125,2.62003125,0,0
aten::__and__,,,2.69,28.82,0,1.54003125,0,0
aten::bitwise_and,,,16.86,26.13,0,1.54003125,0,0
empty_tensor,,,6.02,6.02,0,0,0,0
aclnnBitwiseAndTensor,,,3.25,3.25,1.54003125,1.54003125,0,0
aten::clamp_min,,,12.69,30.74,0,1.66003125,0,0
empty_tensor,,,5.68,5.68,0,0,0,0
aclnnClampMin,,,12.37,12.37,1.66003125,1.66003125,0,0
aten::div,,,22.47,44.02,0,5.0600625,0,0
empty_tensor,,,6.23,6.23,0,0,0,0
aten::item,,,1.73,3.16,0,0,0,0
aten::_local_scalar_dense,,,1.43,1.43,0,0,0,0
aclnnDivMods,,,12.16,12.16,5.0600625,5.0600625,0,0
aten::remainder,,,18.17,27.28,0,4.66009375,0,0
empty_tensor,,,6.12,6.12,0,0,0,0
aclnnRemainderTensorScalar,,,2.99,2.99,4.66009375,4.66009375,0,0
aten::mul,,,17.27,39.23,0,1.86003125,0,0
empty_tensor,,,5.78,5.78,0,0,0,0
aten::item,,,1.73,3.53,0,0,0,0
aten::_local_scalar_dense,,,1.8,1.8,0,0,0,0
aclnnMuls,,,12.65,12.65,1.86003125,1.86003125,0,0
aten::div,,,21.12,43.03,0,4.48009375,0,0
empty_tensor,,,7.16,7.16,0,0,0,0
aten::item,,,1.59,2.66,0,0,0,0
aten::_local_scalar_dense,,,1.07,1.07,0,0,0,0
aclnnDivMods,,,12.09,12.09,4.48009375,4.48009375,0,0
aten::add,,,14.91,23.58,0,1.20003125,0,0
empty_tensor,,,5.9,5.9,0,0,0,0
aclnnAdd,,,2.77,2.77,1.20003125,1.20003125,0,0
aten::full_like,,,5.34,56.25,0,1.42003125,0,0
aten::empty_like,,,6.21,18.2,0,0,0,0
aten::empty_strided,,,7.87,11.99,0,0,0,0
empty_tensor,,,4.12,4.12,0,0,0,0
aten::fill_,,,10.55,32.71,0,1.42003125,0,0
aclnnInplaceFillScalar,,,22.16,22.16,1.42003125,1.42003125,0,0
aten::where,,,14.44,32.39,0,1.80003125,0,0
empty_tensor,,,6.27,6.27,0,0,0,0
aclnnSWhere,,,11.68,11.68,1.80003125,1.80003125,0,0
aten::copy_,,,15.9,27.15,0,1.16003125,0,0
aclnnInplaceCopy,,,11.25,11.25,1.16003125,1.16003125,0,0
aten::slice,,,3.93,9.01,0,0,0,0
aten::as_strided,,,5.08,5.08,0,0,0,0
aten::slice,,,6.09,9.04,0,0,0,0
aten::as_strided,,,2.95,2.95,0,0,0,0
aten::div,,,23.68,40.03,0,4.2800625,0,0
aten::item,,,2.0,3.34,0,0,0,0
aten::_local_scalar_dense,,,1.34,1.34,0,0,0,0
aclnnDivMods,,,13.01,13.01,4.2800625,4.2800625,0,0
aten::slice,,,2.64,6.81,0,0,0,0
aten::as_strided,,,4.17,4.17,0,0,0,0
aten::slice,,,12.17,16.31,0,0,0,0
aten::as_strided,,,4.14,4.14,0,0,0,0
aten::slice,,,2.73,5.25,0,0,0,0
aten::as_strided,,,2.52,2.52,0,0,0,0
aten::copy_,,,62.24,86.59,0,0.6,0,0
aclnnInplaceCopy,,,24.35,24.35,0.6,0.6,0,0
aten::slice,,,3.25,7.42,0,0,0,0
aten::as_strided,,,4.17,4.17,0,0,0,0
aten::slice,,,4.55,6.98,0,0,0,0
aten::as_strided,,,2.43,2.43,0,0,0,0
aten::copy_,,,54.38,76.72,0,0.62003125,0,0
aclnnInplaceCopy,,,22.34,22.34,0.62003125,0.62003125,0,0
aten::slice,,,5.88,10.77,0,0,0,0
aten::as_strided,,,4.89,4.89,0,0,0,0
aten::div,,,13.81,48.34,0,0,0,0
aten::to,,,2.02,34.53,0,0,0,0
aten::_to_copy,,,20.05,32.51,0,0,0,0
aten::empty_strided,,,3.41,3.41,0,0,0,0
aten::copy_,,,9.05,9.05,0,0,0,0
aten::slice,,,4.21,9.47,0,0,0,0
aten::as_strided,,,5.26,5.26,0,0,0,0
aten::slice,,,22.2,28.12,0,0,0,0
aten::as_strided,,,5.92,5.92,0,0,0,0
aten::slice,,,5.07,11.05,0,0,0,0
aten::as_strided,,,5.98,5.98,0,0,0,0
aten::slice,,,4.01,7.13,0,0,0,0
aten::as_strided,,,3.12,3.12,0,0,0,0
aten::fill_,,,19.95,38.82,0,0,0,0
aclnnInplaceFillScalar,,,18.87,18.87,0,0,0,0
aten::slice,,,7.98,11.63,0,0,0,0
aten::as_strided,,,3.65,3.65,0,0,0,0
aten::fill_,,,13.13,24.81,0,0,0,0
aclnnInplaceFillScalar,,,11.68,11.68,0,0,0,0
aten::slice,,,5.91,10.45,0,0,0,0
aten::as_strided,,,4.54,4.54,0,0,0,0
aten::slice,,,2.79,5.33,0,0,0,0
aten::as_strided,,,2.54,2.54,0,0,0,0
aten::slice,,,6.38,8.91,0,0,0,0
aten::as_strided,,,2.53,2.53,0,0,0,0
aten::slice,,,3.01,6.71,0,0,0,0
aten::as_strided,,,3.7,3.7,0,0,0,0
aten::slice,,,3.1,6.71,0,0,0,0
aten::as_strided,,,3.61,3.61,0,0,0,0
aten::slice,,,2.71,4.99,0,0,0,0
aten::as_strided,,,2.28,2.28,0,0,0,0
aten::slice,,,2.67,4.78,0,0,0,0
aten::as_strided,,,2.11,2.11,0,0,0,0
aten::fill_,,,14.93,30.45,0,0,0,0
aclnnInplaceFillScalar,,,15.52,15.52,0,0,0,0
aten::slice,,,4.0,7.61,0,0,0,0
aten::as_strided,,,3.61,3.61,0,0,0,0
aten::fill_,,,11.68,23.87,0,0,0,0
aclnnInplaceFillScalar,,,12.19,12.19,0,0,0,0
aten::diff,,,8.47,37.24,0,0,0,0
aten::narrow,,,7.26,11.89,0,0,0,0
aten::slice,,,2.5,4.63,0,0,0,0
aten::as_strided,,,2.13,2.13,0,0,0,0
aten::narrow,,,2.12,4.14,0,0,0,0
aten::slice,,,1.04,2.02,0,0,0,0
aten::as_strided,,,0.98,0.98,0,0,0,0
aten::sub,,,12.74,12.74,0,0,0,0
aten::eq,,,13.86,29.21,0,0,0,0
aten::to,,,1.96,15.35,0,0,0,0
aten::_to_copy,,,4.62,13.39,0,0,0,0
aten::empty_strided,,,3.01,3.01,0,0,0,0
aten::copy_,,,5.76,5.76,0,0,0,0
aten::__and__,,,2.44,7.52,0,0,0,0
aten::bitwise_and,,,5.08,5.08,0,0,0,0
aten::gt,,,9.03,18.62,0,0,0,0
aten::to,,,1.17,9.59,0,0,0,0
aten::_to_copy,,,2.96,8.42,0,0,0,0
aten::empty_strided,,,2.68,2.68,0,0,0,0
aten::copy_,,,2.78,2.78,0,0,0,0
aten::__and__,,,1.57,5.23,0,0,0,0
aten::bitwise_and,,,3.66,3.66,0,0,0,0
aten::any,,,7.41,15.91,0,0,0,0
aten::view_as,,,2.26,4.45,0,0,0,0
aten::view,,,2.19,2.19,0,0,0,0
aten::to,,,0.75,0.75,0,0,0,0
aten::copy_,,,3.3,3.3,0,0,0,0
aten::item,,,1.99,3.88,0,0,0,0
aten::_local_scalar_dense,,,1.89,1.89,0,0,0,0
aten::slice,,,5.08,6.73,0,0,0,0
aten::as_strided,,,1.65,1.65,0,0,0,0
aten::slice,,,2.53,3.45,0,0,0,0
aten::as_strided,,,0.92,0.92,0,0,0,0
aten::sub,,,5.18,5.18,0,0,0,0
aten::select,,,3.47,4.73,0,0,0,0
aten::as_strided,,,1.26,1.26,0,0,0,0
aten::item,,,1.47,2.92,0,0,0,0
aten::_local_scalar_dense,,,1.45,1.45,0,0,0,0
aten::gt,,,7.89,16.95,0,0,0,0
aten::to,,,1.24,9.06,0,0,0,0
aten::_to_copy,,,2.92,7.82,0,0,0,0
aten::empty_strided,,,1.72,1.72,0,0,0,0
aten::copy_,,,3.18,3.18,0,0,0,0
aten::__ior__,,,1.98,7.09,0,0,0,0
aten::bitwise_or_,,,5.11,5.11,0,0,0,0
aten::any,,,4.89,10.99,0,0,0,0
aten::view_as,,,1.43,2.91,0,0,0,0
aten::view,,,1.48,1.48,0,0,0,0
aten::to,,,0.5,0.5,0,0,0,0
aten::copy_,,,2.69,2.69,0,0,0,0
aten::is_nonzero,,,1.54,4.41,0,0,0,0
aten::item,,,1.26,2.87,0,0,0,0
aten::_local_scalar_dense,,,1.61,1.61,0,0,0,0
aten::select,,,5.26,11.45,0,0,0,0
aten::as_strided,,,6.19,6.19,0,0,0,0
aten::slice,,,4.79,8.95,0,0,0,0
aten::as_strided,,,4.16,4.16,0,0,0,0
aten::slice,,,2.78,5.23,0,0,0,0
aten::as_strided,,,2.45,2.45,0,0,0,0
aten::slice,,,2.55,4.8,0,0,0,0
aten::as_strided,,,2.25,2.25,0,0,0,0
aten::copy_,,,67.89,92.99,0,0.62,0,0
aclnnInplaceCopy,,,25.1,25.1,0.62,0.62,0,0
aten::slice,,,6.1,9.88,0,0,0,0
aten::as_strided,,,3.78,3.78,0,0,0,0
aten::fill_,,,14.47,28.33,0,0,0,0
aclnnInplaceFillScalar,,,13.86,13.86,0,0,0,0
aten::slice,,,6.43,10.63,0,0,0,0
aten::as_strided,,,4.2,4.2,0,0,0,0
aten::slice,,,2.97,5.92,0,0,0,0
aten::as_strided,,,2.95,2.95,0,0,0,0
aten::slice,,,3.09,5.81,0,0,0,0
aten::as_strided,,,2.72,2.72,0,0,0,0
aten::copy_,,,58.17,73.86,0,0.64003125,0,0
aclnnInplaceCopy,,,15.69,15.69,0.64003125,0.64003125,0,0
aten::slice,,,6.11,10.31,0,0,0,0
aten::as_strided,,,4.2,4.2,0,0,0,0
aten::slice,,,3.4,6.92,0,0,0,0
aten::as_strided,,,3.52,3.52,0,0,0,0
aten::slice,,,3.95,7.04,0,0,0,0
aten::as_strided,,,3.09,3.09,0,0,0,0
aten::slice,,,2.5,4.69,0,0,0,0
aten::as_strided,,,2.19,2.19,0,0,0,0
aten::slice,,,2.38,4.87,0,0,0,0
aten::as_strided,,,2.49,2.49,0,0,0,0
aten::copy_,,,51.84,67.66,0,0.66,0,0
aclnnInplaceCopy,,,15.82,15.82,0.66,0.66,0,0
aten::slice,,,6.0,10.1,0,0,0,0
aten::as_strided,,,4.1,4.1,0,0,0,0
aten::slice,,,2.79,5.37,0,0,0,0
aten::as_strided,,,2.58,2.58,0,0,0,0
aten::slice,,,2.68,5.06,0,0,0,0
aten::as_strided,,,2.38,2.38,0,0,0,0
aten::sub,,,18.88,32.48,0,1.86003125,0,0
aclnnSub,,,13.6,13.6,1.86003125,1.86003125,0,0
aten::slice,,,6.78,9.9,0,0,0,0
aten::as_strided,,,3.12,3.12,0,0,0,0
aten::slice,,,3.15,7.99,0,0,0,0
aten::as_strided,,,4.84,4.84,0,0,0,0
aten::slice,,,2.83,5.34,0,0,0,0
aten::as_strided,,,2.51,2.51,0,0,0,0
aten::slice,,,2.47,5.17,0,0,0,0
aten::as_strided,,,2.7,2.7,0,0,0,0
aten::slice,,,2.65,4.75,0,0,0,0
aten::as_strided,,,2.1,2.1,0,0,0,0
aten::fill_,,,15.53,31.68,0,0,0,0
aclnnInplaceFillScalar,,,16.15,16.15,0,0,0,0
aten::slice,,,5.39,9.08,0,0,0,0
aten::as_strided,,,3.69,3.69,0,0,0,0
aten::fill_,,,12.09,24.01,0,0,0,0
aclnnInplaceFillScalar,,,11.92,11.92,0,0,0,0
aten::diff,,,7.25,35.37,0,0,0,0
aten::narrow,,,6.37,12.1,0,0,0,0
aten::slice,,,3.25,5.73,0,0,0,0
aten::as_strided,,,2.48,2.48,0,0,0,0
aten::narrow,,,2.22,4.27,0,0,0,0
aten::slice,,,1.01,2.05,0,0,0,0
aten::as_strided,,,1.04,1.04,0,0,0,0
aten::sub,,,11.75,11.75,0,0,0,0
aten::eq,,,12.28,27.85,0,0,0,0
aten::to,,,2.08,15.57,0,0,0,0
aten::_to_copy,,,4.6,13.49,0,0,0,0
aten::empty_strided,,,3.02,3.02,0,0,0,0
aten::copy_,,,5.87,5.87,0,0,0,0
aten::__and__,,,2.02,6.32,0,0,0,0
aten::bitwise_and,,,4.3,4.3,0,0,0,0
aten::gt,,,8.22,16.39,0,0,0,0
aten::to,,,0.93,8.17,0,0,0,0
aten::_to_copy,,,2.75,7.24,0,0,0,0
aten::empty_strided,,,1.73,1.73,0,0,0,0
aten::copy_,,,2.76,2.76,0,0,0,0
aten::__and__,,,1.27,4.08,0,0,0,0
aten::bitwise_and,,,2.81,2.81,0,0,0,0
aten::any,,,5.47,12.75,0,0,0,0
aten::view_as,,,2.07,3.94,0,0,0,0
aten::view,,,1.87,1.87,0,0,0,0
aten::to,,,0.57,0.57,0,0,0,0
aten::copy_,,,2.77,2.77,0,0,0,0
aten::item,,,1.79,3.07,0,0,0,0
aten::_local_scalar_dense,,,1.28,1.28,0,0,0,0
aten::slice,,,4.56,6.44,0,0,0,0
aten::as_strided,,,1.88,1.88,0,0,0,0
aten::slice,,,2.44,3.37,0,0,0,0
aten::as_strided,,,0.93,0.93,0,0,0,0
aten::sub,,,5.09,5.09,0,0,0,0
aten::select,,,3.13,4.47,0,0,0,0
aten::as_strided,,,1.34,1.34,0,0,0,0
aten::item,,,1.48,2.44,0,0,0,0
aten::_local_scalar_dense,,,0.96,0.96,0,0,0,0
aten::gt,,,7.25,16.41,0,0,0,0
aten::to,,,1.42,9.16,0,0,0,0
aten::_to_copy,,,2.66,7.74,0,0,0,0
aten::empty_strided,,,1.96,1.96,0,0,0,0
aten::copy_,,,3.12,3.12,0,0,0,0
aten::__ior__,,,1.9,5.81,0,0,0,0
aten::bitwise_or_,,,3.91,3.91,0,0,0,0
aten::any,,,5.25,11.08,0,0,0,0
aten::view_as,,,1.33,2.57,0,0,0,0
aten::view,,,1.24,1.24,0,0,0,0
aten::to,,,0.51,0.51,0,0,0,0
aten::copy_,,,2.75,2.75,0,0,0,0
aten::is_nonzero,,,1.28,3.44,0,0,0,0
aten::item,,,1.26,2.16,0,0,0,0
aten::_local_scalar_dense,,,0.9,0.9,0,0,0,0
aten::select,,,4.53,10.5,0,0,0,0
aten::as_strided,,,5.97,5.97,0,0,0,0
aten::slice,,,4.78,8.53,0,0,0,0
aten::as_strided,,,3.75,3.75,0,0,0,0
aten::slice,,,2.5,4.89,0,0,0,0
aten::as_strided,,,2.39,2.39,0,0,0,0
aten::slice,,,2.23,4.48,0,0,0,0
aten::as_strided,,,2.25,2.25,0,0,0,0
aten::copy_,,,65.92,86.34,0,0.60003125,0,0
aclnnInplaceCopy,,,20.42,20.42,0.60003125,0.60003125,0,0
aten::slice,,,6.31,10.86,0,0,0,0
aten::as_strided,,,4.55,4.55,0,0,0,0
aten::fill_,,,14.84,29.08,0,0,0,0
aclnnInplaceFillScalar,,,14.24,14.24,0,0,0,0
aten::slice,,,5.13,9.87,0,0,0,0
aten::as_strided,,,4.74,4.74,0,0,0,0
aten::slice,,,2.86,5.49,0,0,0,0
aten::as_strided,,,2.63,2.63,0,0,0,0
aten::slice,,,2.79,4.97,0,0,0,0
aten::as_strided,,,2.18,2.18,0,0,0,0
aten::copy_,,,55.38,70.01,0,0.58003125,0,0
aclnnInplaceCopy,,,14.63,14.63,0.58003125,0.58003125,0,0
aten::slice,,,6.04,9.87,0,0,0,0
aten::as_strided,,,3.83,3.83,0,0,0,0
aten::slice,,,3.29,6.97,0,0,0,0
aten::as_strided,,,3.68,3.68,0,0,0,0
aten::slice,,,3.34,6.27,0,0,0,0
aten::as_strided,,,2.93,2.93,0,0,0,0
aten::slice,,,2.29,4.59,0,0,0,0
aten::as_strided,,,2.3,2.3,0,0,0,0
aten::slice,,,2.36,4.45,0,0,0,0
aten::as_strided,,,2.09,2.09,0,0,0,0
aten::copy_,,,52.56,68.58,0,0.64,0,0
aclnnInplaceCopy,,,16.02,16.02,0.64,0.64,0,0
aten::slice,,,5.58,9.24,0,0,0,0
aten::as_strided,,,3.66,3.66,0,0,0,0
aten::slice,,,2.76,5.23,0,0,0,0
aten::as_strided,,,2.47,2.47,0,0,0,0
aten::slice,,,2.64,5.13,0,0,0,0
aten::as_strided,,,2.49,2.49,0,0,0,0
aten::sub,,,18.48,33.08,0,1.52003125,0,0
aclnnSub,,,14.6,14.6,1.52003125,1.52003125,0,0
aten::slice,,,6.74,9.61,0,0,0,0
aten::as_strided,,,2.87,2.87,0,0,0,0
aten::slice,,,3.17,7.31,0,0,0,0
aten::as_strided,,,4.14,4.14,0,0,0,0
aten::slice,,,3.02,5.97,0,0,0,0
aten::as_strided,,,2.95,2.95,0,0,0,0
aten::slice,,,2.62,5.22,0,0,0,0
aten::as_strided,,,2.6,2.6,0,0,0,0
aten::slice,,,2.27,4.38,0,0,0,0
aten::as_strided,,,2.11,2.11,0,0,0,0
aten::fill_,,,16.44,31.75,0,0,0,0
aclnnInplaceFillScalar,,,15.31,15.31,0,0,0,0
aten::slice,,,4.08,7.85,0,0,0,0
aten::as_strided,,,3.77,3.77,0,0,0,0
aten::fill_,,,11.94,24.56,0,0,0,0
aclnnInplaceFillScalar,,,12.62,12.62,0,0,0,0
aten::diff,,,6.5,33.02,0,0,0,0
aten::narrow,,,5.83,10.83,0,0,0,0
aten::slice,,,2.46,5.0,0,0,0,0
aten::as_strided,,,2.54,2.54,0,0,0,0
aten::narrow,,,2.02,3.8,0,0,0,0
aten::slice,,,0.97,1.78,0,0,0,0
aten::as_strided,,,0.81,0.81,0,0,0,0
aten::sub,,,11.89,11.89,0,0,0,0
aten::eq,,,11.69,26.8,0,0,0,0
aten::to,,,1.79,15.11,0,0,0,0
aten::_to_copy,,,4.47,13.32,0,0,0,0
aten::empty_strided,,,3.08,3.08,0,0,0,0
aten::copy_,,,5.77,5.77,0,0,0,0
aten::__and__,,,1.94,5.96,0,0,0,0
aten::bitwise_and,,,4.02,4.02,0,0,0,0
aten::gt,,,7.19,15.56,0,0,0,0
aten::to,,,1.37,8.37,0,0,0,0
aten::_to_copy,,,2.57,7.0,0,0,0,0
aten::empty_strided,,,1.74,1.74,0,0,0,0
aten::copy_,,,2.69,2.69,0,0,0,0
aten::__and__,,,1.3,4.15,0,0,0,0
aten::bitwise_and,,,2.85,2.85,0,0,0,0
aten::any,,,5.42,12.2,0,0,0,0
aten::view_as,,,1.72,3.63,0,0,0,0
aten::view,,,1.91,1.91,0,0,0,0
aten::to,,,0.44,0.44,0,0,0,0
aten::copy_,,,2.71,2.71,0,0,0,0
aten::item,,,1.86,3.16,0,0,0,0
aten::_local_scalar_dense,,,1.3,1.3,0,0,0,0
aten::slice,,,4.66,6.18,0,0,0,0
aten::as_strided,,,1.52,1.52,0,0,0,0
aten::slice,,,2.18,2.93,0,0,0,0
aten::as_strided,,,0.75,0.75,0,0,0,0
aten::sub,,,5.32,5.32,0,0,0,0
aten::select,,,2.9,4.03,0,0,0,0
aten::as_strided,,,1.13,1.13,0,0,0,0
aten::item,,,1.41,2.5,0,0,0,0
aten::_local_scalar_dense,,,1.09,1.09,0,0,0,0
aten::gt,,,7.25,15.94,0,0,0,0
aten::to,,,1.18,8.69,0,0,0,0
aten::_to_copy,,,2.44,7.51,0,0,0,0
aten::empty_strided,,,1.85,1.85,0,0,0,0
aten::copy_,,,3.22,3.22,0,0,0,0
aten::__ior__,,,1.68,5.79,0,0,0,0
aten::bitwise_or_,,,4.11,4.11,0,0,0,0
aten::any,,,4.66,10.03,0,0,0,0
aten::view_as,,,1.31,2.47,0,0,0,0
aten::view,,,1.16,1.16,0,0,0,0
aten::to,,,0.43,0.43,0,0,0,0
aten::copy_,,,2.47,2.47,0,0,0,0
aten::is_nonzero,,,1.41,3.33,0,0,0,0
aten::item,,,1.03,1.92,0,0,0,0
aten::_local_scalar_dense,,,0.89,0.89,0,0,0,0
aten::select,,,4.6,10.04,0,0,0,0
aten::as_strided,,,5.44,5.44,0,0,0,0
aten::slice,,,4.74,9.19,0,0,0,0
aten::as_strided,,,4.45,4.45,0,0,0,0
aten::slice,,,2.27,4.73,0,0,0,0
aten::as_strided,,,2.46,2.46,0,0,0,0
aten::slice,,,2.4,4.57,0,0,0,0
aten::as_strided,,,2.17,2.17,0,0,0,0
aten::copy_,,,65.98,86.16,0,0.62,0,0
aclnnInplaceCopy,,,20.18,20.18,0.62,0.62,0,0
aten::slice,,,5.92,10.13,0,0,0,0
aten::as_strided,,,4.21,4.21,0,0,0,0
aten::fill_,,,14.59,28.56,0,0,0,0
aclnnInplaceFillScalar,,,13.97,13.97,0,0,0,0
aten::slice,,,5.64,9.67,0,0,0,0
aten::as_strided,,,4.03,4.03,0,0,0,0
aten::slice,,,2.69,5.29,0,0,0,0
aten::as_strided,,,2.6,2.6,0,0,0,0
aten::slice,,,2.78,5.19,0,0,0,0
aten::as_strided,,,2.41,2.41,0,0,0,0
aten::copy_,,,55.17,70.85,0,0.62,0,0
aclnnInplaceCopy,,,15.68,15.68,0.62,0.62,0,0
aten::slice,,,5.2,9.05,0,0,0,0
aten::as_strided,,,3.85,3.85,0,0,0,0
aten::slice,,,3.65,7.23,0,0,0,0
aten::as_strided,,,3.58,3.58,0,0,0,0
aten::slice,,,3.46,6.68,0,0,0,0
aten::as_strided,,,3.22,3.22,0,0,0,0
aten::slice,,,2.26,5.09,0,0,0,0
aten::as_strided,,,2.83,2.83,0,0,0,0
aten::slice,,,2.52,12.5,0,0,0,0
aten::as_strided,,,9.98,9.98,0,0,0,0
aten::copy_,,,53.94,70.27,0,0.58003125,0,0
aclnnInplaceCopy,,,16.33,16.33,0.58003125,0.58003125,0,0
aten::slice,,,6.13,10.09,0,0,0,0
aten::as_strided,,,3.96,3.96,0,0,0,0
aten::slice,,,2.82,6.1,0,0,0,0
aten::as_strided,,,3.28,3.28,0,0,0,0
aten::slice,,,2.54,5.79,0,0,0,0
aten::as_strided,,,3.25,3.25,0,0,0,0
aten::sub,,,17.62,31.36,0,1.28003125,0,0
aclnnSub,,,13.74,13.74,1.28003125,1.28003125,0,0
Event::record,,,173.5,209.88,0,0.0,0,0
record_event,,,36.38,36.38,0.0,0.0,0,0
aten::slice,,,9.46,16.87,0,0,0,0
aten::as_strided,,,7.41,7.41,0,0,0,0
aten::slice,,,4.26,7.63,0,0,0,0
aten::as_strided,,,3.37,3.37,0,0,0,0
aten::slice,,,7.37,14.6,0,0,0,0
aten::as_strided,,,7.23,7.23,0,0,0,0
aten::scalar_tensor,,,6.72,64.49,0,1.36003125,0,0
aten::empty,,,3.41,14.62,0,0,0,0
empty_tensor,,,11.21,11.21,0,0,0,0
aten::fill_,,,17.78,43.15,0,1.36003125,0,0
aclnnInplaceFillScalar,,,25.37,25.37,1.36003125,1.36003125,0,0
aten::view,,,4.24,4.24,0,0,0,0
aten::expand,,,3.55,5.7,0,0,0,0
aten::as_strided,,,2.15,2.15,0,0,0,0
aten::copy_,,,59.73,75.8,0,0.62,0,0
aclnnInplaceCopy,,,16.07,16.07,0.62,0.62,0,0
aten::scalar_tensor,,,5.58,41.59,0,1.22003125,0,0
aten::empty,,,2.62,11.17,0,0,0,0
empty_tensor,,,8.55,8.55,0,0,0,0
aten::fill_,,,10.8,24.84,0,1.22003125,0,0
aclnnInplaceFillScalar,,,14.04,14.04,1.22003125,1.22003125,0,0
aten::slice,,,7.15,12.87,0,0,0,0
aten::as_strided,,,5.72,5.72,0,0,0,0
aten::view,,,2.39,2.39,0,0,0,0
aten::expand,,,1.69,3.12,0,0,0,0
aten::as_strided,,,1.43,1.43,0,0,0,0
aten::copy_,,,1.98,1.98,0,0,0,0
aten::index,,,37.46,73.12,0,10.68021875,0,0
empty_tensor,,,7.78,7.78,0,0,0,0
empty_tensor,,,8.87,8.87,0,0,0,0
aclnnIndex,,,19.01,19.01,10.68021875,10.68021875,0,0
aten::linear,,,6.17,72.23,0,896.85790625,0,896.85790625
aten::t,,,6.4,16.47,0,0,0,0
aten::transpose,,,3.74,10.07,0,0,0,0
aten::as_strided,,,6.33,6.33,0,0,0,0
aten::matmul,,,22.08,49.59,0,896.85790625,0,896.85790625
empty_tensor,,,10.4,10.4,0,0,0,0
aclnnMatmul,,,17.11,17.11,896.85790625,896.85790625,896.85790625,896.85790625
aten::alias,,,3.2,3.2,0,0,0,0
aten::log_softmax,,,8.3,114.45,0,51.36103125,0,0
aten::to,,,3.69,69.94,0,7.36015625,0,0
aten::_to_copy,,,7.13,66.25,0,7.36015625,0,0
aten::empty_strided,,,11.87,19.23,0,0,0,0
empty_tensor,,,7.36,7.36,0,0,0,0
aten::copy_,,,21.41,39.89,0,7.36015625,0,0
aclnnInplaceCopy,,,18.48,18.48,7.36015625,7.36015625,0,0
aten::_log_softmax,,,18.39,36.21,0,44.000875,0,0
empty_tensor,,,7.03,7.03,0,0,0,0
aclnnLogSoftmax,,,10.79,10.79,44.000875,44.000875,0,0
aten::to,,,1.99,45.89,0,2.40003125,0,0
aten::_to_copy,,,5.27,43.9,0,2.40003125,0,0
aten::empty_strided,,,7.13,12.0,0,0,0,0
empty_tensor,,,4.87,4.87,0,0,0,0
aten::copy_,,,15.26,26.63,0,2.40003125,0,0
aclnnInplaceCopy,,,11.37,11.37,2.40003125,2.40003125,0,0
aten::argmax,,,8.23,65.73,0,20.460406250000002,0,0
aten::empty,,,2.73,10.99,0,0,0,0
empty_tensor,,,8.26,8.26,0,0,0,0
aten::argmax,,,26.12,46.51,0,20.460406250000002,0,0
aten::reshape,,,1.95,7.28,0,0,0,0
aten::view,,,5.33,5.33,0,0,0,0
aclnnArgMax,,,13.11,13.11,20.460406250000002,20.460406250000002,0,0
aten::view,,,4.36,4.36,0,0,0,0
aten::to,,,1.89,1.89,0,0,0,0
aten::topk,,,22.16,47.03,0,32.08065625,0,0
empty_tensor,,,7.75,7.75,0,0,0,0
empty_tensor,,,5.16,5.16,0,0,0,0
aclnnTopk,,,11.96,11.96,32.08065625,32.08065625,0,0
aten::unsqueeze,,,4.05,8.78,0,0,0,0
aten::as_strided,,,4.73,4.73,0,0,0,0
aten::gather,,,20.9,40.16,0,5.40009375,0,0
empty_tensor,,,6.52,6.52,0,0,0,0
aclnnGather,,,12.74,12.74,5.40009375,5.40009375,0,0
TorchDynamo Cache Lookup,,,39.63,39.63,0,0,0,0
Torch-Compiled Region: 0/0,,,110.56,203.58,0,37.80071875,0,0
aten::_assert_scalar,,,3.72,3.72,0,0,0,0
aten::_assert_scalar,,,1.38,1.38,0,0,0,0
aten::_assert_scalar,,,0.87,0.87,0,0,0,0
aten::ge,,,19.71,49.0,0,7.78015625,0,0
empty_tensor,,,12.15,12.15,0,0,0,0
aclnnGeTensor,,,17.14,17.14,7.78015625,7.78015625,0,0
aten::sum,,,19.63,38.05,0,30.0205625,0,0
empty_tensor,,,7.91,7.91,0,0,0,0
aclnnReduceSum,,,10.51,10.51,30.0205625,30.0205625,0,0
aten::cat,,,19.13,40.03,0,2.7000625,0,0
empty_tensor,,,7.87,7.87,0,0,0,0
aclnnCat,,,13.03,13.03,2.7000625,2.7000625,0,0
aten::cat,,,13.2,31.81,0,2.0000625,0,0
empty_tensor,,,6.85,6.85,0,0,0,0
aclnnCat,,,11.76,11.76,2.0000625,2.0000625,0,0
aten::to,,,2.51,48.57,0,1.34,0,0
aten::_to_copy,,,5.99,46.06,0,1.34,0,0
aten::empty_strided,,,7.94,12.44,0,0,0,0
empty_tensor,,,4.5,4.5,0,0,0,0
aten::copy_,,,14.91,27.63,0,1.34,0,0
aclnnInplaceCopy,,,12.72,12.72,1.34,1.34,0,0
aten::to,,,2.23,45.55,0,1.32003125,0,0
aten::_to_copy,,,4.74,43.32,0,1.32003125,0,0
aten::empty_strided,,,7.07,11.79,0,0,0,0
empty_tensor,,,4.72,4.72,0,0,0,0
aten::copy_,,,14.58,26.79,0,1.32003125,0,0
aclnnInplaceCopy,,,12.21,12.21,1.32003125,1.32003125,0,0
aten::unsqueeze,,,3.53,7.97,0,0,0,0
aten::as_strided,,,4.44,4.44,0,0,0,0
Event::record,,,155.37,175.41,0,0.0,0,0
record_event,,,20.04,20.04,0.0,0.0,0,0
aten::slice,,,5.15,12.97,0,0,0,0
aten::as_strided,,,7.82,7.82,0,0,0,0
Event::wait,,,75.95,99.98,0,2163.10325,0,0
wait_event,,,24.03,24.03,2163.10325,2163.10325,0,0
Event::record,,,91.35,112.85,0,0.02003125,0,0
record_event,,,21.5,21.5,0.02003125,0.02003125,0,0
Event::wait,,,61.2,78.88,0,1769.275375,0,0
wait_event,,,17.68,17.68,1769.275375,1769.275375,0,0
destroy_event,,,11.48,11.48,0,0,0,0
aten::to,,,4.36,67.1,0,2.04003125,0,0
aten::_to_copy,,,6.97,62.74,0,2.04003125,0,0
aten::empty_strided,,,21.2,21.2,0,0,0,0
aten::copy_,,,21.11,34.57,0,2.04003125,0,0
acl_memcpy_device_to_host,,,13.46,13.46,2.04003125,2.04003125,0,0
aten::to,,,2.79,40.31,0,1.86003125,0,0
aten::_to_copy,,,5.16,37.52,0,1.86003125,0,0
aten::empty_strided,,,3.97,3.97,0,0,0,0
aten::copy_,,,15.66,28.39,0,1.86003125,0,0
acl_memcpy_device_to_host,,,12.73,12.73,1.86003125,1.86003125,0,0
aten::to,,,2.17,33.86,0,2.0000625,0,0
aten::_to_copy,,,3.86,31.69,0,2.0000625,0,0
aten::empty_strided,,,3.63,3.63,0,0,0,0
aten::copy_,,,13.08,24.2,0,2.0000625,0,0
acl_memcpy_device_to_host,,,11.12,11.12,2.0000625,2.0000625,0,0
aten::to,,,2.39,33.8,0,1.98003125,0,0
aten::_to_copy,,,4.11,31.41,0,1.98003125,0,0
aten::empty_strided,,,3.2,3.2,0,0,0,0
aten::copy_,,,12.48,24.1,0,1.98003125,0,0
acl_memcpy_device_to_host,,,11.62,11.62,1.98003125,1.98003125,0,0
Event::record,,,171.08,190.75,0,0.02,0,0
record_event,,,19.67,19.67,0.02,0.02,0,0
Event::synchronize,,,103.55,103.55,0,0,0,0
aten::resolve_conj,,,2.02,2.02,0,0,0,0
aten::resolve_neg,,,0.91,0.91,0,0,0,0
aten::to,,,3.37,3.37,0,0,0,0
aten::detach,,,4.18,4.18,0,0,0,0
aten::to,,,0.95,0.95,0,0,0,0
aten::resolve_conj,,,0.53,0.53,0,0,0,0
aten::resolve_neg,,,0.43,0.43,0,0,0,0
aten::to,,,1.47,1.47,0,0,0,0
aten::detach,,,1.67,1.67,0,0,0,0
aten::to,,,0.45,0.45,0,0,0,0
aten::resolve_conj,,,0.41,0.41,0,0,0,0
aten::resolve_neg,,,0.36,0.36,0,0,0,0
aten::to,,,1.35,1.35,0,0,0,0
aten::detach,,,1.07,1.07,0,0,0,0
aten::to,,,0.5,0.5,0,0,0,0
aten::resolve_conj,,,0.38,0.38,0,0,0,0
aten::resolve_neg,,,0.51,0.51,0,0,0,0
destroy_event,,,24.64,24.64,0,0,0,0
record_event,,,7.31,7.31,0.0,0.0,0,0
Event::synchronize,,,135.12,135.12,0,0,0,0
aten::slice,,,12.81,16.88,0,0,0,0
aten::as_strided,,,4.07,4.07,0,0,0,0
aten::slice,,,3.5,10.3,0,0,0,0
aten::as_strided,,,6.8,6.8,0,0,0,0
aten::pin_memory,,,101.56,120.3,0,0,0,0
aten::is_pinned,,,18.74,18.74,0,0,0,0
aten::copy_,,,22.05,40.84,0,2.3800625,0,0
acl_memcpy_host_to_device,,,18.79,18.79,2.3800625,2.3800625,0,0
aten::slice,,,6.86,9.64,0,0,0,0
aten::as_strided,,,2.78,2.78,0,0,0,0
aten::slice,,,3.2,8.52,0,0,0,0
aten::as_strided,,,5.32,5.32,0,0,0,0
aten::pin_memory,,,3.82,14.16,0,0,0,0
aten::is_pinned,,,10.34,10.34,0,0,0,0
aten::copy_,,,15.09,29.16,0,2.42003125,0,0
acl_memcpy_host_to_device,,,14.07,14.07,2.42003125,2.42003125,0,0
aten::slice,,,6.81,8.84,0,0,0,0
aten::as_strided,,,2.03,2.03,0,0,0,0
aten::slice,,,3.01,7.16,0,0,0,0
aten::as_strided,,,4.15,4.15,0,0,0,0
aten::pin_memory,,,3.92,13.15,0,0,0,0
aten::is_pinned,,,9.23,9.23,0,0,0,0
aten::copy_,,,13.54,27.69,0,2.3200625,0,0
acl_memcpy_host_to_device,,,14.15,14.15,2.3200625,2.3200625,0,0
aten::slice,,,5.38,7.39,0,0,0,0
aten::as_strided,,,2.01,2.01,0,0,0,0
aten::slice,,,2.95,6.69,0,0,0,0
aten::as_strided,,,3.74,3.74,0,0,0,0
aten::pin_memory,,,3.2,11.06,0,0,0,0
aten::is_pinned,,,7.86,7.86,0,0,0,0
aten::copy_,,,12.9,25.53,0,2.3400625,0,0
acl_memcpy_host_to_device,,,12.63,12.63,2.3400625,2.3400625,0,0
aten::slice,,,4.93,6.65,0,0,0,0
aten::as_strided,,,1.72,1.72,0,0,0,0
aten::slice,,,2.69,6.67,0,0,0,0
aten::as_strided,,,3.98,3.98,0,0,0,0
aten::pin_memory,,,2.96,11.07,0,0,0,0
aten::is_pinned,,,8.11,8.11,0,0,0,0
aten::copy_,,,12.31,24.78,0,2.1800625,0,0
acl_memcpy_host_to_device,,,12.47,12.47,2.1800625,2.1800625,0,0
aten::slice,,,9.57,12.86,0,0,0,0
aten::as_strided,,,3.29,3.29,0,0,0,0
aten::slice,,,3.55,9.79,0,0,0,0
aten::as_strided,,,6.24,6.24,0,0,0,0
aten::pin_memory,,,4.29,18.86,0,0,0,0
aten::is_pinned,,,14.57,14.57,0,0,0,0
aten::copy_,,,16.63,38.62,0,2.18003125,0,0
acl_memcpy_host_to_device,,,21.99,21.99,2.18003125,2.18003125,0,0
aten::slice,,,5.6,10.32,0,0,0,0
aten::as_strided,,,4.72,4.72,0,0,0,0
aten::lift_fresh,,,1.34,1.34,0,0,0,0
aten::lift_fresh,,,0.94,0.94,0,0,0,0
aten::flatten,,,3.72,10.12,0,0,0,0
aten::view,,,6.4,6.4,0,0,0,0
aten::slice,,,4.02,5.82,0,0,0,0
aten::as_strided,,,1.8,1.8,0,0,0,0
aten::index_select,,,6.89,6.89,0,0,0,0
aten::pin_memory,,,4.28,17.67,0,0,0,0
aten::is_pinned,,,13.39,13.39,0,0,0,0
aten::copy_,,,16.24,34.18,0,2.18003125,0,0
acl_memcpy_host_to_device,,,17.94,17.94,2.18003125,2.18003125,0,0
aten::pin_memory,,,4.23,11.89,0,0,0,0
aten::is_pinned,,,7.66,7.66,0,0,0,0
aten::copy_,,,14.17,35.92,0,2.30003125,0,0
acl_memcpy_host_to_device,,,21.75,21.75,2.30003125,2.30003125,0,0
aten::slice,,,6.6,8.93,0,0,0,0
aten::as_strided,,,2.33,2.33,0,0,0,0
aten::lift_fresh,,,0.82,0.82,0,0,0,0
aten::slice,,,3.28,4.46,0,0,0,0
aten::as_strided,,,1.18,1.18,0,0,0,0
aten::add,,,13.9,13.9,0,0,0,0
aten::slice,,,3.79,4.86,0,0,0,0
aten::as_strided,,,1.07,1.07,0,0,0,0
aten::fill_,,,6.11,6.11,0,0,0,0
aten::slice,,,3.48,8.59,0,0,0,0
aten::as_strided,,,5.11,5.11,0,0,0,0
aten::fill_,,,18.57,34.99,0,1.44,0,0
aclnnInplaceFillScalar,,,16.42,16.42,1.44,1.44,0,0
aten::slice,,,6.02,11.61,0,0,0,0
aten::as_strided,,,5.59,5.59,0,0,0,0
aten::select,,,4.0,7.18,0,0,0,0
aten::as_strided,,,3.18,3.18,0,0,0,0
aten::copy_,,,68.01,84.85,0,0.6,0,0
aclnnInplaceCopy,,,16.84,16.84,0.6,0.6,0,0
aten::slice,,,6.95,9.37,0,0,0,0
aten::as_strided,,,2.42,2.42,0,0,0,0
aten::detach,,,3.03,3.03,0,0,0,0
aten::to,,,2.28,2.28,0,0,0,0
aten::resolve_conj,,,0.93,0.93,0,0,0,0
aten::resolve_neg,,,0.56,0.56,0,0,0,0
aten::slice,,,5.15,7.7,0,0,0,0
aten::as_strided,,,2.55,2.55,0,0,0,0
aten::slice,,,3.27,8.45,0,0,0,0
aten::as_strided,,,5.18,5.18,0,0,0,0
aten::pin_memory,,,4.18,19.53,0,0,0,0
aten::is_pinned,,,15.35,15.35,0,0,0,0
aten::copy_,,,3.87,3.87,0,0,0,0
aten::slice,,,5.7,7.15,0,0,0,0
aten::as_strided,,,1.45,1.45,0,0,0,0
aten::slice,,,3.07,6.6,0,0,0,0
aten::as_strided,,,3.53,3.53,0,0,0,0
aten::pin_memory,,,3.2,12.37,0,0,0,0
aten::is_pinned,,,9.17,9.17,0,0,0,0
aten::copy_,,,15.78,33.84,0,2.4200625,0,0
acl_memcpy_host_to_device,,,18.06,18.06,2.4200625,2.4200625,0,0
aten::fill_,,,17.85,33.32,0,1.30003125,0,0
aclnnInplaceFillScalar,,,15.47,15.47,1.30003125,1.30003125,0,0
aten::slice,,,5.52,10.1,0,0,0,0
aten::as_strided,,,4.58,4.58,0,0,0,0
aten::slice,,,2.99,4.54,0,0,0,0
aten::as_strided,,,1.55,1.55,0,0,0,0
aten::copy_,,,17.32,30.37,0,2.16003125,0,0
acl_memcpy_host_to_device,,,13.05,13.05,2.16003125,2.16003125,0,0
aten::slice,,,5.48,7.4,0,0,0,0
aten::as_strided,,,1.92,1.92,0,0,0,0
aten::slice,,,2.78,6.5,0,0,0,0
aten::as_strided,,,3.72,3.72,0,0,0,0
aten::pin_memory,,,3.58,13.98,0,0,0,0
aten::is_pinned,,,10.4,10.4,0,0,0,0
aten::copy_,,,14.1,26.61,0,2.34003125,0,0
acl_memcpy_host_to_device,,,12.51,12.51,2.34003125,2.34003125,0,0
aten::slice,,,5.88,10.21,0,0,0,0
aten::as_strided,,,4.33,4.33,0,0,0,0
aten::slice,,,2.89,4.69,0,0,0,0
aten::as_strided,,,1.8,1.8,0,0,0,0
aten::slice,,,2.64,5.36,0,0,0,0
aten::as_strided,,,2.72,2.72,0,0,0,0
aten::pin_memory,,,3.38,12.0,0,0,0,0
aten::is_pinned,,,8.62,8.62,0,0,0,0
aten::copy_,,,13.2,26.44,0,2.3400625,0,0
acl_memcpy_host_to_device,,,13.24,13.24,2.3400625,2.3400625,0,0
aten::slice,,,5.18,6.83,0,0,0,0
aten::as_strided,,,1.65,1.65,0,0,0,0
aten::slice,,,2.82,7.29,0,0,0,0
aten::as_strided,,,4.47,4.47,0,0,0,0
aten::pin_memory,,,3.17,10.9,0,0,0,0
aten::is_pinned,,,7.73,7.73,0,0,0,0
aten::copy_,,,13.23,26.35,0,2.3400625,0,0
acl_memcpy_host_to_device,,,13.12,13.12,2.3400625,2.3400625,0,0
aten::slice,,,5.64,9.22,0,0,0,0
aten::as_strided,,,3.58,3.58,0,0,0,0
aten::index,,,33.4,63.34,0,10.34021875,0,0
empty_tensor,,,7.33,7.33,0,0,0,0
empty_tensor,,,8.47,8.47,0,0,0,0
aclnnIndex,,,14.14,14.14,10.34021875,10.34021875,0,0
aten::to,,,2.8,53.03,0,1.18003125,0,0
aten::_to_copy,,,5.9,50.23,0,1.18003125,0,0
aten::empty_strided,,,8.57,13.33,0,0,0,0
empty_tensor,,,4.76,4.76,0,0,0,0
aten::copy_,,,16.86,31.0,0,1.18003125,0,0
aclnnInplaceCopy,,,14.14,14.14,1.18003125,1.18003125,0,0
aten::slice,,,5.88,9.91,0,0,0,0
aten::as_strided,,,4.03,4.03,0,0,0,0
aten::add,,,19.27,38.92,0,2.44003125,0,0
empty_tensor,,,6.86,6.86,0,0,0,0
aclnnAdd,,,12.79,12.79,2.44003125,2.44003125,0,0
aten::slice,,,5.66,10.06,0,0,0,0
aten::as_strided,,,4.4,4.4,0,0,0,0
aten::copy_,,,57.14,70.15,0,0.56,0,0
aclnnInplaceCopy,,,13.01,13.01,0.56,0.56,0,0
aten::slice,,,6.57,11.06,0,0,0,0
aten::as_strided,,,4.49,4.49,0,0,0,0
aten::add,,,18.86,39.52,0,1.80003125,0,0
empty_tensor,,,8.29,8.29,0,0,0,0
aclnnAdd,,,12.37,12.37,1.80003125,1.80003125,0,0
aten::slice,,,5.34,9.72,0,0,0,0
aten::as_strided,,,4.38,4.38,0,0,0,0
aten::copy_,,,49.7,63.41,0,0.62,0,0
aclnnInplaceCopy,,,13.71,13.71,0.62,0.62,0,0
aten::slice,,,5.81,10.04,0,0,0,0
aten::as_strided,,,4.23,4.23,0,0,0,0
aten::fill_,,,16.49,33.46,0,1.42003125,0,0
aclnnInplaceFillScalar,,,16.97,16.97,1.42003125,1.42003125,0,0
aten::slice,,,5.75,9.85,0,0,0,0
aten::as_strided,,,4.1,4.1,0,0,0,0
aten::slice,,,3.73,15.67,0,0,0,0
aten::as_strided,,,11.94,11.94,0,0,0,0
_compute_slot_mapping_fused_groups_kernel,,,33.46,33.46,21.8804375,21.8804375,0,0
aten::slice,,,9.18,17.18,0,0,0,0
aten::as_strided,,,8.0,8.0,0,0,0,0
aten::sub,,,40.26,72.07,0,1.42003125,0,0
empty_tensor,,,10.93,10.93,0,0,0,0
aten::item,,,2.18,4.13,0,0,0,0
aten::_local_scalar_dense,,,1.95,1.95,0,0,0,0
aclnnSubs,,,16.75,16.75,1.42003125,1.42003125,0,0
aten::pin_memory,,,7.98,26.71,0,0,0,0
aten::is_pinned,,,18.73,18.73,0,0,0,0
aten::copy_,,,20.45,42.69,0,2.3600625,0,0
acl_memcpy_host_to_device,,,22.24,22.24,2.3600625,2.3600625,0,0
aten::detach,,,4.52,4.52,0,0,0,0
aten::to,,,1.82,1.82,0,0,0,0
aten::resolve_conj,,,0.82,0.82,0,0,0,0
aten::resolve_neg,,,0.46,0.46,0,0,0,0
aten::slice,,,8.63,15.82,0,0,0,0
aten::as_strided,,,7.19,7.19,0,0,0,0
aten::slice,,,2.96,6.03,0,0,0,0
aten::as_strided,,,3.07,3.07,0,0,0,0
aten::slice,,,2.67,5.0,0,0,0,0
aten::as_strided,,,2.33,2.33,0,0,0,0
aten::fill_,,,18.65,38.66,0,0,0,0
aclnnInplaceFillScalar,,,20.01,20.01,0,0,0,0
aten::slice,,,4.92,8.65,0,0,0,0
aten::as_strided,,,3.73,3.73,0,0,0,0
aten::fill_,,,11.43,23.71,0,0,0,0
aclnnInplaceFillScalar,,,12.28,12.28,0,0,0,0
aten::slice,,,4.56,6.76,0,0,0,0
aten::as_strided,,,2.2,2.2,0,0,0,0
aten::slice,,,2.68,3.68,0,0,0,0
aten::as_strided,,,1.0,1.0,0,0,0,0
aten::lt,,,13.7,13.7,0,0,0,0
aten::lift_fresh,,,0.91,0.91,0,0,0,0
aten::slice,,,1.67,3.8,0,0,0,0
aten::as_strided,,,2.13,2.13,0,0,0,0
aten::fill_,,,2.37,9.22,0,0,0,0
aten::copy_,,,6.85,6.85,0,0,0,0
aten::slice,,,3.54,5.21,0,0,0,0
aten::as_strided,,,1.67,1.67,0,0,0,0
aten::slice,,,3.19,7.43,0,0,0,0
aten::as_strided,,,4.24,4.24,0,0,0,0
aten::slice,,,2.81,4.68,0,0,0,0
aten::as_strided,,,1.87,1.87,0,0,0,0
aten::slice,,,2.92,5.43,0,0,0,0
aten::as_strided,,,2.51,2.51,0,0,0,0
aten::slice,,,2.3,3.83,0,0,0,0
aten::as_strided,,,1.53,1.53,0,0,0,0
aten::slice,,,2.27,3.06,0,0,0,0
aten::as_strided,,,0.79,0.79,0,0,0,0
aten::slice,,,2.7,5.46,0,0,0,0
aten::as_strided,,,2.76,2.76,0,0,0,0
aten::slice,,,2.46,4.49,0,0,0,0
aten::as_strided,,,2.03,2.03,0,0,0,0
aten::slice,,,2.7,4.81,0,0,0,0
aten::as_strided,,,2.11,2.11,0,0,0,0
aten::slice,,,5.91,12.17,0,0,0,0
aten::as_strided,,,6.26,6.26,0,0,0,0
aten::slice,,,2.89,6.15,0,0,0,0
aten::as_strided,,,3.26,3.26,0,0,0,0
aten::slice,,,3.12,5.7,0,0,0,0
aten::as_strided,,,2.58,2.58,0,0,0,0
aten::to,,,1.78,1.78,0,0,0,0
aten::slice,,,3.29,5.94,0,0,0,0
aten::as_strided,,,2.65,2.65,0,0,0,0
aten::slice,,,2.5,5.04,0,0,0,0
aten::as_strided,,,2.54,2.54,0,0,0,0
aten::slice,,,2.4,4.1,0,0,0,0
aten::as_strided,,,1.7,1.7,0,0,0,0
aten::slice,,,3.4,6.9,0,0,0,0
aten::as_strided,,,3.5,3.5,0,0,0,0
aten::slice,,,2.93,7.16,0,0,0,0
aten::as_strided,,,4.23,4.23,0,0,0,0
aten::alias,,,5.21,5.21,0,0,0,0
aten::div,,,36.54,60.5,0,6.020125,0,0
aten::item,,,2.31,4.58,0,0,0,0
aten::_local_scalar_dense,,,2.27,2.27,0,0,0,0
aclnnDivMods,,,19.38,19.38,6.020125,6.020125,0,0
aten::slice,,,3.27,8.3,0,0,0,0
aten::as_strided,,,5.03,5.03,0,0,0,0
aten::slice,,,4.7,7.08,0,0,0,0
aten::as_strided,,,2.38,2.38,0,0,0,0
aten::copy_,,,67.66,85.07,0,0.6,0,0
aclnnInplaceCopy,,,17.41,17.41,0.6,0.6,0,0
aten::slice,,,3.08,7.31,0,0,0,0
aten::as_strided,,,4.23,4.23,0,0,0,0
aten::slice,,,4.84,7.44,0,0,0,0
aten::as_strided,,,2.6,2.6,0,0,0,0
aten::ge,,,23.22,52.9,0,4.4800625,0,0
empty_tensor,,,11.21,11.21,0,0,0,0
aclnnGeScalar,,,18.47,18.47,4.4800625,4.4800625,0,0
aten::add,,,20.42,45.14,0,2.20003125,0,0
empty_tensor,,,7.6,7.6,0,0,0,0
aten::item,,,2.11,3.72,0,0,0,0
aten::_local_scalar_dense,,,1.61,1.61,0,0,0,0
aclnnAdds,,,13.4,13.4,2.20003125,2.20003125,0,0
aten::remainder,,,21.34,40.24,0,3.7000937499999997,0,0
empty_tensor,,,7.53,7.53,0,0,0,0
aclnnRemainderTensorScalar,,,11.37,11.37,3.7000937499999997,3.7000937499999997,0,0
aten::eq,,,13.59,33.34,0,2.8800625,0,0
empty_tensor,,,5.94,5.94,0,0,0,0
aclnnEqScalar,,,13.81,13.81,2.8800625,2.8800625,0,0
aten::__and__,,,2.77,39.53,0,1.6600625,0,0
aten::bitwise_and,,,17.2,36.76,0,1.6600625,0,0
empty_tensor,,,6.87,6.87,0,0,0,0
aclnnBitwiseAndTensor,,,12.69,12.69,1.6600625,1.6600625,0,0
aten::clamp_min,,,13.4,32.06,0,1.56,0,0
empty_tensor,,,6.15,6.15,0,0,0,0
aclnnClampMin,,,12.51,12.51,1.56,1.56,0,0
aten::div,,,22.5,47.36,0,4.6800625,0,0
empty_tensor,,,5.98,5.98,0,0,0,0
aten::item,,,2.0,3.52,0,0,0,0
aten::_local_scalar_dense,,,1.52,1.52,0,0,0,0
aclnnDivMods,,,15.36,15.36,4.6800625,4.6800625,0,0
aten::remainder,,,20.96,41.43,0,5.32009375,0,0
empty_tensor,,,6.53,6.53,0,0,0,0
aclnnRemainderTensorScalar,,,13.94,13.94,5.32009375,5.32009375,0,0
aten::mul,,,18.48,39.99,0,1.52003125,0,0
empty_tensor,,,6.18,6.18,0,0,0,0
aten::item,,,1.91,3.19,0,0,0,0
aten::_local_scalar_dense,,,1.28,1.28,0,0,0,0
aclnnMuls,,,12.14,12.14,1.52003125,1.52003125,0,0
aten::div,,,20.22,41.54,0,4.48003125,0,0
empty_tensor,,,6.58,6.58,0,0,0,0
aten::item,,,1.39,2.58,0,0,0,0
aten::_local_scalar_dense,,,1.19,1.19,0,0,0,0
aclnnDivMods,,,12.16,12.16,4.48003125,4.48003125,0,0
aten::add,,,15.29,30.82,0,1.26003125,0,0
empty_tensor,,,5.68,5.68,0,0,0,0
aclnnAdd,,,9.85,9.85,1.26003125,1.26003125,0,0
aten::full_like,,,5.13,46.51,0,1.40003125,0,0
aten::empty_like,,,6.9,19.04,0,0,0,0
aten::empty_strided,,,7.83,12.14,0,0,0,0
empty_tensor,,,4.31,4.31,0,0,0,0
aten::fill_,,,10.25,22.34,0,1.40003125,0,0
aclnnInplaceFillScalar,,,12.09,12.09,1.40003125,1.40003125,0,0
aten::where,,,14.73,32.43,0,1.8000625,0,0
empty_tensor,,,6.27,6.27,0,0,0,0
aclnnSWhere,,,11.43,11.43,1.8000625,1.8000625,0,0
aten::copy_,,,14.44,25.19,0,1.18003125,0,0
aclnnInplaceCopy,,,10.75,10.75,1.18003125,1.18003125,0,0
aten::slice,,,4.48,8.82,0,0,0,0
aten::as_strided,,,4.34,4.34,0,0,0,0
aten::slice,,,6.0,9.54,0,0,0,0
aten::as_strided,,,3.54,3.54,0,0,0,0
aten::div,,,24.86,41.07,0,4.2400625000000005,0,0
aten::item,,,2.16,3.46,0,0,0,0
aten::_local_scalar_dense,,,1.3,1.3,0,0,0,0
aclnnDivMods,,,12.75,12.75,4.2400625000000005,4.2400625000000005,0,0
aten::slice,,,2.71,6.18,0,0,0,0
aten::as_strided,,,3.47,3.47,0,0,0,0
aten::slice,,,4.46,7.47,0,0,0,0
aten::as_strided,,,3.01,3.01,0,0,0,0
aten::slice,,,2.46,4.76,0,0,0,0
aten::as_strided,,,2.3,2.3,0,0,0,0
aten::copy_,,,61.75,76.65,0,0.60003125,0,0
aclnnInplaceCopy,,,14.9,14.9,0.60003125,0.60003125,0,0
aten::slice,,,3.14,6.96,0,0,0,0
aten::as_strided,,,3.82,3.82,0,0,0,0
aten::slice,,,4.57,7.54,0,0,0,0
aten::as_strided,,,2.97,2.97,0,0,0,0
aten::copy_,,,51.22,66.04,0,0.7,0,0
aclnnInplaceCopy,,,14.82,14.82,0.7,0.7,0,0
aten::slice,,,6.06,8.64,0,0,0,0
aten::as_strided,,,2.58,2.58,0,0,0,0
aten::div,,,14.61,33.78,0,0,0,0
aten::to,,,2.26,19.17,0,0,0,0
aten::_to_copy,,,5.14,16.91,0,0,0,0
aten::empty_strided,,,3.78,3.78,0,0,0,0
aten::copy_,,,7.99,7.99,0,0,0,0
aten::slice,,,4.42,9.66,0,0,0,0
aten::as_strided,,,5.24,5.24,0,0,0,0
aten::slice,,,5.9,11.07,0,0,0,0
aten::as_strided,,,5.17,5.17,0,0,0,0
aten::slice,,,2.91,5.73,0,0,0,0
aten::as_strided,,,2.82,2.82,0,0,0,0
aten::slice,,,2.65,5.31,0,0,0,0
aten::as_strided,,,2.66,2.66,0,0,0,0
aten::fill_,,,16.83,34.03,0,0,0,0
aclnnInplaceFillScalar,,,17.2,17.2,0,0,0,0
aten::slice,,,5.42,9.31,0,0,0,0
aten::as_strided,,,3.89,3.89,0,0,0,0
aten::fill_,,,11.59,23.77,0,0,0,0
aclnnInplaceFillScalar,,,12.18,12.18,0,0,0,0
aten::slice,,,5.15,9.88,0,0,0,0
aten::as_strided,,,4.73,4.73,0,0,0,0
aten::slice,,,3.03,5.82,0,0,0,0
aten::as_strided,,,2.79,2.79,0,0,0,0
aten::slice,,,5.56,7.98,0,0,0,0
aten::as_strided,,,2.42,2.42,0,0,0,0
aten::slice,,,2.83,6.57,0,0,0,0
aten::as_strided,,,3.74,3.74,0,0,0,0
aten::slice,,,3.08,5.72,0,0,0,0
aten::as_strided,,,2.64,2.64,0,0,0,0
aten::slice,,,2.54,4.97,0,0,0,0
aten::as_strided,,,2.43,2.43,0,0,0,0
aten::slice,,,2.29,4.58,0,0,0,0
aten::as_strided,,,2.29,2.29,0,0,0,0
aten::fill_,,,14.51,29.73,0,0,0,0
aclnnInplaceFillScalar,,,15.22,15.22,0,0,0,0
aten::slice,,,4.23,7.9,0,0,0,0
aten::as_strided,,,3.67,3.67,0,0,0,0
aten::fill_,,,11.31,22.31,0,0,0,0
aclnnInplaceFillScalar,,,11.0,11.0,0,0,0,0
aten::diff,,,7.82,36.19,0,0,0,0
aten::narrow,,,6.71,11.47,0,0,0,0
aten::slice,,,2.44,4.76,0,0,0,0
aten::as_strided,,,2.32,2.32,0,0,0,0
aten::narrow,,,2.16,4.31,0,0,0,0
aten::slice,,,1.01,2.15,0,0,0,0
aten::as_strided,,,1.14,1.14,0,0,0,0
aten::sub,,,12.59,12.59,0,0,0,0
aten::eq,,,12.56,27.18,0,0,0,0
aten::to,,,1.73,14.62,0,0,0,0
aten::_to_copy,,,4.55,12.89,0,0,0,0
aten::empty_strided,,,2.84,2.84,0,0,0,0
aten::copy_,,,5.5,5.5,0,0,0,0
aten::__and__,,,1.84,6.52,0,0,0,0
aten::bitwise_and,,,4.68,4.68,0,0,0,0
aten::gt,,,8.64,16.4,0,0,0,0
aten::to,,,1.03,7.76,0,0,0,0
aten::_to_copy,,,2.41,6.73,0,0,0,0
aten::empty_strided,,,1.64,1.64,0,0,0,0
aten::copy_,,,2.68,2.68,0,0,0,0
aten::__and__,,,1.4,4.4,0,0,0,0
aten::bitwise_and,,,3.0,3.0,0,0,0,0
aten::any,,,7.31,15.06,0,0,0,0
aten::view_as,,,2.29,4.2,0,0,0,0
aten::view,,,1.91,1.91,0,0,0,0
aten::to,,,0.39,0.39,0,0,0,0
aten::copy_,,,3.16,3.16,0,0,0,0
aten::item,,,1.84,3.33,0,0,0,0
aten::_local_scalar_dense,,,1.49,1.49,0,0,0,0
aten::slice,,,4.59,6.29,0,0,0,0
aten::as_strided,,,1.7,1.7,0,0,0,0
aten::slice,,,2.4,3.28,0,0,0,0
aten::as_strided,,,0.88,0.88,0,0,0,0
aten::sub,,,5.21,5.21,0,0,0,0
aten::select,,,3.64,4.77,0,0,0,0
aten::as_strided,,,1.13,1.13,0,0,0,0
aten::item,,,1.14,2.5,0,0,0,0
aten::_local_scalar_dense,,,1.36,1.36,0,0,0,0
aten::gt,,,7.16,15.89,0,0,0,0
aten::to,,,1.22,8.73,0,0,0,0
aten::_to_copy,,,2.63,7.51,0,0,0,0
aten::empty_strided,,,1.93,1.93,0,0,0,0
aten::copy_,,,2.95,2.95,0,0,0,0
aten::__ior__,,,2.01,6.87,0,0,0,0
aten::bitwise_or_,,,4.86,4.86,0,0,0,0
aten::any,,,5.03,10.76,0,0,0,0
aten::view_as,,,1.41,2.72,0,0,0,0
aten::view,,,1.31,1.31,0,0,0,0
aten::to,,,0.48,0.48,0,0,0,0
aten::copy_,,,2.53,2.53,0,0,0,0
aten::is_nonzero,,,1.57,3.59,0,0,0,0
aten::item,,,1.13,2.02,0,0,0,0
aten::_local_scalar_dense,,,0.89,0.89,0,0,0,0
aten::select,,,4.97,10.54,0,0,0,0
aten::as_strided,,,5.57,5.57,0,0,0,0
aten::slice,,,4.87,8.8,0,0,0,0
aten::as_strided,,,3.93,3.93,0,0,0,0
aten::slice,,,2.62,4.89,0,0,0,0
aten::as_strided,,,2.27,2.27,0,0,0,0
aten::slice,,,2.26,4.41,0,0,0,0
aten::as_strided,,,2.15,2.15,0,0,0,0
aten::copy_,,,67.33,88.19,0,0.62,0,0
aclnnInplaceCopy,,,20.86,20.86,0.62,0.62,0,0
aten::slice,,,6.12,10.27,0,0,0,0
aten::as_strided,,,4.15,4.15,0,0,0,0
aten::fill_,,,14.72,29.96,0,0,0,0
aclnnInplaceFillScalar,,,15.24,15.24,0,0,0,0
aten::slice,,,5.96,10.35,0,0,0,0
aten::as_strided,,,4.39,4.39,0,0,0,0
aten::slice,,,2.85,5.29,0,0,0,0
aten::as_strided,,,2.44,2.44,0,0,0,0
aten::slice,,,2.75,5.04,0,0,0,0
aten::as_strided,,,2.29,2.29,0,0,0,0
aten::copy_,,,55.76,71.0,0,0.64003125,0,0
aclnnInplaceCopy,,,15.24,15.24,0.64003125,0.64003125,0,0
aten::slice,,,5.71,9.88,0,0,0,0
aten::as_strided,,,4.17,4.17,0,0,0,0
aten::slice,,,3.55,7.1,0,0,0,0
aten::as_strided,,,3.55,3.55,0,0,0,0
aten::slice,,,3.03,5.78,0,0,0,0
aten::as_strided,,,2.75,2.75,0,0,0,0
aten::slice,,,2.22,4.34,0,0,0,0
aten::as_strided,,,2.12,2.12,0,0,0,0
aten::slice,,,2.16,4.14,0,0,0,0
aten::as_strided,,,1.98,1.98,0,0,0,0
aten::copy_,,,51.45,67.29,0,0.66003125,0,0
aclnnInplaceCopy,,,15.84,15.84,0.66003125,0.66003125,0,0
aten::slice,,,5.66,9.4,0,0,0,0
aten::as_strided,,,3.74,3.74,0,0,0,0
aten::slice,,,2.61,5.2,0,0,0,0
aten::as_strided,,,2.59,2.59,0,0,0,0
aten::slice,,,2.56,4.85,0,0,0,0
aten::as_strided,,,2.29,2.29,0,0,0,0
aten::sub,,,19.04,32.73,0,1.38003125,0,0
aclnnSub,,,13.69,13.69,1.38003125,1.38003125,0,0
aten::slice,,,6.8,9.62,0,0,0,0
aten::as_strided,,,2.82,2.82,0,0,0,0
aten::slice,,,3.51,8.73,0,0,0,0
aten::as_strided,,,5.22,5.22,0,0,0,0
aten::slice,,,3.29,6.23,0,0,0,0
aten::as_strided,,,2.94,2.94,0,0,0,0
aten::slice,,,2.69,5.13,0,0,0,0
aten::as_strided,,,2.44,2.44,0,0,0,0
aten::slice,,,2.4,4.58,0,0,0,0
aten::as_strided,,,2.18,2.18,0,0,0,0
aten::fill_,,,15.79,31.62,0,0,0,0
aclnnInplaceFillScalar,,,15.83,15.83,0,0,0,0
aten::slice,,,4.01,7.85,0,0,0,0
aten::as_strided,,,3.84,3.84,0,0,0,0
aten::fill_,,,12.26,24.51,0,0,0,0
aclnnInplaceFillScalar,,,12.25,12.25,0,0,0,0
aten::diff,,,6.96,34.43,0,0,0,0
aten::narrow,,,6.27,12.05,0,0,0,0
aten::slice,,,2.99,5.78,0,0,0,0
aten::as_strided,,,2.79,2.79,0,0,0,0
aten::narrow,,,1.92,3.9,0,0,0,0
aten::slice,,,1.01,1.98,0,0,0,0
aten::as_strided,,,0.97,0.97,0,0,0,0
aten::sub,,,11.52,11.52,0,0,0,0
aten::eq,,,11.95,26.65,0,0,0,0
aten::to,,,1.77,14.7,0,0,0,0
aten::_to_copy,,,4.45,12.93,0,0,0,0
aten::empty_strided,,,2.83,2.83,0,0,0,0
aten::copy_,,,5.65,5.65,0,0,0,0
aten::__and__,,,1.74,6.09,0,0,0,0
aten::bitwise_and,,,4.35,4.35,0,0,0,0
aten::gt,,,7.43,15.45,0,0,0,0
aten::to,,,1.02,8.02,0,0,0,0
aten::_to_copy,,,2.52,7.0,0,0,0,0
aten::empty_strided,,,1.92,1.92,0,0,0,0
aten::copy_,,,2.56,2.56,0,0,0,0
aten::__and__,,,1.33,4.28,0,0,0,0
aten::bitwise_and,,,2.95,2.95,0,0,0,0
aten::any,,,5.91,13.41,0,0,0,0
aten::view_as,,,2.08,4.03,0,0,0,0
aten::view,,,1.95,1.95,0,0,0,0
aten::to,,,0.58,0.58,0,0,0,0
aten::copy_,,,2.89,2.89,0,0,0,0
aten::item,,,8.79,10.25,0,0,0,0
aten::_local_scalar_dense,,,1.46,1.46,0,0,0,0
aten::slice,,,5.2,7.03,0,0,0,0
aten::as_strided,,,1.83,1.83,0,0,0,0
aten::slice,,,2.53,3.41,0,0,0,0
aten::as_strided,,,0.88,0.88,0,0,0,0
aten::sub,,,5.58,5.58,0,0,0,0
aten::select,,,3.09,4.41,0,0,0,0
aten::as_strided,,,1.32,1.32,0,0,0,0
aten::item,,,1.27,2.36,0,0,0,0
aten::_local_scalar_dense,,,1.09,1.09,0,0,0,0
aten::gt,,,15.25,25.05,0,0,0,0
aten::to,,,1.39,9.8,0,0,0,0
aten::_to_copy,,,3.03,8.41,0,0,0,0
aten::empty_strided,,,2.09,2.09,0,0,0,0
aten::copy_,,,3.29,3.29,0,0,0,0
aten::__ior__,,,1.85,5.57,0,0,0,0
aten::bitwise_or_,,,3.72,3.72,0,0,0,0
aten::any,,,5.77,15.02,0,0,0,0
aten::view_as,,,1.72,3.07,0,0,0,0
aten::view,,,1.35,1.35,0,0,0,0
aten::to,,,3.52,3.52,0,0,0,0
aten::copy_,,,2.66,2.66,0,0,0,0
aten::is_nonzero,,,9.11,12.98,0,0,0,0
aten::item,,,1.28,3.87,0,0,0,0
aten::_local_scalar_dense,,,2.59,2.59,0,0,0,0
aten::select,,,5.87,21.75,0,0,0,0
aten::as_strided,,,15.88,15.88,0,0,0,0
aten::slice,,,4.93,12.19,0,0,0,0
aten::as_strided,,,7.26,7.26,0,0,0,0
aten::slice,,,14.08,16.52,0,0,0,0
aten::as_strided,,,2.44,2.44,0,0,0,0
aten::slice,,,5.2,28.64,0,0,0,0
aten::as_strided,,,23.44,23.44,0,0,0,0
aten::copy_,,,70.95,100.23,0,0.76,0,0
aclnnInplaceCopy,,,29.28,29.28,0.76,0.76,0,0
aten::slice,,,14.69,19.12,0,0,0,0
aten::as_strided,,,4.43,4.43,0,0,0,0
aten::fill_,,,18.77,37.0,0,0,0,0
aclnnInplaceFillScalar,,,18.23,18.23,0,0,0,0
aten::slice,,,7.26,11.35,0,0,0,0
aten::as_strided,,,4.09,4.09,0,0,0,0
aten::slice,,,3.28,7.79,0,0,0,0
aten::as_strided,,,4.51,4.51,0,0,0,0
aten::slice,,,3.43,8.8,0,0,0,0
aten::as_strided,,,5.37,5.37,0,0,0,0
aten::copy_,,,58.27,74.98,0,0.58003125,0,0
aclnnInplaceCopy,,,16.71,16.71,0.58003125,0.58003125,0,0
aten::slice,,,6.52,11.21,0,0,0,0
aten::as_strided,,,4.69,4.69,0,0,0,0
aten::slice,,,4.86,17.76,0,0,0,0
aten::as_strided,,,12.9,12.9,0,0,0,0
aten::slice,,,3.78,8.56,0,0,0,0
aten::as_strided,,,4.78,4.78,0,0,0,0
aten::slice,,,2.57,5.25,0,0,0,0
aten::as_strided,,,2.68,2.68,0,0,0,0
aten::slice,,,2.31,5.83,0,0,0,0
aten::as_strided,,,3.52,3.52,0,0,0,0
aten::copy_,,,57.01,74.55,0,0.66,0,0
aclnnInplaceCopy,,,17.54,17.54,0.66,0.66,0,0
aten::slice,,,5.85,10.34,0,0,0,0
aten::as_strided,,,4.49,4.49,0,0,0,0
aten::slice,,,2.89,5.28,0,0,0,0
aten::as_strided,,,2.39,2.39,0,0,0,0
aten::slice,,,2.35,5.38,0,0,0,0
aten::as_strided,,,3.03,3.03,0,0,0,0
aten::sub,,,18.15,31.06,0,1.54003125,0,0
aclnnSub,,,12.91,12.91,1.54003125,1.54003125,0,0
aten::slice,,,7.31,10.49,0,0,0,0
aten::as_strided,,,3.18,3.18,0,0,0,0
aten::slice,,,2.91,7.41,0,0,0,0
aten::as_strided,,,4.5,4.5,0,0,0,0
aten::slice,,,2.73,5.27,0,0,0,0
aten::as_strided,,,2.54,2.54,0,0,0,0
aten::slice,,,2.6,5.08,0,0,0,0
aten::as_strided,,,2.48,2.48,0,0,0,0
aten::slice,,,2.08,5.07,0,0,0,0
aten::as_strided,,,2.99,2.99,0,0,0,0
aten::fill_,,,16.55,36.3,0,0,0,0
aclnnInplaceFillScalar,,,19.75,19.75,0,0,0,0
aten::slice,,,5.05,8.79,0,0,0,0
aten::as_strided,,,3.74,3.74,0,0,0,0
aten::fill_,,,12.43,28.51,0,0,0,0
aclnnInplaceFillScalar,,,16.08,16.08,0,0,0,0
aten::diff,,,6.29,32.89,0,0,0,0
aten::narrow,,,6.62,11.31,0,0,0,0
aten::slice,,,2.59,4.69,0,0,0,0
aten::as_strided,,,2.1,2.1,0,0,0,0
aten::narrow,,,1.96,3.73,0,0,0,0
aten::slice,,,0.97,1.77,0,0,0,0
aten::as_strided,,,0.8,0.8,0,0,0,0
aten::sub,,,11.56,11.56,0,0,0,0
aten::eq,,,12.44,27.56,0,0,0,0
aten::to,,,2.24,15.12,0,0,0,0
aten::_to_copy,,,4.58,12.88,0,0,0,0
aten::empty_strided,,,2.76,2.76,0,0,0,0
aten::copy_,,,5.54,5.54,0,0,0,0
aten::__and__,,,1.89,5.86,0,0,0,0
aten::bitwise_and,,,3.97,3.97,0,0,0,0
aten::gt,,,7.51,15.97,0,0,0,0
aten::to,,,1.02,8.46,0,0,0,0
aten::_to_copy,,,2.93,7.44,0,0,0,0
aten::empty_strided,,,2.1,2.1,0,0,0,0
aten::copy_,,,2.41,2.41,0,0,0,0
aten::__and__,,,1.1,3.82,0,0,0,0
aten::bitwise_and,,,2.72,2.72,0,0,0,0
aten::any,,,5.5,12.66,0,0,0,0
aten::view_as,,,1.76,3.47,0,0,0,0
aten::view,,,1.71,1.71,0,0,0,0
aten::to,,,0.86,0.86,0,0,0,0
aten::copy_,,,2.83,2.83,0,0,0,0
aten::item,,,1.76,2.93,0,0,0,0
aten::_local_scalar_dense,,,1.17,1.17,0,0,0,0
aten::slice,,,4.5,5.94,0,0,0,0
aten::as_strided,,,1.44,1.44,0,0,0,0
aten::slice,,,2.5,4.2,0,0,0,0
aten::as_strided,,,1.7,1.7,0,0,0,0
aten::sub,,,5.68,5.68,0,0,0,0
aten::select,,,3.0,4.18,0,0,0,0
aten::as_strided,,,1.18,1.18,0,0,0,0
aten::item,,,1.47,2.62,0,0,0,0
aten::_local_scalar_dense,,,1.15,1.15,0,0,0,0
aten::gt,,,7.75,16.9,0,0,0,0
aten::to,,,1.38,9.15,0,0,0,0
aten::_to_copy,,,2.9,7.77,0,0,0,0
aten::empty_strided,,,1.86,1.86,0,0,0,0
aten::copy_,,,3.01,3.01,0,0,0,0
aten::__ior__,,,1.97,5.89,0,0,0,0
aten::bitwise_or_,,,3.92,3.92,0,0,0,0
aten::any,,,4.98,11.2,0,0,0,0
aten::view_as,,,1.42,2.87,0,0,0,0
aten::view,,,1.45,1.45,0,0,0,0
aten::to,,,0.69,0.69,0,0,0,0
aten::copy_,,,2.66,2.66,0,0,0,0
aten::is_nonzero,,,1.47,3.54,0,0,0,0
aten::item,,,1.29,2.07,0,0,0,0
aten::_local_scalar_dense,,,0.78,0.78,0,0,0,0
aten::select,,,4.71,10.6,0,0,0,0
aten::as_strided,,,5.89,5.89,0,0,0,0
aten::slice,,,4.9,9.19,0,0,0,0
aten::as_strided,,,4.29,4.29,0,0,0,0
aten::slice,,,2.64,5.19,0,0,0,0
aten::as_strided,,,2.55,2.55,0,0,0,0
aten::slice,,,2.5,5.56,0,0,0,0
aten::as_strided,,,3.06,3.06,0,0,0,0
aten::copy_,,,67.44,90.85,0,0.6,0,0
aclnnInplaceCopy,,,23.41,23.41,0.6,0.6,0,0
aten::slice,,,6.24,10.49,0,0,0,0
aten::as_strided,,,4.25,4.25,0,0,0,0
aten::fill_,,,14.36,29.46,0,0,0,0
aclnnInplaceFillScalar,,,15.1,15.1,0,0,0,0
aten::slice,,,5.22,9.39,0,0,0,0
aten::as_strided,,,4.17,4.17,0,0,0,0
aten::slice,,,3.22,5.84,0,0,0,0
aten::as_strided,,,2.62,2.62,0,0,0,0
aten::slice,,,3.14,5.72,0,0,0,0
aten::as_strided,,,2.58,2.58,0,0,0,0
aten::copy_,,,56.07,71.33,0,0.64,0,0
aclnnInplaceCopy,,,15.26,15.26,0.64,0.64,0,0
aten::slice,,,6.04,9.62,0,0,0,0
aten::as_strided,,,3.58,3.58,0,0,0,0
aten::slice,,,3.46,6.67,0,0,0,0
aten::as_strided,,,3.21,3.21,0,0,0,0
aten::slice,,,3.68,6.53,0,0,0,0
aten::as_strided,,,2.85,2.85,0,0,0,0
aten::slice,,,2.56,5.0,0,0,0,0
aten::as_strided,,,2.44,2.44,0,0,0,0
aten::slice,,,2.26,4.91,0,0,0,0
aten::as_strided,,,2.65,2.65,0,0,0,0
aten::copy_,,,51.06,66.91,0,0.58,0,0
aclnnInplaceCopy,,,15.85,15.85,0.58,0.58,0,0
aten::slice,,,5.65,9.51,0,0,0,0
aten::as_strided,,,3.86,3.86,0,0,0,0
aten::slice,,,2.57,5.25,0,0,0,0
aten::as_strided,,,2.68,2.68,0,0,0,0
aten::slice,,,2.37,4.74,0,0,0,0
aten::as_strided,,,2.37,2.37,0,0,0,0
aten::sub,,,17.98,32.17,0,1.46003125,0,0
aclnnSub,,,14.19,14.19,1.46003125,1.46003125,0,0
Event::record,,,168.93,192.28,0,0.02,0,0
record_event,,,23.35,23.35,0.02,0.02,0,0
aten::slice,,,8.33,15.39,0,0,0,0
aten::as_strided,,,7.06,7.06,0,0,0,0
aten::slice,,,3.54,6.58,0,0,0,0
aten::as_strided,,,3.04,3.04,0,0,0,0
aten::slice,,,6.86,13.58,0,0,0,0
aten::as_strided,,,6.72,6.72,0,0,0,0
aten::scalar_tensor,,,6.53,58.66,0,1.48003125,0,0
aten::empty,,,3.57,15.12,0,0,0,0
empty_tensor,,,11.55,11.55,0,0,0,0
aten::fill_,,,18.06,37.01,0,1.48003125,0,0
aclnnInplaceFillScalar,,,18.95,18.95,1.48003125,1.48003125,0,0
aten::view,,,5.12,5.12,0,0,0,0
aten::expand,,,2.83,5.45,0,0,0,0
aten::as_strided,,,2.62,2.62,0,0,0,0
aten::copy_,,,58.34,74.74,0,0.58,0,0
aclnnInplaceCopy,,,16.4,16.4,0.58,0.58,0,0
aten::scalar_tensor,,,5.03,41.71,0,1.32003125,0,0
aten::empty,,,2.48,11.91,0,0,0,0
empty_tensor,,,9.43,9.43,0,0,0,0
aten::fill_,,,11.88,24.77,0,1.32003125,0,0
aclnnInplaceFillScalar,,,12.89,12.89,1.32003125,1.32003125,0,0
aten::slice,,,7.37,12.98,0,0,0,0
aten::as_strided,,,5.61,5.61,0,0,0,0
aten::view,,,2.72,2.72,0,0,0,0
aten::expand,,,2.02,3.95,0,0,0,0
aten::as_strided,,,1.93,1.93,0,0,0,0
aten::copy_,,,2.26,2.26,0,0,0,0
aten::index,,,40.4,75.88,0,11.280249999999999,0,0
empty_tensor,,,7.61,7.61,0,0,0,0
empty_tensor,,,9.19,9.19,0,0,0,0
aclnnIndex,,,18.68,18.68,11.280249999999999,11.280249999999999,0,0
aten::linear,,,6.76,71.86,0,905.4980625,0,905.4980625
aten::t,,,6.38,17.34,0,0,0,0
aten::transpose,,,4.01,10.96,0,0,0,0
aten::as_strided,,,6.95,6.95,0,0,0,0
aten::matmul,,,22.01,47.76,0,905.4980625,0,905.4980625
empty_tensor,,,8.94,8.94,0,0,0,0
aclnnMatmul,,,16.81,16.81,905.4980625,905.4980625,905.4980625,905.4980625
aten::alias,,,3.41,3.41,0,0,0,0
aten::log_softmax,,,8.44,116.45,0,51.5210625,0,0
aten::to,,,3.86,69.85,0,7.50015625,0,0
aten::_to_copy,,,7.96,65.99,0,7.50015625,0,0
aten::empty_strided,,,11.46,18.21,0,0,0,0
empty_tensor,,,6.75,6.75,0,0,0,0
aten::copy_,,,21.41,39.82,0,7.50015625,0,0
aclnnInplaceCopy,,,18.41,18.41,7.50015625,7.50015625,0,0
aten::_log_softmax,,,18.98,38.16,0,44.02090625,0,0
empty_tensor,,,6.99,6.99,0,0,0,0
aclnnLogSoftmax,,,12.19,12.19,44.02090625,44.02090625,0,0
aten::to,,,2.14,61.31,0,2.88003125,0,0
aten::_to_copy,,,5.44,59.17,0,2.88003125,0,0
aten::empty_strided,,,7.36,24.99,0,0,0,0
empty_tensor,,,17.63,17.63,0,0,0,0
aten::copy_,,,16.23,28.74,0,2.88003125,0,0
aclnnInplaceCopy,,,12.51,12.51,2.88003125,2.88003125,0,0
aten::argmax,,,8.44,64.03,0,20.460406250000002,0,0
aten::empty,,,3.02,10.84,0,0,0,0
empty_tensor,,,7.82,7.82,0,0,0,0
aten::argmax,,,24.0,44.75,0,20.460406250000002,0,0
aten::reshape,,,1.95,7.58,0,0,0,0
aten::view,,,5.63,5.63,0,0,0,0
aclnnArgMax,,,13.17,13.17,20.460406250000002,20.460406250000002,0,0
aten::view,,,4.02,4.02,0,0,0,0
aten::to,,,1.69,1.69,0,0,0,0
aten::topk,,,22.28,48.56,0,32.02065625,0,0
empty_tensor,,,7.44,7.44,0,0,0,0
empty_tensor,,,5.45,5.45,0,0,0,0
aclnnTopk,,,13.39,13.39,32.02065625,32.02065625,0,0
aten::unsqueeze,,,3.72,8.72,0,0,0,0
aten::as_strided,,,5.0,5.0,0,0,0,0
aten::gather,,,23.69,43.12,0,5.560124999999999,0,0
empty_tensor,,,6.32,6.32,0,0,0,0
aclnnGather,,,13.11,13.11,5.560124999999999,5.560124999999999,0,0
TorchDynamo Cache Lookup,,,39.47,39.47,0,0,0,0
Torch-Compiled Region: 0/0,,,111.87,221.39,0,37.40078125,0,0
aten::_assert_scalar,,,3.21,3.21,0,0,0,0
aten::_assert_scalar,,,1.2,1.2,0,0,0,0
aten::_assert_scalar,,,1.29,1.29,0,0,0,0
aten::ge,,,19.28,47.26,0,7.780125,0,0
empty_tensor,,,11.07,11.07,0,0,0,0
aclnnGeTensor,,,16.91,16.91,7.780125,7.780125,0,0
aten::sum,,,21.67,56.56,0,29.62065625,0,0
empty_tensor,,,21.1,21.1,0,0,0,0
aclnnReduceSum,,,13.79,13.79,29.62065625,29.62065625,0,0
aten::cat,,,19.27,40.57,0,2.62003125,0,0
empty_tensor,,,7.95,7.95,0,0,0,0
aclnnCat,,,13.35,13.35,2.62003125,2.62003125,0,0
aten::cat,,,12.96,31.64,0,1.8800625,0,0
empty_tensor,,,7.15,7.15,0,0,0,0
aclnnCat,,,11.53,11.53,1.8800625,1.8800625,0,0
aten::to,,,2.55,50.94,0,1.50003125,0,0
aten::_to_copy,,,5.78,48.39,0,1.50003125,0,0
aten::empty_strided,,,7.98,12.69,0,0,0,0
empty_tensor,,,4.71,4.71,0,0,0,0
aten::copy_,,,14.8,29.92,0,1.50003125,0,0
aclnnInplaceCopy,,,15.12,15.12,1.50003125,1.50003125,0,0
aten::to,,,1.71,45.27,0,1.48003125,0,0
aten::_to_copy,,,5.19,43.56,0,1.48003125,0,0
aten::empty_strided,,,7.28,11.89,0,0,0,0
empty_tensor,,,4.61,4.61,0,0,0,0
aten::copy_,,,13.59,26.48,0,1.48003125,0,0
aclnnInplaceCopy,,,12.89,12.89,1.48003125,1.48003125,0,0
aten::unsqueeze,,,3.68,8.49,0,0,0,0
aten::as_strided,,,4.81,4.81,0,0,0,0
Event::record,,,155.86,175.34,0,0.02,0,0
record_event,,,19.48,19.48,0.02,0.02,0,0
aten::slice,,,4.96,12.71,0,0,0,0
aten::as_strided,,,7.75,7.75,0,0,0,0
Event::wait,,,77.71,101.62,0,2123.6424375,0,0
wait_event,,,23.91,23.91,2123.6424375,2123.6424375,0,0
Event::record,,,100.38,121.06,0,0.02,0,0
record_event,,,20.68,20.68,0.02,0.02,0,0
Event::wait,,,63.86,85.15,0,1713.75425,0,0
wait_event,,,21.29,21.29,1713.75425,1713.75425,0,0
destroy_event,,,16.47,16.47,0,0,0,0
aten::to,,,4.25,74.85,0,2.1600625,0,0
aten::_to_copy,,,7.46,70.6,0,2.1600625,0,0
aten::empty_strided,,,26.95,26.95,0,0,0,0
aten::copy_,,,21.19,36.19,0,2.1600625,0,0
acl_memcpy_device_to_host,,,15.0,15.0,2.1600625,2.1600625,0,0
aten::to,,,2.59,39.26,0,2.04003125,0,0
aten::_to_copy,,,4.81,36.67,0,2.04003125,0,0
aten::empty_strided,,,4.17,4.17,0,0,0,0
aten::copy_,,,15.39,27.69,0,2.04003125,0,0
acl_memcpy_device_to_host,,,12.3,12.3,2.04003125,2.04003125,0,0
aten::to,,,2.54,35.55,0,2.04003125,0,0
aten::_to_copy,,,3.95,33.01,0,2.04003125,0,0
aten::empty_strided,,,3.26,3.26,0,0,0,0
aten::copy_,,,11.94,25.8,0,2.04003125,0,0
acl_memcpy_device_to_host,,,13.86,13.86,2.04003125,2.04003125,0,0
aten::to,,,2.27,34.0,0,1.8600625,0,0
aten::_to_copy,,,4.2,31.73,0,1.8600625,0,0
aten::empty_strided,,,3.57,3.57,0,0,0,0
aten::copy_,,,12.28,23.96,0,1.8600625,0,0
acl_memcpy_device_to_host,,,11.68,11.68,1.8600625,1.8600625,0,0
Event::record,,,165.2,183.78,0,0.02,0,0
record_event,,,18.58,18.58,0.02,0.02,0,0
Event::synchronize,,,107.35,107.35,0,0,0,0
aten::resolve_conj,,,1.44,1.44,0,0,0,0
aten::resolve_neg,,,0.74,0.74,0,0,0,0
aten::to,,,3.16,3.16,0,0,0,0
aten::detach,,,4.24,4.24,0,0,0,0
aten::to,,,0.61,0.61,0,0,0,0
aten::resolve_conj,,,0.45,0.45,0,0,0,0
aten::resolve_neg,,,0.41,0.41,0,0,0,0
aten::to,,,9.23,9.23,0,0,0,0
aten::detach,,,5.15,5.15,0,0,0,0
aten::to,,,0.56,0.56,0,0,0,0
aten::resolve_conj,,,0.39,0.39,0,0,0,0
aten::resolve_neg,,,0.33,0.33,0,0,0,0
aten::to,,,1.25,1.25,0,0,0,0
aten::detach,,,1.28,1.28,0,0,0,0
aten::to,,,0.47,0.47,0,0,0,0
aten::resolve_conj,,,0.81,0.81,0,0,0,0
aten::resolve_neg,,,0.21,0.21,0,0,0,0
destroy_event,,,24.21,24.21,0,0,0,0
record_event,,,6.87,6.87,0.02,0.02,0,0
Event::synchronize,,,138.49,138.49,0,0,0,0
aten::slice,,,12.26,16.59,0,0,0,0
aten::as_strided,,,4.33,4.33,0,0,0,0
aten::slice,,,3.3,11.48,0,0,0,0
aten::as_strided,,,8.18,8.18,0,0,0,0
aten::pin_memory,,,5.55,24.0,0,0,0,0
aten::is_pinned,,,18.45,18.45,0,0,0,0
aten::copy_,,,18.72,34.11,0,2.3800625,0,0
acl_memcpy_host_to_device,,,15.39,15.39,2.3800625,2.3800625,0,0
aten::slice,,,6.72,9.06,0,0,0,0
aten::as_strided,,,2.34,2.34,0,0,0,0
aten::slice,,,2.88,8.6,0,0,0,0
aten::as_strided,,,5.72,5.72,0,0,0,0
aten::pin_memory,,,3.68,13.1,0,0,0,0
aten::is_pinned,,,9.42,9.42,0,0,0,0
aten::copy_,,,14.8,31.28,0,2.4600625,0,0
acl_memcpy_host_to_device,,,16.48,16.48,2.4600625,2.4600625,0,0
aten::slice,,,6.41,8.32,0,0,0,0
aten::as_strided,,,1.91,1.91,0,0,0,0
aten::slice,,,2.88,7.96,0,0,0,0
aten::as_strided,,,5.08,5.08,0,0,0,0
aten::pin_memory,,,3.3,11.99,0,0,0,0
aten::is_pinned,,,8.69,8.69,0,0,0,0
aten::copy_,,,13.48,25.32,0,2.2000625,0,0
acl_memcpy_host_to_device,,,11.84,11.84,2.2000625,2.2000625,0,0
aten::slice,,,5.09,7.59,0,0,0,0
aten::as_strided,,,2.5,2.5,0,0,0,0
aten::slice,,,2.34,6.63,0,0,0,0
aten::as_strided,,,4.29,4.29,0,0,0,0
aten::pin_memory,,,3.24,10.84,0,0,0,0
aten::is_pinned,,,7.6,7.6,0,0,0,0
aten::copy_,,,12.33,23.96,0,2.2000625,0,0
acl_memcpy_host_to_device,,,11.63,11.63,2.2000625,2.2000625,0,0
aten::slice,,,4.31,6.16,0,0,0,0
aten::as_strided,,,1.85,1.85,0,0,0,0
aten::slice,,,2.48,9.38,0,0,0,0
aten::as_strided,,,6.9,6.9,0,0,0,0
aten::pin_memory,,,3.18,10.89,0,0,0,0
aten::is_pinned,,,7.71,7.71,0,0,0,0
aten::copy_,,,12.19,24.88,0,2.5200625,0,0
acl_memcpy_host_to_device,,,12.69,12.69,2.5200625,2.5200625,0,0
aten::slice,,,10.41,14.29,0,0,0,0
aten::as_strided,,,3.88,3.88,0,0,0,0
aten::slice,,,3.2,10.18,0,0,0,0
aten::as_strided,,,6.98,6.98,0,0,0,0
aten::pin_memory,,,4.26,17.28,0,0,0,0
aten::is_pinned,,,13.02,13.02,0,0,0,0
aten::copy_,,,17.44,37.27,0,2.4400625,0,0
acl_memcpy_host_to_device,,,19.83,19.83,2.4400625,2.4400625,0,0
aten::slice,,,6.62,10.83,0,0,0,0
aten::as_strided,,,4.21,4.21,0,0,0,0
aten::lift_fresh,,,1.24,1.24,0,0,0,0
aten::lift_fresh,,,3.3,3.3,0,0,0,0
aten::flatten,,,3.43,9.96,0,0,0,0
aten::view,,,6.53,6.53,0,0,0,0
aten::slice,,,4.1,5.95,0,0,0,0
aten::as_strided,,,1.85,1.85,0,0,0,0
aten::index_select,,,7.54,7.54,0,0,0,0
aten::pin_memory,,,3.94,17.39,0,0,0,0
aten::is_pinned,,,13.45,13.45,0,0,0,0
aten::copy_,,,16.35,33.04,0,2.30003125,0,0
acl_memcpy_host_to_device,,,16.69,16.69,2.30003125,2.30003125,0,0
aten::pin_memory,,,3.69,11.09,0,0,0,0
aten::is_pinned,,,7.4,7.4,0,0,0,0
aten::copy_,,,12.66,25.69,0,2.1200625,0,0
acl_memcpy_host_to_device,,,13.03,13.03,2.1200625,2.1200625,0,0
aten::slice,,,6.48,9.2,0,0,0,0
aten::as_strided,,,2.72,2.72,0,0,0,0
aten::lift_fresh,,,2.56,2.56,0,0,0,0
aten::slice,,,3.31,4.52,0,0,0,0
aten::as_strided,,,1.21,1.21,0,0,0,0
aten::add,,,14.09,14.09,0,0,0,0
aten::slice,,,3.61,5.09,0,0,0,0
aten::as_strided,,,1.48,1.48,0,0,0,0
aten::fill_,,,5.51,5.51,0,0,0,0
aten::slice,,,3.57,8.8,0,0,0,0
aten::as_strided,,,5.23,5.23,0,0,0,0
aten::fill_,,,19.42,34.16,0,1.58,0,0
aclnnInplaceFillScalar,,,14.74,14.74,1.58,1.58,0,0
aten::slice,,,6.43,12.09,0,0,0,0
aten::as_strided,,,5.66,5.66,0,0,0,0
aten::select,,,3.94,7.0,0,0,0,0
aten::as_strided,,,3.06,3.06,0,0,0,0
aten::copy_,,,63.14,80.56,0,0.64003125,0,0
aclnnInplaceCopy,,,17.42,17.42,0.64003125,0.64003125,0,0
aten::slice,,,7.81,10.51,0,0,0,0
aten::as_strided,,,2.7,2.7,0,0,0,0
aten::detach,,,3.22,3.22,0,0,0,0
aten::to,,,2.07,2.07,0,0,0,0
aten::resolve_conj,,,0.91,0.91,0,0,0,0
aten::resolve_neg,,,0.62,0.62,0,0,0,0
aten::slice,,,5.43,8.08,0,0,0,0
aten::as_strided,,,2.65,2.65,0,0,0,0
aten::slice,,,2.88,7.4,0,0,0,0
aten::as_strided,,,4.52,4.52,0,0,0,0
aten::pin_memory,,,4.62,18.02,0,0,0,0
aten::is_pinned,,,13.4,13.4,0,0,0,0
aten::copy_,,,3.72,3.72,0,0,0,0
aten::slice,,,5.68,7.33,0,0,0,0
aten::as_strided,,,1.65,1.65,0,0,0,0
aten::slice,,,2.98,6.41,0,0,0,0
aten::as_strided,,,3.43,3.43,0,0,0,0
aten::pin_memory,,,3.16,11.81,0,0,0,0
aten::is_pinned,,,8.65,8.65,0,0,0,0
aten::copy_,,,15.49,30.7,0,2.4000625,0,0
acl_memcpy_host_to_device,,,15.21,15.21,2.4000625,2.4000625,0,0
aten::fill_,,,17.42,32.09,0,1.46003125,0,0
aclnnInplaceFillScalar,,,14.67,14.67,1.46003125,1.46003125,0,0
aten::slice,,,6.52,10.46,0,0,0,0
aten::as_strided,,,3.94,3.94,0,0,0,0
aten::slice,,,3.11,4.69,0,0,0,0
aten::as_strided,,,1.58,1.58,0,0,0,0
aten::copy_,,,15.89,25.78,0,2.32003125,0,0
acl_memcpy_host_to_device,,,9.89,9.89,2.32003125,2.32003125,0,0
aten::slice,,,5.16,7.01,0,0,0,0
aten::as_strided,,,1.85,1.85,0,0,0,0
aten::slice,,,2.97,6.55,0,0,0,0
aten::as_strided,,,3.58,3.58,0,0,0,0
aten::pin_memory,,,3.64,12.54,0,0,0,0
aten::is_pinned,,,8.9,8.9,0,0,0,0
aten::copy_,,,13.59,24.81,0,2.3200625,0,0
acl_memcpy_host_to_device,,,11.22,11.22,2.3200625,2.3200625,0,0
aten::slice,,,4.91,9.4,0,0,0,0
aten::as_strided,,,4.49,4.49,0,0,0,0
aten::slice,,,3.02,4.36,0,0,0,0
aten::as_strided,,,1.34,1.34,0,0,0,0
aten::slice,,,2.46,5.06,0,0,0,0
aten::as_strided,,,2.6,2.6,0,0,0,0
aten::pin_memory,,,3.2,11.28,0,0,0,0
aten::is_pinned,,,8.08,8.08,0,0,0,0
aten::copy_,,,13.29,25.31,0,2.3400625,0,0
acl_memcpy_host_to_device,,,12.02,12.02,2.3400625,2.3400625,0,0
aten::slice,,,6.35,8.45,0,0,0,0
aten::as_strided,,,2.1,2.1,0,0,0,0
aten::slice,,,2.78,7.0,0,0,0,0
aten::as_strided,,,4.22,4.22,0,0,0,0
aten::pin_memory,,,3.6,12.03,0,0,0,0
aten::is_pinned,,,8.43,8.43,0,0,0,0
aten::copy_,,,13.03,25.26,0,2.36003125,0,0
acl_memcpy_host_to_device,,,12.23,12.23,2.36003125,2.36003125,0,0
aten::slice,,,4.55,7.77,0,0,0,0
aten::as_strided,,,3.22,3.22,0,0,0,0
aten::index,,,35.88,68.95,0,11.28021875,0,0
empty_tensor,,,7.14,7.14,0,0,0,0
empty_tensor,,,9.07,9.07,0,0,0,0
aclnnIndex,,,16.86,16.86,11.28021875,11.28021875,0,0
aten::to,,,2.71,52.55,0,1.08003125,0,0
aten::_to_copy,,,6.3,49.84,0,1.08003125,0,0
aten::empty_strided,,,9.09,13.74,0,0,0,0
empty_tensor,,,4.65,4.65,0,0,0,0
aten::copy_,,,17.53,29.8,0,1.08003125,0,0
aclnnInplaceCopy,,,12.27,12.27,1.08003125,1.08003125,0,0
aten::slice,,,6.1,10.64,0,0,0,0
aten::as_strided,,,4.54,4.54,0,0,0,0
aten::add,,,19.22,36.97,0,2.5400625,0,0
empty_tensor,,,6.92,6.92,0,0,0,0
aclnnAdd,,,10.83,10.83,2.5400625,2.5400625,0,0
aten::slice,,,5.17,9.47,0,0,0,0
aten::as_strided,,,4.3,4.3,0,0,0,0
aten::copy_,,,51.81,64.44,0,0.62,0,0
aclnnInplaceCopy,,,12.63,12.63,0.62,0.62,0,0
aten::slice,,,6.65,11.0,0,0,0,0
aten::as_strided,,,4.35,4.35,0,0,0,0
aten::add,,,18.03,40.79,0,1.40003125,0,0
empty_tensor,,,8.25,8.25,0,0,0,0
aclnnAdd,,,14.51,14.51,1.40003125,1.40003125,0,0
aten::slice,,,5.21,9.17,0,0,0,0
aten::as_strided,,,3.96,3.96,0,0,0,0
aten::copy_,,,49.29,65.65,0,0.62,0,0
aclnnInplaceCopy,,,16.36,16.36,0.62,0.62,0,0
aten::slice,,,6.44,10.51,0,0,0,0
aten::as_strided,,,4.07,4.07,0,0,0,0
aten::fill_,,,13.45,24.41,0,1.34003125,0,0
aclnnInplaceFillScalar,,,10.96,10.96,1.34003125,1.34003125,0,0
aten::slice,,,4.9,8.58,0,0,0,0
aten::as_strided,,,3.68,3.68,0,0,0,0
aten::slice,,,3.22,6.26,0,0,0,0
aten::as_strided,,,3.04,3.04,0,0,0,0
_compute_slot_mapping_fused_groups_kernel,,,30.57,30.57,21.6804375,21.6804375,0,0
aten::slice,,,9.53,17.44,0,0,0,0
aten::as_strided,,,7.91,7.91,0,0,0,0
aten::sub,,,26.01,57.35,0,1.40003125,0,0
empty_tensor,,,11.59,11.59,0,0,0,0
aten::item,,,2.45,4.62,0,0,0,0
aten::_local_scalar_dense,,,2.17,2.17,0,0,0,0
aclnnSubs,,,15.13,15.13,1.40003125,1.40003125,0,0
aten::pin_memory,,,8.29,24.88,0,0,0,0
aten::is_pinned,,,16.59,16.59,0,0,0,0
aten::copy_,,,20.33,41.61,0,2.2400625,0,0
acl_memcpy_host_to_device,,,21.28,21.28,2.2400625,2.2400625,0,0
aten::detach,,,4.73,4.73,0,0,0,0
aten::to,,,2.4,2.4,0,0,0,0
aten::resolve_conj,,,0.89,0.89,0,0,0,0
aten::resolve_neg,,,0.6,0.6,0,0,0,0
aten::slice,,,7.82,14.9,0,0,0,0
aten::as_strided,,,7.08,7.08,0,0,0,0
aten::slice,,,3.49,7.12,0,0,0,0
aten::as_strided,,,3.63,3.63,0,0,0,0
aten::slice,,,3.18,5.58,0,0,0,0
aten::as_strided,,,2.4,2.4,0,0,0,0
aten::fill_,,,18.84,35.82,0,0,0,0
aclnnInplaceFillScalar,,,16.98,16.98,0,0,0,0
aten::slice,,,4.24,7.88,0,0,0,0
aten::as_strided,,,3.64,3.64,0,0,0,0
aten::fill_,,,12.39,23.67,0,0,0,0
aclnnInplaceFillScalar,,,11.28,11.28,0,0,0,0
aten::slice,,,4.82,7.24,0,0,0,0
aten::as_strided,,,2.42,2.42,0,0,0,0
aten::slice,,,2.91,3.99,0,0,0,0
aten::as_strided,,,1.08,1.08,0,0,0,0
aten::lt,,,13.98,13.98,0,0,0,0
aten::lift_fresh,,,1.19,1.19,0,0,0,0
aten::slice,,,1.56,2.68,0,0,0,0
aten::as_strided,,,1.12,1.12,0,0,0,0
aten::fill_,,,2.61,9.26,0,0,0,0
aten::copy_,,,6.65,6.65,0,0,0,0
aten::slice,,,3.49,4.97,0,0,0,0
aten::as_strided,,,1.48,1.48,0,0,0,0
aten::slice,,,2.88,7.25,0,0,0,0
aten::as_strided,,,4.37,4.37,0,0,0,0
aten::slice,,,2.62,4.04,0,0,0,0
aten::as_strided,,,1.42,1.42,0,0,0,0
aten::slice,,,3.24,5.79,0,0,0,0
aten::as_strided,,,2.55,2.55,0,0,0,0
aten::slice,,,2.03,3.02,0,0,0,0
aten::as_strided,,,0.99,0.99,0,0,0,0
aten::slice,,,2.27,3.54,0,0,0,0
aten::as_strided,,,1.27,1.27,0,0,0,0
aten::slice,,,2.84,5.57,0,0,0,0
aten::as_strided,,,2.73,2.73,0,0,0,0
aten::slice,,,2.71,4.84,0,0,0,0
aten::as_strided,,,2.13,2.13,0,0,0,0
aten::slice,,,2.49,4.48,0,0,0,0
aten::as_strided,,,1.99,1.99,0,0,0,0
aten::slice,,,5.52,10.93,0,0,0,0
aten::as_strided,,,5.41,5.41,0,0,0,0
aten::slice,,,3.2,6.5,0,0,0,0
aten::as_strided,,,3.3,3.3,0,0,0,0
aten::slice,,,3.16,5.51,0,0,0,0
aten::as_strided,,,2.35,2.35,0,0,0,0
aten::to,,,1.82,1.82,0,0,0,0
aten::slice,,,2.44,4.9,0,0,0,0
aten::as_strided,,,2.46,2.46,0,0,0,0
aten::slice,,,2.42,4.93,0,0,0,0
aten::as_strided,,,2.51,2.51,0,0,0,0
aten::slice,,,2.15,3.63,0,0,0,0
aten::as_strided,,,1.48,1.48,0,0,0,0
aten::slice,,,2.94,6.16,0,0,0,0
aten::as_strided,,,3.22,3.22,0,0,0,0
aten::slice,,,2.25,5.91,0,0,0,0
aten::as_strided,,,3.66,3.66,0,0,0,0
aten::alias,,,4.75,4.75,0,0,0,0
aten::div,,,34.86,54.86,0,6.080125000000001,0,0
aten::item,,,2.19,3.79,0,0,0,0
aten::_local_scalar_dense,,,1.6,1.6,0,0,0,0
aclnnDivMods,,,16.21,16.21,6.080125000000001,6.080125000000001,0,0
aten::slice,,,3.32,8.1,0,0,0,0
aten::as_strided,,,4.78,4.78,0,0,0,0
aten::slice,,,4.06,7.02,0,0,0,0
aten::as_strided,,,2.96,2.96,0,0,0,0
aten::copy_,,,60.76,76.57,0,0.58003125,0,0
aclnnInplaceCopy,,,15.81,15.81,0.58003125,0.58003125,0,0
aten::slice,,,3.36,6.87,0,0,0,0
aten::as_strided,,,3.51,3.51,0,0,0,0
aten::slice,,,4.79,8.34,0,0,0,0
aten::as_strided,,,3.55,3.55,0,0,0,0
aten::ge,,,22.38,46.3,0,4.2400625,0,0
empty_tensor,,,11.6,11.6,0,0,0,0
aclnnGeScalar,,,12.32,12.32,4.2400625,4.2400625,0,0
aten::add,,,21.22,44.29,0,2.36003125,0,0
empty_tensor,,,7.07,7.07,0,0,0,0
aten::item,,,2.13,3.88,0,0,0,0
aten::_local_scalar_dense,,,1.75,1.75,0,0,0,0
aclnnAdds,,,12.12,12.12,2.36003125,2.36003125,0,0
aten::remainder,,,21.76,39.92,0,3.6600625000000004,0,0
empty_tensor,,,7.61,7.61,0,0,0,0
aclnnRemainderTensorScalar,,,10.55,10.55,3.6600625000000004,3.6600625000000004,0,0
aten::eq,,,13.49,22.39,0,2.8600625,0,0
empty_tensor,,,6.18,6.18,0,0,0,0
aclnnEqScalar,,,2.72,2.72,2.8600625,2.8600625,0,0
aten::__and__,,,2.41,34.93,0,1.48003125,0,0
aten::bitwise_and,,,16.39,32.52,0,1.48003125,0,0
empty_tensor,,,5.75,5.75,0,0,0,0
aclnnBitwiseAndTensor,,,10.38,10.38,1.48003125,1.48003125,0,0
aten::clamp_min,,,12.98,29.84,0,1.62003125,0,0
empty_tensor,,,6.34,6.34,0,0,0,0
aclnnClampMin,,,10.52,10.52,1.62003125,1.62003125,0,0
aten::div,,,20.5,40.39,0,5.1401562499999995,0,0
empty_tensor,,,6.23,6.23,0,0,0,0
aten::item,,,1.96,3.37,0,0,0,0
aten::_local_scalar_dense,,,1.41,1.41,0,0,0,0
aclnnDivMods,,,10.29,10.29,5.1401562499999995,5.1401562499999995,0,0
aten::remainder,,,21.38,37.68,0,5.38009375,0,0
empty_tensor,,,6.25,6.25,0,0,0,0
aclnnRemainderTensorScalar,,,10.05,10.05,5.38009375,5.38009375,0,0
aten::mul,,,23.98,51.72,0,1.52003125,0,0
empty_tensor,,,16.06,16.06,0,0,0,0
aten::item,,,1.96,3.21,0,0,0,0
aten::_local_scalar_dense,,,1.25,1.25,0,0,0,0
aclnnMuls,,,8.47,8.47,1.52003125,1.52003125,0,0
aten::div,,,22.96,50.13,0,4.760093749999999,0,0
empty_tensor,,,14.58,14.58,0,0,0,0
aten::item,,,2.04,4.12,0,0,0,0
aten::_local_scalar_dense,,,2.08,2.08,0,0,0,0
aclnnDivMods,,,8.47,8.47,4.760093749999999,4.760093749999999,0,0
aten::add,,,17.27,48.57,0,1.32,0,0
empty_tensor,,,19.86,19.86,0,0,0,0
aclnnAdd,,,11.44,11.44,1.32,1.32,0,0
aten::full_like,,,5.33,62.65,0,1.38003125,0,0
aten::empty_like,,,6.61,28.06,0,0,0,0
aten::empty_strided,,,8.26,21.45,0,0,0,0
empty_tensor,,,13.19,13.19,0,0,0,0
aten::fill_,,,18.24,29.26,0,1.38003125,0,0
aclnnInplaceFillScalar,,,11.02,11.02,1.38003125,1.38003125,0,0
aten::where,,,15.53,35.32,0,1.88003125,0,0
empty_tensor,,,11.94,11.94,0,0,0,0
aclnnSWhere,,,7.85,7.85,1.88003125,1.88003125,0,0
aten::copy_,,,14.61,25.31,0,1.20003125,0,0
aclnnInplaceCopy,,,10.7,10.7,1.20003125,1.20003125,0,0
aten::slice,,,3.71,8.14,0,0,0,0
aten::as_strided,,,4.43,4.43,0,0,0,0
aten::slice,,,5.77,8.5,0,0,0,0
aten::as_strided,,,2.73,2.73,0,0,0,0
aten::div,,,23.99,38.25,0,4.260125,0,0
aten::item,,,2.45,3.88,0,0,0,0
aten::_local_scalar_dense,,,1.43,1.43,0,0,0,0
aclnnDivMods,,,10.38,10.38,4.260125,4.260125,0,0
aten::slice,,,2.48,6.16,0,0,0,0
aten::as_strided,,,3.68,3.68,0,0,0,0
aten::slice,,,4.31,8.35,0,0,0,0
aten::as_strided,,,4.04,4.04,0,0,0,0
aten::slice,,,2.49,5.08,0,0,0,0
aten::as_strided,,,2.59,2.59,0,0,0,0
aten::copy_,,,57.4,70.19,0,0.6,0,0
aclnnInplaceCopy,,,12.79,12.79,0.6,0.6,0,0
aten::slice,,,2.95,6.49,0,0,0,0
aten::as_strided,,,3.54,3.54,0,0,0,0
aten::slice,,,4.46,8.02,0,0,0,0
aten::as_strided,,,3.56,3.56,0,0,0,0
aten::copy_,,,45.73,58.3,0,0.60003125,0,0
aclnnInplaceCopy,,,12.57,12.57,0.60003125,0.60003125,0,0
aten::slice,,,5.71,8.3,0,0,0,0
aten::as_strided,,,2.59,2.59,0,0,0,0
aten::div,,,19.48,37.45,0,0,0,0
aten::to,,,1.57,17.97,0,0,0,0
aten::_to_copy,,,4.87,16.4,0,0,0,0
aten::empty_strided,,,3.75,3.75,0,0,0,0
aten::copy_,,,7.78,7.78,0,0,0,0
aten::slice,,,4.6,10.21,0,0,0,0
aten::as_strided,,,5.61,5.61,0,0,0,0
aten::slice,,,5.48,10.3,0,0,0,0
aten::as_strided,,,4.82,4.82,0,0,0,0
aten::slice,,,2.65,6.14,0,0,0,0
aten::as_strided,,,3.49,3.49,0,0,0,0
aten::slice,,,2.16,4.89,0,0,0,0
aten::as_strided,,,2.73,2.73,0,0,0,0
aten::fill_,,,17.45,33.6,0,0,0,0
aclnnInplaceFillScalar,,,16.15,16.15,0,0,0,0
aten::slice,,,5.12,9.3,0,0,0,0
aten::as_strided,,,4.18,4.18,0,0,0,0
aten::fill_,,,12.19,23.45,0,0,0,0
aclnnInplaceFillScalar,,,11.26,11.26,0,0,0,0
aten::slice,,,5.2,10.05,0,0,0,0
aten::as_strided,,,4.85,4.85,0,0,0,0
aten::slice,,,3.5,6.25,0,0,0,0
aten::as_strided,,,2.75,2.75,0,0,0,0
aten::slice,,,5.17,7.48,0,0,0,0
aten::as_strided,,,2.31,2.31,0,0,0,0
aten::slice,,,2.8,6.18,0,0,0,0
aten::as_strided,,,3.38,3.38,0,0,0,0
aten::slice,,,3.14,6.57,0,0,0,0
aten::as_strided,,,3.43,3.43,0,0,0,0
aten::slice,,,3.18,5.65,0,0,0,0
aten::as_strided,,,2.47,2.47,0,0,0,0
aten::slice,,,2.29,4.25,0,0,0,0
aten::as_strided,,,1.96,1.96,0,0,0,0
aten::fill_,,,14.86,27.94,0,0,0,0
aclnnInplaceFillScalar,,,13.08,13.08,0,0,0,0
aten::slice,,,4.36,7.73,0,0,0,0
aten::as_strided,,,3.37,3.37,0,0,0,0
aten::fill_,,,11.53,22.2,0,0,0,0
aclnnInplaceFillScalar,,,10.67,10.67,0,0,0,0
aten::diff,,,7.6,35.87,0,0,0,0
aten::narrow,,,7.07,11.63,0,0,0,0
aten::slice,,,2.55,4.56,0,0,0,0
aten::as_strided,,,2.01,2.01,0,0,0,0
aten::narrow,,,2.28,4.53,0,0,0,0
aten::slice,,,1.12,2.25,0,0,0,0
aten::as_strided,,,1.13,1.13,0,0,0,0
aten::sub,,,12.11,12.11,0,0,0,0
aten::eq,,,13.9,28.99,0,0,0,0
aten::to,,,1.94,15.09,0,0,0,0
aten::_to_copy,,,4.73,13.15,0,0,0,0
aten::empty_strided,,,2.69,2.69,0,0,0,0
aten::copy_,,,5.73,5.73,0,0,0,0
aten::__and__,,,2.12,7.18,0,0,0,0
aten::bitwise_and,,,5.06,5.06,0,0,0,0
aten::gt,,,9.0,18.87,0,0,0,0
aten::to,,,1.35,9.87,0,0,0,0
aten::_to_copy,,,2.88,8.52,0,0,0,0
aten::empty_strided,,,2.6,2.6,0,0,0,0
aten::copy_,,,3.04,3.04,0,0,0,0
aten::__and__,,,1.66,4.95,0,0,0,0
aten::bitwise_and,,,3.29,3.29,0,0,0,0
aten::any,,,6.82,15.22,0,0,0,0
aten::view_as,,,2.17,4.28,0,0,0,0
aten::view,,,2.11,2.11,0,0,0,0
aten::to,,,0.83,0.83,0,0,0,0
aten::copy_,,,3.29,3.29,0,0,0,0
aten::item,,,2.0,3.49,0,0,0,0
aten::_local_scalar_dense,,,1.49,1.49,0,0,0,0
aten::slice,,,4.76,6.4,0,0,0,0
aten::as_strided,,,1.64,1.64,0,0,0,0
aten::slice,,,2.67,3.55,0,0,0,0
aten::as_strided,,,0.88,0.88,0,0,0,0
aten::sub,,,5.66,5.66,0,0,0,0
aten::select,,,3.44,5.41,0,0,0,0
aten::as_strided,,,1.97,1.97,0,0,0,0
aten::item,,,1.29,2.78,0,0,0,0
aten::_local_scalar_dense,,,1.49,1.49,0,0,0,0
aten::gt,,,7.34,16.49,0,0,0,0
aten::to,,,1.43,9.15,0,0,0,0
aten::_to_copy,,,2.83,7.72,0,0,0,0
aten::empty_strided,,,1.85,1.85,0,0,0,0
aten::copy_,,,3.04,3.04,0,0,0,0
aten::__ior__,,,2.07,6.85,0,0,0,0
aten::bitwise_or_,,,4.78,4.78,0,0,0,0
aten::any,,,5.06,10.76,0,0,0,0
aten::view_as,,,1.24,2.59,0,0,0,0
aten::view,,,1.35,1.35,0,0,0,0
aten::to,,,0.42,0.42,0,0,0,0
aten::copy_,,,2.69,2.69,0,0,0,0
aten::is_nonzero,,,1.74,3.55,0,0,0,0
aten::item,,,1.1,1.81,0,0,0,0
aten::_local_scalar_dense,,,0.71,0.71,0,0,0,0
aten::select,,,5.2,11.15,0,0,0,0
aten::as_strided,,,5.95,5.95,0,0,0,0
aten::slice,,,5.34,9.85,0,0,0,0
aten::as_strided,,,4.51,4.51,0,0,0,0
aten::slice,,,2.56,5.27,0,0,0,0
aten::as_strided,,,2.71,2.71,0,0,0,0
aten::slice,,,2.32,4.52,0,0,0,0
aten::as_strided,,,2.2,2.2,0,0,0,0
aten::copy_,,,63.94,82.04,0,0.62003125,0,0
aclnnInplaceCopy,,,18.1,18.1,0.62003125,0.62003125,0,0
aten::slice,,,6.27,10.53,0,0,0,0
aten::as_strided,,,4.26,4.26,0,0,0,0
aten::fill_,,,14.53,26.83,0,0,0,0
aclnnInplaceFillScalar,,,12.3,12.3,0,0,0,0
aten::slice,,,6.32,10.3,0,0,0,0
aten::as_strided,,,3.98,3.98,0,0,0,0
aten::slice,,,2.92,6.17,0,0,0,0
aten::as_strided,,,3.25,3.25,0,0,0,0
aten::slice,,,2.84,5.45,0,0,0,0
aten::as_strided,,,2.61,2.61,0,0,0,0
aten::copy_,,,52.35,66.0,0,0.64003125,0,0
aclnnInplaceCopy,,,13.65,13.65,0.64003125,0.64003125,0,0
aten::slice,,,5.86,9.84,0,0,0,0
aten::as_strided,,,3.98,3.98,0,0,0,0
aten::slice,,,3.52,6.83,0,0,0,0
aten::as_strided,,,3.31,3.31,0,0,0,0
aten::slice,,,3.49,6.34,0,0,0,0
aten::as_strided,,,2.85,2.85,0,0,0,0
aten::slice,,,2.45,4.88,0,0,0,0
aten::as_strided,,,2.43,2.43,0,0,0,0
aten::slice,,,2.65,5.9,0,0,0,0
aten::as_strided,,,3.25,3.25,0,0,0,0
aten::copy_,,,49.89,64.08,0,0.66003125,0,0
aclnnInplaceCopy,,,14.19,14.19,0.66003125,0.66003125,0,0
aten::slice,,,6.23,9.82,0,0,0,0
aten::as_strided,,,3.59,3.59,0,0,0,0
aten::slice,,,2.93,5.31,0,0,0,0
aten::as_strided,,,2.38,2.38,0,0,0,0
aten::slice,,,2.5,4.87,0,0,0,0
aten::as_strided,,,2.37,2.37,0,0,0,0
aten::sub,,,19.12,31.61,0,1.46003125,0,0
aclnnSub,,,12.49,12.49,1.46003125,1.46003125,0,0
aten::slice,,,7.48,10.46,0,0,0,0
aten::as_strided,,,2.98,2.98,0,0,0,0
aten::slice,,,3.42,7.91,0,0,0,0
aten::as_strided,,,4.49,4.49,0,0,0,0
aten::slice,,,3.4,6.47,0,0,0,0
aten::as_strided,,,3.07,3.07,0,0,0,0
aten::slice,,,2.95,5.71,0,0,0,0
aten::as_strided,,,2.76,2.76,0,0,0,0
aten::slice,,,2.44,4.37,0,0,0,0
aten::as_strided,,,1.93,1.93,0,0,0,0
aten::fill_,,,15.97,29.35,0,0,0,0
aclnnInplaceFillScalar,,,13.38,13.38,0,0,0,0
aten::slice,,,5.23,9.22,0,0,0,0
aten::as_strided,,,3.99,3.99,0,0,0,0
aten::fill_,,,12.29,23.63,0,0,0,0
aclnnInplaceFillScalar,,,11.34,11.34,0,0,0,0
aten::diff,,,6.6,33.26,0,0,0,0
aten::narrow,,,5.78,10.5,0,0,0,0
aten::slice,,,2.68,4.72,0,0,0,0
aten::as_strided,,,2.04,2.04,0,0,0,0
aten::narrow,,,2.24,4.27,0,0,0,0
aten::slice,,,1.16,2.03,0,0,0,0
aten::as_strided,,,0.87,0.87,0,0,0,0
aten::sub,,,11.89,11.89,0,0,0,0
aten::eq,,,13.06,27.72,0,0,0,0
aten::to,,,1.82,14.66,0,0,0,0
aten::_to_copy,,,4.61,12.84,0,0,0,0
aten::empty_strided,,,2.69,2.69,0,0,0,0
aten::copy_,,,5.54,5.54,0,0,0,0
aten::__and__,,,2.22,6.56,0,0,0,0
aten::bitwise_and,,,4.34,4.34,0,0,0,0
aten::gt,,,7.36,15.95,0,0,0,0
aten::to,,,1.1,8.59,0,0,0,0
aten::_to_copy,,,2.53,7.49,0,0,0,0
aten::empty_strided,,,2.07,2.07,0,0,0,0
aten::copy_,,,2.89,2.89,0,0,0,0
aten::__and__,,,1.04,3.99,0,0,0,0
aten::bitwise_and,,,2.95,2.95,0,0,0,0
aten::any,,,5.92,13.28,0,0,0,0
aten::view_as,,,2.01,3.78,0,0,0,0
aten::view,,,1.77,1.77,0,0,0,0
aten::to,,,0.6,0.6,0,0,0,0
aten::copy_,,,2.98,2.98,0,0,0,0
aten::item,,,1.73,3.35,0,0,0,0
aten::_local_scalar_dense,,,1.62,1.62,0,0,0,0
aten::slice,,,4.86,6.44,0,0,0,0
aten::as_strided,,,1.58,1.58,0,0,0,0
aten::slice,,,2.76,3.44,0,0,0,0
aten::as_strided,,,0.68,0.68,0,0,0,0
aten::sub,,,5.41,5.41,0,0,0,0
aten::select,,,3.29,4.6,0,0,0,0
aten::as_strided,,,1.31,1.31,0,0,0,0
aten::item,,,1.12,2.18,0,0,0,0
aten::_local_scalar_dense,,,1.06,1.06,0,0,0,0
aten::gt,,,7.25,16.27,0,0,0,0
aten::to,,,1.47,9.02,0,0,0,0
aten::_to_copy,,,2.68,7.55,0,0,0,0
aten::empty_strided,,,2.0,2.0,0,0,0,0
aten::copy_,,,2.87,2.87,0,0,0,0
aten::__ior__,,,2.0,6.01,0,0,0,0
aten::bitwise_or_,,,4.01,4.01,0,0,0,0
aten::any,,,4.93,11.27,0,0,0,0
aten::view_as,,,1.33,2.99,0,0,0,0
aten::view,,,1.66,1.66,0,0,0,0
aten::to,,,0.55,0.55,0,0,0,0
aten::copy_,,,2.8,2.8,0,0,0,0
aten::is_nonzero,,,1.33,3.49,0,0,0,0
aten::item,,,1.3,2.16,0,0,0,0
aten::_local_scalar_dense,,,0.86,0.86,0,0,0,0
aten::select,,,4.24,9.59,0,0,0,0
aten::as_strided,,,5.35,5.35,0,0,0,0
aten::slice,,,4.72,8.62,0,0,0,0
aten::as_strided,,,3.9,3.9,0,0,0,0
aten::slice,,,2.69,4.91,0,0,0,0
aten::as_strided,,,2.22,2.22,0,0,0,0
aten::slice,,,2.56,4.8,0,0,0,0
aten::as_strided,,,2.24,2.24,0,0,0,0
aten::copy_,,,60.8,78.3,0,0.6,0,0
aclnnInplaceCopy,,,17.5,17.5,0.6,0.6,0,0
aten::slice,,,6.02,9.9,0,0,0,0
aten::as_strided,,,3.88,3.88,0,0,0,0
aten::fill_,,,13.82,26.74,0,0,0,0
aclnnInplaceFillScalar,,,12.92,12.92,0,0,0,0
aten::slice,,,5.75,9.89,0,0,0,0
aten::as_strided,,,4.14,4.14,0,0,0,0
aten::slice,,,2.48,4.91,0,0,0,0
aten::as_strided,,,2.43,2.43,0,0,0,0
aten::slice,,,2.49,4.96,0,0,0,0
aten::as_strided,,,2.47,2.47,0,0,0,0
aten::copy_,,,53.02,66.09,0,0.58003125,0,0
aclnnInplaceCopy,,,13.07,13.07,0.58003125,0.58003125,0,0
aten::slice,,,5.98,9.68,0,0,0,0
aten::as_strided,,,3.7,3.7,0,0,0,0
aten::slice,,,3.41,7.02,0,0,0,0
aten::as_strided,,,3.61,3.61,0,0,0,0
aten::slice,,,3.47,6.41,0,0,0,0
aten::as_strided,,,2.94,2.94,0,0,0,0
aten::slice,,,2.5,4.96,0,0,0,0
aten::as_strided,,,2.46,2.46,0,0,0,0
aten::slice,,,2.07,4.45,0,0,0,0
aten::as_strided,,,2.38,2.38,0,0,0,0
aten::copy_,,,48.61,63.46,0,0.64,0,0
aclnnInplaceCopy,,,14.85,14.85,0.64,0.64,0,0
aten::slice,,,5.69,9.48,0,0,0,0
aten::as_strided,,,3.79,3.79,0,0,0,0
aten::slice,,,2.77,5.5,0,0,0,0
aten::as_strided,,,2.73,2.73,0,0,0,0
aten::slice,,,2.29,4.47,0,0,0,0
aten::as_strided,,,2.18,2.18,0,0,0,0
aten::sub,,,17.55,29.82,0,1.44003125,0,0
aclnnSub,,,12.27,12.27,1.44003125,1.44003125,0,0
aten::slice,,,6.88,9.55,0,0,0,0
aten::as_strided,,,2.67,2.67,0,0,0,0
aten::slice,,,3.11,7.96,0,0,0,0
aten::as_strided,,,4.85,4.85,0,0,0,0
aten::slice,,,2.94,5.66,0,0,0,0
aten::as_strided,,,2.72,2.72,0,0,0,0
aten::slice,,,2.41,5.16,0,0,0,0
aten::as_strided,,,2.75,2.75,0,0,0,0
aten::slice,,,2.35,4.49,0,0,0,0
aten::as_strided,,,2.14,2.14,0,0,0,0
aten::fill_,,,15.32,28.69,0,0,0,0
aclnnInplaceFillScalar,,,13.37,13.37,0,0,0,0
aten::slice,,,5.09,8.77,0,0,0,0
aten::as_strided,,,3.68,3.68,0,0,0,0
aten::fill_,,,11.55,22.92,0,0,0,0
aclnnInplaceFillScalar,,,11.37,11.37,0,0,0,0
aten::diff,,,6.64,33.27,0,0,0,0
aten::narrow,,,5.62,10.47,0,0,0,0
aten::slice,,,2.12,4.85,0,0,0,0
aten::as_strided,,,2.73,2.73,0,0,0,0
aten::narrow,,,1.86,4.25,0,0,0,0
aten::slice,,,1.0,2.39,0,0,0,0
aten::as_strided,,,1.39,1.39,0,0,0,0
aten::sub,,,11.91,11.91,0,0,0,0
aten::eq,,,12.01,27.07,0,0,0,0
aten::to,,,2.0,15.06,0,0,0,0
aten::_to_copy,,,4.28,13.06,0,0,0,0
aten::empty_strided,,,3.04,3.04,0,0,0,0
aten::copy_,,,5.74,5.74,0,0,0,0
aten::__and__,,,2.05,6.13,0,0,0,0
aten::bitwise_and,,,4.08,4.08,0,0,0,0
aten::gt,,,7.33,15.98,0,0,0,0
aten::to,,,1.15,8.65,0,0,0,0
aten::_to_copy,,,2.94,7.5,0,0,0,0
aten::empty_strided,,,1.8,1.8,0,0,0,0
aten::copy_,,,2.76,2.76,0,0,0,0
aten::__and__,,,1.41,4.43,0,0,0,0
aten::bitwise_and,,,3.02,3.02,0,0,0,0
aten::any,,,6.21,13.26,0,0,0,0
aten::view_as,,,1.95,3.77,0,0,0,0
aten::view,,,1.82,1.82,0,0,0,0
aten::to,,,0.58,0.58,0,0,0,0
aten::copy_,,,2.7,2.7,0,0,0,0
aten::item,,,1.79,3.04,0,0,0,0
aten::_local_scalar_dense,,,1.25,1.25,0,0,0,0
aten::slice,,,4.34,6.25,0,0,0,0
aten::as_strided,,,1.91,1.91,0,0,0,0
aten::slice,,,2.29,3.13,0,0,0,0
aten::as_strided,,,0.84,0.84,0,0,0,0
aten::sub,,,5.25,5.25,0,0,0,0
aten::select,,,3.06,4.46,0,0,0,0
aten::as_strided,,,1.4,1.4,0,0,0,0
aten::item,,,1.12,2.05,0,0,0,0
aten::_local_scalar_dense,,,0.93,0.93,0,0,0,0
aten::gt,,,6.72,15.41,0,0,0,0
aten::to,,,1.25,8.69,0,0,0,0
aten::_to_copy,,,2.65,7.44,0,0,0,0
aten::empty_strided,,,1.98,1.98,0,0,0,0
aten::copy_,,,2.81,2.81,0,0,0,0
aten::__ior__,,,1.81,5.8,0,0,0,0
aten::bitwise_or_,,,3.99,3.99,0,0,0,0
aten::any,,,5.12,26.74,0,0,0,0
aten::view_as,,,16.17,17.97,0,0,0,0
aten::view,,,1.8,1.8,0,0,0,0
aten::to,,,0.45,0.45,0,0,0,0
aten::copy_,,,3.2,3.2,0,0,0,0
aten::is_nonzero,,,1.3,3.48,0,0,0,0
aten::item,,,1.26,2.18,0,0,0,0
aten::_local_scalar_dense,,,0.92,0.92,0,0,0,0
aten::select,,,4.54,10.58,0,0,0,0
aten::as_strided,,,6.04,6.04,0,0,0,0
aten::slice,,,4.96,9.21,0,0,0,0
aten::as_strided,,,4.25,4.25,0,0,0,0
aten::slice,,,8.03,11.3,0,0,0,0
aten::as_strided,,,3.27,3.27,0,0,0,0
aten::slice,,,13.63,16.65,0,0,0,0
aten::as_strided,,,3.02,3.02,0,0,0,0
aten::copy_,,,64.73,86.77,0,0.6,0,0
aclnnInplaceCopy,,,22.04,22.04,0.6,0.6,0,0
aten::slice,,,15.58,19.88,0,0,0,0
aten::as_strided,,,4.3,4.3,0,0,0,0
aten::fill_,,,15.19,25.66,0,0,0,0
aclnnInplaceFillScalar,,,10.47,10.47,0,0,0,0
aten::slice,,,16.81,21.31,0,0,0,0
aten::as_strided,,,4.5,4.5,0,0,0,0
aten::slice,,,4.83,14.79,0,0,0,0
aten::as_strided,,,9.96,9.96,0,0,0,0
aten::slice,,,3.3,10.25,0,0,0,0
aten::as_strided,,,6.95,6.95,0,0,0,0
aten::copy_,,,55.29,72.48,0,0.72003125,0,0
aclnnInplaceCopy,,,17.19,17.19,0.72003125,0.72003125,0,0
aten::slice,,,15.73,20.2,0,0,0,0
aten::as_strided,,,4.47,4.47,0,0,0,0
aten::slice,,,5.72,9.35,0,0,0,0
aten::as_strided,,,3.63,3.63,0,0,0,0
aten::slice,,,4.05,14.23,0,0,0,0
aten::as_strided,,,10.18,10.18,0,0,0,0
aten::slice,,,2.75,5.52,0,0,0,0
aten::as_strided,,,2.77,2.77,0,0,0,0
aten::slice,,,7.08,52.67,0,0,0,0
aten::as_strided,,,45.59,45.59,0,0,0,0
aten::copy_,,,57.12,72.82,0,0.58,0,0
aclnnInplaceCopy,,,15.7,15.7,0.58,0.58,0,0
aten::slice,,,7.3,11.38,0,0,0,0
aten::as_strided,,,4.08,4.08,0,0,0,0
aten::slice,,,2.85,5.49,0,0,0,0
aten::as_strided,,,2.64,2.64,0,0,0,0
aten::slice,,,2.79,4.89,0,0,0,0
aten::as_strided,,,2.1,2.1,0,0,0,0
aten::sub,,,18.23,30.32,0,1.44003125,0,0
aclnnSub,,,12.09,12.09,1.44003125,1.44003125,0,0
Event::record,,,161.71,181.15,0,0.02,0,0
record_event,,,19.44,19.44,0.02,0.02,0,0
aten::slice,,,8.61,15.46,0,0,0,0
aten::as_strided,,,6.85,6.85,0,0,0,0
aten::slice,,,4.03,6.94,0,0,0,0
aten::as_strided,,,2.91,2.91,0,0,0,0
aten::slice,,,6.55,12.98,0,0,0,0
aten::as_strided,,,6.43,6.43,0,0,0,0
aten::scalar_tensor,,,6.23,57.06,0,1.50003125,0,0
aten::empty,,,2.92,15.76,0,0,0,0
empty_tensor,,,12.84,12.84,0,0,0,0
aten::fill_,,,17.5,35.07,0,1.50003125,0,0
aclnnInplaceFillScalar,,,17.57,17.57,1.50003125,1.50003125,0,0
aten::view,,,4.18,4.18,0,0,0,0
aten::expand,,,2.72,4.91,0,0,0,0
aten::as_strided,,,2.19,2.19,0,0,0,0
aten::copy_,,,52.65,67.33,0,0.6,0,0
aclnnInplaceCopy,,,14.68,14.68,0.6,0.6,0,0
aten::scalar_tensor,,,5.48,40.05,0,1.16003125,0,0
aten::empty,,,2.48,11.86,0,0,0,0
empty_tensor,,,9.38,9.38,0,0,0,0
aten::fill_,,,11.63,22.71,0,1.16003125,0,0
aclnnInplaceFillScalar,,,11.08,11.08,1.16003125,1.16003125,0,0
aten::slice,,,7.2,12.5,0,0,0,0
aten::as_strided,,,5.3,5.3,0,0,0,0
aten::view,,,2.52,2.52,0,0,0,0
aten::expand,,,1.85,3.4,0,0,0,0
aten::as_strided,,,1.55,1.55,0,0,0,0
aten::copy_,,,4.12,4.12,0,0,0,0
aten::index,,,37.14,69.87,0,11.18021875,0,0
empty_tensor,,,7.69,7.69,0,0,0,0
empty_tensor,,,8.69,8.69,0,0,0,0
aclnnIndex,,,16.35,16.35,11.18021875,11.18021875,0,0
aten::linear,,,5.73,71.19,0,901.018,0,901.018
aten::t,,,7.23,17.45,0,0,0,0
aten::transpose,,,3.59,10.22,0,0,0,0
aten::as_strided,,,6.63,6.63,0,0,0,0
aten::matmul,,,22.49,48.01,0,901.018,0,901.018
empty_tensor,,,9.8,9.8,0,0,0,0
aclnnMatmul,,,15.72,15.72,901.018,901.018,901.018,901.018
aten::alias,,,2.92,2.92,0,0,0,0
aten::log_softmax,,,9.14,112.47,0,51.38103125,0,0
aten::to,,,3.91,67.91,0,7.54015625,0,0
aten::_to_copy,,,7.41,64.0,0,7.54015625,0,0
aten::empty_strided,,,11.78,19.53,0,0,0,0
empty_tensor,,,7.75,7.75,0,0,0,0
aten::copy_,,,21.29,37.06,0,7.54015625,0,0
aclnnInplaceCopy,,,15.77,15.77,7.54015625,7.54015625,0,0
aten::_log_softmax,,,18.98,35.42,0,43.840875,0,0
empty_tensor,,,7.51,7.51,0,0,0,0
aclnnLogSoftmax,,,8.93,8.93,43.840875,43.840875,0,0
aten::to,,,2.18,47.27,0,2.6400625,0,0
aten::_to_copy,,,5.49,45.09,0,2.6400625,0,0
aten::empty_strided,,,7.36,12.18,0,0,0,0
empty_tensor,,,4.82,4.82,0,0,0,0
aten::copy_,,,15.81,27.42,0,2.6400625,0,0
aclnnInplaceCopy,,,11.61,11.61,2.6400625,2.6400625,0,0
aten::argmax,,,8.11,62.63,0,20.600406250000002,0,0
aten::empty,,,2.81,11.38,0,0,0,0
empty_tensor,,,8.57,8.57,0,0,0,0
aten::argmax,,,24.46,43.14,0,20.600406250000002,0,0
aten::reshape,,,1.95,7.31,0,0,0,0
aten::view,,,5.36,5.36,0,0,0,0
aclnnArgMax,,,11.37,11.37,20.600406250000002,20.600406250000002,0,0
aten::view,,,4.29,4.29,0,0,0,0
aten::to,,,1.89,1.89,0,0,0,0
aten::topk,,,21.23,45.74,0,33.98065625,0,0
empty_tensor,,,8.13,8.13,0,0,0,0
empty_tensor,,,5.52,5.52,0,0,0,0
aclnnTopk,,,10.86,10.86,33.98065625,33.98065625,0,0
aten::unsqueeze,,,3.94,8.62,0,0,0,0
aten::as_strided,,,4.68,4.68,0,0,0,0
aten::gather,,,21.76,31.6,0,5.440125,0,0
empty_tensor,,,6.3,6.3,0,0,0,0
aclnnGather,,,3.54,3.54,5.440125,5.440125,0,0
TorchDynamo Cache Lookup,,,38.86,38.86,0,0,0,0
Torch-Compiled Region: 0/0,,,111.92,201.68,0,39.16078125,0,0
aten::_assert_scalar,,,3.02,3.02,0,0,0,0
aten::_assert_scalar,,,1.34,1.34,0,0,0,0
aten::_assert_scalar,,,1.13,1.13,0,0,0,0
aten::ge,,,17.57,45.16,0,8.00015625,0,0
empty_tensor,,,11.69,11.69,0,0,0,0
aclnnGeTensor,,,15.9,15.9,8.00015625,8.00015625,0,0
aten::sum,,,19.84,39.11,0,31.160624999999996,0,0
empty_tensor,,,7.96,7.96,0,0,0,0
aclnnReduceSum,,,11.31,11.31,31.160624999999996,31.160624999999996,0,0
aten::cat,,,20.37,40.36,0,2.6200625,0,0
empty_tensor,,,8.24,8.24,0,0,0,0
aclnnCat,,,11.75,11.75,2.6200625,2.6200625,0,0
aten::cat,,,13.67,31.14,0,2.02003125,0,0
empty_tensor,,,6.69,6.69,0,0,0,0
aclnnCat,,,10.78,10.78,2.02003125,2.02003125,0,0
aten::to,,,2.51,46.2,0,1.56003125,0,0
aten::_to_copy,,,5.64,43.69,0,1.56003125,0,0
aten::empty_strided,,,8.18,12.76,0,0,0,0
empty_tensor,,,4.58,4.58,0,0,0,0
aten::copy_,,,15.62,25.29,0,1.56003125,0,0
aclnnInplaceCopy,,,9.67,9.67,1.56003125,1.56003125,0,0
aten::to,,,2.02,42.28,0,1.48003125,0,0
aten::_to_copy,,,4.53,40.26,0,1.48003125,0,0
aten::empty_strided,,,6.86,11.21,0,0,0,0
empty_tensor,,,4.35,4.35,0,0,0,0
aten::copy_,,,14.27,24.52,0,1.48003125,0,0
aclnnInplaceCopy,,,10.25,10.25,1.48003125,1.48003125,0,0
aten::unsqueeze,,,3.37,7.93,0,0,0,0
aten::as_strided,,,4.56,4.56,0,0,0,0
Event::record,,,152.56,170.91,0,0.02,0,0
record_event,,,18.35,18.35,0.02,0.02,0,0
aten::slice,,,5.41,13.57,0,0,0,0
aten::as_strided,,,8.16,8.16,0,0,0,0
Event::wait,,,76.68,96.57,0,2201.04396875,0,0
wait_event,,,19.89,19.89,2201.04396875,2201.04396875,0,0
Event::record,,,90.67,109.46,0,0.0,0,0
record_event,,,18.79,18.79,0.0,0.0,0,0
Event::wait,,,62.86,78.9,0,1794.77584375,0,0
wait_event,,,16.04,16.04,1794.77584375,1794.77584375,0,0
destroy_event,,,10.29,10.29,0,0,0,0
aten::to,,,4.07,65.44,0,2.0200625,0,0
aten::_to_copy,,,6.95,61.37,0,2.0200625,0,0
aten::empty_strided,,,24.05,24.05,0,0,0,0
aten::copy_,,,18.86,30.37,0,2.0200625,0,0
acl_memcpy_device_to_host,,,11.51,11.51,2.0200625,2.0200625,0,0
aten::to,,,3.28,39.85,0,2.04003125,0,0
aten::_to_copy,,,5.43,36.57,0,2.04003125,0,0
aten::empty_strided,,,4.39,4.39,0,0,0,0
aten::copy_,,,15.15,26.75,0,2.04003125,0,0
acl_memcpy_device_to_host,,,11.6,11.6,2.04003125,2.04003125,0,0
aten::to,,,2.77,34.77,0,2.02003125,0,0
aten::_to_copy,,,4.09,32.0,0,2.02003125,0,0
aten::empty_strided,,,3.58,3.58,0,0,0,0
aten::copy_,,,12.97,24.33,0,2.02003125,0,0
acl_memcpy_device_to_host,,,11.36,11.36,2.02003125,2.02003125,0,0
aten::to,,,2.37,32.76,0,1.88003125,0,0
aten::_to_copy,,,3.82,30.39,0,1.88003125,0,0
aten::empty_strided,,,3.27,3.27,0,0,0,0
aten::copy_,,,11.97,23.3,0,1.88003125,0,0
acl_memcpy_device_to_host,,,11.33,11.33,1.88003125,1.88003125,0,0
Event::record,,,184.06,202.01,0,0.02,0,0
record_event,,,17.95,17.95,0.02,0.02,0,0
Event::synchronize,,,88.12,88.12,0,0,0,0
aten::resolve_conj,,,1.28,1.28,0,0,0,0
aten::resolve_neg,,,1.47,1.47,0,0,0,0
aten::to,,,3.35,3.35,0,0,0,0
aten::detach,,,3.66,3.66,0,0,0,0
aten::to,,,0.79,0.79,0,0,0,0
aten::resolve_conj,,,0.87,0.87,0,0,0,0
aten::resolve_neg,,,0.43,0.43,0,0,0,0
aten::to,,,1.69,1.69,0,0,0,0
aten::detach,,,1.76,1.76,0,0,0,0
aten::to,,,0.61,0.61,0,0,0,0
aten::resolve_conj,,,0.42,0.42,0,0,0,0
aten::resolve_neg,,,0.37,0.37,0,0,0,0
aten::to,,,1.15,1.15,0,0,0,0
aten::detach,,,1.18,1.18,0,0,0,0
aten::to,,,0.54,0.54,0,0,0,0
aten::resolve_conj,,,0.34,0.34,0,0,0,0
aten::resolve_neg,,,0.32,0.32,0,0,0,0
destroy_event,,,23.72,23.72,0,0,0,0
record_event,,,9.11,9.11,0.0,0.0,0,0
Event::synchronize,,,133.17,133.17,0,0,0,0
aten::slice,,,13.2,17.64,0,0,0,0
aten::as_strided,,,4.44,4.44,0,0,0,0
aten::slice,,,3.54,10.11,0,0,0,0
aten::as_strided,,,6.57,6.57,0,0,0,0
aten::pin_memory,,,73.24,89.81,0,0,0,0
aten::is_pinned,,,16.57,16.57,0,0,0,0
aten::copy_,,,21.47,40.78,0,2.2400625,0,0
acl_memcpy_host_to_device,,,19.31,19.31,2.2400625,2.2400625,0,0
aten::slice,,,8.39,10.88,0,0,0,0
aten::as_strided,,,2.49,2.49,0,0,0,0
aten::slice,,,3.29,8.36,0,0,0,0
aten::as_strided,,,5.07,5.07,0,0,0,0
aten::pin_memory,,,3.91,13.81,0,0,0,0
aten::is_pinned,,,9.9,9.9,0,0,0,0
aten::copy_,,,15.37,30.85,0,2.2000625,0,0
acl_memcpy_host_to_device,,,15.48,15.48,2.2000625,2.2000625,0,0
aten::slice,,,6.6,8.66,0,0,0,0
aten::as_strided,,,2.06,2.06,0,0,0,0
aten::slice,,,2.96,6.88,0,0,0,0
aten::as_strided,,,3.92,3.92,0,0,0,0
aten::pin_memory,,,3.4,11.41,0,0,0,0
aten::is_pinned,,,8.01,8.01,0,0,0,0
aten::copy_,,,13.31,28.61,0,2.70003125,0,0
acl_memcpy_host_to_device,,,15.3,15.3,2.70003125,2.70003125,0,0
aten::slice,,,5.02,7.02,0,0,0,0
aten::as_strided,,,2.0,2.0,0,0,0,0
aten::slice,,,2.79,6.64,0,0,0,0
aten::as_strided,,,3.85,3.85,0,0,0,0
aten::pin_memory,,,3.46,10.96,0,0,0,0
aten::is_pinned,,,7.5,7.5,0,0,0,0
aten::copy_,,,12.21,26.49,0,2.4600625,0,0
acl_memcpy_host_to_device,,,14.28,14.28,2.4600625,2.4600625,0,0
aten::slice,,,6.18,8.08,0,0,0,0
aten::as_strided,,,1.9,1.9,0,0,0,0
aten::slice,,,3.05,7.08,0,0,0,0
aten::as_strided,,,4.03,4.03,0,0,0,0
aten::pin_memory,,,2.98,10.31,0,0,0,0
aten::is_pinned,,,7.33,7.33,0,0,0,0
aten::copy_,,,12.49,24.75,0,2.1800625,0,0
acl_memcpy_host_to_device,,,12.26,12.26,2.1800625,2.1800625,0,0
aten::slice,,,10.18,13.65,0,0,0,0
aten::as_strided,,,3.47,3.47,0,0,0,0
aten::slice,,,3.29,9.28,0,0,0,0
aten::as_strided,,,5.99,5.99,0,0,0,0
aten::pin_memory,,,4.09,16.68,0,0,0,0
aten::is_pinned,,,12.59,12.59,0,0,0,0
aten::copy_,,,16.11,36.52,0,2.3400625,0,0
acl_memcpy_host_to_device,,,20.41,20.41,2.3400625,2.3400625,0,0
aten::slice,,,5.89,10.38,0,0,0,0
aten::as_strided,,,4.49,4.49,0,0,0,0
aten::lift_fresh,,,1.23,1.23,0,0,0,0
aten::lift_fresh,,,1.17,1.17,0,0,0,0
aten::flatten,,,3.98,10.38,0,0,0,0
aten::view,,,6.4,6.4,0,0,0,0
aten::slice,,,3.97,5.77,0,0,0,0
aten::as_strided,,,1.8,1.8,0,0,0,0
aten::index_select,,,6.51,6.51,0,0,0,0
aten::pin_memory,,,3.63,15.43,0,0,0,0
aten::is_pinned,,,11.8,11.8,0,0,0,0
aten::copy_,,,15.81,31.66,0,2.3600625,0,0
acl_memcpy_host_to_device,,,15.85,15.85,2.3600625,2.3600625,0,0
aten::pin_memory,,,3.92,11.14,0,0,0,0
aten::is_pinned,,,7.22,7.22,0,0,0,0
aten::copy_,,,13.32,25.34,0,2.16003125,0,0
acl_memcpy_host_to_device,,,12.02,12.02,2.16003125,2.16003125,0,0
aten::slice,,,6.75,9.53,0,0,0,0
aten::as_strided,,,2.78,2.78,0,0,0,0
aten::lift_fresh,,,1.41,1.41,0,0,0,0
aten::slice,,,3.21,4.29,0,0,0,0
aten::as_strided,,,1.08,1.08,0,0,0,0
aten::add,,,13.97,13.97,0,0,0,0
aten::slice,,,3.4,4.46,0,0,0,0
aten::as_strided,,,1.06,1.06,0,0,0,0
aten::fill_,,,4.9,4.9,0,0,0,0
aten::slice,,,3.09,8.1,0,0,0,0
aten::as_strided,,,5.01,5.01,0,0,0,0
aten::fill_,,,19.06,34.45,0,1.54,0,0
aclnnInplaceFillScalar,,,15.39,15.39,1.54,1.54,0,0
aten::slice,,,5.41,11.26,0,0,0,0
aten::as_strided,,,5.85,5.85,0,0,0,0
aten::select,,,3.8,7.03,0,0,0,0
aten::as_strided,,,3.23,3.23,0,0,0,0
aten::copy_,,,61.5,77.39,0,0.58003125,0,0
aclnnInplaceCopy,,,15.89,15.89,0.58003125,0.58003125,0,0
aten::slice,,,7.69,10.38,0,0,0,0
aten::as_strided,,,2.69,2.69,0,0,0,0
aten::detach,,,2.97,2.97,0,0,0,0
aten::to,,,1.77,1.77,0,0,0,0
aten::resolve_conj,,,1.12,1.12,0,0,0,0
aten::resolve_neg,,,0.59,0.59,0,0,0,0
aten::slice,,,5.69,7.62,0,0,0,0
aten::as_strided,,,1.93,1.93,0,0,0,0
aten::slice,,,2.67,7.37,0,0,0,0
aten::as_strided,,,4.7,4.7,0,0,0,0
aten::pin_memory,,,4.16,17.95,0,0,0,0
aten::is_pinned,,,13.79,13.79,0,0,0,0
aten::copy_,,,3.6,3.6,0,0,0,0
aten::slice,,,5.44,7.31,0,0,0,0
aten::as_strided,,,1.87,1.87,0,0,0,0
aten::slice,,,2.69,6.2,0,0,0,0
aten::as_strided,,,3.51,3.51,0,0,0,0
aten::pin_memory,,,3.14,11.32,0,0,0,0
aten::is_pinned,,,8.18,8.18,0,0,0,0
aten::copy_,,,15.36,34.88,0,2.3000625,0,0
acl_memcpy_host_to_device,,,19.52,19.52,2.3000625,2.3000625,0,0
aten::fill_,,,17.64,31.59,0,1.42,0,0
aclnnInplaceFillScalar,,,13.95,13.95,1.42,1.42,0,0
aten::slice,,,6.44,10.78,0,0,0,0
aten::as_strided,,,4.34,4.34,0,0,0,0
aten::slice,,,2.88,4.98,0,0,0,0
aten::as_strided,,,2.1,2.1,0,0,0,0
aten::copy_,,,16.93,28.05,0,2.28003125,0,0
acl_memcpy_host_to_device,,,11.12,11.12,2.28003125,2.28003125,0,0
aten::slice,,,5.66,8.18,0,0,0,0
aten::as_strided,,,2.52,2.52,0,0,0,0
aten::slice,,,2.76,6.8,0,0,0,0
aten::as_strided,,,4.04,4.04,0,0,0,0
aten::pin_memory,,,3.61,12.56,0,0,0,0
aten::is_pinned,,,8.95,8.95,0,0,0,0
aten::copy_,,,12.79,26.28,0,2.34003125,0,0
acl_memcpy_host_to_device,,,13.49,13.49,2.34003125,2.34003125,0,0
aten::slice,,,4.28,8.1,0,0,0,0
aten::as_strided,,,3.82,3.82,0,0,0,0
aten::slice,,,3.14,4.76,0,0,0,0
aten::as_strided,,,1.62,1.62,0,0,0,0
aten::slice,,,2.82,6.22,0,0,0,0
aten::as_strided,,,3.4,3.4,0,0,0,0
aten::pin_memory,,,3.31,11.58,0,0,0,0
aten::is_pinned,,,8.27,8.27,0,0,0,0
aten::copy_,,,12.64,24.19,0,2.3400625,0,0
acl_memcpy_host_to_device,,,11.55,11.55,2.3400625,2.3400625,0,0
aten::slice,,,6.24,8.39,0,0,0,0
aten::as_strided,,,2.15,2.15,0,0,0,0
aten::slice,,,2.95,6.49,0,0,0,0
aten::as_strided,,,3.54,3.54,0,0,0,0
aten::pin_memory,,,3.55,11.72,0,0,0,0
aten::is_pinned,,,8.17,8.17,0,0,0,0
aten::copy_,,,12.78,23.64,0,2.34003125,0,0
acl_memcpy_host_to_device,,,10.86,10.86,2.34003125,2.34003125,0,0
aten::slice,,,4.96,9.2,0,0,0,0
aten::as_strided,,,4.24,4.24,0,0,0,0
aten::index,,,48.28,76.03,0,10.740187500000001,0,0
empty_tensor,,,6.28,6.28,0,0,0,0
empty_tensor,,,8.78,8.78,0,0,0,0
aclnnIndex,,,12.69,12.69,10.740187500000001,10.740187500000001,0,0
aten::to,,,2.76,53.08,0,1.18003125,0,0
aten::_to_copy,,,6.09,50.32,0,1.18003125,0,0
aten::empty_strided,,,8.71,13.26,0,0,0,0
empty_tensor,,,4.55,4.55,0,0,0,0
aten::copy_,,,17.48,30.97,0,1.18003125,0,0
aclnnInplaceCopy,,,13.49,13.49,1.18003125,1.18003125,0,0
aten::slice,,,7.16,11.7,0,0,0,0
aten::as_strided,,,4.54,4.54,0,0,0,0
aten::add,,,19.54,37.4,0,2.48003125,0,0
empty_tensor,,,6.62,6.62,0,0,0,0
aclnnAdd,,,11.24,11.24,2.48003125,2.48003125,0,0
aten::slice,,,5.52,10.91,0,0,0,0
aten::as_strided,,,5.39,5.39,0,0,0,0
aten::copy_,,,53.29,65.87,0,0.56,0,0
aclnnInplaceCopy,,,12.58,12.58,0.56,0.56,0,0
aten::slice,,,8.97,13.24,0,0,0,0
aten::as_strided,,,4.27,4.27,0,0,0,0
aten::add,,,18.5,38.44,0,1.48003125,0,0
empty_tensor,,,8.56,8.56,0,0,0,0
aclnnAdd,,,11.38,11.38,1.48003125,1.48003125,0,0
aten::slice,,,4.96,9.07,0,0,0,0
aten::as_strided,,,4.11,4.11,0,0,0,0
aten::copy_,,,46.56,62.46,0,0.62,0,0
aclnnInplaceCopy,,,15.9,15.9,0.62,0.62,0,0
aten::slice,,,6.19,10.16,0,0,0,0
aten::as_strided,,,3.97,3.97,0,0,0,0
aten::fill_,,,14.06,25.49,0,1.44003125,0,0
aclnnInplaceFillScalar,,,11.43,11.43,1.44003125,1.44003125,0,0
aten::slice,,,5.66,9.26,0,0,0,0
aten::as_strided,,,3.6,3.6,0,0,0,0
aten::slice,,,3.36,9.37,0,0,0,0
aten::as_strided,,,6.01,6.01,0,0,0,0
_compute_slot_mapping_fused_groups_kernel,,,26.67,26.67,21.7804375,21.7804375,0,0
aten::slice,,,10.0,17.71,0,0,0,0
aten::as_strided,,,7.71,7.71,0,0,0,0
aten::sub,,,25.62,57.1,0,1.60003125,0,0
empty_tensor,,,11.15,11.15,0,0,0,0
aten::item,,,2.08,3.9,0,0,0,0
aten::_local_scalar_dense,,,1.82,1.82,0,0,0,0
aclnnSubs,,,16.43,16.43,1.60003125,1.60003125,0,0
aten::pin_memory,,,7.3,24.35,0,0,0,0
aten::is_pinned,,,17.05,17.05,0,0,0,0
aten::copy_,,,19.59,47.16,0,2.2200625,0,0
acl_memcpy_host_to_device,,,27.57,27.57,2.2200625,2.2200625,0,0
aten::detach,,,4.54,4.54,0,0,0,0
aten::to,,,2.04,2.04,0,0,0,0
aten::resolve_conj,,,0.76,0.76,0,0,0,0
aten::resolve_neg,,,1.17,1.17,0,0,0,0
aten::slice,,,8.07,15.38,0,0,0,0
aten::as_strided,,,7.31,7.31,0,0,0,0
aten::slice,,,2.99,6.29,0,0,0,0
aten::as_strided,,,3.3,3.3,0,0,0,0
aten::slice,,,2.81,5.16,0,0,0,0
aten::as_strided,,,2.35,2.35,0,0,0,0
aten::fill_,,,18.31,38.65,0,0,0,0
aclnnInplaceFillScalar,,,20.34,20.34,0,0,0,0
aten::slice,,,4.34,8.19,0,0,0,0
aten::as_strided,,,3.85,3.85,0,0,0,0
aten::fill_,,,11.82,23.64,0,0,0,0
aclnnInplaceFillScalar,,,11.82,11.82,0,0,0,0
aten::slice,,,4.88,7.21,0,0,0,0
aten::as_strided,,,2.33,2.33,0,0,0,0
aten::slice,,,2.89,5.56,0,0,0,0
aten::as_strided,,,2.67,2.67,0,0,0,0
aten::lt,,,12.83,12.83,0,0,0,0
aten::lift_fresh,,,1.09,1.09,0,0,0,0
aten::slice,,,1.33,2.25,0,0,0,0
aten::as_strided,,,0.92,0.92,0,0,0,0
aten::fill_,,,2.43,8.84,0,0,0,0
aten::copy_,,,6.41,6.41,0,0,0,0
aten::slice,,,3.92,5.78,0,0,0,0
aten::as_strided,,,1.86,1.86,0,0,0,0
aten::slice,,,3.11,7.29,0,0,0,0
aten::as_strided,,,4.18,4.18,0,0,0,0
aten::slice,,,2.87,4.72,0,0,0,0
aten::as_strided,,,1.85,1.85,0,0,0,0
aten::slice,,,3.42,6.25,0,0,0,0
aten::as_strided,,,2.83,2.83,0,0,0,0
aten::slice,,,2.4,3.39,0,0,0,0
aten::as_strided,,,0.99,0.99,0,0,0,0
aten::slice,,,2.26,3.68,0,0,0,0
aten::as_strided,,,1.42,1.42,0,0,0,0
aten::slice,,,2.75,5.7,0,0,0,0
aten::as_strided,,,2.95,2.95,0,0,0,0
aten::slice,,,2.91,5.34,0,0,0,0
aten::as_strided,,,2.43,2.43,0,0,0,0
aten::slice,,,2.63,4.66,0,0,0,0
aten::as_strided,,,2.03,2.03,0,0,0,0
aten::slice,,,5.39,11.07,0,0,0,0
aten::as_strided,,,5.68,5.68,0,0,0,0
aten::slice,,,3.39,7.58,0,0,0,0
aten::as_strided,,,4.19,4.19,0,0,0,0
aten::slice,,,3.03,5.64,0,0,0,0
aten::as_strided,,,2.61,2.61,0,0,0,0
aten::to,,,1.62,1.62,0,0,0,0
aten::slice,,,3.13,6.14,0,0,0,0
aten::as_strided,,,3.01,3.01,0,0,0,0
aten::slice,,,2.7,4.98,0,0,0,0
aten::as_strided,,,2.28,2.28,0,0,0,0
aten::slice,,,2.68,4.07,0,0,0,0
aten::as_strided,,,1.39,1.39,0,0,0,0
aten::slice,,,3.32,7.24,0,0,0,0
aten::as_strided,,,3.92,3.92,0,0,0,0
aten::slice,,,2.43,6.38,0,0,0,0
aten::as_strided,,,3.95,3.95,0,0,0,0
aten::alias,,,5.32,5.32,0,0,0,0
aten::div,,,36.71,57.92,0,6.08009375,0,0
aten::item,,,2.24,4.0,0,0,0,0
aten::_local_scalar_dense,,,1.76,1.76,0,0,0,0
aclnnDivMods,,,17.21,17.21,6.08009375,6.08009375,0,0
aten::slice,,,3.17,8.16,0,0,0,0
aten::as_strided,,,4.99,4.99,0,0,0,0
aten::slice,,,4.46,7.66,0,0,0,0
aten::as_strided,,,3.2,3.2,0,0,0,0
aten::copy_,,,58.21,75.0,0,0.6,0,0
aclnnInplaceCopy,,,16.79,16.79,0.6,0.6,0,0
aten::slice,,,3.16,7.15,0,0,0,0
aten::as_strided,,,3.99,3.99,0,0,0,0
aten::slice,,,4.72,8.19,0,0,0,0
aten::as_strided,,,3.47,3.47,0,0,0,0
aten::ge,,,21.58,45.14,0,4.42009375,0,0
empty_tensor,,,10.47,10.47,0,0,0,0
aclnnGeScalar,,,13.09,13.09,4.42009375,4.42009375,0,0
aten::add,,,21.43,45.35,0,2.10003125,0,0
empty_tensor,,,7.9,7.9,0,0,0,0
aten::item,,,2.33,4.04,0,0,0,0
aten::_local_scalar_dense,,,1.71,1.71,0,0,0,0
aclnnAdds,,,11.98,11.98,2.10003125,2.10003125,0,0
aten::remainder,,,20.94,39.85,0,3.64009375,0,0
empty_tensor,,,7.19,7.19,0,0,0,0
aclnnRemainderTensorScalar,,,11.72,11.72,3.64009375,3.64009375,0,0
aten::eq,,,12.49,28.99,0,2.4800625,0,0
empty_tensor,,,6.49,6.49,0,0,0,0
aclnnEqScalar,,,10.01,10.01,2.4800625,2.4800625,0,0
aten::__and__,,,2.59,35.59,0,1.5,0,0
aten::bitwise_and,,,17.15,33.0,0,1.5,0,0
empty_tensor,,,6.05,6.05,0,0,0,0
aclnnBitwiseAndTensor,,,9.8,9.8,1.5,1.5,0,0
aten::clamp_min,,,12.3,26.37,0,1.64003125,0,0
empty_tensor,,,5.87,5.87,0,0,0,0
aclnnClampMin,,,8.2,8.2,1.64003125,1.64003125,0,0
aten::div,,,21.96,42.77,0,5.040125,0,0
empty_tensor,,,6.39,6.39,0,0,0,0
aten::item,,,2.2,3.71,0,0,0,0
aten::_local_scalar_dense,,,1.51,1.51,0,0,0,0
aclnnDivMods,,,10.71,10.71,5.040125,5.040125,0,0
aten::remainder,,,19.71,37.9,0,4.64009375,0,0
empty_tensor,,,6.95,6.95,0,0,0,0
aclnnRemainderTensorScalar,,,11.24,11.24,4.64009375,4.64009375,0,0
aten::mul,,,17.47,37.45,0,1.50003125,0,0
empty_tensor,,,6.59,6.59,0,0,0,0
aten::item,,,1.78,3.23,0,0,0,0
aten::_local_scalar_dense,,,1.45,1.45,0,0,0,0
aclnnMuls,,,10.16,10.16,1.50003125,1.50003125,0,0
aten::div,,,19.81,38.66,0,4.78009375,0,0
empty_tensor,,,6.46,6.46,0,0,0,0
aten::item,,,1.35,2.38,0,0,0,0
aten::_local_scalar_dense,,,1.03,1.03,0,0,0,0
aclnnDivMods,,,10.01,10.01,4.78009375,4.78009375,0,0
aten::add,,,15.65,30.63,0,1.26003125,0,0
empty_tensor,,,5.72,5.72,0,0,0,0
aclnnAdd,,,9.26,9.26,1.26003125,1.26003125,0,0
aten::full_like,,,4.53,42.27,0,1.38003125,0,0
aten::empty_like,,,5.83,17.18,0,0,0,0
aten::empty_strided,,,7.4,11.35,0,0,0,0
empty_tensor,,,3.95,3.95,0,0,0,0
aten::fill_,,,10.22,20.56,0,1.38003125,0,0
aclnnInplaceFillScalar,,,10.34,10.34,1.38003125,1.38003125,0,0
aten::where,,,12.75,28.66,0,1.8600625,0,0
empty_tensor,,,7.15,7.15,0,0,0,0
aclnnSWhere,,,8.76,8.76,1.8600625,1.8600625,0,0
aten::copy_,,,14.44,23.12,0,1.16,0,0
aclnnInplaceCopy,,,8.68,8.68,1.16,1.16,0,0
aten::slice,,,3.77,8.48,0,0,0,0
aten::as_strided,,,4.71,4.71,0,0,0,0
aten::slice,,,6.22,9.21,0,0,0,0
aten::as_strided,,,2.99,2.99,0,0,0,0
aten::div,,,23.2,38.64,0,4.38009375,0,0
aten::item,,,1.84,3.57,0,0,0,0
aten::_local_scalar_dense,,,1.73,1.73,0,0,0,0
aclnnDivMods,,,11.87,11.87,4.38009375,4.38009375,0,0
aten::slice,,,2.77,6.82,0,0,0,0
aten::as_strided,,,4.05,4.05,0,0,0,0
aten::slice,,,4.34,7.56,0,0,0,0
aten::as_strided,,,3.22,3.22,0,0,0,0
aten::slice,,,2.75,5.36,0,0,0,0
aten::as_strided,,,2.61,2.61,0,0,0,0
aten::copy_,,,55.99,69.71,0,0.62003125,0,0
aclnnInplaceCopy,,,13.72,13.72,0.62003125,0.62003125,0,0
aten::slice,,,3.32,7.22,0,0,0,0
aten::as_strided,,,3.9,3.9,0,0,0,0
aten::slice,,,4.58,7.22,0,0,0,0
aten::as_strided,,,2.64,2.64,0,0,0,0
aten::copy_,,,46.76,60.09,0,0.62,0,0
aclnnInplaceCopy,,,13.33,13.33,0.62,0.62,0,0
aten::slice,,,6.08,8.82,0,0,0,0
aten::as_strided,,,2.74,2.74,0,0,0,0
aten::div,,,12.64,29.72,0,0,0,0
aten::to,,,2.11,17.08,0,0,0,0
aten::_to_copy,,,4.83,14.97,0,0,0,0
aten::empty_strided,,,3.08,3.08,0,0,0,0
aten::copy_,,,7.06,7.06,0,0,0,0
aten::slice,,,4.44,9.49,0,0,0,0
aten::as_strided,,,5.05,5.05,0,0,0,0
aten::slice,,,6.22,11.55,0,0,0,0
aten::as_strided,,,5.33,5.33,0,0,0,0
aten::slice,,,3.15,6.04,0,0,0,0
aten::as_strided,,,2.89,2.89,0,0,0,0
aten::slice,,,2.53,5.09,0,0,0,0
aten::as_strided,,,2.56,2.56,0,0,0,0
aten::fill_,,,17.66,33.11,0,0,0,0
aclnnInplaceFillScalar,,,15.45,15.45,0,0,0,0
aten::slice,,,5.51,9.24,0,0,0,0
aten::as_strided,,,3.73,3.73,0,0,0,0
aten::fill_,,,11.66,23.9,0,0,0,0
aclnnInplaceFillScalar,,,12.24,12.24,0,0,0,0
aten::slice,,,5.12,9.33,0,0,0,0
aten::as_strided,,,4.21,4.21,0,0,0,0
aten::slice,,,2.89,5.39,0,0,0,0
aten::as_strided,,,2.5,2.5,0,0,0,0
aten::slice,,,5.56,7.97,0,0,0,0
aten::as_strided,,,2.41,2.41,0,0,0,0
aten::slice,,,2.67,6.21,0,0,0,0
aten::as_strided,,,3.54,3.54,0,0,0,0
aten::slice,,,2.96,5.23,0,0,0,0
aten::as_strided,,,2.27,2.27,0,0,0,0
aten::slice,,,2.63,5.07,0,0,0,0
aten::as_strided,,,2.44,2.44,0,0,0,0
aten::slice,,,2.3,4.41,0,0,0,0
aten::as_strided,,,2.11,2.11,0,0,0,0
aten::fill_,,,13.95,28.02,0,0,0,0
aclnnInplaceFillScalar,,,14.07,14.07,0,0,0,0
aten::slice,,,4.24,7.95,0,0,0,0
aten::as_strided,,,3.71,3.71,0,0,0,0
aten::fill_,,,10.32,19.85,0,0,0,0
aclnnInplaceFillScalar,,,9.53,9.53,0,0,0,0
aten::diff,,,7.2,34.48,0,0,0,0
aten::narrow,,,6.14,10.54,0,0,0,0
aten::slice,,,2.28,4.4,0,0,0,0
aten::as_strided,,,2.12,2.12,0,0,0,0
aten::narrow,,,2.04,4.18,0,0,0,0
aten::slice,,,1.04,2.14,0,0,0,0
aten::as_strided,,,1.1,1.1,0,0,0,0
aten::sub,,,12.56,12.56,0,0,0,0
aten::eq,,,13.13,28.04,0,0,0,0
aten::to,,,1.89,14.91,0,0,0,0
aten::_to_copy,,,4.82,13.02,0,0,0,0
aten::empty_strided,,,2.74,2.74,0,0,0,0
aten::copy_,,,5.46,5.46,0,0,0,0
aten::__and__,,,1.93,6.65,0,0,0,0
aten::bitwise_and,,,4.72,4.72,0,0,0,0
aten::gt,,,7.91,16.1,0,0,0,0
aten::to,,,0.95,8.19,0,0,0,0
aten::_to_copy,,,2.65,7.24,0,0,0,0
aten::empty_strided,,,1.71,1.71,0,0,0,0
aten::copy_,,,2.88,2.88,0,0,0,0
aten::__and__,,,1.51,4.61,0,0,0,0
aten::bitwise_and,,,3.1,3.1,0,0,0,0
aten::any,,,6.33,14.23,0,0,0,0
aten::view_as,,,2.19,4.03,0,0,0,0
aten::view,,,1.84,1.84,0,0,0,0
aten::to,,,0.55,0.55,0,0,0,0
aten::copy_,,,3.32,3.32,0,0,0,0
aten::item,,,2.02,3.37,0,0,0,0
aten::_local_scalar_dense,,,1.35,1.35,0,0,0,0
aten::slice,,,4.58,6.22,0,0,0,0
aten::as_strided,,,1.64,1.64,0,0,0,0
aten::slice,,,2.24,3.11,0,0,0,0
aten::as_strided,,,0.87,0.87,0,0,0,0
aten::sub,,,4.99,4.99,0,0,0,0
aten::select,,,3.2,4.26,0,0,0,0
aten::as_strided,,,1.06,1.06,0,0,0,0
aten::item,,,1.1,2.25,0,0,0,0
aten::_local_scalar_dense,,,1.15,1.15,0,0,0,0
aten::gt,,,7.91,16.56,0,0,0,0
aten::to,,,1.23,8.65,0,0,0,0
aten::_to_copy,,,2.65,7.42,0,0,0,0
aten::empty_strided,,,1.87,1.87,0,0,0,0
aten::copy_,,,2.9,2.9,0,0,0,0
aten::__ior__,,,2.0,20.18,0,0,0,0
aten::bitwise_or_,,,18.18,18.18,0,0,0,0
aten::any,,,5.55,11.87,0,0,0,0
aten::view_as,,,1.36,2.7,0,0,0,0
aten::view,,,1.34,1.34,0,0,0,0
aten::to,,,0.46,0.46,0,0,0,0
aten::copy_,,,3.16,3.16,0,0,0,0
aten::is_nonzero,,,1.42,4.08,0,0,0,0
aten::item,,,1.35,2.66,0,0,0,0
aten::_local_scalar_dense,,,1.31,1.31,0,0,0,0
aten::select,,,4.79,10.69,0,0,0,0
aten::as_strided,,,5.9,5.9,0,0,0,0
aten::slice,,,4.48,8.56,0,0,0,0
aten::as_strided,,,4.08,4.08,0,0,0,0
aten::slice,,,2.61,4.9,0,0,0,0
aten::as_strided,,,2.29,2.29,0,0,0,0
aten::slice,,,2.51,4.81,0,0,0,0
aten::as_strided,,,2.3,2.3,0,0,0,0
aten::copy_,,,61.6,79.02,0,0.72003125,0,0
aclnnInplaceCopy,,,17.42,17.42,0.72003125,0.72003125,0,0
aten::slice,,,6.17,10.28,0,0,0,0
aten::as_strided,,,4.11,4.11,0,0,0,0
aten::fill_,,,14.61,26.49,0,0,0,0
aclnnInplaceFillScalar,,,11.88,11.88,0,0,0,0
aten::slice,,,5.56,9.44,0,0,0,0
aten::as_strided,,,3.88,3.88,0,0,0,0
aten::slice,,,2.64,5.18,0,0,0,0
aten::as_strided,,,2.54,2.54,0,0,0,0
aten::slice,,,2.42,4.87,0,0,0,0
aten::as_strided,,,2.45,2.45,0,0,0,0
aten::copy_,,,51.77,65.31,0,0.64,0,0
aclnnInplaceCopy,,,13.54,13.54,0.64,0.64,0,0
aten::slice,,,5.69,9.4,0,0,0,0
aten::as_strided,,,3.71,3.71,0,0,0,0
aten::slice,,,3.43,7.16,0,0,0,0
aten::as_strided,,,3.73,3.73,0,0,0,0
aten::slice,,,3.33,6.38,0,0,0,0
aten::as_strided,,,3.05,3.05,0,0,0,0
aten::slice,,,2.24,4.54,0,0,0,0
aten::as_strided,,,2.3,2.3,0,0,0,0
aten::slice,,,2.58,4.91,0,0,0,0
aten::as_strided,,,2.33,2.33,0,0,0,0
aten::copy_,,,47.73,62.14,0,0.66003125,0,0
aclnnInplaceCopy,,,14.41,14.41,0.66003125,0.66003125,0,0
aten::slice,,,5.9,9.76,0,0,0,0
aten::as_strided,,,3.86,3.86,0,0,0,0
aten::slice,,,2.76,5.61,0,0,0,0
aten::as_strided,,,2.85,2.85,0,0,0,0
aten::slice,,,2.43,4.66,0,0,0,0
aten::as_strided,,,2.23,2.23,0,0,0,0
aten::sub,,,50.96,62.64,0,1.42003125,0,0
aclnnSub,,,11.68,11.68,1.42003125,1.42003125,0,0
aten::slice,,,8.27,11.19,0,0,0,0
aten::as_strided,,,2.92,2.92,0,0,0,0
aten::slice,,,2.89,7.6,0,0,0,0
aten::as_strided,,,4.71,4.71,0,0,0,0
aten::slice,,,3.07,5.62,0,0,0,0
aten::as_strided,,,2.55,2.55,0,0,0,0
aten::slice,,,2.57,4.96,0,0,0,0
aten::as_strided,,,2.39,2.39,0,0,0,0
aten::slice,,,2.4,4.61,0,0,0,0
aten::as_strided,,,2.21,2.21,0,0,0,0
aten::fill_,,,15.19,29.32,0,0,0,0
aclnnInplaceFillScalar,,,14.13,14.13,0,0,0,0
aten::slice,,,4.07,8.08,0,0,0,0
aten::as_strided,,,4.01,4.01,0,0,0,0
aten::fill_,,,12.04,23.09,0,0,0,0
aclnnInplaceFillScalar,,,11.05,11.05,0,0,0,0
aten::diff,,,6.94,33.74,0,0,0,0
aten::narrow,,,5.85,11.08,0,0,0,0
aten::slice,,,2.85,5.23,0,0,0,0
aten::as_strided,,,2.38,2.38,0,0,0,0
aten::narrow,,,1.95,3.84,0,0,0,0
aten::slice,,,1.0,1.89,0,0,0,0
aten::as_strided,,,0.89,0.89,0,0,0,0
aten::sub,,,11.88,11.88,0,0,0,0
aten::eq,,,11.95,26.98,0,0,0,0
aten::to,,,1.88,15.03,0,0,0,0
aten::_to_copy,,,4.64,13.15,0,0,0,0
aten::empty_strided,,,2.93,2.93,0,0,0,0
aten::copy_,,,5.58,5.58,0,0,0,0
aten::__and__,,,1.82,6.19,0,0,0,0
aten::bitwise_and,,,4.37,4.37,0,0,0,0
aten::gt,,,7.39,15.49,0,0,0,0
aten::to,,,0.98,8.1,0,0,0,0
aten::_to_copy,,,2.44,7.12,0,0,0,0
aten::empty_strided,,,2.14,2.14,0,0,0,0
aten::copy_,,,2.54,2.54,0,0,0,0
aten::__and__,,,1.05,4.09,0,0,0,0
aten::bitwise_and,,,3.04,3.04,0,0,0,0
aten::any,,,5.9,12.58,0,0,0,0
aten::view_as,,,1.75,3.62,0,0,0,0
aten::view,,,1.87,1.87,0,0,0,0
aten::to,,,0.39,0.39,0,0,0,0
aten::copy_,,,2.67,2.67,0,0,0,0
aten::item,,,1.77,3.11,0,0,0,0
aten::_local_scalar_dense,,,1.34,1.34,0,0,0,0
aten::slice,,,4.6,6.36,0,0,0,0
aten::as_strided,,,1.76,1.76,0,0,0,0
aten::slice,,,2.66,3.77,0,0,0,0
aten::as_strided,,,1.11,1.11,0,0,0,0
aten::sub,,,5.38,5.38,0,0,0,0
aten::select,,,3.32,4.7,0,0,0,0
aten::as_strided,,,1.38,1.38,0,0,0,0
aten::item,,,1.29,2.24,0,0,0,0
aten::_local_scalar_dense,,,0.95,0.95,0,0,0,0
aten::gt,,,9.39,22.46,0,0,0,0
aten::to,,,1.55,13.07,0,0,0,0
aten::_to_copy,,,2.99,11.52,0,0,0,0
aten::empty_strided,,,4.85,4.85,0,0,0,0
aten::copy_,,,3.68,3.68,0,0,0,0
aten::__ior__,,,1.84,5.97,0,0,0,0
aten::bitwise_or_,,,4.13,4.13,0,0,0,0
aten::any,,,4.8,10.61,0,0,0,0
aten::view_as,,,1.33,2.84,0,0,0,0
aten::view,,,1.51,1.51,0,0,0,0
aten::to,,,0.43,0.43,0,0,0,0
aten::copy_,,,2.54,2.54,0,0,0,0
aten::is_nonzero,,,1.32,15.01,0,0,0,0
aten::item,,,3.57,13.69,0,0,0,0
aten::_local_scalar_dense,,,10.12,10.12,0,0,0,0
aten::select,,,5.13,10.94,0,0,0,0
aten::as_strided,,,5.81,5.81,0,0,0,0
aten::slice,,,4.82,8.68,0,0,0,0
aten::as_strided,,,3.86,3.86,0,0,0,0
aten::slice,,,3.72,21.57,0,0,0,0
aten::as_strided,,,17.85,17.85,0,0,0,0
aten::slice,,,3.57,7.9,0,0,0,0
aten::as_strided,,,4.33,4.33,0,0,0,0
aten::copy_,,,78.51,96.36,0,0.6,0,0
aclnnInplaceCopy,,,17.85,17.85,0.6,0.6,0,0
aten::slice,,,6.9,20.23,0,0,0,0
aten::as_strided,,,13.33,13.33,0,0,0,0
aten::fill_,,,15.07,34.18,0,0,0,0
aclnnInplaceFillScalar,,,19.11,19.11,0,0,0,0
aten::slice,,,7.07,18.59,0,0,0,0
aten::as_strided,,,11.52,11.52,0,0,0,0
aten::slice,,,3.32,6.47,0,0,0,0
aten::as_strided,,,3.15,3.15,0,0,0,0
aten::slice,,,3.03,7.0,0,0,0,0
aten::as_strided,,,3.97,3.97,0,0,0,0
aten::copy_,,,57.16,72.37,0,0.7,0,0
aclnnInplaceCopy,,,15.21,15.21,0.7,0.7,0,0
aten::slice,,,7.4,11.33,0,0,0,0
aten::as_strided,,,3.93,3.93,0,0,0,0
aten::slice,,,3.36,6.56,0,0,0,0
aten::as_strided,,,3.2,3.2,0,0,0,0
aten::slice,,,3.02,6.1,0,0,0,0
aten::as_strided,,,3.08,3.08,0,0,0,0
aten::slice,,,2.26,4.67,0,0,0,0
aten::as_strided,,,2.41,2.41,0,0,0,0
aten::slice,,,2.75,5.61,0,0,0,0
aten::as_strided,,,2.86,2.86,0,0,0,0
aten::copy_,,,49.49,63.36,0,0.64003125,0,0
aclnnInplaceCopy,,,13.87,13.87,0.64003125,0.64003125,0,0
aten::slice,,,5.71,9.59,0,0,0,0
aten::as_strided,,,3.88,3.88,0,0,0,0
aten::slice,,,2.67,4.8,0,0,0,0
aten::as_strided,,,2.13,2.13,0,0,0,0
aten::slice,,,2.81,5.0,0,0,0,0
aten::as_strided,,,2.19,2.19,0,0,0,0
aten::sub,,,17.64,30.28,0,1.46003125,0,0
aclnnSub,,,12.64,12.64,1.46003125,1.46003125,0,0
aten::slice,,,6.85,9.41,0,0,0,0
aten::as_strided,,,2.56,2.56,0,0,0,0
aten::slice,,,2.84,6.86,0,0,0,0
aten::as_strided,,,4.02,4.02,0,0,0,0
aten::slice,,,3.06,6.05,0,0,0,0
aten::as_strided,,,2.99,2.99,0,0,0,0
aten::slice,,,2.23,4.57,0,0,0,0
aten::as_strided,,,2.34,2.34,0,0,0,0
aten::slice,,,2.02,4.06,0,0,0,0
aten::as_strided,,,2.04,2.04,0,0,0,0
aten::fill_,,,14.71,29.83,0,0,0,0
aclnnInplaceFillScalar,,,15.12,15.12,0,0,0,0
aten::slice,,,5.45,9.23,0,0,0,0
aten::as_strided,,,3.78,3.78,0,0,0,0
aten::fill_,,,12.94,25.58,0,0,0,0
aclnnInplaceFillScalar,,,12.64,12.64,0,0,0,0
aten::diff,,,6.5,31.99,0,0,0,0
aten::narrow,,,5.49,9.9,0,0,0,0
aten::slice,,,2.31,4.41,0,0,0,0
aten::as_strided,,,2.1,2.1,0,0,0,0
aten::narrow,,,2.62,4.25,0,0,0,0
aten::slice,,,0.91,1.63,0,0,0,0
aten::as_strided,,,0.72,0.72,0,0,0,0
aten::sub,,,11.34,11.34,0,0,0,0
aten::eq,,,11.62,26.35,0,0,0,0
aten::to,,,1.59,14.73,0,0,0,0
aten::_to_copy,,,4.37,13.14,0,0,0,0
aten::empty_strided,,,2.96,2.96,0,0,0,0
aten::copy_,,,5.81,5.81,0,0,0,0
aten::__and__,,,1.85,6.13,0,0,0,0
aten::bitwise_and,,,4.28,4.28,0,0,0,0
aten::gt,,,7.13,15.42,0,0,0,0
aten::to,,,0.87,8.29,0,0,0,0
aten::_to_copy,,,2.54,7.42,0,0,0,0
aten::empty_strided,,,2.31,2.31,0,0,0,0
aten::copy_,,,2.57,2.57,0,0,0,0
aten::__and__,,,1.43,4.45,0,0,0,0
aten::bitwise_and,,,3.02,3.02,0,0,0,0
aten::any,,,5.68,13.0,0,0,0,0
aten::view_as,,,2.03,4.09,0,0,0,0
aten::view,,,2.06,2.06,0,0,0,0
aten::to,,,0.61,0.61,0,0,0,0
aten::copy_,,,2.62,2.62,0,0,0,0
aten::item,,,2.01,3.41,0,0,0,0
aten::_local_scalar_dense,,,1.4,1.4,0,0,0,0
aten::slice,,,5.11,6.9,0,0,0,0
aten::as_strided,,,1.79,1.79,0,0,0,0
aten::slice,,,2.45,3.25,0,0,0,0
aten::as_strided,,,0.8,0.8,0,0,0,0
aten::sub,,,5.15,5.15,0,0,0,0
aten::select,,,3.02,4.38,0,0,0,0
aten::as_strided,,,1.36,1.36,0,0,0,0
aten::item,,,1.25,2.31,0,0,0,0
aten::_local_scalar_dense,,,1.06,1.06,0,0,0,0
aten::gt,,,7.12,16.09,0,0,0,0
aten::to,,,1.2,8.97,0,0,0,0
aten::_to_copy,,,2.87,7.77,0,0,0,0
aten::empty_strided,,,1.82,1.82,0,0,0,0
aten::copy_,,,3.08,3.08,0,0,0,0
aten::__ior__,,,2.13,5.91,0,0,0,0
aten::bitwise_or_,,,3.78,3.78,0,0,0,0
aten::any,,,4.78,11.05,0,0,0,0
aten::view_as,,,1.64,3.2,0,0,0,0
aten::view,,,1.56,1.56,0,0,0,0
aten::to,,,0.45,0.45,0,0,0,0
aten::copy_,,,2.62,2.62,0,0,0,0
aten::is_nonzero,,,1.35,3.39,0,0,0,0
aten::item,,,1.16,2.04,0,0,0,0
aten::_local_scalar_dense,,,0.88,0.88,0,0,0,0
aten::select,,,4.66,11.02,0,0,0,0
aten::as_strided,,,6.36,6.36,0,0,0,0
aten::slice,,,5.02,8.88,0,0,0,0
aten::as_strided,,,3.86,3.86,0,0,0,0
aten::slice,,,2.65,4.82,0,0,0,0
aten::as_strided,,,2.17,2.17,0,0,0,0
aten::slice,,,2.45,4.78,0,0,0,0
aten::as_strided,,,2.33,2.33,0,0,0,0
aten::copy_,,,60.32,79.29,0,0.62,0,0
aclnnInplaceCopy,,,18.97,18.97,0.62,0.62,0,0
aten::slice,,,6.05,10.07,0,0,0,0
aten::as_strided,,,4.02,4.02,0,0,0,0
aten::fill_,,,14.49,26.88,0,0,0,0
aclnnInplaceFillScalar,,,12.39,12.39,0,0,0,0
aten::slice,,,5.87,10.28,0,0,0,0
aten::as_strided,,,4.41,4.41,0,0,0,0
aten::slice,,,3.26,6.18,0,0,0,0
aten::as_strided,,,2.92,2.92,0,0,0,0
aten::slice,,,2.56,5.17,0,0,0,0
aten::as_strided,,,2.61,2.61,0,0,0,0
aten::copy_,,,50.51,65.48,0,0.62,0,0
aclnnInplaceCopy,,,14.97,14.97,0.62,0.62,0,0
aten::slice,,,6.07,9.98,0,0,0,0
aten::as_strided,,,3.91,3.91,0,0,0,0
aten::slice,,,3.52,6.93,0,0,0,0
aten::as_strided,,,3.41,3.41,0,0,0,0
aten::slice,,,3.16,6.15,0,0,0,0
aten::as_strided,,,2.99,2.99,0,0,0,0
aten::slice,,,2.64,5.05,0,0,0,0
aten::as_strided,,,2.41,2.41,0,0,0,0
aten::slice,,,2.38,4.93,0,0,0,0
aten::as_strided,,,2.55,2.55,0,0,0,0
aten::copy_,,,46.72,60.09,0,0.6,0,0
aclnnInplaceCopy,,,13.37,13.37,0.6,0.6,0,0
aten::slice,,,6.13,10.01,0,0,0,0
aten::as_strided,,,3.88,3.88,0,0,0,0
aten::slice,,,2.83,5.45,0,0,0,0
aten::as_strided,,,2.62,2.62,0,0,0,0
aten::slice,,,2.74,5.09,0,0,0,0
aten::as_strided,,,2.35,2.35,0,0,0,0
aten::sub,,,16.78,29.01,0,1.44003125,0,0
aclnnSub,,,12.23,12.23,1.44003125,1.44003125,0,0
Event::record,,,164.97,187.72,0,0.02,0,0
record_event,,,22.75,22.75,0.02,0.02,0,0
aten::slice,,,9.25,16.56,0,0,0,0
aten::as_strided,,,7.31,7.31,0,0,0,0
aten::slice,,,3.9,6.98,0,0,0,0
aten::as_strided,,,3.08,3.08,0,0,0,0
aten::slice,,,7.06,13.49,0,0,0,0
aten::as_strided,,,6.43,6.43,0,0,0,0
aten::scalar_tensor,,,6.28,56.42,0,1.40003125,0,0
aten::empty,,,3.29,15.21,0,0,0,0
empty_tensor,,,11.92,11.92,0,0,0,0
aten::fill_,,,16.84,34.93,0,1.40003125,0,0
aclnnInplaceFillScalar,,,18.09,18.09,1.40003125,1.40003125,0,0
aten::view,,,4.83,4.83,0,0,0,0
aten::expand,,,2.98,5.34,0,0,0,0
aten::as_strided,,,2.36,2.36,0,0,0,0
aten::copy_,,,52.98,67.97,0,0.6,0,0
aclnnInplaceCopy,,,14.99,14.99,0.6,0.6,0,0
aten::scalar_tensor,,,5.21,42.5,0,1.36003125,0,0
aten::empty,,,2.6,11.49,0,0,0,0
empty_tensor,,,8.89,8.89,0,0,0,0
aten::fill_,,,11.33,25.8,0,1.36003125,0,0
aclnnInplaceFillScalar,,,14.47,14.47,1.36003125,1.36003125,0,0
aten::slice,,,7.43,13.05,0,0,0,0
aten::as_strided,,,5.62,5.62,0,0,0,0
aten::view,,,2.73,2.73,0,0,0,0
aten::expand,,,1.83,3.78,0,0,0,0
aten::as_strided,,,1.95,1.95,0,0,0,0
aten::copy_,,,2.12,2.12,0,0,0,0
aten::index,,,50.75,84.54,0,11.06021875,0,0
empty_tensor,,,7.82,7.82,0,0,0,0
empty_tensor,,,9.82,9.82,0,0,0,0
aclnnIndex,,,16.15,16.15,11.06021875,11.06021875,0,0
aten::linear,,,6.09,70.5,0,891.6178125,0,891.6178125
aten::t,,,6.08,16.3,0,0,0,0
aten::transpose,,,3.86,10.22,0,0,0,0
aten::as_strided,,,6.36,6.36,0,0,0,0
aten::matmul,,,21.48,48.11,0,891.6178125,0,891.6178125
empty_tensor,,,9.48,9.48,0,0,0,0
aclnnMatmul,,,17.15,17.15,891.6178125,891.6178125,891.6178125,891.6178125
aten::alias,,,3.18,3.18,0,0,0,0
aten::log_softmax,,,10.15,122.21,0,51.42103125,0,0
aten::to,,,3.9,71.52,0,7.46015625,0,0
aten::_to_copy,,,7.26,67.62,0,7.46015625,0,0
aten::empty_strided,,,11.65,18.95,0,0,0,0
empty_tensor,,,7.3,7.3,0,0,0,0
aten::copy_,,,20.99,41.41,0,7.46015625,0,0
aclnnInplaceCopy,,,20.42,20.42,7.46015625,7.46015625,0,0
aten::_log_softmax,,,19.52,40.54,0,43.960875,0,0
empty_tensor,,,7.06,7.06,0,0,0,0
aclnnLogSoftmax,,,13.96,13.96,43.960875,43.960875,0,0
aten::to,,,2.46,61.89,0,2.5200625,0,0
aten::_to_copy,,,6.05,59.43,0,2.5200625,0,0
aten::empty_strided,,,7.85,12.78,0,0,0,0
empty_tensor,,,4.93,4.93,0,0,0,0
aten::copy_,,,28.58,40.6,0,2.5200625,0,0
aclnnInplaceCopy,,,12.02,12.02,2.5200625,2.5200625,0,0
aten::argmax,,,8.15,65.0,0,20.72040625,0,0
aten::empty,,,2.71,10.86,0,0,0,0
empty_tensor,,,8.15,8.15,0,0,0,0
aten::argmax,,,24.39,45.99,0,20.72040625,0,0
aten::reshape,,,1.84,7.32,0,0,0,0
aten::view,,,5.48,5.48,0,0,0,0
aclnnArgMax,,,14.28,14.28,20.72040625,20.72040625,0,0
aten::view,,,4.06,4.06,0,0,0,0
aten::to,,,1.95,1.95,0,0,0,0
aten::topk,,,20.95,46.88,0,33.62065625,0,0
empty_tensor,,,7.77,7.77,0,0,0,0
empty_tensor,,,5.4,5.4,0,0,0,0
aclnnTopk,,,12.76,12.76,33.62065625,33.62065625,0,0
aten::unsqueeze,,,3.92,8.56,0,0,0,0
aten::as_strided,,,4.64,4.64,0,0,0,0
aten::gather,,,21.71,39.09,0,5.26009375,0,0
empty_tensor,,,6.45,6.45,0,0,0,0
aclnnGather,,,10.93,10.93,5.26009375,5.26009375,0,0
TorchDynamo Cache Lookup,,,38.52,38.52,0,0,0,0
Torch-Compiled Region: 0/0,,,109.72,202.5,0,36.82071875,0,0
aten::_assert_scalar,,,2.99,2.99,0,0,0,0
aten::_assert_scalar,,,1.26,1.26,0,0,0,0
aten::_assert_scalar,,,0.93,0.93,0,0,0,0
aten::ge,,,18.46,46.65,0,7.86015625,0,0
empty_tensor,,,12.02,12.02,0,0,0,0
aclnnGeTensor,,,16.17,16.17,7.86015625,7.86015625,0,0
aten::sum,,,20.69,40.95,0,28.960562499999998,0,0
empty_tensor,,,8.63,8.63,0,0,0,0
aclnnReduceSum,,,11.63,11.63,28.960562499999998,28.960562499999998,0,0
aten::cat,,,18.84,39.11,0,2.6400625,0,0
empty_tensor,,,8.45,8.45,0,0,0,0
aclnnCat,,,11.82,11.82,2.6400625,2.6400625,0,0
aten::cat,,,12.92,29.2,0,1.88003125,0,0
empty_tensor,,,6.67,6.67,0,0,0,0
aclnnCat,,,9.61,9.61,1.88003125,1.88003125,0,0
aten::to,,,2.49,44.22,0,1.36003125,0,0
aten::_to_copy,,,5.65,41.73,0,1.36003125,0,0
aten::empty_strided,,,7.3,11.87,0,0,0,0
empty_tensor,,,4.57,4.57,0,0,0,0
aten::copy_,,,14.16,24.21,0,1.36003125,0,0
aclnnInplaceCopy,,,10.05,10.05,1.36003125,1.36003125,0,0
aten::to,,,2.24,43.81,0,1.42003125,0,0
aten::_to_copy,,,5.09,41.57,0,1.42003125,0,0
aten::empty_strided,,,6.76,11.22,0,0,0,0
empty_tensor,,,4.46,4.46,0,0,0,0
aten::copy_,,,14.14,25.26,0,1.42003125,0,0
aclnnInplaceCopy,,,11.12,11.12,1.42003125,1.42003125,0,0
aten::unsqueeze,,,3.54,8.66,0,0,0,0
aten::as_strided,,,5.12,5.12,0,0,0,0
Event::record,,,150.27,168.58,0,0.02,0,0
record_event,,,18.31,18.31,0.02,0.02,0,0
aten::slice,,,5.22,13.68,0,0,0,0
aten::as_strided,,,8.46,8.46,0,0,0,0
Event::wait,,,76.18,97.61,0,2144.90284375,0,0
wait_event,,,21.43,21.43,2144.90284375,2144.90284375,0,0
Event::record,,,88.01,107.46,0,0.02,0,0
record_event,,,19.45,19.45,0.02,0.02,0,0
Event::wait,,,63.3,79.91,0,1762.87521875,0,0
wait_event,,,16.61,16.61,1762.87521875,1762.87521875,0,0
destroy_event,,,11.14,11.14,0,0,0,0
aten::to,,,4.57,67.93,0,1.88003125,0,0
aten::_to_copy,,,7.09,63.36,0,1.88003125,0,0
aten::empty_strided,,,24.77,24.77,0,0,0,0
aten::copy_,,,19.25,31.5,0,1.88003125,0,0
acl_memcpy_device_to_host,,,12.25,12.25,1.88003125,1.88003125,0,0
aten::to,,,2.87,38.08,0,1.8800625,0,0
aten::_to_copy,,,5.01,35.21,0,1.8800625,0,0
aten::empty_strided,,,3.98,3.98,0,0,0,0
aten::copy_,,,14.21,26.22,0,1.8800625,0,0
acl_memcpy_device_to_host,,,12.01,12.01,1.8800625,1.8800625,0,0
aten::to,,,2.38,32.7,0,1.88003125,0,0
aten::_to_copy,,,4.14,30.32,0,1.88003125,0,0
aten::empty_strided,,,2.98,2.98,0,0,0,0
aten::copy_,,,12.24,23.2,0,1.88003125,0,0
acl_memcpy_device_to_host,,,10.96,10.96,1.88003125,1.88003125,0,0
aten::to,,,2.42,32.16,0,2.02003125,0,0
aten::_to_copy,,,4.17,29.74,0,2.02003125,0,0
aten::empty_strided,,,3.38,3.38,0,0,0,0
aten::copy_,,,11.75,22.19,0,2.02003125,0,0
acl_memcpy_device_to_host,,,10.44,10.44,2.02003125,2.02003125,0,0
Event::record,,,158.82,177.09,0,0.02,0,0
record_event,,,18.27,18.27,0.02,0.02,0,0
Event::synchronize,,,84.4,84.4,0,0,0,0
aten::resolve_conj,,,1.58,1.58,0,0,0,0
aten::resolve_neg,,,0.89,0.89,0,0,0,0
aten::to,,,3.2,3.2,0,0,0,0
aten::detach,,,4.88,4.88,0,0,0,0
aten::to,,,0.64,0.64,0,0,0,0
aten::resolve_conj,,,0.57,0.57,0,0,0,0
aten::resolve_neg,,,0.37,0.37,0,0,0,0
aten::to,,,1.14,1.14,0,0,0,0
aten::detach,,,19.22,19.22,0,0,0,0
aten::to,,,1.0,1.0,0,0,0,0
aten::resolve_conj,,,0.41,0.41,0,0,0,0
aten::resolve_neg,,,5.39,5.39,0,0,0,0
aten::to,,,1.33,1.33,0,0,0,0
aten::detach,,,1.31,1.31,0,0,0,0
aten::to,,,0.47,0.47,0,0,0,0
aten::resolve_conj,,,0.32,0.32,0,0,0,0
aten::resolve_neg,,,0.23,0.23,0,0,0,0
destroy_event,,,20.76,20.76,0,0,0,0
record_event,,,6.32,6.32,0.0,0.0,0,0
Event::synchronize,,,142.39,142.39,0,0,0,0
aten::slice,,,12.64,16.61,0,0,0,0
aten::as_strided,,,3.97,3.97,0,0,0,0
aten::slice,,,3.39,10.06,0,0,0,0
aten::as_strided,,,6.67,6.67,0,0,0,0
aten::pin_memory,,,87.51,102.94,0,0,0,0
aten::is_pinned,,,15.43,15.43,0,0,0,0
aten::copy_,,,19.62,35.98,0,2.3800625,0,0
acl_memcpy_host_to_device,,,16.36,16.36,2.3800625,2.3800625,0,0
aten::slice,,,6.39,8.8,0,0,0,0
aten::as_strided,,,2.41,2.41,0,0,0,0
aten::slice,,,3.0,8.55,0,0,0,0
aten::as_strided,,,5.55,5.55,0,0,0,0
aten::pin_memory,,,3.38,12.76,0,0,0,0
aten::is_pinned,,,9.38,9.38,0,0,0,0
aten::copy_,,,14.28,31.91,0,2.3800625,0,0
acl_memcpy_host_to_device,,,17.63,17.63,2.3800625,2.3800625,0,0
aten::slice,,,5.03,6.93,0,0,0,0
aten::as_strided,,,1.9,1.9,0,0,0,0
aten::slice,,,2.66,6.61,0,0,0,0
aten::as_strided,,,3.95,3.95,0,0,0,0
aten::pin_memory,,,2.95,10.64,0,0,0,0
aten::is_pinned,,,7.69,7.69,0,0,0,0
aten::copy_,,,12.82,28.19,0,2.3200625,0,0
acl_memcpy_host_to_device,,,15.37,15.37,2.3200625,2.3200625,0,0
aten::slice,,,4.63,6.11,0,0,0,0
aten::as_strided,,,1.48,1.48,0,0,0,0
aten::slice,,,2.6,6.2,0,0,0,0
aten::as_strided,,,3.6,3.6,0,0,0,0
aten::pin_memory,,,2.87,10.43,0,0,0,0
aten::is_pinned,,,7.56,7.56,0,0,0,0
aten::copy_,,,11.85,26.06,0,2.4600625,0,0
acl_memcpy_host_to_device,,,14.21,14.21,2.4600625,2.4600625,0,0
aten::slice,,,5.79,24.48,0,0,0,0
aten::as_strided,,,18.69,18.69,0,0,0,0
aten::slice,,,3.42,8.02,0,0,0,0
aten::as_strided,,,4.6,4.6,0,0,0,0
aten::pin_memory,,,3.4,11.96,0,0,0,0
aten::is_pinned,,,8.56,8.56,0,0,0,0
aten::copy_,,,13.85,30.98,0,2.32003125,0,0
acl_memcpy_host_to_device,,,17.13,17.13,2.32003125,2.32003125,0,0
aten::slice,,,9.37,12.45,0,0,0,0
aten::as_strided,,,3.08,3.08,0,0,0,0
aten::slice,,,3.12,8.44,0,0,0,0
aten::as_strided,,,5.32,5.32,0,0,0,0
aten::pin_memory,,,3.63,16.72,0,0,0,0
aten::is_pinned,,,13.09,13.09,0,0,0,0
aten::copy_,,,16.41,35.25,0,2.20003125,0,0
acl_memcpy_host_to_device,,,18.84,18.84,2.20003125,2.20003125,0,0
aten::slice,,,5.23,9.92,0,0,0,0
aten::as_strided,,,4.69,4.69,0,0,0,0
aten::lift_fresh,,,1.14,1.14,0,0,0,0
aten::lift_fresh,,,0.92,0.92,0,0,0,0
aten::flatten,,,3.38,9.29,0,0,0,0
aten::view,,,5.91,5.91,0,0,0,0
aten::slice,,,3.62,6.57,0,0,0,0
aten::as_strided,,,2.95,2.95,0,0,0,0
aten::index_select,,,6.9,6.9,0,0,0,0
aten::pin_memory,,,3.8,16.02,0,0,0,0
aten::is_pinned,,,12.22,12.22,0,0,0,0
aten::copy_,,,15.39,31.05,0,2.3400625,0,0
acl_memcpy_host_to_device,,,15.66,15.66,2.3400625,2.3400625,0,0
aten::pin_memory,,,3.8,12.19,0,0,0,0
aten::is_pinned,,,8.39,8.39,0,0,0,0
aten::copy_,,,14.97,27.44,0,2.30003125,0,0
acl_memcpy_host_to_device,,,12.47,12.47,2.30003125,2.30003125,0,0
aten::slice,,,5.68,7.72,0,0,0,0
aten::as_strided,,,2.04,2.04,0,0,0,0
aten::lift_fresh,,,0.83,0.83,0,0,0,0
aten::slice,,,3.38,5.03,0,0,0,0
aten::as_strided,,,1.65,1.65,0,0,0,0
aten::add,,,14.44,14.44,0,0,0,0
aten::slice,,,3.51,4.73,0,0,0,0
aten::as_strided,,,1.22,1.22,0,0,0,0
aten::fill_,,,5.01,5.01,0,0,0,0
aten::slice,,,3.7,9.77,0,0,0,0
aten::as_strided,,,6.07,6.07,0,0,0,0
aten::fill_,,,18.46,33.68,0,1.60003125,0,0
aclnnInplaceFillScalar,,,15.22,15.22,1.60003125,1.60003125,0,0
aten::slice,,,6.27,12.37,0,0,0,0
aten::as_strided,,,6.1,6.1,0,0,0,0
aten::select,,,4.28,7.01,0,0,0,0
aten::as_strided,,,2.73,2.73,0,0,0,0
aten::copy_,,,62.5,79.9,0,0.6,0,0
aclnnInplaceCopy,,,17.4,17.4,0.6,0.6,0,0
aten::slice,,,7.6,10.32,0,0,0,0
aten::as_strided,,,2.72,2.72,0,0,0,0
aten::detach,,,2.95,2.95,0,0,0,0
aten::to,,,1.95,1.95,0,0,0,0
aten::resolve_conj,,,0.9,0.9,0,0,0,0
aten::resolve_neg,,,0.79,0.79,0,0,0,0
aten::slice,,,5.61,8.11,0,0,0,0
aten::as_strided,,,2.5,2.5,0,0,0,0
aten::slice,,,2.92,7.72,0,0,0,0
aten::as_strided,,,4.8,4.8,0,0,0,0
aten::pin_memory,,,4.3,17.68,0,0,0,0
aten::is_pinned,,,13.38,13.38,0,0,0,0
aten::copy_,,,3.51,3.51,0,0,0,0
aten::slice,,,5.4,7.3,0,0,0,0
aten::as_strided,,,1.9,1.9,0,0,0,0
aten::slice,,,2.95,6.48,0,0,0,0
aten::as_strided,,,3.53,3.53,0,0,0,0
aten::pin_memory,,,3.79,13.28,0,0,0,0
aten::is_pinned,,,9.49,9.49,0,0,0,0
aten::copy_,,,15.56,31.18,0,2.28003125,0,0
acl_memcpy_host_to_device,,,15.62,15.62,2.28003125,2.28003125,0,0
aten::fill_,,,17.1,32.06,0,1.44003125,0,0
aclnnInplaceFillScalar,,,14.96,14.96,1.44003125,1.44003125,0,0
aten::slice,,,6.49,10.83,0,0,0,0
aten::as_strided,,,4.34,4.34,0,0,0,0
aten::slice,,,3.35,5.08,0,0,0,0
aten::as_strided,,,1.73,1.73,0,0,0,0
aten::copy_,,,17.38,27.69,0,2.3200625,0,0
acl_memcpy_host_to_device,,,10.31,10.31,2.3200625,2.3200625,0,0
aten::slice,,,6.23,8.33,0,0,0,0
aten::as_strided,,,2.1,2.1,0,0,0,0
aten::slice,,,3.31,6.85,0,0,0,0
aten::as_strided,,,3.54,3.54,0,0,0,0
aten::pin_memory,,,3.54,13.06,0,0,0,0
aten::is_pinned,,,9.52,9.52,0,0,0,0
aten::copy_,,,14.56,27.09,0,2.3400625,0,0
acl_memcpy_host_to_device,,,12.53,12.53,2.3400625,2.3400625,0,0
aten::slice,,,5.83,10.63,0,0,0,0
aten::as_strided,,,4.8,4.8,0,0,0,0
aten::slice,,,3.07,4.75,0,0,0,0
aten::as_strided,,,1.68,1.68,0,0,0,0
aten::slice,,,2.71,5.52,0,0,0,0
aten::as_strided,,,2.81,2.81,0,0,0,0
aten::pin_memory,,,3.17,11.24,0,0,0,0
aten::is_pinned,,,8.07,8.07,0,0,0,0
aten::copy_,,,13.61,25.62,0,2.3400625,0,0
acl_memcpy_host_to_device,,,12.01,12.01,2.3400625,2.3400625,0,0
aten::slice,,,6.18,8.22,0,0,0,0
aten::as_strided,,,2.04,2.04,0,0,0,0
aten::slice,,,2.89,7.02,0,0,0,0
aten::as_strided,,,4.13,4.13,0,0,0,0
aten::pin_memory,,,3.29,11.13,0,0,0,0
aten::is_pinned,,,7.84,7.84,0,0,0,0
aten::copy_,,,12.41,23.84,0,2.20003125,0,0
acl_memcpy_host_to_device,,,11.43,11.43,2.20003125,2.20003125,0,0
aten::slice,,,5.45,8.97,0,0,0,0
aten::as_strided,,,3.52,3.52,0,0,0,0
aten::index,,,33.38,63.73,0,10.3801875,0,0
empty_tensor,,,7.11,7.11,0,0,0,0
empty_tensor,,,8.7,8.7,0,0,0,0
aclnnIndex,,,14.54,14.54,10.3801875,10.3801875,0,0
aten::to,,,2.48,52.68,0,1.26,0,0
aten::_to_copy,,,6.25,50.2,0,1.26,0,0
aten::empty_strided,,,8.54,13.33,0,0,0,0
empty_tensor,,,4.79,4.79,0,0,0,0
aten::copy_,,,16.89,30.62,0,1.26,0,0
aclnnInplaceCopy,,,13.73,13.73,1.26,1.26,0,0
aten::slice,,,6.58,11.16,0,0,0,0
aten::as_strided,,,4.58,4.58,0,0,0,0
aten::add,,,19.47,37.66,0,2.5400625,0,0
empty_tensor,,,7.11,7.11,0,0,0,0
aclnnAdd,,,11.08,11.08,2.5400625,2.5400625,0,0
aten::slice,,,5.84,9.64,0,0,0,0
aten::as_strided,,,3.8,3.8,0,0,0,0
aten::copy_,,,50.98,63.89,0,0.62003125,0,0
aclnnInplaceCopy,,,12.91,12.91,0.62003125,0.62003125,0,0
aten::slice,,,6.56,10.72,0,0,0,0
aten::as_strided,,,4.16,4.16,0,0,0,0
aten::add,,,18.89,38.35,0,1.44003125,0,0
empty_tensor,,,8.2,8.2,0,0,0,0
aclnnAdd,,,11.26,11.26,1.44003125,1.44003125,0,0
aten::slice,,,6.28,10.53,0,0,0,0
aten::as_strided,,,4.25,4.25,0,0,0,0
aten::copy_,,,46.5,60.25,0,0.62,0,0
aclnnInplaceCopy,,,13.75,13.75,0.62,0.62,0,0
aten::slice,,,5.57,9.98,0,0,0,0
aten::as_strided,,,4.41,4.41,0,0,0,0
aten::fill_,,,12.61,24.35,0,1.32,0,0
aclnnInplaceFillScalar,,,11.74,11.74,1.32,1.32,0,0
aten::slice,,,4.45,8.36,0,0,0,0
aten::as_strided,,,3.91,3.91,0,0,0,0
aten::slice,,,2.92,6.13,0,0,0,0
aten::as_strided,,,3.21,3.21,0,0,0,0
_compute_slot_mapping_fused_groups_kernel,,,26.96,26.96,22.2404375,22.2404375,0,0
aten::slice,,,9.59,16.71,0,0,0,0
aten::as_strided,,,7.12,7.12,0,0,0,0
aten::sub,,,25.38,56.63,0,1.60003125,0,0
empty_tensor,,,11.45,11.45,0,0,0,0
aten::item,,,2.48,4.18,0,0,0,0
aten::_local_scalar_dense,,,1.7,1.7,0,0,0,0
aclnnSubs,,,15.62,15.62,1.60003125,1.60003125,0,0
aten::pin_memory,,,7.82,24.41,0,0,0,0
aten::is_pinned,,,16.59,16.59,0,0,0,0
aten::copy_,,,20.39,38.29,0,2.3800625,0,0
acl_memcpy_host_to_device,,,17.9,17.9,2.3800625,2.3800625,0,0
aten::detach,,,5.1,5.1,0,0,0,0
aten::to,,,1.86,1.86,0,0,0,0
aten::resolve_conj,,,0.93,0.93,0,0,0,0
aten::resolve_neg,,,0.64,0.64,0,0,0,0
aten::slice,,,8.21,15.88,0,0,0,0
aten::as_strided,,,7.67,7.67,0,0,0,0
aten::slice,,,3.27,6.36,0,0,0,0
aten::as_strided,,,3.09,3.09,0,0,0,0
aten::slice,,,2.99,5.76,0,0,0,0
aten::as_strided,,,2.77,2.77,0,0,0,0
aten::fill_,,,18.2,37.17,0,0,0,0
aclnnInplaceFillScalar,,,18.97,18.97,0,0,0,0
aten::slice,,,4.48,8.67,0,0,0,0
aten::as_strided,,,4.19,4.19,0,0,0,0
aten::fill_,,,12.84,25.07,0,0,0,0
aclnnInplaceFillScalar,,,12.23,12.23,0,0,0,0
aten::slice,,,4.67,7.18,0,0,0,0
aten::as_strided,,,2.51,2.51,0,0,0,0
aten::slice,,,2.89,3.95,0,0,0,0
aten::as_strided,,,1.06,1.06,0,0,0,0
aten::lt,,,12.96,12.96,0,0,0,0
aten::lift_fresh,,,1.25,1.25,0,0,0,0
aten::slice,,,1.73,2.71,0,0,0,0
aten::as_strided,,,0.98,0.98,0,0,0,0
aten::fill_,,,2.13,8.18,0,0,0,0
aten::copy_,,,6.05,6.05,0,0,0,0
aten::slice,,,3.69,5.32,0,0,0,0
aten::as_strided,,,1.63,1.63,0,0,0,0
aten::slice,,,3.2,7.48,0,0,0,0
aten::as_strided,,,4.28,4.28,0,0,0,0
aten::slice,,,2.57,4.17,0,0,0,0
aten::as_strided,,,1.6,1.6,0,0,0,0
aten::slice,,,2.96,5.62,0,0,0,0
aten::as_strided,,,2.66,2.66,0,0,0,0
aten::slice,,,2.16,3.04,0,0,0,0
aten::as_strided,,,0.88,0.88,0,0,0,0
aten::slice,,,1.93,3.13,0,0,0,0
aten::as_strided,,,1.2,1.2,0,0,0,0
aten::slice,,,2.66,5.31,0,0,0,0
aten::as_strided,,,2.65,2.65,0,0,0,0
aten::slice,,,2.72,4.74,0,0,0,0
aten::as_strided,,,2.02,2.02,0,0,0,0
aten::slice,,,2.39,4.32,0,0,0,0
aten::as_strided,,,1.93,1.93,0,0,0,0
aten::slice,,,5.4,11.25,0,0,0,0
aten::as_strided,,,5.85,5.85,0,0,0,0
aten::slice,,,3.04,6.71,0,0,0,0
aten::as_strided,,,3.67,3.67,0,0,0,0
aten::slice,,,3.11,5.66,0,0,0,0
aten::as_strided,,,2.55,2.55,0,0,0,0
aten::to,,,1.87,1.87,0,0,0,0
aten::slice,,,2.58,5.07,0,0,0,0
aten::as_strided,,,2.49,2.49,0,0,0,0
aten::slice,,,2.68,5.05,0,0,0,0
aten::as_strided,,,2.37,2.37,0,0,0,0
aten::slice,,,2.25,3.72,0,0,0,0
aten::as_strided,,,1.47,1.47,0,0,0,0
aten::slice,,,3.26,24.37,0,0,0,0
aten::as_strided,,,21.11,21.11,0,0,0,0
aten::slice,,,2.77,6.65,0,0,0,0
aten::as_strided,,,3.88,3.88,0,0,0,0
aten::alias,,,4.46,4.46,0,0,0,0
aten::div,,,36.78,58.92,0,6.22009375,0,0
aten::item,,,2.17,3.98,0,0,0,0
aten::_local_scalar_dense,,,1.81,1.81,0,0,0,0
aclnnDivMods,,,18.16,18.16,6.22009375,6.22009375,0,0
aten::slice,,,3.4,8.3,0,0,0,0
aten::as_strided,,,4.9,4.9,0,0,0,0
aten::slice,,,4.52,7.05,0,0,0,0
aten::as_strided,,,2.53,2.53,0,0,0,0
aten::copy_,,,60.36,81.51,0,0.58,0,0
aclnnInplaceCopy,,,21.15,21.15,0.58,0.58,0,0
aten::slice,,,3.31,7.1,0,0,0,0
aten::as_strided,,,3.79,3.79,0,0,0,0
aten::slice,,,4.74,7.35,0,0,0,0
aten::as_strided,,,2.61,2.61,0,0,0,0
aten::ge,,,22.47,48.62,0,4.4400625,0,0
empty_tensor,,,10.86,10.86,0,0,0,0
aclnnGeScalar,,,15.29,15.29,4.4400625,4.4400625,0,0
aten::add,,,20.92,43.55,0,2.18003125,0,0
empty_tensor,,,6.69,6.69,0,0,0,0
aten::item,,,2.52,4.14,0,0,0,0
aten::_local_scalar_dense,,,1.62,1.62,0,0,0,0
aclnnAdds,,,11.8,11.8,2.18003125,2.18003125,0,0
aten::remainder,,,21.0,39.81,0,3.8600624999999997,0,0
empty_tensor,,,7.43,7.43,0,0,0,0
aclnnRemainderTensorScalar,,,11.38,11.38,3.8600624999999997,3.8600624999999997,0,0
aten::eq,,,12.33,30.15,0,2.4400625,0,0
empty_tensor,,,6.39,6.39,0,0,0,0
aclnnEqScalar,,,11.43,11.43,2.4400625,2.4400625,0,0
aten::__and__,,,3.0,38.61,0,1.54003125,0,0
aten::bitwise_and,,,18.77,35.61,0,1.54003125,0,0
empty_tensor,,,6.09,6.09,0,0,0,0
aclnnBitwiseAndTensor,,,10.75,10.75,1.54003125,1.54003125,0,0
aten::clamp_min,,,13.04,29.12,0,1.5400625,0,0
empty_tensor,,,6.13,6.13,0,0,0,0
aclnnClampMin,,,9.95,9.95,1.5400625,1.5400625,0,0
aten::div,,,21.46,41.56,0,5.2800625,0,0
empty_tensor,,,6.05,6.05,0,0,0,0
aten::item,,,2.04,3.25,0,0,0,0
aten::_local_scalar_dense,,,1.21,1.21,0,0,0,0
aclnnDivMods,,,10.8,10.8,5.2800625,5.2800625,0,0
aten::remainder,,,17.84,35.5,0,4.8400625,0,0
empty_tensor,,,6.52,6.52,0,0,0,0
aclnnRemainderTensorScalar,,,11.14,11.14,4.8400625,4.8400625,0,0
aten::mul,,,18.55,37.68,0,1.4800625,0,0
empty_tensor,,,6.21,6.21,0,0,0,0
aten::item,,,1.61,3.22,0,0,0,0
aten::_local_scalar_dense,,,1.61,1.61,0,0,0,0
aclnnMuls,,,9.7,9.7,1.4800625,1.4800625,0,0
aten::div,,,27.75,46.11,0,4.740125,0,0
empty_tensor,,,6.68,6.68,0,0,0,0
aten::item,,,1.44,2.59,0,0,0,0
aten::_local_scalar_dense,,,1.15,1.15,0,0,0,0
aclnnDivMods,,,9.09,9.09,4.740125,4.740125,0,0
aten::add,,,16.43,33.16,0,1.36003125,0,0
empty_tensor,,,7.19,7.19,0,0,0,0
aclnnAdd,,,9.54,9.54,1.36003125,1.36003125,0,0
aten::full_like,,,4.62,62.71,0,1.24,0,0
aten::empty_like,,,6.3,30.83,0,0,0,0
aten::empty_strided,,,8.04,24.53,0,0,0,0
empty_tensor,,,16.49,16.49,0,0,0,0
aten::fill_,,,11.17,27.26,0,1.24,0,0
aclnnInplaceFillScalar,,,16.09,16.09,1.24,1.24,0,0
aten::where,,,14.14,37.44,0,1.80003125,0,0
empty_tensor,,,14.53,14.53,0,0,0,0
aclnnSWhere,,,8.77,8.77,1.80003125,1.80003125,0,0
aten::copy_,,,16.89,26.62,0,1.12,0,0
aclnnInplaceCopy,,,9.73,9.73,1.12,1.12,0,0
aten::slice,,,3.58,7.9,0,0,0,0
aten::as_strided,,,4.32,4.32,0,0,0,0
aten::slice,,,7.3,10.2,0,0,0,0
aten::as_strided,,,2.9,2.9,0,0,0,0
aten::div,,,23.48,36.97,0,4.0800625,0,0
aten::item,,,1.74,2.89,0,0,0,0
aten::_local_scalar_dense,,,1.15,1.15,0,0,0,0
aclnnDivMods,,,10.6,10.6,4.0800625,4.0800625,0,0
aten::slice,,,2.3,5.76,0,0,0,0
aten::as_strided,,,3.46,3.46,0,0,0,0
aten::slice,,,5.22,10.59,0,0,0,0
aten::as_strided,,,5.37,5.37,0,0,0,0
aten::slice,,,2.59,4.82,0,0,0,0
aten::as_strided,,,2.23,2.23,0,0,0,0
aten::copy_,,,86.24,114.91,0,0.60003125,0,0
aclnnInplaceCopy,,,28.67,28.67,0.60003125,0.60003125,0,0
aten::slice,,,3.23,7.76,0,0,0,0
aten::as_strided,,,4.53,4.53,0,0,0,0
aten::slice,,,5.65,8.15,0,0,0,0
aten::as_strided,,,2.5,2.5,0,0,0,0
aten::copy_,,,48.39,62.56,0,0.60003125,0,0
aclnnInplaceCopy,,,14.17,14.17,0.60003125,0.60003125,0,0
aten::slice,,,6.33,9.08,0,0,0,0
aten::as_strided,,,2.75,2.75,0,0,0,0
aten::div,,,13.55,32.15,0,0,0,0
aten::to,,,1.89,18.6,0,0,0,0
aten::_to_copy,,,5.58,16.71,0,0,0,0
aten::empty_strided,,,4.12,4.12,0,0,0,0
aten::copy_,,,7.01,7.01,0,0,0,0
aten::slice,,,4.0,8.97,0,0,0,0
aten::as_strided,,,4.97,4.97,0,0,0,0
aten::slice,,,5.65,11.6,0,0,0,0
aten::as_strided,,,5.95,5.95,0,0,0,0
aten::slice,,,2.85,6.65,0,0,0,0
aten::as_strided,,,3.8,3.8,0,0,0,0
aten::slice,,,2.47,4.74,0,0,0,0
aten::as_strided,,,2.27,2.27,0,0,0,0
aten::fill_,,,16.86,33.15,0,0,0,0
aclnnInplaceFillScalar,,,16.29,16.29,0,0,0,0
aten::slice,,,4.84,9.02,0,0,0,0
aten::as_strided,,,4.18,4.18,0,0,0,0
aten::fill_,,,11.17,23.61,0,0,0,0
aclnnInplaceFillScalar,,,12.44,12.44,0,0,0,0
aten::slice,,,4.56,9.03,0,0,0,0
aten::as_strided,,,4.47,4.47,0,0,0,0
aten::slice,,,2.94,5.72,0,0,0,0
aten::as_strided,,,2.78,2.78,0,0,0,0
aten::slice,,,4.99,7.27,0,0,0,0
aten::as_strided,,,2.28,2.28,0,0,0,0
aten::slice,,,2.68,7.17,0,0,0,0
aten::as_strided,,,4.49,4.49,0,0,0,0
aten::slice,,,3.04,6.61,0,0,0,0
aten::as_strided,,,3.57,3.57,0,0,0,0
aten::slice,,,2.56,5.16,0,0,0,0
aten::as_strided,,,2.6,2.6,0,0,0,0
aten::slice,,,2.4,4.63,0,0,0,0
aten::as_strided,,,2.23,2.23,0,0,0,0
aten::fill_,,,14.97,29.65,0,0,0,0
aclnnInplaceFillScalar,,,14.68,14.68,0,0,0,0
aten::slice,,,5.26,9.0,0,0,0,0
aten::as_strided,,,3.74,3.74,0,0,0,0
aten::fill_,,,12.62,24.03,0,0,0,0
aclnnInplaceFillScalar,,,11.41,11.41,0,0,0,0
aten::diff,,,7.28,35.58,0,0,0,0
aten::narrow,,,6.51,11.5,0,0,0,0
aten::slice,,,2.18,4.99,0,0,0,0
aten::as_strided,,,2.81,2.81,0,0,0,0
aten::narrow,,,2.03,3.99,0,0,0,0
aten::slice,,,0.96,1.96,0,0,0,0
aten::as_strided,,,1.0,1.0,0,0,0,0
aten::sub,,,12.81,12.81,0,0,0,0
aten::eq,,,13.43,28.13,0,0,0,0
aten::to,,,1.58,14.7,0,0,0,0
aten::_to_copy,,,4.65,13.12,0,0,0,0
aten::empty_strided,,,2.59,2.59,0,0,0,0
aten::copy_,,,5.88,5.88,0,0,0,0
aten::__and__,,,2.14,7.0,0,0,0,0
aten::bitwise_and,,,4.86,4.86,0,0,0,0
aten::gt,,,8.39,17.52,0,0,0,0
aten::to,,,1.15,9.13,0,0,0,0
aten::_to_copy,,,2.78,7.98,0,0,0,0
aten::empty_strided,,,2.47,2.47,0,0,0,0
aten::copy_,,,2.73,2.73,0,0,0,0
aten::__and__,,,1.49,4.64,0,0,0,0
aten::bitwise_and,,,3.15,3.15,0,0,0,0
aten::any,,,6.7,14.29,0,0,0,0
aten::view_as,,,2.22,4.16,0,0,0,0
aten::view,,,1.94,1.94,0,0,0,0
aten::to,,,0.57,0.57,0,0,0,0
aten::copy_,,,2.86,2.86,0,0,0,0
aten::item,,,1.98,3.65,0,0,0,0
aten::_local_scalar_dense,,,1.67,1.67,0,0,0,0
aten::slice,,,4.84,6.4,0,0,0,0
aten::as_strided,,,1.56,1.56,0,0,0,0
aten::slice,,,2.73,3.65,0,0,0,0
aten::as_strided,,,0.92,0.92,0,0,0,0
aten::sub,,,5.16,5.16,0,0,0,0
aten::select,,,3.25,4.75,0,0,0,0
aten::as_strided,,,1.5,1.5,0,0,0,0
aten::item,,,1.24,2.47,0,0,0,0
aten::_local_scalar_dense,,,1.23,1.23,0,0,0,0
aten::gt,,,7.54,16.88,0,0,0,0
aten::to,,,1.27,9.34,0,0,0,0
aten::_to_copy,,,2.96,8.07,0,0,0,0
aten::empty_strided,,,2.05,2.05,0,0,0,0
aten::copy_,,,3.06,3.06,0,0,0,0
aten::__ior__,,,1.97,6.52,0,0,0,0
aten::bitwise_or_,,,4.55,4.55,0,0,0,0
aten::any,,,5.86,11.89,0,0,0,0
aten::view_as,,,1.45,2.8,0,0,0,0
aten::view,,,1.35,1.35,0,0,0,0
aten::to,,,0.46,0.46,0,0,0,0
aten::copy_,,,2.77,2.77,0,0,0,0
aten::is_nonzero,,,1.51,3.69,0,0,0,0
aten::item,,,1.4,2.18,0,0,0,0
aten::_local_scalar_dense,,,0.78,0.78,0,0,0,0
aten::select,,,4.96,11.33,0,0,0,0
aten::as_strided,,,6.37,6.37,0,0,0,0
aten::slice,,,5.16,9.67,0,0,0,0
aten::as_strided,,,4.51,4.51,0,0,0,0
aten::slice,,,2.92,5.41,0,0,0,0
aten::as_strided,,,2.49,2.49,0,0,0,0
aten::slice,,,2.42,4.66,0,0,0,0
aten::as_strided,,,2.24,2.24,0,0,0,0
aten::copy_,,,61.62,80.65,0,0.62003125,0,0
aclnnInplaceCopy,,,19.03,19.03,0.62003125,0.62003125,0,0
aten::slice,,,6.72,11.0,0,0,0,0
aten::as_strided,,,4.28,4.28,0,0,0,0
aten::fill_,,,14.61,27.14,0,0,0,0
aclnnInplaceFillScalar,,,12.53,12.53,0,0,0,0
aten::slice,,,5.76,9.64,0,0,0,0
aten::as_strided,,,3.88,3.88,0,0,0,0
aten::slice,,,3.01,5.72,0,0,0,0
aten::as_strided,,,2.71,2.71,0,0,0,0
aten::slice,,,2.93,5.36,0,0,0,0
aten::as_strided,,,2.43,2.43,0,0,0,0
aten::copy_,,,52.86,66.91,0,0.64003125,0,0
aclnnInplaceCopy,,,14.05,14.05,0.64003125,0.64003125,0,0
aten::slice,,,6.39,10.23,0,0,0,0
aten::as_strided,,,3.84,3.84,0,0,0,0
aten::slice,,,3.99,7.35,0,0,0,0
aten::as_strided,,,3.36,3.36,0,0,0,0
aten::slice,,,3.27,6.12,0,0,0,0
aten::as_strided,,,2.85,2.85,0,0,0,0
aten::slice,,,2.66,5.11,0,0,0,0
aten::as_strided,,,2.45,2.45,0,0,0,0
aten::slice,,,2.57,4.97,0,0,0,0
aten::as_strided,,,2.4,2.4,0,0,0,0
aten::copy_,,,47.86,62.7,0,0.66003125,0,0
aclnnInplaceCopy,,,14.84,14.84,0.66003125,0.66003125,0,0
aten::slice,,,5.96,10.05,0,0,0,0
aten::as_strided,,,4.09,4.09,0,0,0,0
aten::slice,,,2.69,5.52,0,0,0,0
aten::as_strided,,,2.83,2.83,0,0,0,0
aten::slice,,,2.54,4.88,0,0,0,0
aten::as_strided,,,2.34,2.34,0,0,0,0
aten::sub,,,17.94,30.99,0,1.50003125,0,0
aclnnSub,,,13.05,13.05,1.50003125,1.50003125,0,0
aten::slice,,,8.26,11.7,0,0,0,0
aten::as_strided,,,3.44,3.44,0,0,0,0
aten::slice,,,3.17,7.54,0,0,0,0
aten::as_strided,,,4.37,4.37,0,0,0,0
aten::slice,,,3.21,5.94,0,0,0,0
aten::as_strided,,,2.73,2.73,0,0,0,0
aten::slice,,,2.82,5.49,0,0,0,0
aten::as_strided,,,2.67,2.67,0,0,0,0
aten::slice,,,2.91,5.35,0,0,0,0
aten::as_strided,,,2.44,2.44,0,0,0,0
aten::fill_,,,16.29,31.23,0,0,0,0
aclnnInplaceFillScalar,,,14.94,14.94,0,0,0,0
aten::slice,,,4.77,8.46,0,0,0,0
aten::as_strided,,,3.69,3.69,0,0,0,0
aten::fill_,,,11.33,23.02,0,0,0,0
aclnnInplaceFillScalar,,,11.69,11.69,0,0,0,0
aten::diff,,,7.39,35.03,0,0,0,0
aten::narrow,,,5.73,10.45,0,0,0,0
aten::slice,,,2.49,4.72,0,0,0,0
aten::as_strided,,,2.23,2.23,0,0,0,0
aten::narrow,,,2.31,4.76,0,0,0,0
aten::slice,,,1.2,2.45,0,0,0,0
aten::as_strided,,,1.25,1.25,0,0,0,0
aten::sub,,,12.43,12.43,0,0,0,0
aten::eq,,,12.24,26.91,0,0,0,0
aten::to,,,1.93,14.67,0,0,0,0
aten::_to_copy,,,4.14,12.74,0,0,0,0
aten::empty_strided,,,3.04,3.04,0,0,0,0
aten::copy_,,,5.56,5.56,0,0,0,0
aten::__and__,,,2.15,6.52,0,0,0,0
aten::bitwise_and,,,4.37,4.37,0,0,0,0
aten::gt,,,7.4,16.26,0,0,0,0
aten::to,,,0.98,8.86,0,0,0,0
aten::_to_copy,,,2.59,7.88,0,0,0,0
aten::empty_strided,,,2.36,2.36,0,0,0,0
aten::copy_,,,2.93,2.93,0,0,0,0
aten::__and__,,,1.14,4.19,0,0,0,0
aten::bitwise_and,,,3.05,3.05,0,0,0,0
aten::any,,,5.59,12.62,0,0,0,0
aten::view_as,,,1.91,3.89,0,0,0,0
aten::view,,,1.98,1.98,0,0,0,0
aten::to,,,0.42,0.42,0,0,0,0
aten::copy_,,,2.72,2.72,0,0,0,0
aten::item,,,1.76,3.13,0,0,0,0
aten::_local_scalar_dense,,,1.37,1.37,0,0,0,0
aten::slice,,,4.77,6.48,0,0,0,0
aten::as_strided,,,1.71,1.71,0,0,0,0
aten::slice,,,2.4,3.34,0,0,0,0
aten::as_strided,,,0.94,0.94,0,0,0,0
aten::sub,,,5.08,5.08,0,0,0,0
aten::select,,,3.15,4.87,0,0,0,0
aten::as_strided,,,1.72,1.72,0,0,0,0
aten::item,,,1.39,2.42,0,0,0,0
aten::_local_scalar_dense,,,1.03,1.03,0,0,0,0
aten::gt,,,7.36,16.21,0,0,0,0
aten::to,,,1.09,8.85,0,0,0,0
aten::_to_copy,,,2.83,7.76,0,0,0,0
aten::empty_strided,,,1.97,1.97,0,0,0,0
aten::copy_,,,2.96,2.96,0,0,0,0
aten::__ior__,,,2.15,6.12,0,0,0,0
aten::bitwise_or_,,,3.97,3.97,0,0,0,0
aten::any,,,5.45,11.77,0,0,0,0
aten::view_as,,,1.48,2.8,0,0,0,0
aten::view,,,1.32,1.32,0,0,0,0
aten::to,,,0.52,0.52,0,0,0,0
aten::copy_,,,3.0,3.0,0,0,0,0
aten::is_nonzero,,,1.34,3.77,0,0,0,0
aten::item,,,1.03,2.43,0,0,0,0
aten::_local_scalar_dense,,,1.4,1.4,0,0,0,0
aten::select,,,4.85,11.23,0,0,0,0
aten::as_strided,,,6.38,6.38,0,0,0,0
aten::slice,,,4.98,8.62,0,0,0,0
aten::as_strided,,,3.64,3.64,0,0,0,0
aten::slice,,,2.49,5.04,0,0,0,0
aten::as_strided,,,2.55,2.55,0,0,0,0
aten::slice,,,2.51,4.71,0,0,0,0
aten::as_strided,,,2.2,2.2,0,0,0,0
aten::copy_,,,61.24,79.99,0,0.60003125,0,0
aclnnInplaceCopy,,,18.75,18.75,0.60003125,0.60003125,0,0
aten::slice,,,5.79,9.9,0,0,0,0
aten::as_strided,,,4.11,4.11,0,0,0,0
aten::fill_,,,15.45,28.61,0,0,0,0
aclnnInplaceFillScalar,,,13.16,13.16,0,0,0,0
aten::slice,,,5.55,9.84,0,0,0,0
aten::as_strided,,,4.29,4.29,0,0,0,0
aten::slice,,,3.14,6.28,0,0,0,0
aten::as_strided,,,3.14,3.14,0,0,0,0
aten::slice,,,2.57,4.99,0,0,0,0
aten::as_strided,,,2.42,2.42,0,0,0,0
aten::copy_,,,51.66,69.06,0,0.58,0,0
aclnnInplaceCopy,,,17.4,17.4,0.58,0.58,0,0
aten::slice,,,5.75,9.2,0,0,0,0
aten::as_strided,,,3.45,3.45,0,0,0,0
aten::slice,,,3.42,6.61,0,0,0,0
aten::as_strided,,,3.19,3.19,0,0,0,0
aten::slice,,,3.17,5.97,0,0,0,0
aten::as_strided,,,2.8,2.8,0,0,0,0
aten::slice,,,2.68,4.64,0,0,0,0
aten::as_strided,,,1.96,1.96,0,0,0,0
aten::slice,,,2.38,5.0,0,0,0,0
aten::as_strided,,,2.62,2.62,0,0,0,0
aten::copy_,,,48.4,67.16,0,0.64,0,0
aclnnInplaceCopy,,,18.76,18.76,0.64,0.64,0,0
aten::slice,,,5.37,9.32,0,0,0,0
aten::as_strided,,,3.95,3.95,0,0,0,0
aten::slice,,,2.41,5.07,0,0,0,0
aten::as_strided,,,2.66,2.66,0,0,0,0
aten::slice,,,2.38,4.44,0,0,0,0
aten::as_strided,,,2.06,2.06,0,0,0,0
aten::sub,,,18.65,29.83,0,1.38003125,0,0
aclnnSub,,,11.18,11.18,1.38003125,1.38003125,0,0
aten::slice,,,6.23,9.17,0,0,0,0
aten::as_strided,,,2.94,2.94,0,0,0,0
aten::slice,,,3.09,7.2,0,0,0,0
aten::as_strided,,,4.11,4.11,0,0,0,0
aten::slice,,,3.92,7.74,0,0,0,0
aten::as_strided,,,3.82,3.82,0,0,0,0
aten::slice,,,2.5,5.01,0,0,0,0
aten::as_strided,,,2.51,2.51,0,0,0,0
aten::slice,,,2.26,4.12,0,0,0,0
aten::as_strided,,,1.86,1.86,0,0,0,0
aten::fill_,,,16.26,30.85,0,0,0,0
aclnnInplaceFillScalar,,,14.59,14.59,0,0,0,0
aten::slice,,,4.53,8.19,0,0,0,0
aten::as_strided,,,3.66,3.66,0,0,0,0
aten::fill_,,,11.33,22.38,0,0,0,0
aclnnInplaceFillScalar,,,11.05,11.05,0,0,0,0
aten::diff,,,6.74,34.18,0,0,0,0
aten::narrow,,,5.97,10.75,0,0,0,0
aten::slice,,,2.3,4.78,0,0,0,0
aten::as_strided,,,2.48,2.48,0,0,0,0
aten::narrow,,,1.71,3.73,0,0,0,0
aten::slice,,,0.98,2.02,0,0,0,0
aten::as_strided,,,1.04,1.04,0,0,0,0
aten::sub,,,12.96,12.96,0,0,0,0
aten::eq,,,12.22,27.67,0,0,0,0
aten::to,,,1.75,15.45,0,0,0,0
aten::_to_copy,,,4.8,13.7,0,0,0,0
aten::empty_strided,,,3.07,3.07,0,0,0,0
aten::copy_,,,5.83,5.83,0,0,0,0
aten::__and__,,,1.69,5.86,0,0,0,0
aten::bitwise_and,,,4.17,4.17,0,0,0,0
aten::gt,,,7.72,15.93,0,0,0,0
aten::to,,,1.03,8.21,0,0,0,0
aten::_to_copy,,,2.73,7.18,0,0,0,0
aten::empty_strided,,,1.82,1.82,0,0,0,0
aten::copy_,,,2.63,2.63,0,0,0,0
aten::__and__,,,1.25,4.2,0,0,0,0
aten::bitwise_and,,,2.95,2.95,0,0,0,0
aten::any,,,5.67,12.5,0,0,0,0
aten::view_as,,,1.88,3.56,0,0,0,0
aten::view,,,1.68,1.68,0,0,0,0
aten::to,,,0.44,0.44,0,0,0,0
aten::copy_,,,2.83,2.83,0,0,0,0
aten::item,,,1.85,3.21,0,0,0,0
aten::_local_scalar_dense,,,1.36,1.36,0,0,0,0
aten::slice,,,4.35,6.2,0,0,0,0
aten::as_strided,,,1.85,1.85,0,0,0,0
aten::slice,,,2.63,3.83,0,0,0,0
aten::as_strided,,,1.2,1.2,0,0,0,0
aten::sub,,,4.98,4.98,0,0,0,0
aten::select,,,3.72,5.15,0,0,0,0
aten::as_strided,,,1.43,1.43,0,0,0,0
aten::item,,,1.25,2.4,0,0,0,0
aten::_local_scalar_dense,,,1.15,1.15,0,0,0,0
aten::gt,,,7.88,17.25,0,0,0,0
aten::to,,,1.26,9.37,0,0,0,0
aten::_to_copy,,,2.73,8.11,0,0,0,0
aten::empty_strided,,,2.17,2.17,0,0,0,0
aten::copy_,,,3.21,3.21,0,0,0,0
aten::__ior__,,,1.89,6.55,0,0,0,0
aten::bitwise_or_,,,4.66,4.66,0,0,0,0
aten::any,,,4.91,11.43,0,0,0,0
aten::view_as,,,1.63,3.29,0,0,0,0
aten::view,,,1.66,1.66,0,0,0,0
aten::to,,,0.53,0.53,0,0,0,0
aten::copy_,,,2.7,2.7,0,0,0,0
aten::is_nonzero,,,1.64,3.76,0,0,0,0
aten::item,,,1.24,2.12,0,0,0,0
aten::_local_scalar_dense,,,0.88,0.88,0,0,0,0
aten::select,,,4.55,10.53,0,0,0,0
aten::as_strided,,,5.98,5.98,0,0,0,0
aten::slice,,,4.76,8.88,0,0,0,0
aten::as_strided,,,4.12,4.12,0,0,0,0
aten::slice,,,2.63,4.81,0,0,0,0
aten::as_strided,,,2.18,2.18,0,0,0,0
aten::slice,,,2.47,4.83,0,0,0,0
aten::as_strided,,,2.36,2.36,0,0,0,0
aten::copy_,,,75.82,93.77,0,0.6,0,0
aclnnInplaceCopy,,,17.95,17.95,0.6,0.6,0,0
aten::slice,,,6.59,10.6,0,0,0,0
aten::as_strided,,,4.01,4.01,0,0,0,0
aten::fill_,,,15.3,29.48,0,0,0,0
aclnnInplaceFillScalar,,,14.18,14.18,0,0,0,0
aten::slice,,,6.41,10.65,0,0,0,0
aten::as_strided,,,4.24,4.24,0,0,0,0
aten::slice,,,6.24,9.24,0,0,0,0
aten::as_strided,,,3.0,3.0,0,0,0,0
aten::slice,,,3.59,6.17,0,0,0,0
aten::as_strided,,,2.58,2.58,0,0,0,0
aten::copy_,,,63.82,75.05,0,0.62,0,0
aclnnInplaceCopy,,,11.23,11.23,0.62,0.62,0,0
aten::slice,,,17.54,21.82,0,0,0,0
aten::as_strided,,,4.28,4.28,0,0,0,0
aten::slice,,,11.63,15.54,0,0,0,0
aten::as_strided,,,3.91,3.91,0,0,0,0
aten::slice,,,10.39,13.74,0,0,0,0
aten::as_strided,,,3.35,3.35,0,0,0,0
aten::slice,,,4.6,8.14,0,0,0,0
aten::as_strided,,,3.54,3.54,0,0,0,0
aten::slice,,,4.34,9.46,0,0,0,0
aten::as_strided,,,5.12,5.12,0,0,0,0
aten::copy_,,,52.61,69.5,0,0.6,0,0
aclnnInplaceCopy,,,16.89,16.89,0.6,0.6,0,0
aten::slice,,,6.43,21.0,0,0,0,0
aten::as_strided,,,14.57,14.57,0,0,0,0
aten::slice,,,3.51,8.39,0,0,0,0
aten::as_strided,,,4.88,4.88,0,0,0,0
aten::slice,,,3.04,5.72,0,0,0,0
aten::as_strided,,,2.68,2.68,0,0,0,0
aten::sub,,,18.65,33.44,0,1.36003125,0,0
aclnnSub,,,14.79,14.79,1.36003125,1.36003125,0,0
Event::record,,,172.07,193.93,0,0.02,0,0
record_event,,,21.86,21.86,0.02,0.02,0,0
aten::slice,,,8.97,16.45,0,0,0,0
aten::as_strided,,,7.48,7.48,0,0,0,0
aten::slice,,,4.33,7.45,0,0,0,0
aten::as_strided,,,3.12,3.12,0,0,0,0
aten::slice,,,6.84,13.68,0,0,0,0
aten::as_strided,,,6.84,6.84,0,0,0,0
aten::scalar_tensor,,,6.7,61.9,0,1.40003125,0,0
aten::empty,,,3.21,18.23,0,0,0,0
empty_tensor,,,15.02,15.02,0,0,0,0
aten::fill_,,,18.78,36.97,0,1.40003125,0,0
aclnnInplaceFillScalar,,,18.19,18.19,1.40003125,1.40003125,0,0
aten::view,,,4.85,4.85,0,0,0,0
aten::expand,,,3.07,5.22,0,0,0,0
aten::as_strided,,,2.15,2.15,0,0,0,0
aten::copy_,,,53.3,69.29,0,0.62,0,0
aclnnInplaceCopy,,,15.99,15.99,0.62,0.62,0,0
aten::scalar_tensor,,,5.31,40.58,0,1.40003125,0,0
aten::empty,,,2.39,11.82,0,0,0,0
empty_tensor,,,9.43,9.43,0,0,0,0
aten::fill_,,,11.17,23.45,0,1.40003125,0,0
aclnnInplaceFillScalar,,,12.28,12.28,1.40003125,1.40003125,0,0
aten::slice,,,7.08,12.5,0,0,0,0
aten::as_strided,,,5.42,5.42,0,0,0,0
aten::view,,,2.4,2.4,0,0,0,0
aten::expand,,,1.74,3.15,0,0,0,0
aten::as_strided,,,1.41,1.41,0,0,0,0
aten::copy_,,,2.34,2.34,0,0,0,0
aten::index,,,38.81,71.65,0,10.70025,0,0
empty_tensor,,,8.17,8.17,0,0,0,0
empty_tensor,,,9.03,9.03,0,0,0,0
aclnnIndex,,,15.64,15.64,10.70025,10.70025,0,0
aten::linear,,,13.13,78.46,0,893.61784375,0,893.61784375
aten::t,,,6.72,17.64,0,0,0,0
aten::transpose,,,3.9,10.92,0,0,0,0
aten::as_strided,,,7.02,7.02,0,0,0,0
aten::matmul,,,22.29,47.69,0,893.61784375,0,893.61784375
empty_tensor,,,9.64,9.64,0,0,0,0
aclnnMatmul,,,15.76,15.76,893.61784375,893.61784375,893.61784375,893.61784375
aten::alias,,,3.01,3.01,0,0,0,0
aten::log_softmax,,,10.53,117.01,0,52.14103125,0,0
aten::to,,,3.84,68.69,0,8.34015625,0,0
aten::_to_copy,,,7.4,64.85,0,8.34015625,0,0
aten::empty_strided,,,12.29,18.92,0,0,0,0
empty_tensor,,,6.63,6.63,0,0,0,0
aten::copy_,,,22.1,38.53,0,8.34015625,0,0
aclnnInplaceCopy,,,16.43,16.43,8.34015625,8.34015625,0,0
aten::_log_softmax,,,17.9,37.79,0,43.800875,0,0
empty_tensor,,,9.69,9.69,0,0,0,0
aclnnLogSoftmax,,,10.2,10.2,43.800875,43.800875,0,0
aten::to,,,2.42,45.32,0,2.5200625,0,0
aten::_to_copy,,,5.19,42.9,0,2.5200625,0,0
aten::empty_strided,,,7.22,11.97,0,0,0,0
empty_tensor,,,4.75,4.75,0,0,0,0
aten::copy_,,,15.54,25.74,0,2.5200625,0,0
aclnnInplaceCopy,,,10.2,10.2,2.5200625,2.5200625,0,0
aten::argmax,,,7.94,61.12,0,20.78040625,0,0
aten::empty,,,2.81,10.94,0,0,0,0
empty_tensor,,,8.13,8.13,0,0,0,0
aten::argmax,,,24.51,42.24,0,20.78040625,0,0
aten::reshape,,,1.84,7.14,0,0,0,0
aten::view,,,5.3,5.3,0,0,0,0
aclnnArgMax,,,10.59,10.59,20.78040625,20.78040625,0,0
aten::view,,,4.34,4.34,0,0,0,0
aten::to,,,1.7,1.7,0,0,0,0
aten::topk,,,21.66,44.27,0,32.140625,0,0
empty_tensor,,,6.73,6.73,0,0,0,0
empty_tensor,,,5.22,5.22,0,0,0,0
aclnnTopk,,,10.66,10.66,32.140625,32.140625,0,0
aten::unsqueeze,,,4.17,9.14,0,0,0,0
aten::as_strided,,,4.97,4.97,0,0,0,0
aten::gather,,,22.89,39.97,0,5.740125,0,0
empty_tensor,,,7.04,7.04,0,0,0,0
aclnnGather,,,10.04,10.04,5.740125,5.740125,0,0
TorchDynamo Cache Lookup,,,39.71,39.71,0,0,0,0
Torch-Compiled Region: 0/0,,,112.17,202.76,0,37.460781250000004,0,0
aten::_assert_scalar,,,3.04,3.04,0,0,0,0
aten::_assert_scalar,,,1.35,1.35,0,0,0,0
aten::_assert_scalar,,,1.36,1.36,0,0,0,0
aten::ge,,,18.19,45.55,0,7.52015625,0,0
empty_tensor,,,12.08,12.08,0,0,0,0
aclnnGeTensor,,,15.28,15.28,7.52015625,7.52015625,0,0
aten::sum,,,19.95,39.29,0,29.940625,0,0
empty_tensor,,,8.06,8.06,0,0,0,0
aclnnReduceSum,,,11.28,11.28,29.940625,29.940625,0,0
aten::cat,,,21.49,42.36,0,2.6000625,0,0
empty_tensor,,,8.63,8.63,0,0,0,0
aclnnCat,,,12.24,12.24,2.6000625,2.6000625,0,0
aten::cat,,,13.67,31.22,0,2.02003125,0,0
empty_tensor,,,7.0,7.0,0,0,0,0
aclnnCat,,,10.55,10.55,2.02003125,2.02003125,0,0
aten::to,,,2.35,47.77,0,1.44003125,0,0
aten::_to_copy,,,6.42,45.42,0,1.44003125,0,0
aten::empty_strided,,,8.45,13.68,0,0,0,0
empty_tensor,,,5.23,5.23,0,0,0,0
aten::copy_,,,13.82,25.32,0,1.44003125,0,0
aclnnInplaceCopy,,,11.5,11.5,1.44003125,1.44003125,0,0
aten::to,,,1.98,42.58,0,1.42003125,0,0
aten::_to_copy,,,4.68,40.6,0,1.42003125,0,0
aten::empty_strided,,,6.61,11.09,0,0,0,0
empty_tensor,,,4.48,4.48,0,0,0,0
aten::copy_,,,13.78,24.83,0,1.42003125,0,0
aclnnInplaceCopy,,,11.05,11.05,1.42003125,1.42003125,0,0
aten::unsqueeze,,,3.64,8.44,0,0,0,0
aten::as_strided,,,4.8,4.8,0,0,0,0
Event::record,,,153.8,173.29,0,0.0,0,0
record_event,,,19.49,19.49,0.0,0.0,0,0
aten::slice,,,5.56,14.72,0,0,0,0
aten::as_strided,,,9.16,9.16,0,0,0,0
Event::wait,,,75.23,95.76,0,2118.82234375,0,0
wait_event,,,20.53,20.53,2118.82234375,2118.82234375,0,0
Event::record,,,106.24,125.6,0,0.0,0,0
record_event,,,19.36,19.36,0.0,0.0,0,0
Event::wait,,,63.34,82.44,0,1710.35415625,0,0
wait_event,,,19.1,19.1,1710.35415625,1710.35415625,0,0
destroy_event,,,10.93,10.93,0,0,0,0
aten::to,,,4.19,70.62,0,1.92003125,0,0
aten::_to_copy,,,7.42,66.43,0,1.92003125,0,0
aten::empty_strided,,,26.09,26.09,0,0,0,0
aten::copy_,,,19.8,32.92,0,1.92003125,0,0
acl_memcpy_device_to_host,,,13.12,13.12,1.92003125,1.92003125,0,0
aten::to,,,2.74,36.95,0,2.0600625,0,0
aten::_to_copy,,,4.85,34.21,0,2.0600625,0,0
aten::empty_strided,,,3.91,3.91,0,0,0,0
aten::copy_,,,14.9,25.45,0,2.0600625,0,0
acl_memcpy_device_to_host,,,10.55,10.55,2.0600625,2.0600625,0,0
aten::to,,,2.26,32.66,0,1.86003125,0,0
aten::_to_copy,,,3.98,30.4,0,1.86003125,0,0
aten::empty_strided,,,3.17,3.17,0,0,0,0
aten::copy_,,,12.37,23.25,0,1.86003125,0,0
acl_memcpy_device_to_host,,,10.88,10.88,1.86003125,1.86003125,0,0
aten::to,,,1.99,31.89,0,2.12003125,0,0
aten::_to_copy,,,3.87,29.9,0,2.12003125,0,0
aten::empty_strided,,,3.13,3.13,0,0,0,0
aten::copy_,,,11.41,22.9,0,2.12003125,0,0
acl_memcpy_device_to_host,,,11.49,11.49,2.12003125,2.12003125,0,0
Event::record,,,163.17,183.53,0,0.0,0,0
record_event,,,20.36,20.36,0.0,0.0,0,0
Event::synchronize,,,86.79,86.79,0,0,0,0
aten::resolve_conj,,,2.37,2.37,0,0,0,0
aten::resolve_neg,,,0.97,0.97,0,0,0,0
aten::to,,,3.54,3.54,0,0,0,0
aten::detach,,,4.61,4.61,0,0,0,0
aten::to,,,0.86,0.86,0,0,0,0
aten::resolve_conj,,,0.66,0.66,0,0,0,0
aten::resolve_neg,,,0.38,0.38,0,0,0,0
aten::to,,,1.54,1.54,0,0,0,0
aten::detach,,,1.82,1.82,0,0,0,0
aten::to,,,0.7,0.7,0,0,0,0
aten::resolve_conj,,,0.43,0.43,0,0,0,0
aten::resolve_neg,,,0.54,0.54,0,0,0,0
aten::to,,,1.28,1.28,0,0,0,0
aten::detach,,,1.14,1.14,0,0,0,0
aten::to,,,0.48,0.48,0,0,0,0
aten::resolve_conj,,,0.51,0.51,0,0,0,0
aten::resolve_neg,,,0.29,0.29,0,0,0,0
destroy_event,,,19.81,19.81,0,0,0,0
record_event,,,12.38,12.38,0.0,0.0,0,0
Event::synchronize,,,148.02,148.02,0,0,0,0
aten::slice,,,12.96,17.78,0,0,0,0
aten::as_strided,,,4.82,4.82,0,0,0,0
aten::slice,,,3.5,10.56,0,0,0,0
aten::as_strided,,,7.06,7.06,0,0,0,0
aten::pin_memory,,,97.18,113.54,0,0,0,0
aten::is_pinned,,,16.36,16.36,0,0,0,0
aten::copy_,,,21.12,35.31,0,2.3600625,0,0
acl_memcpy_host_to_device,,,14.19,14.19,2.3600625,2.3600625,0,0
aten::slice,,,8.01,10.65,0,0,0,0
aten::as_strided,,,2.64,2.64,0,0,0,0
aten::slice,,,3.14,8.3,0,0,0,0
aten::as_strided,,,5.16,5.16,0,0,0,0
aten::pin_memory,,,4.1,13.41,0,0,0,0
aten::is_pinned,,,9.31,9.31,0,0,0,0
aten::copy_,,,14.97,28.05,0,2.48003125,0,0
acl_memcpy_host_to_device,,,13.08,13.08,2.48003125,2.48003125,0,0
aten::slice,,,6.16,8.43,0,0,0,0
aten::as_strided,,,2.27,2.27,0,0,0,0
aten::slice,,,2.89,7.13,0,0,0,0
aten::as_strided,,,4.24,4.24,0,0,0,0
aten::pin_memory,,,3.37,11.69,0,0,0,0
aten::is_pinned,,,8.32,8.32,0,0,0,0
aten::copy_,,,13.34,26.16,0,2.1400625,0,0
acl_memcpy_host_to_device,,,12.82,12.82,2.1400625,2.1400625,0,0
aten::slice,,,6.14,8.5,0,0,0,0
aten::as_strided,,,2.36,2.36,0,0,0,0
aten::slice,,,2.72,6.86,0,0,0,0
aten::as_strided,,,4.14,4.14,0,0,0,0
aten::pin_memory,,,3.65,11.17,0,0,0,0
aten::is_pinned,,,7.52,7.52,0,0,0,0
aten::copy_,,,12.37,24.27,0,2.3400625,0,0
acl_memcpy_host_to_device,,,11.9,11.9,2.3400625,2.3400625,0,0
aten::slice,,,4.95,6.86,0,0,0,0
aten::as_strided,,,1.91,1.91,0,0,0,0
aten::slice,,,2.47,6.15,0,0,0,0
aten::as_strided,,,3.68,3.68,0,0,0,0
aten::pin_memory,,,3.32,10.93,0,0,0,0
aten::is_pinned,,,7.61,7.61,0,0,0,0
aten::copy_,,,12.93,24.6,0,2.28003125,0,0
acl_memcpy_host_to_device,,,11.67,11.67,2.28003125,2.28003125,0,0
aten::slice,,,10.77,14.38,0,0,0,0
aten::as_strided,,,3.61,3.61,0,0,0,0
aten::slice,,,3.34,9.3,0,0,0,0
aten::as_strided,,,5.96,5.96,0,0,0,0
aten::pin_memory,,,4.13,16.73,0,0,0,0
aten::is_pinned,,,12.6,12.6,0,0,0,0
aten::copy_,,,16.13,32.36,0,2.4600625,0,0
acl_memcpy_host_to_device,,,16.23,16.23,2.4600625,2.4600625,0,0
aten::slice,,,5.3,9.55,0,0,0,0
aten::as_strided,,,4.25,4.25,0,0,0,0
aten::lift_fresh,,,1.54,1.54,0,0,0,0
aten::lift_fresh,,,1.15,1.15,0,0,0,0
aten::flatten,,,3.94,10.62,0,0,0,0
aten::view,,,6.68,6.68,0,0,0,0
aten::slice,,,3.87,5.41,0,0,0,0
aten::as_strided,,,1.54,1.54,0,0,0,0
aten::index_select,,,7.77,7.77,0,0,0,0
aten::pin_memory,,,4.29,15.97,0,0,0,0
aten::is_pinned,,,11.68,11.68,0,0,0,0
aten::copy_,,,15.01,30.1,0,2.3400625,0,0
acl_memcpy_host_to_device,,,15.09,15.09,2.3400625,2.3400625,0,0
aten::pin_memory,,,4.23,10.92,0,0,0,0
aten::is_pinned,,,6.69,6.69,0,0,0,0
aten::copy_,,,13.07,25.9,0,2.18003125,0,0
acl_memcpy_host_to_device,,,12.83,12.83,2.18003125,2.18003125,0,0
aten::slice,,,5.98,8.12,0,0,0,0
aten::as_strided,,,2.14,2.14,0,0,0,0
aten::lift_fresh,,,1.02,1.02,0,0,0,0
aten::slice,,,3.48,4.75,0,0,0,0
aten::as_strided,,,1.27,1.27,0,0,0,0
aten::add,,,15.48,15.48,0,0,0,0
aten::slice,,,3.52,4.62,0,0,0,0
aten::as_strided,,,1.1,1.1,0,0,0,0
aten::fill_,,,5.98,5.98,0,0,0,0
aten::slice,,,3.4,8.24,0,0,0,0
aten::as_strided,,,4.84,4.84,0,0,0,0
aten::fill_,,,19.6,34.55,0,1.4800625,0,0
aclnnInplaceFillScalar,,,14.95,14.95,1.4800625,1.4800625,0,0
aten::slice,,,6.43,12.09,0,0,0,0
aten::as_strided,,,5.66,5.66,0,0,0,0
aten::select,,,3.95,7.18,0,0,0,0
aten::as_strided,,,3.23,3.23,0,0,0,0
aten::copy_,,,64.0,80.04,0,0.62003125,0,0
aclnnInplaceCopy,,,16.04,16.04,0.62003125,0.62003125,0,0
aten::slice,,,7.41,9.94,0,0,0,0
aten::as_strided,,,2.53,2.53,0,0,0,0
aten::detach,,,3.41,3.41,0,0,0,0
aten::to,,,2.16,2.16,0,0,0,0
aten::resolve_conj,,,1.12,1.12,0,0,0,0
aten::resolve_neg,,,0.66,0.66,0,0,0,0
aten::slice,,,5.22,7.48,0,0,0,0
aten::as_strided,,,2.26,2.26,0,0,0,0
aten::slice,,,2.82,7.55,0,0,0,0
aten::as_strided,,,4.73,4.73,0,0,0,0
aten::pin_memory,,,4.2,17.61,0,0,0,0
aten::is_pinned,,,13.41,13.41,0,0,0,0
aten::copy_,,,3.37,3.37,0,0,0,0
aten::slice,,,5.98,7.88,0,0,0,0
aten::as_strided,,,1.9,1.9,0,0,0,0
aten::slice,,,3.54,21.07,0,0,0,0
aten::as_strided,,,17.53,17.53,0,0,0,0
aten::pin_memory,,,3.49,13.36,0,0,0,0
aten::is_pinned,,,9.87,9.87,0,0,0,0
aten::copy_,,,16.0,31.58,0,2.28003125,0,0
acl_memcpy_host_to_device,,,15.58,15.58,2.28003125,2.28003125,0,0
aten::fill_,,,18.21,32.34,0,1.38003125,0,0
aclnnInplaceFillScalar,,,14.13,14.13,1.38003125,1.38003125,0,0
aten::slice,,,5.31,9.44,0,0,0,0
aten::as_strided,,,4.13,4.13,0,0,0,0
aten::slice,,,3.24,5.16,0,0,0,0
aten::as_strided,,,1.92,1.92,0,0,0,0
aten::copy_,,,16.45,25.96,0,2.20003125,0,0
acl_memcpy_host_to_device,,,9.51,9.51,2.20003125,2.20003125,0,0
aten::slice,,,5.14,7.11,0,0,0,0
aten::as_strided,,,1.97,1.97,0,0,0,0
aten::slice,,,2.76,6.79,0,0,0,0
aten::as_strided,,,4.03,4.03,0,0,0,0
aten::pin_memory,,,3.66,12.64,0,0,0,0
aten::is_pinned,,,8.98,8.98,0,0,0,0
aten::copy_,,,12.8,24.8,0,2.18003125,0,0
acl_memcpy_host_to_device,,,12.0,12.0,2.18003125,2.18003125,0,0
aten::slice,,,5.91,10.0,0,0,0,0
aten::as_strided,,,4.09,4.09,0,0,0,0
aten::slice,,,3.33,4.92,0,0,0,0
aten::as_strided,,,1.59,1.59,0,0,0,0
aten::slice,,,2.68,5.33,0,0,0,0
aten::as_strided,,,2.65,2.65,0,0,0,0
aten::pin_memory,,,3.26,10.77,0,0,0,0
aten::is_pinned,,,7.51,7.51,0,0,0,0
aten::copy_,,,12.89,24.71,0,2.3200625,0,0
acl_memcpy_host_to_device,,,11.82,11.82,2.3200625,2.3200625,0,0
aten::slice,,,6.3,8.35,0,0,0,0
aten::as_strided,,,2.05,2.05,0,0,0,0
aten::slice,,,2.69,6.18,0,0,0,0
aten::as_strided,,,3.49,3.49,0,0,0,0
aten::pin_memory,,,3.19,11.04,0,0,0,0
aten::is_pinned,,,7.85,7.85,0,0,0,0
aten::copy_,,,12.32,25.17,0,2.20003125,0,0
acl_memcpy_host_to_device,,,12.85,12.85,2.20003125,2.20003125,0,0
aten::slice,,,4.66,8.13,0,0,0,0
aten::as_strided,,,3.47,3.47,0,0,0,0
aten::index,,,33.93,63.55,0,10.12021875,0,0
empty_tensor,,,6.49,6.49,0,0,0,0
empty_tensor,,,9.01,9.01,0,0,0,0
aclnnIndex,,,14.12,14.12,10.12021875,10.12021875,0,0
aten::to,,,2.72,73.9,0,1.20003125,0,0
aten::_to_copy,,,24.86,71.18,0,1.20003125,0,0
aten::empty_strided,,,10.21,15.95,0,0,0,0
empty_tensor,,,5.74,5.74,0,0,0,0
aten::copy_,,,17.44,30.37,0,1.20003125,0,0
aclnnInplaceCopy,,,12.93,12.93,1.20003125,1.20003125,0,0
aten::slice,,,6.99,11.88,0,0,0,0
aten::as_strided,,,4.89,4.89,0,0,0,0
aten::add,,,19.45,36.04,0,2.4200625,0,0
empty_tensor,,,6.69,6.69,0,0,0,0
aclnnAdd,,,9.9,9.9,2.4200625,2.4200625,0,0
aten::slice,,,5.06,9.57,0,0,0,0
aten::as_strided,,,4.51,4.51,0,0,0,0
aten::copy_,,,52.32,72.97,0,0.56003125,0,0
aclnnInplaceCopy,,,20.65,20.65,0.56003125,0.56003125,0,0
aten::slice,,,6.85,11.38,0,0,0,0
aten::as_strided,,,4.53,4.53,0,0,0,0
aten::add,,,23.94,36.1,0,1.54003125,0,0
empty_tensor,,,8.82,8.82,0,0,0,0
aclnnAdd,,,3.34,3.34,1.54003125,1.54003125,0,0
aten::slice,,,5.77,9.96,0,0,0,0
aten::as_strided,,,4.19,4.19,0,0,0,0
aten::copy_,,,50.56,64.03,0,0.62,0,0
aclnnInplaceCopy,,,13.47,13.47,0.62,0.62,0,0
aten::slice,,,6.09,11.95,0,0,0,0
aten::as_strided,,,5.86,5.86,0,0,0,0
aten::fill_,,,13.59,28.74,0,1.4200625,0,0
aclnnInplaceFillScalar,,,15.15,15.15,1.4200625,1.4200625,0,0
aten::slice,,,4.3,8.29,0,0,0,0
aten::as_strided,,,3.99,3.99,0,0,0,0
aten::slice,,,3.24,14.41,0,0,0,0
aten::as_strided,,,11.17,11.17,0,0,0,0
_compute_slot_mapping_fused_groups_kernel,,,38.75,38.75,21.8004375,21.8004375,0,0
aten::slice,,,9.34,17.08,0,0,0,0
aten::as_strided,,,7.74,7.74,0,0,0,0
aten::sub,,,26.77,62.02,0,1.78003125,0,0
empty_tensor,,,10.56,10.56,0,0,0,0
aten::item,,,2.18,4.05,0,0,0,0
aten::_local_scalar_dense,,,1.87,1.87,0,0,0,0
aclnnSubs,,,20.64,20.64,1.78003125,1.78003125,0,0
aten::pin_memory,,,7.69,26.4,0,0,0,0
aten::is_pinned,,,18.71,18.71,0,0,0,0
aten::copy_,,,20.4,42.81,0,2.36003125,0,0
acl_memcpy_host_to_device,,,22.41,22.41,2.36003125,2.36003125,0,0
aten::detach,,,4.74,4.74,0,0,0,0
aten::to,,,1.91,1.91,0,0,0,0
aten::resolve_conj,,,1.17,1.17,0,0,0,0
aten::resolve_neg,,,1.09,1.09,0,0,0,0
aten::slice,,,7.98,15.62,0,0,0,0
aten::as_strided,,,7.64,7.64,0,0,0,0
aten::slice,,,3.14,6.25,0,0,0,0
aten::as_strided,,,3.11,3.11,0,0,0,0
aten::slice,,,8.86,11.68,0,0,0,0
aten::as_strided,,,2.82,2.82,0,0,0,0
aten::fill_,,,18.98,37.75,0,0,0,0
aclnnInplaceFillScalar,,,18.77,18.77,0,0,0,0
aten::slice,,,4.15,7.79,0,0,0,0
aten::as_strided,,,3.64,3.64,0,0,0,0
aten::fill_,,,12.78,26.97,0,0,0,0
aclnnInplaceFillScalar,,,14.19,14.19,0,0,0,0
aten::slice,,,5.86,8.28,0,0,0,0
aten::as_strided,,,2.42,2.42,0,0,0,0
aten::slice,,,2.59,3.54,0,0,0,0
aten::as_strided,,,0.95,0.95,0,0,0,0
aten::lt,,,14.18,14.18,0,0,0,0
aten::lift_fresh,,,1.25,1.25,0,0,0,0
aten::slice,,,1.62,2.66,0,0,0,0
aten::as_strided,,,1.04,1.04,0,0,0,0
aten::fill_,,,2.42,9.18,0,0,0,0
aten::copy_,,,6.76,6.76,0,0,0,0
aten::slice,,,3.75,5.69,0,0,0,0
aten::as_strided,,,1.94,1.94,0,0,0,0
aten::slice,,,2.97,7.26,0,0,0,0
aten::as_strided,,,4.29,4.29,0,0,0,0
aten::slice,,,2.69,3.93,0,0,0,0
aten::as_strided,,,1.24,1.24,0,0,0,0
aten::slice,,,3.46,6.27,0,0,0,0
aten::as_strided,,,2.81,2.81,0,0,0,0
aten::slice,,,2.56,3.58,0,0,0,0
aten::as_strided,,,1.02,1.02,0,0,0,0
aten::slice,,,2.3,3.8,0,0,0,0
aten::as_strided,,,1.5,1.5,0,0,0,0
aten::slice,,,2.82,5.65,0,0,0,0
aten::as_strided,,,2.83,2.83,0,0,0,0
aten::slice,,,2.54,5.2,0,0,0,0
aten::as_strided,,,2.66,2.66,0,0,0,0
aten::slice,,,2.45,4.68,0,0,0,0
aten::as_strided,,,2.23,2.23,0,0,0,0
aten::slice,,,5.55,11.07,0,0,0,0
aten::as_strided,,,5.52,5.52,0,0,0,0
aten::slice,,,3.45,6.95,0,0,0,0
aten::as_strided,,,3.5,3.5,0,0,0,0
aten::slice,,,2.88,5.69,0,0,0,0
aten::as_strided,,,2.81,2.81,0,0,0,0
aten::to,,,1.85,1.85,0,0,0,0
aten::slice,,,2.9,5.55,0,0,0,0
aten::as_strided,,,2.65,2.65,0,0,0,0
aten::slice,,,2.52,5.06,0,0,0,0
aten::as_strided,,,2.54,2.54,0,0,0,0
aten::slice,,,2.68,4.18,0,0,0,0
aten::as_strided,,,1.5,1.5,0,0,0,0
aten::slice,,,3.29,6.98,0,0,0,0
aten::as_strided,,,3.69,3.69,0,0,0,0
aten::slice,,,2.39,6.51,0,0,0,0
aten::as_strided,,,4.12,4.12,0,0,0,0
aten::alias,,,5.59,5.59,0,0,0,0
aten::div,,,38.67,64.88,0,6.28015625,0,0
aten::item,,,2.11,3.73,0,0,0,0
aten::_local_scalar_dense,,,1.62,1.62,0,0,0,0
aclnnDivMods,,,22.48,22.48,6.28015625,6.28015625,0,0
aten::slice,,,2.93,7.86,0,0,0,0
aten::as_strided,,,4.93,4.93,0,0,0,0
aten::slice,,,4.2,7.67,0,0,0,0
aten::as_strided,,,3.47,3.47,0,0,0,0
aten::copy_,,,62.83,81.04,0,0.6,0,0
aclnnInplaceCopy,,,18.21,18.21,0.6,0.6,0,0
aten::slice,,,3.11,6.78,0,0,0,0
aten::as_strided,,,3.67,3.67,0,0,0,0
aten::slice,,,4.63,7.86,0,0,0,0
aten::as_strided,,,3.23,3.23,0,0,0,0
aten::ge,,,22.23,48.26,0,4.14009375,0,0
empty_tensor,,,11.68,11.68,0,0,0,0
aclnnGeScalar,,,14.35,14.35,4.14009375,4.14009375,0,0
aten::add,,,20.75,45.52,0,2.06003125,0,0
empty_tensor,,,6.89,6.89,0,0,0,0
aten::item,,,2.46,4.32,0,0,0,0
aten::_local_scalar_dense,,,1.86,1.86,0,0,0,0
aclnnAdds,,,13.56,13.56,2.06003125,2.06003125,0,0
aten::remainder,,,23.12,42.81,0,3.44009375,0,0
empty_tensor,,,7.3,7.3,0,0,0,0
aclnnRemainderTensorScalar,,,12.39,12.39,3.44009375,3.44009375,0,0
aten::eq,,,12.56,30.5,0,2.42003125,0,0
empty_tensor,,,6.44,6.44,0,0,0,0
aclnnEqScalar,,,11.5,11.5,2.42003125,2.42003125,0,0
aten::__and__,,,2.66,35.85,0,1.58003125,0,0
aten::bitwise_and,,,16.99,33.19,0,1.58003125,0,0
empty_tensor,,,6.42,6.42,0,0,0,0
aclnnBitwiseAndTensor,,,9.78,9.78,1.58003125,1.58003125,0,0
aten::clamp_min,,,13.39,29.79,0,1.66003125,0,0
empty_tensor,,,5.76,5.76,0,0,0,0
aclnnClampMin,,,10.64,10.64,1.66003125,1.66003125,0,0
aten::div,,,22.27,43.96,0,5.32009375,0,0
empty_tensor,,,6.57,6.57,0,0,0,0
aten::item,,,2.08,3.66,0,0,0,0
aten::_local_scalar_dense,,,1.58,1.58,0,0,0,0
aclnnDivMods,,,11.46,11.46,5.32009375,5.32009375,0,0
aten::remainder,,,20.21,38.99,0,4.6200937500000006,0,0
empty_tensor,,,6.2,6.2,0,0,0,0
aclnnRemainderTensorScalar,,,12.58,12.58,4.6200937500000006,4.6200937500000006,0,0
aten::mul,,,17.34,38.18,0,1.44003125,0,0
empty_tensor,,,5.84,5.84,0,0,0,0
aten::item,,,1.9,3.68,0,0,0,0
aten::_local_scalar_dense,,,1.78,1.78,0,0,0,0
aclnnMuls,,,11.32,11.32,1.44003125,1.44003125,0,0
aten::div,,,20.26,41.88,0,4.8000625,0,0
empty_tensor,,,6.68,6.68,0,0,0,0
aten::item,,,1.37,2.71,0,0,0,0
aten::_local_scalar_dense,,,1.34,1.34,0,0,0,0
aclnnDivMods,,,12.23,12.23,4.8000625,4.8000625,0,0
aten::add,,,15.19,23.76,0,1.34003125,0,0
empty_tensor,,,5.93,5.93,0,0,0,0
aclnnAdd,,,2.64,2.64,1.34003125,1.34003125,0,0
aten::full_like,,,4.73,45.45,0,1.36003125,0,0
aten::empty_like,,,6.38,18.93,0,0,0,0
aten::empty_strided,,,8.23,12.55,0,0,0,0
empty_tensor,,,4.32,4.32,0,0,0,0
aten::fill_,,,9.36,21.79,0,1.36003125,0,0
aclnnInplaceFillScalar,,,12.43,12.43,1.36003125,1.36003125,0,0
aten::where,,,13.98,30.35,0,1.74,0,0
empty_tensor,,,6.12,6.12,0,0,0,0
aclnnSWhere,,,10.25,10.25,1.74,1.74,0,0
aten::copy_,,,14.38,24.66,0,1.14003125,0,0
aclnnInplaceCopy,,,10.28,10.28,1.14003125,1.14003125,0,0
aten::slice,,,3.94,8.47,0,0,0,0
aten::as_strided,,,4.53,4.53,0,0,0,0
aten::slice,,,5.7,8.72,0,0,0,0
aten::as_strided,,,3.02,3.02,0,0,0,0
aten::div,,,23.83,39.47,0,4.4400625,0,0
aten::item,,,1.78,3.45,0,0,0,0
aten::_local_scalar_dense,,,1.67,1.67,0,0,0,0
aclnnDivMods,,,12.19,12.19,4.4400625,4.4400625,0,0
aten::slice,,,2.35,5.97,0,0,0,0
aten::as_strided,,,3.62,3.62,0,0,0,0
aten::slice,,,4.39,6.99,0,0,0,0
aten::as_strided,,,2.6,2.6,0,0,0,0
aten::slice,,,2.43,5.02,0,0,0,0
aten::as_strided,,,2.59,2.59,0,0,0,0
aten::copy_,,,59.86,73.75,0,0.6,0,0
aclnnInplaceCopy,,,13.89,13.89,0.6,0.6,0,0
aten::slice,,,3.47,7.53,0,0,0,0
aten::as_strided,,,4.06,4.06,0,0,0,0
aten::slice,,,4.84,7.32,0,0,0,0
aten::as_strided,,,2.48,2.48,0,0,0,0
aten::copy_,,,49.37,63.88,0,0.60003125,0,0
aclnnInplaceCopy,,,14.51,14.51,0.60003125,0.60003125,0,0
aten::slice,,,5.9,8.67,0,0,0,0
aten::as_strided,,,2.77,2.77,0,0,0,0
aten::div,,,13.18,30.39,0,0,0,0
aten::to,,,1.55,17.21,0,0,0,0
aten::_to_copy,,,4.6,15.66,0,0,0,0
aten::empty_strided,,,3.57,3.57,0,0,0,0
aten::copy_,,,7.49,7.49,0,0,0,0
aten::slice,,,4.35,9.82,0,0,0,0
aten::as_strided,,,5.47,5.47,0,0,0,0
aten::slice,,,6.45,11.34,0,0,0,0
aten::as_strided,,,4.89,4.89,0,0,0,0
aten::slice,,,3.25,6.31,0,0,0,0
aten::as_strided,,,3.06,3.06,0,0,0,0
aten::slice,,,2.2,5.02,0,0,0,0
aten::as_strided,,,2.82,2.82,0,0,0,0
aten::fill_,,,18.48,36.09,0,0,0,0
aclnnInplaceFillScalar,,,17.61,17.61,0,0,0,0
aten::slice,,,5.39,9.31,0,0,0,0
aten::as_strided,,,3.92,3.92,0,0,0,0
aten::fill_,,,12.42,25.61,0,0,0,0
aclnnInplaceFillScalar,,,13.19,13.19,0,0,0,0
aten::slice,,,5.74,10.12,0,0,0,0
aten::as_strided,,,4.38,4.38,0,0,0,0
aten::slice,,,3.11,5.97,0,0,0,0
aten::as_strided,,,2.86,2.86,0,0,0,0
aten::slice,,,5.94,8.5,0,0,0,0
aten::as_strided,,,2.56,2.56,0,0,0,0
aten::slice,,,2.64,6.55,0,0,0,0
aten::as_strided,,,3.91,3.91,0,0,0,0
aten::slice,,,3.22,5.85,0,0,0,0
aten::as_strided,,,2.63,2.63,0,0,0,0
aten::slice,,,2.61,5.25,0,0,0,0
aten::as_strided,,,2.64,2.64,0,0,0,0
aten::slice,,,2.26,4.65,0,0,0,0
aten::as_strided,,,2.39,2.39,0,0,0,0
aten::fill_,,,14.18,31.3,0,0,0,0
aclnnInplaceFillScalar,,,17.12,17.12,0,0,0,0
aten::slice,,,4.63,8.75,0,0,0,0
aten::as_strided,,,4.12,4.12,0,0,0,0
aten::fill_,,,11.73,22.97,0,0,0,0
aclnnInplaceFillScalar,,,11.24,11.24,0,0,0,0
aten::diff,,,7.79,35.64,0,0,0,0
aten::narrow,,,7.02,11.2,0,0,0,0
aten::slice,,,2.17,4.18,0,0,0,0
aten::as_strided,,,2.01,2.01,0,0,0,0
aten::narrow,,,2.29,4.09,0,0,0,0
aten::slice,,,0.96,1.8,0,0,0,0
aten::as_strided,,,0.84,0.84,0,0,0,0
aten::sub,,,12.56,12.56,0,0,0,0
aten::eq,,,13.75,28.07,0,0,0,0
aten::to,,,1.63,14.32,0,0,0,0
aten::_to_copy,,,4.38,12.69,0,0,0,0
aten::empty_strided,,,2.52,2.52,0,0,0,0
aten::copy_,,,5.79,5.79,0,0,0,0
aten::__and__,,,1.93,7.01,0,0,0,0
aten::bitwise_and,,,5.08,5.08,0,0,0,0
aten::gt,,,7.97,16.14,0,0,0,0
aten::to,,,0.94,8.17,0,0,0,0
aten::_to_copy,,,2.65,7.23,0,0,0,0
aten::empty_strided,,,1.62,1.62,0,0,0,0
aten::copy_,,,2.96,2.96,0,0,0,0
aten::__and__,,,1.32,4.31,0,0,0,0
aten::bitwise_and,,,2.99,2.99,0,0,0,0
aten::any,,,7.16,14.86,0,0,0,0
aten::view_as,,,2.07,3.82,0,0,0,0
aten::view,,,1.75,1.75,0,0,0,0
aten::to,,,0.67,0.67,0,0,0,0
aten::copy_,,,3.21,3.21,0,0,0,0
aten::item,,,2.13,3.85,0,0,0,0
aten::_local_scalar_dense,,,1.72,1.72,0,0,0,0
aten::slice,,,6.36,8.29,0,0,0,0
aten::as_strided,,,1.93,1.93,0,0,0,0
aten::slice,,,2.29,3.14,0,0,0,0
aten::as_strided,,,0.85,0.85,0,0,0,0
aten::sub,,,7.17,7.17,0,0,0,0
aten::select,,,3.75,4.83,0,0,0,0
aten::as_strided,,,1.08,1.08,0,0,0,0
aten::item,,,1.67,2.98,0,0,0,0
aten::_local_scalar_dense,,,1.31,1.31,0,0,0,0
aten::gt,,,8.78,20.1,0,0,0,0
aten::to,,,1.44,11.32,0,0,0,0
aten::_to_copy,,,3.77,9.88,0,0,0,0
aten::empty_strided,,,2.09,2.09,0,0,0,0
aten::copy_,,,4.02,4.02,0,0,0,0
aten::__ior__,,,2.08,6.97,0,0,0,0
aten::bitwise_or_,,,4.89,4.89,0,0,0,0
aten::any,,,5.72,12.62,0,0,0,0
aten::view_as,,,1.65,3.57,0,0,0,0
aten::view,,,1.92,1.92,0,0,0,0
aten::to,,,0.53,0.53,0,0,0,0
aten::copy_,,,2.8,2.8,0,0,0,0
aten::is_nonzero,,,1.74,4.47,0,0,0,0
aten::item,,,0.96,2.73,0,0,0,0
aten::_local_scalar_dense,,,1.77,1.77,0,0,0,0
aten::select,,,4.87,10.61,0,0,0,0
aten::as_strided,,,5.74,5.74,0,0,0,0
aten::slice,,,5.04,9.26,0,0,0,0
aten::as_strided,,,4.22,4.22,0,0,0,0
aten::slice,,,2.48,5.08,0,0,0,0
aten::as_strided,,,2.6,2.6,0,0,0,0
aten::slice,,,2.21,4.47,0,0,0,0
aten::as_strided,,,2.26,2.26,0,0,0,0
aten::copy_,,,65.21,86.56,0,0.62003125,0,0
aclnnInplaceCopy,,,21.35,21.35,0.62003125,0.62003125,0,0
aten::slice,,,6.18,10.47,0,0,0,0
aten::as_strided,,,4.29,4.29,0,0,0,0
aten::fill_,,,15.33,18.85,0,0,0,0
aclnnInplaceFillScalar,,,3.52,3.52,0,0,0,0
aten::slice,,,5.62,9.63,0,0,0,0
aten::as_strided,,,4.01,4.01,0,0,0,0
aten::slice,,,2.78,5.42,0,0,0,0
aten::as_strided,,,2.64,2.64,0,0,0,0
aten::slice,,,2.49,4.99,0,0,0,0
aten::as_strided,,,2.5,2.5,0,0,0,0
aten::copy_,,,51.06,70.24,0,0.64,0,0
aclnnInplaceCopy,,,19.18,19.18,0.64,0.64,0,0
aten::slice,,,6.39,10.43,0,0,0,0
aten::as_strided,,,4.04,4.04,0,0,0,0
aten::slice,,,3.63,6.91,0,0,0,0
aten::as_strided,,,3.28,3.28,0,0,0,0
aten::slice,,,3.37,6.19,0,0,0,0
aten::as_strided,,,2.82,2.82,0,0,0,0
aten::slice,,,2.43,4.85,0,0,0,0
aten::as_strided,,,2.42,2.42,0,0,0,0
aten::slice,,,2.45,5.03,0,0,0,0
aten::as_strided,,,2.58,2.58,0,0,0,0
aten::copy_,,,48.61,64.34,0,0.66,0,0
aclnnInplaceCopy,,,15.73,15.73,0.66,0.66,0,0
aten::slice,,,6.13,9.92,0,0,0,0
aten::as_strided,,,3.79,3.79,0,0,0,0
aten::slice,,,2.85,5.18,0,0,0,0
aten::as_strided,,,2.33,2.33,0,0,0,0
aten::slice,,,2.28,4.34,0,0,0,0
aten::as_strided,,,2.06,2.06,0,0,0,0
aten::sub,,,18.67,30.7,0,1.38003125,0,0
aclnnSub,,,12.03,12.03,1.38003125,1.38003125,0,0
aten::slice,,,6.55,9.3,0,0,0,0
aten::as_strided,,,2.75,2.75,0,0,0,0
aten::slice,,,3.21,7.78,0,0,0,0
aten::as_strided,,,4.57,4.57,0,0,0,0
aten::slice,,,3.23,6.09,0,0,0,0
aten::as_strided,,,2.86,2.86,0,0,0,0
aten::slice,,,2.61,5.5,0,0,0,0
aten::as_strided,,,2.89,2.89,0,0,0,0
aten::slice,,,2.31,4.62,0,0,0,0
aten::as_strided,,,2.31,2.31,0,0,0,0
aten::fill_,,,15.18,29.15,0,0,0,0
aclnnInplaceFillScalar,,,13.97,13.97,0,0,0,0
aten::slice,,,4.58,8.04,0,0,0,0
aten::as_strided,,,3.46,3.46,0,0,0,0
aten::fill_,,,11.32,23.06,0,0,0,0
aclnnInplaceFillScalar,,,11.74,11.74,0,0,0,0
aten::diff,,,6.92,33.71,0,0,0,0
aten::narrow,,,5.66,10.64,0,0,0,0
aten::slice,,,2.67,4.98,0,0,0,0
aten::as_strided,,,2.31,2.31,0,0,0,0
aten::narrow,,,2.34,4.79,0,0,0,0
aten::slice,,,1.28,2.45,0,0,0,0
aten::as_strided,,,1.17,1.17,0,0,0,0
aten::sub,,,11.36,11.36,0,0,0,0
aten::eq,,,12.02,26.88,0,0,0,0
aten::to,,,1.86,14.86,0,0,0,0
aten::_to_copy,,,4.29,13.0,0,0,0,0
aten::empty_strided,,,2.73,2.73,0,0,0,0
aten::copy_,,,5.98,5.98,0,0,0,0
aten::__and__,,,1.93,6.35,0,0,0,0
aten::bitwise_and,,,4.42,4.42,0,0,0,0
aten::gt,,,7.74,15.87,0,0,0,0
aten::to,,,0.97,8.13,0,0,0,0
aten::_to_copy,,,2.68,7.16,0,0,0,0
aten::empty_strided,,,1.86,1.86,0,0,0,0
aten::copy_,,,2.62,2.62,0,0,0,0
aten::__and__,,,1.34,4.61,0,0,0,0
aten::bitwise_and,,,3.27,3.27,0,0,0,0
aten::any,,,5.57,12.45,0,0,0,0
aten::view_as,,,1.81,3.57,0,0,0,0
aten::view,,,1.76,1.76,0,0,0,0
aten::to,,,0.55,0.55,0,0,0,0
aten::copy_,,,2.76,2.76,0,0,0,0
aten::item,,,2.0,3.27,0,0,0,0
aten::_local_scalar_dense,,,1.27,1.27,0,0,0,0
aten::slice,,,8.42,10.8,0,0,0,0
aten::as_strided,,,2.38,2.38,0,0,0,0
aten::slice,,,2.34,3.14,0,0,0,0
aten::as_strided,,,0.8,0.8,0,0,0,0
aten::sub,,,5.36,5.36,0,0,0,0
aten::select,,,3.05,3.86,0,0,0,0
aten::as_strided,,,0.81,0.81,0,0,0,0
aten::item,,,1.29,2.95,0,0,0,0
aten::_local_scalar_dense,,,1.66,1.66,0,0,0,0
aten::gt,,,7.71,16.0,0,0,0,0
aten::to,,,1.35,8.29,0,0,0,0
aten::_to_copy,,,2.71,6.94,0,0,0,0
aten::empty_strided,,,1.6,1.6,0,0,0,0
aten::copy_,,,2.63,2.63,0,0,0,0
aten::__ior__,,,1.69,5.96,0,0,0,0
aten::bitwise_or_,,,4.27,4.27,0,0,0,0
aten::any,,,7.65,13.3,0,0,0,0
aten::view_as,,,1.39,2.8,0,0,0,0
aten::view,,,1.41,1.41,0,0,0,0
aten::to,,,0.32,0.32,0,0,0,0
aten::copy_,,,2.53,2.53,0,0,0,0
aten::is_nonzero,,,1.26,12.76,0,0,0,0
aten::item,,,1.42,11.5,0,0,0,0
aten::_local_scalar_dense,,,10.08,10.08,0,0,0,0
aten::select,,,14.72,20.68,0,0,0,0
aten::as_strided,,,5.96,5.96,0,0,0,0
aten::slice,,,5.15,9.26,0,0,0,0
aten::as_strided,,,4.11,4.11,0,0,0,0
aten::slice,,,2.43,4.69,0,0,0,0
aten::as_strided,,,2.26,2.26,0,0,0,0
aten::slice,,,2.36,4.46,0,0,0,0
aten::as_strided,,,2.1,2.1,0,0,0,0
aten::copy_,,,80.62,111.06,0,0.60003125,0,0
aclnnInplaceCopy,,,30.44,30.44,0.60003125,0.60003125,0,0
aten::slice,,,6.44,11.01,0,0,0,0
aten::as_strided,,,4.57,4.57,0,0,0,0
aten::fill_,,,15.92,40.19,0,0,0,0
aclnnInplaceFillScalar,,,24.27,24.27,0,0,0,0
aten::slice,,,5.85,9.82,0,0,0,0
aten::as_strided,,,3.97,3.97,0,0,0,0
aten::slice,,,3.29,5.85,0,0,0,0
aten::as_strided,,,2.56,2.56,0,0,0,0
aten::slice,,,3.44,14.2,0,0,0,0
aten::as_strided,,,10.76,10.76,0,0,0,0
aten::copy_,,,62.55,94.87,0,0.58,0,0
aclnnInplaceCopy,,,32.32,32.32,0.58,0.58,0,0
aten::slice,,,5.77,9.83,0,0,0,0
aten::as_strided,,,4.06,4.06,0,0,0,0
aten::slice,,,3.39,6.64,0,0,0,0
aten::as_strided,,,3.25,3.25,0,0,0,0
aten::slice,,,2.83,6.38,0,0,0,0
aten::as_strided,,,3.55,3.55,0,0,0,0
aten::slice,,,2.27,4.59,0,0,0,0
aten::as_strided,,,2.32,2.32,0,0,0,0
aten::slice,,,2.33,5.16,0,0,0,0
aten::as_strided,,,2.83,2.83,0,0,0,0
aten::copy_,,,51.64,66.01,0,0.66,0,0
aclnnInplaceCopy,,,14.37,14.37,0.66,0.66,0,0
aten::slice,,,6.14,10.51,0,0,0,0
aten::as_strided,,,4.37,4.37,0,0,0,0
aten::slice,,,2.53,5.0,0,0,0,0
aten::as_strided,,,2.47,2.47,0,0,0,0
aten::slice,,,2.21,4.56,0,0,0,0
aten::as_strided,,,2.35,2.35,0,0,0,0
aten::sub,,,20.14,32.62,0,1.44,0,0
aclnnSub,,,12.48,12.48,1.44,1.44,0,0
aten::slice,,,6.09,8.86,0,0,0,0
aten::as_strided,,,2.77,2.77,0,0,0,0
aten::slice,,,2.84,6.81,0,0,0,0
aten::as_strided,,,3.97,3.97,0,0,0,0
aten::slice,,,2.91,6.08,0,0,0,0
aten::as_strided,,,3.17,3.17,0,0,0,0
aten::slice,,,3.1,5.38,0,0,0,0
aten::as_strided,,,2.28,2.28,0,0,0,0
aten::slice,,,2.25,4.05,0,0,0,0
aten::as_strided,,,1.8,1.8,0,0,0,0
aten::fill_,,,15.3,29.21,0,0,0,0
aclnnInplaceFillScalar,,,13.91,13.91,0,0,0,0
aten::slice,,,5.26,8.96,0,0,0,0
aten::as_strided,,,3.7,3.7,0,0,0,0
aten::fill_,,,12.68,22.54,0,0,0,0
aclnnInplaceFillScalar,,,9.86,9.86,0,0,0,0
aten::diff,,,6.5,32.67,0,0,0,0
aten::narrow,,,5.46,9.59,0,0,0,0
aten::slice,,,2.01,4.13,0,0,0,0
aten::as_strided,,,2.12,2.12,0,0,0,0
aten::narrow,,,1.93,4.31,0,0,0,0
aten::slice,,,0.97,2.38,0,0,0,0
aten::as_strided,,,1.41,1.41,0,0,0,0
aten::sub,,,12.27,12.27,0,0,0,0
aten::eq,,,11.67,26.24,0,0,0,0
aten::to,,,1.67,14.57,0,0,0,0
aten::_to_copy,,,4.66,12.9,0,0,0,0
aten::empty_strided,,,2.84,2.84,0,0,0,0
aten::copy_,,,5.4,5.4,0,0,0,0
aten::__and__,,,1.98,6.52,0,0,0,0
aten::bitwise_and,,,4.54,4.54,0,0,0,0
aten::gt,,,7.47,16.02,0,0,0,0
aten::to,,,0.89,8.55,0,0,0,0
aten::_to_copy,,,2.52,7.66,0,0,0,0
aten::empty_strided,,,2.42,2.42,0,0,0,0
aten::copy_,,,2.72,2.72,0,0,0,0
aten::__and__,,,1.12,3.9,0,0,0,0
aten::bitwise_and,,,2.78,2.78,0,0,0,0
aten::any,,,6.06,12.49,0,0,0,0
aten::view_as,,,1.72,3.3,0,0,0,0
aten::view,,,1.58,1.58,0,0,0,0
aten::to,,,0.48,0.48,0,0,0,0
aten::copy_,,,2.65,2.65,0,0,0,0
aten::item,,,1.8,3.16,0,0,0,0
aten::_local_scalar_dense,,,1.36,1.36,0,0,0,0
aten::slice,,,5.32,6.89,0,0,0,0
aten::as_strided,,,1.57,1.57,0,0,0,0
aten::slice,,,2.34,3.2,0,0,0,0
aten::as_strided,,,0.86,0.86,0,0,0,0
aten::sub,,,5.46,5.46,0,0,0,0
aten::select,,,2.91,4.23,0,0,0,0
aten::as_strided,,,1.32,1.32,0,0,0,0
aten::item,,,1.28,2.48,0,0,0,0
aten::_local_scalar_dense,,,1.2,1.2,0,0,0,0
aten::gt,,,7.33,16.25,0,0,0,0
aten::to,,,1.39,8.92,0,0,0,0
aten::_to_copy,,,2.6,7.53,0,0,0,0
aten::empty_strided,,,1.84,1.84,0,0,0,0
aten::copy_,,,3.09,3.09,0,0,0,0
aten::__ior__,,,1.89,6.04,0,0,0,0
aten::bitwise_or_,,,4.15,4.15,0,0,0,0
aten::any,,,5.0,11.46,0,0,0,0
aten::view_as,,,1.65,3.0,0,0,0,0
aten::view,,,1.35,1.35,0,0,0,0
aten::to,,,0.83,0.83,0,0,0,0
aten::copy_,,,2.63,2.63,0,0,0,0
aten::is_nonzero,,,1.38,3.67,0,0,0,0
aten::item,,,1.32,2.29,0,0,0,0
aten::_local_scalar_dense,,,0.97,0.97,0,0,0,0
aten::select,,,4.66,12.22,0,0,0,0
aten::as_strided,,,7.56,7.56,0,0,0,0
aten::slice,,,4.75,8.97,0,0,0,0
aten::as_strided,,,4.22,4.22,0,0,0,0
aten::slice,,,2.65,4.96,0,0,0,0
aten::as_strided,,,2.31,2.31,0,0,0,0
aten::slice,,,2.72,4.98,0,0,0,0
aten::as_strided,,,2.26,2.26,0,0,0,0
aten::copy_,,,60.24,82.01,0,0.62003125,0,0
aclnnInplaceCopy,,,21.77,21.77,0.62003125,0.62003125,0,0
aten::slice,,,6.39,10.8,0,0,0,0
aten::as_strided,,,4.41,4.41,0,0,0,0
aten::fill_,,,14.45,27.23,0,0,0,0
aclnnInplaceFillScalar,,,12.78,12.78,0,0,0,0
aten::slice,,,5.76,9.85,0,0,0,0
aten::as_strided,,,4.09,4.09,0,0,0,0
aten::slice,,,3.04,5.71,0,0,0,0
aten::as_strided,,,2.67,2.67,0,0,0,0
aten::slice,,,2.72,5.18,0,0,0,0
aten::as_strided,,,2.46,2.46,0,0,0,0
aten::copy_,,,50.65,63.93,0,0.62003125,0,0
aclnnInplaceCopy,,,13.28,13.28,0.62003125,0.62003125,0,0
aten::slice,,,5.91,9.54,0,0,0,0
aten::as_strided,,,3.63,3.63,0,0,0,0
aten::slice,,,3.35,6.87,0,0,0,0
aten::as_strided,,,3.52,3.52,0,0,0,0
aten::slice,,,3.05,5.95,0,0,0,0
aten::as_strided,,,2.9,2.9,0,0,0,0
aten::slice,,,2.37,4.63,0,0,0,0
aten::as_strided,,,2.26,2.26,0,0,0,0
aten::slice,,,2.41,4.69,0,0,0,0
aten::as_strided,,,2.28,2.28,0,0,0,0
aten::copy_,,,48.09,62.9,0,0.72003125,0,0
aclnnInplaceCopy,,,14.81,14.81,0.72003125,0.72003125,0,0
aten::slice,,,5.81,9.72,0,0,0,0
aten::as_strided,,,3.91,3.91,0,0,0,0
aten::slice,,,2.63,5.08,0,0,0,0
aten::as_strided,,,2.45,2.45,0,0,0,0
aten::slice,,,2.3,4.54,0,0,0,0
aten::as_strided,,,2.24,2.24,0,0,0,0
aten::sub,,,17.18,29.37,0,1.4600625,0,0
aclnnSub,,,12.19,12.19,1.4600625,1.4600625,0,0
Event::record,,,160.17,180.46,0,0.0,0,0
record_event,,,20.29,20.29,0.0,0.0,0,0
aten::slice,,,7.98,14.89,0,0,0,0
aten::as_strided,,,6.91,6.91,0,0,0,0
aten::slice,,,3.66,6.56,0,0,0,0
aten::as_strided,,,2.9,2.9,0,0,0,0
aten::slice,,,6.87,13.7,0,0,0,0
aten::as_strided,,,6.83,6.83,0,0,0,0
aten::scalar_tensor,,,7.37,57.15,0,1.52003125,0,0
aten::empty,,,3.42,15.81,0,0,0,0
empty_tensor,,,12.39,12.39,0,0,0,0
aten::fill_,,,17.48,33.97,0,1.52003125,0,0
aclnnInplaceFillScalar,,,16.49,16.49,1.52003125,1.52003125,0,0
aten::view,,,4.61,4.61,0,0,0,0
aten::expand,,,3.07,5.54,0,0,0,0
aten::as_strided,,,2.47,2.47,0,0,0,0
aten::copy_,,,52.81,66.98,0,0.6,0,0
aclnnInplaceCopy,,,14.17,14.17,0.6,0.6,0,0
aten::scalar_tensor,,,5.54,39.04,0,1.32003125,0,0
aten::empty,,,2.3,11.55,0,0,0,0
empty_tensor,,,9.25,9.25,0,0,0,0
aten::fill_,,,10.87,21.95,0,1.32003125,0,0
aclnnInplaceFillScalar,,,11.08,11.08,1.32003125,1.32003125,0,0
aten::slice,,,7.56,13.02,0,0,0,0
aten::as_strided,,,5.46,5.46,0,0,0,0
aten::view,,,2.8,2.8,0,0,0,0
aten::expand,,,1.87,3.8,0,0,0,0
aten::as_strided,,,1.93,1.93,0,0,0,0
aten::copy_,,,2.3,2.3,0,0,0,0
aten::index,,,37.02,70.85,0,11.24025,0,0
empty_tensor,,,7.91,7.91,0,0,0,0
empty_tensor,,,9.07,9.07,0,0,0,0
aclnnIndex,,,16.85,16.85,11.24025,11.24025,0,0
aten::linear,,,6.29,69.86,0,899.53796875,0,899.53796875
aten::t,,,6.71,17.35,0,0,0,0
aten::transpose,,,3.87,10.64,0,0,0,0
aten::as_strided,,,6.77,6.77,0,0,0,0
aten::matmul,,,21.95,46.22,0,899.53796875,0,899.53796875
empty_tensor,,,9.42,9.42,0,0,0,0
aclnnMatmul,,,14.85,14.85,899.53796875,899.53796875,899.53796875,899.53796875
aten::alias,,,3.24,3.24,0,0,0,0
aten::log_softmax,,,8.42,111.13,0,51.38103125,0,0
aten::to,,,3.43,66.77,0,7.60015625,0,0
aten::_to_copy,,,7.15,63.34,0,7.60015625,0,0
aten::empty_strided,,,11.88,18.94,0,0,0,0
empty_tensor,,,7.06,7.06,0,0,0,0
aten::copy_,,,21.54,37.25,0,7.60015625,0,0
aclnnInplaceCopy,,,15.71,15.71,7.60015625,7.60015625,0,0
aten::_log_softmax,,,18.13,35.94,0,43.780875,0,0
empty_tensor,,,7.34,7.34,0,0,0,0
aclnnLogSoftmax,,,10.47,10.47,43.780875,43.780875,0,0
aten::to,,,1.93,44.04,0,2.8000625,0,0
aten::_to_copy,,,5.03,42.11,0,2.8000625,0,0
aten::empty_strided,,,7.18,11.95,0,0,0,0
empty_tensor,,,4.77,4.77,0,0,0,0
aten::copy_,,,14.69,25.13,0,2.8000625,0,0
aclnnInplaceCopy,,,10.44,10.44,2.8000625,2.8000625,0,0
aten::argmax,,,7.54,60.3,0,20.84040625,0,0
aten::empty,,,2.76,10.92,0,0,0,0
empty_tensor,,,8.16,8.16,0,0,0,0
aten::argmax,,,24.0,41.84,0,20.84040625,0,0
aten::reshape,,,1.77,7.35,0,0,0,0
aten::view,,,5.58,5.58,0,0,0,0
aclnnArgMax,,,10.49,10.49,20.84040625,20.84040625,0,0
aten::view,,,4.01,4.01,0,0,0,0
aten::to,,,1.74,1.74,0,0,0,0
aten::topk,,,21.74,46.2,0,32.160624999999996,0,0
empty_tensor,,,7.61,7.61,0,0,0,0
empty_tensor,,,5.67,5.67,0,0,0,0
aclnnTopk,,,11.18,11.18,32.160624999999996,32.160624999999996,0,0
aten::unsqueeze,,,3.99,8.6,0,0,0,0
aten::as_strided,,,4.61,4.61,0,0,0,0
aten::gather,,,22.54,32.61,0,6.04009375,0,0
empty_tensor,,,6.61,6.61,0,0,0,0
aclnnGather,,,3.46,3.46,6.04009375,6.04009375,0,0
TorchDynamo Cache Lookup,,,37.71,37.71,0,0,0,0
Torch-Compiled Region: 0/0,,,111.3,199.42,0,37.80075,0,0
aten::_assert_scalar,,,3.33,3.33,0,0,0,0
aten::_assert_scalar,,,1.39,1.39,0,0,0,0
aten::_assert_scalar,,,0.89,0.89,0,0,0,0
aten::ge,,,17.38,44.15,0,7.7601875,0,0
empty_tensor,,,10.98,10.98,0,0,0,0
aclnnGeTensor,,,15.79,15.79,7.7601875,7.7601875,0,0
aten::sum,,,19.56,38.36,0,30.0405625,0,0
empty_tensor,,,7.94,7.94,0,0,0,0
aclnnReduceSum,,,10.86,10.86,30.0405625,30.0405625,0,0
aten::cat,,,19.17,38.77,0,2.8200625,0,0
empty_tensor,,,7.91,7.91,0,0,0,0
aclnnCat,,,11.69,11.69,2.8200625,2.8200625,0,0
aten::cat,,,13.03,30.42,0,2.0400625,0,0
empty_tensor,,,6.98,6.98,0,0,0,0
aclnnCat,,,10.41,10.41,2.0400625,2.0400625,0,0
aten::to,,,2.25,46.83,0,1.32,0,0
aten::_to_copy,,,6.21,44.58,0,1.32,0,0
aten::empty_strided,,,7.68,12.28,0,0,0,0
empty_tensor,,,4.6,4.6,0,0,0,0
aten::copy_,,,15.33,26.09,0,1.32,0,0
aclnnInplaceCopy,,,10.76,10.76,1.32,1.32,0,0
aten::to,,,1.83,42.19,0,1.3600625,0,0
aten::_to_copy,,,4.65,40.36,0,1.3600625,0,0
aten::empty_strided,,,6.93,11.57,0,0,0,0
empty_tensor,,,4.64,4.64,0,0,0,0
aten::copy_,,,14.06,24.14,0,1.3600625,0,0
aclnnInplaceCopy,,,10.08,10.08,1.3600625,1.3600625,0,0
aten::unsqueeze,,,3.26,8.04,0,0,0,0
aten::as_strided,,,4.78,4.78,0,0,0,0
Event::record,,,152.24,171.79,0,0.02,0,0
record_event,,,19.55,19.55,0.02,0.02,0,0
aten::slice,,,5.02,12.71,0,0,0,0
aten::as_strided,,,7.69,7.69,0,0,0,0
Event::wait,,,71.98,91.81,0,2220.364375,0,0
wait_event,,,19.83,19.83,2220.364375,2220.364375,0,0
Event::record,,,86.96,106.39,0,0.02,0,0
record_event,,,19.43,19.43,0.02,0.02,0,0
Event::wait,,,61.72,79.87,0,1839.35675,0,0
wait_event,,,18.15,18.15,1839.35675,1839.35675,0,0
destroy_event,,,12.01,12.01,0,0,0,0
aten::to,,,4.61,66.65,0,2.02003125,0,0
aten::_to_copy,,,7.18,62.04,0,2.02003125,0,0
aten::empty_strided,,,24.29,24.29,0,0,0,0
aten::copy_,,,18.96,30.57,0,2.02003125,0,0
acl_memcpy_device_to_host,,,11.61,11.61,2.02003125,2.02003125,0,0
aten::to,,,2.98,38.52,0,2.04003125,0,0
aten::_to_copy,,,5.38,35.54,0,2.04003125,0,0
aten::empty_strided,,,4.13,4.13,0,0,0,0
aten::copy_,,,14.39,26.03,0,2.04003125,0,0
acl_memcpy_device_to_host,,,11.64,11.64,2.04003125,2.04003125,0,0
aten::to,,,2.22,34.36,0,1.88003125,0,0
aten::_to_copy,,,4.54,32.14,0,1.88003125,0,0
aten::empty_strided,,,3.42,3.42,0,0,0,0
aten::copy_,,,11.99,24.18,0,1.88003125,0,0
acl_memcpy_device_to_host,,,12.19,12.19,1.88003125,1.88003125,0,0
aten::to,,,2.24,32.24,0,1.84003125,0,0
aten::_to_copy,,,4.01,30.0,0,1.84003125,0,0
aten::empty_strided,,,3.53,3.53,0,0,0,0
aten::copy_,,,11.55,22.46,0,1.84003125,0,0
acl_memcpy_device_to_host,,,10.91,10.91,1.84003125,1.84003125,0,0
Event::record,,,163.45,180.51,0,0.02,0,0
record_event,,,17.06,17.06,0.02,0.02,0,0
Event::synchronize,,,83.61,83.61,0,0,0,0
aten::resolve_conj,,,1.78,1.78,0,0,0,0
aten::resolve_neg,,,3.15,3.15,0,0,0,0
aten::to,,,3.43,3.43,0,0,0,0
aten::detach,,,3.71,3.71,0,0,0,0
aten::to,,,0.67,0.67,0,0,0,0
aten::resolve_conj,,,0.52,0.52,0,0,0,0
aten::resolve_neg,,,0.32,0.32,0,0,0,0
aten::to,,,1.45,1.45,0,0,0,0
aten::detach,,,18.26,18.26,0,0,0,0
aten::to,,,2.1,2.1,0,0,0,0
aten::resolve_conj,,,0.5,0.5,0,0,0,0
aten::resolve_neg,,,0.35,0.35,0,0,0,0
aten::to,,,1.38,1.38,0,0,0,0
aten::detach,,,1.3,1.3,0,0,0,0
aten::to,,,0.42,0.42,0,0,0,0
aten::resolve_conj,,,0.39,0.39,0,0,0,0
aten::resolve_neg,,,0.28,0.28,0,0,0,0
destroy_event,,,23.62,23.62,0,0,0,0
record_event,,,6.96,6.96,0.0,0.0,0,0
Event::synchronize,,,128.56,128.56,0,0,0,0
aten::slice,,,11.08,19.18,0,0,0,0
aten::as_strided,,,8.1,8.1,0,0,0,0
aten::slice,,,3.0,5.51,0,0,0,0
aten::as_strided,,,2.51,2.51,0,0,0,0
aten::slice,,,2.41,5.31,0,0,0,0
aten::as_strided,,,2.9,2.9,0,0,0,0
Event::record,,,152.26,172.79,0,0.02,0,0
record_event,,,20.53,20.53,0.02,0.02,0,0
Event::synchronize,,,106.26,106.26,0,0,0,0
aten::resolve_conj,,,1.52,1.52,0,0,0,0
aten::resolve_neg,,,0.96,0.96,0,0,0,0
aten::to,,,3.6,3.6,0,0,0,0
aten::detach,,,3.28,3.28,0,0,0,0
aten::to,,,1.54,1.54,0,0,0,0
aten::resolve_conj,,,0.53,0.53,0,0,0,0
aten::resolve_neg,,,0.26,0.26,0,0,0,0
aten::to,,,1.35,1.35,0,0,0,0
aten::detach,,,1.93,1.93,0,0,0,0
aten::to,,,0.47,0.47,0,0,0,0
aten::resolve_conj,,,0.34,0.34,0,0,0,0
aten::resolve_neg,,,0.23,0.23,0,0,0,0
aten::to,,,1.92,1.92,0,0,0,0
aten::detach,,,1.01,1.01,0,0,0,0
aten::to,,,0.44,0.44,0,0,0,0
aten::resolve_conj,,,0.29,0.29,0,0,0,0
aten::resolve_neg,,,0.26,0.26,0,0,0,0
destroy_event,,,22.03,22.03,0,0,0,0
record_event,,,6.18,6.18,0.0,0.0,0,0
Event::synchronize,,,88.96,88.96,0,0,0,0
Event::record,,,152.44,180.46,0,0.02,0,0
record_event,,,28.02,28.02,0.02,0.02,0,0
Event::synchronize,,,301.3,301.3,0,0,0,0
aten::slice,,,11.31,19.46,0,0,0,0
aten::as_strided,,,8.15,8.15,0,0,0,0
aten::slice,,,2.94,5.34,0,0,0,0
aten::as_strided,,,2.4,2.4,0,0,0,0
aten::slice,,,2.46,6.31,0,0,0,0
aten::as_strided,,,3.85,3.85,0,0,0,0
aten::slice,,,7.6,11.35,0,0,0,0
aten::as_strided,,,3.75,3.75,0,0,0,0
aten::slice,,,3.22,9.35,0,0,0,0
aten::as_strided,,,6.13,6.13,0,0,0,0
aten::pin_memory,,,114.62,131.23,0,0,0,0
aten::is_pinned,,,16.61,16.61,0,0,0,0
aten::copy_,,,21.55,37.12,0,2.3600625,0,0
acl_memcpy_host_to_device,,,15.57,15.57,2.3600625,2.3600625,0,0
aten::slice,,,7.39,10.07,0,0,0,0
aten::as_strided,,,2.68,2.68,0,0,0,0
aten::slice,,,3.06,7.52,0,0,0,0
aten::as_strided,,,4.46,4.46,0,0,0,0
aten::pin_memory,,,3.65,12.9,0,0,0,0
aten::is_pinned,,,9.25,9.25,0,0,0,0
aten::copy_,,,14.41,28.9,0,2.3200625,0,0
acl_memcpy_host_to_device,,,14.49,14.49,2.3200625,2.3200625,0,0
aten::slice,,,5.93,8.39,0,0,0,0
aten::as_strided,,,2.46,2.46,0,0,0,0
aten::slice,,,2.66,6.29,0,0,0,0
aten::as_strided,,,3.63,3.63,0,0,0,0
aten::pin_memory,,,3.54,11.23,0,0,0,0
aten::is_pinned,,,7.69,7.69,0,0,0,0
aten::copy_,,,13.75,25.5,0,2.3000625,0,0
acl_memcpy_host_to_device,,,11.75,11.75,2.3000625,2.3000625,0,0
aten::slice,,,5.09,6.89,0,0,0,0
aten::as_strided,,,1.8,1.8,0,0,0,0
aten::slice,,,2.83,6.45,0,0,0,0
aten::as_strided,,,3.62,3.62,0,0,0,0
aten::pin_memory,,,3.16,10.63,0,0,0,0
aten::is_pinned,,,7.47,7.47,0,0,0,0
aten::copy_,,,12.5,25.91,0,2.20003125,0,0
acl_memcpy_host_to_device,,,13.41,13.41,2.20003125,2.20003125,0,0
aten::slice,,,6.08,8.81,0,0,0,0
aten::as_strided,,,2.73,2.73,0,0,0,0
aten::slice,,,2.89,6.52,0,0,0,0
aten::as_strided,,,3.63,3.63,0,0,0,0
aten::pin_memory,,,2.96,10.61,0,0,0,0
aten::is_pinned,,,7.65,7.65,0,0,0,0
aten::copy_,,,12.62,25.35,0,2.6600625,0,0
acl_memcpy_host_to_device,,,12.73,12.73,2.6600625,2.6600625,0,0
aten::lift_fresh,,,1.91,1.91,0,0,0,0
aten::lift_fresh,,,0.78,0.78,0,0,0,0
aten::flatten,,,3.98,12.52,0,0,0,0
aten::view,,,8.54,8.54,0,0,0,0
aten::slice,,,5.11,7.0,0,0,0,0
aten::as_strided,,,1.89,1.89,0,0,0,0
aten::index_select,,,8.23,8.23,0,0,0,0
aten::pin_memory,,,6.12,20.97,0,0,0,0
aten::is_pinned,,,14.85,14.85,0,0,0,0
aten::copy_,,,17.24,35.02,0,2.22003125,0,0
acl_memcpy_host_to_device,,,17.78,17.78,2.22003125,2.22003125,0,0
aten::pin_memory,,,4.0,11.89,0,0,0,0
aten::is_pinned,,,7.89,7.89,0,0,0,0
aten::copy_,,,14.04,27.63,0,2.3000625,0,0
acl_memcpy_host_to_device,,,13.59,13.59,2.3000625,2.3000625,0,0
aten::slice,,,8.11,11.23,0,0,0,0
aten::as_strided,,,3.12,3.12,0,0,0,0
aten::lift_fresh,,,1.17,1.17,0,0,0,0
aten::slice,,,3.84,5.15,0,0,0,0
aten::as_strided,,,1.31,1.31,0,0,0,0
aten::add,,,16.03,16.03,0,0,0,0
aten::slice,,,3.63,5.01,0,0,0,0
aten::as_strided,,,1.38,1.38,0,0,0,0
aten::fill_,,,5.3,5.3,0,0,0,0
aten::slice,,,3.49,8.7,0,0,0,0
aten::as_strided,,,5.21,5.21,0,0,0,0
aten::fill_,,,20.55,35.81,0,1.4800625,0,0
aclnnInplaceFillScalar,,,15.26,15.26,1.4800625,1.4800625,0,0
aten::slice,,,5.77,7.99,0,0,0,0
aten::as_strided,,,2.22,2.22,0,0,0,0
aten::slice,,,3.13,7.45,0,0,0,0
aten::as_strided,,,4.32,4.32,0,0,0,0
aten::pin_memory,,,4.19,16.67,0,0,0,0
aten::is_pinned,,,12.48,12.48,0,0,0,0
aten::copy_,,,15.6,28.41,0,2.2200625,0,0
acl_memcpy_host_to_device,,,12.81,12.81,2.2200625,2.2200625,0,0
aten::slice,,,7.18,9.65,0,0,0,0
aten::as_strided,,,2.47,2.47,0,0,0,0
aten::detach,,,3.04,3.04,0,0,0,0
aten::to,,,2.14,2.14,0,0,0,0
aten::resolve_conj,,,0.95,0.95,0,0,0,0
aten::resolve_neg,,,0.78,0.78,0,0,0,0
aten::slice,,,5.38,7.07,0,0,0,0
aten::as_strided,,,1.69,1.69,0,0,0,0
aten::slice,,,2.92,8.31,0,0,0,0
aten::as_strided,,,5.39,5.39,0,0,0,0
aten::pin_memory,,,4.0,15.18,0,0,0,0
aten::is_pinned,,,11.18,11.18,0,0,0,0
aten::copy_,,,3.06,3.06,0,0,0,0
aten::slice,,,5.36,7.69,0,0,0,0
aten::as_strided,,,2.33,2.33,0,0,0,0
aten::slice,,,2.88,6.16,0,0,0,0
aten::as_strided,,,3.28,3.28,0,0,0,0
aten::pin_memory,,,3.2,11.27,0,0,0,0
aten::is_pinned,,,8.07,8.07,0,0,0,0
aten::copy_,,,15.07,34.13,0,2.4200625,0,0
acl_memcpy_host_to_device,,,19.06,19.06,2.4200625,2.4200625,0,0
aten::fill_,,,18.73,33.03,0,1.42,0,0
aclnnInplaceFillScalar,,,14.3,14.3,1.42,1.42,0,0
aten::slice,,,6.63,10.82,0,0,0,0
aten::as_strided,,,4.19,4.19,0,0,0,0
aten::slice,,,3.12,4.59,0,0,0,0
aten::as_strided,,,1.47,1.47,0,0,0,0
aten::copy_,,,16.68,30.07,0,2.4600625,0,0
acl_memcpy_host_to_device,,,13.39,13.39,2.4600625,2.4600625,0,0
aten::slice,,,5.17,6.94,0,0,0,0
aten::as_strided,,,1.77,1.77,0,0,0,0
aten::slice,,,2.89,6.86,0,0,0,0
aten::as_strided,,,3.97,3.97,0,0,0,0
aten::pin_memory,,,3.59,12.36,0,0,0,0
aten::is_pinned,,,8.77,8.77,0,0,0,0
aten::copy_,,,13.46,25.01,0,2.4200625,0,0
acl_memcpy_host_to_device,,,11.55,11.55,2.4200625,2.4200625,0,0
aten::slice,,,5.8,10.38,0,0,0,0
aten::as_strided,,,4.58,4.58,0,0,0,0
aten::slice,,,3.38,4.91,0,0,0,0
aten::as_strided,,,1.53,1.53,0,0,0,0
aten::slice,,,2.6,5.26,0,0,0,0
aten::as_strided,,,2.66,2.66,0,0,0,0
aten::pin_memory,,,3.21,11.34,0,0,0,0
aten::is_pinned,,,8.13,8.13,0,0,0,0
aten::copy_,,,13.17,24.7,0,2.4200625,0,0
acl_memcpy_host_to_device,,,11.53,11.53,2.4200625,2.4200625,0,0
aten::slice,,,5.15,7.16,0,0,0,0
aten::as_strided,,,2.01,2.01,0,0,0,0
aten::slice,,,3.15,7.56,0,0,0,0
aten::as_strided,,,4.41,4.41,0,0,0,0
aten::pin_memory,,,3.6,11.5,0,0,0,0
aten::is_pinned,,,7.9,7.9,0,0,0,0
aten::copy_,,,12.23,24.28,0,2.3600625,0,0
acl_memcpy_host_to_device,,,12.05,12.05,2.3600625,2.3600625,0,0
aten::slice,,,5.75,9.21,0,0,0,0
aten::as_strided,,,3.46,3.46,0,0,0,0
aten::index,,,35.03,65.37,0,17.840375,0,0
empty_tensor,,,7.52,7.52,0,0,0,0
empty_tensor,,,9.3,9.3,0,0,0,0
aclnnIndex,,,13.52,13.52,17.840375,17.840375,0,0
aten::to,,,2.68,54.15,0,1.4,0,0
aten::_to_copy,,,6.99,51.47,0,1.4,0,0
aten::empty_strided,,,10.12,14.97,0,0,0,0
empty_tensor,,,4.85,4.85,0,0,0,0
aten::copy_,,,17.99,29.51,0,1.4,0,0
aclnnInplaceCopy,,,11.52,11.52,1.4,1.4,0,0
aten::slice,,,6.18,10.6,0,0,0,0
aten::as_strided,,,4.42,4.42,0,0,0,0
aten::add,,,20.49,43.38,0,2.7800625,0,0
empty_tensor,,,7.7,7.7,0,0,0,0
aclnnAdd,,,15.19,15.19,2.7800625,2.7800625,0,0
aten::slice,,,5.51,10.79,0,0,0,0
aten::as_strided,,,5.28,5.28,0,0,0,0
aten::copy_,,,61.55,74.81,0,1.36003125,0,0
aclnnInplaceCopy,,,13.26,13.26,1.36003125,1.36003125,0,0
aten::slice,,,6.73,10.96,0,0,0,0
aten::as_strided,,,4.23,4.23,0,0,0,0
aten::add,,,17.98,39.16,0,1.54003125,0,0
empty_tensor,,,8.77,8.77,0,0,0,0
aclnnAdd,,,12.41,12.41,1.54003125,1.54003125,0,0
aten::slice,,,5.16,9.64,0,0,0,0
aten::as_strided,,,4.48,4.48,0,0,0,0
aten::copy_,,,68.05,83.02,0,0.6,0,0
aclnnInplaceCopy,,,14.97,14.97,0.6,0.6,0,0
aten::slice,,,6.65,10.75,0,0,0,0
aten::as_strided,,,4.1,4.1,0,0,0,0
aten::fill_,,,14.81,27.41,0,1.50003125,0,0
aclnnInplaceFillScalar,,,12.6,12.6,1.50003125,1.50003125,0,0
aten::slice,,,6.13,10.2,0,0,0,0
aten::as_strided,,,4.07,4.07,0,0,0,0
aten::slice,,,3.43,6.28,0,0,0,0
aten::as_strided,,,2.85,2.85,0,0,0,0
_compute_slot_mapping_fused_groups_kernel,,,31.52,31.52,22.3004375,22.3004375,0,0
aten::slice,,,9.41,17.14,0,0,0,0
aten::as_strided,,,7.73,7.73,0,0,0,0
aten::sub,,,45.97,79.96,0,1.40003125,0,0
empty_tensor,,,11.4,11.4,0,0,0,0
aten::item,,,2.5,4.74,0,0,0,0
aten::_local_scalar_dense,,,2.24,2.24,0,0,0,0
aclnnSubs,,,17.85,17.85,1.40003125,1.40003125,0,0
aten::detach,,,5.91,5.91,0,0,0,0
aten::to,,,2.05,2.05,0,0,0,0
aten::resolve_conj,,,0.91,0.91,0,0,0,0
aten::resolve_neg,,,0.71,0.71,0,0,0,0
aten::slice,,,8.14,15.71,0,0,0,0
aten::as_strided,,,7.57,7.57,0,0,0,0
aten::slice,,,3.27,6.68,0,0,0,0
aten::as_strided,,,3.41,3.41,0,0,0,0
aten::slice,,,3.11,6.2,0,0,0,0
aten::as_strided,,,3.09,3.09,0,0,0,0
aten::fill_,,,19.15,36.76,0,0,0,0
aclnnInplaceFillScalar,,,17.61,17.61,0,0,0,0
aten::slice,,,4.45,8.32,0,0,0,0
aten::as_strided,,,3.87,3.87,0,0,0,0
aten::fill_,,,11.74,24.94,0,0,0,0
aclnnInplaceFillScalar,,,13.2,13.2,0,0,0,0
aten::slice,,,5.38,8.05,0,0,0,0
aten::as_strided,,,2.67,2.67,0,0,0,0
aten::slice,,,3.05,4.03,0,0,0,0
aten::as_strided,,,0.98,0.98,0,0,0,0
aten::lt,,,16.0,16.0,0,0,0,0
aten::lift_fresh,,,1.14,1.14,0,0,0,0
aten::slice,,,1.81,3.06,0,0,0,0
aten::as_strided,,,1.25,1.25,0,0,0,0
aten::fill_,,,2.89,10.0,0,0,0,0
aten::copy_,,,7.11,7.11,0,0,0,0
aten::slice,,,3.73,5.43,0,0,0,0
aten::as_strided,,,1.7,1.7,0,0,0,0
aten::slice,,,2.9,7.25,0,0,0,0
aten::as_strided,,,4.35,4.35,0,0,0,0
aten::slice,,,2.67,4.3,0,0,0,0
aten::as_strided,,,1.63,1.63,0,0,0,0
aten::slice,,,3.54,6.42,0,0,0,0
aten::as_strided,,,2.88,2.88,0,0,0,0
aten::slice,,,1.95,2.89,0,0,0,0
aten::as_strided,,,0.94,0.94,0,0,0,0
aten::slice,,,1.96,3.16,0,0,0,0
aten::as_strided,,,1.2,1.2,0,0,0,0
aten::slice,,,2.93,5.42,0,0,0,0
aten::as_strided,,,2.49,2.49,0,0,0,0
aten::slice,,,2.62,4.72,0,0,0,0
aten::as_strided,,,2.1,2.1,0,0,0,0
aten::slice,,,2.46,4.39,0,0,0,0
aten::as_strided,,,1.93,1.93,0,0,0,0
aten::slice,,,5.22,10.95,0,0,0,0
aten::as_strided,,,5.73,5.73,0,0,0,0
aten::slice,,,2.96,6.19,0,0,0,0
aten::as_strided,,,3.23,3.23,0,0,0,0
aten::slice,,,2.9,5.26,0,0,0,0
aten::as_strided,,,2.36,2.36,0,0,0,0
aten::to,,,1.69,1.69,0,0,0,0
aten::slice,,,2.67,5.33,0,0,0,0
aten::as_strided,,,2.66,2.66,0,0,0,0
aten::slice,,,2.42,4.76,0,0,0,0
aten::as_strided,,,2.34,2.34,0,0,0,0
aten::slice,,,2.28,3.71,0,0,0,0
aten::as_strided,,,1.43,1.43,0,0,0,0
aten::slice,,,2.83,6.47,0,0,0,0
aten::as_strided,,,3.64,3.64,0,0,0,0
aten::slice,,,3.79,5.15,0,0,0,0
aten::as_strided,,,1.36,1.36,0,0,0,0
aten::slice,,,2.33,3.13,0,0,0,0
aten::as_strided,,,0.8,0.8,0,0,0,0
aten::sub,,,11.01,11.01,0,0,0,0
aten::select,,,4.91,6.35,0,0,0,0
aten::as_strided,,,1.44,1.44,0,0,0,0
aten::item,,,2.39,3.97,0,0,0,0
aten::_local_scalar_dense,,,1.58,1.58,0,0,0,0
aten::slice,,,2.49,6.73,0,0,0,0
aten::as_strided,,,4.24,4.24,0,0,0,0
aten::alias,,,5.4,5.4,0,0,0,0
aten::div,,,35.71,59.66,0,6.3800937499999995,0,0
aten::item,,,1.59,2.62,0,0,0,0
aten::_local_scalar_dense,,,1.03,1.03,0,0,0,0
aclnnDivMods,,,21.33,21.33,6.3800937499999995,6.3800937499999995,0,0
aten::slice,,,3.75,8.61,0,0,0,0
aten::as_strided,,,4.86,4.86,0,0,0,0
aten::slice,,,5.04,7.43,0,0,0,0
aten::as_strided,,,2.39,2.39,0,0,0,0
aten::copy_,,,62.93,83.74,0,1.10003125,0,0
aclnnInplaceCopy,,,20.81,20.81,1.10003125,1.10003125,0,0
aten::slice,,,2.99,6.96,0,0,0,0
aten::as_strided,,,3.97,3.97,0,0,0,0
aten::slice,,,4.72,7.65,0,0,0,0
aten::as_strided,,,2.93,2.93,0,0,0,0
aten::ge,,,22.39,48.94,0,4.580125,0,0
empty_tensor,,,10.82,10.82,0,0,0,0
aclnnGeScalar,,,15.73,15.73,4.580125,4.580125,0,0
aten::add,,,21.65,44.69,0,2.8800625,0,0
empty_tensor,,,7.08,7.08,0,0,0,0
aten::item,,,2.66,4.42,0,0,0,0
aten::_local_scalar_dense,,,1.76,1.76,0,0,0,0
aclnnAdds,,,11.54,11.54,2.8800625,2.8800625,0,0
aten::remainder,,,32.75,52.06,0,6.18009375,0,0
empty_tensor,,,8.54,8.54,0,0,0,0
aclnnRemainderTensorScalar,,,10.77,10.77,6.18009375,6.18009375,0,0
aten::eq,,,15.39,37.14,0,2.34003125,0,0
empty_tensor,,,6.55,6.55,0,0,0,0
aclnnEqScalar,,,15.2,15.2,2.34003125,2.34003125,0,0
aten::__and__,,,2.72,44.19,0,1.74003125,0,0
aten::bitwise_and,,,24.78,41.47,0,1.74003125,0,0
empty_tensor,,,6.37,6.37,0,0,0,0
aclnnBitwiseAndTensor,,,10.32,10.32,1.74003125,1.74003125,0,0
aten::clamp_min,,,13.55,30.08,0,3.0600625,0,0
empty_tensor,,,7.16,7.16,0,0,0,0
aclnnClampMin,,,9.37,9.37,3.0600625,3.0600625,0,0
aten::div,,,23.57,51.29,0,7.300156250000001,0,0
empty_tensor,,,15.1,15.1,0,0,0,0
aten::item,,,2.29,3.74,0,0,0,0
aten::_local_scalar_dense,,,1.45,1.45,0,0,0,0
aclnnDivMods,,,8.88,8.88,7.300156250000001,7.300156250000001,0,0
aten::remainder,,,21.01,46.13,0,5.30009375,0,0
empty_tensor,,,7.21,7.21,0,0,0,0
aclnnRemainderTensorScalar,,,17.91,17.91,5.30009375,5.30009375,0,0
aten::mul,,,24.95,67.69,0,1.70003125,0,0
empty_tensor,,,28.36,28.36,0,0,0,0
aten::item,,,1.9,3.62,0,0,0,0
aten::_local_scalar_dense,,,1.72,1.72,0,0,0,0
aclnnMuls,,,10.76,10.76,1.70003125,1.70003125,0,0
aten::div,,,22.26,51.56,0,7.58015625,0,0
empty_tensor,,,9.61,9.61,0,0,0,0
aten::item,,,1.42,2.29,0,0,0,0
aten::_local_scalar_dense,,,0.87,0.87,0,0,0,0
aclnnDivMods,,,17.4,17.4,7.58015625,7.58015625,0,0
aten::add,,,16.46,25.87,0,1.5600625,0,0
empty_tensor,,,5.22,5.22,0,0,0,0
aclnnAdd,,,4.19,4.19,1.5600625,1.5600625,0,0
aten::full_like,,,4.68,37.85,0,1.52,0,0
aten::empty_like,,,6.4,19.25,0,0,0,0
aten::empty_strided,,,7.96,12.85,0,0,0,0
empty_tensor,,,4.89,4.89,0,0,0,0
aten::fill_,,,10.18,13.92,0,1.52,0,0
aclnnInplaceFillScalar,,,3.74,3.74,1.52,1.52,0,0
aten::where,,,12.87,22.0,0,2.4200625,0,0
empty_tensor,,,6.75,6.75,0,0,0,0
aclnnSWhere,,,2.38,2.38,2.4200625,2.4200625,0,0
aten::copy_,,,12.46,15.25,0,1.60003125,0,0
aclnnInplaceCopy,,,2.79,2.79,1.60003125,1.60003125,0,0
aten::slice,,,3.79,8.06,0,0,0,0
aten::as_strided,,,4.27,4.27,0,0,0,0
aten::slice,,,5.66,8.38,0,0,0,0
aten::as_strided,,,2.72,2.72,0,0,0,0
aten::div,,,24.44,46.39,0,5.0000937500000004,0,0
aten::item,,,1.88,3.38,0,0,0,0
aten::_local_scalar_dense,,,1.5,1.5,0,0,0,0
aclnnDivMods,,,18.57,18.57,5.0000937500000004,5.0000937500000004,0,0
aten::slice,,,2.53,6.51,0,0,0,0
aten::as_strided,,,3.98,3.98,0,0,0,0
aten::slice,,,4.2,7.16,0,0,0,0
aten::as_strided,,,2.96,2.96,0,0,0,0
aten::slice,,,2.64,4.54,0,0,0,0
aten::as_strided,,,1.9,1.9,0,0,0,0
aten::copy_,,,58.57,78.2,0,0.56,0,0
aclnnInplaceCopy,,,19.63,19.63,0.56,0.56,0,0
aten::slice,,,3.07,6.7,0,0,0,0
aten::as_strided,,,3.63,3.63,0,0,0,0
aten::slice,,,4.78,7.31,0,0,0,0
aten::as_strided,,,2.53,2.53,0,0,0,0
aten::copy_,,,47.23,68.38,0,0.62003125,0,0
aclnnInplaceCopy,,,21.15,21.15,0.62003125,0.62003125,0,0
aten::slice,,,6.05,8.69,0,0,0,0
aten::as_strided,,,2.64,2.64,0,0,0,0
aten::div,,,13.22,32.74,0,0,0,0
aten::to,,,2.24,19.52,0,0,0,0
aten::_to_copy,,,5.62,17.28,0,0,0,0
aten::empty_strided,,,3.57,3.57,0,0,0,0
aten::copy_,,,8.09,8.09,0,0,0,0
aten::slice,,,4.14,9.11,0,0,0,0
aten::as_strided,,,4.97,4.97,0,0,0,0
aten::slice,,,5.72,10.77,0,0,0,0
aten::as_strided,,,5.05,5.05,0,0,0,0
aten::slice,,,3.15,6.67,0,0,0,0
aten::as_strided,,,3.52,3.52,0,0,0,0
aten::slice,,,2.72,5.6,0,0,0,0
aten::as_strided,,,2.88,2.88,0,0,0,0
aten::fill_,,,16.72,37.09,0,0,0,0
aclnnInplaceFillScalar,,,20.37,20.37,0,0,0,0
aten::slice,,,5.81,10.34,0,0,0,0
aten::as_strided,,,4.53,4.53,0,0,0,0
aten::fill_,,,13.59,27.47,0,0,0,0
aclnnInplaceFillScalar,,,13.88,13.88,0,0,0,0
aten::slice,,,5.61,10.49,0,0,0,0
aten::as_strided,,,4.88,4.88,0,0,0,0
aten::slice,,,3.06,5.87,0,0,0,0
aten::as_strided,,,2.81,2.81,0,0,0,0
aten::slice,,,6.12,8.48,0,0,0,0
aten::as_strided,,,2.36,2.36,0,0,0,0
aten::slice,,,3.58,7.85,0,0,0,0
aten::as_strided,,,4.27,4.27,0,0,0,0
aten::slice,,,3.78,7.51,0,0,0,0
aten::as_strided,,,3.73,3.73,0,0,0,0
aten::slice,,,2.87,5.72,0,0,0,0
aten::as_strided,,,2.85,2.85,0,0,0,0
aten::slice,,,2.57,5.25,0,0,0,0
aten::as_strided,,,2.68,2.68,0,0,0,0
aten::fill_,,,16.74,37.56,0,0,0,0
aclnnInplaceFillScalar,,,20.82,20.82,0,0,0,0
aten::slice,,,4.9,9.34,0,0,0,0
aten::as_strided,,,4.44,4.44,0,0,0,0
aten::fill_,,,12.24,26.26,0,0,0,0
aclnnInplaceFillScalar,,,14.02,14.02,0,0,0,0
aten::diff,,,8.14,35.97,0,0,0,0
aten::narrow,,,6.78,11.37,0,0,0,0
aten::slice,,,2.26,4.59,0,0,0,0
aten::as_strided,,,2.33,2.33,0,0,0,0
aten::narrow,,,2.41,4.82,0,0,0,0
aten::slice,,,1.28,2.41,0,0,0,0
aten::as_strided,,,1.13,1.13,0,0,0,0
aten::sub,,,11.64,11.64,0,0,0,0
aten::eq,,,13.54,28.55,0,0,0,0
aten::to,,,1.83,15.01,0,0,0,0
aten::_to_copy,,,4.59,13.18,0,0,0,0
aten::empty_strided,,,2.93,2.93,0,0,0,0
aten::copy_,,,5.66,5.66,0,0,0,0
aten::__and__,,,2.31,7.2,0,0,0,0
aten::bitwise_and,,,4.89,4.89,0,0,0,0
aten::gt,,,8.68,17.79,0,0,0,0
aten::to,,,1.23,9.11,0,0,0,0
aten::_to_copy,,,2.98,7.88,0,0,0,0
aten::empty_strided,,,2.03,2.03,0,0,0,0
aten::copy_,,,2.87,2.87,0,0,0,0
aten::__and__,,,1.27,4.37,0,0,0,0
aten::bitwise_and,,,3.1,3.1,0,0,0,0
aten::any,,,6.61,14.16,0,0,0,0
aten::view_as,,,1.98,4.24,0,0,0,0
aten::view,,,2.26,2.26,0,0,0,0
aten::to,,,0.36,0.36,0,0,0,0
aten::copy_,,,2.95,2.95,0,0,0,0
aten::item,,,1.82,3.18,0,0,0,0
aten::_local_scalar_dense,,,1.36,1.36,0,0,0,0
aten::slice,,,4.79,6.93,0,0,0,0
aten::as_strided,,,2.14,2.14,0,0,0,0
aten::slice,,,2.74,3.77,0,0,0,0
aten::as_strided,,,1.03,1.03,0,0,0,0
aten::sub,,,5.18,5.18,0,0,0,0
aten::select,,,3.11,4.28,0,0,0,0
aten::as_strided,,,1.17,1.17,0,0,0,0
aten::item,,,1.47,2.71,0,0,0,0
aten::_local_scalar_dense,,,1.24,1.24,0,0,0,0
aten::select,,,4.27,9.72,0,0,0,0
aten::as_strided,,,5.45,5.45,0,0,0,0
aten::slice,,,5.17,6.77,0,0,0,0
aten::as_strided,,,1.6,1.6,0,0,0,0
aten::slice,,,2.35,3.16,0,0,0,0
aten::as_strided,,,0.81,0.81,0,0,0,0
aten::sub,,,5.5,5.5,0,0,0,0
aten::add,,,6.79,17.48,0,0,0,0
aten::to,,,1.6,10.69,0,0,0,0
aten::_to_copy,,,3.47,9.09,0,0,0,0
aten::empty_strided,,,2.09,2.09,0,0,0,0
aten::copy_,,,3.53,3.53,0,0,0,0
aten::sub,,,4.92,12.28,0,0,0,0
aten::to,,,0.97,7.36,0,0,0,0
aten::_to_copy,,,2.37,6.39,0,0,0,0
aten::empty_strided,,,1.57,1.57,0,0,0,0
aten::copy_,,,2.45,2.45,0,0,0,0
aten::floor_divide,,,8.41,19.12,0,0,0,0
aten::to,,,1.17,8.04,0,0,0,0
aten::_to_copy,,,2.47,6.87,0,0,0,0
aten::empty_strided,,,1.79,1.79,0,0,0,0
aten::copy_,,,2.61,2.61,0,0,0,0
aten::empty,,,2.67,2.67,0,0,0,0
aten::resolve_conj,,,1.31,1.31,0,0,0,0
aten::resolve_neg,,,0.66,0.66,0,0,0,0
aten::arange,,,5.42,20.64,0,0,0,0
aten::empty,,,1.49,1.49,0,0,0,0
aten::arange,,,10.98,13.73,0,0,0,0
aten::resize_,,,2.75,2.75,0,0,0,0
aten::cat,,,8.05,8.05,0,0,0,0
aten::eq,,,8.33,8.33,0,0,0,0
aten::cumsum,,,8.75,19.08,0,0,0,0
aten::to,,,1.07,10.33,0,0,0,0
aten::_to_copy,,,2.92,9.26,0,0,0,0
aten::empty_strided,,,1.98,1.98,0,0,0,0
aten::copy_,,,4.36,4.36,0,0,0,0
aten::sub,,,4.49,4.49,0,0,0,0
aten::stack,,,4.87,46.63,0,0,0,0
aten::unsqueeze,,,3.15,4.97,0,0,0,0
aten::as_strided,,,1.82,1.82,0,0,0,0
aten::unsqueeze,,,0.98,1.92,0,0,0,0
aten::as_strided,,,0.94,0.94,0,0,0,0
aten::cat,,,28.5,34.87,0,0,0,0
aten::narrow,,,2.57,6.37,0,0,0,0
aten::slice,,,1.63,3.8,0,0,0,0
aten::as_strided,,,2.17,2.17,0,0,0,0
aten::to,,,2.15,11.13,0,0,0,0
aten::_to_copy,,,3.05,8.98,0,0,0,0
aten::empty_strided,,,2.32,2.32,0,0,0,0
aten::copy_,,,3.61,3.61,0,0,0,0
aten::empty,,,2.78,2.78,0,0,0,0
aten::to,,,0.64,0.64,0,0,0,0
aten::lift_fresh,,,0.98,0.98,0,0,0,0
aten::detach_,,,1.05,1.05,0,0,0,0
aten::slice,,,5.5,7.12,0,0,0,0
aten::as_strided,,,1.62,1.62,0,0,0,0
aten::slice,,,2.49,3.27,0,0,0,0
aten::as_strided,,,0.78,0.78,0,0,0,0
aten::sub,,,5.71,5.71,0,0,0,0
aten::add,,,6.05,15.57,0,0,0,0
aten::to,,,1.16,9.52,0,0,0,0
aten::_to_copy,,,3.06,8.36,0,0,0,0
aten::empty_strided,,,2.02,2.02,0,0,0,0
aten::copy_,,,3.28,3.28,0,0,0,0
aten::sub,,,4.89,12.28,0,0,0,0
aten::to,,,0.8,7.39,0,0,0,0
aten::_to_copy,,,2.2,6.59,0,0,0,0
aten::empty_strided,,,1.98,1.98,0,0,0,0
aten::copy_,,,2.41,2.41,0,0,0,0
aten::floor_divide,,,6.34,15.84,0,0,0,0
aten::to,,,1.27,7.87,0,0,0,0
aten::_to_copy,,,2.33,6.6,0,0,0,0
aten::empty_strided,,,1.84,1.84,0,0,0,0
aten::copy_,,,2.43,2.43,0,0,0,0
aten::empty,,,1.63,1.63,0,0,0,0
aten::cat,,,4.57,4.57,0,0,0,0
aten::cumsum,,,6.01,15.35,0,0,0,0
aten::to,,,1.26,9.34,0,0,0,0
aten::_to_copy,,,2.38,8.08,0,0,0,0
aten::empty_strided,,,1.88,1.88,0,0,0,0
aten::copy_,,,3.82,3.82,0,0,0,0
aten::empty,,,2.18,2.18,0,0,0,0
aten::to,,,0.75,0.75,0,0,0,0
aten::lift_fresh,,,0.79,0.79,0,0,0,0
aten::detach_,,,0.55,0.55,0,0,0,0
aten::slice,,,4.38,6.34,0,0,0,0
aten::as_strided,,,1.96,1.96,0,0,0,0
aten::slice,,,2.39,3.41,0,0,0,0
aten::as_strided,,,1.02,1.02,0,0,0,0
aten::sub,,,4.63,4.63,0,0,0,0
aten::add,,,5.02,14.07,0,0,0,0
aten::to,,,1.16,9.05,0,0,0,0
aten::_to_copy,,,2.6,7.89,0,0,0,0
aten::empty_strided,,,2.44,2.44,0,0,0,0
aten::copy_,,,2.85,2.85,0,0,0,0
aten::sub,,,4.53,11.83,0,0,0,0
aten::to,,,1.08,7.3,0,0,0,0
aten::_to_copy,,,2.36,6.22,0,0,0,0
aten::empty_strided,,,1.36,1.36,0,0,0,0
aten::copy_,,,2.5,2.5,0,0,0,0
aten::floor_divide,,,5.3,14.53,0,0,0,0
aten::to,,,1.1,7.61,0,0,0,0
aten::_to_copy,,,2.43,6.51,0,0,0,0
aten::empty_strided,,,1.64,1.64,0,0,0,0
aten::copy_,,,2.44,2.44,0,0,0,0
aten::empty,,,1.62,1.62,0,0,0,0
aten::add,,,4.24,12.46,0,0,0,0
aten::to,,,0.96,8.22,0,0,0,0
aten::_to_copy,,,2.63,7.26,0,0,0,0
aten::empty_strided,,,2.18,2.18,0,0,0,0
aten::copy_,,,2.45,2.45,0,0,0,0
aten::cat,,,3.96,3.96,0,0,0,0
aten::cumsum,,,5.72,14.02,0,0,0,0
aten::to,,,0.99,8.3,0,0,0,0
aten::_to_copy,,,2.55,7.31,0,0,0,0
aten::empty_strided,,,1.57,1.57,0,0,0,0
aten::copy_,,,3.19,3.19,0,0,0,0
aten::slice,,,3.83,5.27,0,0,0,0
aten::as_strided,,,1.44,1.44,0,0,0,0
aten::slice,,,2.27,3.37,0,0,0,0
aten::as_strided,,,1.1,1.1,0,0,0,0
aten::sub,,,4.37,4.37,0,0,0,0
aten::add,,,4.97,13.75,0,0,0,0
aten::to,,,1.1,8.78,0,0,0,0
aten::_to_copy,,,2.67,7.68,0,0,0,0
aten::empty_strided,,,2.56,2.56,0,0,0,0
aten::copy_,,,2.45,2.45,0,0,0,0
aten::sub,,,4.24,10.47,0,0,0,0
aten::to,,,0.84,6.23,0,0,0,0
aten::_to_copy,,,1.93,5.39,0,0,0,0
aten::empty_strided,,,1.41,1.41,0,0,0,0
aten::copy_,,,2.05,2.05,0,0,0,0
aten::floor_divide,,,5.07,13.45,0,0,0,0
aten::to,,,0.85,6.99,0,0,0,0
aten::_to_copy,,,2.19,6.14,0,0,0,0
aten::empty_strided,,,1.46,1.46,0,0,0,0
aten::copy_,,,2.49,2.49,0,0,0,0
aten::empty,,,1.39,1.39,0,0,0,0
aten::add,,,4.53,11.62,0,0,0,0
aten::to,,,0.79,7.09,0,0,0,0
aten::_to_copy,,,2.24,6.3,0,0,0,0
aten::empty_strided,,,1.98,1.98,0,0,0,0
aten::copy_,,,2.08,2.08,0,0,0,0
aten::cumsum,,,4.97,12.36,0,0,0,0
aten::to,,,0.98,7.39,0,0,0,0
aten::_to_copy,,,2.28,6.41,0,0,0,0
aten::empty_strided,,,1.58,1.58,0,0,0,0
aten::copy_,,,2.55,2.55,0,0,0,0
aten::sub,,,3.78,3.78,0,0,0,0
aten::slice,,,3.64,4.94,0,0,0,0
aten::as_strided,,,1.3,1.3,0,0,0,0
aten::slice,,,2.36,3.18,0,0,0,0
aten::as_strided,,,0.82,0.82,0,0,0,0
aten::sub,,,3.66,3.66,0,0,0,0
aten::add,,,6.03,29.5,0,0,0,0
aten::to,,,16.32,23.47,0,0,0,0
aten::_to_copy,,,2.44,7.15,0,0,0,0
aten::empty_strided,,,2.23,2.23,0,0,0,0
aten::copy_,,,2.48,2.48,0,0,0,0
aten::sub,,,8.85,16.94,0,0,0,0
aten::to,,,0.96,8.09,0,0,0,0
aten::_to_copy,,,2.61,7.13,0,0,0,0
aten::empty_strided,,,1.88,1.88,0,0,0,0
aten::copy_,,,2.64,2.64,0,0,0,0
aten::floor_divide,,,5.29,14.86,0,0,0,0
aten::to,,,2.41,8.27,0,0,0,0
aten::_to_copy,,,2.3,5.86,0,0,0,0
aten::empty_strided,,,1.41,1.41,0,0,0,0
aten::copy_,,,2.15,2.15,0,0,0,0
aten::empty,,,1.3,1.3,0,0,0,0
aten::resolve_conj,,,0.95,0.95,0,0,0,0
aten::resolve_neg,,,0.47,0.47,0,0,0,0
aten::arange,,,3.78,17.24,0,0,0,0
aten::empty,,,1.84,1.84,0,0,0,0
aten::arange,,,6.89,11.62,0,0,0,0
aten::resize_,,,4.73,4.73,0,0,0,0
aten::cat,,,4.66,4.66,0,0,0,0
aten::eq,,,6.65,6.65,0,0,0,0
aten::cumsum,,,5.76,14.49,0,0,0,0
aten::to,,,1.02,8.73,0,0,0,0
aten::_to_copy,,,2.7,7.71,0,0,0,0
aten::empty_strided,,,1.75,1.75,0,0,0,0
aten::copy_,,,3.26,3.26,0,0,0,0
aten::sub,,,13.46,13.46,0,0,0,0
aten::stack,,,3.74,45.11,0,0,0,0
aten::unsqueeze,,,2.26,3.87,0,0,0,0
aten::as_strided,,,1.61,1.61,0,0,0,0
aten::unsqueeze,,,1.02,7.54,0,0,0,0
aten::as_strided,,,6.52,6.52,0,0,0,0
aten::cat,,,22.25,29.96,0,0,0,0
aten::narrow,,,3.04,7.71,0,0,0,0
aten::slice,,,2.52,4.67,0,0,0,0
aten::as_strided,,,2.15,2.15,0,0,0,0
aten::to,,,1.42,10.28,0,0,0,0
aten::_to_copy,,,3.27,8.86,0,0,0,0
aten::empty_strided,,,2.23,2.23,0,0,0,0
aten::copy_,,,3.36,3.36,0,0,0,0
aten::slice,,,5.08,6.24,0,0,0,0
aten::as_strided,,,1.16,1.16,0,0,0,0
aten::slice,,,2.59,3.41,0,0,0,0
aten::as_strided,,,0.82,0.82,0,0,0,0
aten::sub,,,4.57,4.57,0,0,0,0
aten::add,,,17.59,26.89,0,0,0,0
aten::to,,,1.28,9.3,0,0,0,0
aten::_to_copy,,,2.74,8.02,0,0,0,0
aten::empty_strided,,,2.64,2.64,0,0,0,0
aten::copy_,,,2.64,2.64,0,0,0,0
aten::sub,,,11.8,19.08,0,0,0,0
aten::to,,,0.83,7.28,0,0,0,0
aten::_to_copy,,,2.41,6.45,0,0,0,0
aten::empty_strided,,,1.63,1.63,0,0,0,0
aten::copy_,,,2.41,2.41,0,0,0,0
aten::floor_divide,,,6.31,22.25,0,0,0,0
aten::to,,,1.05,8.8,0,0,0,0
aten::_to_copy,,,2.41,7.75,0,0,0,0
aten::empty_strided,,,3.02,3.02,0,0,0,0
aten::copy_,,,2.32,2.32,0,0,0,0
aten::empty,,,7.14,7.14,0,0,0,0
aten::resolve_conj,,,1.0,1.0,0,0,0,0
aten::resolve_neg,,,0.45,0.45,0,0,0,0
aten::arange,,,3.26,21.89,0,0,0,0
aten::empty,,,1.6,1.6,0,0,0,0
aten::arange,,,6.63,17.03,0,0,0,0
aten::resize_,,,10.4,10.4,0,0,0,0
aten::cat,,,4.64,4.64,0,0,0,0
aten::eq,,,6.76,6.76,0,0,0,0
aten::cumsum,,,7.29,26.78,0,0,0,0
aten::to,,,1.21,19.49,0,0,0,0
aten::_to_copy,,,3.29,18.28,0,0,0,0
aten::empty_strided,,,11.37,11.37,0,0,0,0
aten::copy_,,,3.62,3.62,0,0,0,0
aten::sub,,,11.53,11.53,0,0,0,0
aten::stack,,,4.0,35.07,0,0,0,0
aten::unsqueeze,,,2.19,3.99,0,0,0,0
aten::as_strided,,,1.8,1.8,0,0,0,0
aten::unsqueeze,,,0.88,6.48,0,0,0,0
aten::as_strided,,,5.6,5.6,0,0,0,0
aten::cat,,,13.29,20.6,0,0,0,0
aten::narrow,,,2.78,7.31,0,0,0,0
aten::slice,,,2.5,4.53,0,0,0,0
aten::as_strided,,,2.03,2.03,0,0,0,0
aten::to,,,1.36,9.56,0,0,0,0
aten::_to_copy,,,2.87,8.2,0,0,0,0
aten::empty_strided,,,2.03,2.03,0,0,0,0
aten::copy_,,,3.3,3.3,0,0,0,0
aten::to,,,1.19,10.24,0,0,0,0
aten::_to_copy,,,2.43,9.05,0,0,0,0
aten::empty_strided,,,2.62,2.62,0,0,0,0
aten::copy_,,,4.0,4.0,0,0,0,0
aten::reshape,,,1.59,3.72,0,0,0,0
aten::view,,,2.13,2.13,0,0,0,0
aten::resolve_conj,,,1.08,1.08,0,0,0,0
aten::resolve_neg,,,0.33,0.33,0,0,0,0
aten::empty,,,2.59,2.59,0,0,0,0
aten::to,,,0.55,0.55,0,0,0,0
aten::lift_fresh,,,1.2,1.2,0,0,0,0
aten::detach_,,,0.49,0.49,0,0,0,0
aten::slice,,,2.06,4.23,0,0,0,0
aten::as_strided,,,2.17,2.17,0,0,0,0
aten::slice,,,1.13,2.62,0,0,0,0
aten::as_strided,,,1.49,1.49,0,0,0,0
aten::sub,,,5.81,5.81,0,0,0,0
aten::gt,,,6.88,6.88,0,0,0,0
aten::all,,,7.12,13.59,0,0,0,0
aten::view_as,,,1.4,2.83,0,0,0,0
aten::view,,,1.43,1.43,0,0,0,0
aten::to,,,0.52,0.52,0,0,0,0
aten::copy_,,,3.12,3.12,0,0,0,0
aten::is_nonzero,,,1.67,4.46,0,0,0,0
aten::item,,,1.7,2.79,0,0,0,0
aten::_local_scalar_dense,,,1.09,1.09,0,0,0,0
aten::to,,,1.83,10.84,0,0,0,0
aten::_to_copy,,,3.15,9.01,0,0,0,0
aten::empty_strided,,,2.44,2.44,0,0,0,0
aten::copy_,,,3.42,3.42,0,0,0,0
aten::reshape,,,1.21,2.4,0,0,0,0
aten::view,,,1.19,1.19,0,0,0,0
aten::resolve_conj,,,0.68,0.68,0,0,0,0
aten::resolve_neg,,,0.34,0.34,0,0,0,0
aten::to,,,3.09,192.31,0,0,0,0
aten::_to_copy,,,7.06,189.22,0,0,0,0
aten::empty_strided,,,11.89,19.36,0,0,0,0
empty_tensor,,,7.47,7.47,0,0,0,0
aten::copy_,,,137.02,162.8,0,0,0,0
acl_memcpy_host_to_device,,,25.78,25.78,0,0,0,0
aten::to,,,2.89,117.78,0,0,0,0
aten::_to_copy,,,6.38,114.89,0,0,0,0
aten::empty_strided,,,10.96,16.77,0,0,0,0
empty_tensor,,,5.81,5.81,0,0,0,0
aten::copy_,,,72.43,91.74,0,0,0,0
acl_memcpy_host_to_device,,,19.31,19.31,0,0,0,0
aten::to,,,2.67,101.61,0,0,0,0
aten::_to_copy,,,5.17,98.94,0,0,0,0
aten::empty_strided,,,8.0,13.81,0,0,0,0
empty_tensor,,,5.81,5.81,0,0,0,0
aten::copy_,,,64.01,79.96,0,0,0,0
acl_memcpy_host_to_device,,,15.95,15.95,0,0,0,0
aten::to,,,2.6,99.53,0,0,0,0
aten::_to_copy,,,4.96,96.93,0,0,0,0
aten::empty_strided,,,8.01,13.34,0,0,0,0
empty_tensor,,,5.33,5.33,0,0,0,0
aten::copy_,,,61.81,78.63,0,0,0,0
acl_memcpy_host_to_device,,,16.82,16.82,0,0,0,0
aten::to,,,3.31,103.71,0,0,0,0
aten::_to_copy,,,4.55,100.4,0,0,0,0
aten::empty_strided,,,7.9,12.59,0,0,0,0
empty_tensor,,,4.69,4.69,0,0,0,0
aten::copy_,,,67.27,83.26,0,0,0,0
acl_memcpy_host_to_device,,,15.99,15.99,0,0,0,0
aten::to,,,2.81,88.73,0,0,0,0
aten::_to_copy,,,4.86,85.92,0,0,0,0
aten::empty_strided,,,8.3,14.01,0,0,0,0
empty_tensor,,,5.71,5.71,0,0,0,0
aten::copy_,,,54.21,67.05,0,0,0,0
acl_memcpy_host_to_device,,,12.84,12.84,0,0,0,0
aten::slice,,,8.9,15.6,0,0,0,0
aten::as_strided,,,6.7,6.7,0,0,0,0
aten::slice,,,2.64,5.63,0,0,0,0
aten::as_strided,,,2.99,2.99,0,0,0,0
aten::sub,,,24.43,51.77,0,1.42003125,0,0
empty_tensor,,,8.98,8.98,0,0,0,0
aclnnSub,,,18.36,18.36,1.42003125,1.42003125,0,0
aten::sub,,,16.85,28.12,0,1.24003125,0,0
empty_tensor,,,7.9,7.9,0,0,0,0
aclnnSub,,,3.37,3.37,1.24003125,1.24003125,0,0
aten::gt,,,16.8,36.33,0,4.180125,0,0
empty_tensor,,,6.22,6.22,0,0,0,0
aclnnGtScalar,,,13.31,13.31,4.180125,4.180125,0,0
aten::slice,,,7.62,14.08,0,0,0,0
aten::as_strided,,,6.46,6.46,0,0,0,0
aten::slice,,,6.59,9.65,0,0,0,0
aten::as_strided,,,3.06,3.06,0,0,0,0
aten::slice,,,2.47,6.6,0,0,0,0
aten::as_strided,,,4.13,4.13,0,0,0,0
aten::slice,,,3.26,6.78,0,0,0,0
aten::as_strided,,,3.52,3.52,0,0,0,0
aten::slice,,,2.86,5.63,0,0,0,0
aten::as_strided,,,2.77,2.77,0,0,0,0
aten::slice,,,2.5,5.08,0,0,0,0
aten::as_strided,,,2.58,2.58,0,0,0,0
aten::fill_,,,16.16,36.55,0,0,0,0
aclnnInplaceFillScalar,,,20.39,20.39,0,0,0,0
aten::slice,,,4.75,8.36,0,0,0,0
aten::as_strided,,,3.61,3.61,0,0,0,0
aten::fill_,,,12.03,23.81,0,0,0,0
aclnnInplaceFillScalar,,,11.78,11.78,0,0,0,0
aten::diff,,,7.32,35.1,0,0,0,0
aten::narrow,,,6.09,10.87,0,0,0,0
aten::slice,,,2.3,4.78,0,0,0,0
aten::as_strided,,,2.48,2.48,0,0,0,0
aten::narrow,,,2.45,4.86,0,0,0,0
aten::slice,,,1.19,2.41,0,0,0,0
aten::as_strided,,,1.22,1.22,0,0,0,0
aten::sub,,,12.05,12.05,0,0,0,0
aten::eq,,,11.79,26.39,0,0,0,0
aten::to,,,1.82,14.6,0,0,0,0
aten::_to_copy,,,4.5,12.78,0,0,0,0
aten::empty_strided,,,2.79,2.79,0,0,0,0
aten::copy_,,,5.49,5.49,0,0,0,0
aten::__and__,,,1.92,6.22,0,0,0,0
aten::bitwise_and,,,4.3,4.3,0,0,0,0
aten::gt,,,6.96,15.18,0,0,0,0
aten::to,,,0.88,8.22,0,0,0,0
aten::_to_copy,,,2.58,7.34,0,0,0,0
aten::empty_strided,,,1.96,1.96,0,0,0,0
aten::copy_,,,2.8,2.8,0,0,0,0
aten::__and__,,,1.09,4.38,0,0,0,0
aten::bitwise_and,,,3.29,3.29,0,0,0,0
aten::any,,,5.83,12.61,0,0,0,0
aten::view_as,,,1.97,3.72,0,0,0,0
aten::view,,,1.75,1.75,0,0,0,0
aten::to,,,0.54,0.54,0,0,0,0
aten::copy_,,,2.52,2.52,0,0,0,0
aten::item,,,1.75,3.1,0,0,0,0
aten::_local_scalar_dense,,,1.35,1.35,0,0,0,0
aten::slice,,,5.36,7.6,0,0,0,0
aten::as_strided,,,2.24,2.24,0,0,0,0
aten::slice,,,2.74,3.75,0,0,0,0
aten::as_strided,,,1.01,1.01,0,0,0,0
aten::sub,,,5.24,5.24,0,0,0,0
aten::select,,,3.29,4.48,0,0,0,0
aten::as_strided,,,1.19,1.19,0,0,0,0
aten::item,,,1.13,2.52,0,0,0,0
aten::_local_scalar_dense,,,1.39,1.39,0,0,0,0
aten::select,,,4.11,9.73,0,0,0,0
aten::as_strided,,,5.62,5.62,0,0,0,0
aten::slice,,,5.14,6.71,0,0,0,0
aten::as_strided,,,1.57,1.57,0,0,0,0
aten::slice,,,2.63,3.6,0,0,0,0
aten::as_strided,,,0.97,0.97,0,0,0,0
aten::sub,,,5.64,5.64,0,0,0,0
aten::add,,,6.92,17.37,0,0,0,0
aten::to,,,1.5,10.45,0,0,0,0
aten::_to_copy,,,3.15,8.95,0,0,0,0
aten::empty_strided,,,2.12,2.12,0,0,0,0
aten::copy_,,,3.68,3.68,0,0,0,0
aten::sub,,,4.88,13.23,0,0,0,0
aten::to,,,0.96,8.35,0,0,0,0
aten::_to_copy,,,2.64,7.39,0,0,0,0
aten::empty_strided,,,2.35,2.35,0,0,0,0
aten::copy_,,,2.4,2.4,0,0,0,0
aten::floor_divide,,,6.89,15.89,0,0,0,0
aten::to,,,0.91,7.15,0,0,0,0
aten::_to_copy,,,2.32,6.24,0,0,0,0
aten::empty_strided,,,1.45,1.45,0,0,0,0
aten::copy_,,,2.47,2.47,0,0,0,0
aten::empty,,,1.85,1.85,0,0,0,0
aten::resolve_conj,,,1.31,1.31,0,0,0,0
aten::resolve_neg,,,0.62,0.62,0,0,0,0
aten::arange,,,4.17,14.26,0,0,0,0
aten::empty,,,1.64,1.64,0,0,0,0
aten::arange,,,6.62,8.45,0,0,0,0
aten::resize_,,,1.83,1.83,0,0,0,0
aten::cat,,,5.76,5.76,0,0,0,0
aten::eq,,,6.54,6.54,0,0,0,0
aten::cumsum,,,6.62,15.18,0,0,0,0
aten::to,,,1.06,8.56,0,0,0,0
aten::_to_copy,,,2.49,7.5,0,0,0,0
aten::empty_strided,,,1.77,1.77,0,0,0,0
aten::copy_,,,3.24,3.24,0,0,0,0
aten::sub,,,3.92,3.92,0,0,0,0
aten::stack,,,3.88,24.99,0,0,0,0
aten::unsqueeze,,,2.24,4.01,0,0,0,0
aten::as_strided,,,1.77,1.77,0,0,0,0
aten::unsqueeze,,,0.95,2.56,0,0,0,0
aten::as_strided,,,1.61,1.61,0,0,0,0
aten::cat,,,8.56,14.54,0,0,0,0
aten::narrow,,,2.6,5.98,0,0,0,0
aten::slice,,,1.66,3.38,0,0,0,0
aten::as_strided,,,1.72,1.72,0,0,0,0
aten::to,,,1.47,9.73,0,0,0,0
aten::_to_copy,,,2.73,8.26,0,0,0,0
aten::empty_strided,,,2.0,2.0,0,0,0,0
aten::copy_,,,3.53,3.53,0,0,0,0
aten::empty,,,2.58,2.58,0,0,0,0
aten::to,,,0.75,0.75,0,0,0,0
aten::lift_fresh,,,0.9,0.9,0,0,0,0
aten::detach_,,,0.51,0.51,0,0,0,0
aten::slice,,,4.76,6.21,0,0,0,0
aten::as_strided,,,1.45,1.45,0,0,0,0
aten::slice,,,2.48,3.37,0,0,0,0
aten::as_strided,,,0.89,0.89,0,0,0,0
aten::sub,,,4.76,4.76,0,0,0,0
aten::add,,,6.31,15.05,0,0,0,0
aten::to,,,1.09,8.74,0,0,0,0
aten::_to_copy,,,2.62,7.65,0,0,0,0
aten::empty_strided,,,2.16,2.16,0,0,0,0
aten::copy_,,,2.87,2.87,0,0,0,0
aten::sub,,,4.53,11.72,0,0,0,0
aten::to,,,0.95,7.19,0,0,0,0
aten::_to_copy,,,2.35,6.24,0,0,0,0
aten::empty_strided,,,1.42,1.42,0,0,0,0
aten::copy_,,,2.47,2.47,0,0,0,0
aten::floor_divide,,,6.12,15.53,0,0,0,0
aten::to,,,1.13,8.05,0,0,0,0
aten::_to_copy,,,2.38,6.92,0,0,0,0
aten::empty_strided,,,2.35,2.35,0,0,0,0
aten::copy_,,,2.19,2.19,0,0,0,0
aten::empty,,,1.36,1.36,0,0,0,0
aten::cat,,,4.25,4.25,0,0,0,0
aten::cumsum,,,5.75,13.97,0,0,0,0
aten::to,,,0.87,8.22,0,0,0,0
aten::_to_copy,,,2.36,7.35,0,0,0,0
aten::empty_strided,,,1.6,1.6,0,0,0,0
aten::copy_,,,3.39,3.39,0,0,0,0
aten::empty,,,2.27,2.27,0,0,0,0
aten::to,,,0.65,0.65,0,0,0,0
aten::lift_fresh,,,0.59,0.59,0,0,0,0
aten::detach_,,,0.62,0.62,0,0,0,0
aten::slice,,,4.06,5.54,0,0,0,0
aten::as_strided,,,1.48,1.48,0,0,0,0
aten::slice,,,2.22,3.08,0,0,0,0
aten::as_strided,,,0.86,0.86,0,0,0,0
aten::sub,,,4.6,4.6,0,0,0,0
aten::add,,,4.7,12.48,0,0,0,0
aten::to,,,0.95,7.78,0,0,0,0
aten::_to_copy,,,2.49,6.83,0,0,0,0
aten::empty_strided,,,1.79,1.79,0,0,0,0
aten::copy_,,,2.55,2.55,0,0,0,0
aten::sub,,,4.4,11.59,0,0,0,0
aten::to,,,1.22,7.19,0,0,0,0
aten::_to_copy,,,2.29,5.97,0,0,0,0
aten::empty_strided,,,1.5,1.5,0,0,0,0
aten::copy_,,,2.18,2.18,0,0,0,0
aten::floor_divide,,,5.51,14.36,0,0,0,0
aten::to,,,1.17,7.41,0,0,0,0
aten::_to_copy,,,2.34,6.24,0,0,0,0
aten::empty_strided,,,1.76,1.76,0,0,0,0
aten::copy_,,,2.14,2.14,0,0,0,0
aten::empty,,,1.44,1.44,0,0,0,0
aten::add,,,4.58,12.08,0,0,0,0
aten::to,,,0.89,7.5,0,0,0,0
aten::_to_copy,,,2.55,6.61,0,0,0,0
aten::empty_strided,,,1.61,1.61,0,0,0,0
aten::copy_,,,2.45,2.45,0,0,0,0
aten::cat,,,3.92,3.92,0,0,0,0
aten::cumsum,,,5.1,12.78,0,0,0,0
aten::to,,,0.9,7.68,0,0,0,0
aten::_to_copy,,,2.32,6.78,0,0,0,0
aten::empty_strided,,,1.49,1.49,0,0,0,0
aten::copy_,,,2.97,2.97,0,0,0,0
aten::slice,,,4.0,5.28,0,0,0,0
aten::as_strided,,,1.28,1.28,0,0,0,0
aten::slice,,,2.36,3.15,0,0,0,0
aten::as_strided,,,0.79,0.79,0,0,0,0
aten::sub,,,4.15,4.15,0,0,0,0
aten::add,,,4.17,12.08,0,0,0,0
aten::to,,,1.13,7.91,0,0,0,0
aten::_to_copy,,,2.42,6.78,0,0,0,0
aten::empty_strided,,,1.96,1.96,0,0,0,0
aten::copy_,,,2.4,2.4,0,0,0,0
aten::sub,,,4.19,10.62,0,0,0,0
aten::to,,,0.81,6.43,0,0,0,0
aten::_to_copy,,,1.99,5.62,0,0,0,0
aten::empty_strided,,,1.54,1.54,0,0,0,0
aten::copy_,,,2.09,2.09,0,0,0,0
aten::floor_divide,,,5.26,13.79,0,0,0,0
aten::to,,,0.84,7.06,0,0,0,0
aten::_to_copy,,,2.39,6.22,0,0,0,0
aten::empty_strided,,,1.52,1.52,0,0,0,0
aten::copy_,,,2.31,2.31,0,0,0,0
aten::empty,,,1.47,1.47,0,0,0,0
aten::add,,,4.23,10.74,0,0,0,0
aten::to,,,0.84,6.51,0,0,0,0
aten::_to_copy,,,2.16,5.67,0,0,0,0
aten::empty_strided,,,1.35,1.35,0,0,0,0
aten::copy_,,,2.16,2.16,0,0,0,0
aten::cumsum,,,4.7,12.04,0,0,0,0
aten::to,,,0.98,7.34,0,0,0,0
aten::_to_copy,,,2.24,6.36,0,0,0,0
aten::empty_strided,,,1.65,1.65,0,0,0,0
aten::copy_,,,2.47,2.47,0,0,0,0
aten::sub,,,3.29,3.29,0,0,0,0
aten::slice,,,3.59,4.91,0,0,0,0
aten::as_strided,,,1.32,1.32,0,0,0,0
aten::slice,,,2.14,3.06,0,0,0,0
aten::as_strided,,,0.92,0.92,0,0,0,0
aten::sub,,,3.36,3.36,0,0,0,0
aten::add,,,4.94,11.98,0,0,0,0
aten::to,,,1.05,7.04,0,0,0,0
aten::_to_copy,,,2.09,5.99,0,0,0,0
aten::empty_strided,,,1.52,1.52,0,0,0,0
aten::copy_,,,2.38,2.38,0,0,0,0
aten::sub,,,4.39,10.81,0,0,0,0
aten::to,,,0.91,6.42,0,0,0,0
aten::_to_copy,,,1.95,5.51,0,0,0,0
aten::empty_strided,,,1.4,1.4,0,0,0,0
aten::copy_,,,2.16,2.16,0,0,0,0
aten::floor_divide,,,5.25,13.75,0,0,0,0
aten::to,,,0.94,7.17,0,0,0,0
aten::_to_copy,,,2.16,6.23,0,0,0,0
aten::empty_strided,,,1.79,1.79,0,0,0,0
aten::copy_,,,2.28,2.28,0,0,0,0
aten::empty,,,1.33,1.33,0,0,0,0
aten::resolve_conj,,,1.15,1.15,0,0,0,0
aten::resolve_neg,,,0.45,0.45,0,0,0,0
aten::arange,,,3.56,12.97,0,0,0,0
aten::empty,,,1.59,1.59,0,0,0,0
aten::arange,,,5.95,7.82,0,0,0,0
aten::resize_,,,1.87,1.87,0,0,0,0
aten::cat,,,4.89,4.89,0,0,0,0
aten::eq,,,6.49,6.49,0,0,0,0
aten::cumsum,,,5.54,14.94,0,0,0,0
aten::to,,,1.21,9.4,0,0,0,0
aten::_to_copy,,,2.77,8.19,0,0,0,0
aten::empty_strided,,,2.05,2.05,0,0,0,0
aten::copy_,,,3.37,3.37,0,0,0,0
aten::sub,,,4.06,4.06,0,0,0,0
aten::stack,,,3.88,22.86,0,0,0,0
aten::unsqueeze,,,2.2,3.92,0,0,0,0
aten::as_strided,,,1.72,1.72,0,0,0,0
aten::unsqueeze,,,0.96,1.77,0,0,0,0
aten::as_strided,,,0.81,0.81,0,0,0,0
aten::cat,,,7.84,13.29,0,0,0,0
aten::narrow,,,2.61,5.45,0,0,0,0
aten::slice,,,1.52,2.84,0,0,0,0
aten::as_strided,,,1.32,1.32,0,0,0,0
aten::to,,,1.71,9.85,0,0,0,0
aten::_to_copy,,,2.9,8.14,0,0,0,0
aten::empty_strided,,,1.97,1.97,0,0,0,0
aten::copy_,,,3.27,3.27,0,0,0,0
aten::slice,,,4.05,5.38,0,0,0,0
aten::as_strided,,,1.33,1.33,0,0,0,0
aten::slice,,,2.38,3.19,0,0,0,0
aten::as_strided,,,0.81,0.81,0,0,0,0
aten::sub,,,4.26,4.26,0,0,0,0
aten::add,,,5.36,13.36,0,0,0,0
aten::to,,,1.12,8.0,0,0,0,0
aten::_to_copy,,,2.61,6.88,0,0,0,0
aten::empty_strided,,,1.85,1.85,0,0,0,0
aten::copy_,,,2.42,2.42,0,0,0,0
aten::sub,,,4.72,12.32,0,0,0,0
aten::to,,,1.01,7.6,0,0,0,0
aten::_to_copy,,,2.18,6.59,0,0,0,0
aten::empty_strided,,,1.78,1.78,0,0,0,0
aten::copy_,,,2.63,2.63,0,0,0,0
aten::floor_divide,,,5.41,14.92,0,0,0,0
aten::to,,,1.12,7.88,0,0,0,0
aten::_to_copy,,,2.56,6.76,0,0,0,0
aten::empty_strided,,,1.91,1.91,0,0,0,0
aten::copy_,,,2.29,2.29,0,0,0,0
aten::empty,,,1.63,1.63,0,0,0,0
aten::resolve_conj,,,0.93,0.93,0,0,0,0
aten::resolve_neg,,,0.54,0.54,0,0,0,0
aten::arange,,,3.4,12.16,0,0,0,0
aten::empty,,,1.45,1.45,0,0,0,0
aten::arange,,,5.59,7.31,0,0,0,0
aten::resize_,,,1.72,1.72,0,0,0,0
aten::cat,,,4.0,4.0,0,0,0,0
aten::eq,,,6.21,6.21,0,0,0,0
aten::cumsum,,,5.67,14.57,0,0,0,0
aten::to,,,1.08,8.9,0,0,0,0
aten::_to_copy,,,2.68,7.82,0,0,0,0
aten::empty_strided,,,1.97,1.97,0,0,0,0
aten::copy_,,,3.17,3.17,0,0,0,0
aten::sub,,,4.09,4.09,0,0,0,0
aten::stack,,,3.55,52.01,0,0,0,0
aten::unsqueeze,,,1.91,3.67,0,0,0,0
aten::as_strided,,,1.76,1.76,0,0,0,0
aten::unsqueeze,,,1.01,10.77,0,0,0,0
aten::as_strided,,,9.76,9.76,0,0,0,0
aten::cat,,,8.67,34.02,0,0,0,0
aten::narrow,,,2.46,25.35,0,0,0,0
aten::slice,,,2.02,22.89,0,0,0,0
aten::as_strided,,,20.87,20.87,0,0,0,0
aten::to,,,1.44,10.51,0,0,0,0
aten::_to_copy,,,2.85,9.07,0,0,0,0
aten::empty_strided,,,2.67,2.67,0,0,0,0
aten::copy_,,,3.55,3.55,0,0,0,0
aten::to,,,1.41,16.21,0,0,0,0
aten::_to_copy,,,3.06,14.8,0,0,0,0
aten::empty_strided,,,7.75,7.75,0,0,0,0
aten::copy_,,,3.99,3.99,0,0,0,0
aten::reshape,,,1.66,3.63,0,0,0,0
aten::view,,,1.97,1.97,0,0,0,0
aten::resolve_conj,,,0.84,0.84,0,0,0,0
aten::resolve_neg,,,0.4,0.4,0,0,0,0
aten::empty,,,2.71,2.71,0,0,0,0
aten::to,,,0.72,0.72,0,0,0,0
aten::lift_fresh,,,0.76,0.76,0,0,0,0
aten::detach_,,,0.51,0.51,0,0,0,0
aten::slice,,,2.28,7.77,0,0,0,0
aten::as_strided,,,5.49,5.49,0,0,0,0
aten::slice,,,1.29,2.21,0,0,0,0
aten::as_strided,,,0.92,0.92,0,0,0,0
aten::sub,,,5.76,5.76,0,0,0,0
aten::gt,,,7.06,7.06,0,0,0,0
aten::all,,,5.95,13.1,0,0,0,0
aten::view_as,,,1.73,3.39,0,0,0,0
aten::view,,,1.66,1.66,0,0,0,0
aten::to,,,0.49,0.49,0,0,0,0
aten::copy_,,,3.27,3.27,0,0,0,0
aten::is_nonzero,,,6.58,9.58,0,0,0,0
aten::item,,,1.78,3.0,0,0,0,0
aten::_local_scalar_dense,,,1.22,1.22,0,0,0,0
aten::to,,,1.61,10.87,0,0,0,0
aten::_to_copy,,,3.21,9.26,0,0,0,0
aten::empty_strided,,,2.63,2.63,0,0,0,0
aten::copy_,,,3.42,3.42,0,0,0,0
aten::reshape,,,1.35,2.85,0,0,0,0
aten::view,,,1.5,1.5,0,0,0,0
aten::resolve_conj,,,0.89,0.89,0,0,0,0
aten::resolve_neg,,,0.45,0.45,0,0,0,0
aten::to,,,5.65,179.92,0,0,0,0
aten::_to_copy,,,7.01,174.27,0,0,0,0
aten::empty_strided,,,11.62,19.64,0,0,0,0
empty_tensor,,,8.02,8.02,0,0,0,0
aten::copy_,,,124.52,147.62,0,0,0,0
acl_memcpy_host_to_device,,,23.1,23.1,0,0,0,0
aten::to,,,5.54,125.14,0,0,0,0
aten::_to_copy,,,5.34,119.6,0,0,0,0
aten::empty_strided,,,11.33,18.5,0,0,0,0
empty_tensor,,,7.17,7.17,0,0,0,0
aten::copy_,,,75.83,95.76,0,0,0,0
acl_memcpy_host_to_device,,,19.93,19.93,0,0,0,0
aten::to,,,3.04,129.5,0,0,0,0
aten::_to_copy,,,5.15,126.46,0,0,0,0
aten::empty_strided,,,9.37,33.51,0,0,0,0
empty_tensor,,,24.14,24.14,0,0,0,0
aten::copy_,,,73.85,87.8,0,0,0,0
acl_memcpy_host_to_device,,,13.95,13.95,0,0,0,0
aten::to,,,3.75,118.06,0,0,0,0
aten::_to_copy,,,5.23,114.31,0,0,0,0
aten::empty_strided,,,14.32,31.34,0,0,0,0
empty_tensor,,,17.02,17.02,0,0,0,0
aten::copy_,,,64.75,77.74,0,0,0,0
acl_memcpy_host_to_device,,,12.99,12.99,0,0,0,0
aten::to,,,2.81,110.95,0,0,0,0
aten::_to_copy,,,5.06,108.14,0,0,0,0
aten::empty_strided,,,14.29,26.31,0,0,0,0
empty_tensor,,,12.02,12.02,0,0,0,0
aten::copy_,,,59.21,76.77,0,0,0,0
acl_memcpy_host_to_device,,,17.56,17.56,0,0,0,0
aten::to,,,2.98,134.74,0,0,0,0
aten::_to_copy,,,5.42,131.76,0,0,0,0
aten::empty_strided,,,9.22,45.12,0,0,0,0
empty_tensor,,,35.9,35.9,0,0,0,0
aten::copy_,,,69.17,81.22,0,0,0,0
acl_memcpy_host_to_device,,,12.05,12.05,0,0,0,0
aten::slice,,,8.94,15.5,0,0,0,0
aten::as_strided,,,6.56,6.56,0,0,0,0
aten::slice,,,2.57,5.11,0,0,0,0
aten::as_strided,,,2.54,2.54,0,0,0,0
aten::sub,,,23.36,49.1,0,1.26003125,0,0
empty_tensor,,,8.71,8.71,0,0,0,0
aclnnSub,,,17.03,17.03,1.26003125,1.26003125,0,0
aten::sub,,,14.52,24.56,0,1.28,0,0
empty_tensor,,,7.49,7.49,0,0,0,0
aclnnSub,,,2.55,2.55,1.28,1.28,0,0
aten::gt,,,16.56,34.18,0,3.58003125,0,0
empty_tensor,,,5.52,5.52,0,0,0,0
aclnnGtScalar,,,12.1,12.1,3.58003125,3.58003125,0,0
aten::slice,,,6.61,12.96,0,0,0,0
aten::as_strided,,,6.35,6.35,0,0,0,0
aten::slice,,,6.56,9.17,0,0,0,0
aten::as_strided,,,2.61,2.61,0,0,0,0
aten::slice,,,2.78,6.26,0,0,0,0
aten::as_strided,,,3.48,3.48,0,0,0,0
aten::slice,,,2.79,5.74,0,0,0,0
aten::as_strided,,,2.95,2.95,0,0,0,0
aten::slice,,,2.76,5.94,0,0,0,0
aten::as_strided,,,3.18,3.18,0,0,0,0
aten::slice,,,2.66,5.83,0,0,0,0
aten::as_strided,,,3.17,3.17,0,0,0,0
aten::fill_,,,16.45,36.45,0,0,0,0
aclnnInplaceFillScalar,,,20.0,20.0,0,0,0,0
aten::slice,,,4.01,8.15,0,0,0,0
aten::as_strided,,,4.14,4.14,0,0,0,0
aten::fill_,,,11.45,23.92,0,0,0,0
aclnnInplaceFillScalar,,,12.47,12.47,0,0,0,0
aten::diff,,,6.48,32.73,0,0,0,0
aten::narrow,,,5.36,9.69,0,0,0,0
aten::slice,,,2.29,4.33,0,0,0,0
aten::as_strided,,,2.04,2.04,0,0,0,0
aten::narrow,,,2.43,4.23,0,0,0,0
aten::slice,,,1.05,1.8,0,0,0,0
aten::as_strided,,,0.75,0.75,0,0,0,0
aten::sub,,,12.33,12.33,0,0,0,0
aten::eq,,,12.13,26.5,0,0,0,0
aten::to,,,1.62,14.37,0,0,0,0
aten::_to_copy,,,4.34,12.75,0,0,0,0
aten::empty_strided,,,2.82,2.82,0,0,0,0
aten::copy_,,,5.59,5.59,0,0,0,0
aten::__and__,,,1.95,6.4,0,0,0,0
aten::bitwise_and,,,4.45,4.45,0,0,0,0
aten::gt,,,7.45,16.53,0,0,0,0
aten::to,,,1.28,9.08,0,0,0,0
aten::_to_copy,,,2.87,7.8,0,0,0,0
aten::empty_strided,,,2.11,2.11,0,0,0,0
aten::copy_,,,2.82,2.82,0,0,0,0
aten::__and__,,,1.47,4.65,0,0,0,0
aten::bitwise_and,,,3.18,3.18,0,0,0,0
aten::any,,,5.69,12.89,0,0,0,0
aten::view_as,,,1.92,3.95,0,0,0,0
aten::view,,,2.03,2.03,0,0,0,0
aten::to,,,0.54,0.54,0,0,0,0
aten::copy_,,,2.71,2.71,0,0,0,0
aten::item,,,2.1,3.45,0,0,0,0
aten::_local_scalar_dense,,,1.35,1.35,0,0,0,0
aten::slice,,,4.93,7.11,0,0,0,0
aten::as_strided,,,2.18,2.18,0,0,0,0
aten::slice,,,2.33,3.15,0,0,0,0
aten::as_strided,,,0.82,0.82,0,0,0,0
aten::sub,,,5.58,5.58,0,0,0,0
aten::select,,,3.06,4.26,0,0,0,0
aten::as_strided,,,1.2,1.2,0,0,0,0
aten::item,,,1.18,2.49,0,0,0,0
aten::_local_scalar_dense,,,1.31,1.31,0,0,0,0
aten::select,,,4.02,9.33,0,0,0,0
aten::as_strided,,,5.31,5.31,0,0,0,0
aten::slice,,,4.7,6.17,0,0,0,0
aten::as_strided,,,1.47,1.47,0,0,0,0
aten::slice,,,2.51,3.38,0,0,0,0
aten::as_strided,,,0.87,0.87,0,0,0,0
aten::sub,,,5.74,5.74,0,0,0,0
aten::add,,,6.85,18.4,0,0,0,0
aten::to,,,1.7,11.55,0,0,0,0
aten::_to_copy,,,3.47,9.85,0,0,0,0
aten::empty_strided,,,2.58,2.58,0,0,0,0
aten::copy_,,,3.8,3.8,0,0,0,0
aten::sub,,,4.76,13.37,0,0,0,0
aten::to,,,1.03,8.61,0,0,0,0
aten::_to_copy,,,2.63,7.58,0,0,0,0
aten::empty_strided,,,2.41,2.41,0,0,0,0
aten::copy_,,,2.54,2.54,0,0,0,0
aten::floor_divide,,,6.73,16.41,0,0,0,0
aten::to,,,1.26,7.85,0,0,0,0
aten::_to_copy,,,2.53,6.59,0,0,0,0
aten::empty_strided,,,1.61,1.61,0,0,0,0
aten::copy_,,,2.45,2.45,0,0,0,0
aten::empty,,,1.83,1.83,0,0,0,0
aten::resolve_conj,,,1.02,1.02,0,0,0,0
aten::resolve_neg,,,0.61,0.61,0,0,0,0
aten::arange,,,3.97,14.03,0,0,0,0
aten::empty,,,1.51,1.51,0,0,0,0
aten::arange,,,6.46,8.55,0,0,0,0
aten::resize_,,,2.09,2.09,0,0,0,0
aten::cat,,,5.8,5.8,0,0,0,0
aten::eq,,,7.01,7.01,0,0,0,0
aten::cumsum,,,7.06,16.44,0,0,0,0
aten::to,,,1.17,9.38,0,0,0,0
aten::_to_copy,,,2.82,8.21,0,0,0,0
aten::empty_strided,,,1.94,1.94,0,0,0,0
aten::copy_,,,3.45,3.45,0,0,0,0
aten::sub,,,3.89,3.89,0,0,0,0
aten::stack,,,3.74,25.44,0,0,0,0
aten::unsqueeze,,,2.29,4.16,0,0,0,0
aten::as_strided,,,1.87,1.87,0,0,0,0
aten::unsqueeze,,,1.03,2.58,0,0,0,0
aten::as_strided,,,1.55,1.55,0,0,0,0
aten::cat,,,9.02,14.96,0,0,0,0
aten::narrow,,,2.48,5.94,0,0,0,0
aten::slice,,,1.83,3.46,0,0,0,0
aten::as_strided,,,1.63,1.63,0,0,0,0
aten::to,,,1.8,9.9,0,0,0,0
aten::_to_copy,,,2.88,8.1,0,0,0,0
aten::empty_strided,,,2.06,2.06,0,0,0,0
aten::copy_,,,3.16,3.16,0,0,0,0
aten::empty,,,2.37,2.37,0,0,0,0
aten::to,,,0.56,0.56,0,0,0,0
aten::lift_fresh,,,0.95,0.95,0,0,0,0
aten::detach_,,,0.55,0.55,0,0,0,0
aten::slice,,,4.89,6.28,0,0,0,0
aten::as_strided,,,1.39,1.39,0,0,0,0
aten::slice,,,2.24,3.2,0,0,0,0
aten::as_strided,,,0.96,0.96,0,0,0,0
aten::sub,,,4.84,4.84,0,0,0,0
aten::add,,,5.67,14.99,0,0,0,0
aten::to,,,1.32,9.32,0,0,0,0
aten::_to_copy,,,2.63,8.0,0,0,0,0
aten::empty_strided,,,2.78,2.78,0,0,0,0
aten::copy_,,,2.59,2.59,0,0,0,0
aten::sub,,,4.51,11.07,0,0,0,0
aten::to,,,0.89,6.56,0,0,0,0
aten::_to_copy,,,2.13,5.67,0,0,0,0
aten::empty_strided,,,1.42,1.42,0,0,0,0
aten::copy_,,,2.12,2.12,0,0,0,0
aten::floor_divide,,,6.01,15.61,0,0,0,0
aten::to,,,0.99,8.18,0,0,0,0
aten::_to_copy,,,2.71,7.19,0,0,0,0
aten::empty_strided,,,2.04,2.04,0,0,0,0
aten::copy_,,,2.44,2.44,0,0,0,0
aten::empty,,,1.42,1.42,0,0,0,0
aten::cat,,,4.71,4.71,0,0,0,0
aten::cumsum,,,5.92,14.39,0,0,0,0
aten::to,,,0.89,8.47,0,0,0,0
aten::_to_copy,,,2.29,7.58,0,0,0,0
aten::empty_strided,,,1.98,1.98,0,0,0,0
aten::copy_,,,3.31,3.31,0,0,0,0
aten::empty,,,2.21,2.21,0,0,0,0
aten::to,,,0.71,0.71,0,0,0,0
aten::lift_fresh,,,0.77,0.77,0,0,0,0
aten::detach_,,,0.5,0.5,0,0,0,0
aten::slice,,,3.96,5.56,0,0,0,0
aten::as_strided,,,1.6,1.6,0,0,0,0
aten::slice,,,2.2,3.09,0,0,0,0
aten::as_strided,,,0.89,0.89,0,0,0,0
aten::sub,,,4.6,4.6,0,0,0,0
aten::add,,,5.1,13.29,0,0,0,0
aten::to,,,0.85,8.19,0,0,0,0
aten::_to_copy,,,2.49,7.34,0,0,0,0
aten::empty_strided,,,2.08,2.08,0,0,0,0
aten::copy_,,,2.77,2.77,0,0,0,0
aten::sub,,,4.37,10.59,0,0,0,0
aten::to,,,0.79,6.22,0,0,0,0
aten::_to_copy,,,2.07,5.43,0,0,0,0
aten::empty_strided,,,1.42,1.42,0,0,0,0
aten::copy_,,,1.94,1.94,0,0,0,0
aten::floor_divide,,,5.4,14.14,0,0,0,0
aten::to,,,1.1,7.52,0,0,0,0
aten::_to_copy,,,2.4,6.42,0,0,0,0
aten::empty_strided,,,1.77,1.77,0,0,0,0
aten::copy_,,,2.25,2.25,0,0,0,0
aten::empty,,,1.22,1.22,0,0,0,0
aten::add,,,4.15,11.32,0,0,0,0
aten::to,,,1.04,7.17,0,0,0,0
aten::_to_copy,,,2.33,6.13,0,0,0,0
aten::empty_strided,,,1.36,1.36,0,0,0,0
aten::copy_,,,2.44,2.44,0,0,0,0
aten::cat,,,4.11,4.11,0,0,0,0
aten::cumsum,,,5.19,12.74,0,0,0,0
aten::to,,,0.99,7.55,0,0,0,0
aten::_to_copy,,,2.18,6.56,0,0,0,0
aten::empty_strided,,,1.37,1.37,0,0,0,0
aten::copy_,,,3.01,3.01,0,0,0,0
aten::slice,,,3.89,5.27,0,0,0,0
aten::as_strided,,,1.38,1.38,0,0,0,0
aten::slice,,,2.13,2.87,0,0,0,0
aten::as_strided,,,0.74,0.74,0,0,0,0
aten::sub,,,4.23,4.23,0,0,0,0
aten::add,,,4.63,12.56,0,0,0,0
aten::to,,,1.03,7.93,0,0,0,0
aten::_to_copy,,,2.5,6.9,0,0,0,0
aten::empty_strided,,,1.98,1.98,0,0,0,0
aten::copy_,,,2.42,2.42,0,0,0,0
aten::sub,,,3.89,10.95,0,0,0,0
aten::to,,,0.9,7.06,0,0,0,0
aten::_to_copy,,,2.55,6.16,0,0,0,0
aten::empty_strided,,,1.52,1.52,0,0,0,0
aten::copy_,,,2.09,2.09,0,0,0,0
aten::floor_divide,,,5.11,14.32,0,0,0,0
aten::to,,,1.24,7.83,0,0,0,0
aten::_to_copy,,,2.44,6.59,0,0,0,0
aten::empty_strided,,,1.88,1.88,0,0,0,0
aten::copy_,,,2.27,2.27,0,0,0,0
aten::empty,,,1.38,1.38,0,0,0,0
aten::add,,,4.14,10.77,0,0,0,0
aten::to,,,0.85,6.63,0,0,0,0
aten::_to_copy,,,2.29,5.78,0,0,0,0
aten::empty_strided,,,1.41,1.41,0,0,0,0
aten::copy_,,,2.08,2.08,0,0,0,0
aten::cumsum,,,4.96,12.29,0,0,0,0
aten::to,,,0.83,7.33,0,0,0,0
aten::_to_copy,,,2.19,6.5,0,0,0,0
aten::empty_strided,,,1.69,1.69,0,0,0,0
aten::copy_,,,2.62,2.62,0,0,0,0
aten::sub,,,3.36,3.36,0,0,0,0
aten::slice,,,3.65,4.92,0,0,0,0
aten::as_strided,,,1.27,1.27,0,0,0,0
aten::slice,,,1.93,2.67,0,0,0,0
aten::as_strided,,,0.74,0.74,0,0,0,0
aten::sub,,,3.98,3.98,0,0,0,0
aten::add,,,4.51,12.54,0,0,0,0
aten::to,,,1.11,8.03,0,0,0,0
aten::_to_copy,,,2.43,6.92,0,0,0,0
aten::empty_strided,,,1.8,1.8,0,0,0,0
aten::copy_,,,2.69,2.69,0,0,0,0
aten::sub,,,4.19,10.73,0,0,0,0
aten::to,,,0.71,6.54,0,0,0,0
aten::_to_copy,,,2.13,5.83,0,0,0,0
aten::empty_strided,,,1.24,1.24,0,0,0,0
aten::copy_,,,2.46,2.46,0,0,0,0
aten::floor_divide,,,4.7,13.3,0,0,0,0
aten::to,,,0.86,7.3,0,0,0,0
aten::_to_copy,,,2.36,6.44,0,0,0,0
aten::empty_strided,,,1.81,1.81,0,0,0,0
aten::copy_,,,2.27,2.27,0,0,0,0
aten::empty,,,1.3,1.3,0,0,0,0
aten::resolve_conj,,,1.06,1.06,0,0,0,0
aten::resolve_neg,,,0.72,0.72,0,0,0,0
aten::arange,,,3.74,13.37,0,0,0,0
aten::empty,,,1.9,1.9,0,0,0,0
aten::arange,,,6.08,7.73,0,0,0,0
aten::resize_,,,1.65,1.65,0,0,0,0
aten::cat,,,4.62,4.62,0,0,0,0
aten::eq,,,6.16,6.16,0,0,0,0
aten::cumsum,,,5.46,14.28,0,0,0,0
aten::to,,,1.09,8.82,0,0,0,0
aten::_to_copy,,,2.83,7.73,0,0,0,0
aten::empty_strided,,,1.65,1.65,0,0,0,0
aten::copy_,,,3.25,3.25,0,0,0,0
aten::sub,,,3.62,3.62,0,0,0,0
aten::stack,,,3.38,21.33,0,0,0,0
aten::unsqueeze,,,2.21,3.86,0,0,0,0
aten::as_strided,,,1.65,1.65,0,0,0,0
aten::unsqueeze,,,1.02,1.8,0,0,0,0
aten::as_strided,,,0.78,0.78,0,0,0,0
aten::cat,,,6.9,12.29,0,0,0,0
aten::narrow,,,2.73,5.39,0,0,0,0
aten::slice,,,1.56,2.66,0,0,0,0
aten::as_strided,,,1.1,1.1,0,0,0,0
aten::to,,,1.65,9.8,0,0,0,0
aten::_to_copy,,,2.71,8.15,0,0,0,0
aten::empty_strided,,,2.12,2.12,0,0,0,0
aten::copy_,,,3.32,3.32,0,0,0,0
aten::slice,,,4.34,5.52,0,0,0,0
aten::as_strided,,,1.18,1.18,0,0,0,0
aten::slice,,,2.13,3.12,0,0,0,0
aten::as_strided,,,0.99,0.99,0,0,0,0
aten::sub,,,4.07,4.07,0,0,0,0
aten::add,,,5.12,12.85,0,0,0,0
aten::to,,,0.97,7.73,0,0,0,0
aten::_to_copy,,,2.38,6.76,0,0,0,0
aten::empty_strided,,,1.75,1.75,0,0,0,0
aten::copy_,,,2.63,2.63,0,0,0,0
aten::sub,,,4.5,11.33,0,0,0,0
aten::to,,,1.0,6.83,0,0,0,0
aten::_to_copy,,,2.14,5.83,0,0,0,0
aten::empty_strided,,,1.41,1.41,0,0,0,0
aten::copy_,,,2.28,2.28,0,0,0,0
aten::floor_divide,,,5.25,14.19,0,0,0,0
aten::to,,,1.0,7.4,0,0,0,0
aten::_to_copy,,,2.37,6.4,0,0,0,0
aten::empty_strided,,,1.78,1.78,0,0,0,0
aten::copy_,,,2.25,2.25,0,0,0,0
aten::empty,,,1.54,1.54,0,0,0,0
aten::resolve_conj,,,1.01,1.01,0,0,0,0
aten::resolve_neg,,,0.42,0.42,0,0,0,0
aten::arange,,,3.12,11.05,0,0,0,0
aten::empty,,,1.4,1.4,0,0,0,0
aten::arange,,,4.93,6.53,0,0,0,0
aten::resize_,,,1.6,1.6,0,0,0,0
aten::cat,,,4.1,4.1,0,0,0,0
aten::eq,,,6.44,6.44,0,0,0,0
aten::cumsum,,,5.49,14.37,0,0,0,0
aten::to,,,1.2,8.88,0,0,0,0
aten::_to_copy,,,2.57,7.68,0,0,0,0
aten::empty_strided,,,1.9,1.9,0,0,0,0
aten::copy_,,,3.21,3.21,0,0,0,0
aten::sub,,,3.6,3.6,0,0,0,0
aten::stack,,,3.25,23.06,0,0,0,0
aten::unsqueeze,,,1.96,3.68,0,0,0,0
aten::as_strided,,,1.72,1.72,0,0,0,0
aten::unsqueeze,,,1.11,1.96,0,0,0,0
aten::as_strided,,,0.85,0.85,0,0,0,0
aten::cat,,,8.32,14.17,0,0,0,0
aten::narrow,,,2.41,5.85,0,0,0,0
aten::slice,,,1.78,3.44,0,0,0,0
aten::as_strided,,,1.66,1.66,0,0,0,0
aten::to,,,1.4,9.63,0,0,0,0
aten::_to_copy,,,2.84,8.23,0,0,0,0
aten::empty_strided,,,2.36,2.36,0,0,0,0
aten::copy_,,,3.03,3.03,0,0,0,0
aten::to,,,1.46,9.43,0,0,0,0
aten::_to_copy,,,2.57,7.97,0,0,0,0
aten::empty_strided,,,1.78,1.78,0,0,0,0
aten::copy_,,,3.62,3.62,0,0,0,0
aten::reshape,,,1.8,3.91,0,0,0,0
aten::view,,,2.11,2.11,0,0,0,0
aten::resolve_conj,,,0.96,0.96,0,0,0,0
aten::resolve_neg,,,0.36,0.36,0,0,0,0
aten::empty,,,2.72,2.72,0,0,0,0
aten::to,,,0.68,0.68,0,0,0,0
aten::lift_fresh,,,1.04,1.04,0,0,0,0
aten::detach_,,,0.58,0.58,0,0,0,0
aten::slice,,,2.02,3.31,0,0,0,0
aten::as_strided,,,1.29,1.29,0,0,0,0
aten::slice,,,1.1,1.99,0,0,0,0
aten::as_strided,,,0.89,0.89,0,0,0,0
aten::sub,,,5.52,5.52,0,0,0,0
aten::gt,,,6.35,6.35,0,0,0,0
aten::all,,,5.92,12.31,0,0,0,0
aten::view_as,,,1.5,2.84,0,0,0,0
aten::view,,,1.34,1.34,0,0,0,0
aten::to,,,0.54,0.54,0,0,0,0
aten::copy_,,,3.01,3.01,0,0,0,0
aten::is_nonzero,,,1.51,4.46,0,0,0,0
aten::item,,,1.7,2.95,0,0,0,0
aten::_local_scalar_dense,,,1.25,1.25,0,0,0,0
aten::to,,,1.65,10.62,0,0,0,0
aten::_to_copy,,,3.01,8.97,0,0,0,0
aten::empty_strided,,,2.53,2.53,0,0,0,0
aten::copy_,,,3.43,3.43,0,0,0,0
aten::reshape,,,1.23,2.61,0,0,0,0
aten::view,,,1.38,1.38,0,0,0,0
aten::resolve_conj,,,0.92,0.92,0,0,0,0
aten::resolve_neg,,,0.44,0.44,0,0,0,0
aten::to,,,2.3,149.39,0,0,0,0
aten::_to_copy,,,6.61,147.09,0,0,0,0
aten::empty_strided,,,11.58,19.27,0,0,0,0
empty_tensor,,,7.69,7.69,0,0,0,0
aten::copy_,,,95.79,121.21,0,0,0,0
acl_memcpy_host_to_device,,,25.42,25.42,0,0,0,0
aten::to,,,13.18,118.16,0,0,0,0
aten::_to_copy,,,5.85,104.98,0,0,0,0
aten::empty_strided,,,9.77,15.83,0,0,0,0
empty_tensor,,,6.06,6.06,0,0,0,0
aten::copy_,,,63.77,83.3,0,0,0,0
acl_memcpy_host_to_device,,,19.53,19.53,0,0,0,0
aten::to,,,2.8,122.52,0,0,0,0
aten::_to_copy,,,5.37,119.72,0,0,0,0
aten::empty_strided,,,28.99,34.71,0,0,0,0
empty_tensor,,,5.72,5.72,0,0,0,0
aten::copy_,,,59.02,79.64,0,0,0,0
acl_memcpy_host_to_device,,,20.62,20.62,0,0,0,0
aten::to,,,2.78,110.74,0,0,0,0
aten::_to_copy,,,5.22,107.96,0,0,0,0
aten::empty_strided,,,9.29,25.27,0,0,0,0
empty_tensor,,,15.98,15.98,0,0,0,0
aten::copy_,,,58.5,77.47,0,0,0,0
acl_memcpy_host_to_device,,,18.97,18.97,0,0,0,0
aten::to,,,2.67,114.79,0,0,0,0
aten::_to_copy,,,5.35,112.12,0,0,0,0
aten::empty_strided,,,9.25,31.5,0,0,0,0
empty_tensor,,,22.25,22.25,0,0,0,0
aten::copy_,,,58.96,75.27,0,0,0,0
acl_memcpy_host_to_device,,,16.31,16.31,0,0,0,0
aten::to,,,3.49,94.04,0,0,0,0
aten::_to_copy,,,5.35,90.55,0,0,0,0
aten::empty_strided,,,8.16,13.32,0,0,0,0
empty_tensor,,,5.16,5.16,0,0,0,0
aten::copy_,,,56.61,71.88,0,0,0,0
acl_memcpy_host_to_device,,,15.27,15.27,0,0,0,0
aten::slice,,,8.38,15.01,0,0,0,0
aten::as_strided,,,6.63,6.63,0,0,0,0
aten::slice,,,3.17,5.85,0,0,0,0
aten::as_strided,,,2.68,2.68,0,0,0,0
aten::sub,,,23.21,54.27,0,1.36003125,0,0
empty_tensor,,,10.35,10.35,0,0,0,0
aclnnSub,,,20.71,20.71,1.36003125,1.36003125,0,0
aten::sub,,,14.99,25.46,0,1.46,0,0
empty_tensor,,,7.42,7.42,0,0,0,0
aclnnSub,,,3.05,3.05,1.46,1.46,0,0
aten::gt,,,16.79,37.02,0,3.3000937500000003,0,0
empty_tensor,,,6.78,6.78,0,0,0,0
aclnnGtScalar,,,13.45,13.45,3.3000937500000003,3.3000937500000003,0,0
aten::slice,,,7.14,13.88,0,0,0,0
aten::as_strided,,,6.74,6.74,0,0,0,0
Event::record,,,169.83,197.5,0,0.02,0,0
record_event,,,27.67,27.67,0.02,0.02,0,0
aten::slice,,,8.13,15.15,0,0,0,0
aten::as_strided,,,7.02,7.02,0,0,0,0
aten::slice,,,4.81,8.84,0,0,0,0
aten::as_strided,,,4.03,4.03,0,0,0,0
aten::slice,,,6.61,14.21,0,0,0,0
aten::as_strided,,,7.6,7.6,0,0,0,0
aten::scalar_tensor,,,5.89,56.81,0,1.48,0,0
aten::empty,,,2.78,13.69,0,0,0,0
empty_tensor,,,10.91,10.91,0,0,0,0
aten::fill_,,,17.62,37.23,0,1.48,0,0
aclnnInplaceFillScalar,,,19.61,19.61,1.48,1.48,0,0
aten::view,,,4.54,4.54,0,0,0,0
aten::expand,,,3.15,6.46,0,0,0,0
aten::as_strided,,,3.31,3.31,0,0,0,0
aten::copy_,,,22.48,35.02,0,5.02009375,0,0
aclnnInplaceCopy,,,12.54,12.54,5.02009375,5.02009375,0,0
aten::scalar_tensor,,,4.07,32.91,0,1.34,0,0
aten::empty,,,2.21,9.1,0,0,0,0
empty_tensor,,,6.89,6.89,0,0,0,0
aten::fill_,,,9.47,19.74,0,1.34,0,0
aclnnInplaceFillScalar,,,10.27,10.27,1.34,1.34,0,0
aten::slice,,,5.67,10.66,0,0,0,0
aten::as_strided,,,4.99,4.99,0,0,0,0
aten::view,,,2.62,2.62,0,0,0,0
aten::expand,,,1.46,3.03,0,0,0,0
aten::as_strided,,,1.57,1.57,0,0,0,0
aten::copy_,,,2.17,2.17,0,0,0,0
aten::to,,,2.8,63.24,0,1.40003125,0,0
aten::_to_copy,,,7.25,60.44,0,1.40003125,0,0
aten::empty_strided,,,10.54,17.56,0,0,0,0
empty_tensor,,,7.02,7.02,0,0,0,0
aten::copy_,,,19.73,35.63,0,1.40003125,0,0
aclnnInplaceCopy,,,15.9,15.9,1.40003125,1.40003125,0,0
aten::embedding,,,16.59,38.51,0,7.96015625,0,0
empty_tensor,,,8.97,8.97,0,0,0,0
aclnnEmbedding,,,12.95,12.95,7.96015625,7.96015625,0,0
aten::unsqueeze,,,4.79,10.66,0,0,0,0
aten::as_strided,,,5.87,5.87,0,0,0,0
aten::expand,,,2.93,7.83,0,0,0,0
aten::as_strided,,,4.9,4.9,0,0,0,0
aten::contiguous,,,3.53,50.92,0,9.7201875,0,0
aten::clone,,,5.61,47.39,0,9.7201875,0,0
empty_tensor,,,11.02,11.02,0,0,0,0
aten::copy_,,,16.19,30.76,0,9.7201875,0,0
aclnnInplaceCopy,,,14.57,14.57,9.7201875,9.7201875,0,0
_C_ascend::npu_hc_pre_v2,,,71.06,132.33,0,62.00125,0,0
aten::empty,,,3.55,13.7,0,0,0,0
empty_tensor,,,10.15,10.15,0,0,0,0
aten::empty,,,1.63,6.69,0,0,0,0
empty_tensor,,,5.06,5.06,0,0,0,0
aten::empty,,,1.62,5.68,0,0,0,0
empty_tensor,,,4.06,4.06,0,0,0,0
aten::empty,,,1.49,5.35,0,0,0,0
empty_tensor,,,3.86,3.86,0,0,0,0
aten::empty,,,3.3,13.51,0,0,0,0
empty_tensor,,,10.21,10.21,0,0,0,0
aclnnHcPre,,,16.34,16.34,62.00125,62.00125,0,0
npu::npu_rms_norm,,,68.6,97.53,0,11.30021875,0,0
empty_tensor,,,8.94,8.94,0,0,0,0
empty_tensor,,,5.0,5.0,0,0,0,0
aclnnRmsNorm,,,14.99,14.99,11.30021875,11.30021875,0,0
aten::unsqueeze,,,4.06,9.36,0,0,0,0
aten::as_strided,,,5.3,5.3,0,0,0,0
aten::linear,,,6.58,73.67,0,220.324375,0,220.324375
aten::t,,,6.62,16.85,0,0,0,0
aten::transpose,,,3.69,10.23,0,0,0,0
aten::as_strided,,,6.54,6.54,0,0,0,0
aten::matmul,,,22.38,50.24,0,220.324375,0,220.324375
empty_tensor,,,11.56,11.56,0,0,0,0
aclnnMatmul,,,16.3,16.3,220.324375,220.324375,220.324375,220.324375
aten::split_with_sizes,,,6.93,16.93,0,0,0,0
aten::as_strided,,,4.83,4.83,0,0,0,0
aten::as_strided,,,1.99,1.99,0,0,0,0
aten::as_strided,,,1.6,1.6,0,0,0,0
aten::as_strided,,,1.58,1.58,0,0,0,0
aten::unsqueeze,,,2.47,6.55,0,0,0,0
aten::as_strided,,,4.08,4.08,0,0,0,0
vllm::unquantized_gemm,,,26.33,103.12,0,15.940312500000001,0,12.86025
aten::linear,,,4.2,76.79,0,15.940312500000001,0,12.86025
aten::t,,,6.05,14.07,0,0,0,0
aten::transpose,,,3.21,8.02,0,0,0,0
aten::as_strided,,,4.81,4.81,0,0,0,0
aten::matmul,,,28.57,58.52,0,15.940312500000001,0,12.86025
empty_tensor,,,13.23,13.23,0,0,0,0
aclnnMatmul,,,16.72,16.72,15.940312500000001,15.940312500000001,12.86025,12.86025
aten::reshape,,,2.58,8.71,0,0,0,0
aten::view,,,6.13,6.13,0,0,0,0
vllm::unquantized_gemm,,,22.42,91.66,0,12.78028125,0,10.20021875
aten::linear,,,4.18,69.24,0,12.78028125,0,10.20021875
aten::t,,,4.27,11.64,0,0,0,0
aten::transpose,,,2.37,7.37,0,0,0,0
aten::as_strided,,,5.0,5.0,0,0,0,0
aten::matmul,,,25.74,53.42,0,12.78028125,0,10.20021875
empty_tensor,,,10.21,10.21,0,0,0,0
aclnnMatmul,,,17.47,17.47,12.78028125,12.78028125,10.20021875,10.20021875
aten::reshape,,,2.48,8.31,0,0,0,0
aten::view,,,5.83,5.83,0,0,0,0
aten::empty,,,3.53,13.68,0,0,0,0
empty_tensor,,,10.15,10.15,0,0,0,0
aten::slice,,,3.49,9.13,0,0,0,0
aten::as_strided,,,5.64,5.64,0,0,0,0
aten::alias,,,3.01,3.01,0,0,0,0
aten::alias,,,1.42,1.42,0,0,0,0
aten::zeros_like,,,5.66,61.89,0,9.1801875,0,0
aten::empty_like,,,6.58,22.6,0,0,0,0
aten::empty_strided,,,11.45,16.02,0,0,0,0
empty_tensor,,,4.57,4.57,0,0,0,0
aten::zero_,,,15.17,33.63,0,9.1801875,0,0
aclnnInplaceZero,,,18.46,18.46,9.1801875,9.1801875,0,0
aten::empty,,,2.78,11.87,0,0,0,0
empty_tensor,,,9.09,9.09,0,0,0,0
aten::empty,,,1.79,7.72,0,0,0,0
empty_tensor,,,5.93,5.93,0,0,0,0
_copy_conv_state_kernel,,,25.42,25.42,7.760125,7.760125,0,0
fla_npu_stable::npu_causal_conv1d_fn,,,187.46,249.47,0,59.1411875,0,0
aten::empty_strided,,,14.66,22.92,0,0,0,0
empty_tensor,,,8.26,8.26,0,0,0,0
aten::empty_strided,,,13.41,21.49,0,0,0,0
empty_tensor,,,8.08,8.08,0,0,0,0
aclnnCausalConv1d,,,17.6,17.6,59.1411875,59.1411875,0,0
_copy_conv_state_kernel,,,32.72,32.72,7.44015625,7.44015625,0,0
aten::split,,,5.18,30.93,0,0,0,0
aten::narrow,,,5.03,16.93,0,0,0,0
aten::slice,,,4.27,11.9,0,0,0,0
aten::as_strided,,,7.63,7.63,0,0,0,0
aten::narrow,,,1.53,4.58,0,0,0,0
aten::slice,,,1.15,3.05,0,0,0,0
aten::as_strided,,,1.9,1.9,0,0,0,0
aten::narrow,,,1.03,4.24,0,0,0,0
aten::slice,,,1.22,3.21,0,0,0,0
aten::as_strided,,,1.99,1.99,0,0,0,0
aten::zero_,,,17.47,37.94,0,7.860125,0,0
aclnnInplaceZero,,,20.47,20.47,7.860125,7.860125,0,0
aten::reshape,,,9.93,20.01,0,0,0,0
aten::_reshape_alias,,,3.93,10.08,0,0,0,0
aten::view,,,6.15,6.15,0,0,0,0
aten::reshape,,,2.48,9.06,0,0,0,0
aten::_reshape_alias,,,2.18,6.58,0,0,0,0
aten::view,,,4.4,4.4,0,0,0,0
aten::reshape,,,2.13,7.76,0,0,0,0
aten::_reshape_alias,,,2.08,5.63,0,0,0,0
aten::view,,,3.55,3.55,0,0,0,0
aten::alias,,,2.89,2.89,0,0,0,0
aten::alias,,,1.37,1.37,0,0,0,0
aten::alias,,,1.07,1.07,0,0,0,0
aten::alias,,,1.09,1.09,0,0,0,0
aten::alias,,,1.37,1.37,0,0,0,0
aten::to,,,2.8,72.96,0,1.4,0,0
aten::_to_copy,,,7.55,70.16,0,1.4,0,0
aten::empty_strided,,,11.25,18.2,0,0,0,0
empty_tensor,,,6.95,6.95,0,0,0,0
aten::copy_,,,22.32,44.41,0,1.4,0,0
aclnnInplaceCopy,,,22.09,22.09,1.4,1.4,0,0
aten::to,,,2.12,38.38,0,1.64003125,0,0
aten::_to_copy,,,4.88,36.26,0,1.64003125,0,0
aten::empty_strided,,,8.19,13.04,0,0,0,0
empty_tensor,,,4.85,4.85,0,0,0,0
aten::copy_,,,14.13,18.34,0,1.64003125,0,0
aclnnInplaceCopy,,,4.21,4.21,1.64003125,1.64003125,0,0
aten::mul,,,15.72,25.2,0,2.1200625,0,0
empty_tensor,,,6.34,6.34,0,0,0,0
aclnnMul,,,3.14,3.14,2.1200625,2.1200625,0,0
aten::index_select,,,21.97,50.45,0,815.2162500000001,0,0
empty_tensor,,,9.68,9.68,0,0,0,0
aclnnIndexSelect,,,18.8,18.8,815.2162500000001,815.2162500000001,0,0
aten::view,,,6.48,6.48,0,0,0,0
aten::to,,,2.29,67.17,0,1.5200625,0,0
aten::_to_copy,,,4.9,64.88,0,1.5200625,0,0
aten::empty_strided,,,7.6,12.15,0,0,0,0
empty_tensor,,,4.55,4.55,0,0,0,0
aten::copy_,,,31.63,47.83,0,1.5200625,0,0
aclnnInplaceCopy,,,16.2,16.2,1.5200625,1.5200625,0,0
aten::mul,,,16.79,39.04,0,8.54015625,0,0
empty_tensor,,,10.08,10.08,0,0,0,0
aclnnMul,,,12.17,12.17,8.54015625,8.54015625,0,0
aten::to,,,2.05,2.05,0,0,0,0
aten::to,,,1.69,48.46,0,5.8401250000000005,0,0
aten::_to_copy,,,5.61,46.77,0,5.8401250000000005,0,0
aten::empty_strided,,,6.7,11.15,0,0,0,0
empty_tensor,,,4.45,4.45,0,0,0,0
aten::copy_,,,18.45,30.01,0,5.8401250000000005,0,0
aclnnInplaceCopy,,,11.56,11.56,5.8401250000000005,5.8401250000000005,0,0
aten::sigmoid,,,12.84,27.98,0,2.60003125,0,0
empty_tensor,,,6.11,6.11,0,0,0,0
aclnnSigmoid,,,9.03,9.03,2.60003125,2.60003125,0,0
aten::contiguous,,,3.42,42.08,0,6.420125,0,0
aten::clone,,,4.99,38.66,0,6.420125,0,0
empty_tensor,,,7.84,7.84,0,0,0,0
aten::copy_,,,14.23,25.83,0,6.420125,0,0
aclnnInplaceCopy,,,11.6,11.6,6.420125,6.420125,0,0
aten::view,,,5.08,5.08,0,0,0,0
aten::empty_like,,,5.07,16.41,0,0,0,0
aten::empty_strided,,,7.72,11.34,0,0,0,0
empty_tensor,,,3.62,3.62,0,0,0,0
l2norm_fwd_kernel2,,,28.0,28.0,11.82025,11.82025,0,0
aten::view,,,11.91,11.91,0,0,0,0
aten::contiguous,,,3.44,60.03,0,6.280125,0,0
aten::clone,,,5.47,56.59,0,6.280125,0,0
empty_tensor,,,10.47,10.47,0,0,0,0
aten::copy_,,,20.4,40.65,0,6.280125,0,0
aclnnInplaceCopy,,,20.25,20.25,6.280125,6.280125,0,0
aten::view,,,4.75,4.75,0,0,0,0
aten::empty_like,,,5.39,21.52,0,0,0,0
aten::empty_strided,,,11.02,16.13,0,0,0,0
empty_tensor,,,5.11,5.11,0,0,0,0
l2norm_fwd_kernel2,,,28.92,28.92,7.020125,7.020125,0,0
aten::view,,,9.9,9.9,0,0,0,0
aten::contiguous,,,3.11,55.57,0,6.500125,0,0
aten::clone,,,5.25,52.46,0,6.500125,0,0
empty_tensor,,,10.0,10.0,0,0,0,0
aten::copy_,,,20.77,37.21,0,6.500125,0,0
aclnnInplaceCopy,,,16.44,16.44,6.500125,6.500125,0,0
aten::reshape,,,2.57,13.93,0,0,0,0
aten::view,,,11.36,11.36,0,0,0,0
_C_ascend::chunk_kda_fwd,,,76.53,159.41,0,4204.28403125,0,0
aten::empty,,,3.65,15.69,0,0,0,0
empty_tensor,,,12.04,12.04,0,0,0,0
aten::empty,,,1.79,8.81,0,0,0,0
empty_tensor,,,7.02,7.02,0,0,0,0
aten::empty,,,1.81,7.76,0,0,0,0
empty_tensor,,,5.95,5.95,0,0,0,0
aten::empty_like,,,4.63,15.01,0,0,0,0
aten::empty_strided,,,7.4,10.38,0,0,0,0
empty_tensor,,,2.98,2.98,0,0,0,0
aten::empty,,,3.09,13.42,0,0,0,0
empty_tensor,,,10.33,10.33,0,0,0,0
aclnnChunkKdaFwd,,,22.19,22.19,4204.28403125,4204.28403125,0,0
aten::to,,,2.33,2.33,0,0,0,0
aten::to,,,2.27,58.43,0,1.38003125,0,0
aten::_to_copy,,,6.3,56.16,0,1.38003125,0,0
aten::empty_strided,,,8.63,13.94,0,0,0,0
empty_tensor,,,5.31,5.31,0,0,0,0
aten::copy_,,,20.37,35.92,0,1.38003125,0,0
aclnnInplaceCopy,,,15.55,15.55,1.38003125,1.38003125,0,0
aten::index_copy_,,,24.06,28.04,0,1764.37525,0,0
aclnnInplaceIndexCopy,,,3.98,3.98,1764.37525,1764.37525,0,0
aten::select,,,6.09,10.5,0,0,0,0
aten::as_strided,,,4.41,4.41,0,0,0,0
aten::select,,,2.17,5.4,0,0,0,0
aten::as_strided,,,3.23,3.23,0,0,0,0
aten::copy_,,,14.77,29.2,0,10.16021875,0,0
aclnnInplaceCopy,,,14.43,14.43,10.16021875,10.16021875,0,0
aten::reshape,,,2.54,9.34,0,0,0,0
aten::view,,,6.8,6.8,0,0,0,0
aten::reshape,,,1.05,4.69,0,0,0,0
aten::view,,,3.64,3.64,0,0,0,0
aten::empty_like,,,5.05,19.28,0,0,0,0
aten::empty_strided,,,9.28,14.23,0,0,0,0
empty_tensor,,,4.95,4.95,0,0,0,0
aten::empty,,,2.41,9.21,0,0,0,0
empty_tensor,,,6.8,6.8,0,0,0,0
layer_norm_gated_fwd_kernel,,,26.06,26.06,18.12034375,18.12034375,0,0
aten::reshape,,,2.78,12.93,0,0,0,0
aten::view,,,10.15,10.15,0,0,0,0
aten::reshape,,,1.41,6.04,0,0,0,0
aten::view,,,4.63,4.63,0,0,0,0
vllm::unquantized_gemm,,,27.21,102.58,0,100.302,0,100.302
aten::linear,,,5.25,75.37,0,100.302,0,100.302
aten::t,,,5.74,15.58,0,0,0,0
aten::transpose,,,3.59,9.84,0,0,0,0
aten::as_strided,,,6.25,6.25,0,0,0,0
aten::matmul,,,25.33,54.54,0,100.302,0,100.302
empty_tensor,,,11.29,11.29,0,0,0,0
aclnnMatmul,,,17.92,17.92,100.302,100.302,100.302,100.302
aten::unsqueeze,,,16.34,22.92,0,0,0,0
aten::as_strided,,,6.58,6.58,0,0,0,0
aten::unsqueeze,,,2.02,5.14,0,0,0,0
aten::as_strided,,,3.12,3.12,0,0,0,0
aten::squeeze,,,3.5,6.37,0,0,0,0
aten::as_strided,,,2.87,2.87,0,0,0,0
aten::unsqueeze,,,1.77,4.44,0,0,0,0
aten::as_strided,,,2.67,2.67,0,0,0,0
aten::unsqueeze,,,7.39,11.55,0,0,0,0
aten::as_strided,,,4.16,4.16,0,0,0,0
_C_ascend::npu_hc_post,,,54.47,99.41,0,24.4205,0,0
aten::empty,,,3.34,15.92,0,0,0,0
empty_tensor,,,12.58,12.58,0,0,0,0
aten::empty,,,3.04,13.23,0,0,0,0
empty_tensor,,,10.19,10.19,0,0,0,0
aclnnHcPost,,,15.79,15.79,24.4205,24.4205,0,0
aten::squeeze,,,4.41,8.76,0,0,0,0
aten::as_strided,,,4.35,4.35,0,0,0,0
_C_ascend::npu_hc_pre_v2,,,55.76,130.5,0,66.3013125,0,0
aten::empty,,,11.87,21.59,0,0,0,0
empty_tensor,,,9.72,9.72,0,0,0,0
aten::empty,,,1.63,6.23,0,0,0,0
empty_tensor,,,4.6,4.6,0,0,0,0
aten::empty,,,1.4,7.54,0,0,0,0
empty_tensor,,,6.14,6.14,0,0,0,0
aten::empty,,,1.44,6.52,0,0,0,0
empty_tensor,,,5.08,5.08,0,0,0,0
aten::empty,,,2.71,13.01,0,0,0,0
empty_tensor,,,10.3,10.3,0,0,0,0
aclnnHcPre,,,19.85,19.85,66.3013125,66.3013125,0,0
npu::npu_rms_norm,,,67.37,96.32,0,11.64025,0,0
empty_tensor,,,8.62,8.62,0,0,0,0
empty_tensor,,,5.29,5.29,0,0,0,0
aclnnRmsNorm,,,15.04,15.04,11.64025,11.64025,0,0
aten::unsqueeze,,,4.3,9.19,0,0,0,0
aten::as_strided,,,4.89,4.89,0,0,0,0
vllm::unquantized_gemm,,,24.03,92.42,0,293.32584375,0,293.32584375
aten::linear,,,4.79,68.39,0,293.32584375,0,293.32584375
aten::t,,,5.69,15.43,0,0,0,0
aten::transpose,,,2.91,9.74,0,0,0,0
aten::as_strided,,,6.83,6.83,0,0,0,0
aten::matmul,,,21.38,48.17,0,293.32584375,0,293.32584375
empty_tensor,,,11.28,11.28,0,0,0,0
aclnnMatmul,,,15.51,15.51,293.32584375,293.32584375,293.32584375,293.32584375
aten::slice,,,4.24,9.33,0,0,0,0
aten::as_strided,,,5.09,5.09,0,0,0,0
aten::clamp,,,26.26,51.59,0,37.16075,0,0
empty_tensor,,,10.21,10.21,0,0,0,0
aclnnClamp,,,15.12,15.12,37.16075,37.16075,0,0
aten::slice,,,2.98,7.1,0,0,0,0
aten::as_strided,,,4.12,4.12,0,0,0,0
aten::clamp,,,22.91,44.57,0,38.18078125,0,0
empty_tensor,,,8.46,8.46,0,0,0,0
aclnnClamp,,,13.2,13.2,38.18078125,38.18078125,0,0
aten::mul,,,20.8,46.35,0,9.2601875,0,0
empty_tensor,,,8.17,8.17,0,0,0,0
aten::item,,,3.3,5.44,0,0,0,0
aten::_local_scalar_dense,,,2.14,2.14,0,0,0,0
aclnnMuls,,,11.94,11.94,9.2601875,9.2601875,0,0
aten::sigmoid,,,11.07,37.99,0,11.1001875,0,0
empty_tensor,,,15.24,15.24,0,0,0,0
aclnnSigmoid,,,11.68,11.68,11.1001875,11.1001875,0,0
aten::mul,,,15.13,31.81,0,12.78028125,0,0
empty_tensor,,,6.41,6.41,0,0,0,0
aclnnMul,,,10.27,10.27,12.78028125,12.78028125,0,0
aten::add,,,21.2,42.97,0,10.38021875,0,0
empty_tensor,,,6.99,6.99,0,0,0,0
aten::item,,,1.72,2.96,0,0,0,0
aten::_local_scalar_dense,,,1.24,1.24,0,0,0,0
aclnnAdds,,,11.82,11.82,10.38021875,10.38021875,0,0
aten::mul,,,14.48,32.54,0,6.520125,0,0
empty_tensor,,,8.78,8.78,0,0,0,0
aclnnMul,,,9.28,9.28,6.520125,6.520125,0,0
vllm::unquantized_gemm,,,24.5,94.56,0,114.12225,0,114.12225
aten::linear,,,4.58,70.06,0,114.12225,0,114.12225
aten::t,,,6.05,15.91,0,0,0,0
aten::transpose,,,3.27,9.86,0,0,0,0
aten::as_strided,,,6.59,6.59,0,0,0,0
aten::matmul,,,19.12,49.57,0,114.12225,0,114.12225
empty_tensor,,,9.2,9.2,0,0,0,0
aclnnMatmul,,,21.25,21.25,114.12225,114.12225,114.12225,114.12225
aten::unsqueeze,,,3.88,9.27,0,0,0,0
aten::as_strided,,,5.39,5.39,0,0,0,0
aten::unsqueeze,,,1.8,5.2,0,0,0,0
aten::as_strided,,,3.4,3.4,0,0,0,0
aten::squeeze,,,2.45,5.22,0,0,0,0
aten::as_strided,,,2.77,2.77,0,0,0,0
aten::unsqueeze,,,1.6,4.98,0,0,0,0
aten::as_strided,,,3.38,3.38,0,0,0,0
aten::unsqueeze,,,1.87,5.25,0,0,0,0
aten::as_strided,,,3.38,3.38,0,0,0,0
_C_ascend::npu_hc_post,,,52.38,100.91,0,23.7605,0,0
aten::empty,,,3.22,13.13,0,0,0,0
empty_tensor,,,9.91,9.91,0,0,0,0
aten::empty,,,3.28,13.66,0,0,0,0
empty_tensor,,,10.38,10.38,0,0,0,0
aclnnHcPost,,,21.74,21.74,23.7605,23.7605,0,0
aten::squeeze,,,3.83,8.57,0,0,0,0
aten::as_strided,,,4.74,4.74,0,0,0,0
_C_ascend::npu_hc_pre_v2,,,55.38,115.12,0,65.6413125,0,0
aten::empty,,,4.09,13.53,0,0,0,0
empty_tensor,,,9.44,9.44,0,0,0,0
aten::empty,,,1.42,6.25,0,0,0,0
empty_tensor,,,4.83,4.83,0,0,0,0
aten::empty,,,2.0,6.07,0,0,0,0
empty_tensor,,,4.07,4.07,0,0,0,0
aten::empty,,,1.47,5.13,0,0,0,0
empty_tensor,,,3.66,3.66,0,0,0,0
aten::empty,,,2.62,12.47,0,0,0,0
empty_tensor,,,9.85,9.85,0,0,0,0
aclnnHcPre,,,16.29,16.29,65.6413125,65.6413125,0,0
npu::npu_rms_norm,,,63.07,91.6,0,11.50021875,0,0
empty_tensor,,,8.44,8.44,0,0,0,0
empty_tensor,,,4.26,4.26,0,0,0,0
aclnnRmsNorm,,,15.83,15.83,11.50021875,11.50021875,0,0
aten::unsqueeze,,,4.02,8.91,0,0,0,0
aten::as_strided,,,4.89,4.89,0,0,0,0
aten::linear,,,5.52,67.83,0,235.30471875,0,235.30471875
aten::t,,,6.07,15.04,0,0,0,0
aten::transpose,,,3.06,8.97,0,0,0,0
aten::as_strided,,,5.91,5.91,0,0,0,0
aten::matmul,,,20.22,47.27,0,235.30471875,0,235.30471875
empty_tensor,,,10.89,10.89,0,0,0,0
aclnnMatmul,,,16.16,16.16,235.30471875,235.30471875,235.30471875,235.30471875
aten::split_with_sizes,,,7.33,17.28,0,0,0,0
aten::as_strided,,,4.91,4.91,0,0,0,0
aten::as_strided,,,2.07,2.07,0,0,0,0
aten::as_strided,,,1.53,1.53,0,0,0,0
aten::as_strided,,,1.44,1.44,0,0,0,0
aten::unsqueeze,,,2.96,7.43,0,0,0,0
aten::as_strided,,,4.47,4.47,0,0,0,0
vllm::unquantized_gemm,,,24.04,101.23,0,16.82034375,0,13.66028125
aten::linear,,,5.02,77.19,0,16.82034375,0,13.66028125
aten::t,,,4.94,14.05,0,0,0,0
aten::transpose,,,2.73,9.11,0,0,0,0
aten::as_strided,,,6.38,6.38,0,0,0,0
aten::matmul,,,27.26,58.12,0,16.82034375,0,13.66028125
empty_tensor,,,12.98,12.98,0,0,0,0
aclnnMatmul,,,17.88,17.88,16.82034375,16.82034375,13.66028125,13.66028125
aten::reshape,,,2.44,9.41,0,0,0,0
aten::view,,,6.97,6.97,0,0,0,0
vllm::unquantized_gemm,,,21.13,91.07,0,11.7201875,0,9.02015625
aten::linear,,,4.06,69.94,0,11.7201875,0,9.02015625
aten::t,,,4.18,12.23,0,0,0,0
aten::transpose,,,2.7,8.05,0,0,0,0
aten::as_strided,,,5.35,5.35,0,0,0,0
aten::matmul,,,26.16,53.65,0,11.7201875,0,9.02015625
empty_tensor,,,10.86,10.86,0,0,0,0
aclnnMatmul,,,16.63,16.63,11.7201875,11.7201875,9.02015625,9.02015625
aten::reshape,,,2.17,7.89,0,0,0,0
aten::view,,,5.72,5.72,0,0,0,0
aten::empty,,,3.5,13.64,0,0,0,0
empty_tensor,,,10.14,10.14,0,0,0,0
aten::slice,,,3.57,8.77,0,0,0,0
aten::as_strided,,,5.2,5.2,0,0,0,0
aten::alias,,,2.76,2.76,0,0,0,0
aten::alias,,,1.67,1.67,0,0,0,0
aten::zeros_like,,,5.51,57.72,0,8.8601875,0,0
aten::empty_like,,,5.78,21.22,0,0,0,0
aten::empty_strided,,,10.98,15.44,0,0,0,0
empty_tensor,,,4.46,4.46,0,0,0,0
aten::zero_,,,14.59,30.99,0,8.8601875,0,0
aclnnInplaceZero,,,16.4,16.4,8.8601875,8.8601875,0,0
aten::empty,,,3.28,12.15,0,0,0,0
empty_tensor,,,8.87,8.87,0,0,0,0
aten::empty,,,1.95,7.22,0,0,0,0
empty_tensor,,,5.27,5.27,0,0,0,0
_copy_conv_state_kernel,,,31.92,31.92,10.74021875,10.74021875,0,0
fla_npu_stable::npu_causal_conv1d_fn,,,166.27,230.7,0,55.34109375,0,0
aten::empty_strided,,,15.5,23.64,0,0,0,0
empty_tensor,,,8.14,8.14,0,0,0,0
aten::empty_strided,,,14.73,22.89,0,0,0,0
empty_tensor,,,8.16,8.16,0,0,0,0
aclnnCausalConv1d,,,17.9,17.9,55.34109375,55.34109375,0,0
_copy_conv_state_kernel,,,27.25,27.25,7.8801875,7.8801875,0,0
aten::split,,,4.93,31.02,0,0,0,0
aten::narrow,,,4.49,16.54,0,0,0,0
aten::slice,,,4.68,12.05,0,0,0,0
aten::as_strided,,,7.37,7.37,0,0,0,0
aten::narrow,,,1.3,4.82,0,0,0,0
aten::slice,,,1.24,3.52,0,0,0,0
aten::as_strided,,,2.28,2.28,0,0,0,0
aten::narrow,,,1.18,4.73,0,0,0,0
aten::slice,,,1.34,3.55,0,0,0,0
aten::as_strided,,,2.21,2.21,0,0,0,0
aten::zero_,,,18.59,34.19,0,8.34015625,0,0
aclnnInplaceZero,,,15.6,15.6,8.34015625,8.34015625,0,0
aten::reshape,,,7.42,16.8,0,0,0,0
aten::_reshape_alias,,,3.41,9.38,0,0,0,0
aten::view,,,5.97,5.97,0,0,0,0
aten::reshape,,,2.38,9.52,0,0,0,0
aten::_reshape_alias,,,2.41,7.14,0,0,0,0
aten::view,,,4.73,4.73,0,0,0,0
aten::reshape,,,2.09,7.0,0,0,0,0
aten::_reshape_alias,,,1.69,4.91,0,0,0,0
aten::view,,,3.22,3.22,0,0,0,0
aten::alias,,,3.22,3.22,0,0,0,0
aten::alias,,,1.22,1.22,0,0,0,0
aten::alias,,,0.9,0.9,0,0,0,0
aten::alias,,,1.13,1.13,0,0,0,0
aten::alias,,,1.27,1.27,0,0,0,0
aten::to,,,2.77,63.08,0,1.30003125,0,0
aten::_to_copy,,,6.48,60.31,0,1.30003125,0,0
aten::empty_strided,,,10.5,17.4,0,0,0,0
empty_tensor,,,6.9,6.9,0,0,0,0
aten::copy_,,,21.42,36.43,0,1.30003125,0,0
aclnnInplaceCopy,,,15.01,15.01,1.30003125,1.30003125,0,0
aten::to,,,1.8,46.81,0,1.36,0,0
aten::_to_copy,,,4.49,45.01,0,1.36,0,0
aten::empty_strided,,,7.78,12.77,0,0,0,0
empty_tensor,,,4.99,4.99,0,0,0,0
aten::copy_,,,15.24,27.75,0,1.36,0,0
aclnnInplaceCopy,,,12.51,12.51,1.36,1.36,0,0
aten::mul,,,15.44,33.94,0,2.1200625,0,0
empty_tensor,,,6.9,6.9,0,0,0,0
aclnnMul,,,11.6,11.6,2.1200625,2.1200625,0,0
aten::index_select,,,21.31,43.78,0,784.8356875,0,0
empty_tensor,,,10.44,10.44,0,0,0,0
aclnnIndexSelect,,,12.03,12.03,784.8356875,784.8356875,0,0
aten::view,,,5.89,5.89,0,0,0,0
aten::to,,,2.09,48.13,0,1.76003125,0,0
aten::_to_copy,,,5.21,46.04,0,1.76003125,0,0
aten::empty_strided,,,7.8,12.36,0,0,0,0
empty_tensor,,,4.56,4.56,0,0,0,0
aten::copy_,,,15.24,28.47,0,1.76003125,0,0
aclnnInplaceCopy,,,13.23,13.23,1.76003125,1.76003125,0,0
aten::mul,,,14.53,26.54,0,8.42015625,0,0
empty_tensor,,,8.15,8.15,0,0,0,0
aclnnMul,,,3.86,3.86,8.42015625,8.42015625,0,0
aten::to,,,1.49,1.49,0,0,0,0
aten::to,,,1.63,48.82,0,6.160125,0,0
aten::_to_copy,,,5.2,47.19,0,6.160125,0,0
aten::empty_strided,,,6.49,10.22,0,0,0,0
empty_tensor,,,3.73,3.73,0,0,0,0
aten::copy_,,,18.96,31.77,0,6.160125,0,0
aclnnInplaceCopy,,,12.81,12.81,6.160125,6.160125,0,0
aten::sigmoid,,,10.43,18.43,0,2.8600625,0,0
empty_tensor,,,5.71,5.71,0,0,0,0
aclnnSigmoid,,,2.29,2.29,2.8600625,2.8600625,0,0
aten::contiguous,,,3.24,42.31,0,6.860125,0,0
aten::clone,,,4.3,39.07,0,6.860125,0,0
empty_tensor,,,7.3,7.3,0,0,0,0
aten::copy_,,,15.21,27.47,0,6.860125,0,0
aclnnInplaceCopy,,,12.26,12.26,6.860125,6.860125,0,0
aten::view,,,5.19,5.19,0,0,0,0
aten::empty_like,,,5.09,17.38,0,0,0,0
aten::empty_strided,,,8.16,12.29,0,0,0,0
empty_tensor,,,4.13,4.13,0,0,0,0
l2norm_fwd_kernel2,,,25.7,25.7,11.66025,11.66025,0,0
aten::view,,,9.83,9.83,0,0,0,0
aten::contiguous,,,3.35,57.24,0,6.380125,0,0
aten::clone,,,5.72,53.89,0,6.380125,0,0
empty_tensor,,,9.86,9.86,0,0,0,0
aten::copy_,,,20.52,38.31,0,6.380125,0,0
aclnnInplaceCopy,,,17.79,17.79,6.380125,6.380125,0,0
aten::view,,,5.08,5.08,0,0,0,0
aten::empty_like,,,5.06,19.46,0,0,0,0
aten::empty_strided,,,9.53,14.4,0,0,0,0
empty_tensor,,,4.87,4.87,0,0,0,0
l2norm_fwd_kernel2,,,25.68,25.68,6.720125,6.720125,0,0
aten::view,,,10.22,10.22,0,0,0,0
aten::contiguous,,,3.42,56.96,0,6.560125,0,0
aten::clone,,,5.33,53.54,0,6.560125,0,0
empty_tensor,,,10.51,10.51,0,0,0,0
aten::copy_,,,20.78,37.7,0,6.560125,0,0
aclnnInplaceCopy,,,16.92,16.92,6.560125,6.560125,0,0
aten::reshape,,,2.2,12.97,0,0,0,0
aten::view,,,10.77,10.77,0,0,0,0
_C_ascend::chunk_kda_fwd,,,70.95,149.17,0,4167.863312500001,0,0
aten::empty,,,3.69,15.97,0,0,0,0
empty_tensor,,,12.28,12.28,0,0,0,0
aten::empty,,,1.66,8.61,0,0,0,0
empty_tensor,,,6.95,6.95,0,0,0,0
aten::empty,,,1.37,6.86,0,0,0,0
empty_tensor,,,5.49,5.49,0,0,0,0
aten::empty_like,,,4.76,14.56,0,0,0,0
aten::empty_strided,,,6.96,9.8,0,0,0,0
empty_tensor,,,2.84,2.84,0,0,0,0
aten::empty,,,2.78,13.41,0,0,0,0
empty_tensor,,,10.63,10.63,0,0,0,0
aclnnChunkKdaFwd,,,18.81,18.81,4167.863312500001,4167.863312500001,0,0
aten::to,,,2.19,2.19,0,0,0,0
aten::to,,,2.41,58.04,0,1.60003125,0,0
aten::_to_copy,,,6.08,55.63,0,1.60003125,0,0
aten::empty_strided,,,8.16,13.17,0,0,0,0
empty_tensor,,,5.01,5.01,0,0,0,0
aten::copy_,,,20.23,36.38,0,1.60003125,0,0
aclnnInplaceCopy,,,16.15,16.15,1.60003125,1.60003125,0,0
aten::index_copy_,,,21.82,32.61,0,1728.47453125,0,0
aclnnInplaceIndexCopy,,,10.79,10.79,1728.47453125,1728.47453125,0,0
aten::select,,,5.62,9.96,0,0,0,0
aten::as_strided,,,4.34,4.34,0,0,0,0
aten::select,,,2.07,4.92,0,0,0,0
aten::as_strided,,,2.85,2.85,0,0,0,0
aten::copy_,,,15.45,41.83,0,9.4401875,0,0
aclnnInplaceCopy,,,26.38,26.38,9.4401875,9.4401875,0,0
aten::reshape,,,2.35,9.36,0,0,0,0
aten::view,,,7.01,7.01,0,0,0,0
aten::reshape,,,1.14,4.76,0,0,0,0
aten::view,,,3.62,3.62,0,0,0,0
aten::empty_like,,,4.86,19.43,0,0,0,0
aten::empty_strided,,,9.69,14.57,0,0,0,0
empty_tensor,,,4.88,4.88,0,0,0,0
aten::empty,,,2.67,9.68,0,0,0,0
empty_tensor,,,7.01,7.01,0,0,0,0
layer_norm_gated_fwd_kernel,,,28.77,28.77,18.140375,18.140375,0,0
aten::reshape,,,2.52,12.29,0,0,0,0
aten::view,,,9.77,9.77,0,0,0,0
aten::reshape,,,1.26,5.96,0,0,0,0
aten::view,,,4.7,4.7,0,0,0,0
vllm::unquantized_gemm,,,24.37,98.04,0,101.002,0,101.002
aten::linear,,,4.73,73.67,0,101.002,0,101.002
aten::t,,,5.71,16.53,0,0,0,0
aten::transpose,,,3.84,10.82,0,0,0,0
aten::as_strided,,,6.98,6.98,0,0,0,0
aten::matmul,,,22.57,52.41,0,101.002,0,101.002
empty_tensor,,,11.52,11.52,0,0,0,0
aclnnMatmul,,,18.32,18.32,101.002,101.002,101.002,101.002
aten::unsqueeze,,,4.35,9.92,0,0,0,0
aten::as_strided,,,5.57,5.57,0,0,0,0
aten::unsqueeze,,,2.09,6.11,0,0,0,0
aten::as_strided,,,4.02,4.02,0,0,0,0
aten::squeeze,,,2.62,5.41,0,0,0,0
aten::as_strided,,,2.79,2.79,0,0,0,0
aten::unsqueeze,,,1.54,3.89,0,0,0,0
aten::as_strided,,,2.35,2.35,0,0,0,0
aten::unsqueeze,,,1.6,4.7,0,0,0,0
aten::as_strided,,,3.1,3.1,0,0,0,0
_C_ascend::npu_hc_post,,,51.81,96.27,0,23.94046875,0,0
aten::empty,,,3.69,14.62,0,0,0,0
empty_tensor,,,10.93,10.93,0,0,0,0
aten::empty,,,3.04,13.04,0,0,0,0
empty_tensor,,,10.0,10.0,0,0,0,0
aclnnHcPost,,,16.8,16.8,23.94046875,23.94046875,0,0
aten::squeeze,,,3.77,8.45,0,0,0,0
aten::as_strided,,,4.68,4.68,0,0,0,0
_C_ascend::npu_hc_pre_v2,,,53.4,113.04,0,65.6613125,0,0
aten::empty,,,4.31,13.3,0,0,0,0
empty_tensor,,,8.99,8.99,0,0,0,0
aten::empty,,,1.59,6.69,0,0,0,0
empty_tensor,,,5.1,5.1,0,0,0,0
aten::empty,,,1.24,5.32,0,0,0,0
empty_tensor,,,4.08,4.08,0,0,0,0
aten::empty,,,1.33,4.82,0,0,0,0
empty_tensor,,,3.49,3.49,0,0,0,0
aten::empty,,,3.04,13.66,0,0,0,0
empty_tensor,,,10.62,10.62,0,0,0,0
aclnnHcPre,,,15.85,15.85,65.6613125,65.6613125,0,0
npu::npu_rms_norm,,,63.25,91.84,0,11.36021875,0,0
empty_tensor,,,8.07,8.07,0,0,0,0
empty_tensor,,,4.52,4.52,0,0,0,0
aclnnRmsNorm,,,16.0,16.0,11.36021875,11.36021875,0,0
aten::unsqueeze,,,3.65,9.06,0,0,0,0
aten::as_strided,,,5.41,5.41,0,0,0,0
vllm::unquantized_gemm,,,23.03,91.34,0,285.72571875,0,285.72571875
aten::linear,,,4.33,68.31,0,285.72571875,0,285.72571875
aten::t,,,5.53,14.6,0,0,0,0
aten::transpose,,,3.04,9.07,0,0,0,0
aten::as_strided,,,6.03,6.03,0,0,0,0
aten::matmul,,,20.92,49.38,0,285.72571875,0,285.72571875
empty_tensor,,,11.21,11.21,0,0,0,0
aclnnMatmul,,,17.25,17.25,285.72571875,285.72571875,285.72571875,285.72571875
aten::slice,,,3.97,8.44,0,0,0,0
aten::as_strided,,,4.47,4.47,0,0,0,0
aten::clamp,,,24.13,49.44,0,42.54084375,0,0
empty_tensor,,,9.69,9.69,0,0,0,0
aclnnClamp,,,15.62,15.62,42.54084375,42.54084375,0,0
aten::slice,,,2.47,6.3,0,0,0,0
aten::as_strided,,,3.83,3.83,0,0,0,0
aten::clamp,,,22.63,44.34,0,33.7006875,0,0
empty_tensor,,,8.32,8.32,0,0,0,0
aclnnClamp,,,13.39,13.39,33.7006875,33.7006875,0,0
aten::mul,,,18.01,42.83,0,9.1801875,0,0
empty_tensor,,,7.33,7.33,0,0,0,0
aten::item,,,2.24,4.06,0,0,0,0
aten::_local_scalar_dense,,,1.82,1.82,0,0,0,0
aclnnMuls,,,13.43,13.43,9.1801875,9.1801875,0,0
aten::sigmoid,,,12.01,36.08,0,11.08021875,0,0
empty_tensor,,,12.84,12.84,0,0,0,0
aclnnSigmoid,,,11.23,11.23,11.08021875,11.08021875,0,0
aten::mul,,,14.85,32.0,0,12.54025,0,0
empty_tensor,,,6.91,6.91,0,0,0,0
aclnnMul,,,10.24,10.24,12.54025,12.54025,0,0
aten::add,,,18.3,40.53,0,10.3601875,0,0
empty_tensor,,,7.27,7.27,0,0,0,0
aten::item,,,2.45,3.79,0,0,0,0
aten::_local_scalar_dense,,,1.34,1.34,0,0,0,0
aclnnAdds,,,11.17,11.17,10.3601875,10.3601875,0,0
aten::mul,,,15.11,35.89,0,6.400125,0,0
empty_tensor,,,9.37,9.37,0,0,0,0
aclnnMul,,,11.41,11.41,6.400125,6.400125,0,0
vllm::unquantized_gemm,,,22.43,86.97,0,115.1623125,0,115.1623125
aten::linear,,,4.61,64.54,0,115.1623125,0,115.1623125
aten::t,,,6.26,15.72,0,0,0,0
aten::transpose,,,3.21,9.46,0,0,0,0
aten::as_strided,,,6.25,6.25,0,0,0,0
aten::matmul,,,19.51,44.21,0,115.1623125,0,115.1623125
empty_tensor,,,9.45,9.45,0,0,0,0
aclnnMatmul,,,15.25,15.25,115.1623125,115.1623125,115.1623125,115.1623125
aten::unsqueeze,,,5.04,10.47,0,0,0,0
aten::as_strided,,,5.43,5.43,0,0,0,0
aten::unsqueeze,,,2.04,5.47,0,0,0,0
aten::as_strided,,,3.43,3.43,0,0,0,0
aten::squeeze,,,2.73,5.93,0,0,0,0
aten::as_strided,,,3.2,3.2,0,0,0,0
aten::unsqueeze,,,1.88,4.49,0,0,0,0
aten::as_strided,,,2.61,2.61,0,0,0,0
aten::unsqueeze,,,1.82,5.36,0,0,0,0
aten::as_strided,,,3.54,3.54,0,0,0,0
_C_ascend::npu_hc_post,,,52.35,95.01,0,23.42046875,0,0
aten::empty,,,3.17,12.93,0,0,0,0
empty_tensor,,,9.76,9.76,0,0,0,0
aten::empty,,,3.03,13.02,0,0,0,0
empty_tensor,,,9.99,9.99,0,0,0,0
aclnnHcPost,,,16.71,16.71,23.42046875,23.42046875,0,0
aten::squeeze,,,4.18,8.73,0,0,0,0
aten::as_strided,,,4.55,4.55,0,0,0,0
_C_ascend::npu_hc_pre_v2,,,53.9,111.4,0,64.32128125,0,0
aten::empty,,,3.58,12.3,0,0,0,0
empty_tensor,,,8.72,8.72,0,0,0,0
aten::empty,,,1.57,5.95,0,0,0,0
empty_tensor,,,4.38,4.38,0,0,0,0
aten::empty,,,1.46,5.44,0,0,0,0
empty_tensor,,,3.98,3.98,0,0,0,0
aten::empty,,,1.49,5.13,0,0,0,0
empty_tensor,,,3.64,3.64,0,0,0,0
aten::empty,,,2.56,12.82,0,0,0,0
empty_tensor,,,10.26,10.26,0,0,0,0
aclnnHcPre,,,15.86,15.86,64.32128125,64.32128125,0,0
npu::npu_rms_norm,,,63.22,92.53,0,11.08021875,0,0
empty_tensor,,,7.93,7.93,0,0,0,0
empty_tensor,,,4.54,4.54,0,0,0,0
aclnnRmsNorm,,,16.84,16.84,11.08021875,11.08021875,0,0
aten::unsqueeze,,,4.51,9.33,0,0,0,0
aten::as_strided,,,4.82,4.82,0,0,0,0
aten::linear,,,5.46,67.34,0,239.04478125,0,239.04478125
aten::t,,,5.9,14.95,0,0,0,0
aten::transpose,,,3.15,9.05,0,0,0,0
aten::as_strided,,,5.9,5.9,0,0,0,0
aten::matmul,,,20.45,46.93,0,239.04478125,0,239.04478125
empty_tensor,,,10.29,10.29,0,0,0,0
aclnnMatmul,,,16.19,16.19,239.04478125,239.04478125,239.04478125,239.04478125
aten::split_with_sizes,,,6.66,18.62,0,0,0,0
aten::as_strided,,,6.63,6.63,0,0,0,0
aten::as_strided,,,2.2,2.2,0,0,0,0
aten::as_strided,,,1.76,1.76,0,0,0,0
aten::as_strided,,,1.37,1.37,0,0,0,0
aten::unsqueeze,,,2.64,6.73,0,0,0,0
aten::as_strided,,,4.09,4.09,0,0,0,0
vllm::unquantized_gemm,,,22.71,94.31,0,15.360312500000001,0,12.12025
aten::linear,,,4.07,71.6,0,15.360312500000001,0,12.12025
aten::t,,,4.79,12.4,0,0,0,0
aten::transpose,,,2.23,7.61,0,0,0,0
aten::as_strided,,,5.38,5.38,0,0,0,0
aten::matmul,,,26.57,55.13,0,15.360312500000001,0,12.12025
empty_tensor,,,11.6,11.6,0,0,0,0
aclnnMatmul,,,16.96,16.96,15.360312500000001,15.360312500000001,12.12025,12.12025
aten::reshape,,,2.37,8.26,0,0,0,0
aten::view,,,5.89,5.89,0,0,0,0
vllm::unquantized_gemm,,,20.44,88.84,0,12.800250000000002,0,10.22021875
aten::linear,,,4.05,68.4,0,12.800250000000002,0,10.22021875
aten::t,,,4.2,12.28,0,0,0,0
aten::transpose,,,2.67,8.08,0,0,0,0
aten::as_strided,,,5.41,5.41,0,0,0,0
aten::matmul,,,25.61,52.07,0,12.800250000000002,0,10.22021875
empty_tensor,,,10.13,10.13,0,0,0,0
aclnnMatmul,,,16.33,16.33,12.800250000000002,12.800250000000002,10.22021875,10.22021875
aten::reshape,,,1.94,7.1,0,0,0,0
aten::view,,,5.16,5.16,0,0,0,0
aten::empty,,,3.37,12.98,0,0,0,0
empty_tensor,,,9.61,9.61,0,0,0,0
aten::slice,,,3.54,8.54,0,0,0,0
aten::as_strided,,,5.0,5.0,0,0,0,0
aten::alias,,,2.8,2.8,0,0,0,0
aten::alias,,,1.42,1.42,0,0,0,0
aten::zeros_like,,,4.59,57.01,0,8.8001875,0,0
aten::empty_like,,,5.85,21.11,0,0,0,0
aten::empty_strided,,,10.96,15.26,0,0,0,0
empty_tensor,,,4.3,4.3,0,0,0,0
aten::zero_,,,14.28,31.31,0,8.8001875,0,0
aclnnInplaceZero,,,17.03,17.03,8.8001875,8.8001875,0,0
aten::empty,,,3.16,11.57,0,0,0,0
empty_tensor,,,8.41,8.41,0,0,0,0
aten::empty,,,2.08,7.37,0,0,0,0
empty_tensor,,,5.29,5.29,0,0,0,0
_copy_conv_state_kernel,,,27.1,27.1,10.7401875,10.7401875,0,0
fla_npu_stable::npu_causal_conv1d_fn,,,153.63,216.86,0,55.881125,0,0
aten::empty_strided,,,15.93,24.09,0,0,0,0
empty_tensor,,,8.16,8.16,0,0,0,0
aten::empty_strided,,,13.14,21.37,0,0,0,0
empty_tensor,,,8.23,8.23,0,0,0,0
aclnnCausalConv1d,,,17.77,17.77,55.881125,55.881125,0,0
_copy_conv_state_kernel,,,27.67,27.67,7.700125,7.700125,0,0
aten::split,,,5.01,30.29,0,0,0,0
aten::narrow,,,4.34,16.15,0,0,0,0
aten::slice,,,4.22,11.81,0,0,0,0
aten::as_strided,,,7.59,7.59,0,0,0,0
aten::narrow,,,1.41,4.79,0,0,0,0
aten::slice,,,1.24,3.38,0,0,0,0
aten::as_strided,,,2.14,2.14,0,0,0,0
aten::narrow,,,0.98,4.34,0,0,0,0
aten::slice,,,1.23,3.36,0,0,0,0
aten::as_strided,,,2.13,2.13,0,0,0,0
aten::zero_,,,17.23,33.92,0,8.2601875,0,0
aclnnInplaceZero,,,16.69,16.69,8.2601875,8.2601875,0,0
aten::reshape,,,6.43,15.82,0,0,0,0
aten::_reshape_alias,,,3.06,9.39,0,0,0,0
aten::view,,,6.33,6.33,0,0,0,0
aten::reshape,,,2.36,8.62,0,0,0,0
aten::_reshape_alias,,,2.0,6.26,0,0,0,0
aten::view,,,4.26,4.26,0,0,0,0
aten::reshape,,,1.93,6.97,0,0,0,0
aten::_reshape_alias,,,1.78,5.04,0,0,0,0
aten::view,,,3.26,3.26,0,0,0,0
aten::alias,,,2.41,2.41,0,0,0,0
aten::alias,,,1.03,1.03,0,0,0,0
aten::alias,,,1.0,1.0,0,0,0,0
aten::alias,,,0.86,0.86,0,0,0,0
aten::alias,,,1.03,1.03,0,0,0,0
aten::to,,,2.61,80.13,0,1.22,0,0
aten::_to_copy,,,6.72,77.52,0,1.22,0,0
aten::empty_strided,,,10.63,17.5,0,0,0,0
empty_tensor,,,6.87,6.87,0,0,0,0
aten::copy_,,,37.37,53.3,0,1.22,0,0
aclnnInplaceCopy,,,15.93,15.93,1.22,1.22,0,0
aten::to,,,2.09,49.52,0,1.3000625,0,0
aten::_to_copy,,,5.8,47.43,0,1.3000625,0,0
aten::empty_strided,,,8.58,13.87,0,0,0,0
empty_tensor,,,5.29,5.29,0,0,0,0
aten::copy_,,,14.95,27.76,0,1.3000625,0,0
aclnnInplaceCopy,,,12.81,12.81,1.3000625,1.3000625,0,0
aten::mul,,,16.32,26.88,0,2.24003125,0,0
empty_tensor,,,7.01,7.01,0,0,0,0
aclnnMul,,,3.55,3.55,2.24003125,2.24003125,0,0
aten::index_select,,,40.66,63.94,0,794.175875,0,0
empty_tensor,,,10.77,10.77,0,0,0,0
aclnnIndexSelect,,,12.51,12.51,794.175875,794.175875,0,0
aten::view,,,6.37,6.37,0,0,0,0
aten::to,,,1.83,48.6,0,1.82003125,0,0
aten::_to_copy,,,5.45,46.77,0,1.82003125,0,0
aten::empty_strided,,,7.97,12.7,0,0,0,0
empty_tensor,,,4.73,4.73,0,0,0,0
aten::copy_,,,15.14,28.62,0,1.82003125,0,0
aclnnInplaceCopy,,,13.48,13.48,1.82003125,1.82003125,0,0
aten::mul,,,16.21,35.71,0,8.36015625,0,0
empty_tensor,,,7.86,7.86,0,0,0,0
aclnnMul,,,11.64,11.64,8.36015625,8.36015625,0,0
aten::to,,,2.34,2.34,0,0,0,0
aten::to,,,1.73,50.8,0,5.860125,0,0
aten::_to_copy,,,5.45,49.07,0,5.860125,0,0
aten::empty_strided,,,7.27,11.47,0,0,0,0
empty_tensor,,,4.2,4.2,0,0,0,0
aten::copy_,,,20.1,32.15,0,5.860125,0,0
aclnnInplaceCopy,,,12.05,12.05,5.860125,5.860125,0,0
aten::sigmoid,,,11.25,29.06,0,2.6200625,0,0
empty_tensor,,,5.91,5.91,0,0,0,0
aclnnSigmoid,,,11.9,11.9,2.6200625,2.6200625,0,0
aten::contiguous,,,3.19,42.18,0,6.740125,0,0
aten::clone,,,4.57,38.99,0,6.740125,0,0
empty_tensor,,,7.7,7.7,0,0,0,0
aten::copy_,,,15.62,26.72,0,6.740125,0,0
aclnnInplaceCopy,,,11.1,11.1,6.740125,6.740125,0,0
aten::view,,,4.88,4.88,0,0,0,0
aten::empty_like,,,4.88,16.86,0,0,0,0
aten::empty_strided,,,7.88,11.98,0,0,0,0
empty_tensor,,,4.1,4.1,0,0,0,0
l2norm_fwd_kernel2,,,24.5,24.5,11.78021875,11.78021875,0,0
aten::view,,,10.08,10.08,0,0,0,0
aten::contiguous,,,3.6,55.51,0,6.100125,0,0
aten::clone,,,5.42,51.91,0,6.100125,0,0
empty_tensor,,,10.15,10.15,0,0,0,0
aten::copy_,,,19.36,36.34,0,6.100125,0,0
aclnnInplaceCopy,,,16.98,16.98,6.100125,6.100125,0,0
aten::view,,,4.62,4.62,0,0,0,0
aten::empty_like,,,4.96,20.93,0,0,0,0
aten::empty_strided,,,11.02,15.97,0,0,0,0
empty_tensor,,,4.95,4.95,0,0,0,0
l2norm_fwd_kernel2,,,26.02,26.02,6.78015625,6.78015625,0,0
aten::view,,,10.49,10.49,0,0,0,0
aten::contiguous,,,3.25,55.46,0,6.380125,0,0
aten::clone,,,5.55,52.21,0,6.380125,0,0
empty_tensor,,,10.19,10.19,0,0,0,0
aten::copy_,,,19.6,36.47,0,6.380125,0,0
aclnnInplaceCopy,,,16.87,16.87,6.380125,6.380125,0,0
aten::reshape,,,2.2,12.87,0,0,0,0
aten::view,,,10.67,10.67,0,0,0,0
_C_ascend::chunk_kda_fwd,,,74.1,166.07,0,4160.603156249999,0,0
aten::empty,,,3.58,16.89,0,0,0,0
empty_tensor,,,13.31,13.31,0,0,0,0
aten::empty,,,2.04,10.65,0,0,0,0
empty_tensor,,,8.61,8.61,0,0,0,0
aten::empty,,,1.73,7.71,0,0,0,0
empty_tensor,,,5.98,5.98,0,0,0,0
aten::empty_like,,,4.87,15.29,0,0,0,0
aten::empty_strided,,,7.31,10.42,0,0,0,0
empty_tensor,,,3.11,3.11,0,0,0,0
aten::empty,,,3.45,28.02,0,0,0,0
empty_tensor,,,24.57,24.57,0,0,0,0
aclnnChunkKdaFwd,,,13.41,13.41,4160.603156249999,4160.603156249999,0,0
aten::to,,,2.26,2.26,0,0,0,0
aten::to,,,2.12,60.4,0,1.34003125,0,0
aten::_to_copy,,,6.31,58.28,0,1.34003125,0,0
aten::empty_strided,,,8.89,14.0,0,0,0,0
empty_tensor,,,5.11,5.11,0,0,0,0
aten::copy_,,,20.92,37.97,0,1.34003125,0,0
aclnnInplaceCopy,,,17.05,17.05,1.34003125,1.34003125,0,0
aten::index_copy_,,,23.64,39.06,0,1728.15453125,0,0
aclnnInplaceIndexCopy,,,15.42,15.42,1728.15453125,1728.15453125,0,0
aten::select,,,5.39,9.93,0,0,0,0
aten::as_strided,,,4.54,4.54,0,0,0,0
aten::select,,,1.88,4.47,0,0,0,0
aten::as_strided,,,2.59,2.59,0,0,0,0
aten::copy_,,,16.47,29.53,0,9.3201875,0,0
aclnnInplaceCopy,,,13.06,13.06,9.3201875,9.3201875,0,0
aten::reshape,,,2.22,8.47,0,0,0,0
aten::view,,,6.25,6.25,0,0,0,0
aten::reshape,,,1.04,4.13,0,0,0,0
aten::view,,,3.09,3.09,0,0,0,0
aten::empty_like,,,4.91,20.03,0,0,0,0
aten::empty_strided,,,9.68,15.12,0,0,0,0
empty_tensor,,,5.44,5.44,0,0,0,0
aten::empty,,,3.17,10.16,0,0,0,0
empty_tensor,,,6.99,6.99,0,0,0,0
layer_norm_gated_fwd_kernel,,,26.97,26.97,18.940375,18.940375,0,0
aten::reshape,,,2.39,12.13,0,0,0,0
aten::view,,,9.74,9.74,0,0,0,0
aten::reshape,,,1.32,5.66,0,0,0,0
aten::view,,,4.34,4.34,0,0,0,0
vllm::unquantized_gemm,,,24.35,96.74,0,95.8619375,0,95.8619375
aten::linear,,,5.26,72.39,0,95.8619375,0,95.8619375
aten::t,,,5.92,15.45,0,0,0,0
aten::transpose,,,3.1,9.53,0,0,0,0
aten::as_strided,,,6.43,6.43,0,0,0,0
aten::matmul,,,22.59,51.68,0,95.8619375,0,95.8619375
empty_tensor,,,10.66,10.66,0,0,0,0
aclnnMatmul,,,18.43,18.43,95.8619375,95.8619375,95.8619375,95.8619375
aten::unsqueeze,,,3.74,10.16,0,0,0,0
aten::as_strided,,,6.42,6.42,0,0,0,0
aten::unsqueeze,,,1.74,4.81,0,0,0,0
aten::as_strided,,,3.07,3.07,0,0,0,0
aten::squeeze,,,2.85,5.63,0,0,0,0
aten::as_strided,,,2.78,2.78,0,0,0,0
aten::unsqueeze,,,1.72,4.1,0,0,0,0
aten::as_strided,,,2.38,2.38,0,0,0,0
aten::unsqueeze,,,1.4,4.63,0,0,0,0
aten::as_strided,,,3.23,3.23,0,0,0,0
_C_ascend::npu_hc_post,,,53.43,97.72,0,25.0405,0,0
aten::empty,,,3.12,13.82,0,0,0,0
empty_tensor,,,10.7,10.7,0,0,0,0
aten::empty,,,3.02,13.26,0,0,0,0
empty_tensor,,,10.24,10.24,0,0,0,0
aclnnHcPost,,,17.21,17.21,25.0405,25.0405,0,0
aten::squeeze,,,3.76,8.43,0,0,0,0
aten::as_strided,,,4.67,4.67,0,0,0,0
_C_ascend::npu_hc_pre_v2,,,55.28,118.02,0,64.4813125,0,0
aten::empty,,,3.18,11.69,0,0,0,0
empty_tensor,,,8.51,8.51,0,0,0,0
aten::empty,,,1.42,5.73,0,0,0,0
empty_tensor,,,4.31,4.31,0,0,0,0
aten::empty,,,1.3,5.17,0,0,0,0
empty_tensor,,,3.87,3.87,0,0,0,0
aten::empty,,,1.27,6.48,0,0,0,0
empty_tensor,,,5.21,5.21,0,0,0,0
aten::empty,,,2.86,18.37,0,0,0,0
empty_tensor,,,15.51,15.51,0,0,0,0
aclnnHcPre,,,15.3,15.3,64.4813125,64.4813125,0,0
npu::npu_rms_norm,,,62.89,91.07,0,11.86025,0,0
empty_tensor,,,7.68,7.68,0,0,0,0
empty_tensor,,,4.38,4.38,0,0,0,0
aclnnRmsNorm,,,16.12,16.12,11.86025,11.86025,0,0
aten::unsqueeze,,,4.51,9.31,0,0,0,0
aten::as_strided,,,4.8,4.8,0,0,0,0
vllm::unquantized_gemm,,,23.03,89.44,0,288.78575,0,288.78575
aten::linear,,,4.7,66.41,0,288.78575,0,288.78575
aten::t,,,5.22,14.3,0,0,0,0
aten::transpose,,,3.03,9.08,0,0,0,0
aten::as_strided,,,6.05,6.05,0,0,0,0
aten::matmul,,,19.94,47.41,0,288.78575,0,288.78575
empty_tensor,,,11.11,11.11,0,0,0,0
aclnnMatmul,,,16.36,16.36,288.78575,288.78575,288.78575,288.78575
aten::slice,,,3.64,8.72,0,0,0,0
aten::as_strided,,,5.08,5.08,0,0,0,0
aten::clamp,,,24.92,50.08,0,37.600750000000005,0,0
empty_tensor,,,10.18,10.18,0,0,0,0
aclnnClamp,,,14.98,14.98,37.600750000000005,37.600750000000005,0,0
aten::slice,,,2.82,7.04,0,0,0,0
aten::as_strided,,,4.22,4.22,0,0,0,0
aten::clamp,,,21.95,44.04,0,38.740812500000004,0,0
empty_tensor,,,8.26,8.26,0,0,0,0
aclnnClamp,,,13.83,13.83,38.740812500000004,38.740812500000004,0,0
aten::mul,,,20.15,47.06,0,9.28015625,0,0
empty_tensor,,,8.35,8.35,0,0,0,0
aten::item,,,2.36,4.19,0,0,0,0
aten::_local_scalar_dense,,,1.83,1.83,0,0,0,0
aclnnMuls,,,14.37,14.37,9.28015625,9.28015625,0,0
aten::sigmoid,,,11.13,32.56,0,11.0801875,0,0
empty_tensor,,,9.31,9.31,0,0,0,0
aclnnSigmoid,,,12.12,12.12,11.0801875,11.0801875,0,0
aten::mul,,,14.65,32.48,0,12.76025,0,0
empty_tensor,,,6.68,6.68,0,0,0,0
aclnnMul,,,11.15,11.15,12.76025,12.76025,0,0
aten::add,,,17.8,39.25,0,10.18021875,0,0
empty_tensor,,,7.01,7.01,0,0,0,0
aten::item,,,1.67,3.09,0,0,0,0
aten::_local_scalar_dense,,,1.42,1.42,0,0,0,0
aclnnAdds,,,11.35,11.35,10.18021875,10.18021875,0,0
aten::mul,,,15.34,36.53,0,6.84015625,0,0
empty_tensor,,,9.0,9.0,0,0,0,0
aclnnMul,,,12.19,12.19,6.84015625,6.84015625,0,0
vllm::unquantized_gemm,,,23.72,89.14,0,114.94228125,0,114.94228125
aten::linear,,,5.16,65.42,0,114.94228125,0,114.94228125
aten::t,,,5.56,15.31,0,0,0,0
aten::transpose,,,3.33,9.75,0,0,0,0
aten::as_strided,,,6.42,6.42,0,0,0,0
aten::matmul,,,18.8,44.95,0,114.94228125,0,114.94228125
empty_tensor,,,10.28,10.28,0,0,0,0
aclnnMatmul,,,15.87,15.87,114.94228125,114.94228125,114.94228125,114.94228125
aten::unsqueeze,,,5.01,10.65,0,0,0,0
aten::as_strided,,,5.64,5.64,0,0,0,0
aten::unsqueeze,,,2.2,5.32,0,0,0,0
aten::as_strided,,,3.12,3.12,0,0,0,0
aten::squeeze,,,2.72,5.89,0,0,0,0
aten::as_strided,,,3.17,3.17,0,0,0,0
aten::unsqueeze,,,1.79,4.4,0,0,0,0
aten::as_strided,,,2.61,2.61,0,0,0,0
aten::unsqueeze,,,1.8,5.0,0,0,0,0
aten::as_strided,,,3.2,3.2,0,0,0,0
_C_ascend::npu_hc_post,,,52.54,98.3,0,24.00046875,0,0
aten::empty,,,3.72,14.65,0,0,0,0
empty_tensor,,,10.93,10.93,0,0,0,0
aten::empty,,,3.75,14.08,0,0,0,0
empty_tensor,,,10.33,10.33,0,0,0,0
aclnnHcPost,,,17.03,17.03,24.00046875,24.00046875,0,0
aten::squeeze,,,4.43,9.43,0,0,0,0
aten::as_strided,,,5.0,5.0,0,0,0,0
_C_ascend::npu_hc_pre_v2,,,53.28,113.31,0,63.78128125,0,0
aten::empty,,,3.77,12.39,0,0,0,0
empty_tensor,,,8.62,8.62,0,0,0,0
aten::empty,,,1.91,6.93,0,0,0,0
empty_tensor,,,5.02,5.02,0,0,0,0
aten::empty,,,1.49,5.75,0,0,0,0
empty_tensor,,,4.26,4.26,0,0,0,0
aten::empty,,,1.31,4.72,0,0,0,0
empty_tensor,,,3.41,3.41,0,0,0,0
aten::empty,,,3.32,13.63,0,0,0,0
empty_tensor,,,10.31,10.31,0,0,0,0
aclnnHcPre,,,16.61,16.61,63.78128125,63.78128125,0,0
npu::npu_rms_norm,,,62.16,91.0,0,12.24025,0,0
empty_tensor,,,8.59,8.59,0,0,0,0
empty_tensor,,,4.38,4.38,0,0,0,0
aclnnRmsNorm,,,15.87,15.87,12.24025,12.24025,0,0
aten::unsqueeze,,,4.11,9.17,0,0,0,0
aten::as_strided,,,5.06,5.06,0,0,0,0
aten::empty,,,3.98,12.97,0,0,0,0
empty_tensor,,,8.99,8.99,0,0,0,0
vllm::mla_forward,,,4454.1,8646.59,0,1549.55109375,0,427.34853125
aten::slice,,,4.56,10.09,0,0,0,0
aten::as_strided,,,5.53,5.53,0,0,0,0
aten::slice,,,2.71,7.15,0,0,0,0
aten::as_strided,,,4.44,4.44,0,0,0,0
aten::linear,,,5.15,68.67,0,22.82046875,0,22.82046875
aten::t,,,5.61,13.95,0,0,0,0
aten::transpose,,,2.68,8.34,0,0,0,0
aten::as_strided,,,5.66,5.66,0,0,0,0
aten::matmul,,,22.07,49.57,0,22.82046875,0,22.82046875
empty_tensor,,,9.16,9.16,0,0,0,0
aclnnMatmul,,,18.34,18.34,22.82046875,22.82046875,22.82046875,22.82046875
aten::split_with_sizes,,,4.99,11.63,0,0,0,0
aten::as_strided,,,4.7,4.7,0,0,0,0
aten::as_strided,,,1.94,1.94,0,0,0,0
npu::npu_rms_norm,,,125.93,158.39,0,14.22028125,0,0
empty_tensor,,,9.9,9.9,0,0,0,0
empty_tensor,,,5.15,5.15,0,0,0,0
aclnnRmsNorm,,,17.41,17.41,14.22028125,14.22028125,0,0
aten::reshape,,,7.33,19.07,0,0,0,0
aten::_reshape_alias,,,4.06,11.74,0,0,0,0
aten::view,,,7.68,7.68,0,0,0,0
npu::npu_rms_norm,,,111.33,142.7,0,8.9601875,0,0
empty_tensor,,,9.61,9.61,0,0,0,0
empty_tensor,,,4.47,4.47,0,0,0,0
aclnnRmsNorm,,,17.29,17.29,8.9601875,8.9601875,0,0
aten::view,,,12.13,12.13,0,0,0,0
aten::slice,,,6.69,11.2,0,0,0,0
aten::as_strided,,,4.51,4.51,0,0,0,0
aten::view,,,5.86,5.86,0,0,0,0
aten::to,,,2.09,2.09,0,0,0,0
npu::npu_scatter_nd_update_,,,31.05,50.05,0,39.1408125,0,0
aclnnScatterNdUpdate,,,19.0,19.0,39.1408125,39.1408125,0,0
vllm::unquantized_gemm,,,23.23,93.64,0,73.44146875,0,73.44146875
aten::linear,,,4.54,70.41,0,73.44146875,0,73.44146875
aten::t,,,5.17,15.3,0,0,0,0
aten::transpose,,,3.61,10.13,0,0,0,0
aten::as_strided,,,6.52,6.52,0,0,0,0
aten::matmul,,,21.76,50.57,0,73.44146875,0,73.44146875
empty_tensor,,,12.0,12.0,0,0,0,0
aclnnMatmul,,,16.81,16.81,73.44146875,73.44146875,73.44146875,73.44146875
aten::view,,,6.24,6.24,0,0,0,0
aten::split_with_sizes,,,4.9,11.35,0,0,0,0
aten::as_strided,,,4.4,4.4,0,0,0,0
aten::as_strided,,,2.05,2.05,0,0,0,0
npu::npu_transpose_batchmatmul,,,37.26,65.99,0,34.5206875,0,34.5206875
empty_tensor,,,11.78,11.78,0,0,0,0
aclnnTransposeBatchMatMul,,,16.95,16.95,34.5206875,34.5206875,34.5206875,34.5206875
aten::slice,,,4.01,9.72,0,0,0,0
aten::as_strided,,,5.71,5.71,0,0,0,0
aten::slice,,,1.56,4.13,0,0,0,0
aten::as_strided,,,2.57,2.57,0,0,0,0
aten::to,,,2.57,62.17,0,8.6801875,0,0
aten::_to_copy,,,6.28,59.6,0,8.6801875,0,0
aten::empty_strided,,,11.4,16.85,0,0,0,0
empty_tensor,,,5.45,5.45,0,0,0,0
aten::copy_,,,20.78,36.47,0,8.6801875,0,0
aclnnInplaceCopy,,,15.69,15.69,8.6801875,8.6801875,0,0
aten::linear,,,4.46,54.95,0,35.2206875,0,35.2206875
aten::t,,,4.87,11.63,0,0,0,0
aten::transpose,,,2.52,6.76,0,0,0,0
aten::as_strided,,,4.24,4.24,0,0,0,0
aten::matmul,,,17.17,38.86,0,35.2206875,0,35.2206875
empty_tensor,,,7.74,7.74,0,0,0,0
aclnnMatmul,,,13.95,13.95,35.2206875,35.2206875,35.2206875,35.2206875
aten::slice,,,3.08,6.91,0,0,0,0
aten::as_strided,,,3.83,3.83,0,0,0,0
aten::layer_norm,,,5.58,73.09,0,19.620406250000002,0,0
aten::native_layer_norm,,,30.58,67.51,0,19.620406250000002,0,0
aten::resize_,,,5.51,5.51,0,0,0,0
aten::resize_,,,1.68,1.68,0,0,0,0
empty_tensor,,,8.25,8.25,0,0,0,0
empty_tensor,,,4.59,4.59,0,0,0,0
empty_tensor,,,3.7,3.7,0,0,0,0
aclnnLayerNorm,,,13.2,13.2,19.620406250000002,19.620406250000002,0,0
aten::linear,,,4.58,51.55,0,29.0805625,0,29.0805625
aten::t,,,4.08,10.94,0,0,0,0
aten::transpose,,,2.34,6.86,0,0,0,0
aten::as_strided,,,4.52,4.52,0,0,0,0
aten::matmul,,,16.73,36.03,0,29.0805625,0,29.0805625
empty_tensor,,,6.68,6.68,0,0,0,0
aclnnMatmul,,,12.62,12.62,29.0805625,29.0805625,29.0805625,29.0805625
aten::slice,,,3.21,6.99,0,0,0,0
aten::as_strided,,,3.78,3.78,0,0,0,0
vllm::unquantized_gemm,,,22.91,82.32,0,21.0804375,0,21.0804375
aten::linear,,,4.06,59.41,0,21.0804375,0,21.0804375
aten::t,,,5.14,13.46,0,0,0,0
aten::transpose,,,2.69,8.32,0,0,0,0
aten::as_strided,,,5.63,5.63,0,0,0,0
aten::matmul,,,18.48,41.89,0,21.0804375,0,21.0804375
empty_tensor,,,8.9,8.9,0,0,0,0
aclnnMatmul,,,14.51,14.51,21.0804375,21.0804375,21.0804375,21.0804375
aten::view,,,6.01,6.01,0,0,0,0
aten::slice,,,2.61,5.9,0,0,0,0
aten::as_strided,,,3.29,3.29,0,0,0,0
aten::to,,,2.29,61.94,0,4.3800937499999995,0,0
aten::_to_copy,,,6.63,59.65,0,4.3800937499999995,0,0
aten::empty_strided,,,8.72,13.84,0,0,0,0
empty_tensor,,,5.12,5.12,0,0,0,0
aten::copy_,,,23.99,39.18,0,4.3800937499999995,0,0
aclnnInplaceCopy,,,15.19,15.19,4.3800937499999995,4.3800937499999995,0,0
aten::mul,,,19.91,43.67,0,1.88003125,0,0
empty_tensor,,,6.82,6.82,0,0,0,0
aten::item,,,2.17,3.82,0,0,0,0
aten::_local_scalar_dense,,,1.65,1.65,0,0,0,0
aclnnMuls,,,13.12,13.12,1.88003125,1.88003125,0,0
aten::slice,,,3.42,8.47,0,0,0,0
aten::as_strided,,,5.05,5.05,0,0,0,0
aten::max,,,12.23,18.96,0,0,0,0
aten::empty,,,4.74,4.74,0,0,0,0
aten::fill_,,,1.99,1.99,0,0,0,0
aten::item,,,1.79,3.07,0,0,0,0
aten::_local_scalar_dense,,,1.28,1.28,0,0,0,0
aten::slice,,,6.88,12.09,0,0,0,0
aten::as_strided,,,5.21,5.21,0,0,0,0
aten::slice,,,1.86,4.83,0,0,0,0
aten::as_strided,,,2.97,2.97,0,0,0,0
_glm5_next_kpool_tail_compress_kernel,,,29.58,29.58,20.88040625,20.88040625,0,0
_store_kpool_tail_kernel,,,36.91,36.91,2.8400625,2.8400625,0,0
aten::to,,,3.71,3.71,0,0,0,0
aten::empty,,,4.48,18.54,0,0,0,0
empty_tensor,,,14.06,14.06,0,0,0,0
aten::arange,,,22.47,89.97,0,7.66015625,0,0
empty_tensor,,,52.37,52.37,0,0,0,0
aclnnArange,,,15.13,15.13,7.66015625,7.66015625,0,0
aten::arange,,,14.25,39.82,0,3.8800625,0,0
empty_tensor,,,16.04,16.04,0,0,0,0
aclnnArange,,,9.53,9.53,3.8800625,3.8800625,0,0
aten::slice,,,4.26,13.6,0,0,0,0
aten::as_strided,,,9.34,9.34,0,0,0,0
aten::to,,,2.08,53.74,0,6.100125,0,0
aten::_to_copy,,,5.94,51.66,0,6.100125,0,0
aten::empty_strided,,,9.72,16.46,0,0,0,0
empty_tensor,,,6.74,6.74,0,0,0,0
aten::copy_,,,17.55,29.26,0,6.100125,0,0
aclnnInplaceCopy,,,11.71,11.71,6.100125,6.100125,0,0
aten::slice,,,2.07,6.12,0,0,0,0
aten::as_strided,,,4.05,4.05,0,0,0,0
aten::to,,,1.44,44.43,0,1.5400625,0,0
aten::_to_copy,,,4.4,42.99,0,1.5400625,0,0
aten::empty_strided,,,7.6,12.46,0,0,0,0
empty_tensor,,,4.86,4.86,0,0,0,0
aten::copy_,,,14.82,26.13,0,1.5400625,0,0
aclnnInplaceCopy,,,11.31,11.31,1.5400625,1.5400625,0,0
aten::unsqueeze,,,2.78,6.89,0,0,0,0
aten::as_strided,,,4.11,4.11,0,0,0,0
aten::mul,,,16.31,36.23,0,14.76028125,0,0
empty_tensor,,,8.03,8.03,0,0,0,0
aclnnMul,,,11.89,11.89,14.76028125,14.76028125,0,0
aten::sum,,,17.94,35.9,0,11.04021875,0,0
empty_tensor,,,7.08,7.08,0,0,0,0
aclnnReduceSum,,,10.88,10.88,11.04021875,11.04021875,0,0
aten::full,,,5.57,35.84,0,2.02003125,0,0
empty_tensor,,,7.49,7.49,0,0,0,0
aten::fill_,,,12.47,22.78,0,2.02003125,0,0
aclnnInplaceFillScalar,,,10.31,10.31,2.02003125,2.02003125,0,0
_glm5_next_lightning_indexer_score_kernel,,,33.88,33.88,18.680375,18.680375,0,0
aten::nan_to_num_,,,25.13,44.25,0,2.24003125,0,0
aclnnInplaceNanToNum,,,19.12,19.12,2.24003125,2.24003125,0,0
aten::topk,,,25.07,60.33,0,28.36059375,0,0
empty_tensor,,,15.2,15.2,0,0,0,0
empty_tensor,,,4.87,4.87,0,0,0,0
aclnnTopk,,,15.19,15.19,28.36059375,28.36059375,0,0
aten::le,,,14.73,24.85,0,2.4800625,0,0
empty_tensor,,,7.08,7.08,0,0,0,0
aclnnLeScalar,,,3.04,3.04,2.4800625,2.4800625,0,0
aten::full_like,,,5.27,52.5,0,3.4200625,0,0
aten::empty_like,,,6.35,19.81,0,0,0,0
aten::empty_strided,,,9.54,13.46,0,0,0,0
empty_tensor,,,3.92,3.92,0,0,0,0
aten::fill_,,,11.73,27.42,0,3.4200625,0,0
aclnnInplaceFillScalar,,,15.69,15.69,3.4200625,3.4200625,0,0
aten::where,,,16.34,26.43,0,3.9600625,0,0
empty_tensor,,,7.02,7.02,0,0,0,0
aclnnSWhere,,,3.07,3.07,3.9600625,3.9600625,0,0
aten::unsqueeze,,,3.73,9.97,0,0,0,0
aten::as_strided,,,6.24,6.24,0,0,0,0
aten::mul,,,17.72,41.62,0,5.960125,0,0
empty_tensor,,,5.97,5.97,0,0,0,0
aten::item,,,2.7,4.62,0,0,0,0
aten::_local_scalar_dense,,,1.92,1.92,0,0,0,0
aclnnMuls,,,13.31,13.31,5.960125,5.960125,0,0
aten::add,,,18.32,37.21,0,18.820375,0,0
empty_tensor,,,7.27,7.27,0,0,0,0
aclnnAdd,,,11.62,11.62,18.820375,18.820375,0,0
aten::unsqueeze,,,2.75,7.17,0,0,0,0
aten::as_strided,,,4.42,4.42,0,0,0,0
aten::ge,,,12.27,30.31,0,4.02009375,0,0
empty_tensor,,,6.44,6.44,0,0,0,0
aclnnGeScalar,,,11.6,11.6,4.02009375,4.02009375,0,0
aten::full_like,,,4.24,44.78,0,7.36015625,0,0
aten::empty_like,,,5.4,18.04,0,0,0,0
aten::empty_strided,,,8.51,12.64,0,0,0,0
empty_tensor,,,4.13,4.13,0,0,0,0
aten::fill_,,,10.07,22.5,0,7.36015625,0,0
aclnnInplaceFillScalar,,,12.43,12.43,7.36015625,7.36015625,0,0
aten::where,,,12.35,21.99,0,15.3603125,0,0
empty_tensor,,,6.75,6.75,0,0,0,0
aclnnSWhere,,,2.89,2.89,15.3603125,15.3603125,0,0
aten::reshape,,,2.02,8.47,0,0,0,0
aten::view,,,6.45,6.45,0,0,0,0
aten::pad,,,4.43,141.12,0,557.971125,0,0
aten::constant_pad_nd,,,107.34,136.69,0,557.971125,0,0
empty_tensor,,,9.01,9.01,0,0,0,0
aclnnConstantPadNd,,,20.34,20.34,557.971125,557.971125,0,0
aten::slice,,,4.8,10.39,0,0,0,0
aten::as_strided,,,5.59,5.59,0,0,0,0
aten::add,,,20.74,47.34,0,3.2800625,0,0
empty_tensor,,,9.17,9.17,0,0,0,0
aten::item,,,2.21,3.89,0,0,0,0
aten::_local_scalar_dense,,,1.68,1.68,0,0,0,0
aclnnAdds,,,13.54,13.54,3.2800625,3.2800625,0,0
aten::floor_divide,,,18.68,41.36,0,4.46009375,0,0
empty_tensor,,,7.55,7.55,0,0,0,0
aten::item,,,1.2,2.29,0,0,0,0
aten::_local_scalar_dense,,,1.09,1.09,0,0,0,0
aclnnFloorDivides,,,12.84,12.84,4.46009375,4.46009375,0,0
aten::mul,,,16.74,37.72,0,2.8000625,0,0
empty_tensor,,,6.58,6.58,0,0,0,0
aten::item,,,1.65,2.53,0,0,0,0
aten::_local_scalar_dense,,,0.88,0.88,0,0,0,0
aclnnMuls,,,11.87,11.87,2.8000625,2.8000625,0,0
aten::add,,,16.74,37.65,0,2.8200625,0,0
empty_tensor,,,6.37,6.37,0,0,0,0
aten::item,,,1.76,2.88,0,0,0,0
aten::_local_scalar_dense,,,1.12,1.12,0,0,0,0
aclnnAdds,,,11.66,11.66,2.8200625,2.8200625,0,0
aten::sub,,,16.34,33.99,0,2.6400625,0,0
empty_tensor,,,6.83,6.83,0,0,0,0
aclnnSub,,,10.82,10.82,2.6400625,2.6400625,0,0
aten::unsqueeze,,,3.64,7.37,0,0,0,0
aten::as_strided,,,3.73,3.73,0,0,0,0
aten::unsqueeze,,,2.27,4.2,0,0,0,0
aten::as_strided,,,1.93,1.93,0,0,0,0
aten::lt,,,13.86,34.97,0,13.52028125,0,0
empty_tensor,,,6.9,6.9,0,0,0,0
aclnnLtTensor,,,14.21,14.21,13.52028125,13.52028125,0,0
aten::unsqueeze,,,2.7,5.68,0,0,0,0
aten::as_strided,,,2.98,2.98,0,0,0,0
aten::unsqueeze,,,2.06,4.2,0,0,0,0
aten::as_strided,,,2.14,2.14,0,0,0,0
aten::add,,,17.02,37.5,0,13.04025,0,0
empty_tensor,,,8.14,8.14,0,0,0,0
aclnnAdd,,,12.34,12.34,13.04025,13.04025,0,0
aten::where,,,9.94,73.96,0,4.700093750000001,0,0
aten::scalar_tensor,,,6.58,42.14,0,1.42003125,0,0
aten::empty,,,3.19,10.88,0,0,0,0
empty_tensor,,,7.69,7.69,0,0,0,0
aten::fill_,,,12.3,24.68,0,1.42003125,0,0
aclnnInplaceFillScalar,,,12.38,12.38,1.42003125,1.42003125,0,0
aten::to,,,1.04,1.04,0,0,0,0
aten::where,,,11.4,20.84,0,3.2800625,0,0
empty_tensor,,,6.89,6.89,0,0,0,0
aclnnSWhere,,,2.55,2.55,3.2800625,3.2800625,0,0
aten::cat,,,17.59,38.34,0,11.04021875,0,0
empty_tensor,,,8.36,8.36,0,0,0,0
aclnnCat,,,12.39,12.39,11.04021875,11.04021875,0,0
aten::to,,,2.9,52.67,0,8.8001875,0,0
aten::_to_copy,,,6.73,49.77,0,8.8001875,0,0
aten::empty_strided,,,8.08,12.59,0,0,0,0
empty_tensor,,,4.51,4.51,0,0,0,0
aten::copy_,,,17.76,30.45,0,8.8001875,0,0
aclnnInplaceCopy,,,12.69,12.69,8.8001875,8.8001875,0,0
aten::select,,,6.13,10.12,0,0,0,0
aten::as_strided,,,3.99,3.99,0,0,0,0
aten::copy_,,,11.56,27.28,0,7.680125,0,0
aclnnInplaceCopy,,,15.72,15.72,7.680125,7.680125,0,0
aten::select,,,2.64,6.05,0,0,0,0
aten::as_strided,,,3.41,3.41,0,0,0,0
aten::to,,,2.18,2.18,0,0,0,0
aten::add,,,19.41,48.26,0,2.7400625,0,0
empty_tensor,,,7.58,7.58,0,0,0,0
aten::item,,,1.84,3.42,0,0,0,0
aten::_local_scalar_dense,,,1.58,1.58,0,0,0,0
aclnnAdds,,,17.85,17.85,2.7400625,2.7400625,0,0
aten::div,,,18.36,40.87,0,3.98009375,0,0
empty_tensor,,,7.11,7.11,0,0,0,0
aten::item,,,2.09,3.09,0,0,0,0
aten::_local_scalar_dense,,,1.0,1.0,0,0,0,0
aclnnDivMods,,,12.31,12.31,3.98009375,3.98009375,0,0
aten::mul,,,17.14,40.82,0,2.7000625,0,0
empty_tensor,,,6.48,6.48,0,0,0,0
aten::item,,,1.46,2.46,0,0,0,0
aten::_local_scalar_dense,,,1.0,1.0,0,0,0,0
aclnnMuls,,,14.74,14.74,2.7000625,2.7000625,0,0
aten::arange,,,17.12,36.09,0,6.540125,0,0
empty_tensor,,,7.14,7.14,0,0,0,0
aclnnArange,,,11.83,11.83,6.540125,6.540125,0,0
aten::unsqueeze,,,3.69,8.89,0,0,0,0
aten::as_strided,,,5.2,5.2,0,0,0,0
aten::add,,,16.18,37.9,0,8.52015625,0,0
empty_tensor,,,6.75,6.75,0,0,0,0
aclnnAdd,,,14.97,14.97,8.52015625,8.52015625,0,0
aten::add,,,17.23,41.15,0,2.6000625,0,0
empty_tensor,,,6.54,6.54,0,0,0,0
aten::item,,,1.98,3.37,0,0,0,0
aten::_local_scalar_dense,,,1.39,1.39,0,0,0,0
aclnnAdds,,,14.01,14.01,2.6000625,2.6000625,0,0
aten::sub,,,14.6,32.89,0,2.1400625,0,0
empty_tensor,,,6.48,6.48,0,0,0,0
aclnnSub,,,11.81,11.81,2.1400625,2.1400625,0,0
aten::unsqueeze,,,3.4,7.51,0,0,0,0
aten::as_strided,,,4.11,4.11,0,0,0,0
aten::lt,,,12.7,30.66,0,12.98025,0,0
empty_tensor,,,5.9,5.9,0,0,0,0
aclnnLtTensor,,,12.06,12.06,12.98025,12.98025,0,0
aten::where,,,22.69,93.39,0,4.0200625,0,0
aten::scalar_tensor,,,5.94,41.99,0,1.42003125,0,0
aten::empty,,,2.65,11.7,0,0,0,0
empty_tensor,,,9.05,9.05,0,0,0,0
aten::fill_,,,11.39,24.35,0,1.42003125,0,0
aclnnInplaceFillScalar,,,12.96,12.96,1.42003125,1.42003125,0,0
aten::to,,,0.98,0.98,0,0,0,0
aten::where,,,11.85,27.73,0,2.60003125,0,0
empty_tensor,,,6.4,6.4,0,0,0,0
aclnnSWhere,,,9.48,9.48,2.60003125,2.60003125,0,0
aten::to,,,2.56,46.98,0,1.4800625,0,0
aten::_to_copy,,,5.83,44.42,0,1.4800625,0,0
aten::empty_strided,,,7.11,11.5,0,0,0,0
empty_tensor,,,4.39,4.39,0,0,0,0
aten::copy_,,,14.76,27.09,0,1.4800625,0,0
aclnnInplaceCopy,,,12.33,12.33,1.4800625,1.4800625,0,0
aten::scalar_tensor,,,4.56,35.13,0,1.42,0,0
aten::empty,,,2.37,7.77,0,0,0,0
empty_tensor,,,5.4,5.4,0,0,0,0
aten::fill_,,,10.45,22.8,0,1.42,0,0
aclnnInplaceFillScalar,,,12.35,12.35,1.42,1.42,0,0
aten::slice,,,3.88,8.99,0,0,0,0
aten::as_strided,,,5.11,5.11,0,0,0,0
aten::view,,,2.94,2.94,0,0,0,0
aten::expand,,,3.31,5.39,0,0,0,0
aten::as_strided,,,2.08,2.08,0,0,0,0
aten::copy_,,,17.79,28.44,0,11.020249999999999,0,0
aclnnInplaceCopy,,,10.65,10.65,11.020249999999999,11.020249999999999,0,0
aten::clamp,,,13.72,31.19,0,5.02009375,0,0
empty_tensor,,,6.93,6.93,0,0,0,0
aclnnClamp,,,10.54,10.54,5.02009375,5.02009375,0,0
aten::unsqueeze,,,3.0,8.05,0,0,0,0
aten::as_strided,,,5.05,5.05,0,0,0,0
aten::add,,,14.67,32.58,0,11.88021875,0,0
empty_tensor,,,6.58,6.58,0,0,0,0
aclnnAdd,,,11.33,11.33,11.88021875,11.88021875,0,0
aten::scatter_,,,215.75,232.69,0,12.88028125,0,0
aclnnInplaceScatter,,,16.94,16.94,12.88028125,12.88028125,0,0
aten::arange,,,17.22,29.58,0,6.920125,0,0
empty_tensor,,,9.48,9.48,0,0,0,0
aclnnArange,,,2.88,2.88,6.920125,6.920125,0,0
aten::select,,,5.2,11.6,0,0,0,0
aten::as_strided,,,6.4,6.4,0,0,0,0
aten::lt,,,17.42,26.91,0,3.94009375,0,0
empty_tensor,,,6.42,6.42,0,0,0,0
aclnnLtTensor,,,3.07,3.07,3.94009375,3.94009375,0,0
aten::unsqueeze,,,3.23,5.99,0,0,0,0
aten::as_strided,,,2.76,2.76,0,0,0,0
aten::unsqueeze,,,1.73,3.6,0,0,0,0
aten::as_strided,,,1.87,1.87,0,0,0,0
aten::bitwise_not,,,13.27,34.9,0,1.34003125,0,0
empty_tensor,,,6.57,6.57,0,0,0,0
aclnnBitwiseNot,,,15.06,15.06,1.34003125,1.34003125,0,0
aten::masked_fill_,,,13.43,17.65,0,14.10028125,0,0
aclnnInplaceMaskedFillScalar,,,4.22,4.22,14.10028125,14.10028125,0,0
aten::slice,,,10.33,15.1,0,0,0,0
aten::as_strided,,,4.77,4.77,0,0,0,0
aten::fill_,,,14.26,29.47,0,6.98015625,0,0
aclnnInplaceFillScalar,,,15.21,15.21,6.98015625,6.98015625,0,0
aten::slice,,,5.73,10.12,0,0,0,0
aten::as_strided,,,4.39,4.39,0,0,0,0
aten::select,,,3.35,5.82,0,0,0,0
aten::as_strided,,,2.47,2.47,0,0,0,0
aten::copy_,,,15.83,27.48,0,10.2001875,0,0
aclnnInplaceCopy,,,11.65,11.65,10.2001875,10.2001875,0,0
aten::slice,,,7.4,12.99,0,0,0,0
aten::as_strided,,,5.59,5.59,0,0,0,0
aten::to,,,2.21,2.21,0,0,0,0
aten::to,,,1.33,1.33,0,0,0,0
_C_ascend::npu_sparse_flash_attention,,,77.27,140.77,0,69.301375,0,0
aten::empty,,,4.89,18.93,0,0,0,0
empty_tensor,,,14.04,14.04,0,0,0,0
aten::empty,,,1.57,4.36,0,0,0,0
empty_tensor,,,2.79,2.79,0,0,0,0
aten::empty,,,1.26,3.43,0,0,0,0
empty_tensor,,,2.17,2.17,0,0,0,0
aten::empty,,,3.07,14.61,0,0,0,0
empty_tensor,,,11.54,11.54,0,0,0,0
aclnnSparseFlashAttention,,,22.17,22.17,69.301375,69.301375,0,0
aten::view,,,6.99,6.99,0,0,0,0
npu::npu_transpose_batchmatmul,,,38.68,64.82,0,25.3205,0,25.3205
empty_tensor,,,10.59,10.59,0,0,0,0
aclnnTransposeBatchMatMul,,,15.55,15.55,25.3205,25.3205,25.3205,25.3205
aten::reshape,,,2.32,7.36,0,0,0,0
aten::view,,,5.04,5.04,0,0,0,0
aten::slice,,,3.62,7.33,0,0,0,0
aten::as_strided,,,3.71,3.71,0,0,0,0
vllm::unquantized_gemm,,,28.2,99.74,0,185.86371875,0,185.86371875
aten::linear,,,6.1,71.54,0,185.86371875,0,185.86371875
aten::t,,,6.94,15.52,0,0,0,0
aten::transpose,,,3.48,8.58,0,0,0,0
aten::as_strided,,,5.1,5.1,0,0,0,0
aten::matmul,,,23.1,49.92,0,185.86371875,0,185.86371875
empty_tensor,,,10.01,10.01,0,0,0,0
aclnnMatmul,,,16.81,16.81,185.86371875,185.86371875,185.86371875,185.86371875
aten::copy_,,,19.63,37.77,0,8.4801875,0,0
aclnnInplaceCopy,,,18.14,18.14,8.4801875,8.4801875,0,0
aten::view,,,5.46,5.46,0,0,0,0
aten::unsqueeze,,,3.28,18.88,0,0,0,0
aten::as_strided,,,15.6,15.6,0,0,0,0
aten::unsqueeze,,,2.11,5.47,0,0,0,0
aten::as_strided,,,3.36,3.36,0,0,0,0
aten::squeeze,,,2.99,5.66,0,0,0,0
aten::as_strided,,,2.67,2.67,0,0,0,0
aten::unsqueeze,,,1.84,4.11,0,0,0,0
aten::as_strided,,,2.27,2.27,0,0,0,0
aten::unsqueeze,,,1.54,5.42,0,0,0,0
aten::as_strided,,,3.88,3.88,0,0,0,0
_C_ascend::npu_hc_post,,,53.98,110.5,0,23.90046875,0,0
aten::empty,,,3.14,14.96,0,0,0,0
empty_tensor,,,11.82,11.82,0,0,0,0
aten::empty,,,3.01,13.5,0,0,0,0
empty_tensor,,,10.49,10.49,0,0,0,0
aclnnHcPost,,,28.06,28.06,23.90046875,23.90046875,0,0
aten::squeeze,,,3.82,9.15,0,0,0,0
aten::as_strided,,,5.33,5.33,0,0,0,0
_C_ascend::npu_hc_pre_v2,,,56.42,113.92,0,67.401375,0,0
aten::empty,,,3.25,12.73,0,0,0,0
empty_tensor,,,9.48,9.48,0,0,0,0
aten::empty,,,1.64,6.09,0,0,0,0
empty_tensor,,,4.45,4.45,0,0,0,0
aten::empty,,,1.34,5.14,0,0,0,0
empty_tensor,,,3.8,3.8,0,0,0,0
aten::empty,,,1.95,5.59,0,0,0,0
empty_tensor,,,3.64,3.64,0,0,0,0
aten::empty,,,2.23,12.23,0,0,0,0
empty_tensor,,,10.0,10.0,0,0,0,0
aclnnHcPre,,,15.72,15.72,67.401375,67.401375,0,0
npu::npu_rms_norm,,,67.24,95.54,0,11.10021875,0,0
empty_tensor,,,8.03,8.03,0,0,0,0
empty_tensor,,,4.16,4.16,0,0,0,0
aclnnRmsNorm,,,16.11,16.11,11.10021875,11.10021875,0,0
aten::unsqueeze,,,4.04,8.94,0,0,0,0
aten::as_strided,,,4.9,4.9,0,0,0,0
vllm::moe_forward_shared,,,1978.61,4056.51,0,711.81415625,0,74.50146875
Event::record,,,118.2,142.66,0,0.02,0,0
record_event,,,24.46,24.46,0.02,0.02,0,0
aten::to,,,2.54,68.99,0,7.78015625,0,0
aten::_to_copy,,,7.36,66.45,0,7.78015625,0,0
aten::empty_strided,,,13.8,21.53,0,0,0,0
empty_tensor,,,7.73,7.73,0,0,0,0
aten::copy_,,,18.25,37.56,0,7.78015625,0,0
aclnnInplaceCopy,,,19.31,19.31,7.78015625,7.78015625,0,0
aten::linear,,,4.85,64.37,0,7.38015625,0,7.38015625
aten::t,,,5.58,13.97,0,0,0,0
aten::transpose,,,3.01,8.39,0,0,0,0
aten::as_strided,,,5.38,5.38,0,0,0,0
aten::matmul,,,20.2,45.55,0,7.38015625,0,7.38015625
empty_tensor,,,9.27,9.27,0,0,0,0
aclnnMatmul,,,16.08,16.08,7.38015625,7.38015625,7.38015625,7.38015625
Event::record,,,109.72,130.46,0,0.02,0,0
record_event,,,20.74,20.74,0.02,0.02,0,0
_C_ascend::moe_gating_top_k,,,59.27,122.85,0,11.98025,0,0
aten::empty,,,4.52,18.39,0,0,0,0
empty_tensor,,,13.87,13.87,0,0,0,0
aten::empty,,,2.44,7.13,0,0,0,0
empty_tensor,,,4.69,4.69,0,0,0,0
aten::empty,,,1.44,6.26,0,0,0,0
empty_tensor,,,4.82,4.82,0,0,0,0
aten::empty,,,2.89,13.64,0,0,0,0
empty_tensor,,,10.75,10.75,0,0,0,0
aclnnMoeGatingTopK,,,18.16,18.16,11.98025,11.98025,0,0
aten::to,,,2.09,2.09,0,0,0,0
Event::record,,,101.25,125.06,0,0.02,0,0
record_event,,,23.81,23.81,0.02,0.02,0,0
npu::npu_moe_init_routing_v2,,,41.3,101.03,0,36.42071875,0,0
empty_tensor,,,14.5,14.5,0,0,0,0
empty_tensor,,,5.43,5.43,0,0,0,0
empty_tensor,,,4.16,4.16,0,0,0,0
empty_tensor,,,4.26,4.26,0,0,0,0
aclnnMoeInitRoutingV3,,,31.38,31.38,36.42071875,36.42071875,0,0
aten::to,,,2.56,2.56,0,0,0,0
npu::npu_grouped_matmul,,,44.79,76.42,0,234.24465625,0,0
empty_tensor,,,11.7,11.7,0,0,0,0
npu::get_npu_format,,,2.56,2.56,0,0,0,0
aclnnGroupedMatmulV5,,,17.37,17.37,234.24465625,234.24465625,0,0
aten::chunk,,,5.84,34.7,0,0,0,0
aten::split,,,4.37,28.86,0,0,0,0
aten::narrow,,,4.86,17.12,0,0,0,0
aten::slice,,,4.46,12.26,0,0,0,0
aten::as_strided,,,7.8,7.8,0,0,0,0
aten::narrow,,,1.39,7.37,0,0,0,0
aten::slice,,,1.31,5.98,0,0,0,0
aten::as_strided,,,4.67,4.67,0,0,0,0
aten::clamp_,,,27.64,43.48,0,59.7611875,0,0
aclnnClamp,,,15.84,15.84,59.7611875,59.7611875,0,0
aten::clamp_,,,20.0,24.0,0,64.96128125,0,0
aclnnClamp,,,4.0,4.0,64.96128125,64.96128125,0,0
npu::npu_swiglu,,,59.94,83.68,0,18.720375,0,0
empty_tensor,,,8.75,8.75,0,0,0,0
aclnnSwiGlu,,,14.99,14.99,18.720375,18.720375,0,0
Event::record,,,99.01,119.62,0,0.0,0,0
record_event,,,20.61,20.61,0.0,0.0,0,0
npu::npu_grouped_matmul,,,41.7,76.96,0,122.66246875,0,0
empty_tensor,,,15.22,15.22,0,0,0,0
npu::get_npu_format,,,2.14,2.14,0,0,0,0
aclnnGroupedMatmulV5,,,17.9,17.9,122.66246875,122.66246875,0,0
Event::record,,,104.65,125.33,0,0.02,0,0
record_event,,,20.68,20.68,0.02,0.02,0,0
aten::to,,,2.91,68.56,0,1.46003125,0,0
aten::_to_copy,,,7.09,65.65,0,1.46003125,0,0
aten::empty_strided,,,11.27,19.33,0,0,0,0
empty_tensor,,,8.06,8.06,0,0,0,0
aten::copy_,,,21.78,39.23,0,1.46003125,0,0
aclnnInplaceCopy,,,17.45,17.45,1.46003125,1.46003125,0,0
aten::abs,,,15.92,37.34,0,1.7200625,0,0
empty_tensor,,,8.7,8.7,0,0,0,0
aclnnAbs,,,12.72,12.72,1.7200625,1.7200625,0,0
npu::npu_moe_token_unpermute,,,88.36,111.88,0,16.28034375,0,0
empty_tensor,,,8.47,8.47,0,0,0,0
aclnnMoeTokenUnpermute,,,15.05,15.05,16.28034375,16.28034375,0,0
vllm::unquantized_gemm,,,26.04,103.62,0,43.960875,0,43.960875
aten::linear,,,5.86,77.58,0,43.960875,0,43.960875
aten::t,,,6.28,18.86,0,0,0,0
aten::transpose,,,3.69,12.58,0,0,0,0
aten::as_strided,,,8.89,8.89,0,0,0,0
aten::matmul,,,22.65,52.86,0,43.960875,0,43.960875
empty_tensor,,,10.87,10.87,0,0,0,0
aclnnMatmul,,,19.34,19.34,43.960875,43.960875,43.960875,43.960875
aten::slice,,,4.52,10.29,0,0,0,0
aten::as_strided,,,5.77,5.77,0,0,0,0
aten::clamp,,,23.52,51.58,0,13.820250000000001,0,0
empty_tensor,,,10.74,10.74,0,0,0,0
aclnnClamp,,,17.32,17.32,13.820250000000001,13.820250000000001,0,0
aten::slice,,,3.21,7.49,0,0,0,0
aten::as_strided,,,4.28,4.28,0,0,0,0
aten::clamp,,,19.12,40.24,0,10.680187499999999,0,0
empty_tensor,,,7.35,7.35,0,0,0,0
aclnnClamp,,,13.77,13.77,10.680187499999999,10.680187499999999,0,0
aten::mul,,,21.34,45.28,0,7.620125,0,0
empty_tensor,,,6.93,6.93,0,0,0,0
aten::item,,,2.78,4.71,0,0,0,0
aten::_local_scalar_dense,,,1.93,1.93,0,0,0,0
aclnnMuls,,,12.3,12.3,7.620125,7.620125,0,0
aten::sigmoid,,,13.22,32.22,0,8.78015625,0,0
empty_tensor,,,6.76,6.76,0,0,0,0
aclnnSigmoid,,,12.24,12.24,8.78015625,8.78015625,0,0
aten::mul,,,14.46,30.73,0,9.76021875,0,0
empty_tensor,,,5.63,5.63,0,0,0,0
aclnnMul,,,10.64,10.64,9.76021875,9.76021875,0,0
aten::add,,,18.98,38.82,0,7.62015625,0,0
empty_tensor,,,6.78,6.78,0,0,0,0
aten::item,,,1.73,3.03,0,0,0,0
aten::_local_scalar_dense,,,1.3,1.3,0,0,0,0
aclnnAdds,,,10.03,10.03,7.62015625,7.62015625,0,0
aten::mul,,,13.47,32.02,0,2.9600625,0,0
empty_tensor,,,5.72,5.72,0,0,0,0
aclnnMul,,,12.83,12.83,2.9600625,2.9600625,0,0
vllm::unquantized_gemm,,,24.43,93.36,0,23.1604375,0,23.1604375
aten::linear,,,4.65,68.93,0,23.1604375,0,23.1604375
aten::t,,,6.12,17.3,0,0,0,0
aten::transpose,,,3.5,11.18,0,0,0,0
aten::as_strided,,,7.68,7.68,0,0,0,0
aten::matmul,,,20.09,46.98,0,23.1604375,0,23.1604375
empty_tensor,,,10.92,10.92,0,0,0,0
aclnnMatmul,,,15.97,15.97,23.1604375,23.1604375,23.1604375,23.1604375
destroy_event,,,14.33,14.33,0,0,0,0
destroy_event,,,5.2,5.2,0,0,0,0
destroy_event,,,2.83,2.83,0,0,0,0
destroy_event,,,4.19,4.19,0,0,0,0
destroy_event,,,3.66,3.66,0,0,0,0
vllm::maybe_all_reduce_shared_expert,,,26.22,26.22,0,0,0,0
aten::_foreach_add,,,33.64,63.38,0,14.9003125,0,0
aten::result_type,,,1.71,1.71,0,0,0,0
empty_tensor,,,11.9,11.9,0,0,0,0
aclnnForeachAddListV2,,,16.13,16.13,14.9003125,14.9003125,0,0
vllm::maybe_all_reduce_tensor_model_parallel,,,30.55,30.55,0,0,0,0
aten::view,,,8.43,8.43,0,0,0,0
aten::unsqueeze,,,4.04,8.89,0,0,0,0
aten::as_strided,,,4.85,4.85,0,0,0,0
aten::unsqueeze,,,2.17,5.43,0,0,0,0
aten::as_strided,,,3.26,3.26,0,0,0,0
aten::squeeze,,,2.89,5.6,0,0,0,0
aten::as_strided,,,2.71,2.71,0,0,0,0
aten::unsqueeze,,,1.82,4.4,0,0,0,0
aten::as_strided,,,2.58,2.58,0,0,0,0
aten::unsqueeze,,,1.7,4.29,0,0,0,0
aten::as_strided,,,2.59,2.59,0,0,0,0
_C_ascend::npu_hc_post,,,52.66,99.86,0,22.5604375,0,0
aten::empty,,,3.15,14.31,0,0,0,0
empty_tensor,,,11.16,11.16,0,0,0,0
aten::empty,,,3.8,15.16,0,0,0,0
empty_tensor,,,11.36,11.36,0,0,0,0
aclnnHcPost,,,17.73,17.73,22.5604375,22.5604375,0,0
aten::squeeze,,,4.19,9.28,0,0,0,0
aten::as_strided,,,5.09,5.09,0,0,0,0
aten::mean,,,26.28,50.08,0,18.14034375,0,0
empty_tensor,,,7.6,7.6,0,0,0,0
aclnnMean,,,16.2,16.2,18.14034375,18.14034375,0,0
npu::npu_rms_norm,,,68.79,97.49,0,13.00028125,0,0
empty_tensor,,,8.65,8.65,0,0,0,0
empty_tensor,,,4.13,4.13,0,0,0,0
aclnnRmsNorm,,,15.92,15.92,13.00028125,13.00028125,0,0
aten::index,,,35.07,61.8,0,10.76021875,0,0
empty_tensor,,,5.46,5.46,0,0,0,0
empty_tensor,,,6.36,6.36,0,0,0,0
aclnnIndex,,,14.91,14.91,10.76021875,10.76021875,0,0
aten::linear,,,5.72,64.79,0,968.45934375,0,968.45934375
aten::t,,,5.86,15.57,0,0,0,0
aten::transpose,,,3.27,9.71,0,0,0,0
aten::as_strided,,,6.44,6.44,0,0,0,0
aten::matmul,,,20.08,43.5,0,968.45934375,0,968.45934375
empty_tensor,,,8.34,8.34,0,0,0,0
aclnnMatmul,,,15.08,15.08,968.45934375,968.45934375,968.45934375,968.45934375
aten::alias,,,4.27,4.27,0,0,0,0
aten::log_softmax,,,9.66,118.37,0,50.901031249999996,0,0
aten::to,,,4.36,69.52,0,7.38015625,0,0
aten::_to_copy,,,7.55,65.16,0,7.38015625,0,0
aten::empty_strided,,,11.22,17.81,0,0,0,0
empty_tensor,,,6.59,6.59,0,0,0,0
aten::copy_,,,21.04,39.8,0,7.38015625,0,0
aclnnInplaceCopy,,,18.76,18.76,7.38015625,7.38015625,0,0
aten::_log_softmax,,,19.68,39.19,0,43.520875,0,0
empty_tensor,,,7.73,7.73,0,0,0,0
aclnnLogSoftmax,,,11.78,11.78,43.520875,43.520875,0,0
aten::to,,,2.52,47.82,0,2.7200625,0,0
aten::_to_copy,,,5.48,45.3,0,2.7200625,0,0
aten::empty_strided,,,7.56,12.23,0,0,0,0
empty_tensor,,,4.67,4.67,0,0,0,0
aten::copy_,,,15.04,27.59,0,2.7200625,0,0
aclnnInplaceCopy,,,12.55,12.55,2.7200625,2.7200625,0,0
aten::argmax,,,8.85,62.58,0,20.620406250000002,0,0
aten::empty,,,2.73,10.69,0,0,0,0
empty_tensor,,,7.96,7.96,0,0,0,0
aten::argmax,,,23.42,43.04,0,20.620406250000002,0,0
aten::reshape,,,1.77,6.86,0,0,0,0
aten::view,,,5.09,5.09,0,0,0,0
aclnnArgMax,,,12.76,12.76,20.620406250000002,20.620406250000002,0,0
aten::view,,,4.79,4.79,0,0,0,0
aten::to,,,2.05,2.05,0,0,0,0
aten::topk,,,21.44,47.36,0,36.0406875,0,0
empty_tensor,,,7.97,7.97,0,0,0,0
empty_tensor,,,4.77,4.77,0,0,0,0
aclnnTopk,,,13.18,13.18,36.0406875,36.0406875,0,0
aten::unsqueeze,,,4.07,9.08,0,0,0,0
aten::as_strided,,,5.01,5.01,0,0,0,0
aten::gather,,,21.12,31.36,0,5.7201249999999995,0,0
empty_tensor,,,7.21,7.21,0,0,0,0
aclnnGather,,,3.03,3.03,5.7201249999999995,5.7201249999999995,0,0
TorchDynamo Cache Lookup,,,42.85,42.85,0,0,0,0
Torch-Compiled Region: 0/0,,,114.56,209.95,0,37.04078125,0,0
aten::_assert_scalar,,,3.4,3.4,0,0,0,0
aten::_assert_scalar,,,1.44,1.44,0,0,0,0
aten::_assert_scalar,,,1.63,1.63,0,0,0,0
aten::ge,,,18.99,48.17,0,7.82015625,0,0
empty_tensor,,,11.7,11.7,0,0,0,0
aclnnGeTensor,,,17.48,17.48,7.82015625,7.82015625,0,0
aten::sum,,,19.46,40.75,0,29.220625000000002,0,0
empty_tensor,,,7.66,7.66,0,0,0,0
aclnnReduceSum,,,13.63,13.63,29.220625000000002,29.220625000000002,0,0
aten::cat,,,19.17,42.04,0,2.66003125,0,0
empty_tensor,,,8.48,8.48,0,0,0,0
aclnnCat,,,14.39,14.39,2.66003125,2.66003125,0,0
aten::cat,,,14.98,35.44,0,2.08003125,0,0
empty_tensor,,,8.18,8.18,0,0,0,0
aclnnCat,,,12.28,12.28,2.08003125,2.08003125,0,0
aten::to,,,2.58,52.43,0,1.5200625,0,0
aten::_to_copy,,,6.57,49.85,0,1.5200625,0,0
aten::empty_strided,,,8.28,13.01,0,0,0,0
empty_tensor,,,4.73,4.73,0,0,0,0
aten::copy_,,,17.67,30.27,0,1.5200625,0,0
aclnnInplaceCopy,,,12.6,12.6,1.5200625,1.5200625,0,0
aten::to,,,2.4,47.27,0,1.38003125,0,0
aten::_to_copy,,,4.77,44.87,0,1.38003125,0,0
aten::empty_strided,,,7.45,12.55,0,0,0,0
empty_tensor,,,5.1,5.1,0,0,0,0
aten::copy_,,,13.89,27.55,0,1.38003125,0,0
aclnnInplaceCopy,,,13.66,13.66,1.38003125,1.38003125,0,0
aten::unsqueeze,,,3.75,8.73,0,0,0,0
aten::as_strided,,,4.98,4.98,0,0,0,0
Event::record,,,161.6,182.66,0,0.02,0,0
record_event,,,21.06,21.06,0.02,0.02,0,0
aten::slice,,,6.1,14.07,0,0,0,0
aten::as_strided,,,7.97,7.97,0,0,0,0
Event::wait,,,78.72,104.5,0,0.0,0,0
wait_event,,,25.78,25.78,0.0,0.0,0,0
Event::record,,,93.1,113.19,0,0.02,0,0
record_event,,,20.09,20.09,0.02,0.02,0,0
Event::wait,,,68.11,88.11,0,0.02,0,0
wait_event,,,20.0,20.0,0.02,0.02,0,0
destroy_event,,,12.41,12.41,0,0,0,0
aten::to,,,3.85,82.53,0,2.04003125,0,0
aten::_to_copy,,,7.47,78.68,0,2.04003125,0,0
aten::empty_strided,,,35.2,35.2,0,0,0,0
aten::copy_,,,23.12,36.01,0,2.04003125,0,0
acl_memcpy_device_to_host,,,12.89,12.89,2.04003125,2.04003125,0,0
aten::to,,,3.34,39.8,0,1.90003125,0,0
aten::_to_copy,,,4.88,36.46,0,1.90003125,0,0
aten::empty_strided,,,3.93,3.93,0,0,0,0
aten::copy_,,,14.98,27.65,0,1.90003125,0,0
acl_memcpy_device_to_host,,,12.67,12.67,1.90003125,1.90003125,0,0
aten::to,,,2.01,31.78,0,2.1000625,0,0
aten::_to_copy,,,3.7,29.77,0,2.1000625,0,0
aten::empty_strided,,,2.81,2.81,0,0,0,0
aten::copy_,,,12.14,23.26,0,2.1000625,0,0
acl_memcpy_device_to_host,,,11.12,11.12,2.1000625,2.1000625,0,0
aten::to,,,1.8,32.84,0,1.8400625,0,0
aten::_to_copy,,,3.71,31.04,0,1.8400625,0,0
aten::empty_strided,,,2.97,2.97,0,0,0,0
aten::copy_,,,11.72,24.36,0,1.8400625,0,0
acl_memcpy_device_to_host,,,12.64,12.64,1.8400625,1.8400625,0,0
Event::record,,,174.34,192.55,0,0.02,0,0
record_event,,,18.21,18.21,0.02,0.02,0,0
Event::synchronize,,,93.21,93.21,0,0,0,0
aten::slice,,,11.92,20.0,0,0,0,0
aten::as_strided,,,8.08,8.08,0,0,0,0
aten::slice,,,3.31,5.85,0,0,0,0
aten::as_strided,,,2.54,2.54,0,0,0,0
aten::slice,,,2.39,4.52,0,0,0,0
aten::as_strided,,,2.13,2.13,0,0,0,0
aten::slice,,,8.32,11.95,0,0,0,0
aten::as_strided,,,3.63,3.63,0,0,0,0
aten::slice,,,3.28,8.73,0,0,0,0
aten::as_strided,,,5.45,5.45,0,0,0,0
aten::pin_memory,,,5.34,23.51,0,0,0,0
aten::is_pinned,,,18.17,18.17,0,0,0,0
aten::copy_,,,20.43,44.1,0,2.2600625,0,0
acl_memcpy_host_to_device,,,23.67,23.67,2.2600625,2.2600625,0,0
aten::slice,,,19.06,21.57,0,0,0,0
aten::as_strided,,,2.51,2.51,0,0,0,0
aten::slice,,,2.9,7.35,0,0,0,0
aten::as_strided,,,4.45,4.45,0,0,0,0
aten::pin_memory,,,3.57,13.9,0,0,0,0
aten::is_pinned,,,10.33,10.33,0,0,0,0
aten::copy_,,,16.04,39.08,0,2.16003125,0,0
acl_memcpy_host_to_device,,,23.04,23.04,2.16003125,2.16003125,0,0
aten::slice,,,6.4,9.52,0,0,0,0
aten::as_strided,,,3.12,3.12,0,0,0,0
aten::slice,,,3.17,6.94,0,0,0,0
aten::as_strided,,,3.77,3.77,0,0,0,0
aten::pin_memory,,,3.15,11.82,0,0,0,0
aten::is_pinned,,,8.67,8.67,0,0,0,0
aten::copy_,,,13.7,34.44,0,2.44003125,0,0
acl_memcpy_host_to_device,,,20.74,20.74,2.44003125,2.44003125,0,0
aten::slice,,,6.52,8.85,0,0,0,0
aten::as_strided,,,2.33,2.33,0,0,0,0
aten::slice,,,2.87,6.52,0,0,0,0
aten::as_strided,,,3.65,3.65,0,0,0,0
aten::pin_memory,,,3.06,11.19,0,0,0,0
aten::is_pinned,,,8.13,8.13,0,0,0,0
aten::copy_,,,13.19,30.58,0,2.20003125,0,0
acl_memcpy_host_to_device,,,17.39,17.39,2.20003125,2.20003125,0,0
aten::slice,,,5.42,8.45,0,0,0,0
aten::as_strided,,,3.03,3.03,0,0,0,0
aten::slice,,,2.5,6.33,0,0,0,0
aten::as_strided,,,3.83,3.83,0,0,0,0
aten::pin_memory,,,3.12,11.19,0,0,0,0
aten::is_pinned,,,8.07,8.07,0,0,0,0
aten::copy_,,,12.81,26.01,0,2.20003125,0,0
acl_memcpy_host_to_device,,,13.2,13.2,2.20003125,2.20003125,0,0
aten::slice,,,12.07,15.92,0,0,0,0
aten::as_strided,,,3.85,3.85,0,0,0,0
aten::slice,,,3.27,9.78,0,0,0,0
aten::as_strided,,,6.51,6.51,0,0,0,0
aten::pin_memory,,,4.31,20.0,0,0,0,0
aten::is_pinned,,,15.69,15.69,0,0,0,0
aten::copy_,,,17.0,36.3,0,2.2200625,0,0
acl_memcpy_host_to_device,,,19.3,19.3,2.2200625,2.2200625,0,0
aten::slice,,,5.58,10.97,0,0,0,0
aten::as_strided,,,5.39,5.39,0,0,0,0
aten::lift_fresh,,,1.68,1.68,0,0,0,0
aten::lift_fresh,,,0.93,0.93,0,0,0,0
aten::flatten,,,4.67,11.85,0,0,0,0
aten::view,,,7.18,7.18,0,0,0,0
aten::slice,,,4.18,6.27,0,0,0,0
aten::as_strided,,,2.09,2.09,0,0,0,0
aten::index_select,,,10.38,10.38,0,0,0,0
aten::pin_memory,,,4.53,18.34,0,0,0,0
aten::is_pinned,,,13.81,13.81,0,0,0,0
aten::copy_,,,17.34,39.03,0,2.34003125,0,0
acl_memcpy_host_to_device,,,21.69,21.69,2.34003125,2.34003125,0,0
aten::pin_memory,,,4.61,13.82,0,0,0,0
aten::is_pinned,,,9.21,9.21,0,0,0,0
aten::copy_,,,14.73,30.72,0,2.1600625,0,0
acl_memcpy_host_to_device,,,15.99,15.99,2.1600625,2.1600625,0,0
aten::slice,,,7.16,9.49,0,0,0,0
aten::as_strided,,,2.33,2.33,0,0,0,0
aten::lift_fresh,,,1.13,1.13,0,0,0,0
aten::slice,,,3.54,4.76,0,0,0,0
aten::as_strided,,,1.22,1.22,0,0,0,0
aten::add,,,17.7,17.7,0,0,0,0
aten::slice,,,3.85,5.13,0,0,0,0
aten::as_strided,,,1.28,1.28,0,0,0,0
aten::fill_,,,3.65,3.65,0,0,0,0
aten::slice,,,3.48,9.21,0,0,0,0
aten::as_strided,,,5.73,5.73,0,0,0,0
aten::fill_,,,19.63,36.9,0,1.50003125,0,0
aclnnInplaceFillScalar,,,17.27,17.27,1.50003125,1.50003125,0,0
aten::slice,,,7.08,9.51,0,0,0,0
aten::as_strided,,,2.43,2.43,0,0,0,0
aten::slice,,,3.43,8.95,0,0,0,0
aten::as_strided,,,5.52,5.52,0,0,0,0
aten::pin_memory,,,4.18,19.0,0,0,0,0
aten::is_pinned,,,14.82,14.82,0,0,0,0
aten::copy_,,,16.45,32.12,0,2.42003125,0,0
acl_memcpy_host_to_device,,,15.67,15.67,2.42003125,2.42003125,0,0
aten::slice,,,5.05,9.35,0,0,0,0
aten::as_strided,,,4.3,4.3,0,0,0,0
aten::select,,,4.41,7.54,0,0,0,0
aten::as_strided,,,3.13,3.13,0,0,0,0
aten::copy_,,,73.29,92.8,0,0.6,0,0
aclnnInplaceCopy,,,19.51,19.51,0.6,0.6,0,0
aten::slice,,,7.96,11.11,0,0,0,0
aten::as_strided,,,3.15,3.15,0,0,0,0
aten::detach,,,4.51,4.51,0,0,0,0
aten::to,,,2.22,2.22,0,0,0,0
aten::resolve_conj,,,1.06,1.06,0,0,0,0
aten::resolve_neg,,,0.74,0.74,0,0,0,0
aten::slice,,,5.71,8.77,0,0,0,0
aten::as_strided,,,3.06,3.06,0,0,0,0
aten::slice,,,2.93,8.44,0,0,0,0
aten::as_strided,,,5.51,5.51,0,0,0,0
aten::pin_memory,,,4.42,19.57,0,0,0,0
aten::is_pinned,,,15.15,15.15,0,0,0,0
aten::copy_,,,3.47,3.47,0,0,0,0
aten::slice,,,4.84,6.3,0,0,0,0
aten::as_strided,,,1.46,1.46,0,0,0,0
aten::slice,,,3.05,6.28,0,0,0,0
aten::as_strided,,,3.23,3.23,0,0,0,0
aten::pin_memory,,,3.2,12.41,0,0,0,0
aten::is_pinned,,,9.21,9.21,0,0,0,0
aten::copy_,,,15.87,33.85,0,2.3000625,0,0
acl_memcpy_host_to_device,,,17.98,17.98,2.3000625,2.3000625,0,0
aten::fill_,,,18.59,34.93,0,1.40003125,0,0
aclnnInplaceFillScalar,,,16.34,16.34,1.40003125,1.40003125,0,0
aten::slice,,,7.26,11.42,0,0,0,0
aten::as_strided,,,4.16,4.16,0,0,0,0
aten::slice,,,3.34,5.08,0,0,0,0
aten::as_strided,,,1.74,1.74,0,0,0,0
aten::copy_,,,18.05,30.79,0,2.2000625,0,0
acl_memcpy_host_to_device,,,12.74,12.74,2.2000625,2.2000625,0,0
aten::slice,,,5.69,7.56,0,0,0,0
aten::as_strided,,,1.87,1.87,0,0,0,0
aten::slice,,,3.09,7.12,0,0,0,0
aten::as_strided,,,4.03,4.03,0,0,0,0
aten::pin_memory,,,3.72,14.02,0,0,0,0
aten::is_pinned,,,10.3,10.3,0,0,0,0
aten::copy_,,,14.95,28.9,0,2.4000625,0,0
acl_memcpy_host_to_device,,,13.95,13.95,2.4000625,2.4000625,0,0
aten::slice,,,5.68,10.09,0,0,0,0
aten::as_strided,,,4.41,4.41,0,0,0,0
aten::slice,,,3.37,4.91,0,0,0,0
aten::as_strided,,,1.54,1.54,0,0,0,0
aten::slice,,,2.99,5.67,0,0,0,0
aten::as_strided,,,2.68,2.68,0,0,0,0
aten::pin_memory,,,3.41,12.03,0,0,0,0
aten::is_pinned,,,8.62,8.62,0,0,0,0
aten::copy_,,,13.84,28.62,0,2.28003125,0,0
acl_memcpy_host_to_device,,,14.78,14.78,2.28003125,2.28003125,0,0
aten::slice,,,6.46,9.33,0,0,0,0
aten::as_strided,,,2.87,2.87,0,0,0,0
aten::slice,,,3.07,6.75,0,0,0,0
aten::as_strided,,,3.68,3.68,0,0,0,0
aten::pin_memory,,,3.67,12.32,0,0,0,0
aten::is_pinned,,,8.65,8.65,0,0,0,0
aten::copy_,,,13.26,27.03,0,2.34003125,0,0
acl_memcpy_host_to_device,,,13.77,13.77,2.34003125,2.34003125,0,0
aten::slice,,,4.53,8.55,0,0,0,0
aten::as_strided,,,4.02,4.02,0,0,0,0
aten::index,,,36.79,67.03,0,19.960375,0,0
empty_tensor,,,6.72,6.72,0,0,0,0
empty_tensor,,,8.99,8.99,0,0,0,0
aclnnIndex,,,14.53,14.53,19.960375,19.960375,0,0
aten::to,,,2.82,54.53,0,1.18,0,0
aten::_to_copy,,,6.0,51.71,0,1.18,0,0
aten::empty_strided,,,9.0,13.64,0,0,0,0
empty_tensor,,,4.64,4.64,0,0,0,0
aten::copy_,,,18.16,32.07,0,1.18,0,0
aclnnInplaceCopy,,,13.91,13.91,1.18,1.18,0,0
aten::slice,,,6.21,10.51,0,0,0,0
aten::as_strided,,,4.3,4.3,0,0,0,0
aten::add,,,20.27,41.14,0,2.78003125,0,0
empty_tensor,,,7.42,7.42,0,0,0,0
aclnnAdd,,,13.45,13.45,2.78003125,2.78003125,0,0
aten::slice,,,5.44,9.71,0,0,0,0
aten::as_strided,,,4.27,4.27,0,0,0,0
aten::copy_,,,56.63,70.79,0,0.58,0,0
aclnnInplaceCopy,,,14.16,14.16,0.58,0.58,0,0
aten::slice,,,6.8,11.1,0,0,0,0
aten::as_strided,,,4.3,4.3,0,0,0,0
aten::add,,,19.05,40.32,0,1.60003125,0,0
empty_tensor,,,8.43,8.43,0,0,0,0
aclnnAdd,,,12.84,12.84,1.60003125,1.60003125,0,0
aten::slice,,,5.58,9.95,0,0,0,0
aten::as_strided,,,4.37,4.37,0,0,0,0
aten::copy_,,,51.88,66.0,0,0.6,0,0
aclnnInplaceCopy,,,14.12,14.12,0.6,0.6,0,0
aten::slice,,,6.45,10.72,0,0,0,0
aten::as_strided,,,4.27,4.27,0,0,0,0
aten::fill_,,,15.45,29.1,0,1.52003125,0,0
aclnnInplaceFillScalar,,,13.65,13.65,1.52003125,1.52003125,0,0
aten::slice,,,4.86,8.93,0,0,0,0
aten::as_strided,,,4.07,4.07,0,0,0,0
aten::slice,,,2.61,5.21,0,0,0,0
aten::as_strided,,,2.6,2.6,0,0,0,0
compute_slot_mapping_fused_groups_adaptive_kernel,,,26.86,26.86,21.6404375,21.6404375,0,0
aten::slice,,,9.99,18.17,0,0,0,0
aten::as_strided,,,8.18,8.18,0,0,0,0
aten::sub,,,27.69,60.15,0,1.44003125,0,0
empty_tensor,,,10.84,10.84,0,0,0,0
aten::item,,,2.55,4.28,0,0,0,0
aten::_local_scalar_dense,,,1.73,1.73,0,0,0,0
aclnnSubs,,,17.34,17.34,1.44003125,1.44003125,0,0
aten::detach,,,5.84,5.84,0,0,0,0
aten::to,,,2.14,2.14,0,0,0,0
aten::resolve_conj,,,1.14,1.14,0,0,0,0
aten::resolve_neg,,,0.79,0.79,0,0,0,0
aten::slice,,,7.67,15.18,0,0,0,0
aten::as_strided,,,7.51,7.51,0,0,0,0
aten::slice,,,3.49,7.37,0,0,0,0
aten::as_strided,,,3.88,3.88,0,0,0,0
aten::slice,,,3.32,5.76,0,0,0,0
aten::as_strided,,,2.44,2.44,0,0,0,0
aten::fill_,,,19.66,38.48,0,0,0,0
aclnnInplaceFillScalar,,,18.82,18.82,0,0,0,0
aten::slice,,,5.21,9.48,0,0,0,0
aten::as_strided,,,4.27,4.27,0,0,0,0
aten::fill_,,,13.39,27.85,0,0,0,0
aclnnInplaceFillScalar,,,14.46,14.46,0,0,0,0
aten::slice,,,5.66,8.4,0,0,0,0
aten::as_strided,,,2.74,2.74,0,0,0,0
aten::slice,,,2.88,3.94,0,0,0,0
aten::as_strided,,,1.06,1.06,0,0,0,0
aten::lt,,,13.77,13.77,0,0,0,0
aten::lift_fresh,,,1.03,1.03,0,0,0,0
aten::slice,,,1.65,2.79,0,0,0,0
aten::as_strided,,,1.14,1.14,0,0,0,0
aten::fill_,,,2.56,9.62,0,0,0,0
aten::copy_,,,7.06,7.06,0,0,0,0
aten::slice,,,3.42,5.23,0,0,0,0
aten::as_strided,,,1.81,1.81,0,0,0,0
aten::slice,,,2.77,7.13,0,0,0,0
aten::as_strided,,,4.36,4.36,0,0,0,0
aten::slice,,,2.77,4.52,0,0,0,0
aten::as_strided,,,1.75,1.75,0,0,0,0
aten::slice,,,3.87,6.53,0,0,0,0
aten::as_strided,,,2.66,2.66,0,0,0,0
aten::slice,,,2.14,2.94,0,0,0,0
aten::as_strided,,,0.8,0.8,0,0,0,0
aten::slice,,,2.25,3.22,0,0,0,0
aten::as_strided,,,0.97,0.97,0,0,0,0
aten::slice,,,2.6,5.17,0,0,0,0
aten::as_strided,,,2.57,2.57,0,0,0,0
aten::slice,,,2.78,5.06,0,0,0,0
aten::as_strided,,,2.28,2.28,0,0,0,0
aten::slice,,,2.36,4.41,0,0,0,0
aten::as_strided,,,2.05,2.05,0,0,0,0
aten::slice,,,5.46,11.07,0,0,0,0
aten::as_strided,,,5.61,5.61,0,0,0,0
aten::slice,,,3.03,6.08,0,0,0,0
aten::as_strided,,,3.05,3.05,0,0,0,0
aten::slice,,,3.34,5.95,0,0,0,0
aten::as_strided,,,2.61,2.61,0,0,0,0
aten::to,,,1.79,1.79,0,0,0,0
aten::slice,,,2.54,5.23,0,0,0,0
aten::as_strided,,,2.69,2.69,0,0,0,0
aten::slice,,,2.37,4.76,0,0,0,0
aten::as_strided,,,2.39,2.39,0,0,0,0
aten::slice,,,2.36,3.62,0,0,0,0
aten::as_strided,,,1.26,1.26,0,0,0,0
aten::slice,,,2.89,6.15,0,0,0,0
aten::as_strided,,,3.26,3.26,0,0,0,0
aten::slice,,,4.11,5.66,0,0,0,0
aten::as_strided,,,1.55,1.55,0,0,0,0
aten::slice,,,2.36,3.47,0,0,0,0
aten::as_strided,,,1.11,1.11,0,0,0,0
aten::sub,,,10.38,10.38,0,0,0,0
aten::select,,,3.33,4.59,0,0,0,0
aten::as_strided,,,1.26,1.26,0,0,0,0
aten::item,,,1.88,3.31,0,0,0,0
aten::_local_scalar_dense,,,1.43,1.43,0,0,0,0
aten::gt,,,13.46,45.81,0,0,0,0
aten::to,,,1.86,32.35,0,0,0,0
aten::_to_copy,,,19.95,30.49,0,0,0,0
aten::empty_strided,,,3.67,3.67,0,0,0,0
aten::copy_,,,6.87,6.87,0,0,0,0
aten::any,,,12.44,15.03,0,0,0,0
aten::as_strided,,,1.41,1.41,0,0,0,0
aten::fill_,,,1.18,1.18,0,0,0,0
aten::is_nonzero,,,1.74,4.4,0,0,0,0
aten::item,,,1.25,2.66,0,0,0,0
aten::_local_scalar_dense,,,1.41,1.41,0,0,0,0
aten::to,,,1.27,10.55,0,0,0,0
aten::_to_copy,,,3.0,9.28,0,0,0,0
aten::empty_strided,,,2.04,2.04,0,0,0,0
aten::copy_,,,4.24,4.24,0,0,0,0
aten::argmax,,,12.5,14.14,0,0,0,0
aten::as_strided,,,1.64,1.64,0,0,0,0
aten::item,,,1.24,2.16,0,0,0,0
aten::_local_scalar_dense,,,0.92,0.92,0,0,0,0
aten::select,,,5.18,6.57,0,0,0,0
aten::as_strided,,,1.39,1.39,0,0,0,0
aten::item,,,1.08,1.89,0,0,0,0
aten::_local_scalar_dense,,,0.81,0.81,0,0,0,0
aten::slice,,,2.79,7.8,0,0,0,0
aten::as_strided,,,5.01,5.01,0,0,0,0
aten::alias,,,4.69,4.69,0,0,0,0
aten::div,,,36.34,62.41,0,8.2601875,0,0
aten::item,,,1.53,2.73,0,0,0,0
aten::_local_scalar_dense,,,1.2,1.2,0,0,0,0
aclnnDivMods,,,23.34,23.34,8.2601875,8.2601875,0,0
aten::slice,,,3.93,9.76,0,0,0,0
aten::as_strided,,,5.83,5.83,0,0,0,0
aten::slice,,,4.48,6.93,0,0,0,0
aten::as_strided,,,2.45,2.45,0,0,0,0
aten::copy_,,,66.72,88.72,0,0.74003125,0,0
aclnnInplaceCopy,,,22.0,22.0,0.74003125,0.74003125,0,0
aten::slice,,,3.42,7.56,0,0,0,0
aten::as_strided,,,4.14,4.14,0,0,0,0
aten::slice,,,4.92,7.69,0,0,0,0
aten::as_strided,,,2.77,2.77,0,0,0,0
aten::ge,,,23.06,52.84,0,4.50009375,0,0
empty_tensor,,,11.86,11.86,0,0,0,0
aclnnGeScalar,,,17.92,17.92,4.50009375,4.50009375,0,0
aten::add,,,38.93,70.76,0,3.3600625,0,0
empty_tensor,,,12.36,12.36,0,0,0,0
aten::item,,,2.25,4.18,0,0,0,0
aten::_local_scalar_dense,,,1.93,1.93,0,0,0,0
aclnnAdds,,,15.29,15.29,3.3600625,3.3600625,0,0
aten::remainder,,,26.82,53.77,0,8.44015625,0,0
empty_tensor,,,17.59,17.59,0,0,0,0
aclnnRemainderTensorScalar,,,9.36,9.36,8.44015625,8.44015625,0,0
aten::eq,,,14.99,40.77,0,2.50003125,0,0
empty_tensor,,,9.02,9.02,0,0,0,0
aclnnEqScalar,,,16.76,16.76,2.50003125,2.50003125,0,0
aten::__and__,,,4.7,45.66,0,1.62003125,0,0
aten::bitwise_and,,,18.32,40.96,0,1.62003125,0,0
empty_tensor,,,7.6,7.6,0,0,0,0
aclnnBitwiseAndTensor,,,15.04,15.04,1.62003125,1.62003125,0,0
aten::clamp_min,,,13.98,34.24,0,2.9400625,0,0
empty_tensor,,,6.07,6.07,0,0,0,0
aclnnClampMin,,,14.19,14.19,2.9400625,2.9400625,0,0
aten::div,,,22.95,49.02,0,8.64015625,0,0
empty_tensor,,,9.93,9.93,0,0,0,0
aten::item,,,1.85,3.25,0,0,0,0
aten::_local_scalar_dense,,,1.4,1.4,0,0,0,0
aclnnDivMods,,,12.89,12.89,8.64015625,8.64015625,0,0
aten::remainder,,,20.41,39.57,0,5.020125,0,0
empty_tensor,,,7.67,7.67,0,0,0,0
aclnnRemainderTensorScalar,,,11.49,11.49,5.020125,5.020125,0,0
aten::mul,,,17.85,38.52,0,1.52003125,0,0
empty_tensor,,,6.17,6.17,0,0,0,0
aten::item,,,1.73,2.89,0,0,0,0
aten::_local_scalar_dense,,,1.16,1.16,0,0,0,0
aclnnMuls,,,11.61,11.61,1.52003125,1.52003125,0,0
aten::div,,,20.61,41.88,0,8.58015625,0,0
empty_tensor,,,6.59,6.59,0,0,0,0
aten::item,,,1.53,3.21,0,0,0,0
aten::_local_scalar_dense,,,1.68,1.68,0,0,0,0
aclnnDivMods,,,11.47,11.47,8.58015625,8.58015625,0,0
aten::add,,,17.23,34.52,0,1.36,0,0
empty_tensor,,,6.32,6.32,0,0,0,0
aclnnAdd,,,10.97,10.97,1.36,1.36,0,0
aten::full_like,,,4.75,45.07,0,1.50003125,0,0
aten::empty_like,,,6.34,19.0,0,0,0,0
aten::empty_strided,,,7.75,12.66,0,0,0,0
empty_tensor,,,4.91,4.91,0,0,0,0
aten::fill_,,,10.69,21.32,0,1.50003125,0,0
aclnnInplaceFillScalar,,,10.63,10.63,1.50003125,1.50003125,0,0
aten::where,,,14.37,31.5,0,2.2600625,0,0
empty_tensor,,,6.12,6.12,0,0,0,0
aclnnSWhere,,,11.01,11.01,2.2600625,2.2600625,0,0
aten::copy_,,,15.09,25.98,0,1.3,0,0
aclnnInplaceCopy,,,10.89,10.89,1.3,1.3,0,0
aten::slice,,,3.75,8.8,0,0,0,0
aten::as_strided,,,5.05,5.05,0,0,0,0
aten::slice,,,5.85,8.7,0,0,0,0
aten::as_strided,,,2.85,2.85,0,0,0,0
aten::div,,,25.75,44.92,0,4.36009375,0,0
aten::item,,,1.83,3.07,0,0,0,0
aten::_local_scalar_dense,,,1.24,1.24,0,0,0,0
aclnnDivMods,,,16.1,16.1,4.36009375,4.36009375,0,0
aten::slice,,,2.7,7.13,0,0,0,0
aten::as_strided,,,4.43,4.43,0,0,0,0
aten::slice,,,4.71,8.49,0,0,0,0
aten::as_strided,,,3.78,3.78,0,0,0,0
aten::slice,,,2.45,5.05,0,0,0,0
aten::as_strided,,,2.6,2.6,0,0,0,0
aten::copy_,,,61.67,77.77,0,0.56003125,0,0
aclnnInplaceCopy,,,16.1,16.1,0.56003125,0.56003125,0,0
aten::slice,,,3.23,7.85,0,0,0,0
aten::as_strided,,,4.62,4.62,0,0,0,0
aten::slice,,,4.82,7.97,0,0,0,0
aten::as_strided,,,3.15,3.15,0,0,0,0
aten::copy_,,,51.57,66.62,0,0.62,0,0
aclnnInplaceCopy,,,15.05,15.05,0.62,0.62,0,0
aten::slice,,,5.83,8.66,0,0,0,0
aten::as_strided,,,2.83,2.83,0,0,0,0
aten::div,,,13.59,30.88,0,0,0,0
aten::to,,,2.48,17.29,0,0,0,0
aten::_to_copy,,,4.7,14.81,0,0,0,0
aten::empty_strided,,,3.12,3.12,0,0,0,0
aten::copy_,,,6.99,6.99,0,0,0,0
aten::slice,,,4.0,9.01,0,0,0,0
aten::as_strided,,,5.01,5.01,0,0,0,0
aten::slice,,,6.14,11.67,0,0,0,0
aten::as_strided,,,5.53,5.53,0,0,0,0
aten::slice,,,3.77,7.68,0,0,0,0
aten::as_strided,,,3.91,3.91,0,0,0,0
aten::slice,,,2.47,4.76,0,0,0,0
aten::as_strided,,,2.29,2.29,0,0,0,0
aten::fill_,,,18.87,40.68,0,0,0,0
aclnnInplaceFillScalar,,,21.81,21.81,0,0,0,0
aten::slice,,,4.62,8.85,0,0,0,0
aten::as_strided,,,4.23,4.23,0,0,0,0
aten::fill_,,,14.41,27.92,0,0,0,0
aclnnInplaceFillScalar,,,13.51,13.51,0,0,0,0
aten::slice,,,6.09,11.51,0,0,0,0
aten::as_strided,,,5.42,5.42,0,0,0,0
aten::slice,,,3.21,5.98,0,0,0,0
aten::as_strided,,,2.77,2.77,0,0,0,0
aten::slice,,,6.19,9.08,0,0,0,0
aten::as_strided,,,2.89,2.89,0,0,0,0
aten::slice,,,2.83,6.61,0,0,0,0
aten::as_strided,,,3.78,3.78,0,0,0,0
aten::slice,,,3.03,6.5,0,0,0,0
aten::as_strided,,,3.47,3.47,0,0,0,0
aten::slice,,,3.04,5.59,0,0,0,0
aten::as_strided,,,2.55,2.55,0,0,0,0
aten::slice,,,2.64,4.94,0,0,0,0
aten::as_strided,,,2.3,2.3,0,0,0,0
aten::fill_,,,15.16,34.44,0,0,0,0
aclnnInplaceFillScalar,,,19.28,19.28,0,0,0,0
aten::slice,,,4.72,8.67,0,0,0,0
aten::as_strided,,,3.95,3.95,0,0,0,0
aten::fill_,,,12.07,23.46,0,0,0,0
aclnnInplaceFillScalar,,,11.39,11.39,0,0,0,0
aten::diff,,,8.26,37.08,0,0,0,0
aten::narrow,,,6.93,12.01,0,0,0,0
aten::slice,,,2.28,5.08,0,0,0,0
aten::as_strided,,,2.8,2.8,0,0,0,0
aten::narrow,,,2.28,4.6,0,0,0,0
aten::slice,,,1.22,2.32,0,0,0,0
aten::as_strided,,,1.1,1.1,0,0,0,0
aten::sub,,,12.21,12.21,0,0,0,0
aten::eq,,,13.79,29.35,0,0,0,0
aten::to,,,2.09,15.56,0,0,0,0
aten::_to_copy,,,4.58,13.47,0,0,0,0
aten::empty_strided,,,3.02,3.02,0,0,0,0
aten::copy_,,,5.87,5.87,0,0,0,0
aten::__and__,,,2.02,7.26,0,0,0,0
aten::bitwise_and,,,5.24,5.24,0,0,0,0
aten::gt,,,7.9,17.81,0,0,0,0
aten::to,,,1.18,9.91,0,0,0,0
aten::_to_copy,,,2.82,8.73,0,0,0,0
aten::empty_strided,,,2.65,2.65,0,0,0,0
aten::copy_,,,3.26,3.26,0,0,0,0
aten::__and__,,,1.42,4.82,0,0,0,0
aten::bitwise_and,,,3.4,3.4,0,0,0,0
aten::any,,,9.21,11.84,0,0,0,0
aten::as_strided,,,1.51,1.51,0,0,0,0
aten::fill_,,,1.12,1.12,0,0,0,0
aten::item,,,2.0,3.18,0,0,0,0
aten::_local_scalar_dense,,,1.18,1.18,0,0,0,0
aten::slice,,,4.71,6.25,0,0,0,0
aten::as_strided,,,1.54,1.54,0,0,0,0
aten::slice,,,2.53,3.33,0,0,0,0
aten::as_strided,,,0.8,0.8,0,0,0,0
aten::sub,,,5.44,5.44,0,0,0,0
aten::select,,,3.28,4.62,0,0,0,0
aten::as_strided,,,1.34,1.34,0,0,0,0
aten::item,,,1.41,2.62,0,0,0,0
aten::_local_scalar_dense,,,1.21,1.21,0,0,0,0
aten::gt,,,8.11,17.38,0,0,0,0
aten::to,,,1.24,9.27,0,0,0,0
aten::_to_copy,,,2.79,8.03,0,0,0,0
aten::empty_strided,,,1.88,1.88,0,0,0,0
aten::copy_,,,3.36,3.36,0,0,0,0
aten::__ior__,,,2.15,7.29,0,0,0,0
aten::bitwise_or_,,,5.14,5.14,0,0,0,0
aten::any,,,7.0,8.92,0,0,0,0
aten::as_strided,,,1.16,1.16,0,0,0,0
aten::fill_,,,0.76,0.76,0,0,0,0
aten::is_nonzero,,,1.35,4.43,0,0,0,0
aten::item,,,2.18,3.08,0,0,0,0
aten::_local_scalar_dense,,,0.9,0.9,0,0,0,0
aten::to,,,1.0,8.87,0,0,0,0
aten::_to_copy,,,2.47,7.87,0,0,0,0
aten::empty_strided,,,2.0,2.0,0,0,0,0
aten::copy_,,,3.4,3.4,0,0,0,0
aten::argmax,,,9.19,10.33,0,0,0,0
aten::as_strided,,,1.14,1.14,0,0,0,0
aten::item,,,1.32,2.22,0,0,0,0
aten::_local_scalar_dense,,,0.9,0.9,0,0,0,0
aten::select,,,4.23,5.51,0,0,0,0
aten::as_strided,,,1.28,1.28,0,0,0,0
aten::item,,,1.14,1.88,0,0,0,0
aten::_local_scalar_dense,,,0.74,0.74,0,0,0,0
aten::select,,,3.89,9.85,0,0,0,0
aten::as_strided,,,5.96,5.96,0,0,0,0
aten::slice,,,4.18,7.04,0,0,0,0
aten::as_strided,,,2.86,2.86,0,0,0,0
aten::sub,,,25.3,61.76,0,1.48003125,0,0
empty_tensor,,,10.9,10.9,0,0,0,0
aten::item,,,1.47,2.3,0,0,0,0
aten::_local_scalar_dense,,,0.83,0.83,0,0,0,0
aclnnSubs,,,23.26,23.26,1.48003125,1.48003125,0,0
aten::slice,,,5.07,7.59,0,0,0,0
aten::as_strided,,,2.52,2.52,0,0,0,0
aten::sub,,,9.08,21.79,0,0,0,0
aten::to,,,1.66,12.71,0,0,0,0
aten::_to_copy,,,3.82,11.05,0,0,0,0
aten::empty_strided,,,2.32,2.32,0,0,0,0
aten::copy_,,,4.91,4.91,0,0,0,0
aten::slice,,,3.62,8.47,0,0,0,0
aten::as_strided,,,4.85,4.85,0,0,0,0
aten::slice,,,2.65,4.37,0,0,0,0
aten::as_strided,,,1.72,1.72,0,0,0,0
aten::slice,,,1.26,2.06,0,0,0,0
aten::as_strided,,,0.8,0.8,0,0,0,0
aten::sub,,,6.12,6.12,0,0,0,0
aten::add,,,6.99,17.64,0,0,0,0
aten::to,,,1.41,10.65,0,0,0,0
aten::_to_copy,,,2.95,9.24,0,0,0,0
aten::empty_strided,,,2.64,2.64,0,0,0,0
aten::copy_,,,3.65,3.65,0,0,0,0
aten::sub,,,5.35,12.45,0,0,0,0
aten::to,,,1.05,7.1,0,0,0,0
aten::_to_copy,,,2.32,6.05,0,0,0,0
aten::empty_strided,,,1.35,1.35,0,0,0,0
aten::copy_,,,2.38,2.38,0,0,0,0
aten::floor_divide,,,7.72,18.42,0,0,0,0
aten::to,,,0.98,8.21,0,0,0,0
aten::_to_copy,,,2.44,7.23,0,0,0,0
aten::empty_strided,,,2.22,2.22,0,0,0,0
aten::copy_,,,2.57,2.57,0,0,0,0
aten::empty,,,2.49,2.49,0,0,0,0
aten::resolve_conj,,,1.33,1.33,0,0,0,0
aten::resolve_neg,,,0.47,0.47,0,0,0,0
aten::arange,,,5.56,19.39,0,0,0,0
aten::empty,,,1.47,1.47,0,0,0,0
aten::arange,,,9.4,12.36,0,0,0,0
aten::resize_,,,2.96,2.96,0,0,0,0
aten::arange,,,2.39,8.06,0,0,0,0
aten::empty,,,1.21,1.21,0,0,0,0
aten::arange,,,3.23,4.46,0,0,0,0
aten::resize_,,,1.23,1.23,0,0,0,0
aten::cat,,,8.56,8.56,0,0,0,0
aten::eq,,,7.3,7.3,0,0,0,0
aten::cumsum,,,8.79,18.41,0,0,0,0
aten::to,,,1.06,9.62,0,0,0,0
aten::_to_copy,,,2.77,8.56,0,0,0,0
aten::empty_strided,,,2.01,2.01,0,0,0,0
aten::copy_,,,3.78,3.78,0,0,0,0
aten::sub,,,4.47,4.47,0,0,0,0
aten::stack,,,4.62,28.91,0,0,0,0
aten::unsqueeze,,,2.88,4.92,0,0,0,0
aten::as_strided,,,2.04,2.04,0,0,0,0
aten::unsqueeze,,,0.93,1.7,0,0,0,0
aten::as_strided,,,0.77,0.77,0,0,0,0
aten::cat,,,10.8,17.67,0,0,0,0
aten::narrow,,,2.92,6.87,0,0,0,0
aten::slice,,,1.67,3.95,0,0,0,0
aten::as_strided,,,2.28,2.28,0,0,0,0
aten::to,,,2.38,10.66,0,0,0,0
aten::_to_copy,,,2.75,8.28,0,0,0,0
aten::empty_strided,,,2.03,2.03,0,0,0,0
aten::copy_,,,3.5,3.5,0,0,0,0
aten::empty,,,2.35,2.35,0,0,0,0
aten::to,,,0.62,0.62,0,0,0,0
aten::lift_fresh,,,0.9,0.9,0,0,0,0
aten::detach_,,,0.64,0.64,0,0,0,0
aten::slice,,,1.94,3.24,0,0,0,0
aten::as_strided,,,1.3,1.3,0,0,0,0
aten::slice,,,1.05,1.65,0,0,0,0
aten::as_strided,,,0.6,0.6,0,0,0,0
aten::sub,,,4.75,4.75,0,0,0,0
aten::add,,,5.74,13.92,0,0,0,0
aten::to,,,0.95,8.18,0,0,0,0
aten::_to_copy,,,2.48,7.23,0,0,0,0
aten::empty_strided,,,2.0,2.0,0,0,0,0
aten::copy_,,,2.75,2.75,0,0,0,0
aten::sub,,,4.83,11.77,0,0,0,0
aten::to,,,0.74,6.94,0,0,0,0
aten::_to_copy,,,2.24,6.2,0,0,0,0
aten::empty_strided,,,1.49,1.49,0,0,0,0
aten::copy_,,,2.47,2.47,0,0,0,0
aten::floor_divide,,,5.96,14.66,0,0,0,0
aten::to,,,0.96,7.4,0,0,0,0
aten::_to_copy,,,2.67,6.44,0,0,0,0
aten::empty_strided,,,1.54,1.54,0,0,0,0
aten::copy_,,,2.23,2.23,0,0,0,0
aten::empty,,,1.3,1.3,0,0,0,0
aten::cat,,,4.56,4.56,0,0,0,0
aten::cumsum,,,6.27,16.4,0,0,0,0
aten::to,,,1.03,10.13,0,0,0,0
aten::_to_copy,,,2.42,9.1,0,0,0,0
aten::empty_strided,,,2.72,2.72,0,0,0,0
aten::copy_,,,3.96,3.96,0,0,0,0
aten::empty,,,1.9,1.9,0,0,0,0
aten::to,,,0.66,0.66,0,0,0,0
aten::lift_fresh,,,0.78,0.78,0,0,0,0
aten::detach_,,,0.46,0.46,0,0,0,0
aten::slice,,,2.11,3.45,0,0,0,0
aten::as_strided,,,1.34,1.34,0,0,0,0
aten::slice,,,1.42,2.27,0,0,0,0
aten::as_strided,,,0.85,0.85,0,0,0,0
aten::sub,,,4.4,4.4,0,0,0,0
aten::add,,,5.08,13.96,0,0,0,0
aten::to,,,1.44,8.88,0,0,0,0
aten::_to_copy,,,2.64,7.44,0,0,0,0
aten::empty_strided,,,2.23,2.23,0,0,0,0
aten::copy_,,,2.57,2.57,0,0,0,0
aten::sub,,,4.78,11.24,0,0,0,0
aten::to,,,0.89,6.46,0,0,0,0
aten::_to_copy,,,2.04,5.57,0,0,0,0
aten::empty_strided,,,1.34,1.34,0,0,0,0
aten::copy_,,,2.19,2.19,0,0,0,0
aten::floor_divide,,,5.11,13.63,0,0,0,0
aten::to,,,1.01,7.25,0,0,0,0
aten::_to_copy,,,2.28,6.24,0,0,0,0
aten::empty_strided,,,1.43,1.43,0,0,0,0
aten::copy_,,,2.53,2.53,0,0,0,0
aten::empty,,,1.27,1.27,0,0,0,0
aten::add,,,4.32,11.5,0,0,0,0
aten::to,,,0.92,7.18,0,0,0,0
aten::_to_copy,,,2.34,6.26,0,0,0,0
aten::empty_strided,,,1.81,1.81,0,0,0,0
aten::copy_,,,2.11,2.11,0,0,0,0
aten::cat,,,3.87,3.87,0,0,0,0
aten::cumsum,,,5.38,13.1,0,0,0,0
aten::to,,,0.99,7.72,0,0,0,0
aten::_to_copy,,,2.52,6.73,0,0,0,0
aten::empty_strided,,,1.39,1.39,0,0,0,0
aten::copy_,,,2.82,2.82,0,0,0,0
aten::slice,,,1.99,3.33,0,0,0,0
aten::as_strided,,,1.34,1.34,0,0,0,0
aten::slice,,,1.14,1.95,0,0,0,0
aten::as_strided,,,0.81,0.81,0,0,0,0
aten::sub,,,4.02,4.02,0,0,0,0
aten::add,,,4.46,11.74,0,0,0,0
aten::to,,,0.87,7.28,0,0,0,0
aten::_to_copy,,,2.23,6.41,0,0,0,0
aten::empty_strided,,,1.67,1.67,0,0,0,0
aten::copy_,,,2.51,2.51,0,0,0,0
aten::sub,,,4.19,10.62,0,0,0,0
aten::to,,,0.79,6.43,0,0,0,0
aten::_to_copy,,,2.14,5.64,0,0,0,0
aten::empty_strided,,,1.31,1.31,0,0,0,0
aten::copy_,,,2.19,2.19,0,0,0,0
aten::floor_divide,,,5.24,14.25,0,0,0,0
aten::to,,,1.03,7.77,0,0,0,0
aten::_to_copy,,,2.3,6.74,0,0,0,0
aten::empty_strided,,,1.85,1.85,0,0,0,0
aten::copy_,,,2.59,2.59,0,0,0,0
aten::empty,,,1.24,1.24,0,0,0,0
aten::add,,,4.27,11.75,0,0,0,0
aten::to,,,0.98,7.48,0,0,0,0
aten::_to_copy,,,2.21,6.5,0,0,0,0
aten::empty_strided,,,1.83,1.83,0,0,0,0
aten::copy_,,,2.46,2.46,0,0,0,0
aten::cumsum,,,4.78,11.95,0,0,0,0
aten::to,,,0.94,7.17,0,0,0,0
aten::_to_copy,,,2.01,6.23,0,0,0,0
aten::empty_strided,,,1.63,1.63,0,0,0,0
aten::copy_,,,2.59,2.59,0,0,0,0
aten::sub,,,3.27,3.27,0,0,0,0
aten::slice,,,1.99,3.13,0,0,0,0
aten::as_strided,,,1.14,1.14,0,0,0,0
aten::slice,,,1.16,1.94,0,0,0,0
aten::as_strided,,,0.78,0.78,0,0,0,0
aten::sub,,,3.57,3.57,0,0,0,0
aten::add,,,4.53,12.6,0,0,0,0
aten::to,,,1.19,8.07,0,0,0,0
aten::_to_copy,,,2.59,6.88,0,0,0,0
aten::empty_strided,,,1.7,1.7,0,0,0,0
aten::copy_,,,2.59,2.59,0,0,0,0
aten::sub,,,4.53,11.24,0,0,0,0
aten::to,,,0.86,6.71,0,0,0,0
aten::_to_copy,,,2.23,5.85,0,0,0,0
aten::empty_strided,,,1.57,1.57,0,0,0,0
aten::copy_,,,2.05,2.05,0,0,0,0
aten::floor_divide,,,4.96,13.42,0,0,0,0
aten::to,,,0.91,7.03,0,0,0,0
aten::_to_copy,,,2.18,6.12,0,0,0,0
aten::empty_strided,,,1.65,1.65,0,0,0,0
aten::copy_,,,2.29,2.29,0,0,0,0
aten::empty,,,1.43,1.43,0,0,0,0
aten::resolve_conj,,,1.12,1.12,0,0,0,0
aten::resolve_neg,,,0.64,0.64,0,0,0,0
aten::arange,,,3.8,13.78,0,0,0,0
aten::empty,,,1.9,1.9,0,0,0,0
aten::arange,,,6.17,8.08,0,0,0,0
aten::resize_,,,1.91,1.91,0,0,0,0
aten::arange,,,2.78,9.17,0,0,0,0
aten::empty,,,1.7,1.7,0,0,0,0
aten::arange,,,3.44,4.69,0,0,0,0
aten::resize_,,,1.25,1.25,0,0,0,0
aten::cat,,,4.51,4.51,0,0,0,0
aten::eq,,,6.54,6.54,0,0,0,0
aten::cumsum,,,5.41,14.36,0,0,0,0
aten::to,,,1.05,8.95,0,0,0,0
aten::_to_copy,,,2.54,7.9,0,0,0,0
aten::empty_strided,,,2.13,2.13,0,0,0,0
aten::copy_,,,3.23,3.23,0,0,0,0
aten::sub,,,3.78,3.78,0,0,0,0
aten::stack,,,3.66,24.61,0,0,0,0
aten::unsqueeze,,,2.2,4.13,0,0,0,0
aten::as_strided,,,1.93,1.93,0,0,0,0
aten::unsqueeze,,,1.08,1.99,0,0,0,0
aten::as_strided,,,0.91,0.91,0,0,0,0
aten::cat,,,8.78,14.83,0,0,0,0
aten::narrow,,,2.55,6.05,0,0,0,0
aten::slice,,,1.68,3.5,0,0,0,0
aten::as_strided,,,1.82,1.82,0,0,0,0
aten::to,,,1.59,9.62,0,0,0,0
aten::_to_copy,,,2.65,8.03,0,0,0,0
aten::empty_strided,,,2.14,2.14,0,0,0,0
aten::copy_,,,3.24,3.24,0,0,0,0
aten::slice,,,1.92,3.18,0,0,0,0
aten::as_strided,,,1.26,1.26,0,0,0,0
aten::slice,,,1.18,1.94,0,0,0,0
aten::as_strided,,,0.76,0.76,0,0,0,0
aten::sub,,,4.14,4.14,0,0,0,0
aten::add,,,4.89,12.31,0,0,0,0
aten::to,,,0.92,7.42,0,0,0,0
aten::_to_copy,,,2.39,6.5,0,0,0,0
aten::empty_strided,,,1.65,1.65,0,0,0,0
aten::copy_,,,2.46,2.46,0,0,0,0
aten::sub,,,4.26,11.59,0,0,0,0
aten::to,,,1.23,7.33,0,0,0,0
aten::_to_copy,,,2.21,6.1,0,0,0,0
aten::empty_strided,,,1.74,1.74,0,0,0,0
aten::copy_,,,2.15,2.15,0,0,0,0
aten::floor_divide,,,5.61,14.59,0,0,0,0
aten::to,,,0.92,7.31,0,0,0,0
aten::_to_copy,,,2.4,6.39,0,0,0,0
aten::empty_strided,,,1.64,1.64,0,0,0,0
aten::copy_,,,2.35,2.35,0,0,0,0
aten::empty,,,1.67,1.67,0,0,0,0
aten::resolve_conj,,,15.07,15.07,0,0,0,0
aten::resolve_neg,,,0.49,0.49,0,0,0,0
aten::arange,,,3.47,12.35,0,0,0,0
aten::empty,,,1.76,1.76,0,0,0,0
aten::arange,,,5.27,7.12,0,0,0,0
aten::resize_,,,1.85,1.85,0,0,0,0
aten::arange,,,2.16,7.76,0,0,0,0
aten::empty,,,1.29,1.29,0,0,0,0
aten::arange,,,3.3,4.31,0,0,0,0
aten::resize_,,,1.01,1.01,0,0,0,0
aten::cat,,,10.33,10.33,0,0,0,0
aten::eq,,,10.13,10.13,0,0,0,0
aten::cumsum,,,6.47,16.26,0,0,0,0
aten::to,,,0.93,9.79,0,0,0,0
aten::_to_copy,,,2.71,8.86,0,0,0,0
aten::empty_strided,,,2.54,2.54,0,0,0,0
aten::copy_,,,3.61,3.61,0,0,0,0
aten::sub,,,4.09,4.09,0,0,0,0
aten::stack,,,3.24,26.05,0,0,0,0
aten::unsqueeze,,,1.75,3.66,0,0,0,0
aten::as_strided,,,1.91,1.91,0,0,0,0
aten::unsqueeze,,,1.01,5.16,0,0,0,0
aten::as_strided,,,4.15,4.15,0,0,0,0
aten::cat,,,8.15,13.99,0,0,0,0
aten::narrow,,,2.25,5.84,0,0,0,0
aten::slice,,,1.68,3.59,0,0,0,0
aten::as_strided,,,1.91,1.91,0,0,0,0
aten::to,,,1.42,10.19,0,0,0,0
aten::_to_copy,,,3.03,8.77,0,0,0,0
aten::empty_strided,,,2.14,2.14,0,0,0,0
aten::copy_,,,3.6,3.6,0,0,0,0
aten::to,,,1.44,12.29,0,0,0,0
aten::_to_copy,,,5.65,10.85,0,0,0,0
aten::empty_strided,,,2.24,2.24,0,0,0,0
aten::copy_,,,2.96,2.96,0,0,0,0
aten::reshape,,,2.22,4.66,0,0,0,0
aten::view,,,2.44,2.44,0,0,0,0
aten::resolve_conj,,,0.91,0.91,0,0,0,0
aten::resolve_neg,,,0.42,0.42,0,0,0,0
aten::empty,,,3.13,3.13,0,0,0,0
aten::to,,,0.75,0.75,0,0,0,0
aten::lift_fresh,,,0.72,0.72,0,0,0,0
aten::detach_,,,0.57,0.57,0,0,0,0
aten::slice,,,6.04,7.78,0,0,0,0
aten::as_strided,,,1.74,1.74,0,0,0,0
aten::slice,,,1.31,2.26,0,0,0,0
aten::as_strided,,,0.95,0.95,0,0,0,0
aten::sub,,,6.44,6.44,0,0,0,0
aten::gt,,,7.32,7.32,0,0,0,0
aten::all,,,11.83,14.56,0,0,0,0
aten::as_strided,,,1.67,1.67,0,0,0,0
aten::fill_,,,1.06,1.06,0,0,0,0
aten::is_nonzero,,,1.82,21.01,0,0,0,0
aten::item,,,2.03,19.19,0,0,0,0
aten::_local_scalar_dense,,,17.16,17.16,0,0,0,0
aten::to,,,1.67,13.48,0,0,0,0
aten::_to_copy,,,3.61,11.81,0,0,0,0
aten::empty_strided,,,3.4,3.4,0,0,0,0
aten::copy_,,,4.8,4.8,0,0,0,0
aten::reshape,,,1.7,3.78,0,0,0,0
aten::view,,,2.08,2.08,0,0,0,0
aten::resolve_conj,,,0.73,0.73,0,0,0,0
aten::resolve_neg,,,0.69,0.69,0,0,0,0
aten::to,,,2.52,181.86,0,0,0,0
aten::_to_copy,,,10.4,179.34,0,0,0,0
aten::empty_strided,,,12.33,20.35,0,0,0,0
empty_tensor,,,8.02,8.02,0,0,0,0
aten::copy_,,,126.53,148.59,0,0,0,0
acl_memcpy_host_to_device,,,22.06,22.06,0,0,0,0
aten::to,,,18.27,131.23,0,0,0,0
aten::_to_copy,,,5.85,112.96,0,0,0,0
aten::empty_strided,,,10.8,17.02,0,0,0,0
empty_tensor,,,6.22,6.22,0,0,0,0
aten::copy_,,,67.75,90.09,0,0,0,0
acl_memcpy_host_to_device,,,22.34,22.34,0,0,0,0
aten::to,,,3.2,119.92,0,0,0,0
aten::_to_copy,,,5.3,116.72,0,0,0,0
aten::empty_strided,,,9.65,23.64,0,0,0,0
empty_tensor,,,13.99,13.99,0,0,0,0
aten::copy_,,,53.67,87.78,0,0,0,0
acl_memcpy_host_to_device,,,34.11,34.11,0,0,0,0
aten::to,,,3.01,103.4,0,0,0,0
aten::_to_copy,,,5.66,100.39,0,0,0,0
aten::empty_strided,,,8.69,15.95,0,0,0,0
empty_tensor,,,7.26,7.26,0,0,0,0
aten::copy_,,,60.96,78.78,0,0,0,0
acl_memcpy_host_to_device,,,17.82,17.82,0,0,0,0
aten::to,,,2.91,114.24,0,0,0,0
aten::_to_copy,,,5.2,111.33,0,0,0,0
aten::empty_strided,,,8.67,27.07,0,0,0,0
empty_tensor,,,18.4,18.4,0,0,0,0
aten::copy_,,,63.69,79.06,0,0,0,0
acl_memcpy_host_to_device,,,15.37,15.37,0,0,0,0
aten::to,,,3.39,90.72,0,0,0,0
aten::_to_copy,,,5.14,87.33,0,0,0,0
aten::empty_strided,,,8.09,13.86,0,0,0,0
empty_tensor,,,5.77,5.77,0,0,0,0
aten::copy_,,,55.55,68.33,0,0,0,0
acl_memcpy_host_to_device,,,12.78,12.78,0,0,0,0
aten::slice,,,9.16,16.1,0,0,0,0
aten::as_strided,,,6.94,6.94,0,0,0,0
aten::slice,,,3.63,6.28,0,0,0,0
aten::as_strided,,,2.65,2.65,0,0,0,0
aten::sub,,,23.52,53.24,0,1.46003125,0,0
empty_tensor,,,9.64,9.64,0,0,0,0
aclnnSub,,,20.08,20.08,1.46003125,1.46003125,0,0
aten::sub,,,17.12,28.12,0,1.28003125,0,0
empty_tensor,,,7.52,7.52,0,0,0,0
aclnnSub,,,3.48,3.48,1.28003125,1.28003125,0,0
aten::gt,,,17.75,27.62,0,4.16009375,0,0
empty_tensor,,,6.43,6.43,0,0,0,0
aclnnGtScalar,,,3.44,3.44,4.16009375,4.16009375,0,0
aten::slice,,,3.12,7.67,0,0,0,0
aten::as_strided,,,4.55,4.55,0,0,0,0
aten::slice,,,6.87,11.06,0,0,0,0
aten::as_strided,,,4.19,4.19,0,0,0,0
aten::slice,,,3.86,7.89,0,0,0,0
aten::as_strided,,,4.03,4.03,0,0,0,0
aten::slice,,,3.26,6.0,0,0,0,0
aten::as_strided,,,2.74,2.74,0,0,0,0
aten::empty_like,,,5.24,18.55,0,0,0,0
aten::empty_strided,,,9.18,13.31,0,0,0,0
empty_tensor,,,4.13,4.13,0,0,0,0
aten::slice,,,1.9,4.74,0,0,0,0
aten::as_strided,,,2.84,2.84,0,0,0,0
aten::slice,,,3.52,6.03,0,0,0,0
aten::as_strided,,,2.51,2.51,0,0,0,0
aten::copy_,,,84.99,104.53,0,0.5,0,0
aclnnInplaceCopy,,,19.54,19.54,0.5,0.5,0,0
aten::slice,,,6.89,11.46,0,0,0,0
aten::as_strided,,,4.57,4.57,0,0,0,0
aten::slice,,,2.71,5.27,0,0,0,0
aten::as_strided,,,2.56,2.56,0,0,0,0
aten::slice,,,1.9,4.14,0,0,0,0
aten::as_strided,,,2.24,2.24,0,0,0,0
aten::sub,,,18.6,32.45,0,1.26003125,0,0
aclnnSub,,,13.85,13.85,1.26003125,1.26003125,0,0
aten::slice,,,7.44,10.54,0,0,0,0
aten::as_strided,,,3.1,3.1,0,0,0,0
aten::slice,,,3.26,7.04,0,0,0,0
aten::as_strided,,,3.78,3.78,0,0,0,0
aten::slice,,,3.82,7.47,0,0,0,0
aten::as_strided,,,3.65,3.65,0,0,0,0
aten::slice,,,2.78,5.83,0,0,0,0
aten::as_strided,,,3.05,3.05,0,0,0,0
aten::slice,,,2.48,4.62,0,0,0,0
aten::as_strided,,,2.14,2.14,0,0,0,0
aten::fill_,,,16.75,33.35,0,0,0,0
aclnnInplaceFillScalar,,,16.6,16.6,0,0,0,0
aten::slice,,,4.5,8.95,0,0,0,0
aten::as_strided,,,4.45,4.45,0,0,0,0
aten::fill_,,,12.27,25.04,0,0,0,0
aclnnInplaceFillScalar,,,12.77,12.77,0,0,0,0
aten::diff,,,7.49,35.97,0,0,0,0
aten::narrow,,,6.14,11.37,0,0,0,0
aten::slice,,,2.63,5.23,0,0,0,0
aten::as_strided,,,2.6,2.6,0,0,0,0
aten::narrow,,,2.25,4.64,0,0,0,0
aten::slice,,,1.15,2.39,0,0,0,0
aten::as_strided,,,1.24,1.24,0,0,0,0
aten::sub,,,12.47,12.47,0,0,0,0
aten::eq,,,12.39,27.88,0,0,0,0
aten::to,,,1.91,15.49,0,0,0,0
aten::_to_copy,,,4.53,13.58,0,0,0,0
aten::empty_strided,,,3.05,3.05,0,0,0,0
aten::copy_,,,6.0,6.0,0,0,0,0
aten::__and__,,,2.26,6.64,0,0,0,0
aten::bitwise_and,,,4.38,4.38,0,0,0,0
aten::gt,,,7.83,17.49,0,0,0,0
aten::to,,,1.06,9.66,0,0,0,0
aten::_to_copy,,,2.9,8.6,0,0,0,0
aten::empty_strided,,,2.86,2.86,0,0,0,0
aten::copy_,,,2.84,2.84,0,0,0,0
aten::__and__,,,1.49,4.49,0,0,0,0
aten::bitwise_and,,,3.0,3.0,0,0,0,0
aten::any,,,9.22,11.86,0,0,0,0
aten::as_strided,,,1.51,1.51,0,0,0,0
aten::fill_,,,1.13,1.13,0,0,0,0
aten::item,,,2.05,3.39,0,0,0,0
aten::_local_scalar_dense,,,1.34,1.34,0,0,0,0
aten::slice,,,4.7,6.96,0,0,0,0
aten::as_strided,,,2.26,2.26,0,0,0,0
aten::slice,,,2.43,3.39,0,0,0,0
aten::as_strided,,,0.96,0.96,0,0,0,0
aten::sub,,,5.3,5.3,0,0,0,0
aten::select,,,3.17,4.37,0,0,0,0
aten::as_strided,,,1.2,1.2,0,0,0,0
aten::item,,,1.35,2.95,0,0,0,0
aten::_local_scalar_dense,,,1.6,1.6,0,0,0,0
aten::gt,,,8.15,17.21,0,0,0,0
aten::to,,,1.22,9.06,0,0,0,0
aten::_to_copy,,,2.78,7.84,0,0,0,0
aten::empty_strided,,,1.95,1.95,0,0,0,0
aten::copy_,,,3.11,3.11,0,0,0,0
aten::__ior__,,,1.93,6.19,0,0,0,0
aten::bitwise_or_,,,4.26,4.26,0,0,0,0
aten::any,,,7.13,9.05,0,0,0,0
aten::as_strided,,,1.22,1.22,0,0,0,0
aten::fill_,,,0.7,0.7,0,0,0,0
aten::is_nonzero,,,1.33,4.56,0,0,0,0
aten::item,,,1.66,3.23,0,0,0,0
aten::_local_scalar_dense,,,1.57,1.57,0,0,0,0
aten::to,,,1.05,9.88,0,0,0,0
aten::_to_copy,,,2.62,8.83,0,0,0,0
aten::empty_strided,,,2.96,2.96,0,0,0,0
aten::copy_,,,3.25,3.25,0,0,0,0
aten::argmax,,,9.85,11.21,0,0,0,0
aten::as_strided,,,1.36,1.36,0,0,0,0
aten::item,,,1.21,1.99,0,0,0,0
aten::_local_scalar_dense,,,0.78,0.78,0,0,0,0
aten::select,,,3.91,5.05,0,0,0,0
aten::as_strided,,,1.14,1.14,0,0,0,0
aten::item,,,0.93,1.61,0,0,0,0
aten::_local_scalar_dense,,,0.68,0.68,0,0,0,0
aten::select,,,3.33,9.28,0,0,0,0
aten::as_strided,,,5.95,5.95,0,0,0,0
aten::slice,,,3.93,6.77,0,0,0,0
aten::as_strided,,,2.84,2.84,0,0,0,0
aten::sub,,,24.59,60.58,0,1.40003125,0,0
empty_tensor,,,10.89,10.89,0,0,0,0
aten::item,,,1.48,2.28,0,0,0,0
aten::_local_scalar_dense,,,0.8,0.8,0,0,0,0
aclnnSubs,,,22.82,22.82,1.40003125,1.40003125,0,0
aten::slice,,,5.91,7.98,0,0,0,0
aten::as_strided,,,2.07,2.07,0,0,0,0
aten::sub,,,10.82,25.45,0,0,0,0
aten::to,,,1.83,14.63,0,0,0,0
aten::_to_copy,,,3.8,12.8,0,0,0,0
aten::empty_strided,,,3.55,3.55,0,0,0,0
aten::copy_,,,5.45,5.45,0,0,0,0
aten::slice,,,4.02,8.83,0,0,0,0
aten::as_strided,,,4.81,4.81,0,0,0,0
aten::slice,,,2.57,4.29,0,0,0,0
aten::as_strided,,,1.72,1.72,0,0,0,0
aten::slice,,,1.3,2.17,0,0,0,0
aten::as_strided,,,0.87,0.87,0,0,0,0
aten::sub,,,5.73,5.73,0,0,0,0
aten::add,,,6.35,17.14,0,0,0,0
aten::to,,,1.34,10.79,0,0,0,0
aten::_to_copy,,,3.35,9.45,0,0,0,0
aten::empty_strided,,,2.64,2.64,0,0,0,0
aten::copy_,,,3.46,3.46,0,0,0,0
aten::sub,,,5.24,12.89,0,0,0,0
aten::to,,,0.9,7.65,0,0,0,0
aten::_to_copy,,,2.55,6.75,0,0,0,0
aten::empty_strided,,,1.64,1.64,0,0,0,0
aten::copy_,,,2.56,2.56,0,0,0,0
aten::floor_divide,,,6.72,16.46,0,0,0,0
aten::to,,,1.4,7.81,0,0,0,0
aten::_to_copy,,,2.24,6.41,0,0,0,0
aten::empty_strided,,,1.77,1.77,0,0,0,0
aten::copy_,,,2.4,2.4,0,0,0,0
aten::empty,,,1.93,1.93,0,0,0,0
aten::resolve_conj,,,1.16,1.16,0,0,0,0
aten::resolve_neg,,,0.62,0.62,0,0,0,0
aten::arange,,,4.13,15.32,0,0,0,0
aten::empty,,,1.67,1.67,0,0,0,0
aten::arange,,,6.6,9.52,0,0,0,0
aten::resize_,,,2.92,2.92,0,0,0,0
aten::arange,,,2.3,8.14,0,0,0,0
aten::empty,,,1.45,1.45,0,0,0,0
aten::arange,,,3.12,4.39,0,0,0,0
aten::resize_,,,1.27,1.27,0,0,0,0
aten::cat,,,6.24,6.24,0,0,0,0
aten::eq,,,6.72,6.72,0,0,0,0
aten::cumsum,,,6.58,15.96,0,0,0,0
aten::to,,,1.13,9.38,0,0,0,0
aten::_to_copy,,,2.61,8.25,0,0,0,0
aten::empty_strided,,,2.04,2.04,0,0,0,0
aten::copy_,,,3.6,3.6,0,0,0,0
aten::sub,,,3.72,3.72,0,0,0,0
aten::stack,,,3.8,25.76,0,0,0,0
aten::unsqueeze,,,2.61,4.24,0,0,0,0
aten::as_strided,,,1.63,1.63,0,0,0,0
aten::unsqueeze,,,0.9,2.09,0,0,0,0
aten::as_strided,,,1.19,1.19,0,0,0,0
aten::cat,,,8.88,15.63,0,0,0,0
aten::narrow,,,2.95,6.75,0,0,0,0
aten::slice,,,1.51,3.8,0,0,0,0
aten::as_strided,,,2.29,2.29,0,0,0,0
aten::to,,,1.76,10.06,0,0,0,0
aten::_to_copy,,,2.67,8.3,0,0,0,0
aten::empty_strided,,,2.17,2.17,0,0,0,0
aten::copy_,,,3.46,3.46,0,0,0,0
aten::empty,,,2.32,2.32,0,0,0,0
aten::to,,,0.63,0.63,0,0,0,0
aten::lift_fresh,,,1.23,1.23,0,0,0,0
aten::detach_,,,0.54,0.54,0,0,0,0
aten::slice,,,1.77,3.04,0,0,0,0
aten::as_strided,,,1.27,1.27,0,0,0,0
aten::slice,,,1.27,2.02,0,0,0,0
aten::as_strided,,,0.75,0.75,0,0,0,0
aten::sub,,,4.72,4.72,0,0,0,0
aten::add,,,5.71,14.35,0,0,0,0
aten::to,,,1.19,8.64,0,0,0,0
aten::_to_copy,,,2.55,7.45,0,0,0,0
aten::empty_strided,,,2.07,2.07,0,0,0,0
aten::copy_,,,2.83,2.83,0,0,0,0
aten::sub,,,4.42,11.35,0,0,0,0
aten::to,,,0.85,6.93,0,0,0,0
aten::_to_copy,,,2.16,6.08,0,0,0,0
aten::empty_strided,,,1.55,1.55,0,0,0,0
aten::copy_,,,2.37,2.37,0,0,0,0
aten::floor_divide,,,5.82,14.47,0,0,0,0
aten::to,,,0.95,7.27,0,0,0,0
aten::_to_copy,,,2.5,6.32,0,0,0,0
aten::empty_strided,,,1.58,1.58,0,0,0,0
aten::copy_,,,2.24,2.24,0,0,0,0
aten::empty,,,1.38,1.38,0,0,0,0
aten::cat,,,4.27,4.27,0,0,0,0
aten::cumsum,,,6.14,14.13,0,0,0,0
aten::to,,,1.03,7.99,0,0,0,0
aten::_to_copy,,,2.31,6.96,0,0,0,0
aten::empty_strided,,,1.75,1.75,0,0,0,0
aten::copy_,,,2.9,2.9,0,0,0,0
aten::empty,,,1.88,1.88,0,0,0,0
aten::to,,,0.73,0.73,0,0,0,0
aten::lift_fresh,,,0.76,0.76,0,0,0,0
aten::detach_,,,0.38,0.38,0,0,0,0
aten::slice,,,1.9,3.22,0,0,0,0
aten::as_strided,,,1.32,1.32,0,0,0,0
aten::slice,,,1.53,2.29,0,0,0,0
aten::as_strided,,,0.76,0.76,0,0,0,0
aten::sub,,,4.05,4.05,0,0,0,0
aten::add,,,4.78,13.72,0,0,0,0
aten::to,,,1.36,8.94,0,0,0,0
aten::_to_copy,,,3.18,7.58,0,0,0,0
aten::empty_strided,,,1.69,1.69,0,0,0,0
aten::copy_,,,2.71,2.71,0,0,0,0
aten::sub,,,4.84,11.48,0,0,0,0
aten::to,,,0.75,6.64,0,0,0,0
aten::_to_copy,,,2.08,5.89,0,0,0,0
aten::empty_strided,,,1.28,1.28,0,0,0,0
aten::copy_,,,2.53,2.53,0,0,0,0
aten::floor_divide,,,5.34,14.26,0,0,0,0
aten::to,,,0.91,7.54,0,0,0,0
aten::_to_copy,,,2.54,6.63,0,0,0,0
aten::empty_strided,,,1.59,1.59,0,0,0,0
aten::copy_,,,2.5,2.5,0,0,0,0
aten::empty,,,1.38,1.38,0,0,0,0
aten::add,,,4.11,11.26,0,0,0,0
aten::to,,,0.93,7.15,0,0,0,0
aten::_to_copy,,,2.33,6.22,0,0,0,0
aten::empty_strided,,,1.7,1.7,0,0,0,0
aten::copy_,,,2.19,2.19,0,0,0,0
aten::cat,,,4.04,4.04,0,0,0,0
aten::cumsum,,,5.27,12.76,0,0,0,0
aten::to,,,0.88,7.49,0,0,0,0
aten::_to_copy,,,2.29,6.61,0,0,0,0
aten::empty_strided,,,1.5,1.5,0,0,0,0
aten::copy_,,,2.82,2.82,0,0,0,0
aten::slice,,,1.71,2.91,0,0,0,0
aten::as_strided,,,1.2,1.2,0,0,0,0
aten::slice,,,1.13,1.83,0,0,0,0
aten::as_strided,,,0.7,0.7,0,0,0,0
aten::sub,,,3.81,3.81,0,0,0,0
aten::add,,,4.26,12.28,0,0,0,0
aten::to,,,1.07,8.02,0,0,0,0
aten::_to_copy,,,2.93,6.95,0,0,0,0
aten::empty_strided,,,1.56,1.56,0,0,0,0
aten::copy_,,,2.46,2.46,0,0,0,0
aten::sub,,,4.3,11.01,0,0,0,0
aten::to,,,0.78,6.71,0,0,0,0
aten::_to_copy,,,1.93,5.93,0,0,0,0
aten::empty_strided,,,1.94,1.94,0,0,0,0
aten::copy_,,,2.06,2.06,0,0,0,0
aten::floor_divide,,,4.86,13.13,0,0,0,0
aten::to,,,0.81,6.99,0,0,0,0
aten::_to_copy,,,2.53,6.18,0,0,0,0
aten::empty_strided,,,1.46,1.46,0,0,0,0
aten::copy_,,,2.19,2.19,0,0,0,0
aten::empty,,,1.28,1.28,0,0,0,0
aten::add,,,4.15,10.73,0,0,0,0
aten::to,,,0.74,6.58,0,0,0,0
aten::_to_copy,,,2.08,5.84,0,0,0,0
aten::empty_strided,,,1.6,1.6,0,0,0,0
aten::copy_,,,2.16,2.16,0,0,0,0
aten::cumsum,,,4.76,11.68,0,0,0,0
aten::to,,,0.74,6.92,0,0,0,0
aten::_to_copy,,,2.22,6.18,0,0,0,0
aten::empty_strided,,,1.53,1.53,0,0,0,0
aten::copy_,,,2.43,2.43,0,0,0,0
aten::sub,,,3.33,3.33,0,0,0,0
aten::slice,,,1.79,3.24,0,0,0,0
aten::as_strided,,,1.45,1.45,0,0,0,0
aten::slice,,,1.22,1.94,0,0,0,0
aten::as_strided,,,0.72,0.72,0,0,0,0
aten::sub,,,3.46,3.46,0,0,0,0
aten::add,,,4.54,17.12,0,0,0,0
aten::to,,,1.12,12.58,0,0,0,0
aten::_to_copy,,,5.85,11.46,0,0,0,0
aten::empty_strided,,,2.85,2.85,0,0,0,0
aten::copy_,,,2.76,2.76,0,0,0,0
aten::sub,,,4.84,12.72,0,0,0,0
aten::to,,,0.94,7.88,0,0,0,0
aten::_to_copy,,,2.13,6.94,0,0,0,0
aten::empty_strided,,,2.58,2.58,0,0,0,0
aten::copy_,,,2.23,2.23,0,0,0,0
aten::floor_divide,,,5.47,23.55,0,0,0,0
aten::to,,,1.01,16.88,0,0,0,0
aten::_to_copy,,,2.72,15.87,0,0,0,0
aten::empty_strided,,,10.75,10.75,0,0,0,0
aten::copy_,,,2.4,2.4,0,0,0,0
aten::empty,,,1.2,1.2,0,0,0,0
aten::resolve_conj,,,0.79,0.79,0,0,0,0
aten::resolve_neg,,,0.45,0.45,0,0,0,0
aten::arange,,,3.31,14.6,0,0,0,0
aten::empty,,,1.59,1.59,0,0,0,0
aten::arange,,,5.97,9.7,0,0,0,0
aten::resize_,,,3.73,3.73,0,0,0,0
aten::arange,,,2.46,7.86,0,0,0,0
aten::empty,,,1.28,1.28,0,0,0,0
aten::arange,,,3.02,4.12,0,0,0,0
aten::resize_,,,1.1,1.1,0,0,0,0
aten::cat,,,4.75,4.75,0,0,0,0
aten::eq,,,6.96,6.96,0,0,0,0
aten::cumsum,,,5.34,14.54,0,0,0,0
aten::to,,,1.53,9.2,0,0,0,0
aten::_to_copy,,,2.68,7.67,0,0,0,0
aten::empty_strided,,,1.68,1.68,0,0,0,0
aten::copy_,,,3.31,3.31,0,0,0,0
aten::sub,,,3.57,3.57,0,0,0,0
aten::stack,,,4.14,44.96,0,0,0,0
aten::unsqueeze,,,2.11,13.5,0,0,0,0
aten::as_strided,,,11.39,11.39,0,0,0,0
aten::unsqueeze,,,2.37,3.18,0,0,0,0
aten::as_strided,,,0.81,0.81,0,0,0,0
aten::cat,,,10.27,24.14,0,0,0,0
aten::narrow,,,2.64,13.87,0,0,0,0
aten::slice,,,1.83,11.23,0,0,0,0
aten::as_strided,,,9.4,9.4,0,0,0,0
aten::to,,,1.39,10.64,0,0,0,0
aten::_to_copy,,,2.91,9.25,0,0,0,0
aten::empty_strided,,,2.68,2.68,0,0,0,0
aten::copy_,,,3.66,3.66,0,0,0,0
aten::slice,,,1.92,3.21,0,0,0,0
aten::as_strided,,,1.29,1.29,0,0,0,0
aten::slice,,,1.08,1.75,0,0,0,0
aten::as_strided,,,0.67,0.67,0,0,0,0
aten::sub,,,4.75,4.75,0,0,0,0
aten::add,,,5.67,22.79,0,0,0,0
aten::to,,,1.56,17.12,0,0,0,0
aten::_to_copy,,,3.17,15.56,0,0,0,0
aten::empty_strided,,,9.36,9.36,0,0,0,0
aten::copy_,,,3.03,3.03,0,0,0,0
aten::sub,,,7.8,14.99,0,0,0,0
aten::to,,,0.86,7.19,0,0,0,0
aten::_to_copy,,,2.14,6.33,0,0,0,0
aten::empty_strided,,,1.48,1.48,0,0,0,0
aten::copy_,,,2.71,2.71,0,0,0,0
aten::floor_divide,,,6.1,14.46,0,0,0,0
aten::to,,,0.7,6.97,0,0,0,0
aten::_to_copy,,,2.51,6.27,0,0,0,0
aten::empty_strided,,,1.51,1.51,0,0,0,0
aten::copy_,,,2.25,2.25,0,0,0,0
aten::empty,,,1.39,1.39,0,0,0,0
aten::resolve_conj,,,0.97,0.97,0,0,0,0
aten::resolve_neg,,,1.22,1.22,0,0,0,0
aten::arange,,,3.48,12.56,0,0,0,0
aten::empty,,,1.44,1.44,0,0,0,0
aten::arange,,,5.23,7.64,0,0,0,0
aten::resize_,,,2.41,2.41,0,0,0,0
aten::arange,,,2.27,8.63,0,0,0,0
aten::empty,,,1.23,1.23,0,0,0,0
aten::arange,,,3.29,5.13,0,0,0,0
aten::resize_,,,1.84,1.84,0,0,0,0
aten::cat,,,4.69,4.69,0,0,0,0
aten::eq,,,6.18,6.18,0,0,0,0
aten::cumsum,,,6.29,14.79,0,0,0,0
aten::to,,,1.11,8.5,0,0,0,0
aten::_to_copy,,,2.56,7.39,0,0,0,0
aten::empty_strided,,,1.77,1.77,0,0,0,0
aten::copy_,,,3.06,3.06,0,0,0,0
aten::sub,,,4.21,4.21,0,0,0,0
aten::stack,,,3.12,24.14,0,0,0,0
aten::unsqueeze,,,1.75,3.42,0,0,0,0
aten::as_strided,,,1.67,1.67,0,0,0,0
aten::unsqueeze,,,0.84,2.23,0,0,0,0
aten::as_strided,,,1.39,1.39,0,0,0,0
aten::cat,,,9.63,15.37,0,0,0,0
aten::narrow,,,2.17,5.74,0,0,0,0
aten::slice,,,1.95,3.57,0,0,0,0
aten::as_strided,,,1.62,1.62,0,0,0,0
aten::to,,,1.3,8.63,0,0,0,0
aten::_to_copy,,,2.55,7.33,0,0,0,0
aten::empty_strided,,,1.98,1.98,0,0,0,0
aten::copy_,,,2.8,2.8,0,0,0,0
aten::to,,,1.2,8.26,0,0,0,0
aten::_to_copy,,,2.29,7.06,0,0,0,0
aten::empty_strided,,,2.09,2.09,0,0,0,0
aten::copy_,,,2.68,2.68,0,0,0,0
aten::reshape,,,1.68,3.7,0,0,0,0
aten::view,,,2.02,2.02,0,0,0,0
aten::resolve_conj,,,0.9,0.9,0,0,0,0
aten::resolve_neg,,,0.29,0.29,0,0,0,0
aten::empty,,,2.32,2.32,0,0,0,0
aten::to,,,0.56,0.56,0,0,0,0
aten::lift_fresh,,,1.22,1.22,0,0,0,0
aten::detach_,,,0.45,0.45,0,0,0,0
aten::slice,,,2.27,4.18,0,0,0,0
aten::as_strided,,,1.91,1.91,0,0,0,0
aten::slice,,,1.02,1.66,0,0,0,0
aten::as_strided,,,0.64,0.64,0,0,0,0
aten::sub,,,5.45,5.45,0,0,0,0
aten::gt,,,6.07,6.07,0,0,0,0
aten::all,,,11.4,13.51,0,0,0,0
aten::as_strided,,,1.27,1.27,0,0,0,0
aten::fill_,,,0.84,0.84,0,0,0,0
aten::is_nonzero,,,1.68,4.41,0,0,0,0
aten::item,,,1.67,2.73,0,0,0,0
aten::_local_scalar_dense,,,1.06,1.06,0,0,0,0
aten::to,,,1.47,11.3,0,0,0,0
aten::_to_copy,,,3.11,9.83,0,0,0,0
aten::empty_strided,,,2.96,2.96,0,0,0,0
aten::copy_,,,3.76,3.76,0,0,0,0
aten::reshape,,,1.38,3.05,0,0,0,0
aten::view,,,1.67,1.67,0,0,0,0
aten::resolve_conj,,,0.56,0.56,0,0,0,0
aten::resolve_neg,,,0.31,0.31,0,0,0,0
aten::to,,,2.38,199.71,0,0,0,0
aten::_to_copy,,,7.32,197.33,0,0,0,0
aten::empty_strided,,,11.09,18.53,0,0,0,0
empty_tensor,,,7.44,7.44,0,0,0,0
aten::copy_,,,149.44,171.48,0,0,0,0
acl_memcpy_host_to_device,,,22.04,22.04,0,0,0,0
aten::to,,,3.34,118.68,0,0,0,0
aten::_to_copy,,,5.8,115.34,0,0,0,0
aten::empty_strided,,,11.19,17.4,0,0,0,0
empty_tensor,,,6.21,6.21,0,0,0,0
aten::copy_,,,78.42,92.14,0,0,0,0
acl_memcpy_host_to_device,,,13.72,13.72,0,0,0,0
aten::to,,,2.82,89.14,0,0,0,0
aten::_to_copy,,,5.72,86.32,0,0,0,0
aten::empty_strided,,,8.73,14.49,0,0,0,0
empty_tensor,,,5.76,5.76,0,0,0,0
aten::copy_,,,53.99,66.11,0,0,0,0
acl_memcpy_host_to_device,,,12.12,12.12,0,0,0,0
aten::to,,,3.21,85.29,0,0,0,0
aten::_to_copy,,,5.2,82.08,0,0,0,0
aten::empty_strided,,,8.74,14.44,0,0,0,0
empty_tensor,,,5.7,5.7,0,0,0,0
aten::copy_,,,51.19,62.44,0,0,0,0
acl_memcpy_host_to_device,,,11.25,11.25,0,0,0,0
aten::to,,,3.06,81.64,0,0,0,0
aten::_to_copy,,,5.32,78.58,0,0,0,0
aten::empty_strided,,,7.66,13.45,0,0,0,0
empty_tensor,,,5.79,5.79,0,0,0,0
aten::copy_,,,48.94,59.81,0,0,0,0
acl_memcpy_host_to_device,,,10.87,10.87,0,0,0,0
aten::to,,,2.88,80.73,0,0,0,0
aten::_to_copy,,,5.0,77.85,0,0,0,0
aten::empty_strided,,,7.45,12.52,0,0,0,0
empty_tensor,,,5.07,5.07,0,0,0,0
aten::copy_,,,49.29,60.33,0,0,0,0
acl_memcpy_host_to_device,,,11.04,11.04,0,0,0,0
aten::slice,,,9.23,15.76,0,0,0,0
aten::as_strided,,,6.53,6.53,0,0,0,0
aten::slice,,,3.24,6.16,0,0,0,0
aten::as_strided,,,2.92,2.92,0,0,0,0
aten::sub,,,23.72,50.33,0,1.34003125,0,0
empty_tensor,,,9.26,9.26,0,0,0,0
aclnnSub,,,17.35,17.35,1.34003125,1.34003125,0,0
aten::sub,,,18.55,32.03,0,1.32003125,0,0
empty_tensor,,,9.92,9.92,0,0,0,0
aclnnSub,,,3.56,3.56,1.32003125,1.32003125,0,0
aten::gt,,,17.21,37.04,0,3.3800937500000003,0,0
empty_tensor,,,6.47,6.47,0,0,0,0
aclnnGtScalar,,,13.36,13.36,3.3800937500000003,3.3800937500000003,0,0
aten::slice,,,3.59,8.22,0,0,0,0
aten::as_strided,,,4.63,4.63,0,0,0,0
aten::slice,,,6.21,10.44,0,0,0,0
aten::as_strided,,,4.23,4.23,0,0,0,0
aten::slice,,,3.29,6.84,0,0,0,0
aten::as_strided,,,3.55,3.55,0,0,0,0
aten::slice,,,3.44,6.36,0,0,0,0
aten::as_strided,,,2.92,2.92,0,0,0,0
aten::empty_like,,,5.18,19.63,0,0,0,0
aten::empty_strided,,,9.59,14.45,0,0,0,0
empty_tensor,,,4.86,4.86,0,0,0,0
aten::slice,,,2.17,5.26,0,0,0,0
aten::as_strided,,,3.09,3.09,0,0,0,0
aten::slice,,,3.12,5.86,0,0,0,0
aten::as_strided,,,2.74,2.74,0,0,0,0
aten::copy_,,,60.98,81.08,0,0.5,0,0
aclnnInplaceCopy,,,20.1,20.1,0.5,0.5,0,0
aten::slice,,,6.33,10.77,0,0,0,0
aten::as_strided,,,4.44,4.44,0,0,0,0
aten::slice,,,2.86,5.76,0,0,0,0
aten::as_strided,,,2.9,2.9,0,0,0,0
aten::slice,,,1.22,3.48,0,0,0,0
aten::as_strided,,,2.26,2.26,0,0,0,0
aten::sub,,,17.36,30.56,0,1.18,0,0
aclnnSub,,,13.2,13.2,1.18,1.18,0,0
aten::slice,,,7.14,10.07,0,0,0,0
aten::as_strided,,,2.93,2.93,0,0,0,0
aten::slice,,,2.9,6.62,0,0,0,0
aten::as_strided,,,3.72,3.72,0,0,0,0
aten::slice,,,3.23,6.95,0,0,0,0
aten::as_strided,,,3.72,3.72,0,0,0,0
aten::slice,,,2.64,5.37,0,0,0,0
aten::as_strided,,,2.73,2.73,0,0,0,0
aten::slice,,,2.58,4.68,0,0,0,0
aten::as_strided,,,2.1,2.1,0,0,0,0
aten::fill_,,,16.65,30.67,0,0,0,0
aclnnInplaceFillScalar,,,14.02,14.02,0,0,0,0
aten::slice,,,5.34,9.36,0,0,0,0
aten::as_strided,,,4.02,4.02,0,0,0,0
aten::fill_,,,12.77,24.67,0,0,0,0
aclnnInplaceFillScalar,,,11.9,11.9,0,0,0,0
aten::diff,,,6.64,33.53,0,0,0,0
aten::narrow,,,6.04,10.66,0,0,0,0
aten::slice,,,2.2,4.62,0,0,0,0
aten::as_strided,,,2.42,2.42,0,0,0,0
aten::narrow,,,2.19,4.44,0,0,0,0
aten::slice,,,1.35,2.25,0,0,0,0
aten::as_strided,,,0.9,0.9,0,0,0,0
aten::sub,,,11.79,11.79,0,0,0,0
aten::eq,,,12.43,27.75,0,0,0,0
aten::to,,,1.93,15.32,0,0,0,0
aten::_to_copy,,,4.56,13.39,0,0,0,0
aten::empty_strided,,,2.86,2.86,0,0,0,0
aten::copy_,,,5.97,5.97,0,0,0,0
aten::__and__,,,2.1,6.39,0,0,0,0
aten::bitwise_and,,,4.29,4.29,0,0,0,0
aten::gt,,,7.44,16.64,0,0,0,0
aten::to,,,1.08,9.2,0,0,0,0
aten::_to_copy,,,2.83,8.12,0,0,0,0
aten::empty_strided,,,2.35,2.35,0,0,0,0
aten::copy_,,,2.94,2.94,0,0,0,0
aten::__and__,,,1.22,4.25,0,0,0,0
aten::bitwise_and,,,3.03,3.03,0,0,0,0
aten::any,,,8.86,11.27,0,0,0,0
aten::as_strided,,,1.48,1.48,0,0,0,0
aten::fill_,,,0.93,0.93,0,0,0,0
aten::item,,,2.05,3.38,0,0,0,0
aten::_local_scalar_dense,,,1.33,1.33,0,0,0,0
aten::slice,,,4.66,6.05,0,0,0,0
aten::as_strided,,,1.39,1.39,0,0,0,0
aten::slice,,,2.16,3.11,0,0,0,0
aten::as_strided,,,0.95,0.95,0,0,0,0
aten::sub,,,4.94,4.94,0,0,0,0
aten::select,,,3.18,4.42,0,0,0,0
aten::as_strided,,,1.24,1.24,0,0,0,0
aten::item,,,1.12,2.15,0,0,0,0
aten::_local_scalar_dense,,,1.03,1.03,0,0,0,0
aten::gt,,,7.74,16.31,0,0,0,0
aten::to,,,1.07,8.57,0,0,0,0
aten::_to_copy,,,2.68,7.5,0,0,0,0
aten::empty_strided,,,1.96,1.96,0,0,0,0
aten::copy_,,,2.86,2.86,0,0,0,0
aten::__ior__,,,1.86,5.66,0,0,0,0
aten::bitwise_or_,,,3.8,3.8,0,0,0,0
aten::any,,,6.7,8.8,0,0,0,0
aten::as_strided,,,1.05,1.05,0,0,0,0
aten::fill_,,,1.05,1.05,0,0,0,0
aten::is_nonzero,,,1.3,3.86,0,0,0,0
aten::item,,,1.67,2.56,0,0,0,0
aten::_local_scalar_dense,,,0.89,0.89,0,0,0,0
aten::to,,,0.89,8.72,0,0,0,0
aten::_to_copy,,,2.56,7.83,0,0,0,0
aten::empty_strided,,,2.12,2.12,0,0,0,0
aten::copy_,,,3.15,3.15,0,0,0,0
aten::argmax,,,9.33,10.62,0,0,0,0
aten::as_strided,,,1.29,1.29,0,0,0,0
aten::item,,,1.1,1.9,0,0,0,0
aten::_local_scalar_dense,,,0.8,0.8,0,0,0,0
aten::select,,,4.03,5.2,0,0,0,0
aten::as_strided,,,1.17,1.17,0,0,0,0
aten::item,,,0.9,1.6,0,0,0,0
aten::_local_scalar_dense,,,0.7,0.7,0,0,0,0
aten::select,,,3.46,8.87,0,0,0,0
aten::as_strided,,,5.41,5.41,0,0,0,0
aten::slice,,,3.74,6.52,0,0,0,0
aten::as_strided,,,2.78,2.78,0,0,0,0
aten::sub,,,23.28,56.1,0,1.18,0,0
empty_tensor,,,10.82,10.82,0,0,0,0
aten::item,,,1.21,2.19,0,0,0,0
aten::_local_scalar_dense,,,0.98,0.98,0,0,0,0
aclnnSubs,,,19.81,19.81,1.18,1.18,0,0
aten::slice,,,4.85,7.38,0,0,0,0
aten::as_strided,,,2.53,2.53,0,0,0,0
aten::sub,,,8.62,20.68,0,0,0,0
aten::to,,,1.6,12.06,0,0,0,0
aten::_to_copy,,,3.31,10.46,0,0,0,0
aten::empty_strided,,,2.24,2.24,0,0,0,0
aten::copy_,,,4.91,4.91,0,0,0,0
aten::slice,,,3.75,8.35,0,0,0,0
aten::as_strided,,,4.6,4.6,0,0,0,0
aten::slice,,,2.3,3.95,0,0,0,0
aten::as_strided,,,1.65,1.65,0,0,0,0
aten::slice,,,1.57,2.41,0,0,0,0
aten::as_strided,,,0.84,0.84,0,0,0,0
aten::sub,,,5.69,5.69,0,0,0,0
aten::add,,,5.78,15.9,0,0,0,0
aten::to,,,1.36,10.12,0,0,0,0
aten::_to_copy,,,2.92,8.76,0,0,0,0
aten::empty_strided,,,2.56,2.56,0,0,0,0
aten::copy_,,,3.28,3.28,0,0,0,0
aten::sub,,,4.64,11.62,0,0,0,0
aten::to,,,0.69,6.98,0,0,0,0
aten::_to_copy,,,2.15,6.29,0,0,0,0
aten::empty_strided,,,1.65,1.65,0,0,0,0
aten::copy_,,,2.49,2.49,0,0,0,0
aten::floor_divide,,,6.48,15.48,0,0,0,0
aten::to,,,0.91,7.35,0,0,0,0
aten::_to_copy,,,2.34,6.44,0,0,0,0
aten::empty_strided,,,1.79,1.79,0,0,0,0
aten::copy_,,,2.31,2.31,0,0,0,0
aten::empty,,,1.65,1.65,0,0,0,0
aten::resolve_conj,,,1.14,1.14,0,0,0,0
aten::resolve_neg,,,0.49,0.49,0,0,0,0
aten::arange,,,4.33,13.99,0,0,0,0
aten::empty,,,1.64,1.64,0,0,0,0
aten::arange,,,6.06,8.02,0,0,0,0
aten::resize_,,,1.96,1.96,0,0,0,0
aten::arange,,,2.28,8.07,0,0,0,0
aten::empty,,,1.42,1.42,0,0,0,0
aten::arange,,,3.33,4.37,0,0,0,0
aten::resize_,,,1.04,1.04,0,0,0,0
aten::cat,,,5.73,5.73,0,0,0,0
aten::eq,,,6.7,6.7,0,0,0,0
aten::cumsum,,,7.47,16.08,0,0,0,0
aten::to,,,0.91,8.61,0,0,0,0
aten::_to_copy,,,2.65,7.7,0,0,0,0
aten::empty_strided,,,1.79,1.79,0,0,0,0
aten::copy_,,,3.26,3.26,0,0,0,0
aten::sub,,,3.97,3.97,0,0,0,0
aten::stack,,,3.72,23.71,0,0,0,0
aten::unsqueeze,,,2.37,4.13,0,0,0,0
aten::as_strided,,,1.76,1.76,0,0,0,0
aten::unsqueeze,,,0.85,1.58,0,0,0,0
aten::as_strided,,,0.73,0.73,0,0,0,0
aten::cat,,,8.45,14.28,0,0,0,0
aten::narrow,,,2.54,5.83,0,0,0,0
aten::slice,,,1.47,3.29,0,0,0,0
aten::as_strided,,,1.82,1.82,0,0,0,0
aten::to,,,1.37,9.52,0,0,0,0
aten::_to_copy,,,2.81,8.15,0,0,0,0
aten::empty_strided,,,2.13,2.13,0,0,0,0
aten::copy_,,,3.21,3.21,0,0,0,0
aten::empty,,,2.01,2.01,0,0,0,0
aten::to,,,0.81,0.81,0,0,0,0
aten::lift_fresh,,,0.81,0.81,0,0,0,0
aten::detach_,,,0.64,0.64,0,0,0,0
aten::slice,,,1.67,3.0,0,0,0,0
aten::as_strided,,,1.33,1.33,0,0,0,0
aten::slice,,,1.0,1.71,0,0,0,0
aten::as_strided,,,0.71,0.71,0,0,0,0
aten::sub,,,4.41,4.41,0,0,0,0
aten::add,,,5.16,13.87,0,0,0,0
aten::to,,,1.01,8.71,0,0,0,0
aten::_to_copy,,,2.77,7.7,0,0,0,0
aten::empty_strided,,,1.85,1.85,0,0,0,0
aten::copy_,,,3.08,3.08,0,0,0,0
aten::sub,,,4.18,11.22,0,0,0,0
aten::to,,,0.68,7.04,0,0,0,0
aten::_to_copy,,,2.0,6.36,0,0,0,0
aten::empty_strided,,,1.97,1.97,0,0,0,0
aten::copy_,,,2.39,2.39,0,0,0,0
aten::floor_divide,,,5.99,15.64,0,0,0,0
aten::to,,,1.06,8.3,0,0,0,0
aten::_to_copy,,,2.91,7.24,0,0,0,0
aten::empty_strided,,,1.82,1.82,0,0,0,0
aten::copy_,,,2.51,2.51,0,0,0,0
aten::empty,,,1.35,1.35,0,0,0,0
aten::cat,,,4.78,4.78,0,0,0,0
aten::cumsum,,,5.49,13.84,0,0,0,0
aten::to,,,0.86,8.35,0,0,0,0
aten::_to_copy,,,2.45,7.49,0,0,0,0
aten::empty_strided,,,1.85,1.85,0,0,0,0
aten::copy_,,,3.19,3.19,0,0,0,0
aten::empty,,,1.94,1.94,0,0,0,0
aten::to,,,0.76,0.76,0,0,0,0
aten::lift_fresh,,,0.75,0.75,0,0,0,0
aten::detach_,,,0.41,0.41,0,0,0,0
aten::slice,,,1.87,3.44,0,0,0,0
aten::as_strided,,,1.57,1.57,0,0,0,0
aten::slice,,,1.13,2.05,0,0,0,0
aten::as_strided,,,0.92,0.92,0,0,0,0
aten::sub,,,4.08,4.08,0,0,0,0
aten::add,,,4.73,13.13,0,0,0,0
aten::to,,,0.98,8.4,0,0,0,0
aten::_to_copy,,,2.5,7.42,0,0,0,0
aten::empty_strided,,,2.11,2.11,0,0,0,0
aten::copy_,,,2.81,2.81,0,0,0,0
aten::sub,,,4.75,11.51,0,0,0,0
aten::to,,,0.85,6.76,0,0,0,0
aten::_to_copy,,,2.19,5.91,0,0,0,0
aten::empty_strided,,,1.49,1.49,0,0,0,0
aten::copy_,,,2.23,2.23,0,0,0,0
aten::floor_divide,,,5.26,13.81,0,0,0,0
aten::to,,,0.88,7.31,0,0,0,0
aten::_to_copy,,,2.27,6.43,0,0,0,0
aten::empty_strided,,,1.84,1.84,0,0,0,0
aten::copy_,,,2.32,2.32,0,0,0,0
aten::empty,,,1.24,1.24,0,0,0,0
aten::add,,,4.39,11.3,0,0,0,0
aten::to,,,1.05,6.91,0,0,0,0
aten::_to_copy,,,2.2,5.86,0,0,0,0
aten::empty_strided,,,1.51,1.51,0,0,0,0
aten::copy_,,,2.15,2.15,0,0,0,0
aten::cat,,,3.78,3.78,0,0,0,0
aten::cumsum,,,4.87,12.47,0,0,0,0
aten::to,,,0.92,7.6,0,0,0,0
aten::_to_copy,,,2.31,6.68,0,0,0,0
aten::empty_strided,,,1.56,1.56,0,0,0,0
aten::copy_,,,2.81,2.81,0,0,0,0
aten::slice,,,1.98,3.14,0,0,0,0
aten::as_strided,,,1.16,1.16,0,0,0,0
aten::slice,,,1.02,1.67,0,0,0,0
aten::as_strided,,,0.65,0.65,0,0,0,0
aten::sub,,,4.18,4.18,0,0,0,0
aten::add,,,4.52,12.13,0,0,0,0
aten::to,,,0.96,7.61,0,0,0,0
aten::_to_copy,,,2.42,6.65,0,0,0,0
aten::empty_strided,,,1.92,1.92,0,0,0,0
aten::copy_,,,2.31,2.31,0,0,0,0
aten::sub,,,4.49,11.15,0,0,0,0
aten::to,,,0.88,6.66,0,0,0,0
aten::_to_copy,,,2.05,5.78,0,0,0,0
aten::empty_strided,,,1.64,1.64,0,0,0,0
aten::copy_,,,2.09,2.09,0,0,0,0
aten::floor_divide,,,5.1,14.33,0,0,0,0
aten::to,,,0.99,7.97,0,0,0,0
aten::_to_copy,,,2.4,6.98,0,0,0,0
aten::empty_strided,,,1.88,1.88,0,0,0,0
aten::copy_,,,2.7,2.7,0,0,0,0
aten::empty,,,1.26,1.26,0,0,0,0
aten::add,,,4.33,11.12,0,0,0,0
aten::to,,,0.85,6.79,0,0,0,0
aten::_to_copy,,,2.36,5.94,0,0,0,0
aten::empty_strided,,,1.48,1.48,0,0,0,0
aten::copy_,,,2.1,2.1,0,0,0,0
aten::cumsum,,,4.45,11.42,0,0,0,0
aten::to,,,0.9,6.97,0,0,0,0
aten::_to_copy,,,2.23,6.07,0,0,0,0
aten::empty_strided,,,1.38,1.38,0,0,0,0
aten::copy_,,,2.46,2.46,0,0,0,0
aten::sub,,,3.44,3.44,0,0,0,0
aten::slice,,,1.84,2.98,0,0,0,0
aten::as_strided,,,1.14,1.14,0,0,0,0
aten::slice,,,1.03,1.8,0,0,0,0
aten::as_strided,,,0.77,0.77,0,0,0,0
aten::sub,,,3.51,3.51,0,0,0,0
aten::add,,,4.56,12.01,0,0,0,0
aten::to,,,0.96,7.45,0,0,0,0
aten::_to_copy,,,2.46,6.49,0,0,0,0
aten::empty_strided,,,1.73,1.73,0,0,0,0
aten::copy_,,,2.3,2.3,0,0,0,0
aten::sub,,,4.4,10.88,0,0,0,0
aten::to,,,0.85,6.48,0,0,0,0
aten::_to_copy,,,2.09,5.63,0,0,0,0
aten::empty_strided,,,1.48,1.48,0,0,0,0
aten::copy_,,,2.06,2.06,0,0,0,0
aten::floor_divide,,,5.11,13.36,0,0,0,0
aten::to,,,0.9,6.81,0,0,0,0
aten::_to_copy,,,2.23,5.91,0,0,0,0
aten::empty_strided,,,1.52,1.52,0,0,0,0
aten::copy_,,,2.16,2.16,0,0,0,0
aten::empty,,,1.44,1.44,0,0,0,0
aten::resolve_conj,,,0.92,0.92,0,0,0,0
aten::resolve_neg,,,0.44,0.44,0,0,0,0
aten::arange,,,3.53,13.22,0,0,0,0
aten::empty,,,1.87,1.87,0,0,0,0
aten::arange,,,5.84,7.82,0,0,0,0
aten::resize_,,,1.98,1.98,0,0,0,0
aten::arange,,,2.1,7.1,0,0,0,0
aten::empty,,,1.22,1.22,0,0,0,0
aten::arange,,,2.94,3.78,0,0,0,0
aten::resize_,,,0.84,0.84,0,0,0,0
aten::cat,,,4.21,4.21,0,0,0,0
aten::eq,,,6.34,6.34,0,0,0,0
aten::cumsum,,,5.67,14.83,0,0,0,0
aten::to,,,1.13,9.16,0,0,0,0
aten::_to_copy,,,2.53,8.03,0,0,0,0
aten::empty_strided,,,2.31,2.31,0,0,0,0
aten::copy_,,,3.19,3.19,0,0,0,0
aten::sub,,,3.82,3.82,0,0,0,0
aten::stack,,,3.56,23.65,0,0,0,0
aten::unsqueeze,,,2.03,3.91,0,0,0,0
aten::as_strided,,,1.88,1.88,0,0,0,0
aten::unsqueeze,,,0.98,1.9,0,0,0,0
aten::as_strided,,,0.92,0.92,0,0,0,0
aten::cat,,,8.24,14.28,0,0,0,0
aten::narrow,,,2.47,6.04,0,0,0,0
aten::slice,,,1.93,3.57,0,0,0,0
aten::as_strided,,,1.64,1.64,0,0,0,0
aten::to,,,1.28,8.85,0,0,0,0
aten::_to_copy,,,2.65,7.57,0,0,0,0
aten::empty_strided,,,1.92,1.92,0,0,0,0
aten::copy_,,,3.0,3.0,0,0,0,0
aten::slice,,,1.95,2.94,0,0,0,0
aten::as_strided,,,0.99,0.99,0,0,0,0
aten::slice,,,1.15,1.76,0,0,0,0
aten::as_strided,,,0.61,0.61,0,0,0,0
aten::sub,,,4.15,4.15,0,0,0,0
aten::add,,,5.05,12.21,0,0,0,0
aten::to,,,0.79,7.16,0,0,0,0
aten::_to_copy,,,2.09,6.37,0,0,0,0
aten::empty_strided,,,1.79,1.79,0,0,0,0
aten::copy_,,,2.49,2.49,0,0,0,0
aten::sub,,,4.31,10.76,0,0,0,0
aten::to,,,0.85,6.45,0,0,0,0
aten::_to_copy,,,1.99,5.6,0,0,0,0
aten::empty_strided,,,1.56,1.56,0,0,0,0
aten::copy_,,,2.05,2.05,0,0,0,0
aten::floor_divide,,,5.82,14.89,0,0,0,0
aten::to,,,0.85,7.53,0,0,0,0
aten::_to_copy,,,2.23,6.68,0,0,0,0
aten::empty_strided,,,2.19,2.19,0,0,0,0
aten::copy_,,,2.26,2.26,0,0,0,0
aten::empty,,,1.54,1.54,0,0,0,0
aten::resolve_conj,,,0.98,0.98,0,0,0,0
aten::resolve_neg,,,0.46,0.46,0,0,0,0
aten::arange,,,3.26,11.39,0,0,0,0
aten::empty,,,1.74,1.74,0,0,0,0
aten::arange,,,4.99,6.39,0,0,0,0
aten::resize_,,,1.4,1.4,0,0,0,0
aten::arange,,,3.0,8.08,0,0,0,0
aten::empty,,,1.11,1.11,0,0,0,0
aten::arange,,,2.98,3.97,0,0,0,0
aten::resize_,,,0.99,0.99,0,0,0,0
aten::cat,,,9.23,9.23,0,0,0,0
aten::eq,,,6.43,6.43,0,0,0,0
aten::cumsum,,,5.76,27.6,0,0,0,0
aten::to,,,0.96,21.84,0,0,0,0
aten::_to_copy,,,3.29,20.88,0,0,0,0
aten::empty_strided,,,13.93,13.93,0,0,0,0
aten::copy_,,,3.66,3.66,0,0,0,0
aten::sub,,,9.85,9.85,0,0,0,0
aten::stack,,,3.6,27.73,0,0,0,0
aten::unsqueeze,,,2.05,3.97,0,0,0,0
aten::as_strided,,,1.92,1.92,0,0,0,0
aten::unsqueeze,,,0.84,4.17,0,0,0,0
aten::as_strided,,,3.33,3.33,0,0,0,0
aten::cat,,,9.91,15.99,0,0,0,0
aten::narrow,,,2.49,6.08,0,0,0,0
aten::slice,,,1.79,3.59,0,0,0,0
aten::as_strided,,,1.8,1.8,0,0,0,0
aten::to,,,1.31,11.23,0,0,0,0
aten::_to_copy,,,2.89,9.92,0,0,0,0
aten::empty_strided,,,2.33,2.33,0,0,0,0
aten::copy_,,,4.7,4.7,0,0,0,0
aten::to,,,1.17,8.63,0,0,0,0
aten::_to_copy,,,2.52,7.46,0,0,0,0
aten::empty_strided,,,2.03,2.03,0,0,0,0
aten::copy_,,,2.91,2.91,0,0,0,0
aten::reshape,,,1.72,6.93,0,0,0,0
aten::view,,,5.21,5.21,0,0,0,0
aten::resolve_conj,,,0.83,0.83,0,0,0,0
aten::resolve_neg,,,1.44,1.44,0,0,0,0
aten::empty,,,2.77,2.77,0,0,0,0
aten::to,,,0.55,0.55,0,0,0,0
aten::lift_fresh,,,0.72,0.72,0,0,0,0
aten::detach_,,,0.44,0.44,0,0,0,0
aten::slice,,,2.24,10.59,0,0,0,0
aten::as_strided,,,8.35,8.35,0,0,0,0
aten::slice,,,1.38,2.81,0,0,0,0
aten::as_strided,,,1.43,1.43,0,0,0,0
aten::sub,,,13.21,13.21,0,0,0,0
aten::gt,,,9.74,9.74,0,0,0,0
aten::all,,,13.21,16.13,0,0,0,0
aten::as_strided,,,1.86,1.86,0,0,0,0
aten::fill_,,,1.06,1.06,0,0,0,0
aten::is_nonzero,,,2.06,6.47,0,0,0,0
aten::item,,,1.93,4.41,0,0,0,0
aten::_local_scalar_dense,,,2.48,2.48,0,0,0,0
aten::to,,,1.46,11.47,0,0,0,0
aten::_to_copy,,,3.2,10.01,0,0,0,0
aten::empty_strided,,,2.67,2.67,0,0,0,0
aten::copy_,,,4.14,4.14,0,0,0,0
aten::reshape,,,1.63,8.99,0,0,0,0
aten::view,,,7.36,7.36,0,0,0,0
aten::resolve_conj,,,1.11,1.11,0,0,0,0
aten::resolve_neg,,,1.48,1.48,0,0,0,0
aten::to,,,2.38,152.25,0,0,0,0
aten::_to_copy,,,6.62,149.87,0,0,0,0
aten::empty_strided,,,13.22,20.96,0,0,0,0
empty_tensor,,,7.74,7.74,0,0,0,0
aten::copy_,,,105.73,122.29,0,0,0,0
acl_memcpy_host_to_device,,,16.56,16.56,0,0,0,0
aten::to,,,3.06,134.43,0,0,0,0
aten::_to_copy,,,6.12,131.37,0,0,0,0
aten::empty_strided,,,11.5,33.08,0,0,0,0
empty_tensor,,,21.58,21.58,0,0,0,0
aten::copy_,,,79.74,92.17,0,0,0,0
acl_memcpy_host_to_device,,,12.43,12.43,0,0,0,0
aten::to,,,2.54,107.88,0,0,0,0
aten::_to_copy,,,5.58,105.34,0,0,0,0
aten::empty_strided,,,8.72,16.49,0,0,0,0
empty_tensor,,,7.77,7.77,0,0,0,0
aten::copy_,,,68.99,83.27,0,0,0,0
acl_memcpy_host_to_device,,,14.28,14.28,0,0,0,0
aten::to,,,2.62,95.53,0,0,0,0
aten::_to_copy,,,5.07,92.91,0,0,0,0
aten::empty_strided,,,8.68,14.09,0,0,0,0
empty_tensor,,,5.41,5.41,0,0,0,0
aten::copy_,,,59.26,73.75,0,0,0,0
acl_memcpy_host_to_device,,,14.49,14.49,0,0,0,0
aten::to,,,2.65,94.42,0,0,0,0
aten::_to_copy,,,5.23,91.77,0,0,0,0
aten::empty_strided,,,8.06,14.23,0,0,0,0
empty_tensor,,,6.17,6.17,0,0,0,0
aten::copy_,,,59.02,72.31,0,0,0,0
acl_memcpy_host_to_device,,,13.29,13.29,0,0,0,0
aten::to,,,2.86,83.32,0,0,0,0
aten::_to_copy,,,5.19,80.46,0,0,0,0
aten::empty_strided,,,8.3,13.17,0,0,0,0
empty_tensor,,,4.87,4.87,0,0,0,0
aten::copy_,,,50.96,62.1,0,0,0,0
acl_memcpy_host_to_device,,,11.14,11.14,0,0,0,0
aten::slice,,,9.08,15.75,0,0,0,0
aten::as_strided,,,6.67,6.67,0,0,0,0
aten::slice,,,2.91,6.33,0,0,0,0
aten::as_strided,,,3.42,3.42,0,0,0,0
aten::sub,,,24.1,52.19,0,1.26003125,0,0
empty_tensor,,,10.11,10.11,0,0,0,0
aclnnSub,,,17.98,17.98,1.26003125,1.26003125,0,0
aten::sub,,,17.14,41.08,0,1.22003125,0,0
empty_tensor,,,20.9,20.9,0,0,0,0
aclnnSub,,,3.04,3.04,1.22003125,1.22003125,0,0
aten::gt,,,16.94,35.28,0,3.58003125,0,0
empty_tensor,,,6.3,6.3,0,0,0,0
aclnnGtScalar,,,12.04,12.04,3.58003125,3.58003125,0,0
aten::slice,,,2.99,8.32,0,0,0,0
aten::as_strided,,,5.33,5.33,0,0,0,0
aten::slice,,,5.58,9.85,0,0,0,0
aten::as_strided,,,4.27,4.27,0,0,0,0
aten::slice,,,3.0,6.31,0,0,0,0
aten::as_strided,,,3.31,3.31,0,0,0,0
aten::slice,,,3.34,6.72,0,0,0,0
aten::as_strided,,,3.38,3.38,0,0,0,0
aten::empty_like,,,4.44,18.72,0,0,0,0
aten::empty_strided,,,9.38,14.28,0,0,0,0
empty_tensor,,,4.9,4.9,0,0,0,0
aten::slice,,,1.72,4.35,0,0,0,0
aten::as_strided,,,2.63,2.63,0,0,0,0
aten::slice,,,2.78,5.32,0,0,0,0
aten::as_strided,,,2.54,2.54,0,0,0,0
aten::copy_,,,60.3,80.15,0,0.5,0,0
aclnnInplaceCopy,,,19.85,19.85,0.5,0.5,0,0
aten::slice,,,5.82,9.95,0,0,0,0
aten::as_strided,,,4.13,4.13,0,0,0,0
aten::slice,,,2.66,5.29,0,0,0,0
aten::as_strided,,,2.63,2.63,0,0,0,0
aten::slice,,,1.35,3.9,0,0,0,0
aten::as_strided,,,2.55,2.55,0,0,0,0
aten::sub,,,18.06,21.9,0,1.26003125,0,0
aclnnSub,,,3.84,3.84,1.26003125,1.26003125,0,0
Event::record,,,193.52,214.64,0,0.02,0,0
record_event,,,21.12,21.12,0.02,0.02,0,0
aten::slice,,,9.45,16.72,0,0,0,0
aten::as_strided,,,7.27,7.27,0,0,0,0
aten::slice,,,3.87,7.15,0,0,0,0
aten::as_strided,,,3.28,3.28,0,0,0,0
aten::slice,,,6.84,13.91,0,0,0,0
aten::as_strided,,,7.07,7.07,0,0,0,0
aten::scalar_tensor,,,6.25,60.29,0,1.46,0,0
aten::empty,,,3.81,15.03,0,0,0,0
empty_tensor,,,11.22,11.22,0,0,0,0
aten::fill_,,,17.87,39.01,0,1.46,0,0
aclnnInplaceFillScalar,,,21.14,21.14,1.46,1.46,0,0
aten::view,,,4.76,4.76,0,0,0,0
aten::expand,,,3.57,6.08,0,0,0,0
aten::as_strided,,,2.51,2.51,0,0,0,0
aten::copy_,,,23.53,35.45,0,4.22009375,0,0
aclnnInplaceCopy,,,11.92,11.92,4.22009375,4.22009375,0,0
aten::scalar_tensor,,,4.33,35.16,0,1.26,0,0
aten::empty,,,2.27,8.92,0,0,0,0
empty_tensor,,,6.65,6.65,0,0,0,0
aten::fill_,,,10.16,21.91,0,1.26,0,0
aclnnInplaceFillScalar,,,11.75,11.75,1.26,1.26,0,0
aten::slice,,,5.64,10.55,0,0,0,0
aten::as_strided,,,4.91,4.91,0,0,0,0
aten::view,,,2.57,2.57,0,0,0,0
aten::expand,,,1.9,3.88,0,0,0,0
aten::as_strided,,,1.98,1.98,0,0,0,0
aten::copy_,,,2.13,2.13,0,0,0,0
aten::to,,,3.02,61.4,0,1.4400625,0,0
aten::_to_copy,,,6.63,58.38,0,1.4400625,0,0
aten::empty_strided,,,11.84,18.43,0,0,0,0
empty_tensor,,,6.59,6.59,0,0,0,0
aten::copy_,,,19.25,33.32,0,1.4400625,0,0
aclnnInplaceCopy,,,14.07,14.07,1.4400625,1.4400625,0,0
aten::embedding,,,15.98,37.06,0,9.2001875,0,0
empty_tensor,,,9.61,9.61,0,0,0,0
aclnnEmbedding,,,11.47,11.47,9.2001875,9.2001875,0,0
aten::unsqueeze,,,4.46,10.38,0,0,0,0
aten::as_strided,,,5.92,5.92,0,0,0,0
aten::expand,,,3.66,8.12,0,0,0,0
aten::as_strided,,,4.46,4.46,0,0,0,0
aten::contiguous,,,3.88,48.78,0,11.72021875,0,0
aten::clone,,,5.05,44.9,0,11.72021875,0,0
empty_tensor,,,11.97,11.97,0,0,0,0
aten::copy_,,,15.24,27.88,0,11.72021875,0,0
aclnnInplaceCopy,,,12.64,12.64,11.72021875,11.72021875,0,0
_C_ascend::npu_hc_pre_v2,,,67.25,131.96,0,91.0418125,0,0
aten::empty,,,3.43,14.75,0,0,0,0
empty_tensor,,,11.32,11.32,0,0,0,0
aten::empty,,,1.7,8.67,0,0,0,0
empty_tensor,,,6.97,6.97,0,0,0,0
aten::empty,,,1.54,6.17,0,0,0,0
empty_tensor,,,4.63,4.63,0,0,0,0
aten::empty,,,1.42,5.34,0,0,0,0
empty_tensor,,,3.92,3.92,0,0,0,0
aten::empty,,,3.18,14.29,0,0,0,0
empty_tensor,,,11.11,11.11,0,0,0,0
aclnnHcPre,,,15.49,15.49,91.0418125,91.0418125,0,0
npu::npu_rms_norm,,,64.15,92.18,0,13.86025,0,0
empty_tensor,,,9.63,9.63,0,0,0,0
empty_tensor,,,4.52,4.52,0,0,0,0
aclnnRmsNorm,,,13.88,13.88,13.86025,13.86025,0,0
aten::unsqueeze,,,3.95,9.09,0,0,0,0
aten::as_strided,,,5.14,5.14,0,0,0,0
aten::linear,,,5.83,68.89,0,412.94825,0,412.94825
aten::t,,,6.82,16.16,0,0,0,0
aten::transpose,,,3.69,9.34,0,0,0,0
aten::as_strided,,,5.65,5.65,0,0,0,0
aten::matmul,,,21.49,46.9,0,412.94825,0,412.94825
empty_tensor,,,10.58,10.58,0,0,0,0
aclnnMatmul,,,14.83,14.83,412.94825,412.94825,412.94825,412.94825
aten::split_with_sizes,,,7.68,19.13,0,0,0,0
aten::as_strided,,,5.45,5.45,0,0,0,0
aten::as_strided,,,2.08,2.08,0,0,0,0
aten::as_strided,,,1.74,1.74,0,0,0,0
aten::as_strided,,,2.18,2.18,0,0,0,0
aten::unsqueeze,,,2.63,6.57,0,0,0,0
aten::as_strided,,,3.94,3.94,0,0,0,0
vllm::unquantized_gemm,,,24.93,95.21,0,14.2003125,0,11.12025
aten::linear,,,4.59,70.28,0,14.2003125,0,11.12025
aten::t,,,4.61,12.63,0,0,0,0
aten::transpose,,,2.88,8.02,0,0,0,0
aten::as_strided,,,5.14,5.14,0,0,0,0
aten::matmul,,,25.56,53.06,0,14.2003125,0,11.12025
empty_tensor,,,12.26,12.26,0,0,0,0
aclnnMatmul,,,15.24,15.24,14.2003125,14.2003125,11.12025,11.12025
aten::reshape,,,2.27,8.28,0,0,0,0
aten::view,,,6.01,6.01,0,0,0,0
vllm::unquantized_gemm,,,21.3,88.71,0,12.48025,0,9.70021875
aten::linear,,,4.04,67.41,0,12.48025,0,9.70021875
aten::t,,,4.47,12.04,0,0,0,0
aten::transpose,,,2.34,7.57,0,0,0,0
aten::as_strided,,,5.23,5.23,0,0,0,0
aten::matmul,,,25.41,51.33,0,12.48025,0,9.70021875
empty_tensor,,,11.21,11.21,0,0,0,0
aclnnMatmul,,,14.71,14.71,12.48025,12.48025,9.70021875,9.70021875
aten::reshape,,,2.03,7.16,0,0,0,0
aten::view,,,5.13,5.13,0,0,0,0
aten::empty,,,3.57,15.7,0,0,0,0
empty_tensor,,,12.13,12.13,0,0,0,0
aten::slice,,,3.81,9.51,0,0,0,0
aten::as_strided,,,5.7,5.7,0,0,0,0
aten::alias,,,3.08,3.08,0,0,0,0
aten::alias,,,1.06,1.06,0,0,0,0
aten::zeros_like,,,5.43,56.83,0,10.66021875,0,0
aten::empty_like,,,5.92,21.01,0,0,0,0
aten::empty_strided,,,10.51,15.09,0,0,0,0
empty_tensor,,,4.58,4.58,0,0,0,0
aten::zero_,,,15.49,30.39,0,10.66021875,0,0
aclnnInplaceZero,,,14.9,14.9,10.66021875,10.66021875,0,0
aten::empty,,,3.25,12.91,0,0,0,0
empty_tensor,,,9.66,9.66,0,0,0,0
aten::empty,,,2.02,7.15,0,0,0,0
empty_tensor,,,5.13,5.13,0,0,0,0
_copy_conv_state_kernel,,,24.62,24.62,17.70034375,17.70034375,0,0
fla_npu_stable::npu_causal_conv1d_fn,,,173.49,239.96,0,86.2416875,0,0
aten::empty_strided,,,14.94,22.79,0,0,0,0
empty_tensor,,,7.85,7.85,0,0,0,0
aten::empty_strided,,,13.88,21.81,0,0,0,0
empty_tensor,,,7.93,7.93,0,0,0,0
aclnnCausalConv1d,,,21.87,21.87,86.2416875,86.2416875,0,0
_copy_conv_state_kernel,,,28.64,28.64,10.28021875,10.28021875,0,0
aten::split,,,4.92,29.84,0,0,0,0
aten::narrow,,,4.48,16.24,0,0,0,0
aten::slice,,,4.08,11.76,0,0,0,0
aten::as_strided,,,7.68,7.68,0,0,0,0
aten::narrow,,,1.28,4.41,0,0,0,0
aten::slice,,,1.34,3.13,0,0,0,0
aten::as_strided,,,1.79,1.79,0,0,0,0
aten::narrow,,,1.05,4.27,0,0,0,0
aten::slice,,,1.1,3.22,0,0,0,0
aten::as_strided,,,2.12,2.12,0,0,0,0
aten::zero_,,,16.06,34.78,0,8.88015625,0,0
aclnnInplaceZero,,,18.72,18.72,8.88015625,8.88015625,0,0
aten::reshape,,,9.67,19.92,0,0,0,0
aten::_reshape_alias,,,3.71,10.25,0,0,0,0
aten::view,,,6.54,6.54,0,0,0,0
aten::reshape,,,2.6,9.08,0,0,0,0
aten::_reshape_alias,,,2.03,6.48,0,0,0,0
aten::view,,,4.45,4.45,0,0,0,0
aten::reshape,,,1.83,7.03,0,0,0,0
aten::_reshape_alias,,,1.72,5.2,0,0,0,0
aten::view,,,3.48,3.48,0,0,0,0
aten::slice,,,3.05,6.38,0,0,0,0
aten::as_strided,,,3.33,3.33,0,0,0,0
aten::slice,,,1.55,3.84,0,0,0,0
aten::as_strided,,,2.29,2.29,0,0,0,0
aten::slice,,,1.57,3.99,0,0,0,0
aten::as_strided,,,2.42,2.42,0,0,0,0
aten::slice,,,1.27,3.28,0,0,0,0
aten::as_strided,,,2.01,2.01,0,0,0,0
aten::slice,,,1.47,4.0,0,0,0,0
aten::as_strided,,,2.53,2.53,0,0,0,0
aten::slice,,,6.19,8.67,0,0,0,0
aten::as_strided,,,2.48,2.48,0,0,0,0
aten::slice,,,3.58,6.84,0,0,0,0
aten::as_strided,,,3.26,3.26,0,0,0,0
aten::reshape,,,1.87,9.89,0,0,0,0
aten::view,,,8.02,8.02,0,0,0,0
_C_ascend::recurrent_kda,,,83.71,144.7,0,30.540625,0,0
aten::empty_like,,,6.0,24.96,0,0,0,0
aten::empty_strided,,,12.16,18.96,0,0,0,0
empty_tensor,,,6.8,6.8,0,0,0,0
aten::empty,,,3.56,15.86,0,0,0,0
empty_tensor,,,12.3,12.3,0,0,0,0
aclnnRecurrentKda,,,20.17,20.17,30.540625,30.540625,0,0
aten::arange,,,20.27,43.43,0,6.840125,0,0
empty_tensor,,,9.51,9.51,0,0,0,0
aclnnArange,,,13.65,13.65,6.840125,6.840125,0,0
aten::select,,,8.99,14.76,0,0,0,0
aten::as_strided,,,5.77,5.77,0,0,0,0
aten::lt,,,20.55,38.89,0,4.4200625,0,0
empty_tensor,,,7.61,7.61,0,0,0,0
aclnnLtTensor,,,10.73,10.73,4.4200625,4.4200625,0,0
aten::unsqueeze,,,2.98,6.35,0,0,0,0
aten::as_strided,,,3.37,3.37,0,0,0,0
aten::unsqueeze,,,1.92,3.6,0,0,0,0
aten::as_strided,,,1.68,1.68,0,0,0,0
aten::unsqueeze,,,1.3,2.86,0,0,0,0
aten::as_strided,,,1.56,1.56,0,0,0,0
aten::bitwise_not,,,13.82,31.2,0,1.54003125,0,0
empty_tensor,,,7.04,7.04,0,0,0,0
aclnnBitwiseNot,,,10.34,10.34,1.54003125,1.54003125,0,0
aten::masked_fill,,,11.91,118.23,0,4.10009375,0,0
aten::expand,,,2.79,6.52,0,0,0,0
aten::as_strided,,,3.73,3.73,0,0,0,0
aten::expand,,,1.29,4.89,0,0,0,0
aten::as_strided,,,3.6,3.6,0,0,0,0
aten::clone,,,4.89,79.02,0,0.62,0,0
empty_tensor,,,6.81,6.81,0,0,0,0
aten::copy_,,,54.25,67.32,0,0.62,0,0
aclnnInplaceCopy,,,13.07,13.07,0.62,0.62,0,0
aten::masked_fill_,,,13.1,15.89,0,3.48009375,0,0
aclnnInplaceMaskedFillScalar,,,2.79,2.79,3.48009375,3.48009375,0,0
aten::slice,,,4.22,9.16,0,0,0,0
aten::as_strided,,,4.94,4.94,0,0,0,0
aten::slice,,,1.72,4.57,0,0,0,0
aten::as_strided,,,2.85,2.85,0,0,0,0
aten::slice,,,1.46,3.74,0,0,0,0
aten::as_strided,,,2.28,2.28,0,0,0,0
aten::slice,,,1.36,3.5,0,0,0,0
aten::as_strided,,,2.14,2.14,0,0,0,0
aten::slice,,,1.39,3.8,0,0,0,0
aten::as_strided,,,2.41,2.41,0,0,0,0
aten::to,,,2.66,60.13,0,1.2,0,0
aten::_to_copy,,,6.28,57.47,0,1.2,0,0
aten::empty_strided,,,9.5,15.26,0,0,0,0
empty_tensor,,,5.76,5.76,0,0,0,0
aten::copy_,,,18.29,35.93,0,1.2,0,0
aclnnInplaceCopy,,,17.64,17.64,1.2,1.2,0,0
aten::to,,,2.32,47.08,0,1.38003125,0,0
aten::_to_copy,,,4.86,44.76,0,1.38003125,0,0
aten::empty_strided,,,7.76,13.07,0,0,0,0
empty_tensor,,,5.31,5.31,0,0,0,0
aten::copy_,,,14.66,26.83,0,1.38003125,0,0
aclnnInplaceCopy,,,12.17,12.17,1.38003125,1.38003125,0,0
aten::mul,,,16.78,33.9,0,1.9400625,0,0
empty_tensor,,,6.81,6.81,0,0,0,0
aclnnMul,,,10.31,10.31,1.9400625,1.9400625,0,0
aten::index_select,,,22.06,43.5,0,806.876125,0,0
empty_tensor,,,10.52,10.52,0,0,0,0
aclnnIndexSelect,,,10.92,10.92,806.876125,806.876125,0,0
aten::view,,,6.67,6.67,0,0,0,0
aten::to,,,2.11,46.55,0,1.40003125,0,0
aten::_to_copy,,,5.22,44.44,0,1.40003125,0,0
aten::empty_strided,,,7.57,12.74,0,0,0,0
empty_tensor,,,5.17,5.17,0,0,0,0
aten::copy_,,,15.55,26.48,0,1.40003125,0,0
aclnnInplaceCopy,,,10.93,10.93,1.40003125,1.40003125,0,0
aten::mul,,,15.37,33.73,0,15.1203125,0,0
empty_tensor,,,8.65,8.65,0,0,0,0
aclnnMul,,,9.71,9.71,15.1203125,15.1203125,0,0
aten::to,,,1.77,1.77,0,0,0,0
aten::to,,,1.64,64.63,0,7.300125,0,0
aten::_to_copy,,,5.79,62.99,0,7.300125,0,0
aten::empty_strided,,,6.56,10.71,0,0,0,0
empty_tensor,,,4.15,4.15,0,0,0,0
aten::copy_,,,19.34,46.49,0,7.300125,0,0
aclnnInplaceCopy,,,27.15,27.15,7.300125,7.300125,0,0
aten::sigmoid,,,13.73,36.61,0,4.18009375,0,0
empty_tensor,,,7.59,7.59,0,0,0,0
aclnnSigmoid,,,15.29,15.29,4.18009375,4.18009375,0,0
aten::contiguous,,,3.13,55.61,0,9.7601875,0,0
aten::clone,,,4.4,52.48,0,9.7601875,0,0
empty_tensor,,,8.65,8.65,0,0,0,0
aten::copy_,,,22.87,39.43,0,9.7601875,0,0
aclnnInplaceCopy,,,16.56,16.56,9.7601875,9.7601875,0,0
aten::view,,,7.29,7.29,0,0,0,0
aten::empty_like,,,5.21,28.98,0,0,0,0
aten::empty_strided,,,19.59,23.77,0,0,0,0
empty_tensor,,,4.18,4.18,0,0,0,0
l2norm_fwd_kernel2,,,30.47,30.47,15.2803125,15.2803125,0,0
aten::view,,,10.26,10.26,0,0,0,0
aten::contiguous,,,3.13,59.02,0,10.22021875,0,0
aten::clone,,,5.42,55.89,0,10.22021875,0,0
empty_tensor,,,11.82,11.82,0,0,0,0
aten::copy_,,,20.32,38.65,0,10.22021875,0,0
aclnnInplaceCopy,,,18.33,18.33,10.22021875,10.22021875,0,0
aten::view,,,4.96,4.96,0,0,0,0
aten::empty_like,,,5.38,20.92,0,0,0,0
aten::empty_strided,,,10.64,15.54,0,0,0,0
empty_tensor,,,4.9,4.9,0,0,0,0
l2norm_fwd_kernel2,,,26.38,26.38,10.50021875,10.50021875,0,0
aten::view,,,11.15,11.15,0,0,0,0
aten::contiguous,,,3.42,55.39,0,9.3201875,0,0
aten::clone,,,5.38,51.97,0,9.3201875,0,0
empty_tensor,,,10.99,10.99,0,0,0,0
aten::copy_,,,20.24,35.6,0,9.3201875,0,0
aclnnInplaceCopy,,,15.36,15.36,9.3201875,9.3201875,0,0
aten::reshape,,,1.82,11.89,0,0,0,0
aten::view,,,10.07,10.07,0,0,0,0
_C_ascend::chunk_kda_fwd,,,72.97,154.56,0,975.6395,0,0
aten::empty,,,3.33,16.12,0,0,0,0
empty_tensor,,,12.79,12.79,0,0,0,0
aten::empty,,,1.42,8.19,0,0,0,0
empty_tensor,,,6.77,6.77,0,0,0,0
aten::empty,,,1.31,7.62,0,0,0,0
empty_tensor,,,6.31,6.31,0,0,0,0
aten::empty_like,,,4.76,16.05,0,0,0,0
aten::empty_strided,,,8.23,11.29,0,0,0,0
empty_tensor,,,3.06,3.06,0,0,0,0
aten::empty,,,2.47,12.52,0,0,0,0
empty_tensor,,,10.05,10.05,0,0,0,0
aclnnChunkKdaFwd,,,21.09,21.09,975.6395,975.6395,0,0
aten::to,,,2.41,2.41,0,0,0,0
aten::to,,,2.24,54.84,0,1.38003125,0,0
aten::_to_copy,,,6.0,52.6,0,1.38003125,0,0
aten::empty_strided,,,7.56,12.42,0,0,0,0
empty_tensor,,,4.86,4.86,0,0,0,0
aten::copy_,,,19.1,34.18,0,1.38003125,0,0
aclnnInplaceCopy,,,15.08,15.08,1.38003125,1.38003125,0,0
aten::index_copy_,,,24.33,34.75,0,1846.75690625,0,0
aclnnInplaceIndexCopy,,,10.42,10.42,1846.75690625,1846.75690625,0,0
aten::cat,,,18.77,37.4,0,12.96025,0,0
empty_tensor,,,8.37,8.37,0,0,0,0
aclnnCat,,,10.26,10.26,12.96025,12.96025,0,0
aten::select,,,4.87,9.56,0,0,0,0
aten::as_strided,,,4.69,4.69,0,0,0,0
aten::select,,,2.04,5.31,0,0,0,0
aten::as_strided,,,3.27,3.27,0,0,0,0
aten::copy_,,,14.84,28.22,0,9.82021875,0,0
aclnnInplaceCopy,,,13.38,13.38,9.82021875,9.82021875,0,0
aten::reshape,,,2.33,8.18,0,0,0,0
aten::view,,,5.85,5.85,0,0,0,0
aten::reshape,,,1.1,4.66,0,0,0,0
aten::view,,,3.56,3.56,0,0,0,0
aten::empty_like,,,5.13,20.16,0,0,0,0
aten::empty_strided,,,10.07,15.03,0,0,0,0
empty_tensor,,,4.96,4.96,0,0,0,0
aten::empty,,,3.23,9.89,0,0,0,0
empty_tensor,,,6.66,6.66,0,0,0,0
layer_norm_gated_fwd_kernel,,,31.53,31.53,27.12053125,27.12053125,0,0
aten::reshape,,,2.49,12.34,0,0,0,0
aten::view,,,9.85,9.85,0,0,0,0
aten::reshape,,,1.41,6.16,0,0,0,0
aten::view,,,4.75,4.75,0,0,0,0
vllm::unquantized_gemm,,,25.23,99.86,0,173.28346875,0,173.28346875
aten::linear,,,5.76,74.63,0,173.28346875,0,173.28346875
aten::t,,,5.76,15.98,0,0,0,0
aten::transpose,,,3.59,10.22,0,0,0,0
aten::as_strided,,,6.63,6.63,0,0,0,0
aten::matmul,,,23.14,52.89,0,173.28346875,0,173.28346875
empty_tensor,,,12.68,12.68,0,0,0,0
aclnnMatmul,,,17.07,17.07,173.28346875,173.28346875,173.28346875,173.28346875
aten::unsqueeze,,,4.68,10.56,0,0,0,0
aten::as_strided,,,5.88,5.88,0,0,0,0
aten::unsqueeze,,,2.21,5.54,0,0,0,0
aten::as_strided,,,3.33,3.33,0,0,0,0
aten::squeeze,,,3.29,6.26,0,0,0,0
aten::as_strided,,,2.97,2.97,0,0,0,0
aten::unsqueeze,,,1.52,4.31,0,0,0,0
aten::as_strided,,,2.79,2.79,0,0,0,0
aten::unsqueeze,,,1.71,6.04,0,0,0,0
aten::as_strided,,,4.33,4.33,0,0,0,0
_C_ascend::npu_hc_post,,,51.47,94.67,0,34.9806875,0,0
aten::empty,,,3.38,14.12,0,0,0,0
empty_tensor,,,10.74,10.74,0,0,0,0
aten::empty,,,2.6,13.17,0,0,0,0
empty_tensor,,,10.57,10.57,0,0,0,0
aclnnHcPost,,,15.91,15.91,34.9806875,34.9806875,0,0
aten::squeeze,,,4.32,8.87,0,0,0,0
aten::as_strided,,,4.55,4.55,0,0,0,0
_C_ascend::npu_hc_pre_v2,,,53.68,114.68,0,93.161875,0,0
aten::empty,,,3.66,14.96,0,0,0,0
empty_tensor,,,11.3,11.3,0,0,0,0
aten::empty,,,1.69,7.37,0,0,0,0
empty_tensor,,,5.68,5.68,0,0,0,0
aten::empty,,,1.56,5.94,0,0,0,0
empty_tensor,,,4.38,4.38,0,0,0,0
aten::empty,,,1.55,5.45,0,0,0,0
empty_tensor,,,3.9,3.9,0,0,0,0
aten::empty,,,2.78,12.8,0,0,0,0
empty_tensor,,,10.02,10.02,0,0,0,0
aclnnHcPre,,,14.48,14.48,93.161875,93.161875,0,0
npu::npu_rms_norm,,,61.73,91.72,0,16.3203125,0,0
empty_tensor,,,9.7,9.7,0,0,0,0
empty_tensor,,,4.73,4.73,0,0,0,0
aclnnRmsNorm,,,15.56,15.56,16.3203125,16.3203125,0,0
aten::unsqueeze,,,4.24,9.2,0,0,0,0
aten::as_strided,,,4.96,4.96,0,0,0,0
vllm::unquantized_gemm,,,24.13,91.4,0,474.6095,0,474.6095
aten::linear,,,5.13,67.27,0,474.6095,0,474.6095
aten::t,,,5.59,14.75,0,0,0,0
aten::transpose,,,3.23,9.16,0,0,0,0
aten::as_strided,,,5.93,5.93,0,0,0,0
aten::matmul,,,20.26,47.39,0,474.6095,0,474.6095
empty_tensor,,,11.21,11.21,0,0,0,0
aclnnMatmul,,,15.92,15.92,474.6095,474.6095,474.6095,474.6095
aten::slice,,,4.44,9.61,0,0,0,0
aten::as_strided,,,5.17,5.17,0,0,0,0
aten::clamp,,,26.82,65.59,0,65.8413125,0,0
empty_tensor,,,11.34,11.34,0,0,0,0
aclnnClamp,,,27.43,27.43,65.8413125,65.8413125,0,0
aten::slice,,,3.31,7.42,0,0,0,0
aten::as_strided,,,4.11,4.11,0,0,0,0
aten::clamp,,,20.54,40.28,0,56.201125,0,0
empty_tensor,,,8.58,8.58,0,0,0,0
aclnnClamp,,,11.16,11.16,56.201125,56.201125,0,0
aten::mul,,,19.8,44.23,0,10.56021875,0,0
empty_tensor,,,7.81,7.81,0,0,0,0
aten::item,,,2.82,4.86,0,0,0,0
aten::_local_scalar_dense,,,2.04,2.04,0,0,0,0
aclnnMuls,,,11.76,11.76,10.56021875,10.56021875,0,0
aten::sigmoid,,,11.65,32.03,0,14.32028125,0,0
empty_tensor,,,9.64,9.64,0,0,0,0
aclnnSigmoid,,,10.74,10.74,14.32028125,14.32028125,0,0
aten::mul,,,15.15,31.42,0,17.72034375,0,0
empty_tensor,,,6.64,6.64,0,0,0,0
aclnnMul,,,9.63,9.63,17.72034375,17.72034375,0,0
aten::add,,,19.82,39.7,0,13.26028125,0,0
empty_tensor,,,6.8,6.8,0,0,0,0
aten::item,,,1.75,3.16,0,0,0,0
aten::_local_scalar_dense,,,1.41,1.41,0,0,0,0
aclnnAdds,,,9.92,9.92,13.26028125,13.26028125,0,0
aten::mul,,,15.46,31.8,0,9.7201875,0,0
empty_tensor,,,7.0,7.0,0,0,0,0
aclnnMul,,,9.34,9.34,9.7201875,9.7201875,0,0
vllm::unquantized_gemm,,,24.01,88.35,0,246.1249375,0,246.1249375
aten::linear,,,4.45,64.34,0,246.1249375,0,246.1249375
aten::t,,,6.0,15.8,0,0,0,0
aten::transpose,,,3.15,9.8,0,0,0,0
aten::as_strided,,,6.65,6.65,0,0,0,0
aten::matmul,,,18.99,44.09,0,246.1249375,0,246.1249375
empty_tensor,,,11.03,11.03,0,0,0,0
aclnnMatmul,,,14.07,14.07,246.1249375,246.1249375,246.1249375,246.1249375
aten::unsqueeze,,,5.6,11.91,0,0,0,0
aten::as_strided,,,6.31,6.31,0,0,0,0
aten::unsqueeze,,,2.5,5.76,0,0,0,0
aten::as_strided,,,3.26,3.26,0,0,0,0
aten::squeeze,,,3.0,5.93,0,0,0,0
aten::as_strided,,,2.93,2.93,0,0,0,0
aten::unsqueeze,,,1.89,4.23,0,0,0,0
aten::as_strided,,,2.34,2.34,0,0,0,0
aten::unsqueeze,,,1.95,5.56,0,0,0,0
aten::as_strided,,,3.61,3.61,0,0,0,0
_C_ascend::npu_hc_post,,,51.04,93.61,0,35.0006875,0,0
aten::empty,,,3.33,13.76,0,0,0,0
empty_tensor,,,10.43,10.43,0,0,0,0
aten::empty,,,2.88,13.29,0,0,0,0
empty_tensor,,,10.41,10.41,0,0,0,0
aclnnHcPost,,,15.52,15.52,35.0006875,35.0006875,0,0
aten::squeeze,,,4.29,9.08,0,0,0,0
aten::as_strided,,,4.79,4.79,0,0,0,0
_C_ascend::npu_hc_pre_v2,,,52.42,109.89,0,89.5018125,0,0
aten::empty,,,3.63,12.81,0,0,0,0
empty_tensor,,,9.18,9.18,0,0,0,0
aten::empty,,,1.56,7.12,0,0,0,0
empty_tensor,,,5.56,5.56,0,0,0,0
aten::empty,,,1.44,5.23,0,0,0,0
empty_tensor,,,3.79,3.79,0,0,0,0
aten::empty,,,1.52,5.24,0,0,0,0
empty_tensor,,,3.72,3.72,0,0,0,0
aten::empty,,,2.98,12.74,0,0,0,0
empty_tensor,,,9.76,9.76,0,0,0,0
aclnnHcPre,,,14.33,14.33,89.5018125,89.5018125,0,0
npu::npu_rms_norm,,,59.22,89.83,0,16.0603125,0,0
empty_tensor,,,9.96,9.96,0,0,0,0
empty_tensor,,,5.48,5.48,0,0,0,0
aclnnRmsNorm,,,15.17,15.17,16.0603125,16.0603125,0,0
aten::unsqueeze,,,4.12,9.28,0,0,0,0
aten::as_strided,,,5.16,5.16,0,0,0,0
aten::linear,,,5.77,66.41,0,425.4085,0,425.4085
aten::t,,,5.88,15.15,0,0,0,0
aten::transpose,,,3.14,9.27,0,0,0,0
aten::as_strided,,,6.13,6.13,0,0,0,0
aten::matmul,,,19.91,45.49,0,425.4085,0,425.4085
empty_tensor,,,10.41,10.41,0,0,0,0
aclnnMatmul,,,15.17,15.17,425.4085,425.4085,425.4085,425.4085
aten::split_with_sizes,,,6.57,17.44,0,0,0,0
aten::as_strided,,,6.12,6.12,0,0,0,0
aten::as_strided,,,1.96,1.96,0,0,0,0
aten::as_strided,,,1.34,1.34,0,0,0,0
aten::as_strided,,,1.45,1.45,0,0,0,0
aten::unsqueeze,,,2.87,7.4,0,0,0,0
aten::as_strided,,,4.53,4.53,0,0,0,0
vllm::unquantized_gemm,,,22.01,93.13,0,15.3803125,0,12.52025
aten::linear,,,4.53,71.12,0,15.3803125,0,12.52025
aten::t,,,4.8,13.28,0,0,0,0
aten::transpose,,,2.69,8.48,0,0,0,0
aten::as_strided,,,5.79,5.79,0,0,0,0
aten::matmul,,,25.96,53.31,0,15.3803125,0,12.52025
empty_tensor,,,12.65,12.65,0,0,0,0
aclnnMatmul,,,14.7,14.7,15.3803125,15.3803125,12.52025,12.52025
aten::reshape,,,2.28,8.52,0,0,0,0
aten::view,,,6.24,6.24,0,0,0,0
vllm::unquantized_gemm,,,21.09,86.96,0,11.56025,0,8.9801875
aten::linear,,,3.77,65.87,0,11.56025,0,8.9801875
aten::t,,,4.11,11.74,0,0,0,0
aten::transpose,,,2.35,7.63,0,0,0,0
aten::as_strided,,,5.28,5.28,0,0,0,0
aten::matmul,,,23.86,50.36,0,11.56025,0,8.9801875
empty_tensor,,,12.28,12.28,0,0,0,0
aclnnMatmul,,,14.22,14.22,11.56025,11.56025,8.9801875,8.9801875
aten::reshape,,,2.24,8.19,0,0,0,0
aten::view,,,5.95,5.95,0,0,0,0
aten::empty,,,3.25,15.25,0,0,0,0
empty_tensor,,,12.0,12.0,0,0,0,0
aten::slice,,,3.43,8.67,0,0,0,0
aten::as_strided,,,5.24,5.24,0,0,0,0
aten::alias,,,3.0,3.0,0,0,0,0
aten::alias,,,1.01,1.01,0,0,0,0
aten::zeros_like,,,4.8,53.45,0,10.7401875,0,0
aten::empty_like,,,5.52,20.33,0,0,0,0
aten::empty_strided,,,10.36,14.81,0,0,0,0
empty_tensor,,,4.45,4.45,0,0,0,0
aten::zero_,,,12.79,28.32,0,10.7401875,0,0
aclnnInplaceZero,,,15.53,15.53,10.7401875,10.7401875,0,0
aten::empty,,,3.07,12.16,0,0,0,0
empty_tensor,,,9.09,9.09,0,0,0,0
aten::empty,,,2.05,7.15,0,0,0,0
empty_tensor,,,5.1,5.1,0,0,0,0
_copy_conv_state_kernel,,,25.09,25.09,12.72028125,12.72028125,0,0
fla_npu_stable::npu_causal_conv1d_fn,,,143.64,204.18,0,86.20168749999999,0,0
aten::empty_strided,,,14.52,22.69,0,0,0,0
empty_tensor,,,8.17,8.17,0,0,0,0
aten::empty_strided,,,13.78,21.59,0,0,0,0
empty_tensor,,,7.81,7.81,0,0,0,0
aclnnCausalConv1d,,,16.26,16.26,86.20168749999999,86.20168749999999,0,0
_copy_conv_state_kernel,,,24.33,24.33,10.08021875,10.08021875,0,0
aten::split,,,5.05,30.22,0,0,0,0
aten::narrow,,,4.33,16.44,0,0,0,0
aten::slice,,,4.08,12.11,0,0,0,0
aten::as_strided,,,8.03,8.03,0,0,0,0
aten::narrow,,,1.28,4.42,0,0,0,0
aten::slice,,,1.07,3.14,0,0,0,0
aten::as_strided,,,2.07,2.07,0,0,0,0
aten::narrow,,,0.96,4.31,0,0,0,0
aten::slice,,,1.04,3.35,0,0,0,0
aten::as_strided,,,2.31,2.31,0,0,0,0
aten::zero_,,,15.78,30.32,0,7.460125,0,0
aclnnInplaceZero,,,14.54,14.54,7.460125,7.460125,0,0
aten::reshape,,,6.9,17.68,0,0,0,0
aten::_reshape_alias,,,3.21,10.78,0,0,0,0
aten::view,,,7.57,7.57,0,0,0,0
aten::reshape,,,2.41,8.19,0,0,0,0
aten::_reshape_alias,,,1.73,5.78,0,0,0,0
aten::view,,,4.05,4.05,0,0,0,0
aten::reshape,,,1.84,6.97,0,0,0,0
aten::_reshape_alias,,,1.73,5.13,0,0,0,0
aten::view,,,3.4,3.4,0,0,0,0
aten::slice,,,2.26,5.64,0,0,0,0
aten::as_strided,,,3.38,3.38,0,0,0,0
aten::slice,,,1.32,3.47,0,0,0,0
aten::as_strided,,,2.15,2.15,0,0,0,0
aten::slice,,,1.31,3.42,0,0,0,0
aten::as_strided,,,2.11,2.11,0,0,0,0
aten::slice,,,1.2,3.31,0,0,0,0
aten::as_strided,,,2.11,2.11,0,0,0,0
aten::slice,,,1.31,4.29,0,0,0,0
aten::as_strided,,,2.98,2.98,0,0,0,0
aten::slice,,,6.46,9.08,0,0,0,0
aten::as_strided,,,2.62,2.62,0,0,0,0
aten::slice,,,3.33,6.32,0,0,0,0
aten::as_strided,,,2.99,2.99,0,0,0,0
aten::reshape,,,1.68,9.87,0,0,0,0
aten::view,,,8.19,8.19,0,0,0,0
_C_ascend::recurrent_kda,,,57.72,115.76,0,29.0205625,0,0
aten::empty_like,,,6.16,25.11,0,0,0,0
aten::empty_strided,,,12.3,18.95,0,0,0,0
empty_tensor,,,6.65,6.65,0,0,0,0
aten::empty,,,3.21,14.8,0,0,0,0
empty_tensor,,,11.59,11.59,0,0,0,0
aclnnRecurrentKda,,,18.13,18.13,29.0205625,29.0205625,0,0
aten::arange,,,18.31,40.49,0,6.78015625,0,0
empty_tensor,,,9.17,9.17,0,0,0,0
aclnnArange,,,13.01,13.01,6.78015625,6.78015625,0,0
aten::select,,,8.03,13.93,0,0,0,0
aten::as_strided,,,5.9,5.9,0,0,0,0
aten::lt,,,19.52,39.47,0,4.30009375,0,0
empty_tensor,,,7.76,7.76,0,0,0,0
aclnnLtTensor,,,12.19,12.19,4.30009375,4.30009375,0,0
aten::unsqueeze,,,3.06,6.1,0,0,0,0
aten::as_strided,,,3.04,3.04,0,0,0,0
aten::unsqueeze,,,1.9,3.89,0,0,0,0
aten::as_strided,,,1.99,1.99,0,0,0,0
aten::unsqueeze,,,1.68,3.66,0,0,0,0
aten::as_strided,,,1.98,1.98,0,0,0,0
aten::bitwise_not,,,13.01,30.46,0,1.4400625,0,0
empty_tensor,,,7.09,7.09,0,0,0,0
aclnnBitwiseNot,,,10.36,10.36,1.4400625,1.4400625,0,0
aten::masked_fill,,,10.18,116.38,0,4.24009375,0,0
aten::expand,,,2.91,6.96,0,0,0,0
aten::as_strided,,,4.05,4.05,0,0,0,0
aten::expand,,,1.61,5.54,0,0,0,0
aten::as_strided,,,3.93,3.93,0,0,0,0
aten::clone,,,5.01,78.92,0,0.6,0,0
empty_tensor,,,6.97,6.97,0,0,0,0
aten::copy_,,,54.28,66.94,0,0.6,0,0
aclnnInplaceCopy,,,12.66,12.66,0.6,0.6,0,0
aten::masked_fill_,,,11.48,14.78,0,3.64009375,0,0
aclnnInplaceMaskedFillScalar,,,3.3,3.3,3.64009375,3.64009375,0,0
aten::slice,,,4.31,9.23,0,0,0,0
aten::as_strided,,,4.92,4.92,0,0,0,0
aten::slice,,,1.87,4.64,0,0,0,0
aten::as_strided,,,2.77,2.77,0,0,0,0
aten::slice,,,1.77,4.31,0,0,0,0
aten::as_strided,,,2.54,2.54,0,0,0,0
aten::slice,,,1.4,3.51,0,0,0,0
aten::as_strided,,,2.11,2.11,0,0,0,0
aten::slice,,,1.52,3.71,0,0,0,0
aten::as_strided,,,2.19,2.19,0,0,0,0
aten::to,,,2.75,56.82,0,1.14,0,0
aten::_to_copy,,,6.54,54.07,0,1.14,0,0
aten::empty_strided,,,9.5,15.61,0,0,0,0
empty_tensor,,,6.11,6.11,0,0,0,0
aten::copy_,,,17.59,31.92,0,1.14,0,0
aclnnInplaceCopy,,,14.33,14.33,1.14,1.14,0,0
aten::to,,,2.06,45.0,0,1.3,0,0
aten::_to_copy,,,4.62,42.94,0,1.3,0,0
aten::empty_strided,,,8.0,12.81,0,0,0,0
empty_tensor,,,4.81,4.81,0,0,0,0
aten::copy_,,,14.26,25.51,0,1.3,0,0
aclnnInplaceCopy,,,11.25,11.25,1.3,1.3,0,0
aten::mul,,,16.17,32.93,0,2.22003125,0,0
empty_tensor,,,6.78,6.78,0,0,0,0
aclnnMul,,,9.98,9.98,2.22003125,2.22003125,0,0
aten::index_select,,,20.29,39.3,0,807.616125,0,0
empty_tensor,,,10.04,10.04,0,0,0,0
aclnnIndexSelect,,,8.97,8.97,807.616125,807.616125,0,0
aten::view,,,7.5,7.5,0,0,0,0
aten::to,,,1.95,63.65,0,1.62003125,0,0
aten::_to_copy,,,5.23,61.7,0,1.62003125,0,0
aten::empty_strided,,,7.44,20.78,0,0,0,0
empty_tensor,,,13.34,13.34,0,0,0,0
aten::copy_,,,22.67,35.69,0,1.62003125,0,0
aclnnInplaceCopy,,,13.02,13.02,1.62003125,1.62003125,0,0
aten::mul,,,17.47,46.07,0,14.9603125,0,0
empty_tensor,,,19.64,19.64,0,0,0,0
aclnnMul,,,8.96,8.96,14.9603125,14.9603125,0,0
aten::to,,,1.57,1.57,0,0,0,0
aten::to,,,1.86,62.24,0,7.40015625,0,0
aten::_to_copy,,,6.15,60.38,0,7.40015625,0,0
aten::empty_strided,,,6.86,10.6,0,0,0,0
empty_tensor,,,3.74,3.74,0,0,0,0
aten::copy_,,,34.47,43.63,0,7.40015625,0,0
aclnnInplaceCopy,,,9.16,9.16,7.40015625,7.40015625,0,0
aten::sigmoid,,,10.5,18.61,0,4.2200625,0,0
empty_tensor,,,6.07,6.07,0,0,0,0
aclnnSigmoid,,,2.04,2.04,4.2200625,4.2200625,0,0
aten::contiguous,,,2.88,50.06,0,10.10021875,0,0
aten::clone,,,4.05,47.18,0,10.10021875,0,0
empty_tensor,,,7.58,7.58,0,0,0,0
aten::copy_,,,17.52,35.55,0,10.10021875,0,0
aclnnInplaceCopy,,,18.03,18.03,10.10021875,10.10021875,0,0
aten::view,,,5.24,5.24,0,0,0,0
aten::empty_like,,,5.03,30.43,0,0,0,0
aten::empty_strided,,,21.74,25.4,0,0,0,0
empty_tensor,,,3.66,3.66,0,0,0,0
l2norm_fwd_kernel2,,,26.08,26.08,15.36028125,15.36028125,0,0
aten::view,,,9.62,9.62,0,0,0,0
aten::contiguous,,,3.38,54.2,0,9.40021875,0,0
aten::clone,,,5.73,50.82,0,9.40021875,0,0
empty_tensor,,,10.72,10.72,0,0,0,0
aten::copy_,,,19.21,34.37,0,9.40021875,0,0
aclnnInplaceCopy,,,15.16,15.16,9.40021875,9.40021875,0,0
aten::view,,,4.8,4.8,0,0,0,0
aten::empty_like,,,5.82,32.08,0,0,0,0
aten::empty_strided,,,11.52,26.26,0,0,0,0
empty_tensor,,,14.74,14.74,0,0,0,0
l2norm_fwd_kernel2,,,23.71,23.71,10.60021875,10.60021875,0,0
aten::view,,,9.77,9.77,0,0,0,0
aten::contiguous,,,3.24,54.27,0,9.1001875,0,0
aten::clone,,,5.0,51.03,0,9.1001875,0,0
empty_tensor,,,10.78,10.78,0,0,0,0
aten::copy_,,,19.71,35.25,0,9.1001875,0,0
aclnnInplaceCopy,,,15.54,15.54,9.1001875,9.1001875,0,0
aten::reshape,,,2.11,13.18,0,0,0,0
aten::view,,,11.07,11.07,0,0,0,0
_C_ascend::chunk_kda_fwd,,,68.09,143.13,0,979.47953125,0,0
aten::empty,,,3.52,15.52,0,0,0,0
empty_tensor,,,12.0,12.0,0,0,0,0
aten::empty,,,1.77,7.8,0,0,0,0
empty_tensor,,,6.03,6.03,0,0,0,0
aten::empty,,,1.47,6.87,0,0,0,0
empty_tensor,,,5.4,5.4,0,0,0,0
aten::empty_like,,,4.9,15.79,0,0,0,0
aten::empty_strided,,,8.07,10.89,0,0,0,0
empty_tensor,,,2.82,2.82,0,0,0,0
aten::empty,,,2.49,12.93,0,0,0,0
empty_tensor,,,10.44,10.44,0,0,0,0
aclnnChunkKdaFwd,,,16.13,16.13,979.47953125,979.47953125,0,0
aten::to,,,2.15,2.15,0,0,0,0
aten::to,,,1.98,55.91,0,1.48003125,0,0
aten::_to_copy,,,5.73,53.93,0,1.48003125,0,0
aten::empty_strided,,,8.02,12.96,0,0,0,0
empty_tensor,,,4.94,4.94,0,0,0,0
aten::copy_,,,20.06,35.24,0,1.48003125,0,0
aclnnInplaceCopy,,,15.18,15.18,1.48003125,1.48003125,0,0
aten::index_copy_,,,22.78,33.29,0,1826.6165,0,0
aclnnInplaceIndexCopy,,,10.51,10.51,1826.6165,1826.6165,0,0
aten::cat,,,17.81,37.79,0,12.06021875,0,0
empty_tensor,,,8.93,8.93,0,0,0,0
aclnnCat,,,11.05,11.05,12.06021875,12.06021875,0,0
aten::select,,,4.81,9.25,0,0,0,0
aten::as_strided,,,4.44,4.44,0,0,0,0
aten::select,,,1.81,4.74,0,0,0,0
aten::as_strided,,,2.93,2.93,0,0,0,0
aten::copy_,,,14.9,26.74,0,9.78021875,0,0
aclnnInplaceCopy,,,11.84,11.84,9.78021875,9.78021875,0,0
aten::reshape,,,2.24,8.38,0,0,0,0
aten::view,,,6.14,6.14,0,0,0,0
aten::reshape,,,1.03,4.67,0,0,0,0
aten::view,,,3.64,3.64,0,0,0,0
aten::empty_like,,,4.87,18.51,0,0,0,0
aten::empty_strided,,,8.96,13.64,0,0,0,0
empty_tensor,,,4.68,4.68,0,0,0,0
aten::empty,,,3.09,9.62,0,0,0,0
empty_tensor,,,6.53,6.53,0,0,0,0
layer_norm_gated_fwd_kernel,,,28.14,28.14,26.96053125,26.96053125,0,0
aten::reshape,,,2.16,12.14,0,0,0,0
aten::view,,,9.98,9.98,0,0,0,0
aten::reshape,,,1.4,5.85,0,0,0,0
aten::view,,,4.45,4.45,0,0,0,0
vllm::unquantized_gemm,,,24.46,97.63,0,173.60346875,0,173.60346875
aten::linear,,,5.27,73.17,0,173.60346875,0,173.60346875
aten::t,,,5.92,15.74,0,0,0,0
aten::transpose,,,3.16,9.82,0,0,0,0
aten::as_strided,,,6.66,6.66,0,0,0,0
aten::matmul,,,22.27,52.16,0,173.60346875,0,173.60346875
empty_tensor,,,13.06,13.06,0,0,0,0
aclnnMatmul,,,16.83,16.83,173.60346875,173.60346875,173.60346875,173.60346875
aten::unsqueeze,,,4.23,9.46,0,0,0,0
aten::as_strided,,,5.23,5.23,0,0,0,0
aten::unsqueeze,,,3.14,6.49,0,0,0,0
aten::as_strided,,,3.35,3.35,0,0,0,0
aten::squeeze,,,2.6,5.31,0,0,0,0
aten::as_strided,,,2.71,2.71,0,0,0,0
aten::unsqueeze,,,1.76,4.46,0,0,0,0
aten::as_strided,,,2.7,2.7,0,0,0,0
aten::unsqueeze,,,1.85,5.25,0,0,0,0
aten::as_strided,,,3.4,3.4,0,0,0,0
_C_ascend::npu_hc_post,,,49.67,92.64,0,35.18071875,0,0
aten::empty,,,3.08,13.88,0,0,0,0
empty_tensor,,,10.8,10.8,0,0,0,0
aten::empty,,,2.99,13.28,0,0,0,0
empty_tensor,,,10.29,10.29,0,0,0,0
aclnnHcPost,,,15.81,15.81,35.18071875,35.18071875,0,0
aten::squeeze,,,4.39,9.38,0,0,0,0
aten::as_strided,,,4.99,4.99,0,0,0,0
_C_ascend::npu_hc_pre_v2,,,50.93,112.29,0,91.98184375,0,0
aten::empty,,,3.78,14.21,0,0,0,0
empty_tensor,,,10.43,10.43,0,0,0,0
aten::empty,,,1.6,6.83,0,0,0,0
empty_tensor,,,5.23,5.23,0,0,0,0
aten::empty,,,1.56,6.63,0,0,0,0
empty_tensor,,,5.07,5.07,0,0,0,0
aten::empty,,,1.61,5.29,0,0,0,0
empty_tensor,,,3.68,3.68,0,0,0,0
aten::empty,,,2.7,12.39,0,0,0,0
empty_tensor,,,9.69,9.69,0,0,0,0
aclnnHcPre,,,16.01,16.01,91.98184375,91.98184375,0,0
npu::npu_rms_norm,,,59.75,89.07,0,13.84025,0,0
empty_tensor,,,9.3,9.3,0,0,0,0
empty_tensor,,,4.86,4.86,0,0,0,0
aclnnRmsNorm,,,15.16,15.16,13.84025,13.84025,0,0
aten::unsqueeze,,,3.9,9.4,0,0,0,0
aten::as_strided,,,5.5,5.5,0,0,0,0
vllm::unquantized_gemm,,,23.68,88.65,0,476.34953125,0,476.34953125
aten::linear,,,4.81,64.97,0,476.34953125,0,476.34953125
aten::t,,,5.85,14.92,0,0,0,0
aten::transpose,,,3.18,9.07,0,0,0,0
aten::as_strided,,,5.89,5.89,0,0,0,0
aten::matmul,,,19.54,45.24,0,476.34953125,0,476.34953125
empty_tensor,,,10.59,10.59,0,0,0,0
aclnnMatmul,,,15.11,15.11,476.34953125,476.34953125,476.34953125,476.34953125
aten::slice,,,4.28,9.1,0,0,0,0
aten::as_strided,,,4.82,4.82,0,0,0,0
aten::clamp,,,25.16,51.85,0,66.46134375,0,0
empty_tensor,,,11.64,11.64,0,0,0,0
aclnnClamp,,,15.05,15.05,66.46134375,66.46134375,0,0
aten::slice,,,2.93,7.4,0,0,0,0
aten::as_strided,,,4.47,4.47,0,0,0,0
aten::clamp,,,20.52,41.09,0,71.26140625,0,0
empty_tensor,,,8.34,8.34,0,0,0,0
aclnnClamp,,,12.23,12.23,71.26140625,71.26140625,0,0
aten::mul,,,20.28,44.62,0,10.58021875,0,0
empty_tensor,,,8.13,8.13,0,0,0,0
aten::item,,,2.66,4.79,0,0,0,0
aten::_local_scalar_dense,,,2.13,2.13,0,0,0,0
aclnnMuls,,,11.42,11.42,10.58021875,10.58021875,0,0
aten::sigmoid,,,11.0,29.75,0,14.54028125,0,0
empty_tensor,,,8.27,8.27,0,0,0,0
aclnnSigmoid,,,10.48,10.48,14.54028125,14.54028125,0,0
aten::mul,,,14.98,33.74,0,17.94034375,0,0
empty_tensor,,,6.46,6.46,0,0,0,0
aclnnMul,,,12.3,12.3,17.94034375,17.94034375,0,0
aten::add,,,18.46,38.49,0,13.10028125,0,0
empty_tensor,,,6.91,6.91,0,0,0,0
aten::item,,,2.1,3.44,0,0,0,0
aten::_local_scalar_dense,,,1.34,1.34,0,0,0,0
aclnnAdds,,,9.68,9.68,13.10028125,13.10028125,0,0
aten::mul,,,14.2,34.26,0,10.12021875,0,0
empty_tensor,,,8.38,8.38,0,0,0,0
aclnnMul,,,11.68,11.68,10.12021875,10.12021875,0,0
vllm::unquantized_gemm,,,23.85,88.81,0,245.424875,0,245.424875
aten::linear,,,4.93,64.96,0,245.424875,0,245.424875
aten::t,,,5.66,16.14,0,0,0,0
aten::transpose,,,3.46,10.48,0,0,0,0
aten::as_strided,,,7.02,7.02,0,0,0,0
aten::matmul,,,18.93,43.89,0,245.424875,0,245.424875
empty_tensor,,,10.55,10.55,0,0,0,0
aclnnMatmul,,,14.41,14.41,245.424875,245.424875,245.424875,245.424875
aten::unsqueeze,,,5.3,10.97,0,0,0,0
aten::as_strided,,,5.67,5.67,0,0,0,0
aten::unsqueeze,,,2.26,5.79,0,0,0,0
aten::as_strided,,,3.53,3.53,0,0,0,0
aten::squeeze,,,3.02,6.24,0,0,0,0
aten::as_strided,,,3.22,3.22,0,0,0,0
aten::unsqueeze,,,1.64,4.5,0,0,0,0
aten::as_strided,,,2.86,2.86,0,0,0,0
aten::unsqueeze,,,1.84,5.03,0,0,0,0
aten::as_strided,,,3.19,3.19,0,0,0,0
_C_ascend::npu_hc_post,,,49.85,92.65,0,35.54071875,0,0
aten::empty,,,3.11,12.65,0,0,0,0
empty_tensor,,,9.54,9.54,0,0,0,0
aten::empty,,,3.53,13.35,0,0,0,0
empty_tensor,,,9.82,9.82,0,0,0,0
aclnnHcPost,,,16.8,16.8,35.54071875,35.54071875,0,0
aten::squeeze,,,4.15,9.09,0,0,0,0
aten::as_strided,,,4.94,4.94,0,0,0,0
_C_ascend::npu_hc_pre_v2,,,51.71,109.66,0,89.56178125,0,0
aten::empty,,,3.13,12.64,0,0,0,0
empty_tensor,,,9.51,9.51,0,0,0,0
aten::empty,,,1.56,6.6,0,0,0,0
empty_tensor,,,5.04,5.04,0,0,0,0
aten::empty,,,1.37,6.0,0,0,0,0
empty_tensor,,,4.63,4.63,0,0,0,0
aten::empty,,,1.58,5.18,0,0,0,0
empty_tensor,,,3.6,3.6,0,0,0,0
aten::empty,,,3.39,13.39,0,0,0,0
empty_tensor,,,10.0,10.0,0,0,0,0
aclnnHcPre,,,14.14,14.14,89.56178125,89.56178125,0,0
npu::npu_rms_norm,,,74.57,102.64,0,13.88025,0,0
empty_tensor,,,9.46,9.46,0,0,0,0
empty_tensor,,,4.84,4.84,0,0,0,0
aclnnRmsNorm,,,13.77,13.77,13.88025,13.88025,0,0
aten::unsqueeze,,,3.92,9.63,0,0,0,0
aten::as_strided,,,5.71,5.71,0,0,0,0
aten::linear,,,5.43,66.3,0,421.4284375,0,421.4284375
aten::t,,,5.94,15.01,0,0,0,0
aten::transpose,,,3.14,9.07,0,0,0,0
aten::as_strided,,,5.93,5.93,0,0,0,0
aten::matmul,,,19.57,45.86,0,421.4284375,0,421.4284375
empty_tensor,,,10.79,10.79,0,0,0,0
aclnnMatmul,,,15.5,15.5,421.4284375,421.4284375,421.4284375,421.4284375
aten::split_with_sizes,,,7.87,18.43,0,0,0,0
aten::as_strided,,,5.01,5.01,0,0,0,0
aten::as_strided,,,2.43,2.43,0,0,0,0
aten::as_strided,,,1.7,1.7,0,0,0,0
aten::as_strided,,,1.42,1.42,0,0,0,0
aten::unsqueeze,,,2.62,6.9,0,0,0,0
aten::as_strided,,,4.28,4.28,0,0,0,0
vllm::unquantized_gemm,,,22.96,92.39,0,14.36028125,0,11.20021875
aten::linear,,,4.24,69.43,0,14.36028125,0,11.20021875
aten::t,,,4.45,12.1,0,0,0,0
aten::transpose,,,2.76,7.65,0,0,0,0
aten::as_strided,,,4.89,4.89,0,0,0,0
aten::matmul,,,25.6,53.09,0,14.36028125,0,11.20021875
empty_tensor,,,12.16,12.16,0,0,0,0
aclnnMatmul,,,15.33,15.33,14.36028125,14.36028125,11.20021875,11.20021875
aten::reshape,,,2.02,7.91,0,0,0,0
aten::view,,,5.89,5.89,0,0,0,0
vllm::unquantized_gemm,,,38.1,114.43,0,11.200218750000001,0,8.62015625
aten::linear,,,4.82,76.33,0,11.200218750000001,0,8.62015625
aten::t,,,4.33,13.69,0,0,0,0
aten::transpose,,,3.06,9.36,0,0,0,0
aten::as_strided,,,6.3,6.3,0,0,0,0
aten::matmul,,,26.84,57.82,0,11.200218750000001,0,8.62015625
empty_tensor,,,13.55,13.55,0,0,0,0
aclnnMatmul,,,17.43,17.43,11.200218750000001,11.200218750000001,8.62015625,8.62015625
aten::reshape,,,2.22,8.13,0,0,0,0
aten::view,,,5.91,5.91,0,0,0,0
aten::empty,,,3.72,16.7,0,0,0,0
empty_tensor,,,12.98,12.98,0,0,0,0
aten::slice,,,3.52,8.74,0,0,0,0
aten::as_strided,,,5.22,5.22,0,0,0,0
aten::alias,,,3.28,3.28,0,0,0,0
aten::alias,,,1.38,1.38,0,0,0,0
aten::zeros_like,,,4.72,56.19,0,10.84025,0,0
aten::empty_like,,,6.08,21.18,0,0,0,0
aten::empty_strided,,,10.91,15.1,0,0,0,0
empty_tensor,,,4.19,4.19,0,0,0,0
aten::zero_,,,13.9,30.29,0,10.84025,0,0
aclnnInplaceZero,,,16.39,16.39,10.84025,10.84025,0,0
aten::empty,,,2.9,11.65,0,0,0,0
empty_tensor,,,8.75,8.75,0,0,0,0
aten::empty,,,1.96,7.63,0,0,0,0
empty_tensor,,,5.67,5.67,0,0,0,0
_copy_conv_state_kernel,,,26.28,26.28,12.54025,12.54025,0,0
fla_npu_stable::npu_causal_conv1d_fn,,,138.84,198.1,0,86.72175000000001,0,0
aten::empty_strided,,,15.28,23.32,0,0,0,0
empty_tensor,,,8.04,8.04,0,0,0,0
aten::empty_strided,,,12.61,20.35,0,0,0,0
empty_tensor,,,7.74,7.74,0,0,0,0
aclnnCausalConv1d,,,15.59,15.59,86.72175000000001,86.72175000000001,0,0
_copy_conv_state_kernel,,,28.29,28.29,10.12021875,10.12021875,0,0
aten::split,,,4.62,30.43,0,0,0,0
aten::narrow,,,4.31,15.82,0,0,0,0
aten::slice,,,4.03,11.51,0,0,0,0
aten::as_strided,,,7.48,7.48,0,0,0,0
aten::narrow,,,1.42,4.93,0,0,0,0
aten::slice,,,1.23,3.51,0,0,0,0
aten::as_strided,,,2.28,2.28,0,0,0,0
aten::narrow,,,1.24,5.06,0,0,0,0
aten::slice,,,1.23,3.82,0,0,0,0
aten::as_strided,,,2.59,2.59,0,0,0,0
aten::zero_,,,15.96,30.85,0,7.58015625,0,0
aclnnInplaceZero,,,14.89,14.89,7.58015625,7.58015625,0,0
aten::reshape,,,6.58,17.64,0,0,0,0
aten::_reshape_alias,,,3.34,11.06,0,0,0,0
aten::view,,,7.72,7.72,0,0,0,0
aten::reshape,,,2.44,8.78,0,0,0,0
aten::_reshape_alias,,,2.23,6.34,0,0,0,0
aten::view,,,4.11,4.11,0,0,0,0
aten::reshape,,,2.03,7.07,0,0,0,0
aten::_reshape_alias,,,1.85,5.04,0,0,0,0
aten::view,,,3.19,3.19,0,0,0,0
aten::slice,,,2.77,6.38,0,0,0,0
aten::as_strided,,,3.61,3.61,0,0,0,0
aten::slice,,,1.6,3.97,0,0,0,0
aten::as_strided,,,2.37,2.37,0,0,0,0
aten::slice,,,1.49,3.5,0,0,0,0
aten::as_strided,,,2.01,2.01,0,0,0,0
aten::slice,,,1.52,3.8,0,0,0,0
aten::as_strided,,,2.28,2.28,0,0,0,0
aten::slice,,,1.26,4.12,0,0,0,0
aten::as_strided,,,2.86,2.86,0,0,0,0
aten::slice,,,6.18,8.97,0,0,0,0
aten::as_strided,,,2.79,2.79,0,0,0,0
aten::slice,,,3.3,6.61,0,0,0,0
aten::as_strided,,,3.31,3.31,0,0,0,0
aten::reshape,,,1.7,9.78,0,0,0,0
aten::view,,,8.08,8.08,0,0,0,0
_C_ascend::recurrent_kda,,,57.13,116.68,0,31.780625,0,0
aten::empty_like,,,6.01,24.45,0,0,0,0
aten::empty_strided,,,12.32,18.44,0,0,0,0
empty_tensor,,,6.12,6.12,0,0,0,0
aten::empty,,,3.06,14.96,0,0,0,0
empty_tensor,,,11.9,11.9,0,0,0,0
aclnnRecurrentKda,,,20.14,20.14,31.780625,31.780625,0,0
aten::arange,,,18.8,41.26,0,6.820125,0,0
empty_tensor,,,8.55,8.55,0,0,0,0
aclnnArange,,,13.91,13.91,6.820125,6.820125,0,0
aten::select,,,8.0,13.28,0,0,0,0
aten::as_strided,,,5.28,5.28,0,0,0,0
aten::lt,,,20.61,41.99,0,4.4600937499999995,0,0
empty_tensor,,,7.78,7.78,0,0,0,0
aclnnLtTensor,,,13.6,13.6,4.4600937499999995,4.4600937499999995,0,0
aten::unsqueeze,,,3.63,7.12,0,0,0,0
aten::as_strided,,,3.49,3.49,0,0,0,0
aten::unsqueeze,,,1.86,3.83,0,0,0,0
aten::as_strided,,,1.97,1.97,0,0,0,0
aten::unsqueeze,,,1.6,3.27,0,0,0,0
aten::as_strided,,,1.67,1.67,0,0,0,0
aten::bitwise_not,,,12.62,31.25,0,1.42,0,0
empty_tensor,,,7.63,7.63,0,0,0,0
aclnnBitwiseNot,,,11.0,11.0,1.42,1.42,0,0
aten::masked_fill,,,10.22,117.23,0,4.3600625,0,0
aten::expand,,,2.9,6.91,0,0,0,0
aten::as_strided,,,4.01,4.01,0,0,0,0
aten::expand,,,1.68,5.24,0,0,0,0
aten::as_strided,,,3.56,3.56,0,0,0,0
aten::clone,,,5.06,79.82,0,0.66,0,0
empty_tensor,,,7.69,7.69,0,0,0,0
aten::copy_,,,54.49,67.07,0,0.66,0,0
aclnnInplaceCopy,,,12.58,12.58,0.66,0.66,0,0
aten::masked_fill_,,,11.27,15.04,0,3.7000625,0,0
aclnnInplaceMaskedFillScalar,,,3.77,3.77,3.7000625,3.7000625,0,0
aten::slice,,,4.35,8.83,0,0,0,0
aten::as_strided,,,4.48,4.48,0,0,0,0
aten::slice,,,1.78,4.31,0,0,0,0
aten::as_strided,,,2.53,2.53,0,0,0,0
aten::slice,,,1.73,4.12,0,0,0,0
aten::as_strided,,,2.39,2.39,0,0,0,0
aten::slice,,,1.56,3.54,0,0,0,0
aten::as_strided,,,1.98,1.98,0,0,0,0
aten::slice,,,1.36,3.36,0,0,0,0
aten::as_strided,,,2.0,2.0,0,0,0,0
aten::to,,,2.59,60.28,0,1.18003125,0,0
aten::_to_copy,,,6.09,57.69,0,1.18003125,0,0
aten::empty_strided,,,9.82,16.1,0,0,0,0
empty_tensor,,,6.28,6.28,0,0,0,0
aten::copy_,,,18.57,35.5,0,1.18003125,0,0
aclnnInplaceCopy,,,16.93,16.93,1.18003125,1.18003125,0,0
aten::to,,,2.03,45.86,0,1.36,0,0
aten::_to_copy,,,4.92,43.83,0,1.36,0,0
aten::empty_strided,,,8.05,13.06,0,0,0,0
empty_tensor,,,5.01,5.01,0,0,0,0
aten::copy_,,,15.01,25.85,0,1.36,0,0
aclnnInplaceCopy,,,10.84,10.84,1.36,1.36,0,0
aten::mul,,,16.16,33.29,0,2.3200625,0,0
empty_tensor,,,6.66,6.66,0,0,0,0
aclnnMul,,,10.47,10.47,2.3200625,2.3200625,0,0
aten::index_select,,,20.99,41.63,0,820.0963750000001,0,0
empty_tensor,,,9.7,9.7,0,0,0,0
aclnnIndexSelect,,,10.94,10.94,820.0963750000001,820.0963750000001,0,0
aten::view,,,7.6,7.6,0,0,0,0
aten::to,,,2.17,60.39,0,1.48003125,0,0
aten::_to_copy,,,5.1,58.22,0,1.48003125,0,0
aten::empty_strided,,,7.59,15.8,0,0,0,0
empty_tensor,,,8.21,8.21,0,0,0,0
aten::copy_,,,15.55,37.32,0,1.48003125,0,0
aclnnInplaceCopy,,,21.77,21.77,1.48003125,1.48003125,0,0
aten::mul,,,16.62,40.91,0,14.7803125,0,0
empty_tensor,,,15.82,15.82,0,0,0,0
aclnnMul,,,8.47,8.47,14.7803125,14.7803125,0,0
aten::to,,,1.33,1.33,0,0,0,0
aten::to,,,1.67,54.11,0,7.44015625,0,0
aten::_to_copy,,,5.25,52.44,0,7.44015625,0,0
aten::empty_strided,,,7.08,11.37,0,0,0,0
empty_tensor,,,4.29,4.29,0,0,0,0
aten::copy_,,,27.59,35.82,0,7.44015625,0,0
aclnnInplaceCopy,,,8.23,8.23,7.44015625,7.44015625,0,0
aten::sigmoid,,,11.36,24.0,0,3.9800625,0,0
empty_tensor,,,5.71,5.71,0,0,0,0
aclnnSigmoid,,,6.93,6.93,3.9800625,3.9800625,0,0
aten::contiguous,,,3.32,52.35,0,9.9401875,0,0
aten::clone,,,4.0,49.03,0,9.9401875,0,0
empty_tensor,,,8.58,8.58,0,0,0,0
aten::copy_,,,23.23,36.45,0,9.9401875,0,0
aclnnInplaceCopy,,,13.22,13.22,9.9401875,9.9401875,0,0
aten::view,,,5.7,5.7,0,0,0,0
aten::empty_like,,,5.13,22.33,0,0,0,0
aten::empty_strided,,,13.62,17.2,0,0,0,0
empty_tensor,,,3.58,3.58,0,0,0,0
l2norm_fwd_kernel2,,,23.32,23.32,15.2403125,15.2403125,0,0
aten::view,,,19.02,19.02,0,0,0,0
aten::contiguous,,,3.3,55.04,0,10.04021875,0,0
aten::clone,,,5.75,51.74,0,10.04021875,0,0
empty_tensor,,,11.42,11.42,0,0,0,0
aten::copy_,,,18.72,34.57,0,10.04021875,0,0
aclnnInplaceCopy,,,15.85,15.85,10.04021875,10.04021875,0,0
aten::view,,,4.99,4.99,0,0,0,0
aten::empty_like,,,5.39,20.24,0,0,0,0
aten::empty_strided,,,10.0,14.85,0,0,0,0
empty_tensor,,,4.85,4.85,0,0,0,0
l2norm_fwd_kernel2,,,23.21,23.21,10.58021875,10.58021875,0,0
aten::view,,,10.66,10.66,0,0,0,0
aten::contiguous,,,3.24,55.64,0,9.2201875,0,0
aten::clone,,,5.35,52.4,0,9.2201875,0,0
empty_tensor,,,10.68,10.68,0,0,0,0
aten::copy_,,,19.35,36.37,0,9.2201875,0,0
aclnnInplaceCopy,,,17.02,17.02,9.2201875,9.2201875,0,0
aten::reshape,,,2.21,25.03,0,0,0,0
aten::view,,,22.82,22.82,0,0,0,0
_C_ascend::chunk_kda_fwd,,,68.14,147.47,0,979.3995625,0,0
aten::empty,,,3.47,17.32,0,0,0,0
empty_tensor,,,13.85,13.85,0,0,0,0
aten::empty,,,1.61,8.08,0,0,0,0
empty_tensor,,,6.47,6.47,0,0,0,0
aten::empty,,,1.36,7.63,0,0,0,0
empty_tensor,,,6.27,6.27,0,0,0,0
aten::empty_like,,,4.59,16.71,0,0,0,0
aten::empty_strided,,,9.01,12.12,0,0,0,0
empty_tensor,,,3.11,3.11,0,0,0,0
aten::empty,,,2.56,12.93,0,0,0,0
empty_tensor,,,10.37,10.37,0,0,0,0
aclnnChunkKdaFwd,,,16.66,16.66,979.3995625,979.3995625,0,0
aten::to,,,2.41,2.41,0,0,0,0
aten::to,,,2.1,55.14,0,1.38003125,0,0
aten::_to_copy,,,5.76,53.04,0,1.38003125,0,0
aten::empty_strided,,,7.8,12.75,0,0,0,0
empty_tensor,,,4.95,4.95,0,0,0,0
aten::copy_,,,19.62,34.53,0,1.38003125,0,0
aclnnInplaceCopy,,,14.91,14.91,1.38003125,1.38003125,0,0
aten::index_copy_,,,23.07,34.78,0,1837.2967187499999,0,0
aclnnInplaceIndexCopy,,,11.71,11.71,1837.2967187499999,1837.2967187499999,0,0
aten::cat,,,17.86,37.2,0,13.36025,0,0
empty_tensor,,,8.34,8.34,0,0,0,0
aclnnCat,,,11.0,11.0,13.36025,13.36025,0,0
aten::select,,,5.03,9.44,0,0,0,0
aten::as_strided,,,4.41,4.41,0,0,0,0
aten::select,,,1.91,4.79,0,0,0,0
aten::as_strided,,,2.88,2.88,0,0,0,0
aten::copy_,,,16.11,28.05,0,9.64021875,0,0
aclnnInplaceCopy,,,11.94,11.94,9.64021875,9.64021875,0,0
aten::reshape,,,2.32,9.84,0,0,0,0
aten::view,,,7.52,7.52,0,0,0,0
aten::reshape,,,1.06,4.52,0,0,0,0
aten::view,,,3.46,3.46,0,0,0,0
aten::empty_like,,,5.04,20.24,0,0,0,0
aten::empty_strided,,,10.15,15.2,0,0,0,0
empty_tensor,,,5.05,5.05,0,0,0,0
aten::empty,,,3.12,10.05,0,0,0,0
empty_tensor,,,6.93,6.93,0,0,0,0
layer_norm_gated_fwd_kernel,,,27.47,27.47,28.9405625,28.9405625,0,0
aten::reshape,,,2.49,11.99,0,0,0,0
aten::view,,,9.5,9.5,0,0,0,0
aten::reshape,,,1.35,5.82,0,0,0,0
aten::view,,,4.47,4.47,0,0,0,0
vllm::unquantized_gemm,,,24.06,97.23,0,172.3834375,0,172.3834375
aten::linear,,,4.99,73.17,0,172.3834375,0,172.3834375
aten::t,,,5.43,15.37,0,0,0,0
aten::transpose,,,3.04,9.94,0,0,0,0
aten::as_strided,,,6.9,6.9,0,0,0,0
aten::matmul,,,22.3,52.81,0,172.3834375,0,172.3834375
empty_tensor,,,12.55,12.55,0,0,0,0
aclnnMatmul,,,17.96,17.96,172.3834375,172.3834375,172.3834375,172.3834375
aten::unsqueeze,,,4.99,10.33,0,0,0,0
aten::as_strided,,,5.34,5.34,0,0,0,0
aten::unsqueeze,,,2.19,5.53,0,0,0,0
aten::as_strided,,,3.34,3.34,0,0,0,0
aten::squeeze,,,3.01,6.15,0,0,0,0
aten::as_strided,,,3.14,3.14,0,0,0,0
aten::unsqueeze,,,1.91,4.44,0,0,0,0
aten::as_strided,,,2.53,2.53,0,0,0,0
aten::unsqueeze,,,1.96,5.07,0,0,0,0
aten::as_strided,,,3.11,3.11,0,0,0,0
_C_ascend::npu_hc_post,,,49.43,92.7,0,34.9006875,0,0
aten::empty,,,3.09,13.61,0,0,0,0
empty_tensor,,,10.52,10.52,0,0,0,0
aten::empty,,,3.02,13.02,0,0,0,0
empty_tensor,,,10.0,10.0,0,0,0,0
aclnnHcPost,,,16.64,16.64,34.9006875,34.9006875,0,0
aten::squeeze,,,4.26,8.99,0,0,0,0
aten::as_strided,,,4.73,4.73,0,0,0,0
_C_ascend::npu_hc_pre_v2,,,52.29,115.12,0,91.94184375,0,0
aten::empty,,,3.06,13.09,0,0,0,0
empty_tensor,,,10.03,10.03,0,0,0,0
aten::empty,,,1.85,7.48,0,0,0,0
empty_tensor,,,5.63,5.63,0,0,0,0
aten::empty,,,1.52,5.27,0,0,0,0
empty_tensor,,,3.75,3.75,0,0,0,0
aten::empty,,,1.61,6.16,0,0,0,0
empty_tensor,,,4.55,4.55,0,0,0,0
aten::empty,,,2.97,12.91,0,0,0,0
empty_tensor,,,9.94,9.94,0,0,0,0
aclnnHcPre,,,17.92,17.92,91.94184375,91.94184375,0,0
npu::npu_rms_norm,,,61.37,91.15,0,15.78034375,0,0
empty_tensor,,,9.91,9.91,0,0,0,0
empty_tensor,,,5.0,5.0,0,0,0,0
aclnnRmsNorm,,,14.87,14.87,15.78034375,15.78034375,0,0
aten::unsqueeze,,,3.88,9.28,0,0,0,0
aten::as_strided,,,5.4,5.4,0,0,0,0
vllm::unquantized_gemm,,,23.83,92.34,0,474.32946875,0,474.32946875
aten::linear,,,5.23,68.51,0,474.32946875,0,474.32946875
aten::t,,,5.6,14.5,0,0,0,0
aten::transpose,,,3.16,8.9,0,0,0,0
aten::as_strided,,,5.74,5.74,0,0,0,0
aten::matmul,,,19.79,48.78,0,474.32946875,0,474.32946875
empty_tensor,,,10.74,10.74,0,0,0,0
aclnnMatmul,,,18.25,18.25,474.32946875,474.32946875,474.32946875,474.32946875
aten::slice,,,4.46,9.65,0,0,0,0
aten::as_strided,,,5.19,5.19,0,0,0,0
aten::clamp,,,25.42,51.33,0,70.46140625,0,0
empty_tensor,,,11.18,11.18,0,0,0,0
aclnnClamp,,,14.73,14.73,70.46140625,70.46140625,0,0
aten::slice,,,3.09,7.05,0,0,0,0
aten::as_strided,,,3.96,3.96,0,0,0,0
aten::clamp,,,20.28,42.58,0,60.841218749999996,0,0
empty_tensor,,,9.62,9.62,0,0,0,0
aclnnClamp,,,12.68,12.68,60.841218749999996,60.841218749999996,0,0
aten::mul,,,19.25,42.91,0,10.72021875,0,0
empty_tensor,,,7.31,7.31,0,0,0,0
aten::item,,,2.48,4.66,0,0,0,0
aten::_local_scalar_dense,,,2.18,2.18,0,0,0,0
aclnnMuls,,,11.69,11.69,10.72021875,10.72021875,0,0
aten::sigmoid,,,11.81,31.46,0,14.50028125,0,0
empty_tensor,,,8.94,8.94,0,0,0,0
aclnnSigmoid,,,10.71,10.71,14.50028125,14.50028125,0,0
aten::mul,,,13.68,30.27,0,17.36034375,0,0
empty_tensor,,,6.88,6.88,0,0,0,0
aclnnMul,,,9.71,9.71,17.36034375,17.36034375,0,0
aten::add,,,18.82,38.84,0,12.98028125,0,0
empty_tensor,,,6.54,6.54,0,0,0,0
aten::item,,,1.8,3.23,0,0,0,0
aten::_local_scalar_dense,,,1.43,1.43,0,0,0,0
aclnnAdds,,,10.25,10.25,12.98028125,12.98028125,0,0
aten::mul,,,15.25,32.01,0,10.0201875,0,0
empty_tensor,,,7.02,7.02,0,0,0,0
aclnnMul,,,9.74,9.74,10.0201875,10.0201875,0,0
vllm::unquantized_gemm,,,24.66,89.31,0,246.9249375,0,246.9249375
aten::linear,,,4.71,64.65,0,246.9249375,0,246.9249375
aten::t,,,5.75,15.55,0,0,0,0
aten::transpose,,,3.3,9.8,0,0,0,0
aten::as_strided,,,6.5,6.5,0,0,0,0
aten::matmul,,,18.52,44.39,0,246.9249375,0,246.9249375
empty_tensor,,,10.87,10.87,0,0,0,0
aclnnMatmul,,,15.0,15.0,246.9249375,246.9249375,246.9249375,246.9249375
aten::unsqueeze,,,5.11,11.23,0,0,0,0
aten::as_strided,,,6.12,6.12,0,0,0,0
aten::unsqueeze,,,2.11,5.92,0,0,0,0
aten::as_strided,,,3.81,3.81,0,0,0,0
aten::squeeze,,,2.8,5.9,0,0,0,0
aten::as_strided,,,3.1,3.1,0,0,0,0
aten::unsqueeze,,,1.84,4.68,0,0,0,0
aten::as_strided,,,2.84,2.84,0,0,0,0
aten::unsqueeze,,,1.97,5.05,0,0,0,0
aten::as_strided,,,3.08,3.08,0,0,0,0
_C_ascend::npu_hc_post,,,48.72,92.07,0,35.52071875,0,0
aten::empty,,,3.23,13.57,0,0,0,0
empty_tensor,,,10.34,10.34,0,0,0,0
aten::empty,,,3.15,13.39,0,0,0,0
empty_tensor,,,10.24,10.24,0,0,0,0
aclnnHcPost,,,16.39,16.39,35.52071875,35.52071875,0,0
aten::squeeze,,,4.54,9.13,0,0,0,0
aten::as_strided,,,4.59,4.59,0,0,0,0
_C_ascend::npu_hc_pre_v2,,,50.7,108.53,0,90.8418125,0,0
aten::empty,,,3.15,13.35,0,0,0,0
empty_tensor,,,10.2,10.2,0,0,0,0
aten::empty,,,1.72,7.24,0,0,0,0
empty_tensor,,,5.52,5.52,0,0,0,0
aten::empty,,,1.37,4.85,0,0,0,0
empty_tensor,,,3.48,3.48,0,0,0,0
aten::empty,,,1.46,5.35,0,0,0,0
empty_tensor,,,3.89,3.89,0,0,0,0
aten::empty,,,2.68,12.42,0,0,0,0
empty_tensor,,,9.74,9.74,0,0,0,0
aclnnHcPre,,,14.62,14.62,90.8418125,90.8418125,0,0
npu::npu_rms_norm,,,60.12,92.22,0,15.4003125,0,0
empty_tensor,,,9.64,9.64,0,0,0,0
empty_tensor,,,5.6,5.6,0,0,0,0
aclnnRmsNorm,,,16.86,16.86,15.4003125,15.4003125,0,0
aten::unsqueeze,,,4.49,9.69,0,0,0,0
aten::as_strided,,,5.2,5.2,0,0,0,0
aten::empty,,,4.26,14.5,0,0,0,0
empty_tensor,,,10.24,10.24,0,0,0,0
vllm::mla_forward,,,3284.06,7296.46,0,2474.9294999999997,0,745.854875
aten::slice,,,4.11,8.97,0,0,0,0
aten::as_strided,,,4.86,4.86,0,0,0,0
aten::slice,,,2.96,7.44,0,0,0,0
aten::as_strided,,,4.48,4.48,0,0,0,0
aten::linear,,,4.9,67.06,0,45.62090625,0,45.62090625
aten::t,,,5.71,13.61,0,0,0,0
aten::transpose,,,2.8,7.9,0,0,0,0
aten::as_strided,,,5.1,5.1,0,0,0,0
aten::matmul,,,21.07,48.55,0,45.62090625,0,45.62090625
empty_tensor,,,10.67,10.67,0,0,0,0
aclnnMatmul,,,16.81,16.81,45.62090625,45.62090625,45.62090625,45.62090625
aten::split_with_sizes,,,5.23,12.41,0,0,0,0
aten::as_strided,,,5.03,5.03,0,0,0,0
aten::as_strided,,,2.15,2.15,0,0,0,0
npu::npu_rms_norm,,,119.46,153.55,0,16.68034375,0,0
empty_tensor,,,10.68,10.68,0,0,0,0
empty_tensor,,,5.24,5.24,0,0,0,0
aclnnRmsNorm,,,18.17,18.17,16.68034375,16.68034375,0,0
aten::reshape,,,7.69,18.22,0,0,0,0
aten::_reshape_alias,,,3.89,10.53,0,0,0,0
aten::view,,,6.64,6.64,0,0,0,0
npu::npu_rms_norm,,,105.16,136.28,0,10.2001875,0,0
empty_tensor,,,10.0,10.0,0,0,0,0
empty_tensor,,,4.6,4.6,0,0,0,0
aclnnRmsNorm,,,16.52,16.52,10.2001875,10.2001875,0,0
aten::view,,,11.24,11.24,0,0,0,0
aten::slice,,,6.13,11.17,0,0,0,0
aten::as_strided,,,5.04,5.04,0,0,0,0
aten::view,,,5.43,5.43,0,0,0,0
aten::to,,,2.22,2.22,0,0,0,0
npu::npu_scatter_nd_update_,,,30.88,48.66,0,35.94071875,0,0
aclnnScatterNdUpdate,,,17.78,17.78,35.94071875,35.94071875,0,0
vllm::unquantized_gemm,,,23.68,91.44,0,132.68265625,0,132.68265625
aten::linear,,,4.63,67.76,0,132.68265625,0,132.68265625
aten::t,,,4.93,15.09,0,0,0,0
aten::transpose,,,3.6,10.16,0,0,0,0
aten::as_strided,,,6.56,6.56,0,0,0,0
aten::matmul,,,20.97,48.04,0,132.68265625,0,132.68265625
empty_tensor,,,11.18,11.18,0,0,0,0
aclnnMatmul,,,15.89,15.89,132.68265625,132.68265625,132.68265625,132.68265625
aten::view,,,5.45,5.45,0,0,0,0
aten::split_with_sizes,,,4.89,11.28,0,0,0,0
aten::as_strided,,,4.14,4.14,0,0,0,0
aten::as_strided,,,2.25,2.25,0,0,0,0
npu::npu_transpose_batchmatmul,,,35.17,62.32,0,47.7209375,0,47.7209375
empty_tensor,,,11.8,11.8,0,0,0,0
aclnnTransposeBatchMatMul,,,15.35,15.35,47.7209375,47.7209375,47.7209375,47.7209375
aten::slice,,,4.06,9.49,0,0,0,0
aten::as_strided,,,5.43,5.43,0,0,0,0
aten::slice,,,1.55,4.48,0,0,0,0
aten::as_strided,,,2.93,2.93,0,0,0,0
aten::to,,,2.25,74.14,0,7.48015625,0,0
aten::_to_copy,,,5.92,71.89,0,7.48015625,0,0
aten::empty_strided,,,11.61,16.96,0,0,0,0
empty_tensor,,,5.35,5.35,0,0,0,0
aten::copy_,,,19.01,49.01,0,7.48015625,0,0
aclnnInplaceCopy,,,30.0,30.0,7.48015625,7.48015625,0,0
aten::linear,,,4.47,58.22,0,34.8606875,0,34.8606875
aten::t,,,4.53,11.04,0,0,0,0
aten::transpose,,,2.52,6.51,0,0,0,0
aten::as_strided,,,3.99,3.99,0,0,0,0
aten::matmul,,,17.95,42.71,0,34.8606875,0,34.8606875
empty_tensor,,,9.69,9.69,0,0,0,0
aclnnMatmul,,,15.07,15.07,34.8606875,34.8606875,34.8606875,34.8606875
aten::slice,,,3.17,7.21,0,0,0,0
aten::as_strided,,,4.04,4.04,0,0,0,0
aten::layer_norm,,,5.7,72.49,0,21.7804375,0,0
aten::native_layer_norm,,,28.06,66.79,0,21.7804375,0,0
aten::resize_,,,5.13,5.13,0,0,0,0
aten::resize_,,,1.7,1.7,0,0,0,0
empty_tensor,,,9.22,9.22,0,0,0,0
empty_tensor,,,5.73,5.73,0,0,0,0
empty_tensor,,,4.7,4.7,0,0,0,0
aclnnLayerNorm,,,12.25,12.25,21.7804375,21.7804375,0,0
aten::linear,,,6.15,60.23,0,30.70059375,0,30.70059375
aten::t,,,4.22,11.36,0,0,0,0
aten::transpose,,,2.3,7.14,0,0,0,0
aten::as_strided,,,4.84,4.84,0,0,0,0
aten::matmul,,,16.62,42.72,0,30.70059375,0,30.70059375
empty_tensor,,,7.24,7.24,0,0,0,0
aclnnMatmul,,,18.86,18.86,30.70059375,30.70059375,30.70059375,30.70059375
aten::slice,,,2.63,6.97,0,0,0,0
aten::as_strided,,,4.34,4.34,0,0,0,0
vllm::unquantized_gemm,,,23.74,99.69,0,41.80084375,0,41.80084375
aten::linear,,,4.16,75.95,0,41.80084375,0,41.80084375
aten::t,,,4.47,18.8,0,0,0,0
aten::transpose,,,3.78,14.33,0,0,0,0
aten::as_strided,,,10.55,10.55,0,0,0,0
aten::matmul,,,19.9,52.99,0,41.80084375,0,41.80084375
empty_tensor,,,11.98,11.98,0,0,0,0
aclnnMatmul,,,21.11,21.11,41.80084375,41.80084375,41.80084375,41.80084375
aten::view,,,6.02,6.02,0,0,0,0
aten::slice,,,2.48,5.67,0,0,0,0
aten::as_strided,,,3.19,3.19,0,0,0,0
aten::to,,,2.81,69.41,0,5.540125,0,0
aten::_to_copy,,,6.64,66.6,0,5.540125,0,0
aten::empty_strided,,,9.93,15.02,0,0,0,0
empty_tensor,,,5.09,5.09,0,0,0,0
aten::copy_,,,31.23,44.94,0,5.540125,0,0
aclnnInplaceCopy,,,13.71,13.71,5.540125,5.540125,0,0
aten::mul,,,20.23,44.06,0,2.5400625,0,0
empty_tensor,,,8.13,8.13,0,0,0,0
aten::item,,,2.1,4.02,0,0,0,0
aten::_local_scalar_dense,,,1.92,1.92,0,0,0,0
aclnnMuls,,,11.68,11.68,2.5400625,2.5400625,0,0
aten::slice,,,3.27,8.29,0,0,0,0
aten::as_strided,,,5.02,5.02,0,0,0,0
aten::max,,,12.27,18.47,0,0,0,0
aten::empty,,,4.35,4.35,0,0,0,0
aten::fill_,,,1.85,1.85,0,0,0,0
aten::item,,,1.45,2.81,0,0,0,0
aten::_local_scalar_dense,,,1.36,1.36,0,0,0,0
aten::slice,,,6.8,11.95,0,0,0,0
aten::as_strided,,,5.15,5.15,0,0,0,0
aten::slice,,,1.31,3.48,0,0,0,0
aten::as_strided,,,2.17,2.17,0,0,0,0
_glm5_next_kpool_tail_compress_kernel,,,30.8,30.8,40.2408125,40.2408125,0,0
_store_kpool_tail_kernel,,,26.13,26.13,4.26009375,4.26009375,0,0
aten::to,,,4.09,4.09,0,0,0,0
aten::empty,,,5.12,20.4,0,0,0,0
empty_tensor,,,15.28,15.28,0,0,0,0
aten::arange,,,19.21,43.59,0,7.08015625,0,0
empty_tensor,,,7.38,7.38,0,0,0,0
aclnnArange,,,17.0,17.0,7.08015625,7.08015625,0,0
aten::arange,,,12.44,31.54,0,3.80009375,0,0
empty_tensor,,,7.6,7.6,0,0,0,0
aclnnArange,,,11.5,11.5,3.80009375,3.80009375,0,0
aten::slice,,,4.85,11.03,0,0,0,0
aten::as_strided,,,6.18,6.18,0,0,0,0
aten::to,,,2.14,52.72,0,7.580125,0,0
aten::_to_copy,,,5.63,50.58,0,7.580125,0,0
aten::empty_strided,,,11.9,16.75,0,0,0,0
empty_tensor,,,4.85,4.85,0,0,0,0
aten::copy_,,,17.09,28.2,0,7.580125,0,0
aclnnInplaceCopy,,,11.11,11.11,7.580125,7.580125,0,0
aten::slice,,,3.01,7.04,0,0,0,0
aten::as_strided,,,4.03,4.03,0,0,0,0
aten::to,,,1.39,40.7,0,2.9200625,0,0
aten::_to_copy,,,3.95,39.31,0,2.9200625,0,0
aten::empty_strided,,,7.31,11.18,0,0,0,0
empty_tensor,,,3.87,3.87,0,0,0,0
aten::copy_,,,13.46,24.18,0,2.9200625,0,0
aclnnInplaceCopy,,,10.72,10.72,2.9200625,2.9200625,0,0
aten::unsqueeze,,,3.49,7.27,0,0,0,0
aten::as_strided,,,3.78,3.78,0,0,0,0
aten::mul,,,16.13,37.06,0,16.52034375,0,0
empty_tensor,,,10.77,10.77,0,0,0,0
aclnnMul,,,10.16,10.16,16.52034375,16.52034375,0,0
aten::sum,,,17.96,33.02,0,12.86025,0,0
empty_tensor,,,6.64,6.64,0,0,0,0
aclnnReduceSum,,,8.42,8.42,12.86025,12.86025,0,0
aten::full,,,5.51,37.56,0,2.4600625,0,0
empty_tensor,,,7.65,7.65,0,0,0,0
aten::fill_,,,13.23,24.4,0,2.4600625,0,0
aclnnInplaceFillScalar,,,11.17,11.17,2.4600625,2.4600625,0,0
_glm5_next_lightning_indexer_score_kernel,,,29.42,29.42,25.8205,25.8205,0,0
aten::nan_to_num_,,,19.31,33.21,0,2.8400625,0,0
aclnnInplaceNanToNum,,,13.9,13.9,2.8400625,2.8400625,0,0
aten::topk,,,22.51,50.69,0,29.16059375,0,0
empty_tensor,,,12.51,12.51,0,0,0,0
empty_tensor,,,4.77,4.77,0,0,0,0
aclnnTopk,,,10.9,10.9,29.16059375,29.16059375,0,0
aten::le,,,14.85,32.6,0,3.2600625,0,0
empty_tensor,,,7.33,7.33,0,0,0,0
aclnnLeScalar,,,10.42,10.42,3.2600625,3.2600625,0,0
aten::full_like,,,5.11,46.42,0,4.64009375,0,0
aten::empty_like,,,5.46,19.03,0,0,0,0
aten::empty_strided,,,9.29,13.57,0,0,0,0
empty_tensor,,,4.28,4.28,0,0,0,0
aten::fill_,,,10.19,22.28,0,4.64009375,0,0
aclnnInplaceFillScalar,,,12.09,12.09,4.64009375,4.64009375,0,0
aten::where,,,14.75,30.07,0,5.02009375,0,0
empty_tensor,,,7.39,7.39,0,0,0,0
aclnnSWhere,,,7.93,7.93,5.02009375,5.02009375,0,0
aten::unsqueeze,,,2.97,9.38,0,0,0,0
aten::as_strided,,,6.41,6.41,0,0,0,0
aten::mul,,,17.96,42.43,0,7.34015625,0,0
empty_tensor,,,7.08,7.08,0,0,0,0
aten::item,,,2.44,4.38,0,0,0,0
aten::_local_scalar_dense,,,1.94,1.94,0,0,0,0
aclnnMuls,,,13.01,13.01,7.34015625,7.34015625,0,0
aten::add,,,17.52,34.42,0,23.14046875,0,0
empty_tensor,,,7.51,7.51,0,0,0,0
aclnnAdd,,,9.39,9.39,23.14046875,23.14046875,0,0
aten::unsqueeze,,,3.24,7.62,0,0,0,0
aten::as_strided,,,4.38,4.38,0,0,0,0
aten::ge,,,12.94,32.45,0,5.44009375,0,0
empty_tensor,,,6.81,6.81,0,0,0,0
aclnnGeScalar,,,12.7,12.7,5.44009375,5.44009375,0,0
aten::full_like,,,3.88,42.3,0,9.1801875,0,0
aten::empty_like,,,4.93,17.86,0,0,0,0
aten::empty_strided,,,7.86,12.93,0,0,0,0
empty_tensor,,,5.07,5.07,0,0,0,0
aten::fill_,,,10.37,20.56,0,9.1801875,0,0
aclnnInplaceFillScalar,,,10.19,10.19,9.1801875,9.1801875,0,0
aten::where,,,13.47,29.08,0,16.4203125,0,0
empty_tensor,,,6.86,6.86,0,0,0,0
aclnnSWhere,,,8.75,8.75,16.4203125,16.4203125,0,0
aten::reshape,,,1.82,7.46,0,0,0,0
aten::view,,,5.64,5.64,0,0,0,0
aten::pad,,,4.5,121.3,0,1042.64084375,0,0
aten::constant_pad_nd,,,91.55,116.8,0,1042.64084375,0,0
empty_tensor,,,10.3,10.3,0,0,0,0
aclnnConstantPadNd,,,14.95,14.95,1042.64084375,1042.64084375,0,0
aten::slice,,,4.33,9.68,0,0,0,0
aten::as_strided,,,5.35,5.35,0,0,0,0
aten::add,,,21.76,48.19,0,3.3800625,0,0
empty_tensor,,,8.58,8.58,0,0,0,0
aten::item,,,2.4,4.11,0,0,0,0
aten::_local_scalar_dense,,,1.71,1.71,0,0,0,0
aclnnAdds,,,13.74,13.74,3.3800625,3.3800625,0,0
aten::floor_divide,,,17.54,40.99,0,6.220125,0,0
empty_tensor,,,7.77,7.77,0,0,0,0
aten::item,,,1.78,2.85,0,0,0,0
aten::_local_scalar_dense,,,1.07,1.07,0,0,0,0
aclnnFloorDivides,,,12.83,12.83,6.220125,6.220125,0,0
aten::mul,,,17.5,36.68,0,3.2200625,0,0
empty_tensor,,,6.61,6.61,0,0,0,0
aten::item,,,1.39,2.45,0,0,0,0
aten::_local_scalar_dense,,,1.06,1.06,0,0,0,0
aclnnMuls,,,10.12,10.12,3.2200625,3.2200625,0,0
aten::add,,,16.26,34.48,0,2.7600625,0,0
empty_tensor,,,5.91,5.91,0,0,0,0
aten::item,,,1.58,2.58,0,0,0,0
aten::_local_scalar_dense,,,1.0,1.0,0,0,0,0
aclnnAdds,,,9.73,9.73,2.7600625,2.7600625,0,0
aten::sub,,,18.34,36.64,0,2.36003125,0,0
empty_tensor,,,7.63,7.63,0,0,0,0
aclnnSub,,,10.67,10.67,2.36003125,2.36003125,0,0
aten::unsqueeze,,,3.57,7.68,0,0,0,0
aten::as_strided,,,4.11,4.11,0,0,0,0
aten::unsqueeze,,,2.29,4.43,0,0,0,0
aten::as_strided,,,2.14,2.14,0,0,0,0
aten::lt,,,14.37,34.09,0,17.08034375,0,0
empty_tensor,,,7.94,7.94,0,0,0,0
aclnnLtTensor,,,11.78,11.78,17.08034375,17.08034375,0,0
aten::unsqueeze,,,2.56,5.2,0,0,0,0
aten::as_strided,,,2.64,2.64,0,0,0,0
aten::unsqueeze,,,1.96,15.55,0,0,0,0
aten::as_strided,,,13.59,13.59,0,0,0,0
aten::add,,,18.15,35.77,0,14.66028125,0,0
empty_tensor,,,7.63,7.63,0,0,0,0
aclnnAdd,,,9.99,9.99,14.66028125,14.66028125,0,0
aten::where,,,9.35,79.28,0,4.80009375,0,0
aten::scalar_tensor,,,6.02,39.73,0,1.52003125,0,0
aten::empty,,,2.34,10.13,0,0,0,0
empty_tensor,,,7.79,7.79,0,0,0,0
aten::fill_,,,10.55,23.58,0,1.52003125,0,0
aclnnInplaceFillScalar,,,13.03,13.03,1.52003125,1.52003125,0,0
aten::to,,,0.99,0.99,0,0,0,0
aten::where,,,12.19,29.21,0,3.2800625,0,0
empty_tensor,,,7.4,7.4,0,0,0,0
aclnnSWhere,,,9.62,9.62,3.2800625,3.2800625,0,0
aten::cat,,,15.84,35.56,0,17.480375,0,0
empty_tensor,,,8.59,8.59,0,0,0,0
aclnnCat,,,11.13,11.13,17.480375,17.480375,0,0
aten::to,,,2.8,52.69,0,9.24015625,0,0
aten::_to_copy,,,6.1,49.89,0,9.24015625,0,0
aten::empty_strided,,,12.69,17.32,0,0,0,0
empty_tensor,,,4.63,4.63,0,0,0,0
aten::copy_,,,14.58,26.47,0,9.24015625,0,0
aclnnInplaceCopy,,,11.89,11.89,9.24015625,9.24015625,0,0
aten::select,,,4.91,8.96,0,0,0,0
aten::as_strided,,,4.05,4.05,0,0,0,0
aten::copy_,,,10.8,22.79,0,7.86015625,0,0
aclnnInplaceCopy,,,11.99,11.99,7.86015625,7.86015625,0,0
aten::select,,,3.05,6.44,0,0,0,0
aten::as_strided,,,3.39,3.39,0,0,0,0
aten::to,,,2.11,2.11,0,0,0,0
aten::add,,,19.65,44.39,0,2.6600625,0,0
empty_tensor,,,8.07,8.07,0,0,0,0
aten::item,,,3.08,4.77,0,0,0,0
aten::_local_scalar_dense,,,1.69,1.69,0,0,0,0
aclnnAdds,,,11.9,11.9,2.6600625,2.6600625,0,0
aten::div,,,16.75,36.82,0,5.760125,0,0
empty_tensor,,,6.8,6.8,0,0,0,0
aten::item,,,1.53,2.57,0,0,0,0
aten::_local_scalar_dense,,,1.04,1.04,0,0,0,0
aclnnDivMods,,,10.7,10.7,5.760125,5.760125,0,0
aten::mul,,,16.94,35.75,0,3.2800625,0,0
empty_tensor,,,6.41,6.41,0,0,0,0
aten::item,,,1.21,2.15,0,0,0,0
aten::_local_scalar_dense,,,0.94,0.94,0,0,0,0
aclnnMuls,,,10.25,10.25,3.2800625,3.2800625,0,0
aten::arange,,,14.18,36.33,0,6.600125,0,0
empty_tensor,,,7.48,7.48,0,0,0,0
aclnnArange,,,14.67,14.67,6.600125,6.600125,0,0
aten::unsqueeze,,,3.93,9.39,0,0,0,0
aten::as_strided,,,5.46,5.46,0,0,0,0
aten::add,,,18.51,36.89,0,12.42025,0,0
empty_tensor,,,6.81,6.81,0,0,0,0
aclnnAdd,,,11.57,11.57,12.42025,12.42025,0,0
aten::add,,,16.16,36.33,0,2.2800625,0,0
empty_tensor,,,6.05,6.05,0,0,0,0
aten::item,,,1.71,3.3,0,0,0,0
aten::_local_scalar_dense,,,1.59,1.59,0,0,0,0
aclnnAdds,,,10.82,10.82,2.2800625,2.2800625,0,0
aten::sub,,,14.2,28.49,0,2.02003125,0,0
empty_tensor,,,5.91,5.91,0,0,0,0
aclnnSub,,,8.38,8.38,2.02003125,2.02003125,0,0
aten::unsqueeze,,,2.93,7.26,0,0,0,0
aten::as_strided,,,4.33,4.33,0,0,0,0
aten::lt,,,12.45,28.56,0,16.48034375,0,0
empty_tensor,,,6.33,6.33,0,0,0,0
aclnnLtTensor,,,9.78,9.78,16.48034375,16.48034375,0,0
aten::where,,,7.75,72.88,0,4.0200625,0,0
aten::scalar_tensor,,,5.43,36.19,0,1.34003125,0,0
aten::empty,,,3.11,8.81,0,0,0,0
empty_tensor,,,5.7,5.7,0,0,0,0
aten::fill_,,,10.01,21.95,0,1.34003125,0,0
aclnnInplaceFillScalar,,,11.94,11.94,1.34003125,1.34003125,0,0
aten::to,,,1.04,1.04,0,0,0,0
aten::where,,,12.67,27.9,0,2.68003125,0,0
empty_tensor,,,6.02,6.02,0,0,0,0
aclnnSWhere,,,9.21,9.21,2.68003125,2.68003125,0,0
aten::to,,,2.37,44.76,0,1.8200625,0,0
aten::_to_copy,,,5.4,42.39,0,1.8200625,0,0
aten::empty_strided,,,7.79,11.78,0,0,0,0
empty_tensor,,,3.99,3.99,0,0,0,0
aten::copy_,,,14.12,25.21,0,1.8200625,0,0
aclnnInplaceCopy,,,11.09,11.09,1.8200625,1.8200625,0,0
aten::scalar_tensor,,,4.61,32.81,0,1.52003125,0,0
aten::empty,,,2.07,7.74,0,0,0,0
empty_tensor,,,5.67,5.67,0,0,0,0
aten::fill_,,,10.24,20.46,0,1.52003125,0,0
aclnnInplaceFillScalar,,,10.22,10.22,1.52003125,1.52003125,0,0
aten::slice,,,4.19,8.55,0,0,0,0
aten::as_strided,,,4.36,4.36,0,0,0,0
aten::view,,,2.62,2.62,0,0,0,0
aten::expand,,,2.23,3.94,0,0,0,0
aten::as_strided,,,1.71,1.71,0,0,0,0
aten::copy_,,,17.88,29.85,0,11.08021875,0,0
aclnnInplaceCopy,,,11.97,11.97,11.08021875,11.08021875,0,0
aten::clamp,,,12.54,29.16,0,5.500125,0,0
empty_tensor,,,6.98,6.98,0,0,0,0
aclnnClamp,,,9.64,9.64,5.500125,5.500125,0,0
aten::unsqueeze,,,3.09,7.51,0,0,0,0
aten::as_strided,,,4.42,4.42,0,0,0,0
aten::add,,,15.99,32.39,0,13.68028125,0,0
empty_tensor,,,6.92,6.92,0,0,0,0
aclnnAdd,,,9.48,9.48,13.68028125,13.68028125,0,0
aten::scatter_,,,175.94,192.23,0,17.74034375,0,0
aclnnInplaceScatter,,,16.29,16.29,17.74034375,17.74034375,0,0
aten::arange,,,16.45,29.81,0,7.48015625,0,0
empty_tensor,,,10.03,10.03,0,0,0,0
aclnnArange,,,3.33,3.33,7.48015625,7.48015625,0,0
aten::select,,,4.71,10.99,0,0,0,0
aten::as_strided,,,6.28,6.28,0,0,0,0
aten::lt,,,18.22,28.49,0,4.2800625,0,0
empty_tensor,,,6.73,6.73,0,0,0,0
aclnnLtTensor,,,3.54,3.54,4.2800625,4.2800625,0,0
aten::unsqueeze,,,3.59,7.21,0,0,0,0
aten::as_strided,,,3.62,3.62,0,0,0,0
aten::unsqueeze,,,1.8,3.72,0,0,0,0
aten::as_strided,,,1.92,1.92,0,0,0,0
aten::bitwise_not,,,13.03,33.3,0,1.48003125,0,0
empty_tensor,,,6.8,6.8,0,0,0,0
aclnnBitwiseNot,,,13.47,13.47,1.48003125,1.48003125,0,0
aten::masked_fill_,,,21.91,30.05,0,17.78034375,0,0
aclnnInplaceMaskedFillScalar,,,8.14,8.14,17.78034375,17.78034375,0,0
aten::slice,,,8.46,13.19,0,0,0,0
aten::as_strided,,,4.73,4.73,0,0,0,0
aten::fill_,,,12.97,25.34,0,7.58015625,0,0
aclnnInplaceFillScalar,,,12.37,12.37,7.58015625,7.58015625,0,0
aten::slice,,,5.69,9.76,0,0,0,0
aten::as_strided,,,4.07,4.07,0,0,0,0
aten::select,,,5.68,8.25,0,0,0,0
aten::as_strided,,,2.57,2.57,0,0,0,0
aten::copy_,,,21.19,38.96,0,11.10021875,0,0
aclnnInplaceCopy,,,17.77,17.77,11.10021875,11.10021875,0,0
aten::slice,,,6.06,11.67,0,0,0,0
aten::as_strided,,,5.61,5.61,0,0,0,0
aten::to,,,1.82,1.82,0,0,0,0
aten::to,,,1.06,1.06,0,0,0,0
_C_ascend::npu_sparse_flash_attention,,,66.96,123.41,0,101.92203125,0,0
aten::empty,,,4.41,18.39,0,0,0,0
empty_tensor,,,13.98,13.98,0,0,0,0
aten::empty,,,1.76,4.7,0,0,0,0
empty_tensor,,,2.94,2.94,0,0,0,0
aten::empty,,,1.2,3.24,0,0,0,0
empty_tensor,,,2.04,2.04,0,0,0,0
aten::empty,,,3.0,12.58,0,0,0,0
empty_tensor,,,9.58,9.58,0,0,0,0
aclnnSparseFlashAttention,,,17.54,17.54,101.92203125,101.92203125,0,0
aten::view,,,6.8,6.8,0,0,0,0
npu::npu_transpose_batchmatmul,,,43.55,70.68,0,55.02109375,0,55.02109375
empty_tensor,,,11.59,11.59,0,0,0,0
aclnnTransposeBatchMatMul,,,15.54,15.54,55.02109375,55.02109375,55.02109375,55.02109375
aten::reshape,,,2.05,6.96,0,0,0,0
aten::view,,,4.91,4.91,0,0,0,0
aten::slice,,,3.54,7.27,0,0,0,0
aten::as_strided,,,3.73,3.73,0,0,0,0
vllm::unquantized_gemm,,,24.57,92.2,0,357.44715625,0,357.44715625
aten::linear,,,5.68,67.63,0,357.44715625,0,357.44715625
aten::t,,,5.64,13.48,0,0,0,0
aten::transpose,,,2.51,7.84,0,0,0,0
aten::as_strided,,,5.33,5.33,0,0,0,0
aten::matmul,,,20.49,48.47,0,357.44715625,0,357.44715625
empty_tensor,,,11.08,11.08,0,0,0,0
aclnnMatmul,,,16.9,16.9,357.44715625,357.44715625,357.44715625,357.44715625
aten::copy_,,,16.9,29.32,0,8.7401875,0,0
aclnnInplaceCopy,,,12.42,12.42,8.7401875,8.7401875,0,0
aten::view,,,5.61,5.61,0,0,0,0
aten::unsqueeze,,,3.62,8.63,0,0,0,0
aten::as_strided,,,5.01,5.01,0,0,0,0
aten::unsqueeze,,,1.67,4.77,0,0,0,0
aten::as_strided,,,3.1,3.1,0,0,0,0
aten::squeeze,,,3.24,5.89,0,0,0,0
aten::as_strided,,,2.65,2.65,0,0,0,0
aten::unsqueeze,,,1.57,4.04,0,0,0,0
aten::as_strided,,,2.47,2.47,0,0,0,0
aten::unsqueeze,,,1.58,4.8,0,0,0,0
aten::as_strided,,,3.22,3.22,0,0,0,0
_C_ascend::npu_hc_post,,,48.5,91.96,0,36.18071875,0,0
aten::empty,,,3.7,15.1,0,0,0,0
empty_tensor,,,11.4,11.4,0,0,0,0
aten::empty,,,2.81,12.72,0,0,0,0
empty_tensor,,,9.91,9.91,0,0,0,0
aclnnHcPost,,,15.64,15.64,36.18071875,36.18071875,0,0
aten::squeeze,,,3.8,8.56,0,0,0,0
aten::as_strided,,,4.76,4.76,0,0,0,0
_C_ascend::npu_hc_pre_v2,,,50.18,108.17,0,92.30184375,0,0
aten::empty,,,2.57,13.26,0,0,0,0
empty_tensor,,,10.69,10.69,0,0,0,0
aten::empty,,,1.86,7.0,0,0,0,0
empty_tensor,,,5.14,5.14,0,0,0,0
aten::empty,,,1.26,6.08,0,0,0,0
empty_tensor,,,4.82,4.82,0,0,0,0
aten::empty,,,1.26,4.73,0,0,0,0
empty_tensor,,,3.47,3.47,0,0,0,0
aten::empty,,,2.4,12.5,0,0,0,0
empty_tensor,,,10.1,10.1,0,0,0,0
aclnnHcPre,,,14.42,14.42,92.30184375,92.30184375,0,0
npu::npu_rms_norm,,,63.1,91.62,0,12.92028125,0,0
empty_tensor,,,9.08,9.08,0,0,0,0
empty_tensor,,,4.43,4.43,0,0,0,0
aclnnRmsNorm,,,15.01,15.01,12.92028125,12.92028125,0,0
aten::unsqueeze,,,3.69,8.44,0,0,0,0
aten::as_strided,,,4.75,4.75,0,0,0,0
vllm::moe_forward_shared,,,1932.57,3923.16,0,1241.78490625,0,148.00296875
Event::record,,,110.15,131.38,0,0.02,0,0
record_event,,,21.23,21.23,0.02,0.02,0,0
aten::to,,,2.44,65.14,0,7.540125,0,0
aten::_to_copy,,,7.06,62.7,0,7.540125,0,0
aten::empty_strided,,,13.09,20.68,0,0,0,0
empty_tensor,,,7.59,7.59,0,0,0,0
aten::copy_,,,18.38,34.96,0,7.540125,0,0
aclnnInplaceCopy,,,16.58,16.58,7.540125,7.540125,0,0
aten::linear,,,4.93,59.63,0,9.6201875,0,9.6201875
aten::t,,,5.73,14.12,0,0,0,0
aten::transpose,,,3.08,8.39,0,0,0,0
aten::as_strided,,,5.31,5.31,0,0,0,0
aten::matmul,,,18.05,40.58,0,9.6201875,0,9.6201875
empty_tensor,,,9.93,9.93,0,0,0,0
aclnnMatmul,,,12.6,12.6,9.6201875,9.6201875,9.6201875,9.6201875
Event::record,,,95.49,114.41,0,0.02,0,0
record_event,,,18.92,18.92,0.02,0.02,0,0
_C_ascend::moe_gating_top_k,,,56.35,137.4,0,14.7603125,0,0
aten::empty,,,4.57,32.57,0,0,0,0
empty_tensor,,,28.0,28.0,0,0,0,0
aten::empty,,,2.1,8.01,0,0,0,0
empty_tensor,,,5.91,5.91,0,0,0,0
aten::empty,,,1.55,6.07,0,0,0,0
empty_tensor,,,4.52,4.52,0,0,0,0
aten::empty,,,2.95,13.89,0,0,0,0
empty_tensor,,,10.94,10.94,0,0,0,0
aclnnMoeGatingTopK,,,20.51,20.51,14.7603125,14.7603125,0,0
aten::to,,,2.51,2.51,0,0,0,0
Event::record,,,100.1,123.11,0,0.02,0,0
record_event,,,23.01,23.01,0.02,0.02,0,0
npu::npu_moe_init_routing_v2,,,43.75,89.39,0,53.4210625,0,0
empty_tensor,,,15.42,15.42,0,0,0,0
empty_tensor,,,5.67,5.67,0,0,0,0
empty_tensor,,,4.31,4.31,0,0,0,0
empty_tensor,,,3.93,3.93,0,0,0,0
aclnnMoeInitRoutingV3,,,16.31,16.31,53.4210625,53.4210625,0,0
aten::to,,,3.13,3.13,0,0,0,0
npu::npu_grouped_matmul,,,44.67,74.03,0,465.4093125,0,0
empty_tensor,,,11.36,11.36,0,0,0,0
npu::get_npu_format,,,2.58,2.58,0,0,0,0
aclnnGroupedMatmulV5,,,15.42,15.42,465.4093125,465.4093125,0,0
aten::chunk,,,5.28,32.07,0,0,0,0
aten::split,,,3.92,26.79,0,0,0,0
aten::narrow,,,4.37,16.69,0,0,0,0
aten::slice,,,4.14,12.32,0,0,0,0
aten::as_strided,,,8.18,8.18,0,0,0,0
aten::narrow,,,1.31,6.18,0,0,0,0
aten::slice,,,1.33,4.87,0,0,0,0
aten::as_strided,,,3.54,3.54,0,0,0,0
aten::clamp_,,,28.36,43.01,0,106.662125,0,0
aclnnClamp,,,14.65,14.65,106.662125,106.662125,0,0
aten::clamp_,,,19.9,22.89,0,91.34184375,0,0
aclnnClamp,,,2.99,2.99,91.34184375,91.34184375,0,0
npu::npu_swiglu,,,58.02,80.68,0,25.2405,0,0
empty_tensor,,,9.09,9.09,0,0,0,0
aclnnSwiGlu,,,13.57,13.57,25.2405,25.2405,0,0
Event::record,,,98.5,116.97,0,0.02,0,0
record_event,,,18.47,18.47,0.02,0.02,0,0
npu::npu_grouped_matmul,,,42.5,78.94,0,219.304375,0,0
empty_tensor,,,15.2,15.2,0,0,0,0
npu::get_npu_format,,,2.42,2.42,0,0,0,0
aclnnGroupedMatmulV5,,,18.82,18.82,219.304375,219.304375,0,0
Event::record,,,94.94,115.58,0,0.02,0,0
record_event,,,20.64,20.64,0.02,0.02,0,0
aten::to,,,2.98,65.54,0,1.7000625,0,0
aten::_to_copy,,,6.53,62.56,0,1.7000625,0,0
aten::empty_strided,,,11.24,19.0,0,0,0,0
empty_tensor,,,7.76,7.76,0,0,0,0
aten::copy_,,,20.92,37.03,0,1.7000625,0,0
aclnnInplaceCopy,,,16.11,16.11,1.7000625,1.7000625,0,0
aten::abs,,,13.73,34.1,0,1.90003125,0,0
empty_tensor,,,8.46,8.46,0,0,0,0
aclnnAbs,,,11.91,11.91,1.90003125,1.90003125,0,0
npu::npu_moe_token_unpermute,,,81.64,106.97,0,20.74040625,0,0
empty_tensor,,,9.91,9.91,0,0,0,0
aclnnMoeTokenUnpermute,,,15.42,15.42,20.74040625,20.74040625,0,0
vllm::unquantized_gemm,,,25.61,98.49,0,91.08184375,0,91.08184375
aten::linear,,,5.28,72.88,0,91.08184375,0,91.08184375
aten::t,,,6.08,17.4,0,0,0,0
aten::transpose,,,3.73,11.32,0,0,0,0
aten::as_strided,,,7.59,7.59,0,0,0,0
aten::matmul,,,21.45,50.2,0,91.08184375,0,91.08184375
empty_tensor,,,12.38,12.38,0,0,0,0
aclnnMatmul,,,16.37,16.37,91.08184375,91.08184375,91.08184375,91.08184375
aten::slice,,,4.56,11.08,0,0,0,0
aten::as_strided,,,6.52,6.52,0,0,0,0
aten::clamp,,,24.14,49.36,0,21.560437500000003,0,0
empty_tensor,,,10.87,10.87,0,0,0,0
aclnnClamp,,,14.35,14.35,21.560437500000003,21.560437500000003,0,0
aten::slice,,,2.97,7.16,0,0,0,0
aten::as_strided,,,4.19,4.19,0,0,0,0
aten::clamp,,,18.9,39.06,0,20.340406249999997,0,0
empty_tensor,,,8.1,8.1,0,0,0,0
aclnnClamp,,,12.06,12.06,20.340406249999997,20.340406249999997,0,0
aten::mul,,,18.46,43.02,0,7.8201875,0,0
empty_tensor,,,7.96,7.96,0,0,0,0
aten::item,,,2.69,4.47,0,0,0,0
aten::_local_scalar_dense,,,1.78,1.78,0,0,0,0
aclnnMuls,,,12.13,12.13,7.8201875,7.8201875,0,0
aten::sigmoid,,,13.25,30.18,0,11.66025,0,0
empty_tensor,,,6.82,6.82,0,0,0,0
aclnnSigmoid,,,10.11,10.11,11.66025,11.66025,0,0
aten::mul,,,14.67,28.88,0,9.9801875,0,0
empty_tensor,,,5.4,5.4,0,0,0,0
aclnnMul,,,8.81,8.81,9.9801875,9.9801875,0,0
aten::add,,,21.39,40.78,0,10.32021875,0,0
empty_tensor,,,6.36,6.36,0,0,0,0
aten::item,,,1.8,3.23,0,0,0,0
aten::_local_scalar_dense,,,1.43,1.43,0,0,0,0
aclnnAdds,,,9.8,9.8,10.32021875,10.32021875,0,0
aten::mul,,,12.88,30.57,0,3.98009375,0,0
empty_tensor,,,6.84,6.84,0,0,0,0
aclnnMul,,,10.85,10.85,3.98009375,3.98009375,0,0
vllm::unquantized_gemm,,,24.1,91.81,0,47.3009375,0,47.3009375
aten::linear,,,5.47,67.71,0,47.3009375,0,47.3009375
aten::t,,,6.04,16.03,0,0,0,0
aten::transpose,,,3.33,9.99,0,0,0,0
aten::as_strided,,,6.66,6.66,0,0,0,0
aten::matmul,,,19.86,46.21,0,47.3009375,0,47.3009375
empty_tensor,,,11.88,11.88,0,0,0,0
aclnnMatmul,,,14.47,14.47,47.3009375,47.3009375,47.3009375,47.3009375
destroy_event,,,12.96,12.96,0,0,0,0
destroy_event,,,2.42,2.42,0,0,0,0
destroy_event,,,4.2,4.2,0,0,0,0
destroy_event,,,1.93,1.93,0,0,0,0
destroy_event,,,1.81,1.81,0,0,0,0
vllm::maybe_all_reduce_shared_expert,,,23.68,23.68,0,0,0,0
aten::_foreach_add,,,32.17,61.53,0,16.94034375,0,0
aten::result_type,,,1.68,1.68,0,0,0,0
empty_tensor,,,13.23,13.23,0,0,0,0
aclnnForeachAddListV2,,,14.45,14.45,16.94034375,16.94034375,0,0
vllm::maybe_all_reduce_tensor_model_parallel,,,31.15,31.15,0,0,0,0
aten::view,,,7.69,7.69,0,0,0,0
aten::unsqueeze,,,3.88,8.93,0,0,0,0
aten::as_strided,,,5.05,5.05,0,0,0,0
aten::unsqueeze,,,2.1,5.36,0,0,0,0
aten::as_strided,,,3.26,3.26,0,0,0,0
aten::squeeze,,,2.71,5.48,0,0,0,0
aten::as_strided,,,2.77,2.77,0,0,0,0
aten::unsqueeze,,,1.57,4.25,0,0,0,0
aten::as_strided,,,2.68,2.68,0,0,0,0
aten::unsqueeze,,,1.67,4.25,0,0,0,0
aten::as_strided,,,2.58,2.58,0,0,0,0
_C_ascend::npu_hc_post,,,49.7,94.12,0,35.28071875,0,0
aten::empty,,,3.29,13.94,0,0,0,0
empty_tensor,,,10.65,10.65,0,0,0,0
aten::empty,,,3.15,13.26,0,0,0,0
empty_tensor,,,10.11,10.11,0,0,0,0
aclnnHcPost,,,17.22,17.22,35.28071875,35.28071875,0,0
aten::squeeze,,,4.27,9.37,0,0,0,0
aten::as_strided,,,5.1,5.1,0,0,0,0
aten::mean,,,24.34,46.19,0,21.7604375,0,0
empty_tensor,,,8.07,8.07,0,0,0,0
aclnnMean,,,13.78,13.78,21.7604375,21.7604375,0,0
npu::npu_rms_norm,,,65.92,95.21,0,15.8403125,0,0
empty_tensor,,,9.62,9.62,0,0,0,0
empty_tensor,,,5.3,5.3,0,0,0,0
aclnnRmsNorm,,,14.37,14.37,15.8403125,15.8403125,0,0
aten::index,,,33.76,61.7,0,11.300218749999999,0,0
empty_tensor,,,6.5,6.5,0,0,0,0
empty_tensor,,,7.31,7.31,0,0,0,0
aclnnIndex,,,14.13,14.13,11.300218749999999,11.300218749999999,0,0
aten::linear,,,6.02,72.54,0,981.15959375,0,981.15959375
aten::t,,,6.23,16.34,0,0,0,0
aten::transpose,,,3.52,10.11,0,0,0,0
aten::as_strided,,,6.59,6.59,0,0,0,0
aten::matmul,,,19.29,50.18,0,981.15959375,0,981.15959375
empty_tensor,,,9.68,9.68,0,0,0,0
aclnnMatmul,,,21.21,21.21,981.15959375,981.15959375,981.15959375,981.15959375
aten::alias,,,3.96,3.96,0,0,0,0
aten::log_softmax,,,11.2,118.34,0,52.5410625,0,0
aten::to,,,4.46,75.19,0,7.80015625,0,0
aten::_to_copy,,,7.39,70.73,0,7.80015625,0,0
aten::empty_strided,,,12.95,20.39,0,0,0,0
empty_tensor,,,7.44,7.44,0,0,0,0
aten::copy_,,,22.95,42.95,0,7.80015625,0,0
aclnnInplaceCopy,,,20.0,20.0,7.80015625,7.80015625,0,0
aten::_log_softmax,,,20.71,31.95,0,44.74090625,0,0
empty_tensor,,,8.42,8.42,0,0,0,0
aclnnLogSoftmax,,,2.82,2.82,44.74090625,44.74090625,0,0
aten::to,,,2.87,50.32,0,3.2000625,0,0
aten::_to_copy,,,5.4,47.45,0,3.2000625,0,0
aten::empty_strided,,,7.96,12.57,0,0,0,0
empty_tensor,,,4.61,4.61,0,0,0,0
aten::copy_,,,16.21,29.48,0,3.2000625,0,0
aclnnInplaceCopy,,,13.27,13.27,3.2000625,3.2000625,0,0
aten::argmax,,,9.03,80.57,0,21.06040625,0,0
aten::empty,,,2.69,10.51,0,0,0,0
empty_tensor,,,7.82,7.82,0,0,0,0
aten::argmax,,,24.88,61.03,0,21.06040625,0,0
aten::reshape,,,1.75,6.76,0,0,0,0
aten::view,,,5.01,5.01,0,0,0,0
aclnnArgMax,,,29.39,29.39,21.06040625,21.06040625,0,0
aten::view,,,4.59,4.59,0,0,0,0
aten::to,,,1.77,1.77,0,0,0,0
aten::topk,,,21.77,48.95,0,40.24078125,0,0
empty_tensor,,,7.87,7.87,0,0,0,0
empty_tensor,,,4.54,4.54,0,0,0,0
aclnnTopk,,,14.77,14.77,40.24078125,40.24078125,0,0
aten::unsqueeze,,,3.6,8.84,0,0,0,0
aten::as_strided,,,5.24,5.24,0,0,0,0
aten::gather,,,22.02,32.19,0,5.820125,0,0
empty_tensor,,,7.12,7.12,0,0,0,0
aclnnGather,,,3.05,3.05,5.820125,5.820125,0,0
TorchDynamo Cache Lookup,,,41.96,41.96,0,0,0,0
Torch-Compiled Region: 0/0,,,119.35,216.75,0,41.68084375,0,0
aten::_assert_scalar,,,3.52,3.52,0,0,0,0
aten::_assert_scalar,,,1.18,1.18,0,0,0,0
aten::_assert_scalar,,,1.53,1.53,0,0,0,0
aten::ge,,,18.88,49.56,0,13.34025,0,0
empty_tensor,,,11.62,11.62,0,0,0,0
aclnnGeTensor,,,19.06,19.06,13.34025,13.34025,0,0
aten::sum,,,20.63,41.61,0,28.34059375,0,0
empty_tensor,,,8.06,8.06,0,0,0,0
aclnnReduceSum,,,12.92,12.92,28.34059375,28.34059375,0,0
aten::cat,,,20.97,41.4,0,3.2600625,0,0
empty_tensor,,,8.23,8.23,0,0,0,0
aclnnCat,,,12.2,12.2,3.2600625,3.2600625,0,0
aten::cat,,,13.49,31.45,0,2.8400625,0,0
empty_tensor,,,7.32,7.32,0,0,0,0
aclnnCat,,,10.64,10.64,2.8400625,2.8400625,0,0
aten::to,,,2.83,47.51,0,1.38003125,0,0
aten::_to_copy,,,5.88,44.68,0,1.38003125,0,0
aten::empty_strided,,,7.58,11.97,0,0,0,0
empty_tensor,,,4.39,4.39,0,0,0,0
aten::copy_,,,15.69,26.83,0,1.38003125,0,0
aclnnInplaceCopy,,,11.14,11.14,1.38003125,1.38003125,0,0
aten::to,,,1.99,46.05,0,1.36003125,0,0
aten::_to_copy,,,5.03,44.06,0,1.36003125,0,0
aten::empty_strided,,,6.95,11.24,0,0,0,0
empty_tensor,,,4.29,4.29,0,0,0,0
aten::copy_,,,14.78,27.79,0,1.36003125,0,0
aclnnInplaceCopy,,,13.01,13.01,1.36003125,1.36003125,0,0
aten::unsqueeze,,,4.0,10.54,0,0,0,0
aten::as_strided,,,6.54,6.54,0,0,0,0
Event::record,,,161.59,184.64,0,0.02,0,0
record_event,,,23.05,23.05,0.02,0.02,0,0
aten::slice,,,8.29,16.92,0,0,0,0
aten::as_strided,,,8.63,8.63,0,0,0,0
Event::wait,,,81.36,101.55,0,0.02,0,0
wait_event,,,20.19,20.19,0.02,0.02,0,0
Event::record,,,89.82,108.56,0,0.02,0,0
record_event,,,18.74,18.74,0.02,0.02,0,0
Event::wait,,,63.37,88.82,0,0.02,0,0
wait_event,,,25.45,25.45,0.02,0.02,0,0
destroy_event,,,10.22,10.22,0,0,0,0
aten::to,,,4.23,53.82,0,2.06003125,0,0
aten::_to_copy,,,6.95,49.59,0,2.06003125,0,0
aten::empty_strided,,,8.55,8.55,0,0,0,0
aten::copy_,,,23.64,34.09,0,2.06003125,0,0
acl_memcpy_device_to_host,,,10.45,10.45,2.06003125,2.06003125,0,0
aten::to,,,2.9,42.89,0,2.00003125,0,0
aten::_to_copy,,,5.09,39.99,0,2.00003125,0,0
aten::empty_strided,,,5.05,5.05,0,0,0,0
aten::copy_,,,16.19,29.85,0,2.00003125,0,0
acl_memcpy_device_to_host,,,13.66,13.66,2.00003125,2.00003125,0,0
aten::to,,,2.32,32.9,0,2.1600625,0,0
aten::_to_copy,,,4.21,30.58,0,2.1600625,0,0
aten::empty_strided,,,3.32,3.32,0,0,0,0
aten::copy_,,,12.67,23.05,0,2.1600625,0,0
acl_memcpy_device_to_host,,,10.38,10.38,2.1600625,2.1600625,0,0
aten::to,,,2.42,32.55,0,2.2400625,0,0
aten::_to_copy,,,4.16,30.13,0,2.2400625,0,0
aten::empty_strided,,,3.35,3.35,0,0,0,0
aten::copy_,,,11.69,22.62,0,2.2400625,0,0
acl_memcpy_device_to_host,,,10.93,10.93,2.2400625,2.2400625,0,0
Event::record,,,162.36,179.82,0,0.02,0,0
record_event,,,17.46,17.46,0.02,0.02,0,0
Event::synchronize,,,85.34,85.34,0,0,0,0
aten::resolve_conj,,,1.7,1.7,0,0,0,0
aten::resolve_neg,,,0.84,0.84,0,0,0,0
aten::to,,,3.24,3.24,0,0,0,0
aten::detach,,,4.37,4.37,0,0,0,0
aten::to,,,0.72,0.72,0,0,0,0
aten::resolve_conj,,,0.51,0.51,0,0,0,0
aten::resolve_neg,,,0.94,0.94,0,0,0,0
aten::to,,,1.31,1.31,0,0,0,0
aten::detach,,,1.6,1.6,0,0,0,0
aten::to,,,0.56,0.56,0,0,0,0
aten::resolve_conj,,,0.41,0.41,0,0,0,0
aten::resolve_neg,,,0.25,0.25,0,0,0,0
aten::to,,,1.16,1.16,0,0,0,0
aten::detach,,,1.15,1.15,0,0,0,0
aten::to,,,1.03,1.03,0,0,0,0
aten::resolve_conj,,,0.38,0.38,0,0,0,0
aten::resolve_neg,,,0.26,0.26,0,0,0,0
destroy_event,,,24.33,24.33,0,0,0,0
record_event,,,6.27,6.27,0.02,0.02,0,0
Event::synchronize,,,158.48,158.48,0,0,0,0
aten::slice,,,13.22,17.71,0,0,0,0
aten::as_strided,,,4.49,4.49,0,0,0,0
aten::slice,,,4.4,11.67,0,0,0,0
aten::as_strided,,,7.27,7.27,0,0,0,0
aten::pin_memory,,,115.76,132.6,0,0,0,0
aten::is_pinned,,,16.84,16.84,0,0,0,0
aten::copy_,,,23.16,37.01,0,2.40003125,0,0
acl_memcpy_host_to_device,,,13.85,13.85,2.40003125,2.40003125,0,0
aten::slice,,,7.42,10.2,0,0,0,0
aten::as_strided,,,2.78,2.78,0,0,0,0
aten::slice,,,14.62,20.13,0,0,0,0
aten::as_strided,,,5.51,5.51,0,0,0,0
aten::pin_memory,,,3.77,13.74,0,0,0,0
aten::is_pinned,,,9.97,9.97,0,0,0,0
aten::copy_,,,15.26,33.09,0,2.36003125,0,0
acl_memcpy_host_to_device,,,17.83,17.83,2.36003125,2.36003125,0,0
aten::slice,,,6.63,9.04,0,0,0,0
aten::as_strided,,,2.41,2.41,0,0,0,0
aten::slice,,,3.18,7.92,0,0,0,0
aten::as_strided,,,4.74,4.74,0,0,0,0
aten::pin_memory,,,3.65,11.76,0,0,0,0
aten::is_pinned,,,8.11,8.11,0,0,0,0
aten::copy_,,,13.22,29.08,0,2.3400625,0,0
acl_memcpy_host_to_device,,,15.86,15.86,2.3400625,2.3400625,0,0
aten::slice,,,6.3,8.45,0,0,0,0
aten::as_strided,,,2.15,2.15,0,0,0,0
aten::slice,,,3.11,7.18,0,0,0,0
aten::as_strided,,,4.07,4.07,0,0,0,0
aten::pin_memory,,,3.1,11.04,0,0,0,0
aten::is_pinned,,,7.94,7.94,0,0,0,0
aten::copy_,,,13.54,25.78,0,2.38003125,0,0
acl_memcpy_host_to_device,,,12.24,12.24,2.38003125,2.38003125,0,0
aten::slice,,,6.07,8.51,0,0,0,0
aten::as_strided,,,2.44,2.44,0,0,0,0
aten::slice,,,3.04,7.12,0,0,0,0
aten::as_strided,,,4.08,4.08,0,0,0,0
aten::pin_memory,,,3.37,10.55,0,0,0,0
aten::is_pinned,,,7.18,7.18,0,0,0,0
aten::copy_,,,12.14,24.12,0,2.20003125,0,0
acl_memcpy_host_to_device,,,11.98,11.98,2.20003125,2.20003125,0,0
aten::slice,,,10.05,14.28,0,0,0,0
aten::as_strided,,,4.23,4.23,0,0,0,0
aten::slice,,,3.54,9.66,0,0,0,0
aten::as_strided,,,6.12,6.12,0,0,0,0
aten::pin_memory,,,4.15,17.7,0,0,0,0
aten::is_pinned,,,13.55,13.55,0,0,0,0
aten::copy_,,,16.24,35.33,0,2.3000625,0,0
acl_memcpy_host_to_device,,,19.09,19.09,2.3000625,2.3000625,0,0
aten::slice,,,5.69,10.31,0,0,0,0
aten::as_strided,,,4.62,4.62,0,0,0,0
aten::lift_fresh,,,1.6,1.6,0,0,0,0
aten::lift_fresh,,,1.49,1.49,0,0,0,0
aten::flatten,,,3.87,11.17,0,0,0,0
aten::view,,,7.3,7.3,0,0,0,0
aten::slice,,,3.8,5.49,0,0,0,0
aten::as_strided,,,1.69,1.69,0,0,0,0
aten::index_select,,,8.96,8.96,0,0,0,0
aten::pin_memory,,,4.23,16.98,0,0,0,0
aten::is_pinned,,,12.75,12.75,0,0,0,0
aten::copy_,,,15.35,36.08,0,2.34003125,0,0
acl_memcpy_host_to_device,,,20.73,20.73,2.34003125,2.34003125,0,0
aten::pin_memory,,,4.22,12.43,0,0,0,0
aten::is_pinned,,,8.21,8.21,0,0,0,0
aten::copy_,,,13.62,26.69,0,2.5800625,0,0
acl_memcpy_host_to_device,,,13.07,13.07,2.5800625,2.5800625,0,0
aten::slice,,,6.74,8.83,0,0,0,0
aten::as_strided,,,2.09,2.09,0,0,0,0
aten::lift_fresh,,,1.2,1.2,0,0,0,0
aten::slice,,,3.2,4.31,0,0,0,0
aten::as_strided,,,1.11,1.11,0,0,0,0
aten::add,,,18.2,18.2,0,0,0,0
aten::slice,,,3.6,4.87,0,0,0,0
aten::as_strided,,,1.27,1.27,0,0,0,0
aten::fill_,,,3.14,3.14,0,0,0,0
aten::slice,,,3.11,8.22,0,0,0,0
aten::as_strided,,,5.11,5.11,0,0,0,0
aten::fill_,,,21.2,36.18,0,1.64003125,0,0
aclnnInplaceFillScalar,,,14.98,14.98,1.64003125,1.64003125,0,0
aten::slice,,,6.79,12.57,0,0,0,0
aten::as_strided,,,5.78,5.78,0,0,0,0
aten::select,,,5.22,8.29,0,0,0,0
aten::as_strided,,,3.07,3.07,0,0,0,0
aten::copy_,,,74.2,91.25,0,0.6,0,0
aclnnInplaceCopy,,,17.05,17.05,0.6,0.6,0,0
aten::slice,,,8.15,11.14,0,0,0,0
aten::as_strided,,,2.99,2.99,0,0,0,0
aten::detach,,,3.32,3.32,0,0,0,0
aten::to,,,1.95,1.95,0,0,0,0
aten::resolve_conj,,,1.51,1.51,0,0,0,0
aten::resolve_neg,,,0.75,0.75,0,0,0,0
aten::slice,,,5.57,7.85,0,0,0,0
aten::as_strided,,,2.28,2.28,0,0,0,0
aten::slice,,,3.45,8.44,0,0,0,0
aten::as_strided,,,4.99,4.99,0,0,0,0
aten::pin_memory,,,4.49,18.19,0,0,0,0
aten::is_pinned,,,13.7,13.7,0,0,0,0
aten::copy_,,,3.71,3.71,0,0,0,0
aten::slice,,,4.92,7.19,0,0,0,0
aten::as_strided,,,2.27,2.27,0,0,0,0
aten::slice,,,2.96,6.42,0,0,0,0
aten::as_strided,,,3.46,3.46,0,0,0,0
aten::pin_memory,,,3.51,11.78,0,0,0,0
aten::is_pinned,,,8.27,8.27,0,0,0,0
aten::copy_,,,15.2,31.44,0,2.30003125,0,0
acl_memcpy_host_to_device,,,16.24,16.24,2.30003125,2.30003125,0,0
aten::fill_,,,18.1,32.31,0,1.42003125,0,0
aclnnInplaceFillScalar,,,14.21,14.21,1.42003125,1.42003125,0,0
aten::slice,,,5.33,9.37,0,0,0,0
aten::as_strided,,,4.04,4.04,0,0,0,0
aten::slice,,,2.85,4.52,0,0,0,0
aten::as_strided,,,1.67,1.67,0,0,0,0
aten::copy_,,,16.4,27.77,0,2.3200625,0,0
acl_memcpy_host_to_device,,,11.37,11.37,2.3200625,2.3200625,0,0
aten::slice,,,5.48,7.63,0,0,0,0
aten::as_strided,,,2.15,2.15,0,0,0,0
aten::slice,,,2.87,6.84,0,0,0,0
aten::as_strided,,,3.97,3.97,0,0,0,0
aten::pin_memory,,,3.71,12.03,0,0,0,0
aten::is_pinned,,,8.32,8.32,0,0,0,0
aten::copy_,,,13.35,24.92,0,2.18003125,0,0
acl_memcpy_host_to_device,,,11.57,11.57,2.18003125,2.18003125,0,0
aten::slice,,,5.9,9.67,0,0,0,0
aten::as_strided,,,3.77,3.77,0,0,0,0
aten::slice,,,3.12,5.01,0,0,0,0
aten::as_strided,,,1.89,1.89,0,0,0,0
aten::slice,,,2.74,5.43,0,0,0,0
aten::as_strided,,,2.69,2.69,0,0,0,0
aten::pin_memory,,,3.64,12.05,0,0,0,0
aten::is_pinned,,,8.41,8.41,0,0,0,0
aten::copy_,,,12.93,25.09,0,2.1800625,0,0
acl_memcpy_host_to_device,,,12.16,12.16,2.1800625,2.1800625,0,0
aten::slice,,,5.05,7.62,0,0,0,0
aten::as_strided,,,2.57,2.57,0,0,0,0
aten::slice,,,2.96,7.14,0,0,0,0
aten::as_strided,,,4.18,4.18,0,0,0,0
aten::pin_memory,,,3.31,11.77,0,0,0,0
aten::is_pinned,,,8.46,8.46,0,0,0,0
aten::copy_,,,13.6,25.85,0,2.2000625,0,0
acl_memcpy_host_to_device,,,12.25,12.25,2.2000625,2.2000625,0,0
aten::slice,,,4.87,8.26,0,0,0,0
aten::as_strided,,,3.39,3.39,0,0,0,0
aten::index,,,38.71,72.2,0,11.140218749999999,0,0
empty_tensor,,,6.86,6.86,0,0,0,0
empty_tensor,,,12.21,12.21,0,0,0,0
aclnnIndex,,,14.42,14.42,11.140218749999999,11.140218749999999,0,0
aten::to,,,3.38,52.27,0,1.14003125,0,0
aten::_to_copy,,,6.64,48.89,0,1.14003125,0,0
aten::empty_strided,,,8.68,13.5,0,0,0,0
empty_tensor,,,4.82,4.82,0,0,0,0
aten::copy_,,,16.64,28.75,0,1.14003125,0,0
aclnnInplaceCopy,,,12.11,12.11,1.14003125,1.14003125,0,0
aten::slice,,,6.34,10.46,0,0,0,0
aten::as_strided,,,4.12,4.12,0,0,0,0
aten::add,,,19.75,38.19,0,2.3600625,0,0
empty_tensor,,,6.93,6.93,0,0,0,0
aclnnAdd,,,11.51,11.51,2.3600625,2.3600625,0,0
aten::slice,,,5.73,10.5,0,0,0,0
aten::as_strided,,,4.77,4.77,0,0,0,0
aten::copy_,,,53.69,65.96,0,0.58,0,0
aclnnInplaceCopy,,,12.27,12.27,0.58,0.58,0,0
aten::slice,,,7.18,11.7,0,0,0,0
aten::as_strided,,,4.52,4.52,0,0,0,0
aten::add,,,18.99,39.32,0,1.74003125,0,0
empty_tensor,,,8.12,8.12,0,0,0,0
aclnnAdd,,,12.21,12.21,1.74003125,1.74003125,0,0
aten::slice,,,5.37,9.37,0,0,0,0
aten::as_strided,,,4.0,4.0,0,0,0,0
aten::copy_,,,46.31,59.36,0,0.60003125,0,0
aclnnInplaceCopy,,,13.05,13.05,0.60003125,0.60003125,0,0
aten::slice,,,6.6,10.37,0,0,0,0
aten::as_strided,,,3.77,3.77,0,0,0,0
aten::fill_,,,13.95,25.15,0,1.46,0,0
aclnnInplaceFillScalar,,,11.2,11.2,1.46,1.46,0,0
aten::slice,,,6.15,9.81,0,0,0,0
aten::as_strided,,,3.66,3.66,0,0,0,0
aten::slice,,,2.96,5.48,0,0,0,0
aten::as_strided,,,2.52,2.52,0,0,0,0
compute_slot_mapping_fused_groups_adaptive_kernel,,,25.81,25.81,4.74009375,4.74009375,0,0
aten::slice,,,9.94,17.98,0,0,0,0
aten::as_strided,,,8.04,8.04,0,0,0,0
aten::sub,,,26.46,58.99,0,1.42,0,0
empty_tensor,,,11.22,11.22,0,0,0,0
aten::item,,,3.22,5.3,0,0,0,0
aten::_local_scalar_dense,,,2.08,2.08,0,0,0,0
aclnnSubs,,,16.01,16.01,1.42,1.42,0,0
aten::pin_memory,,,8.07,24.42,0,0,0,0
aten::is_pinned,,,16.35,16.35,0,0,0,0
aten::copy_,,,19.23,36.04,0,2.1800625,0,0
acl_memcpy_host_to_device,,,16.81,16.81,2.1800625,2.1800625,0,0
aten::detach,,,4.5,4.5,0,0,0,0
aten::to,,,2.27,2.27,0,0,0,0
aten::resolve_conj,,,1.12,1.12,0,0,0,0
aten::resolve_neg,,,0.58,0.58,0,0,0,0
aten::slice,,,8.63,16.51,0,0,0,0
aten::as_strided,,,7.88,7.88,0,0,0,0
aten::slice,,,3.08,6.53,0,0,0,0
aten::as_strided,,,3.45,3.45,0,0,0,0
aten::slice,,,3.06,5.37,0,0,0,0
aten::as_strided,,,2.31,2.31,0,0,0,0
aten::fill_,,,18.26,34.21,0,1.18003125,0,0
aclnnInplaceFillScalar,,,15.95,15.95,1.18003125,1.18003125,0,0
aten::slice,,,4.59,8.03,0,0,0,0
aten::as_strided,,,3.44,3.44,0,0,0,0
aten::fill_,,,13.17,23.35,0,1.40003125,0,0
aclnnInplaceFillScalar,,,10.18,10.18,1.40003125,1.40003125,0,0
aten::slice,,,4.77,7.56,0,0,0,0
aten::as_strided,,,2.79,2.79,0,0,0,0
aten::slice,,,2.66,3.6,0,0,0,0
aten::as_strided,,,0.94,0.94,0,0,0,0
aten::lt,,,15.12,15.12,0,0,0,0
aten::lift_fresh,,,1.14,1.14,0,0,0,0
aten::slice,,,1.71,2.97,0,0,0,0
aten::as_strided,,,1.26,1.26,0,0,0,0
aten::fill_,,,2.42,12.3,0,0,0,0
aten::copy_,,,9.88,9.88,0,0,0,0
aten::slice,,,3.63,5.29,0,0,0,0
aten::as_strided,,,1.66,1.66,0,0,0,0
aten::slice,,,2.82,7.14,0,0,0,0
aten::as_strided,,,4.32,4.32,0,0,0,0
aten::slice,,,3.07,4.79,0,0,0,0
aten::as_strided,,,1.72,1.72,0,0,0,0
aten::slice,,,3.38,6.06,0,0,0,0
aten::as_strided,,,2.68,2.68,0,0,0,0
aten::slice,,,2.35,3.28,0,0,0,0
aten::as_strided,,,0.93,0.93,0,0,0,0
aten::slice,,,1.99,2.91,0,0,0,0
aten::as_strided,,,0.92,0.92,0,0,0,0
aten::slice,,,2.65,5.16,0,0,0,0
aten::as_strided,,,2.51,2.51,0,0,0,0
aten::slice,,,2.41,4.47,0,0,0,0
aten::as_strided,,,2.06,2.06,0,0,0,0
aten::slice,,,2.39,4.32,0,0,0,0
aten::as_strided,,,1.93,1.93,0,0,0,0
aten::slice,,,5.94,11.3,0,0,0,0
aten::as_strided,,,5.36,5.36,0,0,0,0
aten::slice,,,2.97,6.1,0,0,0,0
aten::as_strided,,,3.13,3.13,0,0,0,0
aten::slice,,,3.26,5.67,0,0,0,0
aten::as_strided,,,2.41,2.41,0,0,0,0
aten::to,,,1.78,1.78,0,0,0,0
aten::slice,,,2.84,5.66,0,0,0,0
aten::as_strided,,,2.82,2.82,0,0,0,0
aten::slice,,,2.8,5.32,0,0,0,0
aten::as_strided,,,2.52,2.52,0,0,0,0
aten::slice,,,2.38,4.45,0,0,0,0
aten::as_strided,,,2.07,2.07,0,0,0,0
aten::slice,,,2.82,6.99,0,0,0,0
aten::as_strided,,,4.17,4.17,0,0,0,0
aten::alias,,,4.72,4.72,0,0,0,0
aten::alias,,,4.23,4.23,0,0,0,0
aten::div,,,36.65,63.67,0,8.94021875,0,0
aten::item,,,2.13,4.29,0,0,0,0
aten::_local_scalar_dense,,,2.16,2.16,0,0,0,0
aclnnDivMods,,,22.73,22.73,8.94021875,8.94021875,0,0
aten::slice,,,3.72,8.89,0,0,0,0
aten::as_strided,,,5.17,5.17,0,0,0,0
aten::slice,,,4.69,6.98,0,0,0,0
aten::as_strided,,,2.29,2.29,0,0,0,0
aten::copy_,,,63.27,78.29,0,0.6,0,0
aclnnInplaceCopy,,,15.02,15.02,0.6,0.6,0,0
aten::slice,,,4.26,8.08,0,0,0,0
aten::as_strided,,,3.82,3.82,0,0,0,0
aten::slice,,,4.84,7.47,0,0,0,0
aten::as_strided,,,2.63,2.63,0,0,0,0
aten::ge,,,28.73,53.58,0,4.1800625,0,0
empty_tensor,,,11.46,11.46,0,0,0,0
aclnnGeScalar,,,13.39,13.39,4.1800625,4.1800625,0,0
aten::add,,,21.82,45.78,0,2.8800625,0,0
empty_tensor,,,8.33,8.33,0,0,0,0
aten::item,,,2.26,3.74,0,0,0,0
aten::_local_scalar_dense,,,1.48,1.48,0,0,0,0
aclnnAdds,,,11.89,11.89,2.8800625,2.8800625,0,0
aten::remainder,,,22.99,41.2,0,3.3800625,0,0
empty_tensor,,,7.46,7.46,0,0,0,0
aclnnRemainderTensorScalar,,,10.75,10.75,3.3800625,3.3800625,0,0
aten::eq,,,13.12,29.07,0,2.2400625,0,0
empty_tensor,,,6.4,6.4,0,0,0,0
aclnnEqScalar,,,9.55,9.55,2.2400625,2.2400625,0,0
aten::__and__,,,2.94,36.72,0,1.62003125,0,0
aten::bitwise_and,,,17.11,33.78,0,1.62003125,0,0
empty_tensor,,,6.23,6.23,0,0,0,0
aclnnBitwiseAndTensor,,,10.44,10.44,1.62003125,1.62003125,0,0
aten::clamp_min,,,12.29,27.55,0,2.7400625,0,0
empty_tensor,,,5.73,5.73,0,0,0,0
aclnnClampMin,,,9.53,9.53,2.7400625,2.7400625,0,0
aten::div,,,22.88,43.14,0,4.18009375,0,0
empty_tensor,,,6.39,6.39,0,0,0,0
aten::item,,,2.02,3.51,0,0,0,0
aten::_local_scalar_dense,,,1.49,1.49,0,0,0,0
aclnnDivMods,,,10.36,10.36,4.18009375,4.18009375,0,0
aten::remainder,,,20.66,37.63,0,4.60009375,0,0
empty_tensor,,,6.91,6.91,0,0,0,0
aclnnRemainderTensorScalar,,,10.06,10.06,4.60009375,4.60009375,0,0
aten::mul,,,18.34,36.18,0,1.56003125,0,0
empty_tensor,,,5.5,5.5,0,0,0,0
aten::item,,,1.44,3.08,0,0,0,0
aten::_local_scalar_dense,,,1.64,1.64,0,0,0,0
aclnnMuls,,,9.26,9.26,1.56003125,1.56003125,0,0
aten::div,,,20.04,38.89,0,4.0400937500000005,0,0
empty_tensor,,,6.1,6.1,0,0,0,0
aten::item,,,1.95,2.86,0,0,0,0
aten::_local_scalar_dense,,,0.91,0.91,0,0,0,0
aclnnDivMods,,,9.89,9.89,4.0400937500000005,4.0400937500000005,0,0
aten::add,,,17.44,33.7,0,1.38003125,0,0
empty_tensor,,,6.08,6.08,0,0,0,0
aclnnAdd,,,10.18,10.18,1.38003125,1.38003125,0,0
aten::full_like,,,4.82,45.49,0,1.32003125,0,0
aten::empty_like,,,6.74,19.99,0,0,0,0
aten::empty_strided,,,8.71,13.25,0,0,0,0
empty_tensor,,,4.54,4.54,0,0,0,0
aten::fill_,,,9.74,20.68,0,1.32003125,0,0
aclnnInplaceFillScalar,,,10.94,10.94,1.32003125,1.32003125,0,0
aten::where,,,14.32,23.34,0,2.0000625,0,0
empty_tensor,,,6.7,6.7,0,0,0,0
aclnnSWhere,,,2.32,2.32,2.0000625,2.0000625,0,0
aten::copy_,,,13.83,24.82,0,1.12,0,0
aclnnInplaceCopy,,,10.99,10.99,1.12,1.12,0,0
aten::slice,,,4.58,9.4,0,0,0,0
aten::as_strided,,,4.82,4.82,0,0,0,0
aten::slice,,,5.85,9.06,0,0,0,0
aten::as_strided,,,3.21,3.21,0,0,0,0
aten::div,,,24.35,40.38,0,4.020125,0,0
aten::item,,,2.2,3.66,0,0,0,0
aten::_local_scalar_dense,,,1.46,1.46,0,0,0,0
aclnnDivMods,,,12.37,12.37,4.020125,4.020125,0,0
aten::slice,,,2.69,7.09,0,0,0,0
aten::as_strided,,,4.4,4.4,0,0,0,0
aten::slice,,,4.7,8.44,0,0,0,0
aten::as_strided,,,3.74,3.74,0,0,0,0
aten::slice,,,2.66,5.2,0,0,0,0
aten::as_strided,,,2.54,2.54,0,0,0,0
aten::copy_,,,58.48,72.96,0,0.60003125,0,0
aclnnInplaceCopy,,,14.48,14.48,0.60003125,0.60003125,0,0
aten::slice,,,3.49,7.98,0,0,0,0
aten::as_strided,,,4.49,4.49,0,0,0,0
aten::slice,,,4.99,8.14,0,0,0,0
aten::as_strided,,,3.15,3.15,0,0,0,0
aten::copy_,,,45.31,58.34,0,0.6,0,0
aclnnInplaceCopy,,,13.03,13.03,0.6,0.6,0,0
aten::slice,,,6.36,9.27,0,0,0,0
aten::as_strided,,,2.91,2.91,0,0,0,0
aten::div,,,15.68,35.45,0,0,0,0
aten::to,,,1.99,19.77,0,0,0,0
aten::_to_copy,,,6.01,17.78,0,0,0,0
aten::empty_strided,,,3.91,3.91,0,0,0,0
aten::copy_,,,7.86,7.86,0,0,0,0
aten::slice,,,4.69,9.93,0,0,0,0
aten::as_strided,,,5.24,5.24,0,0,0,0
aten::slice,,,5.94,11.31,0,0,0,0
aten::as_strided,,,5.37,5.37,0,0,0,0
aten::slice,,,3.05,6.13,0,0,0,0
aten::as_strided,,,3.08,3.08,0,0,0,0
aten::slice,,,2.4,4.66,0,0,0,0
aten::as_strided,,,2.26,2.26,0,0,0,0
aten::fill_,,,18.01,34.24,0,1.24003125,0,0
aclnnInplaceFillScalar,,,16.23,16.23,1.24003125,1.24003125,0,0
aten::slice,,,5.3,8.68,0,0,0,0
aten::as_strided,,,3.38,3.38,0,0,0,0
aten::fill_,,,12.59,24.83,0,1.08003125,0,0
aclnnInplaceFillScalar,,,12.24,12.24,1.08003125,1.08003125,0,0
aten::slice,,,5.5,10.0,0,0,0,0
aten::as_strided,,,4.5,4.5,0,0,0,0
aten::slice,,,3.11,6.03,0,0,0,0
aten::as_strided,,,2.92,2.92,0,0,0,0
aten::slice,,,5.65,8.31,0,0,0,0
aten::as_strided,,,2.66,2.66,0,0,0,0
aten::slice,,,2.83,6.33,0,0,0,0
aten::as_strided,,,3.5,3.5,0,0,0,0
aten::slice,,,3.14,6.18,0,0,0,0
aten::as_strided,,,3.04,3.04,0,0,0,0
aten::slice,,,2.71,5.07,0,0,0,0
aten::as_strided,,,2.36,2.36,0,0,0,0
aten::slice,,,2.32,4.38,0,0,0,0
aten::as_strided,,,2.06,2.06,0,0,0,0
aten::fill_,,,15.07,28.53,0,1.50003125,0,0
aclnnInplaceFillScalar,,,13.46,13.46,1.50003125,1.50003125,0,0
aten::slice,,,4.12,7.72,0,0,0,0
aten::as_strided,,,3.6,3.6,0,0,0,0
aten::fill_,,,11.67,21.13,0,1.28003125,0,0
aclnnInplaceFillScalar,,,9.46,9.46,1.28003125,1.28003125,0,0
aten::slice,,,4.91,9.51,0,0,0,0
aten::as_strided,,,4.6,4.6,0,0,0,0
aten::slice,,,3.16,5.38,0,0,0,0
aten::as_strided,,,2.22,2.22,0,0,0,0
aten::slice,,,2.77,5.8,0,0,0,0
aten::as_strided,,,3.03,3.03,0,0,0,0
aten::slice,,,3.07,4.32,0,0,0,0
aten::as_strided,,,1.25,1.25,0,0,0,0
aten::slice,,,2.43,3.94,0,0,0,0
aten::as_strided,,,1.51,1.51,0,0,0,0
aten::slice,,,2.38,3.42,0,0,0,0
aten::as_strided,,,1.04,1.04,0,0,0,0
aten::slice,,,2.55,3.42,0,0,0,0
aten::as_strided,,,0.87,0.87,0,0,0,0
aten::slice,,,1.41,2.38,0,0,0,0
aten::as_strided,,,0.97,0.97,0,0,0,0
aten::diff,,,7.41,34.78,0,0,0,0
aten::narrow,,,5.99,10.11,0,0,0,0
aten::slice,,,1.88,4.12,0,0,0,0
aten::as_strided,,,2.24,2.24,0,0,0,0
aten::narrow,,,2.07,4.06,0,0,0,0
aten::slice,,,1.03,1.99,0,0,0,0
aten::as_strided,,,0.96,0.96,0,0,0,0
aten::sub,,,13.2,13.2,0,0,0,0
aten::eq,,,13.67,29.14,0,0,0,0
aten::to,,,1.8,15.47,0,0,0,0
aten::_to_copy,,,4.59,13.67,0,0,0,0
aten::empty_strided,,,3.12,3.12,0,0,0,0
aten::copy_,,,5.96,5.96,0,0,0,0
aten::__and__,,,2.56,7.9,0,0,0,0
aten::bitwise_and,,,5.34,5.34,0,0,0,0
aten::gt,,,9.12,17.49,0,0,0,0
aten::to,,,0.97,8.37,0,0,0,0
aten::_to_copy,,,2.75,7.4,0,0,0,0
aten::empty_strided,,,1.84,1.84,0,0,0,0
aten::copy_,,,2.81,2.81,0,0,0,0
aten::__and__,,,1.44,4.52,0,0,0,0
aten::bitwise_and,,,3.08,3.08,0,0,0,0
aten::any,,,11.81,14.16,0,0,0,0
aten::as_strided,,,1.19,1.19,0,0,0,0
aten::fill_,,,1.16,1.16,0,0,0,0
aten::item,,,1.69,3.09,0,0,0,0
aten::_local_scalar_dense,,,1.4,1.4,0,0,0,0
aten::slice,,,4.97,6.64,0,0,0,0
aten::as_strided,,,1.67,1.67,0,0,0,0
aten::slice,,,2.6,3.49,0,0,0,0
aten::as_strided,,,0.89,0.89,0,0,0,0
aten::sub,,,5.17,5.17,0,0,0,0
aten::select,,,3.39,5.12,0,0,0,0
aten::as_strided,,,1.73,1.73,0,0,0,0
aten::item,,,1.23,2.44,0,0,0,0
aten::_local_scalar_dense,,,1.21,1.21,0,0,0,0
aten::gt,,,7.54,17.02,0,0,0,0
aten::to,,,1.36,9.48,0,0,0,0
aten::_to_copy,,,2.67,8.12,0,0,0,0
aten::empty_strided,,,1.92,1.92,0,0,0,0
aten::copy_,,,3.53,3.53,0,0,0,0
aten::__ior__,,,2.17,7.14,0,0,0,0
aten::bitwise_or_,,,4.97,4.97,0,0,0,0
aten::any,,,7.26,9.16,0,0,0,0
aten::as_strided,,,1.21,1.21,0,0,0,0
aten::fill_,,,0.69,0.69,0,0,0,0
aten::is_nonzero,,,1.74,3.49,0,0,0,0
aten::item,,,1.06,1.75,0,0,0,0
aten::_local_scalar_dense,,,0.69,0.69,0,0,0,0
aten::select,,,4.93,10.93,0,0,0,0
aten::as_strided,,,6.0,6.0,0,0,0,0
aten::slice,,,5.07,9.34,0,0,0,0
aten::as_strided,,,4.27,4.27,0,0,0,0
aten::slice,,,2.6,4.98,0,0,0,0
aten::as_strided,,,2.38,2.38,0,0,0,0
aten::slice,,,2.32,4.88,0,0,0,0
aten::as_strided,,,2.56,2.56,0,0,0,0
aten::copy_,,,63.16,86.46,0,0.56,0,0
aclnnInplaceCopy,,,23.3,23.3,0.56,0.56,0,0
aten::slice,,,6.64,10.99,0,0,0,0
aten::as_strided,,,4.35,4.35,0,0,0,0
aten::fill_,,,15.01,31.85,0,1.18003125,0,0
aclnnInplaceFillScalar,,,16.84,16.84,1.18003125,1.18003125,0,0
aten::slice,,,6.23,10.02,0,0,0,0
aten::as_strided,,,3.79,3.79,0,0,0,0
aten::slice,,,2.79,5.39,0,0,0,0
aten::as_strided,,,2.6,2.6,0,0,0,0
aten::slice,,,2.49,5.38,0,0,0,0
aten::as_strided,,,2.89,2.89,0,0,0,0
aten::copy_,,,51.87,68.42,0,0.64,0,0
aclnnInplaceCopy,,,16.55,16.55,0.64,0.64,0,0
aten::slice,,,5.78,9.53,0,0,0,0
aten::as_strided,,,3.75,3.75,0,0,0,0
aten::slice,,,2.79,5.41,0,0,0,0
aten::as_strided,,,2.62,2.62,0,0,0,0
aten::expand_as,,,2.73,11.83,0,0,0,0
aten::expand,,,5.55,9.1,0,0,0,0
aten::as_strided,,,3.55,3.55,0,0,0,0
aten::copy_,,,47.19,63.83,0,0.56,0,0
aclnnInplaceCopy,,,16.64,16.64,0.56,0.56,0,0
aten::slice,,,6.15,10.28,0,0,0,0
aten::as_strided,,,4.13,4.13,0,0,0,0
aten::slice,,,3.45,7.02,0,0,0,0
aten::as_strided,,,3.57,3.57,0,0,0,0
aten::slice,,,2.3,4.55,0,0,0,0
aten::as_strided,,,2.25,2.25,0,0,0,0
aten::slice,,,2.29,4.57,0,0,0,0
aten::as_strided,,,2.28,2.28,0,0,0,0
aten::copy_,,,48.36,65.61,0,0.66,0,0
aclnnInplaceCopy,,,17.25,17.25,0.66,0.66,0,0
aten::slice,,,5.2,8.83,0,0,0,0
aten::as_strided,,,3.63,3.63,0,0,0,0
aten::slice,,,2.48,4.8,0,0,0,0
aten::as_strided,,,2.32,2.32,0,0,0,0
aten::slice,,,2.27,4.73,0,0,0,0
aten::as_strided,,,2.46,2.46,0,0,0,0
aten::sub,,,19.28,32.29,0,1.56,0,0
aclnnSub,,,13.01,13.01,1.56,1.56,0,0
aten::slice,,,8.1,11.32,0,0,0,0
aten::as_strided,,,3.22,3.22,0,0,0,0
aten::slice,,,3.17,7.67,0,0,0,0
aten::as_strided,,,4.5,4.5,0,0,0,0
aten::slice,,,2.96,5.6,0,0,0,0
aten::as_strided,,,2.64,2.64,0,0,0,0
aten::slice,,,2.68,5.29,0,0,0,0
aten::as_strided,,,2.61,2.61,0,0,0,0
aten::slice,,,2.23,4.12,0,0,0,0
aten::as_strided,,,1.89,1.89,0,0,0,0
aten::fill_,,,15.79,34.76,0,1.36003125,0,0
aclnnInplaceFillScalar,,,18.97,18.97,1.36003125,1.36003125,0,0
aten::slice,,,5.61,9.34,0,0,0,0
aten::as_strided,,,3.73,3.73,0,0,0,0
aten::fill_,,,13.02,25.53,0,1.46003125,0,0
aclnnInplaceFillScalar,,,12.51,12.51,1.46003125,1.46003125,0,0
aten::slice,,,5.07,9.8,0,0,0,0
aten::as_strided,,,4.73,4.73,0,0,0,0
aten::slice,,,2.77,4.81,0,0,0,0
aten::as_strided,,,2.04,2.04,0,0,0,0
aten::slice,,,2.66,5.59,0,0,0,0
aten::as_strided,,,2.93,2.93,0,0,0,0
aten::slice,,,2.48,3.79,0,0,0,0
aten::as_strided,,,1.31,1.31,0,0,0,0
aten::slice,,,2.37,3.41,0,0,0,0
aten::as_strided,,,1.04,1.04,0,0,0,0
aten::slice,,,2.63,3.88,0,0,0,0
aten::as_strided,,,1.25,1.25,0,0,0,0
aten::slice,,,2.1,3.06,0,0,0,0
aten::as_strided,,,0.96,0.96,0,0,0,0
aten::slice,,,1.4,2.15,0,0,0,0
aten::as_strided,,,0.75,0.75,0,0,0,0
aten::diff,,,6.2,29.89,0,0,0,0
aten::narrow,,,4.83,7.74,0,0,0,0
aten::slice,,,1.64,2.91,0,0,0,0
aten::as_strided,,,1.27,1.27,0,0,0,0
aten::narrow,,,2.01,4.12,0,0,0,0
aten::slice,,,1.29,2.11,0,0,0,0
aten::as_strided,,,0.82,0.82,0,0,0,0
aten::sub,,,11.83,11.83,0,0,0,0
aten::eq,,,11.87,26.81,0,0,0,0
aten::to,,,1.73,14.94,0,0,0,0
aten::_to_copy,,,4.27,13.21,0,0,0,0
aten::empty_strided,,,3.25,3.25,0,0,0,0
aten::copy_,,,5.69,5.69,0,0,0,0
aten::__and__,,,1.73,6.25,0,0,0,0
aten::bitwise_and,,,4.52,4.52,0,0,0,0
aten::gt,,,7.58,15.3,0,0,0,0
aten::to,,,0.8,7.72,0,0,0,0
aten::_to_copy,,,2.42,6.92,0,0,0,0
aten::empty_strided,,,1.78,1.78,0,0,0,0
aten::copy_,,,2.72,2.72,0,0,0,0
aten::__and__,,,1.45,4.3,0,0,0,0
aten::bitwise_and,,,2.85,2.85,0,0,0,0
aten::any,,,9.23,11.57,0,0,0,0
aten::as_strided,,,1.39,1.39,0,0,0,0
aten::fill_,,,0.95,0.95,0,0,0,0
aten::item,,,1.75,3.25,0,0,0,0
aten::_local_scalar_dense,,,1.5,1.5,0,0,0,0
aten::slice,,,4.79,6.54,0,0,0,0
aten::as_strided,,,1.75,1.75,0,0,0,0
aten::slice,,,2.31,3.54,0,0,0,0
aten::as_strided,,,1.23,1.23,0,0,0,0
aten::sub,,,5.5,5.5,0,0,0,0
aten::select,,,3.26,4.74,0,0,0,0
aten::as_strided,,,1.48,1.48,0,0,0,0
aten::item,,,1.23,2.44,0,0,0,0
aten::_local_scalar_dense,,,1.21,1.21,0,0,0,0
aten::gt,,,7.9,18.33,0,0,0,0
aten::to,,,1.52,10.43,0,0,0,0
aten::_to_copy,,,3.1,8.91,0,0,0,0
aten::empty_strided,,,2.16,2.16,0,0,0,0
aten::copy_,,,3.65,3.65,0,0,0,0
aten::__ior__,,,1.74,5.99,0,0,0,0
aten::bitwise_or_,,,4.25,4.25,0,0,0,0
aten::any,,,7.62,9.9,0,0,0,0
aten::as_strided,,,1.33,1.33,0,0,0,0
aten::fill_,,,0.95,0.95,0,0,0,0
aten::is_nonzero,,,1.25,3.09,0,0,0,0
aten::item,,,0.98,1.84,0,0,0,0
aten::_local_scalar_dense,,,0.86,0.86,0,0,0,0
aten::select,,,4.67,13.27,0,0,0,0
aten::as_strided,,,8.6,8.6,0,0,0,0
aten::slice,,,6.58,10.58,0,0,0,0
aten::as_strided,,,4.0,4.0,0,0,0,0
aten::slice,,,17.37,19.7,0,0,0,0
aten::as_strided,,,2.33,2.33,0,0,0,0
aten::slice,,,3.6,8.18,0,0,0,0
aten::as_strided,,,4.58,4.58,0,0,0,0
aten::copy_,,,64.29,85.03,0,0.54,0,0
aclnnInplaceCopy,,,20.74,20.74,0.54,0.54,0,0
aten::slice,,,17.67,21.7,0,0,0,0
aten::as_strided,,,4.03,4.03,0,0,0,0
aten::fill_,,,15.95,29.14,0,1.10003125,0,0
aclnnInplaceFillScalar,,,13.19,13.19,1.10003125,1.10003125,0,0
aten::slice,,,12.5,16.58,0,0,0,0
aten::as_strided,,,4.08,4.08,0,0,0,0
aten::slice,,,3.66,12.15,0,0,0,0
aten::as_strided,,,8.49,8.49,0,0,0,0
aten::slice,,,4.24,6.65,0,0,0,0
aten::as_strided,,,2.41,2.41,0,0,0,0
aten::copy_,,,54.75,71.51,0,0.58,0,0
aclnnInplaceCopy,,,16.76,16.76,0.58,0.58,0,0
aten::slice,,,13.11,17.17,0,0,0,0
aten::as_strided,,,4.06,4.06,0,0,0,0
aten::slice,,,18.96,23.4,0,0,0,0
aten::as_strided,,,4.44,4.44,0,0,0,0
aten::expand_as,,,2.47,10.54,0,0,0,0
aten::expand,,,4.18,8.07,0,0,0,0
aten::as_strided,,,3.89,3.89,0,0,0,0
aten::copy_,,,54.38,72.48,0,0.52,0,0
aclnnInplaceCopy,,,18.1,18.1,0.52,0.52,0,0
aten::slice,,,6.81,11.14,0,0,0,0
aten::as_strided,,,4.33,4.33,0,0,0,0
aten::slice,,,3.71,7.16,0,0,0,0
aten::as_strided,,,3.45,3.45,0,0,0,0
aten::slice,,,2.45,4.83,0,0,0,0
aten::as_strided,,,2.38,2.38,0,0,0,0
aten::slice,,,2.58,4.95,0,0,0,0
aten::as_strided,,,2.37,2.37,0,0,0,0
aten::copy_,,,51.01,68.1,0,0.66,0,0
aclnnInplaceCopy,,,17.09,17.09,0.66,0.66,0,0
aten::slice,,,5.41,10.07,0,0,0,0
aten::as_strided,,,4.66,4.66,0,0,0,0
aten::slice,,,2.6,5.17,0,0,0,0
aten::as_strided,,,2.57,2.57,0,0,0,0
aten::slice,,,2.34,4.6,0,0,0,0
aten::as_strided,,,2.26,2.26,0,0,0,0
aten::sub,,,18.44,30.66,0,1.26003125,0,0
aclnnSub,,,12.22,12.22,1.26003125,1.26003125,0,0
aten::slice,,,6.47,9.68,0,0,0,0
aten::as_strided,,,3.21,3.21,0,0,0,0
aten::slice,,,3.08,7.13,0,0,0,0
aten::as_strided,,,4.05,4.05,0,0,0,0
aten::slice,,,2.86,5.94,0,0,0,0
aten::as_strided,,,3.08,3.08,0,0,0,0
aten::slice,,,2.35,4.92,0,0,0,0
aten::as_strided,,,2.57,2.57,0,0,0,0
aten::slice,,,2.47,4.81,0,0,0,0
aten::as_strided,,,2.34,2.34,0,0,0,0
aten::fill_,,,16.89,35.47,0,1.22003125,0,0
aclnnInplaceFillScalar,,,18.58,18.58,1.22003125,1.22003125,0,0
aten::slice,,,4.94,8.75,0,0,0,0
aten::as_strided,,,3.81,3.81,0,0,0,0
aten::fill_,,,13.25,25.37,0,1.04,0,0
aclnnInplaceFillScalar,,,12.12,12.12,1.04,1.04,0,0
aten::slice,,,5.05,9.92,0,0,0,0
aten::as_strided,,,4.87,4.87,0,0,0,0
aten::slice,,,2.69,4.63,0,0,0,0
aten::as_strided,,,1.94,1.94,0,0,0,0
aten::slice,,,2.5,5.16,0,0,0,0
aten::as_strided,,,2.66,2.66,0,0,0,0
aten::slice,,,2.53,3.62,0,0,0,0
aten::as_strided,,,1.09,1.09,0,0,0,0
aten::slice,,,2.32,4.7,0,0,0,0
aten::as_strided,,,2.38,2.38,0,0,0,0
aten::slice,,,2.32,3.29,0,0,0,0
aten::as_strided,,,0.97,0.97,0,0,0,0
aten::slice,,,2.21,2.99,0,0,0,0
aten::as_strided,,,0.78,0.78,0,0,0,0
aten::slice,,,1.12,2.14,0,0,0,0
aten::as_strided,,,1.02,1.02,0,0,0,0
aten::diff,,,5.98,30.67,0,0,0,0
aten::narrow,,,5.13,8.71,0,0,0,0
aten::slice,,,1.5,3.58,0,0,0,0
aten::as_strided,,,2.08,2.08,0,0,0,0
aten::narrow,,,1.91,3.75,0,0,0,0
aten::slice,,,0.92,1.84,0,0,0,0
aten::as_strided,,,0.92,0.92,0,0,0,0
aten::sub,,,12.23,12.23,0,0,0,0
aten::eq,,,12.6,28.7,0,0,0,0
aten::to,,,1.89,16.1,0,0,0,0
aten::_to_copy,,,4.56,14.21,0,0,0,0
aten::empty_strided,,,3.42,3.42,0,0,0,0
aten::copy_,,,6.23,6.23,0,0,0,0
aten::__and__,,,2.17,6.68,0,0,0,0
aten::bitwise_and,,,4.51,4.51,0,0,0,0
aten::gt,,,8.1,16.53,0,0,0,0
aten::to,,,0.98,8.43,0,0,0,0
aten::_to_copy,,,2.68,7.45,0,0,0,0
aten::empty_strided,,,2.0,2.0,0,0,0,0
aten::copy_,,,2.77,2.77,0,0,0,0
aten::__and__,,,1.42,4.61,0,0,0,0
aten::bitwise_and,,,3.19,3.19,0,0,0,0
aten::any,,,9.25,11.94,0,0,0,0
aten::as_strided,,,1.56,1.56,0,0,0,0
aten::fill_,,,1.13,1.13,0,0,0,0
aten::item,,,1.9,3.11,0,0,0,0
aten::_local_scalar_dense,,,1.21,1.21,0,0,0,0
aten::slice,,,4.81,6.5,0,0,0,0
aten::as_strided,,,1.69,1.69,0,0,0,0
aten::slice,,,2.32,3.3,0,0,0,0
aten::as_strided,,,0.98,0.98,0,0,0,0
aten::sub,,,5.46,5.46,0,0,0,0
aten::select,,,3.36,5.4,0,0,0,0
aten::as_strided,,,2.04,2.04,0,0,0,0
aten::item,,,1.23,2.48,0,0,0,0
aten::_local_scalar_dense,,,1.25,1.25,0,0,0,0
aten::gt,,,7.76,17.45,0,0,0,0
aten::to,,,1.36,9.69,0,0,0,0
aten::_to_copy,,,2.8,8.33,0,0,0,0
aten::empty_strided,,,2.24,2.24,0,0,0,0
aten::copy_,,,3.29,3.29,0,0,0,0
aten::__ior__,,,1.78,5.7,0,0,0,0
aten::bitwise_or_,,,3.92,3.92,0,0,0,0
aten::any,,,7.91,9.99,0,0,0,0
aten::as_strided,,,1.33,1.33,0,0,0,0
aten::fill_,,,0.75,0.75,0,0,0,0
aten::is_nonzero,,,1.32,4.18,0,0,0,0
aten::item,,,1.21,2.86,0,0,0,0
aten::_local_scalar_dense,,,1.65,1.65,0,0,0,0
aten::select,,,4.54,9.96,0,0,0,0
aten::as_strided,,,5.42,5.42,0,0,0,0
aten::slice,,,4.69,8.59,0,0,0,0
aten::as_strided,,,3.9,3.9,0,0,0,0
aten::slice,,,2.75,5.17,0,0,0,0
aten::as_strided,,,2.42,2.42,0,0,0,0
aten::slice,,,2.58,5.46,0,0,0,0
aten::as_strided,,,2.88,2.88,0,0,0,0
aten::copy_,,,61.7,84.15,0,0.54,0,0
aclnnInplaceCopy,,,22.45,22.45,0.54,0.54,0,0
aten::slice,,,6.7,10.64,0,0,0,0
aten::as_strided,,,3.94,3.94,0,0,0,0
aten::fill_,,,14.82,30.38,0,1.26003125,0,0
aclnnInplaceFillScalar,,,15.56,15.56,1.26003125,1.26003125,0,0
aten::slice,,,5.28,9.48,0,0,0,0
aten::as_strided,,,4.2,4.2,0,0,0,0
aten::slice,,,3.21,5.78,0,0,0,0
aten::as_strided,,,2.57,2.57,0,0,0,0
aten::slice,,,2.87,5.7,0,0,0,0
aten::as_strided,,,2.83,2.83,0,0,0,0
aten::copy_,,,51.96,68.94,0,0.62,0,0
aclnnInplaceCopy,,,16.98,16.98,0.62,0.62,0,0
aten::slice,,,6.53,10.57,0,0,0,0
aten::as_strided,,,4.04,4.04,0,0,0,0
aten::slice,,,2.88,5.8,0,0,0,0
aten::as_strided,,,2.92,2.92,0,0,0,0
aten::expand_as,,,1.99,9.49,0,0,0,0
aten::expand,,,4.04,7.5,0,0,0,0
aten::as_strided,,,3.46,3.46,0,0,0,0
aten::copy_,,,45.62,62.75,0,0.58003125,0,0
aclnnInplaceCopy,,,17.13,17.13,0.58003125,0.58003125,0,0
aten::slice,,,6.5,11.04,0,0,0,0
aten::as_strided,,,4.54,4.54,0,0,0,0
aten::slice,,,3.86,7.63,0,0,0,0
aten::as_strided,,,3.77,3.77,0,0,0,0
aten::slice,,,2.59,5.49,0,0,0,0
aten::as_strided,,,2.9,2.9,0,0,0,0
aten::slice,,,2.58,5.23,0,0,0,0
aten::as_strided,,,2.65,2.65,0,0,0,0
aten::copy_,,,48.15,64.86,0,0.58003125,0,0
aclnnInplaceCopy,,,16.71,16.71,0.58003125,0.58003125,0,0
aten::slice,,,5.54,9.64,0,0,0,0
aten::as_strided,,,4.1,4.1,0,0,0,0
aten::slice,,,2.83,5.55,0,0,0,0
aten::as_strided,,,2.72,2.72,0,0,0,0
aten::slice,,,2.56,5.06,0,0,0,0
aten::as_strided,,,2.5,2.5,0,0,0,0
aten::sub,,,18.3,31.02,0,1.34,0,0
aclnnSub,,,12.72,12.72,1.34,1.34,0,0
Event::record,,,170.89,195.79,0,0.02,0,0
record_event,,,24.9,24.9,0.02,0.02,0,0
aten::slice,,,9.15,16.45,0,0,0,0
aten::as_strided,,,7.3,7.3,0,0,0,0
aten::slice,,,3.74,7.09,0,0,0,0
aten::as_strided,,,3.35,3.35,0,0,0,0
aten::slice,,,2.41,4.41,0,0,0,0
aten::as_strided,,,2.0,2.0,0,0,0,0
aten::zero_,,,17.86,33.74,0,1.88003125,0,0
aclnnInplaceZero,,,15.88,15.88,1.88003125,1.88003125,0,0
aten::slice,,,8.41,15.92,0,0,0,0
aten::as_strided,,,7.51,7.51,0,0,0,0
aten::scalar_tensor,,,7.06,58.54,0,1.4800625,0,0
aten::empty,,,2.83,15.35,0,0,0,0
empty_tensor,,,12.52,12.52,0,0,0,0
aten::fill_,,,16.27,36.13,0,1.4800625,0,0
aclnnInplaceFillScalar,,,19.86,19.86,1.4800625,1.4800625,0,0
aten::slice,,,5.45,11.54,0,0,0,0
aten::as_strided,,,6.09,6.09,0,0,0,0
aten::view,,,3.68,3.68,0,0,0,0
aten::expand,,,2.0,4.1,0,0,0,0
aten::as_strided,,,2.1,2.1,0,0,0,0
aten::copy_,,,23.43,35.47,0,4.0400937500000005,0,0
aclnnInplaceCopy,,,12.04,12.04,4.0400937500000005,4.0400937500000005,0,0
aten::scalar_tensor,,,4.61,31.89,0,1.28003125,0,0
aten::empty,,,2.11,8.53,0,0,0,0
empty_tensor,,,6.42,6.42,0,0,0,0
aten::fill_,,,9.9,18.75,0,1.28003125,0,0
aclnnInplaceFillScalar,,,8.85,8.85,1.28003125,1.28003125,0,0
aten::slice,,,4.97,10.01,0,0,0,0
aten::as_strided,,,5.04,5.04,0,0,0,0
aten::view,,,2.39,2.39,0,0,0,0
aten::expand,,,1.49,3.45,0,0,0,0
aten::as_strided,,,1.96,1.96,0,0,0,0
aten::copy_,,,53.34,65.71,0,0.56003125,0,0
aclnnInplaceCopy,,,12.37,12.37,0.56003125,0.56003125,0,0
aten::index,,,40.84,84.63,0,11.22025,0,0
empty_tensor,,,8.38,8.38,0,0,0,0
empty_tensor,,,10.01,10.01,0,0,0,0
aclnnIndex,,,25.4,25.4,11.22025,11.22025,0,0
aten::linear,,,6.64,78.14,0,910.7181875,0,910.7181875
aten::t,,,7.01,18.55,0,0,0,0
aten::transpose,,,4.5,11.54,0,0,0,0
aten::as_strided,,,7.04,7.04,0,0,0,0
aten::matmul,,,23.08,52.95,0,910.7181875,0,910.7181875
empty_tensor,,,10.29,10.29,0,0,0,0
aclnnMatmul,,,19.58,19.58,910.7181875,910.7181875,910.7181875,910.7181875
aten::alias,,,3.9,3.9,0,0,0,0
aten::log_softmax,,,9.77,121.98,0,52.06103125,0,0
aten::to,,,4.15,75.97,0,7.78015625,0,0
aten::_to_copy,,,8.28,71.82,0,7.78015625,0,0
aten::empty_strided,,,13.62,21.1,0,0,0,0
empty_tensor,,,7.48,7.48,0,0,0,0
aten::copy_,,,21.89,42.44,0,7.78015625,0,0
aclnnInplaceCopy,,,20.55,20.55,7.78015625,7.78015625,0,0
aten::_log_softmax,,,18.51,36.24,0,44.280875,0,0
empty_tensor,,,9.09,9.09,0,0,0,0
aclnnLogSoftmax,,,8.64,8.64,44.280875,44.280875,0,0
aten::to,,,2.64,48.53,0,3.1200625,0,0
aten::_to_copy,,,5.34,45.89,0,3.1200625,0,0
aten::empty_strided,,,8.44,13.1,0,0,0,0
empty_tensor,,,4.66,4.66,0,0,0,0
aten::copy_,,,15.54,27.45,0,3.1200625,0,0
aclnnInplaceCopy,,,11.91,11.91,3.1200625,3.1200625,0,0
aten::argmax,,,8.69,65.69,0,21.480437499999997,0,0
aten::empty,,,2.75,10.96,0,0,0,0
empty_tensor,,,8.21,8.21,0,0,0,0
aten::argmax,,,24.39,46.04,0,21.480437499999997,0,0
aten::reshape,,,2.05,7.48,0,0,0,0
aten::view,,,5.43,5.43,0,0,0,0
aclnnArgMax,,,14.17,14.17,21.480437499999997,21.480437499999997,0,0
aten::view,,,4.23,4.23,0,0,0,0
aten::to,,,1.68,1.68,0,0,0,0
aten::topk,,,24.55,49.79,0,40.640812499999996,0,0
empty_tensor,,,7.48,7.48,0,0,0,0
empty_tensor,,,4.9,4.9,0,0,0,0
aclnnTopk,,,12.86,12.86,40.640812499999996,40.640812499999996,0,0
aten::unsqueeze,,,4.94,10.36,0,0,0,0
aten::as_strided,,,5.42,5.42,0,0,0,0
aten::gather,,,24.59,45.24,0,5.7601249999999995,0,0
empty_tensor,,,7.77,7.77,0,0,0,0
aclnnGather,,,12.88,12.88,5.7601249999999995,5.7601249999999995,0,0
TorchDynamo Cache Lookup,,,42.72,42.72,0,0,0,0
Torch-Compiled Region: 0/0,,,116.19,213.27,0,43.420874999999995,0,0
aten::_assert_scalar,,,3.32,3.32,0,0,0,0
aten::_assert_scalar,,,1.54,1.54,0,0,0,0
aten::_assert_scalar,,,1.65,1.65,0,0,0,0
aten::ge,,,19.74,50.46,0,12.34025,0,0
empty_tensor,,,11.67,11.67,0,0,0,0
aclnnGeTensor,,,19.05,19.05,12.34025,12.34025,0,0
aten::sum,,,20.58,40.11,0,31.080624999999998,0,0
empty_tensor,,,8.23,8.23,0,0,0,0
aclnnReduceSum,,,11.3,11.3,31.080624999999998,31.080624999999998,0,0
aten::cat,,,21.69,42.53,0,3.3400625,0,0
empty_tensor,,,8.28,8.28,0,0,0,0
aclnnCat,,,12.56,12.56,3.3400625,3.3400625,0,0
aten::cat,,,12.63,30.44,0,2.7200625,0,0
empty_tensor,,,7.64,7.64,0,0,0,0
aclnnCat,,,10.17,10.17,2.7200625,2.7200625,0,0
aten::to,,,2.62,47.75,0,1.66003125,0,0
aten::_to_copy,,,5.95,45.13,0,1.66003125,0,0
aten::empty_strided,,,8.44,12.79,0,0,0,0
empty_tensor,,,4.35,4.35,0,0,0,0
aten::copy_,,,15.9,26.39,0,1.66003125,0,0
aclnnInplaceCopy,,,10.49,10.49,1.66003125,1.66003125,0,0
aten::to,,,2.44,45.17,0,1.48003125,0,0
aten::_to_copy,,,4.9,42.73,0,1.48003125,0,0
aten::empty_strided,,,7.11,11.53,0,0,0,0
empty_tensor,,,4.42,4.42,0,0,0,0
aten::copy_,,,14.63,26.3,0,1.48003125,0,0
aclnnInplaceCopy,,,11.67,11.67,1.48003125,1.48003125,0,0
aten::unsqueeze,,,3.34,8.12,0,0,0,0
aten::as_strided,,,4.78,4.78,0,0,0,0
Event::record,,,156.44,179.94,0,0.02,0,0
record_event,,,23.5,23.5,0.02,0.02,0,0
aten::slice,,,5.12,13.53,0,0,0,0
aten::as_strided,,,8.41,8.41,0,0,0,0
Event::wait,,,76.73,100.32,0,2473.18940625,0,0
wait_event,,,23.59,23.59,2473.18940625,2473.18940625,0,0
Event::record,,,121.12,136.2,0,0.02,0,0
record_event,,,15.08,15.08,0.02,0.02,0,0
Event::wait,,,63.59,79.2,0,2067.7013125,0,0
wait_event,,,15.61,15.61,2067.7013125,2067.7013125,0,0
destroy_event,,,10.45,10.45,0,0,0,0
aten::to,,,3.86,69.65,0,1.86003125,0,0
aten::_to_copy,,,7.8,65.79,0,1.86003125,0,0
aten::empty_strided,,,26.35,26.35,0,0,0,0
aten::copy_,,,19.81,31.64,0,1.86003125,0,0
acl_memcpy_device_to_host,,,11.83,11.83,1.86003125,1.86003125,0,0
aten::to,,,2.63,36.96,0,2.0400625,0,0
aten::_to_copy,,,4.88,34.33,0,2.0400625,0,0
aten::empty_strided,,,4.19,4.19,0,0,0,0
aten::copy_,,,14.1,25.26,0,2.0400625,0,0
acl_memcpy_device_to_host,,,11.16,11.16,2.0400625,2.0400625,0,0
aten::to,,,2.3,33.38,0,2.02003125,0,0
aten::_to_copy,,,3.93,31.08,0,2.02003125,0,0
aten::empty_strided,,,3.95,3.95,0,0,0,0
aten::copy_,,,12.08,23.2,0,2.02003125,0,0
acl_memcpy_device_to_host,,,11.12,11.12,2.02003125,2.02003125,0,0
aten::to,,,3.17,33.04,0,1.9,0,0
aten::_to_copy,,,4.21,29.87,0,1.9,0,0
aten::empty_strided,,,3.37,3.37,0,0,0,0
aten::copy_,,,11.28,22.29,0,1.9,0,0
acl_memcpy_device_to_host,,,11.01,11.01,1.9,1.9,0,0
Event::record,,,172.03,189.7,0,0.02,0,0
record_event,,,17.67,17.67,0.02,0.02,0,0
Event::synchronize,,,83.49,83.49,0,0,0,0
aten::resolve_conj,,,2.11,2.11,0,0,0,0
aten::resolve_neg,,,0.73,0.73,0,0,0,0
aten::to,,,3.2,3.2,0,0,0,0
aten::detach,,,4.42,4.42,0,0,0,0
aten::to,,,0.58,0.58,0,0,0,0
aten::resolve_conj,,,0.41,0.41,0,0,0,0
aten::resolve_neg,,,0.35,0.35,0,0,0,0
aten::to,,,1.41,1.41,0,0,0,0
aten::detach,,,4.0,4.0,0,0,0,0
aten::to,,,0.5,0.5,0,0,0,0
aten::resolve_conj,,,0.35,0.35,0,0,0,0
aten::resolve_neg,,,0.32,0.32,0,0,0,0
aten::to,,,1.17,1.17,0,0,0,0
aten::detach,,,1.25,1.25,0,0,0,0
aten::to,,,0.52,0.52,0,0,0,0
aten::resolve_conj,,,0.32,0.32,0,0,0,0
aten::resolve_neg,,,0.76,0.76,0,0,0,0
destroy_event,,,20.17,20.17,0,0,0,0
record_event,,,12.01,12.01,0.02,0.02,0,0
Event::synchronize,,,151.29,151.29,0,0,0,0
aten::slice,,,12.61,17.57,0,0,0,0
aten::as_strided,,,4.96,4.96,0,0,0,0
aten::slice,,,3.49,10.62,0,0,0,0
aten::as_strided,,,7.13,7.13,0,0,0,0
aten::pin_memory,,,137.87,153.59,0,0,0,0
aten::is_pinned,,,15.72,15.72,0,0,0,0
aten::copy_,,,34.17,54.93,0,2.40003125,0,0
acl_memcpy_host_to_device,,,20.76,20.76,2.40003125,2.40003125,0,0
aten::slice,,,7.5,10.13,0,0,0,0
aten::as_strided,,,2.63,2.63,0,0,0,0
aten::slice,,,3.06,8.89,0,0,0,0
aten::as_strided,,,5.83,5.83,0,0,0,0
aten::pin_memory,,,4.33,14.55,0,0,0,0
aten::is_pinned,,,10.22,10.22,0,0,0,0
aten::copy_,,,16.27,41.96,0,2.34003125,0,0
acl_memcpy_host_to_device,,,25.69,25.69,2.34003125,2.34003125,0,0
aten::slice,,,5.71,13.6,0,0,0,0
aten::as_strided,,,7.89,7.89,0,0,0,0
aten::slice,,,2.97,7.26,0,0,0,0
aten::as_strided,,,4.29,4.29,0,0,0,0
aten::pin_memory,,,3.76,12.8,0,0,0,0
aten::is_pinned,,,9.04,9.04,0,0,0,0
aten::copy_,,,13.87,31.52,0,2.2000625,0,0
acl_memcpy_host_to_device,,,17.65,17.65,2.2000625,2.2000625,0,0
aten::slice,,,5.67,8.13,0,0,0,0
aten::as_strided,,,2.46,2.46,0,0,0,0
aten::slice,,,3.01,7.1,0,0,0,0
aten::as_strided,,,4.09,4.09,0,0,0,0
aten::pin_memory,,,3.1,11.3,0,0,0,0
aten::is_pinned,,,8.2,8.2,0,0,0,0
aten::copy_,,,12.64,29.01,0,2.50003125,0,0
acl_memcpy_host_to_device,,,16.37,16.37,2.50003125,2.50003125,0,0
aten::slice,,,5.38,7.08,0,0,0,0
aten::as_strided,,,1.7,1.7,0,0,0,0
aten::slice,,,2.92,6.64,0,0,0,0
aten::as_strided,,,3.72,3.72,0,0,0,0
aten::pin_memory,,,3.39,11.28,0,0,0,0
aten::is_pinned,,,7.89,7.89,0,0,0,0
aten::copy_,,,13.41,25.89,0,2.3400625,0,0
acl_memcpy_host_to_device,,,12.48,12.48,2.3400625,2.3400625,0,0
aten::slice,,,9.31,13.12,0,0,0,0
aten::as_strided,,,3.81,3.81,0,0,0,0
aten::slice,,,3.28,9.78,0,0,0,0
aten::as_strided,,,6.5,6.5,0,0,0,0
aten::pin_memory,,,3.99,16.9,0,0,0,0
aten::is_pinned,,,12.91,12.91,0,0,0,0
aten::copy_,,,17.05,37.15,0,2.3200625,0,0
acl_memcpy_host_to_device,,,20.1,20.1,2.3200625,2.3200625,0,0
aten::slice,,,5.68,10.25,0,0,0,0
aten::as_strided,,,4.57,4.57,0,0,0,0
aten::lift_fresh,,,1.46,1.46,0,0,0,0
aten::lift_fresh,,,1.12,1.12,0,0,0,0
aten::flatten,,,4.22,11.21,0,0,0,0
aten::view,,,6.99,6.99,0,0,0,0
aten::slice,,,3.81,5.94,0,0,0,0
aten::as_strided,,,2.13,2.13,0,0,0,0
aten::index_select,,,7.78,7.78,0,0,0,0
aten::pin_memory,,,4.51,17.16,0,0,0,0
aten::is_pinned,,,12.65,12.65,0,0,0,0
aten::copy_,,,15.82,34.47,0,2.2200625,0,0
acl_memcpy_host_to_device,,,18.65,18.65,2.2200625,2.2200625,0,0
aten::pin_memory,,,3.69,11.8,0,0,0,0
aten::is_pinned,,,8.11,8.11,0,0,0,0
aten::copy_,,,13.35,25.96,0,2.30003125,0,0
acl_memcpy_host_to_device,,,12.61,12.61,2.30003125,2.30003125,0,0
aten::slice,,,6.51,9.81,0,0,0,0
aten::as_strided,,,3.3,3.3,0,0,0,0
aten::lift_fresh,,,1.2,1.2,0,0,0,0
aten::slice,,,3.52,4.69,0,0,0,0
aten::as_strided,,,1.17,1.17,0,0,0,0
aten::add,,,16.02,16.02,0,0,0,0
aten::slice,,,3.59,4.88,0,0,0,0
aten::as_strided,,,1.29,1.29,0,0,0,0
aten::fill_,,,2.77,2.77,0,0,0,0
aten::slice,,,3.27,7.98,0,0,0,0
aten::as_strided,,,4.71,4.71,0,0,0,0
aten::fill_,,,21.71,37.37,0,1.58003125,0,0
aclnnInplaceFillScalar,,,15.66,15.66,1.58003125,1.58003125,0,0
aten::slice,,,6.67,13.11,0,0,0,0
aten::as_strided,,,6.44,6.44,0,0,0,0
aten::select,,,4.26,7.42,0,0,0,0
aten::as_strided,,,3.16,3.16,0,0,0,0
aten::copy_,,,70.8,87.92,0,0.64003125,0,0
aclnnInplaceCopy,,,17.12,17.12,0.64003125,0.64003125,0,0
aten::slice,,,7.93,10.58,0,0,0,0
aten::as_strided,,,2.65,2.65,0,0,0,0
aten::detach,,,3.28,3.28,0,0,0,0
aten::to,,,1.8,1.8,0,0,0,0
aten::resolve_conj,,,0.93,0.93,0,0,0,0
aten::resolve_neg,,,0.57,0.57,0,0,0,0
aten::slice,,,5.53,8.06,0,0,0,0
aten::as_strided,,,2.53,2.53,0,0,0,0
aten::slice,,,3.05,8.03,0,0,0,0
aten::as_strided,,,4.98,4.98,0,0,0,0
aten::pin_memory,,,4.22,17.74,0,0,0,0
aten::is_pinned,,,13.52,13.52,0,0,0,0
aten::copy_,,,3.97,3.97,0,0,0,0
aten::slice,,,5.7,8.23,0,0,0,0
aten::as_strided,,,2.53,2.53,0,0,0,0
aten::slice,,,3.21,7.28,0,0,0,0
aten::as_strided,,,4.07,4.07,0,0,0,0
aten::pin_memory,,,3.28,11.75,0,0,0,0
aten::is_pinned,,,8.47,8.47,0,0,0,0
aten::copy_,,,16.15,35.78,0,2.24003125,0,0
acl_memcpy_host_to_device,,,19.63,19.63,2.24003125,2.24003125,0,0
aten::fill_,,,17.7,31.63,0,1.50003125,0,0
aclnnInplaceFillScalar,,,13.93,13.93,1.50003125,1.50003125,0,0
aten::slice,,,6.67,11.54,0,0,0,0
aten::as_strided,,,4.87,4.87,0,0,0,0
aten::slice,,,3.18,4.97,0,0,0,0
aten::as_strided,,,1.79,1.79,0,0,0,0
aten::copy_,,,16.6,27.36,0,2.3400625,0,0
acl_memcpy_host_to_device,,,10.76,10.76,2.3400625,2.3400625,0,0
aten::slice,,,5.66,7.52,0,0,0,0
aten::as_strided,,,1.86,1.86,0,0,0,0
aten::slice,,,2.86,7.15,0,0,0,0
aten::as_strided,,,4.29,4.29,0,0,0,0
aten::pin_memory,,,3.58,12.66,0,0,0,0
aten::is_pinned,,,9.08,9.08,0,0,0,0
aten::copy_,,,14.31,26.87,0,2.34003125,0,0
acl_memcpy_host_to_device,,,12.56,12.56,2.34003125,2.34003125,0,0
aten::slice,,,5.84,9.39,0,0,0,0
aten::as_strided,,,3.55,3.55,0,0,0,0
aten::slice,,,3.14,5.06,0,0,0,0
aten::as_strided,,,1.92,1.92,0,0,0,0
aten::slice,,,2.6,5.35,0,0,0,0
aten::as_strided,,,2.75,2.75,0,0,0,0
aten::pin_memory,,,3.68,11.62,0,0,0,0
aten::is_pinned,,,7.94,7.94,0,0,0,0
aten::copy_,,,13.45,25.3,0,2.34003125,0,0
acl_memcpy_host_to_device,,,11.85,11.85,2.34003125,2.34003125,0,0
aten::slice,,,6.5,8.68,0,0,0,0
aten::as_strided,,,2.18,2.18,0,0,0,0
aten::slice,,,3.01,6.54,0,0,0,0
aten::as_strided,,,3.53,3.53,0,0,0,0
aten::pin_memory,,,3.6,11.68,0,0,0,0
aten::is_pinned,,,8.08,8.08,0,0,0,0
aten::copy_,,,13.44,25.67,0,2.2000625,0,0
acl_memcpy_host_to_device,,,12.23,12.23,2.2000625,2.2000625,0,0
aten::slice,,,4.85,8.66,0,0,0,0
aten::as_strided,,,3.81,3.81,0,0,0,0
aten::index,,,33.89,63.01,0,10.9601875,0,0
empty_tensor,,,7.15,7.15,0,0,0,0
empty_tensor,,,9.05,9.05,0,0,0,0
aclnnIndex,,,12.92,12.92,10.9601875,10.9601875,0,0
aten::to,,,2.66,52.1,0,1.1,0,0
aten::_to_copy,,,5.93,49.44,0,1.1,0,0
aten::empty_strided,,,8.61,13.41,0,0,0,0
empty_tensor,,,4.8,4.8,0,0,0,0
aten::copy_,,,16.32,30.1,0,1.1,0,0
aclnnInplaceCopy,,,13.78,13.78,1.1,1.1,0,0
aten::slice,,,6.61,11.22,0,0,0,0
aten::as_strided,,,4.61,4.61,0,0,0,0
aten::add,,,19.06,35.82,0,2.86003125,0,0
empty_tensor,,,6.38,6.38,0,0,0,0
aclnnAdd,,,10.38,10.38,2.86003125,2.86003125,0,0
aten::slice,,,5.21,9.62,0,0,0,0
aten::as_strided,,,4.41,4.41,0,0,0,0
aten::copy_,,,52.22,65.21,0,0.62,0,0
aclnnInplaceCopy,,,12.99,12.99,0.62,0.62,0,0
aten::slice,,,7.49,11.57,0,0,0,0
aten::as_strided,,,4.08,4.08,0,0,0,0
aten::add,,,18.56,38.42,0,1.52003125,0,0
empty_tensor,,,8.66,8.66,0,0,0,0
aclnnAdd,,,11.2,11.2,1.52003125,1.52003125,0,0
aten::slice,,,6.78,11.03,0,0,0,0
aten::as_strided,,,4.25,4.25,0,0,0,0
aten::copy_,,,46.77,59.93,0,0.6,0,0
aclnnInplaceCopy,,,13.16,13.16,0.6,0.6,0,0
aten::slice,,,6.4,10.58,0,0,0,0
aten::as_strided,,,4.18,4.18,0,0,0,0
aten::fill_,,,13.96,25.93,0,1.42003125,0,0
aclnnInplaceFillScalar,,,11.97,11.97,1.42003125,1.42003125,0,0
aten::slice,,,4.55,7.98,0,0,0,0
aten::as_strided,,,3.43,3.43,0,0,0,0
aten::slice,,,3.05,5.85,0,0,0,0
aten::as_strided,,,2.8,2.8,0,0,0,0
compute_slot_mapping_fused_groups_adaptive_kernel,,,25.91,25.91,4.7800625,4.7800625,0,0
aten::slice,,,9.46,16.89,0,0,0,0
aten::as_strided,,,7.43,7.43,0,0,0,0
aten::sub,,,26.03,57.68,0,1.68003125,0,0
empty_tensor,,,11.52,11.52,0,0,0,0
aten::item,,,2.72,4.79,0,0,0,0
aten::_local_scalar_dense,,,2.07,2.07,0,0,0,0
aclnnSubs,,,15.34,15.34,1.68003125,1.68003125,0,0
aten::pin_memory,,,7.62,24.24,0,0,0,0
aten::is_pinned,,,16.62,16.62,0,0,0,0
aten::copy_,,,20.26,39.04,0,2.20003125,0,0
acl_memcpy_host_to_device,,,18.78,18.78,2.20003125,2.20003125,0,0
aten::detach,,,4.95,4.95,0,0,0,0
aten::to,,,2.13,2.13,0,0,0,0
aten::resolve_conj,,,0.97,0.97,0,0,0,0
aten::resolve_neg,,,0.67,0.67,0,0,0,0
aten::slice,,,9.18,16.43,0,0,0,0
aten::as_strided,,,7.25,7.25,0,0,0,0
aten::slice,,,3.53,6.9,0,0,0,0
aten::as_strided,,,3.37,3.37,0,0,0,0
aten::slice,,,3.47,5.82,0,0,0,0
aten::as_strided,,,2.35,2.35,0,0,0,0
aten::fill_,,,19.12,35.72,0,1.16,0,0
aclnnInplaceFillScalar,,,16.6,16.6,1.16,1.16,0,0
aten::slice,,,4.78,8.57,0,0,0,0
aten::as_strided,,,3.79,3.79,0,0,0,0
aten::fill_,,,12.93,38.02,0,1.38,0,0
aclnnInplaceFillScalar,,,25.09,25.09,1.38,1.38,0,0
aten::slice,,,5.54,8.14,0,0,0,0
aten::as_strided,,,2.6,2.6,0,0,0,0
aten::slice,,,2.67,3.6,0,0,0,0
aten::as_strided,,,0.93,0.93,0,0,0,0
aten::lt,,,13.89,13.89,0,0,0,0
aten::lift_fresh,,,1.23,1.23,0,0,0,0
aten::slice,,,1.66,3.0,0,0,0,0
aten::as_strided,,,1.34,1.34,0,0,0,0
aten::fill_,,,2.54,12.07,0,0,0,0
aten::copy_,,,9.53,9.53,0,0,0,0
aten::slice,,,3.8,5.28,0,0,0,0
aten::as_strided,,,1.48,1.48,0,0,0,0
aten::slice,,,3.41,8.12,0,0,0,0
aten::as_strided,,,4.71,4.71,0,0,0,0
aten::slice,,,2.66,4.32,0,0,0,0
aten::as_strided,,,1.66,1.66,0,0,0,0
aten::slice,,,3.55,5.92,0,0,0,0
aten::as_strided,,,2.37,2.37,0,0,0,0
aten::slice,,,2.04,2.87,0,0,0,0
aten::as_strided,,,0.83,0.83,0,0,0,0
aten::slice,,,1.86,3.07,0,0,0,0
aten::as_strided,,,1.21,1.21,0,0,0,0
aten::slice,,,2.71,5.34,0,0,0,0
aten::as_strided,,,2.63,2.63,0,0,0,0
aten::slice,,,2.33,4.43,0,0,0,0
aten::as_strided,,,2.1,2.1,0,0,0,0
aten::slice,,,2.67,4.76,0,0,0,0
aten::as_strided,,,2.09,2.09,0,0,0,0
aten::slice,,,4.96,10.54,0,0,0,0
aten::as_strided,,,5.58,5.58,0,0,0,0
aten::slice,,,2.96,6.46,0,0,0,0
aten::as_strided,,,3.5,3.5,0,0,0,0
aten::slice,,,3.22,5.76,0,0,0,0
aten::as_strided,,,2.54,2.54,0,0,0,0
aten::to,,,1.7,1.7,0,0,0,0
aten::slice,,,2.41,5.05,0,0,0,0
aten::as_strided,,,2.64,2.64,0,0,0,0
aten::slice,,,2.37,4.64,0,0,0,0
aten::as_strided,,,2.27,2.27,0,0,0,0
aten::slice,,,2.69,4.1,0,0,0,0
aten::as_strided,,,1.41,1.41,0,0,0,0
aten::slice,,,3.05,6.18,0,0,0,0
aten::as_strided,,,3.13,3.13,0,0,0,0
aten::alias,,,2.88,2.88,0,0,0,0
aten::alias,,,3.77,3.77,0,0,0,0
aten::div,,,37.91,63.27,0,9.1601875,0,0
aten::item,,,2.19,3.98,0,0,0,0
aten::_local_scalar_dense,,,1.79,1.79,0,0,0,0
aclnnDivMods,,,21.38,21.38,9.1601875,9.1601875,0,0
aten::slice,,,3.31,8.57,0,0,0,0
aten::as_strided,,,5.26,5.26,0,0,0,0
aten::slice,,,4.23,7.12,0,0,0,0
aten::as_strided,,,2.89,2.89,0,0,0,0
aten::copy_,,,81.64,98.83,0,0.60003125,0,0
aclnnInplaceCopy,,,17.19,17.19,0.60003125,0.60003125,0,0
aten::slice,,,3.37,7.29,0,0,0,0
aten::as_strided,,,3.92,3.92,0,0,0,0
aten::slice,,,4.65,7.33,0,0,0,0
aten::as_strided,,,2.68,2.68,0,0,0,0
aten::ge,,,21.34,46.44,0,4.2400625,0,0
empty_tensor,,,11.54,11.54,0,0,0,0
aclnnGeScalar,,,13.56,13.56,4.2400625,4.2400625,0,0
aten::add,,,20.82,43.37,0,2.7600625,0,0
empty_tensor,,,7.14,7.14,0,0,0,0
aten::item,,,1.98,3.73,0,0,0,0
aten::_local_scalar_dense,,,1.75,1.75,0,0,0,0
aclnnAdds,,,11.68,11.68,2.7600625,2.7600625,0,0
aten::remainder,,,22.03,41.14,0,3.7600625,0,0
empty_tensor,,,7.72,7.72,0,0,0,0
aclnnRemainderTensorScalar,,,11.39,11.39,3.7600625,3.7600625,0,0
aten::eq,,,12.67,29.35,0,2.46003125,0,0
empty_tensor,,,6.41,6.41,0,0,0,0
aclnnEqScalar,,,10.27,10.27,2.46003125,2.46003125,0,0
aten::__and__,,,3.03,42.83,0,1.7600625,0,0
aten::bitwise_and,,,19.46,39.8,0,1.7600625,0,0
empty_tensor,,,5.74,5.74,0,0,0,0
aclnnBitwiseAndTensor,,,14.6,14.6,1.7600625,1.7600625,0,0
aten::clamp_min,,,13.07,38.31,0,2.8600625,0,0
empty_tensor,,,5.77,5.77,0,0,0,0
aclnnClampMin,,,19.47,19.47,2.8600625,2.8600625,0,0
aten::div,,,31.53,55.93,0,4.28009375,0,0
empty_tensor,,,7.47,7.47,0,0,0,0
aten::item,,,1.91,3.28,0,0,0,0
aten::_local_scalar_dense,,,1.37,1.37,0,0,0,0
aclnnDivMods,,,13.65,13.65,4.28009375,4.28009375,0,0
aten::remainder,,,22.25,46.98,0,5.24009375,0,0
empty_tensor,,,15.25,15.25,0,0,0,0
aclnnRemainderTensorScalar,,,9.48,9.48,5.24009375,5.24009375,0,0
aten::mul,,,18.63,46.74,0,1.46003125,0,0
empty_tensor,,,11.75,11.75,0,0,0,0
aten::item,,,1.9,3.27,0,0,0,0
aten::_local_scalar_dense,,,1.37,1.37,0,0,0,0
aclnnMuls,,,13.09,13.09,1.46003125,1.46003125,0,0
aten::div,,,24.94,44.09,0,4.20009375,0,0
empty_tensor,,,7.68,7.68,0,0,0,0
aten::item,,,1.59,2.62,0,0,0,0
aten::_local_scalar_dense,,,1.03,1.03,0,0,0,0
aclnnDivMods,,,8.85,8.85,4.20009375,4.20009375,0,0
aten::add,,,16.78,42.6,0,1.32003125,0,0
empty_tensor,,,12.27,12.27,0,0,0,0
aclnnAdd,,,13.55,13.55,1.32003125,1.32003125,0,0
aten::full_like,,,4.78,67.06,0,1.26003125,0,0
aten::empty_like,,,6.4,35.18,0,0,0,0
aten::empty_strided,,,8.5,28.78,0,0,0,0
empty_tensor,,,20.28,20.28,0,0,0,0
aten::fill_,,,16.98,27.1,0,1.26003125,0,0
aclnnInplaceFillScalar,,,10.12,10.12,1.26003125,1.26003125,0,0
aten::where,,,15.18,52.96,0,1.9800625,0,0
empty_tensor,,,22.64,22.64,0,0,0,0
aclnnSWhere,,,15.14,15.14,1.9800625,1.9800625,0,0
aten::copy_,,,15.91,27.08,0,1.12003125,0,0
aclnnInplaceCopy,,,11.17,11.17,1.12003125,1.12003125,0,0
aten::slice,,,3.8,8.43,0,0,0,0
aten::as_strided,,,4.63,4.63,0,0,0,0
aten::slice,,,6.02,8.8,0,0,0,0
aten::as_strided,,,2.78,2.78,0,0,0,0
aten::div,,,26.08,41.3,0,4.280125,0,0
aten::item,,,1.93,3.15,0,0,0,0
aten::_local_scalar_dense,,,1.22,1.22,0,0,0,0
aclnnDivMods,,,12.07,12.07,4.280125,4.280125,0,0
aten::slice,,,2.64,6.52,0,0,0,0
aten::as_strided,,,3.88,3.88,0,0,0,0
aten::slice,,,4.3,7.4,0,0,0,0
aten::as_strided,,,3.1,3.1,0,0,0,0
aten::slice,,,3.17,5.78,0,0,0,0
aten::as_strided,,,2.61,2.61,0,0,0,0
aten::copy_,,,58.18,72.25,0,0.6,0,0
aclnnInplaceCopy,,,14.07,14.07,0.6,0.6,0,0
aten::slice,,,3.45,7.55,0,0,0,0
aten::as_strided,,,4.1,4.1,0,0,0,0
aten::slice,,,4.76,7.65,0,0,0,0
aten::as_strided,,,2.89,2.89,0,0,0,0
aten::copy_,,,49.39,62.73,0,0.62003125,0,0
aclnnInplaceCopy,,,13.34,13.34,0.62003125,0.62003125,0,0
aten::slice,,,6.0,9.01,0,0,0,0
aten::as_strided,,,3.01,3.01,0,0,0,0
aten::div,,,14.37,33.36,0,0,0,0
aten::to,,,1.82,18.99,0,0,0,0
aten::_to_copy,,,5.13,17.17,0,0,0,0
aten::empty_strided,,,3.81,3.81,0,0,0,0
aten::copy_,,,8.23,8.23,0,0,0,0
aten::slice,,,4.19,9.73,0,0,0,0
aten::as_strided,,,5.54,5.54,0,0,0,0
aten::slice,,,5.79,11.59,0,0,0,0
aten::as_strided,,,5.8,5.8,0,0,0,0
aten::slice,,,3.06,6.18,0,0,0,0
aten::as_strided,,,3.12,3.12,0,0,0,0
aten::slice,,,2.28,5.1,0,0,0,0
aten::as_strided,,,2.82,2.82,0,0,0,0
aten::fill_,,,16.53,33.29,0,1.26003125,0,0
aclnnInplaceFillScalar,,,16.76,16.76,1.26003125,1.26003125,0,0
aten::slice,,,5.25,9.18,0,0,0,0
aten::as_strided,,,3.93,3.93,0,0,0,0
aten::fill_,,,11.37,23.53,0,1.18003125,0,0
aclnnInplaceFillScalar,,,12.16,12.16,1.18003125,1.18003125,0,0
aten::slice,,,4.83,10.55,0,0,0,0
aten::as_strided,,,5.72,5.72,0,0,0,0
aten::slice,,,2.84,5.61,0,0,0,0
aten::as_strided,,,2.77,2.77,0,0,0,0
aten::slice,,,5.3,8.17,0,0,0,0
aten::as_strided,,,2.87,2.87,0,0,0,0
aten::slice,,,2.72,6.64,0,0,0,0
aten::as_strided,,,3.92,3.92,0,0,0,0
aten::slice,,,3.28,9.12,0,0,0,0
aten::as_strided,,,5.84,5.84,0,0,0,0
aten::slice,,,3.07,5.78,0,0,0,0
aten::as_strided,,,2.71,2.71,0,0,0,0
aten::slice,,,2.72,4.88,0,0,0,0
aten::as_strided,,,2.16,2.16,0,0,0,0
aten::fill_,,,13.79,28.6,0,1.40003125,0,0
aclnnInplaceFillScalar,,,14.81,14.81,1.40003125,1.40003125,0,0
aten::slice,,,3.96,8.1,0,0,0,0
aten::as_strided,,,4.14,4.14,0,0,0,0
aten::fill_,,,11.59,23.1,0,1.10003125,0,0
aclnnInplaceFillScalar,,,11.51,11.51,1.10003125,1.10003125,0,0
aten::slice,,,4.75,9.56,0,0,0,0
aten::as_strided,,,4.81,4.81,0,0,0,0
aten::slice,,,2.81,4.89,0,0,0,0
aten::as_strided,,,2.08,2.08,0,0,0,0
aten::slice,,,3.01,6.27,0,0,0,0
aten::as_strided,,,3.26,3.26,0,0,0,0
aten::slice,,,2.82,4.3,0,0,0,0
aten::as_strided,,,1.48,1.48,0,0,0,0
aten::slice,,,2.59,4.34,0,0,0,0
aten::as_strided,,,1.75,1.75,0,0,0,0
aten::slice,,,2.91,3.77,0,0,0,0
aten::as_strided,,,0.86,0.86,0,0,0,0
aten::slice,,,2.36,3.24,0,0,0,0
aten::as_strided,,,0.88,0.88,0,0,0,0
aten::slice,,,1.22,2.02,0,0,0,0
aten::as_strided,,,0.8,0.8,0,0,0,0
aten::diff,,,8.11,35.14,0,0,0,0
aten::narrow,,,6.21,10.08,0,0,0,0
aten::slice,,,2.36,3.87,0,0,0,0
aten::as_strided,,,1.51,1.51,0,0,0,0
aten::narrow,,,2.08,4.19,0,0,0,0
aten::slice,,,1.15,2.11,0,0,0,0
aten::as_strided,,,0.96,0.96,0,0,0,0
aten::sub,,,12.76,12.76,0,0,0,0
aten::eq,,,13.95,29.85,0,0,0,0
aten::to,,,1.95,15.9,0,0,0,0
aten::_to_copy,,,4.79,13.95,0,0,0,0
aten::empty_strided,,,3.07,3.07,0,0,0,0
aten::copy_,,,6.09,6.09,0,0,0,0
aten::__and__,,,2.18,7.3,0,0,0,0
aten::bitwise_and,,,5.12,5.12,0,0,0,0
aten::gt,,,8.95,18.74,0,0,0,0
aten::to,,,1.24,9.79,0,0,0,0
aten::_to_copy,,,3.18,8.55,0,0,0,0
aten::empty_strided,,,2.12,2.12,0,0,0,0
aten::copy_,,,3.25,3.25,0,0,0,0
aten::__and__,,,1.75,5.34,0,0,0,0
aten::bitwise_and,,,3.59,3.59,0,0,0,0
aten::any,,,12.06,14.73,0,0,0,0
aten::as_strided,,,1.45,1.45,0,0,0,0
aten::fill_,,,1.22,1.22,0,0,0,0
aten::item,,,2.0,3.75,0,0,0,0
aten::_local_scalar_dense,,,1.75,1.75,0,0,0,0
aten::slice,,,5.03,7.16,0,0,0,0
aten::as_strided,,,2.13,2.13,0,0,0,0
aten::slice,,,2.98,3.99,0,0,0,0
aten::as_strided,,,1.01,1.01,0,0,0,0
aten::sub,,,5.39,5.39,0,0,0,0
aten::select,,,3.41,4.52,0,0,0,0
aten::as_strided,,,1.11,1.11,0,0,0,0
aten::item,,,1.58,3.71,0,0,0,0
aten::_local_scalar_dense,,,2.13,2.13,0,0,0,0
aten::gt,,,8.16,18.18,0,0,0,0
aten::to,,,1.34,10.02,0,0,0,0
aten::_to_copy,,,3.08,8.68,0,0,0,0
aten::empty_strided,,,2.12,2.12,0,0,0,0
aten::copy_,,,3.48,3.48,0,0,0,0
aten::__ior__,,,2.85,7.69,0,0,0,0
aten::bitwise_or_,,,4.84,4.84,0,0,0,0
aten::any,,,7.17,9.52,0,0,0,0
aten::as_strided,,,1.46,1.46,0,0,0,0
aten::fill_,,,0.89,0.89,0,0,0,0
aten::is_nonzero,,,1.98,4.68,0,0,0,0
aten::item,,,2.03,2.7,0,0,0,0
aten::_local_scalar_dense,,,0.67,0.67,0,0,0,0
aten::select,,,5.36,10.71,0,0,0,0
aten::as_strided,,,5.35,5.35,0,0,0,0
aten::slice,,,4.77,9.56,0,0,0,0
aten::as_strided,,,4.79,4.79,0,0,0,0
aten::slice,,,2.81,5.36,0,0,0,0
aten::as_strided,,,2.55,2.55,0,0,0,0
aten::slice,,,2.84,5.18,0,0,0,0
aten::as_strided,,,2.34,2.34,0,0,0,0
aten::copy_,,,64.01,87.83,0,0.56003125,0,0
aclnnInplaceCopy,,,23.82,23.82,0.56003125,0.56003125,0,0
aten::slice,,,6.41,10.42,0,0,0,0
aten::as_strided,,,4.01,4.01,0,0,0,0
aten::fill_,,,15.66,32.48,0,1.18,0,0
aclnnInplaceFillScalar,,,16.82,16.82,1.18,1.18,0,0
aten::slice,,,6.18,10.19,0,0,0,0
aten::as_strided,,,4.01,4.01,0,0,0,0
aten::slice,,,3.01,5.68,0,0,0,0
aten::as_strided,,,2.67,2.67,0,0,0,0
aten::slice,,,2.9,5.56,0,0,0,0
aten::as_strided,,,2.66,2.66,0,0,0,0
aten::copy_,,,53.92,70.47,0,0.62,0,0
aclnnInplaceCopy,,,16.55,16.55,0.62,0.62,0,0
aten::slice,,,6.3,10.29,0,0,0,0
aten::as_strided,,,3.99,3.99,0,0,0,0
aten::slice,,,2.82,5.45,0,0,0,0
aten::as_strided,,,2.63,2.63,0,0,0,0
aten::expand_as,,,2.76,11.45,0,0,0,0
aten::expand,,,5.06,8.69,0,0,0,0
aten::as_strided,,,3.63,3.63,0,0,0,0
aten::copy_,,,49.2,66.89,0,0.56,0,0
aclnnInplaceCopy,,,17.69,17.69,0.56,0.56,0,0
aten::slice,,,6.23,11.02,0,0,0,0
aten::as_strided,,,4.79,4.79,0,0,0,0
aten::slice,,,3.55,6.93,0,0,0,0
aten::as_strided,,,3.38,3.38,0,0,0,0
aten::slice,,,2.64,5.13,0,0,0,0
aten::as_strided,,,2.49,2.49,0,0,0,0
aten::slice,,,2.59,4.87,0,0,0,0
aten::as_strided,,,2.28,2.28,0,0,0,0
aten::copy_,,,47.37,66.13,0,0.66,0,0
aclnnInplaceCopy,,,18.76,18.76,0.66,0.66,0,0
aten::slice,,,6.48,9.99,0,0,0,0
aten::as_strided,,,3.51,3.51,0,0,0,0
aten::slice,,,3.21,5.7,0,0,0,0
aten::as_strided,,,2.49,2.49,0,0,0,0
aten::slice,,,2.91,5.15,0,0,0,0
aten::as_strided,,,2.24,2.24,0,0,0,0
aten::sub,,,19.19,31.95,0,1.52,0,0
aclnnSub,,,12.76,12.76,1.52,1.52,0,0
aten::slice,,,7.96,11.04,0,0,0,0
aten::as_strided,,,3.08,3.08,0,0,0,0
aten::slice,,,3.63,8.54,0,0,0,0
aten::as_strided,,,4.91,4.91,0,0,0,0
aten::slice,,,3.02,6.2,0,0,0,0
aten::as_strided,,,3.18,3.18,0,0,0,0
aten::slice,,,2.74,5.45,0,0,0,0
aten::as_strided,,,2.71,2.71,0,0,0,0
aten::slice,,,2.77,4.77,0,0,0,0
aten::as_strided,,,2.0,2.0,0,0,0,0
aten::fill_,,,15.48,33.61,0,1.26003125,0,0
aclnnInplaceFillScalar,,,18.13,18.13,1.26003125,1.26003125,0,0
aten::slice,,,5.92,10.1,0,0,0,0
aten::as_strided,,,4.18,4.18,0,0,0,0
aten::fill_,,,12.94,25.1,0,1.2400625,0,0
aclnnInplaceFillScalar,,,12.16,12.16,1.2400625,1.2400625,0,0
aten::slice,,,5.85,10.15,0,0,0,0
aten::as_strided,,,4.3,4.3,0,0,0,0
aten::slice,,,3.04,5.37,0,0,0,0
aten::as_strided,,,2.33,2.33,0,0,0,0
aten::slice,,,2.89,5.66,0,0,0,0
aten::as_strided,,,2.77,2.77,0,0,0,0
aten::slice,,,2.64,3.86,0,0,0,0
aten::as_strided,,,1.22,1.22,0,0,0,0
aten::slice,,,2.48,3.89,0,0,0,0
aten::as_strided,,,1.41,1.41,0,0,0,0
aten::slice,,,2.51,3.51,0,0,0,0
aten::as_strided,,,1.0,1.0,0,0,0,0
aten::slice,,,2.49,3.2,0,0,0,0
aten::as_strided,,,0.71,0.71,0,0,0,0
aten::slice,,,1.38,2.28,0,0,0,0
aten::as_strided,,,0.9,0.9,0,0,0,0
aten::diff,,,6.53,31.17,0,0,0,0
aten::narrow,,,4.8,8.56,0,0,0,0
aten::slice,,,1.73,3.76,0,0,0,0
aten::as_strided,,,2.03,2.03,0,0,0,0
aten::narrow,,,1.8,3.76,0,0,0,0
aten::slice,,,1.2,1.96,0,0,0,0
aten::as_strided,,,0.76,0.76,0,0,0,0
aten::sub,,,12.32,12.32,0,0,0,0
aten::eq,,,12.14,27.1,0,0,0,0
aten::to,,,1.87,14.96,0,0,0,0
aten::_to_copy,,,4.77,13.09,0,0,0,0
aten::empty_strided,,,2.91,2.91,0,0,0,0
aten::copy_,,,5.41,5.41,0,0,0,0
aten::__and__,,,2.12,6.4,0,0,0,0
aten::bitwise_and,,,4.28,4.28,0,0,0,0
aten::gt,,,7.28,15.85,0,0,0,0
aten::to,,,0.97,8.57,0,0,0,0
aten::_to_copy,,,2.9,7.6,0,0,0,0
aten::empty_strided,,,1.91,1.91,0,0,0,0
aten::copy_,,,2.79,2.79,0,0,0,0
aten::__and__,,,1.52,4.36,0,0,0,0
aten::bitwise_and,,,2.84,2.84,0,0,0,0
aten::any,,,9.21,11.58,0,0,0,0
aten::as_strided,,,1.24,1.24,0,0,0,0
aten::fill_,,,1.13,1.13,0,0,0,0
aten::item,,,1.85,3.1,0,0,0,0
aten::_local_scalar_dense,,,1.25,1.25,0,0,0,0
aten::slice,,,5.1,6.77,0,0,0,0
aten::as_strided,,,1.67,1.67,0,0,0,0
aten::slice,,,2.28,3.03,0,0,0,0
aten::as_strided,,,0.75,0.75,0,0,0,0
aten::sub,,,5.78,5.78,0,0,0,0
aten::select,,,3.33,4.93,0,0,0,0
aten::as_strided,,,1.6,1.6,0,0,0,0
aten::item,,,1.35,2.35,0,0,0,0
aten::_local_scalar_dense,,,1.0,1.0,0,0,0,0
aten::gt,,,8.33,17.95,0,0,0,0
aten::to,,,1.32,9.62,0,0,0,0
aten::_to_copy,,,3.07,8.3,0,0,0,0
aten::empty_strided,,,1.75,1.75,0,0,0,0
aten::copy_,,,3.48,3.48,0,0,0,0
aten::__ior__,,,1.77,6.0,0,0,0,0
aten::bitwise_or_,,,4.23,4.23,0,0,0,0
aten::any,,,7.26,9.17,0,0,0,0
aten::as_strided,,,1.17,1.17,0,0,0,0
aten::fill_,,,0.74,0.74,0,0,0,0
aten::is_nonzero,,,1.3,4.52,0,0,0,0
aten::item,,,1.44,3.22,0,0,0,0
aten::_local_scalar_dense,,,1.78,1.78,0,0,0,0
aten::select,,,4.28,10.25,0,0,0,0
aten::as_strided,,,5.97,5.97,0,0,0,0
aten::slice,,,4.62,8.52,0,0,0,0
aten::as_strided,,,3.9,3.9,0,0,0,0
aten::slice,,,2.66,4.86,0,0,0,0
aten::as_strided,,,2.2,2.2,0,0,0,0
aten::slice,,,2.37,4.64,0,0,0,0
aten::as_strided,,,2.27,2.27,0,0,0,0
aten::copy_,,,63.72,87.49,0,0.58003125,0,0
aclnnInplaceCopy,,,23.77,23.77,0.58003125,0.58003125,0,0
aten::slice,,,6.43,10.5,0,0,0,0
aten::as_strided,,,4.07,4.07,0,0,0,0
aten::fill_,,,16.37,19.92,0,1.26003125,0,0
aclnnInplaceFillScalar,,,3.55,3.55,1.26003125,1.26003125,0,0
aten::slice,,,5.45,9.69,0,0,0,0
aten::as_strided,,,4.24,4.24,0,0,0,0
aten::slice,,,2.78,5.49,0,0,0,0
aten::as_strided,,,2.71,2.71,0,0,0,0
aten::slice,,,2.58,4.87,0,0,0,0
aten::as_strided,,,2.29,2.29,0,0,0,0
aten::copy_,,,50.06,68.89,0,0.58,0,0
aclnnInplaceCopy,,,18.83,18.83,0.58,0.58,0,0
aten::slice,,,5.82,9.58,0,0,0,0
aten::as_strided,,,3.76,3.76,0,0,0,0
aten::slice,,,3.06,5.81,0,0,0,0
aten::as_strided,,,2.75,2.75,0,0,0,0
aten::expand_as,,,1.97,10.15,0,0,0,0
aten::expand,,,4.13,8.18,0,0,0,0
aten::as_strided,,,4.05,4.05,0,0,0,0
aten::copy_,,,49.99,78.29,0,0.52,0,0
aclnnInplaceCopy,,,28.3,28.3,0.52,0.52,0,0
aten::slice,,,6.37,11.04,0,0,0,0
aten::as_strided,,,4.67,4.67,0,0,0,0
aten::slice,,,3.7,7.58,0,0,0,0
aten::as_strided,,,3.88,3.88,0,0,0,0
aten::slice,,,2.27,5.34,0,0,0,0
aten::as_strided,,,3.07,3.07,0,0,0,0
aten::slice,,,2.3,4.84,0,0,0,0
aten::as_strided,,,2.54,2.54,0,0,0,0
aten::copy_,,,48.74,67.47,0,0.64,0,0
aclnnInplaceCopy,,,18.73,18.73,0.64,0.64,0,0
aten::slice,,,6.56,10.95,0,0,0,0
aten::as_strided,,,4.39,4.39,0,0,0,0
aten::slice,,,2.67,5.6,0,0,0,0
aten::as_strided,,,2.93,2.93,0,0,0,0
aten::slice,,,2.63,5.12,0,0,0,0
aten::as_strided,,,2.49,2.49,0,0,0,0
aten::sub,,,18.45,33.99,0,1.70003125,0,0
aclnnSub,,,15.54,15.54,1.70003125,1.70003125,0,0
aten::slice,,,10.1,15.23,0,0,0,0
aten::as_strided,,,5.13,5.13,0,0,0,0
aten::slice,,,3.62,8.35,0,0,0,0
aten::as_strided,,,4.73,4.73,0,0,0,0
aten::slice,,,2.96,5.57,0,0,0,0
aten::as_strided,,,2.61,2.61,0,0,0,0
aten::slice,,,2.62,5.17,0,0,0,0
aten::as_strided,,,2.55,2.55,0,0,0,0
aten::slice,,,4.2,6.37,0,0,0,0
aten::as_strided,,,2.17,2.17,0,0,0,0
aten::fill_,,,23.13,37.78,0,1.38003125,0,0
aclnnInplaceFillScalar,,,14.65,14.65,1.38003125,1.38003125,0,0
aten::slice,,,5.64,9.49,0,0,0,0
aten::as_strided,,,3.85,3.85,0,0,0,0
aten::fill_,,,12.41,24.39,0,1.12003125,0,0
aclnnInplaceFillScalar,,,11.98,11.98,1.12003125,1.12003125,0,0
aten::slice,,,7.89,12.83,0,0,0,0
aten::as_strided,,,4.94,4.94,0,0,0,0
aten::slice,,,2.76,4.63,0,0,0,0
aten::as_strided,,,1.87,1.87,0,0,0,0
aten::slice,,,17.43,20.26,0,0,0,0
aten::as_strided,,,2.83,2.83,0,0,0,0
aten::slice,,,3.36,4.93,0,0,0,0
aten::as_strided,,,1.57,1.57,0,0,0,0
aten::slice,,,5.19,15.25,0,0,0,0
aten::as_strided,,,10.06,10.06,0,0,0,0
aten::slice,,,3.36,4.95,0,0,0,0
aten::as_strided,,,1.59,1.59,0,0,0,0
aten::slice,,,2.61,3.66,0,0,0,0
aten::as_strided,,,1.05,1.05,0,0,0,0
aten::slice,,,1.23,2.29,0,0,0,0
aten::as_strided,,,1.06,1.06,0,0,0,0
aten::diff,,,8.94,37.35,0,0,0,0
aten::narrow,,,6.49,12.06,0,0,0,0
aten::slice,,,1.86,5.57,0,0,0,0
aten::as_strided,,,3.71,3.71,0,0,0,0
aten::narrow,,,2.1,4.1,0,0,0,0
aten::slice,,,1.07,2.0,0,0,0,0
aten::as_strided,,,0.93,0.93,0,0,0,0
aten::sub,,,12.25,12.25,0,0,0,0
aten::eq,,,13.82,29.75,0,0,0,0
aten::to,,,1.78,15.93,0,0,0,0
aten::_to_copy,,,4.45,14.15,0,0,0,0
aten::empty_strided,,,4.21,4.21,0,0,0,0
aten::copy_,,,5.49,5.49,0,0,0,0
aten::__and__,,,2.05,6.07,0,0,0,0
aten::bitwise_and,,,4.02,4.02,0,0,0,0
aten::gt,,,7.83,16.64,0,0,0,0
aten::to,,,1.66,8.81,0,0,0,0
aten::_to_copy,,,2.76,7.15,0,0,0,0
aten::empty_strided,,,1.73,1.73,0,0,0,0
aten::copy_,,,2.66,2.66,0,0,0,0
aten::__and__,,,1.28,4.27,0,0,0,0
aten::bitwise_and,,,2.99,2.99,0,0,0,0
aten::any,,,9.35,11.9,0,0,0,0
aten::as_strided,,,1.29,1.29,0,0,0,0
aten::fill_,,,1.26,1.26,0,0,0,0
aten::item,,,1.89,3.17,0,0,0,0
aten::_local_scalar_dense,,,1.28,1.28,0,0,0,0
aten::slice,,,4.86,7.04,0,0,0,0
aten::as_strided,,,2.18,2.18,0,0,0,0
aten::slice,,,2.37,3.41,0,0,0,0
aten::as_strided,,,1.04,1.04,0,0,0,0
aten::sub,,,5.62,5.62,0,0,0,0
aten::select,,,3.35,4.53,0,0,0,0
aten::as_strided,,,1.18,1.18,0,0,0,0
aten::item,,,1.23,2.32,0,0,0,0
aten::_local_scalar_dense,,,1.09,1.09,0,0,0,0
aten::gt,,,7.67,17.33,0,0,0,0
aten::to,,,1.04,9.66,0,0,0,0
aten::_to_copy,,,2.83,8.62,0,0,0,0
aten::empty_strided,,,2.32,2.32,0,0,0,0
aten::copy_,,,3.47,3.47,0,0,0,0
aten::__ior__,,,1.87,5.75,0,0,0,0
aten::bitwise_or_,,,3.88,3.88,0,0,0,0
aten::any,,,7.25,9.12,0,0,0,0
aten::as_strided,,,1.33,1.33,0,0,0,0
aten::fill_,,,0.54,0.54,0,0,0,0
aten::is_nonzero,,,1.27,4.22,0,0,0,0
aten::item,,,1.75,2.95,0,0,0,0
aten::_local_scalar_dense,,,1.2,1.2,0,0,0,0
aten::select,,,4.09,9.97,0,0,0,0
aten::as_strided,,,5.88,5.88,0,0,0,0
aten::slice,,,4.59,8.83,0,0,0,0
aten::as_strided,,,4.24,4.24,0,0,0,0
aten::slice,,,2.55,5.08,0,0,0,0
aten::as_strided,,,2.53,2.53,0,0,0,0
aten::slice,,,2.27,4.82,0,0,0,0
aten::as_strided,,,2.55,2.55,0,0,0,0
aten::copy_,,,63.5,85.37,0,0.58,0,0
aclnnInplaceCopy,,,21.87,21.87,0.58,0.58,0,0
aten::slice,,,6.07,10.67,0,0,0,0
aten::as_strided,,,4.6,4.6,0,0,0,0
aten::fill_,,,16.24,30.88,0,1.24003125,0,0
aclnnInplaceFillScalar,,,14.64,14.64,1.24003125,1.24003125,0,0
aten::slice,,,6.17,10.83,0,0,0,0
aten::as_strided,,,4.66,4.66,0,0,0,0
aten::slice,,,2.83,6.06,0,0,0,0
aten::as_strided,,,3.23,3.23,0,0,0,0
aten::slice,,,2.84,5.6,0,0,0,0
aten::as_strided,,,2.76,2.76,0,0,0,0
aten::copy_,,,52.55,69.87,0,0.62003125,0,0
aclnnInplaceCopy,,,17.32,17.32,0.62003125,0.62003125,0,0
aten::slice,,,6.41,10.65,0,0,0,0
aten::as_strided,,,4.24,4.24,0,0,0,0
aten::slice,,,3.15,6.7,0,0,0,0
aten::as_strided,,,3.55,3.55,0,0,0,0
aten::expand_as,,,2.27,10.06,0,0,0,0
aten::expand,,,4.08,7.79,0,0,0,0
aten::as_strided,,,3.71,3.71,0,0,0,0
aten::copy_,,,49.07,66.79,0,0.58,0,0
aclnnInplaceCopy,,,17.72,17.72,0.58,0.58,0,0
aten::slice,,,6.59,11.7,0,0,0,0
aten::as_strided,,,5.11,5.11,0,0,0,0
aten::slice,,,3.63,7.01,0,0,0,0
aten::as_strided,,,3.38,3.38,0,0,0,0
aten::slice,,,2.42,4.79,0,0,0,0
aten::as_strided,,,2.37,2.37,0,0,0,0
aten::slice,,,2.8,5.45,0,0,0,0
aten::as_strided,,,2.65,2.65,0,0,0,0
aten::copy_,,,46.68,64.07,0,0.58,0,0
aclnnInplaceCopy,,,17.39,17.39,0.58,0.58,0,0
aten::slice,,,6.14,10.39,0,0,0,0
aten::as_strided,,,4.25,4.25,0,0,0,0
aten::slice,,,2.89,5.67,0,0,0,0
aten::as_strided,,,2.78,2.78,0,0,0,0
aten::slice,,,2.39,4.87,0,0,0,0
aten::as_strided,,,2.48,2.48,0,0,0,0
aten::sub,,,18.16,30.92,0,1.60003125,0,0
aclnnSub,,,12.76,12.76,1.60003125,1.60003125,0,0
Event::record,,,166.64,190.78,0,0.02,0,0
record_event,,,24.14,24.14,0.02,0.02,0,0
aten::slice,,,8.79,16.16,0,0,0,0
aten::as_strided,,,7.37,7.37,0,0,0,0
aten::slice,,,4.04,7.16,0,0,0,0
aten::as_strided,,,3.12,3.12,0,0,0,0
aten::slice,,,2.36,4.49,0,0,0,0
aten::as_strided,,,2.13,2.13,0,0,0,0
aten::zero_,,,17.66,33.74,0,1.90003125,0,0
aclnnInplaceZero,,,16.08,16.08,1.90003125,1.90003125,0,0
aten::slice,,,7.6,14.63,0,0,0,0
aten::as_strided,,,7.03,7.03,0,0,0,0
aten::scalar_tensor,,,6.47,58.27,0,1.6,0,0
aten::empty,,,3.15,15.3,0,0,0,0
empty_tensor,,,12.15,12.15,0,0,0,0
aten::fill_,,,16.2,36.5,0,1.6,0,0
aclnnInplaceFillScalar,,,20.3,20.3,1.6,1.6,0,0
aten::slice,,,6.6,12.78,0,0,0,0
aten::as_strided,,,6.18,6.18,0,0,0,0
aten::view,,,4.07,4.07,0,0,0,0
aten::expand,,,2.21,4.41,0,0,0,0
aten::as_strided,,,2.2,2.2,0,0,0,0
aten::copy_,,,24.3,38.74,0,4.1200625,0,0
aclnnInplaceCopy,,,14.44,14.44,4.1200625,4.1200625,0,0
aten::scalar_tensor,,,5.26,28.47,0,1.42003125,0,0
aten::empty,,,2.8,9.82,0,0,0,0
empty_tensor,,,7.02,7.02,0,0,0,0
aten::fill_,,,10.31,13.39,0,1.42003125,0,0
aclnnInplaceFillScalar,,,3.08,3.08,1.42003125,1.42003125,0,0
aten::slice,,,5.69,10.57,0,0,0,0
aten::as_strided,,,4.88,4.88,0,0,0,0
aten::view,,,2.43,2.43,0,0,0,0
aten::expand,,,1.65,3.42,0,0,0,0
aten::as_strided,,,1.77,1.77,0,0,0,0
aten::copy_,,,51.32,65.49,0,0.58,0,0
aclnnInplaceCopy,,,14.17,14.17,0.58,0.58,0,0
aten::index,,,36.73,74.38,0,10.84021875,0,0
empty_tensor,,,7.55,7.55,0,0,0,0
empty_tensor,,,8.96,8.96,0,0,0,0
aclnnIndex,,,21.14,21.14,10.84021875,10.84021875,0,0
aten::linear,,,6.22,70.81,0,912.37821875,0,912.37821875
aten::t,,,6.53,17.74,0,0,0,0
aten::transpose,,,4.17,11.21,0,0,0,0
aten::as_strided,,,7.04,7.04,0,0,0,0
aten::matmul,,,22.34,46.85,0,912.37821875,0,912.37821875
empty_tensor,,,9.86,9.86,0,0,0,0
aclnnMatmul,,,14.65,14.65,912.37821875,912.37821875,912.37821875,912.37821875
aten::alias,,,3.19,3.19,0,0,0,0
aten::log_softmax,,,9.18,116.96,0,52.4810625,0,0
aten::to,,,3.83,69.72,0,7.7601875,0,0
aten::_to_copy,,,7.6,65.89,0,7.7601875,0,0
aten::empty_strided,,,13.29,21.14,0,0,0,0
empty_tensor,,,7.85,7.85,0,0,0,0
aten::copy_,,,21.18,37.15,0,7.7601875,0,0
aclnnInplaceCopy,,,15.97,15.97,7.7601875,7.7601875,0,0
aten::_log_softmax,,,19.94,38.06,0,44.720875,0,0
empty_tensor,,,8.09,8.09,0,0,0,0
aclnnLogSoftmax,,,10.03,10.03,44.720875,44.720875,0,0
aten::to,,,2.47,50.57,0,2.8600625,0,0
aten::_to_copy,,,5.77,48.1,0,2.8600625,0,0
aten::empty_strided,,,8.49,13.54,0,0,0,0
empty_tensor,,,5.05,5.05,0,0,0,0
aten::copy_,,,16.33,28.79,0,2.8600625,0,0
aclnnInplaceCopy,,,12.46,12.46,2.8600625,2.8600625,0,0
aten::argmax,,,7.95,63.89,0,21.2604375,0,0
aten::empty,,,2.98,11.76,0,0,0,0
empty_tensor,,,8.78,8.78,0,0,0,0
aten::argmax,,,25.18,44.18,0,21.2604375,0,0
aten::reshape,,,2.12,7.59,0,0,0,0
aten::view,,,5.47,5.47,0,0,0,0
aclnnArgMax,,,11.41,11.41,21.2604375,21.2604375,0,0
aten::view,,,4.03,4.03,0,0,0,0
aten::to,,,1.89,1.89,0,0,0,0
aten::topk,,,23.36,46.7,0,40.6808125,0,0
empty_tensor,,,7.65,7.65,0,0,0,0
empty_tensor,,,4.14,4.14,0,0,0,0
aclnnTopk,,,11.55,11.55,40.6808125,40.6808125,0,0
aten::unsqueeze,,,3.76,8.73,0,0,0,0
aten::as_strided,,,4.97,4.97,0,0,0,0
aten::gather,,,21.44,39.67,0,5.94009375,0,0
empty_tensor,,,7.21,7.21,0,0,0,0
aclnnGather,,,11.02,11.02,5.94009375,5.94009375,0,0
TorchDynamo Cache Lookup,,,39.18,39.18,0,0,0,0
Torch-Compiled Region: 0/0,,,126.56,224.74,0,44.62090625,0,0
aten::_assert_scalar,,,3.76,3.76,0,0,0,0
aten::_assert_scalar,,,1.04,1.04,0,0,0,0
aten::_assert_scalar,,,1.11,1.11,0,0,0,0
aten::ge,,,18.84,46.2,0,13.62028125,0,0
empty_tensor,,,11.56,11.56,0,0,0,0
aclnnGeTensor,,,15.8,15.8,13.62028125,13.62028125,0,0
aten::sum,,,23.12,46.07,0,31.000625,0,0
empty_tensor,,,9.42,9.42,0,0,0,0
aclnnReduceSum,,,13.53,13.53,31.000625,31.000625,0,0
aten::cat,,,19.37,39.77,0,3.3800625,0,0
empty_tensor,,,8.61,8.61,0,0,0,0
aclnnCat,,,11.79,11.79,3.3800625,3.3800625,0,0
aten::cat,,,12.54,28.72,0,2.7200625,0,0
empty_tensor,,,6.33,6.33,0,0,0,0
aclnnCat,,,9.85,9.85,2.7200625,2.7200625,0,0
aten::to,,,2.13,46.17,0,1.38003125,0,0
aten::_to_copy,,,5.88,44.04,0,1.38003125,0,0
aten::empty_strided,,,7.86,12.0,0,0,0,0
empty_tensor,,,4.14,4.14,0,0,0,0
aten::copy_,,,14.38,26.16,0,1.38003125,0,0
aclnnInplaceCopy,,,11.78,11.78,1.38003125,1.38003125,0,0
aten::to,,,2.12,43.47,0,1.36,0,0
aten::_to_copy,,,5.07,41.35,0,1.36,0,0
aten::empty_strided,,,7.17,11.38,0,0,0,0
empty_tensor,,,4.21,4.21,0,0,0,0
aten::copy_,,,14.31,24.9,0,1.36,0,0
aclnnInplaceCopy,,,10.59,10.59,1.36,1.36,0,0
aten::unsqueeze,,,3.59,8.32,0,0,0,0
aten::as_strided,,,4.73,4.73,0,0,0,0
Event::record,,,151.96,171.94,0,0.02,0,0
record_event,,,19.98,19.98,0.02,0.02,0,0
aten::slice,,,5.32,13.34,0,0,0,0
aten::as_strided,,,8.02,8.02,0,0,0,0
Event::wait,,,74.02,95.12,0,2558.051125,0,0
wait_event,,,21.1,21.1,2558.051125,2558.051125,0,0
Event::record,,,87.74,107.22,0,0.02,0,0
record_event,,,19.48,19.48,0.02,0.02,0,0
Event::wait,,,62.22,79.75,0,2187.28371875,0,0
wait_event,,,17.53,17.53,2187.28371875,2187.28371875,0,0
destroy_event,,,10.01,10.01,0,0,0,0
aten::to,,,4.32,67.35,0,1.88003125,0,0
aten::_to_copy,,,7.54,63.03,0,1.88003125,0,0
aten::empty_strided,,,24.49,24.49,0,0,0,0
aten::copy_,,,19.02,31.0,0,1.88003125,0,0
acl_memcpy_device_to_host,,,11.98,11.98,1.88003125,1.88003125,0,0
aten::to,,,2.67,37.88,0,1.88003125,0,0
aten::_to_copy,,,4.96,35.21,0,1.88003125,0,0
aten::empty_strided,,,4.21,4.21,0,0,0,0
aten::copy_,,,13.92,26.04,0,1.88003125,0,0
acl_memcpy_device_to_host,,,12.12,12.12,1.88003125,1.88003125,0,0
aten::to,,,2.4,32.48,0,2.02003125,0,0
aten::_to_copy,,,4.03,30.08,0,2.02003125,0,0
aten::empty_strided,,,3.37,3.37,0,0,0,0
aten::copy_,,,12.7,22.68,0,2.02003125,0,0
acl_memcpy_device_to_host,,,9.98,9.98,2.02003125,2.02003125,0,0
aten::to,,,2.25,29.29,0,1.90003125,0,0
aten::_to_copy,,,4.16,27.04,0,1.90003125,0,0
aten::empty_strided,,,3.16,3.16,0,0,0,0
aten::copy_,,,10.99,19.72,0,1.90003125,0,0
acl_memcpy_device_to_host,,,8.73,8.73,1.90003125,1.90003125,0,0
Event::record,,,160.59,179.43,0,0.02,0,0
record_event,,,18.84,18.84,0.02,0.02,0,0
Event::synchronize,,,86.4,86.4,0,0,0,0
aten::resolve_conj,,,2.0,2.0,0,0,0,0
aten::resolve_neg,,,0.9,0.9,0,0,0,0
aten::to,,,3.43,3.43,0,0,0,0
aten::detach,,,4.09,4.09,0,0,0,0
aten::to,,,0.71,0.71,0,0,0,0
aten::resolve_conj,,,0.63,0.63,0,0,0,0
aten::resolve_neg,,,0.37,0.37,0,0,0,0
aten::to,,,1.28,1.28,0,0,0,0
aten::detach,,,1.58,1.58,0,0,0,0
aten::to,,,0.73,0.73,0,0,0,0
aten::resolve_conj,,,0.39,0.39,0,0,0,0
aten::resolve_neg,,,0.48,0.48,0,0,0,0
aten::to,,,1.19,1.19,0,0,0,0
aten::detach,,,1.33,1.33,0,0,0,0
aten::to,,,0.7,0.7,0,0,0,0
aten::resolve_conj,,,0.37,0.37,0,0,0,0
aten::resolve_neg,,,0.36,0.36,0,0,0,0
destroy_event,,,22.55,22.55,0,0,0,0
record_event,,,7.08,7.08,0.02,0.02,0,0
Event::synchronize,,,147.06,147.06,0,0,0,0
aten::slice,,,12.55,17.22,0,0,0,0
aten::as_strided,,,4.67,4.67,0,0,0,0
aten::slice,,,3.63,10.55,0,0,0,0
aten::as_strided,,,6.92,6.92,0,0,0,0
aten::pin_memory,,,132.12,148.63,0,0,0,0
aten::is_pinned,,,16.51,16.51,0,0,0,0
aten::copy_,,,43.06,81.3,0,2.3800625,0,0
acl_memcpy_host_to_device,,,38.24,38.24,2.3800625,2.3800625,0,0
aten::slice,,,7.42,10.21,0,0,0,0
aten::as_strided,,,2.79,2.79,0,0,0,0
aten::slice,,,3.68,16.98,0,0,0,0
aten::as_strided,,,13.3,13.3,0,0,0,0
aten::pin_memory,,,4.11,14.71,0,0,0,0
aten::is_pinned,,,10.6,10.6,0,0,0,0
aten::copy_,,,22.06,44.36,0,2.36003125,0,0
acl_memcpy_host_to_device,,,22.3,22.3,2.36003125,2.36003125,0,0
aten::slice,,,5.47,7.42,0,0,0,0
aten::as_strided,,,1.95,1.95,0,0,0,0
aten::slice,,,2.9,7.27,0,0,0,0
aten::as_strided,,,4.37,4.37,0,0,0,0
aten::pin_memory,,,3.3,12.2,0,0,0,0
aten::is_pinned,,,8.9,8.9,0,0,0,0
aten::copy_,,,14.31,36.55,0,2.3600625,0,0
acl_memcpy_host_to_device,,,22.24,22.24,2.3600625,2.3600625,0,0
aten::slice,,,4.86,7.49,0,0,0,0
aten::as_strided,,,2.63,2.63,0,0,0,0
aten::slice,,,3.09,6.82,0,0,0,0
aten::as_strided,,,3.73,3.73,0,0,0,0
aten::pin_memory,,,3.12,11.46,0,0,0,0
aten::is_pinned,,,8.34,8.34,0,0,0,0
aten::copy_,,,13.63,26.87,0,2.2400625,0,0
acl_memcpy_host_to_device,,,13.24,13.24,2.2400625,2.2400625,0,0
aten::slice,,,4.97,6.41,0,0,0,0
aten::as_strided,,,1.44,1.44,0,0,0,0
aten::slice,,,2.7,6.31,0,0,0,0
aten::as_strided,,,3.61,3.61,0,0,0,0
aten::pin_memory,,,3.13,11.03,0,0,0,0
aten::is_pinned,,,7.9,7.9,0,0,0,0
aten::copy_,,,13.71,30.96,0,2.3400625,0,0
acl_memcpy_host_to_device,,,17.25,17.25,2.3400625,2.3400625,0,0
aten::slice,,,11.55,16.18,0,0,0,0
aten::as_strided,,,4.63,4.63,0,0,0,0
aten::slice,,,3.13,9.35,0,0,0,0
aten::as_strided,,,6.22,6.22,0,0,0,0
aten::pin_memory,,,4.26,19.31,0,0,0,0
aten::is_pinned,,,15.05,15.05,0,0,0,0
aten::copy_,,,18.54,38.34,0,2.34003125,0,0
acl_memcpy_host_to_device,,,19.8,19.8,2.34003125,2.34003125,0,0
aten::slice,,,5.53,9.89,0,0,0,0
aten::as_strided,,,4.36,4.36,0,0,0,0
aten::lift_fresh,,,1.12,1.12,0,0,0,0
aten::lift_fresh,,,1.65,1.65,0,0,0,0
aten::flatten,,,3.9,10.13,0,0,0,0
aten::view,,,6.23,6.23,0,0,0,0
aten::slice,,,4.4,6.31,0,0,0,0
aten::as_strided,,,1.91,1.91,0,0,0,0
aten::index_select,,,7.5,7.5,0,0,0,0
aten::pin_memory,,,3.86,16.89,0,0,0,0
aten::is_pinned,,,13.03,13.03,0,0,0,0
aten::copy_,,,16.53,35.18,0,2.5800625,0,0
acl_memcpy_host_to_device,,,18.65,18.65,2.5800625,2.5800625,0,0
aten::pin_memory,,,3.51,12.24,0,0,0,0
aten::is_pinned,,,8.73,8.73,0,0,0,0
aten::copy_,,,13.75,27.67,0,3.0600625,0,0
acl_memcpy_host_to_device,,,13.92,13.92,3.0600625,3.0600625,0,0
aten::slice,,,6.1,8.86,0,0,0,0
aten::as_strided,,,2.76,2.76,0,0,0,0
aten::lift_fresh,,,0.96,0.96,0,0,0,0
aten::slice,,,3.19,4.09,0,0,0,0
aten::as_strided,,,0.9,0.9,0,0,0,0
aten::add,,,15.41,15.41,0,0,0,0
aten::slice,,,3.56,4.63,0,0,0,0
aten::as_strided,,,1.07,1.07,0,0,0,0
aten::fill_,,,2.28,2.28,0,0,0,0
aten::slice,,,3.28,7.86,0,0,0,0
aten::as_strided,,,4.58,4.58,0,0,0,0
aten::fill_,,,21.03,36.83,0,1.46003125,0,0
aclnnInplaceFillScalar,,,15.8,15.8,1.46003125,1.46003125,0,0
aten::slice,,,7.26,13.01,0,0,0,0
aten::as_strided,,,5.75,5.75,0,0,0,0
aten::select,,,3.81,6.73,0,0,0,0
aten::as_strided,,,2.92,2.92,0,0,0,0
aten::copy_,,,68.6,87.31,0,0.56,0,0
aclnnInplaceCopy,,,18.71,18.71,0.56,0.56,0,0
aten::slice,,,7.83,10.7,0,0,0,0
aten::as_strided,,,2.87,2.87,0,0,0,0
aten::detach,,,3.63,3.63,0,0,0,0
aten::to,,,2.21,2.21,0,0,0,0
aten::resolve_conj,,,0.8,0.8,0,0,0,0
aten::resolve_neg,,,0.39,0.39,0,0,0,0
aten::slice,,,5.53,8.19,0,0,0,0
aten::as_strided,,,2.66,2.66,0,0,0,0
aten::slice,,,2.86,7.83,0,0,0,0
aten::as_strided,,,4.97,4.97,0,0,0,0
aten::pin_memory,,,4.3,19.31,0,0,0,0
aten::is_pinned,,,15.01,15.01,0,0,0,0
aten::copy_,,,3.78,3.78,0,0,0,0
aten::slice,,,6.03,7.76,0,0,0,0
aten::as_strided,,,1.73,1.73,0,0,0,0
aten::slice,,,3.0,6.51,0,0,0,0
aten::as_strided,,,3.51,3.51,0,0,0,0
aten::pin_memory,,,3.43,13.17,0,0,0,0
aten::is_pinned,,,9.74,9.74,0,0,0,0
aten::copy_,,,15.65,37.62,0,2.24003125,0,0
acl_memcpy_host_to_device,,,21.97,21.97,2.24003125,2.24003125,0,0
aten::fill_,,,19.01,35.89,0,1.4,0,0
aclnnInplaceFillScalar,,,16.88,16.88,1.4,1.4,0,0
aten::slice,,,7.0,11.44,0,0,0,0
aten::as_strided,,,4.44,4.44,0,0,0,0
aten::slice,,,3.21,5.2,0,0,0,0
aten::as_strided,,,1.99,1.99,0,0,0,0
aten::copy_,,,17.65,31.37,0,2.18003125,0,0
acl_memcpy_host_to_device,,,13.72,13.72,2.18003125,2.18003125,0,0
aten::slice,,,6.88,9.21,0,0,0,0
aten::as_strided,,,2.33,2.33,0,0,0,0
aten::slice,,,3.12,7.12,0,0,0,0
aten::as_strided,,,4.0,4.0,0,0,0,0
aten::pin_memory,,,3.91,13.64,0,0,0,0
aten::is_pinned,,,9.73,9.73,0,0,0,0
aten::copy_,,,14.53,34.65,0,2.3200625,0,0
acl_memcpy_host_to_device,,,20.12,20.12,2.3200625,2.3200625,0,0
aten::slice,,,5.68,10.43,0,0,0,0
aten::as_strided,,,4.75,4.75,0,0,0,0
aten::slice,,,3.65,6.05,0,0,0,0
aten::as_strided,,,2.4,2.4,0,0,0,0
aten::slice,,,2.89,5.82,0,0,0,0
aten::as_strided,,,2.93,2.93,0,0,0,0
aten::pin_memory,,,3.39,12.37,0,0,0,0
aten::is_pinned,,,8.98,8.98,0,0,0,0
aten::copy_,,,14.16,31.21,0,2.20003125,0,0
acl_memcpy_host_to_device,,,17.05,17.05,2.20003125,2.20003125,0,0
aten::slice,,,6.47,8.75,0,0,0,0
aten::as_strided,,,2.28,2.28,0,0,0,0
aten::slice,,,3.64,8.3,0,0,0,0
aten::as_strided,,,4.66,4.66,0,0,0,0
aten::pin_memory,,,3.66,12.84,0,0,0,0
aten::is_pinned,,,9.18,9.18,0,0,0,0
aten::copy_,,,13.37,30.69,0,2.3400625,0,0
acl_memcpy_host_to_device,,,17.32,17.32,2.3400625,2.3400625,0,0
aten::slice,,,5.22,9.27,0,0,0,0
aten::as_strided,,,4.05,4.05,0,0,0,0
aten::index,,,35.92,71.2,0,10.74021875,0,0
empty_tensor,,,7.74,7.74,0,0,0,0
empty_tensor,,,9.25,9.25,0,0,0,0
aclnnIndex,,,18.29,18.29,10.74021875,10.74021875,0,0
aten::to,,,2.87,59.7,0,1.26003125,0,0
aten::_to_copy,,,6.6,56.83,0,1.26003125,0,0
aten::empty_strided,,,9.49,14.38,0,0,0,0
empty_tensor,,,4.89,4.89,0,0,0,0
aten::copy_,,,18.58,35.85,0,1.26003125,0,0
aclnnInplaceCopy,,,17.27,17.27,1.26003125,1.26003125,0,0
aten::slice,,,6.82,11.5,0,0,0,0
aten::as_strided,,,4.68,4.68,0,0,0,0
aten::add,,,19.72,39.95,0,2.7400625,0,0
empty_tensor,,,7.29,7.29,0,0,0,0
aclnnAdd,,,12.94,12.94,2.7400625,2.7400625,0,0
aten::slice,,,5.57,10.11,0,0,0,0
aten::as_strided,,,4.54,4.54,0,0,0,0
aten::copy_,,,56.47,73.99,0,0.56,0,0
aclnnInplaceCopy,,,17.52,17.52,0.56,0.56,0,0
aten::slice,,,7.36,11.75,0,0,0,0
aten::as_strided,,,4.39,4.39,0,0,0,0
aten::add,,,19.05,39.95,0,1.46003125,0,0
empty_tensor,,,8.02,8.02,0,0,0,0
aclnnAdd,,,12.88,12.88,1.46003125,1.46003125,0,0
aten::slice,,,5.01,9.41,0,0,0,0
aten::as_strided,,,4.4,4.4,0,0,0,0
aten::copy_,,,49.69,65.5,0,0.62,0,0
aclnnInplaceCopy,,,15.81,15.81,0.62,0.62,0,0
aten::slice,,,6.65,10.79,0,0,0,0
aten::as_strided,,,4.14,4.14,0,0,0,0
aten::fill_,,,14.64,27.06,0,1.30003125,0,0
aclnnInplaceFillScalar,,,12.42,12.42,1.30003125,1.30003125,0,0
aten::slice,,,5.71,9.38,0,0,0,0
aten::as_strided,,,3.67,3.67,0,0,0,0
aten::slice,,,3.05,6.93,0,0,0,0
aten::as_strided,,,3.88,3.88,0,0,0,0
compute_slot_mapping_fused_groups_adaptive_kernel,,,32.45,32.45,4.82009375,4.82009375,0,0
aten::slice,,,9.81,18.0,0,0,0,0
aten::as_strided,,,8.19,8.19,0,0,0,0
aten::sub,,,26.61,59.35,0,1.46003125,0,0
empty_tensor,,,11.74,11.74,0,0,0,0
aten::item,,,2.45,4.33,0,0,0,0
aten::_local_scalar_dense,,,1.88,1.88,0,0,0,0
aclnnSubs,,,16.67,16.67,1.46003125,1.46003125,0,0
aten::pin_memory,,,8.06,26.52,0,0,0,0
aten::is_pinned,,,18.46,18.46,0,0,0,0
aten::copy_,,,20.59,44.05,0,2.18003125,0,0
acl_memcpy_host_to_device,,,23.46,23.46,2.18003125,2.18003125,0,0
aten::detach,,,4.99,4.99,0,0,0,0
aten::to,,,2.11,2.11,0,0,0,0
aten::resolve_conj,,,0.97,0.97,0,0,0,0
aten::resolve_neg,,,0.68,0.68,0,0,0,0
aten::slice,,,8.42,16.41,0,0,0,0
aten::as_strided,,,7.99,7.99,0,0,0,0
aten::slice,,,3.37,6.7,0,0,0,0
aten::as_strided,,,3.33,3.33,0,0,0,0
aten::slice,,,3.03,5.47,0,0,0,0
aten::as_strided,,,2.44,2.44,0,0,0,0
aten::fill_,,,20.14,38.18,0,1.30003125,0,0
aclnnInplaceFillScalar,,,18.04,18.04,1.30003125,1.30003125,0,0
aten::slice,,,4.73,8.75,0,0,0,0
aten::as_strided,,,4.02,4.02,0,0,0,0
aten::fill_,,,12.75,25.65,0,1.42003125,0,0
aclnnInplaceFillScalar,,,12.9,12.9,1.42003125,1.42003125,0,0
aten::slice,,,5.43,7.78,0,0,0,0
aten::as_strided,,,2.35,2.35,0,0,0,0
aten::slice,,,3.42,4.36,0,0,0,0
aten::as_strided,,,0.94,0.94,0,0,0,0
aten::lt,,,14.03,14.03,0,0,0,0
aten::lift_fresh,,,1.06,1.06,0,0,0,0
aten::slice,,,2.0,3.34,0,0,0,0
aten::as_strided,,,1.34,1.34,0,0,0,0
aten::fill_,,,2.66,11.18,0,0,0,0
aten::copy_,,,8.52,8.52,0,0,0,0
aten::slice,,,4.03,5.87,0,0,0,0
aten::as_strided,,,1.84,1.84,0,0,0,0
aten::slice,,,3.08,7.43,0,0,0,0
aten::as_strided,,,4.35,4.35,0,0,0,0
aten::slice,,,2.92,4.51,0,0,0,0
aten::as_strided,,,1.59,1.59,0,0,0,0
aten::slice,,,3.4,5.9,0,0,0,0
aten::as_strided,,,2.5,2.5,0,0,0,0
aten::slice,,,2.2,3.05,0,0,0,0
aten::as_strided,,,0.85,0.85,0,0,0,0
aten::slice,,,2.1,3.29,0,0,0,0
aten::as_strided,,,1.19,1.19,0,0,0,0
aten::slice,,,2.99,5.62,0,0,0,0
aten::as_strided,,,2.63,2.63,0,0,0,0
aten::slice,,,2.64,5.0,0,0,0,0
aten::as_strided,,,2.36,2.36,0,0,0,0
aten::slice,,,2.52,4.45,0,0,0,0
aten::as_strided,,,1.93,1.93,0,0,0,0
aten::slice,,,5.46,11.42,0,0,0,0
aten::as_strided,,,5.96,5.96,0,0,0,0
aten::slice,,,2.93,6.54,0,0,0,0
aten::as_strided,,,3.61,3.61,0,0,0,0
aten::slice,,,3.34,5.83,0,0,0,0
aten::as_strided,,,2.49,2.49,0,0,0,0
aten::to,,,1.7,1.7,0,0,0,0
aten::slice,,,2.66,5.23,0,0,0,0
aten::as_strided,,,2.57,2.57,0,0,0,0
aten::slice,,,2.8,5.21,0,0,0,0
aten::as_strided,,,2.41,2.41,0,0,0,0
aten::slice,,,2.31,3.7,0,0,0,0
aten::as_strided,,,1.39,1.39,0,0,0,0
aten::slice,,,3.48,7.6,0,0,0,0
aten::as_strided,,,4.12,4.12,0,0,0,0
aten::alias,,,3.42,3.42,0,0,0,0
aten::alias,,,3.9,3.9,0,0,0,0
aten::div,,,37.78,64.04,0,9.2001875,0,0
aten::item,,,2.67,4.14,0,0,0,0
aten::_local_scalar_dense,,,1.47,1.47,0,0,0,0
aclnnDivMods,,,22.12,22.12,9.2001875,9.2001875,0,0
aten::slice,,,3.43,8.59,0,0,0,0
aten::as_strided,,,5.16,5.16,0,0,0,0
aten::slice,,,4.56,7.7,0,0,0,0
aten::as_strided,,,3.14,3.14,0,0,0,0
aten::copy_,,,65.7,83.72,0,0.60003125,0,0
aclnnInplaceCopy,,,18.02,18.02,0.60003125,0.60003125,0,0
aten::slice,,,3.11,7.12,0,0,0,0
aten::as_strided,,,4.01,4.01,0,0,0,0
aten::slice,,,4.61,7.43,0,0,0,0
aten::as_strided,,,2.82,2.82,0,0,0,0
aten::ge,,,22.27,48.31,0,4.0800625,0,0
empty_tensor,,,11.22,11.22,0,0,0,0
aclnnGeScalar,,,14.82,14.82,4.0800625,4.0800625,0,0
aten::add,,,21.06,45.02,0,2.7600625,0,0
empty_tensor,,,6.69,6.69,0,0,0,0
aten::item,,,2.35,4.16,0,0,0,0
aten::_local_scalar_dense,,,1.81,1.81,0,0,0,0
aclnnAdds,,,13.11,13.11,2.7600625,2.7600625,0,0
aten::remainder,,,21.06,40.08,0,3.74003125,0,0
empty_tensor,,,7.68,7.68,0,0,0,0
aclnnRemainderTensorScalar,,,11.34,11.34,3.74003125,3.74003125,0,0
aten::eq,,,12.86,48.31,0,2.5400625,0,0
empty_tensor,,,6.0,6.0,0,0,0,0
aclnnEqScalar,,,29.45,29.45,2.5400625,2.5400625,0,0
aten::__and__,,,3.76,46.05,0,1.58003125,0,0
aten::bitwise_and,,,27.33,42.29,0,1.58003125,0,0
empty_tensor,,,6.25,6.25,0,0,0,0
aclnnBitwiseAndTensor,,,8.71,8.71,1.58003125,1.58003125,0,0
aten::clamp_min,,,27.27,41.71,0,2.86003125,0,0
empty_tensor,,,5.91,5.91,0,0,0,0
aclnnClampMin,,,8.53,8.53,2.86003125,2.86003125,0,0
aten::div,,,23.79,45.98,0,4.30009375,0,0
empty_tensor,,,8.06,8.06,0,0,0,0
aten::item,,,1.83,3.16,0,0,0,0
aten::_local_scalar_dense,,,1.33,1.33,0,0,0,0
aclnnDivMods,,,10.97,10.97,4.30009375,4.30009375,0,0
aten::remainder,,,18.24,46.2,0,5.040125,0,0
empty_tensor,,,6.24,6.24,0,0,0,0
aclnnRemainderTensorScalar,,,21.72,21.72,5.040125,5.040125,0,0
aten::mul,,,18.58,59.96,0,1.50003125,0,0
empty_tensor,,,28.22,28.22,0,0,0,0
aten::item,,,1.91,3.16,0,0,0,0
aten::_local_scalar_dense,,,1.25,1.25,0,0,0,0
aclnnMuls,,,10.0,10.0,1.50003125,1.50003125,0,0
aten::div,,,28.45,64.7,0,4.2600625,0,0
empty_tensor,,,15.76,15.76,0,0,0,0
aten::item,,,1.89,7.67,0,0,0,0
aten::_local_scalar_dense,,,5.78,5.78,0,0,0,0
aclnnDivMods,,,12.82,12.82,4.2600625,4.2600625,0,0
aten::add,,,16.26,30.74,0,1.26003125,0,0
empty_tensor,,,5.85,5.85,0,0,0,0
aclnnAdd,,,8.63,8.63,1.26003125,1.26003125,0,0
aten::full_like,,,4.81,52.54,0,1.24003125,0,0
aten::empty_like,,,5.49,21.4,0,0,0,0
aten::empty_strided,,,8.08,15.91,0,0,0,0
empty_tensor,,,7.83,7.83,0,0,0,0
aten::fill_,,,12.14,26.33,0,1.24003125,0,0
aclnnInplaceFillScalar,,,14.19,14.19,1.24003125,1.24003125,0,0
aten::where,,,12.94,27.88,0,2.04003125,0,0
empty_tensor,,,6.24,6.24,0,0,0,0
aclnnSWhere,,,8.7,8.7,2.04003125,2.04003125,0,0
aten::copy_,,,14.5,24.2,0,1.22003125,0,0
aclnnInplaceCopy,,,9.7,9.7,1.22003125,1.22003125,0,0
aten::slice,,,4.08,8.68,0,0,0,0
aten::as_strided,,,4.6,4.6,0,0,0,0
aten::slice,,,5.89,8.58,0,0,0,0
aten::as_strided,,,2.69,2.69,0,0,0,0
aten::div,,,25.9,41.6,0,4.54009375,0,0
aten::item,,,1.99,3.34,0,0,0,0
aten::_local_scalar_dense,,,1.35,1.35,0,0,0,0
aclnnDivMods,,,12.36,12.36,4.54009375,4.54009375,0,0
aten::slice,,,2.37,6.67,0,0,0,0
aten::as_strided,,,4.3,4.3,0,0,0,0
aten::slice,,,4.35,7.95,0,0,0,0
aten::as_strided,,,3.6,3.6,0,0,0,0
aten::slice,,,2.18,4.17,0,0,0,0
aten::as_strided,,,1.99,1.99,0,0,0,0
aten::copy_,,,61.56,77.64,0,0.60003125,0,0
aclnnInplaceCopy,,,16.08,16.08,0.60003125,0.60003125,0,0
aten::slice,,,3.16,7.57,0,0,0,0
aten::as_strided,,,4.41,4.41,0,0,0,0
aten::slice,,,4.6,7.4,0,0,0,0
aten::as_strided,,,2.8,2.8,0,0,0,0
aten::copy_,,,50.08,65.13,0,0.62,0,0
aclnnInplaceCopy,,,15.05,15.05,0.62,0.62,0,0
aten::slice,,,5.95,8.6,0,0,0,0
aten::as_strided,,,2.65,2.65,0,0,0,0
aten::div,,,13.79,32.79,0,0,0,0
aten::to,,,2.74,19.0,0,0,0,0
aten::_to_copy,,,4.97,16.26,0,0,0,0
aten::empty_strided,,,3.57,3.57,0,0,0,0
aten::copy_,,,7.72,7.72,0,0,0,0
aten::slice,,,4.04,8.79,0,0,0,0
aten::as_strided,,,4.75,4.75,0,0,0,0
aten::slice,,,6.44,11.68,0,0,0,0
aten::as_strided,,,5.24,5.24,0,0,0,0
aten::slice,,,3.69,6.88,0,0,0,0
aten::as_strided,,,3.19,3.19,0,0,0,0
aten::slice,,,2.17,4.87,0,0,0,0
aten::as_strided,,,2.7,2.7,0,0,0,0
aten::fill_,,,18.2,35.48,0,1.36003125,0,0
aclnnInplaceFillScalar,,,17.28,17.28,1.36003125,1.36003125,0,0
aten::slice,,,5.06,9.29,0,0,0,0
aten::as_strided,,,4.23,4.23,0,0,0,0
aten::fill_,,,14.0,27.51,0,1.12003125,0,0
aclnnInplaceFillScalar,,,13.51,13.51,1.12003125,1.12003125,0,0
aten::slice,,,6.09,11.28,0,0,0,0
aten::as_strided,,,5.19,5.19,0,0,0,0
aten::slice,,,2.9,5.51,0,0,0,0
aten::as_strided,,,2.61,2.61,0,0,0,0
aten::slice,,,5.3,7.87,0,0,0,0
aten::as_strided,,,2.57,2.57,0,0,0,0
aten::slice,,,3.71,7.09,0,0,0,0
aten::as_strided,,,3.38,3.38,0,0,0,0
aten::slice,,,3.41,6.95,0,0,0,0
aten::as_strided,,,3.54,3.54,0,0,0,0
aten::slice,,,2.71,5.31,0,0,0,0
aten::as_strided,,,2.6,2.6,0,0,0,0
aten::slice,,,2.25,4.37,0,0,0,0
aten::as_strided,,,2.12,2.12,0,0,0,0
aten::fill_,,,15.86,31.57,0,1.24003125,0,0
aclnnInplaceFillScalar,,,15.71,15.71,1.24003125,1.24003125,0,0
aten::slice,,,4.58,8.5,0,0,0,0
aten::as_strided,,,3.92,3.92,0,0,0,0
aten::fill_,,,13.02,25.17,0,1.16,0,0
aclnnInplaceFillScalar,,,12.15,12.15,1.16,1.16,0,0
aten::slice,,,6.74,11.96,0,0,0,0
aten::as_strided,,,5.22,5.22,0,0,0,0
aten::slice,,,3.26,5.43,0,0,0,0
aten::as_strided,,,2.17,2.17,0,0,0,0
aten::slice,,,2.85,6.17,0,0,0,0
aten::as_strided,,,3.32,3.32,0,0,0,0
aten::slice,,,2.94,4.19,0,0,0,0
aten::as_strided,,,1.25,1.25,0,0,0,0
aten::slice,,,2.63,4.15,0,0,0,0
aten::as_strided,,,1.52,1.52,0,0,0,0
aten::slice,,,2.6,3.76,0,0,0,0
aten::as_strided,,,1.16,1.16,0,0,0,0
aten::slice,,,2.42,3.22,0,0,0,0
aten::as_strided,,,0.8,0.8,0,0,0,0
aten::slice,,,1.32,2.49,0,0,0,0
aten::as_strided,,,1.17,1.17,0,0,0,0
aten::diff,,,7.37,33.82,0,0,0,0
aten::narrow,,,5.85,9.61,0,0,0,0
aten::slice,,,2.03,3.76,0,0,0,0
aten::as_strided,,,1.73,1.73,0,0,0,0
aten::narrow,,,2.17,4.45,0,0,0,0
aten::slice,,,1.13,2.28,0,0,0,0
aten::as_strided,,,1.15,1.15,0,0,0,0
aten::sub,,,12.39,12.39,0,0,0,0
aten::eq,,,14.08,30.01,0,0,0,0
aten::to,,,1.92,15.93,0,0,0,0
aten::_to_copy,,,4.61,14.01,0,0,0,0
aten::empty_strided,,,3.46,3.46,0,0,0,0
aten::copy_,,,5.94,5.94,0,0,0,0
aten::__and__,,,2.18,7.35,0,0,0,0
aten::bitwise_and,,,5.17,5.17,0,0,0,0
aten::gt,,,8.23,17.43,0,0,0,0
aten::to,,,1.18,9.2,0,0,0,0
aten::_to_copy,,,2.88,8.02,0,0,0,0
aten::empty_strided,,,2.21,2.21,0,0,0,0
aten::copy_,,,2.93,2.93,0,0,0,0
aten::__and__,,,1.56,4.76,0,0,0,0
aten::bitwise_and,,,3.2,3.2,0,0,0,0
aten::any,,,10.5,13.12,0,0,0,0
aten::as_strided,,,1.44,1.44,0,0,0,0
aten::fill_,,,1.18,1.18,0,0,0,0
aten::item,,,1.79,3.36,0,0,0,0
aten::_local_scalar_dense,,,1.57,1.57,0,0,0,0
aten::slice,,,5.12,6.43,0,0,0,0
aten::as_strided,,,1.31,1.31,0,0,0,0
aten::slice,,,2.6,3.55,0,0,0,0
aten::as_strided,,,0.95,0.95,0,0,0,0
aten::sub,,,5.61,5.61,0,0,0,0
aten::select,,,3.14,4.4,0,0,0,0
aten::as_strided,,,1.26,1.26,0,0,0,0
aten::item,,,1.16,2.4,0,0,0,0
aten::_local_scalar_dense,,,1.24,1.24,0,0,0,0
aten::gt,,,7.47,16.66,0,0,0,0
aten::to,,,1.28,9.19,0,0,0,0
aten::_to_copy,,,2.7,7.91,0,0,0,0
aten::empty_strided,,,2.0,2.0,0,0,0,0
aten::copy_,,,3.21,3.21,0,0,0,0
aten::__ior__,,,2.13,6.87,0,0,0,0
aten::bitwise_or_,,,4.74,4.74,0,0,0,0
aten::any,,,7.25,9.08,0,0,0,0
aten::as_strided,,,1.17,1.17,0,0,0,0
aten::fill_,,,0.66,0.66,0,0,0,0
aten::is_nonzero,,,1.49,3.84,0,0,0,0
aten::item,,,1.41,2.35,0,0,0,0
aten::_local_scalar_dense,,,0.94,0.94,0,0,0,0
aten::select,,,4.42,9.68,0,0,0,0
aten::as_strided,,,5.26,5.26,0,0,0,0
aten::slice,,,5.11,9.41,0,0,0,0
aten::as_strided,,,4.3,4.3,0,0,0,0
aten::slice,,,2.8,5.5,0,0,0,0
aten::as_strided,,,2.7,2.7,0,0,0,0
aten::slice,,,2.31,4.9,0,0,0,0
aten::as_strided,,,2.59,2.59,0,0,0,0
aten::copy_,,,67.14,87.07,0,0.56003125,0,0
aclnnInplaceCopy,,,19.93,19.93,0.56003125,0.56003125,0,0
aten::slice,,,6.01,10.07,0,0,0,0
aten::as_strided,,,4.06,4.06,0,0,0,0
aten::fill_,,,15.06,28.49,0,1.36,0,0
aclnnInplaceFillScalar,,,13.43,13.43,1.36,1.36,0,0
aten::slice,,,6.1,10.95,0,0,0,0
aten::as_strided,,,4.85,4.85,0,0,0,0
aten::slice,,,2.96,5.91,0,0,0,0
aten::as_strided,,,2.95,2.95,0,0,0,0
aten::slice,,,2.91,5.91,0,0,0,0
aten::as_strided,,,3.0,3.0,0,0,0,0
aten::copy_,,,55.91,72.63,0,0.7,0,0
aclnnInplaceCopy,,,16.72,16.72,0.7,0.7,0,0
aten::slice,,,5.81,9.83,0,0,0,0
aten::as_strided,,,4.02,4.02,0,0,0,0
aten::slice,,,3.1,5.96,0,0,0,0
aten::as_strided,,,2.86,2.86,0,0,0,0
aten::expand_as,,,2.41,10.29,0,0,0,0
aten::expand,,,4.28,7.88,0,0,0,0
aten::as_strided,,,3.6,3.6,0,0,0,0
aten::copy_,,,49.89,65.39,0,0.56003125,0,0
aclnnInplaceCopy,,,15.5,15.5,0.56003125,0.56003125,0,0
aten::slice,,,6.48,10.96,0,0,0,0
aten::as_strided,,,4.48,4.48,0,0,0,0
aten::slice,,,3.52,6.44,0,0,0,0
aten::as_strided,,,2.92,2.92,0,0,0,0
aten::slice,,,2.61,5.12,0,0,0,0
aten::as_strided,,,2.51,2.51,0,0,0,0
aten::slice,,,2.81,4.91,0,0,0,0
aten::as_strided,,,2.1,2.1,0,0,0,0
aten::copy_,,,49.77,65.38,0,0.66003125,0,0
aclnnInplaceCopy,,,15.61,15.61,0.66003125,0.66003125,0,0
aten::slice,,,6.42,10.23,0,0,0,0
aten::as_strided,,,3.81,3.81,0,0,0,0
aten::slice,,,3.1,6.38,0,0,0,0
aten::as_strided,,,3.28,3.28,0,0,0,0
aten::slice,,,2.28,4.58,0,0,0,0
aten::as_strided,,,2.3,2.3,0,0,0,0
aten::sub,,,19.48,33.31,0,1.4800625,0,0
aclnnSub,,,13.83,13.83,1.4800625,1.4800625,0,0
aten::slice,,,7.16,9.9,0,0,0,0
aten::as_strided,,,2.74,2.74,0,0,0,0
aten::slice,,,3.1,7.52,0,0,0,0
aten::as_strided,,,4.42,4.42,0,0,0,0
aten::slice,,,2.96,5.61,0,0,0,0
aten::as_strided,,,2.65,2.65,0,0,0,0
aten::slice,,,2.58,5.12,0,0,0,0
aten::as_strided,,,2.54,2.54,0,0,0,0
aten::slice,,,2.74,4.96,0,0,0,0
aten::as_strided,,,2.22,2.22,0,0,0,0
aten::fill_,,,16.09,32.22,0,1.32,0,0
aclnnInplaceFillScalar,,,16.13,16.13,1.32,1.32,0,0
aten::slice,,,5.25,9.07,0,0,0,0
aten::as_strided,,,3.82,3.82,0,0,0,0
aten::fill_,,,12.28,21.19,0,1.30003125,0,0
aclnnInplaceFillScalar,,,8.91,8.91,1.30003125,1.30003125,0,0
aten::slice,,,5.18,9.53,0,0,0,0
aten::as_strided,,,4.35,4.35,0,0,0,0
aten::slice,,,3.02,5.76,0,0,0,0
aten::as_strided,,,2.74,2.74,0,0,0,0
aten::slice,,,2.94,6.02,0,0,0,0
aten::as_strided,,,3.08,3.08,0,0,0,0
aten::slice,,,2.94,4.12,0,0,0,0
aten::as_strided,,,1.18,1.18,0,0,0,0
aten::slice,,,2.43,3.54,0,0,0,0
aten::as_strided,,,1.11,1.11,0,0,0,0
aten::slice,,,2.94,3.88,0,0,0,0
aten::as_strided,,,0.94,0.94,0,0,0,0
aten::slice,,,2.32,3.53,0,0,0,0
aten::as_strided,,,1.21,1.21,0,0,0,0
aten::slice,,,1.52,2.28,0,0,0,0
aten::as_strided,,,0.76,0.76,0,0,0,0
aten::diff,,,6.12,29.86,0,0,0,0
aten::narrow,,,5.05,8.2,0,0,0,0
aten::slice,,,1.79,3.15,0,0,0,0
aten::as_strided,,,1.36,1.36,0,0,0,0
aten::narrow,,,1.96,3.93,0,0,0,0
aten::slice,,,0.98,1.97,0,0,0,0
aten::as_strided,,,0.99,0.99,0,0,0,0
aten::sub,,,11.61,11.61,0,0,0,0
aten::eq,,,12.44,27.63,0,0,0,0
aten::to,,,1.78,15.19,0,0,0,0
aten::_to_copy,,,4.41,13.41,0,0,0,0
aten::empty_strided,,,3.12,3.12,0,0,0,0
aten::copy_,,,5.88,5.88,0,0,0,0
aten::__and__,,,1.95,6.8,0,0,0,0
aten::bitwise_and,,,4.85,4.85,0,0,0,0
aten::gt,,,7.52,15.89,0,0,0,0
aten::to,,,1.09,8.37,0,0,0,0
aten::_to_copy,,,2.83,7.28,0,0,0,0
aten::empty_strided,,,1.79,1.79,0,0,0,0
aten::copy_,,,2.66,2.66,0,0,0,0
aten::__and__,,,1.38,4.51,0,0,0,0
aten::bitwise_and,,,3.13,3.13,0,0,0,0
aten::any,,,9.12,11.52,0,0,0,0
aten::as_strided,,,1.36,1.36,0,0,0,0
aten::fill_,,,1.04,1.04,0,0,0,0
aten::item,,,2.06,3.44,0,0,0,0
aten::_local_scalar_dense,,,1.38,1.38,0,0,0,0
aten::slice,,,4.23,5.48,0,0,0,0
aten::as_strided,,,1.25,1.25,0,0,0,0
aten::slice,,,2.36,3.25,0,0,0,0
aten::as_strided,,,0.89,0.89,0,0,0,0
aten::sub,,,5.18,5.18,0,0,0,0
aten::select,,,2.86,4.14,0,0,0,0
aten::as_strided,,,1.28,1.28,0,0,0,0
aten::item,,,1.05,2.37,0,0,0,0
aten::_local_scalar_dense,,,1.32,1.32,0,0,0,0
aten::gt,,,7.56,16.04,0,0,0,0
aten::to,,,1.01,8.48,0,0,0,0
aten::_to_copy,,,2.52,7.47,0,0,0,0
aten::empty_strided,,,1.83,1.83,0,0,0,0
aten::copy_,,,3.12,3.12,0,0,0,0
aten::__ior__,,,1.83,5.74,0,0,0,0
aten::bitwise_or_,,,3.91,3.91,0,0,0,0
aten::any,,,7.08,8.91,0,0,0,0
aten::as_strided,,,1.13,1.13,0,0,0,0
aten::fill_,,,0.7,0.7,0,0,0,0
aten::is_nonzero,,,1.27,3.7,0,0,0,0
aten::item,,,1.23,2.43,0,0,0,0
aten::_local_scalar_dense,,,1.2,1.2,0,0,0,0
aten::select,,,4.52,10.02,0,0,0,0
aten::as_strided,,,5.5,5.5,0,0,0,0
aten::slice,,,4.63,8.65,0,0,0,0
aten::as_strided,,,4.02,4.02,0,0,0,0
aten::slice,,,2.9,5.57,0,0,0,0
aten::as_strided,,,2.67,2.67,0,0,0,0
aten::slice,,,2.42,5.16,0,0,0,0
aten::as_strided,,,2.74,2.74,0,0,0,0
aten::copy_,,,68.61,88.64,0,0.56,0,0
aclnnInplaceCopy,,,20.03,20.03,0.56,0.56,0,0
aten::slice,,,6.7,11.12,0,0,0,0
aten::as_strided,,,4.42,4.42,0,0,0,0
aten::fill_,,,15.62,29.9,0,1.30003125,0,0
aclnnInplaceFillScalar,,,14.28,14.28,1.30003125,1.30003125,0,0
aten::slice,,,6.65,11.11,0,0,0,0
aten::as_strided,,,4.46,4.46,0,0,0,0
aten::slice,,,2.98,5.87,0,0,0,0
aten::as_strided,,,2.89,2.89,0,0,0,0
aten::slice,,,2.84,5.11,0,0,0,0
aten::as_strided,,,2.27,2.27,0,0,0,0
aten::copy_,,,57.31,73.55,0,0.58,0,0
aclnnInplaceCopy,,,16.24,16.24,0.58,0.58,0,0
aten::slice,,,6.24,10.6,0,0,0,0
aten::as_strided,,,4.36,4.36,0,0,0,0
aten::slice,,,3.06,5.75,0,0,0,0
aten::as_strided,,,2.69,2.69,0,0,0,0
aten::expand_as,,,1.99,9.97,0,0,0,0
aten::expand,,,3.83,7.98,0,0,0,0
aten::as_strided,,,4.15,4.15,0,0,0,0
aten::copy_,,,51.64,66.96,0,0.52,0,0
aclnnInplaceCopy,,,15.32,15.32,0.52,0.52,0,0
aten::slice,,,6.55,10.62,0,0,0,0
aten::as_strided,,,4.07,4.07,0,0,0,0
aten::slice,,,3.46,6.4,0,0,0,0
aten::as_strided,,,2.94,2.94,0,0,0,0
aten::slice,,,2.39,4.73,0,0,0,0
aten::as_strided,,,2.34,2.34,0,0,0,0
aten::slice,,,2.51,4.91,0,0,0,0
aten::as_strided,,,2.4,2.4,0,0,0,0
aten::copy_,,,50.22,73.79,0,0.66003125,0,0
aclnnInplaceCopy,,,23.57,23.57,0.66003125,0.66003125,0,0
aten::slice,,,6.98,20.67,0,0,0,0
aten::as_strided,,,13.69,13.69,0,0,0,0
aten::slice,,,3.81,14.51,0,0,0,0
aten::as_strided,,,10.7,10.7,0,0,0,0
aten::slice,,,3.98,7.71,0,0,0,0
aten::as_strided,,,3.73,3.73,0,0,0,0
aten::sub,,,19.19,31.3,0,1.48003125,0,0
aclnnSub,,,12.11,12.11,1.48003125,1.48003125,0,0
aten::slice,,,10.39,14.14,0,0,0,0
aten::as_strided,,,3.75,3.75,0,0,0,0
aten::slice,,,3.05,9.86,0,0,0,0
aten::as_strided,,,6.81,6.81,0,0,0,0
aten::slice,,,3.16,5.71,0,0,0,0
aten::as_strided,,,2.55,2.55,0,0,0,0
aten::slice,,,2.41,4.86,0,0,0,0
aten::as_strided,,,2.45,2.45,0,0,0,0
aten::slice,,,2.21,4.92,0,0,0,0
aten::as_strided,,,2.71,2.71,0,0,0,0
aten::fill_,,,20.61,48.19,0,1.20003125,0,0
aclnnInplaceFillScalar,,,27.58,27.58,1.20003125,1.20003125,0,0
aten::slice,,,5.35,9.1,0,0,0,0
aten::as_strided,,,3.75,3.75,0,0,0,0
aten::fill_,,,12.86,16.12,0,1.06003125,0,0
aclnnInplaceFillScalar,,,3.26,3.26,1.06003125,1.06003125,0,0
aten::slice,,,5.01,9.96,0,0,0,0
aten::as_strided,,,4.95,4.95,0,0,0,0
aten::slice,,,3.05,6.66,0,0,0,0
aten::as_strided,,,3.61,3.61,0,0,0,0
aten::slice,,,2.74,6.1,0,0,0,0
aten::as_strided,,,3.36,3.36,0,0,0,0
aten::slice,,,2.77,12.44,0,0,0,0
aten::as_strided,,,9.67,9.67,0,0,0,0
aten::slice,,,2.4,3.36,0,0,0,0
aten::as_strided,,,0.96,0.96,0,0,0,0
aten::slice,,,2.5,3.9,0,0,0,0
aten::as_strided,,,1.4,1.4,0,0,0,0
aten::slice,,,2.24,3.29,0,0,0,0
aten::as_strided,,,1.05,1.05,0,0,0,0
aten::slice,,,1.2,2.17,0,0,0,0
aten::as_strided,,,0.97,0.97,0,0,0,0
aten::diff,,,6.44,31.62,0,0,0,0
aten::narrow,,,5.18,9.05,0,0,0,0
aten::slice,,,1.72,3.87,0,0,0,0
aten::as_strided,,,2.15,2.15,0,0,0,0
aten::narrow,,,2.12,3.84,0,0,0,0
aten::slice,,,0.84,1.72,0,0,0,0
aten::as_strided,,,0.88,0.88,0,0,0,0
aten::sub,,,12.29,12.29,0,0,0,0
aten::eq,,,13.21,28.51,0,0,0,0
aten::to,,,1.58,15.3,0,0,0,0
aten::_to_copy,,,4.57,13.72,0,0,0,0
aten::empty_strided,,,3.57,3.57,0,0,0,0
aten::copy_,,,5.58,5.58,0,0,0,0
aten::__and__,,,1.92,6.62,0,0,0,0
aten::bitwise_and,,,4.7,4.7,0,0,0,0
aten::gt,,,7.89,16.49,0,0,0,0
aten::to,,,1.08,8.6,0,0,0,0
aten::_to_copy,,,2.5,7.52,0,0,0,0
aten::empty_strided,,,1.88,1.88,0,0,0,0
aten::copy_,,,3.14,3.14,0,0,0,0
aten::__and__,,,1.28,4.33,0,0,0,0
aten::bitwise_and,,,3.05,3.05,0,0,0,0
aten::any,,,9.58,11.99,0,0,0,0
aten::as_strided,,,1.47,1.47,0,0,0,0
aten::fill_,,,0.94,0.94,0,0,0,0
aten::item,,,1.73,2.89,0,0,0,0
aten::_local_scalar_dense,,,1.16,1.16,0,0,0,0
aten::slice,,,4.89,6.52,0,0,0,0
aten::as_strided,,,1.63,1.63,0,0,0,0
aten::slice,,,2.2,3.04,0,0,0,0
aten::as_strided,,,0.84,0.84,0,0,0,0
aten::sub,,,5.26,5.26,0,0,0,0
aten::select,,,3.08,5.16,0,0,0,0
aten::as_strided,,,2.08,2.08,0,0,0,0
aten::item,,,1.22,2.55,0,0,0,0
aten::_local_scalar_dense,,,1.33,1.33,0,0,0,0
aten::gt,,,7.7,17.22,0,0,0,0
aten::to,,,1.33,9.52,0,0,0,0
aten::_to_copy,,,2.83,8.19,0,0,0,0
aten::empty_strided,,,1.85,1.85,0,0,0,0
aten::copy_,,,3.51,3.51,0,0,0,0
aten::__ior__,,,2.31,6.28,0,0,0,0
aten::bitwise_or_,,,3.97,3.97,0,0,0,0
aten::any,,,7.72,9.85,0,0,0,0
aten::as_strided,,,1.33,1.33,0,0,0,0
aten::fill_,,,0.8,0.8,0,0,0,0
aten::is_nonzero,,,1.7,3.91,0,0,0,0
aten::item,,,1.31,2.21,0,0,0,0
aten::_local_scalar_dense,,,0.9,0.9,0,0,0,0
aten::select,,,4.34,10.82,0,0,0,0
aten::as_strided,,,6.48,6.48,0,0,0,0
aten::slice,,,5.29,9.64,0,0,0,0
aten::as_strided,,,4.35,4.35,0,0,0,0
aten::slice,,,2.75,5.32,0,0,0,0
aten::as_strided,,,2.57,2.57,0,0,0,0
aten::slice,,,2.35,5.24,0,0,0,0
aten::as_strided,,,2.89,2.89,0,0,0,0
aten::copy_,,,67.39,91.09,0,0.56,0,0
aclnnInplaceCopy,,,23.7,23.7,0.56,0.56,0,0
aten::slice,,,6.8,11.24,0,0,0,0
aten::as_strided,,,4.44,4.44,0,0,0,0
aten::fill_,,,15.74,30.89,0,1.26,0,0
aclnnInplaceFillScalar,,,15.15,15.15,1.26,1.26,0,0
aten::slice,,,6.12,10.49,0,0,0,0
aten::as_strided,,,4.37,4.37,0,0,0,0
aten::slice,,,3.05,5.81,0,0,0,0
aten::as_strided,,,2.76,2.76,0,0,0,0
aten::slice,,,2.6,5.34,0,0,0,0
aten::as_strided,,,2.74,2.74,0,0,0,0
aten::copy_,,,55.55,74.77,0,0.64,0,0
aclnnInplaceCopy,,,19.22,19.22,0.64,0.64,0,0
aten::slice,,,6.09,10.0,0,0,0,0
aten::as_strided,,,3.91,3.91,0,0,0,0
aten::slice,,,3.08,5.98,0,0,0,0
aten::as_strided,,,2.9,2.9,0,0,0,0
aten::expand_as,,,2.2,9.93,0,0,0,0
aten::expand,,,3.76,7.73,0,0,0,0
aten::as_strided,,,3.97,3.97,0,0,0,0
aten::copy_,,,51.34,67.77,0,0.6,0,0
aclnnInplaceCopy,,,16.43,16.43,0.6,0.6,0,0
aten::slice,,,6.83,11.68,0,0,0,0
aten::as_strided,,,4.85,4.85,0,0,0,0
aten::slice,,,3.41,6.77,0,0,0,0
aten::as_strided,,,3.36,3.36,0,0,0,0
aten::slice,,,2.6,5.37,0,0,0,0
aten::as_strided,,,2.77,2.77,0,0,0,0
aten::slice,,,2.34,4.84,0,0,0,0
aten::as_strided,,,2.5,2.5,0,0,0,0
aten::copy_,,,52.0,73.94,0,0.60003125,0,0
aclnnInplaceCopy,,,21.94,21.94,0.60003125,0.60003125,0,0
aten::slice,,,6.31,10.18,0,0,0,0
aten::as_strided,,,3.87,3.87,0,0,0,0
aten::slice,,,2.91,5.76,0,0,0,0
aten::as_strided,,,2.85,2.85,0,0,0,0
aten::slice,,,2.45,5.12,0,0,0,0
aten::as_strided,,,2.67,2.67,0,0,0,0
aten::sub,,,18.61,32.81,0,1.42,0,0
aclnnSub,,,14.2,14.2,1.42,1.42,0,0
Event::record,,,175.37,200.82,0,0.02,0,0
record_event,,,25.45,25.45,0.02,0.02,0,0
aten::slice,,,8.69,16.01,0,0,0,0
aten::as_strided,,,7.32,7.32,0,0,0,0
aten::slice,,,3.62,6.57,0,0,0,0
aten::as_strided,,,2.95,2.95,0,0,0,0
aten::slice,,,2.59,4.56,0,0,0,0
aten::as_strided,,,1.97,1.97,0,0,0,0
aten::zero_,,,18.67,36.36,0,1.82003125,0,0
aclnnInplaceZero,,,17.69,17.69,1.82003125,1.82003125,0,0
aten::slice,,,9.03,16.79,0,0,0,0
aten::as_strided,,,7.76,7.76,0,0,0,0
aten::scalar_tensor,,,6.71,56.89,0,1.92,0,0
aten::empty,,,3.56,15.79,0,0,0,0
empty_tensor,,,12.23,12.23,0,0,0,0
aten::fill_,,,17.07,34.39,0,1.92,0,0
aclnnInplaceFillScalar,,,17.32,17.32,1.92,1.92,0,0
aten::slice,,,6.51,12.68,0,0,0,0
aten::as_strided,,,6.17,6.17,0,0,0,0
aten::view,,,3.59,3.59,0,0,0,0
aten::expand,,,2.08,4.14,0,0,0,0
aten::as_strided,,,2.06,2.06,0,0,0,0
aten::copy_,,,24.91,38.96,0,4.20009375,0,0
aclnnInplaceCopy,,,14.05,14.05,4.20009375,4.20009375,0,0
aten::scalar_tensor,,,4.82,37.21,0,1.28003125,0,0
aten::empty,,,2.28,8.77,0,0,0,0
empty_tensor,,,6.49,6.49,0,0,0,0
aten::fill_,,,10.95,23.62,0,1.28003125,0,0
aclnnInplaceFillScalar,,,12.67,12.67,1.28003125,1.28003125,0,0
aten::slice,,,5.41,10.65,0,0,0,0
aten::as_strided,,,5.24,5.24,0,0,0,0
aten::view,,,2.4,2.4,0,0,0,0
aten::expand,,,1.56,3.47,0,0,0,0
aten::as_strided,,,1.91,1.91,0,0,0,0
aten::copy_,,,57.05,71.18,0,0.58,0,0
aclnnInplaceCopy,,,14.13,14.13,0.58,0.58,0,0
aten::index,,,39.33,77.9,0,11.18025,0,0
empty_tensor,,,8.08,8.08,0,0,0,0
empty_tensor,,,8.63,8.63,0,0,0,0
aclnnIndex,,,21.86,21.86,11.18025,11.18025,0,0
aten::linear,,,6.43,71.17,0,911.9981875,0,911.9981875
aten::t,,,6.5,17.1,0,0,0,0
aten::transpose,,,4.18,10.6,0,0,0,0
aten::as_strided,,,6.42,6.42,0,0,0,0
aten::matmul,,,22.47,47.64,0,911.9981875,0,911.9981875
empty_tensor,,,8.95,8.95,0,0,0,0
aclnnMatmul,,,16.22,16.22,911.9981875,911.9981875,911.9981875,911.9981875
aten::alias,,,4.11,4.11,0,0,0,0
aten::log_softmax,,,9.36,123.72,0,52.78103125,0,0
aten::to,,,3.95,73.21,0,7.82015625,0,0
aten::_to_copy,,,7.47,69.26,0,7.82015625,0,0
aten::empty_strided,,,13.8,21.33,0,0,0,0
empty_tensor,,,7.53,7.53,0,0,0,0
aten::copy_,,,22.57,40.46,0,7.82015625,0,0
aclnnInplaceCopy,,,17.89,17.89,7.82015625,7.82015625,0,0
aten::_log_softmax,,,20.01,41.15,0,44.960875,0,0
empty_tensor,,,8.97,8.97,0,0,0,0
aclnnLogSoftmax,,,12.17,12.17,44.960875,44.960875,0,0
aten::to,,,2.16,48.09,0,3.0600625,0,0
aten::_to_copy,,,5.59,45.93,0,3.0600625,0,0
aten::empty_strided,,,7.97,12.67,0,0,0,0
empty_tensor,,,4.7,4.7,0,0,0,0
aten::copy_,,,15.71,27.67,0,3.0600625,0,0
aclnnInplaceCopy,,,11.96,11.96,3.0600625,3.0600625,0,0
aten::argmax,,,8.01,64.65,0,20.900437500000002,0,0
aten::empty,,,2.84,11.0,0,0,0,0
empty_tensor,,,8.16,8.16,0,0,0,0
aten::argmax,,,25.08,45.64,0,20.900437500000002,0,0
aten::reshape,,,2.11,7.8,0,0,0,0
aten::view,,,5.69,5.69,0,0,0,0
aclnnArgMax,,,12.76,12.76,20.900437500000002,20.900437500000002,0,0
aten::view,,,4.43,4.43,0,0,0,0
aten::to,,,1.86,1.86,0,0,0,0
aten::topk,,,22.13,46.95,0,40.9608125,0,0
empty_tensor,,,7.77,7.77,0,0,0,0
empty_tensor,,,4.24,4.24,0,0,0,0
aclnnTopk,,,12.81,12.81,40.9608125,40.9608125,0,0
aten::unsqueeze,,,4.1,9.51,0,0,0,0
aten::as_strided,,,5.41,5.41,0,0,0,0
aten::gather,,,22.61,41.97,0,5.60009375,0,0
empty_tensor,,,7.16,7.16,0,0,0,0
aclnnGather,,,12.2,12.2,5.60009375,5.60009375,0,0
TorchDynamo Cache Lookup,,,44.16,44.16,0,0,0,0
Torch-Compiled Region: 0/0,,,124.16,226.99,0,45.0609375,0,0
aten::_assert_scalar,,,3.3,3.3,0,0,0,0
aten::_assert_scalar,,,1.07,1.07,0,0,0,0
aten::_assert_scalar,,,1.04,1.04,0,0,0,0
aten::ge,,,20.7,51.73,0,13.70028125,0,0
empty_tensor,,,12.45,12.45,0,0,0,0
aclnnGeTensor,,,18.58,18.58,13.70028125,13.70028125,0,0
aten::sum,,,23.8,45.69,0,31.36065625,0,0
empty_tensor,,,8.8,8.8,0,0,0,0
aclnnReduceSum,,,13.09,13.09,31.36065625,31.36065625,0,0
aten::cat,,,20.7,43.06,0,3.5000625,0,0
empty_tensor,,,8.38,8.38,0,0,0,0
aclnnCat,,,13.98,13.98,3.5000625,3.5000625,0,0
aten::cat,,,13.85,31.85,0,2.8000625,0,0
empty_tensor,,,7.07,7.07,0,0,0,0
aclnnCat,,,10.93,10.93,2.8000625,2.8000625,0,0
aten::to,,,2.63,52.02,0,1.54003125,0,0
aten::_to_copy,,,6.56,49.39,0,1.54003125,0,0
aten::empty_strided,,,8.84,13.57,0,0,0,0
empty_tensor,,,4.73,4.73,0,0,0,0
aten::copy_,,,16.39,29.26,0,1.54003125,0,0
aclnnInplaceCopy,,,12.87,12.87,1.54003125,1.54003125,0,0
aten::to,,,2.53,46.39,0,1.50003125,0,0
aten::_to_copy,,,5.35,43.86,0,1.50003125,0,0
aten::empty_strided,,,7.13,11.53,0,0,0,0
empty_tensor,,,4.4,4.4,0,0,0,0
aten::copy_,,,14.87,26.98,0,1.50003125,0,0
aclnnInplaceCopy,,,12.11,12.11,1.50003125,1.50003125,0,0
aten::unsqueeze,,,4.08,8.99,0,0,0,0
aten::as_strided,,,4.91,4.91,0,0,0,0
Event::record,,,151.44,171.53,0,0.02,0,0
record_event,,,20.09,20.09,0.02,0.02,0,0
aten::slice,,,5.31,13.79,0,0,0,0
aten::as_strided,,,8.48,8.48,0,0,0,0
Event::wait,,,76.41,98.69,0,2475.50946875,0,0
wait_event,,,22.28,22.28,2475.50946875,2475.50946875,0,0
Event::record,,,91.64,113.02,0,0.02,0,0
record_event,,,21.38,21.38,0.02,0.02,0,0
Event::wait,,,59.36,78.23,0,2085.60165625,0,0
wait_event,,,18.87,18.87,2085.60165625,2085.60165625,0,0
destroy_event,,,11.67,11.67,0,0,0,0
aten::to,,,4.16,72.5,0,1.86003125,0,0
aten::_to_copy,,,6.78,68.34,0,1.86003125,0,0
aten::empty_strided,,,28.24,28.24,0,0,0,0
aten::copy_,,,20.88,33.32,0,1.86003125,0,0
acl_memcpy_device_to_host,,,12.44,12.44,1.86003125,1.86003125,0,0
aten::to,,,2.58,38.44,0,2.2200625,0,0
aten::_to_copy,,,4.46,35.86,0,2.2200625,0,0
aten::empty_strided,,,4.04,4.04,0,0,0,0
aten::copy_,,,15.01,27.36,0,2.2200625,0,0
acl_memcpy_device_to_host,,,12.35,12.35,2.2200625,2.2200625,0,0
aten::to,,,2.3,35.57,0,1.90003125,0,0
aten::_to_copy,,,4.24,33.27,0,1.90003125,0,0
aten::empty_strided,,,3.31,3.31,0,0,0,0
aten::copy_,,,13.21,25.72,0,1.90003125,0,0
acl_memcpy_device_to_host,,,12.51,12.51,1.90003125,1.90003125,0,0
aten::to,,,1.95,31.64,0,2.16003125,0,0
aten::_to_copy,,,4.15,29.69,0,2.16003125,0,0
aten::empty_strided,,,3.08,3.08,0,0,0,0
aten::copy_,,,12.13,22.46,0,2.16003125,0,0
acl_memcpy_device_to_host,,,10.33,10.33,2.16003125,2.16003125,0,0
Event::record,,,166.72,185.3,0,0.02,0,0
record_event,,,18.58,18.58,0.02,0.02,0,0
Event::synchronize,,,87.21,87.21,0,0,0,0
aten::resolve_conj,,,2.05,2.05,0,0,0,0
aten::resolve_neg,,,0.75,0.75,0,0,0,0
aten::to,,,3.7,3.7,0,0,0,0
aten::detach,,,3.93,3.93,0,0,0,0
aten::to,,,0.8,0.8,0,0,0,0
aten::resolve_conj,,,0.67,0.67,0,0,0,0
aten::resolve_neg,,,0.4,0.4,0,0,0,0
aten::to,,,1.6,1.6,0,0,0,0
aten::detach,,,1.59,1.59,0,0,0,0
aten::to,,,0.63,0.63,0,0,0,0
aten::resolve_conj,,,0.37,0.37,0,0,0,0
aten::resolve_neg,,,0.31,0.31,0,0,0,0
aten::to,,,1.38,1.38,0,0,0,0
aten::detach,,,1.09,1.09,0,0,0,0
aten::to,,,0.62,0.62,0,0,0,0
aten::resolve_conj,,,0.42,0.42,0,0,0,0
aten::resolve_neg,,,0.34,0.34,0,0,0,0
destroy_event,,,25.01,25.01,0,0,0,0
record_event,,,7.55,7.55,0.02,0.02,0,0
Event::synchronize,,,139.35,139.35,0,0,0,0
aten::slice,,,13.16,17.63,0,0,0,0
aten::as_strided,,,4.47,4.47,0,0,0,0
aten::slice,,,3.49,11.01,0,0,0,0
aten::as_strided,,,7.52,7.52,0,0,0,0
aten::pin_memory,,,6.14,24.69,0,0,0,0
aten::is_pinned,,,18.55,18.55,0,0,0,0
aten::copy_,,,20.04,50.33,0,2.40003125,0,0
acl_memcpy_host_to_device,,,30.29,30.29,2.40003125,2.40003125,0,0
aten::slice,,,7.09,9.65,0,0,0,0
aten::as_strided,,,2.56,2.56,0,0,0,0
aten::slice,,,2.76,8.57,0,0,0,0
aten::as_strided,,,5.81,5.81,0,0,0,0
aten::pin_memory,,,3.92,13.01,0,0,0,0
aten::is_pinned,,,9.09,9.09,0,0,0,0
aten::copy_,,,14.83,28.57,0,2.36003125,0,0
acl_memcpy_host_to_device,,,13.74,13.74,2.36003125,2.36003125,0,0
aten::slice,,,7.03,9.54,0,0,0,0
aten::as_strided,,,2.51,2.51,0,0,0,0
aten::slice,,,2.99,7.54,0,0,0,0
aten::as_strided,,,4.55,4.55,0,0,0,0
aten::pin_memory,,,3.61,13.54,0,0,0,0
aten::is_pinned,,,9.93,9.93,0,0,0,0
aten::copy_,,,15.03,38.26,0,2.34003125,0,0
acl_memcpy_host_to_device,,,23.23,23.23,2.34003125,2.34003125,0,0
aten::slice,,,5.06,7.17,0,0,0,0
aten::as_strided,,,2.11,2.11,0,0,0,0
aten::slice,,,2.7,7.4,0,0,0,0
aten::as_strided,,,4.7,4.7,0,0,0,0
aten::pin_memory,,,3.09,11.19,0,0,0,0
aten::is_pinned,,,8.1,8.1,0,0,0,0
aten::copy_,,,13.9,27.71,0,2.38003125,0,0
acl_memcpy_host_to_device,,,13.81,13.81,2.38003125,2.38003125,0,0
aten::slice,,,5.78,7.78,0,0,0,0
aten::as_strided,,,2.0,2.0,0,0,0,0
aten::slice,,,2.82,6.79,0,0,0,0
aten::as_strided,,,3.97,3.97,0,0,0,0
aten::pin_memory,,,3.14,11.49,0,0,0,0
aten::is_pinned,,,8.35,8.35,0,0,0,0
aten::copy_,,,12.99,27.41,0,2.70003125,0,0
acl_memcpy_host_to_device,,,14.42,14.42,2.70003125,2.70003125,0,0
aten::slice,,,8.93,12.57,0,0,0,0
aten::as_strided,,,3.64,3.64,0,0,0,0
aten::slice,,,3.05,8.97,0,0,0,0
aten::as_strided,,,5.92,5.92,0,0,0,0
aten::pin_memory,,,3.67,18.27,0,0,0,0
aten::is_pinned,,,14.6,14.6,0,0,0,0
aten::copy_,,,25.79,47.57,0,2.34003125,0,0
acl_memcpy_host_to_device,,,21.78,21.78,2.34003125,2.34003125,0,0
aten::slice,,,5.88,11.32,0,0,0,0
aten::as_strided,,,5.44,5.44,0,0,0,0
aten::lift_fresh,,,1.3,1.3,0,0,0,0
aten::lift_fresh,,,1.11,1.11,0,0,0,0
aten::flatten,,,3.57,10.43,0,0,0,0
aten::view,,,6.86,6.86,0,0,0,0
aten::slice,,,4.03,5.93,0,0,0,0
aten::as_strided,,,1.9,1.9,0,0,0,0
aten::index_select,,,7.69,7.69,0,0,0,0
aten::pin_memory,,,4.05,17.02,0,0,0,0
aten::is_pinned,,,12.97,12.97,0,0,0,0
aten::copy_,,,16.02,31.85,0,2.3400625,0,0
acl_memcpy_host_to_device,,,15.83,15.83,2.3400625,2.3400625,0,0
aten::pin_memory,,,4.23,13.11,0,0,0,0
aten::is_pinned,,,8.88,8.88,0,0,0,0
aten::copy_,,,13.92,28.45,0,2.18003125,0,0
acl_memcpy_host_to_device,,,14.53,14.53,2.18003125,2.18003125,0,0
aten::slice,,,6.69,8.86,0,0,0,0
aten::as_strided,,,2.17,2.17,0,0,0,0
aten::lift_fresh,,,1.72,1.72,0,0,0,0
aten::slice,,,3.55,4.81,0,0,0,0
aten::as_strided,,,1.26,1.26,0,0,0,0
aten::add,,,14.69,14.69,0,0,0,0
aten::slice,,,3.55,4.94,0,0,0,0
aten::as_strided,,,1.39,1.39,0,0,0,0
aten::fill_,,,2.46,2.46,0,0,0,0
aten::slice,,,3.33,8.49,0,0,0,0
aten::as_strided,,,5.16,5.16,0,0,0,0
aten::fill_,,,19.33,36.83,0,1.6000625,0,0
aclnnInplaceFillScalar,,,17.5,17.5,1.6000625,1.6000625,0,0
aten::slice,,,7.11,13.6,0,0,0,0
aten::as_strided,,,6.49,6.49,0,0,0,0
aten::select,,,4.13,7.23,0,0,0,0
aten::as_strided,,,3.1,3.1,0,0,0,0
aten::copy_,,,66.23,83.93,0,0.6,0,0
aclnnInplaceCopy,,,17.7,17.7,0.6,0.6,0,0
aten::slice,,,8.01,11.06,0,0,0,0
aten::as_strided,,,3.05,3.05,0,0,0,0
aten::detach,,,2.96,2.96,0,0,0,0
aten::to,,,2.03,2.03,0,0,0,0
aten::resolve_conj,,,1.03,1.03,0,0,0,0
aten::resolve_neg,,,0.71,0.71,0,0,0,0
aten::slice,,,5.69,7.6,0,0,0,0
aten::as_strided,,,1.91,1.91,0,0,0,0
aten::slice,,,3.16,8.31,0,0,0,0
aten::as_strided,,,5.15,5.15,0,0,0,0
aten::pin_memory,,,4.85,19.79,0,0,0,0
aten::is_pinned,,,14.94,14.94,0,0,0,0
aten::copy_,,,3.68,3.68,0,0,0,0
aten::slice,,,6.37,8.69,0,0,0,0
aten::as_strided,,,2.32,2.32,0,0,0,0
aten::slice,,,2.99,6.78,0,0,0,0
aten::as_strided,,,3.79,3.79,0,0,0,0
aten::pin_memory,,,4.05,13.55,0,0,0,0
aten::is_pinned,,,9.5,9.5,0,0,0,0
aten::copy_,,,16.36,32.8,0,2.28003125,0,0
acl_memcpy_host_to_device,,,16.44,16.44,2.28003125,2.28003125,0,0
aten::fill_,,,18.65,34.66,0,1.40003125,0,0
aclnnInplaceFillScalar,,,16.01,16.01,1.40003125,1.40003125,0,0
aten::slice,,,6.14,10.58,0,0,0,0
aten::as_strided,,,4.44,4.44,0,0,0,0
aten::slice,,,3.45,5.65,0,0,0,0
aten::as_strided,,,2.2,2.2,0,0,0,0
aten::copy_,,,17.46,31.66,0,2.1800625,0,0
acl_memcpy_host_to_device,,,14.2,14.2,2.1800625,2.1800625,0,0
aten::slice,,,5.4,7.49,0,0,0,0
aten::as_strided,,,2.09,2.09,0,0,0,0
aten::slice,,,3.07,7.04,0,0,0,0
aten::as_strided,,,3.97,3.97,0,0,0,0
aten::pin_memory,,,4.17,14.27,0,0,0,0
aten::is_pinned,,,10.1,10.1,0,0,0,0
aten::copy_,,,14.02,27.4,0,2.16003125,0,0
acl_memcpy_host_to_device,,,13.38,13.38,2.16003125,2.16003125,0,0
aten::slice,,,5.54,9.91,0,0,0,0
aten::as_strided,,,4.37,4.37,0,0,0,0
aten::slice,,,3.1,4.82,0,0,0,0
aten::as_strided,,,1.72,1.72,0,0,0,0
aten::slice,,,2.64,5.29,0,0,0,0
aten::as_strided,,,2.65,2.65,0,0,0,0
aten::pin_memory,,,3.04,11.46,0,0,0,0
aten::is_pinned,,,8.42,8.42,0,0,0,0
aten::copy_,,,13.4,26.31,0,2.30003125,0,0
acl_memcpy_host_to_device,,,12.91,12.91,2.30003125,2.30003125,0,0
aten::slice,,,5.62,7.42,0,0,0,0
aten::as_strided,,,1.8,1.8,0,0,0,0
aten::slice,,,2.94,6.69,0,0,0,0
aten::as_strided,,,3.75,3.75,0,0,0,0
aten::pin_memory,,,3.25,11.93,0,0,0,0
aten::is_pinned,,,8.68,8.68,0,0,0,0
aten::copy_,,,13.54,27.11,0,2.22003125,0,0
acl_memcpy_host_to_device,,,13.57,13.57,2.22003125,2.22003125,0,0
aten::slice,,,5.02,9.15,0,0,0,0
aten::as_strided,,,4.13,4.13,0,0,0,0
aten::index,,,34.12,63.99,0,10.78021875,0,0
empty_tensor,,,6.39,6.39,0,0,0,0
empty_tensor,,,8.53,8.53,0,0,0,0
aclnnIndex,,,14.95,14.95,10.78021875,10.78021875,0,0
aten::to,,,2.75,54.76,0,1.08,0,0
aten::_to_copy,,,6.13,52.01,0,1.08,0,0
aten::empty_strided,,,9.04,13.73,0,0,0,0
empty_tensor,,,4.69,4.69,0,0,0,0
aten::copy_,,,18.1,32.15,0,1.08,0,0
aclnnInplaceCopy,,,14.05,14.05,1.08,1.08,0,0
aten::slice,,,6.5,11.44,0,0,0,0
aten::as_strided,,,4.94,4.94,0,0,0,0
aten::add,,,19.98,39.02,0,2.6200625,0,0
empty_tensor,,,6.44,6.44,0,0,0,0
aclnnAdd,,,12.6,12.6,2.6200625,2.6200625,0,0
aten::slice,,,5.62,10.16,0,0,0,0
aten::as_strided,,,4.54,4.54,0,0,0,0
aten::copy_,,,56.11,70.56,0,0.62,0,0
aclnnInplaceCopy,,,14.45,14.45,0.62,0.62,0,0
aten::slice,,,7.07,11.15,0,0,0,0
aten::as_strided,,,4.08,4.08,0,0,0,0
aten::add,,,19.76,41.56,0,1.48003125,0,0
empty_tensor,,,8.79,8.79,0,0,0,0
aclnnAdd,,,13.01,13.01,1.48003125,1.48003125,0,0
aten::slice,,,6.44,10.79,0,0,0,0
aten::as_strided,,,4.35,4.35,0,0,0,0
aten::copy_,,,49.54,63.45,0,0.62003125,0,0
aclnnInplaceCopy,,,13.91,13.91,0.62003125,0.62003125,0,0
aten::slice,,,6.82,10.71,0,0,0,0
aten::as_strided,,,3.89,3.89,0,0,0,0
aten::fill_,,,14.03,26.63,0,1.40003125,0,0
aclnnInplaceFillScalar,,,12.6,12.6,1.40003125,1.40003125,0,0
aten::slice,,,4.83,8.48,0,0,0,0
aten::as_strided,,,3.65,3.65,0,0,0,0
aten::slice,,,3.05,5.6,0,0,0,0
aten::as_strided,,,2.55,2.55,0,0,0,0
compute_slot_mapping_fused_groups_adaptive_kernel,,,26.91,26.91,4.62009375,4.62009375,0,0
aten::slice,,,10.11,18.05,0,0,0,0
aten::as_strided,,,7.94,7.94,0,0,0,0
aten::sub,,,26.09,58.84,0,1.56003125,0,0
empty_tensor,,,11.28,11.28,0,0,0,0
aten::item,,,2.46,4.23,0,0,0,0
aten::_local_scalar_dense,,,1.77,1.77,0,0,0,0
aclnnSubs,,,17.24,17.24,1.56003125,1.56003125,0,0
aten::pin_memory,,,7.64,26.31,0,0,0,0
aten::is_pinned,,,18.67,18.67,0,0,0,0
aten::copy_,,,19.8,37.97,0,2.3800625,0,0
acl_memcpy_host_to_device,,,18.17,18.17,2.3800625,2.3800625,0,0
aten::detach,,,4.79,4.79,0,0,0,0
aten::to,,,2.57,2.57,0,0,0,0
aten::resolve_conj,,,0.83,0.83,0,0,0,0
aten::resolve_neg,,,0.63,0.63,0,0,0,0
aten::slice,,,8.21,15.58,0,0,0,0
aten::as_strided,,,7.37,7.37,0,0,0,0
aten::slice,,,3.15,6.32,0,0,0,0
aten::as_strided,,,3.17,3.17,0,0,0,0
aten::slice,,,2.92,5.53,0,0,0,0
aten::as_strided,,,2.61,2.61,0,0,0,0
aten::fill_,,,19.46,37.77,0,1.20003125,0,0
aclnnInplaceFillScalar,,,18.31,18.31,1.20003125,1.20003125,0,0
aten::slice,,,4.63,8.57,0,0,0,0
aten::as_strided,,,3.94,3.94,0,0,0,0
aten::fill_,,,13.36,25.04,0,1.38,0,0
aclnnInplaceFillScalar,,,11.68,11.68,1.38,1.38,0,0
aten::slice,,,5.07,7.6,0,0,0,0
aten::as_strided,,,2.53,2.53,0,0,0,0
aten::slice,,,2.83,3.79,0,0,0,0
aten::as_strided,,,0.96,0.96,0,0,0,0
aten::lt,,,13.35,13.35,0,0,0,0
aten::lift_fresh,,,1.31,1.31,0,0,0,0
aten::slice,,,1.84,3.47,0,0,0,0
aten::as_strided,,,1.63,1.63,0,0,0,0
aten::fill_,,,2.79,10.71,0,0,0,0
aten::copy_,,,7.92,7.92,0,0,0,0
aten::slice,,,3.92,5.99,0,0,0,0
aten::as_strided,,,2.07,2.07,0,0,0,0
aten::slice,,,2.8,7.32,0,0,0,0
aten::as_strided,,,4.52,4.52,0,0,0,0
aten::slice,,,2.77,4.26,0,0,0,0
aten::as_strided,,,1.49,1.49,0,0,0,0
aten::slice,,,3.44,6.16,0,0,0,0
aten::as_strided,,,2.72,2.72,0,0,0,0
aten::slice,,,2.12,2.95,0,0,0,0
aten::as_strided,,,0.83,0.83,0,0,0,0
aten::slice,,,2.13,3.03,0,0,0,0
aten::as_strided,,,0.9,0.9,0,0,0,0
aten::slice,,,2.55,5.25,0,0,0,0
aten::as_strided,,,2.7,2.7,0,0,0,0
aten::slice,,,2.36,4.41,0,0,0,0
aten::as_strided,,,2.05,2.05,0,0,0,0
aten::slice,,,2.35,4.19,0,0,0,0
aten::as_strided,,,1.84,1.84,0,0,0,0
aten::slice,,,5.49,10.85,0,0,0,0
aten::as_strided,,,5.36,5.36,0,0,0,0
aten::slice,,,2.69,6.17,0,0,0,0
aten::as_strided,,,3.48,3.48,0,0,0,0
aten::slice,,,3.27,5.76,0,0,0,0
aten::as_strided,,,2.49,2.49,0,0,0,0
aten::to,,,1.61,1.61,0,0,0,0
aten::slice,,,2.73,5.72,0,0,0,0
aten::as_strided,,,2.99,2.99,0,0,0,0
aten::slice,,,2.33,4.28,0,0,0,0
aten::as_strided,,,1.95,1.95,0,0,0,0
aten::slice,,,2.33,3.67,0,0,0,0
aten::as_strided,,,1.34,1.34,0,0,0,0
aten::slice,,,2.67,6.04,0,0,0,0
aten::as_strided,,,3.37,3.37,0,0,0,0
aten::alias,,,3.14,3.14,0,0,0,0
aten::alias,,,4.0,4.0,0,0,0,0
aten::div,,,38.41,65.69,0,9.700156250000001,0,0
aten::item,,,2.17,3.65,0,0,0,0
aten::_local_scalar_dense,,,1.48,1.48,0,0,0,0
aclnnDivMods,,,23.63,23.63,9.700156250000001,9.700156250000001,0,0
aten::slice,,,3.25,8.67,0,0,0,0
aten::as_strided,,,5.42,5.42,0,0,0,0
aten::slice,,,4.46,7.22,0,0,0,0
aten::as_strided,,,2.76,2.76,0,0,0,0
aten::copy_,,,78.59,96.09,0,0.72003125,0,0
aclnnInplaceCopy,,,17.5,17.5,0.72003125,0.72003125,0,0
aten::slice,,,3.53,7.33,0,0,0,0
aten::as_strided,,,3.8,3.8,0,0,0,0
aten::slice,,,4.86,7.66,0,0,0,0
aten::as_strided,,,2.8,2.8,0,0,0,0
aten::ge,,,22.05,49.21,0,4.52009375,0,0
empty_tensor,,,11.22,11.22,0,0,0,0
aclnnGeScalar,,,15.94,15.94,4.52009375,4.52009375,0,0
aten::add,,,22.05,46.12,0,2.64003125,0,0
empty_tensor,,,7.1,7.1,0,0,0,0
aten::item,,,2.28,3.92,0,0,0,0
aten::_local_scalar_dense,,,1.64,1.64,0,0,0,0
aclnnAdds,,,13.05,13.05,2.64003125,2.64003125,0,0
aten::remainder,,,22.49,42.12,0,3.52009375,0,0
empty_tensor,,,6.83,6.83,0,0,0,0
aclnnRemainderTensorScalar,,,12.8,12.8,3.52009375,3.52009375,0,0
aten::eq,,,13.21,31.16,0,2.5200625,0,0
empty_tensor,,,6.37,6.37,0,0,0,0
aclnnEqScalar,,,11.58,11.58,2.5200625,2.5200625,0,0
aten::__and__,,,2.51,34.94,0,1.98003125,0,0
aten::bitwise_and,,,16.63,32.43,0,1.98003125,0,0
empty_tensor,,,5.57,5.57,0,0,0,0
aclnnBitwiseAndTensor,,,10.23,10.23,1.98003125,1.98003125,0,0
aten::clamp_min,,,11.59,26.31,0,3.1000625,0,0
empty_tensor,,,5.71,5.71,0,0,0,0
aclnnClampMin,,,9.01,9.01,3.1000625,3.1000625,0,0
aten::div,,,21.92,43.64,0,4.740125,0,0
empty_tensor,,,5.97,5.97,0,0,0,0
aten::item,,,2.05,3.68,0,0,0,0
aten::_local_scalar_dense,,,1.63,1.63,0,0,0,0
aclnnDivMods,,,12.07,12.07,4.740125,4.740125,0,0
aten::remainder,,,17.44,26.14,0,5.20009375,0,0
empty_tensor,,,5.79,5.79,0,0,0,0
aclnnRemainderTensorScalar,,,2.91,2.91,5.20009375,5.20009375,0,0
aten::mul,,,15.99,35.98,0,1.46003125,0,0
empty_tensor,,,5.48,5.48,0,0,0,0
aten::item,,,1.58,2.96,0,0,0,0
aten::_local_scalar_dense,,,1.38,1.38,0,0,0,0
aclnnMuls,,,11.55,11.55,1.46003125,1.46003125,0,0
aten::div,,,21.21,42.76,0,4.14009375,0,0
empty_tensor,,,7.24,7.24,0,0,0,0
aten::item,,,1.36,2.42,0,0,0,0
aten::_local_scalar_dense,,,1.06,1.06,0,0,0,0
aclnnDivMods,,,11.89,11.89,4.14009375,4.14009375,0,0
aten::add,,,16.44,42.19,0,1.28003125,0,0
empty_tensor,,,5.61,5.61,0,0,0,0
aclnnAdd,,,20.14,20.14,1.28003125,1.28003125,0,0
aten::full_like,,,4.91,68.4,0,1.26003125,0,0
aten::empty_like,,,6.15,27.79,0,0,0,0
aten::empty_strided,,,7.95,21.64,0,0,0,0
empty_tensor,,,13.69,13.69,0,0,0,0
aten::fill_,,,12.23,35.7,0,1.26003125,0,0
aclnnInplaceFillScalar,,,23.47,23.47,1.26003125,1.26003125,0,0
aten::where,,,14.77,42.27,0,2.12003125,0,0
empty_tensor,,,13.61,13.61,0,0,0,0
aclnnSWhere,,,13.89,13.89,2.12003125,2.12003125,0,0
aten::copy_,,,16.52,38.45,0,1.48003125,0,0
aclnnInplaceCopy,,,21.93,21.93,1.48003125,1.48003125,0,0
aten::slice,,,5.16,10.05,0,0,0,0
aten::as_strided,,,4.89,4.89,0,0,0,0
aten::slice,,,5.77,8.85,0,0,0,0
aten::as_strided,,,3.08,3.08,0,0,0,0
aten::div,,,34.06,55.54,0,4.52009375,0,0
aten::item,,,1.66,3.14,0,0,0,0
aten::_local_scalar_dense,,,1.48,1.48,0,0,0,0
aclnnDivMods,,,18.34,18.34,4.52009375,4.52009375,0,0
aten::slice,,,3.18,7.28,0,0,0,0
aten::as_strided,,,4.1,4.1,0,0,0,0
aten::slice,,,4.7,16.24,0,0,0,0
aten::as_strided,,,11.54,11.54,0,0,0,0
aten::slice,,,3.06,5.59,0,0,0,0
aten::as_strided,,,2.53,2.53,0,0,0,0
aten::copy_,,,63.28,117.03,0,0.66003125,0,0
aclnnInplaceCopy,,,53.75,53.75,0.66003125,0.66003125,0,0
aten::slice,,,4.05,8.03,0,0,0,0
aten::as_strided,,,3.98,3.98,0,0,0,0
aten::slice,,,4.63,7.2,0,0,0,0
aten::as_strided,,,2.57,2.57,0,0,0,0
aten::copy_,,,54.23,71.6,0,0.6,0,0
aclnnInplaceCopy,,,17.37,17.37,0.6,0.6,0,0
aten::slice,,,5.69,8.43,0,0,0,0
aten::as_strided,,,2.74,2.74,0,0,0,0
aten::div,,,13.79,31.07,0,0,0,0
aten::to,,,1.77,17.28,0,0,0,0
aten::_to_copy,,,4.9,15.51,0,0,0,0
aten::empty_strided,,,3.3,3.3,0,0,0,0
aten::copy_,,,7.31,7.31,0,0,0,0
aten::slice,,,4.33,10.3,0,0,0,0
aten::as_strided,,,5.97,5.97,0,0,0,0
aten::slice,,,5.79,12.03,0,0,0,0
aten::as_strided,,,6.24,6.24,0,0,0,0
aten::slice,,,2.9,5.77,0,0,0,0
aten::as_strided,,,2.87,2.87,0,0,0,0
aten::slice,,,2.5,5.29,0,0,0,0
aten::as_strided,,,2.79,2.79,0,0,0,0
aten::fill_,,,17.51,35.08,0,1.3200625,0,0
aclnnInplaceFillScalar,,,17.57,17.57,1.3200625,1.3200625,0,0
aten::slice,,,5.0,9.37,0,0,0,0
aten::as_strided,,,4.37,4.37,0,0,0,0
aten::fill_,,,11.8,24.9,0,1.10003125,0,0
aclnnInplaceFillScalar,,,13.1,13.1,1.10003125,1.10003125,0,0
aten::slice,,,5.07,10.01,0,0,0,0
aten::as_strided,,,4.94,4.94,0,0,0,0
aten::slice,,,2.93,6.12,0,0,0,0
aten::as_strided,,,3.19,3.19,0,0,0,0
aten::slice,,,5.03,7.91,0,0,0,0
aten::as_strided,,,2.88,2.88,0,0,0,0
aten::slice,,,2.48,6.14,0,0,0,0
aten::as_strided,,,3.66,3.66,0,0,0,0
aten::slice,,,2.9,6.65,0,0,0,0
aten::as_strided,,,3.75,3.75,0,0,0,0
aten::slice,,,2.89,5.48,0,0,0,0
aten::as_strided,,,2.59,2.59,0,0,0,0
aten::slice,,,2.34,4.98,0,0,0,0
aten::as_strided,,,2.64,2.64,0,0,0,0
aten::fill_,,,14.18,28.9,0,1.24,0,0
aclnnInplaceFillScalar,,,14.72,14.72,1.24,1.24,0,0
aten::slice,,,4.19,8.07,0,0,0,0
aten::as_strided,,,3.88,3.88,0,0,0,0
aten::fill_,,,12.71,25.33,0,1.26003125,0,0
aclnnInplaceFillScalar,,,12.62,12.62,1.26003125,1.26003125,0,0
aten::slice,,,5.05,10.66,0,0,0,0
aten::as_strided,,,5.61,5.61,0,0,0,0
aten::slice,,,2.9,4.91,0,0,0,0
aten::as_strided,,,2.01,2.01,0,0,0,0
aten::slice,,,2.71,5.78,0,0,0,0
aten::as_strided,,,3.07,3.07,0,0,0,0
aten::slice,,,2.45,3.71,0,0,0,0
aten::as_strided,,,1.26,1.26,0,0,0,0
aten::slice,,,2.37,4.41,0,0,0,0
aten::as_strided,,,2.04,2.04,0,0,0,0
aten::slice,,,2.44,3.41,0,0,0,0
aten::as_strided,,,0.97,0.97,0,0,0,0
aten::slice,,,2.07,3.0,0,0,0,0
aten::as_strided,,,0.93,0.93,0,0,0,0
aten::slice,,,1.36,2.26,0,0,0,0
aten::as_strided,,,0.9,0.9,0,0,0,0
aten::diff,,,6.79,32.67,0,0,0,0
aten::narrow,,,5.61,9.57,0,0,0,0
aten::slice,,,1.83,3.96,0,0,0,0
aten::as_strided,,,2.13,2.13,0,0,0,0
aten::narrow,,,2.24,4.47,0,0,0,0
aten::slice,,,1.09,2.23,0,0,0,0
aten::as_strided,,,1.14,1.14,0,0,0,0
aten::sub,,,11.84,11.84,0,0,0,0
aten::eq,,,12.93,28.18,0,0,0,0
aten::to,,,1.9,15.25,0,0,0,0
aten::_to_copy,,,4.45,13.35,0,0,0,0
aten::empty_strided,,,3.21,3.21,0,0,0,0
aten::copy_,,,5.69,5.69,0,0,0,0
aten::__and__,,,2.25,6.96,0,0,0,0
aten::bitwise_and,,,4.71,4.71,0,0,0,0
aten::gt,,,8.57,18.24,0,0,0,0
aten::to,,,1.08,9.67,0,0,0,0
aten::_to_copy,,,2.82,8.59,0,0,0,0
aten::empty_strided,,,2.72,2.72,0,0,0,0
aten::copy_,,,3.05,3.05,0,0,0,0
aten::__and__,,,1.23,4.22,0,0,0,0
aten::bitwise_and,,,2.99,2.99,0,0,0,0
aten::any,,,10.24,12.82,0,0,0,0
aten::as_strided,,,1.42,1.42,0,0,0,0
aten::fill_,,,1.16,1.16,0,0,0,0
aten::item,,,2.14,3.64,0,0,0,0
aten::_local_scalar_dense,,,1.5,1.5,0,0,0,0
aten::slice,,,4.8,6.33,0,0,0,0
aten::as_strided,,,1.53,1.53,0,0,0,0
aten::slice,,,2.67,3.72,0,0,0,0
aten::as_strided,,,1.05,1.05,0,0,0,0
aten::sub,,,5.38,5.38,0,0,0,0
aten::select,,,3.31,5.32,0,0,0,0
aten::as_strided,,,2.01,2.01,0,0,0,0
aten::item,,,1.14,2.93,0,0,0,0
aten::_local_scalar_dense,,,1.79,1.79,0,0,0,0
aten::gt,,,7.54,16.87,0,0,0,0
aten::to,,,1.26,9.33,0,0,0,0
aten::_to_copy,,,2.95,8.07,0,0,0,0
aten::empty_strided,,,1.8,1.8,0,0,0,0
aten::copy_,,,3.32,3.32,0,0,0,0
aten::__ior__,,,2.01,6.45,0,0,0,0
aten::bitwise_or_,,,4.44,4.44,0,0,0,0
aten::any,,,7.59,9.81,0,0,0,0
aten::as_strided,,,1.31,1.31,0,0,0,0
aten::fill_,,,0.91,0.91,0,0,0,0
aten::is_nonzero,,,1.34,3.22,0,0,0,0
aten::item,,,1.12,1.88,0,0,0,0
aten::_local_scalar_dense,,,0.76,0.76,0,0,0,0
aten::select,,,4.74,10.45,0,0,0,0
aten::as_strided,,,5.71,5.71,0,0,0,0
aten::slice,,,4.51,8.57,0,0,0,0
aten::as_strided,,,4.06,4.06,0,0,0,0
aten::slice,,,2.5,5.0,0,0,0,0
aten::as_strided,,,2.5,2.5,0,0,0,0
aten::slice,,,2.61,5.07,0,0,0,0
aten::as_strided,,,2.46,2.46,0,0,0,0
aten::copy_,,,68.67,93.44,0,0.56003125,0,0
aclnnInplaceCopy,,,24.77,24.77,0.56003125,0.56003125,0,0
aten::slice,,,6.12,10.1,0,0,0,0
aten::as_strided,,,3.98,3.98,0,0,0,0
aten::fill_,,,15.93,33.23,0,1.4,0,0
aclnnInplaceFillScalar,,,17.3,17.3,1.4,1.4,0,0
aten::slice,,,6.22,10.17,0,0,0,0
aten::as_strided,,,3.95,3.95,0,0,0,0
aten::slice,,,2.78,5.34,0,0,0,0
aten::as_strided,,,2.56,2.56,0,0,0,0
aten::slice,,,2.89,5.97,0,0,0,0
aten::as_strided,,,3.08,3.08,0,0,0,0
aten::copy_,,,56.93,77.26,0,0.64,0,0
aclnnInplaceCopy,,,20.33,20.33,0.64,0.64,0,0
aten::slice,,,6.58,10.52,0,0,0,0
aten::as_strided,,,3.94,3.94,0,0,0,0
aten::slice,,,3.32,6.5,0,0,0,0
aten::as_strided,,,3.18,3.18,0,0,0,0
aten::expand_as,,,2.36,11.24,0,0,0,0
aten::expand,,,4.64,8.88,0,0,0,0
aten::as_strided,,,4.24,4.24,0,0,0,0
aten::copy_,,,52.3,72.67,0,0.58,0,0
aclnnInplaceCopy,,,20.37,20.37,0.58,0.58,0,0
aten::slice,,,5.71,10.09,0,0,0,0
aten::as_strided,,,4.38,4.38,0,0,0,0
aten::slice,,,4.31,7.79,0,0,0,0
aten::as_strided,,,3.48,3.48,0,0,0,0
aten::slice,,,3.15,5.93,0,0,0,0
aten::as_strided,,,2.78,2.78,0,0,0,0
aten::slice,,,3.21,5.88,0,0,0,0
aten::as_strided,,,2.67,2.67,0,0,0,0
aten::copy_,,,50.97,72.03,0,0.66003125,0,0
aclnnInplaceCopy,,,21.06,21.06,0.66003125,0.66003125,0,0
aten::slice,,,6.49,10.49,0,0,0,0
aten::as_strided,,,4.0,4.0,0,0,0,0
aten::slice,,,3.06,5.79,0,0,0,0
aten::as_strided,,,2.73,2.73,0,0,0,0
aten::slice,,,2.65,4.84,0,0,0,0
aten::as_strided,,,2.19,2.19,0,0,0,0
aten::sub,,,19.87,34.98,0,1.50003125,0,0
aclnnSub,,,15.11,15.11,1.50003125,1.50003125,0,0
aten::slice,,,6.9,9.91,0,0,0,0
aten::as_strided,,,3.01,3.01,0,0,0,0
aten::slice,,,3.58,8.16,0,0,0,0
aten::as_strided,,,4.58,4.58,0,0,0,0
aten::slice,,,3.37,6.77,0,0,0,0
aten::as_strided,,,3.4,3.4,0,0,0,0
aten::slice,,,2.71,5.56,0,0,0,0
aten::as_strided,,,2.85,2.85,0,0,0,0
aten::slice,,,2.44,4.64,0,0,0,0
aten::as_strided,,,2.2,2.2,0,0,0,0
aten::fill_,,,16.77,36.98,0,1.36003125,0,0
aclnnInplaceFillScalar,,,20.21,20.21,1.36003125,1.36003125,0,0
aten::slice,,,5.47,9.36,0,0,0,0
aten::as_strided,,,3.89,3.89,0,0,0,0
aten::fill_,,,13.51,16.61,0,1.42003125,0,0
aclnnInplaceFillScalar,,,3.1,3.1,1.42003125,1.42003125,0,0
aten::slice,,,5.13,9.82,0,0,0,0
aten::as_strided,,,4.69,4.69,0,0,0,0
aten::slice,,,3.05,5.55,0,0,0,0
aten::as_strided,,,2.5,2.5,0,0,0,0
aten::slice,,,3.1,6.06,0,0,0,0
aten::as_strided,,,2.96,2.96,0,0,0,0
aten::slice,,,2.77,4.22,0,0,0,0
aten::as_strided,,,1.45,1.45,0,0,0,0
aten::slice,,,2.4,3.88,0,0,0,0
aten::as_strided,,,1.48,1.48,0,0,0,0
aten::slice,,,2.66,3.61,0,0,0,0
aten::as_strided,,,0.95,0.95,0,0,0,0
aten::slice,,,2.17,2.91,0,0,0,0
aten::as_strided,,,0.74,0.74,0,0,0,0
aten::slice,,,1.33,2.15,0,0,0,0
aten::as_strided,,,0.82,0.82,0,0,0,0
aten::diff,,,6.72,30.89,0,0,0,0
aten::narrow,,,5.11,8.36,0,0,0,0
aten::slice,,,1.71,3.25,0,0,0,0
aten::as_strided,,,1.54,1.54,0,0,0,0
aten::narrow,,,1.93,3.78,0,0,0,0
aten::slice,,,0.99,1.85,0,0,0,0
aten::as_strided,,,0.86,0.86,0,0,0,0
aten::sub,,,12.03,12.03,0,0,0,0
aten::eq,,,12.56,27.62,0,0,0,0
aten::to,,,1.84,15.06,0,0,0,0
aten::_to_copy,,,4.51,13.22,0,0,0,0
aten::empty_strided,,,2.9,2.9,0,0,0,0
aten::copy_,,,5.81,5.81,0,0,0,0
aten::__and__,,,2.16,6.49,0,0,0,0
aten::bitwise_and,,,4.33,4.33,0,0,0,0
aten::gt,,,7.68,16.78,0,0,0,0
aten::to,,,1.35,9.1,0,0,0,0
aten::_to_copy,,,2.58,7.75,0,0,0,0
aten::empty_strided,,,1.98,1.98,0,0,0,0
aten::copy_,,,3.19,3.19,0,0,0,0
aten::__and__,,,1.45,4.82,0,0,0,0
aten::bitwise_and,,,3.37,3.37,0,0,0,0
aten::any,,,8.86,11.32,0,0,0,0
aten::as_strided,,,1.32,1.32,0,0,0,0
aten::fill_,,,1.14,1.14,0,0,0,0
aten::item,,,1.84,3.12,0,0,0,0
aten::_local_scalar_dense,,,1.28,1.28,0,0,0,0
aten::slice,,,4.75,6.2,0,0,0,0
aten::as_strided,,,1.45,1.45,0,0,0,0
aten::slice,,,2.44,3.5,0,0,0,0
aten::as_strided,,,1.06,1.06,0,0,0,0
aten::sub,,,5.05,5.05,0,0,0,0
aten::select,,,3.12,4.19,0,0,0,0
aten::as_strided,,,1.07,1.07,0,0,0,0
aten::item,,,1.14,2.46,0,0,0,0
aten::_local_scalar_dense,,,1.32,1.32,0,0,0,0
aten::gt,,,7.48,16.89,0,0,0,0
aten::to,,,1.17,9.41,0,0,0,0
aten::_to_copy,,,2.92,8.24,0,0,0,0
aten::empty_strided,,,2.03,2.03,0,0,0,0
aten::copy_,,,3.29,3.29,0,0,0,0
aten::__ior__,,,2.47,7.17,0,0,0,0
aten::bitwise_or_,,,4.7,4.7,0,0,0,0
aten::any,,,7.99,10.25,0,0,0,0
aten::as_strided,,,1.53,1.53,0,0,0,0
aten::fill_,,,0.73,0.73,0,0,0,0
aten::is_nonzero,,,1.36,3.39,0,0,0,0
aten::item,,,1.2,2.03,0,0,0,0
aten::_local_scalar_dense,,,0.83,0.83,0,0,0,0
aten::select,,,4.88,10.43,0,0,0,0
aten::as_strided,,,5.55,5.55,0,0,0,0
aten::slice,,,4.71,8.65,0,0,0,0
aten::as_strided,,,3.94,3.94,0,0,0,0
aten::slice,,,2.6,5.13,0,0,0,0
aten::as_strided,,,2.53,2.53,0,0,0,0
aten::slice,,,2.24,4.32,0,0,0,0
aten::as_strided,,,2.08,2.08,0,0,0,0
aten::copy_,,,66.37,89.43,0,0.56,0,0
aclnnInplaceCopy,,,23.06,23.06,0.56,0.56,0,0
aten::slice,,,6.04,9.93,0,0,0,0
aten::as_strided,,,3.89,3.89,0,0,0,0
aten::fill_,,,16.42,34.8,0,1.3200625,0,0
aclnnInplaceFillScalar,,,18.38,18.38,1.3200625,1.3200625,0,0
aten::slice,,,6.07,10.01,0,0,0,0
aten::as_strided,,,3.94,3.94,0,0,0,0
aten::slice,,,3.27,5.68,0,0,0,0
aten::as_strided,,,2.41,2.41,0,0,0,0
aten::slice,,,2.78,5.06,0,0,0,0
aten::as_strided,,,2.28,2.28,0,0,0,0
aten::copy_,,,56.28,74.95,0,0.68,0,0
aclnnInplaceCopy,,,18.67,18.67,0.68,0.68,0,0
aten::slice,,,6.07,10.23,0,0,0,0
aten::as_strided,,,4.16,4.16,0,0,0,0
aten::slice,,,2.91,5.77,0,0,0,0
aten::as_strided,,,2.86,2.86,0,0,0,0
aten::expand_as,,,1.87,9.08,0,0,0,0
aten::expand,,,3.63,7.21,0,0,0,0
aten::as_strided,,,3.58,3.58,0,0,0,0
aten::copy_,,,51.73,69.98,0,0.54003125,0,0
aclnnInplaceCopy,,,18.25,18.25,0.54003125,0.54003125,0,0
aten::slice,,,22.41,26.93,0,0,0,0
aten::as_strided,,,4.52,4.52,0,0,0,0
aten::slice,,,4.32,8.67,0,0,0,0
aten::as_strided,,,4.35,4.35,0,0,0,0
aten::slice,,,2.46,4.88,0,0,0,0
aten::as_strided,,,2.42,2.42,0,0,0,0
aten::slice,,,2.25,4.94,0,0,0,0
aten::as_strided,,,2.69,2.69,0,0,0,0
aten::copy_,,,54.16,73.52,0,0.64,0,0
aclnnInplaceCopy,,,19.36,19.36,0.64,0.64,0,0
aten::slice,,,5.91,9.81,0,0,0,0
aten::as_strided,,,3.9,3.9,0,0,0,0
aten::slice,,,2.75,5.74,0,0,0,0
aten::as_strided,,,2.99,2.99,0,0,0,0
aten::slice,,,2.46,5.31,0,0,0,0
aten::as_strided,,,2.85,2.85,0,0,0,0
aten::sub,,,18.42,32.63,0,1.32,0,0
aclnnSub,,,14.21,14.21,1.32,1.32,0,0
aten::slice,,,6.9,10.04,0,0,0,0
aten::as_strided,,,3.14,3.14,0,0,0,0
aten::slice,,,2.86,7.44,0,0,0,0
aten::as_strided,,,4.58,4.58,0,0,0,0
aten::slice,,,3.11,6.2,0,0,0,0
aten::as_strided,,,3.09,3.09,0,0,0,0
aten::slice,,,2.59,5.51,0,0,0,0
aten::as_strided,,,2.92,2.92,0,0,0,0
aten::slice,,,2.5,5.0,0,0,0,0
aten::as_strided,,,2.5,2.5,0,0,0,0
aten::fill_,,,16.89,34.84,0,1.26003125,0,0
aclnnInplaceFillScalar,,,17.95,17.95,1.26003125,1.26003125,0,0
aten::slice,,,7.53,12.43,0,0,0,0
aten::as_strided,,,4.9,4.9,0,0,0,0
aten::fill_,,,18.25,33.34,0,1.02,0,0
aclnnInplaceFillScalar,,,15.09,15.09,1.02,1.02,0,0
aten::slice,,,6.2,10.74,0,0,0,0
aten::as_strided,,,4.54,4.54,0,0,0,0
aten::slice,,,2.49,4.45,0,0,0,0
aten::as_strided,,,1.96,1.96,0,0,0,0
aten::slice,,,3.03,6.06,0,0,0,0
aten::as_strided,,,3.03,3.03,0,0,0,0
aten::slice,,,6.03,7.14,0,0,0,0
aten::as_strided,,,1.11,1.11,0,0,0,0
aten::slice,,,14.72,22.79,0,0,0,0
aten::as_strided,,,8.07,8.07,0,0,0,0
aten::slice,,,5.26,6.48,0,0,0,0
aten::as_strided,,,1.22,1.22,0,0,0,0
aten::slice,,,3.0,3.86,0,0,0,0
aten::as_strided,,,0.86,0.86,0,0,0,0
aten::slice,,,2.68,4.16,0,0,0,0
aten::as_strided,,,1.48,1.48,0,0,0,0
aten::diff,,,7.74,42.38,0,0,0,0
aten::narrow,,,6.0,15.65,0,0,0,0
aten::slice,,,2.06,9.65,0,0,0,0
aten::as_strided,,,7.59,7.59,0,0,0,0
aten::narrow,,,2.58,5.68,0,0,0,0
aten::slice,,,1.02,3.1,0,0,0,0
aten::as_strided,,,2.08,2.08,0,0,0,0
aten::sub,,,13.31,13.31,0,0,0,0
aten::eq,,,38.78,57.58,0,0,0,0
aten::to,,,2.15,18.8,0,0,0,0
aten::_to_copy,,,5.45,16.65,0,0,0,0
aten::empty_strided,,,4.96,4.96,0,0,0,0
aten::copy_,,,6.24,6.24,0,0,0,0
aten::__and__,,,2.16,9.26,0,0,0,0
aten::bitwise_and,,,7.1,7.1,0,0,0,0
aten::gt,,,17.03,27.44,0,0,0,0
aten::to,,,1.35,10.41,0,0,0,0
aten::_to_copy,,,3.25,9.06,0,0,0,0
aten::empty_strided,,,2.62,2.62,0,0,0,0
aten::copy_,,,3.19,3.19,0,0,0,0
aten::__and__,,,1.38,6.41,0,0,0,0
aten::bitwise_and,,,5.03,5.03,0,0,0,0
aten::any,,,12.7,16.16,0,0,0,0
aten::as_strided,,,2.57,2.57,0,0,0,0
aten::fill_,,,0.89,0.89,0,0,0,0
aten::item,,,1.92,3.13,0,0,0,0
aten::_local_scalar_dense,,,1.21,1.21,0,0,0,0
aten::slice,,,6.23,16.48,0,0,0,0
aten::as_strided,,,10.25,10.25,0,0,0,0
aten::slice,,,3.13,5.07,0,0,0,0
aten::as_strided,,,1.94,1.94,0,0,0,0
aten::sub,,,6.13,6.13,0,0,0,0
aten::select,,,2.95,4.24,0,0,0,0
aten::as_strided,,,1.29,1.29,0,0,0,0
aten::item,,,1.12,2.22,0,0,0,0
aten::_local_scalar_dense,,,1.1,1.1,0,0,0,0
aten::gt,,,8.78,19.59,0,0,0,0
aten::to,,,1.49,10.81,0,0,0,0
aten::_to_copy,,,3.43,9.32,0,0,0,0
aten::empty_strided,,,2.28,2.28,0,0,0,0
aten::copy_,,,3.61,3.61,0,0,0,0
aten::__ior__,,,1.8,5.76,0,0,0,0
aten::bitwise_or_,,,3.96,3.96,0,0,0,0
aten::any,,,7.98,9.79,0,0,0,0
aten::as_strided,,,1.04,1.04,0,0,0,0
aten::fill_,,,0.77,0.77,0,0,0,0
aten::is_nonzero,,,1.47,4.2,0,0,0,0
aten::item,,,1.9,2.73,0,0,0,0
aten::_local_scalar_dense,,,0.83,0.83,0,0,0,0
aten::select,,,4.36,10.57,0,0,0,0
aten::as_strided,,,6.21,6.21,0,0,0,0
aten::slice,,,5.01,9.21,0,0,0,0
aten::as_strided,,,4.2,4.2,0,0,0,0
aten::slice,,,2.5,5.4,0,0,0,0
aten::as_strided,,,2.9,2.9,0,0,0,0
aten::slice,,,2.15,4.63,0,0,0,0
aten::as_strided,,,2.48,2.48,0,0,0,0
aten::copy_,,,66.92,86.32,0,0.56,0,0
aclnnInplaceCopy,,,19.4,19.4,0.56,0.56,0,0
aten::slice,,,6.64,10.99,0,0,0,0
aten::as_strided,,,4.35,4.35,0,0,0,0
aten::fill_,,,16.02,31.33,0,1.16003125,0,0
aclnnInplaceFillScalar,,,15.31,15.31,1.16003125,1.16003125,0,0
aten::slice,,,5.86,10.96,0,0,0,0
aten::as_strided,,,5.1,5.1,0,0,0,0
aten::slice,,,2.58,5.0,0,0,0,0
aten::as_strided,,,2.42,2.42,0,0,0,0
aten::slice,,,2.44,5.09,0,0,0,0
aten::as_strided,,,2.65,2.65,0,0,0,0
aten::copy_,,,54.36,69.9,0,0.62,0,0
aclnnInplaceCopy,,,15.54,15.54,0.62,0.62,0,0
aten::slice,,,5.78,9.84,0,0,0,0
aten::as_strided,,,4.06,4.06,0,0,0,0
aten::slice,,,2.38,5.28,0,0,0,0
aten::as_strided,,,2.9,2.9,0,0,0,0
aten::expand_as,,,1.84,8.98,0,0,0,0
aten::expand,,,3.8,7.14,0,0,0,0
aten::as_strided,,,3.34,3.34,0,0,0,0
aten::copy_,,,51.0,66.1,0,0.6,0,0
aclnnInplaceCopy,,,15.1,15.1,0.6,0.6,0,0
aten::slice,,,6.68,12.42,0,0,0,0
aten::as_strided,,,5.74,5.74,0,0,0,0
aten::slice,,,3.79,7.04,0,0,0,0
aten::as_strided,,,3.25,3.25,0,0,0,0
aten::slice,,,2.41,4.72,0,0,0,0
aten::as_strided,,,2.31,2.31,0,0,0,0
aten::slice,,,2.66,4.94,0,0,0,0
aten::as_strided,,,2.28,2.28,0,0,0,0
aten::copy_,,,47.37,62.86,0,0.58,0,0
aclnnInplaceCopy,,,15.49,15.49,0.58,0.58,0,0
aten::slice,,,5.81,9.76,0,0,0,0
aten::as_strided,,,3.95,3.95,0,0,0,0
aten::slice,,,2.58,5.25,0,0,0,0
aten::as_strided,,,2.67,2.67,0,0,0,0
aten::slice,,,3.05,5.13,0,0,0,0
aten::as_strided,,,2.08,2.08,0,0,0,0
aten::sub,,,18.2,32.43,0,1.3600625,0,0
aclnnSub,,,14.23,14.23,1.3600625,1.3600625,0,0
Event::record,,,158.34,179.18,0,0.02,0,0
record_event,,,20.84,20.84,0.02,0.02,0,0
aten::slice,,,9.42,22.84,0,0,0,0
aten::as_strided,,,13.42,13.42,0,0,0,0
aten::slice,,,3.78,6.94,0,0,0,0
aten::as_strided,,,3.16,3.16,0,0,0,0
aten::slice,,,2.34,4.31,0,0,0,0
aten::as_strided,,,1.97,1.97,0,0,0,0
aten::zero_,,,18.34,35.51,0,1.84003125,0,0
aclnnInplaceZero,,,17.17,17.17,1.84003125,1.84003125,0,0
aten::slice,,,8.62,15.74,0,0,0,0
aten::as_strided,,,7.12,7.12,0,0,0,0
aten::scalar_tensor,,,6.19,54.53,0,1.54003125,0,0
aten::empty,,,2.95,14.23,0,0,0,0
empty_tensor,,,11.28,11.28,0,0,0,0
aten::fill_,,,17.28,34.11,0,1.54003125,0,0
aclnnInplaceFillScalar,,,16.83,16.83,1.54003125,1.54003125,0,0
aten::slice,,,5.45,11.07,0,0,0,0
aten::as_strided,,,5.62,5.62,0,0,0,0
aten::view,,,3.68,3.68,0,0,0,0
aten::expand,,,2.38,4.78,0,0,0,0
aten::as_strided,,,2.4,2.4,0,0,0,0
aten::copy_,,,24.3,38.85,0,4.08009375,0,0
aclnnInplaceCopy,,,14.55,14.55,4.08009375,4.08009375,0,0
aten::scalar_tensor,,,4.76,38.12,0,1.3,0,0
aten::empty,,,2.59,9.72,0,0,0,0
empty_tensor,,,7.13,7.13,0,0,0,0
aten::fill_,,,11.2,23.64,0,1.3,0,0
aclnnInplaceFillScalar,,,12.44,12.44,1.3,1.3,0,0
aten::slice,,,5.51,11.22,0,0,0,0
aten::as_strided,,,5.71,5.71,0,0,0,0
aten::view,,,2.67,2.67,0,0,0,0
aten::expand,,,1.82,3.56,0,0,0,0
aten::as_strided,,,1.74,1.74,0,0,0,0
aten::copy_,,,56.51,71.17,0,0.58,0,0
aclnnInplaceCopy,,,14.66,14.66,0.58,0.58,0,0
aten::index,,,37.46,71.72,0,11.680250000000001,0,0
empty_tensor,,,7.67,7.67,0,0,0,0
empty_tensor,,,9.09,9.09,0,0,0,0
aclnnIndex,,,17.5,17.5,11.680250000000001,11.680250000000001,0,0
aten::linear,,,5.58,72.56,0,913.35825,0,913.35825
aten::t,,,6.4,16.85,0,0,0,0
aten::transpose,,,4.12,10.45,0,0,0,0
aten::as_strided,,,6.33,6.33,0,0,0,0
aten::matmul,,,23.05,50.13,0,913.35825,0,913.35825
empty_tensor,,,9.49,9.49,0,0,0,0
aclnnMatmul,,,17.59,17.59,913.35825,913.35825,913.35825,913.35825
aten::alias,,,3.06,3.06,0,0,0,0
aten::log_softmax,,,9.84,118.44,0,52.6210625,0,0
aten::to,,,4.12,70.79,0,7.84015625,0,0
aten::_to_copy,,,7.47,66.67,0,7.84015625,0,0
aten::empty_strided,,,13.49,20.29,0,0,0,0
empty_tensor,,,6.8,6.8,0,0,0,0
aten::copy_,,,21.97,38.91,0,7.84015625,0,0
aclnnInplaceCopy,,,16.94,16.94,7.84015625,7.84015625,0,0
aten::_log_softmax,,,18.57,37.81,0,44.78090625,0,0
empty_tensor,,,8.71,8.71,0,0,0,0
aclnnLogSoftmax,,,10.53,10.53,44.78090625,44.78090625,0,0
aten::to,,,2.42,50.43,0,3.3800625,0,0
aten::_to_copy,,,5.61,48.01,0,3.3800625,0,0
aten::empty_strided,,,8.55,13.31,0,0,0,0
empty_tensor,,,4.76,4.76,0,0,0,0
aten::copy_,,,15.7,29.09,0,3.3800625,0,0
aclnnInplaceCopy,,,13.39,13.39,3.3800625,3.3800625,0,0
aten::argmax,,,7.15,64.27,0,21.280437499999998,0,0
aten::empty,,,2.67,11.22,0,0,0,0
empty_tensor,,,8.55,8.55,0,0,0,0
aten::argmax,,,25.44,45.9,0,21.280437499999998,0,0
aten::reshape,,,1.84,7.1,0,0,0,0
aten::view,,,5.26,5.26,0,0,0,0
aclnnArgMax,,,13.36,13.36,21.280437499999998,21.280437499999998,0,0
aten::view,,,4.41,4.41,0,0,0,0
aten::to,,,2.06,2.06,0,0,0,0
aten::topk,,,20.85,44.71,0,41.380812500000005,0,0
empty_tensor,,,7.43,7.43,0,0,0,0
empty_tensor,,,4.97,4.97,0,0,0,0
aclnnTopk,,,11.46,11.46,41.380812500000005,41.380812500000005,0,0
aten::unsqueeze,,,3.71,8.5,0,0,0,0
aten::as_strided,,,4.79,4.79,0,0,0,0
aten::gather,,,21.11,39.92,0,6.060124999999999,0,0
empty_tensor,,,6.84,6.84,0,0,0,0
aclnnGather,,,11.97,11.97,6.060124999999999,6.060124999999999,0,0
TorchDynamo Cache Lookup,,,36.1,36.1,0,0,0,0
Torch-Compiled Region: 0/0,,,133.28,230.99,0,44.9409375,0,0
aten::_assert_scalar,,,2.83,2.83,0,0,0,0
aten::_assert_scalar,,,1.71,1.71,0,0,0,0
aten::_assert_scalar,,,1.01,1.01,0,0,0,0
aten::ge,,,17.89,45.41,0,13.06028125,0,0
empty_tensor,,,11.72,11.72,0,0,0,0
aclnnGeTensor,,,15.8,15.8,13.06028125,13.06028125,0,0
aten::sum,,,23.08,46.75,0,31.88065625,0,0
empty_tensor,,,9.17,9.17,0,0,0,0
aclnnReduceSum,,,14.5,14.5,31.88065625,31.88065625,0,0
aten::cat,,,20.21,41.86,0,3.6000625,0,0
empty_tensor,,,8.55,8.55,0,0,0,0
aclnnCat,,,13.1,13.1,3.6000625,3.6000625,0,0
aten::cat,,,12.96,30.62,0,2.7400625,0,0
empty_tensor,,,6.7,6.7,0,0,0,0
aclnnCat,,,10.96,10.96,2.7400625,2.7400625,0,0
aten::to,,,2.59,50.48,0,1.52,0,0
aten::_to_copy,,,6.1,47.89,0,1.52,0,0
aten::empty_strided,,,7.94,13.66,0,0,0,0
empty_tensor,,,5.72,5.72,0,0,0,0
aten::copy_,,,15.87,28.13,0,1.52,0,0
aclnnInplaceCopy,,,12.26,12.26,1.52,1.52,0,0
aten::to,,,2.3,53.11,0,1.4600625,0,0
aten::_to_copy,,,5.55,50.81,0,1.4600625,0,0
aten::empty_strided,,,6.62,11.07,0,0,0,0
empty_tensor,,,4.45,4.45,0,0,0,0
aten::copy_,,,16.4,34.19,0,1.4600625,0,0
aclnnInplaceCopy,,,17.79,17.79,1.4600625,1.4600625,0,0
aten::unsqueeze,,,3.81,8.94,0,0,0,0
aten::as_strided,,,5.13,5.13,0,0,0,0
Event::record,,,152.13,176.28,0,0.02,0,0
record_event,,,24.15,24.15,0.02,0.02,0,0
aten::slice,,,5.44,13.99,0,0,0,0
aten::as_strided,,,8.55,8.55,0,0,0,0
Event::wait,,,76.96,103.16,0,2548.7309375,0,0
wait_event,,,26.2,26.2,2548.7309375,2548.7309375,0,0
Event::record,,,92.84,113.34,0,0.02,0,0
record_event,,,20.5,20.5,0.02,0.02,0,0
Event::wait,,,63.28,81.85,0,2159.68315625,0,0
wait_event,,,18.57,18.57,2159.68315625,2159.68315625,0,0
destroy_event,,,12.58,12.58,0,0,0,0
aten::to,,,4.07,69.07,0,1.90003125,0,0
aten::_to_copy,,,7.35,65.0,0,1.90003125,0,0
aten::empty_strided,,,25.82,25.82,0,0,0,0
aten::copy_,,,19.04,31.83,0,1.90003125,0,0
acl_memcpy_device_to_host,,,12.79,12.79,1.90003125,1.90003125,0,0
aten::to,,,3.07,40.54,0,2.02003125,0,0
aten::_to_copy,,,5.01,37.47,0,2.02003125,0,0
aten::empty_strided,,,4.54,4.54,0,0,0,0
aten::copy_,,,15.49,27.92,0,2.02003125,0,0
acl_memcpy_device_to_host,,,12.43,12.43,2.02003125,2.02003125,0,0
aten::to,,,2.16,35.35,0,1.8800625,0,0
aten::_to_copy,,,4.36,33.19,0,1.8800625,0,0
aten::empty_strided,,,2.99,2.99,0,0,0,0
aten::copy_,,,13.57,25.84,0,1.8800625,0,0
acl_memcpy_device_to_host,,,12.27,12.27,1.8800625,1.8800625,0,0
aten::to,,,2.68,33.05,0,2.06003125,0,0
aten::_to_copy,,,4.37,30.37,0,2.06003125,0,0
aten::empty_strided,,,3.51,3.51,0,0,0,0
aten::copy_,,,11.68,22.49,0,2.06003125,0,0
acl_memcpy_device_to_host,,,10.81,10.81,2.06003125,2.06003125,0,0
Event::record,,,161.74,180.57,0,0.0,0,0
record_event,,,18.83,18.83,0.0,0.0,0,0
Event::synchronize,,,87.87,87.87,0,0,0,0
aten::resolve_conj,,,2.07,2.07,0,0,0,0
aten::resolve_neg,,,0.81,0.81,0,0,0,0
aten::to,,,3.41,3.41,0,0,0,0
aten::detach,,,3.8,3.8,0,0,0,0
aten::to,,,0.62,0.62,0,0,0,0
aten::resolve_conj,,,0.61,0.61,0,0,0,0
aten::resolve_neg,,,0.31,0.31,0,0,0,0
aten::to,,,1.61,1.61,0,0,0,0
aten::detach,,,1.52,1.52,0,0,0,0
aten::to,,,0.75,0.75,0,0,0,0
aten::resolve_conj,,,0.38,0.38,0,0,0,0
aten::resolve_neg,,,0.41,0.41,0,0,0,0
aten::to,,,1.13,1.13,0,0,0,0
aten::detach,,,1.16,1.16,0,0,0,0
aten::to,,,0.47,0.47,0,0,0,0
aten::resolve_conj,,,0.53,0.53,0,0,0,0
aten::resolve_neg,,,0.35,0.35,0,0,0,0
destroy_event,,,20.63,20.63,0,0,0,0
record_event,,,33.88,33.88,0.0,0.0,0,0
Event::synchronize,,,138.61,138.61,0,0,0,0
aten::slice,,,12.96,17.17,0,0,0,0
aten::as_strided,,,4.21,4.21,0,0,0,0
aten::slice,,,3.89,10.76,0,0,0,0
aten::as_strided,,,6.87,6.87,0,0,0,0
aten::pin_memory,,,120.88,138.55,0,0,0,0
aten::is_pinned,,,17.67,17.67,0,0,0,0
aten::copy_,,,22.87,39.0,0,2.2600625,0,0
acl_memcpy_host_to_device,,,16.13,16.13,2.2600625,2.2600625,0,0
aten::slice,,,7.85,10.45,0,0,0,0
aten::as_strided,,,2.6,2.6,0,0,0,0
aten::slice,,,2.77,7.73,0,0,0,0
aten::as_strided,,,4.96,4.96,0,0,0,0
aten::pin_memory,,,3.54,14.03,0,0,0,0
aten::is_pinned,,,10.49,10.49,0,0,0,0
aten::copy_,,,15.13,28.94,0,2.3600625,0,0
acl_memcpy_host_to_device,,,13.81,13.81,2.3600625,2.3600625,0,0
aten::slice,,,6.52,8.71,0,0,0,0
aten::as_strided,,,2.19,2.19,0,0,0,0
aten::slice,,,2.92,6.95,0,0,0,0
aten::as_strided,,,4.03,4.03,0,0,0,0
aten::pin_memory,,,3.25,11.46,0,0,0,0
aten::is_pinned,,,8.21,8.21,0,0,0,0
aten::copy_,,,14.16,29.17,0,2.14003125,0,0
acl_memcpy_host_to_device,,,15.01,15.01,2.14003125,2.14003125,0,0
aten::slice,,,5.23,7.32,0,0,0,0
aten::as_strided,,,2.09,2.09,0,0,0,0
aten::slice,,,2.8,6.84,0,0,0,0
aten::as_strided,,,4.04,4.04,0,0,0,0
aten::pin_memory,,,3.07,10.73,0,0,0,0
aten::is_pinned,,,7.66,7.66,0,0,0,0
aten::copy_,,,12.98,25.98,0,2.40003125,0,0
acl_memcpy_host_to_device,,,13.0,13.0,2.40003125,2.40003125,0,0
aten::slice,,,5.33,7.18,0,0,0,0
aten::as_strided,,,1.85,1.85,0,0,0,0
aten::slice,,,2.78,6.3,0,0,0,0
aten::as_strided,,,3.52,3.52,0,0,0,0
aten::pin_memory,,,3.32,10.96,0,0,0,0
aten::is_pinned,,,7.64,7.64,0,0,0,0
aten::copy_,,,13.17,26.29,0,2.20003125,0,0
acl_memcpy_host_to_device,,,13.12,13.12,2.20003125,2.20003125,0,0
aten::slice,,,11.45,15.07,0,0,0,0
aten::as_strided,,,3.62,3.62,0,0,0,0
aten::slice,,,3.49,9.77,0,0,0,0
aten::as_strided,,,6.28,6.28,0,0,0,0
aten::pin_memory,,,4.04,20.07,0,0,0,0
aten::is_pinned,,,16.03,16.03,0,0,0,0
aten::copy_,,,16.85,35.15,0,2.4800625,0,0
acl_memcpy_host_to_device,,,18.3,18.3,2.4800625,2.4800625,0,0
aten::slice,,,5.44,10.0,0,0,0,0
aten::as_strided,,,4.56,4.56,0,0,0,0
aten::lift_fresh,,,1.22,1.22,0,0,0,0
aten::lift_fresh,,,1.22,1.22,0,0,0,0
aten::flatten,,,3.89,10.5,0,0,0,0
aten::view,,,6.61,6.61,0,0,0,0
aten::slice,,,3.93,5.66,0,0,0,0
aten::as_strided,,,1.73,1.73,0,0,0,0
aten::index_select,,,7.06,7.06,0,0,0,0
aten::pin_memory,,,3.68,17.46,0,0,0,0
aten::is_pinned,,,13.78,13.78,0,0,0,0
aten::copy_,,,16.59,32.68,0,2.20003125,0,0
acl_memcpy_host_to_device,,,16.09,16.09,2.20003125,2.20003125,0,0
aten::pin_memory,,,4.13,11.42,0,0,0,0
aten::is_pinned,,,7.29,7.29,0,0,0,0
aten::copy_,,,13.64,27.53,0,2.30003125,0,0
acl_memcpy_host_to_device,,,13.89,13.89,2.30003125,2.30003125,0,0
aten::slice,,,7.43,9.9,0,0,0,0
aten::as_strided,,,2.47,2.47,0,0,0,0
aten::lift_fresh,,,1.34,1.34,0,0,0,0
aten::slice,,,3.15,4.18,0,0,0,0
aten::as_strided,,,1.03,1.03,0,0,0,0
aten::add,,,13.32,13.32,0,0,0,0
aten::slice,,,3.61,4.87,0,0,0,0
aten::as_strided,,,1.26,1.26,0,0,0,0
aten::fill_,,,2.43,2.43,0,0,0,0
aten::slice,,,5.91,11.67,0,0,0,0
aten::as_strided,,,5.76,5.76,0,0,0,0
aten::fill_,,,21.8,57.96,0,1.62,0,0
aclnnInplaceFillScalar,,,36.16,36.16,1.62,1.62,0,0
aten::slice,,,7.15,13.1,0,0,0,0
aten::as_strided,,,5.95,5.95,0,0,0,0
aten::select,,,4.32,7.3,0,0,0,0
aten::as_strided,,,2.98,2.98,0,0,0,0
aten::copy_,,,69.75,112.4,0,0.82003125,0,0
aclnnInplaceCopy,,,42.65,42.65,0.82003125,0.82003125,0,0
aten::slice,,,8.52,11.37,0,0,0,0
aten::as_strided,,,2.85,2.85,0,0,0,0
aten::detach,,,2.58,2.58,0,0,0,0
aten::to,,,1.85,1.85,0,0,0,0
aten::resolve_conj,,,3.54,3.54,0,0,0,0
aten::resolve_neg,,,0.45,0.45,0,0,0,0
aten::slice,,,5.4,7.85,0,0,0,0
aten::as_strided,,,2.45,2.45,0,0,0,0
aten::slice,,,3.19,7.95,0,0,0,0
aten::as_strided,,,4.76,4.76,0,0,0,0
aten::pin_memory,,,4.21,19.9,0,0,0,0
aten::is_pinned,,,15.69,15.69,0,0,0,0
aten::copy_,,,4.32,4.32,0,0,0,0
aten::slice,,,5.87,8.51,0,0,0,0
aten::as_strided,,,2.64,2.64,0,0,0,0
aten::slice,,,2.68,6.12,0,0,0,0
aten::as_strided,,,3.44,3.44,0,0,0,0
aten::pin_memory,,,3.23,12.42,0,0,0,0
aten::is_pinned,,,9.19,9.19,0,0,0,0
aten::copy_,,,17.57,47.45,0,2.14003125,0,0
acl_memcpy_host_to_device,,,29.88,29.88,2.14003125,2.14003125,0,0
aten::fill_,,,18.91,37.7,0,1.52003125,0,0
aclnnInplaceFillScalar,,,18.79,18.79,1.52003125,1.52003125,0,0
aten::slice,,,7.06,11.57,0,0,0,0
aten::as_strided,,,4.51,4.51,0,0,0,0
aten::slice,,,3.31,5.66,0,0,0,0
aten::as_strided,,,2.35,2.35,0,0,0,0
aten::copy_,,,18.11,31.05,0,2.34003125,0,0
acl_memcpy_host_to_device,,,12.94,12.94,2.34003125,2.34003125,0,0
aten::slice,,,4.96,6.63,0,0,0,0
aten::as_strided,,,1.67,1.67,0,0,0,0
aten::slice,,,2.94,6.35,0,0,0,0
aten::as_strided,,,3.41,3.41,0,0,0,0
aten::pin_memory,,,3.93,13.69,0,0,0,0
aten::is_pinned,,,9.76,9.76,0,0,0,0
aten::copy_,,,14.49,32.46,0,2.18003125,0,0
acl_memcpy_host_to_device,,,17.97,17.97,2.18003125,2.18003125,0,0
aten::slice,,,5.54,9.11,0,0,0,0
aten::as_strided,,,3.57,3.57,0,0,0,0
aten::slice,,,3.08,4.93,0,0,0,0
aten::as_strided,,,1.85,1.85,0,0,0,0
aten::slice,,,2.48,4.85,0,0,0,0
aten::as_strided,,,2.37,2.37,0,0,0,0
aten::pin_memory,,,3.5,12.28,0,0,0,0
aten::is_pinned,,,8.78,8.78,0,0,0,0
aten::copy_,,,13.3,27.52,0,2.20003125,0,0
acl_memcpy_host_to_device,,,14.22,14.22,2.20003125,2.20003125,0,0
aten::slice,,,5.49,7.81,0,0,0,0
aten::as_strided,,,2.32,2.32,0,0,0,0
aten::slice,,,2.73,6.3,0,0,0,0
aten::as_strided,,,3.57,3.57,0,0,0,0
aten::pin_memory,,,3.52,12.18,0,0,0,0
aten::is_pinned,,,8.66,8.66,0,0,0,0
aten::copy_,,,12.59,25.37,0,2.3600625,0,0
acl_memcpy_host_to_device,,,12.78,12.78,2.3600625,2.3600625,0,0
aten::slice,,,4.35,7.72,0,0,0,0
aten::as_strided,,,3.37,3.37,0,0,0,0
aten::index,,,34.49,64.85,0,11.44021875,0,0
empty_tensor,,,6.79,6.79,0,0,0,0
empty_tensor,,,8.05,8.05,0,0,0,0
aclnnIndex,,,15.52,15.52,11.44021875,11.44021875,0,0
aten::to,,,2.44,54.54,0,1.12,0,0
aten::_to_copy,,,6.36,52.1,0,1.12,0,0
aten::empty_strided,,,8.76,13.45,0,0,0,0
empty_tensor,,,4.69,4.69,0,0,0,0
aten::copy_,,,17.1,32.29,0,1.12,0,0
aclnnInplaceCopy,,,15.19,15.19,1.12,1.12,0,0
aten::slice,,,6.69,11.64,0,0,0,0
aten::as_strided,,,4.95,4.95,0,0,0,0
aten::add,,,18.81,39.4,0,2.6400625,0,0
empty_tensor,,,6.91,6.91,0,0,0,0
aclnnAdd,,,13.68,13.68,2.6400625,2.6400625,0,0
aten::slice,,,5.31,9.45,0,0,0,0
aten::as_strided,,,4.14,4.14,0,0,0,0
aten::copy_,,,58.35,72.53,0,0.56,0,0
aclnnInplaceCopy,,,14.18,14.18,0.56,0.56,0,0
aten::slice,,,7.34,14.7,0,0,0,0
aten::as_strided,,,7.36,7.36,0,0,0,0
aten::add,,,21.18,44.61,0,1.52003125,0,0
empty_tensor,,,9.57,9.57,0,0,0,0
aclnnAdd,,,13.86,13.86,1.52003125,1.52003125,0,0
aten::slice,,,6.51,11.37,0,0,0,0
aten::as_strided,,,4.86,4.86,0,0,0,0
aten::copy_,,,49.98,65.28,0,0.6,0,0
aclnnInplaceCopy,,,15.3,15.3,0.6,0.6,0,0
aten::slice,,,6.81,11.35,0,0,0,0
aten::as_strided,,,4.54,4.54,0,0,0,0
aten::fill_,,,13.75,26.5,0,1.56003125,0,0
aclnnInplaceFillScalar,,,12.75,12.75,1.56003125,1.56003125,0,0
aten::slice,,,6.41,10.23,0,0,0,0
aten::as_strided,,,3.82,3.82,0,0,0,0
aten::slice,,,3.2,6.78,0,0,0,0
aten::as_strided,,,3.58,3.58,0,0,0,0
compute_slot_mapping_fused_groups_adaptive_kernel,,,32.17,32.17,4.6800625,4.6800625,0,0
aten::slice,,,10.38,18.71,0,0,0,0
aten::as_strided,,,8.33,8.33,0,0,0,0
aten::sub,,,27.11,60.41,0,1.60003125,0,0
empty_tensor,,,11.2,11.2,0,0,0,0
aten::item,,,2.56,4.46,0,0,0,0
aten::_local_scalar_dense,,,1.9,1.9,0,0,0,0
aclnnSubs,,,17.64,17.64,1.60003125,1.60003125,0,0
aten::pin_memory,,,7.49,26.47,0,0,0,0
aten::is_pinned,,,18.98,18.98,0,0,0,0
aten::copy_,,,19.3,42.01,0,2.40003125,0,0
acl_memcpy_host_to_device,,,22.71,22.71,2.40003125,2.40003125,0,0
aten::detach,,,5.0,5.0,0,0,0,0
aten::to,,,2.04,2.04,0,0,0,0
aten::resolve_conj,,,0.92,0.92,0,0,0,0
aten::resolve_neg,,,0.6,0.6,0,0,0,0
aten::slice,,,9.1,16.4,0,0,0,0
aten::as_strided,,,7.3,7.3,0,0,0,0
aten::slice,,,3.07,6.42,0,0,0,0
aten::as_strided,,,3.35,3.35,0,0,0,0
aten::slice,,,3.25,5.55,0,0,0,0
aten::as_strided,,,2.3,2.3,0,0,0,0
aten::fill_,,,19.0,38.65,0,1.38003125,0,0
aclnnInplaceFillScalar,,,19.65,19.65,1.38003125,1.38003125,0,0
aten::slice,,,5.05,8.77,0,0,0,0
aten::as_strided,,,3.72,3.72,0,0,0,0
aten::fill_,,,13.74,28.15,0,1.52003125,0,0
aclnnInplaceFillScalar,,,14.41,14.41,1.52003125,1.52003125,0,0
aten::slice,,,4.9,7.49,0,0,0,0
aten::as_strided,,,2.59,2.59,0,0,0,0
aten::slice,,,3.15,4.41,0,0,0,0
aten::as_strided,,,1.26,1.26,0,0,0,0
aten::lt,,,13.51,13.51,0,0,0,0
aten::lift_fresh,,,1.22,1.22,0,0,0,0
aten::slice,,,2.03,3.25,0,0,0,0
aten::as_strided,,,1.22,1.22,0,0,0,0
aten::fill_,,,2.81,10.32,0,0,0,0
aten::copy_,,,7.51,7.51,0,0,0,0
aten::slice,,,4.31,6.33,0,0,0,0
aten::as_strided,,,2.02,2.02,0,0,0,0
aten::slice,,,2.98,7.44,0,0,0,0
aten::as_strided,,,4.46,4.46,0,0,0,0
aten::slice,,,2.7,4.54,0,0,0,0
aten::as_strided,,,1.84,1.84,0,0,0,0
aten::slice,,,3.19,5.87,0,0,0,0
aten::as_strided,,,2.68,2.68,0,0,0,0
aten::slice,,,2.2,3.08,0,0,0,0
aten::as_strided,,,0.88,0.88,0,0,0,0
aten::slice,,,2.01,3.33,0,0,0,0
aten::as_strided,,,1.32,1.32,0,0,0,0
aten::slice,,,2.66,5.51,0,0,0,0
aten::as_strided,,,2.85,2.85,0,0,0,0
aten::slice,,,2.48,4.9,0,0,0,0
aten::as_strided,,,2.42,2.42,0,0,0,0
aten::slice,,,2.48,4.7,0,0,0,0
aten::as_strided,,,2.22,2.22,0,0,0,0
aten::slice,,,5.68,11.3,0,0,0,0
aten::as_strided,,,5.62,5.62,0,0,0,0
aten::slice,,,2.72,6.4,0,0,0,0
aten::as_strided,,,3.68,3.68,0,0,0,0
aten::slice,,,3.32,6.04,0,0,0,0
aten::as_strided,,,2.72,2.72,0,0,0,0
aten::to,,,1.44,1.44,0,0,0,0
aten::slice,,,2.74,5.7,0,0,0,0
aten::as_strided,,,2.96,2.96,0,0,0,0
aten::slice,,,2.49,4.87,0,0,0,0
aten::as_strided,,,2.38,2.38,0,0,0,0
aten::slice,,,2.28,3.72,0,0,0,0
aten::as_strided,,,1.44,1.44,0,0,0,0
aten::slice,,,3.84,8.38,0,0,0,0
aten::as_strided,,,4.54,4.54,0,0,0,0
aten::alias,,,2.99,2.99,0,0,0,0
aten::alias,,,3.78,3.78,0,0,0,0
aten::div,,,36.98,62.42,0,9.1601875,0,0
aten::item,,,2.19,3.84,0,0,0,0
aten::_local_scalar_dense,,,1.65,1.65,0,0,0,0
aclnnDivMods,,,21.6,21.6,9.1601875,9.1601875,0,0
aten::slice,,,3.8,9.15,0,0,0,0
aten::as_strided,,,5.35,5.35,0,0,0,0
aten::slice,,,4.15,6.95,0,0,0,0
aten::as_strided,,,2.8,2.8,0,0,0,0
aten::copy_,,,64.96,83.4,0,0.6,0,0
aclnnInplaceCopy,,,18.44,18.44,0.6,0.6,0,0
aten::slice,,,3.23,7.14,0,0,0,0
aten::as_strided,,,3.91,3.91,0,0,0,0
aten::slice,,,4.52,7.45,0,0,0,0
aten::as_strided,,,2.93,2.93,0,0,0,0
aten::ge,,,22.27,48.93,0,4.5200625,0,0
empty_tensor,,,11.51,11.51,0,0,0,0
aclnnGeScalar,,,15.15,15.15,4.5200625,4.5200625,0,0
aten::add,,,20.7,45.3,0,2.88003125,0,0
empty_tensor,,,7.64,7.64,0,0,0,0
aten::item,,,2.38,3.87,0,0,0,0
aten::_local_scalar_dense,,,1.49,1.49,0,0,0,0
aclnnAdds,,,13.09,13.09,2.88003125,2.88003125,0,0
aten::remainder,,,23.28,43.87,0,3.78009375,0,0
empty_tensor,,,7.4,7.4,0,0,0,0
aclnnRemainderTensorScalar,,,13.19,13.19,3.78009375,3.78009375,0,0
aten::eq,,,27.12,46.04,0,2.34003125,0,0
empty_tensor,,,6.48,6.48,0,0,0,0
aclnnEqScalar,,,12.44,12.44,2.34003125,2.34003125,0,0
aten::__and__,,,2.57,38.6,0,2.02003125,0,0
aten::bitwise_and,,,18.23,36.03,0,2.02003125,0,0
empty_tensor,,,6.27,6.27,0,0,0,0
aclnnBitwiseAndTensor,,,11.53,11.53,2.02003125,2.02003125,0,0
aten::clamp_min,,,12.85,28.43,0,3.2200625,0,0
empty_tensor,,,6.15,6.15,0,0,0,0
aclnnClampMin,,,9.43,9.43,3.2200625,3.2200625,0,0
aten::div,,,22.46,45.78,0,4.34009375,0,0
empty_tensor,,,6.9,6.9,0,0,0,0
aten::item,,,2.33,4.04,0,0,0,0
aten::_local_scalar_dense,,,1.71,1.71,0,0,0,0
aclnnDivMods,,,12.38,12.38,4.34009375,4.34009375,0,0
aten::remainder,,,18.49,37.27,0,4.96009375,0,0
empty_tensor,,,6.27,6.27,0,0,0,0
aclnnRemainderTensorScalar,,,12.51,12.51,4.96009375,4.96009375,0,0
aten::mul,,,18.11,38.79,0,1.58003125,0,0
empty_tensor,,,5.9,5.9,0,0,0,0
aten::item,,,1.68,2.8,0,0,0,0
aten::_local_scalar_dense,,,1.12,1.12,0,0,0,0
aclnnMuls,,,11.98,11.98,1.58003125,1.58003125,0,0
aten::div,,,19.9,41.38,0,4.020125,0,0
empty_tensor,,,6.98,6.98,0,0,0,0
aten::item,,,1.69,3.16,0,0,0,0
aten::_local_scalar_dense,,,1.47,1.47,0,0,0,0
aclnnDivMods,,,11.34,11.34,4.020125,4.020125,0,0
aten::add,,,14.78,24.02,0,1.42003125,0,0
empty_tensor,,,6.39,6.39,0,0,0,0
aclnnAdd,,,2.85,2.85,1.42003125,1.42003125,0,0
aten::full_like,,,4.83,44.12,0,1.12,0,0
aten::empty_like,,,5.11,17.32,0,0,0,0
aten::empty_strided,,,8.07,12.21,0,0,0,0
empty_tensor,,,4.14,4.14,0,0,0,0
aten::fill_,,,10.17,21.97,0,1.12,0,0
aclnnInplaceFillScalar,,,11.8,11.8,1.12,1.12,0,0
aten::where,,,12.63,30.7,0,2.1800625,0,0
empty_tensor,,,6.16,6.16,0,0,0,0
aclnnSWhere,,,11.91,11.91,2.1800625,2.1800625,0,0
aten::copy_,,,14.99,25.74,0,1.12003125,0,0
aclnnInplaceCopy,,,10.75,10.75,1.12003125,1.12003125,0,0
aten::slice,,,3.73,8.21,0,0,0,0
aten::as_strided,,,4.48,4.48,0,0,0,0
aten::slice,,,5.9,9.26,0,0,0,0
aten::as_strided,,,3.36,3.36,0,0,0,0
aten::div,,,23.54,38.92,0,4.34003125,0,0
aten::item,,,1.86,3.34,0,0,0,0
aten::_local_scalar_dense,,,1.48,1.48,0,0,0,0
aclnnDivMods,,,12.04,12.04,4.34003125,4.34003125,0,0
aten::slice,,,2.5,6.48,0,0,0,0
aten::as_strided,,,3.98,3.98,0,0,0,0
aten::slice,,,4.14,7.21,0,0,0,0
aten::as_strided,,,3.07,3.07,0,0,0,0
aten::slice,,,2.62,4.97,0,0,0,0
aten::as_strided,,,2.35,2.35,0,0,0,0
aten::copy_,,,62.14,77.4,0,0.6,0,0
aclnnInplaceCopy,,,15.26,15.26,0.6,0.6,0,0
aten::slice,,,3.14,7.08,0,0,0,0
aten::as_strided,,,3.94,3.94,0,0,0,0
aten::slice,,,4.93,7.51,0,0,0,0
aten::as_strided,,,2.58,2.58,0,0,0,0
aten::copy_,,,50.63,65.59,0,0.62,0,0
aclnnInplaceCopy,,,14.96,14.96,0.62,0.62,0,0
aten::slice,,,6.05,8.79,0,0,0,0
aten::as_strided,,,2.74,2.74,0,0,0,0
aten::div,,,13.04,30.06,0,0,0,0
aten::to,,,1.72,17.02,0,0,0,0
aten::_to_copy,,,4.62,15.3,0,0,0,0
aten::empty_strided,,,3.62,3.62,0,0,0,0
aten::copy_,,,7.06,7.06,0,0,0,0
aten::slice,,,4.11,9.46,0,0,0,0
aten::as_strided,,,5.35,5.35,0,0,0,0
aten::slice,,,5.78,11.06,0,0,0,0
aten::as_strided,,,5.28,5.28,0,0,0,0
aten::slice,,,3.08,5.91,0,0,0,0
aten::as_strided,,,2.83,2.83,0,0,0,0
aten::slice,,,2.46,5.0,0,0,0,0
aten::as_strided,,,2.54,2.54,0,0,0,0
aten::fill_,,,17.37,34.6,0,1.30003125,0,0
aclnnInplaceFillScalar,,,17.23,17.23,1.30003125,1.30003125,0,0
aten::slice,,,5.25,9.09,0,0,0,0
aten::as_strided,,,3.84,3.84,0,0,0,0
aten::fill_,,,12.83,25.86,0,1.12003125,0,0
aclnnInplaceFillScalar,,,13.03,13.03,1.12003125,1.12003125,0,0
aten::slice,,,6.63,11.43,0,0,0,0
aten::as_strided,,,4.8,4.8,0,0,0,0
aten::slice,,,3.13,5.74,0,0,0,0
aten::as_strided,,,2.61,2.61,0,0,0,0
aten::slice,,,5.49,8.01,0,0,0,0
aten::as_strided,,,2.52,2.52,0,0,0,0
aten::slice,,,2.68,6.32,0,0,0,0
aten::as_strided,,,3.64,3.64,0,0,0,0
aten::slice,,,2.7,5.68,0,0,0,0
aten::as_strided,,,2.98,2.98,0,0,0,0
aten::slice,,,2.66,5.34,0,0,0,0
aten::as_strided,,,2.68,2.68,0,0,0,0
aten::slice,,,2.35,4.84,0,0,0,0
aten::as_strided,,,2.49,2.49,0,0,0,0
aten::fill_,,,15.79,31.46,0,1.32003125,0,0
aclnnInplaceFillScalar,,,15.67,15.67,1.32003125,1.32003125,0,0
aten::slice,,,4.14,7.57,0,0,0,0
aten::as_strided,,,3.43,3.43,0,0,0,0
aten::fill_,,,11.39,25.32,0,1.32003125,0,0
aclnnInplaceFillScalar,,,13.93,13.93,1.32003125,1.32003125,0,0
aten::slice,,,5.19,10.04,0,0,0,0
aten::as_strided,,,4.85,4.85,0,0,0,0
aten::slice,,,16.97,26.21,0,0,0,0
aten::as_strided,,,9.24,9.24,0,0,0,0
aten::slice,,,2.57,7.31,0,0,0,0
aten::as_strided,,,4.74,4.74,0,0,0,0
aten::slice,,,2.89,5.75,0,0,0,0
aten::as_strided,,,2.86,2.86,0,0,0,0
aten::slice,,,3.55,12.3,0,0,0,0
aten::as_strided,,,8.75,8.75,0,0,0,0
aten::slice,,,4.41,12.44,0,0,0,0
aten::as_strided,,,8.03,8.03,0,0,0,0
aten::slice,,,3.09,5.37,0,0,0,0
aten::as_strided,,,2.28,2.28,0,0,0,0
aten::slice,,,1.32,3.02,0,0,0,0
aten::as_strided,,,1.7,1.7,0,0,0,0
aten::diff,,,9.1,43.28,0,0,0,0
aten::narrow,,,5.62,16.64,0,0,0,0
aten::slice,,,3.58,11.02,0,0,0,0
aten::as_strided,,,7.44,7.44,0,0,0,0
aten::narrow,,,2.65,4.95,0,0,0,0
aten::slice,,,1.08,2.3,0,0,0,0
aten::as_strided,,,1.22,1.22,0,0,0,0
aten::sub,,,12.59,12.59,0,0,0,0
aten::eq,,,19.17,37.25,0,0,0,0
aten::to,,,1.86,18.08,0,0,0,0
aten::_to_copy,,,5.25,16.22,0,0,0,0
aten::empty_strided,,,4.76,4.76,0,0,0,0
aten::copy_,,,6.21,6.21,0,0,0,0
aten::__and__,,,2.03,7.49,0,0,0,0
aten::bitwise_and,,,5.46,5.46,0,0,0,0
aten::gt,,,15.77,25.89,0,0,0,0
aten::to,,,1.22,10.12,0,0,0,0
aten::_to_copy,,,2.97,8.9,0,0,0,0
aten::empty_strided,,,2.8,2.8,0,0,0,0
aten::copy_,,,3.13,3.13,0,0,0,0
aten::__and__,,,1.38,9.46,0,0,0,0
aten::bitwise_and,,,8.08,8.08,0,0,0,0
aten::any,,,12.42,15.52,0,0,0,0
aten::as_strided,,,2.12,2.12,0,0,0,0
aten::fill_,,,0.98,0.98,0,0,0,0
aten::item,,,2.01,3.74,0,0,0,0
aten::_local_scalar_dense,,,1.73,1.73,0,0,0,0
aten::slice,,,5.72,13.21,0,0,0,0
aten::as_strided,,,7.49,7.49,0,0,0,0
aten::slice,,,3.34,11.5,0,0,0,0
aten::as_strided,,,8.16,8.16,0,0,0,0
aten::sub,,,7.69,7.69,0,0,0,0
aten::select,,,3.25,9.54,0,0,0,0
aten::as_strided,,,6.29,6.29,0,0,0,0
aten::item,,,1.68,2.76,0,0,0,0
aten::_local_scalar_dense,,,1.08,1.08,0,0,0,0
aten::gt,,,18.44,29.69,0,0,0,0
aten::to,,,1.52,11.25,0,0,0,0
aten::_to_copy,,,3.21,9.73,0,0,0,0
aten::empty_strided,,,2.68,2.68,0,0,0,0
aten::copy_,,,3.84,3.84,0,0,0,0
aten::__ior__,,,2.39,7.16,0,0,0,0
aten::bitwise_or_,,,4.77,4.77,0,0,0,0
aten::any,,,9.68,11.93,0,0,0,0
aten::as_strided,,,1.49,1.49,0,0,0,0
aten::fill_,,,0.76,0.76,0,0,0,0
aten::is_nonzero,,,1.85,4.93,0,0,0,0
aten::item,,,2.21,3.08,0,0,0,0
aten::_local_scalar_dense,,,0.87,0.87,0,0,0,0
aten::select,,,5.15,12.92,0,0,0,0
aten::as_strided,,,7.77,7.77,0,0,0,0
aten::slice,,,5.49,10.29,0,0,0,0
aten::as_strided,,,4.8,4.8,0,0,0,0
aten::slice,,,2.83,5.28,0,0,0,0
aten::as_strided,,,2.45,2.45,0,0,0,0
aten::slice,,,2.26,4.45,0,0,0,0
aten::as_strided,,,2.19,2.19,0,0,0,0
aten::copy_,,,68.28,91.58,0,0.56003125,0,0
aclnnInplaceCopy,,,23.3,23.3,0.56003125,0.56003125,0,0
aten::slice,,,6.33,10.54,0,0,0,0
aten::as_strided,,,4.21,4.21,0,0,0,0
aten::fill_,,,15.93,32.93,0,1.18003125,0,0
aclnnInplaceFillScalar,,,17.0,17.0,1.18003125,1.18003125,0,0
aten::slice,,,5.95,10.59,0,0,0,0
aten::as_strided,,,4.64,4.64,0,0,0,0
aten::slice,,,2.82,6.0,0,0,0,0
aten::as_strided,,,3.18,3.18,0,0,0,0
aten::slice,,,2.39,4.59,0,0,0,0
aten::as_strided,,,2.2,2.2,0,0,0,0
aten::copy_,,,56.89,74.97,0,0.64,0,0
aclnnInplaceCopy,,,18.08,18.08,0.64,0.64,0,0
aten::slice,,,5.93,9.9,0,0,0,0
aten::as_strided,,,3.97,3.97,0,0,0,0
aten::slice,,,2.56,5.71,0,0,0,0
aten::as_strided,,,3.15,3.15,0,0,0,0
aten::expand_as,,,2.13,9.67,0,0,0,0
aten::expand,,,4.08,7.54,0,0,0,0
aten::as_strided,,,3.46,3.46,0,0,0,0
aten::copy_,,,49.95,69.01,0,0.56003125,0,0
aclnnInplaceCopy,,,19.06,19.06,0.56003125,0.56003125,0,0
aten::slice,,,6.14,10.95,0,0,0,0
aten::as_strided,,,4.81,4.81,0,0,0,0
aten::slice,,,4.4,7.56,0,0,0,0
aten::as_strided,,,3.16,3.16,0,0,0,0
aten::slice,,,2.38,4.68,0,0,0,0
aten::as_strided,,,2.3,2.3,0,0,0,0
aten::slice,,,2.37,4.6,0,0,0,0
aten::as_strided,,,2.23,2.23,0,0,0,0
aten::copy_,,,51.59,70.83,0,0.66003125,0,0
aclnnInplaceCopy,,,19.24,19.24,0.66003125,0.66003125,0,0
aten::slice,,,6.46,10.77,0,0,0,0
aten::as_strided,,,4.31,4.31,0,0,0,0
aten::slice,,,2.64,5.01,0,0,0,0
aten::as_strided,,,2.37,2.37,0,0,0,0
aten::slice,,,2.55,4.86,0,0,0,0
aten::as_strided,,,2.31,2.31,0,0,0,0
aten::sub,,,19.18,32.75,0,1.52003125,0,0
aclnnSub,,,13.57,13.57,1.52003125,1.52003125,0,0
aten::slice,,,6.75,9.79,0,0,0,0
aten::as_strided,,,3.04,3.04,0,0,0,0
aten::slice,,,2.88,7.27,0,0,0,0
aten::as_strided,,,4.39,4.39,0,0,0,0
aten::slice,,,3.14,7.0,0,0,0,0
aten::as_strided,,,3.86,3.86,0,0,0,0
aten::slice,,,2.45,5.02,0,0,0,0
aten::as_strided,,,2.57,2.57,0,0,0,0
aten::slice,,,2.66,4.7,0,0,0,0
aten::as_strided,,,2.04,2.04,0,0,0,0
aten::fill_,,,15.09,30.8,0,1.18,0,0
aclnnInplaceFillScalar,,,15.71,15.71,1.18,1.18,0,0
aten::slice,,,4.69,8.51,0,0,0,0
aten::as_strided,,,3.82,3.82,0,0,0,0
aten::fill_,,,13.02,26.25,0,1.26003125,0,0
aclnnInplaceFillScalar,,,13.23,13.23,1.26003125,1.26003125,0,0
aten::slice,,,6.7,11.53,0,0,0,0
aten::as_strided,,,4.83,4.83,0,0,0,0
aten::slice,,,2.6,4.24,0,0,0,0
aten::as_strided,,,1.64,1.64,0,0,0,0
aten::slice,,,2.67,8.19,0,0,0,0
aten::as_strided,,,5.52,5.52,0,0,0,0
aten::slice,,,2.8,4.12,0,0,0,0
aten::as_strided,,,1.32,1.32,0,0,0,0
aten::slice,,,2.43,4.25,0,0,0,0
aten::as_strided,,,1.82,1.82,0,0,0,0
aten::slice,,,2.33,3.41,0,0,0,0
aten::as_strided,,,1.08,1.08,0,0,0,0
aten::slice,,,2.02,2.86,0,0,0,0
aten::as_strided,,,0.84,0.84,0,0,0,0
aten::slice,,,1.33,2.51,0,0,0,0
aten::as_strided,,,1.18,1.18,0,0,0,0
aten::diff,,,6.65,31.98,0,0,0,0
aten::narrow,,,5.25,8.76,0,0,0,0
aten::slice,,,1.93,3.51,0,0,0,0
aten::as_strided,,,1.58,1.58,0,0,0,0
aten::narrow,,,2.33,4.69,0,0,0,0
aten::slice,,,1.22,2.36,0,0,0,0
aten::as_strided,,,1.14,1.14,0,0,0,0
aten::sub,,,11.88,11.88,0,0,0,0
aten::eq,,,12.72,28.41,0,0,0,0
aten::to,,,1.93,15.69,0,0,0,0
aten::_to_copy,,,4.53,13.76,0,0,0,0
aten::empty_strided,,,3.38,3.38,0,0,0,0
aten::copy_,,,5.85,5.85,0,0,0,0
aten::__and__,,,2.08,6.48,0,0,0,0
aten::bitwise_and,,,4.4,4.4,0,0,0,0
aten::gt,,,8.05,17.03,0,0,0,0
aten::to,,,1.41,8.98,0,0,0,0
aten::_to_copy,,,2.73,7.57,0,0,0,0
aten::empty_strided,,,1.77,1.77,0,0,0,0
aten::copy_,,,3.07,3.07,0,0,0,0
aten::__and__,,,1.41,4.78,0,0,0,0
aten::bitwise_and,,,3.37,3.37,0,0,0,0
aten::any,,,9.52,12.13,0,0,0,0
aten::as_strided,,,1.41,1.41,0,0,0,0
aten::fill_,,,1.2,1.2,0,0,0,0
aten::item,,,1.95,3.24,0,0,0,0
aten::_local_scalar_dense,,,1.29,1.29,0,0,0,0
aten::slice,,,5.15,7.05,0,0,0,0
aten::as_strided,,,1.9,1.9,0,0,0,0
aten::slice,,,2.54,3.63,0,0,0,0
aten::as_strided,,,1.09,1.09,0,0,0,0
aten::sub,,,5.2,5.2,0,0,0,0
aten::select,,,3.38,5.5,0,0,0,0
aten::as_strided,,,2.12,2.12,0,0,0,0
aten::item,,,1.21,2.32,0,0,0,0
aten::_local_scalar_dense,,,1.11,1.11,0,0,0,0
aten::gt,,,7.9,18.03,0,0,0,0
aten::to,,,1.46,10.13,0,0,0,0
aten::_to_copy,,,2.98,8.67,0,0,0,0
aten::empty_strided,,,2.04,2.04,0,0,0,0
aten::copy_,,,3.65,3.65,0,0,0,0
aten::__ior__,,,2.0,6.01,0,0,0,0
aten::bitwise_or_,,,4.01,4.01,0,0,0,0
aten::any,,,7.85,9.91,0,0,0,0
aten::as_strided,,,1.23,1.23,0,0,0,0
aten::fill_,,,0.83,0.83,0,0,0,0
aten::is_nonzero,,,1.46,3.52,0,0,0,0
aten::item,,,1.25,2.06,0,0,0,0
aten::_local_scalar_dense,,,0.81,0.81,0,0,0,0
aten::select,,,4.48,11.52,0,0,0,0
aten::as_strided,,,7.04,7.04,0,0,0,0
aten::slice,,,4.85,9.04,0,0,0,0
aten::as_strided,,,4.19,4.19,0,0,0,0
aten::slice,,,2.52,5.08,0,0,0,0
aten::as_strided,,,2.56,2.56,0,0,0,0
aten::slice,,,2.32,5.13,0,0,0,0
aten::as_strided,,,2.81,2.81,0,0,0,0
aten::copy_,,,67.91,91.58,0,0.64003125,0,0
aclnnInplaceCopy,,,23.67,23.67,0.64003125,0.64003125,0,0
aten::slice,,,6.56,10.64,0,0,0,0
aten::as_strided,,,4.08,4.08,0,0,0,0
aten::fill_,,,16.6,33.65,0,1.30003125,0,0
aclnnInplaceFillScalar,,,17.05,17.05,1.30003125,1.30003125,0,0
aten::slice,,,5.36,9.89,0,0,0,0
aten::as_strided,,,4.53,4.53,0,0,0,0
aten::slice,,,3.18,5.76,0,0,0,0
aten::as_strided,,,2.58,2.58,0,0,0,0
aten::slice,,,2.89,5.63,0,0,0,0
aten::as_strided,,,2.74,2.74,0,0,0,0
aten::copy_,,,57.12,78.26,0,0.58003125,0,0
aclnnInplaceCopy,,,21.14,21.14,0.58003125,0.58003125,0,0
aten::slice,,,6.38,10.55,0,0,0,0
aten::as_strided,,,4.17,4.17,0,0,0,0
aten::slice,,,2.89,6.16,0,0,0,0
aten::as_strided,,,3.27,3.27,0,0,0,0
aten::expand_as,,,2.06,10.37,0,0,0,0
aten::expand,,,4.14,8.31,0,0,0,0
aten::as_strided,,,4.17,4.17,0,0,0,0
aten::copy_,,,51.21,70.52,0,0.52003125,0,0
aclnnInplaceCopy,,,19.31,19.31,0.52003125,0.52003125,0,0
aten::slice,,,6.16,10.52,0,0,0,0
aten::as_strided,,,4.36,4.36,0,0,0,0
aten::slice,,,3.88,7.24,0,0,0,0
aten::as_strided,,,3.36,3.36,0,0,0,0
aten::slice,,,2.68,5.34,0,0,0,0
aten::as_strided,,,2.66,2.66,0,0,0,0
aten::slice,,,2.66,5.45,0,0,0,0
aten::as_strided,,,2.79,2.79,0,0,0,0
aten::copy_,,,51.04,69.99,0,0.64,0,0
aclnnInplaceCopy,,,18.95,18.95,0.64,0.64,0,0
aten::slice,,,6.29,10.18,0,0,0,0
aten::as_strided,,,3.89,3.89,0,0,0,0
aten::slice,,,2.77,5.49,0,0,0,0
aten::as_strided,,,2.72,2.72,0,0,0,0
aten::slice,,,2.66,5.2,0,0,0,0
aten::as_strided,,,2.54,2.54,0,0,0,0
aten::sub,,,18.2,31.46,0,1.4600625,0,0
aclnnSub,,,13.26,13.26,1.4600625,1.4600625,0,0
aten::slice,,,8.22,12.85,0,0,0,0
aten::as_strided,,,4.63,4.63,0,0,0,0
aten::slice,,,2.97,8.16,0,0,0,0
aten::as_strided,,,5.19,5.19,0,0,0,0
aten::slice,,,3.15,5.96,0,0,0,0
aten::as_strided,,,2.81,2.81,0,0,0,0
aten::slice,,,2.44,5.39,0,0,0,0
aten::as_strided,,,2.95,2.95,0,0,0,0
aten::slice,,,2.59,4.76,0,0,0,0
aten::as_strided,,,2.17,2.17,0,0,0,0
aten::fill_,,,18.11,38.62,0,1.3,0,0
aclnnInplaceFillScalar,,,20.51,20.51,1.3,1.3,0,0
aten::slice,,,5.51,9.0,0,0,0,0
aten::as_strided,,,3.49,3.49,0,0,0,0
aten::fill_,,,12.24,25.48,0,1.22003125,0,0
aclnnInplaceFillScalar,,,13.24,13.24,1.22003125,1.22003125,0,0
aten::slice,,,5.35,10.37,0,0,0,0
aten::as_strided,,,5.02,5.02,0,0,0,0
aten::slice,,,2.98,5.05,0,0,0,0
aten::as_strided,,,2.07,2.07,0,0,0,0
aten::slice,,,2.51,5.2,0,0,0,0
aten::as_strided,,,2.69,2.69,0,0,0,0
aten::slice,,,2.72,3.9,0,0,0,0
aten::as_strided,,,1.18,1.18,0,0,0,0
aten::slice,,,2.48,3.68,0,0,0,0
aten::as_strided,,,1.2,1.2,0,0,0,0
aten::slice,,,2.65,3.88,0,0,0,0
aten::as_strided,,,1.23,1.23,0,0,0,0
aten::slice,,,2.11,3.08,0,0,0,0
aten::as_strided,,,0.97,0.97,0,0,0,0
aten::slice,,,1.6,2.56,0,0,0,0
aten::as_strided,,,0.96,0.96,0,0,0,0
aten::diff,,,6.66,31.06,0,0,0,0
aten::narrow,,,4.85,8.47,0,0,0,0
aten::slice,,,1.93,3.62,0,0,0,0
aten::as_strided,,,1.69,1.69,0,0,0,0
aten::narrow,,,1.93,3.99,0,0,0,0
aten::slice,,,0.93,2.06,0,0,0,0
aten::as_strided,,,1.13,1.13,0,0,0,0
aten::sub,,,11.94,11.94,0,0,0,0
aten::eq,,,12.77,27.81,0,0,0,0
aten::to,,,1.96,15.04,0,0,0,0
aten::_to_copy,,,4.53,13.08,0,0,0,0
aten::empty_strided,,,2.82,2.82,0,0,0,0
aten::copy_,,,5.73,5.73,0,0,0,0
aten::__and__,,,2.26,6.56,0,0,0,0
aten::bitwise_and,,,4.3,4.3,0,0,0,0
aten::gt,,,7.73,16.87,0,0,0,0
aten::to,,,1.18,9.14,0,0,0,0
aten::_to_copy,,,2.71,7.96,0,0,0,0
aten::empty_strided,,,2.23,2.23,0,0,0,0
aten::copy_,,,3.02,3.02,0,0,0,0
aten::__and__,,,1.23,4.47,0,0,0,0
aten::bitwise_and,,,3.24,3.24,0,0,0,0
aten::any,,,9.51,11.96,0,0,0,0
aten::as_strided,,,1.34,1.34,0,0,0,0
aten::fill_,,,1.11,1.11,0,0,0,0
aten::item,,,2.04,3.3,0,0,0,0
aten::_local_scalar_dense,,,1.26,1.26,0,0,0,0
aten::slice,,,4.39,5.69,0,0,0,0
aten::as_strided,,,1.3,1.3,0,0,0,0
aten::slice,,,2.16,3.29,0,0,0,0
aten::as_strided,,,1.13,1.13,0,0,0,0
aten::sub,,,4.84,4.84,0,0,0,0
aten::select,,,2.95,3.98,0,0,0,0
aten::as_strided,,,1.03,1.03,0,0,0,0
aten::item,,,1.13,2.18,0,0,0,0
aten::_local_scalar_dense,,,1.05,1.05,0,0,0,0
aten::gt,,,7.8,17.32,0,0,0,0
aten::to,,,1.22,9.52,0,0,0,0
aten::_to_copy,,,3.08,8.3,0,0,0,0
aten::empty_strided,,,2.01,2.01,0,0,0,0
aten::copy_,,,3.21,3.21,0,0,0,0
aten::__ior__,,,1.74,5.46,0,0,0,0
aten::bitwise_or_,,,3.72,3.72,0,0,0,0
aten::any,,,7.18,9.18,0,0,0,0
aten::as_strided,,,1.23,1.23,0,0,0,0
aten::fill_,,,0.77,0.77,0,0,0,0
aten::is_nonzero,,,1.2,3.01,0,0,0,0
aten::item,,,1.01,1.81,0,0,0,0
aten::_local_scalar_dense,,,0.8,0.8,0,0,0,0
aten::select,,,4.67,10.0,0,0,0,0
aten::as_strided,,,5.33,5.33,0,0,0,0
aten::slice,,,4.76,8.66,0,0,0,0
aten::as_strided,,,3.9,3.9,0,0,0,0
aten::slice,,,2.88,5.68,0,0,0,0
aten::as_strided,,,2.8,2.8,0,0,0,0
aten::slice,,,2.38,4.65,0,0,0,0
aten::as_strided,,,2.27,2.27,0,0,0,0
aten::copy_,,,67.21,91.38,0,0.56003125,0,0
aclnnInplaceCopy,,,24.17,24.17,0.56003125,0.56003125,0,0
aten::slice,,,6.77,11.61,0,0,0,0
aten::as_strided,,,4.84,4.84,0,0,0,0
aten::fill_,,,15.1,33.04,0,1.14003125,0,0
aclnnInplaceFillScalar,,,17.94,17.94,1.14003125,1.14003125,0,0
aten::slice,,,5.41,9.77,0,0,0,0
aten::as_strided,,,4.36,4.36,0,0,0,0
aten::slice,,,2.84,5.46,0,0,0,0
aten::as_strided,,,2.62,2.62,0,0,0,0
aten::slice,,,2.25,4.59,0,0,0,0
aten::as_strided,,,2.34,2.34,0,0,0,0
aten::copy_,,,55.62,74.16,0,0.62003125,0,0
aclnnInplaceCopy,,,18.54,18.54,0.62003125,0.62003125,0,0
aten::slice,,,6.31,10.23,0,0,0,0
aten::as_strided,,,3.92,3.92,0,0,0,0
aten::slice,,,2.92,5.41,0,0,0,0
aten::as_strided,,,2.49,2.49,0,0,0,0
aten::expand_as,,,1.89,9.36,0,0,0,0
aten::expand,,,4.07,7.47,0,0,0,0
aten::as_strided,,,3.4,3.4,0,0,0,0
aten::copy_,,,50.42,68.57,0,0.58,0,0
aclnnInplaceCopy,,,18.15,18.15,0.58,0.58,0,0
aten::slice,,,6.32,10.78,0,0,0,0
aten::as_strided,,,4.46,4.46,0,0,0,0
aten::slice,,,3.93,7.27,0,0,0,0
aten::as_strided,,,3.34,3.34,0,0,0,0
aten::slice,,,2.33,4.69,0,0,0,0
aten::as_strided,,,2.36,2.36,0,0,0,0
aten::slice,,,2.47,4.6,0,0,0,0
aten::as_strided,,,2.13,2.13,0,0,0,0
aten::copy_,,,68.45,98.67,0,0.62,0,0
aclnnInplaceCopy,,,30.22,30.22,0.62,0.62,0,0
aten::slice,,,15.48,20.04,0,0,0,0
aten::as_strided,,,4.56,4.56,0,0,0,0
aten::slice,,,3.7,13.95,0,0,0,0
aten::as_strided,,,10.25,10.25,0,0,0,0
aten::slice,,,3.28,11.48,0,0,0,0
aten::as_strided,,,8.2,8.2,0,0,0,0
aten::sub,,,19.1,43.36,0,1.62003125,0,0
aclnnSub,,,24.26,24.26,1.62003125,1.62003125,0,0
Event::record,,,168.69,214.09,0,0.02,0,0
record_event,,,45.4,45.4,0.02,0.02,0,0
aten::slice,,,8.53,16.18,0,0,0,0
aten::as_strided,,,7.65,7.65,0,0,0,0
aten::slice,,,3.41,6.21,0,0,0,0
aten::as_strided,,,2.8,2.8,0,0,0,0
aten::slice,,,2.25,4.69,0,0,0,0
aten::as_strided,,,2.44,2.44,0,0,0,0
aten::zero_,,,17.91,34.8,0,1.92003125,0,0
aclnnInplaceZero,,,16.89,16.89,1.92003125,1.92003125,0,0
aten::slice,,,7.5,14.84,0,0,0,0
aten::as_strided,,,7.34,7.34,0,0,0,0
aten::scalar_tensor,,,6.17,54.15,0,1.66003125,0,0
aten::empty,,,2.86,14.01,0,0,0,0
empty_tensor,,,11.15,11.15,0,0,0,0
aten::fill_,,,16.21,33.97,0,1.66003125,0,0
aclnnInplaceFillScalar,,,17.76,17.76,1.66003125,1.66003125,0,0
aten::slice,,,5.38,11.23,0,0,0,0
aten::as_strided,,,5.85,5.85,0,0,0,0
aten::view,,,3.05,3.05,0,0,0,0
aten::expand,,,1.95,3.67,0,0,0,0
aten::as_strided,,,1.72,1.72,0,0,0,0
aten::copy_,,,22.64,37.45,0,4.26009375,0,0
aclnnInplaceCopy,,,14.81,14.81,4.26009375,4.26009375,0,0
aten::scalar_tensor,,,4.29,36.5,0,1.40003125,0,0
aten::empty,,,2.0,8.83,0,0,0,0
empty_tensor,,,6.83,6.83,0,0,0,0
aten::fill_,,,10.6,23.38,0,1.40003125,0,0
aclnnInplaceFillScalar,,,12.78,12.78,1.40003125,1.40003125,0,0
aten::slice,,,4.64,9.87,0,0,0,0
aten::as_strided,,,5.23,5.23,0,0,0,0
aten::view,,,2.93,2.93,0,0,0,0
aten::expand,,,1.27,2.92,0,0,0,0
aten::as_strided,,,1.65,1.65,0,0,0,0
aten::copy_,,,56.08,71.23,0,0.58003125,0,0
aclnnInplaceCopy,,,15.15,15.15,0.58003125,0.58003125,0,0
aten::index,,,36.8,76.1,0,11.00021875,0,0
empty_tensor,,,7.48,7.48,0,0,0,0
empty_tensor,,,8.84,8.84,0,0,0,0
aclnnIndex,,,22.98,22.98,11.00021875,11.00021875,0,0
aten::linear,,,5.52,70.61,0,912.99825,0,912.99825
aten::t,,,6.38,16.48,0,0,0,0
aten::transpose,,,3.65,10.1,0,0,0,0
aten::as_strided,,,6.45,6.45,0,0,0,0
aten::matmul,,,22.72,48.61,0,912.99825,0,912.99825
empty_tensor,,,8.72,8.72,0,0,0,0
aclnnMatmul,,,17.17,17.17,912.99825,912.99825,912.99825,912.99825
aten::alias,,,3.89,3.89,0,0,0,0
aten::log_softmax,,,8.87,120.01,0,52.5010625,0,0
aten::to,,,3.57,72.09,0,7.80015625,0,0
aten::_to_copy,,,7.63,68.52,0,7.80015625,0,0
aten::empty_strided,,,12.85,20.49,0,0,0,0
empty_tensor,,,7.64,7.64,0,0,0,0
aten::copy_,,,22.12,40.4,0,7.80015625,0,0
aclnnInplaceCopy,,,18.28,18.28,7.80015625,7.80015625,0,0
aten::_log_softmax,,,19.71,39.05,0,44.70090625,0,0
empty_tensor,,,8.13,8.13,0,0,0,0
aclnnLogSoftmax,,,11.21,11.21,44.70090625,44.70090625,0,0
aten::to,,,1.97,50.23,0,3.0800625,0,0
aten::_to_copy,,,5.6,48.26,0,3.0800625,0,0
aten::empty_strided,,,8.52,13.65,0,0,0,0
empty_tensor,,,5.13,5.13,0,0,0,0
aten::copy_,,,14.91,29.01,0,3.0800625,0,0
aclnnInplaceCopy,,,14.1,14.1,3.0800625,3.0800625,0,0
aten::argmax,,,6.92,59.78,0,21.06040625,0,0
aten::empty,,,2.54,10.6,0,0,0,0
empty_tensor,,,8.06,8.06,0,0,0,0
aten::argmax,,,22.7,42.26,0,21.06040625,0,0
aten::reshape,,,1.7,6.67,0,0,0,0
aten::view,,,4.97,4.97,0,0,0,0
aclnnArgMax,,,12.89,12.89,21.06040625,21.06040625,0,0
aten::view,,,4.61,4.61,0,0,0,0
aten::to,,,1.55,1.55,0,0,0,0
aten::topk,,,21.85,45.79,0,40.66078125,0,0
empty_tensor,,,7.34,7.34,0,0,0,0
empty_tensor,,,4.68,4.68,0,0,0,0
aclnnTopk,,,11.92,11.92,40.66078125,40.66078125,0,0
aten::unsqueeze,,,3.65,8.45,0,0,0,0
aten::as_strided,,,4.8,4.8,0,0,0,0
aten::gather,,,22.35,33.0,0,5.680125,0,0
empty_tensor,,,6.95,6.95,0,0,0,0
aclnnGather,,,3.7,3.7,5.680125,5.680125,0,0
TorchDynamo Cache Lookup,,,35.84,35.84,0,0,0,0
Torch-Compiled Region: 0/0,,,111.37,209.89,0,45.00090625,0,0
aten::_assert_scalar,,,3.05,3.05,0,0,0,0
aten::_assert_scalar,,,2.3,2.3,0,0,0,0
aten::_assert_scalar,,,1.04,1.04,0,0,0,0
aten::ge,,,18.44,46.98,0,13.46025,0,0
empty_tensor,,,11.62,11.62,0,0,0,0
aclnnGeTensor,,,16.92,16.92,13.46025,13.46025,0,0
aten::sum,,,23.39,45.15,0,31.540656249999998,0,0
empty_tensor,,,8.26,8.26,0,0,0,0
aclnnReduceSum,,,13.5,13.5,31.540656249999998,31.540656249999998,0,0
aten::cat,,,18.43,42.73,0,3.5400625,0,0
empty_tensor,,,8.59,8.59,0,0,0,0
aclnnCat,,,15.71,15.71,3.5400625,3.5400625,0,0
aten::cat,,,13.92,33.39,0,2.7400625,0,0
empty_tensor,,,7.45,7.45,0,0,0,0
aclnnCat,,,12.02,12.02,2.7400625,2.7400625,0,0
aten::to,,,2.53,55.37,0,1.36003125,0,0
aten::_to_copy,,,6.43,52.84,0,1.36003125,0,0
aten::empty_strided,,,8.75,15.06,0,0,0,0
empty_tensor,,,6.31,6.31,0,0,0,0
aten::copy_,,,15.98,31.35,0,1.36003125,0,0
aclnnInplaceCopy,,,15.37,15.37,1.36003125,1.36003125,0,0
aten::to,,,2.79,51.88,0,1.32003125,0,0
aten::_to_copy,,,5.5,49.09,0,1.32003125,0,0
aten::empty_strided,,,7.56,12.68,0,0,0,0
empty_tensor,,,5.12,5.12,0,0,0,0
aten::copy_,,,16.16,30.91,0,1.32003125,0,0
aclnnInplaceCopy,,,14.75,14.75,1.32003125,1.32003125,0,0
aten::unsqueeze,,,3.8,8.9,0,0,0,0
aten::as_strided,,,5.1,5.1,0,0,0,0
Event::record,,,149.87,171.81,0,0.0,0,0
record_event,,,21.94,21.94,0.0,0.0,0,0
aten::slice,,,5.55,13.97,0,0,0,0
aten::as_strided,,,8.42,8.42,0,0,0,0
Event::wait,,,77.05,99.8,0,2554.9510625,0,0
wait_event,,,22.75,22.75,2554.9510625,2554.9510625,0,0
Event::record,,,91.55,111.8,0,0.0,0,0
record_event,,,20.25,20.25,0.0,0.0,0,0
Event::wait,,,61.93,81.17,0,2157.12309375,0,0
wait_event,,,19.24,19.24,2157.12309375,2157.12309375,0,0
destroy_event,,,13.0,13.0,0,0,0,0
aten::to,,,4.18,72.5,0,2.02003125,0,0
aten::_to_copy,,,7.56,68.32,0,2.02003125,0,0
aten::empty_strided,,,26.59,26.59,0,0,0,0
aten::copy_,,,19.29,34.17,0,2.02003125,0,0
acl_memcpy_device_to_host,,,14.88,14.88,2.02003125,2.02003125,0,0
aten::to,,,3.04,40.9,0,1.88003125,0,0
aten::_to_copy,,,5.2,37.86,0,1.88003125,0,0
aten::empty_strided,,,4.72,4.72,0,0,0,0
aten::copy_,,,15.14,27.94,0,1.88003125,0,0
acl_memcpy_device_to_host,,,12.8,12.8,1.88003125,1.88003125,0,0
aten::to,,,2.34,34.4,0,1.8400625,0,0
aten::_to_copy,,,3.99,32.06,0,1.8400625,0,0
aten::empty_strided,,,3.1,3.1,0,0,0,0
aten::copy_,,,13.36,24.97,0,1.8400625,0,0
acl_memcpy_device_to_host,,,11.61,11.61,1.8400625,1.8400625,0,0
aten::to,,,2.14,35.72,0,1.86003125,0,0
aten::_to_copy,,,4.29,33.58,0,1.86003125,0,0
aten::empty_strided,,,2.96,2.96,0,0,0,0
aten::copy_,,,11.49,26.33,0,1.86003125,0,0
acl_memcpy_device_to_host,,,14.84,14.84,1.86003125,1.86003125,0,0
Event::record,,,173.13,192.06,0,0.02,0,0
record_event,,,18.93,18.93,0.02,0.02,0,0
Event::synchronize,,,87.14,87.14,0,0,0,0
aten::resolve_conj,,,1.51,1.51,0,0,0,0
aten::resolve_neg,,,1.49,1.49,0,0,0,0
aten::to,,,3.55,3.55,0,0,0,0
aten::detach,,,3.81,3.81,0,0,0,0
aten::to,,,0.66,0.66,0,0,0,0
aten::resolve_conj,,,0.48,0.48,0,0,0,0
aten::resolve_neg,,,0.39,0.39,0,0,0,0
aten::to,,,1.48,1.48,0,0,0,0
aten::detach,,,1.54,1.54,0,0,0,0
aten::to,,,0.66,0.66,0,0,0,0
aten::resolve_conj,,,0.37,0.37,0,0,0,0
aten::resolve_neg,,,0.42,0.42,0,0,0,0
aten::to,,,1.63,1.63,0,0,0,0
aten::detach,,,1.14,1.14,0,0,0,0
aten::to,,,0.51,0.51,0,0,0,0
aten::resolve_conj,,,0.43,0.43,0,0,0,0
aten::resolve_neg,,,0.34,0.34,0,0,0,0
destroy_event,,,24.31,24.31,0,0,0,0
record_event,,,6.64,6.64,0.0,0.0,0,0
Event::synchronize,,,137.74,137.74,0,0,0,0
aten::slice,,,13.18,17.77,0,0,0,0
aten::as_strided,,,4.59,4.59,0,0,0,0
aten::slice,,,3.64,10.74,0,0,0,0
aten::as_strided,,,7.1,7.1,0,0,0,0
aten::pin_memory,,,120.25,137.84,0,0,0,0
aten::is_pinned,,,17.59,17.59,0,0,0,0
aten::copy_,,,22.15,42.49,0,2.40003125,0,0
acl_memcpy_host_to_device,,,20.34,20.34,2.40003125,2.40003125,0,0
aten::slice,,,8.06,10.89,0,0,0,0
aten::as_strided,,,2.83,2.83,0,0,0,0
aten::slice,,,3.15,8.66,0,0,0,0
aten::as_strided,,,5.51,5.51,0,0,0,0
aten::pin_memory,,,4.03,14.29,0,0,0,0
aten::is_pinned,,,10.26,10.26,0,0,0,0
aten::copy_,,,16.03,31.66,0,2.36003125,0,0
acl_memcpy_host_to_device,,,15.63,15.63,2.36003125,2.36003125,0,0
aten::slice,,,6.56,8.79,0,0,0,0
aten::as_strided,,,2.23,2.23,0,0,0,0
aten::slice,,,3.29,7.84,0,0,0,0
aten::as_strided,,,4.55,4.55,0,0,0,0
aten::pin_memory,,,3.85,11.97,0,0,0,0
aten::is_pinned,,,8.12,8.12,0,0,0,0
aten::copy_,,,22.94,36.9,0,2.46003125,0,0
acl_memcpy_host_to_device,,,13.96,13.96,2.46003125,2.46003125,0,0
aten::slice,,,5.35,8.17,0,0,0,0
aten::as_strided,,,2.82,2.82,0,0,0,0
aten::slice,,,2.81,6.97,0,0,0,0
aten::as_strided,,,4.16,4.16,0,0,0,0
aten::pin_memory,,,3.21,11.75,0,0,0,0
aten::is_pinned,,,8.54,8.54,0,0,0,0
aten::copy_,,,12.99,24.95,0,2.22003125,0,0
acl_memcpy_host_to_device,,,11.96,11.96,2.22003125,2.22003125,0,0
aten::slice,,,6.24,8.25,0,0,0,0
aten::as_strided,,,2.01,2.01,0,0,0,0
aten::slice,,,2.92,6.82,0,0,0,0
aten::as_strided,,,3.9,3.9,0,0,0,0
aten::pin_memory,,,3.66,11.4,0,0,0,0
aten::is_pinned,,,7.74,7.74,0,0,0,0
aten::copy_,,,13.34,27.12,0,2.20003125,0,0
acl_memcpy_host_to_device,,,13.78,13.78,2.20003125,2.20003125,0,0
aten::slice,,,11.09,15.33,0,0,0,0
aten::as_strided,,,4.24,4.24,0,0,0,0
aten::slice,,,3.42,9.35,0,0,0,0
aten::as_strided,,,5.93,5.93,0,0,0,0
aten::pin_memory,,,4.39,17.16,0,0,0,0
aten::is_pinned,,,12.77,12.77,0,0,0,0
aten::copy_,,,16.58,33.16,0,2.30003125,0,0
acl_memcpy_host_to_device,,,16.58,16.58,2.30003125,2.30003125,0,0
aten::slice,,,5.35,9.59,0,0,0,0
aten::as_strided,,,4.24,4.24,0,0,0,0
aten::lift_fresh,,,1.35,1.35,0,0,0,0
aten::lift_fresh,,,1.7,1.7,0,0,0,0
aten::flatten,,,3.77,10.25,0,0,0,0
aten::view,,,6.48,6.48,0,0,0,0
aten::slice,,,3.98,5.94,0,0,0,0
aten::as_strided,,,1.96,1.96,0,0,0,0
aten::index_select,,,6.68,6.68,0,0,0,0
aten::pin_memory,,,4.69,37.35,0,0,0,0
aten::is_pinned,,,32.66,32.66,0,0,0,0
aten::copy_,,,17.61,32.92,0,2.30003125,0,0
acl_memcpy_host_to_device,,,15.31,15.31,2.30003125,2.30003125,0,0
aten::pin_memory,,,4.26,11.85,0,0,0,0
aten::is_pinned,,,7.59,7.59,0,0,0,0
aten::copy_,,,13.75,26.78,0,2.1600625,0,0
acl_memcpy_host_to_device,,,13.03,13.03,2.1600625,2.1600625,0,0
aten::slice,,,7.43,10.85,0,0,0,0
aten::as_strided,,,3.42,3.42,0,0,0,0
aten::lift_fresh,,,1.34,1.34,0,0,0,0
aten::slice,,,3.21,4.25,0,0,0,0
aten::as_strided,,,1.04,1.04,0,0,0,0
aten::add,,,12.93,12.93,0,0,0,0
aten::slice,,,3.8,5.13,0,0,0,0
aten::as_strided,,,1.33,1.33,0,0,0,0
aten::fill_,,,2.28,2.28,0,0,0,0
aten::slice,,,3.06,7.87,0,0,0,0
aten::as_strided,,,4.81,4.81,0,0,0,0
aten::fill_,,,19.77,36.87,0,1.40003125,0,0
aclnnInplaceFillScalar,,,17.1,17.1,1.40003125,1.40003125,0,0
aten::slice,,,6.63,12.6,0,0,0,0
aten::as_strided,,,5.97,5.97,0,0,0,0
aten::select,,,3.91,6.95,0,0,0,0
aten::as_strided,,,3.04,3.04,0,0,0,0
aten::copy_,,,62.43,78.81,0,0.6,0,0
aclnnInplaceCopy,,,16.38,16.38,0.6,0.6,0,0
aten::slice,,,7.48,10.35,0,0,0,0
aten::as_strided,,,2.87,2.87,0,0,0,0
aten::detach,,,3.34,3.34,0,0,0,0
aten::to,,,1.97,1.97,0,0,0,0
aten::resolve_conj,,,0.86,0.86,0,0,0,0
aten::resolve_neg,,,0.56,0.56,0,0,0,0
aten::slice,,,5.2,7.63,0,0,0,0
aten::as_strided,,,2.43,2.43,0,0,0,0
aten::slice,,,2.89,8.03,0,0,0,0
aten::as_strided,,,5.14,5.14,0,0,0,0
aten::pin_memory,,,4.44,17.94,0,0,0,0
aten::is_pinned,,,13.5,13.5,0,0,0,0
aten::copy_,,,3.7,3.7,0,0,0,0
aten::slice,,,5.85,7.69,0,0,0,0
aten::as_strided,,,1.84,1.84,0,0,0,0
aten::slice,,,3.2,7.0,0,0,0,0
aten::as_strided,,,3.8,3.8,0,0,0,0
aten::pin_memory,,,3.33,12.55,0,0,0,0
aten::is_pinned,,,9.22,9.22,0,0,0,0
aten::copy_,,,15.99,31.49,0,2.14003125,0,0
acl_memcpy_host_to_device,,,15.5,15.5,2.14003125,2.14003125,0,0
aten::fill_,,,18.44,32.48,0,1.38003125,0,0
aclnnInplaceFillScalar,,,14.04,14.04,1.38003125,1.38003125,0,0
aten::slice,,,5.68,10.49,0,0,0,0
aten::as_strided,,,4.81,4.81,0,0,0,0
aten::slice,,,3.39,5.22,0,0,0,0
aten::as_strided,,,1.83,1.83,0,0,0,0
aten::copy_,,,17.58,36.84,0,2.34003125,0,0
acl_memcpy_host_to_device,,,19.26,19.26,2.34003125,2.34003125,0,0
aten::slice,,,5.57,7.65,0,0,0,0
aten::as_strided,,,2.08,2.08,0,0,0,0
aten::slice,,,2.93,6.84,0,0,0,0
aten::as_strided,,,3.91,3.91,0,0,0,0
aten::pin_memory,,,3.81,13.51,0,0,0,0
aten::is_pinned,,,9.7,9.7,0,0,0,0
aten::copy_,,,13.58,30.58,0,2.46003125,0,0
acl_memcpy_host_to_device,,,17.0,17.0,2.46003125,2.46003125,0,0
aten::slice,,,5.14,10.23,0,0,0,0
aten::as_strided,,,5.09,5.09,0,0,0,0
aten::slice,,,2.87,4.36,0,0,0,0
aten::as_strided,,,1.49,1.49,0,0,0,0
aten::slice,,,2.36,5.3,0,0,0,0
aten::as_strided,,,2.94,2.94,0,0,0,0
aten::pin_memory,,,3.15,11.43,0,0,0,0
aten::is_pinned,,,8.28,8.28,0,0,0,0
aten::copy_,,,13.15,29.26,0,2.34003125,0,0
acl_memcpy_host_to_device,,,16.11,16.11,2.34003125,2.34003125,0,0
aten::slice,,,7.06,9.14,0,0,0,0
aten::as_strided,,,2.08,2.08,0,0,0,0
aten::slice,,,2.79,7.64,0,0,0,0
aten::as_strided,,,4.85,4.85,0,0,0,0
aten::pin_memory,,,3.62,12.02,0,0,0,0
aten::is_pinned,,,8.4,8.4,0,0,0,0
aten::copy_,,,12.86,29.17,0,2.30003125,0,0
acl_memcpy_host_to_device,,,16.31,16.31,2.30003125,2.30003125,0,0
aten::slice,,,4.7,8.21,0,0,0,0
aten::as_strided,,,3.51,3.51,0,0,0,0
aten::index,,,34.03,69.28,0,10.6601875,0,0
empty_tensor,,,7.45,7.45,0,0,0,0
empty_tensor,,,8.92,8.92,0,0,0,0
aclnnIndex,,,18.88,18.88,10.6601875,10.6601875,0,0
aten::to,,,2.39,52.5,0,1.30003125,0,0
aten::_to_copy,,,6.14,50.11,0,1.30003125,0,0
aten::empty_strided,,,8.37,13.44,0,0,0,0
empty_tensor,,,5.07,5.07,0,0,0,0
aten::copy_,,,16.8,30.53,0,1.30003125,0,0
aclnnInplaceCopy,,,13.73,13.73,1.30003125,1.30003125,0,0
aten::slice,,,9.42,14.09,0,0,0,0
aten::as_strided,,,4.67,4.67,0,0,0,0
aten::add,,,20.55,39.42,0,3.1000625,0,0
empty_tensor,,,6.69,6.69,0,0,0,0
aclnnAdd,,,12.18,12.18,3.1000625,3.1000625,0,0
aten::slice,,,5.22,9.43,0,0,0,0
aten::as_strided,,,4.21,4.21,0,0,0,0
aten::copy_,,,65.09,75.68,0,0.62,0,0
aclnnInplaceCopy,,,10.59,10.59,0.62,0.62,0,0
aten::slice,,,6.66,10.78,0,0,0,0
aten::as_strided,,,4.12,4.12,0,0,0,0
aten::add,,,24.01,51.03,0,1.44003125,0,0
empty_tensor,,,8.11,8.11,0,0,0,0
aclnnAdd,,,18.91,18.91,1.44003125,1.44003125,0,0
aten::slice,,,6.15,11.57,0,0,0,0
aten::as_strided,,,5.42,5.42,0,0,0,0
aten::copy_,,,49.49,63.23,0,0.62,0,0
aclnnInplaceCopy,,,13.74,13.74,0.62,0.62,0,0
aten::slice,,,6.59,10.83,0,0,0,0
aten::as_strided,,,4.24,4.24,0,0,0,0
aten::fill_,,,13.51,24.84,0,1.46003125,0,0
aclnnInplaceFillScalar,,,11.33,11.33,1.46003125,1.46003125,0,0
aten::slice,,,4.54,9.16,0,0,0,0
aten::as_strided,,,4.62,4.62,0,0,0,0
aten::slice,,,2.69,6.03,0,0,0,0
aten::as_strided,,,3.34,3.34,0,0,0,0
compute_slot_mapping_fused_groups_adaptive_kernel,,,31.94,31.94,4.92009375,4.92009375,0,0
aten::slice,,,9.86,17.83,0,0,0,0
aten::as_strided,,,7.97,7.97,0,0,0,0
aten::sub,,,25.93,63.72,0,1.66003125,0,0
empty_tensor,,,11.08,11.08,0,0,0,0
aten::item,,,3.04,4.74,0,0,0,0
aten::_local_scalar_dense,,,1.7,1.7,0,0,0,0
aclnnSubs,,,21.97,21.97,1.66003125,1.66003125,0,0
aten::pin_memory,,,7.17,24.69,0,0,0,0
aten::is_pinned,,,17.52,17.52,0,0,0,0
aten::copy_,,,19.84,42.3,0,2.64003125,0,0
acl_memcpy_host_to_device,,,22.46,22.46,2.64003125,2.64003125,0,0
aten::detach,,,4.57,4.57,0,0,0,0
aten::to,,,2.61,2.61,0,0,0,0
aten::resolve_conj,,,0.79,0.79,0,0,0,0
aten::resolve_neg,,,0.45,0.45,0,0,0,0
aten::slice,,,8.37,15.73,0,0,0,0
aten::as_strided,,,7.36,7.36,0,0,0,0
aten::slice,,,2.96,5.93,0,0,0,0
aten::as_strided,,,2.97,2.97,0,0,0,0
aten::slice,,,2.54,5.42,0,0,0,0
aten::as_strided,,,2.88,2.88,0,0,0,0
aten::fill_,,,20.18,38.88,0,1.16003125,0,0
aclnnInplaceFillScalar,,,18.7,18.7,1.16003125,1.16003125,0,0
aten::slice,,,4.36,8.08,0,0,0,0
aten::as_strided,,,3.72,3.72,0,0,0,0
aten::fill_,,,12.77,25.87,0,1.52003125,0,0
aclnnInplaceFillScalar,,,13.1,13.1,1.52003125,1.52003125,0,0
aten::slice,,,4.75,7.53,0,0,0,0
aten::as_strided,,,2.78,2.78,0,0,0,0
aten::slice,,,3.03,10.08,0,0,0,0
aten::as_strided,,,7.05,7.05,0,0,0,0
aten::lt,,,12.86,12.86,0,0,0,0
aten::lift_fresh,,,0.95,0.95,0,0,0,0
aten::slice,,,1.48,2.47,0,0,0,0
aten::as_strided,,,0.99,0.99,0,0,0,0
aten::fill_,,,2.27,10.17,0,0,0,0
aten::copy_,,,7.9,7.9,0,0,0,0
aten::slice,,,3.66,6.45,0,0,0,0
aten::as_strided,,,2.79,2.79,0,0,0,0
aten::slice,,,3.05,7.33,0,0,0,0
aten::as_strided,,,4.28,4.28,0,0,0,0
aten::slice,,,2.86,4.24,0,0,0,0
aten::as_strided,,,1.38,1.38,0,0,0,0
aten::slice,,,3.18,6.41,0,0,0,0
aten::as_strided,,,3.23,3.23,0,0,0,0
aten::slice,,,2.33,3.23,0,0,0,0
aten::as_strided,,,0.9,0.9,0,0,0,0
aten::slice,,,2.33,3.64,0,0,0,0
aten::as_strided,,,1.31,1.31,0,0,0,0
aten::slice,,,2.86,6.03,0,0,0,0
aten::as_strided,,,3.17,3.17,0,0,0,0
aten::slice,,,2.69,4.8,0,0,0,0
aten::as_strided,,,2.11,2.11,0,0,0,0
aten::slice,,,2.54,4.49,0,0,0,0
aten::as_strided,,,1.95,1.95,0,0,0,0
aten::slice,,,5.14,10.78,0,0,0,0
aten::as_strided,,,5.64,5.64,0,0,0,0
aten::slice,,,3.09,7.01,0,0,0,0
aten::as_strided,,,3.92,3.92,0,0,0,0
aten::slice,,,3.22,5.93,0,0,0,0
aten::as_strided,,,2.71,2.71,0,0,0,0
aten::to,,,1.92,1.92,0,0,0,0
aten::slice,,,2.86,5.68,0,0,0,0
aten::as_strided,,,2.82,2.82,0,0,0,0
aten::slice,,,2.64,5.25,0,0,0,0
aten::as_strided,,,2.61,2.61,0,0,0,0
aten::slice,,,2.38,3.97,0,0,0,0
aten::as_strided,,,1.59,1.59,0,0,0,0
aten::slice,,,3.15,7.13,0,0,0,0
aten::as_strided,,,3.98,3.98,0,0,0,0
aten::alias,,,3.19,3.19,0,0,0,0
aten::alias,,,3.75,3.75,0,0,0,0
aten::div,,,36.25,59.14,0,9.32021875,0,0
aten::item,,,2.29,3.89,0,0,0,0
aten::_local_scalar_dense,,,1.6,1.6,0,0,0,0
aclnnDivMods,,,19.0,19.0,9.32021875,9.32021875,0,0
aten::slice,,,3.72,8.96,0,0,0,0
aten::as_strided,,,5.24,5.24,0,0,0,0
aten::slice,,,4.63,7.75,0,0,0,0
aten::as_strided,,,3.12,3.12,0,0,0,0
aten::copy_,,,63.33,80.48,0,0.58003125,0,0
aclnnInplaceCopy,,,17.15,17.15,0.58003125,0.58003125,0,0
aten::slice,,,2.97,6.8,0,0,0,0
aten::as_strided,,,3.83,3.83,0,0,0,0
aten::slice,,,4.65,7.6,0,0,0,0
aten::as_strided,,,2.95,2.95,0,0,0,0
aten::ge,,,36.88,62.49,0,4.18009375,0,0
empty_tensor,,,11.44,11.44,0,0,0,0
aclnnGeScalar,,,14.17,14.17,4.18009375,4.18009375,0,0
aten::add,,,21.55,45.64,0,2.7200625,0,0
empty_tensor,,,7.09,7.09,0,0,0,0
aten::item,,,2.54,4.53,0,0,0,0
aten::_local_scalar_dense,,,1.99,1.99,0,0,0,0
aclnnAdds,,,12.47,12.47,2.7200625,2.7200625,0,0
aten::remainder,,,21.51,42.25,0,3.6600625,0,0
empty_tensor,,,7.63,7.63,0,0,0,0
aclnnRemainderTensorScalar,,,13.11,13.11,3.6600625,3.6600625,0,0
aten::eq,,,12.85,29.87,0,2.5400625,0,0
empty_tensor,,,5.78,5.78,0,0,0,0
aclnnEqScalar,,,11.24,11.24,2.5400625,2.5400625,0,0
aten::__and__,,,2.64,34.34,0,1.86003125,0,0
aten::bitwise_and,,,15.96,31.7,0,1.86003125,0,0
empty_tensor,,,5.73,5.73,0,0,0,0
aclnnBitwiseAndTensor,,,10.01,10.01,1.86003125,1.86003125,0,0
aten::clamp_min,,,11.49,27.43,0,2.8200625,0,0
empty_tensor,,,6.31,6.31,0,0,0,0
aclnnClampMin,,,9.63,9.63,2.8200625,2.8200625,0,0
aten::div,,,22.0,44.17,0,4.30009375,0,0
empty_tensor,,,5.85,5.85,0,0,0,0
aten::item,,,1.95,3.66,0,0,0,0
aten::_local_scalar_dense,,,1.71,1.71,0,0,0,0
aclnnDivMods,,,12.66,12.66,4.30009375,4.30009375,0,0
aten::remainder,,,19.94,37.64,0,5.100125,0,0
empty_tensor,,,6.47,6.47,0,0,0,0
aclnnRemainderTensorScalar,,,11.23,11.23,5.100125,5.100125,0,0
aten::mul,,,16.51,36.54,0,1.9,0,0
empty_tensor,,,5.94,5.94,0,0,0,0
aten::item,,,1.71,2.75,0,0,0,0
aten::_local_scalar_dense,,,1.04,1.04,0,0,0,0
aclnnMuls,,,11.34,11.34,1.9,1.9,0,0
aten::div,,,21.24,42.26,0,4.2400625000000005,0,0
empty_tensor,,,6.11,6.11,0,0,0,0
aten::item,,,1.73,3.26,0,0,0,0
aten::_local_scalar_dense,,,1.53,1.53,0,0,0,0
aclnnDivMods,,,11.65,11.65,4.2400625000000005,4.2400625000000005,0,0
aten::add,,,15.86,25.52,0,1.26003125,0,0
empty_tensor,,,5.72,5.72,0,0,0,0
aclnnAdd,,,3.94,3.94,1.26003125,1.26003125,0,0
aten::full_like,,,18.49,61.64,0,1.14003125,0,0
aten::empty_like,,,5.57,18.44,0,0,0,0
aten::empty_strided,,,8.27,12.87,0,0,0,0
empty_tensor,,,4.6,4.6,0,0,0,0
aten::fill_,,,11.37,24.71,0,1.14003125,0,0
aclnnInplaceFillScalar,,,13.34,13.34,1.14003125,1.14003125,0,0
aten::where,,,12.8,29.45,0,2.04003125,0,0
empty_tensor,,,5.6,5.6,0,0,0,0
aclnnSWhere,,,11.05,11.05,2.04003125,2.04003125,0,0
aten::copy_,,,15.96,26.26,0,1.20003125,0,0
aclnnInplaceCopy,,,10.3,10.3,1.20003125,1.20003125,0,0
aten::slice,,,4.19,9.25,0,0,0,0
aten::as_strided,,,5.06,5.06,0,0,0,0
aten::slice,,,6.08,9.43,0,0,0,0
aten::as_strided,,,3.35,3.35,0,0,0,0
aten::div,,,24.45,41.03,0,4.56009375,0,0
aten::item,,,2.14,3.85,0,0,0,0
aten::_local_scalar_dense,,,1.71,1.71,0,0,0,0
aclnnDivMods,,,12.73,12.73,4.56009375,4.56009375,0,0
aten::slice,,,2.7,6.67,0,0,0,0
aten::as_strided,,,3.97,3.97,0,0,0,0
aten::slice,,,4.41,7.09,0,0,0,0
aten::as_strided,,,2.68,2.68,0,0,0,0
aten::slice,,,2.54,4.97,0,0,0,0
aten::as_strided,,,2.43,2.43,0,0,0,0
aten::copy_,,,60.95,76.0,0,0.6,0,0
aclnnInplaceCopy,,,15.05,15.05,0.6,0.6,0,0
aten::slice,,,3.37,7.03,0,0,0,0
aten::as_strided,,,3.66,3.66,0,0,0,0
aten::slice,,,4.96,8.04,0,0,0,0
aten::as_strided,,,3.08,3.08,0,0,0,0
aten::copy_,,,48.71,62.47,0,0.6,0,0
aclnnInplaceCopy,,,13.76,13.76,0.6,0.6,0,0
aten::slice,,,6.09,8.88,0,0,0,0
aten::as_strided,,,2.79,2.79,0,0,0,0
aten::div,,,12.36,30.46,0,0,0,0
aten::to,,,1.93,18.1,0,0,0,0
aten::_to_copy,,,5.09,16.17,0,0,0,0
aten::empty_strided,,,3.55,3.55,0,0,0,0
aten::copy_,,,7.53,7.53,0,0,0,0
aten::slice,,,4.04,8.87,0,0,0,0
aten::as_strided,,,4.83,4.83,0,0,0,0
aten::slice,,,5.89,10.78,0,0,0,0
aten::as_strided,,,4.89,4.89,0,0,0,0
aten::slice,,,3.11,6.18,0,0,0,0
aten::as_strided,,,3.07,3.07,0,0,0,0
aten::slice,,,2.49,5.07,0,0,0,0
aten::as_strided,,,2.58,2.58,0,0,0,0
aten::fill_,,,18.22,35.05,0,1.38003125,0,0
aclnnInplaceFillScalar,,,16.83,16.83,1.38003125,1.38003125,0,0
aten::slice,,,5.26,8.98,0,0,0,0
aten::as_strided,,,3.72,3.72,0,0,0,0
aten::fill_,,,12.21,23.78,0,1.18003125,0,0
aclnnInplaceFillScalar,,,11.57,11.57,1.18003125,1.18003125,0,0
aten::slice,,,5.26,9.38,0,0,0,0
aten::as_strided,,,4.12,4.12,0,0,0,0
aten::slice,,,3.42,6.31,0,0,0,0
aten::as_strided,,,2.89,2.89,0,0,0,0
aten::slice,,,5.57,8.84,0,0,0,0
aten::as_strided,,,3.27,3.27,0,0,0,0
aten::slice,,,3.2,7.37,0,0,0,0
aten::as_strided,,,4.17,4.17,0,0,0,0
aten::slice,,,2.68,5.65,0,0,0,0
aten::as_strided,,,2.97,2.97,0,0,0,0
aten::slice,,,2.53,5.11,0,0,0,0
aten::as_strided,,,2.58,2.58,0,0,0,0
aten::slice,,,2.41,4.9,0,0,0,0
aten::as_strided,,,2.49,2.49,0,0,0,0
aten::fill_,,,15.72,33.62,0,1.24003125,0,0
aclnnInplaceFillScalar,,,17.9,17.9,1.24003125,1.24003125,0,0
aten::slice,,,4.13,8.29,0,0,0,0
aten::as_strided,,,4.16,4.16,0,0,0,0
aten::fill_,,,11.44,25.12,0,1.18003125,0,0
aclnnInplaceFillScalar,,,13.68,13.68,1.18003125,1.18003125,0,0
aten::slice,,,5.43,9.85,0,0,0,0
aten::as_strided,,,4.42,4.42,0,0,0,0
aten::slice,,,2.81,5.03,0,0,0,0
aten::as_strided,,,2.22,2.22,0,0,0,0
aten::slice,,,2.84,6.32,0,0,0,0
aten::as_strided,,,3.48,3.48,0,0,0,0
aten::slice,,,2.62,4.05,0,0,0,0
aten::as_strided,,,1.43,1.43,0,0,0,0
aten::slice,,,2.57,5.06,0,0,0,0
aten::as_strided,,,2.49,2.49,0,0,0,0
aten::slice,,,3.3,4.37,0,0,0,0
aten::as_strided,,,1.07,1.07,0,0,0,0
aten::slice,,,2.47,3.55,0,0,0,0
aten::as_strided,,,1.08,1.08,0,0,0,0
aten::slice,,,1.34,2.41,0,0,0,0
aten::as_strided,,,1.07,1.07,0,0,0,0
aten::diff,,,6.46,31.61,0,0,0,0
aten::narrow,,,5.34,8.88,0,0,0,0
aten::slice,,,1.65,3.54,0,0,0,0
aten::as_strided,,,1.89,1.89,0,0,0,0
aten::narrow,,,2.03,4.07,0,0,0,0
aten::slice,,,1.01,2.04,0,0,0,0
aten::as_strided,,,1.03,1.03,0,0,0,0
aten::sub,,,12.2,12.2,0,0,0,0
aten::eq,,,12.53,27.7,0,0,0,0
aten::to,,,1.81,15.17,0,0,0,0
aten::_to_copy,,,4.61,13.36,0,0,0,0
aten::empty_strided,,,3.02,3.02,0,0,0,0
aten::copy_,,,5.73,5.73,0,0,0,0
aten::__and__,,,2.14,6.94,0,0,0,0
aten::bitwise_and,,,4.8,4.8,0,0,0,0
aten::gt,,,7.57,16.19,0,0,0,0
aten::to,,,1.09,8.62,0,0,0,0
aten::_to_copy,,,2.89,7.53,0,0,0,0
aten::empty_strided,,,1.75,1.75,0,0,0,0
aten::copy_,,,2.89,2.89,0,0,0,0
aten::__and__,,,1.15,4.13,0,0,0,0
aten::bitwise_and,,,2.98,2.98,0,0,0,0
aten::any,,,10.27,12.76,0,0,0,0
aten::as_strided,,,1.52,1.52,0,0,0,0
aten::fill_,,,0.97,0.97,0,0,0,0
aten::item,,,2.02,3.37,0,0,0,0
aten::_local_scalar_dense,,,1.35,1.35,0,0,0,0
aten::slice,,,4.66,6.03,0,0,0,0
aten::as_strided,,,1.37,1.37,0,0,0,0
aten::slice,,,3.09,3.98,0,0,0,0
aten::as_strided,,,0.89,0.89,0,0,0,0
aten::sub,,,5.24,5.24,0,0,0,0
aten::select,,,3.2,4.71,0,0,0,0
aten::as_strided,,,1.51,1.51,0,0,0,0
aten::item,,,1.41,2.66,0,0,0,0
aten::_local_scalar_dense,,,1.25,1.25,0,0,0,0
aten::gt,,,7.5,15.86,0,0,0,0
aten::to,,,1.21,8.36,0,0,0,0
aten::_to_copy,,,2.58,7.15,0,0,0,0
aten::empty_strided,,,1.78,1.78,0,0,0,0
aten::copy_,,,2.79,2.79,0,0,0,0
aten::__ior__,,,1.95,6.37,0,0,0,0
aten::bitwise_or_,,,4.42,4.42,0,0,0,0
aten::any,,,7.69,9.54,0,0,0,0
aten::as_strided,,,1.21,1.21,0,0,0,0
aten::fill_,,,0.64,0.64,0,0,0,0
aten::is_nonzero,,,1.51,3.48,0,0,0,0
aten::item,,,1.18,1.97,0,0,0,0
aten::_local_scalar_dense,,,0.79,0.79,0,0,0,0
aten::select,,,4.7,10.14,0,0,0,0
aten::as_strided,,,5.44,5.44,0,0,0,0
aten::slice,,,4.79,8.85,0,0,0,0
aten::as_strided,,,4.06,4.06,0,0,0,0
aten::slice,,,2.51,4.93,0,0,0,0
aten::as_strided,,,2.42,2.42,0,0,0,0
aten::slice,,,2.36,4.58,0,0,0,0
aten::as_strided,,,2.22,2.22,0,0,0,0
aten::copy_,,,67.23,90.67,0,0.56,0,0
aclnnInplaceCopy,,,23.44,23.44,0.56,0.56,0,0
aten::slice,,,6.13,10.59,0,0,0,0
aten::as_strided,,,4.46,4.46,0,0,0,0
aten::fill_,,,15.38,32.57,0,1.2800625,0,0
aclnnInplaceFillScalar,,,17.19,17.19,1.2800625,1.2800625,0,0
aten::slice,,,5.68,9.77,0,0,0,0
aten::as_strided,,,4.09,4.09,0,0,0,0
aten::slice,,,2.84,5.85,0,0,0,0
aten::as_strided,,,3.01,3.01,0,0,0,0
aten::slice,,,2.77,5.83,0,0,0,0
aten::as_strided,,,3.06,3.06,0,0,0,0
aten::copy_,,,57.22,75.93,0,0.74003125,0,0
aclnnInplaceCopy,,,18.71,18.71,0.74003125,0.74003125,0,0
aten::slice,,,6.41,10.59,0,0,0,0
aten::as_strided,,,4.18,4.18,0,0,0,0
aten::slice,,,3.32,6.26,0,0,0,0
aten::as_strided,,,2.94,2.94,0,0,0,0
aten::expand_as,,,2.22,11.24,0,0,0,0
aten::expand,,,4.62,9.02,0,0,0,0
aten::as_strided,,,4.4,4.4,0,0,0,0
aten::copy_,,,51.77,70.73,0,0.58,0,0
aclnnInplaceCopy,,,18.96,18.96,0.58,0.58,0,0
aten::slice,,,6.69,10.92,0,0,0,0
aten::as_strided,,,4.23,4.23,0,0,0,0
aten::slice,,,4.15,7.78,0,0,0,0
aten::as_strided,,,3.63,3.63,0,0,0,0
aten::slice,,,2.41,4.56,0,0,0,0
aten::as_strided,,,2.15,2.15,0,0,0,0
aten::slice,,,2.49,4.74,0,0,0,0
aten::as_strided,,,2.25,2.25,0,0,0,0
aten::copy_,,,50.45,69.41,0,0.66,0,0
aclnnInplaceCopy,,,18.96,18.96,0.66,0.66,0,0
aten::slice,,,6.47,10.51,0,0,0,0
aten::as_strided,,,4.04,4.04,0,0,0,0
aten::slice,,,2.71,5.38,0,0,0,0
aten::as_strided,,,2.67,2.67,0,0,0,0
aten::slice,,,2.55,4.82,0,0,0,0
aten::as_strided,,,2.27,2.27,0,0,0,0
aten::sub,,,18.8,34.82,0,1.58003125,0,0
aclnnSub,,,16.02,16.02,1.58003125,1.58003125,0,0
aten::slice,,,8.9,11.91,0,0,0,0
aten::as_strided,,,3.01,3.01,0,0,0,0
aten::slice,,,4.35,19.77,0,0,0,0
aten::as_strided,,,15.42,15.42,0,0,0,0
aten::slice,,,3.77,7.05,0,0,0,0
aten::as_strided,,,3.28,3.28,0,0,0,0
aten::slice,,,2.86,5.67,0,0,0,0
aten::as_strided,,,2.81,2.81,0,0,0,0
aten::slice,,,3.16,5.33,0,0,0,0
aten::as_strided,,,2.17,2.17,0,0,0,0
aten::fill_,,,17.01,40.41,0,1.24003125,0,0
aclnnInplaceFillScalar,,,23.4,23.4,1.24003125,1.24003125,0,0
aten::slice,,,4.38,7.95,0,0,0,0
aten::as_strided,,,3.57,3.57,0,0,0,0
aten::fill_,,,12.72,26.29,0,1.42003125,0,0
aclnnInplaceFillScalar,,,13.57,13.57,1.42003125,1.42003125,0,0
aten::slice,,,5.66,10.62,0,0,0,0
aten::as_strided,,,4.96,4.96,0,0,0,0
aten::slice,,,2.6,4.34,0,0,0,0
aten::as_strided,,,1.74,1.74,0,0,0,0
aten::slice,,,2.72,5.74,0,0,0,0
aten::as_strided,,,3.02,3.02,0,0,0,0
aten::slice,,,3.58,25.51,0,0,0,0
aten::as_strided,,,21.93,21.93,0,0,0,0
aten::slice,,,3.27,5.32,0,0,0,0
aten::as_strided,,,2.05,2.05,0,0,0,0
aten::slice,,,3.15,9.45,0,0,0,0
aten::as_strided,,,6.3,6.3,0,0,0,0
aten::slice,,,3.79,4.96,0,0,0,0
aten::as_strided,,,1.17,1.17,0,0,0,0
aten::slice,,,1.3,3.69,0,0,0,0
aten::as_strided,,,2.39,2.39,0,0,0,0
aten::diff,,,7.72,43.06,0,0,0,0
aten::narrow,,,5.74,15.02,0,0,0,0
aten::slice,,,1.85,9.28,0,0,0,0
aten::as_strided,,,7.43,7.43,0,0,0,0
aten::narrow,,,2.47,5.88,0,0,0,0
aten::slice,,,1.33,3.41,0,0,0,0
aten::as_strided,,,2.08,2.08,0,0,0,0
aten::sub,,,14.44,14.44,0,0,0,0
aten::eq,,,12.5,29.24,0,0,0,0
aten::to,,,1.65,16.74,0,0,0,0
aten::_to_copy,,,4.43,15.09,0,0,0,0
aten::empty_strided,,,4.82,4.82,0,0,0,0
aten::copy_,,,5.84,5.84,0,0,0,0
aten::__and__,,,2.05,5.97,0,0,0,0
aten::bitwise_and,,,3.92,3.92,0,0,0,0
aten::gt,,,7.81,16.16,0,0,0,0
aten::to,,,1.1,8.35,0,0,0,0
aten::_to_copy,,,2.69,7.25,0,0,0,0
aten::empty_strided,,,1.78,1.78,0,0,0,0
aten::copy_,,,2.78,2.78,0,0,0,0
aten::__and__,,,1.15,4.15,0,0,0,0
aten::bitwise_and,,,3.0,3.0,0,0,0,0
aten::any,,,9.32,12.12,0,0,0,0
aten::as_strided,,,1.95,1.95,0,0,0,0
aten::fill_,,,0.85,0.85,0,0,0,0
aten::item,,,2.09,3.3,0,0,0,0
aten::_local_scalar_dense,,,1.21,1.21,0,0,0,0
aten::slice,,,4.77,6.88,0,0,0,0
aten::as_strided,,,2.11,2.11,0,0,0,0
aten::slice,,,2.48,3.36,0,0,0,0
aten::as_strided,,,0.88,0.88,0,0,0,0
aten::sub,,,5.66,5.66,0,0,0,0
aten::select,,,2.89,3.77,0,0,0,0
aten::as_strided,,,0.88,0.88,0,0,0,0
aten::item,,,1.08,2.17,0,0,0,0
aten::_local_scalar_dense,,,1.09,1.09,0,0,0,0
aten::gt,,,8.2,17.4,0,0,0,0
aten::to,,,1.13,9.2,0,0,0,0
aten::_to_copy,,,2.55,8.07,0,0,0,0
aten::empty_strided,,,2.34,2.34,0,0,0,0
aten::copy_,,,3.18,3.18,0,0,0,0
aten::__ior__,,,1.88,5.69,0,0,0,0
aten::bitwise_or_,,,3.81,3.81,0,0,0,0
aten::any,,,7.27,8.82,0,0,0,0
aten::as_strided,,,0.97,0.97,0,0,0,0
aten::fill_,,,0.58,0.58,0,0,0,0
aten::is_nonzero,,,1.42,4.34,0,0,0,0
aten::item,,,2.15,2.92,0,0,0,0
aten::_local_scalar_dense,,,0.77,0.77,0,0,0,0
aten::select,,,4.73,10.16,0,0,0,0
aten::as_strided,,,5.43,5.43,0,0,0,0
aten::slice,,,4.72,9.12,0,0,0,0
aten::as_strided,,,4.4,4.4,0,0,0,0
aten::slice,,,2.78,4.85,0,0,0,0
aten::as_strided,,,2.07,2.07,0,0,0,0
aten::slice,,,2.91,5.07,0,0,0,0
aten::as_strided,,,2.16,2.16,0,0,0,0
aten::copy_,,,66.82,89.56,0,0.56,0,0
aclnnInplaceCopy,,,22.74,22.74,0.56,0.56,0,0
aten::slice,,,6.52,10.65,0,0,0,0
aten::as_strided,,,4.13,4.13,0,0,0,0
aten::fill_,,,16.96,34.72,0,1.24003125,0,0
aclnnInplaceFillScalar,,,17.76,17.76,1.24003125,1.24003125,0,0
aten::slice,,,6.66,10.8,0,0,0,0
aten::as_strided,,,4.14,4.14,0,0,0,0
aten::slice,,,2.84,5.3,0,0,0,0
aten::as_strided,,,2.46,2.46,0,0,0,0
aten::slice,,,2.46,4.89,0,0,0,0
aten::as_strided,,,2.43,2.43,0,0,0,0
aten::copy_,,,55.66,75.01,0,0.58,0,0
aclnnInplaceCopy,,,19.35,19.35,0.58,0.58,0,0
aten::slice,,,7.08,10.57,0,0,0,0
aten::as_strided,,,3.49,3.49,0,0,0,0
aten::slice,,,3.0,5.66,0,0,0,0
aten::as_strided,,,2.66,2.66,0,0,0,0
aten::expand_as,,,1.99,9.42,0,0,0,0
aten::expand,,,4.13,7.43,0,0,0,0
aten::as_strided,,,3.3,3.3,0,0,0,0
aten::copy_,,,51.07,69.75,0,0.54,0,0
aclnnInplaceCopy,,,18.68,18.68,0.54,0.54,0,0
aten::slice,,,6.76,11.25,0,0,0,0
aten::as_strided,,,4.49,4.49,0,0,0,0
aten::slice,,,3.52,6.92,0,0,0,0
aten::as_strided,,,3.4,3.4,0,0,0,0
aten::slice,,,2.58,5.51,0,0,0,0
aten::as_strided,,,2.93,2.93,0,0,0,0
aten::slice,,,2.47,5.21,0,0,0,0
aten::as_strided,,,2.74,2.74,0,0,0,0
aten::copy_,,,64.2,82.63,0,0.66003125,0,0
aclnnInplaceCopy,,,18.43,18.43,0.66003125,0.66003125,0,0
aten::slice,,,6.5,10.67,0,0,0,0
aten::as_strided,,,4.17,4.17,0,0,0,0
aten::slice,,,2.87,5.98,0,0,0,0
aten::as_strided,,,3.11,3.11,0,0,0,0
aten::slice,,,2.6,5.4,0,0,0,0
aten::as_strided,,,2.8,2.8,0,0,0,0
aten::sub,,,19.2,32.65,0,1.74003125,0,0
aclnnSub,,,13.45,13.45,1.74003125,1.74003125,0,0
aten::slice,,,7.12,10.11,0,0,0,0
aten::as_strided,,,2.99,2.99,0,0,0,0
aten::slice,,,3.33,8.49,0,0,0,0
aten::as_strided,,,5.16,5.16,0,0,0,0
aten::slice,,,3.0,5.91,0,0,0,0
aten::as_strided,,,2.91,2.91,0,0,0,0
aten::slice,,,2.55,5.28,0,0,0,0
aten::as_strided,,,2.73,2.73,0,0,0,0
aten::slice,,,2.76,5.04,0,0,0,0
aten::as_strided,,,2.28,2.28,0,0,0,0
aten::fill_,,,16.33,36.75,0,1.32,0,0
aclnnInplaceFillScalar,,,20.42,20.42,1.32,1.32,0,0
aten::slice,,,5.37,9.02,0,0,0,0
aten::as_strided,,,3.65,3.65,0,0,0,0
aten::fill_,,,13.16,18.46,0,1.08003125,0,0
aclnnInplaceFillScalar,,,5.3,5.3,1.08003125,1.08003125,0,0
aten::slice,,,5.28,10.27,0,0,0,0
aten::as_strided,,,4.99,4.99,0,0,0,0
aten::slice,,,3.08,5.24,0,0,0,0
aten::as_strided,,,2.16,2.16,0,0,0,0
aten::slice,,,2.69,5.89,0,0,0,0
aten::as_strided,,,3.2,3.2,0,0,0,0
aten::slice,,,2.89,4.56,0,0,0,0
aten::as_strided,,,1.67,1.67,0,0,0,0
aten::slice,,,2.61,3.53,0,0,0,0
aten::as_strided,,,0.92,0.92,0,0,0,0
aten::slice,,,2.89,3.83,0,0,0,0
aten::as_strided,,,0.94,0.94,0,0,0,0
aten::slice,,,2.31,3.29,0,0,0,0
aten::as_strided,,,0.98,0.98,0,0,0,0
aten::slice,,,1.32,2.32,0,0,0,0
aten::as_strided,,,1.0,1.0,0,0,0,0
aten::diff,,,6.5,30.75,0,0,0,0
aten::narrow,,,5.17,8.5,0,0,0,0
aten::slice,,,1.55,3.33,0,0,0,0
aten::as_strided,,,1.78,1.78,0,0,0,0
aten::narrow,,,2.1,3.9,0,0,0,0
aten::slice,,,0.94,1.8,0,0,0,0
aten::as_strided,,,0.86,0.86,0,0,0,0
aten::sub,,,11.85,11.85,0,0,0,0
aten::eq,,,11.55,26.45,0,0,0,0
aten::to,,,1.84,14.9,0,0,0,0
aten::_to_copy,,,4.4,13.06,0,0,0,0
aten::empty_strided,,,3.11,3.11,0,0,0,0
aten::copy_,,,5.55,5.55,0,0,0,0
aten::__and__,,,2.37,6.49,0,0,0,0
aten::bitwise_and,,,4.12,4.12,0,0,0,0
aten::gt,,,8.98,36.76,0,0,0,0
aten::to,,,17.7,27.78,0,0,0,0
aten::_to_copy,,,3.57,10.08,0,0,0,0
aten::empty_strided,,,2.53,2.53,0,0,0,0
aten::copy_,,,3.98,3.98,0,0,0,0
aten::__and__,,,1.58,4.91,0,0,0,0
aten::bitwise_and,,,3.33,3.33,0,0,0,0
aten::any,,,9.3,11.82,0,0,0,0
aten::as_strided,,,1.6,1.6,0,0,0,0
aten::fill_,,,0.92,0.92,0,0,0,0
aten::item,,,1.89,3.25,0,0,0,0
aten::_local_scalar_dense,,,1.36,1.36,0,0,0,0
aten::slice,,,4.91,6.31,0,0,0,0
aten::as_strided,,,1.4,1.4,0,0,0,0
aten::slice,,,2.39,3.47,0,0,0,0
aten::as_strided,,,1.08,1.08,0,0,0,0
aten::sub,,,5.05,5.05,0,0,0,0
aten::select,,,3.18,4.74,0,0,0,0
aten::as_strided,,,1.56,1.56,0,0,0,0
aten::item,,,1.15,2.2,0,0,0,0
aten::_local_scalar_dense,,,1.05,1.05,0,0,0,0
aten::gt,,,7.27,17.22,0,0,0,0
aten::to,,,1.12,9.95,0,0,0,0
aten::_to_copy,,,3.04,8.83,0,0,0,0
aten::empty_strided,,,2.32,2.32,0,0,0,0
aten::copy_,,,3.47,3.47,0,0,0,0
aten::__ior__,,,2.01,5.94,0,0,0,0
aten::bitwise_or_,,,3.93,3.93,0,0,0,0
aten::any,,,7.08,9.15,0,0,0,0
aten::as_strided,,,1.24,1.24,0,0,0,0
aten::fill_,,,0.83,0.83,0,0,0,0
aten::is_nonzero,,,1.24,3.44,0,0,0,0
aten::item,,,1.28,2.2,0,0,0,0
aten::_local_scalar_dense,,,0.92,0.92,0,0,0,0
aten::select,,,4.47,10.48,0,0,0,0
aten::as_strided,,,6.01,6.01,0,0,0,0
aten::slice,,,4.75,8.99,0,0,0,0
aten::as_strided,,,4.24,4.24,0,0,0,0
aten::slice,,,2.5,5.25,0,0,0,0
aten::as_strided,,,2.75,2.75,0,0,0,0
aten::slice,,,2.52,4.88,0,0,0,0
aten::as_strided,,,2.36,2.36,0,0,0,0
aten::copy_,,,66.2,87.11,0,0.56003125,0,0
aclnnInplaceCopy,,,20.91,20.91,0.56003125,0.56003125,0,0
aten::slice,,,6.19,10.28,0,0,0,0
aten::as_strided,,,4.09,4.09,0,0,0,0
aten::fill_,,,15.43,29.15,0,1.22003125,0,0
aclnnInplaceFillScalar,,,13.72,13.72,1.22003125,1.22003125,0,0
aten::slice,,,5.8,9.94,0,0,0,0
aten::as_strided,,,4.14,4.14,0,0,0,0
aten::slice,,,3.09,5.65,0,0,0,0
aten::as_strided,,,2.56,2.56,0,0,0,0
aten::slice,,,2.72,4.96,0,0,0,0
aten::as_strided,,,2.24,2.24,0,0,0,0
aten::copy_,,,55.26,71.23,0,0.62003125,0,0
aclnnInplaceCopy,,,15.97,15.97,0.62003125,0.62003125,0,0
aten::slice,,,6.13,9.74,0,0,0,0
aten::as_strided,,,3.61,3.61,0,0,0,0
aten::slice,,,3.15,5.82,0,0,0,0
aten::as_strided,,,2.67,2.67,0,0,0,0
aten::expand_as,,,2.08,9.62,0,0,0,0
aten::expand,,,3.68,7.54,0,0,0,0
aten::as_strided,,,3.86,3.86,0,0,0,0
aten::copy_,,,48.39,63.28,0,0.58003125,0,0
aclnnInplaceCopy,,,14.89,14.89,0.58003125,0.58003125,0,0
aten::slice,,,6.57,10.89,0,0,0,0
aten::as_strided,,,4.32,4.32,0,0,0,0
aten::slice,,,3.79,6.9,0,0,0,0
aten::as_strided,,,3.11,3.11,0,0,0,0
aten::slice,,,2.47,4.71,0,0,0,0
aten::as_strided,,,2.24,2.24,0,0,0,0
aten::slice,,,2.1,4.28,0,0,0,0
aten::as_strided,,,2.18,2.18,0,0,0,0
aten::copy_,,,46.07,60.92,0,0.58,0,0
aclnnInplaceCopy,,,14.85,14.85,0.58,0.58,0,0
aten::slice,,,6.11,9.8,0,0,0,0
aten::as_strided,,,3.69,3.69,0,0,0,0
aten::slice,,,2.49,5.05,0,0,0,0
aten::as_strided,,,2.56,2.56,0,0,0,0
aten::slice,,,2.18,4.41,0,0,0,0
aten::as_strided,,,2.23,2.23,0,0,0,0
aten::sub,,,17.53,30.37,0,1.38,0,0
aclnnSub,,,12.84,12.84,1.38,1.38,0,0
Event::record,,,162.41,185.74,0,0.02,0,0
record_event,,,23.33,23.33,0.02,0.02,0,0
aten::slice,,,9.71,17.61,0,0,0,0
aten::as_strided,,,7.9,7.9,0,0,0,0
aten::slice,,,3.76,6.76,0,0,0,0
aten::as_strided,,,3.0,3.0,0,0,0,0
aten::slice,,,2.48,4.42,0,0,0,0
aten::as_strided,,,1.94,1.94,0,0,0,0
aten::zero_,,,19.15,35.75,0,1.78003125,0,0
aclnnInplaceZero,,,16.6,16.6,1.78003125,1.78003125,0,0
aten::slice,,,9.04,16.74,0,0,0,0
aten::as_strided,,,7.7,7.7,0,0,0,0
aten::scalar_tensor,,,6.53,56.35,0,1.5400625,0,0
aten::empty,,,3.12,15.02,0,0,0,0
empty_tensor,,,11.9,11.9,0,0,0,0
aten::fill_,,,16.97,34.8,0,1.5400625,0,0
aclnnInplaceFillScalar,,,17.83,17.83,1.5400625,1.5400625,0,0
aten::slice,,,5.61,11.34,0,0,0,0
aten::as_strided,,,5.73,5.73,0,0,0,0
aten::view,,,3.35,3.35,0,0,0,0
aten::expand,,,1.99,4.35,0,0,0,0
aten::as_strided,,,2.36,2.36,0,0,0,0
aten::copy_,,,24.78,37.91,0,4.18009375,0,0
aclnnInplaceCopy,,,13.13,13.13,4.18009375,4.18009375,0,0
aten::scalar_tensor,,,4.51,37.01,0,1.2800625,0,0
aten::empty,,,2.92,9.37,0,0,0,0
empty_tensor,,,6.45,6.45,0,0,0,0
aten::fill_,,,10.64,23.13,0,1.2800625,0,0
aclnnInplaceFillScalar,,,12.49,12.49,1.2800625,1.2800625,0,0
aten::slice,,,5.64,11.14,0,0,0,0
aten::as_strided,,,5.5,5.5,0,0,0,0
aten::view,,,2.61,2.61,0,0,0,0
aten::expand,,,1.57,3.47,0,0,0,0
aten::as_strided,,,1.9,1.9,0,0,0,0
aten::copy_,,,59.26,73.4,0,0.58003125,0,0
aclnnInplaceCopy,,,14.14,14.14,0.58003125,0.58003125,0,0
aten::index,,,39.46,73.84,0,11.08021875,0,0
empty_tensor,,,7.63,7.63,0,0,0,0
empty_tensor,,,8.72,8.72,0,0,0,0
aclnnIndex,,,18.03,18.03,11.08021875,11.08021875,0,0
aten::linear,,,5.81,71.87,0,907.178125,0,907.178125
aten::t,,,6.79,17.16,0,0,0,0
aten::transpose,,,4.02,10.37,0,0,0,0
aten::as_strided,,,6.35,6.35,0,0,0,0
aten::matmul,,,23.16,48.9,0,907.178125,0,907.178125
empty_tensor,,,9.53,9.53,0,0,0,0
aclnnMatmul,,,16.21,16.21,907.178125,907.178125,907.178125,907.178125
aten::alias,,,3.37,3.37,0,0,0,0
aten::log_softmax,,,10.17,121.22,0,52.601062500000005,0,0
aten::to,,,3.86,70.98,0,7.86015625,0,0
aten::_to_copy,,,7.48,67.12,0,7.86015625,0,0
aten::empty_strided,,,12.77,19.78,0,0,0,0
empty_tensor,,,7.01,7.01,0,0,0,0
aten::copy_,,,21.82,39.86,0,7.86015625,0,0
aclnnInplaceCopy,,,18.04,18.04,7.86015625,7.86015625,0,0
aten::_log_softmax,,,19.71,40.07,0,44.74090625,0,0
empty_tensor,,,8.93,8.93,0,0,0,0
aclnnLogSoftmax,,,11.43,11.43,44.74090625,44.74090625,0,0
aten::to,,,2.42,48.12,0,2.8200625,0,0
aten::_to_copy,,,5.62,45.7,0,2.8200625,0,0
aten::empty_strided,,,7.77,12.62,0,0,0,0
empty_tensor,,,4.85,4.85,0,0,0,0
aten::copy_,,,15.67,27.46,0,2.8200625,0,0
aclnnInplaceCopy,,,11.79,11.79,2.8200625,2.8200625,0,0
aten::argmax,,,7.69,63.1,0,20.76040625,0,0
aten::empty,,,2.63,10.52,0,0,0,0
empty_tensor,,,7.89,7.89,0,0,0,0
aten::argmax,,,25.35,44.89,0,20.76040625,0,0
aten::reshape,,,1.68,6.88,0,0,0,0
aten::view,,,5.2,5.2,0,0,0,0
aclnnArgMax,,,12.66,12.66,20.76040625,20.76040625,0,0
aten::view,,,4.34,4.34,0,0,0,0
aten::to,,,2.01,2.01,0,0,0,0
aten::topk,,,23.07,50.68,0,40.50084375,0,0
empty_tensor,,,7.88,7.88,0,0,0,0
empty_tensor,,,5.3,5.3,0,0,0,0
aclnnTopk,,,14.43,14.43,40.50084375,40.50084375,0,0
aten::unsqueeze,,,3.69,8.17,0,0,0,0
aten::as_strided,,,4.48,4.48,0,0,0,0
aten::gather,,,22.11,35.67,0,5.60009375,0,0
empty_tensor,,,7.24,7.24,0,0,0,0
aclnnGather,,,6.32,6.32,5.60009375,5.60009375,0,0
TorchDynamo Cache Lookup,,,38.95,38.95,0,0,0,0
Torch-Compiled Region: 0/0,,,139.41,227.46,0,45.60090625,0,0
aten::_assert_scalar,,,3.75,3.75,0,0,0,0
aten::_assert_scalar,,,1.35,1.35,0,0,0,0
aten::_assert_scalar,,,0.94,0.94,0,0,0,0
aten::ge,,,20.17,48.68,0,13.80028125,0,0
empty_tensor,,,12.45,12.45,0,0,0,0
aclnnGeTensor,,,16.06,16.06,13.80028125,13.80028125,0,0
aten::sum,,,21.62,33.33,0,31.800625,0,0
empty_tensor,,,9.16,9.16,0,0,0,0
aclnnReduceSum,,,2.55,2.55,31.800625,31.800625,0,0
aten::cat,,,18.97,31.49,0,3.4800625,0,0
empty_tensor,,,7.36,7.36,0,0,0,0
aclnnCat,,,5.16,5.16,3.4800625,3.4800625,0,0
aten::cat,,,12.13,49.02,0,2.7000625,0,0
empty_tensor,,,5.98,5.98,0,0,0,0
aclnnCat,,,30.91,30.91,2.7000625,2.7000625,0,0
aten::to,,,3.47,74.65,0,1.38003125,0,0
aten::_to_copy,,,19.62,71.18,0,1.38003125,0,0
aten::empty_strided,,,9.29,14.21,0,0,0,0
empty_tensor,,,4.92,4.92,0,0,0,0
aten::copy_,,,16.14,37.35,0,1.38003125,0,0
aclnnInplaceCopy,,,21.21,21.21,1.38003125,1.38003125,0,0
aten::to,,,2.07,45.06,0,1.38003125,0,0
aten::_to_copy,,,5.19,42.99,0,1.38003125,0,0
aten::empty_strided,,,7.47,11.79,0,0,0,0
empty_tensor,,,4.32,4.32,0,0,0,0
aten::copy_,,,14.63,26.01,0,1.38003125,0,0
aclnnInplaceCopy,,,11.38,11.38,1.38003125,1.38003125,0,0
aten::unsqueeze,,,3.46,8.44,0,0,0,0
aten::as_strided,,,4.98,4.98,0,0,0,0
Event::record,,,157.12,175.54,0,0.02,0,0
record_event,,,18.42,18.42,0.02,0.02,0,0
aten::slice,,,5.47,14.13,0,0,0,0
aten::as_strided,,,8.66,8.66,0,0,0,0
Event::wait,,,78.37,106.26,0,2473.5294375,0,0
wait_event,,,27.89,27.89,2473.5294375,2473.5294375,0,0
Event::record,,,87.96,106.89,0,0.02,0,0
record_event,,,18.93,18.93,0.02,0.02,0,0
Event::wait,,,61.36,78.95,0,2081.88159375,0,0
wait_event,,,17.59,17.59,2081.88159375,2081.88159375,0,0
destroy_event,,,11.95,11.95,0,0,0,0
aten::to,,,3.93,68.3,0,2.02003125,0,0
aten::_to_copy,,,6.66,64.37,0,2.02003125,0,0
aten::empty_strided,,,25.59,25.59,0,0,0,0
aten::copy_,,,20.07,32.12,0,2.02003125,0,0
acl_memcpy_device_to_host,,,12.05,12.05,2.02003125,2.02003125,0,0
aten::to,,,2.37,39.66,0,1.90003125,0,0
aten::_to_copy,,,5.26,37.29,0,1.90003125,0,0
aten::empty_strided,,,4.7,4.7,0,0,0,0
aten::copy_,,,15.09,27.33,0,1.90003125,0,0
acl_memcpy_device_to_host,,,12.24,12.24,1.90003125,1.90003125,0,0
aten::to,,,2.37,32.83,0,2.04003125,0,0
aten::_to_copy,,,4.48,30.46,0,2.04003125,0,0
aten::empty_strided,,,2.85,2.85,0,0,0,0
aten::copy_,,,12.41,23.13,0,2.04003125,0,0
acl_memcpy_device_to_host,,,10.72,10.72,2.04003125,2.04003125,0,0
aten::to,,,2.45,31.41,0,2.0600625,0,0
aten::_to_copy,,,3.79,28.96,0,2.0600625,0,0
aten::empty_strided,,,3.18,3.18,0,0,0,0
aten::copy_,,,11.37,21.99,0,2.0600625,0,0
acl_memcpy_device_to_host,,,10.62,10.62,2.0600625,2.0600625,0,0
Event::record,,,167.64,187.3,0,0.0,0,0
record_event,,,19.66,19.66,0.0,0.0,0,0
Event::synchronize,,,83.43,83.43,0,0,0,0
aten::resolve_conj,,,2.02,2.02,0,0,0,0
aten::resolve_neg,,,0.74,0.74,0,0,0,0
aten::to,,,3.36,3.36,0,0,0,0
aten::detach,,,4.33,4.33,0,0,0,0
aten::to,,,0.64,0.64,0,0,0,0
aten::resolve_conj,,,0.54,0.54,0,0,0,0
aten::resolve_neg,,,0.26,0.26,0,0,0,0
aten::to,,,1.35,1.35,0,0,0,0
aten::detach,,,1.77,1.77,0,0,0,0
aten::to,,,0.5,0.5,0,0,0,0
aten::resolve_conj,,,0.4,0.4,0,0,0,0
aten::resolve_neg,,,4.41,4.41,0,0,0,0
aten::to,,,1.59,1.59,0,0,0,0
aten::detach,,,1.27,1.27,0,0,0,0
aten::to,,,0.62,0.62,0,0,0,0
aten::resolve_conj,,,0.49,0.49,0,0,0,0
aten::resolve_neg,,,0.48,0.48,0,0,0,0
destroy_event,,,23.46,23.46,0,0,0,0
record_event,,,7.0,7.0,0.0,0.0,0,0
Event::synchronize,,,152.84,152.84,0,0,0,0
aten::slice,,,13.1,21.01,0,0,0,0
aten::as_strided,,,7.91,7.91,0,0,0,0
aten::slice,,,3.37,6.15,0,0,0,0
aten::as_strided,,,2.78,2.78,0,0,0,0
aten::slice,,,2.89,5.14,0,0,0,0
aten::as_strided,,,2.25,2.25,0,0,0,0
aten::slice,,,8.93,13.15,0,0,0,0
aten::as_strided,,,4.22,4.22,0,0,0,0
aten::slice,,,3.36,9.57,0,0,0,0
aten::as_strided,,,6.21,6.21,0,0,0,0
aten::pin_memory,,,178.6,195.1,0,0,0,0
aten::is_pinned,,,16.5,16.5,0,0,0,0
aten::copy_,,,20.97,37.44,0,2.40003125,0,0
acl_memcpy_host_to_device,,,16.47,16.47,2.40003125,2.40003125,0,0
aten::slice,,,7.82,10.64,0,0,0,0
aten::as_strided,,,2.82,2.82,0,0,0,0
aten::slice,,,3.21,7.67,0,0,0,0
aten::as_strided,,,4.46,4.46,0,0,0,0
aten::pin_memory,,,3.93,14.28,0,0,0,0
aten::is_pinned,,,10.35,10.35,0,0,0,0
aten::copy_,,,15.18,30.81,0,2.3400625,0,0
acl_memcpy_host_to_device,,,15.63,15.63,2.3400625,2.3400625,0,0
aten::slice,,,6.52,9.33,0,0,0,0
aten::as_strided,,,2.81,2.81,0,0,0,0
aten::slice,,,3.11,7.78,0,0,0,0
aten::as_strided,,,4.67,4.67,0,0,0,0
aten::pin_memory,,,3.44,11.9,0,0,0,0
aten::is_pinned,,,8.46,8.46,0,0,0,0
aten::copy_,,,14.38,29.76,0,2.34003125,0,0
acl_memcpy_host_to_device,,,15.38,15.38,2.34003125,2.34003125,0,0
aten::slice,,,5.17,7.14,0,0,0,0
aten::as_strided,,,1.97,1.97,0,0,0,0
aten::slice,,,2.76,6.58,0,0,0,0
aten::as_strided,,,3.82,3.82,0,0,0,0
aten::pin_memory,,,2.96,11.23,0,0,0,0
aten::is_pinned,,,8.27,8.27,0,0,0,0
aten::copy_,,,13.85,28.49,0,2.3400625,0,0
acl_memcpy_host_to_device,,,14.64,14.64,2.3400625,2.3400625,0,0
aten::slice,,,6.45,8.97,0,0,0,0
aten::as_strided,,,2.52,2.52,0,0,0,0
aten::slice,,,2.96,6.94,0,0,0,0
aten::as_strided,,,3.98,3.98,0,0,0,0
aten::pin_memory,,,3.66,11.2,0,0,0,0
aten::is_pinned,,,7.54,7.54,0,0,0,0
aten::copy_,,,14.54,43.2,0,2.1800625,0,0
acl_memcpy_host_to_device,,,28.66,28.66,2.1800625,2.1800625,0,0
aten::slice,,,9.83,13.4,0,0,0,0
aten::as_strided,,,3.57,3.57,0,0,0,0
aten::slice,,,3.38,9.65,0,0,0,0
aten::as_strided,,,6.27,6.27,0,0,0,0
aten::pin_memory,,,4.6,17.78,0,0,0,0
aten::is_pinned,,,13.18,13.18,0,0,0,0
aten::copy_,,,16.86,39.88,0,2.18003125,0,0
acl_memcpy_host_to_device,,,23.02,23.02,2.18003125,2.18003125,0,0
aten::slice,,,5.71,10.62,0,0,0,0
aten::as_strided,,,4.91,4.91,0,0,0,0
aten::lift_fresh,,,1.49,1.49,0,0,0,0
aten::lift_fresh,,,1.48,1.48,0,0,0,0
aten::flatten,,,4.2,11.27,0,0,0,0
aten::view,,,7.07,7.07,0,0,0,0
aten::slice,,,4.3,6.01,0,0,0,0
aten::as_strided,,,1.71,1.71,0,0,0,0
aten::index_select,,,7.2,7.2,0,0,0,0
aten::pin_memory,,,4.36,16.45,0,0,0,0
aten::is_pinned,,,12.09,12.09,0,0,0,0
aten::copy_,,,15.7,36.02,0,2.32003125,0,0
acl_memcpy_host_to_device,,,20.32,20.32,2.32003125,2.32003125,0,0
aten::pin_memory,,,3.98,12.26,0,0,0,0
aten::is_pinned,,,8.28,8.28,0,0,0,0
aten::copy_,,,13.75,30.06,0,2.30003125,0,0
acl_memcpy_host_to_device,,,16.31,16.31,2.30003125,2.30003125,0,0
aten::slice,,,7.81,10.91,0,0,0,0
aten::as_strided,,,3.1,3.1,0,0,0,0
aten::lift_fresh,,,2.99,2.99,0,0,0,0
aten::slice,,,4.04,5.58,0,0,0,0
aten::as_strided,,,1.54,1.54,0,0,0,0
aten::add,,,16.91,16.91,0,0,0,0
aten::slice,,,4.01,5.38,0,0,0,0
aten::as_strided,,,1.37,1.37,0,0,0,0
aten::fill_,,,6.36,6.36,0,0,0,0
aten::slice,,,3.74,9.61,0,0,0,0
aten::as_strided,,,5.87,5.87,0,0,0,0
aten::fill_,,,21.98,40.45,0,1.40003125,0,0
aclnnInplaceFillScalar,,,18.47,18.47,1.40003125,1.40003125,0,0
aten::empty,,,33.18,33.18,0,0,0,0
aten::to,,,2.31,2.31,0,0,0,0
aten::lift_fresh,,,1.01,1.01,0,0,0,0
aten::detach_,,,0.87,0.87,0,0,0,0
aten::to,,,3.18,67.88,0,2.3200625,0,0
aten::_to_copy,,,7.81,64.7,0,2.3200625,0,0
aten::empty_strided,,,12.55,20.22,0,0,0,0
empty_tensor,,,7.67,7.67,0,0,0,0
aten::copy_,,,17.81,36.67,0,2.3200625,0,0
acl_memcpy_host_to_device,,,18.86,18.86,2.3200625,2.3200625,0,0
record_event,,,14.51,14.51,0.0,0.0,0,0
aten::empty,,,15.24,15.24,0,0,0,0
aten::to,,,1.35,1.35,0,0,0,0
aten::lift_fresh,,,1.22,1.22,0,0,0,0
aten::detach_,,,0.59,0.59,0,0,0,0
aten::to,,,2.61,51.37,0,2.2000625,0,0
aten::_to_copy,,,5.43,48.76,0,2.2000625,0,0
aten::empty_strided,,,9.68,16.26,0,0,0,0
empty_tensor,,,6.58,6.58,0,0,0,0
aten::copy_,,,15.1,27.07,0,2.2000625,0,0
acl_memcpy_host_to_device,,,11.97,11.97,2.2000625,2.2000625,0,0
record_event,,,14.48,14.48,0.02,0.02,0,0
aten::select,,,5.38,10.3,0,0,0,0
aten::as_strided,,,4.92,4.92,0,0,0,0
aten::index,,,35.62,59.69,0,10.92021875,0,0
empty_tensor,,,4.99,4.99,0,0,0,0
empty_tensor,,,7.03,7.03,0,0,0,0
aclnnIndex,,,12.05,12.05,10.92021875,10.92021875,0,0
aten::scatter_,,,198.98,214.79,0,4.3400625,0,0
aclnnInplaceScatter,,,15.81,15.81,4.3400625,4.3400625,0,0
aten::slice,,,11.3,14.41,0,0,0,0
aten::as_strided,,,3.11,3.11,0,0,0,0
aten::detach,,,3.8,3.8,0,0,0,0
aten::to,,,1.95,1.95,0,0,0,0
aten::resolve_conj,,,1.18,1.18,0,0,0,0
aten::resolve_neg,,,0.67,0.67,0,0,0,0
aten::slice,,,5.91,8.27,0,0,0,0
aten::as_strided,,,2.36,2.36,0,0,0,0
aten::slice,,,3.31,9.74,0,0,0,0
aten::as_strided,,,6.43,6.43,0,0,0,0
aten::pin_memory,,,5.27,19.71,0,0,0,0
aten::is_pinned,,,14.44,14.44,0,0,0,0
aten::copy_,,,4.1,4.1,0,0,0,0
aten::slice,,,6.13,8.21,0,0,0,0
aten::as_strided,,,2.08,2.08,0,0,0,0
aten::slice,,,3.26,7.5,0,0,0,0
aten::as_strided,,,4.24,4.24,0,0,0,0
aten::pin_memory,,,3.37,12.79,0,0,0,0
aten::is_pinned,,,9.42,9.42,0,0,0,0
aten::copy_,,,17.42,41.08,0,2.26003125,0,0
acl_memcpy_host_to_device,,,23.66,23.66,2.26003125,2.26003125,0,0
aten::fill_,,,20.45,26.86,0,1.50003125,0,0
aclnnInplaceFillScalar,,,6.41,6.41,1.50003125,1.50003125,0,0
aten::slice,,,7.11,11.97,0,0,0,0
aten::as_strided,,,4.86,4.86,0,0,0,0
aten::slice,,,3.28,5.16,0,0,0,0
aten::as_strided,,,1.88,1.88,0,0,0,0
aten::copy_,,,16.11,22.58,0,2.20003125,0,0
acl_memcpy_host_to_device,,,6.47,6.47,2.20003125,2.20003125,0,0
aten::slice,,,5.3,7.74,0,0,0,0
aten::as_strided,,,2.44,2.44,0,0,0,0
aten::slice,,,3.07,7.1,0,0,0,0
aten::as_strided,,,4.03,4.03,0,0,0,0
aten::pin_memory,,,3.98,13.65,0,0,0,0
aten::is_pinned,,,9.67,9.67,0,0,0,0
aten::copy_,,,13.79,34.31,0,2.3600625,0,0
acl_memcpy_host_to_device,,,20.52,20.52,2.3600625,2.3600625,0,0
aten::slice,,,4.78,8.96,0,0,0,0
aten::as_strided,,,4.18,4.18,0,0,0,0
aten::slice,,,3.21,4.72,0,0,0,0
aten::as_strided,,,1.51,1.51,0,0,0,0
aten::slice,,,3.01,6.05,0,0,0,0
aten::as_strided,,,3.04,3.04,0,0,0,0
aten::pin_memory,,,3.42,12.02,0,0,0,0
aten::is_pinned,,,8.6,8.6,0,0,0,0
aten::copy_,,,13.71,34.74,0,2.1800625,0,0
acl_memcpy_host_to_device,,,21.03,21.03,2.1800625,2.1800625,0,0
aten::slice,,,6.59,8.57,0,0,0,0
aten::as_strided,,,1.98,1.98,0,0,0,0
aten::slice,,,3.34,8.02,0,0,0,0
aten::as_strided,,,4.68,4.68,0,0,0,0
aten::pin_memory,,,4.12,12.49,0,0,0,0
aten::is_pinned,,,8.37,8.37,0,0,0,0
aten::copy_,,,14.26,33.43,0,2.34003125,0,0
acl_memcpy_host_to_device,,,19.17,19.17,2.34003125,2.34003125,0,0
aten::slice,,,4.96,8.64,0,0,0,0
aten::as_strided,,,3.68,3.68,0,0,0,0
aten::index,,,35.0,70.17,0,9.08015625,0,0
empty_tensor,,,6.95,6.95,0,0,0,0
empty_tensor,,,9.06,9.06,0,0,0,0
aclnnIndex,,,19.16,19.16,9.08015625,9.08015625,0,0
aten::to,,,2.76,56.9,0,1.18003125,0,0
aten::_to_copy,,,7.17,54.14,0,1.18003125,0,0
aten::empty_strided,,,9.53,14.18,0,0,0,0
empty_tensor,,,4.65,4.65,0,0,0,0
aten::copy_,,,18.12,32.79,0,1.18003125,0,0
aclnnInplaceCopy,,,14.67,14.67,1.18003125,1.18003125,0,0
aten::slice,,,6.77,11.15,0,0,0,0
aten::as_strided,,,4.38,4.38,0,0,0,0
aten::add,,,21.36,41.87,0,2.4800625,0,0
empty_tensor,,,6.82,6.82,0,0,0,0
aclnnAdd,,,13.69,13.69,2.4800625,2.4800625,0,0
aten::slice,,,5.42,10.17,0,0,0,0
aten::as_strided,,,4.75,4.75,0,0,0,0
aten::copy_,,,62.74,78.04,0,0.54,0,0
aclnnInplaceCopy,,,15.3,15.3,0.54,0.54,0,0
aten::slice,,,7.39,12.45,0,0,0,0
aten::as_strided,,,5.06,5.06,0,0,0,0
aten::add,,,20.06,42.21,0,1.68003125,0,0
empty_tensor,,,9.35,9.35,0,0,0,0
aclnnAdd,,,12.8,12.8,1.68003125,1.68003125,0,0
aten::slice,,,16.8,21.67,0,0,0,0
aten::as_strided,,,4.87,4.87,0,0,0,0
aten::copy_,,,54.67,68.05,0,0.62,0,0
aclnnInplaceCopy,,,13.38,13.38,0.62,0.62,0,0
aten::slice,,,6.39,10.86,0,0,0,0
aten::as_strided,,,4.47,4.47,0,0,0,0
aten::fill_,,,20.2,42.39,0,1.40003125,0,0
aclnnInplaceFillScalar,,,22.19,22.19,1.40003125,1.40003125,0,0
aten::slice,,,6.16,9.66,0,0,0,0
aten::as_strided,,,3.5,3.5,0,0,0,0
aten::slice,,,2.67,5.03,0,0,0,0
aten::as_strided,,,2.36,2.36,0,0,0,0
compute_slot_mapping_fused_groups_adaptive_kernel,,,33.16,33.16,4.18009375,4.18009375,0,0
aten::slice,,,9.49,17.02,0,0,0,0
aten::as_strided,,,7.53,7.53,0,0,0,0
aten::sub,,,27.19,58.76,0,1.38003125,0,0
empty_tensor,,,10.52,10.52,0,0,0,0
aten::item,,,2.63,5.06,0,0,0,0
aten::_local_scalar_dense,,,2.43,2.43,0,0,0,0
aclnnSubs,,,15.99,15.99,1.38003125,1.38003125,0,0
aten::pin_memory,,,6.88,23.76,0,0,0,0
aten::is_pinned,,,16.88,16.88,0,0,0,0
aten::copy_,,,20.05,42.84,0,2.22003125,0,0
acl_memcpy_host_to_device,,,22.79,22.79,2.22003125,2.22003125,0,0
aten::detach,,,4.61,4.61,0,0,0,0
aten::to,,,2.21,2.21,0,0,0,0
aten::resolve_conj,,,0.98,0.98,0,0,0,0
aten::resolve_neg,,,0.61,0.61,0,0,0,0
aten::slice,,,8.84,16.62,0,0,0,0
aten::as_strided,,,7.78,7.78,0,0,0,0
aten::slice,,,3.41,9.76,0,0,0,0
aten::as_strided,,,6.35,6.35,0,0,0,0
aten::slice,,,3.24,5.85,0,0,0,0
aten::as_strided,,,2.61,2.61,0,0,0,0
aten::fill_,,,19.27,37.07,0,0,0,0
aclnnInplaceFillScalar,,,17.8,17.8,0,0,0,0
aten::slice,,,4.22,7.84,0,0,0,0
aten::as_strided,,,3.62,3.62,0,0,0,0
aten::fill_,,,13.02,27.74,0,0,0,0
aclnnInplaceFillScalar,,,14.72,14.72,0,0,0,0
aten::slice,,,5.16,7.7,0,0,0,0
aten::as_strided,,,2.54,2.54,0,0,0,0
aten::slice,,,2.57,3.53,0,0,0,0
aten::as_strided,,,0.96,0.96,0,0,0,0
aten::lt,,,18.27,18.27,0,0,0,0
aten::lift_fresh,,,0.96,0.96,0,0,0,0
aten::slice,,,1.59,3.6,0,0,0,0
aten::as_strided,,,2.01,2.01,0,0,0,0
aten::fill_,,,2.51,10.73,0,0,0,0
aten::copy_,,,8.22,8.22,0,0,0,0
aten::slice,,,4.03,6.09,0,0,0,0
aten::as_strided,,,2.06,2.06,0,0,0,0
aten::slice,,,2.69,7.32,0,0,0,0
aten::as_strided,,,4.63,4.63,0,0,0,0
aten::slice,,,2.64,4.89,0,0,0,0
aten::as_strided,,,2.25,2.25,0,0,0,0
aten::slice,,,3.21,5.72,0,0,0,0
aten::as_strided,,,2.51,2.51,0,0,0,0
aten::slice,,,2.48,9.88,0,0,0,0
aten::as_strided,,,7.4,7.4,0,0,0,0
aten::slice,,,2.13,3.34,0,0,0,0
aten::as_strided,,,1.21,1.21,0,0,0,0
aten::slice,,,3.35,7.29,0,0,0,0
aten::as_strided,,,3.94,3.94,0,0,0,0
aten::slice,,,2.4,4.7,0,0,0,0
aten::as_strided,,,2.3,2.3,0,0,0,0
aten::slice,,,2.56,4.6,0,0,0,0
aten::as_strided,,,2.04,2.04,0,0,0,0
aten::slice,,,5.49,10.82,0,0,0,0
aten::as_strided,,,5.33,5.33,0,0,0,0
aten::slice,,,2.91,6.92,0,0,0,0
aten::as_strided,,,4.01,4.01,0,0,0,0
aten::slice,,,3.22,5.66,0,0,0,0
aten::as_strided,,,2.44,2.44,0,0,0,0
aten::to,,,1.57,1.57,0,0,0,0
aten::slice,,,2.25,5.25,0,0,0,0
aten::as_strided,,,3.0,3.0,0,0,0,0
aten::slice,,,2.4,4.85,0,0,0,0
aten::as_strided,,,2.45,2.45,0,0,0,0
aten::slice,,,2.6,4.14,0,0,0,0
aten::as_strided,,,1.54,1.54,0,0,0,0
aten::slice,,,3.06,6.59,0,0,0,0
aten::as_strided,,,3.53,3.53,0,0,0,0
aten::slice,,,2.45,6.22,0,0,0,0
aten::as_strided,,,3.77,3.77,0,0,0,0
aten::alias,,,6.18,6.18,0,0,0,0
aten::div,,,40.29,67.02,0,7.1001562499999995,0,0
aten::item,,,2.81,4.66,0,0,0,0
aten::_local_scalar_dense,,,1.85,1.85,0,0,0,0
aclnnDivMods,,,22.07,22.07,7.1001562499999995,7.1001562499999995,0,0
aten::slice,,,3.57,8.5,0,0,0,0
aten::as_strided,,,4.93,4.93,0,0,0,0
aten::slice,,,4.81,7.92,0,0,0,0
aten::as_strided,,,3.11,3.11,0,0,0,0
aten::copy_,,,63.88,81.17,0,0.58003125,0,0
aclnnInplaceCopy,,,17.29,17.29,0.58003125,0.58003125,0,0
aten::slice,,,3.98,8.21,0,0,0,0
aten::as_strided,,,4.23,4.23,0,0,0,0
aten::slice,,,5.09,8.64,0,0,0,0
aten::as_strided,,,3.55,3.55,0,0,0,0
aten::ge,,,23.79,52.36,0,4.34003125,0,0
empty_tensor,,,13.12,13.12,0,0,0,0
aclnnGeScalar,,,15.45,15.45,4.34003125,4.34003125,0,0
aten::add,,,21.42,46.77,0,2.8800625,0,0
empty_tensor,,,7.2,7.2,0,0,0,0
aten::item,,,2.51,4.25,0,0,0,0
aten::_local_scalar_dense,,,1.74,1.74,0,0,0,0
aclnnAdds,,,13.9,13.9,2.8800625,2.8800625,0,0
aten::remainder,,,24.0,43.77,0,4.06009375,0,0
empty_tensor,,,7.46,7.46,0,0,0,0
aclnnRemainderTensorScalar,,,12.31,12.31,4.06009375,4.06009375,0,0
aten::eq,,,13.12,22.37,0,2.5800625,0,0
empty_tensor,,,6.45,6.45,0,0,0,0
aclnnEqScalar,,,2.8,2.8,2.5800625,2.5800625,0,0
aten::__and__,,,3.55,38.99,0,1.72003125,0,0
aten::bitwise_and,,,16.64,35.44,0,1.72003125,0,0
empty_tensor,,,5.71,5.71,0,0,0,0
aclnnBitwiseAndTensor,,,13.09,13.09,1.72003125,1.72003125,0,0
aten::clamp_min,,,13.15,30.99,0,2.8800625,0,0
empty_tensor,,,5.92,5.92,0,0,0,0
aclnnClampMin,,,11.92,11.92,2.8800625,2.8800625,0,0
aten::div,,,22.84,43.93,0,4.4800625,0,0
empty_tensor,,,6.16,6.16,0,0,0,0
aten::item,,,2.13,3.64,0,0,0,0
aten::_local_scalar_dense,,,1.51,1.51,0,0,0,0
aclnnDivMods,,,11.29,11.29,4.4800625,4.4800625,0,0
aten::remainder,,,20.87,38.22,0,5.1400625,0,0
empty_tensor,,,6.24,6.24,0,0,0,0
aclnnRemainderTensorScalar,,,11.11,11.11,5.1400625,5.1400625,0,0
aten::mul,,,17.4,37.18,0,1.44003125,0,0
empty_tensor,,,5.69,5.69,0,0,0,0
aten::item,,,1.69,2.83,0,0,0,0
aten::_local_scalar_dense,,,1.14,1.14,0,0,0,0
aclnnMuls,,,11.26,11.26,1.44003125,1.44003125,0,0
aten::div,,,20.09,43.14,0,4.280125,0,0
empty_tensor,,,7.36,7.36,0,0,0,0
aten::item,,,1.79,3.37,0,0,0,0
aten::_local_scalar_dense,,,1.58,1.58,0,0,0,0
aclnnDivMods,,,12.32,12.32,4.280125,4.280125,0,0
aten::add,,,14.38,23.3,0,1.26003125,0,0
empty_tensor,,,6.25,6.25,0,0,0,0
aclnnAdd,,,2.67,2.67,1.26003125,1.26003125,0,0
aten::full_like,,,5.13,47.39,0,1.18003125,0,0
aten::empty_like,,,7.07,19.81,0,0,0,0
aten::empty_strided,,,7.8,12.74,0,0,0,0
empty_tensor,,,4.94,4.94,0,0,0,0
aten::fill_,,,9.79,22.45,0,1.18003125,0,0
aclnnInplaceFillScalar,,,12.66,12.66,1.18003125,1.18003125,0,0
aten::where,,,15.84,33.39,0,2.22003125,0,0
empty_tensor,,,6.66,6.66,0,0,0,0
aclnnSWhere,,,10.89,10.89,2.22003125,2.22003125,0,0
aten::copy_,,,15.87,28.14,0,1.24003125,0,0
aclnnInplaceCopy,,,12.27,12.27,1.24003125,1.24003125,0,0
aten::slice,,,4.03,8.95,0,0,0,0
aten::as_strided,,,4.92,4.92,0,0,0,0
aten::slice,,,6.14,9.18,0,0,0,0
aten::as_strided,,,3.04,3.04,0,0,0,0
aten::div,,,24.44,40.06,0,5.100125,0,0
aten::item,,,1.79,3.06,0,0,0,0
aten::_local_scalar_dense,,,1.27,1.27,0,0,0,0
aclnnDivMods,,,12.56,12.56,5.100125,5.100125,0,0
aten::slice,,,2.69,6.5,0,0,0,0
aten::as_strided,,,3.81,3.81,0,0,0,0
aten::slice,,,4.35,7.45,0,0,0,0
aten::as_strided,,,3.1,3.1,0,0,0,0
aten::slice,,,2.25,4.75,0,0,0,0
aten::as_strided,,,2.5,2.5,0,0,0,0
aten::copy_,,,58.93,74.22,0,0.6,0,0
aclnnInplaceCopy,,,15.29,15.29,0.6,0.6,0,0
aten::slice,,,2.97,7.28,0,0,0,0
aten::as_strided,,,4.31,4.31,0,0,0,0
aten::slice,,,4.67,7.41,0,0,0,0
aten::as_strided,,,2.74,2.74,0,0,0,0
aten::copy_,,,49.84,66.83,0,0.62,0,0
aclnnInplaceCopy,,,16.99,16.99,0.62,0.62,0,0
aten::slice,,,5.31,8.19,0,0,0,0
aten::as_strided,,,2.88,2.88,0,0,0,0
aten::div,,,14.23,33.76,0,0,0,0
aten::to,,,1.95,19.53,0,0,0,0
aten::_to_copy,,,5.08,17.58,0,0,0,0
aten::empty_strided,,,3.81,3.81,0,0,0,0
aten::copy_,,,8.69,8.69,0,0,0,0
aten::slice,,,4.28,9.33,0,0,0,0
aten::as_strided,,,5.05,5.05,0,0,0,0
aten::slice,,,6.26,11.44,0,0,0,0
aten::as_strided,,,5.18,5.18,0,0,0,0
aten::slice,,,3.04,5.97,0,0,0,0
aten::as_strided,,,2.93,2.93,0,0,0,0
aten::slice,,,2.68,5.25,0,0,0,0
aten::as_strided,,,2.57,2.57,0,0,0,0
aten::fill_,,,18.01,35.52,0,0,0,0
aclnnInplaceFillScalar,,,17.51,17.51,0,0,0,0
aten::slice,,,5.56,9.09,0,0,0,0
aten::as_strided,,,3.53,3.53,0,0,0,0
aten::fill_,,,12.98,25.41,0,0,0,0
aclnnInplaceFillScalar,,,12.43,12.43,0,0,0,0
aten::slice,,,6.21,10.72,0,0,0,0
aten::as_strided,,,4.51,4.51,0,0,0,0
aten::slice,,,3.21,6.06,0,0,0,0
aten::as_strided,,,2.85,2.85,0,0,0,0
aten::slice,,,5.63,8.09,0,0,0,0
aten::as_strided,,,2.46,2.46,0,0,0,0
aten::slice,,,3.05,6.42,0,0,0,0
aten::as_strided,,,3.37,3.37,0,0,0,0
aten::slice,,,2.99,5.68,0,0,0,0
aten::as_strided,,,2.69,2.69,0,0,0,0
aten::slice,,,2.72,5.07,0,0,0,0
aten::as_strided,,,2.35,2.35,0,0,0,0
aten::slice,,,2.46,4.53,0,0,0,0
aten::as_strided,,,2.07,2.07,0,0,0,0
aten::fill_,,,15.35,29.65,0,0,0,0
aclnnInplaceFillScalar,,,14.3,14.3,0,0,0,0
aten::slice,,,3.8,7.62,0,0,0,0
aten::as_strided,,,3.82,3.82,0,0,0,0
aten::fill_,,,11.04,21.67,0,0,0,0
aclnnInplaceFillScalar,,,10.63,10.63,0,0,0,0
aten::diff,,,8.56,37.95,0,0,0,0
aten::narrow,,,7.01,11.8,0,0,0,0
aten::slice,,,2.23,4.79,0,0,0,0
aten::as_strided,,,2.56,2.56,0,0,0,0
aten::narrow,,,2.09,4.49,0,0,0,0
aten::slice,,,1.41,2.4,0,0,0,0
aten::as_strided,,,0.99,0.99,0,0,0,0
aten::sub,,,13.1,13.1,0,0,0,0
aten::eq,,,13.81,28.92,0,0,0,0
aten::to,,,1.8,15.11,0,0,0,0
aten::_to_copy,,,4.39,13.31,0,0,0,0
aten::empty_strided,,,3.0,3.0,0,0,0,0
aten::copy_,,,5.92,5.92,0,0,0,0
aten::__and__,,,2.09,7.16,0,0,0,0
aten::bitwise_and,,,5.07,5.07,0,0,0,0
aten::gt,,,8.91,18.19,0,0,0,0
aten::to,,,1.22,9.28,0,0,0,0
aten::_to_copy,,,2.83,8.06,0,0,0,0
aten::empty_strided,,,2.09,2.09,0,0,0,0
aten::copy_,,,3.14,3.14,0,0,0,0
aten::__and__,,,1.55,4.77,0,0,0,0
aten::bitwise_and,,,3.22,3.22,0,0,0,0
aten::any,,,11.7,14.88,0,0,0,0
aten::as_strided,,,1.4,1.4,0,0,0,0
aten::fill_,,,1.78,1.78,0,0,0,0
aten::item,,,1.67,3.13,0,0,0,0
aten::_local_scalar_dense,,,1.46,1.46,0,0,0,0
aten::slice,,,4.43,5.85,0,0,0,0
aten::as_strided,,,1.42,1.42,0,0,0,0
aten::slice,,,2.19,3.0,0,0,0,0
aten::as_strided,,,0.81,0.81,0,0,0,0
aten::sub,,,5.37,5.37,0,0,0,0
aten::select,,,3.95,5.18,0,0,0,0
aten::as_strided,,,1.23,1.23,0,0,0,0
aten::item,,,1.33,2.42,0,0,0,0
aten::_local_scalar_dense,,,1.09,1.09,0,0,0,0
aten::gt,,,7.96,17.73,0,0,0,0
aten::to,,,1.1,9.77,0,0,0,0
aten::_to_copy,,,2.77,8.67,0,0,0,0
aten::empty_strided,,,2.14,2.14,0,0,0,0
aten::copy_,,,3.76,3.76,0,0,0,0
aten::__ior__,,,1.98,7.15,0,0,0,0
aten::bitwise_or_,,,5.17,5.17,0,0,0,0
aten::any,,,8.44,10.56,0,0,0,0
aten::as_strided,,,1.28,1.28,0,0,0,0
aten::fill_,,,0.84,0.84,0,0,0,0
aten::is_nonzero,,,1.66,3.9,0,0,0,0
aten::item,,,1.16,2.24,0,0,0,0
aten::_local_scalar_dense,,,1.08,1.08,0,0,0,0
aten::select,,,5.23,10.78,0,0,0,0
aten::as_strided,,,5.55,5.55,0,0,0,0
aten::slice,,,4.81,8.7,0,0,0,0
aten::as_strided,,,3.89,3.89,0,0,0,0
aten::slice,,,2.7,5.27,0,0,0,0
aten::as_strided,,,2.57,2.57,0,0,0,0
aten::slice,,,2.32,4.6,0,0,0,0
aten::as_strided,,,2.28,2.28,0,0,0,0
aten::copy_,,,65.88,86.52,0,0.60003125,0,0
aclnnInplaceCopy,,,20.64,20.64,0.60003125,0.60003125,0,0
aten::slice,,,6.2,10.04,0,0,0,0
aten::as_strided,,,3.84,3.84,0,0,0,0
aten::fill_,,,15.13,28.36,0,0,0,0
aclnnInplaceFillScalar,,,13.23,13.23,0,0,0,0
aten::slice,,,5.99,10.28,0,0,0,0
aten::as_strided,,,4.29,4.29,0,0,0,0
aten::slice,,,2.76,5.65,0,0,0,0
aten::as_strided,,,2.89,2.89,0,0,0,0
aten::slice,,,2.78,5.07,0,0,0,0
aten::as_strided,,,2.29,2.29,0,0,0,0
aten::copy_,,,54.68,69.81,0,0.64,0,0
aclnnInplaceCopy,,,15.13,15.13,0.64,0.64,0,0
aten::slice,,,5.91,9.68,0,0,0,0
aten::as_strided,,,3.77,3.77,0,0,0,0
aten::slice,,,3.39,6.71,0,0,0,0
aten::as_strided,,,3.32,3.32,0,0,0,0
aten::slice,,,3.73,6.68,0,0,0,0
aten::as_strided,,,2.95,2.95,0,0,0,0
aten::slice,,,2.3,4.53,0,0,0,0
aten::as_strided,,,2.23,2.23,0,0,0,0
aten::slice,,,2.31,4.53,0,0,0,0
aten::as_strided,,,2.22,2.22,0,0,0,0
aten::copy_,,,49.92,64.87,0,0.66003125,0,0
aclnnInplaceCopy,,,14.95,14.95,0.66003125,0.66003125,0,0
aten::slice,,,6.08,9.97,0,0,0,0
aten::as_strided,,,3.89,3.89,0,0,0,0
aten::slice,,,2.43,5.17,0,0,0,0
aten::as_strided,,,2.74,2.74,0,0,0,0
aten::slice,,,2.82,5.12,0,0,0,0
aten::as_strided,,,2.3,2.3,0,0,0,0
aten::sub,,,18.43,31.34,0,1.48003125,0,0
aclnnSub,,,12.91,12.91,1.48003125,1.48003125,0,0
aten::slice,,,7.75,10.71,0,0,0,0
aten::as_strided,,,2.96,2.96,0,0,0,0
aten::slice,,,3.05,7.25,0,0,0,0
aten::as_strided,,,4.2,4.2,0,0,0,0
aten::slice,,,2.96,6.06,0,0,0,0
aten::as_strided,,,3.1,3.1,0,0,0,0
aten::slice,,,2.49,5.36,0,0,0,0
aten::as_strided,,,2.87,2.87,0,0,0,0
aten::slice,,,2.31,4.48,0,0,0,0
aten::as_strided,,,2.17,2.17,0,0,0,0
aten::fill_,,,16.33,30.54,0,0,0,0
aclnnInplaceFillScalar,,,14.21,14.21,0,0,0,0
aten::slice,,,6.03,10.53,0,0,0,0
aten::as_strided,,,4.5,4.5,0,0,0,0
aten::fill_,,,12.2,24.59,0,0,0,0
aclnnInplaceFillScalar,,,12.39,12.39,0,0,0,0
aten::diff,,,7.04,33.13,0,0,0,0
aten::narrow,,,5.57,10.61,0,0,0,0
aten::slice,,,2.44,5.04,0,0,0,0
aten::as_strided,,,2.6,2.6,0,0,0,0
aten::narrow,,,1.9,3.98,0,0,0,0
aten::slice,,,1.12,2.08,0,0,0,0
aten::as_strided,,,0.96,0.96,0,0,0,0
aten::sub,,,11.5,11.5,0,0,0,0
aten::eq,,,30.01,45.84,0,0,0,0
aten::to,,,2.58,15.83,0,0,0,0
aten::_to_copy,,,4.53,13.25,0,0,0,0
aten::empty_strided,,,2.86,2.86,0,0,0,0
aten::copy_,,,5.86,5.86,0,0,0,0
aten::__and__,,,2.4,8.57,0,0,0,0
aten::bitwise_and,,,6.17,6.17,0,0,0,0
aten::gt,,,9.86,34.43,0,0,0,0
aten::to,,,1.29,24.57,0,0,0,0
aten::_to_copy,,,3.81,23.28,0,0,0,0
aten::empty_strided,,,16.13,16.13,0,0,0,0
aten::copy_,,,3.34,3.34,0,0,0,0
aten::__and__,,,1.44,4.94,0,0,0,0
aten::bitwise_and,,,3.5,3.5,0,0,0,0
aten::any,,,11.11,21.39,0,0,0,0
aten::as_strided,,,9.21,9.21,0,0,0,0
aten::fill_,,,1.07,1.07,0,0,0,0
aten::item,,,2.1,3.55,0,0,0,0
aten::_local_scalar_dense,,,1.45,1.45,0,0,0,0
aten::slice,,,5.39,6.83,0,0,0,0
aten::as_strided,,,1.44,1.44,0,0,0,0
aten::slice,,,2.2,3.38,0,0,0,0
aten::as_strided,,,1.18,1.18,0,0,0,0
aten::sub,,,5.56,5.56,0,0,0,0
aten::select,,,3.27,7.38,0,0,0,0
aten::as_strided,,,4.11,4.11,0,0,0,0
aten::item,,,1.63,2.88,0,0,0,0
aten::_local_scalar_dense,,,1.25,1.25,0,0,0,0
aten::gt,,,20.96,31.46,0,0,0,0
aten::to,,,1.39,10.5,0,0,0,0
aten::_to_copy,,,3.61,9.11,0,0,0,0
aten::empty_strided,,,2.0,2.0,0,0,0,0
aten::copy_,,,3.5,3.5,0,0,0,0
aten::__ior__,,,2.03,6.53,0,0,0,0
aten::bitwise_or_,,,4.5,4.5,0,0,0,0
aten::any,,,8.16,9.93,0,0,0,0
aten::as_strided,,,1.16,1.16,0,0,0,0
aten::fill_,,,0.61,0.61,0,0,0,0
aten::is_nonzero,,,1.85,3.84,0,0,0,0
aten::item,,,1.17,1.99,0,0,0,0
aten::_local_scalar_dense,,,0.82,0.82,0,0,0,0
aten::select,,,5.63,24.1,0,0,0,0
aten::as_strided,,,18.47,18.47,0,0,0,0
aten::slice,,,5.18,9.44,0,0,0,0
aten::as_strided,,,4.26,4.26,0,0,0,0
aten::slice,,,2.43,5.26,0,0,0,0
aten::as_strided,,,2.83,2.83,0,0,0,0
aten::slice,,,3.19,17.09,0,0,0,0
aten::as_strided,,,13.9,13.9,0,0,0,0
aten::copy_,,,76.53,99.99,0,0.58003125,0,0
aclnnInplaceCopy,,,23.46,23.46,0.58003125,0.58003125,0,0
aten::slice,,,5.99,10.61,0,0,0,0
aten::as_strided,,,4.62,4.62,0,0,0,0
aten::fill_,,,25.02,53.24,0,0,0,0
aclnnInplaceFillScalar,,,28.22,28.22,0,0,0,0
aten::slice,,,6.3,10.89,0,0,0,0
aten::as_strided,,,4.59,4.59,0,0,0,0
aten::slice,,,2.88,6.87,0,0,0,0
aten::as_strided,,,3.99,3.99,0,0,0,0
aten::slice,,,2.54,4.98,0,0,0,0
aten::as_strided,,,2.44,2.44,0,0,0,0
aten::copy_,,,56.79,86.37,0,0.58003125,0,0
aclnnInplaceCopy,,,29.58,29.58,0.58003125,0.58003125,0,0
aten::slice,,,6.21,10.78,0,0,0,0
aten::as_strided,,,4.57,4.57,0,0,0,0
aten::slice,,,3.24,6.54,0,0,0,0
aten::as_strided,,,3.3,3.3,0,0,0,0
aten::slice,,,3.58,6.83,0,0,0,0
aten::as_strided,,,3.25,3.25,0,0,0,0
aten::slice,,,2.22,5.39,0,0,0,0
aten::as_strided,,,3.17,3.17,0,0,0,0
aten::slice,,,2.26,5.08,0,0,0,0
aten::as_strided,,,2.82,2.82,0,0,0,0
aten::copy_,,,53.88,69.45,0,0.66003125,0,0
aclnnInplaceCopy,,,15.57,15.57,0.66003125,0.66003125,0,0
aten::slice,,,5.93,10.06,0,0,0,0
aten::as_strided,,,4.13,4.13,0,0,0,0
aten::slice,,,2.62,5.72,0,0,0,0
aten::as_strided,,,3.1,3.1,0,0,0,0
aten::slice,,,2.31,4.4,0,0,0,0
aten::as_strided,,,2.09,2.09,0,0,0,0
aten::sub,,,18.57,32.49,0,1.34003125,0,0
aclnnSub,,,13.92,13.92,1.34003125,1.34003125,0,0
aten::slice,,,7.26,9.76,0,0,0,0
aten::as_strided,,,2.5,2.5,0,0,0,0
aten::slice,,,2.76,7.59,0,0,0,0
aten::as_strided,,,4.83,4.83,0,0,0,0
aten::slice,,,2.9,6.08,0,0,0,0
aten::as_strided,,,3.18,3.18,0,0,0,0
aten::slice,,,2.57,5.11,0,0,0,0
aten::as_strided,,,2.54,2.54,0,0,0,0
aten::slice,,,2.28,4.21,0,0,0,0
aten::as_strided,,,1.93,1.93,0,0,0,0
aten::fill_,,,15.73,30.97,0,0,0,0
aclnnInplaceFillScalar,,,15.24,15.24,0,0,0,0
aten::slice,,,4.76,8.52,0,0,0,0
aten::as_strided,,,3.76,3.76,0,0,0,0
aten::fill_,,,12.2,23.41,0,0,0,0
aclnnInplaceFillScalar,,,11.21,11.21,0,0,0,0
aten::diff,,,7.04,34.11,0,0,0,0
aten::narrow,,,5.57,10.9,0,0,0,0
aten::slice,,,2.26,5.33,0,0,0,0
aten::as_strided,,,3.07,3.07,0,0,0,0
aten::narrow,,,2.3,4.52,0,0,0,0
aten::slice,,,0.99,2.22,0,0,0,0
aten::as_strided,,,1.23,1.23,0,0,0,0
aten::sub,,,11.65,11.65,0,0,0,0
aten::eq,,,12.4,44.49,0,0,0,0
aten::to,,,16.47,32.09,0,0,0,0
aten::_to_copy,,,4.59,15.62,0,0,0,0
aten::empty_strided,,,4.39,4.39,0,0,0,0
aten::copy_,,,6.64,6.64,0,0,0,0
aten::__and__,,,1.95,6.16,0,0,0,0
aten::bitwise_and,,,4.21,4.21,0,0,0,0
aten::gt,,,9.39,19.82,0,0,0,0
aten::to,,,1.15,10.43,0,0,0,0
aten::_to_copy,,,2.8,9.28,0,0,0,0
aten::empty_strided,,,2.88,2.88,0,0,0,0
aten::copy_,,,3.6,3.6,0,0,0,0
aten::__and__,,,1.49,5.13,0,0,0,0
aten::bitwise_and,,,3.64,3.64,0,0,0,0
aten::any,,,9.47,12.0,0,0,0,0
aten::as_strided,,,1.58,1.58,0,0,0,0
aten::fill_,,,0.95,0.95,0,0,0,0
aten::item,,,1.93,3.19,0,0,0,0
aten::_local_scalar_dense,,,1.26,1.26,0,0,0,0
aten::slice,,,5.04,6.2,0,0,0,0
aten::as_strided,,,1.16,1.16,0,0,0,0
aten::slice,,,2.56,3.73,0,0,0,0
aten::as_strided,,,1.17,1.17,0,0,0,0
aten::sub,,,5.4,5.4,0,0,0,0
aten::select,,,2.7,3.9,0,0,0,0
aten::as_strided,,,1.2,1.2,0,0,0,0
aten::item,,,1.43,2.47,0,0,0,0
aten::_local_scalar_dense,,,1.04,1.04,0,0,0,0
aten::gt,,,7.53,17.31,0,0,0,0
aten::to,,,1.23,9.78,0,0,0,0
aten::_to_copy,,,2.93,8.55,0,0,0,0
aten::empty_strided,,,2.33,2.33,0,0,0,0
aten::copy_,,,3.29,3.29,0,0,0,0
aten::__ior__,,,1.94,6.21,0,0,0,0
aten::bitwise_or_,,,4.27,4.27,0,0,0,0
aten::any,,,7.68,10.03,0,0,0,0
aten::as_strided,,,1.6,1.6,0,0,0,0
aten::fill_,,,0.75,0.75,0,0,0,0
aten::is_nonzero,,,1.57,4.52,0,0,0,0
aten::item,,,2.08,2.95,0,0,0,0
aten::_local_scalar_dense,,,0.87,0.87,0,0,0,0
aten::select,,,4.58,11.18,0,0,0,0
aten::as_strided,,,6.6,6.6,0,0,0,0
aten::slice,,,5.3,9.69,0,0,0,0
aten::as_strided,,,4.39,4.39,0,0,0,0
aten::slice,,,2.89,5.62,0,0,0,0
aten::as_strided,,,2.73,2.73,0,0,0,0
aten::slice,,,2.54,5.05,0,0,0,0
aten::as_strided,,,2.51,2.51,0,0,0,0
aten::copy_,,,66.59,88.46,0,0.60003125,0,0
aclnnInplaceCopy,,,21.87,21.87,0.60003125,0.60003125,0,0
aten::slice,,,6.57,11.22,0,0,0,0
aten::as_strided,,,4.65,4.65,0,0,0,0
aten::fill_,,,15.15,29.15,0,0,0,0
aclnnInplaceFillScalar,,,14.0,14.0,0,0,0,0
aten::slice,,,6.58,11.09,0,0,0,0
aten::as_strided,,,4.51,4.51,0,0,0,0
aten::slice,,,2.95,5.84,0,0,0,0
aten::as_strided,,,2.89,2.89,0,0,0,0
aten::slice,,,2.95,5.74,0,0,0,0
aten::as_strided,,,2.79,2.79,0,0,0,0
aten::copy_,,,54.82,69.33,0,0.64,0,0
aclnnInplaceCopy,,,14.51,14.51,0.64,0.64,0,0
aten::slice,,,6.07,10.36,0,0,0,0
aten::as_strided,,,4.29,4.29,0,0,0,0
aten::slice,,,3.84,7.74,0,0,0,0
aten::as_strided,,,3.9,3.9,0,0,0,0
aten::slice,,,3.62,6.83,0,0,0,0
aten::as_strided,,,3.21,3.21,0,0,0,0
aten::slice,,,2.49,5.0,0,0,0,0
aten::as_strided,,,2.51,2.51,0,0,0,0
aten::slice,,,2.57,5.32,0,0,0,0
aten::as_strided,,,2.75,2.75,0,0,0,0
aten::copy_,,,51.85,67.19,0,0.58,0,0
aclnnInplaceCopy,,,15.34,15.34,0.58,0.58,0,0
aten::slice,,,6.48,10.36,0,0,0,0
aten::as_strided,,,3.88,3.88,0,0,0,0
aten::slice,,,2.61,5.24,0,0,0,0
aten::as_strided,,,2.63,2.63,0,0,0,0
aten::slice,,,2.38,4.76,0,0,0,0
aten::as_strided,,,2.38,2.38,0,0,0,0
aten::sub,,,18.31,31.92,0,1.26,0,0
aclnnSub,,,13.61,13.61,1.26,1.26,0,0
Event::record,,,170.33,194.29,0,0.02,0,0
record_event,,,23.96,23.96,0.02,0.02,0,0
aten::slice,,,9.56,16.63,0,0,0,0
aten::as_strided,,,7.07,7.07,0,0,0,0
aten::slice,,,4.39,7.6,0,0,0,0
aten::as_strided,,,3.21,3.21,0,0,0,0
aten::slice,,,7.45,14.48,0,0,0,0
aten::as_strided,,,7.03,7.03,0,0,0,0
aten::scalar_tensor,,,6.93,63.9,0,1.62003125,0,0
aten::empty,,,8.13,20.1,0,0,0,0
empty_tensor,,,11.97,11.97,0,0,0,0
aten::fill_,,,18.34,36.87,0,1.62003125,0,0
aclnnInplaceFillScalar,,,18.53,18.53,1.62003125,1.62003125,0,0
aten::view,,,5.03,5.03,0,0,0,0
aten::expand,,,3.14,6.04,0,0,0,0
aten::as_strided,,,2.9,2.9,0,0,0,0
aten::copy_,,,22.36,35.31,0,4.02009375,0,0
aclnnInplaceCopy,,,12.95,12.95,4.02009375,4.02009375,0,0
aten::scalar_tensor,,,4.16,36.29,0,1.32003125,0,0
aten::empty,,,2.49,9.77,0,0,0,0
empty_tensor,,,7.28,7.28,0,0,0,0
aten::fill_,,,11.05,22.36,0,1.32003125,0,0
aclnnInplaceFillScalar,,,11.31,11.31,1.32003125,1.32003125,0,0
aten::slice,,,6.09,11.84,0,0,0,0
aten::as_strided,,,5.75,5.75,0,0,0,0
aten::view,,,2.63,2.63,0,0,0,0
aten::expand,,,1.55,3.23,0,0,0,0
aten::as_strided,,,1.68,1.68,0,0,0,0
aten::copy_,,,1.85,1.85,0,0,0,0
aten::index,,,40.42,81.41,0,11.08021875,0,0
empty_tensor,,,8.02,8.02,0,0,0,0
empty_tensor,,,9.19,9.19,0,0,0,0
aclnnIndex,,,23.78,23.78,11.08021875,11.08021875,0,0
aten::linear,,,6.54,78.57,0,905.05809375,0,905.05809375
aten::t,,,6.99,18.15,0,0,0,0
aten::transpose,,,4.52,11.16,0,0,0,0
aten::as_strided,,,6.64,6.64,0,0,0,0
aten::matmul,,,24.59,53.88,0,905.05809375,0,905.05809375
empty_tensor,,,9.76,9.76,0,0,0,0
aclnnMatmul,,,19.53,19.53,905.05809375,905.05809375,905.05809375,905.05809375
aten::alias,,,3.69,3.69,0,0,0,0
aten::log_softmax,,,9.65,125.12,0,51.501000000000005,0,0
aten::to,,,3.64,77.1,0,7.580125,0,0
aten::_to_copy,,,7.93,73.46,0,7.580125,0,0
aten::empty_strided,,,13.63,21.53,0,0,0,0
empty_tensor,,,7.9,7.9,0,0,0,0
aten::copy_,,,21.92,44.0,0,7.580125,0,0
aclnnInplaceCopy,,,22.08,22.08,7.580125,7.580125,0,0
aten::_log_softmax,,,19.23,38.37,0,43.920875,0,0
empty_tensor,,,8.42,8.42,0,0,0,0
aclnnLogSoftmax,,,10.72,10.72,43.920875,43.920875,0,0
aten::to,,,2.21,52.17,0,2.6800625,0,0
aten::_to_copy,,,5.61,49.96,0,2.6800625,0,0
aten::empty_strided,,,8.8,13.3,0,0,0,0
empty_tensor,,,4.5,4.5,0,0,0,0
aten::copy_,,,17.31,31.05,0,2.6800625,0,0
aclnnInplaceCopy,,,13.74,13.74,2.6800625,2.6800625,0,0
aten::argmax,,,8.69,64.37,0,21.0404375,0,0
aten::empty,,,2.82,11.9,0,0,0,0
empty_tensor,,,9.08,9.08,0,0,0,0
aten::argmax,,,24.19,43.78,0,21.0404375,0,0
aten::reshape,,,2.62,8.06,0,0,0,0
aten::view,,,5.44,5.44,0,0,0,0
aclnnArgMax,,,11.53,11.53,21.0404375,21.0404375,0,0
aten::view,,,4.18,4.18,0,0,0,0
aten::to,,,2.07,2.07,0,0,0,0
aten::topk,,,22.44,48.25,0,33.86065625,0,0
empty_tensor,,,7.98,7.98,0,0,0,0
empty_tensor,,,5.29,5.29,0,0,0,0
aclnnTopk,,,12.54,12.54,33.86065625,33.86065625,0,0
aten::unsqueeze,,,4.14,9.35,0,0,0,0
aten::as_strided,,,5.21,5.21,0,0,0,0
aten::gather,,,21.83,31.64,0,5.880125,0,0
empty_tensor,,,6.5,6.5,0,0,0,0
aclnnGather,,,3.31,3.31,5.880125,5.880125,0,0
TorchDynamo Cache Lookup,,,39.39,39.39,0,0,0,0
Torch-Compiled Region: 0/0,,,114.85,229.38,0,38.22075,0,0
aten::_assert_scalar,,,3.22,3.22,0,0,0,0
aten::_assert_scalar,,,1.19,1.19,0,0,0,0
aten::_assert_scalar,,,1.29,1.29,0,0,0,0
aten::ge,,,19.66,53.17,0,13.98028125,0,0
empty_tensor,,,12.12,12.12,0,0,0,0
aclnnGeTensor,,,21.39,21.39,13.98028125,13.98028125,0,0
aten::sum,,,34.88,55.66,0,24.240468749999998,0,0
empty_tensor,,,8.44,8.44,0,0,0,0
aclnnReduceSum,,,12.34,12.34,24.240468749999998,24.240468749999998,0,0
aten::cat,,,20.52,44.38,0,2.8800625,0,0
empty_tensor,,,9.31,9.31,0,0,0,0
aclnnCat,,,14.55,14.55,2.8800625,2.8800625,0,0
aten::cat,,,12.43,30.91,0,2.7400625,0,0
empty_tensor,,,7.21,7.21,0,0,0,0
aclnnCat,,,11.27,11.27,2.7400625,2.7400625,0,0
aten::to,,,2.57,48.43,0,1.12,0,0
aten::_to_copy,,,6.06,45.86,0,1.12,0,0
aten::empty_strided,,,8.6,13.16,0,0,0,0
empty_tensor,,,4.56,4.56,0,0,0,0
aten::copy_,,,14.87,26.64,0,1.12,0,0
aclnnInplaceCopy,,,11.77,11.77,1.12,1.12,0,0
aten::to,,,2.31,44.08,0,1.34003125,0,0
aten::_to_copy,,,4.65,41.77,0,1.34003125,0,0
aten::empty_strided,,,6.96,11.55,0,0,0,0
empty_tensor,,,4.59,4.59,0,0,0,0
aten::copy_,,,13.64,25.57,0,1.34003125,0,0
aclnnInplaceCopy,,,11.93,11.93,1.34003125,1.34003125,0,0
aten::unsqueeze,,,3.94,8.59,0,0,0,0
aten::as_strided,,,4.65,4.65,0,0,0,0
Event::record,,,153.48,174.11,0,0.02,0,0
record_event,,,20.63,20.63,0.02,0.02,0,0
aten::slice,,,5.65,14.25,0,0,0,0
aten::as_strided,,,8.6,8.6,0,0,0,0
Event::wait,,,76.92,103.46,0,2395.107875,0,0
wait_event,,,26.54,26.54,2395.107875,2395.107875,0,0
Event::record,,,92.37,115.37,0,0.02,0,0
record_event,,,23.0,23.0,0.02,0.02,0,0
Event::wait,,,60.97,80.67,0,2014.62025,0,0
wait_event,,,19.7,19.7,2014.62025,2014.62025,0,0
destroy_event,,,11.57,11.57,0,0,0,0
aten::to,,,4.19,64.61,0,1.88003125,0,0
aten::_to_copy,,,7.62,60.42,0,1.88003125,0,0
aten::empty_strided,,,19.46,19.46,0,0,0,0
aten::copy_,,,19.08,33.34,0,1.88003125,0,0
acl_memcpy_device_to_host,,,14.26,14.26,1.88003125,1.88003125,0,0
aten::to,,,2.86,41.49,0,1.88003125,0,0
aten::_to_copy,,,5.24,38.63,0,1.88003125,0,0
aten::empty_strided,,,4.1,4.1,0,0,0,0
aten::copy_,,,15.32,29.29,0,1.88003125,0,0
acl_memcpy_device_to_host,,,13.97,13.97,1.88003125,1.88003125,0,0
aten::to,,,2.56,36.66,0,1.8800625,0,0
aten::_to_copy,,,4.44,34.1,0,1.8800625,0,0
aten::empty_strided,,,3.69,3.69,0,0,0,0
aten::copy_,,,13.24,25.97,0,1.8800625,0,0
acl_memcpy_device_to_host,,,12.73,12.73,1.8800625,1.8800625,0,0
aten::to,,,2.39,33.43,0,2.02003125,0,0
aten::_to_copy,,,4.09,31.04,0,2.02003125,0,0
aten::empty_strided,,,3.47,3.47,0,0,0,0
aten::copy_,,,12.18,23.48,0,2.02003125,0,0
acl_memcpy_device_to_host,,,11.3,11.3,2.02003125,2.02003125,0,0
Event::record,,,161.29,179.05,0,0.02,0,0
record_event,,,17.76,17.76,0.02,0.02,0,0
Event::synchronize,,,89.25,89.25,0,0,0,0
aten::resolve_conj,,,2.34,2.34,0,0,0,0
aten::resolve_neg,,,0.74,0.74,0,0,0,0
aten::to,,,3.22,3.22,0,0,0,0
aten::detach,,,3.87,3.87,0,0,0,0
aten::to,,,0.69,0.69,0,0,0,0
aten::resolve_conj,,,0.53,0.53,0,0,0,0
aten::resolve_neg,,,0.55,0.55,0,0,0,0
aten::to,,,1.4,1.4,0,0,0,0
aten::detach,,,1.39,1.39,0,0,0,0
aten::to,,,0.49,0.49,0,0,0,0
aten::resolve_conj,,,0.32,0.32,0,0,0,0
aten::resolve_neg,,,0.29,0.29,0,0,0,0
aten::to,,,1.48,1.48,0,0,0,0
aten::detach,,,1.23,1.23,0,0,0,0
aten::to,,,0.59,0.59,0,0,0,0
aten::resolve_conj,,,0.36,0.36,0,0,0,0
aten::resolve_neg,,,0.4,0.4,0,0,0,0
destroy_event,,,25.02,25.02,0,0,0,0
record_event,,,6.97,6.97,0.02,0.02,0,0
Event::synchronize,,,171.9,171.9,0,0,0,0
aten::slice,,,11.11,19.25,0,0,0,0
aten::as_strided,,,8.14,8.14,0,0,0,0
aten::slice,,,3.07,5.6,0,0,0,0
aten::as_strided,,,2.53,2.53,0,0,0,0
aten::slice,,,2.46,4.47,0,0,0,0
aten::as_strided,,,2.01,2.01,0,0,0,0
Event::record,,,165.57,190.17,0,0.02,0,0
record_event,,,24.6,24.6,0.02,0.02,0,0
Event::synchronize,,,252.69,252.69,0,0,0,0
aten::resolve_conj,,,1.67,1.67,0,0,0,0
aten::resolve_neg,,,0.74,0.74,0,0,0,0
aten::to,,,3.42,3.42,0,0,0,0
aten::detach,,,3.13,3.13,0,0,0,0
aten::to,,,0.67,0.67,0,0,0,0
aten::resolve_conj,,,0.61,0.61,0,0,0,0
aten::resolve_neg,,,1.22,1.22,0,0,0,0
aten::to,,,1.3,1.3,0,0,0,0
aten::detach,,,2.29,2.29,0,0,0,0
aten::to,,,0.7,0.7,0,0,0,0
aten::resolve_conj,,,0.48,0.48,0,0,0,0
aten::resolve_neg,,,0.34,0.34,0,0,0,0
aten::to,,,1.28,1.28,0,0,0,0
aten::detach,,,1.01,1.01,0,0,0,0
aten::to,,,1.17,1.17,0,0,0,0
aten::resolve_conj,,,0.31,0.31,0,0,0,0
aten::resolve_neg,,,0.24,0.24,0,0,0,0
destroy_event,,,23.73,23.73,0,0,0,0
record_event,,,9.02,9.02,0.0,0.0,0,0
Event::synchronize,,,92.56,92.56,0,0,0,0
Event::record,,,159.48,189.05,0,0.02,0,0
record_event,,,29.57,29.57,0.02,0.02,0,0
