Cloning into '/mnt/workspace/hc-pre-reduction-20260930/batch-comb-source-baseline'...
warning: source repository is shallow, ignoring --local
warning: --local is ignored
Note: switching to '62e05feb3db521230c27714ad4347bd0d9d38f1a'.

You are in 'detached HEAD' state. You can look around, make experimental
changes and commit them, and you can discard any commits you make in this
state without impacting any branches by switching back to a branch.

If you want to create a new branch to retain commits you create, you may
do so (now or later) by using -c with the switch command. Example:

  git switch -c <new-branch-name>

Or undo this operation with:

  git switch -

Turn off this advice by setting config variable advice.detachedHead to false

From /mnt/workspace/hc-pre-reduction-20260930/iteration-08/batch-comb-incremental.bundle
 * branch            HEAD       -> FETCH_HEAD
HEAD is now at 62e05fe [BugFix] align MLA DCP DSpark draft metadata (#17580)
CMake Warning (author) at /mnt/workspace/mhc-validation-20260930/venv/lib/python3.12/site-packages/cmake/data/share/cmake-4.4/Modules/ExternalProject/shared_internal_commands.cmake:1277 (message):
  The DOWNLOAD_EXTRACT_TIMESTAMP option was not given and policy CMP0135 is
  not set.  The policy's OLD behavior will be used.  When using a URL
  download, the timestamps of extracted files should preferably be that of
  the time of extraction, otherwise code that depends on the extracted
  contents might not be rebuilt if the URL changes.  The OLD behavior
  preserves the timestamps from the archive instead, but this is usually not
  what you want.  Update your project to the NEW behavior or specify the
  DOWNLOAD_EXTRACT_TIMESTAMP option with a value of true to avoid this
  robustness issue.
Call Stack (most recent call first):
  /mnt/workspace/mhc-validation-20260930/venv/lib/python3.12/site-packages/cmake/data/share/cmake-4.4/Modules/ExternalProject.cmake:3283 (_ep_add_download_command)
  cmake/third_party/abseil-cpp.cmake:46 (ExternalProject_Add)
  CMakeLists.txt:129 (include)
This warning is for project developers.  Use -Wno-author to suppress it.

CMake Warning (author) at /mnt/workspace/mhc-validation-20260930/venv/lib/python3.12/site-packages/cmake/data/share/cmake-4.4/Modules/ExternalProject/shared_internal_commands.cmake:1277 (message):
  The DOWNLOAD_EXTRACT_TIMESTAMP option was not given and policy CMP0135 is
  not set.  The policy's OLD behavior will be used.  When using a URL
  download, the timestamps of extracted files should preferably be that of
  the time of extraction, otherwise code that depends on the extracted
  contents might not be rebuilt if the URL changes.  The OLD behavior
  preserves the timestamps from the archive instead, but this is usually not
  what you want.  Update your project to the NEW behavior or specify the
  DOWNLOAD_EXTRACT_TIMESTAMP option with a value of true to avoid this
  robustness issue.
Call Stack (most recent call first):
  /mnt/workspace/mhc-validation-20260930/venv/lib/python3.12/site-packages/cmake/data/share/cmake-4.4/Modules/ExternalProject.cmake:3283 (_ep_add_download_command)
  cmake/third_party/ascend_protobuf.cmake:87 (ExternalProject_Add)
  CMakeLists.txt:130 (include)
This warning is for project developers.  Use -Wno-author to suppress it.

CMake Warning (author) at /mnt/workspace/mhc-validation-20260930/venv/lib/python3.12/site-packages/cmake/data/share/cmake-4.4/Modules/FetchContent.cmake:1386 (message):
  The DOWNLOAD_EXTRACT_TIMESTAMP option was not given and policy CMP0135 is
  not set.  The policy's OLD behavior will be used.  When using a URL
  download, the timestamps of extracted files should preferably be that of
  the time of extraction, otherwise code that depends on the extracted
  contents might not be rebuilt if the URL changes.  The OLD behavior
  preserves the timestamps from the archive instead, but this is usually not
  what you want.  Update your project to the NEW behavior or specify the
  DOWNLOAD_EXTRACT_TIMESTAMP option with a value of true to avoid this
  robustness issue.
Call Stack (most recent call first):
  cmake/third_party/makeself-fetch.cmake:20 (FetchContent_Declare)
  CMakeLists.txt:132 (include)
This warning is for project developers.  Use -Wno-author to suppress it.

/mnt/workspace/hc-pre-reduction-20260930/batch-comb-source-baseline/csrc/cmake/scripts/util/ascendc_impl_build.py:212: SyntaxWarning: invalid escape sequence '\d'
  ascendc_api_version = re.findall(r"#define ASCENDC_API_VERSION (\d+)", ascendc_api_version_file.read())
[2026-10-01 05:56:01] [2026-10-01 05:56:01] Info: use CMake generator Ninja
[2026-10-01 05:56:01] /mnt/workspace/hc-pre-reduction-20260930/batch-comb-source-baseline/csrc/build/gen_bisheng_dir /mnt/workspace/hc-pre-reduction-20260930/batch-comb-source-baseline/csrc
[2026-10-01 05:56:01] /mnt/workspace/hc-pre-reduction-20260930/batch-comb-source-baseline/csrc
[2026-10-01 05:56:01] [2026-10-01 05:56:01] Info: cmake config generator=-G Ninja -DBUILD_OPEN_PROJECT=ON -DVENDOR_NAME=batch_comb_baseline -DASCEND_OP_NAME=hc_pre -DCANN_3RD_LIB_PATH=/mnt/workspace/hc-pre-reduction-20260930/batch-comb-source-baseline/csrc/third_party -DCUSTOM_ASCEND_CANN_PACKAGE_PATH=/mnt/workspace/mhc-validation-20260930/Ascend/cann-9.1.0 -DCHECK_COMPATIBLE=true -DENABLE_CCACHE=ON -DCUSTOM_CCACHE=/usr/local/bin/ccache -DASCEND_COMPUTE_UNIT=ascend910b; -DENABLE_BUILT_IN=OFF -DENABLE_OPS_HOST=ON -DENABLE_OPS_KERNEL=ON -DENABLE_BUILD_PKG=ON build_cache=/mnt/workspace/hc-pre-reduction-20260930/batch-comb-source-baseline/csrc/build_cache .
[2026-10-01 05:56:02] -- The C compiler identification is GNU 9.4.0
[2026-10-01 05:56:02] -- The CXX compiler identification is GNU 9.4.0
[2026-10-01 05:56:02] -- Detecting C compiler ABI info
[2026-10-01 05:56:02] -- Detecting C compiler ABI info - done
[2026-10-01 05:56:02] -- Check for working C compiler: /usr/bin/cc - skipped
[2026-10-01 05:56:02] -- Detecting C compile features
[2026-10-01 05:56:02] -- Detecting C compile features - done
[2026-10-01 05:56:02] -- Detecting CXX compiler ABI info
[2026-10-01 05:56:02] -- Detecting CXX compiler ABI info - done
[2026-10-01 05:56:02] -- Check for working CXX compiler: /usr/bin/c++ - skipped
[2026-10-01 05:56:02] -- Detecting CXX compile features
[2026-10-01 05:56:02] -- Detecting CXX compile features - done
[2026-10-01 05:56:02] -- compile project with library
[2026-10-01 05:56:03] -- Found Python3: /mnt/workspace/mhc-validation-20260930/venv/bin/python3.12 (found version "3.12.14") found components: Interpreter
[2026-10-01 05:56:03] -- ASCEND_CANN_PACKAGE_PATH=/mnt/workspace/mhc-validation-20260930/Ascend/cann-9.1.0
[2026-10-01 05:56:03] -- ENABLE_CCACHE=ON, CUSTOM_CCACHE=/usr/local/bin/ccache
[2026-10-01 05:56:03] -- CCACHE_PROGRAM=/usr/local/bin/ccache
[2026-10-01 05:56:03] -- ASCEND_COMPUTE_UNIT=ascend910b;
[2026-10-01 05:56:03] -- ASCEND_OP_NAME=hc_pre
[2026-10-01 05:56:03] -- TILING_KEY=
[2026-10-01 05:56:03] -- TESTS_UT_OPS_TEST=
[2026-10-01 05:56:03] -- TESTS_EXAMPLE_OPS_TEST=
[2026-10-01 05:56:03] -- CMAKE_BUILD_TYPE=Release
[2026-10-01 05:56:03] -- VERSION=
[2026-10-01 05:56:08] -- Could NOT find json (missing: JSON_INCLUDE) 
[2026-10-01 05:56:08] -- Start building custom package.
[2026-10-01 05:56:08] -- Search libs under install path /mnt/workspace/mhc-validation-20260930/Ascend/cann-9.1.0
[2026-10-01 05:56:08] -- CMAKE_MODULE_PATH            :/mnt/workspace/hc-pre-reduction-20260930/batch-comb-source-baseline/csrc/cmake/modules
[2026-10-01 05:56:08] -- compile option:   -Wall -Wextra -Wshadow -Wformat=2 -fno-common -fPIC -Wformat-signedness -Wno-missing-include-dirs -Wno-write-strings
[2026-10-01 05:56:08] -- Found dlog: /mnt/workspace/mhc-validation-20260930/Ascend/cann-9.1.0/pkg_inc/base
[2026-10-01 05:56:08] -- Transformer Variables in dlog module:
[2026-10-01 05:56:08] -- dlog_TRANSFORMER_INCLUDE_DIR="/mnt/workspace/mhc-validation-20260930/Ascend/cann-9.1.0/pkg_inc/base"
[2026-10-01 05:56:08] -- dlog_SHARED_LIBRARY="/mnt/workspace/mhc-validation-20260930/Ascend/cann-9.1.0/lib64/libascendalog.so"
[2026-10-01 05:56:08] -- 
[2026-10-01 05:56:08]  Properties for TARGET dlog:
[2026-10-01 05:56:08]    dlog.INTERFACE_COMPILE_DEFINITIONS = "LOG_CPP;PROCESS_LOG"
[2026-10-01 05:56:08]    dlog.INTERFACE_LINK_LIBRARIES = "dlog_headers"
[2026-10-01 05:56:08]    dlog.IMPORTED_LOCATION = "/mnt/workspace/mhc-validation-20260930/Ascend/cann-9.1.0/lib64/libascendalog.so"
[2026-10-01 05:56:08] 
[2026-10-01 05:56:08] -- 
[2026-10-01 05:56:08]  Properties for TARGET dlog_headers:
[2026-10-01 05:56:08]    dlog_headers.INTERFACE_INCLUDE_DIRECTORIES = "/mnt/workspace/mhc-validation-20260930/Ascend/cann-9.1.0/pkg_inc/base"
[2026-10-01 05:56:08] 
[2026-10-01 05:56:08] -- Found securec: /mnt/workspace/mhc-validation-20260930/Ascend/cann-9.1.0/include
[2026-10-01 05:56:08] -- Found OPBASE: /mnt/workspace/mhc-validation-20260930/Ascend/cann-9.1.0/include
[2026-10-01 05:56:08] -- Found OPABSE include:/mnt/workspace/mhc-validation-20260930/Ascend/cann-9.1.0/aarch64-linux/include
[2026-10-01 05:56:08] -- Found OPABSE lib:/mnt/workspace/mhc-validation-20260930/Ascend/cann-9.1.0/aarch64-linux/lib64/libops_base.so
[2026-10-01 05:56:08] -- Found platform: /mnt/workspace/mhc-validation-20260930/Ascend/cann-9.1.0/include
[2026-10-01 05:56:08] -- Found platform include:/mnt/workspace/mhc-validation-20260930/Ascend/cann-9.1.0/aarch64-linux/include
[2026-10-01 05:56:08] -- Found register library:/mnt/workspace/mhc-validation-20260930/Ascend/cann-9.1.0/aarch64-linux/lib64/libregister.so
[2026-10-01 05:56:08] -- Found opp_registry library:/mnt/workspace/mhc-validation-20260930/Ascend/cann-9.1.0/aarch64-linux/lib64/libopp_registry.so
[2026-10-01 05:56:08] -- Found exe_graph library:/mnt/workspace/mhc-validation-20260930/Ascend/cann-9.1.0/aarch64-linux/lib64/libexe_graph.so
[2026-10-01 05:56:08] -- Found graph_base library:/mnt/workspace/mhc-validation-20260930/Ascend/cann-9.1.0/aarch64-linux/lib64/libgraph_base.so
[2026-10-01 05:56:08] -- Found error_manager library:/mnt/workspace/mhc-validation-20260930/Ascend/cann-9.1.0/aarch64-linux/lib64/liberror_manager.so
[2026-10-01 05:56:08] -- Found metadef library:/mnt/workspace/mhc-validation-20260930/Ascend/cann-9.1.0/aarch64-linux/lib64/libmetadef.so
[2026-10-01 05:56:08] -- Found rt2_registry library:/mnt/workspace/mhc-validation-20260930/Ascend/cann-9.1.0/aarch64-linux/lib64/librt2_registry.a
[2026-10-01 05:56:08] -- Found metadef: /mnt/workspace/mhc-validation-20260930/Ascend/cann-9.1.0/include
[2026-10-01 05:56:08] -- Found source metadef include dir:  /mnt/workspace/mhc-validation-20260930/Ascend/cann-9.1.0/aarch64-linux/include/;/mnt/workspace/mhc-validation-20260930/Ascend/cann-9.1.0/aarch64-linux/include/exe_graph
[2026-10-01 05:56:08] -- Found graph library:/mnt/workspace/mhc-validation-20260930/Ascend/cann-9.1.0/aarch64-linux/lib64/libgraph.so
[2026-10-01 05:56:08] -- Found source acl include dir:  /mnt/workspace/mhc-validation-20260930/Ascend/cann-9.1.0/aarch64-linux/include
[2026-10-01 05:56:08] -- Found source npuruntime include dir: /mnt/workspace/mhc-validation-20260930/Ascend/cann-9.1.0/aarch64-linux/pkg_inc/runtime
[2026-10-01 05:56:08] -- Found aclnn include dir:  /mnt/workspace/mhc-validation-20260930/Ascend/cann-9.1.0/aarch64-linux/include
[2026-10-01 05:56:08] -- Found opdev include dir:  /mnt/workspace/mhc-validation-20260930/Ascend/cann-9.1.0/aarch64-linux/include/aclnn
[2026-10-01 05:56:08] -- Found tilingapi include:/mnt/workspace/mhc-validation-20260930/Ascend/cann-9.1.0/aarch64-linux/include
[2026-10-01 05:56:08] -- TILINGAPI_INC_DIRS: /mnt/workspace/mhc-validation-20260930/Ascend/cann-9.1.0/aarch64-linux/include;/mnt/workspace/mhc-validation-20260930/Ascend/cann-9.1.0/aarch64-linux/ascendc;/mnt/workspace/mhc-validation-20260930/Ascend/cann-9.1.0/aarch64-linux/ascendc/include;/mnt/workspace/mhc-validation-20260930/Ascend/cann-9.1.0/aarch64-linux/ascendc/include/highlevel_api;/mnt/workspace/mhc-validation-20260930/Ascend/cann-9.1.0/aarch64-linux/ascendc/include/highlevel_api/lib;/mnt/workspace/mhc-validation-20260930/Ascend/cann-9.1.0/aarch64-linux/ascendc/include/highlevel_api/impl;/mnt/workspace/mhc-validation-20260930/Ascend/cann-9.1.0/aarch64-linux/ascendc/include/highlevel_api/tiling
[2026-10-01 05:56:08] -- Found tilingapi lib:/mnt/workspace/mhc-validation-20260930/Ascend/cann-9.1.0/aarch64-linux/lib64/libtiling_api.a
[2026-10-01 05:56:08] -- Using AICPU include dirs: /mnt/workspace/mhc-validation-20260930/Ascend/cann-9.1.0/aarch64-linux/include/aicpu;/mnt/workspace/mhc-validation-20260930/Ascend/cann-9.1.0/aarch64-linux/include/experiment;/mnt/workspace/mhc-validation-20260930/Ascend/cann-9.1.0/aarch64-linux/include/experiment/cce;/CMake Warning (author) at /mnt/workspace/mhc-validation-20260930/venv/lib/python3.12/site-packages/cmake/data/share/cmake-4.4/Modules/ExternalProject/shared_internal_commands.cmake:1277 (message):
  The DOWNLOAD_EXTRACT_TIMESTAMP option was not given and policy CMP0135 is
  not set.  The policy's OLD behavior will be used.  When using a URL
  download, the timestamps of extracted files should preferably be that of
  the time of extraction, otherwise code that depends on the extracted
  contents might not be rebuilt if the URL changes.  The OLD behavior
  preserves the timestamps from the archive instead, but this is usually not
  what you want.  Update your project to the NEW behavior or specify the
  DOWNLOAD_EXTRACT_TIMESTAMP option with a value of true to avoid this
  robustness issue.
Call Stack (most recent call first):
  /mnt/workspace/mhc-validation-20260930/venv/lib/python3.12/site-packages/cmake/data/share/cmake-4.4/Modules/ExternalProject.cmake:3283 (_ep_add_download_command)
  cmake/third_party/abseil-cpp.cmake:46 (ExternalProject_Add)
  CMakeLists.txt:129 (include)
This warning is for project developers.  Use -Wno-author to suppress it.

CMake Warning (author) at /mnt/workspace/mhc-validation-20260930/venv/lib/python3.12/site-packages/cmake/data/share/cmake-4.4/Modules/ExternalProject/shared_internal_commands.cmake:1277 (message):
  The DOWNLOAD_EXTRACT_TIMESTAMP option was not given and policy CMP0135 is
  not set.  The policy's OLD behavior will be used.  When using a URL
  download, the timestamps of extracted files should preferably be that of
  the time of extraction, otherwise code that depends on the extracted
  contents might not be rebuilt if the URL changes.  The OLD behavior
  preserves the timestamps from the archive instead, but this is usually not
  what you want.  Update your project to the NEW behavior or specify the
  DOWNLOAD_EXTRACT_TIMESTAMP option with a value of true to avoid this
  robustness issue.
Call Stack (most recent call first):
  /mnt/workspace/mhc-validation-20260930/venv/lib/python3.12/site-packages/cmake/data/share/cmake-4.4/Modules/ExternalProject.cmake:3283 (_ep_add_download_command)
  cmake/third_party/ascend_protobuf.cmake:87 (ExternalProject_Add)
  CMakeLists.txt:130 (include)
This warning is for project developers.  Use -Wno-author to suppress it.

mnt/workspace/mhc-validation-20260930/Ascend/cann-9.1.0/aarch64-linux/include/experiment/msprof;/mnt/workspace/mhc-validation-20260930/Ascend/cann-9.1.0/aarch64-linux/pkg_inc;/mnt/workspace/mhc-validation-20260930/Ascend/cann-9.1.0/aarch64-linux/pkg_inc/aicpu;/mnt/workspace/mhc-validation-20260930/Ascend/cann-9.1.0/aarch64-linux/pkg_inc/aicpu_common/context;/mnt/workspace/mhc-validation-20260930/Ascend/cann-9.1.0/aarch64-linux/pkg_inc/aicpu_common/context/common;/mnt/workspace/mhc-validation-20260930/Ascend/cann-9.1.0/aarch64-linux/pkg_inc/aicpu_common/context/cpu_proto;/mnt/workspace/mhc-validation-20260930/Ascend/cann-9.1.0/aarch64-linux/pkg_inc/aicpu_common/context/utils;/mnt/workspace/mhc-validation-20260930/Ascend/cann-9.1.0/aarch64-linux/include/aicpu_common/context;/mnt/workspace/mhc-validation-20260930/Ascend/cann-9.1.0/aarch64-linux/include/aicpu_common/context/common;/mnt/workspace/mhc-validation-20260930/Ascend/cann-9.1.0/aarch64-linux/include/aicpu_common/context/cpu_proto;/mnt/workspace/mhc-validation-20260930/Ascend/cann-9.1.0/aarch64-linux/include/experiment/datagw/aicpu/common;/mnt/workspace/mhc-validation-20260930/Ascend/cann-9.1.0/aarch64-linux/include/aicpu_common/context/utils
[2026-10-01 05:56:08] -- Could NOT find abseil-cpp (missing: ABSL_SOURCE_DIR) 
[2026-10-01 05:56:08] -- [ThirdPartyLib][abseil-cpp] https://gitcode.com/cann-src-third-party/abseil-cpp/releases/download/20230802.1/abseil-cpp-20230802.1.tar.gz not found, need download.
[2026-10-01 05:56:08] -- Could NOT find ascend_protobuf_build_transformer (missing: ASCEND_PROTOBUF_SHARED_INCLUDE) 
[2026-10-01 05:56:08] -- [ThirdPartyLib][ascend protobuf] ascend protobuf shared not found, finding binary file.
[2026-10-01 05:56:08] -- [ThirdPartyLib][ascend protobuf] https://gitcode.com/cann-src-third-party/protobuf/releases/download/v25.1/protobuf-25.1.tar.gz not found, need download.
[2026-10-01 05:56:08] -- Found alog: /mnt/workspace/mhc-validation-20260930/Ascend/cann-9.1.0/include
[2026-10-01 05:56:08] -- Variables in alog module:
[2026-10-01 05:56:08] -- alog_a_INCLUDE_DIR="/mnt/workspace/mhc-validation-20260930/Ascend/cann-9.1.0/include"
[2026-10-01 05:56:08] -- slog_a_SHARED_LIBRARY="/mnt/workspace/mhc-validation-20260930/Ascend/cann-9.1.0/lib64/libascendalog.so"
[2026-10-01 05:56:08] -- alog_a_SHARED_LIBRARY="/mnt/workspace/mhc-validation-20260930/Ascend/cann-9.1.0/lib64/libascendalog.so"
[2026-10-01 05:56:08] -- 
[2026-10-01 05:56:08]  Properties for TARGET slog_a:
[2026-10-01 05:56:08]    slog_a.INTERFACE_COMPILE_DEFINITIONS = "LOG_CPP;PROCESS_LOG"
[2026-10-01 05:56:08]    slog_a.INTERFACE_LINK_LIBRARIES = "alog_headers"
[2026-10-01 05:56:08]    slog_a.IMPORTED_LOCATION = "/mnt/workspace/mhc-validation-20260930/Ascend/cann-9.1.0/lib64/libascendalog.so"
[2026-10-01 05:56:08] 
[2026-10-01 05:56:08] -- 
[2026-10-01 05:56:08]  Properties for TARGET alog_a:
[2026-10-01 05:56:08]    alog_a.INTERFACE_COMPILE_DEFINITIONS = "LOG_CPP;PROCESS_LOG"
[2026-10-01 05:56:08]    alog_a.INTERFACE_LINK_LIBRARIES = "alog_headers"
[2026-10-01 05:56:08]    alog_a.IMPORTED_LOCATION = "/mnt/workspace/mhc-validation-20260930/Ascend/cann-9.1.0/lib64/libascendalog.so"
[2026-10-01 05:56:08] 
[2026-10-01 05:56:08] -- 
[2026-10-01 05:56:08]  Properties for TARGET alog_headers:
[2026-10-01 05:56:08]    alog_headers.INTERFACE_INCLUDE_DIRECTORIES = "/mnt/workspace/mhc-validation-20260930/Ascend/cann-9.1.0/include;/mnt/workspace/mhc-validation-20260930/Ascend/cann-9.1.0/include/base"
[2026-10-01 05:56:08] 
[2026-10-01 05:56:08] -- Could NOT find unified_dlog (missing: _INCLUDE_ROOT_DIR) 
[2026-10-01 05:56:09] -- === Debug: BUILD is BUILD_OPEN_PROJECT
[2026-10-01 05:56:09] -- === Debug: BUILD is NOT BUILD_OPS_RTY_KERNEL
[2026-10-01 05:56:09] -- Detected architecture: ARM64
[2026-10-01 05:56:09] -- End building custom package.
[2026-10-01 05:56:09] -- create aclnn master header file: /mnt/workspace/hc-pre-reduction-20260930/batch-comb-source-baseline/csrc/build/aclnn_ops_transformer_batch_comb_baseline.h
[2026-10-01 05:56:09] -- no operator info to generate
[2026-10-01 05:56:09] -- Configuring done (6.9s)
[2026-10-01 05:56:09] -- Generating done (0.1s)
[2026-10-01 05:56:09] -- Build files have been written to: /mnt/workspace/hc-pre-reduction-20260930/batch-comb-source-baseline/csrc/build
[2026-10-01 05:56:09] [0/2] Re-checking globbed directories...
[2026-10-01 05:56:09] [1/91] Creating directories for 'abseil_build_transformer'
[2026-10-01 05:56:09] [2/91] Creating directories for 'third_party_json'
[2026-10-01 05:56:09] [3/91] Performing download step (download and verify) for 'third_party_json'
[2026-10-01 05:56:09] -- Downloading...
[2026-10-01 05:56:09]    dst='/mnt/workspace/hc-pre-reduction-20260930/batch-comb-source-baseline/csrc/third_party/pkg/include.zip'
[2026-10-01 05:56:09]    timeout='none'
[2026-10-01 05:56:09]    inactivity timeout='none'
[2026-10-01 05:56:09] -- Using src='https://gitcode.com/cann-src-third-party/json/releases/download/v3.11.3/include.zip'
[2026-10-01 05:56:09] -- [download 5% complete]
[2026-10-01 05:56:09] -- [download 11% complete]
[2026-10-01 05:56:09] -- [download 16% complete]
[2026-10-01 05:56:09] -- [download 22% complete]
[2026-10-01 05:56:09] -- [download 27% complete]
[2026-10-01 05:56:09] -- [download 32% complete]
[2026-10-01 05:56:09] -- [download 38% complete]
[2026-10-01 05:56:09] -- [download 43% complete]
[2026-10-01 05:56:09] -- [download 49% complete]
[2026-10-01 05:56:09] -- [download 54% complete]
[2026-10-01 05:56:09] -- [download 60% complete]
[2026-10-01 05:56:09] -- [download 65% complete]
[2026-10-01 05:56:09] -- [download 71% complete]
[2026-10-01 05:56:09] -- [download 76% complete]
[2026-10-01 05:56:09] -- [download 82% complete]
[2026-10-01 05:56:09] -- [download 87% complete]
[2026-10-01 05:56:09] -- [download 93% complete]
[2026-10-01 05:56:09] -- [download 100% complete]
[2026-10-01 05:56:09] -- Downloading... done
[2026-10-01 05:56:09] [4/91] No update step for 'third_party_json'
[2026-10-01 05:56:09] [5/91] No patch step for 'third_party_json'
[2026-10-01 05:56:09] [6/91] Performing download step (download, verify and extract) for 'abseil_build_transformer'
[2026-10-01 05:56:09] -- Downloading...
[2026-10-01 05:56:09]    dst='/mnt/workspace/hc-pre-reduction-20260930/batch-comb-source-baseline/csrc/third_party/pkg/abseil-cpp-20230802.1.tar.gz'
[2026-10-01 05:56:09]    timeout='none'
[2026-10-01 05:56:09]    inactivity timeout='none'
[2026-10-01 05:56:09] -- Using src='https://gitcode.com/cann-src-third-party/abseil-cpp/releases/download/20230802.1/abseil-cpp-20230802.1.tar.gz'
[2026-10-01 05:56:09] -- [download 1% complete]
[2026-10-01 05:56:09] -- [download 2% complete]
[2026-10-01 05:56:09] -- [download 3% complete]
[2026-10-01 05:56:09] -- [download 4% complete]
[2026-10-01 05:56:09] -- [download 5% complete]
[2026-10-01 05:56:09] -- [download 6% complete]
[2026-10-01 05:56:09] -- [download 7% complete]
[2026-10-01 05:56:09] -- [download 8% complete]
[2026-10-01 05:56:09] -- [download 9% complete]
[2026-10-01 05:56:09] -- [download 10% complete]
[2026-10-01 05:56:09] -- [download 11% complete]
[2026-10-01 05:56:09] -- [download 12% complete]
[2026-10-01 05:56:09] -- [download 13% complete]
[2026-10-01 05:56:09] -- [download 14% complete]
[2026-10-01 05:56:09] -- [download 15% complete]
[2026-10-01 05:56:09] -- [download 16% complete]
[2026-10-01 05:56:09] -- [download 17% complete]
[2026-10-01 05:56:09] -- [download 19% complete]
[2026-10-01 05:56:09] -- [download 20% complete]
[2026-10-01 05:56:09] -- [download 21% complete]
[2026-10-01 05:56:09] -- [download 22% complete]
[2026-10-01 05:56:09] -- [download 24% complete]
[2026-10-01 05:56:09] -- [download 25% complete]
[2026-10-01 05:56:09] -- [download 27% complete]
[2026-10-01 05:56:09] -- [download 28% complete]
[2026-10-01 05:56:09] -- [download 30% complete]
[2026-10-01 05:56:09] -- [download 31% complete]
[2026-10-01 05:56:09] -- [download 33% complete]
[2026-10-01 05:56:09] -- [download 34% complete]
[2026-10-01 05:56:09] -- [download 36% complete]
[2026-10-01 05:56:09] -- [download 37% complete]
[2026-10-01 05:56:09] -- [download 39% complete]
[2026-10-01 05:56:09] -- [download 41% complete]
[2026-10-01 05:56:09] -- [download 42% complete]
[2026-10-01 05:56:09] -- [download 43% complete]
[2026-10-01 05:56:09] -- [download 46% complete]
[2026-10-01 05:56:09] -- [download 49% complete]
[2026-10-01 05:56:09] -- [download 52% complete]
[2026-10-01 05:56:09] -- [download 55% complete]
[2026-10-01 05:56:09] -- [download 58% complete]
[2026-10-01 05:56:09] -- [download 61% complete]
[2026-10-01 05:56:09] -- [download 64% complete]
[2026-10-01 05:56:09] -- [download 66% complete]
[2026-10-01 05:56:09] -- [download 67% complete]
[2026-10-01 05:56:09] -- [download 68% complete]
[2026-10-01 05:56:09] -- [download 70% complete]
[2026-10-01 05:56:09] -- [download 71% complete]
[2026-10-01 05:56:09] -- [download 73% complete]
[2026-10-01 05:56:09] -- [download 74% complete]
[2026-10-01 05:56:09] -- [download 75% complete]
[2026-10-01 05:56:09] -- [download 76% complete]
[2026-10-01 05:56:09] -- [download 77% complete]
[2026-10-01 05:56:09] -- [download 79% complete]
[2026-10-01 05:56:09] -- [download 82% complete]
[2026-10-01 05:56:09] -- [download 85% complete]
[2026-10-01 05:56:09] -- [download 86% complete]
[2026-10-01 05:56:09] -- [download 88% complete]
[2026-10-01 05:56:09] -- [download 89% complete]
[2026-10-01 05:56:09] -- [download 91% complete]
[2026-10-01 05:56:09] -- [download 93% complete]
[2026-10-01 05:56:09] -- [download 94% complete]
[2026-10-01 05:56:09] -- [download 97% complete]
[2026-10-01 05:56:09] -- [download 98% complete]
[2026-10-01 05:56:09] -- [download 100% complete]
[2026-10-01 05:56:09] -- Downloading... done
[2026-10-01 05:56:09] -- extracting...
[2026-10-01 05:56:09]      src='/mnt/workspace/hc-pre-reduction-20260930/batch-comb-source-baseline/csrc/third_party/pkg/abseil-cpp-20230802.1.tar.gz'
[2026-10-01 05:56:09]      dst='/mnt/workspace/hc-pre-reduction-20260930/batch-comb-source-baseline/csrc/third_party/abseil-cpp'
[2026-10-01 05:56:09] -- extracting... [tar xf]
[2026-10-01 05:56:09] -- extracting... [analysis]
[2026-10-01 05:56:09] -- extracting... [rename]
[2026-10-01 05:56:09] -- extracting... [clean up]
[2026-10-01 05:56:09] -- extracting... done
[2026-10-01 05:56:09] [7/91] No update step for 'abseil_build_transformer'
[2026-10-01 05:56:09] [8/91] Performing patch step for 'abseil_build_transformer'
[2026-10-01 05:56:09] (Stripping trailing CRs from patch; use --binary to disable.)
[2026-10-01 05:56:09] patching file CMakeLists.txt
[2026-10-01 05:56:09] (Stripping trailing CRs from patch; use --binary to disable.)
[2026-10-01 05:56:09] patching file absl/base/options.h
[2026-10-01 05:56:09] (Stripping trailing CRs from patch; use --binary to disable.)
[2026-10-01 05:56:09] patching file absl/hash/internal/hash.cc
[2026-10-01 05:56:09] (Stripping trailing CRs from patch; use --binary to disable.)
[2026-10-01 05:56:09] patching file absl/hash/internal/hash.h
[2026-10-01 05:56:09] patch unexpectedly ends in middle of line
[2026-10-01 05:56:09] Hunk #1 succeeded at 1159 with fuzz 1.
[2026-10-01 05:56:10] [9/91] No configure step for 'abseil_build_transformer'
[2026-10-01 05:56:10] [10/91] No build step for 'abseil_build_transformer'
[2026-10-01 05:56:10] [11/91] No install step for 'abseil_build_transformer'
[2026-10-01 05:56:10] [12/91] Completed 'abseil_build_transformer'
[2026-10-01 05:56:10] [13/91] No configure step for 'third_party_json'
[2026-10-01 05:56:10] [14/91] Creating directories for 'ascend_protobuf_build_transformer'
[2026-10-01 05:56:10] [15/91] Generating op_host_aclnn_inner_stub.cpp
[2026-10-01 05:56:10] [16/91] Building CXX object CMakeFiles/op_host_aclnnInner.dir/op_host_aclnn_inner_stub.cpp.o
[2026-10-01 05:56:10] [17/91] No build step for 'third_party_json'
[2026-10-01 05:56:10] [18/91] Performing download step (download, verify and extract) for 'ascend_protobuf_build_transformer'
[2026-10-01 05:56:10] -- Downloading...
[2026-10-01 05:56:10]    dst='/mnt/workspace/hc-pre-reduction-20260930/batch-comb-source-baseline/csrc/third_party/pkg/protobuf-25.1.tar.gz'
[2026-10-01 05:56:10]    timeout='none'
[2026-10-01 05:56:10]    inactivity timeout='none'
[2026-10-01 05:56:10] -- Using src='https://gitcode.com/cann-src-third-party/protobuf/releases/download/v25.1/protobuf-25.1.tar.gz'
[2026-10-01 05:56:10] -- [download 0% complete]
[2026-10-01 05:56:10] -- [download 1% complete]
[2026-10-01 05:56:10] -- [download 2% complete]
[2026-10-01 05:56:10] -- [download 3% complete]
[2026-10-01 05:56:10] -- [download 4% complete]
[2026-10-01 05:56:10] -- [download 5% complete]
[2026-10-01 05:56:10] -- [download 6% complete]
[2026-10-01 05:56:10] -- [download 7% complete]
[2026-10-01 05:56:10] -- [download 8% complete]
[2026-10-01 05:56:10] -- [download 9% complete]
[2026-10-01 05:56:10] -- [download 10% complete]
[2026-10-01 05:56:10] -- [download 11% complete]
[2026-10-01 05:56:10] -- [download 12% complete]
[2026-10-01 05:56:10] -- [download 13% complete]
[2026-10-01 05:56:10] -- [download 14% complete]
[2026-10-01 05:56:10] -- [download 15% complete]
[2026-10-01 05:56:10] -- [download 16% complete]
[2026-10-01 05:56:10] -- [download 17% complete]
[2026-10-01 05:56:10] -- [download 18% complete]
[2026-10-01 05:56:10] -- [download 19% complete]
[2026-10-01 05:56:10] -- [download 20% complete]
[2026-10-01 05:56:10] -- [download 21% complete]
[2026-10-01 05:56:10] -- [download 22% complete]
[2026-10-01 05:56:10] -- [download 23% complete]
[2026-10-01 05:56:10] -- [download 25% complete]
[2026-10-01 05:56:10] -- [download 26% complete]
[2026-10-01 05:56:10] -- [download 27% complete]
[2026-10-01 05:56:10] -- [download 28% complete]
[2026-10-01 05:56:10] -- [download 29% complete]
[2026-10-01 05:56:10] -- [download 30% complete]
[2026-10-01 05:56:10] -- [download 31% complete]
[2026-10-01 05:56:10] -- [download 32% complete]
[2026-10-01 05:56:10] -- [download 33% complete]
[2026-10-01 05:56:10] -- [download 34% complete]
[2026-10-01 05:56:10] -- [download 35% complete]
[2026-10-01 05:56:10] -- [download 36% complete]
[2026-10-01 05:56:10] -- [download 38% complete]
[2026-10-01 05:56:10] -- [download 39% complete]
[2026-10-01 05:56:10] -- [download 40% complete]
[2026-10-01 05:56:10] -- [download 41% complete]
[2026-10-01 05:56:10] -- [download 42% complete]
[2026-10-01 05:56:10] -- [download 43% complete]
[2026-10-01 05:56:10] -- [download 44% complete]
[2026-10-01 05:56:10] -- [download 45% complete]
[2026-10-01 05:56:10] -- [download 47% complete]
[2026-10-01 05:56:10] -- [download 48% complete]
[2026-10-01 05:56:10] -- [download 49% complete]
[2026-10-01 05:56:10] -- [download 50% complete]
[2026-10-01 05:56:10] -- [download 51% complete]
[2026-10-01 05:56:10] -- [download 52% complete]
[2026-10-01 05:56:10] -- [download 53% complete]
[2026-10-01 05:56:10] -- [download 54% complete]
[2026-10-01 05:56:10] -- [download 55% complete]
[2026-10-01 05:56:10] -- [download 57% complete]
[2026-10-01 05:56:10] -- [download 58% complete]
[2026-10-01 05:56:10] -- [download 59% complete]
[2026-10-01 05:56:10] -- [download 60% complete]
[2026-10-01 05:56:10] -- [download 61% complete]
[2026-10-01 05:56:10] -- [download 62% complete]
[2026-10-01 05:56:10] -- [download 63% complete]
[2026-10-01 05:56:10] -- [download 64% complete]
[2026-10-01 05:56:10] -- [download 65% complete]
[2026-10-01 05:56:10] -- [download 66% complete]
[2026-10-01 05:56:10] -- [download 67% complete]
[2026-10-01 05:56:10] -- [download 69% complete]
[2026-10-01 05:56:10] -- [download 70% complete]
[2026-10-01 05:56:10] -- [download 71% complete]
[2026-10-01 05:56:10] -- [download 72% complete]
[2026-10-01 05:56:10] -- [download 73% complete]
[2026-10-01 05:56:10] -- [download 74% complete]
[2026-10-01 05:56:10] -- [download 76% complete]
[2026-10-01 05:56:10] -- [download 77% complete]
[2026-10-01 05:56:10] -- [download 79% complete]
[2026-10-01 05:56:10] -- [download 80% complete]
[2026-10-01 05:56:10] -- [download 81% complete]
[2026-10-01 05:56:10] -- [download 82% complete]
[2026-10-01 05:56:10] -- [download 83% complete]
[2026-10-01 05:56:10] -- [download 84% complete]
[2026-10-01 05:56:10] -- [download 85% complete]
[2026-10-01 05:56:10] -- [download 86% complete]
[2026-10-01 05:56:10] -- [download 88% complete]
[2026-10-01 05:56:10] -- [download 89% complete]
[2026-10-01 05:56:10] -- [download 90% complete]
[2026-10-01 05:56:10] -- [download 91% complete]
[2026-10-01 05:56:10] -- [download 92% complete]
[2026-10-01 05:56:10] -- [download 93% complete]
[2026-10-01 05:56:10] -- [download 94% complete]
[2026-10-01 05:56:10] -- [download 95% complete]
[2026-10-01 05:56:10] -- [download 96% complete]
[2026-10-01 05:56:10] -- [download 98% complete]
[2026-10-01 05:56:10] -- [download 99% complete]
[2026-10-01 05:56:10] -- [download 100% complete]
[2026-10-01 05:56:10] -- Downloading... done
[2026-10-01 05:56:10] -- extracting...
[2026-10-01 05:56:10]      src='/mnt/workspace/hc-pre-reduction-20260930/batch-comb-source-baseline/csrc/third_party/pkg/protobuf-25.1.tar.gz'
[2026-10-01 05:56:10]      dst='/mnt/workspace/hc-pre-reduction-20260930/batch-comb-source-baseline/csrc/third_party/ascend_protobuf'
[2026-10-01 05:56:10] -- extracting... [tar xf]
[2026-10-01 05:56:10] -- extracting... [analysis]
[2026-10-01 05:56:10] -- extracting... [rename]
[2026-10-01 05:56:10] -- extracting... [clean up]
[2026-10-01 05:56:10] -- extracting... done
[2026-10-01 05:56:10] [19/91] Linking CXX shared library libop_host_aclnnInner.so
[2026-10-01 05:56:10] [20/91] Performing install step for 'third_party_json'
[2026-10-01 05:56:10] [21/91] No update step for 'ascend_protobuf_build_transformer'
[2026-10-01 05:56:10] [22/91] Creating directories for 'tiling_sink_task'
[2026-10-01 05:56:10] [23/91] Completed 'third_party_json'
[2026-10-01 05:56:10] [24/91] Performing patch step for 'ascend_protobuf_build_transformer'
[2026-10-01 05:56:10] (Stripping trailing CRs from patch; use --binary to disable.)
[2026-10-01 05:56:10] patching file CMakeLists.txt
[2026-10-01 05:56:10] (Stripping trailing CRs from patch; use --binary to disable.)
[2026-10-01 05:56:10] patching file src/google/protobuf/arenastring.cc
[2026-10-01 05:56:10] (Stripping trailing CRs from patch; use --binary to disable.)
[2026-10-01 05:56:10] patching file src/google/protobuf/arenastring.h
[2026-10-01 05:56:10] (Stripping trailing CRs from patch; use --binary to disable.)
[2026-10-01 05:56:10] patching file src/google/protobuf/compiler/cpp/field_generators/string_field.cc
[2026-10-01 05:56:10] (Stripping trailing CRs from patch; use --binary to disable.)
[2026-10-01 05:56:10] patching file src/google/protobuf/compiler/cpp/helpers.cc
[2026-10-01 05:56:10] (Stripping trailing CRs from patch; use --binary to disable.)
[2026-10-01 05:56:10] patching file src/google/protobuf/compiler/cpp/helpers.h
[2026-10-01 05:56:10] (Stripping trailing CRs from patch; use --binary to disable.)
[2026-10-01 05:56:10] patching file src/google/protobuf/compiler/csharp/csharp_helpers.cc
[2026-10-01 05:56:10] (Stripping trailing CRs from patch; use --binary to disable.)
[2026-10-01 05:56:10] patching file src/google/protobuf/compiler/java/names.cc
[2026-10-01 05:56:10] (Stripping trailing CRs from patch; use --binary to disable.)
[2026-10-01 05:56:10] patching file src/google/protobuf/extension_set.h
[2026-10-01 05:56:10] (Stripping trailing CRs from patch; use --binary to disable.)
[2026-10-01 05:56:10] patching file src/google/protobuf/message_lite.h
[2026-10-01 05:56:10] (Stripping trailing CRs from patch; use --binary to disable.)
[2026-10-01 05:56:10] patching file src/google/protobuf/port_def.inc
[2026-10-01 05:56:10] patch unexpectedly ends in middle of line
[2026-10-01 05:56:10] Hunk #1 succeeded at 572 with fuzz 1.
[2026-10-01 05:56:10] [25/91] No download step for 'tiling_sink_task'
[2026-10-01 05:56:12] [26/91] Building CXX object CMakeFiles/op_host_aclnn.dir/moe/hc_pre/op_host/hc_pre_def.cpp.o
[2026-10-01 05:56:12] [27/91] Linking CXX shared library libop_host_aclnn.so
[2026-10-01 05:56:12] [28/91] Generating autogen/aclnn_hc_pre.cpp, autogen/aclnn_hc_pre.h
[2026-10-01 05:56:12] [29/91] Performing configure step for 'ascend_protobuf_build_transformer'
[2026-10-01 05:56:12] CMake Warning (deprecated) at CMakeLists.txt:7 (cmake_policy):
[2026-10-01 05:56:12]   The OLD behavior for policy CMP0141 will be removed from a future version
[2026-10-01 05:56:12]   of CMake.
[2026-10-01 05:56:12] 
[2026-10-01 05:56:12]   The cmake-policies(7) manual explains that the OLD behaviors of all
[2026-10-01 05:56:12]   policies are deprecated and that a policy should be set to OLD only under
[2026-10-01 05:56:12]   specific short-term circumstances.  Projects should be ported to the NEW
[2026-10-01 05:56:12]   behavior and not rely on setting a policy to OLD.
[2026-10-01 05:56:12] This warning is for project developers.  Use -Wno-author or -Wno-deprecated
[2026-10-01 05:56:12] to suppress it.
[2026-10-01 05:56:12] 
[2026-10-01 05:56:12] CMake Warning (deprecated) at third_party/utf8_range/CMakeLists.txt:1 (cmake_minimum_required):
[2026-10-01 05:56:12]   Compatibility with CMake < 3.10 will be removed from a future version of
[2026-10-01 05:56:12]   CMake.
[2026-10-01 05:56:12] 
[2026-10-01 05:56:12]   Update the VERSION argument <min> value.  Or, use the <min>...<max> syntax
[2026-10-01 05:56:12]   to tell CMake that the project requires at least <min> but has been updated
[2026-10-01 05:56:12]   to work with policies introduced by <max> or earlier.
[2026-10-01 05:56:12] This warning is for project developers.  Use -Wno-author or -Wno-deprecated
[2026-10-01 05:56:12] to suppress it.
[2026-10-01 05:56:12] 
[2026-10-01 05:56:12] -- Configuring done (1.3s)
[2026-10-01 05:56:12] -- Generating done (0.6s)
[2026-10-01 05:56:12] CMake Warning (unused-cli):
[2026-10-01 05:56:12]   Manually-specified variables were not used by the project:
[2026-10-01 05:56:12] 
[2026-10-01 05:56:12]     CMAKE_CXX_LDFLAGS
[2026-10-01 05:56:12] 
[2026-10-01 05:56:12] 
[2026-10-01 05:56:12] -- Build files have been written to: /mnt/workspace/hc-pre-reduction-20260930/batch-comb-source-baseline/csrc/build/ascend_protobuf_build_transformer-prefix/src/ascend_protobuf_build_transformer-build
[2026-10-01 05:56:12] [30/91] Generating op_host_aclnn_exc_stub.cpp
[2026-10-01 05:56:12] [31/91] No update step for 'tiling_sink_task'
[2026-10-01 05:56:13] [32/91] Building CXX object CMakeFiles/ops_aclnn.dir/autogen/aclnn_hc_pre.cpp.o
[2026-10-01 05:56:13] /mnt/workspace/hc-pre-reduction-20260930/batch-comb-source-baseline/csrc/build/autogen/aclnn_hc_pre.cpp:302:1: warning: macro "ACLNN_ERR_PARAM_INVALID" is not used [-Wunused-macros]
[2026-10-01 05:56:13]   302 | }
[2026-10-01 05:56:13]       | ^
[2026-10-01 05:56:13] [33/91] Linking CXX static library libops_aclnn.a
[2026-10-01 05:56:14] [34/91] Building CXX object common/stub/op_tiling/CMakeFiles/optiling.dir/op_cache_tiling.cpp.o
[2026-10-01 05:56:16] [35/91] Building CXX object common/stub/op_tiling/CMakeFiles/optiling.dir/tbe_tiling_api.cpp.o
[2026-10-01 05:56:17] [36/91] Building CXX object CMakeFiles/op_host_aclnnExc.dir/op_host_aclnn_exc_stub.cpp.o
[2026-10-01 05:56:17] [37/91] Building CXX object common/stub/op_tiling/CMakeFiles/optiling.dir/runtime_kb_api.cpp.o
[2026-10-01 05:56:17] [38/91] Generating tbe/graph/ops_proto_transformer.h
[2026-10-01 05:56:17] merged op transformer proto file: /mnt/workspace/hc-pre-reduction-20260930/batch-comb-source-baseline/csrc/build/tbe/graph/ops_proto_transformer.h
[2026-10-01 05:56:19] [39/91] Building CXX object common/CMakeFiles/common_transformer_obj.dir/src/fallback_comm.cpp.o
[2026-10-01 05:56:21] [40/91] Building CXX object common/CMakeFiles/common_transformer_obj.dir/src/fallback_comm_2stages.cpp.o
[2026-10-01 05:56:23] [41/91] Building CXX object common/CMakeFiles/common_transformer_obj.dir/src/tiling_base/tiling_util.cpp.o
[2026-10-01 05:56:23] [42/91] No patch step for 'tiling_sink_task'
[2026-10-01 05:56:26] [43/91] Building CXX object common/stub/op_api/CMakeFiles/opapi_math.dir/opapi_stub.cpp.o
[2026-10-01 05:56:26] [44/91] Linking CXX shared library liboptiling.so
[2026-10-01 05:56:32] [45/91] Building CXX object moe/hc_pre/op_host/CMakeFiles/ophost_transformer_tiling_obj.dir/hc_pre_tiling.cpp.o
[2026-10-01 05:56:32] In file included from /mnt/workspace/hc-pre-reduction-20260930/batch-comb-source-baseline/csrc/moe/hc_pre/op_host/hc_pre_tiling.cpp:18:
[2026-10-01 05:56:32] /mnt/workspace/hc-pre-reduction-20260930/batch-comb-source-baseline/csrc/moe/hc_pre/op_host/hc_pre_tiling_arch35.h: In member function ‘ge::graphStatus optiling::HcPreTilingRegbase::HcPreTilingRegbase::CalcRegbaseOpTiling()’:
[2026-10-01 05:56:32] /mnt/workspace/hc-pre-reduction-20260930/batch-comb-source-baseline/csrc/moe/hc_pre/op_host/hc_pre_tiling_arch35.h:279:27: warning: conversion from ‘double’ to ‘float’ may change value [-Wfloat-conversion]
[2026-10-01 05:56:32]   279 |     tilingData_.set_hcEps(hcEps_);
[2026-10-01 05:56:32]       |                           ^~~~~~
[2026-10-01 05:56:32] /mnt/workspace/hc-pre-reduction-20260930/batch-comb-source-baseline/csrc/moe/hc_pre/op_host/hc_pre_tiling_arch35.h:280:29: warning: conversion from ‘double’ to ‘float’ may change value [-Wfloat-conversion]
[2026-10-01 05:56:32]   280 |     tilingData_.set_normEps(normEps_);
[2026-10-01 05:56:32]       |                             ^~~~~~~~
[2026-10-01 05:56:32] /mnt/workspace/hc-pre-reduction-20260930/batch-comb-source-baseline/csrc/moe/hc_pre/op_host/hc_pre_tiling_arch35.h: In member function ‘ge::graphStatus optiling::HcPreTilingRegbase::HcPreTilingRegbase::CalcMKSplitCorePart2Tiling()’:
[2026-10-01 05:56:32] /mnt/workspace/hc-pre-reduction-20260930/batch-comb-source-baseline/csrc/moe/hc_pre/op_host/hc_pre_tiling_arch35.h:394:27: warning: conversion from ‘double’ to ‘float’ may change value [-Wfloat-conversion]
[2026-10-01 05:56:32]   394 |     tilingData_.set_hcEps(hcEps_);
[2026-10-01 05:56:32]       |                           ^~~~~~
[2026-10-01 05:56:32] /mnt/workspace/hc-pre-reduction-20260930/batch-comb-source-baseline/csrc/moe/hc_pre/op_host/hc_pre_tiling_arch35.h:395:29: warning: conversion from ‘double’ to ‘float’ may change value [-Wfloat-conversion]
[2026-10-01 05:56:32]   395 |     tilingData_.set_normEps(normEps_);
[2026-10-01 05:56:32]       |                             ^~~~~~~~
[2026-10-01 05:56:32] /mnt/workspace/hc-pre-reduction-20260930/batch-comb-source-baseline/csrc/moe/hc_pre/op_host/hc_pre_tiling.cpp: In member function ‘ge::graphStatus optiling::HcPreTiling::CalcMKSplitCoreMembasePart2Tiling()’:
[2026-10-01 05:56:32] /mnt/workspace/hc-pre-reduction-20260930/batch-comb-source-baseline/csrc/moe/hc_pre/op_host/hc_pre_tiling.cpp:274:27: warning: conversion from ‘double’ to ‘float’ may change value [-Wfloat-conversion]
[2026-10-01 05:56:32]   274 |     tilingData_.set_hcEps(hcEps_);
[2026-10-01 05:56:32]       |                           ^~~~~~
[2026-10-01 05:56:32] /mnt/workspace/hc-pre-reduction-20260930/batch-comb-source-baseline/csrc/moe/hc_pre/op_host/hc_pre_tiling.cpp:275:29: warning: conversion from ‘double’ to ‘float’ may change value [-Wfloat-conversion]
[2026-10-01 05:56:32]   275 |     tilingData_.set_normEps(normEps_);
[2026-10-01 05:56:32]       |                             ^~~~~~~~
[2026-10-01 05:56:32] [46/91] Generating opapi_stub.cpp
[2026-10-01 05:56:32] [47/91] Linking CXX shared library libop_host_aclnnExc.so
[2026-10-01 05:56:32] [48/91] Generating tbe/graph/ops_proto_transformer.cpp
[2026-10-01 05:56:32] [49/91] Generating binary/ascend910b/src/ascendc/common
[2026-10-01 05:56:32] [50/91] Performing configure step for 'tiling_sink_task'
[2026-10-01 05:56:32] -- The C compiler identification is GNU 7.3.0
[2026-10-01 05:56:32] -- The CXX compiler identification is GNU 7.3.0
[2026-10-01 05:56:32] -- Detecting C compiler ABI info
[2026-10-01 05:56:32] -- Detecting C compiler ABI info - done
[2026-10-01 05:56:32] -- Check for working C compiler: /mnt/workspace/mhc-validation-20260930/Ascend/cann-9.1.0/toolkit/toolchain/hcc/bin/aarch64-target-linux-gnu-gcc - skipped
[2026-10-01 05:56:32] -- Detecting C compile features
[2026-10-01 05:56:32] -- Detecting C compile features - done
[2026-10-01 05:56:32] -- Detecting CXX compiler ABI info
[2026-10-01 05:56:32] -- Detecting CXX compiler ABI info - done
[2026-10-01 05:56:32] -- Check for working CXX compiler: /mnt/workspace/mhc-validation-20260930/Ascend/cann-9.1.0/toolkit/toolchain/hcc/bin/aarch64-target-linux-gnu-g++ - skipped
[2026-10-01 05:56:32] -- Detecting CXX compile features
[2026-10-01 05:56:32] -- Detecting CXX compile features - done
[2026-10-01 05:56:32] CMake Warning at CMakeLists.txt:45 (message):
[2026-10-01 05:56:32]   File not found:
[2026-10-01 05:56:32]   /mnt/workspace/hc-pre-reduction-20260930/batch-comb-source-baseline/csrc/common/src/tiling_sink/../../../attention/common/op_host/fia_tiling_info.cpp
[2026-10-01 05:56:32] 
[2026-10-01 05:56:32] 
[2026-10-01 05:56:32] -- Configuring done (0.5s)
[2026-10-01 05:56:32] -- Generating done (0.0s)
[2026-10-01 05:56:32] CMake Warning (unused-cli):
[2026-10-01 05:56:32]   Manually-specified variables were not used by the project:
[2026-10-01 05:56:32] 
[2026-10-01 05:56:32]     ENABLE_BUILT_IN
[2026-10-01 05:56:32]     SYS_VERSION
[2026-10-01 05:56:32] 
[2026-10-01 05:56:32] 
[2026-10-01 05:56:32] -- Build files have been written to: /mnt/workspace/hc-pre-reduction-20260930/batch-comb-source-baseline/csrc/build/common/tiling_sink_task-prefix/src/tiling_sink_task-build
[2026-10-01 05:56:32] [51/91] Linking CXX shared library libopapi_math.so
[2026-10-01 05:56:33] [52/91] Building CXX object moe/hc_pre/op_host/CMakeFiles/ophost_transformer_opapi_obj.dir/opapi_stub.cpp.o
[2026-10-01 05:56:33] [53/91] Linking CXX shared library libcust_opmaster_rt2.0.so
[2026-10-01 05:56:33] [54/91] Generating compat/liboptiling.so
[2026-10-01 05:56:33] [55/91] Generating autogen/aic-ascend910b-ops-info.json
[2026-10-01 05:56:33] 
[2026-10-01 05:56:33] 
[2026-10-01 05:56:33] ==============check valid for ops info start==============
[2026-10-01 05:56:33] ==============check valid for ops info end================
[2026-10-01 05:56:33] 
[2026-10-01 05:56:33] 
[2026-10-01 05:56:33] Compile op info cfg successfully.
[2026-10-01 05:56:33] [56/91] Generating binary/ascend910b/src/hc_pre/hc_pre_ascend910b_src_copy.done
[2026-10-01 05:56:33] [57/91] Generating binary/ascend910b/src/hc_pre/HcPre.py
[2026-10-01 05:56:33] [58/91] Generating binary/ascend910b/bin/hc_pre
[2026-10-01 05:56:33] [59/91] Performing build step for 'tiling_sink_task'
[2026-10-01 05:56:33] ninja: no work to do.
[2026-10-01 05:56:33] [60/91] Generating cust_opapi_stub.cpp
[2026-10-01 05:56:33] [61/91] 
[2026-10-01 05:56:33] [62/91] 
[2026-10-01 05:56:33] [63/91] Building CXX object CMakeFiles/cust_opapi.dir/cust_opapi_stub.cpp.o
[2026-10-01 05:56:35] [64/91] Building CXX object CMakeFiles/cust_proto.dir/autogen/hc_pre_proto.cpp.o
[2026-10-01 05:56:35] In file included from /mnt/workspace/hc-pre-reduction-20260930/batch-comb-source-baseline/csrc/build/autogen/hc_pre_proto.h:4,
[2026-10-01 05:56:35]                  from /mnt/workspace/hc-pre-reduction-20260930/batch-comb-source-baseline/csrc/build/autogen/hc_pre_proto.cpp:1:
[2026-10-01 05:56:35] /mnt/workspace/hc-pre-reduction-20260930/batch-comb-source-baseline/csrc/build/autogen/hc_pre_proto.h: In member function ‘ge::Operator::OpFloat ge::op::HcPre::get_attr_hc_eps() const’:
[2026-10-01 05:56:35] /mnt/workspace/hc-pre-reduction-20260930/batch-comb-source-baseline/csrc/build/autogen/hc_pre_proto.h:21:26: warning: conversion from ‘double’ to ‘ge::Operator::OpFloat’ {aka ‘float’} changes value from ‘9.9999999999999995e-7’ to ‘9.99999997e-7’ [-Wfloat-conversion]
[2026-10-01 05:56:35]    21 |     .ATTR(hc_eps, Float, 1e-06)
[2026-10-01 05:56:35]       |                          ^~~~~
[2026-10-01 05:56:35] /mnt/workspace/hc-pre-reduction-20260930/batch-comb-source-baseline/csrc/build/autogen/hc_pre_proto.h: In member function ‘ge::Operator::OpFloat ge::op::HcPre::get_attr_norm_eps() const’:
[2026-10-01 05:56:35] /mnt/workspace/hc-pre-reduction-20260930/batch-comb-source-baseline/csrc/build/autogen/hc_pre_proto.h:22:28: warning: conversion from ‘double’ to ‘ge::Operator::OpFloat’ {aka ‘float’} changes value from ‘9.9999999999999995e-7’ to ‘9.99999997e-7’ [-Wfloat-conversion]
[2026-10-01 05:56:35]    22 |     .ATTR(norm_eps, Float, 1e-06)
[2026-10-01 05:56:35]       |                            ^~~~~
[2026-10-01 05:56:37] [65/91] Building CXX object CMakeFiles/cust_proto.dir/tbe/graph/ops_proto_transformer.cpp.o
[2026-10-01 05:56:37] /mnt/workspace/hc-pre-reduction-20260930/batch-comb-source-baseline/csrc/build/tbe/graph/ops_proto_transformer.cpp:10:1: warning: macro "OP_TRANSFORMER_PROTO_H_" is not used [-Wunused-macros]
[2026-10-01 05:56:37]    10 | }  // namespace ge
[2026-10-01 05:56:37]       | ^
[2026-10-01 05:56:58] [66/91] cd /mnt/workspace/hc-pre-reduction-20260930/batch-comb-source-baseline/csrc/build/binary/ascend910b/gen && /mnt/workspace/mhc-validation-20260930/venv/bin/python3.12 /mnt/workspace/hc-pre-reduction-20260930/batch-comb-source-baseline/csrc/scripts/build_cache.py run --cache-root /mnt/workspace/hc-pre-reduction-20260930/batch-comb-source-baseline/csrc/build_cache --domain custom_operator --unit hc_pre --output-dir /mnt/workspace/hc-pre-reduction-20260930/batch-comb-source-baseline/csrc/build/binary/ascend910b/cache_actions/hc_pre/stages/HcPre-0 --environment-profile ascendc --publish-dir /mnt/workspace/hc-pre-reduction-20260930/batch-comb-source-baseline/csrc/build/binary/ascend910b/bin/hc_pre --publish-state-dir /mnt/workspace/hc-pre-reduction-20260930/batch-comb-source-baseline/csrc/build/binary/ascend910b/cache_actions/hc_pre/publish_state --soc ascend910b --operator hc_pre --action HcPre-0 --operator-source /mnt/workspace/hc-pre-reduction-20260930/batch-comb-source-baseline/csrc/moe/hc_pre --repo-root /mnt/workspace/hc-pre-reduction-20260930/batch-comb-source-baseline/csrc --prepared-input /mnt/workspace/hc-pre-reduction-20260930/batch-comb-source-baseline/csrc/build/binary/ascend910b/src/hc_pre --prepared-input /mnt/workspace/hc-pre-reduction-20260930/batch-comb-source-baseline/csrc/build/binary/ascend910b/src/ascendc/common --prepared-input /mnt/workspace/hc-pre-reduction-20260930/batch-comb-source-baseline/csrc/common/include/cann_compat.h --recipe-file /mnt/workspace/hc-pre-reduction-20260930/batch-comb-source-baseline/csrc/build/binary/ascend910b/gen/HcPre-hc_pre-0.sh --normalize-path /mnt/workspace/hc-pre-reduction-20260930/batch-comb-source-baseline/csrc --normalize-path /mnt/workspace/hc-pre-reduction-20260930/batch-comb-source-baseline/csrc/build --normalize-path /mnt/workspace/mhc-validation-20260930/Ascend/cann-9.1.0 --set-env HI_PYTHON=python3 --set-env TILINGKEY_PAR_COMPILE=1 --set-env BIN_FILENAME_HASHED=1 --set-env ASCEND_CUSTOM_OPP_PATH=/mnt/workspace/hc-pre-reduction-20260930/batch-comb-source-baseline/csrc/build/custom -- bash /mnt/workspace/hc-pre-reduction-20260930/batch-comb-source-baseline/csrc/build/binary/ascend910b/gen/HcPre-hc_pre-0.sh /mnt/workspace/hc-pre-reduction-20260930/batch-comb-source-baseline/csrc/build/binary/ascend910b/src/hc_pre/HcPre.py /mnt/workspace/hc-pre-reduction-20260930/batch-comb-source-baseline/csrc/build/binary/ascend910b/cache_actions/hc_pre/stages/HcPre-0
[2026-10-01 05:56:58] [build-cache] MISS domain=custom_operator unit=hc_pre key=bdbe522d94b2b611b8a8506ea21b82722c563194cb78a575c2e0ab46230e7a0e
[2026-10-01 05:56:58] [ascend910b] Generating HcPre_6c9f0fa710253eff38b1c0e6be6a67be ...
[2026-10-01 05:56:58] [INFO] RUNTIME(1556865,python3):2026-10-01-05:56:42.808.370 [task_fail_callback_data_manager.cc:93] 1556865 TaskFailCallBackManager: Constructor.
[2026-10-01 05:56:58] [INFO] RUNTIME(1556865,python3):2026-10-01-05:56:42.808.408 [xpu_task_fail_callback_data_manager.cc:59] 1556865 XpuTaskFailCallBackManager: XpuTaskFailCallBackManager Constructor.
[2026-10-01 05:56:58] Opc tool start working now, please wait for a moment.
[2026-10-01 05:56:58] [INFO] RUNTIME(1556865,python3):2026-10-01-05:56:57.688.913 [xpu_task_fail_callback_data_manager.cc:64] 1556865 ~XpuTaskFailCallBackManager: XpuTaskFailCallBackManager Destructor.
[2026-10-01 05:56:58] [INFO] RUNTIME(1556865,python3):2026-10-01-05:56:57.688.946 [task_fail_callback_data_manager.cc:98] 1556865 ~TaskFailCallBackManager: Destructor.
[2026-10-01 05:56:58] [INFO] ATRACE(1556865,python3):2026-10-01-05:56:57.856.328 [stacktrace_signal.c:199](tid:1556865) unregister all signal handlers, can not capture signal.
[2026-10-01 05:56:58] [ascend910b] Generating HcPre_6c9f0fa710253eff38b1c0e6be6a67be Done
[2026-10-01 05:56:58] [build-cache] SAVED domain=custom_operator unit=hc_pre key=bdbe522d94b2b611b8a8506ea21b82722c563194cb78a575c2e0ab46230e7a0e artifacts=2 build_seconds=20.600
[2026-10-01 05:57:21] [67/91] cd /mnt/workspace/hc-pre-reduction-20260930/batch-comb-source-baseline/csrc/build/binary/ascend910b/gen && /mnt/workspace/mhc-validation-20260930/venv/bin/python3.12 /mnt/workspace/hc-pre-reduction-20260930/batch-comb-source-baseline/csrc/scripts/build_cache.py run --cache-root /mnt/workspace/hc-pre-reduction-20260930/batch-comb-source-baseline/csrc/build_cache --domain custom_operator --unit hc_pre --output-dir /mnt/workspace/hc-pre-reduction-20260930/batch-comb-source-baseline/csrc/build/binary/ascend910b/cache_actions/hc_pre/stages/HcPre-1 --environment-profile ascendc --publish-dir /mnt/workspace/hc-pre-reduction-20260930/batch-comb-source-baseline/csrc/build/binary/ascend910b/bin/hc_pre --publish-state-dir /mnt/workspace/hc-pre-reduction-20260930/batch-comb-source-baseline/csrc/build/binary/ascend910b/cache_actions/hc_pre/publish_state --soc ascend910b --operator hc_pre --action HcPre-1 --operator-source /mnt/workspace/hc-pre-reduction-20260930/batch-comb-source-baseline/csrc/moe/hc_pre --repo-root /mnt/workspace/hc-pre-reduction-20260930/batch-comb-source-baseline/csrc --prepared-input /mnt/workspace/hc-pre-reduction-20260930/batch-comb-source-baseline/csrc/build/binary/ascend910b/src/hc_pre --prepared-input /mnt/workspace/hc-pre-reduction-20260930/batch-comb-source-baseline/csrc/build/binary/ascend910b/src/ascendc/common --prepared-input /mnt/workspace/hc-pre-reduction-20260930/batch-comb-source-baseline/csrc/common/include/cann_compat.h --recipe-file /mnt/workspace/hc-pre-reduction-20260930/batch-comb-source-baseline/csrc/build/binary/ascend910b/gen/HcPre-hc_pre-1.sh --normalize-path /mnt/workspace/hc-pre-reduction-20260930/batch-comb-source-baseline/csrc --normalize-path /mnt/workspace/hc-pre-reduction-20260930/batch-comb-source-baseline/csrc/build --normalize-path /mnt/workspace/mhc-validation-20260930/Ascend/cann-9.1.0 --set-env HI_PYTHON=python3 --set-env TILINGKEY_PAR_COMPILE=1 --set-env BIN_FILENAME_HASHED=1 --set-env ASCEND_CUSTOM_OPP_PATH=/mnt/workspace/hc-pre-reduction-20260930/batch-comb-source-baseline/csrc/build/custom -- bash /mnt/workspace/hc-pre-reduction-20260930/batch-comb-source-baseline/csrc/build/binary/ascend910b/gen/HcPre-hc_pre-1.sh /mnt/workspace/hc-pre-reduction-20260930/batch-comb-source-baseline/csrc/build/binary/ascend910b/src/hc_pre/HcPre.py /mnt/workspace/hc-pre-reduction-20260930/batch-comb-source-baseline/csrc/build/binary/ascend910b/cache_actions/hc_pre/stages/HcPre-1
[2026-10-01 05:57:21] [build-cache] MISS domain=custom_operator unit=hc_pre key=bfe6d2c8210501b47a62479779d60eade835d8d5c545854dd6ebaa36f9c27b43
[2026-10-01 05:57:21] [ascend910b] Generating HcPre_6c9f0fa710253eff38b1c0e6be6a67be_relocatable ...
[2026-10-01 05:57:21] [INFO] RUNTIME(1557133,python3):2026-10-01-05:57:06.003.050 [task_fail_callback_data_manager.cc:93] 1557133 TaskFailCallBackManager: Constructor.
[2026-10-01 05:57:21] [INFO] RUNTIME(1557133,python3):2026-10-01-05:57:06.003.086 [xpu_task_fail_callback_data_manager.cc:59] 1557133 XpuTaskFailCallBackManager: XpuTaskFailCallBackManager Constructor.
[2026-10-01 05:57:21] Opc tool start working now, please wait for a moment.
[2026-10-01 05:57:21] [INFO] RUNTIME(1557133,python3):2026-10-01-05:57:20.578.750 [xpu_task_fail_callback_data_manager.cc:64] 1557133 ~XpuTaskFailCallBackManager: XpuTaskFailCallBackManager Destructor.
[2026-10-01 05:57:21] [INFO] RUNTIME(1557133,python3):2026-10-01-05:57:20.578.781 [task_fail_callback_data_manager.cc:98] 1557133 ~TaskFailCallBackManager: Destructor.
[2026-10-01 05:57:21] [INFO] ATRACE(1557133,python3):2026-10-01-05:57:20.894.765 [stacktrace_signal.c:199](tid:1557133) unregister all signal handlers, can not capture signal.
[2026-10-01 05:57:21] [ascend910b] Generating HcPre_6c9f0fa710253eff38b1c0e6be6a67be_relocatable Done
[2026-10-01 05:57:21] [build-cache] SAVED domain=custom_operator unit=hc_pre key=bfe6d2c8210501b47a62479779d60eade835d8d5c545854dd6ebaa36f9c27b43 artifacts=2 build_seconds=22.772
[2026-10-01 05:57:21] [68/91] No install step for 'tiling_sink_task'
[2026-10-01 05:57:21] [69/91] Building CXX object moe/hc_pre/op_host/CMakeFiles/ophost_transformer_infer_obj.dir/proto_stub.cpp.o
[2026-10-01 05:57:21] [70/91] Linking CXX shared library libcust_opapi.so
[2026-10-01 05:57:21] [71/91] cd /mnt/workspace/hc-pre-reduction-20260930/batch-comb-source-baseline/csrc/build && /mnt/workspace/mhc-validation-20260930/venv/bin/python3.12 /mnt/workspace/hc-pre-reduction-20260930/batch-comb-source-baseline/csrc/cmake/scripts/util/ascendc_impl_build.py "" "" "" "" /mnt/workspace/hc-pre-reduction-20260930/batch-comb-source-baseline/csrc/build/impl /mnt/workspace/hc-pre-reduction-20260930/batch-comb-source-baseline/csrc/build/autogen --opsinfo-dir /mnt/workspace/hc-pre-reduction-20260930/batch-comb-source-baseline/csrc/build/autogen /mnt/workspace/hc-pre-reduction-20260930/batch-comb-source-baseline/csrc/build/autogen/inner /mnt/workspace/hc-pre-reduction-20260930/batch-comb-source-baseline/csrc/build/autogen/exc
[2026-10-01 05:57:21] /mnt/workspace/hc-pre-reduction-20260930/batch-comb-source-baseline/csrc/cmake/scripts/util/ascendc_impl_build.py:212: SyntaxWarning: invalid escape sequence '\d'
[2026-10-01 05:57:21]   ascendc_api_version = re.findall(r"#define ASCENDC_API_VERSION (\d+)", ascendc_api_version_file.read())
[2026-10-01 05:57:21] [72/91] cd /mnt/workspace/hc-pre-reduction-20260930/batch-comb-source-baseline/csrc/build && /mnt/workspace/mhc-validation-20260930/venv/lib/python3.12/site-packages/cmake/data/bin/cmake -E make_directory /mnt/workspace/hc-pre-reduction-20260930/batch-comb-source-baseline/csrc/build/binary/ascend910b/gen && /mnt/workspace/mhc-validation-20260930/venv/bin/python3.12 /mnt/workspace/hc-pre-reduction-20260930/batch-comb-source-baseline/csrc/cmake/scripts/util/ascendc_bin_param_build.py /mnt/workspace/hc-pre-reduction-20260930/batch-comb-source-baseline/csrc/build/autogen/aic-ascend910b-ops-info.ini /mnt/workspace/hc-pre-reduction-20260930/batch-comb-source-baseline/csrc/build/binary/ascend910b/gen ascend910b --opc-config-file /mnt/workspace/hc-pre-reduction-20260930/batch-comb-source-baseline/csrc/build/autogen/custom_opc_options.ini && /mnt/workspace/mhc-validation-20260930/venv/bin/python3.12 /mnt/workspace/hc-pre-reduction-20260930/batch-comb-source-baseline/csrc/cmake/scripts/util/ascendc_bin_param_build.py /mnt/workspace/hc-pre-reduction-20260930/batch-comb-source-baseline/csrc/build/autogen/inner/aic-ascend910b-ops-info.ini /mnt/workspace/hc-pre-reduction-20260930/batch-comb-source-baseline/csrc/build/binary/ascend910b/gen ascend910b --opc-config-file /mnt/workspace/hc-pre-reduction-20260930/batch-comb-source-baseline/csrc/build/autogen/custom_opc_options.ini && /mnt/workspace/mhc-validation-20260930/venv/bin/python3.12 /mnt/workspace/hc-pre-reduction-20260930/batch-comb-source-baseline/csrc/cmake/scripts/util/ascendc_bin_param_build.py /mnt/workspace/hc-pre-reduction-20260930/batch-comb-source-baseline/csrc/build/autogen/exc/aic-ascend910b-ops-info.ini /mnt/workspace/hc-pre-reduction-20260930/batch-comb-source-baseline/csrc/build/binary/ascend910b/gen ascend910b --opc-config-file /mnt/workspace/hc-pre-reduction-20260930/batch-comb-source-baseline/csrc/build/autogen/custom_opc_options.ini && bash /mnt/workspace/hc-pre-reduction-20260930/batch-comb-source-baseline/csrc/cmake/scripts/fix_format.sh /mnt/workspace/hc-pre-reduction-20260930/batch-comb-source-baseline/csrc/build/binary/ascend910b/gen
[2026-10-01 05:57:21] INFO: /mnt/workspace/hc-pre-reduction-20260930/batch-comb-source-baseline/csrc/build/autogen/inner/aic-ascend910b-ops-info.ini does not exists in this project, skip generating compile commands.
[2026-10-01 05:57:21] INFO: /mnt/workspace/hc-pre-reduction-20260930/batch-comb-source-baseline/csrc/build/autogen/exc/aic-ascend910b-ops-info.ini does not exists in this project, skip generating compile commands.
[2026-10-01 05:57:21] [73/91] cd /mnt/workspace/hc-pre-reduction-20260930/batch-comb-source-baseline/csrc/build && /mnt/workspace/mhc-validation-20260930/venv/bin/python3.12 /mnt/workspace/hc-pre-reduction-20260930/batch-comb-source-baseline/csrc/cmake/scripts/util/ascendc_ops_config.py -p /mnt/workspace/hc-pre-reduction-20260930/batch-comb-source-baseline/csrc/build/binary/ascend910b/bin -s ascend910b
[2026-10-01 05:57:21] [74/91] Generating scripts/install.sh, scripts/upgrade.sh
[2026-10-01 05:57:21] [75/91] Generating version.info
[2026-10-01 05:57:21] [76/91] Completed 'tiling_sink_task'
[2026-10-01 05:57:21] [77/91] Linking CXX shared library libcust_opsproto_rt2.0.so
[2026-10-01 06:19:49] [78/91] Performing build step for 'ascend_protobuf_build_transformer'
[2026-10-01 06:19:49] [build-cache] MISS domain=third_party unit=ascend_protobuf_build_transformer key=b90b5cbfd7590aac508c1cb5f8c88764bba49b777beeb2b9b34c870ade0e1f66
[2026-10-01 06:19:49] [  0%] Building CXX object third_party/abseil-cpp/absl/base/CMakeFiles/spinlock_wait.dir/internal/spinlock_wait.cc.o
[2026-10-01 06:19:49] [  0%] Linking CXX static library libabsl_spinlock_wait.a
[2026-10-01 06:19:49] [  0%] Built target spinlock_wait
[2026-10-01 06:19:49] [  1%] Building CXX object third_party/abseil-cpp/absl/base/CMakeFiles/log_severity.dir/log_severity.cc.o
[2026-10-01 06:19:49] [  1%] Linking CXX static library libabsl_log_severity.a
[2026-10-01 06:19:49] [  1%] Built target log_severity
[2026-10-01 06:19:49] [  1%] Building CXX object third_party/abseil-cpp/absl/base/CMakeFiles/raw_logging_internal.dir/internal/raw_logging.cc.o
[2026-10-01 06:19:49] [  1%] Linking CXX static library libabsl_raw_logging_internal.a
[2026-10-01 06:19:49] [  1%] Built target raw_logging_internal
[2026-10-01 06:19:49] [  1%] Building CXX object third_party/abseil-cpp/absl/base/CMakeFiles/base.dir/internal/cycleclock.cc.o
[2026-10-01 06:19:49] [  1%] Building CXX object third_party/abseil-cpp/absl/base/CMakeFiles/base.dir/internal/spinlock.cc.o
[2026-10-01 06:19:49] [  1%] Building CXX object third_party/abseil-cpp/absl/base/CMakeFiles/base.dir/internal/sysinfo.cc.o
[2026-10-01 06:19:49] [  2%] Building CXX object third_party/abseil-cpp/absl/base/CMakeFiles/base.dir/internal/thread_identity.cc.o
[2026-10-01 06:19:49] [  2%] Building CXX object third_party/abseil-cpp/absl/base/CMakeFiles/base.dir/internal/unscaledcycleclock.cc.o
[2026-10-01 06:19:49] [  2%] Linking CXX static library libabsl_base.a
[2026-10-01 06:19:49] [  2%] Built target base
[2026-10-01 06:19:49] [  2%] Building CXX object third_party/abseil-cpp/absl/strings/CMakeFiles/strings_internal.dir/internal/ostringstream.cc.o
[2026-10-01 06:19:49] [  3%] Building CXX object third_party/abseil-cpp/absl/strings/CMakeFiles/strings_internal.dir/internal/utf8.cc.o
[2026-10-01 06:19:49] [  3%] Building CXX object third_party/abseil-cpp/absl/strings/CMakeFiles/strings_internal.dir/internal/escaping.cc.o
[2026-10-01 06:19:49] [  3%] Linking CXX static library libabsl_strings_internal.a
[2026-10-01 06:19:49] [  3%] Built target strings_internal
[2026-10-01 06:19:49] [  3%] Building CXX object third_party/abseil-cpp/absl/base/CMakeFiles/throw_delegate.dir/internal/throw_delegate.cc.o
[2026-10-01 06:19:49] [  4%] Linking CXX static library libabsl_throw_delegate.a
[2026-10-01 06:19:49] [  4%] Built target throw_delegate
[2026-10-01 06:19:49] [  4%] Building CXX object third_party/abseil-cpp/absl/numeric/CMakeFiles/int128.dir/int128.cc.o
[2026-10-01 06:19:49] [  4%] Linking CXX static library libabsl_int128.a
[2026-10-01 06:19:49] [  4%] Built target int128
[2026-10-01 06:19:49] [  5%] Building CXX object third_party/abseil-cpp/absl/strings/CMakeFiles/string_view.dir/string_view.cc.o
[2026-10-01 06:19:49] [  5%] Linking CXX static library libabsl_string_view.a
[2026-10-01 06:19:49] [  5%] Built target string_view
[2026-10-01 06:19:49] [  5%] Building CXX object third_party/abseil-cpp/absl/strings/CMakeFiles/strings.dir/ascii.cc.o
[2026-10-01 06:19:49] [  5%] Building CXX object third_party/abseil-cpp/absl/strings/CMakeFiles/strings.dir/charconv.cc.o
[2026-10-01 06:19:49] [  6%] Building CXX object third_party/abseil-cpp/absl/strings/CMakeFiles/strings.dir/escaping.cc.o
[2026-10-01 06:19:49] [  6%] Building CXX object third_party/abseil-cpp/absl/strings/CMakeFiles/strings.dir/internal/charconv_bigint.cc.o
[2026-10-01 06:19:49] [  6%] Building CXX object third_party/abseil-cpp/absl/strings/CMakeFiles/strings.dir/internal/charconv_parse.cc.o
[2026-10-01 06:19:49] [  6%] Building CXX object third_party/abseil-cpp/absl/strings/CMakeFiles/strings.dir/internal/damerau_levenshtein_distance.cc.o
[2026-10-01 06:19:49] [  6%] Building CXX object third_party/abseil-cpp/absl/strings/CMakeFiles/strings.dir/internal/memutil.cc.o
[2026-10-01 06:19:49] [  7%] Building CXX object third_party/abseil-cpp/absl/strings/CMakeFiles/strings.dir/internal/stringify_sink.cc.o
[2026-10-01 06:19:49] [  7%] Building CXX object third_party/abseil-cpp/absl/strings/CMakeFiles/strings.dir/match.cc.o
[2026-10-01 06:19:49] [  7%] Building CXX object third_party/abseil-cpp/absl/strings/CMakeFiles/strings.dir/numbers.cc.o
[2026-10-01 06:19:49] [  7%] Building CXX object third_party/abseil-cpp/absl/strings/CMakeFiles/strings.dir/str_cat.cc.o
[2026-10-01 06:19:49] [  7%] Building CXX object third_party/abseil-cpp/absl/strings/CMakeFiles/strings.dir/str_replace.cc.o
[2026-10-01 06:19:49] [  8%] Building CXX object third_party/abseil-cpp/absl/strings/CMakeFiles/strings.dir/str_split.cc.o
[2026-10-01 06:19:49] [  8%] Building CXX object third_party/abseil-cpp/absl/strings/CMakeFiles/strings.dir/substitute.cc.o
[2026-10-01 06:19:49] [  8%] Linking CXX static library libabsl_strings.a
[2026-10-01 06:19:49] [  8%] Built target strings
[2026-10-01 06:19:49] [  8%] Building CXX object third_party/utf8_range/CMakeFiles/utf8_validity.dir/utf8_validity.cc.o
[2026-10-01 06:19:49] [  9%] Linking CXX static library libutf8_validity.a
[2026-10-01 06:19:49] [  9%] Built target utf8_validity
[2026-10-01 06:19:49] [  9%] Building CXX object third_party/abseil-cpp/absl/base/CMakeFiles/malloc_internal.dir/internal/low_level_alloc.cc.o
[2026-10-01 06:19:49] [  9%] Linking CXX static library libabsl_malloc_internal.a
[2026-10-01 06:19:49] [  9%] Built target malloc_internal
[2026-10-01 06:19:49] [  9%] Building CXX object third_party/abseil-cpp/absl/base/CMakeFiles/strerror.dir/internal/strerror.cc.o
[2026-10-01 06:19:49] [  9%] Linking CXX static library libabsl_strerror.a
[2026-10-01 06:19:49] [  9%] Built target strerror
[2026-10-01 06:19:49] [  9%] Building CXX object third_party/abseil-cpp/absl/time/CMakeFiles/time_zone.dir/internal/cctz/src/time_zone_fixed.cc.o
[2026-10-01 06:19:49] [  9%] Building CXX object third_party/abseil-cpp/absl/time/CMakeFiles/time_zone.dir/internal/cctz/src/time_zone_format.cc.o
[2026-10-01 06:19:49] [ 10%] Building CXX object third_party/abseil-cpp/absl/time/CMakeFiles/time_zone.dir/internal/cctz/src/time_zone_if.cc.o
[2026-10-01 06:19:49] [ 10%] Building CXX object third_party/abseil-cpp/absl/time/CMakeFiles/time_zone.dir/internal/cctz/src/time_zone_impl.cc.o
[2026-10-01 06:19:49] [ 10%] Building CXX object third_party/abseil-cpp/absl/time/CMakeFiles/time_zone.dir/internal/cctz/src/time_zone_info.cc.o
[2026-10-01 06:19:49] [ 10%] Building CXX object third_party/abseil-cpp/absl/time/CMakeFiles/time_zone.dir/internal/cctz/src/time_zone_libc.cc.o
[2026-10-01 06:19:49] [ 11%] Building CXX object third_party/abseil-cpp/absl/time/CMakeFiles/time_zone.dir/internal/cctz/src/time_zone_lookup.cc.o
[2026-10-01 06:19:49] [ 11%] Building CXX object third_party/abseil-cpp/absl/time/CMakeFiles/time_zone.dir/internal/cctz/src/time_zone_posix.cc.o
[2026-10-01 06:19:49] [ 11%] Building CXX object third_party/abseil-cpp/absl/time/CMakeFiles/time_zone.dir/internal/cctz/src/zone_info_source.cc.o
[2026-10-01 06:19:49] [ 11%] Linking CXX static library libabsl_time_zone.a
[2026-10-01 06:19:49] [ 11%] Built target time_zone
[2026-10-01 06:19:49] [ 11%] Building CXX object third_party/abseil-cpp/absl/debugging/CMakeFiles/debugging_internal.dir/internal/address_is_readable.cc.o
[2026-10-01 06:19:49] [ 11%] Building CXX object third_party/abseil-cpp/absl/debugging/CMakeFiles/debugging_internal.dir/internal/elf_mem_image.cc.o
[2026-10-01 06:19:49] [ 12%] Building CXX object third_party/abseil-cpp/absl/debugging/CMakeFiles/debugging_internal.dir/internal/vdso_support.cc.o
[2026-10-01 06:19:49] [ 12%] Linking CXX static library libabsl_debugging_internal.a
[2026-10-01 06:19:49] [ 12%] Built target debugging_internal
[2026-10-01 06:19:49] [ 12%] Building CXX object third_party/abseil-cpp/absl/debugging/CMakeFiles/stacktrace.dir/stacktrace.cc.o
[2026-10-01 06:19:49] [ 12%] Linking CXX static library libabsl_stacktrace.a
[2026-10-01 06:19:49] [ 12%] Built target stacktrace
[2026-10-01 06:19:49] [ 12%] Building CXX object third_party/abseil-cpp/absl/debugging/CMakeFiles/demangle_internal.dir/internal/demangle.cc.o
[2026-10-01 06:19:49] [ 12%] Linking CXX static library libabsl_demangle_internal.a
[2026-10-01 06:19:49] [ 12%] Built target demangle_internal
[2026-10-01 06:19:49] [ 12%] Building CXX object third_party/abseil-cpp/absl/debugging/CMakeFiles/symbolize.dir/symbolize.cc.o
[2026-10-01 06:19:49] [ 12%] Linking CXX static library libabsl_symbolize.a
[2026-10-01 06:19:49] [ 12%] Built target symbolize
[2026-10-01 06:19:49] [ 12%] Building CXX object third_party/abseil-cpp/absl/profiling/CMakeFiles/exponential_biased.dir/internal/exponential_biased.cc.o
[2026-10-01 06:19:49] [ 13%] Linking CXX static library libabsl_exponential_biased.a
[2026-10-01 06:19:49] [ 13%] Built target exponential_biased
[2026-10-01 06:19:49] [ 13%] Building CXX object third_party/abseil-cpp/absl/synchronization/CMakeFiles/graphcycles_internal.dir/internal/graphcycles.cc.o
[2026-10-01 06:19:49] [ 14%] Linking CXX static library libabsl_graphcycles_internal.a
[2026-10-01 06:19:49] [ 14%] Built target graphcycles_internal
[2026-10-01 06:19:49] [ 14%] Building CXX object third_party/abseil-cpp/absl/time/CMakeFiles/civil_time.dir/internal/cctz/src/civil_time_detail.cc.o
[2026-10-01 06:19:49] [ 14%] Linking CXX static library libabsl_civil_time.a
[2026-10-01 06:19:49] [ 14%] Built target civil_time
[2026-10-01 06:19:49] [ 14%] Building CXX object third_party/abseil-cpp/absl/time/CMakeFiles/time.dir/civil_time.cc.o
[2026-10-01 06:19:49] [ 14%] Building CXX object third_party/abseil-cpp/absl/time/CMakeFiles/time.dir/clock.cc.o
[2026-10-01 06:19:49] [ 14%] Building CXX object third_party/abseil-cpp/absl/time/CMakeFiles/time.dir/duration.cc.o
[2026-10-01 06:19:49] [ 15%] Building CXX object third_party/abseil-cpp/absl/time/CMakeFiles/time.dir/format.cc.o
[2026-10-01 06:19:49] [ 15%] Building CXX object third_party/abseil-cpp/absl/time/CMakeFiles/time.dir/time.cc.o
[2026-10-01 06:19:49] [ 15%] Linking CXX static library libabsl_time.a
[2026-10-01 06:19:49] [ 15%] Built target time
[2026-10-01 06:19:49] [ 15%] Building CXX object third_party/abseil-cpp/absl/synchronization/CMakeFiles/kernel_timeout_internal.dir/internal/kernel_timeout.cc.o
[2026-10-01 06:19:49] [ 16%] Linking CXX static library libabsl_kernel_timeout_internal.a
[2026-10-01 06:19:49] [ 16%] Built target kernel_timeout_internal
[2026-10-01 06:19:49] [ 17%] Building CXX object third_party/abseil-cpp/absl/synchronization/CMakeFiles/synchronization.dir/barrier.cc.o
[2026-10-01 06:19:49] [ 17%] Building CXX object third_party/abseil-cpp/absl/synchronization/CMakeFiles/synchronization.dir/blocking_counter.cc.o
[2026-10-01 06:19:49] [ 17%] Building CXX object third_party/abseil-cpp/absl/synchronization/CMakeFiles/synchronization.dir/internal/create_thread_identity.cc.o
[2026-10-01 06:19:49] [ 17%] Building CXX object third_party/abseil-cpp/absl/synchronization/CMakeFiles/synchronization.dir/internal/futex_waiter.cc.o
[2026-10-01 06:19:49] [ 18%] Building CXX object third_party/abseil-cpp/absl/synchronization/CMakeFiles/synchronization.dir/internal/per_thread_sem.cc.o
[2026-10-01 06:19:49] [ 18%] Building CXX object third_party/abseil-cpp/absl/synchronization/CMakeFiles/synchronization.dir/internal/pthread_waiter.cc.o
[2026-10-01 06:19:49] [ 18%] Building CXX object third_party/abseil-cpp/absl/synchronization/CMakeFiles/synchronization.dir/internal/sem_waiter.cc.o
[2026-10-01 06:19:49] [ 18%] Building CXX object third_party/abseil-cpp/absl/synchronization/CMakeFiles/synchronization.dir/internal/stdcpp_waiter.cc.o
[2026-10-01 06:19:49] [ 18%] Building CXX object third_party/abseil-cpp/absl/synchronization/CMakeFiles/synchronization.dir/internal/waiter_base.cc.o
[2026-10-01 06:19:49] [ 19%] Building CXX object third_party/abseil-cpp/absl/synchronization/CMakeFiles/synchronization.dir/internal/win32_waiter.cc.o
[2026-10-01 06:19:49] [ 19%] Building CXX object third_party/abseil-cpp/absl/synchronization/CMakeFiles/synchronization.dir/notification.cc.o
[2026-10-01 06:19:49] [ 19%] Building CXX object third_party/abseil-cpp/absl/synchronization/CMakeFiles/synchronization.dir/mutex.cc.o
[2026-10-01 06:19:49] [ 19%] Linking CXX static library libabsl_synchronization.a
[2026-10-01 06:19:49] [ 19%] Built target synchronization
[2026-10-01 06:19:49] [ 19%] Building CXX object third_party/abseil-cpp/absl/container/CMakeFiles/hashtablez_sampler.dir/internal/hashtablez_sampler.cc.o
[2026-10-01 06:19:49] [ 20%] Building CXX object third_party/abseil-cpp/absl/container/CMakeFiles/hashtablez_sampler.dir/internal/hashtablez_sampler_force_weak_definition.cc.o
[2026-10-01 06:19:49] [ 20%] Linking CXX static library libabsl_hashtablez_sampler.a
[2026-10-01 06:19:49] [ 20%] Built target hashtablez_sampler
[2026-10-01 06:19:49] [ 21%] Building CXX object third_party/abseil-cpp/absl/types/CMakeFiles/bad_variant_access.dir/bad_variant_access.cc.o
[2026-10-01 06:19:49] [ 21%] Linking CXX static library libabsl_bad_variant_access.a
[2026-10-01 06:19:49] [ 21%] Built target bad_variant_access
[2026-10-01 06:19:49] [ 21%] Building CXX object third_party/abseil-cpp/absl/hash/CMakeFiles/city.dir/internal/city.cc.o
[2026-10-01 06:19:49] [ 22%] Linking CXX static library libabsl_city.a
[2026-10-01 06:19:49] [ 22%] Built target city
[2026-10-01 06:19:49] [ 22%] Building CXX object third_party/abseil-cpp/absl/hash/CMakeFiles/low_level_hash.dir/internal/low_level_hash.cc.o
[2026-10-01 06:19:49] [ 23%] Linking CXX static library libabsl_low_level_hash.a
[2026-10-01 06:19:49] [ 23%] Built target low_level_hash
[2026-10-01 06:19:49] [ 23%] Building CXX object third_party/abseil-cpp/absl/types/CMakeFiles/bad_optional_access.dir/bad_optional_access.cc.o
[2026-10-01 06:19:49] [ 23%] Linking CXX static library libabsl_bad_optional_access.a
[2026-10-01 06:19:49] [ 23%] Built target bad_optional_access
[2026-10-01 06:19:49] [ 23%] Building CXX object third_party/abseil-cpp/absl/hash/CMakeFiles/hash.dir/internal/hash.cc.o
[2026-10-01 06:19:49] [ 23%] Linking CXX static library libabsl_hash.a
[2026-10-01 06:19:49] [ 23%] Built target hash
[2026-10-01 06:19:49] [ 23%] Building CXX object third_party/abseil-cpp/absl/container/CMakeFiles/raw_hash_set.dir/internal/raw_hash_set.cc.o
[2026-10-01 06:19:49] [ 24%] Linking CXX static library libabsl_raw_hash_set.a
[2026-10-01 06:19:49] [ 24%] Built target raw_hash_set
[2026-10-01 06:19:49] [ 24%] Building CXX object third_party/abseil-cpp/absl/crc/CMakeFiles/crc_cpu_detect.dir/internal/cpu_detect.cc.o
[2026-10-01 06:19:49] [ 24%] Linking CXX static library libabsl_crc_cpu_detect.a
[2026-10-01 06:19:49] [ 24%] Built target crc_cpu_detect
[2026-10-01 06:19:49] [ 25%] Building CXX object third_party/abseil-cpp/absl/crc/CMakeFiles/crc_internal.dir/internal/crc.cc.o
[2026-10-01 06:19:49] [ 25%] Building CXX object third_party/abseil-cpp/absl/crc/CMakeFiles/crc_internal.dir/internal/crc_x86_arm_combined.cc.o
[2026-10-01 06:19:49] [ 25%] Linking CXX static library libabsl_crc_internal.a
[2026-10-01 06:19:49] [ 25%] Built target crc_internal
[2026-10-01 06:19:49] [ 26%] Building CXX object third_party/abseil-cpp/absl/strings/CMakeFiles/str_format_internal.dir/internal/str_format/arg.cc.o
[2026-10-01 06:19:49] [ 26%] Building CXX object third_party/abseil-cpp/absl/strings/CMakeFiles/str_format_internal.dir/internal/str_format/bind.cc.o
[2026-10-01 06:19:49] [ 26%] Building CXX object third_party/abseil-cpp/absl/strings/CMakeFiles/str_format_internal.dir/internal/str_format/extension.cc.o
[2026-10-01 06:19:49] [ 26%] Building CXX object third_party/abseil-cpp/absl/strings/CMakeFiles/str_format_internal.dir/internal/str_format/float_conversion.cc.o
[2026-10-01 06:19:49] [ 27%] Building CXX object third_party/abseil-cpp/absl/strings/CMakeFiles/str_format_internal.dir/internal/str_format/output.cc.o
[2026-10-01 06:19:49] [ 27%] Building CXX object third_party/abseil-cpp/absl/strings/CMakeFiles/str_format_internal.dir/internal/str_format/parser.cc.o
[2026-10-01 06:19:49] [ 27%] Linking CXX static library libabsl_str_format_internal.a
[2026-10-01 06:19:49] [ 27%] Built target str_format_internal
[2026-10-01 06:19:49] [ 28%] Building CXX object third_party/abseil-cpp/absl/crc/CMakeFiles/crc32c.dir/crc32c.cc.o
[2026-10-01 06:19:49] [ 28%] Building CXX object third_party/abseil-cpp/absl/crc/CMakeFiles/crc32c.dir/internal/crc_memcpy_fallback.cc.o
[2026-10-01 06:19:49] [ 28%] Building CXX object third_party/abseil-cpp/absl/crc/CMakeFiles/crc32c.dir/internal/crc_memcpy_x86_64.cc.o
[2026-10-01 06:19:49] [ 28%] Building CXX object third_party/abseil-cpp/absl/crc/CMakeFiles/crc32c.dir/internal/crc_non_temporal_memcpy.cc.o
[2026-10-01 06:19:49] [ 28%] Linking CXX static library libabsl_crc32c.a
[2026-10-01 06:19:49] [ 28%] Built target crc32c
[2026-10-01 06:19:49] [ 29%] Building CXX object third_party/abseil-cpp/absl/crc/CMakeFiles/crc_cord_state.dir/internal/crc_cord_state.cc.o
[2026-10-01 06:19:49] [ 29%] Linking CXX static library libabsl_crc_cord_state.a
[2026-10-01 06:19:49] [ 29%] Built target crc_cord_state
[2026-10-01 06:19:49] [ 29%] Building CXX object third_party/abseil-cpp/absl/debugging/CMakeFiles/examine_stack.dir/internal/examine_stack.cc.o
[2026-10-01 06:19:49] [ 29%] Linking CXX static library libabsl_examine_stack.a
[2026-10-01 06:19:49] [ 29%] Built target examine_stack
[2026-10-01 06:19:49] [ 29%] Building CXX object third_party/abseil-cpp/absl/debugging/CMakeFiles/leak_check.dir/leak_check.cc.o
[2026-10-01 06:19:49] [ 29%] Linking CXX static library libabsl_leak_check.a
[2026-10-01 06:19:49] [ 29%] Built target leak_check
[2026-10-01 06:19:49] [ 30%] Building CXX object third_party/abseil-cpp/absl/flags/CMakeFiles/flags_program_name.dir/internal/program_name.cc.o
[2026-10-01 06:19:49] [ 30%] Linking CXX static library libabsl_flags_program_name.a
[2026-10-01 06:19:49] [ 30%] Built target flags_program_name
[2026-10-01 06:19:49] [ 31%] Building CXX object third_party/abseil-cpp/absl/flags/CMakeFiles/flags_config.dir/usage_config.cc.o
[2026-10-01 06:19:49] [ 31%] Linking CXX static library libabsl_flags_config.a
[2026-10-01 06:19:49] [ 31%] Built target flags_config
[2026-10-01 06:19:49] [ 31%] Building CXX object third_party/abseil-cpp/absl/flags/CMakeFiles/flags_marshalling.dir/marshalling.cc.o
[2026-10-01 06:19:49] [ 32%] Linking CXX static library libabsl_flags_marshalling.a
[2026-10-01 06:19:49] [ 32%] Built target flags_marshalling
[2026-10-01 06:19:49] [ 32%] Building CXX object third_party/abseil-cpp/absl/flags/CMakeFiles/flags_commandlineflag_internal.dir/internal/commandlineflag.cc.o
[2026-10-01 06:19:49] [ 32%] Linking CXX static library libabsl_flags_commandlineflag_internal.a
[2026-10-01 06:19:49] [ 32%] Built target flags_commandlineflag_internal
[2026-10-01 06:19:49] [ 33%] Building CXX object third_party/abseil-cpp/absl/flags/CMakeFiles/flags_commandlineflag.dir/commandlineflag.cc.o
[2026-10-01 06:19:49] [ 33%] Linking CXX static library libabsl_flags_commandlineflag.a
[2026-10-01 06:19:49] [ 33%] Built target flags_commandlineflag
[2026-10-01 06:19:49] [ 33%] Building CXX object third_party/abseil-cpp/absl/flags/CMakeFiles/flags_private_handle_accessor.dir/internal/private_handle_accessor.cc.o
[2026-10-01 06:19:49] [ 33%] Linking CXX static library libabsl_flags_private_handle_accessor.a
[2026-10-01 06:19:49] [ 33%] Built target flags_private_handle_accessor
[2026-10-01 06:19:49] [ 33%] Building CXX object third_party/abseil-cpp/absl/strings/CMakeFiles/cord_internal.dir/internal/cord_internal.cc.o
[2026-10-01 06:19:49] [ 33%] Building CXX object third_party/abseil-cpp/absl/strings/CMakeFiles/cord_internal.dir/internal/cord_rep_btree.cc.o
[2026-10-01 06:19:49] [ 34%] Building CXX object third_party/abseil-cpp/absl/strings/CMakeFiles/cord_internal.dir/internal/cord_rep_btree_navigator.cc.o
[2026-10-01 06:19:49] [ 34%] Building CXX object third_party/abseil-cpp/absl/strings/CMakeFiles/cord_internal.dir/internal/cord_rep_btree_reader.cc.o
[2026-10-01 06:19:49] [ 34%] Building CXX object third_party/abseil-cpp/absl/strings/CMakeFiles/cord_internal.dir/internal/cord_rep_crc.cc.o
[2026-10-01 06:19:49] [ 34%] Building CXX object third_party/abseil-cpp/absl/strings/CMakeFiles/cord_internal.dir/internal/cord_rep_consume.cc.o
[2026-10-01 06:19:49] [ 34%] Building CXX object third_party/abseil-cpp/absl/strings/CMakeFiles/cord_internal.dir/internal/cord_rep_ring.cc.o
[2026-10-01 06:19:49] [ 35%] Linking CXX static library libabsl_cord_internal.a
[2026-10-01 06:19:49] [ 35%] Built target cord_internal
[2026-10-01 06:19:49] [ 35%] Building CXX object third_party/abseil-cpp/absl/strings/CMakeFiles/cordz_functions.dir/internal/cordz_functions.cc.o
[2026-10-01 06:19:49] [ 35%] Linking CXX static library libabsl_cordz_functions.a
[2026-10-01 06:19:49] [ 35%] Built target cordz_functions
[2026-10-01 06:19:49] [ 35%] Building CXX object third_party/abseil-cpp/absl/strings/CMakeFiles/cordz_handle.dir/internal/cordz_handle.cc.o
[2026-10-01 06:19:49] [ 35%] Linking CXX static library libabsl_cordz_handle.a
[2026-10-01 06:19:49] [ 35%] Built target cordz_handle
[2026-10-01 06:19:49] [ 36%] Building CXX object third_party/abseil-cpp/absl/strings/CMakeFiles/cordz_info.dir/internal/cordz_info.cc.o
[2026-10-01 06:19:49] [ 36%] Linking CXX static library libabsl_cordz_info.a
[2026-10-01 06:19:49] [ 36%] Built target cordz_info
[2026-10-01 06:19:49] [ 36%] Building CXX object third_party/abseil-cpp/absl/strings/CMakeFiles/cord.dir/cord.cc.o
[2026-10-01 06:19:49] [ 36%] Building CXX object third_party/abseil-cpp/absl/strings/CMakeFiles/cord.dir/cord_analysis.cc.o
[2026-10-01 06:19:49] [ 37%] Building CXX object third_party/abseil-cpp/absl/strings/CMakeFiles/cord.dir/cord_buffer.cc.o
[2026-10-01 06:19:49] [ 37%] Linking CXX static library libabsl_cord.a
[2026-10-01 06:19:49] [ 37%] Built target cord
[2026-10-01 06:19:49] [ 37%] Building CXX object third_party/abseil-cpp/absl/flags/CMakeFiles/flags_reflection.dir/reflection.cc.o
[2026-10-01 06:19:49] [ 37%] Linking CXX static library libabsl_flags_reflection.a
[2026-10-01 06:19:49] [ 37%] Built target flags_reflection
[2026-10-01 06:19:49] [ 37%] Building CXX object third_party/abseil-cpp/absl/flags/CMakeFiles/flags_internal.dir/internal/flag.cc.o
[2026-10-01 06:19:49] [ 37%] Linking CXX static library libabsl_flags_internal.a
[2026-10-01 06:19:49] [ 37%] Built target flags_internal
[2026-10-01 06:19:49] [ 37%] Building CXX object third_party/abseil-cpp/absl/flags/CMakeFiles/flags.dir/flag.cc.o
[2026-10-01 06:19:49] [ 37%] Linking CXX static library libabsl_flags.a
[2026-10-01 06:19:49] [ 37%] Built target flags
[2026-10-01 06:19:49] [ 37%] Building CXX object third_party/abseil-cpp/absl/log/CMakeFiles/log_internal_globals.dir/internal/globals.cc.o
[2026-10-01 06:19:49] [ 38%] Linking CXX static library libabsl_log_internal_globals.a
[2026-10-01 06:19:49] [ 38%] Built target log_internal_globals
[2026-10-01 06:19:49] [ 38%] Building CXX object third_party/abseil-cpp/absl/log/CMakeFiles/log_internal_format.dir/internal/log_format.cc.o
[2026-10-01 06:19:49] [ 38%] Linking CXX static library libabsl_log_internal_format.a
[2026-10-01 06:19:49] [ 38%] Built target log_internal_format
[2026-10-01 06:19:49] [ 38%] Building CXX object third_party/abseil-cpp/absl/log/CMakeFiles/log_internal_proto.dir/internal/proto.cc.o
[2026-10-01 06:19:49] [ 38%] Linking CXX static library libabsl_log_internal_proto.a
[2026-10-01 06:19:49] [ 38%] Built target log_internal_proto
[2026-10-01 06:19:49] [ 38%] Building CXX object third_party/abseil-cpp/absl/log/CMakeFiles/log_globals.dir/globals.cc.o
[2026-10-01 06:19:49] [ 38%] Linking CXX static library libabsl_log_globals.a
[2026-10-01 06:19:49] [ 38%] Built target log_globals
[2026-10-01 06:19:49] [ 38%] Building CXX object third_party/abseil-cpp/absl/log/CMakeFiles/log_entry.dir/log_entry.cc.o
[2026-10-01 06:19:49] [ 39%] Linking CXX static library libabsl_log_entry.a
[2026-10-01 06:19:49] [ 39%] Built target log_entry
[2026-10-01 06:19:49] [ 39%] Building CXX object third_party/abseil-cpp/absl/log/CMakeFiles/log_sink.dir/log_sink.cc.o
[2026-10-01 06:19:49] [ 39%] Linking CXX static library libabsl_log_sink.a
[2026-10-01 06:19:49] [ 39%] Built target log_sink
[2026-10-01 06:19:49] [ 39%] Building CXX object third_party/abseil-cpp/absl/log/CMakeFiles/log_internal_log_sink_set.dir/internal/log_sink_set.cc.o
[2026-10-01 06:19:49] [ 39%] Linking CXX static library libabsl_log_internal_log_sink_set.a
[2026-10-01 06:19:49] [ 39%] Built target log_internal_log_sink_set
[2026-10-01 06:19:49] [ 40%] Building CXX object third_party/abseil-cpp/absl/log/CMakeFiles/log_internal_nullguard.dir/internal/nullguard.cc.o
[2026-10-01 06:19:49] [ 40%] Linking CXX static library libabsl_log_internal_nullguard.a
[2026-10-01 06:19:49] [ 40%] Built target log_internal_nullguard
[2026-10-01 06:19:49] [ 40%] Building CXX object third_party/abseil-cpp/absl/log/CMakeFiles/log_internal_message.dir/internal/log_message.cc.o
[2026-10-01 06:19:49] [ 40%] Linking CXX static library libabsl_log_internal_message.a
[2026-10-01 06:19:49] [ 40%] Built target log_internal_message
[2026-10-01 06:19:49] [ 40%] Building CXX object third_party/abseil-cpp/absl/log/CMakeFiles/log_internal_check_op.dir/internal/check_op.cc.o
[2026-10-01 06:19:49] [ 40%] Linking CXX static library libabsl_log_internal_check_op.a
[2026-10-01 06:19:49] [ 40%] Built target log_internal_check_op
[2026-10-01 06:19:49] [ 41%] Building CXX object third_party/abseil-cpp/absl/log/CMakeFiles/log_internal_conditions.dir/internal/conditions.cc.o
[2026-10-01 06:19:49] [ 41%] Linking CXX static library libabsl_log_internal_conditions.a
[2026-10-01 06:19:49] [ 41%] Built target log_internal_conditions
[2026-10-01 06:19:49] [ 41%] Building CXX object third_party/abseil-cpp/absl/log/CMakeFiles/die_if_null.dir/die_if_null.cc.o
[2026-10-01 06:19:49] [ 42%] Linking CXX static library libabsl_die_if_null.a
[2026-10-01 06:19:49] [ 42%] Built target die_if_null
[2026-10-01 06:19:49] [ 43%] Building CXX object third_party/abseil-cpp/absl/log/CMakeFiles/log_initialize.dir/initialize.cc.o
[2026-10-01 06:19:49] [ 43%] Linking CXX static library libabsl_log_initialize.a
[2026-10-01 06:19:49] [ 43%] Built target log_initialize
[2026-10-01 06:19:49] [ 44%] Building CXX object third_party/abseil-cpp/absl/status/CMakeFiles/status.dir/status.cc.o
[2026-10-01 06:19:49] [ 44%] Building CXX object third_party/abseil-cpp/absl/status/CMakeFiles/status.dir/status_payload_printer.cc.o
[2026-10-01 06:19:49] [ 44%] Linking CXX static library libabsl_status.a
[2026-10-01 06:19:49] [ 44%] Built target status
[2026-10-01 06:19:49] [ 44%] Building CXX object third_party/abseil-cpp/absl/status/CMakeFiles/statusor.dir/statusor.cc.o
[2026-10-01 06:19:49] [ 44%] Linking CXX static library libabsl_statusor.a
[2026-10-01 06:19:49] [ 44%] Built target statusor
[2026-10-01 06:19:49] [ 44%] Building CXX object CMakeFiles/libprotobuf-lite.dir/src/google/protobuf/any_lite.cc.o
[2026-10-01 06:19:49] [ 44%] Building CXX object CMakeFiles/libprotobuf-lite.dir/src/google/protobuf/arena.cc.o
[2026-10-01 06:19:49] [ 45%] Building CXX object CMakeFiles/libprotobuf-lite.dir/src/google/protobuf/arena_align.cc.o
[2026-10-01 06:19:49] [ 45%] Building CXX object CMakeFiles/libprotobuf-lite.dir/src/google/protobuf/arenastring.cc.o
[2026-10-01 06:19:49] [ 45%] Building CXX object CMakeFiles/libprotobuf-lite.dir/src/google/protobuf/arenaz_sampler.cc.o
[2026-10-01 06:19:49] [ 45%] Building CXX object CMakeFiles/libprotobuf-lite.dir/src/google/protobuf/extension_set.cc.o
[2026-10-01 06:19:49] [ 46%] Building CXX object CMakeFiles/libprotobuf-lite.dir/src/google/protobuf/generated_enum_util.cc.o
[2026-10-01 06:19:49] [ 46%] Building CXX object CMakeFiles/libprotobuf-lite.dir/src/google/protobuf/generated_message_tctable_lite.cc.o
[2026-10-01 06:19:49] In file included from /mnt/workspace/hc-pre-reduction-20260930/batch-comb-source-baseline/csrc/third_party/ascend_protobuf/src/google/protobuf/generated_message_tctable_decl.h:22,
[2026-10-01 06:19:49]                  from /mnt/workspace/hc-pre-reduction-20260930/batch-comb-source-baseline/csrc/third_party/ascend_protobuf/src/google/protobuf/generated_message_tctable_lite.cc:22:
[2026-10-01 06:19:49] /mnt/workspace/hc-pre-reduction-20260930/batch-comb-source-baseline/csrc/third_party/ascend_protobuf/src/google/protobuf/parse_context.h:1125:1: warning: always_inline function might not be inlinable [-Wattributes]
[2026-10-01 06:19:49]  1125 | ParseContext::ParseLengthDelimitedInlined(const char* ptr, const Func& func) {
[2026-10-01 06:19:49]       | ^~~~~~~~~~~~
[2026-10-01 06:19:49] /mnt/workspace/hc-pre-reduction-20260930/batch-comb-source-baseline/csrc/third_party/ascend_protobuf/src/google/protobuf/parse_context.h:1125:1: warning: always_inline function might not be inlinable [-Wattributes]
[2026-10-01 06:19:49] /mnt/workspace/hc-pre-reduction-20260930/batch-comb-source-baseline/csrc/third_party/ascend_protobuf/src/google/protobuf/generated_message_tctable_lite.cc:830:36: warning: always_inline function might not be inlinable [-Wattributes]
[2026-10-01 06:19:49]   830 | PROTOBUF_ALWAYS_INLINE const char* TcParser::FastVarintS1(
[2026-10-01 06:19:49]       |                                    ^~~~~~~~
[2026-10-01 06:19:49] /mnt/workspace/hc-pre-reduction-20260930/batch-comb-source-baseline/csrc/third_party/ascend_protobuf/src/google/protobuf/generated_message_tctable_lite.cc:830:36: warning: always_inline function might not be inlinable [-Wattributes]
[2026-10-01 06:19:49] /mnt/workspace/hc-pre-reduction-20260930/batch-comb-source-baseline/csrc/third_party/ascend_protobuf/src/google/protobuf/generated_message_tctable_lite.cc:753:29: warning: always_inline function might not be inlinable [-Wattributes]
[2026-10-01 06:19:49]   753 | PROTOBUF_ALWAYS_INLINE bool EnumIsValidAux(int32_t val, uint16_t xform_val,
[2026-10-01 06:19:49]       |                             ^~~~~~~~~~~~~~
[2026-10-01 06:19:49] /mnt/workspace/hc-pre-reduction-20260930/batch-comb-source-baseline/csrc/third_party/ascend_protobuf/src/google/protobuf/generated_message_tctable_lite.cc:741:29: warning: always_inline function might not be inlinable [-Wattributes]
[2026-10-01 06:19:49]   741 | PROTOBUF_ALWAYS_INLINE void PrefetchEnumData(uint16_t xform_val,
[2026-10-01 06:19:49]       |                             ^~~~~~~~~~~~~~~~
[2026-10-01 06:19:49] [ 46%] Building CXX object CMakeFiles/libprotobuf-lite.dir/src/google/protobuf/generated_message_util.cc.o
[2026-10-01 06:19:49] [ 46%] Building CXX object CMakeFiles/libprotobuf-lite.dir/src/google/protobuf/implicit_weak_message.cc.o
[2026-10-01 06:19:49] [ 46%] Building CXX object CMakeFiles/libprotobuf-lite.dir/src/google/protobuf/inlined_string_field.cc.o
[2026-10-01 06:19:49] [ 47%] Building CXX object CMakeFiles/libprotobuf-lite.dir/src/google/protobuf/io/coded_stream.cc.o
[2026-10-01 06:19:49] [ 47%] Building CXX object CMakeFiles/libprotobuf-lite.dir/src/google/protobuf/io/io_win32.cc.o
[2026-10-01 06:19:49] [ 47%] Building CXX object CMakeFiles/libprotobuf-lite.dir/src/google/protobuf/io/zero_copy_stream.cc.o
[2026-10-01 06:19:49] [ 47%] Building CXX object CMakeFiles/libprotobuf-lite.dir/src/google/protobuf/io/zero_copy_stream_impl.cc.o
[2026-10-01 06:19:49] [ 48%] Building CXX object CMakeFiles/libprotobuf-lite.dir/src/google/protobuf/io/zero_copy_stream_impl_lite.cc.o
[2026-10-01 06:19:49] [ 48%] Building CXX object CMakeFiles/libprotobuf-lite.dir/src/google/protobuf/map.cc.o
[2026-10-01 06:19:49] [ 48%] Building CXX object CMakeFiles/libprotobuf-lite.dir/src/google/protobuf/message_lite.cc.o
[2026-10-01 06:19:49] /mnt/workspace/hc-pre-reduction-20260930/batch-comb-source-baseline/csrc/third_party/ascend_protobuf/src/google/protobuf/message_lite.cc: In member function ‘int ascend_private::protobuf::MessageLite::GetCachedSize() const’:
[2026-10-01 06:19:49] /mnt/workspace/hc-pre-reduction-20260930/batch-comb-source-baseline/csrc/third_party/ascend_protobuf/src/google/protobuf/message_lite.cc:69:71: warning: ‘int ascend_private::protobuf::MessageLite::ByteSize() const’ is deprecated: Please use ByteSizeLong() instead [-Wdeprecated-declarations]
[2026-10-01 06:19:49]    69 |   if (PROTOBUF_PREDICT_FALSE(cached_size == nullptr)) return ByteSize();
[2026-10-01 06:19:49]       |                                                                       ^
[2026-10-01 06:19:49] In file included from /mnt/workspace/hc-pre-reduction-20260930/batch-comb-source-baseline/csrc/third_party/ascend_protobuf/src/google/protobuf/message_lite.cc:13:
[2026-10-01 06:19:49] /mnt/workspace/hc-pre-reduction-20260930/batch-comb-source-baseline/csrc/third_party/ascend_protobuf/src/google/protobuf/message_lite.h:454:59: note: declared here
[2026-10-01 06:19:49]   454 |   [[deprecated("Please use ByteSizeLong() instead")]] int ByteSize() const {
[2026-10-01 06:19:49]       |                                                           ^~~~~~~~
[2026-10-01 06:19:49] [ 48%] Building CXX object CMakeFiles/libprotobuf-lite.dir/src/google/protobuf/parse_context.cc.o
[2026-10-01 06:19:49] [ 48%] Building CXX object CMakeFiles/libprotobuf-lite.dir/src/google/protobuf/port.cc.o
[2026-10-01 06:19:49] [ 49%] Building CXX object CMakeFiles/libprotobuf-lite.dir/src/google/protobuf/raw_ptr.cc.o
[2026-10-01 06:19:49] [ 49%] Building CXX object CMakeFiles/libprotobuf-lite.dir/src/google/protobuf/repeated_field.cc.o
[2026-10-01 06:19:49] [ 49%] Building CXX object CMakeFiles/libprotobuf-lite.dir/src/google/protobuf/repeated_ptr_field.cc.o
[2026-10-01 06:19:49] [ 49%] Building CXX object CMakeFiles/libprotobuf-lite.dir/src/google/protobuf/stubs/common.cc.o
[2026-10-01 06:19:49] [ 50%] Building CXX object CMakeFiles/libprotobuf-lite.dir/src/google/protobuf/wire_format_lite.cc.o
[2026-10-01 06:19:49] [ 50%] Linking CXX static library libascend_protobuf-lite.a
[2026-10-01 06:19:49] [ 50%] Built target libprotobuf-lite
[2026-10-01 06:19:49] [ 50%] Building CXX object CMakeFiles/libprotobuf.dir/src/google/protobuf/any.pb.cc.o
[2026-10-01 06:19:49] [ 51%] Building CXX object CMakeFiles/libprotobuf.dir/src/google/protobuf/api.pb.cc.o
[2026-10-01 06:19:49] [ 51%] Building CXX object CMakeFiles/libprotobuf.dir/src/google/protobuf/duration.pb.cc.o
[2026-10-01 06:19:49] [ 51%] Building CXX object CMakeFiles/libprotobuf.dir/src/google/protobuf/empty.pb.cc.o
[2026-10-01 06:19:49] [ 51%] Building CXX object CMakeFiles/libprotobuf.dir/src/google/protobuf/field_mask.pb.cc.o
[2026-10-01 06:19:49] [ 51%] Building CXX object CMakeFiles/libprotobuf.dir/src/google/protobuf/source_context.pb.cc.o
[2026-10-01 06:19:49] [ 52%] Building CXX object CMakeFiles/libprotobuf.dir/src/google/protobuf/struct.pb.cc.o
[2026-10-01 06:19:49] [ 52%] Building CXX object CMakeFiles/libprotobuf.dir/src/google/protobuf/timestamp.pb.cc.o
[2026-10-01 06:19:49] [ 52%] Building CXX object CMakeFiles/libprotobuf.dir/src/google/protobuf/type.pb.cc.o
[2026-10-01 06:19:49] [ 52%] Building CXX object CMakeFiles/libprotobuf.dir/src/google/protobuf/wrappers.pb.cc.o
[2026-10-01 06:19:49] [ 52%] Building CXX object CMakeFiles/libprotobuf.dir/src/google/protobuf/any.cc.o
[2026-10-01 06:19:49] [ 53%] Building CXX object CMakeFiles/libprotobuf.dir/src/google/protobuf/any_lite.cc.o
[2026-10-01 06:19:49] [ 53%] Building CXX object CMakeFiles/libprotobuf.dir/src/google/protobuf/arena.cc.o
[2026-10-01 06:19:49] [ 53%] Building CXX object CMakeFiles/libprotobuf.dir/src/google/protobuf/arena_align.cc.o
[2026-10-01 06:19:49] [ 53%] Building CXX object CMakeFiles/libprotobuf.dir/src/google/protobuf/arenastring.cc.o
[2026-10-01 06:19:49] [ 54%] Building CXX object CMakeFiles/libprotobuf.dir/src/google/protobuf/arenaz_sampler.cc.o
[2026-10-01 06:19:49] [ 54%] Building CXX object CMakeFiles/libprotobuf.dir/src/google/protobuf/compiler/importer.cc.o
[2026-10-01 06:19:49] [ 54%] Building CXX object CMakeFiles/libprotobuf.dir/src/google/protobuf/compiler/parser.cc.o
[2026-10-01 06:19:49] [ 54%] Building CXX object CMakeFiles/libprotobuf.dir/src/google/protobuf/cpp_features.pb.cc.o
[2026-10-01 06:19:49] [ 54%] Building CXX object CMakeFiles/libprotobuf.dir/src/google/protobuf/descriptor.cc.o
[2026-10-01 06:19:49] [ 55%] Building CXX object CMakeFiles/libprotobuf.dir/src/google/protobuf/descriptor.pb.cc.o
[2026-10-01 06:19:49] [ 55%] Building CXX object CMakeFiles/libprotobuf.dir/src/google/protobuf/descriptor_database.cc.o
[2026-10-01 06:19:49] [ 55%] Building CXX object CMakeFiles/libprotobuf.dir/src/google/protobuf/dynamic_message.cc.o
[2026-10-01 06:19:49] [ 55%] Building CXX object CMakeFiles/libprotobuf.dir/src/google/protobuf/extension_set.cc.o
[2026-10-01 06:19:49] [ 56%] Building CXX object CMakeFiles/libprotobuf.dir/src/google/protobuf/extension_set_heavy.cc.o
[2026-10-01 06:19:49] [ 56%] Building CXX object CMakeFiles/libprotobuf.dir/src/google/protobuf/feature_resolver.cc.o
[2026-10-01 06:19:49] [ 56%] Building CXX object CMakeFiles/libprotobuf.dir/src/google/protobuf/generated_enum_util.cc.o
[2026-10-01 06:19:49] [ 56%] Building CXX object CMakeFiles/libprotobuf.dir/src/google/protobuf/generated_message_bases.cc.o
[2026-10-01 06:19:49] [ 56%] Building CXX object CMakeFiles/libprotobuf.dir/src/google/protobuf/generated_message_reflection.cc.o
[2026-10-01 06:19:49] [ 57%] Building CXX object CMakeFiles/libprotobuf.dir/src/google/protobuf/generated_message_tctable_full.cc.o
[2026-10-01 06:19:49] [ 57%] Building CXX object CMakeFiles/libprotobuf.dir/src/google/protobuf/generated_message_tctable_gen.cc.o
[2026-10-01 06:19:49] [ 57%] Building CXX object CMakeFiles/libprotobuf.dir/src/google/protobuf/generated_message_tctable_lite.cc.o
[2026-10-01 06:19:49] In file included from /mnt/workspace/hc-pre-reduction-20260930/batch-comb-source-baseline/csrc/third_party/ascend_protobuf/src/google/protobuf/generated_message_tctable_decl.h:22,
[2026-10-01 06:19:49]                  from /mnt/workspace/hc-pre-reduction-20260930/batch-comb-source-baseline/csrc/third_party/ascend_protobuf/src/google/protobuf/generated_message_tctable_lite.cc:22:
[2026-10-01 06:19:49] /mnt/workspace/hc-pre-reduction-20260930/batch-comb-source-baseline/csrc/third_party/ascend_protobuf/src/google/protobuf/parse_context.h:1125:1: warning: always_inline function might not be inlinable [-Wattributes]
[2026-10-01 06:19:49]  1125 | ParseContext::ParseLengthDelimitedInlined(const char* ptr, const Func& func) {
[2026-10-01 06:19:49]       | ^~~~~~~~~~~~
[2026-10-01 06:19:49] /mnt/workspace/hc-pre-reduction-20260930/batch-comb-source-baseline/csrc/third_party/ascend_protobuf/src/google/protobuf/parse_context.h:1125:1: warning: always_inline function might not be inlinable [-Wattributes]
[2026-10-01 06:19:49] /mnt/workspace/hc-pre-reduction-20260930/batch-comb-source-baseline/csrc/third_party/ascend_protobuf/src/google/protobuf/generated_message_tctable_lite.cc:830:36: warning: always_inline function might not be inlinable [-Wattributes]
[2026-10-01 06:19:49]   830 | PROTOBUF_ALWAYS_INLINE const char* TcParser::FastVarintS1(
[2026-10-01 06:19:49]       |                                    ^~~~~~~~
[2026-10-01 06:19:49] /mnt/workspace/hc-pre-reduction-20260930/batch-comb-source-baseline/csrc/third_party/ascend_protobuf/src/google/protobuf/generated_message_tctable_lite.cc:830:36: warning: always_inline function might not be inlinable [-Wattributes]
[2026-10-01 06:19:49] /mnt/workspace/hc-pre-reduction-20260930/batch-comb-source-baseline/csrc/third_party/ascend_protobuf/src/google/protobuf/generated_message_tctable_lite.cc:753:29: warning: always_inline function might not be inlinable [-Wattributes]
[2026-10-01 06:19:49]   753 | PROTOBUF_ALWAYS_INLINE bool EnumIsValidAux(int32_t val, uint16_t xform_val,
[2026-10-01 06:19:49]       |                             ^~~~~~~~~~~~~~
[2026-10-01 06:19:49] /mnt/workspace/hc-pre-reduction-20260930/batch-comb-source-baseline/csrc/third_party/ascend_protobuf/src/google/protobuf/generated_message_tctable_lite.cc:741:29: warning: always_inline function might not be inlinable [-Wattributes]
[2026-10-01 06:19:49]   741 | PROTOBUF_ALWAYS_INLINE void PrefetchEnumData(uint16_t xform_val,
[2026-10-01 06:19:49]       |                             ^~~~~~~~~~~~~~~~
[2026-10-01 06:19:49] [ 57%] Building CXX object CMakeFiles/libprotobuf.dir/src/google/protobuf/generated_message_util.cc.o
[2026-10-01 06:19:49] [ 57%] Building CXX object CMakeFiles/libprotobuf.dir/src/google/protobuf/implicit_weak_message.cc.o
[2026-10-01 06:19:49] [ 58%] Building CXX object CMakeFiles/libprotobuf.dir/src/google/protobuf/inlined_string_field.cc.o
[2026-10-01 06:19:49] [ 58%] Building CXX object CMakeFiles/libprotobuf.dir/src/google/protobuf/internal_message_util.cc.o
[2026-10-01 06:19:49] [ 58%] Building CXX object CMakeFiles/libprotobuf.dir/src/google/protobuf/io/coded_stream.cc.o
[2026-10-01 06:19:49] [ 58%] Building CXX object CMakeFiles/libprotobuf.dir/src/google/protobuf/io/gzip_stream.cc.o
[2026-10-01 06:19:49] [ 59%] Building CXX object CMakeFiles/libprotobuf.dir/src/google/protobuf/io/io_win32.cc.o
[2026-10-01 06:19:49] [ 59%] Building CXX object CMakeFiles/libprotobuf.dir/src/google/protobuf/io/printer.cc.o
[2026-10-01 06:19:49] [ 59%] Building CXX object CMakeFiles/libprotobuf.dir/src/google/protobuf/io/strtod.cc.o
[2026-10-01 06:19:49] [ 59%] Building CXX object CMakeFiles/libprotobuf.dir/src/google/protobuf/io/tokenizer.cc.o
[2026-10-01 06:19:49] [ 59%] Building CXX object CMakeFiles/libprotobuf.dir/src/google/protobuf/io/zero_copy_sink.cc.o
[2026-10-01 06:19:49] [ 60%] Building CXX object CMakeFiles/libprotobuf.dir/src/google/protobuf/io/zero_copy_stream.cc.o
[2026-10-01 06:19:49] [ 60%] Building CXX object CMakeFiles/libprotobuf.dir/src/google/protobuf/io/zero_copy_stream_impl.cc.o
[2026-10-01 06:19:49] [ 60%] Building CXX object CMakeFiles/libprotobuf.dir/src/google/protobuf/io/zero_copy_stream_impl_lite.cc.o
[2026-10-01 06:19:49] [ 60%] Building CXX object CMakeFiles/libprotobuf.dir/src/google/protobuf/json/internal/lexer.cc.o
[2026-10-01 06:19:49] [ 61%] Building CXX object CMakeFiles/libprotobuf.dir/src/google/protobuf/json/internal/message_path.cc.o
[2026-10-01 06:19:49] [ 61%] Building CXX object CMakeFiles/libprotobuf.dir/src/google/protobuf/json/internal/parser.cc.o
[2026-10-01 06:19:49] [ 61%] Building CXX object CMakeFiles/libprotobuf.dir/src/google/protobuf/json/internal/unparser.cc.o
[2026-10-01 06:19:49] [ 61%] Building CXX object CMakeFiles/libprotobuf.dir/src/google/protobuf/json/internal/untyped_message.cc.o
[2026-10-01 06:19:49] [ 61%] Building CXX object CMakeFiles/libprotobuf.dir/src/google/protobuf/json/internal/writer.cc.o
[2026-10-01 06:19:49] [ 62%] Building CXX object CMakeFiles/libprotobuf.dir/src/google/protobuf/json/internal/zero_copy_buffered_stream.cc.o
[2026-10-01 06:19:49] [ 62%] Building CXX object CMakeFiles/libprotobuf.dir/src/google/protobuf/json/json.cc.o
[2026-10-01 06:19:49] [ 62%] Building CXX object CMakeFiles/libprotobuf.dir/src/google/protobuf/map.cc.o
[2026-10-01 06:19:49] [ 62%] Building CXX object CMakeFiles/libprotobuf.dir/src/google/protobuf/map_field.cc.o
[2026-10-01 06:19:49] [ 62%] Building CXX object CMakeFiles/libprotobuf.dir/src/google/protobuf/message.cc.o
[2026-10-01 06:19:49] [ 63%] Building CXX object CMakeFiles/libprotobuf.dir/src/google/protobuf/message_lite.cc.o
[2026-10-01 06:19:49] /mnt/workspace/hc-pre-reduction-20260930/batch-comb-source-baseline/csrc/third_party/ascend_protobuf/src/google/protobuf/message_lite.cc: In member function ‘int ascend_private::protobuf::MessageLite::GetCachedSize() const’:
[2026-10-01 06:19:49] /mnt/workspace/hc-pre-reduction-20260930/batch-comb-source-baseline/csrc/third_party/ascend_protobuf/src/google/protobuf/message_lite.cc:69:71: warning: ‘int ascend_private::protobuf::MessageLite::ByteSize() const’ is deprecated: Please use ByteSizeLong() instead [-Wdeprecated-declarations]
[2026-10-01 06:19:49]    69 |   if (PROTOBUF_PREDICT_FALSE(cached_size == nullptr)) return ByteSize();
[2026-10-01 06:19:49]       |                                                                       ^
[2026-10-01 06:19:49] In file included from /mnt/workspace/hc-pre-reduction-20260930/batch-comb-source-baseline/csrc/third_party/ascend_protobuf/src/google/protobuf/message_lite.cc:13:
[2026-10-01 06:19:49] /mnt/workspace/hc-pre-reduction-20260930/batch-comb-source-baseline/csrc/third_party/ascend_protobuf/src/google/protobuf/message_lite.h:454:59: note: declared here
[2026-10-01 06:19:49]   454 |   [[deprecated("Please use ByteSizeLong() instead")]] int ByteSize() const {
[2026-10-01 06:19:49]       |                                                           ^~~~~~~~
[2026-10-01 06:19:49] [ 63%] Building CXX object CMakeFiles/libprotobuf.dir/src/google/protobuf/parse_context.cc.o
[2026-10-01 06:19:49] [ 63%] Building CXX object CMakeFiles/libprotobuf.dir/src/google/protobuf/port.cc.o
[2026-10-01 06:19:49] [ 63%] Building CXX object CMakeFiles/libprotobuf.dir/src/google/protobuf/raw_ptr.cc.o
[2026-10-01 06:19:49] [ 64%] Building CXX object CMakeFiles/libprotobuf.dir/src/google/protobuf/reflection_mode.cc.o
[2026-10-01 06:19:49] [ 64%] Building CXX object CMakeFiles/libprotobuf.dir/src/google/protobuf/reflection_ops.cc.o
[2026-10-01 06:19:49] [ 64%] Building CXX object CMakeFiles/libprotobuf.dir/src/google/protobuf/repeated_field.cc.o
[2026-10-01 06:19:49] [ 64%] Building CXX object CMakeFiles/libprotobuf.dir/src/google/protobuf/repeated_ptr_field.cc.o
[2026-10-01 06:19:49] [ 64%] Building CXX object CMakeFiles/libprotobuf.dir/src/google/protobuf/service.cc.o
[2026-10-01 06:19:49] [ 65%] Building CXX object CMakeFiles/libprotobuf.dir/src/google/protobuf/stubs/common.cc.o
[2026-10-01 06:19:49] [ 65%] Building CXX object CMakeFiles/libprotobuf.dir/src/google/protobuf/text_format.cc.o
[2026-10-01 06:19:49] [ 65%] Building CXX object CMakeFiles/libprotobuf.dir/src/google/protobuf/unknown_field_set.cc.o
[2026-10-01 06:19:49] [ 65%] Building CXX object CMakeFiles/libprotobuf.dir/src/google/protobuf/util/delimited_message_util.cc.o
[2026-10-01 06:19:49] [ 66%] Building CXX object CMakeFiles/libprotobuf.dir/src/google/protobuf/util/field_comparator.cc.o
[2026-10-01 06:19:49] [ 66%] Building CXX object CMakeFiles/libprotobuf.dir/src/google/protobuf/util/field_mask_util.cc.o
[2026-10-01 06:19:49] [ 66%] Building CXX object CMakeFiles/libprotobuf.dir/src/google/protobuf/util/message_differencer.cc.o
[2026-10-01 06:19:49] [ 66%] Building CXX object CMakeFiles/libprotobuf.dir/src/google/protobuf/util/time_util.cc.o
[2026-10-01 06:19:49] [ 66%] Building CXX object CMakeFiles/libprotobuf.dir/src/google/protobuf/util/type_resolver_util.cc.o
[2026-10-01 06:19:49] [ 67%] Building CXX object CMakeFiles/libprotobuf.dir/src/google/protobuf/wire_format.cc.o
[2026-10-01 06:19:49] [ 67%] Building CXX object CMakeFiles/libprotobuf.dir/src/google/protobuf/wire_format_lite.cc.o
[2026-10-01 06:19:49] [ 67%] Linking CXX static library libascend_protobuf.a
[2026-10-01 06:19:49] [ 67%] Built target libprotobuf
[2026-10-01 06:19:49] [ 67%] Building CXX object CMakeFiles/libprotoc.dir/src/google/protobuf/compiler/allowlists/editions.cc.o
[2026-10-01 06:19:49] [ 67%] Building CXX object CMakeFiles/libprotoc.dir/src/google/protobuf/compiler/allowlists/empty_package.cc.o
[2026-10-01 06:19:49] [ 67%] Building CXX object CMakeFiles/libprotoc.dir/src/google/protobuf/compiler/allowlists/open_enum.cc.o
[2026-10-01 06:19:49] [ 68%] Building CXX object CMakeFiles/libprotoc.dir/src/google/protobuf/compiler/allowlists/unused_imports.cc.o
[2026-10-01 06:19:49] [ 68%] Building CXX object CMakeFiles/libprotoc.dir/src/google/protobuf/compiler/allowlists/weak_imports.cc.o
[2026-10-01 06:19:49] [ 68%] Building CXX object CMakeFiles/libprotoc.dir/src/google/protobuf/compiler/code_generator.cc.o
[2026-10-01 06:19:49] [ 68%] Building CXX object CMakeFiles/libprotoc.dir/src/google/protobuf/compiler/command_line_interface.cc.o
[2026-10-01 06:19:49] [ 68%] Building CXX object CMakeFiles/libprotoc.dir/src/google/protobuf/compiler/cpp/enum.cc.o
[2026-10-01 06:19:49] [ 69%] Building CXX object CMakeFiles/libprotoc.dir/src/google/protobuf/compiler/cpp/extension.cc.o
[2026-10-01 06:19:49] [ 69%] Building CXX object CMakeFiles/libprotoc.dir/src/google/protobuf/compiler/cpp/field.cc.o
[2026-10-01 06:19:49] [ 69%] Building CXX object CMakeFiles/libprotoc.dir/src/google/protobuf/compiler/cpp/field_generators/cord_field.cc.o
[2026-10-01 06:19:49] [ 69%] Building CXX object CMakeFiles/libprotoc.dir/src/google/protobuf/compiler/cpp/field_generators/enum_field.cc.o
[2026-10-01 06:19:49] [ 70%] Building CXX object CMakeFiles/libprotoc.dir/src/google/protobuf/compiler/cpp/field_generators/map_field.cc.o
[2026-10-01 06:19:49] [ 70%] Building CXX object CMakeFiles/libprotoc.dir/src/google/protobuf/compiler/cpp/field_generators/message_field.cc.o
[2026-10-01 06:19:49] [ 70%] Building CXX object CMakeFiles/libprotoc.dir/src/google/protobuf/compiler/cpp/field_generators/primitive_field.cc.o
[2026-10-01 06:19:49] [ 70%] Building CXX object CMakeFiles/libprotoc.dir/src/google/protobuf/compiler/cpp/field_generators/string_field.cc.o
[2026-10-01 06:19:49] [ 70%] Building CXX object CMakeFiles/libprotoc.dir/src/google/protobuf/compiler/cpp/file.cc.o
[2026-10-01 06:19:49] [ 71%] Building CXX object CMakeFiles/libprotoc.dir/src/google/protobuf/compiler/cpp/generator.cc.o
[2026-10-01 06:19:49] [ 71%] Building CXX object CMakeFiles/libprotoc.dir/src/google/protobuf/compiler/cpp/helpers.cc.o
[2026-10-01 06:19:49] [ 71%] Building CXX object CMakeFiles/libprotoc.dir/src/google/protobuf/compiler/cpp/message.cc.o
[2026-10-01 06:19:49] [ 71%] Building CXX object CMakeFiles/libprotoc.dir/src/google/protobuf/compiler/cpp/padding_optimizer.cc.o
[2026-10-01 06:19:49] [ 72%] Building CXX object CMakeFiles/libprotoc.dir/src/google/protobuf/compiler/cpp/parse_function_generator.cc.o
[2026-10-01 06:19:49] [ 72%] Building CXX object CMakeFiles/libprotoc.dir/src/google/protobuf/compiler/cpp/service.cc.o
[2026-10-01 06:19:49] [ 72%] Building CXX object CMakeFiles/libprotoc.dir/src/google/protobuf/compiler/cpp/tracker.cc.o
[2026-10-01 06:19:49] [ 72%] Building CXX object CMakeFiles/libprotoc.dir/src/google/protobuf/compiler/csharp/csharp_doc_comment.cc.o
[2026-10-01 06:19:49] [ 72%] Building CXX object CMakeFiles/libprotoc.dir/src/google/protobuf/compiler/csharp/csharp_enum.cc.o
[2026-10-01 06:19:49] [ 73%] Building CXX object CMakeFiles/libprotoc.dir/src/google/protobuf/compiler/csharp/csharp_enum_field.cc.o
[2026-10-01 06:19:49] [ 73%] Building CXX object CMakeFiles/libprotoc.dir/src/google/protobuf/compiler/csharp/csharp_field_base.cc.o
[2026-10-01 06:19:49] [ 73%] Building CXX object CMakeFiles/libprotoc.dir/src/google/protobuf/compiler/csharp/csharp_generator.cc.o
[2026-10-01 06:19:49] [ 73%] Building CXX object CMakeFiles/libprotoc.dir/src/google/protobuf/compiler/csharp/csharp_helpers.cc.o
[2026-10-01 06:19:49] [ 73%] Building CXX object CMakeFiles/libprotoc.dir/src/google/protobuf/compiler/csharp/csharp_map_field.cc.o
[2026-10-01 06:19:49] [ 74%] Building CXX object CMakeFiles/libprotoc.dir/src/google/protobuf/compiler/csharp/csharp_message.cc.o
[2026-10-01 06:19:49] [ 74%] Building CXX object CMakeFiles/libprotoc.dir/src/google/protobuf/compiler/csharp/csharp_message_field.cc.o
[2026-10-01 06:19:49] [ 74%] Building CXX object CMakeFiles/libprotoc.dir/src/google/protobuf/compiler/csharp/csharp_primitive_field.cc.o
[2026-10-01 06:19:49] [ 74%] Building CXX object CMakeFiles/libprotoc.dir/src/google/protobuf/compiler/csharp/csharp_reflection_class.cc.o
[2026-10-01 06:19:49] [ 75%] Building CXX object CMakeFiles/libprotoc.dir/src/google/protobuf/compiler/csharp/csharp_repeated_enum_field.cc.o
[2026-10-01 06:19:49] [ 75%] Building CXX object CMakeFiles/libprotoc.dir/src/google/protobuf/compiler/csharp/csharp_repeated_message_field.cc.o
[2026-10-01 06:19:49] [ 75%] Building CXX object CMakeFiles/libprotoc.dir/src/google/protobuf/compiler/csharp/csharp_repeated_primitive_field.cc.o
[2026-10-01 06:19:49] [ 75%] Building CXX object CMakeFiles/libprotoc.dir/src/google/protobuf/compiler/csharp/csharp_source_generator_base.cc.o
[2026-10-01 06:19:49] [ 75%] Building CXX object CMakeFiles/libprotoc.dir/src/google/protobuf/compiler/csharp/csharp_wrapper_field.cc.o
[2026-10-01 06:19:49] [ 76%] Building CXX object CMakeFiles/libprotoc.dir/src/google/protobuf/compiler/csharp/names.cc.o
[2026-10-01 06:19:49] [ 76%] Building CXX object CMakeFiles/libprotoc.dir/src/google/protobuf/compiler/java/context.cc.o
[2026-10-01 06:19:49] [ 76%] Building CXX object CMakeFiles/libprotoc.dir/src/google/protobuf/compiler/java/doc_comment.cc.o
[2026-10-01 06:19:49] [ 76%] Building CXX object CMakeFiles/libprotoc.dir/src/google/protobuf/compiler/java/enum.cc.o
[2026-10-01 06:19:49] [ 77%] Building CXX object CMakeFiles/libprotoc.dir/src/google/protobuf/compiler/java/enum_field.cc.o
[2026-10-01 06:19:49] [ 77%] Building CXX object CMakeFiles/libprotoc.dir/src/google/protobuf/compiler/java/enum_field_lite.cc.o
[2026-10-01 06:19:49] [ 77%] Building CXX object CMakeFiles/libprotoc.dir/src/google/protobuf/compiler/java/enum_lite.cc.o
[2026-10-01 06:19:49] [ 77%] Building CXX object CMakeFiles/libprotoc.dir/src/google/protobuf/compiler/java/extension.cc.o
[2026-10-01 06:19:49] [ 77%] Building CXX object CMakeFiles/libprotoc.dir/src/google/protobuf/compiler/java/extension_lite.cc.o
[2026-10-01 06:19:49] [ 78%] Building CXX object CMakeFiles/libprotoc.dir/src/google/protobuf/compiler/java/field.cc.o
[2026-10-01 06:19:49] [ 78%] Building CXX object CMakeFiles/libprotoc.dir/src/google/protobuf/compiler/java/file.cc.o
[2026-10-01 06:19:49] [ 78%] Building CXX object CMakeFiles/libprotoc.dir/src/google/protobuf/compiler/java/generator.cc.o
[2026-10-01 06:19:49] [ 78%] Building CXX object CMakeFiles/libprotoc.dir/src/google/protobuf/compiler/java/generator_factory.cc.o
[2026-10-01 06:19:49] [ 78%] Building CXX object CMakeFiles/libprotoc.dir/src/google/protobuf/compiler/java/helpers.cc.o
[2026-10-01 06:19:49] [ 79%] Building CXX object CMakeFiles/libprotoc.dir/src/google/protobuf/compiler/java/java_features.pb.cc.o
[2026-10-01 06:19:49] [ 79%] Building CXX object CMakeFiles/libprotoc.dir/src/google/protobuf/compiler/java/kotlin_generator.cc.o
[2026-10-01 06:19:49] [ 79%] Building CXX object CMakeFiles/libprotoc.dir/src/google/protobuf/compiler/java/map_field.cc.o
[2026-10-01 06:19:49] [ 79%] Building CXX object CMakeFiles/libprotoc.dir/src/google/protobuf/compiler/java/map_field_lite.cc.o
[2026-10-01 06:19:49] [ 80%] Building CXX object CMakeFiles/libprotoc.dir/src/google/protobuf/compiler/java/message.cc.o
[2026-10-01 06:19:49] [ 80%] Building CXX object CMakeFiles/libprotoc.dir/src/google/protobuf/compiler/java/message_builder.cc.o
[2026-10-01 06:19:49] [ 80%] Building CXX object CMakeFiles/libprotoc.dir/src/google/protobuf/compiler/java/message_builder_lite.cc.o
[2026-10-01 06:19:49] [ 80%] Building CXX object CMakeFiles/libprotoc.dir/src/google/protobuf/compiler/java/message_field.cc.o
[2026-10-01 06:19:49] [ 80%] Building CXX object CMakeFiles/libprotoc.dir/src/google/protobuf/compiler/java/message_field_lite.cc.o
[2026-10-01 06:19:49] [ 81%] Building CXX object CMakeFiles/libprotoc.dir/src/google/protobuf/compiler/java/message_lite.cc.o
[2026-10-01 06:19:49] [ 81%] Building CXX object CMakeFiles/libprotoc.dir/src/google/protobuf/compiler/java/message_serialization.cc.o
[2026-10-01 06:19:49] [ 81%] Building CXX object CMakeFiles/libprotoc.dir/src/google/protobuf/compiler/java/name_resolver.cc.o
[2026-10-01 06:19:49] [ 81%] Building CXX object CMakeFiles/libprotoc.dir/src/google/protobuf/compiler/java/names.cc.o
[2026-10-01 06:19:49] [ 82%] Building CXX object CMakeFiles/libprotoc.dir/src/google/protobuf/compiler/java/primitive_field.cc.o
[2026-10-01 06:19:49] [ 82%] Building CXX object CMakeFiles/libprotoc.dir/src/google/protobuf/compiler/java/primitive_field_lite.cc.o
[2026-10-01 06:19:49] [ 82%] Building CXX object CMakeFiles/libprotoc.dir/src/google/protobuf/compiler/java/service.cc.o
[2026-10-01 06:19:49] [ 82%] Building CXX object CMakeFiles/libprotoc.dir/src/google/protobuf/compiler/java/shared_code_generator.cc.o
[2026-10-01 06:19:49] [ 82%] Building CXX object CMakeFiles/libprotoc.dir/src/google/protobuf/compiler/java/string_field.cc.o
[2026-10-01 06:19:49] [ 83%] Building CXX object CMakeFiles/libprotoc.dir/src/google/protobuf/compiler/java/string_field_lite.cc.o
[2026-10-01 06:19:49] [ 83%] Building CXX object CMakeFiles/libprotoc.dir/src/google/protobuf/compiler/objectivec/enum.cc.o
[2026-10-01 06:19:49] [ 83%] Building CXX object CMakeFiles/libprotoc.dir/src/google/protobuf/compiler/objectivec/enum_field.cc.o
[2026-10-01 06:19:49] [ 83%] Building CXX object CMakeFiles/libprotoc.dir/src/google/protobuf/compiler/objectivec/extension.cc.o
[2026-10-01 06:19:49] [ 84%] Building CXX object CMakeFiles/libprotoc.dir/src/google/protobuf/compiler/objectivec/field.cc.o
[2026-10-01 06:19:49] [ 84%] Building CXX object CMakeFiles/libprotoc.dir/src/google/protobuf/compiler/objectivec/file.cc.o
[2026-10-01 06:19:49] [ 84%] Building CXX object CMakeFiles/libprotoc.dir/src/google/protobuf/compiler/objectivec/generator.cc.o
[2026-10-01 06:19:49] [ 84%] Building CXX object CMakeFiles/libprotoc.dir/src/google/protobuf/compiler/objectivec/helpers.cc.o
[2026-10-01 06:19:49] [ 84%] Building CXX object CMakeFiles/libprotoc.dir/src/google/protobuf/compiler/objectivec/import_writer.cc.o
[2026-10-01 06:19:49] [ 85%] Building CXX object CMakeFiles/libprotoc.dir/src/google/protobuf/compiler/objectivec/line_consumer.cc.o
[2026-10-01 06:19:49] [ 85%] Building CXX object CMakeFiles/libprotoc.dir/src/google/protobuf/compiler/objectivec/map_field.cc.o
[2026-10-01 06:19:49] [ 85%] Building CXX object CMakeFiles/libprotoc.dir/src/google/protobuf/compiler/objectivec/message.cc.o
[2026-10-01 06:19:49] [ 85%] Building CXX object CMakeFiles/libprotoc.dir/src/google/protobuf/compiler/objectivec/message_field.cc.o
[2026-10-01 06:19:49] [ 85%] Building CXX object CMakeFiles/libprotoc.dir/src/google/protobuf/compiler/objectivec/names.cc.o
[2026-10-01 06:19:49] [ 86%] Building CXX object CMakeFiles/libprotoc.dir/src/google/protobuf/compiler/objectivec/oneof.cc.o
[2026-10-01 06:19:49] [ 86%] Building CXX object CMakeFiles/libprotoc.dir/src/google/protobuf/compiler/objectivec/primitive_field.cc.o
[2026-10-01 06:19:49] [ 86%] Building CXX object CMakeFiles/libprotoc.dir/src/google/protobuf/compiler/objectivec/text_format_decode_data.cc.o
[2026-10-01 06:19:49] [ 86%] Building CXX object CMakeFiles/libprotoc.dir/src/google/protobuf/compiler/php/names.cc.o
[2026-10-01 06:19:49] [ 87%] Building CXX object CMakeFiles/libprotoc.dir/src/google/protobuf/compiler/php/php_generator.cc.o
[2026-10-01 06:19:49] [ 87%] Building CXX object CMakeFiles/libprotoc.dir/src/google/protobuf/compiler/plugin.cc.o
[2026-10-01 06:19:49] [ 87%] Building CXX object CMakeFiles/libprotoc.dir/src/google/protobuf/compiler/plugin.pb.cc.o
[2026-10-01 06:19:49] [ 87%] Building CXX object CMakeFiles/libprotoc.dir/src/google/protobuf/compiler/python/generator.cc.o
[2026-10-01 06:19:49] [ 87%] Building CXX object CMakeFiles/libprotoc.dir/src/google/protobuf/compiler/python/helpers.cc.o
[2026-10-01 06:19:49] [ 88%] Building CXX object CMakeFiles/libprotoc.dir/src/google/protobuf/compiler/python/pyi_generator.cc.o
[2026-10-01 06:19:49] [ 88%] Building CXX object CMakeFiles/libprotoc.dir/src/google/protobuf/compiler/retention.cc.o
[2026-10-01 06:19:49] [ 88%] Building CXX object CMakeFiles/libprotoc.dir/src/google/protobuf/compiler/ruby/ruby_generator.cc.o
[2026-10-01 06:19:49] [ 88%] Building CXX object CMakeFiles/libprotoc.dir/src/google/protobuf/compiler/rust/accessors/accessors.cc.o
[2026-10-01 06:19:49] [ 89%] Building CXX object CMakeFiles/libprotoc.dir/src/google/protobuf/compiler/rust/accessors/singular_message.cc.o
[2026-10-01 06:19:49] [ 89%] Building CXX object CMakeFiles/libprotoc.dir/src/google/protobuf/compiler/rust/accessors/singular_scalar.cc.o
[2026-10-01 06:19:49] [ 89%] Building CXX object CMakeFiles/libprotoc.dir/src/google/protobuf/compiler/rust/accessors/singular_string.cc.o
[2026-10-01 06:19:49] [ 89%] Building CXX object CMakeFiles/libprotoc.dir/src/google/protobuf/compiler/rust/accessors/unsupported_field.cc.o
[2026-10-01 06:19:49] [ 89%] Building CXX object CMakeFiles/libprotoc.dir/src/google/protobuf/compiler/rust/context.cc.o
[2026-10-01 06:19:49] [ 90%] Building CXX object CMakeFiles/libprotoc.dir/src/google/protobuf/compiler/rust/generator.cc.o
[2026-10-01 06:19:49] [ 90%] Building CXX object CMakeFiles/libprotoc.dir/src/google/protobuf/compiler/rust/message.cc.o
[2026-10-01 06:19:49] [ 90%] Building CXX object CMakeFiles/libprotoc.dir/src/google/protobuf/compiler/rust/naming.cc.o
[2026-10-01 06:19:49] [ 90%] Building CXX object CMakeFiles/libprotoc.dir/src/google/protobuf/compiler/rust/oneof.cc.o
[2026-10-01 06:19:49] [ 90%] Building CXX object CMakeFiles/libprotoc.dir/src/google/protobuf/compiler/rust/relative_path.cc.o
[2026-10-01 06:19:49] [ 91%] Building CXX object CMakeFiles/libprotoc.dir/src/google/protobuf/compiler/subprocess.cc.o
[2026-10-01 06:19:49] [ 91%] Building CXX object CMakeFiles/libprotoc.dir/src/google/protobuf/compiler/zip_writer.cc.o
[2026-10-01 06:19:49] [ 91%] Linking CXX static library libascend_protoc.a
[2026-10-01 06:19:49] [ 91%] Built target libprotoc
[2026-10-01 06:19:49] [ 91%] Building CXX object CMakeFiles/protoc.dir/src/google/protobuf/compiler/main.cc.o
[2026-10-01 06:19:49] [ 91%] Linking CXX executable protoc
[2026-10-01 06:19:49] [ 91%] Built target protoc
[2026-10-01 06:19:49] [ 91%] Building CXX object third_party/abseil-cpp/absl/base/CMakeFiles/scoped_set_env.dir/internal/scoped_set_env.cc.o
[2026-10-01 06:19:49] [ 92%] Linking CXX static library libabsl_scoped_set_env.a
[2026-10-01 06:19:49] [ 92%] Built target scoped_set_env
[2026-10-01 06:19:49] [ 92%] Building CXX object third_party/abseil-cpp/absl/debugging/CMakeFiles/failure_signal_handler.dir/failure_signal_handler.cc.o
[2026-10-01 06:19:49] [ 92%] Linking CXX static library libabsl_failure_signal_handler.a
[2026-10-01 06:19:49] [ 92%] Built target failure_signal_handler
[2026-10-01 06:19:49] [ 92%] Building CXX object third_party/abseil-cpp/absl/flags/CMakeFiles/flags_usage_internal.dir/internal/usage.cc.o
[2026-10-01 06:19:49] [ 92%] Linking CXX static library libabsl_flags_usage_internal.a
[2026-10-01 06:19:49] [ 92%] Built target flags_usage_internal
[2026-10-01 06:19:49] [ 93%] Building CXX object third_party/abseil-cpp/absl/flags/CMakeFiles/flags_usage.dir/usage.cc.o
[2026-10-01 06:19:49] [ 93%] Linking CXX static library libabsl_flags_usage.a
[2026-10-01 06:19:49] [ 93%] Built target flags_usage
[2026-10-01 06:19:49] [ 93%] Building CXX object third_party/abseil-cpp/absl/flags/CMakeFiles/flags_parse.dir/parse.cc.o
[2026-10-01 06:19:49] [ 93%] Linking CXX static library libabsl_flags_parse.a
[2026-10-01 06:19:49] [ 93%] Built target flags_parse
[2026-10-01 06:19:49] [ 93%] Building CXX object third_party/abseil-cpp/absl/log/CMakeFiles/log_flags.dir/flags.cc.o
[2026-10-01 06:19:49] [ 93%] Linking CXX static library libabsl_log_flags.a
[2026-10-01 06:19:49] [ 93%] Built target log_flags
[2026-10-01 06:19:49] [ 93%] Building CXX object third_party/abseil-cpp/absl/profiling/CMakeFiles/periodic_sampler.dir/internal/periodic_sampler.cc.o
[2026-10-01 06:19:49] [ 94%] Linking CXX static library libabsl_periodic_sampler.a
[2026-10-01 06:19:49] [ 94%] Built target periodic_sampler
[2026-10-01 06:19:49] [ 94%] Building CXX object third_party/abseil-cpp/absl/random/CMakeFiles/random_distributions.dir/discrete_distribution.cc.o
[2026-10-01 06:19:49] [ 94%] Building CXX object third_party/abseil-cpp/absl/random/CMakeFiles/random_distributions.dir/gaussian_distribution.cc.o
[2026-10-01 06:19:49] [ 95%] Linking CXX static library libabsl_random_distributions.a
[2026-10-01 06:19:49] [ 95%] Built target random_distributions
[2026-10-01 06:19:49] [ 96%] Building CXX object third_party/abseil-cpp/absl/random/CMakeFiles/random_seed_gen_exception.dir/seed_gen_exception.cc.o
[2026-10-01 06:19:49] [ 96%] Linking CXX static library libabsl_random_seed_gen_exception.a
[2026-10-01 06:19:49] [ 96%] Built target random_seed_gen_exception
[2026-10-01 06:19:49] [ 96%] Building CXX object third_party/abseil-cpp/absl/random/CMakeFiles/random_internal_seed_material.dir/internal/seed_material.cc.o
[2026-10-01 06:19:49] [ 96%] Linking CXX static library libabsl_random_internal_seed_material.a
[2026-10-01 06:19:49] [ 96%] Built target random_internal_seed_material
[2026-10-01 06:19:49] [ 96%] Building CXX object third_party/abseil-cpp/absl/random/CMakeFiles/random_internal_platform.dir/internal/randen_round_keys.cc.o
[2026-10-01 06:19:49] [ 97%] Linking CXX static library libabsl_random_internal_platform.a
[2026-10-01 06:19:49] [ 97%] Built target random_internal_platform
[2026-10-01 06:19:49] [ 97%] Building CXX object third_party/abseil-cpp/absl/random/CMakeFiles/random_internal_randen_hwaes_impl.dir/internal/randen_hwaes.cc.o
[2026-10-01 06:19:49] [ 97%] Linking CXX static library libabsl_random_internal_randen_hwaes_impl.a
[2026-10-01 06:19:49] [ 97%] Built target random_internal_randen_hwaes_impl
[2026-10-01 06:19:49] [ 98%] Building CXX object third_party/abseil-cpp/absl/random/CMakeFiles/random_internal_randen_slow.dir/internal/randen_slow.cc.o
[2026-10-01 06:19:49] [ 98%] Linking CXX static library libabsl_random_internal_randen_slow.a
[2026-10-01 06:19:49] [ 98%] Built target random_internal_randen_slow
[2026-10-01 06:19:49] [ 98%] Building CXX object third_party/abseil-cpp/absl/random/CMakeFiles/random_internal_randen_hwaes.dir/internal/randen_detect.cc.o
[2026-10-01 06:19:49] [ 98%] Linking CXX static library libabsl_random_internal_randen_hwaes.a
[2026-10-01 06:19:49] [ 98%] Built target random_internal_randen_hwaes
[2026-10-01 06:19:49] [ 98%] Building CXX object third_party/abseil-cpp/absl/random/CMakeFiles/random_internal_randen.dir/internal/randen.cc.o
[2026-10-01 06:19:49] [ 99%] Linking CXX static library libabsl_random_internal_randen.a
[2026-10-01 06:19:49] [ 99%] Built target random_internal_randen
[2026-10-01 06:19:49] [ 99%] Building CXX object third_party/abseil-cpp/absl/random/CMakeFiles/random_internal_pool_urbg.dir/internal/pool_urbg.cc.o
[2026-10-01 06:19:49] [ 99%] Linking CXX static library libabsl_random_internal_pool_urbg.a
[2026-10-01 06:19:49] [ 99%] Built target random_internal_pool_urbg
[2026-10-01 06:19:49] [ 99%] Building CXX object third_party/abseil-cpp/absl/random/CMakeFiles/random_seed_sequences.dir/seed_sequences.cc.o
[2026-10-01 06:19:49] [ 99%] Linking CXX static library libabsl_random_seed_sequences.a
[2026-10-01 06:19:49] [ 99%] Built target random_seed_sequences
[2026-10-01 06:19:49] [ 99%] Building CXX object third_party/abseil-cpp/absl/random/CMakeFiles/random_internal_distribution_test_util.dir/internal/chi_square.cc.o
[2026-10-01 06:19:49] [ 99%] Building CXX object third_party/abseil-cpp/absl/random/CMakeFiles/random_internal_distribution_test_util.dir/internal/distribution_test_util.cc.o
[2026-10-01 06:19:49] [ 99%] Linking CXX static library libabsl_random_internal_distribution_test_util.a
[2026-10-01 06:19:49] [ 99%] Built target random_internal_distribution_test_util
[2026-10-01 06:19:49] [ 99%] Building CXX object third_party/abseil-cpp/absl/strings/CMakeFiles/cordz_sample_token.dir/internal/cordz_sample_token.cc.o
[2026-10-01 06:19:49] [ 99%] Linking CXX static library libabsl_cordz_sample_token.a
[2026-10-01 06:19:49] [ 99%] Built target cordz_sample_token
[2026-10-01 06:19:49] [ 99%] Building CXX object third_party/abseil-cpp/absl/types/CMakeFiles/bad_any_cast_impl.dir/bad_any_cast.cc.o
[2026-10-01 06:19:49] [ 99%] Linking CXX static library libabsl_bad_any_cast_impl.a
[2026-10-01 06:19:49] [ 99%] Built target bad_any_cast_impl
[2026-10-01 06:19:49] [ 99%] Building C object third_party/utf8_range/CMakeFiles/utf8_range.dir/naive.c.o
[2026-10-01 06:19:49] [100%] Building C object third_party/utf8_range/CMakeFiles/utf8_range.dir/range2-neon.c.o
[2026-10-01 06:19:49] [100%] Building C object third_party/utf8_range/CMakeFiles/utf8_range.dir/range2-sse.c.o
[2026-10-01 06:19:49] [100%] Linking C static library libutf8_range.a
[2026-10-01 06:19:49] [100%] Built target utf8_range
[2026-10-01 06:19:49] [build-cache] SAVED domain=third_party unit=ascend_protobuf_build_transformer key=b90b5cbfd7590aac508c1cb5f8c88764bba49b777beeb2b9b34c870ade0e1f66 artifacts=92 build_seconds=1407.851
[2026-10-01 06:19:49] [79/91] No install step for 'ascend_protobuf_build_transformer'
[2026-10-01 06:19:49] [80/91] Completed 'ascend_protobuf_build_transformer'
[2026-10-01 06:19:49] [81/91] Running C++ protocol buffer compiler on /mnt/workspace/mhc-validation-20260930/Ascend/cann-9.1.0/include/proto/ge_onnx.proto
[2026-10-01 06:19:49] generate proto cpp_out onnx by /mnt/workspace/mhc-validation-20260930/Ascend/cann-9.1.0/include/proto/ge_onnx.proto
[2026-10-01 06:19:54] [82/91] Building CXX object common/src/framework/CMakeFiles/op_transformer_onnx_plugin_obj.dir/fillwindowcache_onnx_plugin.cpp.o
[2026-10-01 06:19:54] [83/91] Building CXX object common/src/framework/CMakeFiles/op_transformer_onnx_plugin_obj.dir/embedding_bag_onnx_plugin.cpp.o
[2026-10-01 06:19:59] [84/91] Building CXX object common/src/framework/CMakeFiles/op_transformer_onnx_plugin_obj.dir/multi_head_attention_onnx_plugin.cpp.o
[2026-10-01 06:20:01] [85/91] Building CXX object common/src/framework/CMakeFiles/op_transformer_onnx_plugin_obj.dir/npu_fused_attention_score_fwd_onnx_plugin.cpp.o
[2026-10-01 06:20:06] [86/91] Building CXX object common/src/framework/CMakeFiles/op_transformer_onnx_plugin_obj.dir/npu_fused_attention_score_onnx_plugin.cpp.o
[2026-10-01 06:20:06] [87/91] Building CXX object common/src/framework/CMakeFiles/op_transformer_onnx_plugin_obj.dir/npu_masked_softmax_with_relposbias_onnx_plugin.cpp.o
[2026-10-01 06:20:11] [88/91] Building CXX object common/src/framework/CMakeFiles/op_transformer_onnx_plugin_obj.dir/npu_scaled_masked_softmax_onnx_plugin.cpp.o
[2026-10-01 06:20:11] [89/91] Building CXX object common/src/framework/CMakeFiles/op_transformer_onnx_plugin_obj.dir/tfidf_vectorizer_onnx_plugin.cpp.o
[2026-10-01 06:20:11] [89/91] Run CPack packaging tool...
[2026-10-01 06:20:11] CPack: Create package using External
[2026-10-01 06:20:11] CPack: Install projects
[2026-10-01 06:20:11] CPack: - Install project: cann_ops-transformer []
[2026-10-01 06:20:11] CPack: Create package
[2026-10-01 06:20:11] 
[2026-10-01 06:20:11] About to compress 1968 KB of data...
[2026-10-01 06:20:11] Adding files to archive named "cann-ops-transformer-batch_comb_baseline_linux-aarch64.run"...
[2026-10-01 06:20:12] ./help.info
[2026-10-01 06:20:12] ./install.sh
[2026-10-01 06:20:12] ./packages/vendors/batch_comb_baseline_transformer/op_api/include/aclnnop/aclnn_hc_pre.h
[2026-10-01 06:20:12] ./packages/vendors/batch_comb_baseline_transformer/op_api/include/aclnnop/aclnn_ops_transformer_batch_comb_baseline.h
[2026-10-01 06:20:12] ./packages/vendors/batch_comb_baseline_transformer/op_api/lib/libcust_opapi.so
[2026-10-01 06:20:12] ./packages/vendors/batch_comb_baseline_transformer/op_impl/ai_core/tbe/batch_comb_baseline_transformer_impl/ascendc/common/common.h
[2026-10-01 06:20:12] ./packages/vendors/batch_comb_baseline_transformer/op_impl/ai_core/tbe/batch_comb_baseline_transformer_impl/ascendc/common/common_func.h
[2026-10-01 06:20:12] ./packages/vendors/batch_comb_baseline_transformer/op_impl/ai_core/tbe/batch_comb_baseline_transformer_impl/ascendc/common/dropmask.h
[2026-10-01 06:20:12] ./packages/vendors/batch_comb_baseline_transformer/op_impl/ai_core/tbe/batch_comb_baseline_transformer_impl/ascendc/common/gm_to_l1_iterator.h
[2026-10-01 06:20:12] ./packages/vendors/batch_comb_baseline_transformer/op_impl/ai_core/tbe/batch_comb_baseline_transformer_impl/ascendc/common/gm_to_ub_iterator.h
[2026-10-01 06:20:12] ./packages/vendors/batch_comb_baseline_transformer/op_impl/ai_core/tbe/batch_comb_baseline_transformer_impl/ascendc/common/hardware.h
[2026-10-01 06:20:12] ./packages/vendors/batch_comb_baseline_transformer/op_impl/ai_core/tbe/batch_comb_baseline_transformer_impl/ascendc/common/iterator.h
[2026-10-01 06:20:12] ./packages/vendors/batch_comb_baseline_transformer/op_impl/ai_core/tbe/batch_comb_baseline_transformer_impl/ascendc/common/l0c_to_gm_iterator.h
[2026-10-01 06:20:12] ./packages/vendors/batch_comb_baseline_transformer/op_impl/ai_core/tbe/batch_comb_baseline_transformer_impl/ascendc/common/l0c_to_l1_iterator.h
[2026-10-01 06:20:12] ./packages/vendors/batch_comb_baseline_transformer/op_impl/ai_core/tbe/batch_comb_baseline_transformer_impl/ascendc/common/l0c_to_ub_iterator.h
[2026-10-01 06:20:12] ./packages/vendors/batch_comb_baseline_transformer/op_impl/ai_core/tbe/batch_comb_baseline_transformer_impl/ascendc/common/l1_to_bt_iterator.h
[2026-10-01 06:20:12] ./packages/vendors/batch_comb_baseline_transformer/op_impl/ai_core/tbe/batch_comb_baseline_transformer_impl/ascendc/common/l1_to_fb_iterator.h
[2026-10-01 06:20:12] ./packages/vendors/batch_comb_baseline_transformer/op_impl/ai_core/tbe/batch_comb_baseline_transformer_impl/ascendc/common/l1_to_l0_iterator.h
[2026-10-01 06:20:12] ./packages/vendors/batch_comb_baseline_transformer/op_impl/ai_core/tbe/batch_comb_baseline_transformer_impl/ascendc/common/l1_to_ub_iterator.h
[2026-10-01 06:20:12] ./packages/vendors/batch_comb_baseline_transformer/op_impl/ai_core/tbe/batch_comb_baseline_transformer_impl/ascendc/common/layout.h
[2026-10-01 06:20:12] ./packages/vendors/batch_comb_baseline_transformer/op_impl/ai_core/tbe/batch_comb_baseline_transformer_impl/ascendc/common/mem.h
[2026-10-01 06:20:12] ./packages/vendors/batch_comb_baseline_transformer/op_impl/ai_core/tbe/batch_comb_baseline_transformer_impl/ascendc/common/mma.h
[2026-10-01 06:20:12] ./packages/vendors/batch_comb_baseline_transformer/op_impl/ai_core/tbe/batch_comb_baseline_transformer_impl/ascendc/common/pse.h
[2026-10-01 06:20:12] ./packages/vendors/batch_comb_baseline_transformer/op_impl/ai_core/tbe/batch_comb_baseline_transformer_impl/ascendc/common/simd.h
[2026-10-01 06:20:12] ./packages/vendors/batch_comb_baseline_transformer/op_impl/ai_core/tbe/batch_comb_baseline_transformer_impl/ascendc/common/util.h
[2026-10-01 06:20:12] ./packages/vendors/batch_comb_baseline_transformer/op_impl/ai_core/tbe/batch_comb_baseline_transformer_impl/ascendc/hc_pre/hc_pre.cpp
[2026-10-01 06:20:12] ./packages/vendors/batch_comb_baseline_transformer/op_impl/ai_core/tbe/batch_comb_baseline_transformer_impl/ascendc/hc_pre/hc_pre_base.h
[2026-10-01 06:20:12] ./packages/vendors/batch_comb_baseline_transformer/op_impl/ai_core/tbe/batch_comb_baseline_transformer_impl/ascendc/hc_pre/hc_pre_base_arch35.h
[2026-10-01 06:20:12] ./packages/vendors/batch_comb_baseline_transformer/op_impl/ai_core/tbe/batch_comb_baseline_transformer_impl/ascendc/hc_pre/hc_pre_cube_compute.h
[2026-10-01 06:20:12] ./packages/vendors/batch_comb_baseline_transformer/op_impl/ai_core/tbe/batch_comb_baseline_transformer_impl/ascendc/hc_pre/hc_pre_cube_compute_arch35.h
[2026-10-01 06:20:12] ./packages/vendors/batch_comb_baseline_transformer/op_impl/ai_core/tbe/batch_comb_baseline_transformer_impl/ascendc/hc_pre/hc_pre_m_k_split_core.h
[2026-10-01 06:20:12] ./packages/vendors/batch_comb_baseline_transformer/op_impl/ai_core/tbe/batch_comb_baseline_transformer_impl/ascendc/hc_pre/hc_pre_m_k_split_core_arch35.h
[2026-10-01 06:20:12] ./packages/vendors/batch_comb_baseline_transformer/op_impl/ai_core/tbe/batch_comb_baseline_transformer_impl/ascendc/hc_pre/hc_pre_m_split_core_arch35.h
[2026-10-01 06:20:12] ./packages/vendors/batch_comb_baseline_transformer/op_impl/ai_core/tbe/batch_comb_baseline_transformer_impl/dynamic/hc_pre.py
[2026-10-01 06:20:12] ./packages/vendors/batch_comb_baseline_transformer/op_impl/ai_core/tbe/config/ascend910b/aic-ascend910b-ops-info.json
[2026-10-01 06:20:12] ./packages/vendors/batch_comb_baseline_transformer/op_impl/ai_core/tbe/kernel/ascend910b/hc_pre/HcPre_6c9f0fa710253eff38b1c0e6be6a67be.json
[2026-10-01 06:20:12] ./packages/vendors/batch_comb_baseline_transformer/op_impl/ai_core/tbe/kernel/ascend910b/hc_pre/HcPre_6c9f0fa710253eff38b1c0e6be6a67be.o
[2026-10-01 06:20:12] ./packages/vendors/batch_comb_baseline_transformer/op_impl/ai_core/tbe/kernel/ascend910b/hc_pre/HcPre_6c9f0fa710253eff38b1c0e6be6a67be_relocatable.json
[2026-10-01 06:20:12] ./packages/vendors/batch_comb_baseline_transformer/op_impl/ai_core/tbe/kernel/ascend910b/hc_pre/HcPre_6c9f0fa710253eff38b1c0e6be6a67be_relocatable.o
[2026-10-01 06:20:12] ./packages/vendors/batch_comb_baseline_transformer/op_impl/ai_core/tbe/kernel/config/ascend910b/binary_info_config.json
[2026-10-01 06:20:12] ./packages/vendors/batch_comb_baseline_transformer/op_impl/ai_core/tbe/kernel/config/ascend910b/hc_pre.json
[2026-10-01 06:20:12] ./packages/vendors/batch_comb_baseline_transformer/op_impl/ai_core/tbe/kernel/config/ascend910b/relocatable_kernel_info_config.json
[2026-10-01 06:20:12] ./packages/vendors/batch_comb_baseline_transformer/op_impl/ai_core/tbe/op_tiling/lib/linux/aarch64/libcust_opmaster_rt2.0.so
[2026-10-01 06:20:12] ./packages/vendors/batch_comb_baseline_transformer/op_impl/ai_core/tbe/op_tiling/liboptiling.so
[2026-10-01 06:20:12] ./packages/vendors/batch_comb_baseline_transformer/op_proto/inc/hc_pre_proto.h
[2026-10-01 06:20:12] ./packages/vendors/batch_comb_baseline_transformer/op_proto/lib/linux/aarch64/libcust_opsproto_rt2.0.so
[2026-10-01 06:20:12] ./packages/vendors/batch_comb_baseline_transformer/version.info
[2026-10-01 06:20:12] ./uninstall.sh
[2026-10-01 06:20:12] ./upgrade.sh
[2026-10-01 06:20:12] CRC: 3388270401
[2026-10-01 06:20:12] SHA256: 805dfc90fec3e94d0de0e2e5274b6a459dcb9ac3073ccab4e71fe2a339cb68cd
[2026-10-01 06:20:12] Skipping md5sum at user request
[2026-10-01 06:20:12] 
[2026-10-01 06:20:12] Self-extractable archive "cann-ops-transformer-batch_comb_baseline_linux-aarch64.run" successfully created.
[2026-10-01 06:20:12] Copy /mnt/workspace/hc-pre-reduction-20260930/batch-comb-source-baseline/csrc/build/_CPack_Packages/Linux/External/cann-ops-transformer-batch_comb_baseline_linux-aarch64.run/cann-ops-transformer-batch_comb_baseline_linux-aarch64.run to /mnt/workspace/hc-pre-reduction-20260930/batch-comb-source-baseline/csrc/build/
[2026-10-01 06:20:12] Copy /mnt/workspace/hc-pre-reduction-20260930/batch-comb-source-baseline/csrc/build/_CPack_Packages/Linux/External/cann-ops-transformer-batch_comb_baseline_linux-aarch64.run/cann-ops-transformer-batch_comb_baseline_linux-aarch64.run to /mnt/workspace/hc-pre-reduction-20260930/batch-comb-source-baseline/csrc/build_out/
[2026-10-01 06:20:12] CPack: - package: /mnt/workspace/hc-pre-reduction-20260930/batch-comb-source-baseline/csrc/build/cann-ops-transformer-batch_comb_baseline_linux-aarch64.run.json generated.
[2026-10-01 06:20:12] CPack: - package: /mnt/workspace/hc-pre-reduction-20260930/batch-comb-source-baseline/csrc/build/cann-ops-transformer-batch_comb_baseline_linux-aarch64.run generated.
Verifying archive integrity...     0%    43%    87%  100%   SHA256 checksums are OK. All good.
Uncompressing version:1.0     0%    43%    87%  100%  
[ops_custom] [2026-10-01 06:20:12] [INFO] create /mnt/workspace/hc-pre-reduction-20260930/batch-comb-source-baseline/opp/vendors.
[ops_custom] [2026-10-01 06:20:12] [INFO] create /mnt/workspace/hc-pre-reduction-20260930/batch-comb-source-baseline/opp/vendors/batch_comb_baseline_transformer.
[ops_custom] [2026-10-01 06:20:12] [INFO] validate shared libraries before installation
[ops_custom] [2026-10-01 06:20:13] [INFO] upgrade framework
[ops_custom] [2026-10-01 06:20:13] [INFO] no need to upgrade ops framework files
[ops_custom] [2026-10-01 06:20:13] [INFO] upgrade op proto
[ops_custom] [2026-10-01 06:20:13] [INFO] create /mnt/workspace/hc-pre-reduction-20260930/batch-comb-source-baseline/opp/vendors/batch_comb_baseline_transformer/op_proto.
[ops_custom] [2026-10-01 06:20:13] [INFO] copy new ops op_proto files ......
[ops_custom] [2026-10-01 06:20:13] [INFO] upgrade op impl
[ops_custom] [2026-10-01 06:20:13] [INFO] create /mnt/workspace/hc-pre-reduction-20260930/batch-comb-source-baseline/opp/vendors/batch_comb_baseline_transformer/op_impl.
[ops_custom] [2026-10-01 06:20:13] [INFO] copy new ops op_impl files ......
[ops_custom] [2026-10-01 06:20:13] [INFO] upgrade op api
[ops_custom] [2026-10-01 06:20:13] [INFO] create /mnt/workspace/hc-pre-reduction-20260930/batch-comb-source-baseline/opp/vendors/batch_comb_baseline_transformer/op_api.
[ops_custom] [2026-10-01 06:20:13] [INFO] copy new ops op_api files ......
[ops_custom] [2026-10-01 06:20:13] [INFO] upgrade uninstall
[ops_custom] [2026-10-01 06:20:13] [INFO] copy new uninstall.sh files ......
[ops_custom] [2026-10-01 06:20:13] [INFO] upgrade version.info
[ops_custom] [2026-10-01 06:20:13] [INFO] copy new version.info files ......
[ops_custom] [2026-10-01 06:20:13] [INFO] no need to upgrade custom.proto files
[ops_custom] [2026-10-01 06:20:13] [INFO] using requirements: when custom module install finished or before you run the custom module, execute the command [ source /mnt/workspace/hc-pre-reduction-20260930/batch-comb-source-baseline/opp/vendors/batch_comb_baseline_transformer/bin/set_env.bash ] to set the environment path
SUCCESS
-- The C compiler identification is GNU 13.1.0
-- The CXX compiler identification is GNU 13.1.0
-- Detecting C compiler ABI info
-- Detecting C compiler ABI info - done
-- Check for working C compiler: /usr/bin/gcc-13 - skipped
-- Detecting C compile features
-- Detecting C compile features - done
-- Detecting CXX compiler ABI info
-- Detecting CXX compiler ABI info - done
-- Check for working CXX compiler: /usr/bin/g++-13 - skipped
-- Detecting CXX compile features
-- Detecting CXX compile features - done
CMake Warning (author) at /mnt/workspace/mhc-validation-20260930/venv/lib/python3.12/site-packages/pybind11/share/cmake/pybind11/FindPythonLibsNew.cmake:101 (message):
  Policy CMP0148 is not set: The FindPythonInterp and FindPythonLibs modules
  are removed.  Run "cmake --help-policy CMP0148" for policy details.  Use
  the cmake_policy command to set the policy and suppress this warning, or
  preferably upgrade to using FindPython, either by calling it explicitly
  before pybind11, or by setting PYBIND11_FINDPYTHON ON before pybind11.
Call Stack (most recent call first):
  /mnt/workspace/mhc-validation-20260930/venv/lib/python3.12/site-packages/pybind11/share/cmake/pybind11/pybind11Tools.cmake:44 (find_package)
  /mnt/workspace/mhc-validation-20260930/venv/lib/python3.12/site-packages/pybind11/share/cmake/pybind11/pybind11Common.cmake:243 (include)
  /mnt/workspace/mhc-validation-20260930/venv/lib/python3.12/site-packages/pybind11/share/cmake/pybind11/pybind11Config.cmake:257 (include)
  CMakeLists.txt:15 (find_package)
This warning is for project developers.  Use -Wno-author to suppress it.

CMake Warning (deprecated) at /mnt/workspace/mhc-validation-20260930/venv/lib/python3.12/site-packages/pybind11/share/cmake/pybind11/FindPythonLibsNew.cmake:110 (cmake_policy):
  The OLD behavior for policy CMP0148 will be removed from a future version
  of CMake.

  The cmake-policies(7) manual explains that the OLD behaviors of all
  policies are deprecated and that a policy should be set to OLD only under
  specific short-term circumstances.  Projects should be ported to the NEW
  behavior and not rely on setting a policy to OLD.
Call Stack (most recent call first):
  /mnt/workspace/mhc-validation-20260930/venv/lib/python3.12/site-packages/pybind11/share/cmake/pybind11/pybind11Tools.cmake:44 (find_package)
  /mnt/workspace/mhc-validation-20260930/venv/lib/python3.12/site-packages/pybind11/share/cmake/pybind11/pybind11Common.cmake:243 (include)
  /mnt/workspace/mhc-validation-20260930/venv/lib/python3.12/site-packages/pybind11/share/cmake/pybind11/pybind11Config.cmake:257 (include)
  CMakeLists.txt:15 (find_package)
This warning is for project developers.  Use -Wno-author or -Wno-deprecated
to suppress it.

-- Found PythonInterp: /mnt/workspace/mhc-validation-20260930/venv/bin/python (found suitable version "3.12.14", minimum required is "3.9")
-- Found PythonLibs: /home/developer/.local/share/uv/python/cpython-3.12.14-linux-aarch64-gnu/lib/libpython3.12.so
-- Performing Test HAS_FLTO_AUTO
-- Performing Test HAS_FLTO_AUTO - Success
-- Found pybind11: /mnt/workspace/mhc-validation-20260930/venv/lib/python3.12/site-packages/pybind11/include (found version "3.1.0")
CMake Warning at /mnt/workspace/mhc-validation-20260930/venv/lib/python3.12/site-packages/torch/share/cmake/Torch/TorchConfig.cmake:22 (message):
  static library kineto_LIBRARY-NOTFOUND not found.
Call Stack (most recent call first):
  /mnt/workspace/mhc-validation-20260930/venv/lib/python3.12/site-packages/torch/share/cmake/Torch/TorchConfig.cmake:125 (append_torchlib_if_found)
  CMakeLists.txt:20 (find_package)


-- Found Torch: /mnt/workspace/mhc-validation-20260930/venv/lib/python3.12/site-packages/torch/lib/libtorch.so
-- Detected SOC version: ascend910b1
TORCH_NPU_PATH is /mnt/workspace/mhc-validation-20260930/venv/lib/python3.12/site-packages/torch_npu
-- Performing Test HAVE_ACLRT_GET_PHY_DEV_ID_BY_USER_DEV_ID
-- Performing Test HAVE_ACLRT_GET_PHY_DEV_ID_BY_USER_DEV_ID - Success
-- Performing Test HAVE_ACLRT_MEMCPY_BATCH_ASYNC
-- Performing Test HAVE_ACLRT_MEMCPY_BATCH_ASYNC - Success
-- aclrtMemcpyBatchAsync: detected in CANN headers, enabling batch memcpy path
-- Configuring done (6.8s)
-- Generating done (0.0s)
-- Build files have been written to: /mnt/workspace/hc-pre-reduction-20260930/iteration-08/full-extension-build-baseline
[  2%] Creating directories for 'vllm_ascend_kernels_precompile'
[  4%] No download step for 'vllm_ascend_kernels_precompile'
[  6%] No update step for 'vllm_ascend_kernels_precompile'
[  8%] No patch step for 'vllm_ascend_kernels_precompile'
[ 10%] Performing configure step for 'vllm_ascend_kernels_precompile'
-- The C compiler identification is GNU 9.4.0
-- The CXX compiler identification is GNU 9.4.0
-- Detecting C compiler ABI info
-- Detecting C compiler ABI info - done
-- Check for working C compiler: /usr/bin/cc - skipped
-- Detecting C compile features
-- Detecting C compile features - done
-- Detecting CXX compiler ABI info
-- Detecting CXX compiler ABI info - done
-- Check for working CXX compiler: /usr/bin/c++ - skipped
-- Detecting CXX compile features
-- Detecting CXX compile features - done
-- Configuring done (0.5s)
-- Generating done (0.0s)
CMake Warning (unused-cli):
  Manually-specified variables were not used by the project:

    DYNAMIC_MODE
    INCLUDE_DIR


-- Build files have been written to: /mnt/workspace/hc-pre-reduction-20260930/iteration-08/full-extension-build-baseline/vllm_ascend_kernels_precompile-prefix/src/vllm_ascend_kernels_precompile-build
[ 12%] Performing build step for 'vllm_ascend_kernels_precompile'
[ 25%] Building CXX object CMakeFiles/precompile_obj.dir/mnt/workspace/hc-pre-reduction-20260930/batch-comb-source-baseline/csrc/kernels/bgmv_expand.cpp.o
[ 50%] Building CXX object CMakeFiles/precompile_obj.dir/mnt/workspace/hc-pre-reduction-20260930/batch-comb-source-baseline/csrc/kernels/bgmv_shrink.cpp.o
[ 75%] Building CXX object CMakeFiles/precompile_obj.dir/mnt/workspace/hc-pre-reduction-20260930/batch-comb-source-baseline/csrc/kernels/sgmv_expand.cpp.o
[100%] Building CXX object CMakeFiles/precompile_obj.dir/mnt/workspace/hc-pre-reduction-20260930/batch-comb-source-baseline/csrc/kernels/sgmv_shrink.cpp.o
[100%] Built target precompile_obj
[100%] Built target check_src_template
[ 14%] No install step for 'vllm_ascend_kernels_precompile'
[ 16%] Completed 'vllm_ascend_kernels_precompile'
[ 16%] Built target vllm_ascend_kernels_precompile
[ 18%] Creating directories for 'vllm_ascend_kernels_preprocess'
[ 20%] No download step for 'vllm_ascend_kernels_preprocess'
[ 22%] No update step for 'vllm_ascend_kernels_preprocess'
[ 25%] No patch step for 'vllm_ascend_kernels_preprocess'
[ 27%] Performing configure step for 'vllm_ascend_kernels_preprocess'
-- The C compiler identification is GNU 9.4.0
-- The CXX compiler identification is GNU 9.4.0
-- Detecting C compiler ABI info
-- Detecting C compiler ABI info - done
-- Check for working C compiler: /usr/bin/cc - skipped
-- Detecting C compile features
-- Detecting C compile features - done
-- Detecting CXX compiler ABI info
-- Detecting CXX compiler ABI info - done
-- Check for working CXX compiler: /usr/bin/c++ - skipped
-- Detecting CXX compile features
-- Detecting CXX compile features - done
-- Configuring done (0.5s)
-- Generating done (0.0s)
-- Build files have been written to: /mnt/workspace/hc-pre-reduction-20260930/iteration-08/full-extension-build-baseline/vllm_ascend_kernels_preprocess-prefix/src/vllm_ascend_kernels_preprocess-build
[ 29%] Performing build step for 'vllm_ascend_kernels_preprocess'
[ 16%] Building CXX object CMakeFiles/aiv_obj.dir/mnt/workspace/hc-pre-reduction-20260930/batch-comb-source-baseline/csrc/kernels/bgmv_expand.cpp.o
[ 16%] Building CXX object CMakeFiles/preprocess_obj.dir/mnt/workspace/hc-pre-reduction-20260930/batch-comb-source-baseline/csrc/kernels/bgmv_expand.cpp.o
[ 25%] Building CXX object CMakeFiles/preprocess_obj.dir/mnt/workspace/hc-pre-reduction-20260930/batch-comb-source-baseline/csrc/kernels/bgmv_shrink.cpp.o
[ 33%] Building CXX object CMakeFiles/preprocess_obj.dir/mnt/workspace/hc-pre-reduction-20260930/batch-comb-source-baseline/csrc/kernels/sgmv_expand.cpp.o
[ 41%] Building CXX object CMakeFiles/preprocess_obj.dir/mnt/workspace/hc-pre-reduction-20260930/batch-comb-source-baseline/csrc/kernels/sgmv_shrink.cpp.o
[ 41%] Built target preprocess_obj
[ 50%] Building CXX object CMakeFiles/aic_obj.dir/mnt/workspace/hc-pre-reduction-20260930/batch-comb-source-baseline/csrc/kernels/bgmv_expand.cpp.o
[ 58%] Building CXX object CMakeFiles/aiv_obj.dir/mnt/workspace/hc-pre-reduction-20260930/batch-comb-source-baseline/csrc/kernels/bgmv_shrink.cpp.o
[ 66%] Building CXX object CMakeFiles/aic_obj.dir/mnt/workspace/hc-pre-reduction-20260930/batch-comb-source-baseline/csrc/kernels/bgmv_shrink.cpp.o
/mnt/workspace/hc-pre-reduction-20260930/batch-comb-source-baseline/csrc/kernels/bgmv_shrink.cpp:156:9: warning: use of function template name with no prior declaration in function call with explicit template arguments is a C++20 extension [-Wc++20-extensions]
        ReduceSum<float>(wTmpTensor, wTmpTensor, wTmpTensor, numElements);
        ^
/mnt/workspace/hc-pre-reduction-20260930/batch-comb-source-baseline/csrc/kernels/bgmv_shrink.cpp:156:9: warning: use of function template name with no prior declaration in function call with explicit template arguments is a C++20 extension [-Wc++20-extensions]
        ReduceSum<float>(wTmpTensor, wTmpTensor, wTmpTensor, numElements);
        ^
1 warning generated.
[ 75%] Building CXX object CMakeFiles/aiv_obj.dir/mnt/workspace/hc-pre-reduction-20260930/batch-comb-source-baseline/csrc/kernels/sgmv_expand.cpp.o
1 warning generated.
[ 83%] Building CXX object CMakeFiles/aic_obj.dir/mnt/workspace/hc-pre-reduction-20260930/batch-comb-source-baseline/csrc/kernels/sgmv_expand.cpp.o
[ 91%] Building CXX object CMakeFiles/aiv_obj.dir/mnt/workspace/hc-pre-reduction-20260930/batch-comb-source-baseline/csrc/kernels/sgmv_shrink.cpp.o
[100%] Building CXX object CMakeFiles/aic_obj.dir/mnt/workspace/hc-pre-reduction-20260930/batch-comb-source-baseline/csrc/kernels/sgmv_shrink.cpp.o
/mnt/workspace/hc-pre-reduction-20260930/batch-comb-source-baseline/csrc/kernels/sgmv_shrink.cpp:168:9: warning: use of function template name with no prior declaration in function call with explicit template arguments is a C++20 extension [-Wc++20-extensions]
        ReduceSum<float>(wTmpTensor, wTmpTensor, wTmpTensor, numElements);
        ^
/mnt/workspace/hc-pre-reduction-20260930/batch-comb-source-baseline/csrc/kernels/sgmv_shrink.cpp:168:9: warning: use of function template name with no prior declaration in function call with explicit template arguments is a C++20 extension [-Wc++20-extensions]
        ReduceSum<float>(wTmpTensor, wTmpTensor, wTmpTensor, numElements);
        ^
1 warning generated.
[100%] Built target aiv_obj
/mnt/workspace/mhc-validation-20260930/Ascend/cann-9.1.0/aarch64-linux/ccec_compiler/bin/ld.lld -m aicorelinux -Ttext=0 /mnt/workspace/hc-pre-reduction-20260930/iteration-08/full-extension-build-baseline/vllm_ascend_kernels_preprocess-prefix/src/vllm_ascend_kernels_preprocess-build/CMakeFiles/aiv_obj.dir/mnt/workspace/hc-pre-reduction-20260930/batch-comb-source-baseline/csrc/kernels/bgmv_expand.cpp.o -o /mnt/workspace/hc-pre-reduction-20260930/iteration-08/full-extension-build-baseline/vllm_ascend_kernels_preprocess-prefix/src/vllm_ascend_kernels_preprocess-build/CMakeFiles/aiv_obj.dir/mnt/workspace/hc-pre-reduction-20260930/batch-comb-source-baseline/csrc/kernels/bgmv_expand.cpp.o/mnt/workspace/mhc-validation-20260930/Ascend/cann-9.1.0/aarch64-linux/ccec_compiler/bin/ld.lld -m aicorelinux -Ttext=0 /mnt/workspace/hc-pre-reduction-20260930/iteration-08/full-extension-build-baseline/vllm_ascend_kernels_preprocess-prefix/src/vllm_ascend_kernels_preprocess-build/CMakeFiles/aiv_obj.dir/mnt/workspace/hc-pre-reduction-20260930/batch-comb-source-baseline/csrc/kernels/bgmv_shrink.cpp.o -o /mnt/workspace/hc-pre-reduction-20260930/iteration-08/full-extension-build-baseline/vllm_ascend_kernels_preprocess-prefix/src/vllm_ascend_kernels_preprocess-build/CMakeFiles/aiv_obj.dir/mnt/workspace/hc-pre-reduction-20260930/batch-comb-source-baseline/csrc/kernels/bgmv_shrink.cpp.o/mnt/workspace/mhc-validation-20260930/Ascend/cann-9.1.0/aarch64-linux/ccec_compiler/bin/ld.lld -m aicorelinux -Ttext=0 /mnt/workspace/hc-pre-reduction-20260930/iteration-08/full-extension-build-baseline/vllm_ascend_kernels_preprocess-prefix/src/vllm_ascend_kernels_preprocess-build/CMakeFiles/aiv_obj.dir/mnt/workspace/hc-pre-reduction-20260930/batch-comb-source-baseline/csrc/kernels/sgmv_expand.cpp.o -o /mnt/workspace/hc-pre-reduction-20260930/iteration-08/full-extension-build-baseline/vllm_ascend_kernels_preprocess-prefix/src/vllm_ascend_kernels_preprocess-build/CMakeFiles/aiv_obj.dir/mnt/workspace/hc-pre-reduction-20260930/batch-comb-source-baseline/csrc/kernels/sgmv_expand.cpp.o/mnt/workspace/mhc-validation-20260930/Ascend/cann-9.1.0/aarch64-linux/ccec_compiler/bin/ld.lld -m aicorelinux -Ttext=0 /mnt/workspace/hc-pre-reduction-20260930/iteration-08/full-extension-build-baseline/vllm_ascend_kernels_preprocess-prefix/src/vllm_ascend_kernels_preprocess-build/CMakeFiles/aiv_obj.dir/mnt/workspace/hc-pre-reduction-20260930/batch-comb-source-baseline/csrc/kernels/sgmv_shrink.cpp.o -o /mnt/workspace/hc-pre-reduction-20260930/iteration-08/full-extension-build-baseline/vllm_ascend_kernels_preprocess-prefix/src/vllm_ascend_kernels_preprocess-build/CMakeFiles/aiv_obj.dir/mnt/workspace/hc-pre-reduction-20260930/batch-comb-source-baseline/csrc/kernels/sgmv_shrink.cpp.o[100%] Built target merge_aiv_obj_text
1 warning generated.
[100%] Built target aic_obj
/mnt/workspace/mhc-validation-20260930/Ascend/cann-9.1.0/aarch64-linux/ccec_compiler/bin/ld.lld -m aicorelinux -Ttext=0 /mnt/workspace/hc-pre-reduction-20260930/iteration-08/full-extension-build-baseline/vllm_ascend_kernels_preprocess-prefix/src/vllm_ascend_kernels_preprocess-build/CMakeFiles/aic_obj.dir/mnt/workspace/hc-pre-reduction-20260930/batch-comb-source-baseline/csrc/kernels/bgmv_expand.cpp.o -o /mnt/workspace/hc-pre-reduction-20260930/iteration-08/full-extension-build-baseline/vllm_ascend_kernels_preprocess-prefix/src/vllm_ascend_kernels_preprocess-build/CMakeFiles/aic_obj.dir/mnt/workspace/hc-pre-reduction-20260930/batch-comb-source-baseline/csrc/kernels/bgmv_expand.cpp.o/mnt/workspace/mhc-validation-20260930/Ascend/cann-9.1.0/aarch64-linux/ccec_compiler/bin/ld.lld -m aicorelinux -Ttext=0 /mnt/workspace/hc-pre-reduction-20260930/iteration-08/full-extension-build-baseline/vllm_ascend_kernels_preprocess-prefix/src/vllm_ascend_kernels_preprocess-build/CMakeFiles/aic_obj.dir/mnt/workspace/hc-pre-reduction-20260930/batch-comb-source-baseline/csrc/kernels/bgmv_shrink.cpp.o -o /mnt/workspace/hc-pre-reduction-20260930/iteration-08/full-extension-build-baseline/vllm_ascend_kernels_preprocess-prefix/src/vllm_ascend_kernels_preprocess-build/CMakeFiles/aic_obj.dir/mnt/workspace/hc-pre-reduction-20260930/batch-comb-source-baseline/csrc/kernels/bgmv_shrink.cpp.o/mnt/workspace/mhc-validation-20260930/Ascend/cann-9.1.0/aarch64-linux/ccec_compiler/bin/ld.lld -m aicorelinux -Ttext=0 /mnt/workspace/hc-pre-reduction-20260930/iteration-08/full-extension-build-baseline/vllm_ascend_kernels_preprocess-prefix/src/vllm_ascend_kernels_preprocess-build/CMakeFiles/aic_obj.dir/mnt/workspace/hc-pre-reduction-20260930/batch-comb-source-baseline/csrc/kernels/sgmv_expand.cpp.o -o /mnt/workspace/hc-pre-reduction-20260930/iteration-08/full-extension-build-baseline/vllm_ascend_kernels_preprocess-prefix/src/vllm_ascend_kernels_preprocess-build/CMakeFiles/aic_obj.dir/mnt/workspace/hc-pre-reduction-20260930/batch-comb-source-baseline/csrc/kernels/sgmv_expand.cpp.o/mnt/workspace/mhc-validation-20260930/Ascend/cann-9.1.0/aarch64-linux/ccec_compiler/bin/ld.lld -m aicorelinux -Ttext=0 /mnt/workspace/hc-pre-reduction-20260930/iteration-08/full-extension-build-baseline/vllm_ascend_kernels_preprocess-prefix/src/vllm_ascend_kernels_preprocess-build/CMakeFiles/aic_obj.dir/mnt/workspace/hc-pre-reduction-20260930/batch-comb-source-baseline/csrc/kernels/sgmv_shrink.cpp.o -o /mnt/workspace/hc-pre-reduction-20260930/iteration-08/full-extension-build-baseline/vllm_ascend_kernels_preprocess-prefix/src/vllm_ascend_kernels_preprocess-build/CMakeFiles/aic_obj.dir/mnt/workspace/hc-pre-reduction-20260930/batch-comb-source-baseline/csrc/kernels/sgmv_shrink.cpp.o[100%] Built target merge_aic_obj_text
[WARNING]: Multiple kernel functions are detected. It is recommended to define only one kernel function per file.
[WARNING]: Multiple kernel functions are detected. It is recommended to define only one kernel function per file.
[WARNING]: Multiple kernel functions are detected. It is recommended to define only one kernel function per file.
[WARNING]: Multiple kernel functions are detected. It is recommended to define only one kernel function per file.
[100%] Built target _host_cpp
[ 31%] No install step for 'vllm_ascend_kernels_preprocess'
[ 33%] Completed 'vllm_ascend_kernels_preprocess'
[ 33%] Built target vllm_ascend_kernels_preprocess
[ 35%] Creating directories for 'vllm_ascend_kernels_aiv_device'
[ 37%] Creating directories for 'vllm_ascend_kernels_aic_device'
[ 39%] No download step for 'vllm_ascend_kernels_aiv_device'
[ 41%] No download step for 'vllm_ascend_kernels_aic_device'
[ 43%] No update step for 'vllm_ascend_kernels_aiv_device'
[ 45%] No update step for 'vllm_ascend_kernels_aic_device'
[ 47%] No patch step for 'vllm_ascend_kernels_aiv_device'
[ 50%] No patch step for 'vllm_ascend_kernels_aic_device'
[ 52%] Performing configure step for 'vllm_ascend_kernels_aiv_device'
[ 54%] Performing configure step for 'vllm_ascend_kernels_aic_device'
-- The C compiler identification is GNU 9.4.0
-- The C compiler identification is GNU 9.4.0
-- The CXX compiler identification is GNU 9.4.0
-- The CXX compiler identification is GNU 9.4.0
-- Detecting C compiler ABI info
-- Detecting C compiler ABI info
-- Detecting C compiler ABI info - done
-- Detecting C compiler ABI info - done
-- Check for working C compiler: /usr/bin/cc - skipped
-- Check for working C compiler: /usr/bin/cc - skipped
-- Detecting C compile features
-- Detecting C compile features
-- Detecting C compile features - done
-- Detecting C compile features - done
-- Detecting CXX compiler ABI info
-- Detecting CXX compiler ABI info
-- Detecting CXX compiler ABI info - done
-- Detecting CXX compiler ABI info - done
-- Check for working CXX compiler: /usr/bin/c++ - skipped
-- Detecting CXX compile features
-- Detecting CXX compile features - done
-- Check for working CXX compiler: /usr/bin/c++ - skipped
-- Detecting CXX compile features
-- Detecting CXX compile features - done
-- Configuring done (0.5s)
-- Configuring done (0.5s)
-- Generating done (0.0s)
CMake Warning (unused-cli):
  Manually-specified variables were not used by the project:

    BUILD_MODE


-- Generating done (0.0s)
-- Build files have been written to: /mnt/workspace/hc-pre-reduction-20260930/iteration-08/full-extension-build-baseline/vllm_ascend_kernels_aic_device-prefix/src/vllm_ascend_kernels_aic_device-build
-- Build files have been written to: /mnt/workspace/hc-pre-reduction-20260930/iteration-08/full-extension-build-baseline/vllm_ascend_kernels_aiv_device-prefix/src/vllm_ascend_kernels_aiv_device-build
[ 58%] Performing build step for 'vllm_ascend_kernels_aiv_device'
[ 58%] Performing build step for 'vllm_ascend_kernels_aic_device'
[ 60%] No install step for 'vllm_ascend_kernels_aic_device'
[ 25%] Building CXX object CMakeFiles/device_aiv_obj.dir/mnt/workspace/hc-pre-reduction-20260930/iteration-08/full-extension-build-baseline/auto_gen/vllm_ascend_kernels/auto_gen_bgmv_expand.cpp.o
[ 62%] Completed 'vllm_ascend_kernels_aic_device'
[ 62%] Built target vllm_ascend_kernels_aic_device
[ 64%] Creating directories for 'vllm_ascend_kernels_host'
[ 66%] No download step for 'vllm_ascend_kernels_host'
[ 68%] No update step for 'vllm_ascend_kernels_host'
[ 70%] No patch step for 'vllm_ascend_kernels_host'
[ 72%] Performing configure step for 'vllm_ascend_kernels_host'
-- The C compiler identification is GNU 9.4.0
-- The CXX compiler identification is GNU 9.4.0
-- Detecting C compiler ABI info
-- Detecting C compiler ABI info - done
-- Check for working C compiler: /usr/bin/cc - skipped
-- Detecting C compile features
-- Detecting C compile features - done
-- Detecting CXX compiler ABI info
-- Detecting CXX compiler ABI info - done
-- Check for working CXX compiler: /usr/bin/c++ - skipped
-- Detecting CXX compile features
-- Detecting CXX compile features - done
-- Configuring done (0.5s)
-- Generating done (0.0s)
CMake Warning (unused-cli):
  Manually-specified variables were not used by the project:

    ASCEND_PYTHON_EXECUTABLE


-- Build files have been written to: /mnt/workspace/hc-pre-reduction-20260930/iteration-08/full-extension-build-baseline/vllm_ascend_kernels_host-prefix/src/vllm_ascend_kernels_host-build
[ 75%] Performing build step for 'vllm_ascend_kernels_host'
[ 25%] Building CXX object CMakeFiles/host_bisheng_obj.dir/mnt/workspace/hc-pre-reduction-20260930/batch-comb-source-baseline/csrc/kernels/bgmv_expand.cpp.o
[ 50%] Building CXX object CMakeFiles/host_bisheng_obj.dir/mnt/workspace/hc-pre-reduction-20260930/batch-comb-source-baseline/csrc/kernels/bgmv_shrink.cpp.o
[ 75%] Building CXX object CMakeFiles/host_bisheng_obj.dir/mnt/workspace/hc-pre-reduction-20260930/batch-comb-source-baseline/csrc/kernels/sgmv_expand.cpp.o
[100%] Building CXX object CMakeFiles/host_bisheng_obj.dir/mnt/workspace/hc-pre-reduction-20260930/batch-comb-source-baseline/csrc/kernels/sgmv_shrink.cpp.o
[ 50%] Building CXX object CMakeFiles/device_aiv_obj.dir/mnt/workspace/hc-pre-reduction-20260930/iteration-08/full-extension-build-baseline/auto_gen/vllm_ascend_kernels/auto_gen_bgmv_shrink.cpp.o
[100%] Built target host_bisheng_obj
[ 77%] Performing install step for 'vllm_ascend_kernels_host'
[100%] Built target host_bisheng_obj
Install the project...
-- Install configuration: "Release"
-- Installing: /mnt/workspace/hc-pre-reduction-20260930/iteration-08/full-extension-build-baseline/vllm_ascend_kernels_host_dir/./objects-Release/host_bisheng_obj/mnt/workspace/hc-pre-reduction-20260930/batch-comb-source-baseline/csrc/kernels/bgmv_expand.cpp.o
-- Installing: /mnt/workspace/hc-pre-reduction-20260930/iteration-08/full-extension-build-baseline/vllm_ascend_kernels_host_dir/./objects-Release/host_bisheng_obj/mnt/workspace/hc-pre-reduction-20260930/batch-comb-source-baseline/csrc/kernels/bgmv_shrink.cpp.o
-- Installing: /mnt/workspace/hc-pre-reduction-20260930/iteration-08/full-extension-build-baseline/vllm_ascend_kernels_host_dir/./objects-Release/host_bisheng_obj/mnt/workspace/hc-pre-reduction-20260930/batch-comb-source-baseline/csrc/kernels/sgmv_expand.cpp.o
-- Installing: /mnt/workspace/hc-pre-reduction-20260930/iteration-08/full-extension-build-baseline/vllm_ascend_kernels_host_dir/./objects-Release/host_bisheng_obj/mnt/workspace/hc-pre-reduction-20260930/batch-comb-source-baseline/csrc/kernels/sgmv_shrink.cpp.o
[ 79%] Completed 'vllm_ascend_kernels_host'
[ 79%] Built target vllm_ascend_kernels_host
[ 75%] Building CXX object CMakeFiles/device_aiv_obj.dir/mnt/workspace/hc-pre-reduction-20260930/iteration-08/full-extension-build-baseline/auto_gen/vllm_ascend_kernels/auto_gen_sgmv_expand.cpp.o
In file included from /mnt/workspace/hc-pre-reduction-20260930/iteration-08/full-extension-build-baseline/auto_gen/vllm_ascend_kernels/auto_gen_bgmv_shrink.cpp:8:
/mnt/workspace/hc-pre-reduction-20260930/batch-comb-source-baseline/csrc/kernels/bgmv_shrink.cpp:156:9: warning: use of function template name with no prior declaration in function call with explicit template arguments is a C++20 extension [-Wc++20-extensions]
        ReduceSum<float>(wTmpTensor, wTmpTensor, wTmpTensor, numElements);
        ^
1 warning generated.
[100%] Building CXX object CMakeFiles/device_aiv_obj.dir/mnt/workspace/hc-pre-reduction-20260930/iteration-08/full-extension-build-baseline/auto_gen/vllm_ascend_kernels/auto_gen_sgmv_shrink.cpp.o
In file included from /mnt/workspace/hc-pre-reduction-20260930/iteration-08/full-extension-build-baseline/auto_gen/vllm_ascend_kernels/auto_gen_sgmv_shrink.cpp:8:
/mnt/workspace/hc-pre-reduction-20260930/batch-comb-source-baseline/csrc/kernels/sgmv_shrink.cpp:168:9: warning: use of function template name with no prior declaration in function call with explicit template arguments is a C++20 extension [-Wc++20-extensions]
        ReduceSum<float>(wTmpTensor, wTmpTensor, wTmpTensor, numElements);
        ^
1 warning generated.
[100%] Built target device_aiv_obj
/mnt/workspace/mhc-validation-20260930/Ascend/cann-9.1.0/aarch64-linux/ccec_compiler/bin/ld.lld  -m aicorelinux -r  -Ttext=0 /mnt/workspace/hc-pre-reduction-20260930/iteration-08/full-extension-build-baseline/vllm_ascend_kernels_aiv_device-prefix/src/vllm_ascend_kernels_aiv_device-build/CMakeFiles/device_aiv_obj.dir/mnt/workspace/hc-pre-reduction-20260930/iteration-08/full-extension-build-baseline/auto_gen/vllm_ascend_kernels/auto_gen_bgmv_expand.cpp.o /mnt/workspace/hc-pre-reduction-20260930/iteration-08/full-extension-build-baseline/vllm_ascend_kernels_aiv_device-prefix/src/vllm_ascend_kernels_aiv_device-build/CMakeFiles/device_aiv_obj.dir/mnt/workspace/hc-pre-reduction-20260930/iteration-08/full-extension-build-baseline/auto_gen/vllm_ascend_kernels/auto_gen_bgmv_shrink.cpp.o /mnt/workspace/hc-pre-reduction-20260930/iteration-08/full-extension-build-baseline/vllm_ascend_kernels_aiv_device-prefix/src/vllm_ascend_kernels_aiv_device-build/CMakeFiles/device_aiv_obj.dir/mnt/workspace/hc-pre-reduction-20260930/iteration-08/full-extension-build-baseline/auto_gen/vllm_ascend_kernels/auto_gen_sgmv_expand.cpp.o /mnt/workspace/hc-pre-reduction-20260930/iteration-08/full-extension-build-baseline/vllm_ascend_kernels_aiv_device-prefix/src/vllm_ascend_kernels_aiv_device-build/CMakeFiles/device_aiv_obj.dir/mnt/workspace/hc-pre-reduction-20260930/iteration-08/full-extension-build-baseline/auto_gen/vllm_ascend_kernels/auto_gen_sgmv_shrink.cpp.o -static -o /mnt/workspace/hc-pre-reduction-20260930/iteration-08/full-extension-build-baseline/vllm_ascend_kernels_aiv_device_dir/device_aiv.o
[100%] Built target merge_aiv_device_obj
[ 81%] No install step for 'vllm_ascend_kernels_aiv_device'
[ 83%] Completed 'vllm_ascend_kernels_aiv_device'
[ 83%] Built target vllm_ascend_kernels_aiv_device
/mnt/workspace/mhc-validation-20260930/Ascend/cann-9.1.0/aarch64-linux/ccec_compiler/bin/ld.lld -x -m aicorelinux   -Ttext=0 /mnt/workspace/hc-pre-reduction-20260930/iteration-08/full-extension-build-baseline/vllm_ascend_kernels_aiv_device_dir/device_aiv.o -static -o /mnt/workspace/hc-pre-reduction-20260930/iteration-08/full-extension-build-baseline/vllm_ascend_kernels_merge_obj_dir/device_aiv.o
[ 83%] Built target vllm_ascend_kernels_merge_obj
[ 85%] Building CXX object CMakeFiles/vllm_ascend_kernels_host_stub_obj.dir/auto_gen/vllm_ascend_kernels/host_stub.cpp.o
[ 85%] Built target vllm_ascend_kernels_host_stub_obj
[ 87%] Linking CXX shared library lib/libvllm_ascend_kernels.so
/mnt/workspace/mhc-validation-20260930/Ascend/cann-9.1.0/bin/ascendc_pack_kernel /mnt/workspace/hc-pre-reduction-20260930/iteration-08/full-extension-build-baseline/CMakeFiles/vllm_ascend_kernels_host_stub_obj.dir/auto_gen/vllm_ascend_kernels/host_stub.cpp.o /mnt/workspace/hc-pre-reduction-20260930/iteration-08/full-extension-build-baseline/vllm_ascend_kernels_merge_obj_dir/device_aiv.o 1 /mnt/workspace/hc-pre-reduction-20260930/iteration-08/full-extension-build-baseline/CMakeFiles/vllm_ascend_kernels_host_stub_obj.dir/auto_gen/vllm_ascend_kernels/host_stub.cpp.o
recompile: /usr/bin/g++-13 -fPIC -O3 -DNDEBUG -shared -Wl,-z,relro -Wl,-z,now -Wl,-z,noexecstack -s -Wl,-soname,libvllm_ascend_kernels.so -o lib/libvllm_ascend_kernels.so CMakeFiles/vllm_ascend_kernels_host_stub_obj.dir/auto_gen/vllm_ascend_kernels/host_stub.cpp.o /mnt/workspace/hc-pre-reduction-20260930/iteration-08/full-extension-build-baseline/vllm_ascend_kernels_host_dir/objects-Release/host_bisheng_obj/mnt/workspace/hc-pre-reduction-20260930/batch-comb-source-baseline/csrc/kernels/bgmv_expand.cpp.o /mnt/workspace/hc-pre-reduction-20260930/iteration-08/full-extension-build-baseline/vllm_ascend_kernels_host_dir/objects-Release/host_bisheng_obj/mnt/workspace/hc-pre-reduction-20260930/batch-comb-source-baseline/csrc/kernels/bgmv_shrink.cpp.o /mnt/workspace/hc-pre-reduction-20260930/iteration-08/full-extension-build-baseline/vllm_ascend_kernels_host_dir/objects-Release/host_bisheng_obj/mnt/workspace/hc-pre-reduction-20260930/batch-comb-source-baseline/csrc/kernels/sgmv_expand.cpp.o /mnt/workspace/hc-pre-reduction-20260930/iteration-08/full-extension-build-baseline/vllm_ascend_kernels_host_dir/objects-Release/host_bisheng_obj/mnt/workspace/hc-pre-reduction-20260930/batch-comb-source-baseline/csrc/kernels/sgmv_shrink.cpp.o    -L/mnt/workspace/mhc-validation-20260930/Ascend/cann-9.1.0/lib64  -L/mnt/workspace/mhc-validation-20260930/Ascend/cann-9.1.0/tools/simulator/ascend910b1/lib  /mnt/workspace/mhc-validation-20260930/Ascend/cann-9.1.0/lib64/libascendc_runtime.a -lascend_dump -lc_sec
[ 87%] Built target vllm_ascend_kernels
[ 89%] Building CXX object CMakeFiles/vllm_ascend_C.dir/csrc/aclnn_torch_adapter/NPUBridge.cpp.o
[ 91%] Building CXX object CMakeFiles/vllm_ascend_C.dir/csrc/aclnn_torch_adapter/NPUStorageImpl.cpp.o
[ 93%] Building CXX object CMakeFiles/vllm_ascend_C.dir/csrc/camem_allocator.cpp.o
[ 95%] Building CXX object CMakeFiles/vllm_ascend_C.dir/csrc/torch_binding.cpp.o
[ 97%] Building CXX object CMakeFiles/vllm_ascend_C.dir/csrc/torch_binding_meta.cpp.o
/mnt/workspace/hc-pre-reduction-20260930/batch-comb-source-baseline/csrc/torch_binding_meta.cpp: In function ‘std::tuple<at::Tensor, at::Tensor, at::Tensor> vllm_ascend::meta::moe_gating_top_k_meta(const at::Tensor&, int64_t, int64_t, int64_t, int64_t, int64_t, int64_t, bool, double, double, const std::optional<at::Tensor>&)’:
/mnt/workspace/hc-pre-reduction-20260930/batch-comb-source-baseline/csrc/torch_binding_meta.cpp:533:48: warning: ‘constexpr T c10::value_or_else(const std::optional<_Tp>&, F&&) [with T = at::Tensor; F = vllm_ascend::meta::moe_gating_top_k_meta(const at::Tensor&, int64_t, int64_t, int64_t, int64_t, int64_t, int64_t, bool, double, double, const std::optional<at::Tensor>&)::<lambda()>]’ is deprecated: Please use std::optional::value_or instead of c10::value_or_else [-Wdeprecated-declarations]
  533 |     const at::Tensor &bias = c10::value_or_else(bias_opt, [] { return at::Tensor(); });
      |                              ~~~~~~~~~~~~~~~~~~^~~~~~~~~~~~~~~~~~~~~~~~~~~~~~~~~~~~~~~
In file included from /mnt/workspace/mhc-validation-20260930/venv/lib/python3.12/site-packages/torch/include/c10/core/SymInt.h:9,
                 from /mnt/workspace/mhc-validation-20260930/venv/lib/python3.12/site-packages/torch/include/c10/core/Scalar.h:13,
                 from /mnt/workspace/mhc-validation-20260930/venv/lib/python3.12/site-packages/torch/include/ATen/core/TensorBody.h:17,
                 from /mnt/workspace/mhc-validation-20260930/venv/lib/python3.12/site-packages/torch/include/ATen/core/Tensor.h:4,
                 from /mnt/workspace/mhc-validation-20260930/venv/lib/python3.12/site-packages/torch/include/ATen/Tensor.h:4,
                 from /mnt/workspace/mhc-validation-20260930/venv/lib/python3.12/site-packages/torch/include/torch/csrc/autograd/function_hook.h:4,
                 from /mnt/workspace/mhc-validation-20260930/venv/lib/python3.12/site-packages/torch/include/torch/csrc/autograd/cpp_hook.h:3,
                 from /mnt/workspace/mhc-validation-20260930/venv/lib/python3.12/site-packages/torch/include/torch/csrc/autograd/variable.h:7,
                 from /mnt/workspace/mhc-validation-20260930/venv/lib/python3.12/site-packages/torch/include/torch/csrc/autograd/autograd.h:4,
                 from /mnt/workspace/mhc-validation-20260930/venv/lib/python3.12/site-packages/torch/include/torch/csrc/api/include/torch/autograd.h:4,
                 from /mnt/workspace/mhc-validation-20260930/venv/lib/python3.12/site-packages/torch/include/torch/csrc/api/include/torch/all.h:8,
                 from /mnt/workspace/mhc-validation-20260930/venv/lib/python3.12/site-packages/torch/include/torch/extension.h:6,
                 from /mnt/workspace/hc-pre-reduction-20260930/batch-comb-source-baseline/csrc/torch_binding_meta.cpp:1:
/mnt/workspace/mhc-validation-20260930/venv/lib/python3.12/site-packages/torch/include/c10/util/Optional.h:40:1: note: declared here
   40 | value_or_else(const std::optional<T>& v, F&& func) {
      | ^~~~~~~~~~~~~
/mnt/workspace/hc-pre-reduction-20260930/batch-comb-source-baseline/csrc/torch_binding_meta.cpp: In function ‘std::tuple<at::Tensor, at::Tensor, at::Tensor> vllm_ascend::meta::chunk_gated_delta_rule_fwd_h_meta(const at::Tensor&, const at::Tensor&, const at::Tensor&, const std::optional<at::Tensor>&, const std::optional<at::Tensor>&, const std::optional<at::Tensor>&, std::optional<bool>, std::optional<long int>, std::optional<bool>, std::optional<c10::ArrayRef<long int> >, std::optional<c10::ArrayRef<long int> >, std::optional<bool>, std::optional<bool>)’:
/mnt/workspace/hc-pre-reduction-20260930/batch-comb-source-baseline/csrc/torch_binding_meta.cpp:1677:58: warning: ‘constexpr T c10::value_or_else(const std::optional<_Tp>&, F&&) [with T = at::Tensor; F = vllm_ascend::meta::chunk_gated_delta_rule_fwd_h_meta(const at::Tensor&, const at::Tensor&, const at::Tensor&, const std::optional<at::Tensor>&, const std::optional<at::Tensor>&, const std::optional<at::Tensor>&, std::optional<bool>, std::optional<long int>, std::optional<bool>, std::optional<c10::ArrayRef<long int> >, std::optional<c10::ArrayRef<long int> >, std::optional<bool>, std::optional<bool>)::<lambda()>]’ is deprecated: Please use std::optional::value_or instead of c10::value_or_else [-Wdeprecated-declarations]
 1677 |     const at::Tensor &initial_state_ = c10::value_or_else(initial_state, [] { return at::Tensor(); });
      |                                        ~~~~~~~~~~~~~~~~~~^~~~~~~~~~~~~~~~~~~~~~~~~~~~~~~~~~~~~~~~~~~~
/mnt/workspace/mhc-validation-20260930/venv/lib/python3.12/site-packages/torch/include/c10/util/Optional.h:40:1: note: declared here
   40 | value_or_else(const std::optional<T>& v, F&& func) {
      | ^~~~~~~~~~~~~
/mnt/workspace/hc-pre-reduction-20260930/batch-comb-source-baseline/csrc/torch_binding_meta.cpp:1679:46: warning: ‘constexpr T c10::value_or_else(const std::optional<_Tp>&, F&&) [with T = at::Tensor; F = vllm_ascend::meta::chunk_gated_delta_rule_fwd_h_meta(const at::Tensor&, const at::Tensor&, const at::Tensor&, const std::optional<at::Tensor>&, const std::optional<at::Tensor>&, const std::optional<at::Tensor>&, std::optional<bool>, std::optional<long int>, std::optional<bool>, std::optional<c10::ArrayRef<long int> >, std::optional<c10::ArrayRef<long int> >, std::optional<bool>, std::optional<bool>)::<lambda()>]’ is deprecated: Please use std::optional::value_or instead of c10::value_or_else [-Wdeprecated-declarations]
 1679 |     const at::Tensor &g_ = c10::value_or_else(g, [] { return at::Tensor(); });
      |                            ~~~~~~~~~~~~~~~~~~^~~~~~~~~~~~~~~~~~~~~~~~~~~~~~~~
/mnt/workspace/mhc-validation-20260930/venv/lib/python3.12/site-packages/torch/include/c10/util/Optional.h:40:1: note: declared here
   40 | value_or_else(const std::optional<T>& v, F&& func) {
      | ^~~~~~~~~~~~~
/mnt/workspace/hc-pre-reduction-20260930/batch-comb-source-baseline/csrc/torch_binding_meta.cpp:1680:47: warning: ‘constexpr T c10::value_or_else(const std::optional<_Tp>&, F&&) [with T = at::Tensor; F = vllm_ascend::meta::chunk_gated_delta_rule_fwd_h_meta(const at::Tensor&, const at::Tensor&, const at::Tensor&, const std::optional<at::Tensor>&, const std::optional<at::Tensor>&, const std::optional<at::Tensor>&, std::optional<bool>, std::optional<long int>, std::optional<bool>, std::optional<c10::ArrayRef<long int> >, std::optional<c10::ArrayRef<long int> >, std::optional<bool>, std::optional<bool>)::<lambda()>]’ is deprecated: Please use std::optional::value_or instead of c10::value_or_else [-Wdeprecated-declarations]
 1680 |     const at::Tensor &gk_ = c10::value_or_else(gk, [] { return at::Tensor(); });
      |                             ~~~~~~~~~~~~~~~~~~^~~~~~~~~~~~~~~~~~~~~~~~~~~~~~~~~
/mnt/workspace/mhc-validation-20260930/venv/lib/python3.12/site-packages/torch/include/c10/util/Optional.h:40:1: note: declared here
   40 | value_or_else(const std::optional<T>& v, F&& func) {
      | ^~~~~~~~~~~~~
/mnt/workspace/hc-pre-reduction-20260930/batch-comb-source-baseline/csrc/torch_binding_meta.cpp: In function ‘at::Tensor vllm_ascend::meta::chunk_fwd_o_vllm_meta(const at::Tensor&, const at::Tensor&, const at::Tensor&, const at::Tensor&, double, const std::optional<at::Tensor>&, const std::optional<at::Tensor>&, std::optional<c10::ArrayRef<long int> >, std::optional<c10::ArrayRef<long int> >, std::optional<long int>, std::optional<bool>)’:
/mnt/workspace/hc-pre-reduction-20260930/batch-comb-source-baseline/csrc/torch_binding_meta.cpp:1734:46: warning: ‘constexpr T c10::value_or_else(const std::optional<_Tp>&, F&&) [with T = at::Tensor; F = vllm_ascend::meta::chunk_fwd_o_vllm_meta(const at::Tensor&, const at::Tensor&, const at::Tensor&, const at::Tensor&, double, const std::optional<at::Tensor>&, const std::optional<at::Tensor>&, std::optional<c10::ArrayRef<long int> >, std::optional<c10::ArrayRef<long int> >, std::optional<long int>, std::optional<bool>)::<lambda()>]’ is deprecated: Please use std::optional::value_or instead of c10::value_or_else [-Wdeprecated-declarations]
 1734 |     const at::Tensor &g_ = c10::value_or_else(g, [] { return at::Tensor(); });
      |                            ~~~~~~~~~~~~~~~~~~^~~~~~~~~~~~~~~~~~~~~~~~~~~~~~~~
/mnt/workspace/mhc-validation-20260930/venv/lib/python3.12/site-packages/torch/include/c10/util/Optional.h:40:1: note: declared here
   40 | value_or_else(const std::optional<T>& v, F&& func) {
      | ^~~~~~~~~~~~~
In file included from /mnt/workspace/hc-pre-reduction-20260930/batch-comb-source-baseline/csrc/torch_binding.cpp:32:
/mnt/workspace/hc-pre-reduction-20260930/batch-comb-source-baseline/csrc/moe/add_rms_norm_bias/add_rms_norm_bias_torch_adpt.h: In function ‘std::tuple<at::Tensor, at::Tensor, at::Tensor> vllm_ascend::npu_add_rms_norm_bias(const at::Tensor&, const at::Tensor&, const at::Tensor&, const std::optional<at::Tensor>&, double)’:
/mnt/workspace/hc-pre-reduction-20260930/batch-comb-source-baseline/csrc/aclnn_torch_adapter/op_api_common.h:743:22: warning: narrowing conversion of ‘workspace_size’ from ‘uint64_t’ {aka ‘long unsigned int’} to ‘long int’ [-Wnarrowing]
  743 |           at::empty({workspace_size}, options.dtype(kByte));                  \
      |                      ^~~~~~~~~~~~~~
/mnt/workspace/hc-pre-reduction-20260930/batch-comb-source-baseline/csrc/moe/add_rms_norm_bias/add_rms_norm_bias_torch_adpt.h:49:5: note: in expansion of macro ‘EXEC_NPU_CMD’
   49 |     EXEC_NPU_CMD(aclnnAddRmsNormBias, x1, x2, gamma, beta, epsilon, y, rstd, x);
      |     ^~~~~~~~~~~~
/mnt/workspace/hc-pre-reduction-20260930/batch-comb-source-baseline/csrc/aclnn_torch_adapter/op_api_common.h:743:22: warning: narrowing conversion of ‘workspace_size’ from ‘uint64_t’ {aka ‘long unsigned int’} to ‘long int’ [-Wnarrowing]
  743 |           at::empty({workspace_size}, options.dtype(kByte));                  \
      |                      ^~~~~~~~~~~~~~
/mnt/workspace/hc-pre-reduction-20260930/batch-comb-source-baseline/csrc/moe/add_rms_norm_bias/add_rms_norm_bias_torch_adpt.h:49:5: note: in expansion of macro ‘EXEC_NPU_CMD’
   49 |     EXEC_NPU_CMD(aclnnAddRmsNormBias, x1, x2, gamma, beta, epsilon, y, rstd, x);
      |     ^~~~~~~~~~~~
/mnt/workspace/hc-pre-reduction-20260930/batch-comb-source-baseline/csrc/moe/rms_norm_cast/rms_norm_cast_torch_adpt.h: In function ‘std::tuple<at::Tensor, at::Tensor> vllm_ascend::npu_rms_norm_cast(const at::Tensor&, const at::Tensor&, double)’:
/mnt/workspace/hc-pre-reduction-20260930/batch-comb-source-baseline/csrc/aclnn_torch_adapter/op_api_common.h:743:22: warning: narrowing conversion of ‘workspace_size’ from ‘uint64_t’ {aka ‘long unsigned int’} to ‘long int’ [-Wnarrowing]
  743 |           at::empty({workspace_size}, options.dtype(kByte));                  \
      |                      ^~~~~~~~~~~~~~
/mnt/workspace/hc-pre-reduction-20260930/batch-comb-source-baseline/csrc/moe/rms_norm_cast/rms_norm_cast_torch_adpt.h:21:5: note: in expansion of macro ‘EXEC_NPU_CMD’
   21 |     EXEC_NPU_CMD(aclnnRmsNormCast, x, gamma, epsilon, y, y_fp32);
      |     ^~~~~~~~~~~~
/mnt/workspace/hc-pre-reduction-20260930/batch-comb-source-baseline/csrc/aclnn_torch_adapter/op_api_common.h:743:22: warning: narrowing conversion of ‘workspace_size’ from ‘uint64_t’ {aka ‘long unsigned int’} to ‘long int’ [-Wnarrowing]
  743 |           at::empty({workspace_size}, options.dtype(kByte));                  \
      |                      ^~~~~~~~~~~~~~
/mnt/workspace/hc-pre-reduction-20260930/batch-comb-source-baseline/csrc/moe/rms_norm_cast/rms_norm_cast_torch_adpt.h:21:5: note: in expansion of macro ‘EXEC_NPU_CMD’
   21 |     EXEC_NPU_CMD(aclnnRmsNormCast, x, gamma, epsilon, y, y_fp32);
      |     ^~~~~~~~~~~~
/mnt/workspace/hc-pre-reduction-20260930/batch-comb-source-baseline/csrc/mla_preprocess/mla_preprocess_torch_adpt.h: In function ‘std::tuple<at::Tensor&, at::Tensor&, at::Tensor&, at::Tensor&, at::Tensor&> vllm_ascend::mla_preprocess(const at::Tensor&, const at::Tensor&, const std::optional<at::Tensor>&, const at::Tensor&, const std::optional<at::Tensor>&, const at::Tensor&, const std::optional<at::Tensor>&, const at::Tensor&, const std::optional<at::Tensor>&, const std::optional<at::Tensor>&, const at::Tensor&, const at::Tensor&, const at::Tensor&, const at::Tensor&, const std::optional<at::Tensor>&, const std::optional<at::Tensor>&, const std::optional<at::Tensor>&, const std::optional<at::Tensor>&, const std::optional<at::Tensor>&, const std::optional<at::Tensor>&, const std::optional<at::Tensor>&, const std::optional<at::Tensor>&, std::optional<std::basic_string_view<char> >, std::optional<std::basic_string_view<char> >, std::optional<bool>, at::Tensor&, at::Tensor&, at::Tensor&, at::Tensor&, at::Tensor&)’:
/mnt/workspace/hc-pre-reduction-20260930/batch-comb-source-baseline/csrc/aclnn_torch_adapter/op_api_common.h:743:22: warning: narrowing conversion of ‘workspace_size’ from ‘uint64_t’ {aka ‘long unsigned int’} to ‘long int’ [-Wnarrowing]
  743 |           at::empty({workspace_size}, options.dtype(kByte));                  \
      |                      ^~~~~~~~~~~~~~
/mnt/workspace/hc-pre-reduction-20260930/batch-comb-source-baseline/csrc/mla_preprocess/mla_preprocess_torch_adpt.h:155:5: note: in expansion of macro ‘EXEC_NPU_CMD’
  155 |     EXEC_NPU_CMD(
      |     ^~~~~~~~~~~~
/mnt/workspace/hc-pre-reduction-20260930/batch-comb-source-baseline/csrc/aclnn_torch_adapter/op_api_common.h:743:22: warning: narrowing conversion of ‘workspace_size’ from ‘uint64_t’ {aka ‘long unsigned int’} to ‘long int’ [-Wnarrowing]
  743 |           at::empty({workspace_size}, options.dtype(kByte));                  \
      |                      ^~~~~~~~~~~~~~
/mnt/workspace/hc-pre-reduction-20260930/batch-comb-source-baseline/csrc/mla_preprocess/mla_preprocess_torch_adpt.h:155:5: note: in expansion of macro ‘EXEC_NPU_CMD’
  155 |     EXEC_NPU_CMD(
      |     ^~~~~~~~~~~~
/mnt/workspace/hc-pre-reduction-20260930/batch-comb-source-baseline/csrc/mc2/dispatch_ffn_combine/dispatch_ffn_combine_torch_adpt.h: In function ‘std::tuple<at::Tensor&, at::Tensor&> vllm_ascend::dispatch_ffn_combine(const at::Tensor&, const at::TensorList&, const at::TensorList&, const at::Tensor&, const at::TensorList&, const at::TensorList&, const at::TensorList&, const at::TensorList&, const at::Tensor&, c10::string_view, int64_t, at::Tensor&, at::Tensor&, const std::optional<at::Tensor>&, double)’:
/mnt/workspace/hc-pre-reduction-20260930/batch-comb-source-baseline/csrc/aclnn_torch_adapter/op_api_common.h:743:22: warning: narrowing conversion of ‘workspace_size’ from ‘uint64_t’ {aka ‘long unsigned int’} to ‘long int’ [-Wnarrowing]
  743 |           at::empty({workspace_size}, options.dtype(kByte));                  \
      |                      ^~~~~~~~~~~~~~
/mnt/workspace/hc-pre-reduction-20260930/batch-comb-source-baseline/csrc/mc2/dispatch_ffn_combine/dispatch_ffn_combine_torch_adpt.h:41:9: note: in expansion of macro ‘EXEC_NPU_CMD’
   41 |         EXEC_NPU_CMD(aclnnDispatchFFNCombine,
      |         ^~~~~~~~~~~~
/mnt/workspace/hc-pre-reduction-20260930/batch-comb-source-baseline/csrc/aclnn_torch_adapter/op_api_common.h:743:22: warning: narrowing conversion of ‘workspace_size’ from ‘uint64_t’ {aka ‘long unsigned int’} to ‘long int’ [-Wnarrowing]
  743 |           at::empty({workspace_size}, options.dtype(kByte));                  \
      |                      ^~~~~~~~~~~~~~
/mnt/workspace/hc-pre-reduction-20260930/batch-comb-source-baseline/csrc/mc2/dispatch_ffn_combine/dispatch_ffn_combine_torch_adpt.h:41:9: note: in expansion of macro ‘EXEC_NPU_CMD’
   41 |         EXEC_NPU_CMD(aclnnDispatchFFNCombine,
      |         ^~~~~~~~~~~~
/mnt/workspace/hc-pre-reduction-20260930/batch-comb-source-baseline/csrc/aclnn_torch_adapter/op_api_common.h:743:22: warning: narrowing conversion of ‘workspace_size’ from ‘uint64_t’ {aka ‘long unsigned int’} to ‘long int’ [-Wnarrowing]
  743 |           at::empty({workspace_size}, options.dtype(kByte));                  \
      |                      ^~~~~~~~~~~~~~
/mnt/workspace/hc-pre-reduction-20260930/batch-comb-source-baseline/csrc/mc2/dispatch_ffn_combine/dispatch_ffn_combine_torch_adpt.h:56:9: note: in expansion of macro ‘EXEC_NPU_CMD’
   56 |         EXEC_NPU_CMD(aclnnDispatchFFNCombineW4A8,
      |         ^~~~~~~~~~~~
/mnt/workspace/hc-pre-reduction-20260930/batch-comb-source-baseline/csrc/aclnn_torch_adapter/op_api_common.h:743:22: warning: narrowing conversion of ‘workspace_size’ from ‘uint64_t’ {aka ‘long unsigned int’} to ‘long int’ [-Wnarrowing]
  743 |           at::empty({workspace_size}, options.dtype(kByte));                  \
      |                      ^~~~~~~~~~~~~~
/mnt/workspace/hc-pre-reduction-20260930/batch-comb-source-baseline/csrc/mc2/dispatch_ffn_combine/dispatch_ffn_combine_torch_adpt.h:56:9: note: in expansion of macro ‘EXEC_NPU_CMD’
   56 |         EXEC_NPU_CMD(aclnnDispatchFFNCombineW4A8,
      |         ^~~~~~~~~~~~
/mnt/workspace/hc-pre-reduction-20260930/batch-comb-source-baseline/csrc/aclnn_torch_adapter/op_api_common.h:743:22: warning: narrowing conversion of ‘workspace_size’ from ‘uint64_t’ {aka ‘long unsigned int’} to ‘long int’ [-Wnarrowing]
  743 |           at::empty({workspace_size}, options.dtype(kByte));                  \
      |                      ^~~~~~~~~~~~~~
/mnt/workspace/hc-pre-reduction-20260930/batch-comb-source-baseline/csrc/mc2/dispatch_ffn_combine/dispatch_ffn_combine_torch_adpt.h:73:9: note: in expansion of macro ‘EXEC_NPU_CMD’
   73 |         EXEC_NPU_CMD(aclnnDispatchFFNCombineBF16,
      |         ^~~~~~~~~~~~
/mnt/workspace/hc-pre-reduction-20260930/batch-comb-source-baseline/csrc/aclnn_torch_adapter/op_api_common.h:743:22: warning: narrowing conversion of ‘workspace_size’ from ‘uint64_t’ {aka ‘long unsigned int’} to ‘long int’ [-Wnarrowing]
  743 |           at::empty({workspace_size}, options.dtype(kByte));                  \
      |                      ^~~~~~~~~~~~~~
/mnt/workspace/hc-pre-reduction-20260930/batch-comb-source-baseline/csrc/mc2/dispatch_ffn_combine/dispatch_ffn_combine_torch_adpt.h:73:9: note: in expansion of macro ‘EXEC_NPU_CMD’
   73 |         EXEC_NPU_CMD(aclnnDispatchFFNCombineBF16,
      |         ^~~~~~~~~~~~
/mnt/workspace/hc-pre-reduction-20260930/batch-comb-source-baseline/csrc/gmm/grouped_matmul_swiglu_quant_weight_nz_tensor_list/grouped_matmul_swiglu_quant_torch_adpt.h: In function ‘std::tuple<at::Tensor, at::Tensor, at::Tensor> vllm_ascend::grouped_matmul_swiglu_quant_weight_nz(const at::Tensor&, const at::Tensor&, const at::Tensor&, const at::Tensor&, const at::Tensor&, const std::optional<at::Tensor>&, const std::optional<at::Tensor>&, double)’:
/mnt/workspace/hc-pre-reduction-20260930/batch-comb-source-baseline/csrc/aclnn_torch_adapter/op_api_common.h:743:22: warning: narrowing conversion of ‘workspace_size’ from ‘uint64_t’ {aka ‘long unsigned int’} to ‘long int’ [-Wnarrowing]
  743 |           at::empty({workspace_size}, options.dtype(kByte));                  \
      |                      ^~~~~~~~~~~~~~
/mnt/workspace/hc-pre-reduction-20260930/batch-comb-source-baseline/csrc/gmm/grouped_matmul_swiglu_quant_weight_nz_tensor_list/grouped_matmul_swiglu_quant_torch_adpt.h:37:5: note: in expansion of macro ‘EXEC_NPU_CMD’
   37 |     EXEC_NPU_CMD(
      |     ^~~~~~~~~~~~
/mnt/workspace/hc-pre-reduction-20260930/batch-comb-source-baseline/csrc/aclnn_torch_adapter/op_api_common.h:743:22: warning: narrowing conversion of ‘workspace_size’ from ‘uint64_t’ {aka ‘long unsigned int’} to ‘long int’ [-Wnarrowing]
  743 |           at::empty({workspace_size}, options.dtype(kByte));                  \
      |                      ^~~~~~~~~~~~~~
/mnt/workspace/hc-pre-reduction-20260930/batch-comb-source-baseline/csrc/gmm/grouped_matmul_swiglu_quant_weight_nz_tensor_list/grouped_matmul_swiglu_quant_torch_adpt.h:37:5: note: in expansion of macro ‘EXEC_NPU_CMD’
   37 |     EXEC_NPU_CMD(
      |     ^~~~~~~~~~~~
/mnt/workspace/hc-pre-reduction-20260930/batch-comb-source-baseline/csrc/gmm/grouped_matmul_swiglu_quant_weight_nz_tensor_list/grouped_matmul_swiglu_quant_torch_adpt.h: In function ‘std::tuple<at::Tensor, at::Tensor, at::Tensor> vllm_ascend::grouped_matmul_swiglu_quant_weight_nz_tensor_list(const at::Tensor&, const at::TensorList&, const at::TensorList&, const at::Tensor&, const at::Tensor&, const std::optional<at::Tensor>&, const std::optional<at::Tensor>&, double)’:
/mnt/workspace/hc-pre-reduction-20260930/batch-comb-source-baseline/csrc/aclnn_torch_adapter/op_api_common.h:743:22: warning: narrowing conversion of ‘workspace_size’ from ‘uint64_t’ {aka ‘long unsigned int’} to ‘long int’ [-Wnarrowing]
  743 |           at::empty({workspace_size}, options.dtype(kByte));                  \
      |                      ^~~~~~~~~~~~~~
/mnt/workspace/hc-pre-reduction-20260930/batch-comb-source-baseline/csrc/gmm/grouped_matmul_swiglu_quant_weight_nz_tensor_list/grouped_matmul_swiglu_quant_torch_adpt.h:82:5: note: in expansion of macro ‘EXEC_NPU_CMD’
   82 |     EXEC_NPU_CMD(
      |     ^~~~~~~~~~~~
/mnt/workspace/hc-pre-reduction-20260930/batch-comb-source-baseline/csrc/aclnn_torch_adapter/op_api_common.h:743:22: warning: narrowing conversion of ‘workspace_size’ from ‘uint64_t’ {aka ‘long unsigned int’} to ‘long int’ [-Wnarrowing]
  743 |           at::empty({workspace_size}, options.dtype(kByte));                  \
      |                      ^~~~~~~~~~~~~~
/mnt/workspace/hc-pre-reduction-20260930/batch-comb-source-baseline/csrc/gmm/grouped_matmul_swiglu_quant_weight_nz_tensor_list/grouped_matmul_swiglu_quant_torch_adpt.h:82:5: note: in expansion of macro ‘EXEC_NPU_CMD’
   82 |     EXEC_NPU_CMD(
      |     ^~~~~~~~~~~~
/mnt/workspace/hc-pre-reduction-20260930/batch-comb-source-baseline/csrc/gmm/grouped_matmul_swiglu_quant_v2/grouped_matmul_swiglu_quant_v2_torch_adpt.h: In function ‘std::tuple<at::Tensor, at::Tensor> vllm_ascend::grouped_matmul_swiglu_quant_v2(const at::Tensor&, const at::TensorList&, const at::TensorList&, const at::Tensor&, const at::Tensor&, const std::optional<at::Tensor>&, std::optional<c10::ArrayRef<at::Tensor> >, const std::optional<at::Tensor>&, std::optional<long int>, std::optional<long int>, std::optional<long int>, std::optional<long int>, bool, int64_t, at::IntArrayRef, double)’:
/mnt/workspace/hc-pre-reduction-20260930/batch-comb-source-baseline/csrc/aclnn_torch_adapter/op_api_common.h:743:22: warning: narrowing conversion of ‘workspace_size’ from ‘uint64_t’ {aka ‘long unsigned int’} to ‘long int’ [-Wnarrowing]
  743 |           at::empty({workspace_size}, options.dtype(kByte));                  \
      |                      ^~~~~~~~~~~~~~
/mnt/workspace/hc-pre-reduction-20260930/batch-comb-source-baseline/csrc/gmm/grouped_matmul_swiglu_quant_v2/grouped_matmul_swiglu_quant_v2_torch_adpt.h:53:5: note: in expansion of macro ‘EXEC_NPU_CMD’
   53 |     EXEC_NPU_CMD(
      |     ^~~~~~~~~~~~
/mnt/workspace/hc-pre-reduction-20260930/batch-comb-source-baseline/csrc/aclnn_torch_adapter/op_api_common.h:743:22: warning: narrowing conversion of ‘workspace_size’ from ‘uint64_t’ {aka ‘long unsigned int’} to ‘long int’ [-Wnarrowing]
  743 |           at::empty({workspace_size}, options.dtype(kByte));                  \
      |                      ^~~~~~~~~~~~~~
/mnt/workspace/hc-pre-reduction-20260930/batch-comb-source-baseline/csrc/gmm/grouped_matmul_swiglu_quant_v2/grouped_matmul_swiglu_quant_v2_torch_adpt.h:53:5: note: in expansion of macro ‘EXEC_NPU_CMD’
   53 |     EXEC_NPU_CMD(
      |     ^~~~~~~~~~~~
In file included from /mnt/workspace/hc-pre-reduction-20260930/batch-comb-source-baseline/csrc/torch_binding.cpp:41:
/mnt/workspace/hc-pre-reduction-20260930/batch-comb-source-baseline/csrc/moe/moe_gating_top_k/moe_gating_top_k_torch_adpt.h: In function ‘std::tuple<at::Tensor, at::Tensor, at::Tensor> vllm_ascend::moe_gating_top_k(const at::Tensor&, int64_t, int64_t, int64_t, int64_t, int64_t, int64_t, bool, double, double, const std::optional<at::Tensor>&)’:
/mnt/workspace/hc-pre-reduction-20260930/batch-comb-source-baseline/csrc/moe/moe_gating_top_k/moe_gating_top_k_torch_adpt.h:42:48: warning: ‘constexpr T c10::value_or_else(const std::optional<_Tp>&, F&&) [with T = at::Tensor; F = vllm_ascend::moe_gating_top_k(const at::Tensor&, int64_t, int64_t, int64_t, int64_t, int64_t, int64_t, bool, double, double, const std::optional<at::Tensor>&)::<lambda()>]’ is deprecated: Please use std::optional::value_or instead of c10::value_or_else [-Wdeprecated-declarations]
   42 |     const at::Tensor &bias = c10::value_or_else(bias_opt, [] { return at::Tensor(); });
      |                              ~~~~~~~~~~~~~~~~~~^~~~~~~~~~~~~~~~~~~~~~~~~~~~~~~~~~~~~~~
In file included from /mnt/workspace/mhc-validation-20260930/venv/lib/python3.12/site-packages/torch/include/c10/core/SymInt.h:9,
                 from /mnt/workspace/mhc-validation-20260930/venv/lib/python3.12/site-packages/torch/include/c10/core/Scalar.h:13,
                 from /mnt/workspace/mhc-validation-20260930/venv/lib/python3.12/site-packages/torch/include/ATen/core/TensorBody.h:17,
                 from /mnt/workspace/mhc-validation-20260930/venv/lib/python3.12/site-packages/torch/include/ATen/core/Tensor.h:4,
                 from /mnt/workspace/mhc-validation-20260930/venv/lib/python3.12/site-packages/torch/include/ATen/Tensor.h:4,
                 from /mnt/workspace/mhc-validation-20260930/venv/lib/python3.12/site-packages/torch/include/torch/csrc/autograd/function_hook.h:4,
                 from /mnt/workspace/mhc-validation-20260930/venv/lib/python3.12/site-packages/torch/include/torch/csrc/autograd/cpp_hook.h:3,
                 from /mnt/workspace/mhc-validation-20260930/venv/lib/python3.12/site-packages/torch/include/torch/csrc/autograd/variable.h:7,
                 from /mnt/workspace/mhc-validation-20260930/venv/lib/python3.12/site-packages/torch/include/torch/csrc/autograd/autograd.h:4,
                 from /mnt/workspace/mhc-validation-20260930/venv/lib/python3.12/site-packages/torch/include/torch/csrc/api/include/torch/autograd.h:4,
                 from /mnt/workspace/mhc-validation-20260930/venv/lib/python3.12/site-packages/torch/include/torch/csrc/api/include/torch/all.h:8,
                 from /mnt/workspace/mhc-validation-20260930/venv/lib/python3.12/site-packages/torch/include/torch/extension.h:6,
                 from /mnt/workspace/hc-pre-reduction-20260930/batch-comb-source-baseline/csrc/torch_binding.cpp:18:
/mnt/workspace/mhc-validation-20260930/venv/lib/python3.12/site-packages/torch/include/c10/util/Optional.h:40:1: note: declared here
   40 | value_or_else(const std::optional<T>& v, F&& func) {
      | ^~~~~~~~~~~~~
/mnt/workspace/hc-pre-reduction-20260930/batch-comb-source-baseline/csrc/aclnn_torch_adapter/op_api_common.h:743:22: warning: narrowing conversion of ‘workspace_size’ from ‘uint64_t’ {aka ‘long unsigned int’} to ‘long int’ [-Wnarrowing]
  743 |           at::empty({workspace_size}, options.dtype(kByte));                  \
      |                      ^~~~~~~~~~~~~~
/mnt/workspace/hc-pre-reduction-20260930/batch-comb-source-baseline/csrc/moe/moe_gating_top_k/moe_gating_top_k_torch_adpt.h:53:5: note: in expansion of macro ‘EXEC_NPU_CMD’
   53 |     EXEC_NPU_CMD(aclnnMoeGatingTopK,
      |     ^~~~~~~~~~~~
/mnt/workspace/hc-pre-reduction-20260930/batch-comb-source-baseline/csrc/aclnn_torch_adapter/op_api_common.h:743:22: warning: narrowing conversion of ‘workspace_size’ from ‘uint64_t’ {aka ‘long unsigned int’} to ‘long int’ [-Wnarrowing]
  743 |           at::empty({workspace_size}, options.dtype(kByte));                  \
      |                      ^~~~~~~~~~~~~~
/mnt/workspace/hc-pre-reduction-20260930/batch-comb-source-baseline/csrc/moe/moe_gating_top_k/moe_gating_top_k_torch_adpt.h:53:5: note: in expansion of macro ‘EXEC_NPU_CMD’
   53 |     EXEC_NPU_CMD(aclnnMoeGatingTopK,
      |     ^~~~~~~~~~~~
/mnt/workspace/hc-pre-reduction-20260930/batch-comb-source-baseline/csrc/attention/sparse_flash_attention/sparse_flash_attention_torch_adpt.h: In function ‘std::tuple<at::Tensor, at::Tensor, at::Tensor> vllm_ascend::npu_sparse_flash_attention(const at::Tensor&, const at::Tensor&, const at::Tensor&, const at::Tensor&, double, const std::optional<at::Tensor>&, const std::optional<at::Tensor>&, const std::optional<at::Tensor>&, const std::optional<at::Tensor>&, const std::optional<at::Tensor>&, int64_t, c10::string_view, c10::string_view, int64_t, int64_t, int64_t, int64_t, bool)’:
/mnt/workspace/hc-pre-reduction-20260930/batch-comb-source-baseline/csrc/aclnn_torch_adapter/op_api_common.h:743:22: warning: narrowing conversion of ‘workspace_size’ from ‘uint64_t’ {aka ‘long unsigned int’} to ‘long int’ [-Wnarrowing]
  743 |           at::empty({workspace_size}, options.dtype(kByte));                  \
      |                      ^~~~~~~~~~~~~~
/mnt/workspace/hc-pre-reduction-20260930/batch-comb-source-baseline/csrc/attention/sparse_flash_attention/sparse_flash_attention_torch_adpt.h:124:5: note: in expansion of macro ‘EXEC_NPU_CMD’
  124 |     EXEC_NPU_CMD(
      |     ^~~~~~~~~~~~
/mnt/workspace/hc-pre-reduction-20260930/batch-comb-source-baseline/csrc/aclnn_torch_adapter/op_api_common.h:743:22: warning: narrowing conversion of ‘workspace_size’ from ‘uint64_t’ {aka ‘long unsigned int’} to ‘long int’ [-Wnarrowing]
  743 |           at::empty({workspace_size}, options.dtype(kByte));                  \
      |                      ^~~~~~~~~~~~~~
/mnt/workspace/hc-pre-reduction-20260930/batch-comb-source-baseline/csrc/attention/sparse_flash_attention/sparse_flash_attention_torch_adpt.h:124:5: note: in expansion of macro ‘EXEC_NPU_CMD’
  124 |     EXEC_NPU_CMD(
      |     ^~~~~~~~~~~~
/mnt/workspace/hc-pre-reduction-20260930/batch-comb-source-baseline/csrc/attention/sparse_flash_mla/sparse_flash_mla_torch_adpt.h: In function ‘at::Tensor vllm_ascend::npu_sparse_flash_mla_metadata(int64_t, int64_t, int64_t, const std::optional<at::Tensor>&, const std::optional<at::Tensor>&, const std::optional<at::Tensor>&, const std::optional<at::Tensor>&, const std::optional<at::Tensor>&, const std::optional<at::Tensor>&, const std::optional<at::Tensor>&, const std::optional<at::Tensor>&, const std::optional<at::Tensor>&, int64_t, int64_t, int64_t, int64_t, int64_t, int64_t, int64_t, int64_t, int64_t, int64_t, int64_t, c10::string_view, c10::string_view, bool, bool)’:
/mnt/workspace/hc-pre-reduction-20260930/batch-comb-source-baseline/csrc/aclnn_torch_adapter/op_api_common.h:743:22: warning: narrowing conversion of ‘workspace_size’ from ‘uint64_t’ {aka ‘long unsigned int’} to ‘long int’ [-Wnarrowing]
  743 |           at::empty({workspace_size}, options.dtype(kByte));                  \
      |                      ^~~~~~~~~~~~~~
/mnt/workspace/hc-pre-reduction-20260930/batch-comb-source-baseline/csrc/attention/sparse_flash_mla/sparse_flash_mla_torch_adpt.h:83:5: note: in expansion of macro ‘EXEC_NPU_CMD’
   83 |     EXEC_NPU_CMD(aclnnSparseFlashMlaMetadata, cuSeqlensQVal, cuSeqlensOriKvVal, cuSeqlensCmpKvVal, sequsedQVal,
      |     ^~~~~~~~~~~~
/mnt/workspace/hc-pre-reduction-20260930/batch-comb-source-baseline/csrc/aclnn_torch_adapter/op_api_common.h:743:22: warning: narrowing conversion of ‘workspace_size’ from ‘uint64_t’ {aka ‘long unsigned int’} to ‘long int’ [-Wnarrowing]
  743 |           at::empty({workspace_size}, options.dtype(kByte));                  \
      |                      ^~~~~~~~~~~~~~
/mnt/workspace/hc-pre-reduction-20260930/batch-comb-source-baseline/csrc/attention/sparse_flash_mla/sparse_flash_mla_torch_adpt.h:83:5: note: in expansion of macro ‘EXEC_NPU_CMD’
   83 |     EXEC_NPU_CMD(aclnnSparseFlashMlaMetadata, cuSeqlensQVal, cuSeqlensOriKvVal, cuSeqlensCmpKvVal, sequsedQVal,
      |     ^~~~~~~~~~~~
/mnt/workspace/hc-pre-reduction-20260930/batch-comb-source-baseline/csrc/attention/sparse_flash_mla/sparse_flash_mla_torch_adpt.h: In function ‘std::tuple<at::Tensor, at::Tensor> vllm_ascend::npu_sparse_flash_mla(const at::Tensor&, const std::optional<at::Tensor>&, const std::optional<at::Tensor>&, const std::optional<at::Tensor>&, const std::optional<at::Tensor>&, const std::optional<at::Tensor>&, const std::optional<at::Tensor>&, const std::optional<at::Tensor>&, const std::optional<at::Tensor>&, const std::optional<at::Tensor>&, const std::optional<at::Tensor>&, const std::optional<at::Tensor>&, const std::optional<at::Tensor>&, const std::optional<at::Tensor>&, const std::optional<at::Tensor>&, const std::optional<at::Tensor>&, const std::optional<at::Tensor>&, const std::optional<at::Tensor>&, double, int64_t, int64_t, int64_t, int64_t, int64_t, c10::string_view, c10::string_view, int64_t, bool)’:
/mnt/workspace/hc-pre-reduction-20260930/batch-comb-source-baseline/csrc/aclnn_torch_adapter/op_api_common.h:743:22: warning: narrowing conversion of ‘workspace_size’ from ‘uint64_t’ {aka ‘long unsigned int’} to ‘long int’ [-Wnarrowing]
  743 |           at::empty({workspace_size}, options.dtype(kByte));                  \
      |                      ^~~~~~~~~~~~~~
/mnt/workspace/hc-pre-reduction-20260930/batch-comb-source-baseline/csrc/attention/sparse_flash_mla/sparse_flash_mla_torch_adpt.h:173:5: note: in expansion of macro ‘EXEC_NPU_CMD’
  173 |     EXEC_NPU_CMD(aclnnSparseFlashMla, q, oriKv, cmpKv, oriSparseIndices, cmpSparseIndices, oriBlockTable, cmpBlockTable,
      |     ^~~~~~~~~~~~
/mnt/workspace/hc-pre-reduction-20260930/batch-comb-source-baseline/csrc/aclnn_torch_adapter/op_api_common.h:743:22: warning: narrowing conversion of ‘workspace_size’ from ‘uint64_t’ {aka ‘long unsigned int’} to ‘long int’ [-Wnarrowing]
  743 |           at::empty({workspace_size}, options.dtype(kByte));                  \
      |                      ^~~~~~~~~~~~~~
/mnt/workspace/hc-pre-reduction-20260930/batch-comb-source-baseline/csrc/attention/sparse_flash_mla/sparse_flash_mla_torch_adpt.h:173:5: note: in expansion of macro ‘EXEC_NPU_CMD’
  173 |     EXEC_NPU_CMD(aclnnSparseFlashMla, q, oriKv, cmpKv, oriSparseIndices, cmpSparseIndices, oriBlockTable, cmpBlockTable,
      |     ^~~~~~~~~~~~
/mnt/workspace/hc-pre-reduction-20260930/batch-comb-source-baseline/csrc/attention/quant_lightning_indexer_v2/quant_lightning_indexer_v2_torch_adpt.h: In function ‘at::Tensor vllm_ascend::qli_v2::QuantLightningIndexerMetadata(int64_t, int64_t, int64_t, int64_t, int64_t, const std::optional<at::Tensor>&, const std::optional<at::Tensor>&, const std::optional<at::Tensor>&, const std::optional<at::Tensor>&, const std::optional<at::Tensor>&, int64_t, int64_t, int64_t, c10::string_view, c10::string_view, int64_t, int64_t)’:
/mnt/workspace/hc-pre-reduction-20260930/batch-comb-source-baseline/csrc/aclnn_torch_adapter/op_api_common.h:743:22: warning: narrowing conversion of ‘workspace_size’ from ‘uint64_t’ {aka ‘long unsigned int’} to ‘long int’ [-Wnarrowing]
  743 |           at::empty({workspace_size}, options.dtype(kByte));                  \
      |                      ^~~~~~~~~~~~~~
/mnt/workspace/hc-pre-reduction-20260930/batch-comb-source-baseline/csrc/attention/quant_lightning_indexer_v2/quant_lightning_indexer_v2_torch_adpt.h:58:5: note: in expansion of macro ‘EXEC_NPU_CMD’
   58 |     EXEC_NPU_CMD(aclnnQuantLightningIndexerV2Metadata, cuSeqlensQVal, cuSeqlensKVal, sequsedQVal, sequsedKVal,
      |     ^~~~~~~~~~~~
/mnt/workspace/hc-pre-reduction-20260930/batch-comb-source-baseline/csrc/aclnn_torch_adapter/op_api_common.h:743:22: warning: narrowing conversion of ‘workspace_size’ from ‘uint64_t’ {aka ‘long unsigned int’} to ‘long int’ [-Wnarrowing]
  743 |           at::empty({workspace_size}, options.dtype(kByte));                  \
      |                      ^~~~~~~~~~~~~~
/mnt/workspace/hc-pre-reduction-20260930/batch-comb-source-baseline/csrc/attention/quant_lightning_indexer_v2/quant_lightning_indexer_v2_torch_adpt.h:58:5: note: in expansion of macro ‘EXEC_NPU_CMD’
   58 |     EXEC_NPU_CMD(aclnnQuantLightningIndexerV2Metadata, cuSeqlensQVal, cuSeqlensKVal, sequsedQVal, sequsedKVal,
      |     ^~~~~~~~~~~~
/mnt/workspace/hc-pre-reduction-20260930/batch-comb-source-baseline/csrc/attention/quant_lightning_indexer_v2/quant_lightning_indexer_v2_torch_adpt.h: In function ‘std::tuple<at::Tensor, at::Tensor, at::Tensor> vllm_ascend::qli_v2::QuantLightningIndexerCandidate(const at::Tensor&, const at::Tensor&, const at::Tensor&, const at::Tensor&, const at::Tensor&, int64_t, int64_t, const std::optional<at::Tensor>&, const std::optional<at::Tensor>&, const std::optional<at::Tensor>&, const std::optional<at::Tensor>&, const std::optional<at::Tensor>&, const std::optional<at::Tensor>&, const std::optional<at::Tensor>&, const std::optional<at::Tensor>&, const std::optional<at::Tensor>&, int64_t, c10::string_view, c10::string_view, int64_t, int64_t, int64_t, int64_t, int64_t)’:
/mnt/workspace/hc-pre-reduction-20260930/batch-comb-source-baseline/csrc/aclnn_torch_adapter/op_api_common.h:743:22: warning: narrowing conversion of ‘workspace_size’ from ‘uint64_t’ {aka ‘long unsigned int’} to ‘long int’ [-Wnarrowing]
  743 |           at::empty({workspace_size}, options.dtype(kByte));                  \
      |                      ^~~~~~~~~~~~~~
/mnt/workspace/hc-pre-reduction-20260930/batch-comb-source-baseline/csrc/attention/quant_lightning_indexer_v2/quant_lightning_indexer_v2_torch_adpt.h:150:5: note: in expansion of macro ‘EXEC_NPU_CMD’
  150 |     EXEC_NPU_CMD(aclnnQuantLightningIndexerV2, query, key, weights, queryDequantScale, keyDequantScale,
      |     ^~~~~~~~~~~~
/mnt/workspace/hc-pre-reduction-20260930/batch-comb-source-baseline/csrc/aclnn_torch_adapter/op_api_common.h:743:22: warning: narrowing conversion of ‘workspace_size’ from ‘uint64_t’ {aka ‘long unsigned int’} to ‘long int’ [-Wnarrowing]
  743 |           at::empty({workspace_size}, options.dtype(kByte));                  \
      |                      ^~~~~~~~~~~~~~
/mnt/workspace/hc-pre-reduction-20260930/batch-comb-source-baseline/csrc/attention/quant_lightning_indexer_v2/quant_lightning_indexer_v2_torch_adpt.h:150:5: note: in expansion of macro ‘EXEC_NPU_CMD’
  150 |     EXEC_NPU_CMD(aclnnQuantLightningIndexerV2, query, key, weights, queryDequantScale, keyDequantScale,
      |     ^~~~~~~~~~~~
/mnt/workspace/hc-pre-reduction-20260930/batch-comb-source-baseline/csrc/attention/kv_quant_sparse_flash_attention/kv_quant_sparse_flash_attention_torch_adpt.h: In function ‘std::tuple<at::Tensor, at::Tensor, at::Tensor> vllm_ascend::npu_kv_quant_sparse_flash_attention(const at::Tensor&, const at::Tensor&, const at::Tensor&, const at::Tensor&, double, int64_t, int64_t, const std::optional<at::Tensor>&, const std::optional<at::Tensor>&, const std::optional<at::Tensor>&, const std::optional<at::Tensor>&, const std::optional<at::Tensor>&, int64_t, c10::string_view, c10::string_view, int64_t, int64_t, int64_t, int64_t, int64_t, int64_t, int64_t, bool)’:
/mnt/workspace/hc-pre-reduction-20260930/batch-comb-source-baseline/csrc/aclnn_torch_adapter/op_api_common.h:743:22: warning: narrowing conversion of ‘workspace_size’ from ‘uint64_t’ {aka ‘long unsigned int’} to ‘long int’ [-Wnarrowing]
  743 |           at::empty({workspace_size}, options.dtype(kByte));                  \
      |                      ^~~~~~~~~~~~~~
/mnt/workspace/hc-pre-reduction-20260930/batch-comb-source-baseline/csrc/attention/kv_quant_sparse_flash_attention/kv_quant_sparse_flash_attention_torch_adpt.h:135:5: note: in expansion of macro ‘EXEC_NPU_CMD’
  135 |     EXEC_NPU_CMD(
      |     ^~~~~~~~~~~~
/mnt/workspace/hc-pre-reduction-20260930/batch-comb-source-baseline/csrc/aclnn_torch_adapter/op_api_common.h:743:22: warning: narrowing conversion of ‘workspace_size’ from ‘uint64_t’ {aka ‘long unsigned int’} to ‘long int’ [-Wnarrowing]
  743 |           at::empty({workspace_size}, options.dtype(kByte));                  \
      |                      ^~~~~~~~~~~~~~
/mnt/workspace/hc-pre-reduction-20260930/batch-comb-source-baseline/csrc/attention/kv_quant_sparse_flash_attention/kv_quant_sparse_flash_attention_torch_adpt.h:135:5: note: in expansion of macro ‘EXEC_NPU_CMD’
  135 |     EXEC_NPU_CMD(
      |     ^~~~~~~~~~~~
/mnt/workspace/hc-pre-reduction-20260930/batch-comb-source-baseline/csrc/attention/fused_sparse_attention_overlap/fused_sparse_attention_overlap_torch_adpt.h: In function ‘at::Tensor vllm_ascend::RunFusedSparseAttentionOverlapSideEffectImpl(const at::Tensor&, const at::Tensor&, const at::Tensor&, const at::Tensor&, const at::Tensor&, const at::Tensor&, const at::Tensor&, const at::Tensor&, const at::Tensor&, const at::Tensor&, const at::Tensor&, const at::Tensor&, const at::Tensor&, double, int64_t, int64_t, const std::string&, const std::string&, int64_t)’:
/mnt/workspace/hc-pre-reduction-20260930/batch-comb-source-baseline/csrc/aclnn_torch_adapter/op_api_common.h:743:22: warning: narrowing conversion of ‘workspace_size’ from ‘uint64_t’ {aka ‘long unsigned int’} to ‘long int’ [-Wnarrowing]
  743 |           at::empty({workspace_size}, options.dtype(kByte));                  \
      |                      ^~~~~~~~~~~~~~
/mnt/workspace/hc-pre-reduction-20260930/batch-comb-source-baseline/csrc/attention/fused_sparse_attention_overlap/fused_sparse_attention_overlap_torch_adpt.h:140:5: note: in expansion of macro ‘EXEC_NPU_CMD’
  140 |     EXEC_NPU_CMD(aclnnFusedSparseAttentionOverlap,
      |     ^~~~~~~~~~~~
/mnt/workspace/hc-pre-reduction-20260930/batch-comb-source-baseline/csrc/aclnn_torch_adapter/op_api_common.h:743:22: warning: narrowing conversion of ‘workspace_size’ from ‘uint64_t’ {aka ‘long unsigned int’} to ‘long int’ [-Wnarrowing]
  743 |           at::empty({workspace_size}, options.dtype(kByte));                  \
      |                      ^~~~~~~~~~~~~~
/mnt/workspace/hc-pre-reduction-20260930/batch-comb-source-baseline/csrc/attention/fused_sparse_attention_overlap/fused_sparse_attention_overlap_torch_adpt.h:140:5: note: in expansion of macro ‘EXEC_NPU_CMD’
  140 |     EXEC_NPU_CMD(aclnnFusedSparseAttentionOverlap,
      |     ^~~~~~~~~~~~
/mnt/workspace/hc-pre-reduction-20260930/batch-comb-source-baseline/csrc/attention/fused_lightning_indexer_manage/fused_lightning_indexer_manage_torch_adpt.h: In function ‘void vllm_ascend::npu_fused_lightning_indexer_manage(const at::Tensor&, const at::Tensor&, const at::Tensor&, const at::Tensor&, const at::Tensor&, const at::Tensor&, const at::Tensor&, const at::Tensor&, const at::Tensor&, const at::Tensor&, const at::Tensor&, const at::Tensor&, at::Tensor, at::Tensor, at::Tensor, at::Tensor, at::Tensor, at::Tensor, at::Tensor)’:
/mnt/workspace/hc-pre-reduction-20260930/batch-comb-source-baseline/csrc/aclnn_torch_adapter/op_api_common.h:743:22: warning: narrowing conversion of ‘workspace_size’ from ‘uint64_t’ {aka ‘long unsigned int’} to ‘long int’ [-Wnarrowing]
  743 |           at::empty({workspace_size}, options.dtype(kByte));                  \
      |                      ^~~~~~~~~~~~~~
/mnt/workspace/hc-pre-reduction-20260930/batch-comb-source-baseline/csrc/attention/fused_lightning_indexer_manage/fused_lightning_indexer_manage_torch_adpt.h:104:3: note: in expansion of macro ‘EXEC_NPU_CMD’
  104 |   EXEC_NPU_CMD(
      |   ^~~~~~~~~~~~
/mnt/workspace/hc-pre-reduction-20260930/batch-comb-source-baseline/csrc/aclnn_torch_adapter/op_api_common.h:743:22: warning: narrowing conversion of ‘workspace_size’ from ‘uint64_t’ {aka ‘long unsigned int’} to ‘long int’ [-Wnarrowing]
  743 |           at::empty({workspace_size}, options.dtype(kByte));                  \
      |                      ^~~~~~~~~~~~~~
/mnt/workspace/hc-pre-reduction-20260930/batch-comb-source-baseline/csrc/attention/fused_lightning_indexer_manage/fused_lightning_indexer_manage_torch_adpt.h:104:3: note: in expansion of macro ‘EXEC_NPU_CMD’
  104 |   EXEC_NPU_CMD(
      |   ^~~~~~~~~~~~
/mnt/workspace/hc-pre-reduction-20260930/batch-comb-source-baseline/csrc/attention/fused_scatter_copy_sparse_flash_attention/fused_scatter_copy_sparse_flash_attention_torch_adpt.h: In function ‘void vllm_ascend::npu_fused_scatter_copy_sparse_flash_attention(const at::Tensor&, const at::Tensor&, const at::Tensor&, const at::Tensor&, const at::Tensor&, const at::Tensor&, const at::Tensor&, const at::Tensor&, const at::Tensor&, const at::Tensor&, const at::Tensor&, const at::Tensor&, const at::Tensor&, at::Tensor, at::Tensor, const at::Tensor&, const at::Tensor&, double, at::Tensor)’:
/mnt/workspace/hc-pre-reduction-20260930/batch-comb-source-baseline/csrc/aclnn_torch_adapter/op_api_common.h:743:22: warning: narrowing conversion of ‘workspace_size’ from ‘uint64_t’ {aka ‘long unsigned int’} to ‘long int’ [-Wnarrowing]
  743 |           at::empty({workspace_size}, options.dtype(kByte));                  \
      |                      ^~~~~~~~~~~~~~
/mnt/workspace/hc-pre-reduction-20260930/batch-comb-source-baseline/csrc/attention/fused_scatter_copy_sparse_flash_attention/fused_scatter_copy_sparse_flash_attention_torch_adpt.h:167:3: note: in expansion of macro ‘EXEC_NPU_CMD’
  167 |   EXEC_NPU_CMD(
      |   ^~~~~~~~~~~~
/mnt/workspace/hc-pre-reduction-20260930/batch-comb-source-baseline/csrc/aclnn_torch_adapter/op_api_common.h:743:22: warning: narrowing conversion of ‘workspace_size’ from ‘uint64_t’ {aka ‘long unsigned int’} to ‘long int’ [-Wnarrowing]
  743 |           at::empty({workspace_size}, options.dtype(kByte));                  \
      |                      ^~~~~~~~~~~~~~
/mnt/workspace/hc-pre-reduction-20260930/batch-comb-source-baseline/csrc/attention/fused_scatter_copy_sparse_flash_attention/fused_scatter_copy_sparse_flash_attention_torch_adpt.h:167:3: note: in expansion of macro ‘EXEC_NPU_CMD’
  167 |   EXEC_NPU_CMD(
      |   ^~~~~~~~~~~~
/mnt/workspace/hc-pre-reduction-20260930/batch-comb-source-baseline/csrc/attention/lightning_indexer_quant/lightning_indexer_quant_torch_adpt.h: In function ‘at::Tensor vllm_ascend::npu_lightning_indexer_quant(const at::Tensor&, const at::Tensor&, const at::Tensor&, const at::Tensor&, const at::Tensor&, const std::optional<at::Tensor>&, const std::optional<at::Tensor>&, const std::optional<at::Tensor>&, int64_t, int64_t, c10::string_view, c10::string_view, int64_t, int64_t)’:
/mnt/workspace/hc-pre-reduction-20260930/batch-comb-source-baseline/csrc/aclnn_torch_adapter/op_api_common.h:743:22: warning: narrowing conversion of ‘workspace_size’ from ‘uint64_t’ {aka ‘long unsigned int’} to ‘long int’ [-Wnarrowing]
  743 |           at::empty({workspace_size}, options.dtype(kByte));                  \
      |                      ^~~~~~~~~~~~~~
/mnt/workspace/hc-pre-reduction-20260930/batch-comb-source-baseline/csrc/attention/lightning_indexer_quant/lightning_indexer_quant_torch_adpt.h:59:5: note: in expansion of macro ‘EXEC_NPU_CMD’
   59 |     EXEC_NPU_CMD(aclnnLightningIndexerQuant,
      |     ^~~~~~~~~~~~
/mnt/workspace/hc-pre-reduction-20260930/batch-comb-source-baseline/csrc/aclnn_torch_adapter/op_api_common.h:743:22: warning: narrowing conversion of ‘workspace_size’ from ‘uint64_t’ {aka ‘long unsigned int’} to ‘long int’ [-Wnarrowing]
  743 |           at::empty({workspace_size}, options.dtype(kByte));                  \
      |                      ^~~~~~~~~~~~~~
/mnt/workspace/hc-pre-reduction-20260930/batch-comb-source-baseline/csrc/attention/lightning_indexer_quant/lightning_indexer_quant_torch_adpt.h:59:5: note: in expansion of macro ‘EXEC_NPU_CMD’
   59 |     EXEC_NPU_CMD(aclnnLightningIndexerQuant,
      |     ^~~~~~~~~~~~
/mnt/workspace/hc-pre-reduction-20260930/batch-comb-source-baseline/csrc/moe/causal_conv1d_v310/causal_conv1d_310_torch_adpt.h: In function ‘at::Tensor vllm_ascend::npu_causal_conv1d_310(const at::Tensor&, const at::Tensor&, const std::optional<at::Tensor>&, const at::Tensor&, const std::optional<at::Tensor>&, const std::optional<at::Tensor>&, const std::optional<at::Tensor>&, const std::optional<at::Tensor>&, int64_t, int64_t, int64_t)’:
/mnt/workspace/hc-pre-reduction-20260930/batch-comb-source-baseline/csrc/aclnn_torch_adapter/op_api_common.h:743:22: warning: narrowing conversion of ‘workspace_size’ from ‘uint64_t’ {aka ‘long unsigned int’} to ‘long int’ [-Wnarrowing]
  743 |           at::empty({workspace_size}, options.dtype(kByte));                  \
      |                      ^~~~~~~~~~~~~~
/mnt/workspace/hc-pre-reduction-20260930/batch-comb-source-baseline/csrc/moe/causal_conv1d_v310/causal_conv1d_310_torch_adpt.h:34:5: note: in expansion of macro ‘EXEC_NPU_CMD’
   34 |     EXEC_NPU_CMD(aclnnCausalConv1dV310,
      |     ^~~~~~~~~~~~
/mnt/workspace/hc-pre-reduction-20260930/batch-comb-source-baseline/csrc/aclnn_torch_adapter/op_api_common.h:743:22: warning: narrowing conversion of ‘workspace_size’ from ‘uint64_t’ {aka ‘long unsigned int’} to ‘long int’ [-Wnarrowing]
  743 |           at::empty({workspace_size}, options.dtype(kByte));                  \
      |                      ^~~~~~~~~~~~~~
/mnt/workspace/hc-pre-reduction-20260930/batch-comb-source-baseline/csrc/moe/causal_conv1d_v310/causal_conv1d_310_torch_adpt.h:34:5: note: in expansion of macro ‘EXEC_NPU_CMD’
   34 |     EXEC_NPU_CMD(aclnnCausalConv1dV310,
      |     ^~~~~~~~~~~~
In file included from /mnt/workspace/hc-pre-reduction-20260930/batch-comb-source-baseline/csrc/torch_binding.cpp:51:
/mnt/workspace/hc-pre-reduction-20260930/batch-comb-source-baseline/csrc/attention/recurrent_kda/recurrent_kda_torch_adpt.h: In function ‘at::Tensor vllm_ascend::recurrent_kda(const at::Tensor&, const at::Tensor&, const at::Tensor&, const at::Tensor&, const at::Tensor&, at::Tensor&, const at::Tensor&, const at::Tensor&, const at::Tensor&, const at::Tensor&, const std::optional<at::Tensor>&, double, bool, bool, bool, bool, bool, double)’:
/mnt/workspace/hc-pre-reduction-20260930/batch-comb-source-baseline/csrc/attention/recurrent_kda/recurrent_kda_torch_adpt.h:119:52: warning: ‘constexpr T c10::value_or_else(const std::optional<_Tp>&, F&&) [with T = at::Tensor; F = vllm_ascend::recurrent_kda(const at::Tensor&, const at::Tensor&, const at::Tensor&, const at::Tensor&, const at::Tensor&, at::Tensor&, const at::Tensor&, const at::Tensor&, const at::Tensor&, const at::Tensor&, const std::optional<at::Tensor>&, double, bool, bool, bool, bool, bool, double)::<lambda()>]’ is deprecated: Please use std::optional::value_or instead of c10::value_or_else [-Wdeprecated-declarations]
  119 |     const at::Tensor& accepted = c10::value_or_else(
      |                                  ~~~~~~~~~~~~~~~~~~^
  120 |         num_accepted_tokens, [] { return at::Tensor(); });
      |         ~~~~~~~~~~~~~~~~~~~~~~~~~~~~~~~~~~~~~~~~~~~~~~~~~
/mnt/workspace/mhc-validation-20260930/venv/lib/python3.12/site-packages/torch/include/c10/util/Optional.h:40:1: note: declared here
   40 | value_or_else(const std::optional<T>& v, F&& func) {
      | ^~~~~~~~~~~~~
/mnt/workspace/hc-pre-reduction-20260930/batch-comb-source-baseline/csrc/aclnn_torch_adapter/op_api_common.h:743:22: warning: narrowing conversion of ‘workspace_size’ from ‘uint64_t’ {aka ‘long unsigned int’} to ‘long int’ [-Wnarrowing]
  743 |           at::empty({workspace_size}, options.dtype(kByte));                  \
      |                      ^~~~~~~~~~~~~~
/mnt/workspace/hc-pre-reduction-20260930/batch-comb-source-baseline/csrc/attention/recurrent_kda/recurrent_kda_torch_adpt.h:127:5: note: in expansion of macro ‘EXEC_NPU_CMD’
  127 |     EXEC_NPU_CMD(
      |     ^~~~~~~~~~~~
/mnt/workspace/hc-pre-reduction-20260930/batch-comb-source-baseline/csrc/aclnn_torch_adapter/op_api_common.h:743:22: warning: narrowing conversion of ‘workspace_size’ from ‘uint64_t’ {aka ‘long unsigned int’} to ‘long int’ [-Wnarrowing]
  743 |           at::empty({workspace_size}, options.dtype(kByte));                  \
      |                      ^~~~~~~~~~~~~~
/mnt/workspace/hc-pre-reduction-20260930/batch-comb-source-baseline/csrc/attention/recurrent_kda/recurrent_kda_torch_adpt.h:127:5: note: in expansion of macro ‘EXEC_NPU_CMD’
  127 |     EXEC_NPU_CMD(
      |     ^~~~~~~~~~~~
In file included from /mnt/workspace/hc-pre-reduction-20260930/batch-comb-source-baseline/csrc/torch_binding.cpp:52:
/mnt/workspace/hc-pre-reduction-20260930/batch-comb-source-baseline/csrc/attention/chunk_kda_fwd/chunk_kda_fwd_torch_adpt.h: In function ‘std::tuple<at::Tensor, std::optional<at::Tensor>, std::optional<at::Tensor>, at::Tensor, at::Tensor, std::optional<at::Tensor>, std::optional<at::Tensor>, std::optional<at::Tensor>, std::optional<at::Tensor>, std::optional<at::Tensor>, std::optional<at::Tensor>, std::optional<at::Tensor> > vllm_ascend::chunk_kda_fwd(const at::Tensor&, const at::Tensor&, const at::Tensor&, const at::Tensor&, const at::Tensor&, double, int64_t, c10::string_view, const std::optional<at::Tensor>&, std::optional<bool>, std::optional<c10::ArrayRef<long int> >, std::optional<c10::ArrayRef<long int> >, std::optional<bool>, std::optional<double>, std::optional<bool>, const std::optional<at::Tensor>&, const std::optional<at::Tensor>&, std::optional<bool>, std::optional<bool>, std::optional<bool>)’:
/mnt/workspace/hc-pre-reduction-20260930/batch-comb-source-baseline/csrc/attention/chunk_kda_fwd/chunk_kda_fwd_torch_adpt.h:171:58: warning: ‘constexpr T c10::value_or_else(const std::optional<_Tp>&, F&&) [with T = at::Tensor; F = vllm_ascend::chunk_kda_fwd(const at::Tensor&, const at::Tensor&, const at::Tensor&, const at::Tensor&, const at::Tensor&, double, int64_t, c10::string_view, const std::optional<at::Tensor>&, std::optional<bool>, std::optional<c10::ArrayRef<long int> >, std::optional<c10::ArrayRef<long int> >, std::optional<bool>, std::optional<double>, std::optional<bool>, const std::optional<at::Tensor>&, const std::optional<at::Tensor>&, std::optional<bool>, std::optional<bool>, std::optional<bool>)::<lambda()>]’ is deprecated: Please use std::optional::value_or instead of c10::value_or_else [-Wdeprecated-declarations]
  171 |     const at::Tensor &initial_state_ = c10::value_or_else(initial_state, [] { return at::Tensor(); });
      |                                        ~~~~~~~~~~~~~~~~~~^~~~~~~~~~~~~~~~~~~~~~~~~~~~~~~~~~~~~~~~~~~~
/mnt/workspace/mhc-validation-20260930/venv/lib/python3.12/site-packages/torch/include/c10/util/Optional.h:40:1: note: declared here
   40 | value_or_else(const std::optional<T>& v, F&& func) {
      | ^~~~~~~~~~~~~
/mnt/workspace/hc-pre-reduction-20260930/batch-comb-source-baseline/csrc/attention/chunk_kda_fwd/chunk_kda_fwd_torch_adpt.h:172:50: warning: ‘constexpr T c10::value_or_else(const std::optional<_Tp>&, F&&) [with T = at::Tensor; F = vllm_ascend::chunk_kda_fwd(const at::Tensor&, const at::Tensor&, const at::Tensor&, const at::Tensor&, const at::Tensor&, double, int64_t, c10::string_view, const std::optional<at::Tensor>&, std::optional<bool>, std::optional<c10::ArrayRef<long int> >, std::optional<c10::ArrayRef<long int> >, std::optional<bool>, std::optional<double>, std::optional<bool>, const std::optional<at::Tensor>&, const std::optional<at::Tensor>&, std::optional<bool>, std::optional<bool>, std::optional<bool>)::<lambda()>]’ is deprecated: Please use std::optional::value_or instead of c10::value_or_else [-Wdeprecated-declarations]
  172 |     const at::Tensor &A_log_ = c10::value_or_else(A_log, [] { return at::Tensor(); });
      |                                ~~~~~~~~~~~~~~~~~~^~~~~~~~~~~~~~~~~~~~~~~~~~~~~~~~~~~~
/mnt/workspace/mhc-validation-20260930/venv/lib/python3.12/site-packages/torch/include/c10/util/Optional.h:40:1: note: declared here
   40 | value_or_else(const std::optional<T>& v, F&& func) {
      | ^~~~~~~~~~~~~
/mnt/workspace/hc-pre-reduction-20260930/batch-comb-source-baseline/csrc/attention/chunk_kda_fwd/chunk_kda_fwd_torch_adpt.h:173:52: warning: ‘constexpr T c10::value_or_else(const std::optional<_Tp>&, F&&) [with T = at::Tensor; F = vllm_ascend::chunk_kda_fwd(const at::Tensor&, const at::Tensor&, const at::Tensor&, const at::Tensor&, const at::Tensor&, double, int64_t, c10::string_view, const std::optional<at::Tensor>&, std::optional<bool>, std::optional<c10::ArrayRef<long int> >, std::optional<c10::ArrayRef<long int> >, std::optional<bool>, std::optional<double>, std::optional<bool>, const std::optional<at::Tensor>&, const std::optional<at::Tensor>&, std::optional<bool>, std::optional<bool>, std::optional<bool>)::<lambda()>]’ is deprecated: Please use std::optional::value_or instead of c10::value_or_else [-Wdeprecated-declarations]
  173 |     const at::Tensor &dt_bias_ = c10::value_or_else(dt_bias, [] { return at::Tensor(); });
      |                                  ~~~~~~~~~~~~~~~~~~^~~~~~~~~~~~~~~~~~~~~~~~~~~~~~~~~~~~~~
/mnt/workspace/mhc-validation-20260930/venv/lib/python3.12/site-packages/torch/include/c10/util/Optional.h:40:1: note: declared here
   40 | value_or_else(const std::optional<T>& v, F&& func) {
      | ^~~~~~~~~~~~~
/mnt/workspace/hc-pre-reduction-20260930/batch-comb-source-baseline/csrc/aclnn_torch_adapter/op_api_common.h:743:22: warning: narrowing conversion of ‘workspace_size’ from ‘uint64_t’ {aka ‘long unsigned int’} to ‘long int’ [-Wnarrowing]
  743 |           at::empty({workspace_size}, options.dtype(kByte));                  \
      |                      ^~~~~~~~~~~~~~
/mnt/workspace/hc-pre-reduction-20260930/batch-comb-source-baseline/csrc/attention/chunk_kda_fwd/chunk_kda_fwd_torch_adpt.h:175:5: note: in expansion of macro ‘EXEC_NPU_CMD’
  175 |     EXEC_NPU_CMD(
      |     ^~~~~~~~~~~~
/mnt/workspace/hc-pre-reduction-20260930/batch-comb-source-baseline/csrc/aclnn_torch_adapter/op_api_common.h:743:22: warning: narrowing conversion of ‘workspace_size’ from ‘uint64_t’ {aka ‘long unsigned int’} to ‘long int’ [-Wnarrowing]
  743 |           at::empty({workspace_size}, options.dtype(kByte));                  \
      |                      ^~~~~~~~~~~~~~
/mnt/workspace/hc-pre-reduction-20260930/batch-comb-source-baseline/csrc/attention/chunk_kda_fwd/chunk_kda_fwd_torch_adpt.h:175:5: note: in expansion of macro ‘EXEC_NPU_CMD’
  175 |     EXEC_NPU_CMD(
      |     ^~~~~~~~~~~~
/mnt/workspace/hc-pre-reduction-20260930/batch-comb-source-baseline/csrc/attention/kda_gate_cumsum/kda_gate_cumsum_torch_adpt.h: In function ‘at::Tensor vllm_ascend::kda_gate_cumsum(const at::Tensor&, int64_t, const std::optional<at::Tensor>&, const std::optional<at::Tensor>&, std::optional<c10::ArrayRef<long int> >, std::optional<bool>, std::optional<bool>, std::optional<double>, c10::string_view)’:
/mnt/workspace/hc-pre-reduction-20260930/batch-comb-source-baseline/csrc/aclnn_torch_adapter/op_api_common.h:743:22: warning: narrowing conversion of ‘workspace_size’ from ‘uint64_t’ {aka ‘long unsigned int’} to ‘long int’ [-Wnarrowing]
  743 |           at::empty({workspace_size}, options.dtype(kByte));                  \
      |                      ^~~~~~~~~~~~~~
/mnt/workspace/hc-pre-reduction-20260930/batch-comb-source-baseline/csrc/attention/kda_gate_cumsum/kda_gate_cumsum_torch_adpt.h:64:5: note: in expansion of macro ‘EXEC_NPU_CMD’
   64 |     EXEC_NPU_CMD(
      |     ^~~~~~~~~~~~
/mnt/workspace/hc-pre-reduction-20260930/batch-comb-source-baseline/csrc/aclnn_torch_adapter/op_api_common.h:743:22: warning: narrowing conversion of ‘workspace_size’ from ‘uint64_t’ {aka ‘long unsigned int’} to ‘long int’ [-Wnarrowing]
  743 |           at::empty({workspace_size}, options.dtype(kByte));                  \
      |                      ^~~~~~~~~~~~~~
/mnt/workspace/hc-pre-reduction-20260930/batch-comb-source-baseline/csrc/attention/kda_gate_cumsum/kda_gate_cumsum_torch_adpt.h:64:5: note: in expansion of macro ‘EXEC_NPU_CMD’
   64 |     EXEC_NPU_CMD(
      |     ^~~~~~~~~~~~
/mnt/workspace/hc-pre-reduction-20260930/batch-comb-source-baseline/csrc/attention/kda_layout_swap12/kda_layout_swap12_torch_adpt.h: In function ‘at::Tensor vllm_ascend::kda_layout_swap12(const at::Tensor&, const std::optional<at::Tensor>&)’:
/mnt/workspace/hc-pre-reduction-20260930/batch-comb-source-baseline/csrc/aclnn_torch_adapter/op_api_common.h:743:22: warning: narrowing conversion of ‘workspace_size’ from ‘uint64_t’ {aka ‘long unsigned int’} to ‘long int’ [-Wnarrowing]
  743 |           at::empty({workspace_size}, options.dtype(kByte));                  \
      |                      ^~~~~~~~~~~~~~
/mnt/workspace/hc-pre-reduction-20260930/batch-comb-source-baseline/csrc/attention/kda_layout_swap12/kda_layout_swap12_torch_adpt.h:37:5: note: in expansion of macro ‘EXEC_NPU_CMD’
   37 |     EXEC_NPU_CMD(aclnnKdaLayoutSwap12, x, dependency_tensor, y);
      |     ^~~~~~~~~~~~
/mnt/workspace/hc-pre-reduction-20260930/batch-comb-source-baseline/csrc/aclnn_torch_adapter/op_api_common.h:743:22: warning: narrowing conversion of ‘workspace_size’ from ‘uint64_t’ {aka ‘long unsigned int’} to ‘long int’ [-Wnarrowing]
  743 |           at::empty({workspace_size}, options.dtype(kByte));                  \
      |                      ^~~~~~~~~~~~~~
/mnt/workspace/hc-pre-reduction-20260930/batch-comb-source-baseline/csrc/attention/kda_layout_swap12/kda_layout_swap12_torch_adpt.h:37:5: note: in expansion of macro ‘EXEC_NPU_CMD’
   37 |     EXEC_NPU_CMD(aclnnKdaLayoutSwap12, x, dependency_tensor, y);
      |     ^~~~~~~~~~~~
/mnt/workspace/hc-pre-reduction-20260930/batch-comb-source-baseline/csrc/attention/recurrent_gated_delta_rule_v310/recurrent_gated_delta_rule_310_torch_adpt.h: In function ‘at::Tensor vllm_ascend::npu_recurrent_gated_delta_rule_310(const at::Tensor&, const at::Tensor&, const at::Tensor&, const at::Tensor&, at::Tensor&, const at::Tensor&, const at::Tensor&, const std::optional<at::Tensor>&, const std::optional<at::Tensor>&, const std::optional<at::Tensor>&, double)’:
/mnt/workspace/hc-pre-reduction-20260930/batch-comb-source-baseline/csrc/aclnn_torch_adapter/op_api_common.h:743:22: warning: narrowing conversion of ‘workspace_size’ from ‘uint64_t’ {aka ‘long unsigned int’} to ‘long int’ [-Wnarrowing]
  743 |           at::empty({workspace_size}, options.dtype(kByte));                  \
      |                      ^~~~~~~~~~~~~~
/mnt/workspace/hc-pre-reduction-20260930/batch-comb-source-baseline/csrc/attention/recurrent_gated_delta_rule_v310/recurrent_gated_delta_rule_310_torch_adpt.h:35:5: note: in expansion of macro ‘EXEC_NPU_CMD’
   35 |     EXEC_NPU_CMD(aclnnRecurrentGatedDeltaRuleV310,
      |     ^~~~~~~~~~~~
/mnt/workspace/hc-pre-reduction-20260930/batch-comb-source-baseline/csrc/aclnn_torch_adapter/op_api_common.h:743:22: warning: narrowing conversion of ‘workspace_size’ from ‘uint64_t’ {aka ‘long unsigned int’} to ‘long int’ [-Wnarrowing]
  743 |           at::empty({workspace_size}, options.dtype(kByte));                  \
      |                      ^~~~~~~~~~~~~~
/mnt/workspace/hc-pre-reduction-20260930/batch-comb-source-baseline/csrc/attention/recurrent_gated_delta_rule_v310/recurrent_gated_delta_rule_310_torch_adpt.h:35:5: note: in expansion of macro ‘EXEC_NPU_CMD’
   35 |     EXEC_NPU_CMD(aclnnRecurrentGatedDeltaRuleV310,
      |     ^~~~~~~~~~~~
/mnt/workspace/hc-pre-reduction-20260930/batch-comb-source-baseline/csrc/attention/k2q_csr/k2q_csr_torch_adpt.h: In function ‘std::tuple<at::Tensor, at::Tensor, at::Tensor> vllm_ascend::npu_k2q_csr(const at::Tensor&, const at::Tensor&, const at::Tensor&, int64_t, int64_t, int64_t, int64_t, int64_t)’:
/mnt/workspace/hc-pre-reduction-20260930/batch-comb-source-baseline/csrc/aclnn_torch_adapter/op_api_common.h:743:22: warning: narrowing conversion of ‘workspace_size’ from ‘uint64_t’ {aka ‘long unsigned int’} to ‘long int’ [-Wnarrowing]
  743 |           at::empty({workspace_size}, options.dtype(kByte));                  \
      |                      ^~~~~~~~~~~~~~
/mnt/workspace/hc-pre-reduction-20260930/batch-comb-source-baseline/csrc/attention/k2q_csr/k2q_csr_torch_adpt.h:177:5: note: in expansion of macro ‘EXEC_NPU_CMD’
  177 |     EXEC_NPU_CMD(aclnnK2qCsrMeta, cu_q, cu_b, scratch, order_method, total_rows, max_kv, H, T, topk);
      |     ^~~~~~~~~~~~
/mnt/workspace/hc-pre-reduction-20260930/batch-comb-source-baseline/csrc/aclnn_torch_adapter/op_api_common.h:743:22: warning: narrowing conversion of ‘workspace_size’ from ‘uint64_t’ {aka ‘long unsigned int’} to ‘long int’ [-Wnarrowing]
  743 |           at::empty({workspace_size}, options.dtype(kByte));                  \
      |                      ^~~~~~~~~~~~~~
/mnt/workspace/hc-pre-reduction-20260930/batch-comb-source-baseline/csrc/attention/k2q_csr/k2q_csr_torch_adpt.h:177:5: note: in expansion of macro ‘EXEC_NPU_CMD’
  177 |     EXEC_NPU_CMD(aclnnK2qCsrMeta, cu_q, cu_b, scratch, order_method, total_rows, max_kv, H, T, topk);
      |     ^~~~~~~~~~~~
/mnt/workspace/hc-pre-reduction-20260930/batch-comb-source-baseline/csrc/aclnn_torch_adapter/op_api_common.h:743:22: warning: narrowing conversion of ‘workspace_size’ from ‘uint64_t’ {aka ‘long unsigned int’} to ‘long int’ [-Wnarrowing]
  743 |           at::empty({workspace_size}, options.dtype(kByte));                  \
      |                      ^~~~~~~~~~~~~~
/mnt/workspace/hc-pre-reduction-20260930/batch-comb-source-baseline/csrc/attention/k2q_csr/k2q_csr_torch_adpt.h:182:5: note: in expansion of macro ‘EXEC_NPU_CMD’
  182 |     EXEC_NPU_CMD(aclnnK2qCsrHist, q2k_c, scratch, total_rows, max_kv, use_simt_i, B);
      |     ^~~~~~~~~~~~
/mnt/workspace/hc-pre-reduction-20260930/batch-comb-source-baseline/csrc/aclnn_torch_adapter/op_api_common.h:743:22: warning: narrowing conversion of ‘workspace_size’ from ‘uint64_t’ {aka ‘long unsigned int’} to ‘long int’ [-Wnarrowing]
  743 |           at::empty({workspace_size}, options.dtype(kByte));                  \
      |                      ^~~~~~~~~~~~~~
/mnt/workspace/hc-pre-reduction-20260930/batch-comb-source-baseline/csrc/attention/k2q_csr/k2q_csr_torch_adpt.h:182:5: note: in expansion of macro ‘EXEC_NPU_CMD’
  182 |     EXEC_NPU_CMD(aclnnK2qCsrHist, q2k_c, scratch, total_rows, max_kv, use_simt_i, B);
      |     ^~~~~~~~~~~~
/mnt/workspace/hc-pre-reduction-20260930/batch-comb-source-baseline/csrc/aclnn_torch_adapter/op_api_common.h:743:22: warning: narrowing conversion of ‘workspace_size’ from ‘uint64_t’ {aka ‘long unsigned int’} to ‘long int’ [-Wnarrowing]
  743 |           at::empty({workspace_size}, options.dtype(kByte));                  \
      |                      ^~~~~~~~~~~~~~
/mnt/workspace/hc-pre-reduction-20260930/batch-comb-source-baseline/csrc/attention/k2q_csr/k2q_csr_torch_adpt.h:184:5: note: in expansion of macro ‘EXEC_NPU_CMD’
  184 |     EXEC_NPU_CMD(aclnnK2qCsrRowPrefix, scratch, total_rows, max_kv, use_simt_i, H, T, topk, B, row_ptr);
      |     ^~~~~~~~~~~~
/mnt/workspace/hc-pre-reduction-20260930/batch-comb-source-baseline/csrc/aclnn_torch_adapter/op_api_common.h:743:22: warning: narrowing conversion of ‘workspace_size’ from ‘uint64_t’ {aka ‘long unsigned int’} to ‘long int’ [-Wnarrowing]
  743 |           at::empty({workspace_size}, options.dtype(kByte));                  \
      |                      ^~~~~~~~~~~~~~
/mnt/workspace/hc-pre-reduction-20260930/batch-comb-source-baseline/csrc/attention/k2q_csr/k2q_csr_torch_adpt.h:184:5: note: in expansion of macro ‘EXEC_NPU_CMD’
  184 |     EXEC_NPU_CMD(aclnnK2qCsrRowPrefix, scratch, total_rows, max_kv, use_simt_i, H, T, topk, B, row_ptr);
      |     ^~~~~~~~~~~~
/mnt/workspace/hc-pre-reduction-20260930/batch-comb-source-baseline/csrc/aclnn_torch_adapter/op_api_common.h:743:22: warning: narrowing conversion of ‘workspace_size’ from ‘uint64_t’ {aka ‘long unsigned int’} to ‘long int’ [-Wnarrowing]
  743 |           at::empty({workspace_size}, options.dtype(kByte));                  \
      |                      ^~~~~~~~~~~~~~
/mnt/workspace/hc-pre-reduction-20260930/batch-comb-source-baseline/csrc/attention/k2q_csr/k2q_csr_torch_adpt.h:185:5: note: in expansion of macro ‘EXEC_NPU_CMD’
  185 |     EXEC_NPU_CMD(aclnnK2qCsrTilePrefix, scratch, row_ptr, total_rows, max_kv, use_simt_i, H, T, topk, B);
      |     ^~~~~~~~~~~~
/mnt/workspace/hc-pre-reduction-20260930/batch-comb-source-baseline/csrc/aclnn_torch_adapter/op_api_common.h:743:22: warning: narrowing conversion of ‘workspace_size’ from ‘uint64_t’ {aka ‘long unsigned int’} to ‘long int’ [-Wnarrowing]
  743 |           at::empty({workspace_size}, options.dtype(kByte));                  \
      |                      ^~~~~~~~~~~~~~
/mnt/workspace/hc-pre-reduction-20260930/batch-comb-source-baseline/csrc/attention/k2q_csr/k2q_csr_torch_adpt.h:185:5: note: in expansion of macro ‘EXEC_NPU_CMD’
  185 |     EXEC_NPU_CMD(aclnnK2qCsrTilePrefix, scratch, row_ptr, total_rows, max_kv, use_simt_i, H, T, topk, B);
      |     ^~~~~~~~~~~~
/mnt/workspace/hc-pre-reduction-20260930/batch-comb-source-baseline/csrc/aclnn_torch_adapter/op_api_common.h:743:22: warning: narrowing conversion of ‘workspace_size’ from ‘uint64_t’ {aka ‘long unsigned int’} to ‘long int’ [-Wnarrowing]
  743 |           at::empty({workspace_size}, options.dtype(kByte));                  \
      |                      ^~~~~~~~~~~~~~
/mnt/workspace/hc-pre-reduction-20260930/batch-comb-source-baseline/csrc/attention/k2q_csr/k2q_csr_torch_adpt.h:192:5: note: in expansion of macro ‘EXEC_NPU_CMD’
  192 |     EXEC_NPU_CMD(aclnnK2qCsrScatter, q2k_c, cu_q, scratch, total_rows, max_kv, use_simt_i,
      |     ^~~~~~~~~~~~
/mnt/workspace/hc-pre-reduction-20260930/batch-comb-source-baseline/csrc/aclnn_torch_adapter/op_api_common.h:743:22: warning: narrowing conversion of ‘workspace_size’ from ‘uint64_t’ {aka ‘long unsigned int’} to ‘long int’ [-Wnarrowing]
  743 |           at::empty({workspace_size}, options.dtype(kByte));                  \
      |                      ^~~~~~~~~~~~~~
/mnt/workspace/hc-pre-reduction-20260930/batch-comb-source-baseline/csrc/attention/k2q_csr/k2q_csr_torch_adpt.h:192:5: note: in expansion of macro ‘EXEC_NPU_CMD’
  192 |     EXEC_NPU_CMD(aclnnK2qCsrScatter, q2k_c, cu_q, scratch, total_rows, max_kv, use_simt_i,
      |     ^~~~~~~~~~~~
/mnt/workspace/hc-pre-reduction-20260930/batch-comb-source-baseline/csrc/attention/msa_index_score/msa_index_score_torch_adpt.h: In function ‘at::Tensor vllm_ascend::npu_msa_index_score(const at::Tensor&, const at::Tensor&, const at::Tensor&, const at::Tensor&, const std::optional<at::Tensor>&, const std::optional<at::Tensor>&, const std::optional<at::Tensor>&, const std::optional<at::Tensor>&, c10::string_view, int64_t, int64_t, int64_t)’:
/mnt/workspace/hc-pre-reduction-20260930/batch-comb-source-baseline/csrc/aclnn_torch_adapter/op_api_common.h:743:22: warning: narrowing conversion of ‘workspace_size’ from ‘uint64_t’ {aka ‘long unsigned int’} to ‘long int’ [-Wnarrowing]
  743 |           at::empty({workspace_size}, options.dtype(kByte));                  \
      |                      ^~~~~~~~~~~~~~
/mnt/workspace/hc-pre-reduction-20260930/batch-comb-source-baseline/csrc/attention/msa_index_score/msa_index_score_torch_adpt.h:133:5: note: in expansion of macro ‘EXEC_NPU_CMD’
  133 |     EXEC_NPU_CMD(aclnnMsaIndexScore, query, normalizedKey, blockTable,
      |     ^~~~~~~~~~~~
/mnt/workspace/hc-pre-reduction-20260930/batch-comb-source-baseline/csrc/aclnn_torch_adapter/op_api_common.h:743:22: warning: narrowing conversion of ‘workspace_size’ from ‘uint64_t’ {aka ‘long unsigned int’} to ‘long int’ [-Wnarrowing]
  743 |           at::empty({workspace_size}, options.dtype(kByte));                  \
      |                      ^~~~~~~~~~~~~~
/mnt/workspace/hc-pre-reduction-20260930/batch-comb-source-baseline/csrc/attention/msa_index_score/msa_index_score_torch_adpt.h:133:5: note: in expansion of macro ‘EXEC_NPU_CMD’
  133 |     EXEC_NPU_CMD(aclnnMsaIndexScore, query, normalizedKey, blockTable,
      |     ^~~~~~~~~~~~
/mnt/workspace/hc-pre-reduction-20260930/batch-comb-source-baseline/csrc/attention/sparse_attention_score/sparse_attention_score_torch_adpt.h: In function ‘at::Tensor vllm_ascend::npu_sparse_attention_score(const at::Tensor&, const at::Tensor&, const at::Tensor&, const at::Tensor&, const at::Tensor&, const std::optional<at::Tensor>&, const std::optional<at::Tensor>&, const std::optional<at::Tensor>&, const std::optional<at::Tensor>&, const std::optional<at::Tensor>&, const std::optional<at::Tensor>&, c10::string_view, c10::string_view, int64_t, double, int64_t, int64_t, int64_t, const std::optional<c10::ScalarType>&)’:
/mnt/workspace/hc-pre-reduction-20260930/batch-comb-source-baseline/csrc/aclnn_torch_adapter/op_api_common.h:743:22: warning: narrowing conversion of ‘workspace_size’ from ‘uint64_t’ {aka ‘long unsigned int’} to ‘long int’ [-Wnarrowing]
  743 |           at::empty({workspace_size}, options.dtype(kByte));                  \
      |                      ^~~~~~~~~~~~~~
/mnt/workspace/hc-pre-reduction-20260930/batch-comb-source-baseline/csrc/attention/sparse_attention_score/sparse_attention_score_torch_adpt.h:159:5: note: in expansion of macro ‘EXEC_NPU_CMD’
  159 |     EXEC_NPU_CMD(aclnnSparseAttentionScore, query, key, value, selectIdx, blockTable,
      |     ^~~~~~~~~~~~
/mnt/workspace/hc-pre-reduction-20260930/batch-comb-source-baseline/csrc/aclnn_torch_adapter/op_api_common.h:743:22: warning: narrowing conversion of ‘workspace_size’ from ‘uint64_t’ {aka ‘long unsigned int’} to ‘long int’ [-Wnarrowing]
  743 |           at::empty({workspace_size}, options.dtype(kByte));                  \
      |                      ^~~~~~~~~~~~~~
/mnt/workspace/hc-pre-reduction-20260930/batch-comb-source-baseline/csrc/attention/sparse_attention_score/sparse_attention_score_torch_adpt.h:159:5: note: in expansion of macro ‘EXEC_NPU_CMD’
  159 |     EXEC_NPU_CMD(aclnnSparseAttentionScore, query, key, value, selectIdx, blockTable,
      |     ^~~~~~~~~~~~
/mnt/workspace/hc-pre-reduction-20260930/batch-comb-source-baseline/csrc/attention/store_kv_block/store_kv_block_torch_adpt.h: In function ‘void vllm_ascend::store_kv_block(const at::Tensor&, const at::Tensor&, const at::Tensor&, const at::Tensor&, const at::Tensor&, int64_t)’:
/mnt/workspace/hc-pre-reduction-20260930/batch-comb-source-baseline/csrc/aclnn_torch_adapter/op_api_common.h:743:22: warning: narrowing conversion of ‘workspace_size’ from ‘uint64_t’ {aka ‘long unsigned int’} to ‘long int’ [-Wnarrowing]
  743 |           at::empty({workspace_size}, options.dtype(kByte));                  \
      |                      ^~~~~~~~~~~~~~
/mnt/workspace/hc-pre-reduction-20260930/batch-comb-source-baseline/csrc/attention/store_kv_block/store_kv_block_torch_adpt.h:32:5: note: in expansion of macro ‘EXEC_NPU_CMD’
   32 |     EXEC_NPU_CMD(aclnnStoreKVBlock, key_in, key_cache_in,group_len, group_key_idx, group_key_cache_idx, block_size);
      |     ^~~~~~~~~~~~
/mnt/workspace/hc-pre-reduction-20260930/batch-comb-source-baseline/csrc/aclnn_torch_adapter/op_api_common.h:743:22: warning: narrowing conversion of ‘workspace_size’ from ‘uint64_t’ {aka ‘long unsigned int’} to ‘long int’ [-Wnarrowing]
  743 |           at::empty({workspace_size}, options.dtype(kByte));                  \
      |                      ^~~~~~~~~~~~~~
/mnt/workspace/hc-pre-reduction-20260930/batch-comb-source-baseline/csrc/attention/store_kv_block/store_kv_block_torch_adpt.h:32:5: note: in expansion of macro ‘EXEC_NPU_CMD’
   32 |     EXEC_NPU_CMD(aclnnStoreKVBlock, key_in, key_cache_in,group_len, group_key_idx, group_key_cache_idx, block_size);
      |     ^~~~~~~~~~~~
/mnt/workspace/hc-pre-reduction-20260930/batch-comb-source-baseline/csrc/attention/store_kv_block_metadata/store_kv_block_metadata_torch_adpt.cpp: In function ‘void vllm_ascend::store_kv_block_metadata(const at::Tensor&, const at::Tensor&, const at::Tensor&, const at::Tensor&, int64_t)’:
/mnt/workspace/hc-pre-reduction-20260930/batch-comb-source-baseline/csrc/aclnn_torch_adapter/op_api_common.h:743:22: warning: narrowing conversion of ‘workspace_size’ from ‘uint64_t’ {aka ‘long unsigned int’} to ‘long int’ [-Wnarrowing]
  743 |           at::empty({workspace_size}, options.dtype(kByte));                  \
      |                      ^~~~~~~~~~~~~~
/mnt/workspace/hc-pre-reduction-20260930/batch-comb-source-baseline/csrc/attention/store_kv_block_metadata/store_kv_block_metadata_torch_adpt.cpp:39:5: note: in expansion of macro ‘EXEC_NPU_CMD’
   39 |     EXEC_NPU_CMD(aclnnStoreKvBlockMetadata,
      |     ^~~~~~~~~~~~
/mnt/workspace/hc-pre-reduction-20260930/batch-comb-source-baseline/csrc/aclnn_torch_adapter/op_api_common.h:743:22: warning: narrowing conversion of ‘workspace_size’ from ‘uint64_t’ {aka ‘long unsigned int’} to ‘long int’ [-Wnarrowing]
  743 |           at::empty({workspace_size}, options.dtype(kByte));                  \
      |                      ^~~~~~~~~~~~~~
/mnt/workspace/hc-pre-reduction-20260930/batch-comb-source-baseline/csrc/attention/store_kv_block_metadata/store_kv_block_metadata_torch_adpt.cpp:39:5: note: in expansion of macro ‘EXEC_NPU_CMD’
   39 |     EXEC_NPU_CMD(aclnnStoreKvBlockMetadata,
      |     ^~~~~~~~~~~~
/mnt/workspace/hc-pre-reduction-20260930/batch-comb-source-baseline/csrc/moe/dequant_situ_quant/dequant_situ_quant_torch_adpt.h: In function ‘std::tuple<at::Tensor, at::Tensor> vllm_ascend::dequant_situ_quant(const at::Tensor&, const std::optional<at::Tensor>&, const std::optional<at::Tensor>&, const std::optional<at::Tensor>&, const std::optional<at::Tensor>&, const std::optional<at::Tensor>&, const std::optional<at::Tensor>&, double, double, bool, c10::string_view)’:
/mnt/workspace/hc-pre-reduction-20260930/batch-comb-source-baseline/csrc/aclnn_torch_adapter/op_api_common.h:743:22: warning: narrowing conversion of ‘workspace_size’ from ‘uint64_t’ {aka ‘long unsigned int’} to ‘long int’ [-Wnarrowing]
  743 |           at::empty({workspace_size}, options.dtype(kByte));                  \
      |                      ^~~~~~~~~~~~~~
/mnt/workspace/hc-pre-reduction-20260930/batch-comb-source-baseline/csrc/moe/dequant_situ_quant/dequant_situ_quant_torch_adpt.h:55:5: note: in expansion of macro ‘EXEC_NPU_CMD’
   55 |     EXEC_NPU_CMD(aclnnDequantSituQuant,
      |     ^~~~~~~~~~~~
/mnt/workspace/hc-pre-reduction-20260930/batch-comb-source-baseline/csrc/aclnn_torch_adapter/op_api_common.h:743:22: warning: narrowing conversion of ‘workspace_size’ from ‘uint64_t’ {aka ‘long unsigned int’} to ‘long int’ [-Wnarrowing]
  743 |           at::empty({workspace_size}, options.dtype(kByte));                  \
      |                      ^~~~~~~~~~~~~~
/mnt/workspace/hc-pre-reduction-20260930/batch-comb-source-baseline/csrc/moe/dequant_situ_quant/dequant_situ_quant_torch_adpt.h:55:5: note: in expansion of macro ‘EXEC_NPU_CMD’
   55 |     EXEC_NPU_CMD(aclnnDequantSituQuant,
      |     ^~~~~~~~~~~~
/mnt/workspace/hc-pre-reduction-20260930/batch-comb-source-baseline/csrc/moe/situ_mx_quant/situ_mx_quant_torch_adpt.h: In function ‘std::tuple<at::Tensor, at::Tensor> vllm_ascend::situ_mx_quant(const at::Tensor&, double, double, bool, int64_t)’:
/mnt/workspace/hc-pre-reduction-20260930/batch-comb-source-baseline/csrc/aclnn_torch_adapter/op_api_common.h:743:22: warning: narrowing conversion of ‘workspace_size’ from ‘uint64_t’ {aka ‘long unsigned int’} to ‘long int’ [-Wnarrowing]
  743 |           at::empty({workspace_size}, options.dtype(kByte));                  \
      |                      ^~~~~~~~~~~~~~
/mnt/workspace/hc-pre-reduction-20260930/batch-comb-source-baseline/csrc/moe/situ_mx_quant/situ_mx_quant_torch_adpt.h:58:5: note: in expansion of macro ‘EXEC_NPU_CMD’
   58 |     EXEC_NPU_CMD(aclnnSituMxQuant,
      |     ^~~~~~~~~~~~
/mnt/workspace/hc-pre-reduction-20260930/batch-comb-source-baseline/csrc/aclnn_torch_adapter/op_api_common.h:743:22: warning: narrowing conversion of ‘workspace_size’ from ‘uint64_t’ {aka ‘long unsigned int’} to ‘long int’ [-Wnarrowing]
  743 |           at::empty({workspace_size}, options.dtype(kByte));                  \
      |                      ^~~~~~~~~~~~~~
/mnt/workspace/hc-pre-reduction-20260930/batch-comb-source-baseline/csrc/moe/situ_mx_quant/situ_mx_quant_torch_adpt.h:58:5: note: in expansion of macro ‘EXEC_NPU_CMD’
   58 |     EXEC_NPU_CMD(aclnnSituMxQuant,
      |     ^~~~~~~~~~~~
/mnt/workspace/hc-pre-reduction-20260930/batch-comb-source-baseline/csrc/moe/grouped_matmul_situ_quant/grouped_matmul_situ_quant_torch_adpt.h: In function ‘std::tuple<at::Tensor, at::Tensor> ascend_kernel::{anonymous}::RunV2Core(const at::Tensor&, const at::Tensor&, const std::vector<at::Tensor>&, const std::vector<at::Tensor>&, const at::Tensor&, int64_t, int64_t, double, double, int64_t)’:
/mnt/workspace/hc-pre-reduction-20260930/batch-comb-source-baseline/csrc/aclnn_torch_adapter/op_api_common.h:743:22: warning: narrowing conversion of ‘workspace_size’ from ‘uint64_t’ {aka ‘long unsigned int’} to ‘long int’ [-Wnarrowing]
  743 |           at::empty({workspace_size}, options.dtype(kByte));                  \
      |                      ^~~~~~~~~~~~~~
/mnt/workspace/hc-pre-reduction-20260930/batch-comb-source-baseline/csrc/moe/grouped_matmul_situ_quant/grouped_matmul_situ_quant_torch_adpt.h:181:5: note: in expansion of macro ‘EXEC_NPU_CMD’
  181 |     EXEC_NPU_CMD(aclnnGroupedMatmulSituQuant, x, xScale, weightList,
      |     ^~~~~~~~~~~~
/mnt/workspace/hc-pre-reduction-20260930/batch-comb-source-baseline/csrc/aclnn_torch_adapter/op_api_common.h:743:22: warning: narrowing conversion of ‘workspace_size’ from ‘uint64_t’ {aka ‘long unsigned int’} to ‘long int’ [-Wnarrowing]
  743 |           at::empty({workspace_size}, options.dtype(kByte));                  \
      |                      ^~~~~~~~~~~~~~
/mnt/workspace/hc-pre-reduction-20260930/batch-comb-source-baseline/csrc/moe/grouped_matmul_situ_quant/grouped_matmul_situ_quant_torch_adpt.h:181:5: note: in expansion of macro ‘EXEC_NPU_CMD’
  181 |     EXEC_NPU_CMD(aclnnGroupedMatmulSituQuant, x, xScale, weightList,
      |     ^~~~~~~~~~~~
/mnt/workspace/hc-pre-reduction-20260930/batch-comb-source-baseline/csrc/attention/mla_prolog_v3_k3/mla_prolog_v3_k3_torch_adpt.h: In function ‘std::tuple<at::Tensor, at::Tensor, at::Tensor, at::Tensor, at::Tensor> vllm_ascend::npu_mla_prolog_v3_k3(const at::Tensor&, const at::Tensor&, const at::Tensor&, const at::Tensor&, const at::Tensor&, const at::Tensor&, const at::Tensor&, const at::Tensor&, const at::Tensor&, at::Tensor&, at::Tensor&, const std::optional<at::Tensor>&, const std::optional<at::Tensor>&, const std::optional<at::Tensor>&, const std::optional<at::Tensor>&, const std::optional<at::Tensor>&, const std::optional<at::Tensor>&, const std::optional<at::Tensor>&, const std::optional<at::Tensor>&, const std::optional<at::Tensor>&, const std::optional<at::Tensor>&, double, double, c10::string_view, bool, int64_t, int64_t, int64_t, int64_t, int64_t, int64_t, double, double)’:
/mnt/workspace/hc-pre-reduction-20260930/batch-comb-source-baseline/csrc/aclnn_torch_adapter/op_api_common.h:743:22: warning: narrowing conversion of ‘workspace_size’ from ‘uint64_t’ {aka ‘long unsigned int’} to ‘long int’ [-Wnarrowing]
  743 |           at::empty({workspace_size}, options.dtype(kByte));                  \
      |                      ^~~~~~~~~~~~~~
/mnt/workspace/hc-pre-reduction-20260930/batch-comb-source-baseline/csrc/attention/mla_prolog_v3_k3/mla_prolog_v3_k3_torch_adpt.h:241:5: note: in expansion of macro ‘EXEC_NPU_CMD’
  241 |     EXEC_NPU_CMD(
      |     ^~~~~~~~~~~~
/mnt/workspace/hc-pre-reduction-20260930/batch-comb-source-baseline/csrc/aclnn_torch_adapter/op_api_common.h:743:22: warning: narrowing conversion of ‘workspace_size’ from ‘uint64_t’ {aka ‘long unsigned int’} to ‘long int’ [-Wnarrowing]
  743 |           at::empty({workspace_size}, options.dtype(kByte));                  \
      |                      ^~~~~~~~~~~~~~
/mnt/workspace/hc-pre-reduction-20260930/batch-comb-source-baseline/csrc/attention/mla_prolog_v3_k3/mla_prolog_v3_k3_torch_adpt.h:241:5: note: in expansion of macro ‘EXEC_NPU_CMD’
  241 |     EXEC_NPU_CMD(
      |     ^~~~~~~~~~~~
/mnt/workspace/hc-pre-reduction-20260930/batch-comb-source-baseline/csrc/torch_binding.cpp: In function ‘at::Tensor vllm_ascend::npu_sign_bits_pack(const at::Tensor&, int64_t)’:
/mnt/workspace/hc-pre-reduction-20260930/batch-comb-source-baseline/csrc/aclnn_torch_adapter/op_api_common.h:743:22: warning: narrowing conversion of ‘workspace_size’ from ‘uint64_t’ {aka ‘long unsigned int’} to ‘long int’ [-Wnarrowing]
  743 |           at::empty({workspace_size}, options.dtype(kByte));                  \
      |                      ^~~~~~~~~~~~~~
/mnt/workspace/hc-pre-reduction-20260930/batch-comb-source-baseline/csrc/torch_binding.cpp:544:5: note: in expansion of macro ‘EXEC_NPU_CMD’
  544 |     EXEC_NPU_CMD(aclnnSignBitsPack, input, size, out);
      |     ^~~~~~~~~~~~
/mnt/workspace/hc-pre-reduction-20260930/batch-comb-source-baseline/csrc/aclnn_torch_adapter/op_api_common.h:743:22: warning: narrowing conversion of ‘workspace_size’ from ‘uint64_t’ {aka ‘long unsigned int’} to ‘long int’ [-Wnarrowing]
  743 |           at::empty({workspace_size}, options.dtype(kByte));                  \
      |                      ^~~~~~~~~~~~~~
/mnt/workspace/hc-pre-reduction-20260930/batch-comb-source-baseline/csrc/torch_binding.cpp:544:5: note: in expansion of macro ‘EXEC_NPU_CMD’
  544 |     EXEC_NPU_CMD(aclnnSignBitsPack, input, size, out);
      |     ^~~~~~~~~~~~
/mnt/workspace/hc-pre-reduction-20260930/batch-comb-source-baseline/csrc/torch_binding.cpp: In function ‘std::tuple<at::Tensor, at::Tensor> vllm_ascend::npu_gemma_rms_norm(const at::Tensor&, const at::Tensor&, double)’:
/mnt/workspace/hc-pre-reduction-20260930/batch-comb-source-baseline/csrc/aclnn_torch_adapter/op_api_common.h:743:22: warning: narrowing conversion of ‘workspace_size’ from ‘uint64_t’ {aka ‘long unsigned int’} to ‘long int’ [-Wnarrowing]
  743 |           at::empty({workspace_size}, options.dtype(kByte));                  \
      |                      ^~~~~~~~~~~~~~
/mnt/workspace/hc-pre-reduction-20260930/batch-comb-source-baseline/csrc/torch_binding.cpp:572:5: note: in expansion of macro ‘EXEC_NPU_CMD’
  572 |     EXEC_NPU_CMD(aclnnGemmaRmsNorm, x, gamma, epsilon, y, rstd);
      |     ^~~~~~~~~~~~
/mnt/workspace/hc-pre-reduction-20260930/batch-comb-source-baseline/csrc/aclnn_torch_adapter/op_api_common.h:743:22: warning: narrowing conversion of ‘workspace_size’ from ‘uint64_t’ {aka ‘long unsigned int’} to ‘long int’ [-Wnarrowing]
  743 |           at::empty({workspace_size}, options.dtype(kByte));                  \
      |                      ^~~~~~~~~~~~~~
/mnt/workspace/hc-pre-reduction-20260930/batch-comb-source-baseline/csrc/torch_binding.cpp:572:5: note: in expansion of macro ‘EXEC_NPU_CMD’
  572 |     EXEC_NPU_CMD(aclnnGemmaRmsNorm, x, gamma, epsilon, y, rstd);
      |     ^~~~~~~~~~~~
/mnt/workspace/hc-pre-reduction-20260930/batch-comb-source-baseline/csrc/torch_binding.cpp: In function ‘void vllm_ascend::transpose_kv_cache_by_block(const at::TensorList&, const at::TensorList&, const at::Tensor&, int64_t, int64_t, int64_t, int64_t, int64_t)’:
/mnt/workspace/hc-pre-reduction-20260930/batch-comb-source-baseline/csrc/aclnn_torch_adapter/op_api_common.h:743:22: warning: narrowing conversion of ‘workspace_size’ from ‘uint64_t’ {aka ‘long unsigned int’} to ‘long int’ [-Wnarrowing]
  743 |           at::empty({workspace_size}, options.dtype(kByte));                  \
      |                      ^~~~~~~~~~~~~~
/mnt/workspace/hc-pre-reduction-20260930/batch-comb-source-baseline/csrc/torch_binding.cpp:587:5: note: in expansion of macro ‘EXEC_NPU_CMD’
  587 |     EXEC_NPU_CMD(aclnnTransposeKvCacheByBlock, kCache, vCache, blockIDs,
      |     ^~~~~~~~~~~~
/mnt/workspace/hc-pre-reduction-20260930/batch-comb-source-baseline/csrc/aclnn_torch_adapter/op_api_common.h:743:22: warning: narrowing conversion of ‘workspace_size’ from ‘uint64_t’ {aka ‘long unsigned int’} to ‘long int’ [-Wnarrowing]
  743 |           at::empty({workspace_size}, options.dtype(kByte));                  \
      |                      ^~~~~~~~~~~~~~
/mnt/workspace/hc-pre-reduction-20260930/batch-comb-source-baseline/csrc/torch_binding.cpp:587:5: note: in expansion of macro ‘EXEC_NPU_CMD’
  587 |     EXEC_NPU_CMD(aclnnTransposeKvCacheByBlock, kCache, vCache, blockIDs,
      |     ^~~~~~~~~~~~
/mnt/workspace/hc-pre-reduction-20260930/batch-comb-source-baseline/csrc/torch_binding.cpp: In function ‘void vllm_ascend::npu_scatter_pa_kv_cache(const at::Tensor&, const at::Tensor&, at::Tensor&, at::Tensor&, const at::Tensor&, c10::string_view, c10::string_view)’:
/mnt/workspace/hc-pre-reduction-20260930/batch-comb-source-baseline/csrc/aclnn_torch_adapter/op_api_common.h:743:22: warning: narrowing conversion of ‘workspace_size’ from ‘uint64_t’ {aka ‘long unsigned int’} to ‘long int’ [-Wnarrowing]
  743 |           at::empty({workspace_size}, options.dtype(kByte));                  \
      |                      ^~~~~~~~~~~~~~
/mnt/workspace/hc-pre-reduction-20260930/batch-comb-source-baseline/csrc/torch_binding.cpp:612:5: note: in expansion of macro ‘EXEC_NPU_CMD’
  612 |     EXEC_NPU_CMD(aclnnScatterPaKvCache,
      |     ^~~~~~~~~~~~
/mnt/workspace/hc-pre-reduction-20260930/batch-comb-source-baseline/csrc/aclnn_torch_adapter/op_api_common.h:743:22: warning: narrowing conversion of ‘workspace_size’ from ‘uint64_t’ {aka ‘long unsigned int’} to ‘long int’ [-Wnarrowing]
  743 |           at::empty({workspace_size}, options.dtype(kByte));                  \
      |                      ^~~~~~~~~~~~~~
/mnt/workspace/hc-pre-reduction-20260930/batch-comb-source-baseline/csrc/torch_binding.cpp:612:5: note: in expansion of macro ‘EXEC_NPU_CMD’
  612 |     EXEC_NPU_CMD(aclnnScatterPaKvCache,
      |     ^~~~~~~~~~~~
/mnt/workspace/hc-pre-reduction-20260930/batch-comb-source-baseline/csrc/torch_binding.cpp: In function ‘std::tuple<at::Tensor, at::Tensor, at::Tensor, at::Tensor, at::Tensor, at::Tensor> vllm_ascend::npu_copy_and_expand_eagle_inputs(const at::Tensor&, const at::Tensor&, const at::Tensor&, const at::Tensor&, const at::Tensor&, int64_t, int64_t, int64_t, bool, int64_t)’:
/mnt/workspace/hc-pre-reduction-20260930/batch-comb-source-baseline/csrc/aclnn_torch_adapter/op_api_common.h:743:22: warning: narrowing conversion of ‘workspace_size’ from ‘uint64_t’ {aka ‘long unsigned int’} to ‘long int’ [-Wnarrowing]
  743 |           at::empty({workspace_size}, options.dtype(kByte));                  \
      |                      ^~~~~~~~~~~~~~
/mnt/workspace/hc-pre-reduction-20260930/batch-comb-source-baseline/csrc/torch_binding.cpp:695:5: note: in expansion of macro ‘EXEC_NPU_CMD’
  695 |     EXEC_NPU_CMD(aclnnCopyAndExpandEagleInputs,
      |     ^~~~~~~~~~~~
/mnt/workspace/hc-pre-reduction-20260930/batch-comb-source-baseline/csrc/aclnn_torch_adapter/op_api_common.h:743:22: warning: narrowing conversion of ‘workspace_size’ from ‘uint64_t’ {aka ‘long unsigned int’} to ‘long int’ [-Wnarrowing]
  743 |           at::empty({workspace_size}, options.dtype(kByte));                  \
      |                      ^~~~~~~~~~~~~~
/mnt/workspace/hc-pre-reduction-20260930/batch-comb-source-baseline/csrc/torch_binding.cpp:695:5: note: in expansion of macro ‘EXEC_NPU_CMD’
  695 |     EXEC_NPU_CMD(aclnnCopyAndExpandEagleInputs,
      |     ^~~~~~~~~~~~
/mnt/workspace/hc-pre-reduction-20260930/batch-comb-source-baseline/csrc/torch_binding.cpp: In function ‘std::tuple<at::Tensor, at::Tensor, at::Tensor> vllm_ascend::moe_gating_top_k_hash(const at::Tensor&, int64_t, const std::optional<at::Tensor>&, const std::optional<at::Tensor>&, const std::optional<at::Tensor>&, int64_t, int64_t, double, double, int64_t, int64_t, int64_t, bool, const std::optional<at::Tensor>&, int64_t, int64_t)’:
/mnt/workspace/hc-pre-reduction-20260930/batch-comb-source-baseline/csrc/torch_binding.cpp:795:48: warning: ‘constexpr T c10::value_or_else(const std::optional<_Tp>&, F&&) [with T = at::Tensor; F = vllm_ascend::moe_gating_top_k_hash(const at::Tensor&, int64_t, const std::optional<at::Tensor>&, const std::optional<at::Tensor>&, const std::optional<at::Tensor>&, int64_t, int64_t, double, double, int64_t, int64_t, int64_t, bool, const std::optional<at::Tensor>&, int64_t, int64_t)::<lambda()>]’ is deprecated: Please use std::optional::value_or instead of c10::value_or_else [-Wdeprecated-declarations]
  795 |     const at::Tensor& bias = c10::value_or_else(bias_opt, [] { return at::Tensor(); });
      |                              ~~~~~~~~~~~~~~~~~~^~~~~~~~~~~~~~~~~~~~~~~~~~~~~~~~~~~~~~~
/mnt/workspace/mhc-validation-20260930/venv/lib/python3.12/site-packages/torch/include/c10/util/Optional.h:40:1: note: declared here
   40 | value_or_else(const std::optional<T>& v, F&& func) {
      | ^~~~~~~~~~~~~
/mnt/workspace/hc-pre-reduction-20260930/batch-comb-source-baseline/csrc/torch_binding.cpp:796:53: warning: ‘constexpr T c10::value_or_else(const std::optional<_Tp>&, F&&) [with T = at::Tensor; F = vllm_ascend::moe_gating_top_k_hash(const at::Tensor&, int64_t, const std::optional<at::Tensor>&, const std::optional<at::Tensor>&, const std::optional<at::Tensor>&, int64_t, int64_t, double, double, int64_t, int64_t, int64_t, bool, const std::optional<at::Tensor>&, int64_t, int64_t)::<lambda()>]’ is deprecated: Please use std::optional::value_or instead of c10::value_or_else [-Wdeprecated-declarations]
  796 |     const at::Tensor& input_ids = c10::value_or_else(input_ids_opt, [] { return at::Tensor(); });
      |                                   ~~~~~~~~~~~~~~~~~~^~~~~~~~~~~~~~~~~~~~~~~~~~~~~~~~~~~~~~~~~~~~
/mnt/workspace/mhc-validation-20260930/venv/lib/python3.12/site-packages/torch/include/c10/util/Optional.h:40:1: note: declared here
   40 | value_or_else(const std::optional<T>& v, F&& func) {
      | ^~~~~~~~~~~~~
/mnt/workspace/hc-pre-reduction-20260930/batch-comb-source-baseline/csrc/torch_binding.cpp:797:51: warning: ‘constexpr T c10::value_or_else(const std::optional<_Tp>&, F&&) [with T = at::Tensor; F = vllm_ascend::moe_gating_top_k_hash(const at::Tensor&, int64_t, const std::optional<at::Tensor>&, const std::optional<at::Tensor>&, const std::optional<at::Tensor>&, int64_t, int64_t, double, double, int64_t, int64_t, int64_t, bool, const std::optional<at::Tensor>&, int64_t, int64_t)::<lambda()>]’ is deprecated: Please use std::optional::value_or instead of c10::value_or_else [-Wdeprecated-declarations]
  797 |     const at::Tensor& tid2eid = c10::value_or_else(tid2eid_opt, [] { return at::Tensor(); });
      |                                 ~~~~~~~~~~~~~~~~~~^~~~~~~~~~~~~~~~~~~~~~~~~~~~~~~~~~~~~~~~~~
/mnt/workspace/mhc-validation-20260930/venv/lib/python3.12/site-packages/torch/include/c10/util/Optional.h:40:1: note: declared here
   40 | value_or_else(const std::optional<T>& v, F&& func) {
      | ^~~~~~~~~~~~~
/mnt/workspace/hc-pre-reduction-20260930/batch-comb-source-baseline/csrc/torch_binding.cpp:798:51: warning: ‘constexpr T c10::value_or_else(const std::optional<_Tp>&, F&&) [with T = at::Tensor; F = vllm_ascend::moe_gating_top_k_hash(const at::Tensor&, int64_t, const std::optional<at::Tensor>&, const std::optional<at::Tensor>&, const std::optional<at::Tensor>&, int64_t, int64_t, double, double, int64_t, int64_t, int64_t, bool, const std::optional<at::Tensor>&, int64_t, int64_t)::<lambda()>]’ is deprecated: Please use std::optional::value_or instead of c10::value_or_else [-Wdeprecated-declarations]
  798 |     const at::Tensor& bias_vl = c10::value_or_else(bias_vl_opt, [] { return at::Tensor(); });
      |                                 ~~~~~~~~~~~~~~~~~~^~~~~~~~~~~~~~~~~~~~~~~~~~~~~~~~~~~~~~~~~~
/mnt/workspace/mhc-validation-20260930/venv/lib/python3.12/site-packages/torch/include/c10/util/Optional.h:40:1: note: declared here
   40 | value_or_else(const std::optional<T>& v, F&& func) {
      | ^~~~~~~~~~~~~
/mnt/workspace/hc-pre-reduction-20260930/batch-comb-source-baseline/csrc/aclnn_torch_adapter/op_api_common.h:743:22: warning: narrowing conversion of ‘workspace_size’ from ‘uint64_t’ {aka ‘long unsigned int’} to ‘long int’ [-Wnarrowing]
  743 |           at::empty({workspace_size}, options.dtype(kByte));                  \
      |                      ^~~~~~~~~~~~~~
/mnt/workspace/hc-pre-reduction-20260930/batch-comb-source-baseline/csrc/torch_binding.cpp:804:5: note: in expansion of macro ‘EXEC_NPU_CMD’
  804 |     EXEC_NPU_CMD(aclnnMoeGatingTopKHash,
      |     ^~~~~~~~~~~~
/mnt/workspace/hc-pre-reduction-20260930/batch-comb-source-baseline/csrc/aclnn_torch_adapter/op_api_common.h:743:22: warning: narrowing conversion of ‘workspace_size’ from ‘uint64_t’ {aka ‘long unsigned int’} to ‘long int’ [-Wnarrowing]
  743 |           at::empty({workspace_size}, options.dtype(kByte));                  \
      |                      ^~~~~~~~~~~~~~
/mnt/workspace/hc-pre-reduction-20260930/batch-comb-source-baseline/csrc/torch_binding.cpp:804:5: note: in expansion of macro ‘EXEC_NPU_CMD’
  804 |     EXEC_NPU_CMD(aclnnMoeGatingTopKHash,
      |     ^~~~~~~~~~~~
/mnt/workspace/hc-pre-reduction-20260930/batch-comb-source-baseline/csrc/torch_binding.cpp: In function ‘std::tuple<at::Tensor> vllm_ascend::compressor(const at::Tensor&, const at::Tensor&, const at::Tensor&, at::Tensor&, const at::Tensor&, const at::Tensor&, const at::Tensor&, const at::Tensor&, const std::optional<at::Tensor>&, const std::optional<at::Tensor>&, const std::optional<at::Tensor>&, const std::optional<at::Tensor>&, int64_t, int64_t, int64_t, double, int64_t, int64_t)’:
/mnt/workspace/hc-pre-reduction-20260930/batch-comb-source-baseline/csrc/aclnn_torch_adapter/op_api_common.h:743:22: warning: narrowing conversion of ‘workspace_size’ from ‘uint64_t’ {aka ‘long unsigned int’} to ‘long int’ [-Wnarrowing]
  743 |           at::empty({workspace_size}, options.dtype(kByte));                  \
      |                      ^~~~~~~~~~~~~~
/mnt/workspace/hc-pre-reduction-20260930/batch-comb-source-baseline/csrc/torch_binding.cpp:912:5: note: in expansion of macro ‘EXEC_NPU_CMD’
  912 |     EXEC_NPU_CMD(aclnnCompressor, x, wkv, wgate, state_cache, ape, norm_weight, rope_sin, rope_cos,
      |     ^~~~~~~~~~~~
/mnt/workspace/hc-pre-reduction-20260930/batch-comb-source-baseline/csrc/aclnn_torch_adapter/op_api_common.h:743:22: warning: narrowing conversion of ‘workspace_size’ from ‘uint64_t’ {aka ‘long unsigned int’} to ‘long int’ [-Wnarrowing]
  743 |           at::empty({workspace_size}, options.dtype(kByte));                  \
      |                      ^~~~~~~~~~~~~~
/mnt/workspace/hc-pre-reduction-20260930/batch-comb-source-baseline/csrc/torch_binding.cpp:912:5: note: in expansion of macro ‘EXEC_NPU_CMD’
  912 |     EXEC_NPU_CMD(aclnnCompressor, x, wkv, wgate, state_cache, ape, norm_weight, rope_sin, rope_cos,
      |     ^~~~~~~~~~~~
/mnt/workspace/hc-pre-reduction-20260930/batch-comb-source-baseline/csrc/torch_binding.cpp: In function ‘std::tuple<at::Tensor, at::Tensor, at::Tensor> vllm_ascend::compressor_metadata(const at::Tensor&, const at::Tensor&, const at::Tensor&, const at::Tensor&, const at::Tensor&, int64_t, int64_t, int64_t, int64_t, int64_t)’:
/mnt/workspace/hc-pre-reduction-20260930/batch-comb-source-baseline/csrc/aclnn_torch_adapter/op_api_common.h:743:22: warning: narrowing conversion of ‘workspace_size’ from ‘uint64_t’ {aka ‘long unsigned int’} to ‘long int’ [-Wnarrowing]
  743 |           at::empty({workspace_size}, options.dtype(kByte));                  \
      |                      ^~~~~~~~~~~~~~
/mnt/workspace/hc-pre-reduction-20260930/batch-comb-source-baseline/csrc/torch_binding.cpp:1008:5: note: in expansion of macro ‘EXEC_NPU_CMD’
 1008 |     EXEC_NPU_CMD(aclnnCompressorMetadata, rope_cos, rope_sin, cu_seqlens, start_pos, kv_block_table,
      |     ^~~~~~~~~~~~
/mnt/workspace/hc-pre-reduction-20260930/batch-comb-source-baseline/csrc/aclnn_torch_adapter/op_api_common.h:743:22: warning: narrowing conversion of ‘workspace_size’ from ‘uint64_t’ {aka ‘long unsigned int’} to ‘long int’ [-Wnarrowing]
  743 |           at::empty({workspace_size}, options.dtype(kByte));                  \
      |                      ^~~~~~~~~~~~~~
/mnt/workspace/hc-pre-reduction-20260930/batch-comb-source-baseline/csrc/torch_binding.cpp:1008:5: note: in expansion of macro ‘EXEC_NPU_CMD’
 1008 |     EXEC_NPU_CMD(aclnnCompressorMetadata, rope_cos, rope_sin, cu_seqlens, start_pos, kv_block_table,
      |     ^~~~~~~~~~~~
/mnt/workspace/hc-pre-reduction-20260930/batch-comb-source-baseline/csrc/torch_binding.cpp: In function ‘std::tuple<at::Tensor, at::Tensor, at::Tensor> vllm_ascend::compressor_metadata_out(const at::Tensor&, const at::Tensor&, const at::Tensor&, const at::Tensor&, const at::Tensor&, int64_t, int64_t, int64_t, int64_t, at::Tensor&, at::Tensor&, at::Tensor&)’:
/mnt/workspace/hc-pre-reduction-20260930/batch-comb-source-baseline/csrc/aclnn_torch_adapter/op_api_common.h:743:22: warning: narrowing conversion of ‘workspace_size’ from ‘uint64_t’ {aka ‘long unsigned int’} to ‘long int’ [-Wnarrowing]
  743 |           at::empty({workspace_size}, options.dtype(kByte));                  \
      |                      ^~~~~~~~~~~~~~
/mnt/workspace/hc-pre-reduction-20260930/batch-comb-source-baseline/csrc/torch_binding.cpp:1025:5: note: in expansion of macro ‘EXEC_NPU_CMD’
 1025 |     EXEC_NPU_CMD(aclnnCompressorMetadata, rope_cos, rope_sin, cu_seqlens, start_pos, kv_block_table,
      |     ^~~~~~~~~~~~
/mnt/workspace/hc-pre-reduction-20260930/batch-comb-source-baseline/csrc/aclnn_torch_adapter/op_api_common.h:743:22: warning: narrowing conversion of ‘workspace_size’ from ‘uint64_t’ {aka ‘long unsigned int’} to ‘long int’ [-Wnarrowing]
  743 |           at::empty({workspace_size}, options.dtype(kByte));                  \
      |                      ^~~~~~~~~~~~~~
/mnt/workspace/hc-pre-reduction-20260930/batch-comb-source-baseline/csrc/torch_binding.cpp:1025:5: note: in expansion of macro ‘EXEC_NPU_CMD’
 1025 |     EXEC_NPU_CMD(aclnnCompressorMetadata, rope_cos, rope_sin, cu_seqlens, start_pos, kv_block_table,
      |     ^~~~~~~~~~~~
/mnt/workspace/hc-pre-reduction-20260930/batch-comb-source-baseline/csrc/torch_binding.cpp: In function ‘std::tuple<at::Tensor, at::Tensor> vllm_ascend::npu_quant_lightning_indexer_v2_npu(const at::Tensor&, const at::Tensor&, const at::Tensor&, const at::Tensor&, const at::Tensor&, int64_t, int64_t, const std::optional<at::Tensor>&, const std::optional<at::Tensor>&, const std::optional<at::Tensor>&, const std::optional<at::Tensor>&, const std::optional<at::Tensor>&, const std::optional<at::Tensor>&, const std::optional<at::Tensor>&, const std::optional<at::Tensor>&, int64_t, c10::string_view, c10::string_view, int64_t, int64_t, int64_t)’:
/mnt/workspace/hc-pre-reduction-20260930/batch-comb-source-baseline/csrc/aclnn_torch_adapter/op_api_common.h:743:22: warning: narrowing conversion of ‘workspace_size’ from ‘uint64_t’ {aka ‘long unsigned int’} to ‘long int’ [-Wnarrowing]
  743 |           at::empty({workspace_size}, options.dtype(kByte));                  \
      |                      ^~~~~~~~~~~~~~
/mnt/workspace/hc-pre-reduction-20260930/batch-comb-source-baseline/csrc/torch_binding.cpp:1102:5: note: in expansion of macro ‘EXEC_NPU_CMD’
 1102 |     EXEC_NPU_CMD(aclnnQuantLightningIndexerV2, query, key, weights, query_dequant_scale, key_dequant_scale,
      |     ^~~~~~~~~~~~
/mnt/workspace/hc-pre-reduction-20260930/batch-comb-source-baseline/csrc/aclnn_torch_adapter/op_api_common.h:743:22: warning: narrowing conversion of ‘workspace_size’ from ‘uint64_t’ {aka ‘long unsigned int’} to ‘long int’ [-Wnarrowing]
  743 |           at::empty({workspace_size}, options.dtype(kByte));                  \
      |                      ^~~~~~~~~~~~~~
/mnt/workspace/hc-pre-reduction-20260930/batch-comb-source-baseline/csrc/torch_binding.cpp:1102:5: note: in expansion of macro ‘EXEC_NPU_CMD’
 1102 |     EXEC_NPU_CMD(aclnnQuantLightningIndexerV2, query, key, weights, query_dequant_scale, key_dequant_scale,
      |     ^~~~~~~~~~~~
/mnt/workspace/hc-pre-reduction-20260930/batch-comb-source-baseline/csrc/torch_binding.cpp: In function ‘std::tuple<at::Tensor, at::Tensor> vllm_ascend::npu_sparse_attn_sharedkv_npu(const at::Tensor&, const std::optional<at::Tensor>&, const std::optional<at::Tensor>&, const std::optional<at::Tensor>&, const std::optional<at::Tensor>&, const std::optional<at::Tensor>&, const std::optional<at::Tensor>&, const std::optional<at::Tensor>&, const std::optional<at::Tensor>&, const std::optional<at::Tensor>&, const std::optional<at::Tensor>&, const std::optional<at::Tensor>&, const std::optional<at::Tensor>&, const std::optional<at::Tensor>&, double, int64_t, int64_t, int64_t, int64_t, int64_t, c10::string_view, c10::string_view, bool)’:
/mnt/workspace/hc-pre-reduction-20260930/batch-comb-source-baseline/csrc/aclnn_torch_adapter/op_api_common.h:743:22: warning: narrowing conversion of ‘workspace_size’ from ‘uint64_t’ {aka ‘long unsigned int’} to ‘long int’ [-Wnarrowing]
  743 |           at::empty({workspace_size}, options.dtype(kByte));                  \
      |                      ^~~~~~~~~~~~~~
/mnt/workspace/hc-pre-reduction-20260930/batch-comb-source-baseline/csrc/torch_binding.cpp:1185:5: note: in expansion of macro ‘EXEC_NPU_CMD’
 1185 |     EXEC_NPU_CMD(aclnnSparseAttnSharedkv, q, ori_kv, cmp_kv, ori_sparse_indices, cmp_sparse_indices,
      |     ^~~~~~~~~~~~
/mnt/workspace/hc-pre-reduction-20260930/batch-comb-source-baseline/csrc/aclnn_torch_adapter/op_api_common.h:743:22: warning: narrowing conversion of ‘workspace_size’ from ‘uint64_t’ {aka ‘long unsigned int’} to ‘long int’ [-Wnarrowing]
  743 |           at::empty({workspace_size}, options.dtype(kByte));                  \
      |                      ^~~~~~~~~~~~~~
/mnt/workspace/hc-pre-reduction-20260930/batch-comb-source-baseline/csrc/torch_binding.cpp:1185:5: note: in expansion of macro ‘EXEC_NPU_CMD’
 1185 |     EXEC_NPU_CMD(aclnnSparseAttnSharedkv, q, ori_kv, cmp_kv, ori_sparse_indices, cmp_sparse_indices,
      |     ^~~~~~~~~~~~
/mnt/workspace/hc-pre-reduction-20260930/batch-comb-source-baseline/csrc/torch_binding.cpp: In function ‘at::Tensor vllm_ascend::npu_sparse_attn_sharedkv_metadata_npu(int64_t, int64_t, int64_t, const std::optional<at::Tensor>&, const std::optional<at::Tensor>&, const std::optional<at::Tensor>&, const std::optional<at::Tensor>&, const std::optional<at::Tensor>&, int64_t, int64_t, int64_t, int64_t, int64_t, int64_t, int64_t, int64_t, int64_t, int64_t, c10::string_view, c10::string_view, bool, bool, c10::string_view)’:
/mnt/workspace/hc-pre-reduction-20260930/batch-comb-source-baseline/csrc/aclnn_torch_adapter/op_api_common.h:743:22: warning: narrowing conversion of ‘workspace_size’ from ‘uint64_t’ {aka ‘long unsigned int’} to ‘long int’ [-Wnarrowing]
  743 |           at::empty({workspace_size}, options.dtype(kByte));                  \
      |                      ^~~~~~~~~~~~~~
/mnt/workspace/hc-pre-reduction-20260930/batch-comb-source-baseline/csrc/torch_binding.cpp:1247:5: note: in expansion of macro ‘EXEC_NPU_CMD’
 1247 |     EXEC_NPU_CMD(aclnnSparseAttnSharedkvMetadata, cu_seqlens_q_val, cu_seqlens_ori_kv_val, cu_seqlens_cmp_kv_val, seqused_q_val,
      |     ^~~~~~~~~~~~
/mnt/workspace/hc-pre-reduction-20260930/batch-comb-source-baseline/csrc/aclnn_torch_adapter/op_api_common.h:743:22: warning: narrowing conversion of ‘workspace_size’ from ‘uint64_t’ {aka ‘long unsigned int’} to ‘long int’ [-Wnarrowing]
  743 |           at::empty({workspace_size}, options.dtype(kByte));                  \
      |                      ^~~~~~~~~~~~~~
/mnt/workspace/hc-pre-reduction-20260930/batch-comb-source-baseline/csrc/torch_binding.cpp:1247:5: note: in expansion of macro ‘EXEC_NPU_CMD’
 1247 |     EXEC_NPU_CMD(aclnnSparseAttnSharedkvMetadata, cu_seqlens_q_val, cu_seqlens_ori_kv_val, cu_seqlens_cmp_kv_val, seqused_q_val,
      |     ^~~~~~~~~~~~
/mnt/workspace/hc-pre-reduction-20260930/batch-comb-source-baseline/csrc/torch_binding.cpp: In function ‘at::Tensor vllm_ascend::npu_quant_lightning_indexer_v2_metadata_npu(int64_t, int64_t, int64_t, int64_t, int64_t, const std::optional<at::Tensor>&, const std::optional<at::Tensor>&, const std::optional<at::Tensor>&, const std::optional<at::Tensor>&, const std::optional<at::Tensor>&, int64_t, int64_t, int64_t, c10::string_view, c10::string_view, int64_t, int64_t, c10::string_view)’:
/mnt/workspace/hc-pre-reduction-20260930/batch-comb-source-baseline/csrc/aclnn_torch_adapter/op_api_common.h:743:22: warning: narrowing conversion of ‘workspace_size’ from ‘uint64_t’ {aka ‘long unsigned int’} to ‘long int’ [-Wnarrowing]
  743 |           at::empty({workspace_size}, options.dtype(kByte));                  \
      |                      ^~~~~~~~~~~~~~
/mnt/workspace/hc-pre-reduction-20260930/batch-comb-source-baseline/csrc/torch_binding.cpp:1288:5: note: in expansion of macro ‘EXEC_NPU_CMD’
 1288 |     EXEC_NPU_CMD(aclnnQuantLightningIndexerV2Metadata, cu_seqlens_q_val, cu_seqlens_k_val, seqused_q_val, seqused_k_val,
      |     ^~~~~~~~~~~~
/mnt/workspace/hc-pre-reduction-20260930/batch-comb-source-baseline/csrc/aclnn_torch_adapter/op_api_common.h:743:22: warning: narrowing conversion of ‘workspace_size’ from ‘uint64_t’ {aka ‘long unsigned int’} to ‘long int’ [-Wnarrowing]
  743 |           at::empty({workspace_size}, options.dtype(kByte));                  \
      |                      ^~~~~~~~~~~~~~
/mnt/workspace/hc-pre-reduction-20260930/batch-comb-source-baseline/csrc/torch_binding.cpp:1288:5: note: in expansion of macro ‘EXEC_NPU_CMD’
 1288 |     EXEC_NPU_CMD(aclnnQuantLightningIndexerV2Metadata, cu_seqlens_q_val, cu_seqlens_k_val, seqused_q_val, seqused_k_val,
      |     ^~~~~~~~~~~~
/mnt/workspace/hc-pre-reduction-20260930/batch-comb-source-baseline/csrc/torch_binding.cpp: In function ‘at::Tensor vllm_ascend::npu_hc_post_npu(const at::Tensor&, const at::Tensor&, const at::Tensor&, const at::Tensor&)’:
/mnt/workspace/hc-pre-reduction-20260930/batch-comb-source-baseline/csrc/aclnn_torch_adapter/op_api_common.h:743:22: warning: narrowing conversion of ‘workspace_size’ from ‘uint64_t’ {aka ‘long unsigned int’} to ‘long int’ [-Wnarrowing]
  743 |           at::empty({workspace_size}, options.dtype(kByte));                  \
      |                      ^~~~~~~~~~~~~~
/mnt/workspace/hc-pre-reduction-20260930/batch-comb-source-baseline/csrc/torch_binding.cpp:1353:5: note: in expansion of macro ‘EXEC_NPU_CMD’
 1353 |     EXEC_NPU_CMD(aclnnHcPost, x, residual, post, comb, out);
      |     ^~~~~~~~~~~~
/mnt/workspace/hc-pre-reduction-20260930/batch-comb-source-baseline/csrc/aclnn_torch_adapter/op_api_common.h:743:22: warning: narrowing conversion of ‘workspace_size’ from ‘uint64_t’ {aka ‘long unsigned int’} to ‘long int’ [-Wnarrowing]
  743 |           at::empty({workspace_size}, options.dtype(kByte));                  \
      |                      ^~~~~~~~~~~~~~
/mnt/workspace/hc-pre-reduction-20260930/batch-comb-source-baseline/csrc/torch_binding.cpp:1353:5: note: in expansion of macro ‘EXEC_NPU_CMD’
 1353 |     EXEC_NPU_CMD(aclnnHcPost, x, residual, post, comb, out);
      |     ^~~~~~~~~~~~
/mnt/workspace/hc-pre-reduction-20260930/batch-comb-source-baseline/csrc/torch_binding.cpp: In function ‘std::tuple<at::Tensor, at::Tensor, at::Tensor, at::Tensor> vllm_ascend::run_hc_pre_fusion(const at::Tensor&, const at::Tensor&, const at::Tensor&, const at::Tensor&, const std::optional<at::Tensor>&, int64_t, int64_t, double, double)’:
/mnt/workspace/hc-pre-reduction-20260930/batch-comb-source-baseline/csrc/aclnn_torch_adapter/op_api_common.h:743:22: warning: narrowing conversion of ‘workspace_size’ from ‘uint64_t’ {aka ‘long unsigned int’} to ‘long int’ [-Wnarrowing]
  743 |           at::empty({workspace_size}, options.dtype(kByte));                  \
      |                      ^~~~~~~~~~~~~~
/mnt/workspace/hc-pre-reduction-20260930/batch-comb-source-baseline/csrc/torch_binding.cpp:1456:5: note: in expansion of macro ‘EXEC_NPU_CMD’
 1456 |     EXEC_NPU_CMD(aclnnHcPre, x, hc_fn, hc_scale, hc_base, pre_mix, hc_mult, hc_sinkhorn_iters, hc_eps, norm_eps,
      |     ^~~~~~~~~~~~
/mnt/workspace/hc-pre-reduction-20260930/batch-comb-source-baseline/csrc/aclnn_torch_adapter/op_api_common.h:743:22: warning: narrowing conversion of ‘workspace_size’ from ‘uint64_t’ {aka ‘long unsigned int’} to ‘long int’ [-Wnarrowing]
  743 |           at::empty({workspace_size}, options.dtype(kByte));                  \
      |                      ^~~~~~~~~~~~~~
/mnt/workspace/hc-pre-reduction-20260930/batch-comb-source-baseline/csrc/torch_binding.cpp:1456:5: note: in expansion of macro ‘EXEC_NPU_CMD’
 1456 |     EXEC_NPU_CMD(aclnnHcPre, x, hc_fn, hc_scale, hc_base, pre_mix, hc_mult, hc_sinkhorn_iters, hc_eps, norm_eps,
      |     ^~~~~~~~~~~~
/mnt/workspace/hc-pre-reduction-20260930/batch-comb-source-baseline/csrc/torch_binding.cpp: In function ‘void vllm_ascend::inplace_partial_rotary_mul_npu(at::Tensor&, const at::Tensor&, const at::Tensor&, c10::string_view, at::IntArrayRef, bool)’:
/mnt/workspace/hc-pre-reduction-20260930/batch-comb-source-baseline/csrc/aclnn_torch_adapter/op_api_common.h:743:22: warning: narrowing conversion of ‘workspace_size’ from ‘uint64_t’ {aka ‘long unsigned int’} to ‘long int’ [-Wnarrowing]
  743 |           at::empty({workspace_size}, options.dtype(kByte));                  \
      |                      ^~~~~~~~~~~~~~
/mnt/workspace/hc-pre-reduction-20260930/batch-comb-source-baseline/csrc/torch_binding.cpp:1499:5: note: in expansion of macro ‘EXEC_NPU_CMD’
 1499 |     EXEC_NPU_CMD(aclnnInplacePartialRotaryMul, x, r1, r2, it->second, partial_slice, negate_sin);
      |     ^~~~~~~~~~~~
/mnt/workspace/hc-pre-reduction-20260930/batch-comb-source-baseline/csrc/aclnn_torch_adapter/op_api_common.h:743:22: warning: narrowing conversion of ‘workspace_size’ from ‘uint64_t’ {aka ‘long unsigned int’} to ‘long int’ [-Wnarrowing]
  743 |           at::empty({workspace_size}, options.dtype(kByte));                  \
      |                      ^~~~~~~~~~~~~~
/mnt/workspace/hc-pre-reduction-20260930/batch-comb-source-baseline/csrc/torch_binding.cpp:1499:5: note: in expansion of macro ‘EXEC_NPU_CMD’
 1499 |     EXEC_NPU_CMD(aclnnInplacePartialRotaryMul, x, r1, r2, it->second, partial_slice, negate_sin);
      |     ^~~~~~~~~~~~
/mnt/workspace/hc-pre-reduction-20260930/batch-comb-source-baseline/csrc/torch_binding.cpp: In function ‘std::tuple<at::Tensor, at::Tensor> vllm_ascend::npu_rms_norm_dynamic_quant_npu(const at::Tensor&, const at::Tensor&, const std::optional<at::Tensor>&, const std::optional<at::Tensor>&, double)’:
/mnt/workspace/hc-pre-reduction-20260930/batch-comb-source-baseline/csrc/aclnn_torch_adapter/op_api_common.h:743:22: warning: narrowing conversion of ‘workspace_size’ from ‘uint64_t’ {aka ‘long unsigned int’} to ‘long int’ [-Wnarrowing]
  743 |           at::empty({workspace_size}, options.dtype(kByte));                  \
      |                      ^~~~~~~~~~~~~~
/mnt/workspace/hc-pre-reduction-20260930/batch-comb-source-baseline/csrc/torch_binding.cpp:1530:5: note: in expansion of macro ‘EXEC_NPU_CMD’
 1530 |     EXEC_NPU_CMD(aclnnRmsNormDynamicQuant, x, gamma, smooth_scale, smooth_scale2, beta, epsilon, output_mask, dst_type,
      |     ^~~~~~~~~~~~
/mnt/workspace/hc-pre-reduction-20260930/batch-comb-source-baseline/csrc/aclnn_torch_adapter/op_api_common.h:743:22: warning: narrowing conversion of ‘workspace_size’ from ‘uint64_t’ {aka ‘long unsigned int’} to ‘long int’ [-Wnarrowing]
  743 |           at::empty({workspace_size}, options.dtype(kByte));                  \
      |                      ^~~~~~~~~~~~~~
/mnt/workspace/hc-pre-reduction-20260930/batch-comb-source-baseline/csrc/torch_binding.cpp:1530:5: note: in expansion of macro ‘EXEC_NPU_CMD’
 1530 |     EXEC_NPU_CMD(aclnnRmsNormDynamicQuant, x, gamma, smooth_scale, smooth_scale2, beta, epsilon, output_mask, dst_type,
      |     ^~~~~~~~~~~~
/mnt/workspace/hc-pre-reduction-20260930/batch-comb-source-baseline/csrc/torch_binding.cpp: In function ‘void vllm_ascend::kv_compress_epilog_npu(at::Tensor&, const at::Tensor&, const at::Tensor&, int64_t, int64_t, bool, int64_t)’:
/mnt/workspace/hc-pre-reduction-20260930/batch-comb-source-baseline/csrc/aclnn_torch_adapter/op_api_common.h:743:22: warning: narrowing conversion of ‘workspace_size’ from ‘uint64_t’ {aka ‘long unsigned int’} to ‘long int’ [-Wnarrowing]
  743 |           at::empty({workspace_size}, options.dtype(kByte));                  \
      |                      ^~~~~~~~~~~~~~
/mnt/workspace/hc-pre-reduction-20260930/batch-comb-source-baseline/csrc/torch_binding.cpp:1580:5: note: in expansion of macro ‘EXEC_NPU_CMD’
 1580 |     EXEC_NPU_CMD(aclnnKvCompressEpilog, cache, x, slot_mapping, quant_group_size, quant_mode, round_scale,
      |     ^~~~~~~~~~~~
/mnt/workspace/hc-pre-reduction-20260930/batch-comb-source-baseline/csrc/aclnn_torch_adapter/op_api_common.h:743:22: warning: narrowing conversion of ‘workspace_size’ from ‘uint64_t’ {aka ‘long unsigned int’} to ‘long int’ [-Wnarrowing]
  743 |           at::empty({workspace_size}, options.dtype(kByte));                  \
      |                      ^~~~~~~~~~~~~~
/mnt/workspace/hc-pre-reduction-20260930/batch-comb-source-baseline/csrc/torch_binding.cpp:1580:5: note: in expansion of macro ‘EXEC_NPU_CMD’
 1580 |     EXEC_NPU_CMD(aclnnKvCompressEpilog, cache, x, slot_mapping, quant_group_size, quant_mode, round_scale,
      |     ^~~~~~~~~~~~
/mnt/workspace/hc-pre-reduction-20260930/batch-comb-source-baseline/csrc/torch_binding.cpp: In function ‘std::tuple<at::Tensor, at::Tensor> vllm_ascend::npu_kv_quant_sparse_attn_sharedkv_npu(const at::Tensor&, int64_t, const std::optional<at::Tensor>&, const std::optional<at::Tensor>&, const std::optional<at::Tensor>&, const std::optional<at::Tensor>&, const std::optional<at::Tensor>&, const std::optional<at::Tensor>&, const std::optional<at::Tensor>&, const std::optional<at::Tensor>&, const std::optional<at::Tensor>&, const std::optional<at::Tensor>&, const std::optional<at::Tensor>&, const std::optional<at::Tensor>&, const std::optional<at::Tensor>&, int64_t, int64_t, double, int64_t, int64_t, int64_t, int64_t, int64_t, c10::string_view, c10::string_view, bool)’:
/mnt/workspace/hc-pre-reduction-20260930/batch-comb-source-baseline/csrc/aclnn_torch_adapter/op_api_common.h:743:22: warning: narrowing conversion of ‘workspace_size’ from ‘uint64_t’ {aka ‘long unsigned int’} to ‘long int’ [-Wnarrowing]
  743 |           at::empty({workspace_size}, options.dtype(kByte));                  \
      |                      ^~~~~~~~~~~~~~
/mnt/workspace/hc-pre-reduction-20260930/batch-comb-source-baseline/csrc/torch_binding.cpp:1629:5: note: in expansion of macro ‘EXEC_NPU_CMD’
 1629 |     EXEC_NPU_CMD(aclnnKvQuantSparseAttnSharedkv, q, ori_kv, cmp_kv, ori_sparse_indices, cmp_sparse_indices,
      |     ^~~~~~~~~~~~
/mnt/workspace/hc-pre-reduction-20260930/batch-comb-source-baseline/csrc/aclnn_torch_adapter/op_api_common.h:743:22: warning: narrowing conversion of ‘workspace_size’ from ‘uint64_t’ {aka ‘long unsigned int’} to ‘long int’ [-Wnarrowing]
  743 |           at::empty({workspace_size}, options.dtype(kByte));                  \
      |                      ^~~~~~~~~~~~~~
/mnt/workspace/hc-pre-reduction-20260930/batch-comb-source-baseline/csrc/torch_binding.cpp:1629:5: note: in expansion of macro ‘EXEC_NPU_CMD’
 1629 |     EXEC_NPU_CMD(aclnnKvQuantSparseAttnSharedkv, q, ori_kv, cmp_kv, ori_sparse_indices, cmp_sparse_indices,
      |     ^~~~~~~~~~~~
/mnt/workspace/hc-pre-reduction-20260930/batch-comb-source-baseline/csrc/torch_binding.cpp: In function ‘at::Tensor vllm_ascend::npu_kv_quant_sparse_attn_sharedkv_metadata_npu(int64_t, int64_t, int64_t, int64_t, const std::optional<at::Tensor>&, const std::optional<at::Tensor>&, const std::optional<at::Tensor>&, const std::optional<at::Tensor>&, const std::optional<at::Tensor>&, int64_t, int64_t, int64_t, int64_t, int64_t, int64_t, int64_t, int64_t, int64_t, int64_t, int64_t, int64_t, c10::string_view, c10::string_view, bool, bool, c10::string_view)’:
/mnt/workspace/hc-pre-reduction-20260930/batch-comb-source-baseline/csrc/aclnn_torch_adapter/op_api_common.h:743:22: warning: narrowing conversion of ‘workspace_size’ from ‘uint64_t’ {aka ‘long unsigned int’} to ‘long int’ [-Wnarrowing]
  743 |           at::empty({workspace_size}, options.dtype(kByte));                  \
      |                      ^~~~~~~~~~~~~~
/mnt/workspace/hc-pre-reduction-20260930/batch-comb-source-baseline/csrc/torch_binding.cpp:1692:5: note: in expansion of macro ‘EXEC_NPU_CMD’
 1692 |     EXEC_NPU_CMD(aclnnKvQuantSparseAttnSharedkvMetadata, cu_seqlens_q_val, cu_seqlens_ori_kv_val,
      |     ^~~~~~~~~~~~
/mnt/workspace/hc-pre-reduction-20260930/batch-comb-source-baseline/csrc/aclnn_torch_adapter/op_api_common.h:743:22: warning: narrowing conversion of ‘workspace_size’ from ‘uint64_t’ {aka ‘long unsigned int’} to ‘long int’ [-Wnarrowing]
  743 |           at::empty({workspace_size}, options.dtype(kByte));                  \
      |                      ^~~~~~~~~~~~~~
/mnt/workspace/hc-pre-reduction-20260930/batch-comb-source-baseline/csrc/torch_binding.cpp:1692:5: note: in expansion of macro ‘EXEC_NPU_CMD’
 1692 |     EXEC_NPU_CMD(aclnnKvQuantSparseAttnSharedkvMetadata, cu_seqlens_q_val, cu_seqlens_ori_kv_val,
      |     ^~~~~~~~~~~~
/mnt/workspace/hc-pre-reduction-20260930/batch-comb-source-baseline/csrc/torch_binding.cpp: In function ‘std::tuple<at::Tensor, at::Tensor, at::Tensor> vllm_ascend::npu_swiglu_group_quant_npu(const at::Tensor&, const std::optional<at::Tensor>&, const std::optional<at::Tensor>&, c10::ScalarType, int64_t, int64_t, bool, bool, bool, int64_t, double)’:
/mnt/workspace/hc-pre-reduction-20260930/batch-comb-source-baseline/csrc/aclnn_torch_adapter/op_api_common.h:743:22: warning: narrowing conversion of ‘workspace_size’ from ‘uint64_t’ {aka ‘long unsigned int’} to ‘long int’ [-Wnarrowing]
  743 |           at::empty({workspace_size}, options.dtype(kByte));                  \
      |                      ^~~~~~~~~~~~~~
/mnt/workspace/hc-pre-reduction-20260930/batch-comb-source-baseline/csrc/torch_binding.cpp:1796:5: note: in expansion of macro ‘EXEC_NPU_CMD’
 1796 |     EXEC_NPU_CMD(aclnnSwigluGroupQuant, x, topk_weight, group_index, dst_type_code, quant_mode, group_size,
      |     ^~~~~~~~~~~~
/mnt/workspace/hc-pre-reduction-20260930/batch-comb-source-baseline/csrc/aclnn_torch_adapter/op_api_common.h:743:22: warning: narrowing conversion of ‘workspace_size’ from ‘uint64_t’ {aka ‘long unsigned int’} to ‘long int’ [-Wnarrowing]
  743 |           at::empty({workspace_size}, options.dtype(kByte));                  \
      |                      ^~~~~~~~~~~~~~
/mnt/workspace/hc-pre-reduction-20260930/batch-comb-source-baseline/csrc/torch_binding.cpp:1796:5: note: in expansion of macro ‘EXEC_NPU_CMD’
 1796 |     EXEC_NPU_CMD(aclnnSwigluGroupQuant, x, topk_weight, group_index, dst_type_code, quant_mode, group_size,
      |     ^~~~~~~~~~~~
/mnt/workspace/hc-pre-reduction-20260930/batch-comb-source-baseline/csrc/torch_binding.cpp: In function ‘void vllm_ascend::indexer_compress_epilog_v2_npu(at::Tensor&, const at::Tensor&, const at::Tensor&, int64_t)’:
/mnt/workspace/hc-pre-reduction-20260930/batch-comb-source-baseline/csrc/aclnn_torch_adapter/op_api_common.h:743:22: warning: narrowing conversion of ‘workspace_size’ from ‘uint64_t’ {aka ‘long unsigned int’} to ‘long int’ [-Wnarrowing]
  743 |           at::empty({workspace_size}, options.dtype(kByte));                  \
      |                      ^~~~~~~~~~~~~~
/mnt/workspace/hc-pre-reduction-20260930/batch-comb-source-baseline/csrc/torch_binding.cpp:1809:5: note: in expansion of macro ‘EXEC_NPU_CMD’
 1809 |     EXEC_NPU_CMD(aclnnIndexerCompressEpilogV2, indexer_compress_cache, x, slot_mapping, layout,
      |     ^~~~~~~~~~~~
/mnt/workspace/hc-pre-reduction-20260930/batch-comb-source-baseline/csrc/aclnn_torch_adapter/op_api_common.h:743:22: warning: narrowing conversion of ‘workspace_size’ from ‘uint64_t’ {aka ‘long unsigned int’} to ‘long int’ [-Wnarrowing]
  743 |           at::empty({workspace_size}, options.dtype(kByte));                  \
      |                      ^~~~~~~~~~~~~~
/mnt/workspace/hc-pre-reduction-20260930/batch-comb-source-baseline/csrc/torch_binding.cpp:1809:5: note: in expansion of macro ‘EXEC_NPU_CMD’
 1809 |     EXEC_NPU_CMD(aclnnIndexerCompressEpilogV2, indexer_compress_cache, x, slot_mapping, layout,
      |     ^~~~~~~~~~~~
/mnt/workspace/hc-pre-reduction-20260930/batch-comb-source-baseline/csrc/torch_binding.cpp: In function ‘std::tuple<at::Tensor, at::Tensor> vllm_ascend::npu_dequant_swiglu_quant(const at::Tensor&, const std::optional<at::Tensor>&, const std::optional<at::Tensor>&, const std::optional<at::Tensor>&, const std::optional<at::Tensor>&, const std::optional<at::Tensor>&, const std::optional<at::Tensor>&, bool, int64_t, int64_t, double, double, double)’:
/mnt/workspace/hc-pre-reduction-20260930/batch-comb-source-baseline/csrc/torch_binding.cpp:1850:62: warning: ‘constexpr T c10::value_or_else(const std::optional<_Tp>&, F&&) [with T = at::Tensor; F = vllm_ascend::npu_dequant_swiglu_quant(const at::Tensor&, const std::optional<at::Tensor>&, const std::optional<at::Tensor>&, const std::optional<at::Tensor>&, const std::optional<at::Tensor>&, const std::optional<at::Tensor>&, const std::optional<at::Tensor>&, bool, int64_t, int64_t, double, double, double)::<lambda()>]’ is deprecated: Please use std::optional::value_or instead of c10::value_or_else [-Wdeprecated-declarations]
 1850 |     const at::Tensor& weight_scale_value = c10::value_or_else(weight_scale, [] { return at::Tensor(); });
      |                                            ~~~~~~~~~~~~~~~~~~^~~~~~~~~~~~~~~~~~~~~~~~~~~~~~~~~~~~~~~~~~~
/mnt/workspace/mhc-validation-20260930/venv/lib/python3.12/site-packages/torch/include/c10/util/Optional.h:40:1: note: declared here
   40 | value_or_else(const std::optional<T>& v, F&& func) {
      | ^~~~~~~~~~~~~
/mnt/workspace/hc-pre-reduction-20260930/batch-comb-source-baseline/csrc/torch_binding.cpp:1851:64: warning: ‘constexpr T c10::value_or_else(const std::optional<_Tp>&, F&&) [with T = at::Tensor; F = vllm_ascend::npu_dequant_swiglu_quant(const at::Tensor&, const std::optional<at::Tensor>&, const std::optional<at::Tensor>&, const std::optional<at::Tensor>&, const std::optional<at::Tensor>&, const std::optional<at::Tensor>&, const std::optional<at::Tensor>&, bool, int64_t, int64_t, double, double, double)::<lambda()>]’ is deprecated: Please use std::optional::value_or instead of c10::value_or_else [-Wdeprecated-declarations]
 1851 |     const at::Tensor& activation_scale_opt = c10::value_or_else(activation_scale, [] { return at::Tensor(); });
      |                                              ~~~~~~~~~~~~~~~~~~^~~~~~~~~~~~~~~~~~~~~~~~~~~~~~~~~~~~~~~~~~~~~~~
/mnt/workspace/mhc-validation-20260930/venv/lib/python3.12/site-packages/torch/include/c10/util/Optional.h:40:1: note: declared here
   40 | value_or_else(const std::optional<T>& v, F&& func) {
      | ^~~~~~~~~~~~~
/mnt/workspace/hc-pre-reduction-20260930/batch-comb-source-baseline/csrc/torch_binding.cpp:1852:52: warning: ‘constexpr T c10::value_or_else(const std::optional<_Tp>&, F&&) [with T = at::Tensor; F = vllm_ascend::npu_dequant_swiglu_quant(const at::Tensor&, const std::optional<at::Tensor>&, const std::optional<at::Tensor>&, const std::optional<at::Tensor>&, const std::optional<at::Tensor>&, const std::optional<at::Tensor>&, const std::optional<at::Tensor>&, bool, int64_t, int64_t, double, double, double)::<lambda()>]’ is deprecated: Please use std::optional::value_or instead of c10::value_or_else [-Wdeprecated-declarations]
 1852 |     const at::Tensor& bias_opt = c10::value_or_else(bias, [] { return at::Tensor(); });
      |                                  ~~~~~~~~~~~~~~~~~~^~~~~~~~~~~~~~~~~~~~~~~~~~~~~~~~~~~
/mnt/workspace/mhc-validation-20260930/venv/lib/python3.12/site-packages/torch/include/c10/util/Optional.h:40:1: note: declared here
   40 | value_or_else(const std::optional<T>& v, F&& func) {
      | ^~~~~~~~~~~~~
/mnt/workspace/hc-pre-reduction-20260930/batch-comb-source-baseline/csrc/torch_binding.cpp:1853:59: warning: ‘constexpr T c10::value_or_else(const std::optional<_Tp>&, F&&) [with T = at::Tensor; F = vllm_ascend::npu_dequant_swiglu_quant(const at::Tensor&, const std::optional<at::Tensor>&, const std::optional<at::Tensor>&, const std::optional<at::Tensor>&, const std::optional<at::Tensor>&, const std::optional<at::Tensor>&, const std::optional<at::Tensor>&, bool, int64_t, int64_t, double, double, double)::<lambda()>]’ is deprecated: Please use std::optional::value_or instead of c10::value_or_else [-Wdeprecated-declarations]
 1853 |     const at::Tensor& quant_scale_opt = c10::value_or_else(quant_scale, [] { return at::Tensor(); });
      |                                         ~~~~~~~~~~~~~~~~~~^~~~~~~~~~~~~~~~~~~~~~~~~~~~~~~~~~~~~~~~~~
/mnt/workspace/mhc-validation-20260930/venv/lib/python3.12/site-packages/torch/include/c10/util/Optional.h:40:1: note: declared here
   40 | value_or_else(const std::optional<T>& v, F&& func) {
      | ^~~~~~~~~~~~~
/mnt/workspace/hc-pre-reduction-20260930/batch-comb-source-baseline/csrc/torch_binding.cpp:1854:60: warning: ‘constexpr T c10::value_or_else(const std::optional<_Tp>&, F&&) [with T = at::Tensor; F = vllm_ascend::npu_dequant_swiglu_quant(const at::Tensor&, const std::optional<at::Tensor>&, const std::optional<at::Tensor>&, const std::optional<at::Tensor>&, const std::optional<at::Tensor>&, const std::optional<at::Tensor>&, const std::optional<at::Tensor>&, bool, int64_t, int64_t, double, double, double)::<lambda()>]’ is deprecated: Please use std::optional::value_or instead of c10::value_or_else [-Wdeprecated-declarations]
 1854 |     const at::Tensor& quant_offset_opt = c10::value_or_else(quant_offset, [] { return at::Tensor(); });
      |                                          ~~~~~~~~~~~~~~~~~~^~~~~~~~~~~~~~~~~~~~~~~~~~~~~~~~~~~~~~~~~~~
/mnt/workspace/mhc-validation-20260930/venv/lib/python3.12/site-packages/torch/include/c10/util/Optional.h:40:1: note: declared here
   40 | value_or_else(const std::optional<T>& v, F&& func) {
      | ^~~~~~~~~~~~~
/mnt/workspace/hc-pre-reduction-20260930/batch-comb-source-baseline/csrc/torch_binding.cpp:1855:59: warning: ‘constexpr T c10::value_or_else(const std::optional<_Tp>&, F&&) [with T = at::Tensor; F = vllm_ascend::npu_dequant_swiglu_quant(const at::Tensor&, const std::optional<at::Tensor>&, const std::optional<at::Tensor>&, const std::optional<at::Tensor>&, const std::optional<at::Tensor>&, const std::optional<at::Tensor>&, const std::optional<at::Tensor>&, bool, int64_t, int64_t, double, double, double)::<lambda()>]’ is deprecated: Please use std::optional::value_or instead of c10::value_or_else [-Wdeprecated-declarations]
 1855 |     const at::Tensor& group_index_opt = c10::value_or_else(group_index, [] { return at::Tensor(); });
      |                                         ~~~~~~~~~~~~~~~~~~^~~~~~~~~~~~~~~~~~~~~~~~~~~~~~~~~~~~~~~~~~
/mnt/workspace/mhc-validation-20260930/venv/lib/python3.12/site-packages/torch/include/c10/util/Optional.h:40:1: note: declared here
   40 | value_or_else(const std::optional<T>& v, F&& func) {
      | ^~~~~~~~~~~~~
/mnt/workspace/hc-pre-reduction-20260930/batch-comb-source-baseline/csrc/aclnn_torch_adapter/op_api_common.h:743:22: warning: narrowing conversion of ‘workspace_size’ from ‘uint64_t’ {aka ‘long unsigned int’} to ‘long int’ [-Wnarrowing]
  743 |           at::empty({workspace_size}, options.dtype(kByte));                  \
      |                      ^~~~~~~~~~~~~~
/mnt/workspace/hc-pre-reduction-20260930/batch-comb-source-baseline/csrc/torch_binding.cpp:1862:9: note: in expansion of macro ‘EXEC_NPU_CMD’
 1862 |         EXEC_NPU_CMD(aclnnDequantSwigluQuant, x, weight_scale_value, activation_scale_opt, bias_opt, quant_scale_opt,
      |         ^~~~~~~~~~~~
/mnt/workspace/hc-pre-reduction-20260930/batch-comb-source-baseline/csrc/aclnn_torch_adapter/op_api_common.h:743:22: warning: narrowing conversion of ‘workspace_size’ from ‘uint64_t’ {aka ‘long unsigned int’} to ‘long int’ [-Wnarrowing]
  743 |           at::empty({workspace_size}, options.dtype(kByte));                  \
      |                      ^~~~~~~~~~~~~~
/mnt/workspace/hc-pre-reduction-20260930/batch-comb-source-baseline/csrc/torch_binding.cpp:1862:9: note: in expansion of macro ‘EXEC_NPU_CMD’
 1862 |         EXEC_NPU_CMD(aclnnDequantSwigluQuant, x, weight_scale_value, activation_scale_opt, bias_opt, quant_scale_opt,
      |         ^~~~~~~~~~~~
/mnt/workspace/hc-pre-reduction-20260930/batch-comb-source-baseline/csrc/aclnn_torch_adapter/op_api_common.h:743:22: warning: narrowing conversion of ‘workspace_size’ from ‘uint64_t’ {aka ‘long unsigned int’} to ‘long int’ [-Wnarrowing]
  743 |           at::empty({workspace_size}, options.dtype(kByte));                  \
      |                      ^~~~~~~~~~~~~~
/mnt/workspace/hc-pre-reduction-20260930/batch-comb-source-baseline/csrc/torch_binding.cpp:1868:9: note: in expansion of macro ‘EXEC_NPU_CMD’
 1868 |         EXEC_NPU_CMD(aclnnDequantSwigluQuantV2, x, weight_scale_value, activation_scale_opt, bias_opt, quant_scale_opt,
      |         ^~~~~~~~~~~~
/mnt/workspace/hc-pre-reduction-20260930/batch-comb-source-baseline/csrc/aclnn_torch_adapter/op_api_common.h:743:22: warning: narrowing conversion of ‘workspace_size’ from ‘uint64_t’ {aka ‘long unsigned int’} to ‘long int’ [-Wnarrowing]
  743 |           at::empty({workspace_size}, options.dtype(kByte));                  \
      |                      ^~~~~~~~~~~~~~
/mnt/workspace/hc-pre-reduction-20260930/batch-comb-source-baseline/csrc/torch_binding.cpp:1868:9: note: in expansion of macro ‘EXEC_NPU_CMD’
 1868 |         EXEC_NPU_CMD(aclnnDequantSwigluQuantV2, x, weight_scale_value, activation_scale_opt, bias_opt, quant_scale_opt,
      |         ^~~~~~~~~~~~
/mnt/workspace/hc-pre-reduction-20260930/batch-comb-source-baseline/csrc/torch_binding.cpp: In function ‘void vllm_ascend::npu_scatter_nd_update_sk(at::Tensor&, const at::Tensor&, const at::Tensor&)’:
/mnt/workspace/hc-pre-reduction-20260930/batch-comb-source-baseline/csrc/aclnn_torch_adapter/op_api_common.h:743:22: warning: narrowing conversion of ‘workspace_size’ from ‘uint64_t’ {aka ‘long unsigned int’} to ‘long int’ [-Wnarrowing]
  743 |           at::empty({workspace_size}, options.dtype(kByte));                  \
      |                      ^~~~~~~~~~~~~~
/mnt/workspace/hc-pre-reduction-20260930/batch-comb-source-baseline/csrc/torch_binding.cpp:1883:5: note: in expansion of macro ‘EXEC_NPU_CMD’
 1883 |     EXEC_NPU_CMD(aclnnScatterNdUpdateSk, var, indices, update, var_stride);
      |     ^~~~~~~~~~~~
/mnt/workspace/hc-pre-reduction-20260930/batch-comb-source-baseline/csrc/aclnn_torch_adapter/op_api_common.h:743:22: warning: narrowing conversion of ‘workspace_size’ from ‘uint64_t’ {aka ‘long unsigned int’} to ‘long int’ [-Wnarrowing]
  743 |           at::empty({workspace_size}, options.dtype(kByte));                  \
      |                      ^~~~~~~~~~~~~~
/mnt/workspace/hc-pre-reduction-20260930/batch-comb-source-baseline/csrc/torch_binding.cpp:1883:5: note: in expansion of macro ‘EXEC_NPU_CMD’
 1883 |     EXEC_NPU_CMD(aclnnScatterNdUpdateSk, var, indices, update, var_stride);
      |     ^~~~~~~~~~~~
/mnt/workspace/hc-pre-reduction-20260930/batch-comb-source-baseline/csrc/torch_binding.cpp: In function ‘std::tuple<at::Tensor, at::Tensor, at::Tensor> vllm_ascend::chunk_gated_delta_rule_fwd_h(const at::Tensor&, const at::Tensor&, const at::Tensor&, const std::optional<at::Tensor>&, const std::optional<at::Tensor>&, const std::optional<at::Tensor>&, std::optional<bool>, std::optional<long int>, std::optional<bool>, std::optional<c10::ArrayRef<long int> >, std::optional<c10::ArrayRef<long int> >, std::optional<bool>, std::optional<bool>)’:
/mnt/workspace/hc-pre-reduction-20260930/batch-comb-source-baseline/csrc/torch_binding.cpp:1903:58: warning: ‘constexpr T c10::value_or_else(const std::optional<_Tp>&, F&&) [with T = at::Tensor; F = vllm_ascend::chunk_gated_delta_rule_fwd_h(const at::Tensor&, const at::Tensor&, const at::Tensor&, const std::optional<at::Tensor>&, const std::optional<at::Tensor>&, const std::optional<at::Tensor>&, std::optional<bool>, std::optional<long int>, std::optional<bool>, std::optional<c10::ArrayRef<long int> >, std::optional<c10::ArrayRef<long int> >, std::optional<bool>, std::optional<bool>)::<lambda()>]’ is deprecated: Please use std::optional::value_or instead of c10::value_or_else [-Wdeprecated-declarations]
 1903 |     const at::Tensor &initial_state_ = c10::value_or_else(initial_state, [] { return at::Tensor(); });
      |                                        ~~~~~~~~~~~~~~~~~~^~~~~~~~~~~~~~~~~~~~~~~~~~~~~~~~~~~~~~~~~~~~
/mnt/workspace/mhc-validation-20260930/venv/lib/python3.12/site-packages/torch/include/c10/util/Optional.h:40:1: note: declared here
   40 | value_or_else(const std::optional<T>& v, F&& func) {
      | ^~~~~~~~~~~~~
/mnt/workspace/hc-pre-reduction-20260930/batch-comb-source-baseline/csrc/torch_binding.cpp:1905:46: warning: ‘constexpr T c10::value_or_else(const std::optional<_Tp>&, F&&) [with T = at::Tensor; F = vllm_ascend::chunk_gated_delta_rule_fwd_h(const at::Tensor&, const at::Tensor&, const at::Tensor&, const std::optional<at::Tensor>&, const std::optional<at::Tensor>&, const std::optional<at::Tensor>&, std::optional<bool>, std::optional<long int>, std::optional<bool>, std::optional<c10::ArrayRef<long int> >, std::optional<c10::ArrayRef<long int> >, std::optional<bool>, std::optional<bool>)::<lambda()>]’ is deprecated: Please use std::optional::value_or instead of c10::value_or_else [-Wdeprecated-declarations]
 1905 |     const at::Tensor &g_ = c10::value_or_else(g, [] { return at::Tensor(); });
      |                            ~~~~~~~~~~~~~~~~~~^~~~~~~~~~~~~~~~~~~~~~~~~~~~~~~~
/mnt/workspace/mhc-validation-20260930/venv/lib/python3.12/site-packages/torch/include/c10/util/Optional.h:40:1: note: declared here
   40 | value_or_else(const std::optional<T>& v, F&& func) {
      | ^~~~~~~~~~~~~
/mnt/workspace/hc-pre-reduction-20260930/batch-comb-source-baseline/csrc/torch_binding.cpp:1906:47: warning: ‘constexpr T c10::value_or_else(const std::optional<_Tp>&, F&&) [with T = at::Tensor; F = vllm_ascend::chunk_gated_delta_rule_fwd_h(const at::Tensor&, const at::Tensor&, const at::Tensor&, const std::optional<at::Tensor>&, const std::optional<at::Tensor>&, const std::optional<at::Tensor>&, std::optional<bool>, std::optional<long int>, std::optional<bool>, std::optional<c10::ArrayRef<long int> >, std::optional<c10::ArrayRef<long int> >, std::optional<bool>, std::optional<bool>)::<lambda()>]’ is deprecated: Please use std::optional::value_or instead of c10::value_or_else [-Wdeprecated-declarations]
 1906 |     const at::Tensor &gk_ = c10::value_or_else(gk, [] { return at::Tensor(); });
      |                             ~~~~~~~~~~~~~~~~~~^~~~~~~~~~~~~~~~~~~~~~~~~~~~~~~~~
/mnt/workspace/mhc-validation-20260930/venv/lib/python3.12/site-packages/torch/include/c10/util/Optional.h:40:1: note: declared here
   40 | value_or_else(const std::optional<T>& v, F&& func) {
      | ^~~~~~~~~~~~~
/mnt/workspace/hc-pre-reduction-20260930/batch-comb-source-baseline/csrc/aclnn_torch_adapter/op_api_common.h:743:22: warning: narrowing conversion of ‘workspace_size’ from ‘uint64_t’ {aka ‘long unsigned int’} to ‘long int’ [-Wnarrowing]
  743 |           at::empty({workspace_size}, options.dtype(kByte));                  \
      |                      ^~~~~~~~~~~~~~
/mnt/workspace/hc-pre-reduction-20260930/batch-comb-source-baseline/csrc/torch_binding.cpp:1939:5: note: in expansion of macro ‘EXEC_NPU_CMD’
 1939 |     EXEC_NPU_CMD(
      |     ^~~~~~~~~~~~
/mnt/workspace/hc-pre-reduction-20260930/batch-comb-source-baseline/csrc/aclnn_torch_adapter/op_api_common.h:743:22: warning: narrowing conversion of ‘workspace_size’ from ‘uint64_t’ {aka ‘long unsigned int’} to ‘long int’ [-Wnarrowing]
  743 |           at::empty({workspace_size}, options.dtype(kByte));                  \
      |                      ^~~~~~~~~~~~~~
/mnt/workspace/hc-pre-reduction-20260930/batch-comb-source-baseline/csrc/torch_binding.cpp:1939:5: note: in expansion of macro ‘EXEC_NPU_CMD’
 1939 |     EXEC_NPU_CMD(
      |     ^~~~~~~~~~~~
/mnt/workspace/hc-pre-reduction-20260930/batch-comb-source-baseline/csrc/torch_binding.cpp: In function ‘at::Tensor vllm_ascend::chunk_fwd_o_vllm(const at::Tensor&, const at::Tensor&, const at::Tensor&, const at::Tensor&, double, const std::optional<at::Tensor>&, const std::optional<at::Tensor>&, std::optional<c10::ArrayRef<long int> >, std::optional<c10::ArrayRef<long int> >, std::optional<long int>, std::optional<bool>)’:
/mnt/workspace/hc-pre-reduction-20260930/batch-comb-source-baseline/csrc/torch_binding.cpp:1969:46: warning: ‘constexpr T c10::value_or_else(const std::optional<_Tp>&, F&&) [with T = at::Tensor; F = vllm_ascend::chunk_fwd_o_vllm(const at::Tensor&, const at::Tensor&, const at::Tensor&, const at::Tensor&, double, const std::optional<at::Tensor>&, const std::optional<at::Tensor>&, std::optional<c10::ArrayRef<long int> >, std::optional<c10::ArrayRef<long int> >, std::optional<long int>, std::optional<bool>)::<lambda()>]’ is deprecated: Please use std::optional::value_or instead of c10::value_or_else [-Wdeprecated-declarations]
 1969 |     const at::Tensor &g_ = c10::value_or_else(g, [] { return at::Tensor(); });
      |                            ~~~~~~~~~~~~~~~~~~^~~~~~~~~~~~~~~~~~~~~~~~~~~~~~~~
/mnt/workspace/mhc-validation-20260930/venv/lib/python3.12/site-packages/torch/include/c10/util/Optional.h:40:1: note: declared here
   40 | value_or_else(const std::optional<T>& v, F&& func) {
      | ^~~~~~~~~~~~~
/mnt/workspace/hc-pre-reduction-20260930/batch-comb-source-baseline/csrc/aclnn_torch_adapter/op_api_common.h:743:22: warning: narrowing conversion of ‘workspace_size’ from ‘uint64_t’ {aka ‘long unsigned int’} to ‘long int’ [-Wnarrowing]
  743 |           at::empty({workspace_size}, options.dtype(kByte));                  \
      |                      ^~~~~~~~~~~~~~
/mnt/workspace/hc-pre-reduction-20260930/batch-comb-source-baseline/csrc/torch_binding.cpp:1973:5: note: in expansion of macro ‘EXEC_NPU_CMD’
 1973 |     EXEC_NPU_CMD(
      |     ^~~~~~~~~~~~
/mnt/workspace/hc-pre-reduction-20260930/batch-comb-source-baseline/csrc/aclnn_torch_adapter/op_api_common.h:743:22: warning: narrowing conversion of ‘workspace_size’ from ‘uint64_t’ {aka ‘long unsigned int’} to ‘long int’ [-Wnarrowing]
  743 |           at::empty({workspace_size}, options.dtype(kByte));                  \
      |                      ^~~~~~~~~~~~~~
/mnt/workspace/hc-pre-reduction-20260930/batch-comb-source-baseline/csrc/torch_binding.cpp:1973:5: note: in expansion of macro ‘EXEC_NPU_CMD’
 1973 |     EXEC_NPU_CMD(
      |     ^~~~~~~~~~~~
/mnt/workspace/hc-pre-reduction-20260930/batch-comb-source-baseline/csrc/torch_binding.cpp: In function ‘at::Tensor vllm_ascend::npu_sparse_attention_score_prefill(const at::Tensor&, const at::Tensor&, const at::Tensor&, const at::Tensor&, const at::Tensor&, const at::Tensor&, const at::Tensor&, int64_t, double, int64_t, int64_t, int64_t, const std::optional<at::Tensor>&, const std::optional<at::Tensor>&)’:
/mnt/workspace/hc-pre-reduction-20260930/batch-comb-source-baseline/csrc/aclnn_torch_adapter/op_api_common.h:743:22: warning: narrowing conversion of ‘workspace_size’ from ‘uint64_t’ {aka ‘long unsigned int’} to ‘long int’ [-Wnarrowing]
  743 |           at::empty({workspace_size}, options.dtype(kByte));                  \
      |                      ^~~~~~~~~~~~~~
/mnt/workspace/hc-pre-reduction-20260930/batch-comb-source-baseline/csrc/torch_binding.cpp:2011:5: note: in expansion of macro ‘EXEC_NPU_CMD’
 2011 |     EXEC_NPU_CMD(
      |     ^~~~~~~~~~~~
/mnt/workspace/hc-pre-reduction-20260930/batch-comb-source-baseline/csrc/aclnn_torch_adapter/op_api_common.h:743:22: warning: narrowing conversion of ‘workspace_size’ from ‘uint64_t’ {aka ‘long unsigned int’} to ‘long int’ [-Wnarrowing]
  743 |           at::empty({workspace_size}, options.dtype(kByte));                  \
      |                      ^~~~~~~~~~~~~~
/mnt/workspace/hc-pre-reduction-20260930/batch-comb-source-baseline/csrc/torch_binding.cpp:2011:5: note: in expansion of macro ‘EXEC_NPU_CMD’
 2011 |     EXEC_NPU_CMD(
      |     ^~~~~~~~~~~~
[100%] Linking CXX shared module vllm_ascend_C.cpython-312-aarch64-linux-gnu.so
[100%] Built target vllm_ascend_C
-- Install configuration: "Release"
-- Installing: /mnt/workspace/hc-pre-reduction-20260930/batch-comb-source-baseline/vllm_ascend/lib/libvllm_ascend_kernels.so
-- Installing: /mnt/workspace/hc-pre-reduction-20260930/batch-comb-source-baseline/vllm_ascend/include
-- Installing: /mnt/workspace/hc-pre-reduction-20260930/batch-comb-source-baseline/vllm_ascend/include/vllm_ascend_kernels
-- Installing: /mnt/workspace/hc-pre-reduction-20260930/batch-comb-source-baseline/vllm_ascend/include/vllm_ascend_kernels/aclrtlaunch_bgmv_expand_bfloat16_t.h
-- Installing: /mnt/workspace/hc-pre-reduction-20260930/batch-comb-source-baseline/vllm_ascend/include/vllm_ascend_kernels/aclrtlaunch_sgmv_shrink_half.h
-- Installing: /mnt/workspace/hc-pre-reduction-20260930/batch-comb-source-baseline/vllm_ascend/include/vllm_ascend_kernels/aclrtlaunch_sgmv_shrink_bfloat16_t.h
-- Installing: /mnt/workspace/hc-pre-reduction-20260930/batch-comb-source-baseline/vllm_ascend/include/vllm_ascend_kernels/aclrtlaunch_bgmv_expand_half.h
-- Installing: /mnt/workspace/hc-pre-reduction-20260930/batch-comb-source-baseline/vllm_ascend/include/vllm_ascend_kernels/aclrtlaunch_sgmv_expand_bfloat16_t.h
-- Installing: /mnt/workspace/hc-pre-reduction-20260930/batch-comb-source-baseline/vllm_ascend/include/vllm_ascend_kernels/aclrtlaunch_bgmv_shrink_half.h
-- Installing: /mnt/workspace/hc-pre-reduction-20260930/batch-comb-source-baseline/vllm_ascend/include/vllm_ascend_kernels/aclrtlaunch_bgmv_shrink_bfloat16_t.h
-- Installing: /mnt/workspace/hc-pre-reduction-20260930/batch-comb-source-baseline/vllm_ascend/include/vllm_ascend_kernels/aclrtlaunch_triple_chevrons_func.h
-- Installing: /mnt/workspace/hc-pre-reduction-20260930/batch-comb-source-baseline/vllm_ascend/include/vllm_ascend_kernels/aclrtlaunch_sgmv_expand_half.h
-- Installing: /mnt/workspace/hc-pre-reduction-20260930/batch-comb-source-baseline/vllm_ascend/vllm_ascend_C.cpython-312-aarch64-linux-gnu.so
-- Installing: /mnt/workspace/hc-pre-reduction-20260930/batch-comb-source-baseline/vllm_ascend/libvllm_ascend_kernels.so
MATCHED_NATIVE_AND_OPP_BUILD_PASS baseline 62e05feb3db521230c27714ad4347bd0d9d38f1a {'vllm_ascend/vllm_ascend_C.cpython-312-aarch64-linux-gnu.so': '6ac6f9f5c4eff2241840ac8b448be599b7c9bc54c7bd2212d4f9301d8871cbb7', 'vllm_ascend/libvllm_ascend_kernels.so': 'eebb909c05e51a0c6707097405abde63643448c33a718c0aa55ff533eaf01f50', 'opp/vendors/batch_comb_baseline_transformer/op_impl/ai_core/tbe/kernel/ascend910b/hc_pre/HcPre_6c9f0fa710253eff38b1c0e6be6a67be.o': 'e4fe3ba278578281a0bb142d5da21cbfeb6d55e355378112fc429440eea23622', 'opp/vendors/batch_comb_baseline_transformer/op_impl/ai_core/tbe/kernel/ascend910b/hc_pre/HcPre_6c9f0fa710253eff38b1c0e6be6a67be_relocatable.o': '751638b5707420d50db581a9522e86ddd9229412ad9a8e26cf3805a5cc10b158'}
Cloning into '/mnt/workspace/hc-pre-reduction-20260930/batch-comb-source-candidate'...
warning: source repository is shallow, ignoring --local
warning: --local is ignored
Note: switching to '62e05feb3db521230c27714ad4347bd0d9d38f1a'.

You are in 'detached HEAD' state. You can look around, make experimental
changes and commit them, and you can discard any commits you make in this
state without impacting any branches by switching back to a branch.

If you want to create a new branch to retain commits you create, you may
do so (now or later) by using -c with the switch command. Example:

  git switch -c <new-branch-name>

Or undo this operation with:

  git switch -

Turn off this advice by setting config variable advice.detachedHead to false

From /mnt/workspace/hc-pre-reduction-20260930/iteration-08/batch-comb-incremental.bundle
 * branch            HEAD       -> FETCH_HEAD
Previous HEAD position was 62e05fe [BugFix] align MLA DCP DSpark draft metadata (#17580)
HEAD is now at d64140c perf: batch HcPre comb input copies across Cube partials
CMake Warning (author) at /mnt/workspace/mhc-validation-20260930/venv/lib/python3.12/site-packages/cmake/data/share/cmake-4.4/Modules/ExternalProject/shared_internal_commands.cmake:1277 (message):
  The DOWNLOAD_EXTRACT_TIMESTAMP option was not given and policy CMP0135 is
  not set.  The policy's OLD behavior will be used.  When using a URL
  download, the timestamps of extracted files should preferably be that of
  the time of extraction, otherwise code that depends on the extracted
  contents might not be rebuilt if the URL changes.  The OLD behavior
  preserves the timestamps from the archive instead, but this is usually not
  what you want.  Update your project to the NEW behavior or specify the
  DOWNLOAD_EXTRACT_TIMESTAMP option with a value of true to avoid this
  robustness issue.
Call Stack (most recent call first):
  /mnt/workspace/mhc-validation-20260930/venv/lib/python3.12/site-packages/cmake/data/share/cmake-4.4/Modules/ExternalProject.cmake:3283 (_ep_add_download_command)
  cmake/third_party/abseil-cpp.cmake:46 (ExternalProject_Add)
  CMakeLists.txt:129 (include)
This warning is for project developers.  Use -Wno-author to suppress it.

CMake Warning (author) at /mnt/workspace/mhc-validation-20260930/venv/lib/python3.12/site-packages/cmake/data/share/cmake-4.4/Modules/ExternalProject/shared_internal_commands.cmake:1277 (message):
  The DOWNLOAD_EXTRACT_TIMESTAMP option was not given and policy CMP0135 is
  not set.  The policy's OLD behavior will be used.  When using a URL
  download, the timestamps of extracted files should preferably be that of
  the time of extraction, otherwise code that depends on the extracted
  contents might not be rebuilt if the URL changes.  The OLD behavior
  preserves the timestamps from the archive instead, but this is usually not
  what you want.  Update your project to the NEW behavior or specify the
  DOWNLOAD_EXTRACT_TIMESTAMP option with a value of true to avoid this
  robustness issue.
Call Stack (most recent call first):
  /mnt/workspace/mhc-validation-20260930/venv/lib/python3.12/site-packages/cmake/data/share/cmake-4.4/Modules/ExternalProject.cmake:3283 (_ep_add_download_command)
  cmake/third_party/ascend_protobuf.cmake:87 (ExternalProject_Add)
  CMakeLists.txt:130 (include)
This warning is for project developers.  Use -Wno-author to suppress it.

CMake Warning (author) at /mnt/workspace/mhc-validation-20260930/venv/lib/python3.12/site-packages/cmake/data/share/cmake-4.4/Modules/FetchContent.cmake:1386 (message):
  The DOWNLOAD_EXTRACT_TIMESTAMP option was not given and policy CMP0135 is
  not set.  The policy's OLD behavior will be used.  When using a URL
  download, the timestamps of extracted files should preferably be that of
  the time of extraction, otherwise code that depends on the extracted
  contents might not be rebuilt if the URL changes.  The OLD behavior
  preserves the timestamps from the archive instead, but this is usually not
  what you want.  Update your project to the NEW behavior or specify the
  DOWNLOAD_EXTRACT_TIMESTAMP option with a value of true to avoid this
  robustness issue.
Call Stack (most recent call first):
  cmake/third_party/makeself-fetch.cmake:20 (FetchContent_Declare)
  CMakeLists.txt:132 (include)
This warning is for project developers.  Use -Wno-author to suppress it.

/mnt/workspace/hc-pre-reduction-20260930/batch-comb-source-candidate/csrc/cmake/scripts/util/ascendc_impl_build.py:212: SyntaxWarning: invalid escape sequence '\d'
  ascendc_api_version = re.findall(r"#define ASCENDC_API_VERSION (\d+)", ascendc_api_version_file.read())
[2026-10-01 06:22:11] [2026-10-01 06:22:11] Info: use CMake generator Ninja
[2026-10-01 06:22:11] /mnt/workspace/hc-pre-reduction-20260930/batch-comb-source-candidate/csrc/build/gen_bisheng_dir /mnt/workspace/hc-pre-reduction-20260930/batch-comb-source-candidate/csrc
[2026-10-01 06:22:11] /mnt/workspace/hc-pre-reduction-20260930/batch-comb-source-candidate/csrc
[2026-10-01 06:22:11] [2026-10-01 06:22:11] Info: cmake config generator=-G Ninja -DBUILD_OPEN_PROJECT=ON -DVENDOR_NAME=batch_comb_candidate -DASCEND_OP_NAME=hc_pre -DCANN_3RD_LIB_PATH=/mnt/workspace/hc-pre-reduction-20260930/batch-comb-source-candidate/csrc/third_party -DCUSTOM_ASCEND_CANN_PACKAGE_PATH=/mnt/workspace/mhc-validation-20260930/Ascend/cann-9.1.0 -DCHECK_COMPATIBLE=true -DENABLE_CCACHE=ON -DCUSTOM_CCACHE=/usr/local/bin/ccache -DASCEND_COMPUTE_UNIT=ascend910b; -DENABLE_BUILT_IN=OFF -DENABLE_OPS_HOST=ON -DENABLE_OPS_KERNEL=ON -DENABLE_BUILD_PKG=ON build_cache=/mnt/workspace/hc-pre-reduction-20260930/batch-comb-source-candidate/csrc/build_cache .
[2026-10-01 06:22:11] -- The C compiler identification is GNU 9.4.0
[2026-10-01 06:22:12] -- The CXX compiler identification is GNU 9.4.0
[2026-10-01 06:22:12] -- Detecting C compiler ABI info
[2026-10-01 06:22:12] -- Detecting C compiler ABI info - done
[2026-10-01 06:22:12] -- Check for working C compiler: /usr/bin/cc - skipped
[2026-10-01 06:22:12] -- Detecting C compile features
[2026-10-01 06:22:12] -- Detecting C compile features - done
[2026-10-01 06:22:12] -- Detecting CXX compiler ABI info
[2026-10-01 06:22:12] -- Detecting CXX compiler ABI info - done
[2026-10-01 06:22:12] -- Check for working CXX compiler: /usr/bin/c++ - skipped
[2026-10-01 06:22:12] -- Detecting CXX compile features
[2026-10-01 06:22:12] -- Detecting CXX compile features - done
[2026-10-01 06:22:12] -- compile project with library
[2026-10-01 06:22:12] -- Found Python3: /mnt/workspace/mhc-validation-20260930/venv/bin/python3.12 (found version "3.12.14") found components: Interpreter
[2026-10-01 06:22:12] -- ASCEND_CANN_PACKAGE_PATH=/mnt/workspace/mhc-validation-20260930/Ascend/cann-9.1.0
[2026-10-01 06:22:12] -- ENABLE_CCACHE=ON, CUSTOM_CCACHE=/usr/local/bin/ccache
[2026-10-01 06:22:12] -- CCACHE_PROGRAM=/usr/local/bin/ccache
[2026-10-01 06:22:12] -- ASCEND_COMPUTE_UNIT=ascend910b;
[2026-10-01 06:22:12] -- ASCEND_OP_NAME=hc_pre
[2026-10-01 06:22:12] -- TILING_KEY=
[2026-10-01 06:22:12] -- TESTS_UT_OPS_TEST=
[2026-10-01 06:22:12] -- TESTS_EXAMPLE_OPS_TEST=
[2026-10-01 06:22:12] -- CMAKE_BUILD_TYPE=Release
[2026-10-01 06:22:12] -- VERSION=
[2026-10-01 06:22:18] -- Could NOT find json (missing: JSON_INCLUDE) 
[2026-10-01 06:22:18] -- Start building custom package.
[2026-10-01 06:22:18] -- Search libs under install path /mnt/workspace/mhc-validation-20260930/Ascend/cann-9.1.0
[2026-10-01 06:22:18] -- CMAKE_MODULE_PATH            :/mnt/workspace/hc-pre-reduction-20260930/batch-comb-source-candidate/csrc/cmake/modules
[2026-10-01 06:22:18] -- compile option:   -Wall -Wextra -Wshadow -Wformat=2 -fno-common -fPIC -Wformat-signedness -Wno-missing-include-dirs -Wno-write-strings
[2026-10-01 06:22:18] -- Found dlog: /mnt/workspace/mhc-validation-20260930/Ascend/cann-9.1.0/pkg_inc/base
[2026-10-01 06:22:18] -- Transformer Variables in dlog module:
[2026-10-01 06:22:18] -- dlog_TRANSFORMER_INCLUDE_DIR="/mnt/workspace/mhc-validation-20260930/Ascend/cann-9.1.0/pkg_inc/base"
[2026-10-01 06:22:18] -- dlog_SHARED_LIBRARY="/mnt/workspace/mhc-validation-20260930/Ascend/cann-9.1.0/lib64/libascendalog.so"
[2026-10-01 06:22:18] -- 
[2026-10-01 06:22:18]  Properties for TARGET dlog:
[2026-10-01 06:22:18]    dlog.INTERFACE_COMPILE_DEFINITIONS = "LOG_CPP;PROCESS_LOG"
[2026-10-01 06:22:18]    dlog.INTERFACE_LINK_LIBRARIES = "dlog_headers"
[2026-10-01 06:22:18]    dlog.IMPORTED_LOCATION = "/mnt/workspace/mhc-validation-20260930/Ascend/cann-9.1.0/lib64/libascendalog.so"
[2026-10-01 06:22:18] 
[2026-10-01 06:22:18] -- 
[2026-10-01 06:22:18]  Properties for TARGET dlog_headers:
[2026-10-01 06:22:18]    dlog_headers.INTERFACE_INCLUDE_DIRECTORIES = "/mnt/workspace/mhc-validation-20260930/Ascend/cann-9.1.0/pkg_inc/base"
[2026-10-01 06:22:18] 
[2026-10-01 06:22:18] -- Found securec: /mnt/workspace/mhc-validation-20260930/Ascend/cann-9.1.0/include
[2026-10-01 06:22:18] -- Found OPBASE: /mnt/workspace/mhc-validation-20260930/Ascend/cann-9.1.0/include
[2026-10-01 06:22:18] -- Found OPABSE include:/mnt/workspace/mhc-validation-20260930/Ascend/cann-9.1.0/aarch64-linux/include
[2026-10-01 06:22:18] -- Found OPABSE lib:/mnt/workspace/mhc-validation-20260930/Ascend/cann-9.1.0/aarch64-linux/lib64/libops_base.so
[2026-10-01 06:22:18] -- Found platform: /mnt/workspace/mhc-validation-20260930/Ascend/cann-9.1.0/include
[2026-10-01 06:22:18] -- Found platform include:/mnt/workspace/mhc-validation-20260930/Ascend/cann-9.1.0/aarch64-linux/include
[2026-10-01 06:22:18] -- Found register library:/mnt/workspace/mhc-validation-20260930/Ascend/cann-9.1.0/aarch64-linux/lib64/libregister.so
[2026-10-01 06:22:18] -- Found opp_registry library:/mnt/workspace/mhc-validation-20260930/Ascend/cann-9.1.0/aarch64-linux/lib64/libopp_registry.so
[2026-10-01 06:22:18] -- Found exe_graph library:/mnt/workspace/mhc-validation-20260930/Ascend/cann-9.1.0/aarch64-linux/lib64/libexe_graph.so
[2026-10-01 06:22:18] -- Found graph_base library:/mnt/workspace/mhc-validation-20260930/Ascend/cann-9.1.0/aarch64-linux/lib64/libgraph_base.so
[2026-10-01 06:22:18] -- Found error_manager library:/mnt/workspace/mhc-validation-20260930/Ascend/cann-9.1.0/aarch64-linux/lib64/liberror_manager.so
[2026-10-01 06:22:18] -- Found metadef library:/mnt/workspace/mhc-validation-20260930/Ascend/cann-9.1.0/aarch64-linux/lib64/libmetadef.so
[2026-10-01 06:22:18] -- Found rt2_registry library:/mnt/workspace/mhc-validation-20260930/Ascend/cann-9.1.0/aarch64-linux/lib64/librt2_registry.a
[2026-10-01 06:22:18] -- Found metadef: /mnt/workspace/mhc-validation-20260930/Ascend/cann-9.1.0/include
[2026-10-01 06:22:18] -- Found source metadef include dir:  /mnt/workspace/mhc-validation-20260930/Ascend/cann-9.1.0/aarch64-linux/include/;/mnt/workspace/mhc-validation-20260930/Ascend/cann-9.1.0/aarch64-linux/include/exe_graph
[2026-10-01 06:22:18] -- Found graph library:/mnt/workspace/mhc-validation-20260930/Ascend/cann-9.1.0/aarch64-linux/lib64/libgraph.so
[2026-10-01 06:22:18] -- Found source acl include dir:  /mnt/workspace/mhc-validation-20260930/Ascend/cann-9.1.0/aarch64-linux/include
[2026-10-01 06:22:18] -- Found source npuruntime include dir: /mnt/workspace/mhc-validation-20260930/Ascend/cann-9.1.0/aarch64-linux/pkg_inc/runtime
[2026-10-01 06:22:18] -- Found aclnn include dir:  /mnt/workspace/mhc-validation-20260930/Ascend/cann-9.1.0/aarch64-linux/include
[2026-10-01 06:22:18] -- Found opdev include dir:  /mnt/workspace/mhc-validation-20260930/Ascend/cann-9.1.0/aarch64-linux/include/aclnn
[2026-10-01 06:22:18] -- Found tilingapi include:/mnt/workspace/mhc-validation-20260930/Ascend/cann-9.1.0/aarch64-linux/include
[2026-10-01 06:22:18] -- TILINGAPI_INC_DIRS: /mnt/workspace/mhc-validation-20260930/Ascend/cann-9.1.0/aarch64-linux/include;/mnt/workspace/mhc-validation-20260930/Ascend/cann-9.1.0/aarch64-linux/ascendc;/mnt/workspace/mhc-validation-20260930/Ascend/cann-9.1.0/aarch64-linux/ascendc/include;/mnt/workspace/mhc-validation-20260930/Ascend/cann-9.1.0/aarch64-linux/ascendc/include/highlevel_api;/mnt/workspace/mhc-validation-20260930/Ascend/cann-9.1.0/aarch64-linux/ascendc/include/highlevel_api/lib;/mnt/workspace/mhc-validation-20260930/Ascend/cann-9.1.0/aarch64-linux/ascendc/include/highlevel_api/impl;/mnt/workspace/mhc-validation-20260930/Ascend/cann-9.1.0/aarch64-linux/ascendc/include/highlevel_api/tiling
[2026-10-01 06:22:18] -- Found tilingapi lib:/mnt/workspace/mhc-validation-20260930/Ascend/cann-9.1.0/aarch64-linux/lib64/libtiling_api.a
[2026-10-01 06:22:18] -- Using AICPU include dirs: /mnt/workspace/mhc-validation-20260930/Ascend/cann-9.1.0/aarch64-linux/include/aicpu;/mnt/workspace/mhc-validation-20260930/Ascend/cann-9.1.0/aarch64-linux/include/experiment;/mnt/workspace/mhc-validation-20260930/Ascend/cann-9.1.0/aarch64-linux/include/experimenCMake Warning (author) at /mnt/workspace/mhc-validation-20260930/venv/lib/python3.12/site-packages/cmake/data/share/cmake-4.4/Modules/ExternalProject/shared_internal_commands.cmake:1277 (message):
  The DOWNLOAD_EXTRACT_TIMESTAMP option was not given and policy CMP0135 is
  not set.  The policy's OLD behavior will be used.  When using a URL
  download, the timestamps of extracted files should preferably be that of
  the time of extraction, otherwise code that depends on the extracted
  contents might not be rebuilt if the URL changes.  The OLD behavior
  preserves the timestamps from the archive instead, but this is usually not
  what you want.  Update your project to the NEW behavior or specify the
  DOWNLOAD_EXTRACT_TIMESTAMP option with a value of true to avoid this
  robustness issue.
Call Stack (most recent call first):
  /mnt/workspace/mhc-validation-20260930/venv/lib/python3.12/site-packages/cmake/data/share/cmake-4.4/Modules/ExternalProject.cmake:3283 (_ep_add_download_command)
  cmake/third_party/abseil-cpp.cmake:46 (ExternalProject_Add)
  CMakeLists.txt:129 (include)
This warning is for project developers.  Use -Wno-author to suppress it.

CMake Warning (author) at /mnt/workspace/mhc-validation-20260930/venv/lib/python3.12/site-packages/cmake/data/share/cmake-4.4/Modules/ExternalProject/shared_internal_commands.cmake:1277 (message):
  The DOWNLOAD_EXTRACT_TIMESTAMP option was not given and policy CMP0135 is
  not set.  The policy's OLD behavior will be used.  When using a URL
  download, the timestamps of extracted files should preferably be that of
  the time of extraction, otherwise code that depends on the extracted
  contents might not be rebuilt if the URL changes.  The OLD behavior
  preserves the timestamps from the archive instead, but this is usually not
  what you want.  Update your project to the NEW behavior or specify the
  DOWNLOAD_EXTRACT_TIMESTAMP option with a value of true to avoid this
  robustness issue.
Call Stack (most recent call first):
  /mnt/workspace/mhc-validation-20260930/venv/lib/python3.12/site-packages/cmake/data/share/cmake-4.4/Modules/ExternalProject.cmake:3283 (_ep_add_download_command)
  cmake/third_party/ascend_protobuf.cmake:87 (ExternalProject_Add)
  CMakeLists.txt:130 (include)
This warning is for project developers.  Use -Wno-author to suppress it.

t/cce;/mnt/workspace/mhc-validation-20260930/Ascend/cann-9.1.0/aarch64-linux/include/experiment/msprof;/mnt/workspace/mhc-validation-20260930/Ascend/cann-9.1.0/aarch64-linux/pkg_inc;/mnt/workspace/mhc-validation-20260930/Ascend/cann-9.1.0/aarch64-linux/pkg_inc/aicpu;/mnt/workspace/mhc-validation-20260930/Ascend/cann-9.1.0/aarch64-linux/pkg_inc/aicpu_common/context;/mnt/workspace/mhc-validation-20260930/Ascend/cann-9.1.0/aarch64-linux/pkg_inc/aicpu_common/context/common;/mnt/workspace/mhc-validation-20260930/Ascend/cann-9.1.0/aarch64-linux/pkg_inc/aicpu_common/context/cpu_proto;/mnt/workspace/mhc-validation-20260930/Ascend/cann-9.1.0/aarch64-linux/pkg_inc/aicpu_common/context/utils;/mnt/workspace/mhc-validation-20260930/Ascend/cann-9.1.0/aarch64-linux/include/aicpu_common/context;/mnt/workspace/mhc-validation-20260930/Ascend/cann-9.1.0/aarch64-linux/include/aicpu_common/context/common;/mnt/workspace/mhc-validation-20260930/Ascend/cann-9.1.0/aarch64-linux/include/aicpu_common/context/cpu_proto;/mnt/workspace/mhc-validation-20260930/Ascend/cann-9.1.0/aarch64-linux/include/experiment/datagw/aicpu/common;/mnt/workspace/mhc-validation-20260930/Ascend/cann-9.1.0/aarch64-linux/include/aicpu_common/context/utils
[2026-10-01 06:22:18] -- Could NOT find abseil-cpp (missing: ABSL_SOURCE_DIR) 
[2026-10-01 06:22:18] -- [ThirdPartyLib][abseil-cpp] https://gitcode.com/cann-src-third-party/abseil-cpp/releases/download/20230802.1/abseil-cpp-20230802.1.tar.gz not found, need download.
[2026-10-01 06:22:18] -- Could NOT find ascend_protobuf_build_transformer (missing: ASCEND_PROTOBUF_SHARED_INCLUDE) 
[2026-10-01 06:22:18] -- [ThirdPartyLib][ascend protobuf] ascend protobuf shared not found, finding binary file.
[2026-10-01 06:22:18] -- [ThirdPartyLib][ascend protobuf] https://gitcode.com/cann-src-third-party/protobuf/releases/download/v25.1/protobuf-25.1.tar.gz not found, need download.
[2026-10-01 06:22:18] -- Found alog: /mnt/workspace/mhc-validation-20260930/Ascend/cann-9.1.0/include
[2026-10-01 06:22:18] -- Variables in alog module:
[2026-10-01 06:22:18] -- alog_a_INCLUDE_DIR="/mnt/workspace/mhc-validation-20260930/Ascend/cann-9.1.0/include"
[2026-10-01 06:22:18] -- slog_a_SHARED_LIBRARY="/mnt/workspace/mhc-validation-20260930/Ascend/cann-9.1.0/lib64/libascendalog.so"
[2026-10-01 06:22:18] -- alog_a_SHARED_LIBRARY="/mnt/workspace/mhc-validation-20260930/Ascend/cann-9.1.0/lib64/libascendalog.so"
[2026-10-01 06:22:18] -- 
[2026-10-01 06:22:18]  Properties for TARGET slog_a:
[2026-10-01 06:22:18]    slog_a.INTERFACE_COMPILE_DEFINITIONS = "LOG_CPP;PROCESS_LOG"
[2026-10-01 06:22:18]    slog_a.INTERFACE_LINK_LIBRARIES = "alog_headers"
[2026-10-01 06:22:18]    slog_a.IMPORTED_LOCATION = "/mnt/workspace/mhc-validation-20260930/Ascend/cann-9.1.0/lib64/libascendalog.so"
[2026-10-01 06:22:18] 
[2026-10-01 06:22:18] -- 
[2026-10-01 06:22:18]  Properties for TARGET alog_a:
[2026-10-01 06:22:18]    alog_a.INTERFACE_COMPILE_DEFINITIONS = "LOG_CPP;PROCESS_LOG"
[2026-10-01 06:22:18]    alog_a.INTERFACE_LINK_LIBRARIES = "alog_headers"
[2026-10-01 06:22:18]    alog_a.IMPORTED_LOCATION = "/mnt/workspace/mhc-validation-20260930/Ascend/cann-9.1.0/lib64/libascendalog.so"
[2026-10-01 06:22:18] 
[2026-10-01 06:22:18] -- 
[2026-10-01 06:22:18]  Properties for TARGET alog_headers:
[2026-10-01 06:22:18]    alog_headers.INTERFACE_INCLUDE_DIRECTORIES = "/mnt/workspace/mhc-validation-20260930/Ascend/cann-9.1.0/include;/mnt/workspace/mhc-validation-20260930/Ascend/cann-9.1.0/include/base"
[2026-10-01 06:22:18] 
[2026-10-01 06:22:18] -- Could NOT find unified_dlog (missing: _INCLUDE_ROOT_DIR) 
[2026-10-01 06:22:18] -- === Debug: BUILD is BUILD_OPEN_PROJECT
[2026-10-01 06:22:18] -- === Debug: BUILD is NOT BUILD_OPS_RTY_KERNEL
[2026-10-01 06:22:18] -- Detected architecture: ARM64
[2026-10-01 06:22:18] -- End building custom package.
[2026-10-01 06:22:18] -- create aclnn master header file: /mnt/workspace/hc-pre-reduction-20260930/batch-comb-source-candidate/csrc/build/aclnn_ops_transformer_batch_comb_candidate.h
[2026-10-01 06:22:18] -- no operator info to generate
[2026-10-01 06:22:18] -- Configuring done (6.6s)
[2026-10-01 06:22:18] -- Generating done (0.1s)
[2026-10-01 06:22:18] -- Build files have been written to: /mnt/workspace/hc-pre-reduction-20260930/batch-comb-source-candidate/csrc/build
[2026-10-01 06:22:18] [0/2] Re-checking globbed directories...
[2026-10-01 06:22:18] [1/91] Creating directories for 'abseil_build_transformer'
[2026-10-01 06:22:18] [2/91] Creating directories for 'third_party_json'
[2026-10-01 06:22:19] [3/91] Performing download step (download and verify) for 'third_party_json'
[2026-10-01 06:22:19] -- Downloading...
[2026-10-01 06:22:19]    dst='/mnt/workspace/hc-pre-reduction-20260930/batch-comb-source-candidate/csrc/third_party/pkg/include.zip'
[2026-10-01 06:22:19]    timeout='none'
[2026-10-01 06:22:19]    inactivity timeout='none'
[2026-10-01 06:22:19] -- Using src='https://gitcode.com/cann-src-third-party/json/releases/download/v3.11.3/include.zip'
[2026-10-01 06:22:19] -- [download 5% complete]
[2026-10-01 06:22:19] -- [download 11% complete]
[2026-10-01 06:22:19] -- [download 16% complete]
[2026-10-01 06:22:19] -- [download 22% complete]
[2026-10-01 06:22:19] -- [download 27% complete]
[2026-10-01 06:22:19] -- [download 32% complete]
[2026-10-01 06:22:19] -- [download 38% complete]
[2026-10-01 06:22:19] -- [download 43% complete]
[2026-10-01 06:22:19] -- [download 49% complete]
[2026-10-01 06:22:19] -- [download 54% complete]
[2026-10-01 06:22:19] -- [download 60% complete]
[2026-10-01 06:22:19] -- [download 65% complete]
[2026-10-01 06:22:19] -- [download 71% complete]
[2026-10-01 06:22:19] -- [download 76% complete]
[2026-10-01 06:22:19] -- [download 82% complete]
[2026-10-01 06:22:19] -- [download 87% complete]
[2026-10-01 06:22:19] -- [download 93% complete]
[2026-10-01 06:22:19] -- [download 100% complete]
[2026-10-01 06:22:19] -- Downloading... done
[2026-10-01 06:22:19] [4/91] No update step for 'third_party_json'
[2026-10-01 06:22:19] [5/91] No patch step for 'third_party_json'
[2026-10-01 06:22:19] [6/91] Performing download step (download, verify and extract) for 'abseil_build_transformer'
[2026-10-01 06:22:19] -- Downloading...
[2026-10-01 06:22:19]    dst='/mnt/workspace/hc-pre-reduction-20260930/batch-comb-source-candidate/csrc/third_party/pkg/abseil-cpp-20230802.1.tar.gz'
[2026-10-01 06:22:19]    timeout='none'
[2026-10-01 06:22:19]    inactivity timeout='none'
[2026-10-01 06:22:19] -- Using src='https://gitcode.com/cann-src-third-party/abseil-cpp/releases/download/20230802.1/abseil-cpp-20230802.1.tar.gz'
[2026-10-01 06:22:19] -- [download 1% complete]
[2026-10-01 06:22:19] -- [download 2% complete]
[2026-10-01 06:22:19] -- [download 3% complete]
[2026-10-01 06:22:19] -- [download 4% complete]
[2026-10-01 06:22:19] -- [download 5% complete]
[2026-10-01 06:22:19] -- [download 6% complete]
[2026-10-01 06:22:19] -- [download 7% complete]
[2026-10-01 06:22:19] -- [download 8% complete]
[2026-10-01 06:22:19] -- [download 9% complete]
[2026-10-01 06:22:19] -- [download 10% complete]
[2026-10-01 06:22:19] -- [download 11% complete]
[2026-10-01 06:22:19] -- [download 12% complete]
[2026-10-01 06:22:19] -- [download 13% complete]
[2026-10-01 06:22:19] -- [download 14% complete]
[2026-10-01 06:22:19] -- [download 15% complete]
[2026-10-01 06:22:19] -- [download 16% complete]
[2026-10-01 06:22:19] -- [download 17% complete]
[2026-10-01 06:22:19] -- [download 18% complete]
[2026-10-01 06:22:19] -- [download 20% complete]
[2026-10-01 06:22:19] -- [download 21% complete]
[2026-10-01 06:22:19] -- [download 23% complete]
[2026-10-01 06:22:19] -- [download 24% complete]
[2026-10-01 06:22:19] -- [download 25% complete]
[2026-10-01 06:22:19] -- [download 27% complete]
[2026-10-01 06:22:19] -- [download 28% complete]
[2026-10-01 06:22:19] -- [download 30% complete]
[2026-10-01 06:22:19] -- [download 31% complete]
[2026-10-01 06:22:19] -- [download 32% complete]
[2026-10-01 06:22:19] -- [download 33% complete]
[2026-10-01 06:22:19] -- [download 34% complete]
[2026-10-01 06:22:19] -- [download 35% complete]
[2026-10-01 06:22:19] -- [download 36% complete]
[2026-10-01 06:22:19] -- [download 38% complete]
[2026-10-01 06:22:19] -- [download 39% complete]
[2026-10-01 06:22:19] -- [download 41% complete]
[2026-10-01 06:22:19] -- [download 42% complete]
[2026-10-01 06:22:19] -- [download 44% complete]
[2026-10-01 06:22:19] -- [download 45% complete]
[2026-10-01 06:22:19] -- [download 47% complete]
[2026-10-01 06:22:19] -- [download 48% complete]
[2026-10-01 06:22:19] -- [download 49% complete]
[2026-10-01 06:22:19] -- [download 50% complete]
[2026-10-01 06:22:19] -- [download 51% complete]
[2026-10-01 06:22:19] -- [download 52% complete]
[2026-10-01 06:22:19] -- [download 53% complete]
[2026-10-01 06:22:19] -- [download 54% complete]
[2026-10-01 06:22:19] -- [download 56% complete]
[2026-10-01 06:22:19] -- [download 57% complete]
[2026-10-01 06:22:19] -- [download 58% complete]
[2026-10-01 06:22:19] -- [download 59% complete]
[2026-10-01 06:22:19] -- [download 60% complete]
[2026-10-01 06:22:19] -- [download 62% complete]
[2026-10-01 06:22:19] -- [download 63% complete]
[2026-10-01 06:22:19] -- [download 65% complete]
[2026-10-01 06:22:19] -- [download 66% complete]
[2026-10-01 06:22:19] -- [download 67% complete]
[2026-10-01 06:22:19] -- [download 68% complete]
[2026-10-01 06:22:19] -- [download 71% complete]
[2026-10-01 06:22:19] -- [download 75% complete]
[2026-10-01 06:22:19] -- [download 77% complete]
[2026-10-01 06:22:19] -- [download 80% complete]
[2026-10-01 06:22:19] -- [download 84% complete]
[2026-10-01 06:22:19] -- [download 87% complete]
[2026-10-01 06:22:19] -- [download 90% complete]
[2026-10-01 06:22:19] -- [download 91% complete]
[2026-10-01 06:22:19] -- [download 92% complete]
[2026-10-01 06:22:19] -- [download 93% complete]
[2026-10-01 06:22:19] -- [download 96% complete]
[2026-10-01 06:22:19] -- [download 97% complete]
[2026-10-01 06:22:19] -- [download 98% complete]
[2026-10-01 06:22:19] -- [download 99% complete]
[2026-10-01 06:22:19] -- [download 100% complete]
[2026-10-01 06:22:19] -- Downloading... done
[2026-10-01 06:22:19] -- extracting...
[2026-10-01 06:22:19]      src='/mnt/workspace/hc-pre-reduction-20260930/batch-comb-source-candidate/csrc/third_party/pkg/abseil-cpp-20230802.1.tar.gz'
[2026-10-01 06:22:19]      dst='/mnt/workspace/hc-pre-reduction-20260930/batch-comb-source-candidate/csrc/third_party/abseil-cpp'
[2026-10-01 06:22:19] -- extracting... [tar xf]
[2026-10-01 06:22:19] -- extracting... [analysis]
[2026-10-01 06:22:19] -- extracting... [rename]
[2026-10-01 06:22:19] -- extracting... [clean up]
[2026-10-01 06:22:19] -- extracting... done
[2026-10-01 06:22:19] [7/91] No update step for 'abseil_build_transformer'
[2026-10-01 06:22:19] [8/91] Performing patch step for 'abseil_build_transformer'
[2026-10-01 06:22:19] (Stripping trailing CRs from patch; use --binary to disable.)
[2026-10-01 06:22:19] patching file CMakeLists.txt
[2026-10-01 06:22:19] (Stripping trailing CRs from patch; use --binary to disable.)
[2026-10-01 06:22:19] patching file absl/base/options.h
[2026-10-01 06:22:19] (Stripping trailing CRs from patch; use --binary to disable.)
[2026-10-01 06:22:19] patching file absl/hash/internal/hash.cc
[2026-10-01 06:22:19] (Stripping trailing CRs from patch; use --binary to disable.)
[2026-10-01 06:22:19] patching file absl/hash/internal/hash.h
[2026-10-01 06:22:19] patch unexpectedly ends in middle of line
[2026-10-01 06:22:19] Hunk #1 succeeded at 1159 with fuzz 1.
[2026-10-01 06:22:19] [9/91] No configure step for 'abseil_build_transformer'
[2026-10-01 06:22:19] [10/91] No build step for 'abseil_build_transformer'
[2026-10-01 06:22:19] [11/91] No install step for 'abseil_build_transformer'
[2026-10-01 06:22:19] [12/91] Completed 'abseil_build_transformer'
[2026-10-01 06:22:19] [13/91] No configure step for 'third_party_json'
[2026-10-01 06:22:19] [14/91] Creating directories for 'ascend_protobuf_build_transformer'
[2026-10-01 06:22:19] [15/91] Generating op_host_aclnn_inner_stub.cpp
[2026-10-01 06:22:19] [16/91] Building CXX object CMakeFiles/op_host_aclnnInner.dir/op_host_aclnn_inner_stub.cpp.o
[2026-10-01 06:22:19] [17/91] No build step for 'third_party_json'
[2026-10-01 06:22:20] [18/91] Performing download step (download, verify and extract) for 'ascend_protobuf_build_transformer'
[2026-10-01 06:22:20] -- Downloading...
[2026-10-01 06:22:20]    dst='/mnt/workspace/hc-pre-reduction-20260930/batch-comb-source-candidate/csrc/third_party/pkg/protobuf-25.1.tar.gz'
[2026-10-01 06:22:20]    timeout='none'
[2026-10-01 06:22:20]    inactivity timeout='none'
[2026-10-01 06:22:20] -- Using src='https://gitcode.com/cann-src-third-party/protobuf/releases/download/v25.1/protobuf-25.1.tar.gz'
[2026-10-01 06:22:20] -- [download 0% complete]
[2026-10-01 06:22:20] -- [download 1% complete]
[2026-10-01 06:22:20] -- [download 2% complete]
[2026-10-01 06:22:20] -- [download 3% complete]
[2026-10-01 06:22:20] -- [download 4% complete]
[2026-10-01 06:22:20] -- [download 5% complete]
[2026-10-01 06:22:20] -- [download 6% complete]
[2026-10-01 06:22:20] -- [download 7% complete]
[2026-10-01 06:22:20] -- [download 8% complete]
[2026-10-01 06:22:20] -- [download 9% complete]
[2026-10-01 06:22:20] -- [download 10% complete]
[2026-10-01 06:22:20] -- [download 11% complete]
[2026-10-01 06:22:20] -- [download 12% complete]
[2026-10-01 06:22:20] -- [download 13% complete]
[2026-10-01 06:22:20] -- [download 14% complete]
[2026-10-01 06:22:20] -- [download 15% complete]
[2026-10-01 06:22:20] -- [download 16% complete]
[2026-10-01 06:22:20] -- [download 18% complete]
[2026-10-01 06:22:20] -- [download 19% complete]
[2026-10-01 06:22:20] -- [download 20% complete]
[2026-10-01 06:22:20] -- [download 21% complete]
[2026-10-01 06:22:20] -- [download 22% complete]
[2026-10-01 06:22:20] -- [download 23% complete]
[2026-10-01 06:22:20] -- [download 24% complete]
[2026-10-01 06:22:20] -- [download 25% complete]
[2026-10-01 06:22:20] -- [download 26% complete]
[2026-10-01 06:22:20] -- [download 28% complete]
[2026-10-01 06:22:20] -- [download 29% complete]
[2026-10-01 06:22:20] -- [download 30% complete]
[2026-10-01 06:22:20] -- [download 31% complete]
[2026-10-01 06:22:20] -- [download 32% complete]
[2026-10-01 06:22:20] -- [download 33% complete]
[2026-10-01 06:22:20] -- [download 34% complete]
[2026-10-01 06:22:20] -- [download 35% complete]
[2026-10-01 06:22:20] -- [download 36% complete]
[2026-10-01 06:22:20] -- [download 37% complete]
[2026-10-01 06:22:20] -- [download 38% complete]
[2026-10-01 06:22:20] -- [download 39% complete]
[2026-10-01 06:22:20] -- [download 40% complete]
[2026-10-01 06:22:20] -- [download 41% complete]
[2026-10-01 06:22:20] -- [download 42% complete]
[2026-10-01 06:22:20] -- [download 43% complete]
[2026-10-01 06:22:20] -- [download 44% complete]
[2026-10-01 06:22:20] -- [download 45% complete]
[2026-10-01 06:22:20] -- [download 46% complete]
[2026-10-01 06:22:20] -- [download 47% complete]
[2026-10-01 06:22:20] -- [download 48% complete]
[2026-10-01 06:22:20] -- [download 50% complete]
[2026-10-01 06:22:20] -- [download 51% complete]
[2026-10-01 06:22:20] -- [download 52% complete]
[2026-10-01 06:22:20] -- [download 53% complete]
[2026-10-01 06:22:20] -- [download 54% complete]
[2026-10-01 06:22:20] -- [download 55% complete]
[2026-10-01 06:22:20] -- [download 56% complete]
[2026-10-01 06:22:20] -- [download 57% complete]
[2026-10-01 06:22:20] -- [download 59% complete]
[2026-10-01 06:22:20] -- [download 60% complete]
[2026-10-01 06:22:20] -- [download 61% complete]
[2026-10-01 06:22:20] -- [download 62% complete]
[2026-10-01 06:22:20] -- [download 63% complete]
[2026-10-01 06:22:20] -- [download 64% complete]
[2026-10-01 06:22:20] -- [download 65% complete]
[2026-10-01 06:22:20] -- [download 66% complete]
[2026-10-01 06:22:20] -- [download 67% complete]
[2026-10-01 06:22:20] -- [download 69% complete]
[2026-10-01 06:22:20] -- [download 70% complete]
[2026-10-01 06:22:20] -- [download 71% complete]
[2026-10-01 06:22:20] -- [download 72% complete]
[2026-10-01 06:22:20] -- [download 73% complete]
[2026-10-01 06:22:20] -- [download 74% complete]
[2026-10-01 06:22:20] -- [download 75% complete]
[2026-10-01 06:22:20] -- [download 76% complete]
[2026-10-01 06:22:20] -- [download 77% complete]
[2026-10-01 06:22:20] -- [download 78% complete]
[2026-10-01 06:22:20] -- [download 79% complete]
[2026-10-01 06:22:20] -- [download 81% complete]
[2026-10-01 06:22:20] -- [download 82% complete]
[2026-10-01 06:22:20] -- [download 83% complete]
[2026-10-01 06:22:20] -- [download 84% complete]
[2026-10-01 06:22:20] -- [download 85% complete]
[2026-10-01 06:22:20] -- [download 86% complete]
[2026-10-01 06:22:20] -- [download 88% complete]
[2026-10-01 06:22:20] -- [download 89% complete]
[2026-10-01 06:22:20] -- [download 91% complete]
[2026-10-01 06:22:20] -- [download 92% complete]
[2026-10-01 06:22:20] -- [download 93% complete]
[2026-10-01 06:22:20] -- [download 94% complete]
[2026-10-01 06:22:20] -- [download 95% complete]
[2026-10-01 06:22:20] -- [download 96% complete]
[2026-10-01 06:22:20] -- [download 97% complete]
[2026-10-01 06:22:20] -- [download 98% complete]
[2026-10-01 06:22:20] -- [download 99% complete]
[2026-10-01 06:22:20] -- [download 100% complete]
[2026-10-01 06:22:20] -- Downloading... done
[2026-10-01 06:22:20] -- extracting...
[2026-10-01 06:22:20]      src='/mnt/workspace/hc-pre-reduction-20260930/batch-comb-source-candidate/csrc/third_party/pkg/protobuf-25.1.tar.gz'
[2026-10-01 06:22:20]      dst='/mnt/workspace/hc-pre-reduction-20260930/batch-comb-source-candidate/csrc/third_party/ascend_protobuf'
[2026-10-01 06:22:20] -- extracting... [tar xf]
[2026-10-01 06:22:20] -- extracting... [analysis]
[2026-10-01 06:22:20] -- extracting... [rename]
[2026-10-01 06:22:20] -- extracting... [clean up]
[2026-10-01 06:22:20] -- extracting... done
[2026-10-01 06:22:20] [19/91] Linking CXX shared library libop_host_aclnnInner.so
[2026-10-01 06:22:20] [20/91] Performing install step for 'third_party_json'
[2026-10-01 06:22:20] [21/91] No update step for 'ascend_protobuf_build_transformer'
[2026-10-01 06:22:20] [22/91] Creating directories for 'tiling_sink_task'
[2026-10-01 06:22:20] [23/91] Completed 'third_party_json'
[2026-10-01 06:22:20] [24/91] Performing patch step for 'ascend_protobuf_build_transformer'
[2026-10-01 06:22:20] (Stripping trailing CRs from patch; use --binary to disable.)
[2026-10-01 06:22:20] patching file CMakeLists.txt
[2026-10-01 06:22:20] (Stripping trailing CRs from patch; use --binary to disable.)
[2026-10-01 06:22:20] patching file src/google/protobuf/arenastring.cc
[2026-10-01 06:22:20] (Stripping trailing CRs from patch; use --binary to disable.)
[2026-10-01 06:22:20] patching file src/google/protobuf/arenastring.h
[2026-10-01 06:22:20] (Stripping trailing CRs from patch; use --binary to disable.)
[2026-10-01 06:22:20] patching file src/google/protobuf/compiler/cpp/field_generators/string_field.cc
[2026-10-01 06:22:20] (Stripping trailing CRs from patch; use --binary to disable.)
[2026-10-01 06:22:20] patching file src/google/protobuf/compiler/cpp/helpers.cc
[2026-10-01 06:22:20] (Stripping trailing CRs from patch; use --binary to disable.)
[2026-10-01 06:22:20] patching file src/google/protobuf/compiler/cpp/helpers.h
[2026-10-01 06:22:20] (Stripping trailing CRs from patch; use --binary to disable.)
[2026-10-01 06:22:20] patching file src/google/protobuf/compiler/csharp/csharp_helpers.cc
[2026-10-01 06:22:20] (Stripping trailing CRs from patch; use --binary to disable.)
[2026-10-01 06:22:20] patching file src/google/protobuf/compiler/java/names.cc
[2026-10-01 06:22:20] (Stripping trailing CRs from patch; use --binary to disable.)
[2026-10-01 06:22:20] patching file src/google/protobuf/extension_set.h
[2026-10-01 06:22:20] (Stripping trailing CRs from patch; use --binary to disable.)
[2026-10-01 06:22:20] patching file src/google/protobuf/message_lite.h
[2026-10-01 06:22:20] (Stripping trailing CRs from patch; use --binary to disable.)
[2026-10-01 06:22:20] patching file src/google/protobuf/port_def.inc
[2026-10-01 06:22:20] patch unexpectedly ends in middle of line
[2026-10-01 06:22:20] Hunk #1 succeeded at 572 with fuzz 1.
[2026-10-01 06:22:20] [25/91] No download step for 'tiling_sink_task'
[2026-10-01 06:22:21] [26/91] Building CXX object CMakeFiles/op_host_aclnn.dir/moe/hc_pre/op_host/hc_pre_def.cpp.o
[2026-10-01 06:22:21] [27/91] Linking CXX shared library libop_host_aclnn.so
[2026-10-01 06:22:21] [28/91] Generating autogen/aclnn_hc_pre.cpp, autogen/aclnn_hc_pre.h
[2026-10-01 06:22:22] [29/91] Performing configure step for 'ascend_protobuf_build_transformer'
[2026-10-01 06:22:22] CMake Warning (deprecated) at CMakeLists.txt:7 (cmake_policy):
[2026-10-01 06:22:22]   The OLD behavior for policy CMP0141 will be removed from a future version
[2026-10-01 06:22:22]   of CMake.
[2026-10-01 06:22:22] 
[2026-10-01 06:22:22]   The cmake-policies(7) manual explains that the OLD behaviors of all
[2026-10-01 06:22:22]   policies are deprecated and that a policy should be set to OLD only under
[2026-10-01 06:22:22]   specific short-term circumstances.  Projects should be ported to the NEW
[2026-10-01 06:22:22]   behavior and not rely on setting a policy to OLD.
[2026-10-01 06:22:22] This warning is for project developers.  Use -Wno-author or -Wno-deprecated
[2026-10-01 06:22:22] to suppress it.
[2026-10-01 06:22:22] 
[2026-10-01 06:22:22] CMake Warning (deprecated) at third_party/utf8_range/CMakeLists.txt:1 (cmake_minimum_required):
[2026-10-01 06:22:22]   Compatibility with CMake < 3.10 will be removed from a future version of
[2026-10-01 06:22:22]   CMake.
[2026-10-01 06:22:22] 
[2026-10-01 06:22:22]   Update the VERSION argument <min> value.  Or, use the <min>...<max> syntax
[2026-10-01 06:22:22]   to tell CMake that the project requires at least <min> but has been updated
[2026-10-01 06:22:22]   to work with policies introduced by <max> or earlier.
[2026-10-01 06:22:22] This warning is for project developers.  Use -Wno-author or -Wno-deprecated
[2026-10-01 06:22:22] to suppress it.
[2026-10-01 06:22:22] 
[2026-10-01 06:22:22] -- Configuring done (1.3s)
[2026-10-01 06:22:22] -- Generating done (0.6s)
[2026-10-01 06:22:22] CMake Warning (unused-cli):
[2026-10-01 06:22:22]   Manually-specified variables were not used by the project:
[2026-10-01 06:22:22] 
[2026-10-01 06:22:22]     CMAKE_CXX_LDFLAGS
[2026-10-01 06:22:22] 
[2026-10-01 06:22:22] 
[2026-10-01 06:22:22] -- Build files have been written to: /mnt/workspace/hc-pre-reduction-20260930/batch-comb-source-candidate/csrc/build/ascend_protobuf_build_transformer-prefix/src/ascend_protobuf_build_transformer-build
[2026-10-01 06:22:22] [30/91] Generating op_host_aclnn_exc_stub.cpp
[2026-10-01 06:22:22] [31/91] No update step for 'tiling_sink_task'
[2026-10-01 06:22:22] [32/91] Building CXX object CMakeFiles/ops_aclnn.dir/autogen/aclnn_hc_pre.cpp.o
[2026-10-01 06:22:22] /mnt/workspace/hc-pre-reduction-20260930/batch-comb-source-candidate/csrc/build/autogen/aclnn_hc_pre.cpp:302:1: warning: macro "ACLNN_ERR_PARAM_INVALID" is not used [-Wunused-macros]
[2026-10-01 06:22:22]   302 | }
[2026-10-01 06:22:22]       | ^
[2026-10-01 06:22:22] [33/91] Linking CXX static library libops_aclnn.a
[2026-10-01 06:22:24] [34/91] Building CXX object common/stub/op_tiling/CMakeFiles/optiling.dir/op_cache_tiling.cpp.o
[2026-10-01 06:22:26] [35/91] Building CXX object common/stub/op_tiling/CMakeFiles/optiling.dir/tbe_tiling_api.cpp.o
[2026-10-01 06:22:26] [36/91] Building CXX object CMakeFiles/op_host_aclnnExc.dir/op_host_aclnn_exc_stub.cpp.o
[2026-10-01 06:22:26] [37/91] Building CXX object common/stub/op_tiling/CMakeFiles/optiling.dir/runtime_kb_api.cpp.o
[2026-10-01 06:22:26] [38/91] Generating tbe/graph/ops_proto_transformer.h
[2026-10-01 06:22:26] merged op transformer proto file: /mnt/workspace/hc-pre-reduction-20260930/batch-comb-source-candidate/csrc/build/tbe/graph/ops_proto_transformer.h
[2026-10-01 06:22:28] [39/91] Building CXX object common/CMakeFiles/common_transformer_obj.dir/src/fallback_comm.cpp.o
[2026-10-01 06:22:30] [40/91] Building CXX object common/CMakeFiles/common_transformer_obj.dir/src/fallback_comm_2stages.cpp.o
[2026-10-01 06:22:33] [41/91] Building CXX object common/CMakeFiles/common_transformer_obj.dir/src/tiling_base/tiling_util.cpp.o
[2026-10-01 06:22:33] [42/91] No patch step for 'tiling_sink_task'
[2026-10-01 06:22:35] [43/91] Building CXX object common/stub/op_api/CMakeFiles/opapi_math.dir/opapi_stub.cpp.o
[2026-10-01 06:22:35] [44/91] Linking CXX shared library liboptiling.so
[2026-10-01 06:22:41] [45/91] Building CXX object moe/hc_pre/op_host/CMakeFiles/ophost_transformer_tiling_obj.dir/hc_pre_tiling.cpp.o
[2026-10-01 06:22:41] In file included from /mnt/workspace/hc-pre-reduction-20260930/batch-comb-source-candidate/csrc/moe/hc_pre/op_host/hc_pre_tiling.cpp:18:
[2026-10-01 06:22:41] /mnt/workspace/hc-pre-reduction-20260930/batch-comb-source-candidate/csrc/moe/hc_pre/op_host/hc_pre_tiling_arch35.h: In member function ‘ge::graphStatus optiling::HcPreTilingRegbase::HcPreTilingRegbase::CalcRegbaseOpTiling()’:
[2026-10-01 06:22:41] /mnt/workspace/hc-pre-reduction-20260930/batch-comb-source-candidate/csrc/moe/hc_pre/op_host/hc_pre_tiling_arch35.h:279:27: warning: conversion from ‘double’ to ‘float’ may change value [-Wfloat-conversion]
[2026-10-01 06:22:41]   279 |     tilingData_.set_hcEps(hcEps_);
[2026-10-01 06:22:41]       |                           ^~~~~~
[2026-10-01 06:22:41] /mnt/workspace/hc-pre-reduction-20260930/batch-comb-source-candidate/csrc/moe/hc_pre/op_host/hc_pre_tiling_arch35.h:280:29: warning: conversion from ‘double’ to ‘float’ may change value [-Wfloat-conversion]
[2026-10-01 06:22:41]   280 |     tilingData_.set_normEps(normEps_);
[2026-10-01 06:22:41]       |                             ^~~~~~~~
[2026-10-01 06:22:41] /mnt/workspace/hc-pre-reduction-20260930/batch-comb-source-candidate/csrc/moe/hc_pre/op_host/hc_pre_tiling_arch35.h: In member function ‘ge::graphStatus optiling::HcPreTilingRegbase::HcPreTilingRegbase::CalcMKSplitCorePart2Tiling()’:
[2026-10-01 06:22:41] /mnt/workspace/hc-pre-reduction-20260930/batch-comb-source-candidate/csrc/moe/hc_pre/op_host/hc_pre_tiling_arch35.h:394:27: warning: conversion from ‘double’ to ‘float’ may change value [-Wfloat-conversion]
[2026-10-01 06:22:41]   394 |     tilingData_.set_hcEps(hcEps_);
[2026-10-01 06:22:41]       |                           ^~~~~~
[2026-10-01 06:22:41] /mnt/workspace/hc-pre-reduction-20260930/batch-comb-source-candidate/csrc/moe/hc_pre/op_host/hc_pre_tiling_arch35.h:395:29: warning: conversion from ‘double’ to ‘float’ may change value [-Wfloat-conversion]
[2026-10-01 06:22:41]   395 |     tilingData_.set_normEps(normEps_);
[2026-10-01 06:22:41]       |                             ^~~~~~~~
[2026-10-01 06:22:41] /mnt/workspace/hc-pre-reduction-20260930/batch-comb-source-candidate/csrc/moe/hc_pre/op_host/hc_pre_tiling.cpp: In member function ‘ge::graphStatus optiling::HcPreTiling::CalcMKSplitCoreMembasePart2Tiling()’:
[2026-10-01 06:22:41] /mnt/workspace/hc-pre-reduction-20260930/batch-comb-source-candidate/csrc/moe/hc_pre/op_host/hc_pre_tiling.cpp:274:27: warning: conversion from ‘double’ to ‘float’ may change value [-Wfloat-conversion]
[2026-10-01 06:22:41]   274 |     tilingData_.set_hcEps(hcEps_);
[2026-10-01 06:22:41]       |                           ^~~~~~
[2026-10-01 06:22:41] /mnt/workspace/hc-pre-reduction-20260930/batch-comb-source-candidate/csrc/moe/hc_pre/op_host/hc_pre_tiling.cpp:275:29: warning: conversion from ‘double’ to ‘float’ may change value [-Wfloat-conversion]
[2026-10-01 06:22:41]   275 |     tilingData_.set_normEps(normEps_);
[2026-10-01 06:22:41]       |                             ^~~~~~~~
[2026-10-01 06:22:41] [46/91] Generating opapi_stub.cpp
[2026-10-01 06:22:41] [47/91] Linking CXX shared library libop_host_aclnnExc.so
[2026-10-01 06:22:41] [48/91] Generating tbe/graph/ops_proto_transformer.cpp
[2026-10-01 06:22:41] [49/91] Generating binary/ascend910b/src/ascendc/common
[2026-10-01 06:22:42] [50/91] Performing configure step for 'tiling_sink_task'
[2026-10-01 06:22:42] -- The C compiler identification is GNU 7.3.0
[2026-10-01 06:22:42] -- The CXX compiler identification is GNU 7.3.0
[2026-10-01 06:22:42] -- Detecting C compiler ABI info
[2026-10-01 06:22:42] -- Detecting C compiler ABI info - done
[2026-10-01 06:22:42] -- Check for working C compiler: /mnt/workspace/mhc-validation-20260930/Ascend/cann-9.1.0/toolkit/toolchain/hcc/bin/aarch64-target-linux-gnu-gcc - skipped
[2026-10-01 06:22:42] -- Detecting C compile features
[2026-10-01 06:22:42] -- Detecting C compile features - done
[2026-10-01 06:22:42] -- Detecting CXX compiler ABI info
[2026-10-01 06:22:42] -- Detecting CXX compiler ABI info - done
[2026-10-01 06:22:42] -- Check for working CXX compiler: /mnt/workspace/mhc-validation-20260930/Ascend/cann-9.1.0/toolkit/toolchain/hcc/bin/aarch64-target-linux-gnu-g++ - skipped
[2026-10-01 06:22:42] -- Detecting CXX compile features
[2026-10-01 06:22:42] -- Detecting CXX compile features - done
[2026-10-01 06:22:42] CMake Warning at CMakeLists.txt:45 (message):
[2026-10-01 06:22:42]   File not found:
[2026-10-01 06:22:42]   /mnt/workspace/hc-pre-reduction-20260930/batch-comb-source-candidate/csrc/common/src/tiling_sink/../../../attention/common/op_host/fia_tiling_info.cpp
[2026-10-01 06:22:42] 
[2026-10-01 06:22:42] 
[2026-10-01 06:22:42] -- Configuring done (0.5s)
[2026-10-01 06:22:42] -- Generating done (0.0s)
[2026-10-01 06:22:42] CMake Warning (unused-cli):
[2026-10-01 06:22:42]   Manually-specified variables were not used by the project:
[2026-10-01 06:22:42] 
[2026-10-01 06:22:42]     ENABLE_BUILT_IN
[2026-10-01 06:22:42]     SYS_VERSION
[2026-10-01 06:22:42] 
[2026-10-01 06:22:42] 
[2026-10-01 06:22:42] -- Build files have been written to: /mnt/workspace/hc-pre-reduction-20260930/batch-comb-source-candidate/csrc/build/common/tiling_sink_task-prefix/src/tiling_sink_task-build
[2026-10-01 06:22:42] [51/91] Linking CXX shared library libopapi_math.so
[2026-10-01 06:22:42] [52/91] Building CXX object moe/hc_pre/op_host/CMakeFiles/ophost_transformer_opapi_obj.dir/opapi_stub.cpp.o
[2026-10-01 06:22:42] [53/91] Linking CXX shared library libcust_opmaster_rt2.0.so
[2026-10-01 06:22:42] [54/91] Generating compat/liboptiling.so
[2026-10-01 06:22:42] [55/91] Generating autogen/aic-ascend910b-ops-info.json
[2026-10-01 06:22:42] 
[2026-10-01 06:22:42] 
[2026-10-01 06:22:42] ==============check valid for ops info start==============
[2026-10-01 06:22:42] ==============check valid for ops info end================
[2026-10-01 06:22:42] 
[2026-10-01 06:22:42] 
[2026-10-01 06:22:42] Compile op info cfg successfully.
[2026-10-01 06:22:42] [56/91] Generating binary/ascend910b/src/hc_pre/hc_pre_ascend910b_src_copy.done
[2026-10-01 06:22:42] [57/91] Generating binary/ascend910b/src/hc_pre/HcPre.py
[2026-10-01 06:22:42] [58/91] Generating binary/ascend910b/bin/hc_pre
[2026-10-01 06:22:42] [59/91] Performing build step for 'tiling_sink_task'
[2026-10-01 06:22:42] ninja: no work to do.
[2026-10-01 06:22:42] [60/91] Generating cust_opapi_stub.cpp
[2026-10-01 06:22:42] [61/91] 
[2026-10-01 06:22:42] [62/91] 
[2026-10-01 06:22:42] [63/91] Building CXX object CMakeFiles/cust_opapi.dir/cust_opapi_stub.cpp.o
[2026-10-01 06:22:44] [64/91] Building CXX object CMakeFiles/cust_proto.dir/autogen/hc_pre_proto.cpp.o
[2026-10-01 06:22:44] In file included from /mnt/workspace/hc-pre-reduction-20260930/batch-comb-source-candidate/csrc/build/autogen/hc_pre_proto.h:4,
[2026-10-01 06:22:44]                  from /mnt/workspace/hc-pre-reduction-20260930/batch-comb-source-candidate/csrc/build/autogen/hc_pre_proto.cpp:1:
[2026-10-01 06:22:44] /mnt/workspace/hc-pre-reduction-20260930/batch-comb-source-candidate/csrc/build/autogen/hc_pre_proto.h: In member function ‘ge::Operator::OpFloat ge::op::HcPre::get_attr_hc_eps() const’:
[2026-10-01 06:22:44] /mnt/workspace/hc-pre-reduction-20260930/batch-comb-source-candidate/csrc/build/autogen/hc_pre_proto.h:21:26: warning: conversion from ‘double’ to ‘ge::Operator::OpFloat’ {aka ‘float’} changes value from ‘9.9999999999999995e-7’ to ‘9.99999997e-7’ [-Wfloat-conversion]
[2026-10-01 06:22:44]    21 |     .ATTR(hc_eps, Float, 1e-06)
[2026-10-01 06:22:44]       |                          ^~~~~
[2026-10-01 06:22:44] /mnt/workspace/hc-pre-reduction-20260930/batch-comb-source-candidate/csrc/build/autogen/hc_pre_proto.h: In member function ‘ge::Operator::OpFloat ge::op::HcPre::get_attr_norm_eps() const’:
[2026-10-01 06:22:44] /mnt/workspace/hc-pre-reduction-20260930/batch-comb-source-candidate/csrc/build/autogen/hc_pre_proto.h:22:28: warning: conversion from ‘double’ to ‘ge::Operator::OpFloat’ {aka ‘float’} changes value from ‘9.9999999999999995e-7’ to ‘9.99999997e-7’ [-Wfloat-conversion]
[2026-10-01 06:22:44]    22 |     .ATTR(norm_eps, Float, 1e-06)
[2026-10-01 06:22:44]       |                            ^~~~~
[2026-10-01 06:22:46] [65/91] Building CXX object CMakeFiles/cust_proto.dir/tbe/graph/ops_proto_transformer.cpp.o
[2026-10-01 06:22:46] /mnt/workspace/hc-pre-reduction-20260930/batch-comb-source-candidate/csrc/build/tbe/graph/ops_proto_transformer.cpp:10:1: warning: macro "OP_TRANSFORMER_PROTO_H_" is not used [-Wunused-macros]
[2026-10-01 06:22:46]    10 | }  // namespace ge
[2026-10-01 06:22:46]       | ^
[2026-10-01 06:23:07] [66/91] cd /mnt/workspace/hc-pre-reduction-20260930/batch-comb-source-candidate/csrc/build/binary/ascend910b/gen && /mnt/workspace/mhc-validation-20260930/venv/bin/python3.12 /mnt/workspace/hc-pre-reduction-20260930/batch-comb-source-candidate/csrc/scripts/build_cache.py run --cache-root /mnt/workspace/hc-pre-reduction-20260930/batch-comb-source-candidate/csrc/build_cache --domain custom_operator --unit hc_pre --output-dir /mnt/workspace/hc-pre-reduction-20260930/batch-comb-source-candidate/csrc/build/binary/ascend910b/cache_actions/hc_pre/stages/HcPre-0 --environment-profile ascendc --publish-dir /mnt/workspace/hc-pre-reduction-20260930/batch-comb-source-candidate/csrc/build/binary/ascend910b/bin/hc_pre --publish-state-dir /mnt/workspace/hc-pre-reduction-20260930/batch-comb-source-candidate/csrc/build/binary/ascend910b/cache_actions/hc_pre/publish_state --soc ascend910b --operator hc_pre --action HcPre-0 --operator-source /mnt/workspace/hc-pre-reduction-20260930/batch-comb-source-candidate/csrc/moe/hc_pre --repo-root /mnt/workspace/hc-pre-reduction-20260930/batch-comb-source-candidate/csrc --prepared-input /mnt/workspace/hc-pre-reduction-20260930/batch-comb-source-candidate/csrc/build/binary/ascend910b/src/hc_pre --prepared-input /mnt/workspace/hc-pre-reduction-20260930/batch-comb-source-candidate/csrc/build/binary/ascend910b/src/ascendc/common --prepared-input /mnt/workspace/hc-pre-reduction-20260930/batch-comb-source-candidate/csrc/common/include/cann_compat.h --recipe-file /mnt/workspace/hc-pre-reduction-20260930/batch-comb-source-candidate/csrc/build/binary/ascend910b/gen/HcPre-hc_pre-0.sh --normalize-path /mnt/workspace/hc-pre-reduction-20260930/batch-comb-source-candidate/csrc --normalize-path /mnt/workspace/hc-pre-reduction-20260930/batch-comb-source-candidate/csrc/build --normalize-path /mnt/workspace/mhc-validation-20260930/Ascend/cann-9.1.0 --set-env HI_PYTHON=python3 --set-env TILINGKEY_PAR_COMPILE=1 --set-env BIN_FILENAME_HASHED=1 --set-env ASCEND_CUSTOM_OPP_PATH=/mnt/workspace/hc-pre-reduction-20260930/batch-comb-source-candidate/csrc/build/custom -- bash /mnt/workspace/hc-pre-reduction-20260930/batch-comb-source-candidate/csrc/build/binary/ascend910b/gen/HcPre-hc_pre-0.sh /mnt/workspace/hc-pre-reduction-20260930/batch-comb-source-candidate/csrc/build/binary/ascend910b/src/hc_pre/HcPre.py /mnt/workspace/hc-pre-reduction-20260930/batch-comb-source-candidate/csrc/build/binary/ascend910b/cache_actions/hc_pre/stages/HcPre-0
[2026-10-01 06:23:07] [build-cache] MISS domain=custom_operator unit=hc_pre key=b30f157d1ecf1a016e5198dad71cb8c89e56cc00755520aeb3ed193774879cc5
[2026-10-01 06:23:07] [ascend910b] Generating HcPre_6c9f0fa710253eff38b1c0e6be6a67be ...
[2026-10-01 06:23:07] [INFO] RUNTIME(1563468,python3):2026-10-01-06:22:52.367.267 [task_fail_callback_data_manager.cc:93] 1563468 TaskFailCallBackManager: Constructor.
[2026-10-01 06:23:07] [INFO] RUNTIME(1563468,python3):2026-10-01-06:22:52.367.311 [xpu_task_fail_callback_data_manager.cc:59] 1563468 XpuTaskFailCallBackManager: XpuTaskFailCallBackManager Constructor.
[2026-10-01 06:23:07] Opc tool start working now, please wait for a moment.
[2026-10-01 06:23:07] [INFO] RUNTIME(1563468,python3):2026-10-01-06:23:07.058.558 [xpu_task_fail_callback_data_manager.cc:64] 1563468 ~XpuTaskFailCallBackManager: XpuTaskFailCallBackManager Destructor.
[2026-10-01 06:23:07] [INFO] RUNTIME(1563468,python3):2026-10-01-06:23:07.058.595 [task_fail_callback_data_manager.cc:98] 1563468 ~TaskFailCallBackManager: Destructor.
[2026-10-01 06:23:07] [INFO] ATRACE(1563468,python3):2026-10-01-06:23:07.237.294 [stacktrace_signal.c:199](tid:1563468) unregister all signal handlers, can not capture signal.
[2026-10-01 06:23:07] [ascend910b] Generating HcPre_6c9f0fa710253eff38b1c0e6be6a67be Done
[2026-10-01 06:23:07] [build-cache] SAVED domain=custom_operator unit=hc_pre key=b30f157d1ecf1a016e5198dad71cb8c89e56cc00755520aeb3ed193774879cc5 artifacts=2 build_seconds=20.443
[2026-10-01 06:23:30] [67/91] cd /mnt/workspace/hc-pre-reduction-20260930/batch-comb-source-candidate/csrc/build/binary/ascend910b/gen && /mnt/workspace/mhc-validation-20260930/venv/bin/python3.12 /mnt/workspace/hc-pre-reduction-20260930/batch-comb-source-candidate/csrc/scripts/build_cache.py run --cache-root /mnt/workspace/hc-pre-reduction-20260930/batch-comb-source-candidate/csrc/build_cache --domain custom_operator --unit hc_pre --output-dir /mnt/workspace/hc-pre-reduction-20260930/batch-comb-source-candidate/csrc/build/binary/ascend910b/cache_actions/hc_pre/stages/HcPre-1 --environment-profile ascendc --publish-dir /mnt/workspace/hc-pre-reduction-20260930/batch-comb-source-candidate/csrc/build/binary/ascend910b/bin/hc_pre --publish-state-dir /mnt/workspace/hc-pre-reduction-20260930/batch-comb-source-candidate/csrc/build/binary/ascend910b/cache_actions/hc_pre/publish_state --soc ascend910b --operator hc_pre --action HcPre-1 --operator-source /mnt/workspace/hc-pre-reduction-20260930/batch-comb-source-candidate/csrc/moe/hc_pre --repo-root /mnt/workspace/hc-pre-reduction-20260930/batch-comb-source-candidate/csrc --prepared-input /mnt/workspace/hc-pre-reduction-20260930/batch-comb-source-candidate/csrc/build/binary/ascend910b/src/hc_pre --prepared-input /mnt/workspace/hc-pre-reduction-20260930/batch-comb-source-candidate/csrc/build/binary/ascend910b/src/ascendc/common --prepared-input /mnt/workspace/hc-pre-reduction-20260930/batch-comb-source-candidate/csrc/common/include/cann_compat.h --recipe-file /mnt/workspace/hc-pre-reduction-20260930/batch-comb-source-candidate/csrc/build/binary/ascend910b/gen/HcPre-hc_pre-1.sh --normalize-path /mnt/workspace/hc-pre-reduction-20260930/batch-comb-source-candidate/csrc --normalize-path /mnt/workspace/hc-pre-reduction-20260930/batch-comb-source-candidate/csrc/build --normalize-path /mnt/workspace/mhc-validation-20260930/Ascend/cann-9.1.0 --set-env HI_PYTHON=python3 --set-env TILINGKEY_PAR_COMPILE=1 --set-env BIN_FILENAME_HASHED=1 --set-env ASCEND_CUSTOM_OPP_PATH=/mnt/workspace/hc-pre-reduction-20260930/batch-comb-source-candidate/csrc/build/custom -- bash /mnt/workspace/hc-pre-reduction-20260930/batch-comb-source-candidate/csrc/build/binary/ascend910b/gen/HcPre-hc_pre-1.sh /mnt/workspace/hc-pre-reduction-20260930/batch-comb-source-candidate/csrc/build/binary/ascend910b/src/hc_pre/HcPre.py /mnt/workspace/hc-pre-reduction-20260930/batch-comb-source-candidate/csrc/build/binary/ascend910b/cache_actions/hc_pre/stages/HcPre-1
[2026-10-01 06:23:30] [build-cache] MISS domain=custom_operator unit=hc_pre key=d45e4023722283bcb4db0662a370ea5c9bb8b69853179d3a0be4973a798b599a
[2026-10-01 06:23:30] [ascend910b] Generating HcPre_6c9f0fa710253eff38b1c0e6be6a67be_relocatable ...
[2026-10-01 06:23:30] [INFO] RUNTIME(1563714,python3):2026-10-01-06:23:15.106.378 [task_fail_callback_data_manager.cc:93] 1563714 TaskFailCallBackManager: Constructor.
[2026-10-01 06:23:30] [INFO] RUNTIME(1563714,python3):2026-10-01-06:23:15.106.413 [xpu_task_fail_callback_data_manager.cc:59] 1563714 XpuTaskFailCallBackManager: XpuTaskFailCallBackManager Constructor.
[2026-10-01 06:23:30] Opc tool start working now, please wait for a moment.
[2026-10-01 06:23:30] [INFO] RUNTIME(1563714,python3):2026-10-01-06:23:29.628.563 [xpu_task_fail_callback_data_manager.cc:64] 1563714 ~XpuTaskFailCallBackManager: XpuTaskFailCallBackManager Destructor.
[2026-10-01 06:23:30] [INFO] RUNTIME(1563714,python3):2026-10-01-06:23:29.628.591 [task_fail_callback_data_manager.cc:98] 1563714 ~TaskFailCallBackManager: Destructor.
[2026-10-01 06:23:30] [INFO] ATRACE(1563714,python3):2026-10-01-06:23:29.945.649 [stacktrace_signal.c:199](tid:1563714) unregister all signal handlers, can not capture signal.
[2026-10-01 06:23:30] [ascend910b] Generating HcPre_6c9f0fa710253eff38b1c0e6be6a67be_relocatable Done
[2026-10-01 06:23:30] [build-cache] SAVED domain=custom_operator unit=hc_pre key=d45e4023722283bcb4db0662a370ea5c9bb8b69853179d3a0be4973a798b599a artifacts=2 build_seconds=22.528
[2026-10-01 06:23:30] [68/91] No install step for 'tiling_sink_task'
[2026-10-01 06:23:30] [69/91] Building CXX object moe/hc_pre/op_host/CMakeFiles/ophost_transformer_infer_obj.dir/proto_stub.cpp.o
[2026-10-01 06:23:30] [70/91] Linking CXX shared library libcust_opapi.so
[2026-10-01 06:23:30] [71/91] cd /mnt/workspace/hc-pre-reduction-20260930/batch-comb-source-candidate/csrc/build && /mnt/workspace/mhc-validation-20260930/venv/bin/python3.12 /mnt/workspace/hc-pre-reduction-20260930/batch-comb-source-candidate/csrc/cmake/scripts/util/ascendc_impl_build.py "" "" "" "" /mnt/workspace/hc-pre-reduction-20260930/batch-comb-source-candidate/csrc/build/impl /mnt/workspace/hc-pre-reduction-20260930/batch-comb-source-candidate/csrc/build/autogen --opsinfo-dir /mnt/workspace/hc-pre-reduction-20260930/batch-comb-source-candidate/csrc/build/autogen /mnt/workspace/hc-pre-reduction-20260930/batch-comb-source-candidate/csrc/build/autogen/inner /mnt/workspace/hc-pre-reduction-20260930/batch-comb-source-candidate/csrc/build/autogen/exc
[2026-10-01 06:23:30] /mnt/workspace/hc-pre-reduction-20260930/batch-comb-source-candidate/csrc/cmake/scripts/util/ascendc_impl_build.py:212: SyntaxWarning: invalid escape sequence '\d'
[2026-10-01 06:23:30]   ascendc_api_version = re.findall(r"#define ASCENDC_API_VERSION (\d+)", ascendc_api_version_file.read())
[2026-10-01 06:23:30] [72/91] cd /mnt/workspace/hc-pre-reduction-20260930/batch-comb-source-candidate/csrc/build && /mnt/workspace/mhc-validation-20260930/venv/lib/python3.12/site-packages/cmake/data/bin/cmake -E make_directory /mnt/workspace/hc-pre-reduction-20260930/batch-comb-source-candidate/csrc/build/binary/ascend910b/gen && /mnt/workspace/mhc-validation-20260930/venv/bin/python3.12 /mnt/workspace/hc-pre-reduction-20260930/batch-comb-source-candidate/csrc/cmake/scripts/util/ascendc_bin_param_build.py /mnt/workspace/hc-pre-reduction-20260930/batch-comb-source-candidate/csrc/build/autogen/aic-ascend910b-ops-info.ini /mnt/workspace/hc-pre-reduction-20260930/batch-comb-source-candidate/csrc/build/binary/ascend910b/gen ascend910b --opc-config-file /mnt/workspace/hc-pre-reduction-20260930/batch-comb-source-candidate/csrc/build/autogen/custom_opc_options.ini && /mnt/workspace/mhc-validation-20260930/venv/bin/python3.12 /mnt/workspace/hc-pre-reduction-20260930/batch-comb-source-candidate/csrc/cmake/scripts/util/ascendc_bin_param_build.py /mnt/workspace/hc-pre-reduction-20260930/batch-comb-source-candidate/csrc/build/autogen/inner/aic-ascend910b-ops-info.ini /mnt/workspace/hc-pre-reduction-20260930/batch-comb-source-candidate/csrc/build/binary/ascend910b/gen ascend910b --opc-config-file /mnt/workspace/hc-pre-reduction-20260930/batch-comb-source-candidate/csrc/build/autogen/custom_opc_options.ini && /mnt/workspace/mhc-validation-20260930/venv/bin/python3.12 /mnt/workspace/hc-pre-reduction-20260930/batch-comb-source-candidate/csrc/cmake/scripts/util/ascendc_bin_param_build.py /mnt/workspace/hc-pre-reduction-20260930/batch-comb-source-candidate/csrc/build/autogen/exc/aic-ascend910b-ops-info.ini /mnt/workspace/hc-pre-reduction-20260930/batch-comb-source-candidate/csrc/build/binary/ascend910b/gen ascend910b --opc-config-file /mnt/workspace/hc-pre-reduction-20260930/batch-comb-source-candidate/csrc/build/autogen/custom_opc_options.ini && bash /mnt/workspace/hc-pre-reduction-20260930/batch-comb-source-candidate/csrc/cmake/scripts/fix_format.sh /mnt/workspace/hc-pre-reduction-20260930/batch-comb-source-candidate/csrc/build/binary/ascend910b/gen
[2026-10-01 06:23:30] INFO: /mnt/workspace/hc-pre-reduction-20260930/batch-comb-source-candidate/csrc/build/autogen/inner/aic-ascend910b-ops-info.ini does not exists in this project, skip generating compile commands.
[2026-10-01 06:23:30] INFO: /mnt/workspace/hc-pre-reduction-20260930/batch-comb-source-candidate/csrc/build/autogen/exc/aic-ascend910b-ops-info.ini does not exists in this project, skip generating compile commands.
[2026-10-01 06:23:30] [73/91] cd /mnt/workspace/hc-pre-reduction-20260930/batch-comb-source-candidate/csrc/build && /mnt/workspace/mhc-validation-20260930/venv/bin/python3.12 /mnt/workspace/hc-pre-reduction-20260930/batch-comb-source-candidate/csrc/cmake/scripts/util/ascendc_ops_config.py -p /mnt/workspace/hc-pre-reduction-20260930/batch-comb-source-candidate/csrc/build/binary/ascend910b/bin -s ascend910b
[2026-10-01 06:23:30] [74/91] Generating scripts/install.sh, scripts/upgrade.sh
[2026-10-01 06:23:30] [75/91] Generating version.info
[2026-10-01 06:23:30] [76/91] Completed 'tiling_sink_task'
[2026-10-01 06:23:31] [77/91] Linking CXX shared library libcust_opsproto_rt2.0.so
[2026-10-01 06:46:17] [78/91] Performing build step for 'ascend_protobuf_build_transformer'
[2026-10-01 06:46:17] [build-cache] MISS domain=third_party unit=ascend_protobuf_build_transformer key=b90b5cbfd7590aac508c1cb5f8c88764bba49b777beeb2b9b34c870ade0e1f66
[2026-10-01 06:46:17] [  0%] Building CXX object third_party/abseil-cpp/absl/base/CMakeFiles/spinlock_wait.dir/internal/spinlock_wait.cc.o
[2026-10-01 06:46:17] [  0%] Linking CXX static library libabsl_spinlock_wait.a
[2026-10-01 06:46:17] [  0%] Built target spinlock_wait
[2026-10-01 06:46:17] [  1%] Building CXX object third_party/abseil-cpp/absl/base/CMakeFiles/log_severity.dir/log_severity.cc.o
[2026-10-01 06:46:17] [  1%] Linking CXX static library libabsl_log_severity.a
[2026-10-01 06:46:17] [  1%] Built target log_severity
[2026-10-01 06:46:17] [  1%] Building CXX object third_party/abseil-cpp/absl/base/CMakeFiles/raw_logging_internal.dir/internal/raw_logging.cc.o
[2026-10-01 06:46:17] [  1%] Linking CXX static library libabsl_raw_logging_internal.a
[2026-10-01 06:46:17] [  1%] Built target raw_logging_internal
[2026-10-01 06:46:17] [  1%] Building CXX object third_party/abseil-cpp/absl/base/CMakeFiles/base.dir/internal/cycleclock.cc.o
[2026-10-01 06:46:17] [  1%] Building CXX object third_party/abseil-cpp/absl/base/CMakeFiles/base.dir/internal/spinlock.cc.o
[2026-10-01 06:46:17] [  1%] Building CXX object third_party/abseil-cpp/absl/base/CMakeFiles/base.dir/internal/sysinfo.cc.o
[2026-10-01 06:46:17] [  2%] Building CXX object third_party/abseil-cpp/absl/base/CMakeFiles/base.dir/internal/thread_identity.cc.o
[2026-10-01 06:46:17] [  2%] Building CXX object third_party/abseil-cpp/absl/base/CMakeFiles/base.dir/internal/unscaledcycleclock.cc.o
[2026-10-01 06:46:17] [  2%] Linking CXX static library libabsl_base.a
[2026-10-01 06:46:17] [  2%] Built target base
[2026-10-01 06:46:17] [  2%] Building CXX object third_party/abseil-cpp/absl/strings/CMakeFiles/strings_internal.dir/internal/ostringstream.cc.o
[2026-10-01 06:46:17] [  3%] Building CXX object third_party/abseil-cpp/absl/strings/CMakeFiles/strings_internal.dir/internal/utf8.cc.o
[2026-10-01 06:46:17] [  3%] Building CXX object third_party/abseil-cpp/absl/strings/CMakeFiles/strings_internal.dir/internal/escaping.cc.o
[2026-10-01 06:46:17] [  3%] Linking CXX static library libabsl_strings_internal.a
[2026-10-01 06:46:17] [  3%] Built target strings_internal
[2026-10-01 06:46:17] [  3%] Building CXX object third_party/abseil-cpp/absl/base/CMakeFiles/throw_delegate.dir/internal/throw_delegate.cc.o
[2026-10-01 06:46:17] [  4%] Linking CXX static library libabsl_throw_delegate.a
[2026-10-01 06:46:17] [  4%] Built target throw_delegate
[2026-10-01 06:46:17] [  4%] Building CXX object third_party/abseil-cpp/absl/numeric/CMakeFiles/int128.dir/int128.cc.o
[2026-10-01 06:46:17] [  4%] Linking CXX static library libabsl_int128.a
[2026-10-01 06:46:17] [  4%] Built target int128
[2026-10-01 06:46:17] [  5%] Building CXX object third_party/abseil-cpp/absl/strings/CMakeFiles/string_view.dir/string_view.cc.o
[2026-10-01 06:46:17] [  5%] Linking CXX static library libabsl_string_view.a
[2026-10-01 06:46:17] [  5%] Built target string_view
[2026-10-01 06:46:17] [  5%] Building CXX object third_party/abseil-cpp/absl/strings/CMakeFiles/strings.dir/ascii.cc.o
[2026-10-01 06:46:17] [  5%] Building CXX object third_party/abseil-cpp/absl/strings/CMakeFiles/strings.dir/charconv.cc.o
[2026-10-01 06:46:17] [  6%] Building CXX object third_party/abseil-cpp/absl/strings/CMakeFiles/strings.dir/escaping.cc.o
[2026-10-01 06:46:17] [  6%] Building CXX object third_party/abseil-cpp/absl/strings/CMakeFiles/strings.dir/internal/charconv_bigint.cc.o
[2026-10-01 06:46:17] [  6%] Building CXX object third_party/abseil-cpp/absl/strings/CMakeFiles/strings.dir/internal/charconv_parse.cc.o
[2026-10-01 06:46:17] [  6%] Building CXX object third_party/abseil-cpp/absl/strings/CMakeFiles/strings.dir/internal/damerau_levenshtein_distance.cc.o
[2026-10-01 06:46:17] [  6%] Building CXX object third_party/abseil-cpp/absl/strings/CMakeFiles/strings.dir/internal/memutil.cc.o
[2026-10-01 06:46:17] [  7%] Building CXX object third_party/abseil-cpp/absl/strings/CMakeFiles/strings.dir/internal/stringify_sink.cc.o
[2026-10-01 06:46:17] [  7%] Building CXX object third_party/abseil-cpp/absl/strings/CMakeFiles/strings.dir/match.cc.o
[2026-10-01 06:46:17] [  7%] Building CXX object third_party/abseil-cpp/absl/strings/CMakeFiles/strings.dir/numbers.cc.o
[2026-10-01 06:46:17] [  7%] Building CXX object third_party/abseil-cpp/absl/strings/CMakeFiles/strings.dir/str_cat.cc.o
[2026-10-01 06:46:17] [  7%] Building CXX object third_party/abseil-cpp/absl/strings/CMakeFiles/strings.dir/str_replace.cc.o
[2026-10-01 06:46:17] [  8%] Building CXX object third_party/abseil-cpp/absl/strings/CMakeFiles/strings.dir/str_split.cc.o
[2026-10-01 06:46:17] [  8%] Building CXX object third_party/abseil-cpp/absl/strings/CMakeFiles/strings.dir/substitute.cc.o
[2026-10-01 06:46:17] [  8%] Linking CXX static library libabsl_strings.a
[2026-10-01 06:46:17] [  8%] Built target strings
[2026-10-01 06:46:17] [  8%] Building CXX object third_party/utf8_range/CMakeFiles/utf8_validity.dir/utf8_validity.cc.o
[2026-10-01 06:46:17] [  9%] Linking CXX static library libutf8_validity.a
[2026-10-01 06:46:17] [  9%] Built target utf8_validity
[2026-10-01 06:46:17] [  9%] Building CXX object third_party/abseil-cpp/absl/base/CMakeFiles/malloc_internal.dir/internal/low_level_alloc.cc.o
[2026-10-01 06:46:17] [  9%] Linking CXX static library libabsl_malloc_internal.a
[2026-10-01 06:46:17] [  9%] Built target malloc_internal
[2026-10-01 06:46:17] [  9%] Building CXX object third_party/abseil-cpp/absl/base/CMakeFiles/strerror.dir/internal/strerror.cc.o
[2026-10-01 06:46:17] [  9%] Linking CXX static library libabsl_strerror.a
[2026-10-01 06:46:17] [  9%] Built target strerror
[2026-10-01 06:46:17] [  9%] Building CXX object third_party/abseil-cpp/absl/time/CMakeFiles/time_zone.dir/internal/cctz/src/time_zone_fixed.cc.o
[2026-10-01 06:46:17] [  9%] Building CXX object third_party/abseil-cpp/absl/time/CMakeFiles/time_zone.dir/internal/cctz/src/time_zone_format.cc.o
[2026-10-01 06:46:17] [ 10%] Building CXX object third_party/abseil-cpp/absl/time/CMakeFiles/time_zone.dir/internal/cctz/src/time_zone_if.cc.o
[2026-10-01 06:46:17] [ 10%] Building CXX object third_party/abseil-cpp/absl/time/CMakeFiles/time_zone.dir/internal/cctz/src/time_zone_impl.cc.o
[2026-10-01 06:46:17] [ 10%] Building CXX object third_party/abseil-cpp/absl/time/CMakeFiles/time_zone.dir/internal/cctz/src/time_zone_info.cc.o
[2026-10-01 06:46:17] [ 10%] Building CXX object third_party/abseil-cpp/absl/time/CMakeFiles/time_zone.dir/internal/cctz/src/time_zone_libc.cc.o
[2026-10-01 06:46:17] [ 11%] Building CXX object third_party/abseil-cpp/absl/time/CMakeFiles/time_zone.dir/internal/cctz/src/time_zone_lookup.cc.o
[2026-10-01 06:46:17] [ 11%] Building CXX object third_party/abseil-cpp/absl/time/CMakeFiles/time_zone.dir/internal/cctz/src/time_zone_posix.cc.o
[2026-10-01 06:46:17] [ 11%] Building CXX object third_party/abseil-cpp/absl/time/CMakeFiles/time_zone.dir/internal/cctz/src/zone_info_source.cc.o
[2026-10-01 06:46:17] [ 11%] Linking CXX static library libabsl_time_zone.a
[2026-10-01 06:46:17] [ 11%] Built target time_zone
[2026-10-01 06:46:17] [ 11%] Building CXX object third_party/abseil-cpp/absl/debugging/CMakeFiles/debugging_internal.dir/internal/address_is_readable.cc.o
[2026-10-01 06:46:17] [ 11%] Building CXX object third_party/abseil-cpp/absl/debugging/CMakeFiles/debugging_internal.dir/internal/elf_mem_image.cc.o
[2026-10-01 06:46:17] [ 12%] Building CXX object third_party/abseil-cpp/absl/debugging/CMakeFiles/debugging_internal.dir/internal/vdso_support.cc.o
[2026-10-01 06:46:17] [ 12%] Linking CXX static library libabsl_debugging_internal.a
[2026-10-01 06:46:17] [ 12%] Built target debugging_internal
[2026-10-01 06:46:17] [ 12%] Building CXX object third_party/abseil-cpp/absl/debugging/CMakeFiles/stacktrace.dir/stacktrace.cc.o
[2026-10-01 06:46:17] [ 12%] Linking CXX static library libabsl_stacktrace.a
[2026-10-01 06:46:17] [ 12%] Built target stacktrace
[2026-10-01 06:46:17] [ 12%] Building CXX object third_party/abseil-cpp/absl/debugging/CMakeFiles/demangle_internal.dir/internal/demangle.cc.o
[2026-10-01 06:46:17] [ 12%] Linking CXX static library libabsl_demangle_internal.a
[2026-10-01 06:46:17] [ 12%] Built target demangle_internal
[2026-10-01 06:46:17] [ 12%] Building CXX object third_party/abseil-cpp/absl/debugging/CMakeFiles/symbolize.dir/symbolize.cc.o
[2026-10-01 06:46:17] [ 12%] Linking CXX static library libabsl_symbolize.a
[2026-10-01 06:46:17] [ 12%] Built target symbolize
[2026-10-01 06:46:17] [ 12%] Building CXX object third_party/abseil-cpp/absl/profiling/CMakeFiles/exponential_biased.dir/internal/exponential_biased.cc.o
[2026-10-01 06:46:17] [ 13%] Linking CXX static library libabsl_exponential_biased.a
[2026-10-01 06:46:17] [ 13%] Built target exponential_biased
[2026-10-01 06:46:17] [ 13%] Building CXX object third_party/abseil-cpp/absl/synchronization/CMakeFiles/graphcycles_internal.dir/internal/graphcycles.cc.o
[2026-10-01 06:46:17] [ 14%] Linking CXX static library libabsl_graphcycles_internal.a
[2026-10-01 06:46:17] [ 14%] Built target graphcycles_internal
[2026-10-01 06:46:17] [ 14%] Building CXX object third_party/abseil-cpp/absl/time/CMakeFiles/civil_time.dir/internal/cctz/src/civil_time_detail.cc.o
[2026-10-01 06:46:17] [ 14%] Linking CXX static library libabsl_civil_time.a
[2026-10-01 06:46:17] [ 14%] Built target civil_time
[2026-10-01 06:46:17] [ 14%] Building CXX object third_party/abseil-cpp/absl/time/CMakeFiles/time.dir/civil_time.cc.o
[2026-10-01 06:46:17] [ 14%] Building CXX object third_party/abseil-cpp/absl/time/CMakeFiles/time.dir/clock.cc.o
[2026-10-01 06:46:17] [ 14%] Building CXX object third_party/abseil-cpp/absl/time/CMakeFiles/time.dir/duration.cc.o
[2026-10-01 06:46:17] [ 15%] Building CXX object third_party/abseil-cpp/absl/time/CMakeFiles/time.dir/format.cc.o
[2026-10-01 06:46:17] [ 15%] Building CXX object third_party/abseil-cpp/absl/time/CMakeFiles/time.dir/time.cc.o
[2026-10-01 06:46:17] [ 15%] Linking CXX static library libabsl_time.a
[2026-10-01 06:46:17] [ 15%] Built target time
[2026-10-01 06:46:17] [ 15%] Building CXX object third_party/abseil-cpp/absl/synchronization/CMakeFiles/kernel_timeout_internal.dir/internal/kernel_timeout.cc.o
[2026-10-01 06:46:17] [ 16%] Linking CXX static library libabsl_kernel_timeout_internal.a
[2026-10-01 06:46:17] [ 16%] Built target kernel_timeout_internal
[2026-10-01 06:46:17] [ 17%] Building CXX object third_party/abseil-cpp/absl/synchronization/CMakeFiles/synchronization.dir/barrier.cc.o
[2026-10-01 06:46:17] [ 17%] Building CXX object third_party/abseil-cpp/absl/synchronization/CMakeFiles/synchronization.dir/blocking_counter.cc.o
[2026-10-01 06:46:17] [ 17%] Building CXX object third_party/abseil-cpp/absl/synchronization/CMakeFiles/synchronization.dir/internal/create_thread_identity.cc.o
[2026-10-01 06:46:17] [ 17%] Building CXX object third_party/abseil-cpp/absl/synchronization/CMakeFiles/synchronization.dir/internal/futex_waiter.cc.o
[2026-10-01 06:46:17] [ 18%] Building CXX object third_party/abseil-cpp/absl/synchronization/CMakeFiles/synchronization.dir/internal/per_thread_sem.cc.o
[2026-10-01 06:46:17] [ 18%] Building CXX object third_party/abseil-cpp/absl/synchronization/CMakeFiles/synchronization.dir/internal/pthread_waiter.cc.o
[2026-10-01 06:46:17] [ 18%] Building CXX object third_party/abseil-cpp/absl/synchronization/CMakeFiles/synchronization.dir/internal/sem_waiter.cc.o
[2026-10-01 06:46:17] [ 18%] Building CXX object third_party/abseil-cpp/absl/synchronization/CMakeFiles/synchronization.dir/internal/stdcpp_waiter.cc.o
[2026-10-01 06:46:17] [ 18%] Building CXX object third_party/abseil-cpp/absl/synchronization/CMakeFiles/synchronization.dir/internal/waiter_base.cc.o
[2026-10-01 06:46:17] [ 19%] Building CXX object third_party/abseil-cpp/absl/synchronization/CMakeFiles/synchronization.dir/internal/win32_waiter.cc.o
[2026-10-01 06:46:17] [ 19%] Building CXX object third_party/abseil-cpp/absl/synchronization/CMakeFiles/synchronization.dir/notification.cc.o
[2026-10-01 06:46:17] [ 19%] Building CXX object third_party/abseil-cpp/absl/synchronization/CMakeFiles/synchronization.dir/mutex.cc.o
[2026-10-01 06:46:17] [ 19%] Linking CXX static library libabsl_synchronization.a
[2026-10-01 06:46:17] [ 19%] Built target synchronization
[2026-10-01 06:46:17] [ 19%] Building CXX object third_party/abseil-cpp/absl/container/CMakeFiles/hashtablez_sampler.dir/internal/hashtablez_sampler.cc.o
[2026-10-01 06:46:17] [ 20%] Building CXX object third_party/abseil-cpp/absl/container/CMakeFiles/hashtablez_sampler.dir/internal/hashtablez_sampler_force_weak_definition.cc.o
[2026-10-01 06:46:17] [ 20%] Linking CXX static library libabsl_hashtablez_sampler.a
[2026-10-01 06:46:17] [ 20%] Built target hashtablez_sampler
[2026-10-01 06:46:17] [ 21%] Building CXX object third_party/abseil-cpp/absl/types/CMakeFiles/bad_variant_access.dir/bad_variant_access.cc.o
[2026-10-01 06:46:17] [ 21%] Linking CXX static library libabsl_bad_variant_access.a
[2026-10-01 06:46:17] [ 21%] Built target bad_variant_access
[2026-10-01 06:46:17] [ 21%] Building CXX object third_party/abseil-cpp/absl/hash/CMakeFiles/city.dir/internal/city.cc.o
[2026-10-01 06:46:17] [ 22%] Linking CXX static library libabsl_city.a
[2026-10-01 06:46:17] [ 22%] Built target city
[2026-10-01 06:46:17] [ 22%] Building CXX object third_party/abseil-cpp/absl/hash/CMakeFiles/low_level_hash.dir/internal/low_level_hash.cc.o
[2026-10-01 06:46:17] [ 23%] Linking CXX static library libabsl_low_level_hash.a
[2026-10-01 06:46:17] [ 23%] Built target low_level_hash
[2026-10-01 06:46:17] [ 23%] Building CXX object third_party/abseil-cpp/absl/types/CMakeFiles/bad_optional_access.dir/bad_optional_access.cc.o
[2026-10-01 06:46:17] [ 23%] Linking CXX static library libabsl_bad_optional_access.a
[2026-10-01 06:46:17] [ 23%] Built target bad_optional_access
[2026-10-01 06:46:17] [ 23%] Building CXX object third_party/abseil-cpp/absl/hash/CMakeFiles/hash.dir/internal/hash.cc.o
[2026-10-01 06:46:17] [ 23%] Linking CXX static library libabsl_hash.a
[2026-10-01 06:46:17] [ 23%] Built target hash
[2026-10-01 06:46:17] [ 23%] Building CXX object third_party/abseil-cpp/absl/container/CMakeFiles/raw_hash_set.dir/internal/raw_hash_set.cc.o
[2026-10-01 06:46:17] [ 24%] Linking CXX static library libabsl_raw_hash_set.a
[2026-10-01 06:46:17] [ 24%] Built target raw_hash_set
[2026-10-01 06:46:17] [ 24%] Building CXX object third_party/abseil-cpp/absl/crc/CMakeFiles/crc_cpu_detect.dir/internal/cpu_detect.cc.o
[2026-10-01 06:46:17] [ 24%] Linking CXX static library libabsl_crc_cpu_detect.a
[2026-10-01 06:46:17] [ 24%] Built target crc_cpu_detect
[2026-10-01 06:46:17] [ 25%] Building CXX object third_party/abseil-cpp/absl/crc/CMakeFiles/crc_internal.dir/internal/crc.cc.o
[2026-10-01 06:46:17] [ 25%] Building CXX object third_party/abseil-cpp/absl/crc/CMakeFiles/crc_internal.dir/internal/crc_x86_arm_combined.cc.o
[2026-10-01 06:46:17] [ 25%] Linking CXX static library libabsl_crc_internal.a
[2026-10-01 06:46:17] [ 25%] Built target crc_internal
[2026-10-01 06:46:17] [ 26%] Building CXX object third_party/abseil-cpp/absl/strings/CMakeFiles/str_format_internal.dir/internal/str_format/arg.cc.o
[2026-10-01 06:46:17] [ 26%] Building CXX object third_party/abseil-cpp/absl/strings/CMakeFiles/str_format_internal.dir/internal/str_format/bind.cc.o
[2026-10-01 06:46:17] [ 26%] Building CXX object third_party/abseil-cpp/absl/strings/CMakeFiles/str_format_internal.dir/internal/str_format/extension.cc.o
[2026-10-01 06:46:17] [ 26%] Building CXX object third_party/abseil-cpp/absl/strings/CMakeFiles/str_format_internal.dir/internal/str_format/float_conversion.cc.o
[2026-10-01 06:46:17] [ 27%] Building CXX object third_party/abseil-cpp/absl/strings/CMakeFiles/str_format_internal.dir/internal/str_format/output.cc.o
[2026-10-01 06:46:17] [ 27%] Building CXX object third_party/abseil-cpp/absl/strings/CMakeFiles/str_format_internal.dir/internal/str_format/parser.cc.o
[2026-10-01 06:46:17] [ 27%] Linking CXX static library libabsl_str_format_internal.a
[2026-10-01 06:46:17] [ 27%] Built target str_format_internal
[2026-10-01 06:46:17] [ 28%] Building CXX object third_party/abseil-cpp/absl/crc/CMakeFiles/crc32c.dir/crc32c.cc.o
[2026-10-01 06:46:17] [ 28%] Building CXX object third_party/abseil-cpp/absl/crc/CMakeFiles/crc32c.dir/internal/crc_memcpy_fallback.cc.o
[2026-10-01 06:46:17] [ 28%] Building CXX object third_party/abseil-cpp/absl/crc/CMakeFiles/crc32c.dir/internal/crc_memcpy_x86_64.cc.o
[2026-10-01 06:46:17] [ 28%] Building CXX object third_party/abseil-cpp/absl/crc/CMakeFiles/crc32c.dir/internal/crc_non_temporal_memcpy.cc.o
[2026-10-01 06:46:17] [ 28%] Linking CXX static library libabsl_crc32c.a
[2026-10-01 06:46:17] [ 28%] Built target crc32c
[2026-10-01 06:46:17] [ 29%] Building CXX object third_party/abseil-cpp/absl/crc/CMakeFiles/crc_cord_state.dir/internal/crc_cord_state.cc.o
[2026-10-01 06:46:17] [ 29%] Linking CXX static library libabsl_crc_cord_state.a
[2026-10-01 06:46:17] [ 29%] Built target crc_cord_state
[2026-10-01 06:46:17] [ 29%] Building CXX object third_party/abseil-cpp/absl/debugging/CMakeFiles/examine_stack.dir/internal/examine_stack.cc.o
[2026-10-01 06:46:17] [ 29%] Linking CXX static library libabsl_examine_stack.a
[2026-10-01 06:46:17] [ 29%] Built target examine_stack
[2026-10-01 06:46:17] [ 29%] Building CXX object third_party/abseil-cpp/absl/debugging/CMakeFiles/leak_check.dir/leak_check.cc.o
[2026-10-01 06:46:17] [ 29%] Linking CXX static library libabsl_leak_check.a
[2026-10-01 06:46:17] [ 29%] Built target leak_check
[2026-10-01 06:46:17] [ 30%] Building CXX object third_party/abseil-cpp/absl/flags/CMakeFiles/flags_program_name.dir/internal/program_name.cc.o
[2026-10-01 06:46:17] [ 30%] Linking CXX static library libabsl_flags_program_name.a
[2026-10-01 06:46:17] [ 30%] Built target flags_program_name
[2026-10-01 06:46:17] [ 31%] Building CXX object third_party/abseil-cpp/absl/flags/CMakeFiles/flags_config.dir/usage_config.cc.o
[2026-10-01 06:46:17] [ 31%] Linking CXX static library libabsl_flags_config.a
[2026-10-01 06:46:17] [ 31%] Built target flags_config
[2026-10-01 06:46:17] [ 31%] Building CXX object third_party/abseil-cpp/absl/flags/CMakeFiles/flags_marshalling.dir/marshalling.cc.o
[2026-10-01 06:46:17] [ 32%] Linking CXX static library libabsl_flags_marshalling.a
[2026-10-01 06:46:17] [ 32%] Built target flags_marshalling
[2026-10-01 06:46:17] [ 32%] Building CXX object third_party/abseil-cpp/absl/flags/CMakeFiles/flags_commandlineflag_internal.dir/internal/commandlineflag.cc.o
[2026-10-01 06:46:17] [ 32%] Linking CXX static library libabsl_flags_commandlineflag_internal.a
[2026-10-01 06:46:17] [ 32%] Built target flags_commandlineflag_internal
[2026-10-01 06:46:17] [ 33%] Building CXX object third_party/abseil-cpp/absl/flags/CMakeFiles/flags_commandlineflag.dir/commandlineflag.cc.o
[2026-10-01 06:46:17] [ 33%] Linking CXX static library libabsl_flags_commandlineflag.a
[2026-10-01 06:46:17] [ 33%] Built target flags_commandlineflag
[2026-10-01 06:46:17] [ 33%] Building CXX object third_party/abseil-cpp/absl/flags/CMakeFiles/flags_private_handle_accessor.dir/internal/private_handle_accessor.cc.o
[2026-10-01 06:46:17] [ 33%] Linking CXX static library libabsl_flags_private_handle_accessor.a
[2026-10-01 06:46:17] [ 33%] Built target flags_private_handle_accessor
[2026-10-01 06:46:17] [ 33%] Building CXX object third_party/abseil-cpp/absl/strings/CMakeFiles/cord_internal.dir/internal/cord_internal.cc.o
[2026-10-01 06:46:17] [ 33%] Building CXX object third_party/abseil-cpp/absl/strings/CMakeFiles/cord_internal.dir/internal/cord_rep_btree.cc.o
[2026-10-01 06:46:17] [ 34%] Building CXX object third_party/abseil-cpp/absl/strings/CMakeFiles/cord_internal.dir/internal/cord_rep_btree_navigator.cc.o
[2026-10-01 06:46:17] [ 34%] Building CXX object third_party/abseil-cpp/absl/strings/CMakeFiles/cord_internal.dir/internal/cord_rep_btree_reader.cc.o
[2026-10-01 06:46:17] [ 34%] Building CXX object third_party/abseil-cpp/absl/strings/CMakeFiles/cord_internal.dir/internal/cord_rep_crc.cc.o
[2026-10-01 06:46:17] [ 34%] Building CXX object third_party/abseil-cpp/absl/strings/CMakeFiles/cord_internal.dir/internal/cord_rep_consume.cc.o
[2026-10-01 06:46:17] [ 34%] Building CXX object third_party/abseil-cpp/absl/strings/CMakeFiles/cord_internal.dir/internal/cord_rep_ring.cc.o
[2026-10-01 06:46:17] [ 35%] Linking CXX static library libabsl_cord_internal.a
[2026-10-01 06:46:17] [ 35%] Built target cord_internal
[2026-10-01 06:46:17] [ 35%] Building CXX object third_party/abseil-cpp/absl/strings/CMakeFiles/cordz_functions.dir/internal/cordz_functions.cc.o
[2026-10-01 06:46:17] [ 35%] Linking CXX static library libabsl_cordz_functions.a
[2026-10-01 06:46:17] [ 35%] Built target cordz_functions
[2026-10-01 06:46:17] [ 35%] Building CXX object third_party/abseil-cpp/absl/strings/CMakeFiles/cordz_handle.dir/internal/cordz_handle.cc.o
[2026-10-01 06:46:17] [ 35%] Linking CXX static library libabsl_cordz_handle.a
[2026-10-01 06:46:17] [ 35%] Built target cordz_handle
[2026-10-01 06:46:17] [ 36%] Building CXX object third_party/abseil-cpp/absl/strings/CMakeFiles/cordz_info.dir/internal/cordz_info.cc.o
[2026-10-01 06:46:17] [ 36%] Linking CXX static library libabsl_cordz_info.a
[2026-10-01 06:46:17] [ 36%] Built target cordz_info
[2026-10-01 06:46:17] [ 36%] Building CXX object third_party/abseil-cpp/absl/strings/CMakeFiles/cord.dir/cord.cc.o
[2026-10-01 06:46:17] [ 36%] Building CXX object third_party/abseil-cpp/absl/strings/CMakeFiles/cord.dir/cord_analysis.cc.o
[2026-10-01 06:46:17] [ 37%] Building CXX object third_party/abseil-cpp/absl/strings/CMakeFiles/cord.dir/cord_buffer.cc.o
[2026-10-01 06:46:17] [ 37%] Linking CXX static library libabsl_cord.a
[2026-10-01 06:46:17] [ 37%] Built target cord
[2026-10-01 06:46:17] [ 37%] Building CXX object third_party/abseil-cpp/absl/flags/CMakeFiles/flags_reflection.dir/reflection.cc.o
[2026-10-01 06:46:17] [ 37%] Linking CXX static library libabsl_flags_reflection.a
[2026-10-01 06:46:17] [ 37%] Built target flags_reflection
[2026-10-01 06:46:17] [ 37%] Building CXX object third_party/abseil-cpp/absl/flags/CMakeFiles/flags_internal.dir/internal/flag.cc.o
[2026-10-01 06:46:17] [ 37%] Linking CXX static library libabsl_flags_internal.a
[2026-10-01 06:46:17] [ 37%] Built target flags_internal
[2026-10-01 06:46:17] [ 37%] Building CXX object third_party/abseil-cpp/absl/flags/CMakeFiles/flags.dir/flag.cc.o
[2026-10-01 06:46:17] [ 37%] Linking CXX static library libabsl_flags.a
[2026-10-01 06:46:17] [ 37%] Built target flags
[2026-10-01 06:46:17] [ 37%] Building CXX object third_party/abseil-cpp/absl/log/CMakeFiles/log_internal_globals.dir/internal/globals.cc.o
[2026-10-01 06:46:17] [ 38%] Linking CXX static library libabsl_log_internal_globals.a
[2026-10-01 06:46:17] [ 38%] Built target log_internal_globals
[2026-10-01 06:46:17] [ 38%] Building CXX object third_party/abseil-cpp/absl/log/CMakeFiles/log_internal_format.dir/internal/log_format.cc.o
[2026-10-01 06:46:17] [ 38%] Linking CXX static library libabsl_log_internal_format.a
[2026-10-01 06:46:17] [ 38%] Built target log_internal_format
[2026-10-01 06:46:17] [ 38%] Building CXX object third_party/abseil-cpp/absl/log/CMakeFiles/log_internal_proto.dir/internal/proto.cc.o
[2026-10-01 06:46:17] [ 38%] Linking CXX static library libabsl_log_internal_proto.a
[2026-10-01 06:46:17] [ 38%] Built target log_internal_proto
[2026-10-01 06:46:17] [ 38%] Building CXX object third_party/abseil-cpp/absl/log/CMakeFiles/log_globals.dir/globals.cc.o
[2026-10-01 06:46:17] [ 38%] Linking CXX static library libabsl_log_globals.a
[2026-10-01 06:46:17] [ 38%] Built target log_globals
[2026-10-01 06:46:17] [ 38%] Building CXX object third_party/abseil-cpp/absl/log/CMakeFiles/log_entry.dir/log_entry.cc.o
[2026-10-01 06:46:17] [ 39%] Linking CXX static library libabsl_log_entry.a
[2026-10-01 06:46:17] [ 39%] Built target log_entry
[2026-10-01 06:46:17] [ 39%] Building CXX object third_party/abseil-cpp/absl/log/CMakeFiles/log_sink.dir/log_sink.cc.o
[2026-10-01 06:46:17] [ 39%] Linking CXX static library libabsl_log_sink.a
[2026-10-01 06:46:17] [ 39%] Built target log_sink
[2026-10-01 06:46:17] [ 39%] Building CXX object third_party/abseil-cpp/absl/log/CMakeFiles/log_internal_log_sink_set.dir/internal/log_sink_set.cc.o
[2026-10-01 06:46:17] [ 39%] Linking CXX static library libabsl_log_internal_log_sink_set.a
[2026-10-01 06:46:17] [ 39%] Built target log_internal_log_sink_set
[2026-10-01 06:46:17] [ 40%] Building CXX object third_party/abseil-cpp/absl/log/CMakeFiles/log_internal_nullguard.dir/internal/nullguard.cc.o
[2026-10-01 06:46:17] [ 40%] Linking CXX static library libabsl_log_internal_nullguard.a
[2026-10-01 06:46:17] [ 40%] Built target log_internal_nullguard
[2026-10-01 06:46:17] [ 40%] Building CXX object third_party/abseil-cpp/absl/log/CMakeFiles/log_internal_message.dir/internal/log_message.cc.o
[2026-10-01 06:46:17] [ 40%] Linking CXX static library libabsl_log_internal_message.a
[2026-10-01 06:46:17] [ 40%] Built target log_internal_message
[2026-10-01 06:46:17] [ 40%] Building CXX object third_party/abseil-cpp/absl/log/CMakeFiles/log_internal_check_op.dir/internal/check_op.cc.o
[2026-10-01 06:46:17] [ 40%] Linking CXX static library libabsl_log_internal_check_op.a
[2026-10-01 06:46:17] [ 40%] Built target log_internal_check_op
[2026-10-01 06:46:17] [ 41%] Building CXX object third_party/abseil-cpp/absl/log/CMakeFiles/log_internal_conditions.dir/internal/conditions.cc.o
[2026-10-01 06:46:17] [ 41%] Linking CXX static library libabsl_log_internal_conditions.a
[2026-10-01 06:46:17] [ 41%] Built target log_internal_conditions
[2026-10-01 06:46:17] [ 41%] Building CXX object third_party/abseil-cpp/absl/log/CMakeFiles/die_if_null.dir/die_if_null.cc.o
[2026-10-01 06:46:17] [ 42%] Linking CXX static library libabsl_die_if_null.a
[2026-10-01 06:46:17] [ 42%] Built target die_if_null
[2026-10-01 06:46:17] [ 43%] Building CXX object third_party/abseil-cpp/absl/log/CMakeFiles/log_initialize.dir/initialize.cc.o
[2026-10-01 06:46:17] [ 43%] Linking CXX static library libabsl_log_initialize.a
[2026-10-01 06:46:17] [ 43%] Built target log_initialize
[2026-10-01 06:46:17] [ 44%] Building CXX object third_party/abseil-cpp/absl/status/CMakeFiles/status.dir/status.cc.o
[2026-10-01 06:46:17] [ 44%] Building CXX object third_party/abseil-cpp/absl/status/CMakeFiles/status.dir/status_payload_printer.cc.o
[2026-10-01 06:46:17] [ 44%] Linking CXX static library libabsl_status.a
[2026-10-01 06:46:17] [ 44%] Built target status
[2026-10-01 06:46:17] [ 44%] Building CXX object third_party/abseil-cpp/absl/status/CMakeFiles/statusor.dir/statusor.cc.o
[2026-10-01 06:46:17] [ 44%] Linking CXX static library libabsl_statusor.a
[2026-10-01 06:46:17] [ 44%] Built target statusor
[2026-10-01 06:46:17] [ 44%] Building CXX object CMakeFiles/libprotobuf-lite.dir/src/google/protobuf/any_lite.cc.o
[2026-10-01 06:46:17] [ 44%] Building CXX object CMakeFiles/libprotobuf-lite.dir/src/google/protobuf/arena.cc.o
[2026-10-01 06:46:17] [ 45%] Building CXX object CMakeFiles/libprotobuf-lite.dir/src/google/protobuf/arena_align.cc.o
[2026-10-01 06:46:17] [ 45%] Building CXX object CMakeFiles/libprotobuf-lite.dir/src/google/protobuf/arenastring.cc.o
[2026-10-01 06:46:17] [ 45%] Building CXX object CMakeFiles/libprotobuf-lite.dir/src/google/protobuf/arenaz_sampler.cc.o
[2026-10-01 06:46:17] [ 45%] Building CXX object CMakeFiles/libprotobuf-lite.dir/src/google/protobuf/extension_set.cc.o
[2026-10-01 06:46:17] [ 46%] Building CXX object CMakeFiles/libprotobuf-lite.dir/src/google/protobuf/generated_enum_util.cc.o
[2026-10-01 06:46:17] [ 46%] Building CXX object CMakeFiles/libprotobuf-lite.dir/src/google/protobuf/generated_message_tctable_lite.cc.o
[2026-10-01 06:46:17] In file included from /mnt/workspace/hc-pre-reduction-20260930/batch-comb-source-candidate/csrc/third_party/ascend_protobuf/src/google/protobuf/generated_message_tctable_decl.h:22,
[2026-10-01 06:46:17]                  from /mnt/workspace/hc-pre-reduction-20260930/batch-comb-source-candidate/csrc/third_party/ascend_protobuf/src/google/protobuf/generated_message_tctable_lite.cc:22:
[2026-10-01 06:46:17] /mnt/workspace/hc-pre-reduction-20260930/batch-comb-source-candidate/csrc/third_party/ascend_protobuf/src/google/protobuf/parse_context.h:1125:1: warning: always_inline function might not be inlinable [-Wattributes]
[2026-10-01 06:46:17]  1125 | ParseContext::ParseLengthDelimitedInlined(const char* ptr, const Func& func) {
[2026-10-01 06:46:17]       | ^~~~~~~~~~~~
[2026-10-01 06:46:17] /mnt/workspace/hc-pre-reduction-20260930/batch-comb-source-candidate/csrc/third_party/ascend_protobuf/src/google/protobuf/parse_context.h:1125:1: warning: always_inline function might not be inlinable [-Wattributes]
[2026-10-01 06:46:17] /mnt/workspace/hc-pre-reduction-20260930/batch-comb-source-candidate/csrc/third_party/ascend_protobuf/src/google/protobuf/generated_message_tctable_lite.cc:830:36: warning: always_inline function might not be inlinable [-Wattributes]
[2026-10-01 06:46:17]   830 | PROTOBUF_ALWAYS_INLINE const char* TcParser::FastVarintS1(
[2026-10-01 06:46:17]       |                                    ^~~~~~~~
[2026-10-01 06:46:17] /mnt/workspace/hc-pre-reduction-20260930/batch-comb-source-candidate/csrc/third_party/ascend_protobuf/src/google/protobuf/generated_message_tctable_lite.cc:830:36: warning: always_inline function might not be inlinable [-Wattributes]
[2026-10-01 06:46:17] /mnt/workspace/hc-pre-reduction-20260930/batch-comb-source-candidate/csrc/third_party/ascend_protobuf/src/google/protobuf/generated_message_tctable_lite.cc:753:29: warning: always_inline function might not be inlinable [-Wattributes]
[2026-10-01 06:46:17]   753 | PROTOBUF_ALWAYS_INLINE bool EnumIsValidAux(int32_t val, uint16_t xform_val,
[2026-10-01 06:46:17]       |                             ^~~~~~~~~~~~~~
[2026-10-01 06:46:17] /mnt/workspace/hc-pre-reduction-20260930/batch-comb-source-candidate/csrc/third_party/ascend_protobuf/src/google/protobuf/generated_message_tctable_lite.cc:741:29: warning: always_inline function might not be inlinable [-Wattributes]
[2026-10-01 06:46:17]   741 | PROTOBUF_ALWAYS_INLINE void PrefetchEnumData(uint16_t xform_val,
[2026-10-01 06:46:17]       |                             ^~~~~~~~~~~~~~~~
[2026-10-01 06:46:17] [ 46%] Building CXX object CMakeFiles/libprotobuf-lite.dir/src/google/protobuf/generated_message_util.cc.o
[2026-10-01 06:46:17] [ 46%] Building CXX object CMakeFiles/libprotobuf-lite.dir/src/google/protobuf/implicit_weak_message.cc.o
[2026-10-01 06:46:17] [ 46%] Building CXX object CMakeFiles/libprotobuf-lite.dir/src/google/protobuf/inlined_string_field.cc.o
[2026-10-01 06:46:17] [ 47%] Building CXX object CMakeFiles/libprotobuf-lite.dir/src/google/protobuf/io/coded_stream.cc.o
[2026-10-01 06:46:17] [ 47%] Building CXX object CMakeFiles/libprotobuf-lite.dir/src/google/protobuf/io/io_win32.cc.o
[2026-10-01 06:46:17] [ 47%] Building CXX object CMakeFiles/libprotobuf-lite.dir/src/google/protobuf/io/zero_copy_stream.cc.o
[2026-10-01 06:46:17] [ 47%] Building CXX object CMakeFiles/libprotobuf-lite.dir/src/google/protobuf/io/zero_copy_stream_impl.cc.o
[2026-10-01 06:46:17] [ 48%] Building CXX object CMakeFiles/libprotobuf-lite.dir/src/google/protobuf/io/zero_copy_stream_impl_lite.cc.o
[2026-10-01 06:46:17] [ 48%] Building CXX object CMakeFiles/libprotobuf-lite.dir/src/google/protobuf/map.cc.o
[2026-10-01 06:46:17] [ 48%] Building CXX object CMakeFiles/libprotobuf-lite.dir/src/google/protobuf/message_lite.cc.o
[2026-10-01 06:46:17] /mnt/workspace/hc-pre-reduction-20260930/batch-comb-source-candidate/csrc/third_party/ascend_protobuf/src/google/protobuf/message_lite.cc: In member function ‘int ascend_private::protobuf::MessageLite::GetCachedSize() const’:
[2026-10-01 06:46:17] /mnt/workspace/hc-pre-reduction-20260930/batch-comb-source-candidate/csrc/third_party/ascend_protobuf/src/google/protobuf/message_lite.cc:69:71: warning: ‘int ascend_private::protobuf::MessageLite::ByteSize() const’ is deprecated: Please use ByteSizeLong() instead [-Wdeprecated-declarations]
[2026-10-01 06:46:17]    69 |   if (PROTOBUF_PREDICT_FALSE(cached_size == nullptr)) return ByteSize();
[2026-10-01 06:46:17]       |                                                                       ^
[2026-10-01 06:46:17] In file included from /mnt/workspace/hc-pre-reduction-20260930/batch-comb-source-candidate/csrc/third_party/ascend_protobuf/src/google/protobuf/message_lite.cc:13:
[2026-10-01 06:46:17] /mnt/workspace/hc-pre-reduction-20260930/batch-comb-source-candidate/csrc/third_party/ascend_protobuf/src/google/protobuf/message_lite.h:454:59: note: declared here
[2026-10-01 06:46:17]   454 |   [[deprecated("Please use ByteSizeLong() instead")]] int ByteSize() const {
[2026-10-01 06:46:17]       |                                                           ^~~~~~~~
[2026-10-01 06:46:17] [ 48%] Building CXX object CMakeFiles/libprotobuf-lite.dir/src/google/protobuf/parse_context.cc.o
[2026-10-01 06:46:17] [ 48%] Building CXX object CMakeFiles/libprotobuf-lite.dir/src/google/protobuf/port.cc.o
[2026-10-01 06:46:17] [ 49%] Building CXX object CMakeFiles/libprotobuf-lite.dir/src/google/protobuf/raw_ptr.cc.o
[2026-10-01 06:46:17] [ 49%] Building CXX object CMakeFiles/libprotobuf-lite.dir/src/google/protobuf/repeated_field.cc.o
[2026-10-01 06:46:17] [ 49%] Building CXX object CMakeFiles/libprotobuf-lite.dir/src/google/protobuf/repeated_ptr_field.cc.o
[2026-10-01 06:46:17] [ 49%] Building CXX object CMakeFiles/libprotobuf-lite.dir/src/google/protobuf/stubs/common.cc.o
[2026-10-01 06:46:17] [ 50%] Building CXX object CMakeFiles/libprotobuf-lite.dir/src/google/protobuf/wire_format_lite.cc.o
[2026-10-01 06:46:17] [ 50%] Linking CXX static library libascend_protobuf-lite.a
[2026-10-01 06:46:17] [ 50%] Built target libprotobuf-lite
[2026-10-01 06:46:17] [ 50%] Building CXX object CMakeFiles/libprotobuf.dir/src/google/protobuf/any.pb.cc.o
[2026-10-01 06:46:17] [ 51%] Building CXX object CMakeFiles/libprotobuf.dir/src/google/protobuf/api.pb.cc.o
[2026-10-01 06:46:17] [ 51%] Building CXX object CMakeFiles/libprotobuf.dir/src/google/protobuf/duration.pb.cc.o
[2026-10-01 06:46:17] [ 51%] Building CXX object CMakeFiles/libprotobuf.dir/src/google/protobuf/empty.pb.cc.o
[2026-10-01 06:46:17] [ 51%] Building CXX object CMakeFiles/libprotobuf.dir/src/google/protobuf/field_mask.pb.cc.o
[2026-10-01 06:46:17] [ 51%] Building CXX object CMakeFiles/libprotobuf.dir/src/google/protobuf/source_context.pb.cc.o
[2026-10-01 06:46:17] [ 52%] Building CXX object CMakeFiles/libprotobuf.dir/src/google/protobuf/struct.pb.cc.o
[2026-10-01 06:46:17] [ 52%] Building CXX object CMakeFiles/libprotobuf.dir/src/google/protobuf/timestamp.pb.cc.o
[2026-10-01 06:46:17] [ 52%] Building CXX object CMakeFiles/libprotobuf.dir/src/google/protobuf/type.pb.cc.o
[2026-10-01 06:46:17] [ 52%] Building CXX object CMakeFiles/libprotobuf.dir/src/google/protobuf/wrappers.pb.cc.o
[2026-10-01 06:46:17] [ 52%] Building CXX object CMakeFiles/libprotobuf.dir/src/google/protobuf/any.cc.o
[2026-10-01 06:46:17] [ 53%] Building CXX object CMakeFiles/libprotobuf.dir/src/google/protobuf/any_lite.cc.o
[2026-10-01 06:46:17] [ 53%] Building CXX object CMakeFiles/libprotobuf.dir/src/google/protobuf/arena.cc.o
[2026-10-01 06:46:17] [ 53%] Building CXX object CMakeFiles/libprotobuf.dir/src/google/protobuf/arena_align.cc.o
[2026-10-01 06:46:17] [ 53%] Building CXX object CMakeFiles/libprotobuf.dir/src/google/protobuf/arenastring.cc.o
[2026-10-01 06:46:17] [ 54%] Building CXX object CMakeFiles/libprotobuf.dir/src/google/protobuf/arenaz_sampler.cc.o
[2026-10-01 06:46:17] [ 54%] Building CXX object CMakeFiles/libprotobuf.dir/src/google/protobuf/compiler/importer.cc.o
[2026-10-01 06:46:17] [ 54%] Building CXX object CMakeFiles/libprotobuf.dir/src/google/protobuf/compiler/parser.cc.o
[2026-10-01 06:46:17] [ 54%] Building CXX object CMakeFiles/libprotobuf.dir/src/google/protobuf/cpp_features.pb.cc.o
[2026-10-01 06:46:17] [ 54%] Building CXX object CMakeFiles/libprotobuf.dir/src/google/protobuf/descriptor.cc.o
[2026-10-01 06:46:17] [ 55%] Building CXX object CMakeFiles/libprotobuf.dir/src/google/protobuf/descriptor.pb.cc.o
[2026-10-01 06:46:17] [ 55%] Building CXX object CMakeFiles/libprotobuf.dir/src/google/protobuf/descriptor_database.cc.o
[2026-10-01 06:46:17] [ 55%] Building CXX object CMakeFiles/libprotobuf.dir/src/google/protobuf/dynamic_message.cc.o
[2026-10-01 06:46:17] [ 55%] Building CXX object CMakeFiles/libprotobuf.dir/src/google/protobuf/extension_set.cc.o
[2026-10-01 06:46:17] [ 56%] Building CXX object CMakeFiles/libprotobuf.dir/src/google/protobuf/extension_set_heavy.cc.o
[2026-10-01 06:46:17] [ 56%] Building CXX object CMakeFiles/libprotobuf.dir/src/google/protobuf/feature_resolver.cc.o
[2026-10-01 06:46:17] [ 56%] Building CXX object CMakeFiles/libprotobuf.dir/src/google/protobuf/generated_enum_util.cc.o
[2026-10-01 06:46:17] [ 56%] Building CXX object CMakeFiles/libprotobuf.dir/src/google/protobuf/generated_message_bases.cc.o
[2026-10-01 06:46:17] [ 56%] Building CXX object CMakeFiles/libprotobuf.dir/src/google/protobuf/generated_message_reflection.cc.o
[2026-10-01 06:46:17] [ 57%] Building CXX object CMakeFiles/libprotobuf.dir/src/google/protobuf/generated_message_tctable_full.cc.o
[2026-10-01 06:46:17] [ 57%] Building CXX object CMakeFiles/libprotobuf.dir/src/google/protobuf/generated_message_tctable_gen.cc.o
[2026-10-01 06:46:17] [ 57%] Building CXX object CMakeFiles/libprotobuf.dir/src/google/protobuf/generated_message_tctable_lite.cc.o
[2026-10-01 06:46:17] In file included from /mnt/workspace/hc-pre-reduction-20260930/batch-comb-source-candidate/csrc/third_party/ascend_protobuf/src/google/protobuf/generated_message_tctable_decl.h:22,
[2026-10-01 06:46:17]                  from /mnt/workspace/hc-pre-reduction-20260930/batch-comb-source-candidate/csrc/third_party/ascend_protobuf/src/google/protobuf/generated_message_tctable_lite.cc:22:
[2026-10-01 06:46:17] /mnt/workspace/hc-pre-reduction-20260930/batch-comb-source-candidate/csrc/third_party/ascend_protobuf/src/google/protobuf/parse_context.h:1125:1: warning: always_inline function might not be inlinable [-Wattributes]
[2026-10-01 06:46:17]  1125 | ParseContext::ParseLengthDelimitedInlined(const char* ptr, const Func& func) {
[2026-10-01 06:46:17]       | ^~~~~~~~~~~~
[2026-10-01 06:46:17] /mnt/workspace/hc-pre-reduction-20260930/batch-comb-source-candidate/csrc/third_party/ascend_protobuf/src/google/protobuf/parse_context.h:1125:1: warning: always_inline function might not be inlinable [-Wattributes]
[2026-10-01 06:46:17] /mnt/workspace/hc-pre-reduction-20260930/batch-comb-source-candidate/csrc/third_party/ascend_protobuf/src/google/protobuf/generated_message_tctable_lite.cc:830:36: warning: always_inline function might not be inlinable [-Wattributes]
[2026-10-01 06:46:17]   830 | PROTOBUF_ALWAYS_INLINE const char* TcParser::FastVarintS1(
[2026-10-01 06:46:17]       |                                    ^~~~~~~~
[2026-10-01 06:46:17] /mnt/workspace/hc-pre-reduction-20260930/batch-comb-source-candidate/csrc/third_party/ascend_protobuf/src/google/protobuf/generated_message_tctable_lite.cc:830:36: warning: always_inline function might not be inlinable [-Wattributes]
[2026-10-01 06:46:17] /mnt/workspace/hc-pre-reduction-20260930/batch-comb-source-candidate/csrc/third_party/ascend_protobuf/src/google/protobuf/generated_message_tctable_lite.cc:753:29: warning: always_inline function might not be inlinable [-Wattributes]
[2026-10-01 06:46:17]   753 | PROTOBUF_ALWAYS_INLINE bool EnumIsValidAux(int32_t val, uint16_t xform_val,
[2026-10-01 06:46:17]       |                             ^~~~~~~~~~~~~~
[2026-10-01 06:46:17] /mnt/workspace/hc-pre-reduction-20260930/batch-comb-source-candidate/csrc/third_party/ascend_protobuf/src/google/protobuf/generated_message_tctable_lite.cc:741:29: warning: always_inline function might not be inlinable [-Wattributes]
[2026-10-01 06:46:17]   741 | PROTOBUF_ALWAYS_INLINE void PrefetchEnumData(uint16_t xform_val,
[2026-10-01 06:46:17]       |                             ^~~~~~~~~~~~~~~~
[2026-10-01 06:46:17] [ 57%] Building CXX object CMakeFiles/libprotobuf.dir/src/google/protobuf/generated_message_util.cc.o
[2026-10-01 06:46:17] [ 57%] Building CXX object CMakeFiles/libprotobuf.dir/src/google/protobuf/implicit_weak_message.cc.o
[2026-10-01 06:46:17] [ 58%] Building CXX object CMakeFiles/libprotobuf.dir/src/google/protobuf/inlined_string_field.cc.o
[2026-10-01 06:46:17] [ 58%] Building CXX object CMakeFiles/libprotobuf.dir/src/google/protobuf/internal_message_util.cc.o
[2026-10-01 06:46:17] [ 58%] Building CXX object CMakeFiles/libprotobuf.dir/src/google/protobuf/io/coded_stream.cc.o
[2026-10-01 06:46:17] [ 58%] Building CXX object CMakeFiles/libprotobuf.dir/src/google/protobuf/io/gzip_stream.cc.o
[2026-10-01 06:46:17] [ 59%] Building CXX object CMakeFiles/libprotobuf.dir/src/google/protobuf/io/io_win32.cc.o
[2026-10-01 06:46:17] [ 59%] Building CXX object CMakeFiles/libprotobuf.dir/src/google/protobuf/io/printer.cc.o
[2026-10-01 06:46:17] [ 59%] Building CXX object CMakeFiles/libprotobuf.dir/src/google/protobuf/io/strtod.cc.o
[2026-10-01 06:46:17] [ 59%] Building CXX object CMakeFiles/libprotobuf.dir/src/google/protobuf/io/tokenizer.cc.o
[2026-10-01 06:46:17] [ 59%] Building CXX object CMakeFiles/libprotobuf.dir/src/google/protobuf/io/zero_copy_sink.cc.o
[2026-10-01 06:46:17] [ 60%] Building CXX object CMakeFiles/libprotobuf.dir/src/google/protobuf/io/zero_copy_stream.cc.o
[2026-10-01 06:46:17] [ 60%] Building CXX object CMakeFiles/libprotobuf.dir/src/google/protobuf/io/zero_copy_stream_impl.cc.o
[2026-10-01 06:46:17] [ 60%] Building CXX object CMakeFiles/libprotobuf.dir/src/google/protobuf/io/zero_copy_stream_impl_lite.cc.o
[2026-10-01 06:46:17] [ 60%] Building CXX object CMakeFiles/libprotobuf.dir/src/google/protobuf/json/internal/lexer.cc.o
[2026-10-01 06:46:17] [ 61%] Building CXX object CMakeFiles/libprotobuf.dir/src/google/protobuf/json/internal/message_path.cc.o
[2026-10-01 06:46:17] [ 61%] Building CXX object CMakeFiles/libprotobuf.dir/src/google/protobuf/json/internal/parser.cc.o
[2026-10-01 06:46:17] [ 61%] Building CXX object CMakeFiles/libprotobuf.dir/src/google/protobuf/json/internal/unparser.cc.o
[2026-10-01 06:46:17] [ 61%] Building CXX object CMakeFiles/libprotobuf.dir/src/google/protobuf/json/internal/untyped_message.cc.o
[2026-10-01 06:46:17] [ 61%] Building CXX object CMakeFiles/libprotobuf.dir/src/google/protobuf/json/internal/writer.cc.o
[2026-10-01 06:46:17] [ 62%] Building CXX object CMakeFiles/libprotobuf.dir/src/google/protobuf/json/internal/zero_copy_buffered_stream.cc.o
[2026-10-01 06:46:17] [ 62%] Building CXX object CMakeFiles/libprotobuf.dir/src/google/protobuf/json/json.cc.o
[2026-10-01 06:46:17] [ 62%] Building CXX object CMakeFiles/libprotobuf.dir/src/google/protobuf/map.cc.o
[2026-10-01 06:46:17] [ 62%] Building CXX object CMakeFiles/libprotobuf.dir/src/google/protobuf/map_field.cc.o
[2026-10-01 06:46:17] [ 62%] Building CXX object CMakeFiles/libprotobuf.dir/src/google/protobuf/message.cc.o
[2026-10-01 06:46:17] [ 63%] Building CXX object CMakeFiles/libprotobuf.dir/src/google/protobuf/message_lite.cc.o
[2026-10-01 06:46:17] /mnt/workspace/hc-pre-reduction-20260930/batch-comb-source-candidate/csrc/third_party/ascend_protobuf/src/google/protobuf/message_lite.cc: In member function ‘int ascend_private::protobuf::MessageLite::GetCachedSize() const’:
[2026-10-01 06:46:17] /mnt/workspace/hc-pre-reduction-20260930/batch-comb-source-candidate/csrc/third_party/ascend_protobuf/src/google/protobuf/message_lite.cc:69:71: warning: ‘int ascend_private::protobuf::MessageLite::ByteSize() const’ is deprecated: Please use ByteSizeLong() instead [-Wdeprecated-declarations]
[2026-10-01 06:46:17]    69 |   if (PROTOBUF_PREDICT_FALSE(cached_size == nullptr)) return ByteSize();
[2026-10-01 06:46:17]       |                                                                       ^
[2026-10-01 06:46:17] In file included from /mnt/workspace/hc-pre-reduction-20260930/batch-comb-source-candidate/csrc/third_party/ascend_protobuf/src/google/protobuf/message_lite.cc:13:
[2026-10-01 06:46:17] /mnt/workspace/hc-pre-reduction-20260930/batch-comb-source-candidate/csrc/third_party/ascend_protobuf/src/google/protobuf/message_lite.h:454:59: note: declared here
[2026-10-01 06:46:17]   454 |   [[deprecated("Please use ByteSizeLong() instead")]] int ByteSize() const {
[2026-10-01 06:46:17]       |                                                           ^~~~~~~~
[2026-10-01 06:46:17] [ 63%] Building CXX object CMakeFiles/libprotobuf.dir/src/google/protobuf/parse_context.cc.o
[2026-10-01 06:46:17] [ 63%] Building CXX object CMakeFiles/libprotobuf.dir/src/google/protobuf/port.cc.o
[2026-10-01 06:46:17] [ 63%] Building CXX object CMakeFiles/libprotobuf.dir/src/google/protobuf/raw_ptr.cc.o
[2026-10-01 06:46:17] [ 64%] Building CXX object CMakeFiles/libprotobuf.dir/src/google/protobuf/reflection_mode.cc.o
[2026-10-01 06:46:17] [ 64%] Building CXX object CMakeFiles/libprotobuf.dir/src/google/protobuf/reflection_ops.cc.o
[2026-10-01 06:46:17] [ 64%] Building CXX object CMakeFiles/libprotobuf.dir/src/google/protobuf/repeated_field.cc.o
[2026-10-01 06:46:17] [ 64%] Building CXX object CMakeFiles/libprotobuf.dir/src/google/protobuf/repeated_ptr_field.cc.o
[2026-10-01 06:46:17] [ 64%] Building CXX object CMakeFiles/libprotobuf.dir/src/google/protobuf/service.cc.o
[2026-10-01 06:46:17] [ 65%] Building CXX object CMakeFiles/libprotobuf.dir/src/google/protobuf/stubs/common.cc.o
[2026-10-01 06:46:17] [ 65%] Building CXX object CMakeFiles/libprotobuf.dir/src/google/protobuf/text_format.cc.o
[2026-10-01 06:46:17] [ 65%] Building CXX object CMakeFiles/libprotobuf.dir/src/google/protobuf/unknown_field_set.cc.o
[2026-10-01 06:46:17] [ 65%] Building CXX object CMakeFiles/libprotobuf.dir/src/google/protobuf/util/delimited_message_util.cc.o
[2026-10-01 06:46:17] [ 66%] Building CXX object CMakeFiles/libprotobuf.dir/src/google/protobuf/util/field_comparator.cc.o
[2026-10-01 06:46:17] [ 66%] Building CXX object CMakeFiles/libprotobuf.dir/src/google/protobuf/util/field_mask_util.cc.o
[2026-10-01 06:46:17] [ 66%] Building CXX object CMakeFiles/libprotobuf.dir/src/google/protobuf/util/message_differencer.cc.o
[2026-10-01 06:46:17] [ 66%] Building CXX object CMakeFiles/libprotobuf.dir/src/google/protobuf/util/time_util.cc.o
[2026-10-01 06:46:17] [ 66%] Building CXX object CMakeFiles/libprotobuf.dir/src/google/protobuf/util/type_resolver_util.cc.o
[2026-10-01 06:46:17] [ 67%] Building CXX object CMakeFiles/libprotobuf.dir/src/google/protobuf/wire_format.cc.o
[2026-10-01 06:46:17] [ 67%] Building CXX object CMakeFiles/libprotobuf.dir/src/google/protobuf/wire_format_lite.cc.o
[2026-10-01 06:46:17] [ 67%] Linking CXX static library libascend_protobuf.a
[2026-10-01 06:46:17] [ 67%] Built target libprotobuf
[2026-10-01 06:46:17] [ 67%] Building CXX object CMakeFiles/libprotoc.dir/src/google/protobuf/compiler/allowlists/editions.cc.o
[2026-10-01 06:46:17] [ 67%] Building CXX object CMakeFiles/libprotoc.dir/src/google/protobuf/compiler/allowlists/empty_package.cc.o
[2026-10-01 06:46:17] [ 67%] Building CXX object CMakeFiles/libprotoc.dir/src/google/protobuf/compiler/allowlists/open_enum.cc.o
[2026-10-01 06:46:17] [ 68%] Building CXX object CMakeFiles/libprotoc.dir/src/google/protobuf/compiler/allowlists/unused_imports.cc.o
[2026-10-01 06:46:17] [ 68%] Building CXX object CMakeFiles/libprotoc.dir/src/google/protobuf/compiler/allowlists/weak_imports.cc.o
[2026-10-01 06:46:17] [ 68%] Building CXX object CMakeFiles/libprotoc.dir/src/google/protobuf/compiler/code_generator.cc.o
[2026-10-01 06:46:17] [ 68%] Building CXX object CMakeFiles/libprotoc.dir/src/google/protobuf/compiler/command_line_interface.cc.o
[2026-10-01 06:46:17] [ 68%] Building CXX object CMakeFiles/libprotoc.dir/src/google/protobuf/compiler/cpp/enum.cc.o
[2026-10-01 06:46:17] [ 69%] Building CXX object CMakeFiles/libprotoc.dir/src/google/protobuf/compiler/cpp/extension.cc.o
[2026-10-01 06:46:17] [ 69%] Building CXX object CMakeFiles/libprotoc.dir/src/google/protobuf/compiler/cpp/field.cc.o
[2026-10-01 06:46:17] [ 69%] Building CXX object CMakeFiles/libprotoc.dir/src/google/protobuf/compiler/cpp/field_generators/cord_field.cc.o
[2026-10-01 06:46:17] [ 69%] Building CXX object CMakeFiles/libprotoc.dir/src/google/protobuf/compiler/cpp/field_generators/enum_field.cc.o
[2026-10-01 06:46:17] [ 70%] Building CXX object CMakeFiles/libprotoc.dir/src/google/protobuf/compiler/cpp/field_generators/map_field.cc.o
[2026-10-01 06:46:17] [ 70%] Building CXX object CMakeFiles/libprotoc.dir/src/google/protobuf/compiler/cpp/field_generators/message_field.cc.o
[2026-10-01 06:46:17] [ 70%] Building CXX object CMakeFiles/libprotoc.dir/src/google/protobuf/compiler/cpp/field_generators/primitive_field.cc.o
[2026-10-01 06:46:17] [ 70%] Building CXX object CMakeFiles/libprotoc.dir/src/google/protobuf/compiler/cpp/field_generators/string_field.cc.o
[2026-10-01 06:46:17] [ 70%] Building CXX object CMakeFiles/libprotoc.dir/src/google/protobuf/compiler/cpp/file.cc.o
[2026-10-01 06:46:17] [ 71%] Building CXX object CMakeFiles/libprotoc.dir/src/google/protobuf/compiler/cpp/generator.cc.o
[2026-10-01 06:46:17] [ 71%] Building CXX object CMakeFiles/libprotoc.dir/src/google/protobuf/compiler/cpp/helpers.cc.o
[2026-10-01 06:46:17] [ 71%] Building CXX object CMakeFiles/libprotoc.dir/src/google/protobuf/compiler/cpp/message.cc.o
[2026-10-01 06:46:17] [ 71%] Building CXX object CMakeFiles/libprotoc.dir/src/google/protobuf/compiler/cpp/padding_optimizer.cc.o
[2026-10-01 06:46:17] [ 72%] Building CXX object CMakeFiles/libprotoc.dir/src/google/protobuf/compiler/cpp/parse_function_generator.cc.o
[2026-10-01 06:46:17] [ 72%] Building CXX object CMakeFiles/libprotoc.dir/src/google/protobuf/compiler/cpp/service.cc.o
[2026-10-01 06:46:17] [ 72%] Building CXX object CMakeFiles/libprotoc.dir/src/google/protobuf/compiler/cpp/tracker.cc.o
[2026-10-01 06:46:17] [ 72%] Building CXX object CMakeFiles/libprotoc.dir/src/google/protobuf/compiler/csharp/csharp_doc_comment.cc.o
[2026-10-01 06:46:17] [ 72%] Building CXX object CMakeFiles/libprotoc.dir/src/google/protobuf/compiler/csharp/csharp_enum.cc.o
[2026-10-01 06:46:17] [ 73%] Building CXX object CMakeFiles/libprotoc.dir/src/google/protobuf/compiler/csharp/csharp_enum_field.cc.o
[2026-10-01 06:46:17] [ 73%] Building CXX object CMakeFiles/libprotoc.dir/src/google/protobuf/compiler/csharp/csharp_field_base.cc.o
[2026-10-01 06:46:17] [ 73%] Building CXX object CMakeFiles/libprotoc.dir/src/google/protobuf/compiler/csharp/csharp_generator.cc.o
[2026-10-01 06:46:17] [ 73%] Building CXX object CMakeFiles/libprotoc.dir/src/google/protobuf/compiler/csharp/csharp_helpers.cc.o
[2026-10-01 06:46:17] [ 73%] Building CXX object CMakeFiles/libprotoc.dir/src/google/protobuf/compiler/csharp/csharp_map_field.cc.o
[2026-10-01 06:46:17] [ 74%] Building CXX object CMakeFiles/libprotoc.dir/src/google/protobuf/compiler/csharp/csharp_message.cc.o
[2026-10-01 06:46:17] [ 74%] Building CXX object CMakeFiles/libprotoc.dir/src/google/protobuf/compiler/csharp/csharp_message_field.cc.o
[2026-10-01 06:46:17] [ 74%] Building CXX object CMakeFiles/libprotoc.dir/src/google/protobuf/compiler/csharp/csharp_primitive_field.cc.o
[2026-10-01 06:46:17] [ 74%] Building CXX object CMakeFiles/libprotoc.dir/src/google/protobuf/compiler/csharp/csharp_reflection_class.cc.o
[2026-10-01 06:46:17] [ 75%] Building CXX object CMakeFiles/libprotoc.dir/src/google/protobuf/compiler/csharp/csharp_repeated_enum_field.cc.o
[2026-10-01 06:46:17] [ 75%] Building CXX object CMakeFiles/libprotoc.dir/src/google/protobuf/compiler/csharp/csharp_repeated_message_field.cc.o
[2026-10-01 06:46:17] [ 75%] Building CXX object CMakeFiles/libprotoc.dir/src/google/protobuf/compiler/csharp/csharp_repeated_primitive_field.cc.o
[2026-10-01 06:46:17] [ 75%] Building CXX object CMakeFiles/libprotoc.dir/src/google/protobuf/compiler/csharp/csharp_source_generator_base.cc.o
[2026-10-01 06:46:17] [ 75%] Building CXX object CMakeFiles/libprotoc.dir/src/google/protobuf/compiler/csharp/csharp_wrapper_field.cc.o
[2026-10-01 06:46:17] [ 76%] Building CXX object CMakeFiles/libprotoc.dir/src/google/protobuf/compiler/csharp/names.cc.o
[2026-10-01 06:46:17] [ 76%] Building CXX object CMakeFiles/libprotoc.dir/src/google/protobuf/compiler/java/context.cc.o
[2026-10-01 06:46:17] [ 76%] Building CXX object CMakeFiles/libprotoc.dir/src/google/protobuf/compiler/java/doc_comment.cc.o
[2026-10-01 06:46:17] [ 76%] Building CXX object CMakeFiles/libprotoc.dir/src/google/protobuf/compiler/java/enum.cc.o
[2026-10-01 06:46:17] [ 77%] Building CXX object CMakeFiles/libprotoc.dir/src/google/protobuf/compiler/java/enum_field.cc.o
[2026-10-01 06:46:17] [ 77%] Building CXX object CMakeFiles/libprotoc.dir/src/google/protobuf/compiler/java/enum_field_lite.cc.o
[2026-10-01 06:46:17] [ 77%] Building CXX object CMakeFiles/libprotoc.dir/src/google/protobuf/compiler/java/enum_lite.cc.o
[2026-10-01 06:46:17] [ 77%] Building CXX object CMakeFiles/libprotoc.dir/src/google/protobuf/compiler/java/extension.cc.o
[2026-10-01 06:46:17] [ 77%] Building CXX object CMakeFiles/libprotoc.dir/src/google/protobuf/compiler/java/extension_lite.cc.o
[2026-10-01 06:46:17] [ 78%] Building CXX object CMakeFiles/libprotoc.dir/src/google/protobuf/compiler/java/field.cc.o
[2026-10-01 06:46:17] [ 78%] Building CXX object CMakeFiles/libprotoc.dir/src/google/protobuf/compiler/java/file.cc.o
[2026-10-01 06:46:17] [ 78%] Building CXX object CMakeFiles/libprotoc.dir/src/google/protobuf/compiler/java/generator.cc.o
[2026-10-01 06:46:17] [ 78%] Building CXX object CMakeFiles/libprotoc.dir/src/google/protobuf/compiler/java/generator_factory.cc.o
[2026-10-01 06:46:17] [ 78%] Building CXX object CMakeFiles/libprotoc.dir/src/google/protobuf/compiler/java/helpers.cc.o
[2026-10-01 06:46:17] [ 79%] Building CXX object CMakeFiles/libprotoc.dir/src/google/protobuf/compiler/java/java_features.pb.cc.o
[2026-10-01 06:46:17] [ 79%] Building CXX object CMakeFiles/libprotoc.dir/src/google/protobuf/compiler/java/kotlin_generator.cc.o
[2026-10-01 06:46:17] [ 79%] Building CXX object CMakeFiles/libprotoc.dir/src/google/protobuf/compiler/java/map_field.cc.o
[2026-10-01 06:46:17] [ 79%] Building CXX object CMakeFiles/libprotoc.dir/src/google/protobuf/compiler/java/map_field_lite.cc.o
[2026-10-01 06:46:17] [ 80%] Building CXX object CMakeFiles/libprotoc.dir/src/google/protobuf/compiler/java/message.cc.o
[2026-10-01 06:46:17] [ 80%] Building CXX object CMakeFiles/libprotoc.dir/src/google/protobuf/compiler/java/message_builder.cc.o
[2026-10-01 06:46:17] [ 80%] Building CXX object CMakeFiles/libprotoc.dir/src/google/protobuf/compiler/java/message_builder_lite.cc.o
[2026-10-01 06:46:17] [ 80%] Building CXX object CMakeFiles/libprotoc.dir/src/google/protobuf/compiler/java/message_field.cc.o
[2026-10-01 06:46:17] [ 80%] Building CXX object CMakeFiles/libprotoc.dir/src/google/protobuf/compiler/java/message_field_lite.cc.o
[2026-10-01 06:46:17] [ 81%] Building CXX object CMakeFiles/libprotoc.dir/src/google/protobuf/compiler/java/message_lite.cc.o
[2026-10-01 06:46:17] [ 81%] Building CXX object CMakeFiles/libprotoc.dir/src/google/protobuf/compiler/java/message_serialization.cc.o
[2026-10-01 06:46:17] [ 81%] Building CXX object CMakeFiles/libprotoc.dir/src/google/protobuf/compiler/java/name_resolver.cc.o
[2026-10-01 06:46:17] [ 81%] Building CXX object CMakeFiles/libprotoc.dir/src/google/protobuf/compiler/java/names.cc.o
[2026-10-01 06:46:17] [ 82%] Building CXX object CMakeFiles/libprotoc.dir/src/google/protobuf/compiler/java/primitive_field.cc.o
[2026-10-01 06:46:17] [ 82%] Building CXX object CMakeFiles/libprotoc.dir/src/google/protobuf/compiler/java/primitive_field_lite.cc.o
[2026-10-01 06:46:17] [ 82%] Building CXX object CMakeFiles/libprotoc.dir/src/google/protobuf/compiler/java/service.cc.o
[2026-10-01 06:46:17] [ 82%] Building CXX object CMakeFiles/libprotoc.dir/src/google/protobuf/compiler/java/shared_code_generator.cc.o
[2026-10-01 06:46:17] [ 82%] Building CXX object CMakeFiles/libprotoc.dir/src/google/protobuf/compiler/java/string_field.cc.o
[2026-10-01 06:46:17] [ 83%] Building CXX object CMakeFiles/libprotoc.dir/src/google/protobuf/compiler/java/string_field_lite.cc.o
[2026-10-01 06:46:17] [ 83%] Building CXX object CMakeFiles/libprotoc.dir/src/google/protobuf/compiler/objectivec/enum.cc.o
[2026-10-01 06:46:17] [ 83%] Building CXX object CMakeFiles/libprotoc.dir/src/google/protobuf/compiler/objectivec/enum_field.cc.o
[2026-10-01 06:46:17] [ 83%] Building CXX object CMakeFiles/libprotoc.dir/src/google/protobuf/compiler/objectivec/extension.cc.o
[2026-10-01 06:46:17] [ 84%] Building CXX object CMakeFiles/libprotoc.dir/src/google/protobuf/compiler/objectivec/field.cc.o
[2026-10-01 06:46:17] [ 84%] Building CXX object CMakeFiles/libprotoc.dir/src/google/protobuf/compiler/objectivec/file.cc.o
[2026-10-01 06:46:17] [ 84%] Building CXX object CMakeFiles/libprotoc.dir/src/google/protobuf/compiler/objectivec/generator.cc.o
[2026-10-01 06:46:17] [ 84%] Building CXX object CMakeFiles/libprotoc.dir/src/google/protobuf/compiler/objectivec/helpers.cc.o
[2026-10-01 06:46:17] [ 84%] Building CXX object CMakeFiles/libprotoc.dir/src/google/protobuf/compiler/objectivec/import_writer.cc.o
[2026-10-01 06:46:17] [ 85%] Building CXX object CMakeFiles/libprotoc.dir/src/google/protobuf/compiler/objectivec/line_consumer.cc.o
[2026-10-01 06:46:17] [ 85%] Building CXX object CMakeFiles/libprotoc.dir/src/google/protobuf/compiler/objectivec/map_field.cc.o
[2026-10-01 06:46:17] [ 85%] Building CXX object CMakeFiles/libprotoc.dir/src/google/protobuf/compiler/objectivec/message.cc.o
[2026-10-01 06:46:17] [ 85%] Building CXX object CMakeFiles/libprotoc.dir/src/google/protobuf/compiler/objectivec/message_field.cc.o
[2026-10-01 06:46:17] [ 85%] Building CXX object CMakeFiles/libprotoc.dir/src/google/protobuf/compiler/objectivec/names.cc.o
[2026-10-01 06:46:17] [ 86%] Building CXX object CMakeFiles/libprotoc.dir/src/google/protobuf/compiler/objectivec/oneof.cc.o
[2026-10-01 06:46:17] [ 86%] Building CXX object CMakeFiles/libprotoc.dir/src/google/protobuf/compiler/objectivec/primitive_field.cc.o
[2026-10-01 06:46:17] [ 86%] Building CXX object CMakeFiles/libprotoc.dir/src/google/protobuf/compiler/objectivec/text_format_decode_data.cc.o
[2026-10-01 06:46:17] [ 86%] Building CXX object CMakeFiles/libprotoc.dir/src/google/protobuf/compiler/php/names.cc.o
[2026-10-01 06:46:17] [ 87%] Building CXX object CMakeFiles/libprotoc.dir/src/google/protobuf/compiler/php/php_generator.cc.o
[2026-10-01 06:46:17] [ 87%] Building CXX object CMakeFiles/libprotoc.dir/src/google/protobuf/compiler/plugin.cc.o
[2026-10-01 06:46:17] [ 87%] Building CXX object CMakeFiles/libprotoc.dir/src/google/protobuf/compiler/plugin.pb.cc.o
[2026-10-01 06:46:17] [ 87%] Building CXX object CMakeFiles/libprotoc.dir/src/google/protobuf/compiler/python/generator.cc.o
[2026-10-01 06:46:17] [ 87%] Building CXX object CMakeFiles/libprotoc.dir/src/google/protobuf/compiler/python/helpers.cc.o
[2026-10-01 06:46:17] [ 88%] Building CXX object CMakeFiles/libprotoc.dir/src/google/protobuf/compiler/python/pyi_generator.cc.o
[2026-10-01 06:46:17] [ 88%] Building CXX object CMakeFiles/libprotoc.dir/src/google/protobuf/compiler/retention.cc.o
[2026-10-01 06:46:17] [ 88%] Building CXX object CMakeFiles/libprotoc.dir/src/google/protobuf/compiler/ruby/ruby_generator.cc.o
[2026-10-01 06:46:17] [ 88%] Building CXX object CMakeFiles/libprotoc.dir/src/google/protobuf/compiler/rust/accessors/accessors.cc.o
[2026-10-01 06:46:17] [ 89%] Building CXX object CMakeFiles/libprotoc.dir/src/google/protobuf/compiler/rust/accessors/singular_message.cc.o
[2026-10-01 06:46:17] [ 89%] Building CXX object CMakeFiles/libprotoc.dir/src/google/protobuf/compiler/rust/accessors/singular_scalar.cc.o
[2026-10-01 06:46:17] [ 89%] Building CXX object CMakeFiles/libprotoc.dir/src/google/protobuf/compiler/rust/accessors/singular_string.cc.o
[2026-10-01 06:46:17] [ 89%] Building CXX object CMakeFiles/libprotoc.dir/src/google/protobuf/compiler/rust/accessors/unsupported_field.cc.o
[2026-10-01 06:46:17] [ 89%] Building CXX object CMakeFiles/libprotoc.dir/src/google/protobuf/compiler/rust/context.cc.o
[2026-10-01 06:46:17] [ 90%] Building CXX object CMakeFiles/libprotoc.dir/src/google/protobuf/compiler/rust/generator.cc.o
[2026-10-01 06:46:17] [ 90%] Building CXX object CMakeFiles/libprotoc.dir/src/google/protobuf/compiler/rust/message.cc.o
[2026-10-01 06:46:17] [ 90%] Building CXX object CMakeFiles/libprotoc.dir/src/google/protobuf/compiler/rust/naming.cc.o
[2026-10-01 06:46:17] [ 90%] Building CXX object CMakeFiles/libprotoc.dir/src/google/protobuf/compiler/rust/oneof.cc.o
[2026-10-01 06:46:17] [ 90%] Building CXX object CMakeFiles/libprotoc.dir/src/google/protobuf/compiler/rust/relative_path.cc.o
[2026-10-01 06:46:17] [ 91%] Building CXX object CMakeFiles/libprotoc.dir/src/google/protobuf/compiler/subprocess.cc.o
[2026-10-01 06:46:17] [ 91%] Building CXX object CMakeFiles/libprotoc.dir/src/google/protobuf/compiler/zip_writer.cc.o
[2026-10-01 06:46:17] [ 91%] Linking CXX static library libascend_protoc.a
[2026-10-01 06:46:17] [ 91%] Built target libprotoc
[2026-10-01 06:46:17] [ 91%] Building CXX object CMakeFiles/protoc.dir/src/google/protobuf/compiler/main.cc.o
[2026-10-01 06:46:17] [ 91%] Linking CXX executable protoc
[2026-10-01 06:46:17] [ 91%] Built target protoc
[2026-10-01 06:46:17] [ 91%] Building CXX object third_party/abseil-cpp/absl/base/CMakeFiles/scoped_set_env.dir/internal/scoped_set_env.cc.o
[2026-10-01 06:46:17] [ 92%] Linking CXX static library libabsl_scoped_set_env.a
[2026-10-01 06:46:17] [ 92%] Built target scoped_set_env
[2026-10-01 06:46:17] [ 92%] Building CXX object third_party/abseil-cpp/absl/debugging/CMakeFiles/failure_signal_handler.dir/failure_signal_handler.cc.o
[2026-10-01 06:46:17] [ 92%] Linking CXX static library libabsl_failure_signal_handler.a
[2026-10-01 06:46:17] [ 92%] Built target failure_signal_handler
[2026-10-01 06:46:17] [ 92%] Building CXX object third_party/abseil-cpp/absl/flags/CMakeFiles/flags_usage_internal.dir/internal/usage.cc.o
[2026-10-01 06:46:17] [ 92%] Linking CXX static library libabsl_flags_usage_internal.a
[2026-10-01 06:46:17] [ 92%] Built target flags_usage_internal
[2026-10-01 06:46:17] [ 93%] Building CXX object third_party/abseil-cpp/absl/flags/CMakeFiles/flags_usage.dir/usage.cc.o
[2026-10-01 06:46:17] [ 93%] Linking CXX static library libabsl_flags_usage.a
[2026-10-01 06:46:17] [ 93%] Built target flags_usage
[2026-10-01 06:46:17] [ 93%] Building CXX object third_party/abseil-cpp/absl/flags/CMakeFiles/flags_parse.dir/parse.cc.o
[2026-10-01 06:46:17] [ 93%] Linking CXX static library libabsl_flags_parse.a
[2026-10-01 06:46:17] [ 93%] Built target flags_parse
[2026-10-01 06:46:17] [ 93%] Building CXX object third_party/abseil-cpp/absl/log/CMakeFiles/log_flags.dir/flags.cc.o
[2026-10-01 06:46:17] [ 93%] Linking CXX static library libabsl_log_flags.a
[2026-10-01 06:46:17] [ 93%] Built target log_flags
[2026-10-01 06:46:17] [ 93%] Building CXX object third_party/abseil-cpp/absl/profiling/CMakeFiles/periodic_sampler.dir/internal/periodic_sampler.cc.o
[2026-10-01 06:46:17] [ 94%] Linking CXX static library libabsl_periodic_sampler.a
[2026-10-01 06:46:17] [ 94%] Built target periodic_sampler
[2026-10-01 06:46:17] [ 94%] Building CXX object third_party/abseil-cpp/absl/random/CMakeFiles/random_distributions.dir/discrete_distribution.cc.o
[2026-10-01 06:46:17] [ 94%] Building CXX object third_party/abseil-cpp/absl/random/CMakeFiles/random_distributions.dir/gaussian_distribution.cc.o
[2026-10-01 06:46:17] [ 95%] Linking CXX static library libabsl_random_distributions.a
[2026-10-01 06:46:17] [ 95%] Built target random_distributions
[2026-10-01 06:46:17] [ 96%] Building CXX object third_party/abseil-cpp/absl/random/CMakeFiles/random_seed_gen_exception.dir/seed_gen_exception.cc.o
[2026-10-01 06:46:17] [ 96%] Linking CXX static library libabsl_random_seed_gen_exception.a
[2026-10-01 06:46:17] [ 96%] Built target random_seed_gen_exception
[2026-10-01 06:46:17] [ 96%] Building CXX object third_party/abseil-cpp/absl/random/CMakeFiles/random_internal_seed_material.dir/internal/seed_material.cc.o
[2026-10-01 06:46:17] [ 96%] Linking CXX static library libabsl_random_internal_seed_material.a
[2026-10-01 06:46:17] [ 96%] Built target random_internal_seed_material
[2026-10-01 06:46:17] [ 96%] Building CXX object third_party/abseil-cpp/absl/random/CMakeFiles/random_internal_platform.dir/internal/randen_round_keys.cc.o
[2026-10-01 06:46:17] [ 97%] Linking CXX static library libabsl_random_internal_platform.a
[2026-10-01 06:46:17] [ 97%] Built target random_internal_platform
[2026-10-01 06:46:17] [ 97%] Building CXX object third_party/abseil-cpp/absl/random/CMakeFiles/random_internal_randen_hwaes_impl.dir/internal/randen_hwaes.cc.o
[2026-10-01 06:46:17] [ 97%] Linking CXX static library libabsl_random_internal_randen_hwaes_impl.a
[2026-10-01 06:46:17] [ 97%] Built target random_internal_randen_hwaes_impl
[2026-10-01 06:46:17] [ 98%] Building CXX object third_party/abseil-cpp/absl/random/CMakeFiles/random_internal_randen_slow.dir/internal/randen_slow.cc.o
[2026-10-01 06:46:17] [ 98%] Linking CXX static library libabsl_random_internal_randen_slow.a
[2026-10-01 06:46:17] [ 98%] Built target random_internal_randen_slow
[2026-10-01 06:46:17] [ 98%] Building CXX object third_party/abseil-cpp/absl/random/CMakeFiles/random_internal_randen_hwaes.dir/internal/randen_detect.cc.o
[2026-10-01 06:46:17] [ 98%] Linking CXX static library libabsl_random_internal_randen_hwaes.a
[2026-10-01 06:46:17] [ 98%] Built target random_internal_randen_hwaes
[2026-10-01 06:46:17] [ 98%] Building CXX object third_party/abseil-cpp/absl/random/CMakeFiles/random_internal_randen.dir/internal/randen.cc.o
[2026-10-01 06:46:17] [ 99%] Linking CXX static library libabsl_random_internal_randen.a
[2026-10-01 06:46:17] [ 99%] Built target random_internal_randen
[2026-10-01 06:46:17] [ 99%] Building CXX object third_party/abseil-cpp/absl/random/CMakeFiles/random_internal_pool_urbg.dir/internal/pool_urbg.cc.o
[2026-10-01 06:46:17] [ 99%] Linking CXX static library libabsl_random_internal_pool_urbg.a
[2026-10-01 06:46:17] [ 99%] Built target random_internal_pool_urbg
[2026-10-01 06:46:17] [ 99%] Building CXX object third_party/abseil-cpp/absl/random/CMakeFiles/random_seed_sequences.dir/seed_sequences.cc.o
[2026-10-01 06:46:17] [ 99%] Linking CXX static library libabsl_random_seed_sequences.a
[2026-10-01 06:46:17] [ 99%] Built target random_seed_sequences
[2026-10-01 06:46:17] [ 99%] Building CXX object third_party/abseil-cpp/absl/random/CMakeFiles/random_internal_distribution_test_util.dir/internal/chi_square.cc.o
[2026-10-01 06:46:17] [ 99%] Building CXX object third_party/abseil-cpp/absl/random/CMakeFiles/random_internal_distribution_test_util.dir/internal/distribution_test_util.cc.o
[2026-10-01 06:46:17] [ 99%] Linking CXX static library libabsl_random_internal_distribution_test_util.a
[2026-10-01 06:46:17] [ 99%] Built target random_internal_distribution_test_util
[2026-10-01 06:46:17] [ 99%] Building CXX object third_party/abseil-cpp/absl/strings/CMakeFiles/cordz_sample_token.dir/internal/cordz_sample_token.cc.o
[2026-10-01 06:46:17] [ 99%] Linking CXX static library libabsl_cordz_sample_token.a
[2026-10-01 06:46:17] [ 99%] Built target cordz_sample_token
[2026-10-01 06:46:17] [ 99%] Building CXX object third_party/abseil-cpp/absl/types/CMakeFiles/bad_any_cast_impl.dir/bad_any_cast.cc.o
[2026-10-01 06:46:17] [ 99%] Linking CXX static library libabsl_bad_any_cast_impl.a
[2026-10-01 06:46:17] [ 99%] Built target bad_any_cast_impl
[2026-10-01 06:46:17] [ 99%] Building C object third_party/utf8_range/CMakeFiles/utf8_range.dir/naive.c.o
[2026-10-01 06:46:17] [100%] Building C object third_party/utf8_range/CMakeFiles/utf8_range.dir/range2-neon.c.o
[2026-10-01 06:46:17] [100%] Building C object third_party/utf8_range/CMakeFiles/utf8_range.dir/range2-sse.c.o
[2026-10-01 06:46:17] [100%] Linking C static library libutf8_range.a
[2026-10-01 06:46:17] [100%] Built target utf8_range
[2026-10-01 06:46:17] [build-cache] SAVED domain=third_party unit=ascend_protobuf_build_transformer key=b90b5cbfd7590aac508c1cb5f8c88764bba49b777beeb2b9b34c870ade0e1f66 artifacts=92 build_seconds=1426.528
[2026-10-01 06:46:17] [79/91] No install step for 'ascend_protobuf_build_transformer'
[2026-10-01 06:46:17] [80/91] Completed 'ascend_protobuf_build_transformer'
[2026-10-01 06:46:17] [81/91] Running C++ protocol buffer compiler on /mnt/workspace/mhc-validation-20260930/Ascend/cann-9.1.0/include/proto/ge_onnx.proto
[2026-10-01 06:46:17] generate proto cpp_out onnx by /mnt/workspace/mhc-validation-20260930/Ascend/cann-9.1.0/include/proto/ge_onnx.proto
[2026-10-01 06:46:22] [82/91] Building CXX object common/src/framework/CMakeFiles/op_transformer_onnx_plugin_obj.dir/fillwindowcache_onnx_plugin.cpp.o
[2026-10-01 06:46:22] [83/91] Building CXX object common/src/framework/CMakeFiles/op_transformer_onnx_plugin_obj.dir/embedding_bag_onnx_plugin.cpp.o
[2026-10-01 06:46:27] [84/91] Building CXX object common/src/framework/CMakeFiles/op_transformer_onnx_plugin_obj.dir/multi_head_attention_onnx_plugin.cpp.o
[2026-10-01 06:46:29] [85/91] Building CXX object common/src/framework/CMakeFiles/op_transformer_onnx_plugin_obj.dir/npu_fused_attention_score_fwd_onnx_plugin.cpp.o
[2026-10-01 06:46:34] [86/91] Building CXX object common/src/framework/CMakeFiles/op_transformer_onnx_plugin_obj.dir/npu_fused_attention_score_onnx_plugin.cpp.o
[2026-10-01 06:46:35] [87/91] Building CXX object common/src/framework/CMakeFiles/op_transformer_onnx_plugin_obj.dir/npu_masked_softmax_with_relposbias_onnx_plugin.cpp.o
[2026-10-01 06:46:39] [88/91] Building CXX object common/src/framework/CMakeFiles/op_transformer_onnx_plugin_obj.dir/npu_scaled_masked_softmax_onnx_plugin.cpp.o
[2026-10-01 06:46:40] [89/91] Building CXX object common/src/framework/CMakeFiles/op_transformer_onnx_plugin_obj.dir/tfidf_vectorizer_onnx_plugin.cpp.o
[2026-10-01 06:46:40] [89/91] Run CPack packaging tool...
[2026-10-01 06:46:40] CPack: Create package using External
[2026-10-01 06:46:40] CPack: Install projects
[2026-10-01 06:46:40] CPack: - Install project: cann_ops-transformer []
[2026-10-01 06:46:40] CPack: Create package
[2026-10-01 06:46:40] 
[2026-10-01 06:46:40] About to compress 1968 KB of data...
[2026-10-01 06:46:40] Adding files to archive named "cann-ops-transformer-batch_comb_candidate_linux-aarch64.run"...
[2026-10-01 06:46:40] ./help.info
[2026-10-01 06:46:40] ./install.sh
[2026-10-01 06:46:40] ./packages/vendors/batch_comb_candidate_transformer/op_api/include/aclnnop/aclnn_hc_pre.h
[2026-10-01 06:46:40] ./packages/vendors/batch_comb_candidate_transformer/op_api/include/aclnnop/aclnn_ops_transformer_batch_comb_candidate.h
[2026-10-01 06:46:40] ./packages/vendors/batch_comb_candidate_transformer/op_api/lib/libcust_opapi.so
[2026-10-01 06:46:40] ./packages/vendors/batch_comb_candidate_transformer/op_impl/ai_core/tbe/batch_comb_candidate_transformer_impl/ascendc/common/common.h
[2026-10-01 06:46:40] ./packages/vendors/batch_comb_candidate_transformer/op_impl/ai_core/tbe/batch_comb_candidate_transformer_impl/ascendc/common/common_func.h
[2026-10-01 06:46:40] ./packages/vendors/batch_comb_candidate_transformer/op_impl/ai_core/tbe/batch_comb_candidate_transformer_impl/ascendc/common/dropmask.h
[2026-10-01 06:46:40] ./packages/vendors/batch_comb_candidate_transformer/op_impl/ai_core/tbe/batch_comb_candidate_transformer_impl/ascendc/common/gm_to_l1_iterator.h
[2026-10-01 06:46:40] ./packages/vendors/batch_comb_candidate_transformer/op_impl/ai_core/tbe/batch_comb_candidate_transformer_impl/ascendc/common/gm_to_ub_iterator.h
[2026-10-01 06:46:40] ./packages/vendors/batch_comb_candidate_transformer/op_impl/ai_core/tbe/batch_comb_candidate_transformer_impl/ascendc/common/hardware.h
[2026-10-01 06:46:40] ./packages/vendors/batch_comb_candidate_transformer/op_impl/ai_core/tbe/batch_comb_candidate_transformer_impl/ascendc/common/iterator.h
[2026-10-01 06:46:40] ./packages/vendors/batch_comb_candidate_transformer/op_impl/ai_core/tbe/batch_comb_candidate_transformer_impl/ascendc/common/l0c_to_gm_iterator.h
[2026-10-01 06:46:40] ./packages/vendors/batch_comb_candidate_transformer/op_impl/ai_core/tbe/batch_comb_candidate_transformer_impl/ascendc/common/l0c_to_l1_iterator.h
[2026-10-01 06:46:40] ./packages/vendors/batch_comb_candidate_transformer/op_impl/ai_core/tbe/batch_comb_candidate_transformer_impl/ascendc/common/l0c_to_ub_iterator.h
[2026-10-01 06:46:40] ./packages/vendors/batch_comb_candidate_transformer/op_impl/ai_core/tbe/batch_comb_candidate_transformer_impl/ascendc/common/l1_to_bt_iterator.h
[2026-10-01 06:46:40] ./packages/vendors/batch_comb_candidate_transformer/op_impl/ai_core/tbe/batch_comb_candidate_transformer_impl/ascendc/common/l1_to_fb_iterator.h
[2026-10-01 06:46:40] ./packages/vendors/batch_comb_candidate_transformer/op_impl/ai_core/tbe/batch_comb_candidate_transformer_impl/ascendc/common/l1_to_l0_iterator.h
[2026-10-01 06:46:40] ./packages/vendors/batch_comb_candidate_transformer/op_impl/ai_core/tbe/batch_comb_candidate_transformer_impl/ascendc/common/l1_to_ub_iterator.h
[2026-10-01 06:46:40] ./packages/vendors/batch_comb_candidate_transformer/op_impl/ai_core/tbe/batch_comb_candidate_transformer_impl/ascendc/common/layout.h
[2026-10-01 06:46:40] ./packages/vendors/batch_comb_candidate_transformer/op_impl/ai_core/tbe/batch_comb_candidate_transformer_impl/ascendc/common/mem.h
[2026-10-01 06:46:40] ./packages/vendors/batch_comb_candidate_transformer/op_impl/ai_core/tbe/batch_comb_candidate_transformer_impl/ascendc/common/mma.h
[2026-10-01 06:46:40] ./packages/vendors/batch_comb_candidate_transformer/op_impl/ai_core/tbe/batch_comb_candidate_transformer_impl/ascendc/common/pse.h
[2026-10-01 06:46:40] ./packages/vendors/batch_comb_candidate_transformer/op_impl/ai_core/tbe/batch_comb_candidate_transformer_impl/ascendc/common/simd.h
[2026-10-01 06:46:40] ./packages/vendors/batch_comb_candidate_transformer/op_impl/ai_core/tbe/batch_comb_candidate_transformer_impl/ascendc/common/util.h
[2026-10-01 06:46:40] ./packages/vendors/batch_comb_candidate_transformer/op_impl/ai_core/tbe/batch_comb_candidate_transformer_impl/ascendc/hc_pre/hc_pre.cpp
[2026-10-01 06:46:40] ./packages/vendors/batch_comb_candidate_transformer/op_impl/ai_core/tbe/batch_comb_candidate_transformer_impl/ascendc/hc_pre/hc_pre_base.h
[2026-10-01 06:46:40] ./packages/vendors/batch_comb_candidate_transformer/op_impl/ai_core/tbe/batch_comb_candidate_transformer_impl/ascendc/hc_pre/hc_pre_base_arch35.h
[2026-10-01 06:46:40] ./packages/vendors/batch_comb_candidate_transformer/op_impl/ai_core/tbe/batch_comb_candidate_transformer_impl/ascendc/hc_pre/hc_pre_cube_compute.h
[2026-10-01 06:46:40] ./packages/vendors/batch_comb_candidate_transformer/op_impl/ai_core/tbe/batch_comb_candidate_transformer_impl/ascendc/hc_pre/hc_pre_cube_compute_arch35.h
[2026-10-01 06:46:40] ./packages/vendors/batch_comb_candidate_transformer/op_impl/ai_core/tbe/batch_comb_candidate_transformer_impl/ascendc/hc_pre/hc_pre_m_k_split_core.h
[2026-10-01 06:46:40] ./packages/vendors/batch_comb_candidate_transformer/op_impl/ai_core/tbe/batch_comb_candidate_transformer_impl/ascendc/hc_pre/hc_pre_m_k_split_core_arch35.h
[2026-10-01 06:46:40] ./packages/vendors/batch_comb_candidate_transformer/op_impl/ai_core/tbe/batch_comb_candidate_transformer_impl/ascendc/hc_pre/hc_pre_m_split_core_arch35.h
[2026-10-01 06:46:40] ./packages/vendors/batch_comb_candidate_transformer/op_impl/ai_core/tbe/batch_comb_candidate_transformer_impl/dynamic/hc_pre.py
[2026-10-01 06:46:40] ./packages/vendors/batch_comb_candidate_transformer/op_impl/ai_core/tbe/config/ascend910b/aic-ascend910b-ops-info.json
[2026-10-01 06:46:40] ./packages/vendors/batch_comb_candidate_transformer/op_impl/ai_core/tbe/kernel/ascend910b/hc_pre/HcPre_6c9f0fa710253eff38b1c0e6be6a67be.json
[2026-10-01 06:46:40] ./packages/vendors/batch_comb_candidate_transformer/op_impl/ai_core/tbe/kernel/ascend910b/hc_pre/HcPre_6c9f0fa710253eff38b1c0e6be6a67be.o
[2026-10-01 06:46:40] ./packages/vendors/batch_comb_candidate_transformer/op_impl/ai_core/tbe/kernel/ascend910b/hc_pre/HcPre_6c9f0fa710253eff38b1c0e6be6a67be_relocatable.json
[2026-10-01 06:46:40] ./packages/vendors/batch_comb_candidate_transformer/op_impl/ai_core/tbe/kernel/ascend910b/hc_pre/HcPre_6c9f0fa710253eff38b1c0e6be6a67be_relocatable.o
[2026-10-01 06:46:40] ./packages/vendors/batch_comb_candidate_transformer/op_impl/ai_core/tbe/kernel/config/ascend910b/binary_info_config.json
[2026-10-01 06:46:40] ./packages/vendors/batch_comb_candidate_transformer/op_impl/ai_core/tbe/kernel/config/ascend910b/hc_pre.json
[2026-10-01 06:46:40] ./packages/vendors/batch_comb_candidate_transformer/op_impl/ai_core/tbe/kernel/config/ascend910b/relocatable_kernel_info_config.json
[2026-10-01 06:46:40] ./packages/vendors/batch_comb_candidate_transformer/op_impl/ai_core/tbe/op_tiling/lib/linux/aarch64/libcust_opmaster_rt2.0.so
[2026-10-01 06:46:40] ./packages/vendors/batch_comb_candidate_transformer/op_impl/ai_core/tbe/op_tiling/liboptiling.so
[2026-10-01 06:46:40] ./packages/vendors/batch_comb_candidate_transformer/op_proto/inc/hc_pre_proto.h
[2026-10-01 06:46:40] ./packages/vendors/batch_comb_candidate_transformer/op_proto/lib/linux/aarch64/libcust_opsproto_rt2.0.so
[2026-10-01 06:46:40] ./packages/vendors/batch_comb_candidate_transformer/version.info
[2026-10-01 06:46:40] ./uninstall.sh
[2026-10-01 06:46:40] ./upgrade.sh
[2026-10-01 06:46:40] CRC: 4002486291
[2026-10-01 06:46:40] SHA256: 0e08925deff451a3a378497710aa38e341b453d677a07521224ca922fa24e42d
[2026-10-01 06:46:40] Skipping md5sum at user request
[2026-10-01 06:46:40] 
[2026-10-01 06:46:40] Self-extractable archive "cann-ops-transformer-batch_comb_candidate_linux-aarch64.run" successfully created.
[2026-10-01 06:46:40] Copy /mnt/workspace/hc-pre-reduction-20260930/batch-comb-source-candidate/csrc/build/_CPack_Packages/Linux/External/cann-ops-transformer-batch_comb_candidate_linux-aarch64.run/cann-ops-transformer-batch_comb_candidate_linux-aarch64.run to /mnt/workspace/hc-pre-reduction-20260930/batch-comb-source-candidate/csrc/build/
[2026-10-01 06:46:40] Copy /mnt/workspace/hc-pre-reduction-20260930/batch-comb-source-candidate/csrc/build/_CPack_Packages/Linux/External/cann-ops-transformer-batch_comb_candidate_linux-aarch64.run/cann-ops-transformer-batch_comb_candidate_linux-aarch64.run to /mnt/workspace/hc-pre-reduction-20260930/batch-comb-source-candidate/csrc/build_out/
[2026-10-01 06:46:40] CPack: - package: /mnt/workspace/hc-pre-reduction-20260930/batch-comb-source-candidate/csrc/build/cann-ops-transformer-batch_comb_candidate_linux-aarch64.run.json generated.
[2026-10-01 06:46:40] CPack: - package: /mnt/workspace/hc-pre-reduction-20260930/batch-comb-source-candidate/csrc/build/cann-ops-transformer-batch_comb_candidate_linux-aarch64.run generated.
Verifying archive integrity...     0%    43%    87%  100%   SHA256 checksums are OK. All good.
Uncompressing version:1.0     0%    43%    87%  100%  
[ops_custom] [2026-10-01 06:46:41] [INFO] create /mnt/workspace/hc-pre-reduction-20260930/batch-comb-source-candidate/opp/vendors.
[ops_custom] [2026-10-01 06:46:41] [INFO] create /mnt/workspace/hc-pre-reduction-20260930/batch-comb-source-candidate/opp/vendors/batch_comb_candidate_transformer.
[ops_custom] [2026-10-01 06:46:41] [INFO] validate shared libraries before installation
[ops_custom] [2026-10-01 06:46:41] [INFO] upgrade framework
[ops_custom] [2026-10-01 06:46:41] [INFO] no need to upgrade ops framework files
[ops_custom] [2026-10-01 06:46:41] [INFO] upgrade op proto
[ops_custom] [2026-10-01 06:46:41] [INFO] create /mnt/workspace/hc-pre-reduction-20260930/batch-comb-source-candidate/opp/vendors/batch_comb_candidate_transformer/op_proto.
[ops_custom] [2026-10-01 06:46:41] [INFO] copy new ops op_proto files ......
[ops_custom] [2026-10-01 06:46:41] [INFO] upgrade op impl
[ops_custom] [2026-10-01 06:46:41] [INFO] create /mnt/workspace/hc-pre-reduction-20260930/batch-comb-source-candidate/opp/vendors/batch_comb_candidate_transformer/op_impl.
[ops_custom] [2026-10-01 06:46:41] [INFO] copy new ops op_impl files ......
[ops_custom] [2026-10-01 06:46:41] [INFO] upgrade op api
[ops_custom] [2026-10-01 06:46:41] [INFO] create /mnt/workspace/hc-pre-reduction-20260930/batch-comb-source-candidate/opp/vendors/batch_comb_candidate_transformer/op_api.
[ops_custom] [2026-10-01 06:46:41] [INFO] copy new ops op_api files ......
[ops_custom] [2026-10-01 06:46:41] [INFO] upgrade uninstall
[ops_custom] [2026-10-01 06:46:41] [INFO] copy new uninstall.sh files ......
[ops_custom] [2026-10-01 06:46:41] [INFO] upgrade version.info
[ops_custom] [2026-10-01 06:46:41] [INFO] copy new version.info files ......
[ops_custom] [2026-10-01 06:46:41] [INFO] no need to upgrade custom.proto files
[ops_custom] [2026-10-01 06:46:41] [INFO] using requirements: when custom module install finished or before you run the custom module, execute the command [ source /mnt/workspace/hc-pre-reduction-20260930/batch-comb-source-candidate/opp/vendors/batch_comb_candidate_transformer/bin/set_env.bash ] to set the environment path
SUCCESS
-- The C compiler identification is GNU 13.1.0
-- The CXX compiler identification is GNU 13.1.0
-- Detecting C compiler ABI info
-- Detecting C compiler ABI info - done
-- Check for working C compiler: /usr/bin/gcc-13 - skipped
-- Detecting C compile features
-- Detecting C compile features - done
-- Detecting CXX compiler ABI info
-- Detecting CXX compiler ABI info - done
-- Check for working CXX compiler: /usr/bin/g++-13 - skipped
-- Detecting CXX compile features
-- Detecting CXX compile features - done
CMake Warning (author) at /mnt/workspace/mhc-validation-20260930/venv/lib/python3.12/site-packages/pybind11/share/cmake/pybind11/FindPythonLibsNew.cmake:101 (message):
  Policy CMP0148 is not set: The FindPythonInterp and FindPythonLibs modules
  are removed.  Run "cmake --help-policy CMP0148" for policy details.  Use
  the cmake_policy command to set the policy and suppress this warning, or
  preferably upgrade to using FindPython, either by calling it explicitly
  before pybind11, or by setting PYBIND11_FINDPYTHON ON before pybind11.
Call Stack (most recent call first):
  /mnt/workspace/mhc-validation-20260930/venv/lib/python3.12/site-packages/pybind11/share/cmake/pybind11/pybind11Tools.cmake:44 (find_package)
  /mnt/workspace/mhc-validation-20260930/venv/lib/python3.12/site-packages/pybind11/share/cmake/pybind11/pybind11Common.cmake:243 (include)
  /mnt/workspace/mhc-validation-20260930/venv/lib/python3.12/site-packages/pybind11/share/cmake/pybind11/pybind11Config.cmake:257 (include)
  CMakeLists.txt:15 (find_package)
This warning is for project developers.  Use -Wno-author to suppress it.

CMake Warning (deprecated) at /mnt/workspace/mhc-validation-20260930/venv/lib/python3.12/site-packages/pybind11/share/cmake/pybind11/FindPythonLibsNew.cmake:110 (cmake_policy):
  The OLD behavior for policy CMP0148 will be removed from a future version
  of CMake.

  The cmake-policies(7) manual explains that the OLD behaviors of all
  policies are deprecated and that a policy should be set to OLD only under
  specific short-term circumstances.  Projects should be ported to the NEW
  behavior and not rely on setting a policy to OLD.
Call Stack (most recent call first):
  /mnt/workspace/mhc-validation-20260930/venv/lib/python3.12/site-packages/pybind11/share/cmake/pybind11/pybind11Tools.cmake:44 (find_package)
  /mnt/workspace/mhc-validation-20260930/venv/lib/python3.12/site-packages/pybind11/share/cmake/pybind11/pybind11Common.cmake:243 (include)
  /mnt/workspace/mhc-validation-20260930/venv/lib/python3.12/site-packages/pybind11/share/cmake/pybind11/pybind11Config.cmake:257 (include)
  CMakeLists.txt:15 (find_package)
This warning is for project developers.  Use -Wno-author or -Wno-deprecated
to suppress it.

-- Found PythonInterp: /mnt/workspace/mhc-validation-20260930/venv/bin/python (found suitable version "3.12.14", minimum required is "3.9")
-- Found PythonLibs: /home/developer/.local/share/uv/python/cpython-3.12.14-linux-aarch64-gnu/lib/libpython3.12.so
-- Performing Test HAS_FLTO_AUTO
-- Performing Test HAS_FLTO_AUTO - Success
-- Found pybind11: /mnt/workspace/mhc-validation-20260930/venv/lib/python3.12/site-packages/pybind11/include (found version "3.1.0")
CMake Warning at /mnt/workspace/mhc-validation-20260930/venv/lib/python3.12/site-packages/torch/share/cmake/Torch/TorchConfig.cmake:22 (message):
  static library kineto_LIBRARY-NOTFOUND not found.
Call Stack (most recent call first):
  /mnt/workspace/mhc-validation-20260930/venv/lib/python3.12/site-packages/torch/share/cmake/Torch/TorchConfig.cmake:125 (append_torchlib_if_found)
  CMakeLists.txt:20 (find_package)


-- Found Torch: /mnt/workspace/mhc-validation-20260930/venv/lib/python3.12/site-packages/torch/lib/libtorch.so
-- Detected SOC version: ascend910b1
TORCH_NPU_PATH is /mnt/workspace/mhc-validation-20260930/venv/lib/python3.12/site-packages/torch_npu
-- Performing Test HAVE_ACLRT_GET_PHY_DEV_ID_BY_USER_DEV_ID
-- Performing Test HAVE_ACLRT_GET_PHY_DEV_ID_BY_USER_DEV_ID - Success
-- Performing Test HAVE_ACLRT_MEMCPY_BATCH_ASYNC
-- Performing Test HAVE_ACLRT_MEMCPY_BATCH_ASYNC - Success
-- aclrtMemcpyBatchAsync: detected in CANN headers, enabling batch memcpy path
-- Configuring done (6.9s)
-- Generating done (0.0s)
-- Build files have been written to: /mnt/workspace/hc-pre-reduction-20260930/iteration-08/full-extension-build-candidate
[  2%] Creating directories for 'vllm_ascend_kernels_precompile'
[  4%] No download step for 'vllm_ascend_kernels_precompile'
[  6%] No update step for 'vllm_ascend_kernels_precompile'
[  8%] No patch step for 'vllm_ascend_kernels_precompile'
[ 10%] Performing configure step for 'vllm_ascend_kernels_precompile'
-- The C compiler identification is GNU 9.4.0
-- The CXX compiler identification is GNU 9.4.0
-- Detecting C compiler ABI info
-- Detecting C compiler ABI info - done
-- Check for working C compiler: /usr/bin/cc - skipped
-- Detecting C compile features
-- Detecting C compile features - done
-- Detecting CXX compiler ABI info
-- Detecting CXX compiler ABI info - done
-- Check for working CXX compiler: /usr/bin/c++ - skipped
-- Detecting CXX compile features
-- Detecting CXX compile features - done
-- Configuring done (0.5s)
-- Generating done (0.0s)
CMake Warning (unused-cli):
  Manually-specified variables were not used by the project:

    DYNAMIC_MODE
    INCLUDE_DIR


-- Build files have been written to: /mnt/workspace/hc-pre-reduction-20260930/iteration-08/full-extension-build-candidate/vllm_ascend_kernels_precompile-prefix/src/vllm_ascend_kernels_precompile-build
[ 12%] Performing build step for 'vllm_ascend_kernels_precompile'
[ 25%] Building CXX object CMakeFiles/precompile_obj.dir/mnt/workspace/hc-pre-reduction-20260930/batch-comb-source-candidate/csrc/kernels/bgmv_expand.cpp.o
[ 50%] Building CXX object CMakeFiles/precompile_obj.dir/mnt/workspace/hc-pre-reduction-20260930/batch-comb-source-candidate/csrc/kernels/bgmv_shrink.cpp.o
[ 75%] Building CXX object CMakeFiles/precompile_obj.dir/mnt/workspace/hc-pre-reduction-20260930/batch-comb-source-candidate/csrc/kernels/sgmv_expand.cpp.o
[100%] Building CXX object CMakeFiles/precompile_obj.dir/mnt/workspace/hc-pre-reduction-20260930/batch-comb-source-candidate/csrc/kernels/sgmv_shrink.cpp.o
[100%] Built target precompile_obj
[100%] Built target check_src_template
[ 14%] No install step for 'vllm_ascend_kernels_precompile'
[ 16%] Completed 'vllm_ascend_kernels_precompile'
[ 16%] Built target vllm_ascend_kernels_precompile
[ 18%] Creating directories for 'vllm_ascend_kernels_preprocess'
[ 20%] No download step for 'vllm_ascend_kernels_preprocess'
[ 22%] No update step for 'vllm_ascend_kernels_preprocess'
[ 25%] No patch step for 'vllm_ascend_kernels_preprocess'
[ 27%] Performing configure step for 'vllm_ascend_kernels_preprocess'
-- The C compiler identification is GNU 9.4.0
-- The CXX compiler identification is GNU 9.4.0
-- Detecting C compiler ABI info
-- Detecting C compiler ABI info - done
-- Check for working C compiler: /usr/bin/cc - skipped
-- Detecting C compile features
-- Detecting C compile features - done
-- Detecting CXX compiler ABI info
-- Detecting CXX compiler ABI info - done
-- Check for working CXX compiler: /usr/bin/c++ - skipped
-- Detecting CXX compile features
-- Detecting CXX compile features - done
-- Configuring done (0.5s)
-- Generating done (0.0s)
-- Build files have been written to: /mnt/workspace/hc-pre-reduction-20260930/iteration-08/full-extension-build-candidate/vllm_ascend_kernels_preprocess-prefix/src/vllm_ascend_kernels_preprocess-build
[ 29%] Performing build step for 'vllm_ascend_kernels_preprocess'
[  8%] Building CXX object CMakeFiles/preprocess_obj.dir/mnt/workspace/hc-pre-reduction-20260930/batch-comb-source-candidate/csrc/kernels/bgmv_expand.cpp.o
[ 16%] Building CXX object CMakeFiles/aiv_obj.dir/mnt/workspace/hc-pre-reduction-20260930/batch-comb-source-candidate/csrc/kernels/bgmv_expand.cpp.o
[ 25%] Building CXX object CMakeFiles/preprocess_obj.dir/mnt/workspace/hc-pre-reduction-20260930/batch-comb-source-candidate/csrc/kernels/bgmv_shrink.cpp.o
[ 33%] Building CXX object CMakeFiles/preprocess_obj.dir/mnt/workspace/hc-pre-reduction-20260930/batch-comb-source-candidate/csrc/kernels/sgmv_expand.cpp.o
[ 41%] Building CXX object CMakeFiles/preprocess_obj.dir/mnt/workspace/hc-pre-reduction-20260930/batch-comb-source-candidate/csrc/kernels/sgmv_shrink.cpp.o
[ 41%] Built target preprocess_obj
[ 50%] Building CXX object CMakeFiles/aic_obj.dir/mnt/workspace/hc-pre-reduction-20260930/batch-comb-source-candidate/csrc/kernels/bgmv_expand.cpp.o
[ 58%] Building CXX object CMakeFiles/aiv_obj.dir/mnt/workspace/hc-pre-reduction-20260930/batch-comb-source-candidate/csrc/kernels/bgmv_shrink.cpp.o
[ 66%] Building CXX object CMakeFiles/aic_obj.dir/mnt/workspace/hc-pre-reduction-20260930/batch-comb-source-candidate/csrc/kernels/bgmv_shrink.cpp.o
/mnt/workspace/hc-pre-reduction-20260930/batch-comb-source-candidate/csrc/kernels/bgmv_shrink.cpp:156:9: warning: use of function template name with no prior declaration in function call with explicit template arguments is a C++20 extension [-Wc++20-extensions]
        ReduceSum<float>(wTmpTensor, wTmpTensor, wTmpTensor, numElements);
        ^
/mnt/workspace/hc-pre-reduction-20260930/batch-comb-source-candidate/csrc/kernels/bgmv_shrink.cpp:156:9: warning: use of function template name with no prior declaration in function call with explicit template arguments is a C++20 extension [-Wc++20-extensions]
        ReduceSum<float>(wTmpTensor, wTmpTensor, wTmpTensor, numElements);
        ^
1 warning generated.
[ 75%] Building CXX object CMakeFiles/aiv_obj.dir/mnt/workspace/hc-pre-reduction-20260930/batch-comb-source-candidate/csrc/kernels/sgmv_expand.cpp.o
1 warning generated.
[ 83%] Building CXX object CMakeFiles/aic_obj.dir/mnt/workspace/hc-pre-reduction-20260930/batch-comb-source-candidate/csrc/kernels/sgmv_expand.cpp.o
[ 91%] Building CXX object CMakeFiles/aiv_obj.dir/mnt/workspace/hc-pre-reduction-20260930/batch-comb-source-candidate/csrc/kernels/sgmv_shrink.cpp.o
[100%] Building CXX object CMakeFiles/aic_obj.dir/mnt/workspace/hc-pre-reduction-20260930/batch-comb-source-candidate/csrc/kernels/sgmv_shrink.cpp.o
/mnt/workspace/hc-pre-reduction-20260930/batch-comb-source-candidate/csrc/kernels/sgmv_shrink.cpp:168:9: warning: use of function template name with no prior declaration in function call with explicit template arguments is a C++20 extension [-Wc++20-extensions]
        ReduceSum<float>(wTmpTensor, wTmpTensor, wTmpTensor, numElements);
        ^
/mnt/workspace/hc-pre-reduction-20260930/batch-comb-source-candidate/csrc/kernels/sgmv_shrink.cpp:168:9: warning: use of function template name with no prior declaration in function call with explicit template arguments is a C++20 extension [-Wc++20-extensions]
        ReduceSum<float>(wTmpTensor, wTmpTensor, wTmpTensor, numElements);
        ^
1 warning generated.
[100%] Built target aiv_obj
/mnt/workspace/mhc-validation-20260930/Ascend/cann-9.1.0/aarch64-linux/ccec_compiler/bin/ld.lld -m aicorelinux -Ttext=0 /mnt/workspace/hc-pre-reduction-20260930/iteration-08/full-extension-build-candidate/vllm_ascend_kernels_preprocess-prefix/src/vllm_ascend_kernels_preprocess-build/CMakeFiles/aiv_obj.dir/mnt/workspace/hc-pre-reduction-20260930/batch-comb-source-candidate/csrc/kernels/bgmv_expand.cpp.o -o /mnt/workspace/hc-pre-reduction-20260930/iteration-08/full-extension-build-candidate/vllm_ascend_kernels_preprocess-prefix/src/vllm_ascend_kernels_preprocess-build/CMakeFiles/aiv_obj.dir/mnt/workspace/hc-pre-reduction-20260930/batch-comb-source-candidate/csrc/kernels/bgmv_expand.cpp.o/mnt/workspace/mhc-validation-20260930/Ascend/cann-9.1.0/aarch64-linux/ccec_compiler/bin/ld.lld -m aicorelinux -Ttext=0 /mnt/workspace/hc-pre-reduction-20260930/iteration-08/full-extension-build-candidate/vllm_ascend_kernels_preprocess-prefix/src/vllm_ascend_kernels_preprocess-build/CMakeFiles/aiv_obj.dir/mnt/workspace/hc-pre-reduction-20260930/batch-comb-source-candidate/csrc/kernels/bgmv_shrink.cpp.o -o /mnt/workspace/hc-pre-reduction-20260930/iteration-08/full-extension-build-candidate/vllm_ascend_kernels_preprocess-prefix/src/vllm_ascend_kernels_preprocess-build/CMakeFiles/aiv_obj.dir/mnt/workspace/hc-pre-reduction-20260930/batch-comb-source-candidate/csrc/kernels/bgmv_shrink.cpp.o/mnt/workspace/mhc-validation-20260930/Ascend/cann-9.1.0/aarch64-linux/ccec_compiler/bin/ld.lld -m aicorelinux -Ttext=0 /mnt/workspace/hc-pre-reduction-20260930/iteration-08/full-extension-build-candidate/vllm_ascend_kernels_preprocess-prefix/src/vllm_ascend_kernels_preprocess-build/CMakeFiles/aiv_obj.dir/mnt/workspace/hc-pre-reduction-20260930/batch-comb-source-candidate/csrc/kernels/sgmv_expand.cpp.o -o /mnt/workspace/hc-pre-reduction-20260930/iteration-08/full-extension-build-candidate/vllm_ascend_kernels_preprocess-prefix/src/vllm_ascend_kernels_preprocess-build/CMakeFiles/aiv_obj.dir/mnt/workspace/hc-pre-reduction-20260930/batch-comb-source-candidate/csrc/kernels/sgmv_expand.cpp.o/mnt/workspace/mhc-validation-20260930/Ascend/cann-9.1.0/aarch64-linux/ccec_compiler/bin/ld.lld -m aicorelinux -Ttext=0 /mnt/workspace/hc-pre-reduction-20260930/iteration-08/full-extension-build-candidate/vllm_ascend_kernels_preprocess-prefix/src/vllm_ascend_kernels_preprocess-build/CMakeFiles/aiv_obj.dir/mnt/workspace/hc-pre-reduction-20260930/batch-comb-source-candidate/csrc/kernels/sgmv_shrink.cpp.o -o /mnt/workspace/hc-pre-reduction-20260930/iteration-08/full-extension-build-candidate/vllm_ascend_kernels_preprocess-prefix/src/vllm_ascend_kernels_preprocess-build/CMakeFiles/aiv_obj.dir/mnt/workspace/hc-pre-reduction-20260930/batch-comb-source-candidate/csrc/kernels/sgmv_shrink.cpp.o[100%] Built target merge_aiv_obj_text
1 warning generated.
[100%] Built target aic_obj
/mnt/workspace/mhc-validation-20260930/Ascend/cann-9.1.0/aarch64-linux/ccec_compiler/bin/ld.lld -m aicorelinux -Ttext=0 /mnt/workspace/hc-pre-reduction-20260930/iteration-08/full-extension-build-candidate/vllm_ascend_kernels_preprocess-prefix/src/vllm_ascend_kernels_preprocess-build/CMakeFiles/aic_obj.dir/mnt/workspace/hc-pre-reduction-20260930/batch-comb-source-candidate/csrc/kernels/bgmv_expand.cpp.o -o /mnt/workspace/hc-pre-reduction-20260930/iteration-08/full-extension-build-candidate/vllm_ascend_kernels_preprocess-prefix/src/vllm_ascend_kernels_preprocess-build/CMakeFiles/aic_obj.dir/mnt/workspace/hc-pre-reduction-20260930/batch-comb-source-candidate/csrc/kernels/bgmv_expand.cpp.o/mnt/workspace/mhc-validation-20260930/Ascend/cann-9.1.0/aarch64-linux/ccec_compiler/bin/ld.lld -m aicorelinux -Ttext=0 /mnt/workspace/hc-pre-reduction-20260930/iteration-08/full-extension-build-candidate/vllm_ascend_kernels_preprocess-prefix/src/vllm_ascend_kernels_preprocess-build/CMakeFiles/aic_obj.dir/mnt/workspace/hc-pre-reduction-20260930/batch-comb-source-candidate/csrc/kernels/bgmv_shrink.cpp.o -o /mnt/workspace/hc-pre-reduction-20260930/iteration-08/full-extension-build-candidate/vllm_ascend_kernels_preprocess-prefix/src/vllm_ascend_kernels_preprocess-build/CMakeFiles/aic_obj.dir/mnt/workspace/hc-pre-reduction-20260930/batch-comb-source-candidate/csrc/kernels/bgmv_shrink.cpp.o/mnt/workspace/mhc-validation-20260930/Ascend/cann-9.1.0/aarch64-linux/ccec_compiler/bin/ld.lld -m aicorelinux -Ttext=0 /mnt/workspace/hc-pre-reduction-20260930/iteration-08/full-extension-build-candidate/vllm_ascend_kernels_preprocess-prefix/src/vllm_ascend_kernels_preprocess-build/CMakeFiles/aic_obj.dir/mnt/workspace/hc-pre-reduction-20260930/batch-comb-source-candidate/csrc/kernels/sgmv_expand.cpp.o -o /mnt/workspace/hc-pre-reduction-20260930/iteration-08/full-extension-build-candidate/vllm_ascend_kernels_preprocess-prefix/src/vllm_ascend_kernels_preprocess-build/CMakeFiles/aic_obj.dir/mnt/workspace/hc-pre-reduction-20260930/batch-comb-source-candidate/csrc/kernels/sgmv_expand.cpp.o/mnt/workspace/mhc-validation-20260930/Ascend/cann-9.1.0/aarch64-linux/ccec_compiler/bin/ld.lld -m aicorelinux -Ttext=0 /mnt/workspace/hc-pre-reduction-20260930/iteration-08/full-extension-build-candidate/vllm_ascend_kernels_preprocess-prefix/src/vllm_ascend_kernels_preprocess-build/CMakeFiles/aic_obj.dir/mnt/workspace/hc-pre-reduction-20260930/batch-comb-source-candidate/csrc/kernels/sgmv_shrink.cpp.o -o /mnt/workspace/hc-pre-reduction-20260930/iteration-08/full-extension-build-candidate/vllm_ascend_kernels_preprocess-prefix/src/vllm_ascend_kernels_preprocess-build/CMakeFiles/aic_obj.dir/mnt/workspace/hc-pre-reduction-20260930/batch-comb-source-candidate/csrc/kernels/sgmv_shrink.cpp.o[100%] Built target merge_aic_obj_text
[WARNING]: Multiple kernel functions are detected. It is recommended to define only one kernel function per file.
[WARNING]: Multiple kernel functions are detected. It is recommended to define only one kernel function per file.
[WARNING]: Multiple kernel functions are detected. It is recommended to define only one kernel function per file.
[WARNING]: Multiple kernel functions are detected. It is recommended to define only one kernel function per file.
[100%] Built target _host_cpp
[ 31%] No install step for 'vllm_ascend_kernels_preprocess'
[ 33%] Completed 'vllm_ascend_kernels_preprocess'
[ 33%] Built target vllm_ascend_kernels_preprocess
[ 37%] Creating directories for 'vllm_ascend_kernels_aic_device'
[ 37%] Creating directories for 'vllm_ascend_kernels_aiv_device'
[ 39%] No download step for 'vllm_ascend_kernels_aic_device'
[ 41%] No download step for 'vllm_ascend_kernels_aiv_device'
[ 45%] No update step for 'vllm_ascend_kernels_aic_device'
[ 45%] No update step for 'vllm_ascend_kernels_aiv_device'
[ 47%] No patch step for 'vllm_ascend_kernels_aic_device'
[ 50%] No patch step for 'vllm_ascend_kernels_aiv_device'
[ 54%] Performing configure step for 'vllm_ascend_kernels_aiv_device'
[ 54%] Performing configure step for 'vllm_ascend_kernels_aic_device'
-- The C compiler identification is GNU 9.4.0
-- The C compiler identification is GNU 9.4.0
-- The CXX compiler identification is GNU 9.4.0
-- The CXX compiler identification is GNU 9.4.0
-- Detecting C compiler ABI info
-- Detecting C compiler ABI info
-- Detecting C compiler ABI info - done
-- Detecting C compiler ABI info - done
-- Check for working C compiler: /usr/bin/cc - skipped
-- Check for working C compiler: /usr/bin/cc - skipped
-- Detecting C compile features
-- Detecting C compile features
-- Detecting C compile features - done
-- Detecting C compile features - done
-- Detecting CXX compiler ABI info
-- Detecting CXX compiler ABI info
-- Detecting CXX compiler ABI info - done
-- Detecting CXX compiler ABI info - done
-- Check for working CXX compiler: /usr/bin/c++ - skipped
-- Detecting CXX compile features
-- Check for working CXX compiler: /usr/bin/c++ - skipped
-- Detecting CXX compile features - done
-- Detecting CXX compile features
-- Detecting CXX compile features - done
-- Configuring done (0.5s)
-- Configuring done (0.5s)
-- Generating done (0.0s)
CMake Warning (unused-cli):
  Manually-specified variables were not used by the project:

    BUILD_MODE


-- Build files have been written to: /mnt/workspace/hc-pre-reduction-20260930/iteration-08/full-extension-build-candidate/vllm_ascend_kernels_aic_device-prefix/src/vllm_ascend_kernels_aic_device-build
-- Generating done (0.0s)
-- Build files have been written to: /mnt/workspace/hc-pre-reduction-20260930/iteration-08/full-extension-build-candidate/vllm_ascend_kernels_aiv_device-prefix/src/vllm_ascend_kernels_aiv_device-build
[ 56%] Performing build step for 'vllm_ascend_kernels_aic_device'
[ 58%] Performing build step for 'vllm_ascend_kernels_aiv_device'
[ 60%] No install step for 'vllm_ascend_kernels_aic_device'
[ 62%] Completed 'vllm_ascend_kernels_aic_device'
[ 25%] Building CXX object CMakeFiles/device_aiv_obj.dir/mnt/workspace/hc-pre-reduction-20260930/iteration-08/full-extension-build-candidate/auto_gen/vllm_ascend_kernels/auto_gen_bgmv_expand.cpp.o
[ 62%] Built target vllm_ascend_kernels_aic_device
[ 64%] Creating directories for 'vllm_ascend_kernels_host'
[ 66%] No download step for 'vllm_ascend_kernels_host'
[ 68%] No update step for 'vllm_ascend_kernels_host'
[ 70%] No patch step for 'vllm_ascend_kernels_host'
[ 72%] Performing configure step for 'vllm_ascend_kernels_host'
-- The C compiler identification is GNU 9.4.0
-- The CXX compiler identification is GNU 9.4.0
-- Detecting C compiler ABI info
-- Detecting C compiler ABI info - done
-- Check for working C compiler: /usr/bin/cc - skipped
-- Detecting C compile features
-- Detecting C compile features - done
-- Detecting CXX compiler ABI info
-- Detecting CXX compiler ABI info - done
-- Check for working CXX compiler: /usr/bin/c++ - skipped
-- Detecting CXX compile features
-- Detecting CXX compile features - done
-- Configuring done (0.5s)
-- Generating done (0.0s)
CMake Warning (unused-cli):
  Manually-specified variables were not used by the project:

    ASCEND_PYTHON_EXECUTABLE


-- Build files have been written to: /mnt/workspace/hc-pre-reduction-20260930/iteration-08/full-extension-build-candidate/vllm_ascend_kernels_host-prefix/src/vllm_ascend_kernels_host-build
[ 75%] Performing build step for 'vllm_ascend_kernels_host'
[ 25%] Building CXX object CMakeFiles/host_bisheng_obj.dir/mnt/workspace/hc-pre-reduction-20260930/batch-comb-source-candidate/csrc/kernels/bgmv_expand.cpp.o
[ 50%] Building CXX object CMakeFiles/host_bisheng_obj.dir/mnt/workspace/hc-pre-reduction-20260930/batch-comb-source-candidate/csrc/kernels/bgmv_shrink.cpp.o
[ 75%] Building CXX object CMakeFiles/host_bisheng_obj.dir/mnt/workspace/hc-pre-reduction-20260930/batch-comb-source-candidate/csrc/kernels/sgmv_expand.cpp.o
[100%] Building CXX object CMakeFiles/host_bisheng_obj.dir/mnt/workspace/hc-pre-reduction-20260930/batch-comb-source-candidate/csrc/kernels/sgmv_shrink.cpp.o
[ 50%] Building CXX object CMakeFiles/device_aiv_obj.dir/mnt/workspace/hc-pre-reduction-20260930/iteration-08/full-extension-build-candidate/auto_gen/vllm_ascend_kernels/auto_gen_bgmv_shrink.cpp.o
[100%] Built target host_bisheng_obj
[ 77%] Performing install step for 'vllm_ascend_kernels_host'
[100%] Built target host_bisheng_obj
Install the project...
-- Install configuration: "Release"
-- Installing: /mnt/workspace/hc-pre-reduction-20260930/iteration-08/full-extension-build-candidate/vllm_ascend_kernels_host_dir/./objects-Release/host_bisheng_obj/mnt/workspace/hc-pre-reduction-20260930/batch-comb-source-candidate/csrc/kernels/bgmv_expand.cpp.o
-- Installing: /mnt/workspace/hc-pre-reduction-20260930/iteration-08/full-extension-build-candidate/vllm_ascend_kernels_host_dir/./objects-Release/host_bisheng_obj/mnt/workspace/hc-pre-reduction-20260930/batch-comb-source-candidate/csrc/kernels/bgmv_shrink.cpp.o
-- Installing: /mnt/workspace/hc-pre-reduction-20260930/iteration-08/full-extension-build-candidate/vllm_ascend_kernels_host_dir/./objects-Release/host_bisheng_obj/mnt/workspace/hc-pre-reduction-20260930/batch-comb-source-candidate/csrc/kernels/sgmv_expand.cpp.o
-- Installing: /mnt/workspace/hc-pre-reduction-20260930/iteration-08/full-extension-build-candidate/vllm_ascend_kernels_host_dir/./objects-Release/host_bisheng_obj/mnt/workspace/hc-pre-reduction-20260930/batch-comb-source-candidate/csrc/kernels/sgmv_shrink.cpp.o
[ 79%] Completed 'vllm_ascend_kernels_host'
[ 79%] Built target vllm_ascend_kernels_host
[ 75%] Building CXX object CMakeFiles/device_aiv_obj.dir/mnt/workspace/hc-pre-reduction-20260930/iteration-08/full-extension-build-candidate/auto_gen/vllm_ascend_kernels/auto_gen_sgmv_expand.cpp.o
In file included from /mnt/workspace/hc-pre-reduction-20260930/iteration-08/full-extension-build-candidate/auto_gen/vllm_ascend_kernels/auto_gen_bgmv_shrink.cpp:8:
/mnt/workspace/hc-pre-reduction-20260930/batch-comb-source-candidate/csrc/kernels/bgmv_shrink.cpp:156:9: warning: use of function template name with no prior declaration in function call with explicit template arguments is a C++20 extension [-Wc++20-extensions]
        ReduceSum<float>(wTmpTensor, wTmpTensor, wTmpTensor, numElements);
        ^
1 warning generated.
[100%] Building CXX object CMakeFiles/device_aiv_obj.dir/mnt/workspace/hc-pre-reduction-20260930/iteration-08/full-extension-build-candidate/auto_gen/vllm_ascend_kernels/auto_gen_sgmv_shrink.cpp.o
In file included from /mnt/workspace/hc-pre-reduction-20260930/iteration-08/full-extension-build-candidate/auto_gen/vllm_ascend_kernels/auto_gen_sgmv_shrink.cpp:8:
/mnt/workspace/hc-pre-reduction-20260930/batch-comb-source-candidate/csrc/kernels/sgmv_shrink.cpp:168:9: warning: use of function template name with no prior declaration in function call with explicit template arguments is a C++20 extension [-Wc++20-extensions]
        ReduceSum<float>(wTmpTensor, wTmpTensor, wTmpTensor, numElements);
        ^
1 warning generated.
[100%] Built target device_aiv_obj
/mnt/workspace/mhc-validation-20260930/Ascend/cann-9.1.0/aarch64-linux/ccec_compiler/bin/ld.lld  -m aicorelinux -r  -Ttext=0 /mnt/workspace/hc-pre-reduction-20260930/iteration-08/full-extension-build-candidate/vllm_ascend_kernels_aiv_device-prefix/src/vllm_ascend_kernels_aiv_device-build/CMakeFiles/device_aiv_obj.dir/mnt/workspace/hc-pre-reduction-20260930/iteration-08/full-extension-build-candidate/auto_gen/vllm_ascend_kernels/auto_gen_bgmv_expand.cpp.o /mnt/workspace/hc-pre-reduction-20260930/iteration-08/full-extension-build-candidate/vllm_ascend_kernels_aiv_device-prefix/src/vllm_ascend_kernels_aiv_device-build/CMakeFiles/device_aiv_obj.dir/mnt/workspace/hc-pre-reduction-20260930/iteration-08/full-extension-build-candidate/auto_gen/vllm_ascend_kernels/auto_gen_bgmv_shrink.cpp.o /mnt/workspace/hc-pre-reduction-20260930/iteration-08/full-extension-build-candidate/vllm_ascend_kernels_aiv_device-prefix/src/vllm_ascend_kernels_aiv_device-build/CMakeFiles/device_aiv_obj.dir/mnt/workspace/hc-pre-reduction-20260930/iteration-08/full-extension-build-candidate/auto_gen/vllm_ascend_kernels/auto_gen_sgmv_expand.cpp.o /mnt/workspace/hc-pre-reduction-20260930/iteration-08/full-extension-build-candidate/vllm_ascend_kernels_aiv_device-prefix/src/vllm_ascend_kernels_aiv_device-build/CMakeFiles/device_aiv_obj.dir/mnt/workspace/hc-pre-reduction-20260930/iteration-08/full-extension-build-candidate/auto_gen/vllm_ascend_kernels/auto_gen_sgmv_shrink.cpp.o -static -o /mnt/workspace/hc-pre-reduction-20260930/iteration-08/full-extension-build-candidate/vllm_ascend_kernels_aiv_device_dir/device_aiv.o
[100%] Built target merge_aiv_device_obj
[ 81%] No install step for 'vllm_ascend_kernels_aiv_device'
[ 83%] Completed 'vllm_ascend_kernels_aiv_device'
[ 83%] Built target vllm_ascend_kernels_aiv_device
/mnt/workspace/mhc-validation-20260930/Ascend/cann-9.1.0/aarch64-linux/ccec_compiler/bin/ld.lld -x -m aicorelinux   -Ttext=0 /mnt/workspace/hc-pre-reduction-20260930/iteration-08/full-extension-build-candidate/vllm_ascend_kernels_aiv_device_dir/device_aiv.o -static -o /mnt/workspace/hc-pre-reduction-20260930/iteration-08/full-extension-build-candidate/vllm_ascend_kernels_merge_obj_dir/device_aiv.o
[ 83%] Built target vllm_ascend_kernels_merge_obj
[ 85%] Building CXX object CMakeFiles/vllm_ascend_kernels_host_stub_obj.dir/auto_gen/vllm_ascend_kernels/host_stub.cpp.o
[ 85%] Built target vllm_ascend_kernels_host_stub_obj
[ 87%] Linking CXX shared library lib/libvllm_ascend_kernels.so
/mnt/workspace/mhc-validation-20260930/Ascend/cann-9.1.0/bin/ascendc_pack_kernel /mnt/workspace/hc-pre-reduction-20260930/iteration-08/full-extension-build-candidate/CMakeFiles/vllm_ascend_kernels_host_stub_obj.dir/auto_gen/vllm_ascend_kernels/host_stub.cpp.o /mnt/workspace/hc-pre-reduction-20260930/iteration-08/full-extension-build-candidate/vllm_ascend_kernels_merge_obj_dir/device_aiv.o 1 /mnt/workspace/hc-pre-reduction-20260930/iteration-08/full-extension-build-candidate/CMakeFiles/vllm_ascend_kernels_host_stub_obj.dir/auto_gen/vllm_ascend_kernels/host_stub.cpp.o
recompile: /usr/bin/g++-13 -fPIC -O3 -DNDEBUG -shared -Wl,-z,relro -Wl,-z,now -Wl,-z,noexecstack -s -Wl,-soname,libvllm_ascend_kernels.so -o lib/libvllm_ascend_kernels.so CMakeFiles/vllm_ascend_kernels_host_stub_obj.dir/auto_gen/vllm_ascend_kernels/host_stub.cpp.o /mnt/workspace/hc-pre-reduction-20260930/iteration-08/full-extension-build-candidate/vllm_ascend_kernels_host_dir/objects-Release/host_bisheng_obj/mnt/workspace/hc-pre-reduction-20260930/batch-comb-source-candidate/csrc/kernels/bgmv_expand.cpp.o /mnt/workspace/hc-pre-reduction-20260930/iteration-08/full-extension-build-candidate/vllm_ascend_kernels_host_dir/objects-Release/host_bisheng_obj/mnt/workspace/hc-pre-reduction-20260930/batch-comb-source-candidate/csrc/kernels/bgmv_shrink.cpp.o /mnt/workspace/hc-pre-reduction-20260930/iteration-08/full-extension-build-candidate/vllm_ascend_kernels_host_dir/objects-Release/host_bisheng_obj/mnt/workspace/hc-pre-reduction-20260930/batch-comb-source-candidate/csrc/kernels/sgmv_expand.cpp.o /mnt/workspace/hc-pre-reduction-20260930/iteration-08/full-extension-build-candidate/vllm_ascend_kernels_host_dir/objects-Release/host_bisheng_obj/mnt/workspace/hc-pre-reduction-20260930/batch-comb-source-candidate/csrc/kernels/sgmv_shrink.cpp.o    -L/mnt/workspace/mhc-validation-20260930/Ascend/cann-9.1.0/lib64  -L/mnt/workspace/mhc-validation-20260930/Ascend/cann-9.1.0/tools/simulator/ascend910b1/lib  /mnt/workspace/mhc-validation-20260930/Ascend/cann-9.1.0/lib64/libascendc_runtime.a -lascend_dump -lc_sec
[ 87%] Built target vllm_ascend_kernels
[ 91%] Building CXX object CMakeFiles/vllm_ascend_C.dir/csrc/aclnn_torch_adapter/NPUBridge.cpp.o
[ 91%] Building CXX object CMakeFiles/vllm_ascend_C.dir/csrc/aclnn_torch_adapter/NPUStorageImpl.cpp.o
[ 93%] Building CXX object CMakeFiles/vllm_ascend_C.dir/csrc/camem_allocator.cpp.o
[ 95%] Building CXX object CMakeFiles/vllm_ascend_C.dir/csrc/torch_binding.cpp.o
[ 97%] Building CXX object CMakeFiles/vllm_ascend_C.dir/csrc/torch_binding_meta.cpp.o
In file included from /mnt/workspace/hc-pre-reduction-20260930/batch-comb-source-candidate/csrc/torch_binding.cpp:32:
/mnt/workspace/hc-pre-reduction-20260930/batch-comb-source-candidate/csrc/moe/add_rms_norm_bias/add_rms_norm_bias_torch_adpt.h: In function ‘std::tuple<at::Tensor, at::Tensor, at::Tensor> vllm_ascend::npu_add_rms_norm_bias(const at::Tensor&, const at::Tensor&, const at::Tensor&, const std::optional<at::Tensor>&, double)’:
/mnt/workspace/hc-pre-reduction-20260930/batch-comb-source-candidate/csrc/aclnn_torch_adapter/op_api_common.h:743:22: warning: narrowing conversion of ‘workspace_size’ from ‘uint64_t’ {aka ‘long unsigned int’} to ‘long int’ [-Wnarrowing]
  743 |           at::empty({workspace_size}, options.dtype(kByte));                  \
      |                      ^~~~~~~~~~~~~~
/mnt/workspace/hc-pre-reduction-20260930/batch-comb-source-candidate/csrc/moe/add_rms_norm_bias/add_rms_norm_bias_torch_adpt.h:49:5: note: in expansion of macro ‘EXEC_NPU_CMD’
   49 |     EXEC_NPU_CMD(aclnnAddRmsNormBias, x1, x2, gamma, beta, epsilon, y, rstd, x);
      |     ^~~~~~~~~~~~
/mnt/workspace/hc-pre-reduction-20260930/batch-comb-source-candidate/csrc/aclnn_torch_adapter/op_api_common.h:743:22: warning: narrowing conversion of ‘workspace_size’ from ‘uint64_t’ {aka ‘long unsigned int’} to ‘long int’ [-Wnarrowing]
  743 |           at::empty({workspace_size}, options.dtype(kByte));                  \
      |                      ^~~~~~~~~~~~~~
/mnt/workspace/hc-pre-reduction-20260930/batch-comb-source-candidate/csrc/moe/add_rms_norm_bias/add_rms_norm_bias_torch_adpt.h:49:5: note: in expansion of macro ‘EXEC_NPU_CMD’
   49 |     EXEC_NPU_CMD(aclnnAddRmsNormBias, x1, x2, gamma, beta, epsilon, y, rstd, x);
      |     ^~~~~~~~~~~~
/mnt/workspace/hc-pre-reduction-20260930/batch-comb-source-candidate/csrc/moe/rms_norm_cast/rms_norm_cast_torch_adpt.h: In function ‘std::tuple<at::Tensor, at::Tensor> vllm_ascend::npu_rms_norm_cast(const at::Tensor&, const at::Tensor&, double)’:
/mnt/workspace/hc-pre-reduction-20260930/batch-comb-source-candidate/csrc/aclnn_torch_adapter/op_api_common.h:743:22: warning: narrowing conversion of ‘workspace_size’ from ‘uint64_t’ {aka ‘long unsigned int’} to ‘long int’ [-Wnarrowing]
  743 |           at::empty({workspace_size}, options.dtype(kByte));                  \
      |                      ^~~~~~~~~~~~~~
/mnt/workspace/hc-pre-reduction-20260930/batch-comb-source-candidate/csrc/moe/rms_norm_cast/rms_norm_cast_torch_adpt.h:21:5: note: in expansion of macro ‘EXEC_NPU_CMD’
   21 |     EXEC_NPU_CMD(aclnnRmsNormCast, x, gamma, epsilon, y, y_fp32);
      |     ^~~~~~~~~~~~
/mnt/workspace/hc-pre-reduction-20260930/batch-comb-source-candidate/csrc/aclnn_torch_adapter/op_api_common.h:743:22: warning: narrowing conversion of ‘workspace_size’ from ‘uint64_t’ {aka ‘long unsigned int’} to ‘long int’ [-Wnarrowing]
  743 |           at::empty({workspace_size}, options.dtype(kByte));                  \
      |                      ^~~~~~~~~~~~~~
/mnt/workspace/hc-pre-reduction-20260930/batch-comb-source-candidate/csrc/moe/rms_norm_cast/rms_norm_cast_torch_adpt.h:21:5: note: in expansion of macro ‘EXEC_NPU_CMD’
   21 |     EXEC_NPU_CMD(aclnnRmsNormCast, x, gamma, epsilon, y, y_fp32);
      |     ^~~~~~~~~~~~
/mnt/workspace/hc-pre-reduction-20260930/batch-comb-source-candidate/csrc/mla_preprocess/mla_preprocess_torch_adpt.h: In function ‘std::tuple<at::Tensor&, at::Tensor&, at::Tensor&, at::Tensor&, at::Tensor&> vllm_ascend::mla_preprocess(const at::Tensor&, const at::Tensor&, const std::optional<at::Tensor>&, const at::Tensor&, const std::optional<at::Tensor>&, const at::Tensor&, const std::optional<at::Tensor>&, const at::Tensor&, const std::optional<at::Tensor>&, const std::optional<at::Tensor>&, const at::Tensor&, const at::Tensor&, const at::Tensor&, const at::Tensor&, const std::optional<at::Tensor>&, const std::optional<at::Tensor>&, const std::optional<at::Tensor>&, const std::optional<at::Tensor>&, const std::optional<at::Tensor>&, const std::optional<at::Tensor>&, const std::optional<at::Tensor>&, const std::optional<at::Tensor>&, std::optional<std::basic_string_view<char> >, std::optional<std::basic_string_view<char> >, std::optional<bool>, at::Tensor&, at::Tensor&, at::Tensor&, at::Tensor&, at::Tensor&)’:
/mnt/workspace/hc-pre-reduction-20260930/batch-comb-source-candidate/csrc/aclnn_torch_adapter/op_api_common.h:743:22: warning: narrowing conversion of ‘workspace_size’ from ‘uint64_t’ {aka ‘long unsigned int’} to ‘long int’ [-Wnarrowing]
  743 |           at::empty({workspace_size}, options.dtype(kByte));                  \
      |                      ^~~~~~~~~~~~~~
/mnt/workspace/hc-pre-reduction-20260930/batch-comb-source-candidate/csrc/mla_preprocess/mla_preprocess_torch_adpt.h:155:5: note: in expansion of macro ‘EXEC_NPU_CMD’
  155 |     EXEC_NPU_CMD(
      |     ^~~~~~~~~~~~
/mnt/workspace/hc-pre-reduction-20260930/batch-comb-source-candidate/csrc/aclnn_torch_adapter/op_api_common.h:743:22: warning: narrowing conversion of ‘workspace_size’ from ‘uint64_t’ {aka ‘long unsigned int’} to ‘long int’ [-Wnarrowing]
  743 |           at::empty({workspace_size}, options.dtype(kByte));                  \
      |                      ^~~~~~~~~~~~~~
/mnt/workspace/hc-pre-reduction-20260930/batch-comb-source-candidate/csrc/mla_preprocess/mla_preprocess_torch_adpt.h:155:5: note: in expansion of macro ‘EXEC_NPU_CMD’
  155 |     EXEC_NPU_CMD(
      |     ^~~~~~~~~~~~
/mnt/workspace/hc-pre-reduction-20260930/batch-comb-source-candidate/csrc/mc2/dispatch_ffn_combine/dispatch_ffn_combine_torch_adpt.h: In function ‘std::tuple<at::Tensor&, at::Tensor&> vllm_ascend::dispatch_ffn_combine(const at::Tensor&, const at::TensorList&, const at::TensorList&, const at::Tensor&, const at::TensorList&, const at::TensorList&, const at::TensorList&, const at::TensorList&, const at::Tensor&, c10::string_view, int64_t, at::Tensor&, at::Tensor&, const std::optional<at::Tensor>&, double)’:
/mnt/workspace/hc-pre-reduction-20260930/batch-comb-source-candidate/csrc/aclnn_torch_adapter/op_api_common.h:743:22: warning: narrowing conversion of ‘workspace_size’ from ‘uint64_t’ {aka ‘long unsigned int’} to ‘long int’ [-Wnarrowing]
  743 |           at::empty({workspace_size}, options.dtype(kByte));                  \
      |                      ^~~~~~~~~~~~~~
/mnt/workspace/hc-pre-reduction-20260930/batch-comb-source-candidate/csrc/mc2/dispatch_ffn_combine/dispatch_ffn_combine_torch_adpt.h:41:9: note: in expansion of macro ‘EXEC_NPU_CMD’
   41 |         EXEC_NPU_CMD(aclnnDispatchFFNCombine,
      |         ^~~~~~~~~~~~
/mnt/workspace/hc-pre-reduction-20260930/batch-comb-source-candidate/csrc/aclnn_torch_adapter/op_api_common.h:743:22: warning: narrowing conversion of ‘workspace_size’ from ‘uint64_t’ {aka ‘long unsigned int’} to ‘long int’ [-Wnarrowing]
  743 |           at::empty({workspace_size}, options.dtype(kByte));                  \
      |                      ^~~~~~~~~~~~~~
/mnt/workspace/hc-pre-reduction-20260930/batch-comb-source-candidate/csrc/mc2/dispatch_ffn_combine/dispatch_ffn_combine_torch_adpt.h:41:9: note: in expansion of macro ‘EXEC_NPU_CMD’
   41 |         EXEC_NPU_CMD(aclnnDispatchFFNCombine,
      |         ^~~~~~~~~~~~
/mnt/workspace/hc-pre-reduction-20260930/batch-comb-source-candidate/csrc/aclnn_torch_adapter/op_api_common.h:743:22: warning: narrowing conversion of ‘workspace_size’ from ‘uint64_t’ {aka ‘long unsigned int’} to ‘long int’ [-Wnarrowing]
  743 |           at::empty({workspace_size}, options.dtype(kByte));                  \
      |                      ^~~~~~~~~~~~~~
/mnt/workspace/hc-pre-reduction-20260930/batch-comb-source-candidate/csrc/mc2/dispatch_ffn_combine/dispatch_ffn_combine_torch_adpt.h:56:9: note: in expansion of macro ‘EXEC_NPU_CMD’
   56 |         EXEC_NPU_CMD(aclnnDispatchFFNCombineW4A8,
      |         ^~~~~~~~~~~~
/mnt/workspace/hc-pre-reduction-20260930/batch-comb-source-candidate/csrc/aclnn_torch_adapter/op_api_common.h:743:22: warning: narrowing conversion of ‘workspace_size’ from ‘uint64_t’ {aka ‘long unsigned int’} to ‘long int’ [-Wnarrowing]
  743 |           at::empty({workspace_size}, options.dtype(kByte));                  \
      |                      ^~~~~~~~~~~~~~
/mnt/workspace/hc-pre-reduction-20260930/batch-comb-source-candidate/csrc/mc2/dispatch_ffn_combine/dispatch_ffn_combine_torch_adpt.h:56:9: note: in expansion of macro ‘EXEC_NPU_CMD’
   56 |         EXEC_NPU_CMD(aclnnDispatchFFNCombineW4A8,
      |         ^~~~~~~~~~~~
/mnt/workspace/hc-pre-reduction-20260930/batch-comb-source-candidate/csrc/aclnn_torch_adapter/op_api_common.h:743:22: warning: narrowing conversion of ‘workspace_size’ from ‘uint64_t’ {aka ‘long unsigned int’} to ‘long int’ [-Wnarrowing]
  743 |           at::empty({workspace_size}, options.dtype(kByte));                  \
      |                      ^~~~~~~~~~~~~~
/mnt/workspace/hc-pre-reduction-20260930/batch-comb-source-candidate/csrc/mc2/dispatch_ffn_combine/dispatch_ffn_combine_torch_adpt.h:73:9: note: in expansion of macro ‘EXEC_NPU_CMD’
   73 |         EXEC_NPU_CMD(aclnnDispatchFFNCombineBF16,
      |         ^~~~~~~~~~~~
/mnt/workspace/hc-pre-reduction-20260930/batch-comb-source-candidate/csrc/aclnn_torch_adapter/op_api_common.h:743:22: warning: narrowing conversion of ‘workspace_size’ from ‘uint64_t’ {aka ‘long unsigned int’} to ‘long int’ [-Wnarrowing]
  743 |           at::empty({workspace_size}, options.dtype(kByte));                  \
      |                      ^~~~~~~~~~~~~~
/mnt/workspace/hc-pre-reduction-20260930/batch-comb-source-candidate/csrc/mc2/dispatch_ffn_combine/dispatch_ffn_combine_torch_adpt.h:73:9: note: in expansion of macro ‘EXEC_NPU_CMD’
   73 |         EXEC_NPU_CMD(aclnnDispatchFFNCombineBF16,
      |         ^~~~~~~~~~~~
/mnt/workspace/hc-pre-reduction-20260930/batch-comb-source-candidate/csrc/gmm/grouped_matmul_swiglu_quant_weight_nz_tensor_list/grouped_matmul_swiglu_quant_torch_adpt.h: In function ‘std::tuple<at::Tensor, at::Tensor, at::Tensor> vllm_ascend::grouped_matmul_swiglu_quant_weight_nz(const at::Tensor&, const at::Tensor&, const at::Tensor&, const at::Tensor&, const at::Tensor&, const std::optional<at::Tensor>&, const std::optional<at::Tensor>&, double)’:
/mnt/workspace/hc-pre-reduction-20260930/batch-comb-source-candidate/csrc/aclnn_torch_adapter/op_api_common.h:743:22: warning: narrowing conversion of ‘workspace_size’ from ‘uint64_t’ {aka ‘long unsigned int’} to ‘long int’ [-Wnarrowing]
  743 |           at::empty({workspace_size}, options.dtype(kByte));                  \
      |                      ^~~~~~~~~~~~~~
/mnt/workspace/hc-pre-reduction-20260930/batch-comb-source-candidate/csrc/gmm/grouped_matmul_swiglu_quant_weight_nz_tensor_list/grouped_matmul_swiglu_quant_torch_adpt.h:37:5: note: in expansion of macro ‘EXEC_NPU_CMD’
   37 |     EXEC_NPU_CMD(
      |     ^~~~~~~~~~~~
/mnt/workspace/hc-pre-reduction-20260930/batch-comb-source-candidate/csrc/aclnn_torch_adapter/op_api_common.h:743:22: warning: narrowing conversion of ‘workspace_size’ from ‘uint64_t’ {aka ‘long unsigned int’} to ‘long int’ [-Wnarrowing]
  743 |           at::empty({workspace_size}, options.dtype(kByte));                  \
      |                      ^~~~~~~~~~~~~~
/mnt/workspace/hc-pre-reduction-20260930/batch-comb-source-candidate/csrc/gmm/grouped_matmul_swiglu_quant_weight_nz_tensor_list/grouped_matmul_swiglu_quant_torch_adpt.h:37:5: note: in expansion of macro ‘EXEC_NPU_CMD’
   37 |     EXEC_NPU_CMD(
      |     ^~~~~~~~~~~~
/mnt/workspace/hc-pre-reduction-20260930/batch-comb-source-candidate/csrc/gmm/grouped_matmul_swiglu_quant_weight_nz_tensor_list/grouped_matmul_swiglu_quant_torch_adpt.h: In function ‘std::tuple<at::Tensor, at::Tensor, at::Tensor> vllm_ascend::grouped_matmul_swiglu_quant_weight_nz_tensor_list(const at::Tensor&, const at::TensorList&, const at::TensorList&, const at::Tensor&, const at::Tensor&, const std::optional<at::Tensor>&, const std::optional<at::Tensor>&, double)’:
/mnt/workspace/hc-pre-reduction-20260930/batch-comb-source-candidate/csrc/aclnn_torch_adapter/op_api_common.h:743:22: warning: narrowing conversion of ‘workspace_size’ from ‘uint64_t’ {aka ‘long unsigned int’} to ‘long int’ [-Wnarrowing]
  743 |           at::empty({workspace_size}, options.dtype(kByte));                  \
      |                      ^~~~~~~~~~~~~~
/mnt/workspace/hc-pre-reduction-20260930/batch-comb-source-candidate/csrc/gmm/grouped_matmul_swiglu_quant_weight_nz_tensor_list/grouped_matmul_swiglu_quant_torch_adpt.h:82:5: note: in expansion of macro ‘EXEC_NPU_CMD’
   82 |     EXEC_NPU_CMD(
      |     ^~~~~~~~~~~~
/mnt/workspace/hc-pre-reduction-20260930/batch-comb-source-candidate/csrc/aclnn_torch_adapter/op_api_common.h:743:22: warning: narrowing conversion of ‘workspace_size’ from ‘uint64_t’ {aka ‘long unsigned int’} to ‘long int’ [-Wnarrowing]
  743 |           at::empty({workspace_size}, options.dtype(kByte));                  \
      |                      ^~~~~~~~~~~~~~
/mnt/workspace/hc-pre-reduction-20260930/batch-comb-source-candidate/csrc/gmm/grouped_matmul_swiglu_quant_weight_nz_tensor_list/grouped_matmul_swiglu_quant_torch_adpt.h:82:5: note: in expansion of macro ‘EXEC_NPU_CMD’
   82 |     EXEC_NPU_CMD(
      |     ^~~~~~~~~~~~
/mnt/workspace/hc-pre-reduction-20260930/batch-comb-source-candidate/csrc/gmm/grouped_matmul_swiglu_quant_v2/grouped_matmul_swiglu_quant_v2_torch_adpt.h: In function ‘std::tuple<at::Tensor, at::Tensor> vllm_ascend::grouped_matmul_swiglu_quant_v2(const at::Tensor&, const at::TensorList&, const at::TensorList&, const at::Tensor&, const at::Tensor&, const std::optional<at::Tensor>&, std::optional<c10::ArrayRef<at::Tensor> >, const std::optional<at::Tensor>&, std::optional<long int>, std::optional<long int>, std::optional<long int>, std::optional<long int>, bool, int64_t, at::IntArrayRef, double)’:
/mnt/workspace/hc-pre-reduction-20260930/batch-comb-source-candidate/csrc/aclnn_torch_adapter/op_api_common.h:743:22: warning: narrowing conversion of ‘workspace_size’ from ‘uint64_t’ {aka ‘long unsigned int’} to ‘long int’ [-Wnarrowing]
  743 |           at::empty({workspace_size}, options.dtype(kByte));                  \
      |                      ^~~~~~~~~~~~~~
/mnt/workspace/hc-pre-reduction-20260930/batch-comb-source-candidate/csrc/gmm/grouped_matmul_swiglu_quant_v2/grouped_matmul_swiglu_quant_v2_torch_adpt.h:53:5: note: in expansion of macro ‘EXEC_NPU_CMD’
   53 |     EXEC_NPU_CMD(
      |     ^~~~~~~~~~~~
/mnt/workspace/hc-pre-reduction-20260930/batch-comb-source-candidate/csrc/aclnn_torch_adapter/op_api_common.h:743:22: warning: narrowing conversion of ‘workspace_size’ from ‘uint64_t’ {aka ‘long unsigned int’} to ‘long int’ [-Wnarrowing]
  743 |           at::empty({workspace_size}, options.dtype(kByte));                  \
      |                      ^~~~~~~~~~~~~~
/mnt/workspace/hc-pre-reduction-20260930/batch-comb-source-candidate/csrc/gmm/grouped_matmul_swiglu_quant_v2/grouped_matmul_swiglu_quant_v2_torch_adpt.h:53:5: note: in expansion of macro ‘EXEC_NPU_CMD’
   53 |     EXEC_NPU_CMD(
      |     ^~~~~~~~~~~~
In file included from /mnt/workspace/hc-pre-reduction-20260930/batch-comb-source-candidate/csrc/torch_binding.cpp:41:
/mnt/workspace/hc-pre-reduction-20260930/batch-comb-source-candidate/csrc/moe/moe_gating_top_k/moe_gating_top_k_torch_adpt.h: In function ‘std::tuple<at::Tensor, at::Tensor, at::Tensor> vllm_ascend::moe_gating_top_k(const at::Tensor&, int64_t, int64_t, int64_t, int64_t, int64_t, int64_t, bool, double, double, const std::optional<at::Tensor>&)’:
/mnt/workspace/hc-pre-reduction-20260930/batch-comb-source-candidate/csrc/moe/moe_gating_top_k/moe_gating_top_k_torch_adpt.h:42:48: warning: ‘constexpr T c10::value_or_else(const std::optional<_Tp>&, F&&) [with T = at::Tensor; F = vllm_ascend::moe_gating_top_k(const at::Tensor&, int64_t, int64_t, int64_t, int64_t, int64_t, int64_t, bool, double, double, const std::optional<at::Tensor>&)::<lambda()>]’ is deprecated: Please use std::optional::value_or instead of c10::value_or_else [-Wdeprecated-declarations]
   42 |     const at::Tensor &bias = c10::value_or_else(bias_opt, [] { return at::Tensor(); });
      |                              ~~~~~~~~~~~~~~~~~~^~~~~~~~~~~~~~~~~~~~~~~~~~~~~~~~~~~~~~~
In file included from /mnt/workspace/mhc-validation-20260930/venv/lib/python3.12/site-packages/torch/include/c10/core/SymInt.h:9,
                 from /mnt/workspace/mhc-validation-20260930/venv/lib/python3.12/site-packages/torch/include/c10/core/Scalar.h:13,
                 from /mnt/workspace/mhc-validation-20260930/venv/lib/python3.12/site-packages/torch/include/ATen/core/TensorBody.h:17,
                 from /mnt/workspace/mhc-validation-20260930/venv/lib/python3.12/site-packages/torch/include/ATen/core/Tensor.h:4,
                 from /mnt/workspace/mhc-validation-20260930/venv/lib/python3.12/site-packages/torch/include/ATen/Tensor.h:4,
                 from /mnt/workspace/mhc-validation-20260930/venv/lib/python3.12/site-packages/torch/include/torch/csrc/autograd/function_hook.h:4,
                 from /mnt/workspace/mhc-validation-20260930/venv/lib/python3.12/site-packages/torch/include/torch/csrc/autograd/cpp_hook.h:3,
                 from /mnt/workspace/mhc-validation-20260930/venv/lib/python3.12/site-packages/torch/include/torch/csrc/autograd/variable.h:7,
                 from /mnt/workspace/mhc-validation-20260930/venv/lib/python3.12/site-packages/torch/include/torch/csrc/autograd/autograd.h:4,
                 from /mnt/workspace/mhc-validation-20260930/venv/lib/python3.12/site-packages/torch/include/torch/csrc/api/include/torch/autograd.h:4,
                 from /mnt/workspace/mhc-validation-20260930/venv/lib/python3.12/site-packages/torch/include/torch/csrc/api/include/torch/all.h:8,
                 from /mnt/workspace/mhc-validation-20260930/venv/lib/python3.12/site-packages/torch/include/torch/extension.h:6,
                 from /mnt/workspace/hc-pre-reduction-20260930/batch-comb-source-candidate/csrc/torch_binding.cpp:18:
/mnt/workspace/mhc-validation-20260930/venv/lib/python3.12/site-packages/torch/include/c10/util/Optional.h:40:1: note: declared here
   40 | value_or_else(const std::optional<T>& v, F&& func) {
      | ^~~~~~~~~~~~~
/mnt/workspace/hc-pre-reduction-20260930/batch-comb-source-candidate/csrc/aclnn_torch_adapter/op_api_common.h:743:22: warning: narrowing conversion of ‘workspace_size’ from ‘uint64_t’ {aka ‘long unsigned int’} to ‘long int’ [-Wnarrowing]
  743 |           at::empty({workspace_size}, options.dtype(kByte));                  \
      |                      ^~~~~~~~~~~~~~
/mnt/workspace/hc-pre-reduction-20260930/batch-comb-source-candidate/csrc/moe/moe_gating_top_k/moe_gating_top_k_torch_adpt.h:53:5: note: in expansion of macro ‘EXEC_NPU_CMD’
   53 |     EXEC_NPU_CMD(aclnnMoeGatingTopK,
      |     ^~~~~~~~~~~~
/mnt/workspace/hc-pre-reduction-20260930/batch-comb-source-candidate/csrc/aclnn_torch_adapter/op_api_common.h:743:22: warning: narrowing conversion of ‘workspace_size’ from ‘uint64_t’ {aka ‘long unsigned int’} to ‘long int’ [-Wnarrowing]
  743 |           at::empty({workspace_size}, options.dtype(kByte));                  \
      |                      ^~~~~~~~~~~~~~
/mnt/workspace/hc-pre-reduction-20260930/batch-comb-source-candidate/csrc/moe/moe_gating_top_k/moe_gating_top_k_torch_adpt.h:53:5: note: in expansion of macro ‘EXEC_NPU_CMD’
   53 |     EXEC_NPU_CMD(aclnnMoeGatingTopK,
      |     ^~~~~~~~~~~~
/mnt/workspace/hc-pre-reduction-20260930/batch-comb-source-candidate/csrc/attention/sparse_flash_attention/sparse_flash_attention_torch_adpt.h: In function ‘std::tuple<at::Tensor, at::Tensor, at::Tensor> vllm_ascend::npu_sparse_flash_attention(const at::Tensor&, const at::Tensor&, const at::Tensor&, const at::Tensor&, double, const std::optional<at::Tensor>&, const std::optional<at::Tensor>&, const std::optional<at::Tensor>&, const std::optional<at::Tensor>&, const std::optional<at::Tensor>&, int64_t, c10::string_view, c10::string_view, int64_t, int64_t, int64_t, int64_t, bool)’:
/mnt/workspace/hc-pre-reduction-20260930/batch-comb-source-candidate/csrc/aclnn_torch_adapter/op_api_common.h:743:22: warning: narrowing conversion of ‘workspace_size’ from ‘uint64_t’ {aka ‘long unsigned int’} to ‘long int’ [-Wnarrowing]
  743 |           at::empty({workspace_size}, options.dtype(kByte));                  \
      |                      ^~~~~~~~~~~~~~
/mnt/workspace/hc-pre-reduction-20260930/batch-comb-source-candidate/csrc/attention/sparse_flash_attention/sparse_flash_attention_torch_adpt.h:124:5: note: in expansion of macro ‘EXEC_NPU_CMD’
  124 |     EXEC_NPU_CMD(
      |     ^~~~~~~~~~~~
/mnt/workspace/hc-pre-reduction-20260930/batch-comb-source-candidate/csrc/aclnn_torch_adapter/op_api_common.h:743:22: warning: narrowing conversion of ‘workspace_size’ from ‘uint64_t’ {aka ‘long unsigned int’} to ‘long int’ [-Wnarrowing]
  743 |           at::empty({workspace_size}, options.dtype(kByte));                  \
      |                      ^~~~~~~~~~~~~~
/mnt/workspace/hc-pre-reduction-20260930/batch-comb-source-candidate/csrc/attention/sparse_flash_attention/sparse_flash_attention_torch_adpt.h:124:5: note: in expansion of macro ‘EXEC_NPU_CMD’
  124 |     EXEC_NPU_CMD(
      |     ^~~~~~~~~~~~
/mnt/workspace/hc-pre-reduction-20260930/batch-comb-source-candidate/csrc/attention/sparse_flash_mla/sparse_flash_mla_torch_adpt.h: In function ‘at::Tensor vllm_ascend::npu_sparse_flash_mla_metadata(int64_t, int64_t, int64_t, const std::optional<at::Tensor>&, const std::optional<at::Tensor>&, const std::optional<at::Tensor>&, const std::optional<at::Tensor>&, const std::optional<at::Tensor>&, const std::optional<at::Tensor>&, const std::optional<at::Tensor>&, const std::optional<at::Tensor>&, const std::optional<at::Tensor>&, int64_t, int64_t, int64_t, int64_t, int64_t, int64_t, int64_t, int64_t, int64_t, int64_t, int64_t, c10::string_view, c10::string_view, bool, bool)’:
/mnt/workspace/hc-pre-reduction-20260930/batch-comb-source-candidate/csrc/aclnn_torch_adapter/op_api_common.h:743:22: warning: narrowing conversion of ‘workspace_size’ from ‘uint64_t’ {aka ‘long unsigned int’} to ‘long int’ [-Wnarrowing]
  743 |           at::empty({workspace_size}, options.dtype(kByte));                  \
      |                      ^~~~~~~~~~~~~~
/mnt/workspace/hc-pre-reduction-20260930/batch-comb-source-candidate/csrc/attention/sparse_flash_mla/sparse_flash_mla_torch_adpt.h:83:5: note: in expansion of macro ‘EXEC_NPU_CMD’
   83 |     EXEC_NPU_CMD(aclnnSparseFlashMlaMetadata, cuSeqlensQVal, cuSeqlensOriKvVal, cuSeqlensCmpKvVal, sequsedQVal,
      |     ^~~~~~~~~~~~
/mnt/workspace/hc-pre-reduction-20260930/batch-comb-source-candidate/csrc/aclnn_torch_adapter/op_api_common.h:743:22: warning: narrowing conversion of ‘workspace_size’ from ‘uint64_t’ {aka ‘long unsigned int’} to ‘long int’ [-Wnarrowing]
  743 |           at::empty({workspace_size}, options.dtype(kByte));                  \
      |                      ^~~~~~~~~~~~~~
/mnt/workspace/hc-pre-reduction-20260930/batch-comb-source-candidate/csrc/attention/sparse_flash_mla/sparse_flash_mla_torch_adpt.h:83:5: note: in expansion of macro ‘EXEC_NPU_CMD’
   83 |     EXEC_NPU_CMD(aclnnSparseFlashMlaMetadata, cuSeqlensQVal, cuSeqlensOriKvVal, cuSeqlensCmpKvVal, sequsedQVal,
      |     ^~~~~~~~~~~~
/mnt/workspace/hc-pre-reduction-20260930/batch-comb-source-candidate/csrc/attention/sparse_flash_mla/sparse_flash_mla_torch_adpt.h: In function ‘std::tuple<at::Tensor, at::Tensor> vllm_ascend::npu_sparse_flash_mla(const at::Tensor&, const std::optional<at::Tensor>&, const std::optional<at::Tensor>&, const std::optional<at::Tensor>&, const std::optional<at::Tensor>&, const std::optional<at::Tensor>&, const std::optional<at::Tensor>&, const std::optional<at::Tensor>&, const std::optional<at::Tensor>&, const std::optional<at::Tensor>&, const std::optional<at::Tensor>&, const std::optional<at::Tensor>&, const std::optional<at::Tensor>&, const std::optional<at::Tensor>&, const std::optional<at::Tensor>&, const std::optional<at::Tensor>&, const std::optional<at::Tensor>&, const std::optional<at::Tensor>&, double, int64_t, int64_t, int64_t, int64_t, int64_t, c10::string_view, c10::string_view, int64_t, bool)’:
/mnt/workspace/hc-pre-reduction-20260930/batch-comb-source-candidate/csrc/aclnn_torch_adapter/op_api_common.h:743:22: warning: narrowing conversion of ‘workspace_size’ from ‘uint64_t’ {aka ‘long unsigned int’} to ‘long int’ [-Wnarrowing]
  743 |           at::empty({workspace_size}, options.dtype(kByte));                  \
      |                      ^~~~~~~~~~~~~~
/mnt/workspace/hc-pre-reduction-20260930/batch-comb-source-candidate/csrc/attention/sparse_flash_mla/sparse_flash_mla_torch_adpt.h:173:5: note: in expansion of macro ‘EXEC_NPU_CMD’
  173 |     EXEC_NPU_CMD(aclnnSparseFlashMla, q, oriKv, cmpKv, oriSparseIndices, cmpSparseIndices, oriBlockTable, cmpBlockTable,
      |     ^~~~~~~~~~~~
/mnt/workspace/hc-pre-reduction-20260930/batch-comb-source-candidate/csrc/aclnn_torch_adapter/op_api_common.h:743:22: warning: narrowing conversion of ‘workspace_size’ from ‘uint64_t’ {aka ‘long unsigned int’} to ‘long int’ [-Wnarrowing]
  743 |           at::empty({workspace_size}, options.dtype(kByte));                  \
      |                      ^~~~~~~~~~~~~~
/mnt/workspace/hc-pre-reduction-20260930/batch-comb-source-candidate/csrc/attention/sparse_flash_mla/sparse_flash_mla_torch_adpt.h:173:5: note: in expansion of macro ‘EXEC_NPU_CMD’
  173 |     EXEC_NPU_CMD(aclnnSparseFlashMla, q, oriKv, cmpKv, oriSparseIndices, cmpSparseIndices, oriBlockTable, cmpBlockTable,
      |     ^~~~~~~~~~~~
/mnt/workspace/hc-pre-reduction-20260930/batch-comb-source-candidate/csrc/attention/quant_lightning_indexer_v2/quant_lightning_indexer_v2_torch_adpt.h: In function ‘at::Tensor vllm_ascend::qli_v2::QuantLightningIndexerMetadata(int64_t, int64_t, int64_t, int64_t, int64_t, const std::optional<at::Tensor>&, const std::optional<at::Tensor>&, const std::optional<at::Tensor>&, const std::optional<at::Tensor>&, const std::optional<at::Tensor>&, int64_t, int64_t, int64_t, c10::string_view, c10::string_view, int64_t, int64_t)’:
/mnt/workspace/hc-pre-reduction-20260930/batch-comb-source-candidate/csrc/aclnn_torch_adapter/op_api_common.h:743:22: warning: narrowing conversion of ‘workspace_size’ from ‘uint64_t’ {aka ‘long unsigned int’} to ‘long int’ [-Wnarrowing]
  743 |           at::empty({workspace_size}, options.dtype(kByte));                  \
      |                      ^~~~~~~~~~~~~~
/mnt/workspace/hc-pre-reduction-20260930/batch-comb-source-candidate/csrc/attention/quant_lightning_indexer_v2/quant_lightning_indexer_v2_torch_adpt.h:58:5: note: in expansion of macro ‘EXEC_NPU_CMD’
   58 |     EXEC_NPU_CMD(aclnnQuantLightningIndexerV2Metadata, cuSeqlensQVal, cuSeqlensKVal, sequsedQVal, sequsedKVal,
      |     ^~~~~~~~~~~~
/mnt/workspace/hc-pre-reduction-20260930/batch-comb-source-candidate/csrc/aclnn_torch_adapter/op_api_common.h:743:22: warning: narrowing conversion of ‘workspace_size’ from ‘uint64_t’ {aka ‘long unsigned int’} to ‘long int’ [-Wnarrowing]
  743 |           at::empty({workspace_size}, options.dtype(kByte));                  \
      |                      ^~~~~~~~~~~~~~
/mnt/workspace/hc-pre-reduction-20260930/batch-comb-source-candidate/csrc/attention/quant_lightning_indexer_v2/quant_lightning_indexer_v2_torch_adpt.h:58:5: note: in expansion of macro ‘EXEC_NPU_CMD’
   58 |     EXEC_NPU_CMD(aclnnQuantLightningIndexerV2Metadata, cuSeqlensQVal, cuSeqlensKVal, sequsedQVal, sequsedKVal,
      |     ^~~~~~~~~~~~
/mnt/workspace/hc-pre-reduction-20260930/batch-comb-source-candidate/csrc/attention/quant_lightning_indexer_v2/quant_lightning_indexer_v2_torch_adpt.h: In function ‘std::tuple<at::Tensor, at::Tensor, at::Tensor> vllm_ascend::qli_v2::QuantLightningIndexerCandidate(const at::Tensor&, const at::Tensor&, const at::Tensor&, const at::Tensor&, const at::Tensor&, int64_t, int64_t, const std::optional<at::Tensor>&, const std::optional<at::Tensor>&, const std::optional<at::Tensor>&, const std::optional<at::Tensor>&, const std::optional<at::Tensor>&, const std::optional<at::Tensor>&, const std::optional<at::Tensor>&, const std::optional<at::Tensor>&, const std::optional<at::Tensor>&, int64_t, c10::string_view, c10::string_view, int64_t, int64_t, int64_t, int64_t, int64_t)’:
/mnt/workspace/hc-pre-reduction-20260930/batch-comb-source-candidate/csrc/aclnn_torch_adapter/op_api_common.h:743:22: warning: narrowing conversion of ‘workspace_size’ from ‘uint64_t’ {aka ‘long unsigned int’} to ‘long int’ [-Wnarrowing]
  743 |           at::empty({workspace_size}, options.dtype(kByte));                  \
      |                      ^~~~~~~~~~~~~~
/mnt/workspace/hc-pre-reduction-20260930/batch-comb-source-candidate/csrc/attention/quant_lightning_indexer_v2/quant_lightning_indexer_v2_torch_adpt.h:150:5: note: in expansion of macro ‘EXEC_NPU_CMD’
  150 |     EXEC_NPU_CMD(aclnnQuantLightningIndexerV2, query, key, weights, queryDequantScale, keyDequantScale,
      |     ^~~~~~~~~~~~
/mnt/workspace/hc-pre-reduction-20260930/batch-comb-source-candidate/csrc/aclnn_torch_adapter/op_api_common.h:743:22: warning: narrowing conversion of ‘workspace_size’ from ‘uint64_t’ {aka ‘long unsigned int’} to ‘long int’ [-Wnarrowing]
  743 |           at::empty({workspace_size}, options.dtype(kByte));                  \
      |                      ^~~~~~~~~~~~~~
/mnt/workspace/hc-pre-reduction-20260930/batch-comb-source-candidate/csrc/attention/quant_lightning_indexer_v2/quant_lightning_indexer_v2_torch_adpt.h:150:5: note: in expansion of macro ‘EXEC_NPU_CMD’
  150 |     EXEC_NPU_CMD(aclnnQuantLightningIndexerV2, query, key, weights, queryDequantScale, keyDequantScale,
      |     ^~~~~~~~~~~~
/mnt/workspace/hc-pre-reduction-20260930/batch-comb-source-candidate/csrc/attention/kv_quant_sparse_flash_attention/kv_quant_sparse_flash_attention_torch_adpt.h: In function ‘std::tuple<at::Tensor, at::Tensor, at::Tensor> vllm_ascend::npu_kv_quant_sparse_flash_attention(const at::Tensor&, const at::Tensor&, const at::Tensor&, const at::Tensor&, double, int64_t, int64_t, const std::optional<at::Tensor>&, const std::optional<at::Tensor>&, const std::optional<at::Tensor>&, const std::optional<at::Tensor>&, const std::optional<at::Tensor>&, int64_t, c10::string_view, c10::string_view, int64_t, int64_t, int64_t, int64_t, int64_t, int64_t, int64_t, bool)’:
/mnt/workspace/hc-pre-reduction-20260930/batch-comb-source-candidate/csrc/aclnn_torch_adapter/op_api_common.h:743:22: warning: narrowing conversion of ‘workspace_size’ from ‘uint64_t’ {aka ‘long unsigned int’} to ‘long int’ [-Wnarrowing]
  743 |           at::empty({workspace_size}, options.dtype(kByte));                  \
      |                      ^~~~~~~~~~~~~~
/mnt/workspace/hc-pre-reduction-20260930/batch-comb-source-candidate/csrc/attention/kv_quant_sparse_flash_attention/kv_quant_sparse_flash_attention_torch_adpt.h:135:5: note: in expansion of macro ‘EXEC_NPU_CMD’
  135 |     EXEC_NPU_CMD(
      |     ^~~~~~~~~~~~
/mnt/workspace/hc-pre-reduction-20260930/batch-comb-source-candidate/csrc/aclnn_torch_adapter/op_api_common.h:743:22: warning: narrowing conversion of ‘workspace_size’ from ‘uint64_t’ {aka ‘long unsigned int’} to ‘long int’ [-Wnarrowing]
  743 |           at::empty({workspace_size}, options.dtype(kByte));                  \
      |                      ^~~~~~~~~~~~~~
/mnt/workspace/hc-pre-reduction-20260930/batch-comb-source-candidate/csrc/attention/kv_quant_sparse_flash_attention/kv_quant_sparse_flash_attention_torch_adpt.h:135:5: note: in expansion of macro ‘EXEC_NPU_CMD’
  135 |     EXEC_NPU_CMD(
      |     ^~~~~~~~~~~~
/mnt/workspace/hc-pre-reduction-20260930/batch-comb-source-candidate/csrc/torch_binding_meta.cpp: In function ‘std::tuple<at::Tensor, at::Tensor, at::Tensor> vllm_ascend::meta::moe_gating_top_k_meta(const at::Tensor&, int64_t, int64_t, int64_t, int64_t, int64_t, int64_t, bool, double, double, const std::optional<at::Tensor>&)’:
/mnt/workspace/hc-pre-reduction-20260930/batch-comb-source-candidate/csrc/torch_binding_meta.cpp:533:48: warning: ‘constexpr T c10::value_or_else(const std::optional<_Tp>&, F&&) [with T = at::Tensor; F = vllm_ascend::meta::moe_gating_top_k_meta(const at::Tensor&, int64_t, int64_t, int64_t, int64_t, int64_t, int64_t, bool, double, double, const std::optional<at::Tensor>&)::<lambda()>]’ is deprecated: Please use std::optional::value_or instead of c10::value_or_else [-Wdeprecated-declarations]
  533 |     const at::Tensor &bias = c10::value_or_else(bias_opt, [] { return at::Tensor(); });
      |                              ~~~~~~~~~~~~~~~~~~^~~~~~~~~~~~~~~~~~~~~~~~~~~~~~~~~~~~~~~
In file included from /mnt/workspace/mhc-validation-20260930/venv/lib/python3.12/site-packages/torch/include/c10/core/SymInt.h:9,
                 from /mnt/workspace/mhc-validation-20260930/venv/lib/python3.12/site-packages/torch/include/c10/core/Scalar.h:13,
                 from /mnt/workspace/mhc-validation-20260930/venv/lib/python3.12/site-packages/torch/include/ATen/core/TensorBody.h:17,
                 from /mnt/workspace/mhc-validation-20260930/venv/lib/python3.12/site-packages/torch/include/ATen/core/Tensor.h:4,
                 from /mnt/workspace/mhc-validation-20260930/venv/lib/python3.12/site-packages/torch/include/ATen/Tensor.h:4,
                 from /mnt/workspace/mhc-validation-20260930/venv/lib/python3.12/site-packages/torch/include/torch/csrc/autograd/function_hook.h:4,
                 from /mnt/workspace/mhc-validation-20260930/venv/lib/python3.12/site-packages/torch/include/torch/csrc/autograd/cpp_hook.h:3,
                 from /mnt/workspace/mhc-validation-20260930/venv/lib/python3.12/site-packages/torch/include/torch/csrc/autograd/variable.h:7,
                 from /mnt/workspace/mhc-validation-20260930/venv/lib/python3.12/site-packages/torch/include/torch/csrc/autograd/autograd.h:4,
                 from /mnt/workspace/mhc-validation-20260930/venv/lib/python3.12/site-packages/torch/include/torch/csrc/api/include/torch/autograd.h:4,
                 from /mnt/workspace/mhc-validation-20260930/venv/lib/python3.12/site-packages/torch/include/torch/csrc/api/include/torch/all.h:8,
                 from /mnt/workspace/mhc-validation-20260930/venv/lib/python3.12/site-packages/torch/include/torch/extension.h:6,
                 from /mnt/workspace/hc-pre-reduction-20260930/batch-comb-source-candidate/csrc/torch_binding_meta.cpp:1:
/mnt/workspace/mhc-validation-20260930/venv/lib/python3.12/site-packages/torch/include/c10/util/Optional.h:40:1: note: declared here
   40 | value_or_else(const std::optional<T>& v, F&& func) {
      | ^~~~~~~~~~~~~
/mnt/workspace/hc-pre-reduction-20260930/batch-comb-source-candidate/csrc/attention/fused_sparse_attention_overlap/fused_sparse_attention_overlap_torch_adpt.h: In function ‘at::Tensor vllm_ascend::RunFusedSparseAttentionOverlapSideEffectImpl(const at::Tensor&, const at::Tensor&, const at::Tensor&, const at::Tensor&, const at::Tensor&, const at::Tensor&, const at::Tensor&, const at::Tensor&, const at::Tensor&, const at::Tensor&, const at::Tensor&, const at::Tensor&, const at::Tensor&, double, int64_t, int64_t, const std::string&, const std::string&, int64_t)’:
/mnt/workspace/hc-pre-reduction-20260930/batch-comb-source-candidate/csrc/aclnn_torch_adapter/op_api_common.h:743:22: warning: narrowing conversion of ‘workspace_size’ from ‘uint64_t’ {aka ‘long unsigned int’} to ‘long int’ [-Wnarrowing]
  743 |           at::empty({workspace_size}, options.dtype(kByte));                  \
      |                      ^~~~~~~~~~~~~~
/mnt/workspace/hc-pre-reduction-20260930/batch-comb-source-candidate/csrc/attention/fused_sparse_attention_overlap/fused_sparse_attention_overlap_torch_adpt.h:140:5: note: in expansion of macro ‘EXEC_NPU_CMD’
  140 |     EXEC_NPU_CMD(aclnnFusedSparseAttentionOverlap,
      |     ^~~~~~~~~~~~
/mnt/workspace/hc-pre-reduction-20260930/batch-comb-source-candidate/csrc/aclnn_torch_adapter/op_api_common.h:743:22: warning: narrowing conversion of ‘workspace_size’ from ‘uint64_t’ {aka ‘long unsigned int’} to ‘long int’ [-Wnarrowing]
  743 |           at::empty({workspace_size}, options.dtype(kByte));                  \
      |                      ^~~~~~~~~~~~~~
/mnt/workspace/hc-pre-reduction-20260930/batch-comb-source-candidate/csrc/attention/fused_sparse_attention_overlap/fused_sparse_attention_overlap_torch_adpt.h:140:5: note: in expansion of macro ‘EXEC_NPU_CMD’
  140 |     EXEC_NPU_CMD(aclnnFusedSparseAttentionOverlap,
      |     ^~~~~~~~~~~~
/mnt/workspace/hc-pre-reduction-20260930/batch-comb-source-candidate/csrc/attention/fused_lightning_indexer_manage/fused_lightning_indexer_manage_torch_adpt.h: In function ‘void vllm_ascend::npu_fused_lightning_indexer_manage(const at::Tensor&, const at::Tensor&, const at::Tensor&, const at::Tensor&, const at::Tensor&, const at::Tensor&, const at::Tensor&, const at::Tensor&, const at::Tensor&, const at::Tensor&, const at::Tensor&, const at::Tensor&, at::Tensor, at::Tensor, at::Tensor, at::Tensor, at::Tensor, at::Tensor, at::Tensor)’:
/mnt/workspace/hc-pre-reduction-20260930/batch-comb-source-candidate/csrc/aclnn_torch_adapter/op_api_common.h:743:22: warning: narrowing conversion of ‘workspace_size’ from ‘uint64_t’ {aka ‘long unsigned int’} to ‘long int’ [-Wnarrowing]
  743 |           at::empty({workspace_size}, options.dtype(kByte));                  \
      |                      ^~~~~~~~~~~~~~
/mnt/workspace/hc-pre-reduction-20260930/batch-comb-source-candidate/csrc/attention/fused_lightning_indexer_manage/fused_lightning_indexer_manage_torch_adpt.h:104:3: note: in expansion of macro ‘EXEC_NPU_CMD’
  104 |   EXEC_NPU_CMD(
      |   ^~~~~~~~~~~~
/mnt/workspace/hc-pre-reduction-20260930/batch-comb-source-candidate/csrc/aclnn_torch_adapter/op_api_common.h:743:22: warning: narrowing conversion of ‘workspace_size’ from ‘uint64_t’ {aka ‘long unsigned int’} to ‘long int’ [-Wnarrowing]
  743 |           at::empty({workspace_size}, options.dtype(kByte));                  \
      |                      ^~~~~~~~~~~~~~
/mnt/workspace/hc-pre-reduction-20260930/batch-comb-source-candidate/csrc/attention/fused_lightning_indexer_manage/fused_lightning_indexer_manage_torch_adpt.h:104:3: note: in expansion of macro ‘EXEC_NPU_CMD’
  104 |   EXEC_NPU_CMD(
      |   ^~~~~~~~~~~~
/mnt/workspace/hc-pre-reduction-20260930/batch-comb-source-candidate/csrc/torch_binding_meta.cpp: In function ‘std::tuple<at::Tensor, at::Tensor, at::Tensor> vllm_ascend::meta::chunk_gated_delta_rule_fwd_h_meta(const at::Tensor&, const at::Tensor&, const at::Tensor&, const std::optional<at::Tensor>&, const std::optional<at::Tensor>&, const std::optional<at::Tensor>&, std::optional<bool>, std::optional<long int>, std::optional<bool>, std::optional<c10::ArrayRef<long int> >, std::optional<c10::ArrayRef<long int> >, std::optional<bool>, std::optional<bool>)’:
/mnt/workspace/hc-pre-reduction-20260930/batch-comb-source-candidate/csrc/torch_binding_meta.cpp:1677:58: warning: ‘constexpr T c10::value_or_else(const std::optional<_Tp>&, F&&) [with T = at::Tensor; F = vllm_ascend::meta::chunk_gated_delta_rule_fwd_h_meta(const at::Tensor&, const at::Tensor&, const at::Tensor&, const std::optional<at::Tensor>&, const std::optional<at::Tensor>&, const std::optional<at::Tensor>&, std::optional<bool>, std::optional<long int>, std::optional<bool>, std::optional<c10::ArrayRef<long int> >, std::optional<c10::ArrayRef<long int> >, std::optional<bool>, std::optional<bool>)::<lambda()>]’ is deprecated: Please use std::optional::value_or instead of c10::value_or_else [-Wdeprecated-declarations]
 1677 |     const at::Tensor &initial_state_ = c10::value_or_else(initial_state, [] { return at::Tensor(); });
      |                                        ~~~~~~~~~~~~~~~~~~^~~~~~~~~~~~~~~~~~~~~~~~~~~~~~~~~~~~~~~~~~~~
/mnt/workspace/mhc-validation-20260930/venv/lib/python3.12/site-packages/torch/include/c10/util/Optional.h:40:1: note: declared here
   40 | value_or_else(const std::optional<T>& v, F&& func) {
      | ^~~~~~~~~~~~~
/mnt/workspace/hc-pre-reduction-20260930/batch-comb-source-candidate/csrc/torch_binding_meta.cpp:1679:46: warning: ‘constexpr T c10::value_or_else(const std::optional<_Tp>&, F&&) [with T = at::Tensor; F = vllm_ascend::meta::chunk_gated_delta_rule_fwd_h_meta(const at::Tensor&, const at::Tensor&, const at::Tensor&, const std::optional<at::Tensor>&, const std::optional<at::Tensor>&, const std::optional<at::Tensor>&, std::optional<bool>, std::optional<long int>, std::optional<bool>, std::optional<c10::ArrayRef<long int> >, std::optional<c10::ArrayRef<long int> >, std::optional<bool>, std::optional<bool>)::<lambda()>]’ is deprecated: Please use std::optional::value_or instead of c10::value_or_else [-Wdeprecated-declarations]
 1679 |     const at::Tensor &g_ = c10::value_or_else(g, [] { return at::Tensor(); });
      |                            ~~~~~~~~~~~~~~~~~~^~~~~~~~~~~~~~~~~~~~~~~~~~~~~~~~
/mnt/workspace/mhc-validation-20260930/venv/lib/python3.12/site-packages/torch/include/c10/util/Optional.h:40:1: note: declared here
   40 | value_or_else(const std::optional<T>& v, F&& func) {
      | ^~~~~~~~~~~~~
/mnt/workspace/hc-pre-reduction-20260930/batch-comb-source-candidate/csrc/torch_binding_meta.cpp:1680:47: warning: ‘constexpr T c10::value_or_else(const std::optional<_Tp>&, F&&) [with T = at::Tensor; F = vllm_ascend::meta::chunk_gated_delta_rule_fwd_h_meta(const at::Tensor&, const at::Tensor&, const at::Tensor&, const std::optional<at::Tensor>&, const std::optional<at::Tensor>&, const std::optional<at::Tensor>&, std::optional<bool>, std::optional<long int>, std::optional<bool>, std::optional<c10::ArrayRef<long int> >, std::optional<c10::ArrayRef<long int> >, std::optional<bool>, std::optional<bool>)::<lambda()>]’ is deprecated: Please use std::optional::value_or instead of c10::value_or_else [-Wdeprecated-declarations]
 1680 |     const at::Tensor &gk_ = c10::value_or_else(gk, [] { return at::Tensor(); });
      |                             ~~~~~~~~~~~~~~~~~~^~~~~~~~~~~~~~~~~~~~~~~~~~~~~~~~~
/mnt/workspace/mhc-validation-20260930/venv/lib/python3.12/site-packages/torch/include/c10/util/Optional.h:40:1: note: declared here
   40 | value_or_else(const std::optional<T>& v, F&& func) {
      | ^~~~~~~~~~~~~
/mnt/workspace/hc-pre-reduction-20260930/batch-comb-source-candidate/csrc/torch_binding_meta.cpp: In function ‘at::Tensor vllm_ascend::meta::chunk_fwd_o_vllm_meta(const at::Tensor&, const at::Tensor&, const at::Tensor&, const at::Tensor&, double, const std::optional<at::Tensor>&, const std::optional<at::Tensor>&, std::optional<c10::ArrayRef<long int> >, std::optional<c10::ArrayRef<long int> >, std::optional<long int>, std::optional<bool>)’:
/mnt/workspace/hc-pre-reduction-20260930/batch-comb-source-candidate/csrc/torch_binding_meta.cpp:1734:46: warning: ‘constexpr T c10::value_or_else(const std::optional<_Tp>&, F&&) [with T = at::Tensor; F = vllm_ascend::meta::chunk_fwd_o_vllm_meta(const at::Tensor&, const at::Tensor&, const at::Tensor&, const at::Tensor&, double, const std::optional<at::Tensor>&, const std::optional<at::Tensor>&, std::optional<c10::ArrayRef<long int> >, std::optional<c10::ArrayRef<long int> >, std::optional<long int>, std::optional<bool>)::<lambda()>]’ is deprecated: Please use std::optional::value_or instead of c10::value_or_else [-Wdeprecated-declarations]
 1734 |     const at::Tensor &g_ = c10::value_or_else(g, [] { return at::Tensor(); });
      |                            ~~~~~~~~~~~~~~~~~~^~~~~~~~~~~~~~~~~~~~~~~~~~~~~~~~
/mnt/workspace/mhc-validation-20260930/venv/lib/python3.12/site-packages/torch/include/c10/util/Optional.h:40:1: note: declared here
   40 | value_or_else(const std::optional<T>& v, F&& func) {
      | ^~~~~~~~~~~~~
/mnt/workspace/hc-pre-reduction-20260930/batch-comb-source-candidate/csrc/attention/fused_scatter_copy_sparse_flash_attention/fused_scatter_copy_sparse_flash_attention_torch_adpt.h: In function ‘void vllm_ascend::npu_fused_scatter_copy_sparse_flash_attention(const at::Tensor&, const at::Tensor&, const at::Tensor&, const at::Tensor&, const at::Tensor&, const at::Tensor&, const at::Tensor&, const at::Tensor&, const at::Tensor&, const at::Tensor&, const at::Tensor&, const at::Tensor&, const at::Tensor&, at::Tensor, at::Tensor, const at::Tensor&, const at::Tensor&, double, at::Tensor)’:
/mnt/workspace/hc-pre-reduction-20260930/batch-comb-source-candidate/csrc/aclnn_torch_adapter/op_api_common.h:743:22: warning: narrowing conversion of ‘workspace_size’ from ‘uint64_t’ {aka ‘long unsigned int’} to ‘long int’ [-Wnarrowing]
  743 |           at::empty({workspace_size}, options.dtype(kByte));                  \
      |                      ^~~~~~~~~~~~~~
/mnt/workspace/hc-pre-reduction-20260930/batch-comb-source-candidate/csrc/attention/fused_scatter_copy_sparse_flash_attention/fused_scatter_copy_sparse_flash_attention_torch_adpt.h:167:3: note: in expansion of macro ‘EXEC_NPU_CMD’
  167 |   EXEC_NPU_CMD(
      |   ^~~~~~~~~~~~
/mnt/workspace/hc-pre-reduction-20260930/batch-comb-source-candidate/csrc/aclnn_torch_adapter/op_api_common.h:743:22: warning: narrowing conversion of ‘workspace_size’ from ‘uint64_t’ {aka ‘long unsigned int’} to ‘long int’ [-Wnarrowing]
  743 |           at::empty({workspace_size}, options.dtype(kByte));                  \
      |                      ^~~~~~~~~~~~~~
/mnt/workspace/hc-pre-reduction-20260930/batch-comb-source-candidate/csrc/attention/fused_scatter_copy_sparse_flash_attention/fused_scatter_copy_sparse_flash_attention_torch_adpt.h:167:3: note: in expansion of macro ‘EXEC_NPU_CMD’
  167 |   EXEC_NPU_CMD(
      |   ^~~~~~~~~~~~
/mnt/workspace/hc-pre-reduction-20260930/batch-comb-source-candidate/csrc/attention/lightning_indexer_quant/lightning_indexer_quant_torch_adpt.h: In function ‘at::Tensor vllm_ascend::npu_lightning_indexer_quant(const at::Tensor&, const at::Tensor&, const at::Tensor&, const at::Tensor&, const at::Tensor&, const std::optional<at::Tensor>&, const std::optional<at::Tensor>&, const std::optional<at::Tensor>&, int64_t, int64_t, c10::string_view, c10::string_view, int64_t, int64_t)’:
/mnt/workspace/hc-pre-reduction-20260930/batch-comb-source-candidate/csrc/aclnn_torch_adapter/op_api_common.h:743:22: warning: narrowing conversion of ‘workspace_size’ from ‘uint64_t’ {aka ‘long unsigned int’} to ‘long int’ [-Wnarrowing]
  743 |           at::empty({workspace_size}, options.dtype(kByte));                  \
      |                      ^~~~~~~~~~~~~~
/mnt/workspace/hc-pre-reduction-20260930/batch-comb-source-candidate/csrc/attention/lightning_indexer_quant/lightning_indexer_quant_torch_adpt.h:59:5: note: in expansion of macro ‘EXEC_NPU_CMD’
   59 |     EXEC_NPU_CMD(aclnnLightningIndexerQuant,
      |     ^~~~~~~~~~~~
/mnt/workspace/hc-pre-reduction-20260930/batch-comb-source-candidate/csrc/aclnn_torch_adapter/op_api_common.h:743:22: warning: narrowing conversion of ‘workspace_size’ from ‘uint64_t’ {aka ‘long unsigned int’} to ‘long int’ [-Wnarrowing]
  743 |           at::empty({workspace_size}, options.dtype(kByte));                  \
      |                      ^~~~~~~~~~~~~~
/mnt/workspace/hc-pre-reduction-20260930/batch-comb-source-candidate/csrc/attention/lightning_indexer_quant/lightning_indexer_quant_torch_adpt.h:59:5: note: in expansion of macro ‘EXEC_NPU_CMD’
   59 |     EXEC_NPU_CMD(aclnnLightningIndexerQuant,
      |     ^~~~~~~~~~~~
/mnt/workspace/hc-pre-reduction-20260930/batch-comb-source-candidate/csrc/moe/causal_conv1d_v310/causal_conv1d_310_torch_adpt.h: In function ‘at::Tensor vllm_ascend::npu_causal_conv1d_310(const at::Tensor&, const at::Tensor&, const std::optional<at::Tensor>&, const at::Tensor&, const std::optional<at::Tensor>&, const std::optional<at::Tensor>&, const std::optional<at::Tensor>&, const std::optional<at::Tensor>&, int64_t, int64_t, int64_t)’:
/mnt/workspace/hc-pre-reduction-20260930/batch-comb-source-candidate/csrc/aclnn_torch_adapter/op_api_common.h:743:22: warning: narrowing conversion of ‘workspace_size’ from ‘uint64_t’ {aka ‘long unsigned int’} to ‘long int’ [-Wnarrowing]
  743 |           at::empty({workspace_size}, options.dtype(kByte));                  \
      |                      ^~~~~~~~~~~~~~
/mnt/workspace/hc-pre-reduction-20260930/batch-comb-source-candidate/csrc/moe/causal_conv1d_v310/causal_conv1d_310_torch_adpt.h:34:5: note: in expansion of macro ‘EXEC_NPU_CMD’
   34 |     EXEC_NPU_CMD(aclnnCausalConv1dV310,
      |     ^~~~~~~~~~~~
/mnt/workspace/hc-pre-reduction-20260930/batch-comb-source-candidate/csrc/aclnn_torch_adapter/op_api_common.h:743:22: warning: narrowing conversion of ‘workspace_size’ from ‘uint64_t’ {aka ‘long unsigned int’} to ‘long int’ [-Wnarrowing]
  743 |           at::empty({workspace_size}, options.dtype(kByte));                  \
      |                      ^~~~~~~~~~~~~~
/mnt/workspace/hc-pre-reduction-20260930/batch-comb-source-candidate/csrc/moe/causal_conv1d_v310/causal_conv1d_310_torch_adpt.h:34:5: note: in expansion of macro ‘EXEC_NPU_CMD’
   34 |     EXEC_NPU_CMD(aclnnCausalConv1dV310,
      |     ^~~~~~~~~~~~
In file included from /mnt/workspace/hc-pre-reduction-20260930/batch-comb-source-candidate/csrc/torch_binding.cpp:51:
/mnt/workspace/hc-pre-reduction-20260930/batch-comb-source-candidate/csrc/attention/recurrent_kda/recurrent_kda_torch_adpt.h: In function ‘at::Tensor vllm_ascend::recurrent_kda(const at::Tensor&, const at::Tensor&, const at::Tensor&, const at::Tensor&, const at::Tensor&, at::Tensor&, const at::Tensor&, const at::Tensor&, const at::Tensor&, const at::Tensor&, const std::optional<at::Tensor>&, double, bool, bool, bool, bool, bool, double)’:
/mnt/workspace/hc-pre-reduction-20260930/batch-comb-source-candidate/csrc/attention/recurrent_kda/recurrent_kda_torch_adpt.h:119:52: warning: ‘constexpr T c10::value_or_else(const std::optional<_Tp>&, F&&) [with T = at::Tensor; F = vllm_ascend::recurrent_kda(const at::Tensor&, const at::Tensor&, const at::Tensor&, const at::Tensor&, const at::Tensor&, at::Tensor&, const at::Tensor&, const at::Tensor&, const at::Tensor&, const at::Tensor&, const std::optional<at::Tensor>&, double, bool, bool, bool, bool, bool, double)::<lambda()>]’ is deprecated: Please use std::optional::value_or instead of c10::value_or_else [-Wdeprecated-declarations]
  119 |     const at::Tensor& accepted = c10::value_or_else(
      |                                  ~~~~~~~~~~~~~~~~~~^
  120 |         num_accepted_tokens, [] { return at::Tensor(); });
      |         ~~~~~~~~~~~~~~~~~~~~~~~~~~~~~~~~~~~~~~~~~~~~~~~~~
/mnt/workspace/mhc-validation-20260930/venv/lib/python3.12/site-packages/torch/include/c10/util/Optional.h:40:1: note: declared here
   40 | value_or_else(const std::optional<T>& v, F&& func) {
      | ^~~~~~~~~~~~~
/mnt/workspace/hc-pre-reduction-20260930/batch-comb-source-candidate/csrc/aclnn_torch_adapter/op_api_common.h:743:22: warning: narrowing conversion of ‘workspace_size’ from ‘uint64_t’ {aka ‘long unsigned int’} to ‘long int’ [-Wnarrowing]
  743 |           at::empty({workspace_size}, options.dtype(kByte));                  \
      |                      ^~~~~~~~~~~~~~
/mnt/workspace/hc-pre-reduction-20260930/batch-comb-source-candidate/csrc/attention/recurrent_kda/recurrent_kda_torch_adpt.h:127:5: note: in expansion of macro ‘EXEC_NPU_CMD’
  127 |     EXEC_NPU_CMD(
      |     ^~~~~~~~~~~~
/mnt/workspace/hc-pre-reduction-20260930/batch-comb-source-candidate/csrc/aclnn_torch_adapter/op_api_common.h:743:22: warning: narrowing conversion of ‘workspace_size’ from ‘uint64_t’ {aka ‘long unsigned int’} to ‘long int’ [-Wnarrowing]
  743 |           at::empty({workspace_size}, options.dtype(kByte));                  \
      |                      ^~~~~~~~~~~~~~
/mnt/workspace/hc-pre-reduction-20260930/batch-comb-source-candidate/csrc/attention/recurrent_kda/recurrent_kda_torch_adpt.h:127:5: note: in expansion of macro ‘EXEC_NPU_CMD’
  127 |     EXEC_NPU_CMD(
      |     ^~~~~~~~~~~~
In file included from /mnt/workspace/hc-pre-reduction-20260930/batch-comb-source-candidate/csrc/torch_binding.cpp:52:
/mnt/workspace/hc-pre-reduction-20260930/batch-comb-source-candidate/csrc/attention/chunk_kda_fwd/chunk_kda_fwd_torch_adpt.h: In function ‘std::tuple<at::Tensor, std::optional<at::Tensor>, std::optional<at::Tensor>, at::Tensor, at::Tensor, std::optional<at::Tensor>, std::optional<at::Tensor>, std::optional<at::Tensor>, std::optional<at::Tensor>, std::optional<at::Tensor>, std::optional<at::Tensor>, std::optional<at::Tensor> > vllm_ascend::chunk_kda_fwd(const at::Tensor&, const at::Tensor&, const at::Tensor&, const at::Tensor&, const at::Tensor&, double, int64_t, c10::string_view, const std::optional<at::Tensor>&, std::optional<bool>, std::optional<c10::ArrayRef<long int> >, std::optional<c10::ArrayRef<long int> >, std::optional<bool>, std::optional<double>, std::optional<bool>, const std::optional<at::Tensor>&, const std::optional<at::Tensor>&, std::optional<bool>, std::optional<bool>, std::optional<bool>)’:
/mnt/workspace/hc-pre-reduction-20260930/batch-comb-source-candidate/csrc/attention/chunk_kda_fwd/chunk_kda_fwd_torch_adpt.h:171:58: warning: ‘constexpr T c10::value_or_else(const std::optional<_Tp>&, F&&) [with T = at::Tensor; F = vllm_ascend::chunk_kda_fwd(const at::Tensor&, const at::Tensor&, const at::Tensor&, const at::Tensor&, const at::Tensor&, double, int64_t, c10::string_view, const std::optional<at::Tensor>&, std::optional<bool>, std::optional<c10::ArrayRef<long int> >, std::optional<c10::ArrayRef<long int> >, std::optional<bool>, std::optional<double>, std::optional<bool>, const std::optional<at::Tensor>&, const std::optional<at::Tensor>&, std::optional<bool>, std::optional<bool>, std::optional<bool>)::<lambda()>]’ is deprecated: Please use std::optional::value_or instead of c10::value_or_else [-Wdeprecated-declarations]
  171 |     const at::Tensor &initial_state_ = c10::value_or_else(initial_state, [] { return at::Tensor(); });
      |                                        ~~~~~~~~~~~~~~~~~~^~~~~~~~~~~~~~~~~~~~~~~~~~~~~~~~~~~~~~~~~~~~
/mnt/workspace/mhc-validation-20260930/venv/lib/python3.12/site-packages/torch/include/c10/util/Optional.h:40:1: note: declared here
   40 | value_or_else(const std::optional<T>& v, F&& func) {
      | ^~~~~~~~~~~~~
/mnt/workspace/hc-pre-reduction-20260930/batch-comb-source-candidate/csrc/attention/chunk_kda_fwd/chunk_kda_fwd_torch_adpt.h:172:50: warning: ‘constexpr T c10::value_or_else(const std::optional<_Tp>&, F&&) [with T = at::Tensor; F = vllm_ascend::chunk_kda_fwd(const at::Tensor&, const at::Tensor&, const at::Tensor&, const at::Tensor&, const at::Tensor&, double, int64_t, c10::string_view, const std::optional<at::Tensor>&, std::optional<bool>, std::optional<c10::ArrayRef<long int> >, std::optional<c10::ArrayRef<long int> >, std::optional<bool>, std::optional<double>, std::optional<bool>, const std::optional<at::Tensor>&, const std::optional<at::Tensor>&, std::optional<bool>, std::optional<bool>, std::optional<bool>)::<lambda()>]’ is deprecated: Please use std::optional::value_or instead of c10::value_or_else [-Wdeprecated-declarations]
  172 |     const at::Tensor &A_log_ = c10::value_or_else(A_log, [] { return at::Tensor(); });
      |                                ~~~~~~~~~~~~~~~~~~^~~~~~~~~~~~~~~~~~~~~~~~~~~~~~~~~~~~
/mnt/workspace/mhc-validation-20260930/venv/lib/python3.12/site-packages/torch/include/c10/util/Optional.h:40:1: note: declared here
   40 | value_or_else(const std::optional<T>& v, F&& func) {
      | ^~~~~~~~~~~~~
/mnt/workspace/hc-pre-reduction-20260930/batch-comb-source-candidate/csrc/attention/chunk_kda_fwd/chunk_kda_fwd_torch_adpt.h:173:52: warning: ‘constexpr T c10::value_or_else(const std::optional<_Tp>&, F&&) [with T = at::Tensor; F = vllm_ascend::chunk_kda_fwd(const at::Tensor&, const at::Tensor&, const at::Tensor&, const at::Tensor&, const at::Tensor&, double, int64_t, c10::string_view, const std::optional<at::Tensor>&, std::optional<bool>, std::optional<c10::ArrayRef<long int> >, std::optional<c10::ArrayRef<long int> >, std::optional<bool>, std::optional<double>, std::optional<bool>, const std::optional<at::Tensor>&, const std::optional<at::Tensor>&, std::optional<bool>, std::optional<bool>, std::optional<bool>)::<lambda()>]’ is deprecated: Please use std::optional::value_or instead of c10::value_or_else [-Wdeprecated-declarations]
  173 |     const at::Tensor &dt_bias_ = c10::value_or_else(dt_bias, [] { return at::Tensor(); });
      |                                  ~~~~~~~~~~~~~~~~~~^~~~~~~~~~~~~~~~~~~~~~~~~~~~~~~~~~~~~~
/mnt/workspace/mhc-validation-20260930/venv/lib/python3.12/site-packages/torch/include/c10/util/Optional.h:40:1: note: declared here
   40 | value_or_else(const std::optional<T>& v, F&& func) {
      | ^~~~~~~~~~~~~
/mnt/workspace/hc-pre-reduction-20260930/batch-comb-source-candidate/csrc/aclnn_torch_adapter/op_api_common.h:743:22: warning: narrowing conversion of ‘workspace_size’ from ‘uint64_t’ {aka ‘long unsigned int’} to ‘long int’ [-Wnarrowing]
  743 |           at::empty({workspace_size}, options.dtype(kByte));                  \
      |                      ^~~~~~~~~~~~~~
/mnt/workspace/hc-pre-reduction-20260930/batch-comb-source-candidate/csrc/attention/chunk_kda_fwd/chunk_kda_fwd_torch_adpt.h:175:5: note: in expansion of macro ‘EXEC_NPU_CMD’
  175 |     EXEC_NPU_CMD(
      |     ^~~~~~~~~~~~
/mnt/workspace/hc-pre-reduction-20260930/batch-comb-source-candidate/csrc/aclnn_torch_adapter/op_api_common.h:743:22: warning: narrowing conversion of ‘workspace_size’ from ‘uint64_t’ {aka ‘long unsigned int’} to ‘long int’ [-Wnarrowing]
  743 |           at::empty({workspace_size}, options.dtype(kByte));                  \
      |                      ^~~~~~~~~~~~~~
/mnt/workspace/hc-pre-reduction-20260930/batch-comb-source-candidate/csrc/attention/chunk_kda_fwd/chunk_kda_fwd_torch_adpt.h:175:5: note: in expansion of macro ‘EXEC_NPU_CMD’
  175 |     EXEC_NPU_CMD(
      |     ^~~~~~~~~~~~
/mnt/workspace/hc-pre-reduction-20260930/batch-comb-source-candidate/csrc/attention/kda_gate_cumsum/kda_gate_cumsum_torch_adpt.h: In function ‘at::Tensor vllm_ascend::kda_gate_cumsum(const at::Tensor&, int64_t, const std::optional<at::Tensor>&, const std::optional<at::Tensor>&, std::optional<c10::ArrayRef<long int> >, std::optional<bool>, std::optional<bool>, std::optional<double>, c10::string_view)’:
/mnt/workspace/hc-pre-reduction-20260930/batch-comb-source-candidate/csrc/aclnn_torch_adapter/op_api_common.h:743:22: warning: narrowing conversion of ‘workspace_size’ from ‘uint64_t’ {aka ‘long unsigned int’} to ‘long int’ [-Wnarrowing]
  743 |           at::empty({workspace_size}, options.dtype(kByte));                  \
      |                      ^~~~~~~~~~~~~~
/mnt/workspace/hc-pre-reduction-20260930/batch-comb-source-candidate/csrc/attention/kda_gate_cumsum/kda_gate_cumsum_torch_adpt.h:64:5: note: in expansion of macro ‘EXEC_NPU_CMD’
   64 |     EXEC_NPU_CMD(
      |     ^~~~~~~~~~~~
/mnt/workspace/hc-pre-reduction-20260930/batch-comb-source-candidate/csrc/aclnn_torch_adapter/op_api_common.h:743:22: warning: narrowing conversion of ‘workspace_size’ from ‘uint64_t’ {aka ‘long unsigned int’} to ‘long int’ [-Wnarrowing]
  743 |           at::empty({workspace_size}, options.dtype(kByte));                  \
      |                      ^~~~~~~~~~~~~~
/mnt/workspace/hc-pre-reduction-20260930/batch-comb-source-candidate/csrc/attention/kda_gate_cumsum/kda_gate_cumsum_torch_adpt.h:64:5: note: in expansion of macro ‘EXEC_NPU_CMD’
   64 |     EXEC_NPU_CMD(
      |     ^~~~~~~~~~~~
/mnt/workspace/hc-pre-reduction-20260930/batch-comb-source-candidate/csrc/attention/kda_layout_swap12/kda_layout_swap12_torch_adpt.h: In function ‘at::Tensor vllm_ascend::kda_layout_swap12(const at::Tensor&, const std::optional<at::Tensor>&)’:
/mnt/workspace/hc-pre-reduction-20260930/batch-comb-source-candidate/csrc/aclnn_torch_adapter/op_api_common.h:743:22: warning: narrowing conversion of ‘workspace_size’ from ‘uint64_t’ {aka ‘long unsigned int’} to ‘long int’ [-Wnarrowing]
  743 |           at::empty({workspace_size}, options.dtype(kByte));                  \
      |                      ^~~~~~~~~~~~~~
/mnt/workspace/hc-pre-reduction-20260930/batch-comb-source-candidate/csrc/attention/kda_layout_swap12/kda_layout_swap12_torch_adpt.h:37:5: note: in expansion of macro ‘EXEC_NPU_CMD’
   37 |     EXEC_NPU_CMD(aclnnKdaLayoutSwap12, x, dependency_tensor, y);
      |     ^~~~~~~~~~~~
/mnt/workspace/hc-pre-reduction-20260930/batch-comb-source-candidate/csrc/aclnn_torch_adapter/op_api_common.h:743:22: warning: narrowing conversion of ‘workspace_size’ from ‘uint64_t’ {aka ‘long unsigned int’} to ‘long int’ [-Wnarrowing]
  743 |           at::empty({workspace_size}, options.dtype(kByte));                  \
      |                      ^~~~~~~~~~~~~~
/mnt/workspace/hc-pre-reduction-20260930/batch-comb-source-candidate/csrc/attention/kda_layout_swap12/kda_layout_swap12_torch_adpt.h:37:5: note: in expansion of macro ‘EXEC_NPU_CMD’
   37 |     EXEC_NPU_CMD(aclnnKdaLayoutSwap12, x, dependency_tensor, y);
      |     ^~~~~~~~~~~~
/mnt/workspace/hc-pre-reduction-20260930/batch-comb-source-candidate/csrc/attention/recurrent_gated_delta_rule_v310/recurrent_gated_delta_rule_310_torch_adpt.h: In function ‘at::Tensor vllm_ascend::npu_recurrent_gated_delta_rule_310(const at::Tensor&, const at::Tensor&, const at::Tensor&, const at::Tensor&, at::Tensor&, const at::Tensor&, const at::Tensor&, const std::optional<at::Tensor>&, const std::optional<at::Tensor>&, const std::optional<at::Tensor>&, double)’:
/mnt/workspace/hc-pre-reduction-20260930/batch-comb-source-candidate/csrc/aclnn_torch_adapter/op_api_common.h:743:22: warning: narrowing conversion of ‘workspace_size’ from ‘uint64_t’ {aka ‘long unsigned int’} to ‘long int’ [-Wnarrowing]
  743 |           at::empty({workspace_size}, options.dtype(kByte));                  \
      |                      ^~~~~~~~~~~~~~
/mnt/workspace/hc-pre-reduction-20260930/batch-comb-source-candidate/csrc/attention/recurrent_gated_delta_rule_v310/recurrent_gated_delta_rule_310_torch_adpt.h:35:5: note: in expansion of macro ‘EXEC_NPU_CMD’
   35 |     EXEC_NPU_CMD(aclnnRecurrentGatedDeltaRuleV310,
      |     ^~~~~~~~~~~~
/mnt/workspace/hc-pre-reduction-20260930/batch-comb-source-candidate/csrc/aclnn_torch_adapter/op_api_common.h:743:22: warning: narrowing conversion of ‘workspace_size’ from ‘uint64_t’ {aka ‘long unsigned int’} to ‘long int’ [-Wnarrowing]
  743 |           at::empty({workspace_size}, options.dtype(kByte));                  \
      |                      ^~~~~~~~~~~~~~
/mnt/workspace/hc-pre-reduction-20260930/batch-comb-source-candidate/csrc/attention/recurrent_gated_delta_rule_v310/recurrent_gated_delta_rule_310_torch_adpt.h:35:5: note: in expansion of macro ‘EXEC_NPU_CMD’
   35 |     EXEC_NPU_CMD(aclnnRecurrentGatedDeltaRuleV310,
      |     ^~~~~~~~~~~~
/mnt/workspace/hc-pre-reduction-20260930/batch-comb-source-candidate/csrc/attention/k2q_csr/k2q_csr_torch_adpt.h: In function ‘std::tuple<at::Tensor, at::Tensor, at::Tensor> vllm_ascend::npu_k2q_csr(const at::Tensor&, const at::Tensor&, const at::Tensor&, int64_t, int64_t, int64_t, int64_t, int64_t)’:
/mnt/workspace/hc-pre-reduction-20260930/batch-comb-source-candidate/csrc/aclnn_torch_adapter/op_api_common.h:743:22: warning: narrowing conversion of ‘workspace_size’ from ‘uint64_t’ {aka ‘long unsigned int’} to ‘long int’ [-Wnarrowing]
  743 |           at::empty({workspace_size}, options.dtype(kByte));                  \
      |                      ^~~~~~~~~~~~~~
/mnt/workspace/hc-pre-reduction-20260930/batch-comb-source-candidate/csrc/attention/k2q_csr/k2q_csr_torch_adpt.h:177:5: note: in expansion of macro ‘EXEC_NPU_CMD’
  177 |     EXEC_NPU_CMD(aclnnK2qCsrMeta, cu_q, cu_b, scratch, order_method, total_rows, max_kv, H, T, topk);
      |     ^~~~~~~~~~~~
/mnt/workspace/hc-pre-reduction-20260930/batch-comb-source-candidate/csrc/aclnn_torch_adapter/op_api_common.h:743:22: warning: narrowing conversion of ‘workspace_size’ from ‘uint64_t’ {aka ‘long unsigned int’} to ‘long int’ [-Wnarrowing]
  743 |           at::empty({workspace_size}, options.dtype(kByte));                  \
      |                      ^~~~~~~~~~~~~~
/mnt/workspace/hc-pre-reduction-20260930/batch-comb-source-candidate/csrc/attention/k2q_csr/k2q_csr_torch_adpt.h:177:5: note: in expansion of macro ‘EXEC_NPU_CMD’
  177 |     EXEC_NPU_CMD(aclnnK2qCsrMeta, cu_q, cu_b, scratch, order_method, total_rows, max_kv, H, T, topk);
      |     ^~~~~~~~~~~~
/mnt/workspace/hc-pre-reduction-20260930/batch-comb-source-candidate/csrc/aclnn_torch_adapter/op_api_common.h:743:22: warning: narrowing conversion of ‘workspace_size’ from ‘uint64_t’ {aka ‘long unsigned int’} to ‘long int’ [-Wnarrowing]
  743 |           at::empty({workspace_size}, options.dtype(kByte));                  \
      |                      ^~~~~~~~~~~~~~
/mnt/workspace/hc-pre-reduction-20260930/batch-comb-source-candidate/csrc/attention/k2q_csr/k2q_csr_torch_adpt.h:182:5: note: in expansion of macro ‘EXEC_NPU_CMD’
  182 |     EXEC_NPU_CMD(aclnnK2qCsrHist, q2k_c, scratch, total_rows, max_kv, use_simt_i, B);
      |     ^~~~~~~~~~~~
/mnt/workspace/hc-pre-reduction-20260930/batch-comb-source-candidate/csrc/aclnn_torch_adapter/op_api_common.h:743:22: warning: narrowing conversion of ‘workspace_size’ from ‘uint64_t’ {aka ‘long unsigned int’} to ‘long int’ [-Wnarrowing]
  743 |           at::empty({workspace_size}, options.dtype(kByte));                  \
      |                      ^~~~~~~~~~~~~~
/mnt/workspace/hc-pre-reduction-20260930/batch-comb-source-candidate/csrc/attention/k2q_csr/k2q_csr_torch_adpt.h:182:5: note: in expansion of macro ‘EXEC_NPU_CMD’
  182 |     EXEC_NPU_CMD(aclnnK2qCsrHist, q2k_c, scratch, total_rows, max_kv, use_simt_i, B);
      |     ^~~~~~~~~~~~
/mnt/workspace/hc-pre-reduction-20260930/batch-comb-source-candidate/csrc/aclnn_torch_adapter/op_api_common.h:743:22: warning: narrowing conversion of ‘workspace_size’ from ‘uint64_t’ {aka ‘long unsigned int’} to ‘long int’ [-Wnarrowing]
  743 |           at::empty({workspace_size}, options.dtype(kByte));                  \
      |                      ^~~~~~~~~~~~~~
/mnt/workspace/hc-pre-reduction-20260930/batch-comb-source-candidate/csrc/attention/k2q_csr/k2q_csr_torch_adpt.h:184:5: note: in expansion of macro ‘EXEC_NPU_CMD’
  184 |     EXEC_NPU_CMD(aclnnK2qCsrRowPrefix, scratch, total_rows, max_kv, use_simt_i, H, T, topk, B, row_ptr);
      |     ^~~~~~~~~~~~
/mnt/workspace/hc-pre-reduction-20260930/batch-comb-source-candidate/csrc/aclnn_torch_adapter/op_api_common.h:743:22: warning: narrowing conversion of ‘workspace_size’ from ‘uint64_t’ {aka ‘long unsigned int’} to ‘long int’ [-Wnarrowing]
  743 |           at::empty({workspace_size}, options.dtype(kByte));                  \
      |                      ^~~~~~~~~~~~~~
/mnt/workspace/hc-pre-reduction-20260930/batch-comb-source-candidate/csrc/attention/k2q_csr/k2q_csr_torch_adpt.h:184:5: note: in expansion of macro ‘EXEC_NPU_CMD’
  184 |     EXEC_NPU_CMD(aclnnK2qCsrRowPrefix, scratch, total_rows, max_kv, use_simt_i, H, T, topk, B, row_ptr);
      |     ^~~~~~~~~~~~
/mnt/workspace/hc-pre-reduction-20260930/batch-comb-source-candidate/csrc/aclnn_torch_adapter/op_api_common.h:743:22: warning: narrowing conversion of ‘workspace_size’ from ‘uint64_t’ {aka ‘long unsigned int’} to ‘long int’ [-Wnarrowing]
  743 |           at::empty({workspace_size}, options.dtype(kByte));                  \
      |                      ^~~~~~~~~~~~~~
/mnt/workspace/hc-pre-reduction-20260930/batch-comb-source-candidate/csrc/attention/k2q_csr/k2q_csr_torch_adpt.h:185:5: note: in expansion of macro ‘EXEC_NPU_CMD’
  185 |     EXEC_NPU_CMD(aclnnK2qCsrTilePrefix, scratch, row_ptr, total_rows, max_kv, use_simt_i, H, T, topk, B);
      |     ^~~~~~~~~~~~
/mnt/workspace/hc-pre-reduction-20260930/batch-comb-source-candidate/csrc/aclnn_torch_adapter/op_api_common.h:743:22: warning: narrowing conversion of ‘workspace_size’ from ‘uint64_t’ {aka ‘long unsigned int’} to ‘long int’ [-Wnarrowing]
  743 |           at::empty({workspace_size}, options.dtype(kByte));                  \
      |                      ^~~~~~~~~~~~~~
/mnt/workspace/hc-pre-reduction-20260930/batch-comb-source-candidate/csrc/attention/k2q_csr/k2q_csr_torch_adpt.h:185:5: note: in expansion of macro ‘EXEC_NPU_CMD’
  185 |     EXEC_NPU_CMD(aclnnK2qCsrTilePrefix, scratch, row_ptr, total_rows, max_kv, use_simt_i, H, T, topk, B);
      |     ^~~~~~~~~~~~
/mnt/workspace/hc-pre-reduction-20260930/batch-comb-source-candidate/csrc/aclnn_torch_adapter/op_api_common.h:743:22: warning: narrowing conversion of ‘workspace_size’ from ‘uint64_t’ {aka ‘long unsigned int’} to ‘long int’ [-Wnarrowing]
  743 |           at::empty({workspace_size}, options.dtype(kByte));                  \
      |                      ^~~~~~~~~~~~~~
/mnt/workspace/hc-pre-reduction-20260930/batch-comb-source-candidate/csrc/attention/k2q_csr/k2q_csr_torch_adpt.h:192:5: note: in expansion of macro ‘EXEC_NPU_CMD’
  192 |     EXEC_NPU_CMD(aclnnK2qCsrScatter, q2k_c, cu_q, scratch, total_rows, max_kv, use_simt_i,
      |     ^~~~~~~~~~~~
/mnt/workspace/hc-pre-reduction-20260930/batch-comb-source-candidate/csrc/aclnn_torch_adapter/op_api_common.h:743:22: warning: narrowing conversion of ‘workspace_size’ from ‘uint64_t’ {aka ‘long unsigned int’} to ‘long int’ [-Wnarrowing]
  743 |           at::empty({workspace_size}, options.dtype(kByte));                  \
      |                      ^~~~~~~~~~~~~~
/mnt/workspace/hc-pre-reduction-20260930/batch-comb-source-candidate/csrc/attention/k2q_csr/k2q_csr_torch_adpt.h:192:5: note: in expansion of macro ‘EXEC_NPU_CMD’
  192 |     EXEC_NPU_CMD(aclnnK2qCsrScatter, q2k_c, cu_q, scratch, total_rows, max_kv, use_simt_i,
      |     ^~~~~~~~~~~~
/mnt/workspace/hc-pre-reduction-20260930/batch-comb-source-candidate/csrc/attention/msa_index_score/msa_index_score_torch_adpt.h: In function ‘at::Tensor vllm_ascend::npu_msa_index_score(const at::Tensor&, const at::Tensor&, const at::Tensor&, const at::Tensor&, const std::optional<at::Tensor>&, const std::optional<at::Tensor>&, const std::optional<at::Tensor>&, const std::optional<at::Tensor>&, c10::string_view, int64_t, int64_t, int64_t)’:
/mnt/workspace/hc-pre-reduction-20260930/batch-comb-source-candidate/csrc/aclnn_torch_adapter/op_api_common.h:743:22: warning: narrowing conversion of ‘workspace_size’ from ‘uint64_t’ {aka ‘long unsigned int’} to ‘long int’ [-Wnarrowing]
  743 |           at::empty({workspace_size}, options.dtype(kByte));                  \
      |                      ^~~~~~~~~~~~~~
/mnt/workspace/hc-pre-reduction-20260930/batch-comb-source-candidate/csrc/attention/msa_index_score/msa_index_score_torch_adpt.h:133:5: note: in expansion of macro ‘EXEC_NPU_CMD’
  133 |     EXEC_NPU_CMD(aclnnMsaIndexScore, query, normalizedKey, blockTable,
      |     ^~~~~~~~~~~~
/mnt/workspace/hc-pre-reduction-20260930/batch-comb-source-candidate/csrc/aclnn_torch_adapter/op_api_common.h:743:22: warning: narrowing conversion of ‘workspace_size’ from ‘uint64_t’ {aka ‘long unsigned int’} to ‘long int’ [-Wnarrowing]
  743 |           at::empty({workspace_size}, options.dtype(kByte));                  \
      |                      ^~~~~~~~~~~~~~
/mnt/workspace/hc-pre-reduction-20260930/batch-comb-source-candidate/csrc/attention/msa_index_score/msa_index_score_torch_adpt.h:133:5: note: in expansion of macro ‘EXEC_NPU_CMD’
  133 |     EXEC_NPU_CMD(aclnnMsaIndexScore, query, normalizedKey, blockTable,
      |     ^~~~~~~~~~~~
/mnt/workspace/hc-pre-reduction-20260930/batch-comb-source-candidate/csrc/attention/sparse_attention_score/sparse_attention_score_torch_adpt.h: In function ‘at::Tensor vllm_ascend::npu_sparse_attention_score(const at::Tensor&, const at::Tensor&, const at::Tensor&, const at::Tensor&, const at::Tensor&, const std::optional<at::Tensor>&, const std::optional<at::Tensor>&, const std::optional<at::Tensor>&, const std::optional<at::Tensor>&, const std::optional<at::Tensor>&, const std::optional<at::Tensor>&, c10::string_view, c10::string_view, int64_t, double, int64_t, int64_t, int64_t, const std::optional<c10::ScalarType>&)’:
/mnt/workspace/hc-pre-reduction-20260930/batch-comb-source-candidate/csrc/aclnn_torch_adapter/op_api_common.h:743:22: warning: narrowing conversion of ‘workspace_size’ from ‘uint64_t’ {aka ‘long unsigned int’} to ‘long int’ [-Wnarrowing]
  743 |           at::empty({workspace_size}, options.dtype(kByte));                  \
      |                      ^~~~~~~~~~~~~~
/mnt/workspace/hc-pre-reduction-20260930/batch-comb-source-candidate/csrc/attention/sparse_attention_score/sparse_attention_score_torch_adpt.h:159:5: note: in expansion of macro ‘EXEC_NPU_CMD’
  159 |     EXEC_NPU_CMD(aclnnSparseAttentionScore, query, key, value, selectIdx, blockTable,
      |     ^~~~~~~~~~~~
/mnt/workspace/hc-pre-reduction-20260930/batch-comb-source-candidate/csrc/aclnn_torch_adapter/op_api_common.h:743:22: warning: narrowing conversion of ‘workspace_size’ from ‘uint64_t’ {aka ‘long unsigned int’} to ‘long int’ [-Wnarrowing]
  743 |           at::empty({workspace_size}, options.dtype(kByte));                  \
      |                      ^~~~~~~~~~~~~~
/mnt/workspace/hc-pre-reduction-20260930/batch-comb-source-candidate/csrc/attention/sparse_attention_score/sparse_attention_score_torch_adpt.h:159:5: note: in expansion of macro ‘EXEC_NPU_CMD’
  159 |     EXEC_NPU_CMD(aclnnSparseAttentionScore, query, key, value, selectIdx, blockTable,
      |     ^~~~~~~~~~~~
/mnt/workspace/hc-pre-reduction-20260930/batch-comb-source-candidate/csrc/attention/store_kv_block/store_kv_block_torch_adpt.h: In function ‘void vllm_ascend::store_kv_block(const at::Tensor&, const at::Tensor&, const at::Tensor&, const at::Tensor&, const at::Tensor&, int64_t)’:
/mnt/workspace/hc-pre-reduction-20260930/batch-comb-source-candidate/csrc/aclnn_torch_adapter/op_api_common.h:743:22: warning: narrowing conversion of ‘workspace_size’ from ‘uint64_t’ {aka ‘long unsigned int’} to ‘long int’ [-Wnarrowing]
  743 |           at::empty({workspace_size}, options.dtype(kByte));                  \
      |                      ^~~~~~~~~~~~~~
/mnt/workspace/hc-pre-reduction-20260930/batch-comb-source-candidate/csrc/attention/store_kv_block/store_kv_block_torch_adpt.h:32:5: note: in expansion of macro ‘EXEC_NPU_CMD’
   32 |     EXEC_NPU_CMD(aclnnStoreKVBlock, key_in, key_cache_in,group_len, group_key_idx, group_key_cache_idx, block_size);
      |     ^~~~~~~~~~~~
/mnt/workspace/hc-pre-reduction-20260930/batch-comb-source-candidate/csrc/aclnn_torch_adapter/op_api_common.h:743:22: warning: narrowing conversion of ‘workspace_size’ from ‘uint64_t’ {aka ‘long unsigned int’} to ‘long int’ [-Wnarrowing]
  743 |           at::empty({workspace_size}, options.dtype(kByte));                  \
      |                      ^~~~~~~~~~~~~~
/mnt/workspace/hc-pre-reduction-20260930/batch-comb-source-candidate/csrc/attention/store_kv_block/store_kv_block_torch_adpt.h:32:5: note: in expansion of macro ‘EXEC_NPU_CMD’
   32 |     EXEC_NPU_CMD(aclnnStoreKVBlock, key_in, key_cache_in,group_len, group_key_idx, group_key_cache_idx, block_size);
      |     ^~~~~~~~~~~~
/mnt/workspace/hc-pre-reduction-20260930/batch-comb-source-candidate/csrc/attention/store_kv_block_metadata/store_kv_block_metadata_torch_adpt.cpp: In function ‘void vllm_ascend::store_kv_block_metadata(const at::Tensor&, const at::Tensor&, const at::Tensor&, const at::Tensor&, int64_t)’:
/mnt/workspace/hc-pre-reduction-20260930/batch-comb-source-candidate/csrc/aclnn_torch_adapter/op_api_common.h:743:22: warning: narrowing conversion of ‘workspace_size’ from ‘uint64_t’ {aka ‘long unsigned int’} to ‘long int’ [-Wnarrowing]
  743 |           at::empty({workspace_size}, options.dtype(kByte));                  \
      |                      ^~~~~~~~~~~~~~
/mnt/workspace/hc-pre-reduction-20260930/batch-comb-source-candidate/csrc/attention/store_kv_block_metadata/store_kv_block_metadata_torch_adpt.cpp:39:5: note: in expansion of macro ‘EXEC_NPU_CMD’
   39 |     EXEC_NPU_CMD(aclnnStoreKvBlockMetadata,
      |     ^~~~~~~~~~~~
/mnt/workspace/hc-pre-reduction-20260930/batch-comb-source-candidate/csrc/aclnn_torch_adapter/op_api_common.h:743:22: warning: narrowing conversion of ‘workspace_size’ from ‘uint64_t’ {aka ‘long unsigned int’} to ‘long int’ [-Wnarrowing]
  743 |           at::empty({workspace_size}, options.dtype(kByte));                  \
      |                      ^~~~~~~~~~~~~~
/mnt/workspace/hc-pre-reduction-20260930/batch-comb-source-candidate/csrc/attention/store_kv_block_metadata/store_kv_block_metadata_torch_adpt.cpp:39:5: note: in expansion of macro ‘EXEC_NPU_CMD’
   39 |     EXEC_NPU_CMD(aclnnStoreKvBlockMetadata,
      |     ^~~~~~~~~~~~
/mnt/workspace/hc-pre-reduction-20260930/batch-comb-source-candidate/csrc/moe/dequant_situ_quant/dequant_situ_quant_torch_adpt.h: In function ‘std::tuple<at::Tensor, at::Tensor> vllm_ascend::dequant_situ_quant(const at::Tensor&, const std::optional<at::Tensor>&, const std::optional<at::Tensor>&, const std::optional<at::Tensor>&, const std::optional<at::Tensor>&, const std::optional<at::Tensor>&, const std::optional<at::Tensor>&, double, double, bool, c10::string_view)’:
/mnt/workspace/hc-pre-reduction-20260930/batch-comb-source-candidate/csrc/aclnn_torch_adapter/op_api_common.h:743:22: warning: narrowing conversion of ‘workspace_size’ from ‘uint64_t’ {aka ‘long unsigned int’} to ‘long int’ [-Wnarrowing]
  743 |           at::empty({workspace_size}, options.dtype(kByte));                  \
      |                      ^~~~~~~~~~~~~~
/mnt/workspace/hc-pre-reduction-20260930/batch-comb-source-candidate/csrc/moe/dequant_situ_quant/dequant_situ_quant_torch_adpt.h:55:5: note: in expansion of macro ‘EXEC_NPU_CMD’
   55 |     EXEC_NPU_CMD(aclnnDequantSituQuant,
      |     ^~~~~~~~~~~~
/mnt/workspace/hc-pre-reduction-20260930/batch-comb-source-candidate/csrc/aclnn_torch_adapter/op_api_common.h:743:22: warning: narrowing conversion of ‘workspace_size’ from ‘uint64_t’ {aka ‘long unsigned int’} to ‘long int’ [-Wnarrowing]
  743 |           at::empty({workspace_size}, options.dtype(kByte));                  \
      |                      ^~~~~~~~~~~~~~
/mnt/workspace/hc-pre-reduction-20260930/batch-comb-source-candidate/csrc/moe/dequant_situ_quant/dequant_situ_quant_torch_adpt.h:55:5: note: in expansion of macro ‘EXEC_NPU_CMD’
   55 |     EXEC_NPU_CMD(aclnnDequantSituQuant,
      |     ^~~~~~~~~~~~
/mnt/workspace/hc-pre-reduction-20260930/batch-comb-source-candidate/csrc/moe/situ_mx_quant/situ_mx_quant_torch_adpt.h: In function ‘std::tuple<at::Tensor, at::Tensor> vllm_ascend::situ_mx_quant(const at::Tensor&, double, double, bool, int64_t)’:
/mnt/workspace/hc-pre-reduction-20260930/batch-comb-source-candidate/csrc/aclnn_torch_adapter/op_api_common.h:743:22: warning: narrowing conversion of ‘workspace_size’ from ‘uint64_t’ {aka ‘long unsigned int’} to ‘long int’ [-Wnarrowing]
  743 |           at::empty({workspace_size}, options.dtype(kByte));                  \
      |                      ^~~~~~~~~~~~~~
/mnt/workspace/hc-pre-reduction-20260930/batch-comb-source-candidate/csrc/moe/situ_mx_quant/situ_mx_quant_torch_adpt.h:58:5: note: in expansion of macro ‘EXEC_NPU_CMD’
   58 |     EXEC_NPU_CMD(aclnnSituMxQuant,
      |     ^~~~~~~~~~~~
/mnt/workspace/hc-pre-reduction-20260930/batch-comb-source-candidate/csrc/aclnn_torch_adapter/op_api_common.h:743:22: warning: narrowing conversion of ‘workspace_size’ from ‘uint64_t’ {aka ‘long unsigned int’} to ‘long int’ [-Wnarrowing]
  743 |           at::empty({workspace_size}, options.dtype(kByte));                  \
      |                      ^~~~~~~~~~~~~~
/mnt/workspace/hc-pre-reduction-20260930/batch-comb-source-candidate/csrc/moe/situ_mx_quant/situ_mx_quant_torch_adpt.h:58:5: note: in expansion of macro ‘EXEC_NPU_CMD’
   58 |     EXEC_NPU_CMD(aclnnSituMxQuant,
      |     ^~~~~~~~~~~~
/mnt/workspace/hc-pre-reduction-20260930/batch-comb-source-candidate/csrc/moe/grouped_matmul_situ_quant/grouped_matmul_situ_quant_torch_adpt.h: In function ‘std::tuple<at::Tensor, at::Tensor> ascend_kernel::{anonymous}::RunV2Core(const at::Tensor&, const at::Tensor&, const std::vector<at::Tensor>&, const std::vector<at::Tensor>&, const at::Tensor&, int64_t, int64_t, double, double, int64_t)’:
/mnt/workspace/hc-pre-reduction-20260930/batch-comb-source-candidate/csrc/aclnn_torch_adapter/op_api_common.h:743:22: warning: narrowing conversion of ‘workspace_size’ from ‘uint64_t’ {aka ‘long unsigned int’} to ‘long int’ [-Wnarrowing]
  743 |           at::empty({workspace_size}, options.dtype(kByte));                  \
      |                      ^~~~~~~~~~~~~~
/mnt/workspace/hc-pre-reduction-20260930/batch-comb-source-candidate/csrc/moe/grouped_matmul_situ_quant/grouped_matmul_situ_quant_torch_adpt.h:181:5: note: in expansion of macro ‘EXEC_NPU_CMD’
  181 |     EXEC_NPU_CMD(aclnnGroupedMatmulSituQuant, x, xScale, weightList,
      |     ^~~~~~~~~~~~
/mnt/workspace/hc-pre-reduction-20260930/batch-comb-source-candidate/csrc/aclnn_torch_adapter/op_api_common.h:743:22: warning: narrowing conversion of ‘workspace_size’ from ‘uint64_t’ {aka ‘long unsigned int’} to ‘long int’ [-Wnarrowing]
  743 |           at::empty({workspace_size}, options.dtype(kByte));                  \
      |                      ^~~~~~~~~~~~~~
/mnt/workspace/hc-pre-reduction-20260930/batch-comb-source-candidate/csrc/moe/grouped_matmul_situ_quant/grouped_matmul_situ_quant_torch_adpt.h:181:5: note: in expansion of macro ‘EXEC_NPU_CMD’
  181 |     EXEC_NPU_CMD(aclnnGroupedMatmulSituQuant, x, xScale, weightList,
      |     ^~~~~~~~~~~~
/mnt/workspace/hc-pre-reduction-20260930/batch-comb-source-candidate/csrc/attention/mla_prolog_v3_k3/mla_prolog_v3_k3_torch_adpt.h: In function ‘std::tuple<at::Tensor, at::Tensor, at::Tensor, at::Tensor, at::Tensor> vllm_ascend::npu_mla_prolog_v3_k3(const at::Tensor&, const at::Tensor&, const at::Tensor&, const at::Tensor&, const at::Tensor&, const at::Tensor&, const at::Tensor&, const at::Tensor&, const at::Tensor&, at::Tensor&, at::Tensor&, const std::optional<at::Tensor>&, const std::optional<at::Tensor>&, const std::optional<at::Tensor>&, const std::optional<at::Tensor>&, const std::optional<at::Tensor>&, const std::optional<at::Tensor>&, const std::optional<at::Tensor>&, const std::optional<at::Tensor>&, const std::optional<at::Tensor>&, const std::optional<at::Tensor>&, double, double, c10::string_view, bool, int64_t, int64_t, int64_t, int64_t, int64_t, int64_t, double, double)’:
/mnt/workspace/hc-pre-reduction-20260930/batch-comb-source-candidate/csrc/aclnn_torch_adapter/op_api_common.h:743:22: warning: narrowing conversion of ‘workspace_size’ from ‘uint64_t’ {aka ‘long unsigned int’} to ‘long int’ [-Wnarrowing]
  743 |           at::empty({workspace_size}, options.dtype(kByte));                  \
      |                      ^~~~~~~~~~~~~~
/mnt/workspace/hc-pre-reduction-20260930/batch-comb-source-candidate/csrc/attention/mla_prolog_v3_k3/mla_prolog_v3_k3_torch_adpt.h:241:5: note: in expansion of macro ‘EXEC_NPU_CMD’
  241 |     EXEC_NPU_CMD(
      |     ^~~~~~~~~~~~
/mnt/workspace/hc-pre-reduction-20260930/batch-comb-source-candidate/csrc/aclnn_torch_adapter/op_api_common.h:743:22: warning: narrowing conversion of ‘workspace_size’ from ‘uint64_t’ {aka ‘long unsigned int’} to ‘long int’ [-Wnarrowing]
  743 |           at::empty({workspace_size}, options.dtype(kByte));                  \
      |                      ^~~~~~~~~~~~~~
/mnt/workspace/hc-pre-reduction-20260930/batch-comb-source-candidate/csrc/attention/mla_prolog_v3_k3/mla_prolog_v3_k3_torch_adpt.h:241:5: note: in expansion of macro ‘EXEC_NPU_CMD’
  241 |     EXEC_NPU_CMD(
      |     ^~~~~~~~~~~~
/mnt/workspace/hc-pre-reduction-20260930/batch-comb-source-candidate/csrc/torch_binding.cpp: In function ‘at::Tensor vllm_ascend::npu_sign_bits_pack(const at::Tensor&, int64_t)’:
/mnt/workspace/hc-pre-reduction-20260930/batch-comb-source-candidate/csrc/aclnn_torch_adapter/op_api_common.h:743:22: warning: narrowing conversion of ‘workspace_size’ from ‘uint64_t’ {aka ‘long unsigned int’} to ‘long int’ [-Wnarrowing]
  743 |           at::empty({workspace_size}, options.dtype(kByte));                  \
      |                      ^~~~~~~~~~~~~~
/mnt/workspace/hc-pre-reduction-20260930/batch-comb-source-candidate/csrc/torch_binding.cpp:544:5: note: in expansion of macro ‘EXEC_NPU_CMD’
  544 |     EXEC_NPU_CMD(aclnnSignBitsPack, input, size, out);
      |     ^~~~~~~~~~~~
/mnt/workspace/hc-pre-reduction-20260930/batch-comb-source-candidate/csrc/aclnn_torch_adapter/op_api_common.h:743:22: warning: narrowing conversion of ‘workspace_size’ from ‘uint64_t’ {aka ‘long unsigned int’} to ‘long int’ [-Wnarrowing]
  743 |           at::empty({workspace_size}, options.dtype(kByte));                  \
      |                      ^~~~~~~~~~~~~~
/mnt/workspace/hc-pre-reduction-20260930/batch-comb-source-candidate/csrc/torch_binding.cpp:544:5: note: in expansion of macro ‘EXEC_NPU_CMD’
  544 |     EXEC_NPU_CMD(aclnnSignBitsPack, input, size, out);
      |     ^~~~~~~~~~~~
/mnt/workspace/hc-pre-reduction-20260930/batch-comb-source-candidate/csrc/torch_binding.cpp: In function ‘std::tuple<at::Tensor, at::Tensor> vllm_ascend::npu_gemma_rms_norm(const at::Tensor&, const at::Tensor&, double)’:
/mnt/workspace/hc-pre-reduction-20260930/batch-comb-source-candidate/csrc/aclnn_torch_adapter/op_api_common.h:743:22: warning: narrowing conversion of ‘workspace_size’ from ‘uint64_t’ {aka ‘long unsigned int’} to ‘long int’ [-Wnarrowing]
  743 |           at::empty({workspace_size}, options.dtype(kByte));                  \
      |                      ^~~~~~~~~~~~~~
/mnt/workspace/hc-pre-reduction-20260930/batch-comb-source-candidate/csrc/torch_binding.cpp:572:5: note: in expansion of macro ‘EXEC_NPU_CMD’
  572 |     EXEC_NPU_CMD(aclnnGemmaRmsNorm, x, gamma, epsilon, y, rstd);
      |     ^~~~~~~~~~~~
/mnt/workspace/hc-pre-reduction-20260930/batch-comb-source-candidate/csrc/aclnn_torch_adapter/op_api_common.h:743:22: warning: narrowing conversion of ‘workspace_size’ from ‘uint64_t’ {aka ‘long unsigned int’} to ‘long int’ [-Wnarrowing]
  743 |           at::empty({workspace_size}, options.dtype(kByte));                  \
      |                      ^~~~~~~~~~~~~~
/mnt/workspace/hc-pre-reduction-20260930/batch-comb-source-candidate/csrc/torch_binding.cpp:572:5: note: in expansion of macro ‘EXEC_NPU_CMD’
  572 |     EXEC_NPU_CMD(aclnnGemmaRmsNorm, x, gamma, epsilon, y, rstd);
      |     ^~~~~~~~~~~~
/mnt/workspace/hc-pre-reduction-20260930/batch-comb-source-candidate/csrc/torch_binding.cpp: In function ‘void vllm_ascend::transpose_kv_cache_by_block(const at::TensorList&, const at::TensorList&, const at::Tensor&, int64_t, int64_t, int64_t, int64_t, int64_t)’:
/mnt/workspace/hc-pre-reduction-20260930/batch-comb-source-candidate/csrc/aclnn_torch_adapter/op_api_common.h:743:22: warning: narrowing conversion of ‘workspace_size’ from ‘uint64_t’ {aka ‘long unsigned int’} to ‘long int’ [-Wnarrowing]
  743 |           at::empty({workspace_size}, options.dtype(kByte));                  \
      |                      ^~~~~~~~~~~~~~
/mnt/workspace/hc-pre-reduction-20260930/batch-comb-source-candidate/csrc/torch_binding.cpp:587:5: note: in expansion of macro ‘EXEC_NPU_CMD’
  587 |     EXEC_NPU_CMD(aclnnTransposeKvCacheByBlock, kCache, vCache, blockIDs,
      |     ^~~~~~~~~~~~
/mnt/workspace/hc-pre-reduction-20260930/batch-comb-source-candidate/csrc/aclnn_torch_adapter/op_api_common.h:743:22: warning: narrowing conversion of ‘workspace_size’ from ‘uint64_t’ {aka ‘long unsigned int’} to ‘long int’ [-Wnarrowing]
  743 |           at::empty({workspace_size}, options.dtype(kByte));                  \
      |                      ^~~~~~~~~~~~~~
/mnt/workspace/hc-pre-reduction-20260930/batch-comb-source-candidate/csrc/torch_binding.cpp:587:5: note: in expansion of macro ‘EXEC_NPU_CMD’
  587 |     EXEC_NPU_CMD(aclnnTransposeKvCacheByBlock, kCache, vCache, blockIDs,
      |     ^~~~~~~~~~~~
/mnt/workspace/hc-pre-reduction-20260930/batch-comb-source-candidate/csrc/torch_binding.cpp: In function ‘void vllm_ascend::npu_scatter_pa_kv_cache(const at::Tensor&, const at::Tensor&, at::Tensor&, at::Tensor&, const at::Tensor&, c10::string_view, c10::string_view)’:
/mnt/workspace/hc-pre-reduction-20260930/batch-comb-source-candidate/csrc/aclnn_torch_adapter/op_api_common.h:743:22: warning: narrowing conversion of ‘workspace_size’ from ‘uint64_t’ {aka ‘long unsigned int’} to ‘long int’ [-Wnarrowing]
  743 |           at::empty({workspace_size}, options.dtype(kByte));                  \
      |                      ^~~~~~~~~~~~~~
/mnt/workspace/hc-pre-reduction-20260930/batch-comb-source-candidate/csrc/torch_binding.cpp:612:5: note: in expansion of macro ‘EXEC_NPU_CMD’
  612 |     EXEC_NPU_CMD(aclnnScatterPaKvCache,
      |     ^~~~~~~~~~~~
/mnt/workspace/hc-pre-reduction-20260930/batch-comb-source-candidate/csrc/aclnn_torch_adapter/op_api_common.h:743:22: warning: narrowing conversion of ‘workspace_size’ from ‘uint64_t’ {aka ‘long unsigned int’} to ‘long int’ [-Wnarrowing]
  743 |           at::empty({workspace_size}, options.dtype(kByte));                  \
      |                      ^~~~~~~~~~~~~~
/mnt/workspace/hc-pre-reduction-20260930/batch-comb-source-candidate/csrc/torch_binding.cpp:612:5: note: in expansion of macro ‘EXEC_NPU_CMD’
  612 |     EXEC_NPU_CMD(aclnnScatterPaKvCache,
      |     ^~~~~~~~~~~~
/mnt/workspace/hc-pre-reduction-20260930/batch-comb-source-candidate/csrc/torch_binding.cpp: In function ‘std::tuple<at::Tensor, at::Tensor, at::Tensor, at::Tensor, at::Tensor, at::Tensor> vllm_ascend::npu_copy_and_expand_eagle_inputs(const at::Tensor&, const at::Tensor&, const at::Tensor&, const at::Tensor&, const at::Tensor&, int64_t, int64_t, int64_t, bool, int64_t)’:
/mnt/workspace/hc-pre-reduction-20260930/batch-comb-source-candidate/csrc/aclnn_torch_adapter/op_api_common.h:743:22: warning: narrowing conversion of ‘workspace_size’ from ‘uint64_t’ {aka ‘long unsigned int’} to ‘long int’ [-Wnarrowing]
  743 |           at::empty({workspace_size}, options.dtype(kByte));                  \
      |                      ^~~~~~~~~~~~~~
/mnt/workspace/hc-pre-reduction-20260930/batch-comb-source-candidate/csrc/torch_binding.cpp:695:5: note: in expansion of macro ‘EXEC_NPU_CMD’
  695 |     EXEC_NPU_CMD(aclnnCopyAndExpandEagleInputs,
      |     ^~~~~~~~~~~~
/mnt/workspace/hc-pre-reduction-20260930/batch-comb-source-candidate/csrc/aclnn_torch_adapter/op_api_common.h:743:22: warning: narrowing conversion of ‘workspace_size’ from ‘uint64_t’ {aka ‘long unsigned int’} to ‘long int’ [-Wnarrowing]
  743 |           at::empty({workspace_size}, options.dtype(kByte));                  \
      |                      ^~~~~~~~~~~~~~
/mnt/workspace/hc-pre-reduction-20260930/batch-comb-source-candidate/csrc/torch_binding.cpp:695:5: note: in expansion of macro ‘EXEC_NPU_CMD’
  695 |     EXEC_NPU_CMD(aclnnCopyAndExpandEagleInputs,
      |     ^~~~~~~~~~~~
/mnt/workspace/hc-pre-reduction-20260930/batch-comb-source-candidate/csrc/torch_binding.cpp: In function ‘std::tuple<at::Tensor, at::Tensor, at::Tensor> vllm_ascend::moe_gating_top_k_hash(const at::Tensor&, int64_t, const std::optional<at::Tensor>&, const std::optional<at::Tensor>&, const std::optional<at::Tensor>&, int64_t, int64_t, double, double, int64_t, int64_t, int64_t, bool, const std::optional<at::Tensor>&, int64_t, int64_t)’:
/mnt/workspace/hc-pre-reduction-20260930/batch-comb-source-candidate/csrc/torch_binding.cpp:795:48: warning: ‘constexpr T c10::value_or_else(const std::optional<_Tp>&, F&&) [with T = at::Tensor; F = vllm_ascend::moe_gating_top_k_hash(const at::Tensor&, int64_t, const std::optional<at::Tensor>&, const std::optional<at::Tensor>&, const std::optional<at::Tensor>&, int64_t, int64_t, double, double, int64_t, int64_t, int64_t, bool, const std::optional<at::Tensor>&, int64_t, int64_t)::<lambda()>]’ is deprecated: Please use std::optional::value_or instead of c10::value_or_else [-Wdeprecated-declarations]
  795 |     const at::Tensor& bias = c10::value_or_else(bias_opt, [] { return at::Tensor(); });
      |                              ~~~~~~~~~~~~~~~~~~^~~~~~~~~~~~~~~~~~~~~~~~~~~~~~~~~~~~~~~
/mnt/workspace/mhc-validation-20260930/venv/lib/python3.12/site-packages/torch/include/c10/util/Optional.h:40:1: note: declared here
   40 | value_or_else(const std::optional<T>& v, F&& func) {
      | ^~~~~~~~~~~~~
/mnt/workspace/hc-pre-reduction-20260930/batch-comb-source-candidate/csrc/torch_binding.cpp:796:53: warning: ‘constexpr T c10::value_or_else(const std::optional<_Tp>&, F&&) [with T = at::Tensor; F = vllm_ascend::moe_gating_top_k_hash(const at::Tensor&, int64_t, const std::optional<at::Tensor>&, const std::optional<at::Tensor>&, const std::optional<at::Tensor>&, int64_t, int64_t, double, double, int64_t, int64_t, int64_t, bool, const std::optional<at::Tensor>&, int64_t, int64_t)::<lambda()>]’ is deprecated: Please use std::optional::value_or instead of c10::value_or_else [-Wdeprecated-declarations]
  796 |     const at::Tensor& input_ids = c10::value_or_else(input_ids_opt, [] { return at::Tensor(); });
      |                                   ~~~~~~~~~~~~~~~~~~^~~~~~~~~~~~~~~~~~~~~~~~~~~~~~~~~~~~~~~~~~~~
/mnt/workspace/mhc-validation-20260930/venv/lib/python3.12/site-packages/torch/include/c10/util/Optional.h:40:1: note: declared here
   40 | value_or_else(const std::optional<T>& v, F&& func) {
      | ^~~~~~~~~~~~~
/mnt/workspace/hc-pre-reduction-20260930/batch-comb-source-candidate/csrc/torch_binding.cpp:797:51: warning: ‘constexpr T c10::value_or_else(const std::optional<_Tp>&, F&&) [with T = at::Tensor; F = vllm_ascend::moe_gating_top_k_hash(const at::Tensor&, int64_t, const std::optional<at::Tensor>&, const std::optional<at::Tensor>&, const std::optional<at::Tensor>&, int64_t, int64_t, double, double, int64_t, int64_t, int64_t, bool, const std::optional<at::Tensor>&, int64_t, int64_t)::<lambda()>]’ is deprecated: Please use std::optional::value_or instead of c10::value_or_else [-Wdeprecated-declarations]
  797 |     const at::Tensor& tid2eid = c10::value_or_else(tid2eid_opt, [] { return at::Tensor(); });
      |                                 ~~~~~~~~~~~~~~~~~~^~~~~~~~~~~~~~~~~~~~~~~~~~~~~~~~~~~~~~~~~~
/mnt/workspace/mhc-validation-20260930/venv/lib/python3.12/site-packages/torch/include/c10/util/Optional.h:40:1: note: declared here
   40 | value_or_else(const std::optional<T>& v, F&& func) {
      | ^~~~~~~~~~~~~
/mnt/workspace/hc-pre-reduction-20260930/batch-comb-source-candidate/csrc/torch_binding.cpp:798:51: warning: ‘constexpr T c10::value_or_else(const std::optional<_Tp>&, F&&) [with T = at::Tensor; F = vllm_ascend::moe_gating_top_k_hash(const at::Tensor&, int64_t, const std::optional<at::Tensor>&, const std::optional<at::Tensor>&, const std::optional<at::Tensor>&, int64_t, int64_t, double, double, int64_t, int64_t, int64_t, bool, const std::optional<at::Tensor>&, int64_t, int64_t)::<lambda()>]’ is deprecated: Please use std::optional::value_or instead of c10::value_or_else [-Wdeprecated-declarations]
  798 |     const at::Tensor& bias_vl = c10::value_or_else(bias_vl_opt, [] { return at::Tensor(); });
      |                                 ~~~~~~~~~~~~~~~~~~^~~~~~~~~~~~~~~~~~~~~~~~~~~~~~~~~~~~~~~~~~
/mnt/workspace/mhc-validation-20260930/venv/lib/python3.12/site-packages/torch/include/c10/util/Optional.h:40:1: note: declared here
   40 | value_or_else(const std::optional<T>& v, F&& func) {
      | ^~~~~~~~~~~~~
/mnt/workspace/hc-pre-reduction-20260930/batch-comb-source-candidate/csrc/aclnn_torch_adapter/op_api_common.h:743:22: warning: narrowing conversion of ‘workspace_size’ from ‘uint64_t’ {aka ‘long unsigned int’} to ‘long int’ [-Wnarrowing]
  743 |           at::empty({workspace_size}, options.dtype(kByte));                  \
      |                      ^~~~~~~~~~~~~~
/mnt/workspace/hc-pre-reduction-20260930/batch-comb-source-candidate/csrc/torch_binding.cpp:804:5: note: in expansion of macro ‘EXEC_NPU_CMD’
  804 |     EXEC_NPU_CMD(aclnnMoeGatingTopKHash,
      |     ^~~~~~~~~~~~
/mnt/workspace/hc-pre-reduction-20260930/batch-comb-source-candidate/csrc/aclnn_torch_adapter/op_api_common.h:743:22: warning: narrowing conversion of ‘workspace_size’ from ‘uint64_t’ {aka ‘long unsigned int’} to ‘long int’ [-Wnarrowing]
  743 |           at::empty({workspace_size}, options.dtype(kByte));                  \
      |                      ^~~~~~~~~~~~~~
/mnt/workspace/hc-pre-reduction-20260930/batch-comb-source-candidate/csrc/torch_binding.cpp:804:5: note: in expansion of macro ‘EXEC_NPU_CMD’
  804 |     EXEC_NPU_CMD(aclnnMoeGatingTopKHash,
      |     ^~~~~~~~~~~~
/mnt/workspace/hc-pre-reduction-20260930/batch-comb-source-candidate/csrc/torch_binding.cpp: In function ‘std::tuple<at::Tensor> vllm_ascend::compressor(const at::Tensor&, const at::Tensor&, const at::Tensor&, at::Tensor&, const at::Tensor&, const at::Tensor&, const at::Tensor&, const at::Tensor&, const std::optional<at::Tensor>&, const std::optional<at::Tensor>&, const std::optional<at::Tensor>&, const std::optional<at::Tensor>&, int64_t, int64_t, int64_t, double, int64_t, int64_t)’:
/mnt/workspace/hc-pre-reduction-20260930/batch-comb-source-candidate/csrc/aclnn_torch_adapter/op_api_common.h:743:22: warning: narrowing conversion of ‘workspace_size’ from ‘uint64_t’ {aka ‘long unsigned int’} to ‘long int’ [-Wnarrowing]
  743 |           at::empty({workspace_size}, options.dtype(kByte));                  \
      |                      ^~~~~~~~~~~~~~
/mnt/workspace/hc-pre-reduction-20260930/batch-comb-source-candidate/csrc/torch_binding.cpp:912:5: note: in expansion of macro ‘EXEC_NPU_CMD’
  912 |     EXEC_NPU_CMD(aclnnCompressor, x, wkv, wgate, state_cache, ape, norm_weight, rope_sin, rope_cos,
      |     ^~~~~~~~~~~~
/mnt/workspace/hc-pre-reduction-20260930/batch-comb-source-candidate/csrc/aclnn_torch_adapter/op_api_common.h:743:22: warning: narrowing conversion of ‘workspace_size’ from ‘uint64_t’ {aka ‘long unsigned int’} to ‘long int’ [-Wnarrowing]
  743 |           at::empty({workspace_size}, options.dtype(kByte));                  \
      |                      ^~~~~~~~~~~~~~
/mnt/workspace/hc-pre-reduction-20260930/batch-comb-source-candidate/csrc/torch_binding.cpp:912:5: note: in expansion of macro ‘EXEC_NPU_CMD’
  912 |     EXEC_NPU_CMD(aclnnCompressor, x, wkv, wgate, state_cache, ape, norm_weight, rope_sin, rope_cos,
      |     ^~~~~~~~~~~~
/mnt/workspace/hc-pre-reduction-20260930/batch-comb-source-candidate/csrc/torch_binding.cpp: In function ‘std::tuple<at::Tensor, at::Tensor, at::Tensor> vllm_ascend::compressor_metadata(const at::Tensor&, const at::Tensor&, const at::Tensor&, const at::Tensor&, const at::Tensor&, int64_t, int64_t, int64_t, int64_t, int64_t)’:
/mnt/workspace/hc-pre-reduction-20260930/batch-comb-source-candidate/csrc/aclnn_torch_adapter/op_api_common.h:743:22: warning: narrowing conversion of ‘workspace_size’ from ‘uint64_t’ {aka ‘long unsigned int’} to ‘long int’ [-Wnarrowing]
  743 |           at::empty({workspace_size}, options.dtype(kByte));                  \
      |                      ^~~~~~~~~~~~~~
/mnt/workspace/hc-pre-reduction-20260930/batch-comb-source-candidate/csrc/torch_binding.cpp:1008:5: note: in expansion of macro ‘EXEC_NPU_CMD’
 1008 |     EXEC_NPU_CMD(aclnnCompressorMetadata, rope_cos, rope_sin, cu_seqlens, start_pos, kv_block_table,
      |     ^~~~~~~~~~~~
/mnt/workspace/hc-pre-reduction-20260930/batch-comb-source-candidate/csrc/aclnn_torch_adapter/op_api_common.h:743:22: warning: narrowing conversion of ‘workspace_size’ from ‘uint64_t’ {aka ‘long unsigned int’} to ‘long int’ [-Wnarrowing]
  743 |           at::empty({workspace_size}, options.dtype(kByte));                  \
      |                      ^~~~~~~~~~~~~~
/mnt/workspace/hc-pre-reduction-20260930/batch-comb-source-candidate/csrc/torch_binding.cpp:1008:5: note: in expansion of macro ‘EXEC_NPU_CMD’
 1008 |     EXEC_NPU_CMD(aclnnCompressorMetadata, rope_cos, rope_sin, cu_seqlens, start_pos, kv_block_table,
      |     ^~~~~~~~~~~~
/mnt/workspace/hc-pre-reduction-20260930/batch-comb-source-candidate/csrc/torch_binding.cpp: In function ‘std::tuple<at::Tensor, at::Tensor, at::Tensor> vllm_ascend::compressor_metadata_out(const at::Tensor&, const at::Tensor&, const at::Tensor&, const at::Tensor&, const at::Tensor&, int64_t, int64_t, int64_t, int64_t, at::Tensor&, at::Tensor&, at::Tensor&)’:
/mnt/workspace/hc-pre-reduction-20260930/batch-comb-source-candidate/csrc/aclnn_torch_adapter/op_api_common.h:743:22: warning: narrowing conversion of ‘workspace_size’ from ‘uint64_t’ {aka ‘long unsigned int’} to ‘long int’ [-Wnarrowing]
  743 |           at::empty({workspace_size}, options.dtype(kByte));                  \
      |                      ^~~~~~~~~~~~~~
/mnt/workspace/hc-pre-reduction-20260930/batch-comb-source-candidate/csrc/torch_binding.cpp:1025:5: note: in expansion of macro ‘EXEC_NPU_CMD’
 1025 |     EXEC_NPU_CMD(aclnnCompressorMetadata, rope_cos, rope_sin, cu_seqlens, start_pos, kv_block_table,
      |     ^~~~~~~~~~~~
/mnt/workspace/hc-pre-reduction-20260930/batch-comb-source-candidate/csrc/aclnn_torch_adapter/op_api_common.h:743:22: warning: narrowing conversion of ‘workspace_size’ from ‘uint64_t’ {aka ‘long unsigned int’} to ‘long int’ [-Wnarrowing]
  743 |           at::empty({workspace_size}, options.dtype(kByte));                  \
      |                      ^~~~~~~~~~~~~~
/mnt/workspace/hc-pre-reduction-20260930/batch-comb-source-candidate/csrc/torch_binding.cpp:1025:5: note: in expansion of macro ‘EXEC_NPU_CMD’
 1025 |     EXEC_NPU_CMD(aclnnCompressorMetadata, rope_cos, rope_sin, cu_seqlens, start_pos, kv_block_table,
      |     ^~~~~~~~~~~~
/mnt/workspace/hc-pre-reduction-20260930/batch-comb-source-candidate/csrc/torch_binding.cpp: In function ‘std::tuple<at::Tensor, at::Tensor> vllm_ascend::npu_quant_lightning_indexer_v2_npu(const at::Tensor&, const at::Tensor&, const at::Tensor&, const at::Tensor&, const at::Tensor&, int64_t, int64_t, const std::optional<at::Tensor>&, const std::optional<at::Tensor>&, const std::optional<at::Tensor>&, const std::optional<at::Tensor>&, const std::optional<at::Tensor>&, const std::optional<at::Tensor>&, const std::optional<at::Tensor>&, const std::optional<at::Tensor>&, int64_t, c10::string_view, c10::string_view, int64_t, int64_t, int64_t)’:
/mnt/workspace/hc-pre-reduction-20260930/batch-comb-source-candidate/csrc/aclnn_torch_adapter/op_api_common.h:743:22: warning: narrowing conversion of ‘workspace_size’ from ‘uint64_t’ {aka ‘long unsigned int’} to ‘long int’ [-Wnarrowing]
  743 |           at::empty({workspace_size}, options.dtype(kByte));                  \
      |                      ^~~~~~~~~~~~~~
/mnt/workspace/hc-pre-reduction-20260930/batch-comb-source-candidate/csrc/torch_binding.cpp:1102:5: note: in expansion of macro ‘EXEC_NPU_CMD’
 1102 |     EXEC_NPU_CMD(aclnnQuantLightningIndexerV2, query, key, weights, query_dequant_scale, key_dequant_scale,
      |     ^~~~~~~~~~~~
/mnt/workspace/hc-pre-reduction-20260930/batch-comb-source-candidate/csrc/aclnn_torch_adapter/op_api_common.h:743:22: warning: narrowing conversion of ‘workspace_size’ from ‘uint64_t’ {aka ‘long unsigned int’} to ‘long int’ [-Wnarrowing]
  743 |           at::empty({workspace_size}, options.dtype(kByte));                  \
      |                      ^~~~~~~~~~~~~~
/mnt/workspace/hc-pre-reduction-20260930/batch-comb-source-candidate/csrc/torch_binding.cpp:1102:5: note: in expansion of macro ‘EXEC_NPU_CMD’
 1102 |     EXEC_NPU_CMD(aclnnQuantLightningIndexerV2, query, key, weights, query_dequant_scale, key_dequant_scale,
      |     ^~~~~~~~~~~~
/mnt/workspace/hc-pre-reduction-20260930/batch-comb-source-candidate/csrc/torch_binding.cpp: In function ‘std::tuple<at::Tensor, at::Tensor> vllm_ascend::npu_sparse_attn_sharedkv_npu(const at::Tensor&, const std::optional<at::Tensor>&, const std::optional<at::Tensor>&, const std::optional<at::Tensor>&, const std::optional<at::Tensor>&, const std::optional<at::Tensor>&, const std::optional<at::Tensor>&, const std::optional<at::Tensor>&, const std::optional<at::Tensor>&, const std::optional<at::Tensor>&, const std::optional<at::Tensor>&, const std::optional<at::Tensor>&, const std::optional<at::Tensor>&, const std::optional<at::Tensor>&, double, int64_t, int64_t, int64_t, int64_t, int64_t, c10::string_view, c10::string_view, bool)’:
/mnt/workspace/hc-pre-reduction-20260930/batch-comb-source-candidate/csrc/aclnn_torch_adapter/op_api_common.h:743:22: warning: narrowing conversion of ‘workspace_size’ from ‘uint64_t’ {aka ‘long unsigned int’} to ‘long int’ [-Wnarrowing]
  743 |           at::empty({workspace_size}, options.dtype(kByte));                  \
      |                      ^~~~~~~~~~~~~~
/mnt/workspace/hc-pre-reduction-20260930/batch-comb-source-candidate/csrc/torch_binding.cpp:1185:5: note: in expansion of macro ‘EXEC_NPU_CMD’
 1185 |     EXEC_NPU_CMD(aclnnSparseAttnSharedkv, q, ori_kv, cmp_kv, ori_sparse_indices, cmp_sparse_indices,
      |     ^~~~~~~~~~~~
/mnt/workspace/hc-pre-reduction-20260930/batch-comb-source-candidate/csrc/aclnn_torch_adapter/op_api_common.h:743:22: warning: narrowing conversion of ‘workspace_size’ from ‘uint64_t’ {aka ‘long unsigned int’} to ‘long int’ [-Wnarrowing]
  743 |           at::empty({workspace_size}, options.dtype(kByte));                  \
      |                      ^~~~~~~~~~~~~~
/mnt/workspace/hc-pre-reduction-20260930/batch-comb-source-candidate/csrc/torch_binding.cpp:1185:5: note: in expansion of macro ‘EXEC_NPU_CMD’
 1185 |     EXEC_NPU_CMD(aclnnSparseAttnSharedkv, q, ori_kv, cmp_kv, ori_sparse_indices, cmp_sparse_indices,
      |     ^~~~~~~~~~~~
/mnt/workspace/hc-pre-reduction-20260930/batch-comb-source-candidate/csrc/torch_binding.cpp: In function ‘at::Tensor vllm_ascend::npu_sparse_attn_sharedkv_metadata_npu(int64_t, int64_t, int64_t, const std::optional<at::Tensor>&, const std::optional<at::Tensor>&, const std::optional<at::Tensor>&, const std::optional<at::Tensor>&, const std::optional<at::Tensor>&, int64_t, int64_t, int64_t, int64_t, int64_t, int64_t, int64_t, int64_t, int64_t, int64_t, c10::string_view, c10::string_view, bool, bool, c10::string_view)’:
/mnt/workspace/hc-pre-reduction-20260930/batch-comb-source-candidate/csrc/aclnn_torch_adapter/op_api_common.h:743:22: warning: narrowing conversion of ‘workspace_size’ from ‘uint64_t’ {aka ‘long unsigned int’} to ‘long int’ [-Wnarrowing]
  743 |           at::empty({workspace_size}, options.dtype(kByte));                  \
      |                      ^~~~~~~~~~~~~~
/mnt/workspace/hc-pre-reduction-20260930/batch-comb-source-candidate/csrc/torch_binding.cpp:1247:5: note: in expansion of macro ‘EXEC_NPU_CMD’
 1247 |     EXEC_NPU_CMD(aclnnSparseAttnSharedkvMetadata, cu_seqlens_q_val, cu_seqlens_ori_kv_val, cu_seqlens_cmp_kv_val, seqused_q_val,
      |     ^~~~~~~~~~~~
/mnt/workspace/hc-pre-reduction-20260930/batch-comb-source-candidate/csrc/aclnn_torch_adapter/op_api_common.h:743:22: warning: narrowing conversion of ‘workspace_size’ from ‘uint64_t’ {aka ‘long unsigned int’} to ‘long int’ [-Wnarrowing]
  743 |           at::empty({workspace_size}, options.dtype(kByte));                  \
      |                      ^~~~~~~~~~~~~~
/mnt/workspace/hc-pre-reduction-20260930/batch-comb-source-candidate/csrc/torch_binding.cpp:1247:5: note: in expansion of macro ‘EXEC_NPU_CMD’
 1247 |     EXEC_NPU_CMD(aclnnSparseAttnSharedkvMetadata, cu_seqlens_q_val, cu_seqlens_ori_kv_val, cu_seqlens_cmp_kv_val, seqused_q_val,
      |     ^~~~~~~~~~~~
/mnt/workspace/hc-pre-reduction-20260930/batch-comb-source-candidate/csrc/torch_binding.cpp: In function ‘at::Tensor vllm_ascend::npu_quant_lightning_indexer_v2_metadata_npu(int64_t, int64_t, int64_t, int64_t, int64_t, const std::optional<at::Tensor>&, const std::optional<at::Tensor>&, const std::optional<at::Tensor>&, const std::optional<at::Tensor>&, const std::optional<at::Tensor>&, int64_t, int64_t, int64_t, c10::string_view, c10::string_view, int64_t, int64_t, c10::string_view)’:
/mnt/workspace/hc-pre-reduction-20260930/batch-comb-source-candidate/csrc/aclnn_torch_adapter/op_api_common.h:743:22: warning: narrowing conversion of ‘workspace_size’ from ‘uint64_t’ {aka ‘long unsigned int’} to ‘long int’ [-Wnarrowing]
  743 |           at::empty({workspace_size}, options.dtype(kByte));                  \
      |                      ^~~~~~~~~~~~~~
/mnt/workspace/hc-pre-reduction-20260930/batch-comb-source-candidate/csrc/torch_binding.cpp:1288:5: note: in expansion of macro ‘EXEC_NPU_CMD’
 1288 |     EXEC_NPU_CMD(aclnnQuantLightningIndexerV2Metadata, cu_seqlens_q_val, cu_seqlens_k_val, seqused_q_val, seqused_k_val,
      |     ^~~~~~~~~~~~
/mnt/workspace/hc-pre-reduction-20260930/batch-comb-source-candidate/csrc/aclnn_torch_adapter/op_api_common.h:743:22: warning: narrowing conversion of ‘workspace_size’ from ‘uint64_t’ {aka ‘long unsigned int’} to ‘long int’ [-Wnarrowing]
  743 |           at::empty({workspace_size}, options.dtype(kByte));                  \
      |                      ^~~~~~~~~~~~~~
/mnt/workspace/hc-pre-reduction-20260930/batch-comb-source-candidate/csrc/torch_binding.cpp:1288:5: note: in expansion of macro ‘EXEC_NPU_CMD’
 1288 |     EXEC_NPU_CMD(aclnnQuantLightningIndexerV2Metadata, cu_seqlens_q_val, cu_seqlens_k_val, seqused_q_val, seqused_k_val,
      |     ^~~~~~~~~~~~
/mnt/workspace/hc-pre-reduction-20260930/batch-comb-source-candidate/csrc/torch_binding.cpp: In function ‘at::Tensor vllm_ascend::npu_hc_post_npu(const at::Tensor&, const at::Tensor&, const at::Tensor&, const at::Tensor&)’:
/mnt/workspace/hc-pre-reduction-20260930/batch-comb-source-candidate/csrc/aclnn_torch_adapter/op_api_common.h:743:22: warning: narrowing conversion of ‘workspace_size’ from ‘uint64_t’ {aka ‘long unsigned int’} to ‘long int’ [-Wnarrowing]
  743 |           at::empty({workspace_size}, options.dtype(kByte));                  \
      |                      ^~~~~~~~~~~~~~
/mnt/workspace/hc-pre-reduction-20260930/batch-comb-source-candidate/csrc/torch_binding.cpp:1353:5: note: in expansion of macro ‘EXEC_NPU_CMD’
 1353 |     EXEC_NPU_CMD(aclnnHcPost, x, residual, post, comb, out);
      |     ^~~~~~~~~~~~
/mnt/workspace/hc-pre-reduction-20260930/batch-comb-source-candidate/csrc/aclnn_torch_adapter/op_api_common.h:743:22: warning: narrowing conversion of ‘workspace_size’ from ‘uint64_t’ {aka ‘long unsigned int’} to ‘long int’ [-Wnarrowing]
  743 |           at::empty({workspace_size}, options.dtype(kByte));                  \
      |                      ^~~~~~~~~~~~~~
/mnt/workspace/hc-pre-reduction-20260930/batch-comb-source-candidate/csrc/torch_binding.cpp:1353:5: note: in expansion of macro ‘EXEC_NPU_CMD’
 1353 |     EXEC_NPU_CMD(aclnnHcPost, x, residual, post, comb, out);
      |     ^~~~~~~~~~~~
/mnt/workspace/hc-pre-reduction-20260930/batch-comb-source-candidate/csrc/torch_binding.cpp: In function ‘std::tuple<at::Tensor, at::Tensor, at::Tensor, at::Tensor> vllm_ascend::run_hc_pre_fusion(const at::Tensor&, const at::Tensor&, const at::Tensor&, const at::Tensor&, const std::optional<at::Tensor>&, int64_t, int64_t, double, double)’:
/mnt/workspace/hc-pre-reduction-20260930/batch-comb-source-candidate/csrc/aclnn_torch_adapter/op_api_common.h:743:22: warning: narrowing conversion of ‘workspace_size’ from ‘uint64_t’ {aka ‘long unsigned int’} to ‘long int’ [-Wnarrowing]
  743 |           at::empty({workspace_size}, options.dtype(kByte));                  \
      |                      ^~~~~~~~~~~~~~
/mnt/workspace/hc-pre-reduction-20260930/batch-comb-source-candidate/csrc/torch_binding.cpp:1456:5: note: in expansion of macro ‘EXEC_NPU_CMD’
 1456 |     EXEC_NPU_CMD(aclnnHcPre, x, hc_fn, hc_scale, hc_base, pre_mix, hc_mult, hc_sinkhorn_iters, hc_eps, norm_eps,
      |     ^~~~~~~~~~~~
/mnt/workspace/hc-pre-reduction-20260930/batch-comb-source-candidate/csrc/aclnn_torch_adapter/op_api_common.h:743:22: warning: narrowing conversion of ‘workspace_size’ from ‘uint64_t’ {aka ‘long unsigned int’} to ‘long int’ [-Wnarrowing]
  743 |           at::empty({workspace_size}, options.dtype(kByte));                  \
      |                      ^~~~~~~~~~~~~~
/mnt/workspace/hc-pre-reduction-20260930/batch-comb-source-candidate/csrc/torch_binding.cpp:1456:5: note: in expansion of macro ‘EXEC_NPU_CMD’
 1456 |     EXEC_NPU_CMD(aclnnHcPre, x, hc_fn, hc_scale, hc_base, pre_mix, hc_mult, hc_sinkhorn_iters, hc_eps, norm_eps,
      |     ^~~~~~~~~~~~
/mnt/workspace/hc-pre-reduction-20260930/batch-comb-source-candidate/csrc/torch_binding.cpp: In function ‘void vllm_ascend::inplace_partial_rotary_mul_npu(at::Tensor&, const at::Tensor&, const at::Tensor&, c10::string_view, at::IntArrayRef, bool)’:
/mnt/workspace/hc-pre-reduction-20260930/batch-comb-source-candidate/csrc/aclnn_torch_adapter/op_api_common.h:743:22: warning: narrowing conversion of ‘workspace_size’ from ‘uint64_t’ {aka ‘long unsigned int’} to ‘long int’ [-Wnarrowing]
  743 |           at::empty({workspace_size}, options.dtype(kByte));                  \
      |                      ^~~~~~~~~~~~~~
/mnt/workspace/hc-pre-reduction-20260930/batch-comb-source-candidate/csrc/torch_binding.cpp:1499:5: note: in expansion of macro ‘EXEC_NPU_CMD’
 1499 |     EXEC_NPU_CMD(aclnnInplacePartialRotaryMul, x, r1, r2, it->second, partial_slice, negate_sin);
      |     ^~~~~~~~~~~~
/mnt/workspace/hc-pre-reduction-20260930/batch-comb-source-candidate/csrc/aclnn_torch_adapter/op_api_common.h:743:22: warning: narrowing conversion of ‘workspace_size’ from ‘uint64_t’ {aka ‘long unsigned int’} to ‘long int’ [-Wnarrowing]
  743 |           at::empty({workspace_size}, options.dtype(kByte));                  \
      |                      ^~~~~~~~~~~~~~
/mnt/workspace/hc-pre-reduction-20260930/batch-comb-source-candidate/csrc/torch_binding.cpp:1499:5: note: in expansion of macro ‘EXEC_NPU_CMD’
 1499 |     EXEC_NPU_CMD(aclnnInplacePartialRotaryMul, x, r1, r2, it->second, partial_slice, negate_sin);
      |     ^~~~~~~~~~~~
/mnt/workspace/hc-pre-reduction-20260930/batch-comb-source-candidate/csrc/torch_binding.cpp: In function ‘std::tuple<at::Tensor, at::Tensor> vllm_ascend::npu_rms_norm_dynamic_quant_npu(const at::Tensor&, const at::Tensor&, const std::optional<at::Tensor>&, const std::optional<at::Tensor>&, double)’:
/mnt/workspace/hc-pre-reduction-20260930/batch-comb-source-candidate/csrc/aclnn_torch_adapter/op_api_common.h:743:22: warning: narrowing conversion of ‘workspace_size’ from ‘uint64_t’ {aka ‘long unsigned int’} to ‘long int’ [-Wnarrowing]
  743 |           at::empty({workspace_size}, options.dtype(kByte));                  \
      |                      ^~~~~~~~~~~~~~
/mnt/workspace/hc-pre-reduction-20260930/batch-comb-source-candidate/csrc/torch_binding.cpp:1530:5: note: in expansion of macro ‘EXEC_NPU_CMD’
 1530 |     EXEC_NPU_CMD(aclnnRmsNormDynamicQuant, x, gamma, smooth_scale, smooth_scale2, beta, epsilon, output_mask, dst_type,
      |     ^~~~~~~~~~~~
/mnt/workspace/hc-pre-reduction-20260930/batch-comb-source-candidate/csrc/aclnn_torch_adapter/op_api_common.h:743:22: warning: narrowing conversion of ‘workspace_size’ from ‘uint64_t’ {aka ‘long unsigned int’} to ‘long int’ [-Wnarrowing]
  743 |           at::empty({workspace_size}, options.dtype(kByte));                  \
      |                      ^~~~~~~~~~~~~~
/mnt/workspace/hc-pre-reduction-20260930/batch-comb-source-candidate/csrc/torch_binding.cpp:1530:5: note: in expansion of macro ‘EXEC_NPU_CMD’
 1530 |     EXEC_NPU_CMD(aclnnRmsNormDynamicQuant, x, gamma, smooth_scale, smooth_scale2, beta, epsilon, output_mask, dst_type,
      |     ^~~~~~~~~~~~
/mnt/workspace/hc-pre-reduction-20260930/batch-comb-source-candidate/csrc/torch_binding.cpp: In function ‘void vllm_ascend::kv_compress_epilog_npu(at::Tensor&, const at::Tensor&, const at::Tensor&, int64_t, int64_t, bool, int64_t)’:
/mnt/workspace/hc-pre-reduction-20260930/batch-comb-source-candidate/csrc/aclnn_torch_adapter/op_api_common.h:743:22: warning: narrowing conversion of ‘workspace_size’ from ‘uint64_t’ {aka ‘long unsigned int’} to ‘long int’ [-Wnarrowing]
  743 |           at::empty({workspace_size}, options.dtype(kByte));                  \
      |                      ^~~~~~~~~~~~~~
/mnt/workspace/hc-pre-reduction-20260930/batch-comb-source-candidate/csrc/torch_binding.cpp:1580:5: note: in expansion of macro ‘EXEC_NPU_CMD’
 1580 |     EXEC_NPU_CMD(aclnnKvCompressEpilog, cache, x, slot_mapping, quant_group_size, quant_mode, round_scale,
      |     ^~~~~~~~~~~~
/mnt/workspace/hc-pre-reduction-20260930/batch-comb-source-candidate/csrc/aclnn_torch_adapter/op_api_common.h:743:22: warning: narrowing conversion of ‘workspace_size’ from ‘uint64_t’ {aka ‘long unsigned int’} to ‘long int’ [-Wnarrowing]
  743 |           at::empty({workspace_size}, options.dtype(kByte));                  \
      |                      ^~~~~~~~~~~~~~
/mnt/workspace/hc-pre-reduction-20260930/batch-comb-source-candidate/csrc/torch_binding.cpp:1580:5: note: in expansion of macro ‘EXEC_NPU_CMD’
 1580 |     EXEC_NPU_CMD(aclnnKvCompressEpilog, cache, x, slot_mapping, quant_group_size, quant_mode, round_scale,
      |     ^~~~~~~~~~~~
/mnt/workspace/hc-pre-reduction-20260930/batch-comb-source-candidate/csrc/torch_binding.cpp: In function ‘std::tuple<at::Tensor, at::Tensor> vllm_ascend::npu_kv_quant_sparse_attn_sharedkv_npu(const at::Tensor&, int64_t, const std::optional<at::Tensor>&, const std::optional<at::Tensor>&, const std::optional<at::Tensor>&, const std::optional<at::Tensor>&, const std::optional<at::Tensor>&, const std::optional<at::Tensor>&, const std::optional<at::Tensor>&, const std::optional<at::Tensor>&, const std::optional<at::Tensor>&, const std::optional<at::Tensor>&, const std::optional<at::Tensor>&, const std::optional<at::Tensor>&, const std::optional<at::Tensor>&, int64_t, int64_t, double, int64_t, int64_t, int64_t, int64_t, int64_t, c10::string_view, c10::string_view, bool)’:
/mnt/workspace/hc-pre-reduction-20260930/batch-comb-source-candidate/csrc/aclnn_torch_adapter/op_api_common.h:743:22: warning: narrowing conversion of ‘workspace_size’ from ‘uint64_t’ {aka ‘long unsigned int’} to ‘long int’ [-Wnarrowing]
  743 |           at::empty({workspace_size}, options.dtype(kByte));                  \
      |                      ^~~~~~~~~~~~~~
/mnt/workspace/hc-pre-reduction-20260930/batch-comb-source-candidate/csrc/torch_binding.cpp:1629:5: note: in expansion of macro ‘EXEC_NPU_CMD’
 1629 |     EXEC_NPU_CMD(aclnnKvQuantSparseAttnSharedkv, q, ori_kv, cmp_kv, ori_sparse_indices, cmp_sparse_indices,
      |     ^~~~~~~~~~~~
/mnt/workspace/hc-pre-reduction-20260930/batch-comb-source-candidate/csrc/aclnn_torch_adapter/op_api_common.h:743:22: warning: narrowing conversion of ‘workspace_size’ from ‘uint64_t’ {aka ‘long unsigned int’} to ‘long int’ [-Wnarrowing]
  743 |           at::empty({workspace_size}, options.dtype(kByte));                  \
      |                      ^~~~~~~~~~~~~~
/mnt/workspace/hc-pre-reduction-20260930/batch-comb-source-candidate/csrc/torch_binding.cpp:1629:5: note: in expansion of macro ‘EXEC_NPU_CMD’
 1629 |     EXEC_NPU_CMD(aclnnKvQuantSparseAttnSharedkv, q, ori_kv, cmp_kv, ori_sparse_indices, cmp_sparse_indices,
      |     ^~~~~~~~~~~~
/mnt/workspace/hc-pre-reduction-20260930/batch-comb-source-candidate/csrc/torch_binding.cpp: In function ‘at::Tensor vllm_ascend::npu_kv_quant_sparse_attn_sharedkv_metadata_npu(int64_t, int64_t, int64_t, int64_t, const std::optional<at::Tensor>&, const std::optional<at::Tensor>&, const std::optional<at::Tensor>&, const std::optional<at::Tensor>&, const std::optional<at::Tensor>&, int64_t, int64_t, int64_t, int64_t, int64_t, int64_t, int64_t, int64_t, int64_t, int64_t, int64_t, int64_t, c10::string_view, c10::string_view, bool, bool, c10::string_view)’:
/mnt/workspace/hc-pre-reduction-20260930/batch-comb-source-candidate/csrc/aclnn_torch_adapter/op_api_common.h:743:22: warning: narrowing conversion of ‘workspace_size’ from ‘uint64_t’ {aka ‘long unsigned int’} to ‘long int’ [-Wnarrowing]
  743 |           at::empty({workspace_size}, options.dtype(kByte));                  \
      |                      ^~~~~~~~~~~~~~
/mnt/workspace/hc-pre-reduction-20260930/batch-comb-source-candidate/csrc/torch_binding.cpp:1692:5: note: in expansion of macro ‘EXEC_NPU_CMD’
 1692 |     EXEC_NPU_CMD(aclnnKvQuantSparseAttnSharedkvMetadata, cu_seqlens_q_val, cu_seqlens_ori_kv_val,
      |     ^~~~~~~~~~~~
/mnt/workspace/hc-pre-reduction-20260930/batch-comb-source-candidate/csrc/aclnn_torch_adapter/op_api_common.h:743:22: warning: narrowing conversion of ‘workspace_size’ from ‘uint64_t’ {aka ‘long unsigned int’} to ‘long int’ [-Wnarrowing]
  743 |           at::empty({workspace_size}, options.dtype(kByte));                  \
      |                      ^~~~~~~~~~~~~~
/mnt/workspace/hc-pre-reduction-20260930/batch-comb-source-candidate/csrc/torch_binding.cpp:1692:5: note: in expansion of macro ‘EXEC_NPU_CMD’
 1692 |     EXEC_NPU_CMD(aclnnKvQuantSparseAttnSharedkvMetadata, cu_seqlens_q_val, cu_seqlens_ori_kv_val,
      |     ^~~~~~~~~~~~
/mnt/workspace/hc-pre-reduction-20260930/batch-comb-source-candidate/csrc/torch_binding.cpp: In function ‘std::tuple<at::Tensor, at::Tensor, at::Tensor> vllm_ascend::npu_swiglu_group_quant_npu(const at::Tensor&, const std::optional<at::Tensor>&, const std::optional<at::Tensor>&, c10::ScalarType, int64_t, int64_t, bool, bool, bool, int64_t, double)’:
/mnt/workspace/hc-pre-reduction-20260930/batch-comb-source-candidate/csrc/aclnn_torch_adapter/op_api_common.h:743:22: warning: narrowing conversion of ‘workspace_size’ from ‘uint64_t’ {aka ‘long unsigned int’} to ‘long int’ [-Wnarrowing]
  743 |           at::empty({workspace_size}, options.dtype(kByte));                  \
      |                      ^~~~~~~~~~~~~~
/mnt/workspace/hc-pre-reduction-20260930/batch-comb-source-candidate/csrc/torch_binding.cpp:1796:5: note: in expansion of macro ‘EXEC_NPU_CMD’
 1796 |     EXEC_NPU_CMD(aclnnSwigluGroupQuant, x, topk_weight, group_index, dst_type_code, quant_mode, group_size,
      |     ^~~~~~~~~~~~
/mnt/workspace/hc-pre-reduction-20260930/batch-comb-source-candidate/csrc/aclnn_torch_adapter/op_api_common.h:743:22: warning: narrowing conversion of ‘workspace_size’ from ‘uint64_t’ {aka ‘long unsigned int’} to ‘long int’ [-Wnarrowing]
  743 |           at::empty({workspace_size}, options.dtype(kByte));                  \
      |                      ^~~~~~~~~~~~~~
/mnt/workspace/hc-pre-reduction-20260930/batch-comb-source-candidate/csrc/torch_binding.cpp:1796:5: note: in expansion of macro ‘EXEC_NPU_CMD’
 1796 |     EXEC_NPU_CMD(aclnnSwigluGroupQuant, x, topk_weight, group_index, dst_type_code, quant_mode, group_size,
      |     ^~~~~~~~~~~~
/mnt/workspace/hc-pre-reduction-20260930/batch-comb-source-candidate/csrc/torch_binding.cpp: In function ‘void vllm_ascend::indexer_compress_epilog_v2_npu(at::Tensor&, const at::Tensor&, const at::Tensor&, int64_t)’:
/mnt/workspace/hc-pre-reduction-20260930/batch-comb-source-candidate/csrc/aclnn_torch_adapter/op_api_common.h:743:22: warning: narrowing conversion of ‘workspace_size’ from ‘uint64_t’ {aka ‘long unsigned int’} to ‘long int’ [-Wnarrowing]
  743 |           at::empty({workspace_size}, options.dtype(kByte));                  \
      |                      ^~~~~~~~~~~~~~
/mnt/workspace/hc-pre-reduction-20260930/batch-comb-source-candidate/csrc/torch_binding.cpp:1809:5: note: in expansion of macro ‘EXEC_NPU_CMD’
 1809 |     EXEC_NPU_CMD(aclnnIndexerCompressEpilogV2, indexer_compress_cache, x, slot_mapping, layout,
      |     ^~~~~~~~~~~~
/mnt/workspace/hc-pre-reduction-20260930/batch-comb-source-candidate/csrc/aclnn_torch_adapter/op_api_common.h:743:22: warning: narrowing conversion of ‘workspace_size’ from ‘uint64_t’ {aka ‘long unsigned int’} to ‘long int’ [-Wnarrowing]
  743 |           at::empty({workspace_size}, options.dtype(kByte));                  \
      |                      ^~~~~~~~~~~~~~
/mnt/workspace/hc-pre-reduction-20260930/batch-comb-source-candidate/csrc/torch_binding.cpp:1809:5: note: in expansion of macro ‘EXEC_NPU_CMD’
 1809 |     EXEC_NPU_CMD(aclnnIndexerCompressEpilogV2, indexer_compress_cache, x, slot_mapping, layout,
      |     ^~~~~~~~~~~~
/mnt/workspace/hc-pre-reduction-20260930/batch-comb-source-candidate/csrc/torch_binding.cpp: In function ‘std::tuple<at::Tensor, at::Tensor> vllm_ascend::npu_dequant_swiglu_quant(const at::Tensor&, const std::optional<at::Tensor>&, const std::optional<at::Tensor>&, const std::optional<at::Tensor>&, const std::optional<at::Tensor>&, const std::optional<at::Tensor>&, const std::optional<at::Tensor>&, bool, int64_t, int64_t, double, double, double)’:
/mnt/workspace/hc-pre-reduction-20260930/batch-comb-source-candidate/csrc/torch_binding.cpp:1850:62: warning: ‘constexpr T c10::value_or_else(const std::optional<_Tp>&, F&&) [with T = at::Tensor; F = vllm_ascend::npu_dequant_swiglu_quant(const at::Tensor&, const std::optional<at::Tensor>&, const std::optional<at::Tensor>&, const std::optional<at::Tensor>&, const std::optional<at::Tensor>&, const std::optional<at::Tensor>&, const std::optional<at::Tensor>&, bool, int64_t, int64_t, double, double, double)::<lambda()>]’ is deprecated: Please use std::optional::value_or instead of c10::value_or_else [-Wdeprecated-declarations]
 1850 |     const at::Tensor& weight_scale_value = c10::value_or_else(weight_scale, [] { return at::Tensor(); });
      |                                            ~~~~~~~~~~~~~~~~~~^~~~~~~~~~~~~~~~~~~~~~~~~~~~~~~~~~~~~~~~~~~
/mnt/workspace/mhc-validation-20260930/venv/lib/python3.12/site-packages/torch/include/c10/util/Optional.h:40:1: note: declared here
   40 | value_or_else(const std::optional<T>& v, F&& func) {
      | ^~~~~~~~~~~~~
/mnt/workspace/hc-pre-reduction-20260930/batch-comb-source-candidate/csrc/torch_binding.cpp:1851:64: warning: ‘constexpr T c10::value_or_else(const std::optional<_Tp>&, F&&) [with T = at::Tensor; F = vllm_ascend::npu_dequant_swiglu_quant(const at::Tensor&, const std::optional<at::Tensor>&, const std::optional<at::Tensor>&, const std::optional<at::Tensor>&, const std::optional<at::Tensor>&, const std::optional<at::Tensor>&, const std::optional<at::Tensor>&, bool, int64_t, int64_t, double, double, double)::<lambda()>]’ is deprecated: Please use std::optional::value_or instead of c10::value_or_else [-Wdeprecated-declarations]
 1851 |     const at::Tensor& activation_scale_opt = c10::value_or_else(activation_scale, [] { return at::Tensor(); });
      |                                              ~~~~~~~~~~~~~~~~~~^~~~~~~~~~~~~~~~~~~~~~~~~~~~~~~~~~~~~~~~~~~~~~~
/mnt/workspace/mhc-validation-20260930/venv/lib/python3.12/site-packages/torch/include/c10/util/Optional.h:40:1: note: declared here
   40 | value_or_else(const std::optional<T>& v, F&& func) {
      | ^~~~~~~~~~~~~
/mnt/workspace/hc-pre-reduction-20260930/batch-comb-source-candidate/csrc/torch_binding.cpp:1852:52: warning: ‘constexpr T c10::value_or_else(const std::optional<_Tp>&, F&&) [with T = at::Tensor; F = vllm_ascend::npu_dequant_swiglu_quant(const at::Tensor&, const std::optional<at::Tensor>&, const std::optional<at::Tensor>&, const std::optional<at::Tensor>&, const std::optional<at::Tensor>&, const std::optional<at::Tensor>&, const std::optional<at::Tensor>&, bool, int64_t, int64_t, double, double, double)::<lambda()>]’ is deprecated: Please use std::optional::value_or instead of c10::value_or_else [-Wdeprecated-declarations]
 1852 |     const at::Tensor& bias_opt = c10::value_or_else(bias, [] { return at::Tensor(); });
      |                                  ~~~~~~~~~~~~~~~~~~^~~~~~~~~~~~~~~~~~~~~~~~~~~~~~~~~~~
/mnt/workspace/mhc-validation-20260930/venv/lib/python3.12/site-packages/torch/include/c10/util/Optional.h:40:1: note: declared here
   40 | value_or_else(const std::optional<T>& v, F&& func) {
      | ^~~~~~~~~~~~~
/mnt/workspace/hc-pre-reduction-20260930/batch-comb-source-candidate/csrc/torch_binding.cpp:1853:59: warning: ‘constexpr T c10::value_or_else(const std::optional<_Tp>&, F&&) [with T = at::Tensor; F = vllm_ascend::npu_dequant_swiglu_quant(const at::Tensor&, const std::optional<at::Tensor>&, const std::optional<at::Tensor>&, const std::optional<at::Tensor>&, const std::optional<at::Tensor>&, const std::optional<at::Tensor>&, const std::optional<at::Tensor>&, bool, int64_t, int64_t, double, double, double)::<lambda()>]’ is deprecated: Please use std::optional::value_or instead of c10::value_or_else [-Wdeprecated-declarations]
 1853 |     const at::Tensor& quant_scale_opt = c10::value_or_else(quant_scale, [] { return at::Tensor(); });
      |                                         ~~~~~~~~~~~~~~~~~~^~~~~~~~~~~~~~~~~~~~~~~~~~~~~~~~~~~~~~~~~~
/mnt/workspace/mhc-validation-20260930/venv/lib/python3.12/site-packages/torch/include/c10/util/Optional.h:40:1: note: declared here
   40 | value_or_else(const std::optional<T>& v, F&& func) {
      | ^~~~~~~~~~~~~
/mnt/workspace/hc-pre-reduction-20260930/batch-comb-source-candidate/csrc/torch_binding.cpp:1854:60: warning: ‘constexpr T c10::value_or_else(const std::optional<_Tp>&, F&&) [with T = at::Tensor; F = vllm_ascend::npu_dequant_swiglu_quant(const at::Tensor&, const std::optional<at::Tensor>&, const std::optional<at::Tensor>&, const std::optional<at::Tensor>&, const std::optional<at::Tensor>&, const std::optional<at::Tensor>&, const std::optional<at::Tensor>&, bool, int64_t, int64_t, double, double, double)::<lambda()>]’ is deprecated: Please use std::optional::value_or instead of c10::value_or_else [-Wdeprecated-declarations]
 1854 |     const at::Tensor& quant_offset_opt = c10::value_or_else(quant_offset, [] { return at::Tensor(); });
      |                                          ~~~~~~~~~~~~~~~~~~^~~~~~~~~~~~~~~~~~~~~~~~~~~~~~~~~~~~~~~~~~~
/mnt/workspace/mhc-validation-20260930/venv/lib/python3.12/site-packages/torch/include/c10/util/Optional.h:40:1: note: declared here
   40 | value_or_else(const std::optional<T>& v, F&& func) {
      | ^~~~~~~~~~~~~
/mnt/workspace/hc-pre-reduction-20260930/batch-comb-source-candidate/csrc/torch_binding.cpp:1855:59: warning: ‘constexpr T c10::value_or_else(const std::optional<_Tp>&, F&&) [with T = at::Tensor; F = vllm_ascend::npu_dequant_swiglu_quant(const at::Tensor&, const std::optional<at::Tensor>&, const std::optional<at::Tensor>&, const std::optional<at::Tensor>&, const std::optional<at::Tensor>&, const std::optional<at::Tensor>&, const std::optional<at::Tensor>&, bool, int64_t, int64_t, double, double, double)::<lambda()>]’ is deprecated: Please use std::optional::value_or instead of c10::value_or_else [-Wdeprecated-declarations]
 1855 |     const at::Tensor& group_index_opt = c10::value_or_else(group_index, [] { return at::Tensor(); });
      |                                         ~~~~~~~~~~~~~~~~~~^~~~~~~~~~~~~~~~~~~~~~~~~~~~~~~~~~~~~~~~~~
/mnt/workspace/mhc-validation-20260930/venv/lib/python3.12/site-packages/torch/include/c10/util/Optional.h:40:1: note: declared here
   40 | value_or_else(const std::optional<T>& v, F&& func) {
      | ^~~~~~~~~~~~~
/mnt/workspace/hc-pre-reduction-20260930/batch-comb-source-candidate/csrc/aclnn_torch_adapter/op_api_common.h:743:22: warning: narrowing conversion of ‘workspace_size’ from ‘uint64_t’ {aka ‘long unsigned int’} to ‘long int’ [-Wnarrowing]
  743 |           at::empty({workspace_size}, options.dtype(kByte));                  \
      |                      ^~~~~~~~~~~~~~
/mnt/workspace/hc-pre-reduction-20260930/batch-comb-source-candidate/csrc/torch_binding.cpp:1862:9: note: in expansion of macro ‘EXEC_NPU_CMD’
 1862 |         EXEC_NPU_CMD(aclnnDequantSwigluQuant, x, weight_scale_value, activation_scale_opt, bias_opt, quant_scale_opt,
      |         ^~~~~~~~~~~~
/mnt/workspace/hc-pre-reduction-20260930/batch-comb-source-candidate/csrc/aclnn_torch_adapter/op_api_common.h:743:22: warning: narrowing conversion of ‘workspace_size’ from ‘uint64_t’ {aka ‘long unsigned int’} to ‘long int’ [-Wnarrowing]
  743 |           at::empty({workspace_size}, options.dtype(kByte));                  \
      |                      ^~~~~~~~~~~~~~
/mnt/workspace/hc-pre-reduction-20260930/batch-comb-source-candidate/csrc/torch_binding.cpp:1862:9: note: in expansion of macro ‘EXEC_NPU_CMD’
 1862 |         EXEC_NPU_CMD(aclnnDequantSwigluQuant, x, weight_scale_value, activation_scale_opt, bias_opt, quant_scale_opt,
      |         ^~~~~~~~~~~~
/mnt/workspace/hc-pre-reduction-20260930/batch-comb-source-candidate/csrc/aclnn_torch_adapter/op_api_common.h:743:22: warning: narrowing conversion of ‘workspace_size’ from ‘uint64_t’ {aka ‘long unsigned int’} to ‘long int’ [-Wnarrowing]
  743 |           at::empty({workspace_size}, options.dtype(kByte));                  \
      |                      ^~~~~~~~~~~~~~
/mnt/workspace/hc-pre-reduction-20260930/batch-comb-source-candidate/csrc/torch_binding.cpp:1868:9: note: in expansion of macro ‘EXEC_NPU_CMD’
 1868 |         EXEC_NPU_CMD(aclnnDequantSwigluQuantV2, x, weight_scale_value, activation_scale_opt, bias_opt, quant_scale_opt,
      |         ^~~~~~~~~~~~
/mnt/workspace/hc-pre-reduction-20260930/batch-comb-source-candidate/csrc/aclnn_torch_adapter/op_api_common.h:743:22: warning: narrowing conversion of ‘workspace_size’ from ‘uint64_t’ {aka ‘long unsigned int’} to ‘long int’ [-Wnarrowing]
  743 |           at::empty({workspace_size}, options.dtype(kByte));                  \
      |                      ^~~~~~~~~~~~~~
/mnt/workspace/hc-pre-reduction-20260930/batch-comb-source-candidate/csrc/torch_binding.cpp:1868:9: note: in expansion of macro ‘EXEC_NPU_CMD’
 1868 |         EXEC_NPU_CMD(aclnnDequantSwigluQuantV2, x, weight_scale_value, activation_scale_opt, bias_opt, quant_scale_opt,
      |         ^~~~~~~~~~~~
/mnt/workspace/hc-pre-reduction-20260930/batch-comb-source-candidate/csrc/torch_binding.cpp: In function ‘void vllm_ascend::npu_scatter_nd_update_sk(at::Tensor&, const at::Tensor&, const at::Tensor&)’:
/mnt/workspace/hc-pre-reduction-20260930/batch-comb-source-candidate/csrc/aclnn_torch_adapter/op_api_common.h:743:22: warning: narrowing conversion of ‘workspace_size’ from ‘uint64_t’ {aka ‘long unsigned int’} to ‘long int’ [-Wnarrowing]
  743 |           at::empty({workspace_size}, options.dtype(kByte));                  \
      |                      ^~~~~~~~~~~~~~
/mnt/workspace/hc-pre-reduction-20260930/batch-comb-source-candidate/csrc/torch_binding.cpp:1883:5: note: in expansion of macro ‘EXEC_NPU_CMD’
 1883 |     EXEC_NPU_CMD(aclnnScatterNdUpdateSk, var, indices, update, var_stride);
      |     ^~~~~~~~~~~~
/mnt/workspace/hc-pre-reduction-20260930/batch-comb-source-candidate/csrc/aclnn_torch_adapter/op_api_common.h:743:22: warning: narrowing conversion of ‘workspace_size’ from ‘uint64_t’ {aka ‘long unsigned int’} to ‘long int’ [-Wnarrowing]
  743 |           at::empty({workspace_size}, options.dtype(kByte));                  \
      |                      ^~~~~~~~~~~~~~
/mnt/workspace/hc-pre-reduction-20260930/batch-comb-source-candidate/csrc/torch_binding.cpp:1883:5: note: in expansion of macro ‘EXEC_NPU_CMD’
 1883 |     EXEC_NPU_CMD(aclnnScatterNdUpdateSk, var, indices, update, var_stride);
      |     ^~~~~~~~~~~~
/mnt/workspace/hc-pre-reduction-20260930/batch-comb-source-candidate/csrc/torch_binding.cpp: In function ‘std::tuple<at::Tensor, at::Tensor, at::Tensor> vllm_ascend::chunk_gated_delta_rule_fwd_h(const at::Tensor&, const at::Tensor&, const at::Tensor&, const std::optional<at::Tensor>&, const std::optional<at::Tensor>&, const std::optional<at::Tensor>&, std::optional<bool>, std::optional<long int>, std::optional<bool>, std::optional<c10::ArrayRef<long int> >, std::optional<c10::ArrayRef<long int> >, std::optional<bool>, std::optional<bool>)’:
/mnt/workspace/hc-pre-reduction-20260930/batch-comb-source-candidate/csrc/torch_binding.cpp:1903:58: warning: ‘constexpr T c10::value_or_else(const std::optional<_Tp>&, F&&) [with T = at::Tensor; F = vllm_ascend::chunk_gated_delta_rule_fwd_h(const at::Tensor&, const at::Tensor&, const at::Tensor&, const std::optional<at::Tensor>&, const std::optional<at::Tensor>&, const std::optional<at::Tensor>&, std::optional<bool>, std::optional<long int>, std::optional<bool>, std::optional<c10::ArrayRef<long int> >, std::optional<c10::ArrayRef<long int> >, std::optional<bool>, std::optional<bool>)::<lambda()>]’ is deprecated: Please use std::optional::value_or instead of c10::value_or_else [-Wdeprecated-declarations]
 1903 |     const at::Tensor &initial_state_ = c10::value_or_else(initial_state, [] { return at::Tensor(); });
      |                                        ~~~~~~~~~~~~~~~~~~^~~~~~~~~~~~~~~~~~~~~~~~~~~~~~~~~~~~~~~~~~~~
/mnt/workspace/mhc-validation-20260930/venv/lib/python3.12/site-packages/torch/include/c10/util/Optional.h:40:1: note: declared here
   40 | value_or_else(const std::optional<T>& v, F&& func) {
      | ^~~~~~~~~~~~~
/mnt/workspace/hc-pre-reduction-20260930/batch-comb-source-candidate/csrc/torch_binding.cpp:1905:46: warning: ‘constexpr T c10::value_or_else(const std::optional<_Tp>&, F&&) [with T = at::Tensor; F = vllm_ascend::chunk_gated_delta_rule_fwd_h(const at::Tensor&, const at::Tensor&, const at::Tensor&, const std::optional<at::Tensor>&, const std::optional<at::Tensor>&, const std::optional<at::Tensor>&, std::optional<bool>, std::optional<long int>, std::optional<bool>, std::optional<c10::ArrayRef<long int> >, std::optional<c10::ArrayRef<long int> >, std::optional<bool>, std::optional<bool>)::<lambda()>]’ is deprecated: Please use std::optional::value_or instead of c10::value_or_else [-Wdeprecated-declarations]
 1905 |     const at::Tensor &g_ = c10::value_or_else(g, [] { return at::Tensor(); });
      |                            ~~~~~~~~~~~~~~~~~~^~~~~~~~~~~~~~~~~~~~~~~~~~~~~~~~
/mnt/workspace/mhc-validation-20260930/venv/lib/python3.12/site-packages/torch/include/c10/util/Optional.h:40:1: note: declared here
   40 | value_or_else(const std::optional<T>& v, F&& func) {
      | ^~~~~~~~~~~~~
/mnt/workspace/hc-pre-reduction-20260930/batch-comb-source-candidate/csrc/torch_binding.cpp:1906:47: warning: ‘constexpr T c10::value_or_else(const std::optional<_Tp>&, F&&) [with T = at::Tensor; F = vllm_ascend::chunk_gated_delta_rule_fwd_h(const at::Tensor&, const at::Tensor&, const at::Tensor&, const std::optional<at::Tensor>&, const std::optional<at::Tensor>&, const std::optional<at::Tensor>&, std::optional<bool>, std::optional<long int>, std::optional<bool>, std::optional<c10::ArrayRef<long int> >, std::optional<c10::ArrayRef<long int> >, std::optional<bool>, std::optional<bool>)::<lambda()>]’ is deprecated: Please use std::optional::value_or instead of c10::value_or_else [-Wdeprecated-declarations]
 1906 |     const at::Tensor &gk_ = c10::value_or_else(gk, [] { return at::Tensor(); });
      |                             ~~~~~~~~~~~~~~~~~~^~~~~~~~~~~~~~~~~~~~~~~~~~~~~~~~~
/mnt/workspace/mhc-validation-20260930/venv/lib/python3.12/site-packages/torch/include/c10/util/Optional.h:40:1: note: declared here
   40 | value_or_else(const std::optional<T>& v, F&& func) {
      | ^~~~~~~~~~~~~
/mnt/workspace/hc-pre-reduction-20260930/batch-comb-source-candidate/csrc/aclnn_torch_adapter/op_api_common.h:743:22: warning: narrowing conversion of ‘workspace_size’ from ‘uint64_t’ {aka ‘long unsigned int’} to ‘long int’ [-Wnarrowing]
  743 |           at::empty({workspace_size}, options.dtype(kByte));                  \
      |                      ^~~~~~~~~~~~~~
/mnt/workspace/hc-pre-reduction-20260930/batch-comb-source-candidate/csrc/torch_binding.cpp:1939:5: note: in expansion of macro ‘EXEC_NPU_CMD’
 1939 |     EXEC_NPU_CMD(
      |     ^~~~~~~~~~~~
/mnt/workspace/hc-pre-reduction-20260930/batch-comb-source-candidate/csrc/aclnn_torch_adapter/op_api_common.h:743:22: warning: narrowing conversion of ‘workspace_size’ from ‘uint64_t’ {aka ‘long unsigned int’} to ‘long int’ [-Wnarrowing]
  743 |           at::empty({workspace_size}, options.dtype(kByte));                  \
      |                      ^~~~~~~~~~~~~~
/mnt/workspace/hc-pre-reduction-20260930/batch-comb-source-candidate/csrc/torch_binding.cpp:1939:5: note: in expansion of macro ‘EXEC_NPU_CMD’
 1939 |     EXEC_NPU_CMD(
      |     ^~~~~~~~~~~~
/mnt/workspace/hc-pre-reduction-20260930/batch-comb-source-candidate/csrc/torch_binding.cpp: In function ‘at::Tensor vllm_ascend::chunk_fwd_o_vllm(const at::Tensor&, const at::Tensor&, const at::Tensor&, const at::Tensor&, double, const std::optional<at::Tensor>&, const std::optional<at::Tensor>&, std::optional<c10::ArrayRef<long int> >, std::optional<c10::ArrayRef<long int> >, std::optional<long int>, std::optional<bool>)’:
/mnt/workspace/hc-pre-reduction-20260930/batch-comb-source-candidate/csrc/torch_binding.cpp:1969:46: warning: ‘constexpr T c10::value_or_else(const std::optional<_Tp>&, F&&) [with T = at::Tensor; F = vllm_ascend::chunk_fwd_o_vllm(const at::Tensor&, const at::Tensor&, const at::Tensor&, const at::Tensor&, double, const std::optional<at::Tensor>&, const std::optional<at::Tensor>&, std::optional<c10::ArrayRef<long int> >, std::optional<c10::ArrayRef<long int> >, std::optional<long int>, std::optional<bool>)::<lambda()>]’ is deprecated: Please use std::optional::value_or instead of c10::value_or_else [-Wdeprecated-declarations]
 1969 |     const at::Tensor &g_ = c10::value_or_else(g, [] { return at::Tensor(); });
      |                            ~~~~~~~~~~~~~~~~~~^~~~~~~~~~~~~~~~~~~~~~~~~~~~~~~~
/mnt/workspace/mhc-validation-20260930/venv/lib/python3.12/site-packages/torch/include/c10/util/Optional.h:40:1: note: declared here
   40 | value_or_else(const std::optional<T>& v, F&& func) {
      | ^~~~~~~~~~~~~
/mnt/workspace/hc-pre-reduction-20260930/batch-comb-source-candidate/csrc/aclnn_torch_adapter/op_api_common.h:743:22: warning: narrowing conversion of ‘workspace_size’ from ‘uint64_t’ {aka ‘long unsigned int’} to ‘long int’ [-Wnarrowing]
  743 |           at::empty({workspace_size}, options.dtype(kByte));                  \
      |                      ^~~~~~~~~~~~~~
/mnt/workspace/hc-pre-reduction-20260930/batch-comb-source-candidate/csrc/torch_binding.cpp:1973:5: note: in expansion of macro ‘EXEC_NPU_CMD’
 1973 |     EXEC_NPU_CMD(
      |     ^~~~~~~~~~~~
/mnt/workspace/hc-pre-reduction-20260930/batch-comb-source-candidate/csrc/aclnn_torch_adapter/op_api_common.h:743:22: warning: narrowing conversion of ‘workspace_size’ from ‘uint64_t’ {aka ‘long unsigned int’} to ‘long int’ [-Wnarrowing]
  743 |           at::empty({workspace_size}, options.dtype(kByte));                  \
      |                      ^~~~~~~~~~~~~~
/mnt/workspace/hc-pre-reduction-20260930/batch-comb-source-candidate/csrc/torch_binding.cpp:1973:5: note: in expansion of macro ‘EXEC_NPU_CMD’
 1973 |     EXEC_NPU_CMD(
      |     ^~~~~~~~~~~~
/mnt/workspace/hc-pre-reduction-20260930/batch-comb-source-candidate/csrc/torch_binding.cpp: In function ‘at::Tensor vllm_ascend::npu_sparse_attention_score_prefill(const at::Tensor&, const at::Tensor&, const at::Tensor&, const at::Tensor&, const at::Tensor&, const at::Tensor&, const at::Tensor&, int64_t, double, int64_t, int64_t, int64_t, const std::optional<at::Tensor>&, const std::optional<at::Tensor>&)’:
/mnt/workspace/hc-pre-reduction-20260930/batch-comb-source-candidate/csrc/aclnn_torch_adapter/op_api_common.h:743:22: warning: narrowing conversion of ‘workspace_size’ from ‘uint64_t’ {aka ‘long unsigned int’} to ‘long int’ [-Wnarrowing]
  743 |           at::empty({workspace_size}, options.dtype(kByte));                  \
      |                      ^~~~~~~~~~~~~~
/mnt/workspace/hc-pre-reduction-20260930/batch-comb-source-candidate/csrc/torch_binding.cpp:2011:5: note: in expansion of macro ‘EXEC_NPU_CMD’
 2011 |     EXEC_NPU_CMD(
      |     ^~~~~~~~~~~~
/mnt/workspace/hc-pre-reduction-20260930/batch-comb-source-candidate/csrc/aclnn_torch_adapter/op_api_common.h:743:22: warning: narrowing conversion of ‘workspace_size’ from ‘uint64_t’ {aka ‘long unsigned int’} to ‘long int’ [-Wnarrowing]
  743 |           at::empty({workspace_size}, options.dtype(kByte));                  \
      |                      ^~~~~~~~~~~~~~
/mnt/workspace/hc-pre-reduction-20260930/batch-comb-source-candidate/csrc/torch_binding.cpp:2011:5: note: in expansion of macro ‘EXEC_NPU_CMD’
 2011 |     EXEC_NPU_CMD(
      |     ^~~~~~~~~~~~
[100%] Linking CXX shared module vllm_ascend_C.cpython-312-aarch64-linux-gnu.so
[100%] Built target vllm_ascend_C
-- Install configuration: "Release"
-- Installing: /mnt/workspace/hc-pre-reduction-20260930/batch-comb-source-candidate/vllm_ascend/lib/libvllm_ascend_kernels.so
-- Installing: /mnt/workspace/hc-pre-reduction-20260930/batch-comb-source-candidate/vllm_ascend/include
-- Installing: /mnt/workspace/hc-pre-reduction-20260930/batch-comb-source-candidate/vllm_ascend/include/vllm_ascend_kernels
-- Installing: /mnt/workspace/hc-pre-reduction-20260930/batch-comb-source-candidate/vllm_ascend/include/vllm_ascend_kernels/aclrtlaunch_bgmv_expand_bfloat16_t.h
-- Installing: /mnt/workspace/hc-pre-reduction-20260930/batch-comb-source-candidate/vllm_ascend/include/vllm_ascend_kernels/aclrtlaunch_sgmv_shrink_half.h
-- Installing: /mnt/workspace/hc-pre-reduction-20260930/batch-comb-source-candidate/vllm_ascend/include/vllm_ascend_kernels/aclrtlaunch_sgmv_shrink_bfloat16_t.h
-- Installing: /mnt/workspace/hc-pre-reduction-20260930/batch-comb-source-candidate/vllm_ascend/include/vllm_ascend_kernels/aclrtlaunch_bgmv_expand_half.h
-- Installing: /mnt/workspace/hc-pre-reduction-20260930/batch-comb-source-candidate/vllm_ascend/include/vllm_ascend_kernels/aclrtlaunch_sgmv_expand_bfloat16_t.h
-- Installing: /mnt/workspace/hc-pre-reduction-20260930/batch-comb-source-candidate/vllm_ascend/include/vllm_ascend_kernels/aclrtlaunch_bgmv_shrink_half.h
-- Installing: /mnt/workspace/hc-pre-reduction-20260930/batch-comb-source-candidate/vllm_ascend/include/vllm_ascend_kernels/aclrtlaunch_bgmv_shrink_bfloat16_t.h
-- Installing: /mnt/workspace/hc-pre-reduction-20260930/batch-comb-source-candidate/vllm_ascend/include/vllm_ascend_kernels/aclrtlaunch_triple_chevrons_func.h
-- Installing: /mnt/workspace/hc-pre-reduction-20260930/batch-comb-source-candidate/vllm_ascend/include/vllm_ascend_kernels/aclrtlaunch_sgmv_expand_half.h
-- Installing: /mnt/workspace/hc-pre-reduction-20260930/batch-comb-source-candidate/vllm_ascend/vllm_ascend_C.cpython-312-aarch64-linux-gnu.so
-- Installing: /mnt/workspace/hc-pre-reduction-20260930/batch-comb-source-candidate/vllm_ascend/libvllm_ascend_kernels.so
MATCHED_NATIVE_AND_OPP_BUILD_PASS candidate d64140c62797ebddea73b2cf091a3590b4956d99 {'vllm_ascend/vllm_ascend_C.cpython-312-aarch64-linux-gnu.so': '01035df67b524b964b2536648f1ef753683bb8e96cd0fe4a258b46cf25302a36', 'vllm_ascend/libvllm_ascend_kernels.so': 'eebb909c05e51a0c6707097405abde63643448c33a718c0aa55ff533eaf01f50', 'opp/vendors/batch_comb_candidate_transformer/op_impl/ai_core/tbe/kernel/ascend910b/hc_pre/HcPre_6c9f0fa710253eff38b1c0e6be6a67be.o': '6d61b07369e00128935c280227e9f3033605505b40a912fc2e1bda8c75e5e50d', 'opp/vendors/batch_comb_candidate_transformer/op_impl/ai_core/tbe/kernel/ascend910b/hc_pre/HcPre_6c9f0fa710253eff38b1c0e6be6a67be_relocatable.o': '79e90a76f09293164560ec5ac947db118800b12cd107db9fc0e3df171ff9af65'}
