Name,Input Shapes,Call Stack,Host Self Duration(us),Host Total Duration(us),Device Self Duration(us),Device Total Duration(us),Device Self Duration With AICore(us),Device Total Duration With AICore(us)
Event::synchronize,,,159.8,159.8,0,0,0,0
aten::slice,,,21.85,42.33,0,0,0,0
aten::as_strided,,,20.48,20.48,0,0,0,0
aten::slice,,,3.51,6.78,0,0,0,0
aten::as_strided,,,3.27,3.27,0,0,0,0
aten::slice,,,9.8,12.72,0,0,0,0
aten::as_strided,,,2.92,2.92,0,0,0,0
aten::slice,,,7.77,12.83,0,0,0,0
aten::as_strided,,,5.06,5.06,0,0,0,0
aten::slice,,,3.0,9.3,0,0,0,0
aten::as_strided,,,6.3,6.3,0,0,0,0
aten::pin_memory,,,9.1,34.89,0,0,0,0
aten::is_pinned,,,25.79,25.79,0,0,0,0
aten::copy_,,,28.33,50.64,0,2.5400625,0,0
acl_memcpy_host_to_device,,,22.31,22.31,2.5400625,2.5400625,0,0
aten::slice,,,6.54,14.58,0,0,0,0
aten::as_strided,,,8.04,8.04,0,0,0,0
aten::slice,,,2.9,7.74,0,0,0,0
aten::as_strided,,,4.84,4.84,0,0,0,0
aten::pin_memory,,,3.28,13.01,0,0,0,0
aten::is_pinned,,,9.73,9.73,0,0,0,0
aten::copy_,,,16.36,33.38,0,2.6400625,0,0
acl_memcpy_host_to_device,,,17.02,17.02,2.6400625,2.6400625,0,0
aten::slice,,,7.86,11.15,0,0,0,0
aten::as_strided,,,3.29,3.29,0,0,0,0
aten::slice,,,3.23,14.12,0,0,0,0
aten::as_strided,,,10.89,10.89,0,0,0,0
aten::pin_memory,,,2.99,13.65,0,0,0,0
aten::is_pinned,,,10.66,10.66,0,0,0,0
aten::copy_,,,16.74,39.57,0,2.4600625,0,0
acl_memcpy_host_to_device,,,22.83,22.83,2.4600625,2.4600625,0,0
aten::slice,,,4.59,6.72,0,0,0,0
aten::as_strided,,,2.13,2.13,0,0,0,0
aten::slice,,,2.81,6.8,0,0,0,0
aten::as_strided,,,3.99,3.99,0,0,0,0
aten::pin_memory,,,2.6,10.51,0,0,0,0
aten::is_pinned,,,7.91,7.91,0,0,0,0
aten::copy_,,,24.07,107.55,0,2.44003125,0,0
acl_memcpy_host_to_device,,,83.48,83.48,2.44003125,2.44003125,0,0
aten::slice,,,5.96,8.54,0,0,0,0
aten::as_strided,,,2.58,2.58,0,0,0,0
aten::slice,,,3.1,7.92,0,0,0,0
aten::as_strided,,,4.82,4.82,0,0,0,0
aten::pin_memory,,,3.08,11.83,0,0,0,0
aten::is_pinned,,,8.75,8.75,0,0,0,0
aten::copy_,,,15.41,33.64,0,2.3600625,0,0
acl_memcpy_host_to_device,,,18.23,18.23,2.3600625,2.3600625,0,0
aten::lift_fresh,,,11.69,11.69,0,0,0,0
aten::lift_fresh,,,1.11,1.11,0,0,0,0
aten::flatten,,,4.87,15.11,0,0,0,0
aten::view,,,10.24,10.24,0,0,0,0
aten::slice,,,5.45,7.38,0,0,0,0
aten::as_strided,,,1.93,1.93,0,0,0,0
aten::index_select,,,11.22,11.22,0,0,0,0
aten::pin_memory,,,4.25,24.12,0,0,0,0
aten::is_pinned,,,19.87,19.87,0,0,0,0
aten::copy_,,,21.86,56.24,0,2.46003125,0,0
acl_memcpy_host_to_device,,,34.38,34.38,2.46003125,2.46003125,0,0
aten::pin_memory,,,3.66,12.03,0,0,0,0
aten::is_pinned,,,8.37,8.37,0,0,0,0
aten::copy_,,,60.89,80.87,0,2.48003125,0,0
acl_memcpy_host_to_device,,,19.98,19.98,2.48003125,2.48003125,0,0
aten::slice,,,7.69,10.8,0,0,0,0
aten::as_strided,,,3.11,3.11,0,0,0,0
aten::lift_fresh,,,1.63,1.63,0,0,0,0
aten::slice,,,6.12,18.95,0,0,0,0
aten::as_strided,,,12.83,12.83,0,0,0,0
aten::add,,,21.85,21.85,0,0,0,0
aten::slice,,,3.89,5.24,0,0,0,0
aten::as_strided,,,1.35,1.35,0,0,0,0
aten::fill_,,,6.85,6.85,0,0,0,0
aten::slice,,,3.28,9.9,0,0,0,0
aten::as_strided,,,6.62,6.62,0,0,0,0
aten::fill_,,,34.8,68.84,0,1.48003125,0,0
aclnnInplaceFillScalar,,,34.04,34.04,1.48003125,1.48003125,0,0
aten::slice,,,9.69,11.75,0,0,0,0
aten::as_strided,,,2.06,2.06,0,0,0,0
aten::slice,,,3.13,8.07,0,0,0,0
aten::as_strided,,,4.94,4.94,0,0,0,0
aten::pin_memory,,,3.71,19.19,0,0,0,0
aten::is_pinned,,,15.48,15.48,0,0,0,0
aten::copy_,,,15.26,20.6,0,2.7000625,0,0
acl_memcpy_host_to_device,,,5.34,5.34,2.7000625,2.7000625,0,0
aten::slice,,,46.47,53.15,0,0,0,0
aten::as_strided,,,6.68,6.68,0,0,0,0
aten::detach,,,4.91,4.91,0,0,0,0
aten::to,,,3.37,3.37,0,0,0,0
aten::resolve_conj,,,1.42,1.42,0,0,0,0
aten::resolve_neg,,,0.64,0.64,0,0,0,0
aten::slice,,,5.86,8.04,0,0,0,0
aten::as_strided,,,2.18,2.18,0,0,0,0
aten::slice,,,3.11,9.42,0,0,0,0
aten::as_strided,,,6.31,6.31,0,0,0,0
aten::pin_memory,,,3.4,17.48,0,0,0,0
aten::is_pinned,,,14.08,14.08,0,0,0,0
aten::copy_,,,10.55,10.55,0,0,0,0
aten::slice,,,4.59,6.23,0,0,0,0
aten::as_strided,,,1.64,1.64,0,0,0,0
aten::slice,,,2.92,6.74,0,0,0,0
aten::as_strided,,,3.82,3.82,0,0,0,0
aten::pin_memory,,,2.75,11.44,0,0,0,0
aten::is_pinned,,,8.69,8.69,0,0,0,0
aten::copy_,,,16.44,40.15,0,2.2800625,0,0
acl_memcpy_host_to_device,,,23.71,23.71,2.2800625,2.2800625,0,0
aten::fill_,,,27.77,89.67,0,1.34,0,0
aclnnInplaceFillScalar,,,61.9,61.9,1.34,1.34,0,0
aten::slice,,,6.5,11.14,0,0,0,0
aten::as_strided,,,4.64,4.64,0,0,0,0
aten::slice,,,3.53,5.52,0,0,0,0
aten::as_strided,,,1.99,1.99,0,0,0,0
aten::copy_,,,21.1,34.48,0,2.6800625,0,0
acl_memcpy_host_to_device,,,13.38,13.38,2.6800625,2.6800625,0,0
aten::slice,,,6.61,13.38,0,0,0,0
aten::as_strided,,,6.77,6.77,0,0,0,0
aten::slice,,,3.03,8.3,0,0,0,0
aten::as_strided,,,5.27,5.27,0,0,0,0
aten::pin_memory,,,3.7,15.83,0,0,0,0
aten::is_pinned,,,12.13,12.13,0,0,0,0
aten::copy_,,,16.5,36.94,0,2.5200625,0,0
acl_memcpy_host_to_device,,,20.44,20.44,2.5200625,2.5200625,0,0
aten::slice,,,4.51,8.36,0,0,0,0
aten::as_strided,,,3.85,3.85,0,0,0,0
aten::slice,,,8.31,10.06,0,0,0,0
aten::as_strided,,,1.75,1.75,0,0,0,0
aten::slice,,,2.92,5.61,0,0,0,0
aten::as_strided,,,2.69,2.69,0,0,0,0
aten::pin_memory,,,4.27,50.87,0,0,0,0
aten::is_pinned,,,46.6,46.6,0,0,0,0
aten::copy_,,,17.59,35.96,0,2.40003125,0,0
acl_memcpy_host_to_device,,,18.37,18.37,2.40003125,2.40003125,0,0
aten::slice,,,7.2,14.66,0,0,0,0
aten::as_strided,,,7.46,7.46,0,0,0,0
aten::slice,,,4.8,10.64,0,0,0,0
aten::as_strided,,,5.84,5.84,0,0,0,0
aten::pin_memory,,,3.63,14.49,0,0,0,0
aten::is_pinned,,,10.86,10.86,0,0,0,0
aten::copy_,,,16.79,46.38,0,2.3600625,0,0
acl_memcpy_host_to_device,,,29.59,29.59,2.3600625,2.3600625,0,0
aten::slice,,,5.51,9.62,0,0,0,0
aten::as_strided,,,4.11,4.11,0,0,0,0
aten::index,,,52.16,98.26,0,16.74034375,0,0
empty_tensor,,,11.55,11.55,0,0,0,0
empty_tensor,,,14.79,14.79,0,0,0,0
aclnnIndex,,,19.76,19.76,16.74034375,16.74034375,0,0
aten::to,,,3.17,69.13,0,1.34003125,0,0
aten::_to_copy,,,8.77,65.96,0,1.34003125,0,0
aten::empty_strided,,,12.77,17.53,0,0,0,0
empty_tensor,,,4.76,4.76,0,0,0,0
aten::copy_,,,21.27,39.66,0,1.34003125,0,0
aclnnInplaceCopy,,,18.39,18.39,1.34003125,1.34003125,0,0
aten::slice,,,6.34,10.58,0,0,0,0
aten::as_strided,,,4.24,4.24,0,0,0,0
aten::add,,,23.32,42.03,0,2.50003125,0,0
empty_tensor,,,6.98,6.98,0,0,0,0
aclnnAdd,,,11.73,11.73,2.50003125,2.50003125,0,0
aten::slice,,,5.52,9.87,0,0,0,0
aten::as_strided,,,4.35,4.35,0,0,0,0
aten::copy_,,,133.21,152.07,0,0.5,0,0
aclnnInplaceCopy,,,18.86,18.86,0.5,0.5,0,0
aten::slice,,,6.73,11.27,0,0,0,0
aten::as_strided,,,4.54,4.54,0,0,0,0
aten::add,,,19.29,40.44,0,1.56003125,0,0
empty_tensor,,,9.2,9.2,0,0,0,0
aclnnAdd,,,11.95,11.95,1.56003125,1.56003125,0,0
aten::slice,,,4.94,9.08,0,0,0,0
aten::as_strided,,,4.14,4.14,0,0,0,0
aten::copy_,,,56.12,68.44,0,0.6,0,0
aclnnInplaceCopy,,,12.32,12.32,0.6,0.6,0,0
aten::slice,,,5.82,9.59,0,0,0,0
aten::as_strided,,,3.77,3.77,0,0,0,0
aten::fill_,,,14.72,32.94,0,1.66003125,0,0
aclnnInplaceFillScalar,,,18.22,18.22,1.66003125,1.66003125,0,0
aten::slice,,,5.76,9.62,0,0,0,0
aten::as_strided,,,3.86,3.86,0,0,0,0
aten::slice,,,7.72,10.7,0,0,0,0
aten::as_strided,,,2.98,2.98,0,0,0,0
_compute_slot_mapping_fused_groups_kernel,,,33.26,33.26,21.9004375,21.9004375,0,0
aten::slice,,,9.03,17.8,0,0,0,0
aten::as_strided,,,8.77,8.77,0,0,0,0
aten::sub,,,29.94,67.11,0,1.34003125,0,0
empty_tensor,,,11.79,11.79,0,0,0,0
aten::item,,,3.57,9.7,0,0,0,0
aten::_local_scalar_dense,,,6.13,6.13,0,0,0,0
aclnnSubs,,,15.68,15.68,1.34003125,1.34003125,0,0
aten::detach,,,6.73,6.73,0,0,0,0
aten::to,,,2.35,2.35,0,0,0,0
aten::resolve_conj,,,7.19,7.19,0,0,0,0
aten::resolve_neg,,,0.57,0.57,0,0,0,0
aten::slice,,,7.94,16.65,0,0,0,0
aten::as_strided,,,8.71,8.71,0,0,0,0
aten::slice,,,3.49,7.06,0,0,0,0
aten::as_strided,,,3.57,3.57,0,0,0,0
aten::slice,,,3.6,5.87,0,0,0,0
aten::as_strided,,,2.27,2.27,0,0,0,0
aten::fill_,,,21.88,40.13,0,0,0,0
aclnnInplaceFillScalar,,,18.25,18.25,0,0,0,0
aten::slice,,,10.66,14.92,0,0,0,0
aten::as_strided,,,4.26,4.26,0,0,0,0
aten::fill_,,,13.85,26.29,0,0,0,0
aclnnInplaceFillScalar,,,12.44,12.44,0,0,0,0
aten::slice,,,5.81,8.81,0,0,0,0
aten::as_strided,,,3.0,3.0,0,0,0,0
aten::slice,,,2.94,4.15,0,0,0,0
aten::as_strided,,,1.21,1.21,0,0,0,0
aten::lt,,,16.49,16.49,0,0,0,0
aten::lift_fresh,,,1.18,1.18,0,0,0,0
aten::slice,,,6.76,7.96,0,0,0,0
aten::as_strided,,,1.2,1.2,0,0,0,0
aten::fill_,,,3.08,12.25,0,0,0,0
aten::copy_,,,9.17,9.17,0,0,0,0
aten::slice,,,4.06,5.67,0,0,0,0
aten::as_strided,,,1.61,1.61,0,0,0,0
aten::slice,,,3.0,7.65,0,0,0,0
aten::as_strided,,,4.65,4.65,0,0,0,0
aten::slice,,,3.13,7.27,0,0,0,0
aten::as_strided,,,4.14,4.14,0,0,0,0
aten::slice,,,2.87,5.91,0,0,0,0
aten::as_strided,,,3.04,3.04,0,0,0,0
aten::slice,,,2.52,3.49,0,0,0,0
aten::as_strided,,,0.97,0.97,0,0,0,0
aten::slice,,,4.44,5.69,0,0,0,0
aten::as_strided,,,1.25,1.25,0,0,0,0
aten::slice,,,3.02,5.74,0,0,0,0
aten::as_strided,,,2.72,2.72,0,0,0,0
aten::slice,,,2.69,5.02,0,0,0,0
aten::as_strided,,,2.33,2.33,0,0,0,0
aten::slice,,,4.76,6.88,0,0,0,0
aten::as_strided,,,2.12,2.12,0,0,0,0
aten::slice,,,8.68,14.64,0,0,0,0
aten::as_strided,,,5.96,5.96,0,0,0,0
aten::slice,,,3.38,7.14,0,0,0,0
aten::as_strided,,,3.76,3.76,0,0,0,0
aten::slice,,,2.9,5.43,0,0,0,0
aten::as_strided,,,2.53,2.53,0,0,0,0
aten::to,,,1.71,1.71,0,0,0,0
aten::slice,,,2.75,7.57,0,0,0,0
aten::as_strided,,,4.82,4.82,0,0,0,0
aten::slice,,,2.43,5.01,0,0,0,0
aten::as_strided,,,2.58,2.58,0,0,0,0
aten::slice,,,2.5,4.09,0,0,0,0
aten::as_strided,,,1.59,1.59,0,0,0,0
aten::slice,,,5.65,9.71,0,0,0,0
aten::as_strided,,,4.06,4.06,0,0,0,0
aten::slice,,,3.84,5.38,0,0,0,0
aten::as_strided,,,1.54,1.54,0,0,0,0
aten::slice,,,2.67,5.85,0,0,0,0
aten::as_strided,,,3.18,3.18,0,0,0,0
aten::sub,,,11.55,11.55,0,0,0,0
aten::select,,,5.38,6.73,0,0,0,0
aten::as_strided,,,1.35,1.35,0,0,0,0
aten::item,,,2.16,3.63,0,0,0,0
aten::_local_scalar_dense,,,1.47,1.47,0,0,0,0
aten::slice,,,2.18,7.04,0,0,0,0
aten::as_strided,,,4.86,4.86,0,0,0,0
aten::alias,,,6.9,6.9,0,0,0,0
aten::div,,,41.15,65.91,0,5.860125,0,0
aten::item,,,4.68,5.66,0,0,0,0
aten::_local_scalar_dense,,,0.98,0.98,0,0,0,0
aclnnDivMods,,,19.1,19.1,5.860125,5.860125,0,0
aten::slice,,,3.53,9.39,0,0,0,0
aten::as_strided,,,5.86,5.86,0,0,0,0
aten::slice,,,4.26,7.17,0,0,0,0
aten::as_strided,,,2.91,2.91,0,0,0,0
aten::copy_,,,67.95,90.7,0,0.52,0,0
aclnnInplaceCopy,,,22.75,22.75,0.52,0.52,0,0
aten::slice,,,2.99,7.05,0,0,0,0
aten::as_strided,,,4.06,4.06,0,0,0,0
aten::slice,,,4.98,7.83,0,0,0,0
aten::as_strided,,,2.85,2.85,0,0,0,0
aten::ge,,,23.98,49.29,0,4.14009375,0,0
empty_tensor,,,10.42,10.42,0,0,0,0
aclnnGeScalar,,,14.89,14.89,4.14009375,4.14009375,0,0
aten::add,,,23.81,92.88,0,2.8800625,0,0
empty_tensor,,,22.92,22.92,0,0,0,0
aten::item,,,1.94,3.38,0,0,0,0
aten::_local_scalar_dense,,,1.44,1.44,0,0,0,0
aclnnAdds,,,42.77,42.77,2.8800625,2.8800625,0,0
aten::remainder,,,27.99,85.73,0,5.780125,0,0
empty_tensor,,,8.81,8.81,0,0,0,0
aclnnRemainderTensorScalar,,,48.93,48.93,5.780125,5.780125,0,0
aten::eq,,,19.02,32.39,0,2.3400625,0,0
empty_tensor,,,7.04,7.04,0,0,0,0
aclnnEqScalar,,,6.33,6.33,2.3400625,2.3400625,0,0
aten::__and__,,,5.82,40.96,0,1.52003125,0,0
aten::bitwise_and,,,18.71,35.14,0,1.52003125,0,0
empty_tensor,,,5.55,5.55,0,0,0,0
aclnnBitwiseAndTensor,,,10.88,10.88,1.52003125,1.52003125,0,0
aten::clamp_min,,,12.9,32.86,0,2.58003125,0,0
empty_tensor,,,9.81,9.81,0,0,0,0
aclnnClampMin,,,10.15,10.15,2.58003125,2.58003125,0,0
aten::div,,,24.44,45.33,0,6.080125,0,0
empty_tensor,,,7.22,7.22,0,0,0,0
aten::item,,,1.95,3.66,0,0,0,0
aten::_local_scalar_dense,,,1.71,1.71,0,0,0,0
aclnnDivMods,,,10.01,10.01,6.080125,6.080125,0,0
aten::remainder,,,19.0,33.96,0,4.8801250000000005,0,0
empty_tensor,,,10.66,10.66,0,0,0,0
aclnnRemainderTensorScalar,,,4.3,4.3,4.8801250000000005,4.8801250000000005,0,0
aten::mul,,,17.4,30.96,0,1.44003125,0,0
empty_tensor,,,5.83,5.83,0,0,0,0
aten::item,,,1.72,3.67,0,0,0,0
aten::_local_scalar_dense,,,1.95,1.95,0,0,0,0
aclnnMuls,,,4.06,4.06,1.44003125,1.44003125,0,0
aten::div,,,24.75,56.8,0,6.24015625,0,0
empty_tensor,,,7.0,7.0,0,0,0,0
aten::item,,,1.92,2.69,0,0,0,0
aten::_local_scalar_dense,,,0.77,0.77,0,0,0,0
aclnnDivMods,,,22.36,22.36,6.24015625,6.24015625,0,0
aten::add,,,14.76,23.18,0,1.26003125,0,0
empty_tensor,,,5.45,5.45,0,0,0,0
aclnnAdd,,,2.97,2.97,1.26003125,1.26003125,0,0
aten::full_like,,,12.74,60.91,0,1.3800625,0,0
aten::empty_like,,,8.04,22.75,0,0,0,0
aten::empty_strided,,,10.47,14.71,0,0,0,0
empty_tensor,,,4.24,4.24,0,0,0,0
aten::fill_,,,11.34,25.42,0,1.3800625,0,0
aclnnInplaceFillScalar,,,14.08,14.08,1.3800625,1.3800625,0,0
aten::where,,,15.21,27.36,0,1.90003125,0,0
empty_tensor,,,6.06,6.06,0,0,0,0
aclnnSWhere,,,6.09,6.09,1.90003125,1.90003125,0,0
aten::copy_,,,15.14,26.31,0,1.30003125,0,0
aclnnInplaceCopy,,,11.17,11.17,1.30003125,1.30003125,0,0
aten::slice,,,3.52,8.53,0,0,0,0
aten::as_strided,,,5.01,5.01,0,0,0,0
aten::slice,,,7.24,10.59,0,0,0,0
aten::as_strided,,,3.35,3.35,0,0,0,0
aten::div,,,24.4,39.77,0,5.0000625,0,0
aten::item,,,1.68,3.16,0,0,0,0
aten::_local_scalar_dense,,,1.48,1.48,0,0,0,0
aclnnDivMods,,,12.21,12.21,5.0000625,5.0000625,0,0
aten::slice,,,2.29,6.16,0,0,0,0
aten::as_strided,,,3.87,3.87,0,0,0,0
aten::slice,,,4.08,7.1,0,0,0,0
aten::as_strided,,,3.02,3.02,0,0,0,0
aten::slice,,,2.88,5.21,0,0,0,0
aten::as_strided,,,2.33,2.33,0,0,0,0
aten::copy_,,,64.29,79.18,0,0.56,0,0
aclnnInplaceCopy,,,14.89,14.89,0.56,0.56,0,0
aten::slice,,,3.29,7.48,0,0,0,0
aten::as_strided,,,4.19,4.19,0,0,0,0
aten::slice,,,4.37,6.92,0,0,0,0
aten::as_strided,,,2.55,2.55,0,0,0,0
aten::copy_,,,49.83,90.55,0,0.62003125,0,0
aclnnInplaceCopy,,,40.72,40.72,0.62003125,0.62003125,0,0
aten::slice,,,5.51,8.41,0,0,0,0
aten::as_strided,,,2.9,2.9,0,0,0,0
aten::div,,,15.16,36.8,0,0,0,0
aten::to,,,1.69,21.64,0,0,0,0
aten::_to_copy,,,6.09,19.95,0,0,0,0
aten::empty_strided,,,4.75,4.75,0,0,0,0
aten::copy_,,,9.11,9.11,0,0,0,0
aten::slice,,,3.99,9.25,0,0,0,0
aten::as_strided,,,5.26,5.26,0,0,0,0
aten::slice,,,5.29,10.69,0,0,0,0
aten::as_strided,,,5.4,5.4,0,0,0,0
aten::slice,,,2.61,7.77,0,0,0,0
aten::as_strided,,,5.16,5.16,0,0,0,0
aten::slice,,,2.29,4.61,0,0,0,0
aten::as_strided,,,2.32,2.32,0,0,0,0
aten::fill_,,,19.44,35.52,0,0,0,0
aclnnInplaceFillScalar,,,16.08,16.08,0,0,0,0
aten::slice,,,5.33,9.35,0,0,0,0
aten::as_strided,,,4.02,4.02,0,0,0,0
aten::fill_,,,13.48,25.53,0,0,0,0
aclnnInplaceFillScalar,,,12.05,12.05,0,0,0,0
aten::slice,,,4.83,9.25,0,0,0,0
aten::as_strided,,,4.42,4.42,0,0,0,0
aten::slice,,,2.71,5.3,0,0,0,0
aten::as_strided,,,2.59,2.59,0,0,0,0
aten::slice,,,5.33,7.8,0,0,0,0
aten::as_strided,,,2.47,2.47,0,0,0,0
aten::slice,,,2.89,6.62,0,0,0,0
aten::as_strided,,,3.73,3.73,0,0,0,0
aten::slice,,,2.57,5.18,0,0,0,0
aten::as_strided,,,2.61,2.61,0,0,0,0
aten::slice,,,2.4,4.72,0,0,0,0
aten::as_strided,,,2.32,2.32,0,0,0,0
aten::slice,,,2.25,4.14,0,0,0,0
aten::as_strided,,,1.89,1.89,0,0,0,0
aten::fill_,,,16.47,31.25,0,0,0,0
aclnnInplaceFillScalar,,,14.78,14.78,0,0,0,0
aten::slice,,,5.15,8.28,0,0,0,0
aten::as_strided,,,3.13,3.13,0,0,0,0
aten::fill_,,,11.29,22.84,0,0,0,0
aclnnInplaceFillScalar,,,11.55,11.55,0,0,0,0
aten::diff,,,9.24,36.7,0,0,0,0
aten::narrow,,,7.4,12.05,0,0,0,0
aten::slice,,,2.19,4.65,0,0,0,0
aten::as_strided,,,2.46,2.46,0,0,0,0
aten::narrow,,,1.98,4.22,0,0,0,0
aten::slice,,,1.19,2.24,0,0,0,0
aten::as_strided,,,1.05,1.05,0,0,0,0
aten::sub,,,11.19,11.19,0,0,0,0
aten::eq,,,13.45,27.09,0,0,0,0
aten::to,,,1.56,13.64,0,0,0,0
aten::_to_copy,,,4.21,12.08,0,0,0,0
aten::empty_strided,,,2.75,2.75,0,0,0,0
aten::copy_,,,5.12,5.12,0,0,0,0
aten::__and__,,,1.95,7.41,0,0,0,0
aten::bitwise_and,,,5.46,5.46,0,0,0,0
aten::gt,,,8.53,16.89,0,0,0,0
aten::to,,,1.13,8.36,0,0,0,0
aten::_to_copy,,,2.37,7.23,0,0,0,0
aten::empty_strided,,,1.93,1.93,0,0,0,0
aten::copy_,,,2.93,2.93,0,0,0,0
aten::__and__,,,1.53,4.3,0,0,0,0
aten::bitwise_and,,,2.77,2.77,0,0,0,0
aten::any,,,8.55,18.19,0,0,0,0
aten::view_as,,,2.7,5.66,0,0,0,0
aten::view,,,2.96,2.96,0,0,0,0
aten::to,,,0.41,0.41,0,0,0,0
aten::copy_,,,3.57,3.57,0,0,0,0
aten::item,,,1.58,3.16,0,0,0,0
aten::_local_scalar_dense,,,1.58,1.58,0,0,0,0
aten::slice,,,4.38,6.14,0,0,0,0
aten::as_strided,,,1.76,1.76,0,0,0,0
aten::slice,,,2.23,3.18,0,0,0,0
aten::as_strided,,,0.95,0.95,0,0,0,0
aten::sub,,,4.94,4.94,0,0,0,0
aten::select,,,2.99,4.22,0,0,0,0
aten::as_strided,,,1.23,1.23,0,0,0,0
aten::item,,,1.32,2.35,0,0,0,0
aten::_local_scalar_dense,,,1.03,1.03,0,0,0,0
aten::select,,,3.75,9.54,0,0,0,0
aten::as_strided,,,5.79,5.79,0,0,0,0
aten::slice,,,4.03,5.46,0,0,0,0
aten::as_strided,,,1.43,1.43,0,0,0,0
aten::slice,,,2.3,3.14,0,0,0,0
aten::as_strided,,,0.84,0.84,0,0,0,0
aten::sub,,,4.98,4.98,0,0,0,0
aten::add,,,6.66,16.74,0,0,0,0
aten::to,,,1.04,10.08,0,0,0,0
aten::_to_copy,,,3.32,9.04,0,0,0,0
aten::empty_strided,,,2.28,2.28,0,0,0,0
aten::copy_,,,3.44,3.44,0,0,0,0
aten::sub,,,4.41,11.11,0,0,0,0
aten::to,,,0.84,6.7,0,0,0,0
aten::_to_copy,,,2.15,5.86,0,0,0,0
aten::empty_strided,,,1.64,1.64,0,0,0,0
aten::copy_,,,2.07,2.07,0,0,0,0
aten::floor_divide,,,8.34,18.63,0,0,0,0
aten::to,,,1.04,7.75,0,0,0,0
aten::_to_copy,,,2.26,6.71,0,0,0,0
aten::empty_strided,,,1.78,1.78,0,0,0,0
aten::copy_,,,2.67,2.67,0,0,0,0
aten::empty,,,2.54,2.54,0,0,0,0
aten::resolve_conj,,,0.93,0.93,0,0,0,0
aten::resolve_neg,,,0.65,0.65,0,0,0,0
aten::arange,,,5.93,23.17,0,0,0,0
aten::empty,,,1.59,1.59,0,0,0,0
aten::arange,,,12.2,15.65,0,0,0,0
aten::resize_,,,3.45,3.45,0,0,0,0
aten::cat,,,9.08,9.08,0,0,0,0
aten::eq,,,6.5,6.5,0,0,0,0
aten::cumsum,,,8.85,18.37,0,0,0,0
aten::to,,,0.85,9.52,0,0,0,0
aten::_to_copy,,,2.75,8.67,0,0,0,0
aten::empty_strided,,,2.1,2.1,0,0,0,0
aten::copy_,,,3.82,3.82,0,0,0,0
aten::sub,,,4.37,4.37,0,0,0,0
aten::stack,,,4.67,27.76,0,0,0,0
aten::unsqueeze,,,2.96,4.88,0,0,0,0
aten::as_strided,,,1.92,1.92,0,0,0,0
aten::unsqueeze,,,1.02,1.92,0,0,0,0
aten::as_strided,,,0.9,0.9,0,0,0,0
aten::cat,,,9.31,16.29,0,0,0,0
aten::narrow,,,2.84,6.98,0,0,0,0
aten::slice,,,1.96,4.14,0,0,0,0
aten::as_strided,,,2.18,2.18,0,0,0,0
aten::to,,,1.46,9.16,0,0,0,0
aten::_to_copy,,,2.54,7.7,0,0,0,0
aten::empty_strided,,,2.1,2.1,0,0,0,0
aten::copy_,,,3.06,3.06,0,0,0,0
aten::empty,,,2.02,2.02,0,0,0,0
aten::to,,,0.72,0.72,0,0,0,0
aten::lift_fresh,,,0.76,0.76,0,0,0,0
aten::detach_,,,0.96,0.96,0,0,0,0
aten::slice,,,4.5,6.04,0,0,0,0
aten::as_strided,,,1.54,1.54,0,0,0,0
aten::slice,,,2.02,2.73,0,0,0,0
aten::as_strided,,,0.71,0.71,0,0,0,0
aten::sub,,,4.25,4.25,0,0,0,0
aten::add,,,5.54,13.8,0,0,0,0
aten::to,,,0.86,8.26,0,0,0,0
aten::_to_copy,,,2.45,7.4,0,0,0,0
aten::empty_strided,,,1.89,1.89,0,0,0,0
aten::copy_,,,3.06,3.06,0,0,0,0
aten::sub,,,4.33,10.34,0,0,0,0
aten::to,,,0.75,6.01,0,0,0,0
aten::_to_copy,,,1.89,5.26,0,0,0,0
aten::empty_strided,,,1.34,1.34,0,0,0,0
aten::copy_,,,2.03,2.03,0,0,0,0
aten::floor_divide,,,5.73,13.32,0,0,0,0
aten::to,,,1.0,6.35,0,0,0,0
aten::_to_copy,,,2.05,5.35,0,0,0,0
aten::empty_strided,,,1.24,1.24,0,0,0,0
aten::copy_,,,2.06,2.06,0,0,0,0
aten::empty,,,1.24,1.24,0,0,0,0
aten::cat,,,3.82,3.82,0,0,0,0
aten::cumsum,,,5.68,13.75,0,0,0,0
aten::to,,,0.93,8.07,0,0,0,0
aten::_to_copy,,,2.35,7.14,0,0,0,0
aten::empty_strided,,,1.47,1.47,0,0,0,0
aten::copy_,,,3.32,3.32,0,0,0,0
aten::empty,,,2.21,2.21,0,0,0,0
aten::to,,,0.7,0.7,0,0,0,0
aten::lift_fresh,,,0.63,0.63,0,0,0,0
aten::detach_,,,0.46,0.46,0,0,0,0
aten::slice,,,3.84,5.35,0,0,0,0
aten::as_strided,,,1.51,1.51,0,0,0,0
aten::slice,,,2.24,3.14,0,0,0,0
aten::as_strided,,,0.9,0.9,0,0,0,0
aten::sub,,,4.18,4.18,0,0,0,0
aten::add,,,4.69,12.31,0,0,0,0
aten::to,,,0.77,7.62,0,0,0,0
aten::_to_copy,,,2.37,6.85,0,0,0,0
aten::empty_strided,,,1.75,1.75,0,0,0,0
aten::copy_,,,2.73,2.73,0,0,0,0
aten::sub,,,4.01,9.97,0,0,0,0
aten::to,,,0.75,5.96,0,0,0,0
aten::_to_copy,,,1.9,5.21,0,0,0,0
aten::empty_strided,,,1.27,1.27,0,0,0,0
aten::copy_,,,2.04,2.04,0,0,0,0
aten::floor_divide,,,5.08,12.87,0,0,0,0
aten::to,,,0.89,6.58,0,0,0,0
aten::_to_copy,,,2.22,5.69,0,0,0,0
aten::empty_strided,,,1.38,1.38,0,0,0,0
aten::copy_,,,2.09,2.09,0,0,0,0
aten::empty,,,1.21,1.21,0,0,0,0
aten::add,,,3.88,9.78,0,0,0,0
aten::to,,,0.78,5.9,0,0,0,0
aten::_to_copy,,,1.7,5.12,0,0,0,0
aten::empty_strided,,,1.44,1.44,0,0,0,0
aten::copy_,,,1.98,1.98,0,0,0,0
aten::cat,,,3.34,3.34,0,0,0,0
aten::cumsum,,,4.71,11.23,0,0,0,0
aten::to,,,0.79,6.52,0,0,0,0
aten::_to_copy,,,1.93,5.73,0,0,0,0
aten::empty_strided,,,1.31,1.31,0,0,0,0
aten::copy_,,,2.49,2.49,0,0,0,0
aten::slice,,,3.91,5.16,0,0,0,0
aten::as_strided,,,1.25,1.25,0,0,0,0
aten::slice,,,2.23,3.03,0,0,0,0
aten::as_strided,,,0.8,0.8,0,0,0,0
aten::sub,,,3.57,3.57,0,0,0,0
aten::add,,,3.87,10.44,0,0,0,0
aten::to,,,0.74,6.57,0,0,0,0
aten::_to_copy,,,2.13,5.83,0,0,0,0
aten::empty_strided,,,1.45,1.45,0,0,0,0
aten::copy_,,,2.25,2.25,0,0,0,0
aten::sub,,,3.68,9.59,0,0,0,0
aten::to,,,0.71,5.91,0,0,0,0
aten::_to_copy,,,1.92,5.2,0,0,0,0
aten::empty_strided,,,1.42,1.42,0,0,0,0
aten::copy_,,,1.86,1.86,0,0,0,0
aten::floor_divide,,,4.87,13.47,0,0,0,0
aten::to,,,0.87,7.14,0,0,0,0
aten::_to_copy,,,2.37,6.27,0,0,0,0
aten::empty_strided,,,1.66,1.66,0,0,0,0
aten::copy_,,,2.24,2.24,0,0,0,0
aten::empty,,,1.46,1.46,0,0,0,0
aten::add,,,4.72,12.03,0,0,0,0
aten::to,,,0.96,7.31,0,0,0,0
aten::_to_copy,,,2.37,6.35,0,0,0,0
aten::empty_strided,,,1.77,1.77,0,0,0,0
aten::copy_,,,2.21,2.21,0,0,0,0
aten::cumsum,,,4.62,11.35,0,0,0,0
aten::to,,,0.69,6.73,0,0,0,0
aten::_to_copy,,,2.19,6.04,0,0,0,0
aten::empty_strided,,,1.31,1.31,0,0,0,0
aten::copy_,,,2.54,2.54,0,0,0,0
aten::sub,,,2.9,2.9,0,0,0,0
aten::slice,,,3.8,5.03,0,0,0,0
aten::as_strided,,,1.23,1.23,0,0,0,0
aten::slice,,,1.95,2.77,0,0,0,0
aten::as_strided,,,0.82,0.82,0,0,0,0
aten::sub,,,3.45,3.45,0,0,0,0
aten::add,,,4.54,11.06,0,0,0,0
aten::to,,,0.77,6.52,0,0,0,0
aten::_to_copy,,,2.12,5.75,0,0,0,0
aten::empty_strided,,,1.36,1.36,0,0,0,0
aten::copy_,,,2.27,2.27,0,0,0,0
aten::sub,,,3.82,9.44,0,0,0,0
aten::to,,,0.66,5.62,0,0,0,0
aten::_to_copy,,,1.81,4.96,0,0,0,0
aten::empty_strided,,,1.29,1.29,0,0,0,0
aten::copy_,,,1.86,1.86,0,0,0,0
aten::floor_divide,,,5.01,12.72,0,0,0,0
aten::to,,,0.8,6.45,0,0,0,0
aten::_to_copy,,,1.99,5.65,0,0,0,0
aten::empty_strided,,,1.46,1.46,0,0,0,0
aten::copy_,,,2.2,2.2,0,0,0,0
aten::empty,,,1.26,1.26,0,0,0,0
aten::resolve_conj,,,0.91,0.91,0,0,0,0
aten::resolve_neg,,,0.52,0.52,0,0,0,0
aten::arange,,,3.8,13.0,0,0,0,0
aten::empty,,,1.33,1.33,0,0,0,0
aten::arange,,,5.76,7.87,0,0,0,0
aten::resize_,,,2.11,2.11,0,0,0,0
aten::cat,,,4.13,4.13,0,0,0,0
aten::eq,,,6.07,6.07,0,0,0,0
aten::cumsum,,,4.82,12.36,0,0,0,0
aten::to,,,0.93,7.54,0,0,0,0
aten::_to_copy,,,2.28,6.61,0,0,0,0
aten::empty_strided,,,1.53,1.53,0,0,0,0
aten::copy_,,,2.8,2.8,0,0,0,0
aten::sub,,,3.1,3.1,0,0,0,0
aten::stack,,,3.13,28.38,0,0,0,0
aten::unsqueeze,,,1.59,3.13,0,0,0,0
aten::as_strided,,,1.54,1.54,0,0,0,0
aten::unsqueeze,,,1.02,2.53,0,0,0,0
aten::as_strided,,,1.51,1.51,0,0,0,0
aten::cat,,,7.08,19.59,0,0,0,0
aten::narrow,,,2.37,12.51,0,0,0,0
aten::slice,,,8.76,10.14,0,0,0,0
aten::as_strided,,,1.38,1.38,0,0,0,0
aten::to,,,1.46,9.47,0,0,0,0
aten::_to_copy,,,2.55,8.01,0,0,0,0
aten::empty_strided,,,2.27,2.27,0,0,0,0
aten::copy_,,,3.19,3.19,0,0,0,0
aten::slice,,,3.83,5.23,0,0,0,0
aten::as_strided,,,1.4,1.4,0,0,0,0
aten::slice,,,2.48,3.35,0,0,0,0
aten::as_strided,,,0.87,0.87,0,0,0,0
aten::sub,,,3.98,3.98,0,0,0,0
aten::add,,,9.25,17.19,0,0,0,0
aten::to,,,0.78,7.94,0,0,0,0
aten::_to_copy,,,2.49,7.16,0,0,0,0
aten::empty_strided,,,1.98,1.98,0,0,0,0
aten::copy_,,,2.69,2.69,0,0,0,0
aten::sub,,,4.09,10.28,0,0,0,0
aten::to,,,0.92,6.19,0,0,0,0
aten::_to_copy,,,2.06,5.27,0,0,0,0
aten::empty_strided,,,1.33,1.33,0,0,0,0
aten::copy_,,,1.88,1.88,0,0,0,0
aten::floor_divide,,,8.32,17.07,0,0,0,0
aten::to,,,0.92,7.17,0,0,0,0
aten::_to_copy,,,2.07,6.25,0,0,0,0
aten::empty_strided,,,1.79,1.79,0,0,0,0
aten::copy_,,,2.39,2.39,0,0,0,0
aten::empty,,,1.58,1.58,0,0,0,0
aten::resolve_conj,,,0.84,0.84,0,0,0,0
aten::resolve_neg,,,0.52,0.52,0,0,0,0
aten::arange,,,3.33,14.86,0,0,0,0
aten::empty,,,1.42,1.42,0,0,0,0
aten::arange,,,5.35,10.11,0,0,0,0
aten::resize_,,,4.76,4.76,0,0,0,0
aten::cat,,,4.27,4.27,0,0,0,0
aten::eq,,,5.92,5.92,0,0,0,0
aten::cumsum,,,5.67,13.95,0,0,0,0
aten::to,,,0.98,8.28,0,0,0,0
aten::_to_copy,,,2.51,7.3,0,0,0,0
aten::empty_strided,,,1.66,1.66,0,0,0,0
aten::copy_,,,3.13,3.13,0,0,0,0
aten::sub,,,3.57,3.57,0,0,0,0
aten::stack,,,3.14,26.3,0,0,0,0
aten::unsqueeze,,,1.98,7.1,0,0,0,0
aten::as_strided,,,5.12,5.12,0,0,0,0
aten::unsqueeze,,,0.8,1.99,0,0,0,0
aten::as_strided,,,1.19,1.19,0,0,0,0
aten::cat,,,7.68,14.07,0,0,0,0
aten::narrow,,,2.52,6.39,0,0,0,0
aten::slice,,,1.9,3.87,0,0,0,0
aten::as_strided,,,1.97,1.97,0,0,0,0
aten::to,,,1.35,11.15,0,0,0,0
aten::_to_copy,,,2.54,9.8,0,0,0,0
aten::empty_strided,,,1.97,1.97,0,0,0,0
aten::copy_,,,5.29,5.29,0,0,0,0
aten::to,,,1.03,8.8,0,0,0,0
aten::_to_copy,,,2.27,7.77,0,0,0,0
aten::empty_strided,,,1.84,1.84,0,0,0,0
aten::copy_,,,3.66,3.66,0,0,0,0
aten::reshape,,,1.9,4.43,0,0,0,0
aten::view,,,2.53,2.53,0,0,0,0
aten::resolve_conj,,,0.64,0.64,0,0,0,0
aten::resolve_neg,,,0.52,0.52,0,0,0,0
aten::empty,,,2.53,2.53,0,0,0,0
aten::to,,,0.83,0.83,0,0,0,0
aten::lift_fresh,,,3.82,3.82,0,0,0,0
aten::detach_,,,0.75,0.75,0,0,0,0
aten::slice,,,2.1,3.66,0,0,0,0
aten::as_strided,,,1.56,1.56,0,0,0,0
aten::slice,,,1.36,2.32,0,0,0,0
aten::as_strided,,,0.96,0.96,0,0,0,0
aten::sub,,,5.1,5.1,0,0,0,0
aten::gt,,,6.92,6.92,0,0,0,0
aten::all,,,6.96,19.04,0,0,0,0
aten::view_as,,,1.67,3.25,0,0,0,0
aten::view,,,1.58,1.58,0,0,0,0
aten::to,,,5.44,5.44,0,0,0,0
aten::copy_,,,3.39,3.39,0,0,0,0
aten::is_nonzero,,,4.36,7.17,0,0,0,0
aten::item,,,1.68,2.81,0,0,0,0
aten::_local_scalar_dense,,,1.13,1.13,0,0,0,0
aten::to,,,1.4,11.07,0,0,0,0
aten::_to_copy,,,3.35,9.67,0,0,0,0
aten::empty_strided,,,2.81,2.81,0,0,0,0
aten::copy_,,,3.51,3.51,0,0,0,0
aten::reshape,,,1.66,6.01,0,0,0,0
aten::view,,,4.35,4.35,0,0,0,0
aten::resolve_conj,,,1.01,1.01,0,0,0,0
aten::resolve_neg,,,0.47,0.47,0,0,0,0
aten::to,,,2.65,205.77,0,0,0,0
aten::_to_copy,,,9.04,203.12,0,0,0,0
aten::empty_strided,,,12.83,22.29,0,0,0,0
empty_tensor,,,9.46,9.46,0,0,0,0
aten::copy_,,,152.18,171.79,0,0,0,0
acl_memcpy_host_to_device,,,19.61,19.61,0,0,0,0
aten::to,,,3.63,123.94,0,0,0,0
aten::_to_copy,,,5.91,120.31,0,0,0,0
aten::empty_strided,,,10.84,20.39,0,0,0,0
empty_tensor,,,9.55,9.55,0,0,0,0
aten::copy_,,,71.83,94.01,0,0,0,0
acl_memcpy_host_to_device,,,22.18,22.18,0,0,0,0
aten::to,,,2.23,114.26,0,0,0,0
aten::_to_copy,,,5.22,112.03,0,0,0,0
aten::empty_strided,,,9.6,15.1,0,0,0,0
empty_tensor,,,5.5,5.5,0,0,0,0
aten::copy_,,,63.69,91.71,0,0,0,0
acl_memcpy_host_to_device,,,28.02,28.02,0,0,0,0
aten::to,,,2.7,118.42,0,0,0,0
aten::_to_copy,,,5.24,115.72,0,0,0,0
aten::empty_strided,,,8.45,13.23,0,0,0,0
empty_tensor,,,4.78,4.78,0,0,0,0
aten::copy_,,,67.29,97.25,0,0,0,0
acl_memcpy_host_to_device,,,29.96,29.96,0,0,0,0
aten::to,,,2.28,121.69,0,0,0,0
aten::_to_copy,,,5.52,119.41,0,0,0,0
aten::empty_strided,,,29.14,34.25,0,0,0,0
empty_tensor,,,5.11,5.11,0,0,0,0
aten::copy_,,,65.35,79.64,0,0,0,0
acl_memcpy_host_to_device,,,14.29,14.29,0,0,0,0
aten::to,,,2.7,88.64,0,0,0,0
aten::_to_copy,,,4.81,85.94,0,0,0,0
aten::empty_strided,,,8.54,14.3,0,0,0,0
empty_tensor,,,5.76,5.76,0,0,0,0
aten::copy_,,,54.71,66.83,0,0,0,0
acl_memcpy_host_to_device,,,12.12,12.12,0,0,0,0
aten::slice,,,8.02,15.43,0,0,0,0
aten::as_strided,,,7.41,7.41,0,0,0,0
aten::slice,,,3.22,5.82,0,0,0,0
aten::as_strided,,,2.6,2.6,0,0,0,0
aten::sub,,,26.96,54.62,0,1.38,0,0
empty_tensor,,,9.62,9.62,0,0,0,0
aclnnSub,,,18.04,18.04,1.38,1.38,0,0
aten::sub,,,16.42,27.6,0,1.24003125,0,0
empty_tensor,,,7.34,7.34,0,0,0,0
aclnnSub,,,3.84,3.84,1.24003125,1.24003125,0,0
aten::gt,,,17.85,34.67,0,4.4400625,0,0
empty_tensor,,,5.31,5.31,0,0,0,0
aclnnGtScalar,,,11.51,11.51,4.4400625,4.4400625,0,0
aten::slice,,,6.4,12.21,0,0,0,0
aten::as_strided,,,5.81,5.81,0,0,0,0
aten::slice,,,5.74,8.74,0,0,0,0
aten::as_strided,,,3.0,3.0,0,0,0,0
aten::slice,,,2.69,6.76,0,0,0,0
aten::as_strided,,,4.07,4.07,0,0,0,0
aten::slice,,,2.9,6.23,0,0,0,0
aten::as_strided,,,3.33,3.33,0,0,0,0
aten::slice,,,2.4,4.94,0,0,0,0
aten::as_strided,,,2.54,2.54,0,0,0,0
aten::slice,,,2.34,4.74,0,0,0,0
aten::as_strided,,,2.4,2.4,0,0,0,0
aten::fill_,,,17.15,32.41,0,0,0,0
aclnnInplaceFillScalar,,,15.26,15.26,0,0,0,0
aten::slice,,,4.08,7.57,0,0,0,0
aten::as_strided,,,3.49,3.49,0,0,0,0
aten::fill_,,,11.74,36.76,0,0,0,0
aclnnInplaceFillScalar,,,25.02,25.02,0,0,0,0
aten::diff,,,6.55,31.09,0,0,0,0
aten::narrow,,,5.41,10.18,0,0,0,0
aten::slice,,,2.37,4.77,0,0,0,0
aten::as_strided,,,2.4,2.4,0,0,0,0
aten::narrow,,,1.93,3.75,0,0,0,0
aten::slice,,,0.96,1.82,0,0,0,0
aten::as_strided,,,0.86,0.86,0,0,0,0
aten::sub,,,10.61,10.61,0,0,0,0
aten::eq,,,11.92,25.0,0,0,0,0
aten::to,,,1.45,13.08,0,0,0,0
aten::_to_copy,,,3.9,11.63,0,0,0,0
aten::empty_strided,,,2.78,2.78,0,0,0,0
aten::copy_,,,4.95,4.95,0,0,0,0
aten::__and__,,,1.95,6.21,0,0,0,0
aten::bitwise_and,,,4.26,4.26,0,0,0,0
aten::gt,,,7.03,14.88,0,0,0,0
aten::to,,,0.83,7.85,0,0,0,0
aten::_to_copy,,,2.48,7.02,0,0,0,0
aten::empty_strided,,,1.8,1.8,0,0,0,0
aten::copy_,,,2.74,2.74,0,0,0,0
aten::__and__,,,1.37,3.99,0,0,0,0
aten::bitwise_and,,,2.62,2.62,0,0,0,0
aten::any,,,4.71,11.4,0,0,0,0
aten::view_as,,,2.04,3.52,0,0,0,0
aten::view,,,1.48,1.48,0,0,0,0
aten::to,,,0.44,0.44,0,0,0,0
aten::copy_,,,2.73,2.73,0,0,0,0
aten::item,,,1.51,2.7,0,0,0,0
aten::_local_scalar_dense,,,1.19,1.19,0,0,0,0
aten::slice,,,4.59,6.09,0,0,0,0
aten::as_strided,,,1.5,1.5,0,0,0,0
aten::slice,,,2.2,3.13,0,0,0,0
aten::as_strided,,,0.93,0.93,0,0,0,0
aten::sub,,,4.78,4.78,0,0,0,0
aten::select,,,3.17,4.42,0,0,0,0
aten::as_strided,,,1.25,1.25,0,0,0,0
aten::item,,,0.95,1.85,0,0,0,0
aten::_local_scalar_dense,,,0.9,0.9,0,0,0,0
aten::select,,,3.59,9.42,0,0,0,0
aten::as_strided,,,5.83,5.83,0,0,0,0
aten::slice,,,4.0,5.75,0,0,0,0
aten::as_strided,,,1.75,1.75,0,0,0,0
aten::slice,,,2.27,3.1,0,0,0,0
aten::as_strided,,,0.83,0.83,0,0,0,0
aten::sub,,,4.86,4.86,0,0,0,0
aten::add,,,5.68,15.56,0,0,0,0
aten::to,,,1.19,9.88,0,0,0,0
aten::_to_copy,,,2.95,8.69,0,0,0,0
aten::empty_strided,,,1.96,1.96,0,0,0,0
aten::copy_,,,3.78,3.78,0,0,0,0
aten::sub,,,4.25,10.54,0,0,0,0
aten::to,,,0.85,6.29,0,0,0,0
aten::_to_copy,,,2.06,5.44,0,0,0,0
aten::empty_strided,,,1.29,1.29,0,0,0,0
aten::copy_,,,2.09,2.09,0,0,0,0
aten::floor_divide,,,6.44,14.91,0,0,0,0
aten::to,,,0.74,6.97,0,0,0,0
aten::_to_copy,,,2.21,6.23,0,0,0,0
aten::empty_strided,,,1.74,1.74,0,0,0,0
aten::copy_,,,2.28,2.28,0,0,0,0
aten::empty,,,1.5,1.5,0,0,0,0
aten::resolve_conj,,,0.95,0.95,0,0,0,0
aten::resolve_neg,,,0.57,0.57,0,0,0,0
aten::arange,,,3.77,13.64,0,0,0,0
aten::empty,,,1.46,1.46,0,0,0,0
aten::arange,,,6.55,8.41,0,0,0,0
aten::resize_,,,1.86,1.86,0,0,0,0
aten::cat,,,5.49,5.49,0,0,0,0
aten::eq,,,6.63,6.63,0,0,0,0
aten::cumsum,,,5.84,13.77,0,0,0,0
aten::to,,,0.85,7.93,0,0,0,0
aten::_to_copy,,,2.26,7.08,0,0,0,0
aten::empty_strided,,,1.82,1.82,0,0,0,0
aten::copy_,,,3.0,3.0,0,0,0,0
aten::sub,,,3.24,3.24,0,0,0,0
aten::stack,,,2.98,21.35,0,0,0,0
aten::unsqueeze,,,1.9,3.78,0,0,0,0
aten::as_strided,,,1.88,1.88,0,0,0,0
aten::unsqueeze,,,0.82,1.42,0,0,0,0
aten::as_strided,,,0.6,0.6,0,0,0,0
aten::cat,,,7.48,13.17,0,0,0,0
aten::narrow,,,2.16,5.69,0,0,0,0
aten::slice,,,1.77,3.53,0,0,0,0
aten::as_strided,,,1.76,1.76,0,0,0,0
aten::to,,,1.21,8.77,0,0,0,0
aten::_to_copy,,,2.5,7.56,0,0,0,0
aten::empty_strided,,,2.09,2.09,0,0,0,0
aten::copy_,,,2.97,2.97,0,0,0,0
aten::empty,,,2.34,2.34,0,0,0,0
aten::to,,,0.68,0.68,0,0,0,0
aten::lift_fresh,,,0.81,0.81,0,0,0,0
aten::detach_,,,0.67,0.67,0,0,0,0
aten::slice,,,4.45,5.79,0,0,0,0
aten::as_strided,,,1.34,1.34,0,0,0,0
aten::slice,,,2.45,3.26,0,0,0,0
aten::as_strided,,,0.81,0.81,0,0,0,0
aten::sub,,,4.34,4.34,0,0,0,0
aten::add,,,4.94,12.74,0,0,0,0
aten::to,,,0.84,7.8,0,0,0,0
aten::_to_copy,,,2.44,6.96,0,0,0,0
aten::empty_strided,,,1.91,1.91,0,0,0,0
aten::copy_,,,2.61,2.61,0,0,0,0
aten::sub,,,4.38,10.19,0,0,0,0
aten::to,,,0.79,5.81,0,0,0,0
aten::_to_copy,,,1.85,5.02,0,0,0,0
aten::empty_strided,,,1.22,1.22,0,0,0,0
aten::copy_,,,1.95,1.95,0,0,0,0
aten::floor_divide,,,5.54,13.22,0,0,0,0
aten::to,,,0.72,6.51,0,0,0,0
aten::_to_copy,,,2.25,5.79,0,0,0,0
aten::empty_strided,,,1.45,1.45,0,0,0,0
aten::copy_,,,2.09,2.09,0,0,0,0
aten::empty,,,1.17,1.17,0,0,0,0
aten::cat,,,3.8,3.8,0,0,0,0
aten::cumsum,,,5.25,12.29,0,0,0,0
aten::to,,,0.82,7.04,0,0,0,0
aten::_to_copy,,,1.98,6.22,0,0,0,0
aten::empty_strided,,,1.36,1.36,0,0,0,0
aten::copy_,,,2.88,2.88,0,0,0,0
aten::empty,,,1.9,1.9,0,0,0,0
aten::to,,,0.58,0.58,0,0,0,0
aten::lift_fresh,,,0.73,0.73,0,0,0,0
aten::detach_,,,0.36,0.36,0,0,0,0
aten::slice,,,3.67,5.01,0,0,0,0
aten::as_strided,,,1.34,1.34,0,0,0,0
aten::slice,,,2.24,3.0,0,0,0,0
aten::as_strided,,,0.76,0.76,0,0,0,0
aten::sub,,,3.91,3.91,0,0,0,0
aten::add,,,4.42,11.29,0,0,0,0
aten::to,,,0.71,6.87,0,0,0,0
aten::_to_copy,,,2.18,6.16,0,0,0,0
aten::empty_strided,,,1.6,1.6,0,0,0,0
aten::copy_,,,2.38,2.38,0,0,0,0
aten::sub,,,3.94,9.97,0,0,0,0
aten::to,,,0.96,6.03,0,0,0,0
aten::_to_copy,,,1.9,5.07,0,0,0,0
aten::empty_strided,,,1.22,1.22,0,0,0,0
aten::copy_,,,1.95,1.95,0,0,0,0
aten::floor_divide,,,5.19,13.06,0,0,0,0
aten::to,,,1.0,6.64,0,0,0,0
aten::_to_copy,,,2.1,5.64,0,0,0,0
aten::empty_strided,,,1.4,1.4,0,0,0,0
aten::copy_,,,2.14,2.14,0,0,0,0
aten::empty,,,1.23,1.23,0,0,0,0
aten::add,,,3.95,9.65,0,0,0,0
aten::to,,,0.73,5.7,0,0,0,0
aten::_to_copy,,,1.94,4.97,0,0,0,0
aten::empty_strided,,,1.09,1.09,0,0,0,0
aten::copy_,,,1.94,1.94,0,0,0,0
aten::cat,,,3.6,3.6,0,0,0,0
aten::cumsum,,,4.74,11.76,0,0,0,0
aten::to,,,0.72,7.02,0,0,0,0
aten::_to_copy,,,1.96,6.3,0,0,0,0
aten::empty_strided,,,1.6,1.6,0,0,0,0
aten::copy_,,,2.74,2.74,0,0,0,0
aten::slice,,,3.65,4.99,0,0,0,0
aten::as_strided,,,1.34,1.34,0,0,0,0
aten::slice,,,2.11,3.05,0,0,0,0
aten::as_strided,,,0.94,0.94,0,0,0,0
aten::sub,,,3.57,3.57,0,0,0,0
aten::add,,,4.03,10.55,0,0,0,0
aten::to,,,0.79,6.52,0,0,0,0
aten::_to_copy,,,1.97,5.73,0,0,0,0
aten::empty_strided,,,1.4,1.4,0,0,0,0
aten::copy_,,,2.36,2.36,0,0,0,0
aten::sub,,,3.65,9.06,0,0,0,0
aten::to,,,0.65,5.41,0,0,0,0
aten::_to_copy,,,1.73,4.76,0,0,0,0
aten::empty_strided,,,1.12,1.12,0,0,0,0
aten::copy_,,,1.91,1.91,0,0,0,0
aten::floor_divide,,,4.75,12.5,0,0,0,0
aten::to,,,0.76,6.45,0,0,0,0
aten::_to_copy,,,2.1,5.69,0,0,0,0
aten::empty_strided,,,1.51,1.51,0,0,0,0
aten::copy_,,,2.08,2.08,0,0,0,0
aten::empty,,,1.3,1.3,0,0,0,0
aten::add,,,3.69,9.49,0,0,0,0
aten::to,,,0.73,5.8,0,0,0,0
aten::_to_copy,,,1.87,5.07,0,0,0,0
aten::empty_strided,,,1.16,1.16,0,0,0,0
aten::copy_,,,2.04,2.04,0,0,0,0
aten::cumsum,,,4.15,10.11,0,0,0,0
aten::to,,,0.64,5.96,0,0,0,0
aten::_to_copy,,,1.81,5.32,0,0,0,0
aten::empty_strided,,,1.19,1.19,0,0,0,0
aten::copy_,,,2.32,2.32,0,0,0,0
aten::sub,,,3.19,3.19,0,0,0,0
aten::slice,,,3.41,4.82,0,0,0,0
aten::as_strided,,,1.41,1.41,0,0,0,0
aten::slice,,,1.96,2.74,0,0,0,0
aten::as_strided,,,0.78,0.78,0,0,0,0
aten::sub,,,3.29,3.29,0,0,0,0
aten::add,,,4.17,11.05,0,0,0,0
aten::to,,,0.73,6.88,0,0,0,0
aten::_to_copy,,,2.25,6.15,0,0,0,0
aten::empty_strided,,,1.53,1.53,0,0,0,0
aten::copy_,,,2.37,2.37,0,0,0,0
aten::sub,,,3.67,9.29,0,0,0,0
aten::to,,,0.62,5.62,0,0,0,0
aten::_to_copy,,,1.9,5.0,0,0,0,0
aten::empty_strided,,,1.18,1.18,0,0,0,0
aten::copy_,,,1.92,1.92,0,0,0,0
aten::floor_divide,,,4.65,11.86,0,0,0,0
aten::to,,,0.73,5.97,0,0,0,0
aten::_to_copy,,,1.87,5.24,0,0,0,0
aten::empty_strided,,,1.25,1.25,0,0,0,0
aten::copy_,,,2.12,2.12,0,0,0,0
aten::empty,,,1.24,1.24,0,0,0,0
aten::resolve_conj,,,0.91,0.91,0,0,0,0
aten::resolve_neg,,,0.45,0.45,0,0,0,0
aten::arange,,,3.25,11.9,0,0,0,0
aten::empty,,,1.47,1.47,0,0,0,0
aten::arange,,,5.26,7.18,0,0,0,0
aten::resize_,,,1.92,1.92,0,0,0,0
aten::cat,,,4.2,4.2,0,0,0,0
aten::eq,,,6.08,6.08,0,0,0,0
aten::cumsum,,,4.83,12.64,0,0,0,0
aten::to,,,0.84,7.81,0,0,0,0
aten::_to_copy,,,2.39,6.97,0,0,0,0
aten::empty_strided,,,1.76,1.76,0,0,0,0
aten::copy_,,,2.82,2.82,0,0,0,0
aten::sub,,,3.16,3.16,0,0,0,0
aten::stack,,,2.73,18.86,0,0,0,0
aten::unsqueeze,,,1.6,3.31,0,0,0,0
aten::as_strided,,,1.71,1.71,0,0,0,0
aten::unsqueeze,,,0.85,1.54,0,0,0,0
aten::as_strided,,,0.69,0.69,0,0,0,0
aten::cat,,,6.35,11.28,0,0,0,0
aten::narrow,,,2.16,4.93,0,0,0,0
aten::slice,,,1.58,2.77,0,0,0,0
aten::as_strided,,,1.19,1.19,0,0,0,0
aten::to,,,1.05,7.85,0,0,0,0
aten::_to_copy,,,2.11,6.8,0,0,0,0
aten::empty_strided,,,1.93,1.93,0,0,0,0
aten::copy_,,,2.76,2.76,0,0,0,0
aten::slice,,,3.83,5.03,0,0,0,0
aten::as_strided,,,1.2,1.2,0,0,0,0
aten::slice,,,2.04,2.74,0,0,0,0
aten::as_strided,,,0.7,0.7,0,0,0,0
aten::sub,,,3.47,3.47,0,0,0,0
aten::add,,,4.75,11.55,0,0,0,0
aten::to,,,0.84,6.8,0,0,0,0
aten::_to_copy,,,2.06,5.96,0,0,0,0
aten::empty_strided,,,1.45,1.45,0,0,0,0
aten::copy_,,,2.45,2.45,0,0,0,0
aten::sub,,,3.61,9.81,0,0,0,0
aten::to,,,0.76,6.2,0,0,0,0
aten::_to_copy,,,1.97,5.44,0,0,0,0
aten::empty_strided,,,1.33,1.33,0,0,0,0
aten::copy_,,,2.14,2.14,0,0,0,0
aten::floor_divide,,,5.06,13.33,0,0,0,0
aten::to,,,0.8,6.87,0,0,0,0
aten::_to_copy,,,2.36,6.07,0,0,0,0
aten::empty_strided,,,1.69,1.69,0,0,0,0
aten::copy_,,,2.02,2.02,0,0,0,0
aten::empty,,,1.4,1.4,0,0,0,0
aten::resolve_conj,,,0.69,0.69,0,0,0,0
aten::resolve_neg,,,0.43,0.43,0,0,0,0
aten::arange,,,2.73,10.43,0,0,0,0
aten::empty,,,1.37,1.37,0,0,0,0
aten::arange,,,4.77,6.33,0,0,0,0
aten::resize_,,,1.56,1.56,0,0,0,0
aten::cat,,,3.96,3.96,0,0,0,0
aten::eq,,,5.63,5.63,0,0,0,0
aten::cumsum,,,4.79,12.78,0,0,0,0
aten::to,,,1.01,7.99,0,0,0,0
aten::_to_copy,,,2.53,6.98,0,0,0,0
aten::empty_strided,,,1.73,1.73,0,0,0,0
aten::copy_,,,2.72,2.72,0,0,0,0
aten::sub,,,2.98,2.98,0,0,0,0
aten::stack,,,2.61,19.09,0,0,0,0
aten::unsqueeze,,,1.49,3.16,0,0,0,0
aten::as_strided,,,1.67,1.67,0,0,0,0
aten::unsqueeze,,,0.83,1.44,0,0,0,0
aten::as_strided,,,0.61,0.61,0,0,0,0
aten::cat,,,6.45,11.88,0,0,0,0
aten::narrow,,,1.95,5.43,0,0,0,0
aten::slice,,,1.69,3.48,0,0,0,0
aten::as_strided,,,1.79,1.79,0,0,0,0
aten::to,,,1.16,7.93,0,0,0,0
aten::_to_copy,,,2.37,6.77,0,0,0,0
aten::empty_strided,,,1.76,1.76,0,0,0,0
aten::copy_,,,2.64,2.64,0,0,0,0
aten::to,,,1.02,8.08,0,0,0,0
aten::_to_copy,,,2.53,7.06,0,0,0,0
aten::empty_strided,,,1.35,1.35,0,0,0,0
aten::copy_,,,3.18,3.18,0,0,0,0
aten::reshape,,,1.77,3.74,0,0,0,0
aten::view,,,1.97,1.97,0,0,0,0
aten::resolve_conj,,,0.71,0.71,0,0,0,0
aten::resolve_neg,,,0.53,0.53,0,0,0,0
aten::empty,,,2.07,2.07,0,0,0,0
aten::to,,,0.67,0.67,0,0,0,0
aten::lift_fresh,,,0.8,0.8,0,0,0,0
aten::detach_,,,0.46,0.46,0,0,0,0
aten::slice,,,1.55,2.85,0,0,0,0
aten::as_strided,,,1.3,1.3,0,0,0,0
aten::slice,,,0.99,1.82,0,0,0,0
aten::as_strided,,,0.83,0.83,0,0,0,0
aten::sub,,,4.3,4.3,0,0,0,0
aten::gt,,,5.76,5.76,0,0,0,0
aten::all,,,5.21,11.91,0,0,0,0
aten::view_as,,,1.61,3.02,0,0,0,0
aten::view,,,1.41,1.41,0,0,0,0
aten::to,,,0.54,0.54,0,0,0,0
aten::copy_,,,3.14,3.14,0,0,0,0
aten::is_nonzero,,,1.63,4.03,0,0,0,0
aten::item,,,1.36,2.4,0,0,0,0
aten::_local_scalar_dense,,,1.04,1.04,0,0,0,0
aten::to,,,1.3,18.19,0,0,0,0
aten::_to_copy,,,10.0,16.89,0,0,0,0
aten::empty_strided,,,3.15,3.15,0,0,0,0
aten::copy_,,,3.74,3.74,0,0,0,0
aten::reshape,,,1.39,3.02,0,0,0,0
aten::view,,,1.63,1.63,0,0,0,0
aten::resolve_conj,,,1.01,1.01,0,0,0,0
aten::resolve_neg,,,0.63,0.63,0,0,0,0
aten::to,,,2.44,171.51,0,0,0,0
aten::_to_copy,,,7.4,169.07,0,0,0,0
aten::empty_strided,,,12.53,21.26,0,0,0,0
empty_tensor,,,8.73,8.73,0,0,0,0
aten::copy_,,,122.07,140.41,0,0,0,0
acl_memcpy_host_to_device,,,18.34,18.34,0,0,0,0
aten::to,,,3.39,129.53,0,0,0,0
aten::_to_copy,,,6.02,126.14,0,0,0,0
aten::empty_strided,,,11.46,31.0,0,0,0,0
empty_tensor,,,19.54,19.54,0,0,0,0
aten::copy_,,,75.6,89.12,0,0,0,0
acl_memcpy_host_to_device,,,13.52,13.52,0,0,0,0
aten::to,,,2.34,111.4,0,0,0,0
aten::_to_copy,,,5.28,109.06,0,0,0,0
aten::empty_strided,,,14.55,24.45,0,0,0,0
empty_tensor,,,9.9,9.9,0,0,0,0
aten::copy_,,,67.48,79.33,0,0,0,0
acl_memcpy_host_to_device,,,11.85,11.85,0,0,0,0
aten::to,,,2.46,103.18,0,0,0,0
aten::_to_copy,,,4.9,100.72,0,0,0,0
aten::empty_strided,,,10.19,16.25,0,0,0,0
empty_tensor,,,6.06,6.06,0,0,0,0
aten::copy_,,,65.41,79.57,0,0,0,0
acl_memcpy_host_to_device,,,14.16,14.16,0,0,0,0
aten::to,,,2.48,118.96,0,0,0,0
aten::_to_copy,,,4.77,116.48,0,0,0,0
aten::empty_strided,,,9.03,34.25,0,0,0,0
empty_tensor,,,25.22,25.22,0,0,0,0
aten::copy_,,,64.92,77.46,0,0,0,0
acl_memcpy_host_to_device,,,12.54,12.54,0,0,0,0
aten::to,,,2.73,84.86,0,0,0,0
aten::_to_copy,,,4.68,82.13,0,0,0,0
aten::empty_strided,,,7.93,13.05,0,0,0,0
empty_tensor,,,5.12,5.12,0,0,0,0
aten::copy_,,,53.17,64.4,0,0,0,0
acl_memcpy_host_to_device,,,11.23,11.23,0,0,0,0
aten::slice,,,8.08,14.21,0,0,0,0
aten::as_strided,,,6.13,6.13,0,0,0,0
aten::slice,,,3.2,5.67,0,0,0,0
aten::as_strided,,,2.47,2.47,0,0,0,0
aten::sub,,,23.61,46.53,0,1.3000625,0,0
empty_tensor,,,8.59,8.59,0,0,0,0
aclnnSub,,,14.33,14.33,1.3000625,1.3000625,0,0
aten::sub,,,15.77,47.77,0,1.34003125,0,0
empty_tensor,,,6.69,6.69,0,0,0,0
aclnnSub,,,25.31,25.31,1.34003125,1.34003125,0,0
aten::gt,,,17.85,35.14,0,3.54009375,0,0
empty_tensor,,,6.71,6.71,0,0,0,0
aclnnGtScalar,,,10.58,10.58,3.54009375,3.54009375,0,0
aten::slice,,,6.45,13.05,0,0,0,0
aten::as_strided,,,6.6,6.6,0,0,0,0
aten::slice,,,6.25,8.88,0,0,0,0
aten::as_strided,,,2.63,2.63,0,0,0,0
aten::slice,,,2.77,7.13,0,0,0,0
aten::as_strided,,,4.36,4.36,0,0,0,0
aten::slice,,,2.87,6.0,0,0,0,0
aten::as_strided,,,3.13,3.13,0,0,0,0
aten::slice,,,2.53,4.92,0,0,0,0
aten::as_strided,,,2.39,2.39,0,0,0,0
aten::slice,,,2.8,5.25,0,0,0,0
aten::as_strided,,,2.45,2.45,0,0,0,0
aten::fill_,,,18.14,36.95,0,0,0,0
aclnnInplaceFillScalar,,,18.81,18.81,0,0,0,0
aten::slice,,,4.33,7.82,0,0,0,0
aten::as_strided,,,3.49,3.49,0,0,0,0
aten::fill_,,,10.76,21.37,0,0,0,0
aclnnInplaceFillScalar,,,10.61,10.61,0,0,0,0
aten::diff,,,6.5,31.71,0,0,0,0
aten::narrow,,,5.15,9.9,0,0,0,0
aten::slice,,,2.38,4.75,0,0,0,0
aten::as_strided,,,2.37,2.37,0,0,0,0
aten::narrow,,,2.25,4.3,0,0,0,0
aten::slice,,,1.08,2.05,0,0,0,0
aten::as_strided,,,0.97,0.97,0,0,0,0
aten::sub,,,11.01,11.01,0,0,0,0
aten::eq,,,11.03,24.83,0,0,0,0
aten::to,,,1.51,13.8,0,0,0,0
aten::_to_copy,,,4.25,12.29,0,0,0,0
aten::empty_strided,,,2.77,2.77,0,0,0,0
aten::copy_,,,5.27,5.27,0,0,0,0
aten::__and__,,,2.02,5.79,0,0,0,0
aten::bitwise_and,,,3.77,3.77,0,0,0,0
aten::gt,,,7.16,15.04,0,0,0,0
aten::to,,,1.18,7.88,0,0,0,0
aten::_to_copy,,,2.69,6.7,0,0,0,0
aten::empty_strided,,,1.53,1.53,0,0,0,0
aten::copy_,,,2.48,2.48,0,0,0,0
aten::__and__,,,1.26,4.55,0,0,0,0
aten::bitwise_and,,,3.29,3.29,0,0,0,0
aten::any,,,4.92,12.01,0,0,0,0
aten::view_as,,,1.93,3.78,0,0,0,0
aten::view,,,1.85,1.85,0,0,0,0
aten::to,,,0.73,0.73,0,0,0,0
aten::copy_,,,2.58,2.58,0,0,0,0
aten::item,,,1.77,3.07,0,0,0,0
aten::_local_scalar_dense,,,1.3,1.3,0,0,0,0
aten::slice,,,5.0,7.47,0,0,0,0
aten::as_strided,,,2.47,2.47,0,0,0,0
aten::slice,,,2.44,3.35,0,0,0,0
aten::as_strided,,,0.91,0.91,0,0,0,0
aten::sub,,,4.52,4.52,0,0,0,0
aten::select,,,3.15,4.1,0,0,0,0
aten::as_strided,,,0.95,0.95,0,0,0,0
aten::item,,,1.03,2.14,0,0,0,0
aten::_local_scalar_dense,,,1.11,1.11,0,0,0,0
aten::select,,,3.81,11.01,0,0,0,0
aten::as_strided,,,7.2,7.2,0,0,0,0
aten::slice,,,4.33,5.77,0,0,0,0
aten::as_strided,,,1.44,1.44,0,0,0,0
aten::slice,,,2.34,3.14,0,0,0,0
aten::as_strided,,,0.8,0.8,0,0,0,0
aten::sub,,,5.0,5.0,0,0,0,0
aten::add,,,6.16,16.16,0,0,0,0
aten::to,,,1.17,10.0,0,0,0,0
aten::_to_copy,,,2.85,8.83,0,0,0,0
aten::empty_strided,,,2.59,2.59,0,0,0,0
aten::copy_,,,3.39,3.39,0,0,0,0
aten::sub,,,4.21,11.23,0,0,0,0
aten::to,,,0.78,7.02,0,0,0,0
aten::_to_copy,,,2.09,6.24,0,0,0,0
aten::empty_strided,,,2.0,2.0,0,0,0,0
aten::copy_,,,2.15,2.15,0,0,0,0
aten::floor_divide,,,6.45,14.81,0,0,0,0
aten::to,,,0.96,6.69,0,0,0,0
aten::_to_copy,,,2.14,5.73,0,0,0,0
aten::empty_strided,,,1.41,1.41,0,0,0,0
aten::copy_,,,2.18,2.18,0,0,0,0
aten::empty,,,1.67,1.67,0,0,0,0
aten::resolve_conj,,,1.31,1.31,0,0,0,0
aten::resolve_neg,,,0.57,0.57,0,0,0,0
aten::arange,,,4.07,13.67,0,0,0,0
aten::empty,,,1.66,1.66,0,0,0,0
aten::arange,,,6.07,7.94,0,0,0,0
aten::resize_,,,1.87,1.87,0,0,0,0
aten::cat,,,5.44,5.44,0,0,0,0
aten::eq,,,6.07,6.07,0,0,0,0
aten::cumsum,,,5.72,13.58,0,0,0,0
aten::to,,,0.95,7.86,0,0,0,0
aten::_to_copy,,,2.46,6.91,0,0,0,0
aten::empty_strided,,,1.55,1.55,0,0,0,0
aten::copy_,,,2.9,2.9,0,0,0,0
aten::sub,,,3.47,3.47,0,0,0,0
aten::stack,,,3.13,22.73,0,0,0,0
aten::unsqueeze,,,2.23,3.77,0,0,0,0
aten::as_strided,,,1.54,1.54,0,0,0,0
aten::unsqueeze,,,0.92,2.14,0,0,0,0
aten::as_strided,,,1.22,1.22,0,0,0,0
aten::cat,,,7.71,13.69,0,0,0,0
aten::narrow,,,2.5,5.98,0,0,0,0
aten::slice,,,1.77,3.48,0,0,0,0
aten::as_strided,,,1.71,1.71,0,0,0,0
aten::to,,,1.23,8.21,0,0,0,0
aten::_to_copy,,,2.34,6.98,0,0,0,0
aten::empty_strided,,,1.88,1.88,0,0,0,0
aten::copy_,,,2.76,2.76,0,0,0,0
aten::empty,,,2.17,2.17,0,0,0,0
aten::to,,,0.55,0.55,0,0,0,0
aten::lift_fresh,,,0.77,0.77,0,0,0,0
aten::detach_,,,0.56,0.56,0,0,0,0
aten::slice,,,4.3,5.43,0,0,0,0
aten::as_strided,,,1.13,1.13,0,0,0,0
aten::slice,,,2.21,3.06,0,0,0,0
aten::as_strided,,,0.85,0.85,0,0,0,0
aten::sub,,,4.78,4.78,0,0,0,0
aten::add,,,5.14,13.23,0,0,0,0
aten::to,,,0.84,8.09,0,0,0,0
aten::_to_copy,,,2.31,7.25,0,0,0,0
aten::empty_strided,,,2.1,2.1,0,0,0,0
aten::copy_,,,2.84,2.84,0,0,0,0
aten::sub,,,4.53,10.49,0,0,0,0
aten::to,,,0.66,5.96,0,0,0,0
aten::_to_copy,,,2.1,5.3,0,0,0,0
aten::empty_strided,,,1.2,1.2,0,0,0,0
aten::copy_,,,2.0,2.0,0,0,0,0
aten::floor_divide,,,5.55,13.2,0,0,0,0
aten::to,,,0.73,6.23,0,0,0,0
aten::_to_copy,,,2.14,5.5,0,0,0,0
aten::empty_strided,,,1.33,1.33,0,0,0,0
aten::copy_,,,2.03,2.03,0,0,0,0
aten::empty,,,1.42,1.42,0,0,0,0
aten::cat,,,3.7,3.7,0,0,0,0
aten::cumsum,,,5.41,13.07,0,0,0,0
aten::to,,,0.81,7.66,0,0,0,0
aten::_to_copy,,,2.18,6.85,0,0,0,0
aten::empty_strided,,,1.94,1.94,0,0,0,0
aten::copy_,,,2.73,2.73,0,0,0,0
aten::empty,,,1.73,1.73,0,0,0,0
aten::to,,,0.63,0.63,0,0,0,0
aten::lift_fresh,,,0.9,0.9,0,0,0,0
aten::detach_,,,0.34,0.34,0,0,0,0
aten::slice,,,3.79,5.19,0,0,0,0
aten::as_strided,,,1.4,1.4,0,0,0,0
aten::slice,,,1.94,2.77,0,0,0,0
aten::as_strided,,,0.83,0.83,0,0,0,0
aten::sub,,,3.83,3.83,0,0,0,0
aten::add,,,4.72,12.48,0,0,0,0
aten::to,,,0.8,7.76,0,0,0,0
aten::_to_copy,,,2.32,6.96,0,0,0,0
aten::empty_strided,,,2.25,2.25,0,0,0,0
aten::copy_,,,2.39,2.39,0,0,0,0
aten::sub,,,4.26,10.12,0,0,0,0
aten::to,,,0.78,5.86,0,0,0,0
aten::_to_copy,,,1.88,5.08,0,0,0,0
aten::empty_strided,,,1.13,1.13,0,0,0,0
aten::copy_,,,2.07,2.07,0,0,0,0
aten::floor_divide,,,4.92,12.54,0,0,0,0
aten::to,,,0.9,6.45,0,0,0,0
aten::_to_copy,,,2.2,5.55,0,0,0,0
aten::empty_strided,,,1.28,1.28,0,0,0,0
aten::copy_,,,2.07,2.07,0,0,0,0
aten::empty,,,1.17,1.17,0,0,0,0
aten::add,,,3.99,10.16,0,0,0,0
aten::to,,,0.81,6.17,0,0,0,0
aten::_to_copy,,,1.86,5.36,0,0,0,0
aten::empty_strided,,,1.57,1.57,0,0,0,0
aten::copy_,,,1.93,1.93,0,0,0,0
aten::cat,,,3.54,3.54,0,0,0,0
aten::cumsum,,,4.82,11.69,0,0,0,0
aten::to,,,0.93,6.87,0,0,0,0
aten::_to_copy,,,2.09,5.94,0,0,0,0
aten::empty_strided,,,1.2,1.2,0,0,0,0
aten::copy_,,,2.65,2.65,0,0,0,0
aten::slice,,,3.7,4.95,0,0,0,0
aten::as_strided,,,1.25,1.25,0,0,0,0
aten::slice,,,1.92,2.68,0,0,0,0
aten::as_strided,,,0.76,0.76,0,0,0,0
aten::sub,,,3.5,3.5,0,0,0,0
aten::add,,,4.59,11.82,0,0,0,0
aten::to,,,0.81,7.23,0,0,0,0
aten::_to_copy,,,2.47,6.42,0,0,0,0
aten::empty_strided,,,1.74,1.74,0,0,0,0
aten::copy_,,,2.21,2.21,0,0,0,0
aten::sub,,,3.68,9.23,0,0,0,0
aten::to,,,0.68,5.55,0,0,0,0
aten::_to_copy,,,1.9,4.87,0,0,0,0
aten::empty_strided,,,1.15,1.15,0,0,0,0
aten::copy_,,,1.82,1.82,0,0,0,0
aten::floor_divide,,,5.04,12.35,0,0,0,0
aten::to,,,0.84,5.9,0,0,0,0
aten::_to_copy,,,1.83,5.06,0,0,0,0
aten::empty_strided,,,1.17,1.17,0,0,0,0
aten::copy_,,,2.06,2.06,0,0,0,0
aten::empty,,,1.41,1.41,0,0,0,0
aten::add,,,3.87,9.92,0,0,0,0
aten::to,,,0.72,6.05,0,0,0,0
aten::_to_copy,,,1.91,5.33,0,0,0,0
aten::empty_strided,,,1.38,1.38,0,0,0,0
aten::copy_,,,2.04,2.04,0,0,0,0
aten::cumsum,,,4.77,33.36,0,0,0,0
aten::to,,,0.74,28.59,0,0,0,0
aten::_to_copy,,,22.77,27.85,0,0,0,0
aten::empty_strided,,,1.93,1.93,0,0,0,0
aten::copy_,,,3.15,3.15,0,0,0,0
aten::sub,,,3.45,3.45,0,0,0,0
aten::slice,,,4.21,5.64,0,0,0,0
aten::as_strided,,,1.43,1.43,0,0,0,0
aten::slice,,,2.19,3.16,0,0,0,0
aten::as_strided,,,0.97,0.97,0,0,0,0
aten::sub,,,3.56,3.56,0,0,0,0
aten::add,,,4.14,11.31,0,0,0,0
aten::to,,,0.95,7.17,0,0,0,0
aten::_to_copy,,,2.17,6.22,0,0,0,0
aten::empty_strided,,,1.74,1.74,0,0,0,0
aten::copy_,,,2.31,2.31,0,0,0,0
aten::sub,,,3.86,9.5,0,0,0,0
aten::to,,,0.75,5.64,0,0,0,0
aten::_to_copy,,,1.91,4.89,0,0,0,0
aten::empty_strided,,,1.19,1.19,0,0,0,0
aten::copy_,,,1.79,1.79,0,0,0,0
aten::floor_divide,,,5.05,12.56,0,0,0,0
aten::to,,,0.89,6.31,0,0,0,0
aten::_to_copy,,,1.98,5.42,0,0,0,0
aten::empty_strided,,,1.26,1.26,0,0,0,0
aten::copy_,,,2.18,2.18,0,0,0,0
aten::empty,,,1.2,1.2,0,0,0,0
aten::resolve_conj,,,0.99,0.99,0,0,0,0
aten::resolve_neg,,,0.52,0.52,0,0,0,0
aten::arange,,,3.63,13.03,0,0,0,0
aten::empty,,,1.5,1.5,0,0,0,0
aten::arange,,,5.69,7.9,0,0,0,0
aten::resize_,,,2.21,2.21,0,0,0,0
aten::cat,,,4.05,4.05,0,0,0,0
aten::eq,,,6.33,6.33,0,0,0,0
aten::cumsum,,,5.18,13.14,0,0,0,0
aten::to,,,0.96,7.96,0,0,0,0
aten::_to_copy,,,2.26,7.0,0,0,0,0
aten::empty_strided,,,1.78,1.78,0,0,0,0
aten::copy_,,,2.96,2.96,0,0,0,0
aten::sub,,,3.12,3.12,0,0,0,0
aten::stack,,,2.81,19.98,0,0,0,0
aten::unsqueeze,,,1.68,3.45,0,0,0,0
aten::as_strided,,,1.77,1.77,0,0,0,0
aten::unsqueeze,,,0.86,1.58,0,0,0,0
aten::as_strided,,,0.72,0.72,0,0,0,0
aten::cat,,,6.87,12.14,0,0,0,0
aten::narrow,,,2.47,5.27,0,0,0,0
aten::slice,,,1.52,2.8,0,0,0,0
aten::as_strided,,,1.28,1.28,0,0,0,0
aten::to,,,1.2,8.06,0,0,0,0
aten::_to_copy,,,2.16,6.86,0,0,0,0
aten::empty_strided,,,1.83,1.83,0,0,0,0
aten::copy_,,,2.87,2.87,0,0,0,0
aten::slice,,,3.74,5.0,0,0,0,0
aten::as_strided,,,1.26,1.26,0,0,0,0
aten::slice,,,2.21,2.98,0,0,0,0
aten::as_strided,,,0.77,0.77,0,0,0,0
aten::sub,,,4.06,4.06,0,0,0,0
aten::add,,,4.44,11.29,0,0,0,0
aten::to,,,0.91,6.85,0,0,0,0
aten::_to_copy,,,2.17,5.94,0,0,0,0
aten::empty_strided,,,1.4,1.4,0,0,0,0
aten::copy_,,,2.37,2.37,0,0,0,0
aten::sub,,,3.66,9.52,0,0,0,0
aten::to,,,0.8,5.86,0,0,0,0
aten::_to_copy,,,1.92,5.06,0,0,0,0
aten::empty_strided,,,1.25,1.25,0,0,0,0
aten::copy_,,,1.89,1.89,0,0,0,0
aten::floor_divide,,,4.9,12.78,0,0,0,0
aten::to,,,0.78,6.27,0,0,0,0
aten::_to_copy,,,2.05,5.49,0,0,0,0
aten::empty_strided,,,1.48,1.48,0,0,0,0
aten::copy_,,,1.96,1.96,0,0,0,0
aten::empty,,,1.61,1.61,0,0,0,0
aten::resolve_conj,,,0.93,0.93,0,0,0,0
aten::resolve_neg,,,0.48,0.48,0,0,0,0
aten::arange,,,2.97,10.58,0,0,0,0
aten::empty,,,1.31,1.31,0,0,0,0
aten::arange,,,4.88,6.3,0,0,0,0
aten::resize_,,,1.42,1.42,0,0,0,0
aten::cat,,,3.49,3.49,0,0,0,0
aten::eq,,,5.76,5.76,0,0,0,0
aten::cumsum,,,4.96,13.22,0,0,0,0
aten::to,,,1.0,8.26,0,0,0,0
aten::_to_copy,,,2.56,7.26,0,0,0,0
aten::empty_strided,,,1.83,1.83,0,0,0,0
aten::copy_,,,2.87,2.87,0,0,0,0
aten::sub,,,3.17,3.17,0,0,0,0
aten::stack,,,2.48,19.2,0,0,0,0
aten::unsqueeze,,,1.42,3.0,0,0,0,0
aten::as_strided,,,1.58,1.58,0,0,0,0
aten::unsqueeze,,,0.87,1.49,0,0,0,0
aten::as_strided,,,0.62,0.62,0,0,0,0
aten::cat,,,6.81,12.23,0,0,0,0
aten::narrow,,,2.25,5.42,0,0,0,0
aten::slice,,,1.4,3.17,0,0,0,0
aten::as_strided,,,1.77,1.77,0,0,0,0
aten::to,,,1.23,7.83,0,0,0,0
aten::_to_copy,,,2.2,6.6,0,0,0,0
aten::empty_strided,,,1.82,1.82,0,0,0,0
aten::copy_,,,2.58,2.58,0,0,0,0
aten::to,,,1.03,8.41,0,0,0,0
aten::_to_copy,,,2.23,7.38,0,0,0,0
aten::empty_strided,,,1.8,1.8,0,0,0,0
aten::copy_,,,3.35,3.35,0,0,0,0
aten::reshape,,,1.61,3.32,0,0,0,0
aten::view,,,1.71,1.71,0,0,0,0
aten::resolve_conj,,,0.65,0.65,0,0,0,0
aten::resolve_neg,,,0.37,0.37,0,0,0,0
aten::empty,,,2.25,2.25,0,0,0,0
aten::to,,,0.64,0.64,0,0,0,0
aten::lift_fresh,,,0.73,0.73,0,0,0,0
aten::detach_,,,0.57,0.57,0,0,0,0
aten::slice,,,1.63,2.97,0,0,0,0
aten::as_strided,,,1.34,1.34,0,0,0,0
aten::slice,,,1.13,2.0,0,0,0,0
aten::as_strided,,,0.87,0.87,0,0,0,0
aten::sub,,,4.55,4.55,0,0,0,0
aten::gt,,,6.26,6.26,0,0,0,0
aten::all,,,5.7,12.64,0,0,0,0
aten::view_as,,,1.52,2.92,0,0,0,0
aten::view,,,1.4,1.4,0,0,0,0
aten::to,,,0.69,0.69,0,0,0,0
aten::copy_,,,3.33,3.33,0,0,0,0
aten::is_nonzero,,,1.76,4.63,0,0,0,0
aten::item,,,1.78,2.87,0,0,0,0
aten::_local_scalar_dense,,,1.09,1.09,0,0,0,0
aten::to,,,1.36,17.75,0,0,0,0
aten::_to_copy,,,9.85,16.39,0,0,0,0
aten::empty_strided,,,2.8,2.8,0,0,0,0
aten::copy_,,,3.74,3.74,0,0,0,0
aten::reshape,,,1.59,2.95,0,0,0,0
aten::view,,,1.36,1.36,0,0,0,0
aten::resolve_conj,,,0.78,0.78,0,0,0,0
aten::resolve_neg,,,0.6,0.6,0,0,0,0
aten::to,,,2.63,267.1,0,0,0,0
aten::_to_copy,,,7.1,264.47,0,0,0,0
aten::empty_strided,,,12.6,21.9,0,0,0,0
empty_tensor,,,9.3,9.3,0,0,0,0
aten::copy_,,,213.08,235.47,0,0,0,0
acl_memcpy_host_to_device,,,22.39,22.39,0,0,0,0
aten::to,,,5.19,136.52,0,0,0,0
aten::_to_copy,,,6.11,131.33,0,0,0,0
aten::empty_strided,,,10.63,18.03,0,0,0,0
empty_tensor,,,7.4,7.4,0,0,0,0
aten::copy_,,,92.19,107.19,0,0,0,0
acl_memcpy_host_to_device,,,15.0,15.0,0,0,0,0
aten::to,,,2.49,123.04,0,0,0,0
aten::_to_copy,,,5.03,120.55,0,0,0,0
aten::empty_strided,,,10.08,26.65,0,0,0,0
empty_tensor,,,16.57,16.57,0,0,0,0
aten::copy_,,,77.88,88.87,0,0,0,0
acl_memcpy_host_to_device,,,10.99,10.99,0,0,0,0
aten::to,,,2.37,123.03,0,0,0,0
aten::_to_copy,,,4.8,120.66,0,0,0,0
aten::empty_strided,,,8.04,18.33,0,0,0,0
empty_tensor,,,10.29,10.29,0,0,0,0
aten::copy_,,,70.21,97.53,0,0,0,0
acl_memcpy_host_to_device,,,27.32,27.32,0,0,0,0
aten::to,,,2.27,100.96,0,0,0,0
aten::_to_copy,,,5.07,98.69,0,0,0,0
aten::empty_strided,,,9.11,14.37,0,0,0,0
empty_tensor,,,5.26,5.26,0,0,0,0
aten::copy_,,,67.35,79.25,0,0,0,0
acl_memcpy_host_to_device,,,11.9,11.9,0,0,0,0
aten::to,,,2.82,87.73,0,0,0,0
aten::_to_copy,,,4.64,84.91,0,0,0,0
aten::empty_strided,,,7.94,13.21,0,0,0,0
empty_tensor,,,5.27,5.27,0,0,0,0
aten::copy_,,,55.79,67.06,0,0,0,0
acl_memcpy_host_to_device,,,11.27,11.27,0,0,0,0
aten::slice,,,8.28,14.66,0,0,0,0
aten::as_strided,,,6.38,6.38,0,0,0,0
aten::slice,,,2.84,5.83,0,0,0,0
aten::as_strided,,,2.99,2.99,0,0,0,0
aten::sub,,,23.27,47.6,0,1.4,0,0
empty_tensor,,,9.13,9.13,0,0,0,0
aclnnSub,,,15.2,15.2,1.4,1.4,0,0
aten::sub,,,16.61,27.89,0,1.36003125,0,0
empty_tensor,,,7.08,7.08,0,0,0,0
aclnnSub,,,4.2,4.2,1.36003125,1.36003125,0,0
aten::gt,,,15.69,24.51,0,3.7800312500000004,0,0
empty_tensor,,,6.09,6.09,0,0,0,0
aclnnGtScalar,,,2.73,2.73,3.7800312500000004,3.7800312500000004,0,0
aten::slice,,,6.07,11.68,0,0,0,0
aten::as_strided,,,5.61,5.61,0,0,0,0
Event::record,,,175.09,199.17,0,0.0,0,0
record_event,,,24.08,24.08,0.0,0.0,0,0
aten::slice,,,8.49,16.28,0,0,0,0
aten::as_strided,,,7.79,7.79,0,0,0,0
aten::slice,,,3.69,7.17,0,0,0,0
aten::as_strided,,,3.48,3.48,0,0,0,0
aten::slice,,,6.43,13.85,0,0,0,0
aten::as_strided,,,7.42,7.42,0,0,0,0
aten::scalar_tensor,,,11.22,62.26,0,1.46003125,0,0
aten::empty,,,3.69,15.44,0,0,0,0
empty_tensor,,,11.75,11.75,0,0,0,0
aten::fill_,,,17.59,35.6,0,1.46003125,0,0
aclnnInplaceFillScalar,,,18.01,18.01,1.46003125,1.46003125,0,0
aten::view,,,5.26,5.26,0,0,0,0
aten::expand,,,4.29,7.19,0,0,0,0
aten::as_strided,,,2.9,2.9,0,0,0,0
aten::copy_,,,23.92,48.93,0,4.5400624999999994,0,0
aclnnInplaceCopy,,,25.01,25.01,4.5400624999999994,4.5400624999999994,0,0
aten::scalar_tensor,,,4.37,43.28,0,1.30003125,0,0
aten::empty,,,2.25,8.84,0,0,0,0
empty_tensor,,,6.59,6.59,0,0,0,0
aten::fill_,,,26.54,30.07,0,1.30003125,0,0
aclnnInplaceFillScalar,,,3.53,3.53,1.30003125,1.30003125,0,0
aten::slice,,,6.28,11.01,0,0,0,0
aten::as_strided,,,4.73,4.73,0,0,0,0
aten::view,,,2.62,2.62,0,0,0,0
aten::expand,,,1.8,3.64,0,0,0,0
aten::as_strided,,,1.84,1.84,0,0,0,0
aten::copy_,,,2.24,2.24,0,0,0,0
aten::to,,,2.68,62.28,0,1.36003125,0,0
aten::_to_copy,,,6.19,59.6,0,1.36003125,0,0
aten::empty_strided,,,10.54,17.76,0,0,0,0
empty_tensor,,,7.22,7.22,0,0,0,0
aten::copy_,,,20.64,35.65,0,1.36003125,0,0
aclnnInplaceCopy,,,15.01,15.01,1.36003125,1.36003125,0,0
aten::embedding,,,17.25,41.01,0,8.48015625,0,0
empty_tensor,,,11.19,11.19,0,0,0,0
aclnnEmbedding,,,12.57,12.57,8.48015625,8.48015625,0,0
aten::unsqueeze,,,4.79,10.22,0,0,0,0
aten::as_strided,,,5.43,5.43,0,0,0,0
aten::expand,,,2.89,7.31,0,0,0,0
aten::as_strided,,,4.42,4.42,0,0,0,0
aten::contiguous,,,7.93,51.87,0,8.88015625,0,0
aten::clone,,,4.9,43.94,0,8.88015625,0,0
empty_tensor,,,9.28,9.28,0,0,0,0
aten::copy_,,,17.45,29.76,0,8.88015625,0,0
aclnnInplaceCopy,,,12.31,12.31,8.88015625,8.88015625,0,0
_C_ascend::npu_hc_pre_v2,,,83.27,143.7,0,67.98134375,0,0
aten::empty,,,3.22,13.74,0,0,0,0
empty_tensor,,,10.52,10.52,0,0,0,0
aten::empty,,,1.6,7.03,0,0,0,0
empty_tensor,,,5.43,5.43,0,0,0,0
aten::empty,,,1.5,5.7,0,0,0,0
empty_tensor,,,4.2,4.2,0,0,0,0
aten::empty,,,1.63,5.31,0,0,0,0
empty_tensor,,,3.68,3.68,0,0,0,0
aten::empty,,,3.21,13.7,0,0,0,0
empty_tensor,,,10.49,10.49,0,0,0,0
aclnnHcPre,,,14.95,14.95,67.98134375,67.98134375,0,0
npu::npu_rms_norm,,,77.84,96.48,0,12.14025,0,0
empty_tensor,,,9.27,9.27,0,0,0,0
empty_tensor,,,4.02,4.02,0,0,0,0
aclnnRmsNorm,,,5.35,5.35,12.14025,12.14025,0,0
aten::unsqueeze,,,3.78,9.11,0,0,0,0
aten::as_strided,,,5.33,5.33,0,0,0,0
aten::linear,,,8.86,83.59,0,216.44434375,0,216.44434375
aten::t,,,6.3,17.37,0,0,0,0
aten::transpose,,,3.99,11.07,0,0,0,0
aten::as_strided,,,7.08,7.08,0,0,0,0
aten::matmul,,,26.4,57.36,0,216.44434375,0,216.44434375
empty_tensor,,,10.98,10.98,0,0,0,0
aclnnMatmul,,,19.98,19.98,216.44434375,216.44434375,216.44434375,216.44434375
aten::split_with_sizes,,,9.56,20.81,0,0,0,0
aten::as_strided,,,5.74,5.74,0,0,0,0
aten::as_strided,,,2.34,2.34,0,0,0,0
aten::as_strided,,,1.62,1.62,0,0,0,0
aten::as_strided,,,1.55,1.55,0,0,0,0
aten::unsqueeze,,,2.5,6.2,0,0,0,0
aten::as_strided,,,3.7,3.7,0,0,0,0
vllm::unquantized_gemm,,,25.6,98.74,0,15.220281250000001,0,12.06021875
aten::linear,,,4.84,73.14,0,15.220281250000001,0,12.06021875
aten::t,,,4.32,12.54,0,0,0,0
aten::transpose,,,2.54,8.22,0,0,0,0
aten::as_strided,,,5.68,5.68,0,0,0,0
aten::matmul,,,27.05,55.76,0,15.220281250000001,0,12.06021875
empty_tensor,,,14.19,14.19,0,0,0,0
aclnnMatmul,,,14.52,14.52,15.220281250000001,15.220281250000001,12.06021875,12.06021875
aten::reshape,,,2.05,9.88,0,0,0,0
aten::view,,,7.83,7.83,0,0,0,0
vllm::unquantized_gemm,,,17.94,85.36,0,12.040218750000001,0,9.3401875
aten::linear,,,3.65,67.42,0,12.040218750000001,0,9.3401875
aten::t,,,3.93,11.7,0,0,0,0
aten::transpose,,,2.17,7.77,0,0,0,0
aten::as_strided,,,5.6,5.6,0,0,0,0
aten::matmul,,,25.26,52.07,0,12.040218750000001,0,9.3401875
empty_tensor,,,11.46,11.46,0,0,0,0
aclnnMatmul,,,15.35,15.35,12.040218750000001,12.040218750000001,9.3401875,9.3401875
aten::reshape,,,1.63,7.32,0,0,0,0
aten::view,,,5.69,5.69,0,0,0,0
aten::empty,,,3.19,13.18,0,0,0,0
empty_tensor,,,9.99,9.99,0,0,0,0
aten::slice,,,3.31,8.83,0,0,0,0
aten::as_strided,,,5.52,5.52,0,0,0,0
aten::alias,,,3.72,3.72,0,0,0,0
aten::alias,,,1.55,1.55,0,0,0,0
aten::zeros_like,,,12.39,104.54,0,9.5001875,0,0
aten::empty_like,,,7.93,59.0,0,0,0,0
aten::empty_strided,,,44.67,51.07,0,0,0,0
empty_tensor,,,6.4,6.4,0,0,0,0
aten::zero_,,,17.44,33.15,0,9.5001875,0,0
aclnnInplaceZero,,,15.71,15.71,9.5001875,9.5001875,0,0
aten::empty,,,3.29,12.59,0,0,0,0
empty_tensor,,,9.3,9.3,0,0,0,0
aten::empty,,,2.25,8.45,0,0,0,0
empty_tensor,,,6.2,6.2,0,0,0,0
_copy_conv_state_kernel,,,24.63,24.63,8.7201875,8.7201875,0,0
fla_npu_stable::npu_causal_conv1d_fn,,,208.02,270.36,0,59.4411875,0,0
aten::empty_strided,,,14.48,23.37,0,0,0,0
empty_tensor,,,8.89,8.89,0,0,0,0
aten::empty_strided,,,13.71,22.46,0,0,0,0
empty_tensor,,,8.75,8.75,0,0,0,0
aclnnCausalConv1d,,,16.51,16.51,59.4411875,59.4411875,0,0
_copy_conv_state_kernel,,,27.8,27.8,7.34015625,7.34015625,0,0
aten::split,,,5.14,33.08,0,0,0,0
aten::narrow,,,4.97,18.3,0,0,0,0
aten::slice,,,4.12,13.33,0,0,0,0
aten::as_strided,,,9.21,9.21,0,0,0,0
aten::narrow,,,1.26,4.62,0,0,0,0
aten::slice,,,1.21,3.36,0,0,0,0
aten::as_strided,,,2.15,2.15,0,0,0,0
aten::narrow,,,1.26,5.02,0,0,0,0
aten::slice,,,1.22,3.76,0,0,0,0
aten::as_strided,,,2.54,2.54,0,0,0,0
aten::zero_,,,18.3,34.04,0,9.5001875,0,0
aclnnInplaceZero,,,15.74,15.74,9.5001875,9.5001875,0,0
aten::reshape,,,11.27,24.13,0,0,0,0
aten::_reshape_alias,,,6.97,12.86,0,0,0,0
aten::view,,,5.89,5.89,0,0,0,0
aten::reshape,,,2.85,9.01,0,0,0,0
aten::_reshape_alias,,,2.07,6.16,0,0,0,0
aten::view,,,4.09,4.09,0,0,0,0
aten::reshape,,,2.21,7.59,0,0,0,0
aten::_reshape_alias,,,1.84,5.38,0,0,0,0
aten::view,,,3.54,3.54,0,0,0,0
aten::alias,,,2.66,2.66,0,0,0,0
aten::alias,,,1.4,1.4,0,0,0,0
aten::alias,,,0.93,0.93,0,0,0,0
aten::alias,,,1.11,1.11,0,0,0,0
aten::alias,,,1.18,1.18,0,0,0,0
aten::empty,,,3.77,17.72,0,0,0,0
empty_tensor,,,13.95,13.95,0,0,0,0
aten::select,,,9.52,14.77,0,0,0,0
aten::as_strided,,,5.25,5.25,0,0,0,0
_gather_initial_states_kernel,,,24.73,24.73,8.8201875,8.8201875,0,0
aten::to,,,3.69,3.69,0,0,0,0
aten::to,,,1.99,71.28,0,5.380125,0,0
aten::_to_copy,,,8.29,69.29,0,5.380125,0,0
aten::empty_strided,,,10.95,19.2,0,0,0,0
empty_tensor,,,8.25,8.25,0,0,0,0
aten::copy_,,,28.32,41.8,0,5.380125,0,0
aclnnInplaceCopy,,,13.48,13.48,5.380125,5.380125,0,0
aten::sigmoid,,,13.99,23.2,0,2.64003125,0,0
empty_tensor,,,6.06,6.06,0,0,0,0
aclnnSigmoid,,,3.15,3.15,2.64003125,2.64003125,0,0
aten::contiguous,,,3.21,42.6,0,5.760125,0,0
aten::clone,,,4.09,39.39,0,5.760125,0,0
empty_tensor,,,9.41,9.41,0,0,0,0
aten::copy_,,,14.61,25.89,0,5.760125,0,0
aclnnInplaceCopy,,,11.28,11.28,5.760125,5.760125,0,0
aten::view,,,5.46,5.46,0,0,0,0
aten::empty_like,,,4.88,18.88,0,0,0,0
aten::empty_strided,,,10.17,14.0,0,0,0,0
empty_tensor,,,3.83,3.83,0,0,0,0
l2norm_fwd_kernel2,,,22.81,22.81,11.68021875,11.68021875,0,0
aten::view,,,11.27,11.27,0,0,0,0
aten::contiguous,,,3.3,55.03,0,6.060125,0,0
aten::clone,,,5.45,51.73,0,6.060125,0,0
empty_tensor,,,10.67,10.67,0,0,0,0
aten::copy_,,,20.9,35.61,0,6.060125,0,0
aclnnInplaceCopy,,,14.71,14.71,6.060125,6.060125,0,0
aten::view,,,4.54,4.54,0,0,0,0
aten::empty_like,,,5.35,20.73,0,0,0,0
aten::empty_strided,,,10.45,15.38,0,0,0,0
empty_tensor,,,4.93,4.93,0,0,0,0
l2norm_fwd_kernel2,,,23.27,23.27,6.880125,6.880125,0,0
aten::view,,,11.69,11.69,0,0,0,0
aten::contiguous,,,2.84,53.71,0,4.74009375,0,0
aten::clone,,,5.5,50.87,0,4.74009375,0,0
empty_tensor,,,10.29,10.29,0,0,0,0
aten::copy_,,,20.78,35.08,0,4.74009375,0,0
aclnnInplaceCopy,,,14.3,14.3,4.74009375,4.74009375,0,0
aten::reshape,,,2.25,12.84,0,0,0,0
aten::view,,,10.59,10.59,0,0,0,0
_C_ascend::chunk_kda_fwd,,,90.06,162.77,0,444.08884375,0,0
aten::empty,,,3.46,15.19,0,0,0,0
empty_tensor,,,11.73,11.73,0,0,0,0
aten::empty,,,1.67,7.44,0,0,0,0
empty_tensor,,,5.77,5.77,0,0,0,0
aten::empty,,,1.55,6.3,0,0,0,0
empty_tensor,,,4.75,4.75,0,0,0,0
aten::empty_like,,,4.74,14.33,0,0,0,0
aten::empty_strided,,,7.02,9.59,0,0,0,0
empty_tensor,,,2.57,2.57,0,0,0,0
aten::empty,,,3.2,13.14,0,0,0,0
empty_tensor,,,9.94,9.94,0,0,0,0
aclnnChunkKdaFwd,,,16.31,16.31,444.08884375,444.08884375,0,0
aten::to,,,2.81,2.81,0,0,0,0
aten::select,,,7.47,14.18,0,0,0,0
aten::as_strided,,,6.71,6.71,0,0,0,0
aten::select,,,2.23,5.33,0,0,0,0
aten::as_strided,,,3.1,3.1,0,0,0,0
aten::view,,,7.94,7.94,0,0,0,0
aten::unsqueeze,,,5.21,8.83,0,0,0,0
aten::as_strided,,,3.62,3.62,0,0,0,0
aten::view,,,3.23,3.23,0,0,0,0
npu::npu_scatter_nd_update_,,,31.87,48.27,0,53.2610625,0,0
aclnnScatterNdUpdate,,,16.4,16.4,53.2610625,53.2610625,0,0
aten::select,,,3.39,6.97,0,0,0,0
aten::as_strided,,,3.58,3.58,0,0,0,0
aten::select,,,1.76,4.48,0,0,0,0
aten::as_strided,,,2.72,2.72,0,0,0,0
aten::copy_,,,18.1,31.58,0,8.00015625,0,0
aclnnInplaceCopy,,,13.48,13.48,8.00015625,8.00015625,0,0
aten::reshape,,,2.65,8.68,0,0,0,0
aten::view,,,6.03,6.03,0,0,0,0
aten::reshape,,,1.25,5.07,0,0,0,0
aten::view,,,3.82,3.82,0,0,0,0
aten::empty_like,,,5.53,21.05,0,0,0,0
aten::empty_strided,,,9.77,15.52,0,0,0,0
empty_tensor,,,5.75,5.75,0,0,0,0
layer_norm_gated_fwd_kernel,,,25.57,25.57,17.060375,17.060375,0,0
aten::reshape,,,2.68,12.88,0,0,0,0
aten::view,,,10.2,10.2,0,0,0,0
aten::reshape,,,1.43,6.24,0,0,0,0
aten::view,,,4.81,4.81,0,0,0,0
vllm::unquantized_gemm,,,26.14,114.4,0,84.5216875,0,84.5216875
aten::linear,,,4.52,88.26,0,84.5216875,0,84.5216875
aten::t,,,5.58,15.68,0,0,0,0
aten::transpose,,,3.11,10.1,0,0,0,0
aten::as_strided,,,6.99,6.99,0,0,0,0
aten::matmul,,,25.1,68.06,0,84.5216875,0,84.5216875
empty_tensor,,,11.61,11.61,0,0,0,0
aclnnMatmul,,,31.35,31.35,84.5216875,84.5216875,84.5216875,84.5216875
aten::unsqueeze,,,5.69,11.42,0,0,0,0
aten::as_strided,,,5.73,5.73,0,0,0,0
aten::unsqueeze,,,1.85,4.79,0,0,0,0
aten::as_strided,,,2.94,2.94,0,0,0,0
aten::squeeze,,,3.69,6.64,0,0,0,0
aten::as_strided,,,2.95,2.95,0,0,0,0
aten::unsqueeze,,,1.68,3.98,0,0,0,0
aten::as_strided,,,2.3,2.3,0,0,0,0
aten::unsqueeze,,,2.99,6.28,0,0,0,0
aten::as_strided,,,3.29,3.29,0,0,0,0
_C_ascend::npu_hc_post,,,75.39,123.73,0,23.96046875,0,0
aten::empty,,,3.68,17.9,0,0,0,0
empty_tensor,,,14.22,14.22,0,0,0,0
aten::empty,,,3.94,15.79,0,0,0,0
empty_tensor,,,11.85,11.85,0,0,0,0
aclnnHcPost,,,14.65,14.65,23.96046875,23.96046875,0,0
aten::squeeze,,,4.62,9.54,0,0,0,0
aten::as_strided,,,4.92,4.92,0,0,0,0
_C_ascend::npu_hc_pre_v2,,,54.64,112.59,0,66.82134375,0,0
aten::empty,,,2.77,12.07,0,0,0,0
empty_tensor,,,9.3,9.3,0,0,0,0
aten::empty,,,1.69,6.71,0,0,0,0
empty_tensor,,,5.02,5.02,0,0,0,0
aten::empty,,,1.49,5.43,0,0,0,0
empty_tensor,,,3.94,3.94,0,0,0,0
aten::empty,,,1.36,6.02,0,0,0,0
empty_tensor,,,4.66,4.66,0,0,0,0
aten::empty,,,2.68,12.03,0,0,0,0
empty_tensor,,,9.35,9.35,0,0,0,0
aclnnHcPre,,,15.69,15.69,66.82134375,66.82134375,0,0
npu::npu_rms_norm,,,67.52,94.16,0,11.02021875,0,0
empty_tensor,,,8.93,8.93,0,0,0,0
empty_tensor,,,4.3,4.3,0,0,0,0
aclnnRmsNorm,,,13.41,13.41,11.02021875,11.02021875,0,0
aten::unsqueeze,,,3.16,8.08,0,0,0,0
aten::as_strided,,,4.92,4.92,0,0,0,0
vllm::unquantized_gemm,,,21.7,90.62,0,309.90621875,0,309.90621875
aten::linear,,,4.88,68.92,0,309.90621875,0,309.90621875
aten::t,,,4.8,13.59,0,0,0,0
aten::transpose,,,2.72,8.79,0,0,0,0
aten::as_strided,,,6.07,6.07,0,0,0,0
aten::matmul,,,22.84,50.45,0,309.90621875,0,309.90621875
empty_tensor,,,11.47,11.47,0,0,0,0
aclnnMatmul,,,16.14,16.14,309.90621875,309.90621875,309.90621875,309.90621875
aten::slice,,,4.07,9.7,0,0,0,0
aten::as_strided,,,5.63,5.63,0,0,0,0
aten::clamp,,,26.11,49.79,0,44.700874999999996,0,0
empty_tensor,,,10.03,10.03,0,0,0,0
aclnnClamp,,,13.65,13.65,44.700874999999996,44.700874999999996,0,0
aten::slice,,,2.68,6.65,0,0,0,0
aten::as_strided,,,3.97,3.97,0,0,0,0
aten::clamp,,,20.93,41.1,0,36.76075,0,0
empty_tensor,,,8.17,8.17,0,0,0,0
aclnnClamp,,,12.0,12.0,36.76075,36.76075,0,0
aten::mul,,,23.32,48.4,0,8.48015625,0,0
empty_tensor,,,8.22,8.22,0,0,0,0
aten::item,,,2.61,5.46,0,0,0,0
aten::_local_scalar_dense,,,2.85,2.85,0,0,0,0
aclnnMuls,,,11.4,11.4,8.48015625,8.48015625,0,0
aten::sigmoid,,,11.78,29.93,0,10.12021875,0,0
empty_tensor,,,7.29,7.29,0,0,0,0
aclnnSigmoid,,,10.86,10.86,10.12021875,10.12021875,0,0
aten::mul,,,14.79,31.4,0,12.84025,0,0
empty_tensor,,,5.99,5.99,0,0,0,0
aclnnMul,,,10.62,10.62,12.84025,12.84025,0,0
aten::add,,,19.5,39.11,0,10.2601875,0,0
empty_tensor,,,6.38,6.38,0,0,0,0
aten::item,,,1.92,3.35,0,0,0,0
aten::_local_scalar_dense,,,1.43,1.43,0,0,0,0
aclnnAdds,,,9.88,9.88,10.2601875,10.2601875,0,0
aten::mul,,,12.37,22.38,0,6.140125,0,0
empty_tensor,,,6.56,6.56,0,0,0,0
aclnnMul,,,3.45,3.45,6.140125,6.140125,0,0
vllm::unquantized_gemm,,,21.14,85.47,0,118.742375,0,118.742375
aten::linear,,,4.84,64.33,0,118.742375,0,118.742375
aten::t,,,5.36,16.04,0,0,0,0
aten::transpose,,,3.14,10.68,0,0,0,0
aten::as_strided,,,7.54,7.54,0,0,0,0
aten::matmul,,,19.51,43.45,0,118.742375,0,118.742375
empty_tensor,,,9.5,9.5,0,0,0,0
aclnnMatmul,,,14.44,14.44,118.742375,118.742375,118.742375,118.742375
aten::unsqueeze,,,4.85,10.65,0,0,0,0
aten::as_strided,,,5.8,5.8,0,0,0,0
aten::unsqueeze,,,1.99,5.38,0,0,0,0
aten::as_strided,,,3.39,3.39,0,0,0,0
aten::squeeze,,,2.71,5.82,0,0,0,0
aten::as_strided,,,3.11,3.11,0,0,0,0
aten::unsqueeze,,,1.84,4.28,0,0,0,0
aten::as_strided,,,2.44,2.44,0,0,0,0
aten::unsqueeze,,,1.99,5.22,0,0,0,0
aten::as_strided,,,3.23,3.23,0,0,0,0
_C_ascend::npu_hc_post,,,53.23,95.11,0,23.28046875,0,0
aten::empty,,,3.05,12.76,0,0,0,0
empty_tensor,,,9.71,9.71,0,0,0,0
aten::empty,,,3.5,13.86,0,0,0,0
empty_tensor,,,10.36,10.36,0,0,0,0
aclnnHcPost,,,15.26,15.26,23.28046875,23.28046875,0,0
aten::squeeze,,,4.34,8.72,0,0,0,0
aten::as_strided,,,4.38,4.38,0,0,0,0
_C_ascend::npu_hc_pre_v2,,,54.28,110.89,0,61.50121875,0,0
aten::empty,,,3.46,12.77,0,0,0,0
empty_tensor,,,9.31,9.31,0,0,0,0
aten::empty,,,1.64,6.22,0,0,0,0
empty_tensor,,,4.58,4.58,0,0,0,0
aten::empty,,,1.76,5.35,0,0,0,0
empty_tensor,,,3.59,3.59,0,0,0,0
aten::empty,,,1.52,5.33,0,0,0,0
empty_tensor,,,3.81,3.81,0,0,0,0
aten::empty,,,2.86,12.23,0,0,0,0
empty_tensor,,,9.37,9.37,0,0,0,0
aclnnHcPre,,,14.71,14.71,61.50121875,61.50121875,0,0
npu::npu_rms_norm,,,61.8,87.57,0,11.08021875,0,0
empty_tensor,,,7.95,7.95,0,0,0,0
empty_tensor,,,4.43,4.43,0,0,0,0
aclnnRmsNorm,,,13.39,13.39,11.08021875,11.08021875,0,0
aten::unsqueeze,,,3.76,8.84,0,0,0,0
aten::as_strided,,,5.08,5.08,0,0,0,0
aten::linear,,,5.2,64.28,0,236.10471875,0,236.10471875
aten::t,,,5.08,13.41,0,0,0,0
aten::transpose,,,2.49,8.33,0,0,0,0
aten::as_strided,,,5.84,5.84,0,0,0,0
aten::matmul,,,20.65,45.67,0,236.10471875,0,236.10471875
empty_tensor,,,10.19,10.19,0,0,0,0
aclnnMatmul,,,14.83,14.83,236.10471875,236.10471875,236.10471875,236.10471875
aten::split_with_sizes,,,7.22,17.54,0,0,0,0
aten::as_strided,,,4.98,4.98,0,0,0,0
aten::as_strided,,,2.15,2.15,0,0,0,0
aten::as_strided,,,1.66,1.66,0,0,0,0
aten::as_strided,,,1.53,1.53,0,0,0,0
aten::unsqueeze,,,2.4,6.43,0,0,0,0
aten::as_strided,,,4.03,4.03,0,0,0,0
vllm::unquantized_gemm,,,19.96,86.44,0,14.78028125,0,11.74021875
aten::linear,,,4.03,66.48,0,14.78028125,0,11.74021875
aten::t,,,4.13,11.25,0,0,0,0
aten::transpose,,,2.25,7.12,0,0,0,0
aten::as_strided,,,4.87,4.87,0,0,0,0
aten::matmul,,,26.19,51.2,0,14.78028125,0,11.74021875
empty_tensor,,,10.58,10.58,0,0,0,0
aclnnMatmul,,,14.43,14.43,14.78028125,14.78028125,11.74021875,11.74021875
aten::reshape,,,2.26,8.66,0,0,0,0
aten::view,,,6.4,6.4,0,0,0,0
vllm::unquantized_gemm,,,18.53,86.34,0,12.08025,0,9.5001875
aten::linear,,,3.97,67.81,0,12.08025,0,9.5001875
aten::t,,,4.35,12.37,0,0,0,0
aten::transpose,,,2.45,8.02,0,0,0,0
aten::as_strided,,,5.57,5.57,0,0,0,0
aten::matmul,,,25.3,51.47,0,12.08025,0,9.5001875
empty_tensor,,,11.43,11.43,0,0,0,0
aclnnMatmul,,,14.74,14.74,12.08025,12.08025,9.5001875,9.5001875
aten::reshape,,,1.81,8.05,0,0,0,0
aten::view,,,6.24,6.24,0,0,0,0
aten::empty,,,3.21,13.79,0,0,0,0
empty_tensor,,,10.58,10.58,0,0,0,0
aten::slice,,,3.52,8.94,0,0,0,0
aten::as_strided,,,5.42,5.42,0,0,0,0
aten::alias,,,2.65,2.65,0,0,0,0
aten::alias,,,1.17,1.17,0,0,0,0
aten::zeros_like,,,5.32,55.7,0,9.5201875,0,0
aten::empty_like,,,5.77,19.58,0,0,0,0
aten::empty_strided,,,9.86,13.81,0,0,0,0
empty_tensor,,,3.95,3.95,0,0,0,0
aten::zero_,,,15.64,30.8,0,9.5201875,0,0
aclnnInplaceZero,,,15.16,15.16,9.5201875,9.5201875,0,0
aten::empty,,,3.32,12.39,0,0,0,0
empty_tensor,,,9.07,9.07,0,0,0,0
aten::empty,,,2.04,8.02,0,0,0,0
empty_tensor,,,5.98,5.98,0,0,0,0
_copy_conv_state_kernel,,,24.64,24.64,8.22015625,8.22015625,0,0
fla_npu_stable::npu_causal_conv1d_fn,,,171.79,232.74,0,59.32115625,0,0
aten::empty_strided,,,13.95,22.36,0,0,0,0
empty_tensor,,,8.41,8.41,0,0,0,0
aten::empty_strided,,,14.12,22.47,0,0,0,0
empty_tensor,,,8.35,8.35,0,0,0,0
aclnnCausalConv1d,,,16.12,16.12,59.32115625,59.32115625,0,0
_copy_conv_state_kernel,,,24.73,24.73,7.56015625,7.56015625,0,0
aten::split,,,4.17,30.68,0,0,0,0
aten::narrow,,,4.34,17.52,0,0,0,0
aten::slice,,,3.78,13.18,0,0,0,0
aten::as_strided,,,9.4,9.4,0,0,0,0
aten::narrow,,,1.2,4.44,0,0,0,0
aten::slice,,,1.21,3.24,0,0,0,0
aten::as_strided,,,2.03,2.03,0,0,0,0
aten::narrow,,,1.16,4.55,0,0,0,0
aten::slice,,,1.16,3.39,0,0,0,0
aten::as_strided,,,2.23,2.23,0,0,0,0
aten::zero_,,,18.03,33.08,0,9.3601875,0,0
aclnnInplaceZero,,,15.05,15.05,9.3601875,9.3601875,0,0
aten::reshape,,,7.72,17.65,0,0,0,0
aten::_reshape_alias,,,4.0,9.93,0,0,0,0
aten::view,,,5.93,5.93,0,0,0,0
aten::reshape,,,2.68,9.57,0,0,0,0
aten::_reshape_alias,,,2.1,6.89,0,0,0,0
aten::view,,,4.79,4.79,0,0,0,0
aten::reshape,,,1.94,6.88,0,0,0,0
aten::_reshape_alias,,,1.72,4.94,0,0,0,0
aten::view,,,3.22,3.22,0,0,0,0
aten::alias,,,2.89,2.89,0,0,0,0
aten::alias,,,1.04,1.04,0,0,0,0
aten::alias,,,1.03,1.03,0,0,0,0
aten::alias,,,1.12,1.12,0,0,0,0
aten::alias,,,1.38,1.38,0,0,0,0
aten::empty,,,4.11,17.84,0,0,0,0
empty_tensor,,,13.73,13.73,0,0,0,0
aten::select,,,7.83,13.04,0,0,0,0
aten::as_strided,,,5.21,5.21,0,0,0,0
_gather_initial_states_kernel,,,26.59,26.59,13.04025,13.04025,0,0
aten::to,,,3.33,3.33,0,0,0,0
aten::to,,,1.82,92.19,0,5.680125,0,0
aten::_to_copy,,,8.32,90.37,0,5.680125,0,0
aten::empty_strided,,,10.78,18.91,0,0,0,0
empty_tensor,,,8.13,8.13,0,0,0,0
aten::copy_,,,48.3,63.14,0,5.680125,0,0
aclnnInplaceCopy,,,14.84,14.84,5.680125,5.680125,0,0
aten::sigmoid,,,12.55,22.37,0,2.7600625,0,0
empty_tensor,,,6.72,6.72,0,0,0,0
aclnnSigmoid,,,3.1,3.1,2.7600625,2.7600625,0,0
aten::contiguous,,,3.83,42.71,0,5.880125,0,0
aten::clone,,,4.16,38.88,0,5.880125,0,0
empty_tensor,,,8.83,8.83,0,0,0,0
aten::copy_,,,14.87,25.89,0,5.880125,0,0
aclnnInplaceCopy,,,11.02,11.02,5.880125,5.880125,0,0
aten::view,,,5.27,5.27,0,0,0,0
aten::empty_like,,,4.62,18.5,0,0,0,0
aten::empty_strided,,,10.19,13.88,0,0,0,0
empty_tensor,,,3.69,3.69,0,0,0,0
l2norm_fwd_kernel2,,,22.77,22.77,11.80025,11.80025,0,0
aten::view,,,11.16,11.16,0,0,0,0
aten::contiguous,,,2.89,53.72,0,5.860125,0,0
aten::clone,,,5.6,50.83,0,5.860125,0,0
empty_tensor,,,10.58,10.58,0,0,0,0
aten::copy_,,,19.88,34.65,0,5.860125,0,0
aclnnInplaceCopy,,,14.77,14.77,5.860125,5.860125,0,0
aten::view,,,4.53,4.53,0,0,0,0
aten::empty_like,,,4.94,20.06,0,0,0,0
aten::empty_strided,,,10.54,15.12,0,0,0,0
empty_tensor,,,4.58,4.58,0,0,0,0
l2norm_fwd_kernel2,,,24.55,24.55,6.700125,6.700125,0,0
aten::view,,,10.99,10.99,0,0,0,0
aten::contiguous,,,3.36,53.47,0,5.620125,0,0
aten::clone,,,5.43,50.11,0,5.620125,0,0
empty_tensor,,,10.02,10.02,0,0,0,0
aten::copy_,,,21.02,34.66,0,5.620125,0,0
aclnnInplaceCopy,,,13.64,13.64,5.620125,5.620125,0,0
aten::reshape,,,2.01,11.35,0,0,0,0
aten::view,,,9.34,9.34,0,0,0,0
_C_ascend::chunk_kda_fwd,,,75.56,151.35,0,453.42906250000004,0,0
aten::empty,,,2.91,14.58,0,0,0,0
empty_tensor,,,11.67,11.67,0,0,0,0
aten::empty,,,2.1,8.83,0,0,0,0
empty_tensor,,,6.73,6.73,0,0,0,0
aten::empty,,,1.76,8.02,0,0,0,0
empty_tensor,,,6.26,6.26,0,0,0,0
aten::empty_like,,,4.82,15.1,0,0,0,0
aten::empty_strided,,,7.25,10.28,0,0,0,0
empty_tensor,,,3.03,3.03,0,0,0,0
aten::empty,,,2.89,12.71,0,0,0,0
empty_tensor,,,9.82,9.82,0,0,0,0
aclnnChunkKdaFwd,,,16.55,16.55,453.42906250000004,453.42906250000004,0,0
aten::to,,,2.72,2.72,0,0,0,0
aten::select,,,7.77,14.83,0,0,0,0
aten::as_strided,,,7.06,7.06,0,0,0,0
aten::select,,,2.27,5.73,0,0,0,0
aten::as_strided,,,3.46,3.46,0,0,0,0
aten::view,,,7.96,7.96,0,0,0,0
aten::unsqueeze,,,4.09,7.51,0,0,0,0
aten::as_strided,,,3.42,3.42,0,0,0,0
aten::view,,,3.27,3.27,0,0,0,0
npu::npu_scatter_nd_update_,,,30.68,46.14,0,53.90109375,0,0
aclnnScatterNdUpdate,,,15.46,15.46,53.90109375,53.90109375,0,0
aten::select,,,3.54,7.73,0,0,0,0
aten::as_strided,,,4.19,4.19,0,0,0,0
aten::select,,,1.94,4.85,0,0,0,0
aten::as_strided,,,2.91,2.91,0,0,0,0
aten::copy_,,,17.9,31.41,0,7.860125,0,0
aclnnInplaceCopy,,,13.51,13.51,7.860125,7.860125,0,0
aten::reshape,,,2.5,8.42,0,0,0,0
aten::view,,,5.92,5.92,0,0,0,0
aten::reshape,,,1.27,4.69,0,0,0,0
aten::view,,,3.42,3.42,0,0,0,0
aten::empty_like,,,5.31,21.5,0,0,0,0
aten::empty_strided,,,10.57,16.19,0,0,0,0
empty_tensor,,,5.62,5.62,0,0,0,0
layer_norm_gated_fwd_kernel,,,37.65,37.65,17.46034375,17.46034375,0,0
aten::reshape,,,2.61,13.81,0,0,0,0
aten::view,,,11.2,11.2,0,0,0,0
aten::reshape,,,1.32,5.55,0,0,0,0
aten::view,,,4.23,4.23,0,0,0,0
vllm::unquantized_gemm,,,21.81,95.68,0,79.6415625,0,79.6415625
aten::linear,,,4.9,73.87,0,79.6415625,0,79.6415625
aten::t,,,5.15,16.93,0,0,0,0
aten::transpose,,,4.18,11.78,0,0,0,0
aten::as_strided,,,7.6,7.6,0,0,0,0
aten::matmul,,,23.53,52.04,0,79.6415625,0,79.6415625
empty_tensor,,,12.99,12.99,0,0,0,0
aclnnMatmul,,,15.52,15.52,79.6415625,79.6415625,79.6415625,79.6415625
aten::unsqueeze,,,4.0,9.54,0,0,0,0
aten::as_strided,,,5.54,5.54,0,0,0,0
aten::unsqueeze,,,1.84,5.62,0,0,0,0
aten::as_strided,,,3.78,3.78,0,0,0,0
aten::squeeze,,,2.34,4.84,0,0,0,0
aten::as_strided,,,2.5,2.5,0,0,0,0
aten::unsqueeze,,,1.37,3.74,0,0,0,0
aten::as_strided,,,2.37,2.37,0,0,0,0
aten::unsqueeze,,,1.5,4.34,0,0,0,0
aten::as_strided,,,2.84,2.84,0,0,0,0
_C_ascend::npu_hc_post,,,59.64,102.63,0,23.82046875,0,0
aten::empty,,,3.32,14.38,0,0,0,0
empty_tensor,,,11.06,11.06,0,0,0,0
aten::empty,,,2.92,12.84,0,0,0,0
empty_tensor,,,9.92,9.92,0,0,0,0
aclnnHcPost,,,15.77,15.77,23.82046875,23.82046875,0,0
aten::squeeze,,,3.74,7.93,0,0,0,0
aten::as_strided,,,4.19,4.19,0,0,0,0
_C_ascend::npu_hc_pre_v2,,,53.71,112.22,0,64.2813125,0,0
aten::empty,,,3.6,12.46,0,0,0,0
empty_tensor,,,8.86,8.86,0,0,0,0
aten::empty,,,1.95,7.33,0,0,0,0
empty_tensor,,,5.38,5.38,0,0,0,0
aten::empty,,,1.5,5.3,0,0,0,0
empty_tensor,,,3.8,3.8,0,0,0,0
aten::empty,,,1.58,6.12,0,0,0,0
empty_tensor,,,4.54,4.54,0,0,0,0
aten::empty,,,3.01,12.15,0,0,0,0
empty_tensor,,,9.14,9.14,0,0,0,0
aclnnHcPre,,,15.15,15.15,64.2813125,64.2813125,0,0
npu::npu_rms_norm,,,64.86,90.96,0,11.76025,0,0
empty_tensor,,,7.93,7.93,0,0,0,0
empty_tensor,,,4.53,4.53,0,0,0,0
aclnnRmsNorm,,,13.64,13.64,11.76025,11.76025,0,0
aten::unsqueeze,,,4.04,9.55,0,0,0,0
aten::as_strided,,,5.51,5.51,0,0,0,0
vllm::unquantized_gemm,,,21.18,89.89,0,309.4461875,0,309.4461875
aten::linear,,,5.02,68.71,0,309.4461875,0,309.4461875
aten::t,,,5.67,14.88,0,0,0,0
aten::transpose,,,2.81,9.21,0,0,0,0
aten::as_strided,,,6.4,6.4,0,0,0,0
aten::matmul,,,22.17,48.81,0,309.4461875,0,309.4461875
empty_tensor,,,11.81,11.81,0,0,0,0
aclnnMatmul,,,14.83,14.83,309.4461875,309.4461875,309.4461875,309.4461875
aten::slice,,,4.6,9.78,0,0,0,0
aten::as_strided,,,5.18,5.18,0,0,0,0
aten::clamp,,,24.8,48.29,0,43.18084375,0,0
empty_tensor,,,9.91,9.91,0,0,0,0
aclnnClamp,,,13.58,13.58,43.18084375,43.18084375,0,0
aten::slice,,,3.3,7.05,0,0,0,0
aten::as_strided,,,3.75,3.75,0,0,0,0
aten::clamp,,,20.74,40.93,0,32.80065625,0,0
empty_tensor,,,7.95,7.95,0,0,0,0
aclnnClamp,,,12.24,12.24,32.80065625,32.80065625,0,0
aten::mul,,,20.49,43.29,0,8.5401875,0,0
empty_tensor,,,6.91,6.91,0,0,0,0
aten::item,,,2.61,4.39,0,0,0,0
aten::_local_scalar_dense,,,1.78,1.78,0,0,0,0
aclnnMuls,,,11.5,11.5,8.5401875,8.5401875,0,0
aten::sigmoid,,,12.4,30.74,0,10.4401875,0,0
empty_tensor,,,7.76,7.76,0,0,0,0
aclnnSigmoid,,,10.58,10.58,10.4401875,10.4401875,0,0
aten::mul,,,14.03,28.44,0,12.60025,0,0
empty_tensor,,,6.0,6.0,0,0,0,0
aclnnMul,,,8.41,8.41,12.60025,12.60025,0,0
aten::add,,,18.48,37.93,0,10.08021875,0,0
empty_tensor,,,6.11,6.11,0,0,0,0
aten::item,,,2.2,3.28,0,0,0,0
aten::_local_scalar_dense,,,1.08,1.08,0,0,0,0
aclnnAdds,,,10.06,10.06,10.08021875,10.08021875,0,0
aten::mul,,,13.28,30.31,0,6.280125,0,0
empty_tensor,,,7.94,7.94,0,0,0,0
aclnnMul,,,9.09,9.09,6.280125,6.280125,0,0
vllm::unquantized_gemm,,,21.13,82.8,0,118.32234375,0,118.32234375
aten::linear,,,5.18,61.67,0,118.32234375,0,118.32234375
aten::t,,,4.93,14.48,0,0,0,0
aten::transpose,,,2.93,9.55,0,0,0,0
aten::as_strided,,,6.62,6.62,0,0,0,0
aten::matmul,,,19.03,42.01,0,118.32234375,0,118.32234375
empty_tensor,,,9.18,9.18,0,0,0,0
aclnnMatmul,,,13.8,13.8,118.32234375,118.32234375,118.32234375,118.32234375
aten::unsqueeze,,,5.16,11.1,0,0,0,0
aten::as_strided,,,5.94,5.94,0,0,0,0
aten::unsqueeze,,,1.95,5.35,0,0,0,0
aten::as_strided,,,3.4,3.4,0,0,0,0
aten::squeeze,,,2.52,5.34,0,0,0,0
aten::as_strided,,,2.82,2.82,0,0,0,0
aten::unsqueeze,,,1.74,4.18,0,0,0,0
aten::as_strided,,,2.44,2.44,0,0,0,0
aten::unsqueeze,,,1.88,5.32,0,0,0,0
aten::as_strided,,,3.44,3.44,0,0,0,0
_C_ascend::npu_hc_post,,,52.33,93.17,0,23.2605,0,0
aten::empty,,,2.71,12.2,0,0,0,0
empty_tensor,,,9.49,9.49,0,0,0,0
aten::empty,,,2.99,13.23,0,0,0,0
empty_tensor,,,10.24,10.24,0,0,0,0
aclnnHcPost,,,15.41,15.41,23.2605,23.2605,0,0
aten::squeeze,,,4.07,9.01,0,0,0,0
aten::as_strided,,,4.94,4.94,0,0,0,0
_C_ascend::npu_hc_pre_v2,,,52.3,110.12,0,67.78134375,0,0
aten::empty,,,3.52,13.54,0,0,0,0
empty_tensor,,,10.02,10.02,0,0,0,0
aten::empty,,,1.77,6.52,0,0,0,0
empty_tensor,,,4.75,4.75,0,0,0,0
aten::empty,,,1.54,5.35,0,0,0,0
empty_tensor,,,3.81,3.81,0,0,0,0
aten::empty,,,1.57,5.05,0,0,0,0
empty_tensor,,,3.48,3.48,0,0,0,0
aten::empty,,,3.04,12.6,0,0,0,0
empty_tensor,,,9.56,9.56,0,0,0,0
aclnnHcPre,,,14.76,14.76,67.78134375,67.78134375,0,0
npu::npu_rms_norm,,,62.56,89.97,0,12.10025,0,0
empty_tensor,,,8.53,8.53,0,0,0,0
empty_tensor,,,4.4,4.4,0,0,0,0
aclnnRmsNorm,,,14.48,14.48,12.10025,12.10025,0,0
aten::unsqueeze,,,3.87,9.34,0,0,0,0
aten::as_strided,,,5.47,5.47,0,0,0,0
aten::linear,,,5.44,85.84,0,237.10475,0,237.10475
aten::t,,,5.38,30.78,0,0,0,0
aten::transpose,,,3.01,25.4,0,0,0,0
aten::as_strided,,,22.39,22.39,0,0,0,0
aten::matmul,,,21.19,49.62,0,237.10475,0,237.10475
empty_tensor,,,11.49,11.49,0,0,0,0
aclnnMatmul,,,16.94,16.94,237.10475,237.10475,237.10475,237.10475
aten::split_with_sizes,,,6.56,17.34,0,0,0,0
aten::as_strided,,,5.21,5.21,0,0,0,0
aten::as_strided,,,1.86,1.86,0,0,0,0
aten::as_strided,,,1.63,1.63,0,0,0,0
aten::as_strided,,,2.08,2.08,0,0,0,0
aten::unsqueeze,,,2.49,6.53,0,0,0,0
aten::as_strided,,,4.04,4.04,0,0,0,0
vllm::unquantized_gemm,,,20.33,90.22,0,15.2603125,0,11.92025
aten::linear,,,3.69,69.89,0,15.2603125,0,11.92025
aten::t,,,4.31,11.5,0,0,0,0
aten::transpose,,,2.15,7.19,0,0,0,0
aten::as_strided,,,5.04,5.04,0,0,0,0
aten::matmul,,,26.65,54.7,0,15.2603125,0,11.92025
empty_tensor,,,12.84,12.84,0,0,0,0
aclnnMatmul,,,15.21,15.21,15.2603125,15.2603125,11.92025,11.92025
aten::reshape,,,2.32,8.69,0,0,0,0
aten::view,,,6.37,6.37,0,0,0,0
vllm::unquantized_gemm,,,17.55,83.97,0,12.10021875,0,9.4601875
aten::linear,,,3.8,66.42,0,12.10021875,0,9.4601875
aten::t,,,4.2,11.6,0,0,0,0
aten::transpose,,,1.95,7.4,0,0,0,0
aten::as_strided,,,5.45,5.45,0,0,0,0
aten::matmul,,,25.64,51.02,0,12.10021875,0,9.4601875
empty_tensor,,,11.31,11.31,0,0,0,0
aclnnMatmul,,,14.07,14.07,12.10021875,12.10021875,9.4601875,9.4601875
aten::reshape,,,1.83,7.74,0,0,0,0
aten::view,,,5.91,5.91,0,0,0,0
aten::empty,,,2.83,13.05,0,0,0,0
empty_tensor,,,10.22,10.22,0,0,0,0
aten::slice,,,3.6,8.86,0,0,0,0
aten::as_strided,,,5.26,5.26,0,0,0,0
aten::alias,,,2.58,2.58,0,0,0,0
aten::alias,,,1.47,1.47,0,0,0,0
aten::zeros_like,,,5.44,53.81,0,9.5201875,0,0
aten::empty_like,,,5.11,18.64,0,0,0,0
aten::empty_strided,,,9.25,13.53,0,0,0,0
empty_tensor,,,4.28,4.28,0,0,0,0
aten::zero_,,,15.03,29.73,0,9.5201875,0,0
aclnnInplaceZero,,,14.7,14.7,9.5201875,9.5201875,0,0
aten::empty,,,3.36,11.96,0,0,0,0
empty_tensor,,,8.6,8.6,0,0,0,0
aten::empty,,,2.34,8.55,0,0,0,0
empty_tensor,,,6.21,6.21,0,0,0,0
_copy_conv_state_kernel,,,25.1,25.1,8.04015625,8.04015625,0,0
fla_npu_stable::npu_causal_conv1d_fn,,,159.68,221.26,0,59.481187500000004,0,0
aten::empty_strided,,,14.61,23.59,0,0,0,0
empty_tensor,,,8.98,8.98,0,0,0,0
aten::empty_strided,,,13.8,22.53,0,0,0,0
empty_tensor,,,8.73,8.73,0,0,0,0
aclnnCausalConv1d,,,15.46,15.46,59.481187500000004,59.481187500000004,0,0
_copy_conv_state_kernel,,,25.96,25.96,7.18015625,7.18015625,0,0
aten::split,,,4.74,32.64,0,0,0,0
aten::narrow,,,4.77,18.28,0,0,0,0
aten::slice,,,4.13,13.51,0,0,0,0
aten::as_strided,,,9.38,9.38,0,0,0,0
aten::narrow,,,1.27,4.89,0,0,0,0
aten::slice,,,1.22,3.62,0,0,0,0
aten::as_strided,,,2.4,2.4,0,0,0,0
aten::narrow,,,1.06,4.73,0,0,0,0
aten::slice,,,1.43,3.67,0,0,0,0
aten::as_strided,,,2.24,2.24,0,0,0,0
aten::zero_,,,17.97,32.65,0,9.6001875,0,0
aclnnInplaceZero,,,14.68,14.68,9.6001875,9.6001875,0,0
aten::reshape,,,7.25,16.55,0,0,0,0
aten::_reshape_alias,,,3.11,9.3,0,0,0,0
aten::view,,,6.19,6.19,0,0,0,0
aten::reshape,,,2.68,9.14,0,0,0,0
aten::_reshape_alias,,,2.29,6.46,0,0,0,0
aten::view,,,4.17,4.17,0,0,0,0
aten::reshape,,,2.11,7.22,0,0,0,0
aten::_reshape_alias,,,1.66,5.11,0,0,0,0
aten::view,,,3.45,3.45,0,0,0,0
aten::alias,,,2.51,2.51,0,0,0,0
aten::alias,,,1.03,1.03,0,0,0,0
aten::alias,,,0.82,0.82,0,0,0,0
aten::alias,,,0.83,0.83,0,0,0,0
aten::alias,,,1.22,1.22,0,0,0,0
aten::empty,,,3.76,17.14,0,0,0,0
empty_tensor,,,13.38,13.38,0,0,0,0
aten::select,,,7.92,13.22,0,0,0,0
aten::as_strided,,,5.3,5.3,0,0,0,0
_gather_initial_states_kernel,,,25.82,25.82,8.6401875,8.6401875,0,0
aten::to,,,3.42,3.42,0,0,0,0
aten::to,,,1.69,72.54,0,5.32009375,0,0
aten::_to_copy,,,8.27,70.85,0,5.32009375,0,0
aten::empty_strided,,,11.82,20.0,0,0,0,0
empty_tensor,,,8.18,8.18,0,0,0,0
aten::copy_,,,28.98,42.58,0,5.32009375,0,0
aclnnInplaceCopy,,,13.6,13.6,5.32009375,5.32009375,0,0
aten::sigmoid,,,12.36,21.95,0,2.7400625,0,0
empty_tensor,,,6.39,6.39,0,0,0,0
aclnnSigmoid,,,3.2,3.2,2.7400625,2.7400625,0,0
aten::contiguous,,,3.19,44.37,0,5.76009375,0,0
aten::clone,,,4.34,41.18,0,5.76009375,0,0
empty_tensor,,,9.2,9.2,0,0,0,0
aten::copy_,,,15.52,27.64,0,5.76009375,0,0
aclnnInplaceCopy,,,12.12,12.12,5.76009375,5.76009375,0,0
aten::view,,,5.12,5.12,0,0,0,0
aten::empty_like,,,4.73,18.42,0,0,0,0
aten::empty_strided,,,9.84,13.69,0,0,0,0
empty_tensor,,,3.85,3.85,0,0,0,0
l2norm_fwd_kernel2,,,22.3,22.3,11.72021875,11.72021875,0,0
aten::view,,,11.5,11.5,0,0,0,0
aten::contiguous,,,3.19,54.77,0,4.96009375,0,0
aten::clone,,,5.42,51.58,0,4.96009375,0,0
empty_tensor,,,11.18,11.18,0,0,0,0
aten::copy_,,,20.04,34.98,0,4.96009375,0,0
aclnnInplaceCopy,,,14.94,14.94,4.96009375,4.96009375,0,0
aten::view,,,4.84,4.84,0,0,0,0
aten::empty_like,,,4.88,19.63,0,0,0,0
aten::empty_strided,,,10.0,14.75,0,0,0,0
empty_tensor,,,4.75,4.75,0,0,0,0
l2norm_fwd_kernel2,,,21.62,21.62,6.600125,6.600125,0,0
aten::view,,,11.95,11.95,0,0,0,0
aten::contiguous,,,2.92,55.01,0,5.360125,0,0
aten::clone,,,5.26,52.09,0,5.360125,0,0
empty_tensor,,,10.44,10.44,0,0,0,0
aten::copy_,,,21.19,36.39,0,5.360125,0,0
aclnnInplaceCopy,,,15.2,15.2,5.360125,5.360125,0,0
aten::reshape,,,2.07,11.93,0,0,0,0
aten::view,,,9.86,9.86,0,0,0,0
_C_ascend::chunk_kda_fwd,,,74.0,150.68,0,436.70875,0,0
aten::empty,,,3.31,16.14,0,0,0,0
empty_tensor,,,12.83,12.83,0,0,0,0
aten::empty,,,2.09,8.12,0,0,0,0
empty_tensor,,,6.03,6.03,0,0,0,0
aten::empty,,,1.83,7.58,0,0,0,0
empty_tensor,,,5.75,5.75,0,0,0,0
aten::empty_like,,,4.85,15.12,0,0,0,0
aten::empty_strided,,,7.47,10.27,0,0,0,0
empty_tensor,,,2.8,2.8,0,0,0,0
aten::empty,,,3.03,12.89,0,0,0,0
empty_tensor,,,9.86,9.86,0,0,0,0
aclnnChunkKdaFwd,,,16.83,16.83,436.70875,436.70875,0,0
aten::to,,,5.33,5.33,0,0,0,0
aten::select,,,7.85,14.49,0,0,0,0
aten::as_strided,,,6.64,6.64,0,0,0,0
aten::select,,,1.79,4.3,0,0,0,0
aten::as_strided,,,2.51,2.51,0,0,0,0
aten::view,,,16.36,16.36,0,0,0,0
aten::unsqueeze,,,4.12,8.13,0,0,0,0
aten::as_strided,,,4.01,4.01,0,0,0,0
aten::view,,,4.51,4.51,0,0,0,0
npu::npu_scatter_nd_update_,,,43.75,65.76,0,53.4410625,0,0
aclnnScatterNdUpdate,,,22.01,22.01,53.4410625,53.4410625,0,0
aten::select,,,3.35,7.26,0,0,0,0
aten::as_strided,,,3.91,3.91,0,0,0,0
aten::select,,,1.73,4.31,0,0,0,0
aten::as_strided,,,2.58,2.58,0,0,0,0
aten::copy_,,,18.59,40.5,0,7.88015625,0,0
aclnnInplaceCopy,,,21.91,21.91,7.88015625,7.88015625,0,0
aten::reshape,,,2.21,7.96,0,0,0,0
aten::view,,,5.75,5.75,0,0,0,0
aten::reshape,,,1.04,4.94,0,0,0,0
aten::view,,,3.9,3.9,0,0,0,0
aten::empty_like,,,5.37,21.41,0,0,0,0
aten::empty_strided,,,10.47,16.04,0,0,0,0
empty_tensor,,,5.57,5.57,0,0,0,0
layer_norm_gated_fwd_kernel,,,63.31,63.31,16.44034375,16.44034375,0,0
aten::reshape,,,2.75,14.38,0,0,0,0
aten::view,,,11.63,11.63,0,0,0,0
aten::reshape,,,1.61,6.34,0,0,0,0
aten::view,,,4.73,4.73,0,0,0,0
vllm::unquantized_gemm,,,21.95,95.13,0,81.181625,0,81.181625
aten::linear,,,4.81,73.18,0,81.181625,0,81.181625
aten::t,,,5.09,15.02,0,0,0,0
aten::transpose,,,3.48,9.93,0,0,0,0
aten::as_strided,,,6.45,6.45,0,0,0,0
aten::matmul,,,23.29,53.35,0,81.181625,0,81.181625
empty_tensor,,,13.13,13.13,0,0,0,0
aclnnMatmul,,,16.93,16.93,81.181625,81.181625,81.181625,81.181625
aten::unsqueeze,,,3.75,9.3,0,0,0,0
aten::as_strided,,,5.55,5.55,0,0,0,0
aten::unsqueeze,,,1.92,5.49,0,0,0,0
aten::as_strided,,,3.57,3.57,0,0,0,0
aten::squeeze,,,2.69,5.44,0,0,0,0
aten::as_strided,,,2.75,2.75,0,0,0,0
aten::unsqueeze,,,1.41,3.58,0,0,0,0
aten::as_strided,,,2.17,2.17,0,0,0,0
aten::unsqueeze,,,1.42,4.28,0,0,0,0
aten::as_strided,,,2.86,2.86,0,0,0,0
_C_ascend::npu_hc_post,,,53.22,97.82,0,24.38046875,0,0
aten::empty,,,3.91,14.41,0,0,0,0
empty_tensor,,,10.5,10.5,0,0,0,0
aten::empty,,,3.08,13.15,0,0,0,0
empty_tensor,,,10.07,10.07,0,0,0,0
aclnnHcPost,,,17.04,17.04,24.38046875,24.38046875,0,0
aten::squeeze,,,3.92,8.49,0,0,0,0
aten::as_strided,,,4.57,4.57,0,0,0,0
_C_ascend::npu_hc_pre_v2,,,54.65,111.76,0,63.22125,0,0
aten::empty,,,3.36,12.78,0,0,0,0
empty_tensor,,,9.42,9.42,0,0,0,0
aten::empty,,,1.69,6.68,0,0,0,0
empty_tensor,,,4.99,4.99,0,0,0,0
aten::empty,,,1.48,5.4,0,0,0,0
empty_tensor,,,3.92,3.92,0,0,0,0
aten::empty,,,1.57,5.55,0,0,0,0
empty_tensor,,,3.98,3.98,0,0,0,0
aten::empty,,,2.67,12.1,0,0,0,0
empty_tensor,,,9.43,9.43,0,0,0,0
aclnnHcPre,,,14.6,14.6,63.22125,63.22125,0,0
npu::npu_rms_norm,,,61.77,88.83,0,11.34021875,0,0
empty_tensor,,,8.75,8.75,0,0,0,0
empty_tensor,,,4.63,4.63,0,0,0,0
aclnnRmsNorm,,,13.68,13.68,11.34021875,11.34021875,0,0
aten::unsqueeze,,,4.11,9.17,0,0,0,0
aten::as_strided,,,5.06,5.06,0,0,0,0
vllm::unquantized_gemm,,,21.34,89.65,0,309.8261875,0,309.8261875
aten::linear,,,5.13,68.31,0,309.8261875,0,309.8261875
aten::t,,,4.94,13.85,0,0,0,0
aten::transpose,,,3.16,8.91,0,0,0,0
aten::as_strided,,,5.75,5.75,0,0,0,0
aten::matmul,,,21.87,49.33,0,309.8261875,0,309.8261875
empty_tensor,,,11.97,11.97,0,0,0,0
aclnnMatmul,,,15.49,15.49,309.8261875,309.8261875,309.8261875,309.8261875
aten::slice,,,4.63,9.82,0,0,0,0
aten::as_strided,,,5.19,5.19,0,0,0,0
aten::clamp,,,23.49,46.49,0,43.560875,0,0
empty_tensor,,,9.81,9.81,0,0,0,0
aclnnClamp,,,13.19,13.19,43.560875,43.560875,0,0
aten::slice,,,2.91,6.88,0,0,0,0
aten::as_strided,,,3.97,3.97,0,0,0,0
aten::clamp,,,19.54,39.9,0,42.780843749999995,0,0
empty_tensor,,,8.61,8.61,0,0,0,0
aclnnClamp,,,11.75,11.75,42.780843749999995,42.780843749999995,0,0
aten::mul,,,19.87,42.72,0,8.7401875,0,0
empty_tensor,,,7.03,7.03,0,0,0,0
aten::item,,,2.29,4.34,0,0,0,0
aten::_local_scalar_dense,,,2.05,2.05,0,0,0,0
aclnnMuls,,,11.48,11.48,8.7401875,8.7401875,0,0
aten::sigmoid,,,12.06,29.64,0,10.1201875,0,0
empty_tensor,,,7.23,7.23,0,0,0,0
aclnnSigmoid,,,10.35,10.35,10.1201875,10.1201875,0,0
aten::mul,,,14.46,30.39,0,12.74028125,0,0
empty_tensor,,,5.86,5.86,0,0,0,0
aclnnMul,,,10.07,10.07,12.74028125,12.74028125,0,0
aten::add,,,18.66,38.36,0,10.5201875,0,0
empty_tensor,,,6.17,6.17,0,0,0,0
aten::item,,,2.06,3.45,0,0,0,0
aten::_local_scalar_dense,,,1.39,1.39,0,0,0,0
aclnnAdds,,,10.08,10.08,10.5201875,10.5201875,0,0
aten::mul,,,15.01,32.1,0,6.400125,0,0
empty_tensor,,,7.54,7.54,0,0,0,0
aclnnMul,,,9.55,9.55,6.400125,6.400125,0,0
vllm::unquantized_gemm,,,21.92,85.63,0,115.7623125,0,115.7623125
aten::linear,,,4.82,63.71,0,115.7623125,0,115.7623125
aten::t,,,4.79,14.57,0,0,0,0
aten::transpose,,,3.0,9.78,0,0,0,0
aten::as_strided,,,6.78,6.78,0,0,0,0
aten::matmul,,,19.35,44.32,0,115.7623125,0,115.7623125
empty_tensor,,,11.36,11.36,0,0,0,0
aclnnMatmul,,,13.61,13.61,115.7623125,115.7623125,115.7623125,115.7623125
aten::unsqueeze,,,5.96,11.98,0,0,0,0
aten::as_strided,,,6.02,6.02,0,0,0,0
aten::unsqueeze,,,2.32,5.99,0,0,0,0
aten::as_strided,,,3.67,3.67,0,0,0,0
aten::squeeze,,,2.4,5.23,0,0,0,0
aten::as_strided,,,2.83,2.83,0,0,0,0
aten::unsqueeze,,,1.67,4.33,0,0,0,0
aten::as_strided,,,2.66,2.66,0,0,0,0
aten::unsqueeze,,,1.77,4.92,0,0,0,0
aten::as_strided,,,3.15,3.15,0,0,0,0
_C_ascend::npu_hc_post,,,51.67,93.28,0,23.32046875,0,0
aten::empty,,,2.88,12.81,0,0,0,0
empty_tensor,,,9.93,9.93,0,0,0,0
aten::empty,,,3.35,13.75,0,0,0,0
empty_tensor,,,10.4,10.4,0,0,0,0
aclnnHcPost,,,15.05,15.05,23.32046875,23.32046875,0,0
aten::squeeze,,,3.92,8.72,0,0,0,0
aten::as_strided,,,4.8,4.8,0,0,0,0
_C_ascend::npu_hc_pre_v2,,,52.27,109.48,0,66.26134375,0,0
aten::empty,,,3.19,12.54,0,0,0,0
empty_tensor,,,9.35,9.35,0,0,0,0
aten::empty,,,1.68,6.73,0,0,0,0
empty_tensor,,,5.05,5.05,0,0,0,0
aten::empty,,,1.46,5.35,0,0,0,0
empty_tensor,,,3.89,3.89,0,0,0,0
aten::empty,,,1.51,5.47,0,0,0,0
empty_tensor,,,3.96,3.96,0,0,0,0
aten::empty,,,2.97,13.06,0,0,0,0
empty_tensor,,,10.09,10.09,0,0,0,0
aclnnHcPre,,,14.06,14.06,66.26134375,66.26134375,0,0
npu::npu_rms_norm,,,63.73,89.82,0,11.42025,0,0
empty_tensor,,,8.2,8.2,0,0,0,0
empty_tensor,,,4.49,4.49,0,0,0,0
aclnnRmsNorm,,,13.4,13.4,11.42025,11.42025,0,0
aten::unsqueeze,,,4.05,9.46,0,0,0,0
aten::as_strided,,,5.41,5.41,0,0,0,0
aten::empty,,,3.77,14.21,0,0,0,0
empty_tensor,,,10.44,10.44,0,0,0,0
vllm::mla_forward,,,2878.89,5016.5,0,845.2569375,0,405.96815625
aten::slice,,,4.28,9.83,0,0,0,0
aten::as_strided,,,5.55,5.55,0,0,0,0
aten::slice,,,2.39,7.13,0,0,0,0
aten::as_strided,,,4.74,4.74,0,0,0,0
aten::linear,,,5.34,67.61,0,22.72046875,0,22.72046875
aten::t,,,5.03,12.97,0,0,0,0
aten::transpose,,,2.38,7.94,0,0,0,0
aten::as_strided,,,5.56,5.56,0,0,0,0
aten::matmul,,,22.75,49.3,0,22.72046875,0,22.72046875
empty_tensor,,,9.61,9.61,0,0,0,0
aclnnMatmul,,,16.94,16.94,22.72046875,22.72046875,22.72046875,22.72046875
aten::split_with_sizes,,,4.77,12.18,0,0,0,0
aten::as_strided,,,5.13,5.13,0,0,0,0
aten::as_strided,,,2.28,2.28,0,0,0,0
npu::npu_rms_norm,,,130.36,161.55,0,14.720312499999999,0,0
empty_tensor,,,10.83,10.83,0,0,0,0
empty_tensor,,,4.66,4.66,0,0,0,0
aclnnRmsNorm,,,15.7,15.7,14.720312499999999,14.720312499999999,0,0
aten::reshape,,,7.18,17.5,0,0,0,0
aten::_reshape_alias,,,3.99,10.32,0,0,0,0
aten::view,,,6.33,6.33,0,0,0,0
npu::npu_rms_norm,,,112.81,142.29,0,8.08015625,0,0
empty_tensor,,,9.62,9.62,0,0,0,0
empty_tensor,,,4.49,4.49,0,0,0,0
aclnnRmsNorm,,,15.37,15.37,8.08015625,8.08015625,0,0
aten::view,,,11.48,11.48,0,0,0,0
aten::slice,,,7.54,12.0,0,0,0,0
aten::as_strided,,,4.46,4.46,0,0,0,0
aten::view,,,4.99,4.99,0,0,0,0
aten::to,,,2.27,2.27,0,0,0,0
npu::npu_scatter_nd_update_,,,28.71,44.43,0,36.48071875,0,0
aclnnScatterNdUpdate,,,15.72,15.72,36.48071875,36.48071875,0,0
vllm::unquantized_gemm,,,21.26,85.78,0,71.4614375,0,71.4614375
aten::linear,,,4.29,64.52,0,71.4614375,0,71.4614375
aten::t,,,4.5,14.06,0,0,0,0
aten::transpose,,,3.0,9.56,0,0,0,0
aten::as_strided,,,6.56,6.56,0,0,0,0
aten::matmul,,,20.75,46.17,0,71.4614375,0,71.4614375
empty_tensor,,,11.01,11.01,0,0,0,0
aclnnMatmul,,,14.41,14.41,71.4614375,71.4614375,71.4614375,71.4614375
aten::view,,,5.69,5.69,0,0,0,0
aten::split_with_sizes,,,4.31,10.57,0,0,0,0
aten::as_strided,,,3.86,3.86,0,0,0,0
aten::as_strided,,,2.4,2.4,0,0,0,0
npu::npu_transpose_batchmatmul,,,36.83,63.38,0,33.30065625,0,33.30065625
empty_tensor,,,11.91,11.91,0,0,0,0
aclnnTransposeBatchMatMul,,,14.64,14.64,33.30065625,33.30065625,33.30065625,33.30065625
aten::slice,,,3.69,9.5,0,0,0,0
aten::as_strided,,,5.81,5.81,0,0,0,0
aten::slice,,,1.79,4.41,0,0,0,0
aten::as_strided,,,2.62,2.62,0,0,0,0
aten::to,,,1.96,48.51,0,8.18015625,0,0
aten::_to_copy,,,6.55,46.55,0,8.18015625,0,0
aten::empty_strided,,,10.38,15.62,0,0,0,0
empty_tensor,,,5.24,5.24,0,0,0,0
aten::copy_,,,19.26,24.38,0,8.18015625,0,0
aclnnInplaceCopy,,,5.12,5.12,8.18015625,8.18015625,0,0
aten::linear,,,3.79,41.07,0,23.88046875,0,23.88046875
aten::t,,,4.31,10.25,0,0,0,0
aten::transpose,,,2.07,5.94,0,0,0,0
aten::as_strided,,,3.87,3.87,0,0,0,0
aten::matmul,,,15.91,27.03,0,23.88046875,0,23.88046875
empty_tensor,,,7.38,7.38,0,0,0,0
aclnnMatmul,,,3.74,3.74,23.88046875,23.88046875,23.88046875,23.88046875
aten::slice,,,2.92,6.46,0,0,0,0
aten::as_strided,,,3.54,3.54,0,0,0,0
aten::layer_norm,,,20.07,94.56,0,19.90040625,0,0
aten::native_layer_norm,,,33.6,74.49,0,19.90040625,0,0
aten::resize_,,,5.75,5.75,0,0,0,0
aten::resize_,,,1.57,1.57,0,0,0,0
empty_tensor,,,8.57,8.57,0,0,0,0
empty_tensor,,,4.83,4.83,0,0,0,0
empty_tensor,,,5.29,5.29,0,0,0,0
aclnnLayerNorm,,,14.88,14.88,19.90040625,19.90040625,0,0
aten::linear,,,3.3,40.42,0,19.000375,0,19.000375
aten::t,,,3.9,12.14,0,0,0,0
aten::transpose,,,2.44,8.24,0,0,0,0
aten::as_strided,,,5.8,5.8,0,0,0,0
aten::matmul,,,15.08,24.98,0,19.000375,0,19.000375
empty_tensor,,,6.6,6.6,0,0,0,0
aclnnMatmul,,,3.3,3.3,19.000375,19.000375,19.000375,19.000375
aten::slice,,,2.93,7.01,0,0,0,0
aten::as_strided,,,4.08,4.08,0,0,0,0
vllm::unquantized_gemm,,,19.58,67.28,0,19.06040625,0,19.06040625
aten::linear,,,4.2,47.7,0,19.06040625,0,19.06040625
aten::t,,,4.89,13.39,0,0,0,0
aten::transpose,,,2.98,8.5,0,0,0,0
aten::as_strided,,,5.52,5.52,0,0,0,0
aten::matmul,,,16.6,30.11,0,19.06040625,0,19.06040625
empty_tensor,,,9.56,9.56,0,0,0,0
aclnnMatmul,,,3.95,3.95,19.06040625,19.06040625,19.06040625,19.06040625
aten::view,,,5.51,5.51,0,0,0,0
aten::slice,,,2.79,6.08,0,0,0,0
aten::as_strided,,,3.29,3.29,0,0,0,0
aten::to,,,1.96,81.67,0,4.18009375,0,0
aten::_to_copy,,,6.22,79.71,0,4.18009375,0,0
aten::empty_strided,,,8.47,12.85,0,0,0,0
empty_tensor,,,4.38,4.38,0,0,0,0
aten::copy_,,,45.38,60.64,0,4.18009375,0,0
aclnnInplaceCopy,,,15.26,15.26,4.18009375,4.18009375,0,0
aten::mul,,,18.42,32.75,0,1.6800625,0,0
empty_tensor,,,6.98,6.98,0,0,0,0
aten::item,,,1.96,3.53,0,0,0,0
aten::_local_scalar_dense,,,1.57,1.57,0,0,0,0
aclnnMuls,,,3.82,3.82,1.6800625,1.6800625,0,0
aten::slice,,,3.41,8.61,0,0,0,0
aten::as_strided,,,5.2,5.2,0,0,0,0
aten::max,,,13.29,19.47,0,0,0,0
aten::empty,,,3.92,3.92,0,0,0,0
aten::fill_,,,2.26,2.26,0,0,0,0
aten::item,,,1.67,2.44,0,0,0,0
aten::_local_scalar_dense,,,0.77,0.77,0,0,0,0
aten::slice,,,6.79,11.79,0,0,0,0
aten::as_strided,,,5.0,5.0,0,0,0,0
aten::slice,,,1.52,4.65,0,0,0,0
aten::as_strided,,,3.13,3.13,0,0,0,0
_glm5_next_kpool_tail_compress_kernel,,,28.69,28.69,16.4403125,16.4403125,0,0
_store_kpool_tail_kernel,,,25.03,25.03,2.8000625,2.8000625,0,0
aten::to,,,3.55,3.55,0,0,0,0
aten::slice,,,8.57,17.35,0,0,0,0
aten::as_strided,,,8.78,8.78,0,0,0,0
aten::empty,,,4.21,16.87,0,0,0,0
empty_tensor,,,12.66,12.66,0,0,0,0
_gather_pool_cache,,,39.6,39.6,3.0600625,3.0600625,0,0
aten::slice,,,4.39,24.86,0,0,0,0
aten::as_strided,,,20.47,20.47,0,0,0,0
aten::to,,,2.07,73.02,0,6.480125,0,0
aten::_to_copy,,,6.67,70.95,0,6.480125,0,0
aten::empty_strided,,,13.79,25.94,0,0,0,0
empty_tensor,,,12.15,12.15,0,0,0,0
aten::copy_,,,23.76,38.34,0,6.480125,0,0
aclnnInplaceCopy,,,14.58,14.58,6.480125,6.480125,0,0
aten::slice,,,2.6,6.72,0,0,0,0
aten::as_strided,,,4.12,4.12,0,0,0,0
aten::to,,,1.39,53.91,0,1.22003125,0,0
aten::_to_copy,,,4.13,52.52,0,1.22003125,0,0
aten::empty_strided,,,8.71,22.86,0,0,0,0
empty_tensor,,,14.15,14.15,0,0,0,0
aten::copy_,,,15.58,25.53,0,1.22003125,0,0
aclnnInplaceCopy,,,9.95,9.95,1.22003125,1.22003125,0,0
aten::unsqueeze,,,3.02,6.78,0,0,0,0
aten::as_strided,,,3.76,3.76,0,0,0,0
aten::mul,,,17.5,40.12,0,13.84028125,0,0
empty_tensor,,,12.83,12.83,0,0,0,0
aclnnMul,,,9.79,9.79,13.84028125,13.84028125,0,0
aten::sum,,,20.25,43.79,0,11.18021875,0,0
empty_tensor,,,14.86,14.86,0,0,0,0
aclnnReduceSum,,,8.68,8.68,11.18021875,11.18021875,0,0
aten::empty,,,2.81,9.96,0,0,0,0
empty_tensor,,,7.15,7.15,0,0,0,0
_glm5_next_lightning_indexer_score_kernel,,,27.93,27.93,16.9803125,16.9803125,0,0
aten::topk,,,30.87,63.75,0,24.0005,0,0
empty_tensor,,,13.93,13.93,0,0,0,0
empty_tensor,,,5.02,5.02,0,0,0,0
aclnnTopk,,,13.93,13.93,24.0005,24.0005,0,0
aten::to,,,2.12,50.53,0,3.1400625,0,0
aten::_to_copy,,,6.38,48.41,0,3.1400625,0,0
aten::empty_strided,,,7.65,12.83,0,0,0,0
empty_tensor,,,5.18,5.18,0,0,0,0
aten::copy_,,,16.99,29.2,0,3.1400625,0,0
aclnnInplaceCopy,,,12.21,12.21,3.1400625,3.1400625,0,0
_expand_pool_indices,,,24.21,24.21,166.1833125,166.1833125,0,0
aten::slice,,,9.09,17.4,0,0,0,0
aten::as_strided,,,8.31,8.31,0,0,0,0
aten::unsqueeze,,,4.7,9.6,0,0,0,0
aten::as_strided,,,4.9,4.9,0,0,0,0
aten::slice,,,5.86,12.23,0,0,0,0
aten::as_strided,,,6.37,6.37,0,0,0,0
aten::to,,,1.8,1.8,0,0,0,0
aten::to,,,1.02,1.02,0,0,0,0
_C_ascend::npu_sparse_flash_attention,,,137.29,198.62,0,73.06146875,0,0
aten::empty,,,4.77,18.97,0,0,0,0
empty_tensor,,,14.2,14.2,0,0,0,0
aten::empty,,,1.61,4.14,0,0,0,0
empty_tensor,,,2.53,2.53,0,0,0,0
aten::empty,,,1.4,3.43,0,0,0,0
empty_tensor,,,2.03,2.03,0,0,0,0
aten::empty,,,4.08,17.28,0,0,0,0
empty_tensor,,,13.2,13.2,0,0,0,0
aclnnSparseFlashAttention,,,17.51,17.51,73.06146875,73.06146875,0,0
aten::view,,,7.8,7.8,0,0,0,0
npu::npu_transpose_batchmatmul,,,33.65,50.7,0,25.2405,0,25.2405
empty_tensor,,,11.2,11.2,0,0,0,0
aclnnTransposeBatchMatMul,,,5.85,5.85,25.2405,25.2405,25.2405,25.2405
aten::reshape,,,1.8,6.62,0,0,0,0
aten::view,,,4.82,4.82,0,0,0,0
aten::slice,,,3.33,6.97,0,0,0,0
aten::as_strided,,,3.64,3.64,0,0,0,0
vllm::unquantized_gemm,,,20.92,86.85,0,191.30384375,0,191.30384375
aten::linear,,,4.59,65.93,0,191.30384375,0,191.30384375
aten::t,,,5.13,14.54,0,0,0,0
aten::transpose,,,3.16,9.41,0,0,0,0
aten::as_strided,,,6.25,6.25,0,0,0,0
aten::matmul,,,21.1,46.8,0,191.30384375,0,191.30384375
empty_tensor,,,9.88,9.88,0,0,0,0
aclnnMatmul,,,15.82,15.82,191.30384375,191.30384375,191.30384375,191.30384375
aten::copy_,,,17.89,30.46,0,7.680125,0,0
aclnnInplaceCopy,,,12.57,12.57,7.680125,7.680125,0,0
aten::view,,,5.67,5.67,0,0,0,0
aten::unsqueeze,,,3.41,7.91,0,0,0,0
aten::as_strided,,,4.5,4.5,0,0,0,0
aten::unsqueeze,,,2.01,4.91,0,0,0,0
aten::as_strided,,,2.9,2.9,0,0,0,0
aten::squeeze,,,2.65,5.52,0,0,0,0
aten::as_strided,,,2.87,2.87,0,0,0,0
aten::unsqueeze,,,1.56,3.95,0,0,0,0
aten::as_strided,,,2.39,2.39,0,0,0,0
aten::unsqueeze,,,1.55,4.62,0,0,0,0
aten::as_strided,,,3.07,3.07,0,0,0,0
_C_ascend::npu_hc_post,,,54.13,97.51,0,24.10046875,0,0
aten::empty,,,3.18,14.83,0,0,0,0
empty_tensor,,,11.65,11.65,0,0,0,0
aten::empty,,,3.61,13.62,0,0,0,0
empty_tensor,,,10.01,10.01,0,0,0,0
aclnnHcPost,,,14.93,14.93,24.10046875,24.10046875,0,0
aten::squeeze,,,3.94,8.88,0,0,0,0
aten::as_strided,,,4.94,4.94,0,0,0,0
_C_ascend::npu_hc_pre_v2,,,53.32,110.38,0,61.12125,0,0
aten::empty,,,2.73,11.78,0,0,0,0
empty_tensor,,,9.05,9.05,0,0,0,0
aten::empty,,,1.88,6.88,0,0,0,0
empty_tensor,,,5.0,5.0,0,0,0,0
aten::empty,,,1.86,6.02,0,0,0,0
empty_tensor,,,4.16,4.16,0,0,0,0
aten::empty,,,1.57,6.02,0,0,0,0
empty_tensor,,,4.45,4.45,0,0,0,0
aten::empty,,,2.85,11.67,0,0,0,0
empty_tensor,,,8.82,8.82,0,0,0,0
aclnnHcPre,,,14.69,14.69,61.12125,61.12125,0,0
npu::npu_rms_norm,,,62.82,90.4,0,10.72021875,0,0
empty_tensor,,,9.06,9.06,0,0,0,0
empty_tensor,,,4.58,4.58,0,0,0,0
aclnnRmsNorm,,,13.94,13.94,10.72021875,10.72021875,0,0
aten::unsqueeze,,,4.08,8.82,0,0,0,0
aten::as_strided,,,4.74,4.74,0,0,0,0
vllm::moe_forward_shared,,,1851.22,3833.96,0,682.05359375,0,72.84146874999999
Event::record,,,112.29,136.21,0,0.02,0,0
record_event,,,23.92,23.92,0.02,0.02,0,0
aten::to,,,2.85,63.49,0,8.4601875,0,0
aten::_to_copy,,,7.65,60.64,0,8.4601875,0,0
aten::empty_strided,,,12.16,20.38,0,0,0,0
empty_tensor,,,8.22,8.22,0,0,0,0
aten::copy_,,,18.67,32.61,0,8.4601875,0,0
aclnnInplaceCopy,,,13.94,13.94,8.4601875,8.4601875,0,0
aten::linear,,,5.31,56.7,0,7.380125,0,7.380125
aten::t,,,5.15,13.38,0,0,0,0
aten::transpose,,,2.88,8.23,0,0,0,0
aten::as_strided,,,5.35,5.35,0,0,0,0
aten::matmul,,,17.28,38.01,0,7.380125,0,7.380125
empty_tensor,,,8.86,8.86,0,0,0,0
aclnnMatmul,,,11.87,11.87,7.380125,7.380125,7.380125,7.380125
Event::record,,,95.15,112.67,0,0.02,0,0
record_event,,,17.52,17.52,0.02,0.02,0,0
_C_ascend::moe_gating_top_k,,,71.65,137.53,0,11.68021875,0,0
aten::empty,,,4.66,19.41,0,0,0,0
empty_tensor,,,14.75,14.75,0,0,0,0
aten::empty,,,1.96,7.56,0,0,0,0
empty_tensor,,,5.6,5.6,0,0,0,0
aten::empty,,,1.71,6.63,0,0,0,0
empty_tensor,,,4.92,4.92,0,0,0,0
aten::empty,,,3.27,14.55,0,0,0,0
empty_tensor,,,11.28,11.28,0,0,0,0
aclnnMoeGatingTopK,,,17.73,17.73,11.68021875,11.68021875,0,0
aten::to,,,2.6,2.6,0,0,0,0
Event::record,,,99.39,120.77,0,0.02,0,0
record_event,,,21.38,21.38,0.02,0.02,0,0
npu::npu_moe_init_routing_v2,,,44.11,90.0,0,33.68065625,0,0
empty_tensor,,,16.67,16.67,0,0,0,0
empty_tensor,,,5.42,5.42,0,0,0,0
empty_tensor,,,4.66,4.66,0,0,0,0
empty_tensor,,,3.75,3.75,0,0,0,0
aclnnMoeInitRoutingV3,,,15.39,15.39,33.68065625,33.68065625,0,0
aten::to,,,2.42,2.42,0,0,0,0
npu::npu_grouped_matmul,,,60.07,91.75,0,221.06440625,0,0
empty_tensor,,,12.67,12.67,0,0,0,0
npu::get_npu_format,,,4.25,4.25,0,0,0,0
aclnnGroupedMatmulV5,,,14.76,14.76,221.06440625,221.06440625,0,0
aten::chunk,,,6.32,33.18,0,0,0,0
aten::split,,,3.86,26.86,0,0,0,0
aten::narrow,,,4.65,16.84,0,0,0,0
aten::slice,,,3.81,12.19,0,0,0,0
aten::as_strided,,,8.38,8.38,0,0,0,0
aten::narrow,,,1.51,6.16,0,0,0,0
aten::slice,,,1.27,4.65,0,0,0,0
aten::as_strided,,,3.38,3.38,0,0,0,0
aten::clamp_,,,28.65,34.12,0,63.501281250000005,0,0
aclnnClamp,,,5.47,5.47,63.501281250000005,63.501281250000005,0,0
aten::clamp_,,,15.97,18.84,0,59.0611875,0,0
aclnnClamp,,,2.87,2.87,59.0611875,59.0611875,0,0
npu::npu_swiglu,,,65.91,78.61,0,19.640375,0,0
empty_tensor,,,8.25,8.25,0,0,0,0
aclnnSwiGlu,,,4.45,4.45,19.640375,19.640375,0,0
Event::record,,,98.01,118.72,0,0.02,0,0
record_event,,,20.71,20.71,0.02,0.02,0,0
npu::npu_grouped_matmul,,,39.62,71.4,0,110.06221875,0,0
empty_tensor,,,14.17,14.17,0,0,0,0
npu::get_npu_format,,,2.45,2.45,0,0,0,0
aclnnGroupedMatmulV5,,,15.16,15.16,110.06221875,110.06221875,0,0
Event::record,,,91.04,109.08,0,0.02,0,0
record_event,,,18.04,18.04,0.02,0.02,0,0
aten::to,,,2.13,81.48,0,1.36,0,0
aten::_to_copy,,,7.56,79.35,0,1.36,0,0
aten::empty_strided,,,10.88,17.96,0,0,0,0
empty_tensor,,,7.08,7.08,0,0,0,0
aten::copy_,,,39.57,53.83,0,1.36,0,0
aclnnInplaceCopy,,,14.26,14.26,1.36,1.36,0,0
aten::abs,,,15.8,34.62,0,1.56003125,0,0
empty_tensor,,,8.54,8.54,0,0,0,0
aclnnAbs,,,10.28,10.28,1.56003125,1.56003125,0,0
npu::npu_moe_token_unpermute,,,98.54,119.2,0,15.8003125,0,0
empty_tensor,,,8.3,8.3,0,0,0,0
aclnnMoeTokenUnpermute,,,12.36,12.36,15.8003125,15.8003125,0,0
vllm::unquantized_gemm,,,21.65,94.41,0,43.120875,0,43.120875
aten::linear,,,4.96,72.76,0,43.120875,0,43.120875
aten::t,,,5.7,17.95,0,0,0,0
aten::transpose,,,3.54,12.25,0,0,0,0
aten::as_strided,,,8.71,8.71,0,0,0,0
aten::matmul,,,22.9,49.85,0,43.120875,0,43.120875
empty_tensor,,,11.28,11.28,0,0,0,0
aclnnMatmul,,,15.67,15.67,43.120875,43.120875,43.120875,43.120875
aten::slice,,,4.07,9.75,0,0,0,0
aten::as_strided,,,5.68,5.68,0,0,0,0
aten::clamp,,,23.99,47.77,0,14.6603125,0,0
empty_tensor,,,9.84,9.84,0,0,0,0
aclnnClamp,,,13.94,13.94,14.6603125,14.6603125,0,0
aten::slice,,,3.0,6.93,0,0,0,0
aten::as_strided,,,3.93,3.93,0,0,0,0
aten::clamp,,,18.29,37.16,0,12.960249999999998,0,0
empty_tensor,,,7.27,7.27,0,0,0,0
aclnnClamp,,,11.6,11.6,12.960249999999998,12.960249999999998,0,0
aten::mul,,,20.03,42.96,0,6.900125,0,0
empty_tensor,,,6.77,6.77,0,0,0,0
aten::item,,,2.7,4.69,0,0,0,0
aten::_local_scalar_dense,,,1.99,1.99,0,0,0,0
aclnnMuls,,,11.47,11.47,6.900125,6.900125,0,0
aten::sigmoid,,,12.95,28.91,0,8.22015625,0,0
empty_tensor,,,6.04,6.04,0,0,0,0
aclnnSigmoid,,,9.92,9.92,8.22015625,8.22015625,0,0
aten::mul,,,14.22,27.84,0,10.1801875,0,0
empty_tensor,,,5.21,5.21,0,0,0,0
aclnnMul,,,8.41,8.41,10.1801875,10.1801875,0,0
aten::add,,,20.1,39.47,0,7.32015625,0,0
empty_tensor,,,6.65,6.65,0,0,0,0
aten::item,,,1.62,2.82,0,0,0,0
aten::_local_scalar_dense,,,1.2,1.2,0,0,0,0
aclnnAdds,,,9.9,9.9,7.32015625,7.32015625,0,0
aten::mul,,,12.82,27.47,0,3.0000625,0,0
empty_tensor,,,5.52,5.52,0,0,0,0
aclnnMul,,,9.13,9.13,3.0000625,3.0000625,0,0
vllm::unquantized_gemm,,,21.57,84.58,0,22.34046875,0,22.34046875
aten::linear,,,4.35,63.01,0,22.34046875,0,22.34046875
aten::t,,,4.52,14.25,0,0,0,0
aten::transpose,,,2.61,9.73,0,0,0,0
aten::as_strided,,,7.12,7.12,0,0,0,0
aten::matmul,,,19.66,44.41,0,22.34046875,0,22.34046875
empty_tensor,,,10.94,10.94,0,0,0,0
aclnnMatmul,,,13.81,13.81,22.34046875,22.34046875,22.34046875,22.34046875
destroy_event,,,13.57,13.57,0,0,0,0
destroy_event,,,2.82,2.82,0,0,0,0
destroy_event,,,1.93,1.93,0,0,0,0
destroy_event,,,1.66,1.66,0,0,0,0
destroy_event,,,2.12,2.12,0,0,0,0
vllm::maybe_all_reduce_shared_expert,,,24.32,24.32,0,0,0,0
aten::_foreach_add,,,36.47,66.47,0,15.7803125,0,0
aten::result_type,,,3.18,3.18,0,0,0,0
empty_tensor,,,12.68,12.68,0,0,0,0
aclnnForeachAddListV2,,,14.14,14.14,15.7803125,15.7803125,0,0
vllm::maybe_all_reduce_tensor_model_parallel,,,30.02,30.02,0,0,0,0
aten::view,,,8.51,8.51,0,0,0,0
aten::unsqueeze,,,3.88,8.94,0,0,0,0
aten::as_strided,,,5.06,5.06,0,0,0,0
aten::unsqueeze,,,1.92,5.16,0,0,0,0
aten::as_strided,,,3.24,3.24,0,0,0,0
aten::squeeze,,,2.93,22.42,0,0,0,0
aten::as_strided,,,19.49,19.49,0,0,0,0
aten::unsqueeze,,,2.06,4.63,0,0,0,0
aten::as_strided,,,2.57,2.57,0,0,0,0
aten::unsqueeze,,,2.11,4.89,0,0,0,0
aten::as_strided,,,2.78,2.78,0,0,0,0
_C_ascend::npu_hc_post,,,53.46,97.56,0,21.5804375,0,0
aten::empty,,,3.46,14.02,0,0,0,0
empty_tensor,,,10.56,10.56,0,0,0,0
aten::empty,,,3.29,13.13,0,0,0,0
empty_tensor,,,9.84,9.84,0,0,0,0
aclnnHcPost,,,16.95,16.95,21.5804375,21.5804375,0,0
aten::squeeze,,,4.21,8.73,0,0,0,0
aten::as_strided,,,4.52,4.52,0,0,0,0
aten::mean,,,26.28,47.3,0,18.740375,0,0
empty_tensor,,,7.91,7.91,0,0,0,0
aclnnMean,,,13.11,13.11,18.740375,18.740375,0,0
npu::npu_rms_norm,,,66.76,93.39,0,10.84021875,0,0
empty_tensor,,,8.83,8.83,0,0,0,0
empty_tensor,,,4.47,4.47,0,0,0,0
aclnnRmsNorm,,,13.33,13.33,10.84021875,10.84021875,0,0
aten::index,,,35.8,61.95,0,11.520249999999999,0,0
empty_tensor,,,6.18,6.18,0,0,0,0
empty_tensor,,,6.2,6.2,0,0,0,0
aclnnIndex,,,13.77,13.77,11.520249999999999,11.520249999999999,0,0
aten::linear,,,5.06,61.22,0,961.99921875,0,961.99921875
aten::t,,,5.63,15.08,0,0,0,0
aten::transpose,,,3.28,9.45,0,0,0,0
aten::as_strided,,,6.17,6.17,0,0,0,0
aten::matmul,,,19.32,41.08,0,961.99921875,0,961.99921875
empty_tensor,,,8.44,8.44,0,0,0,0
aclnnMatmul,,,13.32,13.32,961.99921875,961.99921875,961.99921875,961.99921875
aten::alias,,,4.55,4.55,0,0,0,0
aten::log_softmax,,,16.08,120.15,0,52.041031249999996,0,0
aten::to,,,3.8,67.71,0,8.06015625,0,0
aten::_to_copy,,,7.55,63.91,0,8.06015625,0,0
aten::empty_strided,,,11.98,18.97,0,0,0,0
empty_tensor,,,6.99,6.99,0,0,0,0
aten::copy_,,,21.83,37.39,0,8.06015625,0,0
aclnnInplaceCopy,,,15.56,15.56,8.06015625,8.06015625,0,0
aten::_log_softmax,,,20.0,36.36,0,43.980875,0,0
empty_tensor,,,6.73,6.73,0,0,0,0
aclnnLogSoftmax,,,9.63,9.63,43.980875,43.980875,0,0
aten::to,,,2.3,51.54,0,3.1200625,0,0
aten::_to_copy,,,5.19,49.24,0,3.1200625,0,0
aten::empty_strided,,,14.0,18.86,0,0,0,0
empty_tensor,,,4.86,4.86,0,0,0,0
aten::copy_,,,15.21,25.19,0,3.1200625,0,0
aclnnInplaceCopy,,,9.98,9.98,3.1200625,3.1200625,0,0
aten::argmax,,,9.9,70.05,0,21.00040625,0,0
aten::empty,,,2.73,10.47,0,0,0,0
empty_tensor,,,7.74,7.74,0,0,0,0
aten::argmax,,,25.62,49.68,0,21.00040625,0,0
aten::reshape,,,1.92,7.62,0,0,0,0
aten::view,,,5.7,5.7,0,0,0,0
aclnnArgMax,,,16.44,16.44,21.00040625,21.00040625,0,0
aten::view,,,4.15,4.15,0,0,0,0
aten::to,,,1.71,1.71,0,0,0,0
aten::topk,,,34.62,60.61,0,34.3006875,0,0
empty_tensor,,,7.31,7.31,0,0,0,0
empty_tensor,,,4.11,4.11,0,0,0,0
aclnnTopk,,,14.57,14.57,34.3006875,34.3006875,0,0
aten::unsqueeze,,,3.9,8.74,0,0,0,0
aten::as_strided,,,4.84,4.84,0,0,0,0
aten::gather,,,33.86,59.19,0,5.920125,0,0
empty_tensor,,,8.1,8.1,0,0,0,0
aclnnGather,,,17.23,17.23,5.920125,5.920125,0,0
TorchDynamo Cache Lookup,,,53.67,53.67,0,0,0,0
Torch-Compiled Region: 0/0,,,122.84,228.5,0,34.44065625,0,0
aten::_assert_scalar,,,3.75,3.75,0,0,0,0
aten::_assert_scalar,,,2.37,2.37,0,0,0,0
aten::_assert_scalar,,,1.67,1.67,0,0,0,0
aten::ge,,,31.74,59.6,0,7.840125,0,0
empty_tensor,,,12.67,12.67,0,0,0,0
aclnnGeTensor,,,15.19,15.19,7.840125,7.840125,0,0
aten::sum,,,19.6,38.27,0,26.600531250000003,0,0
empty_tensor,,,7.84,7.84,0,0,0,0
aclnnReduceSum,,,10.83,10.83,26.600531250000003,26.600531250000003,0,0
aten::cat,,,22.33,42.85,0,2.62003125,0,0
empty_tensor,,,8.2,8.2,0,0,0,0
aclnnCat,,,12.32,12.32,2.62003125,2.62003125,0,0
aten::cat,,,12.88,22.71,0,1.88003125,0,0
empty_tensor,,,7.07,7.07,0,0,0,0
aclnnCat,,,2.76,2.76,1.88003125,1.88003125,0,0
aten::to,,,2.39,48.45,0,1.4,0,0
aten::_to_copy,,,5.67,46.06,0,1.4,0,0
aten::empty_strided,,,8.52,12.19,0,0,0,0
empty_tensor,,,3.67,3.67,0,0,0,0
aten::copy_,,,14.58,28.2,0,1.4,0,0
aclnnInplaceCopy,,,13.62,13.62,1.4,1.4,0,0
aten::to,,,1.27,43.81,0,1.38003125,0,0
aten::_to_copy,,,4.34,42.54,0,1.38003125,0,0
aten::empty_strided,,,6.5,10.9,0,0,0,0
empty_tensor,,,4.4,4.4,0,0,0,0
aten::copy_,,,16.54,27.3,0,1.38003125,0,0
aclnnInplaceCopy,,,10.76,10.76,1.38003125,1.38003125,0,0
aten::unsqueeze,,,3.41,8.04,0,0,0,0
aten::as_strided,,,4.63,4.63,0,0,0,0
Event::record,,,147.64,168.59,0,0.02,0,0
record_event,,,20.95,20.95,0.02,0.02,0,0
aten::slice,,,4.73,13.02,0,0,0,0
aten::as_strided,,,8.29,8.29,0,0,0,0
Event::wait,,,92.26,115.04,0,0.02,0,0
wait_event,,,22.78,22.78,0.02,0.02,0,0
Event::record,,,98.54,117.52,0,0.02,0,0
record_event,,,18.98,18.98,0.02,0.02,0,0
Event::wait,,,57.09,72.12,0,0.02,0,0
wait_event,,,15.03,15.03,0.02,0.02,0,0
destroy_event,,,10.01,10.01,0,0,0,0
aten::to,,,3.74,93.3,0,2.0600625,0,0
aten::_to_copy,,,8.25,89.56,0,2.0600625,0,0
aten::empty_strided,,,45.9,45.9,0,0,0,0
aten::copy_,,,24.29,35.41,0,2.0600625,0,0
acl_memcpy_device_to_host,,,11.12,11.12,2.0600625,2.0600625,0,0
aten::to,,,2.68,102.96,0,1.90003125,0,0
aten::_to_copy,,,5.3,100.28,0,1.90003125,0,0
aten::empty_strided,,,4.31,4.31,0,0,0,0
aten::copy_,,,78.58,90.67,0,1.90003125,0,0
acl_memcpy_device_to_host,,,12.09,12.09,1.90003125,1.90003125,0,0
aten::to,,,2.85,42.07,0,2.02003125,0,0
aten::_to_copy,,,4.87,39.22,0,2.02003125,0,0
aten::empty_strided,,,4.22,4.22,0,0,0,0
aten::copy_,,,14.61,30.13,0,2.02003125,0,0
acl_memcpy_device_to_host,,,15.52,15.52,2.02003125,2.02003125,0,0
aten::to,,,2.6,77.23,0,2.02003125,0,0
aten::_to_copy,,,4.44,74.63,0,2.02003125,0,0
aten::empty_strided,,,4.54,4.54,0,0,0,0
aten::copy_,,,15.79,65.65,0,2.02003125,0,0
acl_memcpy_device_to_host,,,49.86,49.86,2.02003125,2.02003125,0,0
Event::record,,,164.93,189.33,0,0.02,0,0
record_event,,,24.4,24.4,0.02,0.02,0,0
Event::synchronize,,,89.05,89.05,0,0,0,0
aten::slice,,,13.26,18.68,0,0,0,0
aten::as_strided,,,5.42,5.42,0,0,0,0
aten::slice,,,3.87,12.35,0,0,0,0
aten::as_strided,,,8.48,8.48,0,0,0,0
aten::pin_memory,,,5.55,24.96,0,0,0,0
aten::is_pinned,,,19.41,19.41,0,0,0,0
aten::copy_,,,29.32,51.02,0,2.52003125,0,0
acl_memcpy_host_to_device,,,21.7,21.7,2.52003125,2.52003125,0,0
aten::slice,,,7.05,9.63,0,0,0,0
aten::as_strided,,,2.58,2.58,0,0,0,0
aten::slice,,,3.08,8.08,0,0,0,0
aten::as_strided,,,5.0,5.0,0,0,0,0
aten::pin_memory,,,4.7,58.29,0,0,0,0
aten::is_pinned,,,53.59,53.59,0,0,0,0
aten::copy_,,,18.73,40.81,0,2.30003125,0,0
acl_memcpy_host_to_device,,,22.08,22.08,2.30003125,2.30003125,0,0
aten::slice,,,6.36,9.16,0,0,0,0
aten::as_strided,,,2.8,2.8,0,0,0,0
aten::slice,,,3.21,7.78,0,0,0,0
aten::as_strided,,,4.57,4.57,0,0,0,0
aten::pin_memory,,,4.54,50.81,0,0,0,0
aten::is_pinned,,,46.27,46.27,0,0,0,0
aten::copy_,,,17.1,37.73,0,2.14003125,0,0
acl_memcpy_host_to_device,,,20.63,20.63,2.14003125,2.14003125,0,0
aten::slice,,,7.13,10.61,0,0,0,0
aten::as_strided,,,3.48,3.48,0,0,0,0
aten::slice,,,3.1,7.27,0,0,0,0
aten::as_strided,,,4.17,4.17,0,0,0,0
aten::pin_memory,,,4.33,48.13,0,0,0,0
aten::is_pinned,,,43.8,43.8,0,0,0,0
aten::copy_,,,17.27,37.41,0,2.5000625,0,0
acl_memcpy_host_to_device,,,20.14,20.14,2.5000625,2.5000625,0,0
aten::slice,,,6.36,8.87,0,0,0,0
aten::as_strided,,,2.51,2.51,0,0,0,0
aten::slice,,,3.38,7.55,0,0,0,0
aten::as_strided,,,4.17,4.17,0,0,0,0
aten::pin_memory,,,3.73,12.24,0,0,0,0
aten::is_pinned,,,8.51,8.51,0,0,0,0
aten::copy_,,,17.7,68.06,0,2.34003125,0,0
acl_memcpy_host_to_device,,,50.36,50.36,2.34003125,2.34003125,0,0
aten::slice,,,11.59,15.76,0,0,0,0
aten::as_strided,,,4.17,4.17,0,0,0,0
aten::slice,,,3.48,11.16,0,0,0,0
aten::as_strided,,,7.68,7.68,0,0,0,0
aten::pin_memory,,,4.32,20.41,0,0,0,0
aten::is_pinned,,,16.09,16.09,0,0,0,0
aten::copy_,,,20.07,42.81,0,2.4800625,0,0
acl_memcpy_host_to_device,,,22.74,22.74,2.4800625,2.4800625,0,0
aten::slice,,,5.92,10.39,0,0,0,0
aten::as_strided,,,4.47,4.47,0,0,0,0
aten::lift_fresh,,,1.5,1.5,0,0,0,0
aten::lift_fresh,,,2.13,2.13,0,0,0,0
aten::flatten,,,4.24,13.17,0,0,0,0
aten::view,,,8.93,8.93,0,0,0,0
aten::slice,,,4.5,6.61,0,0,0,0
aten::as_strided,,,2.11,2.11,0,0,0,0
aten::index_select,,,9.86,9.86,0,0,0,0
aten::pin_memory,,,4.04,18.97,0,0,0,0
aten::is_pinned,,,14.93,14.93,0,0,0,0
aten::copy_,,,18.72,42.2,0,2.20003125,0,0
acl_memcpy_host_to_device,,,23.48,23.48,2.20003125,2.20003125,0,0
aten::pin_memory,,,4.06,13.09,0,0,0,0
aten::is_pinned,,,9.03,9.03,0,0,0,0
aten::copy_,,,54.81,73.39,0,2.42003125,0,0
acl_memcpy_host_to_device,,,18.58,18.58,2.42003125,2.42003125,0,0
aten::slice,,,7.24,10.4,0,0,0,0
aten::as_strided,,,3.16,3.16,0,0,0,0
aten::lift_fresh,,,1.06,1.06,0,0,0,0
aten::slice,,,4.83,6.62,0,0,0,0
aten::as_strided,,,1.79,1.79,0,0,0,0
aten::add,,,21.28,21.28,0,0,0,0
aten::slice,,,3.76,4.95,0,0,0,0
aten::as_strided,,,1.19,1.19,0,0,0,0
aten::fill_,,,6.91,6.91,0,0,0,0
aten::slice,,,3.56,9.99,0,0,0,0
aten::as_strided,,,6.43,6.43,0,0,0,0
aten::fill_,,,22.95,44.02,0,1.7200625,0,0
aclnnInplaceFillScalar,,,21.07,21.07,1.7200625,1.7200625,0,0
aten::slice,,,6.31,12.16,0,0,0,0
aten::as_strided,,,5.85,5.85,0,0,0,0
aten::select,,,4.83,7.4,0,0,0,0
aten::as_strided,,,2.57,2.57,0,0,0,0
aten::copy_,,,80.03,100.62,0,0.6,0,0
aclnnInplaceCopy,,,20.59,20.59,0.6,0.6,0,0
aten::slice,,,7.11,10.01,0,0,0,0
aten::as_strided,,,2.9,2.9,0,0,0,0
aten::detach,,,4.58,4.58,0,0,0,0
aten::to,,,1.71,1.71,0,0,0,0
aten::resolve_conj,,,1.22,1.22,0,0,0,0
aten::resolve_neg,,,0.87,0.87,0,0,0,0
aten::slice,,,5.26,7.61,0,0,0,0
aten::as_strided,,,2.35,2.35,0,0,0,0
aten::slice,,,3.05,7.93,0,0,0,0
aten::as_strided,,,4.88,4.88,0,0,0,0
aten::pin_memory,,,4.22,19.85,0,0,0,0
aten::is_pinned,,,15.63,15.63,0,0,0,0
aten::copy_,,,3.88,3.88,0,0,0,0
aten::slice,,,5.93,7.74,0,0,0,0
aten::as_strided,,,1.81,1.81,0,0,0,0
aten::slice,,,2.78,6.52,0,0,0,0
aten::as_strided,,,3.74,3.74,0,0,0,0
aten::pin_memory,,,3.22,12.66,0,0,0,0
aten::is_pinned,,,9.44,9.44,0,0,0,0
aten::copy_,,,16.37,32.56,0,2.40003125,0,0
acl_memcpy_host_to_device,,,16.19,16.19,2.40003125,2.40003125,0,0
aten::fill_,,,59.72,79.54,0,1.48003125,0,0
aclnnInplaceFillScalar,,,19.82,19.82,1.48003125,1.48003125,0,0
aten::slice,,,7.41,11.9,0,0,0,0
aten::as_strided,,,4.49,4.49,0,0,0,0
aten::slice,,,3.3,5.54,0,0,0,0
aten::as_strided,,,2.24,2.24,0,0,0,0
aten::copy_,,,21.39,33.32,0,2.34003125,0,0
acl_memcpy_host_to_device,,,11.93,11.93,2.34003125,2.34003125,0,0
aten::slice,,,6.83,9.41,0,0,0,0
aten::as_strided,,,2.58,2.58,0,0,0,0
aten::slice,,,2.98,7.49,0,0,0,0
aten::as_strided,,,4.51,4.51,0,0,0,0
aten::pin_memory,,,4.03,16.35,0,0,0,0
aten::is_pinned,,,12.32,12.32,0,0,0,0
aten::copy_,,,16.33,33.69,0,2.4800625,0,0
acl_memcpy_host_to_device,,,17.36,17.36,2.4800625,2.4800625,0,0
aten::slice,,,5.79,9.69,0,0,0,0
aten::as_strided,,,3.9,3.9,0,0,0,0
aten::slice,,,5.27,7.62,0,0,0,0
aten::as_strided,,,2.35,2.35,0,0,0,0
aten::slice,,,2.89,6.57,0,0,0,0
aten::as_strided,,,3.68,3.68,0,0,0,0
aten::pin_memory,,,3.63,14.24,0,0,0,0
aten::is_pinned,,,10.61,10.61,0,0,0,0
aten::copy_,,,15.38,32.41,0,2.3800625,0,0
acl_memcpy_host_to_device,,,17.03,17.03,2.3800625,2.3800625,0,0
aten::slice,,,5.09,6.98,0,0,0,0
aten::as_strided,,,1.89,1.89,0,0,0,0
aten::slice,,,4.07,42.81,0,0,0,0
aten::as_strided,,,38.74,38.74,0,0,0,0
aten::pin_memory,,,3.9,13.81,0,0,0,0
aten::is_pinned,,,9.91,9.91,0,0,0,0
aten::copy_,,,16.23,33.04,0,2.3600625,0,0
acl_memcpy_host_to_device,,,16.81,16.81,2.3600625,2.3600625,0,0
aten::slice,,,4.35,8.2,0,0,0,0
aten::as_strided,,,3.85,3.85,0,0,0,0
aten::index,,,37.66,72.8,0,10.4801875,0,0
empty_tensor,,,8.29,8.29,0,0,0,0
empty_tensor,,,9.66,9.66,0,0,0,0
aclnnIndex,,,17.19,17.19,10.4801875,10.4801875,0,0
aten::to,,,2.35,52.5,0,1.26,0,0
aten::_to_copy,,,6.39,50.15,0,1.26,0,0
aten::empty_strided,,,9.01,13.89,0,0,0,0
empty_tensor,,,4.88,4.88,0,0,0,0
aten::copy_,,,17.38,29.87,0,1.26,0,0
aclnnInplaceCopy,,,12.49,12.49,1.26,1.26,0,0
aten::slice,,,6.51,10.85,0,0,0,0
aten::as_strided,,,4.34,4.34,0,0,0,0
aten::add,,,19.84,37.11,0,2.82003125,0,0
empty_tensor,,,6.59,6.59,0,0,0,0
aclnnAdd,,,10.68,10.68,2.82003125,2.82003125,0,0
aten::slice,,,5.23,9.83,0,0,0,0
aten::as_strided,,,4.6,4.6,0,0,0,0
aten::copy_,,,58.87,76.51,0,0.60003125,0,0
aclnnInplaceCopy,,,17.64,17.64,0.60003125,0.60003125,0,0
aten::slice,,,6.36,10.46,0,0,0,0
aten::as_strided,,,4.1,4.1,0,0,0,0
aten::add,,,19.57,38.55,0,1.64003125,0,0
empty_tensor,,,8.21,8.21,0,0,0,0
aclnnAdd,,,10.77,10.77,1.64003125,1.64003125,0,0
aten::slice,,,5.93,10.4,0,0,0,0
aten::as_strided,,,4.47,4.47,0,0,0,0
aten::copy_,,,49.26,61.17,0,0.60003125,0,0
aclnnInplaceCopy,,,11.91,11.91,0.60003125,0.60003125,0,0
aten::slice,,,5.89,10.64,0,0,0,0
aten::as_strided,,,4.75,4.75,0,0,0,0
aten::fill_,,,13.77,24.39,0,1.42003125,0,0
aclnnInplaceFillScalar,,,10.62,10.62,1.42003125,1.42003125,0,0
aten::slice,,,5.37,9.31,0,0,0,0
aten::as_strided,,,3.94,3.94,0,0,0,0
aten::slice,,,3.03,5.85,0,0,0,0
aten::as_strided,,,2.82,2.82,0,0,0,0
_compute_slot_mapping_fused_groups_kernel,,,28.22,28.22,21.9004375,21.9004375,0,0
aten::slice,,,9.24,17.93,0,0,0,0
aten::as_strided,,,8.69,8.69,0,0,0,0
aten::sub,,,29.11,59.83,0,1.40003125,0,0
empty_tensor,,,11.07,11.07,0,0,0,0
aten::item,,,2.3,4.36,0,0,0,0
aten::_local_scalar_dense,,,2.06,2.06,0,0,0,0
aclnnSubs,,,15.29,15.29,1.40003125,1.40003125,0,0
aten::pin_memory,,,8.39,29.97,0,0,0,0
aten::is_pinned,,,21.58,21.58,0,0,0,0
aten::copy_,,,21.27,39.98,0,2.3400625,0,0
acl_memcpy_host_to_device,,,18.71,18.71,2.3400625,2.3400625,0,0
aten::detach,,,5.16,5.16,0,0,0,0
aten::to,,,2.13,2.13,0,0,0,0
aten::resolve_conj,,,1.36,1.36,0,0,0,0
aten::resolve_neg,,,0.83,0.83,0,0,0,0
aten::slice,,,8.83,16.97,0,0,0,0
aten::as_strided,,,8.14,8.14,0,0,0,0
aten::slice,,,3.39,6.63,0,0,0,0
aten::as_strided,,,3.24,3.24,0,0,0,0
aten::slice,,,3.19,5.9,0,0,0,0
aten::as_strided,,,2.71,2.71,0,0,0,0
aten::fill_,,,21.31,42.78,0,0,0,0
aclnnInplaceFillScalar,,,21.47,21.47,0,0,0,0
aten::slice,,,4.73,8.6,0,0,0,0
aten::as_strided,,,3.87,3.87,0,0,0,0
aten::fill_,,,12.94,25.3,0,0,0,0
aclnnInplaceFillScalar,,,12.36,12.36,0,0,0,0
aten::slice,,,4.47,6.85,0,0,0,0
aten::as_strided,,,2.38,2.38,0,0,0,0
aten::slice,,,2.89,3.94,0,0,0,0
aten::as_strided,,,1.05,1.05,0,0,0,0
aten::lt,,,15.48,15.48,0,0,0,0
aten::lift_fresh,,,1.21,1.21,0,0,0,0
aten::slice,,,1.56,2.64,0,0,0,0
aten::as_strided,,,1.08,1.08,0,0,0,0
aten::fill_,,,2.76,10.84,0,0,0,0
aten::copy_,,,8.08,8.08,0,0,0,0
aten::slice,,,3.82,5.15,0,0,0,0
aten::as_strided,,,1.33,1.33,0,0,0,0
aten::slice,,,2.61,6.57,0,0,0,0
aten::as_strided,,,3.96,3.96,0,0,0,0
aten::slice,,,2.66,4.51,0,0,0,0
aten::as_strided,,,1.85,1.85,0,0,0,0
aten::slice,,,2.9,5.29,0,0,0,0
aten::as_strided,,,2.39,2.39,0,0,0,0
aten::slice,,,2.11,2.9,0,0,0,0
aten::as_strided,,,0.79,0.79,0,0,0,0
aten::slice,,,1.98,2.83,0,0,0,0
aten::as_strided,,,0.85,0.85,0,0,0,0
aten::slice,,,2.56,4.97,0,0,0,0
aten::as_strided,,,2.41,2.41,0,0,0,0
aten::slice,,,2.39,4.39,0,0,0,0
aten::as_strided,,,2.0,2.0,0,0,0,0
aten::slice,,,2.26,4.85,0,0,0,0
aten::as_strided,,,2.59,2.59,0,0,0,0
aten::slice,,,5.46,11.26,0,0,0,0
aten::as_strided,,,5.8,5.8,0,0,0,0
aten::slice,,,2.71,5.62,0,0,0,0
aten::as_strided,,,2.91,2.91,0,0,0,0
aten::slice,,,2.79,5.28,0,0,0,0
aten::as_strided,,,2.49,2.49,0,0,0,0
aten::to,,,1.46,1.46,0,0,0,0
aten::slice,,,2.69,5.35,0,0,0,0
aten::as_strided,,,2.66,2.66,0,0,0,0
aten::slice,,,2.21,4.11,0,0,0,0
aten::as_strided,,,1.9,1.9,0,0,0,0
aten::slice,,,2.49,3.85,0,0,0,0
aten::as_strided,,,1.36,1.36,0,0,0,0
aten::slice,,,3.37,6.75,0,0,0,0
aten::as_strided,,,3.38,3.38,0,0,0,0
aten::slice,,,2.12,5.83,0,0,0,0
aten::as_strided,,,3.71,3.71,0,0,0,0
aten::alias,,,5.64,5.64,0,0,0,0
aten::div,,,39.15,62.85,0,5.960125,0,0
aten::item,,,2.4,4.18,0,0,0,0
aten::_local_scalar_dense,,,1.78,1.78,0,0,0,0
aclnnDivMods,,,19.52,19.52,5.960125,5.960125,0,0
aten::slice,,,2.99,7.54,0,0,0,0
aten::as_strided,,,4.55,4.55,0,0,0,0
aten::slice,,,4.09,6.39,0,0,0,0
aten::as_strided,,,2.3,2.3,0,0,0,0
aten::copy_,,,82.82,95.93,0,0.58,0,0
aclnnInplaceCopy,,,13.11,13.11,0.58,0.58,0,0
aten::slice,,,2.87,12.45,0,0,0,0
aten::as_strided,,,9.58,9.58,0,0,0,0
aten::slice,,,4.73,7.32,0,0,0,0
aten::as_strided,,,2.59,2.59,0,0,0,0
aten::ge,,,23.3,49.23,0,4.48009375,0,0
empty_tensor,,,11.01,11.01,0,0,0,0
aclnnGeScalar,,,14.92,14.92,4.48009375,4.48009375,0,0
aten::add,,,21.47,50.57,0,2.14003125,0,0
empty_tensor,,,6.67,6.67,0,0,0,0
aten::item,,,3.01,4.51,0,0,0,0
aten::_local_scalar_dense,,,1.5,1.5,0,0,0,0
aclnnAdds,,,17.92,17.92,2.14003125,2.14003125,0,0
aten::remainder,,,28.06,78.76,0,3.4000624999999998,0,0
empty_tensor,,,35.03,35.03,0,0,0,0
aclnnRemainderTensorScalar,,,15.67,15.67,3.4000624999999998,3.4000624999999998,0,0
aten::eq,,,14.18,24.94,0,2.52003125,0,0
empty_tensor,,,6.02,6.02,0,0,0,0
aclnnEqScalar,,,4.74,4.74,2.52003125,2.52003125,0,0
aten::__and__,,,2.75,34.72,0,1.56,0,0
aten::bitwise_and,,,16.9,31.97,0,1.56,0,0
empty_tensor,,,5.05,5.05,0,0,0,0
aclnnBitwiseAndTensor,,,10.02,10.02,1.56,1.56,0,0
aten::clamp_min,,,12.89,29.24,0,1.4800625,0,0
empty_tensor,,,5.83,5.83,0,0,0,0
aclnnClampMin,,,10.52,10.52,1.4800625,1.4800625,0,0
aten::div,,,30.77,50.32,0,5.20009375,0,0
empty_tensor,,,5.95,5.95,0,0,0,0
aten::item,,,1.94,3.31,0,0,0,0
aten::_local_scalar_dense,,,1.37,1.37,0,0,0,0
aclnnDivMods,,,10.29,10.29,5.20009375,5.20009375,0,0
aten::remainder,,,19.21,34.82,0,4.98009375,0,0
empty_tensor,,,6.14,6.14,0,0,0,0
aclnnRemainderTensorScalar,,,9.47,9.47,4.98009375,4.98009375,0,0
aten::mul,,,17.0,35.37,0,1.40003125,0,0
empty_tensor,,,6.34,6.34,0,0,0,0
aten::item,,,1.53,2.49,0,0,0,0
aten::_local_scalar_dense,,,0.96,0.96,0,0,0,0
aclnnMuls,,,9.54,9.54,1.40003125,1.40003125,0,0
aten::div,,,19.12,39.18,0,4.440125,0,0
empty_tensor,,,6.81,6.81,0,0,0,0
aten::item,,,1.27,2.71,0,0,0,0
aten::_local_scalar_dense,,,1.44,1.44,0,0,0,0
aclnnDivMods,,,10.54,10.54,4.440125,4.440125,0,0
aten::add,,,15.5,24.12,0,1.32003125,0,0
empty_tensor,,,5.21,5.21,0,0,0,0
aclnnAdd,,,3.41,3.41,1.32003125,1.32003125,0,0
aten::full_like,,,5.29,44.62,0,1.78003125,0,0
aten::empty_like,,,6.95,18.09,0,0,0,0
aten::empty_strided,,,6.96,11.14,0,0,0,0
empty_tensor,,,4.18,4.18,0,0,0,0
aten::fill_,,,9.57,21.24,0,1.78003125,0,0
aclnnInplaceFillScalar,,,11.67,11.67,1.78003125,1.78003125,0,0
aten::where,,,15.49,30.88,0,2.0000625,0,0
empty_tensor,,,5.46,5.46,0,0,0,0
aclnnSWhere,,,9.93,9.93,2.0000625,2.0000625,0,0
aten::copy_,,,14.5,25.04,0,1.32,0,0
aclnnInplaceCopy,,,10.54,10.54,1.32,1.32,0,0
aten::slice,,,3.77,8.34,0,0,0,0
aten::as_strided,,,4.57,4.57,0,0,0,0
aten::slice,,,5.62,8.67,0,0,0,0
aten::as_strided,,,3.05,3.05,0,0,0,0
aten::div,,,23.29,39.28,0,3.9800312499999997,0,0
aten::item,,,1.96,3.02,0,0,0,0
aten::_local_scalar_dense,,,1.06,1.06,0,0,0,0
aclnnDivMods,,,12.97,12.97,3.9800312499999997,3.9800312499999997,0,0
aten::slice,,,3.09,6.43,0,0,0,0
aten::as_strided,,,3.34,3.34,0,0,0,0
aten::slice,,,4.09,6.85,0,0,0,0
aten::as_strided,,,2.76,2.76,0,0,0,0
aten::slice,,,2.32,4.3,0,0,0,0
aten::as_strided,,,1.98,1.98,0,0,0,0
aten::copy_,,,61.04,93.95,0,0.62003125,0,0
aclnnInplaceCopy,,,32.91,32.91,0.62003125,0.62003125,0,0
aten::slice,,,3.58,7.45,0,0,0,0
aten::as_strided,,,3.87,3.87,0,0,0,0
aten::slice,,,4.43,6.72,0,0,0,0
aten::as_strided,,,2.29,2.29,0,0,0,0
aten::copy_,,,50.48,63.69,0,0.62,0,0
aclnnInplaceCopy,,,13.21,13.21,0.62,0.62,0,0
aten::slice,,,4.85,7.32,0,0,0,0
aten::as_strided,,,2.47,2.47,0,0,0,0
aten::div,,,14.81,34.04,0,0,0,0
aten::to,,,1.54,19.23,0,0,0,0
aten::_to_copy,,,5.7,17.69,0,0,0,0
aten::empty_strided,,,3.26,3.26,0,0,0,0
aten::copy_,,,8.73,8.73,0,0,0,0
aten::slice,,,4.21,9.41,0,0,0,0
aten::as_strided,,,5.2,5.2,0,0,0,0
aten::slice,,,5.61,11.37,0,0,0,0
aten::as_strided,,,5.76,5.76,0,0,0,0
aten::slice,,,2.93,6.15,0,0,0,0
aten::as_strided,,,3.22,3.22,0,0,0,0
aten::slice,,,2.53,5.01,0,0,0,0
aten::as_strided,,,2.48,2.48,0,0,0,0
aten::fill_,,,18.6,34.59,0,0,0,0
aclnnInplaceFillScalar,,,15.99,15.99,0,0,0,0
aten::slice,,,5.57,9.15,0,0,0,0
aten::as_strided,,,3.58,3.58,0,0,0,0
aten::fill_,,,13.24,25.32,0,0,0,0
aclnnInplaceFillScalar,,,12.08,12.08,0,0,0,0
aten::slice,,,5.53,9.72,0,0,0,0
aten::as_strided,,,4.19,4.19,0,0,0,0
aten::slice,,,3.01,6.06,0,0,0,0
aten::as_strided,,,3.05,3.05,0,0,0,0
aten::slice,,,6.19,8.95,0,0,0,0
aten::as_strided,,,2.76,2.76,0,0,0,0
aten::slice,,,3.32,7.06,0,0,0,0
aten::as_strided,,,3.74,3.74,0,0,0,0
aten::slice,,,3.05,6.46,0,0,0,0
aten::as_strided,,,3.41,3.41,0,0,0,0
aten::slice,,,2.35,5.05,0,0,0,0
aten::as_strided,,,2.7,2.7,0,0,0,0
aten::slice,,,2.4,4.45,0,0,0,0
aten::as_strided,,,2.05,2.05,0,0,0,0
aten::fill_,,,14.8,29.46,0,0,0,0
aclnnInplaceFillScalar,,,14.66,14.66,0,0,0,0
aten::slice,,,4.44,7.74,0,0,0,0
aten::as_strided,,,3.3,3.3,0,0,0,0
aten::fill_,,,11.31,22.16,0,0,0,0
aclnnInplaceFillScalar,,,10.85,10.85,0,0,0,0
aten::diff,,,9.09,38.58,0,0,0,0
aten::narrow,,,7.11,11.61,0,0,0,0
aten::slice,,,2.43,4.5,0,0,0,0
aten::as_strided,,,2.07,2.07,0,0,0,0
aten::narrow,,,2.49,4.67,0,0,0,0
aten::slice,,,1.08,2.18,0,0,0,0
aten::as_strided,,,1.1,1.1,0,0,0,0
aten::sub,,,13.21,13.21,0,0,0,0
aten::eq,,,14.24,28.62,0,0,0,0
aten::to,,,1.61,14.38,0,0,0,0
aten::_to_copy,,,4.56,12.77,0,0,0,0
aten::empty_strided,,,2.74,2.74,0,0,0,0
aten::copy_,,,5.47,5.47,0,0,0,0
aten::__and__,,,2.03,7.27,0,0,0,0
aten::bitwise_and,,,5.24,5.24,0,0,0,0
aten::gt,,,9.13,17.14,0,0,0,0
aten::to,,,0.86,8.01,0,0,0,0
aten::_to_copy,,,2.43,7.15,0,0,0,0
aten::empty_strided,,,1.97,1.97,0,0,0,0
aten::copy_,,,2.75,2.75,0,0,0,0
aten::__and__,,,1.36,4.43,0,0,0,0
aten::bitwise_and,,,3.07,3.07,0,0,0,0
aten::any,,,7.23,14.9,0,0,0,0
aten::view_as,,,2.13,3.82,0,0,0,0
aten::view,,,1.69,1.69,0,0,0,0
aten::to,,,0.38,0.38,0,0,0,0
aten::copy_,,,3.47,3.47,0,0,0,0
aten::item,,,1.8,3.29,0,0,0,0
aten::_local_scalar_dense,,,1.49,1.49,0,0,0,0
aten::slice,,,4.76,6.7,0,0,0,0
aten::as_strided,,,1.94,1.94,0,0,0,0
aten::slice,,,2.63,3.5,0,0,0,0
aten::as_strided,,,0.87,0.87,0,0,0,0
aten::sub,,,4.92,4.92,0,0,0,0
aten::select,,,3.45,4.62,0,0,0,0
aten::as_strided,,,1.17,1.17,0,0,0,0
aten::item,,,1.05,2.03,0,0,0,0
aten::_local_scalar_dense,,,0.98,0.98,0,0,0,0
aten::gt,,,7.03,15.67,0,0,0,0
aten::to,,,1.05,8.64,0,0,0,0
aten::_to_copy,,,2.8,7.59,0,0,0,0
aten::empty_strided,,,1.67,1.67,0,0,0,0
aten::copy_,,,3.12,3.12,0,0,0,0
aten::__ior__,,,2.93,13.09,0,0,0,0
aten::bitwise_or_,,,10.16,10.16,0,0,0,0
aten::any,,,5.09,11.19,0,0,0,0
aten::view_as,,,1.42,2.8,0,0,0,0
aten::view,,,1.38,1.38,0,0,0,0
aten::to,,,0.44,0.44,0,0,0,0
aten::copy_,,,2.86,2.86,0,0,0,0
aten::is_nonzero,,,1.97,4.37,0,0,0,0
aten::item,,,1.49,2.4,0,0,0,0
aten::_local_scalar_dense,,,0.91,0.91,0,0,0,0
aten::select,,,5.41,13.23,0,0,0,0
aten::as_strided,,,7.82,7.82,0,0,0,0
aten::slice,,,5.1,9.6,0,0,0,0
aten::as_strided,,,4.5,4.5,0,0,0,0
aten::slice,,,3.05,5.59,0,0,0,0
aten::as_strided,,,2.54,2.54,0,0,0,0
aten::slice,,,2.86,5.07,0,0,0,0
aten::as_strided,,,2.21,2.21,0,0,0,0
aten::copy_,,,69.16,87.13,0,0.62003125,0,0
aclnnInplaceCopy,,,17.97,17.97,0.62003125,0.62003125,0,0
aten::slice,,,6.71,10.67,0,0,0,0
aten::as_strided,,,3.96,3.96,0,0,0,0
aten::fill_,,,15.43,28.41,0,0,0,0
aclnnInplaceFillScalar,,,12.98,12.98,0,0,0,0
aten::slice,,,6.32,10.19,0,0,0,0
aten::as_strided,,,3.87,3.87,0,0,0,0
aten::slice,,,2.81,5.36,0,0,0,0
aten::as_strided,,,2.55,2.55,0,0,0,0
aten::slice,,,2.93,5.44,0,0,0,0
aten::as_strided,,,2.51,2.51,0,0,0,0
aten::copy_,,,53.78,67.58,0,0.64003125,0,0
aclnnInplaceCopy,,,13.8,13.8,0.64003125,0.64003125,0,0
aten::slice,,,5.51,9.44,0,0,0,0
aten::as_strided,,,3.93,3.93,0,0,0,0
aten::slice,,,3.37,6.65,0,0,0,0
aten::as_strided,,,3.28,3.28,0,0,0,0
aten::slice,,,3.08,6.16,0,0,0,0
aten::as_strided,,,3.08,3.08,0,0,0,0
aten::slice,,,2.26,4.61,0,0,0,0
aten::as_strided,,,2.35,2.35,0,0,0,0
aten::slice,,,2.05,4.24,0,0,0,0
aten::as_strided,,,2.19,2.19,0,0,0,0
aten::copy_,,,50.39,63.82,0,0.68,0,0
aclnnInplaceCopy,,,13.43,13.43,0.68,0.68,0,0
aten::slice,,,4.77,8.34,0,0,0,0
aten::as_strided,,,3.57,3.57,0,0,0,0
aten::slice,,,2.29,4.79,0,0,0,0
aten::as_strided,,,2.5,2.5,0,0,0,0
aten::slice,,,2.36,4.86,0,0,0,0
aten::as_strided,,,2.5,2.5,0,0,0,0
aten::sub,,,20.56,33.43,0,1.4000625,0,0
aclnnSub,,,12.87,12.87,1.4000625,1.4000625,0,0
aten::slice,,,8.71,11.84,0,0,0,0
aten::as_strided,,,3.13,3.13,0,0,0,0
aten::slice,,,2.83,8.23,0,0,0,0
aten::as_strided,,,5.4,5.4,0,0,0,0
aten::slice,,,3.06,5.52,0,0,0,0
aten::as_strided,,,2.46,2.46,0,0,0,0
aten::slice,,,2.7,5.25,0,0,0,0
aten::as_strided,,,2.55,2.55,0,0,0,0
aten::slice,,,2.24,4.21,0,0,0,0
aten::as_strided,,,1.97,1.97,0,0,0,0
aten::fill_,,,17.91,34.0,0,0,0,0
aclnnInplaceFillScalar,,,16.09,16.09,0,0,0,0
aten::slice,,,5.14,9.2,0,0,0,0
aten::as_strided,,,4.06,4.06,0,0,0,0
aten::fill_,,,12.2,23.17,0,0,0,0
aclnnInplaceFillScalar,,,10.97,10.97,0,0,0,0
aten::diff,,,7.17,32.95,0,0,0,0
aten::narrow,,,5.53,10.16,0,0,0,0
aten::slice,,,2.28,4.63,0,0,0,0
aten::as_strided,,,2.35,2.35,0,0,0,0
aten::narrow,,,1.81,4.03,0,0,0,0
aten::slice,,,1.03,2.22,0,0,0,0
aten::as_strided,,,1.19,1.19,0,0,0,0
aten::sub,,,11.59,11.59,0,0,0,0
aten::eq,,,12.01,26.48,0,0,0,0
aten::to,,,1.55,14.47,0,0,0,0
aten::_to_copy,,,4.46,12.92,0,0,0,0
aten::empty_strided,,,2.86,2.86,0,0,0,0
aten::copy_,,,5.6,5.6,0,0,0,0
aten::__and__,,,2.1,6.2,0,0,0,0
aten::bitwise_and,,,4.1,4.1,0,0,0,0
aten::gt,,,6.82,14.36,0,0,0,0
aten::to,,,0.93,7.54,0,0,0,0
aten::_to_copy,,,2.29,6.61,0,0,0,0
aten::empty_strided,,,1.76,1.76,0,0,0,0
aten::copy_,,,2.56,2.56,0,0,0,0
aten::__and__,,,1.4,4.47,0,0,0,0
aten::bitwise_and,,,3.07,3.07,0,0,0,0
aten::any,,,5.24,11.74,0,0,0,0
aten::view_as,,,1.81,3.37,0,0,0,0
aten::view,,,1.56,1.56,0,0,0,0
aten::to,,,0.35,0.35,0,0,0,0
aten::copy_,,,2.78,2.78,0,0,0,0
aten::item,,,1.67,2.92,0,0,0,0
aten::_local_scalar_dense,,,1.25,1.25,0,0,0,0
aten::slice,,,4.44,5.82,0,0,0,0
aten::as_strided,,,1.38,1.38,0,0,0,0
aten::slice,,,2.24,3.01,0,0,0,0
aten::as_strided,,,0.77,0.77,0,0,0,0
aten::sub,,,4.8,4.8,0,0,0,0
aten::select,,,2.69,3.86,0,0,0,0
aten::as_strided,,,1.17,1.17,0,0,0,0
aten::item,,,0.93,2.09,0,0,0,0
aten::_local_scalar_dense,,,1.16,1.16,0,0,0,0
aten::gt,,,6.8,15.07,0,0,0,0
aten::to,,,1.0,8.27,0,0,0,0
aten::_to_copy,,,2.67,7.27,0,0,0,0
aten::empty_strided,,,1.69,1.69,0,0,0,0
aten::copy_,,,2.91,2.91,0,0,0,0
aten::__ior__,,,1.79,5.85,0,0,0,0
aten::bitwise_or_,,,4.06,4.06,0,0,0,0
aten::any,,,4.42,9.92,0,0,0,0
aten::view_as,,,1.34,2.6,0,0,0,0
aten::view,,,1.26,1.26,0,0,0,0
aten::to,,,0.43,0.43,0,0,0,0
aten::copy_,,,2.47,2.47,0,0,0,0
aten::is_nonzero,,,1.5,3.13,0,0,0,0
aten::item,,,1.04,1.63,0,0,0,0
aten::_local_scalar_dense,,,0.59,0.59,0,0,0,0
aten::select,,,4.27,11.37,0,0,0,0
aten::as_strided,,,7.1,7.1,0,0,0,0
aten::slice,,,4.54,8.99,0,0,0,0
aten::as_strided,,,4.45,4.45,0,0,0,0
aten::slice,,,2.42,4.66,0,0,0,0
aten::as_strided,,,2.24,2.24,0,0,0,0
aten::slice,,,2.26,4.29,0,0,0,0
aten::as_strided,,,2.03,2.03,0,0,0,0
aten::copy_,,,67.03,84.9,0,0.60003125,0,0
aclnnInplaceCopy,,,17.87,17.87,0.60003125,0.60003125,0,0
aten::slice,,,5.78,9.73,0,0,0,0
aten::as_strided,,,3.95,3.95,0,0,0,0
aten::fill_,,,14.65,27.09,0,0,0,0
aclnnInplaceFillScalar,,,12.44,12.44,0,0,0,0
aten::slice,,,5.6,9.86,0,0,0,0
aten::as_strided,,,4.26,4.26,0,0,0,0
aten::slice,,,2.74,5.22,0,0,0,0
aten::as_strided,,,2.48,2.48,0,0,0,0
aten::slice,,,2.24,4.37,0,0,0,0
aten::as_strided,,,2.13,2.13,0,0,0,0
aten::copy_,,,53.82,66.13,0,0.6,0,0
aclnnInplaceCopy,,,12.31,12.31,0.6,0.6,0,0
aten::slice,,,5.63,9.47,0,0,0,0
aten::as_strided,,,3.84,3.84,0,0,0,0
aten::slice,,,3.3,6.8,0,0,0,0
aten::as_strided,,,3.5,3.5,0,0,0,0
aten::slice,,,3.0,6.16,0,0,0,0
aten::as_strided,,,3.16,3.16,0,0,0,0
aten::slice,,,2.57,4.96,0,0,0,0
aten::as_strided,,,2.39,2.39,0,0,0,0
aten::slice,,,2.67,5.5,0,0,0,0
aten::as_strided,,,2.83,2.83,0,0,0,0
aten::copy_,,,51.53,66.4,0,0.64,0,0
aclnnInplaceCopy,,,14.87,14.87,0.64,0.64,0,0
aten::slice,,,6.37,16.63,0,0,0,0
aten::as_strided,,,10.26,10.26,0,0,0,0
aten::slice,,,3.38,6.96,0,0,0,0
aten::as_strided,,,3.58,3.58,0,0,0,0
aten::slice,,,2.91,5.62,0,0,0,0
aten::as_strided,,,2.71,2.71,0,0,0,0
aten::sub,,,17.86,29.77,0,1.44003125,0,0
aclnnSub,,,11.91,11.91,1.44003125,1.44003125,0,0
aten::slice,,,8.59,11.31,0,0,0,0
aten::as_strided,,,2.72,2.72,0,0,0,0
aten::slice,,,2.99,7.84,0,0,0,0
aten::as_strided,,,4.85,4.85,0,0,0,0
aten::slice,,,2.6,5.16,0,0,0,0
aten::as_strided,,,2.56,2.56,0,0,0,0
aten::slice,,,2.54,4.91,0,0,0,0
aten::as_strided,,,2.37,2.37,0,0,0,0
aten::slice,,,3.07,15.6,0,0,0,0
aten::as_strided,,,12.53,12.53,0,0,0,0
aten::fill_,,,17.4,34.61,0,0,0,0
aclnnInplaceFillScalar,,,17.21,17.21,0,0,0,0
aten::slice,,,4.06,7.65,0,0,0,0
aten::as_strided,,,3.59,3.59,0,0,0,0
aten::fill_,,,11.64,23.48,0,0,0,0
aclnnInplaceFillScalar,,,11.84,11.84,0,0,0,0
aten::diff,,,8.97,54.23,0,0,0,0
aten::narrow,,,14.28,18.29,0,0,0,0
aten::slice,,,2.12,4.01,0,0,0,0
aten::as_strided,,,1.89,1.89,0,0,0,0
aten::narrow,,,12.84,14.69,0,0,0,0
aten::slice,,,0.98,1.85,0,0,0,0
aten::as_strided,,,0.87,0.87,0,0,0,0
aten::sub,,,12.28,12.28,0,0,0,0
aten::eq,,,12.7,26.47,0,0,0,0
aten::to,,,1.72,13.77,0,0,0,0
aten::_to_copy,,,4.16,12.05,0,0,0,0
aten::empty_strided,,,2.67,2.67,0,0,0,0
aten::copy_,,,5.22,5.22,0,0,0,0
aten::__and__,,,1.89,6.15,0,0,0,0
aten::bitwise_and,,,4.26,4.26,0,0,0,0
aten::gt,,,6.76,17.54,0,0,0,0
aten::to,,,1.02,10.78,0,0,0,0
aten::_to_copy,,,4.02,9.76,0,0,0,0
aten::empty_strided,,,3.09,3.09,0,0,0,0
aten::copy_,,,2.65,2.65,0,0,0,0
aten::__and__,,,1.18,3.89,0,0,0,0
aten::bitwise_and,,,2.71,2.71,0,0,0,0
aten::any,,,4.83,11.95,0,0,0,0
aten::view_as,,,1.72,3.39,0,0,0,0
aten::view,,,1.67,1.67,0,0,0,0
aten::to,,,0.87,0.87,0,0,0,0
aten::copy_,,,2.86,2.86,0,0,0,0
aten::item,,,1.68,2.88,0,0,0,0
aten::_local_scalar_dense,,,1.2,1.2,0,0,0,0
aten::slice,,,4.5,5.88,0,0,0,0
aten::as_strided,,,1.38,1.38,0,0,0,0
aten::slice,,,11.35,12.03,0,0,0,0
aten::as_strided,,,0.68,0.68,0,0,0,0
aten::sub,,,5.85,5.85,0,0,0,0
aten::select,,,3.11,4.83,0,0,0,0
aten::as_strided,,,1.72,1.72,0,0,0,0
aten::item,,,1.32,2.18,0,0,0,0
aten::_local_scalar_dense,,,0.86,0.86,0,0,0,0
aten::gt,,,7.16,16.3,0,0,0,0
aten::to,,,1.03,9.14,0,0,0,0
aten::_to_copy,,,2.86,8.11,0,0,0,0
aten::empty_strided,,,2.33,2.33,0,0,0,0
aten::copy_,,,2.92,2.92,0,0,0,0
aten::__ior__,,,1.68,5.6,0,0,0,0
aten::bitwise_or_,,,3.92,3.92,0,0,0,0
aten::any,,,5.01,12.76,0,0,0,0
aten::view_as,,,1.58,2.78,0,0,0,0
aten::view,,,1.2,1.2,0,0,0,0
aten::to,,,0.3,0.3,0,0,0,0
aten::copy_,,,4.67,4.67,0,0,0,0
aten::is_nonzero,,,1.48,3.0,0,0,0,0
aten::item,,,0.95,1.52,0,0,0,0
aten::_local_scalar_dense,,,0.57,0.57,0,0,0,0
aten::select,,,4.38,11.97,0,0,0,0
aten::as_strided,,,7.59,7.59,0,0,0,0
aten::slice,,,9.17,13.38,0,0,0,0
aten::as_strided,,,4.21,4.21,0,0,0,0
aten::slice,,,2.65,4.8,0,0,0,0
aten::as_strided,,,2.15,2.15,0,0,0,0
aten::slice,,,2.21,4.39,0,0,0,0
aten::as_strided,,,2.18,2.18,0,0,0,0
aten::copy_,,,67.85,85.26,0,0.62003125,0,0
aclnnInplaceCopy,,,17.41,17.41,0.62003125,0.62003125,0,0
aten::slice,,,5.84,9.92,0,0,0,0
aten::as_strided,,,4.08,4.08,0,0,0,0
aten::fill_,,,16.15,28.39,0,0,0,0
aclnnInplaceFillScalar,,,12.24,12.24,0,0,0,0
aten::slice,,,5.76,9.47,0,0,0,0
aten::as_strided,,,3.71,3.71,0,0,0,0
aten::slice,,,2.57,5.66,0,0,0,0
aten::as_strided,,,3.09,3.09,0,0,0,0
aten::slice,,,2.42,4.51,0,0,0,0
aten::as_strided,,,2.09,2.09,0,0,0,0
aten::copy_,,,53.68,66.68,0,0.62003125,0,0
aclnnInplaceCopy,,,13.0,13.0,0.62003125,0.62003125,0,0
aten::slice,,,5.79,9.23,0,0,0,0
aten::as_strided,,,3.44,3.44,0,0,0,0
aten::slice,,,3.32,6.51,0,0,0,0
aten::as_strided,,,3.19,3.19,0,0,0,0
aten::slice,,,3.21,6.4,0,0,0,0
aten::as_strided,,,3.19,3.19,0,0,0,0
aten::slice,,,2.84,4.86,0,0,0,0
aten::as_strided,,,2.02,2.02,0,0,0,0
aten::slice,,,2.23,4.69,0,0,0,0
aten::as_strided,,,2.46,2.46,0,0,0,0
aten::copy_,,,50.71,63.34,0,0.6,0,0
aclnnInplaceCopy,,,12.63,12.63,0.6,0.6,0,0
aten::slice,,,4.47,7.99,0,0,0,0
aten::as_strided,,,3.52,3.52,0,0,0,0
aten::slice,,,3.24,5.59,0,0,0,0
aten::as_strided,,,2.35,2.35,0,0,0,0
aten::slice,,,2.4,4.48,0,0,0,0
aten::as_strided,,,2.08,2.08,0,0,0,0
aten::sub,,,17.87,29.94,0,1.48003125,0,0
aclnnSub,,,12.07,12.07,1.48003125,1.48003125,0,0
Event::record,,,152.33,172.1,0,0.02,0,0
record_event,,,19.77,19.77,0.02,0.02,0,0
aten::slice,,,8.73,15.85,0,0,0,0
aten::as_strided,,,7.12,7.12,0,0,0,0
aten::slice,,,4.03,7.15,0,0,0,0
aten::as_strided,,,3.12,3.12,0,0,0,0
aten::slice,,,6.66,14.26,0,0,0,0
aten::as_strided,,,7.6,7.6,0,0,0,0
aten::scalar_tensor,,,6.37,58.57,0,1.50003125,0,0
aten::empty,,,3.53,16.94,0,0,0,0
empty_tensor,,,13.41,13.41,0,0,0,0
aten::fill_,,,19.38,35.26,0,1.50003125,0,0
aclnnInplaceFillScalar,,,15.88,15.88,1.50003125,1.50003125,0,0
aten::view,,,4.88,4.88,0,0,0,0
aten::expand,,,3.67,5.93,0,0,0,0
aten::as_strided,,,2.26,2.26,0,0,0,0
aten::copy_,,,57.36,72.62,0,0.64003125,0,0
aclnnInplaceCopy,,,15.26,15.26,0.64003125,0.64003125,0,0
aten::scalar_tensor,,,5.26,38.87,0,1.48,0,0
aten::empty,,,2.39,10.36,0,0,0,0
empty_tensor,,,7.97,7.97,0,0,0,0
aten::fill_,,,11.41,23.25,0,1.48,0,0
aclnnInplaceFillScalar,,,11.84,11.84,1.48,1.48,0,0
aten::slice,,,6.8,12.21,0,0,0,0
aten::as_strided,,,5.41,5.41,0,0,0,0
aten::view,,,2.78,2.78,0,0,0,0
aten::expand,,,2.07,3.97,0,0,0,0
aten::as_strided,,,1.9,1.9,0,0,0,0
aten::copy_,,,2.36,2.36,0,0,0,0
aten::index,,,40.43,78.21,0,11.72025,0,0
empty_tensor,,,9.18,9.18,0,0,0,0
empty_tensor,,,9.49,9.49,0,0,0,0
aclnnIndex,,,19.11,19.11,11.72025,11.72025,0,0
aten::linear,,,6.62,76.4,0,895.437875,0,895.437875
aten::t,,,7.36,18.48,0,0,0,0
aten::transpose,,,3.97,11.12,0,0,0,0
aten::as_strided,,,7.15,7.15,0,0,0,0
aten::matmul,,,25.34,51.3,0,895.437875,0,895.437875
empty_tensor,,,9.5,9.5,0,0,0,0
aclnnMatmul,,,16.46,16.46,895.437875,895.437875,895.437875,895.437875
aten::alias,,,3.23,3.23,0,0,0,0
aten::log_softmax,,,8.62,133.14,0,51.90103125,0,0
aten::to,,,4.17,93.95,0,8.02015625,0,0
aten::_to_copy,,,8.39,89.78,0,8.02015625,0,0
aten::empty_strided,,,12.87,38.8,0,0,0,0
empty_tensor,,,25.93,25.93,0,0,0,0
aten::copy_,,,24.05,42.59,0,8.02015625,0,0
aclnnInplaceCopy,,,18.54,18.54,8.02015625,8.02015625,0,0
aten::_log_softmax,,,18.75,30.57,0,43.880875,0,0
empty_tensor,,,8.15,8.15,0,0,0,0
aclnnLogSoftmax,,,3.67,3.67,43.880875,43.880875,0,0
aten::to,,,2.11,46.28,0,2.4800625,0,0
aten::_to_copy,,,4.78,44.17,0,2.4800625,0,0
aten::empty_strided,,,7.51,12.06,0,0,0,0
empty_tensor,,,4.55,4.55,0,0,0,0
aten::copy_,,,15.4,27.33,0,2.4800625,0,0
aclnnInplaceCopy,,,11.93,11.93,2.4800625,2.4800625,0,0
aten::argmax,,,8.96,63.28,0,20.54040625,0,0
aten::empty,,,2.88,10.67,0,0,0,0
empty_tensor,,,7.79,7.79,0,0,0,0
aten::argmax,,,23.36,43.65,0,20.54040625,0,0
aten::reshape,,,1.93,7.55,0,0,0,0
aten::view,,,5.62,5.62,0,0,0,0
aclnnArgMax,,,12.74,12.74,20.54040625,20.54040625,0,0
aten::view,,,4.11,4.11,0,0,0,0
aten::to,,,1.79,1.79,0,0,0,0
aten::topk,,,22.87,46.68,0,32.640625,0,0
empty_tensor,,,7.6,7.6,0,0,0,0
empty_tensor,,,5.07,5.07,0,0,0,0
aclnnTopk,,,11.14,11.14,32.640625,32.640625,0,0
aten::unsqueeze,,,4.38,9.2,0,0,0,0
aten::as_strided,,,4.82,4.82,0,0,0,0
aten::gather,,,22.85,41.06,0,6.000125,0,0
empty_tensor,,,6.73,6.73,0,0,0,0
aclnnGather,,,11.48,11.48,6.000125,6.000125,0,0
TorchDynamo Cache Lookup,,,40.44,40.44,0,0,0,0
Torch-Compiled Region: 0/0,,,111.15,197.6,0,35.14071875,0,0
aten::_assert_scalar,,,3.73,3.73,0,0,0,0
aten::_assert_scalar,,,1.04,1.04,0,0,0,0
aten::_assert_scalar,,,1.06,1.06,0,0,0,0
aten::ge,,,21.2,50.62,0,7.62015625,0,0
empty_tensor,,,12.56,12.56,0,0,0,0
aclnnGeTensor,,,16.86,16.86,7.62015625,7.62015625,0,0
aten::sum,,,19.26,30.0,0,27.520562499999997,0,0
empty_tensor,,,7.72,7.72,0,0,0,0
aclnnReduceSum,,,3.02,3.02,27.520562499999997,27.520562499999997,0,0
aten::cat,,,20.96,40.54,0,2.50003125,0,0
empty_tensor,,,7.47,7.47,0,0,0,0
aclnnCat,,,12.11,12.11,2.50003125,2.50003125,0,0
aten::cat,,,12.59,31.05,0,1.94003125,0,0
empty_tensor,,,7.39,7.39,0,0,0,0
aclnnCat,,,11.07,11.07,1.94003125,1.94003125,0,0
aten::to,,,1.91,46.87,0,1.4600625,0,0
aten::_to_copy,,,6.04,44.96,0,1.4600625,0,0
aten::empty_strided,,,8.02,12.82,0,0,0,0
empty_tensor,,,4.8,4.8,0,0,0,0
aten::copy_,,,14.09,26.1,0,1.4600625,0,0
aclnnInplaceCopy,,,12.01,12.01,1.4600625,1.4600625,0,0
aten::to,,,2.03,42.41,0,1.48,0,0
aten::_to_copy,,,4.78,40.38,0,1.48,0,0
aten::empty_strided,,,6.97,11.49,0,0,0,0
empty_tensor,,,4.52,4.52,0,0,0,0
aten::copy_,,,13.61,24.11,0,1.48,0,0
aclnnInplaceCopy,,,10.5,10.5,1.48,1.48,0,0
aten::unsqueeze,,,3.8,8.21,0,0,0,0
aten::as_strided,,,4.41,4.41,0,0,0,0
Event::record,,,142.7,161.45,0,0.0,0,0
record_event,,,18.75,18.75,0.0,0.0,0,0
aten::slice,,,6.42,16.68,0,0,0,0
aten::as_strided,,,10.26,10.26,0,0,0,0
Event::wait,,,70.91,95.08,0,2001.84,0,0
wait_event,,,24.17,24.17,2001.84,2001.84,0,0
Event::record,,,90.83,110.33,0,0.0,0,0
record_event,,,19.5,19.5,0.0,0.0,0,0
Event::wait,,,57.35,72.6,0,1663.45325,0,0
wait_event,,,15.25,15.25,1663.45325,1663.45325,0,0
destroy_event,,,10.36,10.36,0,0,0,0
aten::to,,,4.03,56.15,0,2.08003125,0,0
aten::_to_copy,,,7.18,52.12,0,2.08003125,0,0
aten::empty_strided,,,8.27,8.27,0,0,0,0
aten::copy_,,,26.37,36.67,0,2.08003125,0,0
acl_memcpy_device_to_host,,,10.3,10.3,2.08003125,2.08003125,0,0
aten::to,,,3.32,41.9,0,2.0600625,0,0
aten::_to_copy,,,5.65,38.58,0,2.0600625,0,0
aten::empty_strided,,,4.81,4.81,0,0,0,0
aten::copy_,,,16.86,28.12,0,2.0600625,0,0
acl_memcpy_device_to_host,,,11.26,11.26,2.0600625,2.0600625,0,0
aten::to,,,2.6,35.98,0,2.06003125,0,0
aten::_to_copy,,,5.11,33.38,0,2.06003125,0,0
aten::empty_strided,,,3.43,3.43,0,0,0,0
aten::copy_,,,14.16,24.84,0,2.06003125,0,0
acl_memcpy_device_to_host,,,10.68,10.68,2.06003125,2.06003125,0,0
aten::to,,,1.96,31.01,0,2.06003125,0,0
aten::_to_copy,,,3.6,29.05,0,2.06003125,0,0
aten::empty_strided,,,3.48,3.48,0,0,0,0
aten::copy_,,,12.15,21.97,0,2.06003125,0,0
acl_memcpy_device_to_host,,,9.82,9.82,2.06003125,2.06003125,0,0
Event::record,,,152.35,170.81,0,0.02,0,0
record_event,,,18.46,18.46,0.02,0.02,0,0
Event::synchronize,,,86.91,86.91,0,0,0,0
aten::resolve_conj,,,1.89,1.89,0,0,0,0
aten::resolve_neg,,,1.27,1.27,0,0,0,0
aten::to,,,3.12,3.12,0,0,0,0
aten::detach,,,4.69,4.69,0,0,0,0
aten::to,,,0.67,0.67,0,0,0,0
aten::resolve_conj,,,0.53,0.53,0,0,0,0
aten::resolve_neg,,,0.68,0.68,0,0,0,0
aten::to,,,1.68,1.68,0,0,0,0
aten::detach,,,1.41,1.41,0,0,0,0
aten::to,,,0.7,0.7,0,0,0,0
aten::resolve_conj,,,0.54,0.54,0,0,0,0
aten::resolve_neg,,,0.39,0.39,0,0,0,0
aten::to,,,1.37,1.37,0,0,0,0
aten::detach,,,1.21,1.21,0,0,0,0
aten::to,,,0.49,0.49,0,0,0,0
aten::resolve_conj,,,0.44,0.44,0,0,0,0
aten::resolve_neg,,,0.33,0.33,0,0,0,0
destroy_event,,,23.38,23.38,0,0,0,0
record_event,,,9.46,9.46,0.02,0.02,0,0
Event::synchronize,,,282.67,282.67,0,0,0,0
aten::slice,,,13.8,19.24,0,0,0,0
aten::as_strided,,,5.44,5.44,0,0,0,0
aten::slice,,,3.7,12.83,0,0,0,0
aten::as_strided,,,9.13,9.13,0,0,0,0
aten::pin_memory,,,5.15,27.91,0,0,0,0
aten::is_pinned,,,22.76,22.76,0,0,0,0
aten::copy_,,,22.31,52.43,0,2.44003125,0,0
acl_memcpy_host_to_device,,,30.12,30.12,2.44003125,2.44003125,0,0
aten::slice,,,7.93,11.27,0,0,0,0
aten::as_strided,,,3.34,3.34,0,0,0,0
aten::slice,,,3.93,46.76,0,0,0,0
aten::as_strided,,,42.83,42.83,0,0,0,0
aten::pin_memory,,,4.0,16.94,0,0,0,0
aten::is_pinned,,,12.94,12.94,0,0,0,0
aten::copy_,,,17.57,40.79,0,2.36003125,0,0
acl_memcpy_host_to_device,,,23.22,23.22,2.36003125,2.36003125,0,0
aten::slice,,,6.4,8.92,0,0,0,0
aten::as_strided,,,2.52,2.52,0,0,0,0
aten::slice,,,2.93,7.16,0,0,0,0
aten::as_strided,,,4.23,4.23,0,0,0,0
aten::pin_memory,,,3.34,11.49,0,0,0,0
aten::is_pinned,,,8.15,8.15,0,0,0,0
aten::copy_,,,17.64,72.61,0,2.5800625,0,0
acl_memcpy_host_to_device,,,54.97,54.97,2.5800625,2.5800625,0,0
aten::slice,,,6.12,8.61,0,0,0,0
aten::as_strided,,,2.49,2.49,0,0,0,0
aten::slice,,,4.75,40.18,0,0,0,0
aten::as_strided,,,35.43,35.43,0,0,0,0
aten::pin_memory,,,4.06,13.7,0,0,0,0
aten::is_pinned,,,9.64,9.64,0,0,0,0
aten::copy_,,,16.28,35.45,0,2.5000625,0,0
acl_memcpy_host_to_device,,,19.17,19.17,2.5000625,2.5000625,0,0
aten::slice,,,5.34,7.68,0,0,0,0
aten::as_strided,,,2.34,2.34,0,0,0,0
aten::slice,,,2.73,6.61,0,0,0,0
aten::as_strided,,,3.88,3.88,0,0,0,0
aten::pin_memory,,,4.75,44.67,0,0,0,0
aten::is_pinned,,,39.92,39.92,0,0,0,0
aten::copy_,,,17.23,36.17,0,2.4600625,0,0
acl_memcpy_host_to_device,,,18.94,18.94,2.4600625,2.4600625,0,0
aten::slice,,,11.4,15.68,0,0,0,0
aten::as_strided,,,4.28,4.28,0,0,0,0
aten::slice,,,3.36,10.53,0,0,0,0
aten::as_strided,,,7.17,7.17,0,0,0,0
aten::pin_memory,,,4.3,19.7,0,0,0,0
aten::is_pinned,,,15.4,15.4,0,0,0,0
aten::copy_,,,18.7,41.88,0,2.3800625,0,0
acl_memcpy_host_to_device,,,23.18,23.18,2.3800625,2.3800625,0,0
aten::slice,,,5.14,9.1,0,0,0,0
aten::as_strided,,,3.96,3.96,0,0,0,0
aten::lift_fresh,,,1.75,1.75,0,0,0,0
aten::lift_fresh,,,1.53,1.53,0,0,0,0
aten::flatten,,,4.06,11.79,0,0,0,0
aten::view,,,7.73,7.73,0,0,0,0
aten::slice,,,4.12,6.01,0,0,0,0
aten::as_strided,,,1.89,1.89,0,0,0,0
aten::index_select,,,8.57,8.57,0,0,0,0
aten::pin_memory,,,4.07,19.05,0,0,0,0
aten::is_pinned,,,14.98,14.98,0,0,0,0
aten::copy_,,,18.25,38.79,0,2.50003125,0,0
acl_memcpy_host_to_device,,,20.54,20.54,2.50003125,2.50003125,0,0
aten::pin_memory,,,41.26,49.34,0,0,0,0
aten::is_pinned,,,8.08,8.08,0,0,0,0
aten::copy_,,,18.82,37.0,0,2.34003125,0,0
acl_memcpy_host_to_device,,,18.18,18.18,2.34003125,2.34003125,0,0
aten::slice,,,43.86,48.39,0,0,0,0
aten::as_strided,,,4.53,4.53,0,0,0,0
aten::lift_fresh,,,1.1,1.1,0,0,0,0
aten::slice,,,4.2,5.83,0,0,0,0
aten::as_strided,,,1.63,1.63,0,0,0,0
aten::add,,,18.1,18.1,0,0,0,0
aten::slice,,,4.01,17.52,0,0,0,0
aten::as_strided,,,13.51,13.51,0,0,0,0
aten::fill_,,,6.78,6.78,0,0,0,0
aten::slice,,,3.55,9.73,0,0,0,0
aten::as_strided,,,6.18,6.18,0,0,0,0
aten::fill_,,,31.69,64.98,0,1.4600625,0,0
aclnnInplaceFillScalar,,,33.29,33.29,1.4600625,1.4600625,0,0
aten::slice,,,5.83,11.99,0,0,0,0
aten::as_strided,,,6.16,6.16,0,0,0,0
aten::select,,,4.94,7.95,0,0,0,0
aten::as_strided,,,3.01,3.01,0,0,0,0
aten::copy_,,,85.36,106.13,0,0.62,0,0
aclnnInplaceCopy,,,20.77,20.77,0.62,0.62,0,0
aten::slice,,,7.37,9.86,0,0,0,0
aten::as_strided,,,2.49,2.49,0,0,0,0
aten::detach,,,3.29,3.29,0,0,0,0
aten::to,,,1.83,1.83,0,0,0,0
aten::resolve_conj,,,1.36,1.36,0,0,0,0
aten::resolve_neg,,,0.57,0.57,0,0,0,0
aten::slice,,,5.19,7.63,0,0,0,0
aten::as_strided,,,2.44,2.44,0,0,0,0
aten::slice,,,2.8,7.98,0,0,0,0
aten::as_strided,,,5.18,5.18,0,0,0,0
aten::pin_memory,,,3.82,19.86,0,0,0,0
aten::is_pinned,,,16.04,16.04,0,0,0,0
aten::copy_,,,3.89,3.89,0,0,0,0
aten::slice,,,5.31,6.87,0,0,0,0
aten::as_strided,,,1.56,1.56,0,0,0,0
aten::slice,,,2.45,5.85,0,0,0,0
aten::as_strided,,,3.4,3.4,0,0,0,0
aten::pin_memory,,,2.91,11.04,0,0,0,0
aten::is_pinned,,,8.13,8.13,0,0,0,0
aten::copy_,,,16.73,33.72,0,2.3200625,0,0
acl_memcpy_host_to_device,,,16.99,16.99,2.3200625,2.3200625,0,0
aten::fill_,,,61.09,81.38,0,1.42003125,0,0
aclnnInplaceFillScalar,,,20.29,20.29,1.42003125,1.42003125,0,0
aten::slice,,,7.08,11.84,0,0,0,0
aten::as_strided,,,4.76,4.76,0,0,0,0
aten::slice,,,2.9,4.69,0,0,0,0
aten::as_strided,,,1.79,1.79,0,0,0,0
aten::copy_,,,19.69,33.25,0,2.4400625,0,0
acl_memcpy_host_to_device,,,13.56,13.56,2.4400625,2.4400625,0,0
aten::slice,,,4.84,6.69,0,0,0,0
aten::as_strided,,,1.85,1.85,0,0,0,0
aten::slice,,,4.01,43.71,0,0,0,0
aten::as_strided,,,39.7,39.7,0,0,0,0
aten::pin_memory,,,4.23,16.7,0,0,0,0
aten::is_pinned,,,12.47,12.47,0,0,0,0
aten::copy_,,,15.24,33.24,0,2.36003125,0,0
acl_memcpy_host_to_device,,,18.0,18.0,2.36003125,2.36003125,0,0
aten::slice,,,4.73,9.58,0,0,0,0
aten::as_strided,,,4.85,4.85,0,0,0,0
aten::slice,,,4.67,6.63,0,0,0,0
aten::as_strided,,,1.96,1.96,0,0,0,0
aten::slice,,,2.62,5.78,0,0,0,0
aten::as_strided,,,3.16,3.16,0,0,0,0
aten::pin_memory,,,3.39,14.24,0,0,0,0
aten::is_pinned,,,10.85,10.85,0,0,0,0
aten::copy_,,,15.08,36.67,0,2.38003125,0,0
acl_memcpy_host_to_device,,,21.59,21.59,2.38003125,2.38003125,0,0
aten::slice,,,6.4,40.65,0,0,0,0
aten::as_strided,,,34.25,34.25,0,0,0,0
aten::slice,,,3.31,8.34,0,0,0,0
aten::as_strided,,,5.03,5.03,0,0,0,0
aten::pin_memory,,,3.63,14.94,0,0,0,0
aten::is_pinned,,,11.31,11.31,0,0,0,0
aten::copy_,,,17.38,48.01,0,2.5000625,0,0
acl_memcpy_host_to_device,,,30.63,30.63,2.5000625,2.5000625,0,0
aten::slice,,,37.6,42.64,0,0,0,0
aten::as_strided,,,5.04,5.04,0,0,0,0
aten::index,,,40.23,78.0,0,10.62021875,0,0
empty_tensor,,,8.2,8.2,0,0,0,0
empty_tensor,,,10.18,10.18,0,0,0,0
aclnnIndex,,,19.39,19.39,10.62021875,10.62021875,0,0
aten::to,,,2.32,54.84,0,1.14003125,0,0
aten::_to_copy,,,6.28,52.52,0,1.14003125,0,0
aten::empty_strided,,,9.94,14.28,0,0,0,0
empty_tensor,,,4.34,4.34,0,0,0,0
aten::copy_,,,16.75,31.96,0,1.14003125,0,0
aclnnInplaceCopy,,,15.21,15.21,1.14003125,1.14003125,0,0
aten::slice,,,5.94,10.43,0,0,0,0
aten::as_strided,,,4.49,4.49,0,0,0,0
aten::add,,,20.49,37.69,0,2.5600625,0,0
empty_tensor,,,6.21,6.21,0,0,0,0
aclnnAdd,,,10.99,10.99,2.5600625,2.5600625,0,0
aten::slice,,,4.79,8.83,0,0,0,0
aten::as_strided,,,4.04,4.04,0,0,0,0
aten::copy_,,,88.07,111.82,0,0.62,0,0
aclnnInplaceCopy,,,23.75,23.75,0.62,0.62,0,0
aten::slice,,,6.44,11.07,0,0,0,0
aten::as_strided,,,4.63,4.63,0,0,0,0
aten::add,,,18.98,31.95,0,1.68003125,0,0
empty_tensor,,,9.26,9.26,0,0,0,0
aclnnAdd,,,3.71,3.71,1.68003125,1.68003125,0,0
aten::slice,,,5.68,9.51,0,0,0,0
aten::as_strided,,,3.83,3.83,0,0,0,0
aten::copy_,,,50.1,67.05,0,0.66003125,0,0
aclnnInplaceCopy,,,16.95,16.95,0.66003125,0.66003125,0,0
aten::slice,,,6.21,10.59,0,0,0,0
aten::as_strided,,,4.38,4.38,0,0,0,0
aten::fill_,,,14.13,26.35,0,1.46003125,0,0
aclnnInplaceFillScalar,,,12.22,12.22,1.46003125,1.46003125,0,0
aten::slice,,,5.6,9.29,0,0,0,0
aten::as_strided,,,3.69,3.69,0,0,0,0
aten::slice,,,3.2,6.73,0,0,0,0
aten::as_strided,,,3.53,3.53,0,0,0,0
_compute_slot_mapping_fused_groups_kernel,,,30.26,30.26,21.7004375,21.7004375,0,0
aten::slice,,,9.17,17.88,0,0,0,0
aten::as_strided,,,8.71,8.71,0,0,0,0
aten::sub,,,28.13,62.09,0,1.4600625,0,0
empty_tensor,,,11.49,11.49,0,0,0,0
aten::item,,,2.61,4.74,0,0,0,0
aten::_local_scalar_dense,,,2.13,2.13,0,0,0,0
aclnnSubs,,,17.73,17.73,1.4600625,1.4600625,0,0
aten::pin_memory,,,9.88,49.69,0,0,0,0
aten::is_pinned,,,39.81,39.81,0,0,0,0
aten::copy_,,,22.14,41.34,0,2.2600625,0,0
acl_memcpy_host_to_device,,,19.2,19.2,2.2600625,2.2600625,0,0
aten::detach,,,4.89,4.89,0,0,0,0
aten::to,,,2.06,2.06,0,0,0,0
aten::resolve_conj,,,0.83,0.83,0,0,0,0
aten::resolve_neg,,,0.87,0.87,0,0,0,0
aten::slice,,,8.84,17.9,0,0,0,0
aten::as_strided,,,9.06,9.06,0,0,0,0
aten::slice,,,3.25,6.31,0,0,0,0
aten::as_strided,,,3.06,3.06,0,0,0,0
aten::slice,,,3.69,6.16,0,0,0,0
aten::as_strided,,,2.47,2.47,0,0,0,0
aten::fill_,,,20.8,44.16,0,0,0,0
aclnnInplaceFillScalar,,,23.36,23.36,0,0,0,0
aten::slice,,,5.06,8.96,0,0,0,0
aten::as_strided,,,3.9,3.9,0,0,0,0
aten::fill_,,,15.07,28.11,0,0,0,0
aclnnInplaceFillScalar,,,13.04,13.04,0,0,0,0
aten::slice,,,5.11,7.69,0,0,0,0
aten::as_strided,,,2.58,2.58,0,0,0,0
aten::slice,,,2.85,3.63,0,0,0,0
aten::as_strided,,,0.78,0.78,0,0,0,0
aten::lt,,,14.85,14.85,0,0,0,0
aten::lift_fresh,,,1.22,1.22,0,0,0,0
aten::slice,,,1.94,3.05,0,0,0,0
aten::as_strided,,,1.11,1.11,0,0,0,0
aten::fill_,,,2.52,10.53,0,0,0,0
aten::copy_,,,8.01,8.01,0,0,0,0
aten::slice,,,3.58,4.91,0,0,0,0
aten::as_strided,,,1.33,1.33,0,0,0,0
aten::slice,,,2.87,6.94,0,0,0,0
aten::as_strided,,,4.07,4.07,0,0,0,0
aten::slice,,,2.7,3.75,0,0,0,0
aten::as_strided,,,1.05,1.05,0,0,0,0
aten::slice,,,2.99,5.66,0,0,0,0
aten::as_strided,,,2.67,2.67,0,0,0,0
aten::slice,,,2.17,3.09,0,0,0,0
aten::as_strided,,,0.92,0.92,0,0,0,0
aten::slice,,,1.89,3.16,0,0,0,0
aten::as_strided,,,1.27,1.27,0,0,0,0
aten::slice,,,2.74,5.74,0,0,0,0
aten::as_strided,,,3.0,3.0,0,0,0,0
aten::slice,,,2.8,5.11,0,0,0,0
aten::as_strided,,,2.31,2.31,0,0,0,0
aten::slice,,,2.58,4.69,0,0,0,0
aten::as_strided,,,2.11,2.11,0,0,0,0
aten::slice,,,4.78,10.68,0,0,0,0
aten::as_strided,,,5.9,5.9,0,0,0,0
aten::slice,,,2.93,6.2,0,0,0,0
aten::as_strided,,,3.27,3.27,0,0,0,0
aten::slice,,,2.64,4.94,0,0,0,0
aten::as_strided,,,2.3,2.3,0,0,0,0
aten::to,,,1.69,1.69,0,0,0,0
aten::slice,,,2.59,4.88,0,0,0,0
aten::as_strided,,,2.29,2.29,0,0,0,0
aten::slice,,,2.08,4.52,0,0,0,0
aten::as_strided,,,2.44,2.44,0,0,0,0
aten::slice,,,2.25,3.66,0,0,0,0
aten::as_strided,,,1.41,1.41,0,0,0,0
aten::slice,,,3.08,6.48,0,0,0,0
aten::as_strided,,,3.4,3.4,0,0,0,0
aten::slice,,,2.32,5.91,0,0,0,0
aten::as_strided,,,3.59,3.59,0,0,0,0
aten::alias,,,5.74,5.74,0,0,0,0
aten::div,,,39.88,63.17,0,6.140124999999999,0,0
aten::item,,,2.15,4.24,0,0,0,0
aten::_local_scalar_dense,,,2.09,2.09,0,0,0,0
aclnnDivMods,,,19.05,19.05,6.140124999999999,6.140124999999999,0,0
aten::slice,,,3.41,8.28,0,0,0,0
aten::as_strided,,,4.87,4.87,0,0,0,0
aten::slice,,,4.85,7.73,0,0,0,0
aten::as_strided,,,2.88,2.88,0,0,0,0
aten::copy_,,,67.54,84.86,0,0.56,0,0
aclnnInplaceCopy,,,17.32,17.32,0.56,0.56,0,0
aten::slice,,,3.44,7.09,0,0,0,0
aten::as_strided,,,3.65,3.65,0,0,0,0
aten::slice,,,4.63,7.28,0,0,0,0
aten::as_strided,,,2.65,2.65,0,0,0,0
aten::ge,,,23.35,47.85,0,4.14009375,0,0
empty_tensor,,,10.7,10.7,0,0,0,0
aclnnGeScalar,,,13.8,13.8,4.14009375,4.14009375,0,0
aten::add,,,21.53,44.15,0,2.16003125,0,0
empty_tensor,,,6.45,6.45,0,0,0,0
aten::item,,,2.36,4.0,0,0,0,0
aten::_local_scalar_dense,,,1.64,1.64,0,0,0,0
aclnnAdds,,,12.17,12.17,2.16003125,2.16003125,0,0
aten::remainder,,,54.09,79.27,0,3.5000625000000003,0,0
empty_tensor,,,7.53,7.53,0,0,0,0
aclnnRemainderTensorScalar,,,17.65,17.65,3.5000625000000003,3.5000625000000003,0,0
aten::eq,,,14.19,25.0,0,2.64003125,0,0
empty_tensor,,,6.26,6.26,0,0,0,0
aclnnEqScalar,,,4.55,4.55,2.64003125,2.64003125,0,0
aten::__and__,,,2.8,27.95,0,1.44003125,0,0
aten::bitwise_and,,,15.56,25.15,0,1.44003125,0,0
empty_tensor,,,5.22,5.22,0,0,0,0
aclnnBitwiseAndTensor,,,4.37,4.37,1.44003125,1.44003125,0,0
aten::clamp_min,,,13.76,30.74,0,1.6000625,0,0
empty_tensor,,,5.0,5.0,0,0,0,0
aclnnClampMin,,,11.98,11.98,1.6000625,1.6000625,0,0
aten::div,,,24.89,45.44,0,5.000125000000001,0,0
empty_tensor,,,6.17,6.17,0,0,0,0
aten::item,,,2.29,3.58,0,0,0,0
aten::_local_scalar_dense,,,1.29,1.29,0,0,0,0
aclnnDivMods,,,10.8,10.8,5.000125000000001,5.000125000000001,0,0
aten::remainder,,,17.58,34.61,0,5.10009375,0,0
empty_tensor,,,5.96,5.96,0,0,0,0
aclnnRemainderTensorScalar,,,11.07,11.07,5.10009375,5.10009375,0,0
aten::mul,,,17.05,35.7,0,1.58003125,0,0
empty_tensor,,,5.93,5.93,0,0,0,0
aten::item,,,1.77,2.8,0,0,0,0
aten::_local_scalar_dense,,,1.03,1.03,0,0,0,0
aclnnMuls,,,9.92,9.92,1.58003125,1.58003125,0,0
aten::div,,,19.53,40.39,0,4.2400625,0,0
empty_tensor,,,6.35,6.35,0,0,0,0
aten::item,,,1.82,3.78,0,0,0,0
aten::_local_scalar_dense,,,1.96,1.96,0,0,0,0
aclnnDivMods,,,10.73,10.73,4.2400625,4.2400625,0,0
aten::add,,,14.41,21.75,0,1.26,0,0
empty_tensor,,,4.9,4.9,0,0,0,0
aclnnAdd,,,2.44,2.44,1.26,1.26,0,0
aten::full_like,,,4.82,37.55,0,1.36003125,0,0
aten::empty_like,,,7.27,18.98,0,0,0,0
aten::empty_strided,,,7.26,11.71,0,0,0,0
empty_tensor,,,4.45,4.45,0,0,0,0
aten::fill_,,,10.04,13.75,0,1.36003125,0,0
aclnnInplaceFillScalar,,,3.71,3.71,1.36003125,1.36003125,0,0
aten::where,,,13.78,29.97,0,1.90003125,0,0
empty_tensor,,,5.28,5.28,0,0,0,0
aclnnSWhere,,,10.91,10.91,1.90003125,1.90003125,0,0
aten::copy_,,,16.01,26.81,0,1.28003125,0,0
aclnnInplaceCopy,,,10.8,10.8,1.28003125,1.28003125,0,0
aten::slice,,,3.49,8.06,0,0,0,0
aten::as_strided,,,4.57,4.57,0,0,0,0
aten::slice,,,5.83,9.09,0,0,0,0
aten::as_strided,,,3.26,3.26,0,0,0,0
aten::div,,,23.63,38.54,0,4.460062499999999,0,0
aten::item,,,2.01,3.38,0,0,0,0
aten::_local_scalar_dense,,,1.37,1.37,0,0,0,0
aclnnDivMods,,,11.53,11.53,4.460062499999999,4.460062499999999,0,0
aten::slice,,,2.6,6.27,0,0,0,0
aten::as_strided,,,3.67,3.67,0,0,0,0
aten::slice,,,4.34,7.74,0,0,0,0
aten::as_strided,,,3.4,3.4,0,0,0,0
aten::slice,,,2.74,5.05,0,0,0,0
aten::as_strided,,,2.31,2.31,0,0,0,0
aten::copy_,,,60.63,75.08,0,0.6,0,0
aclnnInplaceCopy,,,14.45,14.45,0.6,0.6,0,0
aten::slice,,,2.71,6.62,0,0,0,0
aten::as_strided,,,3.91,3.91,0,0,0,0
aten::slice,,,4.3,7.2,0,0,0,0
aten::as_strided,,,2.9,2.9,0,0,0,0
aten::copy_,,,48.89,62.11,0,0.62,0,0
aclnnInplaceCopy,,,13.22,13.22,0.62,0.62,0,0
aten::slice,,,5.78,8.48,0,0,0,0
aten::as_strided,,,2.7,2.7,0,0,0,0
aten::div,,,13.9,33.12,0,0,0,0
aten::to,,,1.65,19.22,0,0,0,0
aten::_to_copy,,,6.2,17.57,0,0,0,0
aten::empty_strided,,,3.37,3.37,0,0,0,0
aten::copy_,,,8.0,8.0,0,0,0,0
aten::slice,,,4.07,9.15,0,0,0,0
aten::as_strided,,,5.08,5.08,0,0,0,0
aten::slice,,,5.49,11.23,0,0,0,0
aten::as_strided,,,5.74,5.74,0,0,0,0
aten::slice,,,2.68,5.82,0,0,0,0
aten::as_strided,,,3.14,3.14,0,0,0,0
aten::slice,,,2.46,4.92,0,0,0,0
aten::as_strided,,,2.46,2.46,0,0,0,0
aten::fill_,,,19.0,35.75,0,0,0,0
aclnnInplaceFillScalar,,,16.75,16.75,0,0,0,0
aten::slice,,,5.12,8.64,0,0,0,0
aten::as_strided,,,3.52,3.52,0,0,0,0
aten::fill_,,,13.34,25.49,0,0,0,0
aclnnInplaceFillScalar,,,12.15,12.15,0,0,0,0
aten::slice,,,4.82,9.08,0,0,0,0
aten::as_strided,,,4.26,4.26,0,0,0,0
aten::slice,,,2.55,5.24,0,0,0,0
aten::as_strided,,,2.69,2.69,0,0,0,0
aten::slice,,,5.49,7.92,0,0,0,0
aten::as_strided,,,2.43,2.43,0,0,0,0
aten::slice,,,2.98,6.8,0,0,0,0
aten::as_strided,,,3.82,3.82,0,0,0,0
aten::slice,,,2.83,5.49,0,0,0,0
aten::as_strided,,,2.66,2.66,0,0,0,0
aten::slice,,,2.21,4.45,0,0,0,0
aten::as_strided,,,2.24,2.24,0,0,0,0
aten::slice,,,2.57,4.61,0,0,0,0
aten::as_strided,,,2.04,2.04,0,0,0,0
aten::fill_,,,16.17,30.08,0,0,0,0
aclnnInplaceFillScalar,,,13.91,13.91,0,0,0,0
aten::slice,,,19.53,23.06,0,0,0,0
aten::as_strided,,,3.53,3.53,0,0,0,0
aten::fill_,,,12.45,23.55,0,0,0,0
aclnnInplaceFillScalar,,,11.1,11.1,0,0,0,0
aten::diff,,,8.59,37.98,0,0,0,0
aten::narrow,,,6.87,11.56,0,0,0,0
aten::slice,,,2.67,4.69,0,0,0,0
aten::as_strided,,,2.02,2.02,0,0,0,0
aten::narrow,,,2.11,4.63,0,0,0,0
aten::slice,,,1.28,2.52,0,0,0,0
aten::as_strided,,,1.24,1.24,0,0,0,0
aten::sub,,,13.2,13.2,0,0,0,0
aten::eq,,,13.6,27.62,0,0,0,0
aten::to,,,1.6,14.02,0,0,0,0
aten::_to_copy,,,4.16,12.42,0,0,0,0
aten::empty_strided,,,2.77,2.77,0,0,0,0
aten::copy_,,,5.49,5.49,0,0,0,0
aten::__and__,,,2.07,6.83,0,0,0,0
aten::bitwise_and,,,4.76,4.76,0,0,0,0
aten::gt,,,8.12,16.18,0,0,0,0
aten::to,,,0.85,8.06,0,0,0,0
aten::_to_copy,,,2.39,7.21,0,0,0,0
aten::empty_strided,,,1.99,1.99,0,0,0,0
aten::copy_,,,2.83,2.83,0,0,0,0
aten::__and__,,,1.32,4.21,0,0,0,0
aten::bitwise_and,,,2.89,2.89,0,0,0,0
aten::any,,,6.59,14.64,0,0,0,0
aten::view_as,,,2.21,4.17,0,0,0,0
aten::view,,,1.96,1.96,0,0,0,0
aten::to,,,0.8,0.8,0,0,0,0
aten::copy_,,,3.08,3.08,0,0,0,0
aten::item,,,1.68,3.07,0,0,0,0
aten::_local_scalar_dense,,,1.39,1.39,0,0,0,0
aten::slice,,,4.61,6.49,0,0,0,0
aten::as_strided,,,1.88,1.88,0,0,0,0
aten::slice,,,2.37,3.43,0,0,0,0
aten::as_strided,,,1.06,1.06,0,0,0,0
aten::sub,,,4.94,4.94,0,0,0,0
aten::select,,,3.54,4.92,0,0,0,0
aten::as_strided,,,1.38,1.38,0,0,0,0
aten::item,,,1.04,2.22,0,0,0,0
aten::_local_scalar_dense,,,1.18,1.18,0,0,0,0
aten::gt,,,7.06,16.41,0,0,0,0
aten::to,,,1.27,9.35,0,0,0,0
aten::_to_copy,,,2.66,8.08,0,0,0,0
aten::empty_strided,,,2.22,2.22,0,0,0,0
aten::copy_,,,3.2,3.2,0,0,0,0
aten::__ior__,,,10.48,16.13,0,0,0,0
aten::bitwise_or_,,,5.65,5.65,0,0,0,0
aten::any,,,4.86,11.18,0,0,0,0
aten::view_as,,,1.5,2.95,0,0,0,0
aten::view,,,1.45,1.45,0,0,0,0
aten::to,,,0.51,0.51,0,0,0,0
aten::copy_,,,2.86,2.86,0,0,0,0
aten::is_nonzero,,,1.72,3.81,0,0,0,0
aten::item,,,1.13,2.09,0,0,0,0
aten::_local_scalar_dense,,,0.96,0.96,0,0,0,0
aten::select,,,5.05,15.69,0,0,0,0
aten::as_strided,,,10.64,10.64,0,0,0,0
aten::slice,,,4.7,9.04,0,0,0,0
aten::as_strided,,,4.34,4.34,0,0,0,0
aten::slice,,,2.74,5.32,0,0,0,0
aten::as_strided,,,2.58,2.58,0,0,0,0
aten::slice,,,2.55,4.81,0,0,0,0
aten::as_strided,,,2.26,2.26,0,0,0,0
aten::copy_,,,69.58,90.82,0,0.62003125,0,0
aclnnInplaceCopy,,,21.24,21.24,0.62003125,0.62003125,0,0
aten::slice,,,6.57,10.45,0,0,0,0
aten::as_strided,,,3.88,3.88,0,0,0,0
aten::fill_,,,22.12,37.34,0,0,0,0
aclnnInplaceFillScalar,,,15.22,15.22,0,0,0,0
aten::slice,,,18.47,22.37,0,0,0,0
aten::as_strided,,,3.9,3.9,0,0,0,0
aten::slice,,,7.42,10.11,0,0,0,0
aten::as_strided,,,2.69,2.69,0,0,0,0
aten::slice,,,4.12,9.27,0,0,0,0
aten::as_strided,,,5.15,5.15,0,0,0,0
aten::copy_,,,57.73,79.44,0,0.64,0,0
aclnnInplaceCopy,,,21.71,21.71,0.64,0.64,0,0
aten::slice,,,20.17,24.42,0,0,0,0
aten::as_strided,,,4.25,4.25,0,0,0,0
aten::slice,,,12.1,15.8,0,0,0,0
aten::as_strided,,,3.7,3.7,0,0,0,0
aten::slice,,,8.05,11.03,0,0,0,0
aten::as_strided,,,2.98,2.98,0,0,0,0
aten::slice,,,3.05,6.47,0,0,0,0
aten::as_strided,,,3.42,3.42,0,0,0,0
aten::slice,,,3.48,7.48,0,0,0,0
aten::as_strided,,,4.0,4.0,0,0,0,0
aten::copy_,,,57.85,72.79,0,0.66,0,0
aclnnInplaceCopy,,,14.94,14.94,0.66,0.66,0,0
aten::slice,,,16.05,19.46,0,0,0,0
aten::as_strided,,,3.41,3.41,0,0,0,0
aten::slice,,,4.28,7.08,0,0,0,0
aten::as_strided,,,2.8,2.8,0,0,0,0
aten::slice,,,4.7,8.44,0,0,0,0
aten::as_strided,,,3.74,3.74,0,0,0,0
aten::sub,,,29.52,40.68,0,1.42,0,0
aclnnSub,,,11.16,11.16,1.42,1.42,0,0
aten::slice,,,8.56,11.38,0,0,0,0
aten::as_strided,,,2.82,2.82,0,0,0,0
aten::slice,,,2.89,8.3,0,0,0,0
aten::as_strided,,,5.41,5.41,0,0,0,0
aten::slice,,,3.24,6.39,0,0,0,0
aten::as_strided,,,3.15,3.15,0,0,0,0
aten::slice,,,2.52,4.86,0,0,0,0
aten::as_strided,,,2.34,2.34,0,0,0,0
aten::slice,,,2.21,4.02,0,0,0,0
aten::as_strided,,,1.81,1.81,0,0,0,0
aten::fill_,,,17.98,33.67,0,0,0,0
aclnnInplaceFillScalar,,,15.69,15.69,0,0,0,0
aten::slice,,,5.21,8.37,0,0,0,0
aten::as_strided,,,3.16,3.16,0,0,0,0
aten::fill_,,,12.16,23.84,0,0,0,0
aclnnInplaceFillScalar,,,11.68,11.68,0,0,0,0
aten::diff,,,6.72,40.95,0,0,0,0
aten::narrow,,,5.68,10.03,0,0,0,0
aten::slice,,,2.41,4.35,0,0,0,0
aten::as_strided,,,1.94,1.94,0,0,0,0
aten::narrow,,,10.23,11.88,0,0,0,0
aten::slice,,,0.99,1.65,0,0,0,0
aten::as_strided,,,0.66,0.66,0,0,0,0
aten::sub,,,12.32,12.32,0,0,0,0
aten::eq,,,11.93,26.71,0,0,0,0
aten::to,,,1.41,14.78,0,0,0,0
aten::_to_copy,,,4.49,13.37,0,0,0,0
aten::empty_strided,,,2.94,2.94,0,0,0,0
aten::copy_,,,5.94,5.94,0,0,0,0
aten::__and__,,,1.82,6.74,0,0,0,0
aten::bitwise_and,,,4.92,4.92,0,0,0,0
aten::gt,,,7.51,15.29,0,0,0,0
aten::to,,,0.85,7.78,0,0,0,0
aten::_to_copy,,,2.22,6.93,0,0,0,0
aten::empty_strided,,,2.16,2.16,0,0,0,0
aten::copy_,,,2.55,2.55,0,0,0,0
aten::__and__,,,1.64,4.49,0,0,0,0
aten::bitwise_and,,,2.85,2.85,0,0,0,0
aten::any,,,5.46,12.05,0,0,0,0
aten::view_as,,,1.84,3.47,0,0,0,0
aten::view,,,1.63,1.63,0,0,0,0
aten::to,,,0.34,0.34,0,0,0,0
aten::copy_,,,2.78,2.78,0,0,0,0
aten::item,,,1.86,5.07,0,0,0,0
aten::_local_scalar_dense,,,3.21,3.21,0,0,0,0
aten::slice,,,4.5,6.07,0,0,0,0
aten::as_strided,,,1.57,1.57,0,0,0,0
aten::slice,,,2.04,2.79,0,0,0,0
aten::as_strided,,,0.75,0.75,0,0,0,0
aten::sub,,,4.33,4.33,0,0,0,0
aten::select,,,2.82,4.18,0,0,0,0
aten::as_strided,,,1.36,1.36,0,0,0,0
aten::item,,,1.3,2.18,0,0,0,0
aten::_local_scalar_dense,,,0.88,0.88,0,0,0,0
aten::gt,,,8.23,33.54,0,0,0,0
aten::to,,,0.8,25.31,0,0,0,0
aten::_to_copy,,,2.95,24.51,0,0,0,0
aten::empty_strided,,,1.88,1.88,0,0,0,0
aten::copy_,,,19.68,19.68,0,0,0,0
aten::__ior__,,,1.97,6.82,0,0,0,0
aten::bitwise_or_,,,4.85,4.85,0,0,0,0
aten::any,,,4.98,10.51,0,0,0,0
aten::view_as,,,1.46,2.69,0,0,0,0
aten::view,,,1.23,1.23,0,0,0,0
aten::to,,,0.34,0.34,0,0,0,0
aten::copy_,,,2.5,2.5,0,0,0,0
aten::is_nonzero,,,1.37,4.3,0,0,0,0
aten::item,,,1.27,2.93,0,0,0,0
aten::_local_scalar_dense,,,1.66,1.66,0,0,0,0
aten::select,,,4.62,11.94,0,0,0,0
aten::as_strided,,,7.32,7.32,0,0,0,0
aten::slice,,,4.54,8.56,0,0,0,0
aten::as_strided,,,4.02,4.02,0,0,0,0
aten::slice,,,2.97,5.23,0,0,0,0
aten::as_strided,,,2.26,2.26,0,0,0,0
aten::slice,,,2.33,4.57,0,0,0,0
aten::as_strided,,,2.24,2.24,0,0,0,0
aten::copy_,,,67.86,87.28,0,0.6,0,0
aclnnInplaceCopy,,,19.42,19.42,0.6,0.6,0,0
aten::slice,,,6.27,10.1,0,0,0,0
aten::as_strided,,,3.83,3.83,0,0,0,0
aten::fill_,,,15.78,29.39,0,0,0,0
aclnnInplaceFillScalar,,,13.61,13.61,0,0,0,0
aten::slice,,,5.89,9.53,0,0,0,0
aten::as_strided,,,3.64,3.64,0,0,0,0
aten::slice,,,2.75,5.03,0,0,0,0
aten::as_strided,,,2.28,2.28,0,0,0,0
aten::slice,,,2.29,4.61,0,0,0,0
aten::as_strided,,,2.32,2.32,0,0,0,0
aten::copy_,,,55.32,69.31,0,0.58003125,0,0
aclnnInplaceCopy,,,13.99,13.99,0.58003125,0.58003125,0,0
aten::slice,,,5.76,9.56,0,0,0,0
aten::as_strided,,,3.8,3.8,0,0,0,0
aten::slice,,,3.57,6.94,0,0,0,0
aten::as_strided,,,3.37,3.37,0,0,0,0
aten::slice,,,3.33,6.45,0,0,0,0
aten::as_strided,,,3.12,3.12,0,0,0,0
aten::slice,,,2.8,5.62,0,0,0,0
aten::as_strided,,,2.82,2.82,0,0,0,0
aten::slice,,,2.32,5.37,0,0,0,0
aten::as_strided,,,3.05,3.05,0,0,0,0
aten::copy_,,,50.71,64.84,0,0.64,0,0
aclnnInplaceCopy,,,14.13,14.13,0.64,0.64,0,0
aten::slice,,,5.38,8.99,0,0,0,0
aten::as_strided,,,3.61,3.61,0,0,0,0
aten::slice,,,2.58,4.88,0,0,0,0
aten::as_strided,,,2.3,2.3,0,0,0,0
aten::slice,,,2.68,4.58,0,0,0,0
aten::as_strided,,,1.9,1.9,0,0,0,0
aten::sub,,,18.52,30.45,0,1.50003125,0,0
aclnnSub,,,11.93,11.93,1.50003125,1.50003125,0,0
aten::slice,,,7.49,10.54,0,0,0,0
aten::as_strided,,,3.05,3.05,0,0,0,0
aten::slice,,,2.98,7.54,0,0,0,0
aten::as_strided,,,4.56,4.56,0,0,0,0
aten::slice,,,3.0,6.44,0,0,0,0
aten::as_strided,,,3.44,3.44,0,0,0,0
aten::slice,,,2.31,5.07,0,0,0,0
aten::as_strided,,,2.76,2.76,0,0,0,0
aten::slice,,,2.15,4.08,0,0,0,0
aten::as_strided,,,1.93,1.93,0,0,0,0
aten::fill_,,,16.98,31.61,0,0,0,0
aclnnInplaceFillScalar,,,14.63,14.63,0,0,0,0
aten::slice,,,4.73,7.86,0,0,0,0
aten::as_strided,,,3.13,3.13,0,0,0,0
aten::fill_,,,13.31,25.07,0,0,0,0
aclnnInplaceFillScalar,,,11.76,11.76,0,0,0,0
aten::diff,,,6.82,32.67,0,0,0,0
aten::narrow,,,5.38,10.2,0,0,0,0
aten::slice,,,2.2,4.82,0,0,0,0
aten::as_strided,,,2.62,2.62,0,0,0,0
aten::narrow,,,1.91,4.21,0,0,0,0
aten::slice,,,1.32,2.3,0,0,0,0
aten::as_strided,,,0.98,0.98,0,0,0,0
aten::sub,,,11.44,11.44,0,0,0,0
aten::eq,,,11.8,26.19,0,0,0,0
aten::to,,,1.91,14.39,0,0,0,0
aten::_to_copy,,,4.34,12.48,0,0,0,0
aten::empty_strided,,,2.81,2.81,0,0,0,0
aten::copy_,,,5.33,5.33,0,0,0,0
aten::__and__,,,2.27,6.49,0,0,0,0
aten::bitwise_and,,,4.22,4.22,0,0,0,0
aten::gt,,,7.59,16.56,0,0,0,0
aten::to,,,0.86,8.97,0,0,0,0
aten::_to_copy,,,3.1,8.11,0,0,0,0
aten::empty_strided,,,2.09,2.09,0,0,0,0
aten::copy_,,,2.92,2.92,0,0,0,0
aten::__and__,,,1.31,4.08,0,0,0,0
aten::bitwise_and,,,2.77,2.77,0,0,0,0
aten::any,,,5.4,12.21,0,0,0,0
aten::view_as,,,1.58,3.53,0,0,0,0
aten::view,,,1.95,1.95,0,0,0,0
aten::to,,,0.38,0.38,0,0,0,0
aten::copy_,,,2.9,2.9,0,0,0,0
aten::item,,,1.7,2.96,0,0,0,0
aten::_local_scalar_dense,,,1.26,1.26,0,0,0,0
aten::slice,,,4.6,6.23,0,0,0,0
aten::as_strided,,,1.63,1.63,0,0,0,0
aten::slice,,,2.4,3.41,0,0,0,0
aten::as_strided,,,1.01,1.01,0,0,0,0
aten::sub,,,4.93,4.93,0,0,0,0
aten::select,,,2.99,4.09,0,0,0,0
aten::as_strided,,,1.1,1.1,0,0,0,0
aten::item,,,1.18,2.21,0,0,0,0
aten::_local_scalar_dense,,,1.03,1.03,0,0,0,0
aten::gt,,,7.21,15.44,0,0,0,0
aten::to,,,0.96,8.23,0,0,0,0
aten::_to_copy,,,2.54,7.27,0,0,0,0
aten::empty_strided,,,1.94,1.94,0,0,0,0
aten::copy_,,,2.79,2.79,0,0,0,0
aten::__ior__,,,1.89,5.69,0,0,0,0
aten::bitwise_or_,,,3.8,3.8,0,0,0,0
aten::any,,,4.71,10.47,0,0,0,0
aten::view_as,,,1.58,2.74,0,0,0,0
aten::view,,,1.16,1.16,0,0,0,0
aten::to,,,0.41,0.41,0,0,0,0
aten::copy_,,,2.61,2.61,0,0,0,0
aten::is_nonzero,,,1.42,3.29,0,0,0,0
aten::item,,,0.99,1.87,0,0,0,0
aten::_local_scalar_dense,,,0.88,0.88,0,0,0,0
aten::select,,,3.94,10.31,0,0,0,0
aten::as_strided,,,6.37,6.37,0,0,0,0
aten::slice,,,4.23,8.58,0,0,0,0
aten::as_strided,,,4.35,4.35,0,0,0,0
aten::slice,,,2.39,4.6,0,0,0,0
aten::as_strided,,,2.21,2.21,0,0,0,0
aten::slice,,,2.47,4.74,0,0,0,0
aten::as_strided,,,2.27,2.27,0,0,0,0
aten::copy_,,,66.94,85.46,0,0.60003125,0,0
aclnnInplaceCopy,,,18.52,18.52,0.60003125,0.60003125,0,0
aten::slice,,,5.43,9.63,0,0,0,0
aten::as_strided,,,4.2,4.2,0,0,0,0
aten::fill_,,,14.78,27.29,0,0,0,0
aclnnInplaceFillScalar,,,12.51,12.51,0,0,0,0
aten::slice,,,4.95,9.0,0,0,0,0
aten::as_strided,,,4.05,4.05,0,0,0,0
aten::slice,,,2.7,5.27,0,0,0,0
aten::as_strided,,,2.57,2.57,0,0,0,0
aten::slice,,,2.48,4.79,0,0,0,0
aten::as_strided,,,2.31,2.31,0,0,0,0
aten::copy_,,,53.82,68.21,0,0.62003125,0,0
aclnnInplaceCopy,,,14.39,14.39,0.62003125,0.62003125,0,0
aten::slice,,,5.54,9.55,0,0,0,0
aten::as_strided,,,4.01,4.01,0,0,0,0
aten::slice,,,3.0,6.13,0,0,0,0
aten::as_strided,,,3.13,3.13,0,0,0,0
aten::slice,,,2.9,5.73,0,0,0,0
aten::as_strided,,,2.83,2.83,0,0,0,0
aten::slice,,,2.14,4.39,0,0,0,0
aten::as_strided,,,2.25,2.25,0,0,0,0
aten::slice,,,2.3,4.37,0,0,0,0
aten::as_strided,,,2.07,2.07,0,0,0,0
aten::copy_,,,49.49,62.68,0,0.6,0,0
aclnnInplaceCopy,,,13.19,13.19,0.6,0.6,0,0
aten::slice,,,4.85,8.16,0,0,0,0
aten::as_strided,,,3.31,3.31,0,0,0,0
aten::slice,,,2.61,4.94,0,0,0,0
aten::as_strided,,,2.33,2.33,0,0,0,0
aten::slice,,,2.47,4.73,0,0,0,0
aten::as_strided,,,2.26,2.26,0,0,0,0
aten::sub,,,17.95,29.89,0,1.34003125,0,0
aclnnSub,,,11.94,11.94,1.34003125,1.34003125,0,0
Event::record,,,157.16,178.59,0,0.02,0,0
record_event,,,21.43,21.43,0.02,0.02,0,0
aten::slice,,,9.12,16.48,0,0,0,0
aten::as_strided,,,7.36,7.36,0,0,0,0
aten::slice,,,3.67,6.8,0,0,0,0
aten::as_strided,,,3.13,3.13,0,0,0,0
aten::slice,,,6.46,14.05,0,0,0,0
aten::as_strided,,,7.59,7.59,0,0,0,0
aten::scalar_tensor,,,6.77,61.45,0,1.36003125,0,0
aten::empty,,,3.37,17.5,0,0,0,0
empty_tensor,,,14.13,14.13,0,0,0,0
aten::fill_,,,18.27,37.18,0,1.36003125,0,0
aclnnInplaceFillScalar,,,18.91,18.91,1.36003125,1.36003125,0,0
aten::view,,,4.92,4.92,0,0,0,0
aten::expand,,,3.47,6.08,0,0,0,0
aten::as_strided,,,2.61,2.61,0,0,0,0
aten::copy_,,,57.03,71.15,0,0.62003125,0,0
aclnnInplaceCopy,,,14.12,14.12,0.62003125,0.62003125,0,0
aten::scalar_tensor,,,5.17,39.26,0,1.36,0,0
aten::empty,,,2.61,11.28,0,0,0,0
empty_tensor,,,8.67,8.67,0,0,0,0
aten::fill_,,,11.45,22.81,0,1.36,0,0
aclnnInplaceFillScalar,,,11.36,11.36,1.36,1.36,0,0
aten::slice,,,6.58,11.77,0,0,0,0
aten::as_strided,,,5.19,5.19,0,0,0,0
aten::view,,,2.6,2.6,0,0,0,0
aten::expand,,,2.04,3.8,0,0,0,0
aten::as_strided,,,1.76,1.76,0,0,0,0
aten::copy_,,,1.83,1.83,0,0,0,0
aten::index,,,40.73,74.45,0,11.42025,0,0
empty_tensor,,,8.05,8.05,0,0,0,0
empty_tensor,,,9.25,9.25,0,0,0,0
aclnnIndex,,,16.42,16.42,11.42025,11.42025,0,0
aten::linear,,,6.23,71.49,0,898.0379375,0,898.0379375
aten::t,,,6.28,17.52,0,0,0,0
aten::transpose,,,4.33,11.24,0,0,0,0
aten::as_strided,,,6.91,6.91,0,0,0,0
aten::matmul,,,22.65,47.74,0,898.0379375,0,898.0379375
empty_tensor,,,9.49,9.49,0,0,0,0
aclnnMatmul,,,15.6,15.6,898.0379375,898.0379375,898.0379375,898.0379375
aten::alias,,,3.68,3.68,0,0,0,0
aten::log_softmax,,,7.77,116.07,0,51.76103125,0,0
aten::to,,,3.26,69.74,0,8.06015625,0,0
aten::_to_copy,,,8.05,66.48,0,8.06015625,0,0
aten::empty_strided,,,12.51,19.59,0,0,0,0
empty_tensor,,,7.08,7.08,0,0,0,0
aten::copy_,,,22.63,38.84,0,8.06015625,0,0
aclnnInplaceCopy,,,16.21,16.21,8.06015625,8.06015625,0,0
aten::_log_softmax,,,20.62,38.56,0,43.700875,0,0
empty_tensor,,,7.01,7.01,0,0,0,0
aclnnLogSoftmax,,,10.93,10.93,43.700875,43.700875,0,0
aten::to,,,2.28,44.2,0,2.6800625,0,0
aten::_to_copy,,,4.86,41.92,0,2.6800625,0,0
aten::empty_strided,,,7.13,11.56,0,0,0,0
empty_tensor,,,4.43,4.43,0,0,0,0
aten::copy_,,,14.39,25.5,0,2.6800625,0,0
aclnnInplaceCopy,,,11.11,11.11,2.6800625,2.6800625,0,0
aten::argmax,,,9.14,61.92,0,20.76040625,0,0
aten::empty,,,2.9,10.48,0,0,0,0
empty_tensor,,,7.58,7.58,0,0,0,0
aten::argmax,,,24.13,42.3,0,20.76040625,0,0
aten::reshape,,,1.68,6.75,0,0,0,0
aten::view,,,5.07,5.07,0,0,0,0
aclnnArgMax,,,11.42,11.42,20.76040625,20.76040625,0,0
aten::view,,,4.05,4.05,0,0,0,0
aten::to,,,1.66,1.66,0,0,0,0
aten::topk,,,22.18,45.93,0,32.90065625,0,0
empty_tensor,,,7.29,7.29,0,0,0,0
empty_tensor,,,5.04,5.04,0,0,0,0
aclnnTopk,,,11.42,11.42,32.90065625,32.90065625,0,0
aten::unsqueeze,,,4.17,8.83,0,0,0,0
aten::as_strided,,,4.66,4.66,0,0,0,0
aten::gather,,,19.47,29.83,0,5.860125,0,0
empty_tensor,,,6.31,6.31,0,0,0,0
aclnnGather,,,4.05,4.05,5.860125,5.860125,0,0
TorchDynamo Cache Lookup,,,37.29,37.29,0,0,0,0
Torch-Compiled Region: 0/0,,,107.42,199.43,0,35.24075,0,0
aten::_assert_scalar,,,3.48,3.48,0,0,0,0
aten::_assert_scalar,,,1.05,1.05,0,0,0,0
aten::_assert_scalar,,,1.06,1.06,0,0,0,0
aten::ge,,,19.67,46.66,0,8.00015625,0,0
empty_tensor,,,11.47,11.47,0,0,0,0
aclnnGeTensor,,,15.52,15.52,8.00015625,8.00015625,0,0
aten::sum,,,21.01,39.76,0,27.240593750000002,0,0
empty_tensor,,,7.68,7.68,0,0,0,0
aclnnReduceSum,,,11.07,11.07,27.240593750000002,27.240593750000002,0,0
aten::cat,,,21.77,40.67,0,2.3800625,0,0
empty_tensor,,,8.11,8.11,0,0,0,0
aclnnCat,,,10.79,10.79,2.3800625,2.3800625,0,0
aten::cat,,,13.92,47.16,0,1.86003125,0,0
empty_tensor,,,21.05,21.05,0,0,0,0
aclnnCat,,,12.19,12.19,1.86003125,1.86003125,0,0
aten::to,,,2.0,58.6,0,1.34003125,0,0
aten::_to_copy,,,5.61,56.6,0,1.34003125,0,0
aten::empty_strided,,,7.57,12.41,0,0,0,0
empty_tensor,,,4.84,4.84,0,0,0,0
aten::copy_,,,27.71,38.58,0,1.34003125,0,0
aclnnInplaceCopy,,,10.87,10.87,1.34003125,1.34003125,0,0
aten::to,,,1.89,55.28,0,1.58,0,0
aten::_to_copy,,,4.78,53.39,0,1.58,0,0
aten::empty_strided,,,7.01,11.62,0,0,0,0
empty_tensor,,,4.61,4.61,0,0,0,0
aten::copy_,,,16.39,36.99,0,1.58,0,0
aclnnInplaceCopy,,,20.6,20.6,1.58,1.58,0,0
aten::unsqueeze,,,3.52,8.59,0,0,0,0
aten::as_strided,,,5.07,5.07,0,0,0,0
Event::record,,,147.8,185.51,0,0.0,0,0
record_event,,,37.71,37.71,0.0,0.0,0,0
aten::slice,,,6.18,15.02,0,0,0,0
aten::as_strided,,,8.84,8.84,0,0,0,0
Event::wait,,,71.9,96.63,0,2032.00059375,0,0
wait_event,,,24.73,24.73,2032.00059375,2032.00059375,0,0
Event::record,,,92.06,112.13,0,0.0,0,0
record_event,,,20.07,20.07,0.0,0.0,0,0
Event::wait,,,60.03,80.32,0,1664.65328125,0,0
wait_event,,,20.29,20.29,1664.65328125,1664.65328125,0,0
destroy_event,,,11.66,11.66,0,0,0,0
aten::to,,,3.75,65.56,0,2.04003125,0,0
aten::_to_copy,,,7.06,61.81,0,2.04003125,0,0
aten::empty_strided,,,23.7,23.7,0,0,0,0
aten::copy_,,,19.62,31.05,0,2.04003125,0,0
acl_memcpy_device_to_host,,,11.43,11.43,2.04003125,2.04003125,0,0
aten::to,,,2.49,38.55,0,2.2400625,0,0
aten::_to_copy,,,4.92,36.06,0,2.2400625,0,0
aten::empty_strided,,,4.82,4.82,0,0,0,0
aten::copy_,,,14.68,26.32,0,2.2400625,0,0
acl_memcpy_device_to_host,,,11.64,11.64,2.2400625,2.2400625,0,0
aten::to,,,2.41,33.69,0,2.02003125,0,0
aten::_to_copy,,,4.34,31.28,0,2.02003125,0,0
aten::empty_strided,,,3.73,3.73,0,0,0,0
aten::copy_,,,11.82,23.21,0,2.02003125,0,0
acl_memcpy_device_to_host,,,11.39,11.39,2.02003125,2.02003125,0,0
aten::to,,,2.52,31.28,0,2.2000625,0,0
aten::_to_copy,,,3.68,28.76,0,2.2000625,0,0
aten::empty_strided,,,3.01,3.01,0,0,0,0
aten::copy_,,,11.9,22.07,0,2.2000625,0,0
acl_memcpy_device_to_host,,,10.17,10.17,2.2000625,2.2000625,0,0
Event::record,,,153.73,171.88,0,0.02,0,0
record_event,,,18.15,18.15,0.02,0.02,0,0
Event::synchronize,,,83.53,83.53,0,0,0,0
aten::resolve_conj,,,2.15,2.15,0,0,0,0
aten::resolve_neg,,,0.62,0.62,0,0,0,0
aten::to,,,2.83,2.83,0,0,0,0
aten::detach,,,4.25,4.25,0,0,0,0
aten::to,,,0.68,0.68,0,0,0,0
aten::resolve_conj,,,0.4,0.4,0,0,0,0
aten::resolve_neg,,,0.26,0.26,0,0,0,0
aten::to,,,1.27,1.27,0,0,0,0
aten::detach,,,2.39,2.39,0,0,0,0
aten::to,,,0.4,0.4,0,0,0,0
aten::resolve_conj,,,0.43,0.43,0,0,0,0
aten::resolve_neg,,,0.26,0.26,0,0,0,0
aten::to,,,1.16,1.16,0,0,0,0
aten::detach,,,1.02,1.02,0,0,0,0
aten::to,,,0.42,0.42,0,0,0,0
aten::resolve_conj,,,0.31,0.31,0,0,0,0
aten::resolve_neg,,,0.68,0.68,0,0,0,0
destroy_event,,,26.32,26.32,0,0,0,0
record_event,,,14.42,14.42,0.0,0.0,0,0
Event::synchronize,,,166.08,166.08,0,0,0,0
aten::slice,,,12.95,18.23,0,0,0,0
aten::as_strided,,,5.28,5.28,0,0,0,0
aten::slice,,,3.4,11.94,0,0,0,0
aten::as_strided,,,8.54,8.54,0,0,0,0
aten::pin_memory,,,100.91,120.79,0,0,0,0
aten::is_pinned,,,19.88,19.88,0,0,0,0
aten::copy_,,,23.12,44.06,0,2.42003125,0,0
acl_memcpy_host_to_device,,,20.94,20.94,2.42003125,2.42003125,0,0
aten::slice,,,7.24,9.9,0,0,0,0
aten::as_strided,,,2.66,2.66,0,0,0,0
aten::slice,,,2.54,7.11,0,0,0,0
aten::as_strided,,,4.57,4.57,0,0,0,0
aten::pin_memory,,,4.18,13.7,0,0,0,0
aten::is_pinned,,,9.52,9.52,0,0,0,0
aten::copy_,,,19.08,40.27,0,2.20003125,0,0
acl_memcpy_host_to_device,,,21.19,21.19,2.20003125,2.20003125,0,0
aten::slice,,,6.99,10.65,0,0,0,0
aten::as_strided,,,3.66,3.66,0,0,0,0
aten::slice,,,4.84,43.64,0,0,0,0
aten::as_strided,,,38.8,38.8,0,0,0,0
aten::pin_memory,,,4.31,15.32,0,0,0,0
aten::is_pinned,,,11.01,11.01,0,0,0,0
aten::copy_,,,15.67,36.75,0,2.3800625,0,0
acl_memcpy_host_to_device,,,21.08,21.08,2.3800625,2.3800625,0,0
aten::slice,,,5.6,7.85,0,0,0,0
aten::as_strided,,,2.25,2.25,0,0,0,0
aten::slice,,,2.51,6.39,0,0,0,0
aten::as_strided,,,3.88,3.88,0,0,0,0
aten::pin_memory,,,4.7,14.46,0,0,0,0
aten::is_pinned,,,9.76,9.76,0,0,0,0
aten::copy_,,,16.23,37.93,0,2.24003125,0,0
acl_memcpy_host_to_device,,,21.7,21.7,2.24003125,2.24003125,0,0
aten::slice,,,5.16,8.0,0,0,0,0
aten::as_strided,,,2.84,2.84,0,0,0,0
aten::slice,,,4.42,39.42,0,0,0,0
aten::as_strided,,,35.0,35.0,0,0,0,0
aten::pin_memory,,,4.19,13.59,0,0,0,0
aten::is_pinned,,,9.4,9.4,0,0,0,0
aten::copy_,,,15.17,35.96,0,2.4600625,0,0
acl_memcpy_host_to_device,,,20.79,20.79,2.4600625,2.4600625,0,0
aten::slice,,,11.11,14.95,0,0,0,0
aten::as_strided,,,3.84,3.84,0,0,0,0
aten::slice,,,2.63,9.98,0,0,0,0
aten::as_strided,,,7.35,7.35,0,0,0,0
aten::pin_memory,,,5.89,57.97,0,0,0,0
aten::is_pinned,,,52.08,52.08,0,0,0,0
aten::copy_,,,20.92,39.67,0,2.32003125,0,0
acl_memcpy_host_to_device,,,18.75,18.75,2.32003125,2.32003125,0,0
aten::slice,,,7.13,12.83,0,0,0,0
aten::as_strided,,,5.7,5.7,0,0,0,0
aten::lift_fresh,,,1.62,1.62,0,0,0,0
aten::lift_fresh,,,0.81,0.81,0,0,0,0
aten::flatten,,,4.42,11.39,0,0,0,0
aten::view,,,6.97,6.97,0,0,0,0
aten::slice,,,4.68,6.61,0,0,0,0
aten::as_strided,,,1.93,1.93,0,0,0,0
aten::index_select,,,7.48,7.48,0,0,0,0
aten::pin_memory,,,5.02,20.99,0,0,0,0
aten::is_pinned,,,15.97,15.97,0,0,0,0
aten::copy_,,,18.27,41.76,0,2.36003125,0,0
acl_memcpy_host_to_device,,,23.49,23.49,2.36003125,2.36003125,0,0
aten::pin_memory,,,5.63,55.02,0,0,0,0
aten::is_pinned,,,49.39,49.39,0,0,0,0
aten::copy_,,,18.88,39.67,0,2.30003125,0,0
acl_memcpy_host_to_device,,,20.79,20.79,2.30003125,2.30003125,0,0
aten::slice,,,7.38,10.53,0,0,0,0
aten::as_strided,,,3.15,3.15,0,0,0,0
aten::lift_fresh,,,1.69,1.69,0,0,0,0
aten::slice,,,5.16,6.93,0,0,0,0
aten::as_strided,,,1.77,1.77,0,0,0,0
aten::add,,,15.74,15.74,0,0,0,0
aten::slice,,,3.5,4.67,0,0,0,0
aten::as_strided,,,1.17,1.17,0,0,0,0
aten::fill_,,,5.09,5.09,0,0,0,0
aten::slice,,,3.34,10.17,0,0,0,0
aten::as_strided,,,6.83,6.83,0,0,0,0
aten::fill_,,,22.31,43.12,0,1.56003125,0,0
aclnnInplaceFillScalar,,,20.81,20.81,1.56003125,1.56003125,0,0
aten::slice,,,6.4,12.4,0,0,0,0
aten::as_strided,,,6.0,6.0,0,0,0,0
aten::select,,,4.23,7.42,0,0,0,0
aten::as_strided,,,3.19,3.19,0,0,0,0
aten::copy_,,,70.97,88.59,0,0.6,0,0
aclnnInplaceCopy,,,17.62,17.62,0.6,0.6,0,0
aten::slice,,,7.53,10.53,0,0,0,0
aten::as_strided,,,3.0,3.0,0,0,0,0
aten::detach,,,3.01,3.01,0,0,0,0
aten::to,,,1.81,1.81,0,0,0,0
aten::resolve_conj,,,0.84,0.84,0,0,0,0
aten::resolve_neg,,,0.63,0.63,0,0,0,0
aten::slice,,,5.36,7.98,0,0,0,0
aten::as_strided,,,2.62,2.62,0,0,0,0
aten::slice,,,2.91,8.09,0,0,0,0
aten::as_strided,,,5.18,5.18,0,0,0,0
aten::pin_memory,,,4.13,20.97,0,0,0,0
aten::is_pinned,,,16.84,16.84,0,0,0,0
aten::copy_,,,3.5,3.5,0,0,0,0
aten::slice,,,5.17,6.89,0,0,0,0
aten::as_strided,,,1.72,1.72,0,0,0,0
aten::slice,,,2.8,6.14,0,0,0,0
aten::as_strided,,,3.34,3.34,0,0,0,0
aten::pin_memory,,,2.95,11.6,0,0,0,0
aten::is_pinned,,,8.65,8.65,0,0,0,0
aten::copy_,,,16.13,32.06,0,2.30003125,0,0
acl_memcpy_host_to_device,,,15.93,15.93,2.30003125,2.30003125,0,0
aten::fill_,,,21.05,78.8,0,1.4200625,0,0
aclnnInplaceFillScalar,,,57.75,57.75,1.4200625,1.4200625,0,0
aten::slice,,,7.32,12.04,0,0,0,0
aten::as_strided,,,4.72,4.72,0,0,0,0
aten::slice,,,3.2,4.96,0,0,0,0
aten::as_strided,,,1.76,1.76,0,0,0,0
aten::copy_,,,21.23,31.96,0,2.32003125,0,0
acl_memcpy_host_to_device,,,10.73,10.73,2.32003125,2.32003125,0,0
aten::slice,,,5.16,6.84,0,0,0,0
aten::as_strided,,,1.68,1.68,0,0,0,0
aten::slice,,,5.01,41.85,0,0,0,0
aten::as_strided,,,36.84,36.84,0,0,0,0
aten::pin_memory,,,4.24,15.83,0,0,0,0
aten::is_pinned,,,11.59,11.59,0,0,0,0
aten::copy_,,,16.96,35.57,0,2.36003125,0,0
acl_memcpy_host_to_device,,,18.61,18.61,2.36003125,2.36003125,0,0
aten::slice,,,5.92,10.83,0,0,0,0
aten::as_strided,,,4.91,4.91,0,0,0,0
aten::slice,,,5.78,8.12,0,0,0,0
aten::as_strided,,,2.34,2.34,0,0,0,0
aten::slice,,,2.67,6.02,0,0,0,0
aten::as_strided,,,3.35,3.35,0,0,0,0
aten::pin_memory,,,3.48,13.73,0,0,0,0
aten::is_pinned,,,10.25,10.25,0,0,0,0
aten::copy_,,,15.7,33.68,0,2.20003125,0,0
acl_memcpy_host_to_device,,,17.98,17.98,2.20003125,2.20003125,0,0
aten::slice,,,36.59,38.59,0,0,0,0
aten::as_strided,,,2.0,2.0,0,0,0,0
aten::slice,,,3.81,9.01,0,0,0,0
aten::as_strided,,,5.2,5.2,0,0,0,0
aten::pin_memory,,,3.44,14.06,0,0,0,0
aten::is_pinned,,,10.62,10.62,0,0,0,0
aten::copy_,,,16.44,33.87,0,2.5400625,0,0
acl_memcpy_host_to_device,,,17.43,17.43,2.5400625,2.5400625,0,0
aten::slice,,,5.18,9.05,0,0,0,0
aten::as_strided,,,3.87,3.87,0,0,0,0
aten::index,,,37.76,74.99,0,10.60021875,0,0
empty_tensor,,,9.21,9.21,0,0,0,0
empty_tensor,,,9.92,9.92,0,0,0,0
aclnnIndex,,,18.1,18.1,10.60021875,10.60021875,0,0
aten::to,,,2.12,52.93,0,1.18003125,0,0
aten::_to_copy,,,6.68,50.81,0,1.18003125,0,0
aten::empty_strided,,,8.97,13.99,0,0,0,0
empty_tensor,,,5.02,5.02,0,0,0,0
aten::copy_,,,17.29,30.14,0,1.18003125,0,0
aclnnInplaceCopy,,,12.85,12.85,1.18003125,1.18003125,0,0
aten::slice,,,6.69,11.28,0,0,0,0
aten::as_strided,,,4.59,4.59,0,0,0,0
aten::add,,,19.13,37.11,0,2.8800625,0,0
empty_tensor,,,6.21,6.21,0,0,0,0
aclnnAdd,,,11.77,11.77,2.8800625,2.8800625,0,0
aten::slice,,,5.12,9.5,0,0,0,0
aten::as_strided,,,4.38,4.38,0,0,0,0
aten::copy_,,,87.57,106.53,0,0.58,0,0
aclnnInplaceCopy,,,18.96,18.96,0.58,0.58,0,0
aten::slice,,,7.01,11.17,0,0,0,0
aten::as_strided,,,4.16,4.16,0,0,0,0
aten::add,,,20.16,39.99,0,1.86003125,0,0
empty_tensor,,,8.61,8.61,0,0,0,0
aclnnAdd,,,11.22,11.22,1.86003125,1.86003125,0,0
aten::slice,,,6.03,9.9,0,0,0,0
aten::as_strided,,,3.87,3.87,0,0,0,0
aten::copy_,,,50.27,67.01,0,0.62003125,0,0
aclnnInplaceCopy,,,16.74,16.74,0.62003125,0.62003125,0,0
aten::slice,,,5.75,10.07,0,0,0,0
aten::as_strided,,,4.32,4.32,0,0,0,0
aten::fill_,,,13.78,17.56,0,1.40003125,0,0
aclnnInplaceFillScalar,,,3.78,3.78,1.40003125,1.40003125,0,0
aten::slice,,,5.01,8.37,0,0,0,0
aten::as_strided,,,3.36,3.36,0,0,0,0
aten::slice,,,3.07,6.27,0,0,0,0
aten::as_strided,,,3.2,3.2,0,0,0,0
_compute_slot_mapping_fused_groups_kernel,,,29.16,29.16,21.9804375,21.9804375,0,0
aten::slice,,,9.37,17.94,0,0,0,0
aten::as_strided,,,8.57,8.57,0,0,0,0
aten::sub,,,29.0,61.44,0,1.4600625,0,0
empty_tensor,,,10.8,10.8,0,0,0,0
aten::item,,,2.88,5.04,0,0,0,0
aten::_local_scalar_dense,,,2.16,2.16,0,0,0,0
aclnnSubs,,,16.6,16.6,1.4600625,1.4600625,0,0
aten::pin_memory,,,8.34,29.25,0,0,0,0
aten::is_pinned,,,20.91,20.91,0,0,0,0
aten::copy_,,,21.63,41.84,0,2.24003125,0,0
acl_memcpy_host_to_device,,,20.21,20.21,2.24003125,2.24003125,0,0
aten::detach,,,4.43,4.43,0,0,0,0
aten::to,,,2.29,2.29,0,0,0,0
aten::resolve_conj,,,0.88,0.88,0,0,0,0
aten::resolve_neg,,,0.73,0.73,0,0,0,0
aten::slice,,,8.69,17.58,0,0,0,0
aten::as_strided,,,8.89,8.89,0,0,0,0
aten::slice,,,3.26,6.28,0,0,0,0
aten::as_strided,,,3.02,3.02,0,0,0,0
aten::slice,,,2.72,5.15,0,0,0,0
aten::as_strided,,,2.43,2.43,0,0,0,0
aten::fill_,,,21.37,44.31,0,0,0,0
aclnnInplaceFillScalar,,,22.94,22.94,0,0,0,0
aten::slice,,,4.63,8.75,0,0,0,0
aten::as_strided,,,4.12,4.12,0,0,0,0
aten::fill_,,,14.0,26.36,0,0,0,0
aclnnInplaceFillScalar,,,12.36,12.36,0,0,0,0
aten::slice,,,4.52,7.02,0,0,0,0
aten::as_strided,,,2.5,2.5,0,0,0,0
aten::slice,,,2.53,3.51,0,0,0,0
aten::as_strided,,,0.98,0.98,0,0,0,0
aten::lt,,,14.05,14.05,0,0,0,0
aten::lift_fresh,,,1.31,1.31,0,0,0,0
aten::slice,,,1.69,2.84,0,0,0,0
aten::as_strided,,,1.15,1.15,0,0,0,0
aten::fill_,,,2.39,9.55,0,0,0,0
aten::copy_,,,7.16,7.16,0,0,0,0
aten::slice,,,3.58,5.25,0,0,0,0
aten::as_strided,,,1.67,1.67,0,0,0,0
aten::slice,,,2.78,7.4,0,0,0,0
aten::as_strided,,,4.62,4.62,0,0,0,0
aten::slice,,,2.55,4.42,0,0,0,0
aten::as_strided,,,1.87,1.87,0,0,0,0
aten::slice,,,3.19,5.67,0,0,0,0
aten::as_strided,,,2.48,2.48,0,0,0,0
aten::slice,,,1.96,2.67,0,0,0,0
aten::as_strided,,,0.71,0.71,0,0,0,0
aten::slice,,,1.81,2.86,0,0,0,0
aten::as_strided,,,1.05,1.05,0,0,0,0
aten::slice,,,2.98,5.71,0,0,0,0
aten::as_strided,,,2.73,2.73,0,0,0,0
aten::slice,,,2.53,4.69,0,0,0,0
aten::as_strided,,,2.16,2.16,0,0,0,0
aten::slice,,,2.44,4.68,0,0,0,0
aten::as_strided,,,2.24,2.24,0,0,0,0
aten::slice,,,5.05,10.93,0,0,0,0
aten::as_strided,,,5.88,5.88,0,0,0,0
aten::slice,,,2.85,6.73,0,0,0,0
aten::as_strided,,,3.88,3.88,0,0,0,0
aten::slice,,,3.2,5.69,0,0,0,0
aten::as_strided,,,2.49,2.49,0,0,0,0
aten::to,,,1.83,1.83,0,0,0,0
aten::slice,,,2.88,5.5,0,0,0,0
aten::as_strided,,,2.62,2.62,0,0,0,0
aten::slice,,,2.41,4.74,0,0,0,0
aten::as_strided,,,2.33,2.33,0,0,0,0
aten::slice,,,2.25,3.51,0,0,0,0
aten::as_strided,,,1.26,1.26,0,0,0,0
aten::slice,,,3.25,6.29,0,0,0,0
aten::as_strided,,,3.04,3.04,0,0,0,0
aten::slice,,,2.32,5.89,0,0,0,0
aten::as_strided,,,3.57,3.57,0,0,0,0
aten::alias,,,5.53,5.53,0,0,0,0
aten::div,,,38.89,63.14,0,6.52009375,0,0
aten::item,,,1.93,3.41,0,0,0,0
aten::_local_scalar_dense,,,1.48,1.48,0,0,0,0
aclnnDivMods,,,20.84,20.84,6.52009375,6.52009375,0,0
aten::slice,,,3.42,8.41,0,0,0,0
aten::as_strided,,,4.99,4.99,0,0,0,0
aten::slice,,,4.18,6.61,0,0,0,0
aten::as_strided,,,2.43,2.43,0,0,0,0
aten::copy_,,,86.74,104.3,0,0.58,0,0
aclnnInplaceCopy,,,17.56,17.56,0.58,0.58,0,0
aten::slice,,,4.08,8.05,0,0,0,0
aten::as_strided,,,3.97,3.97,0,0,0,0
aten::slice,,,4.82,7.43,0,0,0,0
aten::as_strided,,,2.61,2.61,0,0,0,0
aten::ge,,,23.48,47.93,0,4.20009375,0,0
empty_tensor,,,11.45,11.45,0,0,0,0
aclnnGeScalar,,,13.0,13.0,4.20009375,4.20009375,0,0
aten::add,,,20.36,44.61,0,2.10003125,0,0
empty_tensor,,,7.42,7.42,0,0,0,0
aten::item,,,1.99,3.38,0,0,0,0
aten::_local_scalar_dense,,,1.39,1.39,0,0,0,0
aclnnAdds,,,13.45,13.45,2.10003125,2.10003125,0,0
aten::remainder,,,56.25,85.0,0,3.4600937499999995,0,0
empty_tensor,,,6.61,6.61,0,0,0,0
aclnnRemainderTensorScalar,,,22.14,22.14,3.4600937499999995,3.4600937499999995,0,0
aten::eq,,,15.37,36.59,0,2.68003125,0,0
empty_tensor,,,6.97,6.97,0,0,0,0
aclnnEqScalar,,,14.25,14.25,2.68003125,2.68003125,0,0
aten::__and__,,,2.87,46.66,0,1.60003125,0,0
aten::bitwise_and,,,24.68,43.79,0,1.60003125,0,0
empty_tensor,,,6.49,6.49,0,0,0,0
aclnnBitwiseAndTensor,,,12.62,12.62,1.60003125,1.60003125,0,0
aten::clamp_min,,,14.58,34.35,0,1.84003125,0,0
empty_tensor,,,6.51,6.51,0,0,0,0
aclnnClampMin,,,13.26,13.26,1.84003125,1.84003125,0,0
aten::div,,,29.18,51.12,0,4.820125,0,0
empty_tensor,,,5.99,5.99,0,0,0,0
aten::item,,,1.87,3.19,0,0,0,0
aten::_local_scalar_dense,,,1.32,1.32,0,0,0,0
aclnnDivMods,,,12.76,12.76,4.820125,4.820125,0,0
aten::remainder,,,20.16,31.09,0,4.50009375,0,0
empty_tensor,,,6.28,6.28,0,0,0,0
aclnnRemainderTensorScalar,,,4.65,4.65,4.50009375,4.50009375,0,0
aten::mul,,,17.28,29.62,0,1.46003125,0,0
empty_tensor,,,6.31,6.31,0,0,0,0
aten::item,,,1.48,2.49,0,0,0,0
aten::_local_scalar_dense,,,1.01,1.01,0,0,0,0
aclnnMuls,,,3.54,3.54,1.46003125,1.46003125,0,0
aten::div,,,19.58,43.0,0,4.50009375,0,0
empty_tensor,,,5.88,5.88,0,0,0,0
aten::item,,,1.67,3.55,0,0,0,0
aten::_local_scalar_dense,,,1.88,1.88,0,0,0,0
aclnnDivMods,,,13.99,13.99,4.50009375,4.50009375,0,0
aten::add,,,13.39,21.27,0,1.28003125,0,0
empty_tensor,,,5.2,5.2,0,0,0,0
aclnnAdd,,,2.68,2.68,1.28003125,1.28003125,0,0
aten::full_like,,,4.61,49.05,0,1.48003125,0,0
aten::empty_like,,,6.52,20.95,0,0,0,0
aten::empty_strided,,,8.86,14.43,0,0,0,0
empty_tensor,,,5.57,5.57,0,0,0,0
aten::fill_,,,10.2,23.49,0,1.48003125,0,0
aclnnInplaceFillScalar,,,13.29,13.29,1.48003125,1.48003125,0,0
aten::where,,,13.55,22.11,0,1.94003125,0,0
empty_tensor,,,5.89,5.89,0,0,0,0
aclnnSWhere,,,2.67,2.67,1.94003125,1.94003125,0,0
aten::copy_,,,14.67,25.61,0,1.16,0,0
aclnnInplaceCopy,,,10.94,10.94,1.16,1.16,0,0
aten::slice,,,3.51,8.14,0,0,0,0
aten::as_strided,,,4.63,4.63,0,0,0,0
aten::slice,,,5.72,8.7,0,0,0,0
aten::as_strided,,,2.98,2.98,0,0,0,0
aten::div,,,23.56,40.35,0,3.9400625,0,0
aten::item,,,1.69,2.91,0,0,0,0
aten::_local_scalar_dense,,,1.22,1.22,0,0,0,0
aclnnDivMods,,,13.88,13.88,3.9400625,3.9400625,0,0
aten::slice,,,2.22,5.54,0,0,0,0
aten::as_strided,,,3.32,3.32,0,0,0,0
aten::slice,,,4.09,7.44,0,0,0,0
aten::as_strided,,,3.35,3.35,0,0,0,0
aten::slice,,,2.18,4.31,0,0,0,0
aten::as_strided,,,2.13,2.13,0,0,0,0
aten::copy_,,,61.4,77.17,0,0.78003125,0,0
aclnnInplaceCopy,,,15.77,15.77,0.78003125,0.78003125,0,0
aten::slice,,,2.84,6.29,0,0,0,0
aten::as_strided,,,3.45,3.45,0,0,0,0
aten::slice,,,4.41,6.78,0,0,0,0
aten::as_strided,,,2.37,2.37,0,0,0,0
aten::copy_,,,48.05,60.48,0,0.62,0,0
aclnnInplaceCopy,,,12.43,12.43,0.62,0.62,0,0
aten::slice,,,5.46,8.67,0,0,0,0
aten::as_strided,,,3.21,3.21,0,0,0,0
aten::div,,,13.55,30.92,0,0,0,0
aten::to,,,1.39,17.37,0,0,0,0
aten::_to_copy,,,4.9,15.98,0,0,0,0
aten::empty_strided,,,3.46,3.46,0,0,0,0
aten::copy_,,,7.62,7.62,0,0,0,0
aten::slice,,,4.39,9.39,0,0,0,0
aten::as_strided,,,5.0,5.0,0,0,0,0
aten::slice,,,5.71,11.17,0,0,0,0
aten::as_strided,,,5.46,5.46,0,0,0,0
aten::slice,,,2.77,6.06,0,0,0,0
aten::as_strided,,,3.29,3.29,0,0,0,0
aten::slice,,,2.36,4.6,0,0,0,0
aten::as_strided,,,2.24,2.24,0,0,0,0
aten::fill_,,,19.0,36.07,0,0,0,0
aclnnInplaceFillScalar,,,17.07,17.07,0,0,0,0
aten::slice,,,5.69,9.57,0,0,0,0
aten::as_strided,,,3.88,3.88,0,0,0,0
aten::fill_,,,12.34,23.83,0,0,0,0
aclnnInplaceFillScalar,,,11.49,11.49,0,0,0,0
aten::slice,,,4.77,8.62,0,0,0,0
aten::as_strided,,,3.85,3.85,0,0,0,0
aten::slice,,,2.87,6.03,0,0,0,0
aten::as_strided,,,3.16,3.16,0,0,0,0
aten::slice,,,6.24,8.56,0,0,0,0
aten::as_strided,,,2.32,2.32,0,0,0,0
aten::slice,,,2.8,6.68,0,0,0,0
aten::as_strided,,,3.88,3.88,0,0,0,0
aten::slice,,,2.76,6.15,0,0,0,0
aten::as_strided,,,3.39,3.39,0,0,0,0
aten::slice,,,2.62,4.89,0,0,0,0
aten::as_strided,,,2.27,2.27,0,0,0,0
aten::slice,,,2.42,4.39,0,0,0,0
aten::as_strided,,,1.97,1.97,0,0,0,0
aten::fill_,,,14.91,30.61,0,0,0,0
aclnnInplaceFillScalar,,,15.7,15.7,0,0,0,0
aten::slice,,,4.51,8.09,0,0,0,0
aten::as_strided,,,3.58,3.58,0,0,0,0
aten::fill_,,,11.44,22.27,0,0,0,0
aclnnInplaceFillScalar,,,10.83,10.83,0,0,0,0
aten::diff,,,8.56,39.05,0,0,0,0
aten::narrow,,,7.17,11.95,0,0,0,0
aten::slice,,,2.43,4.78,0,0,0,0
aten::as_strided,,,2.35,2.35,0,0,0,0
aten::narrow,,,2.4,5.19,0,0,0,0
aten::slice,,,1.32,2.79,0,0,0,0
aten::as_strided,,,1.47,1.47,0,0,0,0
aten::sub,,,13.35,13.35,0,0,0,0
aten::eq,,,12.94,27.53,0,0,0,0
aten::to,,,1.49,14.59,0,0,0,0
aten::_to_copy,,,4.62,13.1,0,0,0,0
aten::empty_strided,,,2.95,2.95,0,0,0,0
aten::copy_,,,5.53,5.53,0,0,0,0
aten::__and__,,,2.33,7.72,0,0,0,0
aten::bitwise_and,,,5.39,5.39,0,0,0,0
aten::gt,,,8.07,18.3,0,0,0,0
aten::to,,,1.28,10.23,0,0,0,0
aten::_to_copy,,,2.72,8.95,0,0,0,0
aten::empty_strided,,,3.24,3.24,0,0,0,0
aten::copy_,,,2.99,2.99,0,0,0,0
aten::__and__,,,1.34,4.45,0,0,0,0
aten::bitwise_and,,,3.11,3.11,0,0,0,0
aten::any,,,6.91,14.96,0,0,0,0
aten::view_as,,,2.74,4.53,0,0,0,0
aten::view,,,1.79,1.79,0,0,0,0
aten::to,,,0.54,0.54,0,0,0,0
aten::copy_,,,2.98,2.98,0,0,0,0
aten::item,,,1.69,3.12,0,0,0,0
aten::_local_scalar_dense,,,1.43,1.43,0,0,0,0
aten::slice,,,4.65,6.4,0,0,0,0
aten::as_strided,,,1.75,1.75,0,0,0,0
aten::slice,,,2.36,3.29,0,0,0,0
aten::as_strided,,,0.93,0.93,0,0,0,0
aten::sub,,,5.1,5.1,0,0,0,0
aten::select,,,3.18,4.46,0,0,0,0
aten::as_strided,,,1.28,1.28,0,0,0,0
aten::item,,,1.02,2.06,0,0,0,0
aten::_local_scalar_dense,,,1.04,1.04,0,0,0,0
aten::gt,,,6.69,14.76,0,0,0,0
aten::to,,,1.07,8.07,0,0,0,0
aten::_to_copy,,,2.64,7.0,0,0,0,0
aten::empty_strided,,,1.82,1.82,0,0,0,0
aten::copy_,,,2.54,2.54,0,0,0,0
aten::__ior__,,,2.24,7.31,0,0,0,0
aten::bitwise_or_,,,5.07,5.07,0,0,0,0
aten::any,,,5.04,11.12,0,0,0,0
aten::view_as,,,1.59,3.07,0,0,0,0
aten::view,,,1.48,1.48,0,0,0,0
aten::to,,,0.37,0.37,0,0,0,0
aten::copy_,,,2.64,2.64,0,0,0,0
aten::is_nonzero,,,1.63,3.54,0,0,0,0
aten::item,,,1.16,1.91,0,0,0,0
aten::_local_scalar_dense,,,0.75,0.75,0,0,0,0
aten::select,,,5.17,12.23,0,0,0,0
aten::as_strided,,,7.06,7.06,0,0,0,0
aten::slice,,,5.15,9.78,0,0,0,0
aten::as_strided,,,4.63,4.63,0,0,0,0
aten::slice,,,2.52,4.74,0,0,0,0
aten::as_strided,,,2.22,2.22,0,0,0,0
aten::slice,,,2.32,4.44,0,0,0,0
aten::as_strided,,,2.12,2.12,0,0,0,0
aten::copy_,,,68.21,88.07,0,0.62,0,0
aclnnInplaceCopy,,,19.86,19.86,0.62,0.62,0,0
aten::slice,,,6.56,10.71,0,0,0,0
aten::as_strided,,,4.15,4.15,0,0,0,0
aten::fill_,,,15.23,19.75,0,0,0,0
aclnnInplaceFillScalar,,,4.52,4.52,0,0,0,0
aten::slice,,,5.78,9.25,0,0,0,0
aten::as_strided,,,3.47,3.47,0,0,0,0
aten::slice,,,2.71,5.88,0,0,0,0
aten::as_strided,,,3.17,3.17,0,0,0,0
aten::slice,,,2.49,4.59,0,0,0,0
aten::as_strided,,,2.1,2.1,0,0,0,0
aten::copy_,,,50.15,64.57,0,0.62003125,0,0
aclnnInplaceCopy,,,14.42,14.42,0.62003125,0.62003125,0,0
aten::slice,,,5.3,8.98,0,0,0,0
aten::as_strided,,,3.68,3.68,0,0,0,0
aten::slice,,,3.06,6.02,0,0,0,0
aten::as_strided,,,2.96,2.96,0,0,0,0
aten::slice,,,3.49,6.23,0,0,0,0
aten::as_strided,,,2.74,2.74,0,0,0,0
aten::slice,,,2.39,5.1,0,0,0,0
aten::as_strided,,,2.71,2.71,0,0,0,0
aten::slice,,,2.07,4.47,0,0,0,0
aten::as_strided,,,2.4,2.4,0,0,0,0
aten::copy_,,,48.42,61.86,0,0.66003125,0,0
aclnnInplaceCopy,,,13.44,13.44,0.66003125,0.66003125,0,0
aten::slice,,,19.83,23.81,0,0,0,0
aten::as_strided,,,3.98,3.98,0,0,0,0
aten::slice,,,2.9,5.62,0,0,0,0
aten::as_strided,,,2.72,2.72,0,0,0,0
aten::slice,,,2.33,4.54,0,0,0,0
aten::as_strided,,,2.21,2.21,0,0,0,0
aten::sub,,,19.52,32.29,0,1.40003125,0,0
aclnnSub,,,12.77,12.77,1.40003125,1.40003125,0,0
aten::slice,,,6.45,9.24,0,0,0,0
aten::as_strided,,,2.79,2.79,0,0,0,0
aten::slice,,,2.81,7.43,0,0,0,0
aten::as_strided,,,4.62,4.62,0,0,0,0
aten::slice,,,2.79,5.2,0,0,0,0
aten::as_strided,,,2.41,2.41,0,0,0,0
aten::slice,,,2.89,5.47,0,0,0,0
aten::as_strided,,,2.58,2.58,0,0,0,0
aten::slice,,,2.22,4.28,0,0,0,0
aten::as_strided,,,2.06,2.06,0,0,0,0
aten::fill_,,,15.96,30.09,0,0,0,0
aclnnInplaceFillScalar,,,14.13,14.13,0,0,0,0
aten::slice,,,4.02,7.75,0,0,0,0
aten::as_strided,,,3.73,3.73,0,0,0,0
aten::fill_,,,12.4,23.24,0,0,0,0
aclnnInplaceFillScalar,,,10.84,10.84,0,0,0,0
aten::diff,,,7.05,33.73,0,0,0,0
aten::narrow,,,5.87,11.07,0,0,0,0
aten::slice,,,2.56,5.2,0,0,0,0
aten::as_strided,,,2.64,2.64,0,0,0,0
aten::narrow,,,2.14,4.09,0,0,0,0
aten::slice,,,1.09,1.95,0,0,0,0
aten::as_strided,,,0.86,0.86,0,0,0,0
aten::sub,,,11.52,11.52,0,0,0,0
aten::eq,,,11.75,25.66,0,0,0,0
aten::to,,,1.41,13.91,0,0,0,0
aten::_to_copy,,,4.27,12.5,0,0,0,0
aten::empty_strided,,,2.8,2.8,0,0,0,0
aten::copy_,,,5.43,5.43,0,0,0,0
aten::__and__,,,2.06,6.14,0,0,0,0
aten::bitwise_and,,,4.08,4.08,0,0,0,0
aten::gt,,,7.11,14.78,0,0,0,0
aten::to,,,0.98,7.67,0,0,0,0
aten::_to_copy,,,2.28,6.69,0,0,0,0
aten::empty_strided,,,1.74,1.74,0,0,0,0
aten::copy_,,,2.67,2.67,0,0,0,0
aten::__and__,,,1.07,4.11,0,0,0,0
aten::bitwise_and,,,3.04,3.04,0,0,0,0
aten::any,,,5.4,12.62,0,0,0,0
aten::view_as,,,1.69,3.75,0,0,0,0
aten::view,,,2.06,2.06,0,0,0,0
aten::to,,,0.58,0.58,0,0,0,0
aten::copy_,,,2.89,2.89,0,0,0,0
aten::item,,,1.7,2.97,0,0,0,0
aten::_local_scalar_dense,,,1.27,1.27,0,0,0,0
aten::slice,,,4.49,6.24,0,0,0,0
aten::as_strided,,,1.75,1.75,0,0,0,0
aten::slice,,,2.55,3.42,0,0,0,0
aten::as_strided,,,0.87,0.87,0,0,0,0
aten::sub,,,5.11,5.11,0,0,0,0
aten::select,,,2.95,4.14,0,0,0,0
aten::as_strided,,,1.19,1.19,0,0,0,0
aten::item,,,1.13,2.11,0,0,0,0
aten::_local_scalar_dense,,,0.98,0.98,0,0,0,0
aten::gt,,,6.73,15.23,0,0,0,0
aten::to,,,1.06,8.5,0,0,0,0
aten::_to_copy,,,2.75,7.44,0,0,0,0
aten::empty_strided,,,1.96,1.96,0,0,0,0
aten::copy_,,,2.73,2.73,0,0,0,0
aten::__ior__,,,1.69,5.7,0,0,0,0
aten::bitwise_or_,,,4.01,4.01,0,0,0,0
aten::any,,,4.85,10.7,0,0,0,0
aten::view_as,,,1.43,2.74,0,0,0,0
aten::view,,,1.31,1.31,0,0,0,0
aten::to,,,0.54,0.54,0,0,0,0
aten::copy_,,,2.57,2.57,0,0,0,0
aten::is_nonzero,,,1.49,3.72,0,0,0,0
aten::item,,,1.08,2.23,0,0,0,0
aten::_local_scalar_dense,,,1.15,1.15,0,0,0,0
aten::select,,,4.44,10.76,0,0,0,0
aten::as_strided,,,6.32,6.32,0,0,0,0
aten::slice,,,4.42,9.09,0,0,0,0
aten::as_strided,,,4.67,4.67,0,0,0,0
aten::slice,,,2.51,4.8,0,0,0,0
aten::as_strided,,,2.29,2.29,0,0,0,0
aten::slice,,,2.53,4.52,0,0,0,0
aten::as_strided,,,1.99,1.99,0,0,0,0
aten::copy_,,,67.01,86.75,0,0.76003125,0,0
aclnnInplaceCopy,,,19.74,19.74,0.76003125,0.76003125,0,0
aten::slice,,,5.9,9.71,0,0,0,0
aten::as_strided,,,3.81,3.81,0,0,0,0
aten::fill_,,,14.56,30.16,0,0,0,0
aclnnInplaceFillScalar,,,15.6,15.6,0,0,0,0
aten::slice,,,5.77,9.86,0,0,0,0
aten::as_strided,,,4.09,4.09,0,0,0,0
aten::slice,,,2.73,5.46,0,0,0,0
aten::as_strided,,,2.73,2.73,0,0,0,0
aten::slice,,,2.5,5.07,0,0,0,0
aten::as_strided,,,2.57,2.57,0,0,0,0
aten::copy_,,,52.94,65.91,0,0.58,0,0
aclnnInplaceCopy,,,12.97,12.97,0.58,0.58,0,0
aten::slice,,,5.27,8.91,0,0,0,0
aten::as_strided,,,3.64,3.64,0,0,0,0
aten::slice,,,3.23,7.01,0,0,0,0
aten::as_strided,,,3.78,3.78,0,0,0,0
aten::slice,,,2.88,5.75,0,0,0,0
aten::as_strided,,,2.87,2.87,0,0,0,0
aten::slice,,,2.01,3.99,0,0,0,0
aten::as_strided,,,1.98,1.98,0,0,0,0
aten::slice,,,2.29,5.05,0,0,0,0
aten::as_strided,,,2.76,2.76,0,0,0,0
aten::copy_,,,48.94,63.13,0,0.64,0,0
aclnnInplaceCopy,,,14.19,14.19,0.64,0.64,0,0
aten::slice,,,5.72,9.18,0,0,0,0
aten::as_strided,,,3.46,3.46,0,0,0,0
aten::slice,,,2.8,5.73,0,0,0,0
aten::as_strided,,,2.93,2.93,0,0,0,0
aten::slice,,,2.1,4.26,0,0,0,0
aten::as_strided,,,2.16,2.16,0,0,0,0
aten::sub,,,18.66,33.83,0,1.36,0,0
aclnnSub,,,15.17,15.17,1.36,1.36,0,0
aten::slice,,,7.19,9.82,0,0,0,0
aten::as_strided,,,2.63,2.63,0,0,0,0
aten::slice,,,3.2,7.72,0,0,0,0
aten::as_strided,,,4.52,4.52,0,0,0,0
aten::slice,,,2.79,5.12,0,0,0,0
aten::as_strided,,,2.33,2.33,0,0,0,0
aten::slice,,,2.52,5.16,0,0,0,0
aten::as_strided,,,2.64,2.64,0,0,0,0
aten::slice,,,2.33,4.27,0,0,0,0
aten::as_strided,,,1.94,1.94,0,0,0,0
aten::fill_,,,16.71,31.05,0,0,0,0
aclnnInplaceFillScalar,,,14.34,14.34,0,0,0,0
aten::slice,,,4.97,8.92,0,0,0,0
aten::as_strided,,,3.95,3.95,0,0,0,0
aten::fill_,,,12.25,24.72,0,0,0,0
aclnnInplaceFillScalar,,,12.47,12.47,0,0,0,0
aten::diff,,,7.57,47.69,0,0,0,0
aten::narrow,,,5.28,10.47,0,0,0,0
aten::slice,,,2.46,5.19,0,0,0,0
aten::as_strided,,,2.73,2.73,0,0,0,0
aten::narrow,,,1.84,3.67,0,0,0,0
aten::slice,,,1.03,1.83,0,0,0,0
aten::as_strided,,,0.8,0.8,0,0,0,0
aten::sub,,,25.98,25.98,0,0,0,0
aten::eq,,,20.58,34.92,0,0,0,0
aten::to,,,1.26,14.34,0,0,0,0
aten::_to_copy,,,4.68,13.08,0,0,0,0
aten::empty_strided,,,2.94,2.94,0,0,0,0
aten::copy_,,,5.46,5.46,0,0,0,0
aten::__and__,,,2.57,8.02,0,0,0,0
aten::bitwise_and,,,5.45,5.45,0,0,0,0
aten::gt,,,9.66,24.82,0,0,0,0
aten::to,,,0.87,15.16,0,0,0,0
aten::_to_copy,,,2.94,14.29,0,0,0,0
aten::empty_strided,,,8.23,8.23,0,0,0,0
aten::copy_,,,3.12,3.12,0,0,0,0
aten::__and__,,,1.29,4.43,0,0,0,0
aten::bitwise_and,,,3.14,3.14,0,0,0,0
aten::any,,,5.17,13.23,0,0,0,0
aten::view_as,,,1.93,3.59,0,0,0,0
aten::view,,,1.66,1.66,0,0,0,0
aten::to,,,0.37,0.37,0,0,0,0
aten::copy_,,,4.1,4.1,0,0,0,0
aten::item,,,16.63,17.76,0,0,0,0
aten::_local_scalar_dense,,,1.13,1.13,0,0,0,0
aten::slice,,,5.6,9.34,0,0,0,0
aten::as_strided,,,3.74,3.74,0,0,0,0
aten::slice,,,2.37,3.2,0,0,0,0
aten::as_strided,,,0.83,0.83,0,0,0,0
aten::sub,,,5.36,5.36,0,0,0,0
aten::select,,,3.33,4.31,0,0,0,0
aten::as_strided,,,0.98,0.98,0,0,0,0
aten::item,,,1.25,2.17,0,0,0,0
aten::_local_scalar_dense,,,0.92,0.92,0,0,0,0
aten::gt,,,17.79,27.64,0,0,0,0
aten::to,,,0.88,9.85,0,0,0,0
aten::_to_copy,,,3.47,8.97,0,0,0,0
aten::empty_strided,,,1.87,1.87,0,0,0,0
aten::copy_,,,3.63,3.63,0,0,0,0
aten::__ior__,,,1.81,6.29,0,0,0,0
aten::bitwise_or_,,,4.48,4.48,0,0,0,0
aten::any,,,5.25,10.9,0,0,0,0
aten::view_as,,,1.43,2.66,0,0,0,0
aten::view,,,1.23,1.23,0,0,0,0
aten::to,,,0.33,0.33,0,0,0,0
aten::copy_,,,2.66,2.66,0,0,0,0
aten::is_nonzero,,,2.2,11.1,0,0,0,0
aten::item,,,1.2,8.9,0,0,0,0
aten::_local_scalar_dense,,,7.7,7.7,0,0,0,0
aten::select,,,4.66,11.77,0,0,0,0
aten::as_strided,,,7.11,7.11,0,0,0,0
aten::slice,,,4.75,9.13,0,0,0,0
aten::as_strided,,,4.38,4.38,0,0,0,0
aten::slice,,,4.49,7.42,0,0,0,0
aten::as_strided,,,2.93,2.93,0,0,0,0
aten::slice,,,2.46,6.08,0,0,0,0
aten::as_strided,,,3.62,3.62,0,0,0,0
aten::copy_,,,81.91,101.68,0,0.62003125,0,0
aclnnInplaceCopy,,,19.77,19.77,0.62003125,0.62003125,0,0
aten::slice,,,6.26,10.53,0,0,0,0
aten::as_strided,,,4.27,4.27,0,0,0,0
aten::fill_,,,14.63,29.67,0,0,0,0
aclnnInplaceFillScalar,,,15.04,15.04,0,0,0,0
aten::slice,,,4.94,8.68,0,0,0,0
aten::as_strided,,,3.74,3.74,0,0,0,0
aten::slice,,,2.6,5.94,0,0,0,0
aten::as_strided,,,3.34,3.34,0,0,0,0
aten::slice,,,2.38,4.59,0,0,0,0
aten::as_strided,,,2.21,2.21,0,0,0,0
aten::copy_,,,52.77,67.17,0,0.62003125,0,0
aclnnInplaceCopy,,,14.4,14.4,0.62003125,0.62003125,0,0
aten::slice,,,5.69,9.83,0,0,0,0
aten::as_strided,,,4.14,4.14,0,0,0,0
aten::slice,,,3.41,6.29,0,0,0,0
aten::as_strided,,,2.88,2.88,0,0,0,0
aten::slice,,,2.92,5.9,0,0,0,0
aten::as_strided,,,2.98,2.98,0,0,0,0
aten::slice,,,2.23,4.96,0,0,0,0
aten::as_strided,,,2.73,2.73,0,0,0,0
aten::slice,,,2.15,4.88,0,0,0,0
aten::as_strided,,,2.73,2.73,0,0,0,0
aten::copy_,,,49.71,65.33,0,0.74003125,0,0
aclnnInplaceCopy,,,15.62,15.62,0.74003125,0.74003125,0,0
aten::slice,,,4.96,8.54,0,0,0,0
aten::as_strided,,,3.58,3.58,0,0,0,0
aten::slice,,,2.24,5.32,0,0,0,0
aten::as_strided,,,3.08,3.08,0,0,0,0
aten::slice,,,2.2,4.47,0,0,0,0
aten::as_strided,,,2.27,2.27,0,0,0,0
aten::sub,,,17.81,30.19,0,1.36003125,0,0
aclnnSub,,,12.38,12.38,1.36003125,1.36003125,0,0
Event::record,,,150.26,172.68,0,0.02,0,0
record_event,,,22.42,22.42,0.02,0.02,0,0
aten::slice,,,8.68,17.16,0,0,0,0
aten::as_strided,,,8.48,8.48,0,0,0,0
aten::slice,,,3.68,6.65,0,0,0,0
aten::as_strided,,,2.97,2.97,0,0,0,0
aten::slice,,,6.55,14.04,0,0,0,0
aten::as_strided,,,7.49,7.49,0,0,0,0
aten::scalar_tensor,,,6.5,59.02,0,1.28003125,0,0
aten::empty,,,3.37,16.09,0,0,0,0
empty_tensor,,,12.72,12.72,0,0,0,0
aten::fill_,,,19.17,36.43,0,1.28003125,0,0
aclnnInplaceFillScalar,,,17.26,17.26,1.28003125,1.28003125,0,0
aten::view,,,4.4,4.4,0,0,0,0
aten::expand,,,3.21,5.52,0,0,0,0
aten::as_strided,,,2.31,2.31,0,0,0,0
aten::copy_,,,56.43,73.2,0,0.6,0,0
aclnnInplaceCopy,,,16.77,16.77,0.6,0.6,0,0
aten::scalar_tensor,,,4.71,39.24,0,1.32003125,0,0
aten::empty,,,2.97,11.32,0,0,0,0
empty_tensor,,,8.35,8.35,0,0,0,0
aten::fill_,,,11.63,23.21,0,1.32003125,0,0
aclnnInplaceFillScalar,,,11.58,11.58,1.32003125,1.32003125,0,0
aten::slice,,,6.53,12.11,0,0,0,0
aten::as_strided,,,5.58,5.58,0,0,0,0
aten::view,,,2.29,2.29,0,0,0,0
aten::expand,,,1.73,4.14,0,0,0,0
aten::as_strided,,,2.41,2.41,0,0,0,0
aten::copy_,,,1.92,1.92,0,0,0,0
aten::index,,,40.47,74.7,0,11.24021875,0,0
empty_tensor,,,7.48,7.48,0,0,0,0
empty_tensor,,,8.93,8.93,0,0,0,0
aclnnIndex,,,17.82,17.82,11.24021875,11.24021875,0,0
aten::linear,,,5.83,68.9,0,892.81784375,0,892.81784375
aten::t,,,6.38,17.4,0,0,0,0
aten::transpose,,,4.52,11.02,0,0,0,0
aten::as_strided,,,6.5,6.5,0,0,0,0
aten::matmul,,,22.97,45.67,0,892.81784375,0,892.81784375
empty_tensor,,,9.11,9.11,0,0,0,0
aclnnMatmul,,,13.59,13.59,892.81784375,892.81784375,892.81784375,892.81784375
aten::alias,,,3.15,3.15,0,0,0,0
aten::log_softmax,,,8.03,106.48,0,52.04103125,0,0
aten::to,,,3.23,68.99,0,8.16015625,0,0
aten::_to_copy,,,7.93,65.76,0,8.16015625,0,0
aten::empty_strided,,,12.15,18.88,0,0,0,0
empty_tensor,,,6.73,6.73,0,0,0,0
aten::copy_,,,22.4,38.95,0,8.16015625,0,0
aclnnInplaceCopy,,,16.55,16.55,8.16015625,8.16015625,0,0
aten::_log_softmax,,,19.06,29.46,0,43.880875,0,0
empty_tensor,,,7.42,7.42,0,0,0,0
aclnnLogSoftmax,,,2.98,2.98,43.880875,43.880875,0,0
aten::to,,,2.21,43.61,0,2.6800625,0,0
aten::_to_copy,,,4.49,41.4,0,2.6800625,0,0
aten::empty_strided,,,6.38,10.29,0,0,0,0
empty_tensor,,,3.91,3.91,0,0,0,0
aten::copy_,,,14.68,26.62,0,2.6800625,0,0
aclnnInplaceCopy,,,11.94,11.94,2.6800625,2.6800625,0,0
aten::argmax,,,8.21,80.46,0,20.42040625,0,0
aten::empty,,,2.25,10.14,0,0,0,0
empty_tensor,,,7.89,7.89,0,0,0,0
aten::argmax,,,42.92,62.11,0,20.42040625,0,0
aten::reshape,,,2.05,7.86,0,0,0,0
aten::view,,,5.81,5.81,0,0,0,0
aclnnArgMax,,,11.33,11.33,20.42040625,20.42040625,0,0
aten::view,,,4.46,4.46,0,0,0,0
aten::to,,,1.59,1.59,0,0,0,0
aten::topk,,,21.35,46.94,0,31.20059375,0,0
empty_tensor,,,7.32,7.32,0,0,0,0
empty_tensor,,,5.44,5.44,0,0,0,0
aclnnTopk,,,12.83,12.83,31.20059375,31.20059375,0,0
aten::unsqueeze,,,4.17,9.1,0,0,0,0
aten::as_strided,,,4.93,4.93,0,0,0,0
aten::gather,,,22.29,40.61,0,5.900124999999999,0,0
empty_tensor,,,6.34,6.34,0,0,0,0
aclnnGather,,,11.98,11.98,5.900124999999999,5.900124999999999,0,0
TorchDynamo Cache Lookup,,,37.84,37.84,0,0,0,0
Torch-Compiled Region: 0/0,,,107.63,203.52,0,35.0606875,0,0
aten::_assert_scalar,,,4.0,4.0,0,0,0,0
aten::_assert_scalar,,,1.15,1.15,0,0,0,0
aten::_assert_scalar,,,1.35,1.35,0,0,0,0
aten::ge,,,22.59,50.94,0,7.48015625,0,0
empty_tensor,,,11.88,11.88,0,0,0,0
aclnnGeTensor,,,16.47,16.47,7.48015625,7.48015625,0,0
aten::sum,,,20.75,38.45,0,27.58053125,0,0
empty_tensor,,,7.48,7.48,0,0,0,0
aclnnReduceSum,,,10.22,10.22,27.58053125,27.58053125,0,0
aten::cat,,,21.52,41.27,0,2.6800625,0,0
empty_tensor,,,7.47,7.47,0,0,0,0
aclnnCat,,,12.28,12.28,2.6800625,2.6800625,0,0
aten::cat,,,12.34,29.34,0,2.00003125,0,0
empty_tensor,,,6.73,6.73,0,0,0,0
aclnnCat,,,10.27,10.27,2.00003125,2.00003125,0,0
aten::to,,,2.13,45.48,0,1.52003125,0,0
aten::_to_copy,,,5.73,43.35,0,1.52003125,0,0
aten::empty_strided,,,7.5,11.84,0,0,0,0
empty_tensor,,,4.34,4.34,0,0,0,0
aten::copy_,,,15.12,25.78,0,1.52003125,0,0
aclnnInplaceCopy,,,10.66,10.66,1.52003125,1.52003125,0,0
aten::to,,,1.85,40.93,0,1.54003125,0,0
aten::_to_copy,,,4.36,39.08,0,1.54003125,0,0
aten::empty_strided,,,6.28,10.47,0,0,0,0
empty_tensor,,,4.19,4.19,0,0,0,0
aten::copy_,,,13.19,24.25,0,1.54003125,0,0
aclnnInplaceCopy,,,11.06,11.06,1.54003125,1.54003125,0,0
aten::unsqueeze,,,3.42,7.79,0,0,0,0
aten::as_strided,,,4.37,4.37,0,0,0,0
Event::record,,,143.31,163.02,0,0.02,0,0
record_event,,,19.71,19.71,0.02,0.02,0,0
aten::slice,,,4.95,13.79,0,0,0,0
aten::as_strided,,,8.84,8.84,0,0,0,0
Event::wait,,,77.66,98.75,0,2070.921375,0,0
wait_event,,,21.09,21.09,2070.921375,2070.921375,0,0
Event::record,,,111.62,131.39,0,0.02,0,0
record_event,,,19.77,19.77,0.02,0.02,0,0
Event::wait,,,58.39,75.86,0,1670.793375,0,0
wait_event,,,17.47,17.47,1670.793375,1670.793375,0,0
destroy_event,,,11.32,11.32,0,0,0,0
aten::to,,,3.88,74.95,0,2.2000625,0,0
aten::_to_copy,,,8.21,71.07,0,2.2000625,0,0
aten::empty_strided,,,31.04,31.04,0,0,0,0
aten::copy_,,,20.74,31.82,0,2.2000625,0,0
acl_memcpy_device_to_host,,,11.08,11.08,2.2000625,2.2000625,0,0
aten::to,,,2.63,39.25,0,2.18003125,0,0
aten::_to_copy,,,5.73,36.62,0,2.18003125,0,0
aten::empty_strided,,,4.15,4.15,0,0,0,0
aten::copy_,,,15.66,26.74,0,2.18003125,0,0
acl_memcpy_device_to_host,,,11.08,11.08,2.18003125,2.18003125,0,0
aten::to,,,2.37,32.37,0,1.90003125,0,0
aten::_to_copy,,,3.9,30.0,0,1.90003125,0,0
aten::empty_strided,,,3.07,3.07,0,0,0,0
aten::copy_,,,11.82,23.03,0,1.90003125,0,0
acl_memcpy_device_to_host,,,11.21,11.21,1.90003125,1.90003125,0,0
aten::to,,,2.31,36.14,0,2.06003125,0,0
aten::_to_copy,,,4.24,33.83,0,2.06003125,0,0
aten::empty_strided,,,2.6,2.6,0,0,0,0
aten::copy_,,,11.57,26.99,0,2.06003125,0,0
acl_memcpy_device_to_host,,,15.42,15.42,2.06003125,2.06003125,0,0
Event::record,,,153.47,173.84,0,0.02,0,0
record_event,,,20.37,20.37,0.02,0.02,0,0
Event::synchronize,,,82.77,82.77,0,0,0,0
aten::resolve_conj,,,1.92,1.92,0,0,0,0
aten::resolve_neg,,,1.42,1.42,0,0,0,0
aten::to,,,3.49,3.49,0,0,0,0
aten::detach,,,4.32,4.32,0,0,0,0
aten::to,,,1.08,1.08,0,0,0,0
aten::resolve_conj,,,0.63,0.63,0,0,0,0
aten::resolve_neg,,,0.57,0.57,0,0,0,0
aten::to,,,1.38,1.38,0,0,0,0
aten::detach,,,1.68,1.68,0,0,0,0
aten::to,,,0.61,0.61,0,0,0,0
aten::resolve_conj,,,0.44,0.44,0,0,0,0
aten::resolve_neg,,,0.33,0.33,0,0,0,0
aten::to,,,1.33,1.33,0,0,0,0
aten::detach,,,1.08,1.08,0,0,0,0
aten::to,,,0.73,0.73,0,0,0,0
aten::resolve_conj,,,0.35,0.35,0,0,0,0
aten::resolve_neg,,,0.43,0.43,0,0,0,0
destroy_event,,,23.61,23.61,0,0,0,0
record_event,,,14.29,14.29,0.02,0.02,0,0
Event::synchronize,,,158.66,158.66,0,0,0,0
aten::slice,,,15.05,20.01,0,0,0,0
aten::as_strided,,,4.96,4.96,0,0,0,0
aten::slice,,,3.62,12.32,0,0,0,0
aten::as_strided,,,8.7,8.7,0,0,0,0
aten::pin_memory,,,76.72,96.71,0,0,0,0
aten::is_pinned,,,19.99,19.99,0,0,0,0
aten::copy_,,,23.23,41.16,0,2.54003125,0,0
acl_memcpy_host_to_device,,,17.93,17.93,2.54003125,2.54003125,0,0
aten::slice,,,7.06,9.98,0,0,0,0
aten::as_strided,,,2.92,2.92,0,0,0,0
aten::slice,,,3.08,8.85,0,0,0,0
aten::as_strided,,,5.77,5.77,0,0,0,0
aten::pin_memory,,,3.74,13.19,0,0,0,0
aten::is_pinned,,,9.45,9.45,0,0,0,0
aten::copy_,,,20.13,39.16,0,2.20003125,0,0
acl_memcpy_host_to_device,,,19.03,19.03,2.20003125,2.20003125,0,0
aten::slice,,,7.21,9.83,0,0,0,0
aten::as_strided,,,2.62,2.62,0,0,0,0
aten::slice,,,2.82,7.09,0,0,0,0
aten::as_strided,,,4.27,4.27,0,0,0,0
aten::pin_memory,,,5.23,15.81,0,0,0,0
aten::is_pinned,,,10.58,10.58,0,0,0,0
aten::copy_,,,16.44,35.83,0,2.3600625,0,0
acl_memcpy_host_to_device,,,19.39,19.39,2.3600625,2.3600625,0,0
aten::slice,,,7.05,10.53,0,0,0,0
aten::as_strided,,,3.48,3.48,0,0,0,0
aten::slice,,,2.82,7.35,0,0,0,0
aten::as_strided,,,4.53,4.53,0,0,0,0
aten::pin_memory,,,3.52,12.12,0,0,0,0
aten::is_pinned,,,8.6,8.6,0,0,0,0
aten::copy_,,,17.61,35.97,0,2.36003125,0,0
acl_memcpy_host_to_device,,,18.36,18.36,2.36003125,2.36003125,0,0
aten::slice,,,6.15,8.69,0,0,0,0
aten::as_strided,,,2.54,2.54,0,0,0,0
aten::slice,,,2.69,6.5,0,0,0,0
aten::as_strided,,,3.81,3.81,0,0,0,0
aten::pin_memory,,,4.68,14.97,0,0,0,0
aten::is_pinned,,,10.29,10.29,0,0,0,0
aten::copy_,,,15.73,34.75,0,2.3200625,0,0
acl_memcpy_host_to_device,,,19.02,19.02,2.3200625,2.3200625,0,0
aten::slice,,,11.28,15.99,0,0,0,0
aten::as_strided,,,4.71,4.71,0,0,0,0
aten::slice,,,3.22,10.9,0,0,0,0
aten::as_strided,,,7.68,7.68,0,0,0,0
aten::pin_memory,,,4.06,19.95,0,0,0,0
aten::is_pinned,,,15.89,15.89,0,0,0,0
aten::copy_,,,19.88,43.22,0,2.38003125,0,0
acl_memcpy_host_to_device,,,23.34,23.34,2.38003125,2.38003125,0,0
aten::slice,,,5.37,9.64,0,0,0,0
aten::as_strided,,,4.27,4.27,0,0,0,0
aten::lift_fresh,,,1.67,1.67,0,0,0,0
aten::lift_fresh,,,1.86,1.86,0,0,0,0
aten::flatten,,,3.95,11.38,0,0,0,0
aten::view,,,7.43,7.43,0,0,0,0
aten::slice,,,4.22,6.03,0,0,0,0
aten::as_strided,,,1.81,1.81,0,0,0,0
aten::index_select,,,8.26,8.26,0,0,0,0
aten::pin_memory,,,4.3,20.31,0,0,0,0
aten::is_pinned,,,16.01,16.01,0,0,0,0
aten::copy_,,,17.91,39.17,0,2.22003125,0,0
acl_memcpy_host_to_device,,,21.26,21.26,2.22003125,2.22003125,0,0
aten::pin_memory,,,3.74,12.51,0,0,0,0
aten::is_pinned,,,8.77,8.77,0,0,0,0
aten::copy_,,,56.7,77.35,0,2.32003125,0,0
acl_memcpy_host_to_device,,,20.65,20.65,2.32003125,2.32003125,0,0
aten::slice,,,8.06,11.54,0,0,0,0
aten::as_strided,,,3.48,3.48,0,0,0,0
aten::lift_fresh,,,1.82,1.82,0,0,0,0
aten::slice,,,4.93,6.65,0,0,0,0
aten::as_strided,,,1.72,1.72,0,0,0,0
aten::add,,,16.06,16.06,0,0,0,0
aten::slice,,,3.37,4.56,0,0,0,0
aten::as_strided,,,1.19,1.19,0,0,0,0
aten::fill_,,,5.36,5.36,0,0,0,0
aten::slice,,,3.38,9.42,0,0,0,0
aten::as_strided,,,6.04,6.04,0,0,0,0
aten::fill_,,,23.37,44.97,0,1.72,0,0
aclnnInplaceFillScalar,,,21.6,21.6,1.72,1.72,0,0
aten::slice,,,6.42,12.51,0,0,0,0
aten::as_strided,,,6.09,6.09,0,0,0,0
aten::select,,,4.29,7.26,0,0,0,0
aten::as_strided,,,2.97,2.97,0,0,0,0
aten::copy_,,,71.12,89.07,0,0.62,0,0
aclnnInplaceCopy,,,17.95,17.95,0.62,0.62,0,0
aten::slice,,,7.04,9.57,0,0,0,0
aten::as_strided,,,2.53,2.53,0,0,0,0
aten::detach,,,3.15,3.15,0,0,0,0
aten::to,,,1.87,1.87,0,0,0,0
aten::resolve_conj,,,0.77,0.77,0,0,0,0
aten::resolve_neg,,,0.55,0.55,0,0,0,0
aten::slice,,,5.54,7.76,0,0,0,0
aten::as_strided,,,2.22,2.22,0,0,0,0
aten::slice,,,3.04,8.38,0,0,0,0
aten::as_strided,,,5.34,5.34,0,0,0,0
aten::pin_memory,,,5.0,19.88,0,0,0,0
aten::is_pinned,,,14.88,14.88,0,0,0,0
aten::copy_,,,3.55,3.55,0,0,0,0
aten::slice,,,5.04,7.31,0,0,0,0
aten::as_strided,,,2.27,2.27,0,0,0,0
aten::slice,,,2.77,6.08,0,0,0,0
aten::as_strided,,,3.31,3.31,0,0,0,0
aten::pin_memory,,,3.4,47.09,0,0,0,0
aten::is_pinned,,,43.69,43.69,0,0,0,0
aten::copy_,,,18.07,34.65,0,2.28003125,0,0
acl_memcpy_host_to_device,,,16.58,16.58,2.28003125,2.28003125,0,0
aten::fill_,,,74.06,91.38,0,1.42,0,0
aclnnInplaceFillScalar,,,17.32,17.32,1.42,1.42,0,0
aten::slice,,,7.29,11.92,0,0,0,0
aten::as_strided,,,4.63,4.63,0,0,0,0
aten::slice,,,2.62,4.5,0,0,0,0
aten::as_strided,,,1.88,1.88,0,0,0,0
aten::copy_,,,20.09,32.0,0,2.1400625,0,0
acl_memcpy_host_to_device,,,11.91,11.91,2.1400625,2.1400625,0,0
aten::slice,,,6.78,56.46,0,0,0,0
aten::as_strided,,,49.68,49.68,0,0,0,0
aten::slice,,,3.56,8.47,0,0,0,0
aten::as_strided,,,4.91,4.91,0,0,0,0
aten::pin_memory,,,4.11,16.59,0,0,0,0
aten::is_pinned,,,12.48,12.48,0,0,0,0
aten::copy_,,,15.79,27.43,0,2.34003125,0,0
acl_memcpy_host_to_device,,,11.64,11.64,2.34003125,2.34003125,0,0
aten::slice,,,5.44,10.89,0,0,0,0
aten::as_strided,,,5.45,5.45,0,0,0,0
aten::slice,,,39.44,41.0,0,0,0,0
aten::as_strided,,,1.56,1.56,0,0,0,0
aten::slice,,,3.46,8.0,0,0,0,0
aten::as_strided,,,4.54,4.54,0,0,0,0
aten::pin_memory,,,3.66,14.3,0,0,0,0
aten::is_pinned,,,10.64,10.64,0,0,0,0
aten::copy_,,,15.58,33.28,0,2.46003125,0,0
acl_memcpy_host_to_device,,,17.7,17.7,2.46003125,2.46003125,0,0
aten::slice,,,38.75,40.48,0,0,0,0
aten::as_strided,,,1.73,1.73,0,0,0,0
aten::slice,,,3.85,9.78,0,0,0,0
aten::as_strided,,,5.93,5.93,0,0,0,0
aten::pin_memory,,,3.93,14.2,0,0,0,0
aten::is_pinned,,,10.27,10.27,0,0,0,0
aten::copy_,,,16.36,34.42,0,2.46003125,0,0
acl_memcpy_host_to_device,,,18.06,18.06,2.46003125,2.46003125,0,0
aten::slice,,,5.88,9.98,0,0,0,0
aten::as_strided,,,4.1,4.1,0,0,0,0
aten::index,,,37.37,74.71,0,10.44021875,0,0
empty_tensor,,,9.44,9.44,0,0,0,0
empty_tensor,,,9.67,9.67,0,0,0,0
aclnnIndex,,,18.23,18.23,10.44021875,10.44021875,0,0
aten::to,,,2.25,51.53,0,1.04,0,0
aten::_to_copy,,,7.2,49.28,0,1.04,0,0
aten::empty_strided,,,8.94,13.53,0,0,0,0
empty_tensor,,,4.59,4.59,0,0,0,0
aten::copy_,,,16.29,28.55,0,1.04,0,0
aclnnInplaceCopy,,,12.26,12.26,1.04,1.04,0,0
aten::slice,,,6.41,10.66,0,0,0,0
aten::as_strided,,,4.25,4.25,0,0,0,0
aten::add,,,19.32,38.15,0,2.4800625,0,0
empty_tensor,,,7.81,7.81,0,0,0,0
aclnnAdd,,,11.02,11.02,2.4800625,2.4800625,0,0
aten::slice,,,4.98,8.96,0,0,0,0
aten::as_strided,,,3.98,3.98,0,0,0,0
aten::copy_,,,87.24,103.94,0,0.62003125,0,0
aclnnInplaceCopy,,,16.7,16.7,0.62003125,0.62003125,0,0
aten::slice,,,6.31,10.6,0,0,0,0
aten::as_strided,,,4.29,4.29,0,0,0,0
aten::add,,,22.05,42.68,0,1.50003125,0,0
empty_tensor,,,8.55,8.55,0,0,0,0
aclnnAdd,,,12.08,12.08,1.50003125,1.50003125,0,0
aten::slice,,,5.81,9.93,0,0,0,0
aten::as_strided,,,4.12,4.12,0,0,0,0
aten::copy_,,,49.24,61.51,0,0.6,0,0
aclnnInplaceCopy,,,12.27,12.27,0.6,0.6,0,0
aten::slice,,,5.68,10.12,0,0,0,0
aten::as_strided,,,4.44,4.44,0,0,0,0
aten::fill_,,,13.56,25.88,0,1.38003125,0,0
aclnnInplaceFillScalar,,,12.32,12.32,1.38003125,1.38003125,0,0
aten::slice,,,4.8,8.33,0,0,0,0
aten::as_strided,,,3.53,3.53,0,0,0,0
aten::slice,,,2.86,6.32,0,0,0,0
aten::as_strided,,,3.46,3.46,0,0,0,0
_compute_slot_mapping_fused_groups_kernel,,,26.3,26.3,21.8804375,21.8804375,0,0
aten::slice,,,9.59,17.87,0,0,0,0
aten::as_strided,,,8.28,8.28,0,0,0,0
aten::sub,,,27.1,58.66,0,1.4,0,0
empty_tensor,,,11.75,11.75,0,0,0,0
aten::item,,,2.24,4.27,0,0,0,0
aten::_local_scalar_dense,,,2.03,2.03,0,0,0,0
aclnnSubs,,,15.54,15.54,1.4,1.4,0,0
aten::pin_memory,,,7.33,28.6,0,0,0,0
aten::is_pinned,,,21.27,21.27,0,0,0,0
aten::copy_,,,21.26,38.83,0,2.48003125,0,0
acl_memcpy_host_to_device,,,17.57,17.57,2.48003125,2.48003125,0,0
aten::detach,,,5.08,5.08,0,0,0,0
aten::to,,,2.18,2.18,0,0,0,0
aten::resolve_conj,,,1.06,1.06,0,0,0,0
aten::resolve_neg,,,0.83,0.83,0,0,0,0
aten::slice,,,9.15,17.92,0,0,0,0
aten::as_strided,,,8.77,8.77,0,0,0,0
aten::slice,,,3.09,6.57,0,0,0,0
aten::as_strided,,,3.48,3.48,0,0,0,0
aten::slice,,,3.17,5.78,0,0,0,0
aten::as_strided,,,2.61,2.61,0,0,0,0
aten::fill_,,,21.4,42.94,0,0,0,0
aclnnInplaceFillScalar,,,21.54,21.54,0,0,0,0
aten::slice,,,4.65,8.69,0,0,0,0
aten::as_strided,,,4.04,4.04,0,0,0,0
aten::fill_,,,13.03,24.62,0,0,0,0
aclnnInplaceFillScalar,,,11.59,11.59,0,0,0,0
aten::slice,,,5.17,8.04,0,0,0,0
aten::as_strided,,,2.87,2.87,0,0,0,0
aten::slice,,,2.95,4.1,0,0,0,0
aten::as_strided,,,1.15,1.15,0,0,0,0
aten::lt,,,14.4,14.4,0,0,0,0
aten::lift_fresh,,,1.06,1.06,0,0,0,0
aten::slice,,,1.82,2.99,0,0,0,0
aten::as_strided,,,1.17,1.17,0,0,0,0
aten::fill_,,,2.69,9.66,0,0,0,0
aten::copy_,,,6.97,6.97,0,0,0,0
aten::slice,,,3.79,5.54,0,0,0,0
aten::as_strided,,,1.75,1.75,0,0,0,0
aten::slice,,,2.83,7.2,0,0,0,0
aten::as_strided,,,4.37,4.37,0,0,0,0
aten::slice,,,2.79,4.59,0,0,0,0
aten::as_strided,,,1.8,1.8,0,0,0,0
aten::slice,,,3.14,5.63,0,0,0,0
aten::as_strided,,,2.49,2.49,0,0,0,0
aten::slice,,,2.02,2.98,0,0,0,0
aten::as_strided,,,0.96,0.96,0,0,0,0
aten::slice,,,2.2,3.48,0,0,0,0
aten::as_strided,,,1.28,1.28,0,0,0,0
aten::slice,,,2.83,5.44,0,0,0,0
aten::as_strided,,,2.61,2.61,0,0,0,0
aten::slice,,,2.59,4.56,0,0,0,0
aten::as_strided,,,1.97,1.97,0,0,0,0
aten::slice,,,2.41,4.32,0,0,0,0
aten::as_strided,,,1.91,1.91,0,0,0,0
aten::slice,,,5.25,11.55,0,0,0,0
aten::as_strided,,,6.3,6.3,0,0,0,0
aten::slice,,,2.98,6.89,0,0,0,0
aten::as_strided,,,3.91,3.91,0,0,0,0
aten::slice,,,3.0,5.35,0,0,0,0
aten::as_strided,,,2.35,2.35,0,0,0,0
aten::to,,,1.49,1.49,0,0,0,0
aten::slice,,,2.43,5.12,0,0,0,0
aten::as_strided,,,2.69,2.69,0,0,0,0
aten::slice,,,2.34,4.28,0,0,0,0
aten::as_strided,,,1.94,1.94,0,0,0,0
aten::slice,,,2.15,3.4,0,0,0,0
aten::as_strided,,,1.25,1.25,0,0,0,0
aten::slice,,,2.9,6.05,0,0,0,0
aten::as_strided,,,3.15,3.15,0,0,0,0
aten::slice,,,2.26,6.35,0,0,0,0
aten::as_strided,,,4.09,4.09,0,0,0,0
aten::alias,,,5.21,5.21,0,0,0,0
aten::div,,,38.6,60.46,0,6.08009375,0,0
aten::item,,,2.11,3.74,0,0,0,0
aten::_local_scalar_dense,,,1.63,1.63,0,0,0,0
aclnnDivMods,,,18.12,18.12,6.08009375,6.08009375,0,0
aten::slice,,,3.25,8.0,0,0,0,0
aten::as_strided,,,4.75,4.75,0,0,0,0
aten::slice,,,4.59,7.74,0,0,0,0
aten::as_strided,,,3.15,3.15,0,0,0,0
aten::copy_,,,66.47,82.94,0,0.56003125,0,0
aclnnInplaceCopy,,,16.47,16.47,0.56003125,0.56003125,0,0
aten::slice,,,3.1,7.28,0,0,0,0
aten::as_strided,,,4.18,4.18,0,0,0,0
aten::slice,,,5.21,8.3,0,0,0,0
aten::as_strided,,,3.09,3.09,0,0,0,0
aten::ge,,,23.23,48.05,0,4.44009375,0,0
empty_tensor,,,10.89,10.89,0,0,0,0
aclnnGeScalar,,,13.93,13.93,4.44009375,4.44009375,0,0
aten::add,,,20.65,42.72,0,2.30003125,0,0
empty_tensor,,,6.57,6.57,0,0,0,0
aten::item,,,2.35,3.96,0,0,0,0
aten::_local_scalar_dense,,,1.61,1.61,0,0,0,0
aclnnAdds,,,11.54,11.54,2.30003125,2.30003125,0,0
aten::remainder,,,52.24,75.99,0,3.7200625,0,0
empty_tensor,,,7.69,7.69,0,0,0,0
aclnnRemainderTensorScalar,,,16.06,16.06,3.7200625,3.7200625,0,0
aten::eq,,,13.7,30.34,0,2.48003125,0,0
empty_tensor,,,6.18,6.18,0,0,0,0
aclnnEqScalar,,,10.46,10.46,2.48003125,2.48003125,0,0
aten::__and__,,,2.42,35.8,0,1.46003125,0,0
aten::bitwise_and,,,17.69,33.38,0,1.46003125,0,0
empty_tensor,,,5.82,5.82,0,0,0,0
aclnnBitwiseAndTensor,,,9.87,9.87,1.46003125,1.46003125,0,0
aten::clamp_min,,,13.01,29.32,0,1.54003125,0,0
empty_tensor,,,6.33,6.33,0,0,0,0
aclnnClampMin,,,9.98,9.98,1.54003125,1.54003125,0,0
aten::div,,,20.46,39.91,0,5.0000625,0,0
empty_tensor,,,6.0,6.0,0,0,0,0
aten::item,,,1.91,3.62,0,0,0,0
aten::_local_scalar_dense,,,1.71,1.71,0,0,0,0
aclnnDivMods,,,9.83,9.83,5.0000625,5.0000625,0,0
aten::remainder,,,18.46,34.57,0,5.08009375,0,0
empty_tensor,,,5.77,5.77,0,0,0,0
aclnnRemainderTensorScalar,,,10.34,10.34,5.08009375,5.08009375,0,0
aten::mul,,,15.55,27.17,0,1.76003125,0,0
empty_tensor,,,6.11,6.11,0,0,0,0
aten::item,,,1.58,2.48,0,0,0,0
aten::_local_scalar_dense,,,0.9,0.9,0,0,0,0
aclnnMuls,,,3.03,3.03,1.76003125,1.76003125,0,0
aten::div,,,18.27,30.1,0,4.6600625,0,0
empty_tensor,,,5.91,5.91,0,0,0,0
aten::item,,,1.2,2.38,0,0,0,0
aten::_local_scalar_dense,,,1.18,1.18,0,0,0,0
aclnnDivMods,,,3.54,3.54,4.6600625,4.6600625,0,0
aten::add,,,14.06,22.15,0,1.2,0,0
empty_tensor,,,4.39,4.39,0,0,0,0
aclnnAdd,,,3.7,3.7,1.2,1.2,0,0
aten::full_like,,,4.57,44.49,0,1.4,0,0
aten::empty_like,,,6.77,17.85,0,0,0,0
aten::empty_strided,,,7.06,11.08,0,0,0,0
empty_tensor,,,4.02,4.02,0,0,0,0
aten::fill_,,,9.79,22.07,0,1.4,0,0
aclnnInplaceFillScalar,,,12.28,12.28,1.4,1.4,0,0
aten::where,,,14.55,29.54,0,1.82003125,0,0
empty_tensor,,,5.5,5.5,0,0,0,0
aclnnSWhere,,,9.49,9.49,1.82003125,1.82003125,0,0
aten::copy_,,,14.58,24.5,0,1.22003125,0,0
aclnnInplaceCopy,,,9.92,9.92,1.22003125,1.22003125,0,0
aten::slice,,,3.87,8.25,0,0,0,0
aten::as_strided,,,4.38,4.38,0,0,0,0
aten::slice,,,6.29,10.03,0,0,0,0
aten::as_strided,,,3.74,3.74,0,0,0,0
aten::div,,,23.73,38.03,0,4.2600625,0,0
aten::item,,,1.82,3.26,0,0,0,0
aten::_local_scalar_dense,,,1.44,1.44,0,0,0,0
aclnnDivMods,,,11.04,11.04,4.2600625,4.2600625,0,0
aten::slice,,,2.94,6.84,0,0,0,0
aten::as_strided,,,3.9,3.9,0,0,0,0
aten::slice,,,3.83,6.38,0,0,0,0
aten::as_strided,,,2.55,2.55,0,0,0,0
aten::slice,,,2.42,4.71,0,0,0,0
aten::as_strided,,,2.29,2.29,0,0,0,0
aten::copy_,,,83.72,98.9,0,0.6,0,0
aclnnInplaceCopy,,,15.18,15.18,0.6,0.6,0,0
aten::slice,,,3.73,8.94,0,0,0,0
aten::as_strided,,,5.21,5.21,0,0,0,0
aten::slice,,,5.3,7.74,0,0,0,0
aten::as_strided,,,2.44,2.44,0,0,0,0
aten::copy_,,,51.07,64.84,0,0.62003125,0,0
aclnnInplaceCopy,,,13.77,13.77,0.62003125,0.62003125,0,0
aten::slice,,,5.78,8.38,0,0,0,0
aten::as_strided,,,2.6,2.6,0,0,0,0
aten::div,,,13.33,31.97,0,0,0,0
aten::to,,,1.7,18.64,0,0,0,0
aten::_to_copy,,,5.38,16.94,0,0,0,0
aten::empty_strided,,,3.92,3.92,0,0,0,0
aten::copy_,,,7.64,7.64,0,0,0,0
aten::slice,,,4.01,9.29,0,0,0,0
aten::as_strided,,,5.28,5.28,0,0,0,0
aten::slice,,,5.34,10.93,0,0,0,0
aten::as_strided,,,5.59,5.59,0,0,0,0
aten::slice,,,2.78,5.43,0,0,0,0
aten::as_strided,,,2.65,2.65,0,0,0,0
aten::slice,,,2.65,5.08,0,0,0,0
aten::as_strided,,,2.43,2.43,0,0,0,0
aten::fill_,,,19.67,36.41,0,0,0,0
aclnnInplaceFillScalar,,,16.74,16.74,0,0,0,0
aten::slice,,,5.36,8.92,0,0,0,0
aten::as_strided,,,3.56,3.56,0,0,0,0
aten::fill_,,,12.57,24.3,0,0,0,0
aclnnInplaceFillScalar,,,11.73,11.73,0,0,0,0
aten::slice,,,4.81,9.19,0,0,0,0
aten::as_strided,,,4.38,4.38,0,0,0,0
aten::slice,,,2.57,5.32,0,0,0,0
aten::as_strided,,,2.75,2.75,0,0,0,0
aten::slice,,,6.05,8.61,0,0,0,0
aten::as_strided,,,2.56,2.56,0,0,0,0
aten::slice,,,2.86,6.57,0,0,0,0
aten::as_strided,,,3.71,3.71,0,0,0,0
aten::slice,,,3.1,6.24,0,0,0,0
aten::as_strided,,,3.14,3.14,0,0,0,0
aten::slice,,,2.56,5.03,0,0,0,0
aten::as_strided,,,2.47,2.47,0,0,0,0
aten::slice,,,2.59,5.72,0,0,0,0
aten::as_strided,,,3.13,3.13,0,0,0,0
aten::fill_,,,14.96,29.99,0,0,0,0
aclnnInplaceFillScalar,,,15.03,15.03,0,0,0,0
aten::slice,,,4.81,8.42,0,0,0,0
aten::as_strided,,,3.61,3.61,0,0,0,0
aten::fill_,,,13.1,25.05,0,0,0,0
aclnnInplaceFillScalar,,,11.95,11.95,0,0,0,0
aten::diff,,,8.43,36.49,0,0,0,0
aten::narrow,,,6.44,10.75,0,0,0,0
aten::slice,,,2.38,4.31,0,0,0,0
aten::as_strided,,,1.93,1.93,0,0,0,0
aten::narrow,,,2.42,4.99,0,0,0,0
aten::slice,,,1.18,2.57,0,0,0,0
aten::as_strided,,,1.39,1.39,0,0,0,0
aten::sub,,,12.32,12.32,0,0,0,0
aten::eq,,,13.34,28.12,0,0,0,0
aten::to,,,1.52,14.78,0,0,0,0
aten::_to_copy,,,4.56,13.26,0,0,0,0
aten::empty_strided,,,2.81,2.81,0,0,0,0
aten::copy_,,,5.89,5.89,0,0,0,0
aten::__and__,,,2.28,7.41,0,0,0,0
aten::bitwise_and,,,5.13,5.13,0,0,0,0
aten::gt,,,9.53,34.78,0,0,0,0
aten::to,,,1.23,25.25,0,0,0,0
aten::_to_copy,,,3.03,24.02,0,0,0,0
aten::empty_strided,,,17.32,17.32,0,0,0,0
aten::copy_,,,3.67,3.67,0,0,0,0
aten::__and__,,,2.14,5.73,0,0,0,0
aten::bitwise_and,,,3.59,3.59,0,0,0,0
aten::any,,,6.98,14.3,0,0,0,0
aten::view_as,,,1.97,3.91,0,0,0,0
aten::view,,,1.94,1.94,0,0,0,0
aten::to,,,0.36,0.36,0,0,0,0
aten::copy_,,,3.05,3.05,0,0,0,0
aten::item,,,1.52,3.48,0,0,0,0
aten::_local_scalar_dense,,,1.96,1.96,0,0,0,0
aten::slice,,,4.84,6.34,0,0,0,0
aten::as_strided,,,1.5,1.5,0,0,0,0
aten::slice,,,2.18,2.89,0,0,0,0
aten::as_strided,,,0.71,0.71,0,0,0,0
aten::sub,,,4.91,4.91,0,0,0,0
aten::select,,,3.33,6.94,0,0,0,0
aten::as_strided,,,3.61,3.61,0,0,0,0
aten::item,,,2.18,3.28,0,0,0,0
aten::_local_scalar_dense,,,1.1,1.1,0,0,0,0
aten::gt,,,7.33,16.14,0,0,0,0
aten::to,,,0.97,8.81,0,0,0,0
aten::_to_copy,,,3.0,7.84,0,0,0,0
aten::empty_strided,,,1.95,1.95,0,0,0,0
aten::copy_,,,2.89,2.89,0,0,0,0
aten::__ior__,,,1.85,6.72,0,0,0,0
aten::bitwise_or_,,,4.87,4.87,0,0,0,0
aten::any,,,4.69,9.89,0,0,0,0
aten::view_as,,,1.22,2.27,0,0,0,0
aten::view,,,1.05,1.05,0,0,0,0
aten::to,,,0.31,0.31,0,0,0,0
aten::copy_,,,2.62,2.62,0,0,0,0
aten::is_nonzero,,,1.66,4.98,0,0,0,0
aten::item,,,1.01,3.32,0,0,0,0
aten::_local_scalar_dense,,,2.31,2.31,0,0,0,0
aten::select,,,5.04,13.41,0,0,0,0
aten::as_strided,,,8.37,8.37,0,0,0,0
aten::slice,,,4.36,8.47,0,0,0,0
aten::as_strided,,,4.11,4.11,0,0,0,0
aten::slice,,,15.51,17.84,0,0,0,0
aten::as_strided,,,2.33,2.33,0,0,0,0
aten::slice,,,4.16,7.16,0,0,0,0
aten::as_strided,,,3.0,3.0,0,0,0,0
aten::copy_,,,73.5,89.84,0,0.62,0,0
aclnnInplaceCopy,,,16.34,16.34,0.62,0.62,0,0
aten::slice,,,8.72,12.67,0,0,0,0
aten::as_strided,,,3.95,3.95,0,0,0,0
aten::fill_,,,15.22,27.79,0,0,0,0
aclnnInplaceFillScalar,,,12.57,12.57,0,0,0,0
aten::slice,,,6.1,10.87,0,0,0,0
aten::as_strided,,,4.77,4.77,0,0,0,0
aten::slice,,,2.71,5.64,0,0,0,0
aten::as_strided,,,2.93,2.93,0,0,0,0
aten::slice,,,2.33,4.27,0,0,0,0
aten::as_strided,,,1.94,1.94,0,0,0,0
aten::copy_,,,55.86,69.9,0,0.68003125,0,0
aclnnInplaceCopy,,,14.04,14.04,0.68003125,0.68003125,0,0
aten::slice,,,5.53,9.18,0,0,0,0
aten::as_strided,,,3.65,3.65,0,0,0,0
aten::slice,,,3.33,6.36,0,0,0,0
aten::as_strided,,,3.03,3.03,0,0,0,0
aten::slice,,,3.04,5.73,0,0,0,0
aten::as_strided,,,2.69,2.69,0,0,0,0
aten::slice,,,2.23,4.38,0,0,0,0
aten::as_strided,,,2.15,2.15,0,0,0,0
aten::slice,,,2.16,5.44,0,0,0,0
aten::as_strided,,,3.28,3.28,0,0,0,0
aten::copy_,,,50.01,63.23,0,0.66,0,0
aclnnInplaceCopy,,,13.22,13.22,0.66,0.66,0,0
aten::slice,,,5.89,9.56,0,0,0,0
aten::as_strided,,,3.67,3.67,0,0,0,0
aten::slice,,,2.49,5.18,0,0,0,0
aten::as_strided,,,2.69,2.69,0,0,0,0
aten::slice,,,2.03,4.97,0,0,0,0
aten::as_strided,,,2.94,2.94,0,0,0,0
aten::sub,,,18.87,30.24,0,1.6000625,0,0
aclnnSub,,,11.37,11.37,1.6000625,1.6000625,0,0
aten::slice,,,6.37,9.32,0,0,0,0
aten::as_strided,,,2.95,2.95,0,0,0,0
aten::slice,,,2.85,7.58,0,0,0,0
aten::as_strided,,,4.73,4.73,0,0,0,0
aten::slice,,,2.66,5.75,0,0,0,0
aten::as_strided,,,3.09,3.09,0,0,0,0
aten::slice,,,2.25,4.61,0,0,0,0
aten::as_strided,,,2.36,2.36,0,0,0,0
aten::slice,,,2.38,4.1,0,0,0,0
aten::as_strided,,,1.72,1.72,0,0,0,0
aten::fill_,,,16.77,31.0,0,0,0,0
aclnnInplaceFillScalar,,,14.23,14.23,0,0,0,0
aten::slice,,,4.86,8.7,0,0,0,0
aten::as_strided,,,3.84,3.84,0,0,0,0
aten::fill_,,,13.27,24.65,0,0,0,0
aclnnInplaceFillScalar,,,11.38,11.38,0,0,0,0
aten::diff,,,6.79,31.39,0,0,0,0
aten::narrow,,,5.11,9.06,0,0,0,0
aten::slice,,,1.86,3.95,0,0,0,0
aten::as_strided,,,2.09,2.09,0,0,0,0
aten::narrow,,,1.97,4.36,0,0,0,0
aten::slice,,,1.61,2.39,0,0,0,0
aten::as_strided,,,0.78,0.78,0,0,0,0
aten::sub,,,11.18,11.18,0,0,0,0
aten::eq,,,12.29,26.25,0,0,0,0
aten::to,,,1.47,13.96,0,0,0,0
aten::_to_copy,,,4.32,12.49,0,0,0,0
aten::empty_strided,,,2.75,2.75,0,0,0,0
aten::copy_,,,5.42,5.42,0,0,0,0
aten::__and__,,,2.25,6.14,0,0,0,0
aten::bitwise_and,,,3.89,3.89,0,0,0,0
aten::gt,,,7.47,16.2,0,0,0,0
aten::to,,,0.91,8.73,0,0,0,0
aten::_to_copy,,,2.4,7.82,0,0,0,0
aten::empty_strided,,,2.7,2.7,0,0,0,0
aten::copy_,,,2.72,2.72,0,0,0,0
aten::__and__,,,1.15,4.28,0,0,0,0
aten::bitwise_and,,,3.13,3.13,0,0,0,0
aten::any,,,5.21,11.48,0,0,0,0
aten::view_as,,,1.63,3.24,0,0,0,0
aten::view,,,1.61,1.61,0,0,0,0
aten::to,,,0.37,0.37,0,0,0,0
aten::copy_,,,2.66,2.66,0,0,0,0
aten::item,,,1.95,3.39,0,0,0,0
aten::_local_scalar_dense,,,1.44,1.44,0,0,0,0
aten::slice,,,4.67,6.3,0,0,0,0
aten::as_strided,,,1.63,1.63,0,0,0,0
aten::slice,,,2.05,2.86,0,0,0,0
aten::as_strided,,,0.81,0.81,0,0,0,0
aten::sub,,,5.11,5.11,0,0,0,0
aten::select,,,3.07,4.42,0,0,0,0
aten::as_strided,,,1.35,1.35,0,0,0,0
aten::item,,,1.19,2.67,0,0,0,0
aten::_local_scalar_dense,,,1.48,1.48,0,0,0,0
aten::gt,,,6.82,15.6,0,0,0,0
aten::to,,,0.96,8.78,0,0,0,0
aten::_to_copy,,,3.02,7.82,0,0,0,0
aten::empty_strided,,,1.8,1.8,0,0,0,0
aten::copy_,,,3.0,3.0,0,0,0,0
aten::__ior__,,,1.78,5.77,0,0,0,0
aten::bitwise_or_,,,3.99,3.99,0,0,0,0
aten::any,,,4.52,10.48,0,0,0,0
aten::view_as,,,1.51,2.85,0,0,0,0
aten::view,,,1.34,1.34,0,0,0,0
aten::to,,,0.62,0.62,0,0,0,0
aten::copy_,,,2.49,2.49,0,0,0,0
aten::is_nonzero,,,1.41,3.32,0,0,0,0
aten::item,,,1.1,1.91,0,0,0,0
aten::_local_scalar_dense,,,0.81,0.81,0,0,0,0
aten::select,,,4.62,12.56,0,0,0,0
aten::as_strided,,,7.94,7.94,0,0,0,0
aten::slice,,,4.44,8.94,0,0,0,0
aten::as_strided,,,4.5,4.5,0,0,0,0
aten::slice,,,2.35,4.69,0,0,0,0
aten::as_strided,,,2.34,2.34,0,0,0,0
aten::slice,,,2.29,4.5,0,0,0,0
aten::as_strided,,,2.21,2.21,0,0,0,0
aten::copy_,,,66.66,85.45,0,0.60003125,0,0
aclnnInplaceCopy,,,18.79,18.79,0.60003125,0.60003125,0,0
aten::slice,,,5.93,9.8,0,0,0,0
aten::as_strided,,,3.87,3.87,0,0,0,0
aten::fill_,,,15.3,28.0,0,0,0,0
aclnnInplaceFillScalar,,,12.7,12.7,0,0,0,0
aten::slice,,,5.68,9.43,0,0,0,0
aten::as_strided,,,3.75,3.75,0,0,0,0
aten::slice,,,2.6,5.22,0,0,0,0
aten::as_strided,,,2.62,2.62,0,0,0,0
aten::slice,,,2.48,4.64,0,0,0,0
aten::as_strided,,,2.16,2.16,0,0,0,0
aten::copy_,,,54.12,66.74,0,0.58,0,0
aclnnInplaceCopy,,,12.62,12.62,0.58,0.58,0,0
aten::slice,,,5.41,9.32,0,0,0,0
aten::as_strided,,,3.91,3.91,0,0,0,0
aten::slice,,,3.34,6.47,0,0,0,0
aten::as_strided,,,3.13,3.13,0,0,0,0
aten::slice,,,3.2,6.33,0,0,0,0
aten::as_strided,,,3.13,3.13,0,0,0,0
aten::slice,,,2.36,4.64,0,0,0,0
aten::as_strided,,,2.28,2.28,0,0,0,0
aten::slice,,,2.2,4.69,0,0,0,0
aten::as_strided,,,2.49,2.49,0,0,0,0
aten::copy_,,,53.52,67.72,0,0.7,0,0
aclnnInplaceCopy,,,14.2,14.2,0.7,0.7,0,0
aten::slice,,,5.21,9.22,0,0,0,0
aten::as_strided,,,4.01,4.01,0,0,0,0
aten::slice,,,2.77,5.19,0,0,0,0
aten::as_strided,,,2.42,2.42,0,0,0,0
aten::slice,,,2.11,4.7,0,0,0,0
aten::as_strided,,,2.59,2.59,0,0,0,0
aten::sub,,,17.73,29.34,0,1.40003125,0,0
aclnnSub,,,11.61,11.61,1.40003125,1.40003125,0,0
aten::slice,,,6.31,8.96,0,0,0,0
aten::as_strided,,,2.65,2.65,0,0,0,0
aten::slice,,,3.09,7.69,0,0,0,0
aten::as_strided,,,4.6,4.6,0,0,0,0
aten::slice,,,2.89,5.2,0,0,0,0
aten::as_strided,,,2.31,2.31,0,0,0,0
aten::slice,,,2.56,4.94,0,0,0,0
aten::as_strided,,,2.38,2.38,0,0,0,0
aten::slice,,,2.23,4.15,0,0,0,0
aten::as_strided,,,1.92,1.92,0,0,0,0
aten::fill_,,,17.09,31.3,0,0,0,0
aclnnInplaceFillScalar,,,14.21,14.21,0,0,0,0
aten::slice,,,5.42,9.1,0,0,0,0
aten::as_strided,,,3.68,3.68,0,0,0,0
aten::fill_,,,12.69,24.02,0,0,0,0
aclnnInplaceFillScalar,,,11.33,11.33,0,0,0,0
aten::diff,,,7.09,32.96,0,0,0,0
aten::narrow,,,5.39,10.29,0,0,0,0
aten::slice,,,2.54,4.9,0,0,0,0
aten::as_strided,,,2.36,2.36,0,0,0,0
aten::narrow,,,2.06,4.16,0,0,0,0
aten::slice,,,0.98,2.1,0,0,0,0
aten::as_strided,,,1.12,1.12,0,0,0,0
aten::sub,,,11.42,11.42,0,0,0,0
aten::eq,,,11.81,25.62,0,0,0,0
aten::to,,,1.44,13.81,0,0,0,0
aten::_to_copy,,,4.42,12.37,0,0,0,0
aten::empty_strided,,,2.67,2.67,0,0,0,0
aten::copy_,,,5.28,5.28,0,0,0,0
aten::__and__,,,1.99,6.35,0,0,0,0
aten::bitwise_and,,,4.36,4.36,0,0,0,0
aten::gt,,,7.43,14.91,0,0,0,0
aten::to,,,0.86,7.48,0,0,0,0
aten::_to_copy,,,2.51,6.62,0,0,0,0
aten::empty_strided,,,1.79,1.79,0,0,0,0
aten::copy_,,,2.32,2.32,0,0,0,0
aten::__and__,,,1.31,4.12,0,0,0,0
aten::bitwise_and,,,2.81,2.81,0,0,0,0
aten::any,,,5.76,12.52,0,0,0,0
aten::view_as,,,1.78,3.48,0,0,0,0
aten::view,,,1.7,1.7,0,0,0,0
aten::to,,,0.41,0.41,0,0,0,0
aten::copy_,,,2.87,2.87,0,0,0,0
aten::item,,,1.89,3.18,0,0,0,0
aten::_local_scalar_dense,,,1.29,1.29,0,0,0,0
aten::slice,,,4.63,6.19,0,0,0,0
aten::as_strided,,,1.56,1.56,0,0,0,0
aten::slice,,,2.08,2.95,0,0,0,0
aten::as_strided,,,0.87,0.87,0,0,0,0
aten::sub,,,4.87,4.87,0,0,0,0
aten::select,,,2.69,3.84,0,0,0,0
aten::as_strided,,,1.15,1.15,0,0,0,0
aten::item,,,1.21,2.19,0,0,0,0
aten::_local_scalar_dense,,,0.98,0.98,0,0,0,0
aten::gt,,,7.14,15.55,0,0,0,0
aten::to,,,1.0,8.41,0,0,0,0
aten::_to_copy,,,2.64,7.41,0,0,0,0
aten::empty_strided,,,2.16,2.16,0,0,0,0
aten::copy_,,,2.61,2.61,0,0,0,0
aten::__ior__,,,1.7,5.68,0,0,0,0
aten::bitwise_or_,,,3.98,3.98,0,0,0,0
aten::any,,,4.8,10.6,0,0,0,0
aten::view_as,,,1.55,2.95,0,0,0,0
aten::view,,,1.4,1.4,0,0,0,0
aten::to,,,0.42,0.42,0,0,0,0
aten::copy_,,,2.43,2.43,0,0,0,0
aten::is_nonzero,,,1.44,3.46,0,0,0,0
aten::item,,,1.16,2.02,0,0,0,0
aten::_local_scalar_dense,,,0.86,0.86,0,0,0,0
aten::select,,,4.25,10.54,0,0,0,0
aten::as_strided,,,6.29,6.29,0,0,0,0
aten::slice,,,4.31,8.58,0,0,0,0
aten::as_strided,,,4.27,4.27,0,0,0,0
aten::slice,,,2.3,4.56,0,0,0,0
aten::as_strided,,,2.26,2.26,0,0,0,0
aten::slice,,,2.22,4.37,0,0,0,0
aten::as_strided,,,2.15,2.15,0,0,0,0
aten::copy_,,,67.43,86.5,0,0.6,0,0
aclnnInplaceCopy,,,19.07,19.07,0.6,0.6,0,0
aten::slice,,,6.1,10.76,0,0,0,0
aten::as_strided,,,4.66,4.66,0,0,0,0
aten::fill_,,,14.41,27.31,0,0,0,0
aclnnInplaceFillScalar,,,12.9,12.9,0,0,0,0
aten::slice,,,4.75,8.99,0,0,0,0
aten::as_strided,,,4.24,4.24,0,0,0,0
aten::slice,,,2.46,5.07,0,0,0,0
aten::as_strided,,,2.61,2.61,0,0,0,0
aten::slice,,,2.44,4.9,0,0,0,0
aten::as_strided,,,2.46,2.46,0,0,0,0
aten::copy_,,,52.97,66.71,0,0.64003125,0,0
aclnnInplaceCopy,,,13.74,13.74,0.64003125,0.64003125,0,0
aten::slice,,,5.65,9.68,0,0,0,0
aten::as_strided,,,4.03,4.03,0,0,0,0
aten::slice,,,3.1,6.53,0,0,0,0
aten::as_strided,,,3.43,3.43,0,0,0,0
aten::slice,,,2.99,5.69,0,0,0,0
aten::as_strided,,,2.7,2.7,0,0,0,0
aten::slice,,,2.3,4.61,0,0,0,0
aten::as_strided,,,2.31,2.31,0,0,0,0
aten::slice,,,2.03,4.06,0,0,0,0
aten::as_strided,,,2.03,2.03,0,0,0,0
aten::copy_,,,49.32,62.12,0,0.6,0,0
aclnnInplaceCopy,,,12.8,12.8,0.6,0.6,0,0
aten::slice,,,5.33,8.93,0,0,0,0
aten::as_strided,,,3.6,3.6,0,0,0,0
aten::slice,,,2.42,5.0,0,0,0,0
aten::as_strided,,,2.58,2.58,0,0,0,0
aten::slice,,,2.03,4.24,0,0,0,0
aten::as_strided,,,2.21,2.21,0,0,0,0
aten::sub,,,17.19,30.7,0,1.32003125,0,0
aclnnSub,,,13.51,13.51,1.32003125,1.32003125,0,0
Event::record,,,157.34,179.29,0,0.02,0,0
record_event,,,21.95,21.95,0.02,0.02,0,0
aten::slice,,,8.88,17.07,0,0,0,0
aten::as_strided,,,8.19,8.19,0,0,0,0
aten::slice,,,3.36,6.42,0,0,0,0
aten::as_strided,,,3.06,3.06,0,0,0,0
aten::slice,,,8.51,17.27,0,0,0,0
aten::as_strided,,,8.76,8.76,0,0,0,0
aten::scalar_tensor,,,6.39,58.79,0,1.32003125,0,0
aten::empty,,,3.52,16.04,0,0,0,0
empty_tensor,,,12.52,12.52,0,0,0,0
aten::fill_,,,17.85,36.36,0,1.32003125,0,0
aclnnInplaceFillScalar,,,18.51,18.51,1.32003125,1.32003125,0,0
aten::view,,,4.88,4.88,0,0,0,0
aten::expand,,,3.34,5.47,0,0,0,0
aten::as_strided,,,2.13,2.13,0,0,0,0
aten::copy_,,,58.92,74.37,0,0.6,0,0
aclnnInplaceCopy,,,15.45,15.45,0.6,0.6,0,0
aten::scalar_tensor,,,4.87,38.96,0,1.22003125,0,0
aten::empty,,,2.65,10.48,0,0,0,0
empty_tensor,,,7.83,7.83,0,0,0,0
aten::fill_,,,11.54,23.61,0,1.22003125,0,0
aclnnInplaceFillScalar,,,12.07,12.07,1.22003125,1.22003125,0,0
aten::slice,,,6.68,11.79,0,0,0,0
aten::as_strided,,,5.11,5.11,0,0,0,0
aten::view,,,2.58,2.58,0,0,0,0
aten::expand,,,1.91,3.9,0,0,0,0
aten::as_strided,,,1.99,1.99,0,0,0,0
aten::copy_,,,2.11,2.11,0,0,0,0
aten::index,,,40.58,74.09,0,11.600249999999999,0,0
empty_tensor,,,8.01,8.01,0,0,0,0
empty_tensor,,,9.16,9.16,0,0,0,0
aclnnIndex,,,16.34,16.34,11.600249999999999,11.600249999999999,0,0
aten::linear,,,5.45,69.13,0,891.23778125,0,891.23778125
aten::t,,,5.8,16.83,0,0,0,0
aten::transpose,,,3.65,11.03,0,0,0,0
aten::as_strided,,,7.38,7.38,0,0,0,0
aten::matmul,,,24.51,46.85,0,891.23778125,0,891.23778125
empty_tensor,,,8.84,8.84,0,0,0,0
aclnnMatmul,,,13.5,13.5,891.23778125,891.23778125,891.23778125,891.23778125
aten::alias,,,2.94,2.94,0,0,0,0
aten::log_softmax,,,8.52,115.28,0,51.64103125,0,0
aten::to,,,2.94,69.44,0,7.98015625,0,0
aten::_to_copy,,,7.47,66.5,0,7.98015625,0,0
aten::empty_strided,,,12.25,20.1,0,0,0,0
empty_tensor,,,7.85,7.85,0,0,0,0
aten::copy_,,,22.75,38.93,0,7.98015625,0,0
aclnnInplaceCopy,,,16.18,16.18,7.98015625,7.98015625,0,0
aten::_log_softmax,,,19.27,37.32,0,43.660875,0,0
empty_tensor,,,7.24,7.24,0,0,0,0
aclnnLogSoftmax,,,10.81,10.81,43.660875,43.660875,0,0
aten::to,,,1.65,44.94,0,2.9400625,0,0
aten::_to_copy,,,5.1,43.29,0,2.9400625,0,0
aten::empty_strided,,,8.34,13.17,0,0,0,0
empty_tensor,,,4.83,4.83,0,0,0,0
aten::copy_,,,14.47,25.02,0,2.9400625,0,0
aclnnInplaceCopy,,,10.55,10.55,2.9400625,2.9400625,0,0
aten::argmax,,,7.41,61.25,0,20.8204375,0,0
aten::empty,,,2.66,9.42,0,0,0,0
empty_tensor,,,6.76,6.76,0,0,0,0
aten::argmax,,,26.15,44.42,0,20.8204375,0,0
aten::reshape,,,2.15,7.36,0,0,0,0
aten::view,,,5.21,5.21,0,0,0,0
aclnnArgMax,,,10.91,10.91,20.8204375,20.8204375,0,0
aten::view,,,3.67,3.67,0,0,0,0
aten::to,,,1.38,1.38,0,0,0,0
aten::topk,,,20.5,44.72,0,33.72065625,0,0
empty_tensor,,,7.38,7.38,0,0,0,0
empty_tensor,,,5.25,5.25,0,0,0,0
aclnnTopk,,,11.59,11.59,33.72065625,33.72065625,0,0
aten::unsqueeze,,,3.67,8.39,0,0,0,0
aten::as_strided,,,4.72,4.72,0,0,0,0
aten::gather,,,25.59,41.76,0,5.940125,0,0
empty_tensor,,,5.92,5.92,0,0,0,0
aclnnGather,,,10.25,10.25,5.940125,5.940125,0,0
TorchDynamo Cache Lookup,,,37.48,37.48,0,0,0,0
Torch-Compiled Region: 0/0,,,108.19,199.58,0,35.1806875,0,0
aten::_assert_scalar,,,2.95,2.95,0,0,0,0
aten::_assert_scalar,,,1.53,1.53,0,0,0,0
aten::_assert_scalar,,,0.97,0.97,0,0,0,0
aten::ge,,,19.88,47.34,0,7.84015625,0,0
empty_tensor,,,12.3,12.3,0,0,0,0
aclnnGeTensor,,,15.16,15.16,7.84015625,7.84015625,0,0
aten::sum,,,19.81,38.6,0,27.340531249999998,0,0
empty_tensor,,,7.71,7.71,0,0,0,0
aclnnReduceSum,,,11.08,11.08,27.340531249999998,27.340531249999998,0,0
aten::cat,,,21.75,42.04,0,2.3800625,0,0
empty_tensor,,,8.13,8.13,0,0,0,0
aclnnCat,,,12.16,12.16,2.3800625,2.3800625,0,0
aten::cat,,,12.79,29.7,0,1.92003125,0,0
empty_tensor,,,6.57,6.57,0,0,0,0
aclnnCat,,,10.34,10.34,1.92003125,1.92003125,0,0
aten::to,,,2.09,45.01,0,1.30003125,0,0
aten::_to_copy,,,5.86,42.92,0,1.30003125,0,0
aten::empty_strided,,,7.23,11.53,0,0,0,0
empty_tensor,,,4.3,4.3,0,0,0,0
aten::copy_,,,14.87,25.53,0,1.30003125,0,0
aclnnInplaceCopy,,,10.66,10.66,1.30003125,1.30003125,0,0
aten::to,,,1.29,40.32,0,1.42003125,0,0
aten::_to_copy,,,4.16,39.03,0,1.42003125,0,0
aten::empty_strided,,,6.26,10.35,0,0,0,0
empty_tensor,,,4.09,4.09,0,0,0,0
aten::copy_,,,13.03,24.52,0,1.42003125,0,0
aclnnInplaceCopy,,,11.49,11.49,1.42003125,1.42003125,0,0
aten::unsqueeze,,,3.58,8.88,0,0,0,0
aten::as_strided,,,5.3,5.3,0,0,0,0
Event::record,,,144.41,164.43,0,0.02,0,0
record_event,,,20.02,20.02,0.02,0.02,0,0
aten::slice,,,5.1,14.14,0,0,0,0
aten::as_strided,,,9.04,9.04,0,0,0,0
Event::wait,,,73.68,96.29,0,2062.72121875,0,0
wait_event,,,22.61,22.61,2062.72121875,2062.72121875,0,0
Event::record,,,90.12,110.65,0,0.02,0,0
record_event,,,20.53,20.53,0.02,0.02,0,0
Event::wait,,,56.68,73.21,0,1706.61409375,0,0
wait_event,,,16.53,16.53,1706.61409375,1706.61409375,0,0
destroy_event,,,10.32,10.32,0,0,0,0
aten::to,,,3.82,71.11,0,1.86003125,0,0
aten::_to_copy,,,7.07,67.29,0,1.86003125,0,0
aten::empty_strided,,,28.32,28.32,0,0,0,0
aten::copy_,,,19.92,31.9,0,1.86003125,0,0
acl_memcpy_device_to_host,,,11.98,11.98,1.86003125,1.86003125,0,0
aten::to,,,2.95,40.23,0,2.0600625,0,0
aten::_to_copy,,,5.31,37.28,0,2.0600625,0,0
aten::empty_strided,,,4.21,4.21,0,0,0,0
aten::copy_,,,15.38,27.76,0,2.0600625,0,0
acl_memcpy_device_to_host,,,12.38,12.38,2.0600625,2.0600625,0,0
aten::to,,,1.98,31.05,0,2.02003125,0,0
aten::_to_copy,,,4.25,29.07,0,2.02003125,0,0
aten::empty_strided,,,3.2,3.2,0,0,0,0
aten::copy_,,,12.19,21.62,0,2.02003125,0,0
acl_memcpy_device_to_host,,,9.43,9.43,2.02003125,2.02003125,0,0
aten::to,,,2.2,29.8,0,1.88003125,0,0
aten::_to_copy,,,3.54,27.6,0,1.88003125,0,0
aten::empty_strided,,,2.73,2.73,0,0,0,0
aten::copy_,,,11.34,21.33,0,1.88003125,0,0
acl_memcpy_device_to_host,,,9.99,9.99,1.88003125,1.88003125,0,0
Event::record,,,151.94,170.22,0,0.02,0,0
record_event,,,18.28,18.28,0.02,0.02,0,0
Event::synchronize,,,92.32,92.32,0,0,0,0
aten::resolve_conj,,,2.21,2.21,0,0,0,0
aten::resolve_neg,,,0.93,0.93,0,0,0,0
aten::to,,,3.3,3.3,0,0,0,0
aten::detach,,,4.18,4.18,0,0,0,0
aten::to,,,0.83,0.83,0,0,0,0
aten::resolve_conj,,,0.61,0.61,0,0,0,0
aten::resolve_neg,,,0.48,0.48,0,0,0,0
aten::to,,,1.33,1.33,0,0,0,0
aten::detach,,,1.73,1.73,0,0,0,0
aten::to,,,0.66,0.66,0,0,0,0
aten::resolve_conj,,,0.45,0.45,0,0,0,0
aten::resolve_neg,,,0.45,0.45,0,0,0,0
aten::to,,,1.33,1.33,0,0,0,0
aten::detach,,,1.14,1.14,0,0,0,0
aten::to,,,0.51,0.51,0,0,0,0
aten::resolve_conj,,,0.45,0.45,0,0,0,0
aten::resolve_neg,,,0.3,0.3,0,0,0,0
destroy_event,,,20.57,20.57,0,0,0,0
record_event,,,13.95,13.95,0.0,0.0,0,0
Event::synchronize,,,158.12,158.12,0,0,0,0
aten::slice,,,13.51,18.51,0,0,0,0
aten::as_strided,,,5.0,5.0,0,0,0,0
aten::slice,,,3.57,12.43,0,0,0,0
aten::as_strided,,,8.86,8.86,0,0,0,0
aten::pin_memory,,,94.66,114.33,0,0,0,0
aten::is_pinned,,,19.67,19.67,0,0,0,0
aten::copy_,,,23.11,39.54,0,2.3800625,0,0
acl_memcpy_host_to_device,,,16.43,16.43,2.3800625,2.3800625,0,0
aten::slice,,,7.43,10.35,0,0,0,0
aten::as_strided,,,2.92,2.92,0,0,0,0
aten::slice,,,5.36,12.48,0,0,0,0
aten::as_strided,,,7.12,7.12,0,0,0,0
aten::pin_memory,,,4.16,16.36,0,0,0,0
aten::is_pinned,,,12.2,12.2,0,0,0,0
aten::copy_,,,16.56,36.06,0,2.9800625,0,0
acl_memcpy_host_to_device,,,19.5,19.5,2.9800625,2.9800625,0,0
aten::slice,,,5.04,7.31,0,0,0,0
aten::as_strided,,,2.27,2.27,0,0,0,0
aten::slice,,,4.55,42.98,0,0,0,0
aten::as_strided,,,38.43,38.43,0,0,0,0
aten::pin_memory,,,3.79,13.61,0,0,0,0
aten::is_pinned,,,9.82,9.82,0,0,0,0
aten::copy_,,,15.8,33.91,0,2.34003125,0,0
acl_memcpy_host_to_device,,,18.11,18.11,2.34003125,2.34003125,0,0
aten::slice,,,5.01,8.05,0,0,0,0
aten::as_strided,,,3.04,3.04,0,0,0,0
aten::slice,,,4.14,41.55,0,0,0,0
aten::as_strided,,,37.41,37.41,0,0,0,0
aten::pin_memory,,,3.56,12.8,0,0,0,0
aten::is_pinned,,,9.24,9.24,0,0,0,0
aten::copy_,,,16.0,34.41,0,2.22003125,0,0
acl_memcpy_host_to_device,,,18.41,18.41,2.22003125,2.22003125,0,0
aten::slice,,,5.53,7.81,0,0,0,0
aten::as_strided,,,2.28,2.28,0,0,0,0
aten::slice,,,35.59,41.23,0,0,0,0
aten::as_strided,,,5.64,5.64,0,0,0,0
aten::pin_memory,,,3.42,12.88,0,0,0,0
aten::is_pinned,,,9.46,9.46,0,0,0,0
aten::copy_,,,14.38,32.08,0,2.1800625,0,0
acl_memcpy_host_to_device,,,17.7,17.7,2.1800625,2.1800625,0,0
aten::slice,,,11.11,15.79,0,0,0,0
aten::as_strided,,,4.68,4.68,0,0,0,0
aten::slice,,,3.2,10.83,0,0,0,0
aten::as_strided,,,7.63,7.63,0,0,0,0
aten::pin_memory,,,4.65,20.89,0,0,0,0
aten::is_pinned,,,16.24,16.24,0,0,0,0
aten::copy_,,,19.46,41.55,0,2.36003125,0,0
acl_memcpy_host_to_device,,,22.09,22.09,2.36003125,2.36003125,0,0
aten::slice,,,6.56,10.91,0,0,0,0
aten::as_strided,,,4.35,4.35,0,0,0,0
aten::lift_fresh,,,1.9,1.9,0,0,0,0
aten::lift_fresh,,,1.75,1.75,0,0,0,0
aten::flatten,,,3.77,10.99,0,0,0,0
aten::view,,,7.22,7.22,0,0,0,0
aten::slice,,,3.92,5.72,0,0,0,0
aten::as_strided,,,1.8,1.8,0,0,0,0
aten::index_select,,,7.23,7.23,0,0,0,0
aten::pin_memory,,,4.24,19.71,0,0,0,0
aten::is_pinned,,,15.47,15.47,0,0,0,0
aten::copy_,,,18.4,39.57,0,2.30003125,0,0
acl_memcpy_host_to_device,,,21.17,21.17,2.30003125,2.30003125,0,0
aten::pin_memory,,,5.27,52.95,0,0,0,0
aten::is_pinned,,,47.68,47.68,0,0,0,0
aten::copy_,,,17.47,35.79,0,2.3200625,0,0
acl_memcpy_host_to_device,,,18.32,18.32,2.3200625,2.3200625,0,0
aten::slice,,,7.6,11.41,0,0,0,0
aten::as_strided,,,3.81,3.81,0,0,0,0
aten::lift_fresh,,,1.37,1.37,0,0,0,0
aten::slice,,,5.35,7.26,0,0,0,0
aten::as_strided,,,1.91,1.91,0,0,0,0
aten::add,,,14.51,14.51,0,0,0,0
aten::slice,,,3.55,4.73,0,0,0,0
aten::as_strided,,,1.18,1.18,0,0,0,0
aten::fill_,,,5.4,5.4,0,0,0,0
aten::slice,,,3.33,9.16,0,0,0,0
aten::as_strided,,,5.83,5.83,0,0,0,0
aten::fill_,,,23.48,39.03,0,1.48003125,0,0
aclnnInplaceFillScalar,,,15.55,15.55,1.48003125,1.48003125,0,0
aten::slice,,,6.14,12.22,0,0,0,0
aten::as_strided,,,6.08,6.08,0,0,0,0
aten::select,,,3.7,6.72,0,0,0,0
aten::as_strided,,,3.02,3.02,0,0,0,0
aten::copy_,,,70.97,91.06,0,0.58,0,0
aclnnInplaceCopy,,,20.09,20.09,0.58,0.58,0,0
aten::slice,,,7.15,10.22,0,0,0,0
aten::as_strided,,,3.07,3.07,0,0,0,0
aten::detach,,,3.22,3.22,0,0,0,0
aten::to,,,1.81,1.81,0,0,0,0
aten::resolve_conj,,,1.14,1.14,0,0,0,0
aten::resolve_neg,,,0.66,0.66,0,0,0,0
aten::slice,,,4.78,7.35,0,0,0,0
aten::as_strided,,,2.57,2.57,0,0,0,0
aten::slice,,,2.72,7.91,0,0,0,0
aten::as_strided,,,5.19,5.19,0,0,0,0
aten::pin_memory,,,4.18,19.59,0,0,0,0
aten::is_pinned,,,15.41,15.41,0,0,0,0
aten::copy_,,,3.3,3.3,0,0,0,0
aten::slice,,,5.68,7.61,0,0,0,0
aten::as_strided,,,1.93,1.93,0,0,0,0
aten::slice,,,2.83,6.46,0,0,0,0
aten::as_strided,,,3.63,3.63,0,0,0,0
aten::pin_memory,,,3.16,11.75,0,0,0,0
aten::is_pinned,,,8.59,8.59,0,0,0,0
aten::copy_,,,17.2,33.13,0,2.16003125,0,0
acl_memcpy_host_to_device,,,15.93,15.93,2.16003125,2.16003125,0,0
aten::fill_,,,63.14,82.84,0,1.6400625,0,0
aclnnInplaceFillScalar,,,19.7,19.7,1.6400625,1.6400625,0,0
aten::slice,,,6.87,11.52,0,0,0,0
aten::as_strided,,,4.65,4.65,0,0,0,0
aten::slice,,,3.27,5.34,0,0,0,0
aten::as_strided,,,2.07,2.07,0,0,0,0
aten::copy_,,,21.14,36.46,0,2.4400625,0,0
acl_memcpy_host_to_device,,,15.32,15.32,2.4400625,2.4400625,0,0
aten::slice,,,7.29,9.43,0,0,0,0
aten::as_strided,,,2.14,2.14,0,0,0,0
aten::slice,,,3.0,7.91,0,0,0,0
aten::as_strided,,,4.91,4.91,0,0,0,0
aten::pin_memory,,,4.0,16.5,0,0,0,0
aten::is_pinned,,,12.5,12.5,0,0,0,0
aten::copy_,,,16.05,34.17,0,2.36003125,0,0
acl_memcpy_host_to_device,,,18.12,18.12,2.36003125,2.36003125,0,0
aten::slice,,,4.48,8.31,0,0,0,0
aten::as_strided,,,3.83,3.83,0,0,0,0
aten::slice,,,2.92,4.83,0,0,0,0
aten::as_strided,,,1.91,1.91,0,0,0,0
aten::slice,,,3.88,44.19,0,0,0,0
aten::as_strided,,,40.31,40.31,0,0,0,0
aten::pin_memory,,,5.8,16.88,0,0,0,0
aten::is_pinned,,,11.08,11.08,0,0,0,0
aten::copy_,,,16.35,37.2,0,2.36003125,0,0
acl_memcpy_host_to_device,,,20.85,20.85,2.36003125,2.36003125,0,0
aten::slice,,,8.26,45.34,0,0,0,0
aten::as_strided,,,37.08,37.08,0,0,0,0
aten::slice,,,3.24,7.87,0,0,0,0
aten::as_strided,,,4.63,4.63,0,0,0,0
aten::pin_memory,,,3.3,13.58,0,0,0,0
aten::is_pinned,,,10.28,10.28,0,0,0,0
aten::copy_,,,16.88,50.33,0,2.3600625,0,0
acl_memcpy_host_to_device,,,33.45,33.45,2.3600625,2.3600625,0,0
aten::slice,,,5.35,9.13,0,0,0,0
aten::as_strided,,,3.78,3.78,0,0,0,0
aten::index,,,38.57,85.79,0,15.9403125,0,0
empty_tensor,,,20.41,20.41,0,0,0,0
empty_tensor,,,9.82,9.82,0,0,0,0
aclnnIndex,,,16.99,16.99,15.9403125,15.9403125,0,0
aten::to,,,2.15,53.23,0,1.18003125,0,0
aten::_to_copy,,,6.83,51.08,0,1.18003125,0,0
aten::empty_strided,,,8.14,12.54,0,0,0,0
empty_tensor,,,4.4,4.4,0,0,0,0
aten::copy_,,,17.82,31.71,0,1.18003125,0,0
aclnnInplaceCopy,,,13.89,13.89,1.18003125,1.18003125,0,0
aten::slice,,,6.57,10.41,0,0,0,0
aten::as_strided,,,3.84,3.84,0,0,0,0
aten::add,,,19.53,31.08,0,2.6600625,0,0
empty_tensor,,,6.95,6.95,0,0,0,0
aclnnAdd,,,4.6,4.6,2.6600625,2.6600625,0,0
aten::slice,,,4.75,8.74,0,0,0,0
aten::as_strided,,,3.99,3.99,0,0,0,0
aten::copy_,,,91.28,137.45,0,0.58,0,0
aclnnInplaceCopy,,,46.17,46.17,0.58,0.58,0,0
aten::slice,,,7.02,11.65,0,0,0,0
aten::as_strided,,,4.63,4.63,0,0,0,0
aten::add,,,20.41,42.48,0,1.48003125,0,0
empty_tensor,,,8.73,8.73,0,0,0,0
aclnnAdd,,,13.34,13.34,1.48003125,1.48003125,0,0
aten::slice,,,4.68,8.75,0,0,0,0
aten::as_strided,,,4.07,4.07,0,0,0,0
aten::copy_,,,51.22,65.18,0,0.62003125,0,0
aclnnInplaceCopy,,,13.96,13.96,0.62003125,0.62003125,0,0
aten::slice,,,6.24,10.29,0,0,0,0
aten::as_strided,,,4.05,4.05,0,0,0,0
aten::fill_,,,13.75,24.27,0,1.38003125,0,0
aclnnInplaceFillScalar,,,10.52,10.52,1.38003125,1.38003125,0,0
aten::slice,,,5.22,8.95,0,0,0,0
aten::as_strided,,,3.73,3.73,0,0,0,0
aten::slice,,,2.81,6.26,0,0,0,0
aten::as_strided,,,3.45,3.45,0,0,0,0
_compute_slot_mapping_fused_groups_kernel,,,27.0,27.0,21.9204375,21.9204375,0,0
aten::slice,,,9.42,17.96,0,0,0,0
aten::as_strided,,,8.54,8.54,0,0,0,0
aten::sub,,,27.93,58.39,0,1.50003125,0,0
empty_tensor,,,11.54,11.54,0,0,0,0
aten::item,,,2.04,3.72,0,0,0,0
aten::_local_scalar_dense,,,1.68,1.68,0,0,0,0
aclnnSubs,,,15.2,15.2,1.50003125,1.50003125,0,0
aten::pin_memory,,,7.67,28.84,0,0,0,0
aten::is_pinned,,,21.17,21.17,0,0,0,0
aten::copy_,,,21.46,39.57,0,2.4000625,0,0
acl_memcpy_host_to_device,,,18.11,18.11,2.4000625,2.4000625,0,0
aten::detach,,,4.39,4.39,0,0,0,0
aten::to,,,2.02,2.02,0,0,0,0
aten::resolve_conj,,,0.56,0.56,0,0,0,0
aten::resolve_neg,,,0.57,0.57,0,0,0,0
aten::slice,,,8.95,18.55,0,0,0,0
aten::as_strided,,,9.6,9.6,0,0,0,0
aten::slice,,,2.77,5.75,0,0,0,0
aten::as_strided,,,2.98,2.98,0,0,0,0
aten::slice,,,3.29,5.47,0,0,0,0
aten::as_strided,,,2.18,2.18,0,0,0,0
aten::fill_,,,21.74,42.55,0,0,0,0
aclnnInplaceFillScalar,,,20.81,20.81,0,0,0,0
aten::slice,,,4.37,8.74,0,0,0,0
aten::as_strided,,,4.37,4.37,0,0,0,0
aten::fill_,,,11.7,23.68,0,0,0,0
aclnnInplaceFillScalar,,,11.98,11.98,0,0,0,0
aten::slice,,,3.88,6.23,0,0,0,0
aten::as_strided,,,2.35,2.35,0,0,0,0
aten::slice,,,2.27,3.05,0,0,0,0
aten::as_strided,,,0.78,0.78,0,0,0,0
aten::lt,,,13.43,13.43,0,0,0,0
aten::lift_fresh,,,3.23,3.23,0,0,0,0
aten::slice,,,1.53,2.62,0,0,0,0
aten::as_strided,,,1.09,1.09,0,0,0,0
aten::fill_,,,2.26,9.01,0,0,0,0
aten::copy_,,,6.75,6.75,0,0,0,0
aten::slice,,,3.13,4.78,0,0,0,0
aten::as_strided,,,1.65,1.65,0,0,0,0
aten::slice,,,2.7,7.63,0,0,0,0
aten::as_strided,,,4.93,4.93,0,0,0,0
aten::slice,,,2.42,3.78,0,0,0,0
aten::as_strided,,,1.36,1.36,0,0,0,0
aten::slice,,,2.93,5.14,0,0,0,0
aten::as_strided,,,2.21,2.21,0,0,0,0
aten::slice,,,2.23,2.97,0,0,0,0
aten::as_strided,,,0.74,0.74,0,0,0,0
aten::slice,,,1.79,4.0,0,0,0,0
aten::as_strided,,,2.21,2.21,0,0,0,0
aten::slice,,,2.55,5.26,0,0,0,0
aten::as_strided,,,2.71,2.71,0,0,0,0
aten::slice,,,2.37,4.26,0,0,0,0
aten::as_strided,,,1.89,1.89,0,0,0,0
aten::slice,,,2.49,4.52,0,0,0,0
aten::as_strided,,,2.03,2.03,0,0,0,0
aten::slice,,,5.59,11.81,0,0,0,0
aten::as_strided,,,6.22,6.22,0,0,0,0
aten::slice,,,2.81,6.1,0,0,0,0
aten::as_strided,,,3.29,3.29,0,0,0,0
aten::slice,,,2.82,5.49,0,0,0,0
aten::as_strided,,,2.67,2.67,0,0,0,0
aten::to,,,1.85,1.85,0,0,0,0
aten::slice,,,2.35,4.88,0,0,0,0
aten::as_strided,,,2.53,2.53,0,0,0,0
aten::slice,,,2.36,4.28,0,0,0,0
aten::as_strided,,,1.92,1.92,0,0,0,0
aten::slice,,,2.52,3.93,0,0,0,0
aten::as_strided,,,1.41,1.41,0,0,0,0
aten::slice,,,3.39,6.78,0,0,0,0
aten::as_strided,,,3.39,3.39,0,0,0,0
aten::slice,,,2.42,5.72,0,0,0,0
aten::as_strided,,,3.3,3.3,0,0,0,0
aten::alias,,,5.13,5.13,0,0,0,0
aten::div,,,39.06,59.84,0,6.000125,0,0
aten::item,,,2.26,4.07,0,0,0,0
aten::_local_scalar_dense,,,1.81,1.81,0,0,0,0
aclnnDivMods,,,16.71,16.71,6.000125,6.000125,0,0
aten::slice,,,3.1,7.83,0,0,0,0
aten::as_strided,,,4.73,4.73,0,0,0,0
aten::slice,,,4.12,7.31,0,0,0,0
aten::as_strided,,,3.19,3.19,0,0,0,0
aten::copy_,,,64.67,81.98,0,0.58,0,0
aclnnInplaceCopy,,,17.31,17.31,0.58,0.58,0,0
aten::slice,,,2.93,7.09,0,0,0,0
aten::as_strided,,,4.16,4.16,0,0,0,0
aten::slice,,,4.47,8.34,0,0,0,0
aten::as_strided,,,3.87,3.87,0,0,0,0
aten::ge,,,23.59,49.06,0,4.44009375,0,0
empty_tensor,,,11.41,11.41,0,0,0,0
aclnnGeScalar,,,14.06,14.06,4.44009375,4.44009375,0,0
aten::add,,,21.07,43.53,0,2.3000625,0,0
empty_tensor,,,6.52,6.52,0,0,0,0
aten::item,,,2.31,3.87,0,0,0,0
aten::_local_scalar_dense,,,1.56,1.56,0,0,0,0
aclnnAdds,,,12.07,12.07,2.3000625,2.3000625,0,0
aten::remainder,,,54.3,77.6,0,3.94009375,0,0
empty_tensor,,,7.3,7.3,0,0,0,0
aclnnRemainderTensorScalar,,,16.0,16.0,3.94009375,3.94009375,0,0
aten::eq,,,13.27,22.75,0,2.46003125,0,0
empty_tensor,,,5.69,5.69,0,0,0,0
aclnnEqScalar,,,3.79,3.79,2.46003125,2.46003125,0,0
aten::__and__,,,2.95,35.66,0,1.5,0,0
aten::bitwise_and,,,16.9,32.71,0,1.5,0,0
empty_tensor,,,4.91,4.91,0,0,0,0
aclnnBitwiseAndTensor,,,10.9,10.9,1.5,1.5,0,0
aten::clamp_min,,,12.85,28.79,0,1.70003125,0,0
empty_tensor,,,5.81,5.81,0,0,0,0
aclnnClampMin,,,10.13,10.13,1.70003125,1.70003125,0,0
aten::div,,,22.53,43.07,0,4.94009375,0,0
empty_tensor,,,6.44,6.44,0,0,0,0
aten::item,,,2.08,3.56,0,0,0,0
aten::_local_scalar_dense,,,1.48,1.48,0,0,0,0
aclnnDivMods,,,10.54,10.54,4.94009375,4.94009375,0,0
aten::remainder,,,33.35,53.97,0,4.62009375,0,0
empty_tensor,,,6.06,6.06,0,0,0,0
aclnnRemainderTensorScalar,,,14.56,14.56,4.62009375,4.62009375,0,0
aten::mul,,,18.37,39.32,0,1.5400625,0,0
empty_tensor,,,7.39,7.39,0,0,0,0
aten::item,,,1.79,2.91,0,0,0,0
aten::_local_scalar_dense,,,1.12,1.12,0,0,0,0
aclnnMuls,,,10.65,10.65,1.5400625,1.5400625,0,0
aten::div,,,19.89,39.06,0,4.60009375,0,0
empty_tensor,,,6.95,6.95,0,0,0,0
aten::item,,,1.44,2.29,0,0,0,0
aten::_local_scalar_dense,,,0.85,0.85,0,0,0,0
aclnnDivMods,,,9.93,9.93,4.60009375,4.60009375,0,0
aten::add,,,14.45,25.42,0,1.28,0,0
empty_tensor,,,5.29,5.29,0,0,0,0
aclnnAdd,,,5.68,5.68,1.28,1.28,0,0
aten::full_like,,,4.55,44.76,0,1.52003125,0,0
aten::empty_like,,,5.6,17.71,0,0,0,0
aten::empty_strided,,,8.3,12.11,0,0,0,0
empty_tensor,,,3.81,3.81,0,0,0,0
aten::fill_,,,10.3,22.5,0,1.52003125,0,0
aclnnInplaceFillScalar,,,12.2,12.2,1.52003125,1.52003125,0,0
aten::where,,,13.83,30.34,0,1.92003125,0,0
empty_tensor,,,5.86,5.86,0,0,0,0
aclnnSWhere,,,10.65,10.65,1.92003125,1.92003125,0,0
aten::copy_,,,15.3,27.45,0,1.14003125,0,0
aclnnInplaceCopy,,,12.15,12.15,1.14003125,1.14003125,0,0
aten::slice,,,3.88,8.27,0,0,0,0
aten::as_strided,,,4.39,4.39,0,0,0,0
aten::slice,,,6.1,10.01,0,0,0,0
aten::as_strided,,,3.91,3.91,0,0,0,0
aten::div,,,25.34,42.72,0,4.0200625,0,0
aten::item,,,2.44,3.58,0,0,0,0
aten::_local_scalar_dense,,,1.14,1.14,0,0,0,0
aclnnDivMods,,,13.8,13.8,4.0200625,4.0200625,0,0
aten::slice,,,2.94,7.07,0,0,0,0
aten::as_strided,,,4.13,4.13,0,0,0,0
aten::slice,,,4.45,7.52,0,0,0,0
aten::as_strided,,,3.07,3.07,0,0,0,0
aten::slice,,,2.43,4.71,0,0,0,0
aten::as_strided,,,2.28,2.28,0,0,0,0
aten::copy_,,,61.64,75.54,0,0.6,0,0
aclnnInplaceCopy,,,13.9,13.9,0.6,0.6,0,0
aten::slice,,,3.17,7.28,0,0,0,0
aten::as_strided,,,4.11,4.11,0,0,0,0
aten::slice,,,4.59,7.11,0,0,0,0
aten::as_strided,,,2.52,2.52,0,0,0,0
aten::copy_,,,46.32,60.62,0,0.62003125,0,0
aclnnInplaceCopy,,,14.3,14.3,0.62003125,0.62003125,0,0
aten::slice,,,6.21,8.81,0,0,0,0
aten::as_strided,,,2.6,2.6,0,0,0,0
aten::div,,,13.43,30.07,0,0,0,0
aten::to,,,1.6,16.64,0,0,0,0
aten::_to_copy,,,4.45,15.04,0,0,0,0
aten::empty_strided,,,3.44,3.44,0,0,0,0
aten::copy_,,,7.15,7.15,0,0,0,0
aten::slice,,,3.84,9.17,0,0,0,0
aten::as_strided,,,5.33,5.33,0,0,0,0
aten::slice,,,5.64,11.1,0,0,0,0
aten::as_strided,,,5.46,5.46,0,0,0,0
aten::slice,,,2.9,5.99,0,0,0,0
aten::as_strided,,,3.09,3.09,0,0,0,0
aten::slice,,,2.24,4.8,0,0,0,0
aten::as_strided,,,2.56,2.56,0,0,0,0
aten::fill_,,,18.35,34.02,0,0,0,0
aclnnInplaceFillScalar,,,15.67,15.67,0,0,0,0
aten::slice,,,5.14,8.52,0,0,0,0
aten::as_strided,,,3.38,3.38,0,0,0,0
aten::fill_,,,13.65,25.54,0,0,0,0
aclnnInplaceFillScalar,,,11.89,11.89,0,0,0,0
aten::slice,,,4.59,9.38,0,0,0,0
aten::as_strided,,,4.79,4.79,0,0,0,0
aten::slice,,,2.79,5.6,0,0,0,0
aten::as_strided,,,2.81,2.81,0,0,0,0
aten::slice,,,5.36,8.05,0,0,0,0
aten::as_strided,,,2.69,2.69,0,0,0,0
aten::slice,,,2.73,6.59,0,0,0,0
aten::as_strided,,,3.86,3.86,0,0,0,0
aten::slice,,,3.05,5.48,0,0,0,0
aten::as_strided,,,2.43,2.43,0,0,0,0
aten::slice,,,2.5,5.0,0,0,0,0
aten::as_strided,,,2.5,2.5,0,0,0,0
aten::slice,,,2.11,4.01,0,0,0,0
aten::as_strided,,,1.9,1.9,0,0,0,0
aten::fill_,,,15.27,29.21,0,0,0,0
aclnnInplaceFillScalar,,,13.94,13.94,0,0,0,0
aten::slice,,,4.83,8.31,0,0,0,0
aten::as_strided,,,3.48,3.48,0,0,0,0
aten::fill_,,,11.81,22.98,0,0,0,0
aclnnInplaceFillScalar,,,11.17,11.17,0,0,0,0
aten::diff,,,8.33,34.71,0,0,0,0
aten::narrow,,,6.02,10.61,0,0,0,0
aten::slice,,,2.26,4.59,0,0,0,0
aten::as_strided,,,2.33,2.33,0,0,0,0
aten::narrow,,,1.87,4.14,0,0,0,0
aten::slice,,,1.26,2.27,0,0,0,0
aten::as_strided,,,1.01,1.01,0,0,0,0
aten::sub,,,11.63,11.63,0,0,0,0
aten::eq,,,13.02,27.6,0,0,0,0
aten::to,,,1.89,14.58,0,0,0,0
aten::_to_copy,,,4.45,12.69,0,0,0,0
aten::empty_strided,,,2.74,2.74,0,0,0,0
aten::copy_,,,5.5,5.5,0,0,0,0
aten::__and__,,,2.29,7.12,0,0,0,0
aten::bitwise_and,,,4.83,4.83,0,0,0,0
aten::gt,,,7.83,17.23,0,0,0,0
aten::to,,,1.29,9.4,0,0,0,0
aten::_to_copy,,,2.59,8.11,0,0,0,0
aten::empty_strided,,,2.36,2.36,0,0,0,0
aten::copy_,,,3.16,3.16,0,0,0,0
aten::__and__,,,1.35,4.36,0,0,0,0
aten::bitwise_and,,,3.01,3.01,0,0,0,0
aten::any,,,6.06,13.74,0,0,0,0
aten::view_as,,,2.38,4.23,0,0,0,0
aten::view,,,1.85,1.85,0,0,0,0
aten::to,,,0.48,0.48,0,0,0,0
aten::copy_,,,2.97,2.97,0,0,0,0
aten::item,,,1.82,3.01,0,0,0,0
aten::_local_scalar_dense,,,1.19,1.19,0,0,0,0
aten::slice,,,4.55,5.99,0,0,0,0
aten::as_strided,,,1.44,1.44,0,0,0,0
aten::slice,,,2.33,3.18,0,0,0,0
aten::as_strided,,,0.85,0.85,0,0,0,0
aten::sub,,,4.97,4.97,0,0,0,0
aten::select,,,3.43,4.58,0,0,0,0
aten::as_strided,,,1.15,1.15,0,0,0,0
aten::item,,,1.32,2.49,0,0,0,0
aten::_local_scalar_dense,,,1.17,1.17,0,0,0,0
aten::gt,,,6.88,15.59,0,0,0,0
aten::to,,,1.03,8.71,0,0,0,0
aten::_to_copy,,,2.74,7.68,0,0,0,0
aten::empty_strided,,,1.99,1.99,0,0,0,0
aten::copy_,,,2.95,2.95,0,0,0,0
aten::__ior__,,,2.38,6.84,0,0,0,0
aten::bitwise_or_,,,4.46,4.46,0,0,0,0
aten::any,,,4.45,10.36,0,0,0,0
aten::view_as,,,1.44,2.64,0,0,0,0
aten::view,,,1.2,1.2,0,0,0,0
aten::to,,,0.51,0.51,0,0,0,0
aten::copy_,,,2.76,2.76,0,0,0,0
aten::is_nonzero,,,1.65,3.49,0,0,0,0
aten::item,,,1.18,1.84,0,0,0,0
aten::_local_scalar_dense,,,0.66,0.66,0,0,0,0
aten::select,,,4.84,11.12,0,0,0,0
aten::as_strided,,,6.28,6.28,0,0,0,0
aten::slice,,,4.48,8.26,0,0,0,0
aten::as_strided,,,3.78,3.78,0,0,0,0
aten::slice,,,2.31,4.34,0,0,0,0
aten::as_strided,,,2.03,2.03,0,0,0,0
aten::slice,,,2.31,4.35,0,0,0,0
aten::as_strided,,,2.04,2.04,0,0,0,0
aten::copy_,,,69.52,107.82,0,0.62003125,0,0
aclnnInplaceCopy,,,38.3,38.3,0.62003125,0.62003125,0,0
aten::slice,,,7.75,11.87,0,0,0,0
aten::as_strided,,,4.12,4.12,0,0,0,0
aten::fill_,,,16.88,33.57,0,0,0,0
aclnnInplaceFillScalar,,,16.69,16.69,0,0,0,0
aten::slice,,,5.34,9.07,0,0,0,0
aten::as_strided,,,3.73,3.73,0,0,0,0
aten::slice,,,2.4,4.67,0,0,0,0
aten::as_strided,,,2.27,2.27,0,0,0,0
aten::slice,,,13.33,16.39,0,0,0,0
aten::as_strided,,,3.06,3.06,0,0,0,0
aten::copy_,,,57.99,78.13,0,0.64,0,0
aclnnInplaceCopy,,,20.14,20.14,0.64,0.64,0,0
aten::slice,,,5.64,9.54,0,0,0,0
aten::as_strided,,,3.9,3.9,0,0,0,0
aten::slice,,,2.97,6.12,0,0,0,0
aten::as_strided,,,3.15,3.15,0,0,0,0
aten::slice,,,11.15,13.97,0,0,0,0
aten::as_strided,,,2.82,2.82,0,0,0,0
aten::slice,,,2.7,8.74,0,0,0,0
aten::as_strided,,,6.04,6.04,0,0,0,0
aten::slice,,,2.67,9.22,0,0,0,0
aten::as_strided,,,6.55,6.55,0,0,0,0
aten::copy_,,,54.52,75.33,0,0.68003125,0,0
aclnnInplaceCopy,,,20.81,20.81,0.68003125,0.68003125,0,0
aten::slice,,,5.57,10.39,0,0,0,0
aten::as_strided,,,4.82,4.82,0,0,0,0
aten::slice,,,2.66,6.65,0,0,0,0
aten::as_strided,,,3.99,3.99,0,0,0,0
aten::slice,,,2.57,4.7,0,0,0,0
aten::as_strided,,,2.13,2.13,0,0,0,0
aten::sub,,,20.34,33.76,0,1.38003125,0,0
aclnnSub,,,13.42,13.42,1.38003125,1.38003125,0,0
aten::slice,,,6.46,9.3,0,0,0,0
aten::as_strided,,,2.84,2.84,0,0,0,0
aten::slice,,,2.79,7.52,0,0,0,0
aten::as_strided,,,4.73,4.73,0,0,0,0
aten::slice,,,3.02,5.73,0,0,0,0
aten::as_strided,,,2.71,2.71,0,0,0,0
aten::slice,,,2.32,4.61,0,0,0,0
aten::as_strided,,,2.29,2.29,0,0,0,0
aten::slice,,,2.54,4.46,0,0,0,0
aten::as_strided,,,1.92,1.92,0,0,0,0
aten::fill_,,,17.44,31.63,0,0,0,0
aclnnInplaceFillScalar,,,14.19,14.19,0,0,0,0
aten::slice,,,4.84,8.29,0,0,0,0
aten::as_strided,,,3.45,3.45,0,0,0,0
aten::fill_,,,12.43,24.32,0,0,0,0
aclnnInplaceFillScalar,,,11.89,11.89,0,0,0,0
aten::diff,,,7.58,32.73,0,0,0,0
aten::narrow,,,5.23,9.55,0,0,0,0
aten::slice,,,2.15,4.32,0,0,0,0
aten::as_strided,,,2.17,2.17,0,0,0,0
aten::narrow,,,2.08,3.76,0,0,0,0
aten::slice,,,1.01,1.68,0,0,0,0
aten::as_strided,,,0.67,0.67,0,0,0,0
aten::sub,,,11.84,11.84,0,0,0,0
aten::eq,,,12.06,25.94,0,0,0,0
aten::to,,,1.35,13.88,0,0,0,0
aten::_to_copy,,,4.36,12.53,0,0,0,0
aten::empty_strided,,,2.62,2.62,0,0,0,0
aten::copy_,,,5.55,5.55,0,0,0,0
aten::__and__,,,1.83,5.83,0,0,0,0
aten::bitwise_and,,,4.0,4.0,0,0,0,0
aten::gt,,,7.4,15.78,0,0,0,0
aten::to,,,1.29,8.38,0,0,0,0
aten::_to_copy,,,2.28,7.09,0,0,0,0
aten::empty_strided,,,2.29,2.29,0,0,0,0
aten::copy_,,,2.52,2.52,0,0,0,0
aten::__and__,,,1.12,4.0,0,0,0,0
aten::bitwise_and,,,2.88,2.88,0,0,0,0
aten::any,,,5.19,12.15,0,0,0,0
aten::view_as,,,1.78,3.91,0,0,0,0
aten::view,,,2.13,2.13,0,0,0,0
aten::to,,,0.36,0.36,0,0,0,0
aten::copy_,,,2.69,2.69,0,0,0,0
aten::item,,,1.56,2.83,0,0,0,0
aten::_local_scalar_dense,,,1.27,1.27,0,0,0,0
aten::slice,,,4.43,5.96,0,0,0,0
aten::as_strided,,,1.53,1.53,0,0,0,0
aten::slice,,,2.16,3.38,0,0,0,0
aten::as_strided,,,1.22,1.22,0,0,0,0
aten::sub,,,4.68,4.68,0,0,0,0
aten::select,,,2.61,4.12,0,0,0,0
aten::as_strided,,,1.51,1.51,0,0,0,0
aten::item,,,1.07,2.06,0,0,0,0
aten::_local_scalar_dense,,,0.99,0.99,0,0,0,0
aten::gt,,,7.48,16.18,0,0,0,0
aten::to,,,0.9,8.7,0,0,0,0
aten::_to_copy,,,3.2,7.8,0,0,0,0
aten::empty_strided,,,1.71,1.71,0,0,0,0
aten::copy_,,,2.89,2.89,0,0,0,0
aten::__ior__,,,2.09,6.04,0,0,0,0
aten::bitwise_or_,,,3.95,3.95,0,0,0,0
aten::any,,,4.63,10.32,0,0,0,0
aten::view_as,,,1.29,2.42,0,0,0,0
aten::view,,,1.13,1.13,0,0,0,0
aten::to,,,0.77,0.77,0,0,0,0
aten::copy_,,,2.5,2.5,0,0,0,0
aten::is_nonzero,,,1.32,3.88,0,0,0,0
aten::item,,,1.08,2.56,0,0,0,0
aten::_local_scalar_dense,,,1.48,1.48,0,0,0,0
aten::select,,,4.43,11.08,0,0,0,0
aten::as_strided,,,6.65,6.65,0,0,0,0
aten::slice,,,4.65,8.78,0,0,0,0
aten::as_strided,,,4.13,4.13,0,0,0,0
aten::slice,,,2.5,4.75,0,0,0,0
aten::as_strided,,,2.25,2.25,0,0,0,0
aten::slice,,,2.23,4.42,0,0,0,0
aten::as_strided,,,2.19,2.19,0,0,0,0
aten::copy_,,,67.46,87.55,0,0.6,0,0
aclnnInplaceCopy,,,20.09,20.09,0.6,0.6,0,0
aten::slice,,,6.03,10.09,0,0,0,0
aten::as_strided,,,4.06,4.06,0,0,0,0
aten::fill_,,,15.11,28.65,0,0,0,0
aclnnInplaceFillScalar,,,13.54,13.54,0,0,0,0
aten::slice,,,5.58,9.75,0,0,0,0
aten::as_strided,,,4.17,4.17,0,0,0,0
aten::slice,,,2.6,5.93,0,0,0,0
aten::as_strided,,,3.33,3.33,0,0,0,0
aten::slice,,,2.46,5.01,0,0,0,0
aten::as_strided,,,2.55,2.55,0,0,0,0
aten::copy_,,,54.95,68.77,0,0.58,0,0
aclnnInplaceCopy,,,13.82,13.82,0.58,0.58,0,0
aten::slice,,,5.28,9.28,0,0,0,0
aten::as_strided,,,4.0,4.0,0,0,0,0
aten::slice,,,3.19,6.44,0,0,0,0
aten::as_strided,,,3.25,3.25,0,0,0,0
aten::slice,,,3.42,6.41,0,0,0,0
aten::as_strided,,,2.99,2.99,0,0,0,0
aten::slice,,,2.42,4.87,0,0,0,0
aten::as_strided,,,2.45,2.45,0,0,0,0
aten::slice,,,2.42,5.07,0,0,0,0
aten::as_strided,,,2.65,2.65,0,0,0,0
aten::copy_,,,49.39,63.87,0,0.66,0,0
aclnnInplaceCopy,,,14.48,14.48,0.66,0.66,0,0
aten::slice,,,5.19,8.64,0,0,0,0
aten::as_strided,,,3.45,3.45,0,0,0,0
aten::slice,,,2.6,5.13,0,0,0,0
aten::as_strided,,,2.53,2.53,0,0,0,0
aten::slice,,,2.25,4.61,0,0,0,0
aten::as_strided,,,2.36,2.36,0,0,0,0
aten::sub,,,17.76,29.88,0,1.34003125,0,0
aclnnSub,,,12.12,12.12,1.34003125,1.34003125,0,0
aten::slice,,,7.2,10.1,0,0,0,0
aten::as_strided,,,2.9,2.9,0,0,0,0
aten::slice,,,3.02,7.77,0,0,0,0
aten::as_strided,,,4.75,4.75,0,0,0,0
aten::slice,,,2.74,5.37,0,0,0,0
aten::as_strided,,,2.63,2.63,0,0,0,0
aten::slice,,,2.16,4.23,0,0,0,0
aten::as_strided,,,2.07,2.07,0,0,0,0
aten::slice,,,2.33,4.35,0,0,0,0
aten::as_strided,,,2.02,2.02,0,0,0,0
aten::fill_,,,16.12,30.08,0,0,0,0
aclnnInplaceFillScalar,,,13.96,13.96,0,0,0,0
aten::slice,,,5.07,8.16,0,0,0,0
aten::as_strided,,,3.09,3.09,0,0,0,0
aten::fill_,,,11.72,22.32,0,0,0,0
aclnnInplaceFillScalar,,,10.6,10.6,0,0,0,0
aten::diff,,,7.18,33.69,0,0,0,0
aten::narrow,,,5.73,11.18,0,0,0,0
aten::slice,,,2.62,5.45,0,0,0,0
aten::as_strided,,,2.83,2.83,0,0,0,0
aten::narrow,,,2.03,4.01,0,0,0,0
aten::slice,,,1.05,1.98,0,0,0,0
aten::as_strided,,,0.93,0.93,0,0,0,0
aten::sub,,,11.32,11.32,0,0,0,0
aten::eq,,,11.46,25.89,0,0,0,0
aten::to,,,1.62,14.43,0,0,0,0
aten::_to_copy,,,4.51,12.81,0,0,0,0
aten::empty_strided,,,3.03,3.03,0,0,0,0
aten::copy_,,,5.27,5.27,0,0,0,0
aten::__and__,,,2.11,6.21,0,0,0,0
aten::bitwise_and,,,4.1,4.1,0,0,0,0
aten::gt,,,6.93,15.02,0,0,0,0
aten::to,,,0.82,8.09,0,0,0,0
aten::_to_copy,,,2.61,7.27,0,0,0,0
aten::empty_strided,,,1.9,1.9,0,0,0,0
aten::copy_,,,2.76,2.76,0,0,0,0
aten::__and__,,,1.17,4.18,0,0,0,0
aten::bitwise_and,,,3.01,3.01,0,0,0,0
aten::any,,,5.09,12.49,0,0,0,0
aten::view_as,,,2.15,4.01,0,0,0,0
aten::view,,,1.86,1.86,0,0,0,0
aten::to,,,0.57,0.57,0,0,0,0
aten::copy_,,,2.82,2.82,0,0,0,0
aten::item,,,1.86,3.1,0,0,0,0
aten::_local_scalar_dense,,,1.24,1.24,0,0,0,0
aten::slice,,,4.68,6.18,0,0,0,0
aten::as_strided,,,1.5,1.5,0,0,0,0
aten::slice,,,2.13,2.94,0,0,0,0
aten::as_strided,,,0.81,0.81,0,0,0,0
aten::sub,,,5.0,5.0,0,0,0,0
aten::select,,,2.89,3.99,0,0,0,0
aten::as_strided,,,1.1,1.1,0,0,0,0
aten::item,,,1.01,2.37,0,0,0,0
aten::_local_scalar_dense,,,1.36,1.36,0,0,0,0
aten::gt,,,7.12,15.69,0,0,0,0
aten::to,,,1.04,8.57,0,0,0,0
aten::_to_copy,,,2.69,7.53,0,0,0,0
aten::empty_strided,,,1.98,1.98,0,0,0,0
aten::copy_,,,2.86,2.86,0,0,0,0
aten::__ior__,,,2.06,6.06,0,0,0,0
aten::bitwise_or_,,,4.0,4.0,0,0,0,0
aten::any,,,4.54,10.46,0,0,0,0
aten::view_as,,,1.43,2.87,0,0,0,0
aten::view,,,1.44,1.44,0,0,0,0
aten::to,,,0.44,0.44,0,0,0,0
aten::copy_,,,2.61,2.61,0,0,0,0
aten::is_nonzero,,,1.32,3.32,0,0,0,0
aten::item,,,1.21,2.0,0,0,0,0
aten::_local_scalar_dense,,,0.79,0.79,0,0,0,0
aten::select,,,4.41,10.93,0,0,0,0
aten::as_strided,,,6.52,6.52,0,0,0,0
aten::slice,,,4.47,8.84,0,0,0,0
aten::as_strided,,,4.37,4.37,0,0,0,0
aten::slice,,,2.49,4.78,0,0,0,0
aten::as_strided,,,2.29,2.29,0,0,0,0
aten::slice,,,2.7,4.78,0,0,0,0
aten::as_strided,,,2.08,2.08,0,0,0,0
aten::copy_,,,67.88,88.53,0,0.62,0,0
aclnnInplaceCopy,,,20.65,20.65,0.62,0.62,0,0
aten::slice,,,5.78,9.83,0,0,0,0
aten::as_strided,,,4.05,4.05,0,0,0,0
aten::fill_,,,14.58,28.07,0,0,0,0
aclnnInplaceFillScalar,,,13.49,13.49,0,0,0,0
aten::slice,,,4.5,8.61,0,0,0,0
aten::as_strided,,,4.11,4.11,0,0,0,0
aten::slice,,,2.61,5.1,0,0,0,0
aten::as_strided,,,2.49,2.49,0,0,0,0
aten::slice,,,2.34,4.47,0,0,0,0
aten::as_strided,,,2.13,2.13,0,0,0,0
aten::copy_,,,54.32,67.51,0,0.68003125,0,0
aclnnInplaceCopy,,,13.19,13.19,0.68003125,0.68003125,0,0
aten::slice,,,5.42,9.71,0,0,0,0
aten::as_strided,,,4.29,4.29,0,0,0,0
aten::slice,,,3.04,6.32,0,0,0,0
aten::as_strided,,,3.28,3.28,0,0,0,0
aten::slice,,,3.16,5.86,0,0,0,0
aten::as_strided,,,2.7,2.7,0,0,0,0
aten::slice,,,2.23,4.41,0,0,0,0
aten::as_strided,,,2.18,2.18,0,0,0,0
aten::slice,,,1.99,4.31,0,0,0,0
aten::as_strided,,,2.32,2.32,0,0,0,0
aten::copy_,,,65.84,82.16,0,0.6,0,0
aclnnInplaceCopy,,,16.32,16.32,0.6,0.6,0,0
aten::slice,,,5.55,9.66,0,0,0,0
aten::as_strided,,,4.11,4.11,0,0,0,0
aten::slice,,,2.5,4.9,0,0,0,0
aten::as_strided,,,2.4,2.4,0,0,0,0
aten::slice,,,2.67,5.24,0,0,0,0
aten::as_strided,,,2.57,2.57,0,0,0,0
aten::sub,,,18.13,30.02,0,1.38003125,0,0
aclnnSub,,,11.89,11.89,1.38003125,1.38003125,0,0
Event::record,,,155.82,178.89,0,0.02,0,0
record_event,,,23.07,23.07,0.02,0.02,0,0
aten::slice,,,7.68,15.19,0,0,0,0
aten::as_strided,,,7.51,7.51,0,0,0,0
aten::slice,,,3.23,6.2,0,0,0,0
aten::as_strided,,,2.97,2.97,0,0,0,0
aten::slice,,,6.41,13.52,0,0,0,0
aten::as_strided,,,7.11,7.11,0,0,0,0
aten::scalar_tensor,,,6.53,60.57,0,1.36003125,0,0
aten::empty,,,3.29,16.6,0,0,0,0
empty_tensor,,,13.31,13.31,0,0,0,0
aten::fill_,,,18.0,37.44,0,1.36003125,0,0
aclnnInplaceFillScalar,,,19.44,19.44,1.36003125,1.36003125,0,0
aten::view,,,4.58,4.58,0,0,0,0
aten::expand,,,3.02,5.15,0,0,0,0
aten::as_strided,,,2.13,2.13,0,0,0,0
aten::copy_,,,56.49,74.0,0,0.58,0,0
aclnnInplaceCopy,,,17.51,17.51,0.58,0.58,0,0
aten::scalar_tensor,,,5.38,41.34,0,1.26,0,0
aten::empty,,,2.73,11.55,0,0,0,0
empty_tensor,,,8.82,8.82,0,0,0,0
aten::fill_,,,12.77,24.41,0,1.26,0,0
aclnnInplaceFillScalar,,,11.64,11.64,1.26,1.26,0,0
aten::slice,,,7.04,12.89,0,0,0,0
aten::as_strided,,,5.85,5.85,0,0,0,0
aten::view,,,2.52,2.52,0,0,0,0
aten::expand,,,1.86,3.71,0,0,0,0
aten::as_strided,,,1.85,1.85,0,0,0,0
aten::copy_,,,2.19,2.19,0,0,0,0
aten::index,,,39.22,74.25,0,11.22021875,0,0
empty_tensor,,,7.98,7.98,0,0,0,0
empty_tensor,,,9.4,9.4,0,0,0,0
aclnnIndex,,,17.65,17.65,11.22021875,11.22021875,0,0
aten::linear,,,8.12,86.87,0,902.23803125,0,902.23803125
aten::t,,,6.92,17.44,0,0,0,0
aten::transpose,,,4.0,10.52,0,0,0,0
aten::as_strided,,,6.52,6.52,0,0,0,0
aten::matmul,,,24.75,61.31,0,902.23803125,0,902.23803125
empty_tensor,,,9.26,9.26,0,0,0,0
aclnnMatmul,,,27.3,27.3,902.23803125,902.23803125,902.23803125,902.23803125
aten::alias,,,2.81,2.81,0,0,0,0
aten::log_softmax,,,8.77,122.16,0,51.76103125,0,0
aten::to,,,3.6,74.99,0,7.86015625,0,0
aten::_to_copy,,,7.77,71.39,0,7.86015625,0,0
aten::empty_strided,,,12.69,20.62,0,0,0,0
empty_tensor,,,7.93,7.93,0,0,0,0
aten::copy_,,,22.4,43.0,0,7.86015625,0,0
aclnnInplaceCopy,,,20.6,20.6,7.86015625,7.86015625,0,0
aten::_log_softmax,,,20.14,38.4,0,43.900875,0,0
empty_tensor,,,7.73,7.73,0,0,0,0
aclnnLogSoftmax,,,10.53,10.53,43.900875,43.900875,0,0
aten::to,,,1.7,45.28,0,2.5400625,0,0
aten::_to_copy,,,4.77,43.58,0,2.5400625,0,0
aten::empty_strided,,,7.31,12.83,0,0,0,0
empty_tensor,,,5.52,5.52,0,0,0,0
aten::copy_,,,15.62,25.98,0,2.5400625,0,0
aclnnInplaceCopy,,,10.36,10.36,2.5400625,2.5400625,0,0
aten::argmax,,,8.22,60.19,0,20.380374999999997,0,0
aten::empty,,,2.42,9.97,0,0,0,0
empty_tensor,,,7.55,7.55,0,0,0,0
aten::argmax,,,24.41,42.0,0,20.380374999999997,0,0
aten::reshape,,,1.55,6.73,0,0,0,0
aten::view,,,5.18,5.18,0,0,0,0
aclnnArgMax,,,10.86,10.86,20.380374999999997,20.380374999999997,0,0
aten::view,,,3.76,3.76,0,0,0,0
aten::to,,,1.96,1.96,0,0,0,0
aten::topk,,,22.87,45.95,0,31.920656249999997,0,0
empty_tensor,,,7.29,7.29,0,0,0,0
empty_tensor,,,4.76,4.76,0,0,0,0
aclnnTopk,,,11.03,11.03,31.920656249999997,31.920656249999997,0,0
aten::unsqueeze,,,3.45,8.7,0,0,0,0
aten::as_strided,,,5.25,5.25,0,0,0,0
aten::gather,,,19.83,29.87,0,5.640125,0,0
empty_tensor,,,6.43,6.43,0,0,0,0
aclnnGather,,,3.61,3.61,5.640125,5.640125,0,0
TorchDynamo Cache Lookup,,,37.21,37.21,0,0,0,0
Torch-Compiled Region: 0/0,,,107.86,197.67,0,35.4406875,0,0
aten::_assert_scalar,,,3.47,3.47,0,0,0,0
aten::_assert_scalar,,,0.89,0.89,0,0,0,0
aten::_assert_scalar,,,1.2,1.2,0,0,0,0
aten::ge,,,19.56,46.26,0,7.78015625,0,0
empty_tensor,,,11.51,11.51,0,0,0,0
aclnnGeTensor,,,15.19,15.19,7.78015625,7.78015625,0,0
aten::sum,,,19.31,37.99,0,27.66053125,0,0
empty_tensor,,,7.13,7.13,0,0,0,0
aclnnReduceSum,,,11.55,11.55,27.66053125,27.66053125,0,0
aten::cat,,,21.84,41.72,0,2.4600625,0,0
empty_tensor,,,8.21,8.21,0,0,0,0
aclnnCat,,,11.67,11.67,2.4600625,2.4600625,0,0
aten::cat,,,11.87,28.27,0,1.84,0,0
empty_tensor,,,6.72,6.72,0,0,0,0
aclnnCat,,,9.68,9.68,1.84,1.84,0,0
aten::to,,,2.48,47.54,0,1.3400625,0,0
aten::_to_copy,,,5.9,45.06,0,1.3400625,0,0
aten::empty_strided,,,7.57,11.76,0,0,0,0
empty_tensor,,,4.19,4.19,0,0,0,0
aten::copy_,,,15.75,27.4,0,1.3400625,0,0
aclnnInplaceCopy,,,11.65,11.65,1.3400625,1.3400625,0,0
aten::to,,,1.41,43.8,0,1.36,0,0
aten::_to_copy,,,4.69,42.39,0,1.36,0,0
aten::empty_strided,,,7.08,11.66,0,0,0,0
empty_tensor,,,4.58,4.58,0,0,0,0
aten::copy_,,,14.19,26.04,0,1.36,0,0
aclnnInplaceCopy,,,11.85,11.85,1.36,1.36,0,0
aten::unsqueeze,,,3.17,7.64,0,0,0,0
aten::as_strided,,,4.47,4.47,0,0,0,0
Event::record,,,143.39,162.76,0,0.02,0,0
record_event,,,19.37,19.37,0.02,0.02,0,0
aten::slice,,,5.08,13.66,0,0,0,0
aten::as_strided,,,8.58,8.58,0,0,0,0
Event::wait,,,71.17,93.26,0,2095.96190625,0,0
wait_event,,,22.09,22.09,2095.96190625,2095.96190625,0,0
Event::record,,,90.62,111.57,0,0.02,0,0
record_event,,,20.95,20.95,0.02,0.02,0,0
Event::wait,,,57.0,72.7,0,1740.91478125,0,0
wait_event,,,15.7,15.7,1740.91478125,1740.91478125,0,0
destroy_event,,,10.47,10.47,0,0,0,0
aten::to,,,3.76,70.93,0,1.88003125,0,0
aten::_to_copy,,,7.71,67.17,0,1.88003125,0,0
aten::empty_strided,,,28.49,28.49,0,0,0,0
aten::copy_,,,20.0,30.97,0,1.88003125,0,0
acl_memcpy_device_to_host,,,10.97,10.97,1.88003125,1.88003125,0,0
aten::to,,,2.4,38.79,0,1.88003125,0,0
aten::_to_copy,,,4.75,36.39,0,1.88003125,0,0
aten::empty_strided,,,3.75,3.75,0,0,0,0
aten::copy_,,,15.51,27.89,0,1.88003125,0,0
acl_memcpy_device_to_host,,,12.38,12.38,1.88003125,1.88003125,0,0
aten::to,,,1.94,31.12,0,2.04003125,0,0
aten::_to_copy,,,3.48,29.18,0,2.04003125,0,0
aten::empty_strided,,,2.66,2.66,0,0,0,0
aten::copy_,,,11.85,23.04,0,2.04003125,0,0
acl_memcpy_device_to_host,,,11.19,11.19,2.04003125,2.04003125,0,0
aten::to,,,1.86,30.08,0,2.06003125,0,0
aten::_to_copy,,,3.56,28.22,0,2.06003125,0,0
aten::empty_strided,,,2.99,2.99,0,0,0,0
aten::copy_,,,11.38,21.67,0,2.06003125,0,0
acl_memcpy_device_to_host,,,10.29,10.29,2.06003125,2.06003125,0,0
Event::record,,,170.58,186.81,0,0.02,0,0
record_event,,,16.23,16.23,0.02,0.02,0,0
Event::synchronize,,,81.29,81.29,0,0,0,0
aten::resolve_conj,,,1.78,1.78,0,0,0,0
aten::resolve_neg,,,0.67,0.67,0,0,0,0
aten::to,,,3.16,3.16,0,0,0,0
aten::detach,,,3.4,3.4,0,0,0,0
aten::to,,,0.56,0.56,0,0,0,0
aten::resolve_conj,,,1.08,1.08,0,0,0,0
aten::resolve_neg,,,0.32,0.32,0,0,0,0
aten::to,,,1.05,1.05,0,0,0,0
aten::detach,,,1.65,1.65,0,0,0,0
aten::to,,,0.55,0.55,0,0,0,0
aten::resolve_conj,,,0.48,0.48,0,0,0,0
aten::resolve_neg,,,0.32,0.32,0,0,0,0
aten::to,,,1.05,1.05,0,0,0,0
aten::detach,,,1.82,1.82,0,0,0,0
aten::to,,,0.49,0.49,0,0,0,0
aten::resolve_conj,,,0.4,0.4,0,0,0,0
aten::resolve_neg,,,0.31,0.31,0,0,0,0
destroy_event,,,22.62,22.62,0,0,0,0
record_event,,,12.25,12.25,0.02,0.02,0,0
Event::synchronize,,,128.94,128.94,0,0,0,0
aten::slice,,,11.5,17.08,0,0,0,0
aten::as_strided,,,5.58,5.58,0,0,0,0
aten::slice,,,3.42,10.7,0,0,0,0
aten::as_strided,,,7.28,7.28,0,0,0,0
aten::pin_memory,,,73.44,92.49,0,0,0,0
aten::is_pinned,,,19.05,19.05,0,0,0,0
aten::copy_,,,30.87,49.91,0,2.26003125,0,0
acl_memcpy_host_to_device,,,19.04,19.04,2.26003125,2.26003125,0,0
aten::slice,,,9.59,12.97,0,0,0,0
aten::as_strided,,,3.38,3.38,0,0,0,0
aten::slice,,,3.5,9.83,0,0,0,0
aten::as_strided,,,6.33,6.33,0,0,0,0
aten::pin_memory,,,5.41,33.46,0,0,0,0
aten::is_pinned,,,28.05,28.05,0,0,0,0
aten::copy_,,,19.91,35.5,0,2.32003125,0,0
acl_memcpy_host_to_device,,,15.59,15.59,2.32003125,2.32003125,0,0
aten::slice,,,7.23,10.74,0,0,0,0
aten::as_strided,,,3.51,3.51,0,0,0,0
aten::slice,,,3.13,8.09,0,0,0,0
aten::as_strided,,,4.96,4.96,0,0,0,0
aten::pin_memory,,,3.4,13.41,0,0,0,0
aten::is_pinned,,,10.01,10.01,0,0,0,0
aten::copy_,,,15.85,35.24,0,2.34003125,0,0
acl_memcpy_host_to_device,,,19.39,19.39,2.34003125,2.34003125,0,0
aten::slice,,,6.03,8.72,0,0,0,0
aten::as_strided,,,2.69,2.69,0,0,0,0
aten::slice,,,3.04,7.87,0,0,0,0
aten::as_strided,,,4.83,4.83,0,0,0,0
aten::pin_memory,,,3.33,12.92,0,0,0,0
aten::is_pinned,,,9.59,9.59,0,0,0,0
aten::copy_,,,15.15,29.96,0,2.3400625,0,0
acl_memcpy_host_to_device,,,14.81,14.81,2.3400625,2.3400625,0,0
aten::slice,,,5.58,8.7,0,0,0,0
aten::as_strided,,,3.12,3.12,0,0,0,0
aten::slice,,,2.98,7.08,0,0,0,0
aten::as_strided,,,4.1,4.1,0,0,0,0
aten::pin_memory,,,3.04,11.45,0,0,0,0
aten::is_pinned,,,8.41,8.41,0,0,0,0
aten::copy_,,,15.09,29.6,0,2.32003125,0,0
acl_memcpy_host_to_device,,,14.51,14.51,2.32003125,2.32003125,0,0
aten::slice,,,11.94,15.33,0,0,0,0
aten::as_strided,,,3.39,3.39,0,0,0,0
aten::slice,,,3.37,10.5,0,0,0,0
aten::as_strided,,,7.13,7.13,0,0,0,0
aten::pin_memory,,,4.48,20.34,0,0,0,0
aten::is_pinned,,,15.86,15.86,0,0,0,0
aten::copy_,,,19.21,41.75,0,2.32003125,0,0
acl_memcpy_host_to_device,,,22.54,22.54,2.32003125,2.32003125,0,0
aten::slice,,,7.01,13.78,0,0,0,0
aten::as_strided,,,6.77,6.77,0,0,0,0
aten::lift_fresh,,,1.37,1.37,0,0,0,0
aten::lift_fresh,,,0.85,0.85,0,0,0,0
aten::flatten,,,3.71,10.43,0,0,0,0
aten::view,,,6.72,6.72,0,0,0,0
aten::slice,,,3.67,5.28,0,0,0,0
aten::as_strided,,,1.61,1.61,0,0,0,0
aten::index_select,,,8.18,8.18,0,0,0,0
aten::pin_memory,,,4.07,18.35,0,0,0,0
aten::is_pinned,,,14.28,14.28,0,0,0,0
aten::copy_,,,18.4,39.67,0,2.36003125,0,0
acl_memcpy_host_to_device,,,21.27,21.27,2.36003125,2.36003125,0,0
aten::pin_memory,,,4.3,14.46,0,0,0,0
aten::is_pinned,,,10.16,10.16,0,0,0,0
aten::copy_,,,15.92,30.53,0,2.16003125,0,0
acl_memcpy_host_to_device,,,14.61,14.61,2.16003125,2.16003125,0,0
aten::slice,,,6.69,9.49,0,0,0,0
aten::as_strided,,,2.8,2.8,0,0,0,0
aten::lift_fresh,,,1.01,1.01,0,0,0,0
aten::slice,,,3.68,4.93,0,0,0,0
aten::as_strided,,,1.25,1.25,0,0,0,0
aten::add,,,16.98,16.98,0,0,0,0
aten::slice,,,3.53,5.02,0,0,0,0
aten::as_strided,,,1.49,1.49,0,0,0,0
aten::fill_,,,5.15,5.15,0,0,0,0
aten::slice,,,3.72,10.28,0,0,0,0
aten::as_strided,,,6.56,6.56,0,0,0,0
aten::fill_,,,20.78,41.82,0,1.48003125,0,0
aclnnInplaceFillScalar,,,21.04,21.04,1.48003125,1.48003125,0,0
aten::slice,,,7.0,13.74,0,0,0,0
aten::as_strided,,,6.74,6.74,0,0,0,0
aten::select,,,3.97,7.8,0,0,0,0
aten::as_strided,,,3.83,3.83,0,0,0,0
aten::copy_,,,73.38,94.43,0,0.60003125,0,0
aclnnInplaceCopy,,,21.05,21.05,0.60003125,0.60003125,0,0
aten::slice,,,7.81,11.05,0,0,0,0
aten::as_strided,,,3.24,3.24,0,0,0,0
aten::detach,,,25.2,25.2,0,0,0,0
aten::to,,,1.94,1.94,0,0,0,0
aten::resolve_conj,,,0.92,0.92,0,0,0,0
aten::resolve_neg,,,0.63,0.63,0,0,0,0
aten::slice,,,6.97,9.83,0,0,0,0
aten::as_strided,,,2.86,2.86,0,0,0,0
aten::slice,,,3.16,8.72,0,0,0,0
aten::as_strided,,,5.56,5.56,0,0,0,0
aten::pin_memory,,,4.31,20.09,0,0,0,0
aten::is_pinned,,,15.78,15.78,0,0,0,0
aten::copy_,,,3.95,3.95,0,0,0,0
aten::slice,,,5.62,7.7,0,0,0,0
aten::as_strided,,,2.08,2.08,0,0,0,0
aten::slice,,,2.75,6.16,0,0,0,0
aten::as_strided,,,3.41,3.41,0,0,0,0
aten::pin_memory,,,3.4,12.6,0,0,0,0
aten::is_pinned,,,9.2,9.2,0,0,0,0
aten::copy_,,,16.76,36.28,0,2.5600625,0,0
acl_memcpy_host_to_device,,,19.52,19.52,2.5600625,2.5600625,0,0
aten::fill_,,,21.72,37.56,0,1.54003125,0,0
aclnnInplaceFillScalar,,,15.84,15.84,1.54003125,1.54003125,0,0
aten::slice,,,6.67,10.99,0,0,0,0
aten::as_strided,,,4.32,4.32,0,0,0,0
aten::slice,,,21.36,23.86,0,0,0,0
aten::as_strided,,,2.5,2.5,0,0,0,0
aten::copy_,,,20.17,33.44,0,2.28003125,0,0
acl_memcpy_host_to_device,,,13.27,13.27,2.28003125,2.28003125,0,0
aten::slice,,,6.42,8.81,0,0,0,0
aten::as_strided,,,2.39,2.39,0,0,0,0
aten::slice,,,2.65,6.6,0,0,0,0
aten::as_strided,,,3.95,3.95,0,0,0,0
aten::pin_memory,,,3.96,14.33,0,0,0,0
aten::is_pinned,,,10.37,10.37,0,0,0,0
aten::copy_,,,15.59,32.5,0,2.36003125,0,0
acl_memcpy_host_to_device,,,16.91,16.91,2.36003125,2.36003125,0,0
aten::slice,,,6.17,11.33,0,0,0,0
aten::as_strided,,,5.16,5.16,0,0,0,0
aten::slice,,,2.79,4.52,0,0,0,0
aten::as_strided,,,1.73,1.73,0,0,0,0
aten::slice,,,2.66,4.98,0,0,0,0
aten::as_strided,,,2.32,2.32,0,0,0,0
aten::pin_memory,,,3.39,13.0,0,0,0,0
aten::is_pinned,,,9.61,9.61,0,0,0,0
aten::copy_,,,15.64,32.81,0,2.3400625,0,0
acl_memcpy_host_to_device,,,17.17,17.17,2.3400625,2.3400625,0,0
aten::slice,,,5.89,7.9,0,0,0,0
aten::as_strided,,,2.01,2.01,0,0,0,0
aten::slice,,,2.85,7.58,0,0,0,0
aten::as_strided,,,4.73,4.73,0,0,0,0
aten::pin_memory,,,3.1,12.1,0,0,0,0
aten::is_pinned,,,9.0,9.0,0,0,0,0
aten::copy_,,,14.26,29.82,0,2.3200625,0,0
acl_memcpy_host_to_device,,,15.56,15.56,2.3200625,2.3200625,0,0
aten::slice,,,4.77,8.79,0,0,0,0
aten::as_strided,,,4.02,4.02,0,0,0,0
aten::index,,,37.5,71.71,0,10.72021875,0,0
empty_tensor,,,8.25,8.25,0,0,0,0
empty_tensor,,,9.04,9.04,0,0,0,0
aclnnIndex,,,16.92,16.92,10.72021875,10.72021875,0,0
aten::to,,,2.54,56.5,0,1.26,0,0
aten::_to_copy,,,6.42,53.96,0,1.26,0,0
aten::empty_strided,,,9.34,14.73,0,0,0,0
empty_tensor,,,5.39,5.39,0,0,0,0
aten::copy_,,,17.7,32.81,0,1.26,0,0
aclnnInplaceCopy,,,15.11,15.11,1.26,1.26,0,0
aten::slice,,,6.93,27.77,0,0,0,0
aten::as_strided,,,20.84,20.84,0,0,0,0
aten::add,,,21.23,42.89,0,2.6000625,0,0
empty_tensor,,,8.12,8.12,0,0,0,0
aclnnAdd,,,13.54,13.54,2.6000625,2.6000625,0,0
aten::slice,,,6.97,12.46,0,0,0,0
aten::as_strided,,,5.49,5.49,0,0,0,0
aten::copy_,,,59.99,75.14,0,0.60003125,0,0
aclnnInplaceCopy,,,15.15,15.15,0.60003125,0.60003125,0,0
aten::slice,,,24.83,28.84,0,0,0,0
aten::as_strided,,,4.01,4.01,0,0,0,0
aten::add,,,23.84,49.99,0,1.52003125,0,0
empty_tensor,,,10.13,10.13,0,0,0,0
aclnnAdd,,,16.02,16.02,1.52003125,1.52003125,0,0
aten::slice,,,6.7,28.08,0,0,0,0
aten::as_strided,,,21.38,21.38,0,0,0,0
aten::copy_,,,53.77,76.51,0,0.6,0,0
aclnnInplaceCopy,,,22.74,22.74,0.6,0.6,0,0
aten::slice,,,6.83,29.15,0,0,0,0
aten::as_strided,,,22.32,22.32,0,0,0,0
aten::fill_,,,15.42,31.64,0,1.36003125,0,0
aclnnInplaceFillScalar,,,16.22,16.22,1.36003125,1.36003125,0,0
aten::slice,,,19.54,23.65,0,0,0,0
aten::as_strided,,,4.11,4.11,0,0,0,0
aten::slice,,,3.51,14.72,0,0,0,0
aten::as_strided,,,11.21,11.21,0,0,0,0
_compute_slot_mapping_fused_groups_kernel,,,29.96,29.96,21.9404375,21.9404375,0,0
aten::slice,,,9.4,18.28,0,0,0,0
aten::as_strided,,,8.88,8.88,0,0,0,0
aten::sub,,,29.0,64.28,0,1.8000625,0,0
empty_tensor,,,12.56,12.56,0,0,0,0
aten::item,,,2.54,4.18,0,0,0,0
aten::_local_scalar_dense,,,1.64,1.64,0,0,0,0
aclnnSubs,,,18.54,18.54,1.8000625,1.8000625,0,0
aten::pin_memory,,,7.45,27.99,0,0,0,0
aten::is_pinned,,,20.54,20.54,0,0,0,0
aten::copy_,,,21.77,44.07,0,2.5600625,0,0
acl_memcpy_host_to_device,,,22.3,22.3,2.5600625,2.5600625,0,0
aten::detach,,,5.16,5.16,0,0,0,0
aten::to,,,2.09,2.09,0,0,0,0
aten::resolve_conj,,,0.79,0.79,0,0,0,0
aten::resolve_neg,,,0.86,0.86,0,0,0,0
aten::slice,,,40.05,48.73,0,0,0,0
aten::as_strided,,,8.68,8.68,0,0,0,0
aten::slice,,,4.11,9.2,0,0,0,0
aten::as_strided,,,5.09,5.09,0,0,0,0
aten::slice,,,2.99,5.24,0,0,0,0
aten::as_strided,,,2.25,2.25,0,0,0,0
aten::fill_,,,21.24,38.35,0,0,0,0
aclnnInplaceFillScalar,,,17.11,17.11,0,0,0,0
aten::slice,,,4.28,7.64,0,0,0,0
aten::as_strided,,,3.36,3.36,0,0,0,0
aten::fill_,,,13.61,25.66,0,0,0,0
aclnnInplaceFillScalar,,,12.05,12.05,0,0,0,0
aten::slice,,,4.25,6.84,0,0,0,0
aten::as_strided,,,2.59,2.59,0,0,0,0
aten::slice,,,2.71,3.57,0,0,0,0
aten::as_strided,,,0.86,0.86,0,0,0,0
aten::lt,,,13.56,13.56,0,0,0,0
aten::lift_fresh,,,1.0,1.0,0,0,0,0
aten::slice,,,1.65,3.55,0,0,0,0
aten::as_strided,,,1.9,1.9,0,0,0,0
aten::fill_,,,2.31,9.21,0,0,0,0
aten::copy_,,,6.9,6.9,0,0,0,0
aten::slice,,,3.13,4.87,0,0,0,0
aten::as_strided,,,1.74,1.74,0,0,0,0
aten::slice,,,2.53,6.94,0,0,0,0
aten::as_strided,,,4.41,4.41,0,0,0,0
aten::slice,,,2.83,4.78,0,0,0,0
aten::as_strided,,,1.95,1.95,0,0,0,0
aten::slice,,,2.87,5.29,0,0,0,0
aten::as_strided,,,2.42,2.42,0,0,0,0
aten::slice,,,1.87,2.64,0,0,0,0
aten::as_strided,,,0.77,0.77,0,0,0,0
aten::slice,,,1.83,2.97,0,0,0,0
aten::as_strided,,,1.14,1.14,0,0,0,0
aten::slice,,,2.56,5.77,0,0,0,0
aten::as_strided,,,3.21,3.21,0,0,0,0
aten::slice,,,2.45,10.1,0,0,0,0
aten::as_strided,,,7.65,7.65,0,0,0,0
aten::slice,,,2.4,4.41,0,0,0,0
aten::as_strided,,,2.01,2.01,0,0,0,0
aten::slice,,,5.09,10.67,0,0,0,0
aten::as_strided,,,5.58,5.58,0,0,0,0
aten::slice,,,2.52,5.92,0,0,0,0
aten::as_strided,,,3.4,3.4,0,0,0,0
aten::slice,,,3.19,5.38,0,0,0,0
aten::as_strided,,,2.19,2.19,0,0,0,0
aten::to,,,1.48,1.48,0,0,0,0
aten::slice,,,2.58,5.0,0,0,0,0
aten::as_strided,,,2.42,2.42,0,0,0,0
aten::slice,,,2.14,4.41,0,0,0,0
aten::as_strided,,,2.27,2.27,0,0,0,0
aten::slice,,,2.37,3.99,0,0,0,0
aten::as_strided,,,1.62,1.62,0,0,0,0
aten::slice,,,2.88,6.38,0,0,0,0
aten::as_strided,,,3.5,3.5,0,0,0,0
aten::slice,,,2.11,6.14,0,0,0,0
aten::as_strided,,,4.03,4.03,0,0,0,0
aten::alias,,,5.79,5.79,0,0,0,0
aten::div,,,37.87,59.03,0,6.700125,0,0
aten::item,,,2.52,4.05,0,0,0,0
aten::_local_scalar_dense,,,1.53,1.53,0,0,0,0
aclnnDivMods,,,17.11,17.11,6.700125,6.700125,0,0
aten::slice,,,3.77,9.63,0,0,0,0
aten::as_strided,,,5.86,5.86,0,0,0,0
aten::slice,,,4.85,8.56,0,0,0,0
aten::as_strided,,,3.71,3.71,0,0,0,0
aten::copy_,,,65.9,85.99,0,0.58,0,0
aclnnInplaceCopy,,,20.09,20.09,0.58,0.58,0,0
aten::slice,,,3.21,7.16,0,0,0,0
aten::as_strided,,,3.95,3.95,0,0,0,0
aten::slice,,,6.12,10.78,0,0,0,0
aten::as_strided,,,4.66,4.66,0,0,0,0
aten::ge,,,25.56,54.17,0,4.5200625,0,0
empty_tensor,,,11.49,11.49,0,0,0,0
aclnnGeScalar,,,17.12,17.12,4.5200625,4.5200625,0,0
aten::add,,,23.73,50.99,0,2.0600625,0,0
empty_tensor,,,9.02,9.02,0,0,0,0
aten::item,,,2.43,3.97,0,0,0,0
aten::_local_scalar_dense,,,1.54,1.54,0,0,0,0
aclnnAdds,,,14.27,14.27,2.0600625,2.0600625,0,0
aten::remainder,,,44.13,65.7,0,3.4000625,0,0
empty_tensor,,,9.07,9.07,0,0,0,0
aclnnRemainderTensorScalar,,,12.5,12.5,3.4000625,3.4000625,0,0
aten::eq,,,14.9,34.48,0,2.3000625,0,0
empty_tensor,,,7.78,7.78,0,0,0,0
aclnnEqScalar,,,11.8,11.8,2.3000625,2.3000625,0,0
aten::__and__,,,2.44,54.06,0,1.40003125,0,0
aten::bitwise_and,,,32.77,51.62,0,1.40003125,0,0
empty_tensor,,,7.14,7.14,0,0,0,0
aclnnBitwiseAndTensor,,,11.71,11.71,1.40003125,1.40003125,0,0
aten::clamp_min,,,31.54,64.74,0,1.58003125,0,0
empty_tensor,,,7.52,7.52,0,0,0,0
aclnnClampMin,,,25.68,25.68,1.58003125,1.58003125,0,0
aten::div,,,26.56,50.75,0,4.90009375,0,0
empty_tensor,,,7.48,7.48,0,0,0,0
aten::item,,,2.39,4.08,0,0,0,0
aten::_local_scalar_dense,,,1.69,1.69,0,0,0,0
aclnnDivMods,,,12.63,12.63,4.90009375,4.90009375,0,0
aten::remainder,,,40.1,58.89,0,4.82009375,0,0
empty_tensor,,,7.66,7.66,0,0,0,0
aclnnRemainderTensorScalar,,,11.13,11.13,4.82009375,4.82009375,0,0
aten::mul,,,48.58,72.77,0,1.74003125,0,0
empty_tensor,,,7.46,7.46,0,0,0,0
aten::item,,,1.83,3.16,0,0,0,0
aten::_local_scalar_dense,,,1.33,1.33,0,0,0,0
aclnnMuls,,,13.57,13.57,1.74003125,1.74003125,0,0
aten::div,,,25.6,49.47,0,4.3400625,0,0
empty_tensor,,,7.85,7.85,0,0,0,0
aten::item,,,1.82,3.64,0,0,0,0
aten::_local_scalar_dense,,,1.82,1.82,0,0,0,0
aclnnDivMods,,,12.38,12.38,4.3400625,4.3400625,0,0
aten::add,,,31.17,48.89,0,1.24003125,0,0
empty_tensor,,,6.6,6.6,0,0,0,0
aclnnAdd,,,11.12,11.12,1.24003125,1.24003125,0,0
aten::full_like,,,4.92,50.12,0,1.6000625,0,0
aten::empty_like,,,6.11,20.06,0,0,0,0
aten::empty_strided,,,9.1,13.95,0,0,0,0
empty_tensor,,,4.85,4.85,0,0,0,0
aten::fill_,,,12.45,25.14,0,1.6000625,0,0
aclnnInplaceFillScalar,,,12.69,12.69,1.6000625,1.6000625,0,0
aten::where,,,15.43,50.48,0,1.82003125,0,0
empty_tensor,,,22.91,22.91,0,0,0,0
aclnnSWhere,,,12.14,12.14,1.82003125,1.82003125,0,0
aten::copy_,,,18.25,30.02,0,1.24003125,0,0
aclnnInplaceCopy,,,11.77,11.77,1.24003125,1.24003125,0,0
aten::slice,,,3.93,8.44,0,0,0,0
aten::as_strided,,,4.51,4.51,0,0,0,0
aten::slice,,,6.2,9.77,0,0,0,0
aten::as_strided,,,3.57,3.57,0,0,0,0
aten::div,,,30.59,48.83,0,4.0400937500000005,0,0
aten::item,,,2.35,4.12,0,0,0,0
aten::_local_scalar_dense,,,1.77,1.77,0,0,0,0
aclnnDivMods,,,14.12,14.12,4.0400937500000005,4.0400937500000005,0,0
aten::slice,,,18.98,24.31,0,0,0,0
aten::as_strided,,,5.33,5.33,0,0,0,0
aten::slice,,,5.4,8.16,0,0,0,0
aten::as_strided,,,2.76,2.76,0,0,0,0
aten::slice,,,2.54,4.85,0,0,0,0
aten::as_strided,,,2.31,2.31,0,0,0,0
aten::copy_,,,63.25,79.73,0,0.64,0,0
aclnnInplaceCopy,,,16.48,16.48,0.64,0.64,0,0
aten::slice,,,3.37,7.31,0,0,0,0
aten::as_strided,,,3.94,3.94,0,0,0,0
aten::slice,,,5.92,9.85,0,0,0,0
aten::as_strided,,,3.93,3.93,0,0,0,0
aten::copy_,,,52.78,68.26,0,0.62,0,0
aclnnInplaceCopy,,,15.48,15.48,0.62,0.62,0,0
aten::slice,,,5.6,8.09,0,0,0,0
aten::as_strided,,,2.49,2.49,0,0,0,0
aten::div,,,13.52,33.19,0,0,0,0
aten::to,,,1.67,19.67,0,0,0,0
aten::_to_copy,,,5.7,18.0,0,0,0,0
aten::empty_strided,,,4.37,4.37,0,0,0,0
aten::copy_,,,7.93,7.93,0,0,0,0
aten::slice,,,4.74,10.77,0,0,0,0
aten::as_strided,,,6.03,6.03,0,0,0,0
aten::slice,,,6.48,12.07,0,0,0,0
aten::as_strided,,,5.59,5.59,0,0,0,0
aten::slice,,,3.06,6.16,0,0,0,0
aten::as_strided,,,3.1,3.1,0,0,0,0
aten::slice,,,2.32,4.66,0,0,0,0
aten::as_strided,,,2.34,2.34,0,0,0,0
aten::fill_,,,20.04,36.8,0,0,0,0
aclnnInplaceFillScalar,,,16.76,16.76,0,0,0,0
aten::slice,,,5.07,8.86,0,0,0,0
aten::as_strided,,,3.79,3.79,0,0,0,0
aten::fill_,,,12.45,24.9,0,0,0,0
aclnnInplaceFillScalar,,,12.45,12.45,0,0,0,0
aten::slice,,,4.96,9.4,0,0,0,0
aten::as_strided,,,4.44,4.44,0,0,0,0
aten::slice,,,2.51,5.79,0,0,0,0
aten::as_strided,,,3.28,3.28,0,0,0,0
aten::slice,,,5.32,7.79,0,0,0,0
aten::as_strided,,,2.47,2.47,0,0,0,0
aten::slice,,,2.68,6.41,0,0,0,0
aten::as_strided,,,3.73,3.73,0,0,0,0
aten::slice,,,2.79,5.19,0,0,0,0
aten::as_strided,,,2.4,2.4,0,0,0,0
aten::slice,,,2.2,4.65,0,0,0,0
aten::as_strided,,,2.45,2.45,0,0,0,0
aten::slice,,,2.2,4.47,0,0,0,0
aten::as_strided,,,2.27,2.27,0,0,0,0
aten::fill_,,,14.94,28.4,0,0,0,0
aclnnInplaceFillScalar,,,13.46,13.46,0,0,0,0
aten::slice,,,3.59,6.9,0,0,0,0
aten::as_strided,,,3.31,3.31,0,0,0,0
aten::fill_,,,11.46,22.67,0,0,0,0
aclnnInplaceFillScalar,,,11.21,11.21,0,0,0,0
aten::diff,,,7.96,35.14,0,0,0,0
aten::narrow,,,6.24,10.96,0,0,0,0
aten::slice,,,2.55,4.72,0,0,0,0
aten::as_strided,,,2.17,2.17,0,0,0,0
aten::narrow,,,2.22,4.15,0,0,0,0
aten::slice,,,1.03,1.93,0,0,0,0
aten::as_strided,,,0.9,0.9,0,0,0,0
aten::sub,,,12.07,12.07,0,0,0,0
aten::eq,,,13.04,27.27,0,0,0,0
aten::to,,,1.63,14.23,0,0,0,0
aten::_to_copy,,,4.62,12.6,0,0,0,0
aten::empty_strided,,,2.77,2.77,0,0,0,0
aten::copy_,,,5.21,5.21,0,0,0,0
aten::__and__,,,2.17,7.44,0,0,0,0
aten::bitwise_and,,,5.27,5.27,0,0,0,0
aten::gt,,,7.74,15.57,0,0,0,0
aten::to,,,1.02,7.83,0,0,0,0
aten::_to_copy,,,2.28,6.81,0,0,0,0
aten::empty_strided,,,1.85,1.85,0,0,0,0
aten::copy_,,,2.68,2.68,0,0,0,0
aten::__and__,,,1.32,4.35,0,0,0,0
aten::bitwise_and,,,3.03,3.03,0,0,0,0
aten::any,,,6.09,13.64,0,0,0,0
aten::view_as,,,2.25,4.11,0,0,0,0
aten::view,,,1.86,1.86,0,0,0,0
aten::to,,,0.47,0.47,0,0,0,0
aten::copy_,,,2.97,2.97,0,0,0,0
aten::item,,,1.64,3.09,0,0,0,0
aten::_local_scalar_dense,,,1.45,1.45,0,0,0,0
aten::slice,,,4.51,6.32,0,0,0,0
aten::as_strided,,,1.81,1.81,0,0,0,0
aten::slice,,,2.27,3.16,0,0,0,0
aten::as_strided,,,0.89,0.89,0,0,0,0
aten::sub,,,4.68,4.68,0,0,0,0
aten::select,,,3.0,4.22,0,0,0,0
aten::as_strided,,,1.22,1.22,0,0,0,0
aten::item,,,0.92,1.92,0,0,0,0
aten::_local_scalar_dense,,,1.0,1.0,0,0,0,0
aten::gt,,,7.11,15.95,0,0,0,0
aten::to,,,1.11,8.84,0,0,0,0
aten::_to_copy,,,3.16,7.73,0,0,0,0
aten::empty_strided,,,1.74,1.74,0,0,0,0
aten::copy_,,,2.83,2.83,0,0,0,0
aten::__ior__,,,1.95,6.7,0,0,0,0
aten::bitwise_or_,,,4.75,4.75,0,0,0,0
aten::any,,,5.55,11.31,0,0,0,0
aten::view_as,,,1.44,2.77,0,0,0,0
aten::view,,,1.33,1.33,0,0,0,0
aten::to,,,0.45,0.45,0,0,0,0
aten::copy_,,,2.54,2.54,0,0,0,0
aten::is_nonzero,,,1.59,3.67,0,0,0,0
aten::item,,,1.24,2.08,0,0,0,0
aten::_local_scalar_dense,,,0.84,0.84,0,0,0,0
aten::select,,,5.01,11.28,0,0,0,0
aten::as_strided,,,6.27,6.27,0,0,0,0
aten::slice,,,4.54,8.58,0,0,0,0
aten::as_strided,,,4.04,4.04,0,0,0,0
aten::slice,,,2.44,4.9,0,0,0,0
aten::as_strided,,,2.46,2.46,0,0,0,0
aten::slice,,,2.18,4.45,0,0,0,0
aten::as_strided,,,2.27,2.27,0,0,0,0
aten::copy_,,,68.26,86.73,0,0.62,0,0
aclnnInplaceCopy,,,18.47,18.47,0.62,0.62,0,0
aten::slice,,,6.97,40.79,0,0,0,0
aten::as_strided,,,33.82,33.82,0,0,0,0
aten::fill_,,,17.22,33.25,0,0,0,0
aclnnInplaceFillScalar,,,16.03,16.03,0,0,0,0
aten::slice,,,5.09,9.12,0,0,0,0
aten::as_strided,,,4.03,4.03,0,0,0,0
aten::slice,,,5.93,9.26,0,0,0,0
aten::as_strided,,,3.33,3.33,0,0,0,0
aten::slice,,,3.08,6.77,0,0,0,0
aten::as_strided,,,3.69,3.69,0,0,0,0
aten::copy_,,,62.9,86.77,0,0.64003125,0,0
aclnnInplaceCopy,,,23.87,23.87,0.64003125,0.64003125,0,0
aten::slice,,,40.25,45.78,0,0,0,0
aten::as_strided,,,5.53,5.53,0,0,0,0
aten::slice,,,11.41,15.24,0,0,0,0
aten::as_strided,,,3.83,3.83,0,0,0,0
aten::slice,,,5.05,15.68,0,0,0,0
aten::as_strided,,,10.63,10.63,0,0,0,0
aten::slice,,,3.82,5.91,0,0,0,0
aten::as_strided,,,2.09,2.09,0,0,0,0
aten::slice,,,2.49,5.35,0,0,0,0
aten::as_strided,,,2.86,2.86,0,0,0,0
aten::copy_,,,58.53,82.78,0,0.66003125,0,0
aclnnInplaceCopy,,,24.25,24.25,0.66003125,0.66003125,0,0
aten::slice,,,37.98,43.19,0,0,0,0
aten::as_strided,,,5.21,5.21,0,0,0,0
aten::slice,,,3.52,7.17,0,0,0,0
aten::as_strided,,,3.65,3.65,0,0,0,0
aten::slice,,,2.91,10.29,0,0,0,0
aten::as_strided,,,7.38,7.38,0,0,0,0
aten::sub,,,23.76,36.59,0,1.36,0,0
aclnnSub,,,12.83,12.83,1.36,1.36,0,0
aten::slice,,,9.48,12.96,0,0,0,0
aten::as_strided,,,3.48,3.48,0,0,0,0
aten::slice,,,2.9,8.38,0,0,0,0
aten::as_strided,,,5.48,5.48,0,0,0,0
aten::slice,,,15.17,20.5,0,0,0,0
aten::as_strided,,,5.33,5.33,0,0,0,0
aten::slice,,,2.4,5.23,0,0,0,0
aten::as_strided,,,2.83,2.83,0,0,0,0
aten::slice,,,2.94,4.78,0,0,0,0
aten::as_strided,,,1.84,1.84,0,0,0,0
aten::fill_,,,19.58,35.15,0,0,0,0
aclnnInplaceFillScalar,,,15.57,15.57,0,0,0,0
aten::slice,,,3.79,7.28,0,0,0,0
aten::as_strided,,,3.49,3.49,0,0,0,0
aten::fill_,,,11.84,23.58,0,0,0,0
aclnnInplaceFillScalar,,,11.74,11.74,0,0,0,0
aten::diff,,,6.92,30.86,0,0,0,0
aten::narrow,,,5.27,9.02,0,0,0,0
aten::slice,,,1.94,3.75,0,0,0,0
aten::as_strided,,,1.81,1.81,0,0,0,0
aten::narrow,,,1.46,3.17,0,0,0,0
aten::slice,,,0.96,1.71,0,0,0,0
aten::as_strided,,,0.75,0.75,0,0,0,0
aten::sub,,,11.75,11.75,0,0,0,0
aten::eq,,,12.5,25.97,0,0,0,0
aten::to,,,1.27,13.47,0,0,0,0
aten::_to_copy,,,4.33,12.2,0,0,0,0
aten::empty_strided,,,2.52,2.52,0,0,0,0
aten::copy_,,,5.35,5.35,0,0,0,0
aten::__and__,,,1.81,5.86,0,0,0,0
aten::bitwise_and,,,4.05,4.05,0,0,0,0
aten::gt,,,7.33,15.78,0,0,0,0
aten::to,,,1.49,8.45,0,0,0,0
aten::_to_copy,,,2.31,6.96,0,0,0,0
aten::empty_strided,,,2.23,2.23,0,0,0,0
aten::copy_,,,2.42,2.42,0,0,0,0
aten::__and__,,,1.01,3.63,0,0,0,0
aten::bitwise_and,,,2.62,2.62,0,0,0,0
aten::any,,,5.15,11.95,0,0,0,0
aten::view_as,,,1.79,3.86,0,0,0,0
aten::view,,,2.07,2.07,0,0,0,0
aten::to,,,0.31,0.31,0,0,0,0
aten::copy_,,,2.63,2.63,0,0,0,0
aten::item,,,1.57,2.86,0,0,0,0
aten::_local_scalar_dense,,,1.29,1.29,0,0,0,0
aten::slice,,,4.37,5.76,0,0,0,0
aten::as_strided,,,1.39,1.39,0,0,0,0
aten::slice,,,2.07,3.31,0,0,0,0
aten::as_strided,,,1.24,1.24,0,0,0,0
aten::sub,,,4.57,4.57,0,0,0,0
aten::select,,,2.83,4.68,0,0,0,0
aten::as_strided,,,1.85,1.85,0,0,0,0
aten::item,,,1.21,2.08,0,0,0,0
aten::_local_scalar_dense,,,0.87,0.87,0,0,0,0
aten::gt,,,6.83,14.78,0,0,0,0
aten::to,,,0.8,7.95,0,0,0,0
aten::_to_copy,,,2.79,7.15,0,0,0,0
aten::empty_strided,,,1.67,1.67,0,0,0,0
aten::copy_,,,2.69,2.69,0,0,0,0
aten::__ior__,,,1.71,5.57,0,0,0,0
aten::bitwise_or_,,,3.86,3.86,0,0,0,0
aten::any,,,4.71,10.21,0,0,0,0
aten::view_as,,,1.36,2.41,0,0,0,0
aten::view,,,1.05,1.05,0,0,0,0
aten::to,,,0.75,0.75,0,0,0,0
aten::copy_,,,2.34,2.34,0,0,0,0
aten::is_nonzero,,,1.38,2.79,0,0,0,0
aten::item,,,0.9,1.41,0,0,0,0
aten::_local_scalar_dense,,,0.51,0.51,0,0,0,0
aten::select,,,4.01,10.65,0,0,0,0
aten::as_strided,,,6.64,6.64,0,0,0,0
aten::slice,,,4.41,8.82,0,0,0,0
aten::as_strided,,,4.41,4.41,0,0,0,0
aten::slice,,,2.54,4.66,0,0,0,0
aten::as_strided,,,2.12,2.12,0,0,0,0
aten::slice,,,2.13,4.08,0,0,0,0
aten::as_strided,,,1.95,1.95,0,0,0,0
aten::copy_,,,69.68,88.14,0,0.60003125,0,0
aclnnInplaceCopy,,,18.46,18.46,0.60003125,0.60003125,0,0
aten::slice,,,7.08,40.38,0,0,0,0
aten::as_strided,,,33.3,33.3,0,0,0,0
aten::fill_,,,16.4,33.44,0,0,0,0
aclnnInplaceFillScalar,,,17.04,17.04,0,0,0,0
aten::slice,,,6.08,9.94,0,0,0,0
aten::as_strided,,,3.86,3.86,0,0,0,0
aten::slice,,,2.96,6.41,0,0,0,0
aten::as_strided,,,3.45,3.45,0,0,0,0
aten::slice,,,2.5,5.17,0,0,0,0
aten::as_strided,,,2.67,2.67,0,0,0,0
aten::copy_,,,57.21,72.26,0,0.58,0,0
aclnnInplaceCopy,,,15.05,15.05,0.58,0.58,0,0
aten::slice,,,6.73,38.17,0,0,0,0
aten::as_strided,,,31.44,31.44,0,0,0,0
aten::slice,,,4.22,8.02,0,0,0,0
aten::as_strided,,,3.8,3.8,0,0,0,0
aten::slice,,,3.44,6.6,0,0,0,0
aten::as_strided,,,3.16,3.16,0,0,0,0
aten::slice,,,2.68,4.94,0,0,0,0
aten::as_strided,,,2.26,2.26,0,0,0,0
aten::slice,,,2.42,5.69,0,0,0,0
aten::as_strided,,,3.27,3.27,0,0,0,0
aten::copy_,,,56.13,74.83,0,0.64,0,0
aclnnInplaceCopy,,,18.7,18.7,0.64,0.64,0,0
aten::slice,,,6.19,30.61,0,0,0,0
aten::as_strided,,,24.42,24.42,0,0,0,0
aten::slice,,,3.55,6.49,0,0,0,0
aten::as_strided,,,2.94,2.94,0,0,0,0
aten::slice,,,2.71,5.68,0,0,0,0
aten::as_strided,,,2.97,2.97,0,0,0,0
aten::sub,,,19.67,33.71,0,1.4,0,0
aclnnSub,,,14.04,14.04,1.4,1.4,0,0
aten::slice,,,7.12,10.72,0,0,0,0
aten::as_strided,,,3.6,3.6,0,0,0,0
aten::slice,,,2.99,8.03,0,0,0,0
aten::as_strided,,,5.04,5.04,0,0,0,0
aten::slice,,,2.82,5.52,0,0,0,0
aten::as_strided,,,2.7,2.7,0,0,0,0
aten::slice,,,2.32,4.75,0,0,0,0
aten::as_strided,,,2.43,2.43,0,0,0,0
aten::slice,,,1.99,4.28,0,0,0,0
aten::as_strided,,,2.29,2.29,0,0,0,0
aten::fill_,,,17.67,36.47,0,0,0,0
aclnnInplaceFillScalar,,,18.8,18.8,0,0,0,0
aten::slice,,,4.09,8.2,0,0,0,0
aten::as_strided,,,4.11,4.11,0,0,0,0
aten::fill_,,,11.98,22.03,0,0,0,0
aclnnInplaceFillScalar,,,10.05,10.05,0,0,0,0
aten::diff,,,6.38,33.43,0,0,0,0
aten::narrow,,,5.95,11.78,0,0,0,0
aten::slice,,,2.92,5.83,0,0,0,0
aten::as_strided,,,2.91,2.91,0,0,0,0
aten::narrow,,,1.75,3.79,0,0,0,0
aten::slice,,,1.2,2.04,0,0,0,0
aten::as_strided,,,0.84,0.84,0,0,0,0
aten::sub,,,11.48,11.48,0,0,0,0
aten::eq,,,11.83,26.08,0,0,0,0
aten::to,,,1.61,14.25,0,0,0,0
aten::_to_copy,,,4.35,12.64,0,0,0,0
aten::empty_strided,,,2.99,2.99,0,0,0,0
aten::copy_,,,5.3,5.3,0,0,0,0
aten::__and__,,,2.04,5.99,0,0,0,0
aten::bitwise_and,,,3.95,3.95,0,0,0,0
aten::gt,,,7.34,15.17,0,0,0,0
aten::to,,,0.93,7.83,0,0,0,0
aten::_to_copy,,,2.31,6.9,0,0,0,0
aten::empty_strided,,,1.68,1.68,0,0,0,0
aten::copy_,,,2.91,2.91,0,0,0,0
aten::__and__,,,1.52,4.45,0,0,0,0
aten::bitwise_and,,,2.93,2.93,0,0,0,0
aten::any,,,5.23,12.39,0,0,0,0
aten::view_as,,,1.82,3.9,0,0,0,0
aten::view,,,2.08,2.08,0,0,0,0
aten::to,,,0.46,0.46,0,0,0,0
aten::copy_,,,2.8,2.8,0,0,0,0
aten::item,,,1.76,3.0,0,0,0,0
aten::_local_scalar_dense,,,1.24,1.24,0,0,0,0
aten::slice,,,4.77,6.95,0,0,0,0
aten::as_strided,,,2.18,2.18,0,0,0,0
aten::slice,,,1.96,2.72,0,0,0,0
aten::as_strided,,,0.76,0.76,0,0,0,0
aten::sub,,,5.05,5.05,0,0,0,0
aten::select,,,2.83,3.79,0,0,0,0
aten::as_strided,,,0.96,0.96,0,0,0,0
aten::item,,,1.25,2.36,0,0,0,0
aten::_local_scalar_dense,,,1.11,1.11,0,0,0,0
aten::gt,,,7.6,16.7,0,0,0,0
aten::to,,,1.0,9.1,0,0,0,0
aten::_to_copy,,,2.69,8.1,0,0,0,0
aten::empty_strided,,,2.72,2.72,0,0,0,0
aten::copy_,,,2.69,2.69,0,0,0,0
aten::__ior__,,,1.91,5.83,0,0,0,0
aten::bitwise_or_,,,3.92,3.92,0,0,0,0
aten::any,,,4.84,10.37,0,0,0,0
aten::view_as,,,1.39,2.5,0,0,0,0
aten::view,,,1.11,1.11,0,0,0,0
aten::to,,,0.54,0.54,0,0,0,0
aten::copy_,,,2.49,2.49,0,0,0,0
aten::is_nonzero,,,1.24,3.1,0,0,0,0
aten::item,,,1.01,1.86,0,0,0,0
aten::_local_scalar_dense,,,0.85,0.85,0,0,0,0
aten::select,,,4.14,10.9,0,0,0,0
aten::as_strided,,,6.76,6.76,0,0,0,0
aten::slice,,,4.31,7.96,0,0,0,0
aten::as_strided,,,3.65,3.65,0,0,0,0
aten::slice,,,2.38,4.63,0,0,0,0
aten::as_strided,,,2.25,2.25,0,0,0,0
aten::slice,,,2.41,4.4,0,0,0,0
aten::as_strided,,,1.99,1.99,0,0,0,0
aten::copy_,,,67.79,86.22,0,0.62003125,0,0
aclnnInplaceCopy,,,18.43,18.43,0.62003125,0.62003125,0,0
aten::slice,,,6.72,39.26,0,0,0,0
aten::as_strided,,,32.54,32.54,0,0,0,0
aten::fill_,,,16.53,32.01,0,0,0,0
aclnnInplaceFillScalar,,,15.48,15.48,0,0,0,0
aten::slice,,,5.21,9.33,0,0,0,0
aten::as_strided,,,4.12,4.12,0,0,0,0
aten::slice,,,2.46,5.67,0,0,0,0
aten::as_strided,,,3.21,3.21,0,0,0,0
aten::slice,,,2.39,4.6,0,0,0,0
aten::as_strided,,,2.21,2.21,0,0,0,0
aten::copy_,,,55.27,69.18,0,0.62003125,0,0
aclnnInplaceCopy,,,13.91,13.91,0.62003125,0.62003125,0,0
aten::slice,,,6.15,32.75,0,0,0,0
aten::as_strided,,,26.6,26.6,0,0,0,0
aten::slice,,,4.36,8.27,0,0,0,0
aten::as_strided,,,3.91,3.91,0,0,0,0
aten::slice,,,2.81,5.65,0,0,0,0
aten::as_strided,,,2.84,2.84,0,0,0,0
aten::slice,,,2.37,4.49,0,0,0,0
aten::as_strided,,,2.12,2.12,0,0,0,0
aten::slice,,,2.53,4.6,0,0,0,0
aten::as_strided,,,2.07,2.07,0,0,0,0
aten::copy_,,,54.04,72.8,0,0.58003125,0,0
aclnnInplaceCopy,,,18.76,18.76,0.58003125,0.58003125,0,0
aten::slice,,,5.65,9.24,0,0,0,0
aten::as_strided,,,3.59,3.59,0,0,0,0
aten::slice,,,2.56,4.84,0,0,0,0
aten::as_strided,,,2.28,2.28,0,0,0,0
aten::slice,,,23.99,26.18,0,0,0,0
aten::as_strided,,,2.19,2.19,0,0,0,0
aten::sub,,,20.65,35.42,0,1.44,0,0
aclnnSub,,,14.77,14.77,1.44,1.44,0,0
Event::record,,,194.59,217.0,0,0.02003125,0,0
record_event,,,22.41,22.41,0.02003125,0.02003125,0,0
aten::slice,,,8.93,17.64,0,0,0,0
aten::as_strided,,,8.71,8.71,0,0,0,0
aten::slice,,,3.53,6.77,0,0,0,0
aten::as_strided,,,3.24,3.24,0,0,0,0
aten::slice,,,6.77,14.35,0,0,0,0
aten::as_strided,,,7.58,7.58,0,0,0,0
aten::scalar_tensor,,,6.47,65.41,0,1.44,0,0
aten::empty,,,3.52,16.22,0,0,0,0
empty_tensor,,,12.7,12.7,0,0,0,0
aten::fill_,,,19.07,42.72,0,1.44,0,0
aclnnInplaceFillScalar,,,23.65,23.65,1.44,1.44,0,0
aten::view,,,4.22,4.22,0,0,0,0
aten::expand,,,3.11,5.37,0,0,0,0
aten::as_strided,,,2.26,2.26,0,0,0,0
aten::copy_,,,79.65,96.17,0,0.62,0,0
aclnnInplaceCopy,,,16.52,16.52,0.62,0.62,0,0
aten::scalar_tensor,,,5.24,62.62,0,1.38,0,0
aten::empty,,,2.93,30.66,0,0,0,0
empty_tensor,,,27.73,27.73,0,0,0,0
aten::fill_,,,13.92,26.72,0,1.38,0,0
aclnnInplaceFillScalar,,,12.8,12.8,1.38,1.38,0,0
aten::slice,,,7.48,13.13,0,0,0,0
aten::as_strided,,,5.65,5.65,0,0,0,0
aten::view,,,18.14,18.14,0,0,0,0
aten::expand,,,2.21,4.2,0,0,0,0
aten::as_strided,,,1.99,1.99,0,0,0,0
aten::copy_,,,2.0,2.0,0,0,0,0
aten::index,,,40.25,80.73,0,11.54025,0,0
empty_tensor,,,8.22,8.22,0,0,0,0
empty_tensor,,,9.77,9.77,0,0,0,0
aclnnIndex,,,22.49,22.49,11.54025,11.54025,0,0
aten::linear,,,6.63,77.77,0,922.2584375,0,922.2584375
aten::t,,,6.38,17.23,0,0,0,0
aten::transpose,,,3.55,10.85,0,0,0,0
aten::as_strided,,,7.3,7.3,0,0,0,0
aten::matmul,,,24.16,53.91,0,922.2584375,0,922.2584375
empty_tensor,,,10.77,10.77,0,0,0,0
aclnnMatmul,,,18.98,18.98,922.2584375,922.2584375,922.2584375,922.2584375
aten::alias,,,4.26,4.26,0,0,0,0
aten::log_softmax,,,8.95,145.62,0,52.001031250000004,0,0
aten::to,,,3.67,73.16,0,8.08015625,0,0
aten::_to_copy,,,7.79,69.49,0,8.08015625,0,0
aten::empty_strided,,,13.67,21.94,0,0,0,0
empty_tensor,,,8.27,8.27,0,0,0,0
aten::copy_,,,23.14,39.76,0,8.08015625,0,0
aclnnInplaceCopy,,,16.62,16.62,8.08015625,8.08015625,0,0
aten::_log_softmax,,,44.09,63.51,0,43.920875,0,0
empty_tensor,,,8.05,8.05,0,0,0,0
aclnnLogSoftmax,,,11.37,11.37,43.920875,43.920875,0,0
aten::to,,,2.03,58.61,0,2.62003125,0,0
aten::_to_copy,,,5.84,56.58,0,2.62003125,0,0
aten::empty_strided,,,8.18,13.76,0,0,0,0
empty_tensor,,,5.58,5.58,0,0,0,0
aten::copy_,,,27.29,36.98,0,2.62003125,0,0
aclnnInplaceCopy,,,9.69,9.69,2.62003125,2.62003125,0,0
aten::argmax,,,7.8,72.47,0,20.4804375,0,0
aten::empty,,,2.73,11.06,0,0,0,0
empty_tensor,,,8.33,8.33,0,0,0,0
aten::argmax,,,26.88,53.61,0,20.4804375,0,0
aten::reshape,,,1.78,16.43,0,0,0,0
aten::view,,,14.65,14.65,0,0,0,0
aclnnArgMax,,,10.3,10.3,20.4804375,20.4804375,0,0
aten::view,,,4.15,4.15,0,0,0,0
aten::to,,,1.94,1.94,0,0,0,0
aten::topk,,,49.34,72.85,0,32.400656250000004,0,0
empty_tensor,,,8.19,8.19,0,0,0,0
empty_tensor,,,5.59,5.59,0,0,0,0
aclnnTopk,,,9.73,9.73,32.400656250000004,32.400656250000004,0,0
aten::unsqueeze,,,4.58,26.62,0,0,0,0
aten::as_strided,,,22.04,22.04,0,0,0,0
aten::gather,,,28.28,64.84,0,5.400125,0,0
empty_tensor,,,26.86,26.86,0,0,0,0
aclnnGather,,,9.7,9.7,5.400125,5.400125,0,0
TorchDynamo Cache Lookup,,,37.24,37.24,0,0,0,0
Torch-Compiled Region: 0/0,,,110.44,238.7,0,35.2806875,0,0
aten::_assert_scalar,,,3.15,3.15,0,0,0,0
aten::_assert_scalar,,,0.99,0.99,0,0,0,0
aten::_assert_scalar,,,0.75,0.75,0,0,0,0
aten::ge,,,21.73,55.5,0,7.800125,0,0
empty_tensor,,,13.08,13.08,0,0,0,0
aclnnGeTensor,,,20.69,20.69,7.800125,7.800125,0,0
aten::sum,,,23.6,67.87,0,27.480562499999998,0,0
empty_tensor,,,31.93,31.93,0,0,0,0
aclnnReduceSum,,,12.34,12.34,27.480562499999998,27.480562499999998,0,0
aten::cat,,,22.55,45.89,0,2.48003125,0,0
empty_tensor,,,9.61,9.61,0,0,0,0
aclnnCat,,,13.73,13.73,2.48003125,2.48003125,0,0
aten::cat,,,35.96,58.41,0,1.90003125,0,0
empty_tensor,,,9.24,9.24,0,0,0,0
aclnnCat,,,13.21,13.21,1.90003125,1.90003125,0,0
aten::to,,,2.21,52.83,0,1.5000625,0,0
aten::_to_copy,,,6.0,50.62,0,1.5000625,0,0
aten::empty_strided,,,8.68,14.13,0,0,0,0
empty_tensor,,,5.45,5.45,0,0,0,0
aten::copy_,,,16.79,30.49,0,1.5000625,0,0
aclnnInplaceCopy,,,13.7,13.7,1.5000625,1.5000625,0,0
aten::to,,,1.49,51.25,0,1.3,0,0
aten::_to_copy,,,5.28,49.76,0,1.3,0,0
aten::empty_strided,,,7.96,12.95,0,0,0,0
empty_tensor,,,4.99,4.99,0,0,0,0
aten::copy_,,,16.19,31.53,0,1.3,0,0
aclnnInplaceCopy,,,15.34,15.34,1.3,1.3,0,0
aten::unsqueeze,,,19.27,24.82,0,0,0,0
aten::as_strided,,,5.55,5.55,0,0,0,0
Event::record,,,168.9,195.47,0,0.02,0,0
record_event,,,26.57,26.57,0.02,0.02,0,0
aten::slice,,,5.23,14.18,0,0,0,0
aten::as_strided,,,8.95,8.95,0,0,0,0
Event::wait,,,96.35,125.14,0,1608.232125,0,0
wait_event,,,28.79,28.79,1608.232125,1608.232125,0,0
Event::record,,,110.02,137.3,0,0.02,0,0
record_event,,,27.28,27.28,0.02,0.02,0,0
Event::wait,,,79.54,99.81,0,1175.62346875,0,0
wait_event,,,20.27,20.27,1175.62346875,1175.62346875,0,0
destroy_event,,,13.25,13.25,0,0,0,0
aten::to,,,3.92,73.94,0,2.0800625,0,0
aten::_to_copy,,,7.29,70.02,0,2.0800625,0,0
aten::empty_strided,,,28.66,28.66,0,0,0,0
aten::copy_,,,21.71,34.07,0,2.0800625,0,0
acl_memcpy_device_to_host,,,12.36,12.36,2.0800625,2.0800625,0,0
aten::to,,,2.6,57.2,0,2.2200625,0,0
aten::_to_copy,,,5.89,54.6,0,2.2200625,0,0
aten::empty_strided,,,4.87,4.87,0,0,0,0
aten::copy_,,,29.97,43.84,0,2.2200625,0,0
acl_memcpy_device_to_host,,,13.87,13.87,2.2200625,2.2200625,0,0
aten::to,,,2.07,35.7,0,1.88003125,0,0
aten::_to_copy,,,3.9,33.63,0,1.88003125,0,0
aten::empty_strided,,,3.63,3.63,0,0,0,0
aten::copy_,,,13.67,26.1,0,1.88003125,0,0
acl_memcpy_device_to_host,,,12.43,12.43,1.88003125,1.88003125,0,0
aten::to,,,2.63,36.88,0,2.06003125,0,0
aten::_to_copy,,,4.21,34.25,0,2.06003125,0,0
aten::empty_strided,,,3.12,3.12,0,0,0,0
aten::copy_,,,14.1,26.92,0,2.06003125,0,0
acl_memcpy_device_to_host,,,12.82,12.82,2.06003125,2.06003125,0,0
Event::record,,,176.19,200.56,0,0.02,0,0
record_event,,,24.37,24.37,0.02,0.02,0,0
Event::synchronize,,,82.97,82.97,0,0,0,0
aten::resolve_conj,,,1.68,1.68,0,0,0,0
aten::resolve_neg,,,0.59,0.59,0,0,0,0
aten::to,,,2.91,2.91,0,0,0,0
aten::detach,,,4.75,4.75,0,0,0,0
aten::to,,,0.7,0.7,0,0,0,0
aten::resolve_conj,,,0.47,0.47,0,0,0,0
aten::resolve_neg,,,0.35,0.35,0,0,0,0
aten::to,,,1.29,1.29,0,0,0,0
aten::detach,,,1.57,1.57,0,0,0,0
aten::to,,,0.52,0.52,0,0,0,0
aten::resolve_conj,,,0.33,0.33,0,0,0,0
aten::resolve_neg,,,0.88,0.88,0,0,0,0
aten::to,,,1.17,1.17,0,0,0,0
aten::detach,,,0.96,0.96,0,0,0,0
aten::to,,,0.51,0.51,0,0,0,0
aten::resolve_conj,,,0.26,0.26,0,0,0,0
aten::resolve_neg,,,0.24,0.24,0,0,0,0
destroy_event,,,31.99,31.99,0,0,0,0
record_event,,,9.66,9.66,0.0,0.0,0,0
Event::synchronize,,,187.43,187.43,0,0,0,0
aten::slice,,,13.01,18.86,0,0,0,0
aten::as_strided,,,5.85,5.85,0,0,0,0
aten::slice,,,3.78,12.01,0,0,0,0
aten::as_strided,,,8.23,8.23,0,0,0,0
aten::pin_memory,,,90.04,108.88,0,0,0,0
aten::is_pinned,,,18.84,18.84,0,0,0,0
aten::copy_,,,23.53,40.65,0,2.28003125,0,0
acl_memcpy_host_to_device,,,17.12,17.12,2.28003125,2.28003125,0,0
aten::slice,,,8.5,11.66,0,0,0,0
aten::as_strided,,,3.16,3.16,0,0,0,0
aten::slice,,,3.26,9.38,0,0,0,0
aten::as_strided,,,6.12,6.12,0,0,0,0
aten::pin_memory,,,3.95,14.87,0,0,0,0
aten::is_pinned,,,10.92,10.92,0,0,0,0
aten::copy_,,,16.5,38.75,0,2.34003125,0,0
acl_memcpy_host_to_device,,,22.25,22.25,2.34003125,2.34003125,0,0
aten::slice,,,6.92,9.4,0,0,0,0
aten::as_strided,,,2.48,2.48,0,0,0,0
aten::slice,,,3.06,7.83,0,0,0,0
aten::as_strided,,,4.77,4.77,0,0,0,0
aten::pin_memory,,,3.84,12.62,0,0,0,0
aten::is_pinned,,,8.78,8.78,0,0,0,0
aten::copy_,,,15.13,33.55,0,2.32003125,0,0
acl_memcpy_host_to_device,,,18.42,18.42,2.32003125,2.32003125,0,0
aten::slice,,,6.91,10.79,0,0,0,0
aten::as_strided,,,3.88,3.88,0,0,0,0
aten::slice,,,2.87,7.04,0,0,0,0
aten::as_strided,,,4.17,4.17,0,0,0,0
aten::pin_memory,,,3.35,12.49,0,0,0,0
aten::is_pinned,,,9.14,9.14,0,0,0,0
aten::copy_,,,14.23,28.13,0,2.46003125,0,0
acl_memcpy_host_to_device,,,13.9,13.9,2.46003125,2.46003125,0,0
aten::slice,,,5.46,8.0,0,0,0,0
aten::as_strided,,,2.54,2.54,0,0,0,0
aten::slice,,,2.76,6.8,0,0,0,0
aten::as_strided,,,4.04,4.04,0,0,0,0
aten::pin_memory,,,3.43,12.38,0,0,0,0
aten::is_pinned,,,8.95,8.95,0,0,0,0
aten::copy_,,,14.66,29.96,0,2.4400625,0,0
acl_memcpy_host_to_device,,,15.3,15.3,2.4400625,2.4400625,0,0
aten::slice,,,11.15,15.59,0,0,0,0
aten::as_strided,,,4.44,4.44,0,0,0,0
aten::slice,,,3.32,9.92,0,0,0,0
aten::as_strided,,,6.6,6.6,0,0,0,0
aten::pin_memory,,,3.94,19.49,0,0,0,0
aten::is_pinned,,,15.55,15.55,0,0,0,0
aten::copy_,,,18.36,40.9,0,2.20003125,0,0
acl_memcpy_host_to_device,,,22.54,22.54,2.20003125,2.20003125,0,0
aten::slice,,,5.97,11.07,0,0,0,0
aten::as_strided,,,5.1,5.1,0,0,0,0
aten::lift_fresh,,,1.56,1.56,0,0,0,0
aten::lift_fresh,,,1.95,1.95,0,0,0,0
aten::flatten,,,4.24,11.03,0,0,0,0
aten::view,,,6.79,6.79,0,0,0,0
aten::slice,,,3.45,5.01,0,0,0,0
aten::as_strided,,,1.56,1.56,0,0,0,0
aten::index_select,,,7.37,7.37,0,0,0,0
aten::pin_memory,,,3.81,17.76,0,0,0,0
aten::is_pinned,,,13.95,13.95,0,0,0,0
aten::copy_,,,17.91,38.06,0,2.5000625,0,0
acl_memcpy_host_to_device,,,20.15,20.15,2.5000625,2.5000625,0,0
aten::pin_memory,,,4.22,14.46,0,0,0,0
aten::is_pinned,,,10.24,10.24,0,0,0,0
aten::copy_,,,14.96,29.96,0,2.16003125,0,0
acl_memcpy_host_to_device,,,15.0,15.0,2.16003125,2.16003125,0,0
aten::slice,,,7.38,11.12,0,0,0,0
aten::as_strided,,,3.74,3.74,0,0,0,0
aten::lift_fresh,,,0.93,0.93,0,0,0,0
aten::slice,,,3.42,4.64,0,0,0,0
aten::as_strided,,,1.22,1.22,0,0,0,0
aten::add,,,16.7,16.7,0,0,0,0
aten::slice,,,3.6,4.93,0,0,0,0
aten::as_strided,,,1.33,1.33,0,0,0,0
aten::fill_,,,5.74,5.74,0,0,0,0
aten::slice,,,3.11,8.37,0,0,0,0
aten::as_strided,,,5.26,5.26,0,0,0,0
aten::fill_,,,23.5,41.17,0,1.70003125,0,0
aclnnInplaceFillScalar,,,17.67,17.67,1.70003125,1.70003125,0,0
aten::slice,,,6.83,13.6,0,0,0,0
aten::as_strided,,,6.77,6.77,0,0,0,0
aten::select,,,4.54,7.7,0,0,0,0
aten::as_strided,,,3.16,3.16,0,0,0,0
aten::copy_,,,76.12,99.15,0,0.64003125,0,0
aclnnInplaceCopy,,,23.03,23.03,0.64003125,0.64003125,0,0
aten::slice,,,8.15,10.69,0,0,0,0
aten::as_strided,,,2.54,2.54,0,0,0,0
aten::detach,,,24.84,24.84,0,0,0,0
aten::to,,,2.16,2.16,0,0,0,0
aten::resolve_conj,,,0.97,0.97,0,0,0,0
aten::resolve_neg,,,0.75,0.75,0,0,0,0
aten::slice,,,6.45,9.38,0,0,0,0
aten::as_strided,,,2.93,2.93,0,0,0,0
aten::slice,,,2.95,8.76,0,0,0,0
aten::as_strided,,,5.81,5.81,0,0,0,0
aten::pin_memory,,,4.38,20.25,0,0,0,0
aten::is_pinned,,,15.87,15.87,0,0,0,0
aten::copy_,,,3.64,3.64,0,0,0,0
aten::slice,,,5.67,7.32,0,0,0,0
aten::as_strided,,,1.65,1.65,0,0,0,0
aten::slice,,,2.71,6.3,0,0,0,0
aten::as_strided,,,3.59,3.59,0,0,0,0
aten::pin_memory,,,3.03,11.85,0,0,0,0
aten::is_pinned,,,8.82,8.82,0,0,0,0
aten::copy_,,,16.45,37.82,0,2.32003125,0,0
acl_memcpy_host_to_device,,,21.37,21.37,2.32003125,2.32003125,0,0
aten::fill_,,,41.19,57.42,0,1.38003125,0,0
aclnnInplaceFillScalar,,,16.23,16.23,1.38003125,1.38003125,0,0
aten::slice,,,6.84,11.25,0,0,0,0
aten::as_strided,,,4.41,4.41,0,0,0,0
aten::slice,,,3.23,4.87,0,0,0,0
aten::as_strided,,,1.64,1.64,0,0,0,0
aten::copy_,,,34.11,45.64,0,2.2400625,0,0
acl_memcpy_host_to_device,,,11.53,11.53,2.2400625,2.2400625,0,0
aten::slice,,,6.19,8.36,0,0,0,0
aten::as_strided,,,2.17,2.17,0,0,0,0
aten::slice,,,2.85,6.83,0,0,0,0
aten::as_strided,,,3.98,3.98,0,0,0,0
aten::pin_memory,,,4.16,14.41,0,0,0,0
aten::is_pinned,,,10.25,10.25,0,0,0,0
aten::copy_,,,14.8,30.52,0,2.3600625,0,0
acl_memcpy_host_to_device,,,15.72,15.72,2.3600625,2.3600625,0,0
aten::slice,,,23.69,28.39,0,0,0,0
aten::as_strided,,,4.7,4.7,0,0,0,0
aten::slice,,,3.6,5.47,0,0,0,0
aten::as_strided,,,1.87,1.87,0,0,0,0
aten::slice,,,2.51,5.06,0,0,0,0
aten::as_strided,,,2.55,2.55,0,0,0,0
aten::pin_memory,,,3.86,13.19,0,0,0,0
aten::is_pinned,,,9.33,9.33,0,0,0,0
aten::copy_,,,14.63,30.22,0,2.2000625,0,0
acl_memcpy_host_to_device,,,15.59,15.59,2.2000625,2.2000625,0,0
aten::slice,,,6.79,9.33,0,0,0,0
aten::as_strided,,,2.54,2.54,0,0,0,0
aten::slice,,,2.84,7.82,0,0,0,0
aten::as_strided,,,4.98,4.98,0,0,0,0
aten::pin_memory,,,3.83,13.13,0,0,0,0
aten::is_pinned,,,9.3,9.3,0,0,0,0
aten::copy_,,,13.87,28.98,0,2.3400625,0,0
acl_memcpy_host_to_device,,,15.11,15.11,2.3400625,2.3400625,0,0
aten::slice,,,5.07,9.69,0,0,0,0
aten::as_strided,,,4.62,4.62,0,0,0,0
aten::index,,,38.76,76.2,0,10.5401875,0,0
empty_tensor,,,7.8,7.8,0,0,0,0
empty_tensor,,,10.45,10.45,0,0,0,0
aclnnIndex,,,19.19,19.19,10.5401875,10.5401875,0,0
aten::to,,,2.56,74.96,0,1.24003125,0,0
aten::_to_copy,,,6.61,72.4,0,1.24003125,0,0
aten::empty_strided,,,9.91,33.42,0,0,0,0
empty_tensor,,,23.51,23.51,0,0,0,0
aten::copy_,,,18.81,32.37,0,1.24003125,0,0
aclnnInplaceCopy,,,13.56,13.56,1.24003125,1.24003125,0,0
aten::slice,,,6.95,27.35,0,0,0,0
aten::as_strided,,,20.4,20.4,0,0,0,0
aten::add,,,21.49,42.47,0,2.6600625,0,0
empty_tensor,,,7.09,7.09,0,0,0,0
aclnnAdd,,,13.89,13.89,2.6600625,2.6600625,0,0
aten::slice,,,22.4,27.41,0,0,0,0
aten::as_strided,,,5.01,5.01,0,0,0,0
aten::copy_,,,58.78,74.24,0,0.56003125,0,0
aclnnInplaceCopy,,,15.46,15.46,0.56003125,0.56003125,0,0
aten::slice,,,24.8,28.94,0,0,0,0
aten::as_strided,,,4.14,4.14,0,0,0,0
aten::add,,,21.14,44.08,0,1.46003125,0,0
empty_tensor,,,8.96,8.96,0,0,0,0
aclnnAdd,,,13.98,13.98,1.46003125,1.46003125,0,0
aten::slice,,,7.01,28.06,0,0,0,0
aten::as_strided,,,21.05,21.05,0,0,0,0
aten::copy_,,,53.3,68.48,0,0.62003125,0,0
aclnnInplaceCopy,,,15.18,15.18,0.62003125,0.62003125,0,0
aten::slice,,,6.77,28.75,0,0,0,0
aten::as_strided,,,21.98,21.98,0,0,0,0
aten::fill_,,,14.97,31.79,0,1.50003125,0,0
aclnnInplaceFillScalar,,,16.82,16.82,1.50003125,1.50003125,0,0
aten::slice,,,6.67,28.54,0,0,0,0
aten::as_strided,,,21.87,21.87,0,0,0,0
aten::slice,,,3.37,6.8,0,0,0,0
aten::as_strided,,,3.43,3.43,0,0,0,0
_compute_slot_mapping_fused_groups_kernel,,,33.98,33.98,22.0604375,22.0604375,0,0
aten::slice,,,48.73,59.43,0,0,0,0
aten::as_strided,,,10.7,10.7,0,0,0,0
aten::sub,,,28.5,65.14,0,1.50003125,0,0
empty_tensor,,,11.62,11.62,0,0,0,0
aten::item,,,3.03,4.85,0,0,0,0
aten::_local_scalar_dense,,,1.82,1.82,0,0,0,0
aclnnSubs,,,20.17,20.17,1.50003125,1.50003125,0,0
aten::pin_memory,,,11.81,32.16,0,0,0,0
aten::is_pinned,,,20.35,20.35,0,0,0,0
aten::copy_,,,21.86,48.92,0,2.3800625,0,0
acl_memcpy_host_to_device,,,27.06,27.06,2.3800625,2.3800625,0,0
aten::detach,,,4.58,4.58,0,0,0,0
aten::to,,,1.8,1.8,0,0,0,0
aten::resolve_conj,,,0.78,0.78,0,0,0,0
aten::resolve_neg,,,0.53,0.53,0,0,0,0
aten::slice,,,9.08,17.2,0,0,0,0
aten::as_strided,,,8.12,8.12,0,0,0,0
aten::slice,,,2.97,6.1,0,0,0,0
aten::as_strided,,,3.13,3.13,0,0,0,0
aten::slice,,,2.76,4.9,0,0,0,0
aten::as_strided,,,2.14,2.14,0,0,0,0
aten::fill_,,,21.5,41.1,0,0,0,0
aclnnInplaceFillScalar,,,19.6,19.6,0,0,0,0
aten::slice,,,5.39,9.01,0,0,0,0
aten::as_strided,,,3.62,3.62,0,0,0,0
aten::fill_,,,13.22,26.26,0,0,0,0
aclnnInplaceFillScalar,,,13.04,13.04,0,0,0,0
aten::slice,,,4.46,6.8,0,0,0,0
aten::as_strided,,,2.34,2.34,0,0,0,0
aten::slice,,,2.74,3.71,0,0,0,0
aten::as_strided,,,0.97,0.97,0,0,0,0
aten::lt,,,14.9,14.9,0,0,0,0
aten::lift_fresh,,,0.96,0.96,0,0,0,0
aten::slice,,,1.54,2.47,0,0,0,0
aten::as_strided,,,0.93,0.93,0,0,0,0
aten::fill_,,,2.38,9.75,0,0,0,0
aten::copy_,,,7.37,7.37,0,0,0,0
aten::slice,,,3.48,5.59,0,0,0,0
aten::as_strided,,,2.11,2.11,0,0,0,0
aten::slice,,,3.54,8.1,0,0,0,0
aten::as_strided,,,4.56,4.56,0,0,0,0
aten::slice,,,2.5,4.8,0,0,0,0
aten::as_strided,,,2.3,2.3,0,0,0,0
aten::slice,,,3.28,5.74,0,0,0,0
aten::as_strided,,,2.46,2.46,0,0,0,0
aten::slice,,,1.96,2.71,0,0,0,0
aten::as_strided,,,0.75,0.75,0,0,0,0
aten::slice,,,2.56,3.8,0,0,0,0
aten::as_strided,,,1.24,1.24,0,0,0,0
aten::slice,,,2.51,4.96,0,0,0,0
aten::as_strided,,,2.45,2.45,0,0,0,0
aten::slice,,,2.33,4.29,0,0,0,0
aten::as_strided,,,1.96,1.96,0,0,0,0
aten::slice,,,2.2,4.17,0,0,0,0
aten::as_strided,,,1.97,1.97,0,0,0,0
aten::slice,,,5.92,12.11,0,0,0,0
aten::as_strided,,,6.19,6.19,0,0,0,0
aten::slice,,,2.66,6.15,0,0,0,0
aten::as_strided,,,3.49,3.49,0,0,0,0
aten::slice,,,3.22,5.82,0,0,0,0
aten::as_strided,,,2.6,2.6,0,0,0,0
aten::to,,,1.42,1.42,0,0,0,0
aten::slice,,,2.53,5.71,0,0,0,0
aten::as_strided,,,3.18,3.18,0,0,0,0
aten::slice,,,2.33,4.78,0,0,0,0
aten::as_strided,,,2.45,2.45,0,0,0,0
aten::slice,,,2.24,3.63,0,0,0,0
aten::as_strided,,,1.39,1.39,0,0,0,0
aten::slice,,,2.77,5.94,0,0,0,0
aten::as_strided,,,3.17,3.17,0,0,0,0
aten::slice,,,2.24,6.36,0,0,0,0
aten::as_strided,,,4.12,4.12,0,0,0,0
aten::alias,,,5.1,5.1,0,0,0,0
aten::div,,,39.52,63.77,0,5.9600937499999995,0,0
aten::item,,,2.54,4.08,0,0,0,0
aten::_local_scalar_dense,,,1.54,1.54,0,0,0,0
aclnnDivMods,,,20.17,20.17,5.9600937499999995,5.9600937499999995,0,0
aten::slice,,,18.79,25.39,0,0,0,0
aten::as_strided,,,6.6,6.6,0,0,0,0
aten::slice,,,5.11,8.57,0,0,0,0
aten::as_strided,,,3.46,3.46,0,0,0,0
aten::copy_,,,67.29,91.25,0,0.58,0,0
aclnnInplaceCopy,,,23.96,23.96,0.58,0.58,0,0
aten::slice,,,3.35,7.27,0,0,0,0
aten::as_strided,,,3.92,3.92,0,0,0,0
aten::slice,,,5.95,10.38,0,0,0,0
aten::as_strided,,,4.43,4.43,0,0,0,0
aten::ge,,,25.19,54.33,0,4.44009375,0,0
empty_tensor,,,12.61,12.61,0,0,0,0
aclnnGeScalar,,,16.53,16.53,4.44009375,4.44009375,0,0
aten::add,,,44.24,73.0,0,2.00003125,0,0
empty_tensor,,,9.3,9.3,0,0,0,0
aten::item,,,2.42,4.22,0,0,0,0
aten::_local_scalar_dense,,,1.8,1.8,0,0,0,0
aclnnAdds,,,15.24,15.24,2.00003125,2.00003125,0,0
aten::remainder,,,41.93,65.88,0,3.4600625,0,0
empty_tensor,,,8.2,8.2,0,0,0,0
aclnnRemainderTensorScalar,,,15.75,15.75,3.4600625,3.4600625,0,0
aten::eq,,,31.78,50.7,0,2.2800625,0,0
empty_tensor,,,7.79,7.79,0,0,0,0
aclnnEqScalar,,,11.13,11.13,2.2800625,2.2800625,0,0
aten::__and__,,,2.78,51.11,0,1.44003125,0,0
aten::bitwise_and,,,30.02,48.33,0,1.44003125,0,0
empty_tensor,,,6.91,6.91,0,0,0,0
aclnnBitwiseAndTensor,,,11.4,11.4,1.44003125,1.44003125,0,0
aten::clamp_min,,,29.3,48.32,0,1.66003125,0,0
empty_tensor,,,7.52,7.52,0,0,0,0
aclnnClampMin,,,11.5,11.5,1.66003125,1.66003125,0,0
aten::div,,,27.73,52.88,0,4.82009375,0,0
empty_tensor,,,7.83,7.83,0,0,0,0
aten::item,,,2.19,3.83,0,0,0,0
aten::_local_scalar_dense,,,1.64,1.64,0,0,0,0
aclnnDivMods,,,13.49,13.49,4.82009375,4.82009375,0,0
aten::remainder,,,21.42,42.75,0,4.8001249999999995,0,0
empty_tensor,,,7.83,7.83,0,0,0,0
aclnnRemainderTensorScalar,,,13.5,13.5,4.8001249999999995,4.8001249999999995,0,0
aten::mul,,,36.47,59.25,0,1.46,0,0
empty_tensor,,,7.06,7.06,0,0,0,0
aten::item,,,1.96,3.58,0,0,0,0
aten::_local_scalar_dense,,,1.62,1.62,0,0,0,0
aclnnMuls,,,12.14,12.14,1.46,1.46,0,0
aten::div,,,24.36,46.46,0,4.5200625,0,0
empty_tensor,,,7.84,7.84,0,0,0,0
aten::item,,,1.52,2.53,0,0,0,0
aten::_local_scalar_dense,,,1.01,1.01,0,0,0,0
aclnnDivMods,,,11.73,11.73,4.5200625,4.5200625,0,0
aten::add,,,32.14,49.68,0,1.20003125,0,0
empty_tensor,,,6.83,6.83,0,0,0,0
aclnnAdd,,,10.71,10.71,1.20003125,1.20003125,0,0
aten::full_like,,,5.11,49.28,0,1.36,0,0
aten::empty_like,,,7.37,20.75,0,0,0,0
aten::empty_strided,,,7.69,13.38,0,0,0,0
empty_tensor,,,5.69,5.69,0,0,0,0
aten::fill_,,,11.48,23.42,0,1.36,0,0
aclnnInplaceFillScalar,,,11.94,11.94,1.36,1.36,0,0
aten::where,,,29.74,58.94,0,1.78003125,0,0
empty_tensor,,,20.92,20.92,0,0,0,0
aclnnSWhere,,,8.28,8.28,1.78003125,1.78003125,0,0
aten::copy_,,,18.28,29.73,0,1.28003125,0,0
aclnnInplaceCopy,,,11.45,11.45,1.28003125,1.28003125,0,0
aten::slice,,,13.84,19.41,0,0,0,0
aten::as_strided,,,5.57,5.57,0,0,0,0
aten::slice,,,6.4,10.52,0,0,0,0
aten::as_strided,,,4.12,4.12,0,0,0,0
aten::div,,,26.59,45.29,0,4.44009375,0,0
aten::item,,,2.19,3.51,0,0,0,0
aten::_local_scalar_dense,,,1.32,1.32,0,0,0,0
aclnnDivMods,,,15.19,15.19,4.44009375,4.44009375,0,0
aten::slice,,,3.14,24.81,0,0,0,0
aten::as_strided,,,21.67,21.67,0,0,0,0
aten::slice,,,4.8,8.08,0,0,0,0
aten::as_strided,,,3.28,3.28,0,0,0,0
aten::slice,,,2.6,4.64,0,0,0,0
aten::as_strided,,,2.04,2.04,0,0,0,0
aten::copy_,,,64.01,80.9,0,0.6,0,0
aclnnInplaceCopy,,,16.89,16.89,0.6,0.6,0,0
aten::slice,,,3.13,6.95,0,0,0,0
aten::as_strided,,,3.82,3.82,0,0,0,0
aten::slice,,,6.38,10.48,0,0,0,0
aten::as_strided,,,4.1,4.1,0,0,0,0
aten::copy_,,,55.99,72.96,0,0.66003125,0,0
aclnnInplaceCopy,,,16.97,16.97,0.66003125,0.66003125,0,0
aten::slice,,,6.75,26.03,0,0,0,0
aten::as_strided,,,19.28,19.28,0,0,0,0
aten::div,,,13.96,33.69,0,0,0,0
aten::to,,,1.86,19.73,0,0,0,0
aten::_to_copy,,,5.65,17.87,0,0,0,0
aten::empty_strided,,,4.58,4.58,0,0,0,0
aten::copy_,,,7.64,7.64,0,0,0,0
aten::slice,,,4.64,10.52,0,0,0,0
aten::as_strided,,,5.88,5.88,0,0,0,0
aten::slice,,,5.77,11.24,0,0,0,0
aten::as_strided,,,5.47,5.47,0,0,0,0
aten::slice,,,3.22,6.0,0,0,0,0
aten::as_strided,,,2.78,2.78,0,0,0,0
aten::slice,,,2.28,4.84,0,0,0,0
aten::as_strided,,,2.56,2.56,0,0,0,0
aten::fill_,,,19.34,40.79,0,0,0,0
aclnnInplaceFillScalar,,,21.45,21.45,0,0,0,0
aten::slice,,,5.13,8.87,0,0,0,0
aten::as_strided,,,3.74,3.74,0,0,0,0
aten::fill_,,,12.36,23.46,0,0,0,0
aclnnInplaceFillScalar,,,11.1,11.1,0,0,0,0
aten::slice,,,4.97,9.38,0,0,0,0
aten::as_strided,,,4.41,4.41,0,0,0,0
aten::slice,,,2.68,5.96,0,0,0,0
aten::as_strided,,,3.28,3.28,0,0,0,0
aten::slice,,,5.73,8.42,0,0,0,0
aten::as_strided,,,2.69,2.69,0,0,0,0
aten::slice,,,2.69,6.61,0,0,0,0
aten::as_strided,,,3.92,3.92,0,0,0,0
aten::slice,,,3.52,5.95,0,0,0,0
aten::as_strided,,,2.43,2.43,0,0,0,0
aten::slice,,,2.64,5.06,0,0,0,0
aten::as_strided,,,2.42,2.42,0,0,0,0
aten::slice,,,2.38,5.26,0,0,0,0
aten::as_strided,,,2.88,2.88,0,0,0,0
aten::fill_,,,17.12,29.9,0,0,0,0
aclnnInplaceFillScalar,,,12.78,12.78,0,0,0,0
aten::slice,,,4.17,7.64,0,0,0,0
aten::as_strided,,,3.47,3.47,0,0,0,0
aten::fill_,,,11.05,24.29,0,0,0,0
aclnnInplaceFillScalar,,,13.24,13.24,0,0,0,0
aten::diff,,,7.99,35.53,0,0,0,0
aten::narrow,,,6.03,11.17,0,0,0,0
aten::slice,,,2.55,5.14,0,0,0,0
aten::as_strided,,,2.59,2.59,0,0,0,0
aten::narrow,,,1.92,3.99,0,0,0,0
aten::slice,,,1.05,2.07,0,0,0,0
aten::as_strided,,,1.02,1.02,0,0,0,0
aten::sub,,,12.38,12.38,0,0,0,0
aten::eq,,,14.04,28.58,0,0,0,0
aten::to,,,1.61,14.54,0,0,0,0
aten::_to_copy,,,4.29,12.93,0,0,0,0
aten::empty_strided,,,2.97,2.97,0,0,0,0
aten::copy_,,,5.67,5.67,0,0,0,0
aten::__and__,,,1.9,6.95,0,0,0,0
aten::bitwise_and,,,5.05,5.05,0,0,0,0
aten::gt,,,7.99,16.18,0,0,0,0
aten::to,,,1.05,8.19,0,0,0,0
aten::_to_copy,,,2.67,7.14,0,0,0,0
aten::empty_strided,,,1.8,1.8,0,0,0,0
aten::copy_,,,2.67,2.67,0,0,0,0
aten::__and__,,,1.21,3.97,0,0,0,0
aten::bitwise_and,,,2.76,2.76,0,0,0,0
aten::any,,,6.19,13.73,0,0,0,0
aten::view_as,,,2.17,4.1,0,0,0,0
aten::view,,,1.93,1.93,0,0,0,0
aten::to,,,0.4,0.4,0,0,0,0
aten::copy_,,,3.04,3.04,0,0,0,0
aten::item,,,1.52,2.81,0,0,0,0
aten::_local_scalar_dense,,,1.29,1.29,0,0,0,0
aten::slice,,,4.41,6.15,0,0,0,0
aten::as_strided,,,1.74,1.74,0,0,0,0
aten::slice,,,2.34,3.23,0,0,0,0
aten::as_strided,,,0.89,0.89,0,0,0,0
aten::sub,,,4.69,4.69,0,0,0,0
aten::select,,,2.94,4.14,0,0,0,0
aten::as_strided,,,1.2,1.2,0,0,0,0
aten::item,,,0.98,1.88,0,0,0,0
aten::_local_scalar_dense,,,0.9,0.9,0,0,0,0
aten::gt,,,7.23,15.72,0,0,0,0
aten::to,,,1.01,8.49,0,0,0,0
aten::_to_copy,,,2.74,7.48,0,0,0,0
aten::empty_strided,,,1.86,1.86,0,0,0,0
aten::copy_,,,2.88,2.88,0,0,0,0
aten::__ior__,,,1.83,6.85,0,0,0,0
aten::bitwise_or_,,,5.02,5.02,0,0,0,0
aten::any,,,4.79,10.57,0,0,0,0
aten::view_as,,,1.62,2.73,0,0,0,0
aten::view,,,1.11,1.11,0,0,0,0
aten::to,,,0.38,0.38,0,0,0,0
aten::copy_,,,2.67,2.67,0,0,0,0
aten::is_nonzero,,,1.68,3.47,0,0,0,0
aten::item,,,1.09,1.79,0,0,0,0
aten::_local_scalar_dense,,,0.7,0.7,0,0,0,0
aten::select,,,4.33,10.91,0,0,0,0
aten::as_strided,,,6.58,6.58,0,0,0,0
aten::slice,,,4.5,9.14,0,0,0,0
aten::as_strided,,,4.64,4.64,0,0,0,0
aten::slice,,,2.47,4.89,0,0,0,0
aten::as_strided,,,2.42,2.42,0,0,0,0
aten::slice,,,2.5,4.52,0,0,0,0
aten::as_strided,,,2.02,2.02,0,0,0,0
aten::copy_,,,68.39,87.83,0,0.62,0,0
aclnnInplaceCopy,,,19.44,19.44,0.62,0.62,0,0
aten::slice,,,36.63,41.59,0,0,0,0
aten::as_strided,,,4.96,4.96,0,0,0,0
aten::fill_,,,19.09,33.95,0,0,0,0
aclnnInplaceFillScalar,,,14.86,14.86,0,0,0,0
aten::slice,,,6.63,10.43,0,0,0,0
aten::as_strided,,,3.8,3.8,0,0,0,0
aten::slice,,,2.77,5.57,0,0,0,0
aten::as_strided,,,2.8,2.8,0,0,0,0
aten::slice,,,2.35,4.7,0,0,0,0
aten::as_strided,,,2.35,2.35,0,0,0,0
aten::copy_,,,57.05,73.37,0,0.62,0,0
aclnnInplaceCopy,,,16.32,16.32,0.62,0.62,0,0
aten::slice,,,6.52,38.54,0,0,0,0
aten::as_strided,,,32.02,32.02,0,0,0,0
aten::slice,,,4.11,7.84,0,0,0,0
aten::as_strided,,,3.73,3.73,0,0,0,0
aten::slice,,,3.32,6.46,0,0,0,0
aten::as_strided,,,3.14,3.14,0,0,0,0
aten::slice,,,2.46,5.04,0,0,0,0
aten::as_strided,,,2.58,2.58,0,0,0,0
aten::slice,,,2.37,4.75,0,0,0,0
aten::as_strided,,,2.38,2.38,0,0,0,0
aten::copy_,,,56.78,76.46,0,0.68,0,0
aclnnInplaceCopy,,,19.68,19.68,0.68,0.68,0,0
aten::slice,,,30.23,35.47,0,0,0,0
aten::as_strided,,,5.24,5.24,0,0,0,0
aten::slice,,,3.19,6.44,0,0,0,0
aten::as_strided,,,3.25,3.25,0,0,0,0
aten::slice,,,2.72,5.26,0,0,0,0
aten::as_strided,,,2.54,2.54,0,0,0,0
aten::sub,,,22.16,38.49,0,1.32003125,0,0
aclnnSub,,,16.33,16.33,1.32003125,1.32003125,0,0
aten::slice,,,8.43,11.75,0,0,0,0
aten::as_strided,,,3.32,3.32,0,0,0,0
aten::slice,,,2.97,8.53,0,0,0,0
aten::as_strided,,,5.56,5.56,0,0,0,0
aten::slice,,,2.92,5.78,0,0,0,0
aten::as_strided,,,2.86,2.86,0,0,0,0
aten::slice,,,2.45,4.96,0,0,0,0
aten::as_strided,,,2.51,2.51,0,0,0,0
aten::slice,,,2.34,4.6,0,0,0,0
aten::as_strided,,,2.26,2.26,0,0,0,0
aten::fill_,,,18.99,39.54,0,0,0,0
aclnnInplaceFillScalar,,,20.55,20.55,0,0,0,0
aten::slice,,,4.49,8.12,0,0,0,0
aten::as_strided,,,3.63,3.63,0,0,0,0
aten::fill_,,,13.12,26.3,0,0,0,0
aclnnInplaceFillScalar,,,13.18,13.18,0,0,0,0
aten::diff,,,7.42,34.43,0,0,0,0
aten::narrow,,,6.06,10.99,0,0,0,0
aten::slice,,,2.48,4.93,0,0,0,0
aten::as_strided,,,2.45,2.45,0,0,0,0
aten::narrow,,,1.96,4.41,0,0,0,0
aten::slice,,,1.2,2.45,0,0,0,0
aten::as_strided,,,1.25,1.25,0,0,0,0
aten::sub,,,11.61,11.61,0,0,0,0
aten::eq,,,11.86,27.44,0,0,0,0
aten::to,,,1.73,15.58,0,0,0,0
aten::_to_copy,,,4.99,13.85,0,0,0,0
aten::empty_strided,,,3.17,3.17,0,0,0,0
aten::copy_,,,5.69,5.69,0,0,0,0
aten::__and__,,,1.99,6.14,0,0,0,0
aten::bitwise_and,,,4.15,4.15,0,0,0,0
aten::gt,,,7.42,15.85,0,0,0,0
aten::to,,,1.05,8.43,0,0,0,0
aten::_to_copy,,,2.89,7.38,0,0,0,0
aten::empty_strided,,,1.86,1.86,0,0,0,0
aten::copy_,,,2.63,2.63,0,0,0,0
aten::__and__,,,1.2,4.24,0,0,0,0
aten::bitwise_and,,,3.04,3.04,0,0,0,0
aten::any,,,5.5,12.97,0,0,0,0
aten::view_as,,,2.01,4.13,0,0,0,0
aten::view,,,2.12,2.12,0,0,0,0
aten::to,,,0.51,0.51,0,0,0,0
aten::copy_,,,2.83,2.83,0,0,0,0
aten::item,,,1.84,3.05,0,0,0,0
aten::_local_scalar_dense,,,1.21,1.21,0,0,0,0
aten::slice,,,4.66,6.27,0,0,0,0
aten::as_strided,,,1.61,1.61,0,0,0,0
aten::slice,,,2.3,3.59,0,0,0,0
aten::as_strided,,,1.29,1.29,0,0,0,0
aten::sub,,,4.59,4.59,0,0,0,0
aten::select,,,2.69,4.02,0,0,0,0
aten::as_strided,,,1.33,1.33,0,0,0,0
aten::item,,,1.2,2.36,0,0,0,0
aten::_local_scalar_dense,,,1.16,1.16,0,0,0,0
aten::gt,,,7.07,16.18,0,0,0,0
aten::to,,,1.18,9.11,0,0,0,0
aten::_to_copy,,,2.85,7.93,0,0,0,0
aten::empty_strided,,,1.98,1.98,0,0,0,0
aten::copy_,,,3.1,3.1,0,0,0,0
aten::__ior__,,,1.86,5.94,0,0,0,0
aten::bitwise_or_,,,4.08,4.08,0,0,0,0
aten::any,,,4.69,10.83,0,0,0,0
aten::view_as,,,1.61,3.05,0,0,0,0
aten::view,,,1.44,1.44,0,0,0,0
aten::to,,,0.52,0.52,0,0,0,0
aten::copy_,,,2.57,2.57,0,0,0,0
aten::is_nonzero,,,1.6,3.62,0,0,0,0
aten::item,,,1.27,2.02,0,0,0,0
aten::_local_scalar_dense,,,0.75,0.75,0,0,0,0
aten::select,,,4.71,11.36,0,0,0,0
aten::as_strided,,,6.65,6.65,0,0,0,0
aten::slice,,,4.4,8.84,0,0,0,0
aten::as_strided,,,4.44,4.44,0,0,0,0
aten::slice,,,2.74,5.01,0,0,0,0
aten::as_strided,,,2.27,2.27,0,0,0,0
aten::slice,,,2.95,5.67,0,0,0,0
aten::as_strided,,,2.72,2.72,0,0,0,0
aten::copy_,,,84.49,99.42,0,0.6,0,0
aclnnInplaceCopy,,,14.93,14.93,0.6,0.6,0,0
aten::slice,,,26.13,32.13,0,0,0,0
aten::as_strided,,,6.0,6.0,0,0,0,0
aten::fill_,,,16.68,34.95,0,0,0,0
aclnnInplaceFillScalar,,,18.27,18.27,0,0,0,0
aten::slice,,,15.94,20.37,0,0,0,0
aten::as_strided,,,4.43,4.43,0,0,0,0
aten::slice,,,3.3,10.51,0,0,0,0
aten::as_strided,,,7.21,7.21,0,0,0,0
aten::slice,,,3.65,7.57,0,0,0,0
aten::as_strided,,,3.92,3.92,0,0,0,0
aten::copy_,,,69.25,89.57,0,0.58003125,0,0
aclnnInplaceCopy,,,20.32,20.32,0.58003125,0.58003125,0,0
aten::slice,,,34.89,49.09,0,0,0,0
aten::as_strided,,,14.2,14.2,0,0,0,0
aten::slice,,,4.31,9.96,0,0,0,0
aten::as_strided,,,5.65,5.65,0,0,0,0
aten::slice,,,41.31,44.85,0,0,0,0
aten::as_strided,,,3.54,3.54,0,0,0,0
aten::slice,,,3.71,8.72,0,0,0,0
aten::as_strided,,,5.01,5.01,0,0,0,0
aten::slice,,,2.94,11.23,0,0,0,0
aten::as_strided,,,8.29,8.29,0,0,0,0
aten::copy_,,,61.29,77.42,0,0.64003125,0,0
aclnnInplaceCopy,,,16.13,16.13,0.64003125,0.64003125,0,0
aten::slice,,,6.9,11.85,0,0,0,0
aten::as_strided,,,4.95,4.95,0,0,0,0
aten::slice,,,2.2,4.54,0,0,0,0
aten::as_strided,,,2.34,2.34,0,0,0,0
aten::slice,,,2.43,4.55,0,0,0,0
aten::as_strided,,,2.12,2.12,0,0,0,0
aten::sub,,,20.36,36.98,0,1.38003125,0,0
aclnnSub,,,16.62,16.62,1.38003125,1.38003125,0,0
aten::slice,,,8.24,11.34,0,0,0,0
aten::as_strided,,,3.1,3.1,0,0,0,0
aten::slice,,,3.15,8.85,0,0,0,0
aten::as_strided,,,5.7,5.7,0,0,0,0
aten::slice,,,3.15,6.3,0,0,0,0
aten::as_strided,,,3.15,3.15,0,0,0,0
aten::slice,,,2.45,4.58,0,0,0,0
aten::as_strided,,,2.13,2.13,0,0,0,0
aten::slice,,,2.82,4.68,0,0,0,0
aten::as_strided,,,1.86,1.86,0,0,0,0
aten::fill_,,,17.7,37.25,0,0,0,0
aclnnInplaceFillScalar,,,19.55,19.55,0,0,0,0
aten::slice,,,3.95,7.37,0,0,0,0
aten::as_strided,,,3.42,3.42,0,0,0,0
aten::fill_,,,13.15,23.67,0,0,0,0
aclnnInplaceFillScalar,,,10.52,10.52,0,0,0,0
aten::diff,,,7.09,31.52,0,0,0,0
aten::narrow,,,5.21,9.34,0,0,0,0
aten::slice,,,2.06,4.13,0,0,0,0
aten::as_strided,,,2.07,2.07,0,0,0,0
aten::narrow,,,1.59,3.35,0,0,0,0
aten::slice,,,0.98,1.76,0,0,0,0
aten::as_strided,,,0.78,0.78,0,0,0,0
aten::sub,,,11.74,11.74,0,0,0,0
aten::eq,,,12.29,25.72,0,0,0,0
aten::to,,,1.4,13.43,0,0,0,0
aten::_to_copy,,,4.06,12.03,0,0,0,0
aten::empty_strided,,,2.76,2.76,0,0,0,0
aten::copy_,,,5.21,5.21,0,0,0,0
aten::__and__,,,1.9,6.06,0,0,0,0
aten::bitwise_and,,,4.16,4.16,0,0,0,0
aten::gt,,,6.87,16.14,0,0,0,0
aten::to,,,1.57,9.27,0,0,0,0
aten::_to_copy,,,2.49,7.7,0,0,0,0
aten::empty_strided,,,2.81,2.81,0,0,0,0
aten::copy_,,,2.4,2.4,0,0,0,0
aten::__and__,,,1.14,3.96,0,0,0,0
aten::bitwise_and,,,2.82,2.82,0,0,0,0
aten::any,,,5.14,12.14,0,0,0,0
aten::view_as,,,1.75,4.04,0,0,0,0
aten::view,,,2.29,2.29,0,0,0,0
aten::to,,,0.34,0.34,0,0,0,0
aten::copy_,,,2.62,2.62,0,0,0,0
aten::item,,,1.7,3.07,0,0,0,0
aten::_local_scalar_dense,,,1.37,1.37,0,0,0,0
aten::slice,,,4.0,5.61,0,0,0,0
aten::as_strided,,,1.61,1.61,0,0,0,0
aten::slice,,,2.04,3.48,0,0,0,0
aten::as_strided,,,1.44,1.44,0,0,0,0
aten::sub,,,4.59,4.59,0,0,0,0
aten::select,,,2.7,4.05,0,0,0,0
aten::as_strided,,,1.35,1.35,0,0,0,0
aten::item,,,0.95,1.86,0,0,0,0
aten::_local_scalar_dense,,,0.91,0.91,0,0,0,0
aten::gt,,,6.87,15.04,0,0,0,0
aten::to,,,0.88,8.17,0,0,0,0
aten::_to_copy,,,2.95,7.29,0,0,0,0
aten::empty_strided,,,1.59,1.59,0,0,0,0
aten::copy_,,,2.75,2.75,0,0,0,0
aten::__ior__,,,2.22,6.16,0,0,0,0
aten::bitwise_or_,,,3.94,3.94,0,0,0,0
aten::any,,,4.88,10.76,0,0,0,0
aten::view_as,,,1.53,2.89,0,0,0,0
aten::view,,,1.36,1.36,0,0,0,0
aten::to,,,0.5,0.5,0,0,0,0
aten::copy_,,,2.49,2.49,0,0,0,0
aten::is_nonzero,,,1.45,3.32,0,0,0,0
aten::item,,,1.16,1.87,0,0,0,0
aten::_local_scalar_dense,,,0.71,0.71,0,0,0,0
aten::select,,,4.38,12.58,0,0,0,0
aten::as_strided,,,8.2,8.2,0,0,0,0
aten::slice,,,4.89,9.2,0,0,0,0
aten::as_strided,,,4.31,4.31,0,0,0,0
aten::slice,,,2.46,4.89,0,0,0,0
aten::as_strided,,,2.43,2.43,0,0,0,0
aten::slice,,,2.23,4.31,0,0,0,0
aten::as_strided,,,2.08,2.08,0,0,0,0
aten::copy_,,,86.34,104.49,0,0.6,0,0
aclnnInplaceCopy,,,18.15,18.15,0.6,0.6,0,0
aten::slice,,,7.12,41.95,0,0,0,0
aten::as_strided,,,34.83,34.83,0,0,0,0
aten::fill_,,,16.93,33.57,0,0,0,0
aclnnInplaceFillScalar,,,16.64,16.64,0,0,0,0
aten::slice,,,5.12,9.57,0,0,0,0
aten::as_strided,,,4.45,4.45,0,0,0,0
aten::slice,,,2.57,5.57,0,0,0,0
aten::as_strided,,,3.0,3.0,0,0,0,0
aten::slice,,,2.68,4.78,0,0,0,0
aten::as_strided,,,2.1,2.1,0,0,0,0
aten::copy_,,,56.46,69.92,0,0.64003125,0,0
aclnnInplaceCopy,,,13.46,13.46,0.64003125,0.64003125,0,0
aten::slice,,,5.9,36.17,0,0,0,0
aten::as_strided,,,30.27,30.27,0,0,0,0
aten::slice,,,3.82,7.63,0,0,0,0
aten::as_strided,,,3.81,3.81,0,0,0,0
aten::slice,,,3.08,6.06,0,0,0,0
aten::as_strided,,,2.98,2.98,0,0,0,0
aten::slice,,,2.56,4.76,0,0,0,0
aten::as_strided,,,2.2,2.2,0,0,0,0
aten::slice,,,2.49,4.78,0,0,0,0
aten::as_strided,,,2.29,2.29,0,0,0,0
aten::copy_,,,54.97,74.62,0,0.58,0,0
aclnnInplaceCopy,,,19.65,19.65,0.58,0.58,0,0
aten::slice,,,6.73,36.71,0,0,0,0
aten::as_strided,,,29.98,29.98,0,0,0,0
aten::slice,,,4.18,7.33,0,0,0,0
aten::as_strided,,,3.15,3.15,0,0,0,0
aten::slice,,,2.55,5.01,0,0,0,0
aten::as_strided,,,2.46,2.46,0,0,0,0
aten::sub,,,20.28,35.26,0,1.44,0,0
aclnnSub,,,14.98,14.98,1.44,1.44,0,0
Event::record,,,187.63,213.78,0,0.02,0,0
record_event,,,26.15,26.15,0.02,0.02,0,0
aten::slice,,,9.59,18.13,0,0,0,0
aten::as_strided,,,8.54,8.54,0,0,0,0
aten::slice,,,3.67,6.84,0,0,0,0
aten::as_strided,,,3.17,3.17,0,0,0,0
aten::slice,,,7.18,14.69,0,0,0,0
aten::as_strided,,,7.51,7.51,0,0,0,0
aten::scalar_tensor,,,6.46,64.79,0,1.38003125,0,0
aten::empty,,,3.4,16.04,0,0,0,0
empty_tensor,,,12.64,12.64,0,0,0,0
aten::fill_,,,18.85,42.29,0,1.38003125,0,0
aclnnInplaceFillScalar,,,23.44,23.44,1.38003125,1.38003125,0,0
aten::view,,,5.11,5.11,0,0,0,0
aten::expand,,,3.37,31.25,0,0,0,0
aten::as_strided,,,27.88,27.88,0,0,0,0
aten::copy_,,,59.54,78.82,0,0.58003125,0,0
aclnnInplaceCopy,,,19.28,19.28,0.58003125,0.58003125,0,0
aten::scalar_tensor,,,5.31,63.3,0,1.38,0,0
aten::empty,,,19.64,30.05,0,0,0,0
empty_tensor,,,10.41,10.41,0,0,0,0
aten::fill_,,,13.75,27.94,0,1.38,0,0
aclnnInplaceFillScalar,,,14.19,14.19,1.38,1.38,0,0
aten::slice,,,22.77,28.57,0,0,0,0
aten::as_strided,,,5.8,5.8,0,0,0,0
aten::view,,,3.65,3.65,0,0,0,0
aten::expand,,,1.96,4.11,0,0,0,0
aten::as_strided,,,2.15,2.15,0,0,0,0
aten::copy_,,,2.34,2.34,0,0,0,0
aten::index,,,41.82,82.39,0,11.64021875,0,0
empty_tensor,,,8.63,8.63,0,0,0,0
empty_tensor,,,9.92,9.92,0,0,0,0
aclnnIndex,,,22.02,22.02,11.64021875,11.64021875,0,0
aten::linear,,,6.62,78.5,0,896.27790625,0,896.27790625
aten::t,,,6.55,18.29,0,0,0,0
aten::transpose,,,3.85,11.74,0,0,0,0
aten::as_strided,,,7.89,7.89,0,0,0,0
aten::matmul,,,25.23,53.59,0,896.27790625,0,896.27790625
empty_tensor,,,10.42,10.42,0,0,0,0
aclnnMatmul,,,17.94,17.94,896.27790625,896.27790625,896.27790625,896.27790625
aten::alias,,,3.66,3.66,0,0,0,0
aten::log_softmax,,,9.01,147.27,0,52.04103125,0,0
aten::to,,,3.37,77.2,0,8.04015625,0,0
aten::_to_copy,,,7.87,73.83,0,8.04015625,0,0
aten::empty_strided,,,13.05,21.94,0,0,0,0
empty_tensor,,,8.89,8.89,0,0,0,0
aten::copy_,,,23.17,44.02,0,8.04015625,0,0
aclnnInplaceCopy,,,20.85,20.85,8.04015625,8.04015625,0,0
aten::_log_softmax,,,41.22,61.06,0,44.000875,0,0
empty_tensor,,,7.75,7.75,0,0,0,0
aclnnLogSoftmax,,,12.09,12.09,44.000875,44.000875,0,0
aten::to,,,2.3,56.08,0,3.2600625,0,0
aten::_to_copy,,,5.95,53.78,0,3.2600625,0,0
aten::empty_strided,,,7.96,13.62,0,0,0,0
empty_tensor,,,5.66,5.66,0,0,0,0
aten::copy_,,,17.44,34.21,0,3.2600625,0,0
aclnnInplaceCopy,,,16.77,16.77,3.2600625,3.2600625,0,0
aten::argmax,,,8.15,69.32,0,20.66040625,0,0
aten::empty,,,3.14,12.65,0,0,0,0
empty_tensor,,,9.51,9.51,0,0,0,0
aten::argmax,,,27.32,48.52,0,20.66040625,0,0
aten::reshape,,,1.86,7.38,0,0,0,0
aten::view,,,5.52,5.52,0,0,0,0
aclnnArgMax,,,13.82,13.82,20.66040625,20.66040625,0,0
aten::view,,,4.4,4.4,0,0,0,0
aten::to,,,2.14,2.14,0,0,0,0
aten::topk,,,24.31,53.7,0,31.9406875,0,0
empty_tensor,,,9.82,9.82,0,0,0,0
empty_tensor,,,6.14,6.14,0,0,0,0
aclnnTopk,,,13.43,13.43,31.9406875,31.9406875,0,0
aten::unsqueeze,,,3.89,8.71,0,0,0,0
aten::as_strided,,,4.82,4.82,0,0,0,0
aten::gather,,,24.18,47.82,0,5.36009375,0,0
empty_tensor,,,8.06,8.06,0,0,0,0
aclnnGather,,,15.58,15.58,5.36009375,5.36009375,0,0
TorchDynamo Cache Lookup,,,37.62,37.62,0,0,0,0
Torch-Compiled Region: 0/0,,,162.07,260.1,0,35.30071875,0,0
aten::_assert_scalar,,,4.25,4.25,0,0,0,0
aten::_assert_scalar,,,1.41,1.41,0,0,0,0
aten::_assert_scalar,,,0.75,0.75,0,0,0,0
aten::ge,,,22.39,57.81,0,7.80015625,0,0
empty_tensor,,,14.22,14.22,0,0,0,0
aclnnGeTensor,,,21.2,21.2,7.80015625,7.80015625,0,0
aten::sum,,,20.0,33.81,0,27.500562499999997,0,0
empty_tensor,,,8.5,8.5,0,0,0,0
aclnnReduceSum,,,5.31,5.31,27.500562499999997,27.500562499999997,0,0
aten::cat,,,23.35,51.01,0,2.4800625,0,0
empty_tensor,,,8.93,8.93,0,0,0,0
aclnnCat,,,18.73,18.73,2.4800625,2.4800625,0,0
aten::cat,,,15.6,53.43,0,1.94003125,0,0
empty_tensor,,,24.38,24.38,0,0,0,0
aclnnCat,,,13.45,13.45,1.94003125,1.94003125,0,0
aten::to,,,2.45,53.97,0,1.42003125,0,0
aten::_to_copy,,,6.37,51.52,0,1.42003125,0,0
aten::empty_strided,,,8.18,13.39,0,0,0,0
empty_tensor,,,5.21,5.21,0,0,0,0
aten::copy_,,,18.01,31.76,0,1.42003125,0,0
aclnnInplaceCopy,,,13.75,13.75,1.42003125,1.42003125,0,0
aten::to,,,2.14,53.19,0,1.42003125,0,0
aten::_to_copy,,,5.29,51.05,0,1.42003125,0,0
aten::empty_strided,,,7.76,13.85,0,0,0,0
empty_tensor,,,6.09,6.09,0,0,0,0
aten::copy_,,,16.49,31.91,0,1.42003125,0,0
aclnnInplaceCopy,,,15.42,15.42,1.42003125,1.42003125,0,0
aten::unsqueeze,,,18.83,24.82,0,0,0,0
aten::as_strided,,,5.99,5.99,0,0,0,0
Event::record,,,165.88,191.59,0,0.02,0,0
record_event,,,25.71,25.71,0.02,0.02,0,0
aten::slice,,,5.92,15.4,0,0,0,0
aten::as_strided,,,9.48,9.48,0,0,0,0
Event::wait,,,94.28,116.35,0,1597.67190625,0,0
wait_event,,,22.07,22.07,1597.67190625,1597.67190625,0,0
Event::record,,,112.56,137.05,0,0.02,0,0
record_event,,,24.49,24.49,0.02,0.02,0,0
Event::wait,,,78.6,100.17,0,1172.12340625,0,0
wait_event,,,21.57,21.57,1172.12340625,1172.12340625,0,0
destroy_event,,,12.9,12.9,0,0,0,0
aten::to,,,4.52,76.72,0,2.0400625,0,0
aten::_to_copy,,,7.17,72.2,0,2.0400625,0,0
aten::empty_strided,,,30.91,30.91,0,0,0,0
aten::copy_,,,20.33,34.12,0,2.0400625,0,0
acl_memcpy_device_to_host,,,13.79,13.79,2.0400625,2.0400625,0,0
aten::to,,,3.34,65.32,0,2.20003125,0,0
aten::_to_copy,,,6.12,61.98,0,2.20003125,0,0
aten::empty_strided,,,4.85,4.85,0,0,0,0
aten::copy_,,,35.57,51.01,0,2.20003125,0,0
acl_memcpy_device_to_host,,,15.44,15.44,2.20003125,2.20003125,0,0
aten::to,,,2.7,39.22,0,2.06003125,0,0
aten::_to_copy,,,4.91,36.52,0,2.06003125,0,0
aten::empty_strided,,,4.03,4.03,0,0,0,0
aten::copy_,,,15.7,27.58,0,2.06003125,0,0
acl_memcpy_device_to_host,,,11.88,11.88,2.06003125,2.06003125,0,0
aten::to,,,2.52,37.96,0,1.9200625,0,0
aten::_to_copy,,,4.63,35.44,0,1.9200625,0,0
aten::empty_strided,,,3.47,3.47,0,0,0,0
aten::copy_,,,14.82,27.34,0,1.9200625,0,0
acl_memcpy_device_to_host,,,12.52,12.52,1.9200625,1.9200625,0,0
Event::record,,,181.84,205.86,0,0.0,0,0
record_event,,,24.02,24.02,0.0,0.0,0,0
Event::synchronize,,,116.61,116.61,0,0,0,0
aten::resolve_conj,,,2.05,2.05,0,0,0,0
aten::resolve_neg,,,0.79,0.79,0,0,0,0
aten::to,,,2.97,2.97,0,0,0,0
aten::detach,,,4.44,4.44,0,0,0,0
aten::to,,,0.9,0.9,0,0,0,0
aten::resolve_conj,,,0.64,0.64,0,0,0,0
aten::resolve_neg,,,0.56,0.56,0,0,0,0
aten::to,,,1.87,1.87,0,0,0,0
aten::detach,,,1.69,1.69,0,0,0,0
aten::to,,,0.65,0.65,0,0,0,0
aten::resolve_conj,,,0.37,0.37,0,0,0,0
aten::resolve_neg,,,0.57,0.57,0,0,0,0
aten::to,,,1.2,1.2,0,0,0,0
aten::detach,,,1.04,1.04,0,0,0,0
aten::to,,,0.5,0.5,0,0,0,0
aten::resolve_conj,,,0.38,0.38,0,0,0,0
aten::resolve_neg,,,0.56,0.56,0,0,0,0
destroy_event,,,26.85,26.85,0,0,0,0
record_event,,,13.42,13.42,0.02,0.02,0,0
Event::synchronize,,,256.23,256.23,0,0,0,0
aten::slice,,,11.3,21.45,0,0,0,0
aten::as_strided,,,10.15,10.15,0,0,0,0
aten::slice,,,3.15,5.97,0,0,0,0
aten::as_strided,,,2.82,2.82,0,0,0,0
aten::slice,,,2.37,5.49,0,0,0,0
aten::as_strided,,,3.12,3.12,0,0,0,0
Event::record,,,173.39,198.36,0,0.02,0,0
record_event,,,24.97,24.97,0.02,0.02,0,0
Event::synchronize,,,113.85,113.85,0,0,0,0
aten::resolve_conj,,,1.63,1.63,0,0,0,0
aten::resolve_neg,,,0.58,0.58,0,0,0,0
aten::to,,,2.98,2.98,0,0,0,0
aten::detach,,,3.67,3.67,0,0,0,0
aten::to,,,1.82,1.82,0,0,0,0
aten::resolve_conj,,,0.37,0.37,0,0,0,0
aten::resolve_neg,,,0.36,0.36,0,0,0,0
aten::to,,,1.34,1.34,0,0,0,0
aten::detach,,,1.95,1.95,0,0,0,0
aten::to,,,0.48,0.48,0,0,0,0
aten::resolve_conj,,,0.37,0.37,0,0,0,0
aten::resolve_neg,,,0.25,0.25,0,0,0,0
aten::to,,,1.56,1.56,0,0,0,0
aten::detach,,,1.19,1.19,0,0,0,0
aten::to,,,0.48,0.48,0,0,0,0
aten::resolve_conj,,,0.29,0.29,0,0,0,0
aten::resolve_neg,,,0.27,0.27,0,0,0,0
destroy_event,,,23.54,23.54,0,0,0,0
record_event,,,8.69,8.69,0.0,0.0,0,0
Event::synchronize,,,88.48,88.48,0,0,0,0
Event::record,,,172.4,201.55,0,0.02,0,0
record_event,,,29.15,29.15,0.02,0.02,0,0
Event::synchronize,,,299.06,299.06,0,0,0,0
aten::slice,,,14.25,25.46,0,0,0,0
aten::as_strided,,,11.21,11.21,0,0,0,0
aten::slice,,,3.36,6.09,0,0,0,0
aten::as_strided,,,2.73,2.73,0,0,0,0
aten::slice,,,2.6,5.69,0,0,0,0
aten::as_strided,,,3.09,3.09,0,0,0,0
aten::slice,,,6.5,10.67,0,0,0,0
aten::as_strided,,,4.17,4.17,0,0,0,0
aten::slice,,,2.85,9.51,0,0,0,0
aten::as_strided,,,6.66,6.66,0,0,0,0
aten::pin_memory,,,5.48,25.3,0,0,0,0
aten::is_pinned,,,19.82,19.82,0,0,0,0
aten::copy_,,,23.21,45.11,0,2.4800625,0,0
acl_memcpy_host_to_device,,,21.9,21.9,2.4800625,2.4800625,0,0
aten::slice,,,6.19,8.51,0,0,0,0
aten::as_strided,,,2.32,2.32,0,0,0,0
aten::slice,,,2.65,6.64,0,0,0,0
aten::as_strided,,,3.99,3.99,0,0,0,0
aten::pin_memory,,,3.5,11.87,0,0,0,0
aten::is_pinned,,,8.37,8.37,0,0,0,0
aten::copy_,,,14.77,31.28,0,2.4800625,0,0
acl_memcpy_host_to_device,,,16.51,16.51,2.4800625,2.4800625,0,0
aten::slice,,,5.96,8.54,0,0,0,0
aten::as_strided,,,2.58,2.58,0,0,0,0
aten::slice,,,2.68,6.41,0,0,0,0
aten::as_strided,,,3.73,3.73,0,0,0,0
aten::pin_memory,,,2.63,10.14,0,0,0,0
aten::is_pinned,,,7.51,7.51,0,0,0,0
aten::copy_,,,13.39,30.16,0,2.34003125,0,0
acl_memcpy_host_to_device,,,16.77,16.77,2.34003125,2.34003125,0,0
aten::slice,,,4.33,6.12,0,0,0,0
aten::as_strided,,,1.79,1.79,0,0,0,0
aten::slice,,,2.67,6.36,0,0,0,0
aten::as_strided,,,3.69,3.69,0,0,0,0
aten::pin_memory,,,2.84,9.88,0,0,0,0
aten::is_pinned,,,7.04,7.04,0,0,0,0
aten::copy_,,,26.93,42.0,0,2.34003125,0,0
acl_memcpy_host_to_device,,,15.07,15.07,2.34003125,2.34003125,0,0
aten::slice,,,4.79,7.45,0,0,0,0
aten::as_strided,,,2.66,2.66,0,0,0,0
aten::slice,,,2.5,5.65,0,0,0,0
aten::as_strided,,,3.15,3.15,0,0,0,0
aten::pin_memory,,,2.88,9.58,0,0,0,0
aten::is_pinned,,,6.7,6.7,0,0,0,0
aten::copy_,,,13.31,28.09,0,2.16003125,0,0
acl_memcpy_host_to_device,,,14.78,14.78,2.16003125,2.16003125,0,0
aten::lift_fresh,,,2.18,2.18,0,0,0,0
aten::lift_fresh,,,0.93,0.93,0,0,0,0
aten::flatten,,,4.64,14.27,0,0,0,0
aten::view,,,9.63,9.63,0,0,0,0
aten::slice,,,4.59,6.39,0,0,0,0
aten::as_strided,,,1.8,1.8,0,0,0,0
aten::index_select,,,9.57,9.57,0,0,0,0
aten::pin_memory,,,8.59,26.71,0,0,0,0
aten::is_pinned,,,18.12,18.12,0,0,0,0
aten::copy_,,,19.22,41.44,0,2.38003125,0,0
acl_memcpy_host_to_device,,,22.22,22.22,2.38003125,2.38003125,0,0
aten::pin_memory,,,4.08,12.88,0,0,0,0
aten::is_pinned,,,8.8,8.8,0,0,0,0
aten::copy_,,,14.72,29.73,0,2.14003125,0,0
acl_memcpy_host_to_device,,,15.01,15.01,2.14003125,2.14003125,0,0
aten::slice,,,7.3,10.07,0,0,0,0
aten::as_strided,,,2.77,2.77,0,0,0,0
aten::lift_fresh,,,1.74,1.74,0,0,0,0
aten::slice,,,3.43,4.84,0,0,0,0
aten::as_strided,,,1.41,1.41,0,0,0,0
aten::add,,,19.63,19.63,0,0,0,0
aten::slice,,,3.86,5.35,0,0,0,0
aten::as_strided,,,1.49,1.49,0,0,0,0
aten::fill_,,,6.47,6.47,0,0,0,0
aten::slice,,,3.26,8.88,0,0,0,0
aten::as_strided,,,5.62,5.62,0,0,0,0
aten::fill_,,,26.72,44.83,0,1.46003125,0,0
aclnnInplaceFillScalar,,,18.11,18.11,1.46003125,1.46003125,0,0
aten::slice,,,5.39,7.26,0,0,0,0
aten::as_strided,,,1.87,1.87,0,0,0,0
aten::slice,,,3.06,7.73,0,0,0,0
aten::as_strided,,,4.67,4.67,0,0,0,0
aten::pin_memory,,,3.34,17.02,0,0,0,0
aten::is_pinned,,,13.68,13.68,0,0,0,0
aten::copy_,,,15.69,30.6,0,2.34003125,0,0
acl_memcpy_host_to_device,,,14.91,14.91,2.34003125,2.34003125,0,0
aten::slice,,,5.91,7.84,0,0,0,0
aten::as_strided,,,1.93,1.93,0,0,0,0
aten::detach,,,4.24,4.24,0,0,0,0
aten::to,,,2.44,2.44,0,0,0,0
aten::resolve_conj,,,1.02,1.02,0,0,0,0
aten::resolve_neg,,,0.6,0.6,0,0,0,0
aten::slice,,,4.6,6.37,0,0,0,0
aten::as_strided,,,1.77,1.77,0,0,0,0
aten::slice,,,3.02,8.33,0,0,0,0
aten::as_strided,,,5.31,5.31,0,0,0,0
aten::pin_memory,,,3.55,15.71,0,0,0,0
aten::is_pinned,,,12.16,12.16,0,0,0,0
aten::copy_,,,3.17,3.17,0,0,0,0
aten::slice,,,4.76,7.48,0,0,0,0
aten::as_strided,,,2.72,2.72,0,0,0,0
aten::slice,,,2.81,6.12,0,0,0,0
aten::as_strided,,,3.31,3.31,0,0,0,0
aten::pin_memory,,,2.6,11.7,0,0,0,0
aten::is_pinned,,,9.1,9.1,0,0,0,0
aten::copy_,,,15.76,34.12,0,2.1000625,0,0
acl_memcpy_host_to_device,,,18.36,18.36,2.1000625,2.1000625,0,0
aten::fill_,,,19.75,34.08,0,1.56003125,0,0
aclnnInplaceFillScalar,,,14.33,14.33,1.56003125,1.56003125,0,0
aten::slice,,,4.97,8.75,0,0,0,0
aten::as_strided,,,3.78,3.78,0,0,0,0
aten::slice,,,3.14,4.99,0,0,0,0
aten::as_strided,,,1.85,1.85,0,0,0,0
aten::copy_,,,16.62,27.34,0,2.3800625,0,0
acl_memcpy_host_to_device,,,10.72,10.72,2.3800625,2.3800625,0,0
aten::slice,,,4.67,6.87,0,0,0,0
aten::as_strided,,,2.2,2.2,0,0,0,0
aten::slice,,,2.67,6.52,0,0,0,0
aten::as_strided,,,3.85,3.85,0,0,0,0
aten::pin_memory,,,3.2,11.76,0,0,0,0
aten::is_pinned,,,8.56,8.56,0,0,0,0
aten::copy_,,,12.68,24.79,0,2.20003125,0,0
acl_memcpy_host_to_device,,,12.11,12.11,2.20003125,2.20003125,0,0
aten::slice,,,4.19,8.59,0,0,0,0
aten::as_strided,,,4.4,4.4,0,0,0,0
aten::slice,,,2.94,4.55,0,0,0,0
aten::as_strided,,,1.61,1.61,0,0,0,0
aten::slice,,,2.33,5.02,0,0,0,0
aten::as_strided,,,2.69,2.69,0,0,0,0
aten::pin_memory,,,2.98,10.39,0,0,0,0
aten::is_pinned,,,7.41,7.41,0,0,0,0
aten::copy_,,,12.73,25.85,0,2.4000625,0,0
acl_memcpy_host_to_device,,,13.12,13.12,2.4000625,2.4000625,0,0
aten::slice,,,5.36,7.27,0,0,0,0
aten::as_strided,,,1.91,1.91,0,0,0,0
aten::slice,,,3.13,7.3,0,0,0,0
aten::as_strided,,,4.17,4.17,0,0,0,0
aten::pin_memory,,,3.3,11.23,0,0,0,0
aten::is_pinned,,,7.93,7.93,0,0,0,0
aten::copy_,,,13.32,24.54,0,2.30003125,0,0
acl_memcpy_host_to_device,,,11.22,11.22,2.30003125,2.30003125,0,0
aten::slice,,,5.48,8.48,0,0,0,0
aten::as_strided,,,3.0,3.0,0,0,0,0
aten::index,,,39.94,74.18,0,17.840343750000002,0,0
empty_tensor,,,9.78,9.78,0,0,0,0
empty_tensor,,,12.11,12.11,0,0,0,0
aclnnIndex,,,12.35,12.35,17.840343750000002,17.840343750000002,0,0
aten::to,,,3.37,59.1,0,1.46003125,0,0
aten::_to_copy,,,8.18,55.73,0,1.46003125,0,0
aten::empty_strided,,,11.25,15.83,0,0,0,0
empty_tensor,,,4.58,4.58,0,0,0,0
aten::copy_,,,19.2,31.72,0,1.46003125,0,0
aclnnInplaceCopy,,,12.52,12.52,1.46003125,1.46003125,0,0
aten::slice,,,7.18,12.27,0,0,0,0
aten::as_strided,,,5.09,5.09,0,0,0,0
aten::add,,,23.35,44.04,0,2.7800625,0,0
empty_tensor,,,7.64,7.64,0,0,0,0
aclnnAdd,,,13.05,13.05,2.7800625,2.7800625,0,0
aten::slice,,,5.11,9.13,0,0,0,0
aten::as_strided,,,4.02,4.02,0,0,0,0
aten::copy_,,,76.26,89.27,0,1.18003125,0,0
aclnnInplaceCopy,,,13.01,13.01,1.18003125,1.18003125,0,0
aten::slice,,,6.46,10.36,0,0,0,0
aten::as_strided,,,3.9,3.9,0,0,0,0
aten::add,,,19.45,40.23,0,1.7000625,0,0
empty_tensor,,,8.69,8.69,0,0,0,0
aclnnAdd,,,12.09,12.09,1.7000625,1.7000625,0,0
aten::slice,,,6.22,10.6,0,0,0,0
aten::as_strided,,,4.38,4.38,0,0,0,0
aten::copy_,,,49.42,62.08,0,0.58003125,0,0
aclnnInplaceCopy,,,12.66,12.66,0.58003125,0.58003125,0,0
aten::slice,,,5.83,9.83,0,0,0,0
aten::as_strided,,,4.0,4.0,0,0,0,0
aten::fill_,,,14.78,26.41,0,1.46003125,0,0
aclnnInplaceFillScalar,,,11.63,11.63,1.46003125,1.46003125,0,0
aten::slice,,,5.59,9.16,0,0,0,0
aten::as_strided,,,3.57,3.57,0,0,0,0
aten::slice,,,3.04,6.41,0,0,0,0
aten::as_strided,,,3.37,3.37,0,0,0,0
_compute_slot_mapping_fused_groups_kernel,,,30.68,30.68,22.44046875,22.44046875,0,0
aten::slice,,,10.06,18.6,0,0,0,0
aten::as_strided,,,8.54,8.54,0,0,0,0
aten::sub,,,28.47,60.64,0,1.50003125,0,0
empty_tensor,,,12.37,12.37,0,0,0,0
aten::item,,,2.79,4.96,0,0,0,0
aten::_local_scalar_dense,,,2.17,2.17,0,0,0,0
aclnnSubs,,,14.84,14.84,1.50003125,1.50003125,0,0
aten::detach,,,6.68,6.68,0,0,0,0
aten::to,,,2.31,2.31,0,0,0,0
aten::resolve_conj,,,1.44,1.44,0,0,0,0
aten::resolve_neg,,,0.71,0.71,0,0,0,0
aten::slice,,,7.62,16.08,0,0,0,0
aten::as_strided,,,8.46,8.46,0,0,0,0
aten::slice,,,3.44,7.4,0,0,0,0
aten::as_strided,,,3.96,3.96,0,0,0,0
aten::slice,,,3.74,6.05,0,0,0,0
aten::as_strided,,,2.31,2.31,0,0,0,0
aten::fill_,,,22.08,39.6,0,0,0,0
aclnnInplaceFillScalar,,,17.52,17.52,0,0,0,0
aten::slice,,,6.09,9.97,0,0,0,0
aten::as_strided,,,3.88,3.88,0,0,0,0
aten::fill_,,,12.72,26.08,0,0,0,0
aclnnInplaceFillScalar,,,13.36,13.36,0,0,0,0
aten::slice,,,4.69,7.71,0,0,0,0
aten::as_strided,,,3.02,3.02,0,0,0,0
aten::slice,,,2.64,3.77,0,0,0,0
aten::as_strided,,,1.13,1.13,0,0,0,0
aten::lt,,,16.66,16.66,0,0,0,0
aten::lift_fresh,,,1.3,1.3,0,0,0,0
aten::slice,,,2.01,3.41,0,0,0,0
aten::as_strided,,,1.4,1.4,0,0,0,0
aten::fill_,,,2.76,11.04,0,0,0,0
aten::copy_,,,8.28,8.28,0,0,0,0
aten::slice,,,4.32,6.37,0,0,0,0
aten::as_strided,,,2.05,2.05,0,0,0,0
aten::slice,,,2.9,7.41,0,0,0,0
aten::as_strided,,,4.51,4.51,0,0,0,0
aten::slice,,,2.71,4.57,0,0,0,0
aten::as_strided,,,1.86,1.86,0,0,0,0
aten::slice,,,3.22,5.88,0,0,0,0
aten::as_strided,,,2.66,2.66,0,0,0,0
aten::slice,,,2.14,3.11,0,0,0,0
aten::as_strided,,,0.97,0.97,0,0,0,0
aten::slice,,,2.3,3.67,0,0,0,0
aten::as_strided,,,1.37,1.37,0,0,0,0
aten::slice,,,2.84,5.78,0,0,0,0
aten::as_strided,,,2.94,2.94,0,0,0,0
aten::slice,,,2.58,4.55,0,0,0,0
aten::as_strided,,,1.97,1.97,0,0,0,0
aten::slice,,,2.53,4.52,0,0,0,0
aten::as_strided,,,1.99,1.99,0,0,0,0
aten::slice,,,5.49,11.54,0,0,0,0
aten::as_strided,,,6.05,6.05,0,0,0,0
aten::slice,,,2.7,6.36,0,0,0,0
aten::as_strided,,,3.66,3.66,0,0,0,0
aten::slice,,,3.19,5.65,0,0,0,0
aten::as_strided,,,2.46,2.46,0,0,0,0
aten::to,,,1.92,1.92,0,0,0,0
aten::slice,,,2.66,4.98,0,0,0,0
aten::as_strided,,,2.32,2.32,0,0,0,0
aten::slice,,,2.66,4.74,0,0,0,0
aten::as_strided,,,2.08,2.08,0,0,0,0
aten::slice,,,2.23,3.41,0,0,0,0
aten::as_strided,,,1.18,1.18,0,0,0,0
aten::slice,,,3.06,6.44,0,0,0,0
aten::as_strided,,,3.38,3.38,0,0,0,0
aten::slice,,,4.05,5.44,0,0,0,0
aten::as_strided,,,1.39,1.39,0,0,0,0
aten::slice,,,2.36,3.1,0,0,0,0
aten::as_strided,,,0.74,0.74,0,0,0,0
aten::sub,,,11.97,11.97,0,0,0,0
aten::select,,,5.22,7.2,0,0,0,0
aten::as_strided,,,1.98,1.98,0,0,0,0
aten::item,,,2.1,3.55,0,0,0,0
aten::_local_scalar_dense,,,1.45,1.45,0,0,0,0
aten::slice,,,2.44,6.65,0,0,0,0
aten::as_strided,,,4.21,4.21,0,0,0,0
aten::alias,,,6.48,6.48,0,0,0,0
aten::div,,,39.95,59.89,0,6.040125,0,0
aten::item,,,1.61,2.84,0,0,0,0
aten::_local_scalar_dense,,,1.23,1.23,0,0,0,0
aclnnDivMods,,,17.1,17.1,6.040125,6.040125,0,0
aten::slice,,,4.14,11.28,0,0,0,0
aten::as_strided,,,7.14,7.14,0,0,0,0
aten::slice,,,5.2,7.8,0,0,0,0
aten::as_strided,,,2.6,2.6,0,0,0,0
aten::copy_,,,68.17,85.68,0,1.26003125,0,0
aclnnInplaceCopy,,,17.51,17.51,1.26003125,1.26003125,0,0
aten::slice,,,3.26,7.2,0,0,0,0
aten::as_strided,,,3.94,3.94,0,0,0,0
aten::slice,,,5.38,7.96,0,0,0,0
aten::as_strided,,,2.58,2.58,0,0,0,0
aten::ge,,,23.33,47.89,0,4.340093749999999,0,0
empty_tensor,,,11.24,11.24,0,0,0,0
aclnnGeScalar,,,13.32,13.32,4.340093749999999,4.340093749999999,0,0
aten::add,,,20.7,43.71,0,2.9400625,0,0
empty_tensor,,,7.04,7.04,0,0,0,0
aten::item,,,2.45,4.2,0,0,0,0
aten::_local_scalar_dense,,,1.75,1.75,0,0,0,0
aclnnAdds,,,11.77,11.77,2.9400625,2.9400625,0,0
aten::remainder,,,25.56,43.89,0,6.140125,0,0
empty_tensor,,,7.58,7.58,0,0,0,0
aclnnRemainderTensorScalar,,,10.75,10.75,6.140125,6.140125,0,0
aten::eq,,,14.68,30.85,0,2.3200625,0,0
empty_tensor,,,6.55,6.55,0,0,0,0
aclnnEqScalar,,,9.62,9.62,2.3200625,2.3200625,0,0
aten::__and__,,,2.8,42.17,0,1.4200625,0,0
aten::bitwise_and,,,24.52,39.37,0,1.4200625,0,0
empty_tensor,,,5.97,5.97,0,0,0,0
aclnnBitwiseAndTensor,,,8.88,8.88,1.4200625,1.4200625,0,0
aten::clamp_min,,,16.37,49.94,0,2.72003125,0,0
empty_tensor,,,6.15,6.15,0,0,0,0
aclnnClampMin,,,27.42,27.42,2.72003125,2.72003125,0,0
aten::div,,,24.16,46.54,0,7.14015625,0,0
empty_tensor,,,8.99,8.99,0,0,0,0
aten::item,,,1.95,3.4,0,0,0,0
aten::_local_scalar_dense,,,1.45,1.45,0,0,0,0
aclnnDivMods,,,9.99,9.99,7.14015625,7.14015625,0,0
aten::remainder,,,18.75,38.11,0,5.1000625,0,0
empty_tensor,,,6.64,6.64,0,0,0,0
aclnnRemainderTensorScalar,,,12.72,12.72,5.1000625,5.1000625,0,0
aten::mul,,,19.51,39.85,0,1.62003125,0,0
empty_tensor,,,5.78,5.78,0,0,0,0
aten::item,,,1.61,5.09,0,0,0,0
aten::_local_scalar_dense,,,3.48,3.48,0,0,0,0
aclnnMuls,,,9.47,9.47,1.62003125,1.62003125,0,0
aten::div,,,20.02,47.27,0,7.120125,0,0
empty_tensor,,,13.17,13.17,0,0,0,0
aten::item,,,3.27,3.94,0,0,0,0
aten::_local_scalar_dense,,,0.67,0.67,0,0,0,0
aclnnDivMods,,,10.14,10.14,7.120125,7.120125,0,0
aten::add,,,14.69,22.75,0,1.68,0,0
empty_tensor,,,5.17,5.17,0,0,0,0
aclnnAdd,,,2.89,2.89,1.68,1.68,0,0
aten::full_like,,,5.37,67.17,0,1.56003125,0,0
aten::empty_like,,,6.77,25.52,0,0,0,0
aten::empty_strided,,,14.42,18.75,0,0,0,0
empty_tensor,,,4.33,4.33,0,0,0,0
aten::fill_,,,11.29,36.28,0,1.56003125,0,0
aclnnInplaceFillScalar,,,24.99,24.99,1.56003125,1.56003125,0,0
aten::where,,,14.96,30.24,0,2.06003125,0,0
empty_tensor,,,6.32,6.32,0,0,0,0
aclnnSWhere,,,8.96,8.96,2.06003125,2.06003125,0,0
aten::copy_,,,16.22,27.01,0,1.38003125,0,0
aclnnInplaceCopy,,,10.79,10.79,1.38003125,1.38003125,0,0
aten::slice,,,3.61,7.94,0,0,0,0
aten::as_strided,,,4.33,4.33,0,0,0,0
aten::slice,,,5.59,8.52,0,0,0,0
aten::as_strided,,,2.93,2.93,0,0,0,0
aten::div,,,24.62,39.37,0,5.080125000000001,0,0
aten::item,,,1.96,3.31,0,0,0,0
aten::_local_scalar_dense,,,1.35,1.35,0,0,0,0
aclnnDivMods,,,11.44,11.44,5.080125000000001,5.080125000000001,0,0
aten::slice,,,2.46,6.61,0,0,0,0
aten::as_strided,,,4.15,4.15,0,0,0,0
aten::slice,,,4.39,7.49,0,0,0,0
aten::as_strided,,,3.1,3.1,0,0,0,0
aten::slice,,,2.33,5.86,0,0,0,0
aten::as_strided,,,3.53,3.53,0,0,0,0
aten::copy_,,,60.75,74.35,0,0.56,0,0
aclnnInplaceCopy,,,13.6,13.6,0.56,0.56,0,0
aten::slice,,,2.76,6.24,0,0,0,0
aten::as_strided,,,3.48,3.48,0,0,0,0
aten::slice,,,4.31,6.79,0,0,0,0
aten::as_strided,,,2.48,2.48,0,0,0,0
aten::copy_,,,46.73,60.01,0,0.78,0,0
aclnnInplaceCopy,,,13.28,13.28,0.78,0.78,0,0
aten::slice,,,5.69,8.76,0,0,0,0
aten::as_strided,,,3.07,3.07,0,0,0,0
aten::div,,,13.6,33.71,0,0,0,0
aten::to,,,1.47,20.11,0,0,0,0
aten::_to_copy,,,6.05,18.64,0,0,0,0
aten::empty_strided,,,3.89,3.89,0,0,0,0
aten::copy_,,,8.7,8.7,0,0,0,0
aten::slice,,,3.83,9.0,0,0,0,0
aten::as_strided,,,5.17,5.17,0,0,0,0
aten::slice,,,6.24,11.61,0,0,0,0
aten::as_strided,,,5.37,5.37,0,0,0,0
aten::slice,,,2.71,5.91,0,0,0,0
aten::as_strided,,,3.2,3.2,0,0,0,0
aten::slice,,,2.61,14.11,0,0,0,0
aten::as_strided,,,11.5,11.5,0,0,0,0
aten::fill_,,,19.94,35.99,0,0,0,0
aclnnInplaceFillScalar,,,16.05,16.05,0,0,0,0
aten::slice,,,4.7,8.83,0,0,0,0
aten::as_strided,,,4.13,4.13,0,0,0,0
aten::fill_,,,12.63,23.24,0,0,0,0
aclnnInplaceFillScalar,,,10.61,10.61,0,0,0,0
aten::slice,,,4.55,9.5,0,0,0,0
aten::as_strided,,,4.95,4.95,0,0,0,0
aten::slice,,,2.95,5.68,0,0,0,0
aten::as_strided,,,2.73,2.73,0,0,0,0
aten::slice,,,4.97,7.5,0,0,0,0
aten::as_strided,,,2.53,2.53,0,0,0,0
aten::slice,,,2.7,6.37,0,0,0,0
aten::as_strided,,,3.67,3.67,0,0,0,0
aten::slice,,,3.11,6.68,0,0,0,0
aten::as_strided,,,3.57,3.57,0,0,0,0
aten::slice,,,3.22,5.9,0,0,0,0
aten::as_strided,,,2.68,2.68,0,0,0,0
aten::slice,,,2.29,4.33,0,0,0,0
aten::as_strided,,,2.04,2.04,0,0,0,0
aten::fill_,,,16.31,30.94,0,0,0,0
aclnnInplaceFillScalar,,,14.63,14.63,0,0,0,0
aten::slice,,,4.22,7.88,0,0,0,0
aten::as_strided,,,3.66,3.66,0,0,0,0
aten::fill_,,,11.49,22.02,0,0,0,0
aclnnInplaceFillScalar,,,10.53,10.53,0,0,0,0
aten::diff,,,8.83,38.35,0,0,0,0
aten::narrow,,,7.88,12.91,0,0,0,0
aten::slice,,,2.28,5.03,0,0,0,0
aten::as_strided,,,2.75,2.75,0,0,0,0
aten::narrow,,,2.12,4.27,0,0,0,0
aten::slice,,,1.15,2.15,0,0,0,0
aten::as_strided,,,1.0,1.0,0,0,0,0
aten::sub,,,12.34,12.34,0,0,0,0
aten::eq,,,13.49,27.43,0,0,0,0
aten::to,,,1.5,13.94,0,0,0,0
aten::_to_copy,,,4.29,12.44,0,0,0,0
aten::empty_strided,,,2.8,2.8,0,0,0,0
aten::copy_,,,5.35,5.35,0,0,0,0
aten::__and__,,,2.24,7.62,0,0,0,0
aten::bitwise_and,,,5.38,5.38,0,0,0,0
aten::gt,,,8.52,18.42,0,0,0,0
aten::to,,,1.23,9.9,0,0,0,0
aten::_to_copy,,,2.51,8.67,0,0,0,0
aten::empty_strided,,,3.05,3.05,0,0,0,0
aten::copy_,,,3.11,3.11,0,0,0,0
aten::__and__,,,1.37,4.47,0,0,0,0
aten::bitwise_and,,,3.1,3.1,0,0,0,0
aten::any,,,7.64,16.25,0,0,0,0
aten::view_as,,,2.54,4.76,0,0,0,0
aten::view,,,2.22,2.22,0,0,0,0
aten::to,,,0.54,0.54,0,0,0,0
aten::copy_,,,3.31,3.31,0,0,0,0
aten::item,,,2.3,3.75,0,0,0,0
aten::_local_scalar_dense,,,1.45,1.45,0,0,0,0
aten::slice,,,4.58,6.41,0,0,0,0
aten::as_strided,,,1.83,1.83,0,0,0,0
aten::slice,,,2.56,3.48,0,0,0,0
aten::as_strided,,,0.92,0.92,0,0,0,0
aten::sub,,,5.03,5.03,0,0,0,0
aten::select,,,3.2,4.76,0,0,0,0
aten::as_strided,,,1.56,1.56,0,0,0,0
aten::item,,,1.21,2.35,0,0,0,0
aten::_local_scalar_dense,,,1.14,1.14,0,0,0,0
aten::select,,,5.29,28.58,0,0,0,0
aten::as_strided,,,23.29,23.29,0,0,0,0
aten::slice,,,4.75,6.86,0,0,0,0
aten::as_strided,,,2.11,2.11,0,0,0,0
aten::slice,,,2.7,3.72,0,0,0,0
aten::as_strided,,,1.02,1.02,0,0,0,0
aten::sub,,,6.79,6.79,0,0,0,0
aten::add,,,7.72,20.47,0,0,0,0
aten::to,,,1.27,12.75,0,0,0,0
aten::_to_copy,,,3.88,11.48,0,0,0,0
aten::empty_strided,,,3.37,3.37,0,0,0,0
aten::copy_,,,4.23,4.23,0,0,0,0
aten::sub,,,4.61,11.52,0,0,0,0
aten::to,,,0.89,6.91,0,0,0,0
aten::_to_copy,,,2.24,6.02,0,0,0,0
aten::empty_strided,,,1.52,1.52,0,0,0,0
aten::copy_,,,2.26,2.26,0,0,0,0
aten::floor_divide,,,8.23,16.95,0,0,0,0
aten::to,,,0.87,6.65,0,0,0,0
aten::_to_copy,,,2.24,5.78,0,0,0,0
aten::empty_strided,,,1.31,1.31,0,0,0,0
aten::copy_,,,2.23,2.23,0,0,0,0
aten::empty,,,2.07,2.07,0,0,0,0
aten::resolve_conj,,,1.0,1.0,0,0,0,0
aten::resolve_neg,,,0.49,0.49,0,0,0,0
aten::arange,,,6.22,22.29,0,0,0,0
aten::empty,,,1.57,1.57,0,0,0,0
aten::arange,,,11.09,14.5,0,0,0,0
aten::resize_,,,3.41,3.41,0,0,0,0
aten::cat,,,9.11,9.11,0,0,0,0
aten::eq,,,7.3,7.3,0,0,0,0
aten::cumsum,,,8.89,18.41,0,0,0,0
aten::to,,,0.93,9.52,0,0,0,0
aten::_to_copy,,,2.6,8.59,0,0,0,0
aten::empty_strided,,,1.93,1.93,0,0,0,0
aten::copy_,,,4.06,4.06,0,0,0,0
aten::sub,,,4.29,4.29,0,0,0,0
aten::stack,,,4.53,28.57,0,0,0,0
aten::unsqueeze,,,2.72,5.07,0,0,0,0
aten::as_strided,,,2.35,2.35,0,0,0,0
aten::unsqueeze,,,1.03,1.79,0,0,0,0
aten::as_strided,,,0.76,0.76,0,0,0,0
aten::cat,,,10.18,17.18,0,0,0,0
aten::narrow,,,2.93,7.0,0,0,0,0
aten::slice,,,1.87,4.07,0,0,0,0
aten::as_strided,,,2.2,2.2,0,0,0,0
aten::to,,,1.55,9.6,0,0,0,0
aten::_to_copy,,,2.73,8.05,0,0,0,0
aten::empty_strided,,,1.99,1.99,0,0,0,0
aten::copy_,,,3.33,3.33,0,0,0,0
aten::empty,,,2.34,2.34,0,0,0,0
aten::to,,,0.87,0.87,0,0,0,0
aten::lift_fresh,,,0.77,0.77,0,0,0,0
aten::detach_,,,1.0,1.0,0,0,0,0
aten::slice,,,4.47,5.8,0,0,0,0
aten::as_strided,,,1.33,1.33,0,0,0,0
aten::slice,,,2.57,3.4,0,0,0,0
aten::as_strided,,,0.83,0.83,0,0,0,0
aten::sub,,,4.69,4.69,0,0,0,0
aten::add,,,5.42,14.2,0,0,0,0
aten::to,,,0.87,8.78,0,0,0,0
aten::_to_copy,,,2.81,7.91,0,0,0,0
aten::empty_strided,,,1.85,1.85,0,0,0,0
aten::copy_,,,3.25,3.25,0,0,0,0
aten::sub,,,5.1,12.48,0,0,0,0
aten::to,,,0.99,7.38,0,0,0,0
aten::_to_copy,,,2.08,6.39,0,0,0,0
aten::empty_strided,,,2.19,2.19,0,0,0,0
aten::copy_,,,2.12,2.12,0,0,0,0
aten::floor_divide,,,6.14,14.15,0,0,0,0
aten::to,,,0.65,6.64,0,0,0,0
aten::_to_copy,,,2.26,5.99,0,0,0,0
aten::empty_strided,,,1.32,1.32,0,0,0,0
aten::copy_,,,2.41,2.41,0,0,0,0
aten::empty,,,1.37,1.37,0,0,0,0
aten::cat,,,4.12,4.12,0,0,0,0
aten::cumsum,,,5.5,13.21,0,0,0,0
aten::to,,,0.84,7.71,0,0,0,0
aten::_to_copy,,,2.15,6.87,0,0,0,0
aten::empty_strided,,,1.48,1.48,0,0,0,0
aten::copy_,,,3.24,3.24,0,0,0,0
aten::empty,,,2.16,2.16,0,0,0,0
aten::to,,,0.66,0.66,0,0,0,0
aten::lift_fresh,,,0.72,0.72,0,0,0,0
aten::detach_,,,0.51,0.51,0,0,0,0
aten::slice,,,3.85,5.36,0,0,0,0
aten::as_strided,,,1.51,1.51,0,0,0,0
aten::slice,,,2.04,2.89,0,0,0,0
aten::as_strided,,,0.85,0.85,0,0,0,0
aten::sub,,,4.46,4.46,0,0,0,0
aten::add,,,4.4,11.78,0,0,0,0
aten::to,,,0.83,7.38,0,0,0,0
aten::_to_copy,,,2.45,6.55,0,0,0,0
aten::empty_strided,,,1.55,1.55,0,0,0,0
aten::copy_,,,2.55,2.55,0,0,0,0
aten::sub,,,3.88,9.56,0,0,0,0
aten::to,,,0.73,5.68,0,0,0,0
aten::_to_copy,,,1.87,4.95,0,0,0,0
aten::empty_strided,,,1.19,1.19,0,0,0,0
aten::copy_,,,1.89,1.89,0,0,0,0
aten::floor_divide,,,4.91,12.48,0,0,0,0
aten::to,,,0.96,6.3,0,0,0,0
aten::_to_copy,,,1.88,5.34,0,0,0,0
aten::empty_strided,,,1.33,1.33,0,0,0,0
aten::copy_,,,2.13,2.13,0,0,0,0
aten::empty,,,1.27,1.27,0,0,0,0
aten::add,,,3.97,10.21,0,0,0,0
aten::to,,,1.1,6.24,0,0,0,0
aten::_to_copy,,,1.98,5.14,0,0,0,0
aten::empty_strided,,,1.1,1.1,0,0,0,0
aten::copy_,,,2.06,2.06,0,0,0,0
aten::cat,,,3.82,3.82,0,0,0,0
aten::cumsum,,,4.94,11.82,0,0,0,0
aten::to,,,0.86,6.88,0,0,0,0
aten::_to_copy,,,2.1,6.02,0,0,0,0
aten::empty_strided,,,1.31,1.31,0,0,0,0
aten::copy_,,,2.61,2.61,0,0,0,0
aten::slice,,,3.74,5.1,0,0,0,0
aten::as_strided,,,1.36,1.36,0,0,0,0
aten::slice,,,2.2,3.04,0,0,0,0
aten::as_strided,,,0.84,0.84,0,0,0,0
aten::sub,,,3.94,3.94,0,0,0,0
aten::add,,,4.09,10.98,0,0,0,0
aten::to,,,0.79,6.89,0,0,0,0
aten::_to_copy,,,2.07,6.1,0,0,0,0
aten::empty_strided,,,1.69,1.69,0,0,0,0
aten::copy_,,,2.34,2.34,0,0,0,0
aten::sub,,,3.59,9.5,0,0,0,0
aten::to,,,0.7,5.91,0,0,0,0
aten::_to_copy,,,1.98,5.21,0,0,0,0
aten::empty_strided,,,1.26,1.26,0,0,0,0
aten::copy_,,,1.97,1.97,0,0,0,0
aten::floor_divide,,,5.44,14.05,0,0,0,0
aten::to,,,1.08,7.03,0,0,0,0
aten::_to_copy,,,2.21,5.95,0,0,0,0
aten::empty_strided,,,1.72,1.72,0,0,0,0
aten::copy_,,,2.02,2.02,0,0,0,0
aten::empty,,,1.58,1.58,0,0,0,0
aten::add,,,3.98,10.42,0,0,0,0
aten::to,,,0.76,6.44,0,0,0,0
aten::_to_copy,,,1.98,5.68,0,0,0,0
aten::empty_strided,,,1.43,1.43,0,0,0,0
aten::copy_,,,2.27,2.27,0,0,0,0
aten::cumsum,,,4.8,11.44,0,0,0,0
aten::to,,,0.65,6.64,0,0,0,0
aten::_to_copy,,,2.06,5.99,0,0,0,0
aten::empty_strided,,,1.35,1.35,0,0,0,0
aten::copy_,,,2.58,2.58,0,0,0,0
aten::sub,,,3.97,3.97,0,0,0,0
aten::slice,,,3.38,4.81,0,0,0,0
aten::as_strided,,,1.43,1.43,0,0,0,0
aten::slice,,,2.28,3.29,0,0,0,0
aten::as_strided,,,1.01,1.01,0,0,0,0
aten::sub,,,3.56,3.56,0,0,0,0
aten::add,,,3.85,11.05,0,0,0,0
aten::to,,,0.81,7.2,0,0,0,0
aten::_to_copy,,,2.41,6.39,0,0,0,0
aten::empty_strided,,,1.69,1.69,0,0,0,0
aten::copy_,,,2.29,2.29,0,0,0,0
aten::sub,,,3.84,9.55,0,0,0,0
aten::to,,,0.75,5.71,0,0,0,0
aten::_to_copy,,,1.88,4.96,0,0,0,0
aten::empty_strided,,,1.28,1.28,0,0,0,0
aten::copy_,,,1.8,1.8,0,0,0,0
aten::floor_divide,,,4.68,12.59,0,0,0,0
aten::to,,,0.8,6.7,0,0,0,0
aten::_to_copy,,,2.11,5.9,0,0,0,0
aten::empty_strided,,,1.53,1.53,0,0,0,0
aten::copy_,,,2.26,2.26,0,0,0,0
aten::empty,,,1.21,1.21,0,0,0,0
aten::resolve_conj,,,1.02,1.02,0,0,0,0
aten::resolve_neg,,,0.5,0.5,0,0,0,0
aten::arange,,,3.73,14.06,0,0,0,0
aten::empty,,,1.64,1.64,0,0,0,0
aten::arange,,,6.5,8.69,0,0,0,0
aten::resize_,,,2.19,2.19,0,0,0,0
aten::cat,,,4.5,4.5,0,0,0,0
aten::eq,,,6.95,6.95,0,0,0,0
aten::cumsum,,,5.15,13.35,0,0,0,0
aten::to,,,0.82,8.2,0,0,0,0
aten::_to_copy,,,2.55,7.38,0,0,0,0
aten::empty_strided,,,1.63,1.63,0,0,0,0
aten::copy_,,,3.2,3.2,0,0,0,0
aten::sub,,,3.22,3.22,0,0,0,0
aten::stack,,,3.06,21.28,0,0,0,0
aten::unsqueeze,,,1.81,3.44,0,0,0,0
aten::as_strided,,,1.63,1.63,0,0,0,0
aten::unsqueeze,,,1.19,2.08,0,0,0,0
aten::as_strided,,,0.89,0.89,0,0,0,0
aten::cat,,,7.43,12.7,0,0,0,0
aten::narrow,,,2.34,5.27,0,0,0,0
aten::slice,,,1.84,2.93,0,0,0,0
aten::as_strided,,,1.09,1.09,0,0,0,0
aten::to,,,1.26,8.76,0,0,0,0
aten::_to_copy,,,2.5,7.5,0,0,0,0
aten::empty_strided,,,1.91,1.91,0,0,0,0
aten::copy_,,,3.09,3.09,0,0,0,0
aten::slice,,,3.73,4.99,0,0,0,0
aten::as_strided,,,1.26,1.26,0,0,0,0
aten::slice,,,2.0,2.78,0,0,0,0
aten::as_strided,,,0.78,0.78,0,0,0,0
aten::sub,,,3.66,3.66,0,0,0,0
aten::add,,,4.79,12.43,0,0,0,0
aten::to,,,0.81,7.64,0,0,0,0
aten::_to_copy,,,2.29,6.83,0,0,0,0
aten::empty_strided,,,1.79,1.79,0,0,0,0
aten::copy_,,,2.75,2.75,0,0,0,0
aten::sub,,,4.5,10.66,0,0,0,0
aten::to,,,0.83,6.16,0,0,0,0
aten::_to_copy,,,2.04,5.33,0,0,0,0
aten::empty_strided,,,1.22,1.22,0,0,0,0
aten::copy_,,,2.07,2.07,0,0,0,0
aten::floor_divide,,,5.75,14.77,0,0,0,0
aten::to,,,1.19,7.62,0,0,0,0
aten::_to_copy,,,2.41,6.43,0,0,0,0
aten::empty_strided,,,1.74,1.74,0,0,0,0
aten::copy_,,,2.28,2.28,0,0,0,0
aten::empty,,,1.4,1.4,0,0,0,0
aten::resolve_conj,,,0.84,0.84,0,0,0,0
aten::resolve_neg,,,0.48,0.48,0,0,0,0
aten::arange,,,2.99,11.51,0,0,0,0
aten::empty,,,1.24,1.24,0,0,0,0
aten::arange,,,5.2,7.28,0,0,0,0
aten::resize_,,,2.08,2.08,0,0,0,0
aten::cat,,,8.66,8.66,0,0,0,0
aten::eq,,,5.96,5.96,0,0,0,0
aten::cumsum,,,5.4,13.4,0,0,0,0
aten::to,,,0.84,8.0,0,0,0,0
aten::_to_copy,,,2.43,7.16,0,0,0,0
aten::empty_strided,,,1.77,1.77,0,0,0,0
aten::copy_,,,2.96,2.96,0,0,0,0
aten::sub,,,5.92,5.92,0,0,0,0
aten::stack,,,3.4,51.52,0,0,0,0
aten::unsqueeze,,,1.89,16.58,0,0,0,0
aten::as_strided,,,14.69,14.69,0,0,0,0
aten::unsqueeze,,,1.15,1.78,0,0,0,0
aten::as_strided,,,0.63,0.63,0,0,0,0
aten::cat,,,9.36,29.76,0,0,0,0
aten::narrow,,,2.75,20.4,0,0,0,0
aten::slice,,,8.54,17.65,0,0,0,0
aten::as_strided,,,9.11,9.11,0,0,0,0
aten::to,,,1.12,9.59,0,0,0,0
aten::_to_copy,,,3.04,8.47,0,0,0,0
aten::empty_strided,,,2.35,2.35,0,0,0,0
aten::copy_,,,3.08,3.08,0,0,0,0
aten::to,,,0.85,9.48,0,0,0,0
aten::_to_copy,,,2.35,8.63,0,0,0,0
aten::empty_strided,,,2.52,2.52,0,0,0,0
aten::copy_,,,3.76,3.76,0,0,0,0
aten::reshape,,,1.74,4.06,0,0,0,0
aten::view,,,2.32,2.32,0,0,0,0
aten::resolve_conj,,,0.6,0.6,0,0,0,0
aten::resolve_neg,,,0.4,0.4,0,0,0,0
aten::empty,,,2.42,2.42,0,0,0,0
aten::to,,,0.63,0.63,0,0,0,0
aten::lift_fresh,,,1.34,1.34,0,0,0,0
aten::detach_,,,0.55,0.55,0,0,0,0
aten::slice,,,2.4,13.23,0,0,0,0
aten::as_strided,,,10.83,10.83,0,0,0,0
aten::slice,,,1.3,2.2,0,0,0,0
aten::as_strided,,,0.9,0.9,0,0,0,0
aten::sub,,,5.57,5.57,0,0,0,0
aten::gt,,,6.77,6.77,0,0,0,0
aten::all,,,6.61,13.24,0,0,0,0
aten::view_as,,,1.54,2.93,0,0,0,0
aten::view,,,1.39,1.39,0,0,0,0
aten::to,,,0.38,0.38,0,0,0,0
aten::copy_,,,3.32,3.32,0,0,0,0
aten::is_nonzero,,,1.94,4.52,0,0,0,0
aten::item,,,1.57,2.58,0,0,0,0
aten::_local_scalar_dense,,,1.01,1.01,0,0,0,0
aten::to,,,3.24,12.15,0,0,0,0
aten::_to_copy,,,3.03,8.91,0,0,0,0
aten::empty_strided,,,2.61,2.61,0,0,0,0
aten::copy_,,,3.27,3.27,0,0,0,0
aten::reshape,,,1.15,2.58,0,0,0,0
aten::view,,,1.43,1.43,0,0,0,0
aten::resolve_conj,,,0.86,0.86,0,0,0,0
aten::resolve_neg,,,0.44,0.44,0,0,0,0
aten::to,,,3.22,205.41,0,0,0,0
aten::_to_copy,,,7.21,202.19,0,0,0,0
aten::empty_strided,,,19.59,29.08,0,0,0,0
empty_tensor,,,9.49,9.49,0,0,0,0
aten::copy_,,,149.87,165.9,0,0,0,0
acl_memcpy_host_to_device,,,16.03,16.03,0,0,0,0
aten::to,,,2.82,120.7,0,0,0,0
aten::_to_copy,,,5.53,117.88,0,0,0,0
aten::empty_strided,,,12.25,18.23,0,0,0,0
empty_tensor,,,5.98,5.98,0,0,0,0
aten::copy_,,,80.0,94.12,0,0,0,0
acl_memcpy_host_to_device,,,14.12,14.12,0,0,0,0
aten::to,,,2.68,108.31,0,0,0,0
aten::_to_copy,,,4.68,105.63,0,0,0,0
aten::empty_strided,,,8.78,13.79,0,0,0,0
empty_tensor,,,5.01,5.01,0,0,0,0
aten::copy_,,,62.38,87.16,0,0,0,0
acl_memcpy_host_to_device,,,24.78,24.78,0,0,0,0
aten::to,,,2.62,101.32,0,0,0,0
aten::_to_copy,,,4.64,98.7,0,0,0,0
aten::empty_strided,,,8.31,13.1,0,0,0,0
empty_tensor,,,4.79,4.79,0,0,0,0
aten::copy_,,,68.49,80.96,0,0,0,0
acl_memcpy_host_to_device,,,12.47,12.47,0,0,0,0
aten::to,,,3.13,97.21,0,0,0,0
aten::_to_copy,,,4.55,94.08,0,0,0,0
aten::empty_strided,,,8.61,14.76,0,0,0,0
empty_tensor,,,6.15,6.15,0,0,0,0
aten::copy_,,,63.08,74.77,0,0,0,0
acl_memcpy_host_to_device,,,11.69,11.69,0,0,0,0
aten::to,,,2.62,87.7,0,0,0,0
aten::_to_copy,,,4.43,85.08,0,0,0,0
aten::empty_strided,,,8.95,13.82,0,0,0,0
empty_tensor,,,4.87,4.87,0,0,0,0
aten::copy_,,,56.83,66.83,0,0,0,0
acl_memcpy_host_to_device,,,10.0,10.0,0,0,0,0
aten::slice,,,8.45,15.05,0,0,0,0
aten::as_strided,,,6.6,6.6,0,0,0,0
aten::slice,,,2.88,5.98,0,0,0,0
aten::as_strided,,,3.1,3.1,0,0,0,0
aten::sub,,,25.13,49.29,0,1.42003125,0,0
empty_tensor,,,8.99,8.99,0,0,0,0
aclnnSub,,,15.17,15.17,1.42003125,1.42003125,0,0
aten::sub,,,15.02,26.08,0,1.34,0,0
empty_tensor,,,7.01,7.01,0,0,0,0
aclnnSub,,,4.05,4.05,1.34,1.34,0,0
aten::gt,,,17.93,27.92,0,4.32009375,0,0
empty_tensor,,,5.64,5.64,0,0,0,0
aclnnGtScalar,,,4.35,4.35,4.32009375,4.32009375,0,0
aten::slice,,,5.75,11.88,0,0,0,0
aten::as_strided,,,6.13,6.13,0,0,0,0
aten::slice,,,6.72,9.6,0,0,0,0
aten::as_strided,,,2.88,2.88,0,0,0,0
aten::slice,,,2.37,6.96,0,0,0,0
aten::as_strided,,,4.59,4.59,0,0,0,0
aten::slice,,,2.92,6.42,0,0,0,0
aten::as_strided,,,3.5,3.5,0,0,0,0
aten::slice,,,2.86,5.81,0,0,0,0
aten::as_strided,,,2.95,2.95,0,0,0,0
aten::slice,,,2.35,4.4,0,0,0,0
aten::as_strided,,,2.05,2.05,0,0,0,0
aten::fill_,,,17.61,34.55,0,0,0,0
aclnnInplaceFillScalar,,,16.94,16.94,0,0,0,0
aten::slice,,,4.57,8.12,0,0,0,0
aten::as_strided,,,3.55,3.55,0,0,0,0
aten::fill_,,,12.55,24.66,0,0,0,0
aclnnInplaceFillScalar,,,12.11,12.11,0,0,0,0
aten::diff,,,6.66,33.14,0,0,0,0
aten::narrow,,,5.41,9.61,0,0,0,0
aten::slice,,,2.17,4.2,0,0,0,0
aten::as_strided,,,2.03,2.03,0,0,0,0
aten::narrow,,,2.06,4.96,0,0,0,0
aten::slice,,,1.73,2.9,0,0,0,0
aten::as_strided,,,1.17,1.17,0,0,0,0
aten::sub,,,11.91,11.91,0,0,0,0
aten::eq,,,11.86,25.99,0,0,0,0
aten::to,,,1.54,14.13,0,0,0,0
aten::_to_copy,,,4.16,12.59,0,0,0,0
aten::empty_strided,,,2.77,2.77,0,0,0,0
aten::copy_,,,5.66,5.66,0,0,0,0
aten::__and__,,,2.05,6.34,0,0,0,0
aten::bitwise_and,,,4.29,4.29,0,0,0,0
aten::gt,,,7.18,16.18,0,0,0,0
aten::to,,,0.96,9.0,0,0,0,0
aten::_to_copy,,,2.59,8.04,0,0,0,0
aten::empty_strided,,,2.65,2.65,0,0,0,0
aten::copy_,,,2.8,2.8,0,0,0,0
aten::__and__,,,1.21,4.03,0,0,0,0
aten::bitwise_and,,,2.82,2.82,0,0,0,0
aten::any,,,5.26,14.32,0,0,0,0
aten::view_as,,,3.18,5.34,0,0,0,0
aten::view,,,2.16,2.16,0,0,0,0
aten::to,,,0.49,0.49,0,0,0,0
aten::copy_,,,3.23,3.23,0,0,0,0
aten::item,,,1.99,3.37,0,0,0,0
aten::_local_scalar_dense,,,1.38,1.38,0,0,0,0
aten::slice,,,4.64,6.41,0,0,0,0
aten::as_strided,,,1.77,1.77,0,0,0,0
aten::slice,,,2.35,3.21,0,0,0,0
aten::as_strided,,,0.86,0.86,0,0,0,0
aten::sub,,,4.95,4.95,0,0,0,0
aten::select,,,3.17,5.0,0,0,0,0
aten::as_strided,,,1.83,1.83,0,0,0,0
aten::item,,,1.15,2.43,0,0,0,0
aten::_local_scalar_dense,,,1.28,1.28,0,0,0,0
aten::select,,,3.74,9.25,0,0,0,0
aten::as_strided,,,5.51,5.51,0,0,0,0
aten::slice,,,6.35,9.06,0,0,0,0
aten::as_strided,,,2.71,2.71,0,0,0,0
aten::slice,,,2.46,3.53,0,0,0,0
aten::as_strided,,,1.07,1.07,0,0,0,0
aten::sub,,,6.84,6.84,0,0,0,0
aten::add,,,6.93,19.8,0,0,0,0
aten::to,,,1.46,12.87,0,0,0,0
aten::_to_copy,,,3.83,11.41,0,0,0,0
aten::empty_strided,,,3.41,3.41,0,0,0,0
aten::copy_,,,4.17,4.17,0,0,0,0
aten::sub,,,4.66,11.53,0,0,0,0
aten::to,,,0.98,6.87,0,0,0,0
aten::_to_copy,,,2.16,5.89,0,0,0,0
aten::empty_strided,,,1.54,1.54,0,0,0,0
aten::copy_,,,2.19,2.19,0,0,0,0
aten::floor_divide,,,6.6,15.96,0,0,0,0
aten::to,,,1.1,7.61,0,0,0,0
aten::_to_copy,,,2.24,6.51,0,0,0,0
aten::empty_strided,,,1.61,1.61,0,0,0,0
aten::copy_,,,2.66,2.66,0,0,0,0
aten::empty,,,1.75,1.75,0,0,0,0
aten::resolve_conj,,,0.98,0.98,0,0,0,0
aten::resolve_neg,,,0.52,0.52,0,0,0,0
aten::arange,,,3.92,14.3,0,0,0,0
aten::empty,,,1.42,1.42,0,0,0,0
aten::arange,,,6.76,8.96,0,0,0,0
aten::resize_,,,2.2,2.2,0,0,0,0
aten::cat,,,5.79,5.79,0,0,0,0
aten::eq,,,6.62,6.62,0,0,0,0
aten::cumsum,,,6.32,14.66,0,0,0,0
aten::to,,,0.95,8.34,0,0,0,0
aten::_to_copy,,,2.36,7.39,0,0,0,0
aten::empty_strided,,,1.7,1.7,0,0,0,0
aten::copy_,,,3.33,3.33,0,0,0,0
aten::sub,,,3.35,3.35,0,0,0,0
aten::stack,,,3.52,24.78,0,0,0,0
aten::unsqueeze,,,2.03,4.82,0,0,0,0
aten::as_strided,,,2.79,2.79,0,0,0,0
aten::unsqueeze,,,0.94,1.75,0,0,0,0
aten::as_strided,,,0.81,0.81,0,0,0,0
aten::cat,,,8.54,14.69,0,0,0,0
aten::narrow,,,2.68,6.15,0,0,0,0
aten::slice,,,1.65,3.47,0,0,0,0
aten::as_strided,,,1.82,1.82,0,0,0,0
aten::to,,,1.32,9.08,0,0,0,0
aten::_to_copy,,,2.47,7.76,0,0,0,0
aten::empty_strided,,,2.23,2.23,0,0,0,0
aten::copy_,,,3.06,3.06,0,0,0,0
aten::empty,,,2.34,2.34,0,0,0,0
aten::to,,,0.67,0.67,0,0,0,0
aten::lift_fresh,,,0.93,0.93,0,0,0,0
aten::detach_,,,0.7,0.7,0,0,0,0
aten::slice,,,4.55,5.6,0,0,0,0
aten::as_strided,,,1.05,1.05,0,0,0,0
aten::slice,,,2.44,3.3,0,0,0,0
aten::as_strided,,,0.86,0.86,0,0,0,0
aten::sub,,,4.43,4.43,0,0,0,0
aten::add,,,5.67,13.55,0,0,0,0
aten::to,,,1.12,7.88,0,0,0,0
aten::_to_copy,,,2.36,6.76,0,0,0,0
aten::empty_strided,,,2.04,2.04,0,0,0,0
aten::copy_,,,2.36,2.36,0,0,0,0
aten::sub,,,4.37,10.21,0,0,0,0
aten::to,,,0.8,5.84,0,0,0,0
aten::_to_copy,,,1.93,5.04,0,0,0,0
aten::empty_strided,,,1.18,1.18,0,0,0,0
aten::copy_,,,1.93,1.93,0,0,0,0
aten::floor_divide,,,6.21,15.6,0,0,0,0
aten::to,,,1.04,7.75,0,0,0,0
aten::_to_copy,,,2.2,6.71,0,0,0,0
aten::empty_strided,,,2.33,2.33,0,0,0,0
aten::copy_,,,2.18,2.18,0,0,0,0
aten::empty,,,1.64,1.64,0,0,0,0
aten::cat,,,4.02,4.02,0,0,0,0
aten::cumsum,,,5.83,13.2,0,0,0,0
aten::to,,,0.69,7.37,0,0,0,0
aten::_to_copy,,,2.18,6.68,0,0,0,0
aten::empty_strided,,,1.47,1.47,0,0,0,0
aten::copy_,,,3.03,3.03,0,0,0,0
aten::empty,,,1.97,1.97,0,0,0,0
aten::to,,,0.72,0.72,0,0,0,0
aten::lift_fresh,,,0.58,0.58,0,0,0,0
aten::detach_,,,0.54,0.54,0,0,0,0
aten::slice,,,3.64,5.17,0,0,0,0
aten::as_strided,,,1.53,1.53,0,0,0,0
aten::slice,,,2.13,2.88,0,0,0,0
aten::as_strided,,,0.75,0.75,0,0,0,0
aten::sub,,,4.01,4.01,0,0,0,0
aten::add,,,4.96,13.06,0,0,0,0
aten::to,,,1.0,8.1,0,0,0,0
aten::_to_copy,,,2.43,7.1,0,0,0,0
aten::empty_strided,,,2.12,2.12,0,0,0,0
aten::copy_,,,2.55,2.55,0,0,0,0
aten::sub,,,3.8,9.68,0,0,0,0
aten::to,,,0.86,5.88,0,0,0,0
aten::_to_copy,,,1.95,5.02,0,0,0,0
aten::empty_strided,,,1.16,1.16,0,0,0,0
aten::copy_,,,1.91,1.91,0,0,0,0
aten::floor_divide,,,5.21,14.27,0,0,0,0
aten::to,,,0.94,7.67,0,0,0,0
aten::_to_copy,,,2.15,6.73,0,0,0,0
aten::empty_strided,,,2.39,2.39,0,0,0,0
aten::copy_,,,2.19,2.19,0,0,0,0
aten::empty,,,1.39,1.39,0,0,0,0
aten::add,,,3.98,9.76,0,0,0,0
aten::to,,,0.64,5.78,0,0,0,0
aten::_to_copy,,,1.96,5.14,0,0,0,0
aten::empty_strided,,,1.28,1.28,0,0,0,0
aten::copy_,,,1.9,1.9,0,0,0,0
aten::cat,,,3.6,3.6,0,0,0,0
aten::cumsum,,,4.65,11.76,0,0,0,0
aten::to,,,0.82,7.11,0,0,0,0
aten::_to_copy,,,2.24,6.29,0,0,0,0
aten::empty_strided,,,1.2,1.2,0,0,0,0
aten::copy_,,,2.85,2.85,0,0,0,0
aten::slice,,,3.54,5.03,0,0,0,0
aten::as_strided,,,1.49,1.49,0,0,0,0
aten::slice,,,2.25,3.03,0,0,0,0
aten::as_strided,,,0.78,0.78,0,0,0,0
aten::sub,,,3.64,3.64,0,0,0,0
aten::add,,,4.43,11.48,0,0,0,0
aten::to,,,0.91,7.05,0,0,0,0
aten::_to_copy,,,2.17,6.14,0,0,0,0
aten::empty_strided,,,1.71,1.71,0,0,0,0
aten::copy_,,,2.26,2.26,0,0,0,0
aten::sub,,,3.85,9.48,0,0,0,0
aten::to,,,0.67,5.63,0,0,0,0
aten::_to_copy,,,1.78,4.96,0,0,0,0
aten::empty_strided,,,1.05,1.05,0,0,0,0
aten::copy_,,,2.13,2.13,0,0,0,0
aten::floor_divide,,,4.96,13.43,0,0,0,0
aten::to,,,0.92,7.19,0,0,0,0
aten::_to_copy,,,2.05,6.27,0,0,0,0
aten::empty_strided,,,2.12,2.12,0,0,0,0
aten::copy_,,,2.1,2.1,0,0,0,0
aten::empty,,,1.28,1.28,0,0,0,0
aten::add,,,3.65,9.52,0,0,0,0
aten::to,,,1.0,5.87,0,0,0,0
aten::_to_copy,,,1.88,4.87,0,0,0,0
aten::empty_strided,,,1.11,1.11,0,0,0,0
aten::copy_,,,1.88,1.88,0,0,0,0
aten::cumsum,,,4.58,11.31,0,0,0,0
aten::to,,,0.76,6.73,0,0,0,0
aten::_to_copy,,,1.99,5.97,0,0,0,0
aten::empty_strided,,,1.56,1.56,0,0,0,0
aten::copy_,,,2.42,2.42,0,0,0,0
aten::sub,,,3.04,3.04,0,0,0,0
aten::slice,,,3.26,4.81,0,0,0,0
aten::as_strided,,,1.55,1.55,0,0,0,0
aten::slice,,,2.72,3.54,0,0,0,0
aten::as_strided,,,0.82,0.82,0,0,0,0
aten::sub,,,3.08,3.08,0,0,0,0
aten::add,,,3.94,11.22,0,0,0,0
aten::to,,,1.02,7.28,0,0,0,0
aten::_to_copy,,,2.11,6.26,0,0,0,0
aten::empty_strided,,,1.8,1.8,0,0,0,0
aten::copy_,,,2.35,2.35,0,0,0,0
aten::sub,,,3.98,9.78,0,0,0,0
aten::to,,,0.67,5.8,0,0,0,0
aten::_to_copy,,,2.0,5.13,0,0,0,0
aten::empty_strided,,,1.14,1.14,0,0,0,0
aten::copy_,,,1.99,1.99,0,0,0,0
aten::floor_divide,,,4.93,12.88,0,0,0,0
aten::to,,,1.05,6.68,0,0,0,0
aten::_to_copy,,,1.95,5.63,0,0,0,0
aten::empty_strided,,,1.62,1.62,0,0,0,0
aten::copy_,,,2.06,2.06,0,0,0,0
aten::empty,,,1.27,1.27,0,0,0,0
aten::resolve_conj,,,1.09,1.09,0,0,0,0
aten::resolve_neg,,,0.61,0.61,0,0,0,0
aten::arange,,,3.5,12.41,0,0,0,0
aten::empty,,,1.25,1.25,0,0,0,0
aten::arange,,,5.9,7.66,0,0,0,0
aten::resize_,,,1.76,1.76,0,0,0,0
aten::cat,,,3.88,3.88,0,0,0,0
aten::eq,,,6.31,6.31,0,0,0,0
aten::cumsum,,,4.85,14.14,0,0,0,0
aten::to,,,1.41,9.29,0,0,0,0
aten::_to_copy,,,2.82,7.88,0,0,0,0
aten::empty_strided,,,1.82,1.82,0,0,0,0
aten::copy_,,,3.24,3.24,0,0,0,0
aten::sub,,,3.2,3.2,0,0,0,0
aten::stack,,,6.96,28.34,0,0,0,0
aten::unsqueeze,,,1.87,5.15,0,0,0,0
aten::as_strided,,,3.28,3.28,0,0,0,0
aten::unsqueeze,,,1.05,1.57,0,0,0,0
aten::as_strided,,,0.52,0.52,0,0,0,0
aten::cat,,,7.67,14.66,0,0,0,0
aten::narrow,,,2.47,6.99,0,0,0,0
aten::slice,,,1.52,4.52,0,0,0,0
aten::as_strided,,,3.0,3.0,0,0,0,0
aten::to,,,0.93,8.2,0,0,0,0
aten::_to_copy,,,2.55,7.27,0,0,0,0
aten::empty_strided,,,2.07,2.07,0,0,0,0
aten::copy_,,,2.65,2.65,0,0,0,0
aten::slice,,,4.14,5.28,0,0,0,0
aten::as_strided,,,1.14,1.14,0,0,0,0
aten::slice,,,2.26,3.4,0,0,0,0
aten::as_strided,,,1.14,1.14,0,0,0,0
aten::sub,,,3.81,3.81,0,0,0,0
aten::add,,,4.58,13.11,0,0,0,0
aten::to,,,1.08,8.53,0,0,0,0
aten::_to_copy,,,2.46,7.45,0,0,0,0
aten::empty_strided,,,2.54,2.54,0,0,0,0
aten::copy_,,,2.45,2.45,0,0,0,0
aten::sub,,,23.39,31.72,0,0,0,0
aten::to,,,3.24,8.33,0,0,0,0
aten::_to_copy,,,1.97,5.09,0,0,0,0
aten::empty_strided,,,1.14,1.14,0,0,0,0
aten::copy_,,,1.98,1.98,0,0,0,0
aten::floor_divide,,,6.55,16.12,0,0,0,0
aten::to,,,0.81,8.11,0,0,0,0
aten::_to_copy,,,2.61,7.3,0,0,0,0
aten::empty_strided,,,1.55,1.55,0,0,0,0
aten::copy_,,,3.14,3.14,0,0,0,0
aten::empty,,,1.46,1.46,0,0,0,0
aten::resolve_conj,,,0.97,0.97,0,0,0,0
aten::resolve_neg,,,0.53,0.53,0,0,0,0
aten::arange,,,3.74,22.47,0,0,0,0
aten::empty,,,1.72,1.72,0,0,0,0
aten::arange,,,6.77,17.01,0,0,0,0
aten::resize_,,,10.24,10.24,0,0,0,0
aten::cat,,,9.45,9.45,0,0,0,0
aten::eq,,,6.87,6.87,0,0,0,0
aten::cumsum,,,6.19,15.6,0,0,0,0
aten::to,,,1.1,9.41,0,0,0,0
aten::_to_copy,,,3.18,8.31,0,0,0,0
aten::empty_strided,,,1.8,1.8,0,0,0,0
aten::copy_,,,3.33,3.33,0,0,0,0
aten::sub,,,3.36,3.36,0,0,0,0
aten::stack,,,5.25,43.81,0,0,0,0
aten::unsqueeze,,,1.85,3.6,0,0,0,0
aten::as_strided,,,1.75,1.75,0,0,0,0
aten::unsqueeze,,,0.99,7.45,0,0,0,0
aten::as_strided,,,6.46,6.46,0,0,0,0
aten::cat,,,19.94,27.51,0,0,0,0
aten::narrow,,,2.65,7.57,0,0,0,0
aten::slice,,,2.21,4.92,0,0,0,0
aten::as_strided,,,2.71,2.71,0,0,0,0
aten::to,,,1.24,9.9,0,0,0,0
aten::_to_copy,,,2.9,8.66,0,0,0,0
aten::empty_strided,,,2.54,2.54,0,0,0,0
aten::copy_,,,3.22,3.22,0,0,0,0
aten::to,,,1.24,9.55,0,0,0,0
aten::_to_copy,,,2.28,8.31,0,0,0,0
aten::empty_strided,,,1.77,1.77,0,0,0,0
aten::copy_,,,4.26,4.26,0,0,0,0
aten::reshape,,,1.65,3.58,0,0,0,0
aten::view,,,1.93,1.93,0,0,0,0
aten::resolve_conj,,,0.8,0.8,0,0,0,0
aten::resolve_neg,,,0.37,0.37,0,0,0,0
aten::empty,,,2.74,2.74,0,0,0,0
aten::to,,,0.64,0.64,0,0,0,0
aten::lift_fresh,,,0.66,0.66,0,0,0,0
aten::detach_,,,2.5,2.5,0,0,0,0
aten::slice,,,2.17,5.6,0,0,0,0
aten::as_strided,,,3.43,3.43,0,0,0,0
aten::slice,,,1.33,2.15,0,0,0,0
aten::as_strided,,,0.82,0.82,0,0,0,0
aten::sub,,,24.28,24.28,0,0,0,0
aten::gt,,,6.78,6.78,0,0,0,0
aten::all,,,5.61,14.26,0,0,0,0
aten::view_as,,,1.63,4.67,0,0,0,0
aten::view,,,3.04,3.04,0,0,0,0
aten::to,,,0.46,0.46,0,0,0,0
aten::copy_,,,3.52,3.52,0,0,0,0
aten::is_nonzero,,,21.34,25.45,0,0,0,0
aten::item,,,2.75,4.11,0,0,0,0
aten::_local_scalar_dense,,,1.36,1.36,0,0,0,0
aten::to,,,1.24,11.38,0,0,0,0
aten::_to_copy,,,3.19,10.14,0,0,0,0
aten::empty_strided,,,3.03,3.03,0,0,0,0
aten::copy_,,,3.92,3.92,0,0,0,0
aten::reshape,,,1.25,2.85,0,0,0,0
aten::view,,,1.6,1.6,0,0,0,0
aten::resolve_conj,,,1.34,1.34,0,0,0,0
aten::resolve_neg,,,0.41,0.41,0,0,0,0
aten::to,,,2.38,161.74,0,0,0,0
aten::_to_copy,,,7.11,159.36,0,0,0,0
aten::empty_strided,,,14.36,23.12,0,0,0,0
empty_tensor,,,8.76,8.76,0,0,0,0
aten::copy_,,,110.38,129.13,0,0,0,0
acl_memcpy_host_to_device,,,18.75,18.75,0,0,0,0
aten::to,,,3.01,116.68,0,0,0,0
aten::_to_copy,,,5.31,113.67,0,0,0,0
aten::empty_strided,,,10.8,16.55,0,0,0,0
empty_tensor,,,5.75,5.75,0,0,0,0
aten::copy_,,,78.41,91.81,0,0,0,0
acl_memcpy_host_to_device,,,13.4,13.4,0,0,0,0
aten::to,,,2.62,104.51,0,0,0,0
aten::_to_copy,,,4.92,101.89,0,0,0,0
aten::empty_strided,,,8.39,13.86,0,0,0,0
empty_tensor,,,5.47,5.47,0,0,0,0
aten::copy_,,,71.39,83.11,0,0,0,0
acl_memcpy_host_to_device,,,11.72,11.72,0,0,0,0
aten::to,,,2.59,91.47,0,0,0,0
aten::_to_copy,,,4.8,88.88,0,0,0,0
aten::empty_strided,,,8.3,13.83,0,0,0,0
empty_tensor,,,5.53,5.53,0,0,0,0
aten::copy_,,,58.28,70.25,0,0,0,0
acl_memcpy_host_to_device,,,11.97,11.97,0,0,0,0
aten::to,,,2.61,89.25,0,0,0,0
aten::_to_copy,,,5.09,86.64,0,0,0,0
aten::empty_strided,,,8.67,14.73,0,0,0,0
empty_tensor,,,6.06,6.06,0,0,0,0
aten::copy_,,,55.49,66.82,0,0,0,0
acl_memcpy_host_to_device,,,11.33,11.33,0,0,0,0
aten::to,,,2.63,82.19,0,0,0,0
aten::_to_copy,,,4.78,79.56,0,0,0,0
aten::empty_strided,,,7.72,12.36,0,0,0,0
empty_tensor,,,4.64,4.64,0,0,0,0
aten::copy_,,,51.67,62.42,0,0,0,0
acl_memcpy_host_to_device,,,10.75,10.75,0,0,0,0
aten::slice,,,8.73,15.29,0,0,0,0
aten::as_strided,,,6.56,6.56,0,0,0,0
aten::slice,,,3.53,6.08,0,0,0,0
aten::as_strided,,,2.55,2.55,0,0,0,0
aten::sub,,,24.35,48.96,0,1.34003125,0,0
empty_tensor,,,9.09,9.09,0,0,0,0
aclnnSub,,,15.52,15.52,1.34003125,1.34003125,0,0
aten::sub,,,15.59,25.38,0,1.42003125,0,0
empty_tensor,,,6.63,6.63,0,0,0,0
aclnnSub,,,3.16,3.16,1.42003125,1.42003125,0,0
aten::gt,,,16.04,25.66,0,3.5600625,0,0
empty_tensor,,,5.93,5.93,0,0,0,0
aclnnGtScalar,,,3.69,3.69,3.5600625,3.5600625,0,0
aten::slice,,,6.57,12.21,0,0,0,0
aten::as_strided,,,5.64,5.64,0,0,0,0
aten::slice,,,6.09,8.83,0,0,0,0
aten::as_strided,,,2.74,2.74,0,0,0,0
aten::slice,,,2.7,6.23,0,0,0,0
aten::as_strided,,,3.53,3.53,0,0,0,0
aten::slice,,,2.67,5.19,0,0,0,0
aten::as_strided,,,2.52,2.52,0,0,0,0
aten::slice,,,3.19,6.3,0,0,0,0
aten::as_strided,,,3.11,3.11,0,0,0,0
aten::slice,,,2.13,4.29,0,0,0,0
aten::as_strided,,,2.16,2.16,0,0,0,0
aten::fill_,,,16.91,31.81,0,0,0,0
aclnnInplaceFillScalar,,,14.9,14.9,0,0,0,0
aten::slice,,,4.31,7.92,0,0,0,0
aten::as_strided,,,3.61,3.61,0,0,0,0
aten::fill_,,,12.66,24.88,0,0,0,0
aclnnInplaceFillScalar,,,12.22,12.22,0,0,0,0
aten::diff,,,7.27,33.79,0,0,0,0
aten::narrow,,,5.5,10.5,0,0,0,0
aten::slice,,,2.68,5.0,0,0,0,0
aten::as_strided,,,2.32,2.32,0,0,0,0
aten::narrow,,,2.34,4.59,0,0,0,0
aten::slice,,,1.14,2.25,0,0,0,0
aten::as_strided,,,1.11,1.11,0,0,0,0
aten::sub,,,11.43,11.43,0,0,0,0
aten::eq,,,11.39,26.35,0,0,0,0
aten::to,,,1.81,14.96,0,0,0,0
aten::_to_copy,,,4.37,13.15,0,0,0,0
aten::empty_strided,,,3.04,3.04,0,0,0,0
aten::copy_,,,5.74,5.74,0,0,0,0
aten::__and__,,,2.35,6.38,0,0,0,0
aten::bitwise_and,,,4.03,4.03,0,0,0,0
aten::gt,,,6.87,15.83,0,0,0,0
aten::to,,,1.11,8.96,0,0,0,0
aten::_to_copy,,,2.71,7.85,0,0,0,0
aten::empty_strided,,,2.45,2.45,0,0,0,0
aten::copy_,,,2.69,2.69,0,0,0,0
aten::__and__,,,1.35,4.34,0,0,0,0
aten::bitwise_and,,,2.99,2.99,0,0,0,0
aten::any,,,5.04,11.79,0,0,0,0
aten::view_as,,,1.88,3.6,0,0,0,0
aten::view,,,1.72,1.72,0,0,0,0
aten::to,,,0.56,0.56,0,0,0,0
aten::copy_,,,2.59,2.59,0,0,0,0
aten::item,,,1.89,3.14,0,0,0,0
aten::_local_scalar_dense,,,1.25,1.25,0,0,0,0
aten::slice,,,4.46,6.14,0,0,0,0
aten::as_strided,,,1.68,1.68,0,0,0,0
aten::slice,,,1.97,2.74,0,0,0,0
aten::as_strided,,,0.77,0.77,0,0,0,0
aten::sub,,,4.68,4.68,0,0,0,0
aten::select,,,3.01,4.25,0,0,0,0
aten::as_strided,,,1.24,1.24,0,0,0,0
aten::item,,,0.88,1.8,0,0,0,0
aten::_local_scalar_dense,,,0.92,0.92,0,0,0,0
aten::select,,,3.68,9.58,0,0,0,0
aten::as_strided,,,5.9,5.9,0,0,0,0
aten::slice,,,4.14,5.73,0,0,0,0
aten::as_strided,,,1.59,1.59,0,0,0,0
aten::slice,,,2.33,3.35,0,0,0,0
aten::as_strided,,,1.02,1.02,0,0,0,0
aten::sub,,,5.19,5.19,0,0,0,0
aten::add,,,6.09,17.03,0,0,0,0
aten::to,,,1.39,10.94,0,0,0,0
aten::_to_copy,,,3.06,9.55,0,0,0,0
aten::empty_strided,,,3.0,3.0,0,0,0,0
aten::copy_,,,3.49,3.49,0,0,0,0
aten::sub,,,4.58,11.49,0,0,0,0
aten::to,,,0.8,6.91,0,0,0,0
aten::_to_copy,,,2.19,6.11,0,0,0,0
aten::empty_strided,,,1.46,1.46,0,0,0,0
aten::copy_,,,2.46,2.46,0,0,0,0
aten::floor_divide,,,6.56,14.98,0,0,0,0
aten::to,,,0.86,6.82,0,0,0,0
aten::_to_copy,,,2.49,5.96,0,0,0,0
aten::empty_strided,,,1.33,1.33,0,0,0,0
aten::copy_,,,2.14,2.14,0,0,0,0
aten::empty,,,1.6,1.6,0,0,0,0
aten::resolve_conj,,,1.01,1.01,0,0,0,0
aten::resolve_neg,,,0.5,0.5,0,0,0,0
aten::arange,,,3.72,14.21,0,0,0,0
aten::empty,,,1.54,1.54,0,0,0,0
aten::arange,,,6.61,8.95,0,0,0,0
aten::resize_,,,2.34,2.34,0,0,0,0
aten::cat,,,5.41,5.41,0,0,0,0
aten::eq,,,6.47,6.47,0,0,0,0
aten::cumsum,,,6.32,14.79,0,0,0,0
aten::to,,,0.97,8.47,0,0,0,0
aten::_to_copy,,,2.53,7.5,0,0,0,0
aten::empty_strided,,,1.8,1.8,0,0,0,0
aten::copy_,,,3.17,3.17,0,0,0,0
aten::sub,,,3.55,3.55,0,0,0,0
aten::stack,,,3.44,23.69,0,0,0,0
aten::unsqueeze,,,1.93,4.25,0,0,0,0
aten::as_strided,,,2.32,2.32,0,0,0,0
aten::unsqueeze,,,0.96,1.68,0,0,0,0
aten::as_strided,,,0.72,0.72,0,0,0,0
aten::cat,,,8.31,14.32,0,0,0,0
aten::narrow,,,2.52,6.01,0,0,0,0
aten::slice,,,1.75,3.49,0,0,0,0
aten::as_strided,,,1.74,1.74,0,0,0,0
aten::to,,,1.54,8.84,0,0,0,0
aten::_to_copy,,,2.5,7.3,0,0,0,0
aten::empty_strided,,,1.79,1.79,0,0,0,0
aten::copy_,,,3.01,3.01,0,0,0,0
aten::empty,,,2.16,2.16,0,0,0,0
aten::to,,,0.67,0.67,0,0,0,0
aten::lift_fresh,,,0.98,0.98,0,0,0,0
aten::detach_,,,0.69,0.69,0,0,0,0
aten::slice,,,4.48,5.85,0,0,0,0
aten::as_strided,,,1.37,1.37,0,0,0,0
aten::slice,,,2.16,2.97,0,0,0,0
aten::as_strided,,,0.81,0.81,0,0,0,0
aten::sub,,,4.49,4.49,0,0,0,0
aten::add,,,5.42,13.53,0,0,0,0
aten::to,,,0.84,8.11,0,0,0,0
aten::_to_copy,,,2.48,7.27,0,0,0,0
aten::empty_strided,,,2.19,2.19,0,0,0,0
aten::copy_,,,2.6,2.6,0,0,0,0
aten::sub,,,4.14,10.1,0,0,0,0
aten::to,,,0.81,5.96,0,0,0,0
aten::_to_copy,,,1.84,5.15,0,0,0,0
aten::empty_strided,,,1.26,1.26,0,0,0,0
aten::copy_,,,2.05,2.05,0,0,0,0
aten::floor_divide,,,6.14,15.58,0,0,0,0
aten::to,,,1.07,7.95,0,0,0,0
aten::_to_copy,,,2.05,6.88,0,0,0,0
aten::empty_strided,,,2.28,2.28,0,0,0,0
aten::copy_,,,2.55,2.55,0,0,0,0
aten::empty,,,1.49,1.49,0,0,0,0
aten::cat,,,4.12,4.12,0,0,0,0
aten::cumsum,,,5.91,13.55,0,0,0,0
aten::to,,,0.84,7.64,0,0,0,0
aten::_to_copy,,,2.15,6.8,0,0,0,0
aten::empty_strided,,,1.59,1.59,0,0,0,0
aten::copy_,,,3.06,3.06,0,0,0,0
aten::empty,,,2.02,2.02,0,0,0,0
aten::to,,,0.81,0.81,0,0,0,0
aten::lift_fresh,,,0.71,0.71,0,0,0,0
aten::detach_,,,0.62,0.62,0,0,0,0
aten::slice,,,3.89,5.19,0,0,0,0
aten::as_strided,,,1.3,1.3,0,0,0,0
aten::slice,,,2.08,3.0,0,0,0,0
aten::as_strided,,,0.92,0.92,0,0,0,0
aten::sub,,,4.67,4.67,0,0,0,0
aten::add,,,4.6,12.25,0,0,0,0
aten::to,,,0.81,7.65,0,0,0,0
aten::_to_copy,,,2.65,6.84,0,0,0,0
aten::empty_strided,,,1.79,1.79,0,0,0,0
aten::copy_,,,2.4,2.4,0,0,0,0
aten::sub,,,4.11,9.89,0,0,0,0
aten::to,,,0.83,5.78,0,0,0,0
aten::_to_copy,,,1.96,4.95,0,0,0,0
aten::empty_strided,,,1.06,1.06,0,0,0,0
aten::copy_,,,1.93,1.93,0,0,0,0
aten::floor_divide,,,5.41,13.89,0,0,0,0
aten::to,,,0.91,7.1,0,0,0,0
aten::_to_copy,,,2.2,6.19,0,0,0,0
aten::empty_strided,,,1.61,1.61,0,0,0,0
aten::copy_,,,2.38,2.38,0,0,0,0
aten::empty,,,1.38,1.38,0,0,0,0
aten::add,,,4.0,10.37,0,0,0,0
aten::to,,,0.77,6.37,0,0,0,0
aten::_to_copy,,,2.24,5.6,0,0,0,0
aten::empty_strided,,,1.32,1.32,0,0,0,0
aten::copy_,,,2.04,2.04,0,0,0,0
aten::cat,,,3.96,3.96,0,0,0,0
aten::cumsum,,,5.02,11.85,0,0,0,0
aten::to,,,0.83,6.83,0,0,0,0
aten::_to_copy,,,2.06,6.0,0,0,0,0
aten::empty_strided,,,1.34,1.34,0,0,0,0
aten::copy_,,,2.6,2.6,0,0,0,0
aten::slice,,,3.51,4.68,0,0,0,0
aten::as_strided,,,1.17,1.17,0,0,0,0
aten::slice,,,2.42,3.21,0,0,0,0
aten::as_strided,,,0.79,0.79,0,0,0,0
aten::sub,,,3.46,3.46,0,0,0,0
aten::add,,,4.05,11.23,0,0,0,0
aten::to,,,0.84,7.18,0,0,0,0
aten::_to_copy,,,2.34,6.34,0,0,0,0
aten::empty_strided,,,1.59,1.59,0,0,0,0
aten::copy_,,,2.41,2.41,0,0,0,0
aten::sub,,,3.71,9.38,0,0,0,0
aten::to,,,0.85,5.67,0,0,0,0
aten::_to_copy,,,1.78,4.82,0,0,0,0
aten::empty_strided,,,1.24,1.24,0,0,0,0
aten::copy_,,,1.8,1.8,0,0,0,0
aten::floor_divide,,,5.15,12.95,0,0,0,0
aten::to,,,0.81,6.52,0,0,0,0
aten::_to_copy,,,2.14,5.71,0,0,0,0
aten::empty_strided,,,1.44,1.44,0,0,0,0
aten::copy_,,,2.13,2.13,0,0,0,0
aten::empty,,,1.28,1.28,0,0,0,0
aten::add,,,3.95,9.95,0,0,0,0
aten::to,,,0.73,6.0,0,0,0,0
aten::_to_copy,,,2.01,5.27,0,0,0,0
aten::empty_strided,,,1.22,1.22,0,0,0,0
aten::copy_,,,2.04,2.04,0,0,0,0
aten::cumsum,,,4.36,11.19,0,0,0,0
aten::to,,,0.73,6.83,0,0,0,0
aten::_to_copy,,,1.98,6.1,0,0,0,0
aten::empty_strided,,,1.62,1.62,0,0,0,0
aten::copy_,,,2.5,2.5,0,0,0,0
aten::sub,,,3.27,3.27,0,0,0,0
aten::slice,,,19.5,20.9,0,0,0,0
aten::as_strided,,,1.4,1.4,0,0,0,0
aten::slice,,,2.32,3.48,0,0,0,0
aten::as_strided,,,1.16,1.16,0,0,0,0
aten::sub,,,4.01,4.01,0,0,0,0
aten::add,,,4.3,11.77,0,0,0,0
aten::to,,,0.77,7.47,0,0,0,0
aten::_to_copy,,,2.31,6.7,0,0,0,0
aten::empty_strided,,,1.8,1.8,0,0,0,0
aten::copy_,,,2.59,2.59,0,0,0,0
aten::sub,,,3.91,9.37,0,0,0,0
aten::to,,,0.7,5.46,0,0,0,0
aten::_to_copy,,,1.82,4.76,0,0,0,0
aten::empty_strided,,,1.13,1.13,0,0,0,0
aten::copy_,,,1.81,1.81,0,0,0,0
aten::floor_divide,,,5.3,18.26,0,0,0,0
aten::to,,,1.15,11.8,0,0,0,0
aten::_to_copy,,,2.4,10.65,0,0,0,0
aten::empty_strided,,,5.23,5.23,0,0,0,0
aten::copy_,,,3.02,3.02,0,0,0,0
aten::empty,,,1.16,1.16,0,0,0,0
aten::resolve_conj,,,1.01,1.01,0,0,0,0
aten::resolve_neg,,,0.47,0.47,0,0,0,0
aten::arange,,,6.45,28.62,0,0,0,0
aten::empty,,,13.38,13.38,0,0,0,0
aten::arange,,,6.93,8.79,0,0,0,0
aten::resize_,,,1.86,1.86,0,0,0,0
aten::cat,,,4.76,4.76,0,0,0,0
aten::eq,,,6.64,6.64,0,0,0,0
aten::cumsum,,,5.42,20.02,0,0,0,0
aten::to,,,0.73,14.6,0,0,0,0
aten::_to_copy,,,8.62,13.87,0,0,0,0
aten::empty_strided,,,1.98,1.98,0,0,0,0
aten::copy_,,,3.27,3.27,0,0,0,0
aten::sub,,,3.29,3.29,0,0,0,0
aten::stack,,,3.28,40.34,0,0,0,0
aten::unsqueeze,,,1.92,3.84,0,0,0,0
aten::as_strided,,,1.92,1.92,0,0,0,0
aten::unsqueeze,,,0.9,8.2,0,0,0,0
aten::as_strided,,,7.3,7.3,0,0,0,0
aten::cat,,,8.33,25.02,0,0,0,0
aten::narrow,,,2.62,16.69,0,0,0,0
aten::slice,,,1.97,14.07,0,0,0,0
aten::as_strided,,,12.1,12.1,0,0,0,0
aten::to,,,1.26,9.42,0,0,0,0
aten::_to_copy,,,2.57,8.16,0,0,0,0
aten::empty_strided,,,2.29,2.29,0,0,0,0
aten::copy_,,,3.3,3.3,0,0,0,0
aten::slice,,,4.6,5.91,0,0,0,0
aten::as_strided,,,1.31,1.31,0,0,0,0
aten::slice,,,2.0,2.69,0,0,0,0
aten::as_strided,,,0.69,0.69,0,0,0,0
aten::sub,,,4.16,4.16,0,0,0,0
aten::add,,,5.04,17.47,0,0,0,0
aten::to,,,0.91,12.43,0,0,0,0
aten::_to_copy,,,4.44,11.52,0,0,0,0
aten::empty_strided,,,4.57,4.57,0,0,0,0
aten::copy_,,,2.51,2.51,0,0,0,0
aten::sub,,,14.65,20.29,0,0,0,0
aten::to,,,0.61,5.64,0,0,0,0
aten::_to_copy,,,2.05,5.03,0,0,0,0
aten::empty_strided,,,1.11,1.11,0,0,0,0
aten::copy_,,,1.87,1.87,0,0,0,0
aten::floor_divide,,,10.36,19.07,0,0,0,0
aten::to,,,0.8,7.34,0,0,0,0
aten::_to_copy,,,2.49,6.54,0,0,0,0
aten::empty_strided,,,1.7,1.7,0,0,0,0
aten::copy_,,,2.35,2.35,0,0,0,0
aten::empty,,,1.37,1.37,0,0,0,0
aten::resolve_conj,,,0.77,0.77,0,0,0,0
aten::resolve_neg,,,0.53,0.53,0,0,0,0
aten::arange,,,4.06,18.94,0,0,0,0
aten::empty,,,1.44,1.44,0,0,0,0
aten::arange,,,6.0,13.44,0,0,0,0
aten::resize_,,,7.44,7.44,0,0,0,0
aten::cat,,,4.71,4.71,0,0,0,0
aten::eq,,,6.13,6.13,0,0,0,0
aten::cumsum,,,5.59,15.44,0,0,0,0
aten::to,,,0.71,9.85,0,0,0,0
aten::_to_copy,,,4.31,9.14,0,0,0,0
aten::empty_strided,,,1.83,1.83,0,0,0,0
aten::copy_,,,3.0,3.0,0,0,0,0
aten::sub,,,3.29,3.29,0,0,0,0
aten::stack,,,3.39,40.61,0,0,0,0
aten::unsqueeze,,,1.9,3.62,0,0,0,0
aten::as_strided,,,1.72,1.72,0,0,0,0
aten::unsqueeze,,,1.09,10.31,0,0,0,0
aten::as_strided,,,9.22,9.22,0,0,0,0
aten::cat,,,16.56,23.29,0,0,0,0
aten::narrow,,,2.45,6.73,0,0,0,0
aten::slice,,,2.15,4.28,0,0,0,0
aten::as_strided,,,2.13,2.13,0,0,0,0
aten::to,,,1.1,9.5,0,0,0,0
aten::_to_copy,,,2.43,8.4,0,0,0,0
aten::empty_strided,,,2.44,2.44,0,0,0,0
aten::copy_,,,3.53,3.53,0,0,0,0
aten::to,,,1.13,8.69,0,0,0,0
aten::_to_copy,,,2.24,7.56,0,0,0,0
aten::empty_strided,,,1.56,1.56,0,0,0,0
aten::copy_,,,3.76,3.76,0,0,0,0
aten::reshape,,,1.71,3.84,0,0,0,0
aten::view,,,2.13,2.13,0,0,0,0
aten::resolve_conj,,,0.77,0.77,0,0,0,0
aten::resolve_neg,,,2.18,2.18,0,0,0,0
aten::empty,,,2.57,2.57,0,0,0,0
aten::to,,,0.52,0.52,0,0,0,0
aten::lift_fresh,,,0.7,0.7,0,0,0,0
aten::detach_,,,0.54,0.54,0,0,0,0
aten::slice,,,1.91,4.03,0,0,0,0
aten::as_strided,,,2.12,2.12,0,0,0,0
aten::slice,,,1.02,2.02,0,0,0,0
aten::as_strided,,,1.0,1.0,0,0,0,0
aten::sub,,,4.39,4.39,0,0,0,0
aten::gt,,,6.25,6.25,0,0,0,0
aten::all,,,5.74,13.07,0,0,0,0
aten::view_as,,,2.25,3.58,0,0,0,0
aten::view,,,1.33,1.33,0,0,0,0
aten::to,,,0.45,0.45,0,0,0,0
aten::copy_,,,3.3,3.3,0,0,0,0
aten::is_nonzero,,,1.7,4.44,0,0,0,0
aten::item,,,1.64,2.74,0,0,0,0
aten::_local_scalar_dense,,,1.1,1.1,0,0,0,0
aten::to,,,1.28,10.38,0,0,0,0
aten::_to_copy,,,3.48,9.1,0,0,0,0
aten::empty_strided,,,2.38,2.38,0,0,0,0
aten::copy_,,,3.24,3.24,0,0,0,0
aten::reshape,,,1.24,2.53,0,0,0,0
aten::view,,,1.29,1.29,0,0,0,0
aten::resolve_conj,,,0.54,0.54,0,0,0,0
aten::resolve_neg,,,0.54,0.54,0,0,0,0
aten::to,,,2.45,162.61,0,0,0,0
aten::_to_copy,,,7.89,160.16,0,0,0,0
aten::empty_strided,,,13.05,21.82,0,0,0,0
empty_tensor,,,8.77,8.77,0,0,0,0
aten::copy_,,,111.23,130.45,0,0,0,0
acl_memcpy_host_to_device,,,19.22,19.22,0,0,0,0
aten::to,,,2.92,117.58,0,0,0,0
aten::_to_copy,,,5.56,114.66,0,0,0,0
aten::empty_strided,,,10.01,19.31,0,0,0,0
empty_tensor,,,9.3,9.3,0,0,0,0
aten::copy_,,,74.96,89.79,0,0,0,0
acl_memcpy_host_to_device,,,14.83,14.83,0,0,0,0
aten::to,,,2.79,102.34,0,0,0,0
aten::_to_copy,,,4.93,99.55,0,0,0,0
aten::empty_strided,,,8.47,13.58,0,0,0,0
empty_tensor,,,5.11,5.11,0,0,0,0
aten::copy_,,,67.71,81.04,0,0,0,0
acl_memcpy_host_to_device,,,13.33,13.33,0,0,0,0
aten::to,,,2.4,100.58,0,0,0,0
aten::_to_copy,,,4.62,98.18,0,0,0,0
aten::empty_strided,,,8.88,14.24,0,0,0,0
empty_tensor,,,5.36,5.36,0,0,0,0
aten::copy_,,,67.32,79.32,0,0,0,0
acl_memcpy_host_to_device,,,12.0,12.0,0,0,0,0
aten::to,,,2.66,103.6,0,0,0,0
aten::_to_copy,,,5.28,100.94,0,0,0,0
aten::empty_strided,,,8.12,14.1,0,0,0,0
empty_tensor,,,5.98,5.98,0,0,0,0
aten::copy_,,,68.76,81.56,0,0,0,0
acl_memcpy_host_to_device,,,12.8,12.8,0,0,0,0
aten::to,,,2.19,85.12,0,0,0,0
aten::_to_copy,,,4.27,82.93,0,0,0,0
aten::empty_strided,,,8.22,13.74,0,0,0,0
empty_tensor,,,5.52,5.52,0,0,0,0
aten::copy_,,,54.21,64.92,0,0,0,0
acl_memcpy_host_to_device,,,10.71,10.71,0,0,0,0
aten::slice,,,7.99,14.41,0,0,0,0
aten::as_strided,,,6.42,6.42,0,0,0,0
aten::slice,,,2.63,5.37,0,0,0,0
aten::as_strided,,,2.74,2.74,0,0,0,0
aten::sub,,,59.03,82.17,0,1.22003125,0,0
empty_tensor,,,9.51,9.51,0,0,0,0
aclnnSub,,,13.63,13.63,1.22003125,1.22003125,0,0
aten::sub,,,16.49,27.89,0,1.18003125,0,0
empty_tensor,,,7.67,7.67,0,0,0,0
aclnnSub,,,3.73,3.73,1.18003125,1.18003125,0,0
aten::gt,,,17.02,35.58,0,3.4600937500000004,0,0
empty_tensor,,,5.73,5.73,0,0,0,0
aclnnGtScalar,,,12.83,12.83,3.4600937500000004,3.4600937500000004,0,0
aten::slice,,,7.37,13.05,0,0,0,0
aten::as_strided,,,5.68,5.68,0,0,0,0
Event::record,,,157.59,180.53,0,0.02,0,0
record_event,,,22.94,22.94,0.02,0.02,0,0
aten::slice,,,7.54,15.53,0,0,0,0
aten::as_strided,,,7.99,7.99,0,0,0,0
aten::slice,,,3.58,6.85,0,0,0,0
aten::as_strided,,,3.27,3.27,0,0,0,0
aten::slice,,,6.88,14.6,0,0,0,0
aten::as_strided,,,7.72,7.72,0,0,0,0
aten::scalar_tensor,,,5.93,57.4,0,1.36,0,0
aten::empty,,,3.64,15.54,0,0,0,0
empty_tensor,,,11.9,11.9,0,0,0,0
aten::fill_,,,18.96,35.93,0,1.36,0,0
aclnnInplaceFillScalar,,,16.97,16.97,1.36,1.36,0,0
aten::view,,,4.43,4.43,0,0,0,0
aten::expand,,,3.67,6.07,0,0,0,0
aten::as_strided,,,2.4,2.4,0,0,0,0
aten::copy_,,,23.78,35.34,0,4.4200625,0,0
aclnnInplaceCopy,,,11.56,11.56,4.4200625,4.4200625,0,0
aten::scalar_tensor,,,4.27,26.41,0,1.32,0,0
aten::empty,,,2.38,8.58,0,0,0,0
empty_tensor,,,6.2,6.2,0,0,0,0
aten::fill_,,,9.77,13.56,0,1.32,0,0
aclnnInplaceFillScalar,,,3.79,3.79,1.32,1.32,0,0
aten::slice,,,5.6,10.11,0,0,0,0
aten::as_strided,,,4.51,4.51,0,0,0,0
aten::view,,,2.41,2.41,0,0,0,0
aten::expand,,,1.7,3.6,0,0,0,0
aten::as_strided,,,1.9,1.9,0,0,0,0
aten::copy_,,,1.95,1.95,0,0,0,0
aten::to,,,2.93,63.53,0,1.56003125,0,0
aten::_to_copy,,,6.98,60.6,0,1.56003125,0,0
aten::empty_strided,,,11.21,18.13,0,0,0,0
empty_tensor,,,6.92,6.92,0,0,0,0
aten::copy_,,,20.54,35.49,0,1.56003125,0,0
aclnnInplaceCopy,,,14.95,14.95,1.56003125,1.56003125,0,0
aten::embedding,,,16.32,35.83,0,8.60015625,0,0
empty_tensor,,,8.44,8.44,0,0,0,0
aclnnEmbedding,,,11.07,11.07,8.60015625,8.60015625,0,0
aten::unsqueeze,,,5.43,11.55,0,0,0,0
aten::as_strided,,,6.12,6.12,0,0,0,0
aten::expand,,,3.12,7.46,0,0,0,0
aten::as_strided,,,4.34,4.34,0,0,0,0
aten::contiguous,,,3.92,47.97,0,8.94015625,0,0
aten::clone,,,5.19,44.05,0,8.94015625,0,0
empty_tensor,,,10.65,10.65,0,0,0,0
aten::copy_,,,16.31,28.21,0,8.94015625,0,0
aclnnInplaceCopy,,,11.9,11.9,8.94015625,8.94015625,0,0
_C_ascend::npu_hc_pre_v2,,,78.24,138.39,0,67.441375,0,0
aten::empty,,,3.19,13.83,0,0,0,0
empty_tensor,,,10.64,10.64,0,0,0,0
aten::empty,,,1.66,7.39,0,0,0,0
empty_tensor,,,5.73,5.73,0,0,0,0
aten::empty,,,1.59,5.8,0,0,0,0
empty_tensor,,,4.21,4.21,0,0,0,0
aten::empty,,,1.43,5.23,0,0,0,0
empty_tensor,,,3.8,3.8,0,0,0,0
aten::empty,,,3.33,13.86,0,0,0,0
empty_tensor,,,10.53,10.53,0,0,0,0
aclnnHcPre,,,14.04,14.04,67.441375,67.441375,0,0
npu::npu_rms_norm,,,69.98,95.29,0,11.78025,0,0
empty_tensor,,,7.97,7.97,0,0,0,0
empty_tensor,,,4.59,4.59,0,0,0,0
aclnnRmsNorm,,,12.75,12.75,11.78025,11.78025,0,0
aten::unsqueeze,,,3.9,9.44,0,0,0,0
aten::as_strided,,,5.54,5.54,0,0,0,0
aten::linear,,,6.5,74.26,0,217.76434375,0,217.76434375
aten::t,,,6.84,17.48,0,0,0,0
aten::transpose,,,4.02,10.64,0,0,0,0
aten::as_strided,,,6.62,6.62,0,0,0,0
aten::matmul,,,25.34,50.28,0,217.76434375,0,217.76434375
empty_tensor,,,11.26,11.26,0,0,0,0
aclnnMatmul,,,13.68,13.68,217.76434375,217.76434375,217.76434375,217.76434375
aten::split_with_sizes,,,7.39,18.46,0,0,0,0
aten::as_strided,,,5.49,5.49,0,0,0,0
aten::as_strided,,,2.21,2.21,0,0,0,0
aten::as_strided,,,1.77,1.77,0,0,0,0
aten::as_strided,,,1.6,1.6,0,0,0,0
aten::unsqueeze,,,2.58,6.92,0,0,0,0
aten::as_strided,,,4.34,4.34,0,0,0,0
vllm::unquantized_gemm,,,23.73,94.42,0,15.32028125,0,12.18021875
aten::linear,,,4.5,70.69,0,15.32028125,0,12.18021875
aten::t,,,4.6,12.14,0,0,0,0
aten::transpose,,,2.55,7.54,0,0,0,0
aten::as_strided,,,4.99,4.99,0,0,0,0
aten::matmul,,,27.4,54.05,0,15.32028125,0,12.18021875
empty_tensor,,,11.98,11.98,0,0,0,0
aclnnMatmul,,,14.67,14.67,15.32028125,15.32028125,12.18021875,12.18021875
aten::reshape,,,2.01,8.49,0,0,0,0
aten::view,,,6.48,6.48,0,0,0,0
vllm::unquantized_gemm,,,18.28,85.53,0,12.58025,0,9.9801875
aten::linear,,,3.96,67.25,0,12.58025,0,9.9801875
aten::t,,,4.55,12.65,0,0,0,0
aten::transpose,,,2.64,8.1,0,0,0,0
aten::as_strided,,,5.46,5.46,0,0,0,0
aten::matmul,,,25.88,50.64,0,12.58025,0,9.9801875
empty_tensor,,,10.3,10.3,0,0,0,0
aclnnMatmul,,,14.46,14.46,12.58025,12.58025,9.9801875,9.9801875
aten::reshape,,,1.93,7.42,0,0,0,0
aten::view,,,5.49,5.49,0,0,0,0
aten::empty,,,3.4,13.4,0,0,0,0
empty_tensor,,,10.0,10.0,0,0,0,0
aten::slice,,,3.32,8.76,0,0,0,0
aten::as_strided,,,5.44,5.44,0,0,0,0
aten::alias,,,3.39,3.39,0,0,0,0
aten::alias,,,1.4,1.4,0,0,0,0
aten::zeros_like,,,5.48,57.85,0,9.3801875,0,0
aten::empty_like,,,6.05,21.67,0,0,0,0
aten::empty_strided,,,11.81,15.62,0,0,0,0
empty_tensor,,,3.81,3.81,0,0,0,0
aten::zero_,,,16.39,30.7,0,9.3801875,0,0
aclnnInplaceZero,,,14.31,14.31,9.3801875,9.3801875,0,0
aten::empty,,,3.37,12.88,0,0,0,0
empty_tensor,,,9.51,9.51,0,0,0,0
aten::empty,,,2.1,7.82,0,0,0,0
empty_tensor,,,5.72,5.72,0,0,0,0
_copy_conv_state_kernel,,,39.14,39.14,8.38015625,8.38015625,0,0
fla_npu_stable::npu_causal_conv1d_fn,,,197.36,259.9,0,58.06115625,0,0
aten::empty_strided,,,14.73,24.22,0,0,0,0
empty_tensor,,,9.49,9.49,0,0,0,0
aten::empty_strided,,,13.23,21.66,0,0,0,0
empty_tensor,,,8.43,8.43,0,0,0,0
aclnnCausalConv1d,,,16.66,16.66,58.06115625,58.06115625,0,0
_copy_conv_state_kernel,,,26.33,26.33,7.34015625,7.34015625,0,0
aten::split,,,5.31,32.82,0,0,0,0
aten::narrow,,,4.72,17.63,0,0,0,0
aten::slice,,,4.01,12.91,0,0,0,0
aten::as_strided,,,8.9,8.9,0,0,0,0
aten::narrow,,,1.32,5.25,0,0,0,0
aten::slice,,,1.57,3.93,0,0,0,0
aten::as_strided,,,2.36,2.36,0,0,0,0
aten::narrow,,,1.08,4.63,0,0,0,0
aten::slice,,,1.19,3.55,0,0,0,0
aten::as_strided,,,2.36,2.36,0,0,0,0
aten::zero_,,,19.27,34.95,0,8.86015625,0,0
aclnnInplaceZero,,,15.68,15.68,8.86015625,8.86015625,0,0
aten::reshape,,,10.12,19.79,0,0,0,0
aten::_reshape_alias,,,3.93,9.67,0,0,0,0
aten::view,,,5.74,5.74,0,0,0,0
aten::reshape,,,2.49,9.23,0,0,0,0
aten::_reshape_alias,,,2.21,6.74,0,0,0,0
aten::view,,,4.53,4.53,0,0,0,0
aten::reshape,,,2.16,7.83,0,0,0,0
aten::_reshape_alias,,,1.74,5.67,0,0,0,0
aten::view,,,3.93,3.93,0,0,0,0
aten::alias,,,2.83,2.83,0,0,0,0
aten::alias,,,1.08,1.08,0,0,0,0
aten::alias,,,0.86,0.86,0,0,0,0
aten::alias,,,1.34,1.34,0,0,0,0
aten::alias,,,1.22,1.22,0,0,0,0
aten::empty,,,3.91,19.41,0,0,0,0
empty_tensor,,,15.5,15.5,0,0,0,0
aten::select,,,7.66,12.7,0,0,0,0
aten::as_strided,,,5.04,5.04,0,0,0,0
_gather_initial_states_kernel,,,26.95,26.95,8.56015625,8.56015625,0,0
aten::to,,,3.77,3.77,0,0,0,0
aten::to,,,1.76,91.32,0,5.440125,0,0
aten::_to_copy,,,8.65,89.56,0,5.440125,0,0
aten::empty_strided,,,28.54,36.37,0,0,0,0
empty_tensor,,,7.83,7.83,0,0,0,0
aten::copy_,,,30.27,44.54,0,5.440125,0,0
aclnnInplaceCopy,,,14.27,14.27,5.440125,5.440125,0,0
aten::sigmoid,,,13.75,27.09,0,2.78003125,0,0
empty_tensor,,,7.18,7.18,0,0,0,0
aclnnSigmoid,,,6.16,6.16,2.78003125,2.78003125,0,0
aten::contiguous,,,3.29,41.92,0,4.94009375,0,0
aten::clone,,,4.32,38.63,0,4.94009375,0,0
empty_tensor,,,7.85,7.85,0,0,0,0
aten::copy_,,,15.4,26.46,0,4.94009375,0,0
aclnnInplaceCopy,,,11.06,11.06,4.94009375,4.94009375,0,0
aten::view,,,6.15,6.15,0,0,0,0
aten::empty_like,,,5.35,17.84,0,0,0,0
aten::empty_strided,,,8.58,12.49,0,0,0,0
empty_tensor,,,3.91,3.91,0,0,0,0
l2norm_fwd_kernel2,,,21.88,21.88,11.84025,11.84025,0,0
aten::view,,,11.81,11.81,0,0,0,0
aten::contiguous,,,3.08,54.62,0,4.8400625,0,0
aten::clone,,,5.41,51.54,0,4.8400625,0,0
empty_tensor,,,10.15,10.15,0,0,0,0
aten::copy_,,,20.56,35.98,0,4.8400625,0,0
aclnnInplaceCopy,,,15.42,15.42,4.8400625,4.8400625,0,0
aten::view,,,4.87,4.87,0,0,0,0
aten::empty_like,,,5.19,18.75,0,0,0,0
aten::empty_strided,,,9.08,13.56,0,0,0,0
empty_tensor,,,4.48,4.48,0,0,0,0
l2norm_fwd_kernel2,,,23.11,23.11,6.660125,6.660125,0,0
aten::view,,,11.54,11.54,0,0,0,0
aten::contiguous,,,38.87,106.24,0,4.90009375,0,0
aten::clone,,,22.18,67.37,0,4.90009375,0,0
empty_tensor,,,9.74,9.74,0,0,0,0
aten::copy_,,,20.69,35.45,0,4.90009375,0,0
aclnnInplaceCopy,,,14.76,14.76,4.90009375,4.90009375,0,0
aten::reshape,,,2.17,13.33,0,0,0,0
aten::view,,,11.16,11.16,0,0,0,0
_C_ascend::chunk_kda_fwd,,,83.38,164.11,0,4180.52353125,0,0
aten::empty,,,4.05,16.42,0,0,0,0
empty_tensor,,,12.37,12.37,0,0,0,0
aten::empty,,,1.97,9.81,0,0,0,0
empty_tensor,,,7.84,7.84,0,0,0,0
aten::empty,,,1.5,7.06,0,0,0,0
empty_tensor,,,5.56,5.56,0,0,0,0
aten::empty_like,,,4.46,14.79,0,0,0,0
aten::empty_strided,,,7.34,10.33,0,0,0,0
empty_tensor,,,2.99,2.99,0,0,0,0
aten::empty,,,3.49,14.69,0,0,0,0
empty_tensor,,,11.2,11.2,0,0,0,0
aclnnChunkKdaFwd,,,17.96,17.96,4180.52353125,4180.52353125,0,0
aten::to,,,2.35,2.35,0,0,0,0
aten::select,,,8.55,15.46,0,0,0,0
aten::as_strided,,,6.91,6.91,0,0,0,0
aten::select,,,2.02,5.67,0,0,0,0
aten::as_strided,,,3.65,3.65,0,0,0,0
aten::view,,,7.73,7.73,0,0,0,0
aten::unsqueeze,,,4.79,8.31,0,0,0,0
aten::as_strided,,,3.52,3.52,0,0,0,0
aten::view,,,3.97,3.97,0,0,0,0
npu::npu_scatter_nd_update_,,,34.34,50.75,0,53.8010625,0,0
aclnnScatterNdUpdate,,,16.41,16.41,53.8010625,53.8010625,0,0
aten::select,,,3.57,7.52,0,0,0,0
aten::as_strided,,,3.95,3.95,0,0,0,0
aten::select,,,1.81,4.65,0,0,0,0
aten::as_strided,,,2.84,2.84,0,0,0,0
aten::copy_,,,18.31,32.44,0,7.98015625,0,0
aclnnInplaceCopy,,,14.13,14.13,7.98015625,7.98015625,0,0
aten::reshape,,,2.12,8.72,0,0,0,0
aten::view,,,6.6,6.6,0,0,0,0
aten::reshape,,,1.14,4.89,0,0,0,0
aten::view,,,3.75,3.75,0,0,0,0
aten::empty_like,,,5.61,21.2,0,0,0,0
aten::empty_strided,,,9.96,15.59,0,0,0,0
empty_tensor,,,5.63,5.63,0,0,0,0
layer_norm_gated_fwd_kernel,,,45.02,45.02,17.16034375,17.16034375,0,0
aten::reshape,,,3.46,14.46,0,0,0,0
aten::view,,,11.0,11.0,0,0,0,0
aten::reshape,,,1.56,6.53,0,0,0,0
aten::view,,,4.97,4.97,0,0,0,0
vllm::unquantized_gemm,,,23.12,96.71,0,78.3015625,0,78.3015625
aten::linear,,,4.84,73.59,0,78.3015625,0,78.3015625
aten::t,,,5.89,15.87,0,0,0,0
aten::transpose,,,3.14,9.98,0,0,0,0
aten::as_strided,,,6.84,6.84,0,0,0,0
aten::matmul,,,24.19,52.88,0,78.3015625,0,78.3015625
empty_tensor,,,11.44,11.44,0,0,0,0
aclnnMatmul,,,17.25,17.25,78.3015625,78.3015625,78.3015625,78.3015625
aten::unsqueeze,,,3.99,9.15,0,0,0,0
aten::as_strided,,,5.16,5.16,0,0,0,0
aten::unsqueeze,,,2.04,5.39,0,0,0,0
aten::as_strided,,,3.35,3.35,0,0,0,0
aten::squeeze,,,4.26,6.85,0,0,0,0
aten::as_strided,,,2.59,2.59,0,0,0,0
aten::unsqueeze,,,1.56,4.03,0,0,0,0
aten::as_strided,,,2.47,2.47,0,0,0,0
aten::unsqueeze,,,1.51,4.56,0,0,0,0
aten::as_strided,,,3.05,3.05,0,0,0,0
_C_ascend::npu_hc_post,,,57.6,117.57,0,23.92046875,0,0
aten::empty,,,3.18,14.48,0,0,0,0
empty_tensor,,,11.3,11.3,0,0,0,0
aten::empty,,,3.26,13.15,0,0,0,0
empty_tensor,,,9.89,9.89,0,0,0,0
aclnnHcPost,,,32.34,32.34,23.92046875,23.92046875,0,0
aten::squeeze,,,3.87,8.77,0,0,0,0
aten::as_strided,,,4.9,4.9,0,0,0,0
_C_ascend::npu_hc_pre_v2,,,55.24,116.96,0,63.94128125,0,0
aten::empty,,,3.96,14.63,0,0,0,0
empty_tensor,,,10.67,10.67,0,0,0,0
aten::empty,,,1.94,7.09,0,0,0,0
empty_tensor,,,5.15,5.15,0,0,0,0
aten::empty,,,1.45,5.64,0,0,0,0
empty_tensor,,,4.19,4.19,0,0,0,0
aten::empty,,,1.36,5.32,0,0,0,0
empty_tensor,,,3.96,3.96,0,0,0,0
aten::empty,,,3.01,13.46,0,0,0,0
empty_tensor,,,10.45,10.45,0,0,0,0
aclnnHcPre,,,15.58,15.58,63.94128125,63.94128125,0,0
npu::npu_rms_norm,,,64.94,91.11,0,11.46025,0,0
empty_tensor,,,7.81,7.81,0,0,0,0
empty_tensor,,,4.34,4.34,0,0,0,0
aclnnRmsNorm,,,14.02,14.02,11.46025,11.46025,0,0
aten::unsqueeze,,,3.73,9.19,0,0,0,0
aten::as_strided,,,5.46,5.46,0,0,0,0
vllm::unquantized_gemm,,,21.69,90.12,0,301.266,0,301.266
aten::linear,,,4.86,68.43,0,301.266,0,301.266
aten::t,,,5.36,14.67,0,0,0,0
aten::transpose,,,2.9,9.31,0,0,0,0
aten::as_strided,,,6.41,6.41,0,0,0,0
aten::matmul,,,21.98,48.9,0,301.266,0,301.266
empty_tensor,,,10.61,10.61,0,0,0,0
aclnnMatmul,,,16.31,16.31,301.266,301.266,301.266,301.266
aten::slice,,,4.95,10.1,0,0,0,0
aten::as_strided,,,5.15,5.15,0,0,0,0
aten::clamp,,,27.5,52.08,0,44.700906249999996,0,0
empty_tensor,,,10.63,10.63,0,0,0,0
aclnnClamp,,,13.95,13.95,44.700906249999996,44.700906249999996,0,0
aten::slice,,,3.02,6.65,0,0,0,0
aten::as_strided,,,3.63,3.63,0,0,0,0
aten::clamp,,,20.08,40.01,0,38.220781249999995,0,0
empty_tensor,,,8.44,8.44,0,0,0,0
aclnnClamp,,,11.49,11.49,38.220781249999995,38.220781249999995,0,0
aten::mul,,,20.13,42.97,0,8.52015625,0,0
empty_tensor,,,6.48,6.48,0,0,0,0
aten::item,,,2.35,4.81,0,0,0,0
aten::_local_scalar_dense,,,2.46,2.46,0,0,0,0
aclnnMuls,,,11.55,11.55,8.52015625,8.52015625,0,0
aten::sigmoid,,,11.68,32.19,0,10.14021875,0,0
empty_tensor,,,10.37,10.37,0,0,0,0
aclnnSigmoid,,,10.14,10.14,10.14021875,10.14021875,0,0
aten::mul,,,15.12,31.25,0,12.72025,0,0
empty_tensor,,,5.93,5.93,0,0,0,0
aclnnMul,,,10.2,10.2,12.72025,12.72025,0,0
aten::add,,,20.43,40.5,0,10.2201875,0,0
empty_tensor,,,6.05,6.05,0,0,0,0
aten::item,,,1.85,3.83,0,0,0,0
aten::_local_scalar_dense,,,1.98,1.98,0,0,0,0
aclnnAdds,,,10.19,10.19,10.2201875,10.2201875,0,0
aten::mul,,,13.81,31.18,0,6.680125,0,0
empty_tensor,,,7.78,7.78,0,0,0,0
aclnnMul,,,9.59,9.59,6.680125,6.680125,0,0
vllm::unquantized_gemm,,,20.49,84.8,0,113.60228125,0,113.60228125
aten::linear,,,4.78,64.31,0,113.60228125,0,113.60228125
aten::t,,,6.24,16.29,0,0,0,0
aten::transpose,,,3.25,10.05,0,0,0,0
aten::as_strided,,,6.8,6.8,0,0,0,0
aten::matmul,,,19.61,43.24,0,113.60228125,0,113.60228125
empty_tensor,,,9.61,9.61,0,0,0,0
aclnnMatmul,,,14.02,14.02,113.60228125,113.60228125,113.60228125,113.60228125
aten::unsqueeze,,,4.05,9.81,0,0,0,0
aten::as_strided,,,5.76,5.76,0,0,0,0
aten::unsqueeze,,,1.87,5.63,0,0,0,0
aten::as_strided,,,3.76,3.76,0,0,0,0
aten::squeeze,,,2.24,4.95,0,0,0,0
aten::as_strided,,,2.71,2.71,0,0,0,0
aten::unsqueeze,,,1.64,4.18,0,0,0,0
aten::as_strided,,,2.54,2.54,0,0,0,0
aten::unsqueeze,,,1.66,4.96,0,0,0,0
aten::as_strided,,,3.3,3.3,0,0,0,0
_C_ascend::npu_hc_post,,,53.75,96.95,0,23.48046875,0,0
aten::empty,,,3.2,13.73,0,0,0,0
empty_tensor,,,10.53,10.53,0,0,0,0
aten::empty,,,3.75,13.84,0,0,0,0
empty_tensor,,,10.09,10.09,0,0,0,0
aclnnHcPost,,,15.63,15.63,23.48046875,23.48046875,0,0
aten::squeeze,,,4.18,9.03,0,0,0,0
aten::as_strided,,,4.85,4.85,0,0,0,0
_C_ascend::npu_hc_pre_v2,,,59.16,116.96,0,70.60140625,0,0
aten::empty,,,3.83,13.0,0,0,0,0
empty_tensor,,,9.17,9.17,0,0,0,0
aten::empty,,,1.74,6.67,0,0,0,0
empty_tensor,,,4.93,4.93,0,0,0,0
aten::empty,,,1.67,5.62,0,0,0,0
empty_tensor,,,3.95,3.95,0,0,0,0
aten::empty,,,1.56,5.78,0,0,0,0
empty_tensor,,,4.22,4.22,0,0,0,0
aten::empty,,,3.04,12.45,0,0,0,0
empty_tensor,,,9.41,9.41,0,0,0,0
aclnnHcPre,,,14.28,14.28,70.60140625,70.60140625,0,0
npu::npu_rms_norm,,,65.88,96.21,0,14.3803125,0,0
empty_tensor,,,8.52,8.52,0,0,0,0
empty_tensor,,,4.67,4.67,0,0,0,0
aclnnRmsNorm,,,17.14,17.14,14.3803125,14.3803125,0,0
aten::unsqueeze,,,4.18,9.78,0,0,0,0
aten::as_strided,,,5.6,5.6,0,0,0,0
aten::linear,,,6.01,68.83,0,235.8046875,0,235.8046875
aten::t,,,5.78,15.16,0,0,0,0
aten::transpose,,,3.12,9.38,0,0,0,0
aten::as_strided,,,6.26,6.26,0,0,0,0
aten::matmul,,,21.27,47.66,0,235.8046875,0,235.8046875
empty_tensor,,,10.46,10.46,0,0,0,0
aclnnMatmul,,,15.93,15.93,235.8046875,235.8046875,235.8046875,235.8046875
aten::split_with_sizes,,,6.76,17.2,0,0,0,0
aten::as_strided,,,5.06,5.06,0,0,0,0
aten::as_strided,,,2.05,2.05,0,0,0,0
aten::as_strided,,,1.85,1.85,0,0,0,0
aten::as_strided,,,1.48,1.48,0,0,0,0
aten::unsqueeze,,,2.81,7.05,0,0,0,0
aten::as_strided,,,4.24,4.24,0,0,0,0
vllm::unquantized_gemm,,,20.53,91.97,0,15.020312500000001,0,11.86025
aten::linear,,,4.17,71.44,0,15.020312500000001,0,11.86025
aten::t,,,5.08,12.91,0,0,0,0
aten::transpose,,,2.18,7.83,0,0,0,0
aten::as_strided,,,5.65,5.65,0,0,0,0
aten::matmul,,,26.79,54.36,0,15.020312500000001,0,11.86025
empty_tensor,,,12.55,12.55,0,0,0,0
aclnnMatmul,,,15.02,15.02,15.020312500000001,15.020312500000001,11.86025,11.86025
aten::reshape,,,2.07,8.87,0,0,0,0
aten::view,,,6.8,6.8,0,0,0,0
vllm::unquantized_gemm,,,19.0,86.91,0,11.72025,0,9.0601875
aten::linear,,,4.07,67.91,0,11.72025,0,9.0601875
aten::t,,,4.04,11.89,0,0,0,0
aten::transpose,,,2.35,7.85,0,0,0,0
aten::as_strided,,,5.5,5.5,0,0,0,0
aten::matmul,,,25.6,51.95,0,11.72025,0,9.0601875
empty_tensor,,,9.95,9.95,0,0,0,0
aclnnMatmul,,,16.4,16.4,11.72025,11.72025,9.0601875,9.0601875
aten::reshape,,,1.98,7.57,0,0,0,0
aten::view,,,5.59,5.59,0,0,0,0
aten::empty,,,3.52,12.81,0,0,0,0
empty_tensor,,,9.29,9.29,0,0,0,0
aten::slice,,,3.44,8.79,0,0,0,0
aten::as_strided,,,5.35,5.35,0,0,0,0
aten::alias,,,3.21,3.21,0,0,0,0
aten::alias,,,1.11,1.11,0,0,0,0
aten::zeros_like,,,5.14,55.6,0,9.3801875,0,0
aten::empty_like,,,5.46,20.2,0,0,0,0
aten::empty_strided,,,10.48,14.74,0,0,0,0
empty_tensor,,,4.26,4.26,0,0,0,0
aten::zero_,,,15.99,30.26,0,9.3801875,0,0
aclnnInplaceZero,,,14.27,14.27,9.3801875,9.3801875,0,0
aten::empty,,,3.23,11.62,0,0,0,0
empty_tensor,,,8.39,8.39,0,0,0,0
aten::empty,,,2.21,7.77,0,0,0,0
empty_tensor,,,5.56,5.56,0,0,0,0
_copy_conv_state_kernel,,,26.0,26.0,8.24015625,8.24015625,0,0
fla_npu_stable::npu_causal_conv1d_fn,,,163.09,227.88,0,58.7811875,0,0
aten::empty_strided,,,15.1,23.98,0,0,0,0
empty_tensor,,,8.88,8.88,0,0,0,0
aten::empty_strided,,,14.16,22.57,0,0,0,0
empty_tensor,,,8.41,8.41,0,0,0,0
aclnnCausalConv1d,,,18.24,18.24,58.7811875,58.7811875,0,0
_copy_conv_state_kernel,,,27.29,27.29,7.34015625,7.34015625,0,0
aten::split,,,5.08,32.88,0,0,0,0
aten::narrow,,,4.2,17.23,0,0,0,0
aten::slice,,,4.04,13.03,0,0,0,0
aten::as_strided,,,8.99,8.99,0,0,0,0
aten::narrow,,,1.52,5.46,0,0,0,0
aten::slice,,,1.29,3.94,0,0,0,0
aten::as_strided,,,2.65,2.65,0,0,0,0
aten::narrow,,,1.31,5.11,0,0,0,0
aten::slice,,,1.17,3.8,0,0,0,0
aten::as_strided,,,2.63,2.63,0,0,0,0
aten::zero_,,,17.89,33.53,0,9.6801875,0,0
aclnnInplaceZero,,,15.64,15.64,9.6801875,9.6801875,0,0
aten::reshape,,,6.86,15.72,0,0,0,0
aten::_reshape_alias,,,3.39,8.86,0,0,0,0
aten::view,,,5.47,5.47,0,0,0,0
aten::reshape,,,2.63,9.78,0,0,0,0
aten::_reshape_alias,,,2.36,7.15,0,0,0,0
aten::view,,,4.79,4.79,0,0,0,0
aten::reshape,,,2.13,7.08,0,0,0,0
aten::_reshape_alias,,,1.73,4.95,0,0,0,0
aten::view,,,3.22,3.22,0,0,0,0
aten::alias,,,2.61,2.61,0,0,0,0
aten::alias,,,0.98,0.98,0,0,0,0
aten::alias,,,0.88,0.88,0,0,0,0
aten::alias,,,1.06,1.06,0,0,0,0
aten::alias,,,1.54,1.54,0,0,0,0
aten::empty,,,4.18,18.57,0,0,0,0
empty_tensor,,,14.39,14.39,0,0,0,0
aten::select,,,7.58,12.64,0,0,0,0
aten::as_strided,,,5.06,5.06,0,0,0,0
_gather_initial_states_kernel,,,27.77,27.77,12.98025,12.98025,0,0
aten::to,,,3.85,3.85,0,0,0,0
aten::to,,,2.25,74.47,0,5.360125,0,0
aten::_to_copy,,,8.12,72.22,0,5.360125,0,0
aten::empty_strided,,,11.83,20.55,0,0,0,0
empty_tensor,,,8.72,8.72,0,0,0,0
aten::copy_,,,28.51,43.55,0,5.360125,0,0
aclnnInplaceCopy,,,15.04,15.04,5.360125,5.360125,0,0
aten::sigmoid,,,11.9,22.98,0,2.70003125,0,0
empty_tensor,,,6.65,6.65,0,0,0,0
aclnnSigmoid,,,4.43,4.43,2.70003125,2.70003125,0,0
aten::contiguous,,,3.29,45.53,0,4.940125,0,0
aten::clone,,,4.99,42.24,0,4.940125,0,0
empty_tensor,,,9.43,9.43,0,0,0,0
aten::copy_,,,16.19,27.82,0,4.940125,0,0
aclnnInplaceCopy,,,11.63,11.63,4.940125,4.940125,0,0
aten::view,,,5.39,5.39,0,0,0,0
aten::empty_like,,,4.75,16.68,0,0,0,0
aten::empty_strided,,,8.26,11.93,0,0,0,0
empty_tensor,,,3.67,3.67,0,0,0,0
l2norm_fwd_kernel2,,,24.92,24.92,12.02021875,12.02021875,0,0
aten::view,,,12.6,12.6,0,0,0,0
aten::contiguous,,,3.31,55.47,0,4.88009375,0,0
aten::clone,,,5.54,52.16,0,4.88009375,0,0
empty_tensor,,,10.16,10.16,0,0,0,0
aten::copy_,,,21.03,36.46,0,4.88009375,0,0
aclnnInplaceCopy,,,15.43,15.43,4.88009375,4.88009375,0,0
aten::view,,,4.35,4.35,0,0,0,0
aten::empty_like,,,5.37,19.61,0,0,0,0
aten::empty_strided,,,9.54,14.24,0,0,0,0
empty_tensor,,,4.7,4.7,0,0,0,0
l2norm_fwd_kernel2,,,23.45,23.45,6.680125,6.680125,0,0
aten::view,,,10.85,10.85,0,0,0,0
aten::contiguous,,,3.0,54.06,0,4.76009375,0,0
aten::clone,,,5.55,51.06,0,4.76009375,0,0
empty_tensor,,,10.09,10.09,0,0,0,0
aten::copy_,,,20.6,35.42,0,4.76009375,0,0
aclnnInplaceCopy,,,14.82,14.82,4.76009375,4.76009375,0,0
aten::reshape,,,1.99,11.51,0,0,0,0
aten::view,,,9.52,9.52,0,0,0,0
_C_ascend::chunk_kda_fwd,,,76.93,159.45,0,4147.3028125,0,0
aten::empty,,,3.38,14.5,0,0,0,0
empty_tensor,,,11.12,11.12,0,0,0,0
aten::empty,,,1.92,8.42,0,0,0,0
empty_tensor,,,6.5,6.5,0,0,0,0
aten::empty,,,1.53,6.91,0,0,0,0
empty_tensor,,,5.38,5.38,0,0,0,0
aten::empty_like,,,4.73,14.3,0,0,0,0
aten::empty_strided,,,6.77,9.57,0,0,0,0
empty_tensor,,,2.8,2.8,0,0,0,0
aten::empty,,,3.49,17.73,0,0,0,0
empty_tensor,,,14.24,14.24,0,0,0,0
aclnnChunkKdaFwd,,,20.66,20.66,4147.3028125,4147.3028125,0,0
aten::to,,,2.11,2.11,0,0,0,0
aten::select,,,8.15,15.15,0,0,0,0
aten::as_strided,,,7.0,7.0,0,0,0,0
aten::select,,,2.04,5.24,0,0,0,0
aten::as_strided,,,3.2,3.2,0,0,0,0
aten::view,,,20.63,20.63,0,0,0,0
aten::unsqueeze,,,4.24,8.13,0,0,0,0
aten::as_strided,,,3.89,3.89,0,0,0,0
aten::view,,,3.46,3.46,0,0,0,0
npu::npu_scatter_nd_update_,,,31.82,46.16,0,54.6610625,0,0
aclnnScatterNdUpdate,,,14.34,14.34,54.6610625,54.6610625,0,0
aten::select,,,3.36,8.67,0,0,0,0
aten::as_strided,,,5.31,5.31,0,0,0,0
aten::select,,,1.89,4.41,0,0,0,0
aten::as_strided,,,2.52,2.52,0,0,0,0
aten::copy_,,,29.51,47.55,0,7.82015625,0,0
aclnnInplaceCopy,,,18.04,18.04,7.82015625,7.82015625,0,0
aten::reshape,,,1.93,7.46,0,0,0,0
aten::view,,,5.53,5.53,0,0,0,0
aten::reshape,,,0.89,5.05,0,0,0,0
aten::view,,,4.16,4.16,0,0,0,0
aten::empty_like,,,5.56,44.77,0,0,0,0
aten::empty_strided,,,33.42,39.21,0,0,0,0
empty_tensor,,,5.79,5.79,0,0,0,0
layer_norm_gated_fwd_kernel,,,26.03,26.03,17.20034375,17.20034375,0,0
aten::reshape,,,2.34,13.12,0,0,0,0
aten::view,,,10.78,10.78,0,0,0,0
aten::reshape,,,1.05,6.08,0,0,0,0
aten::view,,,5.03,5.03,0,0,0,0
vllm::unquantized_gemm,,,22.24,95.48,0,79.32159375,0,79.32159375
aten::linear,,,4.79,73.24,0,79.32159375,0,79.32159375
aten::t,,,5.99,16.41,0,0,0,0
aten::transpose,,,3.18,10.42,0,0,0,0
aten::as_strided,,,7.24,7.24,0,0,0,0
aten::matmul,,,23.33,52.04,0,79.32159375,0,79.32159375
empty_tensor,,,11.24,11.24,0,0,0,0
aclnnMatmul,,,17.47,17.47,79.32159375,79.32159375,79.32159375,79.32159375
aten::unsqueeze,,,4.09,9.38,0,0,0,0
aten::as_strided,,,5.29,5.29,0,0,0,0
aten::unsqueeze,,,1.74,5.01,0,0,0,0
aten::as_strided,,,3.27,3.27,0,0,0,0
aten::squeeze,,,2.49,5.08,0,0,0,0
aten::as_strided,,,2.59,2.59,0,0,0,0
aten::unsqueeze,,,1.7,4.97,0,0,0,0
aten::as_strided,,,3.27,3.27,0,0,0,0
aten::unsqueeze,,,1.49,4.56,0,0,0,0
aten::as_strided,,,3.07,3.07,0,0,0,0
_C_ascend::npu_hc_post,,,52.65,96.44,0,23.98046875,0,0
aten::empty,,,3.11,14.35,0,0,0,0
empty_tensor,,,11.24,11.24,0,0,0,0
aten::empty,,,3.33,13.44,0,0,0,0
empty_tensor,,,10.11,10.11,0,0,0,0
aclnnHcPost,,,16.0,16.0,23.98046875,23.98046875,0,0
aten::squeeze,,,3.79,8.32,0,0,0,0
aten::as_strided,,,4.53,4.53,0,0,0,0
_C_ascend::npu_hc_pre_v2,,,55.85,114.44,0,66.1413125,0,0
aten::empty,,,3.53,12.76,0,0,0,0
empty_tensor,,,9.23,9.23,0,0,0,0
aten::empty,,,1.65,6.09,0,0,0,0
empty_tensor,,,4.44,4.44,0,0,0,0
aten::empty,,,1.97,5.76,0,0,0,0
empty_tensor,,,3.79,3.79,0,0,0,0
aten::empty,,,1.38,5.05,0,0,0,0
empty_tensor,,,3.67,3.67,0,0,0,0
aten::empty,,,3.09,13.39,0,0,0,0
empty_tensor,,,10.3,10.3,0,0,0,0
aclnnHcPre,,,15.54,15.54,66.1413125,66.1413125,0,0
npu::npu_rms_norm,,,69.04,95.44,0,11.68021875,0,0
empty_tensor,,,8.48,8.48,0,0,0,0
empty_tensor,,,4.18,4.18,0,0,0,0
aclnnRmsNorm,,,13.74,13.74,11.68021875,11.68021875,0,0
aten::unsqueeze,,,3.59,8.55,0,0,0,0
aten::as_strided,,,4.96,4.96,0,0,0,0
vllm::unquantized_gemm,,,21.64,88.11,0,302.7260625,0,302.7260625
aten::linear,,,4.81,66.47,0,302.7260625,0,302.7260625
aten::t,,,5.41,14.64,0,0,0,0
aten::transpose,,,3.45,9.23,0,0,0,0
aten::as_strided,,,5.78,5.78,0,0,0,0
aten::matmul,,,21.37,47.02,0,302.7260625,0,302.7260625
empty_tensor,,,10.9,10.9,0,0,0,0
aclnnMatmul,,,14.75,14.75,302.7260625,302.7260625,302.7260625,302.7260625
aten::slice,,,4.04,8.83,0,0,0,0
aten::as_strided,,,4.79,4.79,0,0,0,0
aten::clamp,,,24.95,49.7,0,39.8608125,0,0
empty_tensor,,,10.77,10.77,0,0,0,0
aclnnClamp,,,13.98,13.98,39.8608125,39.8608125,0,0
aten::slice,,,2.65,6.12,0,0,0,0
aten::as_strided,,,3.47,3.47,0,0,0,0
aten::clamp,,,20.98,40.42,0,38.10075,0,0
empty_tensor,,,7.7,7.7,0,0,0,0
aclnnClamp,,,11.74,11.74,38.10075,38.10075,0,0
aten::mul,,,19.69,46.34,0,8.48015625,0,0
empty_tensor,,,8.78,8.78,0,0,0,0
aten::item,,,2.15,4.01,0,0,0,0
aten::_local_scalar_dense,,,1.86,1.86,0,0,0,0
aclnnMuls,,,13.86,13.86,8.48015625,8.48015625,0,0
aten::sigmoid,,,11.8,31.41,0,10.38021875,0,0
empty_tensor,,,9.7,9.7,0,0,0,0
aclnnSigmoid,,,9.91,9.91,10.38021875,10.38021875,0,0
aten::mul,,,16.15,31.37,0,12.78025,0,0
empty_tensor,,,6.86,6.86,0,0,0,0
aclnnMul,,,8.36,8.36,12.78025,12.78025,0,0
aten::add,,,18.68,40.44,0,10.30021875,0,0
empty_tensor,,,6.33,6.33,0,0,0,0
aten::item,,,1.97,3.05,0,0,0,0
aten::_local_scalar_dense,,,1.08,1.08,0,0,0,0
aclnnAdds,,,12.38,12.38,10.30021875,10.30021875,0,0
aten::mul,,,13.98,31.82,0,6.280125,0,0
empty_tensor,,,8.41,8.41,0,0,0,0
aclnnMul,,,9.43,9.43,6.280125,6.280125,0,0
vllm::unquantized_gemm,,,21.04,85.63,0,117.20234375,0,117.20234375
aten::linear,,,4.91,64.59,0,117.20234375,0,117.20234375
aten::t,,,5.3,15.68,0,0,0,0
aten::transpose,,,3.07,10.38,0,0,0,0
aten::as_strided,,,7.31,7.31,0,0,0,0
aten::matmul,,,19.53,44.0,0,117.20234375,0,117.20234375
empty_tensor,,,10.32,10.32,0,0,0,0
aclnnMatmul,,,14.15,14.15,117.20234375,117.20234375,117.20234375,117.20234375
aten::unsqueeze,,,4.52,9.88,0,0,0,0
aten::as_strided,,,5.36,5.36,0,0,0,0
aten::unsqueeze,,,1.82,5.04,0,0,0,0
aten::as_strided,,,3.22,3.22,0,0,0,0
aten::squeeze,,,2.39,5.17,0,0,0,0
aten::as_strided,,,2.78,2.78,0,0,0,0
aten::unsqueeze,,,1.84,4.39,0,0,0,0
aten::as_strided,,,2.55,2.55,0,0,0,0
aten::unsqueeze,,,1.73,6.4,0,0,0,0
aten::as_strided,,,4.67,4.67,0,0,0,0
_C_ascend::npu_hc_post,,,53.49,97.09,0,23.0204375,0,0
aten::empty,,,3.08,13.41,0,0,0,0
empty_tensor,,,10.33,10.33,0,0,0,0
aten::empty,,,3.41,13.24,0,0,0,0
empty_tensor,,,9.83,9.83,0,0,0,0
aclnnHcPost,,,16.95,16.95,23.0204375,23.0204375,0,0
aten::squeeze,,,4.27,8.92,0,0,0,0
aten::as_strided,,,4.65,4.65,0,0,0,0
_C_ascend::npu_hc_pre_v2,,,53.82,111.03,0,65.8413125,0,0
aten::empty,,,3.13,12.39,0,0,0,0
empty_tensor,,,9.26,9.26,0,0,0,0
aten::empty,,,1.78,5.75,0,0,0,0
empty_tensor,,,3.97,3.97,0,0,0,0
aten::empty,,,1.69,5.59,0,0,0,0
empty_tensor,,,3.9,3.9,0,0,0,0
aten::empty,,,1.62,5.28,0,0,0,0
empty_tensor,,,3.66,3.66,0,0,0,0
aten::empty,,,2.69,11.84,0,0,0,0
empty_tensor,,,9.15,9.15,0,0,0,0
aclnnHcPre,,,16.36,16.36,65.8413125,65.8413125,0,0
npu::npu_rms_norm,,,63.28,88.88,0,11.68021875,0,0
empty_tensor,,,8.19,8.19,0,0,0,0
empty_tensor,,,4.02,4.02,0,0,0,0
aclnnRmsNorm,,,13.39,13.39,11.68021875,11.68021875,0,0
aten::unsqueeze,,,4.07,9.3,0,0,0,0
aten::as_strided,,,5.23,5.23,0,0,0,0
aten::linear,,,5.66,84.5,0,237.80475,0,237.80475
aten::t,,,6.03,31.93,0,0,0,0
aten::transpose,,,19.04,25.9,0,0,0,0
aten::as_strided,,,6.86,6.86,0,0,0,0
aten::matmul,,,20.53,46.91,0,237.80475,0,237.80475
empty_tensor,,,11.06,11.06,0,0,0,0
aclnnMatmul,,,15.32,15.32,237.80475,237.80475,237.80475,237.80475
aten::split_with_sizes,,,6.74,17.5,0,0,0,0
aten::as_strided,,,4.89,4.89,0,0,0,0
aten::as_strided,,,2.32,2.32,0,0,0,0
aten::as_strided,,,1.76,1.76,0,0,0,0
aten::as_strided,,,1.79,1.79,0,0,0,0
aten::unsqueeze,,,2.76,7.22,0,0,0,0
aten::as_strided,,,4.46,4.46,0,0,0,0
vllm::unquantized_gemm,,,20.62,89.85,0,16.18034375,0,13.22028125
aten::linear,,,4.07,69.23,0,16.18034375,0,13.22028125
aten::t,,,4.64,12.15,0,0,0,0
aten::transpose,,,2.06,7.51,0,0,0,0
aten::as_strided,,,5.45,5.45,0,0,0,0
aten::matmul,,,26.53,53.01,0,16.18034375,0,13.22028125
empty_tensor,,,11.57,11.57,0,0,0,0
aclnnMatmul,,,14.91,14.91,16.18034375,16.18034375,13.22028125,13.22028125
aten::reshape,,,2.04,9.31,0,0,0,0
aten::view,,,7.27,7.27,0,0,0,0
vllm::unquantized_gemm,,,71.05,138.09,0,12.06021875,0,9.32015625
aten::linear,,,4.05,67.04,0,12.06021875,0,9.32015625
aten::t,,,3.98,11.35,0,0,0,0
aten::transpose,,,2.31,7.37,0,0,0,0
aten::as_strided,,,5.06,5.06,0,0,0,0
aten::matmul,,,26.16,51.64,0,12.06021875,0,9.32015625
empty_tensor,,,10.58,10.58,0,0,0,0
aclnnMatmul,,,14.9,14.9,12.06021875,12.06021875,9.32015625,9.32015625
aten::reshape,,,2.62,9.59,0,0,0,0
aten::view,,,6.97,6.97,0,0,0,0
aten::empty,,,3.84,15.59,0,0,0,0
empty_tensor,,,11.75,11.75,0,0,0,0
aten::slice,,,3.76,9.32,0,0,0,0
aten::as_strided,,,5.56,5.56,0,0,0,0
aten::alias,,,2.57,2.57,0,0,0,0
aten::alias,,,1.05,1.05,0,0,0,0
aten::zeros_like,,,4.81,58.43,0,9.3201875,0,0
aten::empty_like,,,5.5,20.6,0,0,0,0
aten::empty_strided,,,10.88,15.1,0,0,0,0
empty_tensor,,,4.22,4.22,0,0,0,0
aten::zero_,,,16.56,33.02,0,9.3201875,0,0
aclnnInplaceZero,,,16.46,16.46,9.3201875,9.3201875,0,0
aten::empty,,,3.57,12.83,0,0,0,0
empty_tensor,,,9.26,9.26,0,0,0,0
aten::empty,,,1.98,7.37,0,0,0,0
empty_tensor,,,5.39,5.39,0,0,0,0
_copy_conv_state_kernel,,,26.82,26.82,8.22015625,8.22015625,0,0
fla_npu_stable::npu_causal_conv1d_fn,,,161.94,225.18,0,63.08128125,0,0
aten::empty_strided,,,15.05,23.78,0,0,0,0
empty_tensor,,,8.73,8.73,0,0,0,0
aten::empty_strided,,,14.86,23.29,0,0,0,0
empty_tensor,,,8.43,8.43,0,0,0,0
aclnnCausalConv1d,,,16.17,16.17,63.08128125,63.08128125,0,0
_copy_conv_state_kernel,,,26.58,26.58,7.28015625,7.28015625,0,0
aten::split,,,4.8,31.36,0,0,0,0
aten::narrow,,,4.6,17.47,0,0,0,0
aten::slice,,,4.07,12.87,0,0,0,0
aten::as_strided,,,8.8,8.8,0,0,0,0
aten::narrow,,,1.43,4.62,0,0,0,0
aten::slice,,,1.22,3.19,0,0,0,0
aten::as_strided,,,1.97,1.97,0,0,0,0
aten::narrow,,,1.03,4.47,0,0,0,0
aten::slice,,,0.98,3.44,0,0,0,0
aten::as_strided,,,2.46,2.46,0,0,0,0
aten::zero_,,,17.84,32.72,0,9.86021875,0,0
aclnnInplaceZero,,,14.88,14.88,9.86021875,9.86021875,0,0
aten::reshape,,,7.18,16.47,0,0,0,0
aten::_reshape_alias,,,3.33,9.29,0,0,0,0
aten::view,,,5.96,5.96,0,0,0,0
aten::reshape,,,2.56,9.39,0,0,0,0
aten::_reshape_alias,,,2.28,6.83,0,0,0,0
aten::view,,,4.55,4.55,0,0,0,0
aten::reshape,,,2.12,7.16,0,0,0,0
aten::_reshape_alias,,,1.72,5.04,0,0,0,0
aten::view,,,3.32,3.32,0,0,0,0
aten::alias,,,2.54,2.54,0,0,0,0
aten::alias,,,1.03,1.03,0,0,0,0
aten::alias,,,0.89,0.89,0,0,0,0
aten::alias,,,0.92,0.92,0,0,0,0
aten::alias,,,1.03,1.03,0,0,0,0
aten::empty,,,3.83,17.77,0,0,0,0
empty_tensor,,,13.94,13.94,0,0,0,0
aten::select,,,8.11,13.41,0,0,0,0
aten::as_strided,,,5.3,5.3,0,0,0,0
_gather_initial_states_kernel,,,26.35,26.35,8.80015625,8.80015625,0,0
aten::to,,,3.52,3.52,0,0,0,0
aten::to,,,1.72,71.63,0,5.660125000000001,0,0
aten::_to_copy,,,7.46,69.91,0,5.660125000000001,0,0
aten::empty_strided,,,11.49,19.96,0,0,0,0
empty_tensor,,,8.47,8.47,0,0,0,0
aten::copy_,,,28.48,42.49,0,5.660125000000001,0,0
aclnnInplaceCopy,,,14.01,14.01,5.660125000000001,5.660125000000001,0,0
aten::sigmoid,,,11.78,22.52,0,2.72003125,0,0
empty_tensor,,,6.51,6.51,0,0,0,0
aclnnSigmoid,,,4.23,4.23,2.72003125,2.72003125,0,0
aten::contiguous,,,3.05,39.73,0,5.040125,0,0
aten::clone,,,4.27,36.68,0,5.040125,0,0
empty_tensor,,,7.56,7.56,0,0,0,0
aten::copy_,,,14.86,24.85,0,5.040125,0,0
aclnnInplaceCopy,,,9.99,9.99,5.040125,5.040125,0,0
aten::view,,,5.85,5.85,0,0,0,0
aten::empty_like,,,4.24,14.94,0,0,0,0
aten::empty_strided,,,7.12,10.7,0,0,0,0
empty_tensor,,,3.58,3.58,0,0,0,0
l2norm_fwd_kernel2,,,23.52,23.52,11.84021875,11.84021875,0,0
aten::view,,,13.69,13.69,0,0,0,0
aten::contiguous,,,3.53,57.42,0,4.5600625,0,0
aten::clone,,,5.98,53.89,0,4.5600625,0,0
empty_tensor,,,11.95,11.95,0,0,0,0
aten::copy_,,,20.67,35.96,0,4.5600625,0,0
aclnnInplaceCopy,,,15.29,15.29,4.5600625,4.5600625,0,0
aten::view,,,4.85,4.85,0,0,0,0
aten::empty_like,,,5.27,19.18,0,0,0,0
aten::empty_strided,,,9.19,13.91,0,0,0,0
empty_tensor,,,4.72,4.72,0,0,0,0
l2norm_fwd_kernel2,,,52.37,52.37,6.82015625,6.82015625,0,0
aten::view,,,21.55,21.55,0,0,0,0
aten::contiguous,,,3.4,54.48,0,4.9400625,0,0
aten::clone,,,5.68,51.08,0,4.9400625,0,0
empty_tensor,,,10.47,10.47,0,0,0,0
aten::copy_,,,20.51,34.93,0,4.9400625,0,0
aclnnInplaceCopy,,,14.42,14.42,4.9400625,4.9400625,0,0
aten::reshape,,,1.83,12.27,0,0,0,0
aten::view,,,10.44,10.44,0,0,0,0
_C_ascend::chunk_kda_fwd,,,74.15,150.65,0,4135.52259375,0,0
aten::empty,,,3.51,17.79,0,0,0,0
empty_tensor,,,14.28,14.28,0,0,0,0
aten::empty,,,1.67,8.29,0,0,0,0
empty_tensor,,,6.62,6.62,0,0,0,0
aten::empty,,,1.34,6.38,0,0,0,0
empty_tensor,,,5.04,5.04,0,0,0,0
aten::empty_like,,,4.93,14.54,0,0,0,0
aten::empty_strided,,,6.94,9.61,0,0,0,0
empty_tensor,,,2.67,2.67,0,0,0,0
aten::empty,,,3.01,12.87,0,0,0,0
empty_tensor,,,9.86,9.86,0,0,0,0
aclnnChunkKdaFwd,,,16.63,16.63,4135.52259375,4135.52259375,0,0
aten::to,,,2.05,2.05,0,0,0,0
aten::select,,,8.28,14.81,0,0,0,0
aten::as_strided,,,6.53,6.53,0,0,0,0
aten::select,,,1.97,4.96,0,0,0,0
aten::as_strided,,,2.99,2.99,0,0,0,0
aten::view,,,8.57,8.57,0,0,0,0
aten::unsqueeze,,,4.14,7.64,0,0,0,0
aten::as_strided,,,3.5,3.5,0,0,0,0
aten::view,,,2.68,2.68,0,0,0,0
npu::npu_scatter_nd_update_,,,30.06,45.75,0,53.5410625,0,0
aclnnScatterNdUpdate,,,15.69,15.69,53.5410625,53.5410625,0,0
aten::select,,,2.73,6.81,0,0,0,0
aten::as_strided,,,4.08,4.08,0,0,0,0
aten::select,,,1.84,5.05,0,0,0,0
aten::as_strided,,,3.21,3.21,0,0,0,0
aten::copy_,,,20.06,33.03,0,7.840125,0,0
aclnnInplaceCopy,,,12.97,12.97,7.840125,7.840125,0,0
aten::reshape,,,1.88,7.36,0,0,0,0
aten::view,,,5.48,5.48,0,0,0,0
aten::reshape,,,0.95,4.05,0,0,0,0
aten::view,,,3.1,3.1,0,0,0,0
aten::empty_like,,,5.28,19.96,0,0,0,0
aten::empty_strided,,,8.89,14.68,0,0,0,0
empty_tensor,,,5.79,5.79,0,0,0,0
layer_norm_gated_fwd_kernel,,,29.14,29.14,17.140375,17.140375,0,0
aten::reshape,,,2.35,12.95,0,0,0,0
aten::view,,,10.6,10.6,0,0,0,0
aten::reshape,,,1.17,5.53,0,0,0,0
aten::view,,,4.36,4.36,0,0,0,0
vllm::unquantized_gemm,,,22.51,95.13,0,78.6815625,0,78.6815625
aten::linear,,,4.94,72.62,0,78.6815625,0,78.6815625
aten::t,,,6.14,15.98,0,0,0,0
aten::transpose,,,3.18,9.84,0,0,0,0
aten::as_strided,,,6.66,6.66,0,0,0,0
aten::matmul,,,23.34,51.7,0,78.6815625,0,78.6815625
empty_tensor,,,11.33,11.33,0,0,0,0
aclnnMatmul,,,17.03,17.03,78.6815625,78.6815625,78.6815625,78.6815625
aten::unsqueeze,,,3.99,9.81,0,0,0,0
aten::as_strided,,,5.82,5.82,0,0,0,0
aten::unsqueeze,,,2.3,5.76,0,0,0,0
aten::as_strided,,,3.46,3.46,0,0,0,0
aten::squeeze,,,2.48,5.15,0,0,0,0
aten::as_strided,,,2.67,2.67,0,0,0,0
aten::unsqueeze,,,1.57,3.91,0,0,0,0
aten::as_strided,,,2.34,2.34,0,0,0,0
aten::unsqueeze,,,1.73,4.78,0,0,0,0
aten::as_strided,,,3.05,3.05,0,0,0,0
_C_ascend::npu_hc_post,,,53.58,96.2,0,24.2005,0,0
aten::empty,,,2.84,13.84,0,0,0,0
empty_tensor,,,11.0,11.0,0,0,0,0
aten::empty,,,3.23,13.35,0,0,0,0
empty_tensor,,,10.12,10.12,0,0,0,0
aclnnHcPost,,,15.43,15.43,24.2005,24.2005,0,0
aten::squeeze,,,3.98,8.78,0,0,0,0
aten::as_strided,,,4.8,4.8,0,0,0,0
_C_ascend::npu_hc_pre_v2,,,55.71,117.73,0,61.80125,0,0
aten::empty,,,3.24,12.68,0,0,0,0
empty_tensor,,,9.44,9.44,0,0,0,0
aten::empty,,,1.46,5.54,0,0,0,0
empty_tensor,,,4.08,4.08,0,0,0,0
aten::empty,,,1.41,5.2,0,0,0,0
empty_tensor,,,3.79,3.79,0,0,0,0
aten::empty,,,1.27,6.27,0,0,0,0
empty_tensor,,,5.0,5.0,0,0,0,0
aten::empty,,,3.09,15.38,0,0,0,0
empty_tensor,,,12.29,12.29,0,0,0,0
aclnnHcPre,,,16.95,16.95,61.80125,61.80125,0,0
npu::npu_rms_norm,,,64.34,92.12,0,11.74025,0,0
empty_tensor,,,8.04,8.04,0,0,0,0
empty_tensor,,,4.5,4.5,0,0,0,0
aclnnRmsNorm,,,15.24,15.24,11.74025,11.74025,0,0
aten::unsqueeze,,,4.36,9.5,0,0,0,0
aten::as_strided,,,5.14,5.14,0,0,0,0
vllm::unquantized_gemm,,,20.73,87.28,0,305.16609375,0,305.16609375
aten::linear,,,5.2,66.55,0,305.16609375,0,305.16609375
aten::t,,,5.37,14.8,0,0,0,0
aten::transpose,,,2.8,9.43,0,0,0,0
aten::as_strided,,,6.63,6.63,0,0,0,0
aten::matmul,,,20.06,46.55,0,305.16609375,0,305.16609375
empty_tensor,,,10.84,10.84,0,0,0,0
aclnnMatmul,,,15.65,15.65,305.16609375,305.16609375,305.16609375,305.16609375
aten::slice,,,3.96,8.99,0,0,0,0
aten::as_strided,,,5.03,5.03,0,0,0,0
aten::clamp,,,24.96,51.9,0,41.88084375,0,0
empty_tensor,,,10.75,10.75,0,0,0,0
aclnnClamp,,,16.19,16.19,41.88084375,41.88084375,0,0
aten::slice,,,3.15,7.45,0,0,0,0
aten::as_strided,,,4.3,4.3,0,0,0,0
aten::clamp,,,23.78,46.61,0,43.220875,0,0
empty_tensor,,,8.38,8.38,0,0,0,0
aclnnClamp,,,14.45,14.45,43.220875,43.220875,0,0
aten::mul,,,19.95,44.24,0,8.60015625,0,0
empty_tensor,,,7.44,7.44,0,0,0,0
aten::item,,,2.77,4.92,0,0,0,0
aten::_local_scalar_dense,,,2.15,2.15,0,0,0,0
aclnnMuls,,,11.93,11.93,8.60015625,8.60015625,0,0
aten::sigmoid,,,63.32,82.94,0,10.40021875,0,0
empty_tensor,,,7.82,7.82,0,0,0,0
aclnnSigmoid,,,11.8,11.8,10.40021875,10.40021875,0,0
aten::mul,,,30.88,51.29,0,13.16025,0,0
empty_tensor,,,8.05,8.05,0,0,0,0
aclnnMul,,,12.36,12.36,13.16025,13.16025,0,0
aten::add,,,20.46,41.3,0,10.40021875,0,0
empty_tensor,,,6.91,6.91,0,0,0,0
aten::item,,,2.26,3.48,0,0,0,0
aten::_local_scalar_dense,,,1.22,1.22,0,0,0,0
aclnnAdds,,,10.45,10.45,10.40021875,10.40021875,0,0
aten::mul,,,14.66,32.15,0,6.380125,0,0
empty_tensor,,,7.69,7.69,0,0,0,0
aclnnMul,,,9.8,9.8,6.380125,6.380125,0,0
vllm::unquantized_gemm,,,21.59,85.73,0,116.3623125,0,116.3623125
aten::linear,,,5.16,64.14,0,116.3623125,0,116.3623125
aten::t,,,5.6,16.84,0,0,0,0
aten::transpose,,,3.17,11.24,0,0,0,0
aten::as_strided,,,8.07,8.07,0,0,0,0
aten::matmul,,,19.44,42.14,0,116.3623125,0,116.3623125
empty_tensor,,,10.05,10.05,0,0,0,0
aclnnMatmul,,,12.65,12.65,116.3623125,116.3623125,116.3623125,116.3623125
aten::unsqueeze,,,7.82,13.86,0,0,0,0
aten::as_strided,,,6.04,6.04,0,0,0,0
aten::unsqueeze,,,2.3,5.61,0,0,0,0
aten::as_strided,,,3.31,3.31,0,0,0,0
aten::squeeze,,,2.71,5.43,0,0,0,0
aten::as_strided,,,2.72,2.72,0,0,0,0
aten::unsqueeze,,,1.86,4.33,0,0,0,0
aten::as_strided,,,2.47,2.47,0,0,0,0
aten::unsqueeze,,,1.91,5.33,0,0,0,0
aten::as_strided,,,3.42,3.42,0,0,0,0
_C_ascend::npu_hc_post,,,54.98,97.89,0,22.96046875,0,0
aten::empty,,,2.99,13.29,0,0,0,0
empty_tensor,,,10.3,10.3,0,0,0,0
aten::empty,,,3.7,14.76,0,0,0,0
empty_tensor,,,11.06,11.06,0,0,0,0
aclnnHcPost,,,14.86,14.86,22.96046875,22.96046875,0,0
aten::squeeze,,,4.08,9.14,0,0,0,0
aten::as_strided,,,5.06,5.06,0,0,0,0
_C_ascend::npu_hc_pre_v2,,,55.32,113.98,0,63.44125,0,0
aten::empty,,,3.71,12.89,0,0,0,0
empty_tensor,,,9.18,9.18,0,0,0,0
aten::empty,,,1.76,6.39,0,0,0,0
empty_tensor,,,4.63,4.63,0,0,0,0
aten::empty,,,1.66,5.6,0,0,0,0
empty_tensor,,,3.94,3.94,0,0,0,0
aten::empty,,,1.69,5.7,0,0,0,0
empty_tensor,,,4.01,4.01,0,0,0,0
aten::empty,,,3.14,12.86,0,0,0,0
empty_tensor,,,9.72,9.72,0,0,0,0
aclnnHcPre,,,15.22,15.22,63.44125,63.44125,0,0
npu::npu_rms_norm,,,64.86,91.74,0,11.24021875,0,0
empty_tensor,,,8.03,8.03,0,0,0,0
empty_tensor,,,5.22,5.22,0,0,0,0
aclnnRmsNorm,,,13.63,13.63,11.24021875,11.24021875,0,0
aten::unsqueeze,,,3.86,9.52,0,0,0,0
aten::as_strided,,,5.66,5.66,0,0,0,0
aten::empty,,,3.94,13.49,0,0,0,0
empty_tensor,,,9.55,9.55,0,0,0,0
vllm::mla_forward,,,2953.68,5138.97,0,858.9171249999999,0,416.048375
aten::slice,,,4.6,9.87,0,0,0,0
aten::as_strided,,,5.27,5.27,0,0,0,0
aten::slice,,,2.63,7.49,0,0,0,0
aten::as_strided,,,4.86,4.86,0,0,0,0
aten::linear,,,5.67,68.61,0,22.50046875,0,22.50046875
aten::t,,,5.52,13.76,0,0,0,0
aten::transpose,,,2.57,8.24,0,0,0,0
aten::as_strided,,,5.67,5.67,0,0,0,0
aten::matmul,,,22.54,49.18,0,22.50046875,0,22.50046875
empty_tensor,,,9.39,9.39,0,0,0,0
aclnnMatmul,,,17.25,17.25,22.50046875,22.50046875,22.50046875,22.50046875
aten::split_with_sizes,,,5.23,12.36,0,0,0,0
aten::as_strided,,,5.15,5.15,0,0,0,0
aten::as_strided,,,1.98,1.98,0,0,0,0
npu::npu_rms_norm,,,127.2,157.69,0,15.4803125,0,0
empty_tensor,,,9.95,9.95,0,0,0,0
empty_tensor,,,4.85,4.85,0,0,0,0
aclnnRmsNorm,,,15.69,15.69,15.4803125,15.4803125,0,0
aten::reshape,,,8.03,19.57,0,0,0,0
aten::_reshape_alias,,,4.32,11.54,0,0,0,0
aten::view,,,7.22,7.22,0,0,0,0
npu::npu_rms_norm,,,109.32,139.45,0,8.50015625,0,0
empty_tensor,,,9.41,9.41,0,0,0,0
empty_tensor,,,4.25,4.25,0,0,0,0
aclnnRmsNorm,,,16.47,16.47,8.50015625,8.50015625,0,0
aten::view,,,11.81,11.81,0,0,0,0
aten::slice,,,6.49,11.38,0,0,0,0
aten::as_strided,,,4.89,4.89,0,0,0,0
aten::view,,,5.55,5.55,0,0,0,0
aten::to,,,1.99,1.99,0,0,0,0
npu::npu_scatter_nd_update_,,,29.19,44.34,0,35.8206875,0,0
aclnnScatterNdUpdate,,,15.15,15.15,35.8206875,35.8206875,0,0
vllm::unquantized_gemm,,,21.58,90.0,0,72.56146875,0,72.56146875
aten::linear,,,4.97,68.42,0,72.56146875,0,72.56146875
aten::t,,,4.69,14.74,0,0,0,0
aten::transpose,,,3.08,10.05,0,0,0,0
aten::as_strided,,,6.97,6.97,0,0,0,0
aten::matmul,,,21.5,48.71,0,72.56146875,0,72.56146875
empty_tensor,,,11.21,11.21,0,0,0,0
aclnnMatmul,,,16.0,16.0,72.56146875,72.56146875,72.56146875,72.56146875
aten::view,,,5.59,5.59,0,0,0,0
aten::split_with_sizes,,,4.67,10.86,0,0,0,0
aten::as_strided,,,4.25,4.25,0,0,0,0
aten::as_strided,,,1.94,1.94,0,0,0,0
npu::npu_transpose_batchmatmul,,,36.24,65.12,0,31.660625,0,31.660625
empty_tensor,,,12.88,12.88,0,0,0,0
aclnnTransposeBatchMatMul,,,16.0,16.0,31.660625,31.660625,31.660625,31.660625
aten::slice,,,3.83,9.61,0,0,0,0
aten::as_strided,,,5.78,5.78,0,0,0,0
aten::slice,,,1.43,3.94,0,0,0,0
aten::as_strided,,,2.51,2.51,0,0,0,0
aten::to,,,2.19,59.07,0,8.26015625,0,0
aten::_to_copy,,,6.16,56.88,0,8.26015625,0,0
aten::empty_strided,,,11.27,16.63,0,0,0,0
empty_tensor,,,5.36,5.36,0,0,0,0
aten::copy_,,,19.21,34.09,0,8.26015625,0,0
aclnnInplaceCopy,,,14.88,14.88,8.26015625,8.26015625,0,0
aten::linear,,,4.6,54.21,0,34.92071875,0,34.92071875
aten::t,,,4.71,11.76,0,0,0,0
aten::transpose,,,2.46,7.05,0,0,0,0
aten::as_strided,,,4.59,4.59,0,0,0,0
aten::matmul,,,18.08,37.85,0,34.92071875,0,34.92071875
empty_tensor,,,8.06,8.06,0,0,0,0
aclnnMatmul,,,11.71,11.71,34.92071875,34.92071875,34.92071875,34.92071875
aten::slice,,,2.8,6.49,0,0,0,0
aten::as_strided,,,3.69,3.69,0,0,0,0
aten::layer_norm,,,6.34,91.86,0,20.060374999999997,0,0
aten::native_layer_norm,,,49.4,85.52,0,20.060374999999997,0,0
aten::resize_,,,5.17,5.17,0,0,0,0
aten::resize_,,,1.62,1.62,0,0,0,0
empty_tensor,,,7.76,7.76,0,0,0,0
empty_tensor,,,5.15,5.15,0,0,0,0
empty_tensor,,,4.15,4.15,0,0,0,0
aclnnLayerNorm,,,12.27,12.27,20.060374999999997,20.060374999999997,0,0
aten::linear,,,4.56,49.46,0,28.92059375,0,28.92059375
aten::t,,,4.17,10.54,0,0,0,0
aten::transpose,,,2.32,6.37,0,0,0,0
aten::as_strided,,,4.05,4.05,0,0,0,0
aten::matmul,,,15.87,34.36,0,28.92059375,0,28.92059375
empty_tensor,,,6.78,6.78,0,0,0,0
aclnnMatmul,,,11.71,11.71,28.92059375,28.92059375,28.92059375,28.92059375
aten::slice,,,3.05,7.1,0,0,0,0
aten::as_strided,,,4.05,4.05,0,0,0,0
vllm::unquantized_gemm,,,19.8,77.31,0,19.480375,0,19.480375
aten::linear,,,4.53,57.51,0,19.480375,0,19.480375
aten::t,,,4.98,12.84,0,0,0,0
aten::transpose,,,2.6,7.86,0,0,0,0
aten::as_strided,,,5.26,5.26,0,0,0,0
aten::matmul,,,17.89,40.14,0,19.480375,0,19.480375
empty_tensor,,,9.09,9.09,0,0,0,0
aclnnMatmul,,,13.16,13.16,19.480375,19.480375,19.480375,19.480375
aten::view,,,6.51,6.51,0,0,0,0
aten::slice,,,2.83,6.83,0,0,0,0
aten::as_strided,,,4.0,4.0,0,0,0,0
aten::to,,,2.26,59.75,0,4.3600625,0,0
aten::_to_copy,,,6.4,57.49,0,4.3600625,0,0
aten::empty_strided,,,8.63,13.6,0,0,0,0
empty_tensor,,,4.97,4.97,0,0,0,0
aten::copy_,,,24.26,37.49,0,4.3600625,0,0
aclnnInplaceCopy,,,13.23,13.23,4.3600625,4.3600625,0,0
aten::mul,,,19.7,40.48,0,1.74003125,0,0
empty_tensor,,,6.53,6.53,0,0,0,0
aten::item,,,1.97,3.5,0,0,0,0
aten::_local_scalar_dense,,,1.53,1.53,0,0,0,0
aclnnMuls,,,10.75,10.75,1.74003125,1.74003125,0,0
aten::slice,,,3.61,8.42,0,0,0,0
aten::as_strided,,,4.81,4.81,0,0,0,0
aten::max,,,11.71,19.13,0,0,0,0
aten::empty,,,4.68,4.68,0,0,0,0
aten::fill_,,,2.74,2.74,0,0,0,0
aten::item,,,1.88,3.21,0,0,0,0
aten::_local_scalar_dense,,,1.33,1.33,0,0,0,0
aten::slice,,,6.81,12.55,0,0,0,0
aten::as_strided,,,5.74,5.74,0,0,0,0
aten::slice,,,1.41,4.05,0,0,0,0
aten::as_strided,,,2.64,2.64,0,0,0,0
_glm5_next_kpool_tail_compress_kernel,,,35.43,35.43,15.6203125,15.6203125,0,0
_store_kpool_tail_kernel,,,27.35,27.35,2.8400625,2.8400625,0,0
aten::to,,,3.43,3.43,0,0,0,0
aten::slice,,,8.84,18.15,0,0,0,0
aten::as_strided,,,9.31,9.31,0,0,0,0
aten::empty,,,4.09,18.65,0,0,0,0
empty_tensor,,,14.56,14.56,0,0,0,0
_gather_pool_cache,,,24.71,24.71,2.7800625,2.7800625,0,0
aten::slice,,,5.24,14.81,0,0,0,0
aten::as_strided,,,9.57,9.57,0,0,0,0
aten::to,,,1.82,63.99,0,6.560125,0,0
aten::_to_copy,,,5.78,62.17,0,6.560125,0,0
aten::empty_strided,,,11.9,18.36,0,0,0,0
empty_tensor,,,6.46,6.46,0,0,0,0
aten::copy_,,,23.36,38.03,0,6.560125,0,0
aclnnInplaceCopy,,,14.67,14.67,6.560125,6.560125,0,0
aten::slice,,,3.19,7.37,0,0,0,0
aten::as_strided,,,4.18,4.18,0,0,0,0
aten::to,,,1.23,45.75,0,1.34003125,0,0
aten::_to_copy,,,3.86,44.52,0,1.34003125,0,0
aten::empty_strided,,,8.92,13.7,0,0,0,0
empty_tensor,,,4.78,4.78,0,0,0,0
aten::copy_,,,15.05,26.96,0,1.34003125,0,0
aclnnInplaceCopy,,,11.91,11.91,1.34003125,1.34003125,0,0
aten::unsqueeze,,,3.55,7.38,0,0,0,0
aten::as_strided,,,3.83,3.83,0,0,0,0
aten::mul,,,17.12,36.03,0,13.8803125,0,0
empty_tensor,,,8.31,8.31,0,0,0,0
aclnnMul,,,10.6,10.6,13.8803125,13.8803125,0,0
aten::sum,,,21.12,38.87,0,10.3401875,0,0
empty_tensor,,,6.89,6.89,0,0,0,0
aclnnReduceSum,,,10.86,10.86,10.3401875,10.3401875,0,0
aten::empty,,,2.96,10.39,0,0,0,0
empty_tensor,,,7.43,7.43,0,0,0,0
_glm5_next_lightning_indexer_score_kernel,,,30.21,30.21,16.72034375,16.72034375,0,0
aten::topk,,,30.08,65.26,0,30.560625,0,0
empty_tensor,,,14.56,14.56,0,0,0,0
empty_tensor,,,4.81,4.81,0,0,0,0
aclnnTopk,,,15.81,15.81,30.560625,30.560625,0,0
aten::to,,,2.09,104.54,0,3.2200625,0,0
aten::_to_copy,,,6.18,102.45,0,3.2200625,0,0
aten::empty_strided,,,7.87,13.19,0,0,0,0
empty_tensor,,,5.32,5.32,0,0,0,0
aten::copy_,,,70.38,83.08,0,3.2200625,0,0
aclnnInplaceCopy,,,12.7,12.7,3.2200625,3.2200625,0,0
_expand_pool_indices,,,24.49,24.49,161.50321875,161.50321875,0,0
aten::slice,,,9.89,18.4,0,0,0,0
aten::as_strided,,,8.51,8.51,0,0,0,0
aten::unsqueeze,,,4.56,8.85,0,0,0,0
aten::as_strided,,,4.29,4.29,0,0,0,0
aten::slice,,,5.08,11.36,0,0,0,0
aten::as_strided,,,6.28,6.28,0,0,0,0
aten::to,,,1.9,1.9,0,0,0,0
aten::to,,,1.03,1.03,0,0,0,0
_C_ascend::npu_sparse_flash_attention,,,128.93,191.43,0,75.74149999999999,0,0
aten::empty,,,4.39,19.04,0,0,0,0
empty_tensor,,,14.65,14.65,0,0,0,0
aten::empty,,,2.41,4.89,0,0,0,0
empty_tensor,,,2.48,2.48,0,0,0,0
aten::empty,,,1.31,3.2,0,0,0,0
empty_tensor,,,1.89,1.89,0,0,0,0
aten::empty,,,3.87,17.37,0,0,0,0
empty_tensor,,,13.5,13.5,0,0,0,0
aclnnSparseFlashAttention,,,18.0,18.0,75.74149999999999,75.74149999999999,0,0
aten::view,,,7.11,7.11,0,0,0,0
npu::npu_transpose_batchmatmul,,,34.45,51.27,0,24.4405,0,24.4405
empty_tensor,,,10.94,10.94,0,0,0,0
aclnnTransposeBatchMatMul,,,5.88,5.88,24.4405,24.4405,24.4405,24.4405
aten::reshape,,,2.3,6.85,0,0,0,0
aten::view,,,4.55,4.55,0,0,0,0
aten::slice,,,3.25,7.5,0,0,0,0
aten::as_strided,,,4.25,4.25,0,0,0,0
vllm::unquantized_gemm,,,21.01,88.95,0,181.563625,0,181.563625
aten::linear,,,5.51,67.94,0,181.563625,0,181.563625
aten::t,,,5.58,14.49,0,0,0,0
aten::transpose,,,2.54,8.91,0,0,0,0
aten::as_strided,,,6.37,6.37,0,0,0,0
aten::matmul,,,19.82,47.94,0,181.563625,0,181.563625
empty_tensor,,,9.37,9.37,0,0,0,0
aclnnMatmul,,,18.75,18.75,181.563625,181.563625,181.563625,181.563625
aten::copy_,,,18.25,32.17,0,7.540125,0,0
aclnnInplaceCopy,,,13.92,13.92,7.540125,7.540125,0,0
aten::view,,,5.6,5.6,0,0,0,0
aten::unsqueeze,,,3.53,7.89,0,0,0,0
aten::as_strided,,,4.36,4.36,0,0,0,0
aten::unsqueeze,,,1.73,4.6,0,0,0,0
aten::as_strided,,,2.87,2.87,0,0,0,0
aten::squeeze,,,2.65,5.47,0,0,0,0
aten::as_strided,,,2.82,2.82,0,0,0,0
aten::unsqueeze,,,1.84,4.21,0,0,0,0
aten::as_strided,,,2.37,2.37,0,0,0,0
aten::unsqueeze,,,1.53,4.56,0,0,0,0
aten::as_strided,,,3.03,3.03,0,0,0,0
_C_ascend::npu_hc_post,,,52.94,94.63,0,28.3005625,0,0
aten::empty,,,2.92,14.04,0,0,0,0
empty_tensor,,,11.12,11.12,0,0,0,0
aten::empty,,,2.88,13.26,0,0,0,0
empty_tensor,,,10.38,10.38,0,0,0,0
aclnnHcPost,,,14.39,14.39,28.3005625,28.3005625,0,0
aten::squeeze,,,6.05,10.92,0,0,0,0
aten::as_strided,,,4.87,4.87,0,0,0,0
_C_ascend::npu_hc_pre_v2,,,70.47,128.9,0,69.541375,0,0
aten::empty,,,3.77,12.65,0,0,0,0
empty_tensor,,,8.88,8.88,0,0,0,0
aten::empty,,,1.76,6.4,0,0,0,0
empty_tensor,,,4.64,4.64,0,0,0,0
aten::empty,,,1.72,5.57,0,0,0,0
empty_tensor,,,3.85,3.85,0,0,0,0
aten::empty,,,1.5,5.28,0,0,0,0
empty_tensor,,,3.78,3.78,0,0,0,0
aten::empty,,,3.23,12.81,0,0,0,0
empty_tensor,,,9.58,9.58,0,0,0,0
aclnnHcPre,,,15.72,15.72,69.541375,69.541375,0,0
npu::npu_rms_norm,,,67.36,93.82,0,10.7801875,0,0
empty_tensor,,,8.12,8.12,0,0,0,0
empty_tensor,,,4.09,4.09,0,0,0,0
aclnnRmsNorm,,,14.25,14.25,10.7801875,10.7801875,0,0
aten::unsqueeze,,,4.27,9.75,0,0,0,0
aten::as_strided,,,5.48,5.48,0,0,0,0
vllm::moe_forward_shared,,,1900.59,3891.66,0,687.83375,0,73.52146875
Event::record,,,107.09,129.85,0,0.02,0,0
record_event,,,22.76,22.76,0.02,0.02,0,0
aten::to,,,3.06,64.99,0,8.5601875,0,0
aten::_to_copy,,,7.44,61.93,0,8.5601875,0,0
aten::empty_strided,,,13.58,21.75,0,0,0,0
empty_tensor,,,8.17,8.17,0,0,0,0
aten::copy_,,,18.72,32.74,0,8.5601875,0,0
aclnnInplaceCopy,,,14.02,14.02,8.5601875,8.5601875,0,0
aten::linear,,,5.25,61.98,0,7.60015625,0,7.60015625
aten::t,,,5.46,13.89,0,0,0,0
aten::transpose,,,3.02,8.43,0,0,0,0
aten::as_strided,,,5.41,5.41,0,0,0,0
aten::matmul,,,20.98,42.84,0,7.60015625,0,7.60015625
empty_tensor,,,9.31,9.31,0,0,0,0
aclnnMatmul,,,12.55,12.55,7.60015625,7.60015625,7.60015625,7.60015625
Event::record,,,91.82,110.02,0,0.02,0,0
record_event,,,18.2,18.2,0.02,0.02,0,0
_C_ascend::moe_gating_top_k,,,61.47,127.14,0,11.76021875,0,0
aten::empty,,,4.67,18.93,0,0,0,0
empty_tensor,,,14.26,14.26,0,0,0,0
aten::empty,,,1.88,6.65,0,0,0,0
empty_tensor,,,4.77,4.77,0,0,0,0
aten::empty,,,1.89,7.1,0,0,0,0
empty_tensor,,,5.21,5.21,0,0,0,0
aten::empty,,,3.41,15.08,0,0,0,0
empty_tensor,,,11.67,11.67,0,0,0,0
aclnnMoeGatingTopK,,,17.91,17.91,11.76021875,11.76021875,0,0
aten::to,,,2.51,2.51,0,0,0,0
Event::record,,,117.68,137.3,0,0.02,0,0
record_event,,,19.62,19.62,0.02,0.02,0,0
npu::npu_moe_init_routing_v2,,,45.33,90.74,0,31.58065625,0,0
empty_tensor,,,16.44,16.44,0,0,0,0
empty_tensor,,,5.14,5.14,0,0,0,0
empty_tensor,,,4.64,4.64,0,0,0,0
empty_tensor,,,3.73,3.73,0,0,0,0
aclnnMoeInitRoutingV3,,,15.46,15.46,31.58065625,31.58065625,0,0
aten::to,,,2.91,2.91,0,0,0,0
npu::npu_grouped_matmul,,,48.75,79.33,0,225.7645,0,0
empty_tensor,,,12.42,12.42,0,0,0,0
npu::get_npu_format,,,2.91,2.91,0,0,0,0
aclnnGroupedMatmulV5,,,15.25,15.25,225.7645,225.7645,0,0
aten::chunk,,,5.92,34.38,0,0,0,0
aten::split,,,4.38,28.46,0,0,0,0
aten::narrow,,,4.91,17.17,0,0,0,0
aten::slice,,,4.14,12.26,0,0,0,0
aten::as_strided,,,8.12,8.12,0,0,0,0
aten::narrow,,,1.56,6.91,0,0,0,0
aten::slice,,,1.39,5.35,0,0,0,0
aten::as_strided,,,3.96,3.96,0,0,0,0
aten::clamp_,,,30.14,44.99,0,62.24125,0,0
aclnnClamp,,,14.85,14.85,62.24125,62.24125,0,0
aten::clamp_,,,18.32,22.25,0,60.201218749999995,0,0
aclnnClamp,,,3.93,3.93,60.201218749999995,60.201218749999995,0,0
npu::npu_swiglu,,,61.76,83.08,0,19.640375,0,0
empty_tensor,,,8.11,8.11,0,0,0,0
aclnnSwiGlu,,,13.21,13.21,19.640375,19.640375,0,0
Event::record,,,97.45,115.81,0,0.02,0,0
record_event,,,18.36,18.36,0.02,0.02,0,0
npu::npu_grouped_matmul,,,40.04,72.66,0,110.9621875,0,0
empty_tensor,,,15.25,15.25,0,0,0,0
npu::get_npu_format,,,2.54,2.54,0,0,0,0
aclnnGroupedMatmulV5,,,14.83,14.83,110.9621875,110.9621875,0,0
Event::record,,,92.29,111.3,0,0.0,0,0
record_event,,,19.01,19.01,0.0,0.0,0,0
aten::to,,,2.45,65.08,0,1.60003125,0,0
aten::_to_copy,,,7.52,62.63,0,1.60003125,0,0
aten::empty_strided,,,11.29,18.9,0,0,0,0
empty_tensor,,,7.61,7.61,0,0,0,0
aten::copy_,,,21.92,36.21,0,1.60003125,0,0
aclnnInplaceCopy,,,14.29,14.29,1.60003125,1.60003125,0,0
aten::abs,,,16.08,34.06,0,1.76003125,0,0
empty_tensor,,,8.02,8.02,0,0,0,0
aclnnAbs,,,9.96,9.96,1.76003125,1.76003125,0,0
npu::npu_moe_token_unpermute,,,89.66,110.83,0,15.7603125,0,0
empty_tensor,,,7.87,7.87,0,0,0,0
aclnnMoeTokenUnpermute,,,13.3,13.3,15.7603125,15.7603125,0,0
vllm::unquantized_gemm,,,23.6,96.83,0,44.020875,0,44.020875
aten::linear,,,5.46,73.23,0,44.020875,0,44.020875
aten::t,,,5.8,18.25,0,0,0,0
aten::transpose,,,3.72,12.45,0,0,0,0
aten::as_strided,,,8.73,8.73,0,0,0,0
aten::matmul,,,22.13,49.52,0,44.020875,0,44.020875
empty_tensor,,,11.91,11.91,0,0,0,0
aclnnMatmul,,,15.48,15.48,44.020875,44.020875,44.020875,44.020875
aten::slice,,,5.67,13.09,0,0,0,0
aten::as_strided,,,7.42,7.42,0,0,0,0
aten::clamp,,,28.58,53.5,0,14.7403125,0,0
empty_tensor,,,11.47,11.47,0,0,0,0
aclnnClamp,,,13.45,13.45,14.7403125,14.7403125,0,0
aten::slice,,,3.03,7.5,0,0,0,0
aten::as_strided,,,4.47,4.47,0,0,0,0
aten::clamp,,,19.12,38.56,0,12.840250000000001,0,0
empty_tensor,,,8.0,8.0,0,0,0,0
aclnnClamp,,,11.44,11.44,12.840250000000001,12.840250000000001,0,0
aten::mul,,,19.99,42.47,0,6.98015625,0,0
empty_tensor,,,6.6,6.6,0,0,0,0
aten::item,,,2.31,4.41,0,0,0,0
aten::_local_scalar_dense,,,2.1,2.1,0,0,0,0
aclnnMuls,,,11.47,11.47,6.98015625,6.98015625,0,0
aten::sigmoid,,,12.49,28.49,0,8.18015625,0,0
empty_tensor,,,6.67,6.67,0,0,0,0
aclnnSigmoid,,,9.33,9.33,8.18015625,8.18015625,0,0
aten::mul,,,14.62,28.47,0,10.0801875,0,0
empty_tensor,,,5.16,5.16,0,0,0,0
aclnnMul,,,8.69,8.69,10.0801875,10.0801875,0,0
aten::add,,,18.47,37.84,0,7.42015625,0,0
empty_tensor,,,6.87,6.87,0,0,0,0
aten::item,,,1.64,2.92,0,0,0,0
aten::_local_scalar_dense,,,1.28,1.28,0,0,0,0
aclnnAdds,,,9.58,9.58,7.42015625,7.42015625,0,0
aten::mul,,,13.8,28.98,0,4.16009375,0,0
empty_tensor,,,5.7,5.7,0,0,0,0
aclnnMul,,,9.48,9.48,4.16009375,4.16009375,0,0
vllm::unquantized_gemm,,,22.99,90.6,0,21.9004375,0,21.9004375
aten::linear,,,4.9,67.61,0,21.9004375,0,21.9004375
aten::t,,,5.5,17.07,0,0,0,0
aten::transpose,,,3.63,11.57,0,0,0,0
aten::as_strided,,,7.94,7.94,0,0,0,0
aten::matmul,,,20.47,45.64,0,21.9004375,0,21.9004375
empty_tensor,,,10.92,10.92,0,0,0,0
aclnnMatmul,,,14.25,14.25,21.9004375,21.9004375,21.9004375,21.9004375
destroy_event,,,12.59,12.59,0,0,0,0
destroy_event,,,2.31,2.31,0,0,0,0
destroy_event,,,2.91,2.91,0,0,0,0
destroy_event,,,1.59,1.59,0,0,0,0
destroy_event,,,4.13,4.13,0,0,0,0
vllm::maybe_all_reduce_shared_expert,,,24.17,24.17,0,0,0,0
aten::_foreach_add,,,34.54,61.83,0,15.0003125,0,0
aten::result_type,,,1.62,1.62,0,0,0,0
empty_tensor,,,12.18,12.18,0,0,0,0
aclnnForeachAddListV2,,,13.49,13.49,15.0003125,15.0003125,0,0
vllm::maybe_all_reduce_tensor_model_parallel,,,29.35,29.35,0,0,0,0
aten::view,,,8.42,8.42,0,0,0,0
aten::unsqueeze,,,3.64,8.55,0,0,0,0
aten::as_strided,,,4.91,4.91,0,0,0,0
aten::unsqueeze,,,1.79,5.19,0,0,0,0
aten::as_strided,,,3.4,3.4,0,0,0,0
aten::squeeze,,,2.87,5.3,0,0,0,0
aten::as_strided,,,2.43,2.43,0,0,0,0
aten::unsqueeze,,,1.69,4.18,0,0,0,0
aten::as_strided,,,2.49,2.49,0,0,0,0
aten::unsqueeze,,,1.7,4.28,0,0,0,0
aten::as_strided,,,2.58,2.58,0,0,0,0
_C_ascend::npu_hc_post,,,54.76,99.26,0,21.7404375,0,0
aten::empty,,,3.06,14.18,0,0,0,0
empty_tensor,,,11.12,11.12,0,0,0,0
aten::empty,,,3.54,13.97,0,0,0,0
empty_tensor,,,10.43,10.43,0,0,0,0
aclnnHcPost,,,16.35,16.35,21.7404375,21.7404375,0,0
aten::squeeze,,,4.2,9.05,0,0,0,0
aten::as_strided,,,4.85,4.85,0,0,0,0
aten::mean,,,25.97,45.04,0,14.52028125,0,0
empty_tensor,,,7.06,7.06,0,0,0,0
aclnnMean,,,12.01,12.01,14.52028125,14.52028125,0,0
npu::npu_rms_norm,,,67.44,93.57,0,11.42025,0,0
empty_tensor,,,8.53,8.53,0,0,0,0
empty_tensor,,,4.79,4.79,0,0,0,0
aclnnRmsNorm,,,12.81,12.81,11.42025,11.42025,0,0
aten::index,,,49.47,77.15,0,11.10021875,0,0
empty_tensor,,,6.46,6.46,0,0,0,0
empty_tensor,,,7.47,7.47,0,0,0,0
aclnnIndex,,,13.75,13.75,11.10021875,11.10021875,0,0
aten::linear,,,5.4,63.35,0,969.039375,0,969.039375
aten::t,,,5.61,15.04,0,0,0,0
aten::transpose,,,3.18,9.43,0,0,0,0
aten::as_strided,,,6.25,6.25,0,0,0,0
aten::matmul,,,19.53,42.91,0,969.039375,0,969.039375
empty_tensor,,,8.72,8.72,0,0,0,0
aclnnMatmul,,,14.66,14.66,969.039375,969.039375,969.039375,969.039375
aten::alias,,,4.48,4.48,0,0,0,0
aten::log_softmax,,,9.98,116.92,0,52.12103125,0,0
aten::to,,,3.89,67.06,0,8.080125,0,0
aten::_to_copy,,,7.54,63.17,0,8.080125,0,0
aten::empty_strided,,,11.98,19.24,0,0,0,0
empty_tensor,,,7.26,7.26,0,0,0,0
aten::copy_,,,21.34,36.39,0,8.080125,0,0
aclnnInplaceCopy,,,15.05,15.05,8.080125,8.080125,0,0
aten::_log_softmax,,,20.99,39.88,0,44.04090625,0,0
empty_tensor,,,8.49,8.49,0,0,0,0
aclnnLogSoftmax,,,10.4,10.4,44.04090625,44.04090625,0,0
aten::to,,,1.7,58.6,0,2.70003125,0,0
aten::_to_copy,,,5.07,56.9,0,2.70003125,0,0
aten::empty_strided,,,7.41,11.7,0,0,0,0
empty_tensor,,,4.29,4.29,0,0,0,0
aten::copy_,,,28.67,40.13,0,2.70003125,0,0
aclnnInplaceCopy,,,11.46,11.46,2.70003125,2.70003125,0,0
aten::argmax,,,9.26,61.87,0,20.4204375,0,0
aten::empty,,,2.62,10.02,0,0,0,0
empty_tensor,,,7.4,7.4,0,0,0,0
aten::argmax,,,25.05,42.59,0,20.4204375,0,0
aten::reshape,,,1.73,6.41,0,0,0,0
aten::view,,,4.68,4.68,0,0,0,0
aclnnArgMax,,,11.13,11.13,20.4204375,20.4204375,0,0
aten::view,,,5.16,5.16,0,0,0,0
aten::to,,,1.33,1.33,0,0,0,0
aten::topk,,,19.14,41.64,0,34.1606875,0,0
empty_tensor,,,6.92,6.92,0,0,0,0
empty_tensor,,,4.84,4.84,0,0,0,0
aclnnTopk,,,10.74,10.74,34.1606875,34.1606875,0,0
aten::unsqueeze,,,3.4,7.95,0,0,0,0
aten::as_strided,,,4.55,4.55,0,0,0,0
aten::gather,,,29.01,45.75,0,5.600125,0,0
empty_tensor,,,7.05,7.05,0,0,0,0
aclnnGather,,,9.69,9.69,5.600125,5.600125,0,0
TorchDynamo Cache Lookup,,,40.29,40.29,0,0,0,0
Torch-Compiled Region: 0/0,,,107.16,199.08,0,31.940625,0,0
aten::_assert_scalar,,,3.05,3.05,0,0,0,0
aten::_assert_scalar,,,0.91,0.91,0,0,0,0
aten::_assert_scalar,,,1.54,1.54,0,0,0,0
aten::ge,,,21.87,49.66,0,7.82015625,0,0
empty_tensor,,,12.89,12.89,0,0,0,0
aclnnGeTensor,,,14.9,14.9,7.82015625,7.82015625,0,0
aten::sum,,,18.63,36.76,0,24.12046875,0,0
empty_tensor,,,7.84,7.84,0,0,0,0
aclnnReduceSum,,,10.29,10.29,24.12046875,24.12046875,0,0
aten::cat,,,21.04,40.38,0,2.46003125,0,0
empty_tensor,,,7.7,7.7,0,0,0,0
aclnnCat,,,11.64,11.64,2.46003125,2.46003125,0,0
aten::cat,,,13.21,29.05,0,1.90003125,0,0
empty_tensor,,,6.71,6.71,0,0,0,0
aclnnCat,,,9.13,9.13,1.90003125,1.90003125,0,0
aten::to,,,2.09,45.92,0,1.4200625,0,0
aten::_to_copy,,,6.22,43.83,0,1.4200625,0,0
aten::empty_strided,,,7.72,11.93,0,0,0,0
empty_tensor,,,4.21,4.21,0,0,0,0
aten::copy_,,,15.26,25.68,0,1.4200625,0,0
aclnnInplaceCopy,,,10.42,10.42,1.4200625,1.4200625,0,0
aten::to,,,1.56,44.3,0,1.40003125,0,0
aten::_to_copy,,,4.81,42.74,0,1.40003125,0,0
aten::empty_strided,,,7.13,12.49,0,0,0,0
empty_tensor,,,5.36,5.36,0,0,0,0
aten::copy_,,,13.63,25.44,0,1.40003125,0,0
aclnnInplaceCopy,,,11.81,11.81,1.40003125,1.40003125,0,0
aten::unsqueeze,,,2.97,7.35,0,0,0,0
aten::as_strided,,,4.38,4.38,0,0,0,0
Event::record,,,144.94,163.23,0,0.02,0,0
record_event,,,18.29,18.29,0.02,0.02,0,0
aten::slice,,,5.78,14.36,0,0,0,0
aten::as_strided,,,8.58,8.58,0,0,0,0
Event::wait,,,70.44,91.55,0,0.02,0,0
wait_event,,,21.11,21.11,0.02,0.02,0,0
Event::record,,,88.96,108.05,0,0.02,0,0
record_event,,,19.09,19.09,0.02,0.02,0,0
Event::wait,,,56.01,72.98,0,0.02,0,0
wait_event,,,16.97,16.97,0.02,0.02,0,0
destroy_event,,,10.51,10.51,0,0,0,0
aten::to,,,3.85,82.75,0,2.02003125,0,0
aten::_to_copy,,,6.96,78.9,0,2.02003125,0,0
aten::empty_strided,,,38.72,38.72,0,0,0,0
aten::copy_,,,21.88,33.22,0,2.02003125,0,0
acl_memcpy_device_to_host,,,11.34,11.34,2.02003125,2.02003125,0,0
aten::to,,,2.59,39.58,0,1.88003125,0,0
aten::_to_copy,,,5.16,36.99,0,1.88003125,0,0
aten::empty_strided,,,4.29,4.29,0,0,0,0
aten::copy_,,,15.58,27.54,0,1.88003125,0,0
acl_memcpy_device_to_host,,,11.96,11.96,1.88003125,1.88003125,0,0
aten::to,,,2.2,33.92,0,1.88003125,0,0
aten::_to_copy,,,4.1,31.72,0,1.88003125,0,0
aten::empty_strided,,,3.16,3.16,0,0,0,0
aten::copy_,,,12.83,24.46,0,1.88003125,0,0
acl_memcpy_device_to_host,,,11.63,11.63,1.88003125,1.88003125,0,0
aten::to,,,2.21,29.44,0,1.8600625,0,0
aten::_to_copy,,,3.83,27.23,0,1.8600625,0,0
aten::empty_strided,,,2.99,2.99,0,0,0,0
aten::copy_,,,11.22,20.41,0,1.8600625,0,0
acl_memcpy_device_to_host,,,9.19,9.19,1.8600625,1.8600625,0,0
Event::record,,,154.69,171.66,0,0.0,0,0
record_event,,,16.97,16.97,0.0,0.0,0,0
Event::synchronize,,,91.9,91.9,0,0,0,0
aten::slice,,,13.3,23.07,0,0,0,0
aten::as_strided,,,9.77,9.77,0,0,0,0
aten::slice,,,3.1,5.69,0,0,0,0
aten::as_strided,,,2.59,2.59,0,0,0,0
aten::slice,,,2.47,4.69,0,0,0,0
aten::as_strided,,,2.22,2.22,0,0,0,0
aten::slice,,,14.77,19.15,0,0,0,0
aten::as_strided,,,4.38,4.38,0,0,0,0
aten::slice,,,3.14,9.6,0,0,0,0
aten::as_strided,,,6.46,6.46,0,0,0,0
aten::pin_memory,,,5.45,25.48,0,0,0,0
aten::is_pinned,,,20.03,20.03,0,0,0,0
aten::copy_,,,21.98,42.68,0,2.22003125,0,0
acl_memcpy_host_to_device,,,20.7,20.7,2.22003125,2.22003125,0,0
aten::slice,,,5.48,7.96,0,0,0,0
aten::as_strided,,,2.48,2.48,0,0,0,0
aten::slice,,,2.86,6.61,0,0,0,0
aten::as_strided,,,3.75,3.75,0,0,0,0
aten::pin_memory,,,3.16,12.1,0,0,0,0
aten::is_pinned,,,8.94,8.94,0,0,0,0
aten::copy_,,,29.18,43.9,0,2.18003125,0,0
acl_memcpy_host_to_device,,,14.72,14.72,2.18003125,2.18003125,0,0
aten::slice,,,6.79,9.7,0,0,0,0
aten::as_strided,,,2.91,2.91,0,0,0,0
aten::slice,,,2.9,6.77,0,0,0,0
aten::as_strided,,,3.87,3.87,0,0,0,0
aten::pin_memory,,,3.33,11.92,0,0,0,0
aten::is_pinned,,,8.59,8.59,0,0,0,0
aten::copy_,,,13.8,27.88,0,2.1800625,0,0
acl_memcpy_host_to_device,,,14.08,14.08,2.1800625,2.1800625,0,0
aten::slice,,,5.72,7.82,0,0,0,0
aten::as_strided,,,2.1,2.1,0,0,0,0
aten::slice,,,2.69,6.02,0,0,0,0
aten::as_strided,,,3.33,3.33,0,0,0,0
aten::pin_memory,,,3.01,9.96,0,0,0,0
aten::is_pinned,,,6.95,6.95,0,0,0,0
aten::copy_,,,13.6,27.52,0,2.18003125,0,0
acl_memcpy_host_to_device,,,13.92,13.92,2.18003125,2.18003125,0,0
aten::slice,,,5.56,7.98,0,0,0,0
aten::as_strided,,,2.42,2.42,0,0,0,0
aten::slice,,,2.85,6.07,0,0,0,0
aten::as_strided,,,3.22,3.22,0,0,0,0
aten::pin_memory,,,3.1,10.17,0,0,0,0
aten::is_pinned,,,7.07,7.07,0,0,0,0
aten::copy_,,,14.1,28.14,0,2.30003125,0,0
acl_memcpy_host_to_device,,,14.04,14.04,2.30003125,2.30003125,0,0
aten::slice,,,10.48,14.5,0,0,0,0
aten::as_strided,,,4.02,4.02,0,0,0,0
aten::slice,,,3.51,11.08,0,0,0,0
aten::as_strided,,,7.57,7.57,0,0,0,0
aten::pin_memory,,,4.23,20.77,0,0,0,0
aten::is_pinned,,,16.54,16.54,0,0,0,0
aten::copy_,,,19.17,37.88,0,2.32003125,0,0
acl_memcpy_host_to_device,,,18.71,18.71,2.32003125,2.32003125,0,0
aten::slice,,,5.55,10.83,0,0,0,0
aten::as_strided,,,5.28,5.28,0,0,0,0
aten::lift_fresh,,,1.91,1.91,0,0,0,0
aten::lift_fresh,,,0.8,0.8,0,0,0,0
aten::flatten,,,4.15,11.89,0,0,0,0
aten::view,,,7.74,7.74,0,0,0,0
aten::slice,,,3.92,5.41,0,0,0,0
aten::as_strided,,,1.49,1.49,0,0,0,0
aten::index_select,,,10.14,10.14,0,0,0,0
aten::pin_memory,,,4.03,18.12,0,0,0,0
aten::is_pinned,,,14.09,14.09,0,0,0,0
aten::copy_,,,18.52,37.0,0,2.18003125,0,0
acl_memcpy_host_to_device,,,18.48,18.48,2.18003125,2.18003125,0,0
aten::pin_memory,,,4.06,13.18,0,0,0,0
aten::is_pinned,,,9.12,9.12,0,0,0,0
aten::copy_,,,14.29,27.27,0,2.3000625,0,0
acl_memcpy_host_to_device,,,12.98,12.98,2.3000625,2.3000625,0,0
aten::slice,,,7.02,9.65,0,0,0,0
aten::as_strided,,,2.63,2.63,0,0,0,0
aten::lift_fresh,,,1.12,1.12,0,0,0,0
aten::slice,,,3.2,4.44,0,0,0,0
aten::as_strided,,,1.24,1.24,0,0,0,0
aten::add,,,19.99,19.99,0,0,0,0
aten::slice,,,3.36,4.53,0,0,0,0
aten::as_strided,,,1.17,1.17,0,0,0,0
aten::fill_,,,3.15,3.15,0,0,0,0
aten::slice,,,3.38,8.69,0,0,0,0
aten::as_strided,,,5.31,5.31,0,0,0,0
aten::fill_,,,22.7,37.96,0,1.68003125,0,0
aclnnInplaceFillScalar,,,15.26,15.26,1.68003125,1.68003125,0,0
aten::slice,,,6.71,8.75,0,0,0,0
aten::as_strided,,,2.04,2.04,0,0,0,0
aten::slice,,,3.13,8.26,0,0,0,0
aten::as_strided,,,5.13,5.13,0,0,0,0
aten::pin_memory,,,4.22,18.48,0,0,0,0
aten::is_pinned,,,14.26,14.26,0,0,0,0
aten::copy_,,,18.03,32.44,0,2.20003125,0,0
acl_memcpy_host_to_device,,,14.41,14.41,2.20003125,2.20003125,0,0
aten::slice,,,5.7,9.37,0,0,0,0
aten::as_strided,,,3.67,3.67,0,0,0,0
aten::select,,,4.85,8.84,0,0,0,0
aten::as_strided,,,3.99,3.99,0,0,0,0
aten::copy_,,,73.68,89.25,0,0.6,0,0
aclnnInplaceCopy,,,15.57,15.57,0.6,0.6,0,0
aten::slice,,,7.1,10.12,0,0,0,0
aten::as_strided,,,3.02,3.02,0,0,0,0
aten::detach,,,4.5,4.5,0,0,0,0
aten::to,,,1.8,1.8,0,0,0,0
aten::resolve_conj,,,1.26,1.26,0,0,0,0
aten::resolve_neg,,,0.88,0.88,0,0,0,0
aten::slice,,,5.19,7.17,0,0,0,0
aten::as_strided,,,1.98,1.98,0,0,0,0
aten::slice,,,2.92,7.95,0,0,0,0
aten::as_strided,,,5.03,5.03,0,0,0,0
aten::pin_memory,,,3.95,18.09,0,0,0,0
aten::is_pinned,,,14.14,14.14,0,0,0,0
aten::copy_,,,3.52,3.52,0,0,0,0
aten::slice,,,5.93,7.62,0,0,0,0
aten::as_strided,,,1.69,1.69,0,0,0,0
aten::slice,,,2.66,6.25,0,0,0,0
aten::as_strided,,,3.59,3.59,0,0,0,0
aten::pin_memory,,,3.14,11.78,0,0,0,0
aten::is_pinned,,,8.64,8.64,0,0,0,0
aten::copy_,,,16.43,33.16,0,2.16003125,0,0
acl_memcpy_host_to_device,,,16.73,16.73,2.16003125,2.16003125,0,0
aten::fill_,,,19.45,33.35,0,1.44003125,0,0
aclnnInplaceFillScalar,,,13.9,13.9,1.44003125,1.44003125,0,0
aten::slice,,,6.4,10.78,0,0,0,0
aten::as_strided,,,4.38,4.38,0,0,0,0
aten::slice,,,3.37,5.28,0,0,0,0
aten::as_strided,,,1.91,1.91,0,0,0,0
aten::copy_,,,17.32,26.86,0,2.1200625,0,0
acl_memcpy_host_to_device,,,9.54,9.54,2.1200625,2.1200625,0,0
aten::slice,,,5.07,6.95,0,0,0,0
aten::as_strided,,,1.88,1.88,0,0,0,0
aten::slice,,,2.92,6.34,0,0,0,0
aten::as_strided,,,3.42,3.42,0,0,0,0
aten::pin_memory,,,3.59,12.17,0,0,0,0
aten::is_pinned,,,8.58,8.58,0,0,0,0
aten::copy_,,,14.18,26.36,0,2.24003125,0,0
acl_memcpy_host_to_device,,,12.18,12.18,2.24003125,2.24003125,0,0
aten::slice,,,5.75,9.52,0,0,0,0
aten::as_strided,,,3.77,3.77,0,0,0,0
aten::slice,,,3.03,4.77,0,0,0,0
aten::as_strided,,,1.74,1.74,0,0,0,0
aten::slice,,,2.12,4.5,0,0,0,0
aten::as_strided,,,2.38,2.38,0,0,0,0
aten::pin_memory,,,3.3,11.41,0,0,0,0
aten::is_pinned,,,8.11,8.11,0,0,0,0
aten::copy_,,,13.08,25.38,0,2.28003125,0,0
acl_memcpy_host_to_device,,,12.3,12.3,2.28003125,2.28003125,0,0
aten::slice,,,6.09,7.94,0,0,0,0
aten::as_strided,,,1.85,1.85,0,0,0,0
aten::slice,,,2.78,5.9,0,0,0,0
aten::as_strided,,,3.12,3.12,0,0,0,0
aten::pin_memory,,,3.5,11.33,0,0,0,0
aten::is_pinned,,,7.83,7.83,0,0,0,0
aten::copy_,,,12.36,24.11,0,2.14003125,0,0
acl_memcpy_host_to_device,,,11.75,11.75,2.14003125,2.14003125,0,0
aten::slice,,,4.32,7.63,0,0,0,0
aten::as_strided,,,3.31,3.31,0,0,0,0
aten::index,,,34.8,64.63,0,19.82040625,0,0
empty_tensor,,,7.31,7.31,0,0,0,0
empty_tensor,,,9.75,9.75,0,0,0,0
aclnnIndex,,,12.77,12.77,19.82040625,19.82040625,0,0
aten::to,,,2.35,54.46,0,1.12003125,0,0
aten::_to_copy,,,6.19,52.11,0,1.12003125,0,0
aten::empty_strided,,,8.94,13.67,0,0,0,0
empty_tensor,,,4.73,4.73,0,0,0,0
aten::copy_,,,17.17,32.25,0,1.12003125,0,0
aclnnInplaceCopy,,,15.08,15.08,1.12003125,1.12003125,0,0
aten::slice,,,6.88,11.33,0,0,0,0
aten::as_strided,,,4.45,4.45,0,0,0,0
aten::add,,,20.53,34.17,0,2.5800625,0,0
empty_tensor,,,6.49,6.49,0,0,0,0
aclnnAdd,,,7.15,7.15,2.5800625,2.5800625,0,0
aten::slice,,,4.87,9.0,0,0,0,0
aten::as_strided,,,4.13,4.13,0,0,0,0
aten::copy_,,,57.41,79.53,0,0.58,0,0
aclnnInplaceCopy,,,22.12,22.12,0.58,0.58,0,0
aten::slice,,,6.31,10.24,0,0,0,0
aten::as_strided,,,3.93,3.93,0,0,0,0
aten::add,,,19.15,39.23,0,1.44003125,0,0
empty_tensor,,,8.62,8.62,0,0,0,0
aclnnAdd,,,11.46,11.46,1.44003125,1.44003125,0,0
aten::slice,,,6.21,12.63,0,0,0,0
aten::as_strided,,,6.42,6.42,0,0,0,0
aten::copy_,,,49.89,68.75,0,0.58003125,0,0
aclnnInplaceCopy,,,18.86,18.86,0.58003125,0.58003125,0,0
aten::slice,,,5.55,9.47,0,0,0,0
aten::as_strided,,,3.92,3.92,0,0,0,0
aten::fill_,,,19.17,31.98,0,1.64,0,0
aclnnInplaceFillScalar,,,12.81,12.81,1.64,1.64,0,0
aten::slice,,,5.55,10.36,0,0,0,0
aten::as_strided,,,4.81,4.81,0,0,0,0
aten::slice,,,18.04,30.31,0,0,0,0
aten::as_strided,,,12.27,12.27,0,0,0,0
compute_slot_mapping_fused_groups_adaptive_kernel,,,39.26,39.26,22.0604375,22.0604375,0,0
aten::slice,,,8.91,17.72,0,0,0,0
aten::as_strided,,,8.81,8.81,0,0,0,0
aten::sub,,,27.82,61.58,0,1.66,0,0
empty_tensor,,,11.63,11.63,0,0,0,0
aten::item,,,2.9,4.93,0,0,0,0
aten::_local_scalar_dense,,,2.03,2.03,0,0,0,0
aclnnSubs,,,17.2,17.2,1.66,1.66,0,0
aten::detach,,,5.65,5.65,0,0,0,0
aten::to,,,2.03,2.03,0,0,0,0
aten::resolve_conj,,,0.83,0.83,0,0,0,0
aten::resolve_neg,,,0.66,0.66,0,0,0,0
aten::slice,,,7.75,16.35,0,0,0,0
aten::as_strided,,,8.6,8.6,0,0,0,0
aten::slice,,,3.24,7.25,0,0,0,0
aten::as_strided,,,4.01,4.01,0,0,0,0
aten::slice,,,3.16,5.64,0,0,0,0
aten::as_strided,,,2.48,2.48,0,0,0,0
aten::fill_,,,21.97,41.06,0,0,0,0
aclnnInplaceFillScalar,,,19.09,19.09,0,0,0,0
aten::slice,,,4.08,8.45,0,0,0,0
aten::as_strided,,,4.37,4.37,0,0,0,0
aten::fill_,,,12.41,25.14,0,0,0,0
aclnnInplaceFillScalar,,,12.73,12.73,0,0,0,0
aten::slice,,,4.24,6.89,0,0,0,0
aten::as_strided,,,2.65,2.65,0,0,0,0
aten::slice,,,2.76,3.52,0,0,0,0
aten::as_strided,,,0.76,0.76,0,0,0,0
aten::lt,,,14.6,14.6,0,0,0,0
aten::lift_fresh,,,1.54,1.54,0,0,0,0
aten::slice,,,1.4,2.35,0,0,0,0
aten::as_strided,,,0.95,0.95,0,0,0,0
aten::fill_,,,2.41,10.47,0,0,0,0
aten::copy_,,,8.06,8.06,0,0,0,0
aten::slice,,,3.16,4.44,0,0,0,0
aten::as_strided,,,1.28,1.28,0,0,0,0
aten::slice,,,2.62,7.51,0,0,0,0
aten::as_strided,,,4.89,4.89,0,0,0,0
aten::slice,,,2.33,4.05,0,0,0,0
aten::as_strided,,,1.72,1.72,0,0,0,0
aten::slice,,,2.99,5.52,0,0,0,0
aten::as_strided,,,2.53,2.53,0,0,0,0
aten::slice,,,1.93,2.75,0,0,0,0
aten::as_strided,,,0.82,0.82,0,0,0,0
aten::slice,,,1.91,3.53,0,0,0,0
aten::as_strided,,,1.62,1.62,0,0,0,0
aten::slice,,,2.59,5.17,0,0,0,0
aten::as_strided,,,2.58,2.58,0,0,0,0
aten::slice,,,2.32,4.23,0,0,0,0
aten::as_strided,,,1.91,1.91,0,0,0,0
aten::slice,,,2.42,4.27,0,0,0,0
aten::as_strided,,,1.85,1.85,0,0,0,0
aten::slice,,,5.41,11.86,0,0,0,0
aten::as_strided,,,6.45,6.45,0,0,0,0
aten::slice,,,2.74,6.26,0,0,0,0
aten::as_strided,,,3.52,3.52,0,0,0,0
aten::slice,,,2.89,5.03,0,0,0,0
aten::as_strided,,,2.14,2.14,0,0,0,0
aten::to,,,1.51,1.51,0,0,0,0
aten::slice,,,2.39,4.69,0,0,0,0
aten::as_strided,,,2.3,2.3,0,0,0,0
aten::slice,,,2.6,5.03,0,0,0,0
aten::as_strided,,,2.43,2.43,0,0,0,0
aten::slice,,,1.98,3.11,0,0,0,0
aten::as_strided,,,1.13,1.13,0,0,0,0
aten::slice,,,2.82,6.17,0,0,0,0
aten::as_strided,,,3.35,3.35,0,0,0,0
aten::slice,,,3.53,4.96,0,0,0,0
aten::as_strided,,,1.43,1.43,0,0,0,0
aten::slice,,,2.31,3.18,0,0,0,0
aten::as_strided,,,0.87,0.87,0,0,0,0
aten::sub,,,10.57,10.57,0,0,0,0
aten::select,,,3.12,5.13,0,0,0,0
aten::as_strided,,,2.01,2.01,0,0,0,0
aten::item,,,1.97,3.53,0,0,0,0
aten::_local_scalar_dense,,,1.56,1.56,0,0,0,0
aten::gt,,,14.55,31.48,0,0,0,0
aten::to,,,1.53,16.93,0,0,0,0
aten::_to_copy,,,5.38,15.4,0,0,0,0
aten::empty_strided,,,3.26,3.26,0,0,0,0
aten::copy_,,,6.76,6.76,0,0,0,0
aten::any,,,13.34,16.03,0,0,0,0
aten::as_strided,,,1.51,1.51,0,0,0,0
aten::fill_,,,1.18,1.18,0,0,0,0
aten::is_nonzero,,,1.88,4.51,0,0,0,0
aten::item,,,1.4,2.63,0,0,0,0
aten::_local_scalar_dense,,,1.23,1.23,0,0,0,0
aten::to,,,1.14,10.15,0,0,0,0
aten::_to_copy,,,2.69,9.01,0,0,0,0
aten::empty_strided,,,2.3,2.3,0,0,0,0
aten::copy_,,,4.02,4.02,0,0,0,0
aten::argmax,,,12.53,13.75,0,0,0,0
aten::as_strided,,,1.22,1.22,0,0,0,0
aten::item,,,1.15,2.29,0,0,0,0
aten::_local_scalar_dense,,,1.14,1.14,0,0,0,0
aten::select,,,5.29,7.08,0,0,0,0
aten::as_strided,,,1.79,1.79,0,0,0,0
aten::item,,,1.07,1.59,0,0,0,0
aten::_local_scalar_dense,,,0.52,0.52,0,0,0,0
aten::slice,,,3.89,24.95,0,0,0,0
aten::as_strided,,,21.06,21.06,0,0,0,0
aten::alias,,,6.83,6.83,0,0,0,0
aten::div,,,42.03,64.0,0,8.26015625,0,0
aten::item,,,1.67,2.92,0,0,0,0
aten::_local_scalar_dense,,,1.25,1.25,0,0,0,0
aclnnDivMods,,,19.05,19.05,8.26015625,8.26015625,0,0
aten::slice,,,4.32,10.18,0,0,0,0
aten::as_strided,,,5.86,5.86,0,0,0,0
aten::slice,,,5.09,7.53,0,0,0,0
aten::as_strided,,,2.44,2.44,0,0,0,0
aten::copy_,,,66.47,85.14,0,0.62003125,0,0
aclnnInplaceCopy,,,18.67,18.67,0.62003125,0.62003125,0,0
aten::slice,,,3.23,7.21,0,0,0,0
aten::as_strided,,,3.98,3.98,0,0,0,0
aten::slice,,,4.87,7.81,0,0,0,0
aten::as_strided,,,2.94,2.94,0,0,0,0
aten::ge,,,24.46,50.66,0,4.30009375,0,0
empty_tensor,,,11.5,11.5,0,0,0,0
aclnnGeScalar,,,14.7,14.7,4.30009375,4.30009375,0,0
aten::add,,,21.63,43.85,0,3.1000625,0,0
empty_tensor,,,6.78,6.78,0,0,0,0
aten::item,,,2.34,3.77,0,0,0,0
aten::_local_scalar_dense,,,1.43,1.43,0,0,0,0
aclnnAdds,,,11.67,11.67,3.1000625,3.1000625,0,0
aten::remainder,,,23.03,41.29,0,8.56015625,0,0
empty_tensor,,,6.9,6.9,0,0,0,0
aclnnRemainderTensorScalar,,,11.36,11.36,8.56015625,8.56015625,0,0
aten::eq,,,12.86,28.96,0,2.48003125,0,0
empty_tensor,,,6.03,6.03,0,0,0,0
aclnnEqScalar,,,10.07,10.07,2.48003125,2.48003125,0,0
aten::__and__,,,3.13,37.28,0,1.64003125,0,0
aten::bitwise_and,,,18.65,34.15,0,1.64003125,0,0
empty_tensor,,,5.3,5.3,0,0,0,0
aclnnBitwiseAndTensor,,,10.2,10.2,1.64003125,1.64003125,0,0
aten::clamp_min,,,13.59,29.47,0,2.6000625,0,0
empty_tensor,,,6.12,6.12,0,0,0,0
aclnnClampMin,,,9.76,9.76,2.6000625,2.6000625,0,0
aten::div,,,21.14,34.92,0,8.86015625,0,0
empty_tensor,,,7.44,7.44,0,0,0,0
aten::item,,,1.79,3.15,0,0,0,0
aten::_local_scalar_dense,,,1.36,1.36,0,0,0,0
aclnnDivMods,,,3.19,3.19,8.86015625,8.86015625,0,0
aten::remainder,,,16.64,34.53,0,5.20009375,0,0
empty_tensor,,,5.21,5.21,0,0,0,0
aclnnRemainderTensorScalar,,,12.68,12.68,5.20009375,5.20009375,0,0
aten::mul,,,16.72,35.29,0,1.5,0,0
empty_tensor,,,6.23,6.23,0,0,0,0
aten::item,,,1.45,2.59,0,0,0,0
aten::_local_scalar_dense,,,1.14,1.14,0,0,0,0
aclnnMuls,,,9.75,9.75,1.5,1.5,0,0
aten::div,,,20.59,39.22,0,8.6401875,0,0
empty_tensor,,,6.52,6.52,0,0,0,0
aten::item,,,1.65,2.83,0,0,0,0
aten::_local_scalar_dense,,,1.18,1.18,0,0,0,0
aclnnDivMods,,,9.28,9.28,8.6401875,8.6401875,0,0
aten::add,,,14.6,23.31,0,1.30003125,0,0
empty_tensor,,,5.47,5.47,0,0,0,0
aclnnAdd,,,3.24,3.24,1.30003125,1.30003125,0,0
aten::full_like,,,5.34,45.38,0,1.4600625,0,0
aten::empty_like,,,7.58,18.74,0,0,0,0
aten::empty_strided,,,7.56,11.16,0,0,0,0
empty_tensor,,,3.6,3.6,0,0,0,0
aten::fill_,,,9.7,21.3,0,1.4600625,0,0
aclnnInplaceFillScalar,,,11.6,11.6,1.4600625,1.4600625,0,0
aten::where,,,13.68,29.23,0,2.06003125,0,0
empty_tensor,,,6.43,6.43,0,0,0,0
aclnnSWhere,,,9.12,9.12,2.06003125,2.06003125,0,0
aten::copy_,,,14.47,24.4,0,1.28003125,0,0
aclnnInplaceCopy,,,9.93,9.93,1.28003125,1.28003125,0,0
aten::slice,,,3.85,8.17,0,0,0,0
aten::as_strided,,,4.32,4.32,0,0,0,0
aten::slice,,,6.34,9.71,0,0,0,0
aten::as_strided,,,3.37,3.37,0,0,0,0
aten::div,,,25.06,40.99,0,4.44009375,0,0
aten::item,,,2.09,3.58,0,0,0,0
aten::_local_scalar_dense,,,1.49,1.49,0,0,0,0
aclnnDivMods,,,12.35,12.35,4.44009375,4.44009375,0,0
aten::slice,,,2.8,6.31,0,0,0,0
aten::as_strided,,,3.51,3.51,0,0,0,0
aten::slice,,,4.21,6.68,0,0,0,0
aten::as_strided,,,2.47,2.47,0,0,0,0
aten::slice,,,2.55,4.64,0,0,0,0
aten::as_strided,,,2.09,2.09,0,0,0,0
aten::copy_,,,60.54,73.12,0,0.56,0,0
aclnnInplaceCopy,,,12.58,12.58,0.56,0.56,0,0
aten::slice,,,3.03,6.78,0,0,0,0
aten::as_strided,,,3.75,3.75,0,0,0,0
aten::slice,,,5.05,7.78,0,0,0,0
aten::as_strided,,,2.73,2.73,0,0,0,0
aten::copy_,,,47.97,60.56,0,0.64,0,0
aclnnInplaceCopy,,,12.59,12.59,0.64,0.64,0,0
aten::slice,,,5.51,8.04,0,0,0,0
aten::as_strided,,,2.53,2.53,0,0,0,0
aten::div,,,13.74,30.76,0,0,0,0
aten::to,,,1.73,17.02,0,0,0,0
aten::_to_copy,,,4.77,15.29,0,0,0,0
aten::empty_strided,,,3.16,3.16,0,0,0,0
aten::copy_,,,7.36,7.36,0,0,0,0
aten::slice,,,4.03,9.21,0,0,0,0
aten::as_strided,,,5.18,5.18,0,0,0,0
aten::slice,,,5.16,10.77,0,0,0,0
aten::as_strided,,,5.61,5.61,0,0,0,0
aten::slice,,,3.11,5.93,0,0,0,0
aten::as_strided,,,2.82,2.82,0,0,0,0
aten::slice,,,2.59,4.74,0,0,0,0
aten::as_strided,,,2.15,2.15,0,0,0,0
aten::fill_,,,18.14,35.32,0,0,0,0
aclnnInplaceFillScalar,,,17.18,17.18,0,0,0,0
aten::slice,,,5.35,8.81,0,0,0,0
aten::as_strided,,,3.46,3.46,0,0,0,0
aten::fill_,,,12.16,23.45,0,0,0,0
aclnnInplaceFillScalar,,,11.29,11.29,0,0,0,0
aten::slice,,,4.78,9.28,0,0,0,0
aten::as_strided,,,4.5,4.5,0,0,0,0
aten::slice,,,3.16,6.65,0,0,0,0
aten::as_strided,,,3.49,3.49,0,0,0,0
aten::slice,,,5.41,8.0,0,0,0,0
aten::as_strided,,,2.59,2.59,0,0,0,0
aten::slice,,,3.02,7.17,0,0,0,0
aten::as_strided,,,4.15,4.15,0,0,0,0
aten::slice,,,2.88,5.59,0,0,0,0
aten::as_strided,,,2.71,2.71,0,0,0,0
aten::slice,,,2.77,6.53,0,0,0,0
aten::as_strided,,,3.76,3.76,0,0,0,0
aten::slice,,,2.33,4.73,0,0,0,0
aten::as_strided,,,2.4,2.4,0,0,0,0
aten::fill_,,,15.93,33.08,0,0,0,0
aclnnInplaceFillScalar,,,17.15,17.15,0,0,0,0
aten::slice,,,4.35,7.99,0,0,0,0
aten::as_strided,,,3.64,3.64,0,0,0,0
aten::fill_,,,11.51,24.39,0,0,0,0
aclnnInplaceFillScalar,,,12.88,12.88,0,0,0,0
aten::diff,,,8.4,36.14,0,0,0,0
aten::narrow,,,6.66,10.98,0,0,0,0
aten::slice,,,2.19,4.32,0,0,0,0
aten::as_strided,,,2.13,2.13,0,0,0,0
aten::narrow,,,2.05,4.58,0,0,0,0
aten::slice,,,1.17,2.53,0,0,0,0
aten::as_strided,,,1.36,1.36,0,0,0,0
aten::sub,,,12.18,12.18,0,0,0,0
aten::eq,,,13.58,29.39,0,0,0,0
aten::to,,,1.8,15.81,0,0,0,0
aten::_to_copy,,,4.97,14.01,0,0,0,0
aten::empty_strided,,,3.5,3.5,0,0,0,0
aten::copy_,,,5.54,5.54,0,0,0,0
aten::__and__,,,2.05,8.63,0,0,0,0
aten::bitwise_and,,,6.58,6.58,0,0,0,0
aten::gt,,,7.67,17.21,0,0,0,0
aten::to,,,1.36,9.54,0,0,0,0
aten::_to_copy,,,2.57,8.18,0,0,0,0
aten::empty_strided,,,2.6,2.6,0,0,0,0
aten::copy_,,,3.01,3.01,0,0,0,0
aten::__and__,,,1.16,4.23,0,0,0,0
aten::bitwise_and,,,3.07,3.07,0,0,0,0
aten::any,,,8.56,10.9,0,0,0,0
aten::as_strided,,,1.25,1.25,0,0,0,0
aten::fill_,,,1.09,1.09,0,0,0,0
aten::item,,,1.63,2.95,0,0,0,0
aten::_local_scalar_dense,,,1.32,1.32,0,0,0,0
aten::slice,,,4.58,5.78,0,0,0,0
aten::as_strided,,,1.2,1.2,0,0,0,0
aten::slice,,,2.11,2.83,0,0,0,0
aten::as_strided,,,0.72,0.72,0,0,0,0
aten::sub,,,4.96,4.96,0,0,0,0
aten::select,,,3.07,4.81,0,0,0,0
aten::as_strided,,,1.74,1.74,0,0,0,0
aten::item,,,1.19,2.23,0,0,0,0
aten::_local_scalar_dense,,,1.04,1.04,0,0,0,0
aten::gt,,,6.89,15.83,0,0,0,0
aten::to,,,1.13,8.94,0,0,0,0
aten::_to_copy,,,2.88,7.81,0,0,0,0
aten::empty_strided,,,1.95,1.95,0,0,0,0
aten::copy_,,,2.98,2.98,0,0,0,0
aten::__ior__,,,2.22,7.49,0,0,0,0
aten::bitwise_or_,,,5.27,5.27,0,0,0,0
aten::any,,,7.41,9.31,0,0,0,0
aten::as_strided,,,1.13,1.13,0,0,0,0
aten::fill_,,,0.77,0.77,0,0,0,0
aten::is_nonzero,,,1.57,3.48,0,0,0,0
aten::item,,,1.18,1.91,0,0,0,0
aten::_local_scalar_dense,,,0.73,0.73,0,0,0,0
aten::to,,,0.94,9.24,0,0,0,0
aten::_to_copy,,,2.43,8.3,0,0,0,0
aten::empty_strided,,,2.77,2.77,0,0,0,0
aten::copy_,,,3.1,3.1,0,0,0,0
aten::argmax,,,9.43,10.61,0,0,0,0
aten::as_strided,,,1.18,1.18,0,0,0,0
aten::item,,,1.05,1.86,0,0,0,0
aten::_local_scalar_dense,,,0.81,0.81,0,0,0,0
aten::select,,,3.82,4.91,0,0,0,0
aten::as_strided,,,1.09,1.09,0,0,0,0
aten::item,,,0.81,1.56,0,0,0,0
aten::_local_scalar_dense,,,0.75,0.75,0,0,0,0
aten::select,,,3.57,10.97,0,0,0,0
aten::as_strided,,,7.4,7.4,0,0,0,0
aten::slice,,,3.81,6.35,0,0,0,0
aten::as_strided,,,2.54,2.54,0,0,0,0
aten::sub,,,25.65,58.5,0,1.38003125,0,0
empty_tensor,,,12.21,12.21,0,0,0,0
aten::item,,,1.17,2.13,0,0,0,0
aten::_local_scalar_dense,,,0.96,0.96,0,0,0,0
aclnnSubs,,,18.51,18.51,1.38003125,1.38003125,0,0
aten::slice,,,5.04,6.99,0,0,0,0
aten::as_strided,,,1.95,1.95,0,0,0,0
aten::sub,,,8.52,22.17,0,0,0,0
aten::to,,,1.68,13.65,0,0,0,0
aten::_to_copy,,,3.98,11.97,0,0,0,0
aten::empty_strided,,,3.25,3.25,0,0,0,0
aten::copy_,,,4.74,4.74,0,0,0,0
aten::slice,,,3.76,9.14,0,0,0,0
aten::as_strided,,,5.38,5.38,0,0,0,0
aten::slice,,,2.41,3.92,0,0,0,0
aten::as_strided,,,1.51,1.51,0,0,0,0
aten::slice,,,1.26,2.11,0,0,0,0
aten::as_strided,,,0.85,0.85,0,0,0,0
aten::sub,,,5.29,5.29,0,0,0,0
aten::add,,,6.35,16.63,0,0,0,0
aten::to,,,1.37,10.28,0,0,0,0
aten::_to_copy,,,3.12,8.91,0,0,0,0
aten::empty_strided,,,2.44,2.44,0,0,0,0
aten::copy_,,,3.35,3.35,0,0,0,0
aten::sub,,,5.04,24.92,0,0,0,0
aten::to,,,0.95,19.88,0,0,0,0
aten::_to_copy,,,2.73,18.93,0,0,0,0
aten::empty_strided,,,13.64,13.64,0,0,0,0
aten::copy_,,,2.56,2.56,0,0,0,0
aten::floor_divide,,,7.5,17.07,0,0,0,0
aten::to,,,0.92,7.0,0,0,0,0
aten::_to_copy,,,2.32,6.08,0,0,0,0
aten::empty_strided,,,1.42,1.42,0,0,0,0
aten::copy_,,,2.34,2.34,0,0,0,0
aten::empty,,,2.57,2.57,0,0,0,0
aten::resolve_conj,,,1.18,1.18,0,0,0,0
aten::resolve_neg,,,0.5,0.5,0,0,0,0
aten::arange,,,11.2,43.9,0,0,0,0
aten::empty,,,1.78,1.78,0,0,0,0
aten::arange,,,11.08,30.92,0,0,0,0
aten::resize_,,,19.84,19.84,0,0,0,0
aten::arange,,,2.8,10.05,0,0,0,0
aten::empty,,,1.86,1.86,0,0,0,0
aten::arange,,,3.61,5.39,0,0,0,0
aten::resize_,,,1.78,1.78,0,0,0,0
aten::cat,,,9.36,9.36,0,0,0,0
aten::eq,,,7.23,7.23,0,0,0,0
aten::cumsum,,,8.88,24.21,0,0,0,0
aten::to,,,5.59,15.33,0,0,0,0
aten::_to_copy,,,3.01,9.74,0,0,0,0
aten::empty_strided,,,2.17,2.17,0,0,0,0
aten::copy_,,,4.56,4.56,0,0,0,0
aten::sub,,,4.82,4.82,0,0,0,0
aten::stack,,,4.17,31.8,0,0,0,0
aten::unsqueeze,,,2.74,4.51,0,0,0,0
aten::as_strided,,,1.77,1.77,0,0,0,0
aten::unsqueeze,,,1.02,2.71,0,0,0,0
aten::as_strided,,,1.69,1.69,0,0,0,0
aten::cat,,,10.42,20.41,0,0,0,0
aten::narrow,,,5.9,9.99,0,0,0,0
aten::slice,,,1.89,4.09,0,0,0,0
aten::as_strided,,,2.2,2.2,0,0,0,0
aten::to,,,1.75,9.95,0,0,0,0
aten::_to_copy,,,2.85,8.2,0,0,0,0
aten::empty_strided,,,2.16,2.16,0,0,0,0
aten::copy_,,,3.19,3.19,0,0,0,0
aten::empty,,,2.43,2.43,0,0,0,0
aten::to,,,0.74,0.74,0,0,0,0
aten::lift_fresh,,,1.0,1.0,0,0,0,0
aten::detach_,,,4.15,4.15,0,0,0,0
aten::slice,,,1.84,3.13,0,0,0,0
aten::as_strided,,,1.29,1.29,0,0,0,0
aten::slice,,,1.19,1.96,0,0,0,0
aten::as_strided,,,0.77,0.77,0,0,0,0
aten::sub,,,4.85,4.85,0,0,0,0
aten::add,,,5.59,14.34,0,0,0,0
aten::to,,,1.03,8.75,0,0,0,0
aten::_to_copy,,,2.55,7.72,0,0,0,0
aten::empty_strided,,,2.49,2.49,0,0,0,0
aten::copy_,,,2.68,2.68,0,0,0,0
aten::sub,,,7.31,14.09,0,0,0,0
aten::to,,,0.69,6.78,0,0,0,0
aten::_to_copy,,,2.36,6.09,0,0,0,0
aten::empty_strided,,,1.55,1.55,0,0,0,0
aten::copy_,,,2.18,2.18,0,0,0,0
aten::floor_divide,,,6.28,14.74,0,0,0,0
aten::to,,,0.98,7.0,0,0,0,0
aten::_to_copy,,,2.17,6.02,0,0,0,0
aten::empty_strided,,,1.52,1.52,0,0,0,0
aten::copy_,,,2.33,2.33,0,0,0,0
aten::empty,,,1.46,1.46,0,0,0,0
aten::cat,,,7.18,7.18,0,0,0,0
aten::cumsum,,,6.2,14.95,0,0,0,0
aten::to,,,0.91,8.75,0,0,0,0
aten::_to_copy,,,2.07,7.84,0,0,0,0
aten::empty_strided,,,2.19,2.19,0,0,0,0
aten::copy_,,,3.58,3.58,0,0,0,0
aten::empty,,,2.25,2.25,0,0,0,0
aten::to,,,0.89,0.89,0,0,0,0
aten::lift_fresh,,,0.76,0.76,0,0,0,0
aten::detach_,,,0.53,0.53,0,0,0,0
aten::slice,,,4.8,6.2,0,0,0,0
aten::as_strided,,,1.4,1.4,0,0,0,0
aten::slice,,,1.08,1.81,0,0,0,0
aten::as_strided,,,0.73,0.73,0,0,0,0
aten::sub,,,4.69,4.69,0,0,0,0
aten::add,,,4.96,12.59,0,0,0,0
aten::to,,,1.05,7.63,0,0,0,0
aten::_to_copy,,,2.3,6.58,0,0,0,0
aten::empty_strided,,,1.74,1.74,0,0,0,0
aten::copy_,,,2.54,2.54,0,0,0,0
aten::sub,,,4.86,18.34,0,0,0,0
aten::to,,,7.51,13.48,0,0,0,0
aten::_to_copy,,,2.12,5.97,0,0,0,0
aten::empty_strided,,,1.67,1.67,0,0,0,0
aten::copy_,,,2.18,2.18,0,0,0,0
aten::floor_divide,,,5.58,13.78,0,0,0,0
aten::to,,,0.87,6.76,0,0,0,0
aten::_to_copy,,,2.18,5.89,0,0,0,0
aten::empty_strided,,,1.41,1.41,0,0,0,0
aten::copy_,,,2.3,2.3,0,0,0,0
aten::empty,,,1.44,1.44,0,0,0,0
aten::add,,,5.91,38.62,0,0,0,0
aten::to,,,24.99,32.71,0,0,0,0
aten::_to_copy,,,2.66,7.72,0,0,0,0
aten::empty_strided,,,2.48,2.48,0,0,0,0
aten::copy_,,,2.58,2.58,0,0,0,0
aten::cat,,,4.68,4.68,0,0,0,0
aten::cumsum,,,6.5,29.99,0,0,0,0
aten::to,,,0.75,23.49,0,0,0,0
aten::_to_copy,,,2.69,22.74,0,0,0,0
aten::empty_strided,,,16.4,16.4,0,0,0,0
aten::copy_,,,3.65,3.65,0,0,0,0
aten::slice,,,2.09,3.6,0,0,0,0
aten::as_strided,,,1.51,1.51,0,0,0,0
aten::slice,,,1.13,7.42,0,0,0,0
aten::as_strided,,,6.29,6.29,0,0,0,0
aten::sub,,,5.26,5.26,0,0,0,0
aten::add,,,5.81,13.78,0,0,0,0
aten::to,,,0.83,7.97,0,0,0,0
aten::_to_copy,,,2.18,7.14,0,0,0,0
aten::empty_strided,,,2.67,2.67,0,0,0,0
aten::copy_,,,2.29,2.29,0,0,0,0
aten::sub,,,5.89,21.11,0,0,0,0
aten::to,,,0.81,15.22,0,0,0,0
aten::_to_copy,,,2.73,14.41,0,0,0,0
aten::empty_strided,,,9.3,9.3,0,0,0,0
aten::copy_,,,2.38,2.38,0,0,0,0
aten::floor_divide,,,6.08,22.69,0,0,0,0
aten::to,,,0.85,14.04,0,0,0,0
aten::_to_copy,,,2.49,13.19,0,0,0,0
aten::empty_strided,,,8.16,8.16,0,0,0,0
aten::copy_,,,2.54,2.54,0,0,0,0
aten::empty,,,2.57,2.57,0,0,0,0
aten::add,,,10.91,17.07,0,0,0,0
aten::to,,,0.85,6.16,0,0,0,0
aten::_to_copy,,,2.02,5.31,0,0,0,0
aten::empty_strided,,,1.29,1.29,0,0,0,0
aten::copy_,,,2.0,2.0,0,0,0,0
aten::cumsum,,,5.61,20.34,0,0,0,0
aten::to,,,0.81,14.73,0,0,0,0
aten::_to_copy,,,2.91,13.92,0,0,0,0
aten::empty_strided,,,7.74,7.74,0,0,0,0
aten::copy_,,,3.27,3.27,0,0,0,0
aten::sub,,,10.45,10.45,0,0,0,0
aten::slice,,,2.04,3.68,0,0,0,0
aten::as_strided,,,1.64,1.64,0,0,0,0
aten::slice,,,1.14,1.84,0,0,0,0
aten::as_strided,,,0.7,0.7,0,0,0,0
aten::sub,,,6.55,6.55,0,0,0,0
aten::add,,,11.1,17.89,0,0,0,0
aten::to,,,0.72,6.79,0,0,0,0
aten::_to_copy,,,2.22,6.07,0,0,0,0
aten::empty_strided,,,1.5,1.5,0,0,0,0
aten::copy_,,,2.35,2.35,0,0,0,0
aten::sub,,,8.22,19.76,0,0,0,0
aten::to,,,0.75,11.54,0,0,0,0
aten::_to_copy,,,2.79,10.79,0,0,0,0
aten::empty_strided,,,5.92,5.92,0,0,0,0
aten::copy_,,,2.08,2.08,0,0,0,0
aten::floor_divide,,,5.95,20.83,0,0,0,0
aten::to,,,0.77,6.46,0,0,0,0
aten::_to_copy,,,2.25,5.69,0,0,0,0
aten::empty_strided,,,1.39,1.39,0,0,0,0
aten::copy_,,,2.05,2.05,0,0,0,0
aten::empty,,,8.42,8.42,0,0,0,0
aten::resolve_conj,,,1.09,1.09,0,0,0,0
aten::resolve_neg,,,0.55,0.55,0,0,0,0
aten::arange,,,3.97,13.4,0,0,0,0
aten::empty,,,1.25,1.25,0,0,0,0
aten::arange,,,6.24,8.18,0,0,0,0
aten::resize_,,,1.94,1.94,0,0,0,0
aten::arange,,,2.4,9.21,0,0,0,0
aten::empty,,,2.86,2.86,0,0,0,0
aten::arange,,,3.08,3.95,0,0,0,0
aten::resize_,,,0.87,0.87,0,0,0,0
aten::cat,,,13.28,13.28,0,0,0,0
aten::eq,,,6.96,6.96,0,0,0,0
aten::cumsum,,,5.91,22.7,0,0,0,0
aten::to,,,1.14,16.79,0,0,0,0
aten::_to_copy,,,2.82,15.65,0,0,0,0
aten::empty_strided,,,9.28,9.28,0,0,0,0
aten::copy_,,,3.55,3.55,0,0,0,0
aten::sub,,,4.25,4.25,0,0,0,0
aten::stack,,,3.89,32.03,0,0,0,0
aten::unsqueeze,,,1.93,3.98,0,0,0,0
aten::as_strided,,,2.05,2.05,0,0,0,0
aten::unsqueeze,,,0.97,7.03,0,0,0,0
aten::as_strided,,,6.06,6.06,0,0,0,0
aten::cat,,,10.5,17.13,0,0,0,0
aten::narrow,,,2.79,6.63,0,0,0,0
aten::slice,,,1.91,3.84,0,0,0,0
aten::as_strided,,,1.93,1.93,0,0,0,0
aten::to,,,1.23,9.16,0,0,0,0
aten::_to_copy,,,2.75,7.93,0,0,0,0
aten::empty_strided,,,2.01,2.01,0,0,0,0
aten::copy_,,,3.17,3.17,0,0,0,0
aten::slice,,,2.36,3.57,0,0,0,0
aten::as_strided,,,1.21,1.21,0,0,0,0
aten::slice,,,0.91,1.49,0,0,0,0
aten::as_strided,,,0.58,0.58,0,0,0,0
aten::sub,,,3.86,3.86,0,0,0,0
aten::add,,,5.72,22.29,0,0,0,0
aten::to,,,0.96,16.57,0,0,0,0
aten::_to_copy,,,2.86,15.61,0,0,0,0
aten::empty_strided,,,10.09,10.09,0,0,0,0
aten::copy_,,,2.66,2.66,0,0,0,0
aten::sub,,,4.76,11.01,0,0,0,0
aten::to,,,0.82,6.25,0,0,0,0
aten::_to_copy,,,2.04,5.43,0,0,0,0
aten::empty_strided,,,1.22,1.22,0,0,0,0
aten::copy_,,,2.17,2.17,0,0,0,0
aten::floor_divide,,,6.34,25.02,0,0,0,0
aten::to,,,2.29,12.82,0,0,0,0
aten::_to_copy,,,2.37,10.53,0,0,0,0
aten::empty_strided,,,5.76,5.76,0,0,0,0
aten::copy_,,,2.4,2.4,0,0,0,0
aten::empty,,,5.86,5.86,0,0,0,0
aten::resolve_conj,,,1.04,1.04,0,0,0,0
aten::resolve_neg,,,0.56,0.56,0,0,0,0
aten::arange,,,3.35,18.77,0,0,0,0
aten::empty,,,1.53,1.53,0,0,0,0
aten::arange,,,6.1,13.89,0,0,0,0
aten::resize_,,,7.79,7.79,0,0,0,0
aten::arange,,,2.34,7.5,0,0,0,0
aten::empty,,,1.25,1.25,0,0,0,0
aten::arange,,,2.87,3.91,0,0,0,0
aten::resize_,,,1.04,1.04,0,0,0,0
aten::cat,,,4.9,4.9,0,0,0,0
aten::eq,,,11.49,11.49,0,0,0,0
aten::cumsum,,,6.72,26.03,0,0,0,0
aten::to,,,1.09,19.31,0,0,0,0
aten::_to_copy,,,2.73,18.22,0,0,0,0
aten::empty_strided,,,12.06,12.06,0,0,0,0
aten::copy_,,,3.43,3.43,0,0,0,0
aten::sub,,,4.02,4.02,0,0,0,0
aten::stack,,,3.28,26.17,0,0,0,0
aten::unsqueeze,,,2.27,4.09,0,0,0,0
aten::as_strided,,,1.82,1.82,0,0,0,0
aten::unsqueeze,,,0.92,2.45,0,0,0,0
aten::as_strided,,,1.53,1.53,0,0,0,0
aten::cat,,,9.34,16.35,0,0,0,0
aten::narrow,,,2.57,7.01,0,0,0,0
aten::slice,,,1.84,4.44,0,0,0,0
aten::as_strided,,,2.6,2.6,0,0,0,0
aten::to,,,2.2,10.11,0,0,0,0
aten::_to_copy,,,2.82,7.91,0,0,0,0
aten::empty_strided,,,1.99,1.99,0,0,0,0
aten::copy_,,,3.1,3.1,0,0,0,0
aten::to,,,1.3,8.4,0,0,0,0
aten::_to_copy,,,2.6,7.1,0,0,0,0
aten::empty_strided,,,1.53,1.53,0,0,0,0
aten::copy_,,,2.97,2.97,0,0,0,0
aten::reshape,,,4.55,7.12,0,0,0,0
aten::view,,,2.57,2.57,0,0,0,0
aten::resolve_conj,,,1.07,1.07,0,0,0,0
aten::resolve_neg,,,0.42,0.42,0,0,0,0
aten::empty,,,2.06,2.06,0,0,0,0
aten::to,,,0.62,0.62,0,0,0,0
aten::lift_fresh,,,0.76,0.76,0,0,0,0
aten::detach_,,,0.58,0.58,0,0,0,0
aten::slice,,,2.21,4.06,0,0,0,0
aten::as_strided,,,1.85,1.85,0,0,0,0
aten::slice,,,1.03,1.67,0,0,0,0
aten::as_strided,,,0.64,0.64,0,0,0,0
aten::sub,,,7.71,7.71,0,0,0,0
aten::gt,,,6.58,6.58,0,0,0,0
aten::all,,,12.68,15.16,0,0,0,0
aten::as_strided,,,1.16,1.16,0,0,0,0
aten::fill_,,,1.32,1.32,0,0,0,0
aten::is_nonzero,,,1.65,4.28,0,0,0,0
aten::item,,,1.55,2.63,0,0,0,0
aten::_local_scalar_dense,,,1.08,1.08,0,0,0,0
aten::to,,,1.04,9.81,0,0,0,0
aten::_to_copy,,,2.65,8.77,0,0,0,0
aten::empty_strided,,,2.17,2.17,0,0,0,0
aten::copy_,,,3.95,3.95,0,0,0,0
aten::reshape,,,1.73,3.83,0,0,0,0
aten::view,,,2.1,2.1,0,0,0,0
aten::resolve_conj,,,0.75,0.75,0,0,0,0
aten::resolve_neg,,,0.31,0.31,0,0,0,0
aten::to,,,2.22,192.85,0,0,0,0
aten::_to_copy,,,7.69,190.63,0,0,0,0
aten::empty_strided,,,13.7,38.8,0,0,0,0
empty_tensor,,,25.1,25.1,0,0,0,0
aten::copy_,,,126.4,144.14,0,0,0,0
acl_memcpy_host_to_device,,,17.74,17.74,0,0,0,0
aten::to,,,2.78,121.94,0,0,0,0
aten::_to_copy,,,5.27,119.16,0,0,0,0
aten::empty_strided,,,10.16,15.85,0,0,0,0
empty_tensor,,,5.69,5.69,0,0,0,0
aten::copy_,,,82.92,98.04,0,0,0,0
acl_memcpy_host_to_device,,,15.12,15.12,0,0,0,0
aten::to,,,3.32,105.2,0,0,0,0
aten::_to_copy,,,4.8,101.88,0,0,0,0
aten::empty_strided,,,8.69,13.82,0,0,0,0
empty_tensor,,,5.13,5.13,0,0,0,0
aten::copy_,,,71.03,83.26,0,0,0,0
acl_memcpy_host_to_device,,,12.23,12.23,0,0,0,0
aten::to,,,2.73,97.94,0,0,0,0
aten::_to_copy,,,4.42,95.21,0,0,0,0
aten::empty_strided,,,8.33,13.31,0,0,0,0
empty_tensor,,,4.98,4.98,0,0,0,0
aten::copy_,,,64.55,77.48,0,0,0,0
acl_memcpy_host_to_device,,,12.93,12.93,0,0,0,0
aten::to,,,2.54,90.58,0,0,0,0
aten::_to_copy,,,4.34,88.04,0,0,0,0
aten::empty_strided,,,8.13,13.95,0,0,0,0
empty_tensor,,,5.82,5.82,0,0,0,0
aten::copy_,,,56.08,69.75,0,0,0,0
acl_memcpy_host_to_device,,,13.67,13.67,0,0,0,0
aten::to,,,2.47,86.04,0,0,0,0
aten::_to_copy,,,4.71,83.57,0,0,0,0
aten::empty_strided,,,7.77,12.22,0,0,0,0
empty_tensor,,,4.45,4.45,0,0,0,0
aten::copy_,,,55.39,66.64,0,0,0,0
acl_memcpy_host_to_device,,,11.25,11.25,0,0,0,0
aten::slice,,,8.88,15.3,0,0,0,0
aten::as_strided,,,6.42,6.42,0,0,0,0
aten::slice,,,3.02,5.71,0,0,0,0
aten::as_strided,,,2.69,2.69,0,0,0,0
aten::sub,,,24.55,51.58,0,1.36003125,0,0
empty_tensor,,,11.08,11.08,0,0,0,0
aclnnSub,,,15.95,15.95,1.36003125,1.36003125,0,0
aten::sub,,,16.03,28.61,0,1.26,0,0
empty_tensor,,,7.1,7.1,0,0,0,0
aclnnSub,,,5.48,5.48,1.26,1.26,0,0
aten::gt,,,32.24,49.81,0,4.18009375,0,0
empty_tensor,,,5.48,5.48,0,0,0,0
aclnnGtScalar,,,12.09,12.09,4.18009375,4.18009375,0,0
aten::slice,,,3.46,9.28,0,0,0,0
aten::as_strided,,,5.82,5.82,0,0,0,0
aten::slice,,,6.17,12.24,0,0,0,0
aten::as_strided,,,6.07,6.07,0,0,0,0
aten::slice,,,3.27,6.82,0,0,0,0
aten::as_strided,,,3.55,3.55,0,0,0,0
aten::slice,,,3.03,6.04,0,0,0,0
aten::as_strided,,,3.01,3.01,0,0,0,0
aten::empty_like,,,4.98,20.75,0,0,0,0
aten::empty_strided,,,10.06,15.77,0,0,0,0
empty_tensor,,,5.71,5.71,0,0,0,0
aten::slice,,,2.35,5.35,0,0,0,0
aten::as_strided,,,3.0,3.0,0,0,0,0
aten::slice,,,2.82,5.4,0,0,0,0
aten::as_strided,,,2.58,2.58,0,0,0,0
aten::copy_,,,65.84,88.33,0,0.5,0,0
aclnnInplaceCopy,,,22.49,22.49,0.5,0.5,0,0
aten::slice,,,6.03,9.92,0,0,0,0
aten::as_strided,,,3.89,3.89,0,0,0,0
aten::slice,,,2.81,5.34,0,0,0,0
aten::as_strided,,,2.53,2.53,0,0,0,0
aten::slice,,,1.45,4.08,0,0,0,0
aten::as_strided,,,2.63,2.63,0,0,0,0
aten::sub,,,20.86,36.08,0,1.30003125,0,0
aclnnSub,,,15.22,15.22,1.30003125,1.30003125,0,0
aten::slice,,,7.81,10.84,0,0,0,0
aten::as_strided,,,3.03,3.03,0,0,0,0
aten::slice,,,3.09,7.4,0,0,0,0
aten::as_strided,,,4.31,4.31,0,0,0,0
aten::slice,,,3.06,5.93,0,0,0,0
aten::as_strided,,,2.87,2.87,0,0,0,0
aten::slice,,,2.8,5.75,0,0,0,0
aten::as_strided,,,2.95,2.95,0,0,0,0
aten::slice,,,2.4,4.69,0,0,0,0
aten::as_strided,,,2.29,2.29,0,0,0,0
aten::fill_,,,16.24,31.22,0,0,0,0
aclnnInplaceFillScalar,,,14.98,14.98,0,0,0,0
aten::slice,,,4.47,8.01,0,0,0,0
aten::as_strided,,,3.54,3.54,0,0,0,0
aten::fill_,,,11.61,23.68,0,0,0,0
aclnnInplaceFillScalar,,,12.07,12.07,0,0,0,0
aten::diff,,,7.02,32.97,0,0,0,0
aten::narrow,,,5.62,10.09,0,0,0,0
aten::slice,,,2.57,4.47,0,0,0,0
aten::as_strided,,,1.9,1.9,0,0,0,0
aten::narrow,,,2.32,4.22,0,0,0,0
aten::slice,,,1.12,1.9,0,0,0,0
aten::as_strided,,,0.78,0.78,0,0,0,0
aten::sub,,,11.64,11.64,0,0,0,0
aten::eq,,,11.95,27.26,0,0,0,0
aten::to,,,1.87,15.31,0,0,0,0
aten::_to_copy,,,4.5,13.44,0,0,0,0
aten::empty_strided,,,3.25,3.25,0,0,0,0
aten::copy_,,,5.69,5.69,0,0,0,0
aten::__and__,,,2.12,6.68,0,0,0,0
aten::bitwise_and,,,4.56,4.56,0,0,0,0
aten::gt,,,7.45,16.79,0,0,0,0
aten::to,,,1.08,9.34,0,0,0,0
aten::_to_copy,,,2.91,8.26,0,0,0,0
aten::empty_strided,,,2.63,2.63,0,0,0,0
aten::copy_,,,2.72,2.72,0,0,0,0
aten::__and__,,,1.33,4.14,0,0,0,0
aten::bitwise_and,,,2.81,2.81,0,0,0,0
aten::any,,,8.79,11.16,0,0,0,0
aten::as_strided,,,1.39,1.39,0,0,0,0
aten::fill_,,,0.98,0.98,0,0,0,0
aten::item,,,1.8,3.17,0,0,0,0
aten::_local_scalar_dense,,,1.37,1.37,0,0,0,0
aten::slice,,,4.53,5.95,0,0,0,0
aten::as_strided,,,1.42,1.42,0,0,0,0
aten::slice,,,2.51,3.25,0,0,0,0
aten::as_strided,,,0.74,0.74,0,0,0,0
aten::sub,,,4.88,4.88,0,0,0,0
aten::select,,,2.75,3.82,0,0,0,0
aten::as_strided,,,1.07,1.07,0,0,0,0
aten::item,,,1.43,2.46,0,0,0,0
aten::_local_scalar_dense,,,1.03,1.03,0,0,0,0
aten::gt,,,7.08,15.26,0,0,0,0
aten::to,,,0.91,8.18,0,0,0,0
aten::_to_copy,,,2.66,7.27,0,0,0,0
aten::empty_strided,,,1.79,1.79,0,0,0,0
aten::copy_,,,2.82,2.82,0,0,0,0
aten::__ior__,,,1.92,5.74,0,0,0,0
aten::bitwise_or_,,,3.82,3.82,0,0,0,0
aten::any,,,7.04,9.14,0,0,0,0
aten::as_strided,,,1.31,1.31,0,0,0,0
aten::fill_,,,0.79,0.79,0,0,0,0
aten::is_nonzero,,,1.78,4.19,0,0,0,0
aten::item,,,1.17,2.41,0,0,0,0
aten::_local_scalar_dense,,,1.24,1.24,0,0,0,0
aten::to,,,0.94,8.77,0,0,0,0
aten::_to_copy,,,2.57,7.83,0,0,0,0
aten::empty_strided,,,2.1,2.1,0,0,0,0
aten::copy_,,,3.16,3.16,0,0,0,0
aten::argmax,,,9.04,10.16,0,0,0,0
aten::as_strided,,,1.12,1.12,0,0,0,0
aten::item,,,1.28,3.18,0,0,0,0
aten::_local_scalar_dense,,,1.9,1.9,0,0,0,0
aten::select,,,4.21,5.57,0,0,0,0
aten::as_strided,,,1.36,1.36,0,0,0,0
aten::item,,,0.91,1.62,0,0,0,0
aten::_local_scalar_dense,,,0.71,0.71,0,0,0,0
aten::select,,,2.95,9.78,0,0,0,0
aten::as_strided,,,6.83,6.83,0,0,0,0
aten::slice,,,3.89,6.75,0,0,0,0
aten::as_strided,,,2.86,2.86,0,0,0,0
aten::sub,,,24.6,59.22,0,1.36,0,0
empty_tensor,,,11.27,11.27,0,0,0,0
aten::item,,,1.28,2.01,0,0,0,0
aten::_local_scalar_dense,,,0.73,0.73,0,0,0,0
aclnnSubs,,,21.34,21.34,1.36,1.36,0,0
aten::slice,,,5.04,6.85,0,0,0,0
aten::as_strided,,,1.81,1.81,0,0,0,0
aten::sub,,,8.47,21.09,0,0,0,0
aten::to,,,1.42,12.62,0,0,0,0
aten::_to_copy,,,3.3,11.2,0,0,0,0
aten::empty_strided,,,3.26,3.26,0,0,0,0
aten::copy_,,,4.64,4.64,0,0,0,0
aten::slice,,,3.78,7.99,0,0,0,0
aten::as_strided,,,4.21,4.21,0,0,0,0
aten::slice,,,2.23,3.74,0,0,0,0
aten::as_strided,,,1.51,1.51,0,0,0,0
aten::slice,,,1.24,2.01,0,0,0,0
aten::as_strided,,,0.77,0.77,0,0,0,0
aten::sub,,,4.98,4.98,0,0,0,0
aten::add,,,5.89,14.99,0,0,0,0
aten::to,,,0.94,9.1,0,0,0,0
aten::_to_copy,,,2.88,8.16,0,0,0,0
aten::empty_strided,,,2.02,2.02,0,0,0,0
aten::copy_,,,3.26,3.26,0,0,0,0
aten::sub,,,4.22,10.51,0,0,0,0
aten::to,,,0.86,6.29,0,0,0,0
aten::_to_copy,,,1.96,5.43,0,0,0,0
aten::empty_strided,,,1.38,1.38,0,0,0,0
aten::copy_,,,2.09,2.09,0,0,0,0
aten::floor_divide,,,6.86,16.3,0,0,0,0
aten::to,,,1.01,7.69,0,0,0,0
aten::_to_copy,,,2.36,6.68,0,0,0,0
aten::empty_strided,,,2.1,2.1,0,0,0,0
aten::copy_,,,2.22,2.22,0,0,0,0
aten::empty,,,1.75,1.75,0,0,0,0
aten::resolve_conj,,,1.13,1.13,0,0,0,0
aten::resolve_neg,,,0.72,0.72,0,0,0,0
aten::arange,,,4.4,14.48,0,0,0,0
aten::empty,,,1.34,1.34,0,0,0,0
aten::arange,,,6.61,8.74,0,0,0,0
aten::resize_,,,2.13,2.13,0,0,0,0
aten::arange,,,2.36,7.72,0,0,0,0
aten::empty,,,1.13,1.13,0,0,0,0
aten::arange,,,3.23,4.23,0,0,0,0
aten::resize_,,,1.0,1.0,0,0,0,0
aten::cat,,,6.08,6.08,0,0,0,0
aten::eq,,,6.58,6.58,0,0,0,0
aten::cumsum,,,6.68,15.13,0,0,0,0
aten::to,,,0.86,8.45,0,0,0,0
aten::_to_copy,,,2.8,7.59,0,0,0,0
aten::empty_strided,,,1.77,1.77,0,0,0,0
aten::copy_,,,3.02,3.02,0,0,0,0
aten::sub,,,3.72,3.72,0,0,0,0
aten::stack,,,3.12,24.05,0,0,0,0
aten::unsqueeze,,,2.11,4.45,0,0,0,0
aten::as_strided,,,2.34,2.34,0,0,0,0
aten::unsqueeze,,,0.85,1.6,0,0,0,0
aten::as_strided,,,0.75,0.75,0,0,0,0
aten::cat,,,8.65,14.88,0,0,0,0
aten::narrow,,,2.83,6.23,0,0,0,0
aten::slice,,,1.87,3.4,0,0,0,0
aten::as_strided,,,1.53,1.53,0,0,0,0
aten::to,,,1.8,9.34,0,0,0,0
aten::_to_copy,,,2.55,7.54,0,0,0,0
aten::empty_strided,,,2.06,2.06,0,0,0,0
aten::copy_,,,2.93,2.93,0,0,0,0
aten::empty,,,2.26,2.26,0,0,0,0
aten::to,,,0.74,0.74,0,0,0,0
aten::lift_fresh,,,0.67,0.67,0,0,0,0
aten::detach_,,,0.61,0.61,0,0,0,0
aten::slice,,,1.74,3.23,0,0,0,0
aten::as_strided,,,1.49,1.49,0,0,0,0
aten::slice,,,1.12,1.8,0,0,0,0
aten::as_strided,,,0.68,0.68,0,0,0,0
aten::sub,,,4.0,4.0,0,0,0,0
aten::add,,,4.68,12.57,0,0,0,0
aten::to,,,1.25,7.89,0,0,0,0
aten::_to_copy,,,2.16,6.64,0,0,0,0
aten::empty_strided,,,1.94,1.94,0,0,0,0
aten::copy_,,,2.54,2.54,0,0,0,0
aten::sub,,,3.99,10.05,0,0,0,0
aten::to,,,0.83,6.06,0,0,0,0
aten::_to_copy,,,1.97,5.23,0,0,0,0
aten::empty_strided,,,1.28,1.28,0,0,0,0
aten::copy_,,,1.98,1.98,0,0,0,0
aten::floor_divide,,,5.67,13.48,0,0,0,0
aten::to,,,0.79,6.42,0,0,0,0
aten::_to_copy,,,2.12,5.63,0,0,0,0
aten::empty_strided,,,1.38,1.38,0,0,0,0
aten::copy_,,,2.13,2.13,0,0,0,0
aten::empty,,,1.39,1.39,0,0,0,0
aten::cat,,,4.23,4.23,0,0,0,0
aten::cumsum,,,5.25,12.6,0,0,0,0
aten::to,,,0.86,7.35,0,0,0,0
aten::_to_copy,,,2.13,6.49,0,0,0,0
aten::empty_strided,,,1.54,1.54,0,0,0,0
aten::copy_,,,2.82,2.82,0,0,0,0
aten::empty,,,2.0,2.0,0,0,0,0
aten::to,,,0.72,0.72,0,0,0,0
aten::lift_fresh,,,0.72,0.72,0,0,0,0
aten::detach_,,,0.43,0.43,0,0,0,0
aten::slice,,,1.86,3.25,0,0,0,0
aten::as_strided,,,1.39,1.39,0,0,0,0
aten::slice,,,1.13,2.11,0,0,0,0
aten::as_strided,,,0.98,0.98,0,0,0,0
aten::sub,,,3.97,3.97,0,0,0,0
aten::add,,,23.63,31.13,0,0,0,0
aten::to,,,0.77,7.5,0,0,0,0
aten::_to_copy,,,2.25,6.73,0,0,0,0
aten::empty_strided,,,1.78,1.78,0,0,0,0
aten::copy_,,,2.7,2.7,0,0,0,0
aten::sub,,,4.46,12.22,0,0,0,0
aten::to,,,0.96,7.76,0,0,0,0
aten::_to_copy,,,2.54,6.8,0,0,0,0
aten::empty_strided,,,1.76,1.76,0,0,0,0
aten::copy_,,,2.5,2.5,0,0,0,0
aten::floor_divide,,,5.22,13.49,0,0,0,0
aten::to,,,0.83,7.06,0,0,0,0
aten::_to_copy,,,2.46,6.23,0,0,0,0
aten::empty_strided,,,1.49,1.49,0,0,0,0
aten::copy_,,,2.28,2.28,0,0,0,0
aten::empty,,,1.21,1.21,0,0,0,0
aten::add,,,4.22,11.15,0,0,0,0
aten::to,,,0.71,6.93,0,0,0,0
aten::_to_copy,,,2.25,6.22,0,0,0,0
aten::empty_strided,,,1.62,1.62,0,0,0,0
aten::copy_,,,2.35,2.35,0,0,0,0
aten::cat,,,4.36,4.36,0,0,0,0
aten::cumsum,,,5.27,12.99,0,0,0,0
aten::to,,,0.83,7.72,0,0,0,0
aten::_to_copy,,,2.35,6.89,0,0,0,0
aten::empty_strided,,,1.7,1.7,0,0,0,0
aten::copy_,,,2.84,2.84,0,0,0,0
aten::slice,,,1.86,3.14,0,0,0,0
aten::as_strided,,,1.28,1.28,0,0,0,0
aten::slice,,,1.15,1.8,0,0,0,0
aten::as_strided,,,0.65,0.65,0,0,0,0
aten::sub,,,3.55,3.55,0,0,0,0
aten::add,,,4.05,10.92,0,0,0,0
aten::to,,,0.78,6.87,0,0,0,0
aten::_to_copy,,,2.18,6.09,0,0,0,0
aten::empty_strided,,,1.67,1.67,0,0,0,0
aten::copy_,,,2.24,2.24,0,0,0,0
aten::sub,,,4.0,9.71,0,0,0,0
aten::to,,,0.81,5.71,0,0,0,0
aten::_to_copy,,,1.86,4.9,0,0,0,0
aten::empty_strided,,,1.17,1.17,0,0,0,0
aten::copy_,,,1.87,1.87,0,0,0,0
aten::floor_divide,,,4.92,12.78,0,0,0,0
aten::to,,,0.96,6.59,0,0,0,0
aten::_to_copy,,,1.94,5.63,0,0,0,0
aten::empty_strided,,,1.51,1.51,0,0,0,0
aten::copy_,,,2.18,2.18,0,0,0,0
aten::empty,,,1.27,1.27,0,0,0,0
aten::add,,,3.86,9.78,0,0,0,0
aten::to,,,0.72,5.92,0,0,0,0
aten::_to_copy,,,1.94,5.2,0,0,0,0
aten::empty_strided,,,1.38,1.38,0,0,0,0
aten::copy_,,,1.88,1.88,0,0,0,0
aten::cumsum,,,4.23,10.92,0,0,0,0
aten::to,,,0.75,6.69,0,0,0,0
aten::_to_copy,,,2.12,5.94,0,0,0,0
aten::empty_strided,,,1.36,1.36,0,0,0,0
aten::copy_,,,2.46,2.46,0,0,0,0
aten::sub,,,2.84,2.84,0,0,0,0
aten::slice,,,1.8,2.92,0,0,0,0
aten::as_strided,,,1.12,1.12,0,0,0,0
aten::slice,,,1.03,1.72,0,0,0,0
aten::as_strided,,,0.69,0.69,0,0,0,0
aten::sub,,,2.99,2.99,0,0,0,0
aten::add,,,4.03,10.42,0,0,0,0
aten::to,,,0.84,6.39,0,0,0,0
aten::_to_copy,,,1.99,5.55,0,0,0,0
aten::empty_strided,,,1.44,1.44,0,0,0,0
aten::copy_,,,2.12,2.12,0,0,0,0
aten::sub,,,3.87,9.51,0,0,0,0
aten::to,,,0.74,5.64,0,0,0,0
aten::_to_copy,,,1.97,4.9,0,0,0,0
aten::empty_strided,,,1.19,1.19,0,0,0,0
aten::copy_,,,1.74,1.74,0,0,0,0
aten::floor_divide,,,4.44,11.86,0,0,0,0
aten::to,,,0.79,6.1,0,0,0,0
aten::_to_copy,,,1.84,5.31,0,0,0,0
aten::empty_strided,,,1.48,1.48,0,0,0,0
aten::copy_,,,1.99,1.99,0,0,0,0
aten::empty,,,1.32,1.32,0,0,0,0
aten::resolve_conj,,,0.86,0.86,0,0,0,0
aten::resolve_neg,,,0.54,0.54,0,0,0,0
aten::arange,,,3.59,13.1,0,0,0,0
aten::empty,,,1.63,1.63,0,0,0,0
aten::arange,,,5.98,7.88,0,0,0,0
aten::resize_,,,1.9,1.9,0,0,0,0
aten::arange,,,2.41,7.48,0,0,0,0
aten::empty,,,1.05,1.05,0,0,0,0
aten::arange,,,3.09,4.02,0,0,0,0
aten::resize_,,,0.93,0.93,0,0,0,0
aten::cat,,,4.15,4.15,0,0,0,0
aten::eq,,,6.06,6.06,0,0,0,0
aten::cumsum,,,5.12,12.98,0,0,0,0
aten::to,,,1.01,7.86,0,0,0,0
aten::_to_copy,,,2.37,6.85,0,0,0,0
aten::empty_strided,,,1.84,1.84,0,0,0,0
aten::copy_,,,2.64,2.64,0,0,0,0
aten::sub,,,3.41,3.41,0,0,0,0
aten::stack,,,3.1,21.23,0,0,0,0
aten::unsqueeze,,,1.76,3.37,0,0,0,0
aten::as_strided,,,1.61,1.61,0,0,0,0
aten::unsqueeze,,,0.78,1.32,0,0,0,0
aten::as_strided,,,0.54,0.54,0,0,0,0
aten::cat,,,7.83,13.44,0,0,0,0
aten::narrow,,,2.32,5.61,0,0,0,0
aten::slice,,,1.55,3.29,0,0,0,0
aten::as_strided,,,1.74,1.74,0,0,0,0
aten::to,,,1.46,8.12,0,0,0,0
aten::_to_copy,,,2.17,6.66,0,0,0,0
aten::empty_strided,,,1.75,1.75,0,0,0,0
aten::copy_,,,2.74,2.74,0,0,0,0
aten::slice,,,1.59,2.65,0,0,0,0
aten::as_strided,,,1.06,1.06,0,0,0,0
aten::slice,,,1.06,1.73,0,0,0,0
aten::as_strided,,,0.67,0.67,0,0,0,0
aten::sub,,,3.44,3.44,0,0,0,0
aten::add,,,4.5,11.93,0,0,0,0
aten::to,,,1.05,7.43,0,0,0,0
aten::_to_copy,,,2.29,6.38,0,0,0,0
aten::empty_strided,,,1.67,1.67,0,0,0,0
aten::copy_,,,2.42,2.42,0,0,0,0
aten::sub,,,4.06,9.61,0,0,0,0
aten::to,,,0.72,5.55,0,0,0,0
aten::_to_copy,,,1.82,4.83,0,0,0,0
aten::empty_strided,,,1.22,1.22,0,0,0,0
aten::copy_,,,1.79,1.79,0,0,0,0
aten::floor_divide,,,5.46,14.36,0,0,0,0
aten::to,,,0.74,7.42,0,0,0,0
aten::_to_copy,,,2.3,6.68,0,0,0,0
aten::empty_strided,,,2.25,2.25,0,0,0,0
aten::copy_,,,2.13,2.13,0,0,0,0
aten::empty,,,1.48,1.48,0,0,0,0
aten::resolve_conj,,,0.98,0.98,0,0,0,0
aten::resolve_neg,,,0.46,0.46,0,0,0,0
aten::arange,,,2.98,10.71,0,0,0,0
aten::empty,,,1.19,1.19,0,0,0,0
aten::arange,,,5.18,6.54,0,0,0,0
aten::resize_,,,1.36,1.36,0,0,0,0
aten::arange,,,2.15,7.12,0,0,0,0
aten::empty,,,1.09,1.09,0,0,0,0
aten::arange,,,2.86,3.88,0,0,0,0
aten::resize_,,,1.02,1.02,0,0,0,0
aten::cat,,,25.77,25.77,0,0,0,0
aten::eq,,,6.64,6.64,0,0,0,0
aten::cumsum,,,5.74,15.0,0,0,0,0
aten::to,,,0.93,9.26,0,0,0,0
aten::_to_copy,,,2.62,8.33,0,0,0,0
aten::empty_strided,,,2.53,2.53,0,0,0,0
aten::copy_,,,3.18,3.18,0,0,0,0
aten::sub,,,3.75,3.75,0,0,0,0
aten::stack,,,3.44,29.33,0,0,0,0
aten::unsqueeze,,,2.21,9.21,0,0,0,0
aten::as_strided,,,7.0,7.0,0,0,0,0
aten::unsqueeze,,,1.16,2.0,0,0,0,0
aten::as_strided,,,0.84,0.84,0,0,0,0
aten::cat,,,8.44,14.68,0,0,0,0
aten::narrow,,,2.68,6.24,0,0,0,0
aten::slice,,,1.93,3.56,0,0,0,0
aten::as_strided,,,1.63,1.63,0,0,0,0
aten::to,,,1.23,9.04,0,0,0,0
aten::_to_copy,,,2.7,7.81,0,0,0,0
aten::empty_strided,,,2.06,2.06,0,0,0,0
aten::copy_,,,3.05,3.05,0,0,0,0
aten::to,,,4.78,15.21,0,0,0,0
aten::_to_copy,,,2.98,10.43,0,0,0,0
aten::empty_strided,,,4.19,4.19,0,0,0,0
aten::copy_,,,3.26,3.26,0,0,0,0
aten::reshape,,,1.89,5.32,0,0,0,0
aten::view,,,3.43,3.43,0,0,0,0
aten::resolve_conj,,,1.04,1.04,0,0,0,0
aten::resolve_neg,,,0.43,0.43,0,0,0,0
aten::empty,,,2.47,2.47,0,0,0,0
aten::to,,,0.75,0.75,0,0,0,0
aten::lift_fresh,,,0.85,0.85,0,0,0,0
aten::detach_,,,1.38,1.38,0,0,0,0
aten::slice,,,2.18,5.74,0,0,0,0
aten::as_strided,,,3.56,3.56,0,0,0,0
aten::slice,,,1.58,14.82,0,0,0,0
aten::as_strided,,,13.24,13.24,0,0,0,0
aten::sub,,,7.55,7.55,0,0,0,0
aten::gt,,,10.76,10.76,0,0,0,0
aten::all,,,13.16,19.77,0,0,0,0
aten::as_strided,,,5.7,5.7,0,0,0,0
aten::fill_,,,0.91,0.91,0,0,0,0
aten::is_nonzero,,,1.76,4.66,0,0,0,0
aten::item,,,1.78,2.9,0,0,0,0
aten::_local_scalar_dense,,,1.12,1.12,0,0,0,0
aten::to,,,1.19,11.86,0,0,0,0
aten::_to_copy,,,3.31,10.67,0,0,0,0
aten::empty_strided,,,2.82,2.82,0,0,0,0
aten::copy_,,,4.54,4.54,0,0,0,0
aten::reshape,,,1.55,3.21,0,0,0,0
aten::view,,,1.66,1.66,0,0,0,0
aten::resolve_conj,,,1.01,1.01,0,0,0,0
aten::resolve_neg,,,0.43,0.43,0,0,0,0
aten::to,,,2.4,185.69,0,0,0,0
aten::_to_copy,,,17.06,183.29,0,0,0,0
aten::empty_strided,,,22.96,32.59,0,0,0,0
empty_tensor,,,9.63,9.63,0,0,0,0
aten::copy_,,,118.83,133.64,0,0,0,0
acl_memcpy_host_to_device,,,14.81,14.81,0,0,0,0
aten::to,,,2.95,128.23,0,0,0,0
aten::_to_copy,,,5.9,125.28,0,0,0,0
aten::empty_strided,,,23.31,28.82,0,0,0,0
empty_tensor,,,5.51,5.51,0,0,0,0
aten::copy_,,,77.96,90.56,0,0,0,0
acl_memcpy_host_to_device,,,12.6,12.6,0,0,0,0
aten::to,,,2.8,303.92,0,0,0,0
aten::_to_copy,,,6.81,301.12,0,0,0,0
aten::empty_strided,,,10.68,16.75,0,0,0,0
empty_tensor,,,6.07,6.07,0,0,0,0
aten::copy_,,,261.32,277.56,0,0,0,0
acl_memcpy_host_to_device,,,16.24,16.24,0,0,0,0
aten::to,,,3.41,119.08,0,0,0,0
aten::_to_copy,,,7.26,115.67,0,0,0,0
aten::empty_strided,,,11.8,28.96,0,0,0,0
empty_tensor,,,17.16,17.16,0,0,0,0
aten::copy_,,,64.54,79.45,0,0,0,0
acl_memcpy_host_to_device,,,14.91,14.91,0,0,0,0
aten::to,,,2.74,92.44,0,0,0,0
aten::_to_copy,,,5.56,89.7,0,0,0,0
aten::empty_strided,,,9.19,16.83,0,0,0,0
empty_tensor,,,7.64,7.64,0,0,0,0
aten::copy_,,,55.71,67.31,0,0,0,0
acl_memcpy_host_to_device,,,11.6,11.6,0,0,0,0
aten::to,,,2.62,84.87,0,0,0,0
aten::_to_copy,,,4.87,82.25,0,0,0,0
aten::empty_strided,,,8.2,13.43,0,0,0,0
empty_tensor,,,5.23,5.23,0,0,0,0
aten::copy_,,,52.89,63.95,0,0,0,0
acl_memcpy_host_to_device,,,11.06,11.06,0,0,0,0
aten::slice,,,9.09,15.87,0,0,0,0
aten::as_strided,,,6.78,6.78,0,0,0,0
aten::slice,,,2.82,5.52,0,0,0,0
aten::as_strided,,,2.7,2.7,0,0,0,0
aten::sub,,,24.86,50.86,0,1.36003125,0,0
empty_tensor,,,9.31,9.31,0,0,0,0
aclnnSub,,,16.69,16.69,1.36003125,1.36003125,0,0
aten::sub,,,15.85,26.95,0,1.32003125,0,0
empty_tensor,,,7.56,7.56,0,0,0,0
aclnnSub,,,3.54,3.54,1.32003125,1.32003125,0,0
aten::gt,,,15.44,24.81,0,3.3600624999999997,0,0
empty_tensor,,,5.29,5.29,0,0,0,0
aclnnGtScalar,,,4.08,4.08,3.3600624999999997,3.3600624999999997,0,0
aten::slice,,,2.34,6.32,0,0,0,0
aten::as_strided,,,3.98,3.98,0,0,0,0
aten::slice,,,5.93,9.96,0,0,0,0
aten::as_strided,,,4.03,4.03,0,0,0,0
aten::slice,,,3.38,6.65,0,0,0,0
aten::as_strided,,,3.27,3.27,0,0,0,0
aten::slice,,,2.86,5.52,0,0,0,0
aten::as_strided,,,2.66,2.66,0,0,0,0
aten::empty_like,,,4.37,16.78,0,0,0,0
aten::empty_strided,,,7.89,12.41,0,0,0,0
empty_tensor,,,4.52,4.52,0,0,0,0
aten::slice,,,1.47,4.21,0,0,0,0
aten::as_strided,,,2.74,2.74,0,0,0,0
aten::slice,,,2.66,5.86,0,0,0,0
aten::as_strided,,,3.2,3.2,0,0,0,0
aten::copy_,,,64.42,82.0,0,0.52,0,0
aclnnInplaceCopy,,,17.58,17.58,0.52,0.52,0,0
aten::slice,,,5.73,10.18,0,0,0,0
aten::as_strided,,,4.45,4.45,0,0,0,0
aten::slice,,,2.62,4.99,0,0,0,0
aten::as_strided,,,2.37,2.37,0,0,0,0
aten::slice,,,1.12,3.28,0,0,0,0
aten::as_strided,,,2.16,2.16,0,0,0,0
aten::sub,,,18.52,32.54,0,1.32003125,0,0
aclnnSub,,,14.02,14.02,1.32003125,1.32003125,0,0
aten::slice,,,7.02,10.49,0,0,0,0
aten::as_strided,,,3.47,3.47,0,0,0,0
aten::slice,,,2.64,6.43,0,0,0,0
aten::as_strided,,,3.79,3.79,0,0,0,0
aten::slice,,,2.77,5.28,0,0,0,0
aten::as_strided,,,2.51,2.51,0,0,0,0
aten::slice,,,2.28,4.63,0,0,0,0
aten::as_strided,,,2.35,2.35,0,0,0,0
aten::slice,,,2.19,4.37,0,0,0,0
aten::as_strided,,,2.18,2.18,0,0,0,0
aten::fill_,,,16.11,31.43,0,0,0,0
aclnnInplaceFillScalar,,,15.32,15.32,0,0,0,0
aten::slice,,,4.98,9.0,0,0,0,0
aten::as_strided,,,4.02,4.02,0,0,0,0
aten::fill_,,,11.84,23.1,0,0,0,0
aclnnInplaceFillScalar,,,11.26,11.26,0,0,0,0
aten::diff,,,6.94,35.07,0,0,0,0
aten::narrow,,,5.79,11.48,0,0,0,0
aten::slice,,,2.61,5.69,0,0,0,0
aten::as_strided,,,3.08,3.08,0,0,0,0
aten::narrow,,,2.08,4.56,0,0,0,0
aten::slice,,,1.28,2.48,0,0,0,0
aten::as_strided,,,1.2,1.2,0,0,0,0
aten::sub,,,12.09,12.09,0,0,0,0
aten::eq,,,12.32,26.91,0,0,0,0
aten::to,,,1.77,14.59,0,0,0,0
aten::_to_copy,,,4.41,12.82,0,0,0,0
aten::empty_strided,,,2.9,2.9,0,0,0,0
aten::copy_,,,5.51,5.51,0,0,0,0
aten::__and__,,,2.18,6.26,0,0,0,0
aten::bitwise_and,,,4.08,4.08,0,0,0,0
aten::gt,,,7.11,14.47,0,0,0,0
aten::to,,,0.99,7.36,0,0,0,0
aten::_to_copy,,,2.04,6.37,0,0,0,0
aten::empty_strided,,,1.59,1.59,0,0,0,0
aten::copy_,,,2.74,2.74,0,0,0,0
aten::__and__,,,1.11,4.14,0,0,0,0
aten::bitwise_and,,,3.03,3.03,0,0,0,0
aten::any,,,8.72,11.72,0,0,0,0
aten::as_strided,,,1.83,1.83,0,0,0,0
aten::fill_,,,1.17,1.17,0,0,0,0
aten::item,,,1.82,3.02,0,0,0,0
aten::_local_scalar_dense,,,1.2,1.2,0,0,0,0
aten::slice,,,4.36,5.96,0,0,0,0
aten::as_strided,,,1.6,1.6,0,0,0,0
aten::slice,,,2.46,3.28,0,0,0,0
aten::as_strided,,,0.82,0.82,0,0,0,0
aten::sub,,,4.76,4.76,0,0,0,0
aten::select,,,3.21,4.98,0,0,0,0
aten::as_strided,,,1.77,1.77,0,0,0,0
aten::item,,,1.08,2.37,0,0,0,0
aten::_local_scalar_dense,,,1.29,1.29,0,0,0,0
aten::gt,,,7.2,16.02,0,0,0,0
aten::to,,,0.95,8.82,0,0,0,0
aten::_to_copy,,,2.93,7.87,0,0,0,0
aten::empty_strided,,,1.9,1.9,0,0,0,0
aten::copy_,,,3.04,3.04,0,0,0,0
aten::__ior__,,,1.79,5.63,0,0,0,0
aten::bitwise_or_,,,3.84,3.84,0,0,0,0
aten::any,,,7.18,9.17,0,0,0,0
aten::as_strided,,,1.27,1.27,0,0,0,0
aten::fill_,,,0.72,0.72,0,0,0,0
aten::is_nonzero,,,1.38,3.38,0,0,0,0
aten::item,,,1.31,2.0,0,0,0,0
aten::_local_scalar_dense,,,0.69,0.69,0,0,0,0
aten::to,,,0.86,8.36,0,0,0,0
aten::_to_copy,,,2.45,7.5,0,0,0,0
aten::empty_strided,,,1.99,1.99,0,0,0,0
aten::copy_,,,3.06,3.06,0,0,0,0
aten::argmax,,,9.07,10.13,0,0,0,0
aten::as_strided,,,1.06,1.06,0,0,0,0
aten::item,,,1.02,2.57,0,0,0,0
aten::_local_scalar_dense,,,1.55,1.55,0,0,0,0
aten::select,,,3.71,5.5,0,0,0,0
aten::as_strided,,,1.79,1.79,0,0,0,0
aten::item,,,1.02,1.77,0,0,0,0
aten::_local_scalar_dense,,,0.75,0.75,0,0,0,0
aten::select,,,3.04,9.77,0,0,0,0
aten::as_strided,,,6.73,6.73,0,0,0,0
aten::slice,,,3.67,6.68,0,0,0,0
aten::as_strided,,,3.01,3.01,0,0,0,0
aten::sub,,,24.76,57.75,0,1.28003125,0,0
empty_tensor,,,11.52,11.52,0,0,0,0
aten::item,,,1.31,2.45,0,0,0,0
aten::_local_scalar_dense,,,1.14,1.14,0,0,0,0
aclnnSubs,,,19.02,19.02,1.28003125,1.28003125,0,0
aten::slice,,,5.01,6.75,0,0,0,0
aten::as_strided,,,1.74,1.74,0,0,0,0
aten::sub,,,8.77,21.35,0,0,0,0
aten::to,,,1.51,12.58,0,0,0,0
aten::_to_copy,,,3.76,11.07,0,0,0,0
aten::empty_strided,,,2.74,2.74,0,0,0,0
aten::copy_,,,4.57,4.57,0,0,0,0
aten::slice,,,3.51,8.48,0,0,0,0
aten::as_strided,,,4.97,4.97,0,0,0,0
aten::slice,,,2.37,3.99,0,0,0,0
aten::as_strided,,,1.62,1.62,0,0,0,0
aten::slice,,,1.44,2.23,0,0,0,0
aten::as_strided,,,0.79,0.79,0,0,0,0
aten::sub,,,5.26,5.26,0,0,0,0
aten::add,,,5.6,15.41,0,0,0,0
aten::to,,,1.28,9.81,0,0,0,0
aten::_to_copy,,,2.89,8.53,0,0,0,0
aten::empty_strided,,,2.37,2.37,0,0,0,0
aten::copy_,,,3.27,3.27,0,0,0,0
aten::sub,,,4.13,10.65,0,0,0,0
aten::to,,,0.84,6.52,0,0,0,0
aten::_to_copy,,,2.14,5.68,0,0,0,0
aten::empty_strided,,,1.42,1.42,0,0,0,0
aten::copy_,,,2.12,2.12,0,0,0,0
aten::floor_divide,,,6.61,15.37,0,0,0,0
aten::to,,,0.82,6.68,0,0,0,0
aten::_to_copy,,,2.18,5.86,0,0,0,0
aten::empty_strided,,,1.29,1.29,0,0,0,0
aten::copy_,,,2.39,2.39,0,0,0,0
aten::empty,,,2.08,2.08,0,0,0,0
aten::resolve_conj,,,1.08,1.08,0,0,0,0
aten::resolve_neg,,,0.58,0.58,0,0,0,0
aten::arange,,,4.04,14.95,0,0,0,0
aten::empty,,,1.58,1.58,0,0,0,0
aten::arange,,,6.99,9.33,0,0,0,0
aten::resize_,,,2.34,2.34,0,0,0,0
aten::arange,,,2.31,7.41,0,0,0,0
aten::empty,,,1.04,1.04,0,0,0,0
aten::arange,,,3.07,4.06,0,0,0,0
aten::resize_,,,0.99,0.99,0,0,0,0
aten::cat,,,5.87,5.87,0,0,0,0
aten::eq,,,6.62,6.62,0,0,0,0
aten::cumsum,,,6.65,15.35,0,0,0,0
aten::to,,,0.9,8.7,0,0,0,0
aten::_to_copy,,,2.77,7.8,0,0,0,0
aten::empty_strided,,,1.74,1.74,0,0,0,0
aten::copy_,,,3.29,3.29,0,0,0,0
aten::sub,,,3.86,3.86,0,0,0,0
aten::stack,,,3.36,23.47,0,0,0,0
aten::unsqueeze,,,2.01,4.1,0,0,0,0
aten::as_strided,,,2.09,2.09,0,0,0,0
aten::unsqueeze,,,0.84,1.96,0,0,0,0
aten::as_strided,,,1.12,1.12,0,0,0,0
aten::cat,,,8.04,14.05,0,0,0,0
aten::narrow,,,2.56,6.01,0,0,0,0
aten::slice,,,1.63,3.45,0,0,0,0
aten::as_strided,,,1.82,1.82,0,0,0,0
aten::to,,,1.17,8.36,0,0,0,0
aten::_to_copy,,,2.29,7.19,0,0,0,0
aten::empty_strided,,,2.04,2.04,0,0,0,0
aten::copy_,,,2.86,2.86,0,0,0,0
aten::empty,,,2.22,2.22,0,0,0,0
aten::to,,,0.91,0.91,0,0,0,0
aten::lift_fresh,,,0.84,0.84,0,0,0,0
aten::detach_,,,0.55,0.55,0,0,0,0
aten::slice,,,1.94,2.94,0,0,0,0
aten::as_strided,,,1.0,1.0,0,0,0,0
aten::slice,,,1.13,1.9,0,0,0,0
aten::as_strided,,,0.77,0.77,0,0,0,0
aten::sub,,,4.33,4.33,0,0,0,0
aten::add,,,5.18,12.77,0,0,0,0
aten::to,,,1.07,7.59,0,0,0,0
aten::_to_copy,,,2.21,6.52,0,0,0,0
aten::empty_strided,,,1.57,1.57,0,0,0,0
aten::copy_,,,2.74,2.74,0,0,0,0
aten::sub,,,4.18,10.38,0,0,0,0
aten::to,,,0.78,6.2,0,0,0,0
aten::_to_copy,,,2.12,5.42,0,0,0,0
aten::empty_strided,,,1.31,1.31,0,0,0,0
aten::copy_,,,1.99,1.99,0,0,0,0
aten::floor_divide,,,5.81,13.94,0,0,0,0
aten::to,,,0.77,6.86,0,0,0,0
aten::_to_copy,,,2.17,6.09,0,0,0,0
aten::empty_strided,,,1.65,1.65,0,0,0,0
aten::copy_,,,2.27,2.27,0,0,0,0
aten::empty,,,1.27,1.27,0,0,0,0
aten::cat,,,3.96,3.96,0,0,0,0
aten::cumsum,,,5.31,12.69,0,0,0,0
aten::to,,,0.76,7.38,0,0,0,0
aten::_to_copy,,,2.18,6.62,0,0,0,0
aten::empty_strided,,,1.47,1.47,0,0,0,0
aten::copy_,,,2.97,2.97,0,0,0,0
aten::empty,,,1.96,1.96,0,0,0,0
aten::to,,,1.05,1.05,0,0,0,0
aten::lift_fresh,,,0.67,0.67,0,0,0,0
aten::detach_,,,0.41,0.41,0,0,0,0
aten::slice,,,1.54,2.85,0,0,0,0
aten::as_strided,,,1.31,1.31,0,0,0,0
aten::slice,,,0.93,1.66,0,0,0,0
aten::as_strided,,,0.73,0.73,0,0,0,0
aten::sub,,,3.92,3.92,0,0,0,0
aten::add,,,5.09,12.09,0,0,0,0
aten::to,,,0.83,7.0,0,0,0,0
aten::_to_copy,,,2.27,6.17,0,0,0,0
aten::empty_strided,,,1.48,1.48,0,0,0,0
aten::copy_,,,2.42,2.42,0,0,0,0
aten::sub,,,4.19,10.19,0,0,0,0
aten::to,,,0.84,6.0,0,0,0,0
aten::_to_copy,,,2.06,5.16,0,0,0,0
aten::empty_strided,,,1.2,1.2,0,0,0,0
aten::copy_,,,1.9,1.9,0,0,0,0
aten::floor_divide,,,5.35,13.4,0,0,0,0
aten::to,,,0.84,6.71,0,0,0,0
aten::_to_copy,,,2.09,5.87,0,0,0,0
aten::empty_strided,,,1.55,1.55,0,0,0,0
aten::copy_,,,2.23,2.23,0,0,0,0
aten::empty,,,1.34,1.34,0,0,0,0
aten::add,,,4.03,10.31,0,0,0,0
aten::to,,,0.8,6.28,0,0,0,0
aten::_to_copy,,,2.19,5.48,0,0,0,0
aten::empty_strided,,,1.36,1.36,0,0,0,0
aten::copy_,,,1.93,1.93,0,0,0,0
aten::cat,,,21.7,21.7,0,0,0,0
aten::cumsum,,,5.74,14.81,0,0,0,0
aten::to,,,1.01,9.07,0,0,0,0
aten::_to_copy,,,2.73,8.06,0,0,0,0
aten::empty_strided,,,2.02,2.02,0,0,0,0
aten::copy_,,,3.31,3.31,0,0,0,0
aten::slice,,,2.03,5.64,0,0,0,0
aten::as_strided,,,3.61,3.61,0,0,0,0
aten::slice,,,1.21,1.82,0,0,0,0
aten::as_strided,,,0.61,0.61,0,0,0,0
aten::sub,,,3.39,3.39,0,0,0,0
aten::add,,,4.71,20.51,0,0,0,0
aten::to,,,0.92,15.8,0,0,0,0
aten::_to_copy,,,2.67,14.88,0,0,0,0
aten::empty_strided,,,8.63,8.63,0,0,0,0
aten::copy_,,,3.58,3.58,0,0,0,0
aten::sub,,,3.94,9.66,0,0,0,0
aten::to,,,0.8,5.72,0,0,0,0
aten::_to_copy,,,1.89,4.92,0,0,0,0
aten::empty_strided,,,1.14,1.14,0,0,0,0
aten::copy_,,,1.89,1.89,0,0,0,0
aten::floor_divide,,,5.15,14.16,0,0,0,0
aten::to,,,0.84,7.5,0,0,0,0
aten::_to_copy,,,2.92,6.66,0,0,0,0
aten::empty_strided,,,1.68,1.68,0,0,0,0
aten::copy_,,,2.06,2.06,0,0,0,0
aten::empty,,,1.51,1.51,0,0,0,0
aten::add,,,4.29,21.8,0,0,0,0
aten::to,,,0.84,17.51,0,0,0,0
aten::_to_copy,,,2.58,16.67,0,0,0,0
aten::empty_strided,,,11.05,11.05,0,0,0,0
aten::copy_,,,3.04,3.04,0,0,0,0
aten::cumsum,,,4.97,11.87,0,0,0,0
aten::to,,,0.87,6.9,0,0,0,0
aten::_to_copy,,,2.21,6.03,0,0,0,0
aten::empty_strided,,,1.26,1.26,0,0,0,0
aten::copy_,,,2.56,2.56,0,0,0,0
aten::sub,,,3.07,3.07,0,0,0,0
aten::slice,,,1.81,3.82,0,0,0,0
aten::as_strided,,,2.01,2.01,0,0,0,0
aten::slice,,,1.14,1.77,0,0,0,0
aten::as_strided,,,0.63,0.63,0,0,0,0
aten::sub,,,3.32,3.32,0,0,0,0
aten::add,,,4.02,15.23,0,0,0,0
aten::to,,,0.9,11.21,0,0,0,0
aten::_to_copy,,,2.71,10.31,0,0,0,0
aten::empty_strided,,,3.93,3.93,0,0,0,0
aten::copy_,,,3.67,3.67,0,0,0,0
aten::sub,,,17.16,22.43,0,0,0,0
aten::to,,,0.62,5.27,0,0,0,0
aten::_to_copy,,,1.92,4.65,0,0,0,0
aten::empty_strided,,,1.08,1.08,0,0,0,0
aten::copy_,,,1.65,1.65,0,0,0,0
aten::floor_divide,,,5.5,14.69,0,0,0,0
aten::to,,,0.86,7.96,0,0,0,0
aten::_to_copy,,,3.34,7.1,0,0,0,0
aten::empty_strided,,,1.38,1.38,0,0,0,0
aten::copy_,,,2.38,2.38,0,0,0,0
aten::empty,,,1.23,1.23,0,0,0,0
aten::resolve_conj,,,0.99,0.99,0,0,0,0
aten::resolve_neg,,,0.48,0.48,0,0,0,0
aten::arange,,,4.01,15.74,0,0,0,0
aten::empty,,,1.28,1.28,0,0,0,0
aten::arange,,,7.67,10.45,0,0,0,0
aten::resize_,,,2.78,2.78,0,0,0,0
aten::arange,,,2.14,7.03,0,0,0,0
aten::empty,,,1.03,1.03,0,0,0,0
aten::arange,,,2.99,3.86,0,0,0,0
aten::resize_,,,0.87,0.87,0,0,0,0
aten::cat,,,4.46,4.46,0,0,0,0
aten::eq,,,6.35,6.35,0,0,0,0
aten::cumsum,,,12.16,20.27,0,0,0,0
aten::to,,,0.95,8.11,0,0,0,0
aten::_to_copy,,,2.38,7.16,0,0,0,0
aten::empty_strided,,,1.61,1.61,0,0,0,0
aten::copy_,,,3.17,3.17,0,0,0,0
aten::sub,,,3.25,3.25,0,0,0,0
aten::stack,,,3.89,65.86,0,0,0,0
aten::unsqueeze,,,17.29,28.49,0,0,0,0
aten::as_strided,,,11.2,11.2,0,0,0,0
aten::unsqueeze,,,1.34,7.46,0,0,0,0
aten::as_strided,,,6.12,6.12,0,0,0,0
aten::cat,,,18.39,26.02,0,0,0,0
aten::narrow,,,3.32,7.63,0,0,0,0
aten::slice,,,1.82,4.31,0,0,0,0
aten::as_strided,,,2.49,2.49,0,0,0,0
aten::to,,,1.16,10.8,0,0,0,0
aten::_to_copy,,,4.01,9.64,0,0,0,0
aten::empty_strided,,,2.34,2.34,0,0,0,0
aten::copy_,,,3.29,3.29,0,0,0,0
aten::slice,,,1.64,3.29,0,0,0,0
aten::as_strided,,,1.65,1.65,0,0,0,0
aten::slice,,,0.93,1.53,0,0,0,0
aten::as_strided,,,0.6,0.6,0,0,0,0
aten::sub,,,3.84,3.84,0,0,0,0
aten::add,,,7.09,14.81,0,0,0,0
aten::to,,,0.96,7.72,0,0,0,0
aten::_to_copy,,,2.22,6.76,0,0,0,0
aten::empty_strided,,,2.33,2.33,0,0,0,0
aten::copy_,,,2.21,2.21,0,0,0,0
aten::sub,,,4.05,10.17,0,0,0,0
aten::to,,,0.69,6.12,0,0,0,0
aten::_to_copy,,,1.89,5.43,0,0,0,0
aten::empty_strided,,,1.62,1.62,0,0,0,0
aten::copy_,,,1.92,1.92,0,0,0,0
aten::floor_divide,,,5.66,13.01,0,0,0,0
aten::to,,,0.78,6.06,0,0,0,0
aten::_to_copy,,,2.0,5.28,0,0,0,0
aten::empty_strided,,,1.22,1.22,0,0,0,0
aten::copy_,,,2.06,2.06,0,0,0,0
aten::empty,,,1.29,1.29,0,0,0,0
aten::resolve_conj,,,1.14,1.14,0,0,0,0
aten::resolve_neg,,,0.4,0.4,0,0,0,0
aten::arange,,,3.29,11.96,0,0,0,0
aten::empty,,,1.13,1.13,0,0,0,0
aten::arange,,,5.28,7.54,0,0,0,0
aten::resize_,,,2.26,2.26,0,0,0,0
aten::arange,,,1.91,7.04,0,0,0,0
aten::empty,,,1.06,1.06,0,0,0,0
aten::arange,,,3.12,4.07,0,0,0,0
aten::resize_,,,0.95,0.95,0,0,0,0
aten::cat,,,4.55,4.55,0,0,0,0
aten::eq,,,6.06,6.06,0,0,0,0
aten::cumsum,,,5.82,14.03,0,0,0,0
aten::to,,,0.82,8.21,0,0,0,0
aten::_to_copy,,,2.44,7.39,0,0,0,0
aten::empty_strided,,,1.69,1.69,0,0,0,0
aten::copy_,,,3.26,3.26,0,0,0,0
aten::sub,,,3.02,3.02,0,0,0,0
aten::stack,,,2.82,21.54,0,0,0,0
aten::unsqueeze,,,1.73,3.35,0,0,0,0
aten::as_strided,,,1.62,1.62,0,0,0,0
aten::unsqueeze,,,0.83,1.9,0,0,0,0
aten::as_strided,,,1.07,1.07,0,0,0,0
aten::cat,,,7.32,13.47,0,0,0,0
aten::narrow,,,2.48,6.15,0,0,0,0
aten::slice,,,1.86,3.67,0,0,0,0
aten::as_strided,,,1.81,1.81,0,0,0,0
aten::to,,,1.14,8.08,0,0,0,0
aten::_to_copy,,,2.3,6.94,0,0,0,0
aten::empty_strided,,,1.96,1.96,0,0,0,0
aten::copy_,,,2.68,2.68,0,0,0,0
aten::to,,,0.91,7.99,0,0,0,0
aten::_to_copy,,,2.65,7.08,0,0,0,0
aten::empty_strided,,,1.68,1.68,0,0,0,0
aten::copy_,,,2.75,2.75,0,0,0,0
aten::reshape,,,1.69,3.7,0,0,0,0
aten::view,,,2.01,2.01,0,0,0,0
aten::resolve_conj,,,0.64,0.64,0,0,0,0
aten::resolve_neg,,,0.42,0.42,0,0,0,0
aten::empty,,,2.51,2.51,0,0,0,0
aten::to,,,1.28,1.28,0,0,0,0
aten::lift_fresh,,,0.71,0.71,0,0,0,0
aten::detach_,,,0.55,0.55,0,0,0,0
aten::slice,,,1.94,3.51,0,0,0,0
aten::as_strided,,,1.57,1.57,0,0,0,0
aten::slice,,,0.95,1.6,0,0,0,0
aten::as_strided,,,0.65,0.65,0,0,0,0
aten::sub,,,4.71,4.71,0,0,0,0
aten::gt,,,6.81,6.81,0,0,0,0
aten::all,,,9.96,11.67,0,0,0,0
aten::as_strided,,,0.93,0.93,0,0,0,0
aten::fill_,,,0.78,0.78,0,0,0,0
aten::is_nonzero,,,1.53,4.35,0,0,0,0
aten::item,,,1.64,2.82,0,0,0,0
aten::_local_scalar_dense,,,1.18,1.18,0,0,0,0
aten::to,,,1.05,10.14,0,0,0,0
aten::_to_copy,,,3.03,9.09,0,0,0,0
aten::empty_strided,,,2.21,2.21,0,0,0,0
aten::copy_,,,3.85,3.85,0,0,0,0
aten::reshape,,,1.62,3.64,0,0,0,0
aten::view,,,2.02,2.02,0,0,0,0
aten::resolve_conj,,,1.0,1.0,0,0,0,0
aten::resolve_neg,,,0.44,0.44,0,0,0,0
aten::to,,,2.59,165.76,0,0,0,0
aten::_to_copy,,,7.61,163.17,0,0,0,0
aten::empty_strided,,,12.46,21.26,0,0,0,0
empty_tensor,,,8.8,8.8,0,0,0,0
aten::copy_,,,115.48,134.3,0,0,0,0
acl_memcpy_host_to_device,,,18.82,18.82,0,0,0,0
aten::to,,,3.11,116.68,0,0,0,0
aten::_to_copy,,,5.72,113.57,0,0,0,0
aten::empty_strided,,,9.85,15.62,0,0,0,0
empty_tensor,,,5.77,5.77,0,0,0,0
aten::copy_,,,77.0,92.23,0,0,0,0
acl_memcpy_host_to_device,,,15.23,15.23,0,0,0,0
aten::to,,,2.91,100.43,0,0,0,0
aten::_to_copy,,,4.95,97.52,0,0,0,0
aten::empty_strided,,,8.39,13.58,0,0,0,0
empty_tensor,,,5.19,5.19,0,0,0,0
aten::copy_,,,66.09,78.99,0,0,0,0
acl_memcpy_host_to_device,,,12.9,12.9,0,0,0,0
aten::to,,,2.91,98.13,0,0,0,0
aten::_to_copy,,,4.76,95.22,0,0,0,0
aten::empty_strided,,,7.45,12.44,0,0,0,0
empty_tensor,,,4.99,4.99,0,0,0,0
aten::copy_,,,62.92,78.02,0,0,0,0
acl_memcpy_host_to_device,,,15.1,15.1,0,0,0,0
aten::to,,,2.72,97.46,0,0,0,0
aten::_to_copy,,,5.32,94.74,0,0,0,0
aten::empty_strided,,,8.37,13.37,0,0,0,0
empty_tensor,,,5.0,5.0,0,0,0,0
aten::copy_,,,63.54,76.05,0,0,0,0
acl_memcpy_host_to_device,,,12.51,12.51,0,0,0,0
aten::to,,,2.76,87.51,0,0,0,0
aten::_to_copy,,,4.67,84.75,0,0,0,0
aten::empty_strided,,,7.71,12.95,0,0,0,0
empty_tensor,,,5.24,5.24,0,0,0,0
aten::copy_,,,56.51,67.13,0,0,0,0
acl_memcpy_host_to_device,,,10.62,10.62,0,0,0,0
aten::slice,,,9.17,15.32,0,0,0,0
aten::as_strided,,,6.15,6.15,0,0,0,0
aten::slice,,,3.05,7.01,0,0,0,0
aten::as_strided,,,3.96,3.96,0,0,0,0
aten::sub,,,23.85,50.19,0,1.36003125,0,0
empty_tensor,,,8.46,8.46,0,0,0,0
aclnnSub,,,17.88,17.88,1.36003125,1.36003125,0,0
aten::sub,,,14.84,26.09,0,1.32003125,0,0
empty_tensor,,,7.08,7.08,0,0,0,0
aclnnSub,,,4.17,4.17,1.32003125,1.32003125,0,0
aten::gt,,,17.98,37.4,0,3.6600937499999997,0,0
empty_tensor,,,5.97,5.97,0,0,0,0
aclnnGtScalar,,,13.45,13.45,3.6600937499999997,3.6600937499999997,0,0
aten::slice,,,2.73,7.46,0,0,0,0
aten::as_strided,,,4.73,4.73,0,0,0,0
aten::slice,,,5.61,10.12,0,0,0,0
aten::as_strided,,,4.51,4.51,0,0,0,0
aten::slice,,,3.03,6.33,0,0,0,0
aten::as_strided,,,3.3,3.3,0,0,0,0
aten::slice,,,2.84,6.0,0,0,0,0
aten::as_strided,,,3.16,3.16,0,0,0,0
aten::empty_like,,,4.57,17.39,0,0,0,0
aten::empty_strided,,,8.41,12.82,0,0,0,0
empty_tensor,,,4.41,4.41,0,0,0,0
aten::slice,,,2.1,4.8,0,0,0,0
aten::as_strided,,,2.7,2.7,0,0,0,0
aten::slice,,,2.75,5.03,0,0,0,0
aten::as_strided,,,2.28,2.28,0,0,0,0
aten::copy_,,,84.43,102.72,0,0.5,0,0
aclnnInplaceCopy,,,18.29,18.29,0.5,0.5,0,0
aten::slice,,,6.53,11.03,0,0,0,0
aten::as_strided,,,4.5,4.5,0,0,0,0
aten::slice,,,2.75,5.22,0,0,0,0
aten::as_strided,,,2.47,2.47,0,0,0,0
aten::slice,,,1.44,3.92,0,0,0,0
aten::as_strided,,,2.48,2.48,0,0,0,0
aten::sub,,,19.57,32.02,0,1.28003125,0,0
aclnnSub,,,12.45,12.45,1.28003125,1.28003125,0,0
Event::record,,,154.46,178.37,0,0.02,0,0
record_event,,,23.91,23.91,0.02,0.02,0,0
aten::slice,,,8.43,16.0,0,0,0,0
aten::as_strided,,,7.57,7.57,0,0,0,0
aten::slice,,,3.71,6.96,0,0,0,0
aten::as_strided,,,3.25,3.25,0,0,0,0
aten::slice,,,6.61,14.03,0,0,0,0
aten::as_strided,,,7.42,7.42,0,0,0,0
aten::scalar_tensor,,,6.63,58.21,0,1.48,0,0
aten::empty,,,3.49,15.06,0,0,0,0
empty_tensor,,,11.57,11.57,0,0,0,0
aten::fill_,,,18.34,36.52,0,1.48,0,0
aclnnInplaceFillScalar,,,18.18,18.18,1.48,1.48,0,0
aten::view,,,4.95,4.95,0,0,0,0
aten::expand,,,3.36,5.83,0,0,0,0
aten::as_strided,,,2.47,2.47,0,0,0,0
aten::copy_,,,24.41,37.06,0,4.40003125,0,0
aclnnInplaceCopy,,,12.65,12.65,4.40003125,4.40003125,0,0
aten::scalar_tensor,,,4.47,34.0,0,1.3600625,0,0
aten::empty,,,2.53,8.84,0,0,0,0
empty_tensor,,,6.31,6.31,0,0,0,0
aten::fill_,,,10.66,20.69,0,1.3600625,0,0
aclnnInplaceFillScalar,,,10.03,10.03,1.3600625,1.3600625,0,0
aten::slice,,,6.43,11.55,0,0,0,0
aten::as_strided,,,5.12,5.12,0,0,0,0
aten::view,,,2.45,2.45,0,0,0,0
aten::expand,,,1.58,3.67,0,0,0,0
aten::as_strided,,,2.09,2.09,0,0,0,0
aten::copy_,,,2.03,2.03,0,0,0,0
aten::to,,,3.04,61.7,0,1.42003125,0,0
aten::_to_copy,,,6.83,58.66,0,1.42003125,0,0
aten::empty_strided,,,11.32,18.23,0,0,0,0
empty_tensor,,,6.91,6.91,0,0,0,0
aten::copy_,,,19.99,33.6,0,1.42003125,0,0
aclnnInplaceCopy,,,13.61,13.61,1.42003125,1.42003125,0,0
aten::embedding,,,16.01,36.94,0,10.02021875,0,0
empty_tensor,,,9.91,9.91,0,0,0,0
aclnnEmbedding,,,11.02,11.02,10.02021875,10.02021875,0,0
aten::unsqueeze,,,5.05,10.82,0,0,0,0
aten::as_strided,,,5.77,5.77,0,0,0,0
aten::expand,,,3.32,8.17,0,0,0,0
aten::as_strided,,,4.85,4.85,0,0,0,0
aten::contiguous,,,3.61,48.29,0,12.20025,0,0
aten::clone,,,5.13,44.68,0,12.20025,0,0
empty_tensor,,,11.04,11.04,0,0,0,0
aten::copy_,,,15.55,28.51,0,12.20025,0,0
aclnnInplaceCopy,,,12.96,12.96,12.20025,12.20025,0,0
_C_ascend::npu_hc_pre_v2,,,73.28,134.62,0,93.221875,0,0
aten::empty,,,3.36,14.42,0,0,0,0
empty_tensor,,,11.06,11.06,0,0,0,0
aten::empty,,,1.78,7.95,0,0,0,0
empty_tensor,,,6.17,6.17,0,0,0,0
aten::empty,,,1.51,6.32,0,0,0,0
empty_tensor,,,4.81,4.81,0,0,0,0
aten::empty,,,1.55,5.65,0,0,0,0
empty_tensor,,,4.1,4.1,0,0,0,0
aten::empty,,,3.25,13.59,0,0,0,0
empty_tensor,,,10.34,10.34,0,0,0,0
aclnnHcPre,,,13.41,13.41,93.221875,93.221875,0,0
npu::npu_rms_norm,,,69.28,96.98,0,15.88034375,0,0
empty_tensor,,,9.69,9.69,0,0,0,0
empty_tensor,,,5.21,5.21,0,0,0,0
aclnnRmsNorm,,,12.8,12.8,15.88034375,15.88034375,0,0
aten::unsqueeze,,,3.95,9.52,0,0,0,0
aten::as_strided,,,5.57,5.57,0,0,0,0
aten::linear,,,6.17,70.01,0,414.6883125,0,414.6883125
aten::t,,,6.31,15.76,0,0,0,0
aten::transpose,,,3.8,9.45,0,0,0,0
aten::as_strided,,,5.65,5.65,0,0,0,0
aten::matmul,,,22.56,48.08,0,414.6883125,0,414.6883125
empty_tensor,,,10.84,10.84,0,0,0,0
aclnnMatmul,,,14.68,14.68,414.6883125,414.6883125,414.6883125,414.6883125
aten::split_with_sizes,,,7.26,17.56,0,0,0,0
aten::as_strided,,,5.09,5.09,0,0,0,0
aten::as_strided,,,1.88,1.88,0,0,0,0
aten::as_strided,,,1.88,1.88,0,0,0,0
aten::as_strided,,,1.45,1.45,0,0,0,0
aten::unsqueeze,,,2.84,6.65,0,0,0,0
aten::as_strided,,,3.81,3.81,0,0,0,0
vllm::unquantized_gemm,,,24.7,93.77,0,14.10025,0,11.0201875
aten::linear,,,4.01,69.07,0,14.10025,0,11.0201875
aten::t,,,4.64,12.47,0,0,0,0
aten::transpose,,,2.5,7.83,0,0,0,0
aten::as_strided,,,5.33,5.33,0,0,0,0
aten::matmul,,,25.99,52.59,0,14.10025,0,11.0201875
empty_tensor,,,12.35,12.35,0,0,0,0
aclnnMatmul,,,14.25,14.25,14.10025,14.10025,11.0201875,11.0201875
aten::reshape,,,2.12,8.66,0,0,0,0
aten::view,,,6.54,6.54,0,0,0,0
vllm::unquantized_gemm,,,18.44,84.52,0,11.280249999999999,0,8.5801875
aten::linear,,,3.74,66.08,0,11.280249999999999,0,8.5801875
aten::t,,,3.95,10.92,0,0,0,0
aten::transpose,,,2.19,6.97,0,0,0,0
aten::as_strided,,,4.78,4.78,0,0,0,0
aten::matmul,,,25.41,51.42,0,11.280249999999999,0,8.5801875
empty_tensor,,,10.85,10.85,0,0,0,0
aclnnMatmul,,,15.16,15.16,11.280249999999999,11.280249999999999,8.5801875,8.5801875
aten::reshape,,,2.29,8.3,0,0,0,0
aten::view,,,6.01,6.01,0,0,0,0
aten::empty,,,3.45,15.6,0,0,0,0
empty_tensor,,,12.15,12.15,0,0,0,0
aten::slice,,,3.45,8.52,0,0,0,0
aten::as_strided,,,5.07,5.07,0,0,0,0
aten::alias,,,2.41,2.41,0,0,0,0
aten::alias,,,1.07,1.07,0,0,0,0
aten::zeros_like,,,5.12,56.66,0,11.48025,0,0
aten::empty_like,,,5.76,19.81,0,0,0,0
aten::empty_strided,,,9.85,14.05,0,0,0,0
empty_tensor,,,4.2,4.2,0,0,0,0
aten::zero_,,,15.76,31.73,0,11.48025,0,0
aclnnInplaceZero,,,15.97,15.97,11.48025,11.48025,0,0
aten::empty,,,3.08,11.89,0,0,0,0
empty_tensor,,,8.81,8.81,0,0,0,0
aten::empty,,,2.06,7.41,0,0,0,0
empty_tensor,,,5.35,5.35,0,0,0,0
_copy_conv_state_kernel,,,26.8,26.8,11.78025,11.78025,0,0
fla_npu_stable::npu_causal_conv1d_fn,,,256.62,338.72,0,85.90171875,0,0
aten::empty_strided,,,15.26,24.1,0,0,0,0
empty_tensor,,,8.84,8.84,0,0,0,0
aten::empty_strided,,,24.55,44.27,0,0,0,0
empty_tensor,,,19.72,19.72,0,0,0,0
aclnnCausalConv1d,,,13.73,13.73,85.90171875,85.90171875,0,0
_copy_conv_state_kernel,,,26.6,26.6,10.40021875,10.40021875,0,0
aten::split,,,4.85,31.04,0,0,0,0
aten::narrow,,,4.3,17.05,0,0,0,0
aten::slice,,,3.86,12.75,0,0,0,0
aten::as_strided,,,8.89,8.89,0,0,0,0
aten::narrow,,,1.67,4.99,0,0,0,0
aten::slice,,,1.08,3.32,0,0,0,0
aten::as_strided,,,2.24,2.24,0,0,0,0
aten::narrow,,,0.9,4.15,0,0,0,0
aten::slice,,,1.04,3.25,0,0,0,0
aten::as_strided,,,2.21,2.21,0,0,0,0
aten::zero_,,,19.19,34.63,0,10.3401875,0,0
aclnnInplaceZero,,,15.44,15.44,10.3401875,10.3401875,0,0
aten::reshape,,,10.32,19.66,0,0,0,0
aten::_reshape_alias,,,3.72,9.34,0,0,0,0
aten::view,,,5.62,5.62,0,0,0,0
aten::reshape,,,2.49,8.88,0,0,0,0
aten::_reshape_alias,,,1.91,6.39,0,0,0,0
aten::view,,,4.48,4.48,0,0,0,0
aten::reshape,,,2.01,7.44,0,0,0,0
aten::_reshape_alias,,,1.48,5.43,0,0,0,0
aten::view,,,3.95,3.95,0,0,0,0
aten::slice,,,2.83,6.02,0,0,0,0
aten::as_strided,,,3.19,3.19,0,0,0,0
aten::slice,,,1.31,3.27,0,0,0,0
aten::as_strided,,,1.96,1.96,0,0,0,0
aten::slice,,,1.28,3.21,0,0,0,0
aten::as_strided,,,1.93,1.93,0,0,0,0
aten::slice,,,1.02,3.61,0,0,0,0
aten::as_strided,,,2.59,2.59,0,0,0,0
aten::slice,,,1.43,3.76,0,0,0,0
aten::as_strided,,,2.33,2.33,0,0,0,0
aten::slice,,,6.09,8.77,0,0,0,0
aten::as_strided,,,2.68,2.68,0,0,0,0
aten::slice,,,3.14,6.39,0,0,0,0
aten::as_strided,,,3.25,3.25,0,0,0,0
aten::reshape,,,1.31,9.69,0,0,0,0
aten::view,,,8.38,8.38,0,0,0,0
_C_ascend::recurrent_kda,,,78.68,138.1,0,30.84059375,0,0
aten::empty_like,,,5.68,25.05,0,0,0,0
aten::empty_strided,,,12.79,19.37,0,0,0,0
empty_tensor,,,6.58,6.58,0,0,0,0
aten::empty,,,3.6,16.1,0,0,0,0
empty_tensor,,,12.5,12.5,0,0,0,0
aclnnRecurrentKda,,,18.27,18.27,30.84059375,30.84059375,0,0
aten::arange,,,22.07,45.15,0,7.000125,0,0
empty_tensor,,,9.79,9.79,0,0,0,0
aclnnArange,,,13.29,13.29,7.000125,7.000125,0,0
aten::select,,,7.48,12.95,0,0,0,0
aten::as_strided,,,5.47,5.47,0,0,0,0
aten::lt,,,24.16,60.48,0,4.32009375,0,0
empty_tensor,,,21.37,21.37,0,0,0,0
aclnnLtTensor,,,14.95,14.95,4.32009375,4.32009375,0,0
aten::unsqueeze,,,3.34,7.0,0,0,0,0
aten::as_strided,,,3.66,3.66,0,0,0,0
aten::unsqueeze,,,1.8,3.71,0,0,0,0
aten::as_strided,,,1.91,1.91,0,0,0,0
aten::unsqueeze,,,1.27,3.09,0,0,0,0
aten::as_strided,,,1.82,1.82,0,0,0,0
aten::bitwise_not,,,19.5,37.19,0,1.42003125,0,0
empty_tensor,,,6.61,6.61,0,0,0,0
aclnnBitwiseNot,,,11.08,11.08,1.42003125,1.42003125,0,0
aten::masked_fill,,,23.49,142.07,0,4.44009375,0,0
aten::expand,,,3.39,7.07,0,0,0,0
aten::as_strided,,,3.68,3.68,0,0,0,0
aten::expand,,,0.95,4.65,0,0,0,0
aten::as_strided,,,3.7,3.7,0,0,0,0
aten::clone,,,4.73,85.95,0,0.62003125,0,0
empty_tensor,,,7.78,7.78,0,0,0,0
aten::copy_,,,59.44,73.44,0,0.62003125,0,0
aclnnInplaceCopy,,,14.0,14.0,0.62003125,0.62003125,0,0
aten::masked_fill_,,,15.47,20.91,0,3.8200625,0,0
aclnnInplaceMaskedFillScalar,,,5.44,5.44,3.8200625,3.8200625,0,0
aten::slice,,,3.5,8.22,0,0,0,0
aten::as_strided,,,4.72,4.72,0,0,0,0
aten::slice,,,1.24,3.82,0,0,0,0
aten::as_strided,,,2.58,2.58,0,0,0,0
aten::slice,,,1.23,3.65,0,0,0,0
aten::as_strided,,,2.42,2.42,0,0,0,0
aten::slice,,,0.99,2.62,0,0,0,0
aten::as_strided,,,1.63,1.63,0,0,0,0
aten::slice,,,1.09,2.85,0,0,0,0
aten::as_strided,,,1.76,1.76,0,0,0,0
aten::empty,,,4.04,17.56,0,0,0,0
empty_tensor,,,13.52,13.52,0,0,0,0
aten::select,,,7.43,13.9,0,0,0,0
aten::as_strided,,,6.47,6.47,0,0,0,0
_gather_initial_states_kernel,,,26.73,26.73,10.6601875,10.6601875,0,0
aten::to,,,3.38,3.38,0,0,0,0
aten::to,,,1.78,75.46,0,7.140124999999999,0,0
aten::_to_copy,,,8.12,73.68,0,7.140124999999999,0,0
aten::empty_strided,,,11.04,19.4,0,0,0,0
empty_tensor,,,8.36,8.36,0,0,0,0
aten::copy_,,,30.01,46.16,0,7.140124999999999,0,0
aclnnInplaceCopy,,,16.15,16.15,7.140124999999999,7.140124999999999,0,0
aten::sigmoid,,,13.71,26.61,0,4.16009375,0,0
empty_tensor,,,6.8,6.8,0,0,0,0
aclnnSigmoid,,,6.1,6.1,4.16009375,4.16009375,0,0
aten::contiguous,,,2.99,41.83,0,7.14015625,0,0
aten::clone,,,3.85,38.84,0,7.14015625,0,0
empty_tensor,,,9.14,9.14,0,0,0,0
aten::copy_,,,13.52,25.85,0,7.14015625,0,0
aclnnInplaceCopy,,,12.33,12.33,7.14015625,7.14015625,0,0
aten::view,,,6.0,6.0,0,0,0,0
aten::empty_like,,,4.45,17.42,0,0,0,0
aten::empty_strided,,,9.14,12.97,0,0,0,0
empty_tensor,,,3.83,3.83,0,0,0,0
l2norm_fwd_kernel2,,,25.76,25.76,15.3803125,15.3803125,0,0
aten::view,,,12.47,12.47,0,0,0,0
aten::contiguous,,,3.01,55.71,0,6.980125,0,0
aten::clone,,,6.21,52.7,0,6.980125,0,0
empty_tensor,,,10.61,10.61,0,0,0,0
aten::copy_,,,20.05,35.88,0,6.980125,0,0
aclnnInplaceCopy,,,15.83,15.83,6.980125,6.980125,0,0
aten::view,,,4.86,4.86,0,0,0,0
aten::empty_like,,,4.81,20.71,0,0,0,0
aten::empty_strided,,,10.03,15.9,0,0,0,0
empty_tensor,,,5.87,5.87,0,0,0,0
l2norm_fwd_kernel2,,,23.75,23.75,10.08021875,10.08021875,0,0
aten::view,,,11.45,11.45,0,0,0,0
aten::contiguous,,,3.08,53.9,0,5.860125,0,0
aten::clone,,,4.96,50.82,0,5.860125,0,0
empty_tensor,,,10.68,10.68,0,0,0,0
aten::copy_,,,20.64,35.18,0,5.860125,0,0
aclnnInplaceCopy,,,14.54,14.54,5.860125,5.860125,0,0
aten::reshape,,,2.04,11.85,0,0,0,0
aten::view,,,9.81,9.81,0,0,0,0
_C_ascend::chunk_kda_fwd,,,77.89,160.0,0,956.4791250000001,0,0
aten::empty,,,3.64,16.1,0,0,0,0
empty_tensor,,,12.46,12.46,0,0,0,0
aten::empty,,,2.47,10.17,0,0,0,0
empty_tensor,,,7.7,7.7,0,0,0,0
aten::empty,,,1.79,8.83,0,0,0,0
empty_tensor,,,7.04,7.04,0,0,0,0
aten::empty_like,,,4.76,17.1,0,0,0,0
aten::empty_strided,,,9.28,12.34,0,0,0,0
empty_tensor,,,3.06,3.06,0,0,0,0
aten::empty,,,2.97,12.88,0,0,0,0
empty_tensor,,,9.91,9.91,0,0,0,0
aclnnChunkKdaFwd,,,17.03,17.03,956.4791250000001,956.4791250000001,0,0
aten::to,,,1.9,1.9,0,0,0,0
aten::select,,,7.37,13.84,0,0,0,0
aten::as_strided,,,6.47,6.47,0,0,0,0
aten::select,,,2.63,5.78,0,0,0,0
aten::as_strided,,,3.15,3.15,0,0,0,0
aten::view,,,8.63,8.63,0,0,0,0
aten::unsqueeze,,,4.33,7.85,0,0,0,0
aten::as_strided,,,3.52,3.52,0,0,0,0
aten::view,,,3.25,3.25,0,0,0,0
npu::npu_scatter_nd_update_,,,31.45,47.21,0,102.8020625,0,0
aclnnScatterNdUpdate,,,15.76,15.76,102.8020625,102.8020625,0,0
aten::cat,,,23.72,45.1,0,10.56021875,0,0
empty_tensor,,,9.26,9.26,0,0,0,0
aclnnCat,,,12.12,12.12,10.56021875,10.56021875,0,0
aten::select,,,3.53,7.84,0,0,0,0
aten::as_strided,,,4.31,4.31,0,0,0,0
aten::select,,,2.07,5.09,0,0,0,0
aten::as_strided,,,3.02,3.02,0,0,0,0
aten::copy_,,,16.33,27.29,0,8.72015625,0,0
aclnnInplaceCopy,,,10.96,10.96,8.72015625,8.72015625,0,0
aten::reshape,,,2.82,8.95,0,0,0,0
aten::view,,,6.13,6.13,0,0,0,0
aten::reshape,,,1.1,4.64,0,0,0,0
aten::view,,,3.54,3.54,0,0,0,0
aten::empty_like,,,5.51,20.75,0,0,0,0
aten::empty_strided,,,9.9,15.24,0,0,0,0
empty_tensor,,,5.34,5.34,0,0,0,0
layer_norm_gated_fwd_kernel,,,26.13,26.13,30.620625,30.620625,0,0
aten::reshape,,,3.16,14.05,0,0,0,0
aten::view,,,10.89,10.89,0,0,0,0
aten::reshape,,,1.73,6.15,0,0,0,0
aten::view,,,4.42,4.42,0,0,0,0
vllm::unquantized_gemm,,,23.47,99.9,0,183.22365625,0,183.22365625
aten::linear,,,4.88,76.43,0,183.22365625,0,183.22365625
aten::t,,,6.04,16.15,0,0,0,0
aten::transpose,,,3.27,10.11,0,0,0,0
aten::as_strided,,,6.84,6.84,0,0,0,0
aten::matmul,,,24.28,55.4,0,183.22365625,0,183.22365625
empty_tensor,,,13.47,13.47,0,0,0,0
aclnnMatmul,,,17.65,17.65,183.22365625,183.22365625,183.22365625,183.22365625
aten::unsqueeze,,,5.19,10.95,0,0,0,0
aten::as_strided,,,5.76,5.76,0,0,0,0
aten::unsqueeze,,,2.22,5.82,0,0,0,0
aten::as_strided,,,3.6,3.6,0,0,0,0
aten::squeeze,,,3.69,6.83,0,0,0,0
aten::as_strided,,,3.14,3.14,0,0,0,0
aten::unsqueeze,,,1.7,4.21,0,0,0,0
aten::as_strided,,,2.51,2.51,0,0,0,0
aten::unsqueeze,,,1.58,4.64,0,0,0,0
aten::as_strided,,,3.06,3.06,0,0,0,0
_C_ascend::npu_hc_post,,,56.91,101.47,0,36.82075,0,0
aten::empty,,,3.2,13.97,0,0,0,0
empty_tensor,,,10.77,10.77,0,0,0,0
aten::empty,,,3.62,14.18,0,0,0,0
empty_tensor,,,10.56,10.56,0,0,0,0
aclnnHcPost,,,16.41,16.41,36.82075,36.82075,0,0
aten::squeeze,,,3.84,8.61,0,0,0,0
aten::as_strided,,,4.77,4.77,0,0,0,0
_C_ascend::npu_hc_pre_v2,,,55.78,116.2,0,94.761875,0,0
aten::empty,,,3.99,14.37,0,0,0,0
empty_tensor,,,10.38,10.38,0,0,0,0
aten::empty,,,2.0,7.03,0,0,0,0
empty_tensor,,,5.03,5.03,0,0,0,0
aten::empty,,,1.71,6.54,0,0,0,0
empty_tensor,,,4.83,4.83,0,0,0,0
aten::empty,,,1.7,5.13,0,0,0,0
empty_tensor,,,3.43,3.43,0,0,0,0
aten::empty,,,3.24,12.09,0,0,0,0
empty_tensor,,,8.85,8.85,0,0,0,0
aclnnHcPre,,,15.26,15.26,94.761875,94.761875,0,0
npu::npu_rms_norm,,,64.9,92.27,0,13.88028125,0,0
empty_tensor,,,8.61,8.61,0,0,0,0
empty_tensor,,,4.39,4.39,0,0,0,0
aclnnRmsNorm,,,14.37,14.37,13.88028125,13.88028125,0,0
aten::unsqueeze,,,3.8,9.22,0,0,0,0
aten::as_strided,,,5.42,5.42,0,0,0,0
vllm::unquantized_gemm,,,23.16,93.15,0,500.67,0,500.67
aten::linear,,,5.01,69.99,0,500.67,0,500.67
aten::t,,,5.58,15.26,0,0,0,0
aten::transpose,,,3.1,9.68,0,0,0,0
aten::as_strided,,,6.58,6.58,0,0,0,0
aten::matmul,,,21.8,49.72,0,500.67,0,500.67
empty_tensor,,,11.51,11.51,0,0,0,0
aclnnMatmul,,,16.41,16.41,500.67,500.67,500.67,500.67
aten::slice,,,4.63,9.47,0,0,0,0
aten::as_strided,,,4.84,4.84,0,0,0,0
aten::clamp,,,27.75,52.09,0,62.721250000000005,0,0
empty_tensor,,,10.44,10.44,0,0,0,0
aclnnClamp,,,13.9,13.9,62.721250000000005,62.721250000000005,0,0
aten::slice,,,2.92,6.84,0,0,0,0
aten::as_strided,,,3.92,3.92,0,0,0,0
aten::clamp,,,20.54,39.45,0,63.86128125,0,0
empty_tensor,,,7.98,7.98,0,0,0,0
aclnnClamp,,,10.93,10.93,63.86128125,63.86128125,0,0
aten::mul,,,22.43,101.74,0,9.9801875,0,0
empty_tensor,,,8.21,8.21,0,0,0,0
aten::item,,,2.24,4.38,0,0,0,0
aten::_local_scalar_dense,,,2.14,2.14,0,0,0,0
aclnnMuls,,,66.72,66.72,9.9801875,9.9801875,0,0
aten::sigmoid,,,14.23,36.13,0,13.82028125,0,0
empty_tensor,,,9.7,9.7,0,0,0,0
aclnnSigmoid,,,12.2,12.2,13.82028125,13.82028125,0,0
aten::mul,,,14.84,29.63,0,16.70034375,0,0
empty_tensor,,,6.63,6.63,0,0,0,0
aclnnMul,,,8.16,8.16,16.70034375,16.70034375,0,0
aten::add,,,19.39,38.56,0,12.72025,0,0
empty_tensor,,,6.42,6.42,0,0,0,0
aten::item,,,1.94,3.14,0,0,0,0
aten::_local_scalar_dense,,,1.2,1.2,0,0,0,0
aclnnAdds,,,9.61,9.61,12.72025,12.72025,0,0
aten::mul,,,14.72,30.89,0,9.9001875,0,0
empty_tensor,,,6.77,6.77,0,0,0,0
aclnnMul,,,9.4,9.4,9.9001875,9.9001875,0,0
vllm::unquantized_gemm,,,21.72,84.55,0,244.78490625,0,244.78490625
aten::linear,,,4.94,62.83,0,244.78490625,0,244.78490625
aten::t,,,6.18,16.0,0,0,0,0
aten::transpose,,,3.32,9.82,0,0,0,0
aten::as_strided,,,6.5,6.5,0,0,0,0
aten::matmul,,,19.09,41.89,0,244.78490625,0,244.78490625
empty_tensor,,,10.49,10.49,0,0,0,0
aclnnMatmul,,,12.31,12.31,244.78490625,244.78490625,244.78490625,244.78490625
aten::unsqueeze,,,5.07,11.08,0,0,0,0
aten::as_strided,,,6.01,6.01,0,0,0,0
aten::unsqueeze,,,1.83,5.29,0,0,0,0
aten::as_strided,,,3.46,3.46,0,0,0,0
aten::squeeze,,,2.58,5.43,0,0,0,0
aten::as_strided,,,2.85,2.85,0,0,0,0
aten::unsqueeze,,,1.6,4.38,0,0,0,0
aten::as_strided,,,2.78,2.78,0,0,0,0
aten::unsqueeze,,,1.76,5.02,0,0,0,0
aten::as_strided,,,3.26,3.26,0,0,0,0
_C_ascend::npu_hc_post,,,54.36,94.27,0,34.5206875,0,0
aten::empty,,,3.12,12.44,0,0,0,0
empty_tensor,,,9.32,9.32,0,0,0,0
aten::empty,,,3.37,12.3,0,0,0,0
empty_tensor,,,8.93,8.93,0,0,0,0
aclnnHcPost,,,15.17,15.17,34.5206875,34.5206875,0,0
aten::squeeze,,,4.11,9.19,0,0,0,0
aten::as_strided,,,5.08,5.08,0,0,0,0
_C_ascend::npu_hc_pre_v2,,,54.42,112.57,0,94.281875,0,0
aten::empty,,,4.29,13.79,0,0,0,0
empty_tensor,,,9.5,9.5,0,0,0,0
aten::empty,,,1.81,6.59,0,0,0,0
empty_tensor,,,4.78,4.78,0,0,0,0
aten::empty,,,1.5,4.99,0,0,0,0
empty_tensor,,,3.49,3.49,0,0,0,0
aten::empty,,,1.6,5.59,0,0,0,0
empty_tensor,,,3.99,3.99,0,0,0,0
aten::empty,,,3.09,12.52,0,0,0,0
empty_tensor,,,9.43,9.43,0,0,0,0
aclnnHcPre,,,14.67,14.67,94.281875,94.281875,0,0
npu::npu_rms_norm,,,74.52,106.24,0,13.66025,0,0
empty_tensor,,,9.91,9.91,0,0,0,0
empty_tensor,,,6.09,6.09,0,0,0,0
aclnnRmsNorm,,,15.72,15.72,13.66025,13.66025,0,0
aten::unsqueeze,,,4.05,9.51,0,0,0,0
aten::as_strided,,,5.46,5.46,0,0,0,0
aten::linear,,,5.72,73.39,0,425.86853125,0,425.86853125
aten::t,,,5.96,24.07,0,0,0,0
aten::transpose,,,5.54,18.11,0,0,0,0
aten::as_strided,,,12.57,12.57,0,0,0,0
aten::matmul,,,20.5,43.6,0,425.86853125,0,425.86853125
empty_tensor,,,10.91,10.91,0,0,0,0
aclnnMatmul,,,12.19,12.19,425.86853125,425.86853125,425.86853125,425.86853125
aten::split_with_sizes,,,7.74,40.66,0,0,0,0
aten::as_strided,,,25.81,25.81,0,0,0,0
aten::as_strided,,,2.82,2.82,0,0,0,0
aten::as_strided,,,2.69,2.69,0,0,0,0
aten::as_strided,,,1.6,1.6,0,0,0,0
aten::unsqueeze,,,2.56,7.41,0,0,0,0
aten::as_strided,,,4.85,4.85,0,0,0,0
vllm::unquantized_gemm,,,21.52,119.21,0,15.760312500000001,0,12.38025
aten::linear,,,4.95,97.69,0,15.760312500000001,0,12.38025
aten::t,,,4.94,20.28,0,0,0,0
aten::transpose,,,2.64,15.34,0,0,0,0
aten::as_strided,,,12.7,12.7,0,0,0,0
aten::matmul,,,43.97,72.46,0,15.760312500000001,0,12.38025
empty_tensor,,,13.18,13.18,0,0,0,0
aclnnMatmul,,,15.31,15.31,15.760312500000001,15.760312500000001,12.38025,12.38025
aten::reshape,,,1.85,7.88,0,0,0,0
aten::view,,,6.03,6.03,0,0,0,0
vllm::unquantized_gemm,,,18.6,88.55,0,11.74021875,0,9.12015625
aten::linear,,,3.71,69.95,0,11.74021875,0,9.12015625
aten::t,,,4.71,12.4,0,0,0,0
aten::transpose,,,2.46,7.69,0,0,0,0
aten::as_strided,,,5.23,5.23,0,0,0,0
aten::matmul,,,26.66,53.84,0,11.74021875,0,9.12015625
empty_tensor,,,12.52,12.52,0,0,0,0
aclnnMatmul,,,14.66,14.66,11.74021875,11.74021875,9.12015625,9.12015625
aten::reshape,,,1.88,7.46,0,0,0,0
aten::view,,,5.58,5.58,0,0,0,0
aten::empty,,,3.06,14.91,0,0,0,0
empty_tensor,,,11.85,11.85,0,0,0,0
aten::slice,,,3.28,8.79,0,0,0,0
aten::as_strided,,,5.51,5.51,0,0,0,0
aten::alias,,,2.87,2.87,0,0,0,0
aten::alias,,,0.88,0.88,0,0,0,0
aten::zeros_like,,,5.56,61.05,0,11.30025,0,0
aten::empty_like,,,5.8,21.14,0,0,0,0
aten::empty_strided,,,10.49,15.34,0,0,0,0
empty_tensor,,,4.85,4.85,0,0,0,0
aten::zero_,,,15.58,34.35,0,11.30025,0,0
aclnnInplaceZero,,,18.77,18.77,11.30025,11.30025,0,0
aten::empty,,,3.06,12.83,0,0,0,0
empty_tensor,,,9.77,9.77,0,0,0,0
aten::empty,,,1.72,7.38,0,0,0,0
empty_tensor,,,5.66,5.66,0,0,0,0
_copy_conv_state_kernel,,,28.72,28.72,10.9801875,10.9801875,0,0
fla_npu_stable::npu_causal_conv1d_fn,,,155.47,220.94,0,86.10171875,0,0
aten::empty_strided,,,15.42,24.46,0,0,0,0
empty_tensor,,,9.04,9.04,0,0,0,0
aten::empty_strided,,,14.54,22.62,0,0,0,0
empty_tensor,,,8.08,8.08,0,0,0,0
aclnnCausalConv1d,,,18.39,18.39,86.10171875,86.10171875,0,0
_copy_conv_state_kernel,,,26.69,26.69,10.3001875,10.3001875,0,0
aten::split,,,4.28,30.51,0,0,0,0
aten::narrow,,,3.85,16.72,0,0,0,0
aten::slice,,,4.09,12.87,0,0,0,0
aten::as_strided,,,8.78,8.78,0,0,0,0
aten::narrow,,,1.93,5.25,0,0,0,0
aten::slice,,,1.2,3.32,0,0,0,0
aten::as_strided,,,2.12,2.12,0,0,0,0
aten::narrow,,,1.07,4.26,0,0,0,0
aten::slice,,,1.07,3.19,0,0,0,0
aten::as_strided,,,2.12,2.12,0,0,0,0
aten::zero_,,,18.72,33.83,0,8.86015625,0,0
aclnnInplaceZero,,,15.11,15.11,8.86015625,8.86015625,0,0
aten::reshape,,,7.83,18.48,0,0,0,0
aten::_reshape_alias,,,3.84,10.65,0,0,0,0
aten::view,,,6.81,6.81,0,0,0,0
aten::reshape,,,2.25,8.6,0,0,0,0
aten::_reshape_alias,,,1.56,6.35,0,0,0,0
aten::view,,,4.79,4.79,0,0,0,0
aten::reshape,,,1.93,7.13,0,0,0,0
aten::_reshape_alias,,,1.33,5.2,0,0,0,0
aten::view,,,3.87,3.87,0,0,0,0
aten::slice,,,2.07,5.29,0,0,0,0
aten::as_strided,,,3.22,3.22,0,0,0,0
aten::slice,,,1.34,3.22,0,0,0,0
aten::as_strided,,,1.88,1.88,0,0,0,0
aten::slice,,,1.06,2.93,0,0,0,0
aten::as_strided,,,1.87,1.87,0,0,0,0
aten::slice,,,1.19,4.03,0,0,0,0
aten::as_strided,,,2.84,2.84,0,0,0,0
aten::slice,,,1.04,3.65,0,0,0,0
aten::as_strided,,,2.61,2.61,0,0,0,0
aten::slice,,,6.51,9.19,0,0,0,0
aten::as_strided,,,2.68,2.68,0,0,0,0
aten::slice,,,3.0,6.4,0,0,0,0
aten::as_strided,,,3.4,3.4,0,0,0,0
aten::reshape,,,1.45,8.82,0,0,0,0
aten::view,,,7.37,7.37,0,0,0,0
_C_ascend::recurrent_kda,,,65.97,124.01,0,31.02059375,0,0
aten::empty_like,,,5.82,24.84,0,0,0,0
aten::empty_strided,,,12.23,19.02,0,0,0,0
empty_tensor,,,6.79,6.79,0,0,0,0
aten::empty,,,3.58,16.01,0,0,0,0
empty_tensor,,,12.43,12.43,0,0,0,0
aclnnRecurrentKda,,,17.19,17.19,31.02059375,31.02059375,0,0
aten::arange,,,20.13,42.2,0,6.900125,0,0
empty_tensor,,,8.47,8.47,0,0,0,0
aclnnArange,,,13.6,13.6,6.900125,6.900125,0,0
aten::select,,,8.07,13.76,0,0,0,0
aten::as_strided,,,5.69,5.69,0,0,0,0
aten::lt,,,22.4,43.81,0,4.14009375,0,0
empty_tensor,,,8.19,8.19,0,0,0,0
aclnnLtTensor,,,13.22,13.22,4.14009375,4.14009375,0,0
aten::unsqueeze,,,3.15,6.05,0,0,0,0
aten::as_strided,,,2.9,2.9,0,0,0,0
aten::unsqueeze,,,2.15,4.31,0,0,0,0
aten::as_strided,,,2.16,2.16,0,0,0,0
aten::unsqueeze,,,1.7,3.63,0,0,0,0
aten::as_strided,,,1.93,1.93,0,0,0,0
aten::bitwise_not,,,13.8,32.54,0,1.44003125,0,0
empty_tensor,,,7.5,7.5,0,0,0,0
aclnnBitwiseNot,,,11.24,11.24,1.44003125,1.44003125,0,0
aten::masked_fill,,,10.53,121.44,0,4.2600625,0,0
aten::expand,,,2.93,6.6,0,0,0,0
aten::as_strided,,,3.67,3.67,0,0,0,0
aten::expand,,,1.36,5.07,0,0,0,0
aten::as_strided,,,3.71,3.71,0,0,0,0
aten::clone,,,5.09,84.81,0,0.64,0,0
empty_tensor,,,6.76,6.76,0,0,0,0
aten::copy_,,,59.77,72.96,0,0.64,0,0
aclnnInplaceCopy,,,13.19,13.19,0.64,0.64,0,0
aten::masked_fill_,,,10.76,14.43,0,3.6200625,0,0
aclnnInplaceMaskedFillScalar,,,3.67,3.67,3.6200625,3.6200625,0,0
aten::slice,,,4.08,8.95,0,0,0,0
aten::as_strided,,,4.87,4.87,0,0,0,0
aten::slice,,,1.74,4.63,0,0,0,0
aten::as_strided,,,2.89,2.89,0,0,0,0
aten::slice,,,1.62,3.92,0,0,0,0
aten::as_strided,,,2.3,2.3,0,0,0,0
aten::slice,,,1.29,3.04,0,0,0,0
aten::as_strided,,,1.75,1.75,0,0,0,0
aten::slice,,,1.19,3.22,0,0,0,0
aten::as_strided,,,2.03,2.03,0,0,0,0
aten::empty,,,3.89,16.83,0,0,0,0
empty_tensor,,,12.94,12.94,0,0,0,0
aten::select,,,7.07,12.14,0,0,0,0
aten::as_strided,,,5.07,5.07,0,0,0,0
_gather_initial_states_kernel,,,26.14,26.14,10.62021875,10.62021875,0,0
aten::to,,,3.91,3.91,0,0,0,0
aten::to,,,1.93,74.21,0,7.18015625,0,0
aten::_to_copy,,,8.2,72.28,0,7.18015625,0,0
aten::empty_strided,,,11.36,19.44,0,0,0,0
empty_tensor,,,8.08,8.08,0,0,0,0
aten::copy_,,,30.67,44.64,0,7.18015625,0,0
aclnnInplaceCopy,,,13.97,13.97,7.18015625,7.18015625,0,0
aten::sigmoid,,,12.84,22.73,0,3.9600625,0,0
empty_tensor,,,6.91,6.91,0,0,0,0
aclnnSigmoid,,,2.98,2.98,3.9600625,3.9600625,0,0
aten::contiguous,,,3.82,47.79,0,10.9001875,0,0
aten::clone,,,4.34,43.97,0,10.9001875,0,0
empty_tensor,,,9.9,9.9,0,0,0,0
aten::copy_,,,15.1,29.73,0,10.9001875,0,0
aclnnInplaceCopy,,,14.63,14.63,10.9001875,10.9001875,0,0
aten::view,,,5.48,5.48,0,0,0,0
aten::empty_like,,,5.06,19.54,0,0,0,0
aten::empty_strided,,,10.21,14.48,0,0,0,0
empty_tensor,,,4.27,4.27,0,0,0,0
l2norm_fwd_kernel2,,,24.54,24.54,15.06028125,15.06028125,0,0
aten::view,,,11.13,11.13,0,0,0,0
aten::contiguous,,,3.5,58.53,0,5.860125,0,0
aten::clone,,,5.82,55.03,0,5.860125,0,0
empty_tensor,,,11.54,11.54,0,0,0,0
aten::copy_,,,21.37,37.67,0,5.860125,0,0
aclnnInplaceCopy,,,16.3,16.3,5.860125,5.860125,0,0
aten::view,,,4.84,4.84,0,0,0,0
aten::empty_like,,,5.25,20.57,0,0,0,0
aten::empty_strided,,,11.02,15.32,0,0,0,0
empty_tensor,,,4.3,4.3,0,0,0,0
l2norm_fwd_kernel2,,,22.23,22.23,10.2401875,10.2401875,0,0
aten::view,,,10.67,10.67,0,0,0,0
aten::contiguous,,,3.55,55.8,0,6.48015625,0,0
aten::clone,,,5.42,52.25,0,6.48015625,0,0
empty_tensor,,,11.37,11.37,0,0,0,0
aten::copy_,,,20.82,35.46,0,6.48015625,0,0
aclnnInplaceCopy,,,14.64,14.64,6.48015625,6.48015625,0,0
aten::reshape,,,2.32,11.96,0,0,0,0
aten::view,,,9.64,9.64,0,0,0,0
_C_ascend::chunk_kda_fwd,,,75.22,155.07,0,941.9588125,0,0
aten::empty,,,4.16,18.51,0,0,0,0
empty_tensor,,,14.35,14.35,0,0,0,0
aten::empty,,,1.95,8.75,0,0,0,0
empty_tensor,,,6.8,6.8,0,0,0,0
aten::empty,,,1.66,6.91,0,0,0,0
empty_tensor,,,5.25,5.25,0,0,0,0
aten::empty_like,,,4.88,16.53,0,0,0,0
aten::empty_strided,,,8.77,11.65,0,0,0,0
empty_tensor,,,2.88,2.88,0,0,0,0
aten::empty,,,3.33,13.15,0,0,0,0
empty_tensor,,,9.82,9.82,0,0,0,0
aclnnChunkKdaFwd,,,16.0,16.0,941.9588125,941.9588125,0,0
aten::to,,,2.18,2.18,0,0,0,0
aten::select,,,8.93,16.12,0,0,0,0
aten::as_strided,,,7.19,7.19,0,0,0,0
aten::select,,,2.15,5.5,0,0,0,0
aten::as_strided,,,3.35,3.35,0,0,0,0
aten::view,,,7.76,7.76,0,0,0,0
aten::unsqueeze,,,4.33,7.91,0,0,0,0
aten::as_strided,,,3.58,3.58,0,0,0,0
aten::view,,,3.25,3.25,0,0,0,0
npu::npu_scatter_nd_update_,,,31.98,47.96,0,99.702,0,0
aclnnScatterNdUpdate,,,15.98,15.98,99.702,99.702,0,0
aten::cat,,,21.2,42.72,0,9.5001875,0,0
empty_tensor,,,9.36,9.36,0,0,0,0
aclnnCat,,,12.16,12.16,9.5001875,9.5001875,0,0
aten::select,,,3.91,8.01,0,0,0,0
aten::as_strided,,,4.1,4.1,0,0,0,0
aten::select,,,1.93,4.68,0,0,0,0
aten::as_strided,,,2.75,2.75,0,0,0,0
aten::copy_,,,17.27,28.93,0,8.82015625,0,0
aclnnInplaceCopy,,,11.66,11.66,8.82015625,8.82015625,0,0
aten::reshape,,,2.05,8.65,0,0,0,0
aten::view,,,6.6,6.6,0,0,0,0
aten::reshape,,,1.08,5.32,0,0,0,0
aten::view,,,4.24,4.24,0,0,0,0
aten::empty_like,,,5.51,20.41,0,0,0,0
aten::empty_strided,,,9.83,14.9,0,0,0,0
empty_tensor,,,5.07,5.07,0,0,0,0
layer_norm_gated_fwd_kernel,,,25.15,25.15,26.48053125,26.48053125,0,0
aten::reshape,,,2.69,13.09,0,0,0,0
aten::view,,,10.4,10.4,0,0,0,0
aten::reshape,,,1.54,6.31,0,0,0,0
aten::view,,,4.77,4.77,0,0,0,0
vllm::unquantized_gemm,,,21.8,95.47,0,181.783625,0,181.783625
aten::linear,,,5.23,73.67,0,181.783625,0,181.783625
aten::t,,,5.77,15.25,0,0,0,0
aten::transpose,,,3.44,9.48,0,0,0,0
aten::as_strided,,,6.04,6.04,0,0,0,0
aten::matmul,,,23.63,53.19,0,181.783625,0,181.783625
empty_tensor,,,12.32,12.32,0,0,0,0
aclnnMatmul,,,17.24,17.24,181.783625,181.783625,181.783625,181.783625
aten::unsqueeze,,,6.88,12.92,0,0,0,0
aten::as_strided,,,6.04,6.04,0,0,0,0
aten::unsqueeze,,,1.95,4.97,0,0,0,0
aten::as_strided,,,3.02,3.02,0,0,0,0
aten::squeeze,,,2.74,5.75,0,0,0,0
aten::as_strided,,,3.01,3.01,0,0,0,0
aten::unsqueeze,,,1.45,3.87,0,0,0,0
aten::as_strided,,,2.42,2.42,0,0,0,0
aten::unsqueeze,,,1.63,4.16,0,0,0,0
aten::as_strided,,,2.53,2.53,0,0,0,0
_C_ascend::npu_hc_post,,,55.63,99.68,0,36.88075,0,0
aten::empty,,,3.52,14.35,0,0,0,0
empty_tensor,,,10.83,10.83,0,0,0,0
aten::empty,,,3.7,13.64,0,0,0,0
empty_tensor,,,9.94,9.94,0,0,0,0
aclnnHcPost,,,16.06,16.06,36.88075,36.88075,0,0
aten::squeeze,,,4.16,9.0,0,0,0,0
aten::as_strided,,,4.84,4.84,0,0,0,0
_C_ascend::npu_hc_pre_v2,,,75.21,136.55,0,95.48190625,0,0
aten::empty,,,3.18,13.56,0,0,0,0
empty_tensor,,,10.38,10.38,0,0,0,0
aten::empty,,,1.81,7.06,0,0,0,0
empty_tensor,,,5.25,5.25,0,0,0,0
aten::empty,,,1.46,6.12,0,0,0,0
empty_tensor,,,4.66,4.66,0,0,0,0
aten::empty,,,1.61,5.38,0,0,0,0
empty_tensor,,,3.77,3.77,0,0,0,0
aten::empty,,,3.55,14.04,0,0,0,0
empty_tensor,,,10.49,10.49,0,0,0,0
aclnnHcPre,,,15.18,15.18,95.48190625,95.48190625,0,0
npu::npu_rms_norm,,,67.75,97.79,0,15.9003125,0,0
empty_tensor,,,9.14,9.14,0,0,0,0
empty_tensor,,,4.54,4.54,0,0,0,0
aclnnRmsNorm,,,16.36,16.36,15.9003125,15.9003125,0,0
aten::unsqueeze,,,3.55,8.45,0,0,0,0
aten::as_strided,,,4.9,4.9,0,0,0,0
vllm::unquantized_gemm,,,22.81,94.22,0,501.9700625,0,501.9700625
aten::linear,,,4.96,71.41,0,501.9700625,0,501.9700625
aten::t,,,5.48,15.57,0,0,0,0
aten::transpose,,,2.87,10.09,0,0,0,0
aten::as_strided,,,7.22,7.22,0,0,0,0
aten::matmul,,,27.38,50.88,0,501.9700625,0,501.9700625
empty_tensor,,,11.52,11.52,0,0,0,0
aclnnMatmul,,,11.98,11.98,501.9700625,501.9700625,501.9700625,501.9700625
aten::slice,,,3.83,8.75,0,0,0,0
aten::as_strided,,,4.92,4.92,0,0,0,0
aten::clamp,,,40.29,65.53,0,68.12134375,0,0
empty_tensor,,,10.98,10.98,0,0,0,0
aclnnClamp,,,14.26,14.26,68.12134375,68.12134375,0,0
aten::slice,,,3.27,7.27,0,0,0,0
aten::as_strided,,,4.0,4.0,0,0,0,0
aten::clamp,,,21.87,42.65,0,72.22143750000001,0,0
empty_tensor,,,8.64,8.64,0,0,0,0
aclnnClamp,,,12.14,12.14,72.22143750000001,72.22143750000001,0,0
aten::mul,,,20.48,43.71,0,9.92021875,0,0
empty_tensor,,,8.01,8.01,0,0,0,0
aten::item,,,2.18,4.29,0,0,0,0
aten::_local_scalar_dense,,,2.11,2.11,0,0,0,0
aclnnMuls,,,10.93,10.93,9.92021875,9.92021875,0,0
aten::sigmoid,,,10.43,21.69,0,13.60025,0,0
empty_tensor,,,7.65,7.65,0,0,0,0
aclnnSigmoid,,,3.61,3.61,13.60025,13.60025,0,0
aten::mul,,,13.52,24.99,0,16.66034375,0,0
empty_tensor,,,5.48,5.48,0,0,0,0
aclnnMul,,,5.99,5.99,16.66034375,16.66034375,0,0
aten::add,,,18.18,38.27,0,13.00025,0,0
empty_tensor,,,5.97,5.97,0,0,0,0
aten::item,,,1.71,2.72,0,0,0,0
aten::_local_scalar_dense,,,1.01,1.01,0,0,0,0
aclnnAdds,,,11.4,11.4,13.00025,13.00025,0,0
aten::mul,,,13.84,31.26,0,9.98021875,0,0
empty_tensor,,,7.4,7.4,0,0,0,0
aclnnMul,,,10.02,10.02,9.98021875,9.98021875,0,0
vllm::unquantized_gemm,,,22.45,85.97,0,247.5849375,0,247.5849375
aten::linear,,,4.81,63.52,0,247.5849375,0,247.5849375
aten::t,,,5.3,15.55,0,0,0,0
aten::transpose,,,3.39,10.25,0,0,0,0
aten::as_strided,,,6.86,6.86,0,0,0,0
aten::matmul,,,19.57,43.16,0,247.5849375,0,247.5849375
empty_tensor,,,9.63,9.63,0,0,0,0
aclnnMatmul,,,13.96,13.96,247.5849375,247.5849375,247.5849375,247.5849375
aten::unsqueeze,,,5.32,11.38,0,0,0,0
aten::as_strided,,,6.06,6.06,0,0,0,0
aten::unsqueeze,,,1.82,5.05,0,0,0,0
aten::as_strided,,,3.23,3.23,0,0,0,0
aten::squeeze,,,2.33,5.07,0,0,0,0
aten::as_strided,,,2.74,2.74,0,0,0,0
aten::unsqueeze,,,1.56,4.11,0,0,0,0
aten::as_strided,,,2.55,2.55,0,0,0,0
aten::unsqueeze,,,2.15,5.11,0,0,0,0
aten::as_strided,,,2.96,2.96,0,0,0,0
_C_ascend::npu_hc_post,,,54.42,99.4,0,34.6006875,0,0
aten::empty,,,2.94,13.15,0,0,0,0
empty_tensor,,,10.21,10.21,0,0,0,0
aten::empty,,,3.48,13.89,0,0,0,0
empty_tensor,,,10.41,10.41,0,0,0,0
aclnnHcPost,,,17.94,17.94,34.6006875,34.6006875,0,0
aten::squeeze,,,4.64,9.31,0,0,0,0
aten::as_strided,,,4.67,4.67,0,0,0,0
_C_ascend::npu_hc_pre_v2,,,53.91,113.06,0,91.98184375,0,0
aten::empty,,,3.71,13.97,0,0,0,0
empty_tensor,,,10.26,10.26,0,0,0,0
aten::empty,,,1.68,6.6,0,0,0,0
empty_tensor,,,4.92,4.92,0,0,0,0
aten::empty,,,1.42,7.01,0,0,0,0
empty_tensor,,,5.59,5.59,0,0,0,0
aten::empty,,,1.33,4.83,0,0,0,0
empty_tensor,,,3.5,3.5,0,0,0,0
aten::empty,,,2.76,11.79,0,0,0,0
empty_tensor,,,9.03,9.03,0,0,0,0
aclnnHcPre,,,14.95,14.95,91.98184375,91.98184375,0,0
npu::npu_rms_norm,,,83.39,112.61,0,15.7203125,0,0
empty_tensor,,,9.37,9.37,0,0,0,0
empty_tensor,,,5.02,5.02,0,0,0,0
aclnnRmsNorm,,,14.83,14.83,15.7203125,15.7203125,0,0
aten::unsqueeze,,,3.75,9.17,0,0,0,0
aten::as_strided,,,5.42,5.42,0,0,0,0
aten::linear,,,5.27,68.94,0,422.9884375,0,422.9884375
aten::t,,,5.42,14.74,0,0,0,0
aten::transpose,,,3.03,9.32,0,0,0,0
aten::as_strided,,,6.29,6.29,0,0,0,0
aten::matmul,,,22.2,48.93,0,422.9884375,0,422.9884375
empty_tensor,,,10.88,10.88,0,0,0,0
aclnnMatmul,,,15.85,15.85,422.9884375,422.9884375,422.9884375,422.9884375
aten::split_with_sizes,,,7.83,17.42,0,0,0,0
aten::as_strided,,,4.81,4.81,0,0,0,0
aten::as_strided,,,1.91,1.91,0,0,0,0
aten::as_strided,,,1.44,1.44,0,0,0,0
aten::as_strided,,,1.43,1.43,0,0,0,0
aten::unsqueeze,,,3.17,7.78,0,0,0,0
aten::as_strided,,,4.61,4.61,0,0,0,0
vllm::unquantized_gemm,,,20.59,94.42,0,15.5003125,0,12.30025
aten::linear,,,4.58,73.83,0,15.5003125,0,12.30025
aten::t,,,5.25,13.38,0,0,0,0
aten::transpose,,,2.41,8.13,0,0,0,0
aten::as_strided,,,5.72,5.72,0,0,0,0
aten::matmul,,,27.29,55.87,0,15.5003125,0,12.30025
empty_tensor,,,12.97,12.97,0,0,0,0
aclnnMatmul,,,15.61,15.61,15.5003125,15.5003125,12.30025,12.30025
aten::reshape,,,2.25,7.84,0,0,0,0
aten::view,,,5.59,5.59,0,0,0,0
vllm::unquantized_gemm,,,19.39,88.76,0,11.38025,0,8.7801875
aten::linear,,,3.64,69.37,0,11.38025,0,8.7801875
aten::t,,,3.85,12.75,0,0,0,0
aten::transpose,,,2.5,8.9,0,0,0,0
aten::as_strided,,,6.4,6.4,0,0,0,0
aten::matmul,,,25.71,52.98,0,11.38025,0,8.7801875
empty_tensor,,,11.96,11.96,0,0,0,0
aclnnMatmul,,,15.31,15.31,11.38025,11.38025,8.7801875,8.7801875
aten::reshape,,,2.07,7.72,0,0,0,0
aten::view,,,5.65,5.65,0,0,0,0
aten::empty,,,3.29,15.27,0,0,0,0
empty_tensor,,,11.98,11.98,0,0,0,0
aten::slice,,,3.5,8.54,0,0,0,0
aten::as_strided,,,5.04,5.04,0,0,0,0
aten::alias,,,2.7,2.7,0,0,0,0
aten::alias,,,1.15,1.15,0,0,0,0
aten::zeros_like,,,4.6,55.09,0,11.30021875,0,0
aten::empty_like,,,5.55,19.73,0,0,0,0
aten::empty_strided,,,9.88,14.18,0,0,0,0
empty_tensor,,,4.3,4.3,0,0,0,0
aten::zero_,,,14.87,30.76,0,11.30021875,0,0
aclnnInplaceZero,,,15.89,15.89,11.30021875,11.30021875,0,0
aten::empty,,,3.27,12.7,0,0,0,0
empty_tensor,,,9.43,9.43,0,0,0,0
aten::empty,,,2.01,8.13,0,0,0,0
empty_tensor,,,6.12,6.12,0,0,0,0
_copy_conv_state_kernel,,,25.75,25.75,11.04025,11.04025,0,0
fla_npu_stable::npu_causal_conv1d_fn,,,150.37,212.21,0,85.34165625,0,0
aten::empty_strided,,,14.81,24.03,0,0,0,0
empty_tensor,,,9.22,9.22,0,0,0,0
aten::empty_strided,,,13.2,22.15,0,0,0,0
empty_tensor,,,8.95,8.95,0,0,0,0
aclnnCausalConv1d,,,15.66,15.66,85.34165625,85.34165625,0,0
_copy_conv_state_kernel,,,25.72,25.72,10.14021875,10.14021875,0,0
aten::split,,,4.97,33.21,0,0,0,0
aten::narrow,,,4.64,18.0,0,0,0,0
aten::slice,,,4.04,13.36,0,0,0,0
aten::as_strided,,,9.32,9.32,0,0,0,0
aten::narrow,,,1.21,5.07,0,0,0,0
aten::slice,,,1.66,3.86,0,0,0,0
aten::as_strided,,,2.2,2.2,0,0,0,0
aten::narrow,,,1.38,5.17,0,0,0,0
aten::slice,,,1.19,3.79,0,0,0,0
aten::as_strided,,,2.6,2.6,0,0,0,0
aten::zero_,,,18.88,34.01,0,8.7001875,0,0
aclnnInplaceZero,,,15.13,15.13,8.7001875,8.7001875,0,0
aten::reshape,,,7.35,18.07,0,0,0,0
aten::_reshape_alias,,,3.71,10.72,0,0,0,0
aten::view,,,7.01,7.01,0,0,0,0
aten::reshape,,,2.73,8.58,0,0,0,0
aten::_reshape_alias,,,1.98,5.85,0,0,0,0
aten::view,,,3.87,3.87,0,0,0,0
aten::reshape,,,1.89,6.97,0,0,0,0
aten::_reshape_alias,,,1.7,5.08,0,0,0,0
aten::view,,,3.38,3.38,0,0,0,0
aten::slice,,,2.81,6.12,0,0,0,0
aten::as_strided,,,3.31,3.31,0,0,0,0
aten::slice,,,1.46,3.61,0,0,0,0
aten::as_strided,,,2.15,2.15,0,0,0,0
aten::slice,,,1.32,3.22,0,0,0,0
aten::as_strided,,,1.9,1.9,0,0,0,0
aten::slice,,,1.76,54.05,0,0,0,0
aten::as_strided,,,52.29,52.29,0,0,0,0
aten::slice,,,2.02,4.98,0,0,0,0
aten::as_strided,,,2.96,2.96,0,0,0,0
aten::slice,,,6.71,9.43,0,0,0,0
aten::as_strided,,,2.72,2.72,0,0,0,0
aten::slice,,,3.09,6.23,0,0,0,0
aten::as_strided,,,3.14,3.14,0,0,0,0
aten::reshape,,,1.68,9.63,0,0,0,0
aten::view,,,7.95,7.95,0,0,0,0
_C_ascend::recurrent_kda,,,67.03,125.44,0,30.820625,0,0
aten::empty_like,,,6.15,25.49,0,0,0,0
aten::empty_strided,,,12.86,19.34,0,0,0,0
empty_tensor,,,6.48,6.48,0,0,0,0
aten::empty,,,3.92,15.49,0,0,0,0
empty_tensor,,,11.57,11.57,0,0,0,0
aclnnRecurrentKda,,,17.43,17.43,30.820625,30.820625,0,0
aten::arange,,,18.98,40.7,0,7.06015625,0,0
empty_tensor,,,8.65,8.65,0,0,0,0
aclnnArange,,,13.07,13.07,7.06015625,7.06015625,0,0
aten::select,,,8.08,13.21,0,0,0,0
aten::as_strided,,,5.13,5.13,0,0,0,0
aten::lt,,,19.73,38.79,0,4.48009375,0,0
empty_tensor,,,6.48,6.48,0,0,0,0
aclnnLtTensor,,,12.58,12.58,4.48009375,4.48009375,0,0
aten::unsqueeze,,,2.83,5.97,0,0,0,0
aten::as_strided,,,3.14,3.14,0,0,0,0
aten::unsqueeze,,,1.87,3.95,0,0,0,0
aten::as_strided,,,2.08,2.08,0,0,0,0
aten::unsqueeze,,,1.5,3.32,0,0,0,0
aten::as_strided,,,1.82,1.82,0,0,0,0
aten::bitwise_not,,,13.75,31.2,0,1.46003125,0,0
empty_tensor,,,6.69,6.69,0,0,0,0
aclnnBitwiseNot,,,10.76,10.76,1.46003125,1.46003125,0,0
aten::masked_fill,,,9.85,142.02,0,4.66009375,0,0
aten::expand,,,3.09,6.88,0,0,0,0
aten::as_strided,,,3.79,3.79,0,0,0,0
aten::expand,,,1.46,4.88,0,0,0,0
aten::as_strided,,,3.42,3.42,0,0,0,0
aten::clone,,,5.03,103.5,0,0.62,0,0
empty_tensor,,,6.82,6.82,0,0,0,0
aten::copy_,,,76.86,91.65,0,0.62,0,0
aclnnInplaceCopy,,,14.79,14.79,0.62,0.62,0,0
aten::masked_fill_,,,13.02,16.91,0,4.04009375,0,0
aclnnInplaceMaskedFillScalar,,,3.89,3.89,4.04009375,4.04009375,0,0
aten::slice,,,4.02,8.59,0,0,0,0
aten::as_strided,,,4.57,4.57,0,0,0,0
aten::slice,,,1.75,4.13,0,0,0,0
aten::as_strided,,,2.38,2.38,0,0,0,0
aten::slice,,,1.28,3.33,0,0,0,0
aten::as_strided,,,2.05,2.05,0,0,0,0
aten::slice,,,1.22,3.45,0,0,0,0
aten::as_strided,,,2.23,2.23,0,0,0,0
aten::slice,,,1.16,3.19,0,0,0,0
aten::as_strided,,,2.03,2.03,0,0,0,0
aten::empty,,,3.73,16.91,0,0,0,0
empty_tensor,,,13.18,13.18,0,0,0,0
aten::select,,,7.28,12.34,0,0,0,0
aten::as_strided,,,5.06,5.06,0,0,0,0
_gather_initial_states_kernel,,,24.94,24.94,10.82021875,10.82021875,0,0
aten::to,,,3.9,3.9,0,0,0,0
aten::to,,,2.1,74.55,0,6.98015625,0,0
aten::_to_copy,,,8.9,72.45,0,6.98015625,0,0
aten::empty_strided,,,11.45,19.42,0,0,0,0
empty_tensor,,,7.97,7.97,0,0,0,0
aten::copy_,,,29.91,44.13,0,6.98015625,0,0
aclnnInplaceCopy,,,14.22,14.22,6.98015625,6.98015625,0,0
aten::sigmoid,,,12.47,24.7,0,4.24009375,0,0
empty_tensor,,,6.85,6.85,0,0,0,0
aclnnSigmoid,,,5.38,5.38,4.24009375,4.24009375,0,0
aten::contiguous,,,3.24,41.83,0,7.36015625,0,0
aten::clone,,,4.52,38.59,0,7.36015625,0,0
empty_tensor,,,9.47,9.47,0,0,0,0
aten::copy_,,,13.95,24.6,0,7.36015625,0,0
aclnnInplaceCopy,,,10.65,10.65,7.36015625,7.36015625,0,0
aten::view,,,5.79,5.79,0,0,0,0
aten::empty_like,,,4.94,17.89,0,0,0,0
aten::empty_strided,,,9.36,12.95,0,0,0,0
empty_tensor,,,3.59,3.59,0,0,0,0
l2norm_fwd_kernel2,,,22.8,22.8,15.3203125,15.3203125,0,0
aten::view,,,11.08,11.08,0,0,0,0
aten::contiguous,,,2.97,54.32,0,6.440125,0,0
aten::clone,,,5.32,51.35,0,6.440125,0,0
empty_tensor,,,10.72,10.72,0,0,0,0
aten::copy_,,,20.28,35.31,0,6.440125,0,0
aclnnInplaceCopy,,,15.03,15.03,6.440125,6.440125,0,0
aten::view,,,4.74,4.74,0,0,0,0
aten::empty_like,,,5.23,20.58,0,0,0,0
aten::empty_strided,,,10.89,15.35,0,0,0,0
empty_tensor,,,4.46,4.46,0,0,0,0
l2norm_fwd_kernel2,,,23.49,23.49,10.6201875,10.6201875,0,0
aten::view,,,10.53,10.53,0,0,0,0
aten::contiguous,,,3.15,56.08,0,7.100125,0,0
aten::clone,,,5.56,52.93,0,7.100125,0,0
empty_tensor,,,11.28,11.28,0,0,0,0
aten::copy_,,,20.92,36.09,0,7.100125,0,0
aclnnInplaceCopy,,,15.17,15.17,7.100125,7.100125,0,0
aten::reshape,,,2.15,26.35,0,0,0,0
aten::view,,,24.2,24.2,0,0,0,0
_C_ascend::chunk_kda_fwd,,,75.0,155.06,0,946.25890625,0,0
aten::empty,,,3.92,17.15,0,0,0,0
empty_tensor,,,13.23,13.23,0,0,0,0
aten::empty,,,2.19,8.41,0,0,0,0
empty_tensor,,,6.22,6.22,0,0,0,0
aten::empty,,,1.49,7.71,0,0,0,0
empty_tensor,,,6.22,6.22,0,0,0,0
aten::empty_like,,,5.5,16.65,0,0,0,0
aten::empty_strided,,,8.31,11.15,0,0,0,0
empty_tensor,,,2.84,2.84,0,0,0,0
aten::empty,,,2.91,12.98,0,0,0,0
empty_tensor,,,10.07,10.07,0,0,0,0
aclnnChunkKdaFwd,,,17.16,17.16,946.25890625,946.25890625,0,0
aten::to,,,2.55,2.55,0,0,0,0
aten::select,,,8.31,15.32,0,0,0,0
aten::as_strided,,,7.01,7.01,0,0,0,0
aten::select,,,1.82,5.12,0,0,0,0
aten::as_strided,,,3.3,3.3,0,0,0,0
aten::view,,,8.67,8.67,0,0,0,0
aten::unsqueeze,,,4.32,7.78,0,0,0,0
aten::as_strided,,,3.46,3.46,0,0,0,0
aten::view,,,3.48,3.48,0,0,0,0
npu::npu_scatter_nd_update_,,,30.69,47.43,0,102.1820625,0,0
aclnnScatterNdUpdate,,,16.74,16.74,102.1820625,102.1820625,0,0
aten::cat,,,19.91,43.26,0,9.6401875,0,0
empty_tensor,,,9.36,9.36,0,0,0,0
aclnnCat,,,13.99,13.99,9.6401875,9.6401875,0,0
aten::select,,,3.41,7.35,0,0,0,0
aten::as_strided,,,3.94,3.94,0,0,0,0
aten::select,,,1.74,4.37,0,0,0,0
aten::as_strided,,,2.63,2.63,0,0,0,0
aten::copy_,,,15.85,28.5,0,9.1001875,0,0
aclnnInplaceCopy,,,12.65,12.65,9.1001875,9.1001875,0,0
aten::reshape,,,2.31,10.24,0,0,0,0
aten::view,,,7.93,7.93,0,0,0,0
aten::reshape,,,0.9,4.18,0,0,0,0
aten::view,,,3.28,3.28,0,0,0,0
aten::empty_like,,,5.21,20.32,0,0,0,0
aten::empty_strided,,,10.04,15.11,0,0,0,0
empty_tensor,,,5.07,5.07,0,0,0,0
layer_norm_gated_fwd_kernel,,,30.67,30.67,24.3205,24.3205,0,0
aten::reshape,,,2.42,13.61,0,0,0,0
aten::view,,,11.19,11.19,0,0,0,0
aten::reshape,,,1.19,5.53,0,0,0,0
aten::view,,,4.34,4.34,0,0,0,0
vllm::unquantized_gemm,,,23.23,101.05,0,181.803625,0,181.803625
aten::linear,,,4.89,77.82,0,181.803625,0,181.803625
aten::t,,,6.08,16.2,0,0,0,0
aten::transpose,,,3.29,10.12,0,0,0,0
aten::as_strided,,,6.83,6.83,0,0,0,0
aten::matmul,,,25.59,56.73,0,181.803625,0,181.803625
empty_tensor,,,13.26,13.26,0,0,0,0
aclnnMatmul,,,17.88,17.88,181.803625,181.803625,181.803625,181.803625
aten::unsqueeze,,,4.27,9.6,0,0,0,0
aten::as_strided,,,5.33,5.33,0,0,0,0
aten::unsqueeze,,,1.77,4.99,0,0,0,0
aten::as_strided,,,3.22,3.22,0,0,0,0
aten::squeeze,,,2.78,6.03,0,0,0,0
aten::as_strided,,,3.25,3.25,0,0,0,0
aten::unsqueeze,,,1.47,3.91,0,0,0,0
aten::as_strided,,,2.44,2.44,0,0,0,0
aten::unsqueeze,,,1.7,5.13,0,0,0,0
aten::as_strided,,,3.43,3.43,0,0,0,0
_C_ascend::npu_hc_post,,,54.87,98.7,0,37.50075,0,0
aten::empty,,,3.2,13.5,0,0,0,0
empty_tensor,,,10.3,10.3,0,0,0,0
aten::empty,,,4.09,14.63,0,0,0,0
empty_tensor,,,10.54,10.54,0,0,0,0
aclnnHcPost,,,15.7,15.7,37.50075,37.50075,0,0
aten::squeeze,,,3.49,8.09,0,0,0,0
aten::as_strided,,,4.6,4.6,0,0,0,0
_C_ascend::npu_hc_pre_v2,,,54.51,113.82,0,95.02190625,0,0
aten::empty,,,3.54,13.55,0,0,0,0
empty_tensor,,,10.01,10.01,0,0,0,0
aten::empty,,,2.04,7.34,0,0,0,0
empty_tensor,,,5.3,5.3,0,0,0,0
aten::empty,,,1.43,5.26,0,0,0,0
empty_tensor,,,3.83,3.83,0,0,0,0
aten::empty,,,1.5,6.31,0,0,0,0
empty_tensor,,,4.81,4.81,0,0,0,0
aten::empty,,,2.89,11.85,0,0,0,0
empty_tensor,,,8.96,8.96,0,0,0,0
aclnnHcPre,,,15.0,15.0,95.02190625,95.02190625,0,0
npu::npu_rms_norm,,,63.69,90.93,0,14.4003125,0,0
empty_tensor,,,8.86,8.86,0,0,0,0
empty_tensor,,,4.5,4.5,0,0,0,0
aclnnRmsNorm,,,13.88,13.88,14.4003125,14.4003125,0,0
aten::unsqueeze,,,3.93,8.76,0,0,0,0
aten::as_strided,,,4.83,4.83,0,0,0,0
vllm::unquantized_gemm,,,20.77,88.13,0,502.19003125,0,502.19003125
aten::linear,,,5.57,67.36,0,502.19003125,0,502.19003125
aten::t,,,5.24,13.89,0,0,0,0
aten::transpose,,,3.02,8.65,0,0,0,0
aten::as_strided,,,5.63,5.63,0,0,0,0
aten::matmul,,,21.08,47.9,0,502.19003125,0,502.19003125
empty_tensor,,,11.04,11.04,0,0,0,0
aclnnMatmul,,,15.78,15.78,502.19003125,502.19003125,502.19003125,502.19003125
aten::slice,,,3.71,9.27,0,0,0,0
aten::as_strided,,,5.56,5.56,0,0,0,0
aten::clamp,,,24.58,50.14,0,69.70140625,0,0
empty_tensor,,,10.78,10.78,0,0,0,0
aclnnClamp,,,14.78,14.78,69.70140625,69.70140625,0,0
aten::slice,,,3.24,7.04,0,0,0,0
aten::as_strided,,,3.8,3.8,0,0,0,0
aten::clamp,,,20.5,41.82,0,56.221124999999994,0,0
empty_tensor,,,9.37,9.37,0,0,0,0
aclnnClamp,,,11.95,11.95,56.221124999999994,56.221124999999994,0,0
aten::mul,,,18.44,41.65,0,10.2201875,0,0
empty_tensor,,,7.65,7.65,0,0,0,0
aten::item,,,2.45,4.32,0,0,0,0
aten::_local_scalar_dense,,,1.87,1.87,0,0,0,0
aclnnMuls,,,11.24,11.24,10.2201875,10.2201875,0,0
aten::sigmoid,,,12.02,31.16,0,13.66028125,0,0
empty_tensor,,,8.25,8.25,0,0,0,0
aclnnSigmoid,,,10.89,10.89,13.66028125,13.66028125,0,0
aten::mul,,,15.62,31.36,0,16.18034375,0,0
empty_tensor,,,5.84,5.84,0,0,0,0
aclnnMul,,,9.9,9.9,16.18034375,16.18034375,0,0
aten::add,,,17.16,30.36,0,13.06025,0,0
empty_tensor,,,6.57,6.57,0,0,0,0
aten::item,,,1.65,2.96,0,0,0,0
aten::_local_scalar_dense,,,1.31,1.31,0,0,0,0
aclnnAdds,,,3.67,3.67,13.06025,13.06025,0,0
aten::mul,,,11.59,20.18,0,9.8401875,0,0
empty_tensor,,,6.05,6.05,0,0,0,0
aclnnMul,,,2.54,2.54,9.8401875,9.8401875,0,0
vllm::unquantized_gemm,,,23.11,104.61,0,246.3249375,0,246.3249375
aten::linear,,,21.63,81.5,0,246.3249375,0,246.3249375
aten::t,,,5.22,15.44,0,0,0,0
aten::transpose,,,3.05,10.22,0,0,0,0
aten::as_strided,,,7.17,7.17,0,0,0,0
aten::matmul,,,19.64,44.43,0,246.3249375,0,246.3249375
empty_tensor,,,10.63,10.63,0,0,0,0
aclnnMatmul,,,14.16,14.16,246.3249375,246.3249375,246.3249375,246.3249375
aten::unsqueeze,,,4.49,10.4,0,0,0,0
aten::as_strided,,,5.91,5.91,0,0,0,0
aten::unsqueeze,,,1.61,4.81,0,0,0,0
aten::as_strided,,,3.2,3.2,0,0,0,0
aten::squeeze,,,2.85,5.57,0,0,0,0
aten::as_strided,,,2.72,2.72,0,0,0,0
aten::unsqueeze,,,1.51,5.26,0,0,0,0
aten::as_strided,,,3.75,3.75,0,0,0,0
aten::unsqueeze,,,1.64,5.15,0,0,0,0
aten::as_strided,,,3.51,3.51,0,0,0,0
_C_ascend::npu_hc_post,,,53.18,95.78,0,34.4406875,0,0
aten::empty,,,3.16,13.4,0,0,0,0
empty_tensor,,,10.24,10.24,0,0,0,0
aten::empty,,,4.24,14.04,0,0,0,0
empty_tensor,,,9.8,9.8,0,0,0,0
aclnnHcPost,,,15.16,15.16,34.4406875,34.4406875,0,0
aten::squeeze,,,4.06,8.65,0,0,0,0
aten::as_strided,,,4.59,4.59,0,0,0,0
_C_ascend::npu_hc_pre_v2,,,56.89,166.01,0,89.9018125,0,0
aten::empty,,,3.63,13.73,0,0,0,0
empty_tensor,,,10.1,10.1,0,0,0,0
aten::empty,,,2.15,7.46,0,0,0,0
empty_tensor,,,5.31,5.31,0,0,0,0
aten::empty,,,1.72,5.57,0,0,0,0
empty_tensor,,,3.85,3.85,0,0,0,0
aten::empty,,,1.66,5.75,0,0,0,0
empty_tensor,,,4.09,4.09,0,0,0,0
aten::empty,,,3.08,12.91,0,0,0,0
empty_tensor,,,9.83,9.83,0,0,0,0
aclnnHcPre,,,63.7,63.7,89.9018125,89.9018125,0,0
npu::npu_rms_norm,,,66.16,96.88,0,13.88028125,0,0
empty_tensor,,,11.59,11.59,0,0,0,0
empty_tensor,,,5.53,5.53,0,0,0,0
aclnnRmsNorm,,,13.6,13.6,13.88028125,13.88028125,0,0
aten::unsqueeze,,,4.03,9.81,0,0,0,0
aten::as_strided,,,5.78,5.78,0,0,0,0
aten::empty,,,4.12,14.56,0,0,0,0
empty_tensor,,,10.44,10.44,0,0,0,0
vllm::mla_forward,,,2978.53,5186.9,0,1420.408375,0,736.6147187500001
aten::slice,,,4.7,10.38,0,0,0,0
aten::as_strided,,,5.68,5.68,0,0,0,0
aten::slice,,,2.49,7.44,0,0,0,0
aten::as_strided,,,4.95,4.95,0,0,0,0
aten::linear,,,5.19,70.66,0,45.3009375,0,45.3009375
aten::t,,,5.76,13.22,0,0,0,0
aten::transpose,,,2.39,7.46,0,0,0,0
aten::as_strided,,,5.07,5.07,0,0,0,0
aten::matmul,,,22.99,52.25,0,45.3009375,0,45.3009375
empty_tensor,,,11.09,11.09,0,0,0,0
aclnnMatmul,,,18.17,18.17,45.3009375,45.3009375,45.3009375,45.3009375
aten::split_with_sizes,,,4.82,12.01,0,0,0,0
aten::as_strided,,,4.78,4.78,0,0,0,0
aten::as_strided,,,2.41,2.41,0,0,0,0
npu::npu_rms_norm,,,129.11,160.54,0,16.5803125,0,0
empty_tensor,,,10.66,10.66,0,0,0,0
empty_tensor,,,4.7,4.7,0,0,0,0
aclnnRmsNorm,,,16.07,16.07,16.5803125,16.5803125,0,0
aten::reshape,,,7.31,18.69,0,0,0,0
aten::_reshape_alias,,,4.3,11.38,0,0,0,0
aten::view,,,7.08,7.08,0,0,0,0
npu::npu_rms_norm,,,109.32,139.09,0,10.96025,0,0
empty_tensor,,,10.03,10.03,0,0,0,0
empty_tensor,,,4.62,4.62,0,0,0,0
aclnnRmsNorm,,,15.12,15.12,10.96025,10.96025,0,0
aten::view,,,12.08,12.08,0,0,0,0
aten::slice,,,6.77,12.11,0,0,0,0
aten::as_strided,,,5.34,5.34,0,0,0,0
aten::view,,,5.92,5.92,0,0,0,0
aten::to,,,1.83,1.83,0,0,0,0
npu::npu_scatter_nd_update_,,,30.22,45.42,0,37.88078125,0,0
aclnnScatterNdUpdate,,,15.2,15.2,37.88078125,37.88078125,0,0
vllm::unquantized_gemm,,,22.28,88.37,0,132.78265625,0,132.78265625
aten::linear,,,4.81,66.09,0,132.78265625,0,132.78265625
aten::t,,,4.19,14.38,0,0,0,0
aten::transpose,,,3.38,10.19,0,0,0,0
aten::as_strided,,,6.81,6.81,0,0,0,0
aten::matmul,,,20.86,46.9,0,132.78265625,0,132.78265625
empty_tensor,,,11.49,11.49,0,0,0,0
aclnnMatmul,,,14.55,14.55,132.78265625,132.78265625,132.78265625,132.78265625
aten::view,,,5.5,5.5,0,0,0,0
aten::split_with_sizes,,,4.39,10.27,0,0,0,0
aten::as_strided,,,4.0,4.0,0,0,0,0
aten::as_strided,,,1.88,1.88,0,0,0,0
npu::npu_transpose_batchmatmul,,,34.58,62.87,0,47.5009375,0,47.5009375
empty_tensor,,,12.24,12.24,0,0,0,0
aclnnTransposeBatchMatMul,,,16.05,16.05,47.5009375,47.5009375,47.5009375,47.5009375
aten::slice,,,3.64,9.62,0,0,0,0
aten::as_strided,,,5.98,5.98,0,0,0,0
aten::slice,,,1.33,4.22,0,0,0,0
aten::as_strided,,,2.89,2.89,0,0,0,0
aten::to,,,1.99,57.89,0,8.12015625,0,0
aten::_to_copy,,,6.64,55.9,0,8.12015625,0,0
aten::empty_strided,,,11.08,16.28,0,0,0,0
empty_tensor,,,5.2,5.2,0,0,0,0
aten::copy_,,,19.06,32.98,0,8.12015625,0,0
aclnnInplaceCopy,,,13.92,13.92,8.12015625,8.12015625,0,0
aten::linear,,,4.4,52.59,0,34.6806875,0,34.6806875
aten::t,,,4.51,10.86,0,0,0,0
aten::transpose,,,2.26,6.35,0,0,0,0
aten::as_strided,,,4.09,4.09,0,0,0,0
aten::matmul,,,17.36,37.33,0,34.6806875,0,34.6806875
empty_tensor,,,8.06,8.06,0,0,0,0
aclnnMatmul,,,11.91,11.91,34.6806875,34.6806875,34.6806875,34.6806875
aten::slice,,,2.81,6.79,0,0,0,0
aten::as_strided,,,3.98,3.98,0,0,0,0
aten::layer_norm,,,6.1,73.06,0,22.46046875,0,0
aten::native_layer_norm,,,29.21,66.96,0,22.46046875,0,0
aten::resize_,,,5.63,5.63,0,0,0,0
aten::resize_,,,1.49,1.49,0,0,0,0
empty_tensor,,,8.88,8.88,0,0,0,0
empty_tensor,,,4.6,4.6,0,0,0,0
empty_tensor,,,4.97,4.97,0,0,0,0
aclnnLayerNorm,,,12.18,12.18,22.46046875,22.46046875,0,0
aten::linear,,,3.86,47.34,0,30.840625,0,30.840625
aten::t,,,3.55,10.05,0,0,0,0
aten::transpose,,,2.31,6.5,0,0,0,0
aten::as_strided,,,4.19,4.19,0,0,0,0
aten::matmul,,,15.33,33.43,0,30.840625,0,30.840625
empty_tensor,,,6.51,6.51,0,0,0,0
aclnnMatmul,,,11.59,11.59,30.840625,30.840625,30.840625,30.840625
aten::slice,,,2.8,6.52,0,0,0,0
aten::as_strided,,,3.72,3.72,0,0,0,0
vllm::unquantized_gemm,,,20.09,79.23,0,42.62084375,0,42.62084375
aten::linear,,,4.15,59.14,0,42.62084375,0,42.62084375
aten::t,,,3.94,11.76,0,0,0,0
aten::transpose,,,2.28,7.82,0,0,0,0
aten::as_strided,,,5.54,5.54,0,0,0,0
aten::matmul,,,18.51,43.23,0,42.62084375,0,42.62084375
empty_tensor,,,11.16,11.16,0,0,0,0
aclnnMatmul,,,13.56,13.56,42.62084375,42.62084375,42.62084375,42.62084375
aten::view,,,5.88,5.88,0,0,0,0
aten::slice,,,3.26,6.76,0,0,0,0
aten::as_strided,,,3.5,3.5,0,0,0,0
aten::to,,,1.9,59.2,0,5.8401250000000005,0,0
aten::_to_copy,,,6.51,57.3,0,5.8401250000000005,0,0
aten::empty_strided,,,9.3,14.12,0,0,0,0
empty_tensor,,,4.82,4.82,0,0,0,0
aten::copy_,,,23.51,36.67,0,5.8401250000000005,0,0
aclnnInplaceCopy,,,13.16,13.16,5.8401250000000005,5.8401250000000005,0,0
aten::mul,,,18.31,40.82,0,2.26003125,0,0
empty_tensor,,,7.08,7.08,0,0,0,0
aten::item,,,2.13,3.97,0,0,0,0
aten::_local_scalar_dense,,,1.84,1.84,0,0,0,0
aclnnMuls,,,11.46,11.46,2.26003125,2.26003125,0,0
aten::slice,,,3.66,8.48,0,0,0,0
aten::as_strided,,,4.82,4.82,0,0,0,0
aten::max,,,11.71,18.76,0,0,0,0
aten::empty,,,4.66,4.66,0,0,0,0
aten::fill_,,,2.39,2.39,0,0,0,0
aten::item,,,1.62,2.48,0,0,0,0
aten::_local_scalar_dense,,,0.86,0.86,0,0,0,0
aten::slice,,,6.89,11.76,0,0,0,0
aten::as_strided,,,4.87,4.87,0,0,0,0
aten::slice,,,1.22,4.06,0,0,0,0
aten::as_strided,,,2.84,2.84,0,0,0,0
_glm5_next_kpool_tail_compress_kernel,,,27.08,27.08,30.680625,30.680625,0,0
_store_kpool_tail_kernel,,,24.52,24.52,4.02009375,4.02009375,0,0
aten::to,,,3.95,3.95,0,0,0,0
aten::slice,,,8.85,17.57,0,0,0,0
aten::as_strided,,,8.72,8.72,0,0,0,0
aten::empty,,,4.56,18.23,0,0,0,0
empty_tensor,,,13.67,13.67,0,0,0,0
_gather_pool_cache,,,23.43,23.43,3.0200625,3.0200625,0,0
aten::slice,,,4.32,13.37,0,0,0,0
aten::as_strided,,,9.05,9.05,0,0,0,0
aten::to,,,2.26,67.87,0,6.620125,0,0
aten::_to_copy,,,6.68,65.61,0,6.620125,0,0
aten::empty_strided,,,12.62,19.5,0,0,0,0
empty_tensor,,,6.88,6.88,0,0,0,0
aten::copy_,,,24.19,39.43,0,6.620125,0,0
aclnnInplaceCopy,,,15.24,15.24,6.620125,6.620125,0,0
aten::slice,,,3.25,7.65,0,0,0,0
aten::as_strided,,,4.4,4.4,0,0,0,0
aten::to,,,1.92,51.07,0,2.9400625,0,0
aten::_to_copy,,,5.0,49.15,0,2.9400625,0,0
aten::empty_strided,,,9.47,14.6,0,0,0,0
empty_tensor,,,5.13,5.13,0,0,0,0
aten::copy_,,,17.04,29.55,0,2.9400625,0,0
aclnnInplaceCopy,,,12.51,12.51,2.9400625,2.9400625,0,0
aten::unsqueeze,,,3.33,7.53,0,0,0,0
aten::as_strided,,,4.2,4.2,0,0,0,0
aten::mul,,,17.33,38.28,0,16.0003125,0,0
empty_tensor,,,10.12,10.12,0,0,0,0
aclnnMul,,,10.83,10.83,16.0003125,16.0003125,0,0
aten::sum,,,18.26,35.61,0,12.12025,0,0
empty_tensor,,,7.19,7.19,0,0,0,0
aclnnReduceSum,,,10.16,10.16,12.12025,12.12025,0,0
aten::empty,,,3.31,11.56,0,0,0,0
empty_tensor,,,8.25,8.25,0,0,0,0
_glm5_next_lightning_indexer_score_kernel,,,26.08,26.08,26.34053125,26.34053125,0,0
aten::topk,,,30.79,64.36,0,31.18059375,0,0
empty_tensor,,,14.41,14.41,0,0,0,0
empty_tensor,,,5.41,5.41,0,0,0,0
aclnnTopk,,,13.75,13.75,31.18059375,31.18059375,0,0
aten::to,,,2.56,51.39,0,4.90009375,0,0
aten::_to_copy,,,6.31,48.83,0,4.90009375,0,0
aten::empty_strided,,,8.2,13.05,0,0,0,0
empty_tensor,,,4.85,4.85,0,0,0,0
aten::copy_,,,17.41,29.47,0,4.90009375,0,0
aclnnInplaceCopy,,,12.06,12.06,4.90009375,4.90009375,0,0
_expand_pool_indices,,,31.26,31.26,320.526375,320.526375,0,0
aten::slice,,,9.3,17.82,0,0,0,0
aten::as_strided,,,8.52,8.52,0,0,0,0
aten::unsqueeze,,,5.22,24.51,0,0,0,0
aten::as_strided,,,19.29,19.29,0,0,0,0
aten::slice,,,5.56,11.07,0,0,0,0
aten::as_strided,,,5.51,5.51,0,0,0,0
aten::to,,,2.07,2.07,0,0,0,0
aten::to,,,1.94,1.94,0,0,0,0
_C_ascend::npu_sparse_flash_attention,,,129.15,269.93,0,113.40225000000001,0,0
aten::empty,,,4.37,29.13,0,0,0,0
empty_tensor,,,24.76,24.76,0,0,0,0
aten::empty,,,1.88,5.13,0,0,0,0
empty_tensor,,,3.25,3.25,0,0,0,0
aten::empty,,,1.41,3.73,0,0,0,0
empty_tensor,,,2.32,2.32,0,0,0,0
aten::empty,,,4.46,17.35,0,0,0,0
empty_tensor,,,12.89,12.89,0,0,0,0
aclnnSparseFlashAttention,,,85.44,85.44,113.40225000000001,113.40225000000001,0,0
aten::view,,,8.23,8.23,0,0,0,0
npu::npu_transpose_batchmatmul,,,35.8,54.83,0,55.10109375,0,55.10109375
empty_tensor,,,12.45,12.45,0,0,0,0
aclnnTransposeBatchMatMul,,,6.58,6.58,55.10109375,55.10109375,55.10109375,55.10109375
aten::reshape,,,1.92,7.59,0,0,0,0
aten::view,,,5.67,5.67,0,0,0,0
aten::slice,,,3.63,7.54,0,0,0,0
aten::as_strided,,,3.91,3.91,0,0,0,0
vllm::unquantized_gemm,,,21.46,92.65,0,347.7869375,0,347.7869375
aten::linear,,,4.7,71.19,0,347.7869375,0,347.7869375
aten::t,,,5.86,13.64,0,0,0,0
aten::transpose,,,2.7,7.78,0,0,0,0
aten::as_strided,,,5.08,5.08,0,0,0,0
aten::matmul,,,22.3,52.85,0,347.7869375,0,347.7869375
empty_tensor,,,10.83,10.83,0,0,0,0
aclnnMatmul,,,19.72,19.72,347.7869375,347.7869375,347.7869375,347.7869375
aten::copy_,,,17.79,30.74,0,7.94015625,0,0
aclnnInplaceCopy,,,12.95,12.95,7.94015625,7.94015625,0,0
aten::view,,,5.08,5.08,0,0,0,0
aten::unsqueeze,,,3.22,8.31,0,0,0,0
aten::as_strided,,,5.09,5.09,0,0,0,0
aten::unsqueeze,,,2.56,6.12,0,0,0,0
aten::as_strided,,,3.56,3.56,0,0,0,0
aten::squeeze,,,2.83,5.57,0,0,0,0
aten::as_strided,,,2.74,2.74,0,0,0,0
aten::unsqueeze,,,1.58,3.97,0,0,0,0
aten::as_strided,,,2.39,2.39,0,0,0,0
aten::unsqueeze,,,1.48,5.21,0,0,0,0
aten::as_strided,,,3.73,3.73,0,0,0,0
_C_ascend::npu_hc_post,,,54.13,98.11,0,36.00071875,0,0
aten::empty,,,2.94,13.82,0,0,0,0
empty_tensor,,,10.88,10.88,0,0,0,0
aten::empty,,,3.46,13.98,0,0,0,0
empty_tensor,,,10.52,10.52,0,0,0,0
aclnnHcPost,,,16.18,16.18,36.00071875,36.00071875,0,0
aten::squeeze,,,3.62,8.48,0,0,0,0
aten::as_strided,,,4.86,4.86,0,0,0,0
_C_ascend::npu_hc_pre_v2,,,55.53,114.59,0,91.0418125,0,0
aten::empty,,,4.04,14.05,0,0,0,0
empty_tensor,,,10.01,10.01,0,0,0,0
aten::empty,,,1.64,6.6,0,0,0,0
empty_tensor,,,4.96,4.96,0,0,0,0
aten::empty,,,1.63,6.1,0,0,0,0
empty_tensor,,,4.47,4.47,0,0,0,0
aten::empty,,,1.58,6.0,0,0,0,0
empty_tensor,,,4.42,4.42,0,0,0,0
aten::empty,,,2.9,12.55,0,0,0,0
empty_tensor,,,9.65,9.65,0,0,0,0
aclnnHcPre,,,13.76,13.76,91.0418125,91.0418125,0,0
npu::npu_rms_norm,,,86.7,150.26,0,13.8003125,0,0
empty_tensor,,,39.84,39.84,0,0,0,0
empty_tensor,,,9.06,9.06,0,0,0,0
aclnnRmsNorm,,,14.66,14.66,13.8003125,13.8003125,0,0
aten::unsqueeze,,,4.43,9.67,0,0,0,0
aten::as_strided,,,5.24,5.24,0,0,0,0
vllm::moe_forward_shared,,,1914.26,3904.46,0,1245.46496875,0,147.4829375
Event::record,,,106.85,128.63,0,0.02,0,0
record_event,,,21.78,21.78,0.02,0.02,0,0
aten::to,,,2.12,67.09,0,8.3201875,0,0
aten::_to_copy,,,7.15,64.97,0,8.3201875,0,0
aten::empty_strided,,,13.67,22.23,0,0,0,0
empty_tensor,,,8.56,8.56,0,0,0,0
aten::copy_,,,19.57,35.59,0,8.3201875,0,0
aclnnInplaceCopy,,,16.02,16.02,8.3201875,8.3201875,0,0
aten::linear,,,4.85,58.37,0,9.6401875,0,9.6401875
aten::t,,,5.59,13.55,0,0,0,0
aten::transpose,,,2.94,7.96,0,0,0,0
aten::as_strided,,,5.02,5.02,0,0,0,0
aten::matmul,,,18.8,39.97,0,9.6401875,0,9.6401875
empty_tensor,,,9.88,9.88,0,0,0,0
aclnnMatmul,,,11.29,11.29,9.6401875,9.6401875,9.6401875,9.6401875
Event::record,,,93.1,110.69,0,0.02,0,0
record_event,,,17.59,17.59,0.02,0.02,0,0
_C_ascend::moe_gating_top_k,,,61.09,122.58,0,14.40028125,0,0
aten::empty,,,4.67,18.5,0,0,0,0
empty_tensor,,,13.83,13.83,0,0,0,0
aten::empty,,,1.57,7.61,0,0,0,0
empty_tensor,,,6.04,6.04,0,0,0,0
aten::empty,,,1.42,5.7,0,0,0,0
empty_tensor,,,4.28,4.28,0,0,0,0
aten::empty,,,3.18,13.44,0,0,0,0
empty_tensor,,,10.26,10.26,0,0,0,0
aclnnMoeGatingTopK,,,16.24,16.24,14.40028125,14.40028125,0,0
aten::to,,,2.17,2.17,0,0,0,0
Event::record,,,96.81,121.37,0,0.02,0,0
record_event,,,24.56,24.56,0.02,0.02,0,0
npu::npu_moe_init_routing_v2,,,44.29,88.09,0,53.5610625,0,0
empty_tensor,,,15.77,15.77,0,0,0,0
empty_tensor,,,5.37,5.37,0,0,0,0
empty_tensor,,,3.99,3.99,0,0,0,0
empty_tensor,,,3.5,3.5,0,0,0,0
aclnnMoeInitRoutingV3,,,15.17,15.17,53.5610625,53.5610625,0,0
aten::to,,,2.13,2.13,0,0,0,0
npu::npu_grouped_matmul,,,48.5,78.36,0,463.68928125,0,0
empty_tensor,,,12.01,12.01,0,0,0,0
npu::get_npu_format,,,2.56,2.56,0,0,0,0
aclnnGroupedMatmulV5,,,15.29,15.29,463.68928125,463.68928125,0,0
aten::chunk,,,5.32,33.56,0,0,0,0
aten::split,,,3.74,28.24,0,0,0,0
aten::narrow,,,5.24,17.41,0,0,0,0
aten::slice,,,3.72,12.17,0,0,0,0
aten::as_strided,,,8.45,8.45,0,0,0,0
aten::narrow,,,1.72,7.09,0,0,0,0
aten::slice,,,1.42,5.37,0,0,0,0
aten::as_strided,,,3.95,3.95,0,0,0,0
aten::clamp_,,,30.35,47.67,0,102.16203125,0,0
aclnnClamp,,,17.32,17.32,102.16203125,102.16203125,0,0
aten::clamp_,,,20.11,25.39,0,106.962125,0,0
aclnnClamp,,,5.28,5.28,106.962125,106.962125,0,0
npu::npu_swiglu,,,61.99,86.97,0,25.34053125,0,0
empty_tensor,,,9.21,9.21,0,0,0,0
aclnnSwiGlu,,,15.77,15.77,25.34053125,25.34053125,0,0
Event::record,,,94.67,116.62,0,0.02,0,0
record_event,,,21.95,21.95,0.02,0.02,0,0
npu::npu_grouped_matmul,,,40.4,72.27,0,218.804375,0,0
empty_tensor,,,14.62,14.62,0,0,0,0
npu::get_npu_format,,,2.2,2.2,0,0,0,0
aclnnGroupedMatmulV5,,,15.05,15.05,218.804375,218.804375,0,0
Event::record,,,90.68,111.46,0,0.02,0,0
record_event,,,20.78,20.78,0.02,0.02,0,0
aten::to,,,2.7,65.5,0,1.76003125,0,0
aten::_to_copy,,,7.49,62.8,0,1.76003125,0,0
aten::empty_strided,,,11.3,18.7,0,0,0,0
empty_tensor,,,7.4,7.4,0,0,0,0
aten::copy_,,,20.99,36.61,0,1.76003125,0,0
aclnnInplaceCopy,,,15.62,15.62,1.76003125,1.76003125,0,0
aten::abs,,,16.27,36.03,0,1.9000625,0,0
empty_tensor,,,8.34,8.34,0,0,0,0
aclnnAbs,,,11.42,11.42,1.9000625,1.9000625,0,0
npu::npu_moe_token_unpermute,,,93.77,117.47,0,21.0804375,0,0
empty_tensor,,,10.43,10.43,0,0,0,0
aclnnMoeTokenUnpermute,,,13.27,13.27,21.0804375,21.0804375,0,0
vllm::unquantized_gemm,,,25.1,105.87,0,90.8018125,0,90.8018125
aten::linear,,,5.45,80.77,0,90.8018125,0,90.8018125
aten::t,,,6.02,19.73,0,0,0,0
aten::transpose,,,4.07,13.71,0,0,0,0
aten::as_strided,,,9.64,9.64,0,0,0,0
aten::matmul,,,23.93,55.59,0,90.8018125,0,90.8018125
empty_tensor,,,13.64,13.64,0,0,0,0
aclnnMatmul,,,18.02,18.02,90.8018125,90.8018125,90.8018125,90.8018125
aten::slice,,,4.62,10.65,0,0,0,0
aten::as_strided,,,6.03,6.03,0,0,0,0
aten::clamp,,,24.52,50.87,0,22.82046875,0,0
empty_tensor,,,11.42,11.42,0,0,0,0
aclnnClamp,,,14.93,14.93,22.82046875,22.82046875,0,0
aten::slice,,,3.5,7.77,0,0,0,0
aten::as_strided,,,4.27,4.27,0,0,0,0
aten::clamp,,,19.51,39.59,0,17.200343750000002,0,0
empty_tensor,,,8.08,8.08,0,0,0,0
aclnnClamp,,,12.0,12.0,17.200343750000002,17.200343750000002,0,0
aten::mul,,,20.88,38.06,0,7.360125,0,0
empty_tensor,,,8.42,8.42,0,0,0,0
aten::item,,,2.33,4.45,0,0,0,0
aten::_local_scalar_dense,,,2.12,2.12,0,0,0,0
aclnnMuls,,,4.31,4.31,7.360125,7.360125,0,0
aten::sigmoid,,,12.72,31.38,0,8.56015625,0,0
empty_tensor,,,5.91,5.91,0,0,0,0
aclnnSigmoid,,,12.75,12.75,8.56015625,8.56015625,0,0
aten::mul,,,14.37,28.16,0,10.02021875,0,0
empty_tensor,,,5.11,5.11,0,0,0,0
aclnnMul,,,8.68,8.68,10.02021875,10.02021875,0,0
aten::add,,,18.71,36.82,0,10.40021875,0,0
empty_tensor,,,6.24,6.24,0,0,0,0
aten::item,,,1.75,3.16,0,0,0,0
aten::_local_scalar_dense,,,1.41,1.41,0,0,0,0
aclnnAdds,,,8.71,8.71,10.40021875,10.40021875,0,0
aten::mul,,,13.32,28.59,0,3.54009375,0,0
empty_tensor,,,6.73,6.73,0,0,0,0
aclnnMul,,,8.54,8.54,3.54009375,3.54009375,0,0
vllm::unquantized_gemm,,,22.2,92.2,0,47.0409375,0,47.0409375
aten::linear,,,5.26,70.0,0,47.0409375,0,47.0409375
aten::t,,,6.18,17.42,0,0,0,0
aten::transpose,,,3.38,11.24,0,0,0,0
aten::as_strided,,,7.86,7.86,0,0,0,0
aten::matmul,,,19.91,47.32,0,47.0409375,0,47.0409375
empty_tensor,,,11.86,11.86,0,0,0,0
aclnnMatmul,,,15.55,15.55,47.0409375,47.0409375,47.0409375,47.0409375
destroy_event,,,15.24,15.24,0,0,0,0
destroy_event,,,4.83,4.83,0,0,0,0
destroy_event,,,2.0,2.0,0,0,0,0
destroy_event,,,3.48,3.48,0,0,0,0
destroy_event,,,2.27,2.27,0,0,0,0
vllm::maybe_all_reduce_shared_expert,,,23.62,23.62,0,0,0,0
aten::_foreach_add,,,37.09,68.58,0,16.74034375,0,0
aten::result_type,,,1.9,1.9,0,0,0,0
empty_tensor,,,14.76,14.76,0,0,0,0
aclnnForeachAddListV2,,,14.83,14.83,16.74034375,16.74034375,0,0
vllm::maybe_all_reduce_tensor_model_parallel,,,28.29,28.29,0,0,0,0
aten::view,,,8.24,8.24,0,0,0,0
aten::unsqueeze,,,4.16,8.94,0,0,0,0
aten::as_strided,,,4.78,4.78,0,0,0,0
aten::unsqueeze,,,1.94,5.18,0,0,0,0
aten::as_strided,,,3.24,3.24,0,0,0,0
aten::squeeze,,,2.54,5.14,0,0,0,0
aten::as_strided,,,2.6,2.6,0,0,0,0
aten::unsqueeze,,,1.75,4.32,0,0,0,0
aten::as_strided,,,2.57,2.57,0,0,0,0
aten::unsqueeze,,,1.86,4.79,0,0,0,0
aten::as_strided,,,2.93,2.93,0,0,0,0
_C_ascend::npu_hc_post,,,56.4,103.26,0,34.4806875,0,0
aten::empty,,,3.4,14.72,0,0,0,0
empty_tensor,,,11.32,11.32,0,0,0,0
aten::empty,,,3.66,14.02,0,0,0,0
empty_tensor,,,10.36,10.36,0,0,0,0
aclnnHcPost,,,18.12,18.12,34.4806875,34.4806875,0,0
aten::squeeze,,,3.83,8.16,0,0,0,0
aten::as_strided,,,4.33,4.33,0,0,0,0
aten::mean,,,25.87,47.91,0,22.42046875,0,0
empty_tensor,,,8.07,8.07,0,0,0,0
aclnnMean,,,13.97,13.97,22.42046875,22.42046875,0,0
npu::npu_rms_norm,,,68.5,96.67,0,13.92028125,0,0
empty_tensor,,,10.03,10.03,0,0,0,0
empty_tensor,,,4.99,4.99,0,0,0,0
aclnnRmsNorm,,,13.15,13.15,13.92028125,13.92028125,0,0
aten::index,,,37.43,67.66,0,12.02021875,0,0
empty_tensor,,,6.11,6.11,0,0,0,0
empty_tensor,,,7.12,7.12,0,0,0,0
aclnnIndex,,,17.0,17.0,12.02021875,12.02021875,0,0
aten::linear,,,5.44,66.32,0,974.97946875,0,974.97946875
aten::t,,,5.35,15.41,0,0,0,0
aten::transpose,,,3.33,10.06,0,0,0,0
aten::as_strided,,,6.73,6.73,0,0,0,0
aten::matmul,,,20.49,45.47,0,974.97946875,0,974.97946875
empty_tensor,,,9.28,9.28,0,0,0,0
aclnnMatmul,,,15.7,15.7,974.97946875,974.97946875,974.97946875,974.97946875
aten::alias,,,4.03,4.03,0,0,0,0
aten::log_softmax,,,9.59,123.96,0,53.461062500000004,0,0
aten::to,,,4.39,72.2,0,8.4001875,0,0
aten::_to_copy,,,8.08,67.81,0,8.4001875,0,0
aten::empty_strided,,,13.11,20.02,0,0,0,0
empty_tensor,,,6.91,6.91,0,0,0,0
aten::copy_,,,21.19,39.71,0,8.4001875,0,0
aclnnInplaceCopy,,,18.52,18.52,8.4001875,8.4001875,0,0
aten::_log_softmax,,,21.66,42.17,0,45.060875,0,0
empty_tensor,,,8.6,8.6,0,0,0,0
aclnnLogSoftmax,,,11.91,11.91,45.060875,45.060875,0,0
aten::to,,,2.26,47.86,0,2.9800625,0,0
aten::_to_copy,,,5.57,45.6,0,2.9800625,0,0
aten::empty_strided,,,7.69,12.48,0,0,0,0
empty_tensor,,,4.79,4.79,0,0,0,0
aten::copy_,,,16.92,27.55,0,2.9800625,0,0
aclnnInplaceCopy,,,10.63,10.63,2.9800625,2.9800625,0,0
aten::argmax,,,10.07,81.0,0,21.100437499999998,0,0
aten::empty,,,2.57,25.88,0,0,0,0
empty_tensor,,,23.31,23.31,0,0,0,0
aten::argmax,,,26.46,45.05,0,21.100437499999998,0,0
aten::reshape,,,1.99,7.71,0,0,0,0
aten::view,,,5.72,5.72,0,0,0,0
aclnnArgMax,,,10.88,10.88,21.100437499999998,21.100437499999998,0,0
aten::view,,,4.09,4.09,0,0,0,0
aten::to,,,1.68,1.68,0,0,0,0
aten::topk,,,19.94,44.44,0,41.4208125,0,0
empty_tensor,,,7.78,7.78,0,0,0,0
empty_tensor,,,4.64,4.64,0,0,0,0
aclnnTopk,,,12.08,12.08,41.4208125,41.4208125,0,0
aten::unsqueeze,,,3.56,8.51,0,0,0,0
aten::as_strided,,,4.95,4.95,0,0,0,0
aten::gather,,,21.2,31.3,0,5.960125000000001,0,0
empty_tensor,,,6.54,6.54,0,0,0,0
aclnnGather,,,3.56,3.56,5.960125000000001,5.960125000000001,0,0
TorchDynamo Cache Lookup,,,40.33,40.33,0,0,0,0
Torch-Compiled Region: 0/0,,,111.42,204.28,0,42.56084375,0,0
aten::_assert_scalar,,,3.55,3.55,0,0,0,0
aten::_assert_scalar,,,1.07,1.07,0,0,0,0
aten::_assert_scalar,,,1.27,1.27,0,0,0,0
aten::ge,,,20.23,46.69,0,13.48028125,0,0
empty_tensor,,,11.59,11.59,0,0,0,0
aclnnGeTensor,,,14.87,14.87,13.48028125,13.48028125,0,0
aten::sum,,,21.94,40.28,0,29.0805625,0,0
empty_tensor,,,7.39,7.39,0,0,0,0
aclnnReduceSum,,,10.95,10.95,29.0805625,29.0805625,0,0
aten::cat,,,20.26,40.68,0,3.3800625,0,0
empty_tensor,,,8.26,8.26,0,0,0,0
aclnnCat,,,12.16,12.16,3.3800625,3.3800625,0,0
aten::cat,,,12.6,30.08,0,2.7200625,0,0
empty_tensor,,,6.9,6.9,0,0,0,0
aclnnCat,,,10.58,10.58,2.7200625,2.7200625,0,0
aten::to,,,2.13,46.31,0,1.50003125,0,0
aten::_to_copy,,,6.3,44.18,0,1.50003125,0,0
aten::empty_strided,,,7.76,12.36,0,0,0,0
empty_tensor,,,4.6,4.6,0,0,0,0
aten::copy_,,,15.08,25.52,0,1.50003125,0,0
aclnnInplaceCopy,,,10.44,10.44,1.50003125,1.50003125,0,0
aten::to,,,1.84,41.89,0,1.40003125,0,0
aten::_to_copy,,,4.66,40.05,0,1.40003125,0,0
aten::empty_strided,,,6.74,10.48,0,0,0,0
empty_tensor,,,3.74,3.74,0,0,0,0
aten::copy_,,,13.77,24.91,0,1.40003125,0,0
aclnnInplaceCopy,,,11.14,11.14,1.40003125,1.40003125,0,0
aten::unsqueeze,,,3.4,9.22,0,0,0,0
aten::as_strided,,,5.82,5.82,0,0,0,0
Event::record,,,144.91,164.25,0,0.02,0,0
record_event,,,19.34,19.34,0.02,0.02,0,0
aten::slice,,,17.3,27.11,0,0,0,0
aten::as_strided,,,9.81,9.81,0,0,0,0
Event::wait,,,73.56,94.4,0,0.02,0,0
wait_event,,,20.84,20.84,0.02,0.02,0,0
Event::record,,,110.4,130.64,0,0.0,0,0
record_event,,,20.24,20.24,0.0,0.0,0,0
Event::wait,,,58.4,76.48,0,0.02,0,0
wait_event,,,18.08,18.08,0.02,0.02,0,0
destroy_event,,,12.22,12.22,0,0,0,0
aten::to,,,3.62,56.22,0,2.06003125,0,0
aten::_to_copy,,,7.1,52.6,0,2.06003125,0,0
aten::empty_strided,,,8.65,8.65,0,0,0,0
aten::copy_,,,27.33,36.85,0,2.06003125,0,0
acl_memcpy_device_to_host,,,9.52,9.52,2.06003125,2.06003125,0,0
aten::to,,,2.33,39.83,0,2.06003125,0,0
aten::_to_copy,,,4.9,37.5,0,2.06003125,0,0
aten::empty_strided,,,4.86,4.86,0,0,0,0
aten::copy_,,,15.95,27.74,0,2.06003125,0,0
acl_memcpy_device_to_host,,,11.79,11.79,2.06003125,2.06003125,0,0
aten::to,,,1.91,32.07,0,2.04003125,0,0
aten::_to_copy,,,4.25,30.16,0,2.04003125,0,0
aten::empty_strided,,,3.06,3.06,0,0,0,0
aten::copy_,,,12.87,22.85,0,2.04003125,0,0
acl_memcpy_device_to_host,,,9.98,9.98,2.04003125,2.04003125,0,0
aten::to,,,2.6,33.72,0,2.06003125,0,0
aten::_to_copy,,,4.29,31.12,0,2.06003125,0,0
aten::empty_strided,,,3.14,3.14,0,0,0,0
aten::copy_,,,12.92,23.69,0,2.06003125,0,0
acl_memcpy_device_to_host,,,10.77,10.77,2.06003125,2.06003125,0,0
Event::record,,,152.0,169.99,0,0.02,0,0
record_event,,,17.99,17.99,0.02,0.02,0,0
Event::synchronize,,,85.51,85.51,0,0,0,0
aten::resolve_conj,,,1.99,1.99,0,0,0,0
aten::resolve_neg,,,0.85,0.85,0,0,0,0
aten::to,,,3.15,3.15,0,0,0,0
aten::detach,,,5.27,5.27,0,0,0,0
aten::to,,,0.66,0.66,0,0,0,0
aten::resolve_conj,,,0.35,0.35,0,0,0,0
aten::resolve_neg,,,0.37,0.37,0,0,0,0
aten::to,,,1.25,1.25,0,0,0,0
aten::detach,,,1.49,1.49,0,0,0,0
aten::to,,,0.47,0.47,0,0,0,0
aten::resolve_conj,,,0.33,0.33,0,0,0,0
aten::resolve_neg,,,0.79,0.79,0,0,0,0
aten::to,,,1.24,1.24,0,0,0,0
aten::detach,,,0.81,0.81,0,0,0,0
aten::to,,,0.57,0.57,0,0,0,0
aten::resolve_conj,,,0.34,0.34,0,0,0,0
aten::resolve_neg,,,0.32,0.32,0,0,0,0
destroy_event,,,24.66,24.66,0,0,0,0
record_event,,,8.64,8.64,0.02,0.02,0,0
Event::synchronize,,,199.22,199.22,0,0,0,0
aten::slice,,,13.34,19.18,0,0,0,0
aten::as_strided,,,5.84,5.84,0,0,0,0
aten::slice,,,3.82,12.87,0,0,0,0
aten::as_strided,,,9.05,9.05,0,0,0,0
aten::pin_memory,,,98.8,119.66,0,0,0,0
aten::is_pinned,,,20.86,20.86,0,0,0,0
aten::copy_,,,24.2,45.77,0,2.5800625,0,0
acl_memcpy_host_to_device,,,21.57,21.57,2.5800625,2.5800625,0,0
aten::slice,,,7.68,10.11,0,0,0,0
aten::as_strided,,,2.43,2.43,0,0,0,0
aten::slice,,,2.74,7.09,0,0,0,0
aten::as_strided,,,4.35,4.35,0,0,0,0
aten::pin_memory,,,3.46,12.53,0,0,0,0
aten::is_pinned,,,9.07,9.07,0,0,0,0
aten::copy_,,,15.61,33.94,0,2.30003125,0,0
acl_memcpy_host_to_device,,,18.33,18.33,2.30003125,2.30003125,0,0
aten::slice,,,6.4,9.94,0,0,0,0
aten::as_strided,,,3.54,3.54,0,0,0,0
aten::slice,,,2.69,6.44,0,0,0,0
aten::as_strided,,,3.75,3.75,0,0,0,0
aten::pin_memory,,,3.04,10.69,0,0,0,0
aten::is_pinned,,,7.65,7.65,0,0,0,0
aten::copy_,,,13.73,28.83,0,2.28003125,0,0
acl_memcpy_host_to_device,,,15.1,15.1,2.28003125,2.28003125,0,0
aten::slice,,,5.41,7.28,0,0,0,0
aten::as_strided,,,1.87,1.87,0,0,0,0
aten::slice,,,2.59,6.42,0,0,0,0
aten::as_strided,,,3.83,3.83,0,0,0,0
aten::pin_memory,,,3.0,10.4,0,0,0,0
aten::is_pinned,,,7.4,7.4,0,0,0,0
aten::copy_,,,13.96,26.75,0,2.24003125,0,0
acl_memcpy_host_to_device,,,12.79,12.79,2.24003125,2.24003125,0,0
aten::slice,,,4.69,7.45,0,0,0,0
aten::as_strided,,,2.76,2.76,0,0,0,0
aten::slice,,,2.48,5.7,0,0,0,0
aten::as_strided,,,3.22,3.22,0,0,0,0
aten::pin_memory,,,2.99,10.47,0,0,0,0
aten::is_pinned,,,7.48,7.48,0,0,0,0
aten::copy_,,,12.6,24.93,0,2.3400625,0,0
acl_memcpy_host_to_device,,,12.33,12.33,2.3400625,2.3400625,0,0
aten::slice,,,10.18,13.19,0,0,0,0
aten::as_strided,,,3.01,3.01,0,0,0,0
aten::slice,,,3.39,9.73,0,0,0,0
aten::as_strided,,,6.34,6.34,0,0,0,0
aten::pin_memory,,,4.4,33.55,0,0,0,0
aten::is_pinned,,,29.15,29.15,0,0,0,0
aten::copy_,,,19.09,39.04,0,2.34003125,0,0
acl_memcpy_host_to_device,,,19.95,19.95,2.34003125,2.34003125,0,0
aten::slice,,,5.7,11.16,0,0,0,0
aten::as_strided,,,5.46,5.46,0,0,0,0
aten::lift_fresh,,,1.53,1.53,0,0,0,0
aten::lift_fresh,,,1.22,1.22,0,0,0,0
aten::flatten,,,3.97,11.9,0,0,0,0
aten::view,,,7.93,7.93,0,0,0,0
aten::slice,,,3.6,5.35,0,0,0,0
aten::as_strided,,,1.75,1.75,0,0,0,0
aten::index_select,,,9.43,9.43,0,0,0,0
aten::pin_memory,,,3.48,16.99,0,0,0,0
aten::is_pinned,,,13.51,13.51,0,0,0,0
aten::copy_,,,16.26,31.3,0,2.2000625,0,0
acl_memcpy_host_to_device,,,15.04,15.04,2.2000625,2.2000625,0,0
aten::pin_memory,,,3.69,13.51,0,0,0,0
aten::is_pinned,,,9.82,9.82,0,0,0,0
aten::copy_,,,13.84,26.05,0,2.20003125,0,0
acl_memcpy_host_to_device,,,12.21,12.21,2.20003125,2.20003125,0,0
aten::slice,,,5.92,8.41,0,0,0,0
aten::as_strided,,,2.49,2.49,0,0,0,0
aten::lift_fresh,,,1.05,1.05,0,0,0,0
aten::slice,,,3.53,4.65,0,0,0,0
aten::as_strided,,,1.12,1.12,0,0,0,0
aten::add,,,20.34,20.34,0,0,0,0
aten::slice,,,3.63,5.02,0,0,0,0
aten::as_strided,,,1.39,1.39,0,0,0,0
aten::fill_,,,3.74,3.74,0,0,0,0
aten::slice,,,3.32,8.75,0,0,0,0
aten::as_strided,,,5.43,5.43,0,0,0,0
aten::fill_,,,21.52,36.2,0,1.60003125,0,0
aclnnInplaceFillScalar,,,14.68,14.68,1.60003125,1.60003125,0,0
aten::slice,,,6.02,11.95,0,0,0,0
aten::as_strided,,,5.93,5.93,0,0,0,0
aten::select,,,4.79,8.12,0,0,0,0
aten::as_strided,,,3.33,3.33,0,0,0,0
aten::copy_,,,78.37,95.48,0,0.60003125,0,0
aclnnInplaceCopy,,,17.11,17.11,0.60003125,0.60003125,0,0
aten::slice,,,7.42,10.31,0,0,0,0
aten::as_strided,,,2.89,2.89,0,0,0,0
aten::detach,,,3.34,3.34,0,0,0,0
aten::to,,,1.88,1.88,0,0,0,0
aten::resolve_conj,,,1.12,1.12,0,0,0,0
aten::resolve_neg,,,0.82,0.82,0,0,0,0
aten::slice,,,5.26,7.72,0,0,0,0
aten::as_strided,,,2.46,2.46,0,0,0,0
aten::slice,,,3.29,8.06,0,0,0,0
aten::as_strided,,,4.77,4.77,0,0,0,0
aten::pin_memory,,,3.78,18.67,0,0,0,0
aten::is_pinned,,,14.89,14.89,0,0,0,0
aten::copy_,,,3.6,3.6,0,0,0,0
aten::slice,,,5.89,8.59,0,0,0,0
aten::as_strided,,,2.7,2.7,0,0,0,0
aten::slice,,,2.88,6.39,0,0,0,0
aten::as_strided,,,3.51,3.51,0,0,0,0
aten::pin_memory,,,3.45,11.86,0,0,0,0
aten::is_pinned,,,8.41,8.41,0,0,0,0
aten::copy_,,,16.35,32.84,0,2.2800625,0,0
acl_memcpy_host_to_device,,,16.49,16.49,2.2800625,2.2800625,0,0
aten::fill_,,,21.86,36.75,0,1.48003125,0,0
aclnnInplaceFillScalar,,,14.89,14.89,1.48003125,1.48003125,0,0
aten::slice,,,7.29,11.56,0,0,0,0
aten::as_strided,,,4.27,4.27,0,0,0,0
aten::slice,,,3.3,4.97,0,0,0,0
aten::as_strided,,,1.67,1.67,0,0,0,0
aten::copy_,,,19.07,29.03,0,2.4400625,0,0
acl_memcpy_host_to_device,,,9.96,9.96,2.4400625,2.4400625,0,0
aten::slice,,,5.39,7.35,0,0,0,0
aten::as_strided,,,1.96,1.96,0,0,0,0
aten::slice,,,3.02,7.33,0,0,0,0
aten::as_strided,,,4.31,4.31,0,0,0,0
aten::pin_memory,,,4.1,13.36,0,0,0,0
aten::is_pinned,,,9.26,9.26,0,0,0,0
aten::copy_,,,14.73,27.59,0,2.3000625,0,0
acl_memcpy_host_to_device,,,12.86,12.86,2.3000625,2.3000625,0,0
aten::slice,,,5.88,9.37,0,0,0,0
aten::as_strided,,,3.49,3.49,0,0,0,0
aten::slice,,,3.41,4.83,0,0,0,0
aten::as_strided,,,1.42,1.42,0,0,0,0
aten::slice,,,2.82,5.47,0,0,0,0
aten::as_strided,,,2.65,2.65,0,0,0,0
aten::pin_memory,,,3.04,10.96,0,0,0,0
aten::is_pinned,,,7.92,7.92,0,0,0,0
aten::copy_,,,12.56,23.88,0,2.34003125,0,0
acl_memcpy_host_to_device,,,11.32,11.32,2.34003125,2.34003125,0,0
aten::slice,,,5.95,8.13,0,0,0,0
aten::as_strided,,,2.18,2.18,0,0,0,0
aten::slice,,,3.23,6.52,0,0,0,0
aten::as_strided,,,3.29,3.29,0,0,0,0
aten::pin_memory,,,3.13,11.5,0,0,0,0
aten::is_pinned,,,8.37,8.37,0,0,0,0
aten::copy_,,,13.84,26.94,0,2.18003125,0,0
acl_memcpy_host_to_device,,,13.1,13.1,2.18003125,2.18003125,0,0
aten::slice,,,4.38,8.54,0,0,0,0
aten::as_strided,,,4.16,4.16,0,0,0,0
aten::index,,,35.08,65.68,0,10.9201875,0,0
empty_tensor,,,6.96,6.96,0,0,0,0
empty_tensor,,,9.79,9.79,0,0,0,0
aclnnIndex,,,13.85,13.85,10.9201875,10.9201875,0,0
aten::to,,,2.55,45.16,0,1.26003125,0,0
aten::_to_copy,,,6.41,42.61,0,1.26003125,0,0
aten::empty_strided,,,9.28,13.85,0,0,0,0
empty_tensor,,,4.57,4.57,0,0,0,0
aten::copy_,,,16.45,22.35,0,1.26003125,0,0
aclnnInplaceCopy,,,5.9,5.9,1.26003125,1.26003125,0,0
aten::slice,,,5.94,9.68,0,0,0,0
aten::as_strided,,,3.74,3.74,0,0,0,0
aten::add,,,20.16,38.77,0,2.56003125,0,0
empty_tensor,,,6.17,6.17,0,0,0,0
aclnnAdd,,,12.44,12.44,2.56003125,2.56003125,0,0
aten::slice,,,5.36,9.54,0,0,0,0
aten::as_strided,,,4.18,4.18,0,0,0,0
aten::copy_,,,56.81,70.14,0,0.58,0,0
aclnnInplaceCopy,,,13.33,13.33,0.58,0.58,0,0
aten::slice,,,6.33,10.47,0,0,0,0
aten::as_strided,,,4.14,4.14,0,0,0,0
aten::add,,,19.14,38.65,0,1.74003125,0,0
empty_tensor,,,8.41,8.41,0,0,0,0
aclnnAdd,,,11.1,11.1,1.74003125,1.74003125,0,0
aten::slice,,,6.17,10.29,0,0,0,0
aten::as_strided,,,4.12,4.12,0,0,0,0
aten::copy_,,,50.71,64.77,0,0.6,0,0
aclnnInplaceCopy,,,14.06,14.06,0.6,0.6,0,0
aten::slice,,,6.0,10.3,0,0,0,0
aten::as_strided,,,4.3,4.3,0,0,0,0
aten::fill_,,,13.01,24.44,0,1.26003125,0,0
aclnnInplaceFillScalar,,,11.43,11.43,1.26003125,1.26003125,0,0
aten::slice,,,4.73,8.32,0,0,0,0
aten::as_strided,,,3.59,3.59,0,0,0,0
aten::slice,,,2.96,5.4,0,0,0,0
aten::as_strided,,,2.44,2.44,0,0,0,0
compute_slot_mapping_fused_groups_adaptive_kernel,,,25.41,25.41,4.820125,4.820125,0,0
aten::slice,,,9.3,17.99,0,0,0,0
aten::as_strided,,,8.69,8.69,0,0,0,0
aten::sub,,,27.96,58.46,0,1.56003125,0,0
empty_tensor,,,11.2,11.2,0,0,0,0
aten::item,,,2.77,4.59,0,0,0,0
aten::_local_scalar_dense,,,1.82,1.82,0,0,0,0
aclnnSubs,,,14.71,14.71,1.56003125,1.56003125,0,0
aten::pin_memory,,,8.0,28.04,0,0,0,0
aten::is_pinned,,,20.04,20.04,0,0,0,0
aten::copy_,,,20.02,38.33,0,2.50003125,0,0
acl_memcpy_host_to_device,,,18.31,18.31,2.50003125,2.50003125,0,0
aten::detach,,,5.15,5.15,0,0,0,0
aten::to,,,2.12,2.12,0,0,0,0
aten::resolve_conj,,,0.91,0.91,0,0,0,0
aten::resolve_neg,,,0.81,0.81,0,0,0,0
aten::slice,,,8.12,15.7,0,0,0,0
aten::as_strided,,,7.58,7.58,0,0,0,0
aten::slice,,,3.41,6.65,0,0,0,0
aten::as_strided,,,3.24,3.24,0,0,0,0
aten::slice,,,3.73,6.3,0,0,0,0
aten::as_strided,,,2.57,2.57,0,0,0,0
aten::fill_,,,20.55,37.56,0,1.36,0,0
aclnnInplaceFillScalar,,,17.01,17.01,1.36,1.36,0,0
aten::slice,,,4.63,8.45,0,0,0,0
aten::as_strided,,,3.82,3.82,0,0,0,0
aten::fill_,,,12.72,24.08,0,1.62003125,0,0
aclnnInplaceFillScalar,,,11.36,11.36,1.62003125,1.62003125,0,0
aten::slice,,,4.2,6.91,0,0,0,0
aten::as_strided,,,2.71,2.71,0,0,0,0
aten::slice,,,2.81,3.76,0,0,0,0
aten::as_strided,,,0.95,0.95,0,0,0,0
aten::lt,,,14.54,14.54,0,0,0,0
aten::lift_fresh,,,1.43,1.43,0,0,0,0
aten::slice,,,1.83,3.16,0,0,0,0
aten::as_strided,,,1.33,1.33,0,0,0,0
aten::fill_,,,2.82,13.27,0,0,0,0
aten::copy_,,,10.45,10.45,0,0,0,0
aten::slice,,,3.87,5.25,0,0,0,0
aten::as_strided,,,1.38,1.38,0,0,0,0
aten::slice,,,3.05,7.33,0,0,0,0
aten::as_strided,,,4.28,4.28,0,0,0,0
aten::slice,,,2.94,4.76,0,0,0,0
aten::as_strided,,,1.82,1.82,0,0,0,0
aten::slice,,,3.11,5.71,0,0,0,0
aten::as_strided,,,2.6,2.6,0,0,0,0
aten::slice,,,2.1,2.84,0,0,0,0
aten::as_strided,,,0.74,0.74,0,0,0,0
aten::slice,,,2.0,2.79,0,0,0,0
aten::as_strided,,,0.79,0.79,0,0,0,0
aten::slice,,,2.66,5.37,0,0,0,0
aten::as_strided,,,2.71,2.71,0,0,0,0
aten::slice,,,2.43,4.42,0,0,0,0
aten::as_strided,,,1.99,1.99,0,0,0,0
aten::slice,,,2.21,4.48,0,0,0,0
aten::as_strided,,,2.27,2.27,0,0,0,0
aten::slice,,,5.61,12.07,0,0,0,0
aten::as_strided,,,6.46,6.46,0,0,0,0
aten::slice,,,2.83,6.44,0,0,0,0
aten::as_strided,,,3.61,3.61,0,0,0,0
aten::slice,,,3.32,5.75,0,0,0,0
aten::as_strided,,,2.43,2.43,0,0,0,0
aten::to,,,1.77,1.77,0,0,0,0
aten::slice,,,2.52,5.54,0,0,0,0
aten::as_strided,,,3.02,3.02,0,0,0,0
aten::slice,,,2.5,4.68,0,0,0,0
aten::as_strided,,,2.18,2.18,0,0,0,0
aten::slice,,,2.32,3.71,0,0,0,0
aten::as_strided,,,1.39,1.39,0,0,0,0
aten::slice,,,2.99,6.34,0,0,0,0
aten::as_strided,,,3.35,3.35,0,0,0,0
aten::alias,,,3.63,3.63,0,0,0,0
aten::alias,,,3.64,3.64,0,0,0,0
aten::div,,,38.87,61.02,0,9.04015625,0,0
aten::item,,,2.17,5.45,0,0,0,0
aten::_local_scalar_dense,,,3.28,3.28,0,0,0,0
aclnnDivMods,,,16.7,16.7,9.04015625,9.04015625,0,0
aten::slice,,,3.02,7.92,0,0,0,0
aten::as_strided,,,4.9,4.9,0,0,0,0
aten::slice,,,7.25,10.02,0,0,0,0
aten::as_strided,,,2.77,2.77,0,0,0,0
aten::copy_,,,68.76,94.16,0,0.6,0,0
aclnnInplaceCopy,,,25.4,25.4,0.6,0.6,0,0
aten::slice,,,2.93,6.83,0,0,0,0
aten::as_strided,,,3.9,3.9,0,0,0,0
aten::slice,,,4.71,7.15,0,0,0,0
aten::as_strided,,,2.44,2.44,0,0,0,0
aten::ge,,,24.7,48.27,0,4.24009375,0,0
empty_tensor,,,11.35,11.35,0,0,0,0
aclnnGeScalar,,,12.22,12.22,4.24009375,4.24009375,0,0
aten::add,,,22.25,47.46,0,2.9000625,0,0
empty_tensor,,,6.62,6.62,0,0,0,0
aten::item,,,2.18,3.71,0,0,0,0
aten::_local_scalar_dense,,,1.53,1.53,0,0,0,0
aclnnAdds,,,14.88,14.88,2.9000625,2.9000625,0,0
aten::remainder,,,23.14,44.79,0,3.44009375,0,0
empty_tensor,,,6.94,6.94,0,0,0,0
aclnnRemainderTensorScalar,,,14.71,14.71,3.44009375,3.44009375,0,0
aten::eq,,,13.8,29.66,0,2.32003125,0,0
empty_tensor,,,5.82,5.82,0,0,0,0
aclnnEqScalar,,,10.04,10.04,2.32003125,2.32003125,0,0
aten::__and__,,,2.75,35.41,0,1.52003125,0,0
aten::bitwise_and,,,16.86,32.66,0,1.52003125,0,0
empty_tensor,,,6.27,6.27,0,0,0,0
aclnnBitwiseAndTensor,,,9.53,9.53,1.52003125,1.52003125,0,0
aten::clamp_min,,,16.71,79.91,0,2.8800625,0,0
empty_tensor,,,53.18,53.18,0,0,0,0
aclnnClampMin,,,10.02,10.02,2.8800625,2.8800625,0,0
aten::div,,,24.72,46.12,0,4.2800625,0,0
empty_tensor,,,7.43,7.43,0,0,0,0
aten::item,,,1.95,4.01,0,0,0,0
aten::_local_scalar_dense,,,2.06,2.06,0,0,0,0
aclnnDivMods,,,9.96,9.96,4.2800625,4.2800625,0,0
aten::remainder,,,19.31,32.17,0,4.94009375,0,0
empty_tensor,,,5.68,5.68,0,0,0,0
aclnnRemainderTensorScalar,,,7.18,7.18,4.94009375,4.94009375,0,0
aten::mul,,,17.01,35.01,0,1.42003125,0,0
empty_tensor,,,5.25,5.25,0,0,0,0
aten::item,,,1.39,3.0,0,0,0,0
aten::_local_scalar_dense,,,1.61,1.61,0,0,0,0
aclnnMuls,,,9.75,9.75,1.42003125,1.42003125,0,0
aten::div,,,25.16,45.01,0,4.00009375,0,0
empty_tensor,,,6.26,6.26,0,0,0,0
aten::item,,,1.53,3.59,0,0,0,0
aten::_local_scalar_dense,,,2.06,2.06,0,0,0,0
aclnnDivMods,,,10.0,10.0,4.00009375,4.00009375,0,0
aten::add,,,13.94,28.01,0,1.32003125,0,0
empty_tensor,,,5.45,5.45,0,0,0,0
aclnnAdd,,,8.62,8.62,1.32003125,1.32003125,0,0
aten::full_like,,,4.92,47.34,0,1.18003125,0,0
aten::empty_like,,,6.94,18.99,0,0,0,0
aten::empty_strided,,,7.07,12.05,0,0,0,0
empty_tensor,,,4.98,4.98,0,0,0,0
aten::fill_,,,10.69,23.43,0,1.18003125,0,0
aclnnInplaceFillScalar,,,12.74,12.74,1.18003125,1.18003125,0,0
aten::where,,,14.84,29.67,0,1.92003125,0,0
empty_tensor,,,5.95,5.95,0,0,0,0
aclnnSWhere,,,8.88,8.88,1.92003125,1.92003125,0,0
aten::copy_,,,14.93,23.77,0,1.14003125,0,0
aclnnInplaceCopy,,,8.84,8.84,1.14003125,1.14003125,0,0
aten::slice,,,3.93,8.71,0,0,0,0
aten::as_strided,,,4.78,4.78,0,0,0,0
aten::slice,,,5.75,9.26,0,0,0,0
aten::as_strided,,,3.51,3.51,0,0,0,0
aten::div,,,23.65,37.64,0,4.4400625,0,0
aten::item,,,1.91,3.06,0,0,0,0
aten::_local_scalar_dense,,,1.15,1.15,0,0,0,0
aclnnDivMods,,,10.93,10.93,4.4400625,4.4400625,0,0
aten::slice,,,2.36,6.16,0,0,0,0
aten::as_strided,,,3.8,3.8,0,0,0,0
aten::slice,,,3.87,8.08,0,0,0,0
aten::as_strided,,,4.21,4.21,0,0,0,0
aten::slice,,,2.22,4.32,0,0,0,0
aten::as_strided,,,2.1,2.1,0,0,0,0
aten::copy_,,,60.28,74.79,0,0.60003125,0,0
aclnnInplaceCopy,,,14.51,14.51,0.60003125,0.60003125,0,0
aten::slice,,,2.74,6.71,0,0,0,0
aten::as_strided,,,3.97,3.97,0,0,0,0
aten::slice,,,4.44,7.39,0,0,0,0
aten::as_strided,,,2.95,2.95,0,0,0,0
aten::copy_,,,50.86,64.59,0,0.64,0,0
aclnnInplaceCopy,,,13.73,13.73,0.64,0.64,0,0
aten::slice,,,5.08,8.14,0,0,0,0
aten::as_strided,,,3.06,3.06,0,0,0,0
aten::div,,,13.77,32.01,0,0,0,0
aten::to,,,1.34,18.24,0,0,0,0
aten::_to_copy,,,5.68,16.9,0,0,0,0
aten::empty_strided,,,3.36,3.36,0,0,0,0
aten::copy_,,,7.86,7.86,0,0,0,0
aten::slice,,,3.8,8.79,0,0,0,0
aten::as_strided,,,4.99,4.99,0,0,0,0
aten::slice,,,5.54,10.82,0,0,0,0
aten::as_strided,,,5.28,5.28,0,0,0,0
aten::slice,,,2.81,6.25,0,0,0,0
aten::as_strided,,,3.44,3.44,0,0,0,0
aten::slice,,,2.6,4.92,0,0,0,0
aten::as_strided,,,2.32,2.32,0,0,0,0
aten::fill_,,,22.14,38.04,0,1.34,0,0
aclnnInplaceFillScalar,,,15.9,15.9,1.34,1.34,0,0
aten::slice,,,5.27,8.96,0,0,0,0
aten::as_strided,,,3.69,3.69,0,0,0,0
aten::fill_,,,13.76,38.98,0,1.02003125,0,0
aclnnInplaceFillScalar,,,25.22,25.22,1.02003125,1.02003125,0,0
aten::slice,,,5.28,10.23,0,0,0,0
aten::as_strided,,,4.95,4.95,0,0,0,0
aten::slice,,,3.24,6.2,0,0,0,0
aten::as_strided,,,2.96,2.96,0,0,0,0
aten::slice,,,5.69,8.44,0,0,0,0
aten::as_strided,,,2.75,2.75,0,0,0,0
aten::slice,,,3.03,6.55,0,0,0,0
aten::as_strided,,,3.52,3.52,0,0,0,0
aten::slice,,,2.99,6.48,0,0,0,0
aten::as_strided,,,3.49,3.49,0,0,0,0
aten::slice,,,2.76,5.2,0,0,0,0
aten::as_strided,,,2.44,2.44,0,0,0,0
aten::slice,,,2.1,4.07,0,0,0,0
aten::as_strided,,,1.97,1.97,0,0,0,0
aten::fill_,,,16.62,31.48,0,1.22003125,0,0
aclnnInplaceFillScalar,,,14.86,14.86,1.22003125,1.22003125,0,0
aten::slice,,,4.09,7.72,0,0,0,0
aten::as_strided,,,3.63,3.63,0,0,0,0
aten::fill_,,,12.74,24.04,0,1.34003125,0,0
aclnnInplaceFillScalar,,,11.3,11.3,1.34003125,1.34003125,0,0
aten::slice,,,4.84,9.53,0,0,0,0
aten::as_strided,,,4.69,4.69,0,0,0,0
aten::slice,,,2.86,4.93,0,0,0,0
aten::as_strided,,,2.07,2.07,0,0,0,0
aten::slice,,,3.29,6.44,0,0,0,0
aten::as_strided,,,3.15,3.15,0,0,0,0
aten::slice,,,2.74,3.95,0,0,0,0
aten::as_strided,,,1.21,1.21,0,0,0,0
aten::slice,,,2.46,4.06,0,0,0,0
aten::as_strided,,,1.6,1.6,0,0,0,0
aten::slice,,,3.73,25.86,0,0,0,0
aten::as_strided,,,22.13,22.13,0,0,0,0
aten::slice,,,2.81,3.96,0,0,0,0
aten::as_strided,,,1.15,1.15,0,0,0,0
aten::slice,,,1.28,2.57,0,0,0,0
aten::as_strided,,,1.29,1.29,0,0,0,0
aten::diff,,,9.13,35.31,0,0,0,0
aten::narrow,,,6.04,9.49,0,0,0,0
aten::slice,,,1.77,3.45,0,0,0,0
aten::as_strided,,,1.68,1.68,0,0,0,0
aten::narrow,,,1.91,3.9,0,0,0,0
aten::slice,,,1.09,1.99,0,0,0,0
aten::as_strided,,,0.9,0.9,0,0,0,0
aten::sub,,,12.79,12.79,0,0,0,0
aten::eq,,,13.66,27.78,0,0,0,0
aten::to,,,1.57,14.12,0,0,0,0
aten::_to_copy,,,4.54,12.55,0,0,0,0
aten::empty_strided,,,2.75,2.75,0,0,0,0
aten::copy_,,,5.26,5.26,0,0,0,0
aten::__and__,,,2.17,7.52,0,0,0,0
aten::bitwise_and,,,5.35,5.35,0,0,0,0
aten::gt,,,8.69,16.69,0,0,0,0
aten::to,,,1.0,8.0,0,0,0,0
aten::_to_copy,,,2.47,7.0,0,0,0,0
aten::empty_strided,,,1.8,1.8,0,0,0,0
aten::copy_,,,2.73,2.73,0,0,0,0
aten::__and__,,,1.08,3.89,0,0,0,0
aten::bitwise_and,,,2.81,2.81,0,0,0,0
aten::any,,,11.83,14.46,0,0,0,0
aten::as_strided,,,1.4,1.4,0,0,0,0
aten::fill_,,,1.23,1.23,0,0,0,0
aten::item,,,1.68,3.0,0,0,0,0
aten::_local_scalar_dense,,,1.32,1.32,0,0,0,0
aten::slice,,,4.31,5.65,0,0,0,0
aten::as_strided,,,1.34,1.34,0,0,0,0
aten::slice,,,2.27,3.12,0,0,0,0
aten::as_strided,,,0.85,0.85,0,0,0,0
aten::sub,,,4.73,4.73,0,0,0,0
aten::select,,,3.6,5.08,0,0,0,0
aten::as_strided,,,1.48,1.48,0,0,0,0
aten::item,,,1.02,2.32,0,0,0,0
aten::_local_scalar_dense,,,1.3,1.3,0,0,0,0
aten::gt,,,7.42,15.78,0,0,0,0
aten::to,,,0.91,8.36,0,0,0,0
aten::_to_copy,,,2.79,7.45,0,0,0,0
aten::empty_strided,,,1.71,1.71,0,0,0,0
aten::copy_,,,2.95,2.95,0,0,0,0
aten::__ior__,,,2.31,8.17,0,0,0,0
aten::bitwise_or_,,,5.86,5.86,0,0,0,0
aten::any,,,7.26,9.17,0,0,0,0
aten::as_strided,,,1.1,1.1,0,0,0,0
aten::fill_,,,0.81,0.81,0,0,0,0
aten::is_nonzero,,,1.76,3.76,0,0,0,0
aten::item,,,1.15,2.0,0,0,0,0
aten::_local_scalar_dense,,,0.85,0.85,0,0,0,0
aten::select,,,5.38,12.17,0,0,0,0
aten::as_strided,,,6.79,6.79,0,0,0,0
aten::slice,,,4.93,9.41,0,0,0,0
aten::as_strided,,,4.48,4.48,0,0,0,0
aten::slice,,,2.64,4.92,0,0,0,0
aten::as_strided,,,2.28,2.28,0,0,0,0
aten::slice,,,2.26,4.43,0,0,0,0
aten::as_strided,,,2.17,2.17,0,0,0,0
aten::copy_,,,69.66,90.02,0,0.56,0,0
aclnnInplaceCopy,,,20.36,20.36,0.56,0.56,0,0
aten::slice,,,6.6,10.46,0,0,0,0
aten::as_strided,,,3.86,3.86,0,0,0,0
aten::fill_,,,16.44,30.74,0,1.16003125,0,0
aclnnInplaceFillScalar,,,14.3,14.3,1.16003125,1.16003125,0,0
aten::slice,,,6.06,10.56,0,0,0,0
aten::as_strided,,,4.5,4.5,0,0,0,0
aten::slice,,,2.82,5.47,0,0,0,0
aten::as_strided,,,2.65,2.65,0,0,0,0
aten::slice,,,2.57,4.84,0,0,0,0
aten::as_strided,,,2.27,2.27,0,0,0,0
aten::copy_,,,56.24,71.47,0,0.64003125,0,0
aclnnInplaceCopy,,,15.23,15.23,0.64003125,0.64003125,0,0
aten::slice,,,5.73,9.58,0,0,0,0
aten::as_strided,,,3.85,3.85,0,0,0,0
aten::slice,,,2.75,5.5,0,0,0,0
aten::as_strided,,,2.75,2.75,0,0,0,0
aten::expand_as,,,2.69,12.13,0,0,0,0
aten::expand,,,5.54,9.44,0,0,0,0
aten::as_strided,,,3.9,3.9,0,0,0,0
aten::copy_,,,48.89,63.57,0,0.54,0,0
aclnnInplaceCopy,,,14.68,14.68,0.54,0.54,0,0
aten::slice,,,5.96,10.23,0,0,0,0
aten::as_strided,,,4.27,4.27,0,0,0,0
aten::slice,,,3.04,6.64,0,0,0,0
aten::as_strided,,,3.6,3.6,0,0,0,0
aten::slice,,,2.41,4.62,0,0,0,0
aten::as_strided,,,2.21,2.21,0,0,0,0
aten::slice,,,2.19,4.21,0,0,0,0
aten::as_strided,,,2.02,2.02,0,0,0,0
aten::copy_,,,49.86,64.85,0,0.66,0,0
aclnnInplaceCopy,,,14.99,14.99,0.66,0.66,0,0
aten::slice,,,5.5,9.06,0,0,0,0
aten::as_strided,,,3.56,3.56,0,0,0,0
aten::slice,,,2.47,5.29,0,0,0,0
aten::as_strided,,,2.82,2.82,0,0,0,0
aten::slice,,,2.63,5.33,0,0,0,0
aten::as_strided,,,2.7,2.7,0,0,0,0
aten::sub,,,20.33,31.99,0,1.50003125,0,0
aclnnSub,,,11.66,11.66,1.50003125,1.50003125,0,0
aten::slice,,,6.89,9.55,0,0,0,0
aten::as_strided,,,2.66,2.66,0,0,0,0
aten::slice,,,2.82,8.07,0,0,0,0
aten::as_strided,,,5.25,5.25,0,0,0,0
aten::slice,,,2.48,4.89,0,0,0,0
aten::as_strided,,,2.41,2.41,0,0,0,0
aten::slice,,,2.67,5.21,0,0,0,0
aten::as_strided,,,2.54,2.54,0,0,0,0
aten::slice,,,2.2,4.09,0,0,0,0
aten::as_strided,,,1.89,1.89,0,0,0,0
aten::fill_,,,16.66,32.22,0,1.20003125,0,0
aclnnInplaceFillScalar,,,15.56,15.56,1.20003125,1.20003125,0,0
aten::slice,,,5.04,8.32,0,0,0,0
aten::as_strided,,,3.28,3.28,0,0,0,0
aten::fill_,,,11.97,22.23,0,1.52003125,0,0
aclnnInplaceFillScalar,,,10.26,10.26,1.52003125,1.52003125,0,0
aten::slice,,,4.66,8.87,0,0,0,0
aten::as_strided,,,4.21,4.21,0,0,0,0
aten::slice,,,2.62,4.61,0,0,0,0
aten::as_strided,,,1.99,1.99,0,0,0,0
aten::slice,,,2.73,5.43,0,0,0,0
aten::as_strided,,,2.7,2.7,0,0,0,0
aten::slice,,,2.47,3.95,0,0,0,0
aten::as_strided,,,1.48,1.48,0,0,0,0
aten::slice,,,2.62,3.71,0,0,0,0
aten::as_strided,,,1.09,1.09,0,0,0,0
aten::slice,,,2.58,3.45,0,0,0,0
aten::as_strided,,,0.87,0.87,0,0,0,0
aten::slice,,,2.35,3.01,0,0,0,0
aten::as_strided,,,0.66,0.66,0,0,0,0
aten::slice,,,1.14,2.16,0,0,0,0
aten::as_strided,,,1.02,1.02,0,0,0,0
aten::diff,,,6.68,29.73,0,0,0,0
aten::narrow,,,4.51,7.1,0,0,0,0
aten::slice,,,1.55,2.59,0,0,0,0
aten::as_strided,,,1.04,1.04,0,0,0,0
aten::narrow,,,1.73,3.55,0,0,0,0
aten::slice,,,1.05,1.82,0,0,0,0
aten::as_strided,,,0.77,0.77,0,0,0,0
aten::sub,,,12.4,12.4,0,0,0,0
aten::eq,,,11.6,26.1,0,0,0,0
aten::to,,,1.8,14.5,0,0,0,0
aten::_to_copy,,,4.25,12.7,0,0,0,0
aten::empty_strided,,,2.97,2.97,0,0,0,0
aten::copy_,,,5.48,5.48,0,0,0,0
aten::__and__,,,2.09,6.16,0,0,0,0
aten::bitwise_and,,,4.07,4.07,0,0,0,0
aten::gt,,,6.72,14.12,0,0,0,0
aten::to,,,0.89,7.4,0,0,0,0
aten::_to_copy,,,2.45,6.51,0,0,0,0
aten::empty_strided,,,1.58,1.58,0,0,0,0
aten::copy_,,,2.48,2.48,0,0,0,0
aten::__and__,,,1.49,4.36,0,0,0,0
aten::bitwise_and,,,2.87,2.87,0,0,0,0
aten::any,,,8.5,10.95,0,0,0,0
aten::as_strided,,,1.39,1.39,0,0,0,0
aten::fill_,,,1.06,1.06,0,0,0,0
aten::item,,,1.62,2.87,0,0,0,0
aten::_local_scalar_dense,,,1.25,1.25,0,0,0,0
aten::slice,,,4.56,5.85,0,0,0,0
aten::as_strided,,,1.29,1.29,0,0,0,0
aten::slice,,,2.03,3.01,0,0,0,0
aten::as_strided,,,0.98,0.98,0,0,0,0
aten::sub,,,4.42,4.42,0,0,0,0
aten::select,,,2.55,3.56,0,0,0,0
aten::as_strided,,,1.01,1.01,0,0,0,0
aten::item,,,1.01,2.07,0,0,0,0
aten::_local_scalar_dense,,,1.06,1.06,0,0,0,0
aten::gt,,,7.06,15.71,0,0,0,0
aten::to,,,1.28,8.65,0,0,0,0
aten::_to_copy,,,2.58,7.37,0,0,0,0
aten::empty_strided,,,1.7,1.7,0,0,0,0
aten::copy_,,,3.09,3.09,0,0,0,0
aten::__ior__,,,1.69,5.65,0,0,0,0
aten::bitwise_or_,,,3.96,3.96,0,0,0,0
aten::any,,,6.87,8.75,0,0,0,0
aten::as_strided,,,1.15,1.15,0,0,0,0
aten::fill_,,,0.73,0.73,0,0,0,0
aten::is_nonzero,,,1.29,3.19,0,0,0,0
aten::item,,,1.07,1.9,0,0,0,0
aten::_local_scalar_dense,,,0.83,0.83,0,0,0,0
aten::select,,,4.0,9.9,0,0,0,0
aten::as_strided,,,5.9,5.9,0,0,0,0
aten::slice,,,4.46,8.37,0,0,0,0
aten::as_strided,,,3.91,3.91,0,0,0,0
aten::slice,,,2.46,4.8,0,0,0,0
aten::as_strided,,,2.34,2.34,0,0,0,0
aten::slice,,,2.16,4.25,0,0,0,0
aten::as_strided,,,2.09,2.09,0,0,0,0
aten::copy_,,,69.08,101.65,0,0.54,0,0
aclnnInplaceCopy,,,32.57,32.57,0.54,0.54,0,0
aten::slice,,,6.54,10.55,0,0,0,0
aten::as_strided,,,4.01,4.01,0,0,0,0
aten::fill_,,,16.71,39.59,0,1.5800625,0,0
aclnnInplaceFillScalar,,,22.88,22.88,1.5800625,1.5800625,0,0
aten::slice,,,4.88,8.64,0,0,0,0
aten::as_strided,,,3.76,3.76,0,0,0,0
aten::slice,,,2.45,5.1,0,0,0,0
aten::as_strided,,,2.65,2.65,0,0,0,0
aten::slice,,,10.11,12.07,0,0,0,0
aten::as_strided,,,1.96,1.96,0,0,0,0
aten::copy_,,,58.45,82.32,0,0.58,0,0
aclnnInplaceCopy,,,23.87,23.87,0.58,0.58,0,0
aten::slice,,,5.64,9.6,0,0,0,0
aten::as_strided,,,3.96,3.96,0,0,0,0
aten::slice,,,3.49,7.87,0,0,0,0
aten::as_strided,,,4.38,4.38,0,0,0,0
aten::expand_as,,,2.0,9.86,0,0,0,0
aten::expand,,,4.02,7.86,0,0,0,0
aten::as_strided,,,3.84,3.84,0,0,0,0
aten::copy_,,,52.89,68.87,0,0.52,0,0
aclnnInplaceCopy,,,15.98,15.98,0.52,0.52,0,0
aten::slice,,,5.37,9.78,0,0,0,0
aten::as_strided,,,4.41,4.41,0,0,0,0
aten::slice,,,4.1,6.63,0,0,0,0
aten::as_strided,,,2.53,2.53,0,0,0,0
aten::slice,,,2.17,4.53,0,0,0,0
aten::as_strided,,,2.36,2.36,0,0,0,0
aten::slice,,,2.64,20.05,0,0,0,0
aten::as_strided,,,17.41,17.41,0,0,0,0
aten::copy_,,,51.54,65.3,0,0.64,0,0
aclnnInplaceCopy,,,13.76,13.76,0.64,0.64,0,0
aten::slice,,,6.16,10.35,0,0,0,0
aten::as_strided,,,4.19,4.19,0,0,0,0
aten::slice,,,2.45,5.16,0,0,0,0
aten::as_strided,,,2.71,2.71,0,0,0,0
aten::slice,,,2.24,4.7,0,0,0,0
aten::as_strided,,,2.46,2.46,0,0,0,0
aten::sub,,,17.74,29.52,0,1.38003125,0,0
aclnnSub,,,11.78,11.78,1.38003125,1.38003125,0,0
aten::slice,,,7.57,10.36,0,0,0,0
aten::as_strided,,,2.79,2.79,0,0,0,0
aten::slice,,,2.79,7.75,0,0,0,0
aten::as_strided,,,4.96,4.96,0,0,0,0
aten::slice,,,2.87,5.98,0,0,0,0
aten::as_strided,,,3.11,3.11,0,0,0,0
aten::slice,,,2.25,4.61,0,0,0,0
aten::as_strided,,,2.36,2.36,0,0,0,0
aten::slice,,,2.73,4.6,0,0,0,0
aten::as_strided,,,1.87,1.87,0,0,0,0
aten::fill_,,,17.88,33.08,0,1.18,0,0
aclnnInplaceFillScalar,,,15.2,15.2,1.18,1.18,0,0
aten::slice,,,4.64,8.08,0,0,0,0
aten::as_strided,,,3.44,3.44,0,0,0,0
aten::fill_,,,13.25,24.14,0,1.08,0,0
aclnnInplaceFillScalar,,,10.89,10.89,1.08,1.08,0,0
aten::slice,,,5.2,9.76,0,0,0,0
aten::as_strided,,,4.56,4.56,0,0,0,0
aten::slice,,,2.55,4.25,0,0,0,0
aten::as_strided,,,1.7,1.7,0,0,0,0
aten::slice,,,2.43,5.14,0,0,0,0
aten::as_strided,,,2.71,2.71,0,0,0,0
aten::slice,,,2.47,3.61,0,0,0,0
aten::as_strided,,,1.14,1.14,0,0,0,0
aten::slice,,,2.79,4.34,0,0,0,0
aten::as_strided,,,1.55,1.55,0,0,0,0
aten::slice,,,2.04,3.05,0,0,0,0
aten::as_strided,,,1.01,1.01,0,0,0,0
aten::slice,,,2.14,3.05,0,0,0,0
aten::as_strided,,,0.91,0.91,0,0,0,0
aten::slice,,,1.29,2.29,0,0,0,0
aten::as_strided,,,1.0,1.0,0,0,0,0
aten::diff,,,7.32,30.85,0,0,0,0
aten::narrow,,,4.58,8.13,0,0,0,0
aten::slice,,,1.67,3.55,0,0,0,0
aten::as_strided,,,1.88,1.88,0,0,0,0
aten::narrow,,,1.98,3.72,0,0,0,0
aten::slice,,,0.9,1.74,0,0,0,0
aten::as_strided,,,0.84,0.84,0,0,0,0
aten::sub,,,11.68,11.68,0,0,0,0
aten::eq,,,12.61,26.68,0,0,0,0
aten::to,,,1.58,14.07,0,0,0,0
aten::_to_copy,,,4.22,12.49,0,0,0,0
aten::empty_strided,,,2.88,2.88,0,0,0,0
aten::copy_,,,5.39,5.39,0,0,0,0
aten::__and__,,,1.76,6.12,0,0,0,0
aten::bitwise_and,,,4.36,4.36,0,0,0,0
aten::gt,,,7.04,14.8,0,0,0,0
aten::to,,,1.36,7.76,0,0,0,0
aten::_to_copy,,,2.27,6.4,0,0,0,0
aten::empty_strided,,,1.72,1.72,0,0,0,0
aten::copy_,,,2.41,2.41,0,0,0,0
aten::__and__,,,0.96,3.76,0,0,0,0
aten::bitwise_and,,,2.8,2.8,0,0,0,0
aten::any,,,9.04,11.48,0,0,0,0
aten::as_strided,,,1.17,1.17,0,0,0,0
aten::fill_,,,1.27,1.27,0,0,0,0
aten::item,,,1.68,2.83,0,0,0,0
aten::_local_scalar_dense,,,1.15,1.15,0,0,0,0
aten::slice,,,4.28,6.14,0,0,0,0
aten::as_strided,,,1.86,1.86,0,0,0,0
aten::slice,,,2.08,2.87,0,0,0,0
aten::as_strided,,,0.79,0.79,0,0,0,0
aten::sub,,,4.69,4.69,0,0,0,0
aten::select,,,3.27,5.37,0,0,0,0
aten::as_strided,,,2.1,2.1,0,0,0,0
aten::item,,,0.97,1.87,0,0,0,0
aten::_local_scalar_dense,,,0.9,0.9,0,0,0,0
aten::gt,,,7.4,16.16,0,0,0,0
aten::to,,,0.92,8.76,0,0,0,0
aten::_to_copy,,,2.5,7.84,0,0,0,0
aten::empty_strided,,,1.86,1.86,0,0,0,0
aten::copy_,,,3.48,3.48,0,0,0,0
aten::__ior__,,,1.99,5.73,0,0,0,0
aten::bitwise_or_,,,3.74,3.74,0,0,0,0
aten::any,,,7.3,9.26,0,0,0,0
aten::as_strided,,,1.33,1.33,0,0,0,0
aten::fill_,,,0.63,0.63,0,0,0,0
aten::is_nonzero,,,1.13,3.2,0,0,0,0
aten::item,,,0.94,2.07,0,0,0,0
aten::_local_scalar_dense,,,1.13,1.13,0,0,0,0
aten::select,,,4.08,10.46,0,0,0,0
aten::as_strided,,,6.38,6.38,0,0,0,0
aten::slice,,,4.39,8.49,0,0,0,0
aten::as_strided,,,4.1,4.1,0,0,0,0
aten::slice,,,2.28,4.58,0,0,0,0
aten::as_strided,,,2.3,2.3,0,0,0,0
aten::slice,,,2.38,5.08,0,0,0,0
aten::as_strided,,,2.7,2.7,0,0,0,0
aten::copy_,,,67.69,88.87,0,0.56003125,0,0
aclnnInplaceCopy,,,21.18,21.18,0.56003125,0.56003125,0,0
aten::slice,,,6.42,11.03,0,0,0,0
aten::as_strided,,,4.61,4.61,0,0,0,0
aten::fill_,,,16.66,29.71,0,1.24003125,0,0
aclnnInplaceFillScalar,,,13.05,13.05,1.24003125,1.24003125,0,0
aten::slice,,,6.1,10.88,0,0,0,0
aten::as_strided,,,4.78,4.78,0,0,0,0
aten::slice,,,3.14,5.98,0,0,0,0
aten::as_strided,,,2.84,2.84,0,0,0,0
aten::slice,,,2.85,5.56,0,0,0,0
aten::as_strided,,,2.71,2.71,0,0,0,0
aten::copy_,,,55.47,69.46,0,0.64003125,0,0
aclnnInplaceCopy,,,13.99,13.99,0.64003125,0.64003125,0,0
aten::slice,,,6.15,10.65,0,0,0,0
aten::as_strided,,,4.5,4.5,0,0,0,0
aten::slice,,,2.92,6.03,0,0,0,0
aten::as_strided,,,3.11,3.11,0,0,0,0
aten::expand_as,,,2.18,10.13,0,0,0,0
aten::expand,,,4.06,7.95,0,0,0,0
aten::as_strided,,,3.89,3.89,0,0,0,0
aten::copy_,,,48.05,62.42,0,0.56003125,0,0
aclnnInplaceCopy,,,14.37,14.37,0.56003125,0.56003125,0,0
aten::slice,,,6.24,11.01,0,0,0,0
aten::as_strided,,,4.77,4.77,0,0,0,0
aten::slice,,,3.52,7.11,0,0,0,0
aten::as_strided,,,3.59,3.59,0,0,0,0
aten::slice,,,2.57,5.04,0,0,0,0
aten::as_strided,,,2.47,2.47,0,0,0,0
aten::slice,,,2.67,5.31,0,0,0,0
aten::as_strided,,,2.64,2.64,0,0,0,0
aten::copy_,,,49.45,62.84,0,0.58,0,0
aclnnInplaceCopy,,,13.39,13.39,0.58,0.58,0,0
aten::slice,,,5.45,9.02,0,0,0,0
aten::as_strided,,,3.57,3.57,0,0,0,0
aten::slice,,,2.68,5.18,0,0,0,0
aten::as_strided,,,2.5,2.5,0,0,0,0
aten::slice,,,2.27,4.46,0,0,0,0
aten::as_strided,,,2.19,2.19,0,0,0,0
aten::sub,,,17.04,28.65,0,1.44003125,0,0
aclnnSub,,,11.61,11.61,1.44003125,1.44003125,0,0
Event::record,,,157.53,182.41,0,0.0,0,0
record_event,,,24.88,24.88,0.0,0.0,0,0
aten::slice,,,9.3,17.9,0,0,0,0
aten::as_strided,,,8.6,8.6,0,0,0,0
aten::slice,,,3.77,7.29,0,0,0,0
aten::as_strided,,,3.52,3.52,0,0,0,0
aten::slice,,,2.59,4.76,0,0,0,0
aten::as_strided,,,2.17,2.17,0,0,0,0
aten::zero_,,,19.78,35.71,0,1.76003125,0,0
aclnnInplaceZero,,,15.93,15.93,1.76003125,1.76003125,0,0
aten::slice,,,8.34,16.59,0,0,0,0
aten::as_strided,,,8.25,8.25,0,0,0,0
aten::scalar_tensor,,,6.84,57.01,0,1.4600625,0,0
aten::empty,,,3.3,16.33,0,0,0,0
empty_tensor,,,13.03,13.03,0,0,0,0
aten::fill_,,,17.7,33.84,0,1.4600625,0,0
aclnnInplaceFillScalar,,,16.14,16.14,1.4600625,1.4600625,0,0
aten::slice,,,5.5,11.56,0,0,0,0
aten::as_strided,,,6.06,6.06,0,0,0,0
aten::view,,,3.98,3.98,0,0,0,0
aten::expand,,,2.1,4.66,0,0,0,0
aten::as_strided,,,2.56,2.56,0,0,0,0
aten::copy_,,,24.29,36.74,0,4.0200625,0,0
aclnnInplaceCopy,,,12.45,12.45,4.0200625,4.0200625,0,0
aten::scalar_tensor,,,4.83,35.86,0,1.34003125,0,0
aten::empty,,,2.34,8.7,0,0,0,0
empty_tensor,,,6.36,6.36,0,0,0,0
aten::fill_,,,10.72,22.33,0,1.34003125,0,0
aclnnInplaceFillScalar,,,11.61,11.61,1.34003125,1.34003125,0,0
aten::slice,,,4.97,9.79,0,0,0,0
aten::as_strided,,,4.82,4.82,0,0,0,0
aten::view,,,2.21,2.21,0,0,0,0
aten::expand,,,1.93,4.01,0,0,0,0
aten::as_strided,,,2.08,2.08,0,0,0,0
aten::copy_,,,56.65,67.98,0,0.56,0,0
aclnnInplaceCopy,,,11.33,11.33,0.56,0.56,0,0
aten::index,,,44.0,81.25,0,12.00025,0,0
empty_tensor,,,9.15,9.15,0,0,0,0
empty_tensor,,,9.21,9.21,0,0,0,0
aclnnIndex,,,18.89,18.89,12.00025,12.00025,0,0
aten::linear,,,6.27,75.34,0,914.69828125,0,914.69828125
aten::t,,,6.71,17.34,0,0,0,0
aten::transpose,,,4.15,10.63,0,0,0,0
aten::as_strided,,,6.48,6.48,0,0,0,0
aten::matmul,,,24.6,51.73,0,914.69828125,0,914.69828125
empty_tensor,,,10.35,10.35,0,0,0,0
aclnnMatmul,,,16.78,16.78,914.69828125,914.69828125,914.69828125,914.69828125
aten::alias,,,3.32,3.32,0,0,0,0
aten::log_softmax,,,9.37,118.4,0,53.3010625,0,0
aten::to,,,3.41,73.94,0,8.42015625,0,0
aten::_to_copy,,,8.36,70.53,0,8.42015625,0,0
aten::empty_strided,,,13.84,21.7,0,0,0,0
empty_tensor,,,7.86,7.86,0,0,0,0
aten::copy_,,,22.03,40.47,0,8.42015625,0,0
aclnnInplaceCopy,,,18.44,18.44,8.42015625,8.42015625,0,0
aten::_log_softmax,,,20.06,35.09,0,44.88090625,0,0
empty_tensor,,,9.21,9.21,0,0,0,0
aclnnLogSoftmax,,,5.82,5.82,44.88090625,44.88090625,0,0
aten::to,,,2.03,49.29,0,3.2200625,0,0
aten::_to_copy,,,5.52,47.26,0,3.2200625,0,0
aten::empty_strided,,,8.15,12.91,0,0,0,0
empty_tensor,,,4.76,4.76,0,0,0,0
aten::copy_,,,15.64,28.83,0,3.2200625,0,0
aclnnInplaceCopy,,,13.19,13.19,3.2200625,3.2200625,0,0
aten::argmax,,,8.71,62.47,0,21.080437500000002,0,0
aten::empty,,,2.66,11.15,0,0,0,0
empty_tensor,,,8.49,8.49,0,0,0,0
aten::argmax,,,24.36,42.61,0,21.080437500000002,0,0
aten::reshape,,,2.3,7.17,0,0,0,0
aten::view,,,4.87,4.87,0,0,0,0
aclnnArgMax,,,11.08,11.08,21.080437500000002,21.080437500000002,0,0
aten::view,,,3.59,3.59,0,0,0,0
aten::to,,,1.5,1.5,0,0,0,0
aten::topk,,,24.44,48.17,0,41.140875,0,0
empty_tensor,,,7.37,7.37,0,0,0,0
empty_tensor,,,4.66,4.66,0,0,0,0
aclnnTopk,,,11.7,11.7,41.140875,41.140875,0,0
aten::unsqueeze,,,4.31,9.23,0,0,0,0
aten::as_strided,,,4.92,4.92,0,0,0,0
aten::gather,,,20.97,32.14,0,6.080125,0,0
empty_tensor,,,7.42,7.42,0,0,0,0
aclnnGather,,,3.75,3.75,6.080125,6.080125,0,0
TorchDynamo Cache Lookup,,,40.23,40.23,0,0,0,0
Torch-Compiled Region: 0/0,,,126.49,218.56,0,42.100843749999996,0,0
aten::_assert_scalar,,,3.68,3.68,0,0,0,0
aten::_assert_scalar,,,1.23,1.23,0,0,0,0
aten::_assert_scalar,,,1.18,1.18,0,0,0,0
aten::ge,,,22.17,52.23,0,13.28028125,0,0
empty_tensor,,,12.83,12.83,0,0,0,0
aclnnGeTensor,,,17.23,17.23,13.28028125,13.28028125,0,0
aten::sum,,,21.65,33.75,0,28.820562499999998,0,0
empty_tensor,,,8.02,8.02,0,0,0,0
aclnnReduceSum,,,4.08,4.08,28.820562499999998,28.820562499999998,0,0
aten::cat,,,21.68,43.95,0,3.1800625,0,0
empty_tensor,,,8.24,8.24,0,0,0,0
aclnnCat,,,14.03,14.03,3.1800625,3.1800625,0,0
aten::cat,,,12.64,31.03,0,2.6800625,0,0
empty_tensor,,,7.11,7.11,0,0,0,0
aclnnCat,,,11.28,11.28,2.6800625,2.6800625,0,0
aten::to,,,2.45,49.18,0,1.44003125,0,0
aten::_to_copy,,,6.48,46.73,0,1.44003125,0,0
aten::empty_strided,,,8.13,12.71,0,0,0,0
empty_tensor,,,4.58,4.58,0,0,0,0
aten::copy_,,,16.2,27.54,0,1.44003125,0,0
aclnnInplaceCopy,,,11.34,11.34,1.44003125,1.44003125,0,0
aten::to,,,1.78,42.68,0,1.56003125,0,0
aten::_to_copy,,,4.28,40.9,0,1.56003125,0,0
aten::empty_strided,,,6.89,11.93,0,0,0,0
empty_tensor,,,5.04,5.04,0,0,0,0
aten::copy_,,,14.16,24.69,0,1.56003125,0,0
aclnnInplaceCopy,,,10.53,10.53,1.56003125,1.56003125,0,0
aten::unsqueeze,,,3.38,8.1,0,0,0,0
aten::as_strided,,,4.72,4.72,0,0,0,0
Event::record,,,144.51,165.08,0,0.02,0,0
record_event,,,20.57,20.57,0.02,0.02,0,0
aten::slice,,,5.52,15.04,0,0,0,0
aten::as_strided,,,9.52,9.52,0,0,0,0
Event::wait,,,71.93,94.67,0,2385.18765625,0,0
wait_event,,,22.74,22.74,2385.18765625,2385.18765625,0,0
Event::record,,,92.62,113.14,0,0.02,0,0
record_event,,,20.52,20.52,0.02,0.02,0,0
Event::wait,,,56.11,71.46,0,2037.70071875,0,0
wait_event,,,15.35,15.35,2037.70071875,2037.70071875,0,0
destroy_event,,,13.31,13.31,0,0,0,0
aten::to,,,3.73,75.46,0,2.10003125,0,0
aten::_to_copy,,,7.81,71.73,0,2.10003125,0,0
aten::empty_strided,,,32.06,32.06,0,0,0,0
aten::copy_,,,21.17,31.86,0,2.10003125,0,0
acl_memcpy_device_to_host,,,10.69,10.69,2.10003125,2.10003125,0,0
aten::to,,,2.64,59.67,0,2.08003125,0,0
aten::_to_copy,,,5.66,57.03,0,2.08003125,0,0
aten::empty_strided,,,22.11,22.11,0,0,0,0
aten::copy_,,,16.4,29.26,0,2.08003125,0,0
acl_memcpy_device_to_host,,,12.86,12.86,2.08003125,2.08003125,0,0
aten::to,,,2.33,35.1,0,2.0800625,0,0
aten::_to_copy,,,4.84,32.77,0,2.0800625,0,0
aten::empty_strided,,,3.27,3.27,0,0,0,0
aten::copy_,,,13.98,24.66,0,2.0800625,0,0
acl_memcpy_device_to_host,,,10.68,10.68,2.0800625,2.0800625,0,0
aten::to,,,13.4,53.31,0,1.92003125,0,0
aten::_to_copy,,,3.95,39.91,0,1.92003125,0,0
aten::empty_strided,,,3.39,3.39,0,0,0,0
aten::copy_,,,13.65,32.57,0,1.92003125,0,0
acl_memcpy_device_to_host,,,18.92,18.92,1.92003125,1.92003125,0,0
Event::record,,,167.34,184.38,0,0.02,0,0
record_event,,,17.04,17.04,0.02,0.02,0,0
Event::synchronize,,,81.34,81.34,0,0,0,0
aten::resolve_conj,,,1.89,1.89,0,0,0,0
aten::resolve_neg,,,0.97,0.97,0,0,0,0
aten::to,,,2.67,2.67,0,0,0,0
aten::detach,,,3.99,3.99,0,0,0,0
aten::to,,,0.58,0.58,0,0,0,0
aten::resolve_conj,,,0.44,0.44,0,0,0,0
aten::resolve_neg,,,0.34,0.34,0,0,0,0
aten::to,,,1.44,1.44,0,0,0,0
aten::detach,,,2.08,2.08,0,0,0,0
aten::to,,,0.56,0.56,0,0,0,0
aten::resolve_conj,,,0.47,0.47,0,0,0,0
aten::resolve_neg,,,0.32,0.32,0,0,0,0
aten::to,,,1.02,1.02,0,0,0,0
aten::detach,,,1.03,1.03,0,0,0,0
aten::to,,,0.67,0.67,0,0,0,0
aten::resolve_conj,,,0.33,0.33,0,0,0,0
aten::resolve_neg,,,0.93,0.93,0,0,0,0
destroy_event,,,22.52,22.52,0,0,0,0
record_event,,,9.11,9.11,0.02,0.02,0,0
Event::synchronize,,,144.33,144.33,0,0,0,0
aten::slice,,,13.48,18.76,0,0,0,0
aten::as_strided,,,5.28,5.28,0,0,0,0
aten::slice,,,3.59,12.46,0,0,0,0
aten::as_strided,,,8.87,8.87,0,0,0,0
aten::pin_memory,,,132.75,151.87,0,0,0,0
aten::is_pinned,,,19.12,19.12,0,0,0,0
aten::copy_,,,25.19,42.25,0,2.42003125,0,0
acl_memcpy_host_to_device,,,17.06,17.06,2.42003125,2.42003125,0,0
aten::slice,,,6.81,9.71,0,0,0,0
aten::as_strided,,,2.9,2.9,0,0,0,0
aten::slice,,,2.92,8.59,0,0,0,0
aten::as_strided,,,5.67,5.67,0,0,0,0
aten::pin_memory,,,4.05,13.02,0,0,0,0
aten::is_pinned,,,8.97,8.97,0,0,0,0
aten::copy_,,,15.68,30.22,0,2.3600625,0,0
acl_memcpy_host_to_device,,,14.54,14.54,2.3600625,2.3600625,0,0
aten::slice,,,5.31,7.15,0,0,0,0
aten::as_strided,,,1.84,1.84,0,0,0,0
aten::slice,,,2.41,5.99,0,0,0,0
aten::as_strided,,,3.58,3.58,0,0,0,0
aten::pin_memory,,,3.52,10.98,0,0,0,0
aten::is_pinned,,,7.46,7.46,0,0,0,0
aten::copy_,,,13.51,24.79,0,2.3600625,0,0
acl_memcpy_host_to_device,,,11.28,11.28,2.3600625,2.3600625,0,0
aten::slice,,,4.12,6.7,0,0,0,0
aten::as_strided,,,2.58,2.58,0,0,0,0
aten::slice,,,2.24,5.76,0,0,0,0
aten::as_strided,,,3.52,3.52,0,0,0,0
aten::pin_memory,,,3.25,9.93,0,0,0,0
aten::is_pinned,,,6.68,6.68,0,0,0,0
aten::copy_,,,12.24,25.18,0,2.2600625,0,0
acl_memcpy_host_to_device,,,12.94,12.94,2.2600625,2.2600625,0,0
aten::slice,,,5.18,6.92,0,0,0,0
aten::as_strided,,,1.74,1.74,0,0,0,0
aten::slice,,,2.2,5.54,0,0,0,0
aten::as_strided,,,3.34,3.34,0,0,0,0
aten::pin_memory,,,20.96,29.63,0,0,0,0
aten::is_pinned,,,8.67,8.67,0,0,0,0
aten::copy_,,,13.64,26.04,0,2.5200625,0,0
acl_memcpy_host_to_device,,,12.4,12.4,2.5200625,2.5200625,0,0
aten::slice,,,10.31,15.27,0,0,0,0
aten::as_strided,,,4.96,4.96,0,0,0,0
aten::slice,,,3.44,9.79,0,0,0,0
aten::as_strided,,,6.35,6.35,0,0,0,0
aten::pin_memory,,,4.66,19.3,0,0,0,0
aten::is_pinned,,,14.64,14.64,0,0,0,0
aten::copy_,,,17.61,35.06,0,2.5000625,0,0
acl_memcpy_host_to_device,,,17.45,17.45,2.5000625,2.5000625,0,0
aten::slice,,,5.41,9.34,0,0,0,0
aten::as_strided,,,3.93,3.93,0,0,0,0
aten::lift_fresh,,,1.3,1.3,0,0,0,0
aten::lift_fresh,,,1.86,1.86,0,0,0,0
aten::flatten,,,4.41,12.24,0,0,0,0
aten::view,,,7.83,7.83,0,0,0,0
aten::slice,,,4.06,5.72,0,0,0,0
aten::as_strided,,,1.66,1.66,0,0,0,0
aten::index_select,,,7.85,7.85,0,0,0,0
aten::pin_memory,,,3.38,17.47,0,0,0,0
aten::is_pinned,,,14.09,14.09,0,0,0,0
aten::copy_,,,16.61,32.13,0,2.2600625,0,0
acl_memcpy_host_to_device,,,15.52,15.52,2.2600625,2.2600625,0,0
aten::pin_memory,,,3.51,11.36,0,0,0,0
aten::is_pinned,,,7.85,7.85,0,0,0,0
aten::copy_,,,13.48,24.37,0,2.2000625,0,0
acl_memcpy_host_to_device,,,10.89,10.89,2.2000625,2.2000625,0,0
aten::slice,,,6.06,9.18,0,0,0,0
aten::as_strided,,,3.12,3.12,0,0,0,0
aten::lift_fresh,,,0.74,0.74,0,0,0,0
aten::slice,,,3.76,4.84,0,0,0,0
aten::as_strided,,,1.08,1.08,0,0,0,0
aten::add,,,15.55,15.55,0,0,0,0
aten::slice,,,3.05,4.16,0,0,0,0
aten::as_strided,,,1.11,1.11,0,0,0,0
aten::fill_,,,2.45,2.45,0,0,0,0
aten::slice,,,9.11,14.24,0,0,0,0
aten::as_strided,,,5.13,5.13,0,0,0,0
aten::fill_,,,21.5,36.21,0,1.66003125,0,0
aclnnInplaceFillScalar,,,14.71,14.71,1.66003125,1.66003125,0,0
aten::slice,,,6.44,12.31,0,0,0,0
aten::as_strided,,,5.87,5.87,0,0,0,0
aten::select,,,4.74,7.84,0,0,0,0
aten::as_strided,,,3.1,3.1,0,0,0,0
aten::copy_,,,76.07,93.5,0,0.62,0,0
aclnnInplaceCopy,,,17.43,17.43,0.62,0.62,0,0
aten::slice,,,7.71,10.56,0,0,0,0
aten::as_strided,,,2.85,2.85,0,0,0,0
aten::detach,,,3.28,3.28,0,0,0,0
aten::to,,,1.89,1.89,0,0,0,0
aten::resolve_conj,,,0.88,0.88,0,0,0,0
aten::resolve_neg,,,0.72,0.72,0,0,0,0
aten::slice,,,5.14,7.87,0,0,0,0
aten::as_strided,,,2.73,2.73,0,0,0,0
aten::slice,,,2.96,8.08,0,0,0,0
aten::as_strided,,,5.12,5.12,0,0,0,0
aten::pin_memory,,,3.86,19.19,0,0,0,0
aten::is_pinned,,,15.33,15.33,0,0,0,0
aten::copy_,,,3.89,3.89,0,0,0,0
aten::slice,,,5.47,7.46,0,0,0,0
aten::as_strided,,,1.99,1.99,0,0,0,0
aten::slice,,,2.76,6.55,0,0,0,0
aten::as_strided,,,3.79,3.79,0,0,0,0
aten::pin_memory,,,3.21,12.21,0,0,0,0
aten::is_pinned,,,9.0,9.0,0,0,0,0
aten::copy_,,,16.79,34.93,0,2.4200625,0,0
acl_memcpy_host_to_device,,,18.14,18.14,2.4200625,2.4200625,0,0
aten::fill_,,,18.87,32.68,0,1.42003125,0,0
aclnnInplaceFillScalar,,,13.81,13.81,1.42003125,1.42003125,0,0
aten::slice,,,6.76,10.69,0,0,0,0
aten::as_strided,,,3.93,3.93,0,0,0,0
aten::slice,,,3.38,5.14,0,0,0,0
aten::as_strided,,,1.76,1.76,0,0,0,0
aten::copy_,,,16.95,28.13,0,2.16003125,0,0
acl_memcpy_host_to_device,,,11.18,11.18,2.16003125,2.16003125,0,0
aten::slice,,,4.84,6.85,0,0,0,0
aten::as_strided,,,2.01,2.01,0,0,0,0
aten::slice,,,2.69,6.63,0,0,0,0
aten::as_strided,,,3.94,3.94,0,0,0,0
aten::pin_memory,,,3.76,12.25,0,0,0,0
aten::is_pinned,,,8.49,8.49,0,0,0,0
aten::copy_,,,13.19,25.01,0,2.3600625,0,0
acl_memcpy_host_to_device,,,11.82,11.82,2.3600625,2.3600625,0,0
aten::slice,,,5.22,9.38,0,0,0,0
aten::as_strided,,,4.16,4.16,0,0,0,0
aten::slice,,,3.06,4.62,0,0,0,0
aten::as_strided,,,1.56,1.56,0,0,0,0
aten::slice,,,2.38,4.87,0,0,0,0
aten::as_strided,,,2.49,2.49,0,0,0,0
aten::pin_memory,,,3.31,11.11,0,0,0,0
aten::is_pinned,,,7.8,7.8,0,0,0,0
aten::copy_,,,13.67,25.05,0,2.78003125,0,0
acl_memcpy_host_to_device,,,11.38,11.38,2.78003125,2.78003125,0,0
aten::slice,,,5.99,8.16,0,0,0,0
aten::as_strided,,,2.17,2.17,0,0,0,0
aten::slice,,,3.02,7.67,0,0,0,0
aten::as_strided,,,4.65,4.65,0,0,0,0
aten::pin_memory,,,3.49,11.34,0,0,0,0
aten::is_pinned,,,7.85,7.85,0,0,0,0
aten::copy_,,,12.43,24.19,0,2.24003125,0,0
acl_memcpy_host_to_device,,,11.76,11.76,2.24003125,2.24003125,0,0
aten::slice,,,4.44,7.76,0,0,0,0
aten::as_strided,,,3.32,3.32,0,0,0,0
aten::index,,,37.54,70.9,0,11.44021875,0,0
empty_tensor,,,8.88,8.88,0,0,0,0
empty_tensor,,,10.19,10.19,0,0,0,0
aclnnIndex,,,14.29,14.29,11.44021875,11.44021875,0,0
aten::to,,,2.73,54.07,0,1.24003125,0,0
aten::_to_copy,,,6.42,51.34,0,1.24003125,0,0
aten::empty_strided,,,10.12,15.39,0,0,0,0
empty_tensor,,,5.27,5.27,0,0,0,0
aten::copy_,,,17.07,29.53,0,1.24003125,0,0
aclnnInplaceCopy,,,12.46,12.46,1.24003125,1.24003125,0,0
aten::slice,,,7.12,11.43,0,0,0,0
aten::as_strided,,,4.31,4.31,0,0,0,0
aten::add,,,20.32,37.42,0,2.52003125,0,0
empty_tensor,,,6.17,6.17,0,0,0,0
aclnnAdd,,,10.93,10.93,2.52003125,2.52003125,0,0
aten::slice,,,5.33,9.42,0,0,0,0
aten::as_strided,,,4.09,4.09,0,0,0,0
aten::copy_,,,58.41,70.92,0,0.6,0,0
aclnnInplaceCopy,,,12.51,12.51,0.6,0.6,0,0
aten::slice,,,6.89,10.77,0,0,0,0
aten::as_strided,,,3.88,3.88,0,0,0,0
aten::add,,,19.2,38.4,0,1.80003125,0,0
empty_tensor,,,8.02,8.02,0,0,0,0
aclnnAdd,,,11.18,11.18,1.80003125,1.80003125,0,0
aten::slice,,,5.96,10.08,0,0,0,0
aten::as_strided,,,4.12,4.12,0,0,0,0
aten::copy_,,,48.87,61.48,0,0.58,0,0
aclnnInplaceCopy,,,12.61,12.61,0.58,0.58,0,0
aten::slice,,,5.84,9.57,0,0,0,0
aten::as_strided,,,3.73,3.73,0,0,0,0
aten::fill_,,,13.94,25.64,0,1.30003125,0,0
aclnnInplaceFillScalar,,,11.7,11.7,1.30003125,1.30003125,0,0
aten::slice,,,5.38,8.74,0,0,0,0
aten::as_strided,,,3.36,3.36,0,0,0,0
aten::slice,,,3.03,5.47,0,0,0,0
aten::as_strided,,,2.44,2.44,0,0,0,0
compute_slot_mapping_fused_groups_adaptive_kernel,,,27.09,27.09,5.160125,5.160125,0,0
aten::slice,,,9.9,19.12,0,0,0,0
aten::as_strided,,,9.22,9.22,0,0,0,0
aten::sub,,,29.03,61.78,0,1.48003125,0,0
empty_tensor,,,12.14,12.14,0,0,0,0
aten::item,,,2.94,5.04,0,0,0,0
aten::_local_scalar_dense,,,2.1,2.1,0,0,0,0
aclnnSubs,,,15.57,15.57,1.48003125,1.48003125,0,0
aten::pin_memory,,,8.05,28.44,0,0,0,0
aten::is_pinned,,,20.39,20.39,0,0,0,0
aten::copy_,,,20.52,39.25,0,2.54003125,0,0
acl_memcpy_host_to_device,,,18.73,18.73,2.54003125,2.54003125,0,0
aten::detach,,,5.5,5.5,0,0,0,0
aten::to,,,2.11,2.11,0,0,0,0
aten::resolve_conj,,,0.98,0.98,0,0,0,0
aten::resolve_neg,,,0.56,0.56,0,0,0,0
aten::slice,,,9.42,17.81,0,0,0,0
aten::as_strided,,,8.39,8.39,0,0,0,0
aten::slice,,,2.95,5.99,0,0,0,0
aten::as_strided,,,3.04,3.04,0,0,0,0
aten::slice,,,3.32,5.62,0,0,0,0
aten::as_strided,,,2.3,2.3,0,0,0,0
aten::fill_,,,21.42,38.67,0,1.20003125,0,0
aclnnInplaceFillScalar,,,17.25,17.25,1.20003125,1.20003125,0,0
aten::slice,,,4.5,8.21,0,0,0,0
aten::as_strided,,,3.71,3.71,0,0,0,0
aten::fill_,,,13.9,25.8,0,1.46003125,0,0
aclnnInplaceFillScalar,,,11.9,11.9,1.46003125,1.46003125,0,0
aten::slice,,,4.8,7.92,0,0,0,0
aten::as_strided,,,3.12,3.12,0,0,0,0
aten::slice,,,2.74,3.78,0,0,0,0
aten::as_strided,,,1.04,1.04,0,0,0,0
aten::lt,,,14.79,14.79,0,0,0,0
aten::lift_fresh,,,1.17,1.17,0,0,0,0
aten::slice,,,1.77,2.95,0,0,0,0
aten::as_strided,,,1.18,1.18,0,0,0,0
aten::fill_,,,2.57,12.21,0,0,0,0
aten::copy_,,,9.64,9.64,0,0,0,0
aten::slice,,,3.74,5.59,0,0,0,0
aten::as_strided,,,1.85,1.85,0,0,0,0
aten::slice,,,2.8,7.18,0,0,0,0
aten::as_strided,,,4.38,4.38,0,0,0,0
aten::slice,,,2.75,4.61,0,0,0,0
aten::as_strided,,,1.86,1.86,0,0,0,0
aten::slice,,,3.24,5.77,0,0,0,0
aten::as_strided,,,2.53,2.53,0,0,0,0
aten::slice,,,2.42,3.2,0,0,0,0
aten::as_strided,,,0.78,0.78,0,0,0,0
aten::slice,,,2.16,3.3,0,0,0,0
aten::as_strided,,,1.14,1.14,0,0,0,0
aten::slice,,,2.44,5.23,0,0,0,0
aten::as_strided,,,2.79,2.79,0,0,0,0
aten::slice,,,2.47,4.47,0,0,0,0
aten::as_strided,,,2.0,2.0,0,0,0,0
aten::slice,,,2.48,4.58,0,0,0,0
aten::as_strided,,,2.1,2.1,0,0,0,0
aten::slice,,,5.37,11.77,0,0,0,0
aten::as_strided,,,6.4,6.4,0,0,0,0
aten::slice,,,2.95,6.59,0,0,0,0
aten::as_strided,,,3.64,3.64,0,0,0,0
aten::slice,,,3.53,5.92,0,0,0,0
aten::as_strided,,,2.39,2.39,0,0,0,0
aten::to,,,1.84,1.84,0,0,0,0
aten::slice,,,2.54,5.43,0,0,0,0
aten::as_strided,,,2.89,2.89,0,0,0,0
aten::slice,,,2.2,4.18,0,0,0,0
aten::as_strided,,,1.98,1.98,0,0,0,0
aten::slice,,,2.24,3.9,0,0,0,0
aten::as_strided,,,1.66,1.66,0,0,0,0
aten::slice,,,2.97,6.02,0,0,0,0
aten::as_strided,,,3.05,3.05,0,0,0,0
aten::alias,,,4.04,4.04,0,0,0,0
aten::alias,,,4.46,4.46,0,0,0,0
aten::div,,,41.33,64.08,0,9.20015625,0,0
aten::item,,,2.78,4.62,0,0,0,0
aten::_local_scalar_dense,,,1.84,1.84,0,0,0,0
aclnnDivMods,,,18.13,18.13,9.20015625,9.20015625,0,0
aten::slice,,,3.78,9.61,0,0,0,0
aten::as_strided,,,5.83,5.83,0,0,0,0
aten::slice,,,4.6,7.61,0,0,0,0
aten::as_strided,,,3.01,3.01,0,0,0,0
aten::copy_,,,66.18,81.45,0,0.58003125,0,0
aclnnInplaceCopy,,,15.27,15.27,0.58003125,0.58003125,0,0
aten::slice,,,3.09,6.92,0,0,0,0
aten::as_strided,,,3.83,3.83,0,0,0,0
aten::slice,,,5.33,8.25,0,0,0,0
aten::as_strided,,,2.92,2.92,0,0,0,0
aten::ge,,,23.06,48.65,0,4.24009375,0,0
empty_tensor,,,12.07,12.07,0,0,0,0
aclnnGeScalar,,,13.52,13.52,4.24009375,4.24009375,0,0
aten::add,,,21.59,43.69,0,2.7000625,0,0
empty_tensor,,,6.17,6.17,0,0,0,0
aten::item,,,2.51,4.38,0,0,0,0
aten::_local_scalar_dense,,,1.87,1.87,0,0,0,0
aclnnAdds,,,11.55,11.55,2.7000625,2.7000625,0,0
aten::remainder,,,22.52,57.06,0,3.4400625,0,0
empty_tensor,,,7.43,7.43,0,0,0,0
aclnnRemainderTensorScalar,,,27.11,27.11,3.4400625,3.4400625,0,0
aten::eq,,,14.09,30.41,0,2.26003125,0,0
empty_tensor,,,6.04,6.04,0,0,0,0
aclnnEqScalar,,,10.28,10.28,2.26003125,2.26003125,0,0
aten::__and__,,,2.87,33.53,0,1.68003125,0,0
aten::bitwise_and,,,16.16,30.66,0,1.68003125,0,0
empty_tensor,,,5.47,5.47,0,0,0,0
aclnnBitwiseAndTensor,,,9.03,9.03,1.68003125,1.68003125,0,0
aten::clamp_min,,,12.6,28.74,0,3.1600625,0,0
empty_tensor,,,6.32,6.32,0,0,0,0
aclnnClampMin,,,9.82,9.82,3.1600625,3.1600625,0,0
aten::div,,,22.57,43.6,0,4.480125,0,0
empty_tensor,,,6.02,6.02,0,0,0,0
aten::item,,,2.03,3.76,0,0,0,0
aten::_local_scalar_dense,,,1.73,1.73,0,0,0,0
aclnnDivMods,,,11.25,11.25,4.480125,4.480125,0,0
aten::remainder,,,20.08,36.63,0,5.04009375,0,0
empty_tensor,,,5.97,5.97,0,0,0,0
aclnnRemainderTensorScalar,,,10.58,10.58,5.04009375,5.04009375,0,0
aten::mul,,,18.39,38.83,0,1.5,0,0
empty_tensor,,,6.82,6.82,0,0,0,0
aten::item,,,1.51,3.87,0,0,0,0
aten::_local_scalar_dense,,,2.36,2.36,0,0,0,0
aclnnMuls,,,9.75,9.75,1.5,1.5,0,0
aten::div,,,22.94,41.27,0,3.90009375,0,0
empty_tensor,,,6.6,6.6,0,0,0,0
aten::item,,,1.5,2.54,0,0,0,0
aten::_local_scalar_dense,,,1.04,1.04,0,0,0,0
aclnnDivMods,,,9.19,9.19,3.90009375,3.90009375,0,0
aten::add,,,14.15,44.77,0,1.24,0,0
empty_tensor,,,6.21,6.21,0,0,0,0
aclnnAdd,,,24.41,24.41,1.24,1.24,0,0
aten::full_like,,,5.94,68.93,0,1.12,0,0
aten::empty_like,,,7.04,31.29,0,0,0,0
aten::empty_strided,,,19.54,24.25,0,0,0,0
empty_tensor,,,4.71,4.71,0,0,0,0
aten::fill_,,,14.34,31.7,0,1.12,0,0
aclnnInplaceFillScalar,,,17.36,17.36,1.12,1.12,0,0
aten::where,,,19.21,28.99,0,1.8400625,0,0
empty_tensor,,,6.83,6.83,0,0,0,0
aclnnSWhere,,,2.95,2.95,1.8400625,1.8400625,0,0
aten::copy_,,,15.61,27.46,0,1.12003125,0,0
aclnnInplaceCopy,,,11.85,11.85,1.12003125,1.12003125,0,0
aten::slice,,,3.51,8.09,0,0,0,0
aten::as_strided,,,4.58,4.58,0,0,0,0
aten::slice,,,5.82,15.69,0,0,0,0
aten::as_strided,,,9.87,9.87,0,0,0,0
aten::div,,,27.43,43.83,0,4.3800625,0,0
aten::item,,,1.99,3.59,0,0,0,0
aten::_local_scalar_dense,,,1.6,1.6,0,0,0,0
aclnnDivMods,,,12.81,12.81,4.3800625,4.3800625,0,0
aten::slice,,,2.6,6.23,0,0,0,0
aten::as_strided,,,3.63,3.63,0,0,0,0
aten::slice,,,4.76,19.08,0,0,0,0
aten::as_strided,,,14.32,14.32,0,0,0,0
aten::slice,,,2.53,4.95,0,0,0,0
aten::as_strided,,,2.42,2.42,0,0,0,0
aten::copy_,,,63.01,83.89,0,0.60003125,0,0
aclnnInplaceCopy,,,20.88,20.88,0.60003125,0.60003125,0,0
aten::slice,,,3.03,6.81,0,0,0,0
aten::as_strided,,,3.78,3.78,0,0,0,0
aten::slice,,,4.78,8.2,0,0,0,0
aten::as_strided,,,3.42,3.42,0,0,0,0
aten::copy_,,,48.59,61.34,0,0.64,0,0
aclnnInplaceCopy,,,12.75,12.75,0.64,0.64,0,0
aten::slice,,,5.33,8.04,0,0,0,0
aten::as_strided,,,2.71,2.71,0,0,0,0
aten::div,,,13.72,32.14,0,0,0,0
aten::to,,,1.56,18.42,0,0,0,0
aten::_to_copy,,,5.51,16.86,0,0,0,0
aten::empty_strided,,,3.85,3.85,0,0,0,0
aten::copy_,,,7.5,7.5,0,0,0,0
aten::slice,,,4.04,9.11,0,0,0,0
aten::as_strided,,,5.07,5.07,0,0,0,0
aten::slice,,,5.55,11.28,0,0,0,0
aten::as_strided,,,5.73,5.73,0,0,0,0
aten::slice,,,3.04,7.78,0,0,0,0
aten::as_strided,,,4.74,4.74,0,0,0,0
aten::slice,,,2.63,4.84,0,0,0,0
aten::as_strided,,,2.21,2.21,0,0,0,0
aten::fill_,,,20.21,36.38,0,1.24,0,0
aclnnInplaceFillScalar,,,16.17,16.17,1.24,1.24,0,0
aten::slice,,,5.11,8.35,0,0,0,0
aten::as_strided,,,3.24,3.24,0,0,0,0
aten::fill_,,,12.98,33.32,0,1.06003125,0,0
aclnnInplaceFillScalar,,,20.34,20.34,1.06003125,1.06003125,0,0
aten::slice,,,5.2,9.2,0,0,0,0
aten::as_strided,,,4.0,4.0,0,0,0,0
aten::slice,,,7.43,9.72,0,0,0,0
aten::as_strided,,,2.29,2.29,0,0,0,0
aten::slice,,,5.35,7.95,0,0,0,0
aten::as_strided,,,2.6,2.6,0,0,0,0
aten::slice,,,2.93,6.63,0,0,0,0
aten::as_strided,,,3.7,3.7,0,0,0,0
aten::slice,,,3.59,6.7,0,0,0,0
aten::as_strided,,,3.11,3.11,0,0,0,0
aten::slice,,,2.49,4.81,0,0,0,0
aten::as_strided,,,2.32,2.32,0,0,0,0
aten::slice,,,2.16,4.25,0,0,0,0
aten::as_strided,,,2.09,2.09,0,0,0,0
aten::fill_,,,15.9,29.51,0,1.22003125,0,0
aclnnInplaceFillScalar,,,13.61,13.61,1.22003125,1.22003125,0,0
aten::slice,,,5.5,9.56,0,0,0,0
aten::as_strided,,,4.06,4.06,0,0,0,0
aten::fill_,,,12.06,22.33,0,1.18,0,0
aclnnInplaceFillScalar,,,10.27,10.27,1.18,1.18,0,0
aten::slice,,,5.79,11.73,0,0,0,0
aten::as_strided,,,5.94,5.94,0,0,0,0
aten::slice,,,2.96,5.1,0,0,0,0
aten::as_strided,,,2.14,2.14,0,0,0,0
aten::slice,,,3.12,6.21,0,0,0,0
aten::as_strided,,,3.09,3.09,0,0,0,0
aten::slice,,,2.52,3.73,0,0,0,0
aten::as_strided,,,1.21,1.21,0,0,0,0
aten::slice,,,2.27,4.25,0,0,0,0
aten::as_strided,,,1.98,1.98,0,0,0,0
aten::slice,,,2.34,3.41,0,0,0,0
aten::as_strided,,,1.07,1.07,0,0,0,0
aten::slice,,,2.45,3.26,0,0,0,0
aten::as_strided,,,0.81,0.81,0,0,0,0
aten::slice,,,1.19,1.97,0,0,0,0
aten::as_strided,,,0.78,0.78,0,0,0,0
aten::diff,,,7.97,34.95,0,0,0,0
aten::narrow,,,6.11,10.15,0,0,0,0
aten::slice,,,1.71,4.04,0,0,0,0
aten::as_strided,,,2.33,2.33,0,0,0,0
aten::narrow,,,2.32,4.39,0,0,0,0
aten::slice,,,1.08,2.07,0,0,0,0
aten::as_strided,,,0.99,0.99,0,0,0,0
aten::sub,,,12.44,12.44,0,0,0,0
aten::eq,,,13.72,28.25,0,0,0,0
aten::to,,,1.45,14.53,0,0,0,0
aten::_to_copy,,,4.25,13.08,0,0,0,0
aten::empty_strided,,,2.74,2.74,0,0,0,0
aten::copy_,,,6.09,6.09,0,0,0,0
aten::__and__,,,1.9,7.83,0,0,0,0
aten::bitwise_and,,,5.93,5.93,0,0,0,0
aten::gt,,,8.39,16.08,0,0,0,0
aten::to,,,0.82,7.69,0,0,0,0
aten::_to_copy,,,2.34,6.87,0,0,0,0
aten::empty_strided,,,1.7,1.7,0,0,0,0
aten::copy_,,,2.83,2.83,0,0,0,0
aten::__and__,,,1.46,4.32,0,0,0,0
aten::bitwise_and,,,2.86,2.86,0,0,0,0
aten::any,,,12.18,14.9,0,0,0,0
aten::as_strided,,,1.55,1.55,0,0,0,0
aten::fill_,,,1.17,1.17,0,0,0,0
aten::item,,,1.97,3.6,0,0,0,0
aten::_local_scalar_dense,,,1.63,1.63,0,0,0,0
aten::slice,,,4.76,6.49,0,0,0,0
aten::as_strided,,,1.73,1.73,0,0,0,0
aten::slice,,,1.94,2.74,0,0,0,0
aten::as_strided,,,0.8,0.8,0,0,0,0
aten::sub,,,4.97,4.97,0,0,0,0
aten::select,,,3.62,5.42,0,0,0,0
aten::as_strided,,,1.8,1.8,0,0,0,0
aten::item,,,1.12,2.24,0,0,0,0
aten::_local_scalar_dense,,,1.12,1.12,0,0,0,0
aten::gt,,,7.86,17.77,0,0,0,0
aten::to,,,1.15,9.91,0,0,0,0
aten::_to_copy,,,3.31,8.76,0,0,0,0
aten::empty_strided,,,2.2,2.2,0,0,0,0
aten::copy_,,,3.25,3.25,0,0,0,0
aten::__ior__,,,2.04,7.27,0,0,0,0
aten::bitwise_or_,,,5.23,5.23,0,0,0,0
aten::any,,,7.33,9.45,0,0,0,0
aten::as_strided,,,1.2,1.2,0,0,0,0
aten::fill_,,,0.92,0.92,0,0,0,0
aten::is_nonzero,,,1.89,4.11,0,0,0,0
aten::item,,,1.25,2.22,0,0,0,0
aten::_local_scalar_dense,,,0.97,0.97,0,0,0,0
aten::select,,,5.14,12.69,0,0,0,0
aten::as_strided,,,7.55,7.55,0,0,0,0
aten::slice,,,4.52,9.04,0,0,0,0
aten::as_strided,,,4.52,4.52,0,0,0,0
aten::slice,,,2.31,4.6,0,0,0,0
aten::as_strided,,,2.29,2.29,0,0,0,0
aten::slice,,,2.56,4.93,0,0,0,0
aten::as_strided,,,2.37,2.37,0,0,0,0
aten::copy_,,,68.88,89.52,0,0.54,0,0
aclnnInplaceCopy,,,20.64,20.64,0.54,0.54,0,0
aten::slice,,,6.56,11.02,0,0,0,0
aten::as_strided,,,4.46,4.46,0,0,0,0
aten::fill_,,,14.88,29.91,0,1.36003125,0,0
aclnnInplaceFillScalar,,,15.03,15.03,1.36003125,1.36003125,0,0
aten::slice,,,5.7,10.37,0,0,0,0
aten::as_strided,,,4.67,4.67,0,0,0,0
aten::slice,,,2.74,5.36,0,0,0,0
aten::as_strided,,,2.62,2.62,0,0,0,0
aten::slice,,,3.01,5.44,0,0,0,0
aten::as_strided,,,2.43,2.43,0,0,0,0
aten::copy_,,,56.69,71.39,0,0.64,0,0
aclnnInplaceCopy,,,14.7,14.7,0.64,0.64,0,0
aten::slice,,,5.84,9.76,0,0,0,0
aten::as_strided,,,3.92,3.92,0,0,0,0
aten::slice,,,2.89,5.7,0,0,0,0
aten::as_strided,,,2.81,2.81,0,0,0,0
aten::expand_as,,,2.62,12.33,0,0,0,0
aten::expand,,,5.31,9.71,0,0,0,0
aten::as_strided,,,4.4,4.4,0,0,0,0
aten::copy_,,,50.09,65.39,0,0.54003125,0,0
aclnnInplaceCopy,,,15.3,15.3,0.54003125,0.54003125,0,0
aten::slice,,,6.0,10.3,0,0,0,0
aten::as_strided,,,4.3,4.3,0,0,0,0
aten::slice,,,3.49,6.78,0,0,0,0
aten::as_strided,,,3.29,3.29,0,0,0,0
aten::slice,,,2.33,4.83,0,0,0,0
aten::as_strided,,,2.5,2.5,0,0,0,0
aten::slice,,,2.49,5.09,0,0,0,0
aten::as_strided,,,2.6,2.6,0,0,0,0
aten::copy_,,,48.29,62.64,0,0.66,0,0
aclnnInplaceCopy,,,14.35,14.35,0.66,0.66,0,0
aten::slice,,,5.57,8.93,0,0,0,0
aten::as_strided,,,3.36,3.36,0,0,0,0
aten::slice,,,2.63,5.45,0,0,0,0
aten::as_strided,,,2.82,2.82,0,0,0,0
aten::slice,,,2.5,4.99,0,0,0,0
aten::as_strided,,,2.49,2.49,0,0,0,0
aten::sub,,,19.36,31.57,0,1.54003125,0,0
aclnnSub,,,12.21,12.21,1.54003125,1.54003125,0,0
aten::slice,,,7.4,11.27,0,0,0,0
aten::as_strided,,,3.87,3.87,0,0,0,0
aten::slice,,,3.52,8.13,0,0,0,0
aten::as_strided,,,4.61,4.61,0,0,0,0
aten::slice,,,3.1,6.27,0,0,0,0
aten::as_strided,,,3.17,3.17,0,0,0,0
aten::slice,,,2.66,5.67,0,0,0,0
aten::as_strided,,,3.01,3.01,0,0,0,0
aten::slice,,,2.75,5.4,0,0,0,0
aten::as_strided,,,2.65,2.65,0,0,0,0
aten::fill_,,,16.64,32.42,0,1.26003125,0,0
aclnnInplaceFillScalar,,,15.78,15.78,1.26003125,1.26003125,0,0
aten::slice,,,4.24,7.78,0,0,0,0
aten::as_strided,,,3.54,3.54,0,0,0,0
aten::fill_,,,11.61,21.61,0,1.30003125,0,0
aclnnInplaceFillScalar,,,10.0,10.0,1.30003125,1.30003125,0,0
aten::slice,,,4.76,9.51,0,0,0,0
aten::as_strided,,,4.75,4.75,0,0,0,0
aten::slice,,,2.66,4.48,0,0,0,0
aten::as_strided,,,1.82,1.82,0,0,0,0
aten::slice,,,2.56,5.7,0,0,0,0
aten::as_strided,,,3.14,3.14,0,0,0,0
aten::slice,,,2.88,4.18,0,0,0,0
aten::as_strided,,,1.3,1.3,0,0,0,0
aten::slice,,,2.43,3.66,0,0,0,0
aten::as_strided,,,1.23,1.23,0,0,0,0
aten::slice,,,2.65,3.94,0,0,0,0
aten::as_strided,,,1.29,1.29,0,0,0,0
aten::slice,,,2.33,3.36,0,0,0,0
aten::as_strided,,,1.03,1.03,0,0,0,0
aten::slice,,,1.22,2.18,0,0,0,0
aten::as_strided,,,0.96,0.96,0,0,0,0
aten::diff,,,6.95,30.96,0,0,0,0
aten::narrow,,,4.68,8.06,0,0,0,0
aten::slice,,,1.8,3.38,0,0,0,0
aten::as_strided,,,1.58,1.58,0,0,0,0
aten::narrow,,,1.93,3.91,0,0,0,0
aten::slice,,,1.02,1.98,0,0,0,0
aten::as_strided,,,0.96,0.96,0,0,0,0
aten::sub,,,12.04,12.04,0,0,0,0
aten::eq,,,12.39,27.6,0,0,0,0
aten::to,,,1.83,15.21,0,0,0,0
aten::_to_copy,,,4.54,13.38,0,0,0,0
aten::empty_strided,,,3.19,3.19,0,0,0,0
aten::copy_,,,5.65,5.65,0,0,0,0
aten::__and__,,,1.92,6.3,0,0,0,0
aten::bitwise_and,,,4.38,4.38,0,0,0,0
aten::gt,,,7.01,15.35,0,0,0,0
aten::to,,,0.87,8.34,0,0,0,0
aten::_to_copy,,,2.68,7.47,0,0,0,0
aten::empty_strided,,,1.63,1.63,0,0,0,0
aten::copy_,,,3.16,3.16,0,0,0,0
aten::__and__,,,1.24,4.26,0,0,0,0
aten::bitwise_and,,,3.02,3.02,0,0,0,0
aten::any,,,8.42,10.68,0,0,0,0
aten::as_strided,,,1.25,1.25,0,0,0,0
aten::fill_,,,1.01,1.01,0,0,0,0
aten::item,,,1.7,2.88,0,0,0,0
aten::_local_scalar_dense,,,1.18,1.18,0,0,0,0
aten::slice,,,4.56,5.94,0,0,0,0
aten::as_strided,,,1.38,1.38,0,0,0,0
aten::slice,,,2.0,2.97,0,0,0,0
aten::as_strided,,,0.97,0.97,0,0,0,0
aten::sub,,,4.75,4.75,0,0,0,0
aten::select,,,3.14,4.26,0,0,0,0
aten::as_strided,,,1.12,1.12,0,0,0,0
aten::item,,,1.02,2.06,0,0,0,0
aten::_local_scalar_dense,,,1.04,1.04,0,0,0,0
aten::gt,,,7.52,16.73,0,0,0,0
aten::to,,,1.09,9.21,0,0,0,0
aten::_to_copy,,,2.88,8.12,0,0,0,0
aten::empty_strided,,,2.05,2.05,0,0,0,0
aten::copy_,,,3.19,3.19,0,0,0,0
aten::__ior__,,,1.87,5.77,0,0,0,0
aten::bitwise_or_,,,3.9,3.9,0,0,0,0
aten::any,,,7.01,9.18,0,0,0,0
aten::as_strided,,,1.28,1.28,0,0,0,0
aten::fill_,,,0.89,0.89,0,0,0,0
aten::is_nonzero,,,1.35,3.13,0,0,0,0
aten::item,,,1.11,1.78,0,0,0,0
aten::_local_scalar_dense,,,0.67,0.67,0,0,0,0
aten::select,,,4.11,10.81,0,0,0,0
aten::as_strided,,,6.7,6.7,0,0,0,0
aten::slice,,,5.01,8.93,0,0,0,0
aten::as_strided,,,3.92,3.92,0,0,0,0
aten::slice,,,2.39,4.7,0,0,0,0
aten::as_strided,,,2.31,2.31,0,0,0,0
aten::slice,,,2.16,4.42,0,0,0,0
aten::as_strided,,,2.26,2.26,0,0,0,0
aten::copy_,,,69.41,89.49,0,0.56003125,0,0
aclnnInplaceCopy,,,20.08,20.08,0.56003125,0.56003125,0,0
aten::slice,,,5.94,10.06,0,0,0,0
aten::as_strided,,,4.12,4.12,0,0,0,0
aten::fill_,,,15.93,29.45,0,1.3400625,0,0
aclnnInplaceFillScalar,,,13.52,13.52,1.3400625,1.3400625,0,0
aten::slice,,,5.68,9.39,0,0,0,0
aten::as_strided,,,3.71,3.71,0,0,0,0
aten::slice,,,2.85,5.81,0,0,0,0
aten::as_strided,,,2.96,2.96,0,0,0,0
aten::slice,,,2.34,4.51,0,0,0,0
aten::as_strided,,,2.17,2.17,0,0,0,0
aten::copy_,,,52.18,65.45,0,0.58,0,0
aclnnInplaceCopy,,,13.27,13.27,0.58,0.58,0,0
aten::slice,,,5.26,9.09,0,0,0,0
aten::as_strided,,,3.83,3.83,0,0,0,0
aten::slice,,,2.85,5.28,0,0,0,0
aten::as_strided,,,2.43,2.43,0,0,0,0
aten::expand_as,,,2.22,9.37,0,0,0,0
aten::expand,,,3.58,7.15,0,0,0,0
aten::as_strided,,,3.57,3.57,0,0,0,0
aten::copy_,,,45.65,58.51,0,0.52003125,0,0
aclnnInplaceCopy,,,12.86,12.86,0.52003125,0.52003125,0,0
aten::slice,,,5.78,10.1,0,0,0,0
aten::as_strided,,,4.32,4.32,0,0,0,0
aten::slice,,,3.01,6.15,0,0,0,0
aten::as_strided,,,3.14,3.14,0,0,0,0
aten::slice,,,2.0,4.08,0,0,0,0
aten::as_strided,,,2.08,2.08,0,0,0,0
aten::slice,,,2.14,4.29,0,0,0,0
aten::as_strided,,,2.15,2.15,0,0,0,0
aten::copy_,,,45.62,61.49,0,0.66003125,0,0
aclnnInplaceCopy,,,15.87,15.87,0.66003125,0.66003125,0,0
aten::slice,,,5.77,9.75,0,0,0,0
aten::as_strided,,,3.98,3.98,0,0,0,0
aten::slice,,,2.41,5.12,0,0,0,0
aten::as_strided,,,2.71,2.71,0,0,0,0
aten::slice,,,2.23,4.44,0,0,0,0
aten::as_strided,,,2.21,2.21,0,0,0,0
aten::sub,,,17.91,30.12,0,1.52003125,0,0
aclnnSub,,,12.21,12.21,1.52003125,1.52003125,0,0
aten::slice,,,8.06,11.1,0,0,0,0
aten::as_strided,,,3.04,3.04,0,0,0,0
aten::slice,,,2.83,7.61,0,0,0,0
aten::as_strided,,,4.78,4.78,0,0,0,0
aten::slice,,,2.9,5.36,0,0,0,0
aten::as_strided,,,2.46,2.46,0,0,0,0
aten::slice,,,2.32,5.05,0,0,0,0
aten::as_strided,,,2.73,2.73,0,0,0,0
aten::slice,,,2.12,4.1,0,0,0,0
aten::as_strided,,,1.98,1.98,0,0,0,0
aten::fill_,,,16.55,30.75,0,1.18003125,0,0
aclnnInplaceFillScalar,,,14.2,14.2,1.18003125,1.18003125,0,0
aten::slice,,,5.07,8.55,0,0,0,0
aten::as_strided,,,3.48,3.48,0,0,0,0
aten::fill_,,,14.07,25.26,0,1.12003125,0,0
aclnnInplaceFillScalar,,,11.19,11.19,1.12003125,1.12003125,0,0
aten::slice,,,5.85,10.03,0,0,0,0
aten::as_strided,,,4.18,4.18,0,0,0,0
aten::slice,,,2.75,4.73,0,0,0,0
aten::as_strided,,,1.98,1.98,0,0,0,0
aten::slice,,,2.36,5.11,0,0,0,0
aten::as_strided,,,2.75,2.75,0,0,0,0
aten::slice,,,2.84,3.88,0,0,0,0
aten::as_strided,,,1.04,1.04,0,0,0,0
aten::slice,,,2.07,2.92,0,0,0,0
aten::as_strided,,,0.85,0.85,0,0,0,0
aten::slice,,,2.13,2.98,0,0,0,0
aten::as_strided,,,0.85,0.85,0,0,0,0
aten::slice,,,2.0,2.81,0,0,0,0
aten::as_strided,,,0.81,0.81,0,0,0,0
aten::slice,,,1.32,2.05,0,0,0,0
aten::as_strided,,,0.73,0.73,0,0,0,0
aten::diff,,,7.56,36.16,0,0,0,0
aten::narrow,,,4.63,11.44,0,0,0,0
aten::slice,,,2.94,6.81,0,0,0,0
aten::as_strided,,,3.87,3.87,0,0,0,0
aten::narrow,,,1.83,4.47,0,0,0,0
aten::slice,,,1.13,2.64,0,0,0,0
aten::as_strided,,,1.51,1.51,0,0,0,0
aten::sub,,,12.69,12.69,0,0,0,0
aten::eq,,,21.29,37.34,0,0,0,0
aten::to,,,1.64,16.05,0,0,0,0
aten::_to_copy,,,4.62,14.41,0,0,0,0
aten::empty_strided,,,4.55,4.55,0,0,0,0
aten::copy_,,,5.24,5.24,0,0,0,0
aten::__and__,,,2.31,15.14,0,0,0,0
aten::bitwise_and,,,12.83,12.83,0,0,0,0
aten::gt,,,20.22,37.54,0,0,0,0
aten::to,,,1.53,17.32,0,0,0,0
aten::_to_copy,,,3.24,15.79,0,0,0,0
aten::empty_strided,,,9.1,9.1,0,0,0,0
aten::copy_,,,3.45,3.45,0,0,0,0
aten::__and__,,,1.34,5.51,0,0,0,0
aten::bitwise_and,,,4.17,4.17,0,0,0,0
aten::any,,,11.04,14.96,0,0,0,0
aten::as_strided,,,1.85,1.85,0,0,0,0
aten::fill_,,,2.07,2.07,0,0,0,0
aten::item,,,1.81,3.09,0,0,0,0
aten::_local_scalar_dense,,,1.28,1.28,0,0,0,0
aten::slice,,,5.3,15.51,0,0,0,0
aten::as_strided,,,10.21,10.21,0,0,0,0
aten::slice,,,2.48,4.83,0,0,0,0
aten::as_strided,,,2.35,2.35,0,0,0,0
aten::sub,,,6.48,6.48,0,0,0,0
aten::select,,,3.8,11.16,0,0,0,0
aten::as_strided,,,7.36,7.36,0,0,0,0
aten::item,,,1.49,7.15,0,0,0,0
aten::_local_scalar_dense,,,5.66,5.66,0,0,0,0
aten::gt,,,20.87,34.35,0,0,0,0
aten::to,,,1.42,13.48,0,0,0,0
aten::_to_copy,,,4.15,12.06,0,0,0,0
aten::empty_strided,,,2.94,2.94,0,0,0,0
aten::copy_,,,4.97,4.97,0,0,0,0
aten::__ior__,,,2.05,6.29,0,0,0,0
aten::bitwise_or_,,,4.24,4.24,0,0,0,0
aten::any,,,15.68,18.52,0,0,0,0
aten::as_strided,,,2.09,2.09,0,0,0,0
aten::fill_,,,0.75,0.75,0,0,0,0
aten::is_nonzero,,,1.5,4.2,0,0,0,0
aten::item,,,1.48,2.7,0,0,0,0
aten::_local_scalar_dense,,,1.22,1.22,0,0,0,0
aten::select,,,5.28,21.99,0,0,0,0
aten::as_strided,,,16.71,16.71,0,0,0,0
aten::slice,,,5.44,19.31,0,0,0,0
aten::as_strided,,,13.87,13.87,0,0,0,0
aten::slice,,,2.62,7.15,0,0,0,0
aten::as_strided,,,4.53,4.53,0,0,0,0
aten::slice,,,3.12,10.82,0,0,0,0
aten::as_strided,,,7.7,7.7,0,0,0,0
aten::copy_,,,70.45,86.84,0,0.56,0,0
aclnnInplaceCopy,,,16.39,16.39,0.56,0.56,0,0
aten::slice,,,5.43,11.18,0,0,0,0
aten::as_strided,,,5.75,5.75,0,0,0,0
aten::fill_,,,15.02,28.62,0,1.20003125,0,0
aclnnInplaceFillScalar,,,13.6,13.6,1.20003125,1.20003125,0,0
aten::slice,,,5.5,10.35,0,0,0,0
aten::as_strided,,,4.85,4.85,0,0,0,0
aten::slice,,,2.99,6.67,0,0,0,0
aten::as_strided,,,3.68,3.68,0,0,0,0
aten::slice,,,2.29,4.69,0,0,0,0
aten::as_strided,,,2.4,2.4,0,0,0,0
aten::copy_,,,55.19,72.95,0,0.64,0,0
aclnnInplaceCopy,,,17.76,17.76,0.64,0.64,0,0
aten::slice,,,6.0,10.2,0,0,0,0
aten::as_strided,,,4.2,4.2,0,0,0,0
aten::slice,,,2.48,4.78,0,0,0,0
aten::as_strided,,,2.3,2.3,0,0,0,0
aten::expand_as,,,2.01,8.69,0,0,0,0
aten::expand,,,3.63,6.68,0,0,0,0
aten::as_strided,,,3.05,3.05,0,0,0,0
aten::copy_,,,51.63,66.66,0,0.56003125,0,0
aclnnInplaceCopy,,,15.03,15.03,0.56003125,0.56003125,0,0
aten::slice,,,6.66,11.89,0,0,0,0
aten::as_strided,,,5.23,5.23,0,0,0,0
aten::slice,,,3.27,6.21,0,0,0,0
aten::as_strided,,,2.94,2.94,0,0,0,0
aten::slice,,,2.05,4.29,0,0,0,0
aten::as_strided,,,2.24,2.24,0,0,0,0
aten::slice,,,2.25,4.21,0,0,0,0
aten::as_strided,,,1.96,1.96,0,0,0,0
aten::copy_,,,51.76,70.22,0,0.58,0,0
aclnnInplaceCopy,,,18.46,18.46,0.58,0.58,0,0
aten::slice,,,5.41,9.51,0,0,0,0
aten::as_strided,,,4.1,4.1,0,0,0,0
aten::slice,,,2.38,4.91,0,0,0,0
aten::as_strided,,,2.53,2.53,0,0,0,0
aten::slice,,,2.18,4.45,0,0,0,0
aten::as_strided,,,2.27,2.27,0,0,0,0
aten::sub,,,19.66,32.86,0,1.44003125,0,0
aclnnSub,,,13.2,13.2,1.44003125,1.44003125,0,0
Event::record,,,163.98,221.2,0,0.02,0,0
record_event,,,57.22,57.22,0.02,0.02,0,0
aten::slice,,,8.03,16.29,0,0,0,0
aten::as_strided,,,8.26,8.26,0,0,0,0
aten::slice,,,3.04,6.12,0,0,0,0
aten::as_strided,,,3.08,3.08,0,0,0,0
aten::slice,,,2.98,5.08,0,0,0,0
aten::as_strided,,,2.1,2.1,0,0,0,0
aten::zero_,,,19.22,34.55,0,1.9200625,0,0
aclnnInplaceZero,,,15.33,15.33,1.9200625,1.9200625,0,0
aten::slice,,,9.13,17.28,0,0,0,0
aten::as_strided,,,8.15,8.15,0,0,0,0
aten::scalar_tensor,,,6.33,59.68,0,1.66003125,0,0
aten::empty,,,3.38,16.86,0,0,0,0
empty_tensor,,,13.48,13.48,0,0,0,0
aten::fill_,,,16.4,36.49,0,1.66003125,0,0
aclnnInplaceFillScalar,,,20.09,20.09,1.66003125,1.66003125,0,0
aten::slice,,,5.36,11.49,0,0,0,0
aten::as_strided,,,6.13,6.13,0,0,0,0
aten::view,,,4.11,4.11,0,0,0,0
aten::expand,,,2.0,4.16,0,0,0,0
aten::as_strided,,,2.16,2.16,0,0,0,0
aten::copy_,,,24.95,37.38,0,4.1200624999999995,0,0
aclnnInplaceCopy,,,12.43,12.43,4.1200624999999995,4.1200624999999995,0,0
aten::scalar_tensor,,,4.0,36.75,0,1.38,0,0
aten::empty,,,2.17,8.48,0,0,0,0
empty_tensor,,,6.31,6.31,0,0,0,0
aten::fill_,,,10.52,24.27,0,1.38,0,0
aclnnInplaceFillScalar,,,13.75,13.75,1.38,1.38,0,0
aten::slice,,,5.13,10.5,0,0,0,0
aten::as_strided,,,5.37,5.37,0,0,0,0
aten::view,,,2.27,2.27,0,0,0,0
aten::expand,,,1.61,3.3,0,0,0,0
aten::as_strided,,,1.69,1.69,0,0,0,0
aten::copy_,,,59.39,71.56,0,0.56,0,0
aclnnInplaceCopy,,,12.17,12.17,0.56,0.56,0,0
aten::index,,,41.52,77.85,0,11.74021875,0,0
empty_tensor,,,7.92,7.92,0,0,0,0
empty_tensor,,,9.17,9.17,0,0,0,0
aclnnIndex,,,19.24,19.24,11.74021875,11.74021875,0,0
aten::linear,,,6.2,71.94,0,904.47809375,0,904.47809375
aten::t,,,6.48,17.28,0,0,0,0
aten::transpose,,,4.13,10.8,0,0,0,0
aten::as_strided,,,6.67,6.67,0,0,0,0
aten::matmul,,,23.82,48.46,0,904.47809375,0,904.47809375
empty_tensor,,,9.06,9.06,0,0,0,0
aclnnMatmul,,,15.58,15.58,904.47809375,904.47809375,904.47809375,904.47809375
aten::alias,,,2.78,2.78,0,0,0,0
aten::log_softmax,,,9.26,118.43,0,53.3810625,0,0
aten::to,,,3.72,71.81,0,8.42015625,0,0
aten::_to_copy,,,7.71,68.09,0,8.42015625,0,0
aten::empty_strided,,,12.81,21.06,0,0,0,0
empty_tensor,,,8.25,8.25,0,0,0,0
aten::copy_,,,21.28,39.32,0,8.42015625,0,0
aclnnInplaceCopy,,,18.04,18.04,8.42015625,8.42015625,0,0
aten::_log_softmax,,,19.64,37.36,0,44.96090625,0,0
empty_tensor,,,8.1,8.1,0,0,0,0
aclnnLogSoftmax,,,9.62,9.62,44.96090625,44.96090625,0,0
aten::to,,,1.93,46.07,0,3.0200625,0,0
aten::_to_copy,,,4.9,44.14,0,3.0200625,0,0
aten::empty_strided,,,7.89,12.43,0,0,0,0
empty_tensor,,,4.54,4.54,0,0,0,0
aten::copy_,,,16.3,26.81,0,3.0200625,0,0
aclnnInplaceCopy,,,10.51,10.51,3.0200625,3.0200625,0,0
aten::argmax,,,8.32,66.91,0,21.06040625,0,0
aten::empty,,,2.83,11.35,0,0,0,0
empty_tensor,,,8.52,8.52,0,0,0,0
aten::argmax,,,26.34,47.24,0,21.06040625,0,0
aten::reshape,,,1.8,6.64,0,0,0,0
aten::view,,,4.84,4.84,0,0,0,0
aclnnArgMax,,,14.26,14.26,21.06040625,21.06040625,0,0
aten::view,,,3.9,3.9,0,0,0,0
aten::to,,,1.44,1.44,0,0,0,0
aten::topk,,,22.17,45.44,0,41.180812499999995,0,0
empty_tensor,,,7.83,7.83,0,0,0,0
empty_tensor,,,4.53,4.53,0,0,0,0
aclnnTopk,,,10.91,10.91,41.180812499999995,41.180812499999995,0,0
aten::unsqueeze,,,3.86,8.83,0,0,0,0
aten::as_strided,,,4.97,4.97,0,0,0,0
aten::gather,,,23.4,43.15,0,6.020093749999999,0,0
empty_tensor,,,7.34,7.34,0,0,0,0
aclnnGather,,,12.41,12.41,6.020093749999999,6.020093749999999,0,0
TorchDynamo Cache Lookup,,,38.75,38.75,0,0,0,0
Torch-Compiled Region: 0/0,,,110.56,207.05,0,42.12090625,0,0
aten::_assert_scalar,,,3.13,3.13,0,0,0,0
aten::_assert_scalar,,,1.17,1.17,0,0,0,0
aten::_assert_scalar,,,0.97,0.97,0,0,0,0
aten::ge,,,21.8,49.69,0,12.80028125,0,0
empty_tensor,,,11.8,11.8,0,0,0,0
aclnnGeTensor,,,16.09,16.09,12.80028125,12.80028125,0,0
aten::sum,,,23.21,41.53,0,29.320625,0,0
empty_tensor,,,7.45,7.45,0,0,0,0
aclnnReduceSum,,,10.87,10.87,29.320625,29.320625,0,0
aten::cat,,,20.8,40.64,0,3.2000625,0,0
empty_tensor,,,7.51,7.51,0,0,0,0
aclnnCat,,,12.33,12.33,3.2000625,3.2000625,0,0
aten::cat,,,12.66,30.0,0,2.5800625,0,0
empty_tensor,,,6.57,6.57,0,0,0,0
aclnnCat,,,10.77,10.77,2.5800625,2.5800625,0,0
aten::to,,,2.51,46.66,0,1.36003125,0,0
aten::_to_copy,,,6.06,44.15,0,1.36003125,0,0
aten::empty_strided,,,7.49,12.27,0,0,0,0
empty_tensor,,,4.78,4.78,0,0,0,0
aten::copy_,,,15.24,25.82,0,1.36003125,0,0
aclnnInplaceCopy,,,10.58,10.58,1.36003125,1.36003125,0,0
aten::to,,,1.92,43.02,0,1.38003125,0,0
aten::_to_copy,,,4.92,41.1,0,1.38003125,0,0
aten::empty_strided,,,6.98,11.25,0,0,0,0
empty_tensor,,,4.27,4.27,0,0,0,0
aten::copy_,,,14.18,24.93,0,1.38003125,0,0
aclnnInplaceCopy,,,10.75,10.75,1.38003125,1.38003125,0,0
aten::unsqueeze,,,16.08,22.15,0,0,0,0
aten::as_strided,,,6.07,6.07,0,0,0,0
Event::record,,,143.77,166.0,0,0.02,0,0
record_event,,,22.23,22.23,0.02,0.02,0,0
aten::slice,,,6.02,16.07,0,0,0,0
aten::as_strided,,,10.05,10.05,0,0,0,0
Event::wait,,,74.6,101.05,0,2285.64565625,0,0
wait_event,,,26.45,26.45,2285.64565625,2285.64565625,0,0
Event::record,,,90.88,113.06,0,0.02,0,0
record_event,,,22.18,22.18,0.02,0.02,0,0
Event::wait,,,56.21,72.33,0,1969.63934375,0,0
wait_event,,,16.12,16.12,1969.63934375,1969.63934375,0,0
destroy_event,,,10.4,10.4,0,0,0,0
aten::to,,,4.12,75.58,0,2.02003125,0,0
aten::_to_copy,,,8.34,71.46,0,2.02003125,0,0
aten::empty_strided,,,29.15,29.15,0,0,0,0
aten::copy_,,,21.2,33.97,0,2.02003125,0,0
acl_memcpy_device_to_host,,,12.77,12.77,2.02003125,2.02003125,0,0
aten::to,,,3.02,40.09,0,2.4800625,0,0
aten::_to_copy,,,4.84,37.07,0,2.4800625,0,0
aten::empty_strided,,,4.24,4.24,0,0,0,0
aten::copy_,,,14.68,27.99,0,2.4800625,0,0
acl_memcpy_device_to_host,,,13.31,13.31,2.4800625,2.4800625,0,0
aten::to,,,1.96,32.19,0,2.1400625,0,0
aten::_to_copy,,,4.14,30.23,0,2.1400625,0,0
aten::empty_strided,,,3.14,3.14,0,0,0,0
aten::copy_,,,12.58,22.95,0,2.1400625,0,0
acl_memcpy_device_to_host,,,10.37,10.37,2.1400625,2.1400625,0,0
aten::to,,,2.1,29.59,0,2.06003125,0,0
aten::_to_copy,,,3.75,27.49,0,2.06003125,0,0
aten::empty_strided,,,2.82,2.82,0,0,0,0
aten::copy_,,,11.27,20.92,0,2.06003125,0,0
acl_memcpy_device_to_host,,,9.65,9.65,2.06003125,2.06003125,0,0
Event::record,,,229.72,249.71,0,0.02,0,0
record_event,,,19.99,19.99,0.02,0.02,0,0
Event::synchronize,,,88.87,88.87,0,0,0,0
aten::resolve_conj,,,2.38,2.38,0,0,0,0
aten::resolve_neg,,,1.29,1.29,0,0,0,0
aten::to,,,3.39,3.39,0,0,0,0
aten::detach,,,4.64,4.64,0,0,0,0
aten::to,,,0.67,0.67,0,0,0,0
aten::resolve_conj,,,0.52,0.52,0,0,0,0
aten::resolve_neg,,,0.36,0.36,0,0,0,0
aten::to,,,1.35,1.35,0,0,0,0
aten::detach,,,1.53,1.53,0,0,0,0
aten::to,,,0.56,0.56,0,0,0,0
aten::resolve_conj,,,0.43,0.43,0,0,0,0
aten::resolve_neg,,,0.52,0.52,0,0,0,0
aten::to,,,1.36,1.36,0,0,0,0
aten::detach,,,1.17,1.17,0,0,0,0
aten::to,,,0.5,0.5,0,0,0,0
aten::resolve_conj,,,0.42,0.42,0,0,0,0
aten::resolve_neg,,,0.38,0.38,0,0,0,0
destroy_event,,,22.49,22.49,0,0,0,0
record_event,,,8.21,8.21,0.02,0.02,0,0
Event::synchronize,,,162.61,162.61,0,0,0,0
aten::slice,,,14.02,19.07,0,0,0,0
aten::as_strided,,,5.05,5.05,0,0,0,0
aten::slice,,,3.8,12.37,0,0,0,0
aten::as_strided,,,8.57,8.57,0,0,0,0
aten::pin_memory,,,6.03,25.69,0,0,0,0
aten::is_pinned,,,19.66,19.66,0,0,0,0
aten::copy_,,,22.69,37.6,0,2.28003125,0,0
acl_memcpy_host_to_device,,,14.91,14.91,2.28003125,2.28003125,0,0
aten::slice,,,7.69,10.45,0,0,0,0
aten::as_strided,,,2.76,2.76,0,0,0,0
aten::slice,,,3.49,10.47,0,0,0,0
aten::as_strided,,,6.98,6.98,0,0,0,0
aten::pin_memory,,,3.93,13.92,0,0,0,0
aten::is_pinned,,,9.99,9.99,0,0,0,0
aten::copy_,,,16.92,36.2,0,2.3400625,0,0
acl_memcpy_host_to_device,,,19.28,19.28,2.3400625,2.3400625,0,0
aten::slice,,,5.56,7.8,0,0,0,0
aten::as_strided,,,2.24,2.24,0,0,0,0
aten::slice,,,2.65,6.69,0,0,0,0
aten::as_strided,,,4.04,4.04,0,0,0,0
aten::pin_memory,,,3.33,11.26,0,0,0,0
aten::is_pinned,,,7.93,7.93,0,0,0,0
aten::copy_,,,12.83,25.29,0,2.3400625,0,0
acl_memcpy_host_to_device,,,12.46,12.46,2.3400625,2.3400625,0,0
aten::slice,,,4.86,6.76,0,0,0,0
aten::as_strided,,,1.9,1.9,0,0,0,0
aten::slice,,,2.87,7.3,0,0,0,0
aten::as_strided,,,4.43,4.43,0,0,0,0
aten::pin_memory,,,3.12,10.24,0,0,0,0
aten::is_pinned,,,7.12,7.12,0,0,0,0
aten::copy_,,,13.24,26.16,0,2.2000625,0,0
acl_memcpy_host_to_device,,,12.92,12.92,2.2000625,2.2000625,0,0
aten::slice,,,4.17,6.08,0,0,0,0
aten::as_strided,,,1.91,1.91,0,0,0,0
aten::slice,,,3.03,6.44,0,0,0,0
aten::as_strided,,,3.41,3.41,0,0,0,0
aten::pin_memory,,,2.84,9.61,0,0,0,0
aten::is_pinned,,,6.77,6.77,0,0,0,0
aten::copy_,,,13.03,25.06,0,2.3200625,0,0
acl_memcpy_host_to_device,,,12.03,12.03,2.3200625,2.3200625,0,0
aten::slice,,,10.95,15.22,0,0,0,0
aten::as_strided,,,4.27,4.27,0,0,0,0
aten::slice,,,3.74,10.28,0,0,0,0
aten::as_strided,,,6.54,6.54,0,0,0,0
aten::pin_memory,,,3.99,18.84,0,0,0,0
aten::is_pinned,,,14.85,14.85,0,0,0,0
aten::copy_,,,18.57,39.68,0,2.5000625,0,0
acl_memcpy_host_to_device,,,21.11,21.11,2.5000625,2.5000625,0,0
aten::slice,,,5.53,10.12,0,0,0,0
aten::as_strided,,,4.59,4.59,0,0,0,0
aten::lift_fresh,,,1.45,1.45,0,0,0,0
aten::lift_fresh,,,0.9,0.9,0,0,0,0
aten::flatten,,,3.83,11.26,0,0,0,0
aten::view,,,7.43,7.43,0,0,0,0
aten::slice,,,3.7,5.6,0,0,0,0
aten::as_strided,,,1.9,1.9,0,0,0,0
aten::index_select,,,8.1,8.1,0,0,0,0
aten::pin_memory,,,4.02,34.37,0,0,0,0
aten::is_pinned,,,30.35,30.35,0,0,0,0
aten::copy_,,,17.59,34.27,0,2.38003125,0,0
acl_memcpy_host_to_device,,,16.68,16.68,2.38003125,2.38003125,0,0
aten::pin_memory,,,3.8,11.96,0,0,0,0
aten::is_pinned,,,8.16,8.16,0,0,0,0
aten::copy_,,,14.45,29.13,0,2.32003125,0,0
acl_memcpy_host_to_device,,,14.68,14.68,2.32003125,2.32003125,0,0
aten::slice,,,6.84,9.61,0,0,0,0
aten::as_strided,,,2.77,2.77,0,0,0,0
aten::lift_fresh,,,1.14,1.14,0,0,0,0
aten::slice,,,3.29,4.54,0,0,0,0
aten::as_strided,,,1.25,1.25,0,0,0,0
aten::add,,,15.37,15.37,0,0,0,0
aten::slice,,,3.41,4.9,0,0,0,0
aten::as_strided,,,1.49,1.49,0,0,0,0
aten::fill_,,,2.34,2.34,0,0,0,0
aten::slice,,,3.14,9.11,0,0,0,0
aten::as_strided,,,5.97,5.97,0,0,0,0
aten::fill_,,,20.59,35.84,0,1.92003125,0,0
aclnnInplaceFillScalar,,,15.25,15.25,1.92003125,1.92003125,0,0
aten::slice,,,6.52,12.8,0,0,0,0
aten::as_strided,,,6.28,6.28,0,0,0,0
aten::select,,,4.38,7.25,0,0,0,0
aten::as_strided,,,2.87,2.87,0,0,0,0
aten::copy_,,,74.47,92.26,0,0.76003125,0,0
aclnnInplaceCopy,,,17.79,17.79,0.76003125,0.76003125,0,0
aten::slice,,,7.24,9.97,0,0,0,0
aten::as_strided,,,2.73,2.73,0,0,0,0
aten::detach,,,2.56,2.56,0,0,0,0
aten::to,,,1.63,1.63,0,0,0,0
aten::resolve_conj,,,7.57,7.57,0,0,0,0
aten::resolve_neg,,,0.62,0.62,0,0,0,0
aten::slice,,,5.58,16.6,0,0,0,0
aten::as_strided,,,11.02,11.02,0,0,0,0
aten::slice,,,3.07,8.79,0,0,0,0
aten::as_strided,,,5.72,5.72,0,0,0,0
aten::pin_memory,,,4.1,19.06,0,0,0,0
aten::is_pinned,,,14.96,14.96,0,0,0,0
aten::copy_,,,4.23,4.23,0,0,0,0
aten::slice,,,5.43,7.11,0,0,0,0
aten::as_strided,,,1.68,1.68,0,0,0,0
aten::slice,,,2.62,5.84,0,0,0,0
aten::as_strided,,,3.22,3.22,0,0,0,0
aten::pin_memory,,,3.07,12.36,0,0,0,0
aten::is_pinned,,,9.29,9.29,0,0,0,0
aten::copy_,,,15.37,31.65,0,2.16003125,0,0
acl_memcpy_host_to_device,,,16.28,16.28,2.16003125,2.16003125,0,0
aten::fill_,,,19.19,33.21,0,1.48003125,0,0
aclnnInplaceFillScalar,,,14.02,14.02,1.48003125,1.48003125,0,0
aten::slice,,,5.38,9.57,0,0,0,0
aten::as_strided,,,4.19,4.19,0,0,0,0
aten::slice,,,3.18,4.7,0,0,0,0
aten::as_strided,,,1.52,1.52,0,0,0,0
aten::copy_,,,18.73,33.9,0,2.2800625,0,0
acl_memcpy_host_to_device,,,15.17,15.17,2.2800625,2.2800625,0,0
aten::slice,,,4.58,6.14,0,0,0,0
aten::as_strided,,,1.56,1.56,0,0,0,0
aten::slice,,,2.54,5.92,0,0,0,0
aten::as_strided,,,3.38,3.38,0,0,0,0
aten::pin_memory,,,3.47,12.41,0,0,0,0
aten::is_pinned,,,8.94,8.94,0,0,0,0
aten::copy_,,,12.98,24.87,0,2.34003125,0,0
acl_memcpy_host_to_device,,,11.89,11.89,2.34003125,2.34003125,0,0
aten::slice,,,4.83,9.02,0,0,0,0
aten::as_strided,,,4.19,4.19,0,0,0,0
aten::slice,,,2.82,4.14,0,0,0,0
aten::as_strided,,,1.32,1.32,0,0,0,0
aten::slice,,,2.53,4.99,0,0,0,0
aten::as_strided,,,2.46,2.46,0,0,0,0
aten::pin_memory,,,2.93,11.55,0,0,0,0
aten::is_pinned,,,8.62,8.62,0,0,0,0
aten::copy_,,,13.42,24.76,0,2.4400625,0,0
acl_memcpy_host_to_device,,,11.34,11.34,2.4400625,2.4400625,0,0
aten::slice,,,4.65,6.18,0,0,0,0
aten::as_strided,,,1.53,1.53,0,0,0,0
aten::slice,,,2.55,6.96,0,0,0,0
aten::as_strided,,,4.41,4.41,0,0,0,0
aten::pin_memory,,,3.13,11.58,0,0,0,0
aten::is_pinned,,,8.45,8.45,0,0,0,0
aten::copy_,,,12.92,25.71,0,2.34003125,0,0
acl_memcpy_host_to_device,,,12.79,12.79,2.34003125,2.34003125,0,0
aten::slice,,,5.07,8.35,0,0,0,0
aten::as_strided,,,3.28,3.28,0,0,0,0
aten::index,,,35.82,68.15,0,11.02021875,0,0
empty_tensor,,,8.01,8.01,0,0,0,0
empty_tensor,,,10.04,10.04,0,0,0,0
aclnnIndex,,,14.28,14.28,11.02021875,11.02021875,0,0
aten::to,,,2.23,51.52,0,1.24003125,0,0
aten::_to_copy,,,6.56,49.29,0,1.24003125,0,0
aten::empty_strided,,,8.81,13.4,0,0,0,0
empty_tensor,,,4.59,4.59,0,0,0,0
aten::copy_,,,17.42,29.33,0,1.24003125,0,0
aclnnInplaceCopy,,,11.91,11.91,1.24003125,1.24003125,0,0
aten::slice,,,5.94,10.69,0,0,0,0
aten::as_strided,,,4.75,4.75,0,0,0,0
aten::add,,,19.43,36.04,0,2.6600625,0,0
empty_tensor,,,6.13,6.13,0,0,0,0
aclnnAdd,,,10.48,10.48,2.6600625,2.6600625,0,0
aten::slice,,,5.2,9.21,0,0,0,0
aten::as_strided,,,4.01,4.01,0,0,0,0
aten::copy_,,,57.64,69.56,0,0.6,0,0
aclnnInplaceCopy,,,11.92,11.92,0.6,0.6,0,0
aten::slice,,,6.74,10.64,0,0,0,0
aten::as_strided,,,3.9,3.9,0,0,0,0
aten::add,,,18.89,38.86,0,1.62,0,0
empty_tensor,,,7.82,7.82,0,0,0,0
aclnnAdd,,,12.15,12.15,1.62,1.62,0,0
aten::slice,,,4.89,8.75,0,0,0,0
aten::as_strided,,,3.86,3.86,0,0,0,0
aten::copy_,,,68.72,83.02,0,0.6,0,0
aclnnInplaceCopy,,,14.3,14.3,0.6,0.6,0,0
aten::slice,,,6.2,10.29,0,0,0,0
aten::as_strided,,,4.09,4.09,0,0,0,0
aten::fill_,,,13.44,24.06,0,1.34003125,0,0
aclnnInplaceFillScalar,,,10.62,10.62,1.34003125,1.34003125,0,0
aten::slice,,,4.6,8.3,0,0,0,0
aten::as_strided,,,3.7,3.7,0,0,0,0
aten::slice,,,2.63,7.66,0,0,0,0
aten::as_strided,,,5.03,5.03,0,0,0,0
compute_slot_mapping_fused_groups_adaptive_kernel,,,27.43,27.43,5.10009375,5.10009375,0,0
aten::slice,,,8.89,17.02,0,0,0,0
aten::as_strided,,,8.13,8.13,0,0,0,0
aten::sub,,,28.11,63.57,0,1.5000625,0,0
empty_tensor,,,12.08,12.08,0,0,0,0
aten::item,,,2.29,4.07,0,0,0,0
aten::_local_scalar_dense,,,1.78,1.78,0,0,0,0
aclnnSubs,,,19.31,19.31,1.5000625,1.5000625,0,0
aten::pin_memory,,,6.94,26.35,0,0,0,0
aten::is_pinned,,,19.41,19.41,0,0,0,0
aten::copy_,,,24.86,92.34,0,2.3800625,0,0
acl_memcpy_host_to_device,,,67.48,67.48,2.3800625,2.3800625,0,0
aten::detach,,,5.11,5.11,0,0,0,0
aten::to,,,1.87,1.87,0,0,0,0
aten::resolve_conj,,,0.84,0.84,0,0,0,0
aten::resolve_neg,,,3.8,3.8,0,0,0,0
aten::slice,,,8.53,16.84,0,0,0,0
aten::as_strided,,,8.31,8.31,0,0,0,0
aten::slice,,,2.7,6.18,0,0,0,0
aten::as_strided,,,3.48,3.48,0,0,0,0
aten::slice,,,3.09,5.44,0,0,0,0
aten::as_strided,,,2.35,2.35,0,0,0,0
aten::fill_,,,20.67,38.13,0,1.16003125,0,0
aclnnInplaceFillScalar,,,17.46,17.46,1.16003125,1.16003125,0,0
aten::slice,,,4.28,7.97,0,0,0,0
aten::as_strided,,,3.69,3.69,0,0,0,0
aten::fill_,,,12.64,25.88,0,1.4600625,0,0
aclnnInplaceFillScalar,,,13.24,13.24,1.4600625,1.4600625,0,0
aten::slice,,,4.31,6.84,0,0,0,0
aten::as_strided,,,2.53,2.53,0,0,0,0
aten::slice,,,2.56,5.24,0,0,0,0
aten::as_strided,,,2.68,2.68,0,0,0,0
aten::lt,,,14.37,14.37,0,0,0,0
aten::lift_fresh,,,1.35,1.35,0,0,0,0
aten::slice,,,1.46,2.56,0,0,0,0
aten::as_strided,,,1.1,1.1,0,0,0,0
aten::fill_,,,2.21,11.8,0,0,0,0
aten::copy_,,,9.59,9.59,0,0,0,0
aten::slice,,,3.99,6.09,0,0,0,0
aten::as_strided,,,2.1,2.1,0,0,0,0
aten::slice,,,3.04,7.59,0,0,0,0
aten::as_strided,,,4.55,4.55,0,0,0,0
aten::slice,,,2.74,4.26,0,0,0,0
aten::as_strided,,,1.52,1.52,0,0,0,0
aten::slice,,,3.66,6.15,0,0,0,0
aten::as_strided,,,2.49,2.49,0,0,0,0
aten::slice,,,2.2,3.2,0,0,0,0
aten::as_strided,,,1.0,1.0,0,0,0,0
aten::slice,,,2.19,3.46,0,0,0,0
aten::as_strided,,,1.27,1.27,0,0,0,0
aten::slice,,,2.73,5.35,0,0,0,0
aten::as_strided,,,2.62,2.62,0,0,0,0
aten::slice,,,2.49,4.6,0,0,0,0
aten::as_strided,,,2.11,2.11,0,0,0,0
aten::slice,,,2.37,4.46,0,0,0,0
aten::as_strided,,,2.09,2.09,0,0,0,0
aten::slice,,,5.6,11.73,0,0,0,0
aten::as_strided,,,6.13,6.13,0,0,0,0
aten::slice,,,2.49,6.09,0,0,0,0
aten::as_strided,,,3.6,3.6,0,0,0,0
aten::slice,,,3.37,5.77,0,0,0,0
aten::as_strided,,,2.4,2.4,0,0,0,0
aten::to,,,1.68,1.68,0,0,0,0
aten::slice,,,2.64,5.09,0,0,0,0
aten::as_strided,,,2.45,2.45,0,0,0,0
aten::slice,,,2.35,4.59,0,0,0,0
aten::as_strided,,,2.24,2.24,0,0,0,0
aten::slice,,,2.29,3.8,0,0,0,0
aten::as_strided,,,1.51,1.51,0,0,0,0
aten::slice,,,3.08,6.1,0,0,0,0
aten::as_strided,,,3.02,3.02,0,0,0,0
aten::alias,,,3.23,3.23,0,0,0,0
aten::alias,,,4.46,4.46,0,0,0,0
aten::div,,,39.88,64.09,0,9.3201875,0,0
aten::item,,,2.42,4.09,0,0,0,0
aten::_local_scalar_dense,,,1.67,1.67,0,0,0,0
aclnnDivMods,,,20.12,20.12,9.3201875,9.3201875,0,0
aten::slice,,,3.47,8.66,0,0,0,0
aten::as_strided,,,5.19,5.19,0,0,0,0
aten::slice,,,4.89,7.5,0,0,0,0
aten::as_strided,,,2.61,2.61,0,0,0,0
aten::copy_,,,65.37,82.11,0,0.58,0,0
aclnnInplaceCopy,,,16.74,16.74,0.58,0.58,0,0
aten::slice,,,3.25,6.9,0,0,0,0
aten::as_strided,,,3.65,3.65,0,0,0,0
aten::slice,,,4.72,7.31,0,0,0,0
aten::as_strided,,,2.59,2.59,0,0,0,0
aten::ge,,,23.76,47.69,0,4.14009375,0,0
empty_tensor,,,10.91,10.91,0,0,0,0
aclnnGeScalar,,,13.02,13.02,4.14009375,4.14009375,0,0
aten::add,,,21.13,43.99,0,2.9200625,0,0
empty_tensor,,,7.13,7.13,0,0,0,0
aten::item,,,2.46,4.2,0,0,0,0
aten::_local_scalar_dense,,,1.74,1.74,0,0,0,0
aclnnAdds,,,11.53,11.53,2.9200625,2.9200625,0,0
aten::remainder,,,23.69,42.19,0,3.64009375,0,0
empty_tensor,,,7.29,7.29,0,0,0,0
aclnnRemainderTensorScalar,,,11.21,11.21,3.64009375,3.64009375,0,0
aten::eq,,,14.33,34.31,0,2.26003125,0,0
empty_tensor,,,5.89,5.89,0,0,0,0
aclnnEqScalar,,,14.09,14.09,2.26003125,2.26003125,0,0
aten::__and__,,,2.33,35.36,0,1.7600625,0,0
aten::bitwise_and,,,16.38,33.03,0,1.7600625,0,0
empty_tensor,,,5.84,5.84,0,0,0,0
aclnnBitwiseAndTensor,,,10.81,10.81,1.7600625,1.7600625,0,0
aten::clamp_min,,,13.62,30.85,0,3.02003125,0,0
empty_tensor,,,6.03,6.03,0,0,0,0
aclnnClampMin,,,11.2,11.2,3.02003125,3.02003125,0,0
aten::div,,,21.9,42.24,0,4.4800625,0,0
empty_tensor,,,6.11,6.11,0,0,0,0
aten::item,,,2.12,3.5,0,0,0,0
aten::_local_scalar_dense,,,1.38,1.38,0,0,0,0
aclnnDivMods,,,10.73,10.73,4.4800625,4.4800625,0,0
aten::remainder,,,17.94,29.59,0,5.100125,0,0
empty_tensor,,,6.21,6.21,0,0,0,0
aclnnRemainderTensorScalar,,,5.44,5.44,5.100125,5.100125,0,0
aten::mul,,,17.33,29.32,0,1.42003125,0,0
empty_tensor,,,6.42,6.42,0,0,0,0
aten::item,,,1.69,2.7,0,0,0,0
aten::_local_scalar_dense,,,1.01,1.01,0,0,0,0
aclnnMuls,,,2.87,2.87,1.42003125,1.42003125,0,0
aten::div,,,19.42,38.21,0,3.9400625,0,0
empty_tensor,,,6.16,6.16,0,0,0,0
aten::item,,,1.6,2.29,0,0,0,0
aten::_local_scalar_dense,,,0.69,0.69,0,0,0,0
aclnnDivMods,,,10.34,10.34,3.9400625,3.9400625,0,0
aten::add,,,13.59,23.13,0,1.30003125,0,0
empty_tensor,,,5.6,5.6,0,0,0,0
aclnnAdd,,,3.94,3.94,1.30003125,1.30003125,0,0
aten::full_like,,,5.26,65.59,0,1.2000625,0,0
aten::empty_like,,,7.89,19.34,0,0,0,0
aten::empty_strided,,,7.45,11.45,0,0,0,0
empty_tensor,,,4.0,4.0,0,0,0,0
aten::fill_,,,26.96,40.99,0,1.2000625,0,0
aclnnInplaceFillScalar,,,14.03,14.03,1.2000625,1.2000625,0,0
aten::where,,,14.51,31.23,0,1.9000625,0,0
empty_tensor,,,6.78,6.78,0,0,0,0
aclnnSWhere,,,9.94,9.94,1.9000625,1.9000625,0,0
aten::copy_,,,15.83,26.9,0,1.14,0,0
aclnnInplaceCopy,,,11.07,11.07,1.14,1.14,0,0
aten::slice,,,3.99,8.77,0,0,0,0
aten::as_strided,,,4.78,4.78,0,0,0,0
aten::slice,,,6.15,9.23,0,0,0,0
aten::as_strided,,,3.08,3.08,0,0,0,0
aten::div,,,24.51,40.94,0,4.62009375,0,0
aten::item,,,2.07,4.19,0,0,0,0
aten::_local_scalar_dense,,,2.12,2.12,0,0,0,0
aclnnDivMods,,,12.24,12.24,4.62009375,4.62009375,0,0
aten::slice,,,2.74,6.32,0,0,0,0
aten::as_strided,,,3.58,3.58,0,0,0,0
aten::slice,,,3.73,6.73,0,0,0,0
aten::as_strided,,,3.0,3.0,0,0,0,0
aten::slice,,,2.3,4.46,0,0,0,0
aten::as_strided,,,2.16,2.16,0,0,0,0
aten::copy_,,,60.91,74.44,0,0.6,0,0
aclnnInplaceCopy,,,13.53,13.53,0.6,0.6,0,0
aten::slice,,,3.15,7.05,0,0,0,0
aten::as_strided,,,3.9,3.9,0,0,0,0
aten::slice,,,4.78,7.35,0,0,0,0
aten::as_strided,,,2.57,2.57,0,0,0,0
aten::copy_,,,48.68,61.05,0,0.64,0,0
aclnnInplaceCopy,,,12.37,12.37,0.64,0.64,0,0
aten::slice,,,5.78,8.37,0,0,0,0
aten::as_strided,,,2.59,2.59,0,0,0,0
aten::div,,,14.15,32.07,0,0,0,0
aten::to,,,1.89,17.92,0,0,0,0
aten::_to_copy,,,5.33,16.03,0,0,0,0
aten::empty_strided,,,3.72,3.72,0,0,0,0
aten::copy_,,,6.98,6.98,0,0,0,0
aten::slice,,,3.82,8.61,0,0,0,0
aten::as_strided,,,4.79,4.79,0,0,0,0
aten::slice,,,5.73,10.77,0,0,0,0
aten::as_strided,,,5.04,5.04,0,0,0,0
aten::slice,,,2.59,5.36,0,0,0,0
aten::as_strided,,,2.77,2.77,0,0,0,0
aten::slice,,,2.32,4.77,0,0,0,0
aten::as_strided,,,2.45,2.45,0,0,0,0
aten::fill_,,,18.72,33.96,0,1.3,0,0
aclnnInplaceFillScalar,,,15.24,15.24,1.3,1.3,0,0
aten::slice,,,5.5,9.15,0,0,0,0
aten::as_strided,,,3.65,3.65,0,0,0,0
aten::fill_,,,12.8,27.56,0,1.04,0,0
aclnnInplaceFillScalar,,,14.76,14.76,1.04,1.04,0,0
aten::slice,,,5.12,9.57,0,0,0,0
aten::as_strided,,,4.45,4.45,0,0,0,0
aten::slice,,,4.07,7.55,0,0,0,0
aten::as_strided,,,3.48,3.48,0,0,0,0
aten::slice,,,6.01,8.7,0,0,0,0
aten::as_strided,,,2.69,2.69,0,0,0,0
aten::slice,,,2.97,6.51,0,0,0,0
aten::as_strided,,,3.54,3.54,0,0,0,0
aten::slice,,,2.56,6.3,0,0,0,0
aten::as_strided,,,3.74,3.74,0,0,0,0
aten::slice,,,2.44,4.89,0,0,0,0
aten::as_strided,,,2.45,2.45,0,0,0,0
aten::slice,,,2.57,4.53,0,0,0,0
aten::as_strided,,,1.96,1.96,0,0,0,0
aten::fill_,,,16.16,30.58,0,1.14003125,0,0
aclnnInplaceFillScalar,,,14.42,14.42,1.14003125,1.14003125,0,0
aten::slice,,,3.93,7.44,0,0,0,0
aten::as_strided,,,3.51,3.51,0,0,0,0
aten::fill_,,,12.33,24.68,0,1.20003125,0,0
aclnnInplaceFillScalar,,,12.35,12.35,1.20003125,1.20003125,0,0
aten::slice,,,4.48,8.76,0,0,0,0
aten::as_strided,,,4.28,4.28,0,0,0,0
aten::slice,,,2.89,4.8,0,0,0,0
aten::as_strided,,,1.91,1.91,0,0,0,0
aten::slice,,,3.03,6.35,0,0,0,0
aten::as_strided,,,3.32,3.32,0,0,0,0
aten::slice,,,2.71,4.15,0,0,0,0
aten::as_strided,,,1.44,1.44,0,0,0,0
aten::slice,,,2.33,3.34,0,0,0,0
aten::as_strided,,,1.01,1.01,0,0,0,0
aten::slice,,,2.4,3.52,0,0,0,0
aten::as_strided,,,1.12,1.12,0,0,0,0
aten::slice,,,1.97,2.66,0,0,0,0
aten::as_strided,,,0.69,0.69,0,0,0,0
aten::slice,,,1.54,2.57,0,0,0,0
aten::as_strided,,,1.03,1.03,0,0,0,0
aten::diff,,,7.79,33.03,0,0,0,0
aten::narrow,,,5.92,8.98,0,0,0,0
aten::slice,,,1.49,3.06,0,0,0,0
aten::as_strided,,,1.57,1.57,0,0,0,0
aten::narrow,,,1.61,3.53,0,0,0,0
aten::slice,,,1.09,1.92,0,0,0,0
aten::as_strided,,,0.83,0.83,0,0,0,0
aten::sub,,,12.73,12.73,0,0,0,0
aten::eq,,,12.93,27.09,0,0,0,0
aten::to,,,1.6,14.16,0,0,0,0
aten::_to_copy,,,4.23,12.56,0,0,0,0
aten::empty_strided,,,2.61,2.61,0,0,0,0
aten::copy_,,,5.72,5.72,0,0,0,0
aten::__and__,,,2.22,6.97,0,0,0,0
aten::bitwise_and,,,4.75,4.75,0,0,0,0
aten::gt,,,9.1,20.36,0,0,0,0
aten::to,,,0.91,11.26,0,0,0,0
aten::_to_copy,,,2.52,10.35,0,0,0,0
aten::empty_strided,,,1.89,1.89,0,0,0,0
aten::copy_,,,5.94,5.94,0,0,0,0
aten::__and__,,,1.46,4.45,0,0,0,0
aten::bitwise_and,,,2.99,2.99,0,0,0,0
aten::any,,,11.48,13.82,0,0,0,0
aten::as_strided,,,1.3,1.3,0,0,0,0
aten::fill_,,,1.04,1.04,0,0,0,0
aten::item,,,1.99,3.4,0,0,0,0
aten::_local_scalar_dense,,,1.41,1.41,0,0,0,0
aten::slice,,,4.46,7.8,0,0,0,0
aten::as_strided,,,3.34,3.34,0,0,0,0
aten::slice,,,2.82,12.81,0,0,0,0
aten::as_strided,,,9.99,9.99,0,0,0,0
aten::sub,,,5.59,5.59,0,0,0,0
aten::select,,,3.06,4.05,0,0,0,0
aten::as_strided,,,0.99,0.99,0,0,0,0
aten::item,,,1.17,2.24,0,0,0,0
aten::_local_scalar_dense,,,1.07,1.07,0,0,0,0
aten::gt,,,7.86,24.21,0,0,0,0
aten::to,,,1.02,16.35,0,0,0,0
aten::_to_copy,,,9.46,15.33,0,0,0,0
aten::empty_strided,,,2.07,2.07,0,0,0,0
aten::copy_,,,3.8,3.8,0,0,0,0
aten::__ior__,,,1.85,6.37,0,0,0,0
aten::bitwise_or_,,,4.52,4.52,0,0,0,0
aten::any,,,8.1,10.06,0,0,0,0
aten::as_strided,,,1.09,1.09,0,0,0,0
aten::fill_,,,0.87,0.87,0,0,0,0
aten::is_nonzero,,,2.78,8.46,0,0,0,0
aten::item,,,3.94,5.68,0,0,0,0
aten::_local_scalar_dense,,,1.74,1.74,0,0,0,0
aten::select,,,5.0,11.41,0,0,0,0
aten::as_strided,,,6.41,6.41,0,0,0,0
aten::slice,,,4.64,8.89,0,0,0,0
aten::as_strided,,,4.25,4.25,0,0,0,0
aten::slice,,,2.83,17.32,0,0,0,0
aten::as_strided,,,14.49,14.49,0,0,0,0
aten::slice,,,16.5,18.85,0,0,0,0
aten::as_strided,,,2.35,2.35,0,0,0,0
aten::copy_,,,79.73,111.41,0,0.56,0,0
aclnnInplaceCopy,,,31.68,31.68,0.56,0.56,0,0
aten::slice,,,6.77,12.03,0,0,0,0
aten::as_strided,,,5.26,5.26,0,0,0,0
aten::fill_,,,16.28,31.33,0,1.16003125,0,0
aclnnInplaceFillScalar,,,15.05,15.05,1.16003125,1.16003125,0,0
aten::slice,,,4.85,9.08,0,0,0,0
aten::as_strided,,,4.23,4.23,0,0,0,0
aten::slice,,,8.82,11.31,0,0,0,0
aten::as_strided,,,2.49,2.49,0,0,0,0
aten::slice,,,2.99,5.54,0,0,0,0
aten::as_strided,,,2.55,2.55,0,0,0,0
aten::copy_,,,57.77,72.41,0,0.64,0,0
aclnnInplaceCopy,,,14.64,14.64,0.64,0.64,0,0
aten::slice,,,6.21,10.6,0,0,0,0
aten::as_strided,,,4.39,4.39,0,0,0,0
aten::slice,,,2.71,5.67,0,0,0,0
aten::as_strided,,,2.96,2.96,0,0,0,0
aten::expand_as,,,2.23,11.04,0,0,0,0
aten::expand,,,5.09,8.81,0,0,0,0
aten::as_strided,,,3.72,3.72,0,0,0,0
aten::copy_,,,49.85,64.85,0,0.70003125,0,0
aclnnInplaceCopy,,,15.0,15.0,0.70003125,0.70003125,0,0
aten::slice,,,6.17,10.45,0,0,0,0
aten::as_strided,,,4.28,4.28,0,0,0,0
aten::slice,,,3.42,6.87,0,0,0,0
aten::as_strided,,,3.45,3.45,0,0,0,0
aten::slice,,,2.45,4.55,0,0,0,0
aten::as_strided,,,2.1,2.1,0,0,0,0
aten::slice,,,2.88,5.17,0,0,0,0
aten::as_strided,,,2.29,2.29,0,0,0,0
aten::copy_,,,47.21,61.62,0,0.66003125,0,0
aclnnInplaceCopy,,,14.41,14.41,0.66003125,0.66003125,0,0
aten::slice,,,5.48,9.09,0,0,0,0
aten::as_strided,,,3.61,3.61,0,0,0,0
aten::slice,,,2.79,5.29,0,0,0,0
aten::as_strided,,,2.5,2.5,0,0,0,0
aten::slice,,,2.61,4.81,0,0,0,0
aten::as_strided,,,2.2,2.2,0,0,0,0
aten::sub,,,19.88,31.6,0,1.50003125,0,0
aclnnSub,,,11.72,11.72,1.50003125,1.50003125,0,0
aten::slice,,,8.0,10.7,0,0,0,0
aten::as_strided,,,2.7,2.7,0,0,0,0
aten::slice,,,2.93,7.62,0,0,0,0
aten::as_strided,,,4.69,4.69,0,0,0,0
aten::slice,,,3.25,6.22,0,0,0,0
aten::as_strided,,,2.97,2.97,0,0,0,0
aten::slice,,,2.36,4.61,0,0,0,0
aten::as_strided,,,2.25,2.25,0,0,0,0
aten::slice,,,2.2,3.9,0,0,0,0
aten::as_strided,,,1.7,1.7,0,0,0,0
aten::fill_,,,17.19,31.68,0,1.26003125,0,0
aclnnInplaceFillScalar,,,14.49,14.49,1.26003125,1.26003125,0,0
aten::slice,,,5.37,9.02,0,0,0,0
aten::as_strided,,,3.65,3.65,0,0,0,0
aten::fill_,,,12.88,24.06,0,1.28003125,0,0
aclnnInplaceFillScalar,,,11.18,11.18,1.28003125,1.28003125,0,0
aten::slice,,,4.28,8.62,0,0,0,0
aten::as_strided,,,4.34,4.34,0,0,0,0
aten::slice,,,2.32,3.81,0,0,0,0
aten::as_strided,,,1.49,1.49,0,0,0,0
aten::slice,,,3.08,5.87,0,0,0,0
aten::as_strided,,,2.79,2.79,0,0,0,0
aten::slice,,,2.71,3.72,0,0,0,0
aten::as_strided,,,1.01,1.01,0,0,0,0
aten::slice,,,2.35,3.79,0,0,0,0
aten::as_strided,,,1.44,1.44,0,0,0,0
aten::slice,,,2.41,3.44,0,0,0,0
aten::as_strided,,,1.03,1.03,0,0,0,0
aten::slice,,,2.58,3.37,0,0,0,0
aten::as_strided,,,0.79,0.79,0,0,0,0
aten::slice,,,1.18,1.99,0,0,0,0
aten::as_strided,,,0.81,0.81,0,0,0,0
aten::diff,,,6.61,31.15,0,0,0,0
aten::narrow,,,4.31,8.38,0,0,0,0
aten::slice,,,1.67,4.07,0,0,0,0
aten::as_strided,,,2.4,2.4,0,0,0,0
aten::narrow,,,2.36,4.2,0,0,0,0
aten::slice,,,1.1,1.84,0,0,0,0
aten::as_strided,,,0.74,0.74,0,0,0,0
aten::sub,,,11.96,11.96,0,0,0,0
aten::eq,,,12.99,27.68,0,0,0,0
aten::to,,,1.42,14.69,0,0,0,0
aten::_to_copy,,,4.35,13.27,0,0,0,0
aten::empty_strided,,,2.82,2.82,0,0,0,0
aten::copy_,,,6.1,6.1,0,0,0,0
aten::__and__,,,2.0,6.06,0,0,0,0
aten::bitwise_and,,,4.06,4.06,0,0,0,0
aten::gt,,,7.15,14.91,0,0,0,0
aten::to,,,0.88,7.76,0,0,0,0
aten::_to_copy,,,2.43,6.88,0,0,0,0
aten::empty_strided,,,1.79,1.79,0,0,0,0
aten::copy_,,,2.66,2.66,0,0,0,0
aten::__and__,,,1.95,5.05,0,0,0,0
aten::bitwise_and,,,3.1,3.1,0,0,0,0
aten::any,,,9.04,11.28,0,0,0,0
aten::as_strided,,,1.37,1.37,0,0,0,0
aten::fill_,,,0.87,0.87,0,0,0,0
aten::item,,,1.62,2.88,0,0,0,0
aten::_local_scalar_dense,,,1.26,1.26,0,0,0,0
aten::slice,,,3.93,6.32,0,0,0,0
aten::as_strided,,,2.39,2.39,0,0,0,0
aten::slice,,,2.13,2.99,0,0,0,0
aten::as_strided,,,0.86,0.86,0,0,0,0
aten::sub,,,4.81,4.81,0,0,0,0
aten::select,,,3.08,5.28,0,0,0,0
aten::as_strided,,,2.2,2.2,0,0,0,0
aten::item,,,1.08,2.84,0,0,0,0
aten::_local_scalar_dense,,,1.76,1.76,0,0,0,0
aten::gt,,,7.6,16.11,0,0,0,0
aten::to,,,0.93,8.51,0,0,0,0
aten::_to_copy,,,2.63,7.58,0,0,0,0
aten::empty_strided,,,2.11,2.11,0,0,0,0
aten::copy_,,,2.84,2.84,0,0,0,0
aten::__ior__,,,1.73,5.88,0,0,0,0
aten::bitwise_or_,,,4.15,4.15,0,0,0,0
aten::any,,,7.04,8.96,0,0,0,0
aten::as_strided,,,1.16,1.16,0,0,0,0
aten::fill_,,,0.76,0.76,0,0,0,0
aten::is_nonzero,,,1.63,3.76,0,0,0,0
aten::item,,,1.31,2.13,0,0,0,0
aten::_local_scalar_dense,,,0.82,0.82,0,0,0,0
aten::select,,,5.03,11.66,0,0,0,0
aten::as_strided,,,6.63,6.63,0,0,0,0
aten::slice,,,4.35,8.83,0,0,0,0
aten::as_strided,,,4.48,4.48,0,0,0,0
aten::slice,,,2.6,5.09,0,0,0,0
aten::as_strided,,,2.49,2.49,0,0,0,0
aten::slice,,,2.54,5.3,0,0,0,0
aten::as_strided,,,2.76,2.76,0,0,0,0
aten::copy_,,,67.84,88.61,0,0.54003125,0,0
aclnnInplaceCopy,,,20.77,20.77,0.54003125,0.54003125,0,0
aten::slice,,,6.51,10.95,0,0,0,0
aten::as_strided,,,4.44,4.44,0,0,0,0
aten::fill_,,,16.07,29.97,0,1.26,0,0
aclnnInplaceFillScalar,,,13.9,13.9,1.26,1.26,0,0
aten::slice,,,6.04,10.6,0,0,0,0
aten::as_strided,,,4.56,4.56,0,0,0,0
aten::slice,,,3.2,5.95,0,0,0,0
aten::as_strided,,,2.75,2.75,0,0,0,0
aten::slice,,,2.9,5.91,0,0,0,0
aten::as_strided,,,3.01,3.01,0,0,0,0
aten::copy_,,,54.21,67.95,0,0.58003125,0,0
aclnnInplaceCopy,,,13.74,13.74,0.58003125,0.58003125,0,0
aten::slice,,,6.05,10.23,0,0,0,0
aten::as_strided,,,4.18,4.18,0,0,0,0
aten::slice,,,2.71,5.39,0,0,0,0
aten::as_strided,,,2.68,2.68,0,0,0,0
aten::expand_as,,,2.11,9.3,0,0,0,0
aten::expand,,,3.74,7.19,0,0,0,0
aten::as_strided,,,3.45,3.45,0,0,0,0
aten::copy_,,,48.85,64.11,0,0.52,0,0
aclnnInplaceCopy,,,15.26,15.26,0.52,0.52,0,0
aten::slice,,,6.37,10.9,0,0,0,0
aten::as_strided,,,4.53,4.53,0,0,0,0
aten::slice,,,3.73,7.47,0,0,0,0
aten::as_strided,,,3.74,3.74,0,0,0,0
aten::slice,,,2.51,5.29,0,0,0,0
aten::as_strided,,,2.78,2.78,0,0,0,0
aten::slice,,,2.68,5.26,0,0,0,0
aten::as_strided,,,2.58,2.58,0,0,0,0
aten::copy_,,,50.27,65.86,0,0.66003125,0,0
aclnnInplaceCopy,,,15.59,15.59,0.66003125,0.66003125,0,0
aten::slice,,,6.01,10.08,0,0,0,0
aten::as_strided,,,4.07,4.07,0,0,0,0
aten::slice,,,2.88,5.88,0,0,0,0
aten::as_strided,,,3.0,3.0,0,0,0,0
aten::slice,,,2.52,5.32,0,0,0,0
aten::as_strided,,,2.8,2.8,0,0,0,0
aten::sub,,,18.41,30.45,0,1.36003125,0,0
aclnnSub,,,12.04,12.04,1.36003125,1.36003125,0,0
aten::slice,,,17.99,21.53,0,0,0,0
aten::as_strided,,,3.54,3.54,0,0,0,0
aten::slice,,,3.14,9.75,0,0,0,0
aten::as_strided,,,6.61,6.61,0,0,0,0
aten::slice,,,3.11,7.03,0,0,0,0
aten::as_strided,,,3.92,3.92,0,0,0,0
aten::slice,,,2.48,5.12,0,0,0,0
aten::as_strided,,,2.64,2.64,0,0,0,0
aten::slice,,,2.43,4.68,0,0,0,0
aten::as_strided,,,2.25,2.25,0,0,0,0
aten::fill_,,,20.07,36.16,0,1.18,0,0
aclnnInplaceFillScalar,,,16.09,16.09,1.18,1.18,0,0
aten::slice,,,4.21,8.07,0,0,0,0
aten::as_strided,,,3.86,3.86,0,0,0,0
aten::fill_,,,12.52,23.87,0,1.04,0,0
aclnnInplaceFillScalar,,,11.35,11.35,1.04,1.04,0,0
aten::slice,,,6.34,10.76,0,0,0,0
aten::as_strided,,,4.42,4.42,0,0,0,0
aten::slice,,,2.62,4.54,0,0,0,0
aten::as_strided,,,1.92,1.92,0,0,0,0
aten::slice,,,2.88,5.76,0,0,0,0
aten::as_strided,,,2.88,2.88,0,0,0,0
aten::slice,,,2.78,4.08,0,0,0,0
aten::as_strided,,,1.3,1.3,0,0,0,0
aten::slice,,,2.27,3.79,0,0,0,0
aten::as_strided,,,1.52,1.52,0,0,0,0
aten::slice,,,2.43,3.33,0,0,0,0
aten::as_strided,,,0.9,0.9,0,0,0,0
aten::slice,,,1.89,2.79,0,0,0,0
aten::as_strided,,,0.9,0.9,0,0,0,0
aten::slice,,,1.42,2.32,0,0,0,0
aten::as_strided,,,0.9,0.9,0,0,0,0
aten::diff,,,6.7,30.59,0,0,0,0
aten::narrow,,,4.8,8.45,0,0,0,0
aten::slice,,,1.62,3.65,0,0,0,0
aten::as_strided,,,2.03,2.03,0,0,0,0
aten::narrow,,,2.01,4.01,0,0,0,0
aten::slice,,,1.01,2.0,0,0,0,0
aten::as_strided,,,0.99,0.99,0,0,0,0
aten::sub,,,11.43,11.43,0,0,0,0
aten::eq,,,11.97,26.29,0,0,0,0
aten::to,,,1.52,14.32,0,0,0,0
aten::_to_copy,,,4.49,12.8,0,0,0,0
aten::empty_strided,,,2.86,2.86,0,0,0,0
aten::copy_,,,5.45,5.45,0,0,0,0
aten::__and__,,,2.19,6.09,0,0,0,0
aten::bitwise_and,,,3.9,3.9,0,0,0,0
aten::gt,,,6.92,14.78,0,0,0,0
aten::to,,,0.91,7.86,0,0,0,0
aten::_to_copy,,,2.74,6.95,0,0,0,0
aten::empty_strided,,,1.57,1.57,0,0,0,0
aten::copy_,,,2.64,2.64,0,0,0,0
aten::__and__,,,1.2,4.58,0,0,0,0
aten::bitwise_and,,,3.38,3.38,0,0,0,0
aten::any,,,8.69,11.1,0,0,0,0
aten::as_strided,,,1.46,1.46,0,0,0,0
aten::fill_,,,0.95,0.95,0,0,0,0
aten::item,,,1.81,3.0,0,0,0,0
aten::_local_scalar_dense,,,1.19,1.19,0,0,0,0
aten::slice,,,4.39,5.82,0,0,0,0
aten::as_strided,,,1.43,1.43,0,0,0,0
aten::slice,,,2.51,4.14,0,0,0,0
aten::as_strided,,,1.63,1.63,0,0,0,0
aten::sub,,,4.52,4.52,0,0,0,0
aten::select,,,3.2,4.45,0,0,0,0
aten::as_strided,,,1.25,1.25,0,0,0,0
aten::item,,,1.02,2.17,0,0,0,0
aten::_local_scalar_dense,,,1.15,1.15,0,0,0,0
aten::gt,,,22.21,31.39,0,0,0,0
aten::to,,,1.03,9.18,0,0,0,0
aten::_to_copy,,,2.87,8.15,0,0,0,0
aten::empty_strided,,,2.08,2.08,0,0,0,0
aten::copy_,,,3.2,3.2,0,0,0,0
aten::__ior__,,,2.29,6.46,0,0,0,0
aten::bitwise_or_,,,4.17,4.17,0,0,0,0
aten::any,,,7.68,10.08,0,0,0,0
aten::as_strided,,,1.38,1.38,0,0,0,0
aten::fill_,,,1.02,1.02,0,0,0,0
aten::is_nonzero,,,1.43,4.17,0,0,0,0
aten::item,,,1.24,2.74,0,0,0,0
aten::_local_scalar_dense,,,1.5,1.5,0,0,0,0
aten::select,,,5.57,13.19,0,0,0,0
aten::as_strided,,,7.62,7.62,0,0,0,0
aten::slice,,,4.95,9.21,0,0,0,0
aten::as_strided,,,4.26,4.26,0,0,0,0
aten::slice,,,2.38,4.93,0,0,0,0
aten::as_strided,,,2.55,2.55,0,0,0,0
aten::slice,,,2.13,4.35,0,0,0,0
aten::as_strided,,,2.22,2.22,0,0,0,0
aten::copy_,,,67.8,88.84,0,0.56,0,0
aclnnInplaceCopy,,,21.04,21.04,0.56,0.56,0,0
aten::slice,,,5.78,9.83,0,0,0,0
aten::as_strided,,,4.05,4.05,0,0,0,0
aten::fill_,,,16.01,30.31,0,1.18003125,0,0
aclnnInplaceFillScalar,,,14.3,14.3,1.18003125,1.18003125,0,0
aten::slice,,,5.49,9.32,0,0,0,0
aten::as_strided,,,3.83,3.83,0,0,0,0
aten::slice,,,2.63,5.11,0,0,0,0
aten::as_strided,,,2.48,2.48,0,0,0,0
aten::slice,,,2.61,5.1,0,0,0,0
aten::as_strided,,,2.49,2.49,0,0,0,0
aten::copy_,,,55.31,71.0,0,0.84003125,0,0
aclnnInplaceCopy,,,15.69,15.69,0.84003125,0.84003125,0,0
aten::slice,,,5.7,9.85,0,0,0,0
aten::as_strided,,,4.15,4.15,0,0,0,0
aten::slice,,,2.85,5.27,0,0,0,0
aten::as_strided,,,2.42,2.42,0,0,0,0
aten::expand_as,,,2.27,9.65,0,0,0,0
aten::expand,,,3.69,7.38,0,0,0,0
aten::as_strided,,,3.69,3.69,0,0,0,0
aten::copy_,,,46.91,61.87,0,0.58,0,0
aclnnInplaceCopy,,,14.96,14.96,0.58,0.58,0,0
aten::slice,,,5.05,9.37,0,0,0,0
aten::as_strided,,,4.32,4.32,0,0,0,0
aten::slice,,,2.73,5.8,0,0,0,0
aten::as_strided,,,3.07,3.07,0,0,0,0
aten::slice,,,2.22,4.67,0,0,0,0
aten::as_strided,,,2.45,2.45,0,0,0,0
aten::slice,,,2.27,4.34,0,0,0,0
aten::as_strided,,,2.07,2.07,0,0,0,0
aten::copy_,,,47.77,63.09,0,0.6,0,0
aclnnInplaceCopy,,,15.32,15.32,0.6,0.6,0,0
aten::slice,,,5.4,9.06,0,0,0,0
aten::as_strided,,,3.66,3.66,0,0,0,0
aten::slice,,,2.79,5.13,0,0,0,0
aten::as_strided,,,2.34,2.34,0,0,0,0
aten::slice,,,2.33,4.95,0,0,0,0
aten::as_strided,,,2.62,2.62,0,0,0,0
aten::sub,,,17.33,28.89,0,1.44003125,0,0
aclnnSub,,,11.56,11.56,1.44003125,1.44003125,0,0
Event::record,,,153.9,177.47,0,0.02,0,0
record_event,,,23.57,23.57,0.02,0.02,0,0
aten::slice,,,10.35,18.14,0,0,0,0
aten::as_strided,,,7.79,7.79,0,0,0,0
aten::slice,,,3.31,6.47,0,0,0,0
aten::as_strided,,,3.16,3.16,0,0,0,0
aten::slice,,,2.24,4.22,0,0,0,0
aten::as_strided,,,1.98,1.98,0,0,0,0
aten::zero_,,,20.34,40.25,0,1.96003125,0,0
aclnnInplaceZero,,,19.91,19.91,1.96003125,1.96003125,0,0
aten::slice,,,10.26,19.09,0,0,0,0
aten::as_strided,,,8.83,8.83,0,0,0,0
aten::scalar_tensor,,,6.23,56.29,0,1.60003125,0,0
aten::empty,,,3.54,15.26,0,0,0,0
empty_tensor,,,11.72,11.72,0,0,0,0
aten::fill_,,,17.64,34.8,0,1.60003125,0,0
aclnnInplaceFillScalar,,,17.16,17.16,1.60003125,1.60003125,0,0
aten::slice,,,7.92,13.89,0,0,0,0
aten::as_strided,,,5.97,5.97,0,0,0,0
aten::view,,,3.9,3.9,0,0,0,0
aten::expand,,,1.9,4.04,0,0,0,0
aten::as_strided,,,2.14,2.14,0,0,0,0
aten::copy_,,,24.02,35.86,0,4.1000625,0,0
aclnnInplaceCopy,,,11.84,11.84,4.1000625,4.1000625,0,0
aten::scalar_tensor,,,4.42,52.57,0,1.24003125,0,0
aten::empty,,,2.23,24.33,0,0,0,0
empty_tensor,,,22.1,22.1,0,0,0,0
aten::fill_,,,12.38,23.82,0,1.24003125,0,0
aclnnInplaceFillScalar,,,11.44,11.44,1.24003125,1.24003125,0,0
aten::slice,,,5.97,11.26,0,0,0,0
aten::as_strided,,,5.29,5.29,0,0,0,0
aten::view,,,2.45,2.45,0,0,0,0
aten::expand,,,1.69,3.5,0,0,0,0
aten::as_strided,,,1.81,1.81,0,0,0,0
aten::copy_,,,56.78,72.19,0,0.56,0,0
aclnnInplaceCopy,,,15.41,15.41,0.56,0.56,0,0
aten::index,,,41.76,81.82,0,11.76021875,0,0
empty_tensor,,,8.49,8.49,0,0,0,0
empty_tensor,,,9.68,9.68,0,0,0,0
aclnnIndex,,,21.89,21.89,11.76021875,11.76021875,0,0
aten::linear,,,6.49,72.58,0,908.8581875,0,908.8581875
aten::t,,,6.44,17.15,0,0,0,0
aten::transpose,,,4.43,10.71,0,0,0,0
aten::as_strided,,,6.28,6.28,0,0,0,0
aten::matmul,,,23.16,48.94,0,908.8581875,0,908.8581875
empty_tensor,,,8.74,8.74,0,0,0,0
aclnnMatmul,,,17.04,17.04,908.8581875,908.8581875,908.8581875,908.8581875
aten::alias,,,2.71,2.71,0,0,0,0
aten::log_softmax,,,8.52,114.86,0,53.4610625,0,0
aten::to,,,3.03,68.86,0,8.50015625,0,0
aten::_to_copy,,,8.02,65.83,0,8.50015625,0,0
aten::empty_strided,,,12.88,19.82,0,0,0,0
empty_tensor,,,6.94,6.94,0,0,0,0
aten::copy_,,,21.67,37.99,0,8.50015625,0,0
aclnnInplaceCopy,,,16.32,16.32,8.50015625,8.50015625,0,0
aten::_log_softmax,,,19.88,37.48,0,44.96090625,0,0
empty_tensor,,,8.15,8.15,0,0,0,0
aclnnLogSoftmax,,,9.45,9.45,44.96090625,44.96090625,0,0
aten::to,,,2.65,46.9,0,2.8800625,0,0
aten::_to_copy,,,5.37,44.25,0,2.8800625,0,0
aten::empty_strided,,,7.7,12.16,0,0,0,0
empty_tensor,,,4.46,4.46,0,0,0,0
aten::copy_,,,15.53,26.72,0,2.8800625,0,0
aclnnInplaceCopy,,,11.19,11.19,2.8800625,2.8800625,0,0
aten::argmax,,,7.75,63.14,0,21.06040625,0,0
aten::empty,,,2.58,11.04,0,0,0,0
empty_tensor,,,8.46,8.46,0,0,0,0
aten::argmax,,,25.36,44.35,0,21.06040625,0,0
aten::reshape,,,1.74,8.13,0,0,0,0
aten::view,,,6.39,6.39,0,0,0,0
aclnnArgMax,,,10.86,10.86,21.06040625,21.06040625,0,0
aten::view,,,3.69,3.69,0,0,0,0
aten::to,,,1.52,1.52,0,0,0,0
aten::topk,,,23.39,49.75,0,41.220812499999994,0,0
empty_tensor,,,8.1,8.1,0,0,0,0
empty_tensor,,,4.28,4.28,0,0,0,0
aclnnTopk,,,13.98,13.98,41.220812499999994,41.220812499999994,0,0
aten::unsqueeze,,,3.78,8.62,0,0,0,0
aten::as_strided,,,4.84,4.84,0,0,0,0
aten::gather,,,20.14,29.89,0,6.16009375,0,0
empty_tensor,,,6.46,6.46,0,0,0,0
aclnnGather,,,3.29,3.29,6.16009375,6.16009375,0,0
TorchDynamo Cache Lookup,,,37.62,37.62,0,0,0,0
Torch-Compiled Region: 0/0,,,112.22,209.25,0,41.580875,0,0
aten::_assert_scalar,,,3.22,3.22,0,0,0,0
aten::_assert_scalar,,,1.02,1.02,0,0,0,0
aten::_assert_scalar,,,0.6,0.6,0,0,0,0
aten::ge,,,20.07,47.89,0,13.18028125,0,0
empty_tensor,,,11.5,11.5,0,0,0,0
aclnnGeTensor,,,16.32,16.32,13.18028125,13.18028125,0,0
aten::sum,,,23.47,44.3,0,28.40059375,0,0
empty_tensor,,,7.5,7.5,0,0,0,0
aclnnReduceSum,,,13.33,13.33,28.40059375,28.40059375,0,0
aten::cat,,,21.1,41.27,0,3.1200625,0,0
empty_tensor,,,7.89,7.89,0,0,0,0
aclnnCat,,,12.28,12.28,3.1200625,3.1200625,0,0
aten::cat,,,12.65,30.09,0,2.58003125,0,0
empty_tensor,,,7.72,7.72,0,0,0,0
aclnnCat,,,9.72,9.72,2.58003125,2.58003125,0,0
aten::to,,,2.25,49.21,0,1.36003125,0,0
aten::_to_copy,,,5.83,46.96,0,1.36003125,0,0
aten::empty_strided,,,7.56,11.94,0,0,0,0
empty_tensor,,,4.38,4.38,0,0,0,0
aten::copy_,,,17.17,29.19,0,1.36003125,0,0
aclnnInplaceCopy,,,12.02,12.02,1.36003125,1.36003125,0,0
aten::to,,,1.82,42.37,0,1.32003125,0,0
aten::_to_copy,,,4.79,40.55,0,1.32003125,0,0
aten::empty_strided,,,6.64,10.8,0,0,0,0
empty_tensor,,,4.16,4.16,0,0,0,0
aten::copy_,,,14.02,24.96,0,1.32003125,0,0
aclnnInplaceCopy,,,10.94,10.94,1.32003125,1.32003125,0,0
aten::unsqueeze,,,3.69,8.73,0,0,0,0
aten::as_strided,,,5.04,5.04,0,0,0,0
Event::record,,,142.24,162.32,0,0.02,0,0
record_event,,,20.08,20.08,0.02,0.02,0,0
aten::slice,,,5.93,15.19,0,0,0,0
aten::as_strided,,,9.26,9.26,0,0,0,0
Event::wait,,,88.25,111.21,0,2432.60859375,0,0
wait_event,,,22.96,22.96,2432.60859375,2432.60859375,0,0
Event::record,,,91.59,112.18,0,0.02,0,0
record_event,,,20.59,20.59,0.02,0.02,0,0
Event::wait,,,56.47,71.56,0,2071.241375,0,0
wait_event,,,15.09,15.09,2071.241375,2071.241375,0,0
destroy_event,,,9.88,9.88,0,0,0,0
aten::to,,,4.35,129.07,0,2.0400625,0,0
aten::_to_copy,,,8.44,124.72,0,2.0400625,0,0
aten::empty_strided,,,30.56,30.56,0,0,0,0
aten::copy_,,,23.77,85.72,0,2.0400625,0,0
acl_memcpy_device_to_host,,,61.95,61.95,2.0400625,2.0400625,0,0
aten::to,,,3.73,44.18,0,2.16003125,0,0
aten::_to_copy,,,6.07,40.45,0,2.16003125,0,0
aten::empty_strided,,,5.07,5.07,0,0,0,0
aten::copy_,,,17.05,29.31,0,2.16003125,0,0
acl_memcpy_device_to_host,,,12.26,12.26,2.16003125,2.16003125,0,0
aten::to,,,2.3,34.2,0,1.88,0,0
aten::_to_copy,,,4.25,31.9,0,1.88,0,0
aten::empty_strided,,,2.98,2.98,0,0,0,0
aten::copy_,,,12.68,24.67,0,1.88,0,0
acl_memcpy_device_to_host,,,11.99,11.99,1.88,1.88,0,0
aten::to,,,2.1,29.75,0,2.06003125,0,0
aten::_to_copy,,,3.75,27.65,0,2.06003125,0,0
aten::empty_strided,,,2.88,2.88,0,0,0,0
aten::copy_,,,11.05,21.02,0,2.06003125,0,0
acl_memcpy_device_to_host,,,9.97,9.97,2.06003125,2.06003125,0,0
Event::record,,,158.03,175.26,0,0.02,0,0
record_event,,,17.23,17.23,0.02,0.02,0,0
Event::synchronize,,,84.52,84.52,0,0,0,0
aten::resolve_conj,,,2.49,2.49,0,0,0,0
aten::resolve_neg,,,1.02,1.02,0,0,0,0
aten::to,,,3.19,3.19,0,0,0,0
aten::detach,,,3.95,3.95,0,0,0,0
aten::to,,,0.79,0.79,0,0,0,0
aten::resolve_conj,,,0.51,0.51,0,0,0,0
aten::resolve_neg,,,0.47,0.47,0,0,0,0
aten::to,,,1.67,1.67,0,0,0,0
aten::detach,,,1.78,1.78,0,0,0,0
aten::to,,,0.71,0.71,0,0,0,0
aten::resolve_conj,,,0.42,0.42,0,0,0,0
aten::resolve_neg,,,0.36,0.36,0,0,0,0
aten::to,,,1.27,1.27,0,0,0,0
aten::detach,,,1.4,1.4,0,0,0,0
aten::to,,,0.56,0.56,0,0,0,0
aten::resolve_conj,,,0.53,0.53,0,0,0,0
aten::resolve_neg,,,0.32,0.32,0,0,0,0
destroy_event,,,22.67,22.67,0,0,0,0
record_event,,,8.89,8.89,0.02,0.02,0,0
Event::synchronize,,,152.67,152.67,0,0,0,0
aten::slice,,,14.68,19.66,0,0,0,0
aten::as_strided,,,4.98,4.98,0,0,0,0
aten::slice,,,3.89,13.05,0,0,0,0
aten::as_strided,,,9.16,9.16,0,0,0,0
aten::pin_memory,,,108.99,128.0,0,0,0,0
aten::is_pinned,,,19.01,19.01,0,0,0,0
aten::copy_,,,23.7,40.62,0,2.7200625,0,0
acl_memcpy_host_to_device,,,16.92,16.92,2.7200625,2.7200625,0,0
aten::slice,,,7.83,10.38,0,0,0,0
aten::as_strided,,,2.55,2.55,0,0,0,0
aten::slice,,,3.04,8.44,0,0,0,0
aten::as_strided,,,5.4,5.4,0,0,0,0
aten::pin_memory,,,3.53,12.9,0,0,0,0
aten::is_pinned,,,9.37,9.37,0,0,0,0
aten::copy_,,,15.23,27.03,0,2.34003125,0,0
acl_memcpy_host_to_device,,,11.8,11.8,2.34003125,2.34003125,0,0
aten::slice,,,5.87,8.31,0,0,0,0
aten::as_strided,,,2.44,2.44,0,0,0,0
aten::slice,,,2.95,6.74,0,0,0,0
aten::as_strided,,,3.79,3.79,0,0,0,0
aten::pin_memory,,,2.92,10.31,0,0,0,0
aten::is_pinned,,,7.39,7.39,0,0,0,0
aten::copy_,,,13.16,25.36,0,2.32003125,0,0
acl_memcpy_host_to_device,,,12.2,12.2,2.32003125,2.32003125,0,0
aten::slice,,,4.87,7.15,0,0,0,0
aten::as_strided,,,2.28,2.28,0,0,0,0
aten::slice,,,2.85,6.42,0,0,0,0
aten::as_strided,,,3.57,3.57,0,0,0,0
aten::pin_memory,,,3.06,10.17,0,0,0,0
aten::is_pinned,,,7.11,7.11,0,0,0,0
aten::copy_,,,12.82,24.7,0,2.38003125,0,0
acl_memcpy_host_to_device,,,11.88,11.88,2.38003125,2.38003125,0,0
aten::slice,,,4.39,6.4,0,0,0,0
aten::as_strided,,,2.01,2.01,0,0,0,0
aten::slice,,,2.58,6.02,0,0,0,0
aten::as_strided,,,3.44,3.44,0,0,0,0
aten::pin_memory,,,2.71,9.93,0,0,0,0
aten::is_pinned,,,7.22,7.22,0,0,0,0
aten::copy_,,,13.06,24.67,0,2.3800625,0,0
acl_memcpy_host_to_device,,,11.61,11.61,2.3800625,2.3800625,0,0
aten::slice,,,10.16,14.48,0,0,0,0
aten::as_strided,,,4.32,4.32,0,0,0,0
aten::slice,,,3.35,10.08,0,0,0,0
aten::as_strided,,,6.73,6.73,0,0,0,0
aten::pin_memory,,,3.95,18.5,0,0,0,0
aten::is_pinned,,,14.55,14.55,0,0,0,0
aten::copy_,,,18.24,35.97,0,2.5000625,0,0
acl_memcpy_host_to_device,,,17.73,17.73,2.5000625,2.5000625,0,0
aten::slice,,,5.09,9.23,0,0,0,0
aten::as_strided,,,4.14,4.14,0,0,0,0
aten::lift_fresh,,,1.56,1.56,0,0,0,0
aten::lift_fresh,,,0.82,0.82,0,0,0,0
aten::flatten,,,3.76,10.32,0,0,0,0
aten::view,,,6.56,6.56,0,0,0,0
aten::slice,,,3.86,5.73,0,0,0,0
aten::as_strided,,,1.87,1.87,0,0,0,0
aten::index_select,,,7.27,7.27,0,0,0,0
aten::pin_memory,,,3.58,16.2,0,0,0,0
aten::is_pinned,,,12.62,12.62,0,0,0,0
aten::copy_,,,16.35,31.46,0,2.2400625,0,0
acl_memcpy_host_to_device,,,15.11,15.11,2.2400625,2.2400625,0,0
aten::pin_memory,,,3.18,10.88,0,0,0,0
aten::is_pinned,,,7.7,7.7,0,0,0,0
aten::copy_,,,13.97,26.29,0,2.18003125,0,0
acl_memcpy_host_to_device,,,12.32,12.32,2.18003125,2.18003125,0,0
aten::slice,,,6.48,8.97,0,0,0,0
aten::as_strided,,,2.49,2.49,0,0,0,0
aten::lift_fresh,,,1.03,1.03,0,0,0,0
aten::slice,,,3.3,4.59,0,0,0,0
aten::as_strided,,,1.29,1.29,0,0,0,0
aten::add,,,15.49,15.49,0,0,0,0
aten::slice,,,3.31,4.72,0,0,0,0
aten::as_strided,,,1.41,1.41,0,0,0,0
aten::fill_,,,2.57,2.57,0,0,0,0
aten::slice,,,3.21,8.41,0,0,0,0
aten::as_strided,,,5.2,5.2,0,0,0,0
aten::fill_,,,19.4,34.27,0,1.5,0,0
aclnnInplaceFillScalar,,,14.87,14.87,1.5,1.5,0,0
aten::slice,,,6.68,12.71,0,0,0,0
aten::as_strided,,,6.03,6.03,0,0,0,0
aten::select,,,4.02,7.27,0,0,0,0
aten::as_strided,,,3.25,3.25,0,0,0,0
aten::copy_,,,69.0,85.28,0,0.58,0,0
aclnnInplaceCopy,,,16.28,16.28,0.58,0.58,0,0
aten::slice,,,7.72,10.49,0,0,0,0
aten::as_strided,,,2.77,2.77,0,0,0,0
aten::detach,,,3.22,3.22,0,0,0,0
aten::to,,,2.21,2.21,0,0,0,0
aten::resolve_conj,,,0.91,0.91,0,0,0,0
aten::resolve_neg,,,0.65,0.65,0,0,0,0
aten::slice,,,4.5,6.16,0,0,0,0
aten::as_strided,,,1.66,1.66,0,0,0,0
aten::slice,,,3.05,8.2,0,0,0,0
aten::as_strided,,,5.15,5.15,0,0,0,0
aten::pin_memory,,,3.92,18.81,0,0,0,0
aten::is_pinned,,,14.89,14.89,0,0,0,0
aten::copy_,,,3.53,3.53,0,0,0,0
aten::slice,,,5.37,7.41,0,0,0,0
aten::as_strided,,,2.04,2.04,0,0,0,0
aten::slice,,,2.62,6.1,0,0,0,0
aten::as_strided,,,3.48,3.48,0,0,0,0
aten::pin_memory,,,3.28,12.35,0,0,0,0
aten::is_pinned,,,9.07,9.07,0,0,0,0
aten::copy_,,,16.39,36.52,0,2.2800625,0,0
acl_memcpy_host_to_device,,,20.13,20.13,2.2800625,2.2800625,0,0
aten::fill_,,,21.88,69.61,0,1.46003125,0,0
aclnnInplaceFillScalar,,,47.73,47.73,1.46003125,1.46003125,0,0
aten::slice,,,6.5,11.13,0,0,0,0
aten::as_strided,,,4.63,4.63,0,0,0,0
aten::slice,,,3.01,4.67,0,0,0,0
aten::as_strided,,,1.66,1.66,0,0,0,0
aten::copy_,,,19.95,47.7,0,2.32003125,0,0
acl_memcpy_host_to_device,,,27.75,27.75,2.32003125,2.32003125,0,0
aten::slice,,,14.03,15.87,0,0,0,0
aten::as_strided,,,1.84,1.84,0,0,0,0
aten::slice,,,2.9,7.01,0,0,0,0
aten::as_strided,,,4.11,4.11,0,0,0,0
aten::pin_memory,,,3.7,13.45,0,0,0,0
aten::is_pinned,,,9.75,9.75,0,0,0,0
aten::copy_,,,14.93,38.73,0,2.3600625,0,0
acl_memcpy_host_to_device,,,23.8,23.8,2.3600625,2.3600625,0,0
aten::slice,,,10.61,16.12,0,0,0,0
aten::as_strided,,,5.51,5.51,0,0,0,0
aten::slice,,,3.24,4.63,0,0,0,0
aten::as_strided,,,1.39,1.39,0,0,0,0
aten::slice,,,2.49,5.14,0,0,0,0
aten::as_strided,,,2.65,2.65,0,0,0,0
aten::pin_memory,,,3.02,11.87,0,0,0,0
aten::is_pinned,,,8.85,8.85,0,0,0,0
aten::copy_,,,16.13,36.61,0,2.3600625,0,0
acl_memcpy_host_to_device,,,20.48,20.48,2.3600625,2.3600625,0,0
aten::slice,,,4.91,6.82,0,0,0,0
aten::as_strided,,,1.91,1.91,0,0,0,0
aten::slice,,,2.87,7.6,0,0,0,0
aten::as_strided,,,4.73,4.73,0,0,0,0
aten::pin_memory,,,3.09,10.93,0,0,0,0
aten::is_pinned,,,7.84,7.84,0,0,0,0
aten::copy_,,,15.07,30.31,0,2.38003125,0,0
acl_memcpy_host_to_device,,,15.24,15.24,2.38003125,2.38003125,0,0
aten::slice,,,5.39,8.89,0,0,0,0
aten::as_strided,,,3.5,3.5,0,0,0,0
aten::index,,,35.05,65.58,0,11.08021875,0,0
empty_tensor,,,7.69,7.69,0,0,0,0
empty_tensor,,,8.88,8.88,0,0,0,0
aclnnIndex,,,13.96,13.96,11.08021875,11.08021875,0,0
aten::to,,,2.57,50.52,0,1.20003125,0,0
aten::_to_copy,,,6.09,47.95,0,1.20003125,0,0
aten::empty_strided,,,8.41,12.73,0,0,0,0
empty_tensor,,,4.32,4.32,0,0,0,0
aten::copy_,,,16.41,29.13,0,1.20003125,0,0
aclnnInplaceCopy,,,12.72,12.72,1.20003125,1.20003125,0,0
aten::slice,,,5.74,9.62,0,0,0,0
aten::as_strided,,,3.88,3.88,0,0,0,0
aten::add,,,20.09,38.31,0,2.56003125,0,0
empty_tensor,,,6.41,6.41,0,0,0,0
aclnnAdd,,,11.81,11.81,2.56003125,2.56003125,0,0
aten::slice,,,5.17,9.11,0,0,0,0
aten::as_strided,,,3.94,3.94,0,0,0,0
aten::copy_,,,57.31,69.81,0,0.62003125,0,0
aclnnInplaceCopy,,,12.5,12.5,0.62003125,0.62003125,0,0
aten::slice,,,6.26,10.6,0,0,0,0
aten::as_strided,,,4.34,4.34,0,0,0,0
aten::add,,,20.2,40.42,0,1.74003125,0,0
empty_tensor,,,7.45,7.45,0,0,0,0
aclnnAdd,,,12.77,12.77,1.74003125,1.74003125,0,0
aten::slice,,,5.9,9.64,0,0,0,0
aten::as_strided,,,3.74,3.74,0,0,0,0
aten::copy_,,,50.02,63.27,0,0.58,0,0
aclnnInplaceCopy,,,13.25,13.25,0.58,0.58,0,0
aten::slice,,,6.06,9.69,0,0,0,0
aten::as_strided,,,3.63,3.63,0,0,0,0
aten::fill_,,,12.68,23.88,0,1.38003125,0,0
aclnnInplaceFillScalar,,,11.2,11.2,1.38003125,1.38003125,0,0
aten::slice,,,4.67,7.88,0,0,0,0
aten::as_strided,,,3.21,3.21,0,0,0,0
aten::slice,,,2.61,6.18,0,0,0,0
aten::as_strided,,,3.57,3.57,0,0,0,0
compute_slot_mapping_fused_groups_adaptive_kernel,,,32.12,32.12,5.28009375,5.28009375,0,0
aten::slice,,,9.02,17.55,0,0,0,0
aten::as_strided,,,8.53,8.53,0,0,0,0
aten::sub,,,28.11,60.45,0,1.58003125,0,0
empty_tensor,,,11.38,11.38,0,0,0,0
aten::item,,,2.4,4.13,0,0,0,0
aten::_local_scalar_dense,,,1.73,1.73,0,0,0,0
aclnnSubs,,,16.83,16.83,1.58003125,1.58003125,0,0
aten::pin_memory,,,8.38,28.47,0,0,0,0
aten::is_pinned,,,20.09,20.09,0,0,0,0
aten::copy_,,,20.97,39.53,0,2.4200625,0,0
acl_memcpy_host_to_device,,,18.56,18.56,2.4200625,2.4200625,0,0
aten::detach,,,4.37,4.37,0,0,0,0
aten::to,,,1.81,1.81,0,0,0,0
aten::resolve_conj,,,0.93,0.93,0,0,0,0
aten::resolve_neg,,,0.55,0.55,0,0,0,0
aten::slice,,,9.02,16.6,0,0,0,0
aten::as_strided,,,7.58,7.58,0,0,0,0
aten::slice,,,3.13,6.03,0,0,0,0
aten::as_strided,,,2.9,2.9,0,0,0,0
aten::slice,,,2.89,5.14,0,0,0,0
aten::as_strided,,,2.25,2.25,0,0,0,0
aten::fill_,,,20.59,37.25,0,1.18003125,0,0
aclnnInplaceFillScalar,,,16.66,16.66,1.18003125,1.18003125,0,0
aten::slice,,,5.01,8.88,0,0,0,0
aten::as_strided,,,3.87,3.87,0,0,0,0
aten::fill_,,,11.86,25.11,0,1.50003125,0,0
aclnnInplaceFillScalar,,,13.25,13.25,1.50003125,1.50003125,0,0
aten::slice,,,4.03,6.64,0,0,0,0
aten::as_strided,,,2.61,2.61,0,0,0,0
aten::slice,,,2.67,3.42,0,0,0,0
aten::as_strided,,,0.75,0.75,0,0,0,0
aten::lt,,,14.83,14.83,0,0,0,0
aten::lift_fresh,,,1.03,1.03,0,0,0,0
aten::slice,,,1.47,2.48,0,0,0,0
aten::as_strided,,,1.01,1.01,0,0,0,0
aten::fill_,,,2.43,11.36,0,0,0,0
aten::copy_,,,8.93,8.93,0,0,0,0
aten::slice,,,3.35,5.42,0,0,0,0
aten::as_strided,,,2.07,2.07,0,0,0,0
aten::slice,,,3.26,7.56,0,0,0,0
aten::as_strided,,,4.3,4.3,0,0,0,0
aten::slice,,,2.44,4.05,0,0,0,0
aten::as_strided,,,1.61,1.61,0,0,0,0
aten::slice,,,3.22,5.56,0,0,0,0
aten::as_strided,,,2.34,2.34,0,0,0,0
aten::slice,,,1.92,2.65,0,0,0,0
aten::as_strided,,,0.73,0.73,0,0,0,0
aten::slice,,,2.16,3.45,0,0,0,0
aten::as_strided,,,1.29,1.29,0,0,0,0
aten::slice,,,2.61,5.26,0,0,0,0
aten::as_strided,,,2.65,2.65,0,0,0,0
aten::slice,,,2.47,6.39,0,0,0,0
aten::as_strided,,,3.92,3.92,0,0,0,0
aten::slice,,,2.54,4.75,0,0,0,0
aten::as_strided,,,2.21,2.21,0,0,0,0
aten::slice,,,6.14,12.49,0,0,0,0
aten::as_strided,,,6.35,6.35,0,0,0,0
aten::slice,,,2.77,6.34,0,0,0,0
aten::as_strided,,,3.57,3.57,0,0,0,0
aten::slice,,,3.05,5.17,0,0,0,0
aten::as_strided,,,2.12,2.12,0,0,0,0
aten::to,,,1.42,1.42,0,0,0,0
aten::slice,,,2.65,5.11,0,0,0,0
aten::as_strided,,,2.46,2.46,0,0,0,0
aten::slice,,,2.29,4.41,0,0,0,0
aten::as_strided,,,2.12,2.12,0,0,0,0
aten::slice,,,2.46,4.1,0,0,0,0
aten::as_strided,,,1.64,1.64,0,0,0,0
aten::slice,,,2.93,6.27,0,0,0,0
aten::as_strided,,,3.34,3.34,0,0,0,0
aten::alias,,,3.75,3.75,0,0,0,0
aten::alias,,,3.88,3.88,0,0,0,0
aten::div,,,40.38,62.9,0,9.2401875,0,0
aten::item,,,2.51,4.18,0,0,0,0
aten::_local_scalar_dense,,,1.67,1.67,0,0,0,0
aclnnDivMods,,,18.34,18.34,9.2401875,9.2401875,0,0
aten::slice,,,3.65,9.19,0,0,0,0
aten::as_strided,,,5.54,5.54,0,0,0,0
aten::slice,,,4.67,8.01,0,0,0,0
aten::as_strided,,,3.34,3.34,0,0,0,0
aten::copy_,,,66.57,83.01,0,0.58,0,0
aclnnInplaceCopy,,,16.44,16.44,0.58,0.58,0,0
aten::slice,,,2.93,7.12,0,0,0,0
aten::as_strided,,,4.19,4.19,0,0,0,0
aten::slice,,,4.69,7.47,0,0,0,0
aten::as_strided,,,2.78,2.78,0,0,0,0
aten::ge,,,22.7,47.09,0,4.260093749999999,0,0
empty_tensor,,,11.16,11.16,0,0,0,0
aclnnGeScalar,,,13.23,13.23,4.260093749999999,4.260093749999999,0,0
aten::add,,,21.38,44.56,0,2.92003125,0,0
empty_tensor,,,7.08,7.08,0,0,0,0
aten::item,,,2.26,3.93,0,0,0,0
aten::_local_scalar_dense,,,1.67,1.67,0,0,0,0
aclnnAdds,,,12.17,12.17,2.92003125,2.92003125,0,0
aten::remainder,,,23.54,41.02,0,3.5200625,0,0
empty_tensor,,,7.1,7.1,0,0,0,0
aclnnRemainderTensorScalar,,,10.38,10.38,3.5200625,3.5200625,0,0
aten::eq,,,13.27,29.22,0,2.3800625,0,0
empty_tensor,,,5.48,5.48,0,0,0,0
aclnnEqScalar,,,10.47,10.47,2.3800625,2.3800625,0,0
aten::__and__,,,2.67,36.67,0,1.68,0,0
aten::bitwise_and,,,17.59,34.0,0,1.68,0,0
empty_tensor,,,5.65,5.65,0,0,0,0
aclnnBitwiseAndTensor,,,10.76,10.76,1.68,1.68,0,0
aten::clamp_min,,,14.47,31.08,0,3.1000625,0,0
empty_tensor,,,6.19,6.19,0,0,0,0
aclnnClampMin,,,10.42,10.42,3.1000625,3.1000625,0,0
aten::div,,,22.0,42.54,0,4.64009375,0,0
empty_tensor,,,6.77,6.77,0,0,0,0
aten::item,,,2.02,3.43,0,0,0,0
aten::_local_scalar_dense,,,1.41,1.41,0,0,0,0
aclnnDivMods,,,10.34,10.34,4.64009375,4.64009375,0,0
aten::remainder,,,18.99,34.32,0,5.06009375,0,0
empty_tensor,,,5.98,5.98,0,0,0,0
aclnnRemainderTensorScalar,,,9.35,9.35,5.06009375,5.06009375,0,0
aten::mul,,,17.41,36.09,0,1.40003125,0,0
empty_tensor,,,5.64,5.64,0,0,0,0
aten::item,,,1.7,2.6,0,0,0,0
aten::_local_scalar_dense,,,0.9,0.9,0,0,0,0
aclnnMuls,,,10.44,10.44,1.40003125,1.40003125,0,0
aten::div,,,21.1,41.63,0,3.98009375,0,0
empty_tensor,,,6.72,6.72,0,0,0,0
aten::item,,,1.66,3.22,0,0,0,0
aten::_local_scalar_dense,,,1.56,1.56,0,0,0,0
aclnnDivMods,,,10.59,10.59,3.98009375,3.98009375,0,0
aten::add,,,14.14,22.03,0,1.34003125,0,0
empty_tensor,,,5.11,5.11,0,0,0,0
aclnnAdd,,,2.78,2.78,1.34003125,1.34003125,0,0
aten::full_like,,,5.19,44.02,0,1.12003125,0,0
aten::empty_like,,,5.82,17.26,0,0,0,0
aten::empty_strided,,,7.9,11.44,0,0,0,0
empty_tensor,,,3.54,3.54,0,0,0,0
aten::fill_,,,9.82,21.57,0,1.12003125,0,0
aclnnInplaceFillScalar,,,11.75,11.75,1.12003125,1.12003125,0,0
aten::where,,,13.09,27.71,0,1.9000625,0,0
empty_tensor,,,5.58,5.58,0,0,0,0
aclnnSWhere,,,9.04,9.04,1.9000625,1.9000625,0,0
aten::copy_,,,14.48,25.16,0,1.16003125,0,0
aclnnInplaceCopy,,,10.68,10.68,1.16003125,1.16003125,0,0
aten::slice,,,3.87,8.05,0,0,0,0
aten::as_strided,,,4.18,4.18,0,0,0,0
aten::slice,,,5.75,8.47,0,0,0,0
aten::as_strided,,,2.72,2.72,0,0,0,0
aten::div,,,23.23,38.88,0,4.3000625,0,0
aten::item,,,2.0,3.78,0,0,0,0
aten::_local_scalar_dense,,,1.78,1.78,0,0,0,0
aclnnDivMods,,,11.87,11.87,4.3000625,4.3000625,0,0
aten::slice,,,2.74,6.5,0,0,0,0
aten::as_strided,,,3.76,3.76,0,0,0,0
aten::slice,,,4.39,7.36,0,0,0,0
aten::as_strided,,,2.97,2.97,0,0,0,0
aten::slice,,,2.5,4.95,0,0,0,0
aten::as_strided,,,2.45,2.45,0,0,0,0
aten::copy_,,,62.25,76.52,0,0.60003125,0,0
aclnnInplaceCopy,,,14.27,14.27,0.60003125,0.60003125,0,0
aten::slice,,,3.11,7.47,0,0,0,0
aten::as_strided,,,4.36,4.36,0,0,0,0
aten::slice,,,4.65,7.63,0,0,0,0
aten::as_strided,,,2.98,2.98,0,0,0,0
aten::copy_,,,48.33,61.24,0,0.64,0,0
aclnnInplaceCopy,,,12.91,12.91,0.64,0.64,0,0
aten::slice,,,4.98,7.74,0,0,0,0
aten::as_strided,,,2.76,2.76,0,0,0,0
aten::div,,,13.53,31.11,0,0,0,0
aten::to,,,1.94,17.58,0,0,0,0
aten::_to_copy,,,4.84,15.64,0,0,0,0
aten::empty_strided,,,3.77,3.77,0,0,0,0
aten::copy_,,,7.03,7.03,0,0,0,0
aten::slice,,,4.26,9.18,0,0,0,0
aten::as_strided,,,4.92,4.92,0,0,0,0
aten::slice,,,5.5,11.0,0,0,0,0
aten::as_strided,,,5.5,5.5,0,0,0,0
aten::slice,,,2.89,6.31,0,0,0,0
aten::as_strided,,,3.42,3.42,0,0,0,0
aten::slice,,,2.45,4.82,0,0,0,0
aten::as_strided,,,2.37,2.37,0,0,0,0
aten::fill_,,,17.79,34.97,0,1.42003125,0,0
aclnnInplaceFillScalar,,,17.18,17.18,1.42003125,1.42003125,0,0
aten::slice,,,5.25,9.03,0,0,0,0
aten::as_strided,,,3.78,3.78,0,0,0,0
aten::fill_,,,12.71,25.24,0,1.14003125,0,0
aclnnInplaceFillScalar,,,12.53,12.53,1.14003125,1.14003125,0,0
aten::slice,,,4.82,9.45,0,0,0,0
aten::as_strided,,,4.63,4.63,0,0,0,0
aten::slice,,,3.05,5.46,0,0,0,0
aten::as_strided,,,2.41,2.41,0,0,0,0
aten::slice,,,5.48,8.1,0,0,0,0
aten::as_strided,,,2.62,2.62,0,0,0,0
aten::slice,,,2.87,6.44,0,0,0,0
aten::as_strided,,,3.57,3.57,0,0,0,0
aten::slice,,,2.69,5.32,0,0,0,0
aten::as_strided,,,2.63,2.63,0,0,0,0
aten::slice,,,2.27,5.13,0,0,0,0
aten::as_strided,,,2.86,2.86,0,0,0,0
aten::slice,,,2.15,4.15,0,0,0,0
aten::as_strided,,,2.0,2.0,0,0,0,0
aten::fill_,,,17.73,31.55,0,1.16,0,0
aclnnInplaceFillScalar,,,13.82,13.82,1.16,1.16,0,0
aten::slice,,,5.13,8.61,0,0,0,0
aten::as_strided,,,3.48,3.48,0,0,0,0
aten::fill_,,,12.19,21.81,0,1.22,0,0
aclnnInplaceFillScalar,,,9.62,9.62,1.22,1.22,0,0
aten::slice,,,4.53,8.61,0,0,0,0
aten::as_strided,,,4.08,4.08,0,0,0,0
aten::slice,,,2.98,4.98,0,0,0,0
aten::as_strided,,,2.0,2.0,0,0,0,0
aten::slice,,,3.06,5.9,0,0,0,0
aten::as_strided,,,2.84,2.84,0,0,0,0
aten::slice,,,2.85,4.21,0,0,0,0
aten::as_strided,,,1.36,1.36,0,0,0,0
aten::slice,,,2.18,3.43,0,0,0,0
aten::as_strided,,,1.25,1.25,0,0,0,0
aten::slice,,,2.29,3.33,0,0,0,0
aten::as_strided,,,1.04,1.04,0,0,0,0
aten::slice,,,2.32,3.35,0,0,0,0
aten::as_strided,,,1.03,1.03,0,0,0,0
aten::slice,,,1.22,2.29,0,0,0,0
aten::as_strided,,,1.07,1.07,0,0,0,0
aten::diff,,,7.76,33.35,0,0,0,0
aten::narrow,,,5.11,8.3,0,0,0,0
aten::slice,,,1.66,3.19,0,0,0,0
aten::as_strided,,,1.53,1.53,0,0,0,0
aten::narrow,,,2.44,4.68,0,0,0,0
aten::slice,,,1.21,2.24,0,0,0,0
aten::as_strided,,,1.03,1.03,0,0,0,0
aten::sub,,,12.61,12.61,0,0,0,0
aten::eq,,,13.02,27.4,0,0,0,0
aten::to,,,1.48,14.38,0,0,0,0
aten::_to_copy,,,4.38,12.9,0,0,0,0
aten::empty_strided,,,2.78,2.78,0,0,0,0
aten::copy_,,,5.74,5.74,0,0,0,0
aten::__and__,,,1.83,6.46,0,0,0,0
aten::bitwise_and,,,4.63,4.63,0,0,0,0
aten::gt,,,7.59,15.74,0,0,0,0
aten::to,,,1.02,8.15,0,0,0,0
aten::_to_copy,,,2.46,7.13,0,0,0,0
aten::empty_strided,,,1.8,1.8,0,0,0,0
aten::copy_,,,2.87,2.87,0,0,0,0
aten::__and__,,,1.46,4.84,0,0,0,0
aten::bitwise_and,,,3.38,3.38,0,0,0,0
aten::any,,,10.99,13.43,0,0,0,0
aten::as_strided,,,1.35,1.35,0,0,0,0
aten::fill_,,,1.09,1.09,0,0,0,0
aten::item,,,1.77,3.38,0,0,0,0
aten::_local_scalar_dense,,,1.61,1.61,0,0,0,0
aten::slice,,,4.36,5.64,0,0,0,0
aten::as_strided,,,1.28,1.28,0,0,0,0
aten::slice,,,2.34,3.09,0,0,0,0
aten::as_strided,,,0.75,0.75,0,0,0,0
aten::sub,,,4.67,4.67,0,0,0,0
aten::select,,,3.8,4.84,0,0,0,0
aten::as_strided,,,1.04,1.04,0,0,0,0
aten::item,,,1.14,2.17,0,0,0,0
aten::_local_scalar_dense,,,1.03,1.03,0,0,0,0
aten::gt,,,7.18,15.65,0,0,0,0
aten::to,,,1.02,8.47,0,0,0,0
aten::_to_copy,,,2.74,7.45,0,0,0,0
aten::empty_strided,,,1.63,1.63,0,0,0,0
aten::copy_,,,3.08,3.08,0,0,0,0
aten::__ior__,,,1.78,6.49,0,0,0,0
aten::bitwise_or_,,,4.71,4.71,0,0,0,0
aten::any,,,7.1,8.98,0,0,0,0
aten::as_strided,,,1.22,1.22,0,0,0,0
aten::fill_,,,0.66,0.66,0,0,0,0
aten::is_nonzero,,,1.61,3.91,0,0,0,0
aten::item,,,1.34,2.3,0,0,0,0
aten::_local_scalar_dense,,,0.96,0.96,0,0,0,0
aten::select,,,4.49,11.74,0,0,0,0
aten::as_strided,,,7.25,7.25,0,0,0,0
aten::slice,,,4.54,8.91,0,0,0,0
aten::as_strided,,,4.37,4.37,0,0,0,0
aten::slice,,,2.52,4.83,0,0,0,0
aten::as_strided,,,2.31,2.31,0,0,0,0
aten::slice,,,2.12,4.2,0,0,0,0
aten::as_strided,,,2.08,2.08,0,0,0,0
aten::copy_,,,70.16,92.95,0,0.56003125,0,0
aclnnInplaceCopy,,,22.79,22.79,0.56003125,0.56003125,0,0
aten::slice,,,7.34,12.11,0,0,0,0
aten::as_strided,,,4.77,4.77,0,0,0,0
aten::fill_,,,16.2,33.62,0,1.24003125,0,0
aclnnInplaceFillScalar,,,17.42,17.42,1.24003125,1.24003125,0,0
aten::slice,,,5.69,9.8,0,0,0,0
aten::as_strided,,,4.11,4.11,0,0,0,0
aten::slice,,,2.38,4.64,0,0,0,0
aten::as_strided,,,2.26,2.26,0,0,0,0
aten::slice,,,14.58,17.11,0,0,0,0
aten::as_strided,,,2.53,2.53,0,0,0,0
aten::copy_,,,70.75,83.53,0,0.64,0,0
aclnnInplaceCopy,,,12.78,12.78,0.64,0.64,0,0
aten::slice,,,5.87,9.89,0,0,0,0
aten::as_strided,,,4.02,4.02,0,0,0,0
aten::slice,,,13.21,15.73,0,0,0,0
aten::as_strided,,,2.52,2.52,0,0,0,0
aten::expand_as,,,3.13,16.4,0,0,0,0
aten::expand,,,5.77,13.27,0,0,0,0
aten::as_strided,,,7.5,7.5,0,0,0,0
aten::copy_,,,56.3,71.09,0,0.54003125,0,0
aclnnInplaceCopy,,,14.79,14.79,0.54003125,0.54003125,0,0
aten::slice,,,5.97,10.55,0,0,0,0
aten::as_strided,,,4.58,4.58,0,0,0,0
aten::slice,,,12.05,21.18,0,0,0,0
aten::as_strided,,,9.13,9.13,0,0,0,0
aten::slice,,,3.34,7.28,0,0,0,0
aten::as_strided,,,3.94,3.94,0,0,0,0
aten::slice,,,2.62,5.25,0,0,0,0
aten::as_strided,,,2.63,2.63,0,0,0,0
aten::copy_,,,54.47,70.91,0,0.76,0,0
aclnnInplaceCopy,,,16.44,16.44,0.76,0.76,0,0
aten::slice,,,5.61,10.05,0,0,0,0
aten::as_strided,,,4.44,4.44,0,0,0,0
aten::slice,,,2.43,4.91,0,0,0,0
aten::as_strided,,,2.48,2.48,0,0,0,0
aten::slice,,,2.14,4.14,0,0,0,0
aten::as_strided,,,2.0,2.0,0,0,0,0
aten::sub,,,20.63,31.54,0,1.78,0,0
aclnnSub,,,10.91,10.91,1.78,1.78,0,0
aten::slice,,,6.68,10.51,0,0,0,0
aten::as_strided,,,3.83,3.83,0,0,0,0
aten::slice,,,2.93,7.45,0,0,0,0
aten::as_strided,,,4.52,4.52,0,0,0,0
aten::slice,,,2.51,5.24,0,0,0,0
aten::as_strided,,,2.73,2.73,0,0,0,0
aten::slice,,,2.22,4.3,0,0,0,0
aten::as_strided,,,2.08,2.08,0,0,0,0
aten::slice,,,2.15,4.4,0,0,0,0
aten::as_strided,,,2.25,2.25,0,0,0,0
aten::fill_,,,35.75,49.59,0,1.22003125,0,0
aclnnInplaceFillScalar,,,13.84,13.84,1.22003125,1.22003125,0,0
aten::slice,,,4.98,9.12,0,0,0,0
aten::as_strided,,,4.14,4.14,0,0,0,0
aten::fill_,,,13.16,24.64,0,1.36003125,0,0
aclnnInplaceFillScalar,,,11.48,11.48,1.36003125,1.36003125,0,0
aten::slice,,,5.05,10.59,0,0,0,0
aten::as_strided,,,5.54,5.54,0,0,0,0
aten::slice,,,2.88,4.74,0,0,0,0
aten::as_strided,,,1.86,1.86,0,0,0,0
aten::slice,,,2.28,5.01,0,0,0,0
aten::as_strided,,,2.73,2.73,0,0,0,0
aten::slice,,,2.35,4.06,0,0,0,0
aten::as_strided,,,1.71,1.71,0,0,0,0
aten::slice,,,2.29,4.27,0,0,0,0
aten::as_strided,,,1.98,1.98,0,0,0,0
aten::slice,,,2.47,3.39,0,0,0,0
aten::as_strided,,,0.92,0.92,0,0,0,0
aten::slice,,,2.17,2.89,0,0,0,0
aten::as_strided,,,0.72,0.72,0,0,0,0
aten::slice,,,1.18,2.03,0,0,0,0
aten::as_strided,,,0.85,0.85,0,0,0,0
aten::diff,,,6.64,31.3,0,0,0,0
aten::narrow,,,5.51,8.67,0,0,0,0
aten::slice,,,1.88,3.16,0,0,0,0
aten::as_strided,,,1.28,1.28,0,0,0,0
aten::narrow,,,1.76,3.52,0,0,0,0
aten::slice,,,0.92,1.76,0,0,0,0
aten::as_strided,,,0.84,0.84,0,0,0,0
aten::sub,,,12.47,12.47,0,0,0,0
aten::eq,,,12.62,27.59,0,0,0,0
aten::to,,,2.0,14.97,0,0,0,0
aten::_to_copy,,,4.47,12.97,0,0,0,0
aten::empty_strided,,,2.94,2.94,0,0,0,0
aten::copy_,,,5.56,5.56,0,0,0,0
aten::__and__,,,1.83,6.02,0,0,0,0
aten::bitwise_and,,,4.19,4.19,0,0,0,0
aten::gt,,,7.59,15.78,0,0,0,0
aten::to,,,0.88,8.19,0,0,0,0
aten::_to_copy,,,3.03,7.31,0,0,0,0
aten::empty_strided,,,1.78,1.78,0,0,0,0
aten::copy_,,,2.5,2.5,0,0,0,0
aten::__and__,,,0.93,3.82,0,0,0,0
aten::bitwise_and,,,2.89,2.89,0,0,0,0
aten::any,,,9.73,11.87,0,0,0,0
aten::as_strided,,,1.29,1.29,0,0,0,0
aten::fill_,,,0.85,0.85,0,0,0,0
aten::item,,,2.04,3.3,0,0,0,0
aten::_local_scalar_dense,,,1.26,1.26,0,0,0,0
aten::slice,,,4.41,6.6,0,0,0,0
aten::as_strided,,,2.19,2.19,0,0,0,0
aten::slice,,,2.06,2.9,0,0,0,0
aten::as_strided,,,0.84,0.84,0,0,0,0
aten::sub,,,4.89,4.89,0,0,0,0
aten::select,,,2.63,4.38,0,0,0,0
aten::as_strided,,,1.75,1.75,0,0,0,0
aten::item,,,0.95,1.91,0,0,0,0
aten::_local_scalar_dense,,,0.96,0.96,0,0,0,0
aten::gt,,,7.59,16.31,0,0,0,0
aten::to,,,1.17,8.72,0,0,0,0
aten::_to_copy,,,2.87,7.55,0,0,0,0
aten::empty_strided,,,1.84,1.84,0,0,0,0
aten::copy_,,,2.84,2.84,0,0,0,0
aten::__ior__,,,2.08,6.0,0,0,0,0
aten::bitwise_or_,,,3.92,3.92,0,0,0,0
aten::any,,,7.57,9.47,0,0,0,0
aten::as_strided,,,1.33,1.33,0,0,0,0
aten::fill_,,,0.57,0.57,0,0,0,0
aten::is_nonzero,,,1.28,3.47,0,0,0,0
aten::item,,,1.29,2.19,0,0,0,0
aten::_local_scalar_dense,,,0.9,0.9,0,0,0,0
aten::select,,,4.68,12.61,0,0,0,0
aten::as_strided,,,7.93,7.93,0,0,0,0
aten::slice,,,5.08,9.15,0,0,0,0
aten::as_strided,,,4.07,4.07,0,0,0,0
aten::slice,,,2.69,5.48,0,0,0,0
aten::as_strided,,,2.79,2.79,0,0,0,0
aten::slice,,,2.19,4.76,0,0,0,0
aten::as_strided,,,2.57,2.57,0,0,0,0
aten::copy_,,,68.26,88.74,0,0.54,0,0
aclnnInplaceCopy,,,20.48,20.48,0.54,0.54,0,0
aten::slice,,,6.36,10.8,0,0,0,0
aten::as_strided,,,4.44,4.44,0,0,0,0
aten::fill_,,,15.87,29.39,0,1.36003125,0,0
aclnnInplaceFillScalar,,,13.52,13.52,1.36003125,1.36003125,0,0
aten::slice,,,6.19,10.39,0,0,0,0
aten::as_strided,,,4.2,4.2,0,0,0,0
aten::slice,,,3.07,5.94,0,0,0,0
aten::as_strided,,,2.87,2.87,0,0,0,0
aten::slice,,,2.67,5.49,0,0,0,0
aten::as_strided,,,2.82,2.82,0,0,0,0
aten::copy_,,,55.89,70.53,0,0.8,0,0
aclnnInplaceCopy,,,14.64,14.64,0.8,0.8,0,0
aten::slice,,,6.01,10.42,0,0,0,0
aten::as_strided,,,4.41,4.41,0,0,0,0
aten::slice,,,3.11,6.12,0,0,0,0
aten::as_strided,,,3.01,3.01,0,0,0,0
aten::expand_as,,,1.94,9.79,0,0,0,0
aten::expand,,,4.0,7.85,0,0,0,0
aten::as_strided,,,3.85,3.85,0,0,0,0
aten::copy_,,,48.4,62.38,0,0.52003125,0,0
aclnnInplaceCopy,,,13.98,13.98,0.52003125,0.52003125,0,0
aten::slice,,,8.16,13.97,0,0,0,0
aten::as_strided,,,5.81,5.81,0,0,0,0
aten::slice,,,3.72,7.92,0,0,0,0
aten::as_strided,,,4.2,4.2,0,0,0,0
aten::slice,,,2.25,4.76,0,0,0,0
aten::as_strided,,,2.51,2.51,0,0,0,0
aten::slice,,,2.72,5.31,0,0,0,0
aten::as_strided,,,2.59,2.59,0,0,0,0
aten::copy_,,,56.83,74.05,0,0.66,0,0
aclnnInplaceCopy,,,17.22,17.22,0.66,0.66,0,0
aten::slice,,,6.06,10.25,0,0,0,0
aten::as_strided,,,4.19,4.19,0,0,0,0
aten::slice,,,2.73,6.12,0,0,0,0
aten::as_strided,,,3.39,3.39,0,0,0,0
aten::slice,,,2.54,5.03,0,0,0,0
aten::as_strided,,,2.49,2.49,0,0,0,0
aten::sub,,,18.99,31.17,0,1.34003125,0,0
aclnnSub,,,12.18,12.18,1.34003125,1.34003125,0,0
aten::slice,,,8.62,11.56,0,0,0,0
aten::as_strided,,,2.94,2.94,0,0,0,0
aten::slice,,,2.82,7.58,0,0,0,0
aten::as_strided,,,4.76,4.76,0,0,0,0
aten::slice,,,3.08,5.38,0,0,0,0
aten::as_strided,,,2.3,2.3,0,0,0,0
aten::slice,,,2.46,5.04,0,0,0,0
aten::as_strided,,,2.58,2.58,0,0,0,0
aten::slice,,,2.24,4.3,0,0,0,0
aten::as_strided,,,2.06,2.06,0,0,0,0
aten::fill_,,,17.4,32.59,0,1.32,0,0
aclnnInplaceFillScalar,,,15.19,15.19,1.32,1.32,0,0
aten::slice,,,5.37,8.91,0,0,0,0
aten::as_strided,,,3.54,3.54,0,0,0,0
aten::fill_,,,11.98,23.68,0,1.04,0,0
aclnnInplaceFillScalar,,,11.7,11.7,1.04,1.04,0,0
aten::slice,,,4.74,8.84,0,0,0,0
aten::as_strided,,,4.1,4.1,0,0,0,0
aten::slice,,,2.95,5.08,0,0,0,0
aten::as_strided,,,2.13,2.13,0,0,0,0
aten::slice,,,2.43,5.55,0,0,0,0
aten::as_strided,,,3.12,3.12,0,0,0,0
aten::slice,,,2.7,4.2,0,0,0,0
aten::as_strided,,,1.5,1.5,0,0,0,0
aten::slice,,,2.24,3.52,0,0,0,0
aten::as_strided,,,1.28,1.28,0,0,0,0
aten::slice,,,2.19,3.3,0,0,0,0
aten::as_strided,,,1.11,1.11,0,0,0,0
aten::slice,,,2.21,3.24,0,0,0,0
aten::as_strided,,,1.03,1.03,0,0,0,0
aten::slice,,,1.43,2.43,0,0,0,0
aten::as_strided,,,1.0,1.0,0,0,0,0
aten::diff,,,6.77,30.25,0,0,0,0
aten::narrow,,,4.4,7.76,0,0,0,0
aten::slice,,,1.88,3.36,0,0,0,0
aten::as_strided,,,1.48,1.48,0,0,0,0
aten::narrow,,,2.07,4.12,0,0,0,0
aten::slice,,,1.11,2.05,0,0,0,0
aten::as_strided,,,0.94,0.94,0,0,0,0
aten::sub,,,11.6,11.6,0,0,0,0
aten::eq,,,11.91,26.03,0,0,0,0
aten::to,,,1.66,14.12,0,0,0,0
aten::_to_copy,,,4.35,12.46,0,0,0,0
aten::empty_strided,,,2.64,2.64,0,0,0,0
aten::copy_,,,5.47,5.47,0,0,0,0
aten::__and__,,,2.07,6.29,0,0,0,0
aten::bitwise_and,,,4.22,4.22,0,0,0,0
aten::gt,,,6.82,14.87,0,0,0,0
aten::to,,,0.95,8.05,0,0,0,0
aten::_to_copy,,,2.6,7.1,0,0,0,0
aten::empty_strided,,,1.89,1.89,0,0,0,0
aten::copy_,,,2.61,2.61,0,0,0,0
aten::__and__,,,1.24,4.03,0,0,0,0
aten::bitwise_and,,,2.79,2.79,0,0,0,0
aten::any,,,8.6,11.11,0,0,0,0
aten::as_strided,,,1.34,1.34,0,0,0,0
aten::fill_,,,1.17,1.17,0,0,0,0
aten::item,,,1.78,3.07,0,0,0,0
aten::_local_scalar_dense,,,1.29,1.29,0,0,0,0
aten::slice,,,4.33,5.64,0,0,0,0
aten::as_strided,,,1.31,1.31,0,0,0,0
aten::slice,,,2.07,2.94,0,0,0,0
aten::as_strided,,,0.87,0.87,0,0,0,0
aten::sub,,,4.75,4.75,0,0,0,0
aten::select,,,2.92,4.21,0,0,0,0
aten::as_strided,,,1.29,1.29,0,0,0,0
aten::item,,,1.04,2.07,0,0,0,0
aten::_local_scalar_dense,,,1.03,1.03,0,0,0,0
aten::gt,,,6.61,15.18,0,0,0,0
aten::to,,,1.07,8.57,0,0,0,0
aten::_to_copy,,,2.65,7.5,0,0,0,0
aten::empty_strided,,,2.0,2.0,0,0,0,0
aten::copy_,,,2.85,2.85,0,0,0,0
aten::__ior__,,,1.91,5.92,0,0,0,0
aten::bitwise_or_,,,4.01,4.01,0,0,0,0
aten::any,,,6.96,8.91,0,0,0,0
aten::as_strided,,,1.22,1.22,0,0,0,0
aten::fill_,,,0.73,0.73,0,0,0,0
aten::is_nonzero,,,1.31,3.38,0,0,0,0
aten::item,,,1.34,2.07,0,0,0,0
aten::_local_scalar_dense,,,0.73,0.73,0,0,0,0
aten::select,,,4.12,10.21,0,0,0,0
aten::as_strided,,,6.09,6.09,0,0,0,0
aten::slice,,,4.54,8.76,0,0,0,0
aten::as_strided,,,4.22,4.22,0,0,0,0
aten::slice,,,2.43,4.71,0,0,0,0
aten::as_strided,,,2.28,2.28,0,0,0,0
aten::slice,,,2.08,4.27,0,0,0,0
aten::as_strided,,,2.19,2.19,0,0,0,0
aten::copy_,,,68.16,88.29,0,0.56003125,0,0
aclnnInplaceCopy,,,20.13,20.13,0.56003125,0.56003125,0,0
aten::slice,,,6.2,10.58,0,0,0,0
aten::as_strided,,,4.38,4.38,0,0,0,0
aten::fill_,,,15.06,27.62,0,1.18003125,0,0
aclnnInplaceFillScalar,,,12.56,12.56,1.18003125,1.18003125,0,0
aten::slice,,,5.61,9.57,0,0,0,0
aten::as_strided,,,3.96,3.96,0,0,0,0
aten::slice,,,2.65,5.18,0,0,0,0
aten::as_strided,,,2.53,2.53,0,0,0,0
aten::slice,,,2.38,4.98,0,0,0,0
aten::as_strided,,,2.6,2.6,0,0,0,0
aten::copy_,,,56.49,70.08,0,0.64,0,0
aclnnInplaceCopy,,,13.59,13.59,0.64,0.64,0,0
aten::slice,,,5.54,9.49,0,0,0,0
aten::as_strided,,,3.95,3.95,0,0,0,0
aten::slice,,,2.46,4.93,0,0,0,0
aten::as_strided,,,2.47,2.47,0,0,0,0
aten::expand_as,,,2.24,9.56,0,0,0,0
aten::expand,,,3.97,7.32,0,0,0,0
aten::as_strided,,,3.35,3.35,0,0,0,0
aten::copy_,,,48.3,64.59,0,0.56003125,0,0
aclnnInplaceCopy,,,16.29,16.29,0.56003125,0.56003125,0,0
aten::slice,,,5.72,9.94,0,0,0,0
aten::as_strided,,,4.22,4.22,0,0,0,0
aten::slice,,,3.24,6.31,0,0,0,0
aten::as_strided,,,3.07,3.07,0,0,0,0
aten::slice,,,2.37,4.68,0,0,0,0
aten::as_strided,,,2.31,2.31,0,0,0,0
aten::slice,,,2.33,4.38,0,0,0,0
aten::as_strided,,,2.05,2.05,0,0,0,0
aten::copy_,,,48.79,62.66,0,0.58003125,0,0
aclnnInplaceCopy,,,13.87,13.87,0.58003125,0.58003125,0,0
aten::slice,,,5.17,9.1,0,0,0,0
aten::as_strided,,,3.93,3.93,0,0,0,0
aten::slice,,,2.34,4.74,0,0,0,0
aten::as_strided,,,2.4,2.4,0,0,0,0
aten::slice,,,2.11,4.62,0,0,0,0
aten::as_strided,,,2.51,2.51,0,0,0,0
aten::sub,,,17.8,29.21,0,1.46003125,0,0
aclnnSub,,,11.41,11.41,1.46003125,1.46003125,0,0
Event::record,,,151.25,172.02,0,0.02,0,0
record_event,,,20.77,20.77,0.02,0.02,0,0
aten::slice,,,8.79,16.4,0,0,0,0
aten::as_strided,,,7.61,7.61,0,0,0,0
aten::slice,,,3.2,6.08,0,0,0,0
aten::as_strided,,,2.88,2.88,0,0,0,0
aten::slice,,,2.49,4.23,0,0,0,0
aten::as_strided,,,1.74,1.74,0,0,0,0
aten::zero_,,,19.44,34.39,0,1.84,0,0
aclnnInplaceZero,,,14.95,14.95,1.84,1.84,0,0
aten::slice,,,10.61,18.22,0,0,0,0
aten::as_strided,,,7.61,7.61,0,0,0,0
aten::scalar_tensor,,,6.53,81.66,0,1.74003125,0,0
aten::empty,,,5.7,33.16,0,0,0,0
empty_tensor,,,27.46,27.46,0,0,0,0
aten::fill_,,,17.74,41.97,0,1.74003125,0,0
aclnnInplaceFillScalar,,,24.23,24.23,1.74003125,1.74003125,0,0
aten::slice,,,5.44,11.2,0,0,0,0
aten::as_strided,,,5.76,5.76,0,0,0,0
aten::view,,,3.64,3.64,0,0,0,0
aten::expand,,,1.77,4.1,0,0,0,0
aten::as_strided,,,2.33,2.33,0,0,0,0
aten::copy_,,,30.77,48.6,0,4.0800625,0,0
aclnnInplaceCopy,,,17.83,17.83,4.0800625,4.0800625,0,0
aten::scalar_tensor,,,4.71,46.49,0,1.24003125,0,0
aten::empty,,,2.5,9.01,0,0,0,0
empty_tensor,,,6.51,6.51,0,0,0,0
aten::fill_,,,11.24,32.77,0,1.24003125,0,0
aclnnInplaceFillScalar,,,21.53,21.53,1.24003125,1.24003125,0,0
aten::slice,,,6.6,12.22,0,0,0,0
aten::as_strided,,,5.62,5.62,0,0,0,0
aten::view,,,2.53,2.53,0,0,0,0
aten::expand,,,1.6,3.32,0,0,0,0
aten::as_strided,,,1.72,1.72,0,0,0,0
aten::copy_,,,60.65,81.48,0,0.58,0,0
aclnnInplaceCopy,,,20.83,20.83,0.58,0.58,0,0
aten::index,,,42.67,81.58,0,11.80021875,0,0
empty_tensor,,,8.3,8.3,0,0,0,0
empty_tensor,,,9.39,9.39,0,0,0,0
aclnnIndex,,,21.22,21.22,11.80021875,11.80021875,0,0
aten::linear,,,5.71,70.48,0,905.45809375,0,905.45809375
aten::t,,,5.73,16.19,0,0,0,0
aten::transpose,,,4.0,10.46,0,0,0,0
aten::as_strided,,,6.46,6.46,0,0,0,0
aten::matmul,,,23.87,48.58,0,905.45809375,0,905.45809375
empty_tensor,,,10.04,10.04,0,0,0,0
aclnnMatmul,,,14.67,14.67,905.45809375,905.45809375,905.45809375,905.45809375
aten::alias,,,2.93,2.93,0,0,0,0
aten::log_softmax,,,9.15,122.75,0,53.3410625,0,0
aten::to,,,3.2,73.55,0,8.4401875,0,0
aten::_to_copy,,,7.7,70.35,0,8.4401875,0,0
aten::empty_strided,,,13.1,21.82,0,0,0,0
empty_tensor,,,8.72,8.72,0,0,0,0
aten::copy_,,,22.65,40.83,0,8.4401875,0,0
aclnnInplaceCopy,,,18.18,18.18,8.4401875,8.4401875,0,0
aten::_log_softmax,,,20.75,40.05,0,44.900875,0,0
empty_tensor,,,8.41,8.41,0,0,0,0
aclnnLogSoftmax,,,10.89,10.89,44.900875,44.900875,0,0
aten::to,,,1.9,101.33,0,2.9800625,0,0
aten::_to_copy,,,21.42,99.43,0,2.9800625,0,0
aten::empty_strided,,,10.3,47.24,0,0,0,0
empty_tensor,,,36.94,36.94,0,0,0,0
aten::copy_,,,19.02,30.77,0,2.9800625,0,0
aclnnInplaceCopy,,,11.75,11.75,2.9800625,2.9800625,0,0
aten::argmax,,,8.33,65.48,0,20.860437500000003,0,0
aten::empty,,,2.73,11.09,0,0,0,0
empty_tensor,,,8.36,8.36,0,0,0,0
aten::argmax,,,26.42,46.06,0,20.860437500000003,0,0
aten::reshape,,,1.74,7.79,0,0,0,0
aten::view,,,6.05,6.05,0,0,0,0
aclnnArgMax,,,11.85,11.85,20.860437500000003,20.860437500000003,0,0
aten::view,,,4.1,4.1,0,0,0,0
aten::to,,,1.48,1.48,0,0,0,0
aten::topk,,,23.99,48.32,0,41.30084375,0,0
empty_tensor,,,8.31,8.31,0,0,0,0
empty_tensor,,,4.64,4.64,0,0,0,0
aclnnTopk,,,11.38,11.38,41.30084375,41.30084375,0,0
aten::unsqueeze,,,3.96,8.65,0,0,0,0
aten::as_strided,,,4.69,4.69,0,0,0,0
aten::gather,,,21.14,39.4,0,6.320124999999999,0,0
empty_tensor,,,7.12,7.12,0,0,0,0
aclnnGather,,,11.14,11.14,6.320124999999999,6.320124999999999,0,0
TorchDynamo Cache Lookup,,,38.02,38.02,0,0,0,0
Torch-Compiled Region: 0/0,,,109.21,202.75,0,42.0008125,0,0
aten::_assert_scalar,,,2.97,2.97,0,0,0,0
aten::_assert_scalar,,,1.42,1.42,0,0,0,0
aten::_assert_scalar,,,1.46,1.46,0,0,0,0
aten::ge,,,19.75,46.79,0,13.12025,0,0
empty_tensor,,,12.16,12.16,0,0,0,0
aclnnGeTensor,,,14.88,14.88,13.12025,13.12025,0,0
aten::sum,,,21.84,40.9,0,28.8805625,0,0
empty_tensor,,,7.56,7.56,0,0,0,0
aclnnReduceSum,,,11.5,11.5,28.8805625,28.8805625,0,0
aten::cat,,,21.33,40.56,0,3.0200625,0,0
empty_tensor,,,7.73,7.73,0,0,0,0
aclnnCat,,,11.5,11.5,3.0200625,3.0200625,0,0
aten::cat,,,11.93,28.47,0,2.64003125,0,0
empty_tensor,,,6.05,6.05,0,0,0,0
aclnnCat,,,10.49,10.49,2.64003125,2.64003125,0,0
aten::to,,,1.84,47.44,0,1.36003125,0,0
aten::_to_copy,,,6.18,45.6,0,1.36003125,0,0
aten::empty_strided,,,8.51,12.77,0,0,0,0
empty_tensor,,,4.26,4.26,0,0,0,0
aten::copy_,,,16.09,26.65,0,1.36003125,0,0
aclnnInplaceCopy,,,10.56,10.56,1.36003125,1.36003125,0,0
aten::to,,,1.42,42.62,0,1.44003125,0,0
aten::_to_copy,,,4.85,41.2,0,1.44003125,0,0
aten::empty_strided,,,6.59,10.68,0,0,0,0
empty_tensor,,,4.09,4.09,0,0,0,0
aten::copy_,,,14.14,25.67,0,1.44003125,0,0
aclnnInplaceCopy,,,11.53,11.53,1.44003125,1.44003125,0,0
aten::unsqueeze,,,3.06,8.57,0,0,0,0
aten::as_strided,,,5.51,5.51,0,0,0,0
Event::record,,,141.73,161.92,0,0.02,0,0
record_event,,,20.19,20.19,0.02,0.02,0,0
aten::slice,,,5.02,14.16,0,0,0,0
aten::as_strided,,,9.14,9.14,0,0,0,0
Event::wait,,,75.59,97.71,0,2353.04703125,0,0
wait_event,,,22.12,22.12,2353.04703125,2353.04703125,0,0
Event::record,,,143.77,164.1,0,0.02,0,0
record_event,,,20.33,20.33,0.02,0.02,0,0
Event::wait,,,57.51,72.43,0,1936.75871875,0,0
wait_event,,,14.92,14.92,1936.75871875,1936.75871875,0,0
destroy_event,,,9.52,9.52,0,0,0,0
aten::to,,,3.43,73.04,0,2.08003125,0,0
aten::_to_copy,,,8.58,69.61,0,2.08003125,0,0
aten::empty_strided,,,29.25,29.25,0,0,0,0
aten::copy_,,,20.36,31.78,0,2.08003125,0,0
acl_memcpy_device_to_host,,,11.42,11.42,2.08003125,2.08003125,0,0
aten::to,,,2.47,41.03,0,2.04003125,0,0
aten::_to_copy,,,5.21,38.56,0,2.04003125,0,0
aten::empty_strided,,,3.74,3.74,0,0,0,0
aten::copy_,,,15.98,29.61,0,2.04003125,0,0
acl_memcpy_device_to_host,,,13.63,13.63,2.04003125,2.04003125,0,0
aten::to,,,2.27,31.55,0,2.0400625,0,0
aten::_to_copy,,,4.2,29.28,0,2.0400625,0,0
aten::empty_strided,,,3.36,3.36,0,0,0,0
aten::copy_,,,12.29,21.72,0,2.0400625,0,0
acl_memcpy_device_to_host,,,9.43,9.43,2.0400625,2.0400625,0,0
aten::to,,,1.62,31.12,0,2.06003125,0,0
aten::_to_copy,,,4.01,29.5,0,2.06003125,0,0
aten::empty_strided,,,3.29,3.29,0,0,0,0
aten::copy_,,,11.76,22.2,0,2.06003125,0,0
acl_memcpy_device_to_host,,,10.44,10.44,2.06003125,2.06003125,0,0
Event::record,,,157.71,175.9,0,0.0,0,0
record_event,,,18.19,18.19,0.0,0.0,0,0
Event::synchronize,,,86.76,86.76,0,0,0,0
aten::resolve_conj,,,2.11,2.11,0,0,0,0
aten::resolve_neg,,,0.7,0.7,0,0,0,0
aten::to,,,2.9,2.9,0,0,0,0
aten::detach,,,4.6,4.6,0,0,0,0
aten::to,,,0.59,0.59,0,0,0,0
aten::resolve_conj,,,0.34,0.34,0,0,0,0
aten::resolve_neg,,,0.38,0.38,0,0,0,0
aten::to,,,1.17,1.17,0,0,0,0
aten::detach,,,1.82,1.82,0,0,0,0
aten::to,,,0.54,0.54,0,0,0,0
aten::resolve_conj,,,0.36,0.36,0,0,0,0
aten::resolve_neg,,,0.95,0.95,0,0,0,0
aten::to,,,1.1,1.1,0,0,0,0
aten::detach,,,0.7,0.7,0,0,0,0
aten::to,,,0.45,0.45,0,0,0,0
aten::resolve_conj,,,0.35,0.35,0,0,0,0
aten::resolve_neg,,,0.28,0.28,0,0,0,0
destroy_event,,,23.32,23.32,0,0,0,0
record_event,,,8.76,8.76,0.0,0.0,0,0
Event::synchronize,,,150.92,150.92,0,0,0,0
aten::slice,,,13.65,18.94,0,0,0,0
aten::as_strided,,,5.29,5.29,0,0,0,0
aten::slice,,,3.29,11.77,0,0,0,0
aten::as_strided,,,8.48,8.48,0,0,0,0
aten::pin_memory,,,136.03,162.18,0,0,0,0
aten::is_pinned,,,26.15,26.15,0,0,0,0
aten::copy_,,,24.88,43.52,0,2.40003125,0,0
acl_memcpy_host_to_device,,,18.64,18.64,2.40003125,2.40003125,0,0
aten::slice,,,7.44,10.44,0,0,0,0
aten::as_strided,,,3.0,3.0,0,0,0,0
aten::slice,,,3.7,9.99,0,0,0,0
aten::as_strided,,,6.29,6.29,0,0,0,0
aten::pin_memory,,,3.94,13.86,0,0,0,0
aten::is_pinned,,,9.92,9.92,0,0,0,0
aten::copy_,,,15.67,29.64,0,2.30003125,0,0
acl_memcpy_host_to_device,,,13.97,13.97,2.30003125,2.30003125,0,0
aten::slice,,,6.22,8.73,0,0,0,0
aten::as_strided,,,2.51,2.51,0,0,0,0
aten::slice,,,2.79,6.68,0,0,0,0
aten::as_strided,,,3.89,3.89,0,0,0,0
aten::pin_memory,,,3.36,11.94,0,0,0,0
aten::is_pinned,,,8.58,8.58,0,0,0,0
aten::copy_,,,13.81,27.13,0,2.44003125,0,0
acl_memcpy_host_to_device,,,13.32,13.32,2.44003125,2.44003125,0,0
aten::slice,,,5.18,7.91,0,0,0,0
aten::as_strided,,,2.73,2.73,0,0,0,0
aten::slice,,,2.69,6.31,0,0,0,0
aten::as_strided,,,3.62,3.62,0,0,0,0
aten::pin_memory,,,2.92,10.52,0,0,0,0
aten::is_pinned,,,7.6,7.6,0,0,0,0
aten::copy_,,,13.05,24.79,0,2.4000625,0,0
acl_memcpy_host_to_device,,,11.74,11.74,2.4000625,2.4000625,0,0
aten::slice,,,4.41,6.38,0,0,0,0
aten::as_strided,,,1.97,1.97,0,0,0,0
aten::slice,,,2.55,6.09,0,0,0,0
aten::as_strided,,,3.54,3.54,0,0,0,0
aten::pin_memory,,,2.92,10.18,0,0,0,0
aten::is_pinned,,,7.26,7.26,0,0,0,0
aten::copy_,,,11.96,23.01,0,2.32003125,0,0
acl_memcpy_host_to_device,,,11.05,11.05,2.32003125,2.32003125,0,0
aten::slice,,,10.0,13.82,0,0,0,0
aten::as_strided,,,3.82,3.82,0,0,0,0
aten::slice,,,3.54,10.14,0,0,0,0
aten::as_strided,,,6.6,6.6,0,0,0,0
aten::pin_memory,,,3.54,18.34,0,0,0,0
aten::is_pinned,,,14.8,14.8,0,0,0,0
aten::copy_,,,17.53,35.36,0,2.3400625,0,0
acl_memcpy_host_to_device,,,17.83,17.83,2.3400625,2.3400625,0,0
aten::slice,,,5.81,10.2,0,0,0,0
aten::as_strided,,,4.39,4.39,0,0,0,0
aten::lift_fresh,,,1.55,1.55,0,0,0,0
aten::lift_fresh,,,1.29,1.29,0,0,0,0
aten::flatten,,,3.8,11.14,0,0,0,0
aten::view,,,7.34,7.34,0,0,0,0
aten::slice,,,3.34,5.04,0,0,0,0
aten::as_strided,,,1.7,1.7,0,0,0,0
aten::index_select,,,7.9,7.9,0,0,0,0
aten::pin_memory,,,4.07,18.42,0,0,0,0
aten::is_pinned,,,14.35,14.35,0,0,0,0
aten::copy_,,,17.47,34.38,0,2.36003125,0,0
acl_memcpy_host_to_device,,,16.91,16.91,2.36003125,2.36003125,0,0
aten::pin_memory,,,3.61,11.91,0,0,0,0
aten::is_pinned,,,8.3,8.3,0,0,0,0
aten::copy_,,,13.68,25.9,0,2.1800625,0,0
acl_memcpy_host_to_device,,,12.22,12.22,2.1800625,2.1800625,0,0
aten::slice,,,7.07,10.28,0,0,0,0
aten::as_strided,,,3.21,3.21,0,0,0,0
aten::lift_fresh,,,1.04,1.04,0,0,0,0
aten::slice,,,3.58,4.74,0,0,0,0
aten::as_strided,,,1.16,1.16,0,0,0,0
aten::add,,,18.01,18.01,0,0,0,0
aten::slice,,,3.71,5.04,0,0,0,0
aten::as_strided,,,1.33,1.33,0,0,0,0
aten::fill_,,,3.26,3.26,0,0,0,0
aten::slice,,,3.29,8.12,0,0,0,0
aten::as_strided,,,4.83,4.83,0,0,0,0
aten::fill_,,,21.0,34.69,0,1.48003125,0,0
aclnnInplaceFillScalar,,,13.69,13.69,1.48003125,1.48003125,0,0
aten::slice,,,6.25,12.25,0,0,0,0
aten::as_strided,,,6.0,6.0,0,0,0,0
aten::select,,,4.45,7.56,0,0,0,0
aten::as_strided,,,3.11,3.11,0,0,0,0
aten::copy_,,,75.55,92.61,0,0.62,0,0
aclnnInplaceCopy,,,17.06,17.06,0.62,0.62,0,0
aten::slice,,,7.63,10.51,0,0,0,0
aten::as_strided,,,2.88,2.88,0,0,0,0
aten::detach,,,2.89,2.89,0,0,0,0
aten::to,,,1.82,1.82,0,0,0,0
aten::resolve_conj,,,1.02,1.02,0,0,0,0
aten::resolve_neg,,,0.58,0.58,0,0,0,0
aten::slice,,,5.44,7.97,0,0,0,0
aten::as_strided,,,2.53,2.53,0,0,0,0
aten::slice,,,3.06,8.08,0,0,0,0
aten::as_strided,,,5.02,5.02,0,0,0,0
aten::pin_memory,,,3.86,18.26,0,0,0,0
aten::is_pinned,,,14.4,14.4,0,0,0,0
aten::copy_,,,4.04,4.04,0,0,0,0
aten::slice,,,5.42,7.22,0,0,0,0
aten::as_strided,,,1.8,1.8,0,0,0,0
aten::slice,,,2.68,6.22,0,0,0,0
aten::as_strided,,,3.54,3.54,0,0,0,0
aten::pin_memory,,,2.93,11.79,0,0,0,0
aten::is_pinned,,,8.86,8.86,0,0,0,0
aten::copy_,,,17.02,36.32,0,2.14003125,0,0
acl_memcpy_host_to_device,,,19.3,19.3,2.14003125,2.14003125,0,0
aten::fill_,,,18.5,32.96,0,1.44003125,0,0
aclnnInplaceFillScalar,,,14.46,14.46,1.44003125,1.44003125,0,0
aten::slice,,,6.52,10.43,0,0,0,0
aten::as_strided,,,3.91,3.91,0,0,0,0
aten::slice,,,3.24,5.22,0,0,0,0
aten::as_strided,,,1.98,1.98,0,0,0,0
aten::copy_,,,17.34,27.19,0,2.30003125,0,0
acl_memcpy_host_to_device,,,9.85,9.85,2.30003125,2.30003125,0,0
aten::slice,,,4.62,6.41,0,0,0,0
aten::as_strided,,,1.79,1.79,0,0,0,0
aten::slice,,,2.81,6.47,0,0,0,0
aten::as_strided,,,3.66,3.66,0,0,0,0
aten::pin_memory,,,3.54,12.44,0,0,0,0
aten::is_pinned,,,8.9,8.9,0,0,0,0
aten::copy_,,,13.87,25.24,0,2.20003125,0,0
acl_memcpy_host_to_device,,,11.37,11.37,2.20003125,2.20003125,0,0
aten::slice,,,5.23,9.36,0,0,0,0
aten::as_strided,,,4.13,4.13,0,0,0,0
aten::slice,,,2.88,4.79,0,0,0,0
aten::as_strided,,,1.91,1.91,0,0,0,0
aten::slice,,,2.23,5.32,0,0,0,0
aten::as_strided,,,3.09,3.09,0,0,0,0
aten::pin_memory,,,3.27,10.76,0,0,0,0
aten::is_pinned,,,7.49,7.49,0,0,0,0
aten::copy_,,,13.27,26.03,0,2.48003125,0,0
acl_memcpy_host_to_device,,,12.76,12.76,2.48003125,2.48003125,0,0
aten::slice,,,5.89,8.48,0,0,0,0
aten::as_strided,,,2.59,2.59,0,0,0,0
aten::slice,,,3.6,8.79,0,0,0,0
aten::as_strided,,,5.19,5.19,0,0,0,0
aten::pin_memory,,,3.0,11.19,0,0,0,0
aten::is_pinned,,,8.19,8.19,0,0,0,0
aten::copy_,,,13.46,25.79,0,2.3600625,0,0
acl_memcpy_host_to_device,,,12.33,12.33,2.3600625,2.3600625,0,0
aten::slice,,,4.12,7.57,0,0,0,0
aten::as_strided,,,3.45,3.45,0,0,0,0
aten::index,,,35.21,65.64,0,11.30025,0,0
empty_tensor,,,7.51,7.51,0,0,0,0
empty_tensor,,,9.76,9.76,0,0,0,0
aclnnIndex,,,13.16,13.16,11.30025,11.30025,0,0
aten::to,,,1.99,51.48,0,1.2,0,0
aten::_to_copy,,,5.86,49.49,0,1.2,0,0
aten::empty_strided,,,8.62,13.22,0,0,0,0
empty_tensor,,,4.6,4.6,0,0,0,0
aten::copy_,,,17.54,30.41,0,1.2,0,0
aclnnInplaceCopy,,,12.87,12.87,1.2,1.2,0,0
aten::slice,,,6.17,9.98,0,0,0,0
aten::as_strided,,,3.81,3.81,0,0,0,0
aten::add,,,20.92,38.74,0,2.54003125,0,0
empty_tensor,,,6.14,6.14,0,0,0,0
aclnnAdd,,,11.68,11.68,2.54003125,2.54003125,0,0
aten::slice,,,5.28,9.32,0,0,0,0
aten::as_strided,,,4.04,4.04,0,0,0,0
aten::copy_,,,71.18,83.56,0,0.58003125,0,0
aclnnInplaceCopy,,,12.38,12.38,0.58003125,0.58003125,0,0
aten::slice,,,6.8,11.44,0,0,0,0
aten::as_strided,,,4.64,4.64,0,0,0,0
aten::add,,,19.27,39.8,0,1.58,0,0
empty_tensor,,,8.64,8.64,0,0,0,0
aclnnAdd,,,11.89,11.89,1.58,1.58,0,0
aten::slice,,,6.1,10.11,0,0,0,0
aten::as_strided,,,4.01,4.01,0,0,0,0
aten::copy_,,,48.91,62.27,0,0.6,0,0
aclnnInplaceCopy,,,13.36,13.36,0.6,0.6,0,0
aten::slice,,,6.47,10.79,0,0,0,0
aten::as_strided,,,4.32,4.32,0,0,0,0
aten::fill_,,,13.24,25.01,0,1.28003125,0,0
aclnnInplaceFillScalar,,,11.77,11.77,1.28003125,1.28003125,0,0
aten::slice,,,4.6,8.05,0,0,0,0
aten::as_strided,,,3.45,3.45,0,0,0,0
aten::slice,,,2.78,6.0,0,0,0,0
aten::as_strided,,,3.22,3.22,0,0,0,0
compute_slot_mapping_fused_groups_adaptive_kernel,,,34.84,34.84,5.48009375,5.48009375,0,0
aten::slice,,,8.82,17.74,0,0,0,0
aten::as_strided,,,8.92,8.92,0,0,0,0
aten::sub,,,28.77,60.61,0,1.48003125,0,0
empty_tensor,,,11.82,11.82,0,0,0,0
aten::item,,,2.6,4.42,0,0,0,0
aten::_local_scalar_dense,,,1.82,1.82,0,0,0,0
aclnnSubs,,,15.6,15.6,1.48003125,1.48003125,0,0
aten::pin_memory,,,8.7,28.48,0,0,0,0
aten::is_pinned,,,19.78,19.78,0,0,0,0
aten::copy_,,,20.51,37.73,0,2.24003125,0,0
acl_memcpy_host_to_device,,,17.22,17.22,2.24003125,2.24003125,0,0
aten::detach,,,4.89,4.89,0,0,0,0
aten::to,,,1.76,1.76,0,0,0,0
aten::resolve_conj,,,0.74,0.74,0,0,0,0
aten::resolve_neg,,,0.67,0.67,0,0,0,0
aten::slice,,,9.38,17.78,0,0,0,0
aten::as_strided,,,8.4,8.4,0,0,0,0
aten::slice,,,3.04,6.19,0,0,0,0
aten::as_strided,,,3.15,3.15,0,0,0,0
aten::slice,,,2.76,5.12,0,0,0,0
aten::as_strided,,,2.36,2.36,0,0,0,0
aten::fill_,,,19.34,37.04,0,1.32003125,0,0
aclnnInplaceFillScalar,,,17.7,17.7,1.32003125,1.32003125,0,0
aten::slice,,,5.9,9.63,0,0,0,0
aten::as_strided,,,3.73,3.73,0,0,0,0
aten::fill_,,,13.8,25.16,0,1.68003125,0,0
aclnnInplaceFillScalar,,,11.36,11.36,1.68003125,1.68003125,0,0
aten::slice,,,4.57,7.04,0,0,0,0
aten::as_strided,,,2.47,2.47,0,0,0,0
aten::slice,,,2.41,3.3,0,0,0,0
aten::as_strided,,,0.89,0.89,0,0,0,0
aten::lt,,,14.59,14.59,0,0,0,0
aten::lift_fresh,,,1.03,1.03,0,0,0,0
aten::slice,,,1.29,2.43,0,0,0,0
aten::as_strided,,,1.14,1.14,0,0,0,0
aten::fill_,,,2.14,10.85,0,0,0,0
aten::copy_,,,8.71,8.71,0,0,0,0
aten::slice,,,3.02,4.6,0,0,0,0
aten::as_strided,,,1.58,1.58,0,0,0,0
aten::slice,,,3.53,7.7,0,0,0,0
aten::as_strided,,,4.17,4.17,0,0,0,0
aten::slice,,,2.77,4.63,0,0,0,0
aten::as_strided,,,1.86,1.86,0,0,0,0
aten::slice,,,3.77,6.16,0,0,0,0
aten::as_strided,,,2.39,2.39,0,0,0,0
aten::slice,,,2.11,3.5,0,0,0,0
aten::as_strided,,,1.39,1.39,0,0,0,0
aten::slice,,,2.53,4.02,0,0,0,0
aten::as_strided,,,1.49,1.49,0,0,0,0
aten::slice,,,2.49,4.98,0,0,0,0
aten::as_strided,,,2.49,2.49,0,0,0,0
aten::slice,,,2.46,4.42,0,0,0,0
aten::as_strided,,,1.96,1.96,0,0,0,0
aten::slice,,,2.31,4.28,0,0,0,0
aten::as_strided,,,1.97,1.97,0,0,0,0
aten::slice,,,6.45,13.54,0,0,0,0
aten::as_strided,,,7.09,7.09,0,0,0,0
aten::slice,,,2.76,6.88,0,0,0,0
aten::as_strided,,,4.12,4.12,0,0,0,0
aten::slice,,,3.25,5.5,0,0,0,0
aten::as_strided,,,2.25,2.25,0,0,0,0
aten::to,,,1.42,1.42,0,0,0,0
aten::slice,,,2.59,5.56,0,0,0,0
aten::as_strided,,,2.97,2.97,0,0,0,0
aten::slice,,,2.19,3.99,0,0,0,0
aten::as_strided,,,1.8,1.8,0,0,0,0
aten::slice,,,2.12,3.38,0,0,0,0
aten::as_strided,,,1.26,1.26,0,0,0,0
aten::slice,,,2.84,6.29,0,0,0,0
aten::as_strided,,,3.45,3.45,0,0,0,0
aten::alias,,,3.07,3.07,0,0,0,0
aten::alias,,,3.82,3.82,0,0,0,0
aten::div,,,41.7,62.95,0,9.16015625,0,0
aten::item,,,2.14,3.78,0,0,0,0
aten::_local_scalar_dense,,,1.64,1.64,0,0,0,0
aclnnDivMods,,,17.47,17.47,9.16015625,9.16015625,0,0
aten::slice,,,2.9,8.26,0,0,0,0
aten::as_strided,,,5.36,5.36,0,0,0,0
aten::slice,,,4.44,8.16,0,0,0,0
aten::as_strided,,,3.72,3.72,0,0,0,0
aten::copy_,,,65.91,81.69,0,0.58003125,0,0
aclnnInplaceCopy,,,15.78,15.78,0.58003125,0.58003125,0,0
aten::slice,,,2.87,6.66,0,0,0,0
aten::as_strided,,,3.79,3.79,0,0,0,0
aten::slice,,,4.51,8.1,0,0,0,0
aten::as_strided,,,3.59,3.59,0,0,0,0
aten::ge,,,22.3,49.7,0,4.28009375,0,0
empty_tensor,,,12.57,12.57,0,0,0,0
aclnnGeScalar,,,14.83,14.83,4.28009375,4.28009375,0,0
aten::add,,,21.59,43.71,0,2.74003125,0,0
empty_tensor,,,7.32,7.32,0,0,0,0
aten::item,,,2.23,3.69,0,0,0,0
aten::_local_scalar_dense,,,1.46,1.46,0,0,0,0
aclnnAdds,,,11.11,11.11,2.74003125,2.74003125,0,0
aten::remainder,,,23.09,42.32,0,3.4000312499999996,0,0
empty_tensor,,,7.87,7.87,0,0,0,0
aclnnRemainderTensorScalar,,,11.36,11.36,3.4000312499999996,3.4000312499999996,0,0
aten::eq,,,12.85,30.16,0,2.38003125,0,0
empty_tensor,,,6.61,6.61,0,0,0,0
aclnnEqScalar,,,10.7,10.7,2.38003125,2.38003125,0,0
aten::__and__,,,2.56,36.85,0,1.82003125,0,0
aten::bitwise_and,,,18.13,34.29,0,1.82003125,0,0
empty_tensor,,,6.13,6.13,0,0,0,0
aclnnBitwiseAndTensor,,,10.03,10.03,1.82003125,1.82003125,0,0
aten::clamp_min,,,12.66,27.66,0,3.2200625,0,0
empty_tensor,,,6.56,6.56,0,0,0,0
aclnnClampMin,,,8.44,8.44,3.2200625,3.2200625,0,0
aten::div,,,22.46,42.33,0,4.520125,0,0
empty_tensor,,,7.01,7.01,0,0,0,0
aten::item,,,2.21,3.63,0,0,0,0
aten::_local_scalar_dense,,,1.42,1.42,0,0,0,0
aclnnDivMods,,,9.23,9.23,4.520125,4.520125,0,0
aten::remainder,,,21.57,37.78,0,5.38009375,0,0
empty_tensor,,,6.7,6.7,0,0,0,0
aclnnRemainderTensorScalar,,,9.51,9.51,5.38009375,5.38009375,0,0
aten::mul,,,17.34,36.9,0,1.52,0,0
empty_tensor,,,6.01,6.01,0,0,0,0
aten::item,,,1.63,2.96,0,0,0,0
aten::_local_scalar_dense,,,1.33,1.33,0,0,0,0
aclnnMuls,,,10.59,10.59,1.52,1.52,0,0
aten::div,,,20.79,40.93,0,3.82009375,0,0
empty_tensor,,,6.79,6.79,0,0,0,0
aten::item,,,1.8,3.44,0,0,0,0
aten::_local_scalar_dense,,,1.64,1.64,0,0,0,0
aclnnDivMods,,,9.91,9.91,3.82009375,3.82009375,0,0
aten::add,,,16.36,26.07,0,1.28003125,0,0
empty_tensor,,,5.84,5.84,0,0,0,0
aclnnAdd,,,3.87,3.87,1.28003125,1.28003125,0,0
aten::full_like,,,5.83,44.69,0,1.12,0,0
aten::empty_like,,,6.24,17.49,0,0,0,0
aten::empty_strided,,,7.51,11.25,0,0,0,0
empty_tensor,,,3.74,3.74,0,0,0,0
aten::fill_,,,9.76,21.37,0,1.12,0,0
aclnnInplaceFillScalar,,,11.61,11.61,1.12,1.12,0,0
aten::where,,,13.03,29.01,0,1.76003125,0,0
empty_tensor,,,5.95,5.95,0,0,0,0
aclnnSWhere,,,10.03,10.03,1.76003125,1.76003125,0,0
aten::copy_,,,14.69,24.61,0,1.18003125,0,0
aclnnInplaceCopy,,,9.92,9.92,1.18003125,1.18003125,0,0
aten::slice,,,3.81,8.7,0,0,0,0
aten::as_strided,,,4.89,4.89,0,0,0,0
aten::slice,,,5.72,8.97,0,0,0,0
aten::as_strided,,,3.25,3.25,0,0,0,0
aten::div,,,24.11,39.0,0,4.32009375,0,0
aten::item,,,2.16,4.05,0,0,0,0
aten::_local_scalar_dense,,,1.89,1.89,0,0,0,0
aclnnDivMods,,,10.84,10.84,4.32009375,4.32009375,0,0
aten::slice,,,2.77,6.56,0,0,0,0
aten::as_strided,,,3.79,3.79,0,0,0,0
aten::slice,,,4.56,7.38,0,0,0,0
aten::as_strided,,,2.82,2.82,0,0,0,0
aten::slice,,,2.73,5.26,0,0,0,0
aten::as_strided,,,2.53,2.53,0,0,0,0
aten::copy_,,,61.69,75.55,0,0.6,0,0
aclnnInplaceCopy,,,13.86,13.86,0.6,0.6,0,0
aten::slice,,,3.03,6.76,0,0,0,0
aten::as_strided,,,3.73,3.73,0,0,0,0
aten::slice,,,4.86,8.05,0,0,0,0
aten::as_strided,,,3.19,3.19,0,0,0,0
aten::copy_,,,47.62,60.5,0,0.64003125,0,0
aclnnInplaceCopy,,,12.88,12.88,0.64003125,0.64003125,0,0
aten::slice,,,5.84,8.57,0,0,0,0
aten::as_strided,,,2.73,2.73,0,0,0,0
aten::div,,,13.22,32.15,0,0,0,0
aten::to,,,1.63,18.93,0,0,0,0
aten::_to_copy,,,5.6,17.3,0,0,0,0
aten::empty_strided,,,3.98,3.98,0,0,0,0
aten::copy_,,,7.72,7.72,0,0,0,0
aten::slice,,,4.18,9.14,0,0,0,0
aten::as_strided,,,4.96,4.96,0,0,0,0
aten::slice,,,5.81,10.8,0,0,0,0
aten::as_strided,,,4.99,4.99,0,0,0,0
aten::slice,,,2.89,5.85,0,0,0,0
aten::as_strided,,,2.96,2.96,0,0,0,0
aten::slice,,,2.43,4.72,0,0,0,0
aten::as_strided,,,2.29,2.29,0,0,0,0
aten::fill_,,,19.17,34.93,0,1.56,0,0
aclnnInplaceFillScalar,,,15.76,15.76,1.56,1.56,0,0
aten::slice,,,5.21,8.86,0,0,0,0
aten::as_strided,,,3.65,3.65,0,0,0,0
aten::fill_,,,12.97,23.98,0,1.08003125,0,0
aclnnInplaceFillScalar,,,11.01,11.01,1.08003125,1.08003125,0,0
aten::slice,,,5.0,10.14,0,0,0,0
aten::as_strided,,,5.14,5.14,0,0,0,0
aten::slice,,,3.46,6.8,0,0,0,0
aten::as_strided,,,3.34,3.34,0,0,0,0
aten::slice,,,5.42,7.81,0,0,0,0
aten::as_strided,,,2.39,2.39,0,0,0,0
aten::slice,,,2.88,6.49,0,0,0,0
aten::as_strided,,,3.61,3.61,0,0,0,0
aten::slice,,,2.93,5.38,0,0,0,0
aten::as_strided,,,2.45,2.45,0,0,0,0
aten::slice,,,2.61,5.25,0,0,0,0
aten::as_strided,,,2.64,2.64,0,0,0,0
aten::slice,,,2.36,5.03,0,0,0,0
aten::as_strided,,,2.67,2.67,0,0,0,0
aten::fill_,,,15.72,28.04,0,1.22003125,0,0
aclnnInplaceFillScalar,,,12.32,12.32,1.22003125,1.22003125,0,0
aten::slice,,,3.98,7.74,0,0,0,0
aten::as_strided,,,3.76,3.76,0,0,0,0
aten::fill_,,,11.29,22.74,0,1.18,0,0
aclnnInplaceFillScalar,,,11.45,11.45,1.18,1.18,0,0
aten::slice,,,5.28,10.39,0,0,0,0
aten::as_strided,,,5.11,5.11,0,0,0,0
aten::slice,,,2.91,4.92,0,0,0,0
aten::as_strided,,,2.01,2.01,0,0,0,0
aten::slice,,,2.75,5.82,0,0,0,0
aten::as_strided,,,3.07,3.07,0,0,0,0
aten::slice,,,3.16,4.55,0,0,0,0
aten::as_strided,,,1.39,1.39,0,0,0,0
aten::slice,,,2.32,3.71,0,0,0,0
aten::as_strided,,,1.39,1.39,0,0,0,0
aten::slice,,,2.29,3.27,0,0,0,0
aten::as_strided,,,0.98,0.98,0,0,0,0
aten::slice,,,2.87,3.89,0,0,0,0
aten::as_strided,,,1.02,1.02,0,0,0,0
aten::slice,,,1.48,2.32,0,0,0,0
aten::as_strided,,,0.84,0.84,0,0,0,0
aten::diff,,,7.74,33.02,0,0,0,0
aten::narrow,,,5.59,8.72,0,0,0,0
aten::slice,,,1.94,3.13,0,0,0,0
aten::as_strided,,,1.19,1.19,0,0,0,0
aten::narrow,,,2.2,4.37,0,0,0,0
aten::slice,,,1.06,2.17,0,0,0,0
aten::as_strided,,,1.11,1.11,0,0,0,0
aten::sub,,,12.19,12.19,0,0,0,0
aten::eq,,,13.13,27.52,0,0,0,0
aten::to,,,1.52,14.39,0,0,0,0
aten::_to_copy,,,4.38,12.87,0,0,0,0
aten::empty_strided,,,3.07,3.07,0,0,0,0
aten::copy_,,,5.42,5.42,0,0,0,0
aten::__and__,,,1.95,6.93,0,0,0,0
aten::bitwise_and,,,4.98,4.98,0,0,0,0
aten::gt,,,8.21,16.08,0,0,0,0
aten::to,,,1.05,7.87,0,0,0,0
aten::_to_copy,,,2.31,6.82,0,0,0,0
aten::empty_strided,,,1.68,1.68,0,0,0,0
aten::copy_,,,2.83,2.83,0,0,0,0
aten::__and__,,,1.18,4.1,0,0,0,0
aten::bitwise_and,,,2.92,2.92,0,0,0,0
aten::any,,,10.58,12.9,0,0,0,0
aten::as_strided,,,1.28,1.28,0,0,0,0
aten::fill_,,,1.04,1.04,0,0,0,0
aten::item,,,1.76,3.12,0,0,0,0
aten::_local_scalar_dense,,,1.36,1.36,0,0,0,0
aten::slice,,,4.45,5.96,0,0,0,0
aten::as_strided,,,1.51,1.51,0,0,0,0
aten::slice,,,2.36,3.19,0,0,0,0
aten::as_strided,,,0.83,0.83,0,0,0,0
aten::sub,,,4.97,4.97,0,0,0,0
aten::select,,,3.24,4.46,0,0,0,0
aten::as_strided,,,1.22,1.22,0,0,0,0
aten::item,,,0.93,2.16,0,0,0,0
aten::_local_scalar_dense,,,1.23,1.23,0,0,0,0
aten::gt,,,7.59,16.47,0,0,0,0
aten::to,,,1.11,8.88,0,0,0,0
aten::_to_copy,,,2.88,7.77,0,0,0,0
aten::empty_strided,,,1.76,1.76,0,0,0,0
aten::copy_,,,3.13,3.13,0,0,0,0
aten::__ior__,,,2.03,7.74,0,0,0,0
aten::bitwise_or_,,,5.71,5.71,0,0,0,0
aten::any,,,7.45,9.27,0,0,0,0
aten::as_strided,,,1.13,1.13,0,0,0,0
aten::fill_,,,0.69,0.69,0,0,0,0
aten::is_nonzero,,,1.76,3.86,0,0,0,0
aten::item,,,0.99,2.1,0,0,0,0
aten::_local_scalar_dense,,,1.11,1.11,0,0,0,0
aten::select,,,4.75,10.85,0,0,0,0
aten::as_strided,,,6.1,6.1,0,0,0,0
aten::slice,,,4.85,9.21,0,0,0,0
aten::as_strided,,,4.36,4.36,0,0,0,0
aten::slice,,,2.78,4.91,0,0,0,0
aten::as_strided,,,2.13,2.13,0,0,0,0
aten::slice,,,2.59,4.67,0,0,0,0
aten::as_strided,,,2.08,2.08,0,0,0,0
aten::copy_,,,86.38,105.79,0,0.56,0,0
aclnnInplaceCopy,,,19.41,19.41,0.56,0.56,0,0
aten::slice,,,6.28,10.58,0,0,0,0
aten::as_strided,,,4.3,4.3,0,0,0,0
aten::fill_,,,15.07,28.73,0,1.14003125,0,0
aclnnInplaceFillScalar,,,13.66,13.66,1.14003125,1.14003125,0,0
aten::slice,,,4.96,8.96,0,0,0,0
aten::as_strided,,,4.0,4.0,0,0,0,0
aten::slice,,,2.74,5.53,0,0,0,0
aten::as_strided,,,2.79,2.79,0,0,0,0
aten::slice,,,2.52,4.85,0,0,0,0
aten::as_strided,,,2.33,2.33,0,0,0,0
aten::copy_,,,70.29,89.55,0,0.64,0,0
aclnnInplaceCopy,,,19.26,19.26,0.64,0.64,0,0
aten::slice,,,6.28,11.26,0,0,0,0
aten::as_strided,,,4.98,4.98,0,0,0,0
aten::slice,,,16.08,18.88,0,0,0,0
aten::as_strided,,,2.8,2.8,0,0,0,0
aten::expand_as,,,2.36,15.31,0,0,0,0
aten::expand,,,6.39,12.95,0,0,0,0
aten::as_strided,,,6.56,6.56,0,0,0,0
aten::copy_,,,54.73,81.41,0,0.56003125,0,0
aclnnInplaceCopy,,,26.68,26.68,0.56003125,0.56003125,0,0
aten::slice,,,6.19,10.47,0,0,0,0
aten::as_strided,,,4.28,4.28,0,0,0,0
aten::slice,,,17.68,20.61,0,0,0,0
aten::as_strided,,,2.93,2.93,0,0,0,0
aten::slice,,,3.31,6.72,0,0,0,0
aten::as_strided,,,3.41,3.41,0,0,0,0
aten::slice,,,3.89,6.88,0,0,0,0
aten::as_strided,,,2.99,2.99,0,0,0,0
aten::copy_,,,56.27,75.83,0,0.66,0,0
aclnnInplaceCopy,,,19.56,19.56,0.66,0.66,0,0
aten::slice,,,7.01,22.85,0,0,0,0
aten::as_strided,,,15.84,15.84,0,0,0,0
aten::slice,,,3.74,8.38,0,0,0,0
aten::as_strided,,,4.64,4.64,0,0,0,0
aten::slice,,,3.83,10.9,0,0,0,0
aten::as_strided,,,7.07,7.07,0,0,0,0
aten::sub,,,20.9,32.01,0,1.50003125,0,0
aclnnSub,,,11.11,11.11,1.50003125,1.50003125,0,0
aten::slice,,,7.83,11.03,0,0,0,0
aten::as_strided,,,3.2,3.2,0,0,0,0
aten::slice,,,2.76,7.85,0,0,0,0
aten::as_strided,,,5.09,5.09,0,0,0,0
aten::slice,,,3.37,6.28,0,0,0,0
aten::as_strided,,,2.91,2.91,0,0,0,0
aten::slice,,,2.45,4.96,0,0,0,0
aten::as_strided,,,2.51,2.51,0,0,0,0
aten::slice,,,2.39,4.79,0,0,0,0
aten::as_strided,,,2.4,2.4,0,0,0,0
aten::fill_,,,16.86,33.29,0,1.22003125,0,0
aclnnInplaceFillScalar,,,16.43,16.43,1.22003125,1.22003125,0,0
aten::slice,,,4.36,8.45,0,0,0,0
aten::as_strided,,,4.09,4.09,0,0,0,0
aten::fill_,,,14.13,26.1,0,1.32,0,0
aclnnInplaceFillScalar,,,11.97,11.97,1.32,1.32,0,0
aten::slice,,,4.62,10.05,0,0,0,0
aten::as_strided,,,5.43,5.43,0,0,0,0
aten::slice,,,2.43,4.19,0,0,0,0
aten::as_strided,,,1.76,1.76,0,0,0,0
aten::slice,,,2.9,5.76,0,0,0,0
aten::as_strided,,,2.86,2.86,0,0,0,0
aten::slice,,,2.42,3.5,0,0,0,0
aten::as_strided,,,1.08,1.08,0,0,0,0
aten::slice,,,2.11,3.79,0,0,0,0
aten::as_strided,,,1.68,1.68,0,0,0,0
aten::slice,,,2.53,3.49,0,0,0,0
aten::as_strided,,,0.96,0.96,0,0,0,0
aten::slice,,,2.49,3.23,0,0,0,0
aten::as_strided,,,0.74,0.74,0,0,0,0
aten::slice,,,1.14,1.92,0,0,0,0
aten::as_strided,,,0.78,0.78,0,0,0,0
aten::diff,,,6.28,30.24,0,0,0,0
aten::narrow,,,4.45,8.17,0,0,0,0
aten::slice,,,1.81,3.72,0,0,0,0
aten::as_strided,,,1.91,1.91,0,0,0,0
aten::narrow,,,2.18,3.94,0,0,0,0
aten::slice,,,0.92,1.76,0,0,0,0
aten::as_strided,,,0.84,0.84,0,0,0,0
aten::sub,,,11.85,11.85,0,0,0,0
aten::eq,,,12.77,27.26,0,0,0,0
aten::to,,,1.34,14.49,0,0,0,0
aten::_to_copy,,,4.38,13.15,0,0,0,0
aten::empty_strided,,,3.05,3.05,0,0,0,0
aten::copy_,,,5.72,5.72,0,0,0,0
aten::__and__,,,2.06,6.48,0,0,0,0
aten::bitwise_and,,,4.42,4.42,0,0,0,0
aten::gt,,,7.21,14.06,0,0,0,0
aten::to,,,0.79,6.85,0,0,0,0
aten::_to_copy,,,2.22,6.06,0,0,0,0
aten::empty_strided,,,1.46,1.46,0,0,0,0
aten::copy_,,,2.38,2.38,0,0,0,0
aten::__and__,,,1.47,4.28,0,0,0,0
aten::bitwise_and,,,2.81,2.81,0,0,0,0
aten::any,,,9.1,11.61,0,0,0,0
aten::as_strided,,,1.5,1.5,0,0,0,0
aten::fill_,,,1.01,1.01,0,0,0,0
aten::item,,,1.79,2.94,0,0,0,0
aten::_local_scalar_dense,,,1.15,1.15,0,0,0,0
aten::slice,,,4.53,6.6,0,0,0,0
aten::as_strided,,,2.07,2.07,0,0,0,0
aten::slice,,,2.26,3.17,0,0,0,0
aten::as_strided,,,0.91,0.91,0,0,0,0
aten::sub,,,4.98,4.98,0,0,0,0
aten::select,,,2.81,4.62,0,0,0,0
aten::as_strided,,,1.81,1.81,0,0,0,0
aten::item,,,1.1,2.04,0,0,0,0
aten::_local_scalar_dense,,,0.94,0.94,0,0,0,0
aten::gt,,,7.81,16.8,0,0,0,0
aten::to,,,0.92,8.99,0,0,0,0
aten::_to_copy,,,2.7,8.07,0,0,0,0
aten::empty_strided,,,2.11,2.11,0,0,0,0
aten::copy_,,,3.26,3.26,0,0,0,0
aten::__ior__,,,1.85,6.06,0,0,0,0
aten::bitwise_or_,,,4.21,4.21,0,0,0,0
aten::any,,,6.9,8.95,0,0,0,0
aten::as_strided,,,1.37,1.37,0,0,0,0
aten::fill_,,,0.68,0.68,0,0,0,0
aten::is_nonzero,,,1.2,2.94,0,0,0,0
aten::item,,,1.11,1.74,0,0,0,0
aten::_local_scalar_dense,,,0.63,0.63,0,0,0,0
aten::select,,,4.55,11.12,0,0,0,0
aten::as_strided,,,6.57,6.57,0,0,0,0
aten::slice,,,4.74,8.71,0,0,0,0
aten::as_strided,,,3.97,3.97,0,0,0,0
aten::slice,,,2.52,5.11,0,0,0,0
aten::as_strided,,,2.59,2.59,0,0,0,0
aten::slice,,,2.49,5.47,0,0,0,0
aten::as_strided,,,2.98,2.98,0,0,0,0
aten::copy_,,,115.8,145.54,0,0.54,0,0
aclnnInplaceCopy,,,29.74,29.74,0.54,0.54,0,0
aten::slice,,,7.51,12.15,0,0,0,0
aten::as_strided,,,4.64,4.64,0,0,0,0
aten::fill_,,,18.24,33.88,0,1.28003125,0,0
aclnnInplaceFillScalar,,,15.64,15.64,1.28003125,1.28003125,0,0
aten::slice,,,5.55,10.34,0,0,0,0
aten::as_strided,,,4.79,4.79,0,0,0,0
aten::slice,,,3.0,6.06,0,0,0,0
aten::as_strided,,,3.06,3.06,0,0,0,0
aten::slice,,,2.67,5.35,0,0,0,0
aten::as_strided,,,2.68,2.68,0,0,0,0
aten::copy_,,,58.72,74.05,0,0.58,0,0
aclnnInplaceCopy,,,15.33,15.33,0.58,0.58,0,0
aten::slice,,,5.89,10.11,0,0,0,0
aten::as_strided,,,4.22,4.22,0,0,0,0
aten::slice,,,2.66,5.49,0,0,0,0
aten::as_strided,,,2.83,2.83,0,0,0,0
aten::expand_as,,,2.01,9.97,0,0,0,0
aten::expand,,,4.1,7.96,0,0,0,0
aten::as_strided,,,3.86,3.86,0,0,0,0
aten::copy_,,,50.43,69.33,0,0.52003125,0,0
aclnnInplaceCopy,,,18.9,18.9,0.52003125,0.52003125,0,0
aten::slice,,,6.42,10.96,0,0,0,0
aten::as_strided,,,4.54,4.54,0,0,0,0
aten::slice,,,3.35,7.21,0,0,0,0
aten::as_strided,,,3.86,3.86,0,0,0,0
aten::slice,,,2.34,4.6,0,0,0,0
aten::as_strided,,,2.26,2.26,0,0,0,0
aten::slice,,,2.18,4.48,0,0,0,0
aten::as_strided,,,2.3,2.3,0,0,0,0
aten::copy_,,,50.63,65.7,0,0.72,0,0
aclnnInplaceCopy,,,15.07,15.07,0.72,0.72,0,0
aten::slice,,,5.5,9.52,0,0,0,0
aten::as_strided,,,4.02,4.02,0,0,0,0
aten::slice,,,2.7,5.18,0,0,0,0
aten::as_strided,,,2.48,2.48,0,0,0,0
aten::slice,,,2.3,4.9,0,0,0,0
aten::as_strided,,,2.6,2.6,0,0,0,0
aten::sub,,,17.89,29.48,0,1.34,0,0
aclnnSub,,,11.59,11.59,1.34,1.34,0,0
aten::slice,,,8.34,11.64,0,0,0,0
aten::as_strided,,,3.3,3.3,0,0,0,0
aten::slice,,,2.95,7.71,0,0,0,0
aten::as_strided,,,4.76,4.76,0,0,0,0
aten::slice,,,2.74,5.36,0,0,0,0
aten::as_strided,,,2.62,2.62,0,0,0,0
aten::slice,,,2.47,4.9,0,0,0,0
aten::as_strided,,,2.43,2.43,0,0,0,0
aten::slice,,,2.21,4.18,0,0,0,0
aten::as_strided,,,1.97,1.97,0,0,0,0
aten::fill_,,,16.17,31.06,0,1.14003125,0,0
aclnnInplaceFillScalar,,,14.89,14.89,1.14003125,1.14003125,0,0
aten::slice,,,5.23,8.68,0,0,0,0
aten::as_strided,,,3.45,3.45,0,0,0,0
aten::fill_,,,12.27,16.95,0,1.10003125,0,0
aclnnInplaceFillScalar,,,4.68,4.68,1.10003125,1.10003125,0,0
aten::slice,,,5.1,9.43,0,0,0,0
aten::as_strided,,,4.33,4.33,0,0,0,0
aten::slice,,,2.92,6.15,0,0,0,0
aten::as_strided,,,3.23,3.23,0,0,0,0
aten::slice,,,2.73,5.42,0,0,0,0
aten::as_strided,,,2.69,2.69,0,0,0,0
aten::slice,,,2.66,3.79,0,0,0,0
aten::as_strided,,,1.13,1.13,0,0,0,0
aten::slice,,,2.08,3.11,0,0,0,0
aten::as_strided,,,1.03,1.03,0,0,0,0
aten::slice,,,2.09,3.05,0,0,0,0
aten::as_strided,,,0.96,0.96,0,0,0,0
aten::slice,,,2.09,3.06,0,0,0,0
aten::as_strided,,,0.97,0.97,0,0,0,0
aten::slice,,,1.32,2.22,0,0,0,0
aten::as_strided,,,0.9,0.9,0,0,0,0
aten::diff,,,6.62,30.2,0,0,0,0
aten::narrow,,,4.62,7.93,0,0,0,0
aten::slice,,,1.59,3.31,0,0,0,0
aten::as_strided,,,1.72,1.72,0,0,0,0
aten::narrow,,,1.96,3.96,0,0,0,0
aten::slice,,,1.05,2.0,0,0,0,0
aten::as_strided,,,0.95,0.95,0,0,0,0
aten::sub,,,11.69,11.69,0,0,0,0
aten::eq,,,12.24,26.23,0,0,0,0
aten::to,,,1.66,13.99,0,0,0,0
aten::_to_copy,,,4.2,12.33,0,0,0,0
aten::empty_strided,,,2.82,2.82,0,0,0,0
aten::copy_,,,5.31,5.31,0,0,0,0
aten::__and__,,,1.85,5.89,0,0,0,0
aten::bitwise_and,,,4.04,4.04,0,0,0,0
aten::gt,,,7.13,15.08,0,0,0,0
aten::to,,,0.89,7.95,0,0,0,0
aten::_to_copy,,,2.58,7.06,0,0,0,0
aten::empty_strided,,,1.73,1.73,0,0,0,0
aten::copy_,,,2.75,2.75,0,0,0,0
aten::__and__,,,1.21,4.09,0,0,0,0
aten::bitwise_and,,,2.88,2.88,0,0,0,0
aten::any,,,8.84,11.14,0,0,0,0
aten::as_strided,,,1.35,1.35,0,0,0,0
aten::fill_,,,0.95,0.95,0,0,0,0
aten::item,,,1.71,3.0,0,0,0,0
aten::_local_scalar_dense,,,1.29,1.29,0,0,0,0
aten::slice,,,4.71,6.03,0,0,0,0
aten::as_strided,,,1.32,1.32,0,0,0,0
aten::slice,,,2.54,3.46,0,0,0,0
aten::as_strided,,,0.92,0.92,0,0,0,0
aten::sub,,,5.14,5.14,0,0,0,0
aten::select,,,3.06,4.3,0,0,0,0
aten::as_strided,,,1.24,1.24,0,0,0,0
aten::item,,,1.0,2.01,0,0,0,0
aten::_local_scalar_dense,,,1.01,1.01,0,0,0,0
aten::gt,,,6.96,15.66,0,0,0,0
aten::to,,,1.0,8.7,0,0,0,0
aten::_to_copy,,,2.77,7.7,0,0,0,0
aten::empty_strided,,,2.01,2.01,0,0,0,0
aten::copy_,,,2.92,2.92,0,0,0,0
aten::__ior__,,,1.88,5.57,0,0,0,0
aten::bitwise_or_,,,3.69,3.69,0,0,0,0
aten::any,,,6.59,8.65,0,0,0,0
aten::as_strided,,,1.17,1.17,0,0,0,0
aten::fill_,,,0.89,0.89,0,0,0,0
aten::is_nonzero,,,1.49,3.68,0,0,0,0
aten::item,,,1.42,2.19,0,0,0,0
aten::_local_scalar_dense,,,0.77,0.77,0,0,0,0
aten::select,,,4.25,10.35,0,0,0,0
aten::as_strided,,,6.1,6.1,0,0,0,0
aten::slice,,,4.48,8.17,0,0,0,0
aten::as_strided,,,3.69,3.69,0,0,0,0
aten::slice,,,2.57,4.9,0,0,0,0
aten::as_strided,,,2.33,2.33,0,0,0,0
aten::slice,,,2.17,4.31,0,0,0,0
aten::as_strided,,,2.14,2.14,0,0,0,0
aten::copy_,,,67.06,87.03,0,0.54,0,0
aclnnInplaceCopy,,,19.97,19.97,0.54,0.54,0,0
aten::slice,,,5.84,10.0,0,0,0,0
aten::as_strided,,,4.16,4.16,0,0,0,0
aten::fill_,,,15.57,28.48,0,1.20003125,0,0
aclnnInplaceFillScalar,,,12.91,12.91,1.20003125,1.20003125,0,0
aten::slice,,,5.69,9.98,0,0,0,0
aten::as_strided,,,4.29,4.29,0,0,0,0
aten::slice,,,3.17,5.78,0,0,0,0
aten::as_strided,,,2.61,2.61,0,0,0,0
aten::slice,,,2.67,4.83,0,0,0,0
aten::as_strided,,,2.16,2.16,0,0,0,0
aten::copy_,,,53.47,67.03,0,0.64003125,0,0
aclnnInplaceCopy,,,13.56,13.56,0.64003125,0.64003125,0,0
aten::slice,,,5.73,9.8,0,0,0,0
aten::as_strided,,,4.07,4.07,0,0,0,0
aten::slice,,,2.51,4.98,0,0,0,0
aten::as_strided,,,2.47,2.47,0,0,0,0
aten::expand_as,,,1.86,9.3,0,0,0,0
aten::expand,,,4.21,7.44,0,0,0,0
aten::as_strided,,,3.23,3.23,0,0,0,0
aten::copy_,,,47.34,60.96,0,0.58,0,0
aclnnInplaceCopy,,,13.62,13.62,0.58,0.58,0,0
aten::slice,,,5.12,9.52,0,0,0,0
aten::as_strided,,,4.4,4.4,0,0,0,0
aten::slice,,,3.22,6.0,0,0,0,0
aten::as_strided,,,2.78,2.78,0,0,0,0
aten::slice,,,2.36,4.53,0,0,0,0
aten::as_strided,,,2.17,2.17,0,0,0,0
aten::slice,,,2.25,4.53,0,0,0,0
aten::as_strided,,,2.28,2.28,0,0,0,0
aten::copy_,,,45.59,58.29,0,0.60003125,0,0
aclnnInplaceCopy,,,12.7,12.7,0.60003125,0.60003125,0,0
aten::slice,,,5.22,8.76,0,0,0,0
aten::as_strided,,,3.54,3.54,0,0,0,0
aten::slice,,,2.53,4.9,0,0,0,0
aten::as_strided,,,2.37,2.37,0,0,0,0
aten::slice,,,2.04,4.25,0,0,0,0
aten::as_strided,,,2.21,2.21,0,0,0,0
aten::sub,,,16.09,27.6,0,1.46,0,0
aclnnSub,,,11.51,11.51,1.46,1.46,0,0
Event::record,,,155.09,176.86,0,0.02,0,0
record_event,,,21.77,21.77,0.02,0.02,0,0
aten::slice,,,8.88,17.05,0,0,0,0
aten::as_strided,,,8.17,8.17,0,0,0,0
aten::slice,,,3.6,6.74,0,0,0,0
aten::as_strided,,,3.14,3.14,0,0,0,0
aten::slice,,,2.32,4.33,0,0,0,0
aten::as_strided,,,2.01,2.01,0,0,0,0
aten::zero_,,,19.57,35.26,0,1.92003125,0,0
aclnnInplaceZero,,,15.69,15.69,1.92003125,1.92003125,0,0
aten::slice,,,8.5,16.4,0,0,0,0
aten::as_strided,,,7.9,7.9,0,0,0,0
aten::scalar_tensor,,,6.85,56.92,0,1.72,0,0
aten::empty,,,3.43,16.86,0,0,0,0
empty_tensor,,,13.43,13.43,0,0,0,0
aten::fill_,,,16.99,33.21,0,1.72,0,0
aclnnInplaceFillScalar,,,16.22,16.22,1.72,1.72,0,0
aten::slice,,,6.53,12.21,0,0,0,0
aten::as_strided,,,5.68,5.68,0,0,0,0
aten::view,,,3.56,3.56,0,0,0,0
aten::expand,,,2.17,4.72,0,0,0,0
aten::as_strided,,,2.55,2.55,0,0,0,0
aten::copy_,,,23.29,34.79,0,4.14015625,0,0
aclnnInplaceCopy,,,11.5,11.5,4.14015625,4.14015625,0,0
aten::scalar_tensor,,,6.96,63.92,0,1.4400625,0,0
aten::empty,,,2.37,22.21,0,0,0,0
empty_tensor,,,19.84,19.84,0,0,0,0
aten::fill_,,,24.25,34.75,0,1.4400625,0,0
aclnnInplaceFillScalar,,,10.5,10.5,1.4400625,1.4400625,0,0
aten::slice,,,5.15,10.41,0,0,0,0
aten::as_strided,,,5.26,5.26,0,0,0,0
aten::view,,,2.69,2.69,0,0,0,0
aten::expand,,,1.79,3.47,0,0,0,0
aten::as_strided,,,1.68,1.68,0,0,0,0
aten::copy_,,,55.44,77.24,0,0.56,0,0
aclnnInplaceCopy,,,21.8,21.8,0.56,0.56,0,0
aten::index,,,42.88,90.42,0,11.60021875,0,0
empty_tensor,,,8.06,8.06,0,0,0,0
empty_tensor,,,24.96,24.96,0,0,0,0
aclnnIndex,,,14.52,14.52,11.60021875,11.60021875,0,0
aten::linear,,,6.13,68.88,0,909.3581875,0,909.3581875
aten::t,,,6.27,16.29,0,0,0,0
aten::transpose,,,3.51,10.02,0,0,0,0
aten::as_strided,,,6.51,6.51,0,0,0,0
aten::matmul,,,24.42,46.46,0,909.3581875,0,909.3581875
empty_tensor,,,8.53,8.53,0,0,0,0
aclnnMatmul,,,13.51,13.51,909.3581875,909.3581875,909.3581875,909.3581875
aten::alias,,,3.0,3.0,0,0,0,0
aten::log_softmax,,,8.25,118.35,0,53.561062500000006,0,0
aten::to,,,3.35,71.63,0,8.46015625,0,0
aten::_to_copy,,,7.18,68.28,0,8.46015625,0,0
aten::empty_strided,,,14.03,21.38,0,0,0,0
empty_tensor,,,7.35,7.35,0,0,0,0
aten::copy_,,,23.53,39.72,0,8.46015625,0,0
aclnnInplaceCopy,,,16.19,16.19,8.46015625,8.46015625,0,0
aten::_log_softmax,,,19.08,38.47,0,45.10090625,0,0
empty_tensor,,,8.55,8.55,0,0,0,0
aclnnLogSoftmax,,,10.84,10.84,45.10090625,45.10090625,0,0
aten::to,,,1.75,45.88,0,3.0000625,0,0
aten::_to_copy,,,5.08,44.13,0,3.0000625,0,0
aten::empty_strided,,,8.39,13.01,0,0,0,0
empty_tensor,,,4.62,4.62,0,0,0,0
aten::copy_,,,15.18,26.04,0,3.0000625,0,0
aclnnInplaceCopy,,,10.86,10.86,3.0000625,3.0000625,0,0
aten::argmax,,,8.08,60.95,0,21.18040625,0,0
aten::empty,,,2.62,10.94,0,0,0,0
empty_tensor,,,8.32,8.32,0,0,0,0
aten::argmax,,,23.34,41.93,0,21.18040625,0,0
aten::reshape,,,2.99,8.17,0,0,0,0
aten::view,,,5.18,5.18,0,0,0,0
aclnnArgMax,,,10.42,10.42,21.18040625,21.18040625,0,0
aten::view,,,3.82,3.82,0,0,0,0
aten::to,,,1.36,1.36,0,0,0,0
aten::topk,,,22.08,44.57,0,41.2608125,0,0
empty_tensor,,,6.9,6.9,0,0,0,0
empty_tensor,,,4.29,4.29,0,0,0,0
aclnnTopk,,,11.3,11.3,41.2608125,41.2608125,0,0
aten::unsqueeze,,,3.6,8.45,0,0,0,0
aten::as_strided,,,4.85,4.85,0,0,0,0
aten::gather,,,31.42,48.62,0,6.180125,0,0
empty_tensor,,,6.69,6.69,0,0,0,0
aclnnGather,,,10.51,10.51,6.180125,6.180125,0,0
TorchDynamo Cache Lookup,,,44.01,44.01,0,0,0,0
Torch-Compiled Region: 0/0,,,127.37,223.41,0,40.96084375,0,0
aten::_assert_scalar,,,3.45,3.45,0,0,0,0
aten::_assert_scalar,,,0.99,0.99,0,0,0,0
aten::_assert_scalar,,,1.16,1.16,0,0,0,0
aten::ge,,,21.21,49.23,0,12.68025,0,0
empty_tensor,,,12.63,12.63,0,0,0,0
aclnnGeTensor,,,15.39,15.39,12.68025,12.68025,0,0
aten::sum,,,22.48,41.21,0,28.28059375,0,0
empty_tensor,,,7.89,7.89,0,0,0,0
aclnnReduceSum,,,10.84,10.84,28.28059375,28.28059375,0,0
aten::cat,,,20.02,39.32,0,3.0400625,0,0
empty_tensor,,,7.79,7.79,0,0,0,0
aclnnCat,,,11.51,11.51,3.0400625,3.0400625,0,0
aten::cat,,,12.42,29.7,0,2.6200625,0,0
empty_tensor,,,6.6,6.6,0,0,0,0
aclnnCat,,,10.68,10.68,2.6200625,2.6200625,0,0
aten::to,,,1.92,45.53,0,1.34,0,0
aten::_to_copy,,,6.37,43.61,0,1.34,0,0
aten::empty_strided,,,7.23,11.64,0,0,0,0
empty_tensor,,,4.41,4.41,0,0,0,0
aten::copy_,,,15.43,25.6,0,1.34,0,0
aclnnInplaceCopy,,,10.17,10.17,1.34,1.34,0,0
aten::to,,,1.53,41.75,0,1.32003125,0,0
aten::_to_copy,,,4.55,40.22,0,1.32003125,0,0
aten::empty_strided,,,6.6,11.8,0,0,0,0
empty_tensor,,,5.2,5.2,0,0,0,0
aten::copy_,,,13.06,23.87,0,1.32003125,0,0
aclnnInplaceCopy,,,10.81,10.81,1.32003125,1.32003125,0,0
aten::unsqueeze,,,3.05,7.81,0,0,0,0
aten::as_strided,,,4.76,4.76,0,0,0,0
Event::record,,,139.74,158.64,0,0.02,0,0
record_event,,,18.9,18.9,0.02,0.02,0,0
aten::slice,,,5.04,14.81,0,0,0,0
aten::as_strided,,,9.77,9.77,0,0,0,0
Event::wait,,,78.46,148.9,0,2373.3074375,0,0
wait_event,,,70.44,70.44,2373.3074375,2373.3074375,0,0
Event::record,,,90.03,109.74,0,0.02,0,0
record_event,,,19.71,19.71,0.02,0.02,0,0
Event::wait,,,55.26,71.16,0,1984.53965625,0,0
wait_event,,,15.9,15.9,1984.53965625,1984.53965625,0,0
destroy_event,,,10.75,10.75,0,0,0,0
aten::to,,,4.56,71.84,0,2.08003125,0,0
aten::_to_copy,,,6.96,67.28,0,2.08003125,0,0
aten::empty_strided,,,28.81,28.81,0,0,0,0
aten::copy_,,,19.51,31.51,0,2.08003125,0,0
acl_memcpy_device_to_host,,,12.0,12.0,2.08003125,2.08003125,0,0
aten::to,,,2.57,38.96,0,2.02003125,0,0
aten::_to_copy,,,5.07,36.39,0,2.02003125,0,0
aten::empty_strided,,,4.03,4.03,0,0,0,0
aten::copy_,,,15.89,27.29,0,2.02003125,0,0
acl_memcpy_device_to_host,,,11.4,11.4,2.02003125,2.02003125,0,0
aten::to,,,2.44,32.68,0,2.0000625,0,0
aten::_to_copy,,,3.93,30.24,0,2.0000625,0,0
aten::empty_strided,,,3.62,3.62,0,0,0,0
aten::copy_,,,11.47,22.69,0,2.0000625,0,0
acl_memcpy_device_to_host,,,11.22,11.22,2.0000625,2.0000625,0,0
aten::to,,,1.91,29.32,0,1.90003125,0,0
aten::_to_copy,,,4.26,27.41,0,1.90003125,0,0
aten::empty_strided,,,2.61,2.61,0,0,0,0
aten::copy_,,,10.57,20.54,0,1.90003125,0,0
acl_memcpy_device_to_host,,,9.97,9.97,1.90003125,1.90003125,0,0
Event::record,,,149.14,165.99,0,0.02,0,0
record_event,,,16.85,16.85,0.02,0.02,0,0
Event::synchronize,,,89.1,89.1,0,0,0,0
aten::resolve_conj,,,2.13,2.13,0,0,0,0
aten::resolve_neg,,,1.41,1.41,0,0,0,0
aten::to,,,3.0,3.0,0,0,0,0
aten::detach,,,3.73,3.73,0,0,0,0
aten::to,,,0.55,0.55,0,0,0,0
aten::resolve_conj,,,0.33,0.33,0,0,0,0
aten::resolve_neg,,,0.29,0.29,0,0,0,0
aten::to,,,1.27,1.27,0,0,0,0
aten::detach,,,1.87,1.87,0,0,0,0
aten::to,,,4.08,4.08,0,0,0,0
aten::resolve_conj,,,0.5,0.5,0,0,0,0
aten::resolve_neg,,,0.51,0.51,0,0,0,0
aten::to,,,1.87,1.87,0,0,0,0
aten::detach,,,1.44,1.44,0,0,0,0
aten::to,,,0.86,0.86,0,0,0,0
aten::resolve_conj,,,0.47,0.47,0,0,0,0
aten::resolve_neg,,,0.44,0.44,0,0,0,0
destroy_event,,,24.1,24.1,0,0,0,0
record_event,,,8.53,8.53,0.0,0.0,0,0
Event::synchronize,,,160.42,160.42,0,0,0,0
aten::slice,,,15.71,21.06,0,0,0,0
aten::as_strided,,,5.35,5.35,0,0,0,0
aten::slice,,,3.78,12.73,0,0,0,0
aten::as_strided,,,8.95,8.95,0,0,0,0
aten::pin_memory,,,116.04,135.87,0,0,0,0
aten::is_pinned,,,19.83,19.83,0,0,0,0
aten::copy_,,,23.6,42.12,0,2.4200625,0,0
acl_memcpy_host_to_device,,,18.52,18.52,2.4200625,2.4200625,0,0
aten::slice,,,7.43,10.79,0,0,0,0
aten::as_strided,,,3.36,3.36,0,0,0,0
aten::slice,,,3.11,8.37,0,0,0,0
aten::as_strided,,,5.26,5.26,0,0,0,0
aten::pin_memory,,,3.69,13.37,0,0,0,0
aten::is_pinned,,,9.68,9.68,0,0,0,0
aten::copy_,,,15.11,29.19,0,2.3400625,0,0
acl_memcpy_host_to_device,,,14.08,14.08,2.3400625,2.3400625,0,0
aten::slice,,,5.53,7.89,0,0,0,0
aten::as_strided,,,2.36,2.36,0,0,0,0
aten::slice,,,3.07,7.15,0,0,0,0
aten::as_strided,,,4.08,4.08,0,0,0,0
aten::pin_memory,,,3.17,10.47,0,0,0,0
aten::is_pinned,,,7.3,7.3,0,0,0,0
aten::copy_,,,13.32,26.58,0,2.20003125,0,0
acl_memcpy_host_to_device,,,13.26,13.26,2.20003125,2.20003125,0,0
aten::slice,,,4.41,7.05,0,0,0,0
aten::as_strided,,,2.64,2.64,0,0,0,0
aten::slice,,,2.75,6.54,0,0,0,0
aten::as_strided,,,3.79,3.79,0,0,0,0
aten::pin_memory,,,2.8,9.84,0,0,0,0
aten::is_pinned,,,7.04,7.04,0,0,0,0
aten::copy_,,,13.53,25.38,0,2.48003125,0,0
acl_memcpy_host_to_device,,,11.85,11.85,2.48003125,2.48003125,0,0
aten::slice,,,5.46,7.43,0,0,0,0
aten::as_strided,,,1.97,1.97,0,0,0,0
aten::slice,,,2.65,6.22,0,0,0,0
aten::as_strided,,,3.57,3.57,0,0,0,0
aten::pin_memory,,,2.91,10.11,0,0,0,0
aten::is_pinned,,,7.2,7.2,0,0,0,0
aten::copy_,,,12.94,24.71,0,2.4600625,0,0
acl_memcpy_host_to_device,,,11.77,11.77,2.4600625,2.4600625,0,0
aten::slice,,,10.52,15.25,0,0,0,0
aten::as_strided,,,4.73,4.73,0,0,0,0
aten::slice,,,3.52,10.68,0,0,0,0
aten::as_strided,,,7.16,7.16,0,0,0,0
aten::pin_memory,,,3.68,19.63,0,0,0,0
aten::is_pinned,,,15.95,15.95,0,0,0,0
aten::copy_,,,19.2,38.86,0,2.38003125,0,0
acl_memcpy_host_to_device,,,19.66,19.66,2.38003125,2.38003125,0,0
aten::slice,,,5.44,9.43,0,0,0,0
aten::as_strided,,,3.99,3.99,0,0,0,0
aten::lift_fresh,,,1.45,1.45,0,0,0,0
aten::lift_fresh,,,1.72,1.72,0,0,0,0
aten::flatten,,,4.11,11.68,0,0,0,0
aten::view,,,7.57,7.57,0,0,0,0
aten::slice,,,3.53,5.38,0,0,0,0
aten::as_strided,,,1.85,1.85,0,0,0,0
aten::index_select,,,7.75,7.75,0,0,0,0
aten::pin_memory,,,3.88,17.44,0,0,0,0
aten::is_pinned,,,13.56,13.56,0,0,0,0
aten::copy_,,,16.91,33.84,0,2.38003125,0,0
acl_memcpy_host_to_device,,,16.93,16.93,2.38003125,2.38003125,0,0
aten::pin_memory,,,3.63,11.38,0,0,0,0
aten::is_pinned,,,7.75,7.75,0,0,0,0
aten::copy_,,,14.38,28.02,0,2.3600625,0,0
acl_memcpy_host_to_device,,,13.64,13.64,2.3600625,2.3600625,0,0
aten::slice,,,6.44,9.53,0,0,0,0
aten::as_strided,,,3.09,3.09,0,0,0,0
aten::lift_fresh,,,1.04,1.04,0,0,0,0
aten::slice,,,2.74,3.87,0,0,0,0
aten::as_strided,,,1.13,1.13,0,0,0,0
aten::add,,,14.62,14.62,0,0,0,0
aten::slice,,,3.61,4.71,0,0,0,0
aten::as_strided,,,1.1,1.1,0,0,0,0
aten::fill_,,,2.38,2.38,0,0,0,0
aten::slice,,,2.96,8.24,0,0,0,0
aten::as_strided,,,5.28,5.28,0,0,0,0
aten::fill_,,,22.22,36.53,0,1.72003125,0,0
aclnnInplaceFillScalar,,,14.31,14.31,1.72003125,1.72003125,0,0
aten::slice,,,6.62,13.38,0,0,0,0
aten::as_strided,,,6.76,6.76,0,0,0,0
aten::select,,,4.54,7.48,0,0,0,0
aten::as_strided,,,2.94,2.94,0,0,0,0
aten::copy_,,,72.9,90.54,0,0.58003125,0,0
aclnnInplaceCopy,,,17.64,17.64,0.58003125,0.58003125,0,0
aten::slice,,,7.68,10.05,0,0,0,0
aten::as_strided,,,2.37,2.37,0,0,0,0
aten::detach,,,3.15,3.15,0,0,0,0
aten::to,,,1.56,1.56,0,0,0,0
aten::resolve_conj,,,0.99,0.99,0,0,0,0
aten::resolve_neg,,,0.55,0.55,0,0,0,0
aten::slice,,,4.95,7.64,0,0,0,0
aten::as_strided,,,2.69,2.69,0,0,0,0
aten::slice,,,2.88,8.51,0,0,0,0
aten::as_strided,,,5.63,5.63,0,0,0,0
aten::pin_memory,,,4.05,19.12,0,0,0,0
aten::is_pinned,,,15.07,15.07,0,0,0,0
aten::copy_,,,3.55,3.55,0,0,0,0
aten::slice,,,5.43,7.43,0,0,0,0
aten::as_strided,,,2.0,2.0,0,0,0,0
aten::slice,,,3.15,6.31,0,0,0,0
aten::as_strided,,,3.16,3.16,0,0,0,0
aten::pin_memory,,,2.67,11.38,0,0,0,0
aten::is_pinned,,,8.71,8.71,0,0,0,0
aten::copy_,,,16.01,33.16,0,2.4400625,0,0
acl_memcpy_host_to_device,,,17.15,17.15,2.4400625,2.4400625,0,0
aten::fill_,,,21.09,35.51,0,1.46003125,0,0
aclnnInplaceFillScalar,,,14.42,14.42,1.46003125,1.46003125,0,0
aten::slice,,,6.41,10.27,0,0,0,0
aten::as_strided,,,3.86,3.86,0,0,0,0
aten::slice,,,3.17,5.05,0,0,0,0
aten::as_strided,,,1.88,1.88,0,0,0,0
aten::copy_,,,17.96,29.59,0,2.42003125,0,0
acl_memcpy_host_to_device,,,11.63,11.63,2.42003125,2.42003125,0,0
aten::slice,,,5.14,6.67,0,0,0,0
aten::as_strided,,,1.53,1.53,0,0,0,0
aten::slice,,,2.92,6.97,0,0,0,0
aten::as_strided,,,4.05,4.05,0,0,0,0
aten::pin_memory,,,3.85,12.45,0,0,0,0
aten::is_pinned,,,8.6,8.6,0,0,0,0
aten::copy_,,,13.75,25.87,0,2.3600625,0,0
acl_memcpy_host_to_device,,,12.12,12.12,2.3600625,2.3600625,0,0
aten::slice,,,5.76,10.34,0,0,0,0
aten::as_strided,,,4.58,4.58,0,0,0,0
aten::slice,,,2.84,4.61,0,0,0,0
aten::as_strided,,,1.77,1.77,0,0,0,0
aten::slice,,,2.29,4.83,0,0,0,0
aten::as_strided,,,2.54,2.54,0,0,0,0
aten::pin_memory,,,3.38,11.19,0,0,0,0
aten::is_pinned,,,7.81,7.81,0,0,0,0
aten::copy_,,,13.12,24.79,0,2.3600625,0,0
acl_memcpy_host_to_device,,,11.67,11.67,2.3600625,2.3600625,0,0
aten::slice,,,4.58,6.42,0,0,0,0
aten::as_strided,,,1.84,1.84,0,0,0,0
aten::slice,,,2.94,6.45,0,0,0,0
aten::as_strided,,,3.51,3.51,0,0,0,0
aten::pin_memory,,,3.15,10.68,0,0,0,0
aten::is_pinned,,,7.53,7.53,0,0,0,0
aten::copy_,,,12.45,24.21,0,2.5000625,0,0
acl_memcpy_host_to_device,,,11.76,11.76,2.5000625,2.5000625,0,0
aten::slice,,,4.12,8.48,0,0,0,0
aten::as_strided,,,4.36,4.36,0,0,0,0
aten::index,,,39.05,69.9,0,10.76021875,0,0
empty_tensor,,,6.6,6.6,0,0,0,0
empty_tensor,,,10.02,10.02,0,0,0,0
aclnnIndex,,,14.23,14.23,10.76021875,10.76021875,0,0
aten::to,,,2.17,61.11,0,1.2,0,0
aten::_to_copy,,,6.09,58.94,0,1.2,0,0
aten::empty_strided,,,9.2,14.04,0,0,0,0
empty_tensor,,,4.84,4.84,0,0,0,0
aten::copy_,,,17.41,38.81,0,1.2,0,0
aclnnInplaceCopy,,,21.4,21.4,1.2,1.2,0,0
aten::slice,,,6.4,10.88,0,0,0,0
aten::as_strided,,,4.48,4.48,0,0,0,0
aten::add,,,20.5,53.08,0,2.52003125,0,0
empty_tensor,,,6.5,6.5,0,0,0,0
aclnnAdd,,,26.08,26.08,2.52003125,2.52003125,0,0
aten::slice,,,5.1,9.79,0,0,0,0
aten::as_strided,,,4.69,4.69,0,0,0,0
aten::copy_,,,58.81,79.63,0,0.62,0,0
aclnnInplaceCopy,,,20.82,20.82,0.62,0.62,0,0
aten::slice,,,7.91,12.07,0,0,0,0
aten::as_strided,,,4.16,4.16,0,0,0,0
aten::add,,,19.45,47.97,0,1.56,0,0
empty_tensor,,,8.58,8.58,0,0,0,0
aclnnAdd,,,19.94,19.94,1.56,1.56,0,0
aten::slice,,,5.97,10.1,0,0,0,0
aten::as_strided,,,4.13,4.13,0,0,0,0
aten::copy_,,,50.93,65.61,0,0.6,0,0
aclnnInplaceCopy,,,14.68,14.68,0.6,0.6,0,0
aten::slice,,,6.19,10.4,0,0,0,0
aten::as_strided,,,4.21,4.21,0,0,0,0
aten::fill_,,,18.74,32.25,0,1.34003125,0,0
aclnnInplaceFillScalar,,,13.51,13.51,1.34003125,1.34003125,0,0
aten::slice,,,6.41,10.34,0,0,0,0
aten::as_strided,,,3.93,3.93,0,0,0,0
aten::slice,,,2.68,6.65,0,0,0,0
aten::as_strided,,,3.97,3.97,0,0,0,0
compute_slot_mapping_fused_groups_adaptive_kernel,,,26.96,26.96,5.04009375,5.04009375,0,0
aten::slice,,,24.28,33.21,0,0,0,0
aten::as_strided,,,8.93,8.93,0,0,0,0
aten::sub,,,28.23,59.75,0,1.48003125,0,0
empty_tensor,,,11.49,11.49,0,0,0,0
aten::item,,,2.92,5.0,0,0,0,0
aten::_local_scalar_dense,,,2.08,2.08,0,0,0,0
aclnnSubs,,,15.03,15.03,1.48003125,1.48003125,0,0
aten::pin_memory,,,6.64,26.42,0,0,0,0
aten::is_pinned,,,19.78,19.78,0,0,0,0
aten::copy_,,,20.18,36.58,0,2.3800625,0,0
acl_memcpy_host_to_device,,,16.4,16.4,2.3800625,2.3800625,0,0
aten::detach,,,4.2,4.2,0,0,0,0
aten::to,,,1.88,1.88,0,0,0,0
aten::resolve_conj,,,0.62,0.62,0,0,0,0
aten::resolve_neg,,,1.51,1.51,0,0,0,0
aten::slice,,,7.98,15.61,0,0,0,0
aten::as_strided,,,7.63,7.63,0,0,0,0
aten::slice,,,3.11,6.09,0,0,0,0
aten::as_strided,,,2.98,2.98,0,0,0,0
aten::slice,,,3.08,5.51,0,0,0,0
aten::as_strided,,,2.43,2.43,0,0,0,0
aten::fill_,,,20.71,38.69,0,1.24003125,0,0
aclnnInplaceFillScalar,,,17.98,17.98,1.24003125,1.24003125,0,0
aten::slice,,,5.1,8.92,0,0,0,0
aten::as_strided,,,3.82,3.82,0,0,0,0
aten::fill_,,,14.04,25.87,0,1.44003125,0,0
aclnnInplaceFillScalar,,,11.83,11.83,1.44003125,1.44003125,0,0
aten::slice,,,4.41,6.77,0,0,0,0
aten::as_strided,,,2.36,2.36,0,0,0,0
aten::slice,,,2.53,4.12,0,0,0,0
aten::as_strided,,,1.59,1.59,0,0,0,0
aten::lt,,,14.48,14.48,0,0,0,0
aten::lift_fresh,,,1.15,1.15,0,0,0,0
aten::slice,,,1.21,2.4,0,0,0,0
aten::as_strided,,,1.19,1.19,0,0,0,0
aten::fill_,,,2.45,11.18,0,0,0,0
aten::copy_,,,8.73,8.73,0,0,0,0
aten::slice,,,3.47,5.44,0,0,0,0
aten::as_strided,,,1.97,1.97,0,0,0,0
aten::slice,,,2.75,6.98,0,0,0,0
aten::as_strided,,,4.23,4.23,0,0,0,0
aten::slice,,,2.6,4.31,0,0,0,0
aten::as_strided,,,1.71,1.71,0,0,0,0
aten::slice,,,3.01,5.31,0,0,0,0
aten::as_strided,,,2.3,2.3,0,0,0,0
aten::slice,,,1.99,3.18,0,0,0,0
aten::as_strided,,,1.19,1.19,0,0,0,0
aten::slice,,,1.91,2.95,0,0,0,0
aten::as_strided,,,1.04,1.04,0,0,0,0
aten::slice,,,2.41,4.93,0,0,0,0
aten::as_strided,,,2.52,2.52,0,0,0,0
aten::slice,,,2.23,4.0,0,0,0,0
aten::as_strided,,,1.77,1.77,0,0,0,0
aten::slice,,,2.45,4.78,0,0,0,0
aten::as_strided,,,2.33,2.33,0,0,0,0
aten::slice,,,5.56,11.91,0,0,0,0
aten::as_strided,,,6.35,6.35,0,0,0,0
aten::slice,,,2.94,6.33,0,0,0,0
aten::as_strided,,,3.39,3.39,0,0,0,0
aten::slice,,,3.13,5.22,0,0,0,0
aten::as_strided,,,2.09,2.09,0,0,0,0
aten::to,,,1.41,1.41,0,0,0,0
aten::slice,,,2.89,5.43,0,0,0,0
aten::as_strided,,,2.54,2.54,0,0,0,0
aten::slice,,,2.2,4.11,0,0,0,0
aten::as_strided,,,1.91,1.91,0,0,0,0
aten::slice,,,1.97,3.16,0,0,0,0
aten::as_strided,,,1.19,1.19,0,0,0,0
aten::slice,,,2.82,6.42,0,0,0,0
aten::as_strided,,,3.6,3.6,0,0,0,0
aten::alias,,,3.6,3.6,0,0,0,0
aten::alias,,,3.63,3.63,0,0,0,0
aten::div,,,39.05,61.98,0,9.2401875,0,0
aten::item,,,2.27,3.84,0,0,0,0
aten::_local_scalar_dense,,,1.57,1.57,0,0,0,0
aclnnDivMods,,,19.09,19.09,9.2401875,9.2401875,0,0
aten::slice,,,2.96,8.18,0,0,0,0
aten::as_strided,,,5.22,5.22,0,0,0,0
aten::slice,,,5.23,8.52,0,0,0,0
aten::as_strided,,,3.29,3.29,0,0,0,0
aten::copy_,,,66.89,83.35,0,0.6,0,0
aclnnInplaceCopy,,,16.46,16.46,0.6,0.6,0,0
aten::slice,,,2.82,6.74,0,0,0,0
aten::as_strided,,,3.92,3.92,0,0,0,0
aten::slice,,,4.18,6.92,0,0,0,0
aten::as_strided,,,2.74,2.74,0,0,0,0
aten::ge,,,23.69,48.14,0,4.18009375,0,0
empty_tensor,,,10.96,10.96,0,0,0,0
aclnnGeScalar,,,13.49,13.49,4.18009375,4.18009375,0,0
aten::add,,,19.87,40.86,0,2.8200625,0,0
empty_tensor,,,6.56,6.56,0,0,0,0
aten::item,,,1.83,3.3,0,0,0,0
aten::_local_scalar_dense,,,1.47,1.47,0,0,0,0
aclnnAdds,,,11.13,11.13,2.8200625,2.8200625,0,0
aten::remainder,,,25.68,42.87,0,3.3600625,0,0
empty_tensor,,,6.47,6.47,0,0,0,0
aclnnRemainderTensorScalar,,,10.72,10.72,3.3600625,3.3600625,0,0
aten::eq,,,13.34,30.32,0,2.22003125,0,0
empty_tensor,,,5.88,5.88,0,0,0,0
aclnnEqScalar,,,11.1,11.1,2.22003125,2.22003125,0,0
aten::__and__,,,2.92,41.57,0,1.66003125,0,0
aten::bitwise_and,,,18.24,38.65,0,1.66003125,0,0
empty_tensor,,,6.83,6.83,0,0,0,0
aclnnBitwiseAndTensor,,,13.58,13.58,1.66003125,1.66003125,0,0
aten::clamp_min,,,12.6,27.38,0,3.1800625,0,0
empty_tensor,,,6.24,6.24,0,0,0,0
aclnnClampMin,,,8.54,8.54,3.1800625,3.1800625,0,0
aten::div,,,23.44,43.51,0,4.40009375,0,0
empty_tensor,,,6.55,6.55,0,0,0,0
aten::item,,,2.08,3.57,0,0,0,0
aten::_local_scalar_dense,,,1.49,1.49,0,0,0,0
aclnnDivMods,,,9.95,9.95,4.40009375,4.40009375,0,0
aten::remainder,,,18.86,34.01,0,5.22009375,0,0
empty_tensor,,,6.15,6.15,0,0,0,0
aclnnRemainderTensorScalar,,,9.0,9.0,5.22009375,5.22009375,0,0
aten::mul,,,17.72,37.02,0,1.46003125,0,0
empty_tensor,,,5.89,5.89,0,0,0,0
aten::item,,,1.9,2.8,0,0,0,0
aten::_local_scalar_dense,,,0.9,0.9,0,0,0,0
aclnnMuls,,,10.61,10.61,1.46003125,1.46003125,0,0
aten::div,,,22.33,41.15,0,4.0800625,0,0
empty_tensor,,,6.35,6.35,0,0,0,0
aten::item,,,1.36,3.19,0,0,0,0
aten::_local_scalar_dense,,,1.83,1.83,0,0,0,0
aclnnDivMods,,,9.28,9.28,4.0800625,4.0800625,0,0
aten::add,,,14.15,25.71,0,1.28,0,0
empty_tensor,,,5.15,5.15,0,0,0,0
aclnnAdd,,,6.41,6.41,1.28,1.28,0,0
aten::full_like,,,5.08,45.35,0,1.12003125,0,0
aten::empty_like,,,6.46,18.48,0,0,0,0
aten::empty_strided,,,7.18,12.02,0,0,0,0
empty_tensor,,,4.84,4.84,0,0,0,0
aten::fill_,,,10.18,21.79,0,1.12003125,0,0
aclnnInplaceFillScalar,,,11.61,11.61,1.12003125,1.12003125,0,0
aten::where,,,14.35,30.93,0,1.9000625,0,0
empty_tensor,,,5.77,5.77,0,0,0,0
aclnnSWhere,,,10.81,10.81,1.9000625,1.9000625,0,0
aten::copy_,,,15.86,26.02,0,1.14003125,0,0
aclnnInplaceCopy,,,10.16,10.16,1.14003125,1.14003125,0,0
aten::slice,,,3.91,8.58,0,0,0,0
aten::as_strided,,,4.67,4.67,0,0,0,0
aten::slice,,,5.95,9.31,0,0,0,0
aten::as_strided,,,3.36,3.36,0,0,0,0
aten::div,,,23.92,39.01,0,4.48009375,0,0
aten::item,,,2.21,3.65,0,0,0,0
aten::_local_scalar_dense,,,1.44,1.44,0,0,0,0
aclnnDivMods,,,11.44,11.44,4.48009375,4.48009375,0,0
aten::slice,,,2.55,5.89,0,0,0,0
aten::as_strided,,,3.34,3.34,0,0,0,0
aten::slice,,,4.32,7.16,0,0,0,0
aten::as_strided,,,2.84,2.84,0,0,0,0
aten::slice,,,2.47,5.39,0,0,0,0
aten::as_strided,,,2.92,2.92,0,0,0,0
aten::copy_,,,59.74,72.74,0,0.66,0,0
aclnnInplaceCopy,,,13.0,13.0,0.66,0.66,0,0
aten::slice,,,3.35,7.21,0,0,0,0
aten::as_strided,,,3.86,3.86,0,0,0,0
aten::slice,,,4.57,7.46,0,0,0,0
aten::as_strided,,,2.89,2.89,0,0,0,0
aten::copy_,,,46.11,59.47,0,0.62,0,0
aclnnInplaceCopy,,,13.36,13.36,0.62,0.62,0,0
aten::slice,,,5.27,7.97,0,0,0,0
aten::as_strided,,,2.7,2.7,0,0,0,0
aten::div,,,14.51,32.09,0,0,0,0
aten::to,,,1.7,17.58,0,0,0,0
aten::_to_copy,,,5.19,15.88,0,0,0,0
aten::empty_strided,,,3.17,3.17,0,0,0,0
aten::copy_,,,7.52,7.52,0,0,0,0
aten::slice,,,4.16,8.99,0,0,0,0
aten::as_strided,,,4.83,4.83,0,0,0,0
aten::slice,,,5.38,11.0,0,0,0,0
aten::as_strided,,,5.62,5.62,0,0,0,0
aten::slice,,,2.98,6.36,0,0,0,0
aten::as_strided,,,3.38,3.38,0,0,0,0
aten::slice,,,2.06,4.59,0,0,0,0
aten::as_strided,,,2.53,2.53,0,0,0,0
aten::fill_,,,17.77,33.4,0,1.36003125,0,0
aclnnInplaceFillScalar,,,15.63,15.63,1.36003125,1.36003125,0,0
aten::slice,,,4.94,8.52,0,0,0,0
aten::as_strided,,,3.58,3.58,0,0,0,0
aten::fill_,,,12.64,23.78,0,1.00003125,0,0
aclnnInplaceFillScalar,,,11.14,11.14,1.00003125,1.00003125,0,0
aten::slice,,,4.71,8.96,0,0,0,0
aten::as_strided,,,4.25,4.25,0,0,0,0
aten::slice,,,3.12,6.05,0,0,0,0
aten::as_strided,,,2.93,2.93,0,0,0,0
aten::slice,,,5.71,8.69,0,0,0,0
aten::as_strided,,,2.98,2.98,0,0,0,0
aten::slice,,,2.96,7.22,0,0,0,0
aten::as_strided,,,4.26,4.26,0,0,0,0
aten::slice,,,2.79,5.56,0,0,0,0
aten::as_strided,,,2.77,2.77,0,0,0,0
aten::slice,,,2.54,5.2,0,0,0,0
aten::as_strided,,,2.66,2.66,0,0,0,0
aten::slice,,,2.34,4.3,0,0,0,0
aten::as_strided,,,1.96,1.96,0,0,0,0
aten::fill_,,,14.74,27.73,0,1.16003125,0,0
aclnnInplaceFillScalar,,,12.99,12.99,1.16003125,1.16003125,0,0
aten::slice,,,4.03,7.66,0,0,0,0
aten::as_strided,,,3.63,3.63,0,0,0,0
aten::fill_,,,11.16,23.43,0,1.28003125,0,0
aclnnInplaceFillScalar,,,12.27,12.27,1.28003125,1.28003125,0,0
aten::slice,,,4.76,9.2,0,0,0,0
aten::as_strided,,,4.44,4.44,0,0,0,0
aten::slice,,,3.08,5.04,0,0,0,0
aten::as_strided,,,1.96,1.96,0,0,0,0
aten::slice,,,2.79,5.99,0,0,0,0
aten::as_strided,,,3.2,3.2,0,0,0,0
aten::slice,,,2.64,3.79,0,0,0,0
aten::as_strided,,,1.15,1.15,0,0,0,0
aten::slice,,,2.2,3.22,0,0,0,0
aten::as_strided,,,1.02,1.02,0,0,0,0
aten::slice,,,2.5,3.61,0,0,0,0
aten::as_strided,,,1.11,1.11,0,0,0,0
aten::slice,,,2.14,3.24,0,0,0,0
aten::as_strided,,,1.1,1.1,0,0,0,0
aten::slice,,,1.39,2.32,0,0,0,0
aten::as_strided,,,0.93,0.93,0,0,0,0
aten::diff,,,8.24,35.01,0,0,0,0
aten::narrow,,,5.78,9.62,0,0,0,0
aten::slice,,,2.08,3.84,0,0,0,0
aten::as_strided,,,1.76,1.76,0,0,0,0
aten::narrow,,,2.03,3.95,0,0,0,0
aten::slice,,,1.06,1.92,0,0,0,0
aten::as_strided,,,0.86,0.86,0,0,0,0
aten::sub,,,13.2,13.2,0,0,0,0
aten::eq,,,13.01,27.91,0,0,0,0
aten::to,,,1.61,14.9,0,0,0,0
aten::_to_copy,,,4.5,13.29,0,0,0,0
aten::empty_strided,,,3.08,3.08,0,0,0,0
aten::copy_,,,5.71,5.71,0,0,0,0
aten::__and__,,,2.15,7.25,0,0,0,0
aten::bitwise_and,,,5.1,5.1,0,0,0,0
aten::gt,,,8.2,16.31,0,0,0,0
aten::to,,,1.07,8.11,0,0,0,0
aten::_to_copy,,,2.4,7.04,0,0,0,0
aten::empty_strided,,,1.63,1.63,0,0,0,0
aten::copy_,,,3.01,3.01,0,0,0,0
aten::__and__,,,1.17,4.36,0,0,0,0
aten::bitwise_and,,,3.19,3.19,0,0,0,0
aten::any,,,10.55,12.98,0,0,0,0
aten::as_strided,,,1.28,1.28,0,0,0,0
aten::fill_,,,1.15,1.15,0,0,0,0
aten::item,,,1.67,2.89,0,0,0,0
aten::_local_scalar_dense,,,1.22,1.22,0,0,0,0
aten::slice,,,4.13,5.49,0,0,0,0
aten::as_strided,,,1.36,1.36,0,0,0,0
aten::slice,,,1.9,2.76,0,0,0,0
aten::as_strided,,,0.86,0.86,0,0,0,0
aten::sub,,,4.71,4.71,0,0,0,0
aten::select,,,3.15,4.44,0,0,0,0
aten::as_strided,,,1.29,1.29,0,0,0,0
aten::item,,,1.25,2.12,0,0,0,0
aten::_local_scalar_dense,,,0.87,0.87,0,0,0,0
aten::gt,,,7.2,15.78,0,0,0,0
aten::to,,,1.03,8.58,0,0,0,0
aten::_to_copy,,,2.72,7.55,0,0,0,0
aten::empty_strided,,,1.83,1.83,0,0,0,0
aten::copy_,,,3.0,3.0,0,0,0,0
aten::__ior__,,,1.99,6.69,0,0,0,0
aten::bitwise_or_,,,4.7,4.7,0,0,0,0
aten::any,,,7.0,8.85,0,0,0,0
aten::as_strided,,,1.16,1.16,0,0,0,0
aten::fill_,,,0.69,0.69,0,0,0,0
aten::is_nonzero,,,1.74,3.82,0,0,0,0
aten::item,,,1.15,2.08,0,0,0,0
aten::_local_scalar_dense,,,0.93,0.93,0,0,0,0
aten::select,,,4.84,11.07,0,0,0,0
aten::as_strided,,,6.23,6.23,0,0,0,0
aten::slice,,,4.53,8.62,0,0,0,0
aten::as_strided,,,4.09,4.09,0,0,0,0
aten::slice,,,2.46,4.86,0,0,0,0
aten::as_strided,,,2.4,2.4,0,0,0,0
aten::slice,,,2.34,4.68,0,0,0,0
aten::as_strided,,,2.34,2.34,0,0,0,0
aten::copy_,,,69.82,88.27,0,0.56003125,0,0
aclnnInplaceCopy,,,18.45,18.45,0.56003125,0.56003125,0,0
aten::slice,,,5.54,9.95,0,0,0,0
aten::as_strided,,,4.41,4.41,0,0,0,0
aten::fill_,,,15.39,27.62,0,1.20003125,0,0
aclnnInplaceFillScalar,,,12.23,12.23,1.20003125,1.20003125,0,0
aten::slice,,,5.48,9.5,0,0,0,0
aten::as_strided,,,4.02,4.02,0,0,0,0
aten::slice,,,2.68,5.64,0,0,0,0
aten::as_strided,,,2.96,2.96,0,0,0,0
aten::slice,,,2.57,5.33,0,0,0,0
aten::as_strided,,,2.76,2.76,0,0,0,0
aten::copy_,,,54.38,68.02,0,0.8,0,0
aclnnInplaceCopy,,,13.64,13.64,0.8,0.8,0,0
aten::slice,,,5.94,9.78,0,0,0,0
aten::as_strided,,,3.84,3.84,0,0,0,0
aten::slice,,,2.76,5.31,0,0,0,0
aten::as_strided,,,2.55,2.55,0,0,0,0
aten::expand_as,,,2.83,11.81,0,0,0,0
aten::expand,,,5.28,8.98,0,0,0,0
aten::as_strided,,,3.7,3.7,0,0,0,0
aten::copy_,,,47.56,60.96,0,0.54,0,0
aclnnInplaceCopy,,,13.4,13.4,0.54,0.54,0,0
aten::slice,,,5.26,9.16,0,0,0,0
aten::as_strided,,,3.9,3.9,0,0,0,0
aten::slice,,,3.39,6.35,0,0,0,0
aten::as_strided,,,2.96,2.96,0,0,0,0
aten::slice,,,2.31,4.34,0,0,0,0
aten::as_strided,,,2.03,2.03,0,0,0,0
aten::slice,,,2.31,4.58,0,0,0,0
aten::as_strided,,,2.27,2.27,0,0,0,0
aten::copy_,,,48.12,61.48,0,0.68,0,0
aclnnInplaceCopy,,,13.36,13.36,0.68,0.68,0,0
aten::slice,,,5.77,9.51,0,0,0,0
aten::as_strided,,,3.74,3.74,0,0,0,0
aten::slice,,,2.45,4.76,0,0,0,0
aten::as_strided,,,2.31,2.31,0,0,0,0
aten::slice,,,2.95,7.77,0,0,0,0
aten::as_strided,,,4.82,4.82,0,0,0,0
aten::sub,,,19.97,31.07,0,1.50003125,0,0
aclnnSub,,,11.1,11.1,1.50003125,1.50003125,0,0
aten::slice,,,7.13,10.1,0,0,0,0
aten::as_strided,,,2.97,2.97,0,0,0,0
aten::slice,,,3.33,8.64,0,0,0,0
aten::as_strided,,,5.31,5.31,0,0,0,0
aten::slice,,,2.58,5.17,0,0,0,0
aten::as_strided,,,2.59,2.59,0,0,0,0
aten::slice,,,3.0,14.9,0,0,0,0
aten::as_strided,,,11.9,11.9,0,0,0,0
aten::slice,,,2.94,17.97,0,0,0,0
aten::as_strided,,,15.03,15.03,0,0,0,0
aten::fill_,,,25.31,40.86,0,1.22003125,0,0
aclnnInplaceFillScalar,,,15.55,15.55,1.22003125,1.22003125,0,0
aten::slice,,,5.01,8.64,0,0,0,0
aten::as_strided,,,3.63,3.63,0,0,0,0
aten::fill_,,,12.87,25.94,0,1.30003125,0,0
aclnnInplaceFillScalar,,,13.07,13.07,1.30003125,1.30003125,0,0
aten::slice,,,4.9,8.95,0,0,0,0
aten::as_strided,,,4.05,4.05,0,0,0,0
aten::slice,,,3.16,4.89,0,0,0,0
aten::as_strided,,,1.73,1.73,0,0,0,0
aten::slice,,,2.42,5.1,0,0,0,0
aten::as_strided,,,2.68,2.68,0,0,0,0
aten::slice,,,2.4,3.28,0,0,0,0
aten::as_strided,,,0.88,0.88,0,0,0,0
aten::slice,,,2.86,17.28,0,0,0,0
aten::as_strided,,,14.42,14.42,0,0,0,0
aten::slice,,,2.97,4.62,0,0,0,0
aten::as_strided,,,1.65,1.65,0,0,0,0
aten::slice,,,2.12,3.3,0,0,0,0
aten::as_strided,,,1.18,1.18,0,0,0,0
aten::slice,,,1.19,3.28,0,0,0,0
aten::as_strided,,,2.09,2.09,0,0,0,0
aten::diff,,,7.1,32.11,0,0,0,0
aten::narrow,,,4.47,9.08,0,0,0,0
aten::slice,,,2.38,4.61,0,0,0,0
aten::as_strided,,,2.23,2.23,0,0,0,0
aten::narrow,,,1.87,4.06,0,0,0,0
aten::slice,,,1.16,2.19,0,0,0,0
aten::as_strided,,,1.03,1.03,0,0,0,0
aten::sub,,,11.87,11.87,0,0,0,0
aten::eq,,,12.47,27.56,0,0,0,0
aten::to,,,1.43,15.09,0,0,0,0
aten::_to_copy,,,5.13,13.66,0,0,0,0
aten::empty_strided,,,2.93,2.93,0,0,0,0
aten::copy_,,,5.6,5.6,0,0,0,0
aten::__and__,,,1.78,6.15,0,0,0,0
aten::bitwise_and,,,4.37,4.37,0,0,0,0
aten::gt,,,7.6,16.18,0,0,0,0
aten::to,,,0.95,8.58,0,0,0,0
aten::_to_copy,,,2.43,7.63,0,0,0,0
aten::empty_strided,,,2.57,2.57,0,0,0,0
aten::copy_,,,2.63,2.63,0,0,0,0
aten::__and__,,,1.02,4.1,0,0,0,0
aten::bitwise_and,,,3.08,3.08,0,0,0,0
aten::any,,,9.37,11.66,0,0,0,0
aten::as_strided,,,1.41,1.41,0,0,0,0
aten::fill_,,,0.88,0.88,0,0,0,0
aten::item,,,1.71,3.29,0,0,0,0
aten::_local_scalar_dense,,,1.58,1.58,0,0,0,0
aten::slice,,,4.12,5.4,0,0,0,0
aten::as_strided,,,1.28,1.28,0,0,0,0
aten::slice,,,2.2,3.06,0,0,0,0
aten::as_strided,,,0.86,0.86,0,0,0,0
aten::sub,,,4.69,4.69,0,0,0,0
aten::select,,,2.85,4.22,0,0,0,0
aten::as_strided,,,1.37,1.37,0,0,0,0
aten::item,,,1.46,3.33,0,0,0,0
aten::_local_scalar_dense,,,1.87,1.87,0,0,0,0
aten::gt,,,13.41,26.27,0,0,0,0
aten::to,,,1.31,12.86,0,0,0,0
aten::_to_copy,,,4.06,11.55,0,0,0,0
aten::empty_strided,,,2.54,2.54,0,0,0,0
aten::copy_,,,4.95,4.95,0,0,0,0
aten::__ior__,,,2.04,6.46,0,0,0,0
aten::bitwise_or_,,,4.42,4.42,0,0,0,0
aten::any,,,9.05,11.46,0,0,0,0
aten::as_strided,,,1.6,1.6,0,0,0,0
aten::fill_,,,0.81,0.81,0,0,0,0
aten::is_nonzero,,,1.56,4.74,0,0,0,0
aten::item,,,2.42,3.18,0,0,0,0
aten::_local_scalar_dense,,,0.76,0.76,0,0,0,0
aten::select,,,5.25,12.76,0,0,0,0
aten::as_strided,,,7.51,7.51,0,0,0,0
aten::slice,,,5.13,9.21,0,0,0,0
aten::as_strided,,,4.08,4.08,0,0,0,0
aten::slice,,,2.51,4.9,0,0,0,0
aten::as_strided,,,2.39,2.39,0,0,0,0
aten::slice,,,2.15,4.46,0,0,0,0
aten::as_strided,,,2.31,2.31,0,0,0,0
aten::copy_,,,69.23,89.95,0,0.54003125,0,0
aclnnInplaceCopy,,,20.72,20.72,0.54003125,0.54003125,0,0
aten::slice,,,6.29,10.53,0,0,0,0
aten::as_strided,,,4.24,4.24,0,0,0,0
aten::fill_,,,14.77,28.31,0,1.28003125,0,0
aclnnInplaceFillScalar,,,13.54,13.54,1.28003125,1.28003125,0,0
aten::slice,,,5.37,9.37,0,0,0,0
aten::as_strided,,,4.0,4.0,0,0,0,0
aten::slice,,,2.25,5.72,0,0,0,0
aten::as_strided,,,3.47,3.47,0,0,0,0
aten::slice,,,2.43,5.12,0,0,0,0
aten::as_strided,,,2.69,2.69,0,0,0,0
aten::copy_,,,54.83,69.62,0,0.60003125,0,0
aclnnInplaceCopy,,,14.79,14.79,0.60003125,0.60003125,0,0
aten::slice,,,5.69,9.92,0,0,0,0
aten::as_strided,,,4.23,4.23,0,0,0,0
aten::slice,,,2.63,5.53,0,0,0,0
aten::as_strided,,,2.9,2.9,0,0,0,0
aten::expand_as,,,2.0,9.4,0,0,0,0
aten::expand,,,3.6,7.4,0,0,0,0
aten::as_strided,,,3.8,3.8,0,0,0,0
aten::copy_,,,48.12,64.18,0,0.52003125,0,0
aclnnInplaceCopy,,,16.06,16.06,0.52003125,0.52003125,0,0
aten::slice,,,6.15,10.94,0,0,0,0
aten::as_strided,,,4.79,4.79,0,0,0,0
aten::slice,,,3.89,7.31,0,0,0,0
aten::as_strided,,,3.42,3.42,0,0,0,0
aten::slice,,,2.31,4.38,0,0,0,0
aten::as_strided,,,2.07,2.07,0,0,0,0
aten::slice,,,2.1,4.51,0,0,0,0
aten::as_strided,,,2.41,2.41,0,0,0,0
aten::copy_,,,48.0,63.05,0,0.64003125,0,0
aclnnInplaceCopy,,,15.05,15.05,0.64003125,0.64003125,0,0
aten::slice,,,6.09,10.5,0,0,0,0
aten::as_strided,,,4.41,4.41,0,0,0,0
aten::slice,,,2.43,5.67,0,0,0,0
aten::as_strided,,,3.24,3.24,0,0,0,0
aten::slice,,,2.4,5.0,0,0,0,0
aten::as_strided,,,2.6,2.6,0,0,0,0
aten::sub,,,18.38,30.24,0,1.34003125,0,0
aclnnSub,,,11.86,11.86,1.34003125,1.34003125,0,0
aten::slice,,,8.07,11.01,0,0,0,0
aten::as_strided,,,2.94,2.94,0,0,0,0
aten::slice,,,3.0,7.8,0,0,0,0
aten::as_strided,,,4.8,4.8,0,0,0,0
aten::slice,,,2.67,5.21,0,0,0,0
aten::as_strided,,,2.54,2.54,0,0,0,0
aten::slice,,,2.53,5.19,0,0,0,0
aten::as_strided,,,2.66,2.66,0,0,0,0
aten::slice,,,2.35,4.49,0,0,0,0
aten::as_strided,,,2.14,2.14,0,0,0,0
aten::fill_,,,17.06,32.77,0,1.14,0,0
aclnnInplaceFillScalar,,,15.71,15.71,1.14,1.14,0,0
aten::slice,,,5.9,10.14,0,0,0,0
aten::as_strided,,,4.24,4.24,0,0,0,0
aten::fill_,,,12.47,23.78,0,1.06003125,0,0
aclnnInplaceFillScalar,,,11.31,11.31,1.06003125,1.06003125,0,0
aten::slice,,,5.4,24.02,0,0,0,0
aten::as_strided,,,18.62,18.62,0,0,0,0
aten::slice,,,3.02,5.36,0,0,0,0
aten::as_strided,,,2.34,2.34,0,0,0,0
aten::slice,,,2.68,6.05,0,0,0,0
aten::as_strided,,,3.37,3.37,0,0,0,0
aten::slice,,,2.69,3.82,0,0,0,0
aten::as_strided,,,1.13,1.13,0,0,0,0
aten::slice,,,2.18,3.38,0,0,0,0
aten::as_strided,,,1.2,1.2,0,0,0,0
aten::slice,,,2.58,3.67,0,0,0,0
aten::as_strided,,,1.09,1.09,0,0,0,0
aten::slice,,,2.33,3.37,0,0,0,0
aten::as_strided,,,1.04,1.04,0,0,0,0
aten::slice,,,1.5,2.43,0,0,0,0
aten::as_strided,,,0.93,0.93,0,0,0,0
aten::diff,,,6.66,31.14,0,0,0,0
aten::narrow,,,4.78,8.09,0,0,0,0
aten::slice,,,1.89,3.31,0,0,0,0
aten::as_strided,,,1.42,1.42,0,0,0,0
aten::narrow,,,2.2,4.47,0,0,0,0
aten::slice,,,1.24,2.27,0,0,0,0
aten::as_strided,,,1.03,1.03,0,0,0,0
aten::sub,,,11.92,11.92,0,0,0,0
aten::eq,,,12.65,27.21,0,0,0,0
aten::to,,,1.66,14.56,0,0,0,0
aten::_to_copy,,,4.37,12.9,0,0,0,0
aten::empty_strided,,,3.11,3.11,0,0,0,0
aten::copy_,,,5.42,5.42,0,0,0,0
aten::__and__,,,1.95,6.12,0,0,0,0
aten::bitwise_and,,,4.17,4.17,0,0,0,0
aten::gt,,,7.51,15.4,0,0,0,0
aten::to,,,0.96,7.89,0,0,0,0
aten::_to_copy,,,2.46,6.93,0,0,0,0
aten::empty_strided,,,1.93,1.93,0,0,0,0
aten::copy_,,,2.54,2.54,0,0,0,0
aten::__and__,,,1.2,4.08,0,0,0,0
aten::bitwise_and,,,2.88,2.88,0,0,0,0
aten::any,,,9.15,11.52,0,0,0,0
aten::as_strided,,,1.32,1.32,0,0,0,0
aten::fill_,,,1.05,1.05,0,0,0,0
aten::item,,,1.65,3.08,0,0,0,0
aten::_local_scalar_dense,,,1.43,1.43,0,0,0,0
aten::slice,,,4.46,5.78,0,0,0,0
aten::as_strided,,,1.32,1.32,0,0,0,0
aten::slice,,,2.31,3.11,0,0,0,0
aten::as_strided,,,0.8,0.8,0,0,0,0
aten::sub,,,4.97,4.97,0,0,0,0
aten::select,,,2.85,4.09,0,0,0,0
aten::as_strided,,,1.24,1.24,0,0,0,0
aten::item,,,1.03,2.13,0,0,0,0
aten::_local_scalar_dense,,,1.1,1.1,0,0,0,0
aten::gt,,,7.68,16.7,0,0,0,0
aten::to,,,1.09,9.02,0,0,0,0
aten::_to_copy,,,2.62,7.93,0,0,0,0
aten::empty_strided,,,2.0,2.0,0,0,0,0
aten::copy_,,,3.31,3.31,0,0,0,0
aten::__ior__,,,1.85,5.78,0,0,0,0
aten::bitwise_or_,,,3.93,3.93,0,0,0,0
aten::any,,,7.55,9.55,0,0,0,0
aten::as_strided,,,1.36,1.36,0,0,0,0
aten::fill_,,,0.64,0.64,0,0,0,0
aten::is_nonzero,,,1.43,3.55,0,0,0,0
aten::item,,,1.25,2.12,0,0,0,0
aten::_local_scalar_dense,,,0.87,0.87,0,0,0,0
aten::select,,,4.09,10.52,0,0,0,0
aten::as_strided,,,6.43,6.43,0,0,0,0
aten::slice,,,4.49,8.39,0,0,0,0
aten::as_strided,,,3.9,3.9,0,0,0,0
aten::slice,,,2.4,4.74,0,0,0,0
aten::as_strided,,,2.34,2.34,0,0,0,0
aten::slice,,,2.2,4.53,0,0,0,0
aten::as_strided,,,2.33,2.33,0,0,0,0
aten::copy_,,,69.24,90.38,0,0.56003125,0,0
aclnnInplaceCopy,,,21.14,21.14,0.56003125,0.56003125,0,0
aten::slice,,,5.68,9.7,0,0,0,0
aten::as_strided,,,4.02,4.02,0,0,0,0
aten::fill_,,,15.5,27.93,0,1.26003125,0,0
aclnnInplaceFillScalar,,,12.43,12.43,1.26003125,1.26003125,0,0
aten::slice,,,5.33,9.37,0,0,0,0
aten::as_strided,,,4.04,4.04,0,0,0,0
aten::slice,,,2.73,5.32,0,0,0,0
aten::as_strided,,,2.59,2.59,0,0,0,0
aten::slice,,,2.83,5.64,0,0,0,0
aten::as_strided,,,2.81,2.81,0,0,0,0
aten::copy_,,,52.94,66.41,0,0.64,0,0
aclnnInplaceCopy,,,13.47,13.47,0.64,0.64,0,0
aten::slice,,,5.76,9.57,0,0,0,0
aten::as_strided,,,3.81,3.81,0,0,0,0
aten::slice,,,3.13,6.09,0,0,0,0
aten::as_strided,,,2.96,2.96,0,0,0,0
aten::expand_as,,,2.21,9.13,0,0,0,0
aten::expand,,,3.7,6.92,0,0,0,0
aten::as_strided,,,3.22,3.22,0,0,0,0
aten::copy_,,,46.09,58.29,0,0.58,0,0
aclnnInplaceCopy,,,12.2,12.2,0.58,0.58,0,0
aten::slice,,,5.97,9.9,0,0,0,0
aten::as_strided,,,3.93,3.93,0,0,0,0
aten::slice,,,3.68,6.84,0,0,0,0
aten::as_strided,,,3.16,3.16,0,0,0,0
aten::slice,,,2.59,5.14,0,0,0,0
aten::as_strided,,,2.55,2.55,0,0,0,0
aten::slice,,,2.41,4.61,0,0,0,0
aten::as_strided,,,2.2,2.2,0,0,0,0
aten::copy_,,,45.19,58.87,0,0.60003125,0,0
aclnnInplaceCopy,,,13.68,13.68,0.60003125,0.60003125,0,0
aten::slice,,,5.76,9.53,0,0,0,0
aten::as_strided,,,3.77,3.77,0,0,0,0
aten::slice,,,2.78,5.69,0,0,0,0
aten::as_strided,,,2.91,2.91,0,0,0,0
aten::slice,,,2.51,4.92,0,0,0,0
aten::as_strided,,,2.41,2.41,0,0,0,0
aten::sub,,,17.38,29.27,0,1.4200625,0,0
aclnnSub,,,11.89,11.89,1.4200625,1.4200625,0,0
Event::record,,,155.41,176.31,0,0.02,0,0
record_event,,,20.9,20.9,0.02,0.02,0,0
aten::slice,,,9.52,16.98,0,0,0,0
aten::as_strided,,,7.46,7.46,0,0,0,0
aten::slice,,,3.62,6.23,0,0,0,0
aten::as_strided,,,2.61,2.61,0,0,0,0
aten::slice,,,2.35,4.3,0,0,0,0
aten::as_strided,,,1.95,1.95,0,0,0,0
aten::zero_,,,19.72,35.1,0,1.8400625,0,0
aclnnInplaceZero,,,15.38,15.38,1.8400625,1.8400625,0,0
aten::slice,,,9.06,16.19,0,0,0,0
aten::as_strided,,,7.13,7.13,0,0,0,0
aten::scalar_tensor,,,6.39,55.32,0,1.68003125,0,0
aten::empty,,,3.44,16.75,0,0,0,0
empty_tensor,,,13.31,13.31,0,0,0,0
aten::fill_,,,16.28,32.18,0,1.68003125,0,0
aclnnInplaceFillScalar,,,15.9,15.9,1.68003125,1.68003125,0,0
aten::slice,,,5.33,11.37,0,0,0,0
aten::as_strided,,,6.04,6.04,0,0,0,0
aten::view,,,4.13,4.13,0,0,0,0
aten::expand,,,2.12,4.32,0,0,0,0
aten::as_strided,,,2.2,2.2,0,0,0,0
aten::copy_,,,24.5,36.68,0,4.08009375,0,0
aclnnInplaceCopy,,,12.18,12.18,4.08009375,4.08009375,0,0
aten::scalar_tensor,,,4.23,27.27,0,1.34003125,0,0
aten::empty,,,2.38,8.4,0,0,0,0
empty_tensor,,,6.02,6.02,0,0,0,0
aten::fill_,,,11.47,14.64,0,1.34003125,0,0
aclnnInplaceFillScalar,,,3.17,3.17,1.34003125,1.34003125,0,0
aten::slice,,,4.87,9.77,0,0,0,0
aten::as_strided,,,4.9,4.9,0,0,0,0
aten::view,,,2.81,2.81,0,0,0,0
aten::expand,,,1.58,3.77,0,0,0,0
aten::as_strided,,,2.19,2.19,0,0,0,0
aten::copy_,,,55.19,68.47,0,0.58003125,0,0
aclnnInplaceCopy,,,13.28,13.28,0.58003125,0.58003125,0,0
aten::index,,,55.14,101.94,0,12.38025,0,0
empty_tensor,,,7.93,7.93,0,0,0,0
empty_tensor,,,9.29,9.29,0,0,0,0
aclnnIndex,,,29.58,29.58,12.38025,12.38025,0,0
aten::linear,,,5.82,74.69,0,911.2381875,0,911.2381875
aten::t,,,6.8,17.71,0,0,0,0
aten::transpose,,,3.86,10.91,0,0,0,0
aten::as_strided,,,7.05,7.05,0,0,0,0
aten::matmul,,,25.34,51.16,0,911.2381875,0,911.2381875
empty_tensor,,,9.6,9.6,0,0,0,0
aclnnMatmul,,,16.22,16.22,911.2381875,911.2381875,911.2381875,911.2381875
aten::alias,,,3.03,3.03,0,0,0,0
aten::log_softmax,,,8.61,120.46,0,53.3410625,0,0
aten::to,,,3.34,72.87,0,8.5601875,0,0
aten::_to_copy,,,7.73,69.53,0,8.5601875,0,0
aten::empty_strided,,,14.5,22.46,0,0,0,0
empty_tensor,,,7.96,7.96,0,0,0,0
aten::copy_,,,22.33,39.34,0,8.5601875,0,0
aclnnInplaceCopy,,,17.01,17.01,8.5601875,8.5601875,0,0
aten::_log_softmax,,,19.72,38.98,0,44.780875,0,0
empty_tensor,,,9.03,9.03,0,0,0,0
aclnnLogSoftmax,,,10.23,10.23,44.780875,44.780875,0,0
aten::to,,,1.89,44.73,0,3.0200625,0,0
aten::_to_copy,,,4.96,42.84,0,3.0200625,0,0
aten::empty_strided,,,8.18,12.37,0,0,0,0
empty_tensor,,,4.19,4.19,0,0,0,0
aten::copy_,,,14.45,25.51,0,3.0200625,0,0
aclnnInplaceCopy,,,11.06,11.06,3.0200625,3.0200625,0,0
aten::argmax,,,8.6,60.93,0,21.1004375,0,0
aten::empty,,,2.44,10.12,0,0,0,0
empty_tensor,,,7.68,7.68,0,0,0,0
aten::argmax,,,23.92,42.21,0,21.1004375,0,0
aten::reshape,,,2.19,7.04,0,0,0,0
aten::view,,,4.85,4.85,0,0,0,0
aclnnArgMax,,,11.25,11.25,21.1004375,21.1004375,0,0
aten::view,,,3.9,3.9,0,0,0,0
aten::to,,,1.43,1.43,0,0,0,0
aten::topk,,,20.46,43.84,0,41.40084375,0,0
empty_tensor,,,7.16,7.16,0,0,0,0
empty_tensor,,,4.36,4.36,0,0,0,0
aclnnTopk,,,11.86,11.86,41.40084375,41.40084375,0,0
aten::unsqueeze,,,3.42,8.33,0,0,0,0
aten::as_strided,,,4.91,4.91,0,0,0,0
aten::gather,,,22.74,40.01,0,6.960156250000001,0,0
empty_tensor,,,6.57,6.57,0,0,0,0
aclnnGather,,,10.7,10.7,6.960156250000001,6.960156250000001,0,0
TorchDynamo Cache Lookup,,,37.2,37.2,0,0,0,0
Torch-Compiled Region: 0/0,,,107.64,203.03,0,41.5208125,0,0
aten::_assert_scalar,,,3.55,3.55,0,0,0,0
aten::_assert_scalar,,,0.76,0.76,0,0,0,0
aten::_assert_scalar,,,1.33,1.33,0,0,0,0
aten::ge,,,20.21,48.0,0,13.02025,0,0
empty_tensor,,,12.18,12.18,0,0,0,0
aclnnGeTensor,,,15.61,15.61,13.02025,13.02025,0,0
aten::sum,,,22.25,41.75,0,28.5005625,0,0
empty_tensor,,,7.92,7.92,0,0,0,0
aclnnReduceSum,,,11.58,11.58,28.5005625,28.5005625,0,0
aten::cat,,,20.75,40.45,0,3.2000625,0,0
empty_tensor,,,7.98,7.98,0,0,0,0
aclnnCat,,,11.72,11.72,3.2000625,3.2000625,0,0
aten::cat,,,12.7,28.65,0,2.6400625,0,0
empty_tensor,,,5.93,5.93,0,0,0,0
aclnnCat,,,10.02,10.02,2.6400625,2.6400625,0,0
aten::to,,,1.81,47.04,0,1.36,0,0
aten::_to_copy,,,6.59,45.23,0,1.36,0,0
aten::empty_strided,,,7.75,12.09,0,0,0,0
empty_tensor,,,4.34,4.34,0,0,0,0
aten::copy_,,,15.44,26.55,0,1.36,0,0
aclnnInplaceCopy,,,11.11,11.11,1.36,1.36,0,0
aten::to,,,1.31,41.04,0,1.44003125,0,0
aten::_to_copy,,,4.43,39.73,0,1.44003125,0,0
aten::empty_strided,,,6.08,10.85,0,0,0,0
empty_tensor,,,4.77,4.77,0,0,0,0
aten::copy_,,,13.82,24.45,0,1.44003125,0,0
aclnnInplaceCopy,,,10.63,10.63,1.44003125,1.44003125,0,0
aten::unsqueeze,,,3.46,7.97,0,0,0,0
aten::as_strided,,,4.51,4.51,0,0,0,0
Event::record,,,141.63,161.78,0,0.02,0,0
record_event,,,20.15,20.15,0.02,0.02,0,0
aten::slice,,,5.57,16.34,0,0,0,0
aten::as_strided,,,10.77,10.77,0,0,0,0
Event::wait,,,73.86,96.62,0,2332.186625,0,0
wait_event,,,22.76,22.76,2332.186625,2332.186625,0,0
Event::record,,,88.99,107.93,0,0.02,0,0
record_event,,,18.94,18.94,0.02,0.02,0,0
Event::wait,,,56.48,71.96,0,1978.9995625,0,0
wait_event,,,15.48,15.48,1978.9995625,1978.9995625,0,0
destroy_event,,,8.95,8.95,0,0,0,0
aten::to,,,4.26,71.59,0,2.08003125,0,0
aten::_to_copy,,,7.23,67.33,0,2.08003125,0,0
aten::empty_strided,,,28.73,28.73,0,0,0,0
aten::copy_,,,19.44,31.37,0,2.08003125,0,0
acl_memcpy_device_to_host,,,11.93,11.93,2.08003125,2.08003125,0,0
aten::to,,,2.91,39.47,0,1.92003125,0,0
aten::_to_copy,,,4.77,36.56,0,1.92003125,0,0
aten::empty_strided,,,4.08,4.08,0,0,0,0
aten::copy_,,,16.77,27.71,0,1.92003125,0,0
acl_memcpy_device_to_host,,,10.94,10.94,1.92003125,1.92003125,0,0
aten::to,,,2.47,32.04,0,2.0800625,0,0
aten::_to_copy,,,4.06,29.57,0,2.0800625,0,0
aten::empty_strided,,,2.9,2.9,0,0,0,0
aten::copy_,,,11.54,22.61,0,2.0800625,0,0
acl_memcpy_device_to_host,,,11.07,11.07,2.0800625,2.0800625,0,0
aten::to,,,1.64,29.88,0,2.06003125,0,0
aten::_to_copy,,,4.43,28.24,0,2.06003125,0,0
aten::empty_strided,,,2.58,2.58,0,0,0,0
aten::copy_,,,11.34,21.23,0,2.06003125,0,0
acl_memcpy_device_to_host,,,9.89,9.89,2.06003125,2.06003125,0,0
Event::record,,,151.05,169.06,0,0.02,0,0
record_event,,,18.01,18.01,0.02,0.02,0,0
Event::synchronize,,,80.75,80.75,0,0,0,0
aten::resolve_conj,,,1.82,1.82,0,0,0,0
aten::resolve_neg,,,0.65,0.65,0,0,0,0
aten::to,,,3.7,3.7,0,0,0,0
aten::detach,,,4.05,4.05,0,0,0,0
aten::to,,,0.63,0.63,0,0,0,0
aten::resolve_conj,,,0.37,0.37,0,0,0,0
aten::resolve_neg,,,0.35,0.35,0,0,0,0
aten::to,,,1.2,1.2,0,0,0,0
aten::detach,,,1.61,1.61,0,0,0,0
aten::to,,,0.48,0.48,0,0,0,0
aten::resolve_conj,,,0.72,0.72,0,0,0,0
aten::resolve_neg,,,0.23,0.23,0,0,0,0
aten::to,,,1.18,1.18,0,0,0,0
aten::detach,,,0.79,0.79,0,0,0,0
aten::to,,,0.49,0.49,0,0,0,0
aten::resolve_conj,,,0.29,0.29,0,0,0,0
aten::resolve_neg,,,0.23,0.23,0,0,0,0
destroy_event,,,21.69,21.69,0,0,0,0
record_event,,,9.1,9.1,0.02003125,0.02003125,0,0
Event::synchronize,,,154.31,154.31,0,0,0,0
aten::slice,,,11.07,20.48,0,0,0,0
aten::as_strided,,,9.41,9.41,0,0,0,0
aten::slice,,,3.26,5.83,0,0,0,0
aten::as_strided,,,2.57,2.57,0,0,0,0
aten::slice,,,2.48,4.48,0,0,0,0
aten::as_strided,,,2.0,2.0,0,0,0,0
aten::slice,,,7.9,11.22,0,0,0,0
aten::as_strided,,,3.32,3.32,0,0,0,0
aten::slice,,,2.88,9.3,0,0,0,0
aten::as_strided,,,6.42,6.42,0,0,0,0
aten::pin_memory,,,111.5,136.26,0,0,0,0
aten::is_pinned,,,24.76,24.76,0,0,0,0
aten::copy_,,,22.21,38.9,0,2.26003125,0,0
acl_memcpy_host_to_device,,,16.69,16.69,2.26003125,2.26003125,0,0
aten::slice,,,6.84,9.58,0,0,0,0
aten::as_strided,,,2.74,2.74,0,0,0,0
aten::slice,,,2.89,7.31,0,0,0,0
aten::as_strided,,,4.42,4.42,0,0,0,0
aten::pin_memory,,,3.9,13.51,0,0,0,0
aten::is_pinned,,,9.61,9.61,0,0,0,0
aten::copy_,,,15.85,30.15,0,2.46003125,0,0
acl_memcpy_host_to_device,,,14.3,14.3,2.46003125,2.46003125,0,0
aten::slice,,,6.21,9.29,0,0,0,0
aten::as_strided,,,3.08,3.08,0,0,0,0
aten::slice,,,2.89,6.73,0,0,0,0
aten::as_strided,,,3.84,3.84,0,0,0,0
aten::pin_memory,,,2.89,10.51,0,0,0,0
aten::is_pinned,,,7.62,7.62,0,0,0,0
aten::copy_,,,13.48,27.55,0,2.1800625,0,0
acl_memcpy_host_to_device,,,14.07,14.07,2.1800625,2.1800625,0,0
aten::slice,,,4.36,6.37,0,0,0,0
aten::as_strided,,,2.01,2.01,0,0,0,0
aten::slice,,,2.82,6.38,0,0,0,0
aten::as_strided,,,3.56,3.56,0,0,0,0
aten::pin_memory,,,2.5,9.53,0,0,0,0
aten::is_pinned,,,7.03,7.03,0,0,0,0
aten::copy_,,,12.58,23.81,0,2.48003125,0,0
acl_memcpy_host_to_device,,,11.23,11.23,2.48003125,2.48003125,0,0
aten::slice,,,5.62,8.58,0,0,0,0
aten::as_strided,,,2.96,2.96,0,0,0,0
aten::slice,,,2.65,5.96,0,0,0,0
aten::as_strided,,,3.31,3.31,0,0,0,0
aten::pin_memory,,,3.32,9.9,0,0,0,0
aten::is_pinned,,,6.58,6.58,0,0,0,0
aten::copy_,,,12.24,25.58,0,2.2000625,0,0
acl_memcpy_host_to_device,,,13.34,13.34,2.2000625,2.2000625,0,0
aten::slice,,,10.29,13.58,0,0,0,0
aten::as_strided,,,3.29,3.29,0,0,0,0
aten::slice,,,3.79,10.38,0,0,0,0
aten::as_strided,,,6.59,6.59,0,0,0,0
aten::pin_memory,,,3.87,18.91,0,0,0,0
aten::is_pinned,,,15.04,15.04,0,0,0,0
aten::copy_,,,19.02,37.54,0,2.50003125,0,0
acl_memcpy_host_to_device,,,18.52,18.52,2.50003125,2.50003125,0,0
aten::slice,,,6.45,11.55,0,0,0,0
aten::as_strided,,,5.1,5.1,0,0,0,0
aten::lift_fresh,,,1.38,1.38,0,0,0,0
aten::lift_fresh,,,0.94,0.94,0,0,0,0
aten::flatten,,,3.6,10.44,0,0,0,0
aten::view,,,6.84,6.84,0,0,0,0
aten::slice,,,3.78,5.39,0,0,0,0
aten::as_strided,,,1.61,1.61,0,0,0,0
aten::index_select,,,7.53,7.53,0,0,0,0
aten::pin_memory,,,3.91,17.47,0,0,0,0
aten::is_pinned,,,13.56,13.56,0,0,0,0
aten::copy_,,,18.19,34.49,0,2.3600625,0,0
acl_memcpy_host_to_device,,,16.3,16.3,2.3600625,2.3600625,0,0
aten::pin_memory,,,3.56,12.2,0,0,0,0
aten::is_pinned,,,8.64,8.64,0,0,0,0
aten::copy_,,,13.79,27.09,0,2.3400625,0,0
acl_memcpy_host_to_device,,,13.3,13.3,2.3400625,2.3400625,0,0
aten::slice,,,6.61,9.06,0,0,0,0
aten::as_strided,,,2.45,2.45,0,0,0,0
aten::lift_fresh,,,0.97,0.97,0,0,0,0
aten::slice,,,3.45,4.51,0,0,0,0
aten::as_strided,,,1.06,1.06,0,0,0,0
aten::add,,,14.34,14.34,0,0,0,0
aten::slice,,,3.4,4.62,0,0,0,0
aten::as_strided,,,1.22,1.22,0,0,0,0
aten::fill_,,,5.83,5.83,0,0,0,0
aten::slice,,,3.54,9.63,0,0,0,0
aten::as_strided,,,6.09,6.09,0,0,0,0
aten::fill_,,,19.89,34.86,0,1.76003125,0,0
aclnnInplaceFillScalar,,,14.97,14.97,1.76003125,1.76003125,0,0
aten::empty,,,36.86,36.86,0,0,0,0
aten::to,,,1.72,1.72,0,0,0,0
aten::lift_fresh,,,1.27,1.27,0,0,0,0
aten::detach_,,,1.16,1.16,0,0,0,0
aten::to,,,20.81,83.49,0,2.3600625,0,0
aten::_to_copy,,,7.07,62.68,0,2.3600625,0,0
aten::empty_strided,,,12.7,20.59,0,0,0,0
empty_tensor,,,7.89,7.89,0,0,0,0
aten::copy_,,,19.44,35.02,0,2.3600625,0,0
acl_memcpy_host_to_device,,,15.58,15.58,2.3600625,2.3600625,0,0
record_event,,,12.76,12.76,0.0,0.0,0,0
aten::empty,,,5.63,5.63,0,0,0,0
aten::to,,,1.56,1.56,0,0,0,0
aten::lift_fresh,,,1.02,1.02,0,0,0,0
aten::detach_,,,0.86,0.86,0,0,0,0
aten::to,,,2.58,53.26,0,2.36003125,0,0
aten::_to_copy,,,5.1,50.68,0,2.36003125,0,0
aten::empty_strided,,,9.34,15.81,0,0,0,0
empty_tensor,,,6.47,6.47,0,0,0,0
aten::copy_,,,17.29,29.77,0,2.36003125,0,0
acl_memcpy_host_to_device,,,12.48,12.48,2.36003125,2.36003125,0,0
record_event,,,8.54,8.54,0.02,0.02,0,0
aten::select,,,4.86,9.17,0,0,0,0
aten::as_strided,,,4.31,4.31,0,0,0,0
aten::index,,,35.95,52.55,0,10.660218749999999,0,0
empty_tensor,,,4.91,4.91,0,0,0,0
empty_tensor,,,6.76,6.76,0,0,0,0
aclnnIndex,,,4.93,4.93,10.660218749999999,10.660218749999999,0,0
aten::scatter_,,,220.08,238.67,0,4.2000625,0,0
aclnnInplaceScatter,,,18.59,18.59,4.2000625,4.2000625,0,0
aten::slice,,,9.74,13.99,0,0,0,0
aten::as_strided,,,4.25,4.25,0,0,0,0
aten::detach,,,3.13,3.13,0,0,0,0
aten::to,,,1.72,1.72,0,0,0,0
aten::resolve_conj,,,0.9,0.9,0,0,0,0
aten::resolve_neg,,,0.67,0.67,0,0,0,0
aten::slice,,,5.86,7.72,0,0,0,0
aten::as_strided,,,1.86,1.86,0,0,0,0
aten::slice,,,3.0,9.94,0,0,0,0
aten::as_strided,,,6.94,6.94,0,0,0,0
aten::pin_memory,,,4.24,21.01,0,0,0,0
aten::is_pinned,,,16.77,16.77,0,0,0,0
aten::copy_,,,4.34,4.34,0,0,0,0
aten::slice,,,6.26,8.3,0,0,0,0
aten::as_strided,,,2.04,2.04,0,0,0,0
aten::slice,,,2.84,7.14,0,0,0,0
aten::as_strided,,,4.3,4.3,0,0,0,0
aten::pin_memory,,,3.23,12.25,0,0,0,0
aten::is_pinned,,,9.02,9.02,0,0,0,0
aten::copy_,,,17.62,34.36,0,2.28003125,0,0
acl_memcpy_host_to_device,,,16.74,16.74,2.28003125,2.28003125,0,0
aten::fill_,,,19.85,34.81,0,1.4600625,0,0
aclnnInplaceFillScalar,,,14.96,14.96,1.4600625,1.4600625,0,0
aten::slice,,,6.94,11.28,0,0,0,0
aten::as_strided,,,4.34,4.34,0,0,0,0
aten::slice,,,3.14,4.7,0,0,0,0
aten::as_strided,,,1.56,1.56,0,0,0,0
aten::copy_,,,17.38,28.6,0,2.14003125,0,0
acl_memcpy_host_to_device,,,11.22,11.22,2.14003125,2.14003125,0,0
aten::slice,,,7.13,10.42,0,0,0,0
aten::as_strided,,,3.29,3.29,0,0,0,0
aten::slice,,,2.75,6.87,0,0,0,0
aten::as_strided,,,4.12,4.12,0,0,0,0
aten::pin_memory,,,3.74,15.63,0,0,0,0
aten::is_pinned,,,11.89,11.89,0,0,0,0
aten::copy_,,,15.56,28.88,0,2.22003125,0,0
acl_memcpy_host_to_device,,,13.32,13.32,2.22003125,2.22003125,0,0
aten::slice,,,4.89,9.95,0,0,0,0
aten::as_strided,,,5.06,5.06,0,0,0,0
aten::slice,,,2.93,4.34,0,0,0,0
aten::as_strided,,,1.41,1.41,0,0,0,0
aten::slice,,,2.18,4.49,0,0,0,0
aten::as_strided,,,2.31,2.31,0,0,0,0
aten::pin_memory,,,2.96,11.55,0,0,0,0
aten::is_pinned,,,8.59,8.59,0,0,0,0
aten::copy_,,,13.51,27.86,0,2.34003125,0,0
acl_memcpy_host_to_device,,,14.35,14.35,2.34003125,2.34003125,0,0
aten::slice,,,5.85,7.7,0,0,0,0
aten::as_strided,,,1.85,1.85,0,0,0,0
aten::slice,,,3.28,38.98,0,0,0,0
aten::as_strided,,,35.7,35.7,0,0,0,0
aten::pin_memory,,,3.35,12.33,0,0,0,0
aten::is_pinned,,,8.98,8.98,0,0,0,0
aten::copy_,,,14.36,26.63,0,2.3600625,0,0
acl_memcpy_host_to_device,,,12.27,12.27,2.3600625,2.3600625,0,0
aten::slice,,,4.38,7.55,0,0,0,0
aten::as_strided,,,3.17,3.17,0,0,0,0
aten::index,,,32.85,60.99,0,8.880156249999999,0,0
empty_tensor,,,6.63,6.63,0,0,0,0
empty_tensor,,,8.25,8.25,0,0,0,0
aclnnIndex,,,13.26,13.26,8.880156249999999,8.880156249999999,0,0
aten::to,,,2.05,51.25,0,1.12003125,0,0
aten::_to_copy,,,6.93,49.2,0,1.12003125,0,0
aten::empty_strided,,,8.18,12.71,0,0,0,0
empty_tensor,,,4.53,4.53,0,0,0,0
aten::copy_,,,17.44,29.56,0,1.12003125,0,0
aclnnInplaceCopy,,,12.12,12.12,1.12003125,1.12003125,0,0
aten::slice,,,5.9,9.56,0,0,0,0
aten::as_strided,,,3.66,3.66,0,0,0,0
aten::add,,,19.83,38.14,0,2.9600625,0,0
empty_tensor,,,6.89,6.89,0,0,0,0
aclnnAdd,,,11.42,11.42,2.9600625,2.9600625,0,0
aten::slice,,,5.11,9.44,0,0,0,0
aten::as_strided,,,4.33,4.33,0,0,0,0
aten::copy_,,,58.38,70.86,0,0.58,0,0
aclnnInplaceCopy,,,12.48,12.48,0.58,0.58,0,0
aten::slice,,,6.5,11.81,0,0,0,0
aten::as_strided,,,5.31,5.31,0,0,0,0
aten::add,,,19.08,39.19,0,1.76003125,0,0
empty_tensor,,,8.25,8.25,0,0,0,0
aclnnAdd,,,11.86,11.86,1.76003125,1.76003125,0,0
aten::slice,,,5.87,10.01,0,0,0,0
aten::as_strided,,,4.14,4.14,0,0,0,0
aten::copy_,,,49.27,61.57,0,0.62003125,0,0
aclnnInplaceCopy,,,12.3,12.3,0.62003125,0.62003125,0,0
aten::slice,,,6.04,10.17,0,0,0,0
aten::as_strided,,,4.13,4.13,0,0,0,0
aten::fill_,,,13.75,24.26,0,1.36003125,0,0
aclnnInplaceFillScalar,,,10.51,10.51,1.36003125,1.36003125,0,0
aten::slice,,,5.65,9.22,0,0,0,0
aten::as_strided,,,3.57,3.57,0,0,0,0
aten::slice,,,2.65,5.69,0,0,0,0
aten::as_strided,,,3.04,3.04,0,0,0,0
compute_slot_mapping_fused_groups_adaptive_kernel,,,27.26,27.26,4.70009375,4.70009375,0,0
aten::slice,,,10.01,18.31,0,0,0,0
aten::as_strided,,,8.3,8.3,0,0,0,0
aten::sub,,,28.84,61.42,0,1.46003125,0,0
empty_tensor,,,11.87,11.87,0,0,0,0
aten::item,,,2.31,4.12,0,0,0,0
aten::_local_scalar_dense,,,1.81,1.81,0,0,0,0
aclnnSubs,,,16.59,16.59,1.46003125,1.46003125,0,0
aten::pin_memory,,,6.84,28.22,0,0,0,0
aten::is_pinned,,,21.38,21.38,0,0,0,0
aten::copy_,,,20.41,37.55,0,2.40003125,0,0
acl_memcpy_host_to_device,,,17.14,17.14,2.40003125,2.40003125,0,0
aten::detach,,,4.46,4.46,0,0,0,0
aten::to,,,1.9,1.9,0,0,0,0
aten::resolve_conj,,,0.74,0.74,0,0,0,0
aten::resolve_neg,,,0.51,0.51,0,0,0,0
aten::slice,,,8.0,16.84,0,0,0,0
aten::as_strided,,,8.84,8.84,0,0,0,0
aten::slice,,,2.8,5.74,0,0,0,0
aten::as_strided,,,2.94,2.94,0,0,0,0
aten::slice,,,2.66,4.98,0,0,0,0
aten::as_strided,,,2.32,2.32,0,0,0,0
aten::fill_,,,19.49,36.1,0,0,0,0
aclnnInplaceFillScalar,,,16.61,16.61,0,0,0,0
aten::slice,,,4.16,12.22,0,0,0,0
aten::as_strided,,,8.06,8.06,0,0,0,0
aten::fill_,,,12.52,23.99,0,0,0,0
aclnnInplaceFillScalar,,,11.47,11.47,0,0,0,0
aten::slice,,,3.83,6.28,0,0,0,0
aten::as_strided,,,2.45,2.45,0,0,0,0
aten::slice,,,2.27,3.0,0,0,0,0
aten::as_strided,,,0.73,0.73,0,0,0,0
aten::lt,,,15.19,15.19,0,0,0,0
aten::lift_fresh,,,1.63,1.63,0,0,0,0
aten::slice,,,1.46,2.39,0,0,0,0
aten::as_strided,,,0.93,0.93,0,0,0,0
aten::fill_,,,2.23,9.23,0,0,0,0
aten::copy_,,,7.0,7.0,0,0,0,0
aten::slice,,,3.69,5.46,0,0,0,0
aten::as_strided,,,1.77,1.77,0,0,0,0
aten::slice,,,2.68,7.24,0,0,0,0
aten::as_strided,,,4.56,4.56,0,0,0,0
aten::slice,,,2.5,4.24,0,0,0,0
aten::as_strided,,,1.74,1.74,0,0,0,0
aten::slice,,,3.22,5.45,0,0,0,0
aten::as_strided,,,2.23,2.23,0,0,0,0
aten::slice,,,2.0,2.68,0,0,0,0
aten::as_strided,,,0.68,0.68,0,0,0,0
aten::slice,,,1.99,3.37,0,0,0,0
aten::as_strided,,,1.38,1.38,0,0,0,0
aten::slice,,,2.62,5.33,0,0,0,0
aten::as_strided,,,2.71,2.71,0,0,0,0
aten::slice,,,2.28,4.3,0,0,0,0
aten::as_strided,,,2.02,2.02,0,0,0,0
aten::slice,,,2.29,4.11,0,0,0,0
aten::as_strided,,,1.82,1.82,0,0,0,0
aten::slice,,,4.94,10.94,0,0,0,0
aten::as_strided,,,6.0,6.0,0,0,0,0
aten::slice,,,2.53,6.6,0,0,0,0
aten::as_strided,,,4.07,4.07,0,0,0,0
aten::slice,,,2.98,5.29,0,0,0,0
aten::as_strided,,,2.31,2.31,0,0,0,0
aten::to,,,1.82,1.82,0,0,0,0
aten::slice,,,2.78,5.18,0,0,0,0
aten::as_strided,,,2.4,2.4,0,0,0,0
aten::slice,,,2.66,4.85,0,0,0,0
aten::as_strided,,,2.19,2.19,0,0,0,0
aten::slice,,,2.47,3.94,0,0,0,0
aten::as_strided,,,1.47,1.47,0,0,0,0
aten::slice,,,2.78,5.7,0,0,0,0
aten::as_strided,,,2.92,2.92,0,0,0,0
aten::slice,,,2.49,5.85,0,0,0,0
aten::as_strided,,,3.36,3.36,0,0,0,0
aten::alias,,,5.09,5.09,0,0,0,0
aten::div,,,39.07,60.95,0,7.060124999999999,0,0
aten::item,,,2.74,4.3,0,0,0,0
aten::_local_scalar_dense,,,1.56,1.56,0,0,0,0
aclnnDivMods,,,17.58,17.58,7.060124999999999,7.060124999999999,0,0
aten::slice,,,3.5,9.13,0,0,0,0
aten::as_strided,,,5.63,5.63,0,0,0,0
aten::slice,,,4.5,7.97,0,0,0,0
aten::as_strided,,,3.47,3.47,0,0,0,0
aten::copy_,,,66.21,82.76,0,0.58003125,0,0
aclnnInplaceCopy,,,16.55,16.55,0.58003125,0.58003125,0,0
aten::slice,,,2.98,6.94,0,0,0,0
aten::as_strided,,,3.96,3.96,0,0,0,0
aten::slice,,,4.92,8.37,0,0,0,0
aten::as_strided,,,3.45,3.45,0,0,0,0
aten::ge,,,23.14,48.43,0,4.260093749999999,0,0
empty_tensor,,,12.06,12.06,0,0,0,0
aclnnGeScalar,,,13.23,13.23,4.260093749999999,4.260093749999999,0,0
aten::add,,,20.6,34.93,0,3.02003125,0,0
empty_tensor,,,6.65,6.65,0,0,0,0
aten::item,,,2.35,3.84,0,0,0,0
aten::_local_scalar_dense,,,1.49,1.49,0,0,0,0
aclnnAdds,,,3.84,3.84,3.02003125,3.02003125,0,0
aten::remainder,,,22.81,42.74,0,3.8800624999999997,0,0
empty_tensor,,,6.79,6.79,0,0,0,0
aclnnRemainderTensorScalar,,,13.14,13.14,3.8800624999999997,3.8800624999999997,0,0
aten::eq,,,14.02,29.97,0,2.4800625,0,0
empty_tensor,,,5.81,5.81,0,0,0,0
aclnnEqScalar,,,10.14,10.14,2.4800625,2.4800625,0,0
aten::__and__,,,2.8,34.08,0,1.66,0,0
aten::bitwise_and,,,16.62,31.28,0,1.66,0,0
empty_tensor,,,5.45,5.45,0,0,0,0
aclnnBitwiseAndTensor,,,9.21,9.21,1.66,1.66,0,0
aten::clamp_min,,,14.23,30.76,0,2.8400625,0,0
empty_tensor,,,6.34,6.34,0,0,0,0
aclnnClampMin,,,10.19,10.19,2.8400625,2.8400625,0,0
aten::div,,,23.93,45.61,0,4.44009375,0,0
empty_tensor,,,6.5,6.5,0,0,0,0
aten::item,,,2.23,3.69,0,0,0,0
aten::_local_scalar_dense,,,1.46,1.46,0,0,0,0
aclnnDivMods,,,11.49,11.49,4.44009375,4.44009375,0,0
aten::remainder,,,18.45,37.13,0,4.86009375,0,0
empty_tensor,,,5.84,5.84,0,0,0,0
aclnnRemainderTensorScalar,,,12.84,12.84,4.86009375,4.86009375,0,0
aten::mul,,,18.19,37.04,0,1.62003125,0,0
empty_tensor,,,5.66,5.66,0,0,0,0
aten::item,,,1.67,2.76,0,0,0,0
aten::_local_scalar_dense,,,1.09,1.09,0,0,0,0
aclnnMuls,,,10.43,10.43,1.62003125,1.62003125,0,0
aten::div,,,24.29,48.06,0,4.2800625,0,0
empty_tensor,,,8.62,8.62,0,0,0,0
aten::item,,,1.8,3.69,0,0,0,0
aten::_local_scalar_dense,,,1.89,1.89,0,0,0,0
aclnnDivMods,,,11.46,11.46,4.2800625,4.2800625,0,0
aten::add,,,14.58,23.83,0,1.24003125,0,0
empty_tensor,,,5.71,5.71,0,0,0,0
aclnnAdd,,,3.54,3.54,1.24003125,1.24003125,0,0
aten::full_like,,,5.61,44.63,0,1.10003125,0,0
aten::empty_like,,,5.89,17.52,0,0,0,0
aten::empty_strided,,,7.42,11.63,0,0,0,0
empty_tensor,,,4.21,4.21,0,0,0,0
aten::fill_,,,9.9,21.5,0,1.10003125,0,0
aclnnInplaceFillScalar,,,11.6,11.6,1.10003125,1.10003125,0,0
aten::where,,,13.0,28.79,0,2.0200625,0,0
empty_tensor,,,6.24,6.24,0,0,0,0
aclnnSWhere,,,9.55,9.55,2.0200625,2.0200625,0,0
aten::copy_,,,15.9,25.87,0,1.20003125,0,0
aclnnInplaceCopy,,,9.97,9.97,1.20003125,1.20003125,0,0
aten::slice,,,4.03,9.37,0,0,0,0
aten::as_strided,,,5.34,5.34,0,0,0,0
aten::slice,,,6.11,9.49,0,0,0,0
aten::as_strided,,,3.38,3.38,0,0,0,0
aten::div,,,23.05,38.85,0,4.340093749999999,0,0
aten::item,,,2.11,3.43,0,0,0,0
aten::_local_scalar_dense,,,1.32,1.32,0,0,0,0
aclnnDivMods,,,12.37,12.37,4.340093749999999,4.340093749999999,0,0
aten::slice,,,2.93,7.06,0,0,0,0
aten::as_strided,,,4.13,4.13,0,0,0,0
aten::slice,,,3.87,7.06,0,0,0,0
aten::as_strided,,,3.19,3.19,0,0,0,0
aten::slice,,,2.65,6.06,0,0,0,0
aten::as_strided,,,3.41,3.41,0,0,0,0
aten::copy_,,,60.37,73.53,0,0.62003125,0,0
aclnnInplaceCopy,,,13.16,13.16,0.62003125,0.62003125,0,0
aten::slice,,,3.15,7.08,0,0,0,0
aten::as_strided,,,3.93,3.93,0,0,0,0
aten::slice,,,4.51,7.34,0,0,0,0
aten::as_strided,,,2.83,2.83,0,0,0,0
aten::copy_,,,47.27,60.49,0,0.62,0,0
aclnnInplaceCopy,,,13.22,13.22,0.62,0.62,0,0
aten::slice,,,5.49,8.21,0,0,0,0
aten::as_strided,,,2.72,2.72,0,0,0,0
aten::div,,,13.63,32.23,0,0,0,0
aten::to,,,1.98,18.6,0,0,0,0
aten::_to_copy,,,5.75,16.62,0,0,0,0
aten::empty_strided,,,3.38,3.38,0,0,0,0
aten::copy_,,,7.49,7.49,0,0,0,0
aten::slice,,,4.14,8.9,0,0,0,0
aten::as_strided,,,4.76,4.76,0,0,0,0
aten::slice,,,5.41,10.52,0,0,0,0
aten::as_strided,,,5.11,5.11,0,0,0,0
aten::slice,,,3.17,6.82,0,0,0,0
aten::as_strided,,,3.65,3.65,0,0,0,0
aten::slice,,,2.71,4.83,0,0,0,0
aten::as_strided,,,2.12,2.12,0,0,0,0
aten::fill_,,,19.52,38.18,0,0,0,0
aclnnInplaceFillScalar,,,18.66,18.66,0,0,0,0
aten::slice,,,5.59,9.59,0,0,0,0
aten::as_strided,,,4.0,4.0,0,0,0,0
aten::fill_,,,13.52,25.28,0,0,0,0
aclnnInplaceFillScalar,,,11.76,11.76,0,0,0,0
aten::slice,,,5.01,9.07,0,0,0,0
aten::as_strided,,,4.06,4.06,0,0,0,0
aten::slice,,,3.06,5.53,0,0,0,0
aten::as_strided,,,2.47,2.47,0,0,0,0
aten::slice,,,5.45,8.4,0,0,0,0
aten::as_strided,,,2.95,2.95,0,0,0,0
aten::slice,,,2.76,6.44,0,0,0,0
aten::as_strided,,,3.68,3.68,0,0,0,0
aten::slice,,,2.92,5.34,0,0,0,0
aten::as_strided,,,2.42,2.42,0,0,0,0
aten::slice,,,2.38,4.97,0,0,0,0
aten::as_strided,,,2.59,2.59,0,0,0,0
aten::slice,,,1.94,3.75,0,0,0,0
aten::as_strided,,,1.81,1.81,0,0,0,0
aten::fill_,,,15.18,27.98,0,0,0,0
aclnnInplaceFillScalar,,,12.8,12.8,0,0,0,0
aten::slice,,,4.3,7.6,0,0,0,0
aten::as_strided,,,3.3,3.3,0,0,0,0
aten::fill_,,,12.31,22.27,0,0,0,0
aclnnInplaceFillScalar,,,9.96,9.96,0,0,0,0
aten::diff,,,7.8,35.38,0,0,0,0
aten::narrow,,,6.34,10.88,0,0,0,0
aten::slice,,,2.33,4.54,0,0,0,0
aten::as_strided,,,2.21,2.21,0,0,0,0
aten::narrow,,,2.4,4.64,0,0,0,0
aten::slice,,,1.13,2.24,0,0,0,0
aten::as_strided,,,1.11,1.11,0,0,0,0
aten::sub,,,12.06,12.06,0,0,0,0
aten::eq,,,13.15,28.0,0,0,0,0
aten::to,,,1.69,14.85,0,0,0,0
aten::_to_copy,,,4.78,13.16,0,0,0,0
aten::empty_strided,,,3.02,3.02,0,0,0,0
aten::copy_,,,5.36,5.36,0,0,0,0
aten::__and__,,,2.16,6.93,0,0,0,0
aten::bitwise_and,,,4.77,4.77,0,0,0,0
aten::gt,,,7.57,16.59,0,0,0,0
aten::to,,,1.2,9.02,0,0,0,0
aten::_to_copy,,,2.69,7.82,0,0,0,0
aten::empty_strided,,,2.08,2.08,0,0,0,0
aten::copy_,,,3.05,3.05,0,0,0,0
aten::__and__,,,1.41,4.33,0,0,0,0
aten::bitwise_and,,,2.92,2.92,0,0,0,0
aten::any,,,11.25,14.29,0,0,0,0
aten::as_strided,,,1.66,1.66,0,0,0,0
aten::fill_,,,1.38,1.38,0,0,0,0
aten::item,,,1.9,3.41,0,0,0,0
aten::_local_scalar_dense,,,1.51,1.51,0,0,0,0
aten::slice,,,4.77,6.71,0,0,0,0
aten::as_strided,,,1.94,1.94,0,0,0,0
aten::slice,,,2.35,3.5,0,0,0,0
aten::as_strided,,,1.15,1.15,0,0,0,0
aten::sub,,,4.83,4.83,0,0,0,0
aten::select,,,3.59,4.76,0,0,0,0
aten::as_strided,,,1.17,1.17,0,0,0,0
aten::item,,,1.47,2.53,0,0,0,0
aten::_local_scalar_dense,,,1.06,1.06,0,0,0,0
aten::gt,,,6.82,16.88,0,0,0,0
aten::to,,,1.39,10.06,0,0,0,0
aten::_to_copy,,,2.85,8.67,0,0,0,0
aten::empty_strided,,,2.7,2.7,0,0,0,0
aten::copy_,,,3.12,3.12,0,0,0,0
aten::__ior__,,,2.09,7.33,0,0,0,0
aten::bitwise_or_,,,5.24,5.24,0,0,0,0
aten::any,,,6.71,9.06,0,0,0,0
aten::as_strided,,,1.49,1.49,0,0,0,0
aten::fill_,,,0.86,0.86,0,0,0,0
aten::is_nonzero,,,1.47,3.31,0,0,0,0
aten::item,,,1.17,1.84,0,0,0,0
aten::_local_scalar_dense,,,0.67,0.67,0,0,0,0
aten::select,,,4.99,11.96,0,0,0,0
aten::as_strided,,,6.97,6.97,0,0,0,0
aten::slice,,,4.31,9.0,0,0,0,0
aten::as_strided,,,4.69,4.69,0,0,0,0
aten::slice,,,2.36,4.92,0,0,0,0
aten::as_strided,,,2.56,2.56,0,0,0,0
aten::slice,,,2.44,4.76,0,0,0,0
aten::as_strided,,,2.32,2.32,0,0,0,0
aten::copy_,,,69.73,89.58,0,0.6,0,0
aclnnInplaceCopy,,,19.85,19.85,0.6,0.6,0,0
aten::slice,,,6.53,10.84,0,0,0,0
aten::as_strided,,,4.31,4.31,0,0,0,0
aten::fill_,,,14.72,28.13,0,0,0,0
aclnnInplaceFillScalar,,,13.41,13.41,0,0,0,0
aten::slice,,,5.67,9.66,0,0,0,0
aten::as_strided,,,3.99,3.99,0,0,0,0
aten::slice,,,3.28,7.05,0,0,0,0
aten::as_strided,,,3.77,3.77,0,0,0,0
aten::slice,,,2.48,4.81,0,0,0,0
aten::as_strided,,,2.33,2.33,0,0,0,0
aten::copy_,,,53.37,67.19,0,0.64,0,0
aclnnInplaceCopy,,,13.82,13.82,0.64,0.64,0,0
aten::slice,,,5.79,9.65,0,0,0,0
aten::as_strided,,,3.86,3.86,0,0,0,0
aten::slice,,,5.68,8.93,0,0,0,0
aten::as_strided,,,3.25,3.25,0,0,0,0
aten::slice,,,2.97,5.43,0,0,0,0
aten::as_strided,,,2.46,2.46,0,0,0,0
aten::slice,,,2.76,18.73,0,0,0,0
aten::as_strided,,,15.97,15.97,0,0,0,0
aten::slice,,,3.53,10.63,0,0,0,0
aten::as_strided,,,7.1,7.1,0,0,0,0
aten::copy_,,,55.7,73.02,0,0.68003125,0,0
aclnnInplaceCopy,,,17.32,17.32,0.68003125,0.68003125,0,0
aten::slice,,,5.52,21.38,0,0,0,0
aten::as_strided,,,15.86,15.86,0,0,0,0
aten::slice,,,3.64,7.41,0,0,0,0
aten::as_strided,,,3.77,3.77,0,0,0,0
aten::slice,,,3.52,7.06,0,0,0,0
aten::as_strided,,,3.54,3.54,0,0,0,0
aten::sub,,,22.37,83.53,0,1.68003125,0,0
aclnnSub,,,61.16,61.16,1.68003125,1.68003125,0,0
aten::slice,,,8.98,12.25,0,0,0,0
aten::as_strided,,,3.27,3.27,0,0,0,0
aten::slice,,,2.87,8.71,0,0,0,0
aten::as_strided,,,5.84,5.84,0,0,0,0
aten::slice,,,2.83,6.2,0,0,0,0
aten::as_strided,,,3.37,3.37,0,0,0,0
aten::slice,,,2.95,5.53,0,0,0,0
aten::as_strided,,,2.58,2.58,0,0,0,0
aten::slice,,,2.22,4.0,0,0,0,0
aten::as_strided,,,1.78,1.78,0,0,0,0
aten::fill_,,,18.86,33.35,0,0,0,0
aclnnInplaceFillScalar,,,14.49,14.49,0,0,0,0
aten::slice,,,3.83,7.3,0,0,0,0
aten::as_strided,,,3.47,3.47,0,0,0,0
aten::fill_,,,11.98,22.91,0,0,0,0
aclnnInplaceFillScalar,,,10.93,10.93,0,0,0,0
aten::diff,,,6.88,33.83,0,0,0,0
aten::narrow,,,5.29,9.42,0,0,0,0
aten::slice,,,2.12,4.13,0,0,0,0
aten::as_strided,,,2.01,2.01,0,0,0,0
aten::narrow,,,1.69,5.82,0,0,0,0
aten::slice,,,0.96,4.13,0,0,0,0
aten::as_strided,,,3.17,3.17,0,0,0,0
aten::sub,,,11.71,11.71,0,0,0,0
aten::eq,,,11.84,26.13,0,0,0,0
aten::to,,,1.36,14.29,0,0,0,0
aten::_to_copy,,,4.53,12.93,0,0,0,0
aten::empty_strided,,,2.92,2.92,0,0,0,0
aten::copy_,,,5.48,5.48,0,0,0,0
aten::__and__,,,1.92,6.23,0,0,0,0
aten::bitwise_and,,,4.31,4.31,0,0,0,0
aten::gt,,,7.51,15.78,0,0,0,0
aten::to,,,1.02,8.27,0,0,0,0
aten::_to_copy,,,2.31,7.25,0,0,0,0
aten::empty_strided,,,2.25,2.25,0,0,0,0
aten::copy_,,,2.69,2.69,0,0,0,0
aten::__and__,,,0.93,4.02,0,0,0,0
aten::bitwise_and,,,3.09,3.09,0,0,0,0
aten::any,,,9.48,12.18,0,0,0,0
aten::as_strided,,,1.69,1.69,0,0,0,0
aten::fill_,,,1.01,1.01,0,0,0,0
aten::item,,,1.49,2.6,0,0,0,0
aten::_local_scalar_dense,,,1.11,1.11,0,0,0,0
aten::slice,,,4.42,5.6,0,0,0,0
aten::as_strided,,,1.18,1.18,0,0,0,0
aten::slice,,,2.04,3.55,0,0,0,0
aten::as_strided,,,1.51,1.51,0,0,0,0
aten::sub,,,4.85,4.85,0,0,0,0
aten::select,,,3.04,4.42,0,0,0,0
aten::as_strided,,,1.38,1.38,0,0,0,0
aten::item,,,1.03,1.86,0,0,0,0
aten::_local_scalar_dense,,,0.83,0.83,0,0,0,0
aten::gt,,,26.61,36.62,0,0,0,0
aten::to,,,1.05,10.01,0,0,0,0
aten::_to_copy,,,3.58,8.96,0,0,0,0
aten::empty_strided,,,1.93,1.93,0,0,0,0
aten::copy_,,,3.45,3.45,0,0,0,0
aten::__ior__,,,1.78,5.72,0,0,0,0
aten::bitwise_or_,,,3.94,3.94,0,0,0,0
aten::any,,,7.7,9.81,0,0,0,0
aten::as_strided,,,1.51,1.51,0,0,0,0
aten::fill_,,,0.6,0.6,0,0,0,0
aten::is_nonzero,,,1.88,4.28,0,0,0,0
aten::item,,,1.19,2.4,0,0,0,0
aten::_local_scalar_dense,,,1.21,1.21,0,0,0,0
aten::select,,,4.67,12.17,0,0,0,0
aten::as_strided,,,7.5,7.5,0,0,0,0
aten::slice,,,4.42,8.76,0,0,0,0
aten::as_strided,,,4.34,4.34,0,0,0,0
aten::slice,,,2.58,5.32,0,0,0,0
aten::as_strided,,,2.74,2.74,0,0,0,0
aten::slice,,,2.41,4.79,0,0,0,0
aten::as_strided,,,2.38,2.38,0,0,0,0
aten::copy_,,,68.84,86.48,0,0.58,0,0
aclnnInplaceCopy,,,17.64,17.64,0.58,0.58,0,0
aten::slice,,,6.21,10.37,0,0,0,0
aten::as_strided,,,4.16,4.16,0,0,0,0
aten::fill_,,,16.01,30.29,0,0,0,0
aclnnInplaceFillScalar,,,14.28,14.28,0,0,0,0
aten::slice,,,5.86,10.32,0,0,0,0
aten::as_strided,,,4.46,4.46,0,0,0,0
aten::slice,,,2.73,5.08,0,0,0,0
aten::as_strided,,,2.35,2.35,0,0,0,0
aten::slice,,,2.31,4.58,0,0,0,0
aten::as_strided,,,2.27,2.27,0,0,0,0
aten::copy_,,,53.71,67.41,0,0.58,0,0
aclnnInplaceCopy,,,13.7,13.7,0.58,0.58,0,0
aten::slice,,,5.44,9.41,0,0,0,0
aten::as_strided,,,3.97,3.97,0,0,0,0
aten::slice,,,3.17,6.68,0,0,0,0
aten::as_strided,,,3.51,3.51,0,0,0,0
aten::slice,,,3.08,6.08,0,0,0,0
aten::as_strided,,,3.0,3.0,0,0,0,0
aten::slice,,,2.26,4.84,0,0,0,0
aten::as_strided,,,2.58,2.58,0,0,0,0
aten::slice,,,2.32,4.9,0,0,0,0
aten::as_strided,,,2.58,2.58,0,0,0,0
aten::copy_,,,50.22,63.64,0,0.64,0,0
aclnnInplaceCopy,,,13.42,13.42,0.64,0.64,0,0
aten::slice,,,5.42,9.59,0,0,0,0
aten::as_strided,,,4.17,4.17,0,0,0,0
aten::slice,,,2.6,5.11,0,0,0,0
aten::as_strided,,,2.51,2.51,0,0,0,0
aten::slice,,,2.15,4.29,0,0,0,0
aten::as_strided,,,2.14,2.14,0,0,0,0
aten::sub,,,18.22,29.96,0,1.46003125,0,0
aclnnSub,,,11.74,11.74,1.46003125,1.46003125,0,0
aten::slice,,,7.47,10.59,0,0,0,0
aten::as_strided,,,3.12,3.12,0,0,0,0
aten::slice,,,2.81,7.46,0,0,0,0
aten::as_strided,,,4.65,4.65,0,0,0,0
aten::slice,,,2.97,6.28,0,0,0,0
aten::as_strided,,,3.31,3.31,0,0,0,0
aten::slice,,,2.25,4.75,0,0,0,0
aten::as_strided,,,2.5,2.5,0,0,0,0
aten::slice,,,2.37,4.43,0,0,0,0
aten::as_strided,,,2.06,2.06,0,0,0,0
aten::fill_,,,17.29,31.4,0,0,0,0
aclnnInplaceFillScalar,,,14.11,14.11,0,0,0,0
aten::slice,,,5.18,8.73,0,0,0,0
aten::as_strided,,,3.55,3.55,0,0,0,0
aten::fill_,,,13.06,24.14,0,0,0,0
aclnnInplaceFillScalar,,,11.08,11.08,0,0,0,0
aten::diff,,,7.54,35.74,0,0,0,0
aten::narrow,,,5.83,10.71,0,0,0,0
aten::slice,,,2.62,4.88,0,0,0,0
aten::as_strided,,,2.26,2.26,0,0,0,0
aten::narrow,,,2.55,5.17,0,0,0,0
aten::slice,,,1.28,2.62,0,0,0,0
aten::as_strided,,,1.34,1.34,0,0,0,0
aten::sub,,,12.32,12.32,0,0,0,0
aten::eq,,,12.63,27.93,0,0,0,0
aten::to,,,1.75,15.3,0,0,0,0
aten::_to_copy,,,4.79,13.55,0,0,0,0
aten::empty_strided,,,3.12,3.12,0,0,0,0
aten::copy_,,,5.64,5.64,0,0,0,0
aten::__and__,,,2.17,6.42,0,0,0,0
aten::bitwise_and,,,4.25,4.25,0,0,0,0
aten::gt,,,7.81,16.48,0,0,0,0
aten::to,,,1.28,8.67,0,0,0,0
aten::_to_copy,,,2.57,7.39,0,0,0,0
aten::empty_strided,,,2.08,2.08,0,0,0,0
aten::copy_,,,2.74,2.74,0,0,0,0
aten::__and__,,,1.4,4.37,0,0,0,0
aten::bitwise_and,,,2.97,2.97,0,0,0,0
aten::any,,,8.49,10.82,0,0,0,0
aten::as_strided,,,1.33,1.33,0,0,0,0
aten::fill_,,,1.0,1.0,0,0,0,0
aten::item,,,1.69,3.03,0,0,0,0
aten::_local_scalar_dense,,,1.34,1.34,0,0,0,0
aten::slice,,,4.61,6.19,0,0,0,0
aten::as_strided,,,1.58,1.58,0,0,0,0
aten::slice,,,2.54,3.59,0,0,0,0
aten::as_strided,,,1.05,1.05,0,0,0,0
aten::sub,,,4.62,4.62,0,0,0,0
aten::select,,,3.19,4.47,0,0,0,0
aten::as_strided,,,1.28,1.28,0,0,0,0
aten::item,,,1.16,2.01,0,0,0,0
aten::_local_scalar_dense,,,0.85,0.85,0,0,0,0
aten::gt,,,6.77,15.32,0,0,0,0
aten::to,,,1.21,8.55,0,0,0,0
aten::_to_copy,,,2.68,7.34,0,0,0,0
aten::empty_strided,,,1.8,1.8,0,0,0,0
aten::copy_,,,2.86,2.86,0,0,0,0
aten::__ior__,,,1.99,5.87,0,0,0,0
aten::bitwise_or_,,,3.88,3.88,0,0,0,0
aten::any,,,7.28,9.62,0,0,0,0
aten::as_strided,,,1.46,1.46,0,0,0,0
aten::fill_,,,0.88,0.88,0,0,0,0
aten::is_nonzero,,,1.42,3.78,0,0,0,0
aten::item,,,1.4,2.36,0,0,0,0
aten::_local_scalar_dense,,,0.96,0.96,0,0,0,0
aten::select,,,4.45,11.69,0,0,0,0
aten::as_strided,,,7.24,7.24,0,0,0,0
aten::slice,,,4.8,8.86,0,0,0,0
aten::as_strided,,,4.06,4.06,0,0,0,0
aten::slice,,,2.12,4.73,0,0,0,0
aten::as_strided,,,2.61,2.61,0,0,0,0
aten::slice,,,2.34,4.7,0,0,0,0
aten::as_strided,,,2.36,2.36,0,0,0,0
aten::copy_,,,67.18,85.87,0,0.62,0,0
aclnnInplaceCopy,,,18.69,18.69,0.62,0.62,0,0
aten::slice,,,6.27,10.63,0,0,0,0
aten::as_strided,,,4.36,4.36,0,0,0,0
aten::fill_,,,14.24,26.31,0,0,0,0
aclnnInplaceFillScalar,,,12.07,12.07,0,0,0,0
aten::slice,,,5.8,9.85,0,0,0,0
aten::as_strided,,,4.05,4.05,0,0,0,0
aten::slice,,,2.92,5.33,0,0,0,0
aten::as_strided,,,2.41,2.41,0,0,0,0
aten::slice,,,2.62,5.35,0,0,0,0
aten::as_strided,,,2.73,2.73,0,0,0,0
aten::copy_,,,54.1,68.4,0,0.64003125,0,0
aclnnInplaceCopy,,,14.3,14.3,0.64003125,0.64003125,0,0
aten::slice,,,5.91,9.7,0,0,0,0
aten::as_strided,,,3.79,3.79,0,0,0,0
aten::slice,,,3.81,7.52,0,0,0,0
aten::as_strided,,,3.71,3.71,0,0,0,0
aten::slice,,,20.43,24.22,0,0,0,0
aten::as_strided,,,3.79,3.79,0,0,0,0
aten::slice,,,3.28,6.6,0,0,0,0
aten::as_strided,,,3.32,3.32,0,0,0,0
aten::slice,,,2.6,5.1,0,0,0,0
aten::as_strided,,,2.5,2.5,0,0,0,0
aten::copy_,,,55.32,70.11,0,0.68003125,0,0
aclnnInplaceCopy,,,14.79,14.79,0.68003125,0.68003125,0,0
aten::slice,,,5.57,10.0,0,0,0,0
aten::as_strided,,,4.43,4.43,0,0,0,0
aten::slice,,,2.63,5.47,0,0,0,0
aten::as_strided,,,2.84,2.84,0,0,0,0
aten::slice,,,2.47,4.96,0,0,0,0
aten::as_strided,,,2.49,2.49,0,0,0,0
aten::sub,,,17.76,29.42,0,1.30003125,0,0
aclnnSub,,,11.66,11.66,1.30003125,1.30003125,0,0
Event::record,,,152.85,174.0,0,0.02,0,0
record_event,,,21.15,21.15,0.02,0.02,0,0
aten::slice,,,8.45,16.15,0,0,0,0
aten::as_strided,,,7.7,7.7,0,0,0,0
aten::slice,,,3.65,6.75,0,0,0,0
aten::as_strided,,,3.1,3.1,0,0,0,0
aten::slice,,,6.4,13.88,0,0,0,0
aten::as_strided,,,7.48,7.48,0,0,0,0
aten::scalar_tensor,,,6.99,59.95,0,1.38,0,0
aten::empty,,,3.66,16.96,0,0,0,0
empty_tensor,,,13.3,13.3,0,0,0,0
aten::fill_,,,18.06,36.0,0,1.38,0,0
aclnnInplaceFillScalar,,,17.94,17.94,1.38,1.38,0,0
aten::view,,,4.77,4.77,0,0,0,0
aten::expand,,,3.62,6.36,0,0,0,0
aten::as_strided,,,2.74,2.74,0,0,0,0
aten::copy_,,,22.92,34.72,0,4.1000625,0,0
aclnnInplaceCopy,,,11.8,11.8,4.1000625,4.1000625,0,0
aten::scalar_tensor,,,4.14,29.44,0,1.26003125,0,0
aten::empty,,,2.53,8.5,0,0,0,0
empty_tensor,,,5.97,5.97,0,0,0,0
aten::fill_,,,10.35,16.8,0,1.26003125,0,0
aclnnInplaceFillScalar,,,6.45,6.45,1.26003125,1.26003125,0,0
aten::slice,,,5.84,10.74,0,0,0,0
aten::as_strided,,,4.9,4.9,0,0,0,0
aten::view,,,2.51,2.51,0,0,0,0
aten::expand,,,1.7,3.38,0,0,0,0
aten::as_strided,,,1.68,1.68,0,0,0,0
aten::copy_,,,1.9,1.9,0,0,0,0
aten::index,,,41.17,78.66,0,11.74021875,0,0
empty_tensor,,,8.88,8.88,0,0,0,0
empty_tensor,,,9.84,9.84,0,0,0,0
aclnnIndex,,,18.77,18.77,11.74021875,11.74021875,0,0
aten::linear,,,6.39,76.56,0,903.6180625,0,903.6180625
aten::t,,,6.52,18.06,0,0,0,0
aten::transpose,,,4.43,11.54,0,0,0,0
aten::as_strided,,,7.11,7.11,0,0,0,0
aten::matmul,,,25.65,52.11,0,903.6180625,0,903.6180625
empty_tensor,,,9.56,9.56,0,0,0,0
aclnnMatmul,,,16.9,16.9,903.6180625,903.6180625,903.6180625,903.6180625
aten::alias,,,3.16,3.16,0,0,0,0
aten::log_softmax,,,9.79,114.25,0,52.261062499999994,0,0
aten::to,,,3.24,70.61,0,8.14015625,0,0
aten::_to_copy,,,8.0,67.37,0,8.14015625,0,0
aten::empty_strided,,,13.22,20.4,0,0,0,0
empty_tensor,,,7.18,7.18,0,0,0,0
aten::copy_,,,21.49,38.97,0,8.14015625,0,0
aclnnInplaceCopy,,,17.48,17.48,8.14015625,8.14015625,0,0
aten::_log_softmax,,,21.24,33.85,0,44.12090625,0,0
empty_tensor,,,8.82,8.82,0,0,0,0
aclnnLogSoftmax,,,3.79,3.79,44.12090625,44.12090625,0,0
aten::to,,,2.49,49.35,0,3.1000625,0,0
aten::_to_copy,,,5.26,46.86,0,3.1000625,0,0
aten::empty_strided,,,7.82,12.47,0,0,0,0
empty_tensor,,,4.65,4.65,0,0,0,0
aten::copy_,,,15.05,29.13,0,3.1000625,0,0
aclnnInplaceCopy,,,14.08,14.08,3.1000625,3.1000625,0,0
aten::argmax,,,8.54,67.44,0,21.06040625,0,0
aten::empty,,,2.77,11.16,0,0,0,0
empty_tensor,,,8.39,8.39,0,0,0,0
aten::argmax,,,26.46,47.74,0,21.06040625,0,0
aten::reshape,,,2.27,7.62,0,0,0,0
aten::view,,,5.35,5.35,0,0,0,0
aclnnArgMax,,,13.66,13.66,21.06040625,21.06040625,0,0
aten::view,,,4.1,4.1,0,0,0,0
aten::to,,,2.06,2.06,0,0,0,0
aten::topk,,,24.03,48.0,0,33.70065625,0,0
empty_tensor,,,7.4,7.4,0,0,0,0
empty_tensor,,,5.29,5.29,0,0,0,0
aclnnTopk,,,11.28,11.28,33.70065625,33.70065625,0,0
aten::unsqueeze,,,4.26,9.43,0,0,0,0
aten::as_strided,,,5.17,5.17,0,0,0,0
aten::gather,,,19.03,28.42,0,5.50009375,0,0
empty_tensor,,,5.8,5.8,0,0,0,0
aclnnGather,,,3.59,3.59,5.50009375,5.50009375,0,0
TorchDynamo Cache Lookup,,,38.05,38.05,0,0,0,0
Torch-Compiled Region: 0/0,,,129.41,243.16,0,37.06071875,0,0
aten::_assert_scalar,,,3.29,3.29,0,0,0,0
aten::_assert_scalar,,,1.04,1.04,0,0,0,0
aten::_assert_scalar,,,1.11,1.11,0,0,0,0
aten::ge,,,20.77,51.01,0,11.66025,0,0
empty_tensor,,,13.12,13.12,0,0,0,0
aclnnGeTensor,,,17.12,17.12,11.66025,11.66025,0,0
aten::sum,,,35.74,57.3,0,25.400468749999998,0,0
empty_tensor,,,8.19,8.19,0,0,0,0
aclnnReduceSum,,,13.37,13.37,25.400468749999998,25.400468749999998,0,0
aten::cat,,,21.11,40.79,0,3.3200625,0,0
empty_tensor,,,8.48,8.48,0,0,0,0
aclnnCat,,,11.2,11.2,3.3200625,3.3200625,0,0
aten::cat,,,13.1,30.65,0,2.5000625,0,0
empty_tensor,,,7.96,7.96,0,0,0,0
aclnnCat,,,9.59,9.59,2.5000625,2.5000625,0,0
aten::to,,,2.06,48.36,0,1.32003125,0,0
aten::_to_copy,,,6.19,46.3,0,1.32003125,0,0
aten::empty_strided,,,7.88,11.85,0,0,0,0
empty_tensor,,,3.97,3.97,0,0,0,0
aten::copy_,,,18.33,28.26,0,1.32003125,0,0
aclnnInplaceCopy,,,9.93,9.93,1.32003125,1.32003125,0,0
aten::to,,,2.6,41.88,0,1.34003125,0,0
aten::_to_copy,,,4.56,39.28,0,1.34003125,0,0
aten::empty_strided,,,6.51,10.39,0,0,0,0
empty_tensor,,,3.88,3.88,0,0,0,0
aten::copy_,,,12.94,24.33,0,1.34003125,0,0
aclnnInplaceCopy,,,11.39,11.39,1.34003125,1.34003125,0,0
aten::unsqueeze,,,3.71,8.25,0,0,0,0
aten::as_strided,,,4.54,4.54,0,0,0,0
Event::record,,,146.08,167.4,0,0.02,0,0
record_event,,,21.32,21.32,0.02,0.02,0,0
aten::slice,,,5.73,14.81,0,0,0,0
aten::as_strided,,,9.08,9.08,0,0,0,0
Event::wait,,,71.56,93.57,0,2254.9850625,0,0
wait_event,,,22.01,22.01,2254.9850625,2254.9850625,0,0
Event::record,,,106.64,129.37,0,0.02,0,0
record_event,,,22.73,22.73,0.02,0.02,0,0
Event::wait,,,62.49,79.68,0,1815.63625,0,0
wait_event,,,17.19,17.19,1815.63625,1815.63625,0,0
destroy_event,,,11.46,11.46,0,0,0,0
aten::to,,,3.61,67.82,0,2.0400625,0,0
aten::_to_copy,,,7.1,64.21,0,2.0400625,0,0
aten::empty_strided,,,24.83,24.83,0,0,0,0
aten::copy_,,,20.68,32.28,0,2.0400625,0,0
acl_memcpy_device_to_host,,,11.6,11.6,2.0400625,2.0400625,0,0
aten::to,,,3.16,37.59,0,2.06003125,0,0
aten::_to_copy,,,4.88,34.43,0,2.06003125,0,0
aten::empty_strided,,,4.37,4.37,0,0,0,0
aten::copy_,,,14.81,25.18,0,2.06003125,0,0
acl_memcpy_device_to_host,,,10.37,10.37,2.06003125,2.06003125,0,0
aten::to,,,2.21,32.86,0,1.90003125,0,0
aten::_to_copy,,,4.06,30.65,0,1.90003125,0,0
aten::empty_strided,,,3.48,3.48,0,0,0,0
aten::copy_,,,12.7,23.11,0,1.90003125,0,0
acl_memcpy_device_to_host,,,10.41,10.41,1.90003125,1.90003125,0,0
aten::to,,,1.56,29.25,0,2.0800625,0,0
aten::_to_copy,,,3.6,27.69,0,2.0800625,0,0
aten::empty_strided,,,2.63,2.63,0,0,0,0
aten::copy_,,,10.82,21.46,0,2.0800625,0,0
acl_memcpy_device_to_host,,,10.64,10.64,2.0800625,2.0800625,0,0
Event::record,,,185.74,204.89,0,0.02,0,0
record_event,,,19.15,19.15,0.02,0.02,0,0
Event::synchronize,,,81.84,81.84,0,0,0,0
aten::resolve_conj,,,1.7,1.7,0,0,0,0
aten::resolve_neg,,,0.62,0.62,0,0,0,0
aten::to,,,2.93,2.93,0,0,0,0
aten::detach,,,3.83,3.83,0,0,0,0
aten::to,,,0.7,0.7,0,0,0,0
aten::resolve_conj,,,0.41,0.41,0,0,0,0
aten::resolve_neg,,,0.31,0.31,0,0,0,0
aten::to,,,1.79,1.79,0,0,0,0
aten::detach,,,1.74,1.74,0,0,0,0
aten::to,,,0.47,0.47,0,0,0,0
aten::resolve_conj,,,0.31,0.31,0,0,0,0
aten::resolve_neg,,,0.25,0.25,0,0,0,0
aten::to,,,1.26,1.26,0,0,0,0
aten::detach,,,0.94,0.94,0,0,0,0
aten::to,,,0.47,0.47,0,0,0,0
aten::resolve_conj,,,0.83,0.83,0,0,0,0
aten::resolve_neg,,,0.29,0.29,0,0,0,0
destroy_event,,,28.21,28.21,0,0,0,0
record_event,,,9.59,9.59,0.02,0.02,0,0
Event::synchronize,,,132.85,132.85,0,0,0,0
aten::slice,,,10.54,18.51,0,0,0,0
aten::as_strided,,,7.97,7.97,0,0,0,0
aten::slice,,,3.01,6.6,0,0,0,0
aten::as_strided,,,3.59,3.59,0,0,0,0
aten::slice,,,2.4,4.43,0,0,0,0
aten::as_strided,,,2.03,2.03,0,0,0,0
Event::record,,,282.45,306.48,0,0.02,0,0
record_event,,,24.03,24.03,0.02,0.02,0,0
Event::synchronize,,,131.41,131.41,0,0,0,0
aten::resolve_conj,,,1.79,1.79,0,0,0,0
aten::resolve_neg,,,0.67,0.67,0,0,0,0
aten::to,,,3.99,3.99,0,0,0,0
aten::detach,,,3.29,3.29,0,0,0,0
aten::to,,,0.68,0.68,0,0,0,0
aten::resolve_conj,,,0.63,0.63,0,0,0,0
aten::resolve_neg,,,0.38,0.38,0,0,0,0
aten::to,,,1.28,1.28,0,0,0,0
aten::detach,,,2.13,2.13,0,0,0,0
aten::to,,,0.48,0.48,0,0,0,0
aten::resolve_conj,,,0.65,0.65,0,0,0,0
aten::resolve_neg,,,0.28,0.28,0,0,0,0
aten::to,,,1.0,1.0,0,0,0,0
aten::detach,,,0.94,0.94,0,0,0,0
aten::to,,,0.45,0.45,0,0,0,0
aten::resolve_conj,,,0.34,0.34,0,0,0,0
aten::resolve_neg,,,0.28,0.28,0,0,0,0
destroy_event,,,22.61,22.61,0,0,0,0
record_event,,,9.62,9.62,0.02,0.02,0,0
Event::synchronize,,,132.62,132.62,0,0,0,0
Event::record,,,184.22,210.91,0,0.02,0,0
record_event,,,26.69,26.69,0.02,0.02,0,0
